[{"date": "2012-09-01", "country_from": "CG", "country_to": "AU", "value": "0", "unit": "kg"}, {"date": "2012-10-01", "country_from": "CG", "country_to": "AU", "value": "0", "unit": "kg"}, {"date": "2012-11-01", "country_from": "CG", "country_to": "AU", "value": "0", "unit": "kg"}, {"date": "2012-12-01", "country_from": "CG", "country_to": "AU", "value": "0", "unit": "kg"}, {"date": "2013-01-01", "country_from": "CG", "country_to": "AU", "value": "0", "unit": "kg"}, {"date": "2013-02-01", "country_from": "CG", "country_to": "AU", "value": "0", "unit": "kg"}, {"date": "2013-03-01", "country_from": "CG", "country_to": "AU", "value": "0", "unit": "kg"}, {"date": "2013-04-01", "country_from": "CG", "country_to": "AU", "value": "0", "unit": "kg"}, {"date": "2013-05-01", "country_from": "CG", "country_to": "AU", "value": "0", "unit": "kg"}, {"date": "2013-06-01", "country_from": "CG", "country_to": "AU", "value": "0", "unit": "kg"}, {"date": "2013-07-01", "country_from": "CG", "country_to": "AU", "value": "0", "unit": "kg"}, {"date": "2013-08-01", "country_from": "CG", "country_to": "AU", "value": "0", "unit": "kg"}, {"date": "2013-09-01", "country_from": "CG", "country_to": "AU", "value": "0", "unit": "kg"}, {"date": "2013-10-01", "country_from": "CG", "country_to": "AU", "value": "0", "unit": "kg"}, {"date": "2013-11-01", "country_from": "CG", "country_to": "AU", "value": "0", "unit": "kg"}, {"date": "2013-12-01", "country_from": "CG", "country_to": "AU", "value": "0", "unit": "kg"}, {"date": "2014-01-01", "country_from": "CG", "country_to": "AU", "value": "7250", "unit": "kg"}, {"date": "2014-02-01", "country_from": "CG", "country_to": "AU", "value": "23191", "unit": "kg"}]