[{"date": "2018-10-01", "country_from": "LU", "country_to": "BE", "value": "149", "unit": "kg"}, {"date": "2018-11-01", "country_from": "LU", "country_to": "BE", "value": "8", "unit": "kg"}, {"date": "2018-12-01", "country_from": "LU", "country_to": "BE", "value": "47", "unit": "kg"}, {"date": "2019-01-01", "country_from": "LU", "country_to": "BE", "value": "138", "unit": "kg"}, {"date": "2019-02-01", "country_from": "LU", "country_to": "BE", "value": "195", "unit": "kg"}, {"date": "2019-03-01", "country_from": "LU", "country_to": "BE", "value": "142", "unit": "kg"}, {"date": "2019-04-01", "country_from": "LU", "country_to": "BE", "value": "77", "unit": "kg"}, {"date": "2019-05-01", "country_from": "LU", "country_to": "BE", "value": "96", "unit": "kg"}, {"date": "2019-06-01", "country_from": "LU", "country_to": "BE", "value": "185", "unit": "kg"}, {"date": "2019-07-01", "country_from": "LU", "country_to": "BE", "value": "124", "unit": "kg"}, {"date": "2019-08-01", "country_from": "LU", "country_to": "BE", "value": "138", "unit": "kg"}, {"date": "2019-09-01", "country_from": "LU", "country_to": "BE", "value": "55", "unit": "kg"}, {"date": "2019-10-01", "country_from": "LU", "country_to": "BE", "value": "47", "unit": "kg"}, {"date": "2019-11-01", "country_from": "LU", "country_to": "BE", "value": "47", "unit": "kg"}, {"date": "2019-12-01", "country_from": "LU", "country_to": "BE", "value": "63", "unit": "kg"}, {"date": "2020-01-01", "country_from": "LU", "country_to": "BE", "value": "47", "unit": "kg"}, {"date": "2020-02-01", "country_from": "LU", "country_to": "BE", "value": "63", "unit": "kg"}, {"date": "2020-03-01", "country_from": "LU", "country_to": "BE", "value": "56", "unit": "kg"}, {"date": "2018-10-01", "country_from": "LU", "country_to": "FR", "value": "3", "unit": "kg"}, {"date": "2018-11-01", "country_from": "LU", "country_to": "FR", "value": "0", "unit": "kg"}, {"date": "2018-12-01", "country_from": "LU", "country_to": "FR", "value": "6", "unit": "kg"}, {"date": "2019-01-01", "country_from": "LU", "country_to": "FR", "value": "0", "unit": "kg"}, {"date": "2019-02-01", "country_from": "LU", "country_to": "FR", "value": "0", "unit": "kg"}, {"date": "2019-03-01", "country_from": "LU", "country_to": "FR", "value": "1", "unit": "kg"}, {"date": "2019-04-01", "country_from": "LU", "country_to": "FR", "value": "6", "unit": "kg"}, {"date": "2019-05-01", "country_from": "LU", "country_to": "FR", "value": "0", "unit": "kg"}, {"date": "2019-06-01", "country_from": "LU", "country_to": "FR", "value": "1", "unit": "kg"}, {"date": "2019-07-01", "country_from": "LU", "country_to": "FR", "value": "8", "unit": "kg"}, {"date": "2019-08-01", "country_from": "LU", "country_to": "FR", "value": "12", "unit": "kg"}, {"date": "2019-09-01", "country_from": "LU", "country_to": "FR", "value": "4", "unit": "kg"}, {"date": "2019-10-01", "country_from": "LU", "country_to": "FR", "value": "1", "unit": "kg"}, {"date": "2019-11-01", "country_from": "LU", "country_to": "FR", "value": "1", "unit": "kg"}, {"date": "2019-12-01", "country_from": "LU", "country_to": "FR", "value": "1", "unit": "kg"}, {"date": "2020-01-01", "country_from": "LU", "country_to": "FR", "value": "6", "unit": "kg"}, {"date": "2020-02-01", "country_from": "LU", "country_to": "FR", "value": "1", "unit": "kg"}, {"date": "2020-03-01", "country_from": "LU", "country_to": "FR", "value": "0", "unit": "kg"}, {"date": "2018-10-01", "country_from": "LU", "country_to": "DE", "value": "8", "unit": "kg"}, {"date": "2018-11-01", "country_from": "LU", "country_to": "DE", "value": "0", "unit": "kg"}, {"date": "2018-12-01", "country_from": "LU", "country_to": "DE", "value": "0", "unit": "kg"}, {"date": "2019-01-01", "country_from": "LU", "country_to": "DE", "value": "2", "unit": "kg"}, {"date": "2019-02-01", "country_from": "LU", "country_to": "DE", "value": "3", "unit": "kg"}, {"date": "2019-03-01", "country_from": "LU", "country_to": "DE", "value": "1", "unit": "kg"}, {"date": "2019-04-01", "country_from": "LU", "country_to": "DE", "value": "5", "unit": "kg"}, {"date": "2019-05-01", "country_from": "LU", "country_to": "DE", "value": "3", "unit": "kg"}, {"date": "2019-06-01", "country_from": "LU", "country_to": "DE", "value": "5", "unit": "kg"}, {"date": "2019-07-01", "country_from": "LU", "country_to": "DE", "value": "8", "unit": "kg"}, {"date": "2019-08-01", "country_from": "LU", "country_to": "DE", "value": "7", "unit": "kg"}, {"date": "2019-09-01", "country_from": "LU", "country_to": "DE", "value": "6", "unit": "kg"}, {"date": "2019-10-01", "country_from": "LU", "country_to": "DE", "value": "6", "unit": "kg"}, {"date": "2019-11-01", "country_from": "LU", "country_to": "DE", "value": "6", "unit": "kg"}, {"date": "2019-12-01", "country_from": "LU", "country_to": "DE", "value": "6", "unit": "kg"}, {"date": "2020-01-01", "country_from": "LU", "country_to": "DE", "value": "22", "unit": "kg"}, {"date": "2020-02-01", "country_from": "LU", "country_to": "DE", "value": "0", "unit": "kg"}, {"date": "2020-03-01", "country_from": "LU", "country_to": "DE", "value": "2", "unit": "kg"}]