[{"date": "2016-05-01", "country_from": "KW", "country_to": "TR", "value": "23879", "unit": "kg"}, {"date": "2016-06-01", "country_from": "KW", "country_to": "TR", "value": "9040", "unit": "kg"}, {"date": "2016-07-01", "country_from": "KW", "country_to": "TR", "value": "47600", "unit": "kg"}, {"date": "2016-08-01", "country_from": "KW", "country_to": "TR", "value": "15200", "unit": "kg"}, {"date": "2016-09-01", "country_from": "KW", "country_to": "TR", "value": "43800", "unit": "kg"}, {"date": "2016-10-01", "country_from": "KW", "country_to": "TR", "value": "25600", "unit": "kg"}, {"date": "2016-11-01", "country_from": "KW", "country_to": "TR", "value": "8000", "unit": "kg"}, {"date": "2016-12-01", "country_from": "KW", "country_to": "TR", "value": "7800", "unit": "kg"}, {"date": "2017-01-01", "country_from": "KW", "country_to": "TR", "value": "0", "unit": "kg"}, {"date": "2017-02-01", "country_from": "KW", "country_to": "TR", "value": "3200", "unit": "kg"}, {"date": "2017-03-01", "country_from": "KW", "country_to": "TR", "value": "0", "unit": "kg"}, {"date": "2017-04-01", "country_from": "KW", "country_to": "TR", "value": "16633", "unit": "kg"}, {"date": "2017-05-01", "country_from": "KW", "country_to": "TR", "value": "0", "unit": "kg"}, {"date": "2017-06-01", "country_from": "KW", "country_to": "TR", "value": "0", "unit": "kg"}, {"date": "2017-07-01", "country_from": "KW", "country_to": "TR", "value": "859", "unit": "kg"}, {"date": "2017-08-01", "country_from": "KW", "country_to": "TR", "value": "0", "unit": "kg"}, {"date": "2017-09-01", "country_from": "KW", "country_to": "TR", "value": "3346", "unit": "kg"}, {"date": "2017-10-01", "country_from": "KW", "country_to": "TR", "value": "0", "unit": "kg"}, {"date": "2016-05-01", "country_from": "KW", "country_to": "EG", "value": "14000", "unit": "kg"}, {"date": "2016-06-01", "country_from": "KW", "country_to": "EG", "value": "5200", "unit": "kg"}, {"date": "2016-07-01", "country_from": "KW", "country_to": "EG", "value": "0", "unit": "kg"}, {"date": "2016-08-01", "country_from": "KW", "country_to": "EG", "value": "0", "unit": "kg"}, {"date": "2016-09-01", "country_from": "KW", "country_to": "EG", "value": "0", "unit": "kg"}, {"date": "2016-10-01", "country_from": "KW", "country_to": "EG", "value": "6000", "unit": "kg"}, {"date": "2016-11-01", "country_from": "KW", "country_to": "EG", "value": "0", "unit": "kg"}, {"date": "2016-12-01", "country_from": "KW", "country_to": "EG", "value": "0", "unit": "kg"}, {"date": "2017-01-01", "country_from": "KW", "country_to": "EG", "value": "0", "unit": "kg"}, {"date": "2017-02-01", "country_from": "KW", "country_to": "EG", "value": "0", "unit": "kg"}, {"date": "2017-03-01", "country_from": "KW", "country_to": "EG", "value": "0", "unit": "kg"}, {"date": "2017-04-01", "country_from": "KW", "country_to": "EG", "value": "3753", "unit": "kg"}, {"date": "2017-05-01", "country_from": "KW", "country_to": "EG", "value": "24000", "unit": "kg"}, {"date": "2017-06-01", "country_from": "KW", "country_to": "EG", "value": "0", "unit": "kg"}, {"date": "2017-07-01", "country_from": "KW", "country_to": "EG", "value": "0", "unit": "kg"}, {"date": "2017-08-01", "country_from": "KW", "country_to": "EG", "value": "0", "unit": "kg"}, {"date": "2017-09-01", "country_from": "KW", "country_to": "EG", "value": "0", "unit": "kg"}, {"date": "2017-10-01", "country_from": "KW", "country_to": "EG", "value": "0", "unit": "kg"}, {"date": "2016-05-01", "country_from": "KW", "country_to": "YE", "value": "0", "unit": "kg"}, {"date": "2016-06-01", "country_from": "KW", "country_to": "YE", "value": "0", "unit": "kg"}, {"date": "2016-07-01", "country_from": "KW", "country_to": "YE", "value": "0", "unit": "kg"}, {"date": "2016-08-01", "country_from": "KW", "country_to": "YE", "value": "0", "unit": "kg"}, {"date": "2016-09-01", "country_from": "KW", "country_to": "YE", "value": "0", "unit": "kg"}, {"date": "2016-10-01", "country_from": "KW", "country_to": "YE", "value": "0", "unit": "kg"}, {"date": "2016-11-01", "country_from": "KW", "country_to": "YE", "value": "0", "unit": "kg"}, {"date": "2016-12-01", "country_from": "KW", "country_to": "YE", "value": "0", "unit": "kg"}, {"date": "2017-01-01", "country_from": "KW", "country_to": "YE", "value": "0", "unit": "kg"}, {"date": "2017-02-01", "country_from": "KW", "country_to": "YE", "value": "0", "unit": "kg"}, {"date": "2017-03-01", "country_from": "KW", "country_to": "YE", "value": "0", "unit": "kg"}, {"date": "2017-04-01", "country_from": "KW", "country_to": "YE", "value": "0", "unit": "kg"}, {"date": "2017-05-01", "country_from": "KW", "country_to": "YE", "value": "0", "unit": "kg"}, {"date": "2017-06-01", "country_from": "KW", "country_to": "YE", "value": "0", "unit": "kg"}, {"date": "2017-07-01", "country_from": "KW", "country_to": "YE", "value": "0", "unit": "kg"}, {"date": "2017-08-01", "country_from": "KW", "country_to": "YE", "value": "0", "unit": "kg"}, {"date": "2017-09-01", "country_from": "KW", "country_to": "YE", "value": "0", "unit": "kg"}, {"date": "2017-10-01", "country_from": "KW", "country_to": "YE", "value": "0", "unit": "kg"}, {"date": "2016-05-01", "country_from": "KW", "country_to": "BH", "value": "0", "unit": "kg"}, {"date": "2016-06-01", "country_from": "KW", "country_to": "BH", "value": "0", "unit": "kg"}, {"date": "2016-07-01", "country_from": "KW", "country_to": "BH", "value": "0", "unit": "kg"}, {"date": "2016-08-01", "country_from": "KW", "country_to": "BH", "value": "0", "unit": "kg"}, {"date": "2016-09-01", "country_from": "KW", "country_to": "BH", "value": "0", "unit": "kg"}, {"date": "2016-10-01", "country_from": "KW", "country_to": "BH", "value": "0", "unit": "kg"}, {"date": "2016-11-01", "country_from": "KW", "country_to": "BH", "value": "0", "unit": "kg"}, {"date": "2016-12-01", "country_from": "KW", "country_to": "BH", "value": "0", "unit": "kg"}, {"date": "2017-01-01", "country_from": "KW", "country_to": "BH", "value": "0", "unit": "kg"}, {"date": "2017-02-01", "country_from": "KW", "country_to": "BH", "value": "0", "unit": "kg"}, {"date": "2017-03-01", "country_from": "KW", "country_to": "BH", "value": "0", "unit": "kg"}, {"date": "2017-04-01", "country_from": "KW", "country_to": "BH", "value": "0", "unit": "kg"}, {"date": "2017-05-01", "country_from": "KW", "country_to": "BH", "value": "4500", "unit": "kg"}, {"date": "2017-06-01", "country_from": "KW", "country_to": "BH", "value": "0", "unit": "kg"}, {"date": "2017-07-01", "country_from": "KW", "country_to": "BH", "value": "0", "unit": "kg"}, {"date": "2017-08-01", "country_from": "KW", "country_to": "BH", "value": "0", "unit": "kg"}, {"date": "2017-09-01", "country_from": "KW", "country_to": "BH", "value": "0", "unit": "kg"}, {"date": "2017-10-01", "country_from": "KW", "country_to": "BH", "value": "0", "unit": "kg"}]