[{"date": "2018-12-01", "country": "Germany", "value": "2468", "unit": "kg"}, {"date": "2019-01-01", "country": "Germany", "value": "39047", "unit": "kg"}, {"date": "2019-02-01", "country": "Germany", "value": "193", "unit": "kg"}, {"date": "2019-03-01", "country": "Germany", "value": "8314", "unit": "kg"}, {"date": "2019-04-01", "country": "Germany", "value": "3662", "unit": "kg"}, {"date": "2019-05-01", "country": "Germany", "value": "29947", "unit": "kg"}, {"date": "2019-06-01", "country": "Germany", "value": "18595", "unit": "kg"}, {"date": "2019-07-01", "country": "Germany", "value": "6748", "unit": "kg"}, {"date": "2019-08-01", "country": "Germany", "value": "12337", "unit": "kg"}, {"date": "2019-09-01", "country": "Germany", "value": "13854", "unit": "kg"}, {"date": "2019-10-01", "country": "Germany", "value": "2191", "unit": "kg"}, {"date": "2019-11-01", "country": "Germany", "value": "32038", "unit": "kg"}, {"date": "2019-12-01", "country": "Germany", "value": "6185", "unit": "kg"}, {"date": "2020-01-01", "country": "Germany", "value": "1472", "unit": "kg"}, {"date": "2020-02-01", "country": "Germany", "value": "26917", "unit": "kg"}, {"date": "2020-03-01", "country": "Germany", "value": "103290", "unit": "kg"}, {"date": "2020-04-01", "country": "Germany", "value": "123907", "unit": "kg"}, {"date": "2020-05-01", "country": "Germany", "value": "141158", "unit": "kg"}, {"date": "2018-12-01", "country": "Italy", "value": "55166", "unit": "kg"}, {"date": "2019-01-01", "country": "Italy", "value": "25300", "unit": "kg"}, {"date": "2019-02-01", "country": "Italy", "value": "17537", "unit": "kg"}, {"date": "2019-03-01", "country": "Italy", "value": "132540", "unit": "kg"}, {"date": "2019-04-01", "country": "Italy", "value": "125761", "unit": "kg"}, {"date": "2019-05-01", "country": "Italy", "value": "545180", "unit": "kg"}, {"date": "2019-06-01", "country": "Italy", "value": "108598", "unit": "kg"}, {"date": "2019-07-01", "country": "Italy", "value": "13845", "unit": "kg"}, {"date": "2019-08-01", "country": "Italy", "value": "20", "unit": "kg"}, {"date": "2019-09-01", "country": "Italy", "value": "39138", "unit": "kg"}, {"date": "2019-10-01", "country": "Italy", "value": "156860", "unit": "kg"}, {"date": "2019-11-01", "country": "Italy", "value": "3410", "unit": "kg"}, {"date": "2019-12-01", "country": "Italy", "value": "10316", "unit": "kg"}, {"date": "2020-01-01", "country": "Italy", "value": "48942", "unit": "kg"}, {"date": "2020-02-01", "country": "Italy", "value": "38157", "unit": "kg"}, {"date": "2020-03-01", "country": "Italy", "value": "17179", "unit": "kg"}, {"date": "2020-04-01", "country": "Italy", "value": "0", "unit": "kg"}, {"date": "2020-05-01", "country": "Italy", "value": "24138", "unit": "kg"}, {"date": "2018-12-01", "country": "Belgium", "value": "758544", "unit": "kg"}, {"date": "2019-01-01", "country": "Belgium", "value": "695807", "unit": "kg"}, {"date": "2019-02-01", "country": "Belgium", "value": "13025", "unit": "kg"}, {"date": "2019-03-01", "country": "Belgium", "value": "11057", "unit": "kg"}, {"date": "2019-04-01", "country": "Belgium", "value": "8988", "unit": "kg"}, {"date": "2019-05-01", "country": "Belgium", "value": "12348", "unit": "kg"}, {"date": "2019-06-01", "country": "Belgium", "value": "11209", "unit": "kg"}, {"date": "2019-07-01", "country": "Belgium", "value": "4539", "unit": "kg"}, {"date": "2019-08-01", "country": "Belgium", "value": "5736", "unit": "kg"}, {"date": "2019-09-01", "country": "Belgium", "value": "12111", "unit": "kg"}, {"date": "2019-10-01", "country": "Belgium", "value": "16149", "unit": "kg"}, {"date": "2019-11-01", "country": "Belgium", "value": "13616", "unit": "kg"}, {"date": "2019-12-01", "country": "Belgium", "value": "6748", "unit": "kg"}, {"date": "2020-01-01", "country": "Belgium", "value": "10875", "unit": "kg"}, {"date": "2020-02-01", "country": "Belgium", "value": "8893", "unit": "kg"}, {"date": "2020-03-01", "country": "Belgium", "value": "16672", "unit": "kg"}, {"date": "2020-04-01", "country": "Belgium", "value": "38786", "unit": "kg"}, {"date": "2020-05-01", "country": "Belgium", "value": "9349", "unit": "kg"}, {"date": "2018-12-01", "country": "Switzerland", "value": "0", "unit": "kg"}, {"date": "2019-01-01", "country": "Switzerland", "value": "29648", "unit": "kg"}, {"date": "2019-02-01", "country": "Switzerland", "value": "194", "unit": "kg"}, {"date": "2019-03-01", "country": "Switzerland", "value": "289", "unit": "kg"}, {"date": "2019-04-01", "country": "Switzerland", "value": "1051", "unit": "kg"}, {"date": "2019-05-01", "country": "Switzerland", "value": "982", "unit": "kg"}, {"date": "2019-06-01", "country": "Switzerland", "value": "4174", "unit": "kg"}, {"date": "2019-07-01", "country": "Switzerland", "value": "4217", "unit": "kg"}, {"date": "2019-08-01", "country": "Switzerland", "value": "25233", "unit": "kg"}, {"date": "2019-09-01", "country": "Switzerland", "value": "2203", "unit": "kg"}, {"date": "2019-10-01", "country": "Switzerland", "value": "713", "unit": "kg"}, {"date": "2019-11-01", "country": "Switzerland", "value": "2085", "unit": "kg"}, {"date": "2019-12-01", "country": "Switzerland", "value": "1717", "unit": "kg"}, {"date": "2020-01-01", "country": "Switzerland", "value": "1426", "unit": "kg"}, {"date": "2020-02-01", "country": "Switzerland", "value": "5671", "unit": "kg"}, {"date": "2020-03-01", "country": "Switzerland", "value": "1619", "unit": "kg"}, {"date": "2020-04-01", "country": "Switzerland", "value": "713", "unit": "kg"}, {"date": "2020-05-01", "country": "Switzerland", "value": "316", "unit": "kg"}, {"date": "2018-12-01", "country": "Spain", "value": "1671", "unit": "kg"}, {"date": "2019-01-01", "country": "Spain", "value": "2017", "unit": "kg"}, {"date": "2019-02-01", "country": "Spain", "value": "50186", "unit": "kg"}, {"date": "2019-03-01", "country": "Spain", "value": "25105", "unit": "kg"}, {"date": "2019-04-01", "country": "Spain", "value": "2511", "unit": "kg"}, {"date": "2019-05-01", "country": "Spain", "value": "2570", "unit": "kg"}, {"date": "2019-06-01", "country": "Spain", "value": "2061", "unit": "kg"}, {"date": "2019-07-01", "country": "Spain", "value": "13699", "unit": "kg"}, {"date": "2019-08-01", "country": "Spain", "value": "54732", "unit": "kg"}, {"date": "2019-09-01", "country": "Spain", "value": "522", "unit": "kg"}, {"date": "2019-10-01", "country": "Spain", "value": "3888", "unit": "kg"}, {"date": "2019-11-01", "country": "Spain", "value": "25755", "unit": "kg"}, {"date": "2019-12-01", "country": "Spain", "value": "25378", "unit": "kg"}, {"date": "2020-01-01", "country": "Spain", "value": "1737", "unit": "kg"}, {"date": "2020-02-01", "country": "Spain", "value": "35768", "unit": "kg"}, {"date": "2020-03-01", "country": "Spain", "value": "487", "unit": "kg"}, {"date": "2020-04-01", "country": "Spain", "value": "51903", "unit": "kg"}, {"date": "2020-05-01", "country": "Spain", "value": "494", "unit": "kg"}, {"date": "2018-12-01", "country": "Ireland", "value": "1152", "unit": "kg"}, {"date": "2019-01-01", "country": "Ireland", "value": "0", "unit": "kg"}, {"date": "2019-02-01", "country": "Ireland", "value": "6912", "unit": "kg"}, {"date": "2019-03-01", "country": "Ireland", "value": "2304", "unit": "kg"}, {"date": "2019-04-01", "country": "Ireland", "value": "0", "unit": "kg"}, {"date": "2019-05-01", "country": "Ireland", "value": "1152", "unit": "kg"}, {"date": "2019-06-01", "country": "Ireland", "value": "2304", "unit": "kg"}, {"date": "2019-07-01", "country": "Ireland", "value": "2329", "unit": "kg"}, {"date": "2019-08-01", "country": "Ireland", "value": "0", "unit": "kg"}, {"date": "2019-09-01", "country": "Ireland", "value": "0", "unit": "kg"}, {"date": "2019-10-01", "country": "Ireland", "value": "3456", "unit": "kg"}, {"date": "2019-11-01", "country": "Ireland", "value": "5760", "unit": "kg"}, {"date": "2019-12-01", "country": "Ireland", "value": "0", "unit": "kg"}, {"date": "2020-01-01", "country": "Ireland", "value": "2304", "unit": "kg"}, {"date": "2020-02-01", "country": "Ireland", "value": "5760", "unit": "kg"}, {"date": "2020-03-01", "country": "Ireland", "value": "0", "unit": "kg"}, {"date": "2020-04-01", "country": "Ireland", "value": "11520", "unit": "kg"}, {"date": "2020-05-01", "country": "Ireland", "value": "0", "unit": "kg"}, {"date": "2018-12-01", "country": "Portugal", "value": "82", "unit": "kg"}, {"date": "2019-01-01", "country": "Portugal", "value": "1458", "unit": "kg"}, {"date": "2019-02-01", "country": "Portugal", "value": "710", "unit": "kg"}, {"date": "2019-03-01", "country": "Portugal", "value": "119", "unit": "kg"}, {"date": "2019-04-01", "country": "Portugal", "value": "746", "unit": "kg"}, {"date": "2019-05-01", "country": "Portugal", "value": "1038", "unit": "kg"}, {"date": "2019-06-01", "country": "Portugal", "value": "535", "unit": "kg"}, {"date": "2019-07-01", "country": "Portugal", "value": "504", "unit": "kg"}, {"date": "2019-08-01", "country": "Portugal", "value": "775", "unit": "kg"}, {"date": "2019-09-01", "country": "Portugal", "value": "79", "unit": "kg"}, {"date": "2019-10-01", "country": "Portugal", "value": "766", "unit": "kg"}, {"date": "2019-11-01", "country": "Portugal", "value": "444", "unit": "kg"}, {"date": "2019-12-01", "country": "Portugal", "value": "307", "unit": "kg"}, {"date": "2020-01-01", "country": "Portugal", "value": "946", "unit": "kg"}, {"date": "2020-02-01", "country": "Portugal", "value": "1420", "unit": "kg"}, {"date": "2020-03-01", "country": "Portugal", "value": "666", "unit": "kg"}, {"date": "2020-04-01", "country": "Portugal", "value": "1156", "unit": "kg"}, {"date": "2020-05-01", "country": "Portugal", "value": "681", "unit": "kg"}, {"date": "2018-12-01", "country": "Tunisia", "value": "0", "unit": "kg"}, {"date": "2019-01-01", "country": "Tunisia", "value": "0", "unit": "kg"}, {"date": "2019-02-01", "country": "Tunisia", "value": "0", "unit": "kg"}, {"date": "2019-03-01", "country": "Tunisia", "value": "0", "unit": "kg"}, {"date": "2019-04-01", "country": "Tunisia", "value": "0", "unit": "kg"}, {"date": "2019-05-01", "country": "Tunisia", "value": "0", "unit": "kg"}, {"date": "2019-06-01", "country": "Tunisia", "value": "0", "unit": "kg"}, {"date": "2019-07-01", "country": "Tunisia", "value": "0", "unit": "kg"}, {"date": "2019-08-01", "country": "Tunisia", "value": "0", "unit": "kg"}, {"date": "2019-09-01", "country": "Tunisia", "value": "0", "unit": "kg"}, {"date": "2019-10-01", "country": "Tunisia", "value": "0", "unit": "kg"}, {"date": "2019-11-01", "country": "Tunisia", "value": "0", "unit": "kg"}, {"date": "2019-12-01", "country": "Tunisia", "value": "0", "unit": "kg"}, {"date": "2020-01-01", "country": "Tunisia", "value": "0", "unit": "kg"}, {"date": "2020-02-01", "country": "Tunisia", "value": "0", "unit": "kg"}, {"date": "2020-03-01", "country": "Tunisia", "value": "0", "unit": "kg"}, {"date": "2020-04-01", "country": "Tunisia", "value": "0", "unit": "kg"}, {"date": "2020-05-01", "country": "Tunisia", "value": "0", "unit": "kg"}, {"date": "2018-12-01", "country": "Poland", "value": "0", "unit": "kg"}, {"date": "2019-01-01", "country": "Poland", "value": "0", "unit": "kg"}, {"date": "2019-02-01", "country": "Poland", "value": "0", "unit": "kg"}, {"date": "2019-03-01", "country": "Poland", "value": "0", "unit": "kg"}, {"date": "2019-04-01", "country": "Poland", "value": "0", "unit": "kg"}, {"date": "2019-05-01", "country": "Poland", "value": "0", "unit": "kg"}, {"date": "2019-06-01", "country": "Poland", "value": "0", "unit": "kg"}, {"date": "2019-07-01", "country": "Poland", "value": "0", "unit": "kg"}, {"date": "2019-08-01", "country": "Poland", "value": "0", "unit": "kg"}, {"date": "2019-09-01", "country": "Poland", "value": "0", "unit": "kg"}, {"date": "2019-10-01", "country": "Poland", "value": "0", "unit": "kg"}, {"date": "2019-11-01", "country": "Poland", "value": "720", "unit": "kg"}, {"date": "2019-12-01", "country": "Poland", "value": "0", "unit": "kg"}, {"date": "2020-01-01", "country": "Poland", "value": "0", "unit": "kg"}, {"date": "2020-02-01", "country": "Poland", "value": "0", "unit": "kg"}, {"date": "2020-03-01", "country": "Poland", "value": "0", "unit": "kg"}, {"date": "2020-04-01", "country": "Poland", "value": "0", "unit": "kg"}, {"date": "2020-05-01", "country": "Poland", "value": "282", "unit": "kg"}, {"date": "2018-12-01", "country": "Luxembourg", "value": "20714", "unit": "kg"}, {"date": "2019-01-01", "country": "Luxembourg", "value": "50981", "unit": "kg"}, {"date": "2019-02-01", "country": "Luxembourg", "value": "2400", "unit": "kg"}, {"date": "2019-03-01", "country": "Luxembourg", "value": "8344", "unit": "kg"}, {"date": "2019-04-01", "country": "Luxembourg", "value": "3345", "unit": "kg"}, {"date": "2019-05-01", "country": "Luxembourg", "value": "3426", "unit": "kg"}, {"date": "2019-06-01", "country": "Luxembourg", "value": "2718", "unit": "kg"}, {"date": "2019-07-01", "country": "Luxembourg", "value": "4033", "unit": "kg"}, {"date": "2019-08-01", "country": "Luxembourg", "value": "3485", "unit": "kg"}, {"date": "2019-09-01", "country": "Luxembourg", "value": "2172", "unit": "kg"}, {"date": "2019-10-01", "country": "Luxembourg", "value": "3030", "unit": "kg"}, {"date": "2019-11-01", "country": "Luxembourg", "value": "4460", "unit": "kg"}, {"date": "2019-12-01", "country": "Luxembourg", "value": "3770", "unit": "kg"}, {"date": "2020-01-01", "country": "Luxembourg", "value": "57237", "unit": "kg"}, {"date": "2020-02-01", "country": "Luxembourg", "value": "2748", "unit": "kg"}, {"date": "2020-03-01", "country": "Luxembourg", "value": "3819", "unit": "kg"}, {"date": "2020-04-01", "country": "Luxembourg", "value": "1963", "unit": "kg"}, {"date": "2020-05-01", "country": "Luxembourg", "value": "834", "unit": "kg"}, {"date": "2018-12-01", "country": "Romania", "value": "0", "unit": "kg"}, {"date": "2019-01-01", "country": "Romania", "value": "24", "unit": "kg"}, {"date": "2019-02-01", "country": "Romania", "value": "0", "unit": "kg"}, {"date": "2019-03-01", "country": "Romania", "value": "0", "unit": "kg"}, {"date": "2019-04-01", "country": "Romania", "value": "18", "unit": "kg"}, {"date": "2019-05-01", "country": "Romania", "value": "0", "unit": "kg"}, {"date": "2019-06-01", "country": "Romania", "value": "0", "unit": "kg"}, {"date": "2019-07-01", "country": "Romania", "value": "0", "unit": "kg"}, {"date": "2019-08-01", "country": "Romania", "value": "0", "unit": "kg"}, {"date": "2019-09-01", "country": "Romania", "value": "0", "unit": "kg"}, {"date": "2019-10-01", "country": "Romania", "value": "84", "unit": "kg"}, {"date": "2019-11-01", "country": "Romania", "value": "0", "unit": "kg"}, {"date": "2019-12-01", "country": "Romania", "value": "0", "unit": "kg"}, {"date": "2020-01-01", "country": "Romania", "value": "54", "unit": "kg"}, {"date": "2020-02-01", "country": "Romania", "value": "0", "unit": "kg"}, {"date": "2020-03-01", "country": "Romania", "value": "90", "unit": "kg"}, {"date": "2020-04-01", "country": "Romania", "value": "0", "unit": "kg"}, {"date": "2020-05-01", "country": "Romania", "value": "0", "unit": "kg"}, {"date": "2018-12-01", "country": "Netherlands", "value": "112", "unit": "kg"}, {"date": "2019-01-01", "country": "Netherlands", "value": "0", "unit": "kg"}, {"date": "2019-02-01", "country": "Netherlands", "value": "25285", "unit": "kg"}, {"date": "2019-03-01", "country": "Netherlands", "value": "25176", "unit": "kg"}, {"date": "2019-04-01", "country": "Netherlands", "value": "328", "unit": "kg"}, {"date": "2019-05-01", "country": "Netherlands", "value": "2155", "unit": "kg"}, {"date": "2019-06-01", "country": "Netherlands", "value": "107", "unit": "kg"}, {"date": "2019-07-01", "country": "Netherlands", "value": "570447", "unit": "kg"}, {"date": "2019-08-01", "country": "Netherlands", "value": "163345", "unit": "kg"}, {"date": "2019-09-01", "country": "Netherlands", "value": "200", "unit": "kg"}, {"date": "2019-10-01", "country": "Netherlands", "value": "896", "unit": "kg"}, {"date": "2019-11-01", "country": "Netherlands", "value": "245", "unit": "kg"}, {"date": "2019-12-01", "country": "Netherlands", "value": "494", "unit": "kg"}, {"date": "2020-01-01", "country": "Netherlands", "value": "108", "unit": "kg"}, {"date": "2020-02-01", "country": "Netherlands", "value": "0", "unit": "kg"}, {"date": "2020-03-01", "country": "Netherlands", "value": "478", "unit": "kg"}, {"date": "2020-04-01", "country": "Netherlands", "value": "26000", "unit": "kg"}, {"date": "2020-05-01", "country": "Netherlands", "value": "878", "unit": "kg"}, {"date": "2018-12-01", "country": "Togo", "value": "0", "unit": "kg"}, {"date": "2019-01-01", "country": "Togo", "value": "0", "unit": "kg"}, {"date": "2019-02-01", "country": "Togo", "value": "0", "unit": "kg"}, {"date": "2019-03-01", "country": "Togo", "value": "250", "unit": "kg"}, {"date": "2019-04-01", "country": "Togo", "value": "0", "unit": "kg"}, {"date": "2019-05-01", "country": "Togo", "value": "0", "unit": "kg"}, {"date": "2019-06-01", "country": "Togo", "value": "0", "unit": "kg"}, {"date": "2019-07-01", "country": "Togo", "value": "0", "unit": "kg"}, {"date": "2019-08-01", "country": "Togo", "value": "0", "unit": "kg"}, {"date": "2019-09-01", "country": "Togo", "value": "0", "unit": "kg"}, {"date": "2019-10-01", "country": "Togo", "value": "0", "unit": "kg"}, {"date": "2019-11-01", "country": "Togo", "value": "0", "unit": "kg"}, {"date": "2019-12-01", "country": "Togo", "value": "0", "unit": "kg"}, {"date": "2020-01-01", "country": "Togo", "value": "0", "unit": "kg"}, {"date": "2020-02-01", "country": "Togo", "value": "0", "unit": "kg"}, {"date": "2020-03-01", "country": "Togo", "value": "0", "unit": "kg"}, {"date": "2020-04-01", "country": "Togo", "value": "0", "unit": "kg"}, {"date": "2020-05-01", "country": "Togo", "value": "0", "unit": "kg"}, {"date": "2018-12-01", "country": "Moldova, Republic of", "value": "250", "unit": "kg"}, {"date": "2019-01-01", "country": "Moldova, Republic of", "value": "0", "unit": "kg"}, {"date": "2019-02-01", "country": "Moldova, Republic of", "value": "0", "unit": "kg"}, {"date": "2019-03-01", "country": "Moldova, Republic of", "value": "0", "unit": "kg"}, {"date": "2019-04-01", "country": "Moldova, Republic of", "value": "229", "unit": "kg"}, {"date": "2019-05-01", "country": "Moldova, Republic of", "value": "0", "unit": "kg"}, {"date": "2019-06-01", "country": "Moldova, Republic of", "value": "167", "unit": "kg"}, {"date": "2019-07-01", "country": "Moldova, Republic of", "value": "0", "unit": "kg"}, {"date": "2019-08-01", "country": "Moldova, Republic of", "value": "0", "unit": "kg"}, {"date": "2019-09-01", "country": "Moldova, Republic of", "value": "0", "unit": "kg"}, {"date": "2019-10-01", "country": "Moldova, Republic of", "value": "0", "unit": "kg"}, {"date": "2019-11-01", "country": "Moldova, Republic of", "value": "0", "unit": "kg"}, {"date": "2019-12-01", "country": "Moldova, Republic of", "value": "0", "unit": "kg"}, {"date": "2020-01-01", "country": "Moldova, Republic of", "value": "0", "unit": "kg"}, {"date": "2020-02-01", "country": "Moldova, Republic of", "value": "0", "unit": "kg"}, {"date": "2020-03-01", "country": "Moldova, Republic of", "value": "0", "unit": "kg"}, {"date": "2020-04-01", "country": "Moldova, Republic of", "value": "0", "unit": "kg"}, {"date": "2020-05-01", "country": "Moldova, Republic of", "value": "0", "unit": "kg"}, {"date": "2018-12-01", "country": "Cura\u00c3\u00a7ao", "value": "0", "unit": "kg"}, {"date": "2019-01-01", "country": "Cura\u00c3\u00a7ao", "value": "0", "unit": "kg"}, {"date": "2019-02-01", "country": "Cura\u00c3\u00a7ao", "value": "0", "unit": "kg"}, {"date": "2019-03-01", "country": "Cura\u00c3\u00a7ao", "value": "0", "unit": "kg"}, {"date": "2019-04-01", "country": "Cura\u00c3\u00a7ao", "value": "0", "unit": "kg"}, {"date": "2019-05-01", "country": "Cura\u00c3\u00a7ao", "value": "0", "unit": "kg"}, {"date": "2019-06-01", "country": "Cura\u00c3\u00a7ao", "value": "0", "unit": "kg"}, {"date": "2019-07-01", "country": "Cura\u00c3\u00a7ao", "value": "0", "unit": "kg"}, {"date": "2019-08-01", "country": "Cura\u00c3\u00a7ao", "value": "0", "unit": "kg"}, {"date": "2019-09-01", "country": "Cura\u00c3\u00a7ao", "value": "0", "unit": "kg"}, {"date": "2019-10-01", "country": "Cura\u00c3\u00a7ao", "value": "0", "unit": "kg"}, {"date": "2019-11-01", "country": "Cura\u00c3\u00a7ao", "value": "0", "unit": "kg"}, {"date": "2019-12-01", "country": "Cura\u00c3\u00a7ao", "value": "0", "unit": "kg"}, {"date": "2020-01-01", "country": "Cura\u00c3\u00a7ao", "value": "0", "unit": "kg"}, {"date": "2020-02-01", "country": "Cura\u00c3\u00a7ao", "value": "0", "unit": "kg"}, {"date": "2020-03-01", "country": "Cura\u00c3\u00a7ao", "value": "0", "unit": "kg"}, {"date": "2020-04-01", "country": "Cura\u00c3\u00a7ao", "value": "0", "unit": "kg"}, {"date": "2020-05-01", "country": "Cura\u00c3\u00a7ao", "value": "0", "unit": "kg"}, {"date": "2018-12-01", "country": "C\u00c3\u00b4te d'Ivoire", "value": "0", "unit": "kg"}, {"date": "2019-01-01", "country": "C\u00c3\u00b4te d'Ivoire", "value": "0", "unit": "kg"}, {"date": "2019-02-01", "country": "C\u00c3\u00b4te d'Ivoire", "value": "0", "unit": "kg"}, {"date": "2019-03-01", "country": "C\u00c3\u00b4te d'Ivoire", "value": "0", "unit": "kg"}, {"date": "2019-04-01", "country": "C\u00c3\u00b4te d'Ivoire", "value": "0", "unit": "kg"}, {"date": "2019-05-01", "country": "C\u00c3\u00b4te d'Ivoire", "value": "0", "unit": "kg"}, {"date": "2019-06-01", "country": "C\u00c3\u00b4te d'Ivoire", "value": "0", "unit": "kg"}, {"date": "2019-07-01", "country": "C\u00c3\u00b4te d'Ivoire", "value": "564", "unit": "kg"}, {"date": "2019-08-01", "country": "C\u00c3\u00b4te d'Ivoire", "value": "0", "unit": "kg"}, {"date": "2019-09-01", "country": "C\u00c3\u00b4te d'Ivoire", "value": "0", "unit": "kg"}, {"date": "2019-10-01", "country": "C\u00c3\u00b4te d'Ivoire", "value": "0", "unit": "kg"}, {"date": "2019-11-01", "country": "C\u00c3\u00b4te d'Ivoire", "value": "0", "unit": "kg"}, {"date": "2019-12-01", "country": "C\u00c3\u00b4te d'Ivoire", "value": "0", "unit": "kg"}, {"date": "2020-01-01", "country": "C\u00c3\u00b4te d'Ivoire", "value": "491", "unit": "kg"}, {"date": "2020-02-01", "country": "C\u00c3\u00b4te d'Ivoire", "value": "0", "unit": "kg"}, {"date": "2020-03-01", "country": "C\u00c3\u00b4te d'Ivoire", "value": "100", "unit": "kg"}, {"date": "2020-04-01", "country": "C\u00c3\u00b4te d'Ivoire", "value": "159", "unit": "kg"}, {"date": "2020-05-01", "country": "C\u00c3\u00b4te d'Ivoire", "value": "0", "unit": "kg"}, {"date": "2018-12-01", "country": "Japan", "value": "0", "unit": "kg"}, {"date": "2019-01-01", "country": "Japan", "value": "3500", "unit": "kg"}, {"date": "2019-02-01", "country": "Japan", "value": "0", "unit": "kg"}, {"date": "2019-03-01", "country": "Japan", "value": "0", "unit": "kg"}, {"date": "2019-04-01", "country": "Japan", "value": "0", "unit": "kg"}, {"date": "2019-05-01", "country": "Japan", "value": "0", "unit": "kg"}, {"date": "2019-06-01", "country": "Japan", "value": "0", "unit": "kg"}, {"date": "2019-07-01", "country": "Japan", "value": "0", "unit": "kg"}, {"date": "2019-08-01", "country": "Japan", "value": "0", "unit": "kg"}, {"date": "2019-09-01", "country": "Japan", "value": "0", "unit": "kg"}, {"date": "2019-10-01", "country": "Japan", "value": "0", "unit": "kg"}, {"date": "2019-11-01", "country": "Japan", "value": "0", "unit": "kg"}, {"date": "2019-12-01", "country": "Japan", "value": "0", "unit": "kg"}, {"date": "2020-01-01", "country": "Japan", "value": "0", "unit": "kg"}, {"date": "2020-02-01", "country": "Japan", "value": "0", "unit": "kg"}, {"date": "2020-03-01", "country": "Japan", "value": "3500", "unit": "kg"}, {"date": "2020-04-01", "country": "Japan", "value": "0", "unit": "kg"}, {"date": "2020-05-01", "country": "Japan", "value": "0", "unit": "kg"}, {"date": "2018-12-01", "country": "Lebanon", "value": "3100", "unit": "kg"}, {"date": "2019-01-01", "country": "Lebanon", "value": "1425", "unit": "kg"}, {"date": "2019-02-01", "country": "Lebanon", "value": "254", "unit": "kg"}, {"date": "2019-03-01", "country": "Lebanon", "value": "0", "unit": "kg"}, {"date": "2019-04-01", "country": "Lebanon", "value": "2552", "unit": "kg"}, {"date": "2019-05-01", "country": "Lebanon", "value": "0", "unit": "kg"}, {"date": "2019-06-01", "country": "Lebanon", "value": "0", "unit": "kg"}, {"date": "2019-07-01", "country": "Lebanon", "value": "4030", "unit": "kg"}, {"date": "2019-08-01", "country": "Lebanon", "value": "0", "unit": "kg"}, {"date": "2019-09-01", "country": "Lebanon", "value": "0", "unit": "kg"}, {"date": "2019-10-01", "country": "Lebanon", "value": "5015", "unit": "kg"}, {"date": "2019-11-01", "country": "Lebanon", "value": "0", "unit": "kg"}, {"date": "2019-12-01", "country": "Lebanon", "value": "0", "unit": "kg"}, {"date": "2020-01-01", "country": "Lebanon", "value": "0", "unit": "kg"}, {"date": "2020-02-01", "country": "Lebanon", "value": "0", "unit": "kg"}, {"date": "2020-03-01", "country": "Lebanon", "value": "0", "unit": "kg"}, {"date": "2020-04-01", "country": "Lebanon", "value": "0", "unit": "kg"}, {"date": "2020-05-01", "country": "Lebanon", "value": "4375", "unit": "kg"}, {"date": "2018-12-01", "country": "Greece", "value": "0", "unit": "kg"}, {"date": "2019-01-01", "country": "Greece", "value": "204", "unit": "kg"}, {"date": "2019-02-01", "country": "Greece", "value": "68", "unit": "kg"}, {"date": "2019-03-01", "country": "Greece", "value": "52", "unit": "kg"}, {"date": "2019-04-01", "country": "Greece", "value": "62", "unit": "kg"}, {"date": "2019-05-01", "country": "Greece", "value": "0", "unit": "kg"}, {"date": "2019-06-01", "country": "Greece", "value": "342", "unit": "kg"}, {"date": "2019-07-01", "country": "Greece", "value": "72", "unit": "kg"}, {"date": "2019-08-01", "country": "Greece", "value": "39", "unit": "kg"}, {"date": "2019-09-01", "country": "Greece", "value": "0", "unit": "kg"}, {"date": "2019-10-01", "country": "Greece", "value": "154", "unit": "kg"}, {"date": "2019-11-01", "country": "Greece", "value": "145", "unit": "kg"}, {"date": "2019-12-01", "country": "Greece", "value": "75", "unit": "kg"}, {"date": "2020-01-01", "country": "Greece", "value": "0", "unit": "kg"}, {"date": "2020-02-01", "country": "Greece", "value": "0", "unit": "kg"}, {"date": "2020-03-01", "country": "Greece", "value": "240", "unit": "kg"}, {"date": "2020-04-01", "country": "Greece", "value": "0", "unit": "kg"}, {"date": "2020-05-01", "country": "Greece", "value": "115", "unit": "kg"}, {"date": "2018-12-01", "country": "Guinea", "value": "0", "unit": "kg"}, {"date": "2019-01-01", "country": "Guinea", "value": "0", "unit": "kg"}, {"date": "2019-02-01", "country": "Guinea", "value": "0", "unit": "kg"}, {"date": "2019-03-01", "country": "Guinea", "value": "0", "unit": "kg"}, {"date": "2019-04-01", "country": "Guinea", "value": "390", "unit": "kg"}, {"date": "2019-05-01", "country": "Guinea", "value": "0", "unit": "kg"}, {"date": "2019-06-01", "country": "Guinea", "value": "0", "unit": "kg"}, {"date": "2019-07-01", "country": "Guinea", "value": "0", "unit": "kg"}, {"date": "2019-08-01", "country": "Guinea", "value": "0", "unit": "kg"}, {"date": "2019-09-01", "country": "Guinea", "value": "0", "unit": "kg"}, {"date": "2019-10-01", "country": "Guinea", "value": "0", "unit": "kg"}, {"date": "2019-11-01", "country": "Guinea", "value": "0", "unit": "kg"}, {"date": "2019-12-01", "country": "Guinea", "value": "0", "unit": "kg"}, {"date": "2020-01-01", "country": "Guinea", "value": "0", "unit": "kg"}, {"date": "2020-02-01", "country": "Guinea", "value": "0", "unit": "kg"}, {"date": "2020-03-01", "country": "Guinea", "value": "0", "unit": "kg"}, {"date": "2020-04-01", "country": "Guinea", "value": "0", "unit": "kg"}, {"date": "2020-05-01", "country": "Guinea", "value": "0", "unit": "kg"}, {"date": "2018-12-01", "country": "Hungary", "value": "0", "unit": "kg"}, {"date": "2019-01-01", "country": "Hungary", "value": "0", "unit": "kg"}, {"date": "2019-02-01", "country": "Hungary", "value": "0", "unit": "kg"}, {"date": "2019-03-01", "country": "Hungary", "value": "0", "unit": "kg"}, {"date": "2019-04-01", "country": "Hungary", "value": "0", "unit": "kg"}, {"date": "2019-05-01", "country": "Hungary", "value": "3", "unit": "kg"}, {"date": "2019-06-01", "country": "Hungary", "value": "0", "unit": "kg"}, {"date": "2019-07-01", "country": "Hungary", "value": "0", "unit": "kg"}, {"date": "2019-08-01", "country": "Hungary", "value": "0", "unit": "kg"}, {"date": "2019-09-01", "country": "Hungary", "value": "0", "unit": "kg"}, {"date": "2019-10-01", "country": "Hungary", "value": "0", "unit": "kg"}, {"date": "2019-11-01", "country": "Hungary", "value": "0", "unit": "kg"}, {"date": "2019-12-01", "country": "Hungary", "value": "0", "unit": "kg"}, {"date": "2020-01-01", "country": "Hungary", "value": "0", "unit": "kg"}, {"date": "2020-02-01", "country": "Hungary", "value": "0", "unit": "kg"}, {"date": "2020-03-01", "country": "Hungary", "value": "0", "unit": "kg"}, {"date": "2020-04-01", "country": "Hungary", "value": "0", "unit": "kg"}, {"date": "2020-05-01", "country": "Hungary", "value": "0", "unit": "kg"}, {"date": "2018-12-01", "country": "Cambodia", "value": "0", "unit": "kg"}, {"date": "2019-01-01", "country": "Cambodia", "value": "0", "unit": "kg"}, {"date": "2019-02-01", "country": "Cambodia", "value": "0", "unit": "kg"}, {"date": "2019-03-01", "country": "Cambodia", "value": "0", "unit": "kg"}, {"date": "2019-04-01", "country": "Cambodia", "value": "0", "unit": "kg"}, {"date": "2019-05-01", "country": "Cambodia", "value": "0", "unit": "kg"}, {"date": "2019-06-01", "country": "Cambodia", "value": "0", "unit": "kg"}, {"date": "2019-07-01", "country": "Cambodia", "value": "0", "unit": "kg"}, {"date": "2019-08-01", "country": "Cambodia", "value": "0", "unit": "kg"}, {"date": "2019-09-01", "country": "Cambodia", "value": "0", "unit": "kg"}, {"date": "2019-10-01", "country": "Cambodia", "value": "0", "unit": "kg"}, {"date": "2019-11-01", "country": "Cambodia", "value": "2709", "unit": "kg"}, {"date": "2019-12-01", "country": "Cambodia", "value": "0", "unit": "kg"}, {"date": "2020-01-01", "country": "Cambodia", "value": "0", "unit": "kg"}, {"date": "2020-02-01", "country": "Cambodia", "value": "0", "unit": "kg"}, {"date": "2020-03-01", "country": "Cambodia", "value": "0", "unit": "kg"}, {"date": "2020-04-01", "country": "Cambodia", "value": "0", "unit": "kg"}, {"date": "2020-05-01", "country": "Cambodia", "value": "0", "unit": "kg"}, {"date": "2018-12-01", "country": "Canada", "value": "0", "unit": "kg"}, {"date": "2019-01-01", "country": "Canada", "value": "0", "unit": "kg"}, {"date": "2019-02-01", "country": "Canada", "value": "0", "unit": "kg"}, {"date": "2019-03-01", "country": "Canada", "value": "0", "unit": "kg"}, {"date": "2019-04-01", "country": "Canada", "value": "0", "unit": "kg"}, {"date": "2019-05-01", "country": "Canada", "value": "0", "unit": "kg"}, {"date": "2019-06-01", "country": "Canada", "value": "0", "unit": "kg"}, {"date": "2019-07-01", "country": "Canada", "value": "0", "unit": "kg"}, {"date": "2019-08-01", "country": "Canada", "value": "0", "unit": "kg"}, {"date": "2019-09-01", "country": "Canada", "value": "21000", "unit": "kg"}, {"date": "2019-10-01", "country": "Canada", "value": "0", "unit": "kg"}, {"date": "2019-11-01", "country": "Canada", "value": "0", "unit": "kg"}, {"date": "2019-12-01", "country": "Canada", "value": "0", "unit": "kg"}, {"date": "2020-01-01", "country": "Canada", "value": "0", "unit": "kg"}, {"date": "2020-02-01", "country": "Canada", "value": "0", "unit": "kg"}, {"date": "2020-03-01", "country": "Canada", "value": "0", "unit": "kg"}, {"date": "2020-04-01", "country": "Canada", "value": "0", "unit": "kg"}, {"date": "2020-05-01", "country": "Canada", "value": "0", "unit": "kg"}, {"date": "2018-12-01", "country": "Chile", "value": "0", "unit": "kg"}, {"date": "2019-01-01", "country": "Chile", "value": "0", "unit": "kg"}, {"date": "2019-02-01", "country": "Chile", "value": "0", "unit": "kg"}, {"date": "2019-03-01", "country": "Chile", "value": "0", "unit": "kg"}, {"date": "2019-04-01", "country": "Chile", "value": "0", "unit": "kg"}, {"date": "2019-05-01", "country": "Chile", "value": "0", "unit": "kg"}, {"date": "2019-06-01", "country": "Chile", "value": "0", "unit": "kg"}, {"date": "2019-07-01", "country": "Chile", "value": "0", "unit": "kg"}, {"date": "2019-08-01", "country": "Chile", "value": "0", "unit": "kg"}, {"date": "2019-09-01", "country": "Chile", "value": "0", "unit": "kg"}, {"date": "2019-10-01", "country": "Chile", "value": "292", "unit": "kg"}, {"date": "2019-11-01", "country": "Chile", "value": "0", "unit": "kg"}, {"date": "2019-12-01", "country": "Chile", "value": "0", "unit": "kg"}, {"date": "2020-01-01", "country": "Chile", "value": "0", "unit": "kg"}, {"date": "2020-02-01", "country": "Chile", "value": "0", "unit": "kg"}, {"date": "2020-03-01", "country": "Chile", "value": "0", "unit": "kg"}, {"date": "2020-04-01", "country": "Chile", "value": "0", "unit": "kg"}, {"date": "2020-05-01", "country": "Chile", "value": "0", "unit": "kg"}, {"date": "2018-12-01", "country": "Denmark", "value": "0", "unit": "kg"}, {"date": "2019-01-01", "country": "Denmark", "value": "0", "unit": "kg"}, {"date": "2019-02-01", "country": "Denmark", "value": "1400", "unit": "kg"}, {"date": "2019-03-01", "country": "Denmark", "value": "0", "unit": "kg"}, {"date": "2019-04-01", "country": "Denmark", "value": "0", "unit": "kg"}, {"date": "2019-05-01", "country": "Denmark", "value": "216", "unit": "kg"}, {"date": "2019-06-01", "country": "Denmark", "value": "0", "unit": "kg"}, {"date": "2019-07-01", "country": "Denmark", "value": "0", "unit": "kg"}, {"date": "2019-08-01", "country": "Denmark", "value": "1115", "unit": "kg"}, {"date": "2019-09-01", "country": "Denmark", "value": "0", "unit": "kg"}, {"date": "2019-10-01", "country": "Denmark", "value": "0", "unit": "kg"}, {"date": "2019-11-01", "country": "Denmark", "value": "0", "unit": "kg"}, {"date": "2019-12-01", "country": "Denmark", "value": "2750", "unit": "kg"}, {"date": "2020-01-01", "country": "Denmark", "value": "0", "unit": "kg"}, {"date": "2020-02-01", "country": "Denmark", "value": "0", "unit": "kg"}, {"date": "2020-03-01", "country": "Denmark", "value": "724", "unit": "kg"}, {"date": "2020-04-01", "country": "Denmark", "value": "0", "unit": "kg"}, {"date": "2020-05-01", "country": "Denmark", "value": "0", "unit": "kg"}, {"date": "2018-12-01", "country": "Finland", "value": "48400", "unit": "kg"}, {"date": "2019-01-01", "country": "Finland", "value": "72600", "unit": "kg"}, {"date": "2019-02-01", "country": "Finland", "value": "0", "unit": "kg"}, {"date": "2019-03-01", "country": "Finland", "value": "0", "unit": "kg"}, {"date": "2019-04-01", "country": "Finland", "value": "0", "unit": "kg"}, {"date": "2019-05-01", "country": "Finland", "value": "0", "unit": "kg"}, {"date": "2019-06-01", "country": "Finland", "value": "0", "unit": "kg"}, {"date": "2019-07-01", "country": "Finland", "value": "0", "unit": "kg"}, {"date": "2019-08-01", "country": "Finland", "value": "0", "unit": "kg"}, {"date": "2019-09-01", "country": "Finland", "value": "0", "unit": "kg"}, {"date": "2019-10-01", "country": "Finland", "value": "1805", "unit": "kg"}, {"date": "2019-11-01", "country": "Finland", "value": "0", "unit": "kg"}, {"date": "2019-12-01", "country": "Finland", "value": "0", "unit": "kg"}, {"date": "2020-01-01", "country": "Finland", "value": "0", "unit": "kg"}, {"date": "2020-02-01", "country": "Finland", "value": "0", "unit": "kg"}, {"date": "2020-03-01", "country": "Finland", "value": "1810", "unit": "kg"}, {"date": "2020-04-01", "country": "Finland", "value": "0", "unit": "kg"}, {"date": "2020-05-01", "country": "Finland", "value": "0", "unit": "kg"}, {"date": "2018-12-01", "country": "France", "value": "0", "unit": "kg"}, {"date": "2019-01-01", "country": "France", "value": "0", "unit": "kg"}, {"date": "2019-02-01", "country": "France", "value": "0", "unit": "kg"}, {"date": "2019-03-01", "country": "France", "value": "0", "unit": "kg"}, {"date": "2019-04-01", "country": "France", "value": "10", "unit": "kg"}, {"date": "2019-05-01", "country": "France", "value": "0", "unit": "kg"}, {"date": "2019-06-01", "country": "France", "value": "960", "unit": "kg"}, {"date": "2019-07-01", "country": "France", "value": "0", "unit": "kg"}, {"date": "2019-08-01", "country": "France", "value": "100", "unit": "kg"}, {"date": "2019-09-01", "country": "France", "value": "0", "unit": "kg"}, {"date": "2019-10-01", "country": "France", "value": "0", "unit": "kg"}, {"date": "2019-11-01", "country": "France", "value": "0", "unit": "kg"}, {"date": "2019-12-01", "country": "France", "value": "0", "unit": "kg"}, {"date": "2020-01-01", "country": "France", "value": "0", "unit": "kg"}, {"date": "2020-02-01", "country": "France", "value": "0", "unit": "kg"}, {"date": "2020-03-01", "country": "France", "value": "0", "unit": "kg"}, {"date": "2020-04-01", "country": "France", "value": "0", "unit": "kg"}, {"date": "2020-05-01", "country": "France", "value": "0", "unit": "kg"}, {"date": "2018-12-01", "country": "Djibouti", "value": "0", "unit": "kg"}, {"date": "2019-01-01", "country": "Djibouti", "value": "0", "unit": "kg"}, {"date": "2019-02-01", "country": "Djibouti", "value": "0", "unit": "kg"}, {"date": "2019-03-01", "country": "Djibouti", "value": "0", "unit": "kg"}, {"date": "2019-04-01", "country": "Djibouti", "value": "0", "unit": "kg"}, {"date": "2019-05-01", "country": "Djibouti", "value": "0", "unit": "kg"}, {"date": "2019-06-01", "country": "Djibouti", "value": "0", "unit": "kg"}, {"date": "2019-07-01", "country": "Djibouti", "value": "0", "unit": "kg"}, {"date": "2019-08-01", "country": "Djibouti", "value": "0", "unit": "kg"}, {"date": "2019-09-01", "country": "Djibouti", "value": "0", "unit": "kg"}, {"date": "2019-10-01", "country": "Djibouti", "value": "500", "unit": "kg"}, {"date": "2019-11-01", "country": "Djibouti", "value": "0", "unit": "kg"}, {"date": "2019-12-01", "country": "Djibouti", "value": "0", "unit": "kg"}, {"date": "2020-01-01", "country": "Djibouti", "value": "0", "unit": "kg"}, {"date": "2020-02-01", "country": "Djibouti", "value": "0", "unit": "kg"}, {"date": "2020-03-01", "country": "Djibouti", "value": "0", "unit": "kg"}, {"date": "2020-04-01", "country": "Djibouti", "value": "0", "unit": "kg"}, {"date": "2020-05-01", "country": "Djibouti", "value": "0", "unit": "kg"}, {"date": "2018-12-01", "country": "New Caledonia", "value": "0", "unit": "kg"}, {"date": "2019-01-01", "country": "New Caledonia", "value": "0", "unit": "kg"}, {"date": "2019-02-01", "country": "New Caledonia", "value": "446", "unit": "kg"}, {"date": "2019-03-01", "country": "New Caledonia", "value": "0", "unit": "kg"}, {"date": "2019-04-01", "country": "New Caledonia", "value": "0", "unit": "kg"}, {"date": "2019-05-01", "country": "New Caledonia", "value": "102", "unit": "kg"}, {"date": "2019-06-01", "country": "New Caledonia", "value": "0", "unit": "kg"}, {"date": "2019-07-01", "country": "New Caledonia", "value": "150", "unit": "kg"}, {"date": "2019-08-01", "country": "New Caledonia", "value": "993", "unit": "kg"}, {"date": "2019-09-01", "country": "New Caledonia", "value": "0", "unit": "kg"}, {"date": "2019-10-01", "country": "New Caledonia", "value": "574", "unit": "kg"}, {"date": "2019-11-01", "country": "New Caledonia", "value": "1329", "unit": "kg"}, {"date": "2019-12-01", "country": "New Caledonia", "value": "0", "unit": "kg"}, {"date": "2020-01-01", "country": "New Caledonia", "value": "227", "unit": "kg"}, {"date": "2020-02-01", "country": "New Caledonia", "value": "0", "unit": "kg"}, {"date": "2020-03-01", "country": "New Caledonia", "value": "0", "unit": "kg"}, {"date": "2020-04-01", "country": "New Caledonia", "value": "0", "unit": "kg"}, {"date": "2020-05-01", "country": "New Caledonia", "value": "0", "unit": "kg"}, {"date": "2018-12-01", "country": "Morocco", "value": "0", "unit": "kg"}, {"date": "2019-01-01", "country": "Morocco", "value": "576", "unit": "kg"}, {"date": "2019-02-01", "country": "Morocco", "value": "0", "unit": "kg"}, {"date": "2019-03-01", "country": "Morocco", "value": "0", "unit": "kg"}, {"date": "2019-04-01", "country": "Morocco", "value": "0", "unit": "kg"}, {"date": "2019-05-01", "country": "Morocco", "value": "486", "unit": "kg"}, {"date": "2019-06-01", "country": "Morocco", "value": "0", "unit": "kg"}, {"date": "2019-07-01", "country": "Morocco", "value": "0", "unit": "kg"}, {"date": "2019-08-01", "country": "Morocco", "value": "0", "unit": "kg"}, {"date": "2019-09-01", "country": "Morocco", "value": "0", "unit": "kg"}, {"date": "2019-10-01", "country": "Morocco", "value": "0", "unit": "kg"}, {"date": "2019-11-01", "country": "Morocco", "value": "0", "unit": "kg"}, {"date": "2019-12-01", "country": "Morocco", "value": "0", "unit": "kg"}, {"date": "2020-01-01", "country": "Morocco", "value": "0", "unit": "kg"}, {"date": "2020-02-01", "country": "Morocco", "value": "0", "unit": "kg"}, {"date": "2020-03-01", "country": "Morocco", "value": "280", "unit": "kg"}, {"date": "2020-04-01", "country": "Morocco", "value": "0", "unit": "kg"}, {"date": "2020-05-01", "country": "Morocco", "value": "0", "unit": "kg"}, {"date": "2018-12-01", "country": "Australia", "value": "0", "unit": "kg"}, {"date": "2019-01-01", "country": "Australia", "value": "0", "unit": "kg"}, {"date": "2019-02-01", "country": "Australia", "value": "0", "unit": "kg"}, {"date": "2019-03-01", "country": "Australia", "value": "831", "unit": "kg"}, {"date": "2019-04-01", "country": "Australia", "value": "0", "unit": "kg"}, {"date": "2019-05-01", "country": "Australia", "value": "0", "unit": "kg"}, {"date": "2019-06-01", "country": "Australia", "value": "0", "unit": "kg"}, {"date": "2019-07-01", "country": "Australia", "value": "0", "unit": "kg"}, {"date": "2019-08-01", "country": "Australia", "value": "761", "unit": "kg"}, {"date": "2019-09-01", "country": "Australia", "value": "0", "unit": "kg"}, {"date": "2019-10-01", "country": "Australia", "value": "0", "unit": "kg"}, {"date": "2019-11-01", "country": "Australia", "value": "0", "unit": "kg"}, {"date": "2019-12-01", "country": "Australia", "value": "0", "unit": "kg"}, {"date": "2020-01-01", "country": "Australia", "value": "0", "unit": "kg"}, {"date": "2020-02-01", "country": "Australia", "value": "520", "unit": "kg"}, {"date": "2020-03-01", "country": "Australia", "value": "0", "unit": "kg"}, {"date": "2020-04-01", "country": "Australia", "value": "0", "unit": "kg"}, {"date": "2020-05-01", "country": "Australia", "value": "0", "unit": "kg"}, {"date": "2018-12-01", "country": "Austria", "value": "1000", "unit": "kg"}, {"date": "2019-01-01", "country": "Austria", "value": "0", "unit": "kg"}, {"date": "2019-02-01", "country": "Austria", "value": "0", "unit": "kg"}, {"date": "2019-03-01", "country": "Austria", "value": "0", "unit": "kg"}, {"date": "2019-04-01", "country": "Austria", "value": "0", "unit": "kg"}, {"date": "2019-05-01", "country": "Austria", "value": "0", "unit": "kg"}, {"date": "2019-06-01", "country": "Austria", "value": "1000", "unit": "kg"}, {"date": "2019-07-01", "country": "Austria", "value": "0", "unit": "kg"}, {"date": "2019-08-01", "country": "Austria", "value": "0", "unit": "kg"}, {"date": "2019-09-01", "country": "Austria", "value": "0", "unit": "kg"}, {"date": "2019-10-01", "country": "Austria", "value": "1000", "unit": "kg"}, {"date": "2019-11-01", "country": "Austria", "value": "0", "unit": "kg"}, {"date": "2019-12-01", "country": "Austria", "value": "0", "unit": "kg"}, {"date": "2020-01-01", "country": "Austria", "value": "0", "unit": "kg"}, {"date": "2020-02-01", "country": "Austria", "value": "0", "unit": "kg"}, {"date": "2020-03-01", "country": "Austria", "value": "0", "unit": "kg"}, {"date": "2020-04-01", "country": "Austria", "value": "0", "unit": "kg"}, {"date": "2020-05-01", "country": "Austria", "value": "0", "unit": "kg"}, {"date": "2018-12-01", "country": "United Arab Emirates", "value": "0", "unit": "kg"}, {"date": "2019-01-01", "country": "United Arab Emirates", "value": "0", "unit": "kg"}, {"date": "2019-02-01", "country": "United Arab Emirates", "value": "0", "unit": "kg"}, {"date": "2019-03-01", "country": "United Arab Emirates", "value": "55", "unit": "kg"}, {"date": "2019-04-01", "country": "United Arab Emirates", "value": "221", "unit": "kg"}, {"date": "2019-05-01", "country": "United Arab Emirates", "value": "0", "unit": "kg"}, {"date": "2019-06-01", "country": "United Arab Emirates", "value": "0", "unit": "kg"}, {"date": "2019-07-01", "country": "United Arab Emirates", "value": "0", "unit": "kg"}, {"date": "2019-08-01", "country": "United Arab Emirates", "value": "0", "unit": "kg"}, {"date": "2019-09-01", "country": "United Arab Emirates", "value": "0", "unit": "kg"}, {"date": "2019-10-01", "country": "United Arab Emirates", "value": "0", "unit": "kg"}, {"date": "2019-11-01", "country": "United Arab Emirates", "value": "0", "unit": "kg"}, {"date": "2019-12-01", "country": "United Arab Emirates", "value": "0", "unit": "kg"}, {"date": "2020-01-01", "country": "United Arab Emirates", "value": "0", "unit": "kg"}, {"date": "2020-02-01", "country": "United Arab Emirates", "value": "0", "unit": "kg"}, {"date": "2020-03-01", "country": "United Arab Emirates", "value": "0", "unit": "kg"}, {"date": "2020-04-01", "country": "United Arab Emirates", "value": "0", "unit": "kg"}, {"date": "2020-05-01", "country": "United Arab Emirates", "value": "0", "unit": "kg"}, {"date": "2018-12-01", "country": "Sweden", "value": "88000", "unit": "kg"}, {"date": "2019-01-01", "country": "Sweden", "value": "89140", "unit": "kg"}, {"date": "2019-02-01", "country": "Sweden", "value": "840", "unit": "kg"}, {"date": "2019-03-01", "country": "Sweden", "value": "0", "unit": "kg"}, {"date": "2019-04-01", "country": "Sweden", "value": "0", "unit": "kg"}, {"date": "2019-05-01", "country": "Sweden", "value": "0", "unit": "kg"}, {"date": "2019-06-01", "country": "Sweden", "value": "0", "unit": "kg"}, {"date": "2019-07-01", "country": "Sweden", "value": "0", "unit": "kg"}, {"date": "2019-08-01", "country": "Sweden", "value": "0", "unit": "kg"}, {"date": "2019-09-01", "country": "Sweden", "value": "0", "unit": "kg"}, {"date": "2019-10-01", "country": "Sweden", "value": "0", "unit": "kg"}, {"date": "2019-11-01", "country": "Sweden", "value": "0", "unit": "kg"}, {"date": "2019-12-01", "country": "Sweden", "value": "0", "unit": "kg"}, {"date": "2020-01-01", "country": "Sweden", "value": "0", "unit": "kg"}, {"date": "2020-02-01", "country": "Sweden", "value": "0", "unit": "kg"}, {"date": "2020-03-01", "country": "Sweden", "value": "0", "unit": "kg"}, {"date": "2020-04-01", "country": "Sweden", "value": "0", "unit": "kg"}, {"date": "2020-05-01", "country": "Sweden", "value": "0", "unit": "kg"}, {"date": "2018-12-01", "country": "Saudi Arabia", "value": "2904", "unit": "kg"}, {"date": "2019-01-01", "country": "Saudi Arabia", "value": "0", "unit": "kg"}, {"date": "2019-02-01", "country": "Saudi Arabia", "value": "3585", "unit": "kg"}, {"date": "2019-03-01", "country": "Saudi Arabia", "value": "0", "unit": "kg"}, {"date": "2019-04-01", "country": "Saudi Arabia", "value": "1980", "unit": "kg"}, {"date": "2019-05-01", "country": "Saudi Arabia", "value": "1824", "unit": "kg"}, {"date": "2019-06-01", "country": "Saudi Arabia", "value": "0", "unit": "kg"}, {"date": "2019-07-01", "country": "Saudi Arabia", "value": "0", "unit": "kg"}, {"date": "2019-08-01", "country": "Saudi Arabia", "value": "0", "unit": "kg"}, {"date": "2019-09-01", "country": "Saudi Arabia", "value": "630", "unit": "kg"}, {"date": "2019-10-01", "country": "Saudi Arabia", "value": "2271", "unit": "kg"}, {"date": "2019-11-01", "country": "Saudi Arabia", "value": "0", "unit": "kg"}, {"date": "2019-12-01", "country": "Saudi Arabia", "value": "0", "unit": "kg"}, {"date": "2020-01-01", "country": "Saudi Arabia", "value": "0", "unit": "kg"}, {"date": "2020-02-01", "country": "Saudi Arabia", "value": "1440", "unit": "kg"}, {"date": "2020-03-01", "country": "Saudi Arabia", "value": "0", "unit": "kg"}, {"date": "2020-04-01", "country": "Saudi Arabia", "value": "3072", "unit": "kg"}, {"date": "2020-05-01", "country": "Saudi Arabia", "value": "630", "unit": "kg"}, {"date": "2018-12-01", "country": "Senegal", "value": "0", "unit": "kg"}, {"date": "2019-01-01", "country": "Senegal", "value": "0", "unit": "kg"}, {"date": "2019-02-01", "country": "Senegal", "value": "0", "unit": "kg"}, {"date": "2019-03-01", "country": "Senegal", "value": "398", "unit": "kg"}, {"date": "2019-04-01", "country": "Senegal", "value": "0", "unit": "kg"}, {"date": "2019-05-01", "country": "Senegal", "value": "0", "unit": "kg"}, {"date": "2019-06-01", "country": "Senegal", "value": "0", "unit": "kg"}, {"date": "2019-07-01", "country": "Senegal", "value": "2271", "unit": "kg"}, {"date": "2019-08-01", "country": "Senegal", "value": "0", "unit": "kg"}, {"date": "2019-09-01", "country": "Senegal", "value": "1006", "unit": "kg"}, {"date": "2019-10-01", "country": "Senegal", "value": "273", "unit": "kg"}, {"date": "2019-11-01", "country": "Senegal", "value": "0", "unit": "kg"}, {"date": "2019-12-01", "country": "Senegal", "value": "0", "unit": "kg"}, {"date": "2020-01-01", "country": "Senegal", "value": "0", "unit": "kg"}, {"date": "2020-02-01", "country": "Senegal", "value": "0", "unit": "kg"}, {"date": "2020-03-01", "country": "Senegal", "value": "0", "unit": "kg"}, {"date": "2020-04-01", "country": "Senegal", "value": "0", "unit": "kg"}, {"date": "2020-05-01", "country": "Senegal", "value": "0", "unit": "kg"}, {"date": "2018-12-01", "country": "Qatar", "value": "0", "unit": "kg"}, {"date": "2019-01-01", "country": "Qatar", "value": "0", "unit": "kg"}, {"date": "2019-02-01", "country": "Qatar", "value": "0", "unit": "kg"}, {"date": "2019-03-01", "country": "Qatar", "value": "0", "unit": "kg"}, {"date": "2019-04-01", "country": "Qatar", "value": "0", "unit": "kg"}, {"date": "2019-05-01", "country": "Qatar", "value": "0", "unit": "kg"}, {"date": "2019-06-01", "country": "Qatar", "value": "0", "unit": "kg"}, {"date": "2019-07-01", "country": "Qatar", "value": "0", "unit": "kg"}, {"date": "2019-08-01", "country": "Qatar", "value": "0", "unit": "kg"}, {"date": "2019-09-01", "country": "Qatar", "value": "352", "unit": "kg"}, {"date": "2019-10-01", "country": "Qatar", "value": "0", "unit": "kg"}, {"date": "2019-11-01", "country": "Qatar", "value": "0", "unit": "kg"}, {"date": "2019-12-01", "country": "Qatar", "value": "0", "unit": "kg"}, {"date": "2020-01-01", "country": "Qatar", "value": "0", "unit": "kg"}, {"date": "2020-02-01", "country": "Qatar", "value": "0", "unit": "kg"}, {"date": "2020-03-01", "country": "Qatar", "value": "0", "unit": "kg"}, {"date": "2020-04-01", "country": "Qatar", "value": "0", "unit": "kg"}, {"date": "2020-05-01", "country": "Qatar", "value": "0", "unit": "kg"}, {"date": "2018-12-01", "country": "United Kingdom", "value": "26090", "unit": "kg"}, {"date": "2019-01-01", "country": "United Kingdom", "value": "28885", "unit": "kg"}, {"date": "2019-02-01", "country": "United Kingdom", "value": "42261", "unit": "kg"}, {"date": "2019-03-01", "country": "United Kingdom", "value": "54300", "unit": "kg"}, {"date": "2019-04-01", "country": "United Kingdom", "value": "22609", "unit": "kg"}, {"date": "2019-05-01", "country": "United Kingdom", "value": "29605", "unit": "kg"}, {"date": "2019-06-01", "country": "United Kingdom", "value": "38839", "unit": "kg"}, {"date": "2019-07-01", "country": "United Kingdom", "value": "27490", "unit": "kg"}, {"date": "2019-08-01", "country": "United Kingdom", "value": "9380", "unit": "kg"}, {"date": "2019-09-01", "country": "United Kingdom", "value": "1560", "unit": "kg"}, {"date": "2019-10-01", "country": "United Kingdom", "value": "21140", "unit": "kg"}, {"date": "2019-11-01", "country": "United Kingdom", "value": "1400", "unit": "kg"}, {"date": "2019-12-01", "country": "United Kingdom", "value": "30371", "unit": "kg"}, {"date": "2020-01-01", "country": "United Kingdom", "value": "1400", "unit": "kg"}, {"date": "2020-02-01", "country": "United Kingdom", "value": "32467", "unit": "kg"}, {"date": "2020-03-01", "country": "United Kingdom", "value": "3543", "unit": "kg"}, {"date": "2020-04-01", "country": "United Kingdom", "value": "5250", "unit": "kg"}, {"date": "2020-05-01", "country": "United Kingdom", "value": "4500", "unit": "kg"}, {"date": "2018-12-01", "country": "United States of America", "value": "0", "unit": "kg"}, {"date": "2019-01-01", "country": "United States of America", "value": "0", "unit": "kg"}, {"date": "2019-02-01", "country": "United States of America", "value": "0", "unit": "kg"}, {"date": "2019-03-01", "country": "United States of America", "value": "0", "unit": "kg"}, {"date": "2019-04-01", "country": "United States of America", "value": "0", "unit": "kg"}, {"date": "2019-05-01", "country": "United States of America", "value": "2000", "unit": "kg"}, {"date": "2019-06-01", "country": "United States of America", "value": "660", "unit": "kg"}, {"date": "2019-07-01", "country": "United States of America", "value": "0", "unit": "kg"}, {"date": "2019-08-01", "country": "United States of America", "value": "0", "unit": "kg"}, {"date": "2019-09-01", "country": "United States of America", "value": "0", "unit": "kg"}, {"date": "2019-10-01", "country": "United States of America", "value": "0", "unit": "kg"}, {"date": "2019-11-01", "country": "United States of America", "value": "0", "unit": "kg"}, {"date": "2019-12-01", "country": "United States of America", "value": "0", "unit": "kg"}, {"date": "2020-01-01", "country": "United States of America", "value": "0", "unit": "kg"}, {"date": "2020-02-01", "country": "United States of America", "value": "0", "unit": "kg"}, {"date": "2020-03-01", "country": "United States of America", "value": "0", "unit": "kg"}, {"date": "2020-04-01", "country": "United States of America", "value": "762", "unit": "kg"}, {"date": "2020-05-01", "country": "United States of America", "value": "0", "unit": "kg"}]