[{"date": "2018-11-01", "country": "Ireland", "value": "21696", "unit": "kg"}, {"date": "2018-12-01", "country": "Ireland", "value": "6462", "unit": "kg"}, {"date": "2019-01-01", "country": "Ireland", "value": "9136", "unit": "kg"}, {"date": "2019-02-01", "country": "Ireland", "value": "3701", "unit": "kg"}, {"date": "2019-03-01", "country": "Ireland", "value": "6195", "unit": "kg"}, {"date": "2019-04-01", "country": "Ireland", "value": "4860", "unit": "kg"}, {"date": "2019-05-01", "country": "Ireland", "value": "4639", "unit": "kg"}, {"date": "2019-06-01", "country": "Ireland", "value": "3449", "unit": "kg"}, {"date": "2019-07-01", "country": "Ireland", "value": "5495", "unit": "kg"}, {"date": "2019-08-01", "country": "Ireland", "value": "3913", "unit": "kg"}, {"date": "2019-09-01", "country": "Ireland", "value": "3120", "unit": "kg"}, {"date": "2019-10-01", "country": "Ireland", "value": "3728", "unit": "kg"}, {"date": "2019-11-01", "country": "Ireland", "value": "3260", "unit": "kg"}, {"date": "2019-12-01", "country": "Ireland", "value": "1948", "unit": "kg"}, {"date": "2020-01-01", "country": "Ireland", "value": "3106", "unit": "kg"}, {"date": "2020-02-01", "country": "Ireland", "value": "9356", "unit": "kg"}, {"date": "2020-03-01", "country": "Ireland", "value": "8117", "unit": "kg"}, {"date": "2020-04-01", "country": "Ireland", "value": "3240", "unit": "kg"}, {"date": "2018-11-01", "country": "Spain", "value": "1769", "unit": "kg"}, {"date": "2018-12-01", "country": "Spain", "value": "1554", "unit": "kg"}, {"date": "2019-01-01", "country": "Spain", "value": "1680", "unit": "kg"}, {"date": "2019-02-01", "country": "Spain", "value": "1434", "unit": "kg"}, {"date": "2019-03-01", "country": "Spain", "value": "5562", "unit": "kg"}, {"date": "2019-04-01", "country": "Spain", "value": "9843", "unit": "kg"}, {"date": "2019-05-01", "country": "Spain", "value": "1062", "unit": "kg"}, {"date": "2019-06-01", "country": "Spain", "value": "1955", "unit": "kg"}, {"date": "2019-07-01", "country": "Spain", "value": "6498", "unit": "kg"}, {"date": "2019-08-01", "country": "Spain", "value": "1795", "unit": "kg"}, {"date": "2019-09-01", "country": "Spain", "value": "1516", "unit": "kg"}, {"date": "2019-10-01", "country": "Spain", "value": "7746", "unit": "kg"}, {"date": "2019-11-01", "country": "Spain", "value": "4486", "unit": "kg"}, {"date": "2019-12-01", "country": "Spain", "value": "1174", "unit": "kg"}, {"date": "2020-01-01", "country": "Spain", "value": "1736", "unit": "kg"}, {"date": "2020-02-01", "country": "Spain", "value": "1567", "unit": "kg"}, {"date": "2020-03-01", "country": "Spain", "value": "8720", "unit": "kg"}, {"date": "2020-04-01", "country": "Spain", "value": "1451", "unit": "kg"}, {"date": "2018-11-01", "country": "Czech Republic", "value": "248", "unit": "kg"}, {"date": "2018-12-01", "country": "Czech Republic", "value": "952", "unit": "kg"}, {"date": "2019-01-01", "country": "Czech Republic", "value": "1701", "unit": "kg"}, {"date": "2019-02-01", "country": "Czech Republic", "value": "1087", "unit": "kg"}, {"date": "2019-03-01", "country": "Czech Republic", "value": "338", "unit": "kg"}, {"date": "2019-04-01", "country": "Czech Republic", "value": "829", "unit": "kg"}, {"date": "2019-05-01", "country": "Czech Republic", "value": "1878", "unit": "kg"}, {"date": "2019-06-01", "country": "Czech Republic", "value": "738", "unit": "kg"}, {"date": "2019-07-01", "country": "Czech Republic", "value": "1376", "unit": "kg"}, {"date": "2019-08-01", "country": "Czech Republic", "value": "1218", "unit": "kg"}, {"date": "2019-09-01", "country": "Czech Republic", "value": "1583", "unit": "kg"}, {"date": "2019-10-01", "country": "Czech Republic", "value": "2276", "unit": "kg"}, {"date": "2019-11-01", "country": "Czech Republic", "value": "414", "unit": "kg"}, {"date": "2019-12-01", "country": "Czech Republic", "value": "557", "unit": "kg"}, {"date": "2020-01-01", "country": "Czech Republic", "value": "1535", "unit": "kg"}, {"date": "2020-02-01", "country": "Czech Republic", "value": "1039", "unit": "kg"}, {"date": "2020-03-01", "country": "Czech Republic", "value": "4726", "unit": "kg"}, {"date": "2020-04-01", "country": "Czech Republic", "value": "555", "unit": "kg"}, {"date": "2018-11-01", "country": "Hong Kong, China", "value": "687", "unit": "kg"}, {"date": "2018-12-01", "country": "Hong Kong, China", "value": "0", "unit": "kg"}, {"date": "2019-01-01", "country": "Hong Kong, China", "value": "0", "unit": "kg"}, {"date": "2019-02-01", "country": "Hong Kong, China", "value": "0", "unit": "kg"}, {"date": "2019-03-01", "country": "Hong Kong, China", "value": "0", "unit": "kg"}, {"date": "2019-04-01", "country": "Hong Kong, China", "value": "0", "unit": "kg"}, {"date": "2019-05-01", "country": "Hong Kong, China", "value": "0", "unit": "kg"}, {"date": "2019-06-01", "country": "Hong Kong, China", "value": "0", "unit": "kg"}, {"date": "2019-07-01", "country": "Hong Kong, China", "value": "0", "unit": "kg"}, {"date": "2019-08-01", "country": "Hong Kong, China", "value": "0", "unit": "kg"}, {"date": "2019-09-01", "country": "Hong Kong, China", "value": "0", "unit": "kg"}, {"date": "2019-10-01", "country": "Hong Kong, China", "value": "0", "unit": "kg"}, {"date": "2019-11-01", "country": "Hong Kong, China", "value": "0", "unit": "kg"}, {"date": "2019-12-01", "country": "Hong Kong, China", "value": "0", "unit": "kg"}, {"date": "2020-01-01", "country": "Hong Kong, China", "value": "0", "unit": "kg"}, {"date": "2020-02-01", "country": "Hong Kong, China", "value": "0", "unit": "kg"}, {"date": "2020-03-01", "country": "Hong Kong, China", "value": "520", "unit": "kg"}, {"date": "2020-04-01", "country": "Hong Kong, China", "value": "0", "unit": "kg"}, {"date": "2018-11-01", "country": "Malta", "value": "152", "unit": "kg"}, {"date": "2018-12-01", "country": "Malta", "value": "312", "unit": "kg"}, {"date": "2019-01-01", "country": "Malta", "value": "460", "unit": "kg"}, {"date": "2019-02-01", "country": "Malta", "value": "519", "unit": "kg"}, {"date": "2019-03-01", "country": "Malta", "value": "389", "unit": "kg"}, {"date": "2019-04-01", "country": "Malta", "value": "0", "unit": "kg"}, {"date": "2019-05-01", "country": "Malta", "value": "0", "unit": "kg"}, {"date": "2019-06-01", "country": "Malta", "value": "1358", "unit": "kg"}, {"date": "2019-07-01", "country": "Malta", "value": "573", "unit": "kg"}, {"date": "2019-08-01", "country": "Malta", "value": "826", "unit": "kg"}, {"date": "2019-09-01", "country": "Malta", "value": "517", "unit": "kg"}, {"date": "2019-10-01", "country": "Malta", "value": "261", "unit": "kg"}, {"date": "2019-11-01", "country": "Malta", "value": "0", "unit": "kg"}, {"date": "2019-12-01", "country": "Malta", "value": "0", "unit": "kg"}, {"date": "2020-01-01", "country": "Malta", "value": "369", "unit": "kg"}, {"date": "2020-02-01", "country": "Malta", "value": "0", "unit": "kg"}, {"date": "2020-03-01", "country": "Malta", "value": "552", "unit": "kg"}, {"date": "2020-04-01", "country": "Malta", "value": "209", "unit": "kg"}, {"date": "2018-11-01", "country": "United Arab Emirates", "value": "0", "unit": "kg"}, {"date": "2018-12-01", "country": "United Arab Emirates", "value": "2388", "unit": "kg"}, {"date": "2019-01-01", "country": "United Arab Emirates", "value": "2920", "unit": "kg"}, {"date": "2019-02-01", "country": "United Arab Emirates", "value": "1652", "unit": "kg"}, {"date": "2019-03-01", "country": "United Arab Emirates", "value": "3192", "unit": "kg"}, {"date": "2019-04-01", "country": "United Arab Emirates", "value": "6884", "unit": "kg"}, {"date": "2019-05-01", "country": "United Arab Emirates", "value": "3014", "unit": "kg"}, {"date": "2019-06-01", "country": "United Arab Emirates", "value": "1756", "unit": "kg"}, {"date": "2019-07-01", "country": "United Arab Emirates", "value": "3584", "unit": "kg"}, {"date": "2019-08-01", "country": "United Arab Emirates", "value": "1346", "unit": "kg"}, {"date": "2019-09-01", "country": "United Arab Emirates", "value": "2975", "unit": "kg"}, {"date": "2019-10-01", "country": "United Arab Emirates", "value": "3686", "unit": "kg"}, {"date": "2019-11-01", "country": "United Arab Emirates", "value": "2789", "unit": "kg"}, {"date": "2019-12-01", "country": "United Arab Emirates", "value": "4131", "unit": "kg"}, {"date": "2020-01-01", "country": "United Arab Emirates", "value": "3716", "unit": "kg"}, {"date": "2020-02-01", "country": "United Arab Emirates", "value": "3706", "unit": "kg"}, {"date": "2020-03-01", "country": "United Arab Emirates", "value": "6626", "unit": "kg"}, {"date": "2020-04-01", "country": "United Arab Emirates", "value": "1544", "unit": "kg"}, {"date": "2018-11-01", "country": "France", "value": "17889", "unit": "kg"}, {"date": "2018-12-01", "country": "France", "value": "14123", "unit": "kg"}, {"date": "2019-01-01", "country": "France", "value": "16451", "unit": "kg"}, {"date": "2019-02-01", "country": "France", "value": "3118", "unit": "kg"}, {"date": "2019-03-01", "country": "France", "value": "25629", "unit": "kg"}, {"date": "2019-04-01", "country": "France", "value": "4744", "unit": "kg"}, {"date": "2019-05-01", "country": "France", "value": "1683", "unit": "kg"}, {"date": "2019-06-01", "country": "France", "value": "1733", "unit": "kg"}, {"date": "2019-07-01", "country": "France", "value": "1744", "unit": "kg"}, {"date": "2019-08-01", "country": "France", "value": "1304", "unit": "kg"}, {"date": "2019-09-01", "country": "France", "value": "19510", "unit": "kg"}, {"date": "2019-10-01", "country": "France", "value": "5489", "unit": "kg"}, {"date": "2019-11-01", "country": "France", "value": "1105", "unit": "kg"}, {"date": "2019-12-01", "country": "France", "value": "982", "unit": "kg"}, {"date": "2020-01-01", "country": "France", "value": "1552", "unit": "kg"}, {"date": "2020-02-01", "country": "France", "value": "1306", "unit": "kg"}, {"date": "2020-03-01", "country": "France", "value": "6502", "unit": "kg"}, {"date": "2020-04-01", "country": "France", "value": "0", "unit": "kg"}, {"date": "2018-11-01", "country": "Portugal", "value": "165", "unit": "kg"}, {"date": "2018-12-01", "country": "Portugal", "value": "150", "unit": "kg"}, {"date": "2019-01-01", "country": "Portugal", "value": "133", "unit": "kg"}, {"date": "2019-02-01", "country": "Portugal", "value": "0", "unit": "kg"}, {"date": "2019-03-01", "country": "Portugal", "value": "0", "unit": "kg"}, {"date": "2019-04-01", "country": "Portugal", "value": "0", "unit": "kg"}, {"date": "2019-05-01", "country": "Portugal", "value": "0", "unit": "kg"}, {"date": "2019-06-01", "country": "Portugal", "value": "3899", "unit": "kg"}, {"date": "2019-07-01", "country": "Portugal", "value": "179", "unit": "kg"}, {"date": "2019-08-01", "country": "Portugal", "value": "167", "unit": "kg"}, {"date": "2019-09-01", "country": "Portugal", "value": "149", "unit": "kg"}, {"date": "2019-10-01", "country": "Portugal", "value": "196", "unit": "kg"}, {"date": "2019-11-01", "country": "Portugal", "value": "0", "unit": "kg"}, {"date": "2019-12-01", "country": "Portugal", "value": "0", "unit": "kg"}, {"date": "2020-01-01", "country": "Portugal", "value": "178", "unit": "kg"}, {"date": "2020-02-01", "country": "Portugal", "value": "167", "unit": "kg"}, {"date": "2020-03-01", "country": "Portugal", "value": "328", "unit": "kg"}, {"date": "2020-04-01", "country": "Portugal", "value": "138", "unit": "kg"}, {"date": "2018-11-01", "country": "Germany", "value": "30", "unit": "kg"}, {"date": "2018-12-01", "country": "Germany", "value": "0", "unit": "kg"}, {"date": "2019-01-01", "country": "Germany", "value": "0", "unit": "kg"}, {"date": "2019-02-01", "country": "Germany", "value": "0", "unit": "kg"}, {"date": "2019-03-01", "country": "Germany", "value": "0", "unit": "kg"}, {"date": "2019-04-01", "country": "Germany", "value": "0", "unit": "kg"}, {"date": "2019-05-01", "country": "Germany", "value": "1", "unit": "kg"}, {"date": "2019-06-01", "country": "Germany", "value": "0", "unit": "kg"}, {"date": "2019-07-01", "country": "Germany", "value": "0", "unit": "kg"}, {"date": "2019-08-01", "country": "Germany", "value": "0", "unit": "kg"}, {"date": "2019-09-01", "country": "Germany", "value": "1", "unit": "kg"}, {"date": "2019-10-01", "country": "Germany", "value": "0", "unit": "kg"}, {"date": "2019-11-01", "country": "Germany", "value": "5", "unit": "kg"}, {"date": "2019-12-01", "country": "Germany", "value": "0", "unit": "kg"}, {"date": "2020-01-01", "country": "Germany", "value": "0", "unit": "kg"}, {"date": "2020-02-01", "country": "Germany", "value": "0", "unit": "kg"}, {"date": "2020-03-01", "country": "Germany", "value": "0", "unit": "kg"}, {"date": "2020-04-01", "country": "Germany", "value": "0", "unit": "kg"}, {"date": "2018-11-01", "country": "Greece", "value": "84", "unit": "kg"}, {"date": "2018-12-01", "country": "Greece", "value": "0", "unit": "kg"}, {"date": "2019-01-01", "country": "Greece", "value": "0", "unit": "kg"}, {"date": "2019-02-01", "country": "Greece", "value": "0", "unit": "kg"}, {"date": "2019-03-01", "country": "Greece", "value": "0", "unit": "kg"}, {"date": "2019-04-01", "country": "Greece", "value": "0", "unit": "kg"}, {"date": "2019-05-01", "country": "Greece", "value": "0", "unit": "kg"}, {"date": "2019-06-01", "country": "Greece", "value": "0", "unit": "kg"}, {"date": "2019-07-01", "country": "Greece", "value": "42", "unit": "kg"}, {"date": "2019-08-01", "country": "Greece", "value": "0", "unit": "kg"}, {"date": "2019-09-01", "country": "Greece", "value": "28", "unit": "kg"}, {"date": "2019-10-01", "country": "Greece", "value": "0", "unit": "kg"}, {"date": "2019-11-01", "country": "Greece", "value": "0", "unit": "kg"}, {"date": "2019-12-01", "country": "Greece", "value": "0", "unit": "kg"}, {"date": "2020-01-01", "country": "Greece", "value": "14", "unit": "kg"}, {"date": "2020-02-01", "country": "Greece", "value": "0", "unit": "kg"}, {"date": "2020-03-01", "country": "Greece", "value": "42", "unit": "kg"}, {"date": "2020-04-01", "country": "Greece", "value": "0", "unit": "kg"}, {"date": "2018-11-01", "country": "Djibouti", "value": "0", "unit": "kg"}, {"date": "2018-12-01", "country": "Djibouti", "value": "0", "unit": "kg"}, {"date": "2019-01-01", "country": "Djibouti", "value": "0", "unit": "kg"}, {"date": "2019-02-01", "country": "Djibouti", "value": "8000", "unit": "kg"}, {"date": "2019-03-01", "country": "Djibouti", "value": "0", "unit": "kg"}, {"date": "2019-04-01", "country": "Djibouti", "value": "0", "unit": "kg"}, {"date": "2019-05-01", "country": "Djibouti", "value": "0", "unit": "kg"}, {"date": "2019-06-01", "country": "Djibouti", "value": "0", "unit": "kg"}, {"date": "2019-07-01", "country": "Djibouti", "value": "0", "unit": "kg"}, {"date": "2019-08-01", "country": "Djibouti", "value": "0", "unit": "kg"}, {"date": "2019-09-01", "country": "Djibouti", "value": "0", "unit": "kg"}, {"date": "2019-10-01", "country": "Djibouti", "value": "0", "unit": "kg"}, {"date": "2019-11-01", "country": "Djibouti", "value": "0", "unit": "kg"}, {"date": "2019-12-01", "country": "Djibouti", "value": "0", "unit": "kg"}, {"date": "2020-01-01", "country": "Djibouti", "value": "0", "unit": "kg"}, {"date": "2020-02-01", "country": "Djibouti", "value": "0", "unit": "kg"}, {"date": "2020-03-01", "country": "Djibouti", "value": "0", "unit": "kg"}, {"date": "2020-04-01", "country": "Djibouti", "value": "0", "unit": "kg"}, {"date": "2018-11-01", "country": "Gambia", "value": "0", "unit": "kg"}, {"date": "2018-12-01", "country": "Gambia", "value": "0", "unit": "kg"}, {"date": "2019-01-01", "country": "Gambia", "value": "1500", "unit": "kg"}, {"date": "2019-02-01", "country": "Gambia", "value": "0", "unit": "kg"}, {"date": "2019-03-01", "country": "Gambia", "value": "0", "unit": "kg"}, {"date": "2019-04-01", "country": "Gambia", "value": "0", "unit": "kg"}, {"date": "2019-05-01", "country": "Gambia", "value": "0", "unit": "kg"}, {"date": "2019-06-01", "country": "Gambia", "value": "0", "unit": "kg"}, {"date": "2019-07-01", "country": "Gambia", "value": "0", "unit": "kg"}, {"date": "2019-08-01", "country": "Gambia", "value": "0", "unit": "kg"}, {"date": "2019-09-01", "country": "Gambia", "value": "0", "unit": "kg"}, {"date": "2019-10-01", "country": "Gambia", "value": "0", "unit": "kg"}, {"date": "2019-11-01", "country": "Gambia", "value": "0", "unit": "kg"}, {"date": "2019-12-01", "country": "Gambia", "value": "0", "unit": "kg"}, {"date": "2020-01-01", "country": "Gambia", "value": "0", "unit": "kg"}, {"date": "2020-02-01", "country": "Gambia", "value": "0", "unit": "kg"}, {"date": "2020-03-01", "country": "Gambia", "value": "0", "unit": "kg"}, {"date": "2020-04-01", "country": "Gambia", "value": "0", "unit": "kg"}, {"date": "2018-11-01", "country": "Denmark", "value": "0", "unit": "kg"}, {"date": "2018-12-01", "country": "Denmark", "value": "800", "unit": "kg"}, {"date": "2019-01-01", "country": "Denmark", "value": "0", "unit": "kg"}, {"date": "2019-02-01", "country": "Denmark", "value": "0", "unit": "kg"}, {"date": "2019-03-01", "country": "Denmark", "value": "1000", "unit": "kg"}, {"date": "2019-04-01", "country": "Denmark", "value": "0", "unit": "kg"}, {"date": "2019-05-01", "country": "Denmark", "value": "0", "unit": "kg"}, {"date": "2019-06-01", "country": "Denmark", "value": "0", "unit": "kg"}, {"date": "2019-07-01", "country": "Denmark", "value": "1000", "unit": "kg"}, {"date": "2019-08-01", "country": "Denmark", "value": "0", "unit": "kg"}, {"date": "2019-09-01", "country": "Denmark", "value": "1000", "unit": "kg"}, {"date": "2019-10-01", "country": "Denmark", "value": "0", "unit": "kg"}, {"date": "2019-11-01", "country": "Denmark", "value": "1000", "unit": "kg"}, {"date": "2019-12-01", "country": "Denmark", "value": "0", "unit": "kg"}, {"date": "2020-01-01", "country": "Denmark", "value": "0", "unit": "kg"}, {"date": "2020-02-01", "country": "Denmark", "value": "0", "unit": "kg"}, {"date": "2020-03-01", "country": "Denmark", "value": "0", "unit": "kg"}, {"date": "2020-04-01", "country": "Denmark", "value": "0", "unit": "kg"}, {"date": "2018-11-01", "country": "Finland", "value": "0", "unit": "kg"}, {"date": "2018-12-01", "country": "Finland", "value": "0", "unit": "kg"}, {"date": "2019-01-01", "country": "Finland", "value": "0", "unit": "kg"}, {"date": "2019-02-01", "country": "Finland", "value": "460", "unit": "kg"}, {"date": "2019-03-01", "country": "Finland", "value": "0", "unit": "kg"}, {"date": "2019-04-01", "country": "Finland", "value": "0", "unit": "kg"}, {"date": "2019-05-01", "country": "Finland", "value": "4000", "unit": "kg"}, {"date": "2019-06-01", "country": "Finland", "value": "0", "unit": "kg"}, {"date": "2019-07-01", "country": "Finland", "value": "0", "unit": "kg"}, {"date": "2019-08-01", "country": "Finland", "value": "0", "unit": "kg"}, {"date": "2019-09-01", "country": "Finland", "value": "0", "unit": "kg"}, {"date": "2019-10-01", "country": "Finland", "value": "0", "unit": "kg"}, {"date": "2019-11-01", "country": "Finland", "value": "0", "unit": "kg"}, {"date": "2019-12-01", "country": "Finland", "value": "0", "unit": "kg"}, {"date": "2020-01-01", "country": "Finland", "value": "0", "unit": "kg"}, {"date": "2020-02-01", "country": "Finland", "value": "0", "unit": "kg"}, {"date": "2020-03-01", "country": "Finland", "value": "0", "unit": "kg"}, {"date": "2020-04-01", "country": "Finland", "value": "0", "unit": "kg"}, {"date": "2018-11-01", "country": "Belgium", "value": "2", "unit": "kg"}, {"date": "2018-12-01", "country": "Belgium", "value": "0", "unit": "kg"}, {"date": "2019-01-01", "country": "Belgium", "value": "1", "unit": "kg"}, {"date": "2019-02-01", "country": "Belgium", "value": "5", "unit": "kg"}, {"date": "2019-03-01", "country": "Belgium", "value": "0", "unit": "kg"}, {"date": "2019-04-01", "country": "Belgium", "value": "0", "unit": "kg"}, {"date": "2019-05-01", "country": "Belgium", "value": "3", "unit": "kg"}, {"date": "2019-06-01", "country": "Belgium", "value": "0", "unit": "kg"}, {"date": "2019-07-01", "country": "Belgium", "value": "0", "unit": "kg"}, {"date": "2019-08-01", "country": "Belgium", "value": "7", "unit": "kg"}, {"date": "2019-09-01", "country": "Belgium", "value": "2", "unit": "kg"}, {"date": "2019-10-01", "country": "Belgium", "value": "62", "unit": "kg"}, {"date": "2019-11-01", "country": "Belgium", "value": "281", "unit": "kg"}, {"date": "2019-12-01", "country": "Belgium", "value": "273", "unit": "kg"}, {"date": "2020-01-01", "country": "Belgium", "value": "323", "unit": "kg"}, {"date": "2020-02-01", "country": "Belgium", "value": "366", "unit": "kg"}, {"date": "2020-03-01", "country": "Belgium", "value": "0", "unit": "kg"}, {"date": "2020-04-01", "country": "Belgium", "value": "0", "unit": "kg"}, {"date": "2018-11-01", "country": "Cyprus", "value": "0", "unit": "kg"}, {"date": "2018-12-01", "country": "Cyprus", "value": "0", "unit": "kg"}, {"date": "2019-01-01", "country": "Cyprus", "value": "0", "unit": "kg"}, {"date": "2019-02-01", "country": "Cyprus", "value": "0", "unit": "kg"}, {"date": "2019-03-01", "country": "Cyprus", "value": "501", "unit": "kg"}, {"date": "2019-04-01", "country": "Cyprus", "value": "399", "unit": "kg"}, {"date": "2019-05-01", "country": "Cyprus", "value": "0", "unit": "kg"}, {"date": "2019-06-01", "country": "Cyprus", "value": "0", "unit": "kg"}, {"date": "2019-07-01", "country": "Cyprus", "value": "0", "unit": "kg"}, {"date": "2019-08-01", "country": "Cyprus", "value": "0", "unit": "kg"}, {"date": "2019-09-01", "country": "Cyprus", "value": "0", "unit": "kg"}, {"date": "2019-10-01", "country": "Cyprus", "value": "0", "unit": "kg"}, {"date": "2019-11-01", "country": "Cyprus", "value": "0", "unit": "kg"}, {"date": "2019-12-01", "country": "Cyprus", "value": "259", "unit": "kg"}, {"date": "2020-01-01", "country": "Cyprus", "value": "0", "unit": "kg"}, {"date": "2020-02-01", "country": "Cyprus", "value": "278", "unit": "kg"}, {"date": "2020-03-01", "country": "Cyprus", "value": "0", "unit": "kg"}, {"date": "2020-04-01", "country": "Cyprus", "value": "0", "unit": "kg"}, {"date": "2018-11-01", "country": "Romania", "value": "0", "unit": "kg"}, {"date": "2018-12-01", "country": "Romania", "value": "0", "unit": "kg"}, {"date": "2019-01-01", "country": "Romania", "value": "0", "unit": "kg"}, {"date": "2019-02-01", "country": "Romania", "value": "0", "unit": "kg"}, {"date": "2019-03-01", "country": "Romania", "value": "0", "unit": "kg"}, {"date": "2019-04-01", "country": "Romania", "value": "0", "unit": "kg"}, {"date": "2019-05-01", "country": "Romania", "value": "0", "unit": "kg"}, {"date": "2019-06-01", "country": "Romania", "value": "0", "unit": "kg"}, {"date": "2019-07-01", "country": "Romania", "value": "0", "unit": "kg"}, {"date": "2019-08-01", "country": "Romania", "value": "0", "unit": "kg"}, {"date": "2019-09-01", "country": "Romania", "value": "0", "unit": "kg"}, {"date": "2019-10-01", "country": "Romania", "value": "0", "unit": "kg"}, {"date": "2019-11-01", "country": "Romania", "value": "28", "unit": "kg"}, {"date": "2019-12-01", "country": "Romania", "value": "0", "unit": "kg"}, {"date": "2020-01-01", "country": "Romania", "value": "0", "unit": "kg"}, {"date": "2020-02-01", "country": "Romania", "value": "0", "unit": "kg"}, {"date": "2020-03-01", "country": "Romania", "value": "0", "unit": "kg"}, {"date": "2020-04-01", "country": "Romania", "value": "0", "unit": "kg"}, {"date": "2018-11-01", "country": "Singapore", "value": "17", "unit": "kg"}, {"date": "2018-12-01", "country": "Singapore", "value": "0", "unit": "kg"}, {"date": "2019-01-01", "country": "Singapore", "value": "0", "unit": "kg"}, {"date": "2019-02-01", "country": "Singapore", "value": "0", "unit": "kg"}, {"date": "2019-03-01", "country": "Singapore", "value": "0", "unit": "kg"}, {"date": "2019-04-01", "country": "Singapore", "value": "0", "unit": "kg"}, {"date": "2019-05-01", "country": "Singapore", "value": "0", "unit": "kg"}, {"date": "2019-06-01", "country": "Singapore", "value": "0", "unit": "kg"}, {"date": "2019-07-01", "country": "Singapore", "value": "0", "unit": "kg"}, {"date": "2019-08-01", "country": "Singapore", "value": "0", "unit": "kg"}, {"date": "2019-09-01", "country": "Singapore", "value": "0", "unit": "kg"}, {"date": "2019-10-01", "country": "Singapore", "value": "0", "unit": "kg"}, {"date": "2019-11-01", "country": "Singapore", "value": "0", "unit": "kg"}, {"date": "2019-12-01", "country": "Singapore", "value": "0", "unit": "kg"}, {"date": "2020-01-01", "country": "Singapore", "value": "0", "unit": "kg"}, {"date": "2020-02-01", "country": "Singapore", "value": "0", "unit": "kg"}, {"date": "2020-03-01", "country": "Singapore", "value": "0", "unit": "kg"}, {"date": "2020-04-01", "country": "Singapore", "value": "0", "unit": "kg"}, {"date": "2018-11-01", "country": "Netherlands", "value": "0", "unit": "kg"}, {"date": "2018-12-01", "country": "Netherlands", "value": "0", "unit": "kg"}, {"date": "2019-01-01", "country": "Netherlands", "value": "0", "unit": "kg"}, {"date": "2019-02-01", "country": "Netherlands", "value": "3", "unit": "kg"}, {"date": "2019-03-01", "country": "Netherlands", "value": "15", "unit": "kg"}, {"date": "2019-04-01", "country": "Netherlands", "value": "20", "unit": "kg"}, {"date": "2019-05-01", "country": "Netherlands", "value": "30", "unit": "kg"}, {"date": "2019-06-01", "country": "Netherlands", "value": "32", "unit": "kg"}, {"date": "2019-07-01", "country": "Netherlands", "value": "32", "unit": "kg"}, {"date": "2019-08-01", "country": "Netherlands", "value": "31", "unit": "kg"}, {"date": "2019-09-01", "country": "Netherlands", "value": "47", "unit": "kg"}, {"date": "2019-10-01", "country": "Netherlands", "value": "17", "unit": "kg"}, {"date": "2019-11-01", "country": "Netherlands", "value": "128", "unit": "kg"}, {"date": "2019-12-01", "country": "Netherlands", "value": "543", "unit": "kg"}, {"date": "2020-01-01", "country": "Netherlands", "value": "17", "unit": "kg"}, {"date": "2020-02-01", "country": "Netherlands", "value": "48", "unit": "kg"}, {"date": "2020-03-01", "country": "Netherlands", "value": "72", "unit": "kg"}, {"date": "2020-04-01", "country": "Netherlands", "value": "0", "unit": "kg"}, {"date": "2018-11-01", "country": "Poland", "value": "0", "unit": "kg"}, {"date": "2018-12-01", "country": "Poland", "value": "200", "unit": "kg"}, {"date": "2019-01-01", "country": "Poland", "value": "0", "unit": "kg"}, {"date": "2019-02-01", "country": "Poland", "value": "0", "unit": "kg"}, {"date": "2019-03-01", "country": "Poland", "value": "0", "unit": "kg"}, {"date": "2019-04-01", "country": "Poland", "value": "0", "unit": "kg"}, {"date": "2019-05-01", "country": "Poland", "value": "200", "unit": "kg"}, {"date": "2019-06-01", "country": "Poland", "value": "0", "unit": "kg"}, {"date": "2019-07-01", "country": "Poland", "value": "0", "unit": "kg"}, {"date": "2019-08-01", "country": "Poland", "value": "0", "unit": "kg"}, {"date": "2019-09-01", "country": "Poland", "value": "0", "unit": "kg"}, {"date": "2019-10-01", "country": "Poland", "value": "0", "unit": "kg"}, {"date": "2019-11-01", "country": "Poland", "value": "1", "unit": "kg"}, {"date": "2019-12-01", "country": "Poland", "value": "0", "unit": "kg"}, {"date": "2020-01-01", "country": "Poland", "value": "0", "unit": "kg"}, {"date": "2020-02-01", "country": "Poland", "value": "180", "unit": "kg"}, {"date": "2020-03-01", "country": "Poland", "value": "0", "unit": "kg"}, {"date": "2020-04-01", "country": "Poland", "value": "0", "unit": "kg"}, {"date": "2018-11-01", "country": "Hungary", "value": "0", "unit": "kg"}, {"date": "2018-12-01", "country": "Hungary", "value": "0", "unit": "kg"}, {"date": "2019-01-01", "country": "Hungary", "value": "0", "unit": "kg"}, {"date": "2019-02-01", "country": "Hungary", "value": "0", "unit": "kg"}, {"date": "2019-03-01", "country": "Hungary", "value": "0", "unit": "kg"}, {"date": "2019-04-01", "country": "Hungary", "value": "0", "unit": "kg"}, {"date": "2019-05-01", "country": "Hungary", "value": "0", "unit": "kg"}, {"date": "2019-06-01", "country": "Hungary", "value": "0", "unit": "kg"}, {"date": "2019-07-01", "country": "Hungary", "value": "0", "unit": "kg"}, {"date": "2019-08-01", "country": "Hungary", "value": "0", "unit": "kg"}, {"date": "2019-09-01", "country": "Hungary", "value": "0", "unit": "kg"}, {"date": "2019-10-01", "country": "Hungary", "value": "0", "unit": "kg"}, {"date": "2019-11-01", "country": "Hungary", "value": "289", "unit": "kg"}, {"date": "2019-12-01", "country": "Hungary", "value": "126", "unit": "kg"}, {"date": "2020-01-01", "country": "Hungary", "value": "0", "unit": "kg"}, {"date": "2020-02-01", "country": "Hungary", "value": "667", "unit": "kg"}, {"date": "2020-03-01", "country": "Hungary", "value": "0", "unit": "kg"}, {"date": "2020-04-01", "country": "Hungary", "value": "236", "unit": "kg"}, {"date": "2018-11-01", "country": "Israel", "value": "0", "unit": "kg"}, {"date": "2018-12-01", "country": "Israel", "value": "0", "unit": "kg"}, {"date": "2019-01-01", "country": "Israel", "value": "0", "unit": "kg"}, {"date": "2019-02-01", "country": "Israel", "value": "0", "unit": "kg"}, {"date": "2019-03-01", "country": "Israel", "value": "0", "unit": "kg"}, {"date": "2019-04-01", "country": "Israel", "value": "0", "unit": "kg"}, {"date": "2019-05-01", "country": "Israel", "value": "0", "unit": "kg"}, {"date": "2019-06-01", "country": "Israel", "value": "1", "unit": "kg"}, {"date": "2019-07-01", "country": "Israel", "value": "0", "unit": "kg"}, {"date": "2019-08-01", "country": "Israel", "value": "0", "unit": "kg"}, {"date": "2019-09-01", "country": "Israel", "value": "0", "unit": "kg"}, {"date": "2019-10-01", "country": "Israel", "value": "0", "unit": "kg"}, {"date": "2019-11-01", "country": "Israel", "value": "0", "unit": "kg"}, {"date": "2019-12-01", "country": "Israel", "value": "0", "unit": "kg"}, {"date": "2020-01-01", "country": "Israel", "value": "0", "unit": "kg"}, {"date": "2020-02-01", "country": "Israel", "value": "0", "unit": "kg"}, {"date": "2020-03-01", "country": "Israel", "value": "0", "unit": "kg"}, {"date": "2020-04-01", "country": "Israel", "value": "0", "unit": "kg"}, {"date": "2018-11-01", "country": "United States of America", "value": "0", "unit": "kg"}, {"date": "2018-12-01", "country": "United States of America", "value": "0", "unit": "kg"}, {"date": "2019-01-01", "country": "United States of America", "value": "0", "unit": "kg"}, {"date": "2019-02-01", "country": "United States of America", "value": "0", "unit": "kg"}, {"date": "2019-03-01", "country": "United States of America", "value": "0", "unit": "kg"}, {"date": "2019-04-01", "country": "United States of America", "value": "0", "unit": "kg"}, {"date": "2019-05-01", "country": "United States of America", "value": "0", "unit": "kg"}, {"date": "2019-06-01", "country": "United States of America", "value": "0", "unit": "kg"}, {"date": "2019-07-01", "country": "United States of America", "value": "0", "unit": "kg"}, {"date": "2019-08-01", "country": "United States of America", "value": "14", "unit": "kg"}, {"date": "2019-09-01", "country": "United States of America", "value": "0", "unit": "kg"}, {"date": "2019-10-01", "country": "United States of America", "value": "0", "unit": "kg"}, {"date": "2019-11-01", "country": "United States of America", "value": "10000", "unit": "kg"}, {"date": "2019-12-01", "country": "United States of America", "value": "0", "unit": "kg"}, {"date": "2020-01-01", "country": "United States of America", "value": "0", "unit": "kg"}, {"date": "2020-02-01", "country": "United States of America", "value": "0", "unit": "kg"}, {"date": "2020-03-01", "country": "United States of America", "value": "0", "unit": "kg"}, {"date": "2020-04-01", "country": "United States of America", "value": "0", "unit": "kg"}, {"date": "2018-11-01", "country": "Yemen", "value": "0", "unit": "kg"}, {"date": "2018-12-01", "country": "Yemen", "value": "0", "unit": "kg"}, {"date": "2019-01-01", "country": "Yemen", "value": "0", "unit": "kg"}, {"date": "2019-02-01", "country": "Yemen", "value": "18000", "unit": "kg"}, {"date": "2019-03-01", "country": "Yemen", "value": "0", "unit": "kg"}, {"date": "2019-04-01", "country": "Yemen", "value": "0", "unit": "kg"}, {"date": "2019-05-01", "country": "Yemen", "value": "0", "unit": "kg"}, {"date": "2019-06-01", "country": "Yemen", "value": "0", "unit": "kg"}, {"date": "2019-07-01", "country": "Yemen", "value": "0", "unit": "kg"}, {"date": "2019-08-01", "country": "Yemen", "value": "0", "unit": "kg"}, {"date": "2019-09-01", "country": "Yemen", "value": "0", "unit": "kg"}, {"date": "2019-10-01", "country": "Yemen", "value": "20000", "unit": "kg"}, {"date": "2019-11-01", "country": "Yemen", "value": "0", "unit": "kg"}, {"date": "2019-12-01", "country": "Yemen", "value": "0", "unit": "kg"}, {"date": "2020-01-01", "country": "Yemen", "value": "0", "unit": "kg"}, {"date": "2020-02-01", "country": "Yemen", "value": "0", "unit": "kg"}, {"date": "2020-03-01", "country": "Yemen", "value": "0", "unit": "kg"}, {"date": "2020-04-01", "country": "Yemen", "value": "0", "unit": "kg"}, {"date": "2018-11-01", "country": "Sweden", "value": "0", "unit": "kg"}, {"date": "2018-12-01", "country": "Sweden", "value": "4030", "unit": "kg"}, {"date": "2019-01-01", "country": "Sweden", "value": "4000", "unit": "kg"}, {"date": "2019-02-01", "country": "Sweden", "value": "0", "unit": "kg"}, {"date": "2019-03-01", "country": "Sweden", "value": "0", "unit": "kg"}, {"date": "2019-04-01", "country": "Sweden", "value": "0", "unit": "kg"}, {"date": "2019-05-01", "country": "Sweden", "value": "0", "unit": "kg"}, {"date": "2019-06-01", "country": "Sweden", "value": "0", "unit": "kg"}, {"date": "2019-07-01", "country": "Sweden", "value": "0", "unit": "kg"}, {"date": "2019-08-01", "country": "Sweden", "value": "0", "unit": "kg"}, {"date": "2019-09-01", "country": "Sweden", "value": "0", "unit": "kg"}, {"date": "2019-10-01", "country": "Sweden", "value": "0", "unit": "kg"}, {"date": "2019-11-01", "country": "Sweden", "value": "0", "unit": "kg"}, {"date": "2019-12-01", "country": "Sweden", "value": "0", "unit": "kg"}, {"date": "2020-01-01", "country": "Sweden", "value": "0", "unit": "kg"}, {"date": "2020-02-01", "country": "Sweden", "value": "0", "unit": "kg"}, {"date": "2020-03-01", "country": "Sweden", "value": "0", "unit": "kg"}, {"date": "2020-04-01", "country": "Sweden", "value": "0", "unit": "kg"}]