[{"date": "2018-12-01", "country_from": "CL", "country_to": "VE", "value": "449353", "unit": "kg"}, {"date": "2019-01-01", "country_from": "CL", "country_to": "VE", "value": "762135", "unit": "kg"}, {"date": "2019-02-01", "country_from": "CL", "country_to": "VE", "value": "100979", "unit": "kg"}, {"date": "2019-03-01", "country_from": "CL", "country_to": "VE", "value": "1443983", "unit": "kg"}, {"date": "2019-04-01", "country_from": "CL", "country_to": "VE", "value": "100978", "unit": "kg"}, {"date": "2019-05-01", "country_from": "CL", "country_to": "VE", "value": "30291", "unit": "kg"}, {"date": "2019-06-01", "country_from": "CL", "country_to": "VE", "value": "30293", "unit": "kg"}, {"date": "2019-07-01", "country_from": "CL", "country_to": "VE", "value": "0", "unit": "kg"}, {"date": "2019-08-01", "country_from": "CL", "country_to": "VE", "value": "0", "unit": "kg"}, {"date": "2019-09-01", "country_from": "CL", "country_to": "VE", "value": "0", "unit": "kg"}, {"date": "2019-10-01", "country_from": "CL", "country_to": "VE", "value": "152192", "unit": "kg"}, {"date": "2019-11-01", "country_from": "CL", "country_to": "VE", "value": "0", "unit": "kg"}, {"date": "2019-12-01", "country_from": "CL", "country_to": "VE", "value": "0", "unit": "kg"}, {"date": "2020-01-01", "country_from": "CL", "country_to": "VE", "value": "0", "unit": "kg"}, {"date": "2020-02-01", "country_from": "CL", "country_to": "VE", "value": "0", "unit": "kg"}, {"date": "2020-03-01", "country_from": "CL", "country_to": "VE", "value": "0", "unit": "kg"}, {"date": "2020-04-01", "country_from": "CL", "country_to": "VE", "value": "0", "unit": "kg"}, {"date": "2020-05-01", "country_from": "CL", "country_to": "VE", "value": "0", "unit": "kg"}, {"date": "2020-06-01", "country_from": "CL", "country_to": "VE", "value": "0", "unit": "kg"}, {"date": "2020-07-01", "country_from": "CL", "country_to": "VE", "value": "365", "unit": "kg"}, {"date": "2018-12-01", "country_from": "CL", "country_to": "BR", "value": "128379", "unit": "kg"}, {"date": "2019-01-01", "country_from": "CL", "country_to": "BR", "value": "183540", "unit": "kg"}, {"date": "2019-02-01", "country_from": "CL", "country_to": "BR", "value": "228511", "unit": "kg"}, {"date": "2019-03-01", "country_from": "CL", "country_to": "BR", "value": "79910", "unit": "kg"}, {"date": "2019-04-01", "country_from": "CL", "country_to": "BR", "value": "53280", "unit": "kg"}, {"date": "2019-05-01", "country_from": "CL", "country_to": "BR", "value": "0", "unit": "kg"}, {"date": "2019-06-01", "country_from": "CL", "country_to": "BR", "value": "53280", "unit": "kg"}, {"date": "2019-07-01", "country_from": "CL", "country_to": "BR", "value": "0", "unit": "kg"}, {"date": "2019-08-01", "country_from": "CL", "country_to": "BR", "value": "79940", "unit": "kg"}, {"date": "2019-09-01", "country_from": "CL", "country_to": "BR", "value": "0", "unit": "kg"}, {"date": "2019-10-01", "country_from": "CL", "country_to": "BR", "value": "0", "unit": "kg"}, {"date": "2019-11-01", "country_from": "CL", "country_to": "BR", "value": "0", "unit": "kg"}, {"date": "2019-12-01", "country_from": "CL", "country_to": "BR", "value": "0", "unit": "kg"}, {"date": "2020-01-01", "country_from": "CL", "country_to": "BR", "value": "0", "unit": "kg"}, {"date": "2020-02-01", "country_from": "CL", "country_to": "BR", "value": "0", "unit": "kg"}, {"date": "2020-03-01", "country_from": "CL", "country_to": "BR", "value": "0", "unit": "kg"}, {"date": "2020-04-01", "country_from": "CL", "country_to": "BR", "value": "0", "unit": "kg"}, {"date": "2020-05-01", "country_from": "CL", "country_to": "BR", "value": "0", "unit": "kg"}, {"date": "2020-06-01", "country_from": "CL", "country_to": "BR", "value": "0", "unit": "kg"}, {"date": "2020-07-01", "country_from": "CL", "country_to": "BR", "value": "0", "unit": "kg"}, {"date": "2018-12-01", "country_from": "CL", "country_to": "PE", "value": "0", "unit": "kg"}, {"date": "2019-01-01", "country_from": "CL", "country_to": "PE", "value": "17305", "unit": "kg"}, {"date": "2019-02-01", "country_from": "CL", "country_to": "PE", "value": "0", "unit": "kg"}, {"date": "2019-03-01", "country_from": "CL", "country_to": "PE", "value": "0", "unit": "kg"}, {"date": "2019-04-01", "country_from": "CL", "country_to": "PE", "value": "0", "unit": "kg"}, {"date": "2019-05-01", "country_from": "CL", "country_to": "PE", "value": "0", "unit": "kg"}, {"date": "2019-06-01", "country_from": "CL", "country_to": "PE", "value": "0", "unit": "kg"}, {"date": "2019-07-01", "country_from": "CL", "country_to": "PE", "value": "0", "unit": "kg"}, {"date": "2019-08-01", "country_from": "CL", "country_to": "PE", "value": "0", "unit": "kg"}, {"date": "2019-09-01", "country_from": "CL", "country_to": "PE", "value": "0", "unit": "kg"}, {"date": "2019-10-01", "country_from": "CL", "country_to": "PE", "value": "0", "unit": "kg"}, {"date": "2019-11-01", "country_from": "CL", "country_to": "PE", "value": "0", "unit": "kg"}, {"date": "2019-12-01", "country_from": "CL", "country_to": "PE", "value": "0", "unit": "kg"}, {"date": "2020-01-01", "country_from": "CL", "country_to": "PE", "value": "0", "unit": "kg"}, {"date": "2020-02-01", "country_from": "CL", "country_to": "PE", "value": "0", "unit": "kg"}, {"date": "2020-03-01", "country_from": "CL", "country_to": "PE", "value": "0", "unit": "kg"}, {"date": "2020-04-01", "country_from": "CL", "country_to": "PE", "value": "0", "unit": "kg"}, {"date": "2020-05-01", "country_from": "CL", "country_to": "PE", "value": "0", "unit": "kg"}, {"date": "2020-06-01", "country_from": "CL", "country_to": "PE", "value": "0", "unit": "kg"}, {"date": "2020-07-01", "country_from": "CL", "country_to": "PE", "value": "0", "unit": "kg"}]