[{"date": "2018-12-01", "country_from": "TR", "country_to": "LR", "value": "0", "unit": "kg"}, {"date": "2019-01-01", "country_from": "TR", "country_to": "LR", "value": "0", "unit": "kg"}, {"date": "2019-02-01", "country_from": "TR", "country_to": "LR", "value": "0", "unit": "kg"}, {"date": "2019-03-01", "country_from": "TR", "country_to": "LR", "value": "0", "unit": "kg"}, {"date": "2019-04-01", "country_from": "TR", "country_to": "LR", "value": "0", "unit": "kg"}, {"date": "2019-05-01", "country_from": "TR", "country_to": "LR", "value": "0", "unit": "kg"}, {"date": "2019-06-01", "country_from": "TR", "country_to": "LR", "value": "0", "unit": "kg"}, {"date": "2019-07-01", "country_from": "TR", "country_to": "LR", "value": "0", "unit": "kg"}, {"date": "2019-08-01", "country_from": "TR", "country_to": "LR", "value": "0", "unit": "kg"}, {"date": "2019-09-01", "country_from": "TR", "country_to": "LR", "value": "0", "unit": "kg"}, {"date": "2019-10-01", "country_from": "TR", "country_to": "LR", "value": "0", "unit": "kg"}, {"date": "2019-11-01", "country_from": "TR", "country_to": "LR", "value": "0", "unit": "kg"}, {"date": "2019-12-01", "country_from": "TR", "country_to": "LR", "value": "0", "unit": "kg"}, {"date": "2020-01-01", "country_from": "TR", "country_to": "LR", "value": "0", "unit": "kg"}, {"date": "2020-02-01", "country_from": "TR", "country_to": "LR", "value": "0", "unit": "kg"}, {"date": "2020-03-01", "country_from": "TR", "country_to": "LR", "value": "700", "unit": "kg"}, {"date": "2020-04-01", "country_from": "TR", "country_to": "LR", "value": "0", "unit": "kg"}, {"date": "2020-05-01", "country_from": "TR", "country_to": "LR", "value": "0", "unit": "kg"}, {"date": "2020-06-01", "country_from": "TR", "country_to": "LR", "value": "0", "unit": "kg"}, {"date": "2020-07-01", "country_from": "TR", "country_to": "LR", "value": "830", "unit": "kg"}, {"date": "2018-12-01", "country_from": "TR", "country_to": "NO", "value": "0", "unit": "kg"}, {"date": "2019-01-01", "country_from": "TR", "country_to": "NO", "value": "0", "unit": "kg"}, {"date": "2019-02-01", "country_from": "TR", "country_to": "NO", "value": "0", "unit": "kg"}, {"date": "2019-03-01", "country_from": "TR", "country_to": "NO", "value": "0", "unit": "kg"}, {"date": "2019-04-01", "country_from": "TR", "country_to": "NO", "value": "0", "unit": "kg"}, {"date": "2019-05-01", "country_from": "TR", "country_to": "NO", "value": "0", "unit": "kg"}, {"date": "2019-06-01", "country_from": "TR", "country_to": "NO", "value": "0", "unit": "kg"}, {"date": "2019-07-01", "country_from": "TR", "country_to": "NO", "value": "0", "unit": "kg"}, {"date": "2019-08-01", "country_from": "TR", "country_to": "NO", "value": "0", "unit": "kg"}, {"date": "2019-09-01", "country_from": "TR", "country_to": "NO", "value": "0", "unit": "kg"}, {"date": "2019-10-01", "country_from": "TR", "country_to": "NO", "value": "0", "unit": "kg"}, {"date": "2019-11-01", "country_from": "TR", "country_to": "NO", "value": "0", "unit": "kg"}, {"date": "2019-12-01", "country_from": "TR", "country_to": "NO", "value": "0", "unit": "kg"}, {"date": "2020-01-01", "country_from": "TR", "country_to": "NO", "value": "0", "unit": "kg"}, {"date": "2020-02-01", "country_from": "TR", "country_to": "NO", "value": "0", "unit": "kg"}, {"date": "2020-03-01", "country_from": "TR", "country_to": "NO", "value": "0", "unit": "kg"}, {"date": "2020-04-01", "country_from": "TR", "country_to": "NO", "value": "1400", "unit": "kg"}, {"date": "2020-05-01", "country_from": "TR", "country_to": "NO", "value": "0", "unit": "kg"}, {"date": "2020-06-01", "country_from": "TR", "country_to": "NO", "value": "0", "unit": "kg"}, {"date": "2020-07-01", "country_from": "TR", "country_to": "NO", "value": "0", "unit": "kg"}, {"date": "2018-12-01", "country_from": "TR", "country_to": "MH", "value": "0", "unit": "kg"}, {"date": "2019-01-01", "country_from": "TR", "country_to": "MH", "value": "0", "unit": "kg"}, {"date": "2019-02-01", "country_from": "TR", "country_to": "MH", "value": "0", "unit": "kg"}, {"date": "2019-03-01", "country_from": "TR", "country_to": "MH", "value": "0", "unit": "kg"}, {"date": "2019-04-01", "country_from": "TR", "country_to": "MH", "value": "0", "unit": "kg"}, {"date": "2019-05-01", "country_from": "TR", "country_to": "MH", "value": "0", "unit": "kg"}, {"date": "2019-06-01", "country_from": "TR", "country_to": "MH", "value": "0", "unit": "kg"}, {"date": "2019-07-01", "country_from": "TR", "country_to": "MH", "value": "0", "unit": "kg"}, {"date": "2019-08-01", "country_from": "TR", "country_to": "MH", "value": "0", "unit": "kg"}, {"date": "2019-09-01", "country_from": "TR", "country_to": "MH", "value": "0", "unit": "kg"}, {"date": "2019-10-01", "country_from": "TR", "country_to": "MH", "value": "0", "unit": "kg"}, {"date": "2019-11-01", "country_from": "TR", "country_to": "MH", "value": "0", "unit": "kg"}, {"date": "2019-12-01", "country_from": "TR", "country_to": "MH", "value": "0", "unit": "kg"}, {"date": "2020-01-01", "country_from": "TR", "country_to": "MH", "value": "0", "unit": "kg"}, {"date": "2020-02-01", "country_from": "TR", "country_to": "MH", "value": "0", "unit": "kg"}, {"date": "2020-03-01", "country_from": "TR", "country_to": "MH", "value": "0", "unit": "kg"}, {"date": "2020-04-01", "country_from": "TR", "country_to": "MH", "value": "425", "unit": "kg"}, {"date": "2020-05-01", "country_from": "TR", "country_to": "MH", "value": "600", "unit": "kg"}, {"date": "2020-06-01", "country_from": "TR", "country_to": "MH", "value": "0", "unit": "kg"}, {"date": "2020-07-01", "country_from": "TR", "country_to": "MH", "value": "0", "unit": "kg"}, {"date": "2018-12-01", "country_from": "TR", "country_to": "PA", "value": "0", "unit": "kg"}, {"date": "2019-01-01", "country_from": "TR", "country_to": "PA", "value": "0", "unit": "kg"}, {"date": "2019-02-01", "country_from": "TR", "country_to": "PA", "value": "0", "unit": "kg"}, {"date": "2019-03-01", "country_from": "TR", "country_to": "PA", "value": "0", "unit": "kg"}, {"date": "2019-04-01", "country_from": "TR", "country_to": "PA", "value": "0", "unit": "kg"}, {"date": "2019-05-01", "country_from": "TR", "country_to": "PA", "value": "0", "unit": "kg"}, {"date": "2019-06-01", "country_from": "TR", "country_to": "PA", "value": "0", "unit": "kg"}, {"date": "2019-07-01", "country_from": "TR", "country_to": "PA", "value": "0", "unit": "kg"}, {"date": "2019-08-01", "country_from": "TR", "country_to": "PA", "value": "0", "unit": "kg"}, {"date": "2019-09-01", "country_from": "TR", "country_to": "PA", "value": "0", "unit": "kg"}, {"date": "2019-10-01", "country_from": "TR", "country_to": "PA", "value": "0", "unit": "kg"}, {"date": "2019-11-01", "country_from": "TR", "country_to": "PA", "value": "0", "unit": "kg"}, {"date": "2019-12-01", "country_from": "TR", "country_to": "PA", "value": "0", "unit": "kg"}, {"date": "2020-01-01", "country_from": "TR", "country_to": "PA", "value": "750", "unit": "kg"}, {"date": "2020-02-01", "country_from": "TR", "country_to": "PA", "value": "900", "unit": "kg"}, {"date": "2020-03-01", "country_from": "TR", "country_to": "PA", "value": "0", "unit": "kg"}, {"date": "2020-04-01", "country_from": "TR", "country_to": "PA", "value": "1400", "unit": "kg"}, {"date": "2020-05-01", "country_from": "TR", "country_to": "PA", "value": "750", "unit": "kg"}, {"date": "2020-06-01", "country_from": "TR", "country_to": "PA", "value": "0", "unit": "kg"}, {"date": "2020-07-01", "country_from": "TR", "country_to": "PA", "value": "0", "unit": "kg"}, {"date": "2018-12-01", "country_from": "TR", "country_to": "PH", "value": "0", "unit": "kg"}, {"date": "2019-01-01", "country_from": "TR", "country_to": "PH", "value": "0", "unit": "kg"}, {"date": "2019-02-01", "country_from": "TR", "country_to": "PH", "value": "0", "unit": "kg"}, {"date": "2019-03-01", "country_from": "TR", "country_to": "PH", "value": "0", "unit": "kg"}, {"date": "2019-04-01", "country_from": "TR", "country_to": "PH", "value": "0", "unit": "kg"}, {"date": "2019-05-01", "country_from": "TR", "country_to": "PH", "value": "0", "unit": "kg"}, {"date": "2019-06-01", "country_from": "TR", "country_to": "PH", "value": "0", "unit": "kg"}, {"date": "2019-07-01", "country_from": "TR", "country_to": "PH", "value": "0", "unit": "kg"}, {"date": "2019-08-01", "country_from": "TR", "country_to": "PH", "value": "0", "unit": "kg"}, {"date": "2019-09-01", "country_from": "TR", "country_to": "PH", "value": "0", "unit": "kg"}, {"date": "2019-10-01", "country_from": "TR", "country_to": "PH", "value": "0", "unit": "kg"}, {"date": "2019-11-01", "country_from": "TR", "country_to": "PH", "value": "0", "unit": "kg"}, {"date": "2019-12-01", "country_from": "TR", "country_to": "PH", "value": "0", "unit": "kg"}, {"date": "2020-01-01", "country_from": "TR", "country_to": "PH", "value": "0", "unit": "kg"}, {"date": "2020-02-01", "country_from": "TR", "country_to": "PH", "value": "0", "unit": "kg"}, {"date": "2020-03-01", "country_from": "TR", "country_to": "PH", "value": "0", "unit": "kg"}, {"date": "2020-04-01", "country_from": "TR", "country_to": "PH", "value": "0", "unit": "kg"}, {"date": "2020-05-01", "country_from": "TR", "country_to": "PH", "value": "400", "unit": "kg"}, {"date": "2020-06-01", "country_from": "TR", "country_to": "PH", "value": "0", "unit": "kg"}, {"date": "2020-07-01", "country_from": "TR", "country_to": "PH", "value": "0", "unit": "kg"}, {"date": "2018-12-01", "country_from": "TR", "country_to": "PT", "value": "0", "unit": "kg"}, {"date": "2019-01-01", "country_from": "TR", "country_to": "PT", "value": "0", "unit": "kg"}, {"date": "2019-02-01", "country_from": "TR", "country_to": "PT", "value": "0", "unit": "kg"}, {"date": "2019-03-01", "country_from": "TR", "country_to": "PT", "value": "0", "unit": "kg"}, {"date": "2019-04-01", "country_from": "TR", "country_to": "PT", "value": "0", "unit": "kg"}, {"date": "2019-05-01", "country_from": "TR", "country_to": "PT", "value": "0", "unit": "kg"}, {"date": "2019-06-01", "country_from": "TR", "country_to": "PT", "value": "0", "unit": "kg"}, {"date": "2019-07-01", "country_from": "TR", "country_to": "PT", "value": "0", "unit": "kg"}, {"date": "2019-08-01", "country_from": "TR", "country_to": "PT", "value": "0", "unit": "kg"}, {"date": "2019-09-01", "country_from": "TR", "country_to": "PT", "value": "0", "unit": "kg"}, {"date": "2019-10-01", "country_from": "TR", "country_to": "PT", "value": "0", "unit": "kg"}, {"date": "2019-11-01", "country_from": "TR", "country_to": "PT", "value": "0", "unit": "kg"}, {"date": "2019-12-01", "country_from": "TR", "country_to": "PT", "value": "0", "unit": "kg"}, {"date": "2020-01-01", "country_from": "TR", "country_to": "PT", "value": "480", "unit": "kg"}, {"date": "2020-02-01", "country_from": "TR", "country_to": "PT", "value": "0", "unit": "kg"}, {"date": "2020-03-01", "country_from": "TR", "country_to": "PT", "value": "1450", "unit": "kg"}, {"date": "2020-04-01", "country_from": "TR", "country_to": "PT", "value": "0", "unit": "kg"}, {"date": "2020-05-01", "country_from": "TR", "country_to": "PT", "value": "0", "unit": "kg"}, {"date": "2020-06-01", "country_from": "TR", "country_to": "PT", "value": "0", "unit": "kg"}, {"date": "2020-07-01", "country_from": "TR", "country_to": "PT", "value": "0", "unit": "kg"}, {"date": "2018-12-01", "country_from": "TR", "country_to": "RU", "value": "0", "unit": "kg"}, {"date": "2019-01-01", "country_from": "TR", "country_to": "RU", "value": "0", "unit": "kg"}, {"date": "2019-02-01", "country_from": "TR", "country_to": "RU", "value": "0", "unit": "kg"}, {"date": "2019-03-01", "country_from": "TR", "country_to": "RU", "value": "0", "unit": "kg"}, {"date": "2019-04-01", "country_from": "TR", "country_to": "RU", "value": "270000", "unit": "kg"}, {"date": "2019-05-01", "country_from": "TR", "country_to": "RU", "value": "0", "unit": "kg"}, {"date": "2019-06-01", "country_from": "TR", "country_to": "RU", "value": "0", "unit": "kg"}, {"date": "2019-07-01", "country_from": "TR", "country_to": "RU", "value": "0", "unit": "kg"}, {"date": "2019-08-01", "country_from": "TR", "country_to": "RU", "value": "0", "unit": "kg"}, {"date": "2019-09-01", "country_from": "TR", "country_to": "RU", "value": "0", "unit": "kg"}, {"date": "2019-10-01", "country_from": "TR", "country_to": "RU", "value": "0", "unit": "kg"}, {"date": "2019-11-01", "country_from": "TR", "country_to": "RU", "value": "0", "unit": "kg"}, {"date": "2019-12-01", "country_from": "TR", "country_to": "RU", "value": "0", "unit": "kg"}, {"date": "2020-01-01", "country_from": "TR", "country_to": "RU", "value": "0", "unit": "kg"}, {"date": "2020-02-01", "country_from": "TR", "country_to": "RU", "value": "0", "unit": "kg"}, {"date": "2020-03-01", "country_from": "TR", "country_to": "RU", "value": "82000", "unit": "kg"}, {"date": "2020-04-01", "country_from": "TR", "country_to": "RU", "value": "0", "unit": "kg"}, {"date": "2020-05-01", "country_from": "TR", "country_to": "RU", "value": "0", "unit": "kg"}, {"date": "2020-06-01", "country_from": "TR", "country_to": "RU", "value": "0", "unit": "kg"}, {"date": "2020-07-01", "country_from": "TR", "country_to": "RU", "value": "0", "unit": "kg"}, {"date": "2018-12-01", "country_from": "TR", "country_to": "SG", "value": "0", "unit": "kg"}, {"date": "2019-01-01", "country_from": "TR", "country_to": "SG", "value": "0", "unit": "kg"}, {"date": "2019-02-01", "country_from": "TR", "country_to": "SG", "value": "0", "unit": "kg"}, {"date": "2019-03-01", "country_from": "TR", "country_to": "SG", "value": "0", "unit": "kg"}, {"date": "2019-04-01", "country_from": "TR", "country_to": "SG", "value": "0", "unit": "kg"}, {"date": "2019-05-01", "country_from": "TR", "country_to": "SG", "value": "0", "unit": "kg"}, {"date": "2019-06-01", "country_from": "TR", "country_to": "SG", "value": "0", "unit": "kg"}, {"date": "2019-07-01", "country_from": "TR", "country_to": "SG", "value": "0", "unit": "kg"}, {"date": "2019-08-01", "country_from": "TR", "country_to": "SG", "value": "0", "unit": "kg"}, {"date": "2019-09-01", "country_from": "TR", "country_to": "SG", "value": "0", "unit": "kg"}, {"date": "2019-10-01", "country_from": "TR", "country_to": "SG", "value": "0", "unit": "kg"}, {"date": "2019-11-01", "country_from": "TR", "country_to": "SG", "value": "0", "unit": "kg"}, {"date": "2019-12-01", "country_from": "TR", "country_to": "SG", "value": "0", "unit": "kg"}, {"date": "2020-01-01", "country_from": "TR", "country_to": "SG", "value": "0", "unit": "kg"}, {"date": "2020-02-01", "country_from": "TR", "country_to": "SG", "value": "0", "unit": "kg"}, {"date": "2020-03-01", "country_from": "TR", "country_to": "SG", "value": "0", "unit": "kg"}, {"date": "2020-04-01", "country_from": "TR", "country_to": "SG", "value": "450", "unit": "kg"}, {"date": "2020-05-01", "country_from": "TR", "country_to": "SG", "value": "0", "unit": "kg"}, {"date": "2020-06-01", "country_from": "TR", "country_to": "SG", "value": "0", "unit": "kg"}, {"date": "2020-07-01", "country_from": "TR", "country_to": "SG", "value": "0", "unit": "kg"}, {"date": "2018-12-01", "country_from": "TR", "country_to": "SY", "value": "0", "unit": "kg"}, {"date": "2019-01-01", "country_from": "TR", "country_to": "SY", "value": "0", "unit": "kg"}, {"date": "2019-02-01", "country_from": "TR", "country_to": "SY", "value": "0", "unit": "kg"}, {"date": "2019-03-01", "country_from": "TR", "country_to": "SY", "value": "0", "unit": "kg"}, {"date": "2019-04-01", "country_from": "TR", "country_to": "SY", "value": "0", "unit": "kg"}, {"date": "2019-05-01", "country_from": "TR", "country_to": "SY", "value": "0", "unit": "kg"}, {"date": "2019-06-01", "country_from": "TR", "country_to": "SY", "value": "0", "unit": "kg"}, {"date": "2019-07-01", "country_from": "TR", "country_to": "SY", "value": "0", "unit": "kg"}, {"date": "2019-08-01", "country_from": "TR", "country_to": "SY", "value": "0", "unit": "kg"}, {"date": "2019-09-01", "country_from": "TR", "country_to": "SY", "value": "0", "unit": "kg"}, {"date": "2019-10-01", "country_from": "TR", "country_to": "SY", "value": "0", "unit": "kg"}, {"date": "2019-11-01", "country_from": "TR", "country_to": "SY", "value": "0", "unit": "kg"}, {"date": "2019-12-01", "country_from": "TR", "country_to": "SY", "value": "0", "unit": "kg"}, {"date": "2020-01-01", "country_from": "TR", "country_to": "SY", "value": "0", "unit": "kg"}, {"date": "2020-02-01", "country_from": "TR", "country_to": "SY", "value": "0", "unit": "kg"}, {"date": "2020-03-01", "country_from": "TR", "country_to": "SY", "value": "0", "unit": "kg"}, {"date": "2020-04-01", "country_from": "TR", "country_to": "SY", "value": "2000", "unit": "kg"}, {"date": "2020-05-01", "country_from": "TR", "country_to": "SY", "value": "1000", "unit": "kg"}, {"date": "2020-06-01", "country_from": "TR", "country_to": "SY", "value": "0", "unit": "kg"}, {"date": "2020-07-01", "country_from": "TR", "country_to": "SY", "value": "0", "unit": "kg"}, {"date": "2018-12-01", "country_from": "TR", "country_to": "UA", "value": "0", "unit": "kg"}, {"date": "2019-01-01", "country_from": "TR", "country_to": "UA", "value": "0", "unit": "kg"}, {"date": "2019-02-01", "country_from": "TR", "country_to": "UA", "value": "0", "unit": "kg"}, {"date": "2019-03-01", "country_from": "TR", "country_to": "UA", "value": "0", "unit": "kg"}, {"date": "2019-04-01", "country_from": "TR", "country_to": "UA", "value": "56600", "unit": "kg"}, {"date": "2019-05-01", "country_from": "TR", "country_to": "UA", "value": "0", "unit": "kg"}, {"date": "2019-06-01", "country_from": "TR", "country_to": "UA", "value": "0", "unit": "kg"}, {"date": "2019-07-01", "country_from": "TR", "country_to": "UA", "value": "0", "unit": "kg"}, {"date": "2019-08-01", "country_from": "TR", "country_to": "UA", "value": "0", "unit": "kg"}, {"date": "2019-09-01", "country_from": "TR", "country_to": "UA", "value": "0", "unit": "kg"}, {"date": "2019-10-01", "country_from": "TR", "country_to": "UA", "value": "0", "unit": "kg"}, {"date": "2019-11-01", "country_from": "TR", "country_to": "UA", "value": "0", "unit": "kg"}, {"date": "2019-12-01", "country_from": "TR", "country_to": "UA", "value": "0", "unit": "kg"}, {"date": "2020-01-01", "country_from": "TR", "country_to": "UA", "value": "0", "unit": "kg"}, {"date": "2020-02-01", "country_from": "TR", "country_to": "UA", "value": "0", "unit": "kg"}, {"date": "2020-03-01", "country_from": "TR", "country_to": "UA", "value": "43000", "unit": "kg"}, {"date": "2020-04-01", "country_from": "TR", "country_to": "UA", "value": "0", "unit": "kg"}, {"date": "2020-05-01", "country_from": "TR", "country_to": "UA", "value": "600", "unit": "kg"}, {"date": "2020-06-01", "country_from": "TR", "country_to": "UA", "value": "0", "unit": "kg"}, {"date": "2020-07-01", "country_from": "TR", "country_to": "UA", "value": "0", "unit": "kg"}, {"date": "2018-12-01", "country_from": "TR", "country_to": "AZ", "value": "0", "unit": "kg"}, {"date": "2019-01-01", "country_from": "TR", "country_to": "AZ", "value": "0", "unit": "kg"}, {"date": "2019-02-01", "country_from": "TR", "country_to": "AZ", "value": "0", "unit": "kg"}, {"date": "2019-03-01", "country_from": "TR", "country_to": "AZ", "value": "0", "unit": "kg"}, {"date": "2019-04-01", "country_from": "TR", "country_to": "AZ", "value": "0", "unit": "kg"}, {"date": "2019-05-01", "country_from": "TR", "country_to": "AZ", "value": "0", "unit": "kg"}, {"date": "2019-06-01", "country_from": "TR", "country_to": "AZ", "value": "0", "unit": "kg"}, {"date": "2019-07-01", "country_from": "TR", "country_to": "AZ", "value": "0", "unit": "kg"}, {"date": "2019-08-01", "country_from": "TR", "country_to": "AZ", "value": "0", "unit": "kg"}, {"date": "2019-09-01", "country_from": "TR", "country_to": "AZ", "value": "0", "unit": "kg"}, {"date": "2019-10-01", "country_from": "TR", "country_to": "AZ", "value": "0", "unit": "kg"}, {"date": "2019-11-01", "country_from": "TR", "country_to": "AZ", "value": "0", "unit": "kg"}, {"date": "2019-12-01", "country_from": "TR", "country_to": "AZ", "value": "0", "unit": "kg"}, {"date": "2020-01-01", "country_from": "TR", "country_to": "AZ", "value": "0", "unit": "kg"}, {"date": "2020-02-01", "country_from": "TR", "country_to": "AZ", "value": "0", "unit": "kg"}, {"date": "2020-03-01", "country_from": "TR", "country_to": "AZ", "value": "0", "unit": "kg"}, {"date": "2020-04-01", "country_from": "TR", "country_to": "AZ", "value": "0", "unit": "kg"}, {"date": "2020-05-01", "country_from": "TR", "country_to": "AZ", "value": "20000", "unit": "kg"}, {"date": "2020-06-01", "country_from": "TR", "country_to": "AZ", "value": "0", "unit": "kg"}, {"date": "2020-07-01", "country_from": "TR", "country_to": "AZ", "value": "0", "unit": "kg"}, {"date": "2018-12-01", "country_from": "TR", "country_to": "BA", "value": "0", "unit": "kg"}, {"date": "2019-01-01", "country_from": "TR", "country_to": "BA", "value": "0", "unit": "kg"}, {"date": "2019-02-01", "country_from": "TR", "country_to": "BA", "value": "0", "unit": "kg"}, {"date": "2019-03-01", "country_from": "TR", "country_to": "BA", "value": "0", "unit": "kg"}, {"date": "2019-04-01", "country_from": "TR", "country_to": "BA", "value": "0", "unit": "kg"}, {"date": "2019-05-01", "country_from": "TR", "country_to": "BA", "value": "0", "unit": "kg"}, {"date": "2019-06-01", "country_from": "TR", "country_to": "BA", "value": "0", "unit": "kg"}, {"date": "2019-07-01", "country_from": "TR", "country_to": "BA", "value": "0", "unit": "kg"}, {"date": "2019-08-01", "country_from": "TR", "country_to": "BA", "value": "0", "unit": "kg"}, {"date": "2019-09-01", "country_from": "TR", "country_to": "BA", "value": "0", "unit": "kg"}, {"date": "2019-10-01", "country_from": "TR", "country_to": "BA", "value": "0", "unit": "kg"}, {"date": "2019-11-01", "country_from": "TR", "country_to": "BA", "value": "0", "unit": "kg"}, {"date": "2019-12-01", "country_from": "TR", "country_to": "BA", "value": "0", "unit": "kg"}, {"date": "2020-01-01", "country_from": "TR", "country_to": "BA", "value": "0", "unit": "kg"}, {"date": "2020-02-01", "country_from": "TR", "country_to": "BA", "value": "0", "unit": "kg"}, {"date": "2020-03-01", "country_from": "TR", "country_to": "BA", "value": "3250", "unit": "kg"}, {"date": "2020-04-01", "country_from": "TR", "country_to": "BA", "value": "0", "unit": "kg"}, {"date": "2020-05-01", "country_from": "TR", "country_to": "BA", "value": "0", "unit": "kg"}, {"date": "2020-06-01", "country_from": "TR", "country_to": "BA", "value": "0", "unit": "kg"}, {"date": "2020-07-01", "country_from": "TR", "country_to": "BA", "value": "0", "unit": "kg"}, {"date": "2018-12-01", "country_from": "TR", "country_to": "BG", "value": "0", "unit": "kg"}, {"date": "2019-01-01", "country_from": "TR", "country_to": "BG", "value": "0", "unit": "kg"}, {"date": "2019-02-01", "country_from": "TR", "country_to": "BG", "value": "0", "unit": "kg"}, {"date": "2019-03-01", "country_from": "TR", "country_to": "BG", "value": "0", "unit": "kg"}, {"date": "2019-04-01", "country_from": "TR", "country_to": "BG", "value": "24000", "unit": "kg"}, {"date": "2019-05-01", "country_from": "TR", "country_to": "BG", "value": "0", "unit": "kg"}, {"date": "2019-06-01", "country_from": "TR", "country_to": "BG", "value": "0", "unit": "kg"}, {"date": "2019-07-01", "country_from": "TR", "country_to": "BG", "value": "0", "unit": "kg"}, {"date": "2019-08-01", "country_from": "TR", "country_to": "BG", "value": "0", "unit": "kg"}, {"date": "2019-09-01", "country_from": "TR", "country_to": "BG", "value": "0", "unit": "kg"}, {"date": "2019-10-01", "country_from": "TR", "country_to": "BG", "value": "0", "unit": "kg"}, {"date": "2019-11-01", "country_from": "TR", "country_to": "BG", "value": "0", "unit": "kg"}, {"date": "2019-12-01", "country_from": "TR", "country_to": "BG", "value": "0", "unit": "kg"}, {"date": "2020-01-01", "country_from": "TR", "country_to": "BG", "value": "0", "unit": "kg"}, {"date": "2020-02-01", "country_from": "TR", "country_to": "BG", "value": "0", "unit": "kg"}, {"date": "2020-03-01", "country_from": "TR", "country_to": "BG", "value": "0", "unit": "kg"}, {"date": "2020-04-01", "country_from": "TR", "country_to": "BG", "value": "0", "unit": "kg"}, {"date": "2020-05-01", "country_from": "TR", "country_to": "BG", "value": "10000", "unit": "kg"}, {"date": "2020-06-01", "country_from": "TR", "country_to": "BG", "value": "0", "unit": "kg"}, {"date": "2020-07-01", "country_from": "TR", "country_to": "BG", "value": "0", "unit": "kg"}, {"date": "2018-12-01", "country_from": "TR", "country_to": "DE", "value": "0", "unit": "kg"}, {"date": "2019-01-01", "country_from": "TR", "country_to": "DE", "value": "0", "unit": "kg"}, {"date": "2019-02-01", "country_from": "TR", "country_to": "DE", "value": "0", "unit": "kg"}, {"date": "2019-03-01", "country_from": "TR", "country_to": "DE", "value": "0", "unit": "kg"}, {"date": "2019-04-01", "country_from": "TR", "country_to": "DE", "value": "0", "unit": "kg"}, {"date": "2019-05-01", "country_from": "TR", "country_to": "DE", "value": "0", "unit": "kg"}, {"date": "2019-06-01", "country_from": "TR", "country_to": "DE", "value": "0", "unit": "kg"}, {"date": "2019-07-01", "country_from": "TR", "country_to": "DE", "value": "0", "unit": "kg"}, {"date": "2019-08-01", "country_from": "TR", "country_to": "DE", "value": "0", "unit": "kg"}, {"date": "2019-09-01", "country_from": "TR", "country_to": "DE", "value": "0", "unit": "kg"}, {"date": "2019-10-01", "country_from": "TR", "country_to": "DE", "value": "0", "unit": "kg"}, {"date": "2019-11-01", "country_from": "TR", "country_to": "DE", "value": "0", "unit": "kg"}, {"date": "2019-12-01", "country_from": "TR", "country_to": "DE", "value": "0", "unit": "kg"}, {"date": "2020-01-01", "country_from": "TR", "country_to": "DE", "value": "0", "unit": "kg"}, {"date": "2020-02-01", "country_from": "TR", "country_to": "DE", "value": "0", "unit": "kg"}, {"date": "2020-03-01", "country_from": "TR", "country_to": "DE", "value": "0", "unit": "kg"}, {"date": "2020-04-01", "country_from": "TR", "country_to": "DE", "value": "550", "unit": "kg"}, {"date": "2020-05-01", "country_from": "TR", "country_to": "DE", "value": "0", "unit": "kg"}, {"date": "2020-06-01", "country_from": "TR", "country_to": "DE", "value": "0", "unit": "kg"}, {"date": "2020-07-01", "country_from": "TR", "country_to": "DE", "value": "0", "unit": "kg"}, {"date": "2018-12-01", "country_from": "TR", "country_to": "-", "value": "0", "unit": "kg"}, {"date": "2019-01-01", "country_from": "TR", "country_to": "-", "value": "0", "unit": "kg"}, {"date": "2019-02-01", "country_from": "TR", "country_to": "-", "value": "0", "unit": "kg"}, {"date": "2019-03-01", "country_from": "TR", "country_to": "-", "value": "0", "unit": "kg"}, {"date": "2019-04-01", "country_from": "TR", "country_to": "-", "value": "0", "unit": "kg"}, {"date": "2019-05-01", "country_from": "TR", "country_to": "-", "value": "0", "unit": "kg"}, {"date": "2019-06-01", "country_from": "TR", "country_to": "-", "value": "0", "unit": "kg"}, {"date": "2019-07-01", "country_from": "TR", "country_to": "-", "value": "0", "unit": "kg"}, {"date": "2019-08-01", "country_from": "TR", "country_to": "-", "value": "0", "unit": "kg"}, {"date": "2019-09-01", "country_from": "TR", "country_to": "-", "value": "0", "unit": "kg"}, {"date": "2019-10-01", "country_from": "TR", "country_to": "-", "value": "0", "unit": "kg"}, {"date": "2019-11-01", "country_from": "TR", "country_to": "-", "value": "0", "unit": "kg"}, {"date": "2019-12-01", "country_from": "TR", "country_to": "-", "value": "0", "unit": "kg"}, {"date": "2020-01-01", "country_from": "TR", "country_to": "-", "value": "0", "unit": "kg"}, {"date": "2020-02-01", "country_from": "TR", "country_to": "-", "value": "0", "unit": "kg"}, {"date": "2020-03-01", "country_from": "TR", "country_to": "-", "value": "0", "unit": "kg"}, {"date": "2020-04-01", "country_from": "TR", "country_to": "-", "value": "1050", "unit": "kg"}, {"date": "2020-05-01", "country_from": "TR", "country_to": "-", "value": "0", "unit": "kg"}, {"date": "2020-06-01", "country_from": "TR", "country_to": "-", "value": "0", "unit": "kg"}, {"date": "2020-07-01", "country_from": "TR", "country_to": "-", "value": "0", "unit": "kg"}]