[{"date": "2018-11-01", "country": "Japan", "value": "0", "unit": "kg"}, {"date": "2018-12-01", "country": "Japan", "value": "0", "unit": "kg"}, {"date": "2019-01-01", "country": "Japan", "value": "0", "unit": "kg"}, {"date": "2019-02-01", "country": "Japan", "value": "0", "unit": "kg"}, {"date": "2019-03-01", "country": "Japan", "value": "0", "unit": "kg"}, {"date": "2019-04-01", "country": "Japan", "value": "0", "unit": "kg"}, {"date": "2019-05-01", "country": "Japan", "value": "0", "unit": "kg"}, {"date": "2019-06-01", "country": "Japan", "value": "0", "unit": "kg"}, {"date": "2019-07-01", "country": "Japan", "value": "0", "unit": "kg"}, {"date": "2019-08-01", "country": "Japan", "value": "0", "unit": "kg"}, {"date": "2019-09-01", "country": "Japan", "value": "0", "unit": "kg"}, {"date": "2019-10-01", "country": "Japan", "value": "0", "unit": "kg"}, {"date": "2019-11-01", "country": "Japan", "value": "0", "unit": "kg"}, {"date": "2019-12-01", "country": "Japan", "value": "301", "unit": "kg"}, {"date": "2020-01-01", "country": "Japan", "value": "839", "unit": "kg"}, {"date": "2020-02-01", "country": "Japan", "value": "0", "unit": "kg"}, {"date": "2020-03-01", "country": "Japan", "value": "0", "unit": "kg"}, {"date": "2020-04-01", "country": "Japan", "value": "0", "unit": "kg"}, {"date": "2018-11-01", "country": "Viet Nam", "value": "0", "unit": "kg"}, {"date": "2018-12-01", "country": "Viet Nam", "value": "0", "unit": "kg"}, {"date": "2019-01-01", "country": "Viet Nam", "value": "0", "unit": "kg"}, {"date": "2019-02-01", "country": "Viet Nam", "value": "0", "unit": "kg"}, {"date": "2019-03-01", "country": "Viet Nam", "value": "0", "unit": "kg"}, {"date": "2019-04-01", "country": "Viet Nam", "value": "0", "unit": "kg"}, {"date": "2019-05-01", "country": "Viet Nam", "value": "0", "unit": "kg"}, {"date": "2019-06-01", "country": "Viet Nam", "value": "0", "unit": "kg"}, {"date": "2019-07-01", "country": "Viet Nam", "value": "0", "unit": "kg"}, {"date": "2019-08-01", "country": "Viet Nam", "value": "0", "unit": "kg"}, {"date": "2019-09-01", "country": "Viet Nam", "value": "0", "unit": "kg"}, {"date": "2019-10-01", "country": "Viet Nam", "value": "0", "unit": "kg"}, {"date": "2019-11-01", "country": "Viet Nam", "value": "0", "unit": "kg"}, {"date": "2019-12-01", "country": "Viet Nam", "value": "0", "unit": "kg"}, {"date": "2020-01-01", "country": "Viet Nam", "value": "0", "unit": "kg"}, {"date": "2020-02-01", "country": "Viet Nam", "value": "0", "unit": "kg"}, {"date": "2020-03-01", "country": "Viet Nam", "value": "0", "unit": "kg"}, {"date": "2020-04-01", "country": "Viet Nam", "value": "0", "unit": "kg"}, {"date": "2018-11-01", "country": "Bulgaria", "value": "0", "unit": "kg"}, {"date": "2018-12-01", "country": "Bulgaria", "value": "0", "unit": "kg"}, {"date": "2019-01-01", "country": "Bulgaria", "value": "0", "unit": "kg"}, {"date": "2019-02-01", "country": "Bulgaria", "value": "0", "unit": "kg"}, {"date": "2019-03-01", "country": "Bulgaria", "value": "0", "unit": "kg"}, {"date": "2019-04-01", "country": "Bulgaria", "value": "0", "unit": "kg"}, {"date": "2019-05-01", "country": "Bulgaria", "value": "0", "unit": "kg"}, {"date": "2019-06-01", "country": "Bulgaria", "value": "0", "unit": "kg"}, {"date": "2019-07-01", "country": "Bulgaria", "value": "0", "unit": "kg"}, {"date": "2019-08-01", "country": "Bulgaria", "value": "0", "unit": "kg"}, {"date": "2019-09-01", "country": "Bulgaria", "value": "0", "unit": "kg"}, {"date": "2019-10-01", "country": "Bulgaria", "value": "0", "unit": "kg"}, {"date": "2019-11-01", "country": "Bulgaria", "value": "0", "unit": "kg"}, {"date": "2019-12-01", "country": "Bulgaria", "value": "0", "unit": "kg"}, {"date": "2020-01-01", "country": "Bulgaria", "value": "0", "unit": "kg"}, {"date": "2020-02-01", "country": "Bulgaria", "value": "0", "unit": "kg"}, {"date": "2020-03-01", "country": "Bulgaria", "value": "0", "unit": "kg"}, {"date": "2020-04-01", "country": "Bulgaria", "value": "0", "unit": "kg"}, {"date": "2018-11-01", "country": "Hong Kong, China", "value": "11", "unit": "kg"}, {"date": "2018-12-01", "country": "Hong Kong, China", "value": "11", "unit": "kg"}, {"date": "2019-01-01", "country": "Hong Kong, China", "value": "17", "unit": "kg"}, {"date": "2019-02-01", "country": "Hong Kong, China", "value": "7", "unit": "kg"}, {"date": "2019-03-01", "country": "Hong Kong, China", "value": "16", "unit": "kg"}, {"date": "2019-04-01", "country": "Hong Kong, China", "value": "15", "unit": "kg"}, {"date": "2019-05-01", "country": "Hong Kong, China", "value": "19", "unit": "kg"}, {"date": "2019-06-01", "country": "Hong Kong, China", "value": "26", "unit": "kg"}, {"date": "2019-07-01", "country": "Hong Kong, China", "value": "8", "unit": "kg"}, {"date": "2019-08-01", "country": "Hong Kong, China", "value": "15", "unit": "kg"}, {"date": "2019-09-01", "country": "Hong Kong, China", "value": "5", "unit": "kg"}, {"date": "2019-10-01", "country": "Hong Kong, China", "value": "33", "unit": "kg"}, {"date": "2019-11-01", "country": "Hong Kong, China", "value": "9", "unit": "kg"}, {"date": "2019-12-01", "country": "Hong Kong, China", "value": "28", "unit": "kg"}, {"date": "2020-01-01", "country": "Hong Kong, China", "value": "4", "unit": "kg"}, {"date": "2020-02-01", "country": "Hong Kong, China", "value": "54", "unit": "kg"}, {"date": "2020-03-01", "country": "Hong Kong, China", "value": "45", "unit": "kg"}, {"date": "2020-04-01", "country": "Hong Kong, China", "value": "63", "unit": "kg"}, {"date": "2018-11-01", "country": "Australia", "value": "1", "unit": "kg"}, {"date": "2018-12-01", "country": "Australia", "value": "0", "unit": "kg"}, {"date": "2019-01-01", "country": "Australia", "value": "0", "unit": "kg"}, {"date": "2019-02-01", "country": "Australia", "value": "1", "unit": "kg"}, {"date": "2019-03-01", "country": "Australia", "value": "0", "unit": "kg"}, {"date": "2019-04-01", "country": "Australia", "value": "0", "unit": "kg"}, {"date": "2019-05-01", "country": "Australia", "value": "3", "unit": "kg"}, {"date": "2019-06-01", "country": "Australia", "value": "1", "unit": "kg"}, {"date": "2019-07-01", "country": "Australia", "value": "0", "unit": "kg"}, {"date": "2019-08-01", "country": "Australia", "value": "1", "unit": "kg"}, {"date": "2019-09-01", "country": "Australia", "value": "1", "unit": "kg"}, {"date": "2019-10-01", "country": "Australia", "value": "2", "unit": "kg"}, {"date": "2019-11-01", "country": "Australia", "value": "0", "unit": "kg"}, {"date": "2019-12-01", "country": "Australia", "value": "4", "unit": "kg"}, {"date": "2020-01-01", "country": "Australia", "value": "0", "unit": "kg"}, {"date": "2020-02-01", "country": "Australia", "value": "1", "unit": "kg"}, {"date": "2020-03-01", "country": "Australia", "value": "4", "unit": "kg"}, {"date": "2020-04-01", "country": "Australia", "value": "0", "unit": "kg"}, {"date": "2018-11-01", "country": "United States of America", "value": "5", "unit": "kg"}, {"date": "2018-12-01", "country": "United States of America", "value": "0", "unit": "kg"}, {"date": "2019-01-01", "country": "United States of America", "value": "1", "unit": "kg"}, {"date": "2019-02-01", "country": "United States of America", "value": "4", "unit": "kg"}, {"date": "2019-03-01", "country": "United States of America", "value": "0", "unit": "kg"}, {"date": "2019-04-01", "country": "United States of America", "value": "5", "unit": "kg"}, {"date": "2019-05-01", "country": "United States of America", "value": "4", "unit": "kg"}, {"date": "2019-06-01", "country": "United States of America", "value": "5", "unit": "kg"}, {"date": "2019-07-01", "country": "United States of America", "value": "11", "unit": "kg"}, {"date": "2019-08-01", "country": "United States of America", "value": "7", "unit": "kg"}, {"date": "2019-09-01", "country": "United States of America", "value": "3", "unit": "kg"}, {"date": "2019-10-01", "country": "United States of America", "value": "4", "unit": "kg"}, {"date": "2019-11-01", "country": "United States of America", "value": "3", "unit": "kg"}, {"date": "2019-12-01", "country": "United States of America", "value": "7", "unit": "kg"}, {"date": "2020-01-01", "country": "United States of America", "value": "1", "unit": "kg"}, {"date": "2020-02-01", "country": "United States of America", "value": "3", "unit": "kg"}, {"date": "2020-03-01", "country": "United States of America", "value": "13", "unit": "kg"}, {"date": "2020-04-01", "country": "United States of America", "value": "6", "unit": "kg"}, {"date": "2018-11-01", "country": "France", "value": "2", "unit": "kg"}, {"date": "2018-12-01", "country": "France", "value": "1", "unit": "kg"}, {"date": "2019-01-01", "country": "France", "value": "2", "unit": "kg"}, {"date": "2019-02-01", "country": "France", "value": "0", "unit": "kg"}, {"date": "2019-03-01", "country": "France", "value": "1", "unit": "kg"}, {"date": "2019-04-01", "country": "France", "value": "1", "unit": "kg"}, {"date": "2019-05-01", "country": "France", "value": "1", "unit": "kg"}, {"date": "2019-06-01", "country": "France", "value": "1", "unit": "kg"}, {"date": "2019-07-01", "country": "France", "value": "1", "unit": "kg"}, {"date": "2019-08-01", "country": "France", "value": "0", "unit": "kg"}, {"date": "2019-09-01", "country": "France", "value": "1", "unit": "kg"}, {"date": "2019-10-01", "country": "France", "value": "1", "unit": "kg"}, {"date": "2019-11-01", "country": "France", "value": "1", "unit": "kg"}, {"date": "2019-12-01", "country": "France", "value": "1", "unit": "kg"}, {"date": "2020-01-01", "country": "France", "value": "1", "unit": "kg"}, {"date": "2020-02-01", "country": "France", "value": "1", "unit": "kg"}, {"date": "2020-03-01", "country": "France", "value": "1", "unit": "kg"}, {"date": "2020-04-01", "country": "France", "value": "0", "unit": "kg"}, {"date": "2018-11-01", "country": "United Kingdom", "value": "0", "unit": "kg"}, {"date": "2018-12-01", "country": "United Kingdom", "value": "1", "unit": "kg"}, {"date": "2019-01-01", "country": "United Kingdom", "value": "1", "unit": "kg"}, {"date": "2019-02-01", "country": "United Kingdom", "value": "0", "unit": "kg"}, {"date": "2019-03-01", "country": "United Kingdom", "value": "0", "unit": "kg"}, {"date": "2019-04-01", "country": "United Kingdom", "value": "0", "unit": "kg"}, {"date": "2019-05-01", "country": "United Kingdom", "value": "0", "unit": "kg"}, {"date": "2019-06-01", "country": "United Kingdom", "value": "1", "unit": "kg"}, {"date": "2019-07-01", "country": "United Kingdom", "value": "0", "unit": "kg"}, {"date": "2019-08-01", "country": "United Kingdom", "value": "0", "unit": "kg"}, {"date": "2019-09-01", "country": "United Kingdom", "value": "1", "unit": "kg"}, {"date": "2019-10-01", "country": "United Kingdom", "value": "0", "unit": "kg"}, {"date": "2019-11-01", "country": "United Kingdom", "value": "0", "unit": "kg"}, {"date": "2019-12-01", "country": "United Kingdom", "value": "1", "unit": "kg"}, {"date": "2020-01-01", "country": "United Kingdom", "value": "0", "unit": "kg"}, {"date": "2020-02-01", "country": "United Kingdom", "value": "0", "unit": "kg"}, {"date": "2020-03-01", "country": "United Kingdom", "value": "1", "unit": "kg"}, {"date": "2020-04-01", "country": "United Kingdom", "value": "1", "unit": "kg"}, {"date": "2018-11-01", "country": "Macao, China", "value": "0", "unit": "kg"}, {"date": "2018-12-01", "country": "Macao, China", "value": "0", "unit": "kg"}, {"date": "2019-01-01", "country": "Macao, China", "value": "0", "unit": "kg"}, {"date": "2019-02-01", "country": "Macao, China", "value": "0", "unit": "kg"}, {"date": "2019-03-01", "country": "Macao, China", "value": "0", "unit": "kg"}, {"date": "2019-04-01", "country": "Macao, China", "value": "0", "unit": "kg"}, {"date": "2019-05-01", "country": "Macao, China", "value": "0", "unit": "kg"}, {"date": "2019-06-01", "country": "Macao, China", "value": "0", "unit": "kg"}, {"date": "2019-07-01", "country": "Macao, China", "value": "0", "unit": "kg"}, {"date": "2019-08-01", "country": "Macao, China", "value": "0", "unit": "kg"}, {"date": "2019-09-01", "country": "Macao, China", "value": "0", "unit": "kg"}, {"date": "2019-10-01", "country": "Macao, China", "value": "0", "unit": "kg"}, {"date": "2019-11-01", "country": "Macao, China", "value": "0", "unit": "kg"}, {"date": "2019-12-01", "country": "Macao, China", "value": "1", "unit": "kg"}, {"date": "2020-01-01", "country": "Macao, China", "value": "0", "unit": "kg"}, {"date": "2020-02-01", "country": "Macao, China", "value": "0", "unit": "kg"}, {"date": "2020-03-01", "country": "Macao, China", "value": "0", "unit": "kg"}, {"date": "2020-04-01", "country": "Macao, China", "value": "0", "unit": "kg"}, {"date": "2018-11-01", "country": "Malaysia", "value": "3", "unit": "kg"}, {"date": "2018-12-01", "country": "Malaysia", "value": "1", "unit": "kg"}, {"date": "2019-01-01", "country": "Malaysia", "value": "0", "unit": "kg"}, {"date": "2019-02-01", "country": "Malaysia", "value": "0", "unit": "kg"}, {"date": "2019-03-01", "country": "Malaysia", "value": "2", "unit": "kg"}, {"date": "2019-04-01", "country": "Malaysia", "value": "0", "unit": "kg"}, {"date": "2019-05-01", "country": "Malaysia", "value": "3", "unit": "kg"}, {"date": "2019-06-01", "country": "Malaysia", "value": "4", "unit": "kg"}, {"date": "2019-07-01", "country": "Malaysia", "value": "1", "unit": "kg"}, {"date": "2019-08-01", "country": "Malaysia", "value": "12", "unit": "kg"}, {"date": "2019-09-01", "country": "Malaysia", "value": "2", "unit": "kg"}, {"date": "2019-10-01", "country": "Malaysia", "value": "1", "unit": "kg"}, {"date": "2019-11-01", "country": "Malaysia", "value": "3", "unit": "kg"}, {"date": "2019-12-01", "country": "Malaysia", "value": "3", "unit": "kg"}, {"date": "2020-01-01", "country": "Malaysia", "value": "0", "unit": "kg"}, {"date": "2020-02-01", "country": "Malaysia", "value": "0", "unit": "kg"}, {"date": "2020-03-01", "country": "Malaysia", "value": "15", "unit": "kg"}, {"date": "2020-04-01", "country": "Malaysia", "value": "1", "unit": "kg"}, {"date": "2018-11-01", "country": "Netherlands", "value": "0", "unit": "kg"}, {"date": "2018-12-01", "country": "Netherlands", "value": "0", "unit": "kg"}, {"date": "2019-01-01", "country": "Netherlands", "value": "0", "unit": "kg"}, {"date": "2019-02-01", "country": "Netherlands", "value": "0", "unit": "kg"}, {"date": "2019-03-01", "country": "Netherlands", "value": "0", "unit": "kg"}, {"date": "2019-04-01", "country": "Netherlands", "value": "1", "unit": "kg"}, {"date": "2019-05-01", "country": "Netherlands", "value": "1", "unit": "kg"}, {"date": "2019-06-01", "country": "Netherlands", "value": "0", "unit": "kg"}, {"date": "2019-07-01", "country": "Netherlands", "value": "0", "unit": "kg"}, {"date": "2019-08-01", "country": "Netherlands", "value": "0", "unit": "kg"}, {"date": "2019-09-01", "country": "Netherlands", "value": "1", "unit": "kg"}, {"date": "2019-10-01", "country": "Netherlands", "value": "0", "unit": "kg"}, {"date": "2019-11-01", "country": "Netherlands", "value": "1", "unit": "kg"}, {"date": "2019-12-01", "country": "Netherlands", "value": "0", "unit": "kg"}, {"date": "2020-01-01", "country": "Netherlands", "value": "0", "unit": "kg"}, {"date": "2020-02-01", "country": "Netherlands", "value": "1", "unit": "kg"}, {"date": "2020-03-01", "country": "Netherlands", "value": "2", "unit": "kg"}, {"date": "2020-04-01", "country": "Netherlands", "value": "2", "unit": "kg"}, {"date": "2018-11-01", "country": "New Zealand", "value": "0", "unit": "kg"}, {"date": "2018-12-01", "country": "New Zealand", "value": "0", "unit": "kg"}, {"date": "2019-01-01", "country": "New Zealand", "value": "0", "unit": "kg"}, {"date": "2019-02-01", "country": "New Zealand", "value": "0", "unit": "kg"}, {"date": "2019-03-01", "country": "New Zealand", "value": "0", "unit": "kg"}, {"date": "2019-04-01", "country": "New Zealand", "value": "0", "unit": "kg"}, {"date": "2019-05-01", "country": "New Zealand", "value": "0", "unit": "kg"}, {"date": "2019-06-01", "country": "New Zealand", "value": "0", "unit": "kg"}, {"date": "2019-07-01", "country": "New Zealand", "value": "0", "unit": "kg"}, {"date": "2019-08-01", "country": "New Zealand", "value": "0", "unit": "kg"}, {"date": "2019-09-01", "country": "New Zealand", "value": "0", "unit": "kg"}, {"date": "2019-10-01", "country": "New Zealand", "value": "0", "unit": "kg"}, {"date": "2019-11-01", "country": "New Zealand", "value": "0", "unit": "kg"}, {"date": "2019-12-01", "country": "New Zealand", "value": "0", "unit": "kg"}, {"date": "2020-01-01", "country": "New Zealand", "value": "0", "unit": "kg"}, {"date": "2020-02-01", "country": "New Zealand", "value": "0", "unit": "kg"}, {"date": "2020-03-01", "country": "New Zealand", "value": "0", "unit": "kg"}, {"date": "2020-04-01", "country": "New Zealand", "value": "0", "unit": "kg"}, {"date": "2018-11-01", "country": "Philippines", "value": "0", "unit": "kg"}, {"date": "2018-12-01", "country": "Philippines", "value": "0", "unit": "kg"}, {"date": "2019-01-01", "country": "Philippines", "value": "1", "unit": "kg"}, {"date": "2019-02-01", "country": "Philippines", "value": "0", "unit": "kg"}, {"date": "2019-03-01", "country": "Philippines", "value": "0", "unit": "kg"}, {"date": "2019-04-01", "country": "Philippines", "value": "0", "unit": "kg"}, {"date": "2019-05-01", "country": "Philippines", "value": "0", "unit": "kg"}, {"date": "2019-06-01", "country": "Philippines", "value": "0", "unit": "kg"}, {"date": "2019-07-01", "country": "Philippines", "value": "0", "unit": "kg"}, {"date": "2019-08-01", "country": "Philippines", "value": "0", "unit": "kg"}, {"date": "2019-09-01", "country": "Philippines", "value": "0", "unit": "kg"}, {"date": "2019-10-01", "country": "Philippines", "value": "0", "unit": "kg"}, {"date": "2019-11-01", "country": "Philippines", "value": "0", "unit": "kg"}, {"date": "2019-12-01", "country": "Philippines", "value": "0", "unit": "kg"}, {"date": "2020-01-01", "country": "Philippines", "value": "0", "unit": "kg"}, {"date": "2020-02-01", "country": "Philippines", "value": "0", "unit": "kg"}, {"date": "2020-03-01", "country": "Philippines", "value": "0", "unit": "kg"}, {"date": "2020-04-01", "country": "Philippines", "value": "0", "unit": "kg"}, {"date": "2018-11-01", "country": "Singapore", "value": "2", "unit": "kg"}, {"date": "2018-12-01", "country": "Singapore", "value": "12", "unit": "kg"}, {"date": "2019-01-01", "country": "Singapore", "value": "1", "unit": "kg"}, {"date": "2019-02-01", "country": "Singapore", "value": "12", "unit": "kg"}, {"date": "2019-03-01", "country": "Singapore", "value": "1", "unit": "kg"}, {"date": "2019-04-01", "country": "Singapore", "value": "0", "unit": "kg"}, {"date": "2019-05-01", "country": "Singapore", "value": "0", "unit": "kg"}, {"date": "2019-06-01", "country": "Singapore", "value": "2", "unit": "kg"}, {"date": "2019-07-01", "country": "Singapore", "value": "4", "unit": "kg"}, {"date": "2019-08-01", "country": "Singapore", "value": "0", "unit": "kg"}, {"date": "2019-09-01", "country": "Singapore", "value": "1", "unit": "kg"}, {"date": "2019-10-01", "country": "Singapore", "value": "0", "unit": "kg"}, {"date": "2019-11-01", "country": "Singapore", "value": "3", "unit": "kg"}, {"date": "2019-12-01", "country": "Singapore", "value": "1", "unit": "kg"}, {"date": "2020-01-01", "country": "Singapore", "value": "14", "unit": "kg"}, {"date": "2020-02-01", "country": "Singapore", "value": "2", "unit": "kg"}, {"date": "2020-03-01", "country": "Singapore", "value": "16", "unit": "kg"}, {"date": "2020-04-01", "country": "Singapore", "value": "0", "unit": "kg"}, {"date": "2018-11-01", "country": "Brunei Darussalam", "value": "0", "unit": "kg"}, {"date": "2018-12-01", "country": "Brunei Darussalam", "value": "0", "unit": "kg"}, {"date": "2019-01-01", "country": "Brunei Darussalam", "value": "0", "unit": "kg"}, {"date": "2019-02-01", "country": "Brunei Darussalam", "value": "0", "unit": "kg"}, {"date": "2019-03-01", "country": "Brunei Darussalam", "value": "0", "unit": "kg"}, {"date": "2019-04-01", "country": "Brunei Darussalam", "value": "0", "unit": "kg"}, {"date": "2019-05-01", "country": "Brunei Darussalam", "value": "0", "unit": "kg"}, {"date": "2019-06-01", "country": "Brunei Darussalam", "value": "0", "unit": "kg"}, {"date": "2019-07-01", "country": "Brunei Darussalam", "value": "0", "unit": "kg"}, {"date": "2019-08-01", "country": "Brunei Darussalam", "value": "0", "unit": "kg"}, {"date": "2019-09-01", "country": "Brunei Darussalam", "value": "0", "unit": "kg"}, {"date": "2019-10-01", "country": "Brunei Darussalam", "value": "0", "unit": "kg"}, {"date": "2019-11-01", "country": "Brunei Darussalam", "value": "1", "unit": "kg"}, {"date": "2019-12-01", "country": "Brunei Darussalam", "value": "0", "unit": "kg"}, {"date": "2020-01-01", "country": "Brunei Darussalam", "value": "0", "unit": "kg"}, {"date": "2020-02-01", "country": "Brunei Darussalam", "value": "0", "unit": "kg"}, {"date": "2020-03-01", "country": "Brunei Darussalam", "value": "0", "unit": "kg"}, {"date": "2020-04-01", "country": "Brunei Darussalam", "value": "0", "unit": "kg"}, {"date": "2018-11-01", "country": "Canada", "value": "1", "unit": "kg"}, {"date": "2018-12-01", "country": "Canada", "value": "3", "unit": "kg"}, {"date": "2019-01-01", "country": "Canada", "value": "3", "unit": "kg"}, {"date": "2019-02-01", "country": "Canada", "value": "0", "unit": "kg"}, {"date": "2019-03-01", "country": "Canada", "value": "0", "unit": "kg"}, {"date": "2019-04-01", "country": "Canada", "value": "0", "unit": "kg"}, {"date": "2019-05-01", "country": "Canada", "value": "3", "unit": "kg"}, {"date": "2019-06-01", "country": "Canada", "value": "0", "unit": "kg"}, {"date": "2019-07-01", "country": "Canada", "value": "0", "unit": "kg"}, {"date": "2019-08-01", "country": "Canada", "value": "1", "unit": "kg"}, {"date": "2019-09-01", "country": "Canada", "value": "2", "unit": "kg"}, {"date": "2019-10-01", "country": "Canada", "value": "0", "unit": "kg"}, {"date": "2019-11-01", "country": "Canada", "value": "1", "unit": "kg"}, {"date": "2019-12-01", "country": "Canada", "value": "2", "unit": "kg"}, {"date": "2020-01-01", "country": "Canada", "value": "2", "unit": "kg"}, {"date": "2020-02-01", "country": "Canada", "value": "2", "unit": "kg"}, {"date": "2020-03-01", "country": "Canada", "value": "0", "unit": "kg"}, {"date": "2020-04-01", "country": "Canada", "value": "2", "unit": "kg"}, {"date": "2018-11-01", "country": "China", "value": "0", "unit": "kg"}, {"date": "2018-12-01", "country": "China", "value": "0", "unit": "kg"}, {"date": "2019-01-01", "country": "China", "value": "0", "unit": "kg"}, {"date": "2019-02-01", "country": "China", "value": "0", "unit": "kg"}, {"date": "2019-03-01", "country": "China", "value": "0", "unit": "kg"}, {"date": "2019-04-01", "country": "China", "value": "0", "unit": "kg"}, {"date": "2019-05-01", "country": "China", "value": "0", "unit": "kg"}, {"date": "2019-06-01", "country": "China", "value": "2", "unit": "kg"}, {"date": "2019-07-01", "country": "China", "value": "0", "unit": "kg"}, {"date": "2019-08-01", "country": "China", "value": "2", "unit": "kg"}, {"date": "2019-09-01", "country": "China", "value": "0", "unit": "kg"}, {"date": "2019-10-01", "country": "China", "value": "1", "unit": "kg"}, {"date": "2019-11-01", "country": "China", "value": "0", "unit": "kg"}, {"date": "2019-12-01", "country": "China", "value": "0", "unit": "kg"}, {"date": "2020-01-01", "country": "China", "value": "0", "unit": "kg"}, {"date": "2020-02-01", "country": "China", "value": "900", "unit": "kg"}, {"date": "2020-03-01", "country": "China", "value": "401", "unit": "kg"}, {"date": "2020-04-01", "country": "China", "value": "1000", "unit": "kg"}, {"date": "2018-11-01", "country": "Germany", "value": "0", "unit": "kg"}, {"date": "2018-12-01", "country": "Germany", "value": "0", "unit": "kg"}, {"date": "2019-01-01", "country": "Germany", "value": "0", "unit": "kg"}, {"date": "2019-02-01", "country": "Germany", "value": "0", "unit": "kg"}, {"date": "2019-03-01", "country": "Germany", "value": "0", "unit": "kg"}, {"date": "2019-04-01", "country": "Germany", "value": "0", "unit": "kg"}, {"date": "2019-05-01", "country": "Germany", "value": "0", "unit": "kg"}, {"date": "2019-06-01", "country": "Germany", "value": "0", "unit": "kg"}, {"date": "2019-07-01", "country": "Germany", "value": "0", "unit": "kg"}, {"date": "2019-08-01", "country": "Germany", "value": "0", "unit": "kg"}, {"date": "2019-09-01", "country": "Germany", "value": "0", "unit": "kg"}, {"date": "2019-10-01", "country": "Germany", "value": "0", "unit": "kg"}, {"date": "2019-11-01", "country": "Germany", "value": "0", "unit": "kg"}, {"date": "2019-12-01", "country": "Germany", "value": "0", "unit": "kg"}, {"date": "2020-01-01", "country": "Germany", "value": "1", "unit": "kg"}, {"date": "2020-02-01", "country": "Germany", "value": "0", "unit": "kg"}, {"date": "2020-03-01", "country": "Germany", "value": "0", "unit": "kg"}, {"date": "2020-04-01", "country": "Germany", "value": "0", "unit": "kg"}, {"date": "2018-11-01", "country": "South Africa", "value": "0", "unit": "kg"}, {"date": "2018-12-01", "country": "South Africa", "value": "0", "unit": "kg"}, {"date": "2019-01-01", "country": "South Africa", "value": "0", "unit": "kg"}, {"date": "2019-02-01", "country": "South Africa", "value": "0", "unit": "kg"}, {"date": "2019-03-01", "country": "South Africa", "value": "0", "unit": "kg"}, {"date": "2019-04-01", "country": "South Africa", "value": "0", "unit": "kg"}, {"date": "2019-05-01", "country": "South Africa", "value": "0", "unit": "kg"}, {"date": "2019-06-01", "country": "South Africa", "value": "0", "unit": "kg"}, {"date": "2019-07-01", "country": "South Africa", "value": "0", "unit": "kg"}, {"date": "2019-08-01", "country": "South Africa", "value": "0", "unit": "kg"}, {"date": "2019-09-01", "country": "South Africa", "value": "0", "unit": "kg"}, {"date": "2019-10-01", "country": "South Africa", "value": "0", "unit": "kg"}, {"date": "2019-11-01", "country": "South Africa", "value": "0", "unit": "kg"}, {"date": "2019-12-01", "country": "South Africa", "value": "1", "unit": "kg"}, {"date": "2020-01-01", "country": "South Africa", "value": "0", "unit": "kg"}, {"date": "2020-02-01", "country": "South Africa", "value": "0", "unit": "kg"}, {"date": "2020-03-01", "country": "South Africa", "value": "0", "unit": "kg"}, {"date": "2020-04-01", "country": "South Africa", "value": "0", "unit": "kg"}, {"date": "2018-11-01", "country": "Switzerland", "value": "0", "unit": "kg"}, {"date": "2018-12-01", "country": "Switzerland", "value": "0", "unit": "kg"}, {"date": "2019-01-01", "country": "Switzerland", "value": "0", "unit": "kg"}, {"date": "2019-02-01", "country": "Switzerland", "value": "0", "unit": "kg"}, {"date": "2019-03-01", "country": "Switzerland", "value": "0", "unit": "kg"}, {"date": "2019-04-01", "country": "Switzerland", "value": "0", "unit": "kg"}, {"date": "2019-05-01", "country": "Switzerland", "value": "0", "unit": "kg"}, {"date": "2019-06-01", "country": "Switzerland", "value": "0", "unit": "kg"}, {"date": "2019-07-01", "country": "Switzerland", "value": "0", "unit": "kg"}, {"date": "2019-08-01", "country": "Switzerland", "value": "0", "unit": "kg"}, {"date": "2019-09-01", "country": "Switzerland", "value": "0", "unit": "kg"}, {"date": "2019-10-01", "country": "Switzerland", "value": "0", "unit": "kg"}, {"date": "2019-11-01", "country": "Switzerland", "value": "0", "unit": "kg"}, {"date": "2019-12-01", "country": "Switzerland", "value": "0", "unit": "kg"}, {"date": "2020-01-01", "country": "Switzerland", "value": "0", "unit": "kg"}, {"date": "2020-02-01", "country": "Switzerland", "value": "0", "unit": "kg"}, {"date": "2020-03-01", "country": "Switzerland", "value": "0", "unit": "kg"}, {"date": "2020-04-01", "country": "Switzerland", "value": "0", "unit": "kg"}, {"date": "2018-11-01", "country": "Syrian Arab Republic", "value": "0", "unit": "kg"}, {"date": "2018-12-01", "country": "Syrian Arab Republic", "value": "0", "unit": "kg"}, {"date": "2019-01-01", "country": "Syrian Arab Republic", "value": "0", "unit": "kg"}, {"date": "2019-02-01", "country": "Syrian Arab Republic", "value": "0", "unit": "kg"}, {"date": "2019-03-01", "country": "Syrian Arab Republic", "value": "0", "unit": "kg"}, {"date": "2019-04-01", "country": "Syrian Arab Republic", "value": "0", "unit": "kg"}, {"date": "2019-05-01", "country": "Syrian Arab Republic", "value": "0", "unit": "kg"}, {"date": "2019-06-01", "country": "Syrian Arab Republic", "value": "0", "unit": "kg"}, {"date": "2019-07-01", "country": "Syrian Arab Republic", "value": "0", "unit": "kg"}, {"date": "2019-08-01", "country": "Syrian Arab Republic", "value": "0", "unit": "kg"}, {"date": "2019-09-01", "country": "Syrian Arab Republic", "value": "0", "unit": "kg"}, {"date": "2019-10-01", "country": "Syrian Arab Republic", "value": "0", "unit": "kg"}, {"date": "2019-11-01", "country": "Syrian Arab Republic", "value": "125", "unit": "kg"}, {"date": "2019-12-01", "country": "Syrian Arab Republic", "value": "0", "unit": "kg"}, {"date": "2020-01-01", "country": "Syrian Arab Republic", "value": "0", "unit": "kg"}, {"date": "2020-02-01", "country": "Syrian Arab Republic", "value": "0", "unit": "kg"}, {"date": "2020-03-01", "country": "Syrian Arab Republic", "value": "0", "unit": "kg"}, {"date": "2020-04-01", "country": "Syrian Arab Republic", "value": "0", "unit": "kg"}, {"date": "2018-11-01", "country": "United Arab Emirates", "value": "0", "unit": "kg"}, {"date": "2018-12-01", "country": "United Arab Emirates", "value": "0", "unit": "kg"}, {"date": "2019-01-01", "country": "United Arab Emirates", "value": "2", "unit": "kg"}, {"date": "2019-02-01", "country": "United Arab Emirates", "value": "0", "unit": "kg"}, {"date": "2019-03-01", "country": "United Arab Emirates", "value": "0", "unit": "kg"}, {"date": "2019-04-01", "country": "United Arab Emirates", "value": "0", "unit": "kg"}, {"date": "2019-05-01", "country": "United Arab Emirates", "value": "0", "unit": "kg"}, {"date": "2019-06-01", "country": "United Arab Emirates", "value": "0", "unit": "kg"}, {"date": "2019-07-01", "country": "United Arab Emirates", "value": "0", "unit": "kg"}, {"date": "2019-08-01", "country": "United Arab Emirates", "value": "1", "unit": "kg"}, {"date": "2019-09-01", "country": "United Arab Emirates", "value": "0", "unit": "kg"}, {"date": "2019-10-01", "country": "United Arab Emirates", "value": "0", "unit": "kg"}, {"date": "2019-11-01", "country": "United Arab Emirates", "value": "1", "unit": "kg"}, {"date": "2019-12-01", "country": "United Arab Emirates", "value": "0", "unit": "kg"}, {"date": "2020-01-01", "country": "United Arab Emirates", "value": "2", "unit": "kg"}, {"date": "2020-02-01", "country": "United Arab Emirates", "value": "0", "unit": "kg"}, {"date": "2020-03-01", "country": "United Arab Emirates", "value": "1", "unit": "kg"}, {"date": "2020-04-01", "country": "United Arab Emirates", "value": "0", "unit": "kg"}]