[{"date": "2019-01-01", "country_from": "CH", "country_to": "NL", "value": "5040", "unit": "kg"}, {"date": "2019-02-01", "country_from": "CH", "country_to": "NL", "value": "11088", "unit": "kg"}, {"date": "2019-03-01", "country_from": "CH", "country_to": "NL", "value": "6552", "unit": "kg"}, {"date": "2019-04-01", "country_from": "CH", "country_to": "NL", "value": "7056", "unit": "kg"}, {"date": "2019-05-01", "country_from": "CH", "country_to": "NL", "value": "9576", "unit": "kg"}, {"date": "2019-06-01", "country_from": "CH", "country_to": "NL", "value": "4032", "unit": "kg"}, {"date": "2019-07-01", "country_from": "CH", "country_to": "NL", "value": "7560", "unit": "kg"}, {"date": "2019-08-01", "country_from": "CH", "country_to": "NL", "value": "2520", "unit": "kg"}, {"date": "2019-09-01", "country_from": "CH", "country_to": "NL", "value": "5040", "unit": "kg"}, {"date": "2019-10-01", "country_from": "CH", "country_to": "NL", "value": "4032", "unit": "kg"}, {"date": "2019-11-01", "country_from": "CH", "country_to": "NL", "value": "3024", "unit": "kg"}, {"date": "2019-12-01", "country_from": "CH", "country_to": "NL", "value": "7056", "unit": "kg"}, {"date": "2020-01-01", "country_from": "CH", "country_to": "NL", "value": "4037", "unit": "kg"}, {"date": "2020-02-01", "country_from": "CH", "country_to": "NL", "value": "8568", "unit": "kg"}, {"date": "2020-03-01", "country_from": "CH", "country_to": "NL", "value": "10080", "unit": "kg"}, {"date": "2020-04-01", "country_from": "CH", "country_to": "NL", "value": "3024", "unit": "kg"}, {"date": "2020-05-01", "country_from": "CH", "country_to": "NL", "value": "20664", "unit": "kg"}, {"date": "2020-06-01", "country_from": "CH", "country_to": "NL", "value": "14112", "unit": "kg"}, {"date": "2020-07-01", "country_from": "CH", "country_to": "NL", "value": "7056", "unit": "kg"}, {"date": "2020-08-01", "country_from": "CH", "country_to": "NL", "value": "4536", "unit": "kg"}, {"date": "2019-01-01", "country_from": "CH", "country_to": "DE", "value": "9700", "unit": "kg"}, {"date": "2019-02-01", "country_from": "CH", "country_to": "DE", "value": "1860", "unit": "kg"}, {"date": "2019-03-01", "country_from": "CH", "country_to": "DE", "value": "3200", "unit": "kg"}, {"date": "2019-04-01", "country_from": "CH", "country_to": "DE", "value": "3720", "unit": "kg"}, {"date": "2019-05-01", "country_from": "CH", "country_to": "DE", "value": "950", "unit": "kg"}, {"date": "2019-06-01", "country_from": "CH", "country_to": "DE", "value": "3968", "unit": "kg"}, {"date": "2019-07-01", "country_from": "CH", "country_to": "DE", "value": "4048", "unit": "kg"}, {"date": "2019-08-01", "country_from": "CH", "country_to": "DE", "value": "0", "unit": "kg"}, {"date": "2019-09-01", "country_from": "CH", "country_to": "DE", "value": "10608", "unit": "kg"}, {"date": "2019-10-01", "country_from": "CH", "country_to": "DE", "value": "4000", "unit": "kg"}, {"date": "2019-11-01", "country_from": "CH", "country_to": "DE", "value": "17848", "unit": "kg"}, {"date": "2019-12-01", "country_from": "CH", "country_to": "DE", "value": "19712", "unit": "kg"}, {"date": "2020-01-01", "country_from": "CH", "country_to": "DE", "value": "2688", "unit": "kg"}, {"date": "2020-02-01", "country_from": "CH", "country_to": "DE", "value": "3245", "unit": "kg"}, {"date": "2020-03-01", "country_from": "CH", "country_to": "DE", "value": "6884", "unit": "kg"}, {"date": "2020-04-01", "country_from": "CH", "country_to": "DE", "value": "28108", "unit": "kg"}, {"date": "2020-05-01", "country_from": "CH", "country_to": "DE", "value": "1532", "unit": "kg"}, {"date": "2020-06-01", "country_from": "CH", "country_to": "DE", "value": "2733", "unit": "kg"}, {"date": "2020-07-01", "country_from": "CH", "country_to": "DE", "value": "10960", "unit": "kg"}, {"date": "2020-08-01", "country_from": "CH", "country_to": "DE", "value": "3030", "unit": "kg"}, {"date": "2019-01-01", "country_from": "CH", "country_to": "IT", "value": "2000", "unit": "kg"}, {"date": "2019-02-01", "country_from": "CH", "country_to": "IT", "value": "0", "unit": "kg"}, {"date": "2019-03-01", "country_from": "CH", "country_to": "IT", "value": "41000", "unit": "kg"}, {"date": "2019-04-01", "country_from": "CH", "country_to": "IT", "value": "0", "unit": "kg"}, {"date": "2019-05-01", "country_from": "CH", "country_to": "IT", "value": "0", "unit": "kg"}, {"date": "2019-06-01", "country_from": "CH", "country_to": "IT", "value": "25000", "unit": "kg"}, {"date": "2019-07-01", "country_from": "CH", "country_to": "IT", "value": "0", "unit": "kg"}, {"date": "2019-08-01", "country_from": "CH", "country_to": "IT", "value": "1000", "unit": "kg"}, {"date": "2019-09-01", "country_from": "CH", "country_to": "IT", "value": "48000", "unit": "kg"}, {"date": "2019-10-01", "country_from": "CH", "country_to": "IT", "value": "0", "unit": "kg"}, {"date": "2019-11-01", "country_from": "CH", "country_to": "IT", "value": "0", "unit": "kg"}, {"date": "2019-12-01", "country_from": "CH", "country_to": "IT", "value": "0", "unit": "kg"}, {"date": "2020-01-01", "country_from": "CH", "country_to": "IT", "value": "25000", "unit": "kg"}, {"date": "2020-02-01", "country_from": "CH", "country_to": "IT", "value": "0", "unit": "kg"}, {"date": "2020-03-01", "country_from": "CH", "country_to": "IT", "value": "0", "unit": "kg"}, {"date": "2020-04-01", "country_from": "CH", "country_to": "IT", "value": "0", "unit": "kg"}, {"date": "2020-05-01", "country_from": "CH", "country_to": "IT", "value": "2000", "unit": "kg"}, {"date": "2020-06-01", "country_from": "CH", "country_to": "IT", "value": "0", "unit": "kg"}, {"date": "2020-07-01", "country_from": "CH", "country_to": "IT", "value": "0", "unit": "kg"}, {"date": "2020-08-01", "country_from": "CH", "country_to": "IT", "value": "0", "unit": "kg"}, {"date": "2019-01-01", "country_from": "CH", "country_to": "TR", "value": "0", "unit": "kg"}, {"date": "2019-02-01", "country_from": "CH", "country_to": "TR", "value": "0", "unit": "kg"}, {"date": "2019-03-01", "country_from": "CH", "country_to": "TR", "value": "0", "unit": "kg"}, {"date": "2019-04-01", "country_from": "CH", "country_to": "TR", "value": "0", "unit": "kg"}, {"date": "2019-05-01", "country_from": "CH", "country_to": "TR", "value": "0", "unit": "kg"}, {"date": "2019-06-01", "country_from": "CH", "country_to": "TR", "value": "0", "unit": "kg"}, {"date": "2019-07-01", "country_from": "CH", "country_to": "TR", "value": "0", "unit": "kg"}, {"date": "2019-08-01", "country_from": "CH", "country_to": "TR", "value": "2", "unit": "kg"}, {"date": "2019-09-01", "country_from": "CH", "country_to": "TR", "value": "0", "unit": "kg"}, {"date": "2019-10-01", "country_from": "CH", "country_to": "TR", "value": "0", "unit": "kg"}, {"date": "2019-11-01", "country_from": "CH", "country_to": "TR", "value": "0", "unit": "kg"}, {"date": "2019-12-01", "country_from": "CH", "country_to": "TR", "value": "0", "unit": "kg"}, {"date": "2020-01-01", "country_from": "CH", "country_to": "TR", "value": "0", "unit": "kg"}, {"date": "2020-02-01", "country_from": "CH", "country_to": "TR", "value": "0", "unit": "kg"}, {"date": "2020-03-01", "country_from": "CH", "country_to": "TR", "value": "0", "unit": "kg"}, {"date": "2020-04-01", "country_from": "CH", "country_to": "TR", "value": "0", "unit": "kg"}, {"date": "2020-05-01", "country_from": "CH", "country_to": "TR", "value": "0", "unit": "kg"}, {"date": "2020-06-01", "country_from": "CH", "country_to": "TR", "value": "0", "unit": "kg"}, {"date": "2020-07-01", "country_from": "CH", "country_to": "TR", "value": "0", "unit": "kg"}, {"date": "2020-08-01", "country_from": "CH", "country_to": "TR", "value": "0", "unit": "kg"}, {"date": "2019-01-01", "country_from": "CH", "country_to": "GB", "value": "0", "unit": "kg"}, {"date": "2019-02-01", "country_from": "CH", "country_to": "GB", "value": "0", "unit": "kg"}, {"date": "2019-03-01", "country_from": "CH", "country_to": "GB", "value": "0", "unit": "kg"}, {"date": "2019-04-01", "country_from": "CH", "country_to": "GB", "value": "0", "unit": "kg"}, {"date": "2019-05-01", "country_from": "CH", "country_to": "GB", "value": "0", "unit": "kg"}, {"date": "2019-06-01", "country_from": "CH", "country_to": "GB", "value": "0", "unit": "kg"}, {"date": "2019-07-01", "country_from": "CH", "country_to": "GB", "value": "0", "unit": "kg"}, {"date": "2019-08-01", "country_from": "CH", "country_to": "GB", "value": "760", "unit": "kg"}, {"date": "2019-09-01", "country_from": "CH", "country_to": "GB", "value": "0", "unit": "kg"}, {"date": "2019-10-01", "country_from": "CH", "country_to": "GB", "value": "0", "unit": "kg"}, {"date": "2019-11-01", "country_from": "CH", "country_to": "GB", "value": "0", "unit": "kg"}, {"date": "2019-12-01", "country_from": "CH", "country_to": "GB", "value": "0", "unit": "kg"}, {"date": "2020-01-01", "country_from": "CH", "country_to": "GB", "value": "0", "unit": "kg"}, {"date": "2020-02-01", "country_from": "CH", "country_to": "GB", "value": "0", "unit": "kg"}, {"date": "2020-03-01", "country_from": "CH", "country_to": "GB", "value": "0", "unit": "kg"}, {"date": "2020-04-01", "country_from": "CH", "country_to": "GB", "value": "0", "unit": "kg"}, {"date": "2020-05-01", "country_from": "CH", "country_to": "GB", "value": "0", "unit": "kg"}, {"date": "2020-06-01", "country_from": "CH", "country_to": "GB", "value": "0", "unit": "kg"}, {"date": "2020-07-01", "country_from": "CH", "country_to": "GB", "value": "0", "unit": "kg"}, {"date": "2020-08-01", "country_from": "CH", "country_to": "GB", "value": "0", "unit": "kg"}, {"date": "2019-01-01", "country_from": "CH", "country_to": "AT", "value": "0", "unit": "kg"}, {"date": "2019-02-01", "country_from": "CH", "country_to": "AT", "value": "0", "unit": "kg"}, {"date": "2019-03-01", "country_from": "CH", "country_to": "AT", "value": "0", "unit": "kg"}, {"date": "2019-04-01", "country_from": "CH", "country_to": "AT", "value": "0", "unit": "kg"}, {"date": "2019-05-01", "country_from": "CH", "country_to": "AT", "value": "0", "unit": "kg"}, {"date": "2019-06-01", "country_from": "CH", "country_to": "AT", "value": "0", "unit": "kg"}, {"date": "2019-07-01", "country_from": "CH", "country_to": "AT", "value": "0", "unit": "kg"}, {"date": "2019-08-01", "country_from": "CH", "country_to": "AT", "value": "0", "unit": "kg"}, {"date": "2019-09-01", "country_from": "CH", "country_to": "AT", "value": "0", "unit": "kg"}, {"date": "2019-10-01", "country_from": "CH", "country_to": "AT", "value": "450", "unit": "kg"}, {"date": "2019-11-01", "country_from": "CH", "country_to": "AT", "value": "0", "unit": "kg"}, {"date": "2019-12-01", "country_from": "CH", "country_to": "AT", "value": "0", "unit": "kg"}, {"date": "2020-01-01", "country_from": "CH", "country_to": "AT", "value": "0", "unit": "kg"}, {"date": "2020-02-01", "country_from": "CH", "country_to": "AT", "value": "0", "unit": "kg"}, {"date": "2020-03-01", "country_from": "CH", "country_to": "AT", "value": "0", "unit": "kg"}, {"date": "2020-04-01", "country_from": "CH", "country_to": "AT", "value": "0", "unit": "kg"}, {"date": "2020-05-01", "country_from": "CH", "country_to": "AT", "value": "0", "unit": "kg"}, {"date": "2020-06-01", "country_from": "CH", "country_to": "AT", "value": "0", "unit": "kg"}, {"date": "2020-07-01", "country_from": "CH", "country_to": "AT", "value": "0", "unit": "kg"}, {"date": "2020-08-01", "country_from": "CH", "country_to": "AT", "value": "0", "unit": "kg"}, {"date": "2019-01-01", "country_from": "CH", "country_to": "BE", "value": "0", "unit": "kg"}, {"date": "2019-02-01", "country_from": "CH", "country_to": "BE", "value": "0", "unit": "kg"}, {"date": "2019-03-01", "country_from": "CH", "country_to": "BE", "value": "0", "unit": "kg"}, {"date": "2019-04-01", "country_from": "CH", "country_to": "BE", "value": "252", "unit": "kg"}, {"date": "2019-05-01", "country_from": "CH", "country_to": "BE", "value": "0", "unit": "kg"}, {"date": "2019-06-01", "country_from": "CH", "country_to": "BE", "value": "0", "unit": "kg"}, {"date": "2019-07-01", "country_from": "CH", "country_to": "BE", "value": "0", "unit": "kg"}, {"date": "2019-08-01", "country_from": "CH", "country_to": "BE", "value": "4032", "unit": "kg"}, {"date": "2019-09-01", "country_from": "CH", "country_to": "BE", "value": "4536", "unit": "kg"}, {"date": "2019-10-01", "country_from": "CH", "country_to": "BE", "value": "4536", "unit": "kg"}, {"date": "2019-11-01", "country_from": "CH", "country_to": "BE", "value": "3276", "unit": "kg"}, {"date": "2019-12-01", "country_from": "CH", "country_to": "BE", "value": "2520", "unit": "kg"}, {"date": "2020-01-01", "country_from": "CH", "country_to": "BE", "value": "3024", "unit": "kg"}, {"date": "2020-02-01", "country_from": "CH", "country_to": "BE", "value": "6552", "unit": "kg"}, {"date": "2020-03-01", "country_from": "CH", "country_to": "BE", "value": "11592", "unit": "kg"}, {"date": "2020-04-01", "country_from": "CH", "country_to": "BE", "value": "9576", "unit": "kg"}, {"date": "2020-05-01", "country_from": "CH", "country_to": "BE", "value": "11592", "unit": "kg"}, {"date": "2020-06-01", "country_from": "CH", "country_to": "BE", "value": "10080", "unit": "kg"}, {"date": "2020-07-01", "country_from": "CH", "country_to": "BE", "value": "504", "unit": "kg"}, {"date": "2020-08-01", "country_from": "CH", "country_to": "BE", "value": "0", "unit": "kg"}, {"date": "2019-01-01", "country_from": "CH", "country_to": "FR", "value": "720", "unit": "kg"}, {"date": "2019-02-01", "country_from": "CH", "country_to": "FR", "value": "0", "unit": "kg"}, {"date": "2019-03-01", "country_from": "CH", "country_to": "FR", "value": "0", "unit": "kg"}, {"date": "2019-04-01", "country_from": "CH", "country_to": "FR", "value": "1080", "unit": "kg"}, {"date": "2019-05-01", "country_from": "CH", "country_to": "FR", "value": "0", "unit": "kg"}, {"date": "2019-06-01", "country_from": "CH", "country_to": "FR", "value": "0", "unit": "kg"}, {"date": "2019-07-01", "country_from": "CH", "country_to": "FR", "value": "0", "unit": "kg"}, {"date": "2019-08-01", "country_from": "CH", "country_to": "FR", "value": "0", "unit": "kg"}, {"date": "2019-09-01", "country_from": "CH", "country_to": "FR", "value": "0", "unit": "kg"}, {"date": "2019-10-01", "country_from": "CH", "country_to": "FR", "value": "1", "unit": "kg"}, {"date": "2019-11-01", "country_from": "CH", "country_to": "FR", "value": "1080", "unit": "kg"}, {"date": "2019-12-01", "country_from": "CH", "country_to": "FR", "value": "0", "unit": "kg"}, {"date": "2020-01-01", "country_from": "CH", "country_to": "FR", "value": "1800", "unit": "kg"}, {"date": "2020-02-01", "country_from": "CH", "country_to": "FR", "value": "0", "unit": "kg"}, {"date": "2020-03-01", "country_from": "CH", "country_to": "FR", "value": "0", "unit": "kg"}, {"date": "2020-04-01", "country_from": "CH", "country_to": "FR", "value": "0", "unit": "kg"}, {"date": "2020-05-01", "country_from": "CH", "country_to": "FR", "value": "4680", "unit": "kg"}, {"date": "2020-06-01", "country_from": "CH", "country_to": "FR", "value": "0", "unit": "kg"}, {"date": "2020-07-01", "country_from": "CH", "country_to": "FR", "value": "1800", "unit": "kg"}, {"date": "2020-08-01", "country_from": "CH", "country_to": "FR", "value": "0", "unit": "kg"}]