[{"date": "2018-11-01", "country": "Kazakhstan", "value": "2107", "unit": "kg"}, {"date": "2018-12-01", "country": "Kazakhstan", "value": "2772", "unit": "kg"}, {"date": "2019-01-01", "country": "Kazakhstan", "value": "6877", "unit": "kg"}, {"date": "2019-02-01", "country": "Kazakhstan", "value": "73872", "unit": "kg"}, {"date": "2019-03-01", "country": "Kazakhstan", "value": "160163", "unit": "kg"}, {"date": "2019-04-01", "country": "Kazakhstan", "value": "3102", "unit": "kg"}, {"date": "2019-05-01", "country": "Kazakhstan", "value": "4806", "unit": "kg"}, {"date": "2019-06-01", "country": "Kazakhstan", "value": "42206", "unit": "kg"}, {"date": "2019-07-01", "country": "Kazakhstan", "value": "15578", "unit": "kg"}, {"date": "2019-08-01", "country": "Kazakhstan", "value": "4336", "unit": "kg"}, {"date": "2019-09-01", "country": "Kazakhstan", "value": "11128", "unit": "kg"}, {"date": "2019-10-01", "country": "Kazakhstan", "value": "60104", "unit": "kg"}, {"date": "2019-11-01", "country": "Kazakhstan", "value": "3570", "unit": "kg"}, {"date": "2019-12-01", "country": "Kazakhstan", "value": "6757", "unit": "kg"}, {"date": "2020-01-01", "country": "Kazakhstan", "value": "616", "unit": "kg"}, {"date": "2020-02-01", "country": "Kazakhstan", "value": "12044", "unit": "kg"}, {"date": "2020-03-01", "country": "Kazakhstan", "value": "12437", "unit": "kg"}, {"date": "2020-04-01", "country": "Kazakhstan", "value": "2169", "unit": "kg"}, {"date": "2018-11-01", "country": "Ukraine", "value": "18333", "unit": "kg"}, {"date": "2018-12-01", "country": "Ukraine", "value": "16161", "unit": "kg"}, {"date": "2019-01-01", "country": "Ukraine", "value": "10770", "unit": "kg"}, {"date": "2019-02-01", "country": "Ukraine", "value": "15944", "unit": "kg"}, {"date": "2019-03-01", "country": "Ukraine", "value": "8551", "unit": "kg"}, {"date": "2019-04-01", "country": "Ukraine", "value": "15877", "unit": "kg"}, {"date": "2019-05-01", "country": "Ukraine", "value": "12591", "unit": "kg"}, {"date": "2019-06-01", "country": "Ukraine", "value": "13328", "unit": "kg"}, {"date": "2019-07-01", "country": "Ukraine", "value": "17573", "unit": "kg"}, {"date": "2019-08-01", "country": "Ukraine", "value": "15838", "unit": "kg"}, {"date": "2019-09-01", "country": "Ukraine", "value": "22486", "unit": "kg"}, {"date": "2019-10-01", "country": "Ukraine", "value": "17256", "unit": "kg"}, {"date": "2019-11-01", "country": "Ukraine", "value": "15286", "unit": "kg"}, {"date": "2019-12-01", "country": "Ukraine", "value": "11868", "unit": "kg"}, {"date": "2020-01-01", "country": "Ukraine", "value": "13411", "unit": "kg"}, {"date": "2020-02-01", "country": "Ukraine", "value": "14818", "unit": "kg"}, {"date": "2020-03-01", "country": "Ukraine", "value": "33032", "unit": "kg"}, {"date": "2020-04-01", "country": "Ukraine", "value": "13841", "unit": "kg"}, {"date": "2018-11-01", "country": "Belarus", "value": "243", "unit": "kg"}, {"date": "2018-12-01", "country": "Belarus", "value": "2794", "unit": "kg"}, {"date": "2019-01-01", "country": "Belarus", "value": "311", "unit": "kg"}, {"date": "2019-02-01", "country": "Belarus", "value": "1928", "unit": "kg"}, {"date": "2019-03-01", "country": "Belarus", "value": "1273", "unit": "kg"}, {"date": "2019-04-01", "country": "Belarus", "value": "2174", "unit": "kg"}, {"date": "2019-05-01", "country": "Belarus", "value": "1430", "unit": "kg"}, {"date": "2019-06-01", "country": "Belarus", "value": "1156", "unit": "kg"}, {"date": "2019-07-01", "country": "Belarus", "value": "0", "unit": "kg"}, {"date": "2019-08-01", "country": "Belarus", "value": "1182", "unit": "kg"}, {"date": "2019-09-01", "country": "Belarus", "value": "2613", "unit": "kg"}, {"date": "2019-10-01", "country": "Belarus", "value": "631", "unit": "kg"}, {"date": "2019-11-01", "country": "Belarus", "value": "2188", "unit": "kg"}, {"date": "2019-12-01", "country": "Belarus", "value": "1672", "unit": "kg"}, {"date": "2020-01-01", "country": "Belarus", "value": "2154", "unit": "kg"}, {"date": "2020-02-01", "country": "Belarus", "value": "3073", "unit": "kg"}, {"date": "2020-03-01", "country": "Belarus", "value": "2740", "unit": "kg"}, {"date": "2020-04-01", "country": "Belarus", "value": "1786", "unit": "kg"}, {"date": "2018-11-01", "country": "Canada", "value": "0", "unit": "kg"}, {"date": "2018-12-01", "country": "Canada", "value": "0", "unit": "kg"}, {"date": "2019-01-01", "country": "Canada", "value": "0", "unit": "kg"}, {"date": "2019-02-01", "country": "Canada", "value": "0", "unit": "kg"}, {"date": "2019-03-01", "country": "Canada", "value": "0", "unit": "kg"}, {"date": "2019-04-01", "country": "Canada", "value": "0", "unit": "kg"}, {"date": "2019-05-01", "country": "Canada", "value": "0", "unit": "kg"}, {"date": "2019-06-01", "country": "Canada", "value": "290", "unit": "kg"}, {"date": "2019-07-01", "country": "Canada", "value": "0", "unit": "kg"}, {"date": "2019-08-01", "country": "Canada", "value": "0", "unit": "kg"}, {"date": "2019-09-01", "country": "Canada", "value": "0", "unit": "kg"}, {"date": "2019-10-01", "country": "Canada", "value": "0", "unit": "kg"}, {"date": "2019-11-01", "country": "Canada", "value": "0", "unit": "kg"}, {"date": "2019-12-01", "country": "Canada", "value": "0", "unit": "kg"}, {"date": "2020-01-01", "country": "Canada", "value": "0", "unit": "kg"}, {"date": "2020-02-01", "country": "Canada", "value": "0", "unit": "kg"}, {"date": "2020-03-01", "country": "Canada", "value": "0", "unit": "kg"}, {"date": "2020-04-01", "country": "Canada", "value": "0", "unit": "kg"}, {"date": "2018-11-01", "country": "China", "value": "19000", "unit": "kg"}, {"date": "2018-12-01", "country": "China", "value": "0", "unit": "kg"}, {"date": "2019-01-01", "country": "China", "value": "0", "unit": "kg"}, {"date": "2019-02-01", "country": "China", "value": "0", "unit": "kg"}, {"date": "2019-03-01", "country": "China", "value": "0", "unit": "kg"}, {"date": "2019-04-01", "country": "China", "value": "0", "unit": "kg"}, {"date": "2019-05-01", "country": "China", "value": "0", "unit": "kg"}, {"date": "2019-06-01", "country": "China", "value": "0", "unit": "kg"}, {"date": "2019-07-01", "country": "China", "value": "0", "unit": "kg"}, {"date": "2019-08-01", "country": "China", "value": "0", "unit": "kg"}, {"date": "2019-09-01", "country": "China", "value": "0", "unit": "kg"}, {"date": "2019-10-01", "country": "China", "value": "0", "unit": "kg"}, {"date": "2019-11-01", "country": "China", "value": "0", "unit": "kg"}, {"date": "2019-12-01", "country": "China", "value": "0", "unit": "kg"}, {"date": "2020-01-01", "country": "China", "value": "0", "unit": "kg"}, {"date": "2020-02-01", "country": "China", "value": "0", "unit": "kg"}, {"date": "2020-03-01", "country": "China", "value": "0", "unit": "kg"}, {"date": "2020-04-01", "country": "China", "value": "0", "unit": "kg"}, {"date": "2018-11-01", "country": "Estonia", "value": "0", "unit": "kg"}, {"date": "2018-12-01", "country": "Estonia", "value": "0", "unit": "kg"}, {"date": "2019-01-01", "country": "Estonia", "value": "0", "unit": "kg"}, {"date": "2019-02-01", "country": "Estonia", "value": "0", "unit": "kg"}, {"date": "2019-03-01", "country": "Estonia", "value": "0", "unit": "kg"}, {"date": "2019-04-01", "country": "Estonia", "value": "0", "unit": "kg"}, {"date": "2019-05-01", "country": "Estonia", "value": "0", "unit": "kg"}, {"date": "2019-06-01", "country": "Estonia", "value": "0", "unit": "kg"}, {"date": "2019-07-01", "country": "Estonia", "value": "0", "unit": "kg"}, {"date": "2019-08-01", "country": "Estonia", "value": "0", "unit": "kg"}, {"date": "2019-09-01", "country": "Estonia", "value": "0", "unit": "kg"}, {"date": "2019-10-01", "country": "Estonia", "value": "0", "unit": "kg"}, {"date": "2019-11-01", "country": "Estonia", "value": "22000", "unit": "kg"}, {"date": "2019-12-01", "country": "Estonia", "value": "0", "unit": "kg"}, {"date": "2020-01-01", "country": "Estonia", "value": "0", "unit": "kg"}, {"date": "2020-02-01", "country": "Estonia", "value": "0", "unit": "kg"}, {"date": "2020-03-01", "country": "Estonia", "value": "0", "unit": "kg"}, {"date": "2020-04-01", "country": "Estonia", "value": "0", "unit": "kg"}, {"date": "2018-11-01", "country": "Georgia", "value": "0", "unit": "kg"}, {"date": "2018-12-01", "country": "Georgia", "value": "584", "unit": "kg"}, {"date": "2019-01-01", "country": "Georgia", "value": "0", "unit": "kg"}, {"date": "2019-02-01", "country": "Georgia", "value": "1909", "unit": "kg"}, {"date": "2019-03-01", "country": "Georgia", "value": "936", "unit": "kg"}, {"date": "2019-04-01", "country": "Georgia", "value": "2302", "unit": "kg"}, {"date": "2019-05-01", "country": "Georgia", "value": "1225", "unit": "kg"}, {"date": "2019-06-01", "country": "Georgia", "value": "696", "unit": "kg"}, {"date": "2019-07-01", "country": "Georgia", "value": "1325", "unit": "kg"}, {"date": "2019-08-01", "country": "Georgia", "value": "252", "unit": "kg"}, {"date": "2019-09-01", "country": "Georgia", "value": "0", "unit": "kg"}, {"date": "2019-10-01", "country": "Georgia", "value": "714", "unit": "kg"}, {"date": "2019-11-01", "country": "Georgia", "value": "40594", "unit": "kg"}, {"date": "2019-12-01", "country": "Georgia", "value": "1396", "unit": "kg"}, {"date": "2020-01-01", "country": "Georgia", "value": "252", "unit": "kg"}, {"date": "2020-02-01", "country": "Georgia", "value": "300", "unit": "kg"}, {"date": "2020-03-01", "country": "Georgia", "value": "1675", "unit": "kg"}, {"date": "2020-04-01", "country": "Georgia", "value": "0", "unit": "kg"}, {"date": "2018-11-01", "country": "Germany", "value": "0", "unit": "kg"}, {"date": "2018-12-01", "country": "Germany", "value": "1362", "unit": "kg"}, {"date": "2019-01-01", "country": "Germany", "value": "0", "unit": "kg"}, {"date": "2019-02-01", "country": "Germany", "value": "0", "unit": "kg"}, {"date": "2019-03-01", "country": "Germany", "value": "1158", "unit": "kg"}, {"date": "2019-04-01", "country": "Germany", "value": "0", "unit": "kg"}, {"date": "2019-05-01", "country": "Germany", "value": "0", "unit": "kg"}, {"date": "2019-06-01", "country": "Germany", "value": "0", "unit": "kg"}, {"date": "2019-07-01", "country": "Germany", "value": "0", "unit": "kg"}, {"date": "2019-08-01", "country": "Germany", "value": "0", "unit": "kg"}, {"date": "2019-09-01", "country": "Germany", "value": "0", "unit": "kg"}, {"date": "2019-10-01", "country": "Germany", "value": "0", "unit": "kg"}, {"date": "2019-11-01", "country": "Germany", "value": "0", "unit": "kg"}, {"date": "2019-12-01", "country": "Germany", "value": "0", "unit": "kg"}, {"date": "2020-01-01", "country": "Germany", "value": "0", "unit": "kg"}, {"date": "2020-02-01", "country": "Germany", "value": "822", "unit": "kg"}, {"date": "2020-03-01", "country": "Germany", "value": "0", "unit": "kg"}, {"date": "2020-04-01", "country": "Germany", "value": "0", "unit": "kg"}, {"date": "2018-11-01", "country": "Israel", "value": "1625", "unit": "kg"}, {"date": "2018-12-01", "country": "Israel", "value": "0", "unit": "kg"}, {"date": "2019-01-01", "country": "Israel", "value": "0", "unit": "kg"}, {"date": "2019-02-01", "country": "Israel", "value": "0", "unit": "kg"}, {"date": "2019-03-01", "country": "Israel", "value": "0", "unit": "kg"}, {"date": "2019-04-01", "country": "Israel", "value": "0", "unit": "kg"}, {"date": "2019-05-01", "country": "Israel", "value": "0", "unit": "kg"}, {"date": "2019-06-01", "country": "Israel", "value": "0", "unit": "kg"}, {"date": "2019-07-01", "country": "Israel", "value": "0", "unit": "kg"}, {"date": "2019-08-01", "country": "Israel", "value": "1619", "unit": "kg"}, {"date": "2019-09-01", "country": "Israel", "value": "0", "unit": "kg"}, {"date": "2019-10-01", "country": "Israel", "value": "0", "unit": "kg"}, {"date": "2019-11-01", "country": "Israel", "value": "0", "unit": "kg"}, {"date": "2019-12-01", "country": "Israel", "value": "0", "unit": "kg"}, {"date": "2020-01-01", "country": "Israel", "value": "809", "unit": "kg"}, {"date": "2020-02-01", "country": "Israel", "value": "0", "unit": "kg"}, {"date": "2020-03-01", "country": "Israel", "value": "0", "unit": "kg"}, {"date": "2020-04-01", "country": "Israel", "value": "0", "unit": "kg"}, {"date": "2018-11-01", "country": "United States of America", "value": "0", "unit": "kg"}, {"date": "2018-12-01", "country": "United States of America", "value": "0", "unit": "kg"}, {"date": "2019-01-01", "country": "United States of America", "value": "1286", "unit": "kg"}, {"date": "2019-02-01", "country": "United States of America", "value": "0", "unit": "kg"}, {"date": "2019-03-01", "country": "United States of America", "value": "0", "unit": "kg"}, {"date": "2019-04-01", "country": "United States of America", "value": "0", "unit": "kg"}, {"date": "2019-05-01", "country": "United States of America", "value": "0", "unit": "kg"}, {"date": "2019-06-01", "country": "United States of America", "value": "0", "unit": "kg"}, {"date": "2019-07-01", "country": "United States of America", "value": "0", "unit": "kg"}, {"date": "2019-08-01", "country": "United States of America", "value": "0", "unit": "kg"}, {"date": "2019-09-01", "country": "United States of America", "value": "0", "unit": "kg"}, {"date": "2019-10-01", "country": "United States of America", "value": "0", "unit": "kg"}, {"date": "2019-11-01", "country": "United States of America", "value": "0", "unit": "kg"}, {"date": "2019-12-01", "country": "United States of America", "value": "0", "unit": "kg"}, {"date": "2020-01-01", "country": "United States of America", "value": "0", "unit": "kg"}, {"date": "2020-02-01", "country": "United States of America", "value": "0", "unit": "kg"}, {"date": "2020-03-01", "country": "United States of America", "value": "1014", "unit": "kg"}, {"date": "2020-04-01", "country": "United States of America", "value": "0", "unit": "kg"}, {"date": "2018-11-01", "country": "Uzbekistan", "value": "0", "unit": "kg"}, {"date": "2018-12-01", "country": "Uzbekistan", "value": "0", "unit": "kg"}, {"date": "2019-01-01", "country": "Uzbekistan", "value": "0", "unit": "kg"}, {"date": "2019-02-01", "country": "Uzbekistan", "value": "0", "unit": "kg"}, {"date": "2019-03-01", "country": "Uzbekistan", "value": "0", "unit": "kg"}, {"date": "2019-04-01", "country": "Uzbekistan", "value": "0", "unit": "kg"}, {"date": "2019-05-01", "country": "Uzbekistan", "value": "0", "unit": "kg"}, {"date": "2019-06-01", "country": "Uzbekistan", "value": "0", "unit": "kg"}, {"date": "2019-07-01", "country": "Uzbekistan", "value": "0", "unit": "kg"}, {"date": "2019-08-01", "country": "Uzbekistan", "value": "0", "unit": "kg"}, {"date": "2019-09-01", "country": "Uzbekistan", "value": "0", "unit": "kg"}, {"date": "2019-10-01", "country": "Uzbekistan", "value": "0", "unit": "kg"}, {"date": "2019-11-01", "country": "Uzbekistan", "value": "0", "unit": "kg"}, {"date": "2019-12-01", "country": "Uzbekistan", "value": "0", "unit": "kg"}, {"date": "2020-01-01", "country": "Uzbekistan", "value": "154", "unit": "kg"}, {"date": "2020-02-01", "country": "Uzbekistan", "value": "0", "unit": "kg"}, {"date": "2020-03-01", "country": "Uzbekistan", "value": "0", "unit": "kg"}, {"date": "2020-04-01", "country": "Uzbekistan", "value": "0", "unit": "kg"}, {"date": "2018-11-01", "country": "Azerbaijan", "value": "5283", "unit": "kg"}, {"date": "2018-12-01", "country": "Azerbaijan", "value": "3714", "unit": "kg"}, {"date": "2019-01-01", "country": "Azerbaijan", "value": "0", "unit": "kg"}, {"date": "2019-02-01", "country": "Azerbaijan", "value": "0", "unit": "kg"}, {"date": "2019-03-01", "country": "Azerbaijan", "value": "0", "unit": "kg"}, {"date": "2019-04-01", "country": "Azerbaijan", "value": "3769", "unit": "kg"}, {"date": "2019-05-01", "country": "Azerbaijan", "value": "0", "unit": "kg"}, {"date": "2019-06-01", "country": "Azerbaijan", "value": "2994", "unit": "kg"}, {"date": "2019-07-01", "country": "Azerbaijan", "value": "0", "unit": "kg"}, {"date": "2019-08-01", "country": "Azerbaijan", "value": "2593", "unit": "kg"}, {"date": "2019-09-01", "country": "Azerbaijan", "value": "1371", "unit": "kg"}, {"date": "2019-10-01", "country": "Azerbaijan", "value": "2482", "unit": "kg"}, {"date": "2019-11-01", "country": "Azerbaijan", "value": "4519", "unit": "kg"}, {"date": "2019-12-01", "country": "Azerbaijan", "value": "4378", "unit": "kg"}, {"date": "2020-01-01", "country": "Azerbaijan", "value": "384", "unit": "kg"}, {"date": "2020-02-01", "country": "Azerbaijan", "value": "2077", "unit": "kg"}, {"date": "2020-03-01", "country": "Azerbaijan", "value": "6594", "unit": "kg"}, {"date": "2020-04-01", "country": "Azerbaijan", "value": "0", "unit": "kg"}, {"date": "2018-11-01", "country": "Armenia", "value": "21508", "unit": "kg"}, {"date": "2018-12-01", "country": "Armenia", "value": "0", "unit": "kg"}, {"date": "2019-01-01", "country": "Armenia", "value": "0", "unit": "kg"}, {"date": "2019-02-01", "country": "Armenia", "value": "0", "unit": "kg"}, {"date": "2019-03-01", "country": "Armenia", "value": "1027", "unit": "kg"}, {"date": "2019-04-01", "country": "Armenia", "value": "2995", "unit": "kg"}, {"date": "2019-05-01", "country": "Armenia", "value": "8153", "unit": "kg"}, {"date": "2019-06-01", "country": "Armenia", "value": "0", "unit": "kg"}, {"date": "2019-07-01", "country": "Armenia", "value": "3226", "unit": "kg"}, {"date": "2019-08-01", "country": "Armenia", "value": "0", "unit": "kg"}, {"date": "2019-09-01", "country": "Armenia", "value": "0", "unit": "kg"}, {"date": "2019-10-01", "country": "Armenia", "value": "0", "unit": "kg"}, {"date": "2019-11-01", "country": "Armenia", "value": "0", "unit": "kg"}, {"date": "2019-12-01", "country": "Armenia", "value": "0", "unit": "kg"}, {"date": "2020-01-01", "country": "Armenia", "value": "0", "unit": "kg"}, {"date": "2020-02-01", "country": "Armenia", "value": "0", "unit": "kg"}, {"date": "2020-03-01", "country": "Armenia", "value": "0", "unit": "kg"}, {"date": "2020-04-01", "country": "Armenia", "value": "845", "unit": "kg"}, {"date": "2018-11-01", "country": "Kyrgyzstan", "value": "48", "unit": "kg"}, {"date": "2018-12-01", "country": "Kyrgyzstan", "value": "30", "unit": "kg"}, {"date": "2019-01-01", "country": "Kyrgyzstan", "value": "0", "unit": "kg"}, {"date": "2019-02-01", "country": "Kyrgyzstan", "value": "67700", "unit": "kg"}, {"date": "2019-03-01", "country": "Kyrgyzstan", "value": "67754", "unit": "kg"}, {"date": "2019-04-01", "country": "Kyrgyzstan", "value": "67828", "unit": "kg"}, {"date": "2019-05-01", "country": "Kyrgyzstan", "value": "0", "unit": "kg"}, {"date": "2019-06-01", "country": "Kyrgyzstan", "value": "0", "unit": "kg"}, {"date": "2019-07-01", "country": "Kyrgyzstan", "value": "0", "unit": "kg"}, {"date": "2019-08-01", "country": "Kyrgyzstan", "value": "0", "unit": "kg"}, {"date": "2019-09-01", "country": "Kyrgyzstan", "value": "0", "unit": "kg"}, {"date": "2019-10-01", "country": "Kyrgyzstan", "value": "0", "unit": "kg"}, {"date": "2019-11-01", "country": "Kyrgyzstan", "value": "0", "unit": "kg"}, {"date": "2019-12-01", "country": "Kyrgyzstan", "value": "0", "unit": "kg"}, {"date": "2020-01-01", "country": "Kyrgyzstan", "value": "0", "unit": "kg"}, {"date": "2020-02-01", "country": "Kyrgyzstan", "value": "0", "unit": "kg"}, {"date": "2020-03-01", "country": "Kyrgyzstan", "value": "0", "unit": "kg"}, {"date": "2020-04-01", "country": "Kyrgyzstan", "value": "0", "unit": "kg"}, {"date": "2018-11-01", "country": "Latvia", "value": "0", "unit": "kg"}, {"date": "2018-12-01", "country": "Latvia", "value": "0", "unit": "kg"}, {"date": "2019-01-01", "country": "Latvia", "value": "0", "unit": "kg"}, {"date": "2019-02-01", "country": "Latvia", "value": "0", "unit": "kg"}, {"date": "2019-03-01", "country": "Latvia", "value": "0", "unit": "kg"}, {"date": "2019-04-01", "country": "Latvia", "value": "0", "unit": "kg"}, {"date": "2019-05-01", "country": "Latvia", "value": "200", "unit": "kg"}, {"date": "2019-06-01", "country": "Latvia", "value": "0", "unit": "kg"}, {"date": "2019-07-01", "country": "Latvia", "value": "0", "unit": "kg"}, {"date": "2019-08-01", "country": "Latvia", "value": "0", "unit": "kg"}, {"date": "2019-09-01", "country": "Latvia", "value": "0", "unit": "kg"}, {"date": "2019-10-01", "country": "Latvia", "value": "0", "unit": "kg"}, {"date": "2019-11-01", "country": "Latvia", "value": "1000", "unit": "kg"}, {"date": "2019-12-01", "country": "Latvia", "value": "0", "unit": "kg"}, {"date": "2020-01-01", "country": "Latvia", "value": "0", "unit": "kg"}, {"date": "2020-02-01", "country": "Latvia", "value": "0", "unit": "kg"}, {"date": "2020-03-01", "country": "Latvia", "value": "0", "unit": "kg"}, {"date": "2020-04-01", "country": "Latvia", "value": "0", "unit": "kg"}, {"date": "2018-11-01", "country": "Mongolia", "value": "0", "unit": "kg"}, {"date": "2018-12-01", "country": "Mongolia", "value": "0", "unit": "kg"}, {"date": "2019-01-01", "country": "Mongolia", "value": "0", "unit": "kg"}, {"date": "2019-02-01", "country": "Mongolia", "value": "0", "unit": "kg"}, {"date": "2019-03-01", "country": "Mongolia", "value": "0", "unit": "kg"}, {"date": "2019-04-01", "country": "Mongolia", "value": "0", "unit": "kg"}, {"date": "2019-05-01", "country": "Mongolia", "value": "0", "unit": "kg"}, {"date": "2019-06-01", "country": "Mongolia", "value": "0", "unit": "kg"}, {"date": "2019-07-01", "country": "Mongolia", "value": "0", "unit": "kg"}, {"date": "2019-08-01", "country": "Mongolia", "value": "696", "unit": "kg"}, {"date": "2019-09-01", "country": "Mongolia", "value": "0", "unit": "kg"}, {"date": "2019-10-01", "country": "Mongolia", "value": "0", "unit": "kg"}, {"date": "2019-11-01", "country": "Mongolia", "value": "0", "unit": "kg"}, {"date": "2019-12-01", "country": "Mongolia", "value": "0", "unit": "kg"}, {"date": "2020-01-01", "country": "Mongolia", "value": "0", "unit": "kg"}, {"date": "2020-02-01", "country": "Mongolia", "value": "0", "unit": "kg"}, {"date": "2020-03-01", "country": "Mongolia", "value": "0", "unit": "kg"}, {"date": "2020-04-01", "country": "Mongolia", "value": "0", "unit": "kg"}, {"date": "2018-11-01", "country": "Moldova, Republic of", "value": "0", "unit": "kg"}, {"date": "2018-12-01", "country": "Moldova, Republic of", "value": "0", "unit": "kg"}, {"date": "2019-01-01", "country": "Moldova, Republic of", "value": "0", "unit": "kg"}, {"date": "2019-02-01", "country": "Moldova, Republic of", "value": "420", "unit": "kg"}, {"date": "2019-03-01", "country": "Moldova, Republic of", "value": "2408", "unit": "kg"}, {"date": "2019-04-01", "country": "Moldova, Republic of", "value": "989", "unit": "kg"}, {"date": "2019-05-01", "country": "Moldova, Republic of", "value": "0", "unit": "kg"}, {"date": "2019-06-01", "country": "Moldova, Republic of", "value": "0", "unit": "kg"}, {"date": "2019-07-01", "country": "Moldova, Republic of", "value": "2000", "unit": "kg"}, {"date": "2019-08-01", "country": "Moldova, Republic of", "value": "0", "unit": "kg"}, {"date": "2019-09-01", "country": "Moldova, Republic of", "value": "326", "unit": "kg"}, {"date": "2019-10-01", "country": "Moldova, Republic of", "value": "844", "unit": "kg"}, {"date": "2019-11-01", "country": "Moldova, Republic of", "value": "0", "unit": "kg"}, {"date": "2019-12-01", "country": "Moldova, Republic of", "value": "0", "unit": "kg"}, {"date": "2020-01-01", "country": "Moldova, Republic of", "value": "0", "unit": "kg"}, {"date": "2020-02-01", "country": "Moldova, Republic of", "value": "0", "unit": "kg"}, {"date": "2020-03-01", "country": "Moldova, Republic of", "value": "0", "unit": "kg"}, {"date": "2020-04-01", "country": "Moldova, Republic of", "value": "0", "unit": "kg"}, {"date": "2018-11-01", "country": "Tajikistan", "value": "0", "unit": "kg"}, {"date": "2018-12-01", "country": "Tajikistan", "value": "0", "unit": "kg"}, {"date": "2019-01-01", "country": "Tajikistan", "value": "0", "unit": "kg"}, {"date": "2019-02-01", "country": "Tajikistan", "value": "0", "unit": "kg"}, {"date": "2019-03-01", "country": "Tajikistan", "value": "0", "unit": "kg"}, {"date": "2019-04-01", "country": "Tajikistan", "value": "0", "unit": "kg"}, {"date": "2019-05-01", "country": "Tajikistan", "value": "0", "unit": "kg"}, {"date": "2019-06-01", "country": "Tajikistan", "value": "0", "unit": "kg"}, {"date": "2019-07-01", "country": "Tajikistan", "value": "0", "unit": "kg"}, {"date": "2019-08-01", "country": "Tajikistan", "value": "4060", "unit": "kg"}, {"date": "2019-09-01", "country": "Tajikistan", "value": "0", "unit": "kg"}, {"date": "2019-10-01", "country": "Tajikistan", "value": "0", "unit": "kg"}, {"date": "2019-11-01", "country": "Tajikistan", "value": "0", "unit": "kg"}, {"date": "2019-12-01", "country": "Tajikistan", "value": "0", "unit": "kg"}, {"date": "2020-01-01", "country": "Tajikistan", "value": "0", "unit": "kg"}, {"date": "2020-02-01", "country": "Tajikistan", "value": "0", "unit": "kg"}, {"date": "2020-03-01", "country": "Tajikistan", "value": "0", "unit": "kg"}, {"date": "2020-04-01", "country": "Tajikistan", "value": "0", "unit": "kg"}, {"date": "2018-11-01", "country": "Turkey", "value": "0", "unit": "kg"}, {"date": "2018-12-01", "country": "Turkey", "value": "0", "unit": "kg"}, {"date": "2019-01-01", "country": "Turkey", "value": "0", "unit": "kg"}, {"date": "2019-02-01", "country": "Turkey", "value": "0", "unit": "kg"}, {"date": "2019-03-01", "country": "Turkey", "value": "0", "unit": "kg"}, {"date": "2019-04-01", "country": "Turkey", "value": "0", "unit": "kg"}, {"date": "2019-05-01", "country": "Turkey", "value": "0", "unit": "kg"}, {"date": "2019-06-01", "country": "Turkey", "value": "0", "unit": "kg"}, {"date": "2019-07-01", "country": "Turkey", "value": "0", "unit": "kg"}, {"date": "2019-08-01", "country": "Turkey", "value": "0", "unit": "kg"}, {"date": "2019-09-01", "country": "Turkey", "value": "0", "unit": "kg"}, {"date": "2019-10-01", "country": "Turkey", "value": "0", "unit": "kg"}, {"date": "2019-11-01", "country": "Turkey", "value": "0", "unit": "kg"}, {"date": "2019-12-01", "country": "Turkey", "value": "700000", "unit": "kg"}, {"date": "2020-01-01", "country": "Turkey", "value": "0", "unit": "kg"}, {"date": "2020-02-01", "country": "Turkey", "value": "0", "unit": "kg"}, {"date": "2020-03-01", "country": "Turkey", "value": "0", "unit": "kg"}, {"date": "2020-04-01", "country": "Turkey", "value": "0", "unit": "kg"}, {"date": "2018-11-01", "country": "Turkmenistan", "value": "5449", "unit": "kg"}, {"date": "2018-12-01", "country": "Turkmenistan", "value": "0", "unit": "kg"}, {"date": "2019-01-01", "country": "Turkmenistan", "value": "0", "unit": "kg"}, {"date": "2019-02-01", "country": "Turkmenistan", "value": "0", "unit": "kg"}, {"date": "2019-03-01", "country": "Turkmenistan", "value": "0", "unit": "kg"}, {"date": "2019-04-01", "country": "Turkmenistan", "value": "0", "unit": "kg"}, {"date": "2019-05-01", "country": "Turkmenistan", "value": "5758", "unit": "kg"}, {"date": "2019-06-01", "country": "Turkmenistan", "value": "0", "unit": "kg"}, {"date": "2019-07-01", "country": "Turkmenistan", "value": "0", "unit": "kg"}, {"date": "2019-08-01", "country": "Turkmenistan", "value": "0", "unit": "kg"}, {"date": "2019-09-01", "country": "Turkmenistan", "value": "478", "unit": "kg"}, {"date": "2019-10-01", "country": "Turkmenistan", "value": "0", "unit": "kg"}, {"date": "2019-11-01", "country": "Turkmenistan", "value": "0", "unit": "kg"}, {"date": "2019-12-01", "country": "Turkmenistan", "value": "1737", "unit": "kg"}, {"date": "2020-01-01", "country": "Turkmenistan", "value": "0", "unit": "kg"}, {"date": "2020-02-01", "country": "Turkmenistan", "value": "0", "unit": "kg"}, {"date": "2020-03-01", "country": "Turkmenistan", "value": "0", "unit": "kg"}, {"date": "2020-04-01", "country": "Turkmenistan", "value": "0", "unit": "kg"}]