[{"date": "2018-10-01", "country_from": "SK", "country_to": "HU", "value": "7990", "unit": "kg"}, {"date": "2018-11-01", "country_from": "SK", "country_to": "HU", "value": "7080", "unit": "kg"}, {"date": "2018-12-01", "country_from": "SK", "country_to": "HU", "value": "3425", "unit": "kg"}, {"date": "2019-01-01", "country_from": "SK", "country_to": "HU", "value": "13585", "unit": "kg"}, {"date": "2019-02-01", "country_from": "SK", "country_to": "HU", "value": "22135", "unit": "kg"}, {"date": "2019-03-01", "country_from": "SK", "country_to": "HU", "value": "45", "unit": "kg"}, {"date": "2019-04-01", "country_from": "SK", "country_to": "HU", "value": "80", "unit": "kg"}, {"date": "2019-05-01", "country_from": "SK", "country_to": "HU", "value": "4568", "unit": "kg"}, {"date": "2019-06-01", "country_from": "SK", "country_to": "HU", "value": "4950", "unit": "kg"}, {"date": "2019-07-01", "country_from": "SK", "country_to": "HU", "value": "70", "unit": "kg"}, {"date": "2019-08-01", "country_from": "SK", "country_to": "HU", "value": "170", "unit": "kg"}, {"date": "2019-09-01", "country_from": "SK", "country_to": "HU", "value": "4860", "unit": "kg"}, {"date": "2019-10-01", "country_from": "SK", "country_to": "HU", "value": "11685", "unit": "kg"}, {"date": "2019-11-01", "country_from": "SK", "country_to": "HU", "value": "4125", "unit": "kg"}, {"date": "2019-12-01", "country_from": "SK", "country_to": "HU", "value": "1200", "unit": "kg"}, {"date": "2020-01-01", "country_from": "SK", "country_to": "HU", "value": "3980", "unit": "kg"}, {"date": "2020-02-01", "country_from": "SK", "country_to": "HU", "value": "11849", "unit": "kg"}, {"date": "2020-03-01", "country_from": "SK", "country_to": "HU", "value": "13880", "unit": "kg"}, {"date": "2020-04-01", "country_from": "SK", "country_to": "HU", "value": "12371", "unit": "kg"}, {"date": "2020-05-01", "country_from": "SK", "country_to": "HU", "value": "5439", "unit": "kg"}, {"date": "2018-10-01", "country_from": "SK", "country_to": "-", "value": "5330", "unit": "kg"}, {"date": "2018-11-01", "country_from": "SK", "country_to": "-", "value": "5473", "unit": "kg"}, {"date": "2018-12-01", "country_from": "SK", "country_to": "-", "value": "1910", "unit": "kg"}, {"date": "2019-01-01", "country_from": "SK", "country_to": "-", "value": "2540", "unit": "kg"}, {"date": "2019-02-01", "country_from": "SK", "country_to": "-", "value": "13355", "unit": "kg"}, {"date": "2019-03-01", "country_from": "SK", "country_to": "-", "value": "6535", "unit": "kg"}, {"date": "2019-04-01", "country_from": "SK", "country_to": "-", "value": "3348", "unit": "kg"}, {"date": "2019-05-01", "country_from": "SK", "country_to": "-", "value": "3842", "unit": "kg"}, {"date": "2019-06-01", "country_from": "SK", "country_to": "-", "value": "6043", "unit": "kg"}, {"date": "2019-07-01", "country_from": "SK", "country_to": "-", "value": "4661", "unit": "kg"}, {"date": "2019-08-01", "country_from": "SK", "country_to": "-", "value": "950", "unit": "kg"}, {"date": "2019-09-01", "country_from": "SK", "country_to": "-", "value": "4290", "unit": "kg"}, {"date": "2019-10-01", "country_from": "SK", "country_to": "-", "value": "2400", "unit": "kg"}, {"date": "2019-11-01", "country_from": "SK", "country_to": "-", "value": "2880", "unit": "kg"}, {"date": "2019-12-01", "country_from": "SK", "country_to": "-", "value": "2693", "unit": "kg"}, {"date": "2020-01-01", "country_from": "SK", "country_to": "-", "value": "2040", "unit": "kg"}, {"date": "2020-02-01", "country_from": "SK", "country_to": "-", "value": "5572", "unit": "kg"}, {"date": "2020-03-01", "country_from": "SK", "country_to": "-", "value": "14931", "unit": "kg"}, {"date": "2020-04-01", "country_from": "SK", "country_to": "-", "value": "6800", "unit": "kg"}, {"date": "2020-05-01", "country_from": "SK", "country_to": "-", "value": "2109", "unit": "kg"}, {"date": "2018-10-01", "country_from": "SK", "country_to": "DE", "value": "0", "unit": "kg"}, {"date": "2018-11-01", "country_from": "SK", "country_to": "DE", "value": "0", "unit": "kg"}, {"date": "2018-12-01", "country_from": "SK", "country_to": "DE", "value": "0", "unit": "kg"}, {"date": "2019-01-01", "country_from": "SK", "country_to": "DE", "value": "0", "unit": "kg"}, {"date": "2019-02-01", "country_from": "SK", "country_to": "DE", "value": "0", "unit": "kg"}, {"date": "2019-03-01", "country_from": "SK", "country_to": "DE", "value": "0", "unit": "kg"}, {"date": "2019-04-01", "country_from": "SK", "country_to": "DE", "value": "0", "unit": "kg"}, {"date": "2019-05-01", "country_from": "SK", "country_to": "DE", "value": "720", "unit": "kg"}, {"date": "2019-06-01", "country_from": "SK", "country_to": "DE", "value": "0", "unit": "kg"}, {"date": "2019-07-01", "country_from": "SK", "country_to": "DE", "value": "0", "unit": "kg"}, {"date": "2019-08-01", "country_from": "SK", "country_to": "DE", "value": "0", "unit": "kg"}, {"date": "2019-09-01", "country_from": "SK", "country_to": "DE", "value": "0", "unit": "kg"}, {"date": "2019-10-01", "country_from": "SK", "country_to": "DE", "value": "0", "unit": "kg"}, {"date": "2019-11-01", "country_from": "SK", "country_to": "DE", "value": "0", "unit": "kg"}, {"date": "2019-12-01", "country_from": "SK", "country_to": "DE", "value": "0", "unit": "kg"}, {"date": "2020-01-01", "country_from": "SK", "country_to": "DE", "value": "0", "unit": "kg"}, {"date": "2020-02-01", "country_from": "SK", "country_to": "DE", "value": "0", "unit": "kg"}, {"date": "2020-03-01", "country_from": "SK", "country_to": "DE", "value": "0", "unit": "kg"}, {"date": "2020-04-01", "country_from": "SK", "country_to": "DE", "value": "0", "unit": "kg"}, {"date": "2020-05-01", "country_from": "SK", "country_to": "DE", "value": "0", "unit": "kg"}, {"date": "2018-10-01", "country_from": "SK", "country_to": "AT", "value": "0", "unit": "kg"}, {"date": "2018-11-01", "country_from": "SK", "country_to": "AT", "value": "0", "unit": "kg"}, {"date": "2018-12-01", "country_from": "SK", "country_to": "AT", "value": "0", "unit": "kg"}, {"date": "2019-01-01", "country_from": "SK", "country_to": "AT", "value": "0", "unit": "kg"}, {"date": "2019-02-01", "country_from": "SK", "country_to": "AT", "value": "0", "unit": "kg"}, {"date": "2019-03-01", "country_from": "SK", "country_to": "AT", "value": "1", "unit": "kg"}, {"date": "2019-04-01", "country_from": "SK", "country_to": "AT", "value": "0", "unit": "kg"}, {"date": "2019-05-01", "country_from": "SK", "country_to": "AT", "value": "0", "unit": "kg"}, {"date": "2019-06-01", "country_from": "SK", "country_to": "AT", "value": "0", "unit": "kg"}, {"date": "2019-07-01", "country_from": "SK", "country_to": "AT", "value": "0", "unit": "kg"}, {"date": "2019-08-01", "country_from": "SK", "country_to": "AT", "value": "0", "unit": "kg"}, {"date": "2019-09-01", "country_from": "SK", "country_to": "AT", "value": "0", "unit": "kg"}, {"date": "2019-10-01", "country_from": "SK", "country_to": "AT", "value": "0", "unit": "kg"}, {"date": "2019-11-01", "country_from": "SK", "country_to": "AT", "value": "2", "unit": "kg"}, {"date": "2019-12-01", "country_from": "SK", "country_to": "AT", "value": "0", "unit": "kg"}, {"date": "2020-01-01", "country_from": "SK", "country_to": "AT", "value": "0", "unit": "kg"}, {"date": "2020-02-01", "country_from": "SK", "country_to": "AT", "value": "0", "unit": "kg"}, {"date": "2020-03-01", "country_from": "SK", "country_to": "AT", "value": "0", "unit": "kg"}, {"date": "2020-04-01", "country_from": "SK", "country_to": "AT", "value": "0", "unit": "kg"}, {"date": "2020-05-01", "country_from": "SK", "country_to": "AT", "value": "0", "unit": "kg"}, {"date": "2018-10-01", "country_from": "SK", "country_to": "NL", "value": "0", "unit": "kg"}, {"date": "2018-11-01", "country_from": "SK", "country_to": "NL", "value": "0", "unit": "kg"}, {"date": "2018-12-01", "country_from": "SK", "country_to": "NL", "value": "0", "unit": "kg"}, {"date": "2019-01-01", "country_from": "SK", "country_to": "NL", "value": "0", "unit": "kg"}, {"date": "2019-02-01", "country_from": "SK", "country_to": "NL", "value": "0", "unit": "kg"}, {"date": "2019-03-01", "country_from": "SK", "country_to": "NL", "value": "17280", "unit": "kg"}, {"date": "2019-04-01", "country_from": "SK", "country_to": "NL", "value": "0", "unit": "kg"}, {"date": "2019-05-01", "country_from": "SK", "country_to": "NL", "value": "0", "unit": "kg"}, {"date": "2019-06-01", "country_from": "SK", "country_to": "NL", "value": "0", "unit": "kg"}, {"date": "2019-07-01", "country_from": "SK", "country_to": "NL", "value": "0", "unit": "kg"}, {"date": "2019-08-01", "country_from": "SK", "country_to": "NL", "value": "0", "unit": "kg"}, {"date": "2019-09-01", "country_from": "SK", "country_to": "NL", "value": "0", "unit": "kg"}, {"date": "2019-10-01", "country_from": "SK", "country_to": "NL", "value": "0", "unit": "kg"}, {"date": "2019-11-01", "country_from": "SK", "country_to": "NL", "value": "0", "unit": "kg"}, {"date": "2019-12-01", "country_from": "SK", "country_to": "NL", "value": "0", "unit": "kg"}, {"date": "2020-01-01", "country_from": "SK", "country_to": "NL", "value": "0", "unit": "kg"}, {"date": "2020-02-01", "country_from": "SK", "country_to": "NL", "value": "0", "unit": "kg"}, {"date": "2020-03-01", "country_from": "SK", "country_to": "NL", "value": "0", "unit": "kg"}, {"date": "2020-04-01", "country_from": "SK", "country_to": "NL", "value": "0", "unit": "kg"}, {"date": "2020-05-01", "country_from": "SK", "country_to": "NL", "value": "0", "unit": "kg"}, {"date": "2018-10-01", "country_from": "SK", "country_to": "PL", "value": "0", "unit": "kg"}, {"date": "2018-11-01", "country_from": "SK", "country_to": "PL", "value": "0", "unit": "kg"}, {"date": "2018-12-01", "country_from": "SK", "country_to": "PL", "value": "0", "unit": "kg"}, {"date": "2019-01-01", "country_from": "SK", "country_to": "PL", "value": "0", "unit": "kg"}, {"date": "2019-02-01", "country_from": "SK", "country_to": "PL", "value": "0", "unit": "kg"}, {"date": "2019-03-01", "country_from": "SK", "country_to": "PL", "value": "0", "unit": "kg"}, {"date": "2019-04-01", "country_from": "SK", "country_to": "PL", "value": "0", "unit": "kg"}, {"date": "2019-05-01", "country_from": "SK", "country_to": "PL", "value": "0", "unit": "kg"}, {"date": "2019-06-01", "country_from": "SK", "country_to": "PL", "value": "0", "unit": "kg"}, {"date": "2019-07-01", "country_from": "SK", "country_to": "PL", "value": "0", "unit": "kg"}, {"date": "2019-08-01", "country_from": "SK", "country_to": "PL", "value": "10", "unit": "kg"}, {"date": "2019-09-01", "country_from": "SK", "country_to": "PL", "value": "0", "unit": "kg"}, {"date": "2019-10-01", "country_from": "SK", "country_to": "PL", "value": "10", "unit": "kg"}, {"date": "2019-11-01", "country_from": "SK", "country_to": "PL", "value": "10", "unit": "kg"}, {"date": "2019-12-01", "country_from": "SK", "country_to": "PL", "value": "0", "unit": "kg"}, {"date": "2020-01-01", "country_from": "SK", "country_to": "PL", "value": "0", "unit": "kg"}, {"date": "2020-02-01", "country_from": "SK", "country_to": "PL", "value": "0", "unit": "kg"}, {"date": "2020-03-01", "country_from": "SK", "country_to": "PL", "value": "9", "unit": "kg"}, {"date": "2020-04-01", "country_from": "SK", "country_to": "PL", "value": "0", "unit": "kg"}, {"date": "2020-05-01", "country_from": "SK", "country_to": "PL", "value": "0", "unit": "kg"}, {"date": "2018-10-01", "country_from": "SK", "country_to": "RO", "value": "0", "unit": "kg"}, {"date": "2018-11-01", "country_from": "SK", "country_to": "RO", "value": "0", "unit": "kg"}, {"date": "2018-12-01", "country_from": "SK", "country_to": "RO", "value": "0", "unit": "kg"}, {"date": "2019-01-01", "country_from": "SK", "country_to": "RO", "value": "0", "unit": "kg"}, {"date": "2019-02-01", "country_from": "SK", "country_to": "RO", "value": "0", "unit": "kg"}, {"date": "2019-03-01", "country_from": "SK", "country_to": "RO", "value": "0", "unit": "kg"}, {"date": "2019-04-01", "country_from": "SK", "country_to": "RO", "value": "0", "unit": "kg"}, {"date": "2019-05-01", "country_from": "SK", "country_to": "RO", "value": "0", "unit": "kg"}, {"date": "2019-06-01", "country_from": "SK", "country_to": "RO", "value": "0", "unit": "kg"}, {"date": "2019-07-01", "country_from": "SK", "country_to": "RO", "value": "0", "unit": "kg"}, {"date": "2019-08-01", "country_from": "SK", "country_to": "RO", "value": "0", "unit": "kg"}, {"date": "2019-09-01", "country_from": "SK", "country_to": "RO", "value": "0", "unit": "kg"}, {"date": "2019-10-01", "country_from": "SK", "country_to": "RO", "value": "375", "unit": "kg"}, {"date": "2019-11-01", "country_from": "SK", "country_to": "RO", "value": "650", "unit": "kg"}, {"date": "2019-12-01", "country_from": "SK", "country_to": "RO", "value": "0", "unit": "kg"}, {"date": "2020-01-01", "country_from": "SK", "country_to": "RO", "value": "400", "unit": "kg"}, {"date": "2020-02-01", "country_from": "SK", "country_to": "RO", "value": "500", "unit": "kg"}, {"date": "2020-03-01", "country_from": "SK", "country_to": "RO", "value": "1225", "unit": "kg"}, {"date": "2020-04-01", "country_from": "SK", "country_to": "RO", "value": "0", "unit": "kg"}, {"date": "2020-05-01", "country_from": "SK", "country_to": "RO", "value": "0", "unit": "kg"}, {"date": "2018-10-01", "country_from": "SK", "country_to": "GB", "value": "0", "unit": "kg"}, {"date": "2018-11-01", "country_from": "SK", "country_to": "GB", "value": "0", "unit": "kg"}, {"date": "2018-12-01", "country_from": "SK", "country_to": "GB", "value": "0", "unit": "kg"}, {"date": "2019-01-01", "country_from": "SK", "country_to": "GB", "value": "0", "unit": "kg"}, {"date": "2019-02-01", "country_from": "SK", "country_to": "GB", "value": "0", "unit": "kg"}, {"date": "2019-03-01", "country_from": "SK", "country_to": "GB", "value": "0", "unit": "kg"}, {"date": "2019-04-01", "country_from": "SK", "country_to": "GB", "value": "0", "unit": "kg"}, {"date": "2019-05-01", "country_from": "SK", "country_to": "GB", "value": "0", "unit": "kg"}, {"date": "2019-06-01", "country_from": "SK", "country_to": "GB", "value": "0", "unit": "kg"}, {"date": "2019-07-01", "country_from": "SK", "country_to": "GB", "value": "0", "unit": "kg"}, {"date": "2019-08-01", "country_from": "SK", "country_to": "GB", "value": "7", "unit": "kg"}, {"date": "2019-09-01", "country_from": "SK", "country_to": "GB", "value": "0", "unit": "kg"}, {"date": "2019-10-01", "country_from": "SK", "country_to": "GB", "value": "15", "unit": "kg"}, {"date": "2019-11-01", "country_from": "SK", "country_to": "GB", "value": "0", "unit": "kg"}, {"date": "2019-12-01", "country_from": "SK", "country_to": "GB", "value": "0", "unit": "kg"}, {"date": "2020-01-01", "country_from": "SK", "country_to": "GB", "value": "0", "unit": "kg"}, {"date": "2020-02-01", "country_from": "SK", "country_to": "GB", "value": "0", "unit": "kg"}, {"date": "2020-03-01", "country_from": "SK", "country_to": "GB", "value": "0", "unit": "kg"}, {"date": "2020-04-01", "country_from": "SK", "country_to": "GB", "value": "0", "unit": "kg"}, {"date": "2020-05-01", "country_from": "SK", "country_to": "GB", "value": "0", "unit": "kg"}]