[{"date": "2018-11-01", "country_from": "RS", "country_to": "US", "value": "0", "unit": "kg"}, {"date": "2018-12-01", "country_from": "RS", "country_to": "US", "value": "0", "unit": "kg"}, {"date": "2019-01-01", "country_from": "RS", "country_to": "US", "value": "0", "unit": "kg"}, {"date": "2019-02-01", "country_from": "RS", "country_to": "US", "value": "0", "unit": "kg"}, {"date": "2019-03-01", "country_from": "RS", "country_to": "US", "value": "1332", "unit": "kg"}, {"date": "2019-04-01", "country_from": "RS", "country_to": "US", "value": "0", "unit": "kg"}, {"date": "2019-05-01", "country_from": "RS", "country_to": "US", "value": "0", "unit": "kg"}, {"date": "2019-06-01", "country_from": "RS", "country_to": "US", "value": "0", "unit": "kg"}, {"date": "2019-07-01", "country_from": "RS", "country_to": "US", "value": "0", "unit": "kg"}, {"date": "2019-08-01", "country_from": "RS", "country_to": "US", "value": "0", "unit": "kg"}, {"date": "2019-09-01", "country_from": "RS", "country_to": "US", "value": "1422", "unit": "kg"}, {"date": "2019-10-01", "country_from": "RS", "country_to": "US", "value": "0", "unit": "kg"}, {"date": "2019-11-01", "country_from": "RS", "country_to": "US", "value": "0", "unit": "kg"}, {"date": "2019-12-01", "country_from": "RS", "country_to": "US", "value": "0", "unit": "kg"}, {"date": "2020-01-01", "country_from": "RS", "country_to": "US", "value": "0", "unit": "kg"}, {"date": "2020-02-01", "country_from": "RS", "country_to": "US", "value": "743", "unit": "kg"}, {"date": "2020-03-01", "country_from": "RS", "country_to": "US", "value": "0", "unit": "kg"}, {"date": "2020-04-01", "country_from": "RS", "country_to": "US", "value": "0", "unit": "kg"}, {"date": "2020-05-01", "country_from": "RS", "country_to": "US", "value": "0", "unit": "kg"}, {"date": "2020-06-01", "country_from": "RS", "country_to": "US", "value": "666", "unit": "kg"}, {"date": "2018-11-01", "country_from": "RS", "country_to": "BA", "value": "0", "unit": "kg"}, {"date": "2018-12-01", "country_from": "RS", "country_to": "BA", "value": "0", "unit": "kg"}, {"date": "2019-01-01", "country_from": "RS", "country_to": "BA", "value": "0", "unit": "kg"}, {"date": "2019-02-01", "country_from": "RS", "country_to": "BA", "value": "0", "unit": "kg"}, {"date": "2019-03-01", "country_from": "RS", "country_to": "BA", "value": "0", "unit": "kg"}, {"date": "2019-04-01", "country_from": "RS", "country_to": "BA", "value": "0", "unit": "kg"}, {"date": "2019-05-01", "country_from": "RS", "country_to": "BA", "value": "0", "unit": "kg"}, {"date": "2019-06-01", "country_from": "RS", "country_to": "BA", "value": "0", "unit": "kg"}, {"date": "2019-07-01", "country_from": "RS", "country_to": "BA", "value": "0", "unit": "kg"}, {"date": "2019-08-01", "country_from": "RS", "country_to": "BA", "value": "0", "unit": "kg"}, {"date": "2019-09-01", "country_from": "RS", "country_to": "BA", "value": "0", "unit": "kg"}, {"date": "2019-10-01", "country_from": "RS", "country_to": "BA", "value": "0", "unit": "kg"}, {"date": "2019-11-01", "country_from": "RS", "country_to": "BA", "value": "0", "unit": "kg"}, {"date": "2019-12-01", "country_from": "RS", "country_to": "BA", "value": "0", "unit": "kg"}, {"date": "2020-01-01", "country_from": "RS", "country_to": "BA", "value": "0", "unit": "kg"}, {"date": "2020-02-01", "country_from": "RS", "country_to": "BA", "value": "0", "unit": "kg"}, {"date": "2020-03-01", "country_from": "RS", "country_to": "BA", "value": "0", "unit": "kg"}, {"date": "2020-04-01", "country_from": "RS", "country_to": "BA", "value": "6210", "unit": "kg"}, {"date": "2020-05-01", "country_from": "RS", "country_to": "BA", "value": "0", "unit": "kg"}, {"date": "2020-06-01", "country_from": "RS", "country_to": "BA", "value": "0", "unit": "kg"}, {"date": "2018-11-01", "country_from": "RS", "country_to": "ME", "value": "0", "unit": "kg"}, {"date": "2018-12-01", "country_from": "RS", "country_to": "ME", "value": "405", "unit": "kg"}, {"date": "2019-01-01", "country_from": "RS", "country_to": "ME", "value": "0", "unit": "kg"}, {"date": "2019-02-01", "country_from": "RS", "country_to": "ME", "value": "480", "unit": "kg"}, {"date": "2019-03-01", "country_from": "RS", "country_to": "ME", "value": "0", "unit": "kg"}, {"date": "2019-04-01", "country_from": "RS", "country_to": "ME", "value": "0", "unit": "kg"}, {"date": "2019-05-01", "country_from": "RS", "country_to": "ME", "value": "0", "unit": "kg"}, {"date": "2019-06-01", "country_from": "RS", "country_to": "ME", "value": "0", "unit": "kg"}, {"date": "2019-07-01", "country_from": "RS", "country_to": "ME", "value": "0", "unit": "kg"}, {"date": "2019-08-01", "country_from": "RS", "country_to": "ME", "value": "0", "unit": "kg"}, {"date": "2019-09-01", "country_from": "RS", "country_to": "ME", "value": "0", "unit": "kg"}, {"date": "2019-10-01", "country_from": "RS", "country_to": "ME", "value": "0", "unit": "kg"}, {"date": "2019-11-01", "country_from": "RS", "country_to": "ME", "value": "1162", "unit": "kg"}, {"date": "2019-12-01", "country_from": "RS", "country_to": "ME", "value": "0", "unit": "kg"}, {"date": "2020-01-01", "country_from": "RS", "country_to": "ME", "value": "525", "unit": "kg"}, {"date": "2020-02-01", "country_from": "RS", "country_to": "ME", "value": "0", "unit": "kg"}, {"date": "2020-03-01", "country_from": "RS", "country_to": "ME", "value": "705", "unit": "kg"}, {"date": "2020-04-01", "country_from": "RS", "country_to": "ME", "value": "0", "unit": "kg"}, {"date": "2020-05-01", "country_from": "RS", "country_to": "ME", "value": "0", "unit": "kg"}, {"date": "2020-06-01", "country_from": "RS", "country_to": "ME", "value": "0", "unit": "kg"}]