[{"date": "2018-08-01", "country": "Thailand", "value": "0", "unit": "kg"}, {"date": "2018-09-01", "country": "Thailand", "value": "0", "unit": "kg"}, {"date": "2018-10-01", "country": "Thailand", "value": "0", "unit": "kg"}, {"date": "2018-11-01", "country": "Thailand", "value": "0", "unit": "kg"}, {"date": "2018-12-01", "country": "Thailand", "value": "0", "unit": "kg"}, {"date": "2019-01-01", "country": "Thailand", "value": "0", "unit": "kg"}, {"date": "2019-02-01", "country": "Thailand", "value": "0", "unit": "kg"}, {"date": "2019-03-01", "country": "Thailand", "value": "0", "unit": "kg"}, {"date": "2019-04-01", "country": "Thailand", "value": "0", "unit": "kg"}, {"date": "2019-05-01", "country": "Thailand", "value": "0", "unit": "kg"}, {"date": "2019-06-01", "country": "Thailand", "value": "0", "unit": "kg"}, {"date": "2019-07-01", "country": "Thailand", "value": "0", "unit": "kg"}, {"date": "2019-08-01", "country": "Thailand", "value": "0", "unit": "kg"}, {"date": "2019-09-01", "country": "Thailand", "value": "0", "unit": "kg"}, {"date": "2019-10-01", "country": "Thailand", "value": "270000", "unit": "kg"}, {"date": "2019-11-01", "country": "Thailand", "value": "0", "unit": "kg"}, {"date": "2019-12-01", "country": "Thailand", "value": "0", "unit": "kg"}, {"date": "2020-01-01", "country": "Thailand", "value": "0", "unit": "kg"}]