[{"date": "2018-11-01", "country_from": "CA", "country_to": "BM", "value": "0", "unit": "kg"}, {"date": "2018-12-01", "country_from": "CA", "country_to": "BM", "value": "0", "unit": "kg"}, {"date": "2019-01-01", "country_from": "CA", "country_to": "BM", "value": "0", "unit": "kg"}, {"date": "2019-02-01", "country_from": "CA", "country_to": "BM", "value": "0", "unit": "kg"}, {"date": "2019-03-01", "country_from": "CA", "country_to": "BM", "value": "0", "unit": "kg"}, {"date": "2019-04-01", "country_from": "CA", "country_to": "BM", "value": "0", "unit": "kg"}, {"date": "2019-05-01", "country_from": "CA", "country_to": "BM", "value": "0", "unit": "kg"}, {"date": "2019-06-01", "country_from": "CA", "country_to": "BM", "value": "0", "unit": "kg"}, {"date": "2019-07-01", "country_from": "CA", "country_to": "BM", "value": "0", "unit": "kg"}, {"date": "2019-08-01", "country_from": "CA", "country_to": "BM", "value": "0", "unit": "kg"}, {"date": "2019-09-01", "country_from": "CA", "country_to": "BM", "value": "0", "unit": "kg"}, {"date": "2019-10-01", "country_from": "CA", "country_to": "BM", "value": "0", "unit": "kg"}, {"date": "2019-11-01", "country_from": "CA", "country_to": "BM", "value": "0", "unit": "kg"}, {"date": "2019-12-01", "country_from": "CA", "country_to": "BM", "value": "1779", "unit": "kg"}, {"date": "2020-01-01", "country_from": "CA", "country_to": "BM", "value": "0", "unit": "kg"}, {"date": "2020-02-01", "country_from": "CA", "country_to": "BM", "value": "0", "unit": "kg"}, {"date": "2020-03-01", "country_from": "CA", "country_to": "BM", "value": "0", "unit": "kg"}, {"date": "2020-04-01", "country_from": "CA", "country_to": "BM", "value": "0", "unit": "kg"}, {"date": "2018-11-01", "country_from": "CA", "country_to": "DO", "value": "0", "unit": "kg"}, {"date": "2018-12-01", "country_from": "CA", "country_to": "DO", "value": "0", "unit": "kg"}, {"date": "2019-01-01", "country_from": "CA", "country_to": "DO", "value": "0", "unit": "kg"}, {"date": "2019-02-01", "country_from": "CA", "country_to": "DO", "value": "0", "unit": "kg"}, {"date": "2019-03-01", "country_from": "CA", "country_to": "DO", "value": "0", "unit": "kg"}, {"date": "2019-04-01", "country_from": "CA", "country_to": "DO", "value": "12718", "unit": "kg"}, {"date": "2019-05-01", "country_from": "CA", "country_to": "DO", "value": "0", "unit": "kg"}, {"date": "2019-06-01", "country_from": "CA", "country_to": "DO", "value": "0", "unit": "kg"}, {"date": "2019-07-01", "country_from": "CA", "country_to": "DO", "value": "0", "unit": "kg"}, {"date": "2019-08-01", "country_from": "CA", "country_to": "DO", "value": "0", "unit": "kg"}, {"date": "2019-09-01", "country_from": "CA", "country_to": "DO", "value": "0", "unit": "kg"}, {"date": "2019-10-01", "country_from": "CA", "country_to": "DO", "value": "6160", "unit": "kg"}, {"date": "2019-11-01", "country_from": "CA", "country_to": "DO", "value": "0", "unit": "kg"}, {"date": "2019-12-01", "country_from": "CA", "country_to": "DO", "value": "0", "unit": "kg"}, {"date": "2020-01-01", "country_from": "CA", "country_to": "DO", "value": "0", "unit": "kg"}, {"date": "2020-02-01", "country_from": "CA", "country_to": "DO", "value": "0", "unit": "kg"}, {"date": "2020-03-01", "country_from": "CA", "country_to": "DO", "value": "4400", "unit": "kg"}, {"date": "2020-04-01", "country_from": "CA", "country_to": "DO", "value": "0", "unit": "kg"}, {"date": "2018-11-01", "country_from": "CA", "country_to": "US", "value": "0", "unit": "kg"}, {"date": "2018-12-01", "country_from": "CA", "country_to": "US", "value": "0", "unit": "kg"}, {"date": "2019-01-01", "country_from": "CA", "country_to": "US", "value": "0", "unit": "kg"}, {"date": "2019-02-01", "country_from": "CA", "country_to": "US", "value": "0", "unit": "kg"}, {"date": "2019-03-01", "country_from": "CA", "country_to": "US", "value": "32470", "unit": "kg"}, {"date": "2019-04-01", "country_from": "CA", "country_to": "US", "value": "0", "unit": "kg"}, {"date": "2019-05-01", "country_from": "CA", "country_to": "US", "value": "0", "unit": "kg"}, {"date": "2019-06-01", "country_from": "CA", "country_to": "US", "value": "0", "unit": "kg"}, {"date": "2019-07-01", "country_from": "CA", "country_to": "US", "value": "0", "unit": "kg"}, {"date": "2019-08-01", "country_from": "CA", "country_to": "US", "value": "0", "unit": "kg"}, {"date": "2019-09-01", "country_from": "CA", "country_to": "US", "value": "122779", "unit": "kg"}, {"date": "2019-10-01", "country_from": "CA", "country_to": "US", "value": "0", "unit": "kg"}, {"date": "2019-11-01", "country_from": "CA", "country_to": "US", "value": "0", "unit": "kg"}, {"date": "2019-12-01", "country_from": "CA", "country_to": "US", "value": "0", "unit": "kg"}, {"date": "2020-01-01", "country_from": "CA", "country_to": "US", "value": "0", "unit": "kg"}, {"date": "2020-02-01", "country_from": "CA", "country_to": "US", "value": "0", "unit": "kg"}, {"date": "2020-03-01", "country_from": "CA", "country_to": "US", "value": "0", "unit": "kg"}, {"date": "2020-04-01", "country_from": "CA", "country_to": "US", "value": "0", "unit": "kg"}]