[{"date": "2018-12-01", "country": "Angola", "value": "0", "unit": "kg"}, {"date": "2019-01-01", "country": "Angola", "value": "0", "unit": "kg"}, {"date": "2019-02-01", "country": "Angola", "value": "0", "unit": "kg"}, {"date": "2019-03-01", "country": "Angola", "value": "0", "unit": "kg"}, {"date": "2019-04-01", "country": "Angola", "value": "0", "unit": "kg"}, {"date": "2019-05-01", "country": "Angola", "value": "0", "unit": "kg"}, {"date": "2019-06-01", "country": "Angola", "value": "0", "unit": "kg"}, {"date": "2019-07-01", "country": "Angola", "value": "42000", "unit": "kg"}, {"date": "2019-08-01", "country": "Angola", "value": "0", "unit": "kg"}, {"date": "2019-09-01", "country": "Angola", "value": "0", "unit": "kg"}, {"date": "2019-10-01", "country": "Angola", "value": "0", "unit": "kg"}, {"date": "2019-11-01", "country": "Angola", "value": "0", "unit": "kg"}, {"date": "2019-12-01", "country": "Angola", "value": "0", "unit": "kg"}, {"date": "2020-03-01", "country": "Angola", "value": "0", "unit": "kg"}, {"date": "2020-04-01", "country": "Angola", "value": "0", "unit": "kg"}, {"date": "2020-05-01", "country": "Angola", "value": "0", "unit": "kg"}, {"date": "2018-12-01", "country": "Bangladesh", "value": "114000", "unit": "kg"}, {"date": "2019-01-01", "country": "Bangladesh", "value": "56000", "unit": "kg"}, {"date": "2019-02-01", "country": "Bangladesh", "value": "0", "unit": "kg"}, {"date": "2019-03-01", "country": "Bangladesh", "value": "0", "unit": "kg"}, {"date": "2019-04-01", "country": "Bangladesh", "value": "26000", "unit": "kg"}, {"date": "2019-05-01", "country": "Bangladesh", "value": "0", "unit": "kg"}, {"date": "2019-06-01", "country": "Bangladesh", "value": "0", "unit": "kg"}, {"date": "2019-07-01", "country": "Bangladesh", "value": "0", "unit": "kg"}, {"date": "2019-08-01", "country": "Bangladesh", "value": "0", "unit": "kg"}, {"date": "2019-09-01", "country": "Bangladesh", "value": "15250", "unit": "kg"}, {"date": "2019-10-01", "country": "Bangladesh", "value": "505800", "unit": "kg"}, {"date": "2019-11-01", "country": "Bangladesh", "value": "52261", "unit": "kg"}, {"date": "2019-12-01", "country": "Bangladesh", "value": "613", "unit": "kg"}, {"date": "2020-03-01", "country": "Bangladesh", "value": "0", "unit": "kg"}, {"date": "2020-04-01", "country": "Bangladesh", "value": "50000", "unit": "kg"}, {"date": "2020-05-01", "country": "Bangladesh", "value": "0", "unit": "kg"}, {"date": "2018-12-01", "country": "Brunei Darussalam", "value": "0", "unit": "kg"}, {"date": "2019-01-01", "country": "Brunei Darussalam", "value": "0", "unit": "kg"}, {"date": "2019-02-01", "country": "Brunei Darussalam", "value": "0", "unit": "kg"}, {"date": "2019-03-01", "country": "Brunei Darussalam", "value": "0", "unit": "kg"}, {"date": "2019-04-01", "country": "Brunei Darussalam", "value": "0", "unit": "kg"}, {"date": "2019-05-01", "country": "Brunei Darussalam", "value": "2000", "unit": "kg"}, {"date": "2019-06-01", "country": "Brunei Darussalam", "value": "0", "unit": "kg"}, {"date": "2019-07-01", "country": "Brunei Darussalam", "value": "0", "unit": "kg"}, {"date": "2019-08-01", "country": "Brunei Darussalam", "value": "0", "unit": "kg"}, {"date": "2019-09-01", "country": "Brunei Darussalam", "value": "0", "unit": "kg"}, {"date": "2019-10-01", "country": "Brunei Darussalam", "value": "0", "unit": "kg"}, {"date": "2019-11-01", "country": "Brunei Darussalam", "value": "0", "unit": "kg"}, {"date": "2019-12-01", "country": "Brunei Darussalam", "value": "0", "unit": "kg"}, {"date": "2020-03-01", "country": "Brunei Darussalam", "value": "0", "unit": "kg"}, {"date": "2020-04-01", "country": "Brunei Darussalam", "value": "0", "unit": "kg"}, {"date": "2020-05-01", "country": "Brunei Darussalam", "value": "0", "unit": "kg"}, {"date": "2018-12-01", "country": "Myanmar", "value": "0", "unit": "kg"}, {"date": "2019-01-01", "country": "Myanmar", "value": "0", "unit": "kg"}, {"date": "2019-02-01", "country": "Myanmar", "value": "0", "unit": "kg"}, {"date": "2019-03-01", "country": "Myanmar", "value": "0", "unit": "kg"}, {"date": "2019-04-01", "country": "Myanmar", "value": "0", "unit": "kg"}, {"date": "2019-05-01", "country": "Myanmar", "value": "0", "unit": "kg"}, {"date": "2019-06-01", "country": "Myanmar", "value": "0", "unit": "kg"}, {"date": "2019-07-01", "country": "Myanmar", "value": "0", "unit": "kg"}, {"date": "2019-08-01", "country": "Myanmar", "value": "0", "unit": "kg"}, {"date": "2019-09-01", "country": "Myanmar", "value": "0", "unit": "kg"}, {"date": "2019-10-01", "country": "Myanmar", "value": "20", "unit": "kg"}, {"date": "2019-11-01", "country": "Myanmar", "value": "0", "unit": "kg"}, {"date": "2019-12-01", "country": "Myanmar", "value": "3000", "unit": "kg"}, {"date": "2020-03-01", "country": "Myanmar", "value": "0", "unit": "kg"}, {"date": "2020-04-01", "country": "Myanmar", "value": "0", "unit": "kg"}, {"date": "2020-05-01", "country": "Myanmar", "value": "0", "unit": "kg"}, {"date": "2018-12-01", "country": "Ghana", "value": "0", "unit": "kg"}, {"date": "2019-01-01", "country": "Ghana", "value": "0", "unit": "kg"}, {"date": "2019-02-01", "country": "Ghana", "value": "0", "unit": "kg"}, {"date": "2019-03-01", "country": "Ghana", "value": "0", "unit": "kg"}, {"date": "2019-04-01", "country": "Ghana", "value": "0", "unit": "kg"}, {"date": "2019-05-01", "country": "Ghana", "value": "0", "unit": "kg"}, {"date": "2019-06-01", "country": "Ghana", "value": "0", "unit": "kg"}, {"date": "2019-07-01", "country": "Ghana", "value": "8500", "unit": "kg"}, {"date": "2019-08-01", "country": "Ghana", "value": "0", "unit": "kg"}, {"date": "2019-09-01", "country": "Ghana", "value": "0", "unit": "kg"}, {"date": "2019-10-01", "country": "Ghana", "value": "0", "unit": "kg"}, {"date": "2019-11-01", "country": "Ghana", "value": "0", "unit": "kg"}, {"date": "2019-12-01", "country": "Ghana", "value": "0", "unit": "kg"}, {"date": "2020-03-01", "country": "Ghana", "value": "0", "unit": "kg"}, {"date": "2020-04-01", "country": "Ghana", "value": "0", "unit": "kg"}, {"date": "2020-05-01", "country": "Ghana", "value": "0", "unit": "kg"}, {"date": "2018-12-01", "country": "Guinea", "value": "0", "unit": "kg"}, {"date": "2019-01-01", "country": "Guinea", "value": "0", "unit": "kg"}, {"date": "2019-02-01", "country": "Guinea", "value": "0", "unit": "kg"}, {"date": "2019-03-01", "country": "Guinea", "value": "0", "unit": "kg"}, {"date": "2019-04-01", "country": "Guinea", "value": "0", "unit": "kg"}, {"date": "2019-05-01", "country": "Guinea", "value": "0", "unit": "kg"}, {"date": "2019-06-01", "country": "Guinea", "value": "0", "unit": "kg"}, {"date": "2019-07-01", "country": "Guinea", "value": "0", "unit": "kg"}, {"date": "2019-08-01", "country": "Guinea", "value": "15000", "unit": "kg"}, {"date": "2019-09-01", "country": "Guinea", "value": "0", "unit": "kg"}, {"date": "2019-10-01", "country": "Guinea", "value": "0", "unit": "kg"}, {"date": "2019-11-01", "country": "Guinea", "value": "0", "unit": "kg"}, {"date": "2019-12-01", "country": "Guinea", "value": "0", "unit": "kg"}, {"date": "2020-03-01", "country": "Guinea", "value": "0", "unit": "kg"}, {"date": "2020-04-01", "country": "Guinea", "value": "0", "unit": "kg"}, {"date": "2020-05-01", "country": "Guinea", "value": "0", "unit": "kg"}, {"date": "2018-12-01", "country": "Indonesia", "value": "0", "unit": "kg"}, {"date": "2019-01-01", "country": "Indonesia", "value": "0", "unit": "kg"}, {"date": "2019-02-01", "country": "Indonesia", "value": "0", "unit": "kg"}, {"date": "2019-03-01", "country": "Indonesia", "value": "0", "unit": "kg"}, {"date": "2019-04-01", "country": "Indonesia", "value": "0", "unit": "kg"}, {"date": "2019-05-01", "country": "Indonesia", "value": "5394", "unit": "kg"}, {"date": "2019-06-01", "country": "Indonesia", "value": "0", "unit": "kg"}, {"date": "2019-07-01", "country": "Indonesia", "value": "0", "unit": "kg"}, {"date": "2019-08-01", "country": "Indonesia", "value": "0", "unit": "kg"}, {"date": "2019-09-01", "country": "Indonesia", "value": "0", "unit": "kg"}, {"date": "2019-10-01", "country": "Indonesia", "value": "0", "unit": "kg"}, {"date": "2019-11-01", "country": "Indonesia", "value": "18800", "unit": "kg"}, {"date": "2019-12-01", "country": "Indonesia", "value": "0", "unit": "kg"}, {"date": "2020-03-01", "country": "Indonesia", "value": "0", "unit": "kg"}, {"date": "2020-04-01", "country": "Indonesia", "value": "13760", "unit": "kg"}, {"date": "2020-05-01", "country": "Indonesia", "value": "0", "unit": "kg"}, {"date": "2018-12-01", "country": "Italy", "value": "0", "unit": "kg"}, {"date": "2019-01-01", "country": "Italy", "value": "0", "unit": "kg"}, {"date": "2019-02-01", "country": "Italy", "value": "0", "unit": "kg"}, {"date": "2019-03-01", "country": "Italy", "value": "0", "unit": "kg"}, {"date": "2019-04-01", "country": "Italy", "value": "0", "unit": "kg"}, {"date": "2019-05-01", "country": "Italy", "value": "0", "unit": "kg"}, {"date": "2019-06-01", "country": "Italy", "value": "0", "unit": "kg"}, {"date": "2019-07-01", "country": "Italy", "value": "0", "unit": "kg"}, {"date": "2019-08-01", "country": "Italy", "value": "0", "unit": "kg"}, {"date": "2019-09-01", "country": "Italy", "value": "0", "unit": "kg"}, {"date": "2019-10-01", "country": "Italy", "value": "0", "unit": "kg"}, {"date": "2019-11-01", "country": "Italy", "value": "0", "unit": "kg"}, {"date": "2019-12-01", "country": "Italy", "value": "0", "unit": "kg"}, {"date": "2020-03-01", "country": "Italy", "value": "0", "unit": "kg"}, {"date": "2020-04-01", "country": "Italy", "value": "0", "unit": "kg"}, {"date": "2020-05-01", "country": "Italy", "value": "0", "unit": "kg"}, {"date": "2018-12-01", "country": "Madagascar", "value": "0", "unit": "kg"}, {"date": "2019-01-01", "country": "Madagascar", "value": "0", "unit": "kg"}, {"date": "2019-02-01", "country": "Madagascar", "value": "0", "unit": "kg"}, {"date": "2019-03-01", "country": "Madagascar", "value": "0", "unit": "kg"}, {"date": "2019-04-01", "country": "Madagascar", "value": "0", "unit": "kg"}, {"date": "2019-05-01", "country": "Madagascar", "value": "0", "unit": "kg"}, {"date": "2019-06-01", "country": "Madagascar", "value": "0", "unit": "kg"}, {"date": "2019-07-01", "country": "Madagascar", "value": "0", "unit": "kg"}, {"date": "2019-08-01", "country": "Madagascar", "value": "0", "unit": "kg"}, {"date": "2019-09-01", "country": "Madagascar", "value": "0", "unit": "kg"}, {"date": "2019-10-01", "country": "Madagascar", "value": "100000", "unit": "kg"}, {"date": "2019-11-01", "country": "Madagascar", "value": "0", "unit": "kg"}, {"date": "2019-12-01", "country": "Madagascar", "value": "0", "unit": "kg"}, {"date": "2020-03-01", "country": "Madagascar", "value": "0", "unit": "kg"}, {"date": "2020-04-01", "country": "Madagascar", "value": "0", "unit": "kg"}, {"date": "2020-05-01", "country": "Madagascar", "value": "500000", "unit": "kg"}, {"date": "2018-12-01", "country": "Nepal", "value": "200", "unit": "kg"}, {"date": "2019-01-01", "country": "Nepal", "value": "0", "unit": "kg"}, {"date": "2019-02-01", "country": "Nepal", "value": "0", "unit": "kg"}, {"date": "2019-03-01", "country": "Nepal", "value": "20320", "unit": "kg"}, {"date": "2019-04-01", "country": "Nepal", "value": "0", "unit": "kg"}, {"date": "2019-05-01", "country": "Nepal", "value": "84000", "unit": "kg"}, {"date": "2019-06-01", "country": "Nepal", "value": "100", "unit": "kg"}, {"date": "2019-07-01", "country": "Nepal", "value": "0", "unit": "kg"}, {"date": "2019-08-01", "country": "Nepal", "value": "0", "unit": "kg"}, {"date": "2019-09-01", "country": "Nepal", "value": "0", "unit": "kg"}, {"date": "2019-10-01", "country": "Nepal", "value": "0", "unit": "kg"}, {"date": "2019-11-01", "country": "Nepal", "value": "0", "unit": "kg"}, {"date": "2019-12-01", "country": "Nepal", "value": "0", "unit": "kg"}, {"date": "2020-03-01", "country": "Nepal", "value": "43000", "unit": "kg"}, {"date": "2020-04-01", "country": "Nepal", "value": "0", "unit": "kg"}, {"date": "2020-05-01", "country": "Nepal", "value": "105000", "unit": "kg"}, {"date": "2018-12-01", "country": "Nigeria", "value": "0", "unit": "kg"}, {"date": "2019-01-01", "country": "Nigeria", "value": "0", "unit": "kg"}, {"date": "2019-02-01", "country": "Nigeria", "value": "0", "unit": "kg"}, {"date": "2019-03-01", "country": "Nigeria", "value": "0", "unit": "kg"}, {"date": "2019-04-01", "country": "Nigeria", "value": "0", "unit": "kg"}, {"date": "2019-05-01", "country": "Nigeria", "value": "0", "unit": "kg"}, {"date": "2019-06-01", "country": "Nigeria", "value": "0", "unit": "kg"}, {"date": "2019-07-01", "country": "Nigeria", "value": "0", "unit": "kg"}, {"date": "2019-08-01", "country": "Nigeria", "value": "0", "unit": "kg"}, {"date": "2019-09-01", "country": "Nigeria", "value": "0", "unit": "kg"}, {"date": "2019-10-01", "country": "Nigeria", "value": "0", "unit": "kg"}, {"date": "2019-11-01", "country": "Nigeria", "value": "0", "unit": "kg"}, {"date": "2019-12-01", "country": "Nigeria", "value": "0", "unit": "kg"}, {"date": "2020-03-01", "country": "Nigeria", "value": "10000", "unit": "kg"}, {"date": "2020-04-01", "country": "Nigeria", "value": "0", "unit": "kg"}, {"date": "2020-05-01", "country": "Nigeria", "value": "0", "unit": "kg"}, {"date": "2018-12-01", "country": "Pakistan", "value": "400000", "unit": "kg"}, {"date": "2019-01-01", "country": "Pakistan", "value": "850000", "unit": "kg"}, {"date": "2019-02-01", "country": "Pakistan", "value": "1090000", "unit": "kg"}, {"date": "2019-03-01", "country": "Pakistan", "value": "2435660", "unit": "kg"}, {"date": "2019-04-01", "country": "Pakistan", "value": "3781000", "unit": "kg"}, {"date": "2019-05-01", "country": "Pakistan", "value": "967604", "unit": "kg"}, {"date": "2019-06-01", "country": "Pakistan", "value": "84235", "unit": "kg"}, {"date": "2019-07-01", "country": "Pakistan", "value": "0", "unit": "kg"}, {"date": "2019-08-01", "country": "Pakistan", "value": "0", "unit": "kg"}, {"date": "2019-09-01", "country": "Pakistan", "value": "0", "unit": "kg"}, {"date": "2019-10-01", "country": "Pakistan", "value": "0", "unit": "kg"}, {"date": "2019-11-01", "country": "Pakistan", "value": "0", "unit": "kg"}, {"date": "2019-12-01", "country": "Pakistan", "value": "1300000", "unit": "kg"}, {"date": "2020-03-01", "country": "Pakistan", "value": "3238594", "unit": "kg"}, {"date": "2020-04-01", "country": "Pakistan", "value": "3494397", "unit": "kg"}, {"date": "2020-05-01", "country": "Pakistan", "value": "295957", "unit": "kg"}, {"date": "2018-12-01", "country": "Peru", "value": "0", "unit": "kg"}, {"date": "2019-01-01", "country": "Peru", "value": "0", "unit": "kg"}, {"date": "2019-02-01", "country": "Peru", "value": "0", "unit": "kg"}, {"date": "2019-03-01", "country": "Peru", "value": "0", "unit": "kg"}, {"date": "2019-04-01", "country": "Peru", "value": "0", "unit": "kg"}, {"date": "2019-05-01", "country": "Peru", "value": "0", "unit": "kg"}, {"date": "2019-06-01", "country": "Peru", "value": "0", "unit": "kg"}, {"date": "2019-07-01", "country": "Peru", "value": "0", "unit": "kg"}, {"date": "2019-08-01", "country": "Peru", "value": "0", "unit": "kg"}, {"date": "2019-09-01", "country": "Peru", "value": "0", "unit": "kg"}, {"date": "2019-10-01", "country": "Peru", "value": "0", "unit": "kg"}, {"date": "2019-11-01", "country": "Peru", "value": "0", "unit": "kg"}, {"date": "2019-12-01", "country": "Peru", "value": "0", "unit": "kg"}, {"date": "2020-03-01", "country": "Peru", "value": "0", "unit": "kg"}, {"date": "2020-04-01", "country": "Peru", "value": "0", "unit": "kg"}, {"date": "2020-05-01", "country": "Peru", "value": "0", "unit": "kg"}, {"date": "2018-12-01", "country": "Philippines", "value": "1500000", "unit": "kg"}, {"date": "2019-01-01", "country": "Philippines", "value": "0", "unit": "kg"}, {"date": "2019-02-01", "country": "Philippines", "value": "0", "unit": "kg"}, {"date": "2019-03-01", "country": "Philippines", "value": "199992", "unit": "kg"}, {"date": "2019-04-01", "country": "Philippines", "value": "0", "unit": "kg"}, {"date": "2019-05-01", "country": "Philippines", "value": "50000", "unit": "kg"}, {"date": "2019-06-01", "country": "Philippines", "value": "0", "unit": "kg"}, {"date": "2019-07-01", "country": "Philippines", "value": "4202", "unit": "kg"}, {"date": "2019-08-01", "country": "Philippines", "value": "0", "unit": "kg"}, {"date": "2019-09-01", "country": "Philippines", "value": "1249998", "unit": "kg"}, {"date": "2019-10-01", "country": "Philippines", "value": "599984", "unit": "kg"}, {"date": "2019-11-01", "country": "Philippines", "value": "150006", "unit": "kg"}, {"date": "2019-12-01", "country": "Philippines", "value": "12000", "unit": "kg"}, {"date": "2020-03-01", "country": "Philippines", "value": "214992", "unit": "kg"}, {"date": "2020-04-01", "country": "Philippines", "value": "199992", "unit": "kg"}, {"date": "2020-05-01", "country": "Philippines", "value": "1339970", "unit": "kg"}, {"date": "2018-12-01", "country": "Sierra Leone", "value": "0", "unit": "kg"}, {"date": "2019-01-01", "country": "Sierra Leone", "value": "0", "unit": "kg"}, {"date": "2019-02-01", "country": "Sierra Leone", "value": "8500", "unit": "kg"}, {"date": "2019-03-01", "country": "Sierra Leone", "value": "0", "unit": "kg"}, {"date": "2019-04-01", "country": "Sierra Leone", "value": "0", "unit": "kg"}, {"date": "2019-05-01", "country": "Sierra Leone", "value": "0", "unit": "kg"}, {"date": "2019-06-01", "country": "Sierra Leone", "value": "0", "unit": "kg"}, {"date": "2019-07-01", "country": "Sierra Leone", "value": "4620", "unit": "kg"}, {"date": "2019-08-01", "country": "Sierra Leone", "value": "0", "unit": "kg"}, {"date": "2019-09-01", "country": "Sierra Leone", "value": "0", "unit": "kg"}, {"date": "2019-10-01", "country": "Sierra Leone", "value": "0", "unit": "kg"}, {"date": "2019-11-01", "country": "Sierra Leone", "value": "0", "unit": "kg"}, {"date": "2019-12-01", "country": "Sierra Leone", "value": "0", "unit": "kg"}, {"date": "2020-03-01", "country": "Sierra Leone", "value": "0", "unit": "kg"}, {"date": "2020-04-01", "country": "Sierra Leone", "value": "0", "unit": "kg"}, {"date": "2020-05-01", "country": "Sierra Leone", "value": "0", "unit": "kg"}, {"date": "2018-12-01", "country": "Viet Nam", "value": "1623840", "unit": "kg"}, {"date": "2019-01-01", "country": "Viet Nam", "value": "194200", "unit": "kg"}, {"date": "2019-02-01", "country": "Viet Nam", "value": "0", "unit": "kg"}, {"date": "2019-03-01", "country": "Viet Nam", "value": "3500", "unit": "kg"}, {"date": "2019-04-01", "country": "Viet Nam", "value": "67500", "unit": "kg"}, {"date": "2019-05-01", "country": "Viet Nam", "value": "58170", "unit": "kg"}, {"date": "2019-06-01", "country": "Viet Nam", "value": "800", "unit": "kg"}, {"date": "2019-07-01", "country": "Viet Nam", "value": "0", "unit": "kg"}, {"date": "2019-08-01", "country": "Viet Nam", "value": "0", "unit": "kg"}, {"date": "2019-09-01", "country": "Viet Nam", "value": "0", "unit": "kg"}, {"date": "2019-10-01", "country": "Viet Nam", "value": "791040", "unit": "kg"}, {"date": "2019-11-01", "country": "Viet Nam", "value": "1840475", "unit": "kg"}, {"date": "2019-12-01", "country": "Viet Nam", "value": "769450", "unit": "kg"}, {"date": "2020-03-01", "country": "Viet Nam", "value": "12750", "unit": "kg"}, {"date": "2020-04-01", "country": "Viet Nam", "value": "15000", "unit": "kg"}, {"date": "2020-05-01", "country": "Viet Nam", "value": "38000", "unit": "kg"}, {"date": "2018-12-01", "country": "Togo", "value": "0", "unit": "kg"}, {"date": "2019-01-01", "country": "Togo", "value": "0", "unit": "kg"}, {"date": "2019-02-01", "country": "Togo", "value": "0", "unit": "kg"}, {"date": "2019-03-01", "country": "Togo", "value": "0", "unit": "kg"}, {"date": "2019-04-01", "country": "Togo", "value": "0", "unit": "kg"}, {"date": "2019-05-01", "country": "Togo", "value": "420", "unit": "kg"}, {"date": "2019-06-01", "country": "Togo", "value": "0", "unit": "kg"}, {"date": "2019-07-01", "country": "Togo", "value": "0", "unit": "kg"}, {"date": "2019-08-01", "country": "Togo", "value": "0", "unit": "kg"}, {"date": "2019-09-01", "country": "Togo", "value": "20000", "unit": "kg"}, {"date": "2019-10-01", "country": "Togo", "value": "0", "unit": "kg"}, {"date": "2019-11-01", "country": "Togo", "value": "0", "unit": "kg"}, {"date": "2019-12-01", "country": "Togo", "value": "0", "unit": "kg"}, {"date": "2020-03-01", "country": "Togo", "value": "0", "unit": "kg"}, {"date": "2020-04-01", "country": "Togo", "value": "0", "unit": "kg"}, {"date": "2020-05-01", "country": "Togo", "value": "1680", "unit": "kg"}, {"date": "2018-12-01", "country": "United Arab Emirates", "value": "0", "unit": "kg"}, {"date": "2019-01-01", "country": "United Arab Emirates", "value": "0", "unit": "kg"}, {"date": "2019-02-01", "country": "United Arab Emirates", "value": "0", "unit": "kg"}, {"date": "2019-03-01", "country": "United Arab Emirates", "value": "0", "unit": "kg"}, {"date": "2019-04-01", "country": "United Arab Emirates", "value": "0", "unit": "kg"}, {"date": "2019-05-01", "country": "United Arab Emirates", "value": "0", "unit": "kg"}, {"date": "2019-06-01", "country": "United Arab Emirates", "value": "0", "unit": "kg"}, {"date": "2019-07-01", "country": "United Arab Emirates", "value": "0", "unit": "kg"}, {"date": "2019-08-01", "country": "United Arab Emirates", "value": "0", "unit": "kg"}, {"date": "2019-09-01", "country": "United Arab Emirates", "value": "0", "unit": "kg"}, {"date": "2019-10-01", "country": "United Arab Emirates", "value": "442", "unit": "kg"}, {"date": "2019-11-01", "country": "United Arab Emirates", "value": "0", "unit": "kg"}, {"date": "2019-12-01", "country": "United Arab Emirates", "value": "0", "unit": "kg"}, {"date": "2020-03-01", "country": "United Arab Emirates", "value": "0", "unit": "kg"}, {"date": "2020-04-01", "country": "United Arab Emirates", "value": "0", "unit": "kg"}, {"date": "2020-05-01", "country": "United Arab Emirates", "value": "0", "unit": "kg"}, {"date": "2018-12-01", "country": "Uganda", "value": "0", "unit": "kg"}, {"date": "2019-01-01", "country": "Uganda", "value": "0", "unit": "kg"}, {"date": "2019-02-01", "country": "Uganda", "value": "0", "unit": "kg"}, {"date": "2019-03-01", "country": "Uganda", "value": "17500", "unit": "kg"}, {"date": "2019-04-01", "country": "Uganda", "value": "0", "unit": "kg"}, {"date": "2019-05-01", "country": "Uganda", "value": "0", "unit": "kg"}, {"date": "2019-06-01", "country": "Uganda", "value": "8000", "unit": "kg"}, {"date": "2019-07-01", "country": "Uganda", "value": "0", "unit": "kg"}, {"date": "2019-08-01", "country": "Uganda", "value": "0", "unit": "kg"}, {"date": "2019-09-01", "country": "Uganda", "value": "0", "unit": "kg"}, {"date": "2019-10-01", "country": "Uganda", "value": "11880", "unit": "kg"}, {"date": "2019-11-01", "country": "Uganda", "value": "0", "unit": "kg"}, {"date": "2019-12-01", "country": "Uganda", "value": "0", "unit": "kg"}, {"date": "2020-03-01", "country": "Uganda", "value": "21720", "unit": "kg"}, {"date": "2020-04-01", "country": "Uganda", "value": "0", "unit": "kg"}, {"date": "2020-05-01", "country": "Uganda", "value": "0", "unit": "kg"}, {"date": "2018-12-01", "country": "Uruguay", "value": "0", "unit": "kg"}, {"date": "2019-01-01", "country": "Uruguay", "value": "0", "unit": "kg"}, {"date": "2019-02-01", "country": "Uruguay", "value": "0", "unit": "kg"}, {"date": "2019-03-01", "country": "Uruguay", "value": "0", "unit": "kg"}, {"date": "2019-04-01", "country": "Uruguay", "value": "0", "unit": "kg"}, {"date": "2019-05-01", "country": "Uruguay", "value": "0", "unit": "kg"}, {"date": "2019-06-01", "country": "Uruguay", "value": "0", "unit": "kg"}, {"date": "2019-07-01", "country": "Uruguay", "value": "0", "unit": "kg"}, {"date": "2019-08-01", "country": "Uruguay", "value": "0", "unit": "kg"}, {"date": "2019-09-01", "country": "Uruguay", "value": "0", "unit": "kg"}, {"date": "2019-10-01", "country": "Uruguay", "value": "200", "unit": "kg"}, {"date": "2019-11-01", "country": "Uruguay", "value": "0", "unit": "kg"}, {"date": "2019-12-01", "country": "Uruguay", "value": "0", "unit": "kg"}, {"date": "2020-03-01", "country": "Uruguay", "value": "0", "unit": "kg"}, {"date": "2020-04-01", "country": "Uruguay", "value": "0", "unit": "kg"}, {"date": "2020-05-01", "country": "Uruguay", "value": "0", "unit": "kg"}]