[{"date": "2018-12-01", "country": "Singapore", "value": "250", "unit": "kg"}, {"date": "2019-01-01", "country": "Singapore", "value": "181", "unit": "kg"}, {"date": "2019-02-01", "country": "Singapore", "value": "190", "unit": "kg"}, {"date": "2019-03-01", "country": "Singapore", "value": "194", "unit": "kg"}, {"date": "2019-04-01", "country": "Singapore", "value": "245", "unit": "kg"}, {"date": "2019-05-01", "country": "Singapore", "value": "217", "unit": "kg"}, {"date": "2019-06-01", "country": "Singapore", "value": "129", "unit": "kg"}, {"date": "2019-07-01", "country": "Singapore", "value": "232", "unit": "kg"}, {"date": "2019-08-01", "country": "Singapore", "value": "195", "unit": "kg"}, {"date": "2019-09-01", "country": "Singapore", "value": "203", "unit": "kg"}, {"date": "2019-10-01", "country": "Singapore", "value": "257", "unit": "kg"}, {"date": "2019-11-01", "country": "Singapore", "value": "318", "unit": "kg"}, {"date": "2019-12-01", "country": "Singapore", "value": "274", "unit": "kg"}, {"date": "2020-01-01", "country": "Singapore", "value": "242", "unit": "kg"}, {"date": "2020-02-01", "country": "Singapore", "value": "266", "unit": "kg"}, {"date": "2020-03-01", "country": "Singapore", "value": "134", "unit": "kg"}, {"date": "2020-04-01", "country": "Singapore", "value": "138", "unit": "kg"}, {"date": "2020-05-01", "country": "Singapore", "value": "170", "unit": "kg"}, {"date": "2018-12-01", "country": "Hong Kong, China", "value": "202", "unit": "kg"}, {"date": "2019-01-01", "country": "Hong Kong, China", "value": "190", "unit": "kg"}, {"date": "2019-02-01", "country": "Hong Kong, China", "value": "212", "unit": "kg"}, {"date": "2019-03-01", "country": "Hong Kong, China", "value": "234", "unit": "kg"}, {"date": "2019-04-01", "country": "Hong Kong, China", "value": "282", "unit": "kg"}, {"date": "2019-05-01", "country": "Hong Kong, China", "value": "134", "unit": "kg"}, {"date": "2019-06-01", "country": "Hong Kong, China", "value": "133", "unit": "kg"}, {"date": "2019-07-01", "country": "Hong Kong, China", "value": "267", "unit": "kg"}, {"date": "2019-08-01", "country": "Hong Kong, China", "value": "272", "unit": "kg"}, {"date": "2019-09-01", "country": "Hong Kong, China", "value": "103", "unit": "kg"}, {"date": "2019-10-01", "country": "Hong Kong, China", "value": "241", "unit": "kg"}, {"date": "2019-11-01", "country": "Hong Kong, China", "value": "373", "unit": "kg"}, {"date": "2019-12-01", "country": "Hong Kong, China", "value": "173", "unit": "kg"}, {"date": "2020-01-01", "country": "Hong Kong, China", "value": "288", "unit": "kg"}, {"date": "2020-02-01", "country": "Hong Kong, China", "value": "122", "unit": "kg"}, {"date": "2020-03-01", "country": "Hong Kong, China", "value": "120", "unit": "kg"}, {"date": "2020-04-01", "country": "Hong Kong, China", "value": "294", "unit": "kg"}, {"date": "2020-05-01", "country": "Hong Kong, China", "value": "152", "unit": "kg"}, {"date": "2018-12-01", "country": "Taipei, Chinese", "value": "24", "unit": "kg"}, {"date": "2019-01-01", "country": "Taipei, Chinese", "value": "15", "unit": "kg"}, {"date": "2019-02-01", "country": "Taipei, Chinese", "value": "0", "unit": "kg"}, {"date": "2019-03-01", "country": "Taipei, Chinese", "value": "31", "unit": "kg"}, {"date": "2019-04-01", "country": "Taipei, Chinese", "value": "15", "unit": "kg"}, {"date": "2019-05-01", "country": "Taipei, Chinese", "value": "16", "unit": "kg"}, {"date": "2019-06-01", "country": "Taipei, Chinese", "value": "0", "unit": "kg"}, {"date": "2019-07-01", "country": "Taipei, Chinese", "value": "15", "unit": "kg"}, {"date": "2019-08-01", "country": "Taipei, Chinese", "value": "0", "unit": "kg"}, {"date": "2019-09-01", "country": "Taipei, Chinese", "value": "17", "unit": "kg"}, {"date": "2019-10-01", "country": "Taipei, Chinese", "value": "17", "unit": "kg"}, {"date": "2019-11-01", "country": "Taipei, Chinese", "value": "18", "unit": "kg"}, {"date": "2019-12-01", "country": "Taipei, Chinese", "value": "27", "unit": "kg"}, {"date": "2020-01-01", "country": "Taipei, Chinese", "value": "0", "unit": "kg"}, {"date": "2020-02-01", "country": "Taipei, Chinese", "value": "20", "unit": "kg"}, {"date": "2020-03-01", "country": "Taipei, Chinese", "value": "27", "unit": "kg"}, {"date": "2020-04-01", "country": "Taipei, Chinese", "value": "15", "unit": "kg"}, {"date": "2020-05-01", "country": "Taipei, Chinese", "value": "0", "unit": "kg"}, {"date": "2018-12-01", "country": "United States of America", "value": "23", "unit": "kg"}, {"date": "2019-01-01", "country": "United States of America", "value": "22", "unit": "kg"}, {"date": "2019-02-01", "country": "United States of America", "value": "21", "unit": "kg"}, {"date": "2019-03-01", "country": "United States of America", "value": "38", "unit": "kg"}, {"date": "2019-04-01", "country": "United States of America", "value": "36", "unit": "kg"}, {"date": "2019-05-01", "country": "United States of America", "value": "22", "unit": "kg"}, {"date": "2019-06-01", "country": "United States of America", "value": "55", "unit": "kg"}, {"date": "2019-07-01", "country": "United States of America", "value": "37", "unit": "kg"}, {"date": "2019-08-01", "country": "United States of America", "value": "8", "unit": "kg"}, {"date": "2019-09-01", "country": "United States of America", "value": "20", "unit": "kg"}, {"date": "2019-10-01", "country": "United States of America", "value": "23", "unit": "kg"}, {"date": "2019-11-01", "country": "United States of America", "value": "62", "unit": "kg"}, {"date": "2019-12-01", "country": "United States of America", "value": "17", "unit": "kg"}, {"date": "2020-01-01", "country": "United States of America", "value": "22", "unit": "kg"}, {"date": "2020-02-01", "country": "United States of America", "value": "43", "unit": "kg"}, {"date": "2020-03-01", "country": "United States of America", "value": "23", "unit": "kg"}, {"date": "2020-04-01", "country": "United States of America", "value": "27", "unit": "kg"}, {"date": "2020-05-01", "country": "United States of America", "value": "14", "unit": "kg"}, {"date": "2018-12-01", "country": "Malaysia", "value": "0", "unit": "kg"}, {"date": "2019-01-01", "country": "Malaysia", "value": "0", "unit": "kg"}, {"date": "2019-02-01", "country": "Malaysia", "value": "0", "unit": "kg"}, {"date": "2019-03-01", "country": "Malaysia", "value": "0", "unit": "kg"}, {"date": "2019-04-01", "country": "Malaysia", "value": "9", "unit": "kg"}, {"date": "2019-05-01", "country": "Malaysia", "value": "0", "unit": "kg"}, {"date": "2019-06-01", "country": "Malaysia", "value": "0", "unit": "kg"}, {"date": "2019-07-01", "country": "Malaysia", "value": "0", "unit": "kg"}, {"date": "2019-08-01", "country": "Malaysia", "value": "16", "unit": "kg"}, {"date": "2019-09-01", "country": "Malaysia", "value": "0", "unit": "kg"}, {"date": "2019-10-01", "country": "Malaysia", "value": "0", "unit": "kg"}, {"date": "2019-11-01", "country": "Malaysia", "value": "15", "unit": "kg"}, {"date": "2019-12-01", "country": "Malaysia", "value": "0", "unit": "kg"}, {"date": "2020-01-01", "country": "Malaysia", "value": "0", "unit": "kg"}, {"date": "2020-02-01", "country": "Malaysia", "value": "0", "unit": "kg"}, {"date": "2020-03-01", "country": "Malaysia", "value": "16", "unit": "kg"}, {"date": "2020-04-01", "country": "Malaysia", "value": "0", "unit": "kg"}, {"date": "2020-05-01", "country": "Malaysia", "value": "0", "unit": "kg"}, {"date": "2018-12-01", "country": "Viet Nam", "value": "9", "unit": "kg"}, {"date": "2019-01-01", "country": "Viet Nam", "value": "0", "unit": "kg"}, {"date": "2019-02-01", "country": "Viet Nam", "value": "0", "unit": "kg"}, {"date": "2019-03-01", "country": "Viet Nam", "value": "0", "unit": "kg"}, {"date": "2019-04-01", "country": "Viet Nam", "value": "0", "unit": "kg"}, {"date": "2019-05-01", "country": "Viet Nam", "value": "0", "unit": "kg"}, {"date": "2019-06-01", "country": "Viet Nam", "value": "0", "unit": "kg"}, {"date": "2019-07-01", "country": "Viet Nam", "value": "9", "unit": "kg"}, {"date": "2019-08-01", "country": "Viet Nam", "value": "0", "unit": "kg"}, {"date": "2019-09-01", "country": "Viet Nam", "value": "0", "unit": "kg"}, {"date": "2019-10-01", "country": "Viet Nam", "value": "6", "unit": "kg"}, {"date": "2019-11-01", "country": "Viet Nam", "value": "15", "unit": "kg"}, {"date": "2019-12-01", "country": "Viet Nam", "value": "0", "unit": "kg"}, {"date": "2020-01-01", "country": "Viet Nam", "value": "0", "unit": "kg"}, {"date": "2020-02-01", "country": "Viet Nam", "value": "0", "unit": "kg"}, {"date": "2020-03-01", "country": "Viet Nam", "value": "0", "unit": "kg"}, {"date": "2020-04-01", "country": "Viet Nam", "value": "15", "unit": "kg"}, {"date": "2020-05-01", "country": "Viet Nam", "value": "0", "unit": "kg"}, {"date": "2018-12-01", "country": "Thailand", "value": "0", "unit": "kg"}, {"date": "2019-01-01", "country": "Thailand", "value": "0", "unit": "kg"}, {"date": "2019-02-01", "country": "Thailand", "value": "0", "unit": "kg"}, {"date": "2019-03-01", "country": "Thailand", "value": "0", "unit": "kg"}, {"date": "2019-04-01", "country": "Thailand", "value": "0", "unit": "kg"}, {"date": "2019-05-01", "country": "Thailand", "value": "0", "unit": "kg"}, {"date": "2019-06-01", "country": "Thailand", "value": "0", "unit": "kg"}, {"date": "2019-07-01", "country": "Thailand", "value": "0", "unit": "kg"}, {"date": "2019-08-01", "country": "Thailand", "value": "0", "unit": "kg"}, {"date": "2019-09-01", "country": "Thailand", "value": "0", "unit": "kg"}, {"date": "2019-10-01", "country": "Thailand", "value": "0", "unit": "kg"}, {"date": "2019-11-01", "country": "Thailand", "value": "0", "unit": "kg"}, {"date": "2019-12-01", "country": "Thailand", "value": "0", "unit": "kg"}, {"date": "2020-01-01", "country": "Thailand", "value": "0", "unit": "kg"}, {"date": "2020-02-01", "country": "Thailand", "value": "0", "unit": "kg"}, {"date": "2020-03-01", "country": "Thailand", "value": "0", "unit": "kg"}, {"date": "2020-04-01", "country": "Thailand", "value": "0", "unit": "kg"}, {"date": "2020-05-01", "country": "Thailand", "value": "0", "unit": "kg"}, {"date": "2018-12-01", "country": "United Arab Emirates", "value": "0", "unit": "kg"}, {"date": "2019-01-01", "country": "United Arab Emirates", "value": "0", "unit": "kg"}, {"date": "2019-02-01", "country": "United Arab Emirates", "value": "0", "unit": "kg"}, {"date": "2019-03-01", "country": "United Arab Emirates", "value": "0", "unit": "kg"}, {"date": "2019-04-01", "country": "United Arab Emirates", "value": "1", "unit": "kg"}, {"date": "2019-05-01", "country": "United Arab Emirates", "value": "0", "unit": "kg"}, {"date": "2019-06-01", "country": "United Arab Emirates", "value": "0", "unit": "kg"}, {"date": "2019-07-01", "country": "United Arab Emirates", "value": "0", "unit": "kg"}, {"date": "2019-08-01", "country": "United Arab Emirates", "value": "0", "unit": "kg"}, {"date": "2019-09-01", "country": "United Arab Emirates", "value": "0", "unit": "kg"}, {"date": "2019-10-01", "country": "United Arab Emirates", "value": "0", "unit": "kg"}, {"date": "2019-11-01", "country": "United Arab Emirates", "value": "0", "unit": "kg"}, {"date": "2019-12-01", "country": "United Arab Emirates", "value": "0", "unit": "kg"}, {"date": "2020-01-01", "country": "United Arab Emirates", "value": "0", "unit": "kg"}, {"date": "2020-02-01", "country": "United Arab Emirates", "value": "0", "unit": "kg"}, {"date": "2020-03-01", "country": "United Arab Emirates", "value": "0", "unit": "kg"}, {"date": "2020-04-01", "country": "United Arab Emirates", "value": "0", "unit": "kg"}, {"date": "2020-05-01", "country": "United Arab Emirates", "value": "0", "unit": "kg"}, {"date": "2018-12-01", "country": "United Kingdom", "value": "0", "unit": "kg"}, {"date": "2019-01-01", "country": "United Kingdom", "value": "0", "unit": "kg"}, {"date": "2019-02-01", "country": "United Kingdom", "value": "0", "unit": "kg"}, {"date": "2019-03-01", "country": "United Kingdom", "value": "4", "unit": "kg"}, {"date": "2019-04-01", "country": "United Kingdom", "value": "0", "unit": "kg"}, {"date": "2019-05-01", "country": "United Kingdom", "value": "0", "unit": "kg"}, {"date": "2019-06-01", "country": "United Kingdom", "value": "0", "unit": "kg"}, {"date": "2019-07-01", "country": "United Kingdom", "value": "0", "unit": "kg"}, {"date": "2019-08-01", "country": "United Kingdom", "value": "0", "unit": "kg"}, {"date": "2019-09-01", "country": "United Kingdom", "value": "0", "unit": "kg"}, {"date": "2019-10-01", "country": "United Kingdom", "value": "0", "unit": "kg"}, {"date": "2019-11-01", "country": "United Kingdom", "value": "0", "unit": "kg"}, {"date": "2019-12-01", "country": "United Kingdom", "value": "0", "unit": "kg"}, {"date": "2020-01-01", "country": "United Kingdom", "value": "0", "unit": "kg"}, {"date": "2020-02-01", "country": "United Kingdom", "value": "0", "unit": "kg"}, {"date": "2020-03-01", "country": "United Kingdom", "value": "0", "unit": "kg"}, {"date": "2020-04-01", "country": "United Kingdom", "value": "0", "unit": "kg"}, {"date": "2020-05-01", "country": "United Kingdom", "value": "0", "unit": "kg"}, {"date": "2018-12-01", "country": "Mongolia", "value": "0", "unit": "kg"}, {"date": "2019-01-01", "country": "Mongolia", "value": "0", "unit": "kg"}, {"date": "2019-02-01", "country": "Mongolia", "value": "0", "unit": "kg"}, {"date": "2019-03-01", "country": "Mongolia", "value": "34", "unit": "kg"}, {"date": "2019-04-01", "country": "Mongolia", "value": "54", "unit": "kg"}, {"date": "2019-05-01", "country": "Mongolia", "value": "0", "unit": "kg"}, {"date": "2019-06-01", "country": "Mongolia", "value": "36", "unit": "kg"}, {"date": "2019-07-01", "country": "Mongolia", "value": "54", "unit": "kg"}, {"date": "2019-08-01", "country": "Mongolia", "value": "0", "unit": "kg"}, {"date": "2019-09-01", "country": "Mongolia", "value": "18", "unit": "kg"}, {"date": "2019-10-01", "country": "Mongolia", "value": "18", "unit": "kg"}, {"date": "2019-11-01", "country": "Mongolia", "value": "0", "unit": "kg"}, {"date": "2019-12-01", "country": "Mongolia", "value": "72", "unit": "kg"}, {"date": "2020-01-01", "country": "Mongolia", "value": "0", "unit": "kg"}, {"date": "2020-02-01", "country": "Mongolia", "value": "72", "unit": "kg"}, {"date": "2020-03-01", "country": "Mongolia", "value": "0", "unit": "kg"}, {"date": "2020-04-01", "country": "Mongolia", "value": "72", "unit": "kg"}, {"date": "2020-05-01", "country": "Mongolia", "value": "72", "unit": "kg"}, {"date": "2018-12-01", "country": "Netherlands", "value": "0", "unit": "kg"}, {"date": "2019-01-01", "country": "Netherlands", "value": "0", "unit": "kg"}, {"date": "2019-02-01", "country": "Netherlands", "value": "0", "unit": "kg"}, {"date": "2019-03-01", "country": "Netherlands", "value": "0", "unit": "kg"}, {"date": "2019-04-01", "country": "Netherlands", "value": "0", "unit": "kg"}, {"date": "2019-05-01", "country": "Netherlands", "value": "0", "unit": "kg"}, {"date": "2019-06-01", "country": "Netherlands", "value": "0", "unit": "kg"}, {"date": "2019-07-01", "country": "Netherlands", "value": "0", "unit": "kg"}, {"date": "2019-08-01", "country": "Netherlands", "value": "0", "unit": "kg"}, {"date": "2019-09-01", "country": "Netherlands", "value": "0", "unit": "kg"}, {"date": "2019-10-01", "country": "Netherlands", "value": "0", "unit": "kg"}, {"date": "2019-11-01", "country": "Netherlands", "value": "0", "unit": "kg"}, {"date": "2019-12-01", "country": "Netherlands", "value": "0", "unit": "kg"}, {"date": "2020-01-01", "country": "Netherlands", "value": "0", "unit": "kg"}, {"date": "2020-02-01", "country": "Netherlands", "value": "0", "unit": "kg"}, {"date": "2020-03-01", "country": "Netherlands", "value": "0", "unit": "kg"}, {"date": "2020-04-01", "country": "Netherlands", "value": "0", "unit": "kg"}, {"date": "2020-05-01", "country": "Netherlands", "value": "0", "unit": "kg"}, {"date": "2018-12-01", "country": "Russian Federation", "value": "0", "unit": "kg"}, {"date": "2019-01-01", "country": "Russian Federation", "value": "0", "unit": "kg"}, {"date": "2019-02-01", "country": "Russian Federation", "value": "0", "unit": "kg"}, {"date": "2019-03-01", "country": "Russian Federation", "value": "1", "unit": "kg"}, {"date": "2019-04-01", "country": "Russian Federation", "value": "0", "unit": "kg"}, {"date": "2019-05-01", "country": "Russian Federation", "value": "0", "unit": "kg"}, {"date": "2019-06-01", "country": "Russian Federation", "value": "0", "unit": "kg"}, {"date": "2019-07-01", "country": "Russian Federation", "value": "0", "unit": "kg"}, {"date": "2019-08-01", "country": "Russian Federation", "value": "0", "unit": "kg"}, {"date": "2019-09-01", "country": "Russian Federation", "value": "0", "unit": "kg"}, {"date": "2019-10-01", "country": "Russian Federation", "value": "0", "unit": "kg"}, {"date": "2019-11-01", "country": "Russian Federation", "value": "0", "unit": "kg"}, {"date": "2019-12-01", "country": "Russian Federation", "value": "0", "unit": "kg"}, {"date": "2020-01-01", "country": "Russian Federation", "value": "0", "unit": "kg"}, {"date": "2020-02-01", "country": "Russian Federation", "value": "0", "unit": "kg"}, {"date": "2020-03-01", "country": "Russian Federation", "value": "0", "unit": "kg"}, {"date": "2020-04-01", "country": "Russian Federation", "value": "0", "unit": "kg"}, {"date": "2020-05-01", "country": "Russian Federation", "value": "0", "unit": "kg"}, {"date": "2018-12-01", "country": "India", "value": "0", "unit": "kg"}, {"date": "2019-01-01", "country": "India", "value": "0", "unit": "kg"}, {"date": "2019-02-01", "country": "India", "value": "0", "unit": "kg"}, {"date": "2019-03-01", "country": "India", "value": "0", "unit": "kg"}, {"date": "2019-04-01", "country": "India", "value": "0", "unit": "kg"}, {"date": "2019-05-01", "country": "India", "value": "0", "unit": "kg"}, {"date": "2019-06-01", "country": "India", "value": "0", "unit": "kg"}, {"date": "2019-07-01", "country": "India", "value": "0", "unit": "kg"}, {"date": "2019-08-01", "country": "India", "value": "0", "unit": "kg"}, {"date": "2019-09-01", "country": "India", "value": "0", "unit": "kg"}, {"date": "2019-10-01", "country": "India", "value": "0", "unit": "kg"}, {"date": "2019-11-01", "country": "India", "value": "0", "unit": "kg"}, {"date": "2019-12-01", "country": "India", "value": "0", "unit": "kg"}, {"date": "2020-01-01", "country": "India", "value": "0", "unit": "kg"}, {"date": "2020-02-01", "country": "India", "value": "0", "unit": "kg"}, {"date": "2020-03-01", "country": "India", "value": "2", "unit": "kg"}, {"date": "2020-04-01", "country": "India", "value": "0", "unit": "kg"}, {"date": "2020-05-01", "country": "India", "value": "0", "unit": "kg"}, {"date": "2018-12-01", "country": "Bulgaria", "value": "6", "unit": "kg"}, {"date": "2019-01-01", "country": "Bulgaria", "value": "0", "unit": "kg"}, {"date": "2019-02-01", "country": "Bulgaria", "value": "0", "unit": "kg"}, {"date": "2019-03-01", "country": "Bulgaria", "value": "0", "unit": "kg"}, {"date": "2019-04-01", "country": "Bulgaria", "value": "0", "unit": "kg"}, {"date": "2019-05-01", "country": "Bulgaria", "value": "0", "unit": "kg"}, {"date": "2019-06-01", "country": "Bulgaria", "value": "0", "unit": "kg"}, {"date": "2019-07-01", "country": "Bulgaria", "value": "0", "unit": "kg"}, {"date": "2019-08-01", "country": "Bulgaria", "value": "0", "unit": "kg"}, {"date": "2019-09-01", "country": "Bulgaria", "value": "0", "unit": "kg"}, {"date": "2019-10-01", "country": "Bulgaria", "value": "0", "unit": "kg"}, {"date": "2019-11-01", "country": "Bulgaria", "value": "0", "unit": "kg"}, {"date": "2019-12-01", "country": "Bulgaria", "value": "0", "unit": "kg"}, {"date": "2020-01-01", "country": "Bulgaria", "value": "0", "unit": "kg"}, {"date": "2020-02-01", "country": "Bulgaria", "value": "0", "unit": "kg"}, {"date": "2020-03-01", "country": "Bulgaria", "value": "0", "unit": "kg"}, {"date": "2020-04-01", "country": "Bulgaria", "value": "0", "unit": "kg"}, {"date": "2020-05-01", "country": "Bulgaria", "value": "0", "unit": "kg"}, {"date": "2018-12-01", "country": "Cambodia", "value": "0", "unit": "kg"}, {"date": "2019-01-01", "country": "Cambodia", "value": "1", "unit": "kg"}, {"date": "2019-02-01", "country": "Cambodia", "value": "0", "unit": "kg"}, {"date": "2019-03-01", "country": "Cambodia", "value": "0", "unit": "kg"}, {"date": "2019-04-01", "country": "Cambodia", "value": "0", "unit": "kg"}, {"date": "2019-05-01", "country": "Cambodia", "value": "0", "unit": "kg"}, {"date": "2019-06-01", "country": "Cambodia", "value": "0", "unit": "kg"}, {"date": "2019-07-01", "country": "Cambodia", "value": "0", "unit": "kg"}, {"date": "2019-08-01", "country": "Cambodia", "value": "0", "unit": "kg"}, {"date": "2019-09-01", "country": "Cambodia", "value": "0", "unit": "kg"}, {"date": "2019-10-01", "country": "Cambodia", "value": "0", "unit": "kg"}, {"date": "2019-11-01", "country": "Cambodia", "value": "0", "unit": "kg"}, {"date": "2019-12-01", "country": "Cambodia", "value": "0", "unit": "kg"}, {"date": "2020-01-01", "country": "Cambodia", "value": "0", "unit": "kg"}, {"date": "2020-02-01", "country": "Cambodia", "value": "1", "unit": "kg"}, {"date": "2020-03-01", "country": "Cambodia", "value": "0", "unit": "kg"}, {"date": "2020-04-01", "country": "Cambodia", "value": "0", "unit": "kg"}, {"date": "2020-05-01", "country": "Cambodia", "value": "0", "unit": "kg"}, {"date": "2018-12-01", "country": "China", "value": "0", "unit": "kg"}, {"date": "2019-01-01", "country": "China", "value": "0", "unit": "kg"}, {"date": "2019-02-01", "country": "China", "value": "0", "unit": "kg"}, {"date": "2019-03-01", "country": "China", "value": "0", "unit": "kg"}, {"date": "2019-04-01", "country": "China", "value": "0", "unit": "kg"}, {"date": "2019-05-01", "country": "China", "value": "0", "unit": "kg"}, {"date": "2019-06-01", "country": "China", "value": "0", "unit": "kg"}, {"date": "2019-07-01", "country": "China", "value": "0", "unit": "kg"}, {"date": "2019-08-01", "country": "China", "value": "0", "unit": "kg"}, {"date": "2019-09-01", "country": "China", "value": "0", "unit": "kg"}, {"date": "2019-10-01", "country": "China", "value": "0", "unit": "kg"}, {"date": "2019-11-01", "country": "China", "value": "0", "unit": "kg"}, {"date": "2019-12-01", "country": "China", "value": "0", "unit": "kg"}, {"date": "2020-01-01", "country": "China", "value": "0", "unit": "kg"}, {"date": "2020-02-01", "country": "China", "value": "0", "unit": "kg"}, {"date": "2020-03-01", "country": "China", "value": "0", "unit": "kg"}, {"date": "2020-04-01", "country": "China", "value": "0", "unit": "kg"}, {"date": "2020-05-01", "country": "China", "value": "0", "unit": "kg"}, {"date": "2018-12-01", "country": "France", "value": "0", "unit": "kg"}, {"date": "2019-01-01", "country": "France", "value": "0", "unit": "kg"}, {"date": "2019-02-01", "country": "France", "value": "0", "unit": "kg"}, {"date": "2019-03-01", "country": "France", "value": "0", "unit": "kg"}, {"date": "2019-04-01", "country": "France", "value": "0", "unit": "kg"}, {"date": "2019-05-01", "country": "France", "value": "0", "unit": "kg"}, {"date": "2019-06-01", "country": "France", "value": "0", "unit": "kg"}, {"date": "2019-07-01", "country": "France", "value": "2", "unit": "kg"}, {"date": "2019-08-01", "country": "France", "value": "0", "unit": "kg"}, {"date": "2019-09-01", "country": "France", "value": "0", "unit": "kg"}, {"date": "2019-10-01", "country": "France", "value": "6", "unit": "kg"}, {"date": "2019-11-01", "country": "France", "value": "3", "unit": "kg"}, {"date": "2019-12-01", "country": "France", "value": "0", "unit": "kg"}, {"date": "2020-01-01", "country": "France", "value": "0", "unit": "kg"}, {"date": "2020-02-01", "country": "France", "value": "0", "unit": "kg"}, {"date": "2020-03-01", "country": "France", "value": "0", "unit": "kg"}, {"date": "2020-04-01", "country": "France", "value": "0", "unit": "kg"}, {"date": "2020-05-01", "country": "France", "value": "0", "unit": "kg"}, {"date": "2018-12-01", "country": "Germany", "value": "0", "unit": "kg"}, {"date": "2019-01-01", "country": "Germany", "value": "0", "unit": "kg"}, {"date": "2019-02-01", "country": "Germany", "value": "0", "unit": "kg"}, {"date": "2019-03-01", "country": "Germany", "value": "0", "unit": "kg"}, {"date": "2019-04-01", "country": "Germany", "value": "0", "unit": "kg"}, {"date": "2019-05-01", "country": "Germany", "value": "0", "unit": "kg"}, {"date": "2019-06-01", "country": "Germany", "value": "0", "unit": "kg"}, {"date": "2019-07-01", "country": "Germany", "value": "0", "unit": "kg"}, {"date": "2019-08-01", "country": "Germany", "value": "0", "unit": "kg"}, {"date": "2019-09-01", "country": "Germany", "value": "0", "unit": "kg"}, {"date": "2019-10-01", "country": "Germany", "value": "0", "unit": "kg"}, {"date": "2019-11-01", "country": "Germany", "value": "0", "unit": "kg"}, {"date": "2019-12-01", "country": "Germany", "value": "0", "unit": "kg"}, {"date": "2020-01-01", "country": "Germany", "value": "0", "unit": "kg"}, {"date": "2020-02-01", "country": "Germany", "value": "0", "unit": "kg"}, {"date": "2020-03-01", "country": "Germany", "value": "0", "unit": "kg"}, {"date": "2020-04-01", "country": "Germany", "value": "0", "unit": "kg"}, {"date": "2020-05-01", "country": "Germany", "value": "0", "unit": "kg"}]