[{"date": "2018-10-01", "country": "Slovakia", "value": "0", "unit": "kg"}, {"date": "2018-12-01", "country": "Slovakia", "value": "95520", "unit": "kg"}, {"date": "2019-02-01", "country": "Slovakia", "value": "0", "unit": "kg"}, {"date": "2019-04-01", "country": "Slovakia", "value": "191040", "unit": "kg"}, {"date": "2019-06-01", "country": "Slovakia", "value": "214920", "unit": "kg"}, {"date": "2019-07-01", "country": "Slovakia", "value": "238630", "unit": "kg"}, {"date": "2019-09-01", "country": "Slovakia", "value": "262598", "unit": "kg"}, {"date": "2019-10-01", "country": "Slovakia", "value": "385800", "unit": "kg"}, {"date": "2019-11-01", "country": "Slovakia", "value": "501480", "unit": "kg"}, {"date": "2020-01-01", "country": "Slovakia", "value": "597000", "unit": "kg"}, {"date": "2020-02-01", "country": "Slovakia", "value": "167160", "unit": "kg"}, {"date": "2020-03-01", "country": "Slovakia", "value": "477600", "unit": "kg"}, {"date": "2020-05-01", "country": "Slovakia", "value": "525360", "unit": "kg"}, {"date": "Unnamed: 23-01", "country": "Slovakia", "value": "358200", "unit": "kg"}, {"date": "Unnamed: 25-01", "country": "Slovakia", "value": "286560", "unit": "kg"}, {"date": "Unnamed: 27-01", "country": "Slovakia", "value": "473520", "unit": "kg"}, {"date": "Unnamed: 29-01", "country": "Slovakia", "value": "286560", "unit": "kg"}, {"date": "Unnamed: 32-01", "country": "Slovakia", "value": "813720", "unit": "kg"}, {"date": "Unnamed: 33-01", "country": "Slovakia", "value": "405960", "unit": "kg"}, {"date": "2018-10-01", "country": "Sweden", "value": "0", "unit": "kg"}, {"date": "2018-12-01", "country": "Sweden", "value": "0", "unit": "kg"}, {"date": "2019-02-01", "country": "Sweden", "value": "0", "unit": "kg"}, {"date": "2019-04-01", "country": "Sweden", "value": "0", "unit": "kg"}, {"date": "2019-06-01", "country": "Sweden", "value": "0", "unit": "kg"}, {"date": "2019-07-01", "country": "Sweden", "value": "0", "unit": "kg"}, {"date": "2019-09-01", "country": "Sweden", "value": "0", "unit": "kg"}, {"date": "2019-10-01", "country": "Sweden", "value": "0", "unit": "kg"}, {"date": "2019-11-01", "country": "Sweden", "value": "0", "unit": "kg"}, {"date": "2020-01-01", "country": "Sweden", "value": "0", "unit": "kg"}, {"date": "2020-02-01", "country": "Sweden", "value": "0", "unit": "kg"}, {"date": "2020-03-01", "country": "Sweden", "value": "0", "unit": "kg"}, {"date": "2020-05-01", "country": "Sweden", "value": "0", "unit": "kg"}, {"date": "Unnamed: 23-01", "country": "Sweden", "value": "0", "unit": "kg"}, {"date": "Unnamed: 25-01", "country": "Sweden", "value": "0", "unit": "kg"}, {"date": "Unnamed: 27-01", "country": "Sweden", "value": "0", "unit": "kg"}, {"date": "Unnamed: 29-01", "country": "Sweden", "value": "0", "unit": "kg"}, {"date": "Unnamed: 30-01", "country": "Sweden", "value": "0", "unit": "kg"}, {"date": "Unnamed: 32-01", "country": "Sweden", "value": "0", "unit": "kg"}, {"date": "Unnamed: 33-01", "country": "Sweden", "value": "24000", "unit": "kg"}, {"date": "2018-10-01", "country": "Hungary", "value": "0", "unit": "kg"}, {"date": "2018-12-01", "country": "Hungary", "value": "0", "unit": "kg"}, {"date": "2019-02-01", "country": "Hungary", "value": "0", "unit": "kg"}, {"date": "2019-04-01", "country": "Hungary", "value": "0", "unit": "kg"}, {"date": "2019-06-01", "country": "Hungary", "value": "24000", "unit": "kg"}, {"date": "2019-07-01", "country": "Hungary", "value": "24000", "unit": "kg"}, {"date": "2019-09-01", "country": "Hungary", "value": "24000", "unit": "kg"}, {"date": "2019-10-01", "country": "Hungary", "value": "48000", "unit": "kg"}, {"date": "2019-11-01", "country": "Hungary", "value": "23010", "unit": "kg"}, {"date": "2020-01-01", "country": "Hungary", "value": "0", "unit": "kg"}, {"date": "2020-02-01", "country": "Hungary", "value": "0", "unit": "kg"}, {"date": "2020-03-01", "country": "Hungary", "value": "0", "unit": "kg"}, {"date": "2020-05-01", "country": "Hungary", "value": "0", "unit": "kg"}, {"date": "Unnamed: 23-01", "country": "Hungary", "value": "0", "unit": "kg"}, {"date": "Unnamed: 25-01", "country": "Hungary", "value": "0", "unit": "kg"}, {"date": "Unnamed: 27-01", "country": "Hungary", "value": "0", "unit": "kg"}, {"date": "Unnamed: 33-01", "country": "Hungary", "value": "20160", "unit": "kg"}, {"date": "2018-10-01", "country": "Germany", "value": "0", "unit": "kg"}, {"date": "2018-12-01", "country": "Germany", "value": "0", "unit": "kg"}, {"date": "2019-02-01", "country": "Germany", "value": "4000", "unit": "kg"}, {"date": "2019-04-01", "country": "Germany", "value": "75", "unit": "kg"}, {"date": "2019-07-01", "country": "Germany", "value": "1607", "unit": "kg"}, {"date": "2019-09-01", "country": "Germany", "value": "0", "unit": "kg"}, {"date": "2019-10-01", "country": "Germany", "value": "15100", "unit": "kg"}, {"date": "2019-11-01", "country": "Germany", "value": "0", "unit": "kg"}, {"date": "2020-01-01", "country": "Germany", "value": "120200", "unit": "kg"}, {"date": "2020-02-01", "country": "Germany", "value": "133000", "unit": "kg"}, {"date": "2020-03-01", "country": "Germany", "value": "279000", "unit": "kg"}, {"date": "2020-05-01", "country": "Germany", "value": "132000", "unit": "kg"}, {"date": "Unnamed: 23-01", "country": "Germany", "value": "1274", "unit": "kg"}, {"date": "Unnamed: 25-01", "country": "Germany", "value": "0", "unit": "kg"}, {"date": "Unnamed: 27-01", "country": "Germany", "value": "1874", "unit": "kg"}, {"date": "Unnamed: 29-01", "country": "Germany", "value": "23600", "unit": "kg"}, {"date": "Unnamed: 30-01", "country": "Germany", "value": "0", "unit": "kg"}, {"date": "Unnamed: 32-01", "country": "Germany", "value": "40038", "unit": "kg"}, {"date": "Unnamed: 33-01", "country": "Germany", "value": "6905", "unit": "kg"}, {"date": "2018-10-01", "country": "United Kingdom", "value": "29804", "unit": "kg"}, {"date": "2018-12-01", "country": "United Kingdom", "value": "2268", "unit": "kg"}, {"date": "2019-02-01", "country": "United Kingdom", "value": "2504", "unit": "kg"}, {"date": "2019-04-01", "country": "United Kingdom", "value": "730", "unit": "kg"}, {"date": "2019-06-01", "country": "United Kingdom", "value": "2642", "unit": "kg"}, {"date": "2019-07-01", "country": "United Kingdom", "value": "2964", "unit": "kg"}, {"date": "2019-09-01", "country": "United Kingdom", "value": "1726", "unit": "kg"}, {"date": "2019-10-01", "country": "United Kingdom", "value": "2098", "unit": "kg"}, {"date": "2019-11-01", "country": "United Kingdom", "value": "2050", "unit": "kg"}, {"date": "2020-01-01", "country": "United Kingdom", "value": "944", "unit": "kg"}, {"date": "2020-02-01", "country": "United Kingdom", "value": "1602", "unit": "kg"}, {"date": "2020-03-01", "country": "United Kingdom", "value": "3786", "unit": "kg"}, {"date": "2020-05-01", "country": "United Kingdom", "value": "2172", "unit": "kg"}, {"date": "Unnamed: 23-01", "country": "United Kingdom", "value": "10894", "unit": "kg"}, {"date": "Unnamed: 25-01", "country": "United Kingdom", "value": "2321", "unit": "kg"}, {"date": "Unnamed: 27-01", "country": "United Kingdom", "value": "5408", "unit": "kg"}, {"date": "Unnamed: 29-01", "country": "United Kingdom", "value": "2492", "unit": "kg"}, {"date": "Unnamed: 30-01", "country": "United Kingdom", "value": "9224", "unit": "kg"}, {"date": "Unnamed: 32-01", "country": "United Kingdom", "value": "14218", "unit": "kg"}, {"date": "Unnamed: 33-01", "country": "United Kingdom", "value": "3966", "unit": "kg"}, {"date": "2018-10-01", "country": "Moldova, Republic of", "value": "605", "unit": "kg"}, {"date": "2018-12-01", "country": "Moldova, Republic of", "value": "1590", "unit": "kg"}, {"date": "2019-02-01", "country": "Moldova, Republic of", "value": "985", "unit": "kg"}, {"date": "2019-04-01", "country": "Moldova, Republic of", "value": "0", "unit": "kg"}, {"date": "2019-06-01", "country": "Moldova, Republic of", "value": "1232", "unit": "kg"}, {"date": "2019-07-01", "country": "Moldova, Republic of", "value": "1344", "unit": "kg"}, {"date": "2019-09-01", "country": "Moldova, Republic of", "value": "994", "unit": "kg"}, {"date": "2019-10-01", "country": "Moldova, Republic of", "value": "0", "unit": "kg"}, {"date": "2019-11-01", "country": "Moldova, Republic of", "value": "749", "unit": "kg"}, {"date": "2020-01-01", "country": "Moldova, Republic of", "value": "0", "unit": "kg"}, {"date": "2020-02-01", "country": "Moldova, Republic of", "value": "1483", "unit": "kg"}, {"date": "2020-03-01", "country": "Moldova, Republic of", "value": "1004", "unit": "kg"}, {"date": "2020-05-01", "country": "Moldova, Republic of", "value": "1686", "unit": "kg"}, {"date": "Unnamed: 23-01", "country": "Moldova, Republic of", "value": "1108", "unit": "kg"}, {"date": "Unnamed: 25-01", "country": "Moldova, Republic of", "value": "1726", "unit": "kg"}, {"date": "Unnamed: 27-01", "country": "Moldova, Republic of", "value": "1612", "unit": "kg"}, {"date": "Unnamed: 29-01", "country": "Moldova, Republic of", "value": "2131", "unit": "kg"}, {"date": "Unnamed: 30-01", "country": "Moldova, Republic of", "value": "1180", "unit": "kg"}, {"date": "Unnamed: 32-01", "country": "Moldova, Republic of", "value": "1658", "unit": "kg"}, {"date": "Unnamed: 33-01", "country": "Moldova, Republic of", "value": "2680", "unit": "kg"}, {"date": "2018-10-01", "country": "Belgium", "value": "61", "unit": "kg"}, {"date": "2018-12-01", "country": "Belgium", "value": "92", "unit": "kg"}, {"date": "2019-02-01", "country": "Belgium", "value": "40", "unit": "kg"}, {"date": "2019-04-01", "country": "Belgium", "value": "31", "unit": "kg"}, {"date": "2019-06-01", "country": "Belgium", "value": "20", "unit": "kg"}, {"date": "2019-07-01", "country": "Belgium", "value": "92", "unit": "kg"}, {"date": "2019-09-01", "country": "Belgium", "value": "71", "unit": "kg"}, {"date": "2019-10-01", "country": "Belgium", "value": "20", "unit": "kg"}, {"date": "2019-11-01", "country": "Belgium", "value": "77", "unit": "kg"}, {"date": "2020-01-01", "country": "Belgium", "value": "0", "unit": "kg"}, {"date": "2020-02-01", "country": "Belgium", "value": "0", "unit": "kg"}, {"date": "2020-03-01", "country": "Belgium", "value": "1170", "unit": "kg"}, {"date": "2020-05-01", "country": "Belgium", "value": "0", "unit": "kg"}, {"date": "Unnamed: 23-01", "country": "Belgium", "value": "2030", "unit": "kg"}, {"date": "Unnamed: 27-01", "country": "Belgium", "value": "0", "unit": "kg"}, {"date": "Unnamed: 29-01", "country": "Belgium", "value": "0", "unit": "kg"}, {"date": "Unnamed: 30-01", "country": "Belgium", "value": "0", "unit": "kg"}, {"date": "Unnamed: 32-01", "country": "Belgium", "value": "0", "unit": "kg"}, {"date": "Unnamed: 33-01", "country": "Belgium", "value": "1001", "unit": "kg"}, {"date": "2018-12-01", "country": "Bulgaria", "value": "2000", "unit": "kg"}, {"date": "2019-04-01", "country": "Bulgaria", "value": "0", "unit": "kg"}, {"date": "2019-06-01", "country": "Bulgaria", "value": "616", "unit": "kg"}, {"date": "2019-07-01", "country": "Bulgaria", "value": "3000", "unit": "kg"}, {"date": "2019-09-01", "country": "Bulgaria", "value": "1000", "unit": "kg"}, {"date": "2019-11-01", "country": "Bulgaria", "value": "0", "unit": "kg"}, {"date": "2020-01-01", "country": "Bulgaria", "value": "2000", "unit": "kg"}, {"date": "2020-02-01", "country": "Bulgaria", "value": "22000", "unit": "kg"}, {"date": "2020-03-01", "country": "Bulgaria", "value": "462", "unit": "kg"}, {"date": "2020-05-01", "country": "Bulgaria", "value": "24000", "unit": "kg"}, {"date": "Unnamed: 25-01", "country": "Bulgaria", "value": "22000", "unit": "kg"}, {"date": "Unnamed: 27-01", "country": "Bulgaria", "value": "0", "unit": "kg"}, {"date": "Unnamed: 29-01", "country": "Bulgaria", "value": "2500", "unit": "kg"}, {"date": "Unnamed: 32-01", "country": "Bulgaria", "value": "980", "unit": "kg"}, {"date": "Unnamed: 33-01", "country": "Bulgaria", "value": "1000", "unit": "kg"}, {"date": "2018-10-01", "country": "France", "value": "0", "unit": "kg"}, {"date": "2018-12-01", "country": "France", "value": "0", "unit": "kg"}, {"date": "2019-02-01", "country": "France", "value": "100", "unit": "kg"}, {"date": "2019-04-01", "country": "France", "value": "0", "unit": "kg"}, {"date": "2019-07-01", "country": "France", "value": "230", "unit": "kg"}, {"date": "2019-09-01", "country": "France", "value": "200", "unit": "kg"}, {"date": "2019-10-01", "country": "France", "value": "20", "unit": "kg"}, {"date": "2019-11-01", "country": "France", "value": "0", "unit": "kg"}, {"date": "2020-01-01", "country": "France", "value": "0", "unit": "kg"}, {"date": "2020-02-01", "country": "France", "value": "30", "unit": "kg"}, {"date": "2020-03-01", "country": "France", "value": "0", "unit": "kg"}, {"date": "2020-05-01", "country": "France", "value": "240", "unit": "kg"}, {"date": "Unnamed: 23-01", "country": "France", "value": "1700", "unit": "kg"}, {"date": "Unnamed: 25-01", "country": "France", "value": "250", "unit": "kg"}, {"date": "Unnamed: 27-01", "country": "France", "value": "1410", "unit": "kg"}, {"date": "Unnamed: 29-01", "country": "France", "value": "560", "unit": "kg"}, {"date": "Unnamed: 30-01", "country": "France", "value": "690", "unit": "kg"}, {"date": "Unnamed: 32-01", "country": "France", "value": "2270", "unit": "kg"}, {"date": "Unnamed: 33-01", "country": "France", "value": "810", "unit": "kg"}, {"date": "2018-10-01", "country": "Ireland", "value": "0", "unit": "kg"}, {"date": "2018-12-01", "country": "Ireland", "value": "420", "unit": "kg"}, {"date": "2019-02-01", "country": "Ireland", "value": "0", "unit": "kg"}, {"date": "2019-04-01", "country": "Ireland", "value": "0", "unit": "kg"}, {"date": "2019-06-01", "country": "Ireland", "value": "0", "unit": "kg"}, {"date": "2019-07-01", "country": "Ireland", "value": "0", "unit": "kg"}, {"date": "2019-09-01", "country": "Ireland", "value": "0", "unit": "kg"}, {"date": "2019-10-01", "country": "Ireland", "value": "0", "unit": "kg"}, {"date": "2019-11-01", "country": "Ireland", "value": "0", "unit": "kg"}, {"date": "2020-01-01", "country": "Ireland", "value": "0", "unit": "kg"}, {"date": "2020-02-01", "country": "Ireland", "value": "0", "unit": "kg"}, {"date": "2020-03-01", "country": "Ireland", "value": "539", "unit": "kg"}, {"date": "2020-05-01", "country": "Ireland", "value": "0", "unit": "kg"}, {"date": "Unnamed: 23-01", "country": "Ireland", "value": "0", "unit": "kg"}, {"date": "Unnamed: 25-01", "country": "Ireland", "value": "0", "unit": "kg"}, {"date": "Unnamed: 27-01", "country": "Ireland", "value": "0", "unit": "kg"}, {"date": "Unnamed: 29-01", "country": "Ireland", "value": "630", "unit": "kg"}, {"date": "Unnamed: 30-01", "country": "Ireland", "value": "1198", "unit": "kg"}, {"date": "Unnamed: 32-01", "country": "Ireland", "value": "2356", "unit": "kg"}, {"date": "Unnamed: 33-01", "country": "Ireland", "value": "650", "unit": "kg"}, {"date": "2018-10-01", "country": "Italy", "value": "4230", "unit": "kg"}, {"date": "2018-12-01", "country": "Italy", "value": "0", "unit": "kg"}, {"date": "2019-02-01", "country": "Italy", "value": "0", "unit": "kg"}, {"date": "2019-04-01", "country": "Italy", "value": "0", "unit": "kg"}, {"date": "2019-07-01", "country": "Italy", "value": "0", "unit": "kg"}, {"date": "2019-09-01", "country": "Italy", "value": "170", "unit": "kg"}, {"date": "2019-10-01", "country": "Italy", "value": "500", "unit": "kg"}, {"date": "2019-11-01", "country": "Italy", "value": "0", "unit": "kg"}, {"date": "2020-01-01", "country": "Italy", "value": "61", "unit": "kg"}, {"date": "2020-02-01", "country": "Italy", "value": "22240", "unit": "kg"}, {"date": "2020-03-01", "country": "Italy", "value": "0", "unit": "kg"}, {"date": "2020-05-01", "country": "Italy", "value": "0", "unit": "kg"}, {"date": "Unnamed: 23-01", "country": "Italy", "value": "211", "unit": "kg"}, {"date": "Unnamed: 25-01", "country": "Italy", "value": "641", "unit": "kg"}, {"date": "Unnamed: 27-01", "country": "Italy", "value": "460", "unit": "kg"}, {"date": "Unnamed: 29-01", "country": "Italy", "value": "240", "unit": "kg"}, {"date": "Unnamed: 30-01", "country": "Italy", "value": "0", "unit": "kg"}, {"date": "Unnamed: 32-01", "country": "Italy", "value": "2102", "unit": "kg"}, {"date": "Unnamed: 33-01", "country": "Italy", "value": "410", "unit": "kg"}, {"date": "2018-10-01", "country": "Latvia", "value": "0", "unit": "kg"}, {"date": "2018-12-01", "country": "Latvia", "value": "24000", "unit": "kg"}, {"date": "2019-02-01", "country": "Latvia", "value": "0", "unit": "kg"}, {"date": "2019-04-01", "country": "Latvia", "value": "48000", "unit": "kg"}, {"date": "2019-06-01", "country": "Latvia", "value": "0", "unit": "kg"}, {"date": "2019-07-01", "country": "Latvia", "value": "4000", "unit": "kg"}, {"date": "2019-09-01", "country": "Latvia", "value": "0", "unit": "kg"}, {"date": "2019-10-01", "country": "Latvia", "value": "46000", "unit": "kg"}, {"date": "2019-11-01", "country": "Latvia", "value": "0", "unit": "kg"}, {"date": "2020-01-01", "country": "Latvia", "value": "24000", "unit": "kg"}, {"date": "2020-02-01", "country": "Latvia", "value": "0", "unit": "kg"}, {"date": "2020-03-01", "country": "Latvia", "value": "0", "unit": "kg"}, {"date": "2020-05-01", "country": "Latvia", "value": "24000", "unit": "kg"}, {"date": "Unnamed: 23-01", "country": "Latvia", "value": "24000", "unit": "kg"}, {"date": "Unnamed: 25-01", "country": "Latvia", "value": "0", "unit": "kg"}, {"date": "Unnamed: 27-01", "country": "Latvia", "value": "24000", "unit": "kg"}, {"date": "Unnamed: 29-01", "country": "Latvia", "value": "0", "unit": "kg"}, {"date": "Unnamed: 30-01", "country": "Latvia", "value": "0", "unit": "kg"}, {"date": "Unnamed: 32-01", "country": "Latvia", "value": "0", "unit": "kg"}, {"date": "Unnamed: 33-01", "country": "Latvia", "value": "0", "unit": "kg"}, {"date": "2018-10-01", "country": "Lithuania", "value": "0", "unit": "kg"}, {"date": "2018-12-01", "country": "Lithuania", "value": "24000", "unit": "kg"}, {"date": "2019-02-01", "country": "Lithuania", "value": "0", "unit": "kg"}, {"date": "2019-04-01", "country": "Lithuania", "value": "48000", "unit": "kg"}, {"date": "2019-06-01", "country": "Lithuania", "value": "72000", "unit": "kg"}, {"date": "2019-07-01", "country": "Lithuania", "value": "72000", "unit": "kg"}, {"date": "2019-09-01", "country": "Lithuania", "value": "0", "unit": "kg"}, {"date": "2019-10-01", "country": "Lithuania", "value": "24000", "unit": "kg"}, {"date": "2019-11-01", "country": "Lithuania", "value": "24000", "unit": "kg"}, {"date": "2020-01-01", "country": "Lithuania", "value": "24000", "unit": "kg"}, {"date": "2020-02-01", "country": "Lithuania", "value": "0", "unit": "kg"}, {"date": "2020-05-01", "country": "Lithuania", "value": "24000", "unit": "kg"}, {"date": "Unnamed: 25-01", "country": "Lithuania", "value": "72000", "unit": "kg"}, {"date": "Unnamed: 27-01", "country": "Lithuania", "value": "24000", "unit": "kg"}, {"date": "Unnamed: 29-01", "country": "Lithuania", "value": "48000", "unit": "kg"}, {"date": "Unnamed: 32-01", "country": "Lithuania", "value": "0", "unit": "kg"}, {"date": "Unnamed: 33-01", "country": "Lithuania", "value": "0", "unit": "kg"}, {"date": "2018-10-01", "country": "Netherlands", "value": "0", "unit": "kg"}, {"date": "2018-12-01", "country": "Netherlands", "value": "0", "unit": "kg"}, {"date": "2019-02-01", "country": "Netherlands", "value": "0", "unit": "kg"}, {"date": "2019-04-01", "country": "Netherlands", "value": "0", "unit": "kg"}, {"date": "2019-06-01", "country": "Netherlands", "value": "0", "unit": "kg"}, {"date": "2019-07-01", "country": "Netherlands", "value": "0", "unit": "kg"}, {"date": "2019-09-01", "country": "Netherlands", "value": "0", "unit": "kg"}, {"date": "2019-10-01", "country": "Netherlands", "value": "0", "unit": "kg"}, {"date": "2019-11-01", "country": "Netherlands", "value": "0", "unit": "kg"}, {"date": "2020-01-01", "country": "Netherlands", "value": "0", "unit": "kg"}, {"date": "2020-02-01", "country": "Netherlands", "value": "0", "unit": "kg"}, {"date": "2020-03-01", "country": "Netherlands", "value": "0", "unit": "kg"}, {"date": "2020-05-01", "country": "Netherlands", "value": "0", "unit": "kg"}, {"date": "Unnamed: 23-01", "country": "Netherlands", "value": "0", "unit": "kg"}, {"date": "Unnamed: 25-01", "country": "Netherlands", "value": "0", "unit": "kg"}, {"date": "Unnamed: 27-01", "country": "Netherlands", "value": "0", "unit": "kg"}, {"date": "Unnamed: 29-01", "country": "Netherlands", "value": "0", "unit": "kg"}, {"date": "Unnamed: 30-01", "country": "Netherlands", "value": "20", "unit": "kg"}, {"date": "Unnamed: 32-01", "country": "Netherlands", "value": "20", "unit": "kg"}, {"date": "Unnamed: 33-01", "country": "Netherlands", "value": "0", "unit": "kg"}, {"date": "2018-10-01", "country": "Poland", "value": "0", "unit": "kg"}, {"date": "2018-12-01", "country": "Poland", "value": "2000", "unit": "kg"}, {"date": "2019-02-01", "country": "Poland", "value": "35000", "unit": "kg"}, {"date": "2019-04-01", "country": "Poland", "value": "2000", "unit": "kg"}, {"date": "2019-06-01", "country": "Poland", "value": "24000", "unit": "kg"}, {"date": "2019-07-01", "country": "Poland", "value": "70000", "unit": "kg"}, {"date": "2019-09-01", "country": "Poland", "value": "0", "unit": "kg"}, {"date": "2019-10-01", "country": "Poland", "value": "0", "unit": "kg"}, {"date": "2019-11-01", "country": "Poland", "value": "48000", "unit": "kg"}, {"date": "2020-01-01", "country": "Poland", "value": "24000", "unit": "kg"}, {"date": "2020-02-01", "country": "Poland", "value": "0", "unit": "kg"}, {"date": "2020-03-01", "country": "Poland", "value": "23000", "unit": "kg"}, {"date": "2020-05-01", "country": "Poland", "value": "0", "unit": "kg"}, {"date": "Unnamed: 23-01", "country": "Poland", "value": "66000", "unit": "kg"}, {"date": "Unnamed: 25-01", "country": "Poland", "value": "47000", "unit": "kg"}, {"date": "Unnamed: 27-01", "country": "Poland", "value": "23000", "unit": "kg"}, {"date": "Unnamed: 29-01", "country": "Poland", "value": "47000", "unit": "kg"}, {"date": "Unnamed: 32-01", "country": "Poland", "value": "23000", "unit": "kg"}, {"date": "Unnamed: 33-01", "country": "Poland", "value": "0", "unit": "kg"}, {"date": "2018-10-01", "country": "Turkey", "value": "0", "unit": "kg"}, {"date": "2018-12-01", "country": "Turkey", "value": "0", "unit": "kg"}, {"date": "2019-02-01", "country": "Turkey", "value": "0", "unit": "kg"}, {"date": "2019-04-01", "country": "Turkey", "value": "0", "unit": "kg"}, {"date": "2019-06-01", "country": "Turkey", "value": "0", "unit": "kg"}, {"date": "2019-07-01", "country": "Turkey", "value": "0", "unit": "kg"}, {"date": "2019-09-01", "country": "Turkey", "value": "0", "unit": "kg"}, {"date": "2019-10-01", "country": "Turkey", "value": "0", "unit": "kg"}, {"date": "2019-11-01", "country": "Turkey", "value": "0", "unit": "kg"}, {"date": "2020-01-01", "country": "Turkey", "value": "0", "unit": "kg"}, {"date": "2020-02-01", "country": "Turkey", "value": "0", "unit": "kg"}, {"date": "2020-03-01", "country": "Turkey", "value": "0", "unit": "kg"}, {"date": "2020-05-01", "country": "Turkey", "value": "0", "unit": "kg"}, {"date": "Unnamed: 23-01", "country": "Turkey", "value": "0", "unit": "kg"}, {"date": "Unnamed: 25-01", "country": "Turkey", "value": "0", "unit": "kg"}, {"date": "Unnamed: 27-01", "country": "Turkey", "value": "0", "unit": "kg"}, {"date": "Unnamed: 29-01", "country": "Turkey", "value": "4040730", "unit": "kg"}, {"date": "Unnamed: 30-01", "country": "Turkey", "value": "0", "unit": "kg"}, {"date": "Unnamed: 32-01", "country": "Turkey", "value": "0", "unit": "kg"}, {"date": "Unnamed: 33-01", "country": "Turkey", "value": "0", "unit": "kg"}, {"date": "2018-10-01", "country": "Austria", "value": "0", "unit": "kg"}, {"date": "2018-12-01", "country": "Austria", "value": "0", "unit": "kg"}, {"date": "2019-02-01", "country": "Austria", "value": "0", "unit": "kg"}, {"date": "2019-04-01", "country": "Austria", "value": "0", "unit": "kg"}, {"date": "2019-06-01", "country": "Austria", "value": "0", "unit": "kg"}, {"date": "2019-07-01", "country": "Austria", "value": "0", "unit": "kg"}, {"date": "2019-09-01", "country": "Austria", "value": "0", "unit": "kg"}, {"date": "2019-10-01", "country": "Austria", "value": "0", "unit": "kg"}, {"date": "2019-11-01", "country": "Austria", "value": "0", "unit": "kg"}, {"date": "2020-01-01", "country": "Austria", "value": "0", "unit": "kg"}, {"date": "2020-02-01", "country": "Austria", "value": "0", "unit": "kg"}, {"date": "2020-03-01", "country": "Austria", "value": "0", "unit": "kg"}, {"date": "2020-05-01", "country": "Austria", "value": "0", "unit": "kg"}, {"date": "Unnamed: 23-01", "country": "Austria", "value": "0", "unit": "kg"}, {"date": "Unnamed: 25-01", "country": "Austria", "value": "0", "unit": "kg"}, {"date": "Unnamed: 27-01", "country": "Austria", "value": "0", "unit": "kg"}, {"date": "Unnamed: 29-01", "country": "Austria", "value": "0", "unit": "kg"}, {"date": "Unnamed: 30-01", "country": "Austria", "value": "0", "unit": "kg"}, {"date": "Unnamed: 32-01", "country": "Austria", "value": "23000", "unit": "kg"}, {"date": "Unnamed: 33-01", "country": "Austria", "value": "0", "unit": "kg"}, {"date": "2018-10-01", "country": "Czech Republic", "value": "0", "unit": "kg"}, {"date": "2018-12-01", "country": "Czech Republic", "value": "29000", "unit": "kg"}, {"date": "2019-02-01", "country": "Czech Republic", "value": "0", "unit": "kg"}, {"date": "2019-04-01", "country": "Czech Republic", "value": "240000", "unit": "kg"}, {"date": "2019-06-01", "country": "Czech Republic", "value": "336000", "unit": "kg"}, {"date": "2019-07-01", "country": "Czech Republic", "value": "480050", "unit": "kg"}, {"date": "2019-09-01", "country": "Czech Republic", "value": "216000", "unit": "kg"}, {"date": "2019-10-01", "country": "Czech Republic", "value": "552000", "unit": "kg"}, {"date": "2019-11-01", "country": "Czech Republic", "value": "336000", "unit": "kg"}, {"date": "2020-01-01", "country": "Czech Republic", "value": "360000", "unit": "kg"}, {"date": "2020-02-01", "country": "Czech Republic", "value": "264000", "unit": "kg"}, {"date": "2020-03-01", "country": "Czech Republic", "value": "336000", "unit": "kg"}, {"date": "2020-05-01", "country": "Czech Republic", "value": "120000", "unit": "kg"}, {"date": "Unnamed: 23-01", "country": "Czech Republic", "value": "384000", "unit": "kg"}, {"date": "Unnamed: 25-01", "country": "Czech Republic", "value": "168000", "unit": "kg"}, {"date": "Unnamed: 27-01", "country": "Czech Republic", "value": "48000", "unit": "kg"}, {"date": "Unnamed: 29-01", "country": "Czech Republic", "value": "216000", "unit": "kg"}, {"date": "2018-10-01", "country": "Estonia", "value": "0", "unit": "kg"}, {"date": "2018-12-01", "country": "Estonia", "value": "0", "unit": "kg"}, {"date": "2019-02-01", "country": "Estonia", "value": "0", "unit": "kg"}, {"date": "2019-04-01", "country": "Estonia", "value": "24000", "unit": "kg"}, {"date": "2019-06-01", "country": "Estonia", "value": "0", "unit": "kg"}, {"date": "2019-07-01", "country": "Estonia", "value": "0", "unit": "kg"}, {"date": "2019-09-01", "country": "Estonia", "value": "0", "unit": "kg"}, {"date": "2019-10-01", "country": "Estonia", "value": "0", "unit": "kg"}, {"date": "2019-11-01", "country": "Estonia", "value": "0", "unit": "kg"}, {"date": "2020-01-01", "country": "Estonia", "value": "0", "unit": "kg"}, {"date": "2020-02-01", "country": "Estonia", "value": "0", "unit": "kg"}, {"date": "2020-03-01", "country": "Estonia", "value": "0", "unit": "kg"}, {"date": "2020-05-01", "country": "Estonia", "value": "0", "unit": "kg"}, {"date": "Unnamed: 23-01", "country": "Estonia", "value": "0", "unit": "kg"}, {"date": "Unnamed: 25-01", "country": "Estonia", "value": "0", "unit": "kg"}, {"date": "Unnamed: 27-01", "country": "Estonia", "value": "0", "unit": "kg"}, {"date": "Unnamed: 29-01", "country": "Estonia", "value": "0", "unit": "kg"}, {"date": "Unnamed: 30-01", "country": "Estonia", "value": "0", "unit": "kg"}, {"date": "Unnamed: 32-01", "country": "Estonia", "value": "0", "unit": "kg"}, {"date": "Unnamed: 33-01", "country": "Estonia", "value": "0", "unit": "kg"}, {"date": "2018-10-01", "country": "Finland", "value": "0", "unit": "kg"}, {"date": "2018-12-01", "country": "Finland", "value": "4975", "unit": "kg"}, {"date": "2019-02-01", "country": "Finland", "value": "0", "unit": "kg"}, {"date": "2019-04-01", "country": "Finland", "value": "22000", "unit": "kg"}, {"date": "2019-06-01", "country": "Finland", "value": "66000", "unit": "kg"}, {"date": "2019-07-01", "country": "Finland", "value": "88000", "unit": "kg"}, {"date": "2019-09-01", "country": "Finland", "value": "110025", "unit": "kg"}, {"date": "2019-10-01", "country": "Finland", "value": "154050", "unit": "kg"}, {"date": "2019-11-01", "country": "Finland", "value": "110000", "unit": "kg"}, {"date": "2020-01-01", "country": "Finland", "value": "176000", "unit": "kg"}, {"date": "2020-02-01", "country": "Finland", "value": "132000", "unit": "kg"}, {"date": "2020-03-01", "country": "Finland", "value": "44000", "unit": "kg"}, {"date": "2020-05-01", "country": "Finland", "value": "44000", "unit": "kg"}, {"date": "Unnamed: 23-01", "country": "Finland", "value": "66000", "unit": "kg"}, {"date": "Unnamed: 25-01", "country": "Finland", "value": "22000", "unit": "kg"}, {"date": "Unnamed: 27-01", "country": "Finland", "value": "44000", "unit": "kg"}]