[{"date": "2016-08-01", "country": "United States of America", "value": "0", "unit": "kg"}, {"date": "2016-09-01", "country": "United States of America", "value": "0", "unit": "kg"}, {"date": "2016-10-01", "country": "United States of America", "value": "0", "unit": "kg"}, {"date": "2016-11-01", "country": "United States of America", "value": "0", "unit": "kg"}, {"date": "2016-12-01", "country": "United States of America", "value": "22", "unit": "kg"}, {"date": "2017-01-01", "country": "United States of America", "value": "0", "unit": "kg"}, {"date": "2017-02-01", "country": "United States of America", "value": "0", "unit": "kg"}, {"date": "2017-03-01", "country": "United States of America", "value": "0", "unit": "kg"}, {"date": "2017-04-01", "country": "United States of America", "value": "0", "unit": "kg"}, {"date": "2017-05-01", "country": "United States of America", "value": "0", "unit": "kg"}, {"date": "2017-06-01", "country": "United States of America", "value": "0", "unit": "kg"}, {"date": "2017-07-01", "country": "United States of America", "value": "0", "unit": "kg"}, {"date": "2017-08-01", "country": "United States of America", "value": "0", "unit": "kg"}, {"date": "2017-09-01", "country": "United States of America", "value": "0", "unit": "kg"}, {"date": "2017-10-01", "country": "United States of America", "value": "0", "unit": "kg"}, {"date": "2017-12-01", "country": "United States of America", "value": "0", "unit": "kg"}, {"date": "2018-01-01", "country": "United States of America", "value": "459", "unit": "kg"}]