[{"date": "2017-02-01", "country_from": "UG", "country_to": "BI", "value": "0", "unit": "kg"}, {"date": "2017-03-01", "country_from": "UG", "country_to": "BI", "value": "0", "unit": "kg"}, {"date": "2017-04-01", "country_from": "UG", "country_to": "BI", "value": "0", "unit": "kg"}, {"date": "2017-05-01", "country_from": "UG", "country_to": "BI", "value": "0", "unit": "kg"}, {"date": "2017-06-01", "country_from": "UG", "country_to": "BI", "value": "30000", "unit": "kg"}, {"date": "2017-07-01", "country_from": "UG", "country_to": "BI", "value": "130000", "unit": "kg"}, {"date": "2017-08-01", "country_from": "UG", "country_to": "BI", "value": "0", "unit": "kg"}, {"date": "2017-09-01", "country_from": "UG", "country_to": "BI", "value": "0", "unit": "kg"}, {"date": "2017-10-01", "country_from": "UG", "country_to": "BI", "value": "0", "unit": "kg"}, {"date": "2017-11-01", "country_from": "UG", "country_to": "BI", "value": "0", "unit": "kg"}, {"date": "2017-12-01", "country_from": "UG", "country_to": "BI", "value": "0", "unit": "kg"}, {"date": "2018-01-01", "country_from": "UG", "country_to": "BI", "value": "0", "unit": "kg"}, {"date": "2018-02-01", "country_from": "UG", "country_to": "BI", "value": "0", "unit": "kg"}, {"date": "2018-03-01", "country_from": "UG", "country_to": "BI", "value": "0", "unit": "kg"}, {"date": "2018-04-01", "country_from": "UG", "country_to": "BI", "value": "0", "unit": "kg"}, {"date": "2018-05-01", "country_from": "UG", "country_to": "BI", "value": "0", "unit": "kg"}, {"date": "2018-06-01", "country_from": "UG", "country_to": "BI", "value": "0", "unit": "kg"}, {"date": "2018-07-01", "country_from": "UG", "country_to": "BI", "value": "0", "unit": "kg"}, {"date": "2018-08-01", "country_from": "UG", "country_to": "BI", "value": "0", "unit": "kg"}, {"date": "2018-09-01", "country_from": "UG", "country_to": "BI", "value": "0", "unit": "kg"}]