[{"date": "2019-03-01", "country": "Norway", "value": "8420", "unit": "kg"}, {"date": "2019-07-01", "country": "Norway", "value": "20507", "unit": "kg"}, {"date": "2019-11-01", "country": "Norway", "value": "9440", "unit": "kg"}, {"date": "2020-03-01", "country": "Norway", "value": "4840", "unit": "kg"}, {"date": "2020-05-01", "country": "Norway", "value": "17169", "unit": "kg"}, {"date": "Unnamed: 26-01", "country": "Norway", "value": "24106", "unit": "kg"}, {"date": "Unnamed: 30-01", "country": "Norway", "value": "10149", "unit": "kg"}, {"date": "Unnamed: 36-01", "country": "Norway", "value": "5584", "unit": "kg"}, {"date": "2019-01-01", "country": "Switzerland", "value": "3030", "unit": "kg"}, {"date": "2019-03-01", "country": "Switzerland", "value": "3150", "unit": "kg"}, {"date": "2019-06-01", "country": "Switzerland", "value": "1201", "unit": "kg"}, {"date": "2019-07-01", "country": "Switzerland", "value": "4860", "unit": "kg"}, {"date": "2020-01-01", "country": "Switzerland", "value": "3870", "unit": "kg"}, {"date": "2020-05-01", "country": "Switzerland", "value": "3225", "unit": "kg"}, {"date": "2020-07-01", "country": "Switzerland", "value": "2400", "unit": "kg"}, {"date": "Unnamed: 22-01", "country": "Switzerland", "value": "4125", "unit": "kg"}, {"date": "Unnamed: 24-01", "country": "Switzerland", "value": "735", "unit": "kg"}, {"date": "Unnamed: 28-01", "country": "Switzerland", "value": "3975", "unit": "kg"}, {"date": "Unnamed: 30-01", "country": "Switzerland", "value": "330", "unit": "kg"}, {"date": "Unnamed: 32-01", "country": "Switzerland", "value": "3300", "unit": "kg"}, {"date": "Unnamed: 34-01", "country": "Switzerland", "value": "4425", "unit": "kg"}, {"date": "2019-01-01", "country": "France", "value": "500", "unit": "kg"}, {"date": "2019-03-01", "country": "France", "value": "2000", "unit": "kg"}, {"date": "2019-05-01", "country": "France", "value": "4500", "unit": "kg"}, {"date": "2019-09-01", "country": "France", "value": "1500", "unit": "kg"}, {"date": "2019-11-01", "country": "France", "value": "5540", "unit": "kg"}, {"date": "2020-01-01", "country": "France", "value": "1500", "unit": "kg"}, {"date": "2020-03-01", "country": "France", "value": "400", "unit": "kg"}, {"date": "2020-05-01", "country": "France", "value": "5350", "unit": "kg"}, {"date": "2020-07-01", "country": "France", "value": "9060", "unit": "kg"}, {"date": "Unnamed: 22-01", "country": "France", "value": "10750", "unit": "kg"}, {"date": "Unnamed: 28-01", "country": "France", "value": "875", "unit": "kg"}, {"date": "Unnamed: 30-01", "country": "France", "value": "4625", "unit": "kg"}, {"date": "Unnamed: 34-01", "country": "France", "value": "875", "unit": "kg"}, {"date": "Unnamed: 36-01", "country": "France", "value": "3000", "unit": "kg"}, {"date": "2019-01-01", "country": "Germany", "value": "4", "unit": "kg"}, {"date": "2019-03-01", "country": "Germany", "value": "15", "unit": "kg"}, {"date": "2019-09-01", "country": "Germany", "value": "7", "unit": "kg"}, {"date": "2020-01-01", "country": "Germany", "value": "4", "unit": "kg"}, {"date": "2020-05-01", "country": "Germany", "value": "2", "unit": "kg"}, {"date": "2020-07-01", "country": "Germany", "value": "3", "unit": "kg"}, {"date": "Unnamed: 22-01", "country": "Germany", "value": "1", "unit": "kg"}, {"date": "Unnamed: 24-01", "country": "Germany", "value": "4", "unit": "kg"}, {"date": "Unnamed: 30-01", "country": "Germany", "value": "6", "unit": "kg"}, {"date": "Unnamed: 32-01", "country": "Germany", "value": "4", "unit": "kg"}, {"date": "Unnamed: 34-01", "country": "Germany", "value": "7", "unit": "kg"}, {"date": "Unnamed: 36-01", "country": "Germany", "value": "3", "unit": "kg"}, {"date": "Unnamed: 26-01", "country": "Italy", "value": "2500", "unit": "kg"}, {"date": "2019-01-01", "country": "Netherlands", "value": "3022", "unit": "kg"}, {"date": "2019-03-01", "country": "Netherlands", "value": "4650", "unit": "kg"}, {"date": "2019-05-01", "country": "Netherlands", "value": "2210", "unit": "kg"}, {"date": "2019-06-01", "country": "Netherlands", "value": "3000", "unit": "kg"}, {"date": "2019-07-01", "country": "Netherlands", "value": "7625", "unit": "kg"}, {"date": "2019-09-01", "country": "Netherlands", "value": "4650", "unit": "kg"}, {"date": "2019-11-01", "country": "Netherlands", "value": "7970", "unit": "kg"}, {"date": "2020-01-01", "country": "Netherlands", "value": "2720", "unit": "kg"}, {"date": "2020-03-01", "country": "Netherlands", "value": "228", "unit": "kg"}, {"date": "Unnamed: 22-01", "country": "Netherlands", "value": "8970", "unit": "kg"}, {"date": "Unnamed: 24-01", "country": "Netherlands", "value": "5555", "unit": "kg"}, {"date": "2019-05-01", "country": "New Zealand", "value": "643", "unit": "kg"}, {"date": "2020-05-01", "country": "New Zealand", "value": "2241", "unit": "kg"}, {"date": "2020-07-01", "country": "New Zealand", "value": "649", "unit": "kg"}, {"date": "Unnamed: 28-01", "country": "New Zealand", "value": "5600", "unit": "kg"}, {"date": "2019-11-01", "country": "Australia", "value": "1200", "unit": "kg"}, {"date": "2019-05-01", "country": "Bahrain", "value": "1244", "unit": "kg"}, {"date": "2019-06-01", "country": "Bahrain", "value": "5200", "unit": "kg"}, {"date": "2020-01-01", "country": "Bahrain", "value": "400", "unit": "kg"}, {"date": "Unnamed: 22-01", "country": "Bahrain", "value": "500", "unit": "kg"}, {"date": "Unnamed: 26-01", "country": "Bahrain", "value": "3850", "unit": "kg"}, {"date": "2019-01-01", "country": "Belgium", "value": "8600", "unit": "kg"}, {"date": "2019-09-01", "country": "Belgium", "value": "4830", "unit": "kg"}, {"date": "2019-07-01", "country": "Canada", "value": "19", "unit": "kg"}, {"date": "2019-09-01", "country": "Canada", "value": "18", "unit": "kg"}, {"date": "2019-11-01", "country": "Canada", "value": "40", "unit": "kg"}, {"date": "2020-01-01", "country": "Canada", "value": "21", "unit": "kg"}, {"date": "2020-03-01", "country": "Canada", "value": "8", "unit": "kg"}, {"date": "2020-05-01", "country": "Canada", "value": "3", "unit": "kg"}, {"date": "Unnamed: 22-01", "country": "Canada", "value": "16", "unit": "kg"}, {"date": "Unnamed: 24-01", "country": "Canada", "value": "13", "unit": "kg"}, {"date": "Unnamed: 28-01", "country": "Canada", "value": "14", "unit": "kg"}, {"date": "Unnamed: 32-01", "country": "Canada", "value": "21", "unit": "kg"}, {"date": "2019-07-01", "country": "Cyprus", "value": "1168", "unit": "kg"}, {"date": "2020-03-01", "country": "Cyprus", "value": "1461", "unit": "kg"}, {"date": "Unnamed: 22-01", "country": "Cyprus", "value": "2879", "unit": "kg"}, {"date": "Unnamed: 30-01", "country": "Cyprus", "value": "2800", "unit": "kg"}, {"date": "2019-01-01", "country": "United Arab Emirates", "value": "15490", "unit": "kg"}, {"date": "2019-09-01", "country": "United Arab Emirates", "value": "10146", "unit": "kg"}, {"date": "2019-11-01", "country": "United Arab Emirates", "value": "12000", "unit": "kg"}, {"date": "2020-05-01", "country": "United Arab Emirates", "value": "13444", "unit": "kg"}, {"date": "2019-01-01", "country": "United Kingdom", "value": "1000", "unit": "kg"}, {"date": "2019-05-01", "country": "United Kingdom", "value": "2980", "unit": "kg"}, {"date": "2019-06-01", "country": "United Kingdom", "value": "5900", "unit": "kg"}, {"date": "2019-07-01", "country": "United Kingdom", "value": "7360", "unit": "kg"}, {"date": "2019-09-01", "country": "United Kingdom", "value": "7320", "unit": "kg"}, {"date": "2019-11-01", "country": "United Kingdom", "value": "8780", "unit": "kg"}, {"date": "2020-01-01", "country": "United Kingdom", "value": "9060", "unit": "kg"}, {"date": "2020-03-01", "country": "United Kingdom", "value": "5680", "unit": "kg"}, {"date": "2020-05-01", "country": "United Kingdom", "value": "13000", "unit": "kg"}, {"date": "2020-07-01", "country": "United Kingdom", "value": "8965", "unit": "kg"}, {"date": "Unnamed: 22-01", "country": "United Kingdom", "value": "26440", "unit": "kg"}, {"date": "Unnamed: 24-01", "country": "United Kingdom", "value": "11680", "unit": "kg"}, {"date": "Unnamed: 26-01", "country": "United Kingdom", "value": "12200", "unit": "kg"}, {"date": "Unnamed: 28-01", "country": "United Kingdom", "value": "6000", "unit": "kg"}, {"date": "Unnamed: 32-01", "country": "United Kingdom", "value": "12000", "unit": "kg"}, {"date": "2019-05-01", "country": "United States of America", "value": "527", "unit": "kg"}, {"date": "2019-06-01", "country": "United States of America", "value": "867", "unit": "kg"}, {"date": "2020-03-01", "country": "United States of America", "value": "3300", "unit": "kg"}, {"date": "2020-05-01", "country": "United States of America", "value": "1886", "unit": "kg"}, {"date": "2020-07-01", "country": "United States of America", "value": "2000", "unit": "kg"}, {"date": "Unnamed: 24-01", "country": "United States of America", "value": "3142", "unit": "kg"}, {"date": "Unnamed: 28-01", "country": "United States of America", "value": "3000", "unit": "kg"}, {"date": "Unnamed: 30-01", "country": "United States of America", "value": "816", "unit": "kg"}, {"date": "Unnamed: 36-01", "country": "United States of America", "value": "1328", "unit": "kg"}, {"date": "2019-01-01", "country": "Singapore", "value": "15", "unit": "kg"}, {"date": "2019-09-01", "country": "Singapore", "value": "18", "unit": "kg"}, {"date": "Unnamed: 26-01", "country": "Singapore", "value": "10", "unit": "kg"}, {"date": "2019-05-01", "country": "Sweden", "value": "1235", "unit": "kg"}, {"date": "2019-09-01", "country": "Sweden", "value": "900", "unit": "kg"}, {"date": "2020-07-01", "country": "Sweden", "value": "920", "unit": "kg"}, {"date": "Unnamed: 30-01", "country": "Sweden", "value": "990", "unit": "kg"}]