[{"date": "2018-11-01", "country_from": "GR", "country_to": "PL", "value": "297840", "unit": "kg"}, {"date": "2018-12-01", "country_from": "GR", "country_to": "PL", "value": "503750", "unit": "kg"}, {"date": "2019-01-01", "country_from": "GR", "country_to": "PL", "value": "382080", "unit": "kg"}, {"date": "2019-02-01", "country_from": "GR", "country_to": "PL", "value": "403670", "unit": "kg"}, {"date": "2019-03-01", "country_from": "GR", "country_to": "PL", "value": "561150", "unit": "kg"}, {"date": "2019-04-01", "country_from": "GR", "country_to": "PL", "value": "834000", "unit": "kg"}, {"date": "2019-05-01", "country_from": "GR", "country_to": "PL", "value": "508000", "unit": "kg"}, {"date": "2019-06-01", "country_from": "GR", "country_to": "PL", "value": "637520", "unit": "kg"}, {"date": "2019-07-01", "country_from": "GR", "country_to": "PL", "value": "812000", "unit": "kg"}, {"date": "2019-08-01", "country_from": "GR", "country_to": "PL", "value": "430000", "unit": "kg"}, {"date": "2019-09-01", "country_from": "GR", "country_to": "PL", "value": "385200", "unit": "kg"}, {"date": "2019-10-01", "country_from": "GR", "country_to": "PL", "value": "785470", "unit": "kg"}, {"date": "2019-11-01", "country_from": "GR", "country_to": "PL", "value": "429920", "unit": "kg"}, {"date": "2019-12-01", "country_from": "GR", "country_to": "PL", "value": "182400", "unit": "kg"}, {"date": "2020-01-01", "country_from": "GR", "country_to": "PL", "value": "382000", "unit": "kg"}, {"date": "2020-02-01", "country_from": "GR", "country_to": "PL", "value": "606000", "unit": "kg"}, {"date": "2020-03-01", "country_from": "GR", "country_to": "PL", "value": "995140", "unit": "kg"}, {"date": "2020-04-01", "country_from": "GR", "country_to": "PL", "value": "236490", "unit": "kg"}, {"date": "2018-11-01", "country_from": "GR", "country_to": "BG", "value": "46303", "unit": "kg"}, {"date": "2018-12-01", "country_from": "GR", "country_to": "BG", "value": "39943", "unit": "kg"}, {"date": "2019-01-01", "country_from": "GR", "country_to": "BG", "value": "26441", "unit": "kg"}, {"date": "2019-02-01", "country_from": "GR", "country_to": "BG", "value": "115926", "unit": "kg"}, {"date": "2019-03-01", "country_from": "GR", "country_to": "BG", "value": "63985", "unit": "kg"}, {"date": "2019-04-01", "country_from": "GR", "country_to": "BG", "value": "400131", "unit": "kg"}, {"date": "2019-05-01", "country_from": "GR", "country_to": "BG", "value": "203767", "unit": "kg"}, {"date": "2019-06-01", "country_from": "GR", "country_to": "BG", "value": "186454", "unit": "kg"}, {"date": "2019-07-01", "country_from": "GR", "country_to": "BG", "value": "372725", "unit": "kg"}, {"date": "2019-08-01", "country_from": "GR", "country_to": "BG", "value": "312110", "unit": "kg"}, {"date": "2019-09-01", "country_from": "GR", "country_to": "BG", "value": "277156", "unit": "kg"}, {"date": "2019-10-01", "country_from": "GR", "country_to": "BG", "value": "47130", "unit": "kg"}, {"date": "2019-11-01", "country_from": "GR", "country_to": "BG", "value": "41390", "unit": "kg"}, {"date": "2019-12-01", "country_from": "GR", "country_to": "BG", "value": "24228", "unit": "kg"}, {"date": "2020-01-01", "country_from": "GR", "country_to": "BG", "value": "56844", "unit": "kg"}, {"date": "2020-02-01", "country_from": "GR", "country_to": "BG", "value": "67925", "unit": "kg"}, {"date": "2020-03-01", "country_from": "GR", "country_to": "BG", "value": "401454", "unit": "kg"}, {"date": "2020-04-01", "country_from": "GR", "country_to": "BG", "value": "581098", "unit": "kg"}, {"date": "2018-11-01", "country_from": "GR", "country_to": "HU", "value": "0", "unit": "kg"}, {"date": "2018-12-01", "country_from": "GR", "country_to": "HU", "value": "0", "unit": "kg"}, {"date": "2019-01-01", "country_from": "GR", "country_to": "HU", "value": "0", "unit": "kg"}, {"date": "2019-02-01", "country_from": "GR", "country_to": "HU", "value": "5000", "unit": "kg"}, {"date": "2019-03-01", "country_from": "GR", "country_to": "HU", "value": "37100", "unit": "kg"}, {"date": "2019-04-01", "country_from": "GR", "country_to": "HU", "value": "0", "unit": "kg"}, {"date": "2019-05-01", "country_from": "GR", "country_to": "HU", "value": "0", "unit": "kg"}, {"date": "2019-06-01", "country_from": "GR", "country_to": "HU", "value": "12000", "unit": "kg"}, {"date": "2019-07-01", "country_from": "GR", "country_to": "HU", "value": "0", "unit": "kg"}, {"date": "2019-08-01", "country_from": "GR", "country_to": "HU", "value": "0", "unit": "kg"}, {"date": "2019-09-01", "country_from": "GR", "country_to": "HU", "value": "76000", "unit": "kg"}, {"date": "2019-10-01", "country_from": "GR", "country_to": "HU", "value": "63170", "unit": "kg"}, {"date": "2019-11-01", "country_from": "GR", "country_to": "HU", "value": "24940", "unit": "kg"}, {"date": "2019-12-01", "country_from": "GR", "country_to": "HU", "value": "0", "unit": "kg"}, {"date": "2020-01-01", "country_from": "GR", "country_to": "HU", "value": "0", "unit": "kg"}, {"date": "2020-02-01", "country_from": "GR", "country_to": "HU", "value": "0", "unit": "kg"}, {"date": "2020-03-01", "country_from": "GR", "country_to": "HU", "value": "0", "unit": "kg"}, {"date": "2020-04-01", "country_from": "GR", "country_to": "HU", "value": "48000", "unit": "kg"}, {"date": "2018-11-01", "country_from": "GR", "country_to": "IT", "value": "0", "unit": "kg"}, {"date": "2018-12-01", "country_from": "GR", "country_to": "IT", "value": "0", "unit": "kg"}, {"date": "2019-01-01", "country_from": "GR", "country_to": "IT", "value": "0", "unit": "kg"}, {"date": "2019-02-01", "country_from": "GR", "country_to": "IT", "value": "48000", "unit": "kg"}, {"date": "2019-03-01", "country_from": "GR", "country_to": "IT", "value": "0", "unit": "kg"}, {"date": "2019-04-01", "country_from": "GR", "country_to": "IT", "value": "0", "unit": "kg"}, {"date": "2019-05-01", "country_from": "GR", "country_to": "IT", "value": "0", "unit": "kg"}, {"date": "2019-06-01", "country_from": "GR", "country_to": "IT", "value": "0", "unit": "kg"}, {"date": "2019-07-01", "country_from": "GR", "country_to": "IT", "value": "0", "unit": "kg"}, {"date": "2019-08-01", "country_from": "GR", "country_to": "IT", "value": "0", "unit": "kg"}, {"date": "2019-09-01", "country_from": "GR", "country_to": "IT", "value": "0", "unit": "kg"}, {"date": "2019-10-01", "country_from": "GR", "country_to": "IT", "value": "0", "unit": "kg"}, {"date": "2019-11-01", "country_from": "GR", "country_to": "IT", "value": "0", "unit": "kg"}, {"date": "2019-12-01", "country_from": "GR", "country_to": "IT", "value": "24000", "unit": "kg"}, {"date": "2020-01-01", "country_from": "GR", "country_to": "IT", "value": "0", "unit": "kg"}, {"date": "2020-02-01", "country_from": "GR", "country_to": "IT", "value": "0", "unit": "kg"}, {"date": "2020-03-01", "country_from": "GR", "country_to": "IT", "value": "19987", "unit": "kg"}, {"date": "2020-04-01", "country_from": "GR", "country_to": "IT", "value": "24000", "unit": "kg"}, {"date": "2018-11-01", "country_from": "GR", "country_to": "CY", "value": "19351", "unit": "kg"}, {"date": "2018-12-01", "country_from": "GR", "country_to": "CY", "value": "49206", "unit": "kg"}, {"date": "2019-01-01", "country_from": "GR", "country_to": "CY", "value": "216", "unit": "kg"}, {"date": "2019-02-01", "country_from": "GR", "country_to": "CY", "value": "364", "unit": "kg"}, {"date": "2019-03-01", "country_from": "GR", "country_to": "CY", "value": "1800", "unit": "kg"}, {"date": "2019-04-01", "country_from": "GR", "country_to": "CY", "value": "1740", "unit": "kg"}, {"date": "2019-05-01", "country_from": "GR", "country_to": "CY", "value": "26696", "unit": "kg"}, {"date": "2019-06-01", "country_from": "GR", "country_to": "CY", "value": "504", "unit": "kg"}, {"date": "2019-07-01", "country_from": "GR", "country_to": "CY", "value": "944", "unit": "kg"}, {"date": "2019-08-01", "country_from": "GR", "country_to": "CY", "value": "648", "unit": "kg"}, {"date": "2019-09-01", "country_from": "GR", "country_to": "CY", "value": "368", "unit": "kg"}, {"date": "2019-10-01", "country_from": "GR", "country_to": "CY", "value": "48815", "unit": "kg"}, {"date": "2019-11-01", "country_from": "GR", "country_to": "CY", "value": "29856", "unit": "kg"}, {"date": "2019-12-01", "country_from": "GR", "country_to": "CY", "value": "2025", "unit": "kg"}, {"date": "2020-01-01", "country_from": "GR", "country_to": "CY", "value": "4185", "unit": "kg"}, {"date": "2020-02-01", "country_from": "GR", "country_to": "CY", "value": "4368", "unit": "kg"}, {"date": "2020-03-01", "country_from": "GR", "country_to": "CY", "value": "3295", "unit": "kg"}, {"date": "2020-04-01", "country_from": "GR", "country_to": "CY", "value": "2782", "unit": "kg"}, {"date": "2018-11-01", "country_from": "GR", "country_to": "DE", "value": "1649", "unit": "kg"}, {"date": "2018-12-01", "country_from": "GR", "country_to": "DE", "value": "10336", "unit": "kg"}, {"date": "2019-01-01", "country_from": "GR", "country_to": "DE", "value": "1257", "unit": "kg"}, {"date": "2019-02-01", "country_from": "GR", "country_to": "DE", "value": "0", "unit": "kg"}, {"date": "2019-03-01", "country_from": "GR", "country_to": "DE", "value": "566", "unit": "kg"}, {"date": "2019-04-01", "country_from": "GR", "country_to": "DE", "value": "5351", "unit": "kg"}, {"date": "2019-05-01", "country_from": "GR", "country_to": "DE", "value": "870", "unit": "kg"}, {"date": "2019-06-01", "country_from": "GR", "country_to": "DE", "value": "20010", "unit": "kg"}, {"date": "2019-07-01", "country_from": "GR", "country_to": "DE", "value": "754", "unit": "kg"}, {"date": "2019-08-01", "country_from": "GR", "country_to": "DE", "value": "0", "unit": "kg"}, {"date": "2019-09-01", "country_from": "GR", "country_to": "DE", "value": "2260", "unit": "kg"}, {"date": "2019-10-01", "country_from": "GR", "country_to": "DE", "value": "2150", "unit": "kg"}, {"date": "2019-11-01", "country_from": "GR", "country_to": "DE", "value": "211", "unit": "kg"}, {"date": "2019-12-01", "country_from": "GR", "country_to": "DE", "value": "953", "unit": "kg"}, {"date": "2020-01-01", "country_from": "GR", "country_to": "DE", "value": "14951", "unit": "kg"}, {"date": "2020-02-01", "country_from": "GR", "country_to": "DE", "value": "1253", "unit": "kg"}, {"date": "2020-03-01", "country_from": "GR", "country_to": "DE", "value": "27746", "unit": "kg"}, {"date": "2020-04-01", "country_from": "GR", "country_to": "DE", "value": "35972", "unit": "kg"}, {"date": "2018-11-01", "country_from": "GR", "country_to": "BE", "value": "53", "unit": "kg"}, {"date": "2018-12-01", "country_from": "GR", "country_to": "BE", "value": "0", "unit": "kg"}, {"date": "2019-01-01", "country_from": "GR", "country_to": "BE", "value": "0", "unit": "kg"}, {"date": "2019-02-01", "country_from": "GR", "country_to": "BE", "value": "0", "unit": "kg"}, {"date": "2019-03-01", "country_from": "GR", "country_to": "BE", "value": "12", "unit": "kg"}, {"date": "2019-04-01", "country_from": "GR", "country_to": "BE", "value": "210800", "unit": "kg"}, {"date": "2019-05-01", "country_from": "GR", "country_to": "BE", "value": "58", "unit": "kg"}, {"date": "2019-06-01", "country_from": "GR", "country_to": "BE", "value": "0", "unit": "kg"}, {"date": "2019-07-01", "country_from": "GR", "country_to": "BE", "value": "0", "unit": "kg"}, {"date": "2019-08-01", "country_from": "GR", "country_to": "BE", "value": "0", "unit": "kg"}, {"date": "2019-09-01", "country_from": "GR", "country_to": "BE", "value": "101", "unit": "kg"}, {"date": "2019-10-01", "country_from": "GR", "country_to": "BE", "value": "0", "unit": "kg"}, {"date": "2019-11-01", "country_from": "GR", "country_to": "BE", "value": "231949", "unit": "kg"}, {"date": "2019-12-01", "country_from": "GR", "country_to": "BE", "value": "0", "unit": "kg"}, {"date": "2020-01-01", "country_from": "GR", "country_to": "BE", "value": "25000", "unit": "kg"}, {"date": "2020-02-01", "country_from": "GR", "country_to": "BE", "value": "70", "unit": "kg"}, {"date": "2020-03-01", "country_from": "GR", "country_to": "BE", "value": "76840", "unit": "kg"}, {"date": "2020-04-01", "country_from": "GR", "country_to": "BE", "value": "187", "unit": "kg"}, {"date": "2018-11-01", "country_from": "GR", "country_to": "GB", "value": "7", "unit": "kg"}, {"date": "2018-12-01", "country_from": "GR", "country_to": "GB", "value": "282", "unit": "kg"}, {"date": "2019-01-01", "country_from": "GR", "country_to": "GB", "value": "0", "unit": "kg"}, {"date": "2019-02-01", "country_from": "GR", "country_to": "GB", "value": "17", "unit": "kg"}, {"date": "2019-03-01", "country_from": "GR", "country_to": "GB", "value": "24154", "unit": "kg"}, {"date": "2019-04-01", "country_from": "GR", "country_to": "GB", "value": "3013", "unit": "kg"}, {"date": "2019-05-01", "country_from": "GR", "country_to": "GB", "value": "0", "unit": "kg"}, {"date": "2019-06-01", "country_from": "GR", "country_to": "GB", "value": "0", "unit": "kg"}, {"date": "2019-07-01", "country_from": "GR", "country_to": "GB", "value": "0", "unit": "kg"}, {"date": "2019-08-01", "country_from": "GR", "country_to": "GB", "value": "1", "unit": "kg"}, {"date": "2019-09-01", "country_from": "GR", "country_to": "GB", "value": "0", "unit": "kg"}, {"date": "2019-10-01", "country_from": "GR", "country_to": "GB", "value": "10", "unit": "kg"}, {"date": "2019-11-01", "country_from": "GR", "country_to": "GB", "value": "3", "unit": "kg"}, {"date": "2019-12-01", "country_from": "GR", "country_to": "GB", "value": "52", "unit": "kg"}, {"date": "2020-01-01", "country_from": "GR", "country_to": "GB", "value": "20", "unit": "kg"}, {"date": "2020-02-01", "country_from": "GR", "country_to": "GB", "value": "0", "unit": "kg"}, {"date": "2020-03-01", "country_from": "GR", "country_to": "GB", "value": "77", "unit": "kg"}, {"date": "2020-04-01", "country_from": "GR", "country_to": "GB", "value": "72", "unit": "kg"}, {"date": "2018-11-01", "country_from": "GR", "country_to": "US", "value": "0", "unit": "kg"}, {"date": "2018-12-01", "country_from": "GR", "country_to": "US", "value": "0", "unit": "kg"}, {"date": "2019-01-01", "country_from": "GR", "country_to": "US", "value": "0", "unit": "kg"}, {"date": "2019-02-01", "country_from": "GR", "country_to": "US", "value": "0", "unit": "kg"}, {"date": "2019-03-01", "country_from": "GR", "country_to": "US", "value": "0", "unit": "kg"}, {"date": "2019-04-01", "country_from": "GR", "country_to": "US", "value": "0", "unit": "kg"}, {"date": "2019-05-01", "country_from": "GR", "country_to": "US", "value": "0", "unit": "kg"}, {"date": "2019-06-01", "country_from": "GR", "country_to": "US", "value": "0", "unit": "kg"}, {"date": "2019-07-01", "country_from": "GR", "country_to": "US", "value": "0", "unit": "kg"}, {"date": "2019-08-01", "country_from": "GR", "country_to": "US", "value": "0", "unit": "kg"}, {"date": "2019-09-01", "country_from": "GR", "country_to": "US", "value": "300", "unit": "kg"}, {"date": "2019-10-01", "country_from": "GR", "country_to": "US", "value": "0", "unit": "kg"}, {"date": "2019-11-01", "country_from": "GR", "country_to": "US", "value": "0", "unit": "kg"}, {"date": "2019-12-01", "country_from": "GR", "country_to": "US", "value": "0", "unit": "kg"}, {"date": "2020-01-01", "country_from": "GR", "country_to": "US", "value": "2160", "unit": "kg"}, {"date": "2020-02-01", "country_from": "GR", "country_to": "US", "value": "0", "unit": "kg"}, {"date": "2020-03-01", "country_from": "GR", "country_to": "US", "value": "0", "unit": "kg"}, {"date": "2020-04-01", "country_from": "GR", "country_to": "US", "value": "0", "unit": "kg"}, {"date": "2018-11-01", "country_from": "GR", "country_to": "PT", "value": "0", "unit": "kg"}, {"date": "2018-12-01", "country_from": "GR", "country_to": "PT", "value": "0", "unit": "kg"}, {"date": "2019-01-01", "country_from": "GR", "country_to": "PT", "value": "0", "unit": "kg"}, {"date": "2019-02-01", "country_from": "GR", "country_to": "PT", "value": "64800", "unit": "kg"}, {"date": "2019-03-01", "country_from": "GR", "country_to": "PT", "value": "140900", "unit": "kg"}, {"date": "2019-04-01", "country_from": "GR", "country_to": "PT", "value": "216570", "unit": "kg"}, {"date": "2019-05-01", "country_from": "GR", "country_to": "PT", "value": "0", "unit": "kg"}, {"date": "2019-06-01", "country_from": "GR", "country_to": "PT", "value": "0", "unit": "kg"}, {"date": "2019-07-01", "country_from": "GR", "country_to": "PT", "value": "0", "unit": "kg"}, {"date": "2019-08-01", "country_from": "GR", "country_to": "PT", "value": "0", "unit": "kg"}, {"date": "2019-09-01", "country_from": "GR", "country_to": "PT", "value": "0", "unit": "kg"}, {"date": "2019-10-01", "country_from": "GR", "country_to": "PT", "value": "0", "unit": "kg"}, {"date": "2019-11-01", "country_from": "GR", "country_to": "PT", "value": "0", "unit": "kg"}, {"date": "2019-12-01", "country_from": "GR", "country_to": "PT", "value": "0", "unit": "kg"}, {"date": "2020-01-01", "country_from": "GR", "country_to": "PT", "value": "0", "unit": "kg"}, {"date": "2020-02-01", "country_from": "GR", "country_to": "PT", "value": "0", "unit": "kg"}, {"date": "2020-03-01", "country_from": "GR", "country_to": "PT", "value": "0", "unit": "kg"}, {"date": "2020-04-01", "country_from": "GR", "country_to": "PT", "value": "0", "unit": "kg"}, {"date": "2018-11-01", "country_from": "GR", "country_to": "RO", "value": "104600", "unit": "kg"}, {"date": "2018-12-01", "country_from": "GR", "country_to": "RO", "value": "0", "unit": "kg"}, {"date": "2019-01-01", "country_from": "GR", "country_to": "RO", "value": "0", "unit": "kg"}, {"date": "2019-02-01", "country_from": "GR", "country_to": "RO", "value": "18000", "unit": "kg"}, {"date": "2019-03-01", "country_from": "GR", "country_to": "RO", "value": "0", "unit": "kg"}, {"date": "2019-04-01", "country_from": "GR", "country_to": "RO", "value": "15000", "unit": "kg"}, {"date": "2019-05-01", "country_from": "GR", "country_to": "RO", "value": "560", "unit": "kg"}, {"date": "2019-06-01", "country_from": "GR", "country_to": "RO", "value": "0", "unit": "kg"}, {"date": "2019-07-01", "country_from": "GR", "country_to": "RO", "value": "0", "unit": "kg"}, {"date": "2019-08-01", "country_from": "GR", "country_to": "RO", "value": "24638", "unit": "kg"}, {"date": "2019-09-01", "country_from": "GR", "country_to": "RO", "value": "0", "unit": "kg"}, {"date": "2019-10-01", "country_from": "GR", "country_to": "RO", "value": "14000", "unit": "kg"}, {"date": "2019-11-01", "country_from": "GR", "country_to": "RO", "value": "0", "unit": "kg"}, {"date": "2019-12-01", "country_from": "GR", "country_to": "RO", "value": "0", "unit": "kg"}, {"date": "2020-01-01", "country_from": "GR", "country_to": "RO", "value": "0", "unit": "kg"}, {"date": "2020-02-01", "country_from": "GR", "country_to": "RO", "value": "0", "unit": "kg"}, {"date": "2020-03-01", "country_from": "GR", "country_to": "RO", "value": "156000", "unit": "kg"}, {"date": "2020-04-01", "country_from": "GR", "country_to": "RO", "value": "107000", "unit": "kg"}, {"date": "2018-11-01", "country_from": "GR", "country_to": "RS", "value": "0", "unit": "kg"}, {"date": "2018-12-01", "country_from": "GR", "country_to": "RS", "value": "0", "unit": "kg"}, {"date": "2019-01-01", "country_from": "GR", "country_to": "RS", "value": "0", "unit": "kg"}, {"date": "2019-02-01", "country_from": "GR", "country_to": "RS", "value": "0", "unit": "kg"}, {"date": "2019-03-01", "country_from": "GR", "country_to": "RS", "value": "0", "unit": "kg"}, {"date": "2019-04-01", "country_from": "GR", "country_to": "RS", "value": "10000", "unit": "kg"}, {"date": "2019-05-01", "country_from": "GR", "country_to": "RS", "value": "6000", "unit": "kg"}, {"date": "2019-06-01", "country_from": "GR", "country_to": "RS", "value": "0", "unit": "kg"}, {"date": "2019-07-01", "country_from": "GR", "country_to": "RS", "value": "0", "unit": "kg"}, {"date": "2019-08-01", "country_from": "GR", "country_to": "RS", "value": "0", "unit": "kg"}, {"date": "2019-09-01", "country_from": "GR", "country_to": "RS", "value": "0", "unit": "kg"}, {"date": "2019-10-01", "country_from": "GR", "country_to": "RS", "value": "0", "unit": "kg"}, {"date": "2019-11-01", "country_from": "GR", "country_to": "RS", "value": "0", "unit": "kg"}, {"date": "2019-12-01", "country_from": "GR", "country_to": "RS", "value": "0", "unit": "kg"}, {"date": "2020-01-01", "country_from": "GR", "country_to": "RS", "value": "0", "unit": "kg"}, {"date": "2020-02-01", "country_from": "GR", "country_to": "RS", "value": "0", "unit": "kg"}, {"date": "2020-03-01", "country_from": "GR", "country_to": "RS", "value": "0", "unit": "kg"}, {"date": "2020-04-01", "country_from": "GR", "country_to": "RS", "value": "24000", "unit": "kg"}, {"date": "2018-11-01", "country_from": "GR", "country_to": "SK", "value": "0", "unit": "kg"}, {"date": "2018-12-01", "country_from": "GR", "country_to": "SK", "value": "0", "unit": "kg"}, {"date": "2019-01-01", "country_from": "GR", "country_to": "SK", "value": "0", "unit": "kg"}, {"date": "2019-02-01", "country_from": "GR", "country_to": "SK", "value": "0", "unit": "kg"}, {"date": "2019-03-01", "country_from": "GR", "country_to": "SK", "value": "0", "unit": "kg"}, {"date": "2019-04-01", "country_from": "GR", "country_to": "SK", "value": "0", "unit": "kg"}, {"date": "2019-05-01", "country_from": "GR", "country_to": "SK", "value": "0", "unit": "kg"}, {"date": "2019-06-01", "country_from": "GR", "country_to": "SK", "value": "24200", "unit": "kg"}, {"date": "2019-07-01", "country_from": "GR", "country_to": "SK", "value": "0", "unit": "kg"}, {"date": "2019-08-01", "country_from": "GR", "country_to": "SK", "value": "0", "unit": "kg"}, {"date": "2019-09-01", "country_from": "GR", "country_to": "SK", "value": "0", "unit": "kg"}, {"date": "2019-10-01", "country_from": "GR", "country_to": "SK", "value": "0", "unit": "kg"}, {"date": "2019-11-01", "country_from": "GR", "country_to": "SK", "value": "0", "unit": "kg"}, {"date": "2019-12-01", "country_from": "GR", "country_to": "SK", "value": "0", "unit": "kg"}, {"date": "2020-01-01", "country_from": "GR", "country_to": "SK", "value": "0", "unit": "kg"}, {"date": "2020-02-01", "country_from": "GR", "country_to": "SK", "value": "0", "unit": "kg"}, {"date": "2020-03-01", "country_from": "GR", "country_to": "SK", "value": "0", "unit": "kg"}, {"date": "2020-04-01", "country_from": "GR", "country_to": "SK", "value": "0", "unit": "kg"}, {"date": "2018-11-01", "country_from": "GR", "country_to": "ES", "value": "49600", "unit": "kg"}, {"date": "2018-12-01", "country_from": "GR", "country_to": "ES", "value": "0", "unit": "kg"}, {"date": "2019-01-01", "country_from": "GR", "country_to": "ES", "value": "0", "unit": "kg"}, {"date": "2019-02-01", "country_from": "GR", "country_to": "ES", "value": "0", "unit": "kg"}, {"date": "2019-03-01", "country_from": "GR", "country_to": "ES", "value": "0", "unit": "kg"}, {"date": "2019-04-01", "country_from": "GR", "country_to": "ES", "value": "0", "unit": "kg"}, {"date": "2019-05-01", "country_from": "GR", "country_to": "ES", "value": "0", "unit": "kg"}, {"date": "2019-06-01", "country_from": "GR", "country_to": "ES", "value": "0", "unit": "kg"}, {"date": "2019-07-01", "country_from": "GR", "country_to": "ES", "value": "0", "unit": "kg"}, {"date": "2019-08-01", "country_from": "GR", "country_to": "ES", "value": "0", "unit": "kg"}, {"date": "2019-09-01", "country_from": "GR", "country_to": "ES", "value": "0", "unit": "kg"}, {"date": "2019-10-01", "country_from": "GR", "country_to": "ES", "value": "0", "unit": "kg"}, {"date": "2019-11-01", "country_from": "GR", "country_to": "ES", "value": "0", "unit": "kg"}, {"date": "2019-12-01", "country_from": "GR", "country_to": "ES", "value": "0", "unit": "kg"}, {"date": "2020-01-01", "country_from": "GR", "country_to": "ES", "value": "0", "unit": "kg"}, {"date": "2020-02-01", "country_from": "GR", "country_to": "ES", "value": "0", "unit": "kg"}, {"date": "2020-03-01", "country_from": "GR", "country_to": "ES", "value": "0", "unit": "kg"}, {"date": "2020-04-01", "country_from": "GR", "country_to": "ES", "value": "0", "unit": "kg"}, {"date": "2018-11-01", "country_from": "GR", "country_to": "SE", "value": "0", "unit": "kg"}, {"date": "2018-12-01", "country_from": "GR", "country_to": "SE", "value": "0", "unit": "kg"}, {"date": "2019-01-01", "country_from": "GR", "country_to": "SE", "value": "0", "unit": "kg"}, {"date": "2019-02-01", "country_from": "GR", "country_to": "SE", "value": "0", "unit": "kg"}, {"date": "2019-03-01", "country_from": "GR", "country_to": "SE", "value": "0", "unit": "kg"}, {"date": "2019-04-01", "country_from": "GR", "country_to": "SE", "value": "0", "unit": "kg"}, {"date": "2019-05-01", "country_from": "GR", "country_to": "SE", "value": "0", "unit": "kg"}, {"date": "2019-06-01", "country_from": "GR", "country_to": "SE", "value": "0", "unit": "kg"}, {"date": "2019-07-01", "country_from": "GR", "country_to": "SE", "value": "0", "unit": "kg"}, {"date": "2019-08-01", "country_from": "GR", "country_to": "SE", "value": "0", "unit": "kg"}, {"date": "2019-09-01", "country_from": "GR", "country_to": "SE", "value": "0", "unit": "kg"}, {"date": "2019-10-01", "country_from": "GR", "country_to": "SE", "value": "0", "unit": "kg"}, {"date": "2019-11-01", "country_from": "GR", "country_to": "SE", "value": "440", "unit": "kg"}, {"date": "2019-12-01", "country_from": "GR", "country_to": "SE", "value": "0", "unit": "kg"}, {"date": "2020-01-01", "country_from": "GR", "country_to": "SE", "value": "0", "unit": "kg"}, {"date": "2020-02-01", "country_from": "GR", "country_to": "SE", "value": "0", "unit": "kg"}, {"date": "2020-03-01", "country_from": "GR", "country_to": "SE", "value": "0", "unit": "kg"}, {"date": "2020-04-01", "country_from": "GR", "country_to": "SE", "value": "0", "unit": "kg"}, {"date": "2018-11-01", "country_from": "GR", "country_to": "TR", "value": "682630", "unit": "kg"}, {"date": "2018-12-01", "country_from": "GR", "country_to": "TR", "value": "3521350", "unit": "kg"}, {"date": "2019-01-01", "country_from": "GR", "country_to": "TR", "value": "2462140", "unit": "kg"}, {"date": "2019-02-01", "country_from": "GR", "country_to": "TR", "value": "1813530", "unit": "kg"}, {"date": "2019-03-01", "country_from": "GR", "country_to": "TR", "value": "0", "unit": "kg"}, {"date": "2019-04-01", "country_from": "GR", "country_to": "TR", "value": "240000", "unit": "kg"}, {"date": "2019-05-01", "country_from": "GR", "country_to": "TR", "value": "0", "unit": "kg"}, {"date": "2019-06-01", "country_from": "GR", "country_to": "TR", "value": "0", "unit": "kg"}, {"date": "2019-07-01", "country_from": "GR", "country_to": "TR", "value": "0", "unit": "kg"}, {"date": "2019-08-01", "country_from": "GR", "country_to": "TR", "value": "0", "unit": "kg"}, {"date": "2019-09-01", "country_from": "GR", "country_to": "TR", "value": "0", "unit": "kg"}, {"date": "2019-10-01", "country_from": "GR", "country_to": "TR", "value": "0", "unit": "kg"}, {"date": "2019-11-01", "country_from": "GR", "country_to": "TR", "value": "75230", "unit": "kg"}, {"date": "2019-12-01", "country_from": "GR", "country_to": "TR", "value": "0", "unit": "kg"}, {"date": "2020-01-01", "country_from": "GR", "country_to": "TR", "value": "0", "unit": "kg"}, {"date": "2020-02-01", "country_from": "GR", "country_to": "TR", "value": "0", "unit": "kg"}, {"date": "2020-03-01", "country_from": "GR", "country_to": "TR", "value": "0", "unit": "kg"}, {"date": "2020-04-01", "country_from": "GR", "country_to": "TR", "value": "0", "unit": "kg"}, {"date": "2018-11-01", "country_from": "GR", "country_to": "MK", "value": "0", "unit": "kg"}, {"date": "2018-12-01", "country_from": "GR", "country_to": "MK", "value": "0", "unit": "kg"}, {"date": "2019-01-01", "country_from": "GR", "country_to": "MK", "value": "0", "unit": "kg"}, {"date": "2019-02-01", "country_from": "GR", "country_to": "MK", "value": "870", "unit": "kg"}, {"date": "2019-03-01", "country_from": "GR", "country_to": "MK", "value": "0", "unit": "kg"}, {"date": "2019-04-01", "country_from": "GR", "country_to": "MK", "value": "1056", "unit": "kg"}, {"date": "2019-05-01", "country_from": "GR", "country_to": "MK", "value": "1248", "unit": "kg"}, {"date": "2019-06-01", "country_from": "GR", "country_to": "MK", "value": "0", "unit": "kg"}, {"date": "2019-07-01", "country_from": "GR", "country_to": "MK", "value": "49320", "unit": "kg"}, {"date": "2019-08-01", "country_from": "GR", "country_to": "MK", "value": "24000", "unit": "kg"}, {"date": "2019-09-01", "country_from": "GR", "country_to": "MK", "value": "72000", "unit": "kg"}, {"date": "2019-10-01", "country_from": "GR", "country_to": "MK", "value": "97146", "unit": "kg"}, {"date": "2019-11-01", "country_from": "GR", "country_to": "MK", "value": "144000", "unit": "kg"}, {"date": "2019-12-01", "country_from": "GR", "country_to": "MK", "value": "25566", "unit": "kg"}, {"date": "2020-01-01", "country_from": "GR", "country_to": "MK", "value": "462", "unit": "kg"}, {"date": "2020-02-01", "country_from": "GR", "country_to": "MK", "value": "12000", "unit": "kg"}, {"date": "2020-03-01", "country_from": "GR", "country_to": "MK", "value": "43170", "unit": "kg"}, {"date": "2020-04-01", "country_from": "GR", "country_to": "MK", "value": "48000", "unit": "kg"}, {"date": "2018-11-01", "country_from": "GR", "country_to": "IL", "value": "0", "unit": "kg"}, {"date": "2018-12-01", "country_from": "GR", "country_to": "IL", "value": "0", "unit": "kg"}, {"date": "2019-01-01", "country_from": "GR", "country_to": "IL", "value": "0", "unit": "kg"}, {"date": "2019-02-01", "country_from": "GR", "country_to": "IL", "value": "0", "unit": "kg"}, {"date": "2019-03-01", "country_from": "GR", "country_to": "IL", "value": "0", "unit": "kg"}, {"date": "2019-04-01", "country_from": "GR", "country_to": "IL", "value": "0", "unit": "kg"}, {"date": "2019-05-01", "country_from": "GR", "country_to": "IL", "value": "46000", "unit": "kg"}, {"date": "2019-06-01", "country_from": "GR", "country_to": "IL", "value": "0", "unit": "kg"}, {"date": "2019-07-01", "country_from": "GR", "country_to": "IL", "value": "0", "unit": "kg"}, {"date": "2019-08-01", "country_from": "GR", "country_to": "IL", "value": "92000", "unit": "kg"}, {"date": "2019-09-01", "country_from": "GR", "country_to": "IL", "value": "92000", "unit": "kg"}, {"date": "2019-10-01", "country_from": "GR", "country_to": "IL", "value": "92000", "unit": "kg"}, {"date": "2019-11-01", "country_from": "GR", "country_to": "IL", "value": "92000", "unit": "kg"}, {"date": "2019-12-01", "country_from": "GR", "country_to": "IL", "value": "46000", "unit": "kg"}, {"date": "2020-01-01", "country_from": "GR", "country_to": "IL", "value": "46000", "unit": "kg"}, {"date": "2020-02-01", "country_from": "GR", "country_to": "IL", "value": "46000", "unit": "kg"}, {"date": "2020-03-01", "country_from": "GR", "country_to": "IL", "value": "46000", "unit": "kg"}, {"date": "2020-04-01", "country_from": "GR", "country_to": "IL", "value": "115000", "unit": "kg"}, {"date": "2018-11-01", "country_from": "GR", "country_to": "LT", "value": "0", "unit": "kg"}, {"date": "2018-12-01", "country_from": "GR", "country_to": "LT", "value": "0", "unit": "kg"}, {"date": "2019-01-01", "country_from": "GR", "country_to": "LT", "value": "0", "unit": "kg"}, {"date": "2019-02-01", "country_from": "GR", "country_to": "LT", "value": "0", "unit": "kg"}, {"date": "2019-03-01", "country_from": "GR", "country_to": "LT", "value": "0", "unit": "kg"}, {"date": "2019-04-01", "country_from": "GR", "country_to": "LT", "value": "0", "unit": "kg"}, {"date": "2019-05-01", "country_from": "GR", "country_to": "LT", "value": "0", "unit": "kg"}, {"date": "2019-06-01", "country_from": "GR", "country_to": "LT", "value": "0", "unit": "kg"}, {"date": "2019-07-01", "country_from": "GR", "country_to": "LT", "value": "0", "unit": "kg"}, {"date": "2019-08-01", "country_from": "GR", "country_to": "LT", "value": "0", "unit": "kg"}, {"date": "2019-09-01", "country_from": "GR", "country_to": "LT", "value": "0", "unit": "kg"}, {"date": "2019-10-01", "country_from": "GR", "country_to": "LT", "value": "0", "unit": "kg"}, {"date": "2019-11-01", "country_from": "GR", "country_to": "LT", "value": "0", "unit": "kg"}, {"date": "2019-12-01", "country_from": "GR", "country_to": "LT", "value": "0", "unit": "kg"}, {"date": "2020-01-01", "country_from": "GR", "country_to": "LT", "value": "0", "unit": "kg"}, {"date": "2020-02-01", "country_from": "GR", "country_to": "LT", "value": "0", "unit": "kg"}, {"date": "2020-03-01", "country_from": "GR", "country_to": "LT", "value": "0", "unit": "kg"}, {"date": "2020-04-01", "country_from": "GR", "country_to": "LT", "value": "0", "unit": "kg"}, {"date": "2018-11-01", "country_from": "GR", "country_to": "MT", "value": "0", "unit": "kg"}, {"date": "2018-12-01", "country_from": "GR", "country_to": "MT", "value": "0", "unit": "kg"}, {"date": "2019-01-01", "country_from": "GR", "country_to": "MT", "value": "0", "unit": "kg"}, {"date": "2019-02-01", "country_from": "GR", "country_to": "MT", "value": "0", "unit": "kg"}, {"date": "2019-03-01", "country_from": "GR", "country_to": "MT", "value": "0", "unit": "kg"}, {"date": "2019-04-01", "country_from": "GR", "country_to": "MT", "value": "0", "unit": "kg"}, {"date": "2019-05-01", "country_from": "GR", "country_to": "MT", "value": "0", "unit": "kg"}, {"date": "2019-06-01", "country_from": "GR", "country_to": "MT", "value": "0", "unit": "kg"}, {"date": "2019-07-01", "country_from": "GR", "country_to": "MT", "value": "0", "unit": "kg"}, {"date": "2019-08-01", "country_from": "GR", "country_to": "MT", "value": "0", "unit": "kg"}, {"date": "2019-09-01", "country_from": "GR", "country_to": "MT", "value": "0", "unit": "kg"}, {"date": "2019-10-01", "country_from": "GR", "country_to": "MT", "value": "0", "unit": "kg"}, {"date": "2019-11-01", "country_from": "GR", "country_to": "MT", "value": "0", "unit": "kg"}, {"date": "2019-12-01", "country_from": "GR", "country_to": "MT", "value": "0", "unit": "kg"}, {"date": "2020-01-01", "country_from": "GR", "country_to": "MT", "value": "0", "unit": "kg"}, {"date": "2020-02-01", "country_from": "GR", "country_to": "MT", "value": "0", "unit": "kg"}, {"date": "2020-03-01", "country_from": "GR", "country_to": "MT", "value": "750", "unit": "kg"}, {"date": "2020-04-01", "country_from": "GR", "country_to": "MT", "value": "0", "unit": "kg"}, {"date": "2018-11-01", "country_from": "GR", "country_to": "NL", "value": "48", "unit": "kg"}, {"date": "2018-12-01", "country_from": "GR", "country_to": "NL", "value": "120", "unit": "kg"}, {"date": "2019-01-01", "country_from": "GR", "country_to": "NL", "value": "0", "unit": "kg"}, {"date": "2019-02-01", "country_from": "GR", "country_to": "NL", "value": "1000", "unit": "kg"}, {"date": "2019-03-01", "country_from": "GR", "country_to": "NL", "value": "363", "unit": "kg"}, {"date": "2019-04-01", "country_from": "GR", "country_to": "NL", "value": "0", "unit": "kg"}, {"date": "2019-05-01", "country_from": "GR", "country_to": "NL", "value": "0", "unit": "kg"}, {"date": "2019-06-01", "country_from": "GR", "country_to": "NL", "value": "1140", "unit": "kg"}, {"date": "2019-07-01", "country_from": "GR", "country_to": "NL", "value": "0", "unit": "kg"}, {"date": "2019-08-01", "country_from": "GR", "country_to": "NL", "value": "0", "unit": "kg"}, {"date": "2019-09-01", "country_from": "GR", "country_to": "NL", "value": "150", "unit": "kg"}, {"date": "2019-10-01", "country_from": "GR", "country_to": "NL", "value": "1000", "unit": "kg"}, {"date": "2019-11-01", "country_from": "GR", "country_to": "NL", "value": "0", "unit": "kg"}, {"date": "2019-12-01", "country_from": "GR", "country_to": "NL", "value": "0", "unit": "kg"}, {"date": "2020-01-01", "country_from": "GR", "country_to": "NL", "value": "0", "unit": "kg"}, {"date": "2020-02-01", "country_from": "GR", "country_to": "NL", "value": "180", "unit": "kg"}, {"date": "2020-03-01", "country_from": "GR", "country_to": "NL", "value": "960", "unit": "kg"}, {"date": "2020-04-01", "country_from": "GR", "country_to": "NL", "value": "0", "unit": "kg"}, {"date": "2018-11-01", "country_from": "GR", "country_to": "-", "value": "0", "unit": "kg"}, {"date": "2018-12-01", "country_from": "GR", "country_to": "-", "value": "0", "unit": "kg"}, {"date": "2019-01-01", "country_from": "GR", "country_to": "-", "value": "0", "unit": "kg"}, {"date": "2019-02-01", "country_from": "GR", "country_to": "-", "value": "0", "unit": "kg"}, {"date": "2019-03-01", "country_from": "GR", "country_to": "-", "value": "0", "unit": "kg"}, {"date": "2019-04-01", "country_from": "GR", "country_to": "-", "value": "37083", "unit": "kg"}, {"date": "2019-05-01", "country_from": "GR", "country_to": "-", "value": "0", "unit": "kg"}, {"date": "2019-06-01", "country_from": "GR", "country_to": "-", "value": "0", "unit": "kg"}, {"date": "2019-07-01", "country_from": "GR", "country_to": "-", "value": "0", "unit": "kg"}, {"date": "2019-08-01", "country_from": "GR", "country_to": "-", "value": "0", "unit": "kg"}, {"date": "2019-09-01", "country_from": "GR", "country_to": "-", "value": "0", "unit": "kg"}, {"date": "2019-10-01", "country_from": "GR", "country_to": "-", "value": "0", "unit": "kg"}, {"date": "2019-11-01", "country_from": "GR", "country_to": "-", "value": "0", "unit": "kg"}, {"date": "2019-12-01", "country_from": "GR", "country_to": "-", "value": "0", "unit": "kg"}, {"date": "2020-01-01", "country_from": "GR", "country_to": "-", "value": "0", "unit": "kg"}, {"date": "2020-02-01", "country_from": "GR", "country_to": "-", "value": "0", "unit": "kg"}, {"date": "2020-03-01", "country_from": "GR", "country_to": "-", "value": "0", "unit": "kg"}, {"date": "2020-04-01", "country_from": "GR", "country_to": "-", "value": "92160", "unit": "kg"}, {"date": "2018-11-01", "country_from": "GR", "country_to": "FR", "value": "0", "unit": "kg"}, {"date": "2018-12-01", "country_from": "GR", "country_to": "FR", "value": "0", "unit": "kg"}, {"date": "2019-01-01", "country_from": "GR", "country_to": "FR", "value": "0", "unit": "kg"}, {"date": "2019-02-01", "country_from": "GR", "country_to": "FR", "value": "0", "unit": "kg"}, {"date": "2019-03-01", "country_from": "GR", "country_to": "FR", "value": "0", "unit": "kg"}, {"date": "2019-04-01", "country_from": "GR", "country_to": "FR", "value": "0", "unit": "kg"}, {"date": "2019-05-01", "country_from": "GR", "country_to": "FR", "value": "0", "unit": "kg"}, {"date": "2019-06-01", "country_from": "GR", "country_to": "FR", "value": "13200", "unit": "kg"}, {"date": "2019-07-01", "country_from": "GR", "country_to": "FR", "value": "0", "unit": "kg"}, {"date": "2019-08-01", "country_from": "GR", "country_to": "FR", "value": "0", "unit": "kg"}, {"date": "2019-09-01", "country_from": "GR", "country_to": "FR", "value": "0", "unit": "kg"}, {"date": "2019-10-01", "country_from": "GR", "country_to": "FR", "value": "0", "unit": "kg"}, {"date": "2019-11-01", "country_from": "GR", "country_to": "FR", "value": "0", "unit": "kg"}, {"date": "2019-12-01", "country_from": "GR", "country_to": "FR", "value": "0", "unit": "kg"}, {"date": "2020-01-01", "country_from": "GR", "country_to": "FR", "value": "0", "unit": "kg"}, {"date": "2020-02-01", "country_from": "GR", "country_to": "FR", "value": "0", "unit": "kg"}, {"date": "2020-03-01", "country_from": "GR", "country_to": "FR", "value": "0", "unit": "kg"}, {"date": "2020-04-01", "country_from": "GR", "country_to": "FR", "value": "23830", "unit": "kg"}, {"date": "2018-11-01", "country_from": "GR", "country_to": "AL", "value": "0", "unit": "kg"}, {"date": "2018-12-01", "country_from": "GR", "country_to": "AL", "value": "423", "unit": "kg"}, {"date": "2019-01-01", "country_from": "GR", "country_to": "AL", "value": "0", "unit": "kg"}, {"date": "2019-02-01", "country_from": "GR", "country_to": "AL", "value": "0", "unit": "kg"}, {"date": "2019-03-01", "country_from": "GR", "country_to": "AL", "value": "0", "unit": "kg"}, {"date": "2019-04-01", "country_from": "GR", "country_to": "AL", "value": "0", "unit": "kg"}, {"date": "2019-05-01", "country_from": "GR", "country_to": "AL", "value": "0", "unit": "kg"}, {"date": "2019-06-01", "country_from": "GR", "country_to": "AL", "value": "10000", "unit": "kg"}, {"date": "2019-07-01", "country_from": "GR", "country_to": "AL", "value": "435", "unit": "kg"}, {"date": "2019-08-01", "country_from": "GR", "country_to": "AL", "value": "0", "unit": "kg"}, {"date": "2019-09-01", "country_from": "GR", "country_to": "AL", "value": "0", "unit": "kg"}, {"date": "2019-10-01", "country_from": "GR", "country_to": "AL", "value": "0", "unit": "kg"}, {"date": "2019-11-01", "country_from": "GR", "country_to": "AL", "value": "0", "unit": "kg"}, {"date": "2019-12-01", "country_from": "GR", "country_to": "AL", "value": "0", "unit": "kg"}, {"date": "2020-01-01", "country_from": "GR", "country_to": "AL", "value": "0", "unit": "kg"}, {"date": "2020-02-01", "country_from": "GR", "country_to": "AL", "value": "0", "unit": "kg"}, {"date": "2020-03-01", "country_from": "GR", "country_to": "AL", "value": "0", "unit": "kg"}, {"date": "2020-04-01", "country_from": "GR", "country_to": "AL", "value": "0", "unit": "kg"}, {"date": "2018-11-01", "country_from": "GR", "country_to": "AU", "value": "1440", "unit": "kg"}, {"date": "2018-12-01", "country_from": "GR", "country_to": "AU", "value": "0", "unit": "kg"}, {"date": "2019-01-01", "country_from": "GR", "country_to": "AU", "value": "0", "unit": "kg"}, {"date": "2019-02-01", "country_from": "GR", "country_to": "AU", "value": "0", "unit": "kg"}, {"date": "2019-03-01", "country_from": "GR", "country_to": "AU", "value": "0", "unit": "kg"}, {"date": "2019-04-01", "country_from": "GR", "country_to": "AU", "value": "0", "unit": "kg"}, {"date": "2019-05-01", "country_from": "GR", "country_to": "AU", "value": "0", "unit": "kg"}, {"date": "2019-06-01", "country_from": "GR", "country_to": "AU", "value": "0", "unit": "kg"}, {"date": "2019-07-01", "country_from": "GR", "country_to": "AU", "value": "0", "unit": "kg"}, {"date": "2019-08-01", "country_from": "GR", "country_to": "AU", "value": "0", "unit": "kg"}, {"date": "2019-09-01", "country_from": "GR", "country_to": "AU", "value": "0", "unit": "kg"}, {"date": "2019-10-01", "country_from": "GR", "country_to": "AU", "value": "0", "unit": "kg"}, {"date": "2019-11-01", "country_from": "GR", "country_to": "AU", "value": "1440", "unit": "kg"}, {"date": "2019-12-01", "country_from": "GR", "country_to": "AU", "value": "0", "unit": "kg"}, {"date": "2020-01-01", "country_from": "GR", "country_to": "AU", "value": "0", "unit": "kg"}, {"date": "2020-02-01", "country_from": "GR", "country_to": "AU", "value": "0", "unit": "kg"}, {"date": "2020-03-01", "country_from": "GR", "country_to": "AU", "value": "0", "unit": "kg"}, {"date": "2020-04-01", "country_from": "GR", "country_to": "AU", "value": "0", "unit": "kg"}, {"date": "2018-11-01", "country_from": "GR", "country_to": "AT", "value": "0", "unit": "kg"}, {"date": "2018-12-01", "country_from": "GR", "country_to": "AT", "value": "0", "unit": "kg"}, {"date": "2019-01-01", "country_from": "GR", "country_to": "AT", "value": "0", "unit": "kg"}, {"date": "2019-02-01", "country_from": "GR", "country_to": "AT", "value": "0", "unit": "kg"}, {"date": "2019-03-01", "country_from": "GR", "country_to": "AT", "value": "547", "unit": "kg"}, {"date": "2019-04-01", "country_from": "GR", "country_to": "AT", "value": "0", "unit": "kg"}, {"date": "2019-05-01", "country_from": "GR", "country_to": "AT", "value": "0", "unit": "kg"}, {"date": "2019-06-01", "country_from": "GR", "country_to": "AT", "value": "0", "unit": "kg"}, {"date": "2019-07-01", "country_from": "GR", "country_to": "AT", "value": "0", "unit": "kg"}, {"date": "2019-08-01", "country_from": "GR", "country_to": "AT", "value": "0", "unit": "kg"}, {"date": "2019-09-01", "country_from": "GR", "country_to": "AT", "value": "0", "unit": "kg"}, {"date": "2019-10-01", "country_from": "GR", "country_to": "AT", "value": "0", "unit": "kg"}, {"date": "2019-11-01", "country_from": "GR", "country_to": "AT", "value": "0", "unit": "kg"}, {"date": "2019-12-01", "country_from": "GR", "country_to": "AT", "value": "0", "unit": "kg"}, {"date": "2020-01-01", "country_from": "GR", "country_to": "AT", "value": "0", "unit": "kg"}, {"date": "2020-02-01", "country_from": "GR", "country_to": "AT", "value": "0", "unit": "kg"}, {"date": "2020-03-01", "country_from": "GR", "country_to": "AT", "value": "0", "unit": "kg"}, {"date": "2020-04-01", "country_from": "GR", "country_to": "AT", "value": "0", "unit": "kg"}]