[{"date": "2015-03-01", "country": "Iran, Islamic Republic of", "value": "0", "unit": "kg"}, {"date": "2015-04-01", "country": "Iran, Islamic Republic of", "value": "0", "unit": "kg"}, {"date": "2015-05-01", "country": "Iran, Islamic Republic of", "value": "0", "unit": "kg"}, {"date": "2015-06-01", "country": "Iran, Islamic Republic of", "value": "0", "unit": "kg"}, {"date": "2015-07-01", "country": "Iran, Islamic Republic of", "value": "0", "unit": "kg"}, {"date": "2015-08-01", "country": "Iran, Islamic Republic of", "value": "0", "unit": "kg"}, {"date": "2015-09-01", "country": "Iran, Islamic Republic of", "value": "0", "unit": "kg"}, {"date": "2015-10-01", "country": "Iran, Islamic Republic of", "value": "0", "unit": "kg"}, {"date": "2015-11-01", "country": "Iran, Islamic Republic of", "value": "0", "unit": "kg"}, {"date": "2015-12-01", "country": "Iran, Islamic Republic of", "value": "120", "unit": "kg"}, {"date": "2016-01-01", "country": "Iran, Islamic Republic of", "value": "0", "unit": "kg"}, {"date": "2016-02-01", "country": "Iran, Islamic Republic of", "value": "0", "unit": "kg"}, {"date": "2016-03-01", "country": "Iran, Islamic Republic of", "value": "0", "unit": "kg"}, {"date": "2016-04-01", "country": "Iran, Islamic Republic of", "value": "0", "unit": "kg"}, {"date": "2016-05-01", "country": "Iran, Islamic Republic of", "value": "0", "unit": "kg"}, {"date": "2016-06-01", "country": "Iran, Islamic Republic of", "value": "0", "unit": "kg"}, {"date": "2016-07-01", "country": "Iran, Islamic Republic of", "value": "0", "unit": "kg"}, {"date": "2016-08-01", "country": "Iran, Islamic Republic of", "value": "0", "unit": "kg"}]