[{"date": "2018-11-01", "country": "United Kingdom", "value": "0", "unit": "kg"}, {"date": "2018-12-01", "country": "United Kingdom", "value": "0", "unit": "kg"}, {"date": "2019-01-01", "country": "United Kingdom", "value": "4557", "unit": "kg"}, {"date": "2019-02-01", "country": "United Kingdom", "value": "4227", "unit": "kg"}, {"date": "2019-03-01", "country": "United Kingdom", "value": "441", "unit": "kg"}, {"date": "2019-04-01", "country": "United Kingdom", "value": "4207", "unit": "kg"}, {"date": "2019-05-01", "country": "United Kingdom", "value": "4170", "unit": "kg"}, {"date": "2019-06-01", "country": "United Kingdom", "value": "4224", "unit": "kg"}, {"date": "2019-07-01", "country": "United Kingdom", "value": "4634", "unit": "kg"}, {"date": "2019-08-01", "country": "United Kingdom", "value": "4168", "unit": "kg"}, {"date": "2019-09-01", "country": "United Kingdom", "value": "4450", "unit": "kg"}, {"date": "2019-10-01", "country": "United Kingdom", "value": "5298", "unit": "kg"}, {"date": "2019-11-01", "country": "United Kingdom", "value": "3362", "unit": "kg"}, {"date": "2019-12-01", "country": "United Kingdom", "value": "5717", "unit": "kg"}, {"date": "2020-03-01", "country": "United Kingdom", "value": "185", "unit": "kg"}]