[{"date": "2017-05-01", "country_from": "CI", "country_to": "TG", "value": "0", "unit": "kg"}, {"date": "2017-06-01", "country_from": "CI", "country_to": "TG", "value": "0", "unit": "kg"}, {"date": "2017-07-01", "country_from": "CI", "country_to": "TG", "value": "0", "unit": "kg"}, {"date": "2017-08-01", "country_from": "CI", "country_to": "TG", "value": "0", "unit": "kg"}, {"date": "2017-09-01", "country_from": "CI", "country_to": "TG", "value": "0", "unit": "kg"}, {"date": "2017-10-01", "country_from": "CI", "country_to": "TG", "value": "0", "unit": "kg"}, {"date": "2017-11-01", "country_from": "CI", "country_to": "TG", "value": "0", "unit": "kg"}, {"date": "2017-12-01", "country_from": "CI", "country_to": "TG", "value": "0", "unit": "kg"}, {"date": "2018-01-01", "country_from": "CI", "country_to": "TG", "value": "0", "unit": "kg"}, {"date": "2018-02-01", "country_from": "CI", "country_to": "TG", "value": "0", "unit": "kg"}, {"date": "2018-03-01", "country_from": "CI", "country_to": "TG", "value": "0", "unit": "kg"}, {"date": "2018-04-01", "country_from": "CI", "country_to": "TG", "value": "0", "unit": "kg"}, {"date": "2018-05-01", "country_from": "CI", "country_to": "TG", "value": "0", "unit": "kg"}, {"date": "2018-06-01", "country_from": "CI", "country_to": "TG", "value": "135008", "unit": "kg"}, {"date": "2018-07-01", "country_from": "CI", "country_to": "TG", "value": "179625", "unit": "kg"}, {"date": "2018-08-01", "country_from": "CI", "country_to": "TG", "value": "0", "unit": "kg"}, {"date": "2018-09-01", "country_from": "CI", "country_to": "TG", "value": "15775", "unit": "kg"}, {"date": "2018-10-01", "country_from": "CI", "country_to": "TG", "value": "0", "unit": "kg"}, {"date": "2017-05-01", "country_from": "CI", "country_to": "LR", "value": "217761", "unit": "kg"}, {"date": "2017-06-01", "country_from": "CI", "country_to": "LR", "value": "100000", "unit": "kg"}, {"date": "2017-07-01", "country_from": "CI", "country_to": "LR", "value": "110250", "unit": "kg"}, {"date": "2017-08-01", "country_from": "CI", "country_to": "LR", "value": "151875", "unit": "kg"}, {"date": "2017-09-01", "country_from": "CI", "country_to": "LR", "value": "10250", "unit": "kg"}, {"date": "2017-10-01", "country_from": "CI", "country_to": "LR", "value": "0", "unit": "kg"}, {"date": "2017-11-01", "country_from": "CI", "country_to": "LR", "value": "192250", "unit": "kg"}, {"date": "2017-12-01", "country_from": "CI", "country_to": "LR", "value": "68801", "unit": "kg"}, {"date": "2018-01-01", "country_from": "CI", "country_to": "LR", "value": "131750", "unit": "kg"}, {"date": "2018-02-01", "country_from": "CI", "country_to": "LR", "value": "0", "unit": "kg"}, {"date": "2018-03-01", "country_from": "CI", "country_to": "LR", "value": "0", "unit": "kg"}, {"date": "2018-04-01", "country_from": "CI", "country_to": "LR", "value": "0", "unit": "kg"}, {"date": "2018-05-01", "country_from": "CI", "country_to": "LR", "value": "0", "unit": "kg"}, {"date": "2018-06-01", "country_from": "CI", "country_to": "LR", "value": "0", "unit": "kg"}, {"date": "2018-07-01", "country_from": "CI", "country_to": "LR", "value": "0", "unit": "kg"}, {"date": "2018-08-01", "country_from": "CI", "country_to": "LR", "value": "0", "unit": "kg"}, {"date": "2018-09-01", "country_from": "CI", "country_to": "LR", "value": "0", "unit": "kg"}, {"date": "2018-10-01", "country_from": "CI", "country_to": "LR", "value": "29400", "unit": "kg"}, {"date": "2017-05-01", "country_from": "CI", "country_to": "BF", "value": "1401520", "unit": "kg"}, {"date": "2017-06-01", "country_from": "CI", "country_to": "BF", "value": "1209760", "unit": "kg"}, {"date": "2017-07-01", "country_from": "CI", "country_to": "BF", "value": "2351173", "unit": "kg"}, {"date": "2017-08-01", "country_from": "CI", "country_to": "BF", "value": "443600", "unit": "kg"}, {"date": "2017-09-01", "country_from": "CI", "country_to": "BF", "value": "117500", "unit": "kg"}, {"date": "2017-10-01", "country_from": "CI", "country_to": "BF", "value": "183075", "unit": "kg"}, {"date": "2017-11-01", "country_from": "CI", "country_to": "BF", "value": "854570", "unit": "kg"}, {"date": "2017-12-01", "country_from": "CI", "country_to": "BF", "value": "1122500", "unit": "kg"}, {"date": "2018-01-01", "country_from": "CI", "country_to": "BF", "value": "560700", "unit": "kg"}, {"date": "2018-02-01", "country_from": "CI", "country_to": "BF", "value": "447383", "unit": "kg"}, {"date": "2018-03-01", "country_from": "CI", "country_to": "BF", "value": "182149", "unit": "kg"}, {"date": "2018-04-01", "country_from": "CI", "country_to": "BF", "value": "962000", "unit": "kg"}, {"date": "2018-05-01", "country_from": "CI", "country_to": "BF", "value": "464700", "unit": "kg"}, {"date": "2018-06-01", "country_from": "CI", "country_to": "BF", "value": "0", "unit": "kg"}, {"date": "2018-07-01", "country_from": "CI", "country_to": "BF", "value": "348950", "unit": "kg"}, {"date": "2018-08-01", "country_from": "CI", "country_to": "BF", "value": "160710", "unit": "kg"}, {"date": "2018-09-01", "country_from": "CI", "country_to": "BF", "value": "4400", "unit": "kg"}, {"date": "2018-10-01", "country_from": "CI", "country_to": "BF", "value": "0", "unit": "kg"}, {"date": "2017-05-01", "country_from": "CI", "country_to": "-", "value": "1782", "unit": "kg"}, {"date": "2017-06-01", "country_from": "CI", "country_to": "-", "value": "2149", "unit": "kg"}, {"date": "2017-07-01", "country_from": "CI", "country_to": "-", "value": "0", "unit": "kg"}, {"date": "2017-08-01", "country_from": "CI", "country_to": "-", "value": "2726", "unit": "kg"}, {"date": "2017-09-01", "country_from": "CI", "country_to": "-", "value": "1268", "unit": "kg"}, {"date": "2017-10-01", "country_from": "CI", "country_to": "-", "value": "528", "unit": "kg"}, {"date": "2017-11-01", "country_from": "CI", "country_to": "-", "value": "994", "unit": "kg"}, {"date": "2017-12-01", "country_from": "CI", "country_to": "-", "value": "1210", "unit": "kg"}, {"date": "2018-01-01", "country_from": "CI", "country_to": "-", "value": "447", "unit": "kg"}, {"date": "2018-02-01", "country_from": "CI", "country_to": "-", "value": "1195", "unit": "kg"}, {"date": "2018-03-01", "country_from": "CI", "country_to": "-", "value": "3652", "unit": "kg"}, {"date": "2018-04-01", "country_from": "CI", "country_to": "-", "value": "3040", "unit": "kg"}, {"date": "2018-05-01", "country_from": "CI", "country_to": "-", "value": "3029", "unit": "kg"}, {"date": "2018-06-01", "country_from": "CI", "country_to": "-", "value": "2972", "unit": "kg"}, {"date": "2018-07-01", "country_from": "CI", "country_to": "-", "value": "3192", "unit": "kg"}, {"date": "2018-08-01", "country_from": "CI", "country_to": "-", "value": "1462", "unit": "kg"}, {"date": "2018-09-01", "country_from": "CI", "country_to": "-", "value": "5569", "unit": "kg"}, {"date": "2018-10-01", "country_from": "CI", "country_to": "-", "value": "5058", "unit": "kg"}, {"date": "2017-05-01", "country_from": "CI", "country_to": "NE", "value": "4850", "unit": "kg"}, {"date": "2017-06-01", "country_from": "CI", "country_to": "NE", "value": "3430", "unit": "kg"}, {"date": "2017-07-01", "country_from": "CI", "country_to": "NE", "value": "0", "unit": "kg"}, {"date": "2017-08-01", "country_from": "CI", "country_to": "NE", "value": "0", "unit": "kg"}, {"date": "2017-09-01", "country_from": "CI", "country_to": "NE", "value": "0", "unit": "kg"}, {"date": "2017-10-01", "country_from": "CI", "country_to": "NE", "value": "0", "unit": "kg"}, {"date": "2017-11-01", "country_from": "CI", "country_to": "NE", "value": "1225", "unit": "kg"}, {"date": "2017-12-01", "country_from": "CI", "country_to": "NE", "value": "0", "unit": "kg"}, {"date": "2018-01-01", "country_from": "CI", "country_to": "NE", "value": "0", "unit": "kg"}, {"date": "2018-02-01", "country_from": "CI", "country_to": "NE", "value": "4900", "unit": "kg"}, {"date": "2018-03-01", "country_from": "CI", "country_to": "NE", "value": "5880", "unit": "kg"}, {"date": "2018-04-01", "country_from": "CI", "country_to": "NE", "value": "4900", "unit": "kg"}, {"date": "2018-05-01", "country_from": "CI", "country_to": "NE", "value": "2940", "unit": "kg"}, {"date": "2018-06-01", "country_from": "CI", "country_to": "NE", "value": "0", "unit": "kg"}, {"date": "2018-07-01", "country_from": "CI", "country_to": "NE", "value": "0", "unit": "kg"}, {"date": "2018-08-01", "country_from": "CI", "country_to": "NE", "value": "0", "unit": "kg"}, {"date": "2018-09-01", "country_from": "CI", "country_to": "NE", "value": "0", "unit": "kg"}, {"date": "2018-10-01", "country_from": "CI", "country_to": "NE", "value": "1950", "unit": "kg"}, {"date": "2017-05-01", "country_from": "CI", "country_to": "ML", "value": "100000", "unit": "kg"}, {"date": "2017-06-01", "country_from": "CI", "country_to": "ML", "value": "0", "unit": "kg"}, {"date": "2017-07-01", "country_from": "CI", "country_to": "ML", "value": "0", "unit": "kg"}, {"date": "2017-08-01", "country_from": "CI", "country_to": "ML", "value": "0", "unit": "kg"}, {"date": "2017-09-01", "country_from": "CI", "country_to": "ML", "value": "0", "unit": "kg"}, {"date": "2017-10-01", "country_from": "CI", "country_to": "ML", "value": "0", "unit": "kg"}, {"date": "2017-11-01", "country_from": "CI", "country_to": "ML", "value": "350000", "unit": "kg"}, {"date": "2017-12-01", "country_from": "CI", "country_to": "ML", "value": "0", "unit": "kg"}, {"date": "2018-01-01", "country_from": "CI", "country_to": "ML", "value": "0", "unit": "kg"}, {"date": "2018-02-01", "country_from": "CI", "country_to": "ML", "value": "0", "unit": "kg"}, {"date": "2018-03-01", "country_from": "CI", "country_to": "ML", "value": "0", "unit": "kg"}, {"date": "2018-04-01", "country_from": "CI", "country_to": "ML", "value": "0", "unit": "kg"}, {"date": "2018-05-01", "country_from": "CI", "country_to": "ML", "value": "2000", "unit": "kg"}, {"date": "2018-06-01", "country_from": "CI", "country_to": "ML", "value": "0", "unit": "kg"}, {"date": "2018-07-01", "country_from": "CI", "country_to": "ML", "value": "59800", "unit": "kg"}, {"date": "2018-08-01", "country_from": "CI", "country_to": "ML", "value": "180600", "unit": "kg"}, {"date": "2018-09-01", "country_from": "CI", "country_to": "ML", "value": "0", "unit": "kg"}, {"date": "2018-10-01", "country_from": "CI", "country_to": "ML", "value": "0", "unit": "kg"}, {"date": "2017-05-01", "country_from": "CI", "country_to": "GQ", "value": "0", "unit": "kg"}, {"date": "2017-06-01", "country_from": "CI", "country_to": "GQ", "value": "0", "unit": "kg"}, {"date": "2017-07-01", "country_from": "CI", "country_to": "GQ", "value": "66200", "unit": "kg"}, {"date": "2017-08-01", "country_from": "CI", "country_to": "GQ", "value": "0", "unit": "kg"}, {"date": "2017-09-01", "country_from": "CI", "country_to": "GQ", "value": "0", "unit": "kg"}, {"date": "2017-10-01", "country_from": "CI", "country_to": "GQ", "value": "0", "unit": "kg"}, {"date": "2017-11-01", "country_from": "CI", "country_to": "GQ", "value": "0", "unit": "kg"}, {"date": "2017-12-01", "country_from": "CI", "country_to": "GQ", "value": "0", "unit": "kg"}, {"date": "2018-01-01", "country_from": "CI", "country_to": "GQ", "value": "0", "unit": "kg"}, {"date": "2018-02-01", "country_from": "CI", "country_to": "GQ", "value": "0", "unit": "kg"}, {"date": "2018-03-01", "country_from": "CI", "country_to": "GQ", "value": "0", "unit": "kg"}, {"date": "2018-04-01", "country_from": "CI", "country_to": "GQ", "value": "0", "unit": "kg"}, {"date": "2018-05-01", "country_from": "CI", "country_to": "GQ", "value": "0", "unit": "kg"}, {"date": "2018-06-01", "country_from": "CI", "country_to": "GQ", "value": "0", "unit": "kg"}, {"date": "2018-07-01", "country_from": "CI", "country_to": "GQ", "value": "0", "unit": "kg"}, {"date": "2018-08-01", "country_from": "CI", "country_to": "GQ", "value": "0", "unit": "kg"}, {"date": "2018-09-01", "country_from": "CI", "country_to": "GQ", "value": "0", "unit": "kg"}, {"date": "2018-10-01", "country_from": "CI", "country_to": "GQ", "value": "0", "unit": "kg"}, {"date": "2017-05-01", "country_from": "CI", "country_to": "FR", "value": "0", "unit": "kg"}, {"date": "2017-06-01", "country_from": "CI", "country_to": "FR", "value": "21", "unit": "kg"}, {"date": "2017-07-01", "country_from": "CI", "country_to": "FR", "value": "0", "unit": "kg"}, {"date": "2017-08-01", "country_from": "CI", "country_to": "FR", "value": "0", "unit": "kg"}, {"date": "2017-09-01", "country_from": "CI", "country_to": "FR", "value": "0", "unit": "kg"}, {"date": "2017-10-01", "country_from": "CI", "country_to": "FR", "value": "0", "unit": "kg"}, {"date": "2017-11-01", "country_from": "CI", "country_to": "FR", "value": "0", "unit": "kg"}, {"date": "2017-12-01", "country_from": "CI", "country_to": "FR", "value": "0", "unit": "kg"}, {"date": "2018-01-01", "country_from": "CI", "country_to": "FR", "value": "0", "unit": "kg"}, {"date": "2018-02-01", "country_from": "CI", "country_to": "FR", "value": "0", "unit": "kg"}, {"date": "2018-03-01", "country_from": "CI", "country_to": "FR", "value": "0", "unit": "kg"}, {"date": "2018-04-01", "country_from": "CI", "country_to": "FR", "value": "0", "unit": "kg"}, {"date": "2018-05-01", "country_from": "CI", "country_to": "FR", "value": "0", "unit": "kg"}, {"date": "2018-06-01", "country_from": "CI", "country_to": "FR", "value": "0", "unit": "kg"}, {"date": "2018-07-01", "country_from": "CI", "country_to": "FR", "value": "0", "unit": "kg"}, {"date": "2018-08-01", "country_from": "CI", "country_to": "FR", "value": "0", "unit": "kg"}, {"date": "2018-09-01", "country_from": "CI", "country_to": "FR", "value": "0", "unit": "kg"}, {"date": "2018-10-01", "country_from": "CI", "country_to": "FR", "value": "0", "unit": "kg"}, {"date": "2017-05-01", "country_from": "CI", "country_to": "GH", "value": "649685", "unit": "kg"}, {"date": "2017-06-01", "country_from": "CI", "country_to": "GH", "value": "389937", "unit": "kg"}, {"date": "2017-07-01", "country_from": "CI", "country_to": "GH", "value": "0", "unit": "kg"}, {"date": "2017-08-01", "country_from": "CI", "country_to": "GH", "value": "431977", "unit": "kg"}, {"date": "2017-09-01", "country_from": "CI", "country_to": "GH", "value": "1710", "unit": "kg"}, {"date": "2017-10-01", "country_from": "CI", "country_to": "GH", "value": "3330", "unit": "kg"}, {"date": "2017-11-01", "country_from": "CI", "country_to": "GH", "value": "21240", "unit": "kg"}, {"date": "2017-12-01", "country_from": "CI", "country_to": "GH", "value": "3870", "unit": "kg"}, {"date": "2018-01-01", "country_from": "CI", "country_to": "GH", "value": "0", "unit": "kg"}, {"date": "2018-02-01", "country_from": "CI", "country_to": "GH", "value": "100000", "unit": "kg"}, {"date": "2018-03-01", "country_from": "CI", "country_to": "GH", "value": "0", "unit": "kg"}, {"date": "2018-04-01", "country_from": "CI", "country_to": "GH", "value": "58500", "unit": "kg"}, {"date": "2018-05-01", "country_from": "CI", "country_to": "GH", "value": "0", "unit": "kg"}, {"date": "2018-06-01", "country_from": "CI", "country_to": "GH", "value": "100000", "unit": "kg"}, {"date": "2018-07-01", "country_from": "CI", "country_to": "GH", "value": "120000", "unit": "kg"}, {"date": "2018-08-01", "country_from": "CI", "country_to": "GH", "value": "0", "unit": "kg"}, {"date": "2018-09-01", "country_from": "CI", "country_to": "GH", "value": "0", "unit": "kg"}, {"date": "2018-10-01", "country_from": "CI", "country_to": "GH", "value": "0", "unit": "kg"}]