[{"date": "2019-02-01", "country": "Bosnia and Herzegovina", "value": "2025", "unit": "kg"}, {"date": "2020-01-01", "country": "Germany", "value": "1", "unit": "kg"}, {"date": "2019-01-01", "country": "Serbia", "value": "10000", "unit": "kg"}, {"date": "2019-02-01", "country": "Serbia", "value": "5000", "unit": "kg"}, {"date": "2019-03-01", "country": "Serbia", "value": "30000", "unit": "kg"}, {"date": "2019-04-01", "country": "Serbia", "value": "43000", "unit": "kg"}, {"date": "2019-07-01", "country": "Serbia", "value": "10000", "unit": "kg"}, {"date": "2019-09-01", "country": "Serbia", "value": "10000", "unit": "kg"}, {"date": "2019-10-01", "country": "Serbia", "value": "46000", "unit": "kg"}, {"date": "2019-11-01", "country": "Serbia", "value": "32000", "unit": "kg"}, {"date": "2019-12-01", "country": "Serbia", "value": "37000", "unit": "kg"}, {"date": "2020-02-01", "country": "Serbia", "value": "25000", "unit": "kg"}, {"date": "2020-03-01", "country": "Serbia", "value": "55000", "unit": "kg"}, {"date": "2020-04-01", "country": "Serbia", "value": "5000", "unit": "kg"}, {"date": "2020-05-01", "country": "Serbia", "value": "4000", "unit": "kg"}, {"date": "2019-01-01", "country": "United States of America", "value": "4320", "unit": "kg"}, {"date": "2019-03-01", "country": "United States of America", "value": "2880", "unit": "kg"}, {"date": "2019-05-01", "country": "United States of America", "value": "3600", "unit": "kg"}, {"date": "2020-02-01", "country": "United States of America", "value": "2880", "unit": "kg"}, {"date": "2020-03-01", "country": "United States of America", "value": "4320", "unit": "kg"}, {"date": "2020-05-01", "country": "United States of America", "value": "17280", "unit": "kg"}]