[{"date": "2018-12-01", "country": "Poland", "value": "4707", "unit": "kg"}, {"date": "2019-01-01", "country": "Poland", "value": "8751", "unit": "kg"}, {"date": "2019-02-01", "country": "Poland", "value": "2599", "unit": "kg"}, {"date": "2019-03-01", "country": "Poland", "value": "1599", "unit": "kg"}, {"date": "2019-04-01", "country": "Poland", "value": "1520", "unit": "kg"}, {"date": "2019-05-01", "country": "Poland", "value": "3418", "unit": "kg"}, {"date": "2019-06-01", "country": "Poland", "value": "1344", "unit": "kg"}, {"date": "2019-07-01", "country": "Poland", "value": "4043", "unit": "kg"}, {"date": "2019-08-01", "country": "Poland", "value": "2508", "unit": "kg"}, {"date": "2019-09-01", "country": "Poland", "value": "2604", "unit": "kg"}, {"date": "2019-10-01", "country": "Poland", "value": "3450", "unit": "kg"}, {"date": "2019-11-01", "country": "Poland", "value": "2702", "unit": "kg"}, {"date": "2019-12-01", "country": "Poland", "value": "2995", "unit": "kg"}, {"date": "2020-01-01", "country": "Poland", "value": "3240", "unit": "kg"}, {"date": "2020-02-01", "country": "Poland", "value": "3105", "unit": "kg"}, {"date": "2020-03-01", "country": "Poland", "value": "5190", "unit": "kg"}, {"date": "2020-04-01", "country": "Poland", "value": "5972", "unit": "kg"}, {"date": "2020-05-01", "country": "Poland", "value": "3192", "unit": "kg"}, {"date": "2018-12-01", "country": "Austria", "value": "590", "unit": "kg"}, {"date": "2019-01-01", "country": "Austria", "value": "579", "unit": "kg"}, {"date": "2019-02-01", "country": "Austria", "value": "434", "unit": "kg"}, {"date": "2019-03-01", "country": "Austria", "value": "407", "unit": "kg"}, {"date": "2019-04-01", "country": "Austria", "value": "549", "unit": "kg"}, {"date": "2019-05-01", "country": "Austria", "value": "576", "unit": "kg"}, {"date": "2019-06-01", "country": "Austria", "value": "512", "unit": "kg"}, {"date": "2019-07-01", "country": "Austria", "value": "479", "unit": "kg"}, {"date": "2019-08-01", "country": "Austria", "value": "373", "unit": "kg"}, {"date": "2019-09-01", "country": "Austria", "value": "418", "unit": "kg"}, {"date": "2019-10-01", "country": "Austria", "value": "819", "unit": "kg"}, {"date": "2019-11-01", "country": "Austria", "value": "447", "unit": "kg"}, {"date": "2019-12-01", "country": "Austria", "value": "477", "unit": "kg"}, {"date": "2020-01-01", "country": "Austria", "value": "587", "unit": "kg"}, {"date": "2020-02-01", "country": "Austria", "value": "381", "unit": "kg"}, {"date": "2020-03-01", "country": "Austria", "value": "938", "unit": "kg"}, {"date": "2020-04-01", "country": "Austria", "value": "510", "unit": "kg"}, {"date": "2020-05-01", "country": "Austria", "value": "430", "unit": "kg"}, {"date": "2018-12-01", "country": "France", "value": "196", "unit": "kg"}, {"date": "2019-01-01", "country": "France", "value": "205", "unit": "kg"}, {"date": "2019-02-01", "country": "France", "value": "123", "unit": "kg"}, {"date": "2019-03-01", "country": "France", "value": "243", "unit": "kg"}, {"date": "2019-04-01", "country": "France", "value": "153", "unit": "kg"}, {"date": "2019-05-01", "country": "France", "value": "156", "unit": "kg"}, {"date": "2019-06-01", "country": "France", "value": "163", "unit": "kg"}, {"date": "2019-07-01", "country": "France", "value": "106", "unit": "kg"}, {"date": "2019-08-01", "country": "France", "value": "149", "unit": "kg"}, {"date": "2019-09-01", "country": "France", "value": "74", "unit": "kg"}, {"date": "2019-10-01", "country": "France", "value": "151", "unit": "kg"}, {"date": "2019-11-01", "country": "France", "value": "88", "unit": "kg"}, {"date": "2019-12-01", "country": "France", "value": "177", "unit": "kg"}, {"date": "2020-01-01", "country": "France", "value": "168", "unit": "kg"}, {"date": "2020-02-01", "country": "France", "value": "205", "unit": "kg"}, {"date": "2020-03-01", "country": "France", "value": "158", "unit": "kg"}, {"date": "2020-04-01", "country": "France", "value": "234", "unit": "kg"}, {"date": "2020-05-01", "country": "France", "value": "74", "unit": "kg"}, {"date": "2018-12-01", "country": "Denmark", "value": "308", "unit": "kg"}, {"date": "2019-01-01", "country": "Denmark", "value": "223", "unit": "kg"}, {"date": "2019-02-01", "country": "Denmark", "value": "260", "unit": "kg"}, {"date": "2019-03-01", "country": "Denmark", "value": "198", "unit": "kg"}, {"date": "2019-04-01", "country": "Denmark", "value": "316", "unit": "kg"}, {"date": "2019-05-01", "country": "Denmark", "value": "301", "unit": "kg"}, {"date": "2019-06-01", "country": "Denmark", "value": "200", "unit": "kg"}, {"date": "2019-07-01", "country": "Denmark", "value": "145", "unit": "kg"}, {"date": "2019-08-01", "country": "Denmark", "value": "366", "unit": "kg"}, {"date": "2019-09-01", "country": "Denmark", "value": "350", "unit": "kg"}, {"date": "2019-10-01", "country": "Denmark", "value": "281", "unit": "kg"}, {"date": "2019-11-01", "country": "Denmark", "value": "312", "unit": "kg"}, {"date": "2019-12-01", "country": "Denmark", "value": "110", "unit": "kg"}, {"date": "2020-01-01", "country": "Denmark", "value": "325", "unit": "kg"}, {"date": "2020-02-01", "country": "Denmark", "value": "189", "unit": "kg"}, {"date": "2020-03-01", "country": "Denmark", "value": "541", "unit": "kg"}, {"date": "2020-04-01", "country": "Denmark", "value": "200", "unit": "kg"}, {"date": "2020-05-01", "country": "Denmark", "value": "180", "unit": "kg"}, {"date": "2018-12-01", "country": "Netherlands", "value": "186", "unit": "kg"}, {"date": "2019-01-01", "country": "Netherlands", "value": "209", "unit": "kg"}, {"date": "2019-02-01", "country": "Netherlands", "value": "254", "unit": "kg"}, {"date": "2019-03-01", "country": "Netherlands", "value": "694", "unit": "kg"}, {"date": "2019-04-01", "country": "Netherlands", "value": "1058", "unit": "kg"}, {"date": "2019-05-01", "country": "Netherlands", "value": "193", "unit": "kg"}, {"date": "2019-06-01", "country": "Netherlands", "value": "256", "unit": "kg"}, {"date": "2019-07-01", "country": "Netherlands", "value": "547", "unit": "kg"}, {"date": "2019-08-01", "country": "Netherlands", "value": "168", "unit": "kg"}, {"date": "2019-09-01", "country": "Netherlands", "value": "363", "unit": "kg"}, {"date": "2019-10-01", "country": "Netherlands", "value": "567", "unit": "kg"}, {"date": "2019-11-01", "country": "Netherlands", "value": "160", "unit": "kg"}, {"date": "2019-12-01", "country": "Netherlands", "value": "173", "unit": "kg"}, {"date": "2020-01-01", "country": "Netherlands", "value": "269", "unit": "kg"}, {"date": "2020-02-01", "country": "Netherlands", "value": "190", "unit": "kg"}, {"date": "2020-03-01", "country": "Netherlands", "value": "148", "unit": "kg"}, {"date": "2020-04-01", "country": "Netherlands", "value": "249", "unit": "kg"}, {"date": "2020-05-01", "country": "Netherlands", "value": "91", "unit": "kg"}, {"date": "2018-12-01", "country": "Hungary", "value": "822", "unit": "kg"}, {"date": "2019-01-01", "country": "Hungary", "value": "30", "unit": "kg"}, {"date": "2019-02-01", "country": "Hungary", "value": "31", "unit": "kg"}, {"date": "2019-03-01", "country": "Hungary", "value": "10", "unit": "kg"}, {"date": "2019-04-01", "country": "Hungary", "value": "217", "unit": "kg"}, {"date": "2019-05-01", "country": "Hungary", "value": "33", "unit": "kg"}, {"date": "2019-06-01", "country": "Hungary", "value": "203", "unit": "kg"}, {"date": "2019-07-01", "country": "Hungary", "value": "45", "unit": "kg"}, {"date": "2019-08-01", "country": "Hungary", "value": "7", "unit": "kg"}, {"date": "2019-09-01", "country": "Hungary", "value": "107", "unit": "kg"}, {"date": "2019-10-01", "country": "Hungary", "value": "126", "unit": "kg"}, {"date": "2019-11-01", "country": "Hungary", "value": "358", "unit": "kg"}, {"date": "2019-12-01", "country": "Hungary", "value": "355", "unit": "kg"}, {"date": "2020-01-01", "country": "Hungary", "value": "336", "unit": "kg"}, {"date": "2020-02-01", "country": "Hungary", "value": "266", "unit": "kg"}, {"date": "2020-03-01", "country": "Hungary", "value": "248", "unit": "kg"}, {"date": "2020-04-01", "country": "Hungary", "value": "525", "unit": "kg"}, {"date": "2020-05-01", "country": "Hungary", "value": "26", "unit": "kg"}, {"date": "2018-12-01", "country": "Switzerland", "value": "54", "unit": "kg"}, {"date": "2019-01-01", "country": "Switzerland", "value": "55", "unit": "kg"}, {"date": "2019-02-01", "country": "Switzerland", "value": "44", "unit": "kg"}, {"date": "2019-03-01", "country": "Switzerland", "value": "75", "unit": "kg"}, {"date": "2019-04-01", "country": "Switzerland", "value": "64", "unit": "kg"}, {"date": "2019-05-01", "country": "Switzerland", "value": "64", "unit": "kg"}, {"date": "2019-06-01", "country": "Switzerland", "value": "43", "unit": "kg"}, {"date": "2019-07-01", "country": "Switzerland", "value": "77", "unit": "kg"}, {"date": "2019-08-01", "country": "Switzerland", "value": "26", "unit": "kg"}, {"date": "2019-09-01", "country": "Switzerland", "value": "50", "unit": "kg"}, {"date": "2019-10-01", "country": "Switzerland", "value": "49", "unit": "kg"}, {"date": "2019-11-01", "country": "Switzerland", "value": "92", "unit": "kg"}, {"date": "2019-12-01", "country": "Switzerland", "value": "31", "unit": "kg"}, {"date": "2020-01-01", "country": "Switzerland", "value": "44", "unit": "kg"}, {"date": "2020-02-01", "country": "Switzerland", "value": "51", "unit": "kg"}, {"date": "2020-03-01", "country": "Switzerland", "value": "77", "unit": "kg"}, {"date": "2020-04-01", "country": "Switzerland", "value": "102", "unit": "kg"}, {"date": "2020-05-01", "country": "Switzerland", "value": "108", "unit": "kg"}, {"date": "2018-12-01", "country": "Belgium", "value": "238", "unit": "kg"}, {"date": "2019-01-01", "country": "Belgium", "value": "229", "unit": "kg"}, {"date": "2019-02-01", "country": "Belgium", "value": "101", "unit": "kg"}, {"date": "2019-03-01", "country": "Belgium", "value": "300", "unit": "kg"}, {"date": "2019-04-01", "country": "Belgium", "value": "280", "unit": "kg"}, {"date": "2019-05-01", "country": "Belgium", "value": "116", "unit": "kg"}, {"date": "2019-06-01", "country": "Belgium", "value": "193", "unit": "kg"}, {"date": "2019-07-01", "country": "Belgium", "value": "92", "unit": "kg"}, {"date": "2019-08-01", "country": "Belgium", "value": "156", "unit": "kg"}, {"date": "2019-09-01", "country": "Belgium", "value": "139", "unit": "kg"}, {"date": "2019-10-01", "country": "Belgium", "value": "177", "unit": "kg"}, {"date": "2019-11-01", "country": "Belgium", "value": "124", "unit": "kg"}, {"date": "2019-12-01", "country": "Belgium", "value": "181", "unit": "kg"}, {"date": "2020-01-01", "country": "Belgium", "value": "159", "unit": "kg"}, {"date": "2020-02-01", "country": "Belgium", "value": "210", "unit": "kg"}, {"date": "2020-03-01", "country": "Belgium", "value": "104", "unit": "kg"}, {"date": "2020-04-01", "country": "Belgium", "value": "193", "unit": "kg"}, {"date": "2020-05-01", "country": "Belgium", "value": "97", "unit": "kg"}, {"date": "2018-12-01", "country": "Czech Republic", "value": "256", "unit": "kg"}, {"date": "2019-01-01", "country": "Czech Republic", "value": "281", "unit": "kg"}, {"date": "2019-02-01", "country": "Czech Republic", "value": "28", "unit": "kg"}, {"date": "2019-03-01", "country": "Czech Republic", "value": "97", "unit": "kg"}, {"date": "2019-04-01", "country": "Czech Republic", "value": "383", "unit": "kg"}, {"date": "2019-05-01", "country": "Czech Republic", "value": "26", "unit": "kg"}, {"date": "2019-06-01", "country": "Czech Republic", "value": "195", "unit": "kg"}, {"date": "2019-07-01", "country": "Czech Republic", "value": "85", "unit": "kg"}, {"date": "2019-08-01", "country": "Czech Republic", "value": "15", "unit": "kg"}, {"date": "2019-09-01", "country": "Czech Republic", "value": "51", "unit": "kg"}, {"date": "2019-10-01", "country": "Czech Republic", "value": "33", "unit": "kg"}, {"date": "2019-11-01", "country": "Czech Republic", "value": "21", "unit": "kg"}, {"date": "2019-12-01", "country": "Czech Republic", "value": "180", "unit": "kg"}, {"date": "2020-01-01", "country": "Czech Republic", "value": "302", "unit": "kg"}, {"date": "2020-02-01", "country": "Czech Republic", "value": "112", "unit": "kg"}, {"date": "2020-03-01", "country": "Czech Republic", "value": "383", "unit": "kg"}, {"date": "2020-04-01", "country": "Czech Republic", "value": "72", "unit": "kg"}, {"date": "2020-05-01", "country": "Czech Republic", "value": "192", "unit": "kg"}, {"date": "2018-12-01", "country": "Italy", "value": "117", "unit": "kg"}, {"date": "2019-01-01", "country": "Italy", "value": "71", "unit": "kg"}, {"date": "2019-02-01", "country": "Italy", "value": "90", "unit": "kg"}, {"date": "2019-03-01", "country": "Italy", "value": "53", "unit": "kg"}, {"date": "2019-04-01", "country": "Italy", "value": "75", "unit": "kg"}, {"date": "2019-05-01", "country": "Italy", "value": "105", "unit": "kg"}, {"date": "2019-06-01", "country": "Italy", "value": "246", "unit": "kg"}, {"date": "2019-07-01", "country": "Italy", "value": "48", "unit": "kg"}, {"date": "2019-08-01", "country": "Italy", "value": "26", "unit": "kg"}, {"date": "2019-09-01", "country": "Italy", "value": "63", "unit": "kg"}, {"date": "2019-10-01", "country": "Italy", "value": "108", "unit": "kg"}, {"date": "2019-11-01", "country": "Italy", "value": "47", "unit": "kg"}, {"date": "2019-12-01", "country": "Italy", "value": "55", "unit": "kg"}, {"date": "2020-01-01", "country": "Italy", "value": "105", "unit": "kg"}, {"date": "2020-02-01", "country": "Italy", "value": "21", "unit": "kg"}, {"date": "2020-03-01", "country": "Italy", "value": "83", "unit": "kg"}, {"date": "2020-04-01", "country": "Italy", "value": "91", "unit": "kg"}, {"date": "2020-05-01", "country": "Italy", "value": "31", "unit": "kg"}, {"date": "2018-12-01", "country": "Finland", "value": "49", "unit": "kg"}, {"date": "2019-01-01", "country": "Finland", "value": "75", "unit": "kg"}, {"date": "2019-02-01", "country": "Finland", "value": "31", "unit": "kg"}, {"date": "2019-03-01", "country": "Finland", "value": "54", "unit": "kg"}, {"date": "2019-04-01", "country": "Finland", "value": "43", "unit": "kg"}, {"date": "2019-05-01", "country": "Finland", "value": "67", "unit": "kg"}, {"date": "2019-06-01", "country": "Finland", "value": "86", "unit": "kg"}, {"date": "2019-07-01", "country": "Finland", "value": "43", "unit": "kg"}, {"date": "2019-08-01", "country": "Finland", "value": "77", "unit": "kg"}, {"date": "2019-09-01", "country": "Finland", "value": "59", "unit": "kg"}, {"date": "2019-10-01", "country": "Finland", "value": "55", "unit": "kg"}, {"date": "2019-11-01", "country": "Finland", "value": "48", "unit": "kg"}, {"date": "2019-12-01", "country": "Finland", "value": "10", "unit": "kg"}, {"date": "2020-01-01", "country": "Finland", "value": "56", "unit": "kg"}, {"date": "2020-02-01", "country": "Finland", "value": "63", "unit": "kg"}, {"date": "2020-03-01", "country": "Finland", "value": "76", "unit": "kg"}, {"date": "2020-04-01", "country": "Finland", "value": "85", "unit": "kg"}, {"date": "2020-05-01", "country": "Finland", "value": "22", "unit": "kg"}, {"date": "2018-12-01", "country": "Spain", "value": "41", "unit": "kg"}, {"date": "2019-01-01", "country": "Spain", "value": "11", "unit": "kg"}, {"date": "2019-02-01", "country": "Spain", "value": "43", "unit": "kg"}, {"date": "2019-03-01", "country": "Spain", "value": "14", "unit": "kg"}, {"date": "2019-04-01", "country": "Spain", "value": "15", "unit": "kg"}, {"date": "2019-05-01", "country": "Spain", "value": "29", "unit": "kg"}, {"date": "2019-06-01", "country": "Spain", "value": "22", "unit": "kg"}, {"date": "2019-07-01", "country": "Spain", "value": "12", "unit": "kg"}, {"date": "2019-08-01", "country": "Spain", "value": "99", "unit": "kg"}, {"date": "2019-09-01", "country": "Spain", "value": "19", "unit": "kg"}, {"date": "2019-10-01", "country": "Spain", "value": "32", "unit": "kg"}, {"date": "2019-11-01", "country": "Spain", "value": "42", "unit": "kg"}, {"date": "2019-12-01", "country": "Spain", "value": "11", "unit": "kg"}, {"date": "2020-01-01", "country": "Spain", "value": "28", "unit": "kg"}, {"date": "2020-02-01", "country": "Spain", "value": "14", "unit": "kg"}, {"date": "2020-03-01", "country": "Spain", "value": "74", "unit": "kg"}, {"date": "2020-04-01", "country": "Spain", "value": "8", "unit": "kg"}, {"date": "2020-05-01", "country": "Spain", "value": "12", "unit": "kg"}, {"date": "2018-12-01", "country": "United Kingdom", "value": "57", "unit": "kg"}, {"date": "2019-01-01", "country": "United Kingdom", "value": "108", "unit": "kg"}, {"date": "2019-02-01", "country": "United Kingdom", "value": "29", "unit": "kg"}, {"date": "2019-03-01", "country": "United Kingdom", "value": "58", "unit": "kg"}, {"date": "2019-04-01", "country": "United Kingdom", "value": "135", "unit": "kg"}, {"date": "2019-05-01", "country": "United Kingdom", "value": "39", "unit": "kg"}, {"date": "2019-06-01", "country": "United Kingdom", "value": "111", "unit": "kg"}, {"date": "2019-07-01", "country": "United Kingdom", "value": "44", "unit": "kg"}, {"date": "2019-08-01", "country": "United Kingdom", "value": "65", "unit": "kg"}, {"date": "2019-09-01", "country": "United Kingdom", "value": "13", "unit": "kg"}, {"date": "2019-10-01", "country": "United Kingdom", "value": "66", "unit": "kg"}, {"date": "2019-11-01", "country": "United Kingdom", "value": "54", "unit": "kg"}, {"date": "2019-12-01", "country": "United Kingdom", "value": "88", "unit": "kg"}, {"date": "2020-01-01", "country": "United Kingdom", "value": "63", "unit": "kg"}, {"date": "2020-02-01", "country": "United Kingdom", "value": "35", "unit": "kg"}, {"date": "2020-03-01", "country": "United Kingdom", "value": "21", "unit": "kg"}, {"date": "2020-04-01", "country": "United Kingdom", "value": "90", "unit": "kg"}, {"date": "2020-05-01", "country": "United Kingdom", "value": "61", "unit": "kg"}, {"date": "2018-12-01", "country": "Latvia", "value": "3", "unit": "kg"}, {"date": "2019-01-01", "country": "Latvia", "value": "2", "unit": "kg"}, {"date": "2019-02-01", "country": "Latvia", "value": "3", "unit": "kg"}, {"date": "2019-03-01", "country": "Latvia", "value": "3", "unit": "kg"}, {"date": "2019-04-01", "country": "Latvia", "value": "12", "unit": "kg"}, {"date": "2019-05-01", "country": "Latvia", "value": "6", "unit": "kg"}, {"date": "2019-06-01", "country": "Latvia", "value": "24", "unit": "kg"}, {"date": "2019-07-01", "country": "Latvia", "value": "1", "unit": "kg"}, {"date": "2019-08-01", "country": "Latvia", "value": "25", "unit": "kg"}, {"date": "2019-09-01", "country": "Latvia", "value": "0", "unit": "kg"}, {"date": "2019-10-01", "country": "Latvia", "value": "25", "unit": "kg"}, {"date": "2019-11-01", "country": "Latvia", "value": "2", "unit": "kg"}, {"date": "2019-12-01", "country": "Latvia", "value": "2", "unit": "kg"}, {"date": "2020-01-01", "country": "Latvia", "value": "13", "unit": "kg"}, {"date": "2020-02-01", "country": "Latvia", "value": "57", "unit": "kg"}, {"date": "2020-03-01", "country": "Latvia", "value": "49", "unit": "kg"}, {"date": "2020-04-01", "country": "Latvia", "value": "26", "unit": "kg"}, {"date": "2020-05-01", "country": "Latvia", "value": "26", "unit": "kg"}, {"date": "2018-12-01", "country": "Luxembourg", "value": "28", "unit": "kg"}, {"date": "2019-01-01", "country": "Luxembourg", "value": "29", "unit": "kg"}, {"date": "2019-02-01", "country": "Luxembourg", "value": "26", "unit": "kg"}, {"date": "2019-03-01", "country": "Luxembourg", "value": "21", "unit": "kg"}, {"date": "2019-04-01", "country": "Luxembourg", "value": "23", "unit": "kg"}, {"date": "2019-05-01", "country": "Luxembourg", "value": "27", "unit": "kg"}, {"date": "2019-06-01", "country": "Luxembourg", "value": "24", "unit": "kg"}, {"date": "2019-07-01", "country": "Luxembourg", "value": "29", "unit": "kg"}, {"date": "2019-08-01", "country": "Luxembourg", "value": "20", "unit": "kg"}, {"date": "2019-09-01", "country": "Luxembourg", "value": "32", "unit": "kg"}, {"date": "2019-10-01", "country": "Luxembourg", "value": "24", "unit": "kg"}, {"date": "2019-11-01", "country": "Luxembourg", "value": "24", "unit": "kg"}, {"date": "2019-12-01", "country": "Luxembourg", "value": "26", "unit": "kg"}, {"date": "2020-01-01", "country": "Luxembourg", "value": "23", "unit": "kg"}, {"date": "2020-02-01", "country": "Luxembourg", "value": "36", "unit": "kg"}, {"date": "2020-03-01", "country": "Luxembourg", "value": "41", "unit": "kg"}, {"date": "2020-04-01", "country": "Luxembourg", "value": "32", "unit": "kg"}, {"date": "2020-05-01", "country": "Luxembourg", "value": "19", "unit": "kg"}, {"date": "2018-12-01", "country": "Norway", "value": "9", "unit": "kg"}, {"date": "2019-01-01", "country": "Norway", "value": "5", "unit": "kg"}, {"date": "2019-02-01", "country": "Norway", "value": "7", "unit": "kg"}, {"date": "2019-03-01", "country": "Norway", "value": "24", "unit": "kg"}, {"date": "2019-04-01", "country": "Norway", "value": "11", "unit": "kg"}, {"date": "2019-05-01", "country": "Norway", "value": "0", "unit": "kg"}, {"date": "2019-06-01", "country": "Norway", "value": "9", "unit": "kg"}, {"date": "2019-07-01", "country": "Norway", "value": "12", "unit": "kg"}, {"date": "2019-08-01", "country": "Norway", "value": "9", "unit": "kg"}, {"date": "2019-09-01", "country": "Norway", "value": "27", "unit": "kg"}, {"date": "2019-10-01", "country": "Norway", "value": "8", "unit": "kg"}, {"date": "2019-11-01", "country": "Norway", "value": "38", "unit": "kg"}, {"date": "2019-12-01", "country": "Norway", "value": "4", "unit": "kg"}, {"date": "2020-01-01", "country": "Norway", "value": "24", "unit": "kg"}, {"date": "2020-02-01", "country": "Norway", "value": "17", "unit": "kg"}, {"date": "2020-03-01", "country": "Norway", "value": "15", "unit": "kg"}, {"date": "2020-04-01", "country": "Norway", "value": "16", "unit": "kg"}, {"date": "2020-05-01", "country": "Norway", "value": "9", "unit": "kg"}, {"date": "2018-12-01", "country": "Sweden", "value": "220", "unit": "kg"}, {"date": "2019-01-01", "country": "Sweden", "value": "145", "unit": "kg"}, {"date": "2019-02-01", "country": "Sweden", "value": "223", "unit": "kg"}, {"date": "2019-03-01", "country": "Sweden", "value": "224", "unit": "kg"}, {"date": "2019-04-01", "country": "Sweden", "value": "248", "unit": "kg"}, {"date": "2019-05-01", "country": "Sweden", "value": "130", "unit": "kg"}, {"date": "2019-06-01", "country": "Sweden", "value": "209", "unit": "kg"}, {"date": "2019-07-01", "country": "Sweden", "value": "39", "unit": "kg"}, {"date": "2019-08-01", "country": "Sweden", "value": "247", "unit": "kg"}, {"date": "2019-09-01", "country": "Sweden", "value": "337", "unit": "kg"}, {"date": "2019-10-01", "country": "Sweden", "value": "158", "unit": "kg"}, {"date": "2019-11-01", "country": "Sweden", "value": "192", "unit": "kg"}, {"date": "2019-12-01", "country": "Sweden", "value": "20", "unit": "kg"}, {"date": "2020-01-01", "country": "Sweden", "value": "142", "unit": "kg"}, {"date": "2020-02-01", "country": "Sweden", "value": "190", "unit": "kg"}, {"date": "2020-03-01", "country": "Sweden", "value": "377", "unit": "kg"}, {"date": "2020-04-01", "country": "Sweden", "value": "211", "unit": "kg"}, {"date": "2020-05-01", "country": "Sweden", "value": "129", "unit": "kg"}, {"date": "2018-12-01", "country": "Greece", "value": "32", "unit": "kg"}, {"date": "2019-01-01", "country": "Greece", "value": "7", "unit": "kg"}, {"date": "2019-02-01", "country": "Greece", "value": "36", "unit": "kg"}, {"date": "2019-03-01", "country": "Greece", "value": "19", "unit": "kg"}, {"date": "2019-04-01", "country": "Greece", "value": "42", "unit": "kg"}, {"date": "2019-05-01", "country": "Greece", "value": "14", "unit": "kg"}, {"date": "2019-06-01", "country": "Greece", "value": "22", "unit": "kg"}, {"date": "2019-07-01", "country": "Greece", "value": "20", "unit": "kg"}, {"date": "2019-08-01", "country": "Greece", "value": "17", "unit": "kg"}, {"date": "2019-09-01", "country": "Greece", "value": "13", "unit": "kg"}, {"date": "2019-10-01", "country": "Greece", "value": "11", "unit": "kg"}, {"date": "2019-11-01", "country": "Greece", "value": "10", "unit": "kg"}, {"date": "2019-12-01", "country": "Greece", "value": "6", "unit": "kg"}, {"date": "2020-01-01", "country": "Greece", "value": "6", "unit": "kg"}, {"date": "2020-02-01", "country": "Greece", "value": "9", "unit": "kg"}, {"date": "2020-03-01", "country": "Greece", "value": "17", "unit": "kg"}, {"date": "2020-04-01", "country": "Greece", "value": "4", "unit": "kg"}, {"date": "2020-05-01", "country": "Greece", "value": "2", "unit": "kg"}, {"date": "2018-12-01", "country": "Ship stores and bunkers", "value": "7", "unit": "kg"}, {"date": "2019-01-01", "country": "Ship stores and bunkers", "value": "7", "unit": "kg"}, {"date": "2019-02-01", "country": "Ship stores and bunkers", "value": "6", "unit": "kg"}, {"date": "2019-03-01", "country": "Ship stores and bunkers", "value": "8", "unit": "kg"}, {"date": "2019-04-01", "country": "Ship stores and bunkers", "value": "23", "unit": "kg"}, {"date": "2019-05-01", "country": "Ship stores and bunkers", "value": "19", "unit": "kg"}, {"date": "2019-06-01", "country": "Ship stores and bunkers", "value": "10", "unit": "kg"}, {"date": "2019-07-01", "country": "Ship stores and bunkers", "value": "17", "unit": "kg"}, {"date": "2019-08-01", "country": "Ship stores and bunkers", "value": "34", "unit": "kg"}, {"date": "2019-09-01", "country": "Ship stores and bunkers", "value": "47", "unit": "kg"}, {"date": "2019-10-01", "country": "Ship stores and bunkers", "value": "36", "unit": "kg"}, {"date": "2019-11-01", "country": "Ship stores and bunkers", "value": "16", "unit": "kg"}, {"date": "2019-12-01", "country": "Ship stores and bunkers", "value": "7", "unit": "kg"}, {"date": "2020-01-01", "country": "Ship stores and bunkers", "value": "6", "unit": "kg"}, {"date": "2020-02-01", "country": "Ship stores and bunkers", "value": "10", "unit": "kg"}, {"date": "2020-03-01", "country": "Ship stores and bunkers", "value": "11", "unit": "kg"}, {"date": "2020-04-01", "country": "Ship stores and bunkers", "value": "9", "unit": "kg"}, {"date": "2020-05-01", "country": "Ship stores and bunkers", "value": "36", "unit": "kg"}, {"date": "2018-12-01", "country": "Slovakia", "value": "8", "unit": "kg"}, {"date": "2019-01-01", "country": "Slovakia", "value": "7", "unit": "kg"}, {"date": "2019-02-01", "country": "Slovakia", "value": "2", "unit": "kg"}, {"date": "2019-03-01", "country": "Slovakia", "value": "30", "unit": "kg"}, {"date": "2019-04-01", "country": "Slovakia", "value": "2", "unit": "kg"}, {"date": "2019-05-01", "country": "Slovakia", "value": "6", "unit": "kg"}, {"date": "2019-06-01", "country": "Slovakia", "value": "0", "unit": "kg"}, {"date": "2019-07-01", "country": "Slovakia", "value": "8", "unit": "kg"}, {"date": "2019-08-01", "country": "Slovakia", "value": "3", "unit": "kg"}, {"date": "2019-09-01", "country": "Slovakia", "value": "120", "unit": "kg"}, {"date": "2019-10-01", "country": "Slovakia", "value": "5", "unit": "kg"}, {"date": "2019-11-01", "country": "Slovakia", "value": "7", "unit": "kg"}, {"date": "2019-12-01", "country": "Slovakia", "value": "3", "unit": "kg"}, {"date": "2020-01-01", "country": "Slovakia", "value": "30", "unit": "kg"}, {"date": "2020-02-01", "country": "Slovakia", "value": "245", "unit": "kg"}, {"date": "2020-03-01", "country": "Slovakia", "value": "6", "unit": "kg"}, {"date": "2020-04-01", "country": "Slovakia", "value": "1", "unit": "kg"}, {"date": "2020-05-01", "country": "Slovakia", "value": "3", "unit": "kg"}, {"date": "2018-12-01", "country": "Afghanistan", "value": "0", "unit": "kg"}, {"date": "2019-01-01", "country": "Afghanistan", "value": "0", "unit": "kg"}, {"date": "2019-02-01", "country": "Afghanistan", "value": "0", "unit": "kg"}, {"date": "2019-03-01", "country": "Afghanistan", "value": "0", "unit": "kg"}, {"date": "2019-04-01", "country": "Afghanistan", "value": "0", "unit": "kg"}, {"date": "2019-05-01", "country": "Afghanistan", "value": "0", "unit": "kg"}, {"date": "2019-06-01", "country": "Afghanistan", "value": "0", "unit": "kg"}, {"date": "2019-07-01", "country": "Afghanistan", "value": "0", "unit": "kg"}, {"date": "2019-08-01", "country": "Afghanistan", "value": "0", "unit": "kg"}, {"date": "2019-09-01", "country": "Afghanistan", "value": "0", "unit": "kg"}, {"date": "2019-10-01", "country": "Afghanistan", "value": "0", "unit": "kg"}, {"date": "2019-11-01", "country": "Afghanistan", "value": "0", "unit": "kg"}, {"date": "2019-12-01", "country": "Afghanistan", "value": "0", "unit": "kg"}, {"date": "2020-01-01", "country": "Afghanistan", "value": "0", "unit": "kg"}, {"date": "2020-02-01", "country": "Afghanistan", "value": "0", "unit": "kg"}, {"date": "2020-03-01", "country": "Afghanistan", "value": "0", "unit": "kg"}, {"date": "2020-04-01", "country": "Afghanistan", "value": "0", "unit": "kg"}, {"date": "2020-05-01", "country": "Afghanistan", "value": "0", "unit": "kg"}, {"date": "2018-12-01", "country": "Bulgaria", "value": "1", "unit": "kg"}, {"date": "2019-01-01", "country": "Bulgaria", "value": "2", "unit": "kg"}, {"date": "2019-02-01", "country": "Bulgaria", "value": "2", "unit": "kg"}, {"date": "2019-03-01", "country": "Bulgaria", "value": "3", "unit": "kg"}, {"date": "2019-04-01", "country": "Bulgaria", "value": "3", "unit": "kg"}, {"date": "2019-05-01", "country": "Bulgaria", "value": "1", "unit": "kg"}, {"date": "2019-06-01", "country": "Bulgaria", "value": "3", "unit": "kg"}, {"date": "2019-07-01", "country": "Bulgaria", "value": "3", "unit": "kg"}, {"date": "2019-08-01", "country": "Bulgaria", "value": "4", "unit": "kg"}, {"date": "2019-09-01", "country": "Bulgaria", "value": "1", "unit": "kg"}, {"date": "2019-10-01", "country": "Bulgaria", "value": "1", "unit": "kg"}, {"date": "2019-11-01", "country": "Bulgaria", "value": "3", "unit": "kg"}, {"date": "2019-12-01", "country": "Bulgaria", "value": "1", "unit": "kg"}, {"date": "2020-01-01", "country": "Bulgaria", "value": "4", "unit": "kg"}, {"date": "2020-02-01", "country": "Bulgaria", "value": "3", "unit": "kg"}, {"date": "2020-03-01", "country": "Bulgaria", "value": "2", "unit": "kg"}, {"date": "2020-04-01", "country": "Bulgaria", "value": "1", "unit": "kg"}, {"date": "2020-05-01", "country": "Bulgaria", "value": "2", "unit": "kg"}, {"date": "2018-12-01", "country": "Croatia", "value": "7", "unit": "kg"}, {"date": "2019-01-01", "country": "Croatia", "value": "3", "unit": "kg"}, {"date": "2019-02-01", "country": "Croatia", "value": "5", "unit": "kg"}, {"date": "2019-03-01", "country": "Croatia", "value": "3", "unit": "kg"}, {"date": "2019-04-01", "country": "Croatia", "value": "3", "unit": "kg"}, {"date": "2019-05-01", "country": "Croatia", "value": "7", "unit": "kg"}, {"date": "2019-06-01", "country": "Croatia", "value": "5", "unit": "kg"}, {"date": "2019-07-01", "country": "Croatia", "value": "9", "unit": "kg"}, {"date": "2019-08-01", "country": "Croatia", "value": "1", "unit": "kg"}, {"date": "2019-09-01", "country": "Croatia", "value": "5", "unit": "kg"}, {"date": "2019-10-01", "country": "Croatia", "value": "5", "unit": "kg"}, {"date": "2019-11-01", "country": "Croatia", "value": "7", "unit": "kg"}, {"date": "2019-12-01", "country": "Croatia", "value": "6", "unit": "kg"}, {"date": "2020-01-01", "country": "Croatia", "value": "1", "unit": "kg"}, {"date": "2020-02-01", "country": "Croatia", "value": "3", "unit": "kg"}, {"date": "2020-03-01", "country": "Croatia", "value": "1", "unit": "kg"}, {"date": "2020-04-01", "country": "Croatia", "value": "3", "unit": "kg"}, {"date": "2020-05-01", "country": "Croatia", "value": "3", "unit": "kg"}, {"date": "2018-12-01", "country": "Portugal", "value": "2", "unit": "kg"}, {"date": "2019-01-01", "country": "Portugal", "value": "5", "unit": "kg"}, {"date": "2019-02-01", "country": "Portugal", "value": "3", "unit": "kg"}, {"date": "2019-03-01", "country": "Portugal", "value": "4", "unit": "kg"}, {"date": "2019-04-01", "country": "Portugal", "value": "6", "unit": "kg"}, {"date": "2019-05-01", "country": "Portugal", "value": "7", "unit": "kg"}, {"date": "2019-06-01", "country": "Portugal", "value": "4", "unit": "kg"}, {"date": "2019-07-01", "country": "Portugal", "value": "3", "unit": "kg"}, {"date": "2019-08-01", "country": "Portugal", "value": "2", "unit": "kg"}, {"date": "2019-09-01", "country": "Portugal", "value": "6", "unit": "kg"}, {"date": "2019-10-01", "country": "Portugal", "value": "3", "unit": "kg"}, {"date": "2019-11-01", "country": "Portugal", "value": "3", "unit": "kg"}, {"date": "2019-12-01", "country": "Portugal", "value": "4", "unit": "kg"}, {"date": "2020-01-01", "country": "Portugal", "value": "5", "unit": "kg"}, {"date": "2020-02-01", "country": "Portugal", "value": "3", "unit": "kg"}, {"date": "2020-03-01", "country": "Portugal", "value": "5", "unit": "kg"}, {"date": "2020-04-01", "country": "Portugal", "value": "5", "unit": "kg"}, {"date": "2020-05-01", "country": "Portugal", "value": "2", "unit": "kg"}, {"date": "2018-12-01", "country": "Romania", "value": "1", "unit": "kg"}, {"date": "2019-01-01", "country": "Romania", "value": "3", "unit": "kg"}, {"date": "2019-02-01", "country": "Romania", "value": "2", "unit": "kg"}, {"date": "2019-03-01", "country": "Romania", "value": "4", "unit": "kg"}, {"date": "2019-04-01", "country": "Romania", "value": "1", "unit": "kg"}, {"date": "2019-05-01", "country": "Romania", "value": "2", "unit": "kg"}, {"date": "2019-06-01", "country": "Romania", "value": "1", "unit": "kg"}, {"date": "2019-07-01", "country": "Romania", "value": "1", "unit": "kg"}, {"date": "2019-08-01", "country": "Romania", "value": "1", "unit": "kg"}, {"date": "2019-09-01", "country": "Romania", "value": "1", "unit": "kg"}, {"date": "2019-10-01", "country": "Romania", "value": "6", "unit": "kg"}, {"date": "2019-11-01", "country": "Romania", "value": "1", "unit": "kg"}, {"date": "2019-12-01", "country": "Romania", "value": "1", "unit": "kg"}, {"date": "2020-01-01", "country": "Romania", "value": "2", "unit": "kg"}, {"date": "2020-02-01", "country": "Romania", "value": "7", "unit": "kg"}, {"date": "2020-03-01", "country": "Romania", "value": "4", "unit": "kg"}, {"date": "2020-04-01", "country": "Romania", "value": "8", "unit": "kg"}, {"date": "2020-05-01", "country": "Romania", "value": "2", "unit": "kg"}, {"date": "2018-12-01", "country": "Ireland", "value": "2", "unit": "kg"}, {"date": "2019-01-01", "country": "Ireland", "value": "1", "unit": "kg"}, {"date": "2019-02-01", "country": "Ireland", "value": "2", "unit": "kg"}, {"date": "2019-03-01", "country": "Ireland", "value": "1", "unit": "kg"}, {"date": "2019-04-01", "country": "Ireland", "value": "2", "unit": "kg"}, {"date": "2019-05-01", "country": "Ireland", "value": "2", "unit": "kg"}, {"date": "2019-06-01", "country": "Ireland", "value": "2", "unit": "kg"}, {"date": "2019-07-01", "country": "Ireland", "value": "0", "unit": "kg"}, {"date": "2019-08-01", "country": "Ireland", "value": "3", "unit": "kg"}, {"date": "2019-09-01", "country": "Ireland", "value": "2", "unit": "kg"}, {"date": "2019-10-01", "country": "Ireland", "value": "4", "unit": "kg"}, {"date": "2019-11-01", "country": "Ireland", "value": "2", "unit": "kg"}, {"date": "2019-12-01", "country": "Ireland", "value": "0", "unit": "kg"}, {"date": "2020-01-01", "country": "Ireland", "value": "2", "unit": "kg"}, {"date": "2020-02-01", "country": "Ireland", "value": "3", "unit": "kg"}, {"date": "2020-03-01", "country": "Ireland", "value": "4", "unit": "kg"}, {"date": "2020-04-01", "country": "Ireland", "value": "1", "unit": "kg"}, {"date": "2020-05-01", "country": "Ireland", "value": "1", "unit": "kg"}, {"date": "2018-12-01", "country": "Mongolia", "value": "1", "unit": "kg"}, {"date": "2019-01-01", "country": "Mongolia", "value": "0", "unit": "kg"}, {"date": "2019-02-01", "country": "Mongolia", "value": "0", "unit": "kg"}, {"date": "2019-03-01", "country": "Mongolia", "value": "3", "unit": "kg"}, {"date": "2019-04-01", "country": "Mongolia", "value": "0", "unit": "kg"}, {"date": "2019-05-01", "country": "Mongolia", "value": "4", "unit": "kg"}, {"date": "2019-06-01", "country": "Mongolia", "value": "0", "unit": "kg"}, {"date": "2019-07-01", "country": "Mongolia", "value": "0", "unit": "kg"}, {"date": "2019-08-01", "country": "Mongolia", "value": "1", "unit": "kg"}, {"date": "2019-09-01", "country": "Mongolia", "value": "0", "unit": "kg"}, {"date": "2019-10-01", "country": "Mongolia", "value": "0", "unit": "kg"}, {"date": "2019-11-01", "country": "Mongolia", "value": "0", "unit": "kg"}, {"date": "2019-12-01", "country": "Mongolia", "value": "0", "unit": "kg"}, {"date": "2020-01-01", "country": "Mongolia", "value": "0", "unit": "kg"}, {"date": "2020-02-01", "country": "Mongolia", "value": "0", "unit": "kg"}, {"date": "2020-03-01", "country": "Mongolia", "value": "0", "unit": "kg"}, {"date": "2020-04-01", "country": "Mongolia", "value": "0", "unit": "kg"}, {"date": "2020-05-01", "country": "Mongolia", "value": "2", "unit": "kg"}, {"date": "2018-12-01", "country": "Slovenia", "value": "5", "unit": "kg"}, {"date": "2019-01-01", "country": "Slovenia", "value": "36", "unit": "kg"}, {"date": "2019-02-01", "country": "Slovenia", "value": "3", "unit": "kg"}, {"date": "2019-03-01", "country": "Slovenia", "value": "14", "unit": "kg"}, {"date": "2019-04-01", "country": "Slovenia", "value": "25", "unit": "kg"}, {"date": "2019-05-01", "country": "Slovenia", "value": "2", "unit": "kg"}, {"date": "2019-06-01", "country": "Slovenia", "value": "7", "unit": "kg"}, {"date": "2019-07-01", "country": "Slovenia", "value": "7", "unit": "kg"}, {"date": "2019-08-01", "country": "Slovenia", "value": "9", "unit": "kg"}, {"date": "2019-09-01", "country": "Slovenia", "value": "1", "unit": "kg"}, {"date": "2019-10-01", "country": "Slovenia", "value": "1", "unit": "kg"}, {"date": "2019-11-01", "country": "Slovenia", "value": "10", "unit": "kg"}, {"date": "2019-12-01", "country": "Slovenia", "value": "9", "unit": "kg"}, {"date": "2020-01-01", "country": "Slovenia", "value": "8", "unit": "kg"}, {"date": "2020-02-01", "country": "Slovenia", "value": "10", "unit": "kg"}, {"date": "2020-03-01", "country": "Slovenia", "value": "17", "unit": "kg"}, {"date": "2020-04-01", "country": "Slovenia", "value": "7", "unit": "kg"}, {"date": "2020-05-01", "country": "Slovenia", "value": "4", "unit": "kg"}, {"date": "2018-12-01", "country": "Bosnia and Herzegovina", "value": "0", "unit": "kg"}, {"date": "2019-01-01", "country": "Bosnia and Herzegovina", "value": "1", "unit": "kg"}, {"date": "2019-02-01", "country": "Bosnia and Herzegovina", "value": "1", "unit": "kg"}, {"date": "2019-03-01", "country": "Bosnia and Herzegovina", "value": "1", "unit": "kg"}, {"date": "2019-04-01", "country": "Bosnia and Herzegovina", "value": "1", "unit": "kg"}, {"date": "2019-05-01", "country": "Bosnia and Herzegovina", "value": "1", "unit": "kg"}, {"date": "2019-06-01", "country": "Bosnia and Herzegovina", "value": "1", "unit": "kg"}, {"date": "2019-07-01", "country": "Bosnia and Herzegovina", "value": "0", "unit": "kg"}, {"date": "2019-08-01", "country": "Bosnia and Herzegovina", "value": "1", "unit": "kg"}, {"date": "2019-09-01", "country": "Bosnia and Herzegovina", "value": "0", "unit": "kg"}, {"date": "2019-10-01", "country": "Bosnia and Herzegovina", "value": "1", "unit": "kg"}, {"date": "2019-11-01", "country": "Bosnia and Herzegovina", "value": "1", "unit": "kg"}, {"date": "2019-12-01", "country": "Bosnia and Herzegovina", "value": "0", "unit": "kg"}, {"date": "2020-01-01", "country": "Bosnia and Herzegovina", "value": "1", "unit": "kg"}, {"date": "2020-02-01", "country": "Bosnia and Herzegovina", "value": "1", "unit": "kg"}, {"date": "2020-03-01", "country": "Bosnia and Herzegovina", "value": "1", "unit": "kg"}, {"date": "2020-04-01", "country": "Bosnia and Herzegovina", "value": "0", "unit": "kg"}, {"date": "2020-05-01", "country": "Bosnia and Herzegovina", "value": "1", "unit": "kg"}, {"date": "2018-12-01", "country": "Ghana", "value": "2", "unit": "kg"}, {"date": "2019-01-01", "country": "Ghana", "value": "3", "unit": "kg"}, {"date": "2019-02-01", "country": "Ghana", "value": "3", "unit": "kg"}, {"date": "2019-03-01", "country": "Ghana", "value": "4", "unit": "kg"}, {"date": "2019-04-01", "country": "Ghana", "value": "2", "unit": "kg"}, {"date": "2019-05-01", "country": "Ghana", "value": "2", "unit": "kg"}, {"date": "2019-06-01", "country": "Ghana", "value": "1", "unit": "kg"}, {"date": "2019-07-01", "country": "Ghana", "value": "2", "unit": "kg"}, {"date": "2019-08-01", "country": "Ghana", "value": "1", "unit": "kg"}, {"date": "2019-09-01", "country": "Ghana", "value": "3", "unit": "kg"}, {"date": "2019-10-01", "country": "Ghana", "value": "5", "unit": "kg"}, {"date": "2019-11-01", "country": "Ghana", "value": "4", "unit": "kg"}, {"date": "2019-12-01", "country": "Ghana", "value": "2", "unit": "kg"}, {"date": "2020-01-01", "country": "Ghana", "value": "0", "unit": "kg"}, {"date": "2020-02-01", "country": "Ghana", "value": "3", "unit": "kg"}, {"date": "2020-03-01", "country": "Ghana", "value": "1", "unit": "kg"}, {"date": "2020-04-01", "country": "Ghana", "value": "1", "unit": "kg"}, {"date": "2020-05-01", "country": "Ghana", "value": "1", "unit": "kg"}, {"date": "2018-12-01", "country": "French Polynesia", "value": "0", "unit": "kg"}, {"date": "2019-01-01", "country": "French Polynesia", "value": "0", "unit": "kg"}, {"date": "2019-02-01", "country": "French Polynesia", "value": "0", "unit": "kg"}, {"date": "2019-03-01", "country": "French Polynesia", "value": "0", "unit": "kg"}, {"date": "2019-04-01", "country": "French Polynesia", "value": "0", "unit": "kg"}, {"date": "2019-05-01", "country": "French Polynesia", "value": "0", "unit": "kg"}, {"date": "2019-06-01", "country": "French Polynesia", "value": "0", "unit": "kg"}, {"date": "2019-07-01", "country": "French Polynesia", "value": "0", "unit": "kg"}, {"date": "2019-08-01", "country": "French Polynesia", "value": "0", "unit": "kg"}, {"date": "2019-09-01", "country": "French Polynesia", "value": "0", "unit": "kg"}, {"date": "2019-10-01", "country": "French Polynesia", "value": "0", "unit": "kg"}, {"date": "2019-11-01", "country": "French Polynesia", "value": "1", "unit": "kg"}, {"date": "2019-12-01", "country": "French Polynesia", "value": "0", "unit": "kg"}, {"date": "2020-01-01", "country": "French Polynesia", "value": "0", "unit": "kg"}, {"date": "2020-02-01", "country": "French Polynesia", "value": "0", "unit": "kg"}, {"date": "2020-03-01", "country": "French Polynesia", "value": "0", "unit": "kg"}, {"date": "2020-04-01", "country": "French Polynesia", "value": "0", "unit": "kg"}, {"date": "2020-05-01", "country": "French Polynesia", "value": "0", "unit": "kg"}, {"date": "2018-12-01", "country": "Georgia", "value": "0", "unit": "kg"}, {"date": "2019-01-01", "country": "Georgia", "value": "1", "unit": "kg"}, {"date": "2019-02-01", "country": "Georgia", "value": "1", "unit": "kg"}, {"date": "2019-03-01", "country": "Georgia", "value": "1", "unit": "kg"}, {"date": "2019-04-01", "country": "Georgia", "value": "0", "unit": "kg"}, {"date": "2019-05-01", "country": "Georgia", "value": "0", "unit": "kg"}, {"date": "2019-06-01", "country": "Georgia", "value": "2", "unit": "kg"}, {"date": "2019-07-01", "country": "Georgia", "value": "0", "unit": "kg"}, {"date": "2019-08-01", "country": "Georgia", "value": "0", "unit": "kg"}, {"date": "2019-09-01", "country": "Georgia", "value": "1", "unit": "kg"}, {"date": "2019-10-01", "country": "Georgia", "value": "0", "unit": "kg"}, {"date": "2019-11-01", "country": "Georgia", "value": "1", "unit": "kg"}, {"date": "2019-12-01", "country": "Georgia", "value": "0", "unit": "kg"}, {"date": "2020-01-01", "country": "Georgia", "value": "1", "unit": "kg"}, {"date": "2020-02-01", "country": "Georgia", "value": "0", "unit": "kg"}, {"date": "2020-03-01", "country": "Georgia", "value": "0", "unit": "kg"}, {"date": "2020-04-01", "country": "Georgia", "value": "0", "unit": "kg"}, {"date": "2020-05-01", "country": "Georgia", "value": "1", "unit": "kg"}, {"date": "2018-12-01", "country": "Gambia", "value": "0", "unit": "kg"}, {"date": "2019-01-01", "country": "Gambia", "value": "0", "unit": "kg"}, {"date": "2019-02-01", "country": "Gambia", "value": "0", "unit": "kg"}, {"date": "2019-03-01", "country": "Gambia", "value": "0", "unit": "kg"}, {"date": "2019-04-01", "country": "Gambia", "value": "0", "unit": "kg"}, {"date": "2019-05-01", "country": "Gambia", "value": "0", "unit": "kg"}, {"date": "2019-06-01", "country": "Gambia", "value": "0", "unit": "kg"}, {"date": "2019-07-01", "country": "Gambia", "value": "0", "unit": "kg"}, {"date": "2019-08-01", "country": "Gambia", "value": "0", "unit": "kg"}, {"date": "2019-09-01", "country": "Gambia", "value": "0", "unit": "kg"}, {"date": "2019-10-01", "country": "Gambia", "value": "1", "unit": "kg"}, {"date": "2019-11-01", "country": "Gambia", "value": "0", "unit": "kg"}, {"date": "2019-12-01", "country": "Gambia", "value": "0", "unit": "kg"}, {"date": "2020-01-01", "country": "Gambia", "value": "0", "unit": "kg"}, {"date": "2020-02-01", "country": "Gambia", "value": "0", "unit": "kg"}, {"date": "2020-03-01", "country": "Gambia", "value": "0", "unit": "kg"}, {"date": "2020-04-01", "country": "Gambia", "value": "0", "unit": "kg"}, {"date": "2020-05-01", "country": "Gambia", "value": "0", "unit": "kg"}, {"date": "2018-12-01", "country": "Lithuania", "value": "0", "unit": "kg"}, {"date": "2019-01-01", "country": "Lithuania", "value": "5", "unit": "kg"}, {"date": "2019-02-01", "country": "Lithuania", "value": "2", "unit": "kg"}, {"date": "2019-03-01", "country": "Lithuania", "value": "5", "unit": "kg"}, {"date": "2019-04-01", "country": "Lithuania", "value": "28", "unit": "kg"}, {"date": "2019-05-01", "country": "Lithuania", "value": "1", "unit": "kg"}, {"date": "2019-06-01", "country": "Lithuania", "value": "2", "unit": "kg"}, {"date": "2019-07-01", "country": "Lithuania", "value": "0", "unit": "kg"}, {"date": "2019-08-01", "country": "Lithuania", "value": "12", "unit": "kg"}, {"date": "2019-09-01", "country": "Lithuania", "value": "4", "unit": "kg"}, {"date": "2019-10-01", "country": "Lithuania", "value": "2", "unit": "kg"}, {"date": "2019-11-01", "country": "Lithuania", "value": "2", "unit": "kg"}, {"date": "2019-12-01", "country": "Lithuania", "value": "24", "unit": "kg"}, {"date": "2020-01-01", "country": "Lithuania", "value": "2", "unit": "kg"}, {"date": "2020-02-01", "country": "Lithuania", "value": "0", "unit": "kg"}, {"date": "2020-03-01", "country": "Lithuania", "value": "2", "unit": "kg"}, {"date": "2020-04-01", "country": "Lithuania", "value": "0", "unit": "kg"}, {"date": "2020-05-01", "country": "Lithuania", "value": "2", "unit": "kg"}, {"date": "2018-12-01", "country": "Iceland", "value": "0", "unit": "kg"}, {"date": "2019-01-01", "country": "Iceland", "value": "26", "unit": "kg"}, {"date": "2019-02-01", "country": "Iceland", "value": "0", "unit": "kg"}, {"date": "2019-03-01", "country": "Iceland", "value": "0", "unit": "kg"}, {"date": "2019-04-01", "country": "Iceland", "value": "0", "unit": "kg"}, {"date": "2019-05-01", "country": "Iceland", "value": "1", "unit": "kg"}, {"date": "2019-06-01", "country": "Iceland", "value": "0", "unit": "kg"}, {"date": "2019-07-01", "country": "Iceland", "value": "18", "unit": "kg"}, {"date": "2019-08-01", "country": "Iceland", "value": "1", "unit": "kg"}, {"date": "2019-09-01", "country": "Iceland", "value": "0", "unit": "kg"}, {"date": "2019-10-01", "country": "Iceland", "value": "0", "unit": "kg"}, {"date": "2019-11-01", "country": "Iceland", "value": "0", "unit": "kg"}, {"date": "2019-12-01", "country": "Iceland", "value": "1", "unit": "kg"}, {"date": "2020-01-01", "country": "Iceland", "value": "19", "unit": "kg"}, {"date": "2020-02-01", "country": "Iceland", "value": "0", "unit": "kg"}, {"date": "2020-03-01", "country": "Iceland", "value": "1", "unit": "kg"}, {"date": "2020-04-01", "country": "Iceland", "value": "18", "unit": "kg"}, {"date": "2020-05-01", "country": "Iceland", "value": "2", "unit": "kg"}, {"date": "2018-12-01", "country": "Jamaica", "value": "0", "unit": "kg"}, {"date": "2019-01-01", "country": "Jamaica", "value": "0", "unit": "kg"}, {"date": "2019-02-01", "country": "Jamaica", "value": "1", "unit": "kg"}, {"date": "2019-03-01", "country": "Jamaica", "value": "0", "unit": "kg"}, {"date": "2019-04-01", "country": "Jamaica", "value": "0", "unit": "kg"}, {"date": "2019-05-01", "country": "Jamaica", "value": "0", "unit": "kg"}, {"date": "2019-06-01", "country": "Jamaica", "value": "0", "unit": "kg"}, {"date": "2019-07-01", "country": "Jamaica", "value": "1", "unit": "kg"}, {"date": "2019-08-01", "country": "Jamaica", "value": "0", "unit": "kg"}, {"date": "2019-09-01", "country": "Jamaica", "value": "0", "unit": "kg"}, {"date": "2019-10-01", "country": "Jamaica", "value": "0", "unit": "kg"}, {"date": "2019-11-01", "country": "Jamaica", "value": "0", "unit": "kg"}, {"date": "2019-12-01", "country": "Jamaica", "value": "1", "unit": "kg"}, {"date": "2020-01-01", "country": "Jamaica", "value": "0", "unit": "kg"}, {"date": "2020-02-01", "country": "Jamaica", "value": "0", "unit": "kg"}, {"date": "2020-03-01", "country": "Jamaica", "value": "1", "unit": "kg"}, {"date": "2020-04-01", "country": "Jamaica", "value": "0", "unit": "kg"}, {"date": "2020-05-01", "country": "Jamaica", "value": "0", "unit": "kg"}, {"date": "2018-12-01", "country": "Kazakhstan", "value": "0", "unit": "kg"}, {"date": "2019-01-01", "country": "Kazakhstan", "value": "0", "unit": "kg"}, {"date": "2019-02-01", "country": "Kazakhstan", "value": "0", "unit": "kg"}, {"date": "2019-03-01", "country": "Kazakhstan", "value": "0", "unit": "kg"}, {"date": "2019-04-01", "country": "Kazakhstan", "value": "0", "unit": "kg"}, {"date": "2019-05-01", "country": "Kazakhstan", "value": "0", "unit": "kg"}, {"date": "2019-06-01", "country": "Kazakhstan", "value": "0", "unit": "kg"}, {"date": "2019-07-01", "country": "Kazakhstan", "value": "0", "unit": "kg"}, {"date": "2019-08-01", "country": "Kazakhstan", "value": "0", "unit": "kg"}, {"date": "2019-09-01", "country": "Kazakhstan", "value": "0", "unit": "kg"}, {"date": "2019-10-01", "country": "Kazakhstan", "value": "0", "unit": "kg"}, {"date": "2019-11-01", "country": "Kazakhstan", "value": "0", "unit": "kg"}, {"date": "2019-12-01", "country": "Kazakhstan", "value": "0", "unit": "kg"}, {"date": "2020-01-01", "country": "Kazakhstan", "value": "1", "unit": "kg"}, {"date": "2020-02-01", "country": "Kazakhstan", "value": "0", "unit": "kg"}, {"date": "2020-03-01", "country": "Kazakhstan", "value": "1", "unit": "kg"}, {"date": "2020-04-01", "country": "Kazakhstan", "value": "0", "unit": "kg"}, {"date": "2020-05-01", "country": "Kazakhstan", "value": "0", "unit": "kg"}, {"date": "2018-12-01", "country": "Korea, Democratic People's Republic of", "value": "0", "unit": "kg"}, {"date": "2019-01-01", "country": "Korea, Democratic People's Republic of", "value": "0", "unit": "kg"}, {"date": "2019-02-01", "country": "Korea, Democratic People's Republic of", "value": "1", "unit": "kg"}, {"date": "2019-03-01", "country": "Korea, Democratic People's Republic of", "value": "0", "unit": "kg"}, {"date": "2019-04-01", "country": "Korea, Democratic People's Republic of", "value": "0", "unit": "kg"}, {"date": "2019-05-01", "country": "Korea, Democratic People's Republic of", "value": "0", "unit": "kg"}, {"date": "2019-06-01", "country": "Korea, Democratic People's Republic of", "value": "0", "unit": "kg"}, {"date": "2019-07-01", "country": "Korea, Democratic People's Republic of", "value": "0", "unit": "kg"}, {"date": "2019-08-01", "country": "Korea, Democratic People's Republic of", "value": "0", "unit": "kg"}, {"date": "2019-09-01", "country": "Korea, Democratic People's Republic of", "value": "0", "unit": "kg"}, {"date": "2019-10-01", "country": "Korea, Democratic People's Republic of", "value": "0", "unit": "kg"}, {"date": "2019-11-01", "country": "Korea, Democratic People's Republic of", "value": "0", "unit": "kg"}, {"date": "2019-12-01", "country": "Korea, Democratic People's Republic of", "value": "0", "unit": "kg"}, {"date": "2020-01-01", "country": "Korea, Democratic People's Republic of", "value": "0", "unit": "kg"}, {"date": "2020-02-01", "country": "Korea, Democratic People's Republic of", "value": "0", "unit": "kg"}, {"date": "2020-03-01", "country": "Korea, Democratic People's Republic of", "value": "0", "unit": "kg"}, {"date": "2020-04-01", "country": "Korea, Democratic People's Republic of", "value": "0", "unit": "kg"}, {"date": "2020-05-01", "country": "Korea, Democratic People's Republic of", "value": "0", "unit": "kg"}, {"date": "2018-12-01", "country": "Lebanon", "value": "0", "unit": "kg"}, {"date": "2019-01-01", "country": "Lebanon", "value": "0", "unit": "kg"}, {"date": "2019-02-01", "country": "Lebanon", "value": "0", "unit": "kg"}, {"date": "2019-03-01", "country": "Lebanon", "value": "0", "unit": "kg"}, {"date": "2019-04-01", "country": "Lebanon", "value": "0", "unit": "kg"}, {"date": "2019-05-01", "country": "Lebanon", "value": "0", "unit": "kg"}, {"date": "2019-06-01", "country": "Lebanon", "value": "0", "unit": "kg"}, {"date": "2019-07-01", "country": "Lebanon", "value": "0", "unit": "kg"}, {"date": "2019-08-01", "country": "Lebanon", "value": "0", "unit": "kg"}, {"date": "2019-09-01", "country": "Lebanon", "value": "0", "unit": "kg"}, {"date": "2019-10-01", "country": "Lebanon", "value": "0", "unit": "kg"}, {"date": "2019-11-01", "country": "Lebanon", "value": "0", "unit": "kg"}, {"date": "2019-12-01", "country": "Lebanon", "value": "0", "unit": "kg"}, {"date": "2020-01-01", "country": "Lebanon", "value": "0", "unit": "kg"}, {"date": "2020-02-01", "country": "Lebanon", "value": "0", "unit": "kg"}, {"date": "2020-03-01", "country": "Lebanon", "value": "0", "unit": "kg"}, {"date": "2020-04-01", "country": "Lebanon", "value": "0", "unit": "kg"}, {"date": "2020-05-01", "country": "Lebanon", "value": "0", "unit": "kg"}, {"date": "2018-12-01", "country": "Armenia", "value": "0", "unit": "kg"}, {"date": "2019-01-01", "country": "Armenia", "value": "0", "unit": "kg"}, {"date": "2019-02-01", "country": "Armenia", "value": "0", "unit": "kg"}, {"date": "2019-03-01", "country": "Armenia", "value": "0", "unit": "kg"}, {"date": "2019-04-01", "country": "Armenia", "value": "0", "unit": "kg"}, {"date": "2019-05-01", "country": "Armenia", "value": "0", "unit": "kg"}, {"date": "2019-06-01", "country": "Armenia", "value": "0", "unit": "kg"}, {"date": "2019-07-01", "country": "Armenia", "value": "0", "unit": "kg"}, {"date": "2019-08-01", "country": "Armenia", "value": "0", "unit": "kg"}, {"date": "2019-09-01", "country": "Armenia", "value": "0", "unit": "kg"}, {"date": "2019-10-01", "country": "Armenia", "value": "0", "unit": "kg"}, {"date": "2019-11-01", "country": "Armenia", "value": "0", "unit": "kg"}, {"date": "2019-12-01", "country": "Armenia", "value": "0", "unit": "kg"}, {"date": "2020-01-01", "country": "Armenia", "value": "0", "unit": "kg"}, {"date": "2020-02-01", "country": "Armenia", "value": "0", "unit": "kg"}, {"date": "2020-03-01", "country": "Armenia", "value": "0", "unit": "kg"}, {"date": "2020-04-01", "country": "Armenia", "value": "0", "unit": "kg"}, {"date": "2020-05-01", "country": "Armenia", "value": "0", "unit": "kg"}, {"date": "2018-12-01", "country": "Barbados", "value": "0", "unit": "kg"}, {"date": "2019-01-01", "country": "Barbados", "value": "0", "unit": "kg"}, {"date": "2019-02-01", "country": "Barbados", "value": "0", "unit": "kg"}, {"date": "2019-03-01", "country": "Barbados", "value": "0", "unit": "kg"}, {"date": "2019-04-01", "country": "Barbados", "value": "0", "unit": "kg"}, {"date": "2019-05-01", "country": "Barbados", "value": "0", "unit": "kg"}, {"date": "2019-06-01", "country": "Barbados", "value": "0", "unit": "kg"}, {"date": "2019-07-01", "country": "Barbados", "value": "0", "unit": "kg"}, {"date": "2019-08-01", "country": "Barbados", "value": "0", "unit": "kg"}, {"date": "2019-09-01", "country": "Barbados", "value": "0", "unit": "kg"}, {"date": "2019-10-01", "country": "Barbados", "value": "2", "unit": "kg"}, {"date": "2019-11-01", "country": "Barbados", "value": "3", "unit": "kg"}, {"date": "2019-12-01", "country": "Barbados", "value": "0", "unit": "kg"}, {"date": "2020-01-01", "country": "Barbados", "value": "0", "unit": "kg"}, {"date": "2020-02-01", "country": "Barbados", "value": "0", "unit": "kg"}, {"date": "2020-03-01", "country": "Barbados", "value": "0", "unit": "kg"}, {"date": "2020-04-01", "country": "Barbados", "value": "0", "unit": "kg"}, {"date": "2020-05-01", "country": "Barbados", "value": "0", "unit": "kg"}, {"date": "2018-12-01", "country": "Albania", "value": "0", "unit": "kg"}, {"date": "2019-01-01", "country": "Albania", "value": "0", "unit": "kg"}, {"date": "2019-02-01", "country": "Albania", "value": "0", "unit": "kg"}, {"date": "2019-03-01", "country": "Albania", "value": "0", "unit": "kg"}, {"date": "2019-04-01", "country": "Albania", "value": "0", "unit": "kg"}, {"date": "2019-05-01", "country": "Albania", "value": "0", "unit": "kg"}, {"date": "2019-06-01", "country": "Albania", "value": "0", "unit": "kg"}, {"date": "2019-07-01", "country": "Albania", "value": "0", "unit": "kg"}, {"date": "2019-08-01", "country": "Albania", "value": "8", "unit": "kg"}, {"date": "2019-09-01", "country": "Albania", "value": "0", "unit": "kg"}, {"date": "2019-10-01", "country": "Albania", "value": "0", "unit": "kg"}, {"date": "2019-11-01", "country": "Albania", "value": "0", "unit": "kg"}, {"date": "2019-12-01", "country": "Albania", "value": "0", "unit": "kg"}, {"date": "2020-01-01", "country": "Albania", "value": "0", "unit": "kg"}, {"date": "2020-02-01", "country": "Albania", "value": "0", "unit": "kg"}, {"date": "2020-03-01", "country": "Albania", "value": "0", "unit": "kg"}, {"date": "2020-04-01", "country": "Albania", "value": "0", "unit": "kg"}, {"date": "2020-05-01", "country": "Albania", "value": "0", "unit": "kg"}, {"date": "2018-12-01", "country": "Argentina", "value": "0", "unit": "kg"}, {"date": "2019-01-01", "country": "Argentina", "value": "0", "unit": "kg"}, {"date": "2019-02-01", "country": "Argentina", "value": "0", "unit": "kg"}, {"date": "2019-03-01", "country": "Argentina", "value": "0", "unit": "kg"}, {"date": "2019-04-01", "country": "Argentina", "value": "0", "unit": "kg"}, {"date": "2019-05-01", "country": "Argentina", "value": "0", "unit": "kg"}, {"date": "2019-06-01", "country": "Argentina", "value": "0", "unit": "kg"}, {"date": "2019-07-01", "country": "Argentina", "value": "0", "unit": "kg"}, {"date": "2019-08-01", "country": "Argentina", "value": "0", "unit": "kg"}, {"date": "2019-09-01", "country": "Argentina", "value": "0", "unit": "kg"}, {"date": "2019-10-01", "country": "Argentina", "value": "1", "unit": "kg"}, {"date": "2019-11-01", "country": "Argentina", "value": "2", "unit": "kg"}, {"date": "2019-12-01", "country": "Argentina", "value": "0", "unit": "kg"}, {"date": "2020-01-01", "country": "Argentina", "value": "0", "unit": "kg"}, {"date": "2020-02-01", "country": "Argentina", "value": "0", "unit": "kg"}, {"date": "2020-03-01", "country": "Argentina", "value": "0", "unit": "kg"}, {"date": "2020-04-01", "country": "Argentina", "value": "0", "unit": "kg"}, {"date": "2020-05-01", "country": "Argentina", "value": "0", "unit": "kg"}, {"date": "2018-12-01", "country": "Australia", "value": "2", "unit": "kg"}, {"date": "2019-01-01", "country": "Australia", "value": "0", "unit": "kg"}, {"date": "2019-02-01", "country": "Australia", "value": "0", "unit": "kg"}, {"date": "2019-03-01", "country": "Australia", "value": "0", "unit": "kg"}, {"date": "2019-04-01", "country": "Australia", "value": "0", "unit": "kg"}, {"date": "2019-05-01", "country": "Australia", "value": "1", "unit": "kg"}, {"date": "2019-06-01", "country": "Australia", "value": "0", "unit": "kg"}, {"date": "2019-07-01", "country": "Australia", "value": "0", "unit": "kg"}, {"date": "2019-08-01", "country": "Australia", "value": "0", "unit": "kg"}, {"date": "2019-09-01", "country": "Australia", "value": "0", "unit": "kg"}, {"date": "2019-10-01", "country": "Australia", "value": "0", "unit": "kg"}, {"date": "2019-11-01", "country": "Australia", "value": "0", "unit": "kg"}, {"date": "2019-12-01", "country": "Australia", "value": "1", "unit": "kg"}, {"date": "2020-01-01", "country": "Australia", "value": "1", "unit": "kg"}, {"date": "2020-02-01", "country": "Australia", "value": "0", "unit": "kg"}, {"date": "2020-03-01", "country": "Australia", "value": "0", "unit": "kg"}, {"date": "2020-04-01", "country": "Australia", "value": "0", "unit": "kg"}, {"date": "2020-05-01", "country": "Australia", "value": "2", "unit": "kg"}, {"date": "2018-12-01", "country": "Cyprus", "value": "6", "unit": "kg"}, {"date": "2019-01-01", "country": "Cyprus", "value": "0", "unit": "kg"}, {"date": "2019-02-01", "country": "Cyprus", "value": "23", "unit": "kg"}, {"date": "2019-03-01", "country": "Cyprus", "value": "0", "unit": "kg"}, {"date": "2019-04-01", "country": "Cyprus", "value": "29", "unit": "kg"}, {"date": "2019-05-01", "country": "Cyprus", "value": "1", "unit": "kg"}, {"date": "2019-06-01", "country": "Cyprus", "value": "17", "unit": "kg"}, {"date": "2019-07-01", "country": "Cyprus", "value": "0", "unit": "kg"}, {"date": "2019-08-01", "country": "Cyprus", "value": "0", "unit": "kg"}, {"date": "2019-09-01", "country": "Cyprus", "value": "6", "unit": "kg"}, {"date": "2019-10-01", "country": "Cyprus", "value": "0", "unit": "kg"}, {"date": "2019-11-01", "country": "Cyprus", "value": "0", "unit": "kg"}, {"date": "2019-12-01", "country": "Cyprus", "value": "0", "unit": "kg"}, {"date": "2020-01-01", "country": "Cyprus", "value": "1", "unit": "kg"}, {"date": "2020-02-01", "country": "Cyprus", "value": "11", "unit": "kg"}, {"date": "2020-03-01", "country": "Cyprus", "value": "2", "unit": "kg"}, {"date": "2020-04-01", "country": "Cyprus", "value": "0", "unit": "kg"}, {"date": "2020-05-01", "country": "Cyprus", "value": "0", "unit": "kg"}, {"date": "2018-12-01", "country": "Dominican Republic", "value": "3", "unit": "kg"}, {"date": "2019-01-01", "country": "Dominican Republic", "value": "1", "unit": "kg"}, {"date": "2019-02-01", "country": "Dominican Republic", "value": "2", "unit": "kg"}, {"date": "2019-03-01", "country": "Dominican Republic", "value": "0", "unit": "kg"}, {"date": "2019-04-01", "country": "Dominican Republic", "value": "0", "unit": "kg"}, {"date": "2019-05-01", "country": "Dominican Republic", "value": "0", "unit": "kg"}, {"date": "2019-06-01", "country": "Dominican Republic", "value": "0", "unit": "kg"}, {"date": "2019-07-01", "country": "Dominican Republic", "value": "0", "unit": "kg"}, {"date": "2019-08-01", "country": "Dominican Republic", "value": "0", "unit": "kg"}, {"date": "2019-09-01", "country": "Dominican Republic", "value": "0", "unit": "kg"}, {"date": "2019-10-01", "country": "Dominican Republic", "value": "1", "unit": "kg"}, {"date": "2019-11-01", "country": "Dominican Republic", "value": "1", "unit": "kg"}, {"date": "2019-12-01", "country": "Dominican Republic", "value": "1", "unit": "kg"}, {"date": "2020-01-01", "country": "Dominican Republic", "value": "1", "unit": "kg"}, {"date": "2020-02-01", "country": "Dominican Republic", "value": "0", "unit": "kg"}, {"date": "2020-03-01", "country": "Dominican Republic", "value": "0", "unit": "kg"}, {"date": "2020-04-01", "country": "Dominican Republic", "value": "0", "unit": "kg"}, {"date": "2020-05-01", "country": "Dominican Republic", "value": "0", "unit": "kg"}, {"date": "2018-12-01", "country": "Estonia", "value": "19", "unit": "kg"}, {"date": "2019-01-01", "country": "Estonia", "value": "44", "unit": "kg"}, {"date": "2019-02-01", "country": "Estonia", "value": "29", "unit": "kg"}, {"date": "2019-03-01", "country": "Estonia", "value": "21", "unit": "kg"}, {"date": "2019-04-01", "country": "Estonia", "value": "70", "unit": "kg"}, {"date": "2019-05-01", "country": "Estonia", "value": "2", "unit": "kg"}, {"date": "2019-06-01", "country": "Estonia", "value": "17", "unit": "kg"}, {"date": "2019-07-01", "country": "Estonia", "value": "2", "unit": "kg"}, {"date": "2019-08-01", "country": "Estonia", "value": "20", "unit": "kg"}, {"date": "2019-09-01", "country": "Estonia", "value": "9", "unit": "kg"}, {"date": "2019-10-01", "country": "Estonia", "value": "16", "unit": "kg"}, {"date": "2019-11-01", "country": "Estonia", "value": "21", "unit": "kg"}, {"date": "2019-12-01", "country": "Estonia", "value": "2", "unit": "kg"}, {"date": "2020-01-01", "country": "Estonia", "value": "4", "unit": "kg"}, {"date": "2020-02-01", "country": "Estonia", "value": "0", "unit": "kg"}, {"date": "2020-03-01", "country": "Estonia", "value": "15", "unit": "kg"}, {"date": "2020-04-01", "country": "Estonia", "value": "10", "unit": "kg"}, {"date": "2020-05-01", "country": "Estonia", "value": "5", "unit": "kg"}, {"date": "2018-12-01", "country": "Canada", "value": "0", "unit": "kg"}, {"date": "2019-01-01", "country": "Canada", "value": "0", "unit": "kg"}, {"date": "2019-02-01", "country": "Canada", "value": "0", "unit": "kg"}, {"date": "2019-03-01", "country": "Canada", "value": "0", "unit": "kg"}, {"date": "2019-04-01", "country": "Canada", "value": "0", "unit": "kg"}, {"date": "2019-05-01", "country": "Canada", "value": "20", "unit": "kg"}, {"date": "2019-06-01", "country": "Canada", "value": "20", "unit": "kg"}, {"date": "2019-07-01", "country": "Canada", "value": "0", "unit": "kg"}, {"date": "2019-08-01", "country": "Canada", "value": "0", "unit": "kg"}, {"date": "2019-09-01", "country": "Canada", "value": "1", "unit": "kg"}, {"date": "2019-10-01", "country": "Canada", "value": "0", "unit": "kg"}, {"date": "2019-11-01", "country": "Canada", "value": "0", "unit": "kg"}, {"date": "2019-12-01", "country": "Canada", "value": "0", "unit": "kg"}, {"date": "2020-01-01", "country": "Canada", "value": "0", "unit": "kg"}, {"date": "2020-02-01", "country": "Canada", "value": "0", "unit": "kg"}, {"date": "2020-03-01", "country": "Canada", "value": "0", "unit": "kg"}, {"date": "2020-04-01", "country": "Canada", "value": "0", "unit": "kg"}, {"date": "2020-05-01", "country": "Canada", "value": "0", "unit": "kg"}, {"date": "2018-12-01", "country": "Chile", "value": "0", "unit": "kg"}, {"date": "2019-01-01", "country": "Chile", "value": "1", "unit": "kg"}, {"date": "2019-02-01", "country": "Chile", "value": "0", "unit": "kg"}, {"date": "2019-03-01", "country": "Chile", "value": "0", "unit": "kg"}, {"date": "2019-04-01", "country": "Chile", "value": "0", "unit": "kg"}, {"date": "2019-05-01", "country": "Chile", "value": "0", "unit": "kg"}, {"date": "2019-06-01", "country": "Chile", "value": "0", "unit": "kg"}, {"date": "2019-07-01", "country": "Chile", "value": "0", "unit": "kg"}, {"date": "2019-08-01", "country": "Chile", "value": "0", "unit": "kg"}, {"date": "2019-09-01", "country": "Chile", "value": "0", "unit": "kg"}, {"date": "2019-10-01", "country": "Chile", "value": "1", "unit": "kg"}, {"date": "2019-11-01", "country": "Chile", "value": "1", "unit": "kg"}, {"date": "2019-12-01", "country": "Chile", "value": "0", "unit": "kg"}, {"date": "2020-01-01", "country": "Chile", "value": "0", "unit": "kg"}, {"date": "2020-02-01", "country": "Chile", "value": "0", "unit": "kg"}, {"date": "2020-03-01", "country": "Chile", "value": "0", "unit": "kg"}, {"date": "2020-04-01", "country": "Chile", "value": "0", "unit": "kg"}, {"date": "2020-05-01", "country": "Chile", "value": "0", "unit": "kg"}, {"date": "2018-12-01", "country": "Costa Rica", "value": "0", "unit": "kg"}, {"date": "2019-01-01", "country": "Costa Rica", "value": "0", "unit": "kg"}, {"date": "2019-02-01", "country": "Costa Rica", "value": "0", "unit": "kg"}, {"date": "2019-03-01", "country": "Costa Rica", "value": "0", "unit": "kg"}, {"date": "2019-04-01", "country": "Costa Rica", "value": "0", "unit": "kg"}, {"date": "2019-05-01", "country": "Costa Rica", "value": "0", "unit": "kg"}, {"date": "2019-06-01", "country": "Costa Rica", "value": "0", "unit": "kg"}, {"date": "2019-07-01", "country": "Costa Rica", "value": "0", "unit": "kg"}, {"date": "2019-08-01", "country": "Costa Rica", "value": "0", "unit": "kg"}, {"date": "2019-09-01", "country": "Costa Rica", "value": "0", "unit": "kg"}, {"date": "2019-10-01", "country": "Costa Rica", "value": "0", "unit": "kg"}, {"date": "2019-11-01", "country": "Costa Rica", "value": "1", "unit": "kg"}, {"date": "2019-12-01", "country": "Costa Rica", "value": "0", "unit": "kg"}, {"date": "2020-01-01", "country": "Costa Rica", "value": "0", "unit": "kg"}, {"date": "2020-02-01", "country": "Costa Rica", "value": "0", "unit": "kg"}, {"date": "2020-03-01", "country": "Costa Rica", "value": "0", "unit": "kg"}, {"date": "2020-04-01", "country": "Costa Rica", "value": "0", "unit": "kg"}, {"date": "2020-05-01", "country": "Costa Rica", "value": "0", "unit": "kg"}, {"date": "2018-12-01", "country": "Togo", "value": "0", "unit": "kg"}, {"date": "2019-01-01", "country": "Togo", "value": "0", "unit": "kg"}, {"date": "2019-02-01", "country": "Togo", "value": "0", "unit": "kg"}, {"date": "2019-03-01", "country": "Togo", "value": "0", "unit": "kg"}, {"date": "2019-04-01", "country": "Togo", "value": "0", "unit": "kg"}, {"date": "2019-05-01", "country": "Togo", "value": "0", "unit": "kg"}, {"date": "2019-06-01", "country": "Togo", "value": "0", "unit": "kg"}, {"date": "2019-07-01", "country": "Togo", "value": "0", "unit": "kg"}, {"date": "2019-08-01", "country": "Togo", "value": "0", "unit": "kg"}, {"date": "2019-09-01", "country": "Togo", "value": "0", "unit": "kg"}, {"date": "2019-10-01", "country": "Togo", "value": "0", "unit": "kg"}, {"date": "2019-11-01", "country": "Togo", "value": "2", "unit": "kg"}, {"date": "2019-12-01", "country": "Togo", "value": "0", "unit": "kg"}, {"date": "2020-01-01", "country": "Togo", "value": "0", "unit": "kg"}, {"date": "2020-02-01", "country": "Togo", "value": "3", "unit": "kg"}, {"date": "2020-03-01", "country": "Togo", "value": "0", "unit": "kg"}, {"date": "2020-04-01", "country": "Togo", "value": "0", "unit": "kg"}, {"date": "2020-05-01", "country": "Togo", "value": "0", "unit": "kg"}, {"date": "2018-12-01", "country": "United Arab Emirates", "value": "1", "unit": "kg"}, {"date": "2019-01-01", "country": "United Arab Emirates", "value": "0", "unit": "kg"}, {"date": "2019-02-01", "country": "United Arab Emirates", "value": "0", "unit": "kg"}, {"date": "2019-03-01", "country": "United Arab Emirates", "value": "0", "unit": "kg"}, {"date": "2019-04-01", "country": "United Arab Emirates", "value": "0", "unit": "kg"}, {"date": "2019-05-01", "country": "United Arab Emirates", "value": "0", "unit": "kg"}, {"date": "2019-06-01", "country": "United Arab Emirates", "value": "0", "unit": "kg"}, {"date": "2019-07-01", "country": "United Arab Emirates", "value": "0", "unit": "kg"}, {"date": "2019-08-01", "country": "United Arab Emirates", "value": "0", "unit": "kg"}, {"date": "2019-09-01", "country": "United Arab Emirates", "value": "1", "unit": "kg"}, {"date": "2019-10-01", "country": "United Arab Emirates", "value": "1", "unit": "kg"}, {"date": "2019-11-01", "country": "United Arab Emirates", "value": "2", "unit": "kg"}, {"date": "2019-12-01", "country": "United Arab Emirates", "value": "2", "unit": "kg"}, {"date": "2020-01-01", "country": "United Arab Emirates", "value": "1", "unit": "kg"}, {"date": "2020-02-01", "country": "United Arab Emirates", "value": "1", "unit": "kg"}, {"date": "2020-03-01", "country": "United Arab Emirates", "value": "0", "unit": "kg"}, {"date": "2020-04-01", "country": "United Arab Emirates", "value": "0", "unit": "kg"}, {"date": "2020-05-01", "country": "United Arab Emirates", "value": "0", "unit": "kg"}, {"date": "2018-12-01", "country": "Turkey", "value": "2", "unit": "kg"}, {"date": "2019-01-01", "country": "Turkey", "value": "0", "unit": "kg"}, {"date": "2019-02-01", "country": "Turkey", "value": "0", "unit": "kg"}, {"date": "2019-03-01", "country": "Turkey", "value": "0", "unit": "kg"}, {"date": "2019-04-01", "country": "Turkey", "value": "0", "unit": "kg"}, {"date": "2019-05-01", "country": "Turkey", "value": "0", "unit": "kg"}, {"date": "2019-06-01", "country": "Turkey", "value": "0", "unit": "kg"}, {"date": "2019-07-01", "country": "Turkey", "value": "0", "unit": "kg"}, {"date": "2019-08-01", "country": "Turkey", "value": "0", "unit": "kg"}, {"date": "2019-09-01", "country": "Turkey", "value": "1", "unit": "kg"}, {"date": "2019-10-01", "country": "Turkey", "value": "0", "unit": "kg"}, {"date": "2019-11-01", "country": "Turkey", "value": "0", "unit": "kg"}, {"date": "2019-12-01", "country": "Turkey", "value": "0", "unit": "kg"}, {"date": "2020-01-01", "country": "Turkey", "value": "0", "unit": "kg"}, {"date": "2020-02-01", "country": "Turkey", "value": "0", "unit": "kg"}, {"date": "2020-03-01", "country": "Turkey", "value": "0", "unit": "kg"}, {"date": "2020-04-01", "country": "Turkey", "value": "0", "unit": "kg"}, {"date": "2020-05-01", "country": "Turkey", "value": "0", "unit": "kg"}, {"date": "2018-12-01", "country": "Macedonia, North", "value": "3", "unit": "kg"}, {"date": "2019-01-01", "country": "Macedonia, North", "value": "0", "unit": "kg"}, {"date": "2019-02-01", "country": "Macedonia, North", "value": "3", "unit": "kg"}, {"date": "2019-03-01", "country": "Macedonia, North", "value": "3", "unit": "kg"}, {"date": "2019-04-01", "country": "Macedonia, North", "value": "0", "unit": "kg"}, {"date": "2019-05-01", "country": "Macedonia, North", "value": "3", "unit": "kg"}, {"date": "2019-06-01", "country": "Macedonia, North", "value": "0", "unit": "kg"}, {"date": "2019-07-01", "country": "Macedonia, North", "value": "1", "unit": "kg"}, {"date": "2019-08-01", "country": "Macedonia, North", "value": "2", "unit": "kg"}, {"date": "2019-09-01", "country": "Macedonia, North", "value": "3", "unit": "kg"}, {"date": "2019-10-01", "country": "Macedonia, North", "value": "1", "unit": "kg"}, {"date": "2019-11-01", "country": "Macedonia, North", "value": "0", "unit": "kg"}, {"date": "2019-12-01", "country": "Macedonia, North", "value": "0", "unit": "kg"}, {"date": "2020-01-01", "country": "Macedonia, North", "value": "0", "unit": "kg"}, {"date": "2020-02-01", "country": "Macedonia, North", "value": "0", "unit": "kg"}, {"date": "2020-03-01", "country": "Macedonia, North", "value": "0", "unit": "kg"}, {"date": "2020-04-01", "country": "Macedonia, North", "value": "0", "unit": "kg"}, {"date": "2020-05-01", "country": "Macedonia, North", "value": "0", "unit": "kg"}, {"date": "2018-12-01", "country": "United States of America", "value": "11", "unit": "kg"}, {"date": "2019-01-01", "country": "United States of America", "value": "0", "unit": "kg"}, {"date": "2019-02-01", "country": "United States of America", "value": "0", "unit": "kg"}, {"date": "2019-03-01", "country": "United States of America", "value": "0", "unit": "kg"}, {"date": "2019-04-01", "country": "United States of America", "value": "0", "unit": "kg"}, {"date": "2019-05-01", "country": "United States of America", "value": "0", "unit": "kg"}, {"date": "2019-06-01", "country": "United States of America", "value": "0", "unit": "kg"}, {"date": "2019-07-01", "country": "United States of America", "value": "1", "unit": "kg"}, {"date": "2019-08-01", "country": "United States of America", "value": "0", "unit": "kg"}, {"date": "2019-09-01", "country": "United States of America", "value": "0", "unit": "kg"}, {"date": "2019-10-01", "country": "United States of America", "value": "0", "unit": "kg"}, {"date": "2019-11-01", "country": "United States of America", "value": "0", "unit": "kg"}, {"date": "2019-12-01", "country": "United States of America", "value": "0", "unit": "kg"}, {"date": "2020-01-01", "country": "United States of America", "value": "0", "unit": "kg"}, {"date": "2020-02-01", "country": "United States of America", "value": "0", "unit": "kg"}, {"date": "2020-03-01", "country": "United States of America", "value": "0", "unit": "kg"}, {"date": "2020-04-01", "country": "United States of America", "value": "0", "unit": "kg"}, {"date": "2020-05-01", "country": "United States of America", "value": "0", "unit": "kg"}, {"date": "2018-12-01", "country": "Uruguay", "value": "0", "unit": "kg"}, {"date": "2019-01-01", "country": "Uruguay", "value": "0", "unit": "kg"}, {"date": "2019-02-01", "country": "Uruguay", "value": "0", "unit": "kg"}, {"date": "2019-03-01", "country": "Uruguay", "value": "0", "unit": "kg"}, {"date": "2019-04-01", "country": "Uruguay", "value": "0", "unit": "kg"}, {"date": "2019-05-01", "country": "Uruguay", "value": "0", "unit": "kg"}, {"date": "2019-06-01", "country": "Uruguay", "value": "0", "unit": "kg"}, {"date": "2019-07-01", "country": "Uruguay", "value": "0", "unit": "kg"}, {"date": "2019-08-01", "country": "Uruguay", "value": "0", "unit": "kg"}, {"date": "2019-09-01", "country": "Uruguay", "value": "1", "unit": "kg"}, {"date": "2019-10-01", "country": "Uruguay", "value": "2", "unit": "kg"}, {"date": "2019-11-01", "country": "Uruguay", "value": "1", "unit": "kg"}, {"date": "2019-12-01", "country": "Uruguay", "value": "0", "unit": "kg"}, {"date": "2020-01-01", "country": "Uruguay", "value": "0", "unit": "kg"}, {"date": "2020-02-01", "country": "Uruguay", "value": "0", "unit": "kg"}, {"date": "2020-03-01", "country": "Uruguay", "value": "0", "unit": "kg"}, {"date": "2020-04-01", "country": "Uruguay", "value": "0", "unit": "kg"}, {"date": "2020-05-01", "country": "Uruguay", "value": "0", "unit": "kg"}, {"date": "2018-12-01", "country": "Moldova, Republic of", "value": "1", "unit": "kg"}, {"date": "2019-01-01", "country": "Moldova, Republic of", "value": "0", "unit": "kg"}, {"date": "2019-02-01", "country": "Moldova, Republic of", "value": "1", "unit": "kg"}, {"date": "2019-03-01", "country": "Moldova, Republic of", "value": "0", "unit": "kg"}, {"date": "2019-04-01", "country": "Moldova, Republic of", "value": "1", "unit": "kg"}, {"date": "2019-05-01", "country": "Moldova, Republic of", "value": "0", "unit": "kg"}, {"date": "2019-06-01", "country": "Moldova, Republic of", "value": "1", "unit": "kg"}, {"date": "2019-07-01", "country": "Moldova, Republic of", "value": "0", "unit": "kg"}, {"date": "2019-08-01", "country": "Moldova, Republic of", "value": "0", "unit": "kg"}, {"date": "2019-09-01", "country": "Moldova, Republic of", "value": "1", "unit": "kg"}, {"date": "2019-10-01", "country": "Moldova, Republic of", "value": "0", "unit": "kg"}, {"date": "2019-11-01", "country": "Moldova, Republic of", "value": "2", "unit": "kg"}, {"date": "2019-12-01", "country": "Moldova, Republic of", "value": "0", "unit": "kg"}, {"date": "2020-01-01", "country": "Moldova, Republic of", "value": "0", "unit": "kg"}, {"date": "2020-02-01", "country": "Moldova, Republic of", "value": "0", "unit": "kg"}, {"date": "2020-03-01", "country": "Moldova, Republic of", "value": "1", "unit": "kg"}, {"date": "2020-04-01", "country": "Moldova, Republic of", "value": "0", "unit": "kg"}, {"date": "2020-05-01", "country": "Moldova, Republic of", "value": "0", "unit": "kg"}, {"date": "2018-12-01", "country": "Montenegro", "value": "0", "unit": "kg"}, {"date": "2019-01-01", "country": "Montenegro", "value": "0", "unit": "kg"}, {"date": "2019-02-01", "country": "Montenegro", "value": "0", "unit": "kg"}, {"date": "2019-03-01", "country": "Montenegro", "value": "0", "unit": "kg"}, {"date": "2019-04-01", "country": "Montenegro", "value": "0", "unit": "kg"}, {"date": "2019-05-01", "country": "Montenegro", "value": "0", "unit": "kg"}, {"date": "2019-06-01", "country": "Montenegro", "value": "0", "unit": "kg"}, {"date": "2019-07-01", "country": "Montenegro", "value": "4", "unit": "kg"}, {"date": "2019-08-01", "country": "Montenegro", "value": "0", "unit": "kg"}, {"date": "2019-09-01", "country": "Montenegro", "value": "1", "unit": "kg"}, {"date": "2019-10-01", "country": "Montenegro", "value": "0", "unit": "kg"}, {"date": "2019-11-01", "country": "Montenegro", "value": "0", "unit": "kg"}, {"date": "2019-12-01", "country": "Montenegro", "value": "0", "unit": "kg"}, {"date": "2020-01-01", "country": "Montenegro", "value": "0", "unit": "kg"}, {"date": "2020-02-01", "country": "Montenegro", "value": "0", "unit": "kg"}, {"date": "2020-03-01", "country": "Montenegro", "value": "0", "unit": "kg"}, {"date": "2020-04-01", "country": "Montenegro", "value": "0", "unit": "kg"}, {"date": "2020-05-01", "country": "Montenegro", "value": "0", "unit": "kg"}, {"date": "2018-12-01", "country": "Maldives", "value": "1", "unit": "kg"}, {"date": "2019-01-01", "country": "Maldives", "value": "0", "unit": "kg"}, {"date": "2019-02-01", "country": "Maldives", "value": "0", "unit": "kg"}, {"date": "2019-03-01", "country": "Maldives", "value": "2", "unit": "kg"}, {"date": "2019-04-01", "country": "Maldives", "value": "2", "unit": "kg"}, {"date": "2019-05-01", "country": "Maldives", "value": "0", "unit": "kg"}, {"date": "2019-06-01", "country": "Maldives", "value": "0", "unit": "kg"}, {"date": "2019-07-01", "country": "Maldives", "value": "0", "unit": "kg"}, {"date": "2019-08-01", "country": "Maldives", "value": "0", "unit": "kg"}, {"date": "2019-09-01", "country": "Maldives", "value": "1", "unit": "kg"}, {"date": "2019-10-01", "country": "Maldives", "value": "1", "unit": "kg"}, {"date": "2019-11-01", "country": "Maldives", "value": "0", "unit": "kg"}, {"date": "2019-12-01", "country": "Maldives", "value": "1", "unit": "kg"}, {"date": "2020-01-01", "country": "Maldives", "value": "2", "unit": "kg"}, {"date": "2020-02-01", "country": "Maldives", "value": "3", "unit": "kg"}, {"date": "2020-03-01", "country": "Maldives", "value": "1", "unit": "kg"}, {"date": "2020-04-01", "country": "Maldives", "value": "0", "unit": "kg"}, {"date": "2020-05-01", "country": "Maldives", "value": "0", "unit": "kg"}, {"date": "2018-12-01", "country": "Malta", "value": "0", "unit": "kg"}, {"date": "2019-01-01", "country": "Malta", "value": "0", "unit": "kg"}, {"date": "2019-02-01", "country": "Malta", "value": "0", "unit": "kg"}, {"date": "2019-03-01", "country": "Malta", "value": "0", "unit": "kg"}, {"date": "2019-04-01", "country": "Malta", "value": "0", "unit": "kg"}, {"date": "2019-05-01", "country": "Malta", "value": "0", "unit": "kg"}, {"date": "2019-06-01", "country": "Malta", "value": "0", "unit": "kg"}, {"date": "2019-07-01", "country": "Malta", "value": "1", "unit": "kg"}, {"date": "2019-08-01", "country": "Malta", "value": "0", "unit": "kg"}, {"date": "2019-09-01", "country": "Malta", "value": "0", "unit": "kg"}, {"date": "2019-10-01", "country": "Malta", "value": "0", "unit": "kg"}, {"date": "2019-11-01", "country": "Malta", "value": "0", "unit": "kg"}, {"date": "2019-12-01", "country": "Malta", "value": "0", "unit": "kg"}, {"date": "2020-01-01", "country": "Malta", "value": "0", "unit": "kg"}, {"date": "2020-02-01", "country": "Malta", "value": "0", "unit": "kg"}, {"date": "2020-03-01", "country": "Malta", "value": "0", "unit": "kg"}, {"date": "2020-04-01", "country": "Malta", "value": "0", "unit": "kg"}, {"date": "2020-05-01", "country": "Malta", "value": "0", "unit": "kg"}, {"date": "2018-12-01", "country": "New Zealand", "value": "0", "unit": "kg"}, {"date": "2019-01-01", "country": "New Zealand", "value": "0", "unit": "kg"}, {"date": "2019-02-01", "country": "New Zealand", "value": "0", "unit": "kg"}, {"date": "2019-03-01", "country": "New Zealand", "value": "0", "unit": "kg"}, {"date": "2019-04-01", "country": "New Zealand", "value": "0", "unit": "kg"}, {"date": "2019-05-01", "country": "New Zealand", "value": "0", "unit": "kg"}, {"date": "2019-06-01", "country": "New Zealand", "value": "0", "unit": "kg"}, {"date": "2019-07-01", "country": "New Zealand", "value": "0", "unit": "kg"}, {"date": "2019-08-01", "country": "New Zealand", "value": "0", "unit": "kg"}, {"date": "2019-09-01", "country": "New Zealand", "value": "0", "unit": "kg"}, {"date": "2019-10-01", "country": "New Zealand", "value": "0", "unit": "kg"}, {"date": "2019-11-01", "country": "New Zealand", "value": "0", "unit": "kg"}, {"date": "2019-12-01", "country": "New Zealand", "value": "0", "unit": "kg"}, {"date": "2020-01-01", "country": "New Zealand", "value": "0", "unit": "kg"}, {"date": "2020-02-01", "country": "New Zealand", "value": "0", "unit": "kg"}, {"date": "2020-03-01", "country": "New Zealand", "value": "0", "unit": "kg"}, {"date": "2020-04-01", "country": "New Zealand", "value": "0", "unit": "kg"}, {"date": "2020-05-01", "country": "New Zealand", "value": "0", "unit": "kg"}, {"date": "2018-12-01", "country": "Niger", "value": "0", "unit": "kg"}, {"date": "2019-01-01", "country": "Niger", "value": "0", "unit": "kg"}, {"date": "2019-02-01", "country": "Niger", "value": "0", "unit": "kg"}, {"date": "2019-03-01", "country": "Niger", "value": "0", "unit": "kg"}, {"date": "2019-04-01", "country": "Niger", "value": "0", "unit": "kg"}, {"date": "2019-05-01", "country": "Niger", "value": "0", "unit": "kg"}, {"date": "2019-06-01", "country": "Niger", "value": "0", "unit": "kg"}, {"date": "2019-07-01", "country": "Niger", "value": "0", "unit": "kg"}, {"date": "2019-08-01", "country": "Niger", "value": "0", "unit": "kg"}, {"date": "2019-09-01", "country": "Niger", "value": "1", "unit": "kg"}, {"date": "2019-10-01", "country": "Niger", "value": "0", "unit": "kg"}, {"date": "2019-11-01", "country": "Niger", "value": "0", "unit": "kg"}, {"date": "2019-12-01", "country": "Niger", "value": "0", "unit": "kg"}, {"date": "2020-01-01", "country": "Niger", "value": "0", "unit": "kg"}, {"date": "2020-02-01", "country": "Niger", "value": "0", "unit": "kg"}, {"date": "2020-03-01", "country": "Niger", "value": "0", "unit": "kg"}, {"date": "2020-04-01", "country": "Niger", "value": "0", "unit": "kg"}, {"date": "2020-05-01", "country": "Niger", "value": "0", "unit": "kg"}, {"date": "2018-12-01", "country": "Nigeria", "value": "1", "unit": "kg"}, {"date": "2019-01-01", "country": "Nigeria", "value": "0", "unit": "kg"}, {"date": "2019-02-01", "country": "Nigeria", "value": "0", "unit": "kg"}, {"date": "2019-03-01", "country": "Nigeria", "value": "0", "unit": "kg"}, {"date": "2019-04-01", "country": "Nigeria", "value": "0", "unit": "kg"}, {"date": "2019-05-01", "country": "Nigeria", "value": "0", "unit": "kg"}, {"date": "2019-06-01", "country": "Nigeria", "value": "0", "unit": "kg"}, {"date": "2019-07-01", "country": "Nigeria", "value": "0", "unit": "kg"}, {"date": "2019-08-01", "country": "Nigeria", "value": "0", "unit": "kg"}, {"date": "2019-09-01", "country": "Nigeria", "value": "0", "unit": "kg"}, {"date": "2019-10-01", "country": "Nigeria", "value": "0", "unit": "kg"}, {"date": "2019-11-01", "country": "Nigeria", "value": "0", "unit": "kg"}, {"date": "2019-12-01", "country": "Nigeria", "value": "0", "unit": "kg"}, {"date": "2020-01-01", "country": "Nigeria", "value": "0", "unit": "kg"}, {"date": "2020-02-01", "country": "Nigeria", "value": "0", "unit": "kg"}, {"date": "2020-03-01", "country": "Nigeria", "value": "0", "unit": "kg"}, {"date": "2020-04-01", "country": "Nigeria", "value": "0", "unit": "kg"}, {"date": "2020-05-01", "country": "Nigeria", "value": "0", "unit": "kg"}, {"date": "2018-12-01", "country": "Russian Federation", "value": "0", "unit": "kg"}, {"date": "2019-01-01", "country": "Russian Federation", "value": "0", "unit": "kg"}, {"date": "2019-02-01", "country": "Russian Federation", "value": "0", "unit": "kg"}, {"date": "2019-03-01", "country": "Russian Federation", "value": "0", "unit": "kg"}, {"date": "2019-04-01", "country": "Russian Federation", "value": "0", "unit": "kg"}, {"date": "2019-05-01", "country": "Russian Federation", "value": "0", "unit": "kg"}, {"date": "2019-06-01", "country": "Russian Federation", "value": "0", "unit": "kg"}, {"date": "2019-07-01", "country": "Russian Federation", "value": "0", "unit": "kg"}, {"date": "2019-08-01", "country": "Russian Federation", "value": "0", "unit": "kg"}, {"date": "2019-09-01", "country": "Russian Federation", "value": "0", "unit": "kg"}, {"date": "2019-10-01", "country": "Russian Federation", "value": "0", "unit": "kg"}, {"date": "2019-11-01", "country": "Russian Federation", "value": "0", "unit": "kg"}, {"date": "2019-12-01", "country": "Russian Federation", "value": "0", "unit": "kg"}, {"date": "2020-01-01", "country": "Russian Federation", "value": "0", "unit": "kg"}, {"date": "2020-02-01", "country": "Russian Federation", "value": "0", "unit": "kg"}, {"date": "2020-03-01", "country": "Russian Federation", "value": "0", "unit": "kg"}, {"date": "2020-04-01", "country": "Russian Federation", "value": "0", "unit": "kg"}, {"date": "2020-05-01", "country": "Russian Federation", "value": "0", "unit": "kg"}, {"date": "2018-12-01", "country": "Saudi Arabia", "value": "0", "unit": "kg"}, {"date": "2019-01-01", "country": "Saudi Arabia", "value": "0", "unit": "kg"}, {"date": "2019-02-01", "country": "Saudi Arabia", "value": "0", "unit": "kg"}, {"date": "2019-03-01", "country": "Saudi Arabia", "value": "0", "unit": "kg"}, {"date": "2019-04-01", "country": "Saudi Arabia", "value": "0", "unit": "kg"}, {"date": "2019-05-01", "country": "Saudi Arabia", "value": "0", "unit": "kg"}, {"date": "2019-06-01", "country": "Saudi Arabia", "value": "0", "unit": "kg"}, {"date": "2019-07-01", "country": "Saudi Arabia", "value": "0", "unit": "kg"}, {"date": "2019-08-01", "country": "Saudi Arabia", "value": "0", "unit": "kg"}, {"date": "2019-09-01", "country": "Saudi Arabia", "value": "0", "unit": "kg"}, {"date": "2019-10-01", "country": "Saudi Arabia", "value": "0", "unit": "kg"}, {"date": "2019-11-01", "country": "Saudi Arabia", "value": "0", "unit": "kg"}, {"date": "2019-12-01", "country": "Saudi Arabia", "value": "0", "unit": "kg"}, {"date": "2020-01-01", "country": "Saudi Arabia", "value": "0", "unit": "kg"}, {"date": "2020-02-01", "country": "Saudi Arabia", "value": "0", "unit": "kg"}, {"date": "2020-03-01", "country": "Saudi Arabia", "value": "0", "unit": "kg"}, {"date": "2020-04-01", "country": "Saudi Arabia", "value": "0", "unit": "kg"}, {"date": "2020-05-01", "country": "Saudi Arabia", "value": "0", "unit": "kg"}, {"date": "2018-12-01", "country": "Serbia", "value": "0", "unit": "kg"}, {"date": "2019-01-01", "country": "Serbia", "value": "0", "unit": "kg"}, {"date": "2019-02-01", "country": "Serbia", "value": "0", "unit": "kg"}, {"date": "2019-03-01", "country": "Serbia", "value": "3", "unit": "kg"}, {"date": "2019-04-01", "country": "Serbia", "value": "0", "unit": "kg"}, {"date": "2019-05-01", "country": "Serbia", "value": "6", "unit": "kg"}, {"date": "2019-06-01", "country": "Serbia", "value": "10", "unit": "kg"}, {"date": "2019-07-01", "country": "Serbia", "value": "0", "unit": "kg"}, {"date": "2019-08-01", "country": "Serbia", "value": "0", "unit": "kg"}, {"date": "2019-09-01", "country": "Serbia", "value": "0", "unit": "kg"}, {"date": "2019-10-01", "country": "Serbia", "value": "0", "unit": "kg"}, {"date": "2019-11-01", "country": "Serbia", "value": "0", "unit": "kg"}, {"date": "2019-12-01", "country": "Serbia", "value": "0", "unit": "kg"}, {"date": "2020-01-01", "country": "Serbia", "value": "0", "unit": "kg"}, {"date": "2020-02-01", "country": "Serbia", "value": "0", "unit": "kg"}, {"date": "2020-03-01", "country": "Serbia", "value": "2", "unit": "kg"}, {"date": "2020-04-01", "country": "Serbia", "value": "0", "unit": "kg"}, {"date": "2020-05-01", "country": "Serbia", "value": "0", "unit": "kg"}, {"date": "2018-12-01", "country": "Singapore", "value": "0", "unit": "kg"}, {"date": "2019-01-01", "country": "Singapore", "value": "0", "unit": "kg"}, {"date": "2019-02-01", "country": "Singapore", "value": "2", "unit": "kg"}, {"date": "2019-03-01", "country": "Singapore", "value": "2", "unit": "kg"}, {"date": "2019-04-01", "country": "Singapore", "value": "1", "unit": "kg"}, {"date": "2019-05-01", "country": "Singapore", "value": "0", "unit": "kg"}, {"date": "2019-06-01", "country": "Singapore", "value": "0", "unit": "kg"}, {"date": "2019-07-01", "country": "Singapore", "value": "0", "unit": "kg"}, {"date": "2019-08-01", "country": "Singapore", "value": "0", "unit": "kg"}, {"date": "2019-09-01", "country": "Singapore", "value": "0", "unit": "kg"}, {"date": "2019-10-01", "country": "Singapore", "value": "1", "unit": "kg"}, {"date": "2019-11-01", "country": "Singapore", "value": "0", "unit": "kg"}, {"date": "2019-12-01", "country": "Singapore", "value": "0", "unit": "kg"}, {"date": "2020-01-01", "country": "Singapore", "value": "0", "unit": "kg"}, {"date": "2020-02-01", "country": "Singapore", "value": "0", "unit": "kg"}, {"date": "2020-03-01", "country": "Singapore", "value": "0", "unit": "kg"}, {"date": "2020-04-01", "country": "Singapore", "value": "0", "unit": "kg"}, {"date": "2020-05-01", "country": "Singapore", "value": "0", "unit": "kg"}, {"date": "2018-12-01", "country": "Viet Nam", "value": "0", "unit": "kg"}, {"date": "2019-01-01", "country": "Viet Nam", "value": "0", "unit": "kg"}, {"date": "2019-02-01", "country": "Viet Nam", "value": "0", "unit": "kg"}, {"date": "2019-03-01", "country": "Viet Nam", "value": "0", "unit": "kg"}, {"date": "2019-04-01", "country": "Viet Nam", "value": "0", "unit": "kg"}, {"date": "2019-05-01", "country": "Viet Nam", "value": "0", "unit": "kg"}, {"date": "2019-06-01", "country": "Viet Nam", "value": "0", "unit": "kg"}, {"date": "2019-07-01", "country": "Viet Nam", "value": "0", "unit": "kg"}, {"date": "2019-08-01", "country": "Viet Nam", "value": "0", "unit": "kg"}, {"date": "2019-09-01", "country": "Viet Nam", "value": "0", "unit": "kg"}, {"date": "2019-10-01", "country": "Viet Nam", "value": "0", "unit": "kg"}, {"date": "2019-11-01", "country": "Viet Nam", "value": "0", "unit": "kg"}, {"date": "2019-12-01", "country": "Viet Nam", "value": "0", "unit": "kg"}, {"date": "2020-01-01", "country": "Viet Nam", "value": "0", "unit": "kg"}, {"date": "2020-02-01", "country": "Viet Nam", "value": "0", "unit": "kg"}, {"date": "2020-03-01", "country": "Viet Nam", "value": "0", "unit": "kg"}, {"date": "2020-04-01", "country": "Viet Nam", "value": "0", "unit": "kg"}, {"date": "2020-05-01", "country": "Viet Nam", "value": "0", "unit": "kg"}, {"date": "2018-12-01", "country": "Paraguay", "value": "0", "unit": "kg"}, {"date": "2019-01-01", "country": "Paraguay", "value": "0", "unit": "kg"}, {"date": "2019-02-01", "country": "Paraguay", "value": "0", "unit": "kg"}, {"date": "2019-03-01", "country": "Paraguay", "value": "0", "unit": "kg"}, {"date": "2019-04-01", "country": "Paraguay", "value": "0", "unit": "kg"}, {"date": "2019-05-01", "country": "Paraguay", "value": "0", "unit": "kg"}, {"date": "2019-06-01", "country": "Paraguay", "value": "0", "unit": "kg"}, {"date": "2019-07-01", "country": "Paraguay", "value": "0", "unit": "kg"}, {"date": "2019-08-01", "country": "Paraguay", "value": "0", "unit": "kg"}, {"date": "2019-09-01", "country": "Paraguay", "value": "0", "unit": "kg"}, {"date": "2019-10-01", "country": "Paraguay", "value": "0", "unit": "kg"}, {"date": "2019-11-01", "country": "Paraguay", "value": "0", "unit": "kg"}, {"date": "2019-12-01", "country": "Paraguay", "value": "0", "unit": "kg"}, {"date": "2020-01-01", "country": "Paraguay", "value": "0", "unit": "kg"}, {"date": "2020-02-01", "country": "Paraguay", "value": "0", "unit": "kg"}, {"date": "2020-03-01", "country": "Paraguay", "value": "0", "unit": "kg"}, {"date": "2020-04-01", "country": "Paraguay", "value": "0", "unit": "kg"}, {"date": "2020-05-01", "country": "Paraguay", "value": "1", "unit": "kg"}, {"date": "2018-12-01", "country": "Peru", "value": "0", "unit": "kg"}, {"date": "2019-01-01", "country": "Peru", "value": "0", "unit": "kg"}, {"date": "2019-02-01", "country": "Peru", "value": "0", "unit": "kg"}, {"date": "2019-03-01", "country": "Peru", "value": "0", "unit": "kg"}, {"date": "2019-04-01", "country": "Peru", "value": "0", "unit": "kg"}, {"date": "2019-05-01", "country": "Peru", "value": "0", "unit": "kg"}, {"date": "2019-06-01", "country": "Peru", "value": "0", "unit": "kg"}, {"date": "2019-07-01", "country": "Peru", "value": "0", "unit": "kg"}, {"date": "2019-08-01", "country": "Peru", "value": "0", "unit": "kg"}, {"date": "2019-09-01", "country": "Peru", "value": "0", "unit": "kg"}, {"date": "2019-10-01", "country": "Peru", "value": "0", "unit": "kg"}, {"date": "2019-11-01", "country": "Peru", "value": "1", "unit": "kg"}, {"date": "2019-12-01", "country": "Peru", "value": "0", "unit": "kg"}, {"date": "2020-01-01", "country": "Peru", "value": "0", "unit": "kg"}, {"date": "2020-02-01", "country": "Peru", "value": "0", "unit": "kg"}, {"date": "2020-03-01", "country": "Peru", "value": "0", "unit": "kg"}, {"date": "2020-04-01", "country": "Peru", "value": "0", "unit": "kg"}, {"date": "2020-05-01", "country": "Peru", "value": "0", "unit": "kg"}]