[{"date": "2018-10-01", "country": "Spain", "value": "0", "unit": "kg"}, {"date": "2018-11-01", "country": "Spain", "value": "0", "unit": "kg"}, {"date": "2018-12-01", "country": "Spain", "value": "124", "unit": "kg"}, {"date": "2019-01-01", "country": "Spain", "value": "0", "unit": "kg"}, {"date": "2019-02-01", "country": "Spain", "value": "165", "unit": "kg"}, {"date": "2019-03-01", "country": "Spain", "value": "0", "unit": "kg"}, {"date": "2019-04-01", "country": "Spain", "value": "0", "unit": "kg"}, {"date": "2019-05-01", "country": "Spain", "value": "252", "unit": "kg"}, {"date": "2019-06-01", "country": "Spain", "value": "0", "unit": "kg"}, {"date": "2019-07-01", "country": "Spain", "value": "0", "unit": "kg"}, {"date": "2019-08-01", "country": "Spain", "value": "0", "unit": "kg"}, {"date": "2019-09-01", "country": "Spain", "value": "0", "unit": "kg"}, {"date": "2019-10-01", "country": "Spain", "value": "0", "unit": "kg"}, {"date": "2019-11-01", "country": "Spain", "value": "0", "unit": "kg"}, {"date": "2019-12-01", "country": "Spain", "value": "0", "unit": "kg"}, {"date": "2020-01-01", "country": "Spain", "value": "0", "unit": "kg"}, {"date": "2020-02-01", "country": "Spain", "value": "159", "unit": "kg"}, {"date": "2020-03-01", "country": "Spain", "value": "0", "unit": "kg"}, {"date": "2018-10-01", "country": "Germany", "value": "76", "unit": "kg"}, {"date": "2018-11-01", "country": "Germany", "value": "28", "unit": "kg"}, {"date": "2018-12-01", "country": "Germany", "value": "147", "unit": "kg"}, {"date": "2019-01-01", "country": "Germany", "value": "52", "unit": "kg"}, {"date": "2019-02-01", "country": "Germany", "value": "174", "unit": "kg"}, {"date": "2019-03-01", "country": "Germany", "value": "59", "unit": "kg"}, {"date": "2019-04-01", "country": "Germany", "value": "12", "unit": "kg"}, {"date": "2019-05-01", "country": "Germany", "value": "389", "unit": "kg"}, {"date": "2019-06-01", "country": "Germany", "value": "832", "unit": "kg"}, {"date": "2019-07-01", "country": "Germany", "value": "234", "unit": "kg"}, {"date": "2019-08-01", "country": "Germany", "value": "34", "unit": "kg"}, {"date": "2019-09-01", "country": "Germany", "value": "91", "unit": "kg"}, {"date": "2019-10-01", "country": "Germany", "value": "21", "unit": "kg"}, {"date": "2019-11-01", "country": "Germany", "value": "62", "unit": "kg"}, {"date": "2019-12-01", "country": "Germany", "value": "94", "unit": "kg"}, {"date": "2020-01-01", "country": "Germany", "value": "15", "unit": "kg"}, {"date": "2020-02-01", "country": "Germany", "value": "110", "unit": "kg"}, {"date": "2020-03-01", "country": "Germany", "value": "27", "unit": "kg"}, {"date": "2018-10-01", "country": "Poland", "value": "0", "unit": "kg"}, {"date": "2018-11-01", "country": "Poland", "value": "0", "unit": "kg"}, {"date": "2018-12-01", "country": "Poland", "value": "55", "unit": "kg"}, {"date": "2019-01-01", "country": "Poland", "value": "55", "unit": "kg"}, {"date": "2019-02-01", "country": "Poland", "value": "20", "unit": "kg"}, {"date": "2019-03-01", "country": "Poland", "value": "32", "unit": "kg"}, {"date": "2019-04-01", "country": "Poland", "value": "21", "unit": "kg"}, {"date": "2019-05-01", "country": "Poland", "value": "0", "unit": "kg"}, {"date": "2019-06-01", "country": "Poland", "value": "0", "unit": "kg"}, {"date": "2019-07-01", "country": "Poland", "value": "59", "unit": "kg"}, {"date": "2019-08-01", "country": "Poland", "value": "58", "unit": "kg"}, {"date": "2019-09-01", "country": "Poland", "value": "20", "unit": "kg"}, {"date": "2019-10-01", "country": "Poland", "value": "0", "unit": "kg"}, {"date": "2019-11-01", "country": "Poland", "value": "0", "unit": "kg"}, {"date": "2019-12-01", "country": "Poland", "value": "0", "unit": "kg"}, {"date": "2020-01-01", "country": "Poland", "value": "0", "unit": "kg"}, {"date": "2020-02-01", "country": "Poland", "value": "19", "unit": "kg"}, {"date": "2020-03-01", "country": "Poland", "value": "32", "unit": "kg"}, {"date": "2018-10-01", "country": "Italy", "value": "31", "unit": "kg"}, {"date": "2018-11-01", "country": "Italy", "value": "42", "unit": "kg"}, {"date": "2018-12-01", "country": "Italy", "value": "10", "unit": "kg"}, {"date": "2019-01-01", "country": "Italy", "value": "29", "unit": "kg"}, {"date": "2019-02-01", "country": "Italy", "value": "66", "unit": "kg"}, {"date": "2019-03-01", "country": "Italy", "value": "7", "unit": "kg"}, {"date": "2019-04-01", "country": "Italy", "value": "84", "unit": "kg"}, {"date": "2019-05-01", "country": "Italy", "value": "85", "unit": "kg"}, {"date": "2019-06-01", "country": "Italy", "value": "26", "unit": "kg"}, {"date": "2019-07-01", "country": "Italy", "value": "25", "unit": "kg"}, {"date": "2019-08-01", "country": "Italy", "value": "9", "unit": "kg"}, {"date": "2019-09-01", "country": "Italy", "value": "15", "unit": "kg"}, {"date": "2019-10-01", "country": "Italy", "value": "14", "unit": "kg"}, {"date": "2019-11-01", "country": "Italy", "value": "10", "unit": "kg"}, {"date": "2019-12-01", "country": "Italy", "value": "23", "unit": "kg"}, {"date": "2020-01-01", "country": "Italy", "value": "9", "unit": "kg"}, {"date": "2020-02-01", "country": "Italy", "value": "24", "unit": "kg"}, {"date": "2020-03-01", "country": "Italy", "value": "0", "unit": "kg"}, {"date": "2018-10-01", "country": "Romania", "value": "0", "unit": "kg"}, {"date": "2018-11-01", "country": "Romania", "value": "0", "unit": "kg"}, {"date": "2018-12-01", "country": "Romania", "value": "0", "unit": "kg"}, {"date": "2019-01-01", "country": "Romania", "value": "0", "unit": "kg"}, {"date": "2019-02-01", "country": "Romania", "value": "0", "unit": "kg"}, {"date": "2019-03-01", "country": "Romania", "value": "1358", "unit": "kg"}, {"date": "2019-04-01", "country": "Romania", "value": "0", "unit": "kg"}, {"date": "2019-05-01", "country": "Romania", "value": "679", "unit": "kg"}, {"date": "2019-06-01", "country": "Romania", "value": "0", "unit": "kg"}, {"date": "2019-07-01", "country": "Romania", "value": "0", "unit": "kg"}, {"date": "2019-08-01", "country": "Romania", "value": "0", "unit": "kg"}, {"date": "2019-09-01", "country": "Romania", "value": "0", "unit": "kg"}, {"date": "2019-10-01", "country": "Romania", "value": "0", "unit": "kg"}, {"date": "2019-11-01", "country": "Romania", "value": "0", "unit": "kg"}, {"date": "2019-12-01", "country": "Romania", "value": "0", "unit": "kg"}, {"date": "2020-01-01", "country": "Romania", "value": "0", "unit": "kg"}, {"date": "2020-02-01", "country": "Romania", "value": "0", "unit": "kg"}, {"date": "2020-03-01", "country": "Romania", "value": "0", "unit": "kg"}, {"date": "2018-10-01", "country": "Slovakia", "value": "1789", "unit": "kg"}, {"date": "2018-11-01", "country": "Slovakia", "value": "383", "unit": "kg"}, {"date": "2018-12-01", "country": "Slovakia", "value": "102", "unit": "kg"}, {"date": "2019-01-01", "country": "Slovakia", "value": "0", "unit": "kg"}, {"date": "2019-02-01", "country": "Slovakia", "value": "0", "unit": "kg"}, {"date": "2019-03-01", "country": "Slovakia", "value": "330", "unit": "kg"}, {"date": "2019-04-01", "country": "Slovakia", "value": "445", "unit": "kg"}, {"date": "2019-05-01", "country": "Slovakia", "value": "302", "unit": "kg"}, {"date": "2019-06-01", "country": "Slovakia", "value": "270", "unit": "kg"}, {"date": "2019-07-01", "country": "Slovakia", "value": "324", "unit": "kg"}, {"date": "2019-08-01", "country": "Slovakia", "value": "0", "unit": "kg"}, {"date": "2019-09-01", "country": "Slovakia", "value": "0", "unit": "kg"}, {"date": "2019-10-01", "country": "Slovakia", "value": "0", "unit": "kg"}, {"date": "2019-11-01", "country": "Slovakia", "value": "0", "unit": "kg"}, {"date": "2019-12-01", "country": "Slovakia", "value": "45", "unit": "kg"}, {"date": "2020-01-01", "country": "Slovakia", "value": "0", "unit": "kg"}, {"date": "2020-02-01", "country": "Slovakia", "value": "0", "unit": "kg"}, {"date": "2020-03-01", "country": "Slovakia", "value": "0", "unit": "kg"}, {"date": "2018-10-01", "country": "Slovenia", "value": "693", "unit": "kg"}, {"date": "2018-11-01", "country": "Slovenia", "value": "0", "unit": "kg"}, {"date": "2018-12-01", "country": "Slovenia", "value": "0", "unit": "kg"}, {"date": "2019-01-01", "country": "Slovenia", "value": "448", "unit": "kg"}, {"date": "2019-02-01", "country": "Slovenia", "value": "451", "unit": "kg"}, {"date": "2019-03-01", "country": "Slovenia", "value": "0", "unit": "kg"}, {"date": "2019-04-01", "country": "Slovenia", "value": "663", "unit": "kg"}, {"date": "2019-05-01", "country": "Slovenia", "value": "0", "unit": "kg"}, {"date": "2019-06-01", "country": "Slovenia", "value": "0", "unit": "kg"}, {"date": "2019-07-01", "country": "Slovenia", "value": "0", "unit": "kg"}, {"date": "2019-08-01", "country": "Slovenia", "value": "0", "unit": "kg"}, {"date": "2019-09-01", "country": "Slovenia", "value": "0", "unit": "kg"}, {"date": "2019-10-01", "country": "Slovenia", "value": "0", "unit": "kg"}, {"date": "2019-11-01", "country": "Slovenia", "value": "0", "unit": "kg"}, {"date": "2019-12-01", "country": "Slovenia", "value": "0", "unit": "kg"}, {"date": "2020-01-01", "country": "Slovenia", "value": "358", "unit": "kg"}, {"date": "2020-02-01", "country": "Slovenia", "value": "0", "unit": "kg"}, {"date": "2020-03-01", "country": "Slovenia", "value": "305", "unit": "kg"}, {"date": "2018-10-01", "country": "Hungary", "value": "7277", "unit": "kg"}, {"date": "2018-11-01", "country": "Hungary", "value": "7079", "unit": "kg"}, {"date": "2018-12-01", "country": "Hungary", "value": "1502", "unit": "kg"}, {"date": "2019-01-01", "country": "Hungary", "value": "0", "unit": "kg"}, {"date": "2019-02-01", "country": "Hungary", "value": "674", "unit": "kg"}, {"date": "2019-03-01", "country": "Hungary", "value": "0", "unit": "kg"}, {"date": "2019-04-01", "country": "Hungary", "value": "869", "unit": "kg"}, {"date": "2019-05-01", "country": "Hungary", "value": "68", "unit": "kg"}, {"date": "2019-06-01", "country": "Hungary", "value": "0", "unit": "kg"}, {"date": "2019-07-01", "country": "Hungary", "value": "0", "unit": "kg"}, {"date": "2019-08-01", "country": "Hungary", "value": "0", "unit": "kg"}, {"date": "2019-09-01", "country": "Hungary", "value": "0", "unit": "kg"}, {"date": "2019-10-01", "country": "Hungary", "value": "4434", "unit": "kg"}, {"date": "2019-11-01", "country": "Hungary", "value": "2327", "unit": "kg"}, {"date": "2019-12-01", "country": "Hungary", "value": "0", "unit": "kg"}, {"date": "2020-01-01", "country": "Hungary", "value": "0", "unit": "kg"}, {"date": "2020-02-01", "country": "Hungary", "value": "0", "unit": "kg"}, {"date": "2020-03-01", "country": "Hungary", "value": "0", "unit": "kg"}, {"date": "2018-10-01", "country": "Czech Republic", "value": "0", "unit": "kg"}, {"date": "2018-11-01", "country": "Czech Republic", "value": "0", "unit": "kg"}, {"date": "2018-12-01", "country": "Czech Republic", "value": "483", "unit": "kg"}, {"date": "2019-01-01", "country": "Czech Republic", "value": "19", "unit": "kg"}, {"date": "2019-02-01", "country": "Czech Republic", "value": "0", "unit": "kg"}, {"date": "2019-03-01", "country": "Czech Republic", "value": "0", "unit": "kg"}, {"date": "2019-04-01", "country": "Czech Republic", "value": "0", "unit": "kg"}, {"date": "2019-05-01", "country": "Czech Republic", "value": "27", "unit": "kg"}, {"date": "2019-06-01", "country": "Czech Republic", "value": "0", "unit": "kg"}, {"date": "2019-07-01", "country": "Czech Republic", "value": "0", "unit": "kg"}, {"date": "2019-08-01", "country": "Czech Republic", "value": "0", "unit": "kg"}, {"date": "2019-09-01", "country": "Czech Republic", "value": "0", "unit": "kg"}, {"date": "2019-10-01", "country": "Czech Republic", "value": "0", "unit": "kg"}, {"date": "2019-11-01", "country": "Czech Republic", "value": "0", "unit": "kg"}, {"date": "2019-12-01", "country": "Czech Republic", "value": "0", "unit": "kg"}, {"date": "2020-01-01", "country": "Czech Republic", "value": "0", "unit": "kg"}, {"date": "2020-02-01", "country": "Czech Republic", "value": "0", "unit": "kg"}, {"date": "2020-03-01", "country": "Czech Republic", "value": "0", "unit": "kg"}]