[{"date": "2018-10-01", "country_from": "UY", "country_to": "GB", "value": "816860", "unit": "kg"}, {"date": "2018-11-01", "country_from": "UY", "country_to": "GB", "value": "1487490", "unit": "kg"}, {"date": "2018-12-01", "country_from": "UY", "country_to": "GB", "value": "1056440", "unit": "kg"}, {"date": "2019-01-01", "country_from": "UY", "country_to": "GB", "value": "2012280", "unit": "kg"}, {"date": "2019-02-01", "country_from": "UY", "country_to": "GB", "value": "1607000", "unit": "kg"}, {"date": "2019-03-01", "country_from": "UY", "country_to": "GB", "value": "792060", "unit": "kg"}, {"date": "2019-04-01", "country_from": "UY", "country_to": "GB", "value": "504000", "unit": "kg"}, {"date": "2019-05-01", "country_from": "UY", "country_to": "GB", "value": "504000", "unit": "kg"}, {"date": "2019-06-01", "country_from": "UY", "country_to": "GB", "value": "504000", "unit": "kg"}, {"date": "2019-07-01", "country_from": "UY", "country_to": "GB", "value": "480000", "unit": "kg"}, {"date": "2019-08-01", "country_from": "UY", "country_to": "GB", "value": "480000", "unit": "kg"}, {"date": "2019-09-01", "country_from": "UY", "country_to": "GB", "value": "528120", "unit": "kg"}, {"date": "2019-10-01", "country_from": "UY", "country_to": "GB", "value": "1416000", "unit": "kg"}, {"date": "2019-11-01", "country_from": "UY", "country_to": "GB", "value": "1776000", "unit": "kg"}, {"date": "2019-12-01", "country_from": "UY", "country_to": "GB", "value": "1224000", "unit": "kg"}, {"date": "2020-01-01", "country_from": "UY", "country_to": "GB", "value": "720000", "unit": "kg"}, {"date": "2020-02-01", "country_from": "UY", "country_to": "GB", "value": "792000", "unit": "kg"}, {"date": "2020-03-01", "country_from": "UY", "country_to": "GB", "value": "1959440", "unit": "kg"}, {"date": "2020-04-01", "country_from": "UY", "country_to": "GB", "value": "5123610", "unit": "kg"}, {"date": "2020-05-01", "country_from": "UY", "country_to": "GB", "value": "3768000", "unit": "kg"}, {"date": "2018-10-01", "country_from": "UY", "country_to": "-", "value": "2219080", "unit": "kg"}, {"date": "2018-11-01", "country_from": "UY", "country_to": "-", "value": "2637500", "unit": "kg"}, {"date": "2018-12-01", "country_from": "UY", "country_to": "-", "value": "2333790", "unit": "kg"}, {"date": "2019-01-01", "country_from": "UY", "country_to": "-", "value": "3265970", "unit": "kg"}, {"date": "2019-02-01", "country_from": "UY", "country_to": "-", "value": "4382045", "unit": "kg"}, {"date": "2019-03-01", "country_from": "UY", "country_to": "-", "value": "1410000", "unit": "kg"}, {"date": "2019-04-01", "country_from": "UY", "country_to": "-", "value": "3222805", "unit": "kg"}, {"date": "2019-05-01", "country_from": "UY", "country_to": "-", "value": "3119110", "unit": "kg"}, {"date": "2019-06-01", "country_from": "UY", "country_to": "-", "value": "1600500", "unit": "kg"}, {"date": "2019-07-01", "country_from": "UY", "country_to": "-", "value": "1120000", "unit": "kg"}, {"date": "2019-08-01", "country_from": "UY", "country_to": "-", "value": "1278380", "unit": "kg"}, {"date": "2019-09-01", "country_from": "UY", "country_to": "-", "value": "1019020", "unit": "kg"}, {"date": "2019-10-01", "country_from": "UY", "country_to": "-", "value": "517000", "unit": "kg"}, {"date": "2019-11-01", "country_from": "UY", "country_to": "-", "value": "1044500", "unit": "kg"}, {"date": "2019-12-01", "country_from": "UY", "country_to": "-", "value": "1512000", "unit": "kg"}, {"date": "2020-01-01", "country_from": "UY", "country_to": "-", "value": "1538000", "unit": "kg"}, {"date": "2020-02-01", "country_from": "UY", "country_to": "-", "value": "1548160", "unit": "kg"}, {"date": "2020-03-01", "country_from": "UY", "country_to": "-", "value": "2352000", "unit": "kg"}, {"date": "2020-04-01", "country_from": "UY", "country_to": "-", "value": "4200620", "unit": "kg"}, {"date": "2020-05-01", "country_from": "UY", "country_to": "-", "value": "3408000", "unit": "kg"}, {"date": "2018-10-01", "country_from": "UY", "country_to": "BR", "value": "1754640", "unit": "kg"}, {"date": "2018-11-01", "country_from": "UY", "country_to": "BR", "value": "1143000", "unit": "kg"}, {"date": "2018-12-01", "country_from": "UY", "country_to": "BR", "value": "1799500", "unit": "kg"}, {"date": "2019-01-01", "country_from": "UY", "country_to": "BR", "value": "3179290", "unit": "kg"}, {"date": "2019-02-01", "country_from": "UY", "country_to": "BR", "value": "2283000", "unit": "kg"}, {"date": "2019-03-01", "country_from": "UY", "country_to": "BR", "value": "1510000", "unit": "kg"}, {"date": "2019-04-01", "country_from": "UY", "country_to": "BR", "value": "1208000", "unit": "kg"}, {"date": "2019-05-01", "country_from": "UY", "country_to": "BR", "value": "1843000", "unit": "kg"}, {"date": "2019-06-01", "country_from": "UY", "country_to": "BR", "value": "3202000", "unit": "kg"}, {"date": "2019-07-01", "country_from": "UY", "country_to": "BR", "value": "2068000", "unit": "kg"}, {"date": "2019-08-01", "country_from": "UY", "country_to": "BR", "value": "3291000", "unit": "kg"}, {"date": "2019-09-01", "country_from": "UY", "country_to": "BR", "value": "1287000", "unit": "kg"}, {"date": "2019-10-01", "country_from": "UY", "country_to": "BR", "value": "2951400", "unit": "kg"}, {"date": "2019-11-01", "country_from": "UY", "country_to": "BR", "value": "1747000", "unit": "kg"}, {"date": "2019-12-01", "country_from": "UY", "country_to": "BR", "value": "3120000", "unit": "kg"}, {"date": "2020-01-01", "country_from": "UY", "country_to": "BR", "value": "4267090", "unit": "kg"}, {"date": "2020-02-01", "country_from": "UY", "country_to": "BR", "value": "2277930", "unit": "kg"}, {"date": "2020-03-01", "country_from": "UY", "country_to": "BR", "value": "517000", "unit": "kg"}, {"date": "2020-04-01", "country_from": "UY", "country_to": "BR", "value": "579450", "unit": "kg"}, {"date": "2020-05-01", "country_from": "UY", "country_to": "BR", "value": "1063000", "unit": "kg"}, {"date": "2018-10-01", "country_from": "UY", "country_to": "NL", "value": "1487450", "unit": "kg"}, {"date": "2018-11-01", "country_from": "UY", "country_to": "NL", "value": "815990", "unit": "kg"}, {"date": "2018-12-01", "country_from": "UY", "country_to": "NL", "value": "1392420", "unit": "kg"}, {"date": "2019-01-01", "country_from": "UY", "country_to": "NL", "value": "982490", "unit": "kg"}, {"date": "2019-02-01", "country_from": "UY", "country_to": "NL", "value": "454080", "unit": "kg"}, {"date": "2019-03-01", "country_from": "UY", "country_to": "NL", "value": "431030", "unit": "kg"}, {"date": "2019-04-01", "country_from": "UY", "country_to": "NL", "value": "0", "unit": "kg"}, {"date": "2019-05-01", "country_from": "UY", "country_to": "NL", "value": "0", "unit": "kg"}, {"date": "2019-06-01", "country_from": "UY", "country_to": "NL", "value": "237780", "unit": "kg"}, {"date": "2019-07-01", "country_from": "UY", "country_to": "NL", "value": "407280", "unit": "kg"}, {"date": "2019-08-01", "country_from": "UY", "country_to": "NL", "value": "69700", "unit": "kg"}, {"date": "2019-09-01", "country_from": "UY", "country_to": "NL", "value": "240000", "unit": "kg"}, {"date": "2019-10-01", "country_from": "UY", "country_to": "NL", "value": "720810", "unit": "kg"}, {"date": "2019-11-01", "country_from": "UY", "country_to": "NL", "value": "936000", "unit": "kg"}, {"date": "2019-12-01", "country_from": "UY", "country_to": "NL", "value": "0", "unit": "kg"}, {"date": "2020-01-01", "country_from": "UY", "country_to": "NL", "value": "0", "unit": "kg"}, {"date": "2020-02-01", "country_from": "UY", "country_to": "NL", "value": "720000", "unit": "kg"}, {"date": "2020-03-01", "country_from": "UY", "country_to": "NL", "value": "720000", "unit": "kg"}, {"date": "2020-04-01", "country_from": "UY", "country_to": "NL", "value": "720000", "unit": "kg"}, {"date": "2020-05-01", "country_from": "UY", "country_to": "NL", "value": "720000", "unit": "kg"}, {"date": "2018-10-01", "country_from": "UY", "country_to": "FR", "value": "959000", "unit": "kg"}, {"date": "2018-11-01", "country_from": "UY", "country_to": "FR", "value": "287660", "unit": "kg"}, {"date": "2018-12-01", "country_from": "UY", "country_to": "FR", "value": "983450", "unit": "kg"}, {"date": "2019-01-01", "country_from": "UY", "country_to": "FR", "value": "765280", "unit": "kg"}, {"date": "2019-02-01", "country_from": "UY", "country_to": "FR", "value": "935640", "unit": "kg"}, {"date": "2019-03-01", "country_from": "UY", "country_to": "FR", "value": "384650", "unit": "kg"}, {"date": "2019-04-01", "country_from": "UY", "country_to": "FR", "value": "766794", "unit": "kg"}, {"date": "2019-05-01", "country_from": "UY", "country_to": "FR", "value": "575210", "unit": "kg"}, {"date": "2019-06-01", "country_from": "UY", "country_to": "FR", "value": "767890", "unit": "kg"}, {"date": "2019-07-01", "country_from": "UY", "country_to": "FR", "value": "190870", "unit": "kg"}, {"date": "2019-08-01", "country_from": "UY", "country_to": "FR", "value": "0", "unit": "kg"}, {"date": "2019-09-01", "country_from": "UY", "country_to": "FR", "value": "0", "unit": "kg"}, {"date": "2019-10-01", "country_from": "UY", "country_to": "FR", "value": "0", "unit": "kg"}, {"date": "2019-11-01", "country_from": "UY", "country_to": "FR", "value": "0", "unit": "kg"}, {"date": "2019-12-01", "country_from": "UY", "country_to": "FR", "value": "0", "unit": "kg"}, {"date": "2020-01-01", "country_from": "UY", "country_to": "FR", "value": "0", "unit": "kg"}, {"date": "2020-02-01", "country_from": "UY", "country_to": "FR", "value": "0", "unit": "kg"}, {"date": "2020-03-01", "country_from": "UY", "country_to": "FR", "value": "240000", "unit": "kg"}, {"date": "2020-04-01", "country_from": "UY", "country_to": "FR", "value": "336000", "unit": "kg"}, {"date": "2020-05-01", "country_from": "UY", "country_to": "FR", "value": "672000", "unit": "kg"}, {"date": "2018-10-01", "country_from": "UY", "country_to": "ES", "value": "235100", "unit": "kg"}, {"date": "2018-11-01", "country_from": "UY", "country_to": "ES", "value": "0", "unit": "kg"}, {"date": "2018-12-01", "country_from": "UY", "country_to": "ES", "value": "0", "unit": "kg"}, {"date": "2019-01-01", "country_from": "UY", "country_to": "ES", "value": "235000", "unit": "kg"}, {"date": "2019-02-01", "country_from": "UY", "country_to": "ES", "value": "282980", "unit": "kg"}, {"date": "2019-03-01", "country_from": "UY", "country_to": "ES", "value": "235100", "unit": "kg"}, {"date": "2019-04-01", "country_from": "UY", "country_to": "ES", "value": "288000", "unit": "kg"}, {"date": "2019-05-01", "country_from": "UY", "country_to": "ES", "value": "95000", "unit": "kg"}, {"date": "2019-06-01", "country_from": "UY", "country_to": "ES", "value": "96000", "unit": "kg"}, {"date": "2019-07-01", "country_from": "UY", "country_to": "ES", "value": "0", "unit": "kg"}, {"date": "2019-08-01", "country_from": "UY", "country_to": "ES", "value": "0", "unit": "kg"}, {"date": "2019-09-01", "country_from": "UY", "country_to": "ES", "value": "235000", "unit": "kg"}, {"date": "2019-10-01", "country_from": "UY", "country_to": "ES", "value": "72000", "unit": "kg"}, {"date": "2019-11-01", "country_from": "UY", "country_to": "ES", "value": "235000", "unit": "kg"}, {"date": "2019-12-01", "country_from": "UY", "country_to": "ES", "value": "0", "unit": "kg"}, {"date": "2020-01-01", "country_from": "UY", "country_to": "ES", "value": "355000", "unit": "kg"}, {"date": "2020-02-01", "country_from": "UY", "country_to": "ES", "value": "0", "unit": "kg"}, {"date": "2020-03-01", "country_from": "UY", "country_to": "ES", "value": "480000", "unit": "kg"}, {"date": "2020-04-01", "country_from": "UY", "country_to": "ES", "value": "1848000", "unit": "kg"}, {"date": "2020-05-01", "country_from": "UY", "country_to": "ES", "value": "312000", "unit": "kg"}, {"date": "2018-10-01", "country_from": "UY", "country_to": "IL", "value": "75000", "unit": "kg"}, {"date": "2018-11-01", "country_from": "UY", "country_to": "IL", "value": "75000", "unit": "kg"}, {"date": "2018-12-01", "country_from": "UY", "country_to": "IL", "value": "0", "unit": "kg"}, {"date": "2019-01-01", "country_from": "UY", "country_to": "IL", "value": "215000", "unit": "kg"}, {"date": "2019-02-01", "country_from": "UY", "country_to": "IL", "value": "261000", "unit": "kg"}, {"date": "2019-03-01", "country_from": "UY", "country_to": "IL", "value": "238000", "unit": "kg"}, {"date": "2019-04-01", "country_from": "UY", "country_to": "IL", "value": "138000", "unit": "kg"}, {"date": "2019-05-01", "country_from": "UY", "country_to": "IL", "value": "161000", "unit": "kg"}, {"date": "2019-06-01", "country_from": "UY", "country_to": "IL", "value": "347000", "unit": "kg"}, {"date": "2019-07-01", "country_from": "UY", "country_to": "IL", "value": "161000", "unit": "kg"}, {"date": "2019-08-01", "country_from": "UY", "country_to": "IL", "value": "0", "unit": "kg"}, {"date": "2019-09-01", "country_from": "UY", "country_to": "IL", "value": "184000", "unit": "kg"}, {"date": "2019-10-01", "country_from": "UY", "country_to": "IL", "value": "184000", "unit": "kg"}, {"date": "2019-11-01", "country_from": "UY", "country_to": "IL", "value": "284000", "unit": "kg"}, {"date": "2019-12-01", "country_from": "UY", "country_to": "IL", "value": "207000", "unit": "kg"}, {"date": "2020-01-01", "country_from": "UY", "country_to": "IL", "value": "207000", "unit": "kg"}, {"date": "2020-02-01", "country_from": "UY", "country_to": "IL", "value": "261000", "unit": "kg"}, {"date": "2020-03-01", "country_from": "UY", "country_to": "IL", "value": "209000", "unit": "kg"}, {"date": "2020-04-01", "country_from": "UY", "country_to": "IL", "value": "310650", "unit": "kg"}, {"date": "2020-05-01", "country_from": "UY", "country_to": "IL", "value": "150000", "unit": "kg"}, {"date": "2018-10-01", "country_from": "UY", "country_to": "ZA", "value": "50000", "unit": "kg"}, {"date": "2018-11-01", "country_from": "UY", "country_to": "ZA", "value": "0", "unit": "kg"}, {"date": "2018-12-01", "country_from": "UY", "country_to": "ZA", "value": "100000", "unit": "kg"}, {"date": "2019-01-01", "country_from": "UY", "country_to": "ZA", "value": "0", "unit": "kg"}, {"date": "2019-02-01", "country_from": "UY", "country_to": "ZA", "value": "0", "unit": "kg"}, {"date": "2019-03-01", "country_from": "UY", "country_to": "ZA", "value": "0", "unit": "kg"}, {"date": "2019-04-01", "country_from": "UY", "country_to": "ZA", "value": "0", "unit": "kg"}, {"date": "2019-05-01", "country_from": "UY", "country_to": "ZA", "value": "0", "unit": "kg"}, {"date": "2019-06-01", "country_from": "UY", "country_to": "ZA", "value": "0", "unit": "kg"}, {"date": "2019-07-01", "country_from": "UY", "country_to": "ZA", "value": "98000", "unit": "kg"}, {"date": "2019-08-01", "country_from": "UY", "country_to": "ZA", "value": "0", "unit": "kg"}, {"date": "2019-09-01", "country_from": "UY", "country_to": "ZA", "value": "0", "unit": "kg"}, {"date": "2019-10-01", "country_from": "UY", "country_to": "ZA", "value": "96000", "unit": "kg"}, {"date": "2019-11-01", "country_from": "UY", "country_to": "ZA", "value": "48000", "unit": "kg"}, {"date": "2019-12-01", "country_from": "UY", "country_to": "ZA", "value": "0", "unit": "kg"}, {"date": "2020-01-01", "country_from": "UY", "country_to": "ZA", "value": "168000", "unit": "kg"}, {"date": "2020-02-01", "country_from": "UY", "country_to": "ZA", "value": "96000", "unit": "kg"}, {"date": "2020-03-01", "country_from": "UY", "country_to": "ZA", "value": "0", "unit": "kg"}, {"date": "2020-04-01", "country_from": "UY", "country_to": "ZA", "value": "120000", "unit": "kg"}, {"date": "2020-05-01", "country_from": "UY", "country_to": "ZA", "value": "48000", "unit": "kg"}, {"date": "2018-10-01", "country_from": "UY", "country_to": "BB", "value": "0", "unit": "kg"}, {"date": "2018-11-01", "country_from": "UY", "country_to": "BB", "value": "0", "unit": "kg"}, {"date": "2018-12-01", "country_from": "UY", "country_to": "BB", "value": "0", "unit": "kg"}, {"date": "2019-01-01", "country_from": "UY", "country_to": "BB", "value": "0", "unit": "kg"}, {"date": "2019-02-01", "country_from": "UY", "country_to": "BB", "value": "0", "unit": "kg"}, {"date": "2019-03-01", "country_from": "UY", "country_to": "BB", "value": "0", "unit": "kg"}, {"date": "2019-04-01", "country_from": "UY", "country_to": "BB", "value": "0", "unit": "kg"}, {"date": "2019-05-01", "country_from": "UY", "country_to": "BB", "value": "0", "unit": "kg"}, {"date": "2019-06-01", "country_from": "UY", "country_to": "BB", "value": "0", "unit": "kg"}, {"date": "2019-07-01", "country_from": "UY", "country_to": "BB", "value": "0", "unit": "kg"}, {"date": "2019-08-01", "country_from": "UY", "country_to": "BB", "value": "0", "unit": "kg"}, {"date": "2019-09-01", "country_from": "UY", "country_to": "BB", "value": "0", "unit": "kg"}, {"date": "2019-10-01", "country_from": "UY", "country_to": "BB", "value": "0", "unit": "kg"}, {"date": "2019-11-01", "country_from": "UY", "country_to": "BB", "value": "0", "unit": "kg"}, {"date": "2019-12-01", "country_from": "UY", "country_to": "BB", "value": "0", "unit": "kg"}, {"date": "2020-01-01", "country_from": "UY", "country_to": "BB", "value": "0", "unit": "kg"}, {"date": "2020-02-01", "country_from": "UY", "country_to": "BB", "value": "6000", "unit": "kg"}, {"date": "2020-03-01", "country_from": "UY", "country_to": "BB", "value": "0", "unit": "kg"}, {"date": "2020-04-01", "country_from": "UY", "country_to": "BB", "value": "0", "unit": "kg"}, {"date": "2020-05-01", "country_from": "UY", "country_to": "BB", "value": "8250", "unit": "kg"}, {"date": "2018-10-01", "country_from": "UY", "country_to": "CR", "value": "0", "unit": "kg"}, {"date": "2018-11-01", "country_from": "UY", "country_to": "CR", "value": "224000", "unit": "kg"}, {"date": "2018-12-01", "country_from": "UY", "country_to": "CR", "value": "1036000", "unit": "kg"}, {"date": "2019-01-01", "country_from": "UY", "country_to": "CR", "value": "896000", "unit": "kg"}, {"date": "2019-02-01", "country_from": "UY", "country_to": "CR", "value": "0", "unit": "kg"}, {"date": "2019-03-01", "country_from": "UY", "country_to": "CR", "value": "0", "unit": "kg"}, {"date": "2019-04-01", "country_from": "UY", "country_to": "CR", "value": "0", "unit": "kg"}, {"date": "2019-05-01", "country_from": "UY", "country_to": "CR", "value": "0", "unit": "kg"}, {"date": "2019-06-01", "country_from": "UY", "country_to": "CR", "value": "0", "unit": "kg"}, {"date": "2019-07-01", "country_from": "UY", "country_to": "CR", "value": "0", "unit": "kg"}, {"date": "2019-08-01", "country_from": "UY", "country_to": "CR", "value": "0", "unit": "kg"}, {"date": "2019-09-01", "country_from": "UY", "country_to": "CR", "value": "0", "unit": "kg"}, {"date": "2019-10-01", "country_from": "UY", "country_to": "CR", "value": "0", "unit": "kg"}, {"date": "2019-11-01", "country_from": "UY", "country_to": "CR", "value": "0", "unit": "kg"}, {"date": "2019-12-01", "country_from": "UY", "country_to": "CR", "value": "0", "unit": "kg"}, {"date": "2020-01-01", "country_from": "UY", "country_to": "CR", "value": "0", "unit": "kg"}, {"date": "2020-02-01", "country_from": "UY", "country_to": "CR", "value": "0", "unit": "kg"}, {"date": "2020-03-01", "country_from": "UY", "country_to": "CR", "value": "0", "unit": "kg"}, {"date": "2020-04-01", "country_from": "UY", "country_to": "CR", "value": "0", "unit": "kg"}, {"date": "2020-05-01", "country_from": "UY", "country_to": "CR", "value": "0", "unit": "kg"}, {"date": "2018-10-01", "country_from": "UY", "country_to": "IT", "value": "20000", "unit": "kg"}, {"date": "2018-11-01", "country_from": "UY", "country_to": "IT", "value": "0", "unit": "kg"}, {"date": "2018-12-01", "country_from": "UY", "country_to": "IT", "value": "0", "unit": "kg"}, {"date": "2019-01-01", "country_from": "UY", "country_to": "IT", "value": "0", "unit": "kg"}, {"date": "2019-02-01", "country_from": "UY", "country_to": "IT", "value": "0", "unit": "kg"}, {"date": "2019-03-01", "country_from": "UY", "country_to": "IT", "value": "0", "unit": "kg"}, {"date": "2019-04-01", "country_from": "UY", "country_to": "IT", "value": "0", "unit": "kg"}, {"date": "2019-05-01", "country_from": "UY", "country_to": "IT", "value": "0", "unit": "kg"}, {"date": "2019-06-01", "country_from": "UY", "country_to": "IT", "value": "0", "unit": "kg"}, {"date": "2019-07-01", "country_from": "UY", "country_to": "IT", "value": "0", "unit": "kg"}, {"date": "2019-08-01", "country_from": "UY", "country_to": "IT", "value": "0", "unit": "kg"}, {"date": "2019-09-01", "country_from": "UY", "country_to": "IT", "value": "0", "unit": "kg"}, {"date": "2019-10-01", "country_from": "UY", "country_to": "IT", "value": "0", "unit": "kg"}, {"date": "2019-11-01", "country_from": "UY", "country_to": "IT", "value": "0", "unit": "kg"}, {"date": "2019-12-01", "country_from": "UY", "country_to": "IT", "value": "0", "unit": "kg"}, {"date": "2020-01-01", "country_from": "UY", "country_to": "IT", "value": "0", "unit": "kg"}, {"date": "2020-02-01", "country_from": "UY", "country_to": "IT", "value": "0", "unit": "kg"}, {"date": "2020-03-01", "country_from": "UY", "country_to": "IT", "value": "0", "unit": "kg"}, {"date": "2020-04-01", "country_from": "UY", "country_to": "IT", "value": "0", "unit": "kg"}, {"date": "2020-05-01", "country_from": "UY", "country_to": "IT", "value": "0", "unit": "kg"}, {"date": "2018-10-01", "country_from": "UY", "country_to": "MX", "value": "0", "unit": "kg"}, {"date": "2018-11-01", "country_from": "UY", "country_to": "MX", "value": "0", "unit": "kg"}, {"date": "2018-12-01", "country_from": "UY", "country_to": "MX", "value": "0", "unit": "kg"}, {"date": "2019-01-01", "country_from": "UY", "country_to": "MX", "value": "0", "unit": "kg"}, {"date": "2019-02-01", "country_from": "UY", "country_to": "MX", "value": "0", "unit": "kg"}, {"date": "2019-03-01", "country_from": "UY", "country_to": "MX", "value": "0", "unit": "kg"}, {"date": "2019-04-01", "country_from": "UY", "country_to": "MX", "value": "0", "unit": "kg"}, {"date": "2019-05-01", "country_from": "UY", "country_to": "MX", "value": "20000", "unit": "kg"}, {"date": "2019-06-01", "country_from": "UY", "country_to": "MX", "value": "0", "unit": "kg"}, {"date": "2019-07-01", "country_from": "UY", "country_to": "MX", "value": "0", "unit": "kg"}, {"date": "2019-08-01", "country_from": "UY", "country_to": "MX", "value": "0", "unit": "kg"}, {"date": "2019-09-01", "country_from": "UY", "country_to": "MX", "value": "0", "unit": "kg"}, {"date": "2019-10-01", "country_from": "UY", "country_to": "MX", "value": "0", "unit": "kg"}, {"date": "2019-11-01", "country_from": "UY", "country_to": "MX", "value": "0", "unit": "kg"}, {"date": "2019-12-01", "country_from": "UY", "country_to": "MX", "value": "0", "unit": "kg"}, {"date": "2020-01-01", "country_from": "UY", "country_to": "MX", "value": "0", "unit": "kg"}, {"date": "2020-02-01", "country_from": "UY", "country_to": "MX", "value": "0", "unit": "kg"}, {"date": "2020-03-01", "country_from": "UY", "country_to": "MX", "value": "0", "unit": "kg"}, {"date": "2020-04-01", "country_from": "UY", "country_to": "MX", "value": "0", "unit": "kg"}, {"date": "2020-05-01", "country_from": "UY", "country_to": "MX", "value": "0", "unit": "kg"}, {"date": "2018-10-01", "country_from": "UY", "country_to": "DE", "value": "517000", "unit": "kg"}, {"date": "2018-11-01", "country_from": "UY", "country_to": "DE", "value": "1128000", "unit": "kg"}, {"date": "2018-12-01", "country_from": "UY", "country_to": "DE", "value": "1269000", "unit": "kg"}, {"date": "2019-01-01", "country_from": "UY", "country_to": "DE", "value": "634500", "unit": "kg"}, {"date": "2019-02-01", "country_from": "UY", "country_to": "DE", "value": "634500", "unit": "kg"}, {"date": "2019-03-01", "country_from": "UY", "country_to": "DE", "value": "940000", "unit": "kg"}, {"date": "2019-04-01", "country_from": "UY", "country_to": "DE", "value": "963500", "unit": "kg"}, {"date": "2019-05-01", "country_from": "UY", "country_to": "DE", "value": "376000", "unit": "kg"}, {"date": "2019-06-01", "country_from": "UY", "country_to": "DE", "value": "211500", "unit": "kg"}, {"date": "2019-07-01", "country_from": "UY", "country_to": "DE", "value": "423000", "unit": "kg"}, {"date": "2019-08-01", "country_from": "UY", "country_to": "DE", "value": "517000", "unit": "kg"}, {"date": "2019-09-01", "country_from": "UY", "country_to": "DE", "value": "517000", "unit": "kg"}, {"date": "2019-10-01", "country_from": "UY", "country_to": "DE", "value": "822500", "unit": "kg"}, {"date": "2019-11-01", "country_from": "UY", "country_to": "DE", "value": "564000", "unit": "kg"}, {"date": "2019-12-01", "country_from": "UY", "country_to": "DE", "value": "564000", "unit": "kg"}, {"date": "2020-01-01", "country_from": "UY", "country_to": "DE", "value": "117500", "unit": "kg"}, {"date": "2020-02-01", "country_from": "UY", "country_to": "DE", "value": "1128000", "unit": "kg"}, {"date": "2020-03-01", "country_from": "UY", "country_to": "DE", "value": "564000", "unit": "kg"}, {"date": "2020-04-01", "country_from": "UY", "country_to": "DE", "value": "953500", "unit": "kg"}, {"date": "2020-05-01", "country_from": "UY", "country_to": "DE", "value": "0", "unit": "kg"}, {"date": "2018-10-01", "country_from": "UY", "country_to": "CH", "value": "0", "unit": "kg"}, {"date": "2018-11-01", "country_from": "UY", "country_to": "CH", "value": "60000", "unit": "kg"}, {"date": "2018-12-01", "country_from": "UY", "country_to": "CH", "value": "0", "unit": "kg"}, {"date": "2019-01-01", "country_from": "UY", "country_to": "CH", "value": "40000", "unit": "kg"}, {"date": "2019-02-01", "country_from": "UY", "country_to": "CH", "value": "20000", "unit": "kg"}, {"date": "2019-03-01", "country_from": "UY", "country_to": "CH", "value": "0", "unit": "kg"}, {"date": "2019-04-01", "country_from": "UY", "country_to": "CH", "value": "40000", "unit": "kg"}, {"date": "2019-05-01", "country_from": "UY", "country_to": "CH", "value": "0", "unit": "kg"}, {"date": "2019-06-01", "country_from": "UY", "country_to": "CH", "value": "0", "unit": "kg"}, {"date": "2019-07-01", "country_from": "UY", "country_to": "CH", "value": "0", "unit": "kg"}, {"date": "2019-08-01", "country_from": "UY", "country_to": "CH", "value": "60000", "unit": "kg"}, {"date": "2019-09-01", "country_from": "UY", "country_to": "CH", "value": "80000", "unit": "kg"}, {"date": "2019-10-01", "country_from": "UY", "country_to": "CH", "value": "40000", "unit": "kg"}, {"date": "2019-11-01", "country_from": "UY", "country_to": "CH", "value": "40000", "unit": "kg"}, {"date": "2019-12-01", "country_from": "UY", "country_to": "CH", "value": "60000", "unit": "kg"}, {"date": "2020-01-01", "country_from": "UY", "country_to": "CH", "value": "0", "unit": "kg"}, {"date": "2020-02-01", "country_from": "UY", "country_to": "CH", "value": "0", "unit": "kg"}, {"date": "2020-03-01", "country_from": "UY", "country_to": "CH", "value": "0", "unit": "kg"}, {"date": "2020-04-01", "country_from": "UY", "country_to": "CH", "value": "0", "unit": "kg"}, {"date": "2020-05-01", "country_from": "UY", "country_to": "CH", "value": "0", "unit": "kg"}, {"date": "2018-10-01", "country_from": "UY", "country_to": "TR", "value": "0", "unit": "kg"}, {"date": "2018-11-01", "country_from": "UY", "country_to": "TR", "value": "0", "unit": "kg"}, {"date": "2018-12-01", "country_from": "UY", "country_to": "TR", "value": "0", "unit": "kg"}, {"date": "2019-01-01", "country_from": "UY", "country_to": "TR", "value": "0", "unit": "kg"}, {"date": "2019-02-01", "country_from": "UY", "country_to": "TR", "value": "0", "unit": "kg"}, {"date": "2019-03-01", "country_from": "UY", "country_to": "TR", "value": "0", "unit": "kg"}, {"date": "2019-04-01", "country_from": "UY", "country_to": "TR", "value": "0", "unit": "kg"}, {"date": "2019-05-01", "country_from": "UY", "country_to": "TR", "value": "258500", "unit": "kg"}, {"date": "2019-06-01", "country_from": "UY", "country_to": "TR", "value": "0", "unit": "kg"}, {"date": "2019-07-01", "country_from": "UY", "country_to": "TR", "value": "0", "unit": "kg"}, {"date": "2019-08-01", "country_from": "UY", "country_to": "TR", "value": "0", "unit": "kg"}, {"date": "2019-09-01", "country_from": "UY", "country_to": "TR", "value": "0", "unit": "kg"}, {"date": "2019-10-01", "country_from": "UY", "country_to": "TR", "value": "0", "unit": "kg"}, {"date": "2019-11-01", "country_from": "UY", "country_to": "TR", "value": "0", "unit": "kg"}, {"date": "2019-12-01", "country_from": "UY", "country_to": "TR", "value": "0", "unit": "kg"}, {"date": "2020-01-01", "country_from": "UY", "country_to": "TR", "value": "0", "unit": "kg"}, {"date": "2020-02-01", "country_from": "UY", "country_to": "TR", "value": "0", "unit": "kg"}, {"date": "2020-03-01", "country_from": "UY", "country_to": "TR", "value": "0", "unit": "kg"}, {"date": "2020-04-01", "country_from": "UY", "country_to": "TR", "value": "0", "unit": "kg"}, {"date": "2020-05-01", "country_from": "UY", "country_to": "TR", "value": "0", "unit": "kg"}, {"date": "2018-10-01", "country_from": "UY", "country_to": "UA", "value": "0", "unit": "kg"}, {"date": "2018-11-01", "country_from": "UY", "country_to": "UA", "value": "0", "unit": "kg"}, {"date": "2018-12-01", "country_from": "UY", "country_to": "UA", "value": "0", "unit": "kg"}, {"date": "2019-01-01", "country_from": "UY", "country_to": "UA", "value": "0", "unit": "kg"}, {"date": "2019-02-01", "country_from": "UY", "country_to": "UA", "value": "0", "unit": "kg"}, {"date": "2019-03-01", "country_from": "UY", "country_to": "UA", "value": "0", "unit": "kg"}, {"date": "2019-04-01", "country_from": "UY", "country_to": "UA", "value": "0", "unit": "kg"}, {"date": "2019-05-01", "country_from": "UY", "country_to": "UA", "value": "0", "unit": "kg"}, {"date": "2019-06-01", "country_from": "UY", "country_to": "UA", "value": "0", "unit": "kg"}, {"date": "2019-07-01", "country_from": "UY", "country_to": "UA", "value": "0", "unit": "kg"}, {"date": "2019-08-01", "country_from": "UY", "country_to": "UA", "value": "0", "unit": "kg"}, {"date": "2019-09-01", "country_from": "UY", "country_to": "UA", "value": "0", "unit": "kg"}, {"date": "2019-10-01", "country_from": "UY", "country_to": "UA", "value": "0", "unit": "kg"}, {"date": "2019-11-01", "country_from": "UY", "country_to": "UA", "value": "0", "unit": "kg"}, {"date": "2019-12-01", "country_from": "UY", "country_to": "UA", "value": "0", "unit": "kg"}, {"date": "2020-01-01", "country_from": "UY", "country_to": "UA", "value": "0", "unit": "kg"}, {"date": "2020-02-01", "country_from": "UY", "country_to": "UA", "value": "250000", "unit": "kg"}, {"date": "2020-03-01", "country_from": "UY", "country_to": "UA", "value": "0", "unit": "kg"}, {"date": "2020-04-01", "country_from": "UY", "country_to": "UA", "value": "0", "unit": "kg"}, {"date": "2020-05-01", "country_from": "UY", "country_to": "UA", "value": "0", "unit": "kg"}, {"date": "2018-10-01", "country_from": "UY", "country_to": "PT", "value": "0", "unit": "kg"}, {"date": "2018-11-01", "country_from": "UY", "country_to": "PT", "value": "0", "unit": "kg"}, {"date": "2018-12-01", "country_from": "UY", "country_to": "PT", "value": "757160", "unit": "kg"}, {"date": "2019-01-01", "country_from": "UY", "country_to": "PT", "value": "494050", "unit": "kg"}, {"date": "2019-02-01", "country_from": "UY", "country_to": "PT", "value": "0", "unit": "kg"}, {"date": "2019-03-01", "country_from": "UY", "country_to": "PT", "value": "191940", "unit": "kg"}, {"date": "2019-04-01", "country_from": "UY", "country_to": "PT", "value": "911120", "unit": "kg"}, {"date": "2019-05-01", "country_from": "UY", "country_to": "PT", "value": "0", "unit": "kg"}, {"date": "2019-06-01", "country_from": "UY", "country_to": "PT", "value": "0", "unit": "kg"}, {"date": "2019-07-01", "country_from": "UY", "country_to": "PT", "value": "24300", "unit": "kg"}, {"date": "2019-08-01", "country_from": "UY", "country_to": "PT", "value": "0", "unit": "kg"}, {"date": "2019-09-01", "country_from": "UY", "country_to": "PT", "value": "795690", "unit": "kg"}, {"date": "2019-10-01", "country_from": "UY", "country_to": "PT", "value": "0", "unit": "kg"}, {"date": "2019-11-01", "country_from": "UY", "country_to": "PT", "value": "429980", "unit": "kg"}, {"date": "2019-12-01", "country_from": "UY", "country_to": "PT", "value": "0", "unit": "kg"}, {"date": "2020-01-01", "country_from": "UY", "country_to": "PT", "value": "408000", "unit": "kg"}, {"date": "2020-02-01", "country_from": "UY", "country_to": "PT", "value": "0", "unit": "kg"}, {"date": "2020-03-01", "country_from": "UY", "country_to": "PT", "value": "0", "unit": "kg"}, {"date": "2020-04-01", "country_from": "UY", "country_to": "PT", "value": "24000", "unit": "kg"}, {"date": "2020-05-01", "country_from": "UY", "country_to": "PT", "value": "0", "unit": "kg"}, {"date": "2018-10-01", "country_from": "UY", "country_to": "US", "value": "0", "unit": "kg"}, {"date": "2018-11-01", "country_from": "UY", "country_to": "US", "value": "0", "unit": "kg"}, {"date": "2018-12-01", "country_from": "UY", "country_to": "US", "value": "0", "unit": "kg"}, {"date": "2019-01-01", "country_from": "UY", "country_to": "US", "value": "0", "unit": "kg"}, {"date": "2019-02-01", "country_from": "UY", "country_to": "US", "value": "1080", "unit": "kg"}, {"date": "2019-03-01", "country_from": "UY", "country_to": "US", "value": "0", "unit": "kg"}, {"date": "2019-04-01", "country_from": "UY", "country_to": "US", "value": "0", "unit": "kg"}, {"date": "2019-05-01", "country_from": "UY", "country_to": "US", "value": "0", "unit": "kg"}, {"date": "2019-06-01", "country_from": "UY", "country_to": "US", "value": "0", "unit": "kg"}, {"date": "2019-07-01", "country_from": "UY", "country_to": "US", "value": "0", "unit": "kg"}, {"date": "2019-08-01", "country_from": "UY", "country_to": "US", "value": "0", "unit": "kg"}, {"date": "2019-09-01", "country_from": "UY", "country_to": "US", "value": "0", "unit": "kg"}, {"date": "2019-10-01", "country_from": "UY", "country_to": "US", "value": "0", "unit": "kg"}, {"date": "2019-11-01", "country_from": "UY", "country_to": "US", "value": "0", "unit": "kg"}, {"date": "2019-12-01", "country_from": "UY", "country_to": "US", "value": "2880", "unit": "kg"}, {"date": "2020-01-01", "country_from": "UY", "country_to": "US", "value": "0", "unit": "kg"}, {"date": "2020-02-01", "country_from": "UY", "country_to": "US", "value": "0", "unit": "kg"}, {"date": "2020-03-01", "country_from": "UY", "country_to": "US", "value": "1920", "unit": "kg"}, {"date": "2020-04-01", "country_from": "UY", "country_to": "US", "value": "0", "unit": "kg"}, {"date": "2020-05-01", "country_from": "UY", "country_to": "US", "value": "0", "unit": "kg"}]