[{"date": "2018-05-01", "country_from": "PE", "country_to": "CL", "value": "1646", "unit": "kg"}, {"date": "2018-06-01", "country_from": "PE", "country_to": "CL", "value": "3700", "unit": "kg"}, {"date": "2018-07-01", "country_from": "PE", "country_to": "CL", "value": "1457", "unit": "kg"}, {"date": "2018-08-01", "country_from": "PE", "country_to": "CL", "value": "3250", "unit": "kg"}, {"date": "2018-09-01", "country_from": "PE", "country_to": "CL", "value": "3500", "unit": "kg"}, {"date": "2018-10-01", "country_from": "PE", "country_to": "CL", "value": "0", "unit": "kg"}, {"date": "2018-11-01", "country_from": "PE", "country_to": "CL", "value": "4500", "unit": "kg"}, {"date": "2018-12-01", "country_from": "PE", "country_to": "CL", "value": "0", "unit": "kg"}, {"date": "2019-01-01", "country_from": "PE", "country_to": "CL", "value": "52135", "unit": "kg"}, {"date": "2019-02-01", "country_from": "PE", "country_to": "CL", "value": "50400", "unit": "kg"}, {"date": "2019-03-01", "country_from": "PE", "country_to": "CL", "value": "96150", "unit": "kg"}, {"date": "2019-04-01", "country_from": "PE", "country_to": "CL", "value": "7700", "unit": "kg"}, {"date": "2019-05-01", "country_from": "PE", "country_to": "CL", "value": "0", "unit": "kg"}, {"date": "2019-06-01", "country_from": "PE", "country_to": "CL", "value": "15080", "unit": "kg"}, {"date": "2019-07-01", "country_from": "PE", "country_to": "CL", "value": "0", "unit": "kg"}, {"date": "2019-08-01", "country_from": "PE", "country_to": "CL", "value": "25200", "unit": "kg"}, {"date": "2019-09-01", "country_from": "PE", "country_to": "CL", "value": "0", "unit": "kg"}, {"date": "2019-10-01", "country_from": "PE", "country_to": "CL", "value": "0", "unit": "kg"}, {"date": "2019-11-01", "country_from": "PE", "country_to": "CL", "value": "213", "unit": "kg"}, {"date": "2019-12-01", "country_from": "PE", "country_to": "CL", "value": "1000", "unit": "kg"}]