[{"date": "2018-12-01", "country_from": "AT", "country_to": "HU", "value": "27493", "unit": "kg"}, {"date": "2019-01-01", "country_from": "AT", "country_to": "HU", "value": "77272", "unit": "kg"}, {"date": "2019-02-01", "country_from": "AT", "country_to": "HU", "value": "102667", "unit": "kg"}, {"date": "2019-03-01", "country_from": "AT", "country_to": "HU", "value": "134191", "unit": "kg"}, {"date": "2019-04-01", "country_from": "AT", "country_to": "HU", "value": "56503", "unit": "kg"}, {"date": "2019-05-01", "country_from": "AT", "country_to": "HU", "value": "33031", "unit": "kg"}, {"date": "2019-06-01", "country_from": "AT", "country_to": "HU", "value": "55433", "unit": "kg"}, {"date": "2019-07-01", "country_from": "AT", "country_to": "HU", "value": "19922", "unit": "kg"}, {"date": "2019-08-01", "country_from": "AT", "country_to": "HU", "value": "69351", "unit": "kg"}, {"date": "2019-09-01", "country_from": "AT", "country_to": "HU", "value": "48471", "unit": "kg"}, {"date": "2019-10-01", "country_from": "AT", "country_to": "HU", "value": "127854", "unit": "kg"}, {"date": "2019-11-01", "country_from": "AT", "country_to": "HU", "value": "95915", "unit": "kg"}, {"date": "2019-12-01", "country_from": "AT", "country_to": "HU", "value": "40036", "unit": "kg"}, {"date": "2020-01-01", "country_from": "AT", "country_to": "HU", "value": "102611", "unit": "kg"}, {"date": "2020-02-01", "country_from": "AT", "country_to": "HU", "value": "50803", "unit": "kg"}, {"date": "2020-03-01", "country_from": "AT", "country_to": "HU", "value": "79945", "unit": "kg"}, {"date": "2020-04-01", "country_from": "AT", "country_to": "HU", "value": "35847", "unit": "kg"}, {"date": "2020-05-01", "country_from": "AT", "country_to": "HU", "value": "109480", "unit": "kg"}, {"date": "2020-06-01", "country_from": "AT", "country_to": "HU", "value": "89202", "unit": "kg"}, {"date": "2020-07-01", "country_from": "AT", "country_to": "HU", "value": "35257", "unit": "kg"}, {"date": "2018-12-01", "country_from": "AT", "country_to": "DE", "value": "66716", "unit": "kg"}, {"date": "2019-01-01", "country_from": "AT", "country_to": "DE", "value": "64005", "unit": "kg"}, {"date": "2019-02-01", "country_from": "AT", "country_to": "DE", "value": "98296", "unit": "kg"}, {"date": "2019-03-01", "country_from": "AT", "country_to": "DE", "value": "95322", "unit": "kg"}, {"date": "2019-04-01", "country_from": "AT", "country_to": "DE", "value": "75243", "unit": "kg"}, {"date": "2019-05-01", "country_from": "AT", "country_to": "DE", "value": "85814", "unit": "kg"}, {"date": "2019-06-01", "country_from": "AT", "country_to": "DE", "value": "58435", "unit": "kg"}, {"date": "2019-07-01", "country_from": "AT", "country_to": "DE", "value": "59518", "unit": "kg"}, {"date": "2019-08-01", "country_from": "AT", "country_to": "DE", "value": "59234", "unit": "kg"}, {"date": "2019-09-01", "country_from": "AT", "country_to": "DE", "value": "76115", "unit": "kg"}, {"date": "2019-10-01", "country_from": "AT", "country_to": "DE", "value": "93896", "unit": "kg"}, {"date": "2019-11-01", "country_from": "AT", "country_to": "DE", "value": "80730", "unit": "kg"}, {"date": "2019-12-01", "country_from": "AT", "country_to": "DE", "value": "69040", "unit": "kg"}, {"date": "2020-01-01", "country_from": "AT", "country_to": "DE", "value": "87169", "unit": "kg"}, {"date": "2020-02-01", "country_from": "AT", "country_to": "DE", "value": "80080", "unit": "kg"}, {"date": "2020-03-01", "country_from": "AT", "country_to": "DE", "value": "69117", "unit": "kg"}, {"date": "2020-04-01", "country_from": "AT", "country_to": "DE", "value": "32786", "unit": "kg"}, {"date": "2020-05-01", "country_from": "AT", "country_to": "DE", "value": "52564", "unit": "kg"}, {"date": "2020-06-01", "country_from": "AT", "country_to": "DE", "value": "67802", "unit": "kg"}, {"date": "2020-07-01", "country_from": "AT", "country_to": "DE", "value": "33572", "unit": "kg"}, {"date": "2018-12-01", "country_from": "AT", "country_to": "PL", "value": "12868", "unit": "kg"}, {"date": "2019-01-01", "country_from": "AT", "country_to": "PL", "value": "27424", "unit": "kg"}, {"date": "2019-02-01", "country_from": "AT", "country_to": "PL", "value": "19003", "unit": "kg"}, {"date": "2019-03-01", "country_from": "AT", "country_to": "PL", "value": "21479", "unit": "kg"}, {"date": "2019-04-01", "country_from": "AT", "country_to": "PL", "value": "43950", "unit": "kg"}, {"date": "2019-05-01", "country_from": "AT", "country_to": "PL", "value": "23293", "unit": "kg"}, {"date": "2019-06-01", "country_from": "AT", "country_to": "PL", "value": "10517", "unit": "kg"}, {"date": "2019-07-01", "country_from": "AT", "country_to": "PL", "value": "20573", "unit": "kg"}, {"date": "2019-08-01", "country_from": "AT", "country_to": "PL", "value": "56023", "unit": "kg"}, {"date": "2019-09-01", "country_from": "AT", "country_to": "PL", "value": "30036", "unit": "kg"}, {"date": "2019-10-01", "country_from": "AT", "country_to": "PL", "value": "21053", "unit": "kg"}, {"date": "2019-11-01", "country_from": "AT", "country_to": "PL", "value": "10389", "unit": "kg"}, {"date": "2019-12-01", "country_from": "AT", "country_to": "PL", "value": "11301", "unit": "kg"}, {"date": "2020-01-01", "country_from": "AT", "country_to": "PL", "value": "36630", "unit": "kg"}, {"date": "2020-02-01", "country_from": "AT", "country_to": "PL", "value": "46611", "unit": "kg"}, {"date": "2020-03-01", "country_from": "AT", "country_to": "PL", "value": "15914", "unit": "kg"}, {"date": "2020-04-01", "country_from": "AT", "country_to": "PL", "value": "2458", "unit": "kg"}, {"date": "2020-05-01", "country_from": "AT", "country_to": "PL", "value": "9718", "unit": "kg"}, {"date": "2020-06-01", "country_from": "AT", "country_to": "PL", "value": "37895", "unit": "kg"}, {"date": "2020-07-01", "country_from": "AT", "country_to": "PL", "value": "32647", "unit": "kg"}, {"date": "2018-12-01", "country_from": "AT", "country_to": "SK", "value": "17829", "unit": "kg"}, {"date": "2019-01-01", "country_from": "AT", "country_to": "SK", "value": "15899", "unit": "kg"}, {"date": "2019-02-01", "country_from": "AT", "country_to": "SK", "value": "16262", "unit": "kg"}, {"date": "2019-03-01", "country_from": "AT", "country_to": "SK", "value": "24288", "unit": "kg"}, {"date": "2019-04-01", "country_from": "AT", "country_to": "SK", "value": "19444", "unit": "kg"}, {"date": "2019-05-01", "country_from": "AT", "country_to": "SK", "value": "26471", "unit": "kg"}, {"date": "2019-06-01", "country_from": "AT", "country_to": "SK", "value": "15806", "unit": "kg"}, {"date": "2019-07-01", "country_from": "AT", "country_to": "SK", "value": "18183", "unit": "kg"}, {"date": "2019-08-01", "country_from": "AT", "country_to": "SK", "value": "17826", "unit": "kg"}, {"date": "2019-09-01", "country_from": "AT", "country_to": "SK", "value": "18707", "unit": "kg"}, {"date": "2019-10-01", "country_from": "AT", "country_to": "SK", "value": "24387", "unit": "kg"}, {"date": "2019-11-01", "country_from": "AT", "country_to": "SK", "value": "26860", "unit": "kg"}, {"date": "2019-12-01", "country_from": "AT", "country_to": "SK", "value": "17351", "unit": "kg"}, {"date": "2020-01-01", "country_from": "AT", "country_to": "SK", "value": "21387", "unit": "kg"}, {"date": "2020-02-01", "country_from": "AT", "country_to": "SK", "value": "18974", "unit": "kg"}, {"date": "2020-03-01", "country_from": "AT", "country_to": "SK", "value": "13525", "unit": "kg"}, {"date": "2020-04-01", "country_from": "AT", "country_to": "SK", "value": "6649", "unit": "kg"}, {"date": "2020-05-01", "country_from": "AT", "country_to": "SK", "value": "10126", "unit": "kg"}, {"date": "2020-06-01", "country_from": "AT", "country_to": "SK", "value": "38786", "unit": "kg"}, {"date": "2020-07-01", "country_from": "AT", "country_to": "SK", "value": "17153", "unit": "kg"}, {"date": "2018-12-01", "country_from": "AT", "country_to": "IT", "value": "16189", "unit": "kg"}, {"date": "2019-01-01", "country_from": "AT", "country_to": "IT", "value": "15060", "unit": "kg"}, {"date": "2019-02-01", "country_from": "AT", "country_to": "IT", "value": "15103", "unit": "kg"}, {"date": "2019-03-01", "country_from": "AT", "country_to": "IT", "value": "17157", "unit": "kg"}, {"date": "2019-04-01", "country_from": "AT", "country_to": "IT", "value": "17894", "unit": "kg"}, {"date": "2019-05-01", "country_from": "AT", "country_to": "IT", "value": "15924", "unit": "kg"}, {"date": "2019-06-01", "country_from": "AT", "country_to": "IT", "value": "14588", "unit": "kg"}, {"date": "2019-07-01", "country_from": "AT", "country_to": "IT", "value": "16099", "unit": "kg"}, {"date": "2019-08-01", "country_from": "AT", "country_to": "IT", "value": "13452", "unit": "kg"}, {"date": "2019-09-01", "country_from": "AT", "country_to": "IT", "value": "19493", "unit": "kg"}, {"date": "2019-10-01", "country_from": "AT", "country_to": "IT", "value": "19912", "unit": "kg"}, {"date": "2019-11-01", "country_from": "AT", "country_to": "IT", "value": "29037", "unit": "kg"}, {"date": "2019-12-01", "country_from": "AT", "country_to": "IT", "value": "20030", "unit": "kg"}, {"date": "2020-01-01", "country_from": "AT", "country_to": "IT", "value": "17024", "unit": "kg"}, {"date": "2020-02-01", "country_from": "AT", "country_to": "IT", "value": "26820", "unit": "kg"}, {"date": "2020-03-01", "country_from": "AT", "country_to": "IT", "value": "19235", "unit": "kg"}, {"date": "2020-04-01", "country_from": "AT", "country_to": "IT", "value": "13859", "unit": "kg"}, {"date": "2020-05-01", "country_from": "AT", "country_to": "IT", "value": "24898", "unit": "kg"}, {"date": "2020-06-01", "country_from": "AT", "country_to": "IT", "value": "21429", "unit": "kg"}, {"date": "2020-07-01", "country_from": "AT", "country_to": "IT", "value": "13241", "unit": "kg"}, {"date": "2018-12-01", "country_from": "AT", "country_to": "-", "value": "18892", "unit": "kg"}, {"date": "2019-01-01", "country_from": "AT", "country_to": "-", "value": "13674", "unit": "kg"}, {"date": "2019-02-01", "country_from": "AT", "country_to": "-", "value": "13218", "unit": "kg"}, {"date": "2019-03-01", "country_from": "AT", "country_to": "-", "value": "18069", "unit": "kg"}, {"date": "2019-04-01", "country_from": "AT", "country_to": "-", "value": "49626", "unit": "kg"}, {"date": "2019-05-01", "country_from": "AT", "country_to": "-", "value": "17743", "unit": "kg"}, {"date": "2019-06-01", "country_from": "AT", "country_to": "-", "value": "20981", "unit": "kg"}, {"date": "2019-07-01", "country_from": "AT", "country_to": "-", "value": "17029", "unit": "kg"}, {"date": "2019-08-01", "country_from": "AT", "country_to": "-", "value": "18831", "unit": "kg"}, {"date": "2019-09-01", "country_from": "AT", "country_to": "-", "value": "26581", "unit": "kg"}, {"date": "2019-10-01", "country_from": "AT", "country_to": "-", "value": "24036", "unit": "kg"}, {"date": "2019-11-01", "country_from": "AT", "country_to": "-", "value": "22775", "unit": "kg"}, {"date": "2019-12-01", "country_from": "AT", "country_to": "-", "value": "14210", "unit": "kg"}, {"date": "2020-01-01", "country_from": "AT", "country_to": "-", "value": "16011", "unit": "kg"}, {"date": "2020-02-01", "country_from": "AT", "country_to": "-", "value": "13793", "unit": "kg"}, {"date": "2020-03-01", "country_from": "AT", "country_to": "-", "value": "13340", "unit": "kg"}, {"date": "2020-04-01", "country_from": "AT", "country_to": "-", "value": "8050", "unit": "kg"}, {"date": "2020-05-01", "country_from": "AT", "country_to": "-", "value": "3260", "unit": "kg"}, {"date": "2020-06-01", "country_from": "AT", "country_to": "-", "value": "7063", "unit": "kg"}, {"date": "2020-07-01", "country_from": "AT", "country_to": "-", "value": "6871", "unit": "kg"}, {"date": "2018-12-01", "country_from": "AT", "country_to": "SI", "value": "7930", "unit": "kg"}, {"date": "2019-01-01", "country_from": "AT", "country_to": "SI", "value": "4160", "unit": "kg"}, {"date": "2019-02-01", "country_from": "AT", "country_to": "SI", "value": "9100", "unit": "kg"}, {"date": "2019-03-01", "country_from": "AT", "country_to": "SI", "value": "10263", "unit": "kg"}, {"date": "2019-04-01", "country_from": "AT", "country_to": "SI", "value": "4280", "unit": "kg"}, {"date": "2019-05-01", "country_from": "AT", "country_to": "SI", "value": "6609", "unit": "kg"}, {"date": "2019-06-01", "country_from": "AT", "country_to": "SI", "value": "3006", "unit": "kg"}, {"date": "2019-07-01", "country_from": "AT", "country_to": "SI", "value": "10861", "unit": "kg"}, {"date": "2019-08-01", "country_from": "AT", "country_to": "SI", "value": "9026", "unit": "kg"}, {"date": "2019-09-01", "country_from": "AT", "country_to": "SI", "value": "10569", "unit": "kg"}, {"date": "2019-10-01", "country_from": "AT", "country_to": "SI", "value": "7253", "unit": "kg"}, {"date": "2019-11-01", "country_from": "AT", "country_to": "SI", "value": "10202", "unit": "kg"}, {"date": "2019-12-01", "country_from": "AT", "country_to": "SI", "value": "15150", "unit": "kg"}, {"date": "2020-01-01", "country_from": "AT", "country_to": "SI", "value": "8491", "unit": "kg"}, {"date": "2020-02-01", "country_from": "AT", "country_to": "SI", "value": "10137", "unit": "kg"}, {"date": "2020-03-01", "country_from": "AT", "country_to": "SI", "value": "9591", "unit": "kg"}, {"date": "2020-04-01", "country_from": "AT", "country_to": "SI", "value": "8277", "unit": "kg"}, {"date": "2020-05-01", "country_from": "AT", "country_to": "SI", "value": "6018", "unit": "kg"}, {"date": "2020-06-01", "country_from": "AT", "country_to": "SI", "value": "8474", "unit": "kg"}, {"date": "2020-07-01", "country_from": "AT", "country_to": "SI", "value": "5711", "unit": "kg"}, {"date": "2018-12-01", "country_from": "AT", "country_to": "HR", "value": "10180", "unit": "kg"}, {"date": "2019-01-01", "country_from": "AT", "country_to": "HR", "value": "6065", "unit": "kg"}, {"date": "2019-02-01", "country_from": "AT", "country_to": "HR", "value": "4608", "unit": "kg"}, {"date": "2019-03-01", "country_from": "AT", "country_to": "HR", "value": "4622", "unit": "kg"}, {"date": "2019-04-01", "country_from": "AT", "country_to": "HR", "value": "2481", "unit": "kg"}, {"date": "2019-05-01", "country_from": "AT", "country_to": "HR", "value": "14630", "unit": "kg"}, {"date": "2019-06-01", "country_from": "AT", "country_to": "HR", "value": "700", "unit": "kg"}, {"date": "2019-07-01", "country_from": "AT", "country_to": "HR", "value": "7814", "unit": "kg"}, {"date": "2019-08-01", "country_from": "AT", "country_to": "HR", "value": "7396", "unit": "kg"}, {"date": "2019-09-01", "country_from": "AT", "country_to": "HR", "value": "5366", "unit": "kg"}, {"date": "2019-10-01", "country_from": "AT", "country_to": "HR", "value": "3611", "unit": "kg"}, {"date": "2019-11-01", "country_from": "AT", "country_to": "HR", "value": "4677", "unit": "kg"}, {"date": "2019-12-01", "country_from": "AT", "country_to": "HR", "value": "12610", "unit": "kg"}, {"date": "2020-01-01", "country_from": "AT", "country_to": "HR", "value": "4216", "unit": "kg"}, {"date": "2020-02-01", "country_from": "AT", "country_to": "HR", "value": "10093", "unit": "kg"}, {"date": "2020-03-01", "country_from": "AT", "country_to": "HR", "value": "7916", "unit": "kg"}, {"date": "2020-04-01", "country_from": "AT", "country_to": "HR", "value": "0", "unit": "kg"}, {"date": "2020-05-01", "country_from": "AT", "country_to": "HR", "value": "14786", "unit": "kg"}, {"date": "2020-06-01", "country_from": "AT", "country_to": "HR", "value": "10390", "unit": "kg"}, {"date": "2020-07-01", "country_from": "AT", "country_to": "HR", "value": "3986", "unit": "kg"}, {"date": "2018-12-01", "country_from": "AT", "country_to": "RO", "value": "6837", "unit": "kg"}, {"date": "2019-01-01", "country_from": "AT", "country_to": "RO", "value": "1876", "unit": "kg"}, {"date": "2019-02-01", "country_from": "AT", "country_to": "RO", "value": "11429", "unit": "kg"}, {"date": "2019-03-01", "country_from": "AT", "country_to": "RO", "value": "4038", "unit": "kg"}, {"date": "2019-04-01", "country_from": "AT", "country_to": "RO", "value": "6706", "unit": "kg"}, {"date": "2019-05-01", "country_from": "AT", "country_to": "RO", "value": "135256", "unit": "kg"}, {"date": "2019-06-01", "country_from": "AT", "country_to": "RO", "value": "3754", "unit": "kg"}, {"date": "2019-07-01", "country_from": "AT", "country_to": "RO", "value": "1951", "unit": "kg"}, {"date": "2019-08-01", "country_from": "AT", "country_to": "RO", "value": "77612", "unit": "kg"}, {"date": "2019-09-01", "country_from": "AT", "country_to": "RO", "value": "3223", "unit": "kg"}, {"date": "2019-10-01", "country_from": "AT", "country_to": "RO", "value": "12391", "unit": "kg"}, {"date": "2019-11-01", "country_from": "AT", "country_to": "RO", "value": "4606", "unit": "kg"}, {"date": "2019-12-01", "country_from": "AT", "country_to": "RO", "value": "19791", "unit": "kg"}, {"date": "2020-01-01", "country_from": "AT", "country_to": "RO", "value": "5667", "unit": "kg"}, {"date": "2020-02-01", "country_from": "AT", "country_to": "RO", "value": "6644", "unit": "kg"}, {"date": "2020-03-01", "country_from": "AT", "country_to": "RO", "value": "6864", "unit": "kg"}, {"date": "2020-04-01", "country_from": "AT", "country_to": "RO", "value": "3486", "unit": "kg"}, {"date": "2020-05-01", "country_from": "AT", "country_to": "RO", "value": "1268", "unit": "kg"}, {"date": "2020-06-01", "country_from": "AT", "country_to": "RO", "value": "9059", "unit": "kg"}, {"date": "2020-07-01", "country_from": "AT", "country_to": "RO", "value": "3377", "unit": "kg"}, {"date": "2018-12-01", "country_from": "AT", "country_to": "DK", "value": "19749", "unit": "kg"}, {"date": "2019-01-01", "country_from": "AT", "country_to": "DK", "value": "6293", "unit": "kg"}, {"date": "2019-02-01", "country_from": "AT", "country_to": "DK", "value": "4003", "unit": "kg"}, {"date": "2019-03-01", "country_from": "AT", "country_to": "DK", "value": "5998", "unit": "kg"}, {"date": "2019-04-01", "country_from": "AT", "country_to": "DK", "value": "2997", "unit": "kg"}, {"date": "2019-05-01", "country_from": "AT", "country_to": "DK", "value": "6994", "unit": "kg"}, {"date": "2019-06-01", "country_from": "AT", "country_to": "DK", "value": "0", "unit": "kg"}, {"date": "2019-07-01", "country_from": "AT", "country_to": "DK", "value": "2298", "unit": "kg"}, {"date": "2019-08-01", "country_from": "AT", "country_to": "DK", "value": "10210", "unit": "kg"}, {"date": "2019-09-01", "country_from": "AT", "country_to": "DK", "value": "3005", "unit": "kg"}, {"date": "2019-10-01", "country_from": "AT", "country_to": "DK", "value": "2997", "unit": "kg"}, {"date": "2019-11-01", "country_from": "AT", "country_to": "DK", "value": "10005", "unit": "kg"}, {"date": "2019-12-01", "country_from": "AT", "country_to": "DK", "value": "0", "unit": "kg"}, {"date": "2020-01-01", "country_from": "AT", "country_to": "DK", "value": "11984", "unit": "kg"}, {"date": "2020-02-01", "country_from": "AT", "country_to": "DK", "value": "0", "unit": "kg"}, {"date": "2020-03-01", "country_from": "AT", "country_to": "DK", "value": "999", "unit": "kg"}, {"date": "2020-04-01", "country_from": "AT", "country_to": "DK", "value": "9016", "unit": "kg"}, {"date": "2020-05-01", "country_from": "AT", "country_to": "DK", "value": "0", "unit": "kg"}, {"date": "2020-06-01", "country_from": "AT", "country_to": "DK", "value": "5990", "unit": "kg"}, {"date": "2020-07-01", "country_from": "AT", "country_to": "DK", "value": "2066", "unit": "kg"}, {"date": "2018-12-01", "country_from": "AT", "country_to": "BG", "value": "2034", "unit": "kg"}, {"date": "2019-01-01", "country_from": "AT", "country_to": "BG", "value": "430", "unit": "kg"}, {"date": "2019-02-01", "country_from": "AT", "country_to": "BG", "value": "7010", "unit": "kg"}, {"date": "2019-03-01", "country_from": "AT", "country_to": "BG", "value": "440", "unit": "kg"}, {"date": "2019-04-01", "country_from": "AT", "country_to": "BG", "value": "12331", "unit": "kg"}, {"date": "2019-05-01", "country_from": "AT", "country_to": "BG", "value": "2418", "unit": "kg"}, {"date": "2019-06-01", "country_from": "AT", "country_to": "BG", "value": "1750", "unit": "kg"}, {"date": "2019-07-01", "country_from": "AT", "country_to": "BG", "value": "2094", "unit": "kg"}, {"date": "2019-08-01", "country_from": "AT", "country_to": "BG", "value": "1808", "unit": "kg"}, {"date": "2019-09-01", "country_from": "AT", "country_to": "BG", "value": "0", "unit": "kg"}, {"date": "2019-10-01", "country_from": "AT", "country_to": "BG", "value": "0", "unit": "kg"}, {"date": "2019-11-01", "country_from": "AT", "country_to": "BG", "value": "0", "unit": "kg"}, {"date": "2019-12-01", "country_from": "AT", "country_to": "BG", "value": "1556", "unit": "kg"}, {"date": "2020-01-01", "country_from": "AT", "country_to": "BG", "value": "322", "unit": "kg"}, {"date": "2020-02-01", "country_from": "AT", "country_to": "BG", "value": "1026", "unit": "kg"}, {"date": "2020-03-01", "country_from": "AT", "country_to": "BG", "value": "0", "unit": "kg"}, {"date": "2020-04-01", "country_from": "AT", "country_to": "BG", "value": "0", "unit": "kg"}, {"date": "2020-05-01", "country_from": "AT", "country_to": "BG", "value": "0", "unit": "kg"}, {"date": "2020-06-01", "country_from": "AT", "country_to": "BG", "value": "1023", "unit": "kg"}, {"date": "2020-07-01", "country_from": "AT", "country_to": "BG", "value": "725", "unit": "kg"}, {"date": "2018-12-01", "country_from": "AT", "country_to": "GB", "value": "25440", "unit": "kg"}, {"date": "2019-01-01", "country_from": "AT", "country_to": "GB", "value": "9", "unit": "kg"}, {"date": "2019-02-01", "country_from": "AT", "country_to": "GB", "value": "28", "unit": "kg"}, {"date": "2019-03-01", "country_from": "AT", "country_to": "GB", "value": "26", "unit": "kg"}, {"date": "2019-04-01", "country_from": "AT", "country_to": "GB", "value": "0", "unit": "kg"}, {"date": "2019-05-01", "country_from": "AT", "country_to": "GB", "value": "19982", "unit": "kg"}, {"date": "2019-06-01", "country_from": "AT", "country_to": "GB", "value": "0", "unit": "kg"}, {"date": "2019-07-01", "country_from": "AT", "country_to": "GB", "value": "0", "unit": "kg"}, {"date": "2019-08-01", "country_from": "AT", "country_to": "GB", "value": "50", "unit": "kg"}, {"date": "2019-09-01", "country_from": "AT", "country_to": "GB", "value": "1581", "unit": "kg"}, {"date": "2019-10-01", "country_from": "AT", "country_to": "GB", "value": "0", "unit": "kg"}, {"date": "2019-11-01", "country_from": "AT", "country_to": "GB", "value": "0", "unit": "kg"}, {"date": "2019-12-01", "country_from": "AT", "country_to": "GB", "value": "0", "unit": "kg"}, {"date": "2020-01-01", "country_from": "AT", "country_to": "GB", "value": "0", "unit": "kg"}, {"date": "2020-02-01", "country_from": "AT", "country_to": "GB", "value": "0", "unit": "kg"}, {"date": "2020-03-01", "country_from": "AT", "country_to": "GB", "value": "25", "unit": "kg"}, {"date": "2020-04-01", "country_from": "AT", "country_to": "GB", "value": "0", "unit": "kg"}, {"date": "2020-05-01", "country_from": "AT", "country_to": "GB", "value": "0", "unit": "kg"}, {"date": "2020-06-01", "country_from": "AT", "country_to": "GB", "value": "8503", "unit": "kg"}, {"date": "2020-07-01", "country_from": "AT", "country_to": "GB", "value": "4", "unit": "kg"}, {"date": "2018-12-01", "country_from": "AT", "country_to": "ES", "value": "0", "unit": "kg"}, {"date": "2019-01-01", "country_from": "AT", "country_to": "ES", "value": "0", "unit": "kg"}, {"date": "2019-02-01", "country_from": "AT", "country_to": "ES", "value": "0", "unit": "kg"}, {"date": "2019-03-01", "country_from": "AT", "country_to": "ES", "value": "0", "unit": "kg"}, {"date": "2019-04-01", "country_from": "AT", "country_to": "ES", "value": "0", "unit": "kg"}, {"date": "2019-05-01", "country_from": "AT", "country_to": "ES", "value": "0", "unit": "kg"}, {"date": "2019-06-01", "country_from": "AT", "country_to": "ES", "value": "0", "unit": "kg"}, {"date": "2019-07-01", "country_from": "AT", "country_to": "ES", "value": "0", "unit": "kg"}, {"date": "2019-08-01", "country_from": "AT", "country_to": "ES", "value": "0", "unit": "kg"}, {"date": "2019-09-01", "country_from": "AT", "country_to": "ES", "value": "0", "unit": "kg"}, {"date": "2019-10-01", "country_from": "AT", "country_to": "ES", "value": "208", "unit": "kg"}, {"date": "2019-11-01", "country_from": "AT", "country_to": "ES", "value": "9", "unit": "kg"}, {"date": "2019-12-01", "country_from": "AT", "country_to": "ES", "value": "516", "unit": "kg"}, {"date": "2020-01-01", "country_from": "AT", "country_to": "ES", "value": "0", "unit": "kg"}, {"date": "2020-02-01", "country_from": "AT", "country_to": "ES", "value": "0", "unit": "kg"}, {"date": "2020-03-01", "country_from": "AT", "country_to": "ES", "value": "0", "unit": "kg"}, {"date": "2020-04-01", "country_from": "AT", "country_to": "ES", "value": "3", "unit": "kg"}, {"date": "2020-05-01", "country_from": "AT", "country_to": "ES", "value": "0", "unit": "kg"}, {"date": "2020-06-01", "country_from": "AT", "country_to": "ES", "value": "0", "unit": "kg"}, {"date": "2020-07-01", "country_from": "AT", "country_to": "ES", "value": "0", "unit": "kg"}, {"date": "2018-12-01", "country_from": "AT", "country_to": "CH", "value": "0", "unit": "kg"}, {"date": "2019-01-01", "country_from": "AT", "country_to": "CH", "value": "0", "unit": "kg"}, {"date": "2019-02-01", "country_from": "AT", "country_to": "CH", "value": "345", "unit": "kg"}, {"date": "2019-03-01", "country_from": "AT", "country_to": "CH", "value": "6022", "unit": "kg"}, {"date": "2019-04-01", "country_from": "AT", "country_to": "CH", "value": "0", "unit": "kg"}, {"date": "2019-05-01", "country_from": "AT", "country_to": "CH", "value": "0", "unit": "kg"}, {"date": "2019-06-01", "country_from": "AT", "country_to": "CH", "value": "0", "unit": "kg"}, {"date": "2019-07-01", "country_from": "AT", "country_to": "CH", "value": "0", "unit": "kg"}, {"date": "2019-08-01", "country_from": "AT", "country_to": "CH", "value": "0", "unit": "kg"}, {"date": "2019-09-01", "country_from": "AT", "country_to": "CH", "value": "0", "unit": "kg"}, {"date": "2019-10-01", "country_from": "AT", "country_to": "CH", "value": "0", "unit": "kg"}, {"date": "2019-11-01", "country_from": "AT", "country_to": "CH", "value": "0", "unit": "kg"}, {"date": "2019-12-01", "country_from": "AT", "country_to": "CH", "value": "0", "unit": "kg"}, {"date": "2020-01-01", "country_from": "AT", "country_to": "CH", "value": "0", "unit": "kg"}, {"date": "2020-02-01", "country_from": "AT", "country_to": "CH", "value": "0", "unit": "kg"}, {"date": "2020-03-01", "country_from": "AT", "country_to": "CH", "value": "0", "unit": "kg"}, {"date": "2020-04-01", "country_from": "AT", "country_to": "CH", "value": "0", "unit": "kg"}, {"date": "2020-05-01", "country_from": "AT", "country_to": "CH", "value": "0", "unit": "kg"}, {"date": "2020-06-01", "country_from": "AT", "country_to": "CH", "value": "0", "unit": "kg"}, {"date": "2020-07-01", "country_from": "AT", "country_to": "CH", "value": "0", "unit": "kg"}, {"date": "2018-12-01", "country_from": "AT", "country_to": "TG", "value": "0", "unit": "kg"}, {"date": "2019-01-01", "country_from": "AT", "country_to": "TG", "value": "0", "unit": "kg"}, {"date": "2019-02-01", "country_from": "AT", "country_to": "TG", "value": "0", "unit": "kg"}, {"date": "2019-03-01", "country_from": "AT", "country_to": "TG", "value": "0", "unit": "kg"}, {"date": "2019-04-01", "country_from": "AT", "country_to": "TG", "value": "0", "unit": "kg"}, {"date": "2019-05-01", "country_from": "AT", "country_to": "TG", "value": "0", "unit": "kg"}, {"date": "2019-06-01", "country_from": "AT", "country_to": "TG", "value": "0", "unit": "kg"}, {"date": "2019-07-01", "country_from": "AT", "country_to": "TG", "value": "0", "unit": "kg"}, {"date": "2019-08-01", "country_from": "AT", "country_to": "TG", "value": "0", "unit": "kg"}, {"date": "2019-09-01", "country_from": "AT", "country_to": "TG", "value": "0", "unit": "kg"}, {"date": "2019-10-01", "country_from": "AT", "country_to": "TG", "value": "0", "unit": "kg"}, {"date": "2019-11-01", "country_from": "AT", "country_to": "TG", "value": "1150", "unit": "kg"}, {"date": "2019-12-01", "country_from": "AT", "country_to": "TG", "value": "0", "unit": "kg"}, {"date": "2020-01-01", "country_from": "AT", "country_to": "TG", "value": "0", "unit": "kg"}, {"date": "2020-02-01", "country_from": "AT", "country_to": "TG", "value": "0", "unit": "kg"}, {"date": "2020-03-01", "country_from": "AT", "country_to": "TG", "value": "0", "unit": "kg"}, {"date": "2020-04-01", "country_from": "AT", "country_to": "TG", "value": "0", "unit": "kg"}, {"date": "2020-05-01", "country_from": "AT", "country_to": "TG", "value": "0", "unit": "kg"}, {"date": "2020-06-01", "country_from": "AT", "country_to": "TG", "value": "0", "unit": "kg"}, {"date": "2020-07-01", "country_from": "AT", "country_to": "TG", "value": "0", "unit": "kg"}, {"date": "2018-12-01", "country_from": "AT", "country_to": "TR", "value": "400", "unit": "kg"}, {"date": "2019-01-01", "country_from": "AT", "country_to": "TR", "value": "5000", "unit": "kg"}, {"date": "2019-02-01", "country_from": "AT", "country_to": "TR", "value": "0", "unit": "kg"}, {"date": "2019-03-01", "country_from": "AT", "country_to": "TR", "value": "5000", "unit": "kg"}, {"date": "2019-04-01", "country_from": "AT", "country_to": "TR", "value": "0", "unit": "kg"}, {"date": "2019-05-01", "country_from": "AT", "country_to": "TR", "value": "350", "unit": "kg"}, {"date": "2019-06-01", "country_from": "AT", "country_to": "TR", "value": "6920", "unit": "kg"}, {"date": "2019-07-01", "country_from": "AT", "country_to": "TR", "value": "0", "unit": "kg"}, {"date": "2019-08-01", "country_from": "AT", "country_to": "TR", "value": "0", "unit": "kg"}, {"date": "2019-09-01", "country_from": "AT", "country_to": "TR", "value": "4200", "unit": "kg"}, {"date": "2019-10-01", "country_from": "AT", "country_to": "TR", "value": "0", "unit": "kg"}, {"date": "2019-11-01", "country_from": "AT", "country_to": "TR", "value": "0", "unit": "kg"}, {"date": "2019-12-01", "country_from": "AT", "country_to": "TR", "value": "9000", "unit": "kg"}, {"date": "2020-01-01", "country_from": "AT", "country_to": "TR", "value": "0", "unit": "kg"}, {"date": "2020-02-01", "country_from": "AT", "country_to": "TR", "value": "180", "unit": "kg"}, {"date": "2020-03-01", "country_from": "AT", "country_to": "TR", "value": "180", "unit": "kg"}, {"date": "2020-04-01", "country_from": "AT", "country_to": "TR", "value": "0", "unit": "kg"}, {"date": "2020-05-01", "country_from": "AT", "country_to": "TR", "value": "0", "unit": "kg"}, {"date": "2020-06-01", "country_from": "AT", "country_to": "TR", "value": "0", "unit": "kg"}, {"date": "2020-07-01", "country_from": "AT", "country_to": "TR", "value": "0", "unit": "kg"}, {"date": "2018-12-01", "country_from": "AT", "country_to": "FI", "value": "0", "unit": "kg"}, {"date": "2019-01-01", "country_from": "AT", "country_to": "FI", "value": "0", "unit": "kg"}, {"date": "2019-02-01", "country_from": "AT", "country_to": "FI", "value": "0", "unit": "kg"}, {"date": "2019-03-01", "country_from": "AT", "country_to": "FI", "value": "0", "unit": "kg"}, {"date": "2019-04-01", "country_from": "AT", "country_to": "FI", "value": "0", "unit": "kg"}, {"date": "2019-05-01", "country_from": "AT", "country_to": "FI", "value": "0", "unit": "kg"}, {"date": "2019-06-01", "country_from": "AT", "country_to": "FI", "value": "0", "unit": "kg"}, {"date": "2019-07-01", "country_from": "AT", "country_to": "FI", "value": "0", "unit": "kg"}, {"date": "2019-08-01", "country_from": "AT", "country_to": "FI", "value": "0", "unit": "kg"}, {"date": "2019-09-01", "country_from": "AT", "country_to": "FI", "value": "0", "unit": "kg"}, {"date": "2019-10-01", "country_from": "AT", "country_to": "FI", "value": "0", "unit": "kg"}, {"date": "2019-11-01", "country_from": "AT", "country_to": "FI", "value": "0", "unit": "kg"}, {"date": "2019-12-01", "country_from": "AT", "country_to": "FI", "value": "0", "unit": "kg"}, {"date": "2020-01-01", "country_from": "AT", "country_to": "FI", "value": "0", "unit": "kg"}, {"date": "2020-02-01", "country_from": "AT", "country_to": "FI", "value": "0", "unit": "kg"}, {"date": "2020-03-01", "country_from": "AT", "country_to": "FI", "value": "0", "unit": "kg"}, {"date": "2020-04-01", "country_from": "AT", "country_to": "FI", "value": "1396", "unit": "kg"}, {"date": "2020-05-01", "country_from": "AT", "country_to": "FI", "value": "0", "unit": "kg"}, {"date": "2020-06-01", "country_from": "AT", "country_to": "FI", "value": "0", "unit": "kg"}, {"date": "2020-07-01", "country_from": "AT", "country_to": "FI", "value": "0", "unit": "kg"}, {"date": "2018-12-01", "country_from": "AT", "country_to": "FR", "value": "472", "unit": "kg"}, {"date": "2019-01-01", "country_from": "AT", "country_to": "FR", "value": "445", "unit": "kg"}, {"date": "2019-02-01", "country_from": "AT", "country_to": "FR", "value": "0", "unit": "kg"}, {"date": "2019-03-01", "country_from": "AT", "country_to": "FR", "value": "31", "unit": "kg"}, {"date": "2019-04-01", "country_from": "AT", "country_to": "FR", "value": "0", "unit": "kg"}, {"date": "2019-05-01", "country_from": "AT", "country_to": "FR", "value": "0", "unit": "kg"}, {"date": "2019-06-01", "country_from": "AT", "country_to": "FR", "value": "21", "unit": "kg"}, {"date": "2019-07-01", "country_from": "AT", "country_to": "FR", "value": "1", "unit": "kg"}, {"date": "2019-08-01", "country_from": "AT", "country_to": "FR", "value": "4", "unit": "kg"}, {"date": "2019-09-01", "country_from": "AT", "country_to": "FR", "value": "3", "unit": "kg"}, {"date": "2019-10-01", "country_from": "AT", "country_to": "FR", "value": "1702", "unit": "kg"}, {"date": "2019-11-01", "country_from": "AT", "country_to": "FR", "value": "0", "unit": "kg"}, {"date": "2019-12-01", "country_from": "AT", "country_to": "FR", "value": "3", "unit": "kg"}, {"date": "2020-01-01", "country_from": "AT", "country_to": "FR", "value": "3459", "unit": "kg"}, {"date": "2020-02-01", "country_from": "AT", "country_to": "FR", "value": "0", "unit": "kg"}, {"date": "2020-03-01", "country_from": "AT", "country_to": "FR", "value": "0", "unit": "kg"}, {"date": "2020-04-01", "country_from": "AT", "country_to": "FR", "value": "11", "unit": "kg"}, {"date": "2020-05-01", "country_from": "AT", "country_to": "FR", "value": "13", "unit": "kg"}, {"date": "2020-06-01", "country_from": "AT", "country_to": "FR", "value": "24", "unit": "kg"}, {"date": "2020-07-01", "country_from": "AT", "country_to": "FR", "value": "0", "unit": "kg"}, {"date": "2018-12-01", "country_from": "AT", "country_to": "CY", "value": "290", "unit": "kg"}, {"date": "2019-01-01", "country_from": "AT", "country_to": "CY", "value": "0", "unit": "kg"}, {"date": "2019-02-01", "country_from": "AT", "country_to": "CY", "value": "0", "unit": "kg"}, {"date": "2019-03-01", "country_from": "AT", "country_to": "CY", "value": "0", "unit": "kg"}, {"date": "2019-04-01", "country_from": "AT", "country_to": "CY", "value": "0", "unit": "kg"}, {"date": "2019-05-01", "country_from": "AT", "country_to": "CY", "value": "371", "unit": "kg"}, {"date": "2019-06-01", "country_from": "AT", "country_to": "CY", "value": "0", "unit": "kg"}, {"date": "2019-07-01", "country_from": "AT", "country_to": "CY", "value": "0", "unit": "kg"}, {"date": "2019-08-01", "country_from": "AT", "country_to": "CY", "value": "0", "unit": "kg"}, {"date": "2019-09-01", "country_from": "AT", "country_to": "CY", "value": "0", "unit": "kg"}, {"date": "2019-10-01", "country_from": "AT", "country_to": "CY", "value": "0", "unit": "kg"}, {"date": "2019-11-01", "country_from": "AT", "country_to": "CY", "value": "0", "unit": "kg"}, {"date": "2019-12-01", "country_from": "AT", "country_to": "CY", "value": "0", "unit": "kg"}, {"date": "2020-01-01", "country_from": "AT", "country_to": "CY", "value": "0", "unit": "kg"}, {"date": "2020-02-01", "country_from": "AT", "country_to": "CY", "value": "0", "unit": "kg"}, {"date": "2020-03-01", "country_from": "AT", "country_to": "CY", "value": "0", "unit": "kg"}, {"date": "2020-04-01", "country_from": "AT", "country_to": "CY", "value": "0", "unit": "kg"}, {"date": "2020-05-01", "country_from": "AT", "country_to": "CY", "value": "0", "unit": "kg"}, {"date": "2020-06-01", "country_from": "AT", "country_to": "CY", "value": "0", "unit": "kg"}, {"date": "2020-07-01", "country_from": "AT", "country_to": "CY", "value": "0", "unit": "kg"}, {"date": "2018-12-01", "country_from": "AT", "country_to": "BE", "value": "0", "unit": "kg"}, {"date": "2019-01-01", "country_from": "AT", "country_to": "BE", "value": "1226", "unit": "kg"}, {"date": "2019-02-01", "country_from": "AT", "country_to": "BE", "value": "1235", "unit": "kg"}, {"date": "2019-03-01", "country_from": "AT", "country_to": "BE", "value": "0", "unit": "kg"}, {"date": "2019-04-01", "country_from": "AT", "country_to": "BE", "value": "1233", "unit": "kg"}, {"date": "2019-05-01", "country_from": "AT", "country_to": "BE", "value": "0", "unit": "kg"}, {"date": "2019-06-01", "country_from": "AT", "country_to": "BE", "value": "1235", "unit": "kg"}, {"date": "2019-07-01", "country_from": "AT", "country_to": "BE", "value": "0", "unit": "kg"}, {"date": "2019-08-01", "country_from": "AT", "country_to": "BE", "value": "0", "unit": "kg"}, {"date": "2019-09-01", "country_from": "AT", "country_to": "BE", "value": "0", "unit": "kg"}, {"date": "2019-10-01", "country_from": "AT", "country_to": "BE", "value": "1834", "unit": "kg"}, {"date": "2019-11-01", "country_from": "AT", "country_to": "BE", "value": "0", "unit": "kg"}, {"date": "2019-12-01", "country_from": "AT", "country_to": "BE", "value": "0", "unit": "kg"}, {"date": "2020-01-01", "country_from": "AT", "country_to": "BE", "value": "1131", "unit": "kg"}, {"date": "2020-02-01", "country_from": "AT", "country_to": "BE", "value": "1204", "unit": "kg"}, {"date": "2020-03-01", "country_from": "AT", "country_to": "BE", "value": "0", "unit": "kg"}, {"date": "2020-04-01", "country_from": "AT", "country_to": "BE", "value": "57", "unit": "kg"}, {"date": "2020-05-01", "country_from": "AT", "country_to": "BE", "value": "602", "unit": "kg"}, {"date": "2020-06-01", "country_from": "AT", "country_to": "BE", "value": "602", "unit": "kg"}, {"date": "2020-07-01", "country_from": "AT", "country_to": "BE", "value": "0", "unit": "kg"}, {"date": "2018-12-01", "country_from": "AT", "country_to": "RS", "value": "5986", "unit": "kg"}, {"date": "2019-01-01", "country_from": "AT", "country_to": "RS", "value": "0", "unit": "kg"}, {"date": "2019-02-01", "country_from": "AT", "country_to": "RS", "value": "0", "unit": "kg"}, {"date": "2019-03-01", "country_from": "AT", "country_to": "RS", "value": "0", "unit": "kg"}, {"date": "2019-04-01", "country_from": "AT", "country_to": "RS", "value": "0", "unit": "kg"}, {"date": "2019-05-01", "country_from": "AT", "country_to": "RS", "value": "0", "unit": "kg"}, {"date": "2019-06-01", "country_from": "AT", "country_to": "RS", "value": "0", "unit": "kg"}, {"date": "2019-07-01", "country_from": "AT", "country_to": "RS", "value": "0", "unit": "kg"}, {"date": "2019-08-01", "country_from": "AT", "country_to": "RS", "value": "5610", "unit": "kg"}, {"date": "2019-09-01", "country_from": "AT", "country_to": "RS", "value": "2100", "unit": "kg"}, {"date": "2019-10-01", "country_from": "AT", "country_to": "RS", "value": "5986", "unit": "kg"}, {"date": "2019-11-01", "country_from": "AT", "country_to": "RS", "value": "0", "unit": "kg"}, {"date": "2019-12-01", "country_from": "AT", "country_to": "RS", "value": "5986", "unit": "kg"}, {"date": "2020-01-01", "country_from": "AT", "country_to": "RS", "value": "1000", "unit": "kg"}, {"date": "2020-02-01", "country_from": "AT", "country_to": "RS", "value": "9977", "unit": "kg"}, {"date": "2020-03-01", "country_from": "AT", "country_to": "RS", "value": "0", "unit": "kg"}, {"date": "2020-04-01", "country_from": "AT", "country_to": "RS", "value": "0", "unit": "kg"}, {"date": "2020-05-01", "country_from": "AT", "country_to": "RS", "value": "11977", "unit": "kg"}, {"date": "2020-06-01", "country_from": "AT", "country_to": "RS", "value": "0", "unit": "kg"}, {"date": "2020-07-01", "country_from": "AT", "country_to": "RS", "value": "0", "unit": "kg"}, {"date": "2018-12-01", "country_from": "AT", "country_to": "GR", "value": "0", "unit": "kg"}, {"date": "2019-01-01", "country_from": "AT", "country_to": "GR", "value": "0", "unit": "kg"}, {"date": "2019-02-01", "country_from": "AT", "country_to": "GR", "value": "0", "unit": "kg"}, {"date": "2019-03-01", "country_from": "AT", "country_to": "GR", "value": "1131", "unit": "kg"}, {"date": "2019-04-01", "country_from": "AT", "country_to": "GR", "value": "0", "unit": "kg"}, {"date": "2019-05-01", "country_from": "AT", "country_to": "GR", "value": "0", "unit": "kg"}, {"date": "2019-06-01", "country_from": "AT", "country_to": "GR", "value": "0", "unit": "kg"}, {"date": "2019-07-01", "country_from": "AT", "country_to": "GR", "value": "0", "unit": "kg"}, {"date": "2019-08-01", "country_from": "AT", "country_to": "GR", "value": "0", "unit": "kg"}, {"date": "2019-09-01", "country_from": "AT", "country_to": "GR", "value": "0", "unit": "kg"}, {"date": "2019-10-01", "country_from": "AT", "country_to": "GR", "value": "0", "unit": "kg"}, {"date": "2019-11-01", "country_from": "AT", "country_to": "GR", "value": "0", "unit": "kg"}, {"date": "2019-12-01", "country_from": "AT", "country_to": "GR", "value": "0", "unit": "kg"}, {"date": "2020-01-01", "country_from": "AT", "country_to": "GR", "value": "0", "unit": "kg"}, {"date": "2020-02-01", "country_from": "AT", "country_to": "GR", "value": "0", "unit": "kg"}, {"date": "2020-03-01", "country_from": "AT", "country_to": "GR", "value": "0", "unit": "kg"}, {"date": "2020-04-01", "country_from": "AT", "country_to": "GR", "value": "0", "unit": "kg"}, {"date": "2020-05-01", "country_from": "AT", "country_to": "GR", "value": "341", "unit": "kg"}, {"date": "2020-06-01", "country_from": "AT", "country_to": "GR", "value": "0", "unit": "kg"}, {"date": "2020-07-01", "country_from": "AT", "country_to": "GR", "value": "0", "unit": "kg"}, {"date": "2018-12-01", "country_from": "AT", "country_to": "LT", "value": "0", "unit": "kg"}, {"date": "2019-01-01", "country_from": "AT", "country_to": "LT", "value": "3012", "unit": "kg"}, {"date": "2019-02-01", "country_from": "AT", "country_to": "LT", "value": "0", "unit": "kg"}, {"date": "2019-03-01", "country_from": "AT", "country_to": "LT", "value": "0", "unit": "kg"}, {"date": "2019-04-01", "country_from": "AT", "country_to": "LT", "value": "0", "unit": "kg"}, {"date": "2019-05-01", "country_from": "AT", "country_to": "LT", "value": "0", "unit": "kg"}, {"date": "2019-06-01", "country_from": "AT", "country_to": "LT", "value": "6814", "unit": "kg"}, {"date": "2019-07-01", "country_from": "AT", "country_to": "LT", "value": "0", "unit": "kg"}, {"date": "2019-08-01", "country_from": "AT", "country_to": "LT", "value": "0", "unit": "kg"}, {"date": "2019-09-01", "country_from": "AT", "country_to": "LT", "value": "0", "unit": "kg"}, {"date": "2019-10-01", "country_from": "AT", "country_to": "LT", "value": "0", "unit": "kg"}, {"date": "2019-11-01", "country_from": "AT", "country_to": "LT", "value": "0", "unit": "kg"}, {"date": "2019-12-01", "country_from": "AT", "country_to": "LT", "value": "0", "unit": "kg"}, {"date": "2020-01-01", "country_from": "AT", "country_to": "LT", "value": "0", "unit": "kg"}, {"date": "2020-02-01", "country_from": "AT", "country_to": "LT", "value": "0", "unit": "kg"}, {"date": "2020-03-01", "country_from": "AT", "country_to": "LT", "value": "0", "unit": "kg"}, {"date": "2020-04-01", "country_from": "AT", "country_to": "LT", "value": "0", "unit": "kg"}, {"date": "2020-05-01", "country_from": "AT", "country_to": "LT", "value": "0", "unit": "kg"}, {"date": "2020-06-01", "country_from": "AT", "country_to": "LT", "value": "0", "unit": "kg"}, {"date": "2020-07-01", "country_from": "AT", "country_to": "LT", "value": "0", "unit": "kg"}, {"date": "2018-12-01", "country_from": "AT", "country_to": "LU", "value": "0", "unit": "kg"}, {"date": "2019-01-01", "country_from": "AT", "country_to": "LU", "value": "0", "unit": "kg"}, {"date": "2019-02-01", "country_from": "AT", "country_to": "LU", "value": "0", "unit": "kg"}, {"date": "2019-03-01", "country_from": "AT", "country_to": "LU", "value": "0", "unit": "kg"}, {"date": "2019-04-01", "country_from": "AT", "country_to": "LU", "value": "0", "unit": "kg"}, {"date": "2019-05-01", "country_from": "AT", "country_to": "LU", "value": "0", "unit": "kg"}, {"date": "2019-06-01", "country_from": "AT", "country_to": "LU", "value": "0", "unit": "kg"}, {"date": "2019-07-01", "country_from": "AT", "country_to": "LU", "value": "0", "unit": "kg"}, {"date": "2019-08-01", "country_from": "AT", "country_to": "LU", "value": "0", "unit": "kg"}, {"date": "2019-09-01", "country_from": "AT", "country_to": "LU", "value": "145", "unit": "kg"}, {"date": "2019-10-01", "country_from": "AT", "country_to": "LU", "value": "0", "unit": "kg"}, {"date": "2019-11-01", "country_from": "AT", "country_to": "LU", "value": "0", "unit": "kg"}, {"date": "2019-12-01", "country_from": "AT", "country_to": "LU", "value": "0", "unit": "kg"}, {"date": "2020-01-01", "country_from": "AT", "country_to": "LU", "value": "0", "unit": "kg"}, {"date": "2020-02-01", "country_from": "AT", "country_to": "LU", "value": "144", "unit": "kg"}, {"date": "2020-03-01", "country_from": "AT", "country_to": "LU", "value": "144", "unit": "kg"}, {"date": "2020-04-01", "country_from": "AT", "country_to": "LU", "value": "450", "unit": "kg"}, {"date": "2020-05-01", "country_from": "AT", "country_to": "LU", "value": "0", "unit": "kg"}, {"date": "2020-06-01", "country_from": "AT", "country_to": "LU", "value": "0", "unit": "kg"}, {"date": "2020-07-01", "country_from": "AT", "country_to": "LU", "value": "0", "unit": "kg"}, {"date": "2018-12-01", "country_from": "AT", "country_to": "NA", "value": "0", "unit": "kg"}, {"date": "2019-01-01", "country_from": "AT", "country_to": "NA", "value": "0", "unit": "kg"}, {"date": "2019-02-01", "country_from": "AT", "country_to": "NA", "value": "0", "unit": "kg"}, {"date": "2019-03-01", "country_from": "AT", "country_to": "NA", "value": "0", "unit": "kg"}, {"date": "2019-04-01", "country_from": "AT", "country_to": "NA", "value": "0", "unit": "kg"}, {"date": "2019-05-01", "country_from": "AT", "country_to": "NA", "value": "500", "unit": "kg"}, {"date": "2019-06-01", "country_from": "AT", "country_to": "NA", "value": "0", "unit": "kg"}, {"date": "2019-07-01", "country_from": "AT", "country_to": "NA", "value": "0", "unit": "kg"}, {"date": "2019-08-01", "country_from": "AT", "country_to": "NA", "value": "0", "unit": "kg"}, {"date": "2019-09-01", "country_from": "AT", "country_to": "NA", "value": "0", "unit": "kg"}, {"date": "2019-10-01", "country_from": "AT", "country_to": "NA", "value": "0", "unit": "kg"}, {"date": "2019-11-01", "country_from": "AT", "country_to": "NA", "value": "0", "unit": "kg"}, {"date": "2019-12-01", "country_from": "AT", "country_to": "NA", "value": "0", "unit": "kg"}, {"date": "2020-01-01", "country_from": "AT", "country_to": "NA", "value": "0", "unit": "kg"}, {"date": "2020-02-01", "country_from": "AT", "country_to": "NA", "value": "0", "unit": "kg"}, {"date": "2020-03-01", "country_from": "AT", "country_to": "NA", "value": "0", "unit": "kg"}, {"date": "2020-04-01", "country_from": "AT", "country_to": "NA", "value": "0", "unit": "kg"}, {"date": "2020-05-01", "country_from": "AT", "country_to": "NA", "value": "0", "unit": "kg"}, {"date": "2020-06-01", "country_from": "AT", "country_to": "NA", "value": "0", "unit": "kg"}, {"date": "2020-07-01", "country_from": "AT", "country_to": "NA", "value": "0", "unit": "kg"}, {"date": "2018-12-01", "country_from": "AT", "country_to": "NL", "value": "0", "unit": "kg"}, {"date": "2019-01-01", "country_from": "AT", "country_to": "NL", "value": "0", "unit": "kg"}, {"date": "2019-02-01", "country_from": "AT", "country_to": "NL", "value": "0", "unit": "kg"}, {"date": "2019-03-01", "country_from": "AT", "country_to": "NL", "value": "0", "unit": "kg"}, {"date": "2019-04-01", "country_from": "AT", "country_to": "NL", "value": "0", "unit": "kg"}, {"date": "2019-05-01", "country_from": "AT", "country_to": "NL", "value": "0", "unit": "kg"}, {"date": "2019-06-01", "country_from": "AT", "country_to": "NL", "value": "0", "unit": "kg"}, {"date": "2019-07-01", "country_from": "AT", "country_to": "NL", "value": "0", "unit": "kg"}, {"date": "2019-08-01", "country_from": "AT", "country_to": "NL", "value": "0", "unit": "kg"}, {"date": "2019-09-01", "country_from": "AT", "country_to": "NL", "value": "0", "unit": "kg"}, {"date": "2019-10-01", "country_from": "AT", "country_to": "NL", "value": "0", "unit": "kg"}, {"date": "2019-11-01", "country_from": "AT", "country_to": "NL", "value": "0", "unit": "kg"}, {"date": "2019-12-01", "country_from": "AT", "country_to": "NL", "value": "1475", "unit": "kg"}, {"date": "2020-01-01", "country_from": "AT", "country_to": "NL", "value": "0", "unit": "kg"}, {"date": "2020-02-01", "country_from": "AT", "country_to": "NL", "value": "0", "unit": "kg"}, {"date": "2020-03-01", "country_from": "AT", "country_to": "NL", "value": "0", "unit": "kg"}, {"date": "2020-04-01", "country_from": "AT", "country_to": "NL", "value": "0", "unit": "kg"}, {"date": "2020-05-01", "country_from": "AT", "country_to": "NL", "value": "0", "unit": "kg"}, {"date": "2020-06-01", "country_from": "AT", "country_to": "NL", "value": "275", "unit": "kg"}, {"date": "2020-07-01", "country_from": "AT", "country_to": "NL", "value": "0", "unit": "kg"}]