[{"date": "2018-11-01", "country": "Austria", "value": "5", "unit": "kg"}, {"date": "2018-12-01", "country": "Austria", "value": "23", "unit": "kg"}, {"date": "2019-01-01", "country": "Austria", "value": "3", "unit": "kg"}, {"date": "2019-02-01", "country": "Austria", "value": "2", "unit": "kg"}, {"date": "2019-03-01", "country": "Austria", "value": "7", "unit": "kg"}, {"date": "2019-04-01", "country": "Austria", "value": "3", "unit": "kg"}, {"date": "2019-05-01", "country": "Austria", "value": "17", "unit": "kg"}, {"date": "2019-06-01", "country": "Austria", "value": "16", "unit": "kg"}, {"date": "2019-07-01", "country": "Austria", "value": "5", "unit": "kg"}, {"date": "2019-08-01", "country": "Austria", "value": "3", "unit": "kg"}, {"date": "2019-09-01", "country": "Austria", "value": "6", "unit": "kg"}, {"date": "2019-10-01", "country": "Austria", "value": "22", "unit": "kg"}, {"date": "2019-11-01", "country": "Austria", "value": "4", "unit": "kg"}, {"date": "2019-12-01", "country": "Austria", "value": "2", "unit": "kg"}, {"date": "2020-01-01", "country": "Austria", "value": "3", "unit": "kg"}, {"date": "2020-02-01", "country": "Austria", "value": "4", "unit": "kg"}, {"date": "2020-03-01", "country": "Austria", "value": "19", "unit": "kg"}, {"date": "2020-04-01", "country": "Austria", "value": "12", "unit": "kg"}, {"date": "2018-11-01", "country": "Netherlands", "value": "3", "unit": "kg"}, {"date": "2018-12-01", "country": "Netherlands", "value": "7", "unit": "kg"}, {"date": "2019-01-01", "country": "Netherlands", "value": "3", "unit": "kg"}, {"date": "2019-02-01", "country": "Netherlands", "value": "0", "unit": "kg"}, {"date": "2019-03-01", "country": "Netherlands", "value": "2", "unit": "kg"}, {"date": "2019-04-01", "country": "Netherlands", "value": "3", "unit": "kg"}, {"date": "2019-05-01", "country": "Netherlands", "value": "11", "unit": "kg"}, {"date": "2019-06-01", "country": "Netherlands", "value": "10", "unit": "kg"}, {"date": "2019-07-01", "country": "Netherlands", "value": "4", "unit": "kg"}, {"date": "2019-08-01", "country": "Netherlands", "value": "1", "unit": "kg"}, {"date": "2019-09-01", "country": "Netherlands", "value": "4", "unit": "kg"}, {"date": "2019-10-01", "country": "Netherlands", "value": "3", "unit": "kg"}, {"date": "2019-11-01", "country": "Netherlands", "value": "3", "unit": "kg"}, {"date": "2019-12-01", "country": "Netherlands", "value": "5", "unit": "kg"}, {"date": "2020-01-01", "country": "Netherlands", "value": "20", "unit": "kg"}, {"date": "2020-02-01", "country": "Netherlands", "value": "20", "unit": "kg"}, {"date": "2020-03-01", "country": "Netherlands", "value": "4", "unit": "kg"}, {"date": "2020-04-01", "country": "Netherlands", "value": "6", "unit": "kg"}, {"date": "2018-11-01", "country": "Ship stores and bunkers", "value": "1", "unit": "kg"}, {"date": "2018-12-01", "country": "Ship stores and bunkers", "value": "1", "unit": "kg"}, {"date": "2019-01-01", "country": "Ship stores and bunkers", "value": "2", "unit": "kg"}, {"date": "2019-02-01", "country": "Ship stores and bunkers", "value": "2", "unit": "kg"}, {"date": "2019-03-01", "country": "Ship stores and bunkers", "value": "1", "unit": "kg"}, {"date": "2019-04-01", "country": "Ship stores and bunkers", "value": "2", "unit": "kg"}, {"date": "2019-05-01", "country": "Ship stores and bunkers", "value": "3", "unit": "kg"}, {"date": "2019-06-01", "country": "Ship stores and bunkers", "value": "2", "unit": "kg"}, {"date": "2019-07-01", "country": "Ship stores and bunkers", "value": "3", "unit": "kg"}, {"date": "2019-08-01", "country": "Ship stores and bunkers", "value": "3", "unit": "kg"}, {"date": "2019-09-01", "country": "Ship stores and bunkers", "value": "3", "unit": "kg"}, {"date": "2019-10-01", "country": "Ship stores and bunkers", "value": "2", "unit": "kg"}, {"date": "2019-11-01", "country": "Ship stores and bunkers", "value": "2", "unit": "kg"}, {"date": "2019-12-01", "country": "Ship stores and bunkers", "value": "1", "unit": "kg"}, {"date": "2020-01-01", "country": "Ship stores and bunkers", "value": "2", "unit": "kg"}, {"date": "2020-02-01", "country": "Ship stores and bunkers", "value": "2", "unit": "kg"}, {"date": "2020-03-01", "country": "Ship stores and bunkers", "value": "2", "unit": "kg"}, {"date": "2020-04-01", "country": "Ship stores and bunkers", "value": "3", "unit": "kg"}, {"date": "2018-11-01", "country": "Poland", "value": "1", "unit": "kg"}, {"date": "2018-12-01", "country": "Poland", "value": "0", "unit": "kg"}, {"date": "2019-01-01", "country": "Poland", "value": "0", "unit": "kg"}, {"date": "2019-02-01", "country": "Poland", "value": "0", "unit": "kg"}, {"date": "2019-03-01", "country": "Poland", "value": "0", "unit": "kg"}, {"date": "2019-04-01", "country": "Poland", "value": "1", "unit": "kg"}, {"date": "2019-05-01", "country": "Poland", "value": "0", "unit": "kg"}, {"date": "2019-06-01", "country": "Poland", "value": "2", "unit": "kg"}, {"date": "2019-07-01", "country": "Poland", "value": "0", "unit": "kg"}, {"date": "2019-08-01", "country": "Poland", "value": "0", "unit": "kg"}, {"date": "2019-09-01", "country": "Poland", "value": "2", "unit": "kg"}, {"date": "2019-10-01", "country": "Poland", "value": "0", "unit": "kg"}, {"date": "2019-11-01", "country": "Poland", "value": "1", "unit": "kg"}, {"date": "2019-12-01", "country": "Poland", "value": "0", "unit": "kg"}, {"date": "2020-01-01", "country": "Poland", "value": "1", "unit": "kg"}, {"date": "2020-02-01", "country": "Poland", "value": "0", "unit": "kg"}, {"date": "2020-03-01", "country": "Poland", "value": "3", "unit": "kg"}, {"date": "2020-04-01", "country": "Poland", "value": "1", "unit": "kg"}, {"date": "2018-11-01", "country": "Luxembourg", "value": "1", "unit": "kg"}, {"date": "2018-12-01", "country": "Luxembourg", "value": "1", "unit": "kg"}, {"date": "2019-01-01", "country": "Luxembourg", "value": "2", "unit": "kg"}, {"date": "2019-02-01", "country": "Luxembourg", "value": "1", "unit": "kg"}, {"date": "2019-03-01", "country": "Luxembourg", "value": "2", "unit": "kg"}, {"date": "2019-04-01", "country": "Luxembourg", "value": "1", "unit": "kg"}, {"date": "2019-05-01", "country": "Luxembourg", "value": "1", "unit": "kg"}, {"date": "2019-06-01", "country": "Luxembourg", "value": "4", "unit": "kg"}, {"date": "2019-07-01", "country": "Luxembourg", "value": "1", "unit": "kg"}, {"date": "2019-08-01", "country": "Luxembourg", "value": "0", "unit": "kg"}, {"date": "2019-09-01", "country": "Luxembourg", "value": "1", "unit": "kg"}, {"date": "2019-10-01", "country": "Luxembourg", "value": "1", "unit": "kg"}, {"date": "2019-11-01", "country": "Luxembourg", "value": "1", "unit": "kg"}, {"date": "2019-12-01", "country": "Luxembourg", "value": "0", "unit": "kg"}, {"date": "2020-01-01", "country": "Luxembourg", "value": "2", "unit": "kg"}, {"date": "2020-02-01", "country": "Luxembourg", "value": "1", "unit": "kg"}, {"date": "2020-03-01", "country": "Luxembourg", "value": "2", "unit": "kg"}, {"date": "2020-04-01", "country": "Luxembourg", "value": "2", "unit": "kg"}, {"date": "2018-11-01", "country": "Denmark", "value": "1", "unit": "kg"}, {"date": "2018-12-01", "country": "Denmark", "value": "0", "unit": "kg"}, {"date": "2019-01-01", "country": "Denmark", "value": "0", "unit": "kg"}, {"date": "2019-02-01", "country": "Denmark", "value": "0", "unit": "kg"}, {"date": "2019-03-01", "country": "Denmark", "value": "0", "unit": "kg"}, {"date": "2019-04-01", "country": "Denmark", "value": "2", "unit": "kg"}, {"date": "2019-05-01", "country": "Denmark", "value": "1", "unit": "kg"}, {"date": "2019-06-01", "country": "Denmark", "value": "1", "unit": "kg"}, {"date": "2019-07-01", "country": "Denmark", "value": "0", "unit": "kg"}, {"date": "2019-08-01", "country": "Denmark", "value": "0", "unit": "kg"}, {"date": "2019-09-01", "country": "Denmark", "value": "1", "unit": "kg"}, {"date": "2019-10-01", "country": "Denmark", "value": "0", "unit": "kg"}, {"date": "2019-11-01", "country": "Denmark", "value": "0", "unit": "kg"}, {"date": "2019-12-01", "country": "Denmark", "value": "0", "unit": "kg"}, {"date": "2020-01-01", "country": "Denmark", "value": "0", "unit": "kg"}, {"date": "2020-02-01", "country": "Denmark", "value": "0", "unit": "kg"}, {"date": "2020-03-01", "country": "Denmark", "value": "0", "unit": "kg"}, {"date": "2020-04-01", "country": "Denmark", "value": "0", "unit": "kg"}, {"date": "2018-11-01", "country": "Finland", "value": "0", "unit": "kg"}, {"date": "2018-12-01", "country": "Finland", "value": "1", "unit": "kg"}, {"date": "2019-01-01", "country": "Finland", "value": "1", "unit": "kg"}, {"date": "2019-02-01", "country": "Finland", "value": "0", "unit": "kg"}, {"date": "2019-03-01", "country": "Finland", "value": "0", "unit": "kg"}, {"date": "2019-04-01", "country": "Finland", "value": "0", "unit": "kg"}, {"date": "2019-05-01", "country": "Finland", "value": "0", "unit": "kg"}, {"date": "2019-06-01", "country": "Finland", "value": "1", "unit": "kg"}, {"date": "2019-07-01", "country": "Finland", "value": "0", "unit": "kg"}, {"date": "2019-08-01", "country": "Finland", "value": "0", "unit": "kg"}, {"date": "2019-09-01", "country": "Finland", "value": "1", "unit": "kg"}, {"date": "2019-10-01", "country": "Finland", "value": "0", "unit": "kg"}, {"date": "2019-11-01", "country": "Finland", "value": "0", "unit": "kg"}, {"date": "2019-12-01", "country": "Finland", "value": "0", "unit": "kg"}, {"date": "2020-01-01", "country": "Finland", "value": "0", "unit": "kg"}, {"date": "2020-02-01", "country": "Finland", "value": "0", "unit": "kg"}, {"date": "2020-03-01", "country": "Finland", "value": "0", "unit": "kg"}, {"date": "2020-04-01", "country": "Finland", "value": "1", "unit": "kg"}, {"date": "2018-11-01", "country": "France", "value": "59", "unit": "kg"}, {"date": "2018-12-01", "country": "France", "value": "31", "unit": "kg"}, {"date": "2019-01-01", "country": "France", "value": "19", "unit": "kg"}, {"date": "2019-02-01", "country": "France", "value": "0", "unit": "kg"}, {"date": "2019-03-01", "country": "France", "value": "24", "unit": "kg"}, {"date": "2019-04-01", "country": "France", "value": "20", "unit": "kg"}, {"date": "2019-05-01", "country": "France", "value": "14", "unit": "kg"}, {"date": "2019-06-01", "country": "France", "value": "22", "unit": "kg"}, {"date": "2019-07-01", "country": "France", "value": "12", "unit": "kg"}, {"date": "2019-08-01", "country": "France", "value": "18", "unit": "kg"}, {"date": "2019-09-01", "country": "France", "value": "4", "unit": "kg"}, {"date": "2019-10-01", "country": "France", "value": "17", "unit": "kg"}, {"date": "2019-11-01", "country": "France", "value": "6", "unit": "kg"}, {"date": "2019-12-01", "country": "France", "value": "0", "unit": "kg"}, {"date": "2020-01-01", "country": "France", "value": "6", "unit": "kg"}, {"date": "2020-02-01", "country": "France", "value": "3", "unit": "kg"}, {"date": "2020-03-01", "country": "France", "value": "3", "unit": "kg"}, {"date": "2020-04-01", "country": "France", "value": "7", "unit": "kg"}, {"date": "2018-11-01", "country": "Georgia", "value": "0", "unit": "kg"}, {"date": "2018-12-01", "country": "Georgia", "value": "0", "unit": "kg"}, {"date": "2019-01-01", "country": "Georgia", "value": "0", "unit": "kg"}, {"date": "2019-02-01", "country": "Georgia", "value": "0", "unit": "kg"}, {"date": "2019-03-01", "country": "Georgia", "value": "0", "unit": "kg"}, {"date": "2019-04-01", "country": "Georgia", "value": "0", "unit": "kg"}, {"date": "2019-05-01", "country": "Georgia", "value": "0", "unit": "kg"}, {"date": "2019-06-01", "country": "Georgia", "value": "0", "unit": "kg"}, {"date": "2019-07-01", "country": "Georgia", "value": "0", "unit": "kg"}, {"date": "2019-08-01", "country": "Georgia", "value": "0", "unit": "kg"}, {"date": "2019-09-01", "country": "Georgia", "value": "0", "unit": "kg"}, {"date": "2019-10-01", "country": "Georgia", "value": "0", "unit": "kg"}, {"date": "2019-11-01", "country": "Georgia", "value": "0", "unit": "kg"}, {"date": "2019-12-01", "country": "Georgia", "value": "0", "unit": "kg"}, {"date": "2020-01-01", "country": "Georgia", "value": "0", "unit": "kg"}, {"date": "2020-02-01", "country": "Georgia", "value": "0", "unit": "kg"}, {"date": "2020-03-01", "country": "Georgia", "value": "0", "unit": "kg"}, {"date": "2020-04-01", "country": "Georgia", "value": "1", "unit": "kg"}, {"date": "2018-11-01", "country": "Ghana", "value": "0", "unit": "kg"}, {"date": "2018-12-01", "country": "Ghana", "value": "0", "unit": "kg"}, {"date": "2019-01-01", "country": "Ghana", "value": "0", "unit": "kg"}, {"date": "2019-02-01", "country": "Ghana", "value": "0", "unit": "kg"}, {"date": "2019-03-01", "country": "Ghana", "value": "1", "unit": "kg"}, {"date": "2019-04-01", "country": "Ghana", "value": "0", "unit": "kg"}, {"date": "2019-05-01", "country": "Ghana", "value": "1", "unit": "kg"}, {"date": "2019-06-01", "country": "Ghana", "value": "1", "unit": "kg"}, {"date": "2019-07-01", "country": "Ghana", "value": "0", "unit": "kg"}, {"date": "2019-08-01", "country": "Ghana", "value": "0", "unit": "kg"}, {"date": "2019-09-01", "country": "Ghana", "value": "0", "unit": "kg"}, {"date": "2019-10-01", "country": "Ghana", "value": "2", "unit": "kg"}, {"date": "2019-11-01", "country": "Ghana", "value": "1", "unit": "kg"}, {"date": "2019-12-01", "country": "Ghana", "value": "0", "unit": "kg"}, {"date": "2020-01-01", "country": "Ghana", "value": "0", "unit": "kg"}, {"date": "2020-02-01", "country": "Ghana", "value": "0", "unit": "kg"}, {"date": "2020-03-01", "country": "Ghana", "value": "0", "unit": "kg"}, {"date": "2020-04-01", "country": "Ghana", "value": "0", "unit": "kg"}, {"date": "2018-11-01", "country": "Greece", "value": "0", "unit": "kg"}, {"date": "2018-12-01", "country": "Greece", "value": "0", "unit": "kg"}, {"date": "2019-01-01", "country": "Greece", "value": "0", "unit": "kg"}, {"date": "2019-02-01", "country": "Greece", "value": "0", "unit": "kg"}, {"date": "2019-03-01", "country": "Greece", "value": "0", "unit": "kg"}, {"date": "2019-04-01", "country": "Greece", "value": "0", "unit": "kg"}, {"date": "2019-05-01", "country": "Greece", "value": "0", "unit": "kg"}, {"date": "2019-06-01", "country": "Greece", "value": "0", "unit": "kg"}, {"date": "2019-07-01", "country": "Greece", "value": "0", "unit": "kg"}, {"date": "2019-08-01", "country": "Greece", "value": "0", "unit": "kg"}, {"date": "2019-09-01", "country": "Greece", "value": "0", "unit": "kg"}, {"date": "2019-10-01", "country": "Greece", "value": "0", "unit": "kg"}, {"date": "2019-11-01", "country": "Greece", "value": "1", "unit": "kg"}, {"date": "2019-12-01", "country": "Greece", "value": "0", "unit": "kg"}, {"date": "2020-01-01", "country": "Greece", "value": "5", "unit": "kg"}, {"date": "2020-02-01", "country": "Greece", "value": "0", "unit": "kg"}, {"date": "2020-03-01", "country": "Greece", "value": "0", "unit": "kg"}, {"date": "2020-04-01", "country": "Greece", "value": "0", "unit": "kg"}, {"date": "2018-11-01", "country": "Ireland", "value": "0", "unit": "kg"}, {"date": "2018-12-01", "country": "Ireland", "value": "0", "unit": "kg"}, {"date": "2019-01-01", "country": "Ireland", "value": "0", "unit": "kg"}, {"date": "2019-02-01", "country": "Ireland", "value": "0", "unit": "kg"}, {"date": "2019-03-01", "country": "Ireland", "value": "0", "unit": "kg"}, {"date": "2019-04-01", "country": "Ireland", "value": "0", "unit": "kg"}, {"date": "2019-05-01", "country": "Ireland", "value": "0", "unit": "kg"}, {"date": "2019-06-01", "country": "Ireland", "value": "1", "unit": "kg"}, {"date": "2019-07-01", "country": "Ireland", "value": "0", "unit": "kg"}, {"date": "2019-08-01", "country": "Ireland", "value": "0", "unit": "kg"}, {"date": "2019-09-01", "country": "Ireland", "value": "0", "unit": "kg"}, {"date": "2019-10-01", "country": "Ireland", "value": "0", "unit": "kg"}, {"date": "2019-11-01", "country": "Ireland", "value": "0", "unit": "kg"}, {"date": "2019-12-01", "country": "Ireland", "value": "0", "unit": "kg"}, {"date": "2020-01-01", "country": "Ireland", "value": "0", "unit": "kg"}, {"date": "2020-02-01", "country": "Ireland", "value": "0", "unit": "kg"}, {"date": "2020-03-01", "country": "Ireland", "value": "0", "unit": "kg"}, {"date": "2020-04-01", "country": "Ireland", "value": "0", "unit": "kg"}, {"date": "2018-11-01", "country": "Italy", "value": "0", "unit": "kg"}, {"date": "2018-12-01", "country": "Italy", "value": "0", "unit": "kg"}, {"date": "2019-01-01", "country": "Italy", "value": "0", "unit": "kg"}, {"date": "2019-02-01", "country": "Italy", "value": "0", "unit": "kg"}, {"date": "2019-03-01", "country": "Italy", "value": "0", "unit": "kg"}, {"date": "2019-04-01", "country": "Italy", "value": "0", "unit": "kg"}, {"date": "2019-05-01", "country": "Italy", "value": "0", "unit": "kg"}, {"date": "2019-06-01", "country": "Italy", "value": "0", "unit": "kg"}, {"date": "2019-07-01", "country": "Italy", "value": "0", "unit": "kg"}, {"date": "2019-08-01", "country": "Italy", "value": "0", "unit": "kg"}, {"date": "2019-09-01", "country": "Italy", "value": "0", "unit": "kg"}, {"date": "2019-10-01", "country": "Italy", "value": "0", "unit": "kg"}, {"date": "2019-11-01", "country": "Italy", "value": "0", "unit": "kg"}, {"date": "2019-12-01", "country": "Italy", "value": "0", "unit": "kg"}, {"date": "2020-01-01", "country": "Italy", "value": "0", "unit": "kg"}, {"date": "2020-02-01", "country": "Italy", "value": "0", "unit": "kg"}, {"date": "2020-03-01", "country": "Italy", "value": "0", "unit": "kg"}, {"date": "2020-04-01", "country": "Italy", "value": "0", "unit": "kg"}, {"date": "2018-11-01", "country": "Kuwait", "value": "0", "unit": "kg"}, {"date": "2018-12-01", "country": "Kuwait", "value": "0", "unit": "kg"}, {"date": "2019-01-01", "country": "Kuwait", "value": "0", "unit": "kg"}, {"date": "2019-02-01", "country": "Kuwait", "value": "0", "unit": "kg"}, {"date": "2019-03-01", "country": "Kuwait", "value": "0", "unit": "kg"}, {"date": "2019-04-01", "country": "Kuwait", "value": "0", "unit": "kg"}, {"date": "2019-05-01", "country": "Kuwait", "value": "0", "unit": "kg"}, {"date": "2019-06-01", "country": "Kuwait", "value": "0", "unit": "kg"}, {"date": "2019-07-01", "country": "Kuwait", "value": "0", "unit": "kg"}, {"date": "2019-08-01", "country": "Kuwait", "value": "1", "unit": "kg"}, {"date": "2019-09-01", "country": "Kuwait", "value": "0", "unit": "kg"}, {"date": "2019-10-01", "country": "Kuwait", "value": "0", "unit": "kg"}, {"date": "2019-11-01", "country": "Kuwait", "value": "0", "unit": "kg"}, {"date": "2019-12-01", "country": "Kuwait", "value": "0", "unit": "kg"}, {"date": "2020-01-01", "country": "Kuwait", "value": "0", "unit": "kg"}, {"date": "2020-02-01", "country": "Kuwait", "value": "0", "unit": "kg"}, {"date": "2020-03-01", "country": "Kuwait", "value": "0", "unit": "kg"}, {"date": "2020-04-01", "country": "Kuwait", "value": "0", "unit": "kg"}, {"date": "2018-11-01", "country": "Mongolia", "value": "0", "unit": "kg"}, {"date": "2018-12-01", "country": "Mongolia", "value": "0", "unit": "kg"}, {"date": "2019-01-01", "country": "Mongolia", "value": "0", "unit": "kg"}, {"date": "2019-02-01", "country": "Mongolia", "value": "0", "unit": "kg"}, {"date": "2019-03-01", "country": "Mongolia", "value": "1", "unit": "kg"}, {"date": "2019-04-01", "country": "Mongolia", "value": "0", "unit": "kg"}, {"date": "2019-05-01", "country": "Mongolia", "value": "1", "unit": "kg"}, {"date": "2019-06-01", "country": "Mongolia", "value": "0", "unit": "kg"}, {"date": "2019-07-01", "country": "Mongolia", "value": "0", "unit": "kg"}, {"date": "2019-08-01", "country": "Mongolia", "value": "0", "unit": "kg"}, {"date": "2019-09-01", "country": "Mongolia", "value": "0", "unit": "kg"}, {"date": "2019-10-01", "country": "Mongolia", "value": "0", "unit": "kg"}, {"date": "2019-11-01", "country": "Mongolia", "value": "0", "unit": "kg"}, {"date": "2019-12-01", "country": "Mongolia", "value": "1", "unit": "kg"}, {"date": "2020-01-01", "country": "Mongolia", "value": "0", "unit": "kg"}, {"date": "2020-02-01", "country": "Mongolia", "value": "0", "unit": "kg"}, {"date": "2020-03-01", "country": "Mongolia", "value": "0", "unit": "kg"}, {"date": "2020-04-01", "country": "Mongolia", "value": "0", "unit": "kg"}, {"date": "2018-11-01", "country": "Nigeria", "value": "0", "unit": "kg"}, {"date": "2018-12-01", "country": "Nigeria", "value": "0", "unit": "kg"}, {"date": "2019-01-01", "country": "Nigeria", "value": "0", "unit": "kg"}, {"date": "2019-02-01", "country": "Nigeria", "value": "0", "unit": "kg"}, {"date": "2019-03-01", "country": "Nigeria", "value": "0", "unit": "kg"}, {"date": "2019-04-01", "country": "Nigeria", "value": "0", "unit": "kg"}, {"date": "2019-05-01", "country": "Nigeria", "value": "0", "unit": "kg"}, {"date": "2019-06-01", "country": "Nigeria", "value": "0", "unit": "kg"}, {"date": "2019-07-01", "country": "Nigeria", "value": "0", "unit": "kg"}, {"date": "2019-08-01", "country": "Nigeria", "value": "0", "unit": "kg"}, {"date": "2019-09-01", "country": "Nigeria", "value": "0", "unit": "kg"}, {"date": "2019-10-01", "country": "Nigeria", "value": "0", "unit": "kg"}, {"date": "2019-11-01", "country": "Nigeria", "value": "0", "unit": "kg"}, {"date": "2019-12-01", "country": "Nigeria", "value": "0", "unit": "kg"}, {"date": "2020-01-01", "country": "Nigeria", "value": "0", "unit": "kg"}, {"date": "2020-02-01", "country": "Nigeria", "value": "0", "unit": "kg"}, {"date": "2020-03-01", "country": "Nigeria", "value": "0", "unit": "kg"}, {"date": "2020-04-01", "country": "Nigeria", "value": "0", "unit": "kg"}, {"date": "2018-11-01", "country": "Belgium", "value": "0", "unit": "kg"}, {"date": "2018-12-01", "country": "Belgium", "value": "1", "unit": "kg"}, {"date": "2019-01-01", "country": "Belgium", "value": "0", "unit": "kg"}, {"date": "2019-02-01", "country": "Belgium", "value": "0", "unit": "kg"}, {"date": "2019-03-01", "country": "Belgium", "value": "0", "unit": "kg"}, {"date": "2019-04-01", "country": "Belgium", "value": "0", "unit": "kg"}, {"date": "2019-05-01", "country": "Belgium", "value": "0", "unit": "kg"}, {"date": "2019-06-01", "country": "Belgium", "value": "0", "unit": "kg"}, {"date": "2019-07-01", "country": "Belgium", "value": "0", "unit": "kg"}, {"date": "2019-08-01", "country": "Belgium", "value": "0", "unit": "kg"}, {"date": "2019-09-01", "country": "Belgium", "value": "0", "unit": "kg"}, {"date": "2019-10-01", "country": "Belgium", "value": "0", "unit": "kg"}, {"date": "2019-11-01", "country": "Belgium", "value": "0", "unit": "kg"}, {"date": "2019-12-01", "country": "Belgium", "value": "0", "unit": "kg"}, {"date": "2020-01-01", "country": "Belgium", "value": "0", "unit": "kg"}, {"date": "2020-02-01", "country": "Belgium", "value": "0", "unit": "kg"}, {"date": "2020-03-01", "country": "Belgium", "value": "0", "unit": "kg"}, {"date": "2020-04-01", "country": "Belgium", "value": "0", "unit": "kg"}, {"date": "2018-11-01", "country": "Czech Republic", "value": "0", "unit": "kg"}, {"date": "2018-12-01", "country": "Czech Republic", "value": "1", "unit": "kg"}, {"date": "2019-01-01", "country": "Czech Republic", "value": "0", "unit": "kg"}, {"date": "2019-02-01", "country": "Czech Republic", "value": "0", "unit": "kg"}, {"date": "2019-03-01", "country": "Czech Republic", "value": "0", "unit": "kg"}, {"date": "2019-04-01", "country": "Czech Republic", "value": "2", "unit": "kg"}, {"date": "2019-05-01", "country": "Czech Republic", "value": "0", "unit": "kg"}, {"date": "2019-06-01", "country": "Czech Republic", "value": "1", "unit": "kg"}, {"date": "2019-07-01", "country": "Czech Republic", "value": "0", "unit": "kg"}, {"date": "2019-08-01", "country": "Czech Republic", "value": "0", "unit": "kg"}, {"date": "2019-09-01", "country": "Czech Republic", "value": "0", "unit": "kg"}, {"date": "2019-10-01", "country": "Czech Republic", "value": "0", "unit": "kg"}, {"date": "2019-11-01", "country": "Czech Republic", "value": "0", "unit": "kg"}, {"date": "2019-12-01", "country": "Czech Republic", "value": "0", "unit": "kg"}, {"date": "2020-01-01", "country": "Czech Republic", "value": "0", "unit": "kg"}, {"date": "2020-02-01", "country": "Czech Republic", "value": "0", "unit": "kg"}, {"date": "2020-03-01", "country": "Czech Republic", "value": "0", "unit": "kg"}, {"date": "2020-04-01", "country": "Czech Republic", "value": "0", "unit": "kg"}, {"date": "2018-11-01", "country": "Azerbaijan", "value": "0", "unit": "kg"}, {"date": "2018-12-01", "country": "Azerbaijan", "value": "0", "unit": "kg"}, {"date": "2019-01-01", "country": "Azerbaijan", "value": "0", "unit": "kg"}, {"date": "2019-02-01", "country": "Azerbaijan", "value": "0", "unit": "kg"}, {"date": "2019-03-01", "country": "Azerbaijan", "value": "0", "unit": "kg"}, {"date": "2019-04-01", "country": "Azerbaijan", "value": "0", "unit": "kg"}, {"date": "2019-05-01", "country": "Azerbaijan", "value": "0", "unit": "kg"}, {"date": "2019-06-01", "country": "Azerbaijan", "value": "0", "unit": "kg"}, {"date": "2019-07-01", "country": "Azerbaijan", "value": "0", "unit": "kg"}, {"date": "2019-08-01", "country": "Azerbaijan", "value": "0", "unit": "kg"}, {"date": "2019-09-01", "country": "Azerbaijan", "value": "0", "unit": "kg"}, {"date": "2019-10-01", "country": "Azerbaijan", "value": "0", "unit": "kg"}, {"date": "2019-11-01", "country": "Azerbaijan", "value": "0", "unit": "kg"}, {"date": "2019-12-01", "country": "Azerbaijan", "value": "0", "unit": "kg"}, {"date": "2020-01-01", "country": "Azerbaijan", "value": "0", "unit": "kg"}, {"date": "2020-02-01", "country": "Azerbaijan", "value": "0", "unit": "kg"}, {"date": "2020-03-01", "country": "Azerbaijan", "value": "0", "unit": "kg"}, {"date": "2020-04-01", "country": "Azerbaijan", "value": "0", "unit": "kg"}, {"date": "2018-11-01", "country": "Portugal", "value": "0", "unit": "kg"}, {"date": "2018-12-01", "country": "Portugal", "value": "0", "unit": "kg"}, {"date": "2019-01-01", "country": "Portugal", "value": "0", "unit": "kg"}, {"date": "2019-02-01", "country": "Portugal", "value": "0", "unit": "kg"}, {"date": "2019-03-01", "country": "Portugal", "value": "0", "unit": "kg"}, {"date": "2019-04-01", "country": "Portugal", "value": "0", "unit": "kg"}, {"date": "2019-05-01", "country": "Portugal", "value": "0", "unit": "kg"}, {"date": "2019-06-01", "country": "Portugal", "value": "0", "unit": "kg"}, {"date": "2019-07-01", "country": "Portugal", "value": "0", "unit": "kg"}, {"date": "2019-08-01", "country": "Portugal", "value": "0", "unit": "kg"}, {"date": "2019-09-01", "country": "Portugal", "value": "0", "unit": "kg"}, {"date": "2019-10-01", "country": "Portugal", "value": "0", "unit": "kg"}, {"date": "2019-11-01", "country": "Portugal", "value": "0", "unit": "kg"}, {"date": "2019-12-01", "country": "Portugal", "value": "0", "unit": "kg"}, {"date": "2020-01-01", "country": "Portugal", "value": "0", "unit": "kg"}, {"date": "2020-02-01", "country": "Portugal", "value": "0", "unit": "kg"}, {"date": "2020-03-01", "country": "Portugal", "value": "0", "unit": "kg"}, {"date": "2020-04-01", "country": "Portugal", "value": "0", "unit": "kg"}, {"date": "2018-11-01", "country": "Saudi Arabia", "value": "0", "unit": "kg"}, {"date": "2018-12-01", "country": "Saudi Arabia", "value": "0", "unit": "kg"}, {"date": "2019-01-01", "country": "Saudi Arabia", "value": "0", "unit": "kg"}, {"date": "2019-02-01", "country": "Saudi Arabia", "value": "0", "unit": "kg"}, {"date": "2019-03-01", "country": "Saudi Arabia", "value": "0", "unit": "kg"}, {"date": "2019-04-01", "country": "Saudi Arabia", "value": "0", "unit": "kg"}, {"date": "2019-05-01", "country": "Saudi Arabia", "value": "0", "unit": "kg"}, {"date": "2019-06-01", "country": "Saudi Arabia", "value": "0", "unit": "kg"}, {"date": "2019-07-01", "country": "Saudi Arabia", "value": "0", "unit": "kg"}, {"date": "2019-08-01", "country": "Saudi Arabia", "value": "0", "unit": "kg"}, {"date": "2019-09-01", "country": "Saudi Arabia", "value": "0", "unit": "kg"}, {"date": "2019-10-01", "country": "Saudi Arabia", "value": "0", "unit": "kg"}, {"date": "2019-11-01", "country": "Saudi Arabia", "value": "0", "unit": "kg"}, {"date": "2019-12-01", "country": "Saudi Arabia", "value": "0", "unit": "kg"}, {"date": "2020-01-01", "country": "Saudi Arabia", "value": "0", "unit": "kg"}, {"date": "2020-02-01", "country": "Saudi Arabia", "value": "0", "unit": "kg"}, {"date": "2020-03-01", "country": "Saudi Arabia", "value": "0", "unit": "kg"}, {"date": "2020-04-01", "country": "Saudi Arabia", "value": "0", "unit": "kg"}, {"date": "2018-11-01", "country": "Serbia", "value": "0", "unit": "kg"}, {"date": "2018-12-01", "country": "Serbia", "value": "0", "unit": "kg"}, {"date": "2019-01-01", "country": "Serbia", "value": "0", "unit": "kg"}, {"date": "2019-02-01", "country": "Serbia", "value": "0", "unit": "kg"}, {"date": "2019-03-01", "country": "Serbia", "value": "0", "unit": "kg"}, {"date": "2019-04-01", "country": "Serbia", "value": "0", "unit": "kg"}, {"date": "2019-05-01", "country": "Serbia", "value": "0", "unit": "kg"}, {"date": "2019-06-01", "country": "Serbia", "value": "1", "unit": "kg"}, {"date": "2019-07-01", "country": "Serbia", "value": "0", "unit": "kg"}, {"date": "2019-08-01", "country": "Serbia", "value": "0", "unit": "kg"}, {"date": "2019-09-01", "country": "Serbia", "value": "0", "unit": "kg"}, {"date": "2019-10-01", "country": "Serbia", "value": "0", "unit": "kg"}, {"date": "2019-11-01", "country": "Serbia", "value": "0", "unit": "kg"}, {"date": "2019-12-01", "country": "Serbia", "value": "0", "unit": "kg"}, {"date": "2020-01-01", "country": "Serbia", "value": "0", "unit": "kg"}, {"date": "2020-02-01", "country": "Serbia", "value": "1", "unit": "kg"}, {"date": "2020-03-01", "country": "Serbia", "value": "0", "unit": "kg"}, {"date": "2020-04-01", "country": "Serbia", "value": "0", "unit": "kg"}, {"date": "2018-11-01", "country": "Slovakia", "value": "0", "unit": "kg"}, {"date": "2018-12-01", "country": "Slovakia", "value": "1", "unit": "kg"}, {"date": "2019-01-01", "country": "Slovakia", "value": "0", "unit": "kg"}, {"date": "2019-02-01", "country": "Slovakia", "value": "0", "unit": "kg"}, {"date": "2019-03-01", "country": "Slovakia", "value": "0", "unit": "kg"}, {"date": "2019-04-01", "country": "Slovakia", "value": "0", "unit": "kg"}, {"date": "2019-05-01", "country": "Slovakia", "value": "0", "unit": "kg"}, {"date": "2019-06-01", "country": "Slovakia", "value": "0", "unit": "kg"}, {"date": "2019-07-01", "country": "Slovakia", "value": "0", "unit": "kg"}, {"date": "2019-08-01", "country": "Slovakia", "value": "0", "unit": "kg"}, {"date": "2019-09-01", "country": "Slovakia", "value": "0", "unit": "kg"}, {"date": "2019-10-01", "country": "Slovakia", "value": "0", "unit": "kg"}, {"date": "2019-11-01", "country": "Slovakia", "value": "0", "unit": "kg"}, {"date": "2019-12-01", "country": "Slovakia", "value": "0", "unit": "kg"}, {"date": "2020-01-01", "country": "Slovakia", "value": "0", "unit": "kg"}, {"date": "2020-02-01", "country": "Slovakia", "value": "0", "unit": "kg"}, {"date": "2020-03-01", "country": "Slovakia", "value": "0", "unit": "kg"}, {"date": "2020-04-01", "country": "Slovakia", "value": "0", "unit": "kg"}, {"date": "2018-11-01", "country": "Slovenia", "value": "0", "unit": "kg"}, {"date": "2018-12-01", "country": "Slovenia", "value": "1", "unit": "kg"}, {"date": "2019-01-01", "country": "Slovenia", "value": "0", "unit": "kg"}, {"date": "2019-02-01", "country": "Slovenia", "value": "0", "unit": "kg"}, {"date": "2019-03-01", "country": "Slovenia", "value": "0", "unit": "kg"}, {"date": "2019-04-01", "country": "Slovenia", "value": "0", "unit": "kg"}, {"date": "2019-05-01", "country": "Slovenia", "value": "0", "unit": "kg"}, {"date": "2019-06-01", "country": "Slovenia", "value": "0", "unit": "kg"}, {"date": "2019-07-01", "country": "Slovenia", "value": "0", "unit": "kg"}, {"date": "2019-08-01", "country": "Slovenia", "value": "0", "unit": "kg"}, {"date": "2019-09-01", "country": "Slovenia", "value": "0", "unit": "kg"}, {"date": "2019-10-01", "country": "Slovenia", "value": "0", "unit": "kg"}, {"date": "2019-11-01", "country": "Slovenia", "value": "0", "unit": "kg"}, {"date": "2019-12-01", "country": "Slovenia", "value": "0", "unit": "kg"}, {"date": "2020-01-01", "country": "Slovenia", "value": "0", "unit": "kg"}, {"date": "2020-02-01", "country": "Slovenia", "value": "0", "unit": "kg"}, {"date": "2020-03-01", "country": "Slovenia", "value": "0", "unit": "kg"}, {"date": "2020-04-01", "country": "Slovenia", "value": "0", "unit": "kg"}, {"date": "2018-11-01", "country": "Spain", "value": "1", "unit": "kg"}, {"date": "2018-12-01", "country": "Spain", "value": "0", "unit": "kg"}, {"date": "2019-01-01", "country": "Spain", "value": "0", "unit": "kg"}, {"date": "2019-02-01", "country": "Spain", "value": "0", "unit": "kg"}, {"date": "2019-03-01", "country": "Spain", "value": "1", "unit": "kg"}, {"date": "2019-04-01", "country": "Spain", "value": "0", "unit": "kg"}, {"date": "2019-05-01", "country": "Spain", "value": "0", "unit": "kg"}, {"date": "2019-06-01", "country": "Spain", "value": "0", "unit": "kg"}, {"date": "2019-07-01", "country": "Spain", "value": "0", "unit": "kg"}, {"date": "2019-08-01", "country": "Spain", "value": "0", "unit": "kg"}, {"date": "2019-09-01", "country": "Spain", "value": "0", "unit": "kg"}, {"date": "2019-10-01", "country": "Spain", "value": "0", "unit": "kg"}, {"date": "2019-11-01", "country": "Spain", "value": "0", "unit": "kg"}, {"date": "2019-12-01", "country": "Spain", "value": "0", "unit": "kg"}, {"date": "2020-01-01", "country": "Spain", "value": "0", "unit": "kg"}, {"date": "2020-02-01", "country": "Spain", "value": "0", "unit": "kg"}, {"date": "2020-03-01", "country": "Spain", "value": "0", "unit": "kg"}, {"date": "2020-04-01", "country": "Spain", "value": "0", "unit": "kg"}, {"date": "2018-11-01", "country": "Sweden", "value": "0", "unit": "kg"}, {"date": "2018-12-01", "country": "Sweden", "value": "0", "unit": "kg"}, {"date": "2019-01-01", "country": "Sweden", "value": "0", "unit": "kg"}, {"date": "2019-02-01", "country": "Sweden", "value": "0", "unit": "kg"}, {"date": "2019-03-01", "country": "Sweden", "value": "0", "unit": "kg"}, {"date": "2019-04-01", "country": "Sweden", "value": "0", "unit": "kg"}, {"date": "2019-05-01", "country": "Sweden", "value": "0", "unit": "kg"}, {"date": "2019-06-01", "country": "Sweden", "value": "0", "unit": "kg"}, {"date": "2019-07-01", "country": "Sweden", "value": "0", "unit": "kg"}, {"date": "2019-08-01", "country": "Sweden", "value": "0", "unit": "kg"}, {"date": "2019-09-01", "country": "Sweden", "value": "0", "unit": "kg"}, {"date": "2019-10-01", "country": "Sweden", "value": "0", "unit": "kg"}, {"date": "2019-11-01", "country": "Sweden", "value": "2", "unit": "kg"}, {"date": "2019-12-01", "country": "Sweden", "value": "0", "unit": "kg"}, {"date": "2020-01-01", "country": "Sweden", "value": "0", "unit": "kg"}, {"date": "2020-02-01", "country": "Sweden", "value": "0", "unit": "kg"}, {"date": "2020-03-01", "country": "Sweden", "value": "0", "unit": "kg"}, {"date": "2020-04-01", "country": "Sweden", "value": "0", "unit": "kg"}, {"date": "2018-11-01", "country": "Switzerland", "value": "0", "unit": "kg"}, {"date": "2018-12-01", "country": "Switzerland", "value": "2", "unit": "kg"}, {"date": "2019-01-01", "country": "Switzerland", "value": "0", "unit": "kg"}, {"date": "2019-02-01", "country": "Switzerland", "value": "0", "unit": "kg"}, {"date": "2019-03-01", "country": "Switzerland", "value": "0", "unit": "kg"}, {"date": "2019-04-01", "country": "Switzerland", "value": "0", "unit": "kg"}, {"date": "2019-05-01", "country": "Switzerland", "value": "0", "unit": "kg"}, {"date": "2019-06-01", "country": "Switzerland", "value": "0", "unit": "kg"}, {"date": "2019-07-01", "country": "Switzerland", "value": "0", "unit": "kg"}, {"date": "2019-08-01", "country": "Switzerland", "value": "1", "unit": "kg"}, {"date": "2019-09-01", "country": "Switzerland", "value": "1", "unit": "kg"}, {"date": "2019-10-01", "country": "Switzerland", "value": "0", "unit": "kg"}, {"date": "2019-11-01", "country": "Switzerland", "value": "0", "unit": "kg"}, {"date": "2019-12-01", "country": "Switzerland", "value": "0", "unit": "kg"}, {"date": "2020-01-01", "country": "Switzerland", "value": "0", "unit": "kg"}, {"date": "2020-02-01", "country": "Switzerland", "value": "2", "unit": "kg"}, {"date": "2020-03-01", "country": "Switzerland", "value": "0", "unit": "kg"}, {"date": "2020-04-01", "country": "Switzerland", "value": "0", "unit": "kg"}, {"date": "2018-11-01", "country": "United Kingdom", "value": "0", "unit": "kg"}, {"date": "2018-12-01", "country": "United Kingdom", "value": "0", "unit": "kg"}, {"date": "2019-01-01", "country": "United Kingdom", "value": "1", "unit": "kg"}, {"date": "2019-02-01", "country": "United Kingdom", "value": "0", "unit": "kg"}, {"date": "2019-03-01", "country": "United Kingdom", "value": "0", "unit": "kg"}, {"date": "2019-04-01", "country": "United Kingdom", "value": "0", "unit": "kg"}, {"date": "2019-05-01", "country": "United Kingdom", "value": "0", "unit": "kg"}, {"date": "2019-06-01", "country": "United Kingdom", "value": "0", "unit": "kg"}, {"date": "2019-07-01", "country": "United Kingdom", "value": "2", "unit": "kg"}, {"date": "2019-08-01", "country": "United Kingdom", "value": "0", "unit": "kg"}, {"date": "2019-09-01", "country": "United Kingdom", "value": "0", "unit": "kg"}, {"date": "2019-10-01", "country": "United Kingdom", "value": "0", "unit": "kg"}, {"date": "2019-11-01", "country": "United Kingdom", "value": "0", "unit": "kg"}, {"date": "2019-12-01", "country": "United Kingdom", "value": "0", "unit": "kg"}, {"date": "2020-01-01", "country": "United Kingdom", "value": "0", "unit": "kg"}, {"date": "2020-02-01", "country": "United Kingdom", "value": "0", "unit": "kg"}, {"date": "2020-03-01", "country": "United Kingdom", "value": "0", "unit": "kg"}, {"date": "2020-04-01", "country": "United Kingdom", "value": "0", "unit": "kg"}]