[{"date": "2018-08-01", "country_from": "MZ", "country_to": "ZW", "value": "0", "unit": "kg"}, {"date": "2018-09-01", "country_from": "MZ", "country_to": "ZW", "value": "0", "unit": "kg"}, {"date": "2018-10-01", "country_from": "MZ", "country_to": "ZW", "value": "0", "unit": "kg"}, {"date": "2018-11-01", "country_from": "MZ", "country_to": "ZW", "value": "0", "unit": "kg"}, {"date": "2018-12-01", "country_from": "MZ", "country_to": "ZW", "value": "0", "unit": "kg"}, {"date": "2019-01-01", "country_from": "MZ", "country_to": "ZW", "value": "0", "unit": "kg"}, {"date": "2019-02-01", "country_from": "MZ", "country_to": "ZW", "value": "0", "unit": "kg"}, {"date": "2019-03-01", "country_from": "MZ", "country_to": "ZW", "value": "0", "unit": "kg"}, {"date": "2019-04-01", "country_from": "MZ", "country_to": "ZW", "value": "0", "unit": "kg"}, {"date": "2019-05-01", "country_from": "MZ", "country_to": "ZW", "value": "0", "unit": "kg"}, {"date": "2019-06-01", "country_from": "MZ", "country_to": "ZW", "value": "0", "unit": "kg"}, {"date": "2019-07-01", "country_from": "MZ", "country_to": "ZW", "value": "0", "unit": "kg"}, {"date": "2019-08-01", "country_from": "MZ", "country_to": "ZW", "value": "0", "unit": "kg"}, {"date": "2019-09-01", "country_from": "MZ", "country_to": "ZW", "value": "0", "unit": "kg"}, {"date": "2019-10-01", "country_from": "MZ", "country_to": "ZW", "value": "0", "unit": "kg"}, {"date": "2019-11-01", "country_from": "MZ", "country_to": "ZW", "value": "0", "unit": "kg"}, {"date": "2019-12-01", "country_from": "MZ", "country_to": "ZW", "value": "0", "unit": "kg"}, {"date": "2020-01-01", "country_from": "MZ", "country_to": "ZW", "value": "0", "unit": "kg"}, {"date": "2020-02-01", "country_from": "MZ", "country_to": "ZW", "value": "0", "unit": "kg"}, {"date": "2020-03-01", "country_from": "MZ", "country_to": "ZW", "value": "600", "unit": "kg"}, {"date": "2018-08-01", "country_from": "MZ", "country_to": "MW", "value": "0", "unit": "kg"}, {"date": "2018-09-01", "country_from": "MZ", "country_to": "MW", "value": "0", "unit": "kg"}, {"date": "2018-10-01", "country_from": "MZ", "country_to": "MW", "value": "0", "unit": "kg"}, {"date": "2018-11-01", "country_from": "MZ", "country_to": "MW", "value": "0", "unit": "kg"}, {"date": "2018-12-01", "country_from": "MZ", "country_to": "MW", "value": "0", "unit": "kg"}, {"date": "2019-01-01", "country_from": "MZ", "country_to": "MW", "value": "30", "unit": "kg"}, {"date": "2019-02-01", "country_from": "MZ", "country_to": "MW", "value": "0", "unit": "kg"}, {"date": "2019-03-01", "country_from": "MZ", "country_to": "MW", "value": "0", "unit": "kg"}, {"date": "2019-04-01", "country_from": "MZ", "country_to": "MW", "value": "0", "unit": "kg"}, {"date": "2019-05-01", "country_from": "MZ", "country_to": "MW", "value": "0", "unit": "kg"}, {"date": "2019-06-01", "country_from": "MZ", "country_to": "MW", "value": "0", "unit": "kg"}, {"date": "2019-07-01", "country_from": "MZ", "country_to": "MW", "value": "0", "unit": "kg"}, {"date": "2019-08-01", "country_from": "MZ", "country_to": "MW", "value": "0", "unit": "kg"}, {"date": "2019-09-01", "country_from": "MZ", "country_to": "MW", "value": "0", "unit": "kg"}, {"date": "2019-10-01", "country_from": "MZ", "country_to": "MW", "value": "0", "unit": "kg"}, {"date": "2019-11-01", "country_from": "MZ", "country_to": "MW", "value": "0", "unit": "kg"}, {"date": "2019-12-01", "country_from": "MZ", "country_to": "MW", "value": "0", "unit": "kg"}, {"date": "2020-01-01", "country_from": "MZ", "country_to": "MW", "value": "0", "unit": "kg"}, {"date": "2020-02-01", "country_from": "MZ", "country_to": "MW", "value": "0", "unit": "kg"}, {"date": "2020-03-01", "country_from": "MZ", "country_to": "MW", "value": "0", "unit": "kg"}, {"date": "2018-08-01", "country_from": "MZ", "country_to": "MY", "value": "0", "unit": "kg"}, {"date": "2018-09-01", "country_from": "MZ", "country_to": "MY", "value": "0", "unit": "kg"}, {"date": "2018-10-01", "country_from": "MZ", "country_to": "MY", "value": "0", "unit": "kg"}, {"date": "2018-11-01", "country_from": "MZ", "country_to": "MY", "value": "0", "unit": "kg"}, {"date": "2018-12-01", "country_from": "MZ", "country_to": "MY", "value": "0", "unit": "kg"}, {"date": "2019-01-01", "country_from": "MZ", "country_to": "MY", "value": "0", "unit": "kg"}, {"date": "2019-02-01", "country_from": "MZ", "country_to": "MY", "value": "0", "unit": "kg"}, {"date": "2019-03-01", "country_from": "MZ", "country_to": "MY", "value": "0", "unit": "kg"}, {"date": "2019-04-01", "country_from": "MZ", "country_to": "MY", "value": "0", "unit": "kg"}, {"date": "2019-05-01", "country_from": "MZ", "country_to": "MY", "value": "0", "unit": "kg"}, {"date": "2019-06-01", "country_from": "MZ", "country_to": "MY", "value": "0", "unit": "kg"}, {"date": "2019-07-01", "country_from": "MZ", "country_to": "MY", "value": "0", "unit": "kg"}, {"date": "2019-08-01", "country_from": "MZ", "country_to": "MY", "value": "0", "unit": "kg"}, {"date": "2019-09-01", "country_from": "MZ", "country_to": "MY", "value": "0", "unit": "kg"}, {"date": "2019-10-01", "country_from": "MZ", "country_to": "MY", "value": "35", "unit": "kg"}, {"date": "2019-11-01", "country_from": "MZ", "country_to": "MY", "value": "0", "unit": "kg"}, {"date": "2019-12-01", "country_from": "MZ", "country_to": "MY", "value": "0", "unit": "kg"}, {"date": "2020-01-01", "country_from": "MZ", "country_to": "MY", "value": "0", "unit": "kg"}, {"date": "2020-02-01", "country_from": "MZ", "country_to": "MY", "value": "0", "unit": "kg"}, {"date": "2020-03-01", "country_from": "MZ", "country_to": "MY", "value": "0", "unit": "kg"}, {"date": "2018-08-01", "country_from": "MZ", "country_to": "MH", "value": "0", "unit": "kg"}, {"date": "2018-09-01", "country_from": "MZ", "country_to": "MH", "value": "0", "unit": "kg"}, {"date": "2018-10-01", "country_from": "MZ", "country_to": "MH", "value": "0", "unit": "kg"}, {"date": "2018-11-01", "country_from": "MZ", "country_to": "MH", "value": "0", "unit": "kg"}, {"date": "2018-12-01", "country_from": "MZ", "country_to": "MH", "value": "580", "unit": "kg"}, {"date": "2019-01-01", "country_from": "MZ", "country_to": "MH", "value": "0", "unit": "kg"}, {"date": "2019-02-01", "country_from": "MZ", "country_to": "MH", "value": "0", "unit": "kg"}, {"date": "2019-03-01", "country_from": "MZ", "country_to": "MH", "value": "0", "unit": "kg"}, {"date": "2019-04-01", "country_from": "MZ", "country_to": "MH", "value": "0", "unit": "kg"}, {"date": "2019-05-01", "country_from": "MZ", "country_to": "MH", "value": "0", "unit": "kg"}, {"date": "2019-06-01", "country_from": "MZ", "country_to": "MH", "value": "475", "unit": "kg"}, {"date": "2019-07-01", "country_from": "MZ", "country_to": "MH", "value": "0", "unit": "kg"}, {"date": "2019-08-01", "country_from": "MZ", "country_to": "MH", "value": "370", "unit": "kg"}, {"date": "2019-09-01", "country_from": "MZ", "country_to": "MH", "value": "0", "unit": "kg"}, {"date": "2019-10-01", "country_from": "MZ", "country_to": "MH", "value": "0", "unit": "kg"}, {"date": "2019-11-01", "country_from": "MZ", "country_to": "MH", "value": "0", "unit": "kg"}, {"date": "2019-12-01", "country_from": "MZ", "country_to": "MH", "value": "1000", "unit": "kg"}, {"date": "2020-01-01", "country_from": "MZ", "country_to": "MH", "value": "0", "unit": "kg"}, {"date": "2020-02-01", "country_from": "MZ", "country_to": "MH", "value": "0", "unit": "kg"}, {"date": "2020-03-01", "country_from": "MZ", "country_to": "MH", "value": "0", "unit": "kg"}]