[{"date": "2018-10-01", "country_from": "HR", "country_to": "SI", "value": "912", "unit": "kg"}, {"date": "2018-11-01", "country_from": "HR", "country_to": "SI", "value": "1358", "unit": "kg"}, {"date": "2018-12-01", "country_from": "HR", "country_to": "SI", "value": "4625", "unit": "kg"}, {"date": "2019-01-01", "country_from": "HR", "country_to": "SI", "value": "3156", "unit": "kg"}, {"date": "2019-02-01", "country_from": "HR", "country_to": "SI", "value": "1799", "unit": "kg"}, {"date": "2019-03-01", "country_from": "HR", "country_to": "SI", "value": "686", "unit": "kg"}, {"date": "2019-04-01", "country_from": "HR", "country_to": "SI", "value": "1164", "unit": "kg"}, {"date": "2019-05-01", "country_from": "HR", "country_to": "SI", "value": "360", "unit": "kg"}, {"date": "2019-06-01", "country_from": "HR", "country_to": "SI", "value": "1106", "unit": "kg"}, {"date": "2019-07-01", "country_from": "HR", "country_to": "SI", "value": "729", "unit": "kg"}, {"date": "2019-08-01", "country_from": "HR", "country_to": "SI", "value": "948", "unit": "kg"}, {"date": "2019-09-01", "country_from": "HR", "country_to": "SI", "value": "720", "unit": "kg"}, {"date": "2019-10-01", "country_from": "HR", "country_to": "SI", "value": "1008", "unit": "kg"}, {"date": "2019-11-01", "country_from": "HR", "country_to": "SI", "value": "624", "unit": "kg"}, {"date": "2019-12-01", "country_from": "HR", "country_to": "SI", "value": "1345", "unit": "kg"}, {"date": "2020-01-01", "country_from": "HR", "country_to": "SI", "value": "2053", "unit": "kg"}, {"date": "2020-02-01", "country_from": "HR", "country_to": "SI", "value": "924", "unit": "kg"}, {"date": "2020-03-01", "country_from": "HR", "country_to": "SI", "value": "72", "unit": "kg"}, {"date": "2018-10-01", "country_from": "HR", "country_to": "BA", "value": "0", "unit": "kg"}, {"date": "2018-11-01", "country_from": "HR", "country_to": "BA", "value": "0", "unit": "kg"}, {"date": "2018-12-01", "country_from": "HR", "country_to": "BA", "value": "217", "unit": "kg"}, {"date": "2019-01-01", "country_from": "HR", "country_to": "BA", "value": "0", "unit": "kg"}, {"date": "2019-02-01", "country_from": "HR", "country_to": "BA", "value": "468", "unit": "kg"}, {"date": "2019-03-01", "country_from": "HR", "country_to": "BA", "value": "0", "unit": "kg"}, {"date": "2019-04-01", "country_from": "HR", "country_to": "BA", "value": "499", "unit": "kg"}, {"date": "2019-05-01", "country_from": "HR", "country_to": "BA", "value": "0", "unit": "kg"}, {"date": "2019-06-01", "country_from": "HR", "country_to": "BA", "value": "0", "unit": "kg"}, {"date": "2019-07-01", "country_from": "HR", "country_to": "BA", "value": "234", "unit": "kg"}, {"date": "2019-08-01", "country_from": "HR", "country_to": "BA", "value": "0", "unit": "kg"}, {"date": "2019-09-01", "country_from": "HR", "country_to": "BA", "value": "0", "unit": "kg"}, {"date": "2019-10-01", "country_from": "HR", "country_to": "BA", "value": "168", "unit": "kg"}, {"date": "2019-11-01", "country_from": "HR", "country_to": "BA", "value": "0", "unit": "kg"}, {"date": "2019-12-01", "country_from": "HR", "country_to": "BA", "value": "238", "unit": "kg"}, {"date": "2020-01-01", "country_from": "HR", "country_to": "BA", "value": "0", "unit": "kg"}, {"date": "2020-02-01", "country_from": "HR", "country_to": "BA", "value": "156", "unit": "kg"}, {"date": "2020-03-01", "country_from": "HR", "country_to": "BA", "value": "0", "unit": "kg"}, {"date": "2018-10-01", "country_from": "HR", "country_to": "ME", "value": "0", "unit": "kg"}, {"date": "2018-11-01", "country_from": "HR", "country_to": "ME", "value": "0", "unit": "kg"}, {"date": "2018-12-01", "country_from": "HR", "country_to": "ME", "value": "0", "unit": "kg"}, {"date": "2019-01-01", "country_from": "HR", "country_to": "ME", "value": "0", "unit": "kg"}, {"date": "2019-02-01", "country_from": "HR", "country_to": "ME", "value": "0", "unit": "kg"}, {"date": "2019-03-01", "country_from": "HR", "country_to": "ME", "value": "0", "unit": "kg"}, {"date": "2019-04-01", "country_from": "HR", "country_to": "ME", "value": "180", "unit": "kg"}, {"date": "2019-05-01", "country_from": "HR", "country_to": "ME", "value": "0", "unit": "kg"}, {"date": "2019-06-01", "country_from": "HR", "country_to": "ME", "value": "0", "unit": "kg"}, {"date": "2019-07-01", "country_from": "HR", "country_to": "ME", "value": "225", "unit": "kg"}, {"date": "2019-08-01", "country_from": "HR", "country_to": "ME", "value": "187", "unit": "kg"}, {"date": "2019-09-01", "country_from": "HR", "country_to": "ME", "value": "0", "unit": "kg"}, {"date": "2019-10-01", "country_from": "HR", "country_to": "ME", "value": "0", "unit": "kg"}, {"date": "2019-11-01", "country_from": "HR", "country_to": "ME", "value": "0", "unit": "kg"}, {"date": "2019-12-01", "country_from": "HR", "country_to": "ME", "value": "0", "unit": "kg"}, {"date": "2020-01-01", "country_from": "HR", "country_to": "ME", "value": "0", "unit": "kg"}, {"date": "2020-02-01", "country_from": "HR", "country_to": "ME", "value": "0", "unit": "kg"}, {"date": "2020-03-01", "country_from": "HR", "country_to": "ME", "value": "0", "unit": "kg"}]