[{"date": "2010-08-01", "country_from": "SB", "country_to": "CN", "value": "0", "unit": "kg"}, {"date": "2010-09-01", "country_from": "SB", "country_to": "CN", "value": "0", "unit": "kg"}, {"date": "2010-10-01", "country_from": "SB", "country_to": "CN", "value": "0", "unit": "kg"}, {"date": "2010-11-01", "country_from": "SB", "country_to": "CN", "value": "0", "unit": "kg"}, {"date": "2010-12-01", "country_from": "SB", "country_to": "CN", "value": "0", "unit": "kg"}, {"date": "2011-01-01", "country_from": "SB", "country_to": "CN", "value": "0", "unit": "kg"}, {"date": "2011-02-01", "country_from": "SB", "country_to": "CN", "value": "0", "unit": "kg"}, {"date": "2011-03-01", "country_from": "SB", "country_to": "CN", "value": "0", "unit": "kg"}, {"date": "2011-04-01", "country_from": "SB", "country_to": "CN", "value": "0", "unit": "kg"}, {"date": "2011-05-01", "country_from": "SB", "country_to": "CN", "value": "0", "unit": "kg"}, {"date": "2011-06-01", "country_from": "SB", "country_to": "CN", "value": "0", "unit": "kg"}, {"date": "2011-07-01", "country_from": "SB", "country_to": "CN", "value": "0", "unit": "kg"}, {"date": "2011-08-01", "country_from": "SB", "country_to": "CN", "value": "0", "unit": "kg"}, {"date": "2011-09-01", "country_from": "SB", "country_to": "CN", "value": "0", "unit": "kg"}, {"date": "2011-10-01", "country_from": "SB", "country_to": "CN", "value": "0", "unit": "kg"}, {"date": "2011-11-01", "country_from": "SB", "country_to": "CN", "value": "0", "unit": "kg"}, {"date": "2011-12-01", "country_from": "SB", "country_to": "CN", "value": "0", "unit": "kg"}, {"date": "2012-01-01", "country_from": "SB", "country_to": "CN", "value": "0", "unit": "kg"}, {"date": "2010-08-01", "country_from": "SB", "country_to": "KI", "value": "0", "unit": "kg"}, {"date": "2010-09-01", "country_from": "SB", "country_to": "KI", "value": "0", "unit": "kg"}, {"date": "2010-10-01", "country_from": "SB", "country_to": "KI", "value": "0", "unit": "kg"}, {"date": "2010-11-01", "country_from": "SB", "country_to": "KI", "value": "0", "unit": "kg"}, {"date": "2010-12-01", "country_from": "SB", "country_to": "KI", "value": "0", "unit": "kg"}, {"date": "2011-01-01", "country_from": "SB", "country_to": "KI", "value": "0", "unit": "kg"}, {"date": "2011-02-01", "country_from": "SB", "country_to": "KI", "value": "0", "unit": "kg"}, {"date": "2011-03-01", "country_from": "SB", "country_to": "KI", "value": "4133", "unit": "kg"}, {"date": "2011-04-01", "country_from": "SB", "country_to": "KI", "value": "0", "unit": "kg"}, {"date": "2011-05-01", "country_from": "SB", "country_to": "KI", "value": "0", "unit": "kg"}, {"date": "2011-06-01", "country_from": "SB", "country_to": "KI", "value": "0", "unit": "kg"}, {"date": "2011-07-01", "country_from": "SB", "country_to": "KI", "value": "0", "unit": "kg"}, {"date": "2011-08-01", "country_from": "SB", "country_to": "KI", "value": "0", "unit": "kg"}, {"date": "2011-09-01", "country_from": "SB", "country_to": "KI", "value": "0", "unit": "kg"}, {"date": "2011-10-01", "country_from": "SB", "country_to": "KI", "value": "0", "unit": "kg"}, {"date": "2011-11-01", "country_from": "SB", "country_to": "KI", "value": "0", "unit": "kg"}, {"date": "2011-12-01", "country_from": "SB", "country_to": "KI", "value": "0", "unit": "kg"}, {"date": "2012-01-01", "country_from": "SB", "country_to": "KI", "value": "0", "unit": "kg"}, {"date": "2010-08-01", "country_from": "SB", "country_to": "-", "value": "0", "unit": "kg"}, {"date": "2010-09-01", "country_from": "SB", "country_to": "-", "value": "0", "unit": "kg"}, {"date": "2010-10-01", "country_from": "SB", "country_to": "-", "value": "0", "unit": "kg"}, {"date": "2010-11-01", "country_from": "SB", "country_to": "-", "value": "0", "unit": "kg"}, {"date": "2010-12-01", "country_from": "SB", "country_to": "-", "value": "0", "unit": "kg"}, {"date": "2011-01-01", "country_from": "SB", "country_to": "-", "value": "0", "unit": "kg"}, {"date": "2011-02-01", "country_from": "SB", "country_to": "-", "value": "0", "unit": "kg"}, {"date": "2011-03-01", "country_from": "SB", "country_to": "-", "value": "0", "unit": "kg"}, {"date": "2011-04-01", "country_from": "SB", "country_to": "-", "value": "0", "unit": "kg"}, {"date": "2011-05-01", "country_from": "SB", "country_to": "-", "value": "0", "unit": "kg"}, {"date": "2011-06-01", "country_from": "SB", "country_to": "-", "value": "0", "unit": "kg"}, {"date": "2011-07-01", "country_from": "SB", "country_to": "-", "value": "0", "unit": "kg"}, {"date": "2011-08-01", "country_from": "SB", "country_to": "-", "value": "0", "unit": "kg"}, {"date": "2011-09-01", "country_from": "SB", "country_to": "-", "value": "0", "unit": "kg"}, {"date": "2011-10-01", "country_from": "SB", "country_to": "-", "value": "0", "unit": "kg"}, {"date": "2011-11-01", "country_from": "SB", "country_to": "-", "value": "0", "unit": "kg"}, {"date": "2011-12-01", "country_from": "SB", "country_to": "-", "value": "0", "unit": "kg"}, {"date": "2012-01-01", "country_from": "SB", "country_to": "-", "value": "0", "unit": "kg"}, {"date": "2010-08-01", "country_from": "SB", "country_to": "NR", "value": "0", "unit": "kg"}, {"date": "2010-09-01", "country_from": "SB", "country_to": "NR", "value": "0", "unit": "kg"}, {"date": "2010-10-01", "country_from": "SB", "country_to": "NR", "value": "0", "unit": "kg"}, {"date": "2010-11-01", "country_from": "SB", "country_to": "NR", "value": "0", "unit": "kg"}, {"date": "2010-12-01", "country_from": "SB", "country_to": "NR", "value": "0", "unit": "kg"}, {"date": "2011-01-01", "country_from": "SB", "country_to": "NR", "value": "0", "unit": "kg"}, {"date": "2011-02-01", "country_from": "SB", "country_to": "NR", "value": "2950", "unit": "kg"}, {"date": "2011-03-01", "country_from": "SB", "country_to": "NR", "value": "1300", "unit": "kg"}, {"date": "2011-04-01", "country_from": "SB", "country_to": "NR", "value": "0", "unit": "kg"}, {"date": "2011-05-01", "country_from": "SB", "country_to": "NR", "value": "0", "unit": "kg"}, {"date": "2011-06-01", "country_from": "SB", "country_to": "NR", "value": "4000", "unit": "kg"}, {"date": "2011-07-01", "country_from": "SB", "country_to": "NR", "value": "0", "unit": "kg"}, {"date": "2011-08-01", "country_from": "SB", "country_to": "NR", "value": "0", "unit": "kg"}, {"date": "2011-09-01", "country_from": "SB", "country_to": "NR", "value": "0", "unit": "kg"}, {"date": "2011-10-01", "country_from": "SB", "country_to": "NR", "value": "0", "unit": "kg"}, {"date": "2011-11-01", "country_from": "SB", "country_to": "NR", "value": "2000", "unit": "kg"}, {"date": "2011-12-01", "country_from": "SB", "country_to": "NR", "value": "0", "unit": "kg"}, {"date": "2012-01-01", "country_from": "SB", "country_to": "NR", "value": "15000", "unit": "kg"}, {"date": "2010-08-01", "country_from": "SB", "country_to": "VU", "value": "0", "unit": "kg"}, {"date": "2010-09-01", "country_from": "SB", "country_to": "VU", "value": "0", "unit": "kg"}, {"date": "2010-10-01", "country_from": "SB", "country_to": "VU", "value": "0", "unit": "kg"}, {"date": "2010-11-01", "country_from": "SB", "country_to": "VU", "value": "0", "unit": "kg"}, {"date": "2010-12-01", "country_from": "SB", "country_to": "VU", "value": "0", "unit": "kg"}, {"date": "2011-01-01", "country_from": "SB", "country_to": "VU", "value": "8460", "unit": "kg"}, {"date": "2011-02-01", "country_from": "SB", "country_to": "VU", "value": "0", "unit": "kg"}, {"date": "2011-03-01", "country_from": "SB", "country_to": "VU", "value": "0", "unit": "kg"}, {"date": "2011-04-01", "country_from": "SB", "country_to": "VU", "value": "0", "unit": "kg"}, {"date": "2011-05-01", "country_from": "SB", "country_to": "VU", "value": "0", "unit": "kg"}, {"date": "2011-06-01", "country_from": "SB", "country_to": "VU", "value": "0", "unit": "kg"}, {"date": "2011-07-01", "country_from": "SB", "country_to": "VU", "value": "0", "unit": "kg"}, {"date": "2011-08-01", "country_from": "SB", "country_to": "VU", "value": "0", "unit": "kg"}, {"date": "2011-09-01", "country_from": "SB", "country_to": "VU", "value": "0", "unit": "kg"}, {"date": "2011-10-01", "country_from": "SB", "country_to": "VU", "value": "0", "unit": "kg"}, {"date": "2011-11-01", "country_from": "SB", "country_to": "VU", "value": "0", "unit": "kg"}, {"date": "2011-12-01", "country_from": "SB", "country_to": "VU", "value": "0", "unit": "kg"}, {"date": "2012-01-01", "country_from": "SB", "country_to": "VU", "value": "0", "unit": "kg"}, {"date": "2010-08-01", "country_from": "SB", "country_to": "TH", "value": "0", "unit": "kg"}, {"date": "2010-09-01", "country_from": "SB", "country_to": "TH", "value": "0", "unit": "kg"}, {"date": "2010-10-01", "country_from": "SB", "country_to": "TH", "value": "0", "unit": "kg"}, {"date": "2010-11-01", "country_from": "SB", "country_to": "TH", "value": "0", "unit": "kg"}, {"date": "2010-12-01", "country_from": "SB", "country_to": "TH", "value": "0", "unit": "kg"}, {"date": "2011-01-01", "country_from": "SB", "country_to": "TH", "value": "0", "unit": "kg"}, {"date": "2011-02-01", "country_from": "SB", "country_to": "TH", "value": "0", "unit": "kg"}, {"date": "2011-03-01", "country_from": "SB", "country_to": "TH", "value": "0", "unit": "kg"}, {"date": "2011-04-01", "country_from": "SB", "country_to": "TH", "value": "0", "unit": "kg"}, {"date": "2011-05-01", "country_from": "SB", "country_to": "TH", "value": "0", "unit": "kg"}, {"date": "2011-06-01", "country_from": "SB", "country_to": "TH", "value": "0", "unit": "kg"}, {"date": "2011-07-01", "country_from": "SB", "country_to": "TH", "value": "0", "unit": "kg"}, {"date": "2011-08-01", "country_from": "SB", "country_to": "TH", "value": "0", "unit": "kg"}, {"date": "2011-09-01", "country_from": "SB", "country_to": "TH", "value": "0", "unit": "kg"}, {"date": "2011-10-01", "country_from": "SB", "country_to": "TH", "value": "0", "unit": "kg"}, {"date": "2011-11-01", "country_from": "SB", "country_to": "TH", "value": "0", "unit": "kg"}, {"date": "2011-12-01", "country_from": "SB", "country_to": "TH", "value": "0", "unit": "kg"}, {"date": "2012-01-01", "country_from": "SB", "country_to": "TH", "value": "0", "unit": "kg"}]