[{"date": "2018-10-01", "country": "Hungary", "value": "2254", "unit": "kg"}, {"date": "2018-11-01", "country": "Hungary", "value": "11308", "unit": "kg"}, {"date": "2018-12-01", "country": "Hungary", "value": "3600", "unit": "kg"}, {"date": "2019-01-01", "country": "Hungary", "value": "1840", "unit": "kg"}, {"date": "2019-02-01", "country": "Hungary", "value": "521", "unit": "kg"}, {"date": "2019-03-01", "country": "Hungary", "value": "861", "unit": "kg"}, {"date": "2019-04-01", "country": "Hungary", "value": "10251", "unit": "kg"}, {"date": "2019-05-01", "country": "Hungary", "value": "2921", "unit": "kg"}, {"date": "2019-06-01", "country": "Hungary", "value": "569", "unit": "kg"}, {"date": "2019-07-01", "country": "Hungary", "value": "1262", "unit": "kg"}, {"date": "2019-08-01", "country": "Hungary", "value": "692", "unit": "kg"}, {"date": "2019-09-01", "country": "Hungary", "value": "272", "unit": "kg"}, {"date": "2019-10-01", "country": "Hungary", "value": "1500", "unit": "kg"}, {"date": "2019-11-01", "country": "Hungary", "value": "740", "unit": "kg"}, {"date": "2019-12-01", "country": "Hungary", "value": "1126", "unit": "kg"}, {"date": "2020-01-01", "country": "Hungary", "value": "368", "unit": "kg"}, {"date": "2020-02-01", "country": "Hungary", "value": "362", "unit": "kg"}, {"date": "2020-03-01", "country": "Hungary", "value": "2101", "unit": "kg"}, {"date": "2018-10-01", "country": "Germany", "value": "495", "unit": "kg"}, {"date": "2018-11-01", "country": "Germany", "value": "426", "unit": "kg"}, {"date": "2018-12-01", "country": "Germany", "value": "484", "unit": "kg"}, {"date": "2019-01-01", "country": "Germany", "value": "324", "unit": "kg"}, {"date": "2019-02-01", "country": "Germany", "value": "509", "unit": "kg"}, {"date": "2019-03-01", "country": "Germany", "value": "436", "unit": "kg"}, {"date": "2019-04-01", "country": "Germany", "value": "447", "unit": "kg"}, {"date": "2019-05-01", "country": "Germany", "value": "720", "unit": "kg"}, {"date": "2019-06-01", "country": "Germany", "value": "489", "unit": "kg"}, {"date": "2019-07-01", "country": "Germany", "value": "715", "unit": "kg"}, {"date": "2019-08-01", "country": "Germany", "value": "25555", "unit": "kg"}, {"date": "2019-09-01", "country": "Germany", "value": "504", "unit": "kg"}, {"date": "2019-10-01", "country": "Germany", "value": "695", "unit": "kg"}, {"date": "2019-11-01", "country": "Germany", "value": "433", "unit": "kg"}, {"date": "2019-12-01", "country": "Germany", "value": "1731", "unit": "kg"}, {"date": "2020-01-01", "country": "Germany", "value": "776", "unit": "kg"}, {"date": "2020-02-01", "country": "Germany", "value": "898", "unit": "kg"}, {"date": "2020-03-01", "country": "Germany", "value": "958", "unit": "kg"}, {"date": "2018-10-01", "country": "Italy", "value": "482", "unit": "kg"}, {"date": "2018-11-01", "country": "Italy", "value": "701", "unit": "kg"}, {"date": "2018-12-01", "country": "Italy", "value": "754", "unit": "kg"}, {"date": "2019-01-01", "country": "Italy", "value": "3018", "unit": "kg"}, {"date": "2019-02-01", "country": "Italy", "value": "710", "unit": "kg"}, {"date": "2019-03-01", "country": "Italy", "value": "2875", "unit": "kg"}, {"date": "2019-04-01", "country": "Italy", "value": "1057", "unit": "kg"}, {"date": "2019-05-01", "country": "Italy", "value": "851", "unit": "kg"}, {"date": "2019-06-01", "country": "Italy", "value": "607", "unit": "kg"}, {"date": "2019-07-01", "country": "Italy", "value": "906", "unit": "kg"}, {"date": "2019-08-01", "country": "Italy", "value": "712", "unit": "kg"}, {"date": "2019-09-01", "country": "Italy", "value": "877", "unit": "kg"}, {"date": "2019-10-01", "country": "Italy", "value": "866", "unit": "kg"}, {"date": "2019-11-01", "country": "Italy", "value": "544", "unit": "kg"}, {"date": "2019-12-01", "country": "Italy", "value": "619", "unit": "kg"}, {"date": "2020-01-01", "country": "Italy", "value": "482", "unit": "kg"}, {"date": "2020-02-01", "country": "Italy", "value": "745", "unit": "kg"}, {"date": "2020-03-01", "country": "Italy", "value": "518", "unit": "kg"}, {"date": "2018-10-01", "country": "Slovakia", "value": "556", "unit": "kg"}, {"date": "2018-11-01", "country": "Slovakia", "value": "760", "unit": "kg"}, {"date": "2018-12-01", "country": "Slovakia", "value": "424", "unit": "kg"}, {"date": "2019-01-01", "country": "Slovakia", "value": "849", "unit": "kg"}, {"date": "2019-02-01", "country": "Slovakia", "value": "948", "unit": "kg"}, {"date": "2019-03-01", "country": "Slovakia", "value": "866", "unit": "kg"}, {"date": "2019-04-01", "country": "Slovakia", "value": "551", "unit": "kg"}, {"date": "2019-05-01", "country": "Slovakia", "value": "709", "unit": "kg"}, {"date": "2019-06-01", "country": "Slovakia", "value": "1114", "unit": "kg"}, {"date": "2019-07-01", "country": "Slovakia", "value": "604", "unit": "kg"}, {"date": "2019-08-01", "country": "Slovakia", "value": "272", "unit": "kg"}, {"date": "2019-09-01", "country": "Slovakia", "value": "483", "unit": "kg"}, {"date": "2019-10-01", "country": "Slovakia", "value": "543", "unit": "kg"}, {"date": "2019-11-01", "country": "Slovakia", "value": "581", "unit": "kg"}, {"date": "2019-12-01", "country": "Slovakia", "value": "411", "unit": "kg"}, {"date": "2020-01-01", "country": "Slovakia", "value": "578", "unit": "kg"}, {"date": "2020-02-01", "country": "Slovakia", "value": "612", "unit": "kg"}, {"date": "2020-03-01", "country": "Slovakia", "value": "1575", "unit": "kg"}, {"date": "2018-10-01", "country": "Slovenia", "value": "297", "unit": "kg"}, {"date": "2018-11-01", "country": "Slovenia", "value": "242", "unit": "kg"}, {"date": "2018-12-01", "country": "Slovenia", "value": "337", "unit": "kg"}, {"date": "2019-01-01", "country": "Slovenia", "value": "298", "unit": "kg"}, {"date": "2019-02-01", "country": "Slovenia", "value": "471", "unit": "kg"}, {"date": "2019-03-01", "country": "Slovenia", "value": "272", "unit": "kg"}, {"date": "2019-04-01", "country": "Slovenia", "value": "0", "unit": "kg"}, {"date": "2019-05-01", "country": "Slovenia", "value": "949", "unit": "kg"}, {"date": "2019-06-01", "country": "Slovenia", "value": "237", "unit": "kg"}, {"date": "2019-07-01", "country": "Slovenia", "value": "315", "unit": "kg"}, {"date": "2019-08-01", "country": "Slovenia", "value": "359", "unit": "kg"}, {"date": "2019-09-01", "country": "Slovenia", "value": "185", "unit": "kg"}, {"date": "2019-10-01", "country": "Slovenia", "value": "519", "unit": "kg"}, {"date": "2019-11-01", "country": "Slovenia", "value": "273", "unit": "kg"}, {"date": "2019-12-01", "country": "Slovenia", "value": "305", "unit": "kg"}, {"date": "2020-01-01", "country": "Slovenia", "value": "2726", "unit": "kg"}, {"date": "2020-02-01", "country": "Slovenia", "value": "320", "unit": "kg"}, {"date": "2020-03-01", "country": "Slovenia", "value": "495", "unit": "kg"}, {"date": "2018-10-01", "country": "Czech Republic", "value": "0", "unit": "kg"}, {"date": "2018-11-01", "country": "Czech Republic", "value": "0", "unit": "kg"}, {"date": "2018-12-01", "country": "Czech Republic", "value": "0", "unit": "kg"}, {"date": "2019-01-01", "country": "Czech Republic", "value": "0", "unit": "kg"}, {"date": "2019-02-01", "country": "Czech Republic", "value": "0", "unit": "kg"}, {"date": "2019-03-01", "country": "Czech Republic", "value": "0", "unit": "kg"}, {"date": "2019-04-01", "country": "Czech Republic", "value": "24", "unit": "kg"}, {"date": "2019-05-01", "country": "Czech Republic", "value": "19", "unit": "kg"}, {"date": "2019-06-01", "country": "Czech Republic", "value": "0", "unit": "kg"}, {"date": "2019-07-01", "country": "Czech Republic", "value": "5526", "unit": "kg"}, {"date": "2019-08-01", "country": "Czech Republic", "value": "31", "unit": "kg"}, {"date": "2019-09-01", "country": "Czech Republic", "value": "2115", "unit": "kg"}, {"date": "2019-10-01", "country": "Czech Republic", "value": "76", "unit": "kg"}, {"date": "2019-11-01", "country": "Czech Republic", "value": "1867", "unit": "kg"}, {"date": "2019-12-01", "country": "Czech Republic", "value": "20", "unit": "kg"}, {"date": "2020-01-01", "country": "Czech Republic", "value": "3676", "unit": "kg"}, {"date": "2020-02-01", "country": "Czech Republic", "value": "5482", "unit": "kg"}, {"date": "2020-03-01", "country": "Czech Republic", "value": "0", "unit": "kg"}, {"date": "2018-10-01", "country": "Poland", "value": "36", "unit": "kg"}, {"date": "2018-11-01", "country": "Poland", "value": "0", "unit": "kg"}, {"date": "2018-12-01", "country": "Poland", "value": "0", "unit": "kg"}, {"date": "2019-01-01", "country": "Poland", "value": "0", "unit": "kg"}, {"date": "2019-02-01", "country": "Poland", "value": "0", "unit": "kg"}, {"date": "2019-03-01", "country": "Poland", "value": "0", "unit": "kg"}, {"date": "2019-04-01", "country": "Poland", "value": "62", "unit": "kg"}, {"date": "2019-05-01", "country": "Poland", "value": "49", "unit": "kg"}, {"date": "2019-06-01", "country": "Poland", "value": "0", "unit": "kg"}, {"date": "2019-07-01", "country": "Poland", "value": "0", "unit": "kg"}, {"date": "2019-08-01", "country": "Poland", "value": "12", "unit": "kg"}, {"date": "2019-09-01", "country": "Poland", "value": "0", "unit": "kg"}, {"date": "2019-10-01", "country": "Poland", "value": "30", "unit": "kg"}, {"date": "2019-11-01", "country": "Poland", "value": "73", "unit": "kg"}, {"date": "2019-12-01", "country": "Poland", "value": "0", "unit": "kg"}, {"date": "2020-01-01", "country": "Poland", "value": "68", "unit": "kg"}, {"date": "2020-02-01", "country": "Poland", "value": "24", "unit": "kg"}, {"date": "2020-03-01", "country": "Poland", "value": "0", "unit": "kg"}, {"date": "2018-10-01", "country": "United Kingdom", "value": "0", "unit": "kg"}, {"date": "2018-11-01", "country": "United Kingdom", "value": "0", "unit": "kg"}, {"date": "2018-12-01", "country": "United Kingdom", "value": "0", "unit": "kg"}, {"date": "2019-01-01", "country": "United Kingdom", "value": "0", "unit": "kg"}, {"date": "2019-02-01", "country": "United Kingdom", "value": "0", "unit": "kg"}, {"date": "2019-03-01", "country": "United Kingdom", "value": "0", "unit": "kg"}, {"date": "2019-04-01", "country": "United Kingdom", "value": "0", "unit": "kg"}, {"date": "2019-05-01", "country": "United Kingdom", "value": "0", "unit": "kg"}, {"date": "2019-06-01", "country": "United Kingdom", "value": "0", "unit": "kg"}, {"date": "2019-07-01", "country": "United Kingdom", "value": "0", "unit": "kg"}, {"date": "2019-08-01", "country": "United Kingdom", "value": "0", "unit": "kg"}, {"date": "2019-09-01", "country": "United Kingdom", "value": "0", "unit": "kg"}, {"date": "2019-10-01", "country": "United Kingdom", "value": "0", "unit": "kg"}, {"date": "2019-11-01", "country": "United Kingdom", "value": "0", "unit": "kg"}, {"date": "2019-12-01", "country": "United Kingdom", "value": "0", "unit": "kg"}, {"date": "2020-01-01", "country": "United Kingdom", "value": "0", "unit": "kg"}, {"date": "2020-02-01", "country": "United Kingdom", "value": "0", "unit": "kg"}, {"date": "2020-03-01", "country": "United Kingdom", "value": "0", "unit": "kg"}, {"date": "2018-10-01", "country": "Greece", "value": "0", "unit": "kg"}, {"date": "2018-11-01", "country": "Greece", "value": "699", "unit": "kg"}, {"date": "2018-12-01", "country": "Greece", "value": "0", "unit": "kg"}, {"date": "2019-01-01", "country": "Greece", "value": "4518", "unit": "kg"}, {"date": "2019-02-01", "country": "Greece", "value": "0", "unit": "kg"}, {"date": "2019-03-01", "country": "Greece", "value": "0", "unit": "kg"}, {"date": "2019-04-01", "country": "Greece", "value": "0", "unit": "kg"}, {"date": "2019-05-01", "country": "Greece", "value": "0", "unit": "kg"}, {"date": "2019-06-01", "country": "Greece", "value": "0", "unit": "kg"}, {"date": "2019-07-01", "country": "Greece", "value": "0", "unit": "kg"}, {"date": "2019-08-01", "country": "Greece", "value": "0", "unit": "kg"}, {"date": "2019-09-01", "country": "Greece", "value": "0", "unit": "kg"}, {"date": "2019-10-01", "country": "Greece", "value": "21821", "unit": "kg"}, {"date": "2019-11-01", "country": "Greece", "value": "0", "unit": "kg"}, {"date": "2019-12-01", "country": "Greece", "value": "0", "unit": "kg"}, {"date": "2020-01-01", "country": "Greece", "value": "0", "unit": "kg"}, {"date": "2020-02-01", "country": "Greece", "value": "0", "unit": "kg"}, {"date": "2020-03-01", "country": "Greece", "value": "0", "unit": "kg"}, {"date": "2018-10-01", "country": "Spain", "value": "0", "unit": "kg"}, {"date": "2018-11-01", "country": "Spain", "value": "0", "unit": "kg"}, {"date": "2018-12-01", "country": "Spain", "value": "0", "unit": "kg"}, {"date": "2019-01-01", "country": "Spain", "value": "0", "unit": "kg"}, {"date": "2019-02-01", "country": "Spain", "value": "0", "unit": "kg"}, {"date": "2019-03-01", "country": "Spain", "value": "0", "unit": "kg"}, {"date": "2019-04-01", "country": "Spain", "value": "0", "unit": "kg"}, {"date": "2019-05-01", "country": "Spain", "value": "0", "unit": "kg"}, {"date": "2019-06-01", "country": "Spain", "value": "0", "unit": "kg"}, {"date": "2019-07-01", "country": "Spain", "value": "0", "unit": "kg"}, {"date": "2019-08-01", "country": "Spain", "value": "0", "unit": "kg"}, {"date": "2019-09-01", "country": "Spain", "value": "0", "unit": "kg"}, {"date": "2019-10-01", "country": "Spain", "value": "208", "unit": "kg"}, {"date": "2019-11-01", "country": "Spain", "value": "0", "unit": "kg"}, {"date": "2019-12-01", "country": "Spain", "value": "516", "unit": "kg"}, {"date": "2020-01-01", "country": "Spain", "value": "0", "unit": "kg"}, {"date": "2020-02-01", "country": "Spain", "value": "0", "unit": "kg"}, {"date": "2020-03-01", "country": "Spain", "value": "0", "unit": "kg"}, {"date": "2018-10-01", "country": "Switzerland", "value": "73", "unit": "kg"}, {"date": "2018-11-01", "country": "Switzerland", "value": "0", "unit": "kg"}, {"date": "2018-12-01", "country": "Switzerland", "value": "0", "unit": "kg"}, {"date": "2019-01-01", "country": "Switzerland", "value": "0", "unit": "kg"}, {"date": "2019-02-01", "country": "Switzerland", "value": "0", "unit": "kg"}, {"date": "2019-03-01", "country": "Switzerland", "value": "0", "unit": "kg"}, {"date": "2019-04-01", "country": "Switzerland", "value": "0", "unit": "kg"}, {"date": "2019-05-01", "country": "Switzerland", "value": "0", "unit": "kg"}, {"date": "2019-06-01", "country": "Switzerland", "value": "0", "unit": "kg"}, {"date": "2019-07-01", "country": "Switzerland", "value": "0", "unit": "kg"}, {"date": "2019-08-01", "country": "Switzerland", "value": "0", "unit": "kg"}, {"date": "2019-09-01", "country": "Switzerland", "value": "0", "unit": "kg"}, {"date": "2019-11-01", "country": "Switzerland", "value": "0", "unit": "kg"}, {"date": "2019-12-01", "country": "Switzerland", "value": "0", "unit": "kg"}, {"date": "2020-01-01", "country": "Switzerland", "value": "0", "unit": "kg"}, {"date": "2020-02-01", "country": "Switzerland", "value": "0", "unit": "kg"}, {"date": "2020-03-01", "country": "Switzerland", "value": "0", "unit": "kg"}, {"date": "2018-10-01", "country": "Tajikistan", "value": "0", "unit": "kg"}, {"date": "2018-11-01", "country": "Tajikistan", "value": "0", "unit": "kg"}, {"date": "2018-12-01", "country": "Tajikistan", "value": "0", "unit": "kg"}, {"date": "2019-01-01", "country": "Tajikistan", "value": "0", "unit": "kg"}, {"date": "2019-02-01", "country": "Tajikistan", "value": "0", "unit": "kg"}, {"date": "2019-03-01", "country": "Tajikistan", "value": "0", "unit": "kg"}, {"date": "2019-04-01", "country": "Tajikistan", "value": "0", "unit": "kg"}, {"date": "2019-05-01", "country": "Tajikistan", "value": "0", "unit": "kg"}, {"date": "2019-06-01", "country": "Tajikistan", "value": "0", "unit": "kg"}, {"date": "2019-07-01", "country": "Tajikistan", "value": "0", "unit": "kg"}, {"date": "2019-08-01", "country": "Tajikistan", "value": "215", "unit": "kg"}, {"date": "2019-09-01", "country": "Tajikistan", "value": "0", "unit": "kg"}, {"date": "2019-10-01", "country": "Tajikistan", "value": "0", "unit": "kg"}, {"date": "2019-11-01", "country": "Tajikistan", "value": "0", "unit": "kg"}, {"date": "2019-12-01", "country": "Tajikistan", "value": "0", "unit": "kg"}, {"date": "2020-01-01", "country": "Tajikistan", "value": "0", "unit": "kg"}, {"date": "2020-02-01", "country": "Tajikistan", "value": "0", "unit": "kg"}, {"date": "2020-03-01", "country": "Tajikistan", "value": "0", "unit": "kg"}, {"date": "2018-10-01", "country": "Romania", "value": "592", "unit": "kg"}, {"date": "2018-11-01", "country": "Romania", "value": "932", "unit": "kg"}, {"date": "2018-12-01", "country": "Romania", "value": "0", "unit": "kg"}, {"date": "2019-01-01", "country": "Romania", "value": "904", "unit": "kg"}, {"date": "2019-02-01", "country": "Romania", "value": "918", "unit": "kg"}, {"date": "2019-03-01", "country": "Romania", "value": "0", "unit": "kg"}, {"date": "2019-04-01", "country": "Romania", "value": "0", "unit": "kg"}, {"date": "2019-05-01", "country": "Romania", "value": "340", "unit": "kg"}, {"date": "2019-06-01", "country": "Romania", "value": "0", "unit": "kg"}, {"date": "2019-07-01", "country": "Romania", "value": "427", "unit": "kg"}, {"date": "2019-08-01", "country": "Romania", "value": "0", "unit": "kg"}, {"date": "2019-09-01", "country": "Romania", "value": "0", "unit": "kg"}, {"date": "2019-10-01", "country": "Romania", "value": "809", "unit": "kg"}, {"date": "2019-11-01", "country": "Romania", "value": "0", "unit": "kg"}, {"date": "2019-12-01", "country": "Romania", "value": "0", "unit": "kg"}, {"date": "2020-01-01", "country": "Romania", "value": "0", "unit": "kg"}, {"date": "2020-02-01", "country": "Romania", "value": "288", "unit": "kg"}, {"date": "2020-03-01", "country": "Romania", "value": "0", "unit": "kg"}, {"date": "2018-10-01", "country": "Belgium", "value": "0", "unit": "kg"}, {"date": "2018-11-01", "country": "Belgium", "value": "0", "unit": "kg"}, {"date": "2018-12-01", "country": "Belgium", "value": "0", "unit": "kg"}, {"date": "2019-01-01", "country": "Belgium", "value": "1320", "unit": "kg"}, {"date": "2019-02-01", "country": "Belgium", "value": "0", "unit": "kg"}, {"date": "2019-03-01", "country": "Belgium", "value": "0", "unit": "kg"}, {"date": "2019-04-01", "country": "Belgium", "value": "0", "unit": "kg"}, {"date": "2019-05-01", "country": "Belgium", "value": "0", "unit": "kg"}, {"date": "2019-06-01", "country": "Belgium", "value": "0", "unit": "kg"}, {"date": "2019-07-01", "country": "Belgium", "value": "0", "unit": "kg"}, {"date": "2019-08-01", "country": "Belgium", "value": "0", "unit": "kg"}, {"date": "2019-09-01", "country": "Belgium", "value": "0", "unit": "kg"}, {"date": "2019-10-01", "country": "Belgium", "value": "0", "unit": "kg"}, {"date": "2019-11-01", "country": "Belgium", "value": "0", "unit": "kg"}, {"date": "2019-12-01", "country": "Belgium", "value": "0", "unit": "kg"}, {"date": "2020-01-01", "country": "Belgium", "value": "0", "unit": "kg"}, {"date": "2020-02-01", "country": "Belgium", "value": "0", "unit": "kg"}, {"date": "2020-03-01", "country": "Belgium", "value": "0", "unit": "kg"}, {"date": "2018-10-01", "country": "Bulgaria", "value": "0", "unit": "kg"}, {"date": "2018-11-01", "country": "Bulgaria", "value": "0", "unit": "kg"}, {"date": "2018-12-01", "country": "Bulgaria", "value": "0", "unit": "kg"}, {"date": "2019-01-01", "country": "Bulgaria", "value": "0", "unit": "kg"}, {"date": "2019-02-01", "country": "Bulgaria", "value": "587", "unit": "kg"}, {"date": "2019-03-01", "country": "Bulgaria", "value": "0", "unit": "kg"}, {"date": "2019-04-01", "country": "Bulgaria", "value": "0", "unit": "kg"}, {"date": "2019-05-01", "country": "Bulgaria", "value": "0", "unit": "kg"}, {"date": "2019-06-01", "country": "Bulgaria", "value": "0", "unit": "kg"}, {"date": "2019-07-01", "country": "Bulgaria", "value": "0", "unit": "kg"}, {"date": "2019-08-01", "country": "Bulgaria", "value": "0", "unit": "kg"}, {"date": "2019-09-01", "country": "Bulgaria", "value": "0", "unit": "kg"}, {"date": "2019-10-01", "country": "Bulgaria", "value": "0", "unit": "kg"}, {"date": "2019-11-01", "country": "Bulgaria", "value": "0", "unit": "kg"}, {"date": "2019-12-01", "country": "Bulgaria", "value": "0", "unit": "kg"}, {"date": "2020-01-01", "country": "Bulgaria", "value": "0", "unit": "kg"}, {"date": "2020-02-01", "country": "Bulgaria", "value": "0", "unit": "kg"}, {"date": "2020-03-01", "country": "Bulgaria", "value": "0", "unit": "kg"}, {"date": "2018-10-01", "country": "Croatia", "value": "0", "unit": "kg"}, {"date": "2018-11-01", "country": "Croatia", "value": "521", "unit": "kg"}, {"date": "2018-12-01", "country": "Croatia", "value": "0", "unit": "kg"}, {"date": "2019-01-01", "country": "Croatia", "value": "0", "unit": "kg"}, {"date": "2019-02-01", "country": "Croatia", "value": "0", "unit": "kg"}, {"date": "2019-03-01", "country": "Croatia", "value": "0", "unit": "kg"}, {"date": "2019-04-01", "country": "Croatia", "value": "0", "unit": "kg"}, {"date": "2019-05-01", "country": "Croatia", "value": "0", "unit": "kg"}, {"date": "2019-06-01", "country": "Croatia", "value": "0", "unit": "kg"}, {"date": "2019-07-01", "country": "Croatia", "value": "0", "unit": "kg"}, {"date": "2019-08-01", "country": "Croatia", "value": "0", "unit": "kg"}, {"date": "2019-09-01", "country": "Croatia", "value": "0", "unit": "kg"}, {"date": "2019-10-01", "country": "Croatia", "value": "0", "unit": "kg"}, {"date": "2019-11-01", "country": "Croatia", "value": "0", "unit": "kg"}, {"date": "2019-12-01", "country": "Croatia", "value": "0", "unit": "kg"}, {"date": "2020-01-01", "country": "Croatia", "value": "433", "unit": "kg"}, {"date": "2020-02-01", "country": "Croatia", "value": "0", "unit": "kg"}, {"date": "2020-03-01", "country": "Croatia", "value": "0", "unit": "kg"}]