[{"date": "2018-10-01", "country_from": "FJ", "country_to": "NZ", "value": "0", "unit": "kg"}, {"date": "2018-11-01", "country_from": "FJ", "country_to": "NZ", "value": "0", "unit": "kg"}, {"date": "2018-12-01", "country_from": "FJ", "country_to": "NZ", "value": "0", "unit": "kg"}, {"date": "2019-01-01", "country_from": "FJ", "country_to": "NZ", "value": "0", "unit": "kg"}, {"date": "2019-02-01", "country_from": "FJ", "country_to": "NZ", "value": "0", "unit": "kg"}, {"date": "2019-03-01", "country_from": "FJ", "country_to": "NZ", "value": "0", "unit": "kg"}, {"date": "2019-04-01", "country_from": "FJ", "country_to": "NZ", "value": "0", "unit": "kg"}, {"date": "2019-05-01", "country_from": "FJ", "country_to": "NZ", "value": "0", "unit": "kg"}, {"date": "2019-06-01", "country_from": "FJ", "country_to": "NZ", "value": "0", "unit": "kg"}, {"date": "2019-07-01", "country_from": "FJ", "country_to": "NZ", "value": "0", "unit": "kg"}, {"date": "2019-08-01", "country_from": "FJ", "country_to": "NZ", "value": "0", "unit": "kg"}, {"date": "2019-09-01", "country_from": "FJ", "country_to": "NZ", "value": "0", "unit": "kg"}, {"date": "2019-10-01", "country_from": "FJ", "country_to": "NZ", "value": "0", "unit": "kg"}, {"date": "2019-11-01", "country_from": "FJ", "country_to": "NZ", "value": "0", "unit": "kg"}, {"date": "2019-12-01", "country_from": "FJ", "country_to": "NZ", "value": "341", "unit": "kg"}, {"date": "2020-01-01", "country_from": "FJ", "country_to": "NZ", "value": "227", "unit": "kg"}, {"date": "2020-02-01", "country_from": "FJ", "country_to": "NZ", "value": "0", "unit": "kg"}, {"date": "2020-03-01", "country_from": "FJ", "country_to": "NZ", "value": "0", "unit": "kg"}, {"date": "2020-04-01", "country_from": "FJ", "country_to": "NZ", "value": "667", "unit": "kg"}, {"date": "2020-05-01", "country_from": "FJ", "country_to": "NZ", "value": "0", "unit": "kg"}]