[{"date": "2013-02-01", "country": "Yemen", "value": "0", "unit": "kg"}, {"date": "2013-03-01", "country": "Yemen", "value": "0", "unit": "kg"}, {"date": "2013-04-01", "country": "Yemen", "value": "0", "unit": "kg"}, {"date": "2013-05-01", "country": "Yemen", "value": "40000", "unit": "kg"}, {"date": "2013-06-01", "country": "Yemen", "value": "0", "unit": "kg"}, {"date": "2013-07-01", "country": "Yemen", "value": "116740", "unit": "kg"}, {"date": "2013-08-01", "country": "Yemen", "value": "56600", "unit": "kg"}, {"date": "2013-09-01", "country": "Yemen", "value": "0", "unit": "kg"}, {"date": "2013-10-01", "country": "Yemen", "value": "0", "unit": "kg"}, {"date": "2013-11-01", "country": "Yemen", "value": "157761", "unit": "kg"}, {"date": "2013-12-01", "country": "Yemen", "value": "0", "unit": "kg"}, {"date": "2014-01-01", "country": "Yemen", "value": "0", "unit": "kg"}, {"date": "2014-02-01", "country": "Yemen", "value": "138800", "unit": "kg"}, {"date": "2014-03-01", "country": "Yemen", "value": "0", "unit": "kg"}, {"date": "2014-04-01", "country": "Yemen", "value": "45782", "unit": "kg"}, {"date": "2014-05-01", "country": "Yemen", "value": "0", "unit": "kg"}, {"date": "2014-06-01", "country": "Yemen", "value": "126200", "unit": "kg"}, {"date": "2014-07-01", "country": "Yemen", "value": "191756", "unit": "kg"}, {"date": "2013-02-01", "country": "Bahrain", "value": "32000", "unit": "kg"}, {"date": "2013-03-01", "country": "Bahrain", "value": "0", "unit": "kg"}, {"date": "2013-04-01", "country": "Bahrain", "value": "0", "unit": "kg"}, {"date": "2013-05-01", "country": "Bahrain", "value": "0", "unit": "kg"}, {"date": "2013-06-01", "country": "Bahrain", "value": "34000", "unit": "kg"}, {"date": "2013-07-01", "country": "Bahrain", "value": "0", "unit": "kg"}, {"date": "2013-08-01", "country": "Bahrain", "value": "26720", "unit": "kg"}, {"date": "2013-09-01", "country": "Bahrain", "value": "0", "unit": "kg"}, {"date": "2013-10-01", "country": "Bahrain", "value": "0", "unit": "kg"}, {"date": "2013-11-01", "country": "Bahrain", "value": "38850", "unit": "kg"}, {"date": "2013-12-01", "country": "Bahrain", "value": "0", "unit": "kg"}, {"date": "2014-01-01", "country": "Bahrain", "value": "0", "unit": "kg"}, {"date": "2014-02-01", "country": "Bahrain", "value": "42750", "unit": "kg"}, {"date": "2014-03-01", "country": "Bahrain", "value": "0", "unit": "kg"}, {"date": "2014-04-01", "country": "Bahrain", "value": "0", "unit": "kg"}, {"date": "2014-05-01", "country": "Bahrain", "value": "0", "unit": "kg"}, {"date": "2014-06-01", "country": "Bahrain", "value": "0", "unit": "kg"}, {"date": "2014-07-01", "country": "Bahrain", "value": "24250", "unit": "kg"}, {"date": "2013-02-01", "country": "Libya, State of", "value": "0", "unit": "kg"}, {"date": "2013-03-01", "country": "Libya, State of", "value": "0", "unit": "kg"}, {"date": "2013-04-01", "country": "Libya, State of", "value": "0", "unit": "kg"}, {"date": "2013-05-01", "country": "Libya, State of", "value": "0", "unit": "kg"}, {"date": "2013-06-01", "country": "Libya, State of", "value": "0", "unit": "kg"}, {"date": "2013-07-01", "country": "Libya, State of", "value": "89920", "unit": "kg"}, {"date": "2013-08-01", "country": "Libya, State of", "value": "0", "unit": "kg"}, {"date": "2013-09-01", "country": "Libya, State of", "value": "0", "unit": "kg"}, {"date": "2013-10-01", "country": "Libya, State of", "value": "0", "unit": "kg"}, {"date": "2013-11-01", "country": "Libya, State of", "value": "0", "unit": "kg"}, {"date": "2013-12-01", "country": "Libya, State of", "value": "0", "unit": "kg"}, {"date": "2014-01-01", "country": "Libya, State of", "value": "0", "unit": "kg"}, {"date": "2014-02-01", "country": "Libya, State of", "value": "0", "unit": "kg"}, {"date": "2014-03-01", "country": "Libya, State of", "value": "0", "unit": "kg"}, {"date": "2014-04-01", "country": "Libya, State of", "value": "0", "unit": "kg"}, {"date": "2014-05-01", "country": "Libya, State of", "value": "0", "unit": "kg"}, {"date": "2014-06-01", "country": "Libya, State of", "value": "0", "unit": "kg"}, {"date": "2014-07-01", "country": "Libya, State of", "value": "0", "unit": "kg"}, {"date": "2013-02-01", "country": "Mauritania", "value": "0", "unit": "kg"}, {"date": "2013-03-01", "country": "Mauritania", "value": "0", "unit": "kg"}, {"date": "2013-04-01", "country": "Mauritania", "value": "0", "unit": "kg"}, {"date": "2013-05-01", "country": "Mauritania", "value": "0", "unit": "kg"}, {"date": "2013-06-01", "country": "Mauritania", "value": "0", "unit": "kg"}, {"date": "2013-07-01", "country": "Mauritania", "value": "0", "unit": "kg"}, {"date": "2013-08-01", "country": "Mauritania", "value": "0", "unit": "kg"}, {"date": "2013-09-01", "country": "Mauritania", "value": "0", "unit": "kg"}, {"date": "2013-10-01", "country": "Mauritania", "value": "0", "unit": "kg"}, {"date": "2013-11-01", "country": "Mauritania", "value": "0", "unit": "kg"}, {"date": "2013-12-01", "country": "Mauritania", "value": "0", "unit": "kg"}, {"date": "2014-01-01", "country": "Mauritania", "value": "0", "unit": "kg"}, {"date": "2014-02-01", "country": "Mauritania", "value": "18850", "unit": "kg"}, {"date": "2014-03-01", "country": "Mauritania", "value": "6900", "unit": "kg"}, {"date": "2014-04-01", "country": "Mauritania", "value": "0", "unit": "kg"}, {"date": "2014-05-01", "country": "Mauritania", "value": "0", "unit": "kg"}, {"date": "2014-06-01", "country": "Mauritania", "value": "0", "unit": "kg"}, {"date": "2014-07-01", "country": "Mauritania", "value": "0", "unit": "kg"}, {"date": "2013-02-01", "country": "Qatar", "value": "0", "unit": "kg"}, {"date": "2013-03-01", "country": "Qatar", "value": "0", "unit": "kg"}, {"date": "2013-04-01", "country": "Qatar", "value": "0", "unit": "kg"}, {"date": "2013-05-01", "country": "Qatar", "value": "0", "unit": "kg"}, {"date": "2013-06-01", "country": "Qatar", "value": "0", "unit": "kg"}, {"date": "2013-07-01", "country": "Qatar", "value": "92000", "unit": "kg"}, {"date": "2013-08-01", "country": "Qatar", "value": "0", "unit": "kg"}, {"date": "2013-09-01", "country": "Qatar", "value": "0", "unit": "kg"}, {"date": "2013-10-01", "country": "Qatar", "value": "0", "unit": "kg"}, {"date": "2013-11-01", "country": "Qatar", "value": "0", "unit": "kg"}, {"date": "2013-12-01", "country": "Qatar", "value": "0", "unit": "kg"}, {"date": "2014-01-01", "country": "Qatar", "value": "0", "unit": "kg"}, {"date": "2014-02-01", "country": "Qatar", "value": "0", "unit": "kg"}, {"date": "2014-03-01", "country": "Qatar", "value": "0", "unit": "kg"}, {"date": "2014-04-01", "country": "Qatar", "value": "0", "unit": "kg"}, {"date": "2014-05-01", "country": "Qatar", "value": "0", "unit": "kg"}, {"date": "2014-06-01", "country": "Qatar", "value": "0", "unit": "kg"}, {"date": "2014-07-01", "country": "Qatar", "value": "0", "unit": "kg"}]