[{"date": "2019-01-01", "country": "Germany", "value": "189886", "unit": "kg"}, {"date": "2019-02-01", "country": "Germany", "value": "180049", "unit": "kg"}, {"date": "2019-03-01", "country": "Germany", "value": "82546", "unit": "kg"}, {"date": "2019-04-01", "country": "Germany", "value": "124476", "unit": "kg"}, {"date": "2019-05-01", "country": "Germany", "value": "186486", "unit": "kg"}, {"date": "2019-06-01", "country": "Germany", "value": "135735", "unit": "kg"}, {"date": "2019-07-01", "country": "Germany", "value": "201317", "unit": "kg"}, {"date": "2019-08-01", "country": "Germany", "value": "116540", "unit": "kg"}, {"date": "2019-09-01", "country": "Germany", "value": "148138", "unit": "kg"}, {"date": "2019-10-01", "country": "Germany", "value": "155768", "unit": "kg"}, {"date": "2019-11-01", "country": "Germany", "value": "192303", "unit": "kg"}, {"date": "2019-12-01", "country": "Germany", "value": "271868", "unit": "kg"}, {"date": "2020-01-01", "country": "Germany", "value": "178349", "unit": "kg"}, {"date": "2020-02-01", "country": "Germany", "value": "199913", "unit": "kg"}, {"date": "2020-03-01", "country": "Germany", "value": "159004", "unit": "kg"}, {"date": "2020-04-01", "country": "Germany", "value": "323533", "unit": "kg"}, {"date": "2020-05-01", "country": "Germany", "value": "336831", "unit": "kg"}, {"date": "2020-06-01", "country": "Germany", "value": "210859", "unit": "kg"}, {"date": "2019-01-01", "country": "Austria", "value": "3150", "unit": "kg"}, {"date": "2019-02-01", "country": "Austria", "value": "12202", "unit": "kg"}, {"date": "2019-03-01", "country": "Austria", "value": "0", "unit": "kg"}, {"date": "2019-04-01", "country": "Austria", "value": "2058", "unit": "kg"}, {"date": "2019-05-01", "country": "Austria", "value": "19800", "unit": "kg"}, {"date": "2019-06-01", "country": "Austria", "value": "1512", "unit": "kg"}, {"date": "2019-07-01", "country": "Austria", "value": "4700", "unit": "kg"}, {"date": "2019-08-01", "country": "Austria", "value": "1000", "unit": "kg"}, {"date": "2019-09-01", "country": "Austria", "value": "0", "unit": "kg"}, {"date": "2019-10-01", "country": "Austria", "value": "8900", "unit": "kg"}, {"date": "2019-11-01", "country": "Austria", "value": "6300", "unit": "kg"}, {"date": "2019-12-01", "country": "Austria", "value": "8200", "unit": "kg"}, {"date": "2020-01-01", "country": "Austria", "value": "7000", "unit": "kg"}, {"date": "2020-02-01", "country": "Austria", "value": "0", "unit": "kg"}, {"date": "2020-03-01", "country": "Austria", "value": "3250", "unit": "kg"}, {"date": "2020-04-01", "country": "Austria", "value": "4600", "unit": "kg"}, {"date": "2020-05-01", "country": "Austria", "value": "1400", "unit": "kg"}, {"date": "2020-06-01", "country": "Austria", "value": "5800", "unit": "kg"}, {"date": "2019-01-01", "country": "Netherlands", "value": "11088", "unit": "kg"}, {"date": "2019-02-01", "country": "Netherlands", "value": "37296", "unit": "kg"}, {"date": "2019-03-01", "country": "Netherlands", "value": "25152", "unit": "kg"}, {"date": "2019-04-01", "country": "Netherlands", "value": "97200", "unit": "kg"}, {"date": "2019-05-01", "country": "Netherlands", "value": "238732", "unit": "kg"}, {"date": "2019-06-01", "country": "Netherlands", "value": "99096", "unit": "kg"}, {"date": "2019-07-01", "country": "Netherlands", "value": "488568", "unit": "kg"}, {"date": "2019-08-01", "country": "Netherlands", "value": "13608", "unit": "kg"}, {"date": "2019-09-01", "country": "Netherlands", "value": "11088", "unit": "kg"}, {"date": "2019-10-01", "country": "Netherlands", "value": "22096", "unit": "kg"}, {"date": "2019-11-01", "country": "Netherlands", "value": "13104", "unit": "kg"}, {"date": "2019-12-01", "country": "Netherlands", "value": "40200", "unit": "kg"}, {"date": "2020-01-01", "country": "Netherlands", "value": "12101", "unit": "kg"}, {"date": "2020-02-01", "country": "Netherlands", "value": "47688", "unit": "kg"}, {"date": "2020-03-01", "country": "Netherlands", "value": "62304", "unit": "kg"}, {"date": "2020-04-01", "country": "Netherlands", "value": "13104", "unit": "kg"}, {"date": "2020-05-01", "country": "Netherlands", "value": "76104", "unit": "kg"}, {"date": "2020-06-01", "country": "Netherlands", "value": "18144", "unit": "kg"}, {"date": "2019-01-01", "country": "Norway", "value": "0", "unit": "kg"}, {"date": "2019-02-01", "country": "Norway", "value": "2400", "unit": "kg"}, {"date": "2019-03-01", "country": "Norway", "value": "1040", "unit": "kg"}, {"date": "2019-04-01", "country": "Norway", "value": "2600", "unit": "kg"}, {"date": "2019-05-01", "country": "Norway", "value": "2080", "unit": "kg"}, {"date": "2019-06-01", "country": "Norway", "value": "0", "unit": "kg"}, {"date": "2019-07-01", "country": "Norway", "value": "2112", "unit": "kg"}, {"date": "2019-08-01", "country": "Norway", "value": "1040", "unit": "kg"}, {"date": "2019-09-01", "country": "Norway", "value": "0", "unit": "kg"}, {"date": "2019-10-01", "country": "Norway", "value": "0", "unit": "kg"}, {"date": "2019-11-01", "country": "Norway", "value": "0", "unit": "kg"}, {"date": "2019-12-01", "country": "Norway", "value": "1440", "unit": "kg"}, {"date": "2020-01-01", "country": "Norway", "value": "0", "unit": "kg"}, {"date": "2020-02-01", "country": "Norway", "value": "4572", "unit": "kg"}, {"date": "2020-03-01", "country": "Norway", "value": "1040", "unit": "kg"}, {"date": "2020-04-01", "country": "Norway", "value": "2080", "unit": "kg"}, {"date": "2020-05-01", "country": "Norway", "value": "2400", "unit": "kg"}, {"date": "2020-06-01", "country": "Norway", "value": "5720", "unit": "kg"}, {"date": "2019-01-01", "country": "United Kingdom", "value": "0", "unit": "kg"}, {"date": "2019-02-01", "country": "United Kingdom", "value": "775", "unit": "kg"}, {"date": "2019-03-01", "country": "United Kingdom", "value": "0", "unit": "kg"}, {"date": "2019-04-01", "country": "United Kingdom", "value": "0", "unit": "kg"}, {"date": "2019-05-01", "country": "United Kingdom", "value": "0", "unit": "kg"}, {"date": "2019-06-01", "country": "United Kingdom", "value": "0", "unit": "kg"}, {"date": "2019-07-01", "country": "United Kingdom", "value": "0", "unit": "kg"}, {"date": "2019-08-01", "country": "United Kingdom", "value": "0", "unit": "kg"}, {"date": "2019-09-01", "country": "United Kingdom", "value": "0", "unit": "kg"}, {"date": "2019-10-01", "country": "United Kingdom", "value": "0", "unit": "kg"}, {"date": "2019-11-01", "country": "United Kingdom", "value": "0", "unit": "kg"}, {"date": "2019-12-01", "country": "United Kingdom", "value": "0", "unit": "kg"}, {"date": "2020-01-01", "country": "United Kingdom", "value": "0", "unit": "kg"}, {"date": "2020-02-01", "country": "United Kingdom", "value": "0", "unit": "kg"}, {"date": "2020-03-01", "country": "United Kingdom", "value": "0", "unit": "kg"}, {"date": "2020-04-01", "country": "United Kingdom", "value": "0", "unit": "kg"}, {"date": "2020-05-01", "country": "United Kingdom", "value": "0", "unit": "kg"}, {"date": "2020-06-01", "country": "United Kingdom", "value": "0", "unit": "kg"}, {"date": "2019-01-01", "country": "France", "value": "3893", "unit": "kg"}, {"date": "2019-02-01", "country": "France", "value": "1708", "unit": "kg"}, {"date": "2019-03-01", "country": "France", "value": "8684", "unit": "kg"}, {"date": "2019-04-01", "country": "France", "value": "5034", "unit": "kg"}, {"date": "2019-05-01", "country": "France", "value": "11103", "unit": "kg"}, {"date": "2019-06-01", "country": "France", "value": "1946", "unit": "kg"}, {"date": "2019-07-01", "country": "France", "value": "976", "unit": "kg"}, {"date": "2019-08-01", "country": "France", "value": "6848", "unit": "kg"}, {"date": "2019-09-01", "country": "France", "value": "16447", "unit": "kg"}, {"date": "2019-10-01", "country": "France", "value": "7215", "unit": "kg"}, {"date": "2019-11-01", "country": "France", "value": "3349", "unit": "kg"}, {"date": "2019-12-01", "country": "France", "value": "1284", "unit": "kg"}, {"date": "2020-01-01", "country": "France", "value": "7966", "unit": "kg"}, {"date": "2020-02-01", "country": "France", "value": "1940", "unit": "kg"}, {"date": "2020-03-01", "country": "France", "value": "7960", "unit": "kg"}, {"date": "2020-04-01", "country": "France", "value": "9966", "unit": "kg"}, {"date": "2020-05-01", "country": "France", "value": "26414", "unit": "kg"}, {"date": "2020-06-01", "country": "France", "value": "2191", "unit": "kg"}, {"date": "2019-01-01", "country": "Italy", "value": "16760", "unit": "kg"}, {"date": "2019-02-01", "country": "Italy", "value": "24000", "unit": "kg"}, {"date": "2019-03-01", "country": "Italy", "value": "52720", "unit": "kg"}, {"date": "2019-04-01", "country": "Italy", "value": "12000", "unit": "kg"}, {"date": "2019-05-01", "country": "Italy", "value": "33048", "unit": "kg"}, {"date": "2019-06-01", "country": "Italy", "value": "11000", "unit": "kg"}, {"date": "2019-07-01", "country": "Italy", "value": "5400", "unit": "kg"}, {"date": "2019-08-01", "country": "Italy", "value": "11000", "unit": "kg"}, {"date": "2019-09-01", "country": "Italy", "value": "19920", "unit": "kg"}, {"date": "2019-10-01", "country": "Italy", "value": "24000", "unit": "kg"}, {"date": "2019-11-01", "country": "Italy", "value": "20280", "unit": "kg"}, {"date": "2019-12-01", "country": "Italy", "value": "0", "unit": "kg"}, {"date": "2020-01-01", "country": "Italy", "value": "23920", "unit": "kg"}, {"date": "2020-02-01", "country": "Italy", "value": "0", "unit": "kg"}, {"date": "2020-03-01", "country": "Italy", "value": "15900", "unit": "kg"}, {"date": "2020-04-01", "country": "Italy", "value": "35520", "unit": "kg"}, {"date": "2020-05-01", "country": "Italy", "value": "10000", "unit": "kg"}, {"date": "2020-06-01", "country": "Italy", "value": "0", "unit": "kg"}, {"date": "2019-01-01", "country": "Philippines", "value": "0", "unit": "kg"}, {"date": "2019-02-01", "country": "Philippines", "value": "1755", "unit": "kg"}, {"date": "2019-03-01", "country": "Philippines", "value": "0", "unit": "kg"}, {"date": "2019-04-01", "country": "Philippines", "value": "0", "unit": "kg"}, {"date": "2019-05-01", "country": "Philippines", "value": "0", "unit": "kg"}, {"date": "2019-06-01", "country": "Philippines", "value": "0", "unit": "kg"}, {"date": "2019-07-01", "country": "Philippines", "value": "0", "unit": "kg"}, {"date": "2019-08-01", "country": "Philippines", "value": "0", "unit": "kg"}, {"date": "2019-09-01", "country": "Philippines", "value": "0", "unit": "kg"}, {"date": "2019-10-01", "country": "Philippines", "value": "0", "unit": "kg"}, {"date": "2019-11-01", "country": "Philippines", "value": "0", "unit": "kg"}, {"date": "2019-12-01", "country": "Philippines", "value": "0", "unit": "kg"}, {"date": "2020-01-01", "country": "Philippines", "value": "0", "unit": "kg"}, {"date": "2020-02-01", "country": "Philippines", "value": "0", "unit": "kg"}, {"date": "2020-03-01", "country": "Philippines", "value": "0", "unit": "kg"}, {"date": "2020-04-01", "country": "Philippines", "value": "0", "unit": "kg"}, {"date": "2020-05-01", "country": "Philippines", "value": "0", "unit": "kg"}, {"date": "2020-06-01", "country": "Philippines", "value": "0", "unit": "kg"}, {"date": "2019-01-01", "country": "Sweden", "value": "0", "unit": "kg"}, {"date": "2019-02-01", "country": "Sweden", "value": "0", "unit": "kg"}, {"date": "2019-03-01", "country": "Sweden", "value": "0", "unit": "kg"}, {"date": "2019-04-01", "country": "Sweden", "value": "0", "unit": "kg"}, {"date": "2019-05-01", "country": "Sweden", "value": "0", "unit": "kg"}, {"date": "2019-06-01", "country": "Sweden", "value": "0", "unit": "kg"}, {"date": "2019-07-01", "country": "Sweden", "value": "0", "unit": "kg"}, {"date": "2019-08-01", "country": "Sweden", "value": "0", "unit": "kg"}, {"date": "2019-09-01", "country": "Sweden", "value": "0", "unit": "kg"}, {"date": "2019-10-01", "country": "Sweden", "value": "0", "unit": "kg"}, {"date": "2019-11-01", "country": "Sweden", "value": "10000", "unit": "kg"}, {"date": "2019-12-01", "country": "Sweden", "value": "0", "unit": "kg"}, {"date": "2020-01-01", "country": "Sweden", "value": "0", "unit": "kg"}, {"date": "2020-02-01", "country": "Sweden", "value": "0", "unit": "kg"}, {"date": "2020-03-01", "country": "Sweden", "value": "0", "unit": "kg"}, {"date": "2020-04-01", "country": "Sweden", "value": "0", "unit": "kg"}, {"date": "2020-05-01", "country": "Sweden", "value": "0", "unit": "kg"}, {"date": "2020-06-01", "country": "Sweden", "value": "0", "unit": "kg"}, {"date": "2019-01-01", "country": "Thailand", "value": "66000", "unit": "kg"}, {"date": "2019-02-01", "country": "Thailand", "value": "0", "unit": "kg"}, {"date": "2019-03-01", "country": "Thailand", "value": "1", "unit": "kg"}, {"date": "2019-04-01", "country": "Thailand", "value": "0", "unit": "kg"}, {"date": "2019-05-01", "country": "Thailand", "value": "0", "unit": "kg"}, {"date": "2019-06-01", "country": "Thailand", "value": "0", "unit": "kg"}, {"date": "2019-07-01", "country": "Thailand", "value": "0", "unit": "kg"}, {"date": "2019-08-01", "country": "Thailand", "value": "0", "unit": "kg"}, {"date": "2019-09-01", "country": "Thailand", "value": "0", "unit": "kg"}, {"date": "2019-10-01", "country": "Thailand", "value": "0", "unit": "kg"}, {"date": "2019-11-01", "country": "Thailand", "value": "0", "unit": "kg"}, {"date": "2019-12-01", "country": "Thailand", "value": "0", "unit": "kg"}, {"date": "2020-01-01", "country": "Thailand", "value": "0", "unit": "kg"}, {"date": "2020-02-01", "country": "Thailand", "value": "0", "unit": "kg"}, {"date": "2020-03-01", "country": "Thailand", "value": "0", "unit": "kg"}, {"date": "2020-04-01", "country": "Thailand", "value": "0", "unit": "kg"}, {"date": "2020-05-01", "country": "Thailand", "value": "0", "unit": "kg"}, {"date": "2020-06-01", "country": "Thailand", "value": "0", "unit": "kg"}, {"date": "2019-01-01", "country": "Belgium", "value": "14886", "unit": "kg"}, {"date": "2019-02-01", "country": "Belgium", "value": "29718", "unit": "kg"}, {"date": "2019-03-01", "country": "Belgium", "value": "112752", "unit": "kg"}, {"date": "2019-04-01", "country": "Belgium", "value": "26706", "unit": "kg"}, {"date": "2019-05-01", "country": "Belgium", "value": "14832", "unit": "kg"}, {"date": "2019-06-01", "country": "Belgium", "value": "21078", "unit": "kg"}, {"date": "2019-07-01", "country": "Belgium", "value": "14994", "unit": "kg"}, {"date": "2019-08-01", "country": "Belgium", "value": "10800", "unit": "kg"}, {"date": "2019-09-01", "country": "Belgium", "value": "10350", "unit": "kg"}, {"date": "2019-10-01", "country": "Belgium", "value": "39953", "unit": "kg"}, {"date": "2019-11-01", "country": "Belgium", "value": "12372", "unit": "kg"}, {"date": "2019-12-01", "country": "Belgium", "value": "2700", "unit": "kg"}, {"date": "2020-01-01", "country": "Belgium", "value": "44034", "unit": "kg"}, {"date": "2020-02-01", "country": "Belgium", "value": "8550", "unit": "kg"}, {"date": "2020-03-01", "country": "Belgium", "value": "45050", "unit": "kg"}, {"date": "2020-04-01", "country": "Belgium", "value": "34650", "unit": "kg"}, {"date": "2020-05-01", "country": "Belgium", "value": "4050", "unit": "kg"}, {"date": "2020-06-01", "country": "Belgium", "value": "19800", "unit": "kg"}, {"date": "2019-01-01", "country": "Cabo Verde", "value": "0", "unit": "kg"}, {"date": "2019-02-01", "country": "Cabo Verde", "value": "0", "unit": "kg"}, {"date": "2019-03-01", "country": "Cabo Verde", "value": "65", "unit": "kg"}, {"date": "2019-04-01", "country": "Cabo Verde", "value": "0", "unit": "kg"}, {"date": "2019-05-01", "country": "Cabo Verde", "value": "0", "unit": "kg"}, {"date": "2019-06-01", "country": "Cabo Verde", "value": "0", "unit": "kg"}, {"date": "2019-07-01", "country": "Cabo Verde", "value": "0", "unit": "kg"}, {"date": "2019-08-01", "country": "Cabo Verde", "value": "0", "unit": "kg"}, {"date": "2019-09-01", "country": "Cabo Verde", "value": "0", "unit": "kg"}, {"date": "2019-10-01", "country": "Cabo Verde", "value": "0", "unit": "kg"}, {"date": "2019-11-01", "country": "Cabo Verde", "value": "0", "unit": "kg"}, {"date": "2019-12-01", "country": "Cabo Verde", "value": "0", "unit": "kg"}, {"date": "2020-01-01", "country": "Cabo Verde", "value": "0", "unit": "kg"}, {"date": "2020-02-01", "country": "Cabo Verde", "value": "0", "unit": "kg"}, {"date": "2020-03-01", "country": "Cabo Verde", "value": "0", "unit": "kg"}, {"date": "2020-04-01", "country": "Cabo Verde", "value": "0", "unit": "kg"}, {"date": "2020-05-01", "country": "Cabo Verde", "value": "0", "unit": "kg"}, {"date": "2020-06-01", "country": "Cabo Verde", "value": "0", "unit": "kg"}]