[{"date": "2018-10-01", "country": "Belgium", "value": "0", "unit": "kg"}, {"date": "2018-11-01", "country": "Belgium", "value": "0", "unit": "kg"}, {"date": "2018-12-01", "country": "Belgium", "value": "0", "unit": "kg"}, {"date": "2019-01-01", "country": "Belgium", "value": "9950", "unit": "kg"}, {"date": "2019-02-01", "country": "Belgium", "value": "24150", "unit": "kg"}, {"date": "2019-03-01", "country": "Belgium", "value": "0", "unit": "kg"}, {"date": "2019-04-01", "country": "Belgium", "value": "0", "unit": "kg"}, {"date": "2019-05-01", "country": "Belgium", "value": "24000", "unit": "kg"}, {"date": "2019-06-01", "country": "Belgium", "value": "0", "unit": "kg"}, {"date": "2019-07-01", "country": "Belgium", "value": "0", "unit": "kg"}, {"date": "2019-08-01", "country": "Belgium", "value": "0", "unit": "kg"}, {"date": "2019-09-01", "country": "Belgium", "value": "0", "unit": "kg"}, {"date": "2019-10-01", "country": "Belgium", "value": "0", "unit": "kg"}, {"date": "2019-11-01", "country": "Belgium", "value": "0", "unit": "kg"}, {"date": "2019-12-01", "country": "Belgium", "value": "0", "unit": "kg"}, {"date": "2020-01-01", "country": "Belgium", "value": "0", "unit": "kg"}, {"date": "2020-02-01", "country": "Belgium", "value": "0", "unit": "kg"}, {"date": "2020-03-01", "country": "Belgium", "value": "0", "unit": "kg"}, {"date": "2018-10-01", "country": "Sweden", "value": "17783", "unit": "kg"}, {"date": "2018-11-01", "country": "Sweden", "value": "11724", "unit": "kg"}, {"date": "2018-12-01", "country": "Sweden", "value": "10509", "unit": "kg"}, {"date": "2019-01-01", "country": "Sweden", "value": "16367", "unit": "kg"}, {"date": "2019-02-01", "country": "Sweden", "value": "8125", "unit": "kg"}, {"date": "2019-03-01", "country": "Sweden", "value": "3790", "unit": "kg"}, {"date": "2019-04-01", "country": "Sweden", "value": "13795", "unit": "kg"}, {"date": "2019-05-01", "country": "Sweden", "value": "4386", "unit": "kg"}, {"date": "2019-06-01", "country": "Sweden", "value": "14513", "unit": "kg"}, {"date": "2019-07-01", "country": "Sweden", "value": "6720", "unit": "kg"}, {"date": "2019-08-01", "country": "Sweden", "value": "5116", "unit": "kg"}, {"date": "2019-09-01", "country": "Sweden", "value": "7360", "unit": "kg"}, {"date": "2019-10-01", "country": "Sweden", "value": "15746", "unit": "kg"}, {"date": "2019-11-01", "country": "Sweden", "value": "12723", "unit": "kg"}, {"date": "2019-12-01", "country": "Sweden", "value": "11650", "unit": "kg"}, {"date": "2020-01-01", "country": "Sweden", "value": "8387", "unit": "kg"}, {"date": "2020-02-01", "country": "Sweden", "value": "6146", "unit": "kg"}, {"date": "2020-03-01", "country": "Sweden", "value": "10344", "unit": "kg"}, {"date": "2018-10-01", "country": "Norway", "value": "5916", "unit": "kg"}, {"date": "2018-11-01", "country": "Norway", "value": "3033", "unit": "kg"}, {"date": "2018-12-01", "country": "Norway", "value": "311", "unit": "kg"}, {"date": "2019-01-01", "country": "Norway", "value": "24346", "unit": "kg"}, {"date": "2019-02-01", "country": "Norway", "value": "11751", "unit": "kg"}, {"date": "2019-03-01", "country": "Norway", "value": "5979", "unit": "kg"}, {"date": "2019-04-01", "country": "Norway", "value": "20322", "unit": "kg"}, {"date": "2019-05-01", "country": "Norway", "value": "5408", "unit": "kg"}, {"date": "2019-06-01", "country": "Norway", "value": "7083", "unit": "kg"}, {"date": "2019-07-01", "country": "Norway", "value": "4188", "unit": "kg"}, {"date": "2019-08-01", "country": "Norway", "value": "6611", "unit": "kg"}, {"date": "2019-09-01", "country": "Norway", "value": "6365", "unit": "kg"}, {"date": "2019-10-01", "country": "Norway", "value": "9216", "unit": "kg"}, {"date": "2019-11-01", "country": "Norway", "value": "11650", "unit": "kg"}, {"date": "2019-12-01", "country": "Norway", "value": "5781", "unit": "kg"}, {"date": "2020-01-01", "country": "Norway", "value": "5784", "unit": "kg"}, {"date": "2020-02-01", "country": "Norway", "value": "7554", "unit": "kg"}, {"date": "2020-03-01", "country": "Norway", "value": "10498", "unit": "kg"}, {"date": "2018-10-01", "country": "Iceland", "value": "1000", "unit": "kg"}, {"date": "2018-11-01", "country": "Iceland", "value": "2256", "unit": "kg"}, {"date": "2018-12-01", "country": "Iceland", "value": "576", "unit": "kg"}, {"date": "2019-01-01", "country": "Iceland", "value": "1151", "unit": "kg"}, {"date": "2019-02-01", "country": "Iceland", "value": "1800", "unit": "kg"}, {"date": "2019-03-01", "country": "Iceland", "value": "1416", "unit": "kg"}, {"date": "2019-04-01", "country": "Iceland", "value": "840", "unit": "kg"}, {"date": "2019-05-01", "country": "Iceland", "value": "1576", "unit": "kg"}, {"date": "2019-06-01", "country": "Iceland", "value": "4882", "unit": "kg"}, {"date": "2019-07-01", "country": "Iceland", "value": "2256", "unit": "kg"}, {"date": "2019-08-01", "country": "Iceland", "value": "3730", "unit": "kg"}, {"date": "2019-09-01", "country": "Iceland", "value": "3452", "unit": "kg"}, {"date": "2019-10-01", "country": "Iceland", "value": "2642", "unit": "kg"}, {"date": "2019-11-01", "country": "Iceland", "value": "1116", "unit": "kg"}, {"date": "2019-12-01", "country": "Iceland", "value": "3170", "unit": "kg"}, {"date": "2020-01-01", "country": "Iceland", "value": "3602", "unit": "kg"}, {"date": "2020-02-01", "country": "Iceland", "value": "2920", "unit": "kg"}, {"date": "2020-03-01", "country": "Iceland", "value": "2013", "unit": "kg"}, {"date": "2018-10-01", "country": "Greenland", "value": "4987", "unit": "kg"}, {"date": "2018-11-01", "country": "Greenland", "value": "4741", "unit": "kg"}, {"date": "2018-12-01", "country": "Greenland", "value": "5309", "unit": "kg"}, {"date": "2019-01-01", "country": "Greenland", "value": "2806", "unit": "kg"}, {"date": "2019-02-01", "country": "Greenland", "value": "2918", "unit": "kg"}, {"date": "2019-03-01", "country": "Greenland", "value": "3428", "unit": "kg"}, {"date": "2019-04-01", "country": "Greenland", "value": "6249", "unit": "kg"}, {"date": "2019-05-01", "country": "Greenland", "value": "3779", "unit": "kg"}, {"date": "2019-06-01", "country": "Greenland", "value": "4563", "unit": "kg"}, {"date": "2019-07-01", "country": "Greenland", "value": "3895", "unit": "kg"}, {"date": "2019-08-01", "country": "Greenland", "value": "4158", "unit": "kg"}, {"date": "2019-09-01", "country": "Greenland", "value": "4429", "unit": "kg"}, {"date": "2019-10-01", "country": "Greenland", "value": "6421", "unit": "kg"}, {"date": "2019-11-01", "country": "Greenland", "value": "3728", "unit": "kg"}, {"date": "2019-12-01", "country": "Greenland", "value": "4084", "unit": "kg"}, {"date": "2020-01-01", "country": "Greenland", "value": "3577", "unit": "kg"}, {"date": "2020-02-01", "country": "Greenland", "value": "7269", "unit": "kg"}, {"date": "2020-03-01", "country": "Greenland", "value": "4446", "unit": "kg"}, {"date": "2018-10-01", "country": "Finland", "value": "3227", "unit": "kg"}, {"date": "2018-11-01", "country": "Finland", "value": "4027", "unit": "kg"}, {"date": "2018-12-01", "country": "Finland", "value": "1618", "unit": "kg"}, {"date": "2019-01-01", "country": "Finland", "value": "9932", "unit": "kg"}, {"date": "2019-02-01", "country": "Finland", "value": "3373", "unit": "kg"}, {"date": "2019-03-01", "country": "Finland", "value": "5443", "unit": "kg"}, {"date": "2019-04-01", "country": "Finland", "value": "3536", "unit": "kg"}, {"date": "2019-05-01", "country": "Finland", "value": "3373", "unit": "kg"}, {"date": "2019-06-01", "country": "Finland", "value": "2508", "unit": "kg"}, {"date": "2019-07-01", "country": "Finland", "value": "2079", "unit": "kg"}, {"date": "2019-08-01", "country": "Finland", "value": "2891", "unit": "kg"}, {"date": "2019-09-01", "country": "Finland", "value": "3618", "unit": "kg"}, {"date": "2019-10-01", "country": "Finland", "value": "6430", "unit": "kg"}, {"date": "2019-11-01", "country": "Finland", "value": "5106", "unit": "kg"}, {"date": "2019-12-01", "country": "Finland", "value": "5344", "unit": "kg"}, {"date": "2020-01-01", "country": "Finland", "value": "3715", "unit": "kg"}, {"date": "2020-02-01", "country": "Finland", "value": "6348", "unit": "kg"}, {"date": "2020-03-01", "country": "Finland", "value": "6913", "unit": "kg"}, {"date": "2018-10-01", "country": "Poland", "value": "0", "unit": "kg"}, {"date": "2018-11-01", "country": "Poland", "value": "0", "unit": "kg"}, {"date": "2018-12-01", "country": "Poland", "value": "0", "unit": "kg"}, {"date": "2019-01-01", "country": "Poland", "value": "4368", "unit": "kg"}, {"date": "2019-02-01", "country": "Poland", "value": "2184", "unit": "kg"}, {"date": "2019-03-01", "country": "Poland", "value": "0", "unit": "kg"}, {"date": "2019-04-01", "country": "Poland", "value": "0", "unit": "kg"}, {"date": "2019-05-01", "country": "Poland", "value": "0", "unit": "kg"}, {"date": "2019-06-01", "country": "Poland", "value": "9113", "unit": "kg"}, {"date": "2019-07-01", "country": "Poland", "value": "776", "unit": "kg"}, {"date": "2019-08-01", "country": "Poland", "value": "837", "unit": "kg"}, {"date": "2019-09-01", "country": "Poland", "value": "6552", "unit": "kg"}, {"date": "2019-10-01", "country": "Poland", "value": "0", "unit": "kg"}, {"date": "2019-11-01", "country": "Poland", "value": "0", "unit": "kg"}, {"date": "2019-12-01", "country": "Poland", "value": "3381", "unit": "kg"}, {"date": "2020-01-01", "country": "Poland", "value": "2426", "unit": "kg"}, {"date": "2020-02-01", "country": "Poland", "value": "4492", "unit": "kg"}, {"date": "2020-03-01", "country": "Poland", "value": "2363", "unit": "kg"}, {"date": "2018-10-01", "country": "Faroe Islands", "value": "2115", "unit": "kg"}, {"date": "2018-11-01", "country": "Faroe Islands", "value": "1436", "unit": "kg"}, {"date": "2018-12-01", "country": "Faroe Islands", "value": "854", "unit": "kg"}, {"date": "2019-01-01", "country": "Faroe Islands", "value": "1210", "unit": "kg"}, {"date": "2019-02-01", "country": "Faroe Islands", "value": "1133", "unit": "kg"}, {"date": "2019-03-01", "country": "Faroe Islands", "value": "874", "unit": "kg"}, {"date": "2019-04-01", "country": "Faroe Islands", "value": "1664", "unit": "kg"}, {"date": "2019-05-01", "country": "Faroe Islands", "value": "1300", "unit": "kg"}, {"date": "2019-06-01", "country": "Faroe Islands", "value": "761", "unit": "kg"}, {"date": "2019-07-01", "country": "Faroe Islands", "value": "2130", "unit": "kg"}, {"date": "2019-08-01", "country": "Faroe Islands", "value": "1076", "unit": "kg"}, {"date": "2019-09-01", "country": "Faroe Islands", "value": "1321", "unit": "kg"}, {"date": "2019-10-01", "country": "Faroe Islands", "value": "1237", "unit": "kg"}, {"date": "2019-11-01", "country": "Faroe Islands", "value": "927", "unit": "kg"}, {"date": "2019-12-01", "country": "Faroe Islands", "value": "1611", "unit": "kg"}, {"date": "2020-01-01", "country": "Faroe Islands", "value": "1429", "unit": "kg"}, {"date": "2020-02-01", "country": "Faroe Islands", "value": "1689", "unit": "kg"}, {"date": "2020-03-01", "country": "Faroe Islands", "value": "1523", "unit": "kg"}, {"date": "2018-10-01", "country": "Austria", "value": "648", "unit": "kg"}, {"date": "2018-11-01", "country": "Austria", "value": "1314", "unit": "kg"}, {"date": "2018-12-01", "country": "Austria", "value": "648", "unit": "kg"}, {"date": "2019-01-01", "country": "Austria", "value": "1944", "unit": "kg"}, {"date": "2019-02-01", "country": "Austria", "value": "2592", "unit": "kg"}, {"date": "2019-03-01", "country": "Austria", "value": "0", "unit": "kg"}, {"date": "2019-04-01", "country": "Austria", "value": "648", "unit": "kg"}, {"date": "2019-05-01", "country": "Austria", "value": "1944", "unit": "kg"}, {"date": "2019-06-01", "country": "Austria", "value": "648", "unit": "kg"}, {"date": "2019-07-01", "country": "Austria", "value": "0", "unit": "kg"}, {"date": "2019-08-01", "country": "Austria", "value": "1312", "unit": "kg"}, {"date": "2019-09-01", "country": "Austria", "value": "1296", "unit": "kg"}, {"date": "2019-10-01", "country": "Austria", "value": "648", "unit": "kg"}, {"date": "2019-11-01", "country": "Austria", "value": "3888", "unit": "kg"}, {"date": "2019-12-01", "country": "Austria", "value": "1328", "unit": "kg"}, {"date": "2020-01-01", "country": "Austria", "value": "1296", "unit": "kg"}, {"date": "2020-02-01", "country": "Austria", "value": "0", "unit": "kg"}, {"date": "2020-03-01", "country": "Austria", "value": "1380", "unit": "kg"}, {"date": "2018-10-01", "country": "Germany", "value": "1118", "unit": "kg"}, {"date": "2018-11-01", "country": "Germany", "value": "1096", "unit": "kg"}, {"date": "2018-12-01", "country": "Germany", "value": "1537", "unit": "kg"}, {"date": "2019-01-01", "country": "Germany", "value": "1066", "unit": "kg"}, {"date": "2019-02-01", "country": "Germany", "value": "972", "unit": "kg"}, {"date": "2019-03-01", "country": "Germany", "value": "1576", "unit": "kg"}, {"date": "2019-04-01", "country": "Germany", "value": "768", "unit": "kg"}, {"date": "2019-05-01", "country": "Germany", "value": "290", "unit": "kg"}, {"date": "2019-06-01", "country": "Germany", "value": "282", "unit": "kg"}, {"date": "2019-07-01", "country": "Germany", "value": "376", "unit": "kg"}, {"date": "2019-08-01", "country": "Germany", "value": "426", "unit": "kg"}, {"date": "2019-09-01", "country": "Germany", "value": "346", "unit": "kg"}, {"date": "2019-10-01", "country": "Germany", "value": "685", "unit": "kg"}, {"date": "2019-11-01", "country": "Germany", "value": "378", "unit": "kg"}, {"date": "2019-12-01", "country": "Germany", "value": "0", "unit": "kg"}, {"date": "2020-01-01", "country": "Germany", "value": "256", "unit": "kg"}, {"date": "2020-02-01", "country": "Germany", "value": "254", "unit": "kg"}, {"date": "2020-03-01", "country": "Germany", "value": "374", "unit": "kg"}, {"date": "2018-10-01", "country": "France", "value": "14903", "unit": "kg"}, {"date": "2018-11-01", "country": "France", "value": "2492", "unit": "kg"}, {"date": "2018-12-01", "country": "France", "value": "30160", "unit": "kg"}, {"date": "2019-01-01", "country": "France", "value": "0", "unit": "kg"}, {"date": "2019-02-01", "country": "France", "value": "0", "unit": "kg"}, {"date": "2019-03-01", "country": "France", "value": "0", "unit": "kg"}, {"date": "2019-04-01", "country": "France", "value": "0", "unit": "kg"}, {"date": "2019-05-01", "country": "France", "value": "0", "unit": "kg"}, {"date": "2019-06-01", "country": "France", "value": "0", "unit": "kg"}, {"date": "2019-07-01", "country": "France", "value": "196", "unit": "kg"}, {"date": "2019-08-01", "country": "France", "value": "0", "unit": "kg"}, {"date": "2019-09-01", "country": "France", "value": "0", "unit": "kg"}, {"date": "2019-10-01", "country": "France", "value": "2783", "unit": "kg"}, {"date": "2019-11-01", "country": "France", "value": "0", "unit": "kg"}, {"date": "2019-12-01", "country": "France", "value": "0", "unit": "kg"}, {"date": "2020-01-01", "country": "France", "value": "0", "unit": "kg"}, {"date": "2020-02-01", "country": "France", "value": "25", "unit": "kg"}, {"date": "2020-03-01", "country": "France", "value": "0", "unit": "kg"}, {"date": "2018-10-01", "country": "Bulgaria", "value": "11", "unit": "kg"}, {"date": "2018-11-01", "country": "Bulgaria", "value": "0", "unit": "kg"}, {"date": "2018-12-01", "country": "Bulgaria", "value": "0", "unit": "kg"}, {"date": "2019-01-01", "country": "Bulgaria", "value": "0", "unit": "kg"}, {"date": "2019-02-01", "country": "Bulgaria", "value": "0", "unit": "kg"}, {"date": "2019-03-01", "country": "Bulgaria", "value": "0", "unit": "kg"}, {"date": "2019-04-01", "country": "Bulgaria", "value": "0", "unit": "kg"}, {"date": "2019-05-01", "country": "Bulgaria", "value": "0", "unit": "kg"}, {"date": "2019-06-01", "country": "Bulgaria", "value": "0", "unit": "kg"}, {"date": "2019-07-01", "country": "Bulgaria", "value": "0", "unit": "kg"}, {"date": "2019-08-01", "country": "Bulgaria", "value": "0", "unit": "kg"}, {"date": "2019-09-01", "country": "Bulgaria", "value": "0", "unit": "kg"}, {"date": "2019-10-01", "country": "Bulgaria", "value": "0", "unit": "kg"}, {"date": "2019-11-01", "country": "Bulgaria", "value": "0", "unit": "kg"}, {"date": "2019-12-01", "country": "Bulgaria", "value": "0", "unit": "kg"}, {"date": "2020-01-01", "country": "Bulgaria", "value": "0", "unit": "kg"}, {"date": "2020-02-01", "country": "Bulgaria", "value": "0", "unit": "kg"}, {"date": "2020-03-01", "country": "Bulgaria", "value": "0", "unit": "kg"}, {"date": "2018-10-01", "country": "Czech Republic", "value": "8", "unit": "kg"}, {"date": "2018-11-01", "country": "Czech Republic", "value": "0", "unit": "kg"}, {"date": "2018-12-01", "country": "Czech Republic", "value": "0", "unit": "kg"}, {"date": "2019-01-01", "country": "Czech Republic", "value": "8", "unit": "kg"}, {"date": "2019-02-01", "country": "Czech Republic", "value": "0", "unit": "kg"}, {"date": "2019-03-01", "country": "Czech Republic", "value": "0", "unit": "kg"}, {"date": "2019-04-01", "country": "Czech Republic", "value": "0", "unit": "kg"}, {"date": "2019-05-01", "country": "Czech Republic", "value": "7", "unit": "kg"}, {"date": "2019-06-01", "country": "Czech Republic", "value": "0", "unit": "kg"}, {"date": "2019-07-01", "country": "Czech Republic", "value": "0", "unit": "kg"}, {"date": "2019-08-01", "country": "Czech Republic", "value": "0", "unit": "kg"}, {"date": "2019-09-01", "country": "Czech Republic", "value": "0", "unit": "kg"}, {"date": "2019-10-01", "country": "Czech Republic", "value": "0", "unit": "kg"}, {"date": "2019-11-01", "country": "Czech Republic", "value": "0", "unit": "kg"}, {"date": "2019-12-01", "country": "Czech Republic", "value": "0", "unit": "kg"}, {"date": "2020-01-01", "country": "Czech Republic", "value": "0", "unit": "kg"}, {"date": "2020-02-01", "country": "Czech Republic", "value": "0", "unit": "kg"}, {"date": "2020-03-01", "country": "Czech Republic", "value": "4", "unit": "kg"}, {"date": "2018-10-01", "country": "Portugal", "value": "645", "unit": "kg"}, {"date": "2018-11-01", "country": "Portugal", "value": "6720", "unit": "kg"}, {"date": "2018-12-01", "country": "Portugal", "value": "178", "unit": "kg"}, {"date": "2019-01-01", "country": "Portugal", "value": "773", "unit": "kg"}, {"date": "2019-02-01", "country": "Portugal", "value": "857", "unit": "kg"}, {"date": "2019-03-01", "country": "Portugal", "value": "808", "unit": "kg"}, {"date": "2019-04-01", "country": "Portugal", "value": "730", "unit": "kg"}, {"date": "2019-05-01", "country": "Portugal", "value": "507", "unit": "kg"}, {"date": "2019-06-01", "country": "Portugal", "value": "1671", "unit": "kg"}, {"date": "2019-07-01", "country": "Portugal", "value": "356", "unit": "kg"}, {"date": "2019-08-01", "country": "Portugal", "value": "198", "unit": "kg"}, {"date": "2019-09-01", "country": "Portugal", "value": "351", "unit": "kg"}, {"date": "2019-10-01", "country": "Portugal", "value": "451", "unit": "kg"}, {"date": "2019-11-01", "country": "Portugal", "value": "425", "unit": "kg"}, {"date": "2019-12-01", "country": "Portugal", "value": "177", "unit": "kg"}, {"date": "2020-01-01", "country": "Portugal", "value": "332", "unit": "kg"}, {"date": "2020-02-01", "country": "Portugal", "value": "353", "unit": "kg"}, {"date": "2020-03-01", "country": "Portugal", "value": "519", "unit": "kg"}, {"date": "2018-10-01", "country": "Spain", "value": "4", "unit": "kg"}, {"date": "2018-11-01", "country": "Spain", "value": "0", "unit": "kg"}, {"date": "2018-12-01", "country": "Spain", "value": "0", "unit": "kg"}, {"date": "2019-01-01", "country": "Spain", "value": "0", "unit": "kg"}, {"date": "2019-02-01", "country": "Spain", "value": "3", "unit": "kg"}, {"date": "2019-03-01", "country": "Spain", "value": "0", "unit": "kg"}, {"date": "2019-04-01", "country": "Spain", "value": "0", "unit": "kg"}, {"date": "2019-05-01", "country": "Spain", "value": "0", "unit": "kg"}, {"date": "2019-06-01", "country": "Spain", "value": "0", "unit": "kg"}, {"date": "2019-07-01", "country": "Spain", "value": "0", "unit": "kg"}, {"date": "2019-08-01", "country": "Spain", "value": "0", "unit": "kg"}, {"date": "2019-09-01", "country": "Spain", "value": "0", "unit": "kg"}, {"date": "2019-10-01", "country": "Spain", "value": "0", "unit": "kg"}, {"date": "2019-11-01", "country": "Spain", "value": "0", "unit": "kg"}, {"date": "2019-12-01", "country": "Spain", "value": "0", "unit": "kg"}, {"date": "2020-01-01", "country": "Spain", "value": "0", "unit": "kg"}, {"date": "2020-02-01", "country": "Spain", "value": "0", "unit": "kg"}, {"date": "2020-03-01", "country": "Spain", "value": "0", "unit": "kg"}, {"date": "2018-10-01", "country": "Netherlands", "value": "4", "unit": "kg"}, {"date": "2018-11-01", "country": "Netherlands", "value": "0", "unit": "kg"}, {"date": "2018-12-01", "country": "Netherlands", "value": "0", "unit": "kg"}, {"date": "2019-01-01", "country": "Netherlands", "value": "0", "unit": "kg"}, {"date": "2019-02-01", "country": "Netherlands", "value": "5000", "unit": "kg"}, {"date": "2019-03-01", "country": "Netherlands", "value": "0", "unit": "kg"}, {"date": "2019-04-01", "country": "Netherlands", "value": "0", "unit": "kg"}, {"date": "2019-05-01", "country": "Netherlands", "value": "0", "unit": "kg"}, {"date": "2019-06-01", "country": "Netherlands", "value": "0", "unit": "kg"}, {"date": "2019-07-01", "country": "Netherlands", "value": "0", "unit": "kg"}, {"date": "2019-08-01", "country": "Netherlands", "value": "1000", "unit": "kg"}, {"date": "2019-09-01", "country": "Netherlands", "value": "0", "unit": "kg"}, {"date": "2019-10-01", "country": "Netherlands", "value": "0", "unit": "kg"}, {"date": "2019-11-01", "country": "Netherlands", "value": "0", "unit": "kg"}, {"date": "2019-12-01", "country": "Netherlands", "value": "0", "unit": "kg"}, {"date": "2020-01-01", "country": "Netherlands", "value": "0", "unit": "kg"}, {"date": "2020-02-01", "country": "Netherlands", "value": "0", "unit": "kg"}, {"date": "2020-03-01", "country": "Netherlands", "value": "0", "unit": "kg"}, {"date": "2018-10-01", "country": "Pakistan", "value": "0", "unit": "kg"}, {"date": "2018-11-01", "country": "Pakistan", "value": "0", "unit": "kg"}, {"date": "2018-12-01", "country": "Pakistan", "value": "0", "unit": "kg"}, {"date": "2019-01-01", "country": "Pakistan", "value": "0", "unit": "kg"}, {"date": "2019-02-01", "country": "Pakistan", "value": "0", "unit": "kg"}, {"date": "2019-03-01", "country": "Pakistan", "value": "0", "unit": "kg"}, {"date": "2019-04-01", "country": "Pakistan", "value": "0", "unit": "kg"}, {"date": "2019-05-01", "country": "Pakistan", "value": "0", "unit": "kg"}, {"date": "2019-06-01", "country": "Pakistan", "value": "0", "unit": "kg"}, {"date": "2019-07-01", "country": "Pakistan", "value": "0", "unit": "kg"}, {"date": "2019-08-01", "country": "Pakistan", "value": "60000", "unit": "kg"}, {"date": "2019-09-01", "country": "Pakistan", "value": "0", "unit": "kg"}, {"date": "2019-10-01", "country": "Pakistan", "value": "0", "unit": "kg"}, {"date": "2019-11-01", "country": "Pakistan", "value": "0", "unit": "kg"}, {"date": "2019-12-01", "country": "Pakistan", "value": "0", "unit": "kg"}, {"date": "2020-01-01", "country": "Pakistan", "value": "0", "unit": "kg"}, {"date": "2020-02-01", "country": "Pakistan", "value": "0", "unit": "kg"}, {"date": "2020-03-01", "country": "Pakistan", "value": "0", "unit": "kg"}]