[{"date": "2016-11-01", "country_from": "NE", "country_to": "TH", "value": "0", "unit": "kg"}, {"date": "2016-12-01", "country_from": "NE", "country_to": "TH", "value": "0", "unit": "kg"}, {"date": "2017-01-01", "country_from": "NE", "country_to": "TH", "value": "0", "unit": "kg"}, {"date": "2017-02-01", "country_from": "NE", "country_to": "TH", "value": "0", "unit": "kg"}, {"date": "2017-03-01", "country_from": "NE", "country_to": "TH", "value": "0", "unit": "kg"}, {"date": "2017-04-01", "country_from": "NE", "country_to": "TH", "value": "0", "unit": "kg"}, {"date": "2017-05-01", "country_from": "NE", "country_to": "TH", "value": "0", "unit": "kg"}, {"date": "2017-06-01", "country_from": "NE", "country_to": "TH", "value": "0", "unit": "kg"}, {"date": "2017-07-01", "country_from": "NE", "country_to": "TH", "value": "0", "unit": "kg"}, {"date": "2017-08-01", "country_from": "NE", "country_to": "TH", "value": "0", "unit": "kg"}, {"date": "2017-09-01", "country_from": "NE", "country_to": "TH", "value": "0", "unit": "kg"}, {"date": "2017-10-01", "country_from": "NE", "country_to": "TH", "value": "0", "unit": "kg"}, {"date": "2017-11-01", "country_from": "NE", "country_to": "TH", "value": "0", "unit": "kg"}, {"date": "2017-12-01", "country_from": "NE", "country_to": "TH", "value": "0", "unit": "kg"}, {"date": "2018-01-01", "country_from": "NE", "country_to": "TH", "value": "0", "unit": "kg"}, {"date": "2018-02-01", "country_from": "NE", "country_to": "TH", "value": "0", "unit": "kg"}, {"date": "2018-03-01", "country_from": "NE", "country_to": "TH", "value": "0", "unit": "kg"}, {"date": "2018-04-01", "country_from": "NE", "country_to": "TH", "value": "0", "unit": "kg"}, {"date": "2018-05-01", "country_from": "NE", "country_to": "TH", "value": "550700", "unit": "kg"}, {"date": "2018-06-01", "country_from": "NE", "country_to": "TH", "value": "1683050", "unit": "kg"}, {"date": "2016-11-01", "country_from": "NE", "country_to": "BF", "value": "0", "unit": "kg"}, {"date": "2016-12-01", "country_from": "NE", "country_to": "BF", "value": "0", "unit": "kg"}, {"date": "2017-01-01", "country_from": "NE", "country_to": "BF", "value": "0", "unit": "kg"}, {"date": "2017-02-01", "country_from": "NE", "country_to": "BF", "value": "0", "unit": "kg"}, {"date": "2017-03-01", "country_from": "NE", "country_to": "BF", "value": "0", "unit": "kg"}, {"date": "2017-04-01", "country_from": "NE", "country_to": "BF", "value": "0", "unit": "kg"}, {"date": "2017-05-01", "country_from": "NE", "country_to": "BF", "value": "40000", "unit": "kg"}, {"date": "2017-06-01", "country_from": "NE", "country_to": "BF", "value": "0", "unit": "kg"}, {"date": "2017-07-01", "country_from": "NE", "country_to": "BF", "value": "0", "unit": "kg"}, {"date": "2017-08-01", "country_from": "NE", "country_to": "BF", "value": "0", "unit": "kg"}, {"date": "2017-09-01", "country_from": "NE", "country_to": "BF", "value": "0", "unit": "kg"}, {"date": "2017-10-01", "country_from": "NE", "country_to": "BF", "value": "0", "unit": "kg"}, {"date": "2017-11-01", "country_from": "NE", "country_to": "BF", "value": "0", "unit": "kg"}, {"date": "2017-12-01", "country_from": "NE", "country_to": "BF", "value": "0", "unit": "kg"}, {"date": "2018-01-01", "country_from": "NE", "country_to": "BF", "value": "0", "unit": "kg"}, {"date": "2018-02-01", "country_from": "NE", "country_to": "BF", "value": "0", "unit": "kg"}, {"date": "2018-03-01", "country_from": "NE", "country_to": "BF", "value": "0", "unit": "kg"}, {"date": "2018-04-01", "country_from": "NE", "country_to": "BF", "value": "0", "unit": "kg"}, {"date": "2018-05-01", "country_from": "NE", "country_to": "BF", "value": "0", "unit": "kg"}, {"date": "2018-06-01", "country_from": "NE", "country_to": "BF", "value": "0", "unit": "kg"}, {"date": "2016-11-01", "country_from": "NE", "country_to": "BJ", "value": "0", "unit": "kg"}, {"date": "2016-12-01", "country_from": "NE", "country_to": "BJ", "value": "0", "unit": "kg"}, {"date": "2017-01-01", "country_from": "NE", "country_to": "BJ", "value": "0", "unit": "kg"}, {"date": "2017-02-01", "country_from": "NE", "country_to": "BJ", "value": "0", "unit": "kg"}, {"date": "2017-03-01", "country_from": "NE", "country_to": "BJ", "value": "0", "unit": "kg"}, {"date": "2017-04-01", "country_from": "NE", "country_to": "BJ", "value": "0", "unit": "kg"}, {"date": "2017-05-01", "country_from": "NE", "country_to": "BJ", "value": "0", "unit": "kg"}, {"date": "2017-06-01", "country_from": "NE", "country_to": "BJ", "value": "0", "unit": "kg"}, {"date": "2017-07-01", "country_from": "NE", "country_to": "BJ", "value": "1000", "unit": "kg"}, {"date": "2017-08-01", "country_from": "NE", "country_to": "BJ", "value": "0", "unit": "kg"}, {"date": "2017-09-01", "country_from": "NE", "country_to": "BJ", "value": "0", "unit": "kg"}, {"date": "2017-10-01", "country_from": "NE", "country_to": "BJ", "value": "0", "unit": "kg"}, {"date": "2017-11-01", "country_from": "NE", "country_to": "BJ", "value": "0", "unit": "kg"}, {"date": "2017-12-01", "country_from": "NE", "country_to": "BJ", "value": "0", "unit": "kg"}, {"date": "2018-01-01", "country_from": "NE", "country_to": "BJ", "value": "0", "unit": "kg"}, {"date": "2018-02-01", "country_from": "NE", "country_to": "BJ", "value": "0", "unit": "kg"}, {"date": "2018-03-01", "country_from": "NE", "country_to": "BJ", "value": "0", "unit": "kg"}, {"date": "2018-04-01", "country_from": "NE", "country_to": "BJ", "value": "0", "unit": "kg"}, {"date": "2018-05-01", "country_from": "NE", "country_to": "BJ", "value": "0", "unit": "kg"}, {"date": "2018-06-01", "country_from": "NE", "country_to": "BJ", "value": "0", "unit": "kg"}, {"date": "2016-11-01", "country_from": "NE", "country_to": "NG", "value": "0", "unit": "kg"}, {"date": "2016-12-01", "country_from": "NE", "country_to": "NG", "value": "0", "unit": "kg"}, {"date": "2017-01-01", "country_from": "NE", "country_to": "NG", "value": "0", "unit": "kg"}, {"date": "2017-02-01", "country_from": "NE", "country_to": "NG", "value": "0", "unit": "kg"}, {"date": "2017-03-01", "country_from": "NE", "country_to": "NG", "value": "0", "unit": "kg"}, {"date": "2017-04-01", "country_from": "NE", "country_to": "NG", "value": "0", "unit": "kg"}, {"date": "2017-05-01", "country_from": "NE", "country_to": "NG", "value": "0", "unit": "kg"}, {"date": "2017-06-01", "country_from": "NE", "country_to": "NG", "value": "3750", "unit": "kg"}, {"date": "2017-07-01", "country_from": "NE", "country_to": "NG", "value": "900", "unit": "kg"}, {"date": "2017-08-01", "country_from": "NE", "country_to": "NG", "value": "2850", "unit": "kg"}, {"date": "2017-09-01", "country_from": "NE", "country_to": "NG", "value": "37000", "unit": "kg"}, {"date": "2017-10-01", "country_from": "NE", "country_to": "NG", "value": "0", "unit": "kg"}, {"date": "2017-11-01", "country_from": "NE", "country_to": "NG", "value": "0", "unit": "kg"}, {"date": "2017-12-01", "country_from": "NE", "country_to": "NG", "value": "0", "unit": "kg"}, {"date": "2018-01-01", "country_from": "NE", "country_to": "NG", "value": "0", "unit": "kg"}, {"date": "2018-02-01", "country_from": "NE", "country_to": "NG", "value": "0", "unit": "kg"}, {"date": "2018-03-01", "country_from": "NE", "country_to": "NG", "value": "0", "unit": "kg"}, {"date": "2018-04-01", "country_from": "NE", "country_to": "NG", "value": "0", "unit": "kg"}, {"date": "2018-05-01", "country_from": "NE", "country_to": "NG", "value": "0", "unit": "kg"}, {"date": "2018-06-01", "country_from": "NE", "country_to": "NG", "value": "0", "unit": "kg"}]