[{"date": "2018-10-01", "country": "Romania", "value": "1811002", "unit": "kg"}, {"date": "2018-11-01", "country": "Romania", "value": "2573260", "unit": "kg"}, {"date": "2018-12-01", "country": "Romania", "value": "1135509", "unit": "kg"}, {"date": "2019-01-01", "country": "Romania", "value": "1767168", "unit": "kg"}, {"date": "2019-02-01", "country": "Romania", "value": "2129389", "unit": "kg"}, {"date": "2019-03-01", "country": "Romania", "value": "2301404", "unit": "kg"}, {"date": "2019-04-01", "country": "Romania", "value": "2605305", "unit": "kg"}, {"date": "2019-05-01", "country": "Romania", "value": "1987444", "unit": "kg"}, {"date": "2019-06-01", "country": "Romania", "value": "2704350", "unit": "kg"}, {"date": "2019-07-01", "country": "Romania", "value": "2655934", "unit": "kg"}, {"date": "2019-08-01", "country": "Romania", "value": "2579096", "unit": "kg"}, {"date": "2019-09-01", "country": "Romania", "value": "2936068", "unit": "kg"}, {"date": "2019-10-01", "country": "Romania", "value": "3072843", "unit": "kg"}, {"date": "2019-11-01", "country": "Romania", "value": "2670764", "unit": "kg"}, {"date": "2019-12-01", "country": "Romania", "value": "3804101", "unit": "kg"}, {"date": "2020-01-01", "country": "Romania", "value": "3697840", "unit": "kg"}, {"date": "2020-02-01", "country": "Romania", "value": "1622862", "unit": "kg"}, {"date": "2020-03-01", "country": "Romania", "value": "924266", "unit": "kg"}, {"date": "2018-10-01", "country": "Turkey", "value": "537673", "unit": "kg"}, {"date": "2018-11-01", "country": "Turkey", "value": "801416", "unit": "kg"}, {"date": "2018-12-01", "country": "Turkey", "value": "274236", "unit": "kg"}, {"date": "2019-01-01", "country": "Turkey", "value": "0", "unit": "kg"}, {"date": "2019-02-01", "country": "Turkey", "value": "691077", "unit": "kg"}, {"date": "2019-03-01", "country": "Turkey", "value": "0", "unit": "kg"}, {"date": "2019-04-01", "country": "Turkey", "value": "236449", "unit": "kg"}, {"date": "2019-05-01", "country": "Turkey", "value": "0", "unit": "kg"}, {"date": "2019-06-01", "country": "Turkey", "value": "0", "unit": "kg"}, {"date": "2019-07-01", "country": "Turkey", "value": "0", "unit": "kg"}, {"date": "2019-08-01", "country": "Turkey", "value": "0", "unit": "kg"}, {"date": "2019-09-01", "country": "Turkey", "value": "304588", "unit": "kg"}, {"date": "2019-10-01", "country": "Turkey", "value": "911954", "unit": "kg"}, {"date": "2019-11-01", "country": "Turkey", "value": "851309", "unit": "kg"}, {"date": "2019-12-01", "country": "Turkey", "value": "0", "unit": "kg"}, {"date": "2020-01-01", "country": "Turkey", "value": "554400", "unit": "kg"}, {"date": "2020-02-01", "country": "Turkey", "value": "94020", "unit": "kg"}, {"date": "2020-03-01", "country": "Turkey", "value": "370812", "unit": "kg"}, {"date": "2018-10-01", "country": "Poland", "value": "0", "unit": "kg"}, {"date": "2018-11-01", "country": "Poland", "value": "0", "unit": "kg"}, {"date": "2018-12-01", "country": "Poland", "value": "0", "unit": "kg"}, {"date": "2019-01-01", "country": "Poland", "value": "0", "unit": "kg"}, {"date": "2019-02-01", "country": "Poland", "value": "0", "unit": "kg"}, {"date": "2019-03-01", "country": "Poland", "value": "0", "unit": "kg"}, {"date": "2019-04-01", "country": "Poland", "value": "0", "unit": "kg"}, {"date": "2019-05-01", "country": "Poland", "value": "0", "unit": "kg"}, {"date": "2019-06-01", "country": "Poland", "value": "0", "unit": "kg"}, {"date": "2019-07-01", "country": "Poland", "value": "0", "unit": "kg"}, {"date": "2019-08-01", "country": "Poland", "value": "0", "unit": "kg"}, {"date": "2019-09-01", "country": "Poland", "value": "0", "unit": "kg"}, {"date": "2019-10-01", "country": "Poland", "value": "0", "unit": "kg"}, {"date": "2019-11-01", "country": "Poland", "value": "0", "unit": "kg"}, {"date": "2019-12-01", "country": "Poland", "value": "0", "unit": "kg"}, {"date": "2020-01-01", "country": "Poland", "value": "0", "unit": "kg"}, {"date": "2020-02-01", "country": "Poland", "value": "0", "unit": "kg"}, {"date": "2020-03-01", "country": "Poland", "value": "0", "unit": "kg"}, {"date": "2018-10-01", "country": "Serbia", "value": "0", "unit": "kg"}, {"date": "2018-11-01", "country": "Serbia", "value": "6000", "unit": "kg"}, {"date": "2018-12-01", "country": "Serbia", "value": "3000", "unit": "kg"}, {"date": "2019-01-01", "country": "Serbia", "value": "0", "unit": "kg"}, {"date": "2019-02-01", "country": "Serbia", "value": "0", "unit": "kg"}, {"date": "2019-03-01", "country": "Serbia", "value": "15000", "unit": "kg"}, {"date": "2019-04-01", "country": "Serbia", "value": "0", "unit": "kg"}, {"date": "2019-05-01", "country": "Serbia", "value": "12000", "unit": "kg"}, {"date": "2019-06-01", "country": "Serbia", "value": "0", "unit": "kg"}, {"date": "2019-07-01", "country": "Serbia", "value": "20000", "unit": "kg"}, {"date": "2019-08-01", "country": "Serbia", "value": "0", "unit": "kg"}, {"date": "2019-09-01", "country": "Serbia", "value": "6000", "unit": "kg"}, {"date": "2019-10-01", "country": "Serbia", "value": "0", "unit": "kg"}, {"date": "2019-11-01", "country": "Serbia", "value": "0", "unit": "kg"}, {"date": "2019-12-01", "country": "Serbia", "value": "24000", "unit": "kg"}, {"date": "2020-01-01", "country": "Serbia", "value": "0", "unit": "kg"}, {"date": "2020-02-01", "country": "Serbia", "value": "0", "unit": "kg"}, {"date": "2020-03-01", "country": "Serbia", "value": "0", "unit": "kg"}, {"date": "2018-10-01", "country": "United States of America", "value": "0", "unit": "kg"}, {"date": "2018-11-01", "country": "United States of America", "value": "0", "unit": "kg"}, {"date": "2018-12-01", "country": "United States of America", "value": "0", "unit": "kg"}, {"date": "2019-01-01", "country": "United States of America", "value": "0", "unit": "kg"}, {"date": "2019-02-01", "country": "United States of America", "value": "0", "unit": "kg"}, {"date": "2019-03-01", "country": "United States of America", "value": "0", "unit": "kg"}, {"date": "2019-04-01", "country": "United States of America", "value": "1740", "unit": "kg"}, {"date": "2019-05-01", "country": "United States of America", "value": "0", "unit": "kg"}, {"date": "2019-06-01", "country": "United States of America", "value": "0", "unit": "kg"}, {"date": "2019-07-01", "country": "United States of America", "value": "498", "unit": "kg"}, {"date": "2019-08-01", "country": "United States of America", "value": "0", "unit": "kg"}, {"date": "2019-09-01", "country": "United States of America", "value": "0", "unit": "kg"}, {"date": "2019-10-01", "country": "United States of America", "value": "0", "unit": "kg"}, {"date": "2019-11-01", "country": "United States of America", "value": "0", "unit": "kg"}, {"date": "2019-12-01", "country": "United States of America", "value": "720", "unit": "kg"}, {"date": "2020-01-01", "country": "United States of America", "value": "0", "unit": "kg"}, {"date": "2020-02-01", "country": "United States of America", "value": "1050", "unit": "kg"}, {"date": "2020-03-01", "country": "United States of America", "value": "852", "unit": "kg"}, {"date": "2018-10-01", "country": "Germany", "value": "661", "unit": "kg"}, {"date": "2018-11-01", "country": "Germany", "value": "526", "unit": "kg"}, {"date": "2018-12-01", "country": "Germany", "value": "846", "unit": "kg"}, {"date": "2019-01-01", "country": "Germany", "value": "549", "unit": "kg"}, {"date": "2019-02-01", "country": "Germany", "value": "805", "unit": "kg"}, {"date": "2019-03-01", "country": "Germany", "value": "735", "unit": "kg"}, {"date": "2019-04-01", "country": "Germany", "value": "601", "unit": "kg"}, {"date": "2019-05-01", "country": "Germany", "value": "1420", "unit": "kg"}, {"date": "2019-06-01", "country": "Germany", "value": "1870", "unit": "kg"}, {"date": "2019-07-01", "country": "Germany", "value": "664", "unit": "kg"}, {"date": "2019-08-01", "country": "Germany", "value": "435", "unit": "kg"}, {"date": "2019-09-01", "country": "Germany", "value": "778", "unit": "kg"}, {"date": "2019-10-01", "country": "Germany", "value": "888", "unit": "kg"}, {"date": "2019-11-01", "country": "Germany", "value": "1046", "unit": "kg"}, {"date": "2019-12-01", "country": "Germany", "value": "1714", "unit": "kg"}, {"date": "2020-01-01", "country": "Germany", "value": "1167", "unit": "kg"}, {"date": "2020-02-01", "country": "Germany", "value": "686", "unit": "kg"}, {"date": "2020-03-01", "country": "Germany", "value": "1769", "unit": "kg"}, {"date": "2018-10-01", "country": "United Kingdom", "value": "1340", "unit": "kg"}, {"date": "2018-11-01", "country": "United Kingdom", "value": "607", "unit": "kg"}, {"date": "2018-12-01", "country": "United Kingdom", "value": "0", "unit": "kg"}, {"date": "2019-01-01", "country": "United Kingdom", "value": "1353", "unit": "kg"}, {"date": "2019-02-01", "country": "United Kingdom", "value": "334", "unit": "kg"}, {"date": "2019-03-01", "country": "United Kingdom", "value": "766", "unit": "kg"}, {"date": "2019-04-01", "country": "United Kingdom", "value": "530", "unit": "kg"}, {"date": "2019-05-01", "country": "United Kingdom", "value": "786", "unit": "kg"}, {"date": "2019-06-01", "country": "United Kingdom", "value": "1279", "unit": "kg"}, {"date": "2019-07-01", "country": "United Kingdom", "value": "272", "unit": "kg"}, {"date": "2019-08-01", "country": "United Kingdom", "value": "0", "unit": "kg"}, {"date": "2019-09-01", "country": "United Kingdom", "value": "820", "unit": "kg"}, {"date": "2019-10-01", "country": "United Kingdom", "value": "721", "unit": "kg"}, {"date": "2019-11-01", "country": "United Kingdom", "value": "1240", "unit": "kg"}, {"date": "2019-12-01", "country": "United Kingdom", "value": "0", "unit": "kg"}, {"date": "2020-01-01", "country": "United Kingdom", "value": "3117", "unit": "kg"}, {"date": "2020-02-01", "country": "United Kingdom", "value": "594", "unit": "kg"}, {"date": "2020-03-01", "country": "United Kingdom", "value": "3880", "unit": "kg"}, {"date": "2018-10-01", "country": "France", "value": "0", "unit": "kg"}, {"date": "2018-11-01", "country": "France", "value": "0", "unit": "kg"}, {"date": "2018-12-01", "country": "France", "value": "0", "unit": "kg"}, {"date": "2019-01-01", "country": "France", "value": "0", "unit": "kg"}, {"date": "2019-02-01", "country": "France", "value": "0", "unit": "kg"}, {"date": "2019-03-01", "country": "France", "value": "0", "unit": "kg"}, {"date": "2019-04-01", "country": "France", "value": "0", "unit": "kg"}, {"date": "2019-05-01", "country": "France", "value": "0", "unit": "kg"}, {"date": "2019-06-01", "country": "France", "value": "0", "unit": "kg"}, {"date": "2019-07-01", "country": "France", "value": "0", "unit": "kg"}, {"date": "2019-08-01", "country": "France", "value": "0", "unit": "kg"}, {"date": "2019-09-01", "country": "France", "value": "0", "unit": "kg"}, {"date": "2019-10-01", "country": "France", "value": "0", "unit": "kg"}, {"date": "2019-11-01", "country": "France", "value": "0", "unit": "kg"}, {"date": "2019-12-01", "country": "France", "value": "0", "unit": "kg"}, {"date": "2020-01-01", "country": "France", "value": "0", "unit": "kg"}, {"date": "2020-02-01", "country": "France", "value": "0", "unit": "kg"}, {"date": "2020-03-01", "country": "France", "value": "0", "unit": "kg"}, {"date": "2018-10-01", "country": "Macedonia, North", "value": "0", "unit": "kg"}, {"date": "2018-11-01", "country": "Macedonia, North", "value": "0", "unit": "kg"}, {"date": "2018-12-01", "country": "Macedonia, North", "value": "0", "unit": "kg"}, {"date": "2019-01-01", "country": "Macedonia, North", "value": "0", "unit": "kg"}, {"date": "2019-02-01", "country": "Macedonia, North", "value": "0", "unit": "kg"}, {"date": "2019-03-01", "country": "Macedonia, North", "value": "0", "unit": "kg"}, {"date": "2019-04-01", "country": "Macedonia, North", "value": "0", "unit": "kg"}, {"date": "2019-05-01", "country": "Macedonia, North", "value": "0", "unit": "kg"}, {"date": "2019-06-01", "country": "Macedonia, North", "value": "0", "unit": "kg"}, {"date": "2019-07-01", "country": "Macedonia, North", "value": "0", "unit": "kg"}, {"date": "2019-08-01", "country": "Macedonia, North", "value": "0", "unit": "kg"}, {"date": "2019-09-01", "country": "Macedonia, North", "value": "0", "unit": "kg"}, {"date": "2019-10-01", "country": "Macedonia, North", "value": "0", "unit": "kg"}, {"date": "2019-11-01", "country": "Macedonia, North", "value": "0", "unit": "kg"}, {"date": "2019-12-01", "country": "Macedonia, North", "value": "0", "unit": "kg"}, {"date": "2020-01-01", "country": "Macedonia, North", "value": "0", "unit": "kg"}, {"date": "2020-02-01", "country": "Macedonia, North", "value": "0", "unit": "kg"}, {"date": "2020-03-01", "country": "Macedonia, North", "value": "0", "unit": "kg"}, {"date": "2018-10-01", "country": "United Arab Emirates", "value": "0", "unit": "kg"}, {"date": "2018-11-01", "country": "United Arab Emirates", "value": "0", "unit": "kg"}, {"date": "2018-12-01", "country": "United Arab Emirates", "value": "0", "unit": "kg"}, {"date": "2019-01-01", "country": "United Arab Emirates", "value": "0", "unit": "kg"}, {"date": "2019-02-01", "country": "United Arab Emirates", "value": "0", "unit": "kg"}, {"date": "2019-03-01", "country": "United Arab Emirates", "value": "0", "unit": "kg"}, {"date": "2019-04-01", "country": "United Arab Emirates", "value": "0", "unit": "kg"}, {"date": "2019-05-01", "country": "United Arab Emirates", "value": "0", "unit": "kg"}, {"date": "2019-06-01", "country": "United Arab Emirates", "value": "0", "unit": "kg"}, {"date": "2019-07-01", "country": "United Arab Emirates", "value": "0", "unit": "kg"}, {"date": "2019-08-01", "country": "United Arab Emirates", "value": "0", "unit": "kg"}, {"date": "2019-09-01", "country": "United Arab Emirates", "value": "0", "unit": "kg"}, {"date": "2019-10-01", "country": "United Arab Emirates", "value": "0", "unit": "kg"}, {"date": "2019-11-01", "country": "United Arab Emirates", "value": "0", "unit": "kg"}, {"date": "2019-12-01", "country": "United Arab Emirates", "value": "300", "unit": "kg"}, {"date": "2020-01-01", "country": "United Arab Emirates", "value": "0", "unit": "kg"}, {"date": "2020-02-01", "country": "United Arab Emirates", "value": "0", "unit": "kg"}, {"date": "2020-03-01", "country": "United Arab Emirates", "value": "0", "unit": "kg"}, {"date": "2018-10-01", "country": "Greece", "value": "0", "unit": "kg"}, {"date": "2018-11-01", "country": "Greece", "value": "2000", "unit": "kg"}, {"date": "2018-12-01", "country": "Greece", "value": "114620", "unit": "kg"}, {"date": "2019-01-01", "country": "Greece", "value": "0", "unit": "kg"}, {"date": "2019-02-01", "country": "Greece", "value": "0", "unit": "kg"}, {"date": "2019-03-01", "country": "Greece", "value": "0", "unit": "kg"}, {"date": "2019-04-01", "country": "Greece", "value": "0", "unit": "kg"}, {"date": "2019-05-01", "country": "Greece", "value": "0", "unit": "kg"}, {"date": "2019-06-01", "country": "Greece", "value": "0", "unit": "kg"}, {"date": "2019-07-01", "country": "Greece", "value": "0", "unit": "kg"}, {"date": "2019-08-01", "country": "Greece", "value": "0", "unit": "kg"}, {"date": "2019-09-01", "country": "Greece", "value": "0", "unit": "kg"}, {"date": "2019-10-01", "country": "Greece", "value": "0", "unit": "kg"}, {"date": "2019-11-01", "country": "Greece", "value": "0", "unit": "kg"}, {"date": "2019-12-01", "country": "Greece", "value": "0", "unit": "kg"}, {"date": "2020-01-01", "country": "Greece", "value": "0", "unit": "kg"}, {"date": "2020-02-01", "country": "Greece", "value": "0", "unit": "kg"}, {"date": "2020-03-01", "country": "Greece", "value": "0", "unit": "kg"}, {"date": "2018-10-01", "country": "Netherlands", "value": "0", "unit": "kg"}, {"date": "2018-11-01", "country": "Netherlands", "value": "0", "unit": "kg"}, {"date": "2018-12-01", "country": "Netherlands", "value": "0", "unit": "kg"}, {"date": "2019-01-01", "country": "Netherlands", "value": "0", "unit": "kg"}, {"date": "2019-02-01", "country": "Netherlands", "value": "0", "unit": "kg"}, {"date": "2019-03-01", "country": "Netherlands", "value": "0", "unit": "kg"}, {"date": "2019-04-01", "country": "Netherlands", "value": "0", "unit": "kg"}, {"date": "2019-05-01", "country": "Netherlands", "value": "0", "unit": "kg"}, {"date": "2019-06-01", "country": "Netherlands", "value": "0", "unit": "kg"}, {"date": "2019-07-01", "country": "Netherlands", "value": "0", "unit": "kg"}, {"date": "2019-08-01", "country": "Netherlands", "value": "0", "unit": "kg"}, {"date": "2019-09-01", "country": "Netherlands", "value": "0", "unit": "kg"}, {"date": "2019-10-01", "country": "Netherlands", "value": "0", "unit": "kg"}, {"date": "2019-11-01", "country": "Netherlands", "value": "0", "unit": "kg"}, {"date": "2019-12-01", "country": "Netherlands", "value": "0", "unit": "kg"}, {"date": "2020-01-01", "country": "Netherlands", "value": "0", "unit": "kg"}, {"date": "2020-02-01", "country": "Netherlands", "value": "0", "unit": "kg"}, {"date": "2020-03-01", "country": "Netherlands", "value": "298", "unit": "kg"}, {"date": "2018-10-01", "country": "Belgium", "value": "0", "unit": "kg"}, {"date": "2018-11-01", "country": "Belgium", "value": "0", "unit": "kg"}, {"date": "2018-12-01", "country": "Belgium", "value": "0", "unit": "kg"}, {"date": "2019-01-01", "country": "Belgium", "value": "0", "unit": "kg"}, {"date": "2019-02-01", "country": "Belgium", "value": "0", "unit": "kg"}, {"date": "2019-03-01", "country": "Belgium", "value": "6270", "unit": "kg"}, {"date": "2019-04-01", "country": "Belgium", "value": "0", "unit": "kg"}, {"date": "2019-05-01", "country": "Belgium", "value": "0", "unit": "kg"}, {"date": "2019-06-01", "country": "Belgium", "value": "0", "unit": "kg"}, {"date": "2019-07-01", "country": "Belgium", "value": "0", "unit": "kg"}, {"date": "2019-08-01", "country": "Belgium", "value": "0", "unit": "kg"}, {"date": "2019-09-01", "country": "Belgium", "value": "0", "unit": "kg"}, {"date": "2019-10-01", "country": "Belgium", "value": "0", "unit": "kg"}, {"date": "2019-11-01", "country": "Belgium", "value": "0", "unit": "kg"}, {"date": "2019-12-01", "country": "Belgium", "value": "604", "unit": "kg"}, {"date": "2020-01-01", "country": "Belgium", "value": "0", "unit": "kg"}, {"date": "2020-02-01", "country": "Belgium", "value": "0", "unit": "kg"}, {"date": "2020-03-01", "country": "Belgium", "value": "0", "unit": "kg"}]