[{"date": "2018-11-01", "country": "C\u00c3\u00b4te d'Ivoire", "value": "0", "unit": "kg"}, {"date": "2018-12-01", "country": "C\u00c3\u00b4te d'Ivoire", "value": "0", "unit": "kg"}, {"date": "2019-01-01", "country": "C\u00c3\u00b4te d'Ivoire", "value": "0", "unit": "kg"}, {"date": "2019-02-01", "country": "C\u00c3\u00b4te d'Ivoire", "value": "0", "unit": "kg"}, {"date": "2019-03-01", "country": "C\u00c3\u00b4te d'Ivoire", "value": "0", "unit": "kg"}, {"date": "2019-04-01", "country": "C\u00c3\u00b4te d'Ivoire", "value": "0", "unit": "kg"}, {"date": "2019-05-01", "country": "C\u00c3\u00b4te d'Ivoire", "value": "0", "unit": "kg"}, {"date": "2019-06-01", "country": "C\u00c3\u00b4te d'Ivoire", "value": "0", "unit": "kg"}, {"date": "2019-07-01", "country": "C\u00c3\u00b4te d'Ivoire", "value": "0", "unit": "kg"}, {"date": "2019-08-01", "country": "C\u00c3\u00b4te d'Ivoire", "value": "0", "unit": "kg"}, {"date": "2019-09-01", "country": "C\u00c3\u00b4te d'Ivoire", "value": "0", "unit": "kg"}, {"date": "2019-10-01", "country": "C\u00c3\u00b4te d'Ivoire", "value": "0", "unit": "kg"}, {"date": "2019-11-01", "country": "C\u00c3\u00b4te d'Ivoire", "value": "0", "unit": "kg"}, {"date": "2019-12-01", "country": "C\u00c3\u00b4te d'Ivoire", "value": "0", "unit": "kg"}, {"date": "2020-01-01", "country": "C\u00c3\u00b4te d'Ivoire", "value": "0", "unit": "kg"}, {"date": "2020-02-01", "country": "C\u00c3\u00b4te d'Ivoire", "value": "0", "unit": "kg"}, {"date": "2020-03-01", "country": "C\u00c3\u00b4te d'Ivoire", "value": "0", "unit": "kg"}, {"date": "2020-04-01", "country": "C\u00c3\u00b4te d'Ivoire", "value": "0", "unit": "kg"}, {"date": "2018-11-01", "country": "Benin", "value": "0", "unit": "kg"}, {"date": "2018-12-01", "country": "Benin", "value": "0", "unit": "kg"}, {"date": "2019-01-01", "country": "Benin", "value": "0", "unit": "kg"}, {"date": "2019-02-01", "country": "Benin", "value": "0", "unit": "kg"}, {"date": "2019-03-01", "country": "Benin", "value": "0", "unit": "kg"}, {"date": "2019-04-01", "country": "Benin", "value": "0", "unit": "kg"}, {"date": "2019-05-01", "country": "Benin", "value": "0", "unit": "kg"}, {"date": "2019-06-01", "country": "Benin", "value": "0", "unit": "kg"}, {"date": "2019-07-01", "country": "Benin", "value": "0", "unit": "kg"}, {"date": "2019-08-01", "country": "Benin", "value": "0", "unit": "kg"}, {"date": "2019-09-01", "country": "Benin", "value": "0", "unit": "kg"}, {"date": "2019-10-01", "country": "Benin", "value": "0", "unit": "kg"}, {"date": "2019-11-01", "country": "Benin", "value": "0", "unit": "kg"}, {"date": "2019-12-01", "country": "Benin", "value": "0", "unit": "kg"}, {"date": "2020-01-01", "country": "Benin", "value": "0", "unit": "kg"}, {"date": "2020-02-01", "country": "Benin", "value": "0", "unit": "kg"}, {"date": "2020-03-01", "country": "Benin", "value": "0", "unit": "kg"}, {"date": "2020-04-01", "country": "Benin", "value": "0", "unit": "kg"}, {"date": "2018-11-01", "country": "Niger", "value": "0", "unit": "kg"}, {"date": "2018-12-01", "country": "Niger", "value": "0", "unit": "kg"}, {"date": "2019-01-01", "country": "Niger", "value": "0", "unit": "kg"}, {"date": "2019-02-01", "country": "Niger", "value": "0", "unit": "kg"}, {"date": "2019-03-01", "country": "Niger", "value": "0", "unit": "kg"}, {"date": "2019-04-01", "country": "Niger", "value": "0", "unit": "kg"}, {"date": "2019-05-01", "country": "Niger", "value": "0", "unit": "kg"}, {"date": "2019-06-01", "country": "Niger", "value": "0", "unit": "kg"}, {"date": "2019-07-01", "country": "Niger", "value": "0", "unit": "kg"}, {"date": "2019-08-01", "country": "Niger", "value": "0", "unit": "kg"}, {"date": "2019-09-01", "country": "Niger", "value": "0", "unit": "kg"}, {"date": "2019-10-01", "country": "Niger", "value": "0", "unit": "kg"}, {"date": "2019-11-01", "country": "Niger", "value": "0", "unit": "kg"}, {"date": "2019-12-01", "country": "Niger", "value": "0", "unit": "kg"}, {"date": "2020-01-01", "country": "Niger", "value": "0", "unit": "kg"}, {"date": "2020-02-01", "country": "Niger", "value": "0", "unit": "kg"}, {"date": "2020-03-01", "country": "Niger", "value": "0", "unit": "kg"}, {"date": "2020-04-01", "country": "Niger", "value": "0", "unit": "kg"}, {"date": "2018-11-01", "country": "Senegal", "value": "0", "unit": "kg"}, {"date": "2018-12-01", "country": "Senegal", "value": "0", "unit": "kg"}, {"date": "2019-01-01", "country": "Senegal", "value": "0", "unit": "kg"}, {"date": "2019-02-01", "country": "Senegal", "value": "0", "unit": "kg"}, {"date": "2019-03-01", "country": "Senegal", "value": "0", "unit": "kg"}, {"date": "2019-04-01", "country": "Senegal", "value": "0", "unit": "kg"}, {"date": "2019-05-01", "country": "Senegal", "value": "40000", "unit": "kg"}, {"date": "2019-06-01", "country": "Senegal", "value": "120000", "unit": "kg"}, {"date": "2019-07-01", "country": "Senegal", "value": "0", "unit": "kg"}, {"date": "2019-08-01", "country": "Senegal", "value": "0", "unit": "kg"}, {"date": "2019-09-01", "country": "Senegal", "value": "0", "unit": "kg"}, {"date": "2019-10-01", "country": "Senegal", "value": "0", "unit": "kg"}, {"date": "2019-11-01", "country": "Senegal", "value": "0", "unit": "kg"}, {"date": "2019-12-01", "country": "Senegal", "value": "0", "unit": "kg"}, {"date": "2020-01-01", "country": "Senegal", "value": "0", "unit": "kg"}, {"date": "2020-02-01", "country": "Senegal", "value": "0", "unit": "kg"}, {"date": "2020-03-01", "country": "Senegal", "value": "0", "unit": "kg"}, {"date": "2020-04-01", "country": "Senegal", "value": "0", "unit": "kg"}, {"date": "2018-11-01", "country": "Sierra Leone", "value": "0", "unit": "kg"}, {"date": "2018-12-01", "country": "Sierra Leone", "value": "0", "unit": "kg"}, {"date": "2019-01-01", "country": "Sierra Leone", "value": "0", "unit": "kg"}, {"date": "2019-02-01", "country": "Sierra Leone", "value": "0", "unit": "kg"}, {"date": "2019-03-01", "country": "Sierra Leone", "value": "0", "unit": "kg"}, {"date": "2019-04-01", "country": "Sierra Leone", "value": "0", "unit": "kg"}, {"date": "2019-05-01", "country": "Sierra Leone", "value": "230360", "unit": "kg"}, {"date": "2019-06-01", "country": "Sierra Leone", "value": "0", "unit": "kg"}, {"date": "2019-07-01", "country": "Sierra Leone", "value": "0", "unit": "kg"}, {"date": "2019-08-01", "country": "Sierra Leone", "value": "0", "unit": "kg"}, {"date": "2019-09-01", "country": "Sierra Leone", "value": "0", "unit": "kg"}, {"date": "2019-10-01", "country": "Sierra Leone", "value": "0", "unit": "kg"}, {"date": "2019-11-01", "country": "Sierra Leone", "value": "0", "unit": "kg"}, {"date": "2019-12-01", "country": "Sierra Leone", "value": "0", "unit": "kg"}, {"date": "2020-01-01", "country": "Sierra Leone", "value": "0", "unit": "kg"}, {"date": "2020-02-01", "country": "Sierra Leone", "value": "0", "unit": "kg"}, {"date": "2020-03-01", "country": "Sierra Leone", "value": "0", "unit": "kg"}, {"date": "2020-04-01", "country": "Sierra Leone", "value": "0", "unit": "kg"}]