[{"date": "2018-10-01", "country": "Poland", "value": "0", "unit": "kg"}, {"date": "2018-11-01", "country": "Poland", "value": "0", "unit": "kg"}, {"date": "2018-12-01", "country": "Poland", "value": "0", "unit": "kg"}, {"date": "2019-01-01", "country": "Poland", "value": "0", "unit": "kg"}, {"date": "2019-02-01", "country": "Poland", "value": "0", "unit": "kg"}, {"date": "2019-03-01", "country": "Poland", "value": "0", "unit": "kg"}, {"date": "2019-04-01", "country": "Poland", "value": "0", "unit": "kg"}, {"date": "2019-05-01", "country": "Poland", "value": "0", "unit": "kg"}, {"date": "2019-06-01", "country": "Poland", "value": "0", "unit": "kg"}, {"date": "2019-07-01", "country": "Poland", "value": "95120", "unit": "kg"}, {"date": "2019-08-01", "country": "Poland", "value": "0", "unit": "kg"}, {"date": "2019-09-01", "country": "Poland", "value": "0", "unit": "kg"}, {"date": "2019-10-01", "country": "Poland", "value": "0", "unit": "kg"}, {"date": "2019-11-01", "country": "Poland", "value": "25040", "unit": "kg"}, {"date": "2019-12-01", "country": "Poland", "value": "23820", "unit": "kg"}, {"date": "2020-01-01", "country": "Poland", "value": "25740", "unit": "kg"}, {"date": "2020-02-01", "country": "Poland", "value": "0", "unit": "kg"}, {"date": "2020-03-01", "country": "Poland", "value": "70200", "unit": "kg"}, {"date": "2018-10-01", "country": "Romania", "value": "0", "unit": "kg"}, {"date": "2018-11-01", "country": "Romania", "value": "0", "unit": "kg"}, {"date": "2018-12-01", "country": "Romania", "value": "0", "unit": "kg"}, {"date": "2019-01-01", "country": "Romania", "value": "0", "unit": "kg"}, {"date": "2019-02-01", "country": "Romania", "value": "0", "unit": "kg"}, {"date": "2019-03-01", "country": "Romania", "value": "0", "unit": "kg"}, {"date": "2019-04-01", "country": "Romania", "value": "500", "unit": "kg"}, {"date": "2019-05-01", "country": "Romania", "value": "0", "unit": "kg"}, {"date": "2019-06-01", "country": "Romania", "value": "0", "unit": "kg"}, {"date": "2019-07-01", "country": "Romania", "value": "0", "unit": "kg"}, {"date": "2019-08-01", "country": "Romania", "value": "0", "unit": "kg"}, {"date": "2019-09-01", "country": "Romania", "value": "0", "unit": "kg"}, {"date": "2019-10-01", "country": "Romania", "value": "0", "unit": "kg"}, {"date": "2019-11-01", "country": "Romania", "value": "0", "unit": "kg"}, {"date": "2019-12-01", "country": "Romania", "value": "0", "unit": "kg"}, {"date": "2020-01-01", "country": "Romania", "value": "0", "unit": "kg"}, {"date": "2020-02-01", "country": "Romania", "value": "0", "unit": "kg"}, {"date": "2020-03-01", "country": "Romania", "value": "0", "unit": "kg"}, {"date": "2018-10-01", "country": "Serbia", "value": "0", "unit": "kg"}, {"date": "2018-11-01", "country": "Serbia", "value": "6400", "unit": "kg"}, {"date": "2018-12-01", "country": "Serbia", "value": "0", "unit": "kg"}, {"date": "2019-01-01", "country": "Serbia", "value": "0", "unit": "kg"}, {"date": "2019-02-01", "country": "Serbia", "value": "0", "unit": "kg"}, {"date": "2019-03-01", "country": "Serbia", "value": "0", "unit": "kg"}, {"date": "2019-04-01", "country": "Serbia", "value": "0", "unit": "kg"}, {"date": "2019-05-01", "country": "Serbia", "value": "0", "unit": "kg"}, {"date": "2019-06-01", "country": "Serbia", "value": "0", "unit": "kg"}, {"date": "2019-07-01", "country": "Serbia", "value": "25300", "unit": "kg"}, {"date": "2019-08-01", "country": "Serbia", "value": "0", "unit": "kg"}, {"date": "2019-09-01", "country": "Serbia", "value": "0", "unit": "kg"}, {"date": "2019-10-01", "country": "Serbia", "value": "0", "unit": "kg"}, {"date": "2019-11-01", "country": "Serbia", "value": "0", "unit": "kg"}, {"date": "2019-12-01", "country": "Serbia", "value": "0", "unit": "kg"}, {"date": "2020-01-01", "country": "Serbia", "value": "0", "unit": "kg"}, {"date": "2020-02-01", "country": "Serbia", "value": "0", "unit": "kg"}, {"date": "2020-03-01", "country": "Serbia", "value": "0", "unit": "kg"}, {"date": "2018-10-01", "country": "Germany", "value": "0", "unit": "kg"}, {"date": "2018-11-01", "country": "Germany", "value": "0", "unit": "kg"}, {"date": "2018-12-01", "country": "Germany", "value": "0", "unit": "kg"}, {"date": "2019-01-01", "country": "Germany", "value": "0", "unit": "kg"}, {"date": "2019-02-01", "country": "Germany", "value": "25300", "unit": "kg"}, {"date": "2019-03-01", "country": "Germany", "value": "23560", "unit": "kg"}, {"date": "2019-04-01", "country": "Germany", "value": "0", "unit": "kg"}, {"date": "2019-05-01", "country": "Germany", "value": "8800", "unit": "kg"}, {"date": "2019-06-01", "country": "Germany", "value": "0", "unit": "kg"}, {"date": "2019-07-01", "country": "Germany", "value": "0", "unit": "kg"}, {"date": "2019-08-01", "country": "Germany", "value": "24080", "unit": "kg"}, {"date": "2019-09-01", "country": "Germany", "value": "0", "unit": "kg"}, {"date": "2019-10-01", "country": "Germany", "value": "0", "unit": "kg"}, {"date": "2019-11-01", "country": "Germany", "value": "0", "unit": "kg"}, {"date": "2019-12-01", "country": "Germany", "value": "0", "unit": "kg"}, {"date": "2020-01-01", "country": "Germany", "value": "0", "unit": "kg"}, {"date": "2020-02-01", "country": "Germany", "value": "0", "unit": "kg"}, {"date": "2020-03-01", "country": "Germany", "value": "0", "unit": "kg"}]