[{"date": "2018-11-01", "country": "Russian Federation", "value": "36307", "unit": "kg"}, {"date": "2018-12-01", "country": "Russian Federation", "value": "19960", "unit": "kg"}, {"date": "2019-01-01", "country": "Russian Federation", "value": "16567", "unit": "kg"}, {"date": "2019-02-01", "country": "Russian Federation", "value": "8170", "unit": "kg"}, {"date": "2019-03-01", "country": "Russian Federation", "value": "36998", "unit": "kg"}, {"date": "2019-04-01", "country": "Russian Federation", "value": "12900", "unit": "kg"}, {"date": "2019-05-01", "country": "Russian Federation", "value": "10424", "unit": "kg"}, {"date": "2019-06-01", "country": "Russian Federation", "value": "3464", "unit": "kg"}, {"date": "2019-07-01", "country": "Russian Federation", "value": "0", "unit": "kg"}, {"date": "2019-08-01", "country": "Russian Federation", "value": "4627", "unit": "kg"}, {"date": "2019-09-01", "country": "Russian Federation", "value": "434", "unit": "kg"}, {"date": "2019-10-01", "country": "Russian Federation", "value": "6545", "unit": "kg"}, {"date": "2019-11-01", "country": "Russian Federation", "value": "117886", "unit": "kg"}, {"date": "2019-12-01", "country": "Russian Federation", "value": "4370", "unit": "kg"}, {"date": "2020-01-01", "country": "Russian Federation", "value": "0", "unit": "kg"}, {"date": "2020-02-01", "country": "Russian Federation", "value": "487", "unit": "kg"}, {"date": "2020-03-01", "country": "Russian Federation", "value": "384", "unit": "kg"}, {"date": "2020-04-01", "country": "Russian Federation", "value": "84225", "unit": "kg"}, {"date": "2018-11-01", "country": "United States of America", "value": "0", "unit": "kg"}, {"date": "2018-12-01", "country": "United States of America", "value": "0", "unit": "kg"}, {"date": "2019-01-01", "country": "United States of America", "value": "0", "unit": "kg"}, {"date": "2019-02-01", "country": "United States of America", "value": "0", "unit": "kg"}, {"date": "2019-03-01", "country": "United States of America", "value": "0", "unit": "kg"}, {"date": "2019-04-01", "country": "United States of America", "value": "0", "unit": "kg"}, {"date": "2019-05-01", "country": "United States of America", "value": "6500", "unit": "kg"}, {"date": "2019-06-01", "country": "United States of America", "value": "0", "unit": "kg"}, {"date": "2019-07-01", "country": "United States of America", "value": "0", "unit": "kg"}, {"date": "2019-08-01", "country": "United States of America", "value": "0", "unit": "kg"}, {"date": "2019-09-01", "country": "United States of America", "value": "0", "unit": "kg"}, {"date": "2019-10-01", "country": "United States of America", "value": "0", "unit": "kg"}, {"date": "2019-11-01", "country": "United States of America", "value": "0", "unit": "kg"}, {"date": "2019-12-01", "country": "United States of America", "value": "0", "unit": "kg"}, {"date": "2020-01-01", "country": "United States of America", "value": "0", "unit": "kg"}, {"date": "2020-02-01", "country": "United States of America", "value": "0", "unit": "kg"}, {"date": "2020-03-01", "country": "United States of America", "value": "0", "unit": "kg"}, {"date": "2020-04-01", "country": "United States of America", "value": "0", "unit": "kg"}, {"date": "2018-11-01", "country": "Uzbekistan", "value": "668675", "unit": "kg"}, {"date": "2018-12-01", "country": "Uzbekistan", "value": "917426", "unit": "kg"}, {"date": "2019-01-01", "country": "Uzbekistan", "value": "1143537", "unit": "kg"}, {"date": "2019-02-01", "country": "Uzbekistan", "value": "1199880", "unit": "kg"}, {"date": "2019-03-01", "country": "Uzbekistan", "value": "964164", "unit": "kg"}, {"date": "2019-04-01", "country": "Uzbekistan", "value": "1363179", "unit": "kg"}, {"date": "2019-05-01", "country": "Uzbekistan", "value": "782807", "unit": "kg"}, {"date": "2019-06-01", "country": "Uzbekistan", "value": "474671", "unit": "kg"}, {"date": "2019-07-01", "country": "Uzbekistan", "value": "832667", "unit": "kg"}, {"date": "2019-08-01", "country": "Uzbekistan", "value": "902475", "unit": "kg"}, {"date": "2019-09-01", "country": "Uzbekistan", "value": "3192214", "unit": "kg"}, {"date": "2019-10-01", "country": "Uzbekistan", "value": "0", "unit": "kg"}, {"date": "2019-11-01", "country": "Uzbekistan", "value": "0", "unit": "kg"}, {"date": "2019-12-01", "country": "Uzbekistan", "value": "23933", "unit": "kg"}, {"date": "2020-01-01", "country": "Uzbekistan", "value": "0", "unit": "kg"}, {"date": "2020-02-01", "country": "Uzbekistan", "value": "24000", "unit": "kg"}, {"date": "2020-03-01", "country": "Uzbekistan", "value": "64888", "unit": "kg"}, {"date": "2020-04-01", "country": "Uzbekistan", "value": "0", "unit": "kg"}, {"date": "2018-11-01", "country": "Afghanistan", "value": "0", "unit": "kg"}, {"date": "2018-12-01", "country": "Afghanistan", "value": "0", "unit": "kg"}, {"date": "2019-01-01", "country": "Afghanistan", "value": "0", "unit": "kg"}, {"date": "2019-02-01", "country": "Afghanistan", "value": "0", "unit": "kg"}, {"date": "2019-03-01", "country": "Afghanistan", "value": "0", "unit": "kg"}, {"date": "2019-04-01", "country": "Afghanistan", "value": "0", "unit": "kg"}, {"date": "2019-05-01", "country": "Afghanistan", "value": "0", "unit": "kg"}, {"date": "2019-06-01", "country": "Afghanistan", "value": "0", "unit": "kg"}, {"date": "2019-07-01", "country": "Afghanistan", "value": "0", "unit": "kg"}, {"date": "2019-08-01", "country": "Afghanistan", "value": "0", "unit": "kg"}, {"date": "2019-09-01", "country": "Afghanistan", "value": "0", "unit": "kg"}, {"date": "2019-10-01", "country": "Afghanistan", "value": "0", "unit": "kg"}, {"date": "2019-11-01", "country": "Afghanistan", "value": "0", "unit": "kg"}, {"date": "2019-12-01", "country": "Afghanistan", "value": "46000", "unit": "kg"}, {"date": "2020-01-01", "country": "Afghanistan", "value": "42500", "unit": "kg"}, {"date": "2020-02-01", "country": "Afghanistan", "value": "92000", "unit": "kg"}, {"date": "2020-03-01", "country": "Afghanistan", "value": "0", "unit": "kg"}, {"date": "2020-04-01", "country": "Afghanistan", "value": "136000", "unit": "kg"}, {"date": "2018-11-01", "country": "Belarus", "value": "0", "unit": "kg"}, {"date": "2018-12-01", "country": "Belarus", "value": "0", "unit": "kg"}, {"date": "2019-01-01", "country": "Belarus", "value": "0", "unit": "kg"}, {"date": "2019-02-01", "country": "Belarus", "value": "0", "unit": "kg"}, {"date": "2019-03-01", "country": "Belarus", "value": "0", "unit": "kg"}, {"date": "2019-04-01", "country": "Belarus", "value": "0", "unit": "kg"}, {"date": "2019-05-01", "country": "Belarus", "value": "0", "unit": "kg"}, {"date": "2019-06-01", "country": "Belarus", "value": "0", "unit": "kg"}, {"date": "2019-07-01", "country": "Belarus", "value": "0", "unit": "kg"}, {"date": "2019-08-01", "country": "Belarus", "value": "0", "unit": "kg"}, {"date": "2019-09-01", "country": "Belarus", "value": "0", "unit": "kg"}, {"date": "2019-10-01", "country": "Belarus", "value": "0", "unit": "kg"}, {"date": "2019-11-01", "country": "Belarus", "value": "1000", "unit": "kg"}, {"date": "2019-12-01", "country": "Belarus", "value": "0", "unit": "kg"}, {"date": "2020-01-01", "country": "Belarus", "value": "0", "unit": "kg"}, {"date": "2020-02-01", "country": "Belarus", "value": "0", "unit": "kg"}, {"date": "2020-03-01", "country": "Belarus", "value": "0", "unit": "kg"}, {"date": "2020-04-01", "country": "Belarus", "value": "0", "unit": "kg"}]