[{"date": "2018-11-01", "country_from": "GY", "country_to": "PT", "value": "23628", "unit": "kg"}, {"date": "2018-12-01", "country_from": "GY", "country_to": "PT", "value": "75000", "unit": "kg"}, {"date": "2019-01-01", "country_from": "GY", "country_to": "PT", "value": "1133", "unit": "kg"}, {"date": "2019-02-01", "country_from": "GY", "country_to": "PT", "value": "1384", "unit": "kg"}, {"date": "2019-03-01", "country_from": "GY", "country_to": "PT", "value": "0", "unit": "kg"}, {"date": "2019-04-01", "country_from": "GY", "country_to": "PT", "value": "0", "unit": "kg"}, {"date": "2019-05-01", "country_from": "GY", "country_to": "PT", "value": "6463501", "unit": "kg"}, {"date": "2019-06-01", "country_from": "GY", "country_to": "PT", "value": "0", "unit": "kg"}, {"date": "2019-07-01", "country_from": "GY", "country_to": "PT", "value": "0", "unit": "kg"}, {"date": "2019-08-01", "country_from": "GY", "country_to": "PT", "value": "0", "unit": "kg"}, {"date": "2019-09-01", "country_from": "GY", "country_to": "PT", "value": "1500000", "unit": "kg"}, {"date": "2019-10-01", "country_from": "GY", "country_to": "PT", "value": "511825", "unit": "kg"}, {"date": "2019-11-01", "country_from": "GY", "country_to": "PT", "value": "6300000", "unit": "kg"}, {"date": "2019-12-01", "country_from": "GY", "country_to": "PT", "value": "6000000", "unit": "kg"}, {"date": "2020-01-01", "country_from": "GY", "country_to": "PT", "value": "0", "unit": "kg"}, {"date": "2020-02-01", "country_from": "GY", "country_to": "PT", "value": "2800000", "unit": "kg"}, {"date": "2020-03-01", "country_from": "GY", "country_to": "PT", "value": "19600000", "unit": "kg"}, {"date": "2020-04-01", "country_from": "GY", "country_to": "PT", "value": "2050000", "unit": "kg"}, {"date": "2020-05-01", "country_from": "GY", "country_to": "PT", "value": "7350000", "unit": "kg"}, {"date": "2020-06-01", "country_from": "GY", "country_to": "PT", "value": "8198585", "unit": "kg"}, {"date": "2018-11-01", "country_from": "GY", "country_to": "NL", "value": "603437", "unit": "kg"}, {"date": "2018-12-01", "country_from": "GY", "country_to": "NL", "value": "840070", "unit": "kg"}, {"date": "2019-01-01", "country_from": "GY", "country_to": "NL", "value": "1204165", "unit": "kg"}, {"date": "2019-02-01", "country_from": "GY", "country_to": "NL", "value": "577539", "unit": "kg"}, {"date": "2019-03-01", "country_from": "GY", "country_to": "NL", "value": "325", "unit": "kg"}, {"date": "2019-04-01", "country_from": "GY", "country_to": "NL", "value": "956990", "unit": "kg"}, {"date": "2019-05-01", "country_from": "GY", "country_to": "NL", "value": "2411280", "unit": "kg"}, {"date": "2019-06-01", "country_from": "GY", "country_to": "NL", "value": "733660", "unit": "kg"}, {"date": "2019-07-01", "country_from": "GY", "country_to": "NL", "value": "0", "unit": "kg"}, {"date": "2019-08-01", "country_from": "GY", "country_to": "NL", "value": "0", "unit": "kg"}, {"date": "2019-09-01", "country_from": "GY", "country_to": "NL", "value": "1718200", "unit": "kg"}, {"date": "2019-10-01", "country_from": "GY", "country_to": "NL", "value": "2422815", "unit": "kg"}, {"date": "2019-11-01", "country_from": "GY", "country_to": "NL", "value": "675000", "unit": "kg"}, {"date": "2019-12-01", "country_from": "GY", "country_to": "NL", "value": "1307560", "unit": "kg"}, {"date": "2020-01-01", "country_from": "GY", "country_to": "NL", "value": "2014005", "unit": "kg"}, {"date": "2020-02-01", "country_from": "GY", "country_to": "NL", "value": "505215", "unit": "kg"}, {"date": "2020-03-01", "country_from": "GY", "country_to": "NL", "value": "0", "unit": "kg"}, {"date": "2020-04-01", "country_from": "GY", "country_to": "NL", "value": "3702240", "unit": "kg"}, {"date": "2020-05-01", "country_from": "GY", "country_to": "NL", "value": "1006305", "unit": "kg"}, {"date": "2020-06-01", "country_from": "GY", "country_to": "NL", "value": "3500000", "unit": "kg"}, {"date": "2018-11-01", "country_from": "GY", "country_to": "GB", "value": "0", "unit": "kg"}, {"date": "2018-12-01", "country_from": "GY", "country_to": "GB", "value": "0", "unit": "kg"}, {"date": "2019-01-01", "country_from": "GY", "country_to": "GB", "value": "0", "unit": "kg"}, {"date": "2019-02-01", "country_from": "GY", "country_to": "GB", "value": "0", "unit": "kg"}, {"date": "2019-03-01", "country_from": "GY", "country_to": "GB", "value": "0", "unit": "kg"}, {"date": "2019-04-01", "country_from": "GY", "country_to": "GB", "value": "251300", "unit": "kg"}, {"date": "2019-05-01", "country_from": "GY", "country_to": "GB", "value": "125630", "unit": "kg"}, {"date": "2019-06-01", "country_from": "GY", "country_to": "GB", "value": "0", "unit": "kg"}, {"date": "2019-07-01", "country_from": "GY", "country_to": "GB", "value": "0", "unit": "kg"}, {"date": "2019-08-01", "country_from": "GY", "country_to": "GB", "value": "0", "unit": "kg"}, {"date": "2019-09-01", "country_from": "GY", "country_to": "GB", "value": "605335", "unit": "kg"}, {"date": "2019-10-01", "country_from": "GY", "country_to": "GB", "value": "1500050", "unit": "kg"}, {"date": "2019-11-01", "country_from": "GY", "country_to": "GB", "value": "400000", "unit": "kg"}, {"date": "2019-12-01", "country_from": "GY", "country_to": "GB", "value": "0", "unit": "kg"}, {"date": "2020-01-01", "country_from": "GY", "country_to": "GB", "value": "0", "unit": "kg"}, {"date": "2020-02-01", "country_from": "GY", "country_to": "GB", "value": "555935", "unit": "kg"}, {"date": "2020-03-01", "country_from": "GY", "country_to": "GB", "value": "6500000", "unit": "kg"}, {"date": "2020-04-01", "country_from": "GY", "country_to": "GB", "value": "575000", "unit": "kg"}, {"date": "2020-05-01", "country_from": "GY", "country_to": "GB", "value": "8503073", "unit": "kg"}, {"date": "2020-06-01", "country_from": "GY", "country_to": "GB", "value": "500000", "unit": "kg"}, {"date": "2018-11-01", "country_from": "GY", "country_to": "PL", "value": "125195", "unit": "kg"}, {"date": "2018-12-01", "country_from": "GY", "country_to": "PL", "value": "0", "unit": "kg"}, {"date": "2019-01-01", "country_from": "GY", "country_to": "PL", "value": "49980", "unit": "kg"}, {"date": "2019-02-01", "country_from": "GY", "country_to": "PL", "value": "303130", "unit": "kg"}, {"date": "2019-03-01", "country_from": "GY", "country_to": "PL", "value": "628760", "unit": "kg"}, {"date": "2019-04-01", "country_from": "GY", "country_to": "PL", "value": "858010", "unit": "kg"}, {"date": "2019-05-01", "country_from": "GY", "country_to": "PL", "value": "957780", "unit": "kg"}, {"date": "2019-06-01", "country_from": "GY", "country_to": "PL", "value": "20000", "unit": "kg"}, {"date": "2019-07-01", "country_from": "GY", "country_to": "PL", "value": "0", "unit": "kg"}, {"date": "2019-08-01", "country_from": "GY", "country_to": "PL", "value": "0", "unit": "kg"}, {"date": "2019-09-01", "country_from": "GY", "country_to": "PL", "value": "503905", "unit": "kg"}, {"date": "2019-10-01", "country_from": "GY", "country_to": "PL", "value": "125", "unit": "kg"}, {"date": "2019-11-01", "country_from": "GY", "country_to": "PL", "value": "505020", "unit": "kg"}, {"date": "2019-12-01", "country_from": "GY", "country_to": "PL", "value": "1010505", "unit": "kg"}, {"date": "2020-01-01", "country_from": "GY", "country_to": "PL", "value": "0", "unit": "kg"}, {"date": "2020-02-01", "country_from": "GY", "country_to": "PL", "value": "504905", "unit": "kg"}, {"date": "2020-03-01", "country_from": "GY", "country_to": "PL", "value": "0", "unit": "kg"}, {"date": "2020-04-01", "country_from": "GY", "country_to": "PL", "value": "4003005", "unit": "kg"}, {"date": "2020-05-01", "country_from": "GY", "country_to": "PL", "value": "2705120", "unit": "kg"}, {"date": "2020-06-01", "country_from": "GY", "country_to": "PL", "value": "500000", "unit": "kg"}, {"date": "2018-11-01", "country_from": "GY", "country_to": "ES", "value": "654360", "unit": "kg"}, {"date": "2018-12-01", "country_from": "GY", "country_to": "ES", "value": "518560", "unit": "kg"}, {"date": "2019-01-01", "country_from": "GY", "country_to": "ES", "value": "0", "unit": "kg"}, {"date": "2019-02-01", "country_from": "GY", "country_to": "ES", "value": "0", "unit": "kg"}, {"date": "2019-03-01", "country_from": "GY", "country_to": "ES", "value": "1561", "unit": "kg"}, {"date": "2019-04-01", "country_from": "GY", "country_to": "ES", "value": "302320", "unit": "kg"}, {"date": "2019-05-01", "country_from": "GY", "country_to": "ES", "value": "10620019", "unit": "kg"}, {"date": "2019-06-01", "country_from": "GY", "country_to": "ES", "value": "245552", "unit": "kg"}, {"date": "2019-07-01", "country_from": "GY", "country_to": "ES", "value": "0", "unit": "kg"}, {"date": "2019-08-01", "country_from": "GY", "country_to": "ES", "value": "0", "unit": "kg"}, {"date": "2019-09-01", "country_from": "GY", "country_to": "ES", "value": "1100000", "unit": "kg"}, {"date": "2019-10-01", "country_from": "GY", "country_to": "ES", "value": "5146700", "unit": "kg"}, {"date": "2019-11-01", "country_from": "GY", "country_to": "ES", "value": "500100", "unit": "kg"}, {"date": "2019-12-01", "country_from": "GY", "country_to": "ES", "value": "0", "unit": "kg"}, {"date": "2020-01-01", "country_from": "GY", "country_to": "ES", "value": "0", "unit": "kg"}, {"date": "2020-02-01", "country_from": "GY", "country_to": "ES", "value": "0", "unit": "kg"}, {"date": "2020-03-01", "country_from": "GY", "country_to": "ES", "value": "500000", "unit": "kg"}, {"date": "2020-04-01", "country_from": "GY", "country_to": "ES", "value": "9750000", "unit": "kg"}, {"date": "2020-05-01", "country_from": "GY", "country_to": "ES", "value": "1500000", "unit": "kg"}, {"date": "2020-06-01", "country_from": "GY", "country_to": "ES", "value": "251565", "unit": "kg"}, {"date": "2018-11-01", "country_from": "GY", "country_to": "GR", "value": "0", "unit": "kg"}, {"date": "2018-12-01", "country_from": "GY", "country_to": "GR", "value": "4000", "unit": "kg"}, {"date": "2019-01-01", "country_from": "GY", "country_to": "GR", "value": "0", "unit": "kg"}, {"date": "2019-02-01", "country_from": "GY", "country_to": "GR", "value": "0", "unit": "kg"}, {"date": "2019-03-01", "country_from": "GY", "country_to": "GR", "value": "200790", "unit": "kg"}, {"date": "2019-04-01", "country_from": "GY", "country_to": "GR", "value": "225380", "unit": "kg"}, {"date": "2019-05-01", "country_from": "GY", "country_to": "GR", "value": "726762", "unit": "kg"}, {"date": "2019-06-01", "country_from": "GY", "country_to": "GR", "value": "250810", "unit": "kg"}, {"date": "2019-07-01", "country_from": "GY", "country_to": "GR", "value": "0", "unit": "kg"}, {"date": "2019-08-01", "country_from": "GY", "country_to": "GR", "value": "0", "unit": "kg"}, {"date": "2019-09-01", "country_from": "GY", "country_to": "GR", "value": "0", "unit": "kg"}, {"date": "2019-10-01", "country_from": "GY", "country_to": "GR", "value": "253010", "unit": "kg"}, {"date": "2019-11-01", "country_from": "GY", "country_to": "GR", "value": "0", "unit": "kg"}, {"date": "2019-12-01", "country_from": "GY", "country_to": "GR", "value": "0", "unit": "kg"}, {"date": "2020-01-01", "country_from": "GY", "country_to": "GR", "value": "0", "unit": "kg"}, {"date": "2020-02-01", "country_from": "GY", "country_to": "GR", "value": "0", "unit": "kg"}, {"date": "2020-03-01", "country_from": "GY", "country_to": "GR", "value": "0", "unit": "kg"}, {"date": "2020-04-01", "country_from": "GY", "country_to": "GR", "value": "0", "unit": "kg"}, {"date": "2020-05-01", "country_from": "GY", "country_to": "GR", "value": "2500000", "unit": "kg"}, {"date": "2020-06-01", "country_from": "GY", "country_to": "GR", "value": "251530", "unit": "kg"}, {"date": "2018-11-01", "country_from": "GY", "country_to": "FR", "value": "21780", "unit": "kg"}, {"date": "2018-12-01", "country_from": "GY", "country_to": "FR", "value": "21570", "unit": "kg"}, {"date": "2019-01-01", "country_from": "GY", "country_to": "FR", "value": "153356", "unit": "kg"}, {"date": "2019-02-01", "country_from": "GY", "country_to": "FR", "value": "24230", "unit": "kg"}, {"date": "2019-03-01", "country_from": "GY", "country_to": "FR", "value": "43000", "unit": "kg"}, {"date": "2019-04-01", "country_from": "GY", "country_to": "FR", "value": "144950", "unit": "kg"}, {"date": "2019-05-01", "country_from": "GY", "country_to": "FR", "value": "341140", "unit": "kg"}, {"date": "2019-06-01", "country_from": "GY", "country_to": "FR", "value": "0", "unit": "kg"}, {"date": "2019-07-01", "country_from": "GY", "country_to": "FR", "value": "0", "unit": "kg"}, {"date": "2019-08-01", "country_from": "GY", "country_to": "FR", "value": "0", "unit": "kg"}, {"date": "2019-09-01", "country_from": "GY", "country_to": "FR", "value": "197305", "unit": "kg"}, {"date": "2019-10-01", "country_from": "GY", "country_to": "FR", "value": "127485", "unit": "kg"}, {"date": "2019-11-01", "country_from": "GY", "country_to": "FR", "value": "322720", "unit": "kg"}, {"date": "2019-12-01", "country_from": "GY", "country_to": "FR", "value": "108000", "unit": "kg"}, {"date": "2020-01-01", "country_from": "GY", "country_to": "FR", "value": "252910", "unit": "kg"}, {"date": "2020-02-01", "country_from": "GY", "country_to": "FR", "value": "216381", "unit": "kg"}, {"date": "2020-03-01", "country_from": "GY", "country_to": "FR", "value": "0", "unit": "kg"}, {"date": "2020-04-01", "country_from": "GY", "country_to": "FR", "value": "359045", "unit": "kg"}, {"date": "2020-05-01", "country_from": "GY", "country_to": "FR", "value": "0", "unit": "kg"}, {"date": "2020-06-01", "country_from": "GY", "country_to": "FR", "value": "107500", "unit": "kg"}, {"date": "2018-11-01", "country_from": "GY", "country_to": "DE", "value": "50000", "unit": "kg"}, {"date": "2018-12-01", "country_from": "GY", "country_to": "DE", "value": "659970", "unit": "kg"}, {"date": "2019-01-01", "country_from": "GY", "country_to": "DE", "value": "0", "unit": "kg"}, {"date": "2019-02-01", "country_from": "GY", "country_to": "DE", "value": "401520", "unit": "kg"}, {"date": "2019-03-01", "country_from": "GY", "country_to": "DE", "value": "0", "unit": "kg"}, {"date": "2019-04-01", "country_from": "GY", "country_to": "DE", "value": "403210", "unit": "kg"}, {"date": "2019-05-01", "country_from": "GY", "country_to": "DE", "value": "0", "unit": "kg"}, {"date": "2019-06-01", "country_from": "GY", "country_to": "DE", "value": "501950", "unit": "kg"}, {"date": "2019-07-01", "country_from": "GY", "country_to": "DE", "value": "0", "unit": "kg"}, {"date": "2019-08-01", "country_from": "GY", "country_to": "DE", "value": "0", "unit": "kg"}, {"date": "2019-09-01", "country_from": "GY", "country_to": "DE", "value": "0", "unit": "kg"}, {"date": "2019-10-01", "country_from": "GY", "country_to": "DE", "value": "0", "unit": "kg"}, {"date": "2019-11-01", "country_from": "GY", "country_to": "DE", "value": "505060", "unit": "kg"}, {"date": "2019-12-01", "country_from": "GY", "country_to": "DE", "value": "506140", "unit": "kg"}, {"date": "2020-01-01", "country_from": "GY", "country_to": "DE", "value": "0", "unit": "kg"}, {"date": "2020-02-01", "country_from": "GY", "country_to": "DE", "value": "0", "unit": "kg"}, {"date": "2020-03-01", "country_from": "GY", "country_to": "DE", "value": "505100", "unit": "kg"}, {"date": "2020-04-01", "country_from": "GY", "country_to": "DE", "value": "704545", "unit": "kg"}, {"date": "2020-05-01", "country_from": "GY", "country_to": "DE", "value": "503118", "unit": "kg"}, {"date": "2020-06-01", "country_from": "GY", "country_to": "DE", "value": "0", "unit": "kg"}, {"date": "2018-11-01", "country_from": "GY", "country_to": "PA", "value": "645100", "unit": "kg"}, {"date": "2018-12-01", "country_from": "GY", "country_to": "PA", "value": "264584", "unit": "kg"}, {"date": "2019-01-01", "country_from": "GY", "country_to": "PA", "value": "1247520", "unit": "kg"}, {"date": "2019-02-01", "country_from": "GY", "country_to": "PA", "value": "75075", "unit": "kg"}, {"date": "2019-03-01", "country_from": "GY", "country_to": "PA", "value": "130000", "unit": "kg"}, {"date": "2019-04-01", "country_from": "GY", "country_to": "PA", "value": "371424", "unit": "kg"}, {"date": "2019-05-01", "country_from": "GY", "country_to": "PA", "value": "4124122", "unit": "kg"}, {"date": "2019-06-01", "country_from": "GY", "country_to": "PA", "value": "472776", "unit": "kg"}, {"date": "2019-07-01", "country_from": "GY", "country_to": "PA", "value": "0", "unit": "kg"}, {"date": "2019-08-01", "country_from": "GY", "country_to": "PA", "value": "0", "unit": "kg"}, {"date": "2019-09-01", "country_from": "GY", "country_to": "PA", "value": "0", "unit": "kg"}, {"date": "2019-10-01", "country_from": "GY", "country_to": "PA", "value": "58375", "unit": "kg"}, {"date": "2019-11-01", "country_from": "GY", "country_to": "PA", "value": "450", "unit": "kg"}, {"date": "2019-12-01", "country_from": "GY", "country_to": "PA", "value": "0", "unit": "kg"}, {"date": "2020-01-01", "country_from": "GY", "country_to": "PA", "value": "0", "unit": "kg"}, {"date": "2020-02-01", "country_from": "GY", "country_to": "PA", "value": "0", "unit": "kg"}, {"date": "2020-03-01", "country_from": "GY", "country_to": "PA", "value": "0", "unit": "kg"}, {"date": "2020-04-01", "country_from": "GY", "country_to": "PA", "value": "0", "unit": "kg"}, {"date": "2020-05-01", "country_from": "GY", "country_to": "PA", "value": "0", "unit": "kg"}, {"date": "2020-06-01", "country_from": "GY", "country_to": "PA", "value": "0", "unit": "kg"}, {"date": "2018-11-01", "country_from": "GY", "country_to": "RO", "value": "0", "unit": "kg"}, {"date": "2018-12-01", "country_from": "GY", "country_to": "RO", "value": "0", "unit": "kg"}, {"date": "2019-01-01", "country_from": "GY", "country_to": "RO", "value": "0", "unit": "kg"}, {"date": "2019-02-01", "country_from": "GY", "country_to": "RO", "value": "0", "unit": "kg"}, {"date": "2019-03-01", "country_from": "GY", "country_to": "RO", "value": "0", "unit": "kg"}, {"date": "2019-04-01", "country_from": "GY", "country_to": "RO", "value": "0", "unit": "kg"}, {"date": "2019-05-01", "country_from": "GY", "country_to": "RO", "value": "250230", "unit": "kg"}, {"date": "2019-06-01", "country_from": "GY", "country_to": "RO", "value": "0", "unit": "kg"}, {"date": "2019-07-01", "country_from": "GY", "country_to": "RO", "value": "0", "unit": "kg"}, {"date": "2019-08-01", "country_from": "GY", "country_to": "RO", "value": "0", "unit": "kg"}, {"date": "2019-09-01", "country_from": "GY", "country_to": "RO", "value": "0", "unit": "kg"}, {"date": "2019-10-01", "country_from": "GY", "country_to": "RO", "value": "0", "unit": "kg"}, {"date": "2019-11-01", "country_from": "GY", "country_to": "RO", "value": "0", "unit": "kg"}, {"date": "2019-12-01", "country_from": "GY", "country_to": "RO", "value": "0", "unit": "kg"}, {"date": "2020-01-01", "country_from": "GY", "country_to": "RO", "value": "0", "unit": "kg"}, {"date": "2020-02-01", "country_from": "GY", "country_to": "RO", "value": "0", "unit": "kg"}, {"date": "2020-03-01", "country_from": "GY", "country_to": "RO", "value": "0", "unit": "kg"}, {"date": "2020-04-01", "country_from": "GY", "country_to": "RO", "value": "500000", "unit": "kg"}, {"date": "2020-05-01", "country_from": "GY", "country_to": "RO", "value": "125000", "unit": "kg"}, {"date": "2020-06-01", "country_from": "GY", "country_to": "RO", "value": "0", "unit": "kg"}, {"date": "2018-11-01", "country_from": "GY", "country_to": "KN", "value": "2424", "unit": "kg"}, {"date": "2018-12-01", "country_from": "GY", "country_to": "KN", "value": "2475", "unit": "kg"}, {"date": "2019-01-01", "country_from": "GY", "country_to": "KN", "value": "0", "unit": "kg"}, {"date": "2019-02-01", "country_from": "GY", "country_to": "KN", "value": "0", "unit": "kg"}, {"date": "2019-03-01", "country_from": "GY", "country_to": "KN", "value": "2445", "unit": "kg"}, {"date": "2019-04-01", "country_from": "GY", "country_to": "KN", "value": "0", "unit": "kg"}, {"date": "2019-05-01", "country_from": "GY", "country_to": "KN", "value": "0", "unit": "kg"}, {"date": "2019-06-01", "country_from": "GY", "country_to": "KN", "value": "4797", "unit": "kg"}, {"date": "2019-07-01", "country_from": "GY", "country_to": "KN", "value": "0", "unit": "kg"}, {"date": "2019-08-01", "country_from": "GY", "country_to": "KN", "value": "0", "unit": "kg"}, {"date": "2019-09-01", "country_from": "GY", "country_to": "KN", "value": "0", "unit": "kg"}, {"date": "2019-10-01", "country_from": "GY", "country_to": "KN", "value": "0", "unit": "kg"}, {"date": "2019-11-01", "country_from": "GY", "country_to": "KN", "value": "0", "unit": "kg"}, {"date": "2019-12-01", "country_from": "GY", "country_to": "KN", "value": "0", "unit": "kg"}, {"date": "2020-01-01", "country_from": "GY", "country_to": "KN", "value": "0", "unit": "kg"}, {"date": "2020-02-01", "country_from": "GY", "country_to": "KN", "value": "0", "unit": "kg"}, {"date": "2020-03-01", "country_from": "GY", "country_to": "KN", "value": "0", "unit": "kg"}, {"date": "2020-04-01", "country_from": "GY", "country_to": "KN", "value": "0", "unit": "kg"}, {"date": "2020-05-01", "country_from": "GY", "country_to": "KN", "value": "0", "unit": "kg"}, {"date": "2020-06-01", "country_from": "GY", "country_to": "KN", "value": "0", "unit": "kg"}, {"date": "2018-11-01", "country_from": "GY", "country_to": "LC", "value": "19921", "unit": "kg"}, {"date": "2018-12-01", "country_from": "GY", "country_to": "LC", "value": "37449", "unit": "kg"}, {"date": "2019-01-01", "country_from": "GY", "country_to": "LC", "value": "26624", "unit": "kg"}, {"date": "2019-02-01", "country_from": "GY", "country_to": "LC", "value": "0", "unit": "kg"}, {"date": "2019-03-01", "country_from": "GY", "country_to": "LC", "value": "54432", "unit": "kg"}, {"date": "2019-04-01", "country_from": "GY", "country_to": "LC", "value": "64977", "unit": "kg"}, {"date": "2019-05-01", "country_from": "GY", "country_to": "LC", "value": "24975", "unit": "kg"}, {"date": "2019-06-01", "country_from": "GY", "country_to": "LC", "value": "9225", "unit": "kg"}, {"date": "2019-07-01", "country_from": "GY", "country_to": "LC", "value": "83817", "unit": "kg"}, {"date": "2019-08-01", "country_from": "GY", "country_to": "LC", "value": "0", "unit": "kg"}, {"date": "2019-09-01", "country_from": "GY", "country_to": "LC", "value": "2016", "unit": "kg"}, {"date": "2019-10-01", "country_from": "GY", "country_to": "LC", "value": "2544", "unit": "kg"}, {"date": "2019-11-01", "country_from": "GY", "country_to": "LC", "value": "0", "unit": "kg"}, {"date": "2019-12-01", "country_from": "GY", "country_to": "LC", "value": "0", "unit": "kg"}, {"date": "2020-01-01", "country_from": "GY", "country_to": "LC", "value": "0", "unit": "kg"}, {"date": "2020-02-01", "country_from": "GY", "country_to": "LC", "value": "0", "unit": "kg"}, {"date": "2020-03-01", "country_from": "GY", "country_to": "LC", "value": "0", "unit": "kg"}, {"date": "2020-04-01", "country_from": "GY", "country_to": "LC", "value": "0", "unit": "kg"}, {"date": "2020-05-01", "country_from": "GY", "country_to": "LC", "value": "0", "unit": "kg"}, {"date": "2020-06-01", "country_from": "GY", "country_to": "LC", "value": "0", "unit": "kg"}, {"date": "2018-11-01", "country_from": "GY", "country_to": "VC", "value": "413358", "unit": "kg"}, {"date": "2018-12-01", "country_from": "GY", "country_to": "VC", "value": "0", "unit": "kg"}, {"date": "2019-01-01", "country_from": "GY", "country_to": "VC", "value": "0", "unit": "kg"}, {"date": "2019-02-01", "country_from": "GY", "country_to": "VC", "value": "0", "unit": "kg"}, {"date": "2019-03-01", "country_from": "GY", "country_to": "VC", "value": "0", "unit": "kg"}, {"date": "2019-04-01", "country_from": "GY", "country_to": "VC", "value": "162128", "unit": "kg"}, {"date": "2019-05-01", "country_from": "GY", "country_to": "VC", "value": "36755", "unit": "kg"}, {"date": "2019-06-01", "country_from": "GY", "country_to": "VC", "value": "482391", "unit": "kg"}, {"date": "2019-07-01", "country_from": "GY", "country_to": "VC", "value": "0", "unit": "kg"}, {"date": "2019-08-01", "country_from": "GY", "country_to": "VC", "value": "0", "unit": "kg"}, {"date": "2019-09-01", "country_from": "GY", "country_to": "VC", "value": "0", "unit": "kg"}, {"date": "2019-10-01", "country_from": "GY", "country_to": "VC", "value": "5240", "unit": "kg"}, {"date": "2019-11-01", "country_from": "GY", "country_to": "VC", "value": "0", "unit": "kg"}, {"date": "2019-12-01", "country_from": "GY", "country_to": "VC", "value": "0", "unit": "kg"}, {"date": "2020-01-01", "country_from": "GY", "country_to": "VC", "value": "3320", "unit": "kg"}, {"date": "2020-02-01", "country_from": "GY", "country_to": "VC", "value": "0", "unit": "kg"}, {"date": "2020-03-01", "country_from": "GY", "country_to": "VC", "value": "700", "unit": "kg"}, {"date": "2020-04-01", "country_from": "GY", "country_to": "VC", "value": "0", "unit": "kg"}, {"date": "2020-05-01", "country_from": "GY", "country_to": "VC", "value": "0", "unit": "kg"}, {"date": "2020-06-01", "country_from": "GY", "country_to": "VC", "value": "0", "unit": "kg"}, {"date": "2018-11-01", "country_from": "GY", "country_to": "SR", "value": "2200", "unit": "kg"}, {"date": "2018-12-01", "country_from": "GY", "country_to": "SR", "value": "0", "unit": "kg"}, {"date": "2019-01-01", "country_from": "GY", "country_to": "SR", "value": "30", "unit": "kg"}, {"date": "2019-02-01", "country_from": "GY", "country_to": "SR", "value": "0", "unit": "kg"}, {"date": "2019-03-01", "country_from": "GY", "country_to": "SR", "value": "0", "unit": "kg"}, {"date": "2019-04-01", "country_from": "GY", "country_to": "SR", "value": "3000", "unit": "kg"}, {"date": "2019-05-01", "country_from": "GY", "country_to": "SR", "value": "0", "unit": "kg"}, {"date": "2019-06-01", "country_from": "GY", "country_to": "SR", "value": "0", "unit": "kg"}, {"date": "2019-07-01", "country_from": "GY", "country_to": "SR", "value": "0", "unit": "kg"}, {"date": "2019-08-01", "country_from": "GY", "country_to": "SR", "value": "0", "unit": "kg"}, {"date": "2019-09-01", "country_from": "GY", "country_to": "SR", "value": "0", "unit": "kg"}, {"date": "2019-10-01", "country_from": "GY", "country_to": "SR", "value": "0", "unit": "kg"}, {"date": "2019-11-01", "country_from": "GY", "country_to": "SR", "value": "3000", "unit": "kg"}, {"date": "2019-12-01", "country_from": "GY", "country_to": "SR", "value": "0", "unit": "kg"}, {"date": "2020-01-01", "country_from": "GY", "country_to": "SR", "value": "0", "unit": "kg"}, {"date": "2020-02-01", "country_from": "GY", "country_to": "SR", "value": "0", "unit": "kg"}, {"date": "2020-03-01", "country_from": "GY", "country_to": "SR", "value": "0", "unit": "kg"}, {"date": "2020-04-01", "country_from": "GY", "country_to": "SR", "value": "0", "unit": "kg"}, {"date": "2020-05-01", "country_from": "GY", "country_to": "SR", "value": "0", "unit": "kg"}, {"date": "2020-06-01", "country_from": "GY", "country_to": "SR", "value": "0", "unit": "kg"}, {"date": "2018-11-01", "country_from": "GY", "country_to": "TT", "value": "894085", "unit": "kg"}, {"date": "2018-12-01", "country_from": "GY", "country_to": "TT", "value": "388199", "unit": "kg"}, {"date": "2019-01-01", "country_from": "GY", "country_to": "TT", "value": "253353", "unit": "kg"}, {"date": "2019-02-01", "country_from": "GY", "country_to": "TT", "value": "442504", "unit": "kg"}, {"date": "2019-03-01", "country_from": "GY", "country_to": "TT", "value": "439108", "unit": "kg"}, {"date": "2019-04-01", "country_from": "GY", "country_to": "TT", "value": "903888", "unit": "kg"}, {"date": "2019-05-01", "country_from": "GY", "country_to": "TT", "value": "507930", "unit": "kg"}, {"date": "2019-06-01", "country_from": "GY", "country_to": "TT", "value": "828041", "unit": "kg"}, {"date": "2019-07-01", "country_from": "GY", "country_to": "TT", "value": "139485", "unit": "kg"}, {"date": "2019-08-01", "country_from": "GY", "country_to": "TT", "value": "0", "unit": "kg"}, {"date": "2019-09-01", "country_from": "GY", "country_to": "TT", "value": "19931", "unit": "kg"}, {"date": "2019-10-01", "country_from": "GY", "country_to": "TT", "value": "129992", "unit": "kg"}, {"date": "2019-11-01", "country_from": "GY", "country_to": "TT", "value": "300", "unit": "kg"}, {"date": "2019-12-01", "country_from": "GY", "country_to": "TT", "value": "394", "unit": "kg"}, {"date": "2020-01-01", "country_from": "GY", "country_to": "TT", "value": "0", "unit": "kg"}, {"date": "2020-02-01", "country_from": "GY", "country_to": "TT", "value": "0", "unit": "kg"}, {"date": "2020-03-01", "country_from": "GY", "country_to": "TT", "value": "3380", "unit": "kg"}, {"date": "2020-04-01", "country_from": "GY", "country_to": "TT", "value": "0", "unit": "kg"}, {"date": "2020-05-01", "country_from": "GY", "country_to": "TT", "value": "9000", "unit": "kg"}, {"date": "2020-06-01", "country_from": "GY", "country_to": "TT", "value": "0", "unit": "kg"}, {"date": "2018-11-01", "country_from": "GY", "country_to": "US", "value": "0", "unit": "kg"}, {"date": "2018-12-01", "country_from": "GY", "country_to": "US", "value": "0", "unit": "kg"}, {"date": "2019-01-01", "country_from": "GY", "country_to": "US", "value": "0", "unit": "kg"}, {"date": "2019-02-01", "country_from": "GY", "country_to": "US", "value": "0", "unit": "kg"}, {"date": "2019-03-01", "country_from": "GY", "country_to": "US", "value": "27900", "unit": "kg"}, {"date": "2019-04-01", "country_from": "GY", "country_to": "US", "value": "0", "unit": "kg"}, {"date": "2019-05-01", "country_from": "GY", "country_to": "US", "value": "23965", "unit": "kg"}, {"date": "2019-06-01", "country_from": "GY", "country_to": "US", "value": "0", "unit": "kg"}, {"date": "2019-07-01", "country_from": "GY", "country_to": "US", "value": "0", "unit": "kg"}, {"date": "2019-08-01", "country_from": "GY", "country_to": "US", "value": "0", "unit": "kg"}, {"date": "2019-09-01", "country_from": "GY", "country_to": "US", "value": "0", "unit": "kg"}, {"date": "2019-10-01", "country_from": "GY", "country_to": "US", "value": "0", "unit": "kg"}, {"date": "2019-11-01", "country_from": "GY", "country_to": "US", "value": "0", "unit": "kg"}, {"date": "2019-12-01", "country_from": "GY", "country_to": "US", "value": "0", "unit": "kg"}, {"date": "2020-01-01", "country_from": "GY", "country_to": "US", "value": "0", "unit": "kg"}, {"date": "2020-02-01", "country_from": "GY", "country_to": "US", "value": "0", "unit": "kg"}, {"date": "2020-03-01", "country_from": "GY", "country_to": "US", "value": "0", "unit": "kg"}, {"date": "2020-04-01", "country_from": "GY", "country_to": "US", "value": "0", "unit": "kg"}, {"date": "2020-05-01", "country_from": "GY", "country_to": "US", "value": "0", "unit": "kg"}, {"date": "2020-06-01", "country_from": "GY", "country_to": "US", "value": "0", "unit": "kg"}, {"date": "2018-11-01", "country_from": "GY", "country_to": "VE", "value": "105300", "unit": "kg"}, {"date": "2018-12-01", "country_from": "GY", "country_to": "VE", "value": "5907", "unit": "kg"}, {"date": "2019-01-01", "country_from": "GY", "country_to": "VE", "value": "5700", "unit": "kg"}, {"date": "2019-02-01", "country_from": "GY", "country_to": "VE", "value": "5000", "unit": "kg"}, {"date": "2019-03-01", "country_from": "GY", "country_to": "VE", "value": "0", "unit": "kg"}, {"date": "2019-04-01", "country_from": "GY", "country_to": "VE", "value": "157520", "unit": "kg"}, {"date": "2019-05-01", "country_from": "GY", "country_to": "VE", "value": "495386", "unit": "kg"}, {"date": "2019-06-01", "country_from": "GY", "country_to": "VE", "value": "429957", "unit": "kg"}, {"date": "2019-07-01", "country_from": "GY", "country_to": "VE", "value": "0", "unit": "kg"}, {"date": "2019-08-01", "country_from": "GY", "country_to": "VE", "value": "0", "unit": "kg"}, {"date": "2019-09-01", "country_from": "GY", "country_to": "VE", "value": "1000", "unit": "kg"}, {"date": "2019-10-01", "country_from": "GY", "country_to": "VE", "value": "256896", "unit": "kg"}, {"date": "2019-11-01", "country_from": "GY", "country_to": "VE", "value": "578322", "unit": "kg"}, {"date": "2019-12-01", "country_from": "GY", "country_to": "VE", "value": "0", "unit": "kg"}, {"date": "2020-01-01", "country_from": "GY", "country_to": "VE", "value": "0", "unit": "kg"}, {"date": "2020-02-01", "country_from": "GY", "country_to": "VE", "value": "0", "unit": "kg"}, {"date": "2020-03-01", "country_from": "GY", "country_to": "VE", "value": "0", "unit": "kg"}, {"date": "2020-04-01", "country_from": "GY", "country_to": "VE", "value": "0", "unit": "kg"}, {"date": "2020-05-01", "country_from": "GY", "country_to": "VE", "value": "0", "unit": "kg"}, {"date": "2020-06-01", "country_from": "GY", "country_to": "VE", "value": "0", "unit": "kg"}, {"date": "2018-11-01", "country_from": "GY", "country_to": "GD", "value": "254023", "unit": "kg"}, {"date": "2018-12-01", "country_from": "GY", "country_to": "GD", "value": "49953", "unit": "kg"}, {"date": "2019-01-01", "country_from": "GY", "country_to": "GD", "value": "150205", "unit": "kg"}, {"date": "2019-02-01", "country_from": "GY", "country_to": "GD", "value": "80090", "unit": "kg"}, {"date": "2019-03-01", "country_from": "GY", "country_to": "GD", "value": "23100", "unit": "kg"}, {"date": "2019-04-01", "country_from": "GY", "country_to": "GD", "value": "51582", "unit": "kg"}, {"date": "2019-05-01", "country_from": "GY", "country_to": "GD", "value": "48000", "unit": "kg"}, {"date": "2019-06-01", "country_from": "GY", "country_to": "GD", "value": "49445", "unit": "kg"}, {"date": "2019-07-01", "country_from": "GY", "country_to": "GD", "value": "5009", "unit": "kg"}, {"date": "2019-08-01", "country_from": "GY", "country_to": "GD", "value": "0", "unit": "kg"}, {"date": "2019-09-01", "country_from": "GY", "country_to": "GD", "value": "0", "unit": "kg"}, {"date": "2019-10-01", "country_from": "GY", "country_to": "GD", "value": "25000", "unit": "kg"}, {"date": "2019-11-01", "country_from": "GY", "country_to": "GD", "value": "0", "unit": "kg"}, {"date": "2019-12-01", "country_from": "GY", "country_to": "GD", "value": "0", "unit": "kg"}, {"date": "2020-01-01", "country_from": "GY", "country_to": "GD", "value": "0", "unit": "kg"}, {"date": "2020-02-01", "country_from": "GY", "country_to": "GD", "value": "0", "unit": "kg"}, {"date": "2020-03-01", "country_from": "GY", "country_to": "GD", "value": "0", "unit": "kg"}, {"date": "2020-04-01", "country_from": "GY", "country_to": "GD", "value": "0", "unit": "kg"}, {"date": "2020-05-01", "country_from": "GY", "country_to": "GD", "value": "0", "unit": "kg"}, {"date": "2020-06-01", "country_from": "GY", "country_to": "GD", "value": "0", "unit": "kg"}, {"date": "2018-11-01", "country_from": "GY", "country_to": "GT", "value": "6840", "unit": "kg"}, {"date": "2018-12-01", "country_from": "GY", "country_to": "GT", "value": "0", "unit": "kg"}, {"date": "2019-01-01", "country_from": "GY", "country_to": "GT", "value": "68", "unit": "kg"}, {"date": "2019-02-01", "country_from": "GY", "country_to": "GT", "value": "0", "unit": "kg"}, {"date": "2019-03-01", "country_from": "GY", "country_to": "GT", "value": "0", "unit": "kg"}, {"date": "2019-04-01", "country_from": "GY", "country_to": "GT", "value": "6840", "unit": "kg"}, {"date": "2019-05-01", "country_from": "GY", "country_to": "GT", "value": "0", "unit": "kg"}, {"date": "2019-06-01", "country_from": "GY", "country_to": "GT", "value": "0", "unit": "kg"}, {"date": "2019-07-01", "country_from": "GY", "country_to": "GT", "value": "0", "unit": "kg"}, {"date": "2019-08-01", "country_from": "GY", "country_to": "GT", "value": "0", "unit": "kg"}, {"date": "2019-09-01", "country_from": "GY", "country_to": "GT", "value": "0", "unit": "kg"}, {"date": "2019-10-01", "country_from": "GY", "country_to": "GT", "value": "0", "unit": "kg"}, {"date": "2019-11-01", "country_from": "GY", "country_to": "GT", "value": "0", "unit": "kg"}, {"date": "2019-12-01", "country_from": "GY", "country_to": "GT", "value": "0", "unit": "kg"}, {"date": "2020-01-01", "country_from": "GY", "country_to": "GT", "value": "0", "unit": "kg"}, {"date": "2020-02-01", "country_from": "GY", "country_to": "GT", "value": "0", "unit": "kg"}, {"date": "2020-03-01", "country_from": "GY", "country_to": "GT", "value": "0", "unit": "kg"}, {"date": "2020-04-01", "country_from": "GY", "country_to": "GT", "value": "0", "unit": "kg"}, {"date": "2020-05-01", "country_from": "GY", "country_to": "GT", "value": "0", "unit": "kg"}, {"date": "2020-06-01", "country_from": "GY", "country_to": "GT", "value": "0", "unit": "kg"}, {"date": "2018-11-01", "country_from": "GY", "country_to": "HT", "value": "1524", "unit": "kg"}, {"date": "2018-12-01", "country_from": "GY", "country_to": "HT", "value": "0", "unit": "kg"}, {"date": "2019-01-01", "country_from": "GY", "country_to": "HT", "value": "0", "unit": "kg"}, {"date": "2019-02-01", "country_from": "GY", "country_to": "HT", "value": "0", "unit": "kg"}, {"date": "2019-03-01", "country_from": "GY", "country_to": "HT", "value": "0", "unit": "kg"}, {"date": "2019-04-01", "country_from": "GY", "country_to": "HT", "value": "374625", "unit": "kg"}, {"date": "2019-05-01", "country_from": "GY", "country_to": "HT", "value": "824125", "unit": "kg"}, {"date": "2019-06-01", "country_from": "GY", "country_to": "HT", "value": "0", "unit": "kg"}, {"date": "2019-07-01", "country_from": "GY", "country_to": "HT", "value": "0", "unit": "kg"}, {"date": "2019-08-01", "country_from": "GY", "country_to": "HT", "value": "0", "unit": "kg"}, {"date": "2019-09-01", "country_from": "GY", "country_to": "HT", "value": "0", "unit": "kg"}, {"date": "2019-10-01", "country_from": "GY", "country_to": "HT", "value": "0", "unit": "kg"}, {"date": "2019-11-01", "country_from": "GY", "country_to": "HT", "value": "0", "unit": "kg"}, {"date": "2019-12-01", "country_from": "GY", "country_to": "HT", "value": "0", "unit": "kg"}, {"date": "2020-01-01", "country_from": "GY", "country_to": "HT", "value": "0", "unit": "kg"}, {"date": "2020-02-01", "country_from": "GY", "country_to": "HT", "value": "0", "unit": "kg"}, {"date": "2020-03-01", "country_from": "GY", "country_to": "HT", "value": "0", "unit": "kg"}, {"date": "2020-04-01", "country_from": "GY", "country_to": "HT", "value": "0", "unit": "kg"}, {"date": "2020-05-01", "country_from": "GY", "country_to": "HT", "value": "0", "unit": "kg"}, {"date": "2020-06-01", "country_from": "GY", "country_to": "HT", "value": "0", "unit": "kg"}, {"date": "2018-11-01", "country_from": "GY", "country_to": "HN", "value": "6840", "unit": "kg"}, {"date": "2018-12-01", "country_from": "GY", "country_to": "HN", "value": "0", "unit": "kg"}, {"date": "2019-01-01", "country_from": "GY", "country_to": "HN", "value": "6840", "unit": "kg"}, {"date": "2019-02-01", "country_from": "GY", "country_to": "HN", "value": "0", "unit": "kg"}, {"date": "2019-03-01", "country_from": "GY", "country_to": "HN", "value": "6840", "unit": "kg"}, {"date": "2019-04-01", "country_from": "GY", "country_to": "HN", "value": "6840", "unit": "kg"}, {"date": "2019-05-01", "country_from": "GY", "country_to": "HN", "value": "0", "unit": "kg"}, {"date": "2019-06-01", "country_from": "GY", "country_to": "HN", "value": "0", "unit": "kg"}, {"date": "2019-07-01", "country_from": "GY", "country_to": "HN", "value": "0", "unit": "kg"}, {"date": "2019-08-01", "country_from": "GY", "country_to": "HN", "value": "0", "unit": "kg"}, {"date": "2019-09-01", "country_from": "GY", "country_to": "HN", "value": "0", "unit": "kg"}, {"date": "2019-10-01", "country_from": "GY", "country_to": "HN", "value": "0", "unit": "kg"}, {"date": "2019-11-01", "country_from": "GY", "country_to": "HN", "value": "68", "unit": "kg"}, {"date": "2019-12-01", "country_from": "GY", "country_to": "HN", "value": "0", "unit": "kg"}, {"date": "2020-01-01", "country_from": "GY", "country_to": "HN", "value": "0", "unit": "kg"}, {"date": "2020-02-01", "country_from": "GY", "country_to": "HN", "value": "0", "unit": "kg"}, {"date": "2020-03-01", "country_from": "GY", "country_to": "HN", "value": "0", "unit": "kg"}, {"date": "2020-04-01", "country_from": "GY", "country_to": "HN", "value": "0", "unit": "kg"}, {"date": "2020-05-01", "country_from": "GY", "country_to": "HN", "value": "0", "unit": "kg"}, {"date": "2020-06-01", "country_from": "GY", "country_to": "HN", "value": "0", "unit": "kg"}, {"date": "2018-11-01", "country_from": "GY", "country_to": "IT", "value": "0", "unit": "kg"}, {"date": "2018-12-01", "country_from": "GY", "country_to": "IT", "value": "0", "unit": "kg"}, {"date": "2019-01-01", "country_from": "GY", "country_to": "IT", "value": "0", "unit": "kg"}, {"date": "2019-02-01", "country_from": "GY", "country_to": "IT", "value": "0", "unit": "kg"}, {"date": "2019-03-01", "country_from": "GY", "country_to": "IT", "value": "0", "unit": "kg"}, {"date": "2019-04-01", "country_from": "GY", "country_to": "IT", "value": "0", "unit": "kg"}, {"date": "2019-05-01", "country_from": "GY", "country_to": "IT", "value": "10000", "unit": "kg"}, {"date": "2019-06-01", "country_from": "GY", "country_to": "IT", "value": "0", "unit": "kg"}, {"date": "2019-07-01", "country_from": "GY", "country_to": "IT", "value": "0", "unit": "kg"}, {"date": "2019-08-01", "country_from": "GY", "country_to": "IT", "value": "0", "unit": "kg"}, {"date": "2019-09-01", "country_from": "GY", "country_to": "IT", "value": "0", "unit": "kg"}, {"date": "2019-10-01", "country_from": "GY", "country_to": "IT", "value": "0", "unit": "kg"}, {"date": "2019-11-01", "country_from": "GY", "country_to": "IT", "value": "0", "unit": "kg"}, {"date": "2019-12-01", "country_from": "GY", "country_to": "IT", "value": "0", "unit": "kg"}, {"date": "2020-01-01", "country_from": "GY", "country_to": "IT", "value": "0", "unit": "kg"}, {"date": "2020-02-01", "country_from": "GY", "country_to": "IT", "value": "252575", "unit": "kg"}, {"date": "2020-03-01", "country_from": "GY", "country_to": "IT", "value": "378740", "unit": "kg"}, {"date": "2020-04-01", "country_from": "GY", "country_to": "IT", "value": "0", "unit": "kg"}, {"date": "2020-05-01", "country_from": "GY", "country_to": "IT", "value": "4500000", "unit": "kg"}, {"date": "2020-06-01", "country_from": "GY", "country_to": "IT", "value": "0", "unit": "kg"}, {"date": "2018-11-01", "country_from": "GY", "country_to": "JM", "value": "4294980", "unit": "kg"}, {"date": "2018-12-01", "country_from": "GY", "country_to": "JM", "value": "289676", "unit": "kg"}, {"date": "2019-01-01", "country_from": "GY", "country_to": "JM", "value": "983500", "unit": "kg"}, {"date": "2019-02-01", "country_from": "GY", "country_to": "JM", "value": "1331440", "unit": "kg"}, {"date": "2019-03-01", "country_from": "GY", "country_to": "JM", "value": "1350322", "unit": "kg"}, {"date": "2019-04-01", "country_from": "GY", "country_to": "JM", "value": "2128849", "unit": "kg"}, {"date": "2019-05-01", "country_from": "GY", "country_to": "JM", "value": "622340", "unit": "kg"}, {"date": "2019-06-01", "country_from": "GY", "country_to": "JM", "value": "3157400", "unit": "kg"}, {"date": "2019-07-01", "country_from": "GY", "country_to": "JM", "value": "2420", "unit": "kg"}, {"date": "2019-08-01", "country_from": "GY", "country_to": "JM", "value": "0", "unit": "kg"}, {"date": "2019-09-01", "country_from": "GY", "country_to": "JM", "value": "0", "unit": "kg"}, {"date": "2019-10-01", "country_from": "GY", "country_to": "JM", "value": "149564", "unit": "kg"}, {"date": "2019-11-01", "country_from": "GY", "country_to": "JM", "value": "0", "unit": "kg"}, {"date": "2019-12-01", "country_from": "GY", "country_to": "JM", "value": "0", "unit": "kg"}, {"date": "2020-01-01", "country_from": "GY", "country_to": "JM", "value": "0", "unit": "kg"}, {"date": "2020-02-01", "country_from": "GY", "country_to": "JM", "value": "0", "unit": "kg"}, {"date": "2020-03-01", "country_from": "GY", "country_to": "JM", "value": "0", "unit": "kg"}, {"date": "2020-04-01", "country_from": "GY", "country_to": "JM", "value": "0", "unit": "kg"}, {"date": "2020-05-01", "country_from": "GY", "country_to": "JM", "value": "0", "unit": "kg"}, {"date": "2020-06-01", "country_from": "GY", "country_to": "JM", "value": "0", "unit": "kg"}, {"date": "2018-11-01", "country_from": "GY", "country_to": "LT", "value": "0", "unit": "kg"}, {"date": "2018-12-01", "country_from": "GY", "country_to": "LT", "value": "0", "unit": "kg"}, {"date": "2019-01-01", "country_from": "GY", "country_to": "LT", "value": "0", "unit": "kg"}, {"date": "2019-02-01", "country_from": "GY", "country_to": "LT", "value": "0", "unit": "kg"}, {"date": "2019-03-01", "country_from": "GY", "country_to": "LT", "value": "0", "unit": "kg"}, {"date": "2019-04-01", "country_from": "GY", "country_to": "LT", "value": "15050", "unit": "kg"}, {"date": "2019-05-01", "country_from": "GY", "country_to": "LT", "value": "200050", "unit": "kg"}, {"date": "2019-06-01", "country_from": "GY", "country_to": "LT", "value": "0", "unit": "kg"}, {"date": "2019-07-01", "country_from": "GY", "country_to": "LT", "value": "0", "unit": "kg"}, {"date": "2019-08-01", "country_from": "GY", "country_to": "LT", "value": "0", "unit": "kg"}, {"date": "2019-09-01", "country_from": "GY", "country_to": "LT", "value": "0", "unit": "kg"}, {"date": "2019-10-01", "country_from": "GY", "country_to": "LT", "value": "0", "unit": "kg"}, {"date": "2019-11-01", "country_from": "GY", "country_to": "LT", "value": "0", "unit": "kg"}, {"date": "2019-12-01", "country_from": "GY", "country_to": "LT", "value": "0", "unit": "kg"}, {"date": "2020-01-01", "country_from": "GY", "country_to": "LT", "value": "0", "unit": "kg"}, {"date": "2020-02-01", "country_from": "GY", "country_to": "LT", "value": "0", "unit": "kg"}, {"date": "2020-03-01", "country_from": "GY", "country_to": "LT", "value": "0", "unit": "kg"}, {"date": "2020-04-01", "country_from": "GY", "country_to": "LT", "value": "0", "unit": "kg"}, {"date": "2020-05-01", "country_from": "GY", "country_to": "LT", "value": "0", "unit": "kg"}, {"date": "2020-06-01", "country_from": "GY", "country_to": "LT", "value": "0", "unit": "kg"}, {"date": "2018-11-01", "country_from": "GY", "country_to": "MX", "value": "0", "unit": "kg"}, {"date": "2018-12-01", "country_from": "GY", "country_to": "MX", "value": "0", "unit": "kg"}, {"date": "2019-01-01", "country_from": "GY", "country_to": "MX", "value": "0", "unit": "kg"}, {"date": "2019-02-01", "country_from": "GY", "country_to": "MX", "value": "0", "unit": "kg"}, {"date": "2019-03-01", "country_from": "GY", "country_to": "MX", "value": "0", "unit": "kg"}, {"date": "2019-04-01", "country_from": "GY", "country_to": "MX", "value": "0", "unit": "kg"}, {"date": "2019-05-01", "country_from": "GY", "country_to": "MX", "value": "0", "unit": "kg"}, {"date": "2019-06-01", "country_from": "GY", "country_to": "MX", "value": "0", "unit": "kg"}, {"date": "2019-07-01", "country_from": "GY", "country_to": "MX", "value": "0", "unit": "kg"}, {"date": "2019-08-01", "country_from": "GY", "country_to": "MX", "value": "0", "unit": "kg"}, {"date": "2019-09-01", "country_from": "GY", "country_to": "MX", "value": "0", "unit": "kg"}, {"date": "2019-10-01", "country_from": "GY", "country_to": "MX", "value": "0", "unit": "kg"}, {"date": "2019-11-01", "country_from": "GY", "country_to": "MX", "value": "68355", "unit": "kg"}, {"date": "2019-12-01", "country_from": "GY", "country_to": "MX", "value": "0", "unit": "kg"}, {"date": "2020-01-01", "country_from": "GY", "country_to": "MX", "value": "0", "unit": "kg"}, {"date": "2020-02-01", "country_from": "GY", "country_to": "MX", "value": "0", "unit": "kg"}, {"date": "2020-03-01", "country_from": "GY", "country_to": "MX", "value": "0", "unit": "kg"}, {"date": "2020-04-01", "country_from": "GY", "country_to": "MX", "value": "0", "unit": "kg"}, {"date": "2020-05-01", "country_from": "GY", "country_to": "MX", "value": "0", "unit": "kg"}, {"date": "2020-06-01", "country_from": "GY", "country_to": "MX", "value": "0", "unit": "kg"}, {"date": "2018-11-01", "country_from": "GY", "country_to": "AG", "value": "4002", "unit": "kg"}, {"date": "2018-12-01", "country_from": "GY", "country_to": "AG", "value": "2378", "unit": "kg"}, {"date": "2019-01-01", "country_from": "GY", "country_to": "AG", "value": "24901", "unit": "kg"}, {"date": "2019-02-01", "country_from": "GY", "country_to": "AG", "value": "24", "unit": "kg"}, {"date": "2019-03-01", "country_from": "GY", "country_to": "AG", "value": "7198", "unit": "kg"}, {"date": "2019-04-01", "country_from": "GY", "country_to": "AG", "value": "3026", "unit": "kg"}, {"date": "2019-05-01", "country_from": "GY", "country_to": "AG", "value": "2482", "unit": "kg"}, {"date": "2019-06-01", "country_from": "GY", "country_to": "AG", "value": "2508", "unit": "kg"}, {"date": "2019-07-01", "country_from": "GY", "country_to": "AG", "value": "2734", "unit": "kg"}, {"date": "2019-08-01", "country_from": "GY", "country_to": "AG", "value": "0", "unit": "kg"}, {"date": "2019-09-01", "country_from": "GY", "country_to": "AG", "value": "0", "unit": "kg"}, {"date": "2019-10-01", "country_from": "GY", "country_to": "AG", "value": "2024", "unit": "kg"}, {"date": "2019-11-01", "country_from": "GY", "country_to": "AG", "value": "0", "unit": "kg"}, {"date": "2019-12-01", "country_from": "GY", "country_to": "AG", "value": "0", "unit": "kg"}, {"date": "2020-01-01", "country_from": "GY", "country_to": "AG", "value": "0", "unit": "kg"}, {"date": "2020-02-01", "country_from": "GY", "country_to": "AG", "value": "0", "unit": "kg"}, {"date": "2020-03-01", "country_from": "GY", "country_to": "AG", "value": "0", "unit": "kg"}, {"date": "2020-04-01", "country_from": "GY", "country_to": "AG", "value": "0", "unit": "kg"}, {"date": "2020-05-01", "country_from": "GY", "country_to": "AG", "value": "0", "unit": "kg"}, {"date": "2020-06-01", "country_from": "GY", "country_to": "AG", "value": "0", "unit": "kg"}, {"date": "2018-11-01", "country_from": "GY", "country_to": "BB", "value": "56056", "unit": "kg"}, {"date": "2018-12-01", "country_from": "GY", "country_to": "BB", "value": "4770", "unit": "kg"}, {"date": "2019-01-01", "country_from": "GY", "country_to": "BB", "value": "34544", "unit": "kg"}, {"date": "2019-02-01", "country_from": "GY", "country_to": "BB", "value": "4626", "unit": "kg"}, {"date": "2019-03-01", "country_from": "GY", "country_to": "BB", "value": "180", "unit": "kg"}, {"date": "2019-04-01", "country_from": "GY", "country_to": "BB", "value": "56952", "unit": "kg"}, {"date": "2019-05-01", "country_from": "GY", "country_to": "BB", "value": "112493", "unit": "kg"}, {"date": "2019-06-01", "country_from": "GY", "country_to": "BB", "value": "54422", "unit": "kg"}, {"date": "2019-07-01", "country_from": "GY", "country_to": "BB", "value": "2610", "unit": "kg"}, {"date": "2019-08-01", "country_from": "GY", "country_to": "BB", "value": "0", "unit": "kg"}, {"date": "2019-09-01", "country_from": "GY", "country_to": "BB", "value": "0", "unit": "kg"}, {"date": "2019-10-01", "country_from": "GY", "country_to": "BB", "value": "21700", "unit": "kg"}, {"date": "2019-11-01", "country_from": "GY", "country_to": "BB", "value": "17020", "unit": "kg"}, {"date": "2019-12-01", "country_from": "GY", "country_to": "BB", "value": "0", "unit": "kg"}, {"date": "2020-01-01", "country_from": "GY", "country_to": "BB", "value": "0", "unit": "kg"}, {"date": "2020-02-01", "country_from": "GY", "country_to": "BB", "value": "0", "unit": "kg"}, {"date": "2020-03-01", "country_from": "GY", "country_to": "BB", "value": "0", "unit": "kg"}, {"date": "2020-04-01", "country_from": "GY", "country_to": "BB", "value": "1600", "unit": "kg"}, {"date": "2020-05-01", "country_from": "GY", "country_to": "BB", "value": "2000", "unit": "kg"}, {"date": "2020-06-01", "country_from": "GY", "country_to": "BB", "value": "0", "unit": "kg"}, {"date": "2018-11-01", "country_from": "GY", "country_to": "BE", "value": "0", "unit": "kg"}, {"date": "2018-12-01", "country_from": "GY", "country_to": "BE", "value": "2113495", "unit": "kg"}, {"date": "2019-01-01", "country_from": "GY", "country_to": "BE", "value": "0", "unit": "kg"}, {"date": "2019-02-01", "country_from": "GY", "country_to": "BE", "value": "0", "unit": "kg"}, {"date": "2019-03-01", "country_from": "GY", "country_to": "BE", "value": "252550", "unit": "kg"}, {"date": "2019-04-01", "country_from": "GY", "country_to": "BE", "value": "251530", "unit": "kg"}, {"date": "2019-05-01", "country_from": "GY", "country_to": "BE", "value": "25000", "unit": "kg"}, {"date": "2019-06-01", "country_from": "GY", "country_to": "BE", "value": "0", "unit": "kg"}, {"date": "2019-07-01", "country_from": "GY", "country_to": "BE", "value": "0", "unit": "kg"}, {"date": "2019-08-01", "country_from": "GY", "country_to": "BE", "value": "0", "unit": "kg"}, {"date": "2019-09-01", "country_from": "GY", "country_to": "BE", "value": "0", "unit": "kg"}, {"date": "2019-10-01", "country_from": "GY", "country_to": "BE", "value": "250000", "unit": "kg"}, {"date": "2019-11-01", "country_from": "GY", "country_to": "BE", "value": "0", "unit": "kg"}, {"date": "2019-12-01", "country_from": "GY", "country_to": "BE", "value": "125000", "unit": "kg"}, {"date": "2020-01-01", "country_from": "GY", "country_to": "BE", "value": "0", "unit": "kg"}, {"date": "2020-02-01", "country_from": "GY", "country_to": "BE", "value": "0", "unit": "kg"}, {"date": "2020-03-01", "country_from": "GY", "country_to": "BE", "value": "0", "unit": "kg"}, {"date": "2020-04-01", "country_from": "GY", "country_to": "BE", "value": "0", "unit": "kg"}, {"date": "2020-05-01", "country_from": "GY", "country_to": "BE", "value": "0", "unit": "kg"}, {"date": "2020-06-01", "country_from": "GY", "country_to": "BE", "value": "0", "unit": "kg"}, {"date": "2018-11-01", "country_from": "GY", "country_to": "BR", "value": "190000", "unit": "kg"}, {"date": "2018-12-01", "country_from": "GY", "country_to": "BR", "value": "0", "unit": "kg"}, {"date": "2019-01-01", "country_from": "GY", "country_to": "BR", "value": "190095", "unit": "kg"}, {"date": "2019-02-01", "country_from": "GY", "country_to": "BR", "value": "0", "unit": "kg"}, {"date": "2019-03-01", "country_from": "GY", "country_to": "BR", "value": "0", "unit": "kg"}, {"date": "2019-04-01", "country_from": "GY", "country_to": "BR", "value": "0", "unit": "kg"}, {"date": "2019-05-01", "country_from": "GY", "country_to": "BR", "value": "0", "unit": "kg"}, {"date": "2019-06-01", "country_from": "GY", "country_to": "BR", "value": "0", "unit": "kg"}, {"date": "2019-07-01", "country_from": "GY", "country_to": "BR", "value": "0", "unit": "kg"}, {"date": "2019-08-01", "country_from": "GY", "country_to": "BR", "value": "0", "unit": "kg"}, {"date": "2019-09-01", "country_from": "GY", "country_to": "BR", "value": "0", "unit": "kg"}, {"date": "2019-10-01", "country_from": "GY", "country_to": "BR", "value": "0", "unit": "kg"}, {"date": "2019-11-01", "country_from": "GY", "country_to": "BR", "value": "0", "unit": "kg"}, {"date": "2019-12-01", "country_from": "GY", "country_to": "BR", "value": "0", "unit": "kg"}, {"date": "2020-01-01", "country_from": "GY", "country_to": "BR", "value": "0", "unit": "kg"}, {"date": "2020-02-01", "country_from": "GY", "country_to": "BR", "value": "0", "unit": "kg"}, {"date": "2020-03-01", "country_from": "GY", "country_to": "BR", "value": "0", "unit": "kg"}, {"date": "2020-04-01", "country_from": "GY", "country_to": "BR", "value": "0", "unit": "kg"}, {"date": "2020-05-01", "country_from": "GY", "country_to": "BR", "value": "0", "unit": "kg"}, {"date": "2020-06-01", "country_from": "GY", "country_to": "BR", "value": "0", "unit": "kg"}, {"date": "2018-11-01", "country_from": "GY", "country_to": "HR", "value": "0", "unit": "kg"}, {"date": "2018-12-01", "country_from": "GY", "country_to": "HR", "value": "0", "unit": "kg"}, {"date": "2019-01-01", "country_from": "GY", "country_to": "HR", "value": "0", "unit": "kg"}, {"date": "2019-02-01", "country_from": "GY", "country_to": "HR", "value": "0", "unit": "kg"}, {"date": "2019-03-01", "country_from": "GY", "country_to": "HR", "value": "0", "unit": "kg"}, {"date": "2019-04-01", "country_from": "GY", "country_to": "HR", "value": "0", "unit": "kg"}, {"date": "2019-05-01", "country_from": "GY", "country_to": "HR", "value": "37500", "unit": "kg"}, {"date": "2019-06-01", "country_from": "GY", "country_to": "HR", "value": "0", "unit": "kg"}, {"date": "2019-07-01", "country_from": "GY", "country_to": "HR", "value": "0", "unit": "kg"}, {"date": "2019-08-01", "country_from": "GY", "country_to": "HR", "value": "0", "unit": "kg"}, {"date": "2019-09-01", "country_from": "GY", "country_to": "HR", "value": "0", "unit": "kg"}, {"date": "2019-10-01", "country_from": "GY", "country_to": "HR", "value": "0", "unit": "kg"}, {"date": "2019-11-01", "country_from": "GY", "country_to": "HR", "value": "0", "unit": "kg"}, {"date": "2019-12-01", "country_from": "GY", "country_to": "HR", "value": "0", "unit": "kg"}, {"date": "2020-01-01", "country_from": "GY", "country_to": "HR", "value": "0", "unit": "kg"}, {"date": "2020-02-01", "country_from": "GY", "country_to": "HR", "value": "0", "unit": "kg"}, {"date": "2020-03-01", "country_from": "GY", "country_to": "HR", "value": "0", "unit": "kg"}, {"date": "2020-04-01", "country_from": "GY", "country_to": "HR", "value": "0", "unit": "kg"}, {"date": "2020-05-01", "country_from": "GY", "country_to": "HR", "value": "0", "unit": "kg"}, {"date": "2020-06-01", "country_from": "GY", "country_to": "HR", "value": "0", "unit": "kg"}, {"date": "2018-11-01", "country_from": "GY", "country_to": "-", "value": "0", "unit": "kg"}, {"date": "2018-12-01", "country_from": "GY", "country_to": "-", "value": "0", "unit": "kg"}, {"date": "2019-01-01", "country_from": "GY", "country_to": "-", "value": "0", "unit": "kg"}, {"date": "2019-02-01", "country_from": "GY", "country_to": "-", "value": "0", "unit": "kg"}, {"date": "2019-03-01", "country_from": "GY", "country_to": "-", "value": "0", "unit": "kg"}, {"date": "2019-04-01", "country_from": "GY", "country_to": "-", "value": "5000", "unit": "kg"}, {"date": "2019-05-01", "country_from": "GY", "country_to": "-", "value": "75620", "unit": "kg"}, {"date": "2019-06-01", "country_from": "GY", "country_to": "-", "value": "173785", "unit": "kg"}, {"date": "2019-07-01", "country_from": "GY", "country_to": "-", "value": "0", "unit": "kg"}, {"date": "2019-08-01", "country_from": "GY", "country_to": "-", "value": "0", "unit": "kg"}, {"date": "2019-09-01", "country_from": "GY", "country_to": "-", "value": "0", "unit": "kg"}, {"date": "2019-10-01", "country_from": "GY", "country_to": "-", "value": "0", "unit": "kg"}, {"date": "2019-11-01", "country_from": "GY", "country_to": "-", "value": "102", "unit": "kg"}, {"date": "2019-12-01", "country_from": "GY", "country_to": "-", "value": "0", "unit": "kg"}, {"date": "2020-01-01", "country_from": "GY", "country_to": "-", "value": "0", "unit": "kg"}, {"date": "2020-02-01", "country_from": "GY", "country_to": "-", "value": "0", "unit": "kg"}, {"date": "2020-03-01", "country_from": "GY", "country_to": "-", "value": "0", "unit": "kg"}, {"date": "2020-04-01", "country_from": "GY", "country_to": "-", "value": "0", "unit": "kg"}, {"date": "2020-05-01", "country_from": "GY", "country_to": "-", "value": "0", "unit": "kg"}, {"date": "2020-06-01", "country_from": "GY", "country_to": "-", "value": "0", "unit": "kg"}, {"date": "2018-11-01", "country_from": "GY", "country_to": "DM", "value": "29154", "unit": "kg"}, {"date": "2018-12-01", "country_from": "GY", "country_to": "DM", "value": "4970", "unit": "kg"}, {"date": "2019-01-01", "country_from": "GY", "country_to": "DM", "value": "2406", "unit": "kg"}, {"date": "2019-02-01", "country_from": "GY", "country_to": "DM", "value": "0", "unit": "kg"}, {"date": "2019-03-01", "country_from": "GY", "country_to": "DM", "value": "0", "unit": "kg"}, {"date": "2019-04-01", "country_from": "GY", "country_to": "DM", "value": "13220", "unit": "kg"}, {"date": "2019-05-01", "country_from": "GY", "country_to": "DM", "value": "29853", "unit": "kg"}, {"date": "2019-06-01", "country_from": "GY", "country_to": "DM", "value": "4520", "unit": "kg"}, {"date": "2019-07-01", "country_from": "GY", "country_to": "DM", "value": "2981", "unit": "kg"}, {"date": "2019-08-01", "country_from": "GY", "country_to": "DM", "value": "0", "unit": "kg"}, {"date": "2019-09-01", "country_from": "GY", "country_to": "DM", "value": "0", "unit": "kg"}, {"date": "2019-10-01", "country_from": "GY", "country_to": "DM", "value": "48", "unit": "kg"}, {"date": "2019-11-01", "country_from": "GY", "country_to": "DM", "value": "0", "unit": "kg"}, {"date": "2019-12-01", "country_from": "GY", "country_to": "DM", "value": "0", "unit": "kg"}, {"date": "2020-01-01", "country_from": "GY", "country_to": "DM", "value": "0", "unit": "kg"}, {"date": "2020-02-01", "country_from": "GY", "country_to": "DM", "value": "0", "unit": "kg"}, {"date": "2020-03-01", "country_from": "GY", "country_to": "DM", "value": "0", "unit": "kg"}, {"date": "2020-04-01", "country_from": "GY", "country_to": "DM", "value": "0", "unit": "kg"}, {"date": "2020-05-01", "country_from": "GY", "country_to": "DM", "value": "0", "unit": "kg"}, {"date": "2020-06-01", "country_from": "GY", "country_to": "DM", "value": "0", "unit": "kg"}, {"date": "2018-11-01", "country_from": "GY", "country_to": "DO", "value": "0", "unit": "kg"}, {"date": "2018-12-01", "country_from": "GY", "country_to": "DO", "value": "0", "unit": "kg"}, {"date": "2019-01-01", "country_from": "GY", "country_to": "DO", "value": "24975", "unit": "kg"}, {"date": "2019-02-01", "country_from": "GY", "country_to": "DO", "value": "0", "unit": "kg"}, {"date": "2019-03-01", "country_from": "GY", "country_to": "DO", "value": "0", "unit": "kg"}, {"date": "2019-04-01", "country_from": "GY", "country_to": "DO", "value": "0", "unit": "kg"}, {"date": "2019-05-01", "country_from": "GY", "country_to": "DO", "value": "0", "unit": "kg"}, {"date": "2019-06-01", "country_from": "GY", "country_to": "DO", "value": "0", "unit": "kg"}, {"date": "2019-07-01", "country_from": "GY", "country_to": "DO", "value": "0", "unit": "kg"}, {"date": "2019-08-01", "country_from": "GY", "country_to": "DO", "value": "0", "unit": "kg"}, {"date": "2019-09-01", "country_from": "GY", "country_to": "DO", "value": "0", "unit": "kg"}, {"date": "2019-10-01", "country_from": "GY", "country_to": "DO", "value": "0", "unit": "kg"}, {"date": "2019-11-01", "country_from": "GY", "country_to": "DO", "value": "0", "unit": "kg"}, {"date": "2019-12-01", "country_from": "GY", "country_to": "DO", "value": "0", "unit": "kg"}, {"date": "2020-01-01", "country_from": "GY", "country_to": "DO", "value": "0", "unit": "kg"}, {"date": "2020-02-01", "country_from": "GY", "country_to": "DO", "value": "0", "unit": "kg"}, {"date": "2020-03-01", "country_from": "GY", "country_to": "DO", "value": "0", "unit": "kg"}, {"date": "2020-04-01", "country_from": "GY", "country_to": "DO", "value": "0", "unit": "kg"}, {"date": "2020-05-01", "country_from": "GY", "country_to": "DO", "value": "0", "unit": "kg"}, {"date": "2020-06-01", "country_from": "GY", "country_to": "DO", "value": "0", "unit": "kg"}, {"date": "2018-11-01", "country_from": "GY", "country_to": "SV", "value": "3420", "unit": "kg"}, {"date": "2018-12-01", "country_from": "GY", "country_to": "SV", "value": "0", "unit": "kg"}, {"date": "2019-01-01", "country_from": "GY", "country_to": "SV", "value": "0", "unit": "kg"}, {"date": "2019-02-01", "country_from": "GY", "country_to": "SV", "value": "0", "unit": "kg"}, {"date": "2019-03-01", "country_from": "GY", "country_to": "SV", "value": "0", "unit": "kg"}, {"date": "2019-04-01", "country_from": "GY", "country_to": "SV", "value": "3420", "unit": "kg"}, {"date": "2019-05-01", "country_from": "GY", "country_to": "SV", "value": "0", "unit": "kg"}, {"date": "2019-06-01", "country_from": "GY", "country_to": "SV", "value": "0", "unit": "kg"}, {"date": "2019-07-01", "country_from": "GY", "country_to": "SV", "value": "0", "unit": "kg"}, {"date": "2019-08-01", "country_from": "GY", "country_to": "SV", "value": "0", "unit": "kg"}, {"date": "2019-09-01", "country_from": "GY", "country_to": "SV", "value": "0", "unit": "kg"}, {"date": "2019-10-01", "country_from": "GY", "country_to": "SV", "value": "0", "unit": "kg"}, {"date": "2019-11-01", "country_from": "GY", "country_to": "SV", "value": "34", "unit": "kg"}, {"date": "2019-12-01", "country_from": "GY", "country_to": "SV", "value": "0", "unit": "kg"}, {"date": "2020-01-01", "country_from": "GY", "country_to": "SV", "value": "0", "unit": "kg"}, {"date": "2020-02-01", "country_from": "GY", "country_to": "SV", "value": "0", "unit": "kg"}, {"date": "2020-03-01", "country_from": "GY", "country_to": "SV", "value": "0", "unit": "kg"}, {"date": "2020-04-01", "country_from": "GY", "country_to": "SV", "value": "0", "unit": "kg"}, {"date": "2020-05-01", "country_from": "GY", "country_to": "SV", "value": "0", "unit": "kg"}, {"date": "2020-06-01", "country_from": "GY", "country_to": "SV", "value": "0", "unit": "kg"}]