[{"date": "2018-12-01", "country": "Iraq", "value": "0", "unit": "kg"}, {"date": "2019-01-01", "country": "Iraq", "value": "0", "unit": "kg"}, {"date": "2019-02-01", "country": "Iraq", "value": "0", "unit": "kg"}, {"date": "2019-03-01", "country": "Iraq", "value": "0", "unit": "kg"}, {"date": "2019-04-01", "country": "Iraq", "value": "0", "unit": "kg"}, {"date": "2019-05-01", "country": "Iraq", "value": "0", "unit": "kg"}, {"date": "2019-06-01", "country": "Iraq", "value": "0", "unit": "kg"}, {"date": "2019-07-01", "country": "Iraq", "value": "0", "unit": "kg"}, {"date": "2019-08-01", "country": "Iraq", "value": "0", "unit": "kg"}, {"date": "2019-09-01", "country": "Iraq", "value": "2400", "unit": "kg"}, {"date": "2019-10-01", "country": "Iraq", "value": "0", "unit": "kg"}, {"date": "2019-11-01", "country": "Iraq", "value": "0", "unit": "kg"}, {"date": "2019-12-01", "country": "Iraq", "value": "0", "unit": "kg"}, {"date": "2020-01-01", "country": "Iraq", "value": "0", "unit": "kg"}, {"date": "2020-02-01", "country": "Iraq", "value": "0", "unit": "kg"}, {"date": "2020-03-01", "country": "Iraq", "value": "0", "unit": "kg"}, {"date": "2020-04-01", "country": "Iraq", "value": "0", "unit": "kg"}, {"date": "2020-05-01", "country": "Iraq", "value": "0", "unit": "kg"}, {"date": "2018-12-01", "country": "Kuwait", "value": "0", "unit": "kg"}, {"date": "2019-01-01", "country": "Kuwait", "value": "0", "unit": "kg"}, {"date": "2019-02-01", "country": "Kuwait", "value": "0", "unit": "kg"}, {"date": "2019-03-01", "country": "Kuwait", "value": "0", "unit": "kg"}, {"date": "2019-04-01", "country": "Kuwait", "value": "0", "unit": "kg"}, {"date": "2019-05-01", "country": "Kuwait", "value": "0", "unit": "kg"}, {"date": "2019-06-01", "country": "Kuwait", "value": "0", "unit": "kg"}, {"date": "2019-07-01", "country": "Kuwait", "value": "0", "unit": "kg"}, {"date": "2019-08-01", "country": "Kuwait", "value": "0", "unit": "kg"}, {"date": "2019-09-01", "country": "Kuwait", "value": "0", "unit": "kg"}, {"date": "2019-10-01", "country": "Kuwait", "value": "0", "unit": "kg"}, {"date": "2019-11-01", "country": "Kuwait", "value": "0", "unit": "kg"}, {"date": "2019-12-01", "country": "Kuwait", "value": "0", "unit": "kg"}, {"date": "2020-01-01", "country": "Kuwait", "value": "1192", "unit": "kg"}, {"date": "2020-02-01", "country": "Kuwait", "value": "0", "unit": "kg"}, {"date": "2020-03-01", "country": "Kuwait", "value": "0", "unit": "kg"}, {"date": "2020-04-01", "country": "Kuwait", "value": "0", "unit": "kg"}, {"date": "2020-05-01", "country": "Kuwait", "value": "0", "unit": "kg"}, {"date": "2018-12-01", "country": "Oman", "value": "0", "unit": "kg"}, {"date": "2019-01-01", "country": "Oman", "value": "0", "unit": "kg"}, {"date": "2019-02-01", "country": "Oman", "value": "0", "unit": "kg"}, {"date": "2019-03-01", "country": "Oman", "value": "0", "unit": "kg"}, {"date": "2019-04-01", "country": "Oman", "value": "0", "unit": "kg"}, {"date": "2019-05-01", "country": "Oman", "value": "49", "unit": "kg"}, {"date": "2019-06-01", "country": "Oman", "value": "95", "unit": "kg"}, {"date": "2019-07-01", "country": "Oman", "value": "0", "unit": "kg"}, {"date": "2019-08-01", "country": "Oman", "value": "0", "unit": "kg"}, {"date": "2019-09-01", "country": "Oman", "value": "0", "unit": "kg"}, {"date": "2019-10-01", "country": "Oman", "value": "0", "unit": "kg"}, {"date": "2019-11-01", "country": "Oman", "value": "0", "unit": "kg"}, {"date": "2019-12-01", "country": "Oman", "value": "0", "unit": "kg"}, {"date": "2020-01-01", "country": "Oman", "value": "0", "unit": "kg"}, {"date": "2020-02-01", "country": "Oman", "value": "0", "unit": "kg"}, {"date": "2020-03-01", "country": "Oman", "value": "0", "unit": "kg"}, {"date": "2020-04-01", "country": "Oman", "value": "0", "unit": "kg"}, {"date": "2020-05-01", "country": "Oman", "value": "0", "unit": "kg"}, {"date": "2018-12-01", "country": "Saudi Arabia", "value": "0", "unit": "kg"}, {"date": "2019-01-01", "country": "Saudi Arabia", "value": "0", "unit": "kg"}, {"date": "2019-02-01", "country": "Saudi Arabia", "value": "0", "unit": "kg"}, {"date": "2019-03-01", "country": "Saudi Arabia", "value": "580", "unit": "kg"}, {"date": "2019-04-01", "country": "Saudi Arabia", "value": "0", "unit": "kg"}, {"date": "2019-05-01", "country": "Saudi Arabia", "value": "37", "unit": "kg"}, {"date": "2019-06-01", "country": "Saudi Arabia", "value": "0", "unit": "kg"}, {"date": "2019-07-01", "country": "Saudi Arabia", "value": "0", "unit": "kg"}, {"date": "2019-08-01", "country": "Saudi Arabia", "value": "0", "unit": "kg"}, {"date": "2019-09-01", "country": "Saudi Arabia", "value": "0", "unit": "kg"}, {"date": "2019-10-01", "country": "Saudi Arabia", "value": "0", "unit": "kg"}, {"date": "2019-11-01", "country": "Saudi Arabia", "value": "0", "unit": "kg"}, {"date": "2019-12-01", "country": "Saudi Arabia", "value": "0", "unit": "kg"}, {"date": "2020-01-01", "country": "Saudi Arabia", "value": "0", "unit": "kg"}, {"date": "2020-02-01", "country": "Saudi Arabia", "value": "175", "unit": "kg"}, {"date": "2020-03-01", "country": "Saudi Arabia", "value": "0", "unit": "kg"}, {"date": "2020-04-01", "country": "Saudi Arabia", "value": "0", "unit": "kg"}, {"date": "2020-05-01", "country": "Saudi Arabia", "value": "0", "unit": "kg"}, {"date": "2018-12-01", "country": "United States of America", "value": "0", "unit": "kg"}, {"date": "2019-01-01", "country": "United States of America", "value": "0", "unit": "kg"}, {"date": "2019-02-01", "country": "United States of America", "value": "0", "unit": "kg"}, {"date": "2019-03-01", "country": "United States of America", "value": "0", "unit": "kg"}, {"date": "2019-04-01", "country": "United States of America", "value": "11000", "unit": "kg"}, {"date": "2019-05-01", "country": "United States of America", "value": "0", "unit": "kg"}, {"date": "2019-06-01", "country": "United States of America", "value": "0", "unit": "kg"}, {"date": "2019-07-01", "country": "United States of America", "value": "0", "unit": "kg"}, {"date": "2019-08-01", "country": "United States of America", "value": "0", "unit": "kg"}, {"date": "2019-09-01", "country": "United States of America", "value": "0", "unit": "kg"}, {"date": "2019-10-01", "country": "United States of America", "value": "0", "unit": "kg"}, {"date": "2019-11-01", "country": "United States of America", "value": "0", "unit": "kg"}, {"date": "2019-12-01", "country": "United States of America", "value": "0", "unit": "kg"}, {"date": "2020-01-01", "country": "United States of America", "value": "0", "unit": "kg"}, {"date": "2020-02-01", "country": "United States of America", "value": "0", "unit": "kg"}, {"date": "2020-03-01", "country": "United States of America", "value": "0", "unit": "kg"}, {"date": "2020-04-01", "country": "United States of America", "value": "0", "unit": "kg"}, {"date": "2020-05-01", "country": "United States of America", "value": "0", "unit": "kg"}]