[{"date": "2018-11-01", "country": "Jamaica", "value": "0", "unit": "kg"}, {"date": "2018-12-01", "country": "Jamaica", "value": "0", "unit": "kg"}, {"date": "2019-01-01", "country": "Jamaica", "value": "0", "unit": "kg"}, {"date": "2019-02-01", "country": "Jamaica", "value": "0", "unit": "kg"}, {"date": "2019-03-01", "country": "Jamaica", "value": "0", "unit": "kg"}, {"date": "2019-04-01", "country": "Jamaica", "value": "0", "unit": "kg"}, {"date": "2019-05-01", "country": "Jamaica", "value": "0", "unit": "kg"}, {"date": "2019-06-01", "country": "Jamaica", "value": "0", "unit": "kg"}, {"date": "2019-07-01", "country": "Jamaica", "value": "0", "unit": "kg"}, {"date": "2019-08-01", "country": "Jamaica", "value": "0", "unit": "kg"}, {"date": "2019-09-01", "country": "Jamaica", "value": "36", "unit": "kg"}, {"date": "2019-10-01", "country": "Jamaica", "value": "0", "unit": "kg"}, {"date": "2019-11-01", "country": "Jamaica", "value": "0", "unit": "kg"}, {"date": "2019-12-01", "country": "Jamaica", "value": "0", "unit": "kg"}, {"date": "2020-01-01", "country": "Jamaica", "value": "0", "unit": "kg"}, {"date": "2020-02-01", "country": "Jamaica", "value": "0", "unit": "kg"}, {"date": "2020-03-01", "country": "Jamaica", "value": "0", "unit": "kg"}, {"date": "2020-04-01", "country": "Jamaica", "value": "0", "unit": "kg"}, {"date": "2018-11-01", "country": "Netherlands", "value": "509570", "unit": "kg"}, {"date": "2018-12-01", "country": "Netherlands", "value": "0", "unit": "kg"}, {"date": "2019-01-01", "country": "Netherlands", "value": "0", "unit": "kg"}, {"date": "2019-02-01", "country": "Netherlands", "value": "0", "unit": "kg"}, {"date": "2019-03-01", "country": "Netherlands", "value": "0", "unit": "kg"}, {"date": "2019-04-01", "country": "Netherlands", "value": "0", "unit": "kg"}, {"date": "2019-05-01", "country": "Netherlands", "value": "0", "unit": "kg"}, {"date": "2019-06-01", "country": "Netherlands", "value": "0", "unit": "kg"}, {"date": "2019-07-01", "country": "Netherlands", "value": "0", "unit": "kg"}, {"date": "2019-08-01", "country": "Netherlands", "value": "0", "unit": "kg"}, {"date": "2019-09-01", "country": "Netherlands", "value": "0", "unit": "kg"}, {"date": "2019-10-01", "country": "Netherlands", "value": "3000000", "unit": "kg"}, {"date": "2019-11-01", "country": "Netherlands", "value": "0", "unit": "kg"}, {"date": "2019-12-01", "country": "Netherlands", "value": "0", "unit": "kg"}, {"date": "2020-01-01", "country": "Netherlands", "value": "0", "unit": "kg"}, {"date": "2020-02-01", "country": "Netherlands", "value": "0", "unit": "kg"}, {"date": "2020-03-01", "country": "Netherlands", "value": "0", "unit": "kg"}, {"date": "2020-04-01", "country": "Netherlands", "value": "0", "unit": "kg"}, {"date": "2018-11-01", "country": "Portugal", "value": "0", "unit": "kg"}, {"date": "2018-12-01", "country": "Portugal", "value": "0", "unit": "kg"}, {"date": "2019-01-01", "country": "Portugal", "value": "0", "unit": "kg"}, {"date": "2019-02-01", "country": "Portugal", "value": "0", "unit": "kg"}, {"date": "2019-03-01", "country": "Portugal", "value": "0", "unit": "kg"}, {"date": "2019-04-01", "country": "Portugal", "value": "0", "unit": "kg"}, {"date": "2019-05-01", "country": "Portugal", "value": "0", "unit": "kg"}, {"date": "2019-06-01", "country": "Portugal", "value": "0", "unit": "kg"}, {"date": "2019-07-01", "country": "Portugal", "value": "0", "unit": "kg"}, {"date": "2019-08-01", "country": "Portugal", "value": "0", "unit": "kg"}, {"date": "2019-09-01", "country": "Portugal", "value": "0", "unit": "kg"}, {"date": "2019-10-01", "country": "Portugal", "value": "0", "unit": "kg"}, {"date": "2019-11-01", "country": "Portugal", "value": "0", "unit": "kg"}, {"date": "2019-12-01", "country": "Portugal", "value": "0", "unit": "kg"}, {"date": "2020-01-01", "country": "Portugal", "value": "0", "unit": "kg"}, {"date": "2020-02-01", "country": "Portugal", "value": "0", "unit": "kg"}, {"date": "2020-03-01", "country": "Portugal", "value": "0", "unit": "kg"}, {"date": "2020-04-01", "country": "Portugal", "value": "5250000", "unit": "kg"}, {"date": "2018-11-01", "country": "Trinidad and Tobago", "value": "0", "unit": "kg"}, {"date": "2018-12-01", "country": "Trinidad and Tobago", "value": "0", "unit": "kg"}, {"date": "2019-01-01", "country": "Trinidad and Tobago", "value": "0", "unit": "kg"}, {"date": "2019-02-01", "country": "Trinidad and Tobago", "value": "0", "unit": "kg"}, {"date": "2019-03-01", "country": "Trinidad and Tobago", "value": "0", "unit": "kg"}, {"date": "2019-04-01", "country": "Trinidad and Tobago", "value": "0", "unit": "kg"}, {"date": "2019-05-01", "country": "Trinidad and Tobago", "value": "0", "unit": "kg"}, {"date": "2019-06-01", "country": "Trinidad and Tobago", "value": "0", "unit": "kg"}, {"date": "2019-07-01", "country": "Trinidad and Tobago", "value": "0", "unit": "kg"}, {"date": "2019-08-01", "country": "Trinidad and Tobago", "value": "0", "unit": "kg"}, {"date": "2019-09-01", "country": "Trinidad and Tobago", "value": "0", "unit": "kg"}, {"date": "2019-10-01", "country": "Trinidad and Tobago", "value": "0", "unit": "kg"}, {"date": "2019-11-01", "country": "Trinidad and Tobago", "value": "0", "unit": "kg"}, {"date": "2019-12-01", "country": "Trinidad and Tobago", "value": "0", "unit": "kg"}, {"date": "2020-01-01", "country": "Trinidad and Tobago", "value": "0", "unit": "kg"}, {"date": "2020-02-01", "country": "Trinidad and Tobago", "value": "0", "unit": "kg"}, {"date": "2020-03-01", "country": "Trinidad and Tobago", "value": "0", "unit": "kg"}, {"date": "2020-04-01", "country": "Trinidad and Tobago", "value": "0", "unit": "kg"}, {"date": "2018-11-01", "country": "United Kingdom", "value": "0", "unit": "kg"}, {"date": "2018-12-01", "country": "United Kingdom", "value": "0", "unit": "kg"}, {"date": "2019-01-01", "country": "United Kingdom", "value": "0", "unit": "kg"}, {"date": "2019-02-01", "country": "United Kingdom", "value": "0", "unit": "kg"}, {"date": "2019-03-01", "country": "United Kingdom", "value": "0", "unit": "kg"}, {"date": "2019-04-01", "country": "United Kingdom", "value": "0", "unit": "kg"}, {"date": "2019-05-01", "country": "United Kingdom", "value": "0", "unit": "kg"}, {"date": "2019-06-01", "country": "United Kingdom", "value": "0", "unit": "kg"}, {"date": "2019-07-01", "country": "United Kingdom", "value": "0", "unit": "kg"}, {"date": "2019-08-01", "country": "United Kingdom", "value": "0", "unit": "kg"}, {"date": "2019-09-01", "country": "United Kingdom", "value": "0", "unit": "kg"}, {"date": "2019-10-01", "country": "United Kingdom", "value": "0", "unit": "kg"}, {"date": "2019-11-01", "country": "United Kingdom", "value": "0", "unit": "kg"}, {"date": "2019-12-01", "country": "United Kingdom", "value": "0", "unit": "kg"}, {"date": "2020-01-01", "country": "United Kingdom", "value": "3500000", "unit": "kg"}, {"date": "2020-02-01", "country": "United Kingdom", "value": "0", "unit": "kg"}, {"date": "2020-03-01", "country": "United Kingdom", "value": "0", "unit": "kg"}, {"date": "2020-04-01", "country": "United Kingdom", "value": "5300000", "unit": "kg"}, {"date": "2018-11-01", "country": "Costa Rica", "value": "0", "unit": "kg"}, {"date": "2018-12-01", "country": "Costa Rica", "value": "0", "unit": "kg"}, {"date": "2019-01-01", "country": "Costa Rica", "value": "0", "unit": "kg"}, {"date": "2019-02-01", "country": "Costa Rica", "value": "0", "unit": "kg"}, {"date": "2019-03-01", "country": "Costa Rica", "value": "0", "unit": "kg"}, {"date": "2019-04-01", "country": "Costa Rica", "value": "0", "unit": "kg"}, {"date": "2019-05-01", "country": "Costa Rica", "value": "0", "unit": "kg"}, {"date": "2019-06-01", "country": "Costa Rica", "value": "0", "unit": "kg"}, {"date": "2019-07-01", "country": "Costa Rica", "value": "0", "unit": "kg"}, {"date": "2019-08-01", "country": "Costa Rica", "value": "0", "unit": "kg"}, {"date": "2019-09-01", "country": "Costa Rica", "value": "0", "unit": "kg"}, {"date": "2019-10-01", "country": "Costa Rica", "value": "0", "unit": "kg"}, {"date": "2019-11-01", "country": "Costa Rica", "value": "0", "unit": "kg"}, {"date": "2019-12-01", "country": "Costa Rica", "value": "0", "unit": "kg"}, {"date": "2020-01-01", "country": "Costa Rica", "value": "0", "unit": "kg"}, {"date": "2020-02-01", "country": "Costa Rica", "value": "0", "unit": "kg"}, {"date": "2020-03-01", "country": "Costa Rica", "value": "20000", "unit": "kg"}, {"date": "2020-04-01", "country": "Costa Rica", "value": "0", "unit": "kg"}]