[{"date": "2018-12-01", "country_from": "PY", "country_to": "UY", "value": "0", "unit": "kg"}, {"date": "2019-01-01", "country_from": "PY", "country_to": "UY", "value": "0", "unit": "kg"}, {"date": "2019-02-01", "country_from": "PY", "country_to": "UY", "value": "0", "unit": "kg"}, {"date": "2019-03-01", "country_from": "PY", "country_to": "UY", "value": "0", "unit": "kg"}, {"date": "2019-04-01", "country_from": "PY", "country_to": "UY", "value": "0", "unit": "kg"}, {"date": "2019-05-01", "country_from": "PY", "country_to": "UY", "value": "0", "unit": "kg"}, {"date": "2019-06-01", "country_from": "PY", "country_to": "UY", "value": "0", "unit": "kg"}, {"date": "2019-07-01", "country_from": "PY", "country_to": "UY", "value": "0", "unit": "kg"}, {"date": "2019-08-01", "country_from": "PY", "country_to": "UY", "value": "0", "unit": "kg"}, {"date": "2019-09-01", "country_from": "PY", "country_to": "UY", "value": "0", "unit": "kg"}, {"date": "2019-10-01", "country_from": "PY", "country_to": "UY", "value": "0", "unit": "kg"}, {"date": "2019-11-01", "country_from": "PY", "country_to": "UY", "value": "0", "unit": "kg"}, {"date": "2019-12-01", "country_from": "PY", "country_to": "UY", "value": "0", "unit": "kg"}, {"date": "2020-01-01", "country_from": "PY", "country_to": "UY", "value": "0", "unit": "kg"}, {"date": "2020-02-01", "country_from": "PY", "country_to": "UY", "value": "0", "unit": "kg"}, {"date": "2020-03-01", "country_from": "PY", "country_to": "UY", "value": "0", "unit": "kg"}, {"date": "2020-04-01", "country_from": "PY", "country_to": "UY", "value": "0", "unit": "kg"}, {"date": "2020-05-01", "country_from": "PY", "country_to": "UY", "value": "0", "unit": "kg"}, {"date": "2020-06-01", "country_from": "PY", "country_to": "UY", "value": "0", "unit": "kg"}, {"date": "2020-07-01", "country_from": "PY", "country_to": "UY", "value": "10130000", "unit": "kg"}, {"date": "2018-12-01", "country_from": "PY", "country_to": "BR", "value": "9770000", "unit": "kg"}, {"date": "2019-01-01", "country_from": "PY", "country_to": "BR", "value": "5826200", "unit": "kg"}, {"date": "2019-02-01", "country_from": "PY", "country_to": "BR", "value": "13850610", "unit": "kg"}, {"date": "2019-03-01", "country_from": "PY", "country_to": "BR", "value": "11373200", "unit": "kg"}, {"date": "2019-04-01", "country_from": "PY", "country_to": "BR", "value": "16064340", "unit": "kg"}, {"date": "2019-05-01", "country_from": "PY", "country_to": "BR", "value": "15986940", "unit": "kg"}, {"date": "2019-06-01", "country_from": "PY", "country_to": "BR", "value": "15881100", "unit": "kg"}, {"date": "2019-07-01", "country_from": "PY", "country_to": "BR", "value": "23862110", "unit": "kg"}, {"date": "2019-08-01", "country_from": "PY", "country_to": "BR", "value": "21326400", "unit": "kg"}, {"date": "2019-09-01", "country_from": "PY", "country_to": "BR", "value": "18019600", "unit": "kg"}, {"date": "2019-10-01", "country_from": "PY", "country_to": "BR", "value": "15029200", "unit": "kg"}, {"date": "2019-11-01", "country_from": "PY", "country_to": "BR", "value": "15872200", "unit": "kg"}, {"date": "2019-12-01", "country_from": "PY", "country_to": "BR", "value": "8314700", "unit": "kg"}, {"date": "2020-01-01", "country_from": "PY", "country_to": "BR", "value": "18321200", "unit": "kg"}, {"date": "2020-02-01", "country_from": "PY", "country_to": "BR", "value": "11275200", "unit": "kg"}, {"date": "2020-03-01", "country_from": "PY", "country_to": "BR", "value": "33744200", "unit": "kg"}, {"date": "2020-04-01", "country_from": "PY", "country_to": "BR", "value": "7174000", "unit": "kg"}, {"date": "2020-05-01", "country_from": "PY", "country_to": "BR", "value": "4726400", "unit": "kg"}, {"date": "2020-06-01", "country_from": "PY", "country_to": "BR", "value": "9481430", "unit": "kg"}, {"date": "2020-07-01", "country_from": "PY", "country_to": "BR", "value": "8044810", "unit": "kg"}, {"date": "2018-12-01", "country_from": "PY", "country_to": "PT", "value": "0", "unit": "kg"}, {"date": "2019-01-01", "country_from": "PY", "country_to": "PT", "value": "0", "unit": "kg"}, {"date": "2019-02-01", "country_from": "PY", "country_to": "PT", "value": "3250530", "unit": "kg"}, {"date": "2019-03-01", "country_from": "PY", "country_to": "PT", "value": "3125260", "unit": "kg"}, {"date": "2019-04-01", "country_from": "PY", "country_to": "PT", "value": "1126010", "unit": "kg"}, {"date": "2019-05-01", "country_from": "PY", "country_to": "PT", "value": "500000", "unit": "kg"}, {"date": "2019-06-01", "country_from": "PY", "country_to": "PT", "value": "0", "unit": "kg"}, {"date": "2019-07-01", "country_from": "PY", "country_to": "PT", "value": "499660", "unit": "kg"}, {"date": "2019-08-01", "country_from": "PY", "country_to": "PT", "value": "520000", "unit": "kg"}, {"date": "2019-09-01", "country_from": "PY", "country_to": "PT", "value": "0", "unit": "kg"}, {"date": "2019-10-01", "country_from": "PY", "country_to": "PT", "value": "312000", "unit": "kg"}, {"date": "2019-11-01", "country_from": "PY", "country_to": "PT", "value": "520000", "unit": "kg"}, {"date": "2019-12-01", "country_from": "PY", "country_to": "PT", "value": "1287310", "unit": "kg"}, {"date": "2020-01-01", "country_from": "PY", "country_to": "PT", "value": "0", "unit": "kg"}, {"date": "2020-02-01", "country_from": "PY", "country_to": "PT", "value": "442000", "unit": "kg"}, {"date": "2020-03-01", "country_from": "PY", "country_to": "PT", "value": "517280", "unit": "kg"}, {"date": "2020-04-01", "country_from": "PY", "country_to": "PT", "value": "1540000", "unit": "kg"}, {"date": "2020-05-01", "country_from": "PY", "country_to": "PT", "value": "3218940", "unit": "kg"}, {"date": "2020-06-01", "country_from": "PY", "country_to": "PT", "value": "2124330", "unit": "kg"}, {"date": "2020-07-01", "country_from": "PY", "country_to": "PT", "value": "1830340", "unit": "kg"}, {"date": "2018-12-01", "country_from": "PY", "country_to": "BE", "value": "0", "unit": "kg"}, {"date": "2019-01-01", "country_from": "PY", "country_to": "BE", "value": "0", "unit": "kg"}, {"date": "2019-02-01", "country_from": "PY", "country_to": "BE", "value": "0", "unit": "kg"}, {"date": "2019-03-01", "country_from": "PY", "country_to": "BE", "value": "0", "unit": "kg"}, {"date": "2019-04-01", "country_from": "PY", "country_to": "BE", "value": "0", "unit": "kg"}, {"date": "2019-05-01", "country_from": "PY", "country_to": "BE", "value": "0", "unit": "kg"}, {"date": "2019-06-01", "country_from": "PY", "country_to": "BE", "value": "0", "unit": "kg"}, {"date": "2019-07-01", "country_from": "PY", "country_to": "BE", "value": "0", "unit": "kg"}, {"date": "2019-08-01", "country_from": "PY", "country_to": "BE", "value": "0", "unit": "kg"}, {"date": "2019-09-01", "country_from": "PY", "country_to": "BE", "value": "0", "unit": "kg"}, {"date": "2019-10-01", "country_from": "PY", "country_to": "BE", "value": "0", "unit": "kg"}, {"date": "2019-11-01", "country_from": "PY", "country_to": "BE", "value": "0", "unit": "kg"}, {"date": "2019-12-01", "country_from": "PY", "country_to": "BE", "value": "0", "unit": "kg"}, {"date": "2020-01-01", "country_from": "PY", "country_to": "BE", "value": "0", "unit": "kg"}, {"date": "2020-02-01", "country_from": "PY", "country_to": "BE", "value": "0", "unit": "kg"}, {"date": "2020-03-01", "country_from": "PY", "country_to": "BE", "value": "0", "unit": "kg"}, {"date": "2020-04-01", "country_from": "PY", "country_to": "BE", "value": "0", "unit": "kg"}, {"date": "2020-05-01", "country_from": "PY", "country_to": "BE", "value": "0", "unit": "kg"}, {"date": "2020-06-01", "country_from": "PY", "country_to": "BE", "value": "1021560", "unit": "kg"}, {"date": "2020-07-01", "country_from": "PY", "country_to": "BE", "value": "1004210", "unit": "kg"}, {"date": "2018-12-01", "country_from": "PY", "country_to": "ES", "value": "262680", "unit": "kg"}, {"date": "2019-01-01", "country_from": "PY", "country_to": "ES", "value": "0", "unit": "kg"}, {"date": "2019-02-01", "country_from": "PY", "country_to": "ES", "value": "500000", "unit": "kg"}, {"date": "2019-03-01", "country_from": "PY", "country_to": "ES", "value": "0", "unit": "kg"}, {"date": "2019-04-01", "country_from": "PY", "country_to": "ES", "value": "0", "unit": "kg"}, {"date": "2019-05-01", "country_from": "PY", "country_to": "ES", "value": "0", "unit": "kg"}, {"date": "2019-06-01", "country_from": "PY", "country_to": "ES", "value": "0", "unit": "kg"}, {"date": "2019-07-01", "country_from": "PY", "country_to": "ES", "value": "0", "unit": "kg"}, {"date": "2019-08-01", "country_from": "PY", "country_to": "ES", "value": "0", "unit": "kg"}, {"date": "2019-09-01", "country_from": "PY", "country_to": "ES", "value": "0", "unit": "kg"}, {"date": "2019-10-01", "country_from": "PY", "country_to": "ES", "value": "0", "unit": "kg"}, {"date": "2019-11-01", "country_from": "PY", "country_to": "ES", "value": "0", "unit": "kg"}, {"date": "2019-12-01", "country_from": "PY", "country_to": "ES", "value": "0", "unit": "kg"}, {"date": "2020-01-01", "country_from": "PY", "country_to": "ES", "value": "0", "unit": "kg"}, {"date": "2020-02-01", "country_from": "PY", "country_to": "ES", "value": "0", "unit": "kg"}, {"date": "2020-03-01", "country_from": "PY", "country_to": "ES", "value": "778144", "unit": "kg"}, {"date": "2020-04-01", "country_from": "PY", "country_to": "ES", "value": "0", "unit": "kg"}, {"date": "2020-05-01", "country_from": "PY", "country_to": "ES", "value": "1951150", "unit": "kg"}, {"date": "2020-06-01", "country_from": "PY", "country_to": "ES", "value": "300000", "unit": "kg"}, {"date": "2020-07-01", "country_from": "PY", "country_to": "ES", "value": "821570", "unit": "kg"}, {"date": "2018-12-01", "country_from": "PY", "country_to": "PL", "value": "400000", "unit": "kg"}, {"date": "2019-01-01", "country_from": "PY", "country_to": "PL", "value": "0", "unit": "kg"}, {"date": "2019-02-01", "country_from": "PY", "country_to": "PL", "value": "825000", "unit": "kg"}, {"date": "2019-03-01", "country_from": "PY", "country_to": "PL", "value": "875000", "unit": "kg"}, {"date": "2019-04-01", "country_from": "PY", "country_to": "PL", "value": "2074900", "unit": "kg"}, {"date": "2019-05-01", "country_from": "PY", "country_to": "PL", "value": "450000", "unit": "kg"}, {"date": "2019-06-01", "country_from": "PY", "country_to": "PL", "value": "250000", "unit": "kg"}, {"date": "2019-07-01", "country_from": "PY", "country_to": "PL", "value": "2120290", "unit": "kg"}, {"date": "2019-08-01", "country_from": "PY", "country_to": "PL", "value": "619540", "unit": "kg"}, {"date": "2019-09-01", "country_from": "PY", "country_to": "PL", "value": "1050000", "unit": "kg"}, {"date": "2019-10-01", "country_from": "PY", "country_to": "PL", "value": "597130", "unit": "kg"}, {"date": "2019-11-01", "country_from": "PY", "country_to": "PL", "value": "853140", "unit": "kg"}, {"date": "2019-12-01", "country_from": "PY", "country_to": "PL", "value": "650000", "unit": "kg"}, {"date": "2020-01-01", "country_from": "PY", "country_to": "PL", "value": "250000", "unit": "kg"}, {"date": "2020-02-01", "country_from": "PY", "country_to": "PL", "value": "250000", "unit": "kg"}, {"date": "2020-03-01", "country_from": "PY", "country_to": "PL", "value": "300990", "unit": "kg"}, {"date": "2020-04-01", "country_from": "PY", "country_to": "PL", "value": "1898730", "unit": "kg"}, {"date": "2020-05-01", "country_from": "PY", "country_to": "PL", "value": "499510", "unit": "kg"}, {"date": "2020-06-01", "country_from": "PY", "country_to": "PL", "value": "600000", "unit": "kg"}, {"date": "2020-07-01", "country_from": "PY", "country_to": "PL", "value": "600000", "unit": "kg"}, {"date": "2018-12-01", "country_from": "PY", "country_to": "NL", "value": "0", "unit": "kg"}, {"date": "2019-01-01", "country_from": "PY", "country_to": "NL", "value": "0", "unit": "kg"}, {"date": "2019-02-01", "country_from": "PY", "country_to": "NL", "value": "1800000", "unit": "kg"}, {"date": "2019-03-01", "country_from": "PY", "country_to": "NL", "value": "650000", "unit": "kg"}, {"date": "2019-04-01", "country_from": "PY", "country_to": "NL", "value": "125000", "unit": "kg"}, {"date": "2019-05-01", "country_from": "PY", "country_to": "NL", "value": "125000", "unit": "kg"}, {"date": "2019-06-01", "country_from": "PY", "country_to": "NL", "value": "0", "unit": "kg"}, {"date": "2019-07-01", "country_from": "PY", "country_to": "NL", "value": "200000", "unit": "kg"}, {"date": "2019-08-01", "country_from": "PY", "country_to": "NL", "value": "695000", "unit": "kg"}, {"date": "2019-09-01", "country_from": "PY", "country_to": "NL", "value": "0", "unit": "kg"}, {"date": "2019-10-01", "country_from": "PY", "country_to": "NL", "value": "0", "unit": "kg"}, {"date": "2019-11-01", "country_from": "PY", "country_to": "NL", "value": "0", "unit": "kg"}, {"date": "2019-12-01", "country_from": "PY", "country_to": "NL", "value": "0", "unit": "kg"}, {"date": "2020-01-01", "country_from": "PY", "country_to": "NL", "value": "0", "unit": "kg"}, {"date": "2020-02-01", "country_from": "PY", "country_to": "NL", "value": "600000", "unit": "kg"}, {"date": "2020-03-01", "country_from": "PY", "country_to": "NL", "value": "300000", "unit": "kg"}, {"date": "2020-04-01", "country_from": "PY", "country_to": "NL", "value": "800000", "unit": "kg"}, {"date": "2020-05-01", "country_from": "PY", "country_to": "NL", "value": "300000", "unit": "kg"}, {"date": "2020-06-01", "country_from": "PY", "country_to": "NL", "value": "1550000", "unit": "kg"}, {"date": "2020-07-01", "country_from": "PY", "country_to": "NL", "value": "500000", "unit": "kg"}, {"date": "2018-12-01", "country_from": "PY", "country_to": "NG", "value": "0", "unit": "kg"}, {"date": "2019-01-01", "country_from": "PY", "country_to": "NG", "value": "0", "unit": "kg"}, {"date": "2019-02-01", "country_from": "PY", "country_to": "NG", "value": "125000", "unit": "kg"}, {"date": "2019-03-01", "country_from": "PY", "country_to": "NG", "value": "100000", "unit": "kg"}, {"date": "2019-04-01", "country_from": "PY", "country_to": "NG", "value": "0", "unit": "kg"}, {"date": "2019-05-01", "country_from": "PY", "country_to": "NG", "value": "0", "unit": "kg"}, {"date": "2019-06-01", "country_from": "PY", "country_to": "NG", "value": "0", "unit": "kg"}, {"date": "2019-07-01", "country_from": "PY", "country_to": "NG", "value": "0", "unit": "kg"}, {"date": "2019-08-01", "country_from": "PY", "country_to": "NG", "value": "0", "unit": "kg"}, {"date": "2019-09-01", "country_from": "PY", "country_to": "NG", "value": "0", "unit": "kg"}, {"date": "2019-10-01", "country_from": "PY", "country_to": "NG", "value": "0", "unit": "kg"}, {"date": "2019-11-01", "country_from": "PY", "country_to": "NG", "value": "0", "unit": "kg"}, {"date": "2019-12-01", "country_from": "PY", "country_to": "NG", "value": "0", "unit": "kg"}, {"date": "2020-01-01", "country_from": "PY", "country_to": "NG", "value": "0", "unit": "kg"}, {"date": "2020-02-01", "country_from": "PY", "country_to": "NG", "value": "0", "unit": "kg"}, {"date": "2020-03-01", "country_from": "PY", "country_to": "NG", "value": "0", "unit": "kg"}, {"date": "2020-04-01", "country_from": "PY", "country_to": "NG", "value": "0", "unit": "kg"}, {"date": "2020-05-01", "country_from": "PY", "country_to": "NG", "value": "0", "unit": "kg"}, {"date": "2020-06-01", "country_from": "PY", "country_to": "NG", "value": "0", "unit": "kg"}, {"date": "2020-07-01", "country_from": "PY", "country_to": "NG", "value": "0", "unit": "kg"}, {"date": "2018-12-01", "country_from": "PY", "country_to": "GB", "value": "0", "unit": "kg"}, {"date": "2019-01-01", "country_from": "PY", "country_to": "GB", "value": "0", "unit": "kg"}, {"date": "2019-02-01", "country_from": "PY", "country_to": "GB", "value": "0", "unit": "kg"}, {"date": "2019-03-01", "country_from": "PY", "country_to": "GB", "value": "0", "unit": "kg"}, {"date": "2019-04-01", "country_from": "PY", "country_to": "GB", "value": "0", "unit": "kg"}, {"date": "2019-05-01", "country_from": "PY", "country_to": "GB", "value": "0", "unit": "kg"}, {"date": "2019-06-01", "country_from": "PY", "country_to": "GB", "value": "0", "unit": "kg"}, {"date": "2019-07-01", "country_from": "PY", "country_to": "GB", "value": "0", "unit": "kg"}, {"date": "2019-08-01", "country_from": "PY", "country_to": "GB", "value": "0", "unit": "kg"}, {"date": "2019-09-01", "country_from": "PY", "country_to": "GB", "value": "0", "unit": "kg"}, {"date": "2019-10-01", "country_from": "PY", "country_to": "GB", "value": "0", "unit": "kg"}, {"date": "2019-11-01", "country_from": "PY", "country_to": "GB", "value": "0", "unit": "kg"}, {"date": "2019-12-01", "country_from": "PY", "country_to": "GB", "value": "514350", "unit": "kg"}, {"date": "2020-01-01", "country_from": "PY", "country_to": "GB", "value": "0", "unit": "kg"}, {"date": "2020-02-01", "country_from": "PY", "country_to": "GB", "value": "0", "unit": "kg"}, {"date": "2020-03-01", "country_from": "PY", "country_to": "GB", "value": "0", "unit": "kg"}, {"date": "2020-04-01", "country_from": "PY", "country_to": "GB", "value": "503630", "unit": "kg"}, {"date": "2020-05-01", "country_from": "PY", "country_to": "GB", "value": "0", "unit": "kg"}, {"date": "2020-06-01", "country_from": "PY", "country_to": "GB", "value": "0", "unit": "kg"}, {"date": "2020-07-01", "country_from": "PY", "country_to": "GB", "value": "0", "unit": "kg"}, {"date": "2018-12-01", "country_from": "PY", "country_to": "US", "value": "0", "unit": "kg"}, {"date": "2019-01-01", "country_from": "PY", "country_to": "US", "value": "0", "unit": "kg"}, {"date": "2019-02-01", "country_from": "PY", "country_to": "US", "value": "0", "unit": "kg"}, {"date": "2019-03-01", "country_from": "PY", "country_to": "US", "value": "0", "unit": "kg"}, {"date": "2019-04-01", "country_from": "PY", "country_to": "US", "value": "0", "unit": "kg"}, {"date": "2019-05-01", "country_from": "PY", "country_to": "US", "value": "0", "unit": "kg"}, {"date": "2019-06-01", "country_from": "PY", "country_to": "US", "value": "0", "unit": "kg"}, {"date": "2019-07-01", "country_from": "PY", "country_to": "US", "value": "0", "unit": "kg"}, {"date": "2019-08-01", "country_from": "PY", "country_to": "US", "value": "0", "unit": "kg"}, {"date": "2019-09-01", "country_from": "PY", "country_to": "US", "value": "0", "unit": "kg"}, {"date": "2019-10-01", "country_from": "PY", "country_to": "US", "value": "0", "unit": "kg"}, {"date": "2019-11-01", "country_from": "PY", "country_to": "US", "value": "0", "unit": "kg"}, {"date": "2019-12-01", "country_from": "PY", "country_to": "US", "value": "0", "unit": "kg"}, {"date": "2020-01-01", "country_from": "PY", "country_to": "US", "value": "0", "unit": "kg"}, {"date": "2020-02-01", "country_from": "PY", "country_to": "US", "value": "0", "unit": "kg"}, {"date": "2020-03-01", "country_from": "PY", "country_to": "US", "value": "75000", "unit": "kg"}, {"date": "2020-04-01", "country_from": "PY", "country_to": "US", "value": "0", "unit": "kg"}, {"date": "2020-05-01", "country_from": "PY", "country_to": "US", "value": "0", "unit": "kg"}, {"date": "2020-06-01", "country_from": "PY", "country_to": "US", "value": "0", "unit": "kg"}, {"date": "2020-07-01", "country_from": "PY", "country_to": "US", "value": "0", "unit": "kg"}, {"date": "2018-12-01", "country_from": "PY", "country_to": "CM", "value": "0", "unit": "kg"}, {"date": "2019-01-01", "country_from": "PY", "country_to": "CM", "value": "100000", "unit": "kg"}, {"date": "2019-02-01", "country_from": "PY", "country_to": "CM", "value": "0", "unit": "kg"}, {"date": "2019-03-01", "country_from": "PY", "country_to": "CM", "value": "0", "unit": "kg"}, {"date": "2019-04-01", "country_from": "PY", "country_to": "CM", "value": "0", "unit": "kg"}, {"date": "2019-05-01", "country_from": "PY", "country_to": "CM", "value": "0", "unit": "kg"}, {"date": "2019-06-01", "country_from": "PY", "country_to": "CM", "value": "0", "unit": "kg"}, {"date": "2019-07-01", "country_from": "PY", "country_to": "CM", "value": "0", "unit": "kg"}, {"date": "2019-08-01", "country_from": "PY", "country_to": "CM", "value": "0", "unit": "kg"}, {"date": "2019-09-01", "country_from": "PY", "country_to": "CM", "value": "0", "unit": "kg"}, {"date": "2019-10-01", "country_from": "PY", "country_to": "CM", "value": "0", "unit": "kg"}, {"date": "2019-11-01", "country_from": "PY", "country_to": "CM", "value": "0", "unit": "kg"}, {"date": "2019-12-01", "country_from": "PY", "country_to": "CM", "value": "0", "unit": "kg"}, {"date": "2020-01-01", "country_from": "PY", "country_to": "CM", "value": "0", "unit": "kg"}, {"date": "2020-02-01", "country_from": "PY", "country_to": "CM", "value": "0", "unit": "kg"}, {"date": "2020-03-01", "country_from": "PY", "country_to": "CM", "value": "0", "unit": "kg"}, {"date": "2020-04-01", "country_from": "PY", "country_to": "CM", "value": "0", "unit": "kg"}, {"date": "2020-05-01", "country_from": "PY", "country_to": "CM", "value": "0", "unit": "kg"}, {"date": "2020-06-01", "country_from": "PY", "country_to": "CM", "value": "0", "unit": "kg"}, {"date": "2020-07-01", "country_from": "PY", "country_to": "CM", "value": "0", "unit": "kg"}, {"date": "2018-12-01", "country_from": "PY", "country_to": "FR", "value": "0", "unit": "kg"}, {"date": "2019-01-01", "country_from": "PY", "country_to": "FR", "value": "0", "unit": "kg"}, {"date": "2019-02-01", "country_from": "PY", "country_to": "FR", "value": "480960", "unit": "kg"}, {"date": "2019-03-01", "country_from": "PY", "country_to": "FR", "value": "481370", "unit": "kg"}, {"date": "2019-04-01", "country_from": "PY", "country_to": "FR", "value": "484980", "unit": "kg"}, {"date": "2019-05-01", "country_from": "PY", "country_to": "FR", "value": "484230", "unit": "kg"}, {"date": "2019-06-01", "country_from": "PY", "country_to": "FR", "value": "487146", "unit": "kg"}, {"date": "2019-07-01", "country_from": "PY", "country_to": "FR", "value": "1158310", "unit": "kg"}, {"date": "2019-08-01", "country_from": "PY", "country_to": "FR", "value": "162090", "unit": "kg"}, {"date": "2019-09-01", "country_from": "PY", "country_to": "FR", "value": "1955446", "unit": "kg"}, {"date": "2019-10-01", "country_from": "PY", "country_to": "FR", "value": "1566030", "unit": "kg"}, {"date": "2019-11-01", "country_from": "PY", "country_to": "FR", "value": "2430770", "unit": "kg"}, {"date": "2019-12-01", "country_from": "PY", "country_to": "FR", "value": "1311320", "unit": "kg"}, {"date": "2020-01-01", "country_from": "PY", "country_to": "FR", "value": "1245650", "unit": "kg"}, {"date": "2020-02-01", "country_from": "PY", "country_to": "FR", "value": "861560", "unit": "kg"}, {"date": "2020-03-01", "country_from": "PY", "country_to": "FR", "value": "161340", "unit": "kg"}, {"date": "2020-04-01", "country_from": "PY", "country_to": "FR", "value": "323060", "unit": "kg"}, {"date": "2020-05-01", "country_from": "PY", "country_to": "FR", "value": "0", "unit": "kg"}, {"date": "2020-06-01", "country_from": "PY", "country_to": "FR", "value": "538070", "unit": "kg"}, {"date": "2020-07-01", "country_from": "PY", "country_to": "FR", "value": "0", "unit": "kg"}, {"date": "2018-12-01", "country_from": "PY", "country_to": "DE", "value": "663150", "unit": "kg"}, {"date": "2019-01-01", "country_from": "PY", "country_to": "DE", "value": "0", "unit": "kg"}, {"date": "2019-02-01", "country_from": "PY", "country_to": "DE", "value": "0", "unit": "kg"}, {"date": "2019-03-01", "country_from": "PY", "country_to": "DE", "value": "1350580", "unit": "kg"}, {"date": "2019-04-01", "country_from": "PY", "country_to": "DE", "value": "0", "unit": "kg"}, {"date": "2019-05-01", "country_from": "PY", "country_to": "DE", "value": "674240", "unit": "kg"}, {"date": "2019-06-01", "country_from": "PY", "country_to": "DE", "value": "0", "unit": "kg"}, {"date": "2019-07-01", "country_from": "PY", "country_to": "DE", "value": "0", "unit": "kg"}, {"date": "2019-08-01", "country_from": "PY", "country_to": "DE", "value": "0", "unit": "kg"}, {"date": "2019-09-01", "country_from": "PY", "country_to": "DE", "value": "0", "unit": "kg"}, {"date": "2019-10-01", "country_from": "PY", "country_to": "DE", "value": "0", "unit": "kg"}, {"date": "2019-11-01", "country_from": "PY", "country_to": "DE", "value": "0", "unit": "kg"}, {"date": "2019-12-01", "country_from": "PY", "country_to": "DE", "value": "0", "unit": "kg"}, {"date": "2020-01-01", "country_from": "PY", "country_to": "DE", "value": "0", "unit": "kg"}, {"date": "2020-02-01", "country_from": "PY", "country_to": "DE", "value": "0", "unit": "kg"}, {"date": "2020-03-01", "country_from": "PY", "country_to": "DE", "value": "0", "unit": "kg"}, {"date": "2020-04-01", "country_from": "PY", "country_to": "DE", "value": "0", "unit": "kg"}, {"date": "2020-05-01", "country_from": "PY", "country_to": "DE", "value": "0", "unit": "kg"}, {"date": "2020-06-01", "country_from": "PY", "country_to": "DE", "value": "0", "unit": "kg"}, {"date": "2020-07-01", "country_from": "PY", "country_to": "DE", "value": "0", "unit": "kg"}, {"date": "2018-12-01", "country_from": "PY", "country_to": "GR", "value": "0", "unit": "kg"}, {"date": "2019-01-01", "country_from": "PY", "country_to": "GR", "value": "0", "unit": "kg"}, {"date": "2019-02-01", "country_from": "PY", "country_to": "GR", "value": "0", "unit": "kg"}, {"date": "2019-03-01", "country_from": "PY", "country_to": "GR", "value": "0", "unit": "kg"}, {"date": "2019-04-01", "country_from": "PY", "country_to": "GR", "value": "0", "unit": "kg"}, {"date": "2019-05-01", "country_from": "PY", "country_to": "GR", "value": "0", "unit": "kg"}, {"date": "2019-06-01", "country_from": "PY", "country_to": "GR", "value": "0", "unit": "kg"}, {"date": "2019-07-01", "country_from": "PY", "country_to": "GR", "value": "0", "unit": "kg"}, {"date": "2019-08-01", "country_from": "PY", "country_to": "GR", "value": "0", "unit": "kg"}, {"date": "2019-09-01", "country_from": "PY", "country_to": "GR", "value": "0", "unit": "kg"}, {"date": "2019-10-01", "country_from": "PY", "country_to": "GR", "value": "0", "unit": "kg"}, {"date": "2019-11-01", "country_from": "PY", "country_to": "GR", "value": "0", "unit": "kg"}, {"date": "2019-12-01", "country_from": "PY", "country_to": "GR", "value": "0", "unit": "kg"}, {"date": "2020-01-01", "country_from": "PY", "country_to": "GR", "value": "0", "unit": "kg"}, {"date": "2020-02-01", "country_from": "PY", "country_to": "GR", "value": "0", "unit": "kg"}, {"date": "2020-03-01", "country_from": "PY", "country_to": "GR", "value": "0", "unit": "kg"}, {"date": "2020-04-01", "country_from": "PY", "country_to": "GR", "value": "300000", "unit": "kg"}, {"date": "2020-05-01", "country_from": "PY", "country_to": "GR", "value": "500000", "unit": "kg"}, {"date": "2020-06-01", "country_from": "PY", "country_to": "GR", "value": "0", "unit": "kg"}, {"date": "2020-07-01", "country_from": "PY", "country_to": "GR", "value": "0", "unit": "kg"}, {"date": "2018-12-01", "country_from": "PY", "country_to": "IT", "value": "0", "unit": "kg"}, {"date": "2019-01-01", "country_from": "PY", "country_to": "IT", "value": "0", "unit": "kg"}, {"date": "2019-02-01", "country_from": "PY", "country_to": "IT", "value": "625110", "unit": "kg"}, {"date": "2019-03-01", "country_from": "PY", "country_to": "IT", "value": "0", "unit": "kg"}, {"date": "2019-04-01", "country_from": "PY", "country_to": "IT", "value": "0", "unit": "kg"}, {"date": "2019-05-01", "country_from": "PY", "country_to": "IT", "value": "0", "unit": "kg"}, {"date": "2019-06-01", "country_from": "PY", "country_to": "IT", "value": "0", "unit": "kg"}, {"date": "2019-07-01", "country_from": "PY", "country_to": "IT", "value": "0", "unit": "kg"}, {"date": "2019-08-01", "country_from": "PY", "country_to": "IT", "value": "0", "unit": "kg"}, {"date": "2019-09-01", "country_from": "PY", "country_to": "IT", "value": "0", "unit": "kg"}, {"date": "2019-10-01", "country_from": "PY", "country_to": "IT", "value": "0", "unit": "kg"}, {"date": "2019-11-01", "country_from": "PY", "country_to": "IT", "value": "0", "unit": "kg"}, {"date": "2019-12-01", "country_from": "PY", "country_to": "IT", "value": "0", "unit": "kg"}, {"date": "2020-01-01", "country_from": "PY", "country_to": "IT", "value": "0", "unit": "kg"}, {"date": "2020-02-01", "country_from": "PY", "country_to": "IT", "value": "0", "unit": "kg"}, {"date": "2020-03-01", "country_from": "PY", "country_to": "IT", "value": "0", "unit": "kg"}, {"date": "2020-04-01", "country_from": "PY", "country_to": "IT", "value": "0", "unit": "kg"}, {"date": "2020-05-01", "country_from": "PY", "country_to": "IT", "value": "0", "unit": "kg"}, {"date": "2020-06-01", "country_from": "PY", "country_to": "IT", "value": "0", "unit": "kg"}, {"date": "2020-07-01", "country_from": "PY", "country_to": "IT", "value": "0", "unit": "kg"}, {"date": "2018-12-01", "country_from": "PY", "country_to": "LT", "value": "0", "unit": "kg"}, {"date": "2019-01-01", "country_from": "PY", "country_to": "LT", "value": "0", "unit": "kg"}, {"date": "2019-02-01", "country_from": "PY", "country_to": "LT", "value": "0", "unit": "kg"}, {"date": "2019-03-01", "country_from": "PY", "country_to": "LT", "value": "0", "unit": "kg"}, {"date": "2019-04-01", "country_from": "PY", "country_to": "LT", "value": "50000", "unit": "kg"}, {"date": "2019-05-01", "country_from": "PY", "country_to": "LT", "value": "0", "unit": "kg"}, {"date": "2019-06-01", "country_from": "PY", "country_to": "LT", "value": "0", "unit": "kg"}, {"date": "2019-07-01", "country_from": "PY", "country_to": "LT", "value": "0", "unit": "kg"}, {"date": "2019-08-01", "country_from": "PY", "country_to": "LT", "value": "0", "unit": "kg"}, {"date": "2019-09-01", "country_from": "PY", "country_to": "LT", "value": "0", "unit": "kg"}, {"date": "2019-10-01", "country_from": "PY", "country_to": "LT", "value": "0", "unit": "kg"}, {"date": "2019-11-01", "country_from": "PY", "country_to": "LT", "value": "0", "unit": "kg"}, {"date": "2019-12-01", "country_from": "PY", "country_to": "LT", "value": "0", "unit": "kg"}, {"date": "2020-01-01", "country_from": "PY", "country_to": "LT", "value": "0", "unit": "kg"}, {"date": "2020-02-01", "country_from": "PY", "country_to": "LT", "value": "0", "unit": "kg"}, {"date": "2020-03-01", "country_from": "PY", "country_to": "LT", "value": "0", "unit": "kg"}, {"date": "2020-04-01", "country_from": "PY", "country_to": "LT", "value": "0", "unit": "kg"}, {"date": "2020-05-01", "country_from": "PY", "country_to": "LT", "value": "0", "unit": "kg"}, {"date": "2020-06-01", "country_from": "PY", "country_to": "LT", "value": "0", "unit": "kg"}, {"date": "2020-07-01", "country_from": "PY", "country_to": "LT", "value": "0", "unit": "kg"}, {"date": "2018-12-01", "country_from": "PY", "country_to": "MX", "value": "0", "unit": "kg"}, {"date": "2019-01-01", "country_from": "PY", "country_to": "MX", "value": "0", "unit": "kg"}, {"date": "2019-02-01", "country_from": "PY", "country_to": "MX", "value": "0", "unit": "kg"}, {"date": "2019-03-01", "country_from": "PY", "country_to": "MX", "value": "0", "unit": "kg"}, {"date": "2019-04-01", "country_from": "PY", "country_to": "MX", "value": "0", "unit": "kg"}, {"date": "2019-05-01", "country_from": "PY", "country_to": "MX", "value": "0", "unit": "kg"}, {"date": "2019-06-01", "country_from": "PY", "country_to": "MX", "value": "0", "unit": "kg"}, {"date": "2019-07-01", "country_from": "PY", "country_to": "MX", "value": "0", "unit": "kg"}, {"date": "2019-08-01", "country_from": "PY", "country_to": "MX", "value": "0", "unit": "kg"}, {"date": "2019-09-01", "country_from": "PY", "country_to": "MX", "value": "0", "unit": "kg"}, {"date": "2019-10-01", "country_from": "PY", "country_to": "MX", "value": "0", "unit": "kg"}, {"date": "2019-11-01", "country_from": "PY", "country_to": "MX", "value": "0", "unit": "kg"}, {"date": "2019-12-01", "country_from": "PY", "country_to": "MX", "value": "0", "unit": "kg"}, {"date": "2020-01-01", "country_from": "PY", "country_to": "MX", "value": "0", "unit": "kg"}, {"date": "2020-02-01", "country_from": "PY", "country_to": "MX", "value": "0", "unit": "kg"}, {"date": "2020-03-01", "country_from": "PY", "country_to": "MX", "value": "0", "unit": "kg"}, {"date": "2020-04-01", "country_from": "PY", "country_to": "MX", "value": "0", "unit": "kg"}, {"date": "2020-05-01", "country_from": "PY", "country_to": "MX", "value": "0", "unit": "kg"}, {"date": "2020-06-01", "country_from": "PY", "country_to": "MX", "value": "50000", "unit": "kg"}, {"date": "2020-07-01", "country_from": "PY", "country_to": "MX", "value": "0", "unit": "kg"}]