[{"date": "2018-08-01", "country": "United Arab Emirates", "value": "410", "unit": "kg"}, {"date": "2018-09-01", "country": "United Arab Emirates", "value": "60", "unit": "kg"}, {"date": "2018-10-01", "country": "United Arab Emirates", "value": "0", "unit": "kg"}, {"date": "2018-11-01", "country": "United Arab Emirates", "value": "0", "unit": "kg"}, {"date": "2018-12-01", "country": "United Arab Emirates", "value": "3875", "unit": "kg"}, {"date": "2019-01-01", "country": "United Arab Emirates", "value": "5000", "unit": "kg"}, {"date": "2019-02-01", "country": "United Arab Emirates", "value": "4781", "unit": "kg"}, {"date": "2019-03-01", "country": "United Arab Emirates", "value": "0", "unit": "kg"}, {"date": "2019-04-01", "country": "United Arab Emirates", "value": "1025", "unit": "kg"}, {"date": "2019-05-01", "country": "United Arab Emirates", "value": "392", "unit": "kg"}, {"date": "2019-06-01", "country": "United Arab Emirates", "value": "276", "unit": "kg"}, {"date": "2019-07-01", "country": "United Arab Emirates", "value": "0", "unit": "kg"}, {"date": "2019-08-01", "country": "United Arab Emirates", "value": "305", "unit": "kg"}, {"date": "2019-09-01", "country": "United Arab Emirates", "value": "106", "unit": "kg"}, {"date": "2019-10-01", "country": "United Arab Emirates", "value": "0", "unit": "kg"}, {"date": "2019-11-01", "country": "United Arab Emirates", "value": "1046", "unit": "kg"}, {"date": "2019-12-01", "country": "United Arab Emirates", "value": "1885", "unit": "kg"}, {"date": "2020-01-01", "country": "United Arab Emirates", "value": "747", "unit": "kg"}, {"date": "2018-08-01", "country": "Philippines", "value": "0", "unit": "kg"}, {"date": "2018-09-01", "country": "Philippines", "value": "0", "unit": "kg"}, {"date": "2018-10-01", "country": "Philippines", "value": "0", "unit": "kg"}, {"date": "2018-11-01", "country": "Philippines", "value": "0", "unit": "kg"}, {"date": "2018-12-01", "country": "Philippines", "value": "0", "unit": "kg"}, {"date": "2019-01-01", "country": "Philippines", "value": "0", "unit": "kg"}, {"date": "2019-02-01", "country": "Philippines", "value": "0", "unit": "kg"}, {"date": "2019-03-01", "country": "Philippines", "value": "0", "unit": "kg"}, {"date": "2019-04-01", "country": "Philippines", "value": "0", "unit": "kg"}, {"date": "2019-05-01", "country": "Philippines", "value": "0", "unit": "kg"}, {"date": "2019-06-01", "country": "Philippines", "value": "0", "unit": "kg"}, {"date": "2019-07-01", "country": "Philippines", "value": "0", "unit": "kg"}, {"date": "2019-08-01", "country": "Philippines", "value": "0", "unit": "kg"}, {"date": "2019-09-01", "country": "Philippines", "value": "0", "unit": "kg"}, {"date": "2019-10-01", "country": "Philippines", "value": "0", "unit": "kg"}, {"date": "2019-11-01", "country": "Philippines", "value": "0", "unit": "kg"}, {"date": "2019-12-01", "country": "Philippines", "value": "0", "unit": "kg"}, {"date": "2020-01-01", "country": "Philippines", "value": "0", "unit": "kg"}, {"date": "2018-08-01", "country": "Qatar", "value": "0", "unit": "kg"}, {"date": "2018-09-01", "country": "Qatar", "value": "0", "unit": "kg"}, {"date": "2018-10-01", "country": "Qatar", "value": "0", "unit": "kg"}, {"date": "2018-11-01", "country": "Qatar", "value": "0", "unit": "kg"}, {"date": "2018-12-01", "country": "Qatar", "value": "0", "unit": "kg"}, {"date": "2019-01-01", "country": "Qatar", "value": "0", "unit": "kg"}, {"date": "2019-02-01", "country": "Qatar", "value": "118", "unit": "kg"}, {"date": "2019-03-01", "country": "Qatar", "value": "0", "unit": "kg"}, {"date": "2019-04-01", "country": "Qatar", "value": "37", "unit": "kg"}, {"date": "2019-05-01", "country": "Qatar", "value": "0", "unit": "kg"}, {"date": "2019-06-01", "country": "Qatar", "value": "40", "unit": "kg"}, {"date": "2019-07-01", "country": "Qatar", "value": "0", "unit": "kg"}, {"date": "2019-08-01", "country": "Qatar", "value": "0", "unit": "kg"}, {"date": "2019-09-01", "country": "Qatar", "value": "54", "unit": "kg"}, {"date": "2019-10-01", "country": "Qatar", "value": "0", "unit": "kg"}, {"date": "2019-11-01", "country": "Qatar", "value": "5", "unit": "kg"}, {"date": "2019-12-01", "country": "Qatar", "value": "16", "unit": "kg"}, {"date": "2020-01-01", "country": "Qatar", "value": "0", "unit": "kg"}, {"date": "2018-08-01", "country": "Saudi Arabia", "value": "0", "unit": "kg"}, {"date": "2018-09-01", "country": "Saudi Arabia", "value": "0", "unit": "kg"}, {"date": "2018-10-01", "country": "Saudi Arabia", "value": "0", "unit": "kg"}, {"date": "2018-11-01", "country": "Saudi Arabia", "value": "0", "unit": "kg"}, {"date": "2018-12-01", "country": "Saudi Arabia", "value": "0", "unit": "kg"}, {"date": "2019-01-01", "country": "Saudi Arabia", "value": "0", "unit": "kg"}, {"date": "2019-02-01", "country": "Saudi Arabia", "value": "0", "unit": "kg"}, {"date": "2019-03-01", "country": "Saudi Arabia", "value": "0", "unit": "kg"}, {"date": "2019-04-01", "country": "Saudi Arabia", "value": "55", "unit": "kg"}, {"date": "2019-05-01", "country": "Saudi Arabia", "value": "0", "unit": "kg"}, {"date": "2019-06-01", "country": "Saudi Arabia", "value": "0", "unit": "kg"}, {"date": "2019-07-01", "country": "Saudi Arabia", "value": "0", "unit": "kg"}, {"date": "2019-08-01", "country": "Saudi Arabia", "value": "0", "unit": "kg"}, {"date": "2019-09-01", "country": "Saudi Arabia", "value": "0", "unit": "kg"}, {"date": "2019-10-01", "country": "Saudi Arabia", "value": "0", "unit": "kg"}, {"date": "2019-11-01", "country": "Saudi Arabia", "value": "0", "unit": "kg"}, {"date": "2019-12-01", "country": "Saudi Arabia", "value": "0", "unit": "kg"}, {"date": "2020-01-01", "country": "Saudi Arabia", "value": "0", "unit": "kg"}, {"date": "2018-08-01", "country": "Switzerland", "value": "0", "unit": "kg"}, {"date": "2018-09-01", "country": "Switzerland", "value": "0", "unit": "kg"}, {"date": "2018-10-01", "country": "Switzerland", "value": "0", "unit": "kg"}, {"date": "2018-11-01", "country": "Switzerland", "value": "0", "unit": "kg"}, {"date": "2018-12-01", "country": "Switzerland", "value": "0", "unit": "kg"}, {"date": "2019-01-01", "country": "Switzerland", "value": "0", "unit": "kg"}, {"date": "2019-02-01", "country": "Switzerland", "value": "0", "unit": "kg"}, {"date": "2019-03-01", "country": "Switzerland", "value": "0", "unit": "kg"}, {"date": "2019-04-01", "country": "Switzerland", "value": "0", "unit": "kg"}, {"date": "2019-05-01", "country": "Switzerland", "value": "0", "unit": "kg"}, {"date": "2019-06-01", "country": "Switzerland", "value": "106", "unit": "kg"}, {"date": "2019-07-01", "country": "Switzerland", "value": "0", "unit": "kg"}, {"date": "2019-08-01", "country": "Switzerland", "value": "0", "unit": "kg"}, {"date": "2019-09-01", "country": "Switzerland", "value": "0", "unit": "kg"}, {"date": "2019-10-01", "country": "Switzerland", "value": "0", "unit": "kg"}, {"date": "2019-11-01", "country": "Switzerland", "value": "0", "unit": "kg"}, {"date": "2019-12-01", "country": "Switzerland", "value": "0", "unit": "kg"}, {"date": "2020-01-01", "country": "Switzerland", "value": "0", "unit": "kg"}, {"date": "2018-08-01", "country": "Tanzania, United Republic of", "value": "0", "unit": "kg"}, {"date": "2018-09-01", "country": "Tanzania, United Republic of", "value": "0", "unit": "kg"}, {"date": "2018-10-01", "country": "Tanzania, United Republic of", "value": "3280", "unit": "kg"}, {"date": "2018-11-01", "country": "Tanzania, United Republic of", "value": "0", "unit": "kg"}, {"date": "2018-12-01", "country": "Tanzania, United Republic of", "value": "0", "unit": "kg"}, {"date": "2019-01-01", "country": "Tanzania, United Republic of", "value": "0", "unit": "kg"}, {"date": "2019-02-01", "country": "Tanzania, United Republic of", "value": "0", "unit": "kg"}, {"date": "2019-03-01", "country": "Tanzania, United Republic of", "value": "0", "unit": "kg"}, {"date": "2019-04-01", "country": "Tanzania, United Republic of", "value": "0", "unit": "kg"}, {"date": "2019-05-01", "country": "Tanzania, United Republic of", "value": "0", "unit": "kg"}, {"date": "2019-06-01", "country": "Tanzania, United Republic of", "value": "0", "unit": "kg"}, {"date": "2019-07-01", "country": "Tanzania, United Republic of", "value": "0", "unit": "kg"}, {"date": "2019-08-01", "country": "Tanzania, United Republic of", "value": "0", "unit": "kg"}, {"date": "2019-09-01", "country": "Tanzania, United Republic of", "value": "0", "unit": "kg"}, {"date": "2019-10-01", "country": "Tanzania, United Republic of", "value": "0", "unit": "kg"}, {"date": "2019-11-01", "country": "Tanzania, United Republic of", "value": "0", "unit": "kg"}, {"date": "2019-12-01", "country": "Tanzania, United Republic of", "value": "0", "unit": "kg"}, {"date": "2020-01-01", "country": "Tanzania, United Republic of", "value": "0", "unit": "kg"}, {"date": "2018-08-01", "country": "Afghanistan", "value": "0", "unit": "kg"}, {"date": "2018-09-01", "country": "Afghanistan", "value": "0", "unit": "kg"}, {"date": "2018-10-01", "country": "Afghanistan", "value": "0", "unit": "kg"}, {"date": "2018-11-01", "country": "Afghanistan", "value": "0", "unit": "kg"}, {"date": "2018-12-01", "country": "Afghanistan", "value": "0", "unit": "kg"}, {"date": "2019-01-01", "country": "Afghanistan", "value": "0", "unit": "kg"}, {"date": "2019-02-01", "country": "Afghanistan", "value": "934", "unit": "kg"}, {"date": "2019-03-01", "country": "Afghanistan", "value": "0", "unit": "kg"}, {"date": "2019-04-01", "country": "Afghanistan", "value": "612", "unit": "kg"}, {"date": "2019-05-01", "country": "Afghanistan", "value": "419", "unit": "kg"}, {"date": "2019-06-01", "country": "Afghanistan", "value": "428", "unit": "kg"}, {"date": "2019-07-01", "country": "Afghanistan", "value": "0", "unit": "kg"}, {"date": "2019-08-01", "country": "Afghanistan", "value": "0", "unit": "kg"}, {"date": "2019-09-01", "country": "Afghanistan", "value": "0", "unit": "kg"}, {"date": "2019-10-01", "country": "Afghanistan", "value": "0", "unit": "kg"}, {"date": "2019-11-01", "country": "Afghanistan", "value": "0", "unit": "kg"}, {"date": "2019-12-01", "country": "Afghanistan", "value": "0", "unit": "kg"}, {"date": "2020-01-01", "country": "Afghanistan", "value": "0", "unit": "kg"}, {"date": "2018-08-01", "country": "China", "value": "0", "unit": "kg"}, {"date": "2018-09-01", "country": "China", "value": "0", "unit": "kg"}, {"date": "2018-10-01", "country": "China", "value": "0", "unit": "kg"}, {"date": "2018-11-01", "country": "China", "value": "20256", "unit": "kg"}, {"date": "2018-12-01", "country": "China", "value": "0", "unit": "kg"}, {"date": "2019-01-01", "country": "China", "value": "0", "unit": "kg"}, {"date": "2019-02-01", "country": "China", "value": "0", "unit": "kg"}, {"date": "2019-03-01", "country": "China", "value": "0", "unit": "kg"}, {"date": "2019-04-01", "country": "China", "value": "0", "unit": "kg"}, {"date": "2019-05-01", "country": "China", "value": "0", "unit": "kg"}, {"date": "2019-06-01", "country": "China", "value": "0", "unit": "kg"}, {"date": "2019-07-01", "country": "China", "value": "0", "unit": "kg"}, {"date": "2019-08-01", "country": "China", "value": "0", "unit": "kg"}, {"date": "2019-09-01", "country": "China", "value": "0", "unit": "kg"}, {"date": "2019-10-01", "country": "China", "value": "0", "unit": "kg"}, {"date": "2019-11-01", "country": "China", "value": "0", "unit": "kg"}, {"date": "2019-12-01", "country": "China", "value": "0", "unit": "kg"}, {"date": "2020-01-01", "country": "China", "value": "0", "unit": "kg"}, {"date": "2018-08-01", "country": "Germany", "value": "0", "unit": "kg"}, {"date": "2018-09-01", "country": "Germany", "value": "0", "unit": "kg"}, {"date": "2018-10-01", "country": "Germany", "value": "0", "unit": "kg"}, {"date": "2018-11-01", "country": "Germany", "value": "0", "unit": "kg"}, {"date": "2018-12-01", "country": "Germany", "value": "0", "unit": "kg"}, {"date": "2019-01-01", "country": "Germany", "value": "0", "unit": "kg"}, {"date": "2019-02-01", "country": "Germany", "value": "0", "unit": "kg"}, {"date": "2019-03-01", "country": "Germany", "value": "0", "unit": "kg"}, {"date": "2019-04-01", "country": "Germany", "value": "0", "unit": "kg"}, {"date": "2019-05-01", "country": "Germany", "value": "0", "unit": "kg"}, {"date": "2019-06-01", "country": "Germany", "value": "0", "unit": "kg"}, {"date": "2019-07-01", "country": "Germany", "value": "0", "unit": "kg"}, {"date": "2019-08-01", "country": "Germany", "value": "0", "unit": "kg"}, {"date": "2019-09-01", "country": "Germany", "value": "0", "unit": "kg"}, {"date": "2019-10-01", "country": "Germany", "value": "0", "unit": "kg"}, {"date": "2019-11-01", "country": "Germany", "value": "0", "unit": "kg"}, {"date": "2019-12-01", "country": "Germany", "value": "0", "unit": "kg"}, {"date": "2020-01-01", "country": "Germany", "value": "76", "unit": "kg"}, {"date": "2018-08-01", "country": "Iraq", "value": "15", "unit": "kg"}, {"date": "2018-09-01", "country": "Iraq", "value": "0", "unit": "kg"}, {"date": "2018-10-01", "country": "Iraq", "value": "0", "unit": "kg"}, {"date": "2018-11-01", "country": "Iraq", "value": "0", "unit": "kg"}, {"date": "2018-12-01", "country": "Iraq", "value": "0", "unit": "kg"}, {"date": "2019-01-01", "country": "Iraq", "value": "0", "unit": "kg"}, {"date": "2019-02-01", "country": "Iraq", "value": "0", "unit": "kg"}, {"date": "2019-03-01", "country": "Iraq", "value": "0", "unit": "kg"}, {"date": "2019-04-01", "country": "Iraq", "value": "0", "unit": "kg"}, {"date": "2019-05-01", "country": "Iraq", "value": "0", "unit": "kg"}, {"date": "2019-06-01", "country": "Iraq", "value": "0", "unit": "kg"}, {"date": "2019-07-01", "country": "Iraq", "value": "0", "unit": "kg"}, {"date": "2019-08-01", "country": "Iraq", "value": "0", "unit": "kg"}, {"date": "2019-09-01", "country": "Iraq", "value": "0", "unit": "kg"}, {"date": "2019-10-01", "country": "Iraq", "value": "0", "unit": "kg"}, {"date": "2019-11-01", "country": "Iraq", "value": "0", "unit": "kg"}, {"date": "2019-12-01", "country": "Iraq", "value": "0", "unit": "kg"}, {"date": "2020-01-01", "country": "Iraq", "value": "0", "unit": "kg"}, {"date": "2018-08-01", "country": "Kazakhstan", "value": "0", "unit": "kg"}, {"date": "2018-09-01", "country": "Kazakhstan", "value": "0", "unit": "kg"}, {"date": "2018-10-01", "country": "Kazakhstan", "value": "0", "unit": "kg"}, {"date": "2018-11-01", "country": "Kazakhstan", "value": "314", "unit": "kg"}, {"date": "2018-12-01", "country": "Kazakhstan", "value": "0", "unit": "kg"}, {"date": "2019-01-01", "country": "Kazakhstan", "value": "0", "unit": "kg"}, {"date": "2019-02-01", "country": "Kazakhstan", "value": "0", "unit": "kg"}, {"date": "2019-03-01", "country": "Kazakhstan", "value": "0", "unit": "kg"}, {"date": "2019-04-01", "country": "Kazakhstan", "value": "0", "unit": "kg"}, {"date": "2019-05-01", "country": "Kazakhstan", "value": "0", "unit": "kg"}, {"date": "2019-06-01", "country": "Kazakhstan", "value": "0", "unit": "kg"}, {"date": "2019-07-01", "country": "Kazakhstan", "value": "0", "unit": "kg"}, {"date": "2019-08-01", "country": "Kazakhstan", "value": "0", "unit": "kg"}, {"date": "2019-09-01", "country": "Kazakhstan", "value": "0", "unit": "kg"}, {"date": "2019-10-01", "country": "Kazakhstan", "value": "0", "unit": "kg"}, {"date": "2019-11-01", "country": "Kazakhstan", "value": "0", "unit": "kg"}, {"date": "2019-12-01", "country": "Kazakhstan", "value": "0", "unit": "kg"}, {"date": "2020-01-01", "country": "Kazakhstan", "value": "0", "unit": "kg"}, {"date": "2018-08-01", "country": "Kenya", "value": "0", "unit": "kg"}, {"date": "2018-09-01", "country": "Kenya", "value": "102", "unit": "kg"}, {"date": "2018-10-01", "country": "Kenya", "value": "0", "unit": "kg"}, {"date": "2018-11-01", "country": "Kenya", "value": "2692", "unit": "kg"}, {"date": "2018-12-01", "country": "Kenya", "value": "0", "unit": "kg"}, {"date": "2019-01-01", "country": "Kenya", "value": "0", "unit": "kg"}, {"date": "2019-02-01", "country": "Kenya", "value": "0", "unit": "kg"}, {"date": "2019-03-01", "country": "Kenya", "value": "0", "unit": "kg"}, {"date": "2019-04-01", "country": "Kenya", "value": "0", "unit": "kg"}, {"date": "2019-05-01", "country": "Kenya", "value": "0", "unit": "kg"}, {"date": "2019-06-01", "country": "Kenya", "value": "0", "unit": "kg"}, {"date": "2019-07-01", "country": "Kenya", "value": "0", "unit": "kg"}, {"date": "2019-08-01", "country": "Kenya", "value": "0", "unit": "kg"}, {"date": "2019-09-01", "country": "Kenya", "value": "0", "unit": "kg"}, {"date": "2019-10-01", "country": "Kenya", "value": "0", "unit": "kg"}, {"date": "2019-11-01", "country": "Kenya", "value": "0", "unit": "kg"}, {"date": "2019-12-01", "country": "Kenya", "value": "0", "unit": "kg"}, {"date": "2020-01-01", "country": "Kenya", "value": "0", "unit": "kg"}, {"date": "2018-08-01", "country": "Kuwait", "value": "0", "unit": "kg"}, {"date": "2018-09-01", "country": "Kuwait", "value": "0", "unit": "kg"}, {"date": "2018-10-01", "country": "Kuwait", "value": "0", "unit": "kg"}, {"date": "2018-11-01", "country": "Kuwait", "value": "0", "unit": "kg"}, {"date": "2018-12-01", "country": "Kuwait", "value": "543", "unit": "kg"}, {"date": "2019-01-01", "country": "Kuwait", "value": "0", "unit": "kg"}, {"date": "2019-02-01", "country": "Kuwait", "value": "52", "unit": "kg"}, {"date": "2019-03-01", "country": "Kuwait", "value": "0", "unit": "kg"}, {"date": "2019-04-01", "country": "Kuwait", "value": "0", "unit": "kg"}, {"date": "2019-05-01", "country": "Kuwait", "value": "0", "unit": "kg"}, {"date": "2019-06-01", "country": "Kuwait", "value": "2", "unit": "kg"}, {"date": "2019-07-01", "country": "Kuwait", "value": "0", "unit": "kg"}, {"date": "2019-08-01", "country": "Kuwait", "value": "12", "unit": "kg"}, {"date": "2019-09-01", "country": "Kuwait", "value": "30", "unit": "kg"}, {"date": "2019-10-01", "country": "Kuwait", "value": "0", "unit": "kg"}, {"date": "2019-11-01", "country": "Kuwait", "value": "11", "unit": "kg"}, {"date": "2019-12-01", "country": "Kuwait", "value": "0", "unit": "kg"}, {"date": "2020-01-01", "country": "Kuwait", "value": "0", "unit": "kg"}, {"date": "2018-08-01", "country": "Lithuania", "value": "0", "unit": "kg"}, {"date": "2018-09-01", "country": "Lithuania", "value": "0", "unit": "kg"}, {"date": "2018-10-01", "country": "Lithuania", "value": "0", "unit": "kg"}, {"date": "2018-11-01", "country": "Lithuania", "value": "50", "unit": "kg"}, {"date": "2018-12-01", "country": "Lithuania", "value": "0", "unit": "kg"}, {"date": "2019-01-01", "country": "Lithuania", "value": "0", "unit": "kg"}, {"date": "2019-02-01", "country": "Lithuania", "value": "0", "unit": "kg"}, {"date": "2019-03-01", "country": "Lithuania", "value": "0", "unit": "kg"}, {"date": "2019-04-01", "country": "Lithuania", "value": "0", "unit": "kg"}, {"date": "2019-05-01", "country": "Lithuania", "value": "0", "unit": "kg"}, {"date": "2019-06-01", "country": "Lithuania", "value": "0", "unit": "kg"}, {"date": "2019-07-01", "country": "Lithuania", "value": "0", "unit": "kg"}, {"date": "2019-08-01", "country": "Lithuania", "value": "0", "unit": "kg"}, {"date": "2019-09-01", "country": "Lithuania", "value": "0", "unit": "kg"}, {"date": "2019-10-01", "country": "Lithuania", "value": "0", "unit": "kg"}, {"date": "2019-11-01", "country": "Lithuania", "value": "0", "unit": "kg"}, {"date": "2019-12-01", "country": "Lithuania", "value": "0", "unit": "kg"}, {"date": "2020-01-01", "country": "Lithuania", "value": "0", "unit": "kg"}, {"date": "2018-08-01", "country": "Madagascar", "value": "0", "unit": "kg"}, {"date": "2018-09-01", "country": "Madagascar", "value": "0", "unit": "kg"}, {"date": "2018-10-01", "country": "Madagascar", "value": "0", "unit": "kg"}, {"date": "2018-11-01", "country": "Madagascar", "value": "135", "unit": "kg"}, {"date": "2018-12-01", "country": "Madagascar", "value": "0", "unit": "kg"}, {"date": "2019-01-01", "country": "Madagascar", "value": "0", "unit": "kg"}, {"date": "2019-02-01", "country": "Madagascar", "value": "0", "unit": "kg"}, {"date": "2019-03-01", "country": "Madagascar", "value": "0", "unit": "kg"}, {"date": "2019-04-01", "country": "Madagascar", "value": "0", "unit": "kg"}, {"date": "2019-05-01", "country": "Madagascar", "value": "0", "unit": "kg"}, {"date": "2019-06-01", "country": "Madagascar", "value": "0", "unit": "kg"}, {"date": "2019-07-01", "country": "Madagascar", "value": "0", "unit": "kg"}, {"date": "2019-08-01", "country": "Madagascar", "value": "0", "unit": "kg"}, {"date": "2019-09-01", "country": "Madagascar", "value": "0", "unit": "kg"}, {"date": "2019-10-01", "country": "Madagascar", "value": "0", "unit": "kg"}, {"date": "2019-11-01", "country": "Madagascar", "value": "0", "unit": "kg"}, {"date": "2019-12-01", "country": "Madagascar", "value": "0", "unit": "kg"}, {"date": "2020-01-01", "country": "Madagascar", "value": "0", "unit": "kg"}, {"date": "2018-08-01", "country": "Malaysia", "value": "0", "unit": "kg"}, {"date": "2018-09-01", "country": "Malaysia", "value": "0", "unit": "kg"}, {"date": "2018-10-01", "country": "Malaysia", "value": "0", "unit": "kg"}, {"date": "2018-11-01", "country": "Malaysia", "value": "0", "unit": "kg"}, {"date": "2018-12-01", "country": "Malaysia", "value": "0", "unit": "kg"}, {"date": "2019-01-01", "country": "Malaysia", "value": "0", "unit": "kg"}, {"date": "2019-02-01", "country": "Malaysia", "value": "0", "unit": "kg"}, {"date": "2019-03-01", "country": "Malaysia", "value": "0", "unit": "kg"}, {"date": "2019-04-01", "country": "Malaysia", "value": "0", "unit": "kg"}, {"date": "2019-05-01", "country": "Malaysia", "value": "0", "unit": "kg"}, {"date": "2019-06-01", "country": "Malaysia", "value": "0", "unit": "kg"}, {"date": "2019-07-01", "country": "Malaysia", "value": "0", "unit": "kg"}, {"date": "2019-08-01", "country": "Malaysia", "value": "0", "unit": "kg"}, {"date": "2019-09-01", "country": "Malaysia", "value": "0", "unit": "kg"}, {"date": "2019-10-01", "country": "Malaysia", "value": "0", "unit": "kg"}, {"date": "2019-11-01", "country": "Malaysia", "value": "69", "unit": "kg"}, {"date": "2019-12-01", "country": "Malaysia", "value": "0", "unit": "kg"}, {"date": "2020-01-01", "country": "Malaysia", "value": "0", "unit": "kg"}, {"date": "2018-08-01", "country": "Netherlands", "value": "0", "unit": "kg"}, {"date": "2018-09-01", "country": "Netherlands", "value": "0", "unit": "kg"}, {"date": "2018-10-01", "country": "Netherlands", "value": "0", "unit": "kg"}, {"date": "2018-11-01", "country": "Netherlands", "value": "0", "unit": "kg"}, {"date": "2018-12-01", "country": "Netherlands", "value": "0", "unit": "kg"}, {"date": "2019-01-01", "country": "Netherlands", "value": "0", "unit": "kg"}, {"date": "2019-02-01", "country": "Netherlands", "value": "0", "unit": "kg"}, {"date": "2019-03-01", "country": "Netherlands", "value": "0", "unit": "kg"}, {"date": "2019-04-01", "country": "Netherlands", "value": "0", "unit": "kg"}, {"date": "2019-05-01", "country": "Netherlands", "value": "61", "unit": "kg"}, {"date": "2019-06-01", "country": "Netherlands", "value": "0", "unit": "kg"}, {"date": "2019-07-01", "country": "Netherlands", "value": "0", "unit": "kg"}, {"date": "2019-08-01", "country": "Netherlands", "value": "0", "unit": "kg"}, {"date": "2019-09-01", "country": "Netherlands", "value": "0", "unit": "kg"}, {"date": "2019-10-01", "country": "Netherlands", "value": "0", "unit": "kg"}, {"date": "2019-11-01", "country": "Netherlands", "value": "0", "unit": "kg"}, {"date": "2019-12-01", "country": "Netherlands", "value": "0", "unit": "kg"}, {"date": "2020-01-01", "country": "Netherlands", "value": "0", "unit": "kg"}]