[{"date": "2018-12-01", "country_from": "ZA", "country_to": "BW", "value": "50400", "unit": "kg"}, {"date": "2019-01-01", "country_from": "ZA", "country_to": "BW", "value": "43684", "unit": "kg"}, {"date": "2019-02-01", "country_from": "ZA", "country_to": "BW", "value": "140123", "unit": "kg"}, {"date": "2019-03-01", "country_from": "ZA", "country_to": "BW", "value": "2291", "unit": "kg"}, {"date": "2019-04-01", "country_from": "ZA", "country_to": "BW", "value": "1497", "unit": "kg"}, {"date": "2019-05-01", "country_from": "ZA", "country_to": "BW", "value": "5539", "unit": "kg"}, {"date": "2019-06-01", "country_from": "ZA", "country_to": "BW", "value": "3637", "unit": "kg"}, {"date": "2019-07-01", "country_from": "ZA", "country_to": "BW", "value": "42108", "unit": "kg"}, {"date": "2019-08-01", "country_from": "ZA", "country_to": "BW", "value": "6752", "unit": "kg"}, {"date": "2019-09-01", "country_from": "ZA", "country_to": "BW", "value": "1546", "unit": "kg"}, {"date": "2019-10-01", "country_from": "ZA", "country_to": "BW", "value": "2199", "unit": "kg"}, {"date": "2019-11-01", "country_from": "ZA", "country_to": "BW", "value": "36851", "unit": "kg"}, {"date": "2019-12-01", "country_from": "ZA", "country_to": "BW", "value": "2805", "unit": "kg"}, {"date": "2020-01-01", "country_from": "ZA", "country_to": "BW", "value": "9105", "unit": "kg"}, {"date": "2020-02-01", "country_from": "ZA", "country_to": "BW", "value": "9340", "unit": "kg"}, {"date": "2020-03-01", "country_from": "ZA", "country_to": "BW", "value": "10436", "unit": "kg"}, {"date": "2020-04-01", "country_from": "ZA", "country_to": "BW", "value": "39250", "unit": "kg"}, {"date": "2020-05-01", "country_from": "ZA", "country_to": "BW", "value": "9617", "unit": "kg"}, {"date": "2020-06-01", "country_from": "ZA", "country_to": "BW", "value": "37838", "unit": "kg"}, {"date": "2020-07-01", "country_from": "ZA", "country_to": "BW", "value": "39401", "unit": "kg"}, {"date": "2018-12-01", "country_from": "ZA", "country_to": "NA", "value": "91164", "unit": "kg"}, {"date": "2019-01-01", "country_from": "ZA", "country_to": "NA", "value": "48853", "unit": "kg"}, {"date": "2019-02-01", "country_from": "ZA", "country_to": "NA", "value": "105151", "unit": "kg"}, {"date": "2019-03-01", "country_from": "ZA", "country_to": "NA", "value": "141831", "unit": "kg"}, {"date": "2019-04-01", "country_from": "ZA", "country_to": "NA", "value": "54128", "unit": "kg"}, {"date": "2019-05-01", "country_from": "ZA", "country_to": "NA", "value": "62185", "unit": "kg"}, {"date": "2019-06-01", "country_from": "ZA", "country_to": "NA", "value": "73904", "unit": "kg"}, {"date": "2019-07-01", "country_from": "ZA", "country_to": "NA", "value": "82647", "unit": "kg"}, {"date": "2019-08-01", "country_from": "ZA", "country_to": "NA", "value": "85617", "unit": "kg"}, {"date": "2019-09-01", "country_from": "ZA", "country_to": "NA", "value": "62174", "unit": "kg"}, {"date": "2019-10-01", "country_from": "ZA", "country_to": "NA", "value": "83210", "unit": "kg"}, {"date": "2019-11-01", "country_from": "ZA", "country_to": "NA", "value": "70537", "unit": "kg"}, {"date": "2019-12-01", "country_from": "ZA", "country_to": "NA", "value": "96604", "unit": "kg"}, {"date": "2020-01-01", "country_from": "ZA", "country_to": "NA", "value": "47138", "unit": "kg"}, {"date": "2020-02-01", "country_from": "ZA", "country_to": "NA", "value": "63569", "unit": "kg"}, {"date": "2020-03-01", "country_from": "ZA", "country_to": "NA", "value": "108495", "unit": "kg"}, {"date": "2020-04-01", "country_from": "ZA", "country_to": "NA", "value": "110864", "unit": "kg"}, {"date": "2020-05-01", "country_from": "ZA", "country_to": "NA", "value": "87396", "unit": "kg"}, {"date": "2020-06-01", "country_from": "ZA", "country_to": "NA", "value": "53237", "unit": "kg"}, {"date": "2020-07-01", "country_from": "ZA", "country_to": "NA", "value": "33995", "unit": "kg"}, {"date": "2018-12-01", "country_from": "ZA", "country_to": "ZW", "value": "338015", "unit": "kg"}, {"date": "2019-01-01", "country_from": "ZA", "country_to": "ZW", "value": "0", "unit": "kg"}, {"date": "2019-02-01", "country_from": "ZA", "country_to": "ZW", "value": "0", "unit": "kg"}, {"date": "2019-03-01", "country_from": "ZA", "country_to": "ZW", "value": "0", "unit": "kg"}, {"date": "2019-04-01", "country_from": "ZA", "country_to": "ZW", "value": "0", "unit": "kg"}, {"date": "2019-05-01", "country_from": "ZA", "country_to": "ZW", "value": "1170", "unit": "kg"}, {"date": "2019-06-01", "country_from": "ZA", "country_to": "ZW", "value": "0", "unit": "kg"}, {"date": "2019-07-01", "country_from": "ZA", "country_to": "ZW", "value": "0", "unit": "kg"}, {"date": "2019-08-01", "country_from": "ZA", "country_to": "ZW", "value": "0", "unit": "kg"}, {"date": "2019-09-01", "country_from": "ZA", "country_to": "ZW", "value": "0", "unit": "kg"}, {"date": "2019-10-01", "country_from": "ZA", "country_to": "ZW", "value": "0", "unit": "kg"}, {"date": "2019-11-01", "country_from": "ZA", "country_to": "ZW", "value": "0", "unit": "kg"}, {"date": "2019-12-01", "country_from": "ZA", "country_to": "ZW", "value": "0", "unit": "kg"}, {"date": "2020-01-01", "country_from": "ZA", "country_to": "ZW", "value": "0", "unit": "kg"}, {"date": "2020-02-01", "country_from": "ZA", "country_to": "ZW", "value": "0", "unit": "kg"}, {"date": "2020-03-01", "country_from": "ZA", "country_to": "ZW", "value": "1550", "unit": "kg"}, {"date": "2020-04-01", "country_from": "ZA", "country_to": "ZW", "value": "0", "unit": "kg"}, {"date": "2020-05-01", "country_from": "ZA", "country_to": "ZW", "value": "10390", "unit": "kg"}, {"date": "2020-06-01", "country_from": "ZA", "country_to": "ZW", "value": "9756", "unit": "kg"}, {"date": "2020-07-01", "country_from": "ZA", "country_to": "ZW", "value": "14349", "unit": "kg"}, {"date": "2018-12-01", "country_from": "ZA", "country_to": "SZ", "value": "47814", "unit": "kg"}, {"date": "2019-01-01", "country_from": "ZA", "country_to": "SZ", "value": "40901", "unit": "kg"}, {"date": "2019-02-01", "country_from": "ZA", "country_to": "SZ", "value": "41298", "unit": "kg"}, {"date": "2019-03-01", "country_from": "ZA", "country_to": "SZ", "value": "6347", "unit": "kg"}, {"date": "2019-04-01", "country_from": "ZA", "country_to": "SZ", "value": "39362", "unit": "kg"}, {"date": "2019-05-01", "country_from": "ZA", "country_to": "SZ", "value": "45881", "unit": "kg"}, {"date": "2019-06-01", "country_from": "ZA", "country_to": "SZ", "value": "6008", "unit": "kg"}, {"date": "2019-07-01", "country_from": "ZA", "country_to": "SZ", "value": "20651", "unit": "kg"}, {"date": "2019-08-01", "country_from": "ZA", "country_to": "SZ", "value": "6464", "unit": "kg"}, {"date": "2019-09-01", "country_from": "ZA", "country_to": "SZ", "value": "45475", "unit": "kg"}, {"date": "2019-10-01", "country_from": "ZA", "country_to": "SZ", "value": "7084", "unit": "kg"}, {"date": "2019-11-01", "country_from": "ZA", "country_to": "SZ", "value": "4407", "unit": "kg"}, {"date": "2019-12-01", "country_from": "ZA", "country_to": "SZ", "value": "14579", "unit": "kg"}, {"date": "2020-01-01", "country_from": "ZA", "country_to": "SZ", "value": "13842", "unit": "kg"}, {"date": "2020-02-01", "country_from": "ZA", "country_to": "SZ", "value": "3552", "unit": "kg"}, {"date": "2020-03-01", "country_from": "ZA", "country_to": "SZ", "value": "13114", "unit": "kg"}, {"date": "2020-04-01", "country_from": "ZA", "country_to": "SZ", "value": "9729", "unit": "kg"}, {"date": "2020-05-01", "country_from": "ZA", "country_to": "SZ", "value": "16509", "unit": "kg"}, {"date": "2020-06-01", "country_from": "ZA", "country_to": "SZ", "value": "3392", "unit": "kg"}, {"date": "2020-07-01", "country_from": "ZA", "country_to": "SZ", "value": "10667", "unit": "kg"}, {"date": "2018-12-01", "country_from": "ZA", "country_to": "-", "value": "0", "unit": "kg"}, {"date": "2019-01-01", "country_from": "ZA", "country_to": "-", "value": "0", "unit": "kg"}, {"date": "2019-02-01", "country_from": "ZA", "country_to": "-", "value": "0", "unit": "kg"}, {"date": "2019-03-01", "country_from": "ZA", "country_to": "-", "value": "0", "unit": "kg"}, {"date": "2019-04-01", "country_from": "ZA", "country_to": "-", "value": "4000", "unit": "kg"}, {"date": "2019-05-01", "country_from": "ZA", "country_to": "-", "value": "0", "unit": "kg"}, {"date": "2019-06-01", "country_from": "ZA", "country_to": "-", "value": "0", "unit": "kg"}, {"date": "2019-07-01", "country_from": "ZA", "country_to": "-", "value": "0", "unit": "kg"}, {"date": "2019-08-01", "country_from": "ZA", "country_to": "-", "value": "0", "unit": "kg"}, {"date": "2019-09-01", "country_from": "ZA", "country_to": "-", "value": "0", "unit": "kg"}, {"date": "2019-10-01", "country_from": "ZA", "country_to": "-", "value": "0", "unit": "kg"}, {"date": "2019-11-01", "country_from": "ZA", "country_to": "-", "value": "0", "unit": "kg"}, {"date": "2019-12-01", "country_from": "ZA", "country_to": "-", "value": "0", "unit": "kg"}, {"date": "2020-01-01", "country_from": "ZA", "country_to": "-", "value": "0", "unit": "kg"}, {"date": "2020-02-01", "country_from": "ZA", "country_to": "-", "value": "0", "unit": "kg"}, {"date": "2020-03-01", "country_from": "ZA", "country_to": "-", "value": "0", "unit": "kg"}, {"date": "2020-04-01", "country_from": "ZA", "country_to": "-", "value": "0", "unit": "kg"}, {"date": "2020-05-01", "country_from": "ZA", "country_to": "-", "value": "0", "unit": "kg"}, {"date": "2020-06-01", "country_from": "ZA", "country_to": "-", "value": "0", "unit": "kg"}, {"date": "2020-07-01", "country_from": "ZA", "country_to": "-", "value": "0", "unit": "kg"}, {"date": "2018-12-01", "country_from": "ZA", "country_to": "US", "value": "37500", "unit": "kg"}, {"date": "2019-01-01", "country_from": "ZA", "country_to": "US", "value": "0", "unit": "kg"}, {"date": "2019-02-01", "country_from": "ZA", "country_to": "US", "value": "0", "unit": "kg"}, {"date": "2019-03-01", "country_from": "ZA", "country_to": "US", "value": "0", "unit": "kg"}, {"date": "2019-04-01", "country_from": "ZA", "country_to": "US", "value": "0", "unit": "kg"}, {"date": "2019-05-01", "country_from": "ZA", "country_to": "US", "value": "0", "unit": "kg"}, {"date": "2019-06-01", "country_from": "ZA", "country_to": "US", "value": "0", "unit": "kg"}, {"date": "2019-07-01", "country_from": "ZA", "country_to": "US", "value": "0", "unit": "kg"}, {"date": "2019-08-01", "country_from": "ZA", "country_to": "US", "value": "0", "unit": "kg"}, {"date": "2019-09-01", "country_from": "ZA", "country_to": "US", "value": "0", "unit": "kg"}, {"date": "2019-10-01", "country_from": "ZA", "country_to": "US", "value": "0", "unit": "kg"}, {"date": "2019-11-01", "country_from": "ZA", "country_to": "US", "value": "0", "unit": "kg"}, {"date": "2019-12-01", "country_from": "ZA", "country_to": "US", "value": "0", "unit": "kg"}, {"date": "2020-01-01", "country_from": "ZA", "country_to": "US", "value": "0", "unit": "kg"}, {"date": "2020-02-01", "country_from": "ZA", "country_to": "US", "value": "0", "unit": "kg"}, {"date": "2020-03-01", "country_from": "ZA", "country_to": "US", "value": "0", "unit": "kg"}, {"date": "2020-04-01", "country_from": "ZA", "country_to": "US", "value": "0", "unit": "kg"}, {"date": "2020-05-01", "country_from": "ZA", "country_to": "US", "value": "0", "unit": "kg"}, {"date": "2020-06-01", "country_from": "ZA", "country_to": "US", "value": "0", "unit": "kg"}, {"date": "2020-07-01", "country_from": "ZA", "country_to": "US", "value": "0", "unit": "kg"}, {"date": "2018-12-01", "country_from": "ZA", "country_to": "ZM", "value": "136005", "unit": "kg"}, {"date": "2019-01-01", "country_from": "ZA", "country_to": "ZM", "value": "0", "unit": "kg"}, {"date": "2019-02-01", "country_from": "ZA", "country_to": "ZM", "value": "571", "unit": "kg"}, {"date": "2019-03-01", "country_from": "ZA", "country_to": "ZM", "value": "136143", "unit": "kg"}, {"date": "2019-04-01", "country_from": "ZA", "country_to": "ZM", "value": "102000", "unit": "kg"}, {"date": "2019-05-01", "country_from": "ZA", "country_to": "ZM", "value": "24072", "unit": "kg"}, {"date": "2019-06-01", "country_from": "ZA", "country_to": "ZM", "value": "0", "unit": "kg"}, {"date": "2019-07-01", "country_from": "ZA", "country_to": "ZM", "value": "102000", "unit": "kg"}, {"date": "2019-08-01", "country_from": "ZA", "country_to": "ZM", "value": "0", "unit": "kg"}, {"date": "2019-09-01", "country_from": "ZA", "country_to": "ZM", "value": "0", "unit": "kg"}, {"date": "2019-10-01", "country_from": "ZA", "country_to": "ZM", "value": "68071", "unit": "kg"}, {"date": "2019-11-01", "country_from": "ZA", "country_to": "ZM", "value": "68082", "unit": "kg"}, {"date": "2019-12-01", "country_from": "ZA", "country_to": "ZM", "value": "238030", "unit": "kg"}, {"date": "2020-01-01", "country_from": "ZA", "country_to": "ZM", "value": "248154", "unit": "kg"}, {"date": "2020-02-01", "country_from": "ZA", "country_to": "ZM", "value": "204028", "unit": "kg"}, {"date": "2020-03-01", "country_from": "ZA", "country_to": "ZM", "value": "0", "unit": "kg"}, {"date": "2020-04-01", "country_from": "ZA", "country_to": "ZM", "value": "0", "unit": "kg"}, {"date": "2020-05-01", "country_from": "ZA", "country_to": "ZM", "value": "68007", "unit": "kg"}, {"date": "2020-06-01", "country_from": "ZA", "country_to": "ZM", "value": "102069", "unit": "kg"}, {"date": "2020-07-01", "country_from": "ZA", "country_to": "ZM", "value": "0", "unit": "kg"}, {"date": "2018-12-01", "country_from": "ZA", "country_to": "-", "value": "0", "unit": "kg"}, {"date": "2019-01-01", "country_from": "ZA", "country_to": "-", "value": "0", "unit": "kg"}, {"date": "2019-02-01", "country_from": "ZA", "country_to": "-", "value": "0", "unit": "kg"}, {"date": "2019-03-01", "country_from": "ZA", "country_to": "-", "value": "0", "unit": "kg"}, {"date": "2019-04-01", "country_from": "ZA", "country_to": "-", "value": "508", "unit": "kg"}, {"date": "2019-05-01", "country_from": "ZA", "country_to": "-", "value": "0", "unit": "kg"}, {"date": "2019-06-01", "country_from": "ZA", "country_to": "-", "value": "0", "unit": "kg"}, {"date": "2019-07-01", "country_from": "ZA", "country_to": "-", "value": "0", "unit": "kg"}, {"date": "2019-08-01", "country_from": "ZA", "country_to": "-", "value": "0", "unit": "kg"}, {"date": "2019-09-01", "country_from": "ZA", "country_to": "-", "value": "0", "unit": "kg"}, {"date": "2019-10-01", "country_from": "ZA", "country_to": "-", "value": "0", "unit": "kg"}, {"date": "2019-11-01", "country_from": "ZA", "country_to": "-", "value": "0", "unit": "kg"}, {"date": "2019-12-01", "country_from": "ZA", "country_to": "-", "value": "0", "unit": "kg"}, {"date": "2020-01-01", "country_from": "ZA", "country_to": "-", "value": "0", "unit": "kg"}, {"date": "2020-02-01", "country_from": "ZA", "country_to": "-", "value": "0", "unit": "kg"}, {"date": "2020-03-01", "country_from": "ZA", "country_to": "-", "value": "0", "unit": "kg"}, {"date": "2020-04-01", "country_from": "ZA", "country_to": "-", "value": "0", "unit": "kg"}, {"date": "2020-05-01", "country_from": "ZA", "country_to": "-", "value": "0", "unit": "kg"}, {"date": "2020-06-01", "country_from": "ZA", "country_to": "-", "value": "0", "unit": "kg"}, {"date": "2020-07-01", "country_from": "ZA", "country_to": "-", "value": "0", "unit": "kg"}, {"date": "2018-12-01", "country_from": "ZA", "country_to": "PK", "value": "0", "unit": "kg"}, {"date": "2019-01-01", "country_from": "ZA", "country_to": "PK", "value": "0", "unit": "kg"}, {"date": "2019-02-01", "country_from": "ZA", "country_to": "PK", "value": "0", "unit": "kg"}, {"date": "2019-03-01", "country_from": "ZA", "country_to": "PK", "value": "0", "unit": "kg"}, {"date": "2019-04-01", "country_from": "ZA", "country_to": "PK", "value": "0", "unit": "kg"}, {"date": "2019-05-01", "country_from": "ZA", "country_to": "PK", "value": "0", "unit": "kg"}, {"date": "2019-06-01", "country_from": "ZA", "country_to": "PK", "value": "0", "unit": "kg"}, {"date": "2019-07-01", "country_from": "ZA", "country_to": "PK", "value": "0", "unit": "kg"}, {"date": "2019-08-01", "country_from": "ZA", "country_to": "PK", "value": "0", "unit": "kg"}, {"date": "2019-09-01", "country_from": "ZA", "country_to": "PK", "value": "0", "unit": "kg"}, {"date": "2019-10-01", "country_from": "ZA", "country_to": "PK", "value": "0", "unit": "kg"}, {"date": "2019-11-01", "country_from": "ZA", "country_to": "PK", "value": "0", "unit": "kg"}, {"date": "2019-12-01", "country_from": "ZA", "country_to": "PK", "value": "20000", "unit": "kg"}, {"date": "2020-01-01", "country_from": "ZA", "country_to": "PK", "value": "0", "unit": "kg"}, {"date": "2020-02-01", "country_from": "ZA", "country_to": "PK", "value": "0", "unit": "kg"}, {"date": "2020-03-01", "country_from": "ZA", "country_to": "PK", "value": "0", "unit": "kg"}, {"date": "2020-04-01", "country_from": "ZA", "country_to": "PK", "value": "0", "unit": "kg"}, {"date": "2020-05-01", "country_from": "ZA", "country_to": "PK", "value": "0", "unit": "kg"}, {"date": "2020-06-01", "country_from": "ZA", "country_to": "PK", "value": "0", "unit": "kg"}, {"date": "2020-07-01", "country_from": "ZA", "country_to": "PK", "value": "0", "unit": "kg"}, {"date": "2018-12-01", "country_from": "ZA", "country_to": "SH", "value": "4300", "unit": "kg"}, {"date": "2019-01-01", "country_from": "ZA", "country_to": "SH", "value": "2108", "unit": "kg"}, {"date": "2019-02-01", "country_from": "ZA", "country_to": "SH", "value": "0", "unit": "kg"}, {"date": "2019-03-01", "country_from": "ZA", "country_to": "SH", "value": "574", "unit": "kg"}, {"date": "2019-04-01", "country_from": "ZA", "country_to": "SH", "value": "0", "unit": "kg"}, {"date": "2019-05-01", "country_from": "ZA", "country_to": "SH", "value": "1488", "unit": "kg"}, {"date": "2019-06-01", "country_from": "ZA", "country_to": "SH", "value": "0", "unit": "kg"}, {"date": "2019-07-01", "country_from": "ZA", "country_to": "SH", "value": "566", "unit": "kg"}, {"date": "2019-08-01", "country_from": "ZA", "country_to": "SH", "value": "3164", "unit": "kg"}, {"date": "2019-09-01", "country_from": "ZA", "country_to": "SH", "value": "0", "unit": "kg"}, {"date": "2019-10-01", "country_from": "ZA", "country_to": "SH", "value": "0", "unit": "kg"}, {"date": "2019-11-01", "country_from": "ZA", "country_to": "SH", "value": "0", "unit": "kg"}, {"date": "2019-12-01", "country_from": "ZA", "country_to": "SH", "value": "0", "unit": "kg"}, {"date": "2020-01-01", "country_from": "ZA", "country_to": "SH", "value": "0", "unit": "kg"}, {"date": "2020-02-01", "country_from": "ZA", "country_to": "SH", "value": "0", "unit": "kg"}, {"date": "2020-03-01", "country_from": "ZA", "country_to": "SH", "value": "0", "unit": "kg"}, {"date": "2020-04-01", "country_from": "ZA", "country_to": "SH", "value": "0", "unit": "kg"}, {"date": "2020-05-01", "country_from": "ZA", "country_to": "SH", "value": "0", "unit": "kg"}, {"date": "2020-06-01", "country_from": "ZA", "country_to": "SH", "value": "0", "unit": "kg"}, {"date": "2020-07-01", "country_from": "ZA", "country_to": "SH", "value": "0", "unit": "kg"}, {"date": "2018-12-01", "country_from": "ZA", "country_to": "AO", "value": "0", "unit": "kg"}, {"date": "2019-01-01", "country_from": "ZA", "country_to": "AO", "value": "0", "unit": "kg"}, {"date": "2019-02-01", "country_from": "ZA", "country_to": "AO", "value": "0", "unit": "kg"}, {"date": "2019-03-01", "country_from": "ZA", "country_to": "AO", "value": "0", "unit": "kg"}, {"date": "2019-04-01", "country_from": "ZA", "country_to": "AO", "value": "0", "unit": "kg"}, {"date": "2019-05-01", "country_from": "ZA", "country_to": "AO", "value": "0", "unit": "kg"}, {"date": "2019-06-01", "country_from": "ZA", "country_to": "AO", "value": "0", "unit": "kg"}, {"date": "2019-07-01", "country_from": "ZA", "country_to": "AO", "value": "0", "unit": "kg"}, {"date": "2019-08-01", "country_from": "ZA", "country_to": "AO", "value": "0", "unit": "kg"}, {"date": "2019-09-01", "country_from": "ZA", "country_to": "AO", "value": "0", "unit": "kg"}, {"date": "2019-10-01", "country_from": "ZA", "country_to": "AO", "value": "0", "unit": "kg"}, {"date": "2019-11-01", "country_from": "ZA", "country_to": "AO", "value": "0", "unit": "kg"}, {"date": "2019-12-01", "country_from": "ZA", "country_to": "AO", "value": "0", "unit": "kg"}, {"date": "2020-01-01", "country_from": "ZA", "country_to": "AO", "value": "0", "unit": "kg"}, {"date": "2020-02-01", "country_from": "ZA", "country_to": "AO", "value": "400", "unit": "kg"}, {"date": "2020-03-01", "country_from": "ZA", "country_to": "AO", "value": "9541", "unit": "kg"}, {"date": "2020-04-01", "country_from": "ZA", "country_to": "AO", "value": "0", "unit": "kg"}, {"date": "2020-05-01", "country_from": "ZA", "country_to": "AO", "value": "0", "unit": "kg"}, {"date": "2020-06-01", "country_from": "ZA", "country_to": "AO", "value": "7682", "unit": "kg"}, {"date": "2020-07-01", "country_from": "ZA", "country_to": "AO", "value": "0", "unit": "kg"}, {"date": "2018-12-01", "country_from": "ZA", "country_to": "CD", "value": "0", "unit": "kg"}, {"date": "2019-01-01", "country_from": "ZA", "country_to": "CD", "value": "0", "unit": "kg"}, {"date": "2019-02-01", "country_from": "ZA", "country_to": "CD", "value": "0", "unit": "kg"}, {"date": "2019-03-01", "country_from": "ZA", "country_to": "CD", "value": "0", "unit": "kg"}, {"date": "2019-04-01", "country_from": "ZA", "country_to": "CD", "value": "0", "unit": "kg"}, {"date": "2019-05-01", "country_from": "ZA", "country_to": "CD", "value": "3909", "unit": "kg"}, {"date": "2019-06-01", "country_from": "ZA", "country_to": "CD", "value": "0", "unit": "kg"}, {"date": "2019-07-01", "country_from": "ZA", "country_to": "CD", "value": "0", "unit": "kg"}, {"date": "2019-08-01", "country_from": "ZA", "country_to": "CD", "value": "0", "unit": "kg"}, {"date": "2019-09-01", "country_from": "ZA", "country_to": "CD", "value": "0", "unit": "kg"}, {"date": "2019-10-01", "country_from": "ZA", "country_to": "CD", "value": "0", "unit": "kg"}, {"date": "2019-11-01", "country_from": "ZA", "country_to": "CD", "value": "0", "unit": "kg"}, {"date": "2019-12-01", "country_from": "ZA", "country_to": "CD", "value": "0", "unit": "kg"}, {"date": "2020-01-01", "country_from": "ZA", "country_to": "CD", "value": "0", "unit": "kg"}, {"date": "2020-02-01", "country_from": "ZA", "country_to": "CD", "value": "0", "unit": "kg"}, {"date": "2020-03-01", "country_from": "ZA", "country_to": "CD", "value": "0", "unit": "kg"}, {"date": "2020-04-01", "country_from": "ZA", "country_to": "CD", "value": "0", "unit": "kg"}, {"date": "2020-05-01", "country_from": "ZA", "country_to": "CD", "value": "0", "unit": "kg"}, {"date": "2020-06-01", "country_from": "ZA", "country_to": "CD", "value": "0", "unit": "kg"}, {"date": "2020-07-01", "country_from": "ZA", "country_to": "CD", "value": "0", "unit": "kg"}, {"date": "2018-12-01", "country_from": "ZA", "country_to": "LS", "value": "34150", "unit": "kg"}, {"date": "2019-01-01", "country_from": "ZA", "country_to": "LS", "value": "0", "unit": "kg"}, {"date": "2019-02-01", "country_from": "ZA", "country_to": "LS", "value": "0", "unit": "kg"}, {"date": "2019-03-01", "country_from": "ZA", "country_to": "LS", "value": "72365", "unit": "kg"}, {"date": "2019-04-01", "country_from": "ZA", "country_to": "LS", "value": "605", "unit": "kg"}, {"date": "2019-05-01", "country_from": "ZA", "country_to": "LS", "value": "851", "unit": "kg"}, {"date": "2019-06-01", "country_from": "ZA", "country_to": "LS", "value": "0", "unit": "kg"}, {"date": "2019-07-01", "country_from": "ZA", "country_to": "LS", "value": "1500", "unit": "kg"}, {"date": "2019-08-01", "country_from": "ZA", "country_to": "LS", "value": "65160", "unit": "kg"}, {"date": "2019-09-01", "country_from": "ZA", "country_to": "LS", "value": "476", "unit": "kg"}, {"date": "2019-10-01", "country_from": "ZA", "country_to": "LS", "value": "34372", "unit": "kg"}, {"date": "2019-11-01", "country_from": "ZA", "country_to": "LS", "value": "34613", "unit": "kg"}, {"date": "2019-12-01", "country_from": "ZA", "country_to": "LS", "value": "380", "unit": "kg"}, {"date": "2020-01-01", "country_from": "ZA", "country_to": "LS", "value": "1098", "unit": "kg"}, {"date": "2020-02-01", "country_from": "ZA", "country_to": "LS", "value": "136", "unit": "kg"}, {"date": "2020-03-01", "country_from": "ZA", "country_to": "LS", "value": "5036", "unit": "kg"}, {"date": "2020-04-01", "country_from": "ZA", "country_to": "LS", "value": "0", "unit": "kg"}, {"date": "2020-05-01", "country_from": "ZA", "country_to": "LS", "value": "34110", "unit": "kg"}, {"date": "2020-06-01", "country_from": "ZA", "country_to": "LS", "value": "34540", "unit": "kg"}, {"date": "2020-07-01", "country_from": "ZA", "country_to": "LS", "value": "0", "unit": "kg"}, {"date": "2018-12-01", "country_from": "ZA", "country_to": "MW", "value": "0", "unit": "kg"}, {"date": "2019-01-01", "country_from": "ZA", "country_to": "MW", "value": "0", "unit": "kg"}, {"date": "2019-02-01", "country_from": "ZA", "country_to": "MW", "value": "0", "unit": "kg"}, {"date": "2019-03-01", "country_from": "ZA", "country_to": "MW", "value": "0", "unit": "kg"}, {"date": "2019-04-01", "country_from": "ZA", "country_to": "MW", "value": "0", "unit": "kg"}, {"date": "2019-05-01", "country_from": "ZA", "country_to": "MW", "value": "0", "unit": "kg"}, {"date": "2019-06-01", "country_from": "ZA", "country_to": "MW", "value": "0", "unit": "kg"}, {"date": "2019-07-01", "country_from": "ZA", "country_to": "MW", "value": "0", "unit": "kg"}, {"date": "2019-08-01", "country_from": "ZA", "country_to": "MW", "value": "0", "unit": "kg"}, {"date": "2019-09-01", "country_from": "ZA", "country_to": "MW", "value": "0", "unit": "kg"}, {"date": "2019-10-01", "country_from": "ZA", "country_to": "MW", "value": "0", "unit": "kg"}, {"date": "2019-11-01", "country_from": "ZA", "country_to": "MW", "value": "1000", "unit": "kg"}, {"date": "2019-12-01", "country_from": "ZA", "country_to": "MW", "value": "0", "unit": "kg"}, {"date": "2020-01-01", "country_from": "ZA", "country_to": "MW", "value": "0", "unit": "kg"}, {"date": "2020-02-01", "country_from": "ZA", "country_to": "MW", "value": "0", "unit": "kg"}, {"date": "2020-03-01", "country_from": "ZA", "country_to": "MW", "value": "0", "unit": "kg"}, {"date": "2020-04-01", "country_from": "ZA", "country_to": "MW", "value": "0", "unit": "kg"}, {"date": "2020-05-01", "country_from": "ZA", "country_to": "MW", "value": "0", "unit": "kg"}, {"date": "2020-06-01", "country_from": "ZA", "country_to": "MW", "value": "0", "unit": "kg"}, {"date": "2020-07-01", "country_from": "ZA", "country_to": "MW", "value": "0", "unit": "kg"}, {"date": "2018-12-01", "country_from": "ZA", "country_to": "MZ", "value": "0", "unit": "kg"}, {"date": "2019-01-01", "country_from": "ZA", "country_to": "MZ", "value": "0", "unit": "kg"}, {"date": "2019-02-01", "country_from": "ZA", "country_to": "MZ", "value": "0", "unit": "kg"}, {"date": "2019-03-01", "country_from": "ZA", "country_to": "MZ", "value": "0", "unit": "kg"}, {"date": "2019-04-01", "country_from": "ZA", "country_to": "MZ", "value": "772", "unit": "kg"}, {"date": "2019-05-01", "country_from": "ZA", "country_to": "MZ", "value": "0", "unit": "kg"}, {"date": "2019-06-01", "country_from": "ZA", "country_to": "MZ", "value": "0", "unit": "kg"}, {"date": "2019-07-01", "country_from": "ZA", "country_to": "MZ", "value": "0", "unit": "kg"}, {"date": "2019-08-01", "country_from": "ZA", "country_to": "MZ", "value": "0", "unit": "kg"}, {"date": "2019-09-01", "country_from": "ZA", "country_to": "MZ", "value": "0", "unit": "kg"}, {"date": "2019-10-01", "country_from": "ZA", "country_to": "MZ", "value": "0", "unit": "kg"}, {"date": "2019-11-01", "country_from": "ZA", "country_to": "MZ", "value": "0", "unit": "kg"}, {"date": "2019-12-01", "country_from": "ZA", "country_to": "MZ", "value": "0", "unit": "kg"}, {"date": "2020-01-01", "country_from": "ZA", "country_to": "MZ", "value": "0", "unit": "kg"}, {"date": "2020-02-01", "country_from": "ZA", "country_to": "MZ", "value": "0", "unit": "kg"}, {"date": "2020-03-01", "country_from": "ZA", "country_to": "MZ", "value": "0", "unit": "kg"}, {"date": "2020-04-01", "country_from": "ZA", "country_to": "MZ", "value": "0", "unit": "kg"}, {"date": "2020-05-01", "country_from": "ZA", "country_to": "MZ", "value": "0", "unit": "kg"}, {"date": "2020-06-01", "country_from": "ZA", "country_to": "MZ", "value": "0", "unit": "kg"}, {"date": "2020-07-01", "country_from": "ZA", "country_to": "MZ", "value": "0", "unit": "kg"}]