[{"date": "2018-12-01", "country_from": "BR", "country_to": "ZA", "value": "51900", "unit": "kg"}, {"date": "2019-01-01", "country_from": "BR", "country_to": "ZA", "value": "0", "unit": "kg"}, {"date": "2019-02-01", "country_from": "BR", "country_to": "ZA", "value": "0", "unit": "kg"}, {"date": "2019-03-01", "country_from": "BR", "country_to": "ZA", "value": "0", "unit": "kg"}, {"date": "2019-04-01", "country_from": "BR", "country_to": "ZA", "value": "0", "unit": "kg"}, {"date": "2019-05-01", "country_from": "BR", "country_to": "ZA", "value": "0", "unit": "kg"}, {"date": "2019-06-01", "country_from": "BR", "country_to": "ZA", "value": "0", "unit": "kg"}, {"date": "2019-07-01", "country_from": "BR", "country_to": "ZA", "value": "0", "unit": "kg"}, {"date": "2019-08-01", "country_from": "BR", "country_to": "ZA", "value": "0", "unit": "kg"}, {"date": "2019-09-01", "country_from": "BR", "country_to": "ZA", "value": "0", "unit": "kg"}, {"date": "2019-10-01", "country_from": "BR", "country_to": "ZA", "value": "0", "unit": "kg"}, {"date": "2019-11-01", "country_from": "BR", "country_to": "ZA", "value": "0", "unit": "kg"}, {"date": "2019-12-01", "country_from": "BR", "country_to": "ZA", "value": "0", "unit": "kg"}, {"date": "2020-01-01", "country_from": "BR", "country_to": "ZA", "value": "0", "unit": "kg"}, {"date": "2020-02-01", "country_from": "BR", "country_to": "ZA", "value": "0", "unit": "kg"}, {"date": "2020-03-01", "country_from": "BR", "country_to": "ZA", "value": "0", "unit": "kg"}, {"date": "2020-04-01", "country_from": "BR", "country_to": "ZA", "value": "0", "unit": "kg"}, {"date": "2020-05-01", "country_from": "BR", "country_to": "ZA", "value": "1015000", "unit": "kg"}, {"date": "2018-12-01", "country_from": "BR", "country_to": "US", "value": "39400", "unit": "kg"}, {"date": "2019-01-01", "country_from": "BR", "country_to": "US", "value": "0", "unit": "kg"}, {"date": "2019-02-01", "country_from": "BR", "country_to": "US", "value": "0", "unit": "kg"}, {"date": "2019-03-01", "country_from": "BR", "country_to": "US", "value": "0", "unit": "kg"}, {"date": "2019-04-01", "country_from": "BR", "country_to": "US", "value": "1000", "unit": "kg"}, {"date": "2019-05-01", "country_from": "BR", "country_to": "US", "value": "0", "unit": "kg"}, {"date": "2019-06-01", "country_from": "BR", "country_to": "US", "value": "0", "unit": "kg"}, {"date": "2019-07-01", "country_from": "BR", "country_to": "US", "value": "0", "unit": "kg"}, {"date": "2019-08-01", "country_from": "BR", "country_to": "US", "value": "0", "unit": "kg"}, {"date": "2019-09-01", "country_from": "BR", "country_to": "US", "value": "21410", "unit": "kg"}, {"date": "2019-10-01", "country_from": "BR", "country_to": "US", "value": "197828", "unit": "kg"}, {"date": "2019-11-01", "country_from": "BR", "country_to": "US", "value": "28053", "unit": "kg"}, {"date": "2019-12-01", "country_from": "BR", "country_to": "US", "value": "0", "unit": "kg"}, {"date": "2020-01-01", "country_from": "BR", "country_to": "US", "value": "131696", "unit": "kg"}, {"date": "2020-02-01", "country_from": "BR", "country_to": "US", "value": "0", "unit": "kg"}, {"date": "2020-03-01", "country_from": "BR", "country_to": "US", "value": "17146", "unit": "kg"}, {"date": "2020-04-01", "country_from": "BR", "country_to": "US", "value": "182310", "unit": "kg"}, {"date": "2020-05-01", "country_from": "BR", "country_to": "US", "value": "193016", "unit": "kg"}, {"date": "2018-12-01", "country_from": "BR", "country_to": "CL", "value": "0", "unit": "kg"}, {"date": "2019-01-01", "country_from": "BR", "country_to": "CL", "value": "0", "unit": "kg"}, {"date": "2019-02-01", "country_from": "BR", "country_to": "CL", "value": "25000", "unit": "kg"}, {"date": "2019-03-01", "country_from": "BR", "country_to": "CL", "value": "0", "unit": "kg"}, {"date": "2019-04-01", "country_from": "BR", "country_to": "CL", "value": "0", "unit": "kg"}, {"date": "2019-05-01", "country_from": "BR", "country_to": "CL", "value": "0", "unit": "kg"}, {"date": "2019-06-01", "country_from": "BR", "country_to": "CL", "value": "0", "unit": "kg"}, {"date": "2019-07-01", "country_from": "BR", "country_to": "CL", "value": "0", "unit": "kg"}, {"date": "2019-08-01", "country_from": "BR", "country_to": "CL", "value": "0", "unit": "kg"}, {"date": "2019-09-01", "country_from": "BR", "country_to": "CL", "value": "0", "unit": "kg"}, {"date": "2019-10-01", "country_from": "BR", "country_to": "CL", "value": "0", "unit": "kg"}, {"date": "2019-11-01", "country_from": "BR", "country_to": "CL", "value": "0", "unit": "kg"}, {"date": "2019-12-01", "country_from": "BR", "country_to": "CL", "value": "0", "unit": "kg"}, {"date": "2020-01-01", "country_from": "BR", "country_to": "CL", "value": "0", "unit": "kg"}, {"date": "2020-02-01", "country_from": "BR", "country_to": "CL", "value": "0", "unit": "kg"}, {"date": "2020-03-01", "country_from": "BR", "country_to": "CL", "value": "52084", "unit": "kg"}, {"date": "2020-04-01", "country_from": "BR", "country_to": "CL", "value": "284400", "unit": "kg"}, {"date": "2020-05-01", "country_from": "BR", "country_to": "CL", "value": "336240", "unit": "kg"}, {"date": "2018-12-01", "country_from": "BR", "country_to": "GT", "value": "0", "unit": "kg"}, {"date": "2019-01-01", "country_from": "BR", "country_to": "GT", "value": "0", "unit": "kg"}, {"date": "2019-02-01", "country_from": "BR", "country_to": "GT", "value": "0", "unit": "kg"}, {"date": "2019-03-01", "country_from": "BR", "country_to": "GT", "value": "0", "unit": "kg"}, {"date": "2019-04-01", "country_from": "BR", "country_to": "GT", "value": "0", "unit": "kg"}, {"date": "2019-05-01", "country_from": "BR", "country_to": "GT", "value": "0", "unit": "kg"}, {"date": "2019-06-01", "country_from": "BR", "country_to": "GT", "value": "0", "unit": "kg"}, {"date": "2019-07-01", "country_from": "BR", "country_to": "GT", "value": "0", "unit": "kg"}, {"date": "2019-08-01", "country_from": "BR", "country_to": "GT", "value": "0", "unit": "kg"}, {"date": "2019-09-01", "country_from": "BR", "country_to": "GT", "value": "0", "unit": "kg"}, {"date": "2019-10-01", "country_from": "BR", "country_to": "GT", "value": "0", "unit": "kg"}, {"date": "2019-11-01", "country_from": "BR", "country_to": "GT", "value": "0", "unit": "kg"}, {"date": "2019-12-01", "country_from": "BR", "country_to": "GT", "value": "0", "unit": "kg"}, {"date": "2020-01-01", "country_from": "BR", "country_to": "GT", "value": "0", "unit": "kg"}, {"date": "2020-02-01", "country_from": "BR", "country_to": "GT", "value": "0", "unit": "kg"}, {"date": "2020-03-01", "country_from": "BR", "country_to": "GT", "value": "0", "unit": "kg"}, {"date": "2020-04-01", "country_from": "BR", "country_to": "GT", "value": "0", "unit": "kg"}, {"date": "2020-05-01", "country_from": "BR", "country_to": "GT", "value": "0", "unit": "kg"}, {"date": "2018-12-01", "country_from": "BR", "country_to": "CA", "value": "0", "unit": "kg"}, {"date": "2019-01-01", "country_from": "BR", "country_to": "CA", "value": "0", "unit": "kg"}, {"date": "2019-02-01", "country_from": "BR", "country_to": "CA", "value": "0", "unit": "kg"}, {"date": "2019-03-01", "country_from": "BR", "country_to": "CA", "value": "20000", "unit": "kg"}, {"date": "2019-04-01", "country_from": "BR", "country_to": "CA", "value": "0", "unit": "kg"}, {"date": "2019-05-01", "country_from": "BR", "country_to": "CA", "value": "0", "unit": "kg"}, {"date": "2019-06-01", "country_from": "BR", "country_to": "CA", "value": "20000", "unit": "kg"}, {"date": "2019-07-01", "country_from": "BR", "country_to": "CA", "value": "20000", "unit": "kg"}, {"date": "2019-08-01", "country_from": "BR", "country_to": "CA", "value": "0", "unit": "kg"}, {"date": "2019-09-01", "country_from": "BR", "country_to": "CA", "value": "20000", "unit": "kg"}, {"date": "2019-10-01", "country_from": "BR", "country_to": "CA", "value": "0", "unit": "kg"}, {"date": "2019-11-01", "country_from": "BR", "country_to": "CA", "value": "0", "unit": "kg"}, {"date": "2019-12-01", "country_from": "BR", "country_to": "CA", "value": "0", "unit": "kg"}, {"date": "2020-01-01", "country_from": "BR", "country_to": "CA", "value": "20000", "unit": "kg"}, {"date": "2020-02-01", "country_from": "BR", "country_to": "CA", "value": "20000", "unit": "kg"}, {"date": "2020-03-01", "country_from": "BR", "country_to": "CA", "value": "0", "unit": "kg"}, {"date": "2020-04-01", "country_from": "BR", "country_to": "CA", "value": "0", "unit": "kg"}, {"date": "2020-05-01", "country_from": "BR", "country_to": "CA", "value": "20000", "unit": "kg"}, {"date": "2018-12-01", "country_from": "BR", "country_to": "BB", "value": "3200", "unit": "kg"}, {"date": "2019-01-01", "country_from": "BR", "country_to": "BB", "value": "6700", "unit": "kg"}, {"date": "2019-02-01", "country_from": "BR", "country_to": "BB", "value": "0", "unit": "kg"}, {"date": "2019-03-01", "country_from": "BR", "country_to": "BB", "value": "0", "unit": "kg"}, {"date": "2019-04-01", "country_from": "BR", "country_to": "BB", "value": "2000", "unit": "kg"}, {"date": "2019-05-01", "country_from": "BR", "country_to": "BB", "value": "0", "unit": "kg"}, {"date": "2019-06-01", "country_from": "BR", "country_to": "BB", "value": "3500", "unit": "kg"}, {"date": "2019-07-01", "country_from": "BR", "country_to": "BB", "value": "6000", "unit": "kg"}, {"date": "2019-08-01", "country_from": "BR", "country_to": "BB", "value": "27948", "unit": "kg"}, {"date": "2019-09-01", "country_from": "BR", "country_to": "BB", "value": "2500", "unit": "kg"}, {"date": "2019-10-01", "country_from": "BR", "country_to": "BB", "value": "14400", "unit": "kg"}, {"date": "2019-11-01", "country_from": "BR", "country_to": "BB", "value": "3750", "unit": "kg"}, {"date": "2019-12-01", "country_from": "BR", "country_to": "BB", "value": "2100", "unit": "kg"}, {"date": "2020-01-01", "country_from": "BR", "country_to": "BB", "value": "4200", "unit": "kg"}, {"date": "2020-02-01", "country_from": "BR", "country_to": "BB", "value": "30480", "unit": "kg"}, {"date": "2020-03-01", "country_from": "BR", "country_to": "BB", "value": "0", "unit": "kg"}, {"date": "2020-04-01", "country_from": "BR", "country_to": "BB", "value": "8400", "unit": "kg"}, {"date": "2020-05-01", "country_from": "BR", "country_to": "BB", "value": "0", "unit": "kg"}, {"date": "2018-12-01", "country_from": "BR", "country_to": "PY", "value": "4100", "unit": "kg"}, {"date": "2019-01-01", "country_from": "BR", "country_to": "PY", "value": "0", "unit": "kg"}, {"date": "2019-02-01", "country_from": "BR", "country_to": "PY", "value": "3850", "unit": "kg"}, {"date": "2019-03-01", "country_from": "BR", "country_to": "PY", "value": "0", "unit": "kg"}, {"date": "2019-04-01", "country_from": "BR", "country_to": "PY", "value": "7250", "unit": "kg"}, {"date": "2019-05-01", "country_from": "BR", "country_to": "PY", "value": "10600", "unit": "kg"}, {"date": "2019-06-01", "country_from": "BR", "country_to": "PY", "value": "6800", "unit": "kg"}, {"date": "2019-07-01", "country_from": "BR", "country_to": "PY", "value": "4000", "unit": "kg"}, {"date": "2019-08-01", "country_from": "BR", "country_to": "PY", "value": "0", "unit": "kg"}, {"date": "2019-09-01", "country_from": "BR", "country_to": "PY", "value": "13000", "unit": "kg"}, {"date": "2019-10-01", "country_from": "BR", "country_to": "PY", "value": "7200", "unit": "kg"}, {"date": "2019-11-01", "country_from": "BR", "country_to": "PY", "value": "0", "unit": "kg"}, {"date": "2019-12-01", "country_from": "BR", "country_to": "PY", "value": "6300", "unit": "kg"}, {"date": "2020-01-01", "country_from": "BR", "country_to": "PY", "value": "0", "unit": "kg"}, {"date": "2020-02-01", "country_from": "BR", "country_to": "PY", "value": "4550", "unit": "kg"}, {"date": "2020-03-01", "country_from": "BR", "country_to": "PY", "value": "15000", "unit": "kg"}, {"date": "2020-04-01", "country_from": "BR", "country_to": "PY", "value": "7550", "unit": "kg"}, {"date": "2020-05-01", "country_from": "BR", "country_to": "PY", "value": "0", "unit": "kg"}, {"date": "2018-12-01", "country_from": "BR", "country_to": "BO", "value": "0", "unit": "kg"}, {"date": "2019-01-01", "country_from": "BR", "country_to": "BO", "value": "0", "unit": "kg"}, {"date": "2019-02-01", "country_from": "BR", "country_to": "BO", "value": "0", "unit": "kg"}, {"date": "2019-03-01", "country_from": "BR", "country_to": "BO", "value": "3000", "unit": "kg"}, {"date": "2019-04-01", "country_from": "BR", "country_to": "BO", "value": "0", "unit": "kg"}, {"date": "2019-05-01", "country_from": "BR", "country_to": "BO", "value": "0", "unit": "kg"}, {"date": "2019-06-01", "country_from": "BR", "country_to": "BO", "value": "0", "unit": "kg"}, {"date": "2019-07-01", "country_from": "BR", "country_to": "BO", "value": "0", "unit": "kg"}, {"date": "2019-08-01", "country_from": "BR", "country_to": "BO", "value": "3990", "unit": "kg"}, {"date": "2019-09-01", "country_from": "BR", "country_to": "BO", "value": "6000", "unit": "kg"}, {"date": "2019-10-01", "country_from": "BR", "country_to": "BO", "value": "6000", "unit": "kg"}, {"date": "2019-11-01", "country_from": "BR", "country_to": "BO", "value": "0", "unit": "kg"}, {"date": "2019-12-01", "country_from": "BR", "country_to": "BO", "value": "8010", "unit": "kg"}, {"date": "2020-01-01", "country_from": "BR", "country_to": "BO", "value": "0", "unit": "kg"}, {"date": "2020-02-01", "country_from": "BR", "country_to": "BO", "value": "0", "unit": "kg"}, {"date": "2020-03-01", "country_from": "BR", "country_to": "BO", "value": "0", "unit": "kg"}, {"date": "2020-04-01", "country_from": "BR", "country_to": "BO", "value": "5610", "unit": "kg"}, {"date": "2020-05-01", "country_from": "BR", "country_to": "BO", "value": "0", "unit": "kg"}, {"date": "2018-12-01", "country_from": "BR", "country_to": "BS", "value": "0", "unit": "kg"}, {"date": "2019-01-01", "country_from": "BR", "country_to": "BS", "value": "0", "unit": "kg"}, {"date": "2019-02-01", "country_from": "BR", "country_to": "BS", "value": "0", "unit": "kg"}, {"date": "2019-03-01", "country_from": "BR", "country_to": "BS", "value": "0", "unit": "kg"}, {"date": "2019-04-01", "country_from": "BR", "country_to": "BS", "value": "0", "unit": "kg"}, {"date": "2019-05-01", "country_from": "BR", "country_to": "BS", "value": "0", "unit": "kg"}, {"date": "2019-06-01", "country_from": "BR", "country_to": "BS", "value": "0", "unit": "kg"}, {"date": "2019-07-01", "country_from": "BR", "country_to": "BS", "value": "445", "unit": "kg"}, {"date": "2019-08-01", "country_from": "BR", "country_to": "BS", "value": "178", "unit": "kg"}, {"date": "2019-09-01", "country_from": "BR", "country_to": "BS", "value": "0", "unit": "kg"}, {"date": "2019-10-01", "country_from": "BR", "country_to": "BS", "value": "0", "unit": "kg"}, {"date": "2019-11-01", "country_from": "BR", "country_to": "BS", "value": "422", "unit": "kg"}, {"date": "2019-12-01", "country_from": "BR", "country_to": "BS", "value": "744", "unit": "kg"}, {"date": "2020-01-01", "country_from": "BR", "country_to": "BS", "value": "0", "unit": "kg"}, {"date": "2020-02-01", "country_from": "BR", "country_to": "BS", "value": "0", "unit": "kg"}, {"date": "2020-03-01", "country_from": "BR", "country_to": "BS", "value": "1355", "unit": "kg"}, {"date": "2020-04-01", "country_from": "BR", "country_to": "BS", "value": "750", "unit": "kg"}, {"date": "2020-05-01", "country_from": "BR", "country_to": "BS", "value": "353", "unit": "kg"}, {"date": "2018-12-01", "country_from": "BR", "country_to": "PA", "value": "634", "unit": "kg"}, {"date": "2019-01-01", "country_from": "BR", "country_to": "PA", "value": "2432", "unit": "kg"}, {"date": "2019-02-01", "country_from": "BR", "country_to": "PA", "value": "996", "unit": "kg"}, {"date": "2019-03-01", "country_from": "BR", "country_to": "PA", "value": "1309", "unit": "kg"}, {"date": "2019-04-01", "country_from": "BR", "country_to": "PA", "value": "417", "unit": "kg"}, {"date": "2019-05-01", "country_from": "BR", "country_to": "PA", "value": "1449", "unit": "kg"}, {"date": "2019-06-01", "country_from": "BR", "country_to": "PA", "value": "1403", "unit": "kg"}, {"date": "2019-07-01", "country_from": "BR", "country_to": "PA", "value": "1782", "unit": "kg"}, {"date": "2019-08-01", "country_from": "BR", "country_to": "PA", "value": "876", "unit": "kg"}, {"date": "2019-09-01", "country_from": "BR", "country_to": "PA", "value": "1021", "unit": "kg"}, {"date": "2019-10-01", "country_from": "BR", "country_to": "PA", "value": "1795", "unit": "kg"}, {"date": "2019-11-01", "country_from": "BR", "country_to": "PA", "value": "765", "unit": "kg"}, {"date": "2019-12-01", "country_from": "BR", "country_to": "PA", "value": "1392", "unit": "kg"}, {"date": "2020-01-01", "country_from": "BR", "country_to": "PA", "value": "1730", "unit": "kg"}, {"date": "2020-02-01", "country_from": "BR", "country_to": "PA", "value": "1927", "unit": "kg"}, {"date": "2020-03-01", "country_from": "BR", "country_to": "PA", "value": "1925", "unit": "kg"}, {"date": "2020-04-01", "country_from": "BR", "country_to": "PA", "value": "1572", "unit": "kg"}, {"date": "2020-05-01", "country_from": "BR", "country_to": "PA", "value": "2779", "unit": "kg"}, {"date": "2018-12-01", "country_from": "BR", "country_to": "MH", "value": "770", "unit": "kg"}, {"date": "2019-01-01", "country_from": "BR", "country_to": "MH", "value": "490", "unit": "kg"}, {"date": "2019-02-01", "country_from": "BR", "country_to": "MH", "value": "410", "unit": "kg"}, {"date": "2019-03-01", "country_from": "BR", "country_to": "MH", "value": "450", "unit": "kg"}, {"date": "2019-04-01", "country_from": "BR", "country_to": "MH", "value": "509", "unit": "kg"}, {"date": "2019-05-01", "country_from": "BR", "country_to": "MH", "value": "1573", "unit": "kg"}, {"date": "2019-06-01", "country_from": "BR", "country_to": "MH", "value": "0", "unit": "kg"}, {"date": "2019-07-01", "country_from": "BR", "country_to": "MH", "value": "1210", "unit": "kg"}, {"date": "2019-08-01", "country_from": "BR", "country_to": "MH", "value": "705", "unit": "kg"}, {"date": "2019-09-01", "country_from": "BR", "country_to": "MH", "value": "1372", "unit": "kg"}, {"date": "2019-10-01", "country_from": "BR", "country_to": "MH", "value": "0", "unit": "kg"}, {"date": "2019-11-01", "country_from": "BR", "country_to": "MH", "value": "496", "unit": "kg"}, {"date": "2019-12-01", "country_from": "BR", "country_to": "MH", "value": "1639", "unit": "kg"}, {"date": "2020-01-01", "country_from": "BR", "country_to": "MH", "value": "663", "unit": "kg"}, {"date": "2020-02-01", "country_from": "BR", "country_to": "MH", "value": "693", "unit": "kg"}, {"date": "2020-03-01", "country_from": "BR", "country_to": "MH", "value": "1110", "unit": "kg"}, {"date": "2020-04-01", "country_from": "BR", "country_to": "MH", "value": "0", "unit": "kg"}, {"date": "2020-05-01", "country_from": "BR", "country_to": "MH", "value": "1915", "unit": "kg"}, {"date": "2018-12-01", "country_from": "BR", "country_to": "SG", "value": "0", "unit": "kg"}, {"date": "2019-01-01", "country_from": "BR", "country_to": "SG", "value": "475", "unit": "kg"}, {"date": "2019-02-01", "country_from": "BR", "country_to": "SG", "value": "520", "unit": "kg"}, {"date": "2019-03-01", "country_from": "BR", "country_to": "SG", "value": "66", "unit": "kg"}, {"date": "2019-04-01", "country_from": "BR", "country_to": "SG", "value": "0", "unit": "kg"}, {"date": "2019-05-01", "country_from": "BR", "country_to": "SG", "value": "673", "unit": "kg"}, {"date": "2019-06-01", "country_from": "BR", "country_to": "SG", "value": "0", "unit": "kg"}, {"date": "2019-07-01", "country_from": "BR", "country_to": "SG", "value": "910", "unit": "kg"}, {"date": "2019-08-01", "country_from": "BR", "country_to": "SG", "value": "428", "unit": "kg"}, {"date": "2019-09-01", "country_from": "BR", "country_to": "SG", "value": "0", "unit": "kg"}, {"date": "2019-10-01", "country_from": "BR", "country_to": "SG", "value": "470", "unit": "kg"}, {"date": "2019-11-01", "country_from": "BR", "country_to": "SG", "value": "392", "unit": "kg"}, {"date": "2019-12-01", "country_from": "BR", "country_to": "SG", "value": "0", "unit": "kg"}, {"date": "2020-01-01", "country_from": "BR", "country_to": "SG", "value": "876", "unit": "kg"}, {"date": "2020-02-01", "country_from": "BR", "country_to": "SG", "value": "160", "unit": "kg"}, {"date": "2020-03-01", "country_from": "BR", "country_to": "SG", "value": "0", "unit": "kg"}, {"date": "2020-04-01", "country_from": "BR", "country_to": "SG", "value": "0", "unit": "kg"}, {"date": "2020-05-01", "country_from": "BR", "country_to": "SG", "value": "22", "unit": "kg"}, {"date": "2018-12-01", "country_from": "BR", "country_to": "LR", "value": "660", "unit": "kg"}, {"date": "2019-01-01", "country_from": "BR", "country_to": "LR", "value": "770", "unit": "kg"}, {"date": "2019-02-01", "country_from": "BR", "country_to": "LR", "value": "766", "unit": "kg"}, {"date": "2019-03-01", "country_from": "BR", "country_to": "LR", "value": "0", "unit": "kg"}, {"date": "2019-04-01", "country_from": "BR", "country_to": "LR", "value": "536", "unit": "kg"}, {"date": "2019-05-01", "country_from": "BR", "country_to": "LR", "value": "1145", "unit": "kg"}, {"date": "2019-06-01", "country_from": "BR", "country_to": "LR", "value": "820", "unit": "kg"}, {"date": "2019-07-01", "country_from": "BR", "country_to": "LR", "value": "0", "unit": "kg"}, {"date": "2019-08-01", "country_from": "BR", "country_to": "LR", "value": "2110", "unit": "kg"}, {"date": "2019-09-01", "country_from": "BR", "country_to": "LR", "value": "440", "unit": "kg"}, {"date": "2019-10-01", "country_from": "BR", "country_to": "LR", "value": "1295", "unit": "kg"}, {"date": "2019-11-01", "country_from": "BR", "country_to": "LR", "value": "697", "unit": "kg"}, {"date": "2019-12-01", "country_from": "BR", "country_to": "LR", "value": "475", "unit": "kg"}, {"date": "2020-01-01", "country_from": "BR", "country_to": "LR", "value": "2739", "unit": "kg"}, {"date": "2020-02-01", "country_from": "BR", "country_to": "LR", "value": "0", "unit": "kg"}, {"date": "2020-03-01", "country_from": "BR", "country_to": "LR", "value": "1040", "unit": "kg"}, {"date": "2020-04-01", "country_from": "BR", "country_to": "LR", "value": "2840", "unit": "kg"}, {"date": "2020-05-01", "country_from": "BR", "country_to": "LR", "value": "982", "unit": "kg"}, {"date": "2018-12-01", "country_from": "BR", "country_to": "-", "value": "210", "unit": "kg"}, {"date": "2019-01-01", "country_from": "BR", "country_to": "-", "value": "740", "unit": "kg"}, {"date": "2019-02-01", "country_from": "BR", "country_to": "-", "value": "445", "unit": "kg"}, {"date": "2019-03-01", "country_from": "BR", "country_to": "-", "value": "0", "unit": "kg"}, {"date": "2019-04-01", "country_from": "BR", "country_to": "-", "value": "0", "unit": "kg"}, {"date": "2019-05-01", "country_from": "BR", "country_to": "-", "value": "833", "unit": "kg"}, {"date": "2019-06-01", "country_from": "BR", "country_to": "-", "value": "484", "unit": "kg"}, {"date": "2019-07-01", "country_from": "BR", "country_to": "-", "value": "824", "unit": "kg"}, {"date": "2019-08-01", "country_from": "BR", "country_to": "-", "value": "547", "unit": "kg"}, {"date": "2019-09-01", "country_from": "BR", "country_to": "-", "value": "852", "unit": "kg"}, {"date": "2019-10-01", "country_from": "BR", "country_to": "-", "value": "255", "unit": "kg"}, {"date": "2019-11-01", "country_from": "BR", "country_to": "-", "value": "780", "unit": "kg"}, {"date": "2019-12-01", "country_from": "BR", "country_to": "-", "value": "872", "unit": "kg"}, {"date": "2020-01-01", "country_from": "BR", "country_to": "-", "value": "493", "unit": "kg"}, {"date": "2020-02-01", "country_from": "BR", "country_to": "-", "value": "0", "unit": "kg"}, {"date": "2020-03-01", "country_from": "BR", "country_to": "-", "value": "0", "unit": "kg"}, {"date": "2020-04-01", "country_from": "BR", "country_to": "-", "value": "345", "unit": "kg"}, {"date": "2020-05-01", "country_from": "BR", "country_to": "-", "value": "0", "unit": "kg"}, {"date": "2018-12-01", "country_from": "BR", "country_to": "GB", "value": "0", "unit": "kg"}, {"date": "2019-01-01", "country_from": "BR", "country_to": "GB", "value": "0", "unit": "kg"}, {"date": "2019-02-01", "country_from": "BR", "country_to": "GB", "value": "0", "unit": "kg"}, {"date": "2019-03-01", "country_from": "BR", "country_to": "GB", "value": "0", "unit": "kg"}, {"date": "2019-04-01", "country_from": "BR", "country_to": "GB", "value": "0", "unit": "kg"}, {"date": "2019-05-01", "country_from": "BR", "country_to": "GB", "value": "0", "unit": "kg"}, {"date": "2019-06-01", "country_from": "BR", "country_to": "GB", "value": "0", "unit": "kg"}, {"date": "2019-07-01", "country_from": "BR", "country_to": "GB", "value": "0", "unit": "kg"}, {"date": "2019-08-01", "country_from": "BR", "country_to": "GB", "value": "0", "unit": "kg"}, {"date": "2019-09-01", "country_from": "BR", "country_to": "GB", "value": "0", "unit": "kg"}, {"date": "2019-10-01", "country_from": "BR", "country_to": "GB", "value": "0", "unit": "kg"}, {"date": "2019-11-01", "country_from": "BR", "country_to": "GB", "value": "0", "unit": "kg"}, {"date": "2019-12-01", "country_from": "BR", "country_to": "GB", "value": "0", "unit": "kg"}, {"date": "2020-01-01", "country_from": "BR", "country_to": "GB", "value": "0", "unit": "kg"}, {"date": "2020-02-01", "country_from": "BR", "country_to": "GB", "value": "0", "unit": "kg"}, {"date": "2020-03-01", "country_from": "BR", "country_to": "GB", "value": "0", "unit": "kg"}, {"date": "2020-04-01", "country_from": "BR", "country_to": "GB", "value": "50", "unit": "kg"}, {"date": "2020-05-01", "country_from": "BR", "country_to": "GB", "value": "340", "unit": "kg"}, {"date": "2018-12-01", "country_from": "BR", "country_to": "NO", "value": "0", "unit": "kg"}, {"date": "2019-01-01", "country_from": "BR", "country_to": "NO", "value": "0", "unit": "kg"}, {"date": "2019-02-01", "country_from": "BR", "country_to": "NO", "value": "0", "unit": "kg"}, {"date": "2019-03-01", "country_from": "BR", "country_to": "NO", "value": "0", "unit": "kg"}, {"date": "2019-04-01", "country_from": "BR", "country_to": "NO", "value": "0", "unit": "kg"}, {"date": "2019-05-01", "country_from": "BR", "country_to": "NO", "value": "0", "unit": "kg"}, {"date": "2019-06-01", "country_from": "BR", "country_to": "NO", "value": "0", "unit": "kg"}, {"date": "2019-07-01", "country_from": "BR", "country_to": "NO", "value": "639", "unit": "kg"}, {"date": "2019-08-01", "country_from": "BR", "country_to": "NO", "value": "0", "unit": "kg"}, {"date": "2019-09-01", "country_from": "BR", "country_to": "NO", "value": "0", "unit": "kg"}, {"date": "2019-10-01", "country_from": "BR", "country_to": "NO", "value": "0", "unit": "kg"}, {"date": "2019-11-01", "country_from": "BR", "country_to": "NO", "value": "0", "unit": "kg"}, {"date": "2019-12-01", "country_from": "BR", "country_to": "NO", "value": "0", "unit": "kg"}, {"date": "2020-01-01", "country_from": "BR", "country_to": "NO", "value": "0", "unit": "kg"}, {"date": "2020-02-01", "country_from": "BR", "country_to": "NO", "value": "0", "unit": "kg"}, {"date": "2020-03-01", "country_from": "BR", "country_to": "NO", "value": "0", "unit": "kg"}, {"date": "2020-04-01", "country_from": "BR", "country_to": "NO", "value": "0", "unit": "kg"}, {"date": "2020-05-01", "country_from": "BR", "country_to": "NO", "value": "0", "unit": "kg"}, {"date": "2018-12-01", "country_from": "BR", "country_to": "CV", "value": "0", "unit": "kg"}, {"date": "2019-01-01", "country_from": "BR", "country_to": "CV", "value": "3000", "unit": "kg"}, {"date": "2019-02-01", "country_from": "BR", "country_to": "CV", "value": "0", "unit": "kg"}, {"date": "2019-03-01", "country_from": "BR", "country_to": "CV", "value": "0", "unit": "kg"}, {"date": "2019-04-01", "country_from": "BR", "country_to": "CV", "value": "0", "unit": "kg"}, {"date": "2019-05-01", "country_from": "BR", "country_to": "CV", "value": "0", "unit": "kg"}, {"date": "2019-06-01", "country_from": "BR", "country_to": "CV", "value": "0", "unit": "kg"}, {"date": "2019-07-01", "country_from": "BR", "country_to": "CV", "value": "6250", "unit": "kg"}, {"date": "2019-08-01", "country_from": "BR", "country_to": "CV", "value": "0", "unit": "kg"}, {"date": "2019-09-01", "country_from": "BR", "country_to": "CV", "value": "0", "unit": "kg"}, {"date": "2019-10-01", "country_from": "BR", "country_to": "CV", "value": "0", "unit": "kg"}, {"date": "2019-11-01", "country_from": "BR", "country_to": "CV", "value": "0", "unit": "kg"}, {"date": "2019-12-01", "country_from": "BR", "country_to": "CV", "value": "0", "unit": "kg"}, {"date": "2020-01-01", "country_from": "BR", "country_to": "CV", "value": "0", "unit": "kg"}, {"date": "2020-02-01", "country_from": "BR", "country_to": "CV", "value": "0", "unit": "kg"}, {"date": "2020-03-01", "country_from": "BR", "country_to": "CV", "value": "0", "unit": "kg"}, {"date": "2020-04-01", "country_from": "BR", "country_to": "CV", "value": "0", "unit": "kg"}, {"date": "2020-05-01", "country_from": "BR", "country_to": "CV", "value": "0", "unit": "kg"}, {"date": "2018-12-01", "country_from": "BR", "country_to": "PT", "value": "0", "unit": "kg"}, {"date": "2019-01-01", "country_from": "BR", "country_to": "PT", "value": "0", "unit": "kg"}, {"date": "2019-02-01", "country_from": "BR", "country_to": "PT", "value": "0", "unit": "kg"}, {"date": "2019-03-01", "country_from": "BR", "country_to": "PT", "value": "0", "unit": "kg"}, {"date": "2019-04-01", "country_from": "BR", "country_to": "PT", "value": "0", "unit": "kg"}, {"date": "2019-05-01", "country_from": "BR", "country_to": "PT", "value": "0", "unit": "kg"}, {"date": "2019-06-01", "country_from": "BR", "country_to": "PT", "value": "0", "unit": "kg"}, {"date": "2019-07-01", "country_from": "BR", "country_to": "PT", "value": "200", "unit": "kg"}, {"date": "2019-08-01", "country_from": "BR", "country_to": "PT", "value": "0", "unit": "kg"}, {"date": "2019-09-01", "country_from": "BR", "country_to": "PT", "value": "0", "unit": "kg"}, {"date": "2019-10-01", "country_from": "BR", "country_to": "PT", "value": "0", "unit": "kg"}, {"date": "2019-11-01", "country_from": "BR", "country_to": "PT", "value": "0", "unit": "kg"}, {"date": "2019-12-01", "country_from": "BR", "country_to": "PT", "value": "0", "unit": "kg"}, {"date": "2020-01-01", "country_from": "BR", "country_to": "PT", "value": "0", "unit": "kg"}, {"date": "2020-02-01", "country_from": "BR", "country_to": "PT", "value": "0", "unit": "kg"}, {"date": "2020-03-01", "country_from": "BR", "country_to": "PT", "value": "0", "unit": "kg"}, {"date": "2020-04-01", "country_from": "BR", "country_to": "PT", "value": "0", "unit": "kg"}, {"date": "2020-05-01", "country_from": "BR", "country_to": "PT", "value": "0", "unit": "kg"}, {"date": "2018-12-01", "country_from": "BR", "country_to": "IN", "value": "0", "unit": "kg"}, {"date": "2019-01-01", "country_from": "BR", "country_to": "IN", "value": "0", "unit": "kg"}, {"date": "2019-02-01", "country_from": "BR", "country_to": "IN", "value": "0", "unit": "kg"}, {"date": "2019-03-01", "country_from": "BR", "country_to": "IN", "value": "0", "unit": "kg"}, {"date": "2019-04-01", "country_from": "BR", "country_to": "IN", "value": "0", "unit": "kg"}, {"date": "2019-05-01", "country_from": "BR", "country_to": "IN", "value": "0", "unit": "kg"}, {"date": "2019-06-01", "country_from": "BR", "country_to": "IN", "value": "0", "unit": "kg"}, {"date": "2019-07-01", "country_from": "BR", "country_to": "IN", "value": "0", "unit": "kg"}, {"date": "2019-08-01", "country_from": "BR", "country_to": "IN", "value": "0", "unit": "kg"}, {"date": "2019-09-01", "country_from": "BR", "country_to": "IN", "value": "96", "unit": "kg"}, {"date": "2019-10-01", "country_from": "BR", "country_to": "IN", "value": "0", "unit": "kg"}, {"date": "2019-11-01", "country_from": "BR", "country_to": "IN", "value": "0", "unit": "kg"}, {"date": "2019-12-01", "country_from": "BR", "country_to": "IN", "value": "0", "unit": "kg"}, {"date": "2020-01-01", "country_from": "BR", "country_to": "IN", "value": "0", "unit": "kg"}, {"date": "2020-02-01", "country_from": "BR", "country_to": "IN", "value": "0", "unit": "kg"}, {"date": "2020-03-01", "country_from": "BR", "country_to": "IN", "value": "0", "unit": "kg"}, {"date": "2020-04-01", "country_from": "BR", "country_to": "IN", "value": "0", "unit": "kg"}, {"date": "2020-05-01", "country_from": "BR", "country_to": "IN", "value": "0", "unit": "kg"}, {"date": "2018-12-01", "country_from": "BR", "country_to": "UY", "value": "1000", "unit": "kg"}, {"date": "2019-01-01", "country_from": "BR", "country_to": "UY", "value": "14600", "unit": "kg"}, {"date": "2019-02-01", "country_from": "BR", "country_to": "UY", "value": "0", "unit": "kg"}, {"date": "2019-03-01", "country_from": "BR", "country_to": "UY", "value": "0", "unit": "kg"}, {"date": "2019-04-01", "country_from": "BR", "country_to": "UY", "value": "0", "unit": "kg"}, {"date": "2019-05-01", "country_from": "BR", "country_to": "UY", "value": "15000", "unit": "kg"}, {"date": "2019-06-01", "country_from": "BR", "country_to": "UY", "value": "0", "unit": "kg"}, {"date": "2019-07-01", "country_from": "BR", "country_to": "UY", "value": "0", "unit": "kg"}, {"date": "2019-08-01", "country_from": "BR", "country_to": "UY", "value": "0", "unit": "kg"}, {"date": "2019-09-01", "country_from": "BR", "country_to": "UY", "value": "0", "unit": "kg"}, {"date": "2019-10-01", "country_from": "BR", "country_to": "UY", "value": "0", "unit": "kg"}, {"date": "2019-11-01", "country_from": "BR", "country_to": "UY", "value": "10960", "unit": "kg"}, {"date": "2019-12-01", "country_from": "BR", "country_to": "UY", "value": "0", "unit": "kg"}, {"date": "2020-01-01", "country_from": "BR", "country_to": "UY", "value": "0", "unit": "kg"}, {"date": "2020-02-01", "country_from": "BR", "country_to": "UY", "value": "0", "unit": "kg"}, {"date": "2020-03-01", "country_from": "BR", "country_to": "UY", "value": "12000", "unit": "kg"}, {"date": "2020-04-01", "country_from": "BR", "country_to": "UY", "value": "0", "unit": "kg"}, {"date": "2020-05-01", "country_from": "BR", "country_to": "UY", "value": "0", "unit": "kg"}, {"date": "2018-12-01", "country_from": "BR", "country_to": "VE", "value": "0", "unit": "kg"}, {"date": "2019-01-01", "country_from": "BR", "country_to": "VE", "value": "0", "unit": "kg"}, {"date": "2019-02-01", "country_from": "BR", "country_to": "VE", "value": "0", "unit": "kg"}, {"date": "2019-03-01", "country_from": "BR", "country_to": "VE", "value": "0", "unit": "kg"}, {"date": "2019-04-01", "country_from": "BR", "country_to": "VE", "value": "0", "unit": "kg"}, {"date": "2019-05-01", "country_from": "BR", "country_to": "VE", "value": "0", "unit": "kg"}, {"date": "2019-06-01", "country_from": "BR", "country_to": "VE", "value": "0", "unit": "kg"}, {"date": "2019-07-01", "country_from": "BR", "country_to": "VE", "value": "0", "unit": "kg"}, {"date": "2019-08-01", "country_from": "BR", "country_to": "VE", "value": "0", "unit": "kg"}, {"date": "2019-09-01", "country_from": "BR", "country_to": "VE", "value": "0", "unit": "kg"}, {"date": "2019-10-01", "country_from": "BR", "country_to": "VE", "value": "0", "unit": "kg"}, {"date": "2019-11-01", "country_from": "BR", "country_to": "VE", "value": "0", "unit": "kg"}, {"date": "2019-12-01", "country_from": "BR", "country_to": "VE", "value": "0", "unit": "kg"}, {"date": "2020-01-01", "country_from": "BR", "country_to": "VE", "value": "19590", "unit": "kg"}, {"date": "2020-02-01", "country_from": "BR", "country_to": "VE", "value": "0", "unit": "kg"}, {"date": "2020-03-01", "country_from": "BR", "country_to": "VE", "value": "0", "unit": "kg"}, {"date": "2020-04-01", "country_from": "BR", "country_to": "VE", "value": "0", "unit": "kg"}, {"date": "2020-05-01", "country_from": "BR", "country_to": "VE", "value": "0", "unit": "kg"}, {"date": "2018-12-01", "country_from": "BR", "country_to": "SI", "value": "4500", "unit": "kg"}, {"date": "2019-01-01", "country_from": "BR", "country_to": "SI", "value": "0", "unit": "kg"}, {"date": "2019-02-01", "country_from": "BR", "country_to": "SI", "value": "0", "unit": "kg"}, {"date": "2019-03-01", "country_from": "BR", "country_to": "SI", "value": "0", "unit": "kg"}, {"date": "2019-04-01", "country_from": "BR", "country_to": "SI", "value": "0", "unit": "kg"}, {"date": "2019-05-01", "country_from": "BR", "country_to": "SI", "value": "0", "unit": "kg"}, {"date": "2019-06-01", "country_from": "BR", "country_to": "SI", "value": "0", "unit": "kg"}, {"date": "2019-07-01", "country_from": "BR", "country_to": "SI", "value": "0", "unit": "kg"}, {"date": "2019-08-01", "country_from": "BR", "country_to": "SI", "value": "0", "unit": "kg"}, {"date": "2019-09-01", "country_from": "BR", "country_to": "SI", "value": "0", "unit": "kg"}, {"date": "2019-10-01", "country_from": "BR", "country_to": "SI", "value": "0", "unit": "kg"}, {"date": "2019-11-01", "country_from": "BR", "country_to": "SI", "value": "0", "unit": "kg"}, {"date": "2019-12-01", "country_from": "BR", "country_to": "SI", "value": "0", "unit": "kg"}, {"date": "2020-01-01", "country_from": "BR", "country_to": "SI", "value": "0", "unit": "kg"}, {"date": "2020-02-01", "country_from": "BR", "country_to": "SI", "value": "0", "unit": "kg"}, {"date": "2020-03-01", "country_from": "BR", "country_to": "SI", "value": "0", "unit": "kg"}, {"date": "2020-04-01", "country_from": "BR", "country_to": "SI", "value": "0", "unit": "kg"}, {"date": "2020-05-01", "country_from": "BR", "country_to": "SI", "value": "0", "unit": "kg"}, {"date": "2018-12-01", "country_from": "BR", "country_to": "CH", "value": "0", "unit": "kg"}, {"date": "2019-01-01", "country_from": "BR", "country_to": "CH", "value": "0", "unit": "kg"}, {"date": "2019-02-01", "country_from": "BR", "country_to": "CH", "value": "0", "unit": "kg"}, {"date": "2019-03-01", "country_from": "BR", "country_to": "CH", "value": "0", "unit": "kg"}, {"date": "2019-04-01", "country_from": "BR", "country_to": "CH", "value": "0", "unit": "kg"}, {"date": "2019-05-01", "country_from": "BR", "country_to": "CH", "value": "0", "unit": "kg"}, {"date": "2019-06-01", "country_from": "BR", "country_to": "CH", "value": "0", "unit": "kg"}, {"date": "2019-07-01", "country_from": "BR", "country_to": "CH", "value": "0", "unit": "kg"}, {"date": "2019-08-01", "country_from": "BR", "country_to": "CH", "value": "0", "unit": "kg"}, {"date": "2019-09-01", "country_from": "BR", "country_to": "CH", "value": "0", "unit": "kg"}, {"date": "2019-10-01", "country_from": "BR", "country_to": "CH", "value": "0", "unit": "kg"}, {"date": "2019-11-01", "country_from": "BR", "country_to": "CH", "value": "0", "unit": "kg"}, {"date": "2019-12-01", "country_from": "BR", "country_to": "CH", "value": "0", "unit": "kg"}, {"date": "2020-01-01", "country_from": "BR", "country_to": "CH", "value": "100", "unit": "kg"}, {"date": "2020-02-01", "country_from": "BR", "country_to": "CH", "value": "0", "unit": "kg"}, {"date": "2020-03-01", "country_from": "BR", "country_to": "CH", "value": "0", "unit": "kg"}, {"date": "2020-04-01", "country_from": "BR", "country_to": "CH", "value": "0", "unit": "kg"}, {"date": "2020-05-01", "country_from": "BR", "country_to": "CH", "value": "0", "unit": "kg"}, {"date": "2018-12-01", "country_from": "BR", "country_to": "TT", "value": "0", "unit": "kg"}, {"date": "2019-01-01", "country_from": "BR", "country_to": "TT", "value": "0", "unit": "kg"}, {"date": "2019-02-01", "country_from": "BR", "country_to": "TT", "value": "0", "unit": "kg"}, {"date": "2019-03-01", "country_from": "BR", "country_to": "TT", "value": "0", "unit": "kg"}, {"date": "2019-04-01", "country_from": "BR", "country_to": "TT", "value": "0", "unit": "kg"}, {"date": "2019-05-01", "country_from": "BR", "country_to": "TT", "value": "0", "unit": "kg"}, {"date": "2019-06-01", "country_from": "BR", "country_to": "TT", "value": "0", "unit": "kg"}, {"date": "2019-07-01", "country_from": "BR", "country_to": "TT", "value": "0", "unit": "kg"}, {"date": "2019-08-01", "country_from": "BR", "country_to": "TT", "value": "0", "unit": "kg"}, {"date": "2019-09-01", "country_from": "BR", "country_to": "TT", "value": "0", "unit": "kg"}, {"date": "2019-10-01", "country_from": "BR", "country_to": "TT", "value": "599991", "unit": "kg"}, {"date": "2019-11-01", "country_from": "BR", "country_to": "TT", "value": "400012", "unit": "kg"}, {"date": "2019-12-01", "country_from": "BR", "country_to": "TT", "value": "0", "unit": "kg"}, {"date": "2020-01-01", "country_from": "BR", "country_to": "TT", "value": "0", "unit": "kg"}, {"date": "2020-02-01", "country_from": "BR", "country_to": "TT", "value": "0", "unit": "kg"}, {"date": "2020-03-01", "country_from": "BR", "country_to": "TT", "value": "0", "unit": "kg"}, {"date": "2020-04-01", "country_from": "BR", "country_to": "TT", "value": "0", "unit": "kg"}, {"date": "2020-05-01", "country_from": "BR", "country_to": "TT", "value": "299979", "unit": "kg"}, {"date": "2018-12-01", "country_from": "BR", "country_to": "IT", "value": "0", "unit": "kg"}, {"date": "2019-01-01", "country_from": "BR", "country_to": "IT", "value": "0", "unit": "kg"}, {"date": "2019-02-01", "country_from": "BR", "country_to": "IT", "value": "0", "unit": "kg"}, {"date": "2019-03-01", "country_from": "BR", "country_to": "IT", "value": "0", "unit": "kg"}, {"date": "2019-04-01", "country_from": "BR", "country_to": "IT", "value": "150", "unit": "kg"}, {"date": "2019-05-01", "country_from": "BR", "country_to": "IT", "value": "0", "unit": "kg"}, {"date": "2019-06-01", "country_from": "BR", "country_to": "IT", "value": "0", "unit": "kg"}, {"date": "2019-07-01", "country_from": "BR", "country_to": "IT", "value": "120000", "unit": "kg"}, {"date": "2019-08-01", "country_from": "BR", "country_to": "IT", "value": "0", "unit": "kg"}, {"date": "2019-09-01", "country_from": "BR", "country_to": "IT", "value": "0", "unit": "kg"}, {"date": "2019-10-01", "country_from": "BR", "country_to": "IT", "value": "120000", "unit": "kg"}, {"date": "2019-11-01", "country_from": "BR", "country_to": "IT", "value": "0", "unit": "kg"}, {"date": "2019-12-01", "country_from": "BR", "country_to": "IT", "value": "20", "unit": "kg"}, {"date": "2020-01-01", "country_from": "BR", "country_to": "IT", "value": "0", "unit": "kg"}, {"date": "2020-02-01", "country_from": "BR", "country_to": "IT", "value": "0", "unit": "kg"}, {"date": "2020-03-01", "country_from": "BR", "country_to": "IT", "value": "0", "unit": "kg"}, {"date": "2020-04-01", "country_from": "BR", "country_to": "IT", "value": "0", "unit": "kg"}, {"date": "2020-05-01", "country_from": "BR", "country_to": "IT", "value": "12600", "unit": "kg"}, {"date": "2018-12-01", "country_from": "BR", "country_to": "JP", "value": "600", "unit": "kg"}, {"date": "2019-01-01", "country_from": "BR", "country_to": "JP", "value": "0", "unit": "kg"}, {"date": "2019-02-01", "country_from": "BR", "country_to": "JP", "value": "0", "unit": "kg"}, {"date": "2019-03-01", "country_from": "BR", "country_to": "JP", "value": "0", "unit": "kg"}, {"date": "2019-04-01", "country_from": "BR", "country_to": "JP", "value": "0", "unit": "kg"}, {"date": "2019-05-01", "country_from": "BR", "country_to": "JP", "value": "0", "unit": "kg"}, {"date": "2019-06-01", "country_from": "BR", "country_to": "JP", "value": "0", "unit": "kg"}, {"date": "2019-07-01", "country_from": "BR", "country_to": "JP", "value": "1191", "unit": "kg"}, {"date": "2019-08-01", "country_from": "BR", "country_to": "JP", "value": "350", "unit": "kg"}, {"date": "2019-09-01", "country_from": "BR", "country_to": "JP", "value": "0", "unit": "kg"}, {"date": "2019-10-01", "country_from": "BR", "country_to": "JP", "value": "0", "unit": "kg"}, {"date": "2019-11-01", "country_from": "BR", "country_to": "JP", "value": "0", "unit": "kg"}, {"date": "2019-12-01", "country_from": "BR", "country_to": "JP", "value": "0", "unit": "kg"}, {"date": "2020-01-01", "country_from": "BR", "country_to": "JP", "value": "0", "unit": "kg"}, {"date": "2020-02-01", "country_from": "BR", "country_to": "JP", "value": "0", "unit": "kg"}, {"date": "2020-03-01", "country_from": "BR", "country_to": "JP", "value": "0", "unit": "kg"}, {"date": "2020-04-01", "country_from": "BR", "country_to": "JP", "value": "0", "unit": "kg"}, {"date": "2020-05-01", "country_from": "BR", "country_to": "JP", "value": "0", "unit": "kg"}, {"date": "2018-12-01", "country_from": "BR", "country_to": "JO", "value": "0", "unit": "kg"}, {"date": "2019-01-01", "country_from": "BR", "country_to": "JO", "value": "0", "unit": "kg"}, {"date": "2019-02-01", "country_from": "BR", "country_to": "JO", "value": "580", "unit": "kg"}, {"date": "2019-03-01", "country_from": "BR", "country_to": "JO", "value": "0", "unit": "kg"}, {"date": "2019-04-01", "country_from": "BR", "country_to": "JO", "value": "0", "unit": "kg"}, {"date": "2019-05-01", "country_from": "BR", "country_to": "JO", "value": "0", "unit": "kg"}, {"date": "2019-06-01", "country_from": "BR", "country_to": "JO", "value": "0", "unit": "kg"}, {"date": "2019-07-01", "country_from": "BR", "country_to": "JO", "value": "0", "unit": "kg"}, {"date": "2019-08-01", "country_from": "BR", "country_to": "JO", "value": "0", "unit": "kg"}, {"date": "2019-09-01", "country_from": "BR", "country_to": "JO", "value": "0", "unit": "kg"}, {"date": "2019-10-01", "country_from": "BR", "country_to": "JO", "value": "0", "unit": "kg"}, {"date": "2019-11-01", "country_from": "BR", "country_to": "JO", "value": "0", "unit": "kg"}, {"date": "2019-12-01", "country_from": "BR", "country_to": "JO", "value": "0", "unit": "kg"}, {"date": "2020-01-01", "country_from": "BR", "country_to": "JO", "value": "0", "unit": "kg"}, {"date": "2020-02-01", "country_from": "BR", "country_to": "JO", "value": "0", "unit": "kg"}, {"date": "2020-03-01", "country_from": "BR", "country_to": "JO", "value": "0", "unit": "kg"}, {"date": "2020-04-01", "country_from": "BR", "country_to": "JO", "value": "0", "unit": "kg"}, {"date": "2020-05-01", "country_from": "BR", "country_to": "JO", "value": "0", "unit": "kg"}, {"date": "2018-12-01", "country_from": "BR", "country_to": "MT", "value": "0", "unit": "kg"}, {"date": "2019-01-01", "country_from": "BR", "country_to": "MT", "value": "0", "unit": "kg"}, {"date": "2019-02-01", "country_from": "BR", "country_to": "MT", "value": "0", "unit": "kg"}, {"date": "2019-03-01", "country_from": "BR", "country_to": "MT", "value": "0", "unit": "kg"}, {"date": "2019-04-01", "country_from": "BR", "country_to": "MT", "value": "0", "unit": "kg"}, {"date": "2019-05-01", "country_from": "BR", "country_to": "MT", "value": "820", "unit": "kg"}, {"date": "2019-06-01", "country_from": "BR", "country_to": "MT", "value": "0", "unit": "kg"}, {"date": "2019-07-01", "country_from": "BR", "country_to": "MT", "value": "0", "unit": "kg"}, {"date": "2019-08-01", "country_from": "BR", "country_to": "MT", "value": "646", "unit": "kg"}, {"date": "2019-09-01", "country_from": "BR", "country_to": "MT", "value": "830", "unit": "kg"}, {"date": "2019-10-01", "country_from": "BR", "country_to": "MT", "value": "350", "unit": "kg"}, {"date": "2019-11-01", "country_from": "BR", "country_to": "MT", "value": "0", "unit": "kg"}, {"date": "2019-12-01", "country_from": "BR", "country_to": "MT", "value": "0", "unit": "kg"}, {"date": "2020-01-01", "country_from": "BR", "country_to": "MT", "value": "0", "unit": "kg"}, {"date": "2020-02-01", "country_from": "BR", "country_to": "MT", "value": "0", "unit": "kg"}, {"date": "2020-03-01", "country_from": "BR", "country_to": "MT", "value": "0", "unit": "kg"}, {"date": "2020-04-01", "country_from": "BR", "country_to": "MT", "value": "0", "unit": "kg"}, {"date": "2020-05-01", "country_from": "BR", "country_to": "MT", "value": "0", "unit": "kg"}, {"date": "2018-12-01", "country_from": "BR", "country_to": "MZ", "value": "0", "unit": "kg"}, {"date": "2019-01-01", "country_from": "BR", "country_to": "MZ", "value": "1075", "unit": "kg"}, {"date": "2019-02-01", "country_from": "BR", "country_to": "MZ", "value": "0", "unit": "kg"}, {"date": "2019-03-01", "country_from": "BR", "country_to": "MZ", "value": "0", "unit": "kg"}, {"date": "2019-04-01", "country_from": "BR", "country_to": "MZ", "value": "0", "unit": "kg"}, {"date": "2019-05-01", "country_from": "BR", "country_to": "MZ", "value": "0", "unit": "kg"}, {"date": "2019-06-01", "country_from": "BR", "country_to": "MZ", "value": "0", "unit": "kg"}, {"date": "2019-07-01", "country_from": "BR", "country_to": "MZ", "value": "0", "unit": "kg"}, {"date": "2019-08-01", "country_from": "BR", "country_to": "MZ", "value": "360", "unit": "kg"}, {"date": "2019-09-01", "country_from": "BR", "country_to": "MZ", "value": "0", "unit": "kg"}, {"date": "2019-10-01", "country_from": "BR", "country_to": "MZ", "value": "0", "unit": "kg"}, {"date": "2019-11-01", "country_from": "BR", "country_to": "MZ", "value": "0", "unit": "kg"}, {"date": "2019-12-01", "country_from": "BR", "country_to": "MZ", "value": "0", "unit": "kg"}, {"date": "2020-01-01", "country_from": "BR", "country_to": "MZ", "value": "0", "unit": "kg"}, {"date": "2020-02-01", "country_from": "BR", "country_to": "MZ", "value": "0", "unit": "kg"}, {"date": "2020-03-01", "country_from": "BR", "country_to": "MZ", "value": "0", "unit": "kg"}, {"date": "2020-04-01", "country_from": "BR", "country_to": "MZ", "value": "0", "unit": "kg"}, {"date": "2020-05-01", "country_from": "BR", "country_to": "MZ", "value": "0", "unit": "kg"}, {"date": "2018-12-01", "country_from": "BR", "country_to": "NL", "value": "0", "unit": "kg"}, {"date": "2019-01-01", "country_from": "BR", "country_to": "NL", "value": "0", "unit": "kg"}, {"date": "2019-02-01", "country_from": "BR", "country_to": "NL", "value": "0", "unit": "kg"}, {"date": "2019-03-01", "country_from": "BR", "country_to": "NL", "value": "0", "unit": "kg"}, {"date": "2019-04-01", "country_from": "BR", "country_to": "NL", "value": "0", "unit": "kg"}, {"date": "2019-05-01", "country_from": "BR", "country_to": "NL", "value": "0", "unit": "kg"}, {"date": "2019-06-01", "country_from": "BR", "country_to": "NL", "value": "0", "unit": "kg"}, {"date": "2019-07-01", "country_from": "BR", "country_to": "NL", "value": "0", "unit": "kg"}, {"date": "2019-08-01", "country_from": "BR", "country_to": "NL", "value": "0", "unit": "kg"}, {"date": "2019-09-01", "country_from": "BR", "country_to": "NL", "value": "0", "unit": "kg"}, {"date": "2019-10-01", "country_from": "BR", "country_to": "NL", "value": "0", "unit": "kg"}, {"date": "2019-11-01", "country_from": "BR", "country_to": "NL", "value": "0", "unit": "kg"}, {"date": "2019-12-01", "country_from": "BR", "country_to": "NL", "value": "0", "unit": "kg"}, {"date": "2020-01-01", "country_from": "BR", "country_to": "NL", "value": "0", "unit": "kg"}, {"date": "2020-02-01", "country_from": "BR", "country_to": "NL", "value": "0", "unit": "kg"}, {"date": "2020-03-01", "country_from": "BR", "country_to": "NL", "value": "0", "unit": "kg"}, {"date": "2020-04-01", "country_from": "BR", "country_to": "NL", "value": "0", "unit": "kg"}, {"date": "2020-05-01", "country_from": "BR", "country_to": "NL", "value": "204", "unit": "kg"}, {"date": "2018-12-01", "country_from": "BR", "country_to": "BA", "value": "0", "unit": "kg"}, {"date": "2019-01-01", "country_from": "BR", "country_to": "BA", "value": "0", "unit": "kg"}, {"date": "2019-02-01", "country_from": "BR", "country_to": "BA", "value": "0", "unit": "kg"}, {"date": "2019-03-01", "country_from": "BR", "country_to": "BA", "value": "0", "unit": "kg"}, {"date": "2019-04-01", "country_from": "BR", "country_to": "BA", "value": "0", "unit": "kg"}, {"date": "2019-05-01", "country_from": "BR", "country_to": "BA", "value": "0", "unit": "kg"}, {"date": "2019-06-01", "country_from": "BR", "country_to": "BA", "value": "0", "unit": "kg"}, {"date": "2019-07-01", "country_from": "BR", "country_to": "BA", "value": "0", "unit": "kg"}, {"date": "2019-08-01", "country_from": "BR", "country_to": "BA", "value": "0", "unit": "kg"}, {"date": "2019-09-01", "country_from": "BR", "country_to": "BA", "value": "0", "unit": "kg"}, {"date": "2019-10-01", "country_from": "BR", "country_to": "BA", "value": "0", "unit": "kg"}, {"date": "2019-11-01", "country_from": "BR", "country_to": "BA", "value": "0", "unit": "kg"}, {"date": "2019-12-01", "country_from": "BR", "country_to": "BA", "value": "0", "unit": "kg"}, {"date": "2020-01-01", "country_from": "BR", "country_to": "BA", "value": "0", "unit": "kg"}, {"date": "2020-02-01", "country_from": "BR", "country_to": "BA", "value": "0", "unit": "kg"}, {"date": "2020-03-01", "country_from": "BR", "country_to": "BA", "value": "850", "unit": "kg"}, {"date": "2020-04-01", "country_from": "BR", "country_to": "BA", "value": "0", "unit": "kg"}, {"date": "2020-05-01", "country_from": "BR", "country_to": "BA", "value": "0", "unit": "kg"}, {"date": "2018-12-01", "country_from": "BR", "country_to": "AO", "value": "0", "unit": "kg"}, {"date": "2019-01-01", "country_from": "BR", "country_to": "AO", "value": "40590", "unit": "kg"}, {"date": "2019-02-01", "country_from": "BR", "country_to": "AO", "value": "0", "unit": "kg"}, {"date": "2019-03-01", "country_from": "BR", "country_to": "AO", "value": "0", "unit": "kg"}, {"date": "2019-04-01", "country_from": "BR", "country_to": "AO", "value": "0", "unit": "kg"}, {"date": "2019-05-01", "country_from": "BR", "country_to": "AO", "value": "59212", "unit": "kg"}, {"date": "2019-06-01", "country_from": "BR", "country_to": "AO", "value": "0", "unit": "kg"}, {"date": "2019-07-01", "country_from": "BR", "country_to": "AO", "value": "84900", "unit": "kg"}, {"date": "2019-08-01", "country_from": "BR", "country_to": "AO", "value": "0", "unit": "kg"}, {"date": "2019-09-01", "country_from": "BR", "country_to": "AO", "value": "0", "unit": "kg"}, {"date": "2019-10-01", "country_from": "BR", "country_to": "AO", "value": "0", "unit": "kg"}, {"date": "2019-11-01", "country_from": "BR", "country_to": "AO", "value": "93990", "unit": "kg"}, {"date": "2019-12-01", "country_from": "BR", "country_to": "AO", "value": "42390", "unit": "kg"}, {"date": "2020-01-01", "country_from": "BR", "country_to": "AO", "value": "0", "unit": "kg"}, {"date": "2020-02-01", "country_from": "BR", "country_to": "AO", "value": "0", "unit": "kg"}, {"date": "2020-03-01", "country_from": "BR", "country_to": "AO", "value": "4800", "unit": "kg"}, {"date": "2020-04-01", "country_from": "BR", "country_to": "AO", "value": "0", "unit": "kg"}, {"date": "2020-05-01", "country_from": "BR", "country_to": "AO", "value": "0", "unit": "kg"}, {"date": "2018-12-01", "country_from": "BR", "country_to": "AR", "value": "380", "unit": "kg"}, {"date": "2019-01-01", "country_from": "BR", "country_to": "AR", "value": "1296", "unit": "kg"}, {"date": "2019-02-01", "country_from": "BR", "country_to": "AR", "value": "1191", "unit": "kg"}, {"date": "2019-03-01", "country_from": "BR", "country_to": "AR", "value": "520", "unit": "kg"}, {"date": "2019-04-01", "country_from": "BR", "country_to": "AR", "value": "0", "unit": "kg"}, {"date": "2019-05-01", "country_from": "BR", "country_to": "AR", "value": "0", "unit": "kg"}, {"date": "2019-06-01", "country_from": "BR", "country_to": "AR", "value": "0", "unit": "kg"}, {"date": "2019-07-01", "country_from": "BR", "country_to": "AR", "value": "0", "unit": "kg"}, {"date": "2019-08-01", "country_from": "BR", "country_to": "AR", "value": "0", "unit": "kg"}, {"date": "2019-09-01", "country_from": "BR", "country_to": "AR", "value": "0", "unit": "kg"}, {"date": "2019-10-01", "country_from": "BR", "country_to": "AR", "value": "30", "unit": "kg"}, {"date": "2019-11-01", "country_from": "BR", "country_to": "AR", "value": "0", "unit": "kg"}, {"date": "2019-12-01", "country_from": "BR", "country_to": "AR", "value": "0", "unit": "kg"}, {"date": "2020-01-01", "country_from": "BR", "country_to": "AR", "value": "760", "unit": "kg"}, {"date": "2020-02-01", "country_from": "BR", "country_to": "AR", "value": "460", "unit": "kg"}, {"date": "2020-03-01", "country_from": "BR", "country_to": "AR", "value": "640", "unit": "kg"}, {"date": "2020-04-01", "country_from": "BR", "country_to": "AR", "value": "0", "unit": "kg"}, {"date": "2020-05-01", "country_from": "BR", "country_to": "AR", "value": "0", "unit": "kg"}, {"date": "2018-12-01", "country_from": "BR", "country_to": "CN", "value": "0", "unit": "kg"}, {"date": "2019-01-01", "country_from": "BR", "country_to": "CN", "value": "0", "unit": "kg"}, {"date": "2019-02-01", "country_from": "BR", "country_to": "CN", "value": "230", "unit": "kg"}, {"date": "2019-03-01", "country_from": "BR", "country_to": "CN", "value": "0", "unit": "kg"}, {"date": "2019-04-01", "country_from": "BR", "country_to": "CN", "value": "0", "unit": "kg"}, {"date": "2019-05-01", "country_from": "BR", "country_to": "CN", "value": "0", "unit": "kg"}, {"date": "2019-06-01", "country_from": "BR", "country_to": "CN", "value": "0", "unit": "kg"}, {"date": "2019-07-01", "country_from": "BR", "country_to": "CN", "value": "0", "unit": "kg"}, {"date": "2019-08-01", "country_from": "BR", "country_to": "CN", "value": "0", "unit": "kg"}, {"date": "2019-09-01", "country_from": "BR", "country_to": "CN", "value": "0", "unit": "kg"}, {"date": "2019-10-01", "country_from": "BR", "country_to": "CN", "value": "0", "unit": "kg"}, {"date": "2019-11-01", "country_from": "BR", "country_to": "CN", "value": "0", "unit": "kg"}, {"date": "2019-12-01", "country_from": "BR", "country_to": "CN", "value": "0", "unit": "kg"}, {"date": "2020-01-01", "country_from": "BR", "country_to": "CN", "value": "0", "unit": "kg"}, {"date": "2020-02-01", "country_from": "BR", "country_to": "CN", "value": "0", "unit": "kg"}, {"date": "2020-03-01", "country_from": "BR", "country_to": "CN", "value": "0", "unit": "kg"}, {"date": "2020-04-01", "country_from": "BR", "country_to": "CN", "value": "0", "unit": "kg"}, {"date": "2020-05-01", "country_from": "BR", "country_to": "CN", "value": "0", "unit": "kg"}, {"date": "2018-12-01", "country_from": "BR", "country_to": "DK", "value": "0", "unit": "kg"}, {"date": "2019-01-01", "country_from": "BR", "country_to": "DK", "value": "0", "unit": "kg"}, {"date": "2019-02-01", "country_from": "BR", "country_to": "DK", "value": "0", "unit": "kg"}, {"date": "2019-03-01", "country_from": "BR", "country_to": "DK", "value": "0", "unit": "kg"}, {"date": "2019-04-01", "country_from": "BR", "country_to": "DK", "value": "0", "unit": "kg"}, {"date": "2019-05-01", "country_from": "BR", "country_to": "DK", "value": "0", "unit": "kg"}, {"date": "2019-06-01", "country_from": "BR", "country_to": "DK", "value": "0", "unit": "kg"}, {"date": "2019-07-01", "country_from": "BR", "country_to": "DK", "value": "750", "unit": "kg"}, {"date": "2019-08-01", "country_from": "BR", "country_to": "DK", "value": "0", "unit": "kg"}, {"date": "2019-09-01", "country_from": "BR", "country_to": "DK", "value": "0", "unit": "kg"}, {"date": "2019-10-01", "country_from": "BR", "country_to": "DK", "value": "0", "unit": "kg"}, {"date": "2019-11-01", "country_from": "BR", "country_to": "DK", "value": "0", "unit": "kg"}, {"date": "2019-12-01", "country_from": "BR", "country_to": "DK", "value": "0", "unit": "kg"}, {"date": "2020-01-01", "country_from": "BR", "country_to": "DK", "value": "0", "unit": "kg"}, {"date": "2020-02-01", "country_from": "BR", "country_to": "DK", "value": "0", "unit": "kg"}, {"date": "2020-03-01", "country_from": "BR", "country_to": "DK", "value": "0", "unit": "kg"}, {"date": "2020-04-01", "country_from": "BR", "country_to": "DK", "value": "0", "unit": "kg"}, {"date": "2020-05-01", "country_from": "BR", "country_to": "DK", "value": "0", "unit": "kg"}, {"date": "2018-12-01", "country_from": "BR", "country_to": "GR", "value": "0", "unit": "kg"}, {"date": "2019-01-01", "country_from": "BR", "country_to": "GR", "value": "0", "unit": "kg"}, {"date": "2019-02-01", "country_from": "BR", "country_to": "GR", "value": "0", "unit": "kg"}, {"date": "2019-03-01", "country_from": "BR", "country_to": "GR", "value": "0", "unit": "kg"}, {"date": "2019-04-01", "country_from": "BR", "country_to": "GR", "value": "0", "unit": "kg"}, {"date": "2019-05-01", "country_from": "BR", "country_to": "GR", "value": "0", "unit": "kg"}, {"date": "2019-06-01", "country_from": "BR", "country_to": "GR", "value": "0", "unit": "kg"}, {"date": "2019-07-01", "country_from": "BR", "country_to": "GR", "value": "0", "unit": "kg"}, {"date": "2019-08-01", "country_from": "BR", "country_to": "GR", "value": "0", "unit": "kg"}, {"date": "2019-09-01", "country_from": "BR", "country_to": "GR", "value": "0", "unit": "kg"}, {"date": "2019-10-01", "country_from": "BR", "country_to": "GR", "value": "600", "unit": "kg"}, {"date": "2019-11-01", "country_from": "BR", "country_to": "GR", "value": "60", "unit": "kg"}, {"date": "2019-12-01", "country_from": "BR", "country_to": "GR", "value": "0", "unit": "kg"}, {"date": "2020-01-01", "country_from": "BR", "country_to": "GR", "value": "0", "unit": "kg"}, {"date": "2020-02-01", "country_from": "BR", "country_to": "GR", "value": "0", "unit": "kg"}, {"date": "2020-03-01", "country_from": "BR", "country_to": "GR", "value": "0", "unit": "kg"}, {"date": "2020-04-01", "country_from": "BR", "country_to": "GR", "value": "0", "unit": "kg"}, {"date": "2020-05-01", "country_from": "BR", "country_to": "GR", "value": "0", "unit": "kg"}]