[{"date": "2018-12-01", "country_from": "BH", "country_to": "IQ", "value": "0", "unit": "kg"}, {"date": "2019-01-01", "country_from": "BH", "country_to": "IQ", "value": "0", "unit": "kg"}, {"date": "2019-02-01", "country_from": "BH", "country_to": "IQ", "value": "0", "unit": "kg"}, {"date": "2019-03-01", "country_from": "BH", "country_to": "IQ", "value": "0", "unit": "kg"}, {"date": "2019-04-01", "country_from": "BH", "country_to": "IQ", "value": "0", "unit": "kg"}, {"date": "2019-05-01", "country_from": "BH", "country_to": "IQ", "value": "0", "unit": "kg"}, {"date": "2019-06-01", "country_from": "BH", "country_to": "IQ", "value": "0", "unit": "kg"}, {"date": "2019-07-01", "country_from": "BH", "country_to": "IQ", "value": "0", "unit": "kg"}, {"date": "2019-08-01", "country_from": "BH", "country_to": "IQ", "value": "0", "unit": "kg"}, {"date": "2019-09-01", "country_from": "BH", "country_to": "IQ", "value": "2400", "unit": "kg"}, {"date": "2019-10-01", "country_from": "BH", "country_to": "IQ", "value": "0", "unit": "kg"}, {"date": "2019-11-01", "country_from": "BH", "country_to": "IQ", "value": "0", "unit": "kg"}, {"date": "2019-12-01", "country_from": "BH", "country_to": "IQ", "value": "0", "unit": "kg"}, {"date": "2020-01-01", "country_from": "BH", "country_to": "IQ", "value": "0", "unit": "kg"}, {"date": "2020-02-01", "country_from": "BH", "country_to": "IQ", "value": "0", "unit": "kg"}, {"date": "2020-03-01", "country_from": "BH", "country_to": "IQ", "value": "0", "unit": "kg"}, {"date": "2020-04-01", "country_from": "BH", "country_to": "IQ", "value": "0", "unit": "kg"}, {"date": "2020-05-01", "country_from": "BH", "country_to": "IQ", "value": "0", "unit": "kg"}, {"date": "2020-06-01", "country_from": "BH", "country_to": "IQ", "value": "0", "unit": "kg"}, {"date": "2020-07-01", "country_from": "BH", "country_to": "IQ", "value": "0", "unit": "kg"}, {"date": "2018-12-01", "country_from": "BH", "country_to": "KW", "value": "0", "unit": "kg"}, {"date": "2019-01-01", "country_from": "BH", "country_to": "KW", "value": "0", "unit": "kg"}, {"date": "2019-02-01", "country_from": "BH", "country_to": "KW", "value": "0", "unit": "kg"}, {"date": "2019-03-01", "country_from": "BH", "country_to": "KW", "value": "0", "unit": "kg"}, {"date": "2019-04-01", "country_from": "BH", "country_to": "KW", "value": "0", "unit": "kg"}, {"date": "2019-05-01", "country_from": "BH", "country_to": "KW", "value": "0", "unit": "kg"}, {"date": "2019-06-01", "country_from": "BH", "country_to": "KW", "value": "0", "unit": "kg"}, {"date": "2019-07-01", "country_from": "BH", "country_to": "KW", "value": "0", "unit": "kg"}, {"date": "2019-08-01", "country_from": "BH", "country_to": "KW", "value": "0", "unit": "kg"}, {"date": "2019-09-01", "country_from": "BH", "country_to": "KW", "value": "0", "unit": "kg"}, {"date": "2019-10-01", "country_from": "BH", "country_to": "KW", "value": "0", "unit": "kg"}, {"date": "2019-11-01", "country_from": "BH", "country_to": "KW", "value": "0", "unit": "kg"}, {"date": "2019-12-01", "country_from": "BH", "country_to": "KW", "value": "0", "unit": "kg"}, {"date": "2020-01-01", "country_from": "BH", "country_to": "KW", "value": "1192", "unit": "kg"}, {"date": "2020-02-01", "country_from": "BH", "country_to": "KW", "value": "0", "unit": "kg"}, {"date": "2020-03-01", "country_from": "BH", "country_to": "KW", "value": "0", "unit": "kg"}, {"date": "2020-04-01", "country_from": "BH", "country_to": "KW", "value": "0", "unit": "kg"}, {"date": "2020-05-01", "country_from": "BH", "country_to": "KW", "value": "0", "unit": "kg"}, {"date": "2020-06-01", "country_from": "BH", "country_to": "KW", "value": "0", "unit": "kg"}, {"date": "2020-07-01", "country_from": "BH", "country_to": "KW", "value": "0", "unit": "kg"}, {"date": "2018-12-01", "country_from": "BH", "country_to": "OM", "value": "0", "unit": "kg"}, {"date": "2019-01-01", "country_from": "BH", "country_to": "OM", "value": "0", "unit": "kg"}, {"date": "2019-02-01", "country_from": "BH", "country_to": "OM", "value": "0", "unit": "kg"}, {"date": "2019-03-01", "country_from": "BH", "country_to": "OM", "value": "0", "unit": "kg"}, {"date": "2019-04-01", "country_from": "BH", "country_to": "OM", "value": "0", "unit": "kg"}, {"date": "2019-05-01", "country_from": "BH", "country_to": "OM", "value": "49", "unit": "kg"}, {"date": "2019-06-01", "country_from": "BH", "country_to": "OM", "value": "95", "unit": "kg"}, {"date": "2019-07-01", "country_from": "BH", "country_to": "OM", "value": "0", "unit": "kg"}, {"date": "2019-08-01", "country_from": "BH", "country_to": "OM", "value": "0", "unit": "kg"}, {"date": "2019-09-01", "country_from": "BH", "country_to": "OM", "value": "0", "unit": "kg"}, {"date": "2019-10-01", "country_from": "BH", "country_to": "OM", "value": "0", "unit": "kg"}, {"date": "2019-11-01", "country_from": "BH", "country_to": "OM", "value": "0", "unit": "kg"}, {"date": "2019-12-01", "country_from": "BH", "country_to": "OM", "value": "0", "unit": "kg"}, {"date": "2020-01-01", "country_from": "BH", "country_to": "OM", "value": "0", "unit": "kg"}, {"date": "2020-02-01", "country_from": "BH", "country_to": "OM", "value": "0", "unit": "kg"}, {"date": "2020-03-01", "country_from": "BH", "country_to": "OM", "value": "0", "unit": "kg"}, {"date": "2020-04-01", "country_from": "BH", "country_to": "OM", "value": "0", "unit": "kg"}, {"date": "2020-05-01", "country_from": "BH", "country_to": "OM", "value": "0", "unit": "kg"}, {"date": "2020-06-01", "country_from": "BH", "country_to": "OM", "value": "0", "unit": "kg"}, {"date": "2020-07-01", "country_from": "BH", "country_to": "OM", "value": "0", "unit": "kg"}, {"date": "2018-12-01", "country_from": "BH", "country_to": "SA", "value": "0", "unit": "kg"}, {"date": "2019-01-01", "country_from": "BH", "country_to": "SA", "value": "0", "unit": "kg"}, {"date": "2019-02-01", "country_from": "BH", "country_to": "SA", "value": "0", "unit": "kg"}, {"date": "2019-03-01", "country_from": "BH", "country_to": "SA", "value": "580", "unit": "kg"}, {"date": "2019-04-01", "country_from": "BH", "country_to": "SA", "value": "0", "unit": "kg"}, {"date": "2019-05-01", "country_from": "BH", "country_to": "SA", "value": "37", "unit": "kg"}, {"date": "2019-06-01", "country_from": "BH", "country_to": "SA", "value": "0", "unit": "kg"}, {"date": "2019-07-01", "country_from": "BH", "country_to": "SA", "value": "0", "unit": "kg"}, {"date": "2019-08-01", "country_from": "BH", "country_to": "SA", "value": "0", "unit": "kg"}, {"date": "2019-09-01", "country_from": "BH", "country_to": "SA", "value": "0", "unit": "kg"}, {"date": "2019-10-01", "country_from": "BH", "country_to": "SA", "value": "0", "unit": "kg"}, {"date": "2019-11-01", "country_from": "BH", "country_to": "SA", "value": "0", "unit": "kg"}, {"date": "2019-12-01", "country_from": "BH", "country_to": "SA", "value": "0", "unit": "kg"}, {"date": "2020-01-01", "country_from": "BH", "country_to": "SA", "value": "0", "unit": "kg"}, {"date": "2020-02-01", "country_from": "BH", "country_to": "SA", "value": "175", "unit": "kg"}, {"date": "2020-03-01", "country_from": "BH", "country_to": "SA", "value": "0", "unit": "kg"}, {"date": "2020-04-01", "country_from": "BH", "country_to": "SA", "value": "0", "unit": "kg"}, {"date": "2020-05-01", "country_from": "BH", "country_to": "SA", "value": "0", "unit": "kg"}, {"date": "2020-06-01", "country_from": "BH", "country_to": "SA", "value": "0", "unit": "kg"}, {"date": "2020-07-01", "country_from": "BH", "country_to": "SA", "value": "0", "unit": "kg"}, {"date": "2018-12-01", "country_from": "BH", "country_to": "US", "value": "0", "unit": "kg"}, {"date": "2019-01-01", "country_from": "BH", "country_to": "US", "value": "0", "unit": "kg"}, {"date": "2019-02-01", "country_from": "BH", "country_to": "US", "value": "0", "unit": "kg"}, {"date": "2019-03-01", "country_from": "BH", "country_to": "US", "value": "0", "unit": "kg"}, {"date": "2019-04-01", "country_from": "BH", "country_to": "US", "value": "11000", "unit": "kg"}, {"date": "2019-05-01", "country_from": "BH", "country_to": "US", "value": "0", "unit": "kg"}, {"date": "2019-06-01", "country_from": "BH", "country_to": "US", "value": "0", "unit": "kg"}, {"date": "2019-07-01", "country_from": "BH", "country_to": "US", "value": "0", "unit": "kg"}, {"date": "2019-08-01", "country_from": "BH", "country_to": "US", "value": "0", "unit": "kg"}, {"date": "2019-09-01", "country_from": "BH", "country_to": "US", "value": "0", "unit": "kg"}, {"date": "2019-10-01", "country_from": "BH", "country_to": "US", "value": "0", "unit": "kg"}, {"date": "2019-11-01", "country_from": "BH", "country_to": "US", "value": "0", "unit": "kg"}, {"date": "2019-12-01", "country_from": "BH", "country_to": "US", "value": "0", "unit": "kg"}, {"date": "2020-01-01", "country_from": "BH", "country_to": "US", "value": "0", "unit": "kg"}, {"date": "2020-02-01", "country_from": "BH", "country_to": "US", "value": "0", "unit": "kg"}, {"date": "2020-03-01", "country_from": "BH", "country_to": "US", "value": "0", "unit": "kg"}, {"date": "2020-04-01", "country_from": "BH", "country_to": "US", "value": "0", "unit": "kg"}, {"date": "2020-05-01", "country_from": "BH", "country_to": "US", "value": "0", "unit": "kg"}, {"date": "2020-06-01", "country_from": "BH", "country_to": "US", "value": "100", "unit": "kg"}, {"date": "2020-07-01", "country_from": "BH", "country_to": "US", "value": "0", "unit": "kg"}]