[{"date": "1234-01", "country": "2", "value": "1", "unit": "kg"}, {"date": "1-01", "country": "2", "value": "2", "unit": "kg"}, {"date": "2-01", "country": "2", "value": "3", "unit": "kg"}, {"date": "3-01", "country": "2", "value": "4", "unit": "kg"}, {"date": "2-01", "country": "Oman", "value": "2985024", "unit": "kg"}, {"date": "3-01", "country": "Oman", "value": "2105607", "unit": "kg"}, {"date": "4-01", "country": "Oman", "value": "1836167", "unit": "kg"}, {"date": "Unnamed: 5-01", "country": "Oman", "value": "2292569", "unit": "kg"}, {"date": "Unnamed: 6-01", "country": "Oman", "value": "2244329", "unit": "kg"}, {"date": "Unnamed: 7-01", "country": "Oman", "value": "2522847", "unit": "kg"}, {"date": "Unnamed: 8-01", "country": "Oman", "value": "2449188", "unit": "kg"}, {"date": "Unnamed: 9-01", "country": "Oman", "value": "2817180", "unit": "kg"}, {"date": "Unnamed: 10-01", "country": "Oman", "value": "2621013", "unit": "kg"}, {"date": "Unnamed: 11-01", "country": "Oman", "value": "2420845", "unit": "kg"}, {"date": "Unnamed: 12-01", "country": "Oman", "value": "2696240", "unit": "kg"}, {"date": "Unnamed: 13-01", "country": "Oman", "value": "3112340", "unit": "kg"}, {"date": "Unnamed: 14-01", "country": "Oman", "value": "2877778", "unit": "kg"}, {"date": "Unnamed: 15-01", "country": "Oman", "value": "1909608", "unit": "kg"}, {"date": "Unnamed: 16-01", "country": "Oman", "value": "2223521", "unit": "kg"}, {"date": "Unnamed: 17-01", "country": "Oman", "value": "2638195", "unit": "kg"}, {"date": "Unnamed: 18-01", "country": "Oman", "value": "2266333", "unit": "kg"}, {"date": "Unnamed: 19-01", "country": "Oman", "value": "2068850", "unit": "kg"}, {"date": "Unnamed: 20-01", "country": "Oman", "value": "1735552", "unit": "kg"}, {"date": "Unnamed: 21-01", "country": "Oman", "value": "2414033", "unit": "kg"}, {"date": "2-01", "country": "Iran, Islamic Republic of", "value": "24704893", "unit": "kg"}, {"date": "3-01", "country": "Iran, Islamic Republic of", "value": "7787869", "unit": "kg"}, {"date": "4-01", "country": "Iran, Islamic Republic of", "value": "3998205", "unit": "kg"}, {"date": "Unnamed: 5-01", "country": "Iran, Islamic Republic of", "value": "2381356", "unit": "kg"}, {"date": "Unnamed: 6-01", "country": "Iran, Islamic Republic of", "value": "3583287", "unit": "kg"}, {"date": "Unnamed: 7-01", "country": "Iran, Islamic Republic of", "value": "397589", "unit": "kg"}, {"date": "Unnamed: 8-01", "country": "Iran, Islamic Republic of", "value": "1564780", "unit": "kg"}, {"date": "Unnamed: 9-01", "country": "Iran, Islamic Republic of", "value": "3397979", "unit": "kg"}, {"date": "Unnamed: 10-01", "country": "Iran, Islamic Republic of", "value": "2880752", "unit": "kg"}, {"date": "Unnamed: 11-01", "country": "Iran, Islamic Republic of", "value": "2431064", "unit": "kg"}, {"date": "Unnamed: 12-01", "country": "Iran, Islamic Republic of", "value": "2791321", "unit": "kg"}, {"date": "Unnamed: 13-01", "country": "Iran, Islamic Republic of", "value": "4682589", "unit": "kg"}, {"date": "Unnamed: 14-01", "country": "Iran, Islamic Republic of", "value": "2089616", "unit": "kg"}, {"date": "Unnamed: 15-01", "country": "Iran, Islamic Republic of", "value": "1070347", "unit": "kg"}, {"date": "Unnamed: 16-01", "country": "Iran, Islamic Republic of", "value": "830360", "unit": "kg"}, {"date": "Unnamed: 17-01", "country": "Iran, Islamic Republic of", "value": "922064", "unit": "kg"}, {"date": "Unnamed: 18-01", "country": "Iran, Islamic Republic of", "value": "1850904", "unit": "kg"}, {"date": "Unnamed: 19-01", "country": "Iran, Islamic Republic of", "value": "1007074", "unit": "kg"}, {"date": "Unnamed: 20-01", "country": "Iran, Islamic Republic of", "value": "3655402", "unit": "kg"}, {"date": "Unnamed: 21-01", "country": "Iran, Islamic Republic of", "value": "1540245", "unit": "kg"}, {"date": "2-01", "country": "Somalia", "value": "1146552", "unit": "kg"}, {"date": "3-01", "country": "Somalia", "value": "303637", "unit": "kg"}, {"date": "4-01", "country": "Somalia", "value": "61436", "unit": "kg"}, {"date": "Unnamed: 5-01", "country": "Somalia", "value": "537041", "unit": "kg"}, {"date": "Unnamed: 6-01", "country": "Somalia", "value": "641779", "unit": "kg"}, {"date": "Unnamed: 7-01", "country": "Somalia", "value": "379094", "unit": "kg"}, {"date": "Unnamed: 8-01", "country": "Somalia", "value": "1763901", "unit": "kg"}, {"date": "Unnamed: 9-01", "country": "Somalia", "value": "235446", "unit": "kg"}, {"date": "Unnamed: 10-01", "country": "Somalia", "value": "504752", "unit": "kg"}, {"date": "Unnamed: 11-01", "country": "Somalia", "value": "218683", "unit": "kg"}, {"date": "Unnamed: 12-01", "country": "Somalia", "value": "355883", "unit": "kg"}, {"date": "Unnamed: 13-01", "country": "Somalia", "value": "250523", "unit": "kg"}, {"date": "Unnamed: 14-01", "country": "Somalia", "value": "400745", "unit": "kg"}, {"date": "Unnamed: 15-01", "country": "Somalia", "value": "82328", "unit": "kg"}, {"date": "Unnamed: 16-01", "country": "Somalia", "value": "177293", "unit": "kg"}, {"date": "Unnamed: 17-01", "country": "Somalia", "value": "25200", "unit": "kg"}, {"date": "Unnamed: 18-01", "country": "Somalia", "value": "189774", "unit": "kg"}, {"date": "Unnamed: 19-01", "country": "Somalia", "value": "465311", "unit": "kg"}, {"date": "Unnamed: 20-01", "country": "Somalia", "value": "416780", "unit": "kg"}, {"date": "Unnamed: 21-01", "country": "Somalia", "value": "386090", "unit": "kg"}, {"date": "2-01", "country": "India", "value": "970080", "unit": "kg"}, {"date": "3-01", "country": "India", "value": "774572", "unit": "kg"}, {"date": "4-01", "country": "India", "value": "0", "unit": "kg"}, {"date": "Unnamed: 5-01", "country": "India", "value": "173000", "unit": "kg"}, {"date": "Unnamed: 6-01", "country": "India", "value": "0", "unit": "kg"}, {"date": "Unnamed: 7-01", "country": "India", "value": "222390", "unit": "kg"}, {"date": "Unnamed: 8-01", "country": "India", "value": "0", "unit": "kg"}, {"date": "Unnamed: 9-01", "country": "India", "value": "63100", "unit": "kg"}, {"date": "Unnamed: 10-01", "country": "India", "value": "104952", "unit": "kg"}, {"date": "Unnamed: 11-01", "country": "India", "value": "91816", "unit": "kg"}, {"date": "Unnamed: 12-01", "country": "India", "value": "65373", "unit": "kg"}, {"date": "Unnamed: 13-01", "country": "India", "value": "148496", "unit": "kg"}, {"date": "Unnamed: 14-01", "country": "India", "value": "173174", "unit": "kg"}, {"date": "Unnamed: 15-01", "country": "India", "value": "96302", "unit": "kg"}, {"date": "Unnamed: 16-01", "country": "India", "value": "400187", "unit": "kg"}, {"date": "Unnamed: 17-01", "country": "India", "value": "107032", "unit": "kg"}, {"date": "Unnamed: 18-01", "country": "India", "value": "85732", "unit": "kg"}, {"date": "Unnamed: 19-01", "country": "India", "value": "149146", "unit": "kg"}, {"date": "Unnamed: 20-01", "country": "India", "value": "104057", "unit": "kg"}, {"date": "Unnamed: 21-01", "country": "India", "value": "334643", "unit": "kg"}, {"date": "2-01", "country": "Jordan", "value": "155200", "unit": "kg"}, {"date": "3-01", "country": "Jordan", "value": "0", "unit": "kg"}, {"date": "4-01", "country": "Jordan", "value": "0", "unit": "kg"}, {"date": "Unnamed: 5-01", "country": "Jordan", "value": "50600", "unit": "kg"}, {"date": "Unnamed: 6-01", "country": "Jordan", "value": "0", "unit": "kg"}, {"date": "Unnamed: 7-01", "country": "Jordan", "value": "3187", "unit": "kg"}, {"date": "Unnamed: 8-01", "country": "Jordan", "value": "89500", "unit": "kg"}, {"date": "Unnamed: 9-01", "country": "Jordan", "value": "0", "unit": "kg"}, {"date": "Unnamed: 10-01", "country": "Jordan", "value": "0", "unit": "kg"}, {"date": "Unnamed: 11-01", "country": "Jordan", "value": "2025", "unit": "kg"}, {"date": "Unnamed: 12-01", "country": "Jordan", "value": "168250", "unit": "kg"}, {"date": "Unnamed: 13-01", "country": "Jordan", "value": "44800", "unit": "kg"}, {"date": "Unnamed: 14-01", "country": "Jordan", "value": "200800", "unit": "kg"}, {"date": "Unnamed: 15-01", "country": "Jordan", "value": "0", "unit": "kg"}, {"date": "Unnamed: 16-01", "country": "Jordan", "value": "110000", "unit": "kg"}, {"date": "Unnamed: 17-01", "country": "Jordan", "value": "0", "unit": "kg"}, {"date": "Unnamed: 18-01", "country": "Jordan", "value": "0", "unit": "kg"}, {"date": "Unnamed: 19-01", "country": "Jordan", "value": "0", "unit": "kg"}, {"date": "Unnamed: 20-01", "country": "Jordan", "value": "0", "unit": "kg"}, {"date": "Unnamed: 21-01", "country": "Jordan", "value": "302886", "unit": "kg"}, {"date": "2-01", "country": "United Kingdom", "value": "23460", "unit": "kg"}, {"date": "3-01", "country": "United Kingdom", "value": "0", "unit": "kg"}, {"date": "4-01", "country": "United Kingdom", "value": "0", "unit": "kg"}, {"date": "Unnamed: 5-01", "country": "United Kingdom", "value": "0", "unit": "kg"}, {"date": "Unnamed: 6-01", "country": "United Kingdom", "value": "46920", "unit": "kg"}, {"date": "Unnamed: 7-01", "country": "United Kingdom", "value": "0", "unit": "kg"}, {"date": "Unnamed: 8-01", "country": "United Kingdom", "value": "0", "unit": "kg"}, {"date": "Unnamed: 9-01", "country": "United Kingdom", "value": "0", "unit": "kg"}, {"date": "Unnamed: 10-01", "country": "United Kingdom", "value": "12000", "unit": "kg"}, {"date": "Unnamed: 11-01", "country": "United Kingdom", "value": "0", "unit": "kg"}, {"date": "Unnamed: 12-01", "country": "United Kingdom", "value": "0", "unit": "kg"}, {"date": "Unnamed: 13-01", "country": "United Kingdom", "value": "5474", "unit": "kg"}, {"date": "Unnamed: 14-01", "country": "United Kingdom", "value": "0", "unit": "kg"}, {"date": "Unnamed: 15-01", "country": "United Kingdom", "value": "0", "unit": "kg"}, {"date": "Unnamed: 16-01", "country": "United Kingdom", "value": "0", "unit": "kg"}, {"date": "Unnamed: 17-01", "country": "United Kingdom", "value": "0", "unit": "kg"}, {"date": "Unnamed: 18-01", "country": "United Kingdom", "value": "0", "unit": "kg"}, {"date": "Unnamed: 19-01", "country": "United Kingdom", "value": "0", "unit": "kg"}, {"date": "Unnamed: 20-01", "country": "United Kingdom", "value": "0", "unit": "kg"}, {"date": "Unnamed: 21-01", "country": "United Kingdom", "value": "241495", "unit": "kg"}, {"date": "2-01", "country": "United States of America", "value": "301447", "unit": "kg"}, {"date": "3-01", "country": "United States of America", "value": "437499", "unit": "kg"}, {"date": "4-01", "country": "United States of America", "value": "358283", "unit": "kg"}, {"date": "Unnamed: 5-01", "country": "United States of America", "value": "415483", "unit": "kg"}, {"date": "Unnamed: 6-01", "country": "United States of America", "value": "376965", "unit": "kg"}, {"date": "Unnamed: 7-01", "country": "United States of America", "value": "311163", "unit": "kg"}, {"date": "Unnamed: 8-01", "country": "United States of America", "value": "204107", "unit": "kg"}, {"date": "Unnamed: 9-01", "country": "United States of America", "value": "138678", "unit": "kg"}, {"date": "Unnamed: 10-01", "country": "United States of America", "value": "250808", "unit": "kg"}, {"date": "Unnamed: 11-01", "country": "United States of America", "value": "312681", "unit": "kg"}, {"date": "Unnamed: 12-01", "country": "United States of America", "value": "335693", "unit": "kg"}, {"date": "Unnamed: 13-01", "country": "United States of America", "value": "209301", "unit": "kg"}, {"date": "Unnamed: 14-01", "country": "United States of America", "value": "218777", "unit": "kg"}, {"date": "Unnamed: 15-01", "country": "United States of America", "value": "291819", "unit": "kg"}, {"date": "Unnamed: 16-01", "country": "United States of America", "value": "269686", "unit": "kg"}, {"date": "Unnamed: 17-01", "country": "United States of America", "value": "229131", "unit": "kg"}, {"date": "Unnamed: 18-01", "country": "United States of America", "value": "357195", "unit": "kg"}, {"date": "Unnamed: 19-01", "country": "United States of America", "value": "293555", "unit": "kg"}, {"date": "Unnamed: 20-01", "country": "United States of America", "value": "250808", "unit": "kg"}, {"date": "Unnamed: 21-01", "country": "United States of America", "value": "168144", "unit": "kg"}, {"date": "2-01", "country": "Lebanon", "value": "1425", "unit": "kg"}, {"date": "3-01", "country": "Lebanon", "value": "4000", "unit": "kg"}, {"date": "4-01", "country": "Lebanon", "value": "97960", "unit": "kg"}, {"date": "Unnamed: 5-01", "country": "Lebanon", "value": "26520", "unit": "kg"}, {"date": "Unnamed: 6-01", "country": "Lebanon", "value": "4320", "unit": "kg"}, {"date": "Unnamed: 7-01", "country": "Lebanon", "value": "0", "unit": "kg"}, {"date": "Unnamed: 8-01", "country": "Lebanon", "value": "4100", "unit": "kg"}, {"date": "Unnamed: 9-01", "country": "Lebanon", "value": "433", "unit": "kg"}, {"date": "Unnamed: 10-01", "country": "Lebanon", "value": "0", "unit": "kg"}, {"date": "Unnamed: 11-01", "country": "Lebanon", "value": "5850", "unit": "kg"}, {"date": "Unnamed: 12-01", "country": "Lebanon", "value": "0", "unit": "kg"}, {"date": "Unnamed: 13-01", "country": "Lebanon", "value": "46400", "unit": "kg"}, {"date": "Unnamed: 14-01", "country": "Lebanon", "value": "24000", "unit": "kg"}, {"date": "Unnamed: 15-01", "country": "Lebanon", "value": "0", "unit": "kg"}, {"date": "Unnamed: 16-01", "country": "Lebanon", "value": "1000", "unit": "kg"}, {"date": "Unnamed: 17-01", "country": "Lebanon", "value": "16232", "unit": "kg"}, {"date": "Unnamed: 18-01", "country": "Lebanon", "value": "6342", "unit": "kg"}, {"date": "Unnamed: 19-01", "country": "Lebanon", "value": "3675", "unit": "kg"}, {"date": "Unnamed: 20-01", "country": "Lebanon", "value": "2200", "unit": "kg"}, {"date": "Unnamed: 21-01", "country": "Lebanon", "value": "155540", "unit": "kg"}, {"date": "2-01", "country": "Saudi Arabia", "value": "129820", "unit": "kg"}, {"date": "3-01", "country": "Saudi Arabia", "value": "85358", "unit": "kg"}, {"date": "4-01", "country": "Saudi Arabia", "value": "286960", "unit": "kg"}, {"date": "Unnamed: 5-01", "country": "Saudi Arabia", "value": "763930", "unit": "kg"}, {"date": "Unnamed: 6-01", "country": "Saudi Arabia", "value": "472795", "unit": "kg"}, {"date": "Unnamed: 7-01", "country": "Saudi Arabia", "value": "601600", "unit": "kg"}, {"date": "Unnamed: 8-01", "country": "Saudi Arabia", "value": "332448", "unit": "kg"}, {"date": "Unnamed: 9-01", "country": "Saudi Arabia", "value": "636280", "unit": "kg"}, {"date": "Unnamed: 10-01", "country": "Saudi Arabia", "value": "277075", "unit": "kg"}, {"date": "Unnamed: 11-01", "country": "Saudi Arabia", "value": "51252", "unit": "kg"}, {"date": "Unnamed: 12-01", "country": "Saudi Arabia", "value": "228780", "unit": "kg"}, {"date": "Unnamed: 13-01", "country": "Saudi Arabia", "value": "330800", "unit": "kg"}, {"date": "Unnamed: 14-01", "country": "Saudi Arabia", "value": "112664", "unit": "kg"}, {"date": "Unnamed: 15-01", "country": "Saudi Arabia", "value": "190750", "unit": "kg"}, {"date": "Unnamed: 16-01", "country": "Saudi Arabia", "value": "189353", "unit": "kg"}, {"date": "Unnamed: 17-01", "country": "Saudi Arabia", "value": "420221", "unit": "kg"}, {"date": "Unnamed: 18-01", "country": "Saudi Arabia", "value": "25560", "unit": "kg"}, {"date": "Unnamed: 19-01", "country": "Saudi Arabia", "value": "236110", "unit": "kg"}, {"date": "Unnamed: 20-01", "country": "Saudi Arabia", "value": "207544", "unit": "kg"}, {"date": "Unnamed: 21-01", "country": "Saudi Arabia", "value": "153589", "unit": "kg"}, {"date": "2-01", "country": "Nigeria", "value": "20350", "unit": "kg"}, {"date": "3-01", "country": "Nigeria", "value": "0", "unit": "kg"}, {"date": "4-01", "country": "Nigeria", "value": "14019", "unit": "kg"}, {"date": "Unnamed: 5-01", "country": "Nigeria", "value": "2030", "unit": "kg"}, {"date": "Unnamed: 6-01", "country": "Nigeria", "value": "12460", "unit": "kg"}, {"date": "Unnamed: 7-01", "country": "Nigeria", "value": "4928", "unit": "kg"}, {"date": "Unnamed: 8-01", "country": "Nigeria", "value": "6780", "unit": "kg"}, {"date": "Unnamed: 9-01", "country": "Nigeria", "value": "0", "unit": "kg"}, {"date": "Unnamed: 10-01", "country": "Nigeria", "value": "12240", "unit": "kg"}, {"date": "Unnamed: 11-01", "country": "Nigeria", "value": "86715", "unit": "kg"}, {"date": "Unnamed: 12-01", "country": "Nigeria", "value": "59261", "unit": "kg"}, {"date": "Unnamed: 13-01", "country": "Nigeria", "value": "66698", "unit": "kg"}, {"date": "Unnamed: 14-01", "country": "Nigeria", "value": "76716", "unit": "kg"}, {"date": "Unnamed: 15-01", "country": "Nigeria", "value": "70540", "unit": "kg"}, {"date": "Unnamed: 16-01", "country": "Nigeria", "value": "97500", "unit": "kg"}, {"date": "Unnamed: 17-01", "country": "Nigeria", "value": "18120", "unit": "kg"}, {"date": "Unnamed: 18-01", "country": "Nigeria", "value": "48099", "unit": "kg"}, {"date": "Unnamed: 19-01", "country": "Nigeria", "value": "229135", "unit": "kg"}, {"date": "Unnamed: 20-01", "country": "Nigeria", "value": "69996", "unit": "kg"}, {"date": "Unnamed: 21-01", "country": "Nigeria", "value": "147641", "unit": "kg"}, {"date": "2-01", "country": "Kuwait", "value": "221114", "unit": "kg"}, {"date": "3-01", "country": "Kuwait", "value": "143835", "unit": "kg"}, {"date": "4-01", "country": "Kuwait", "value": "298728", "unit": "kg"}, {"date": "Unnamed: 5-01", "country": "Kuwait", "value": "92207", "unit": "kg"}, {"date": "Unnamed: 6-01", "country": "Kuwait", "value": "140315", "unit": "kg"}, {"date": "Unnamed: 7-01", "country": "Kuwait", "value": "51669", "unit": "kg"}, {"date": "Unnamed: 8-01", "country": "Kuwait", "value": "68677", "unit": "kg"}, {"date": "Unnamed: 9-01", "country": "Kuwait", "value": "243442", "unit": "kg"}, {"date": "Unnamed: 10-01", "country": "Kuwait", "value": "123644", "unit": "kg"}, {"date": "Unnamed: 11-01", "country": "Kuwait", "value": "94033", "unit": "kg"}, {"date": "Unnamed: 12-01", "country": "Kuwait", "value": "170865", "unit": "kg"}, {"date": "Unnamed: 13-01", "country": "Kuwait", "value": "167699", "unit": "kg"}, {"date": "Unnamed: 14-01", "country": "Kuwait", "value": "126689", "unit": "kg"}, {"date": "Unnamed: 15-01", "country": "Kuwait", "value": "87776", "unit": "kg"}, {"date": "Unnamed: 16-01", "country": "Kuwait", "value": "66957", "unit": "kg"}, {"date": "Unnamed: 17-01", "country": "Kuwait", "value": "120889", "unit": "kg"}, {"date": "Unnamed: 18-01", "country": "Kuwait", "value": "156423", "unit": "kg"}, {"date": "Unnamed: 19-01", "country": "Kuwait", "value": "48222", "unit": "kg"}, {"date": "Unnamed: 20-01", "country": "Kuwait", "value": "50423", "unit": "kg"}, {"date": "Unnamed: 21-01", "country": "Kuwait", "value": "124774", "unit": "kg"}, {"date": "2-01", "country": "Kenya", "value": "6387", "unit": "kg"}, {"date": "3-01", "country": "Kenya", "value": "11425", "unit": "kg"}, {"date": "4-01", "country": "Kenya", "value": "14687", "unit": "kg"}, {"date": "Unnamed: 5-01", "country": "Kenya", "value": "19511", "unit": "kg"}, {"date": "Unnamed: 6-01", "country": "Kenya", "value": "59054", "unit": "kg"}, {"date": "Unnamed: 7-01", "country": "Kenya", "value": "14002", "unit": "kg"}, {"date": "Unnamed: 8-01", "country": "Kenya", "value": "29520", "unit": "kg"}, {"date": "Unnamed: 9-01", "country": "Kenya", "value": "77734", "unit": "kg"}, {"date": "Unnamed: 10-01", "country": "Kenya", "value": "26967", "unit": "kg"}, {"date": "Unnamed: 11-01", "country": "Kenya", "value": "45037", "unit": "kg"}, {"date": "Unnamed: 12-01", "country": "Kenya", "value": "535277", "unit": "kg"}, {"date": "Unnamed: 13-01", "country": "Kenya", "value": "145471", "unit": "kg"}, {"date": "Unnamed: 14-01", "country": "Kenya", "value": "8755", "unit": "kg"}, {"date": "Unnamed: 15-01", "country": "Kenya", "value": "266053", "unit": "kg"}, {"date": "Unnamed: 16-01", "country": "Kenya", "value": "78715", "unit": "kg"}, {"date": "Unnamed: 17-01", "country": "Kenya", "value": "39518", "unit": "kg"}, {"date": "Unnamed: 18-01", "country": "Kenya", "value": "0", "unit": "kg"}, {"date": "Unnamed: 19-01", "country": "Kenya", "value": "137216", "unit": "kg"}, {"date": "Unnamed: 20-01", "country": "Kenya", "value": "23088", "unit": "kg"}, {"date": "Unnamed: 21-01", "country": "Kenya", "value": "118980", "unit": "kg"}, {"date": "2-01", "country": "Bahrain", "value": "82421", "unit": "kg"}, {"date": "3-01", "country": "Bahrain", "value": "105477", "unit": "kg"}, {"date": "4-01", "country": "Bahrain", "value": "94588", "unit": "kg"}, {"date": "Unnamed: 5-01", "country": "Bahrain", "value": "104027", "unit": "kg"}, {"date": "Unnamed: 6-01", "country": "Bahrain", "value": "110996", "unit": "kg"}, {"date": "Unnamed: 7-01", "country": "Bahrain", "value": "159068", "unit": "kg"}, {"date": "Unnamed: 8-01", "country": "Bahrain", "value": "44639", "unit": "kg"}, {"date": "Unnamed: 9-01", "country": "Bahrain", "value": "85856", "unit": "kg"}, {"date": "Unnamed: 10-01", "country": "Bahrain", "value": "71932", "unit": "kg"}, {"date": "Unnamed: 11-01", "country": "Bahrain", "value": "103389", "unit": "kg"}, {"date": "Unnamed: 12-01", "country": "Bahrain", "value": "57510", "unit": "kg"}, {"date": "Unnamed: 13-01", "country": "Bahrain", "value": "177535", "unit": "kg"}, {"date": "Unnamed: 14-01", "country": "Bahrain", "value": "40304", "unit": "kg"}, {"date": "Unnamed: 15-01", "country": "Bahrain", "value": "32346", "unit": "kg"}, {"date": "Unnamed: 16-01", "country": "Bahrain", "value": "42268", "unit": "kg"}, {"date": "Unnamed: 17-01", "country": "Bahrain", "value": "40574", "unit": "kg"}, {"date": "Unnamed: 18-01", "country": "Bahrain", "value": "59576", "unit": "kg"}, {"date": "Unnamed: 19-01", "country": "Bahrain", "value": "141556", "unit": "kg"}, {"date": "Unnamed: 20-01", "country": "Bahrain", "value": "59432", "unit": "kg"}, {"date": "Unnamed: 21-01", "country": "Bahrain", "value": "88000", "unit": "kg"}, {"date": "2-01", "country": "Sri Lanka", "value": "0", "unit": "kg"}, {"date": "3-01", "country": "Sri Lanka", "value": "0", "unit": "kg"}, {"date": "4-01", "country": "Sri Lanka", "value": "0", "unit": "kg"}, {"date": "Unnamed: 5-01", "country": "Sri Lanka", "value": "0", "unit": "kg"}, {"date": "Unnamed: 6-01", "country": "Sri Lanka", "value": "1680", "unit": "kg"}, {"date": "Unnamed: 7-01", "country": "Sri Lanka", "value": "0", "unit": "kg"}, {"date": "Unnamed: 8-01", "country": "Sri Lanka", "value": "0", "unit": "kg"}, {"date": "Unnamed: 9-01", "country": "Sri Lanka", "value": "0", "unit": "kg"}, {"date": "Unnamed: 10-01", "country": "Sri Lanka", "value": "0", "unit": "kg"}, {"date": "Unnamed: 11-01", "country": "Sri Lanka", "value": "0", "unit": "kg"}, {"date": "Unnamed: 12-01", "country": "Sri Lanka", "value": "0", "unit": "kg"}, {"date": "Unnamed: 13-01", "country": "Sri Lanka", "value": "600", "unit": "kg"}, {"date": "Unnamed: 14-01", "country": "Sri Lanka", "value": "0", "unit": "kg"}, {"date": "Unnamed: 15-01", "country": "Sri Lanka", "value": "0", "unit": "kg"}, {"date": "Unnamed: 16-01", "country": "Sri Lanka", "value": "0", "unit": "kg"}, {"date": "Unnamed: 17-01", "country": "Sri Lanka", "value": "0", "unit": "kg"}, {"date": "Unnamed: 18-01", "country": "Sri Lanka", "value": "0", "unit": "kg"}, {"date": "Unnamed: 19-01", "country": "Sri Lanka", "value": "3965", "unit": "kg"}, {"date": "Unnamed: 20-01", "country": "Sri Lanka", "value": "61", "unit": "kg"}, {"date": "Unnamed: 21-01", "country": "Sri Lanka", "value": "21900", "unit": "kg"}, {"date": "2-01", "country": "Pakistan", "value": "49459", "unit": "kg"}, {"date": "3-01", "country": "Pakistan", "value": "525", "unit": "kg"}, {"date": "4-01", "country": "Pakistan", "value": "9184", "unit": "kg"}, {"date": "Unnamed: 5-01", "country": "Pakistan", "value": "5354", "unit": "kg"}, {"date": "Unnamed: 6-01", "country": "Pakistan", "value": "6885", "unit": "kg"}, {"date": "Unnamed: 7-01", "country": "Pakistan", "value": "47446", "unit": "kg"}, {"date": "Unnamed: 8-01", "country": "Pakistan", "value": "12493", "unit": "kg"}, {"date": "Unnamed: 9-01", "country": "Pakistan", "value": "12256", "unit": "kg"}, {"date": "Unnamed: 10-01", "country": "Pakistan", "value": "19035", "unit": "kg"}, {"date": "Unnamed: 11-01", "country": "Pakistan", "value": "46403", "unit": "kg"}, {"date": "Unnamed: 12-01", "country": "Pakistan", "value": "8110", "unit": "kg"}, {"date": "Unnamed: 13-01", "country": "Pakistan", "value": "47726", "unit": "kg"}, {"date": "Unnamed: 14-01", "country": "Pakistan", "value": "21770", "unit": "kg"}, {"date": "Unnamed: 15-01", "country": "Pakistan", "value": "147505", "unit": "kg"}, {"date": "Unnamed: 16-01", "country": "Pakistan", "value": "15951", "unit": "kg"}, {"date": "Unnamed: 17-01", "country": "Pakistan", "value": "15302", "unit": "kg"}, {"date": "Unnamed: 18-01", "country": "Pakistan", "value": "16081", "unit": "kg"}, {"date": "Unnamed: 19-01", "country": "Pakistan", "value": "43273", "unit": "kg"}, {"date": "Unnamed: 20-01", "country": "Pakistan", "value": "10673", "unit": "kg"}, {"date": "Unnamed: 21-01", "country": "Pakistan", "value": "17772", "unit": "kg"}, {"date": "2-01", "country": "Greece", "value": "7620", "unit": "kg"}, {"date": "3-01", "country": "Greece", "value": "13040", "unit": "kg"}, {"date": "4-01", "country": "Greece", "value": "5560", "unit": "kg"}, {"date": "Unnamed: 5-01", "country": "Greece", "value": "22660", "unit": "kg"}, {"date": "Unnamed: 6-01", "country": "Greece", "value": "34700", "unit": "kg"}, {"date": "Unnamed: 7-01", "country": "Greece", "value": "0", "unit": "kg"}, {"date": "Unnamed: 8-01", "country": "Greece", "value": "13625", "unit": "kg"}, {"date": "Unnamed: 9-01", "country": "Greece", "value": "0", "unit": "kg"}, {"date": "Unnamed: 10-01", "country": "Greece", "value": "7800", "unit": "kg"}, {"date": "Unnamed: 11-01", "country": "Greece", "value": "8000", "unit": "kg"}, {"date": "Unnamed: 12-01", "country": "Greece", "value": "0", "unit": "kg"}, {"date": "Unnamed: 13-01", "country": "Greece", "value": "10791", "unit": "kg"}, {"date": "Unnamed: 14-01", "country": "Greece", "value": "7447", "unit": "kg"}, {"date": "Unnamed: 15-01", "country": "Greece", "value": "20640", "unit": "kg"}, {"date": "Unnamed: 16-01", "country": "Greece", "value": "0", "unit": "kg"}, {"date": "Unnamed: 17-01", "country": "Greece", "value": "4000", "unit": "kg"}, {"date": "Unnamed: 18-01", "country": "Greece", "value": "11120", "unit": "kg"}, {"date": "Unnamed: 19-01", "country": "Greece", "value": "11856", "unit": "kg"}, {"date": "Unnamed: 20-01", "country": "Greece", "value": "0", "unit": "kg"}, {"date": "Unnamed: 21-01", "country": "Greece", "value": "13175", "unit": "kg"}, {"date": "2-01", "country": "Djibouti", "value": "20179", "unit": "kg"}, {"date": "3-01", "country": "Djibouti", "value": "3540", "unit": "kg"}, {"date": "4-01", "country": "Djibouti", "value": "0", "unit": "kg"}, {"date": "Unnamed: 5-01", "country": "Djibouti", "value": "8000", "unit": "kg"}, {"date": "Unnamed: 6-01", "country": "Djibouti", "value": "0", "unit": "kg"}, {"date": "Unnamed: 7-01", "country": "Djibouti", "value": "185380", "unit": "kg"}, {"date": "Unnamed: 8-01", "country": "Djibouti", "value": "50551", "unit": "kg"}, {"date": "Unnamed: 9-01", "country": "Djibouti", "value": "0", "unit": "kg"}, {"date": "Unnamed: 10-01", "country": "Djibouti", "value": "0", "unit": "kg"}, {"date": "Unnamed: 11-01", "country": "Djibouti", "value": "13963", "unit": "kg"}, {"date": "Unnamed: 12-01", "country": "Djibouti", "value": "10345", "unit": "kg"}, {"date": "Unnamed: 13-01", "country": "Djibouti", "value": "9850", "unit": "kg"}, {"date": "Unnamed: 14-01", "country": "Djibouti", "value": "14581", "unit": "kg"}, {"date": "Unnamed: 15-01", "country": "Djibouti", "value": "1662", "unit": "kg"}, {"date": "Unnamed: 16-01", "country": "Djibouti", "value": "1121486", "unit": "kg"}, {"date": "Unnamed: 17-01", "country": "Djibouti", "value": "4575", "unit": "kg"}, {"date": "Unnamed: 18-01", "country": "Djibouti", "value": "4867", "unit": "kg"}, {"date": "Unnamed: 19-01", "country": "Djibouti", "value": "2960", "unit": "kg"}, {"date": "Unnamed: 20-01", "country": "Djibouti", "value": "4489", "unit": "kg"}, {"date": "Unnamed: 21-01", "country": "Djibouti", "value": "8730", "unit": "kg"}, {"date": "2-01", "country": "Zambia", "value": "0", "unit": "kg"}, {"date": "3-01", "country": "Zambia", "value": "6790", "unit": "kg"}, {"date": "4-01", "country": "Zambia", "value": "4000", "unit": "kg"}, {"date": "Unnamed: 5-01", "country": "Zambia", "value": "0", "unit": "kg"}, {"date": "Unnamed: 6-01", "country": "Zambia", "value": "0", "unit": "kg"}, {"date": "Unnamed: 7-01", "country": "Zambia", "value": "0", "unit": "kg"}, {"date": "Unnamed: 8-01", "country": "Zambia", "value": "400", "unit": "kg"}, {"date": "Unnamed: 9-01", "country": "Zambia", "value": "1255", "unit": "kg"}, {"date": "Unnamed: 10-01", "country": "Zambia", "value": "0", "unit": "kg"}, {"date": "Unnamed: 11-01", "country": "Zambia", "value": "0", "unit": "kg"}, {"date": "Unnamed: 12-01", "country": "Zambia", "value": "0", "unit": "kg"}, {"date": "Unnamed: 13-01", "country": "Zambia", "value": "0", "unit": "kg"}, {"date": "Unnamed: 14-01", "country": "Zambia", "value": "0", "unit": "kg"}, {"date": "Unnamed: 15-01", "country": "Zambia", "value": "7050", "unit": "kg"}, {"date": "Unnamed: 16-01", "country": "Zambia", "value": "3908", "unit": "kg"}, {"date": "Unnamed: 17-01", "country": "Zambia", "value": "0", "unit": "kg"}, {"date": "Unnamed: 18-01", "country": "Zambia", "value": "5959", "unit": "kg"}, {"date": "Unnamed: 19-01", "country": "Zambia", "value": "5161", "unit": "kg"}, {"date": "Unnamed: 20-01", "country": "Zambia", "value": "0", "unit": "kg"}, {"date": "Unnamed: 21-01", "country": "Zambia", "value": "7240", "unit": "kg"}, {"date": "2-01", "country": "Georgia", "value": "918", "unit": "kg"}, {"date": "3-01", "country": "Georgia", "value": "0", "unit": "kg"}, {"date": "4-01", "country": "Georgia", "value": "0", "unit": "kg"}, {"date": "Unnamed: 5-01", "country": "Georgia", "value": "1540", "unit": "kg"}, {"date": "Unnamed: 6-01", "country": "Georgia", "value": "0", "unit": "kg"}, {"date": "Unnamed: 7-01", "country": "Georgia", "value": "1040", "unit": "kg"}, {"date": "Unnamed: 8-01", "country": "Georgia", "value": "0", "unit": "kg"}, {"date": "Unnamed: 9-01", "country": "Georgia", "value": "0", "unit": "kg"}, {"date": "Unnamed: 10-01", "country": "Georgia", "value": "0", "unit": "kg"}, {"date": "Unnamed: 11-01", "country": "Georgia", "value": "0", "unit": "kg"}, {"date": "Unnamed: 12-01", "country": "Georgia", "value": "1204", "unit": "kg"}, {"date": "Unnamed: 13-01", "country": "Georgia", "value": "6778", "unit": "kg"}, {"date": "Unnamed: 14-01", "country": "Georgia", "value": "1408", "unit": "kg"}, {"date": "Unnamed: 15-01", "country": "Georgia", "value": "2295", "unit": "kg"}, {"date": "Unnamed: 16-01", "country": "Georgia", "value": "2193", "unit": "kg"}, {"date": "Unnamed: 17-01", "country": "Georgia", "value": "25320", "unit": "kg"}, {"date": "Unnamed: 18-01", "country": "Georgia", "value": "4550", "unit": "kg"}, {"date": "Unnamed: 19-01", "country": "Georgia", "value": "0", "unit": "kg"}, {"date": "Unnamed: 20-01", "country": "Georgia", "value": "0", "unit": "kg"}, {"date": "Unnamed: 21-01", "country": "Georgia", "value": "7057", "unit": "kg"}, {"date": "2-01", "country": "Rwanda", "value": "0", "unit": "kg"}, {"date": "3-01", "country": "Rwanda", "value": "0", "unit": "kg"}, {"date": "4-01", "country": "Rwanda", "value": "1000", "unit": "kg"}, {"date": "Unnamed: 5-01", "country": "Rwanda", "value": "0", "unit": "kg"}, {"date": "Unnamed: 6-01", "country": "Rwanda", "value": "7400", "unit": "kg"}, {"date": "Unnamed: 7-01", "country": "Rwanda", "value": "3000", "unit": "kg"}, {"date": "Unnamed: 8-01", "country": "Rwanda", "value": "0", "unit": "kg"}, {"date": "Unnamed: 9-01", "country": "Rwanda", "value": "0", "unit": "kg"}, {"date": "Unnamed: 10-01", "country": "Rwanda", "value": "6171", "unit": "kg"}, {"date": "Unnamed: 11-01", "country": "Rwanda", "value": "8129", "unit": "kg"}, {"date": "Unnamed: 12-01", "country": "Rwanda", "value": "5203", "unit": "kg"}, {"date": "Unnamed: 13-01", "country": "Rwanda", "value": "5200", "unit": "kg"}, {"date": "Unnamed: 14-01", "country": "Rwanda", "value": "2286", "unit": "kg"}, {"date": "Unnamed: 15-01", "country": "Rwanda", "value": "5040", "unit": "kg"}, {"date": "Unnamed: 16-01", "country": "Rwanda", "value": "604", "unit": "kg"}, {"date": "Unnamed: 17-01", "country": "Rwanda", "value": "7360", "unit": "kg"}, {"date": "Unnamed: 18-01", "country": "Rwanda", "value": "28800", "unit": "kg"}, {"date": "Unnamed: 19-01", "country": "Rwanda", "value": "23641", "unit": "kg"}, {"date": "Unnamed: 20-01", "country": "Rwanda", "value": "8000", "unit": "kg"}, {"date": "Unnamed: 21-01", "country": "Rwanda", "value": "6784", "unit": "kg"}, {"date": "2-01", "country": "Korea, Republic of", "value": "0", "unit": "kg"}, {"date": "3-01", "country": "Korea, Republic of", "value": "6260", "unit": "kg"}, {"date": "4-01", "country": "Korea, Republic of", "value": "3380", "unit": "kg"}, {"date": "Unnamed: 5-01", "country": "Korea, Republic of", "value": "3600", "unit": "kg"}, {"date": "Unnamed: 6-01", "country": "Korea, Republic of", "value": "0", "unit": "kg"}, {"date": "Unnamed: 7-01", "country": "Korea, Republic of", "value": "0", "unit": "kg"}, {"date": "Unnamed: 8-01", "country": "Korea, Republic of", "value": "610", "unit": "kg"}, {"date": "Unnamed: 9-01", "country": "Korea, Republic of", "value": "3180", "unit": "kg"}, {"date": "Unnamed: 10-01", "country": "Korea, Republic of", "value": "10000", "unit": "kg"}, {"date": "Unnamed: 11-01", "country": "Korea, Republic of", "value": "3200", "unit": "kg"}, {"date": "Unnamed: 12-01", "country": "Korea, Republic of", "value": "4090", "unit": "kg"}, {"date": "Unnamed: 13-01", "country": "Korea, Republic of", "value": "4400", "unit": "kg"}, {"date": "Unnamed: 14-01", "country": "Korea, Republic of", "value": "0", "unit": "kg"}, {"date": "Unnamed: 15-01", "country": "Korea, Republic of", "value": "0", "unit": "kg"}, {"date": "Unnamed: 16-01", "country": "Korea, Republic of", "value": "0", "unit": "kg"}, {"date": "Unnamed: 17-01", "country": "Korea, Republic of", "value": "3180", "unit": "kg"}, {"date": "Unnamed: 18-01", "country": "Korea, Republic of", "value": "4000", "unit": "kg"}, {"date": "Unnamed: 19-01", "country": "Korea, Republic of", "value": "0", "unit": "kg"}, {"date": "Unnamed: 20-01", "country": "Korea, Republic of", "value": "0", "unit": "kg"}, {"date": "Unnamed: 21-01", "country": "Korea, Republic of", "value": "6030", "unit": "kg"}, {"date": "2-01", "country": "Iraq", "value": "187708", "unit": "kg"}, {"date": "3-01", "country": "Iraq", "value": "0", "unit": "kg"}, {"date": "4-01", "country": "Iraq", "value": "1134392", "unit": "kg"}, {"date": "Unnamed: 5-01", "country": "Iraq", "value": "1387645", "unit": "kg"}, {"date": "Unnamed: 6-01", "country": "Iraq", "value": "386220", "unit": "kg"}, {"date": "Unnamed: 7-01", "country": "Iraq", "value": "961016", "unit": "kg"}, {"date": "Unnamed: 8-01", "country": "Iraq", "value": "710890", "unit": "kg"}, {"date": "Unnamed: 9-01", "country": "Iraq", "value": "1759581", "unit": "kg"}, {"date": "Unnamed: 10-01", "country": "Iraq", "value": "1581237", "unit": "kg"}, {"date": "Unnamed: 11-01", "country": "Iraq", "value": "2604244", "unit": "kg"}, {"date": "Unnamed: 12-01", "country": "Iraq", "value": "1421480", "unit": "kg"}, {"date": "Unnamed: 13-01", "country": "Iraq", "value": "1969621", "unit": "kg"}, {"date": "Unnamed: 14-01", "country": "Iraq", "value": "263881", "unit": "kg"}, {"date": "Unnamed: 15-01", "country": "Iraq", "value": "140017", "unit": "kg"}, {"date": "Unnamed: 16-01", "country": "Iraq", "value": "0", "unit": "kg"}, {"date": "Unnamed: 17-01", "country": "Iraq", "value": "2648", "unit": "kg"}, {"date": "Unnamed: 18-01", "country": "Iraq", "value": "744510", "unit": "kg"}, {"date": "Unnamed: 19-01", "country": "Iraq", "value": "133847", "unit": "kg"}, {"date": "Unnamed: 20-01", "country": "Iraq", "value": "72280", "unit": "kg"}, {"date": "Unnamed: 21-01", "country": "Iraq", "value": "5873", "unit": "kg"}, {"date": "2-01", "country": "Armenia", "value": "52800", "unit": "kg"}, {"date": "3-01", "country": "Armenia", "value": "0", "unit": "kg"}, {"date": "4-01", "country": "Armenia", "value": "0", "unit": "kg"}, {"date": "Unnamed: 5-01", "country": "Armenia", "value": "0", "unit": "kg"}, {"date": "Unnamed: 6-01", "country": "Armenia", "value": "4800", "unit": "kg"}, {"date": "Unnamed: 7-01", "country": "Armenia", "value": "0", "unit": "kg"}, {"date": "Unnamed: 8-01", "country": "Armenia", "value": "1200", "unit": "kg"}, {"date": "Unnamed: 9-01", "country": "Armenia", "value": "1400", "unit": "kg"}, {"date": "Unnamed: 10-01", "country": "Armenia", "value": "7266", "unit": "kg"}, {"date": "Unnamed: 11-01", "country": "Armenia", "value": "11610", "unit": "kg"}, {"date": "Unnamed: 12-01", "country": "Armenia", "value": "0", "unit": "kg"}, {"date": "Unnamed: 13-01", "country": "Armenia", "value": "9143", "unit": "kg"}, {"date": "Unnamed: 14-01", "country": "Armenia", "value": "21620", "unit": "kg"}, {"date": "Unnamed: 15-01", "country": "Armenia", "value": "2571", "unit": "kg"}, {"date": "Unnamed: 16-01", "country": "Armenia", "value": "0", "unit": "kg"}, {"date": "Unnamed: 17-01", "country": "Armenia", "value": "6056", "unit": "kg"}, {"date": "Unnamed: 18-01", "country": "Armenia", "value": "50573", "unit": "kg"}, {"date": "Unnamed: 19-01", "country": "Armenia", "value": "3800", "unit": "kg"}, {"date": "Unnamed: 20-01", "country": "Armenia", "value": "6593", "unit": "kg"}, {"date": "Unnamed: 21-01", "country": "Armenia", "value": "5313", "unit": "kg"}, {"date": "2-01", "country": "Ethiopia", "value": "89816", "unit": "kg"}, {"date": "3-01", "country": "Ethiopia", "value": "2831", "unit": "kg"}, {"date": "4-01", "country": "Ethiopia", "value": "0", "unit": "kg"}, {"date": "Unnamed: 5-01", "country": "Ethiopia", "value": "1810", "unit": "kg"}, {"date": "Unnamed: 6-01", "country": "Ethiopia", "value": "3244", "unit": "kg"}, {"date": "Unnamed: 7-01", "country": "Ethiopia", "value": "0", "unit": "kg"}, {"date": "Unnamed: 8-01", "country": "Ethiopia", "value": "3802", "unit": "kg"}, {"date": "Unnamed: 9-01", "country": "Ethiopia", "value": "3211", "unit": "kg"}, {"date": "Unnamed: 10-01", "country": "Ethiopia", "value": "6566", "unit": "kg"}, {"date": "Unnamed: 11-01", "country": "Ethiopia", "value": "845", "unit": "kg"}, {"date": "Unnamed: 12-01", "country": "Ethiopia", "value": "200", "unit": "kg"}, {"date": "Unnamed: 13-01", "country": "Ethiopia", "value": "1384", "unit": "kg"}, {"date": "Unnamed: 14-01", "country": "Ethiopia", "value": "2067", "unit": "kg"}, {"date": "Unnamed: 15-01", "country": "Ethiopia", "value": "0", "unit": "kg"}, {"date": "Unnamed: 16-01", "country": "Ethiopia", "value": "0", "unit": "kg"}, {"date": "Unnamed: 17-01", "country": "Ethiopia", "value": "2698", "unit": "kg"}, {"date": "Unnamed: 18-01", "country": "Ethiopia", "value": "0", "unit": "kg"}, {"date": "Unnamed: 19-01", "country": "Ethiopia", "value": "1971", "unit": "kg"}, {"date": "Unnamed: 20-01", "country": "Ethiopia", "value": "4996", "unit": "kg"}, {"date": "Unnamed: 21-01", "country": "Ethiopia", "value": "5232", "unit": "kg"}, {"date": "1234-01", "country": "1", "value": "1234", "unit": "kg"}, {"date": "1-01", "country": "1", "value": "1", "unit": "kg"}, {"date": "2-01", "country": "1", "value": "2", "unit": "kg"}, {"date": "3-01", "country": "1", "value": "3", "unit": "kg"}, {"date": "4-01", "country": "1", "value": "4", "unit": "kg"}, {"date": "1234-01", "country": "2", "value": "1", "unit": "kg"}, {"date": "1-01", "country": "2", "value": "2", "unit": "kg"}, {"date": "2-01", "country": "2", "value": "3", "unit": "kg"}, {"date": "3-01", "country": "2", "value": "4", "unit": "kg"}, {"date": "1234-01", "country": "2", "value": "1", "unit": "kg"}, {"date": "1-01", "country": "2", "value": "2", "unit": "kg"}, {"date": "2-01", "country": "2", "value": "3", "unit": "kg"}, {"date": "3-01", "country": "2", "value": "4", "unit": "kg"}, {"date": "1234-01", "country": "2", "value": "1", "unit": "kg"}, {"date": "1-01", "country": "2", "value": "2", "unit": "kg"}, {"date": "2-01", "country": "2", "value": "3", "unit": "kg"}, {"date": "3-01", "country": "2", "value": "4", "unit": "kg"}]