[{"date": "2005-05-01", "country_from": "AO", "country_to": "AU", "value": "0", "unit": "kg"}, {"date": "2005-06-01", "country_from": "AO", "country_to": "AU", "value": "0", "unit": "kg"}, {"date": "2005-07-01", "country_from": "AO", "country_to": "AU", "value": "0", "unit": "kg"}, {"date": "2005-08-01", "country_from": "AO", "country_to": "AU", "value": "0", "unit": "kg"}, {"date": "2005-09-01", "country_from": "AO", "country_to": "AU", "value": "0", "unit": "kg"}, {"date": "2005-10-01", "country_from": "AO", "country_to": "AU", "value": "0", "unit": "kg"}, {"date": "2005-11-01", "country_from": "AO", "country_to": "AU", "value": "0", "unit": "kg"}, {"date": "2005-12-01", "country_from": "AO", "country_to": "AU", "value": "0", "unit": "kg"}, {"date": "2006-01-01", "country_from": "AO", "country_to": "AU", "value": "0", "unit": "kg"}, {"date": "2006-02-01", "country_from": "AO", "country_to": "AU", "value": "0", "unit": "kg"}, {"date": "2006-03-01", "country_from": "AO", "country_to": "AU", "value": "0", "unit": "kg"}, {"date": "2006-04-01", "country_from": "AO", "country_to": "AU", "value": "0", "unit": "kg"}, {"date": "2006-05-01", "country_from": "AO", "country_to": "AU", "value": "0", "unit": "kg"}, {"date": "2006-06-01", "country_from": "AO", "country_to": "AU", "value": "0", "unit": "kg"}, {"date": "2006-07-01", "country_from": "AO", "country_to": "AU", "value": "0", "unit": "kg"}, {"date": "2006-08-01", "country_from": "AO", "country_to": "AU", "value": "0", "unit": "kg"}, {"date": "2006-09-01", "country_from": "AO", "country_to": "AU", "value": "0", "unit": "kg"}, {"date": "2006-10-01", "country_from": "AO", "country_to": "AU", "value": "0", "unit": "kg"}, {"date": "2005-05-01", "country_from": "AO", "country_to": "BR", "value": "0", "unit": "kg"}, {"date": "2005-06-01", "country_from": "AO", "country_to": "BR", "value": "0", "unit": "kg"}, {"date": "2005-07-01", "country_from": "AO", "country_to": "BR", "value": "0", "unit": "kg"}, {"date": "2005-08-01", "country_from": "AO", "country_to": "BR", "value": "0", "unit": "kg"}, {"date": "2005-09-01", "country_from": "AO", "country_to": "BR", "value": "0", "unit": "kg"}, {"date": "2005-10-01", "country_from": "AO", "country_to": "BR", "value": "0", "unit": "kg"}, {"date": "2005-11-01", "country_from": "AO", "country_to": "BR", "value": "0", "unit": "kg"}, {"date": "2005-12-01", "country_from": "AO", "country_to": "BR", "value": "0", "unit": "kg"}, {"date": "2006-01-01", "country_from": "AO", "country_to": "BR", "value": "0", "unit": "kg"}, {"date": "2006-02-01", "country_from": "AO", "country_to": "BR", "value": "0", "unit": "kg"}, {"date": "2006-03-01", "country_from": "AO", "country_to": "BR", "value": "0", "unit": "kg"}, {"date": "2006-04-01", "country_from": "AO", "country_to": "BR", "value": "0", "unit": "kg"}, {"date": "2006-05-01", "country_from": "AO", "country_to": "BR", "value": "0", "unit": "kg"}, {"date": "2006-06-01", "country_from": "AO", "country_to": "BR", "value": "0", "unit": "kg"}, {"date": "2006-07-01", "country_from": "AO", "country_to": "BR", "value": "0", "unit": "kg"}, {"date": "2006-08-01", "country_from": "AO", "country_to": "BR", "value": "0", "unit": "kg"}, {"date": "2006-09-01", "country_from": "AO", "country_to": "BR", "value": "0", "unit": "kg"}, {"date": "2006-10-01", "country_from": "AO", "country_to": "BR", "value": "0", "unit": "kg"}, {"date": "2005-05-01", "country_from": "AO", "country_to": "CN", "value": "0", "unit": "kg"}, {"date": "2005-06-01", "country_from": "AO", "country_to": "CN", "value": "0", "unit": "kg"}, {"date": "2005-07-01", "country_from": "AO", "country_to": "CN", "value": "0", "unit": "kg"}, {"date": "2005-08-01", "country_from": "AO", "country_to": "CN", "value": "0", "unit": "kg"}, {"date": "2005-09-01", "country_from": "AO", "country_to": "CN", "value": "0", "unit": "kg"}, {"date": "2005-10-01", "country_from": "AO", "country_to": "CN", "value": "0", "unit": "kg"}, {"date": "2005-11-01", "country_from": "AO", "country_to": "CN", "value": "0", "unit": "kg"}, {"date": "2005-12-01", "country_from": "AO", "country_to": "CN", "value": "0", "unit": "kg"}, {"date": "2006-01-01", "country_from": "AO", "country_to": "CN", "value": "0", "unit": "kg"}, {"date": "2006-02-01", "country_from": "AO", "country_to": "CN", "value": "0", "unit": "kg"}, {"date": "2006-03-01", "country_from": "AO", "country_to": "CN", "value": "0", "unit": "kg"}, {"date": "2006-04-01", "country_from": "AO", "country_to": "CN", "value": "0", "unit": "kg"}, {"date": "2006-05-01", "country_from": "AO", "country_to": "CN", "value": "0", "unit": "kg"}, {"date": "2006-06-01", "country_from": "AO", "country_to": "CN", "value": "0", "unit": "kg"}, {"date": "2006-07-01", "country_from": "AO", "country_to": "CN", "value": "0", "unit": "kg"}, {"date": "2006-08-01", "country_from": "AO", "country_to": "CN", "value": "0", "unit": "kg"}, {"date": "2006-09-01", "country_from": "AO", "country_to": "CN", "value": "0", "unit": "kg"}, {"date": "2006-10-01", "country_from": "AO", "country_to": "CN", "value": "0", "unit": "kg"}, {"date": "2005-05-01", "country_from": "AO", "country_to": "CG", "value": "0", "unit": "kg"}, {"date": "2005-06-01", "country_from": "AO", "country_to": "CG", "value": "0", "unit": "kg"}, {"date": "2005-07-01", "country_from": "AO", "country_to": "CG", "value": "0", "unit": "kg"}, {"date": "2005-08-01", "country_from": "AO", "country_to": "CG", "value": "0", "unit": "kg"}, {"date": "2005-09-01", "country_from": "AO", "country_to": "CG", "value": "0", "unit": "kg"}, {"date": "2005-10-01", "country_from": "AO", "country_to": "CG", "value": "0", "unit": "kg"}, {"date": "2005-11-01", "country_from": "AO", "country_to": "CG", "value": "0", "unit": "kg"}, {"date": "2005-12-01", "country_from": "AO", "country_to": "CG", "value": "0", "unit": "kg"}, {"date": "2006-01-01", "country_from": "AO", "country_to": "CG", "value": "0", "unit": "kg"}, {"date": "2006-02-01", "country_from": "AO", "country_to": "CG", "value": "0", "unit": "kg"}, {"date": "2006-03-01", "country_from": "AO", "country_to": "CG", "value": "0", "unit": "kg"}, {"date": "2006-04-01", "country_from": "AO", "country_to": "CG", "value": "0", "unit": "kg"}, {"date": "2006-05-01", "country_from": "AO", "country_to": "CG", "value": "0", "unit": "kg"}, {"date": "2006-06-01", "country_from": "AO", "country_to": "CG", "value": "0", "unit": "kg"}, {"date": "2006-07-01", "country_from": "AO", "country_to": "CG", "value": "0", "unit": "kg"}, {"date": "2006-08-01", "country_from": "AO", "country_to": "CG", "value": "0", "unit": "kg"}, {"date": "2006-09-01", "country_from": "AO", "country_to": "CG", "value": "0", "unit": "kg"}, {"date": "2006-10-01", "country_from": "AO", "country_to": "CG", "value": "0", "unit": "kg"}, {"date": "2005-05-01", "country_from": "AO", "country_to": "IT", "value": "0", "unit": "kg"}, {"date": "2005-06-01", "country_from": "AO", "country_to": "IT", "value": "0", "unit": "kg"}, {"date": "2005-07-01", "country_from": "AO", "country_to": "IT", "value": "0", "unit": "kg"}, {"date": "2005-08-01", "country_from": "AO", "country_to": "IT", "value": "0", "unit": "kg"}, {"date": "2005-09-01", "country_from": "AO", "country_to": "IT", "value": "0", "unit": "kg"}, {"date": "2005-10-01", "country_from": "AO", "country_to": "IT", "value": "0", "unit": "kg"}, {"date": "2005-11-01", "country_from": "AO", "country_to": "IT", "value": "0", "unit": "kg"}, {"date": "2005-12-01", "country_from": "AO", "country_to": "IT", "value": "0", "unit": "kg"}, {"date": "2006-01-01", "country_from": "AO", "country_to": "IT", "value": "0", "unit": "kg"}, {"date": "2006-02-01", "country_from": "AO", "country_to": "IT", "value": "0", "unit": "kg"}, {"date": "2006-03-01", "country_from": "AO", "country_to": "IT", "value": "0", "unit": "kg"}, {"date": "2006-04-01", "country_from": "AO", "country_to": "IT", "value": "0", "unit": "kg"}, {"date": "2006-05-01", "country_from": "AO", "country_to": "IT", "value": "0", "unit": "kg"}, {"date": "2006-06-01", "country_from": "AO", "country_to": "IT", "value": "0", "unit": "kg"}, {"date": "2006-07-01", "country_from": "AO", "country_to": "IT", "value": "0", "unit": "kg"}, {"date": "2006-08-01", "country_from": "AO", "country_to": "IT", "value": "0", "unit": "kg"}, {"date": "2006-09-01", "country_from": "AO", "country_to": "IT", "value": "0", "unit": "kg"}, {"date": "2006-10-01", "country_from": "AO", "country_to": "IT", "value": "0", "unit": "kg"}, {"date": "2005-05-01", "country_from": "AO", "country_to": "MY", "value": "0", "unit": "kg"}, {"date": "2005-06-01", "country_from": "AO", "country_to": "MY", "value": "0", "unit": "kg"}, {"date": "2005-07-01", "country_from": "AO", "country_to": "MY", "value": "0", "unit": "kg"}, {"date": "2005-08-01", "country_from": "AO", "country_to": "MY", "value": "0", "unit": "kg"}, {"date": "2005-09-01", "country_from": "AO", "country_to": "MY", "value": "0", "unit": "kg"}, {"date": "2005-10-01", "country_from": "AO", "country_to": "MY", "value": "0", "unit": "kg"}, {"date": "2005-11-01", "country_from": "AO", "country_to": "MY", "value": "0", "unit": "kg"}, {"date": "2005-12-01", "country_from": "AO", "country_to": "MY", "value": "0", "unit": "kg"}, {"date": "2006-01-01", "country_from": "AO", "country_to": "MY", "value": "0", "unit": "kg"}, {"date": "2006-02-01", "country_from": "AO", "country_to": "MY", "value": "0", "unit": "kg"}, {"date": "2006-03-01", "country_from": "AO", "country_to": "MY", "value": "0", "unit": "kg"}, {"date": "2006-04-01", "country_from": "AO", "country_to": "MY", "value": "0", "unit": "kg"}, {"date": "2006-05-01", "country_from": "AO", "country_to": "MY", "value": "0", "unit": "kg"}, {"date": "2006-06-01", "country_from": "AO", "country_to": "MY", "value": "0", "unit": "kg"}, {"date": "2006-07-01", "country_from": "AO", "country_to": "MY", "value": "0", "unit": "kg"}, {"date": "2006-08-01", "country_from": "AO", "country_to": "MY", "value": "0", "unit": "kg"}, {"date": "2006-09-01", "country_from": "AO", "country_to": "MY", "value": "0", "unit": "kg"}, {"date": "2006-10-01", "country_from": "AO", "country_to": "MY", "value": "0", "unit": "kg"}, {"date": "2005-05-01", "country_from": "AO", "country_to": "MZ", "value": "0", "unit": "kg"}, {"date": "2005-06-01", "country_from": "AO", "country_to": "MZ", "value": "0", "unit": "kg"}, {"date": "2005-07-01", "country_from": "AO", "country_to": "MZ", "value": "0", "unit": "kg"}, {"date": "2005-08-01", "country_from": "AO", "country_to": "MZ", "value": "0", "unit": "kg"}, {"date": "2005-09-01", "country_from": "AO", "country_to": "MZ", "value": "0", "unit": "kg"}, {"date": "2005-10-01", "country_from": "AO", "country_to": "MZ", "value": "0", "unit": "kg"}, {"date": "2005-11-01", "country_from": "AO", "country_to": "MZ", "value": "0", "unit": "kg"}, {"date": "2005-12-01", "country_from": "AO", "country_to": "MZ", "value": "0", "unit": "kg"}, {"date": "2006-01-01", "country_from": "AO", "country_to": "MZ", "value": "0", "unit": "kg"}, {"date": "2006-02-01", "country_from": "AO", "country_to": "MZ", "value": "0", "unit": "kg"}, {"date": "2006-03-01", "country_from": "AO", "country_to": "MZ", "value": "0", "unit": "kg"}, {"date": "2006-04-01", "country_from": "AO", "country_to": "MZ", "value": "0", "unit": "kg"}, {"date": "2006-05-01", "country_from": "AO", "country_to": "MZ", "value": "0", "unit": "kg"}, {"date": "2006-06-01", "country_from": "AO", "country_to": "MZ", "value": "0", "unit": "kg"}, {"date": "2006-07-01", "country_from": "AO", "country_to": "MZ", "value": "0", "unit": "kg"}, {"date": "2006-08-01", "country_from": "AO", "country_to": "MZ", "value": "0", "unit": "kg"}, {"date": "2006-09-01", "country_from": "AO", "country_to": "MZ", "value": "0", "unit": "kg"}, {"date": "2006-10-01", "country_from": "AO", "country_to": "MZ", "value": "0", "unit": "kg"}, {"date": "2005-05-01", "country_from": "AO", "country_to": null, "value": "0", "unit": "kg"}, {"date": "2005-06-01", "country_from": "AO", "country_to": null, "value": "0", "unit": "kg"}, {"date": "2005-07-01", "country_from": "AO", "country_to": null, "value": "0", "unit": "kg"}, {"date": "2005-08-01", "country_from": "AO", "country_to": null, "value": "0", "unit": "kg"}, {"date": "2005-09-01", "country_from": "AO", "country_to": null, "value": "0", "unit": "kg"}, {"date": "2005-10-01", "country_from": "AO", "country_to": null, "value": "0", "unit": "kg"}, {"date": "2005-11-01", "country_from": "AO", "country_to": null, "value": "0", "unit": "kg"}, {"date": "2005-12-01", "country_from": "AO", "country_to": null, "value": "0", "unit": "kg"}, {"date": "2006-01-01", "country_from": "AO", "country_to": null, "value": "0", "unit": "kg"}, {"date": "2006-02-01", "country_from": "AO", "country_to": null, "value": "0", "unit": "kg"}, {"date": "2006-03-01", "country_from": "AO", "country_to": null, "value": "0", "unit": "kg"}, {"date": "2006-04-01", "country_from": "AO", "country_to": null, "value": "0", "unit": "kg"}, {"date": "2006-05-01", "country_from": "AO", "country_to": null, "value": "0", "unit": "kg"}, {"date": "2006-06-01", "country_from": "AO", "country_to": null, "value": "0", "unit": "kg"}, {"date": "2006-07-01", "country_from": "AO", "country_to": null, "value": "0", "unit": "kg"}, {"date": "2006-08-01", "country_from": "AO", "country_to": null, "value": "0", "unit": "kg"}, {"date": "2006-09-01", "country_from": "AO", "country_to": null, "value": "0", "unit": "kg"}, {"date": "2006-10-01", "country_from": "AO", "country_to": null, "value": "0", "unit": "kg"}, {"date": "2005-05-01", "country_from": "AO", "country_to": "PK", "value": "0", "unit": "kg"}, {"date": "2005-06-01", "country_from": "AO", "country_to": "PK", "value": "0", "unit": "kg"}, {"date": "2005-07-01", "country_from": "AO", "country_to": "PK", "value": "0", "unit": "kg"}, {"date": "2005-08-01", "country_from": "AO", "country_to": "PK", "value": "0", "unit": "kg"}, {"date": "2005-09-01", "country_from": "AO", "country_to": "PK", "value": "0", "unit": "kg"}, {"date": "2005-10-01", "country_from": "AO", "country_to": "PK", "value": "0", "unit": "kg"}, {"date": "2005-11-01", "country_from": "AO", "country_to": "PK", "value": "0", "unit": "kg"}, {"date": "2005-12-01", "country_from": "AO", "country_to": "PK", "value": "0", "unit": "kg"}, {"date": "2006-01-01", "country_from": "AO", "country_to": "PK", "value": "0", "unit": "kg"}, {"date": "2006-02-01", "country_from": "AO", "country_to": "PK", "value": "0", "unit": "kg"}, {"date": "2006-03-01", "country_from": "AO", "country_to": "PK", "value": "0", "unit": "kg"}, {"date": "2006-04-01", "country_from": "AO", "country_to": "PK", "value": "0", "unit": "kg"}, {"date": "2006-05-01", "country_from": "AO", "country_to": "PK", "value": "0", "unit": "kg"}, {"date": "2006-06-01", "country_from": "AO", "country_to": "PK", "value": "0", "unit": "kg"}, {"date": "2006-07-01", "country_from": "AO", "country_to": "PK", "value": "0", "unit": "kg"}, {"date": "2006-08-01", "country_from": "AO", "country_to": "PK", "value": "0", "unit": "kg"}, {"date": "2006-09-01", "country_from": "AO", "country_to": "PK", "value": "0", "unit": "kg"}, {"date": "2006-10-01", "country_from": "AO", "country_to": "PK", "value": "0", "unit": "kg"}, {"date": "2005-05-01", "country_from": "AO", "country_to": "PT", "value": "0", "unit": "kg"}, {"date": "2005-06-01", "country_from": "AO", "country_to": "PT", "value": "0", "unit": "kg"}, {"date": "2005-07-01", "country_from": "AO", "country_to": "PT", "value": "0", "unit": "kg"}, {"date": "2005-08-01", "country_from": "AO", "country_to": "PT", "value": "0", "unit": "kg"}, {"date": "2005-09-01", "country_from": "AO", "country_to": "PT", "value": "0", "unit": "kg"}, {"date": "2005-10-01", "country_from": "AO", "country_to": "PT", "value": "0", "unit": "kg"}, {"date": "2005-11-01", "country_from": "AO", "country_to": "PT", "value": "0", "unit": "kg"}, {"date": "2005-12-01", "country_from": "AO", "country_to": "PT", "value": "0", "unit": "kg"}, {"date": "2006-01-01", "country_from": "AO", "country_to": "PT", "value": "0", "unit": "kg"}, {"date": "2006-02-01", "country_from": "AO", "country_to": "PT", "value": "0", "unit": "kg"}, {"date": "2006-03-01", "country_from": "AO", "country_to": "PT", "value": "0", "unit": "kg"}, {"date": "2006-04-01", "country_from": "AO", "country_to": "PT", "value": "0", "unit": "kg"}, {"date": "2006-05-01", "country_from": "AO", "country_to": "PT", "value": "0", "unit": "kg"}, {"date": "2006-06-01", "country_from": "AO", "country_to": "PT", "value": "0", "unit": "kg"}, {"date": "2006-07-01", "country_from": "AO", "country_to": "PT", "value": "0", "unit": "kg"}, {"date": "2006-08-01", "country_from": "AO", "country_to": "PT", "value": "0", "unit": "kg"}, {"date": "2006-09-01", "country_from": "AO", "country_to": "PT", "value": "0", "unit": "kg"}, {"date": "2006-10-01", "country_from": "AO", "country_to": "PT", "value": "0", "unit": "kg"}, {"date": "2005-05-01", "country_from": "AO", "country_to": "IN", "value": "0", "unit": "kg"}, {"date": "2005-06-01", "country_from": "AO", "country_to": "IN", "value": "0", "unit": "kg"}, {"date": "2005-07-01", "country_from": "AO", "country_to": "IN", "value": "0", "unit": "kg"}, {"date": "2005-08-01", "country_from": "AO", "country_to": "IN", "value": "0", "unit": "kg"}, {"date": "2005-09-01", "country_from": "AO", "country_to": "IN", "value": "0", "unit": "kg"}, {"date": "2005-10-01", "country_from": "AO", "country_to": "IN", "value": "0", "unit": "kg"}, {"date": "2005-11-01", "country_from": "AO", "country_to": "IN", "value": "0", "unit": "kg"}, {"date": "2005-12-01", "country_from": "AO", "country_to": "IN", "value": "0", "unit": "kg"}, {"date": "2006-01-01", "country_from": "AO", "country_to": "IN", "value": "0", "unit": "kg"}, {"date": "2006-02-01", "country_from": "AO", "country_to": "IN", "value": "0", "unit": "kg"}, {"date": "2006-03-01", "country_from": "AO", "country_to": "IN", "value": "0", "unit": "kg"}, {"date": "2006-04-01", "country_from": "AO", "country_to": "IN", "value": "0", "unit": "kg"}, {"date": "2006-05-01", "country_from": "AO", "country_to": "IN", "value": "0", "unit": "kg"}, {"date": "2006-06-01", "country_from": "AO", "country_to": "IN", "value": "0", "unit": "kg"}, {"date": "2006-07-01", "country_from": "AO", "country_to": "IN", "value": "0", "unit": "kg"}, {"date": "2006-08-01", "country_from": "AO", "country_to": "IN", "value": "0", "unit": "kg"}, {"date": "2006-09-01", "country_from": "AO", "country_to": "IN", "value": "0", "unit": "kg"}, {"date": "2006-10-01", "country_from": "AO", "country_to": "IN", "value": "0", "unit": "kg"}, {"date": "2005-05-01", "country_from": "AO", "country_to": "VN", "value": "0", "unit": "kg"}, {"date": "2005-06-01", "country_from": "AO", "country_to": "VN", "value": "0", "unit": "kg"}, {"date": "2005-07-01", "country_from": "AO", "country_to": "VN", "value": "0", "unit": "kg"}, {"date": "2005-08-01", "country_from": "AO", "country_to": "VN", "value": "0", "unit": "kg"}, {"date": "2005-09-01", "country_from": "AO", "country_to": "VN", "value": "0", "unit": "kg"}, {"date": "2005-10-01", "country_from": "AO", "country_to": "VN", "value": "0", "unit": "kg"}, {"date": "2005-11-01", "country_from": "AO", "country_to": "VN", "value": "0", "unit": "kg"}, {"date": "2005-12-01", "country_from": "AO", "country_to": "VN", "value": "0", "unit": "kg"}, {"date": "2006-01-01", "country_from": "AO", "country_to": "VN", "value": "0", "unit": "kg"}, {"date": "2006-02-01", "country_from": "AO", "country_to": "VN", "value": "0", "unit": "kg"}, {"date": "2006-03-01", "country_from": "AO", "country_to": "VN", "value": "0", "unit": "kg"}, {"date": "2006-04-01", "country_from": "AO", "country_to": "VN", "value": "0", "unit": "kg"}, {"date": "2006-05-01", "country_from": "AO", "country_to": "VN", "value": "0", "unit": "kg"}, {"date": "2006-06-01", "country_from": "AO", "country_to": "VN", "value": "0", "unit": "kg"}, {"date": "2006-07-01", "country_from": "AO", "country_to": "VN", "value": "0", "unit": "kg"}, {"date": "2006-08-01", "country_from": "AO", "country_to": "VN", "value": "0", "unit": "kg"}, {"date": "2006-09-01", "country_from": "AO", "country_to": "VN", "value": "0", "unit": "kg"}, {"date": "2006-10-01", "country_from": "AO", "country_to": "VN", "value": "0", "unit": "kg"}, {"date": "2005-05-01", "country_from": "AO", "country_to": "ZA", "value": "0", "unit": "kg"}, {"date": "2005-06-01", "country_from": "AO", "country_to": "ZA", "value": "0", "unit": "kg"}, {"date": "2005-07-01", "country_from": "AO", "country_to": "ZA", "value": "0", "unit": "kg"}, {"date": "2005-08-01", "country_from": "AO", "country_to": "ZA", "value": "0", "unit": "kg"}, {"date": "2005-09-01", "country_from": "AO", "country_to": "ZA", "value": "0", "unit": "kg"}, {"date": "2005-10-01", "country_from": "AO", "country_to": "ZA", "value": "0", "unit": "kg"}, {"date": "2005-11-01", "country_from": "AO", "country_to": "ZA", "value": "0", "unit": "kg"}, {"date": "2005-12-01", "country_from": "AO", "country_to": "ZA", "value": "0", "unit": "kg"}, {"date": "2006-01-01", "country_from": "AO", "country_to": "ZA", "value": "0", "unit": "kg"}, {"date": "2006-02-01", "country_from": "AO", "country_to": "ZA", "value": "0", "unit": "kg"}, {"date": "2006-03-01", "country_from": "AO", "country_to": "ZA", "value": "0", "unit": "kg"}, {"date": "2006-04-01", "country_from": "AO", "country_to": "ZA", "value": "0", "unit": "kg"}, {"date": "2006-05-01", "country_from": "AO", "country_to": "ZA", "value": "0", "unit": "kg"}, {"date": "2006-06-01", "country_from": "AO", "country_to": "ZA", "value": "0", "unit": "kg"}, {"date": "2006-07-01", "country_from": "AO", "country_to": "ZA", "value": "0", "unit": "kg"}, {"date": "2006-08-01", "country_from": "AO", "country_to": "ZA", "value": "0", "unit": "kg"}, {"date": "2006-09-01", "country_from": "AO", "country_to": "ZA", "value": "0", "unit": "kg"}, {"date": "2006-10-01", "country_from": "AO", "country_to": "ZA", "value": "0", "unit": "kg"}, {"date": "2005-05-01", "country_from": "AO", "country_to": "ES", "value": "0", "unit": "kg"}, {"date": "2005-06-01", "country_from": "AO", "country_to": "ES", "value": "0", "unit": "kg"}, {"date": "2005-07-01", "country_from": "AO", "country_to": "ES", "value": "0", "unit": "kg"}, {"date": "2005-08-01", "country_from": "AO", "country_to": "ES", "value": "0", "unit": "kg"}, {"date": "2005-09-01", "country_from": "AO", "country_to": "ES", "value": "0", "unit": "kg"}, {"date": "2005-10-01", "country_from": "AO", "country_to": "ES", "value": "0", "unit": "kg"}, {"date": "2005-11-01", "country_from": "AO", "country_to": "ES", "value": "0", "unit": "kg"}, {"date": "2005-12-01", "country_from": "AO", "country_to": "ES", "value": "0", "unit": "kg"}, {"date": "2006-01-01", "country_from": "AO", "country_to": "ES", "value": "0", "unit": "kg"}, {"date": "2006-02-01", "country_from": "AO", "country_to": "ES", "value": "0", "unit": "kg"}, {"date": "2006-03-01", "country_from": "AO", "country_to": "ES", "value": "0", "unit": "kg"}, {"date": "2006-04-01", "country_from": "AO", "country_to": "ES", "value": "0", "unit": "kg"}, {"date": "2006-05-01", "country_from": "AO", "country_to": "ES", "value": "0", "unit": "kg"}, {"date": "2006-06-01", "country_from": "AO", "country_to": "ES", "value": "0", "unit": "kg"}, {"date": "2006-07-01", "country_from": "AO", "country_to": "ES", "value": "0", "unit": "kg"}, {"date": "2006-08-01", "country_from": "AO", "country_to": "ES", "value": "0", "unit": "kg"}, {"date": "2006-09-01", "country_from": "AO", "country_to": "ES", "value": "0", "unit": "kg"}, {"date": "2006-10-01", "country_from": "AO", "country_to": "ES", "value": "0", "unit": "kg"}, {"date": "2005-05-01", "country_from": "AO", "country_to": "TH", "value": "0", "unit": "kg"}, {"date": "2005-06-01", "country_from": "AO", "country_to": "TH", "value": "0", "unit": "kg"}, {"date": "2005-07-01", "country_from": "AO", "country_to": "TH", "value": "0", "unit": "kg"}, {"date": "2005-08-01", "country_from": "AO", "country_to": "TH", "value": "0", "unit": "kg"}, {"date": "2005-09-01", "country_from": "AO", "country_to": "TH", "value": "0", "unit": "kg"}, {"date": "2005-10-01", "country_from": "AO", "country_to": "TH", "value": "0", "unit": "kg"}, {"date": "2005-11-01", "country_from": "AO", "country_to": "TH", "value": "0", "unit": "kg"}, {"date": "2005-12-01", "country_from": "AO", "country_to": "TH", "value": "0", "unit": "kg"}, {"date": "2006-01-01", "country_from": "AO", "country_to": "TH", "value": "0", "unit": "kg"}, {"date": "2006-02-01", "country_from": "AO", "country_to": "TH", "value": "0", "unit": "kg"}, {"date": "2006-03-01", "country_from": "AO", "country_to": "TH", "value": "0", "unit": "kg"}, {"date": "2006-04-01", "country_from": "AO", "country_to": "TH", "value": "0", "unit": "kg"}, {"date": "2006-05-01", "country_from": "AO", "country_to": "TH", "value": "0", "unit": "kg"}, {"date": "2006-06-01", "country_from": "AO", "country_to": "TH", "value": "0", "unit": "kg"}, {"date": "2006-07-01", "country_from": "AO", "country_to": "TH", "value": "0", "unit": "kg"}, {"date": "2006-08-01", "country_from": "AO", "country_to": "TH", "value": "0", "unit": "kg"}, {"date": "2006-09-01", "country_from": "AO", "country_to": "TH", "value": "0", "unit": "kg"}, {"date": "2006-10-01", "country_from": "AO", "country_to": "TH", "value": "0", "unit": "kg"}, {"date": "2005-05-01", "country_from": "AO", "country_to": "US", "value": "0", "unit": "kg"}, {"date": "2005-06-01", "country_from": "AO", "country_to": "US", "value": "0", "unit": "kg"}, {"date": "2005-07-01", "country_from": "AO", "country_to": "US", "value": "0", "unit": "kg"}, {"date": "2005-08-01", "country_from": "AO", "country_to": "US", "value": "0", "unit": "kg"}, {"date": "2005-09-01", "country_from": "AO", "country_to": "US", "value": "0", "unit": "kg"}, {"date": "2005-10-01", "country_from": "AO", "country_to": "US", "value": "0", "unit": "kg"}, {"date": "2005-11-01", "country_from": "AO", "country_to": "US", "value": "0", "unit": "kg"}, {"date": "2005-12-01", "country_from": "AO", "country_to": "US", "value": "0", "unit": "kg"}, {"date": "2006-01-01", "country_from": "AO", "country_to": "US", "value": "0", "unit": "kg"}, {"date": "2006-02-01", "country_from": "AO", "country_to": "US", "value": "0", "unit": "kg"}, {"date": "2006-03-01", "country_from": "AO", "country_to": "US", "value": "0", "unit": "kg"}, {"date": "2006-04-01", "country_from": "AO", "country_to": "US", "value": "0", "unit": "kg"}, {"date": "2006-05-01", "country_from": "AO", "country_to": "US", "value": "0", "unit": "kg"}, {"date": "2006-06-01", "country_from": "AO", "country_to": "US", "value": "0", "unit": "kg"}, {"date": "2006-07-01", "country_from": "AO", "country_to": "US", "value": "0", "unit": "kg"}, {"date": "2006-08-01", "country_from": "AO", "country_to": "US", "value": "0", "unit": "kg"}, {"date": "2006-09-01", "country_from": "AO", "country_to": "US", "value": "0", "unit": "kg"}, {"date": "2006-10-01", "country_from": "AO", "country_to": "US", "value": "0", "unit": "kg"}]