[{"date": "2018-10-01", "country_from": "SI", "country_to": "HR", "value": "2308", "unit": "kg"}, {"date": "2018-11-01", "country_from": "SI", "country_to": "HR", "value": "1882", "unit": "kg"}, {"date": "2018-12-01", "country_from": "SI", "country_to": "HR", "value": "2470", "unit": "kg"}, {"date": "2019-01-01", "country_from": "SI", "country_to": "HR", "value": "730", "unit": "kg"}, {"date": "2019-02-01", "country_from": "SI", "country_to": "HR", "value": "3360", "unit": "kg"}, {"date": "2019-03-01", "country_from": "SI", "country_to": "HR", "value": "5366", "unit": "kg"}, {"date": "2019-04-01", "country_from": "SI", "country_to": "HR", "value": "4952", "unit": "kg"}, {"date": "2019-05-01", "country_from": "SI", "country_to": "HR", "value": "8902", "unit": "kg"}, {"date": "2019-06-01", "country_from": "SI", "country_to": "HR", "value": "5660", "unit": "kg"}, {"date": "2019-07-01", "country_from": "SI", "country_to": "HR", "value": "7028", "unit": "kg"}, {"date": "2019-08-01", "country_from": "SI", "country_to": "HR", "value": "2281", "unit": "kg"}, {"date": "2019-09-01", "country_from": "SI", "country_to": "HR", "value": "4152", "unit": "kg"}, {"date": "2019-10-01", "country_from": "SI", "country_to": "HR", "value": "5578", "unit": "kg"}, {"date": "2019-11-01", "country_from": "SI", "country_to": "HR", "value": "1404", "unit": "kg"}, {"date": "2019-12-01", "country_from": "SI", "country_to": "HR", "value": "3121", "unit": "kg"}, {"date": "2020-01-01", "country_from": "SI", "country_to": "HR", "value": "1152", "unit": "kg"}, {"date": "2020-02-01", "country_from": "SI", "country_to": "HR", "value": "2280", "unit": "kg"}, {"date": "2020-03-01", "country_from": "SI", "country_to": "HR", "value": "1864", "unit": "kg"}, {"date": "2018-10-01", "country_from": "SI", "country_to": "BA", "value": "2448", "unit": "kg"}, {"date": "2018-11-01", "country_from": "SI", "country_to": "BA", "value": "3144", "unit": "kg"}, {"date": "2018-12-01", "country_from": "SI", "country_to": "BA", "value": "3000", "unit": "kg"}, {"date": "2019-01-01", "country_from": "SI", "country_to": "BA", "value": "4452", "unit": "kg"}, {"date": "2019-02-01", "country_from": "SI", "country_to": "BA", "value": "3606", "unit": "kg"}, {"date": "2019-03-01", "country_from": "SI", "country_to": "BA", "value": "3532", "unit": "kg"}, {"date": "2019-04-01", "country_from": "SI", "country_to": "BA", "value": "3312", "unit": "kg"}, {"date": "2019-05-01", "country_from": "SI", "country_to": "BA", "value": "4656", "unit": "kg"}, {"date": "2019-06-01", "country_from": "SI", "country_to": "BA", "value": "2112", "unit": "kg"}, {"date": "2019-07-01", "country_from": "SI", "country_to": "BA", "value": "5208", "unit": "kg"}, {"date": "2019-08-01", "country_from": "SI", "country_to": "BA", "value": "3312", "unit": "kg"}, {"date": "2019-09-01", "country_from": "SI", "country_to": "BA", "value": "2904", "unit": "kg"}, {"date": "2019-10-01", "country_from": "SI", "country_to": "BA", "value": "4560", "unit": "kg"}, {"date": "2019-11-01", "country_from": "SI", "country_to": "BA", "value": "3768", "unit": "kg"}, {"date": "2019-12-01", "country_from": "SI", "country_to": "BA", "value": "3504", "unit": "kg"}, {"date": "2020-01-01", "country_from": "SI", "country_to": "BA", "value": "2366", "unit": "kg"}, {"date": "2020-02-01", "country_from": "SI", "country_to": "BA", "value": "4200", "unit": "kg"}, {"date": "2020-03-01", "country_from": "SI", "country_to": "BA", "value": "5022", "unit": "kg"}, {"date": "2018-10-01", "country_from": "SI", "country_to": "-", "value": "0", "unit": "kg"}, {"date": "2018-11-01", "country_from": "SI", "country_to": "-", "value": "0", "unit": "kg"}, {"date": "2018-12-01", "country_from": "SI", "country_to": "-", "value": "0", "unit": "kg"}, {"date": "2019-01-01", "country_from": "SI", "country_to": "-", "value": "0", "unit": "kg"}, {"date": "2019-02-01", "country_from": "SI", "country_to": "-", "value": "3840", "unit": "kg"}, {"date": "2019-03-01", "country_from": "SI", "country_to": "-", "value": "0", "unit": "kg"}, {"date": "2019-04-01", "country_from": "SI", "country_to": "-", "value": "1920", "unit": "kg"}, {"date": "2019-05-01", "country_from": "SI", "country_to": "-", "value": "0", "unit": "kg"}, {"date": "2019-06-01", "country_from": "SI", "country_to": "-", "value": "0", "unit": "kg"}, {"date": "2019-07-01", "country_from": "SI", "country_to": "-", "value": "0", "unit": "kg"}, {"date": "2019-08-01", "country_from": "SI", "country_to": "-", "value": "0", "unit": "kg"}, {"date": "2019-09-01", "country_from": "SI", "country_to": "-", "value": "0", "unit": "kg"}, {"date": "2019-10-01", "country_from": "SI", "country_to": "-", "value": "0", "unit": "kg"}, {"date": "2019-11-01", "country_from": "SI", "country_to": "-", "value": "0", "unit": "kg"}, {"date": "2019-12-01", "country_from": "SI", "country_to": "-", "value": "0", "unit": "kg"}, {"date": "2020-01-01", "country_from": "SI", "country_to": "-", "value": "0", "unit": "kg"}, {"date": "2020-02-01", "country_from": "SI", "country_to": "-", "value": "0", "unit": "kg"}, {"date": "2020-03-01", "country_from": "SI", "country_to": "-", "value": "0", "unit": "kg"}, {"date": "2018-10-01", "country_from": "SI", "country_to": "IT", "value": "0", "unit": "kg"}, {"date": "2018-11-01", "country_from": "SI", "country_to": "IT", "value": "0", "unit": "kg"}, {"date": "2018-12-01", "country_from": "SI", "country_to": "IT", "value": "0", "unit": "kg"}, {"date": "2019-01-01", "country_from": "SI", "country_to": "IT", "value": "24000", "unit": "kg"}, {"date": "2019-02-01", "country_from": "SI", "country_to": "IT", "value": "26547", "unit": "kg"}, {"date": "2019-03-01", "country_from": "SI", "country_to": "IT", "value": "0", "unit": "kg"}, {"date": "2019-04-01", "country_from": "SI", "country_to": "IT", "value": "0", "unit": "kg"}, {"date": "2019-05-01", "country_from": "SI", "country_to": "IT", "value": "0", "unit": "kg"}, {"date": "2019-06-01", "country_from": "SI", "country_to": "IT", "value": "44000", "unit": "kg"}, {"date": "2019-07-01", "country_from": "SI", "country_to": "IT", "value": "0", "unit": "kg"}, {"date": "2019-08-01", "country_from": "SI", "country_to": "IT", "value": "0", "unit": "kg"}, {"date": "2019-09-01", "country_from": "SI", "country_to": "IT", "value": "0", "unit": "kg"}, {"date": "2019-10-01", "country_from": "SI", "country_to": "IT", "value": "0", "unit": "kg"}, {"date": "2019-11-01", "country_from": "SI", "country_to": "IT", "value": "22000", "unit": "kg"}, {"date": "2019-12-01", "country_from": "SI", "country_to": "IT", "value": "0", "unit": "kg"}, {"date": "2020-01-01", "country_from": "SI", "country_to": "IT", "value": "0", "unit": "kg"}, {"date": "2020-02-01", "country_from": "SI", "country_to": "IT", "value": "0", "unit": "kg"}, {"date": "2020-03-01", "country_from": "SI", "country_to": "IT", "value": "0", "unit": "kg"}, {"date": "2018-10-01", "country_from": "SI", "country_to": "ME", "value": "0", "unit": "kg"}, {"date": "2018-11-01", "country_from": "SI", "country_to": "ME", "value": "0", "unit": "kg"}, {"date": "2018-12-01", "country_from": "SI", "country_to": "ME", "value": "384", "unit": "kg"}, {"date": "2019-01-01", "country_from": "SI", "country_to": "ME", "value": "0", "unit": "kg"}, {"date": "2019-02-01", "country_from": "SI", "country_to": "ME", "value": "0", "unit": "kg"}, {"date": "2019-03-01", "country_from": "SI", "country_to": "ME", "value": "384", "unit": "kg"}, {"date": "2019-04-01", "country_from": "SI", "country_to": "ME", "value": "0", "unit": "kg"}, {"date": "2019-05-01", "country_from": "SI", "country_to": "ME", "value": "0", "unit": "kg"}, {"date": "2019-06-01", "country_from": "SI", "country_to": "ME", "value": "587", "unit": "kg"}, {"date": "2019-07-01", "country_from": "SI", "country_to": "ME", "value": "0", "unit": "kg"}, {"date": "2019-08-01", "country_from": "SI", "country_to": "ME", "value": "0", "unit": "kg"}, {"date": "2019-09-01", "country_from": "SI", "country_to": "ME", "value": "0", "unit": "kg"}, {"date": "2019-10-01", "country_from": "SI", "country_to": "ME", "value": "384", "unit": "kg"}, {"date": "2019-11-01", "country_from": "SI", "country_to": "ME", "value": "384", "unit": "kg"}, {"date": "2019-12-01", "country_from": "SI", "country_to": "ME", "value": "384", "unit": "kg"}, {"date": "2020-01-01", "country_from": "SI", "country_to": "ME", "value": "0", "unit": "kg"}, {"date": "2020-02-01", "country_from": "SI", "country_to": "ME", "value": "0", "unit": "kg"}, {"date": "2020-03-01", "country_from": "SI", "country_to": "ME", "value": "0", "unit": "kg"}, {"date": "2018-10-01", "country_from": "SI", "country_to": "RU", "value": "0", "unit": "kg"}, {"date": "2018-11-01", "country_from": "SI", "country_to": "RU", "value": "0", "unit": "kg"}, {"date": "2018-12-01", "country_from": "SI", "country_to": "RU", "value": "0", "unit": "kg"}, {"date": "2019-01-01", "country_from": "SI", "country_to": "RU", "value": "0", "unit": "kg"}, {"date": "2019-02-01", "country_from": "SI", "country_to": "RU", "value": "0", "unit": "kg"}, {"date": "2019-03-01", "country_from": "SI", "country_to": "RU", "value": "0", "unit": "kg"}, {"date": "2019-04-01", "country_from": "SI", "country_to": "RU", "value": "0", "unit": "kg"}, {"date": "2019-05-01", "country_from": "SI", "country_to": "RU", "value": "0", "unit": "kg"}, {"date": "2019-06-01", "country_from": "SI", "country_to": "RU", "value": "0", "unit": "kg"}, {"date": "2019-07-01", "country_from": "SI", "country_to": "RU", "value": "0", "unit": "kg"}, {"date": "2019-08-01", "country_from": "SI", "country_to": "RU", "value": "0", "unit": "kg"}, {"date": "2019-09-01", "country_from": "SI", "country_to": "RU", "value": "0", "unit": "kg"}, {"date": "2019-10-01", "country_from": "SI", "country_to": "RU", "value": "0", "unit": "kg"}, {"date": "2019-11-01", "country_from": "SI", "country_to": "RU", "value": "225", "unit": "kg"}, {"date": "2019-12-01", "country_from": "SI", "country_to": "RU", "value": "0", "unit": "kg"}, {"date": "2020-01-01", "country_from": "SI", "country_to": "RU", "value": "0", "unit": "kg"}, {"date": "2020-02-01", "country_from": "SI", "country_to": "RU", "value": "0", "unit": "kg"}, {"date": "2020-03-01", "country_from": "SI", "country_to": "RU", "value": "523", "unit": "kg"}, {"date": "2018-10-01", "country_from": "SI", "country_to": "RS", "value": "0", "unit": "kg"}, {"date": "2018-11-01", "country_from": "SI", "country_to": "RS", "value": "0", "unit": "kg"}, {"date": "2018-12-01", "country_from": "SI", "country_to": "RS", "value": "0", "unit": "kg"}, {"date": "2019-01-01", "country_from": "SI", "country_to": "RS", "value": "1290", "unit": "kg"}, {"date": "2019-02-01", "country_from": "SI", "country_to": "RS", "value": "0", "unit": "kg"}, {"date": "2019-03-01", "country_from": "SI", "country_to": "RS", "value": "0", "unit": "kg"}, {"date": "2019-04-01", "country_from": "SI", "country_to": "RS", "value": "0", "unit": "kg"}, {"date": "2019-05-01", "country_from": "SI", "country_to": "RS", "value": "0", "unit": "kg"}, {"date": "2019-06-01", "country_from": "SI", "country_to": "RS", "value": "0", "unit": "kg"}, {"date": "2019-07-01", "country_from": "SI", "country_to": "RS", "value": "3978", "unit": "kg"}, {"date": "2019-08-01", "country_from": "SI", "country_to": "RS", "value": "0", "unit": "kg"}, {"date": "2019-09-01", "country_from": "SI", "country_to": "RS", "value": "648", "unit": "kg"}, {"date": "2019-10-01", "country_from": "SI", "country_to": "RS", "value": "0", "unit": "kg"}, {"date": "2019-11-01", "country_from": "SI", "country_to": "RS", "value": "0", "unit": "kg"}, {"date": "2019-12-01", "country_from": "SI", "country_to": "RS", "value": "0", "unit": "kg"}, {"date": "2020-01-01", "country_from": "SI", "country_to": "RS", "value": "0", "unit": "kg"}, {"date": "2020-02-01", "country_from": "SI", "country_to": "RS", "value": "0", "unit": "kg"}, {"date": "2020-03-01", "country_from": "SI", "country_to": "RS", "value": "0", "unit": "kg"}]