[{"date": "2005-05-01", "country": "Belgium", "value": "0", "unit": "kg"}, {"date": "2005-06-01", "country": "Belgium", "value": "0", "unit": "kg"}, {"date": "2005-07-01", "country": "Belgium", "value": "0", "unit": "kg"}, {"date": "2005-08-01", "country": "Belgium", "value": "0", "unit": "kg"}, {"date": "2005-09-01", "country": "Belgium", "value": "0", "unit": "kg"}, {"date": "2005-10-01", "country": "Belgium", "value": "0", "unit": "kg"}, {"date": "2005-11-01", "country": "Belgium", "value": "0", "unit": "kg"}, {"date": "2005-12-01", "country": "Belgium", "value": "0", "unit": "kg"}, {"date": "2006-01-01", "country": "Belgium", "value": "0", "unit": "kg"}, {"date": "2006-02-01", "country": "Belgium", "value": "0", "unit": "kg"}, {"date": "2006-03-01", "country": "Belgium", "value": "0", "unit": "kg"}, {"date": "2006-04-01", "country": "Belgium", "value": "0", "unit": "kg"}, {"date": "2006-05-01", "country": "Belgium", "value": "0", "unit": "kg"}, {"date": "2006-06-01", "country": "Belgium", "value": "0", "unit": "kg"}, {"date": "2006-07-01", "country": "Belgium", "value": "0", "unit": "kg"}, {"date": "2006-08-01", "country": "Belgium", "value": "0", "unit": "kg"}, {"date": "2006-09-01", "country": "Belgium", "value": "0", "unit": "kg"}, {"date": "2006-10-01", "country": "Belgium", "value": "0", "unit": "kg"}, {"date": "2005-05-01", "country": "Brazil", "value": "0", "unit": "kg"}, {"date": "2005-06-01", "country": "Brazil", "value": "0", "unit": "kg"}, {"date": "2005-07-01", "country": "Brazil", "value": "0", "unit": "kg"}, {"date": "2005-08-01", "country": "Brazil", "value": "0", "unit": "kg"}, {"date": "2005-09-01", "country": "Brazil", "value": "0", "unit": "kg"}, {"date": "2005-10-01", "country": "Brazil", "value": "0", "unit": "kg"}, {"date": "2005-11-01", "country": "Brazil", "value": "0", "unit": "kg"}, {"date": "2005-12-01", "country": "Brazil", "value": "0", "unit": "kg"}, {"date": "2006-01-01", "country": "Brazil", "value": "0", "unit": "kg"}, {"date": "2006-02-01", "country": "Brazil", "value": "0", "unit": "kg"}, {"date": "2006-03-01", "country": "Brazil", "value": "0", "unit": "kg"}, {"date": "2006-04-01", "country": "Brazil", "value": "0", "unit": "kg"}, {"date": "2006-05-01", "country": "Brazil", "value": "0", "unit": "kg"}, {"date": "2006-06-01", "country": "Brazil", "value": "0", "unit": "kg"}, {"date": "2006-07-01", "country": "Brazil", "value": "0", "unit": "kg"}, {"date": "2006-08-01", "country": "Brazil", "value": "0", "unit": "kg"}, {"date": "2006-09-01", "country": "Brazil", "value": "0", "unit": "kg"}, {"date": "2006-10-01", "country": "Brazil", "value": "0", "unit": "kg"}, {"date": "2005-05-01", "country": "China", "value": "0", "unit": "kg"}, {"date": "2005-06-01", "country": "China", "value": "0", "unit": "kg"}, {"date": "2005-07-01", "country": "China", "value": "0", "unit": "kg"}, {"date": "2005-08-01", "country": "China", "value": "0", "unit": "kg"}, {"date": "2005-09-01", "country": "China", "value": "0", "unit": "kg"}, {"date": "2005-10-01", "country": "China", "value": "0", "unit": "kg"}, {"date": "2005-11-01", "country": "China", "value": "0", "unit": "kg"}, {"date": "2005-12-01", "country": "China", "value": "0", "unit": "kg"}, {"date": "2006-01-01", "country": "China", "value": "0", "unit": "kg"}, {"date": "2006-02-01", "country": "China", "value": "0", "unit": "kg"}, {"date": "2006-03-01", "country": "China", "value": "0", "unit": "kg"}, {"date": "2006-04-01", "country": "China", "value": "0", "unit": "kg"}, {"date": "2006-05-01", "country": "China", "value": "0", "unit": "kg"}, {"date": "2006-06-01", "country": "China", "value": "0", "unit": "kg"}, {"date": "2006-07-01", "country": "China", "value": "0", "unit": "kg"}, {"date": "2006-08-01", "country": "China", "value": "0", "unit": "kg"}, {"date": "2006-09-01", "country": "China", "value": "0", "unit": "kg"}, {"date": "2006-10-01", "country": "China", "value": "0", "unit": "kg"}, {"date": "2005-05-01", "country": "Congo", "value": "0", "unit": "kg"}, {"date": "2005-06-01", "country": "Congo", "value": "0", "unit": "kg"}, {"date": "2005-07-01", "country": "Congo", "value": "0", "unit": "kg"}, {"date": "2005-08-01", "country": "Congo", "value": "0", "unit": "kg"}, {"date": "2005-09-01", "country": "Congo", "value": "0", "unit": "kg"}, {"date": "2005-10-01", "country": "Congo", "value": "0", "unit": "kg"}, {"date": "2005-11-01", "country": "Congo", "value": "0", "unit": "kg"}, {"date": "2005-12-01", "country": "Congo", "value": "0", "unit": "kg"}, {"date": "2006-01-01", "country": "Congo", "value": "0", "unit": "kg"}, {"date": "2006-02-01", "country": "Congo", "value": "0", "unit": "kg"}, {"date": "2006-03-01", "country": "Congo", "value": "0", "unit": "kg"}, {"date": "2006-04-01", "country": "Congo", "value": "0", "unit": "kg"}, {"date": "2006-05-01", "country": "Congo", "value": "0", "unit": "kg"}, {"date": "2006-06-01", "country": "Congo", "value": "0", "unit": "kg"}, {"date": "2006-07-01", "country": "Congo", "value": "0", "unit": "kg"}, {"date": "2006-08-01", "country": "Congo", "value": "0", "unit": "kg"}, {"date": "2006-09-01", "country": "Congo", "value": "0", "unit": "kg"}, {"date": "2006-10-01", "country": "Congo", "value": "0", "unit": "kg"}, {"date": "2005-05-01", "country": "France", "value": "0", "unit": "kg"}, {"date": "2005-06-01", "country": "France", "value": "0", "unit": "kg"}, {"date": "2005-07-01", "country": "France", "value": "0", "unit": "kg"}, {"date": "2005-08-01", "country": "France", "value": "0", "unit": "kg"}, {"date": "2005-09-01", "country": "France", "value": "0", "unit": "kg"}, {"date": "2005-10-01", "country": "France", "value": "0", "unit": "kg"}, {"date": "2005-11-01", "country": "France", "value": "0", "unit": "kg"}, {"date": "2005-12-01", "country": "France", "value": "0", "unit": "kg"}, {"date": "2006-01-01", "country": "France", "value": "0", "unit": "kg"}, {"date": "2006-02-01", "country": "France", "value": "0", "unit": "kg"}, {"date": "2006-03-01", "country": "France", "value": "0", "unit": "kg"}, {"date": "2006-04-01", "country": "France", "value": "0", "unit": "kg"}, {"date": "2006-05-01", "country": "France", "value": "0", "unit": "kg"}, {"date": "2006-06-01", "country": "France", "value": "0", "unit": "kg"}, {"date": "2006-07-01", "country": "France", "value": "0", "unit": "kg"}, {"date": "2006-08-01", "country": "France", "value": "0", "unit": "kg"}, {"date": "2006-09-01", "country": "France", "value": "0", "unit": "kg"}, {"date": "2006-10-01", "country": "France", "value": "0", "unit": "kg"}, {"date": "2005-05-01", "country": "Germany", "value": "0", "unit": "kg"}, {"date": "2005-06-01", "country": "Germany", "value": "0", "unit": "kg"}, {"date": "2005-07-01", "country": "Germany", "value": "0", "unit": "kg"}, {"date": "2005-08-01", "country": "Germany", "value": "0", "unit": "kg"}, {"date": "2005-09-01", "country": "Germany", "value": "0", "unit": "kg"}, {"date": "2005-10-01", "country": "Germany", "value": "0", "unit": "kg"}, {"date": "2005-11-01", "country": "Germany", "value": "0", "unit": "kg"}, {"date": "2005-12-01", "country": "Germany", "value": "0", "unit": "kg"}, {"date": "2006-01-01", "country": "Germany", "value": "0", "unit": "kg"}, {"date": "2006-02-01", "country": "Germany", "value": "0", "unit": "kg"}, {"date": "2006-03-01", "country": "Germany", "value": "0", "unit": "kg"}, {"date": "2006-04-01", "country": "Germany", "value": "0", "unit": "kg"}, {"date": "2006-05-01", "country": "Germany", "value": "0", "unit": "kg"}, {"date": "2006-06-01", "country": "Germany", "value": "0", "unit": "kg"}, {"date": "2006-07-01", "country": "Germany", "value": "0", "unit": "kg"}, {"date": "2006-08-01", "country": "Germany", "value": "0", "unit": "kg"}, {"date": "2006-09-01", "country": "Germany", "value": "0", "unit": "kg"}, {"date": "2006-10-01", "country": "Germany", "value": "0", "unit": "kg"}, {"date": "2005-05-01", "country": "Ghana", "value": "0", "unit": "kg"}, {"date": "2005-07-01", "country": "Ghana", "value": "0", "unit": "kg"}, {"date": "2005-08-01", "country": "Ghana", "value": "0", "unit": "kg"}, {"date": "2005-09-01", "country": "Ghana", "value": "0", "unit": "kg"}, {"date": "2005-10-01", "country": "Ghana", "value": "0", "unit": "kg"}, {"date": "2005-11-01", "country": "Ghana", "value": "0", "unit": "kg"}, {"date": "2005-12-01", "country": "Ghana", "value": "0", "unit": "kg"}, {"date": "2006-01-01", "country": "Ghana", "value": "0", "unit": "kg"}, {"date": "2006-02-01", "country": "Ghana", "value": "0", "unit": "kg"}, {"date": "2006-03-01", "country": "Ghana", "value": "0", "unit": "kg"}, {"date": "2006-04-01", "country": "Ghana", "value": "0", "unit": "kg"}, {"date": "2006-05-01", "country": "Ghana", "value": "0", "unit": "kg"}, {"date": "2006-06-01", "country": "Ghana", "value": "0", "unit": "kg"}, {"date": "2006-07-01", "country": "Ghana", "value": "0", "unit": "kg"}, {"date": "2006-08-01", "country": "Ghana", "value": "0", "unit": "kg"}, {"date": "2006-09-01", "country": "Ghana", "value": "0", "unit": "kg"}, {"date": "2006-10-01", "country": "Ghana", "value": "0", "unit": "kg"}, {"date": "2005-05-01", "country": "Gibraltar", "value": "0", "unit": "kg"}, {"date": "2005-06-01", "country": "Gibraltar", "value": "0", "unit": "kg"}, {"date": "2005-07-01", "country": "Gibraltar", "value": "0", "unit": "kg"}, {"date": "2005-08-01", "country": "Gibraltar", "value": "0", "unit": "kg"}, {"date": "2005-09-01", "country": "Gibraltar", "value": "0", "unit": "kg"}, {"date": "2005-10-01", "country": "Gibraltar", "value": "0", "unit": "kg"}, {"date": "2005-11-01", "country": "Gibraltar", "value": "0", "unit": "kg"}, {"date": "2005-12-01", "country": "Gibraltar", "value": "0", "unit": "kg"}, {"date": "2006-01-01", "country": "Gibraltar", "value": "0", "unit": "kg"}, {"date": "2006-02-01", "country": "Gibraltar", "value": "0", "unit": "kg"}, {"date": "2006-03-01", "country": "Gibraltar", "value": "0", "unit": "kg"}, {"date": "2006-04-01", "country": "Gibraltar", "value": "0", "unit": "kg"}, {"date": "2006-05-01", "country": "Gibraltar", "value": "0", "unit": "kg"}, {"date": "2006-06-01", "country": "Gibraltar", "value": "0", "unit": "kg"}, {"date": "2006-07-01", "country": "Gibraltar", "value": "0", "unit": "kg"}, {"date": "2006-08-01", "country": "Gibraltar", "value": "0", "unit": "kg"}, {"date": "2006-09-01", "country": "Gibraltar", "value": "0", "unit": "kg"}, {"date": "2006-10-01", "country": "Gibraltar", "value": "0", "unit": "kg"}, {"date": "2005-05-01", "country": "Indonesia", "value": "0", "unit": "kg"}, {"date": "2005-06-01", "country": "Indonesia", "value": "0", "unit": "kg"}, {"date": "2005-07-01", "country": "Indonesia", "value": "0", "unit": "kg"}, {"date": "2005-08-01", "country": "Indonesia", "value": "0", "unit": "kg"}, {"date": "2005-09-01", "country": "Indonesia", "value": "0", "unit": "kg"}, {"date": "2005-10-01", "country": "Indonesia", "value": "0", "unit": "kg"}, {"date": "2005-11-01", "country": "Indonesia", "value": "0", "unit": "kg"}, {"date": "2005-12-01", "country": "Indonesia", "value": "0", "unit": "kg"}, {"date": "2006-01-01", "country": "Indonesia", "value": "0", "unit": "kg"}, {"date": "2006-02-01", "country": "Indonesia", "value": "0", "unit": "kg"}, {"date": "2006-03-01", "country": "Indonesia", "value": "0", "unit": "kg"}, {"date": "2006-04-01", "country": "Indonesia", "value": "0", "unit": "kg"}, {"date": "2006-05-01", "country": "Indonesia", "value": "0", "unit": "kg"}, {"date": "2006-06-01", "country": "Indonesia", "value": "0", "unit": "kg"}, {"date": "2006-07-01", "country": "Indonesia", "value": "0", "unit": "kg"}, {"date": "2006-08-01", "country": "Indonesia", "value": "0", "unit": "kg"}, {"date": "2006-09-01", "country": "Indonesia", "value": "0", "unit": "kg"}, {"date": "2006-10-01", "country": "Indonesia", "value": "0", "unit": "kg"}, {"date": "2005-05-01", "country": "Italy", "value": "0", "unit": "kg"}, {"date": "2005-06-01", "country": "Italy", "value": "0", "unit": "kg"}, {"date": "2005-07-01", "country": "Italy", "value": "0", "unit": "kg"}, {"date": "2005-08-01", "country": "Italy", "value": "0", "unit": "kg"}, {"date": "2005-09-01", "country": "Italy", "value": "0", "unit": "kg"}, {"date": "2005-10-01", "country": "Italy", "value": "0", "unit": "kg"}, {"date": "2005-11-01", "country": "Italy", "value": "0", "unit": "kg"}, {"date": "2005-12-01", "country": "Italy", "value": "0", "unit": "kg"}, {"date": "2006-01-01", "country": "Italy", "value": "0", "unit": "kg"}, {"date": "2006-02-01", "country": "Italy", "value": "0", "unit": "kg"}, {"date": "2006-03-01", "country": "Italy", "value": "0", "unit": "kg"}, {"date": "2006-04-01", "country": "Italy", "value": "0", "unit": "kg"}, {"date": "2006-05-01", "country": "Italy", "value": "0", "unit": "kg"}, {"date": "2006-06-01", "country": "Italy", "value": "0", "unit": "kg"}, {"date": "2006-07-01", "country": "Italy", "value": "0", "unit": "kg"}, {"date": "2006-08-01", "country": "Italy", "value": "0", "unit": "kg"}, {"date": "2006-09-01", "country": "Italy", "value": "0", "unit": "kg"}, {"date": "2006-10-01", "country": "Italy", "value": "0", "unit": "kg"}, {"date": "2005-05-01", "country": "C\u00c3\u00b4te d'Ivoire", "value": "0", "unit": "kg"}, {"date": "2005-06-01", "country": "C\u00c3\u00b4te d'Ivoire", "value": "0", "unit": "kg"}, {"date": "2005-07-01", "country": "C\u00c3\u00b4te d'Ivoire", "value": "0", "unit": "kg"}, {"date": "2005-08-01", "country": "C\u00c3\u00b4te d'Ivoire", "value": "0", "unit": "kg"}, {"date": "2005-09-01", "country": "C\u00c3\u00b4te d'Ivoire", "value": "0", "unit": "kg"}, {"date": "2005-10-01", "country": "C\u00c3\u00b4te d'Ivoire", "value": "0", "unit": "kg"}, {"date": "2005-11-01", "country": "C\u00c3\u00b4te d'Ivoire", "value": "0", "unit": "kg"}, {"date": "2005-12-01", "country": "C\u00c3\u00b4te d'Ivoire", "value": "0", "unit": "kg"}, {"date": "2006-01-01", "country": "C\u00c3\u00b4te d'Ivoire", "value": "0", "unit": "kg"}, {"date": "2006-02-01", "country": "C\u00c3\u00b4te d'Ivoire", "value": "0", "unit": "kg"}, {"date": "2006-03-01", "country": "C\u00c3\u00b4te d'Ivoire", "value": "0", "unit": "kg"}, {"date": "2006-04-01", "country": "C\u00c3\u00b4te d'Ivoire", "value": "0", "unit": "kg"}, {"date": "2006-05-01", "country": "C\u00c3\u00b4te d'Ivoire", "value": "0", "unit": "kg"}, {"date": "2006-06-01", "country": "C\u00c3\u00b4te d'Ivoire", "value": "0", "unit": "kg"}, {"date": "2006-07-01", "country": "C\u00c3\u00b4te d'Ivoire", "value": "0", "unit": "kg"}, {"date": "2006-08-01", "country": "C\u00c3\u00b4te d'Ivoire", "value": "0", "unit": "kg"}, {"date": "2006-09-01", "country": "C\u00c3\u00b4te d'Ivoire", "value": "0", "unit": "kg"}, {"date": "2006-10-01", "country": "C\u00c3\u00b4te d'Ivoire", "value": "0", "unit": "kg"}, {"date": "2005-05-01", "country": "Japan", "value": "0", "unit": "kg"}, {"date": "2005-06-01", "country": "Japan", "value": "0", "unit": "kg"}, {"date": "2005-07-01", "country": "Japan", "value": "0", "unit": "kg"}, {"date": "2005-08-01", "country": "Japan", "value": "0", "unit": "kg"}, {"date": "2005-09-01", "country": "Japan", "value": "0", "unit": "kg"}, {"date": "2005-10-01", "country": "Japan", "value": "0", "unit": "kg"}, {"date": "2005-11-01", "country": "Japan", "value": "0", "unit": "kg"}, {"date": "2005-12-01", "country": "Japan", "value": "0", "unit": "kg"}, {"date": "2006-01-01", "country": "Japan", "value": "0", "unit": "kg"}, {"date": "2006-02-01", "country": "Japan", "value": "0", "unit": "kg"}, {"date": "2006-03-01", "country": "Japan", "value": "0", "unit": "kg"}, {"date": "2006-04-01", "country": "Japan", "value": "0", "unit": "kg"}, {"date": "2006-05-01", "country": "Japan", "value": "0", "unit": "kg"}, {"date": "2006-06-01", "country": "Japan", "value": "0", "unit": "kg"}, {"date": "2006-07-01", "country": "Japan", "value": "0", "unit": "kg"}, {"date": "2006-08-01", "country": "Japan", "value": "0", "unit": "kg"}, {"date": "2006-09-01", "country": "Japan", "value": "0", "unit": "kg"}, {"date": "2006-10-01", "country": "Japan", "value": "0", "unit": "kg"}, {"date": "2005-05-01", "country": "Korea, Republic of", "value": "0", "unit": "kg"}, {"date": "2005-06-01", "country": "Korea, Republic of", "value": "0", "unit": "kg"}, {"date": "2005-07-01", "country": "Korea, Republic of", "value": "0", "unit": "kg"}, {"date": "2005-08-01", "country": "Korea, Republic of", "value": "0", "unit": "kg"}, {"date": "2005-09-01", "country": "Korea, Republic of", "value": "0", "unit": "kg"}, {"date": "2005-10-01", "country": "Korea, Republic of", "value": "0", "unit": "kg"}, {"date": "2005-11-01", "country": "Korea, Republic of", "value": "0", "unit": "kg"}, {"date": "2005-12-01", "country": "Korea, Republic of", "value": "0", "unit": "kg"}, {"date": "2006-01-01", "country": "Korea, Republic of", "value": "0", "unit": "kg"}, {"date": "2006-02-01", "country": "Korea, Republic of", "value": "0", "unit": "kg"}, {"date": "2006-03-01", "country": "Korea, Republic of", "value": "0", "unit": "kg"}, {"date": "2006-04-01", "country": "Korea, Republic of", "value": "0", "unit": "kg"}, {"date": "2006-05-01", "country": "Korea, Republic of", "value": "0", "unit": "kg"}, {"date": "2006-06-01", "country": "Korea, Republic of", "value": "0", "unit": "kg"}, {"date": "2006-07-01", "country": "Korea, Republic of", "value": "0", "unit": "kg"}, {"date": "2006-08-01", "country": "Korea, Republic of", "value": "0", "unit": "kg"}, {"date": "2006-09-01", "country": "Korea, Republic of", "value": "0", "unit": "kg"}, {"date": "2006-10-01", "country": "Korea, Republic of", "value": "0", "unit": "kg"}, {"date": "2005-05-01", "country": "Lebanon", "value": "0", "unit": "kg"}, {"date": "2005-06-01", "country": "Lebanon", "value": "0", "unit": "kg"}, {"date": "2005-07-01", "country": "Lebanon", "value": "0", "unit": "kg"}, {"date": "2005-08-01", "country": "Lebanon", "value": "0", "unit": "kg"}, {"date": "2005-09-01", "country": "Lebanon", "value": "0", "unit": "kg"}, {"date": "2005-10-01", "country": "Lebanon", "value": "0", "unit": "kg"}, {"date": "2005-11-01", "country": "Lebanon", "value": "0", "unit": "kg"}, {"date": "2005-12-01", "country": "Lebanon", "value": "0", "unit": "kg"}, {"date": "2006-01-01", "country": "Lebanon", "value": "0", "unit": "kg"}, {"date": "2006-02-01", "country": "Lebanon", "value": "0", "unit": "kg"}, {"date": "2006-03-01", "country": "Lebanon", "value": "0", "unit": "kg"}, {"date": "2006-04-01", "country": "Lebanon", "value": "0", "unit": "kg"}, {"date": "2006-05-01", "country": "Lebanon", "value": "0", "unit": "kg"}, {"date": "2006-06-01", "country": "Lebanon", "value": "0", "unit": "kg"}, {"date": "2006-07-01", "country": "Lebanon", "value": "0", "unit": "kg"}, {"date": "2006-08-01", "country": "Lebanon", "value": "0", "unit": "kg"}, {"date": "2006-09-01", "country": "Lebanon", "value": "0", "unit": "kg"}, {"date": "2006-10-01", "country": "Lebanon", "value": "0", "unit": "kg"}, {"date": "2005-05-01", "country": "Netherlands", "value": "0", "unit": "kg"}, {"date": "2005-06-01", "country": "Netherlands", "value": "0", "unit": "kg"}, {"date": "2005-07-01", "country": "Netherlands", "value": "0", "unit": "kg"}, {"date": "2005-08-01", "country": "Netherlands", "value": "0", "unit": "kg"}, {"date": "2005-09-01", "country": "Netherlands", "value": "0", "unit": "kg"}, {"date": "2005-10-01", "country": "Netherlands", "value": "0", "unit": "kg"}, {"date": "2005-11-01", "country": "Netherlands", "value": "0", "unit": "kg"}, {"date": "2005-12-01", "country": "Netherlands", "value": "0", "unit": "kg"}, {"date": "2006-01-01", "country": "Netherlands", "value": "0", "unit": "kg"}, {"date": "2006-02-01", "country": "Netherlands", "value": "0", "unit": "kg"}, {"date": "2006-03-01", "country": "Netherlands", "value": "0", "unit": "kg"}, {"date": "2006-04-01", "country": "Netherlands", "value": "0", "unit": "kg"}, {"date": "2006-05-01", "country": "Netherlands", "value": "0", "unit": "kg"}, {"date": "2006-06-01", "country": "Netherlands", "value": "0", "unit": "kg"}, {"date": "2006-07-01", "country": "Netherlands", "value": "0", "unit": "kg"}, {"date": "2006-08-01", "country": "Netherlands", "value": "0", "unit": "kg"}, {"date": "2006-09-01", "country": "Netherlands", "value": "0", "unit": "kg"}, {"date": "2006-10-01", "country": "Netherlands", "value": "0", "unit": "kg"}, {"date": "2005-05-01", "country": "Pakistan", "value": "0", "unit": "kg"}, {"date": "2005-06-01", "country": "Pakistan", "value": "0", "unit": "kg"}, {"date": "2005-07-01", "country": "Pakistan", "value": "0", "unit": "kg"}, {"date": "2005-08-01", "country": "Pakistan", "value": "0", "unit": "kg"}, {"date": "2005-09-01", "country": "Pakistan", "value": "0", "unit": "kg"}, {"date": "2005-10-01", "country": "Pakistan", "value": "0", "unit": "kg"}, {"date": "2005-11-01", "country": "Pakistan", "value": "0", "unit": "kg"}, {"date": "2005-12-01", "country": "Pakistan", "value": "0", "unit": "kg"}, {"date": "2006-01-01", "country": "Pakistan", "value": "0", "unit": "kg"}, {"date": "2006-02-01", "country": "Pakistan", "value": "0", "unit": "kg"}, {"date": "2006-03-01", "country": "Pakistan", "value": "0", "unit": "kg"}, {"date": "2006-04-01", "country": "Pakistan", "value": "0", "unit": "kg"}, {"date": "2006-05-01", "country": "Pakistan", "value": "0", "unit": "kg"}, {"date": "2006-06-01", "country": "Pakistan", "value": "0", "unit": "kg"}, {"date": "2006-07-01", "country": "Pakistan", "value": "0", "unit": "kg"}, {"date": "2006-08-01", "country": "Pakistan", "value": "0", "unit": "kg"}, {"date": "2006-09-01", "country": "Pakistan", "value": "0", "unit": "kg"}, {"date": "2006-10-01", "country": "Pakistan", "value": "0", "unit": "kg"}, {"date": "2005-05-01", "country": "Portugal", "value": "0", "unit": "kg"}, {"date": "2005-06-01", "country": "Portugal", "value": "0", "unit": "kg"}, {"date": "2005-07-01", "country": "Portugal", "value": "0", "unit": "kg"}, {"date": "2005-08-01", "country": "Portugal", "value": "0", "unit": "kg"}, {"date": "2005-09-01", "country": "Portugal", "value": "0", "unit": "kg"}, {"date": "2005-10-01", "country": "Portugal", "value": "0", "unit": "kg"}, {"date": "2005-11-01", "country": "Portugal", "value": "0", "unit": "kg"}, {"date": "2005-12-01", "country": "Portugal", "value": "0", "unit": "kg"}, {"date": "2006-01-01", "country": "Portugal", "value": "0", "unit": "kg"}, {"date": "2006-02-01", "country": "Portugal", "value": "0", "unit": "kg"}, {"date": "2006-03-01", "country": "Portugal", "value": "0", "unit": "kg"}, {"date": "2006-04-01", "country": "Portugal", "value": "0", "unit": "kg"}, {"date": "2006-05-01", "country": "Portugal", "value": "0", "unit": "kg"}, {"date": "2006-06-01", "country": "Portugal", "value": "0", "unit": "kg"}, {"date": "2006-07-01", "country": "Portugal", "value": "0", "unit": "kg"}, {"date": "2006-08-01", "country": "Portugal", "value": "0", "unit": "kg"}, {"date": "2006-09-01", "country": "Portugal", "value": "0", "unit": "kg"}, {"date": "2006-10-01", "country": "Portugal", "value": "0", "unit": "kg"}, {"date": "2005-05-01", "country": "India", "value": "0", "unit": "kg"}, {"date": "2005-06-01", "country": "India", "value": "0", "unit": "kg"}, {"date": "2005-07-01", "country": "India", "value": "0", "unit": "kg"}, {"date": "2005-08-01", "country": "India", "value": "0", "unit": "kg"}, {"date": "2005-09-01", "country": "India", "value": "0", "unit": "kg"}, {"date": "2005-10-01", "country": "India", "value": "0", "unit": "kg"}, {"date": "2005-11-01", "country": "India", "value": "0", "unit": "kg"}, {"date": "2005-12-01", "country": "India", "value": "0", "unit": "kg"}, {"date": "2006-01-01", "country": "India", "value": "0", "unit": "kg"}, {"date": "2006-02-01", "country": "India", "value": "0", "unit": "kg"}, {"date": "2006-03-01", "country": "India", "value": "0", "unit": "kg"}, {"date": "2006-04-01", "country": "India", "value": "0", "unit": "kg"}, {"date": "2006-05-01", "country": "India", "value": "0", "unit": "kg"}, {"date": "2006-06-01", "country": "India", "value": "0", "unit": "kg"}, {"date": "2006-07-01", "country": "India", "value": "0", "unit": "kg"}, {"date": "2006-08-01", "country": "India", "value": "0", "unit": "kg"}, {"date": "2006-09-01", "country": "India", "value": "0", "unit": "kg"}, {"date": "2006-10-01", "country": "India", "value": "0", "unit": "kg"}, {"date": "2005-05-01", "country": "Singapore", "value": "0", "unit": "kg"}, {"date": "2005-06-01", "country": "Singapore", "value": "0", "unit": "kg"}, {"date": "2005-07-01", "country": "Singapore", "value": "0", "unit": "kg"}, {"date": "2005-08-01", "country": "Singapore", "value": "0", "unit": "kg"}, {"date": "2005-09-01", "country": "Singapore", "value": "0", "unit": "kg"}, {"date": "2005-10-01", "country": "Singapore", "value": "0", "unit": "kg"}, {"date": "2005-11-01", "country": "Singapore", "value": "0", "unit": "kg"}, {"date": "2005-12-01", "country": "Singapore", "value": "0", "unit": "kg"}, {"date": "2006-01-01", "country": "Singapore", "value": "0", "unit": "kg"}, {"date": "2006-02-01", "country": "Singapore", "value": "0", "unit": "kg"}, {"date": "2006-03-01", "country": "Singapore", "value": "0", "unit": "kg"}, {"date": "2006-04-01", "country": "Singapore", "value": "0", "unit": "kg"}, {"date": "2006-05-01", "country": "Singapore", "value": "0", "unit": "kg"}, {"date": "2006-06-01", "country": "Singapore", "value": "0", "unit": "kg"}, {"date": "2006-07-01", "country": "Singapore", "value": "0", "unit": "kg"}, {"date": "2006-08-01", "country": "Singapore", "value": "0", "unit": "kg"}, {"date": "2006-09-01", "country": "Singapore", "value": "0", "unit": "kg"}, {"date": "2006-10-01", "country": "Singapore", "value": "0", "unit": "kg"}, {"date": "2005-05-01", "country": "Viet Nam", "value": "0", "unit": "kg"}, {"date": "2005-06-01", "country": "Viet Nam", "value": "0", "unit": "kg"}, {"date": "2005-07-01", "country": "Viet Nam", "value": "0", "unit": "kg"}, {"date": "2005-08-01", "country": "Viet Nam", "value": "0", "unit": "kg"}, {"date": "2005-09-01", "country": "Viet Nam", "value": "0", "unit": "kg"}, {"date": "2005-10-01", "country": "Viet Nam", "value": "0", "unit": "kg"}, {"date": "2005-11-01", "country": "Viet Nam", "value": "0", "unit": "kg"}, {"date": "2005-12-01", "country": "Viet Nam", "value": "0", "unit": "kg"}, {"date": "2006-01-01", "country": "Viet Nam", "value": "0", "unit": "kg"}, {"date": "2006-02-01", "country": "Viet Nam", "value": "0", "unit": "kg"}, {"date": "2006-03-01", "country": "Viet Nam", "value": "0", "unit": "kg"}, {"date": "2006-04-01", "country": "Viet Nam", "value": "0", "unit": "kg"}, {"date": "2006-05-01", "country": "Viet Nam", "value": "0", "unit": "kg"}, {"date": "2006-06-01", "country": "Viet Nam", "value": "0", "unit": "kg"}, {"date": "2006-07-01", "country": "Viet Nam", "value": "0", "unit": "kg"}, {"date": "2006-08-01", "country": "Viet Nam", "value": "0", "unit": "kg"}, {"date": "2006-09-01", "country": "Viet Nam", "value": "0", "unit": "kg"}, {"date": "2006-10-01", "country": "Viet Nam", "value": "0", "unit": "kg"}, {"date": "2005-05-01", "country": "South Africa", "value": "0", "unit": "kg"}, {"date": "2005-06-01", "country": "South Africa", "value": "0", "unit": "kg"}, {"date": "2005-07-01", "country": "South Africa", "value": "0", "unit": "kg"}, {"date": "2005-08-01", "country": "South Africa", "value": "0", "unit": "kg"}, {"date": "2005-09-01", "country": "South Africa", "value": "0", "unit": "kg"}, {"date": "2005-10-01", "country": "South Africa", "value": "0", "unit": "kg"}, {"date": "2005-11-01", "country": "South Africa", "value": "0", "unit": "kg"}, {"date": "2005-12-01", "country": "South Africa", "value": "0", "unit": "kg"}, {"date": "2006-01-01", "country": "South Africa", "value": "0", "unit": "kg"}, {"date": "2006-02-01", "country": "South Africa", "value": "0", "unit": "kg"}, {"date": "2006-03-01", "country": "South Africa", "value": "0", "unit": "kg"}, {"date": "2006-04-01", "country": "South Africa", "value": "0", "unit": "kg"}, {"date": "2006-05-01", "country": "South Africa", "value": "0", "unit": "kg"}, {"date": "2006-06-01", "country": "South Africa", "value": "0", "unit": "kg"}, {"date": "2006-07-01", "country": "South Africa", "value": "0", "unit": "kg"}, {"date": "2006-08-01", "country": "South Africa", "value": "0", "unit": "kg"}, {"date": "2006-09-01", "country": "South Africa", "value": "0", "unit": "kg"}, {"date": "2006-10-01", "country": "South Africa", "value": "0", "unit": "kg"}, {"date": "2005-05-01", "country": "Spain", "value": "0", "unit": "kg"}, {"date": "2005-06-01", "country": "Spain", "value": "0", "unit": "kg"}, {"date": "2005-07-01", "country": "Spain", "value": "0", "unit": "kg"}, {"date": "2005-08-01", "country": "Spain", "value": "0", "unit": "kg"}, {"date": "2005-09-01", "country": "Spain", "value": "0", "unit": "kg"}, {"date": "2005-10-01", "country": "Spain", "value": "0", "unit": "kg"}, {"date": "2005-11-01", "country": "Spain", "value": "0", "unit": "kg"}, {"date": "2005-12-01", "country": "Spain", "value": "0", "unit": "kg"}, {"date": "2006-01-01", "country": "Spain", "value": "0", "unit": "kg"}, {"date": "2006-02-01", "country": "Spain", "value": "0", "unit": "kg"}, {"date": "2006-03-01", "country": "Spain", "value": "0", "unit": "kg"}, {"date": "2006-04-01", "country": "Spain", "value": "0", "unit": "kg"}, {"date": "2006-05-01", "country": "Spain", "value": "0", "unit": "kg"}, {"date": "2006-06-01", "country": "Spain", "value": "0", "unit": "kg"}, {"date": "2006-07-01", "country": "Spain", "value": "0", "unit": "kg"}, {"date": "2006-08-01", "country": "Spain", "value": "0", "unit": "kg"}, {"date": "2006-09-01", "country": "Spain", "value": "0", "unit": "kg"}, {"date": "2006-10-01", "country": "Spain", "value": "0", "unit": "kg"}, {"date": "2005-05-01", "country": "Thailand", "value": "0", "unit": "kg"}, {"date": "2005-06-01", "country": "Thailand", "value": "0", "unit": "kg"}, {"date": "2005-07-01", "country": "Thailand", "value": "0", "unit": "kg"}, {"date": "2005-08-01", "country": "Thailand", "value": "0", "unit": "kg"}, {"date": "2005-09-01", "country": "Thailand", "value": "0", "unit": "kg"}, {"date": "2005-10-01", "country": "Thailand", "value": "0", "unit": "kg"}, {"date": "2005-11-01", "country": "Thailand", "value": "0", "unit": "kg"}, {"date": "2005-12-01", "country": "Thailand", "value": "0", "unit": "kg"}, {"date": "2006-01-01", "country": "Thailand", "value": "0", "unit": "kg"}, {"date": "2006-02-01", "country": "Thailand", "value": "0", "unit": "kg"}, {"date": "2006-03-01", "country": "Thailand", "value": "0", "unit": "kg"}, {"date": "2006-04-01", "country": "Thailand", "value": "0", "unit": "kg"}, {"date": "2006-05-01", "country": "Thailand", "value": "0", "unit": "kg"}, {"date": "2006-06-01", "country": "Thailand", "value": "0", "unit": "kg"}, {"date": "2006-07-01", "country": "Thailand", "value": "0", "unit": "kg"}, {"date": "2006-08-01", "country": "Thailand", "value": "0", "unit": "kg"}, {"date": "2006-09-01", "country": "Thailand", "value": "0", "unit": "kg"}, {"date": "2006-10-01", "country": "Thailand", "value": "0", "unit": "kg"}, {"date": "2005-05-01", "country": "United States of America", "value": "0", "unit": "kg"}, {"date": "2005-06-01", "country": "United States of America", "value": "0", "unit": "kg"}, {"date": "2005-07-01", "country": "United States of America", "value": "0", "unit": "kg"}, {"date": "2005-08-01", "country": "United States of America", "value": "0", "unit": "kg"}, {"date": "2005-09-01", "country": "United States of America", "value": "0", "unit": "kg"}, {"date": "2005-10-01", "country": "United States of America", "value": "0", "unit": "kg"}, {"date": "2005-11-01", "country": "United States of America", "value": "0", "unit": "kg"}, {"date": "2005-12-01", "country": "United States of America", "value": "0", "unit": "kg"}, {"date": "2006-01-01", "country": "United States of America", "value": "0", "unit": "kg"}, {"date": "2006-02-01", "country": "United States of America", "value": "0", "unit": "kg"}, {"date": "2006-03-01", "country": "United States of America", "value": "0", "unit": "kg"}, {"date": "2006-04-01", "country": "United States of America", "value": "0", "unit": "kg"}, {"date": "2006-05-01", "country": "United States of America", "value": "0", "unit": "kg"}, {"date": "2006-06-01", "country": "United States of America", "value": "0", "unit": "kg"}, {"date": "2006-07-01", "country": "United States of America", "value": "0", "unit": "kg"}, {"date": "2006-08-01", "country": "United States of America", "value": "0", "unit": "kg"}, {"date": "2006-09-01", "country": "United States of America", "value": "0", "unit": "kg"}, {"date": "2006-10-01", "country": "United States of America", "value": "0", "unit": "kg"}]