[{"date": "2018-05-01", "country": "Chile", "value": "8753320", "unit": "kg"}, {"date": "2018-06-01", "country": "Chile", "value": "7354460", "unit": "kg"}, {"date": "2018-07-01", "country": "Chile", "value": "9618410", "unit": "kg"}, {"date": "2018-08-01", "country": "Chile", "value": "8777830", "unit": "kg"}, {"date": "2018-09-01", "country": "Chile", "value": "7384990", "unit": "kg"}, {"date": "2018-10-01", "country": "Chile", "value": "7795830", "unit": "kg"}, {"date": "2018-11-01", "country": "Chile", "value": "6825110", "unit": "kg"}, {"date": "2018-12-01", "country": "Chile", "value": "7435990", "unit": "kg"}, {"date": "2019-01-01", "country": "Chile", "value": "7477130", "unit": "kg"}, {"date": "2019-02-01", "country": "Chile", "value": "7021290", "unit": "kg"}, {"date": "2019-03-01", "country": "Chile", "value": "7425390", "unit": "kg"}, {"date": "2019-04-01", "country": "Chile", "value": "8967464", "unit": "kg"}, {"date": "2019-05-01", "country": "Chile", "value": "7127120", "unit": "kg"}, {"date": "2019-06-01", "country": "Chile", "value": "6825738", "unit": "kg"}, {"date": "2019-07-01", "country": "Chile", "value": "5880084", "unit": "kg"}, {"date": "2019-08-01", "country": "Chile", "value": "8968732", "unit": "kg"}, {"date": "2019-09-01", "country": "Chile", "value": "9717020", "unit": "kg"}, {"date": "2019-10-01", "country": "Chile", "value": "7945706", "unit": "kg"}, {"date": "2018-05-01", "country": "Area Nes", "value": "11962220", "unit": "kg"}, {"date": "2018-06-01", "country": "Area Nes", "value": "16740998", "unit": "kg"}, {"date": "2018-07-01", "country": "Area Nes", "value": "1555000", "unit": "kg"}, {"date": "2018-08-01", "country": "Area Nes", "value": "2374065", "unit": "kg"}, {"date": "2018-09-01", "country": "Area Nes", "value": "3584566", "unit": "kg"}, {"date": "2018-10-01", "country": "Area Nes", "value": "4568850", "unit": "kg"}, {"date": "2018-11-01", "country": "Area Nes", "value": "1507000", "unit": "kg"}, {"date": "2018-12-01", "country": "Area Nes", "value": "1040460", "unit": "kg"}, {"date": "2019-01-01", "country": "Area Nes", "value": "3903200", "unit": "kg"}, {"date": "2019-02-01", "country": "Area Nes", "value": "1698710", "unit": "kg"}, {"date": "2019-03-01", "country": "Area Nes", "value": "3276610", "unit": "kg"}, {"date": "2019-04-01", "country": "Area Nes", "value": "1199900", "unit": "kg"}, {"date": "2019-05-01", "country": "Area Nes", "value": "5350970", "unit": "kg"}, {"date": "2019-06-01", "country": "Area Nes", "value": "909480", "unit": "kg"}, {"date": "2019-07-01", "country": "Area Nes", "value": "2457600", "unit": "kg"}, {"date": "2019-08-01", "country": "Area Nes", "value": "2720640", "unit": "kg"}, {"date": "2019-09-01", "country": "Area Nes", "value": "3112884", "unit": "kg"}, {"date": "2019-10-01", "country": "Area Nes", "value": "6034210", "unit": "kg"}, {"date": "2018-05-01", "country": "Turkey", "value": "2803000", "unit": "kg"}, {"date": "2018-06-01", "country": "Turkey", "value": "0", "unit": "kg"}, {"date": "2018-07-01", "country": "Turkey", "value": "0", "unit": "kg"}, {"date": "2018-08-01", "country": "Turkey", "value": "0", "unit": "kg"}, {"date": "2018-09-01", "country": "Turkey", "value": "0", "unit": "kg"}, {"date": "2018-10-01", "country": "Turkey", "value": "0", "unit": "kg"}, {"date": "2018-11-01", "country": "Turkey", "value": "0", "unit": "kg"}, {"date": "2018-12-01", "country": "Turkey", "value": "0", "unit": "kg"}, {"date": "2019-01-01", "country": "Turkey", "value": "0", "unit": "kg"}, {"date": "2019-02-01", "country": "Turkey", "value": "0", "unit": "kg"}, {"date": "2019-03-01", "country": "Turkey", "value": "0", "unit": "kg"}, {"date": "2019-04-01", "country": "Turkey", "value": "0", "unit": "kg"}, {"date": "2019-05-01", "country": "Turkey", "value": "875000", "unit": "kg"}, {"date": "2019-06-01", "country": "Turkey", "value": "2373400", "unit": "kg"}, {"date": "2019-07-01", "country": "Turkey", "value": "0", "unit": "kg"}, {"date": "2019-08-01", "country": "Turkey", "value": "0", "unit": "kg"}, {"date": "2019-09-01", "country": "Turkey", "value": "0", "unit": "kg"}, {"date": "2019-10-01", "country": "Turkey", "value": "0", "unit": "kg"}, {"date": "2018-05-01", "country": "Brazil", "value": "1276000", "unit": "kg"}, {"date": "2018-06-01", "country": "Brazil", "value": "1510000", "unit": "kg"}, {"date": "2018-07-01", "country": "Brazil", "value": "13708000", "unit": "kg"}, {"date": "2018-08-01", "country": "Brazil", "value": "989000", "unit": "kg"}, {"date": "2018-09-01", "country": "Brazil", "value": "14638840", "unit": "kg"}, {"date": "2018-10-01", "country": "Brazil", "value": "2550000", "unit": "kg"}, {"date": "2018-11-01", "country": "Brazil", "value": "860000", "unit": "kg"}, {"date": "2018-12-01", "country": "Brazil", "value": "838950", "unit": "kg"}, {"date": "2019-01-01", "country": "Brazil", "value": "13212000", "unit": "kg"}, {"date": "2019-02-01", "country": "Brazil", "value": "1739000", "unit": "kg"}, {"date": "2019-03-01", "country": "Brazil", "value": "772600", "unit": "kg"}, {"date": "2019-04-01", "country": "Brazil", "value": "1690000", "unit": "kg"}, {"date": "2019-05-01", "country": "Brazil", "value": "2262000", "unit": "kg"}, {"date": "2019-06-01", "country": "Brazil", "value": "18278320", "unit": "kg"}, {"date": "2019-07-01", "country": "Brazil", "value": "1504000", "unit": "kg"}, {"date": "2019-08-01", "country": "Brazil", "value": "678000", "unit": "kg"}, {"date": "2019-09-01", "country": "Brazil", "value": "1554000", "unit": "kg"}, {"date": "2019-10-01", "country": "Brazil", "value": "20050000", "unit": "kg"}, {"date": "2018-05-01", "country": "United States of America", "value": "97800", "unit": "kg"}, {"date": "2018-06-01", "country": "United States of America", "value": "0", "unit": "kg"}, {"date": "2018-07-01", "country": "United States of America", "value": "223988", "unit": "kg"}, {"date": "2018-08-01", "country": "United States of America", "value": "0", "unit": "kg"}, {"date": "2018-09-01", "country": "United States of America", "value": "0", "unit": "kg"}, {"date": "2018-10-01", "country": "United States of America", "value": "560826", "unit": "kg"}, {"date": "2018-11-01", "country": "United States of America", "value": "456396", "unit": "kg"}, {"date": "2018-12-01", "country": "United States of America", "value": "301170", "unit": "kg"}, {"date": "2019-01-01", "country": "United States of America", "value": "0", "unit": "kg"}, {"date": "2019-02-01", "country": "United States of America", "value": "242818", "unit": "kg"}, {"date": "2019-03-01", "country": "United States of America", "value": "223565", "unit": "kg"}, {"date": "2019-04-01", "country": "United States of America", "value": "116616", "unit": "kg"}, {"date": "2019-05-01", "country": "United States of America", "value": "0", "unit": "kg"}, {"date": "2019-06-01", "country": "United States of America", "value": "0", "unit": "kg"}, {"date": "2019-07-01", "country": "United States of America", "value": "395792", "unit": "kg"}, {"date": "2019-08-01", "country": "United States of America", "value": "344100", "unit": "kg"}, {"date": "2019-09-01", "country": "United States of America", "value": "377952", "unit": "kg"}, {"date": "2019-10-01", "country": "United States of America", "value": "338172", "unit": "kg"}, {"date": "2018-05-01", "country": "Costa Rica", "value": "0", "unit": "kg"}, {"date": "2018-06-01", "country": "Costa Rica", "value": "0", "unit": "kg"}, {"date": "2018-07-01", "country": "Costa Rica", "value": "0", "unit": "kg"}, {"date": "2018-08-01", "country": "Costa Rica", "value": "0", "unit": "kg"}, {"date": "2018-09-01", "country": "Costa Rica", "value": "2000000", "unit": "kg"}, {"date": "2018-10-01", "country": "Costa Rica", "value": "0", "unit": "kg"}, {"date": "2018-11-01", "country": "Costa Rica", "value": "0", "unit": "kg"}, {"date": "2018-12-01", "country": "Costa Rica", "value": "2121850", "unit": "kg"}, {"date": "2019-01-01", "country": "Costa Rica", "value": "0", "unit": "kg"}, {"date": "2019-02-01", "country": "Costa Rica", "value": "1575000", "unit": "kg"}, {"date": "2019-03-01", "country": "Costa Rica", "value": "848000", "unit": "kg"}, {"date": "2019-04-01", "country": "Costa Rica", "value": "2775000", "unit": "kg"}, {"date": "2019-05-01", "country": "Costa Rica", "value": "0", "unit": "kg"}, {"date": "2019-06-01", "country": "Costa Rica", "value": "0", "unit": "kg"}, {"date": "2019-07-01", "country": "Costa Rica", "value": "0", "unit": "kg"}, {"date": "2019-08-01", "country": "Costa Rica", "value": "0", "unit": "kg"}, {"date": "2019-09-01", "country": "Costa Rica", "value": "0", "unit": "kg"}, {"date": "2019-10-01", "country": "Costa Rica", "value": "0", "unit": "kg"}, {"date": "2018-05-01", "country": "Iraq", "value": "19100000", "unit": "kg"}, {"date": "2018-06-01", "country": "Iraq", "value": "0", "unit": "kg"}, {"date": "2018-07-01", "country": "Iraq", "value": "12600000", "unit": "kg"}, {"date": "2018-08-01", "country": "Iraq", "value": "18900000", "unit": "kg"}, {"date": "2018-09-01", "country": "Iraq", "value": "0", "unit": "kg"}, {"date": "2018-10-01", "country": "Iraq", "value": "0", "unit": "kg"}, {"date": "2018-11-01", "country": "Iraq", "value": "0", "unit": "kg"}, {"date": "2018-12-01", "country": "Iraq", "value": "0", "unit": "kg"}, {"date": "2019-01-01", "country": "Iraq", "value": "0", "unit": "kg"}, {"date": "2019-02-01", "country": "Iraq", "value": "0", "unit": "kg"}, {"date": "2019-03-01", "country": "Iraq", "value": "31200000", "unit": "kg"}, {"date": "2019-04-01", "country": "Iraq", "value": "0", "unit": "kg"}, {"date": "2019-05-01", "country": "Iraq", "value": "0", "unit": "kg"}, {"date": "2019-06-01", "country": "Iraq", "value": "0", "unit": "kg"}, {"date": "2019-07-01", "country": "Iraq", "value": "0", "unit": "kg"}, {"date": "2019-08-01", "country": "Iraq", "value": "0", "unit": "kg"}, {"date": "2019-09-01", "country": "Iraq", "value": "0", "unit": "kg"}, {"date": "2019-10-01", "country": "Iraq", "value": "0", "unit": "kg"}, {"date": "2018-05-01", "country": "Bolivia, Plurinational State of", "value": "1649100", "unit": "kg"}, {"date": "2018-06-01", "country": "Bolivia, Plurinational State of", "value": "1031500", "unit": "kg"}, {"date": "2018-07-01", "country": "Bolivia, Plurinational State of", "value": "1864000", "unit": "kg"}, {"date": "2018-08-01", "country": "Bolivia, Plurinational State of", "value": "1673000", "unit": "kg"}, {"date": "2018-09-01", "country": "Bolivia, Plurinational State of", "value": "0", "unit": "kg"}, {"date": "2018-10-01", "country": "Bolivia, Plurinational State of", "value": "2045900", "unit": "kg"}, {"date": "2018-11-01", "country": "Bolivia, Plurinational State of", "value": "1565020", "unit": "kg"}, {"date": "2018-12-01", "country": "Bolivia, Plurinational State of", "value": "915420", "unit": "kg"}, {"date": "2019-01-01", "country": "Bolivia, Plurinational State of", "value": "0", "unit": "kg"}, {"date": "2019-02-01", "country": "Bolivia, Plurinational State of", "value": "0", "unit": "kg"}, {"date": "2019-03-01", "country": "Bolivia, Plurinational State of", "value": "0", "unit": "kg"}, {"date": "2019-04-01", "country": "Bolivia, Plurinational State of", "value": "0", "unit": "kg"}, {"date": "2019-05-01", "country": "Bolivia, Plurinational State of", "value": "0", "unit": "kg"}, {"date": "2019-06-01", "country": "Bolivia, Plurinational State of", "value": "779700", "unit": "kg"}, {"date": "2019-07-01", "country": "Bolivia, Plurinational State of", "value": "509800", "unit": "kg"}, {"date": "2019-08-01", "country": "Bolivia, Plurinational State of", "value": "0", "unit": "kg"}, {"date": "2019-09-01", "country": "Bolivia, Plurinational State of", "value": "0", "unit": "kg"}, {"date": "2019-10-01", "country": "Bolivia, Plurinational State of", "value": "0", "unit": "kg"}]