[{"date": "2018-12-01", "country_from": "BR", "country_to": "VE", "value": "58947745", "unit": "kg"}, {"date": "2019-01-01", "country_from": "BR", "country_to": "VE", "value": "28900000", "unit": "kg"}, {"date": "2019-02-01", "country_from": "BR", "country_to": "VE", "value": "35000000", "unit": "kg"}, {"date": "2019-03-01", "country_from": "BR", "country_to": "VE", "value": "30000000", "unit": "kg"}, {"date": "2019-04-01", "country_from": "BR", "country_to": "VE", "value": "30000000", "unit": "kg"}, {"date": "2019-05-01", "country_from": "BR", "country_to": "VE", "value": "29007680", "unit": "kg"}, {"date": "2019-06-01", "country_from": "BR", "country_to": "VE", "value": "0", "unit": "kg"}, {"date": "2019-07-01", "country_from": "BR", "country_to": "VE", "value": "25500", "unit": "kg"}, {"date": "2019-08-01", "country_from": "BR", "country_to": "VE", "value": "7876960", "unit": "kg"}, {"date": "2019-09-01", "country_from": "BR", "country_to": "VE", "value": "22500", "unit": "kg"}, {"date": "2019-10-01", "country_from": "BR", "country_to": "VE", "value": "0", "unit": "kg"}, {"date": "2019-11-01", "country_from": "BR", "country_to": "VE", "value": "26100000", "unit": "kg"}, {"date": "2019-12-01", "country_from": "BR", "country_to": "VE", "value": "61816617", "unit": "kg"}, {"date": "2020-01-01", "country_from": "BR", "country_to": "VE", "value": "15442640", "unit": "kg"}, {"date": "2020-02-01", "country_from": "BR", "country_to": "VE", "value": "0", "unit": "kg"}, {"date": "2020-03-01", "country_from": "BR", "country_to": "VE", "value": "25888778", "unit": "kg"}, {"date": "2020-04-01", "country_from": "BR", "country_to": "VE", "value": "7350", "unit": "kg"}, {"date": "2020-05-01", "country_from": "BR", "country_to": "VE", "value": "35265280", "unit": "kg"}, {"date": "2020-06-01", "country_from": "BR", "country_to": "VE", "value": "25506020", "unit": "kg"}, {"date": "2020-07-01", "country_from": "BR", "country_to": "VE", "value": "31070220", "unit": "kg"}, {"date": "2018-12-01", "country_from": "BR", "country_to": "ME", "value": "0", "unit": "kg"}, {"date": "2019-01-01", "country_from": "BR", "country_to": "ME", "value": "0", "unit": "kg"}, {"date": "2019-02-01", "country_from": "BR", "country_to": "ME", "value": "0", "unit": "kg"}, {"date": "2019-03-01", "country_from": "BR", "country_to": "ME", "value": "0", "unit": "kg"}, {"date": "2019-04-01", "country_from": "BR", "country_to": "ME", "value": "0", "unit": "kg"}, {"date": "2019-05-01", "country_from": "BR", "country_to": "ME", "value": "0", "unit": "kg"}, {"date": "2019-06-01", "country_from": "BR", "country_to": "ME", "value": "0", "unit": "kg"}, {"date": "2019-07-01", "country_from": "BR", "country_to": "ME", "value": "0", "unit": "kg"}, {"date": "2019-08-01", "country_from": "BR", "country_to": "ME", "value": "0", "unit": "kg"}, {"date": "2019-09-01", "country_from": "BR", "country_to": "ME", "value": "0", "unit": "kg"}, {"date": "2019-10-01", "country_from": "BR", "country_to": "ME", "value": "0", "unit": "kg"}, {"date": "2019-11-01", "country_from": "BR", "country_to": "ME", "value": "0", "unit": "kg"}, {"date": "2019-12-01", "country_from": "BR", "country_to": "ME", "value": "0", "unit": "kg"}, {"date": "2020-01-01", "country_from": "BR", "country_to": "ME", "value": "0", "unit": "kg"}, {"date": "2020-02-01", "country_from": "BR", "country_to": "ME", "value": "0", "unit": "kg"}, {"date": "2020-03-01", "country_from": "BR", "country_to": "ME", "value": "0", "unit": "kg"}, {"date": "2020-04-01", "country_from": "BR", "country_to": "ME", "value": "0", "unit": "kg"}, {"date": "2020-05-01", "country_from": "BR", "country_to": "ME", "value": "30000000", "unit": "kg"}, {"date": "2020-06-01", "country_from": "BR", "country_to": "ME", "value": "30000000", "unit": "kg"}, {"date": "2020-07-01", "country_from": "BR", "country_to": "ME", "value": "28792160", "unit": "kg"}, {"date": "2018-12-01", "country_from": "BR", "country_to": "HN", "value": "0", "unit": "kg"}, {"date": "2019-01-01", "country_from": "BR", "country_to": "HN", "value": "0", "unit": "kg"}, {"date": "2019-02-01", "country_from": "BR", "country_to": "HN", "value": "0", "unit": "kg"}, {"date": "2019-03-01", "country_from": "BR", "country_to": "HN", "value": "0", "unit": "kg"}, {"date": "2019-04-01", "country_from": "BR", "country_to": "HN", "value": "0", "unit": "kg"}, {"date": "2019-05-01", "country_from": "BR", "country_to": "HN", "value": "0", "unit": "kg"}, {"date": "2019-06-01", "country_from": "BR", "country_to": "HN", "value": "0", "unit": "kg"}, {"date": "2019-07-01", "country_from": "BR", "country_to": "HN", "value": "0", "unit": "kg"}, {"date": "2019-08-01", "country_from": "BR", "country_to": "HN", "value": "0", "unit": "kg"}, {"date": "2019-09-01", "country_from": "BR", "country_to": "HN", "value": "0", "unit": "kg"}, {"date": "2019-10-01", "country_from": "BR", "country_to": "HN", "value": "0", "unit": "kg"}, {"date": "2019-11-01", "country_from": "BR", "country_to": "HN", "value": "0", "unit": "kg"}, {"date": "2019-12-01", "country_from": "BR", "country_to": "HN", "value": "0", "unit": "kg"}, {"date": "2020-01-01", "country_from": "BR", "country_to": "HN", "value": "0", "unit": "kg"}, {"date": "2020-02-01", "country_from": "BR", "country_to": "HN", "value": "0", "unit": "kg"}, {"date": "2020-03-01", "country_from": "BR", "country_to": "HN", "value": "0", "unit": "kg"}, {"date": "2020-04-01", "country_from": "BR", "country_to": "HN", "value": "0", "unit": "kg"}, {"date": "2020-05-01", "country_from": "BR", "country_to": "HN", "value": "0", "unit": "kg"}, {"date": "2020-06-01", "country_from": "BR", "country_to": "HN", "value": "0", "unit": "kg"}, {"date": "2020-07-01", "country_from": "BR", "country_to": "HN", "value": "28093620", "unit": "kg"}, {"date": "2018-12-01", "country_from": "BR", "country_to": "CR", "value": "0", "unit": "kg"}, {"date": "2019-01-01", "country_from": "BR", "country_to": "CR", "value": "0", "unit": "kg"}, {"date": "2019-02-01", "country_from": "BR", "country_to": "CR", "value": "0", "unit": "kg"}, {"date": "2019-03-01", "country_from": "BR", "country_to": "CR", "value": "14995600", "unit": "kg"}, {"date": "2019-04-01", "country_from": "BR", "country_to": "CR", "value": "0", "unit": "kg"}, {"date": "2019-05-01", "country_from": "BR", "country_to": "CR", "value": "0", "unit": "kg"}, {"date": "2019-06-01", "country_from": "BR", "country_to": "CR", "value": "0", "unit": "kg"}, {"date": "2019-07-01", "country_from": "BR", "country_to": "CR", "value": "0", "unit": "kg"}, {"date": "2019-08-01", "country_from": "BR", "country_to": "CR", "value": "0", "unit": "kg"}, {"date": "2019-09-01", "country_from": "BR", "country_to": "CR", "value": "0", "unit": "kg"}, {"date": "2019-10-01", "country_from": "BR", "country_to": "CR", "value": "0", "unit": "kg"}, {"date": "2019-11-01", "country_from": "BR", "country_to": "CR", "value": "0", "unit": "kg"}, {"date": "2019-12-01", "country_from": "BR", "country_to": "CR", "value": "0", "unit": "kg"}, {"date": "2020-01-01", "country_from": "BR", "country_to": "CR", "value": "19990980", "unit": "kg"}, {"date": "2020-02-01", "country_from": "BR", "country_to": "CR", "value": "4497180", "unit": "kg"}, {"date": "2020-03-01", "country_from": "BR", "country_to": "CR", "value": "0", "unit": "kg"}, {"date": "2020-04-01", "country_from": "BR", "country_to": "CR", "value": "0", "unit": "kg"}, {"date": "2020-05-01", "country_from": "BR", "country_to": "CR", "value": "20142000", "unit": "kg"}, {"date": "2020-06-01", "country_from": "BR", "country_to": "CR", "value": "25004620", "unit": "kg"}, {"date": "2020-07-01", "country_from": "BR", "country_to": "CR", "value": "25005740", "unit": "kg"}, {"date": "2018-12-01", "country_from": "BR", "country_to": "NI", "value": "26000000", "unit": "kg"}, {"date": "2019-01-01", "country_from": "BR", "country_to": "NI", "value": "0", "unit": "kg"}, {"date": "2019-02-01", "country_from": "BR", "country_to": "NI", "value": "0", "unit": "kg"}, {"date": "2019-03-01", "country_from": "BR", "country_to": "NI", "value": "4600000", "unit": "kg"}, {"date": "2019-04-01", "country_from": "BR", "country_to": "NI", "value": "0", "unit": "kg"}, {"date": "2019-05-01", "country_from": "BR", "country_to": "NI", "value": "0", "unit": "kg"}, {"date": "2019-06-01", "country_from": "BR", "country_to": "NI", "value": "0", "unit": "kg"}, {"date": "2019-07-01", "country_from": "BR", "country_to": "NI", "value": "0", "unit": "kg"}, {"date": "2019-08-01", "country_from": "BR", "country_to": "NI", "value": "0", "unit": "kg"}, {"date": "2019-09-01", "country_from": "BR", "country_to": "NI", "value": "0", "unit": "kg"}, {"date": "2019-10-01", "country_from": "BR", "country_to": "NI", "value": "0", "unit": "kg"}, {"date": "2019-11-01", "country_from": "BR", "country_to": "NI", "value": "0", "unit": "kg"}, {"date": "2019-12-01", "country_from": "BR", "country_to": "NI", "value": "0", "unit": "kg"}, {"date": "2020-01-01", "country_from": "BR", "country_to": "NI", "value": "0", "unit": "kg"}, {"date": "2020-02-01", "country_from": "BR", "country_to": "NI", "value": "0", "unit": "kg"}, {"date": "2020-03-01", "country_from": "BR", "country_to": "NI", "value": "0", "unit": "kg"}, {"date": "2020-04-01", "country_from": "BR", "country_to": "NI", "value": "0", "unit": "kg"}, {"date": "2020-05-01", "country_from": "BR", "country_to": "NI", "value": "0", "unit": "kg"}, {"date": "2020-06-01", "country_from": "BR", "country_to": "NI", "value": "0", "unit": "kg"}, {"date": "2020-07-01", "country_from": "BR", "country_to": "NI", "value": "14654280", "unit": "kg"}, {"date": "2018-12-01", "country_from": "BR", "country_to": "PY", "value": "0", "unit": "kg"}, {"date": "2019-01-01", "country_from": "BR", "country_to": "PY", "value": "0", "unit": "kg"}, {"date": "2019-02-01", "country_from": "BR", "country_to": "PY", "value": "0", "unit": "kg"}, {"date": "2019-03-01", "country_from": "BR", "country_to": "PY", "value": "0", "unit": "kg"}, {"date": "2019-04-01", "country_from": "BR", "country_to": "PY", "value": "0", "unit": "kg"}, {"date": "2019-05-01", "country_from": "BR", "country_to": "PY", "value": "0", "unit": "kg"}, {"date": "2019-06-01", "country_from": "BR", "country_to": "PY", "value": "0", "unit": "kg"}, {"date": "2019-07-01", "country_from": "BR", "country_to": "PY", "value": "0", "unit": "kg"}, {"date": "2019-08-01", "country_from": "BR", "country_to": "PY", "value": "283760", "unit": "kg"}, {"date": "2019-09-01", "country_from": "BR", "country_to": "PY", "value": "0", "unit": "kg"}, {"date": "2019-10-01", "country_from": "BR", "country_to": "PY", "value": "32000", "unit": "kg"}, {"date": "2019-11-01", "country_from": "BR", "country_to": "PY", "value": "28800", "unit": "kg"}, {"date": "2019-12-01", "country_from": "BR", "country_to": "PY", "value": "0", "unit": "kg"}, {"date": "2020-01-01", "country_from": "BR", "country_to": "PY", "value": "0", "unit": "kg"}, {"date": "2020-02-01", "country_from": "BR", "country_to": "PY", "value": "0", "unit": "kg"}, {"date": "2020-03-01", "country_from": "BR", "country_to": "PY", "value": "0", "unit": "kg"}, {"date": "2020-04-01", "country_from": "BR", "country_to": "PY", "value": "0", "unit": "kg"}, {"date": "2020-05-01", "country_from": "BR", "country_to": "PY", "value": "0", "unit": "kg"}, {"date": "2020-06-01", "country_from": "BR", "country_to": "PY", "value": "0", "unit": "kg"}, {"date": "2020-07-01", "country_from": "BR", "country_to": "PY", "value": "31160", "unit": "kg"}, {"date": "2018-12-01", "country_from": "BR", "country_to": "LR", "value": "600", "unit": "kg"}, {"date": "2019-01-01", "country_from": "BR", "country_to": "LR", "value": "306", "unit": "kg"}, {"date": "2019-02-01", "country_from": "BR", "country_to": "LR", "value": "550", "unit": "kg"}, {"date": "2019-03-01", "country_from": "BR", "country_to": "LR", "value": "0", "unit": "kg"}, {"date": "2019-04-01", "country_from": "BR", "country_to": "LR", "value": "555", "unit": "kg"}, {"date": "2019-05-01", "country_from": "BR", "country_to": "LR", "value": "425", "unit": "kg"}, {"date": "2019-06-01", "country_from": "BR", "country_to": "LR", "value": "0", "unit": "kg"}, {"date": "2019-07-01", "country_from": "BR", "country_to": "LR", "value": "1180", "unit": "kg"}, {"date": "2019-08-01", "country_from": "BR", "country_to": "LR", "value": "1110", "unit": "kg"}, {"date": "2019-09-01", "country_from": "BR", "country_to": "LR", "value": "1201", "unit": "kg"}, {"date": "2019-10-01", "country_from": "BR", "country_to": "LR", "value": "0", "unit": "kg"}, {"date": "2019-11-01", "country_from": "BR", "country_to": "LR", "value": "873", "unit": "kg"}, {"date": "2019-12-01", "country_from": "BR", "country_to": "LR", "value": "1050", "unit": "kg"}, {"date": "2020-01-01", "country_from": "BR", "country_to": "LR", "value": "0", "unit": "kg"}, {"date": "2020-02-01", "country_from": "BR", "country_to": "LR", "value": "600", "unit": "kg"}, {"date": "2020-03-01", "country_from": "BR", "country_to": "LR", "value": "580", "unit": "kg"}, {"date": "2020-04-01", "country_from": "BR", "country_to": "LR", "value": "3070", "unit": "kg"}, {"date": "2020-05-01", "country_from": "BR", "country_to": "LR", "value": "900", "unit": "kg"}, {"date": "2020-06-01", "country_from": "BR", "country_to": "LR", "value": "1110", "unit": "kg"}, {"date": "2020-07-01", "country_from": "BR", "country_to": "LR", "value": "1461", "unit": "kg"}, {"date": "2018-12-01", "country_from": "BR", "country_to": "MH", "value": "790", "unit": "kg"}, {"date": "2019-01-01", "country_from": "BR", "country_to": "MH", "value": "1533", "unit": "kg"}, {"date": "2019-02-01", "country_from": "BR", "country_to": "MH", "value": "0", "unit": "kg"}, {"date": "2019-03-01", "country_from": "BR", "country_to": "MH", "value": "1200", "unit": "kg"}, {"date": "2019-04-01", "country_from": "BR", "country_to": "MH", "value": "428", "unit": "kg"}, {"date": "2019-05-01", "country_from": "BR", "country_to": "MH", "value": "1370", "unit": "kg"}, {"date": "2019-06-01", "country_from": "BR", "country_to": "MH", "value": "0", "unit": "kg"}, {"date": "2019-07-01", "country_from": "BR", "country_to": "MH", "value": "110", "unit": "kg"}, {"date": "2019-08-01", "country_from": "BR", "country_to": "MH", "value": "2105", "unit": "kg"}, {"date": "2019-09-01", "country_from": "BR", "country_to": "MH", "value": "1280", "unit": "kg"}, {"date": "2019-10-01", "country_from": "BR", "country_to": "MH", "value": "760", "unit": "kg"}, {"date": "2019-11-01", "country_from": "BR", "country_to": "MH", "value": "870", "unit": "kg"}, {"date": "2019-12-01", "country_from": "BR", "country_to": "MH", "value": "595", "unit": "kg"}, {"date": "2020-01-01", "country_from": "BR", "country_to": "MH", "value": "950", "unit": "kg"}, {"date": "2020-02-01", "country_from": "BR", "country_to": "MH", "value": "870", "unit": "kg"}, {"date": "2020-03-01", "country_from": "BR", "country_to": "MH", "value": "750", "unit": "kg"}, {"date": "2020-04-01", "country_from": "BR", "country_to": "MH", "value": "513", "unit": "kg"}, {"date": "2020-05-01", "country_from": "BR", "country_to": "MH", "value": "2549", "unit": "kg"}, {"date": "2020-06-01", "country_from": "BR", "country_to": "MH", "value": "1410", "unit": "kg"}, {"date": "2020-07-01", "country_from": "BR", "country_to": "MH", "value": "1160", "unit": "kg"}, {"date": "2018-12-01", "country_from": "BR", "country_to": "SG", "value": "0", "unit": "kg"}, {"date": "2019-01-01", "country_from": "BR", "country_to": "SG", "value": "0", "unit": "kg"}, {"date": "2019-02-01", "country_from": "BR", "country_to": "SG", "value": "0", "unit": "kg"}, {"date": "2019-03-01", "country_from": "BR", "country_to": "SG", "value": "575", "unit": "kg"}, {"date": "2019-04-01", "country_from": "BR", "country_to": "SG", "value": "516", "unit": "kg"}, {"date": "2019-05-01", "country_from": "BR", "country_to": "SG", "value": "0", "unit": "kg"}, {"date": "2019-06-01", "country_from": "BR", "country_to": "SG", "value": "0", "unit": "kg"}, {"date": "2019-07-01", "country_from": "BR", "country_to": "SG", "value": "0", "unit": "kg"}, {"date": "2019-08-01", "country_from": "BR", "country_to": "SG", "value": "535", "unit": "kg"}, {"date": "2019-09-01", "country_from": "BR", "country_to": "SG", "value": "550", "unit": "kg"}, {"date": "2019-10-01", "country_from": "BR", "country_to": "SG", "value": "440", "unit": "kg"}, {"date": "2019-11-01", "country_from": "BR", "country_to": "SG", "value": "370", "unit": "kg"}, {"date": "2019-12-01", "country_from": "BR", "country_to": "SG", "value": "0", "unit": "kg"}, {"date": "2020-01-01", "country_from": "BR", "country_to": "SG", "value": "0", "unit": "kg"}, {"date": "2020-02-01", "country_from": "BR", "country_to": "SG", "value": "0", "unit": "kg"}, {"date": "2020-03-01", "country_from": "BR", "country_to": "SG", "value": "340", "unit": "kg"}, {"date": "2020-04-01", "country_from": "BR", "country_to": "SG", "value": "500", "unit": "kg"}, {"date": "2020-05-01", "country_from": "BR", "country_to": "SG", "value": "1345", "unit": "kg"}, {"date": "2020-06-01", "country_from": "BR", "country_to": "SG", "value": "810", "unit": "kg"}, {"date": "2020-07-01", "country_from": "BR", "country_to": "SG", "value": "885", "unit": "kg"}, {"date": "2018-12-01", "country_from": "BR", "country_to": "PA", "value": "770", "unit": "kg"}, {"date": "2019-01-01", "country_from": "BR", "country_to": "PA", "value": "678", "unit": "kg"}, {"date": "2019-02-01", "country_from": "BR", "country_to": "PA", "value": "0", "unit": "kg"}, {"date": "2019-03-01", "country_from": "BR", "country_to": "PA", "value": "1354", "unit": "kg"}, {"date": "2019-04-01", "country_from": "BR", "country_to": "PA", "value": "0", "unit": "kg"}, {"date": "2019-05-01", "country_from": "BR", "country_to": "PA", "value": "0", "unit": "kg"}, {"date": "2019-06-01", "country_from": "BR", "country_to": "PA", "value": "921", "unit": "kg"}, {"date": "2019-07-01", "country_from": "BR", "country_to": "PA", "value": "1290", "unit": "kg"}, {"date": "2019-08-01", "country_from": "BR", "country_to": "PA", "value": "2530", "unit": "kg"}, {"date": "2019-09-01", "country_from": "BR", "country_to": "PA", "value": "2000", "unit": "kg"}, {"date": "2019-10-01", "country_from": "BR", "country_to": "PA", "value": "1221", "unit": "kg"}, {"date": "2019-11-01", "country_from": "BR", "country_to": "PA", "value": "1170", "unit": "kg"}, {"date": "2019-12-01", "country_from": "BR", "country_to": "PA", "value": "830", "unit": "kg"}, {"date": "2020-01-01", "country_from": "BR", "country_to": "PA", "value": "1450", "unit": "kg"}, {"date": "2020-02-01", "country_from": "BR", "country_to": "PA", "value": "737", "unit": "kg"}, {"date": "2020-03-01", "country_from": "BR", "country_to": "PA", "value": "500", "unit": "kg"}, {"date": "2020-04-01", "country_from": "BR", "country_to": "PA", "value": "1881", "unit": "kg"}, {"date": "2020-05-01", "country_from": "BR", "country_to": "PA", "value": "3805", "unit": "kg"}, {"date": "2020-06-01", "country_from": "BR", "country_to": "PA", "value": "3195", "unit": "kg"}, {"date": "2020-07-01", "country_from": "BR", "country_to": "PA", "value": "815", "unit": "kg"}, {"date": "2018-12-01", "country_from": "BR", "country_to": "CN", "value": "0", "unit": "kg"}, {"date": "2019-01-01", "country_from": "BR", "country_to": "CN", "value": "610", "unit": "kg"}, {"date": "2019-02-01", "country_from": "BR", "country_to": "CN", "value": "0", "unit": "kg"}, {"date": "2019-03-01", "country_from": "BR", "country_to": "CN", "value": "157", "unit": "kg"}, {"date": "2019-04-01", "country_from": "BR", "country_to": "CN", "value": "0", "unit": "kg"}, {"date": "2019-05-01", "country_from": "BR", "country_to": "CN", "value": "750", "unit": "kg"}, {"date": "2019-06-01", "country_from": "BR", "country_to": "CN", "value": "0", "unit": "kg"}, {"date": "2019-07-01", "country_from": "BR", "country_to": "CN", "value": "0", "unit": "kg"}, {"date": "2019-08-01", "country_from": "BR", "country_to": "CN", "value": "400", "unit": "kg"}, {"date": "2019-09-01", "country_from": "BR", "country_to": "CN", "value": "0", "unit": "kg"}, {"date": "2019-10-01", "country_from": "BR", "country_to": "CN", "value": "0", "unit": "kg"}, {"date": "2019-11-01", "country_from": "BR", "country_to": "CN", "value": "0", "unit": "kg"}, {"date": "2019-12-01", "country_from": "BR", "country_to": "CN", "value": "0", "unit": "kg"}, {"date": "2020-01-01", "country_from": "BR", "country_to": "CN", "value": "0", "unit": "kg"}, {"date": "2020-02-01", "country_from": "BR", "country_to": "CN", "value": "0", "unit": "kg"}, {"date": "2020-03-01", "country_from": "BR", "country_to": "CN", "value": "0", "unit": "kg"}, {"date": "2020-04-01", "country_from": "BR", "country_to": "CN", "value": "0", "unit": "kg"}, {"date": "2020-05-01", "country_from": "BR", "country_to": "CN", "value": "0", "unit": "kg"}, {"date": "2020-06-01", "country_from": "BR", "country_to": "CN", "value": "0", "unit": "kg"}, {"date": "2020-07-01", "country_from": "BR", "country_to": "CN", "value": "545", "unit": "kg"}, {"date": "2018-12-01", "country_from": "BR", "country_to": "ES", "value": "0", "unit": "kg"}, {"date": "2019-01-01", "country_from": "BR", "country_to": "ES", "value": "0", "unit": "kg"}, {"date": "2019-02-01", "country_from": "BR", "country_to": "ES", "value": "0", "unit": "kg"}, {"date": "2019-03-01", "country_from": "BR", "country_to": "ES", "value": "0", "unit": "kg"}, {"date": "2019-04-01", "country_from": "BR", "country_to": "ES", "value": "0", "unit": "kg"}, {"date": "2019-05-01", "country_from": "BR", "country_to": "ES", "value": "0", "unit": "kg"}, {"date": "2019-06-01", "country_from": "BR", "country_to": "ES", "value": "0", "unit": "kg"}, {"date": "2019-07-01", "country_from": "BR", "country_to": "ES", "value": "0", "unit": "kg"}, {"date": "2019-08-01", "country_from": "BR", "country_to": "ES", "value": "0", "unit": "kg"}, {"date": "2019-09-01", "country_from": "BR", "country_to": "ES", "value": "0", "unit": "kg"}, {"date": "2019-10-01", "country_from": "BR", "country_to": "ES", "value": "0", "unit": "kg"}, {"date": "2019-11-01", "country_from": "BR", "country_to": "ES", "value": "0", "unit": "kg"}, {"date": "2019-12-01", "country_from": "BR", "country_to": "ES", "value": "0", "unit": "kg"}, {"date": "2020-01-01", "country_from": "BR", "country_to": "ES", "value": "0", "unit": "kg"}, {"date": "2020-02-01", "country_from": "BR", "country_to": "ES", "value": "0", "unit": "kg"}, {"date": "2020-03-01", "country_from": "BR", "country_to": "ES", "value": "0", "unit": "kg"}, {"date": "2020-04-01", "country_from": "BR", "country_to": "ES", "value": "0", "unit": "kg"}, {"date": "2020-05-01", "country_from": "BR", "country_to": "ES", "value": "0", "unit": "kg"}, {"date": "2020-06-01", "country_from": "BR", "country_to": "ES", "value": "500", "unit": "kg"}, {"date": "2020-07-01", "country_from": "BR", "country_to": "ES", "value": "0", "unit": "kg"}, {"date": "2018-12-01", "country_from": "BR", "country_to": "TH", "value": "0", "unit": "kg"}, {"date": "2019-01-01", "country_from": "BR", "country_to": "TH", "value": "0", "unit": "kg"}, {"date": "2019-02-01", "country_from": "BR", "country_to": "TH", "value": "0", "unit": "kg"}, {"date": "2019-03-01", "country_from": "BR", "country_to": "TH", "value": "0", "unit": "kg"}, {"date": "2019-04-01", "country_from": "BR", "country_to": "TH", "value": "0", "unit": "kg"}, {"date": "2019-05-01", "country_from": "BR", "country_to": "TH", "value": "0", "unit": "kg"}, {"date": "2019-06-01", "country_from": "BR", "country_to": "TH", "value": "0", "unit": "kg"}, {"date": "2019-07-01", "country_from": "BR", "country_to": "TH", "value": "0", "unit": "kg"}, {"date": "2019-08-01", "country_from": "BR", "country_to": "TH", "value": "0", "unit": "kg"}, {"date": "2019-09-01", "country_from": "BR", "country_to": "TH", "value": "0", "unit": "kg"}, {"date": "2019-10-01", "country_from": "BR", "country_to": "TH", "value": "0", "unit": "kg"}, {"date": "2019-11-01", "country_from": "BR", "country_to": "TH", "value": "510", "unit": "kg"}, {"date": "2019-12-01", "country_from": "BR", "country_to": "TH", "value": "0", "unit": "kg"}, {"date": "2020-01-01", "country_from": "BR", "country_to": "TH", "value": "0", "unit": "kg"}, {"date": "2020-02-01", "country_from": "BR", "country_to": "TH", "value": "0", "unit": "kg"}, {"date": "2020-03-01", "country_from": "BR", "country_to": "TH", "value": "0", "unit": "kg"}, {"date": "2020-04-01", "country_from": "BR", "country_to": "TH", "value": "0", "unit": "kg"}, {"date": "2020-05-01", "country_from": "BR", "country_to": "TH", "value": "0", "unit": "kg"}, {"date": "2020-06-01", "country_from": "BR", "country_to": "TH", "value": "0", "unit": "kg"}, {"date": "2020-07-01", "country_from": "BR", "country_to": "TH", "value": "0", "unit": "kg"}, {"date": "2018-12-01", "country_from": "BR", "country_to": "TR", "value": "0", "unit": "kg"}, {"date": "2019-01-01", "country_from": "BR", "country_to": "TR", "value": "0", "unit": "kg"}, {"date": "2019-02-01", "country_from": "BR", "country_to": "TR", "value": "0", "unit": "kg"}, {"date": "2019-03-01", "country_from": "BR", "country_to": "TR", "value": "0", "unit": "kg"}, {"date": "2019-04-01", "country_from": "BR", "country_to": "TR", "value": "0", "unit": "kg"}, {"date": "2019-05-01", "country_from": "BR", "country_to": "TR", "value": "0", "unit": "kg"}, {"date": "2019-06-01", "country_from": "BR", "country_to": "TR", "value": "0", "unit": "kg"}, {"date": "2019-07-01", "country_from": "BR", "country_to": "TR", "value": "0", "unit": "kg"}, {"date": "2019-08-01", "country_from": "BR", "country_to": "TR", "value": "0", "unit": "kg"}, {"date": "2019-09-01", "country_from": "BR", "country_to": "TR", "value": "0", "unit": "kg"}, {"date": "2019-10-01", "country_from": "BR", "country_to": "TR", "value": "0", "unit": "kg"}, {"date": "2019-11-01", "country_from": "BR", "country_to": "TR", "value": "0", "unit": "kg"}, {"date": "2019-12-01", "country_from": "BR", "country_to": "TR", "value": "0", "unit": "kg"}, {"date": "2020-01-01", "country_from": "BR", "country_to": "TR", "value": "0", "unit": "kg"}, {"date": "2020-02-01", "country_from": "BR", "country_to": "TR", "value": "0", "unit": "kg"}, {"date": "2020-03-01", "country_from": "BR", "country_to": "TR", "value": "0", "unit": "kg"}, {"date": "2020-04-01", "country_from": "BR", "country_to": "TR", "value": "0", "unit": "kg"}, {"date": "2020-05-01", "country_from": "BR", "country_to": "TR", "value": "26012460", "unit": "kg"}, {"date": "2020-06-01", "country_from": "BR", "country_to": "TR", "value": "0", "unit": "kg"}, {"date": "2020-07-01", "country_from": "BR", "country_to": "TR", "value": "0", "unit": "kg"}, {"date": "2018-12-01", "country_from": "BR", "country_to": "GB", "value": "0", "unit": "kg"}, {"date": "2019-01-01", "country_from": "BR", "country_to": "GB", "value": "0", "unit": "kg"}, {"date": "2019-02-01", "country_from": "BR", "country_to": "GB", "value": "505", "unit": "kg"}, {"date": "2019-03-01", "country_from": "BR", "country_to": "GB", "value": "211", "unit": "kg"}, {"date": "2019-04-01", "country_from": "BR", "country_to": "GB", "value": "450", "unit": "kg"}, {"date": "2019-05-01", "country_from": "BR", "country_to": "GB", "value": "0", "unit": "kg"}, {"date": "2019-06-01", "country_from": "BR", "country_to": "GB", "value": "800", "unit": "kg"}, {"date": "2019-07-01", "country_from": "BR", "country_to": "GB", "value": "987", "unit": "kg"}, {"date": "2019-08-01", "country_from": "BR", "country_to": "GB", "value": "935", "unit": "kg"}, {"date": "2019-09-01", "country_from": "BR", "country_to": "GB", "value": "0", "unit": "kg"}, {"date": "2019-10-01", "country_from": "BR", "country_to": "GB", "value": "1665", "unit": "kg"}, {"date": "2019-11-01", "country_from": "BR", "country_to": "GB", "value": "0", "unit": "kg"}, {"date": "2019-12-01", "country_from": "BR", "country_to": "GB", "value": "288", "unit": "kg"}, {"date": "2020-01-01", "country_from": "BR", "country_to": "GB", "value": "705", "unit": "kg"}, {"date": "2020-02-01", "country_from": "BR", "country_to": "GB", "value": "0", "unit": "kg"}, {"date": "2020-03-01", "country_from": "BR", "country_to": "GB", "value": "0", "unit": "kg"}, {"date": "2020-04-01", "country_from": "BR", "country_to": "GB", "value": "445", "unit": "kg"}, {"date": "2020-05-01", "country_from": "BR", "country_to": "GB", "value": "1130", "unit": "kg"}, {"date": "2020-06-01", "country_from": "BR", "country_to": "GB", "value": "1280", "unit": "kg"}, {"date": "2020-07-01", "country_from": "BR", "country_to": "GB", "value": "0", "unit": "kg"}, {"date": "2018-12-01", "country_from": "BR", "country_to": "US", "value": "0", "unit": "kg"}, {"date": "2019-01-01", "country_from": "BR", "country_to": "US", "value": "0", "unit": "kg"}, {"date": "2019-02-01", "country_from": "BR", "country_to": "US", "value": "0", "unit": "kg"}, {"date": "2019-03-01", "country_from": "BR", "country_to": "US", "value": "0", "unit": "kg"}, {"date": "2019-04-01", "country_from": "BR", "country_to": "US", "value": "0", "unit": "kg"}, {"date": "2019-05-01", "country_from": "BR", "country_to": "US", "value": "0", "unit": "kg"}, {"date": "2019-06-01", "country_from": "BR", "country_to": "US", "value": "0", "unit": "kg"}, {"date": "2019-07-01", "country_from": "BR", "country_to": "US", "value": "0", "unit": "kg"}, {"date": "2019-08-01", "country_from": "BR", "country_to": "US", "value": "0", "unit": "kg"}, {"date": "2019-09-01", "country_from": "BR", "country_to": "US", "value": "0", "unit": "kg"}, {"date": "2019-10-01", "country_from": "BR", "country_to": "US", "value": "0", "unit": "kg"}, {"date": "2019-11-01", "country_from": "BR", "country_to": "US", "value": "0", "unit": "kg"}, {"date": "2019-12-01", "country_from": "BR", "country_to": "US", "value": "0", "unit": "kg"}, {"date": "2020-01-01", "country_from": "BR", "country_to": "US", "value": "0", "unit": "kg"}, {"date": "2020-02-01", "country_from": "BR", "country_to": "US", "value": "0", "unit": "kg"}, {"date": "2020-03-01", "country_from": "BR", "country_to": "US", "value": "0", "unit": "kg"}, {"date": "2020-04-01", "country_from": "BR", "country_to": "US", "value": "0", "unit": "kg"}, {"date": "2020-05-01", "country_from": "BR", "country_to": "US", "value": "0", "unit": "kg"}, {"date": "2020-06-01", "country_from": "BR", "country_to": "US", "value": "0", "unit": "kg"}, {"date": "2020-07-01", "country_from": "BR", "country_to": "US", "value": "0", "unit": "kg"}, {"date": "2018-12-01", "country_from": "BR", "country_to": "UY", "value": "0", "unit": "kg"}, {"date": "2019-01-01", "country_from": "BR", "country_to": "UY", "value": "0", "unit": "kg"}, {"date": "2019-02-01", "country_from": "BR", "country_to": "UY", "value": "0", "unit": "kg"}, {"date": "2019-03-01", "country_from": "BR", "country_to": "UY", "value": "0", "unit": "kg"}, {"date": "2019-04-01", "country_from": "BR", "country_to": "UY", "value": "0", "unit": "kg"}, {"date": "2019-05-01", "country_from": "BR", "country_to": "UY", "value": "0", "unit": "kg"}, {"date": "2019-06-01", "country_from": "BR", "country_to": "UY", "value": "0", "unit": "kg"}, {"date": "2019-07-01", "country_from": "BR", "country_to": "UY", "value": "0", "unit": "kg"}, {"date": "2019-08-01", "country_from": "BR", "country_to": "UY", "value": "43200", "unit": "kg"}, {"date": "2019-09-01", "country_from": "BR", "country_to": "UY", "value": "0", "unit": "kg"}, {"date": "2019-10-01", "country_from": "BR", "country_to": "UY", "value": "6698", "unit": "kg"}, {"date": "2019-11-01", "country_from": "BR", "country_to": "UY", "value": "20", "unit": "kg"}, {"date": "2019-12-01", "country_from": "BR", "country_to": "UY", "value": "0", "unit": "kg"}, {"date": "2020-01-01", "country_from": "BR", "country_to": "UY", "value": "0", "unit": "kg"}, {"date": "2020-02-01", "country_from": "BR", "country_to": "UY", "value": "0", "unit": "kg"}, {"date": "2020-03-01", "country_from": "BR", "country_to": "UY", "value": "0", "unit": "kg"}, {"date": "2020-04-01", "country_from": "BR", "country_to": "UY", "value": "0", "unit": "kg"}, {"date": "2020-05-01", "country_from": "BR", "country_to": "UY", "value": "0", "unit": "kg"}, {"date": "2020-06-01", "country_from": "BR", "country_to": "UY", "value": "0", "unit": "kg"}, {"date": "2020-07-01", "country_from": "BR", "country_to": "UY", "value": "0", "unit": "kg"}, {"date": "2018-12-01", "country_from": "BR", "country_to": "MT", "value": "0", "unit": "kg"}, {"date": "2019-01-01", "country_from": "BR", "country_to": "MT", "value": "0", "unit": "kg"}, {"date": "2019-02-01", "country_from": "BR", "country_to": "MT", "value": "0", "unit": "kg"}, {"date": "2019-03-01", "country_from": "BR", "country_to": "MT", "value": "0", "unit": "kg"}, {"date": "2019-04-01", "country_from": "BR", "country_to": "MT", "value": "0", "unit": "kg"}, {"date": "2019-05-01", "country_from": "BR", "country_to": "MT", "value": "0", "unit": "kg"}, {"date": "2019-06-01", "country_from": "BR", "country_to": "MT", "value": "0", "unit": "kg"}, {"date": "2019-07-01", "country_from": "BR", "country_to": "MT", "value": "0", "unit": "kg"}, {"date": "2019-08-01", "country_from": "BR", "country_to": "MT", "value": "0", "unit": "kg"}, {"date": "2019-09-01", "country_from": "BR", "country_to": "MT", "value": "1536", "unit": "kg"}, {"date": "2019-10-01", "country_from": "BR", "country_to": "MT", "value": "0", "unit": "kg"}, {"date": "2019-11-01", "country_from": "BR", "country_to": "MT", "value": "0", "unit": "kg"}, {"date": "2019-12-01", "country_from": "BR", "country_to": "MT", "value": "0", "unit": "kg"}, {"date": "2020-01-01", "country_from": "BR", "country_to": "MT", "value": "0", "unit": "kg"}, {"date": "2020-02-01", "country_from": "BR", "country_to": "MT", "value": "0", "unit": "kg"}, {"date": "2020-03-01", "country_from": "BR", "country_to": "MT", "value": "715", "unit": "kg"}, {"date": "2020-04-01", "country_from": "BR", "country_to": "MT", "value": "0", "unit": "kg"}, {"date": "2020-05-01", "country_from": "BR", "country_to": "MT", "value": "545", "unit": "kg"}, {"date": "2020-06-01", "country_from": "BR", "country_to": "MT", "value": "725", "unit": "kg"}, {"date": "2020-07-01", "country_from": "BR", "country_to": "MT", "value": "0", "unit": "kg"}, {"date": "2018-12-01", "country_from": "BR", "country_to": "PH", "value": "0", "unit": "kg"}, {"date": "2019-01-01", "country_from": "BR", "country_to": "PH", "value": "0", "unit": "kg"}, {"date": "2019-02-01", "country_from": "BR", "country_to": "PH", "value": "0", "unit": "kg"}, {"date": "2019-03-01", "country_from": "BR", "country_to": "PH", "value": "0", "unit": "kg"}, {"date": "2019-04-01", "country_from": "BR", "country_to": "PH", "value": "0", "unit": "kg"}, {"date": "2019-05-01", "country_from": "BR", "country_to": "PH", "value": "0", "unit": "kg"}, {"date": "2019-06-01", "country_from": "BR", "country_to": "PH", "value": "1080", "unit": "kg"}, {"date": "2019-07-01", "country_from": "BR", "country_to": "PH", "value": "800", "unit": "kg"}, {"date": "2019-08-01", "country_from": "BR", "country_to": "PH", "value": "0", "unit": "kg"}, {"date": "2019-09-01", "country_from": "BR", "country_to": "PH", "value": "0", "unit": "kg"}, {"date": "2019-10-01", "country_from": "BR", "country_to": "PH", "value": "0", "unit": "kg"}, {"date": "2019-11-01", "country_from": "BR", "country_to": "PH", "value": "0", "unit": "kg"}, {"date": "2019-12-01", "country_from": "BR", "country_to": "PH", "value": "0", "unit": "kg"}, {"date": "2020-01-01", "country_from": "BR", "country_to": "PH", "value": "0", "unit": "kg"}, {"date": "2020-02-01", "country_from": "BR", "country_to": "PH", "value": "0", "unit": "kg"}, {"date": "2020-03-01", "country_from": "BR", "country_to": "PH", "value": "610", "unit": "kg"}, {"date": "2020-04-01", "country_from": "BR", "country_to": "PH", "value": "0", "unit": "kg"}, {"date": "2020-05-01", "country_from": "BR", "country_to": "PH", "value": "0", "unit": "kg"}, {"date": "2020-06-01", "country_from": "BR", "country_to": "PH", "value": "0", "unit": "kg"}, {"date": "2020-07-01", "country_from": "BR", "country_to": "PH", "value": "0", "unit": "kg"}, {"date": "2018-12-01", "country_from": "BR", "country_to": "CY", "value": "550", "unit": "kg"}, {"date": "2019-01-01", "country_from": "BR", "country_to": "CY", "value": "0", "unit": "kg"}, {"date": "2019-02-01", "country_from": "BR", "country_to": "CY", "value": "0", "unit": "kg"}, {"date": "2019-03-01", "country_from": "BR", "country_to": "CY", "value": "290", "unit": "kg"}, {"date": "2019-04-01", "country_from": "BR", "country_to": "CY", "value": "300", "unit": "kg"}, {"date": "2019-05-01", "country_from": "BR", "country_to": "CY", "value": "406", "unit": "kg"}, {"date": "2019-06-01", "country_from": "BR", "country_to": "CY", "value": "0", "unit": "kg"}, {"date": "2019-07-01", "country_from": "BR", "country_to": "CY", "value": "884", "unit": "kg"}, {"date": "2019-08-01", "country_from": "BR", "country_to": "CY", "value": "0", "unit": "kg"}, {"date": "2019-09-01", "country_from": "BR", "country_to": "CY", "value": "710", "unit": "kg"}, {"date": "2019-10-01", "country_from": "BR", "country_to": "CY", "value": "680", "unit": "kg"}, {"date": "2019-11-01", "country_from": "BR", "country_to": "CY", "value": "0", "unit": "kg"}, {"date": "2019-12-01", "country_from": "BR", "country_to": "CY", "value": "890", "unit": "kg"}, {"date": "2020-01-01", "country_from": "BR", "country_to": "CY", "value": "470", "unit": "kg"}, {"date": "2020-02-01", "country_from": "BR", "country_to": "CY", "value": "430", "unit": "kg"}, {"date": "2020-03-01", "country_from": "BR", "country_to": "CY", "value": "0", "unit": "kg"}, {"date": "2020-04-01", "country_from": "BR", "country_to": "CY", "value": "760", "unit": "kg"}, {"date": "2020-05-01", "country_from": "BR", "country_to": "CY", "value": "910", "unit": "kg"}, {"date": "2020-06-01", "country_from": "BR", "country_to": "CY", "value": "0", "unit": "kg"}, {"date": "2020-07-01", "country_from": "BR", "country_to": "CY", "value": "0", "unit": "kg"}, {"date": "2018-12-01", "country_from": "BR", "country_to": "DK", "value": "0", "unit": "kg"}, {"date": "2019-01-01", "country_from": "BR", "country_to": "DK", "value": "0", "unit": "kg"}, {"date": "2019-02-01", "country_from": "BR", "country_to": "DK", "value": "0", "unit": "kg"}, {"date": "2019-03-01", "country_from": "BR", "country_to": "DK", "value": "0", "unit": "kg"}, {"date": "2019-04-01", "country_from": "BR", "country_to": "DK", "value": "0", "unit": "kg"}, {"date": "2019-05-01", "country_from": "BR", "country_to": "DK", "value": "200", "unit": "kg"}, {"date": "2019-06-01", "country_from": "BR", "country_to": "DK", "value": "0", "unit": "kg"}, {"date": "2019-07-01", "country_from": "BR", "country_to": "DK", "value": "0", "unit": "kg"}, {"date": "2019-08-01", "country_from": "BR", "country_to": "DK", "value": "0", "unit": "kg"}, {"date": "2019-09-01", "country_from": "BR", "country_to": "DK", "value": "0", "unit": "kg"}, {"date": "2019-10-01", "country_from": "BR", "country_to": "DK", "value": "0", "unit": "kg"}, {"date": "2019-11-01", "country_from": "BR", "country_to": "DK", "value": "0", "unit": "kg"}, {"date": "2019-12-01", "country_from": "BR", "country_to": "DK", "value": "0", "unit": "kg"}, {"date": "2020-01-01", "country_from": "BR", "country_to": "DK", "value": "0", "unit": "kg"}, {"date": "2020-02-01", "country_from": "BR", "country_to": "DK", "value": "0", "unit": "kg"}, {"date": "2020-03-01", "country_from": "BR", "country_to": "DK", "value": "0", "unit": "kg"}, {"date": "2020-04-01", "country_from": "BR", "country_to": "DK", "value": "0", "unit": "kg"}, {"date": "2020-05-01", "country_from": "BR", "country_to": "DK", "value": "0", "unit": "kg"}, {"date": "2020-06-01", "country_from": "BR", "country_to": "DK", "value": "0", "unit": "kg"}, {"date": "2020-07-01", "country_from": "BR", "country_to": "DK", "value": "0", "unit": "kg"}, {"date": "2018-12-01", "country_from": "BR", "country_to": "SV", "value": "0", "unit": "kg"}, {"date": "2019-01-01", "country_from": "BR", "country_to": "SV", "value": "0", "unit": "kg"}, {"date": "2019-02-01", "country_from": "BR", "country_to": "SV", "value": "0", "unit": "kg"}, {"date": "2019-03-01", "country_from": "BR", "country_to": "SV", "value": "0", "unit": "kg"}, {"date": "2019-04-01", "country_from": "BR", "country_to": "SV", "value": "0", "unit": "kg"}, {"date": "2019-05-01", "country_from": "BR", "country_to": "SV", "value": "0", "unit": "kg"}, {"date": "2019-06-01", "country_from": "BR", "country_to": "SV", "value": "0", "unit": "kg"}, {"date": "2019-07-01", "country_from": "BR", "country_to": "SV", "value": "0", "unit": "kg"}, {"date": "2019-08-01", "country_from": "BR", "country_to": "SV", "value": "0", "unit": "kg"}, {"date": "2019-09-01", "country_from": "BR", "country_to": "SV", "value": "0", "unit": "kg"}, {"date": "2019-10-01", "country_from": "BR", "country_to": "SV", "value": "0", "unit": "kg"}, {"date": "2019-11-01", "country_from": "BR", "country_to": "SV", "value": "0", "unit": "kg"}, {"date": "2019-12-01", "country_from": "BR", "country_to": "SV", "value": "0", "unit": "kg"}, {"date": "2020-01-01", "country_from": "BR", "country_to": "SV", "value": "0", "unit": "kg"}, {"date": "2020-02-01", "country_from": "BR", "country_to": "SV", "value": "0", "unit": "kg"}, {"date": "2020-03-01", "country_from": "BR", "country_to": "SV", "value": "0", "unit": "kg"}, {"date": "2020-04-01", "country_from": "BR", "country_to": "SV", "value": "0", "unit": "kg"}, {"date": "2020-05-01", "country_from": "BR", "country_to": "SV", "value": "7621020", "unit": "kg"}, {"date": "2020-06-01", "country_from": "BR", "country_to": "SV", "value": "0", "unit": "kg"}, {"date": "2020-07-01", "country_from": "BR", "country_to": "SV", "value": "0", "unit": "kg"}, {"date": "2018-12-01", "country_from": "BR", "country_to": "DE", "value": "0", "unit": "kg"}, {"date": "2019-01-01", "country_from": "BR", "country_to": "DE", "value": "0", "unit": "kg"}, {"date": "2019-02-01", "country_from": "BR", "country_to": "DE", "value": "0", "unit": "kg"}, {"date": "2019-03-01", "country_from": "BR", "country_to": "DE", "value": "0", "unit": "kg"}, {"date": "2019-04-01", "country_from": "BR", "country_to": "DE", "value": "0", "unit": "kg"}, {"date": "2019-05-01", "country_from": "BR", "country_to": "DE", "value": "0", "unit": "kg"}, {"date": "2019-06-01", "country_from": "BR", "country_to": "DE", "value": "0", "unit": "kg"}, {"date": "2019-07-01", "country_from": "BR", "country_to": "DE", "value": "0", "unit": "kg"}, {"date": "2019-08-01", "country_from": "BR", "country_to": "DE", "value": "0", "unit": "kg"}, {"date": "2019-09-01", "country_from": "BR", "country_to": "DE", "value": "0", "unit": "kg"}, {"date": "2019-10-01", "country_from": "BR", "country_to": "DE", "value": "0", "unit": "kg"}, {"date": "2019-11-01", "country_from": "BR", "country_to": "DE", "value": "0", "unit": "kg"}, {"date": "2019-12-01", "country_from": "BR", "country_to": "DE", "value": "0", "unit": "kg"}, {"date": "2020-01-01", "country_from": "BR", "country_to": "DE", "value": "540", "unit": "kg"}, {"date": "2020-02-01", "country_from": "BR", "country_to": "DE", "value": "0", "unit": "kg"}, {"date": "2020-03-01", "country_from": "BR", "country_to": "DE", "value": "0", "unit": "kg"}, {"date": "2020-04-01", "country_from": "BR", "country_to": "DE", "value": "0", "unit": "kg"}, {"date": "2020-05-01", "country_from": "BR", "country_to": "DE", "value": "0", "unit": "kg"}, {"date": "2020-06-01", "country_from": "BR", "country_to": "DE", "value": "475", "unit": "kg"}, {"date": "2020-07-01", "country_from": "BR", "country_to": "DE", "value": "0", "unit": "kg"}, {"date": "2018-12-01", "country_from": "BR", "country_to": "GR", "value": "0", "unit": "kg"}, {"date": "2019-01-01", "country_from": "BR", "country_to": "GR", "value": "0", "unit": "kg"}, {"date": "2019-02-01", "country_from": "BR", "country_to": "GR", "value": "0", "unit": "kg"}, {"date": "2019-03-01", "country_from": "BR", "country_to": "GR", "value": "0", "unit": "kg"}, {"date": "2019-04-01", "country_from": "BR", "country_to": "GR", "value": "0", "unit": "kg"}, {"date": "2019-05-01", "country_from": "BR", "country_to": "GR", "value": "0", "unit": "kg"}, {"date": "2019-06-01", "country_from": "BR", "country_to": "GR", "value": "1100", "unit": "kg"}, {"date": "2019-07-01", "country_from": "BR", "country_to": "GR", "value": "0", "unit": "kg"}, {"date": "2019-08-01", "country_from": "BR", "country_to": "GR", "value": "0", "unit": "kg"}, {"date": "2019-09-01", "country_from": "BR", "country_to": "GR", "value": "0", "unit": "kg"}, {"date": "2019-10-01", "country_from": "BR", "country_to": "GR", "value": "0", "unit": "kg"}, {"date": "2019-11-01", "country_from": "BR", "country_to": "GR", "value": "0", "unit": "kg"}, {"date": "2019-12-01", "country_from": "BR", "country_to": "GR", "value": "0", "unit": "kg"}, {"date": "2020-01-01", "country_from": "BR", "country_to": "GR", "value": "0", "unit": "kg"}, {"date": "2020-02-01", "country_from": "BR", "country_to": "GR", "value": "0", "unit": "kg"}, {"date": "2020-03-01", "country_from": "BR", "country_to": "GR", "value": "0", "unit": "kg"}, {"date": "2020-04-01", "country_from": "BR", "country_to": "GR", "value": "584", "unit": "kg"}, {"date": "2020-05-01", "country_from": "BR", "country_to": "GR", "value": "0", "unit": "kg"}, {"date": "2020-06-01", "country_from": "BR", "country_to": "GR", "value": "0", "unit": "kg"}, {"date": "2020-07-01", "country_from": "BR", "country_to": "GR", "value": "0", "unit": "kg"}, {"date": "2018-12-01", "country_from": "BR", "country_to": "GT", "value": "0", "unit": "kg"}, {"date": "2019-01-01", "country_from": "BR", "country_to": "GT", "value": "0", "unit": "kg"}, {"date": "2019-02-01", "country_from": "BR", "country_to": "GT", "value": "0", "unit": "kg"}, {"date": "2019-03-01", "country_from": "BR", "country_to": "GT", "value": "0", "unit": "kg"}, {"date": "2019-04-01", "country_from": "BR", "country_to": "GT", "value": "0", "unit": "kg"}, {"date": "2019-05-01", "country_from": "BR", "country_to": "GT", "value": "0", "unit": "kg"}, {"date": "2019-06-01", "country_from": "BR", "country_to": "GT", "value": "0", "unit": "kg"}, {"date": "2019-07-01", "country_from": "BR", "country_to": "GT", "value": "0", "unit": "kg"}, {"date": "2019-08-01", "country_from": "BR", "country_to": "GT", "value": "0", "unit": "kg"}, {"date": "2019-09-01", "country_from": "BR", "country_to": "GT", "value": "0", "unit": "kg"}, {"date": "2019-10-01", "country_from": "BR", "country_to": "GT", "value": "0", "unit": "kg"}, {"date": "2019-11-01", "country_from": "BR", "country_to": "GT", "value": "0", "unit": "kg"}, {"date": "2019-12-01", "country_from": "BR", "country_to": "GT", "value": "0", "unit": "kg"}, {"date": "2020-01-01", "country_from": "BR", "country_to": "GT", "value": "0", "unit": "kg"}, {"date": "2020-02-01", "country_from": "BR", "country_to": "GT", "value": "0", "unit": "kg"}, {"date": "2020-03-01", "country_from": "BR", "country_to": "GT", "value": "0", "unit": "kg"}, {"date": "2020-04-01", "country_from": "BR", "country_to": "GT", "value": "0", "unit": "kg"}, {"date": "2020-05-01", "country_from": "BR", "country_to": "GT", "value": "0", "unit": "kg"}, {"date": "2020-06-01", "country_from": "BR", "country_to": "GT", "value": "15007080", "unit": "kg"}, {"date": "2020-07-01", "country_from": "BR", "country_to": "GT", "value": "0", "unit": "kg"}, {"date": "2018-12-01", "country_from": "BR", "country_to": "GY", "value": "0", "unit": "kg"}, {"date": "2019-01-01", "country_from": "BR", "country_to": "GY", "value": "0", "unit": "kg"}, {"date": "2019-02-01", "country_from": "BR", "country_to": "GY", "value": "0", "unit": "kg"}, {"date": "2019-03-01", "country_from": "BR", "country_to": "GY", "value": "0", "unit": "kg"}, {"date": "2019-04-01", "country_from": "BR", "country_to": "GY", "value": "0", "unit": "kg"}, {"date": "2019-05-01", "country_from": "BR", "country_to": "GY", "value": "11500", "unit": "kg"}, {"date": "2019-06-01", "country_from": "BR", "country_to": "GY", "value": "0", "unit": "kg"}, {"date": "2019-07-01", "country_from": "BR", "country_to": "GY", "value": "0", "unit": "kg"}, {"date": "2019-08-01", "country_from": "BR", "country_to": "GY", "value": "0", "unit": "kg"}, {"date": "2019-09-01", "country_from": "BR", "country_to": "GY", "value": "0", "unit": "kg"}, {"date": "2019-10-01", "country_from": "BR", "country_to": "GY", "value": "0", "unit": "kg"}, {"date": "2019-11-01", "country_from": "BR", "country_to": "GY", "value": "0", "unit": "kg"}, {"date": "2019-12-01", "country_from": "BR", "country_to": "GY", "value": "0", "unit": "kg"}, {"date": "2020-01-01", "country_from": "BR", "country_to": "GY", "value": "0", "unit": "kg"}, {"date": "2020-02-01", "country_from": "BR", "country_to": "GY", "value": "0", "unit": "kg"}, {"date": "2020-03-01", "country_from": "BR", "country_to": "GY", "value": "0", "unit": "kg"}, {"date": "2020-04-01", "country_from": "BR", "country_to": "GY", "value": "9000", "unit": "kg"}, {"date": "2020-05-01", "country_from": "BR", "country_to": "GY", "value": "0", "unit": "kg"}, {"date": "2020-06-01", "country_from": "BR", "country_to": "GY", "value": "0", "unit": "kg"}, {"date": "2020-07-01", "country_from": "BR", "country_to": "GY", "value": "0", "unit": "kg"}, {"date": "2018-12-01", "country_from": "BR", "country_to": "-", "value": "630", "unit": "kg"}, {"date": "2019-01-01", "country_from": "BR", "country_to": "-", "value": "580", "unit": "kg"}, {"date": "2019-02-01", "country_from": "BR", "country_to": "-", "value": "0", "unit": "kg"}, {"date": "2019-03-01", "country_from": "BR", "country_to": "-", "value": "240", "unit": "kg"}, {"date": "2019-04-01", "country_from": "BR", "country_to": "-", "value": "0", "unit": "kg"}, {"date": "2019-05-01", "country_from": "BR", "country_to": "-", "value": "0", "unit": "kg"}, {"date": "2019-06-01", "country_from": "BR", "country_to": "-", "value": "430", "unit": "kg"}, {"date": "2019-07-01", "country_from": "BR", "country_to": "-", "value": "1280", "unit": "kg"}, {"date": "2019-08-01", "country_from": "BR", "country_to": "-", "value": "590", "unit": "kg"}, {"date": "2019-09-01", "country_from": "BR", "country_to": "-", "value": "0", "unit": "kg"}, {"date": "2019-10-01", "country_from": "BR", "country_to": "-", "value": "0", "unit": "kg"}, {"date": "2019-11-01", "country_from": "BR", "country_to": "-", "value": "470", "unit": "kg"}, {"date": "2019-12-01", "country_from": "BR", "country_to": "-", "value": "420", "unit": "kg"}, {"date": "2020-01-01", "country_from": "BR", "country_to": "-", "value": "0", "unit": "kg"}, {"date": "2020-02-01", "country_from": "BR", "country_to": "-", "value": "0", "unit": "kg"}, {"date": "2020-03-01", "country_from": "BR", "country_to": "-", "value": "430", "unit": "kg"}, {"date": "2020-04-01", "country_from": "BR", "country_to": "-", "value": "600", "unit": "kg"}, {"date": "2020-05-01", "country_from": "BR", "country_to": "-", "value": "920", "unit": "kg"}, {"date": "2020-06-01", "country_from": "BR", "country_to": "-", "value": "670", "unit": "kg"}, {"date": "2020-07-01", "country_from": "BR", "country_to": "-", "value": "0", "unit": "kg"}, {"date": "2018-12-01", "country_from": "BR", "country_to": "IT", "value": "0", "unit": "kg"}, {"date": "2019-01-01", "country_from": "BR", "country_to": "IT", "value": "0", "unit": "kg"}, {"date": "2019-02-01", "country_from": "BR", "country_to": "IT", "value": "0", "unit": "kg"}, {"date": "2019-03-01", "country_from": "BR", "country_to": "IT", "value": "0", "unit": "kg"}, {"date": "2019-04-01", "country_from": "BR", "country_to": "IT", "value": "0", "unit": "kg"}, {"date": "2019-05-01", "country_from": "BR", "country_to": "IT", "value": "0", "unit": "kg"}, {"date": "2019-06-01", "country_from": "BR", "country_to": "IT", "value": "0", "unit": "kg"}, {"date": "2019-07-01", "country_from": "BR", "country_to": "IT", "value": "0", "unit": "kg"}, {"date": "2019-08-01", "country_from": "BR", "country_to": "IT", "value": "0", "unit": "kg"}, {"date": "2019-09-01", "country_from": "BR", "country_to": "IT", "value": "0", "unit": "kg"}, {"date": "2019-10-01", "country_from": "BR", "country_to": "IT", "value": "0", "unit": "kg"}, {"date": "2019-11-01", "country_from": "BR", "country_to": "IT", "value": "0", "unit": "kg"}, {"date": "2019-12-01", "country_from": "BR", "country_to": "IT", "value": "310", "unit": "kg"}, {"date": "2020-01-01", "country_from": "BR", "country_to": "IT", "value": "0", "unit": "kg"}, {"date": "2020-02-01", "country_from": "BR", "country_to": "IT", "value": "0", "unit": "kg"}, {"date": "2020-03-01", "country_from": "BR", "country_to": "IT", "value": "0", "unit": "kg"}, {"date": "2020-04-01", "country_from": "BR", "country_to": "IT", "value": "0", "unit": "kg"}, {"date": "2020-05-01", "country_from": "BR", "country_to": "IT", "value": "0", "unit": "kg"}, {"date": "2020-06-01", "country_from": "BR", "country_to": "IT", "value": "0", "unit": "kg"}, {"date": "2020-07-01", "country_from": "BR", "country_to": "IT", "value": "0", "unit": "kg"}, {"date": "2018-12-01", "country_from": "BR", "country_to": "JP", "value": "0", "unit": "kg"}, {"date": "2019-01-01", "country_from": "BR", "country_to": "JP", "value": "700", "unit": "kg"}, {"date": "2019-02-01", "country_from": "BR", "country_to": "JP", "value": "0", "unit": "kg"}, {"date": "2019-03-01", "country_from": "BR", "country_to": "JP", "value": "0", "unit": "kg"}, {"date": "2019-04-01", "country_from": "BR", "country_to": "JP", "value": "0", "unit": "kg"}, {"date": "2019-05-01", "country_from": "BR", "country_to": "JP", "value": "0", "unit": "kg"}, {"date": "2019-06-01", "country_from": "BR", "country_to": "JP", "value": "0", "unit": "kg"}, {"date": "2019-07-01", "country_from": "BR", "country_to": "JP", "value": "0", "unit": "kg"}, {"date": "2019-08-01", "country_from": "BR", "country_to": "JP", "value": "0", "unit": "kg"}, {"date": "2019-09-01", "country_from": "BR", "country_to": "JP", "value": "0", "unit": "kg"}, {"date": "2019-10-01", "country_from": "BR", "country_to": "JP", "value": "0", "unit": "kg"}, {"date": "2019-11-01", "country_from": "BR", "country_to": "JP", "value": "0", "unit": "kg"}, {"date": "2019-12-01", "country_from": "BR", "country_to": "JP", "value": "0", "unit": "kg"}, {"date": "2020-01-01", "country_from": "BR", "country_to": "JP", "value": "0", "unit": "kg"}, {"date": "2020-02-01", "country_from": "BR", "country_to": "JP", "value": "0", "unit": "kg"}, {"date": "2020-03-01", "country_from": "BR", "country_to": "JP", "value": "0", "unit": "kg"}, {"date": "2020-04-01", "country_from": "BR", "country_to": "JP", "value": "0", "unit": "kg"}, {"date": "2020-05-01", "country_from": "BR", "country_to": "JP", "value": "0", "unit": "kg"}, {"date": "2020-06-01", "country_from": "BR", "country_to": "JP", "value": "0", "unit": "kg"}, {"date": "2020-07-01", "country_from": "BR", "country_to": "JP", "value": "0", "unit": "kg"}, {"date": "2018-12-01", "country_from": "BR", "country_to": "AO", "value": "0", "unit": "kg"}, {"date": "2019-01-01", "country_from": "BR", "country_to": "AO", "value": "0", "unit": "kg"}, {"date": "2019-02-01", "country_from": "BR", "country_to": "AO", "value": "0", "unit": "kg"}, {"date": "2019-03-01", "country_from": "BR", "country_to": "AO", "value": "0", "unit": "kg"}, {"date": "2019-04-01", "country_from": "BR", "country_to": "AO", "value": "0", "unit": "kg"}, {"date": "2019-05-01", "country_from": "BR", "country_to": "AO", "value": "0", "unit": "kg"}, {"date": "2019-06-01", "country_from": "BR", "country_to": "AO", "value": "0", "unit": "kg"}, {"date": "2019-07-01", "country_from": "BR", "country_to": "AO", "value": "0", "unit": "kg"}, {"date": "2019-08-01", "country_from": "BR", "country_to": "AO", "value": "0", "unit": "kg"}, {"date": "2019-09-01", "country_from": "BR", "country_to": "AO", "value": "0", "unit": "kg"}, {"date": "2019-10-01", "country_from": "BR", "country_to": "AO", "value": "0", "unit": "kg"}, {"date": "2019-11-01", "country_from": "BR", "country_to": "AO", "value": "250000", "unit": "kg"}, {"date": "2019-12-01", "country_from": "BR", "country_to": "AO", "value": "0", "unit": "kg"}, {"date": "2020-01-01", "country_from": "BR", "country_to": "AO", "value": "0", "unit": "kg"}, {"date": "2020-02-01", "country_from": "BR", "country_to": "AO", "value": "0", "unit": "kg"}, {"date": "2020-03-01", "country_from": "BR", "country_to": "AO", "value": "0", "unit": "kg"}, {"date": "2020-04-01", "country_from": "BR", "country_to": "AO", "value": "0", "unit": "kg"}, {"date": "2020-05-01", "country_from": "BR", "country_to": "AO", "value": "0", "unit": "kg"}, {"date": "2020-06-01", "country_from": "BR", "country_to": "AO", "value": "0", "unit": "kg"}, {"date": "2020-07-01", "country_from": "BR", "country_to": "AO", "value": "0", "unit": "kg"}, {"date": "2018-12-01", "country_from": "BR", "country_to": "AG", "value": "0", "unit": "kg"}, {"date": "2019-01-01", "country_from": "BR", "country_to": "AG", "value": "0", "unit": "kg"}, {"date": "2019-02-01", "country_from": "BR", "country_to": "AG", "value": "0", "unit": "kg"}, {"date": "2019-03-01", "country_from": "BR", "country_to": "AG", "value": "0", "unit": "kg"}, {"date": "2019-04-01", "country_from": "BR", "country_to": "AG", "value": "0", "unit": "kg"}, {"date": "2019-05-01", "country_from": "BR", "country_to": "AG", "value": "0", "unit": "kg"}, {"date": "2019-06-01", "country_from": "BR", "country_to": "AG", "value": "0", "unit": "kg"}, {"date": "2019-07-01", "country_from": "BR", "country_to": "AG", "value": "0", "unit": "kg"}, {"date": "2019-08-01", "country_from": "BR", "country_to": "AG", "value": "0", "unit": "kg"}, {"date": "2019-09-01", "country_from": "BR", "country_to": "AG", "value": "0", "unit": "kg"}, {"date": "2019-10-01", "country_from": "BR", "country_to": "AG", "value": "0", "unit": "kg"}, {"date": "2019-11-01", "country_from": "BR", "country_to": "AG", "value": "200", "unit": "kg"}, {"date": "2019-12-01", "country_from": "BR", "country_to": "AG", "value": "180", "unit": "kg"}, {"date": "2020-01-01", "country_from": "BR", "country_to": "AG", "value": "0", "unit": "kg"}, {"date": "2020-02-01", "country_from": "BR", "country_to": "AG", "value": "0", "unit": "kg"}, {"date": "2020-03-01", "country_from": "BR", "country_to": "AG", "value": "0", "unit": "kg"}, {"date": "2020-04-01", "country_from": "BR", "country_to": "AG", "value": "0", "unit": "kg"}, {"date": "2020-05-01", "country_from": "BR", "country_to": "AG", "value": "0", "unit": "kg"}, {"date": "2020-06-01", "country_from": "BR", "country_to": "AG", "value": "0", "unit": "kg"}, {"date": "2020-07-01", "country_from": "BR", "country_to": "AG", "value": "0", "unit": "kg"}, {"date": "2018-12-01", "country_from": "BR", "country_to": "AR", "value": "0", "unit": "kg"}, {"date": "2019-01-01", "country_from": "BR", "country_to": "AR", "value": "0", "unit": "kg"}, {"date": "2019-02-01", "country_from": "BR", "country_to": "AR", "value": "0", "unit": "kg"}, {"date": "2019-03-01", "country_from": "BR", "country_to": "AR", "value": "0", "unit": "kg"}, {"date": "2019-04-01", "country_from": "BR", "country_to": "AR", "value": "0", "unit": "kg"}, {"date": "2019-05-01", "country_from": "BR", "country_to": "AR", "value": "0", "unit": "kg"}, {"date": "2019-06-01", "country_from": "BR", "country_to": "AR", "value": "0", "unit": "kg"}, {"date": "2019-07-01", "country_from": "BR", "country_to": "AR", "value": "0", "unit": "kg"}, {"date": "2019-08-01", "country_from": "BR", "country_to": "AR", "value": "90000", "unit": "kg"}, {"date": "2019-09-01", "country_from": "BR", "country_to": "AR", "value": "0", "unit": "kg"}, {"date": "2019-10-01", "country_from": "BR", "country_to": "AR", "value": "0", "unit": "kg"}, {"date": "2019-11-01", "country_from": "BR", "country_to": "AR", "value": "0", "unit": "kg"}, {"date": "2019-12-01", "country_from": "BR", "country_to": "AR", "value": "0", "unit": "kg"}, {"date": "2020-01-01", "country_from": "BR", "country_to": "AR", "value": "0", "unit": "kg"}, {"date": "2020-02-01", "country_from": "BR", "country_to": "AR", "value": "0", "unit": "kg"}, {"date": "2020-03-01", "country_from": "BR", "country_to": "AR", "value": "0", "unit": "kg"}, {"date": "2020-04-01", "country_from": "BR", "country_to": "AR", "value": "0", "unit": "kg"}, {"date": "2020-05-01", "country_from": "BR", "country_to": "AR", "value": "0", "unit": "kg"}, {"date": "2020-06-01", "country_from": "BR", "country_to": "AR", "value": "0", "unit": "kg"}, {"date": "2020-07-01", "country_from": "BR", "country_to": "AR", "value": "0", "unit": "kg"}, {"date": "2018-12-01", "country_from": "BR", "country_to": "BS", "value": "0", "unit": "kg"}, {"date": "2019-01-01", "country_from": "BR", "country_to": "BS", "value": "0", "unit": "kg"}, {"date": "2019-02-01", "country_from": "BR", "country_to": "BS", "value": "0", "unit": "kg"}, {"date": "2019-03-01", "country_from": "BR", "country_to": "BS", "value": "530", "unit": "kg"}, {"date": "2019-04-01", "country_from": "BR", "country_to": "BS", "value": "0", "unit": "kg"}, {"date": "2019-05-01", "country_from": "BR", "country_to": "BS", "value": "0", "unit": "kg"}, {"date": "2019-06-01", "country_from": "BR", "country_to": "BS", "value": "0", "unit": "kg"}, {"date": "2019-07-01", "country_from": "BR", "country_to": "BS", "value": "1000", "unit": "kg"}, {"date": "2019-08-01", "country_from": "BR", "country_to": "BS", "value": "0", "unit": "kg"}, {"date": "2019-09-01", "country_from": "BR", "country_to": "BS", "value": "100", "unit": "kg"}, {"date": "2019-10-01", "country_from": "BR", "country_to": "BS", "value": "0", "unit": "kg"}, {"date": "2019-11-01", "country_from": "BR", "country_to": "BS", "value": "0", "unit": "kg"}, {"date": "2019-12-01", "country_from": "BR", "country_to": "BS", "value": "0", "unit": "kg"}, {"date": "2020-01-01", "country_from": "BR", "country_to": "BS", "value": "0", "unit": "kg"}, {"date": "2020-02-01", "country_from": "BR", "country_to": "BS", "value": "0", "unit": "kg"}, {"date": "2020-03-01", "country_from": "BR", "country_to": "BS", "value": "0", "unit": "kg"}, {"date": "2020-04-01", "country_from": "BR", "country_to": "BS", "value": "0", "unit": "kg"}, {"date": "2020-05-01", "country_from": "BR", "country_to": "BS", "value": "790", "unit": "kg"}, {"date": "2020-06-01", "country_from": "BR", "country_to": "BS", "value": "0", "unit": "kg"}, {"date": "2020-07-01", "country_from": "BR", "country_to": "BS", "value": "0", "unit": "kg"}]