[{"date": "2019-01-01", "country_from": "BD", "country_to": "US", "value": "46312", "unit": "kg"}, {"date": "2019-02-01", "country_from": "BD", "country_to": "US", "value": "107575", "unit": "kg"}, {"date": "2019-03-01", "country_from": "BD", "country_to": "US", "value": "197904", "unit": "kg"}, {"date": "2019-04-01", "country_from": "BD", "country_to": "US", "value": "195795", "unit": "kg"}, {"date": "2019-05-01", "country_from": "BD", "country_to": "US", "value": "242520", "unit": "kg"}, {"date": "2019-06-01", "country_from": "BD", "country_to": "US", "value": "149640", "unit": "kg"}, {"date": "2019-07-01", "country_from": "BD", "country_to": "US", "value": "168751", "unit": "kg"}, {"date": "2019-08-01", "country_from": "BD", "country_to": "US", "value": "121955", "unit": "kg"}, {"date": "2019-09-01", "country_from": "BD", "country_to": "US", "value": "124849", "unit": "kg"}, {"date": "2019-10-01", "country_from": "BD", "country_to": "US", "value": "125957", "unit": "kg"}, {"date": "2019-11-01", "country_from": "BD", "country_to": "US", "value": "66006", "unit": "kg"}, {"date": "2019-12-01", "country_from": "BD", "country_to": "US", "value": "127513", "unit": "kg"}, {"date": "2020-01-01", "country_from": "BD", "country_to": "US", "value": "77427", "unit": "kg"}, {"date": "2020-02-01", "country_from": "BD", "country_to": "US", "value": "104541", "unit": "kg"}, {"date": "2020-03-01", "country_from": "BD", "country_to": "US", "value": "231511", "unit": "kg"}, {"date": "2020-04-01", "country_from": "BD", "country_to": "US", "value": "356604", "unit": "kg"}, {"date": "2020-05-01", "country_from": "BD", "country_to": "US", "value": "183481", "unit": "kg"}, {"date": "2020-06-01", "country_from": "BD", "country_to": "US", "value": "205114", "unit": "kg"}, {"date": "2020-07-01", "country_from": "BD", "country_to": "US", "value": "223199", "unit": "kg"}, {"date": "2020-08-01", "country_from": "BD", "country_to": "US", "value": "400668", "unit": "kg"}, {"date": "2019-01-01", "country_from": "BD", "country_to": "GR", "value": "16000", "unit": "kg"}, {"date": "2019-02-01", "country_from": "BD", "country_to": "GR", "value": "37820", "unit": "kg"}, {"date": "2019-03-01", "country_from": "BD", "country_to": "GR", "value": "21500", "unit": "kg"}, {"date": "2019-04-01", "country_from": "BD", "country_to": "GR", "value": "71350", "unit": "kg"}, {"date": "2019-05-01", "country_from": "BD", "country_to": "GR", "value": "20000", "unit": "kg"}, {"date": "2019-06-01", "country_from": "BD", "country_to": "GR", "value": "81820", "unit": "kg"}, {"date": "2019-07-01", "country_from": "BD", "country_to": "GR", "value": "21000", "unit": "kg"}, {"date": "2019-08-01", "country_from": "BD", "country_to": "GR", "value": "40000", "unit": "kg"}, {"date": "2019-09-01", "country_from": "BD", "country_to": "GR", "value": "68960", "unit": "kg"}, {"date": "2019-10-01", "country_from": "BD", "country_to": "GR", "value": "22500", "unit": "kg"}, {"date": "2019-11-01", "country_from": "BD", "country_to": "GR", "value": "98900", "unit": "kg"}, {"date": "2019-12-01", "country_from": "BD", "country_to": "GR", "value": "17700", "unit": "kg"}, {"date": "2020-01-01", "country_from": "BD", "country_to": "GR", "value": "61500", "unit": "kg"}, {"date": "2020-02-01", "country_from": "BD", "country_to": "GR", "value": "86100", "unit": "kg"}, {"date": "2020-03-01", "country_from": "BD", "country_to": "GR", "value": "174900", "unit": "kg"}, {"date": "2020-04-01", "country_from": "BD", "country_to": "GR", "value": "183200", "unit": "kg"}, {"date": "2020-05-01", "country_from": "BD", "country_to": "GR", "value": "40000", "unit": "kg"}, {"date": "2020-06-01", "country_from": "BD", "country_to": "GR", "value": "80500", "unit": "kg"}, {"date": "2020-07-01", "country_from": "BD", "country_to": "GR", "value": "189600", "unit": "kg"}, {"date": "2020-08-01", "country_from": "BD", "country_to": "GR", "value": "182000", "unit": "kg"}, {"date": "2019-01-01", "country_from": "BD", "country_to": "GB", "value": "19850", "unit": "kg"}, {"date": "2019-02-01", "country_from": "BD", "country_to": "GB", "value": "4400", "unit": "kg"}, {"date": "2019-03-01", "country_from": "BD", "country_to": "GB", "value": "22600", "unit": "kg"}, {"date": "2019-04-01", "country_from": "BD", "country_to": "GB", "value": "21820", "unit": "kg"}, {"date": "2019-05-01", "country_from": "BD", "country_to": "GB", "value": "23710", "unit": "kg"}, {"date": "2019-06-01", "country_from": "BD", "country_to": "GB", "value": "27300", "unit": "kg"}, {"date": "2019-07-01", "country_from": "BD", "country_to": "GB", "value": "41695", "unit": "kg"}, {"date": "2019-08-01", "country_from": "BD", "country_to": "GB", "value": "42180", "unit": "kg"}, {"date": "2019-09-01", "country_from": "BD", "country_to": "GB", "value": "26740", "unit": "kg"}, {"date": "2019-10-01", "country_from": "BD", "country_to": "GB", "value": "13610", "unit": "kg"}, {"date": "2019-11-01", "country_from": "BD", "country_to": "GB", "value": "7990", "unit": "kg"}, {"date": "2019-12-01", "country_from": "BD", "country_to": "GB", "value": "19710", "unit": "kg"}, {"date": "2020-01-01", "country_from": "BD", "country_to": "GB", "value": "41050", "unit": "kg"}, {"date": "2020-02-01", "country_from": "BD", "country_to": "GB", "value": "42810", "unit": "kg"}, {"date": "2020-03-01", "country_from": "BD", "country_to": "GB", "value": "48365", "unit": "kg"}, {"date": "2020-04-01", "country_from": "BD", "country_to": "GB", "value": "77775", "unit": "kg"}, {"date": "2020-05-01", "country_from": "BD", "country_to": "GB", "value": "20550", "unit": "kg"}, {"date": "2020-06-01", "country_from": "BD", "country_to": "GB", "value": "14863", "unit": "kg"}, {"date": "2020-07-01", "country_from": "BD", "country_to": "GB", "value": "33426", "unit": "kg"}, {"date": "2020-08-01", "country_from": "BD", "country_to": "GB", "value": "46545", "unit": "kg"}, {"date": "2019-01-01", "country_from": "BD", "country_to": "IE", "value": "711", "unit": "kg"}, {"date": "2019-04-01", "country_from": "BD", "country_to": "IE", "value": "1207", "unit": "kg"}, {"date": "2019-07-01", "country_from": "BD", "country_to": "IE", "value": "2850", "unit": "kg"}, {"date": "2020-04-01", "country_from": "BD", "country_to": "IE", "value": "210", "unit": "kg"}, {"date": "2020-08-01", "country_from": "BD", "country_to": "IE", "value": "1500", "unit": "kg"}, {"date": "2019-05-01", "country_from": "BD", "country_to": "JP", "value": "3", "unit": "kg"}, {"date": "2019-08-01", "country_from": "BD", "country_to": "JP", "value": "1", "unit": "kg"}, {"date": "2019-09-01", "country_from": "BD", "country_to": "JP", "value": "5", "unit": "kg"}, {"date": "2020-03-01", "country_from": "BD", "country_to": "JP", "value": "4", "unit": "kg"}, {"date": "2020-04-01", "country_from": "BD", "country_to": "JP", "value": "2", "unit": "kg"}, {"date": "2020-05-01", "country_from": "BD", "country_to": "JP", "value": "2", "unit": "kg"}, {"date": "2020-08-01", "country_from": "BD", "country_to": "JP", "value": "5", "unit": "kg"}, {"date": "2019-01-01", "country_from": "BD", "country_to": "MY", "value": "120000", "unit": "kg"}, {"date": "2019-03-01", "country_from": "BD", "country_to": "MY", "value": "175000", "unit": "kg"}, {"date": "2019-04-01", "country_from": "BD", "country_to": "MY", "value": "90000", "unit": "kg"}, {"date": "2019-05-01", "country_from": "BD", "country_to": "MY", "value": "170000", "unit": "kg"}, {"date": "2019-06-01", "country_from": "BD", "country_to": "MY", "value": "20000", "unit": "kg"}, {"date": "2019-07-01", "country_from": "BD", "country_to": "MY", "value": "36000", "unit": "kg"}, {"date": "2019-08-01", "country_from": "BD", "country_to": "MY", "value": "100000", "unit": "kg"}, {"date": "2019-10-01", "country_from": "BD", "country_to": "MY", "value": "120000", "unit": "kg"}, {"date": "2019-12-01", "country_from": "BD", "country_to": "MY", "value": "125000", "unit": "kg"}, {"date": "2020-01-01", "country_from": "BD", "country_to": "MY", "value": "100000", "unit": "kg"}, {"date": "2020-02-01", "country_from": "BD", "country_to": "MY", "value": "120000", "unit": "kg"}, {"date": "2020-05-01", "country_from": "BD", "country_to": "MY", "value": "220000", "unit": "kg"}, {"date": "2020-06-01", "country_from": "BD", "country_to": "MY", "value": "20000", "unit": "kg"}, {"date": "2019-02-01", "country_from": "BD", "country_to": "MU", "value": "4926", "unit": "kg"}, {"date": "2019-03-01", "country_from": "BD", "country_to": "MU", "value": "7000", "unit": "kg"}, {"date": "2019-05-01", "country_from": "BD", "country_to": "MU", "value": "20536", "unit": "kg"}, {"date": "2019-08-01", "country_from": "BD", "country_to": "MU", "value": "3000", "unit": "kg"}, {"date": "2019-10-01", "country_from": "BD", "country_to": "MU", "value": "4500", "unit": "kg"}, {"date": "2019-12-01", "country_from": "BD", "country_to": "MU", "value": "3309", "unit": "kg"}, {"date": "2020-02-01", "country_from": "BD", "country_to": "MU", "value": "12650", "unit": "kg"}, {"date": "2020-04-01", "country_from": "BD", "country_to": "MU", "value": "25250", "unit": "kg"}, {"date": "2020-05-01", "country_from": "BD", "country_to": "MU", "value": "3300", "unit": "kg"}, {"date": "2019-05-01", "country_from": "BD", "country_to": "NL", "value": "1000", "unit": "kg"}, {"date": "2019-01-01", "country_from": "BD", "country_to": "NZ", "value": "853", "unit": "kg"}, {"date": "2019-05-01", "country_from": "BD", "country_to": "NZ", "value": "1625", "unit": "kg"}, {"date": "2019-07-01", "country_from": "BD", "country_to": "NZ", "value": "8021", "unit": "kg"}, {"date": "2019-09-01", "country_from": "BD", "country_to": "NZ", "value": "9973", "unit": "kg"}, {"date": "2019-11-01", "country_from": "BD", "country_to": "NZ", "value": "10510", "unit": "kg"}, {"date": "2020-02-01", "country_from": "BD", "country_to": "NZ", "value": "13928", "unit": "kg"}, {"date": "2020-03-01", "country_from": "BD", "country_to": "NZ", "value": "6812", "unit": "kg"}, {"date": "2019-02-01", "country_from": "BD", "country_to": "NO", "value": "196", "unit": "kg"}, {"date": "2019-05-01", "country_from": "BD", "country_to": "PH", "value": "1590", "unit": "kg"}, {"date": "2019-03-01", "country_from": "BD", "country_to": "PT", "value": "950", "unit": "kg"}, {"date": "2019-04-01", "country_from": "BD", "country_to": "PT", "value": "500", "unit": "kg"}, {"date": "2019-08-01", "country_from": "BD", "country_to": "PT", "value": "2000", "unit": "kg"}, {"date": "2019-10-01", "country_from": "BD", "country_to": "PT", "value": "600", "unit": "kg"}, {"date": "2020-01-01", "country_from": "BD", "country_to": "PT", "value": "2131", "unit": "kg"}, {"date": "2020-03-01", "country_from": "BD", "country_to": "PT", "value": "4725", "unit": "kg"}, {"date": "2020-04-01", "country_from": "BD", "country_to": "PT", "value": "1950", "unit": "kg"}, {"date": "2020-07-01", "country_from": "BD", "country_to": "PT", "value": "900", "unit": "kg"}, {"date": "2019-01-01", "country_from": "BD", "country_to": "SG", "value": "19", "unit": "kg"}, {"date": "2019-02-01", "country_from": "BD", "country_to": "SG", "value": "4", "unit": "kg"}, {"date": "2019-04-01", "country_from": "BD", "country_to": "SG", "value": "35", "unit": "kg"}, {"date": "2019-05-01", "country_from": "BD", "country_to": "SG", "value": "37", "unit": "kg"}, {"date": "2019-06-01", "country_from": "BD", "country_to": "SG", "value": "10", "unit": "kg"}, {"date": "2019-08-01", "country_from": "BD", "country_to": "SG", "value": "21", "unit": "kg"}, {"date": "2019-10-01", "country_from": "BD", "country_to": "SG", "value": "18", "unit": "kg"}, {"date": "2019-12-01", "country_from": "BD", "country_to": "SG", "value": "8", "unit": "kg"}, {"date": "2020-01-01", "country_from": "BD", "country_to": "SG", "value": "49", "unit": "kg"}, {"date": "2020-02-01", "country_from": "BD", "country_to": "SG", "value": "10", "unit": "kg"}, {"date": "2020-03-01", "country_from": "BD", "country_to": "SG", "value": "3", "unit": "kg"}, {"date": "2020-04-01", "country_from": "BD", "country_to": "SG", "value": "43", "unit": "kg"}, {"date": "2020-05-01", "country_from": "BD", "country_to": "SG", "value": "20", "unit": "kg"}, {"date": "2019-01-01", "country_from": "BD", "country_to": "ZA", "value": "3000", "unit": "kg"}, {"date": "2019-02-01", "country_from": "BD", "country_to": "ZA", "value": "6710", "unit": "kg"}, {"date": "2019-05-01", "country_from": "BD", "country_to": "ZA", "value": "3400", "unit": "kg"}, {"date": "2019-06-01", "country_from": "BD", "country_to": "ZA", "value": "1700", "unit": "kg"}, {"date": "2019-08-01", "country_from": "BD", "country_to": "ZA", "value": "7800", "unit": "kg"}, {"date": "2019-09-01", "country_from": "BD", "country_to": "ZA", "value": "800", "unit": "kg"}, {"date": "2019-11-01", "country_from": "BD", "country_to": "ZA", "value": "3150", "unit": "kg"}, {"date": "2019-12-01", "country_from": "BD", "country_to": "ZA", "value": "6280", "unit": "kg"}, {"date": "2020-01-01", "country_from": "BD", "country_to": "ZA", "value": "1644", "unit": "kg"}, {"date": "2020-02-01", "country_from": "BD", "country_to": "ZA", "value": "2625", "unit": "kg"}, {"date": "2020-03-01", "country_from": "BD", "country_to": "ZA", "value": "5479", "unit": "kg"}, {"date": "2019-02-01", "country_from": "BD", "country_to": "SE", "value": "1500", "unit": "kg"}, {"date": "2019-04-01", "country_from": "BD", "country_to": "SE", "value": "15900", "unit": "kg"}, {"date": "2019-05-01", "country_from": "BD", "country_to": "SE", "value": "1000", "unit": "kg"}, {"date": "2019-06-01", "country_from": "BD", "country_to": "SE", "value": "4500", "unit": "kg"}, {"date": "2019-11-01", "country_from": "BD", "country_to": "SE", "value": "800", "unit": "kg"}, {"date": "2019-12-01", "country_from": "BD", "country_to": "SE", "value": "15000", "unit": "kg"}, {"date": "2020-02-01", "country_from": "BD", "country_to": "SE", "value": "4200", "unit": "kg"}, {"date": "2020-04-01", "country_from": "BD", "country_to": "SE", "value": "2600", "unit": "kg"}, {"date": "2020-05-01", "country_from": "BD", "country_to": "SE", "value": "3000", "unit": "kg"}, {"date": "2020-07-01", "country_from": "BD", "country_to": "SE", "value": "4950", "unit": "kg"}, {"date": "2020-03-01", "country_from": "BD", "country_to": "CH", "value": "2511", "unit": "kg"}, {"date": "2020-04-01", "country_from": "BD", "country_to": "CH", "value": "2900", "unit": "kg"}, {"date": "2019-01-01", "country_from": "BD", "country_to": "AE", "value": "12049", "unit": "kg"}, {"date": "2019-02-01", "country_from": "BD", "country_to": "AE", "value": "46200", "unit": "kg"}, {"date": "2019-03-01", "country_from": "BD", "country_to": "AE", "value": "14502", "unit": "kg"}, {"date": "2019-04-01", "country_from": "BD", "country_to": "AE", "value": "219031", "unit": "kg"}, {"date": "2019-05-01", "country_from": "BD", "country_to": "AE", "value": "28577", "unit": "kg"}, {"date": "2019-06-01", "country_from": "BD", "country_to": "AE", "value": "38260", "unit": "kg"}, {"date": "2019-07-01", "country_from": "BD", "country_to": "AE", "value": "59517", "unit": "kg"}, {"date": "2019-10-01", "country_from": "BD", "country_to": "AE", "value": "6500", "unit": "kg"}, {"date": "2019-11-01", "country_from": "BD", "country_to": "AE", "value": "186961", "unit": "kg"}, {"date": "2019-12-01", "country_from": "BD", "country_to": "AE", "value": "24200", "unit": "kg"}, {"date": "2019-01-01", "country_from": "BD", "country_to": "AU", "value": "22598", "unit": "kg"}, {"date": "2019-02-01", "country_from": "BD", "country_to": "AU", "value": "36400", "unit": "kg"}, {"date": "2019-03-01", "country_from": "BD", "country_to": "AU", "value": "74243", "unit": "kg"}, {"date": "2019-04-01", "country_from": "BD", "country_to": "AU", "value": "56720", "unit": "kg"}, {"date": "2019-05-01", "country_from": "BD", "country_to": "AU", "value": "29800", "unit": "kg"}, {"date": "2019-06-01", "country_from": "BD", "country_to": "AU", "value": "17500", "unit": "kg"}, {"date": "2019-07-01", "country_from": "BD", "country_to": "AU", "value": "38100", "unit": "kg"}, {"date": "2019-08-01", "country_from": "BD", "country_to": "AU", "value": "12000", "unit": "kg"}, {"date": "2019-09-01", "country_from": "BD", "country_to": "AU", "value": "54400", "unit": "kg"}, {"date": "2019-10-01", "country_from": "BD", "country_to": "AU", "value": "18550", "unit": "kg"}, {"date": "2019-11-01", "country_from": "BD", "country_to": "AU", "value": "6000", "unit": "kg"}, {"date": "2019-12-01", "country_from": "BD", "country_to": "AU", "value": "18000", "unit": "kg"}, {"date": "2020-01-01", "country_from": "BD", "country_to": "AU", "value": "57900", "unit": "kg"}, {"date": "2020-02-01", "country_from": "BD", "country_to": "AU", "value": "46700", "unit": "kg"}, {"date": "2020-03-01", "country_from": "BD", "country_to": "AU", "value": "26000", "unit": "kg"}, {"date": "2020-04-01", "country_from": "BD", "country_to": "AU", "value": "76510", "unit": "kg"}, {"date": "2020-05-01", "country_from": "BD", "country_to": "AU", "value": "84400", "unit": "kg"}, {"date": "2020-06-01", "country_from": "BD", "country_to": "AU", "value": "80078", "unit": "kg"}, {"date": "2020-07-01", "country_from": "BD", "country_to": "AU", "value": "49600", "unit": "kg"}, {"date": "2020-04-01", "country_from": "BD", "country_to": "AT", "value": "14000", "unit": "kg"}, {"date": "2019-03-01", "country_from": "BD", "country_to": "BH", "value": "3000", "unit": "kg"}, {"date": "2019-04-01", "country_from": "BD", "country_to": "BH", "value": "11700", "unit": "kg"}, {"date": "2019-05-01", "country_from": "BD", "country_to": "BH", "value": "12000", "unit": "kg"}, {"date": "2019-06-01", "country_from": "BD", "country_to": "BH", "value": "14240", "unit": "kg"}, {"date": "2019-07-01", "country_from": "BD", "country_to": "BH", "value": "6000", "unit": "kg"}, {"date": "2019-09-01", "country_from": "BD", "country_to": "BH", "value": "3120", "unit": "kg"}, {"date": "2019-10-01", "country_from": "BD", "country_to": "BH", "value": "12000", "unit": "kg"}, {"date": "2019-11-01", "country_from": "BD", "country_to": "BH", "value": "8060", "unit": "kg"}, {"date": "2019-12-01", "country_from": "BD", "country_to": "BH", "value": "6910", "unit": "kg"}, {"date": "2020-02-01", "country_from": "BD", "country_to": "BH", "value": "13680", "unit": "kg"}, {"date": "2020-03-01", "country_from": "BD", "country_to": "BH", "value": "17000", "unit": "kg"}, {"date": "2020-04-01", "country_from": "BD", "country_to": "BH", "value": "3744", "unit": "kg"}, {"date": "2020-05-01", "country_from": "BD", "country_to": "BH", "value": "8000", "unit": "kg"}, {"date": "2020-06-01", "country_from": "BD", "country_to": "BH", "value": "16840", "unit": "kg"}, {"date": "2020-07-01", "country_from": "BD", "country_to": "BH", "value": "17160", "unit": "kg"}, {"date": "2020-04-01", "country_from": "BD", "country_to": "BE", "value": "19800", "unit": "kg"}, {"date": "2019-02-01", "country_from": "BD", "country_to": "BN", "value": "1080", "unit": "kg"}, {"date": "2019-03-01", "country_from": "BD", "country_to": "BN", "value": "200", "unit": "kg"}, {"date": "2019-04-01", "country_from": "BD", "country_to": "BN", "value": "1480", "unit": "kg"}, {"date": "2019-05-01", "country_from": "BD", "country_to": "BN", "value": "2180", "unit": "kg"}, {"date": "2019-07-01", "country_from": "BD", "country_to": "BN", "value": "2160", "unit": "kg"}, {"date": "2019-09-01", "country_from": "BD", "country_to": "BN", "value": "1940", "unit": "kg"}, {"date": "2019-12-01", "country_from": "BD", "country_to": "BN", "value": "2400", "unit": "kg"}, {"date": "2019-01-01", "country_from": "BD", "country_to": "CA", "value": "10", "unit": "kg"}, {"date": "2019-02-01", "country_from": "BD", "country_to": "CA", "value": "1", "unit": "kg"}, {"date": "2019-03-01", "country_from": "BD", "country_to": "CA", "value": "2", "unit": "kg"}, {"date": "2019-04-01", "country_from": "BD", "country_to": "CA", "value": "34", "unit": "kg"}, {"date": "2019-05-01", "country_from": "BD", "country_to": "CA", "value": "85", "unit": "kg"}, {"date": "2019-06-01", "country_from": "BD", "country_to": "CA", "value": "16", "unit": "kg"}, {"date": "2019-07-01", "country_from": "BD", "country_to": "CA", "value": "7", "unit": "kg"}, {"date": "2019-08-01", "country_from": "BD", "country_to": "CA", "value": "27", "unit": "kg"}, {"date": "2019-09-01", "country_from": "BD", "country_to": "CA", "value": "11", "unit": "kg"}, {"date": "2019-10-01", "country_from": "BD", "country_to": "CA", "value": "15", "unit": "kg"}, {"date": "2019-11-01", "country_from": "BD", "country_to": "CA", "value": "8", "unit": "kg"}, {"date": "2019-12-01", "country_from": "BD", "country_to": "CA", "value": "16", "unit": "kg"}, {"date": "2020-01-01", "country_from": "BD", "country_to": "CA", "value": "27", "unit": "kg"}, {"date": "2020-03-01", "country_from": "BD", "country_to": "CA", "value": "10810", "unit": "kg"}, {"date": "2020-04-01", "country_from": "BD", "country_to": "CA", "value": "93", "unit": "kg"}, {"date": "2020-05-01", "country_from": "BD", "country_to": "CA", "value": "20", "unit": "kg"}, {"date": "2020-06-01", "country_from": "BD", "country_to": "CA", "value": "14", "unit": "kg"}, {"date": "2019-01-01", "country_from": "BD", "country_to": "CY", "value": "1300", "unit": "kg"}, {"date": "2019-04-01", "country_from": "BD", "country_to": "CY", "value": "1000", "unit": "kg"}, {"date": "2019-05-01", "country_from": "BD", "country_to": "CY", "value": "1000", "unit": "kg"}, {"date": "2019-06-01", "country_from": "BD", "country_to": "CY", "value": "6300", "unit": "kg"}, {"date": "2019-11-01", "country_from": "BD", "country_to": "CY", "value": "700", "unit": "kg"}, {"date": "2020-01-01", "country_from": "BD", "country_to": "CY", "value": "1000", "unit": "kg"}, {"date": "2020-02-01", "country_from": "BD", "country_to": "CY", "value": "19725", "unit": "kg"}, {"date": "2020-05-01", "country_from": "BD", "country_to": "CY", "value": "1200", "unit": "kg"}, {"date": "2020-06-01", "country_from": "BD", "country_to": "CY", "value": "19990", "unit": "kg"}, {"date": "2019-02-01", "country_from": "BD", "country_to": "FI", "value": "500", "unit": "kg"}, {"date": "2019-10-01", "country_from": "BD", "country_to": "FI", "value": "2500", "unit": "kg"}, {"date": "2020-03-01", "country_from": "BD", "country_to": "FI", "value": "900", "unit": "kg"}, {"date": "2019-03-01", "country_from": "BD", "country_to": "DE", "value": "1", "unit": "kg"}, {"date": "2019-06-01", "country_from": "BD", "country_to": "DE", "value": "1", "unit": "kg"}, {"date": "2019-09-01", "country_from": "BD", "country_to": "DE", "value": "4", "unit": "kg"}, {"date": "2020-01-01", "country_from": "BD", "country_to": "DE", "value": "2", "unit": "kg"}, {"date": "2020-03-01", "country_from": "BD", "country_to": "DE", "value": "6", "unit": "kg"}, {"date": "2020-06-01", "country_from": "BD", "country_to": "DE", "value": "2", "unit": "kg"}, {"date": "2020-07-01", "country_from": "BD", "country_to": "DE", "value": "1", "unit": "kg"}, {"date": "2019-01-01", "country_from": "BD", "country_to": "IT", "value": "2000", "unit": "kg"}, {"date": "2019-02-01", "country_from": "BD", "country_to": "IT", "value": "23400", "unit": "kg"}, {"date": "2019-03-01", "country_from": "BD", "country_to": "IT", "value": "66150", "unit": "kg"}, {"date": "2019-04-01", "country_from": "BD", "country_to": "IT", "value": "97290", "unit": "kg"}, {"date": "2019-05-01", "country_from": "BD", "country_to": "IT", "value": "141600", "unit": "kg"}, {"date": "2019-06-01", "country_from": "BD", "country_to": "IT", "value": "45600", "unit": "kg"}, {"date": "2019-08-01", "country_from": "BD", "country_to": "IT", "value": "53000", "unit": "kg"}, {"date": "2019-09-01", "country_from": "BD", "country_to": "IT", "value": "35580", "unit": "kg"}, {"date": "2019-10-01", "country_from": "BD", "country_to": "IT", "value": "123950", "unit": "kg"}, {"date": "2019-11-01", "country_from": "BD", "country_to": "IT", "value": "115912", "unit": "kg"}, {"date": "2019-12-01", "country_from": "BD", "country_to": "IT", "value": "24008", "unit": "kg"}, {"date": "2020-01-01", "country_from": "BD", "country_to": "IT", "value": "17250", "unit": "kg"}, {"date": "2020-02-01", "country_from": "BD", "country_to": "IT", "value": "127045", "unit": "kg"}, {"date": "2020-03-01", "country_from": "BD", "country_to": "IT", "value": "93900", "unit": "kg"}, {"date": "2020-04-01", "country_from": "BD", "country_to": "IT", "value": "128650", "unit": "kg"}, {"date": "2020-05-01", "country_from": "BD", "country_to": "IT", "value": "71755", "unit": "kg"}, {"date": "2020-06-01", "country_from": "BD", "country_to": "IT", "value": "40000", "unit": "kg"}, {"date": "2020-07-01", "country_from": "BD", "country_to": "IT", "value": "36710", "unit": "kg"}]