[{"date": "2019-03-01", "country_from": "VN", "country_to": "AU", "value": "25100", "unit": "kg"}, {"date": "2019-08-01", "country_from": "VN", "country_to": "AU", "value": "25000", "unit": "kg"}, {"date": "2019-11-01", "country_from": "VN", "country_to": "AU", "value": "25000", "unit": "kg"}, {"date": "2020-01-01", "country_from": "VN", "country_to": "AU", "value": "50000", "unit": "kg"}, {"date": "2020-04-01", "country_from": "VN", "country_to": "AU", "value": "25000", "unit": "kg"}, {"date": "2020-05-01", "country_from": "VN", "country_to": "AU", "value": "25000", "unit": "kg"}, {"date": "Unnamed: 22-01", "country_from": "VN", "country_to": "AU", "value": "50000", "unit": "kg"}, {"date": "Unnamed: 24-01", "country_from": "VN", "country_to": "AU", "value": "50000", "unit": "kg"}, {"date": "2020-01-01", "country_from": "VN", "country_to": "BH", "value": "1125", "unit": "kg"}, {"date": "2020-04-01", "country_from": "VN", "country_to": "BH", "value": "3000", "unit": "kg"}, {"date": "Unnamed: 22-01", "country_from": "VN", "country_to": "BH", "value": "2000", "unit": "kg"}, {"date": "Unnamed: 24-01", "country_from": "VN", "country_to": "BH", "value": "1500", "unit": "kg"}, {"date": "Unnamed: 22-01", "country_from": "VN", "country_to": "BA", "value": "25000", "unit": "kg"}, {"date": "2019-12-01", "country_from": "VN", "country_to": "KH", "value": "100000", "unit": "kg"}, {"date": "2020-01-01", "country_from": "VN", "country_to": "KH", "value": "210000", "unit": "kg"}, {"date": "2020-03-01", "country_from": "VN", "country_to": "KH", "value": "183600", "unit": "kg"}, {"date": "2020-03-01", "country_from": "VN", "country_to": "DM", "value": "2", "unit": "kg"}, {"date": "2019-08-01", "country_from": "VN", "country_to": "GE", "value": "25000", "unit": "kg"}, {"date": "2019-01-01", "country_from": "VN", "country_to": "DE", "value": "2", "unit": "kg"}, {"date": "2019-03-01", "country_from": "VN", "country_to": "DE", "value": "2", "unit": "kg"}, {"date": "2019-06-01", "country_from": "VN", "country_to": "DE", "value": "1", "unit": "kg"}, {"date": "2019-08-01", "country_from": "VN", "country_to": "DE", "value": "2", "unit": "kg"}, {"date": "2019-10-01", "country_from": "VN", "country_to": "DE", "value": "2", "unit": "kg"}, {"date": "2020-01-01", "country_from": "VN", "country_to": "DE", "value": "0", "unit": "kg"}, {"date": "2020-05-01", "country_from": "VN", "country_to": "DE", "value": "1", "unit": "kg"}, {"date": "2020-07-01", "country_from": "VN", "country_to": "DE", "value": "1", "unit": "kg"}, {"date": "Unnamed: 22-01", "country_from": "VN", "country_to": "DE", "value": "4", "unit": "kg"}, {"date": "2020-04-01", "country_from": "VN", "country_to": "IS", "value": "52", "unit": "kg"}, {"date": "2019-01-01", "country_from": "VN", "country_to": "NL", "value": "9020", "unit": "kg"}, {"date": "Unnamed: 22-01", "country_from": "VN", "country_to": "NZ", "value": "1500", "unit": "kg"}, {"date": "2019-11-01", "country_from": "VN", "country_to": "NG", "value": "12038", "unit": "kg"}, {"date": "2019-07-01", "country_from": "VN", "country_to": "PH", "value": "260000", "unit": "kg"}, {"date": "2019-07-01", "country_from": "VN", "country_to": "PL", "value": "1605", "unit": "kg"}, {"date": "2019-03-01", "country_from": "VN", "country_to": "IN", "value": "32918", "unit": "kg"}, {"date": "2020-01-01", "country_from": "VN", "country_to": "IN", "value": "0", "unit": "kg"}, {"date": "Unnamed: 22-01", "country_from": "VN", "country_to": "TR", "value": "2000", "unit": "kg"}, {"date": "Unnamed: 24-01", "country_from": "VN", "country_to": "TR", "value": "10000", "unit": "kg"}]