[{"date": "2018-12-01", "country_from": "CN", "country_to": "AO", "value": "0", "unit": "kg"}, {"date": "2019-01-01", "country_from": "CN", "country_to": "AO", "value": "0", "unit": "kg"}, {"date": "2019-02-01", "country_from": "CN", "country_to": "AO", "value": "0", "unit": "kg"}, {"date": "2019-03-01", "country_from": "CN", "country_to": "AO", "value": "0", "unit": "kg"}, {"date": "2019-04-01", "country_from": "CN", "country_to": "AO", "value": "0", "unit": "kg"}, {"date": "2019-05-01", "country_from": "CN", "country_to": "AO", "value": "0", "unit": "kg"}, {"date": "2019-06-01", "country_from": "CN", "country_to": "AO", "value": "0", "unit": "kg"}, {"date": "2019-07-01", "country_from": "CN", "country_to": "AO", "value": "42000", "unit": "kg"}, {"date": "2019-08-01", "country_from": "CN", "country_to": "AO", "value": "0", "unit": "kg"}, {"date": "2019-09-01", "country_from": "CN", "country_to": "AO", "value": "0", "unit": "kg"}, {"date": "2019-10-01", "country_from": "CN", "country_to": "AO", "value": "0", "unit": "kg"}, {"date": "2019-11-01", "country_from": "CN", "country_to": "AO", "value": "0", "unit": "kg"}, {"date": "2019-12-01", "country_from": "CN", "country_to": "AO", "value": "0", "unit": "kg"}, {"date": "2020-03-01", "country_from": "CN", "country_to": "AO", "value": "0", "unit": "kg"}, {"date": "2020-04-01", "country_from": "CN", "country_to": "AO", "value": "0", "unit": "kg"}, {"date": "2020-05-01", "country_from": "CN", "country_to": "AO", "value": "0", "unit": "kg"}, {"date": "2020-06-01", "country_from": "CN", "country_to": "AO", "value": "0", "unit": "kg"}, {"date": "2020-07-01", "country_from": "CN", "country_to": "AO", "value": "0", "unit": "kg"}, {"date": "2018-12-01", "country_from": "CN", "country_to": "BD", "value": "114000", "unit": "kg"}, {"date": "2019-01-01", "country_from": "CN", "country_to": "BD", "value": "56000", "unit": "kg"}, {"date": "2019-02-01", "country_from": "CN", "country_to": "BD", "value": "0", "unit": "kg"}, {"date": "2019-03-01", "country_from": "CN", "country_to": "BD", "value": "0", "unit": "kg"}, {"date": "2019-04-01", "country_from": "CN", "country_to": "BD", "value": "26000", "unit": "kg"}, {"date": "2019-05-01", "country_from": "CN", "country_to": "BD", "value": "0", "unit": "kg"}, {"date": "2019-06-01", "country_from": "CN", "country_to": "BD", "value": "0", "unit": "kg"}, {"date": "2019-07-01", "country_from": "CN", "country_to": "BD", "value": "0", "unit": "kg"}, {"date": "2019-08-01", "country_from": "CN", "country_to": "BD", "value": "0", "unit": "kg"}, {"date": "2019-09-01", "country_from": "CN", "country_to": "BD", "value": "15250", "unit": "kg"}, {"date": "2019-10-01", "country_from": "CN", "country_to": "BD", "value": "505800", "unit": "kg"}, {"date": "2019-11-01", "country_from": "CN", "country_to": "BD", "value": "52261", "unit": "kg"}, {"date": "2019-12-01", "country_from": "CN", "country_to": "BD", "value": "613", "unit": "kg"}, {"date": "2020-03-01", "country_from": "CN", "country_to": "BD", "value": "0", "unit": "kg"}, {"date": "2020-04-01", "country_from": "CN", "country_to": "BD", "value": "50000", "unit": "kg"}, {"date": "2020-05-01", "country_from": "CN", "country_to": "BD", "value": "0", "unit": "kg"}, {"date": "2020-06-01", "country_from": "CN", "country_to": "BD", "value": "0", "unit": "kg"}, {"date": "2020-07-01", "country_from": "CN", "country_to": "BD", "value": "0", "unit": "kg"}, {"date": "2018-12-01", "country_from": "CN", "country_to": "BN", "value": "0", "unit": "kg"}, {"date": "2019-01-01", "country_from": "CN", "country_to": "BN", "value": "0", "unit": "kg"}, {"date": "2019-02-01", "country_from": "CN", "country_to": "BN", "value": "0", "unit": "kg"}, {"date": "2019-03-01", "country_from": "CN", "country_to": "BN", "value": "0", "unit": "kg"}, {"date": "2019-04-01", "country_from": "CN", "country_to": "BN", "value": "0", "unit": "kg"}, {"date": "2019-05-01", "country_from": "CN", "country_to": "BN", "value": "2000", "unit": "kg"}, {"date": "2019-06-01", "country_from": "CN", "country_to": "BN", "value": "0", "unit": "kg"}, {"date": "2019-07-01", "country_from": "CN", "country_to": "BN", "value": "0", "unit": "kg"}, {"date": "2019-08-01", "country_from": "CN", "country_to": "BN", "value": "0", "unit": "kg"}, {"date": "2019-09-01", "country_from": "CN", "country_to": "BN", "value": "0", "unit": "kg"}, {"date": "2019-10-01", "country_from": "CN", "country_to": "BN", "value": "0", "unit": "kg"}, {"date": "2019-11-01", "country_from": "CN", "country_to": "BN", "value": "0", "unit": "kg"}, {"date": "2019-12-01", "country_from": "CN", "country_to": "BN", "value": "0", "unit": "kg"}, {"date": "2020-03-01", "country_from": "CN", "country_to": "BN", "value": "0", "unit": "kg"}, {"date": "2020-04-01", "country_from": "CN", "country_to": "BN", "value": "0", "unit": "kg"}, {"date": "2020-05-01", "country_from": "CN", "country_to": "BN", "value": "0", "unit": "kg"}, {"date": "2020-06-01", "country_from": "CN", "country_to": "BN", "value": "0", "unit": "kg"}, {"date": "2020-07-01", "country_from": "CN", "country_to": "BN", "value": "0", "unit": "kg"}, {"date": "2018-12-01", "country_from": "CN", "country_to": "MM", "value": "0", "unit": "kg"}, {"date": "2019-01-01", "country_from": "CN", "country_to": "MM", "value": "0", "unit": "kg"}, {"date": "2019-02-01", "country_from": "CN", "country_to": "MM", "value": "0", "unit": "kg"}, {"date": "2019-03-01", "country_from": "CN", "country_to": "MM", "value": "0", "unit": "kg"}, {"date": "2019-04-01", "country_from": "CN", "country_to": "MM", "value": "0", "unit": "kg"}, {"date": "2019-05-01", "country_from": "CN", "country_to": "MM", "value": "0", "unit": "kg"}, {"date": "2019-06-01", "country_from": "CN", "country_to": "MM", "value": "0", "unit": "kg"}, {"date": "2019-07-01", "country_from": "CN", "country_to": "MM", "value": "0", "unit": "kg"}, {"date": "2019-08-01", "country_from": "CN", "country_to": "MM", "value": "0", "unit": "kg"}, {"date": "2019-09-01", "country_from": "CN", "country_to": "MM", "value": "0", "unit": "kg"}, {"date": "2019-10-01", "country_from": "CN", "country_to": "MM", "value": "20", "unit": "kg"}, {"date": "2019-11-01", "country_from": "CN", "country_to": "MM", "value": "0", "unit": "kg"}, {"date": "2019-12-01", "country_from": "CN", "country_to": "MM", "value": "3000", "unit": "kg"}, {"date": "2020-03-01", "country_from": "CN", "country_to": "MM", "value": "0", "unit": "kg"}, {"date": "2020-04-01", "country_from": "CN", "country_to": "MM", "value": "0", "unit": "kg"}, {"date": "2020-05-01", "country_from": "CN", "country_to": "MM", "value": "0", "unit": "kg"}, {"date": "2020-06-01", "country_from": "CN", "country_to": "MM", "value": "0", "unit": "kg"}, {"date": "2020-07-01", "country_from": "CN", "country_to": "MM", "value": "0", "unit": "kg"}, {"date": "2018-12-01", "country_from": "CN", "country_to": "GH", "value": "0", "unit": "kg"}, {"date": "2019-01-01", "country_from": "CN", "country_to": "GH", "value": "0", "unit": "kg"}, {"date": "2019-02-01", "country_from": "CN", "country_to": "GH", "value": "0", "unit": "kg"}, {"date": "2019-03-01", "country_from": "CN", "country_to": "GH", "value": "0", "unit": "kg"}, {"date": "2019-04-01", "country_from": "CN", "country_to": "GH", "value": "0", "unit": "kg"}, {"date": "2019-05-01", "country_from": "CN", "country_to": "GH", "value": "0", "unit": "kg"}, {"date": "2019-06-01", "country_from": "CN", "country_to": "GH", "value": "0", "unit": "kg"}, {"date": "2019-07-01", "country_from": "CN", "country_to": "GH", "value": "8500", "unit": "kg"}, {"date": "2019-08-01", "country_from": "CN", "country_to": "GH", "value": "0", "unit": "kg"}, {"date": "2019-09-01", "country_from": "CN", "country_to": "GH", "value": "0", "unit": "kg"}, {"date": "2019-10-01", "country_from": "CN", "country_to": "GH", "value": "0", "unit": "kg"}, {"date": "2019-11-01", "country_from": "CN", "country_to": "GH", "value": "0", "unit": "kg"}, {"date": "2019-12-01", "country_from": "CN", "country_to": "GH", "value": "0", "unit": "kg"}, {"date": "2020-03-01", "country_from": "CN", "country_to": "GH", "value": "0", "unit": "kg"}, {"date": "2020-04-01", "country_from": "CN", "country_to": "GH", "value": "0", "unit": "kg"}, {"date": "2020-05-01", "country_from": "CN", "country_to": "GH", "value": "0", "unit": "kg"}, {"date": "2020-06-01", "country_from": "CN", "country_to": "GH", "value": "0", "unit": "kg"}, {"date": "2020-07-01", "country_from": "CN", "country_to": "GH", "value": "0", "unit": "kg"}, {"date": "2018-12-01", "country_from": "CN", "country_to": "GN", "value": "0", "unit": "kg"}, {"date": "2019-01-01", "country_from": "CN", "country_to": "GN", "value": "0", "unit": "kg"}, {"date": "2019-02-01", "country_from": "CN", "country_to": "GN", "value": "0", "unit": "kg"}, {"date": "2019-03-01", "country_from": "CN", "country_to": "GN", "value": "0", "unit": "kg"}, {"date": "2019-04-01", "country_from": "CN", "country_to": "GN", "value": "0", "unit": "kg"}, {"date": "2019-05-01", "country_from": "CN", "country_to": "GN", "value": "0", "unit": "kg"}, {"date": "2019-06-01", "country_from": "CN", "country_to": "GN", "value": "0", "unit": "kg"}, {"date": "2019-07-01", "country_from": "CN", "country_to": "GN", "value": "0", "unit": "kg"}, {"date": "2019-08-01", "country_from": "CN", "country_to": "GN", "value": "15000", "unit": "kg"}, {"date": "2019-09-01", "country_from": "CN", "country_to": "GN", "value": "0", "unit": "kg"}, {"date": "2019-10-01", "country_from": "CN", "country_to": "GN", "value": "0", "unit": "kg"}, {"date": "2019-11-01", "country_from": "CN", "country_to": "GN", "value": "0", "unit": "kg"}, {"date": "2019-12-01", "country_from": "CN", "country_to": "GN", "value": "0", "unit": "kg"}, {"date": "2020-03-01", "country_from": "CN", "country_to": "GN", "value": "0", "unit": "kg"}, {"date": "2020-04-01", "country_from": "CN", "country_to": "GN", "value": "0", "unit": "kg"}, {"date": "2020-05-01", "country_from": "CN", "country_to": "GN", "value": "0", "unit": "kg"}, {"date": "2020-06-01", "country_from": "CN", "country_to": "GN", "value": "0", "unit": "kg"}, {"date": "2020-07-01", "country_from": "CN", "country_to": "GN", "value": "0", "unit": "kg"}, {"date": "2018-12-01", "country_from": "CN", "country_to": "ID", "value": "0", "unit": "kg"}, {"date": "2019-01-01", "country_from": "CN", "country_to": "ID", "value": "0", "unit": "kg"}, {"date": "2019-02-01", "country_from": "CN", "country_to": "ID", "value": "0", "unit": "kg"}, {"date": "2019-03-01", "country_from": "CN", "country_to": "ID", "value": "0", "unit": "kg"}, {"date": "2019-04-01", "country_from": "CN", "country_to": "ID", "value": "0", "unit": "kg"}, {"date": "2019-05-01", "country_from": "CN", "country_to": "ID", "value": "5394", "unit": "kg"}, {"date": "2019-06-01", "country_from": "CN", "country_to": "ID", "value": "0", "unit": "kg"}, {"date": "2019-07-01", "country_from": "CN", "country_to": "ID", "value": "0", "unit": "kg"}, {"date": "2019-08-01", "country_from": "CN", "country_to": "ID", "value": "0", "unit": "kg"}, {"date": "2019-09-01", "country_from": "CN", "country_to": "ID", "value": "0", "unit": "kg"}, {"date": "2019-10-01", "country_from": "CN", "country_to": "ID", "value": "0", "unit": "kg"}, {"date": "2019-11-01", "country_from": "CN", "country_to": "ID", "value": "18800", "unit": "kg"}, {"date": "2019-12-01", "country_from": "CN", "country_to": "ID", "value": "0", "unit": "kg"}, {"date": "2020-03-01", "country_from": "CN", "country_to": "ID", "value": "0", "unit": "kg"}, {"date": "2020-04-01", "country_from": "CN", "country_to": "ID", "value": "13760", "unit": "kg"}, {"date": "2020-05-01", "country_from": "CN", "country_to": "ID", "value": "0", "unit": "kg"}, {"date": "2020-06-01", "country_from": "CN", "country_to": "ID", "value": "0", "unit": "kg"}, {"date": "2020-07-01", "country_from": "CN", "country_to": "ID", "value": "0", "unit": "kg"}, {"date": "2018-12-01", "country_from": "CN", "country_to": "IT", "value": "0", "unit": "kg"}, {"date": "2019-01-01", "country_from": "CN", "country_to": "IT", "value": "0", "unit": "kg"}, {"date": "2019-02-01", "country_from": "CN", "country_to": "IT", "value": "0", "unit": "kg"}, {"date": "2019-03-01", "country_from": "CN", "country_to": "IT", "value": "0", "unit": "kg"}, {"date": "2019-04-01", "country_from": "CN", "country_to": "IT", "value": "0", "unit": "kg"}, {"date": "2019-05-01", "country_from": "CN", "country_to": "IT", "value": "0", "unit": "kg"}, {"date": "2019-06-01", "country_from": "CN", "country_to": "IT", "value": "0", "unit": "kg"}, {"date": "2019-07-01", "country_from": "CN", "country_to": "IT", "value": "0", "unit": "kg"}, {"date": "2019-08-01", "country_from": "CN", "country_to": "IT", "value": "0", "unit": "kg"}, {"date": "2019-09-01", "country_from": "CN", "country_to": "IT", "value": "0", "unit": "kg"}, {"date": "2019-10-01", "country_from": "CN", "country_to": "IT", "value": "0", "unit": "kg"}, {"date": "2019-11-01", "country_from": "CN", "country_to": "IT", "value": "0", "unit": "kg"}, {"date": "2019-12-01", "country_from": "CN", "country_to": "IT", "value": "0", "unit": "kg"}, {"date": "2020-03-01", "country_from": "CN", "country_to": "IT", "value": "0", "unit": "kg"}, {"date": "2020-04-01", "country_from": "CN", "country_to": "IT", "value": "0", "unit": "kg"}, {"date": "2020-05-01", "country_from": "CN", "country_to": "IT", "value": "0", "unit": "kg"}, {"date": "2020-06-01", "country_from": "CN", "country_to": "IT", "value": "1950", "unit": "kg"}, {"date": "2020-07-01", "country_from": "CN", "country_to": "IT", "value": "0", "unit": "kg"}, {"date": "2018-12-01", "country_from": "CN", "country_to": "MG", "value": "0", "unit": "kg"}, {"date": "2019-01-01", "country_from": "CN", "country_to": "MG", "value": "0", "unit": "kg"}, {"date": "2019-02-01", "country_from": "CN", "country_to": "MG", "value": "0", "unit": "kg"}, {"date": "2019-03-01", "country_from": "CN", "country_to": "MG", "value": "0", "unit": "kg"}, {"date": "2019-04-01", "country_from": "CN", "country_to": "MG", "value": "0", "unit": "kg"}, {"date": "2019-05-01", "country_from": "CN", "country_to": "MG", "value": "0", "unit": "kg"}, {"date": "2019-06-01", "country_from": "CN", "country_to": "MG", "value": "0", "unit": "kg"}, {"date": "2019-07-01", "country_from": "CN", "country_to": "MG", "value": "0", "unit": "kg"}, {"date": "2019-08-01", "country_from": "CN", "country_to": "MG", "value": "0", "unit": "kg"}, {"date": "2019-09-01", "country_from": "CN", "country_to": "MG", "value": "0", "unit": "kg"}, {"date": "2019-10-01", "country_from": "CN", "country_to": "MG", "value": "100000", "unit": "kg"}, {"date": "2019-11-01", "country_from": "CN", "country_to": "MG", "value": "0", "unit": "kg"}, {"date": "2019-12-01", "country_from": "CN", "country_to": "MG", "value": "0", "unit": "kg"}, {"date": "2020-03-01", "country_from": "CN", "country_to": "MG", "value": "0", "unit": "kg"}, {"date": "2020-04-01", "country_from": "CN", "country_to": "MG", "value": "0", "unit": "kg"}, {"date": "2020-05-01", "country_from": "CN", "country_to": "MG", "value": "500000", "unit": "kg"}, {"date": "2020-06-01", "country_from": "CN", "country_to": "MG", "value": "0", "unit": "kg"}, {"date": "2020-07-01", "country_from": "CN", "country_to": "MG", "value": "0", "unit": "kg"}, {"date": "2018-12-01", "country_from": "CN", "country_to": "NP", "value": "200", "unit": "kg"}, {"date": "2019-01-01", "country_from": "CN", "country_to": "NP", "value": "0", "unit": "kg"}, {"date": "2019-02-01", "country_from": "CN", "country_to": "NP", "value": "0", "unit": "kg"}, {"date": "2019-03-01", "country_from": "CN", "country_to": "NP", "value": "20320", "unit": "kg"}, {"date": "2019-04-01", "country_from": "CN", "country_to": "NP", "value": "0", "unit": "kg"}, {"date": "2019-05-01", "country_from": "CN", "country_to": "NP", "value": "84000", "unit": "kg"}, {"date": "2019-06-01", "country_from": "CN", "country_to": "NP", "value": "100", "unit": "kg"}, {"date": "2019-07-01", "country_from": "CN", "country_to": "NP", "value": "0", "unit": "kg"}, {"date": "2019-08-01", "country_from": "CN", "country_to": "NP", "value": "0", "unit": "kg"}, {"date": "2019-09-01", "country_from": "CN", "country_to": "NP", "value": "0", "unit": "kg"}, {"date": "2019-10-01", "country_from": "CN", "country_to": "NP", "value": "0", "unit": "kg"}, {"date": "2019-11-01", "country_from": "CN", "country_to": "NP", "value": "0", "unit": "kg"}, {"date": "2019-12-01", "country_from": "CN", "country_to": "NP", "value": "0", "unit": "kg"}, {"date": "2020-03-01", "country_from": "CN", "country_to": "NP", "value": "43000", "unit": "kg"}, {"date": "2020-04-01", "country_from": "CN", "country_to": "NP", "value": "0", "unit": "kg"}, {"date": "2020-05-01", "country_from": "CN", "country_to": "NP", "value": "105000", "unit": "kg"}, {"date": "2020-06-01", "country_from": "CN", "country_to": "NP", "value": "0", "unit": "kg"}, {"date": "2020-07-01", "country_from": "CN", "country_to": "NP", "value": "0", "unit": "kg"}, {"date": "2018-12-01", "country_from": "CN", "country_to": "NG", "value": "0", "unit": "kg"}, {"date": "2019-01-01", "country_from": "CN", "country_to": "NG", "value": "0", "unit": "kg"}, {"date": "2019-02-01", "country_from": "CN", "country_to": "NG", "value": "0", "unit": "kg"}, {"date": "2019-03-01", "country_from": "CN", "country_to": "NG", "value": "0", "unit": "kg"}, {"date": "2019-04-01", "country_from": "CN", "country_to": "NG", "value": "0", "unit": "kg"}, {"date": "2019-05-01", "country_from": "CN", "country_to": "NG", "value": "0", "unit": "kg"}, {"date": "2019-06-01", "country_from": "CN", "country_to": "NG", "value": "0", "unit": "kg"}, {"date": "2019-07-01", "country_from": "CN", "country_to": "NG", "value": "0", "unit": "kg"}, {"date": "2019-08-01", "country_from": "CN", "country_to": "NG", "value": "0", "unit": "kg"}, {"date": "2019-09-01", "country_from": "CN", "country_to": "NG", "value": "0", "unit": "kg"}, {"date": "2019-10-01", "country_from": "CN", "country_to": "NG", "value": "0", "unit": "kg"}, {"date": "2019-11-01", "country_from": "CN", "country_to": "NG", "value": "0", "unit": "kg"}, {"date": "2019-12-01", "country_from": "CN", "country_to": "NG", "value": "0", "unit": "kg"}, {"date": "2020-03-01", "country_from": "CN", "country_to": "NG", "value": "10000", "unit": "kg"}, {"date": "2020-04-01", "country_from": "CN", "country_to": "NG", "value": "0", "unit": "kg"}, {"date": "2020-05-01", "country_from": "CN", "country_to": "NG", "value": "0", "unit": "kg"}, {"date": "2020-06-01", "country_from": "CN", "country_to": "NG", "value": "0", "unit": "kg"}, {"date": "2020-07-01", "country_from": "CN", "country_to": "NG", "value": "0", "unit": "kg"}, {"date": "2018-12-01", "country_from": "CN", "country_to": "PK", "value": "400000", "unit": "kg"}, {"date": "2019-01-01", "country_from": "CN", "country_to": "PK", "value": "850000", "unit": "kg"}, {"date": "2019-02-01", "country_from": "CN", "country_to": "PK", "value": "1090000", "unit": "kg"}, {"date": "2019-03-01", "country_from": "CN", "country_to": "PK", "value": "2435660", "unit": "kg"}, {"date": "2019-04-01", "country_from": "CN", "country_to": "PK", "value": "3781000", "unit": "kg"}, {"date": "2019-05-01", "country_from": "CN", "country_to": "PK", "value": "967604", "unit": "kg"}, {"date": "2019-06-01", "country_from": "CN", "country_to": "PK", "value": "84235", "unit": "kg"}, {"date": "2019-07-01", "country_from": "CN", "country_to": "PK", "value": "0", "unit": "kg"}, {"date": "2019-08-01", "country_from": "CN", "country_to": "PK", "value": "0", "unit": "kg"}, {"date": "2019-09-01", "country_from": "CN", "country_to": "PK", "value": "0", "unit": "kg"}, {"date": "2019-10-01", "country_from": "CN", "country_to": "PK", "value": "0", "unit": "kg"}, {"date": "2019-11-01", "country_from": "CN", "country_to": "PK", "value": "0", "unit": "kg"}, {"date": "2019-12-01", "country_from": "CN", "country_to": "PK", "value": "1300000", "unit": "kg"}, {"date": "2020-03-01", "country_from": "CN", "country_to": "PK", "value": "3238594", "unit": "kg"}, {"date": "2020-04-01", "country_from": "CN", "country_to": "PK", "value": "3494397", "unit": "kg"}, {"date": "2020-05-01", "country_from": "CN", "country_to": "PK", "value": "295957", "unit": "kg"}, {"date": "2020-06-01", "country_from": "CN", "country_to": "PK", "value": "16040", "unit": "kg"}, {"date": "2020-07-01", "country_from": "CN", "country_to": "PK", "value": "0", "unit": "kg"}, {"date": "2018-12-01", "country_from": "CN", "country_to": "PE", "value": "0", "unit": "kg"}, {"date": "2019-01-01", "country_from": "CN", "country_to": "PE", "value": "0", "unit": "kg"}, {"date": "2019-02-01", "country_from": "CN", "country_to": "PE", "value": "0", "unit": "kg"}, {"date": "2019-03-01", "country_from": "CN", "country_to": "PE", "value": "0", "unit": "kg"}, {"date": "2019-04-01", "country_from": "CN", "country_to": "PE", "value": "0", "unit": "kg"}, {"date": "2019-05-01", "country_from": "CN", "country_to": "PE", "value": "0", "unit": "kg"}, {"date": "2019-06-01", "country_from": "CN", "country_to": "PE", "value": "0", "unit": "kg"}, {"date": "2019-07-01", "country_from": "CN", "country_to": "PE", "value": "0", "unit": "kg"}, {"date": "2019-08-01", "country_from": "CN", "country_to": "PE", "value": "0", "unit": "kg"}, {"date": "2019-09-01", "country_from": "CN", "country_to": "PE", "value": "0", "unit": "kg"}, {"date": "2019-10-01", "country_from": "CN", "country_to": "PE", "value": "0", "unit": "kg"}, {"date": "2019-11-01", "country_from": "CN", "country_to": "PE", "value": "0", "unit": "kg"}, {"date": "2019-12-01", "country_from": "CN", "country_to": "PE", "value": "0", "unit": "kg"}, {"date": "2020-03-01", "country_from": "CN", "country_to": "PE", "value": "0", "unit": "kg"}, {"date": "2020-04-01", "country_from": "CN", "country_to": "PE", "value": "0", "unit": "kg"}, {"date": "2020-05-01", "country_from": "CN", "country_to": "PE", "value": "0", "unit": "kg"}, {"date": "2020-06-01", "country_from": "CN", "country_to": "PE", "value": "200", "unit": "kg"}, {"date": "2020-07-01", "country_from": "CN", "country_to": "PE", "value": "0", "unit": "kg"}, {"date": "2018-12-01", "country_from": "CN", "country_to": "PH", "value": "1500000", "unit": "kg"}, {"date": "2019-01-01", "country_from": "CN", "country_to": "PH", "value": "0", "unit": "kg"}, {"date": "2019-02-01", "country_from": "CN", "country_to": "PH", "value": "0", "unit": "kg"}, {"date": "2019-03-01", "country_from": "CN", "country_to": "PH", "value": "199992", "unit": "kg"}, {"date": "2019-04-01", "country_from": "CN", "country_to": "PH", "value": "0", "unit": "kg"}, {"date": "2019-05-01", "country_from": "CN", "country_to": "PH", "value": "50000", "unit": "kg"}, {"date": "2019-06-01", "country_from": "CN", "country_to": "PH", "value": "0", "unit": "kg"}, {"date": "2019-07-01", "country_from": "CN", "country_to": "PH", "value": "4202", "unit": "kg"}, {"date": "2019-08-01", "country_from": "CN", "country_to": "PH", "value": "0", "unit": "kg"}, {"date": "2019-09-01", "country_from": "CN", "country_to": "PH", "value": "1249998", "unit": "kg"}, {"date": "2019-10-01", "country_from": "CN", "country_to": "PH", "value": "599984", "unit": "kg"}, {"date": "2019-11-01", "country_from": "CN", "country_to": "PH", "value": "150006", "unit": "kg"}, {"date": "2019-12-01", "country_from": "CN", "country_to": "PH", "value": "12000", "unit": "kg"}, {"date": "2020-03-01", "country_from": "CN", "country_to": "PH", "value": "214992", "unit": "kg"}, {"date": "2020-04-01", "country_from": "CN", "country_to": "PH", "value": "199992", "unit": "kg"}, {"date": "2020-05-01", "country_from": "CN", "country_to": "PH", "value": "1339970", "unit": "kg"}, {"date": "2020-06-01", "country_from": "CN", "country_to": "PH", "value": "0", "unit": "kg"}, {"date": "2020-07-01", "country_from": "CN", "country_to": "PH", "value": "0", "unit": "kg"}, {"date": "2018-12-01", "country_from": "CN", "country_to": "SL", "value": "0", "unit": "kg"}, {"date": "2019-01-01", "country_from": "CN", "country_to": "SL", "value": "0", "unit": "kg"}, {"date": "2019-02-01", "country_from": "CN", "country_to": "SL", "value": "8500", "unit": "kg"}, {"date": "2019-03-01", "country_from": "CN", "country_to": "SL", "value": "0", "unit": "kg"}, {"date": "2019-04-01", "country_from": "CN", "country_to": "SL", "value": "0", "unit": "kg"}, {"date": "2019-05-01", "country_from": "CN", "country_to": "SL", "value": "0", "unit": "kg"}, {"date": "2019-06-01", "country_from": "CN", "country_to": "SL", "value": "0", "unit": "kg"}, {"date": "2019-07-01", "country_from": "CN", "country_to": "SL", "value": "4620", "unit": "kg"}, {"date": "2019-08-01", "country_from": "CN", "country_to": "SL", "value": "0", "unit": "kg"}, {"date": "2019-09-01", "country_from": "CN", "country_to": "SL", "value": "0", "unit": "kg"}, {"date": "2019-10-01", "country_from": "CN", "country_to": "SL", "value": "0", "unit": "kg"}, {"date": "2019-11-01", "country_from": "CN", "country_to": "SL", "value": "0", "unit": "kg"}, {"date": "2019-12-01", "country_from": "CN", "country_to": "SL", "value": "0", "unit": "kg"}, {"date": "2020-03-01", "country_from": "CN", "country_to": "SL", "value": "0", "unit": "kg"}, {"date": "2020-04-01", "country_from": "CN", "country_to": "SL", "value": "0", "unit": "kg"}, {"date": "2020-05-01", "country_from": "CN", "country_to": "SL", "value": "0", "unit": "kg"}, {"date": "2020-06-01", "country_from": "CN", "country_to": "SL", "value": "0", "unit": "kg"}, {"date": "2020-07-01", "country_from": "CN", "country_to": "SL", "value": "0", "unit": "kg"}, {"date": "2018-12-01", "country_from": "CN", "country_to": "VN", "value": "1623840", "unit": "kg"}, {"date": "2019-01-01", "country_from": "CN", "country_to": "VN", "value": "194200", "unit": "kg"}, {"date": "2019-02-01", "country_from": "CN", "country_to": "VN", "value": "0", "unit": "kg"}, {"date": "2019-03-01", "country_from": "CN", "country_to": "VN", "value": "3500", "unit": "kg"}, {"date": "2019-04-01", "country_from": "CN", "country_to": "VN", "value": "67500", "unit": "kg"}, {"date": "2019-05-01", "country_from": "CN", "country_to": "VN", "value": "58170", "unit": "kg"}, {"date": "2019-06-01", "country_from": "CN", "country_to": "VN", "value": "800", "unit": "kg"}, {"date": "2019-07-01", "country_from": "CN", "country_to": "VN", "value": "0", "unit": "kg"}, {"date": "2019-08-01", "country_from": "CN", "country_to": "VN", "value": "0", "unit": "kg"}, {"date": "2019-09-01", "country_from": "CN", "country_to": "VN", "value": "0", "unit": "kg"}, {"date": "2019-10-01", "country_from": "CN", "country_to": "VN", "value": "791040", "unit": "kg"}, {"date": "2019-11-01", "country_from": "CN", "country_to": "VN", "value": "1840475", "unit": "kg"}, {"date": "2019-12-01", "country_from": "CN", "country_to": "VN", "value": "769450", "unit": "kg"}, {"date": "2020-03-01", "country_from": "CN", "country_to": "VN", "value": "12750", "unit": "kg"}, {"date": "2020-04-01", "country_from": "CN", "country_to": "VN", "value": "15000", "unit": "kg"}, {"date": "2020-05-01", "country_from": "CN", "country_to": "VN", "value": "38000", "unit": "kg"}, {"date": "2020-06-01", "country_from": "CN", "country_to": "VN", "value": "21072", "unit": "kg"}, {"date": "2020-07-01", "country_from": "CN", "country_to": "VN", "value": "0", "unit": "kg"}, {"date": "2018-12-01", "country_from": "CN", "country_to": "TG", "value": "0", "unit": "kg"}, {"date": "2019-01-01", "country_from": "CN", "country_to": "TG", "value": "0", "unit": "kg"}, {"date": "2019-02-01", "country_from": "CN", "country_to": "TG", "value": "0", "unit": "kg"}, {"date": "2019-03-01", "country_from": "CN", "country_to": "TG", "value": "0", "unit": "kg"}, {"date": "2019-04-01", "country_from": "CN", "country_to": "TG", "value": "0", "unit": "kg"}, {"date": "2019-05-01", "country_from": "CN", "country_to": "TG", "value": "420", "unit": "kg"}, {"date": "2019-06-01", "country_from": "CN", "country_to": "TG", "value": "0", "unit": "kg"}, {"date": "2019-07-01", "country_from": "CN", "country_to": "TG", "value": "0", "unit": "kg"}, {"date": "2019-08-01", "country_from": "CN", "country_to": "TG", "value": "0", "unit": "kg"}, {"date": "2019-09-01", "country_from": "CN", "country_to": "TG", "value": "20000", "unit": "kg"}, {"date": "2019-10-01", "country_from": "CN", "country_to": "TG", "value": "0", "unit": "kg"}, {"date": "2019-11-01", "country_from": "CN", "country_to": "TG", "value": "0", "unit": "kg"}, {"date": "2019-12-01", "country_from": "CN", "country_to": "TG", "value": "0", "unit": "kg"}, {"date": "2020-03-01", "country_from": "CN", "country_to": "TG", "value": "0", "unit": "kg"}, {"date": "2020-04-01", "country_from": "CN", "country_to": "TG", "value": "0", "unit": "kg"}, {"date": "2020-05-01", "country_from": "CN", "country_to": "TG", "value": "1680", "unit": "kg"}, {"date": "2020-06-01", "country_from": "CN", "country_to": "TG", "value": "0", "unit": "kg"}, {"date": "2020-07-01", "country_from": "CN", "country_to": "TG", "value": "0", "unit": "kg"}, {"date": "2018-12-01", "country_from": "CN", "country_to": "AE", "value": "0", "unit": "kg"}, {"date": "2019-01-01", "country_from": "CN", "country_to": "AE", "value": "0", "unit": "kg"}, {"date": "2019-02-01", "country_from": "CN", "country_to": "AE", "value": "0", "unit": "kg"}, {"date": "2019-03-01", "country_from": "CN", "country_to": "AE", "value": "0", "unit": "kg"}, {"date": "2019-04-01", "country_from": "CN", "country_to": "AE", "value": "0", "unit": "kg"}, {"date": "2019-05-01", "country_from": "CN", "country_to": "AE", "value": "0", "unit": "kg"}, {"date": "2019-06-01", "country_from": "CN", "country_to": "AE", "value": "0", "unit": "kg"}, {"date": "2019-07-01", "country_from": "CN", "country_to": "AE", "value": "0", "unit": "kg"}, {"date": "2019-08-01", "country_from": "CN", "country_to": "AE", "value": "0", "unit": "kg"}, {"date": "2019-09-01", "country_from": "CN", "country_to": "AE", "value": "0", "unit": "kg"}, {"date": "2019-10-01", "country_from": "CN", "country_to": "AE", "value": "442", "unit": "kg"}, {"date": "2019-11-01", "country_from": "CN", "country_to": "AE", "value": "0", "unit": "kg"}, {"date": "2019-12-01", "country_from": "CN", "country_to": "AE", "value": "0", "unit": "kg"}, {"date": "2020-03-01", "country_from": "CN", "country_to": "AE", "value": "0", "unit": "kg"}, {"date": "2020-04-01", "country_from": "CN", "country_to": "AE", "value": "0", "unit": "kg"}, {"date": "2020-05-01", "country_from": "CN", "country_to": "AE", "value": "0", "unit": "kg"}, {"date": "2020-06-01", "country_from": "CN", "country_to": "AE", "value": "0", "unit": "kg"}, {"date": "2020-07-01", "country_from": "CN", "country_to": "AE", "value": "0", "unit": "kg"}, {"date": "2018-12-01", "country_from": "CN", "country_to": "UG", "value": "0", "unit": "kg"}, {"date": "2019-01-01", "country_from": "CN", "country_to": "UG", "value": "0", "unit": "kg"}, {"date": "2019-02-01", "country_from": "CN", "country_to": "UG", "value": "0", "unit": "kg"}, {"date": "2019-03-01", "country_from": "CN", "country_to": "UG", "value": "17500", "unit": "kg"}, {"date": "2019-04-01", "country_from": "CN", "country_to": "UG", "value": "0", "unit": "kg"}, {"date": "2019-05-01", "country_from": "CN", "country_to": "UG", "value": "0", "unit": "kg"}, {"date": "2019-06-01", "country_from": "CN", "country_to": "UG", "value": "8000", "unit": "kg"}, {"date": "2019-07-01", "country_from": "CN", "country_to": "UG", "value": "0", "unit": "kg"}, {"date": "2019-08-01", "country_from": "CN", "country_to": "UG", "value": "0", "unit": "kg"}, {"date": "2019-09-01", "country_from": "CN", "country_to": "UG", "value": "0", "unit": "kg"}, {"date": "2019-10-01", "country_from": "CN", "country_to": "UG", "value": "11880", "unit": "kg"}, {"date": "2019-11-01", "country_from": "CN", "country_to": "UG", "value": "0", "unit": "kg"}, {"date": "2019-12-01", "country_from": "CN", "country_to": "UG", "value": "0", "unit": "kg"}, {"date": "2020-03-01", "country_from": "CN", "country_to": "UG", "value": "21720", "unit": "kg"}, {"date": "2020-04-01", "country_from": "CN", "country_to": "UG", "value": "0", "unit": "kg"}, {"date": "2020-05-01", "country_from": "CN", "country_to": "UG", "value": "0", "unit": "kg"}, {"date": "2020-06-01", "country_from": "CN", "country_to": "UG", "value": "0", "unit": "kg"}, {"date": "2020-07-01", "country_from": "CN", "country_to": "UG", "value": "0", "unit": "kg"}, {"date": "2018-12-01", "country_from": "CN", "country_to": "UY", "value": "0", "unit": "kg"}, {"date": "2019-01-01", "country_from": "CN", "country_to": "UY", "value": "0", "unit": "kg"}, {"date": "2019-02-01", "country_from": "CN", "country_to": "UY", "value": "0", "unit": "kg"}, {"date": "2019-03-01", "country_from": "CN", "country_to": "UY", "value": "0", "unit": "kg"}, {"date": "2019-04-01", "country_from": "CN", "country_to": "UY", "value": "0", "unit": "kg"}, {"date": "2019-05-01", "country_from": "CN", "country_to": "UY", "value": "0", "unit": "kg"}, {"date": "2019-06-01", "country_from": "CN", "country_to": "UY", "value": "0", "unit": "kg"}, {"date": "2019-07-01", "country_from": "CN", "country_to": "UY", "value": "0", "unit": "kg"}, {"date": "2019-08-01", "country_from": "CN", "country_to": "UY", "value": "0", "unit": "kg"}, {"date": "2019-09-01", "country_from": "CN", "country_to": "UY", "value": "0", "unit": "kg"}, {"date": "2019-10-01", "country_from": "CN", "country_to": "UY", "value": "200", "unit": "kg"}, {"date": "2019-11-01", "country_from": "CN", "country_to": "UY", "value": "0", "unit": "kg"}, {"date": "2019-12-01", "country_from": "CN", "country_to": "UY", "value": "0", "unit": "kg"}, {"date": "2020-03-01", "country_from": "CN", "country_to": "UY", "value": "0", "unit": "kg"}, {"date": "2020-04-01", "country_from": "CN", "country_to": "UY", "value": "0", "unit": "kg"}, {"date": "2020-05-01", "country_from": "CN", "country_to": "UY", "value": "0", "unit": "kg"}, {"date": "2020-06-01", "country_from": "CN", "country_to": "UY", "value": "0", "unit": "kg"}, {"date": "2020-07-01", "country_from": "CN", "country_to": "UY", "value": "0", "unit": "kg"}]