[{"date": "2018-10-01", "country": "Turkey", "value": "191794", "unit": "kg"}, {"date": "2018-11-01", "country": "Turkey", "value": "3158550", "unit": "kg"}, {"date": "2018-12-01", "country": "Turkey", "value": "7326449", "unit": "kg"}, {"date": "2019-01-01", "country": "Turkey", "value": "2715245", "unit": "kg"}, {"date": "2019-02-01", "country": "Turkey", "value": "5593075", "unit": "kg"}, {"date": "2019-03-01", "country": "Turkey", "value": "1896351", "unit": "kg"}, {"date": "2019-04-01", "country": "Turkey", "value": "4522230", "unit": "kg"}, {"date": "2019-05-01", "country": "Turkey", "value": "962640", "unit": "kg"}, {"date": "2019-06-01", "country": "Turkey", "value": "836490", "unit": "kg"}, {"date": "2019-07-01", "country": "Turkey", "value": "1659000", "unit": "kg"}, {"date": "2019-08-01", "country": "Turkey", "value": "0", "unit": "kg"}, {"date": "2019-09-01", "country": "Turkey", "value": "580100", "unit": "kg"}, {"date": "2019-10-01", "country": "Turkey", "value": "483270", "unit": "kg"}, {"date": "2019-11-01", "country": "Turkey", "value": "5178780", "unit": "kg"}, {"date": "2019-12-01", "country": "Turkey", "value": "3588360", "unit": "kg"}, {"date": "2020-01-01", "country": "Turkey", "value": "8254925", "unit": "kg"}, {"date": "2020-02-01", "country": "Turkey", "value": "5293650", "unit": "kg"}, {"date": "2020-03-01", "country": "Turkey", "value": "4096660", "unit": "kg"}, {"date": "2018-10-01", "country": "Belgium", "value": "0", "unit": "kg"}, {"date": "2018-11-01", "country": "Belgium", "value": "0", "unit": "kg"}, {"date": "2018-12-01", "country": "Belgium", "value": "0", "unit": "kg"}, {"date": "2019-01-01", "country": "Belgium", "value": "0", "unit": "kg"}, {"date": "2019-02-01", "country": "Belgium", "value": "0", "unit": "kg"}, {"date": "2019-03-01", "country": "Belgium", "value": "0", "unit": "kg"}, {"date": "2019-04-01", "country": "Belgium", "value": "0", "unit": "kg"}, {"date": "2019-05-01", "country": "Belgium", "value": "0", "unit": "kg"}, {"date": "2019-06-01", "country": "Belgium", "value": "933", "unit": "kg"}, {"date": "2019-07-01", "country": "Belgium", "value": "0", "unit": "kg"}, {"date": "2019-08-01", "country": "Belgium", "value": "0", "unit": "kg"}, {"date": "2019-09-01", "country": "Belgium", "value": "0", "unit": "kg"}, {"date": "2019-10-01", "country": "Belgium", "value": "0", "unit": "kg"}, {"date": "2019-11-01", "country": "Belgium", "value": "0", "unit": "kg"}, {"date": "2019-12-01", "country": "Belgium", "value": "0", "unit": "kg"}, {"date": "2020-01-01", "country": "Belgium", "value": "0", "unit": "kg"}, {"date": "2020-02-01", "country": "Belgium", "value": "0", "unit": "kg"}, {"date": "2020-03-01", "country": "Belgium", "value": "0", "unit": "kg"}, {"date": "2018-10-01", "country": "Romania", "value": "95940", "unit": "kg"}, {"date": "2018-11-01", "country": "Romania", "value": "0", "unit": "kg"}, {"date": "2018-12-01", "country": "Romania", "value": "0", "unit": "kg"}, {"date": "2019-01-01", "country": "Romania", "value": "0", "unit": "kg"}, {"date": "2019-02-01", "country": "Romania", "value": "0", "unit": "kg"}, {"date": "2019-03-01", "country": "Romania", "value": "0", "unit": "kg"}, {"date": "2019-04-01", "country": "Romania", "value": "0", "unit": "kg"}, {"date": "2019-05-01", "country": "Romania", "value": "0", "unit": "kg"}, {"date": "2019-06-01", "country": "Romania", "value": "0", "unit": "kg"}, {"date": "2019-07-01", "country": "Romania", "value": "0", "unit": "kg"}, {"date": "2019-08-01", "country": "Romania", "value": "0", "unit": "kg"}, {"date": "2019-09-01", "country": "Romania", "value": "0", "unit": "kg"}, {"date": "2019-10-01", "country": "Romania", "value": "0", "unit": "kg"}, {"date": "2019-11-01", "country": "Romania", "value": "0", "unit": "kg"}, {"date": "2019-12-01", "country": "Romania", "value": "0", "unit": "kg"}, {"date": "2020-01-01", "country": "Romania", "value": "0", "unit": "kg"}, {"date": "2020-02-01", "country": "Romania", "value": "0", "unit": "kg"}, {"date": "2020-03-01", "country": "Romania", "value": "0", "unit": "kg"}]