[{"date": "2018-08-01", "country": "Ship stores and bunkers", "value": "0", "unit": "kg"}, {"date": "2018-09-01", "country": "Ship stores and bunkers", "value": "0", "unit": "kg"}, {"date": "2018-10-01", "country": "Ship stores and bunkers", "value": "865", "unit": "kg"}, {"date": "2018-11-01", "country": "Ship stores and bunkers", "value": "0", "unit": "kg"}, {"date": "2018-12-01", "country": "Ship stores and bunkers", "value": "0", "unit": "kg"}, {"date": "2019-01-01", "country": "Ship stores and bunkers", "value": "0", "unit": "kg"}, {"date": "2019-02-01", "country": "Ship stores and bunkers", "value": "610", "unit": "kg"}, {"date": "2019-03-01", "country": "Ship stores and bunkers", "value": "0", "unit": "kg"}, {"date": "2019-04-01", "country": "Ship stores and bunkers", "value": "0", "unit": "kg"}, {"date": "2019-05-01", "country": "Ship stores and bunkers", "value": "0", "unit": "kg"}, {"date": "2019-06-01", "country": "Ship stores and bunkers", "value": "0", "unit": "kg"}, {"date": "2019-07-01", "country": "Ship stores and bunkers", "value": "0", "unit": "kg"}, {"date": "2019-08-01", "country": "Ship stores and bunkers", "value": "350", "unit": "kg"}, {"date": "2019-09-01", "country": "Ship stores and bunkers", "value": "400", "unit": "kg"}, {"date": "2019-10-01", "country": "Ship stores and bunkers", "value": "0", "unit": "kg"}, {"date": "2019-11-01", "country": "Ship stores and bunkers", "value": "0", "unit": "kg"}, {"date": "2019-12-01", "country": "Ship stores and bunkers", "value": "534", "unit": "kg"}, {"date": "2020-01-01", "country": "Ship stores and bunkers", "value": "0", "unit": "kg"}, {"date": "2018-08-01", "country": "Rwanda", "value": "0", "unit": "kg"}, {"date": "2018-09-01", "country": "Rwanda", "value": "0", "unit": "kg"}, {"date": "2018-10-01", "country": "Rwanda", "value": "0", "unit": "kg"}, {"date": "2018-11-01", "country": "Rwanda", "value": "0", "unit": "kg"}, {"date": "2018-12-01", "country": "Rwanda", "value": "0", "unit": "kg"}, {"date": "2019-01-01", "country": "Rwanda", "value": "0", "unit": "kg"}, {"date": "2019-02-01", "country": "Rwanda", "value": "0", "unit": "kg"}, {"date": "2019-03-01", "country": "Rwanda", "value": "0", "unit": "kg"}, {"date": "2019-04-01", "country": "Rwanda", "value": "0", "unit": "kg"}, {"date": "2019-05-01", "country": "Rwanda", "value": "0", "unit": "kg"}, {"date": "2019-06-01", "country": "Rwanda", "value": "0", "unit": "kg"}, {"date": "2019-07-01", "country": "Rwanda", "value": "0", "unit": "kg"}, {"date": "2019-08-01", "country": "Rwanda", "value": "0", "unit": "kg"}, {"date": "2019-09-01", "country": "Rwanda", "value": "0", "unit": "kg"}, {"date": "2019-10-01", "country": "Rwanda", "value": "240", "unit": "kg"}, {"date": "2019-11-01", "country": "Rwanda", "value": "0", "unit": "kg"}, {"date": "2019-12-01", "country": "Rwanda", "value": "0", "unit": "kg"}, {"date": "2020-01-01", "country": "Rwanda", "value": "0", "unit": "kg"}, {"date": "2018-08-01", "country": "South Sudan", "value": "0", "unit": "kg"}, {"date": "2018-09-01", "country": "South Sudan", "value": "0", "unit": "kg"}, {"date": "2018-10-01", "country": "South Sudan", "value": "0", "unit": "kg"}, {"date": "2018-11-01", "country": "South Sudan", "value": "0", "unit": "kg"}, {"date": "2018-12-01", "country": "South Sudan", "value": "0", "unit": "kg"}, {"date": "2019-01-01", "country": "South Sudan", "value": "0", "unit": "kg"}, {"date": "2019-02-01", "country": "South Sudan", "value": "13850", "unit": "kg"}, {"date": "2019-03-01", "country": "South Sudan", "value": "10000", "unit": "kg"}, {"date": "2019-04-01", "country": "South Sudan", "value": "0", "unit": "kg"}, {"date": "2019-05-01", "country": "South Sudan", "value": "750", "unit": "kg"}, {"date": "2019-06-01", "country": "South Sudan", "value": "0", "unit": "kg"}, {"date": "2019-07-01", "country": "South Sudan", "value": "0", "unit": "kg"}, {"date": "2019-08-01", "country": "South Sudan", "value": "5000", "unit": "kg"}, {"date": "2019-09-01", "country": "South Sudan", "value": "0", "unit": "kg"}, {"date": "2019-10-01", "country": "South Sudan", "value": "0", "unit": "kg"}, {"date": "2019-11-01", "country": "South Sudan", "value": "0", "unit": "kg"}, {"date": "2019-12-01", "country": "South Sudan", "value": "0", "unit": "kg"}, {"date": "2020-01-01", "country": "South Sudan", "value": "0", "unit": "kg"}]