[{"date": "2018-08-01", "country": "Saint Lucia", "value": "267481", "unit": "kg"}, {"date": "2018-09-01", "country": "Saint Lucia", "value": "120809", "unit": "kg"}, {"date": "2018-10-01", "country": "Saint Lucia", "value": "119019", "unit": "kg"}, {"date": "2018-11-01", "country": "Saint Lucia", "value": "14360", "unit": "kg"}, {"date": "2018-12-01", "country": "Saint Lucia", "value": "0", "unit": "kg"}, {"date": "2019-01-01", "country": "Saint Lucia", "value": "217978", "unit": "kg"}, {"date": "2019-02-01", "country": "Saint Lucia", "value": "93607", "unit": "kg"}, {"date": "2019-03-01", "country": "Saint Lucia", "value": "6058", "unit": "kg"}, {"date": "2019-04-01", "country": "Saint Lucia", "value": "0", "unit": "kg"}, {"date": "2019-05-01", "country": "Saint Lucia", "value": "0", "unit": "kg"}, {"date": "2019-06-01", "country": "Saint Lucia", "value": "0", "unit": "kg"}, {"date": "2019-07-01", "country": "Saint Lucia", "value": "0", "unit": "kg"}, {"date": "2019-08-01", "country": "Saint Lucia", "value": "22545", "unit": "kg"}, {"date": "2019-09-01", "country": "Saint Lucia", "value": "99999", "unit": "kg"}, {"date": "2019-10-01", "country": "Saint Lucia", "value": "99999", "unit": "kg"}, {"date": "2019-11-01", "country": "Saint Lucia", "value": "0", "unit": "kg"}, {"date": "2019-12-01", "country": "Saint Lucia", "value": "0", "unit": "kg"}, {"date": "2020-01-01", "country": "Saint Lucia", "value": "25000", "unit": "kg"}, {"date": "2018-08-01", "country": "Antigua and Barbuda", "value": "1310", "unit": "kg"}, {"date": "2018-09-01", "country": "Antigua and Barbuda", "value": "420", "unit": "kg"}, {"date": "2018-10-01", "country": "Antigua and Barbuda", "value": "1188", "unit": "kg"}, {"date": "2018-11-01", "country": "Antigua and Barbuda", "value": "0", "unit": "kg"}, {"date": "2018-12-01", "country": "Antigua and Barbuda", "value": "0", "unit": "kg"}, {"date": "2019-01-01", "country": "Antigua and Barbuda", "value": "0", "unit": "kg"}, {"date": "2019-02-01", "country": "Antigua and Barbuda", "value": "0", "unit": "kg"}, {"date": "2019-03-01", "country": "Antigua and Barbuda", "value": "0", "unit": "kg"}, {"date": "2019-04-01", "country": "Antigua and Barbuda", "value": "0", "unit": "kg"}, {"date": "2019-05-01", "country": "Antigua and Barbuda", "value": "0", "unit": "kg"}, {"date": "2019-06-01", "country": "Antigua and Barbuda", "value": "0", "unit": "kg"}, {"date": "2019-07-01", "country": "Antigua and Barbuda", "value": "0", "unit": "kg"}, {"date": "2019-08-01", "country": "Antigua and Barbuda", "value": "0", "unit": "kg"}, {"date": "2019-09-01", "country": "Antigua and Barbuda", "value": "0", "unit": "kg"}, {"date": "2019-10-01", "country": "Antigua and Barbuda", "value": "0", "unit": "kg"}, {"date": "2019-11-01", "country": "Antigua and Barbuda", "value": "0", "unit": "kg"}, {"date": "2019-12-01", "country": "Antigua and Barbuda", "value": "0", "unit": "kg"}, {"date": "2020-01-01", "country": "Antigua and Barbuda", "value": "0", "unit": "kg"}, {"date": "2018-08-01", "country": "Barbados", "value": "1766", "unit": "kg"}, {"date": "2018-09-01", "country": "Barbados", "value": "1978", "unit": "kg"}, {"date": "2018-10-01", "country": "Barbados", "value": "1536", "unit": "kg"}, {"date": "2018-11-01", "country": "Barbados", "value": "768", "unit": "kg"}, {"date": "2018-12-01", "country": "Barbados", "value": "2419", "unit": "kg"}, {"date": "2019-01-01", "country": "Barbados", "value": "3706", "unit": "kg"}, {"date": "2019-02-01", "country": "Barbados", "value": "0", "unit": "kg"}, {"date": "2019-03-01", "country": "Barbados", "value": "4550", "unit": "kg"}, {"date": "2019-04-01", "country": "Barbados", "value": "0", "unit": "kg"}, {"date": "2019-05-01", "country": "Barbados", "value": "4032", "unit": "kg"}, {"date": "2019-06-01", "country": "Barbados", "value": "3782", "unit": "kg"}, {"date": "2019-07-01", "country": "Barbados", "value": "0", "unit": "kg"}, {"date": "2019-08-01", "country": "Barbados", "value": "0", "unit": "kg"}, {"date": "2019-09-01", "country": "Barbados", "value": "0", "unit": "kg"}, {"date": "2019-10-01", "country": "Barbados", "value": "0", "unit": "kg"}, {"date": "2019-11-01", "country": "Barbados", "value": "0", "unit": "kg"}, {"date": "2019-12-01", "country": "Barbados", "value": "0", "unit": "kg"}, {"date": "2020-01-01", "country": "Barbados", "value": "0", "unit": "kg"}, {"date": "2018-08-01", "country": "Jamaica", "value": "41562", "unit": "kg"}, {"date": "2018-09-01", "country": "Jamaica", "value": "0", "unit": "kg"}, {"date": "2018-10-01", "country": "Jamaica", "value": "47546", "unit": "kg"}, {"date": "2018-11-01", "country": "Jamaica", "value": "16248", "unit": "kg"}, {"date": "2018-12-01", "country": "Jamaica", "value": "22604", "unit": "kg"}, {"date": "2019-01-01", "country": "Jamaica", "value": "20594", "unit": "kg"}, {"date": "2019-02-01", "country": "Jamaica", "value": "22876", "unit": "kg"}, {"date": "2019-03-01", "country": "Jamaica", "value": "0", "unit": "kg"}, {"date": "2019-04-01", "country": "Jamaica", "value": "0", "unit": "kg"}, {"date": "2019-05-01", "country": "Jamaica", "value": "22886", "unit": "kg"}, {"date": "2019-06-01", "country": "Jamaica", "value": "21808", "unit": "kg"}, {"date": "2019-07-01", "country": "Jamaica", "value": "0", "unit": "kg"}, {"date": "2019-08-01", "country": "Jamaica", "value": "0", "unit": "kg"}, {"date": "2019-09-01", "country": "Jamaica", "value": "0", "unit": "kg"}, {"date": "2019-10-01", "country": "Jamaica", "value": "0", "unit": "kg"}, {"date": "2019-11-01", "country": "Jamaica", "value": "0", "unit": "kg"}, {"date": "2019-12-01", "country": "Jamaica", "value": "0", "unit": "kg"}, {"date": "2020-01-01", "country": "Jamaica", "value": "0", "unit": "kg"}, {"date": "2018-08-01", "country": "Montserrat", "value": "0", "unit": "kg"}, {"date": "2018-09-01", "country": "Montserrat", "value": "0", "unit": "kg"}, {"date": "2018-10-01", "country": "Montserrat", "value": "2440", "unit": "kg"}, {"date": "2018-11-01", "country": "Montserrat", "value": "0", "unit": "kg"}, {"date": "2018-12-01", "country": "Montserrat", "value": "0", "unit": "kg"}, {"date": "2019-01-01", "country": "Montserrat", "value": "0", "unit": "kg"}, {"date": "2019-02-01", "country": "Montserrat", "value": "1388", "unit": "kg"}, {"date": "2019-03-01", "country": "Montserrat", "value": "0", "unit": "kg"}, {"date": "2019-04-01", "country": "Montserrat", "value": "0", "unit": "kg"}, {"date": "2019-05-01", "country": "Montserrat", "value": "0", "unit": "kg"}, {"date": "2019-06-01", "country": "Montserrat", "value": "0", "unit": "kg"}, {"date": "2019-07-01", "country": "Montserrat", "value": "2800", "unit": "kg"}, {"date": "2019-08-01", "country": "Montserrat", "value": "0", "unit": "kg"}, {"date": "2019-09-01", "country": "Montserrat", "value": "0", "unit": "kg"}, {"date": "2019-10-01", "country": "Montserrat", "value": "0", "unit": "kg"}, {"date": "2019-11-01", "country": "Montserrat", "value": "0", "unit": "kg"}, {"date": "2019-12-01", "country": "Montserrat", "value": "0", "unit": "kg"}, {"date": "2020-01-01", "country": "Montserrat", "value": "0", "unit": "kg"}, {"date": "2018-08-01", "country": "Saint Kitts and Nevis", "value": "0", "unit": "kg"}, {"date": "2018-09-01", "country": "Saint Kitts and Nevis", "value": "0", "unit": "kg"}, {"date": "2018-10-01", "country": "Saint Kitts and Nevis", "value": "1298", "unit": "kg"}, {"date": "2018-11-01", "country": "Saint Kitts and Nevis", "value": "764", "unit": "kg"}, {"date": "2018-12-01", "country": "Saint Kitts and Nevis", "value": "3720", "unit": "kg"}, {"date": "2019-01-01", "country": "Saint Kitts and Nevis", "value": "1541", "unit": "kg"}, {"date": "2019-02-01", "country": "Saint Kitts and Nevis", "value": "0", "unit": "kg"}, {"date": "2019-03-01", "country": "Saint Kitts and Nevis", "value": "0", "unit": "kg"}, {"date": "2019-04-01", "country": "Saint Kitts and Nevis", "value": "0", "unit": "kg"}, {"date": "2019-05-01", "country": "Saint Kitts and Nevis", "value": "0", "unit": "kg"}, {"date": "2019-06-01", "country": "Saint Kitts and Nevis", "value": "1584", "unit": "kg"}, {"date": "2019-07-01", "country": "Saint Kitts and Nevis", "value": "0", "unit": "kg"}, {"date": "2019-08-01", "country": "Saint Kitts and Nevis", "value": "0", "unit": "kg"}, {"date": "2019-09-01", "country": "Saint Kitts and Nevis", "value": "0", "unit": "kg"}, {"date": "2019-10-01", "country": "Saint Kitts and Nevis", "value": "0", "unit": "kg"}, {"date": "2019-11-01", "country": "Saint Kitts and Nevis", "value": "0", "unit": "kg"}, {"date": "2019-12-01", "country": "Saint Kitts and Nevis", "value": "0", "unit": "kg"}, {"date": "2020-01-01", "country": "Saint Kitts and Nevis", "value": "0", "unit": "kg"}]