[{"date": "2018-12-01", "country_from": "PY", "country_to": "CH", "value": "0", "unit": "kg"}, {"date": "2019-01-01", "country_from": "PY", "country_to": "CH", "value": "0", "unit": "kg"}, {"date": "2019-02-01", "country_from": "PY", "country_to": "CH", "value": "0", "unit": "kg"}, {"date": "2019-03-01", "country_from": "PY", "country_to": "CH", "value": "0", "unit": "kg"}, {"date": "2019-04-01", "country_from": "PY", "country_to": "CH", "value": "0", "unit": "kg"}, {"date": "2019-05-01", "country_from": "PY", "country_to": "CH", "value": "0", "unit": "kg"}, {"date": "2019-06-01", "country_from": "PY", "country_to": "CH", "value": "0", "unit": "kg"}, {"date": "2019-07-01", "country_from": "PY", "country_to": "CH", "value": "0", "unit": "kg"}, {"date": "2019-08-01", "country_from": "PY", "country_to": "CH", "value": "0", "unit": "kg"}, {"date": "2019-09-01", "country_from": "PY", "country_to": "CH", "value": "0", "unit": "kg"}, {"date": "2019-10-01", "country_from": "PY", "country_to": "CH", "value": "0", "unit": "kg"}, {"date": "2019-11-01", "country_from": "PY", "country_to": "CH", "value": "0", "unit": "kg"}, {"date": "2019-12-01", "country_from": "PY", "country_to": "CH", "value": "0", "unit": "kg"}, {"date": "2020-01-01", "country_from": "PY", "country_to": "CH", "value": "0", "unit": "kg"}, {"date": "2020-02-01", "country_from": "PY", "country_to": "CH", "value": "0", "unit": "kg"}, {"date": "2020-03-01", "country_from": "PY", "country_to": "CH", "value": "0", "unit": "kg"}, {"date": "2020-04-01", "country_from": "PY", "country_to": "CH", "value": "0", "unit": "kg"}, {"date": "2020-05-01", "country_from": "PY", "country_to": "CH", "value": "0", "unit": "kg"}, {"date": "2018-12-01", "country_from": "PY", "country_to": "UY", "value": "0", "unit": "kg"}, {"date": "2019-01-01", "country_from": "PY", "country_to": "UY", "value": "0", "unit": "kg"}, {"date": "2019-02-01", "country_from": "PY", "country_to": "UY", "value": "0", "unit": "kg"}, {"date": "2019-03-01", "country_from": "PY", "country_to": "UY", "value": "0", "unit": "kg"}, {"date": "2019-04-01", "country_from": "PY", "country_to": "UY", "value": "0", "unit": "kg"}, {"date": "2019-05-01", "country_from": "PY", "country_to": "UY", "value": "0", "unit": "kg"}, {"date": "2019-06-01", "country_from": "PY", "country_to": "UY", "value": "0", "unit": "kg"}, {"date": "2019-07-01", "country_from": "PY", "country_to": "UY", "value": "0", "unit": "kg"}, {"date": "2019-08-01", "country_from": "PY", "country_to": "UY", "value": "0", "unit": "kg"}, {"date": "2019-09-01", "country_from": "PY", "country_to": "UY", "value": "0", "unit": "kg"}, {"date": "2019-10-01", "country_from": "PY", "country_to": "UY", "value": "0", "unit": "kg"}, {"date": "2019-11-01", "country_from": "PY", "country_to": "UY", "value": "0", "unit": "kg"}, {"date": "2019-12-01", "country_from": "PY", "country_to": "UY", "value": "0", "unit": "kg"}, {"date": "2020-01-01", "country_from": "PY", "country_to": "UY", "value": "0", "unit": "kg"}, {"date": "2020-02-01", "country_from": "PY", "country_to": "UY", "value": "0", "unit": "kg"}, {"date": "2020-03-01", "country_from": "PY", "country_to": "UY", "value": "1285250", "unit": "kg"}, {"date": "2020-04-01", "country_from": "PY", "country_to": "UY", "value": "90914", "unit": "kg"}, {"date": "2020-05-01", "country_from": "PY", "country_to": "UY", "value": "146330", "unit": "kg"}, {"date": "2018-12-01", "country_from": "PY", "country_to": "BR", "value": "1027060", "unit": "kg"}, {"date": "2019-01-01", "country_from": "PY", "country_to": "BR", "value": "1000000", "unit": "kg"}, {"date": "2019-02-01", "country_from": "PY", "country_to": "BR", "value": "7724060", "unit": "kg"}, {"date": "2019-03-01", "country_from": "PY", "country_to": "BR", "value": "5281910", "unit": "kg"}, {"date": "2019-04-01", "country_from": "PY", "country_to": "BR", "value": "6287600", "unit": "kg"}, {"date": "2019-05-01", "country_from": "PY", "country_to": "BR", "value": "11498840", "unit": "kg"}, {"date": "2019-06-01", "country_from": "PY", "country_to": "BR", "value": "4569400", "unit": "kg"}, {"date": "2019-07-01", "country_from": "PY", "country_to": "BR", "value": "6085720", "unit": "kg"}, {"date": "2019-08-01", "country_from": "PY", "country_to": "BR", "value": "8856970", "unit": "kg"}, {"date": "2019-09-01", "country_from": "PY", "country_to": "BR", "value": "2384000", "unit": "kg"}, {"date": "2019-10-01", "country_from": "PY", "country_to": "BR", "value": "7727550", "unit": "kg"}, {"date": "2019-11-01", "country_from": "PY", "country_to": "BR", "value": "5656270", "unit": "kg"}, {"date": "2019-12-01", "country_from": "PY", "country_to": "BR", "value": "1905000", "unit": "kg"}, {"date": "2020-01-01", "country_from": "PY", "country_to": "BR", "value": "2365000", "unit": "kg"}, {"date": "2020-02-01", "country_from": "PY", "country_to": "BR", "value": "5192500", "unit": "kg"}, {"date": "2020-03-01", "country_from": "PY", "country_to": "BR", "value": "11862840", "unit": "kg"}, {"date": "2020-04-01", "country_from": "PY", "country_to": "BR", "value": "9261900", "unit": "kg"}, {"date": "2020-05-01", "country_from": "PY", "country_to": "BR", "value": "4077080", "unit": "kg"}, {"date": "2018-12-01", "country_from": "PY", "country_to": "SV", "value": "0", "unit": "kg"}, {"date": "2019-01-01", "country_from": "PY", "country_to": "SV", "value": "0", "unit": "kg"}, {"date": "2019-02-01", "country_from": "PY", "country_to": "SV", "value": "0", "unit": "kg"}, {"date": "2019-03-01", "country_from": "PY", "country_to": "SV", "value": "0", "unit": "kg"}, {"date": "2019-04-01", "country_from": "PY", "country_to": "SV", "value": "0", "unit": "kg"}, {"date": "2019-05-01", "country_from": "PY", "country_to": "SV", "value": "0", "unit": "kg"}, {"date": "2019-06-01", "country_from": "PY", "country_to": "SV", "value": "0", "unit": "kg"}, {"date": "2019-07-01", "country_from": "PY", "country_to": "SV", "value": "0", "unit": "kg"}, {"date": "2019-08-01", "country_from": "PY", "country_to": "SV", "value": "0", "unit": "kg"}, {"date": "2019-09-01", "country_from": "PY", "country_to": "SV", "value": "0", "unit": "kg"}, {"date": "2019-10-01", "country_from": "PY", "country_to": "SV", "value": "0", "unit": "kg"}, {"date": "2019-11-01", "country_from": "PY", "country_to": "SV", "value": "0", "unit": "kg"}, {"date": "2019-12-01", "country_from": "PY", "country_to": "SV", "value": "0", "unit": "kg"}, {"date": "2020-01-01", "country_from": "PY", "country_to": "SV", "value": "0", "unit": "kg"}, {"date": "2020-02-01", "country_from": "PY", "country_to": "SV", "value": "0", "unit": "kg"}, {"date": "2020-03-01", "country_from": "PY", "country_to": "SV", "value": "0", "unit": "kg"}, {"date": "2020-04-01", "country_from": "PY", "country_to": "SV", "value": "0", "unit": "kg"}, {"date": "2020-05-01", "country_from": "PY", "country_to": "SV", "value": "480209", "unit": "kg"}, {"date": "2018-12-01", "country_from": "PY", "country_to": "GT", "value": "0", "unit": "kg"}, {"date": "2019-01-01", "country_from": "PY", "country_to": "GT", "value": "0", "unit": "kg"}, {"date": "2019-02-01", "country_from": "PY", "country_to": "GT", "value": "0", "unit": "kg"}, {"date": "2019-03-01", "country_from": "PY", "country_to": "GT", "value": "0", "unit": "kg"}, {"date": "2019-04-01", "country_from": "PY", "country_to": "GT", "value": "0", "unit": "kg"}, {"date": "2019-05-01", "country_from": "PY", "country_to": "GT", "value": "0", "unit": "kg"}, {"date": "2019-06-01", "country_from": "PY", "country_to": "GT", "value": "0", "unit": "kg"}, {"date": "2019-07-01", "country_from": "PY", "country_to": "GT", "value": "0", "unit": "kg"}, {"date": "2019-08-01", "country_from": "PY", "country_to": "GT", "value": "840000", "unit": "kg"}, {"date": "2019-09-01", "country_from": "PY", "country_to": "GT", "value": "364000", "unit": "kg"}, {"date": "2019-10-01", "country_from": "PY", "country_to": "GT", "value": "336000", "unit": "kg"}, {"date": "2019-11-01", "country_from": "PY", "country_to": "GT", "value": "0", "unit": "kg"}, {"date": "2019-12-01", "country_from": "PY", "country_to": "GT", "value": "0", "unit": "kg"}, {"date": "2020-01-01", "country_from": "PY", "country_to": "GT", "value": "0", "unit": "kg"}, {"date": "2020-02-01", "country_from": "PY", "country_to": "GT", "value": "0", "unit": "kg"}, {"date": "2020-03-01", "country_from": "PY", "country_to": "GT", "value": "0", "unit": "kg"}, {"date": "2020-04-01", "country_from": "PY", "country_to": "GT", "value": "221144", "unit": "kg"}, {"date": "2020-05-01", "country_from": "PY", "country_to": "GT", "value": "13895772", "unit": "kg"}, {"date": "2018-12-01", "country_from": "PY", "country_to": "MX", "value": "0", "unit": "kg"}, {"date": "2019-01-01", "country_from": "PY", "country_to": "MX", "value": "0", "unit": "kg"}, {"date": "2019-02-01", "country_from": "PY", "country_to": "MX", "value": "0", "unit": "kg"}, {"date": "2019-03-01", "country_from": "PY", "country_to": "MX", "value": "0", "unit": "kg"}, {"date": "2019-04-01", "country_from": "PY", "country_to": "MX", "value": "0", "unit": "kg"}, {"date": "2019-05-01", "country_from": "PY", "country_to": "MX", "value": "0", "unit": "kg"}, {"date": "2019-06-01", "country_from": "PY", "country_to": "MX", "value": "0", "unit": "kg"}, {"date": "2019-07-01", "country_from": "PY", "country_to": "MX", "value": "0", "unit": "kg"}, {"date": "2019-08-01", "country_from": "PY", "country_to": "MX", "value": "0", "unit": "kg"}, {"date": "2019-09-01", "country_from": "PY", "country_to": "MX", "value": "0", "unit": "kg"}, {"date": "2019-10-01", "country_from": "PY", "country_to": "MX", "value": "0", "unit": "kg"}, {"date": "2019-11-01", "country_from": "PY", "country_to": "MX", "value": "0", "unit": "kg"}, {"date": "2019-12-01", "country_from": "PY", "country_to": "MX", "value": "0", "unit": "kg"}, {"date": "2020-01-01", "country_from": "PY", "country_to": "MX", "value": "0", "unit": "kg"}, {"date": "2020-02-01", "country_from": "PY", "country_to": "MX", "value": "0", "unit": "kg"}, {"date": "2020-03-01", "country_from": "PY", "country_to": "MX", "value": "23714750", "unit": "kg"}, {"date": "2020-04-01", "country_from": "PY", "country_to": "MX", "value": "9627942", "unit": "kg"}, {"date": "2020-05-01", "country_from": "PY", "country_to": "MX", "value": "12184342", "unit": "kg"}, {"date": "2018-12-01", "country_from": "PY", "country_to": "PA", "value": "0", "unit": "kg"}, {"date": "2019-01-01", "country_from": "PY", "country_to": "PA", "value": "0", "unit": "kg"}, {"date": "2019-02-01", "country_from": "PY", "country_to": "PA", "value": "0", "unit": "kg"}, {"date": "2019-03-01", "country_from": "PY", "country_to": "PA", "value": "0", "unit": "kg"}, {"date": "2019-04-01", "country_from": "PY", "country_to": "PA", "value": "0", "unit": "kg"}, {"date": "2019-05-01", "country_from": "PY", "country_to": "PA", "value": "0", "unit": "kg"}, {"date": "2019-06-01", "country_from": "PY", "country_to": "PA", "value": "0", "unit": "kg"}, {"date": "2019-07-01", "country_from": "PY", "country_to": "PA", "value": "0", "unit": "kg"}, {"date": "2019-08-01", "country_from": "PY", "country_to": "PA", "value": "0", "unit": "kg"}, {"date": "2019-09-01", "country_from": "PY", "country_to": "PA", "value": "0", "unit": "kg"}, {"date": "2019-10-01", "country_from": "PY", "country_to": "PA", "value": "0", "unit": "kg"}, {"date": "2019-11-01", "country_from": "PY", "country_to": "PA", "value": "0", "unit": "kg"}, {"date": "2019-12-01", "country_from": "PY", "country_to": "PA", "value": "0", "unit": "kg"}, {"date": "2020-01-01", "country_from": "PY", "country_to": "PA", "value": "0", "unit": "kg"}, {"date": "2020-02-01", "country_from": "PY", "country_to": "PA", "value": "0", "unit": "kg"}, {"date": "2020-03-01", "country_from": "PY", "country_to": "PA", "value": "0", "unit": "kg"}, {"date": "2020-04-01", "country_from": "PY", "country_to": "PA", "value": "0", "unit": "kg"}, {"date": "2020-05-01", "country_from": "PY", "country_to": "PA", "value": "10191451", "unit": "kg"}]