[{"date": "1234-01", "country": "2", "value": "1", "unit": "kg"}, {"date": "1-01", "country": "2", "value": "2", "unit": "kg"}, {"date": "2-01", "country": "2", "value": "3", "unit": "kg"}, {"date": "3-01", "country": "2", "value": "4", "unit": "kg"}, {"date": "2-01", "country": "Venezuela, Bolivarian Republic of", "value": "4462200", "unit": "kg"}, {"date": "3-01", "country": "Venezuela, Bolivarian Republic of", "value": "2404200", "unit": "kg"}, {"date": "4-01", "country": "Venezuela, Bolivarian Republic of", "value": "381060", "unit": "kg"}, {"date": "Unnamed: 5-01", "country": "Venezuela, Bolivarian Republic of", "value": "1443060", "unit": "kg"}, {"date": "Unnamed: 6-01", "country": "Venezuela, Bolivarian Republic of", "value": "4207450", "unit": "kg"}, {"date": "Unnamed: 7-01", "country": "Venezuela, Bolivarian Republic of", "value": "2786770", "unit": "kg"}, {"date": "Unnamed: 8-01", "country": "Venezuela, Bolivarian Republic of", "value": "5165599", "unit": "kg"}, {"date": "Unnamed: 9-01", "country": "Venezuela, Bolivarian Republic of", "value": "3637080", "unit": "kg"}, {"date": "Unnamed: 10-01", "country": "Venezuela, Bolivarian Republic of", "value": "8639010", "unit": "kg"}, {"date": "Unnamed: 11-01", "country": "Venezuela, Bolivarian Republic of", "value": "6401060", "unit": "kg"}, {"date": "Unnamed: 12-01", "country": "Venezuela, Bolivarian Republic of", "value": "6829041", "unit": "kg"}, {"date": "Unnamed: 13-01", "country": "Venezuela, Bolivarian Republic of", "value": "9737250", "unit": "kg"}, {"date": "Unnamed: 14-01", "country": "Venezuela, Bolivarian Republic of", "value": "7553050", "unit": "kg"}, {"date": "Unnamed: 15-01", "country": "Venezuela, Bolivarian Republic of", "value": "11393510", "unit": "kg"}, {"date": "Unnamed: 16-01", "country": "Venezuela, Bolivarian Republic of", "value": "4828440", "unit": "kg"}, {"date": "Unnamed: 17-01", "country": "Venezuela, Bolivarian Republic of", "value": "7335180", "unit": "kg"}, {"date": "Unnamed: 18-01", "country": "Venezuela, Bolivarian Republic of", "value": "15372180", "unit": "kg"}, {"date": "Unnamed: 19-01", "country": "Venezuela, Bolivarian Republic of", "value": "12341970", "unit": "kg"}, {"date": "Unnamed: 20-01", "country": "Venezuela, Bolivarian Republic of", "value": "7870200", "unit": "kg"}, {"date": "Unnamed: 21-01", "country": "Venezuela, Bolivarian Republic of", "value": "10618720", "unit": "kg"}, {"date": "2-01", "country": "Peru", "value": "6615470", "unit": "kg"}, {"date": "3-01", "country": "Peru", "value": "6068435", "unit": "kg"}, {"date": "4-01", "country": "Peru", "value": "11233250", "unit": "kg"}, {"date": "Unnamed: 5-01", "country": "Peru", "value": "11114135", "unit": "kg"}, {"date": "Unnamed: 6-01", "country": "Peru", "value": "7285541", "unit": "kg"}, {"date": "Unnamed: 7-01", "country": "Peru", "value": "10338570", "unit": "kg"}, {"date": "Unnamed: 8-01", "country": "Peru", "value": "5940260", "unit": "kg"}, {"date": "Unnamed: 9-01", "country": "Peru", "value": "8232930", "unit": "kg"}, {"date": "Unnamed: 10-01", "country": "Peru", "value": "8443220", "unit": "kg"}, {"date": "Unnamed: 11-01", "country": "Peru", "value": "8339752", "unit": "kg"}, {"date": "Unnamed: 12-01", "country": "Peru", "value": "9936425", "unit": "kg"}, {"date": "Unnamed: 13-01", "country": "Peru", "value": "7884980", "unit": "kg"}, {"date": "Unnamed: 14-01", "country": "Peru", "value": "9529620", "unit": "kg"}, {"date": "Unnamed: 15-01", "country": "Peru", "value": "8013660", "unit": "kg"}, {"date": "Unnamed: 16-01", "country": "Peru", "value": "9161230", "unit": "kg"}, {"date": "Unnamed: 17-01", "country": "Peru", "value": "11368130", "unit": "kg"}, {"date": "Unnamed: 18-01", "country": "Peru", "value": "14112510", "unit": "kg"}, {"date": "Unnamed: 19-01", "country": "Peru", "value": "14138280", "unit": "kg"}, {"date": "Unnamed: 20-01", "country": "Peru", "value": "12593150", "unit": "kg"}, {"date": "Unnamed: 21-01", "country": "Peru", "value": "7448630", "unit": "kg"}, {"date": "2-01", "country": "South Africa", "value": "0", "unit": "kg"}, {"date": "3-01", "country": "South Africa", "value": "0", "unit": "kg"}, {"date": "4-01", "country": "South Africa", "value": "0", "unit": "kg"}, {"date": "Unnamed: 5-01", "country": "South Africa", "value": "0", "unit": "kg"}, {"date": "Unnamed: 6-01", "country": "South Africa", "value": "0", "unit": "kg"}, {"date": "Unnamed: 7-01", "country": "South Africa", "value": "0", "unit": "kg"}, {"date": "Unnamed: 8-01", "country": "South Africa", "value": "0", "unit": "kg"}, {"date": "Unnamed: 9-01", "country": "South Africa", "value": "0", "unit": "kg"}, {"date": "Unnamed: 10-01", "country": "South Africa", "value": "252500", "unit": "kg"}, {"date": "Unnamed: 11-01", "country": "South Africa", "value": "252500", "unit": "kg"}, {"date": "Unnamed: 12-01", "country": "South Africa", "value": "0", "unit": "kg"}, {"date": "Unnamed: 13-01", "country": "South Africa", "value": "0", "unit": "kg"}, {"date": "Unnamed: 14-01", "country": "South Africa", "value": "0", "unit": "kg"}, {"date": "Unnamed: 15-01", "country": "South Africa", "value": "0", "unit": "kg"}, {"date": "Unnamed: 16-01", "country": "South Africa", "value": "0", "unit": "kg"}, {"date": "Unnamed: 17-01", "country": "South Africa", "value": "5893400", "unit": "kg"}, {"date": "Unnamed: 18-01", "country": "South Africa", "value": "10472800", "unit": "kg"}, {"date": "Unnamed: 19-01", "country": "South Africa", "value": "7984000", "unit": "kg"}, {"date": "Unnamed: 20-01", "country": "South Africa", "value": "5807000", "unit": "kg"}, {"date": "Unnamed: 21-01", "country": "South Africa", "value": "5284000", "unit": "kg"}, {"date": "2-01", "country": "United States of America", "value": "1643877", "unit": "kg"}, {"date": "3-01", "country": "United States of America", "value": "1821327", "unit": "kg"}, {"date": "4-01", "country": "United States of America", "value": "745097", "unit": "kg"}, {"date": "Unnamed: 5-01", "country": "United States of America", "value": "941592", "unit": "kg"}, {"date": "Unnamed: 6-01", "country": "United States of America", "value": "1019857", "unit": "kg"}, {"date": "Unnamed: 7-01", "country": "United States of America", "value": "1021686", "unit": "kg"}, {"date": "Unnamed: 8-01", "country": "United States of America", "value": "885171", "unit": "kg"}, {"date": "Unnamed: 9-01", "country": "United States of America", "value": "1575384", "unit": "kg"}, {"date": "Unnamed: 10-01", "country": "United States of America", "value": "7709352", "unit": "kg"}, {"date": "Unnamed: 11-01", "country": "United States of America", "value": "2151746", "unit": "kg"}, {"date": "Unnamed: 12-01", "country": "United States of America", "value": "1963392", "unit": "kg"}, {"date": "Unnamed: 13-01", "country": "United States of America", "value": "1312650", "unit": "kg"}, {"date": "Unnamed: 14-01", "country": "United States of America", "value": "2075354", "unit": "kg"}, {"date": "Unnamed: 15-01", "country": "United States of America", "value": "3516288", "unit": "kg"}, {"date": "Unnamed: 16-01", "country": "United States of America", "value": "1580471", "unit": "kg"}, {"date": "Unnamed: 17-01", "country": "United States of America", "value": "5746935", "unit": "kg"}, {"date": "Unnamed: 18-01", "country": "United States of America", "value": "3701339", "unit": "kg"}, {"date": "Unnamed: 19-01", "country": "United States of America", "value": "14883914", "unit": "kg"}, {"date": "Unnamed: 20-01", "country": "United States of America", "value": "15124341", "unit": "kg"}, {"date": "Unnamed: 21-01", "country": "United States of America", "value": "2959650", "unit": "kg"}, {"date": "2-01", "country": "Angola", "value": "1204597", "unit": "kg"}, {"date": "3-01", "country": "Angola", "value": "801120", "unit": "kg"}, {"date": "4-01", "country": "Angola", "value": "50000", "unit": "kg"}, {"date": "Unnamed: 5-01", "country": "Angola", "value": "791910", "unit": "kg"}, {"date": "Unnamed: 6-01", "country": "Angola", "value": "1021930", "unit": "kg"}, {"date": "Unnamed: 7-01", "country": "Angola", "value": "228000", "unit": "kg"}, {"date": "Unnamed: 8-01", "country": "Angola", "value": "1324230", "unit": "kg"}, {"date": "Unnamed: 9-01", "country": "Angola", "value": "54000", "unit": "kg"}, {"date": "Unnamed: 10-01", "country": "Angola", "value": "223450", "unit": "kg"}, {"date": "Unnamed: 11-01", "country": "Angola", "value": "372000", "unit": "kg"}, {"date": "Unnamed: 12-01", "country": "Angola", "value": "938010", "unit": "kg"}, {"date": "Unnamed: 13-01", "country": "Angola", "value": "1265230", "unit": "kg"}, {"date": "Unnamed: 14-01", "country": "Angola", "value": "555110", "unit": "kg"}, {"date": "Unnamed: 15-01", "country": "Angola", "value": "828210", "unit": "kg"}, {"date": "Unnamed: 16-01", "country": "Angola", "value": "958500", "unit": "kg"}, {"date": "Unnamed: 17-01", "country": "Angola", "value": "299250", "unit": "kg"}, {"date": "Unnamed: 18-01", "country": "Angola", "value": "1366600", "unit": "kg"}, {"date": "Unnamed: 19-01", "country": "Angola", "value": "3096800", "unit": "kg"}, {"date": "Unnamed: 20-01", "country": "Angola", "value": "3059006", "unit": "kg"}, {"date": "Unnamed: 21-01", "country": "Angola", "value": "2786100", "unit": "kg"}, {"date": "2-01", "country": "Saudi Arabia", "value": "140400", "unit": "kg"}, {"date": "3-01", "country": "Saudi Arabia", "value": "1150000", "unit": "kg"}, {"date": "4-01", "country": "Saudi Arabia", "value": "806400", "unit": "kg"}, {"date": "Unnamed: 5-01", "country": "Saudi Arabia", "value": "1525120", "unit": "kg"}, {"date": "Unnamed: 6-01", "country": "Saudi Arabia", "value": "926760", "unit": "kg"}, {"date": "Unnamed: 7-01", "country": "Saudi Arabia", "value": "521800", "unit": "kg"}, {"date": "Unnamed: 8-01", "country": "Saudi Arabia", "value": "1252690", "unit": "kg"}, {"date": "Unnamed: 9-01", "country": "Saudi Arabia", "value": "963200", "unit": "kg"}, {"date": "Unnamed: 10-01", "country": "Saudi Arabia", "value": "945120", "unit": "kg"}, {"date": "Unnamed: 11-01", "country": "Saudi Arabia", "value": "1459880", "unit": "kg"}, {"date": "Unnamed: 12-01", "country": "Saudi Arabia", "value": "1141760", "unit": "kg"}, {"date": "Unnamed: 13-01", "country": "Saudi Arabia", "value": "757760", "unit": "kg"}, {"date": "Unnamed: 14-01", "country": "Saudi Arabia", "value": "509600", "unit": "kg"}, {"date": "Unnamed: 15-01", "country": "Saudi Arabia", "value": "509600", "unit": "kg"}, {"date": "Unnamed: 16-01", "country": "Saudi Arabia", "value": "0", "unit": "kg"}, {"date": "Unnamed: 17-01", "country": "Saudi Arabia", "value": "496800", "unit": "kg"}, {"date": "Unnamed: 18-01", "country": "Saudi Arabia", "value": "151245", "unit": "kg"}, {"date": "Unnamed: 19-01", "country": "Saudi Arabia", "value": "1433600", "unit": "kg"}, {"date": "Unnamed: 20-01", "country": "Saudi Arabia", "value": "1867200", "unit": "kg"}, {"date": "Unnamed: 21-01", "country": "Saudi Arabia", "value": "1275600", "unit": "kg"}, {"date": "2-01", "country": "Bolivia, Plurinational State of", "value": "804230", "unit": "kg"}, {"date": "3-01", "country": "Bolivia, Plurinational State of", "value": "224970", "unit": "kg"}, {"date": "4-01", "country": "Bolivia, Plurinational State of", "value": "979260", "unit": "kg"}, {"date": "Unnamed: 5-01", "country": "Bolivia, Plurinational State of", "value": "83970", "unit": "kg"}, {"date": "Unnamed: 6-01", "country": "Bolivia, Plurinational State of", "value": "92970", "unit": "kg"}, {"date": "Unnamed: 7-01", "country": "Bolivia, Plurinational State of", "value": "166270", "unit": "kg"}, {"date": "Unnamed: 8-01", "country": "Bolivia, Plurinational State of", "value": "327963", "unit": "kg"}, {"date": "Unnamed: 9-01", "country": "Bolivia, Plurinational State of", "value": "487980", "unit": "kg"}, {"date": "Unnamed: 10-01", "country": "Bolivia, Plurinational State of", "value": "592980", "unit": "kg"}, {"date": "Unnamed: 11-01", "country": "Bolivia, Plurinational State of", "value": "841500", "unit": "kg"}, {"date": "Unnamed: 12-01", "country": "Bolivia, Plurinational State of", "value": "208500", "unit": "kg"}, {"date": "Unnamed: 13-01", "country": "Bolivia, Plurinational State of", "value": "1031920", "unit": "kg"}, {"date": "Unnamed: 14-01", "country": "Bolivia, Plurinational State of", "value": "55980", "unit": "kg"}, {"date": "Unnamed: 15-01", "country": "Bolivia, Plurinational State of", "value": "419680", "unit": "kg"}, {"date": "Unnamed: 16-01", "country": "Bolivia, Plurinational State of", "value": "282040", "unit": "kg"}, {"date": "Unnamed: 17-01", "country": "Bolivia, Plurinational State of", "value": "1429440", "unit": "kg"}, {"date": "Unnamed: 18-01", "country": "Bolivia, Plurinational State of", "value": "1357440", "unit": "kg"}, {"date": "Unnamed: 19-01", "country": "Bolivia, Plurinational State of", "value": "1397670", "unit": "kg"}, {"date": "Unnamed: 20-01", "country": "Bolivia, Plurinational State of", "value": "1277940", "unit": "kg"}, {"date": "Unnamed: 21-01", "country": "Bolivia, Plurinational State of", "value": "1230990", "unit": "kg"}, {"date": "2-01", "country": "Mexico", "value": "0", "unit": "kg"}, {"date": "3-01", "country": "Mexico", "value": "0", "unit": "kg"}, {"date": "4-01", "country": "Mexico", "value": "0", "unit": "kg"}, {"date": "Unnamed: 5-01", "country": "Mexico", "value": "0", "unit": "kg"}, {"date": "Unnamed: 6-01", "country": "Mexico", "value": "0", "unit": "kg"}, {"date": "Unnamed: 7-01", "country": "Mexico", "value": "0", "unit": "kg"}, {"date": "Unnamed: 8-01", "country": "Mexico", "value": "0", "unit": "kg"}, {"date": "Unnamed: 9-01", "country": "Mexico", "value": "0", "unit": "kg"}, {"date": "Unnamed: 10-01", "country": "Mexico", "value": "0", "unit": "kg"}, {"date": "Unnamed: 11-01", "country": "Mexico", "value": "0", "unit": "kg"}, {"date": "Unnamed: 12-01", "country": "Mexico", "value": "277000", "unit": "kg"}, {"date": "Unnamed: 13-01", "country": "Mexico", "value": "224000", "unit": "kg"}, {"date": "Unnamed: 14-01", "country": "Mexico", "value": "0", "unit": "kg"}, {"date": "Unnamed: 15-01", "country": "Mexico", "value": "384000", "unit": "kg"}, {"date": "Unnamed: 16-01", "country": "Mexico", "value": "888000", "unit": "kg"}, {"date": "Unnamed: 17-01", "country": "Mexico", "value": "552014", "unit": "kg"}, {"date": "Unnamed: 18-01", "country": "Mexico", "value": "940000", "unit": "kg"}, {"date": "Unnamed: 19-01", "country": "Mexico", "value": "2834000", "unit": "kg"}, {"date": "Unnamed: 20-01", "country": "Mexico", "value": "2520000", "unit": "kg"}, {"date": "Unnamed: 21-01", "country": "Mexico", "value": "1202000", "unit": "kg"}, {"date": "2-01", "country": "Cabo Verde", "value": "813200", "unit": "kg"}, {"date": "3-01", "country": "Cabo Verde", "value": "299840", "unit": "kg"}, {"date": "4-01", "country": "Cabo Verde", "value": "871890", "unit": "kg"}, {"date": "Unnamed: 5-01", "country": "Cabo Verde", "value": "490700", "unit": "kg"}, {"date": "Unnamed: 6-01", "country": "Cabo Verde", "value": "692400", "unit": "kg"}, {"date": "Unnamed: 7-01", "country": "Cabo Verde", "value": "664000", "unit": "kg"}, {"date": "Unnamed: 8-01", "country": "Cabo Verde", "value": "1092590", "unit": "kg"}, {"date": "Unnamed: 9-01", "country": "Cabo Verde", "value": "588770", "unit": "kg"}, {"date": "Unnamed: 10-01", "country": "Cabo Verde", "value": "1211800", "unit": "kg"}, {"date": "Unnamed: 11-01", "country": "Cabo Verde", "value": "1158880", "unit": "kg"}, {"date": "Unnamed: 12-01", "country": "Cabo Verde", "value": "594100", "unit": "kg"}, {"date": "Unnamed: 13-01", "country": "Cabo Verde", "value": "977150", "unit": "kg"}, {"date": "Unnamed: 14-01", "country": "Cabo Verde", "value": "516540", "unit": "kg"}, {"date": "Unnamed: 15-01", "country": "Cabo Verde", "value": "761750", "unit": "kg"}, {"date": "Unnamed: 16-01", "country": "Cabo Verde", "value": "1332160", "unit": "kg"}, {"date": "Unnamed: 17-01", "country": "Cabo Verde", "value": "1456350", "unit": "kg"}, {"date": "Unnamed: 18-01", "country": "Cabo Verde", "value": "1839700", "unit": "kg"}, {"date": "Unnamed: 19-01", "country": "Cabo Verde", "value": "1576350", "unit": "kg"}, {"date": "Unnamed: 20-01", "country": "Cabo Verde", "value": "735720", "unit": "kg"}, {"date": "Unnamed: 21-01", "country": "Cabo Verde", "value": "1109650", "unit": "kg"}, {"date": "2-01", "country": "Guatemala", "value": "125000", "unit": "kg"}, {"date": "3-01", "country": "Guatemala", "value": "375000", "unit": "kg"}, {"date": "4-01", "country": "Guatemala", "value": "250000", "unit": "kg"}, {"date": "Unnamed: 5-01", "country": "Guatemala", "value": "300050", "unit": "kg"}, {"date": "Unnamed: 6-01", "country": "Guatemala", "value": "125120", "unit": "kg"}, {"date": "Unnamed: 7-01", "country": "Guatemala", "value": "0", "unit": "kg"}, {"date": "Unnamed: 8-01", "country": "Guatemala", "value": "375120", "unit": "kg"}, {"date": "Unnamed: 9-01", "country": "Guatemala", "value": "200000", "unit": "kg"}, {"date": "Unnamed: 10-01", "country": "Guatemala", "value": "875168", "unit": "kg"}, {"date": "Unnamed: 11-01", "country": "Guatemala", "value": "675338", "unit": "kg"}, {"date": "Unnamed: 12-01", "country": "Guatemala", "value": "100062", "unit": "kg"}, {"date": "Unnamed: 13-01", "country": "Guatemala", "value": "0", "unit": "kg"}, {"date": "Unnamed: 14-01", "country": "Guatemala", "value": "600185", "unit": "kg"}, {"date": "Unnamed: 15-01", "country": "Guatemala", "value": "0", "unit": "kg"}, {"date": "Unnamed: 16-01", "country": "Guatemala", "value": "249967", "unit": "kg"}, {"date": "Unnamed: 17-01", "country": "Guatemala", "value": "674888", "unit": "kg"}, {"date": "Unnamed: 18-01", "country": "Guatemala", "value": "1933775", "unit": "kg"}, {"date": "Unnamed: 19-01", "country": "Guatemala", "value": "1096668", "unit": "kg"}, {"date": "Unnamed: 20-01", "country": "Guatemala", "value": "1271393", "unit": "kg"}, {"date": "Unnamed: 21-01", "country": "Guatemala", "value": "1092287", "unit": "kg"}, {"date": "2-01", "country": "El Salvador", "value": "0", "unit": "kg"}, {"date": "3-01", "country": "El Salvador", "value": "0", "unit": "kg"}, {"date": "4-01", "country": "El Salvador", "value": "0", "unit": "kg"}, {"date": "Unnamed: 5-01", "country": "El Salvador", "value": "0", "unit": "kg"}, {"date": "Unnamed: 6-01", "country": "El Salvador", "value": "0", "unit": "kg"}, {"date": "Unnamed: 7-01", "country": "El Salvador", "value": "0", "unit": "kg"}, {"date": "Unnamed: 8-01", "country": "El Salvador", "value": "0", "unit": "kg"}, {"date": "Unnamed: 9-01", "country": "El Salvador", "value": "0", "unit": "kg"}, {"date": "Unnamed: 10-01", "country": "El Salvador", "value": "0", "unit": "kg"}, {"date": "Unnamed: 11-01", "country": "El Salvador", "value": "0", "unit": "kg"}, {"date": "Unnamed: 12-01", "country": "El Salvador", "value": "0", "unit": "kg"}, {"date": "Unnamed: 13-01", "country": "El Salvador", "value": "0", "unit": "kg"}, {"date": "Unnamed: 14-01", "country": "El Salvador", "value": "0", "unit": "kg"}, {"date": "Unnamed: 15-01", "country": "El Salvador", "value": "0", "unit": "kg"}, {"date": "Unnamed: 16-01", "country": "El Salvador", "value": "0", "unit": "kg"}, {"date": "Unnamed: 17-01", "country": "El Salvador", "value": "0", "unit": "kg"}, {"date": "Unnamed: 18-01", "country": "El Salvador", "value": "0", "unit": "kg"}, {"date": "Unnamed: 19-01", "country": "El Salvador", "value": "575000", "unit": "kg"}, {"date": "Unnamed: 20-01", "country": "El Salvador", "value": "1312000", "unit": "kg"}, {"date": "Unnamed: 21-01", "country": "El Salvador", "value": "1013300", "unit": "kg"}, {"date": "2-01", "country": "Trinidad and Tobago", "value": "133682", "unit": "kg"}, {"date": "3-01", "country": "Trinidad and Tobago", "value": "113568", "unit": "kg"}, {"date": "4-01", "country": "Trinidad and Tobago", "value": "99968", "unit": "kg"}, {"date": "Unnamed: 5-01", "country": "Trinidad and Tobago", "value": "449975", "unit": "kg"}, {"date": "Unnamed: 6-01", "country": "Trinidad and Tobago", "value": "1160835", "unit": "kg"}, {"date": "Unnamed: 7-01", "country": "Trinidad and Tobago", "value": "351078", "unit": "kg"}, {"date": "Unnamed: 8-01", "country": "Trinidad and Tobago", "value": "401965", "unit": "kg"}, {"date": "Unnamed: 9-01", "country": "Trinidad and Tobago", "value": "449491", "unit": "kg"}, {"date": "Unnamed: 10-01", "country": "Trinidad and Tobago", "value": "204787", "unit": "kg"}, {"date": "Unnamed: 11-01", "country": "Trinidad and Tobago", "value": "1249997", "unit": "kg"}, {"date": "Unnamed: 12-01", "country": "Trinidad and Tobago", "value": "256795", "unit": "kg"}, {"date": "Unnamed: 13-01", "country": "Trinidad and Tobago", "value": "118267", "unit": "kg"}, {"date": "Unnamed: 14-01", "country": "Trinidad and Tobago", "value": "490768", "unit": "kg"}, {"date": "Unnamed: 15-01", "country": "Trinidad and Tobago", "value": "91416", "unit": "kg"}, {"date": "Unnamed: 16-01", "country": "Trinidad and Tobago", "value": "924179", "unit": "kg"}, {"date": "Unnamed: 17-01", "country": "Trinidad and Tobago", "value": "340077", "unit": "kg"}, {"date": "Unnamed: 18-01", "country": "Trinidad and Tobago", "value": "529296", "unit": "kg"}, {"date": "Unnamed: 19-01", "country": "Trinidad and Tobago", "value": "886943", "unit": "kg"}, {"date": "Unnamed: 20-01", "country": "Trinidad and Tobago", "value": "1137157", "unit": "kg"}, {"date": "Unnamed: 21-01", "country": "Trinidad and Tobago", "value": "862435", "unit": "kg"}, {"date": "2-01", "country": "Chile", "value": "485355", "unit": "kg"}, {"date": "3-01", "country": "Chile", "value": "481000", "unit": "kg"}, {"date": "4-01", "country": "Chile", "value": "191010", "unit": "kg"}, {"date": "Unnamed: 5-01", "country": "Chile", "value": "199045", "unit": "kg"}, {"date": "Unnamed: 6-01", "country": "Chile", "value": "87028", "unit": "kg"}, {"date": "Unnamed: 7-01", "country": "Chile", "value": "265526", "unit": "kg"}, {"date": "Unnamed: 8-01", "country": "Chile", "value": "411600", "unit": "kg"}, {"date": "Unnamed: 9-01", "country": "Chile", "value": "281484", "unit": "kg"}, {"date": "Unnamed: 10-01", "country": "Chile", "value": "144984", "unit": "kg"}, {"date": "Unnamed: 11-01", "country": "Chile", "value": "392043", "unit": "kg"}, {"date": "Unnamed: 12-01", "country": "Chile", "value": "359585", "unit": "kg"}, {"date": "Unnamed: 13-01", "country": "Chile", "value": "420920", "unit": "kg"}, {"date": "Unnamed: 14-01", "country": "Chile", "value": "657750", "unit": "kg"}, {"date": "Unnamed: 15-01", "country": "Chile", "value": "282768", "unit": "kg"}, {"date": "Unnamed: 16-01", "country": "Chile", "value": "29000", "unit": "kg"}, {"date": "Unnamed: 17-01", "country": "Chile", "value": "234000", "unit": "kg"}, {"date": "Unnamed: 18-01", "country": "Chile", "value": "442580", "unit": "kg"}, {"date": "Unnamed: 19-01", "country": "Chile", "value": "559749", "unit": "kg"}, {"date": "Unnamed: 20-01", "country": "Chile", "value": "535590", "unit": "kg"}, {"date": "Unnamed: 21-01", "country": "Chile", "value": "817136", "unit": "kg"}, {"date": "2-01", "country": "Algeria", "value": "0", "unit": "kg"}, {"date": "3-01", "country": "Algeria", "value": "0", "unit": "kg"}, {"date": "4-01", "country": "Algeria", "value": "0", "unit": "kg"}, {"date": "Unnamed: 5-01", "country": "Algeria", "value": "0", "unit": "kg"}, {"date": "Unnamed: 6-01", "country": "Algeria", "value": "0", "unit": "kg"}, {"date": "Unnamed: 7-01", "country": "Algeria", "value": "0", "unit": "kg"}, {"date": "Unnamed: 8-01", "country": "Algeria", "value": "0", "unit": "kg"}, {"date": "Unnamed: 9-01", "country": "Algeria", "value": "0", "unit": "kg"}, {"date": "Unnamed: 10-01", "country": "Algeria", "value": "23800", "unit": "kg"}, {"date": "Unnamed: 11-01", "country": "Algeria", "value": "0", "unit": "kg"}, {"date": "Unnamed: 12-01", "country": "Algeria", "value": "0", "unit": "kg"}, {"date": "Unnamed: 13-01", "country": "Algeria", "value": "23800", "unit": "kg"}, {"date": "Unnamed: 14-01", "country": "Algeria", "value": "0", "unit": "kg"}, {"date": "Unnamed: 15-01", "country": "Algeria", "value": "0", "unit": "kg"}, {"date": "Unnamed: 16-01", "country": "Algeria", "value": "23800", "unit": "kg"}, {"date": "Unnamed: 17-01", "country": "Algeria", "value": "1035000", "unit": "kg"}, {"date": "Unnamed: 18-01", "country": "Algeria", "value": "0", "unit": "kg"}, {"date": "Unnamed: 19-01", "country": "Algeria", "value": "0", "unit": "kg"}, {"date": "Unnamed: 20-01", "country": "Algeria", "value": "0", "unit": "kg"}, {"date": "Unnamed: 21-01", "country": "Algeria", "value": "701400", "unit": "kg"}, {"date": "2-01", "country": "Morocco", "value": "0", "unit": "kg"}, {"date": "3-01", "country": "Morocco", "value": "0", "unit": "kg"}, {"date": "4-01", "country": "Morocco", "value": "0", "unit": "kg"}, {"date": "Unnamed: 5-01", "country": "Morocco", "value": "0", "unit": "kg"}, {"date": "Unnamed: 6-01", "country": "Morocco", "value": "0", "unit": "kg"}, {"date": "Unnamed: 7-01", "country": "Morocco", "value": "0", "unit": "kg"}, {"date": "Unnamed: 8-01", "country": "Morocco", "value": "0", "unit": "kg"}, {"date": "Unnamed: 9-01", "country": "Morocco", "value": "0", "unit": "kg"}, {"date": "Unnamed: 10-01", "country": "Morocco", "value": "0", "unit": "kg"}, {"date": "Unnamed: 11-01", "country": "Morocco", "value": "0", "unit": "kg"}, {"date": "Unnamed: 12-01", "country": "Morocco", "value": "0", "unit": "kg"}, {"date": "Unnamed: 13-01", "country": "Morocco", "value": "0", "unit": "kg"}, {"date": "Unnamed: 14-01", "country": "Morocco", "value": "0", "unit": "kg"}, {"date": "Unnamed: 15-01", "country": "Morocco", "value": "0", "unit": "kg"}, {"date": "Unnamed: 16-01", "country": "Morocco", "value": "0", "unit": "kg"}, {"date": "Unnamed: 17-01", "country": "Morocco", "value": "0", "unit": "kg"}, {"date": "Unnamed: 18-01", "country": "Morocco", "value": "0", "unit": "kg"}, {"date": "Unnamed: 19-01", "country": "Morocco", "value": "637500", "unit": "kg"}, {"date": "Unnamed: 20-01", "country": "Morocco", "value": "382500", "unit": "kg"}, {"date": "Unnamed: 21-01", "country": "Morocco", "value": "510000", "unit": "kg"}, {"date": "2-01", "country": "Panama", "value": "300898", "unit": "kg"}, {"date": "3-01", "country": "Panama", "value": "155385", "unit": "kg"}, {"date": "4-01", "country": "Panama", "value": "131220", "unit": "kg"}, {"date": "Unnamed: 5-01", "country": "Panama", "value": "109409", "unit": "kg"}, {"date": "Unnamed: 6-01", "country": "Panama", "value": "88169", "unit": "kg"}, {"date": "Unnamed: 7-01", "country": "Panama", "value": "107401", "unit": "kg"}, {"date": "Unnamed: 8-01", "country": "Panama", "value": "309969", "unit": "kg"}, {"date": "Unnamed: 9-01", "country": "Panama", "value": "649956", "unit": "kg"}, {"date": "Unnamed: 10-01", "country": "Panama", "value": "482229", "unit": "kg"}, {"date": "Unnamed: 11-01", "country": "Panama", "value": "481294", "unit": "kg"}, {"date": "Unnamed: 12-01", "country": "Panama", "value": "586971", "unit": "kg"}, {"date": "Unnamed: 13-01", "country": "Panama", "value": "434437", "unit": "kg"}, {"date": "Unnamed: 14-01", "country": "Panama", "value": "511716", "unit": "kg"}, {"date": "Unnamed: 15-01", "country": "Panama", "value": "225330", "unit": "kg"}, {"date": "Unnamed: 16-01", "country": "Panama", "value": "477409", "unit": "kg"}, {"date": "Unnamed: 17-01", "country": "Panama", "value": "786523", "unit": "kg"}, {"date": "Unnamed: 18-01", "country": "Panama", "value": "135857", "unit": "kg"}, {"date": "Unnamed: 19-01", "country": "Panama", "value": "444800", "unit": "kg"}, {"date": "Unnamed: 20-01", "country": "Panama", "value": "84819", "unit": "kg"}, {"date": "Unnamed: 21-01", "country": "Panama", "value": "286298", "unit": "kg"}, {"date": "2-01", "country": "Canada", "value": "86000", "unit": "kg"}, {"date": "3-01", "country": "Canada", "value": "48000", "unit": "kg"}, {"date": "4-01", "country": "Canada", "value": "139960", "unit": "kg"}, {"date": "Unnamed: 5-01", "country": "Canada", "value": "0", "unit": "kg"}, {"date": "Unnamed: 6-01", "country": "Canada", "value": "48000", "unit": "kg"}, {"date": "Unnamed: 7-01", "country": "Canada", "value": "50960", "unit": "kg"}, {"date": "Unnamed: 8-01", "country": "Canada", "value": "72000", "unit": "kg"}, {"date": "Unnamed: 9-01", "country": "Canada", "value": "48000", "unit": "kg"}, {"date": "Unnamed: 10-01", "country": "Canada", "value": "0", "unit": "kg"}, {"date": "Unnamed: 11-01", "country": "Canada", "value": "58640", "unit": "kg"}, {"date": "Unnamed: 12-01", "country": "Canada", "value": "72000", "unit": "kg"}, {"date": "Unnamed: 13-01", "country": "Canada", "value": "141462", "unit": "kg"}, {"date": "Unnamed: 14-01", "country": "Canada", "value": "18800", "unit": "kg"}, {"date": "Unnamed: 15-01", "country": "Canada", "value": "0", "unit": "kg"}, {"date": "Unnamed: 16-01", "country": "Canada", "value": "0", "unit": "kg"}, {"date": "Unnamed: 17-01", "country": "Canada", "value": "48000", "unit": "kg"}, {"date": "Unnamed: 18-01", "country": "Canada", "value": "301267", "unit": "kg"}, {"date": "Unnamed: 19-01", "country": "Canada", "value": "72000", "unit": "kg"}, {"date": "Unnamed: 20-01", "country": "Canada", "value": "305702", "unit": "kg"}, {"date": "Unnamed: 21-01", "country": "Canada", "value": "240384", "unit": "kg"}, {"date": "2-01", "country": "Costa Rica", "value": "0", "unit": "kg"}, {"date": "3-01", "country": "Costa Rica", "value": "75000", "unit": "kg"}, {"date": "4-01", "country": "Costa Rica", "value": "100000", "unit": "kg"}, {"date": "Unnamed: 5-01", "country": "Costa Rica", "value": "0", "unit": "kg"}, {"date": "Unnamed: 6-01", "country": "Costa Rica", "value": "0", "unit": "kg"}, {"date": "Unnamed: 7-01", "country": "Costa Rica", "value": "0", "unit": "kg"}, {"date": "Unnamed: 8-01", "country": "Costa Rica", "value": "0", "unit": "kg"}, {"date": "Unnamed: 9-01", "country": "Costa Rica", "value": "0", "unit": "kg"}, {"date": "Unnamed: 10-01", "country": "Costa Rica", "value": "0", "unit": "kg"}, {"date": "Unnamed: 11-01", "country": "Costa Rica", "value": "0", "unit": "kg"}, {"date": "Unnamed: 12-01", "country": "Costa Rica", "value": "0", "unit": "kg"}, {"date": "Unnamed: 13-01", "country": "Costa Rica", "value": "0", "unit": "kg"}, {"date": "Unnamed: 14-01", "country": "Costa Rica", "value": "0", "unit": "kg"}, {"date": "Unnamed: 15-01", "country": "Costa Rica", "value": "0", "unit": "kg"}, {"date": "Unnamed: 16-01", "country": "Costa Rica", "value": "0", "unit": "kg"}, {"date": "Unnamed: 17-01", "country": "Costa Rica", "value": "0", "unit": "kg"}, {"date": "Unnamed: 18-01", "country": "Costa Rica", "value": "0", "unit": "kg"}, {"date": "Unnamed: 19-01", "country": "Costa Rica", "value": "459000", "unit": "kg"}, {"date": "Unnamed: 20-01", "country": "Costa Rica", "value": "0", "unit": "kg"}, {"date": "Unnamed: 21-01", "country": "Costa Rica", "value": "178500", "unit": "kg"}, {"date": "2-01", "country": "Namibia", "value": "0", "unit": "kg"}, {"date": "3-01", "country": "Namibia", "value": "100000", "unit": "kg"}, {"date": "4-01", "country": "Namibia", "value": "200000", "unit": "kg"}, {"date": "Unnamed: 5-01", "country": "Namibia", "value": "0", "unit": "kg"}, {"date": "Unnamed: 6-01", "country": "Namibia", "value": "225000", "unit": "kg"}, {"date": "Unnamed: 7-01", "country": "Namibia", "value": "375000", "unit": "kg"}, {"date": "Unnamed: 8-01", "country": "Namibia", "value": "0", "unit": "kg"}, {"date": "Unnamed: 9-01", "country": "Namibia", "value": "150000", "unit": "kg"}, {"date": "Unnamed: 10-01", "country": "Namibia", "value": "150000", "unit": "kg"}, {"date": "Unnamed: 11-01", "country": "Namibia", "value": "0", "unit": "kg"}, {"date": "Unnamed: 12-01", "country": "Namibia", "value": "125000", "unit": "kg"}, {"date": "Unnamed: 13-01", "country": "Namibia", "value": "0", "unit": "kg"}, {"date": "Unnamed: 14-01", "country": "Namibia", "value": "0", "unit": "kg"}, {"date": "Unnamed: 15-01", "country": "Namibia", "value": "150000", "unit": "kg"}, {"date": "Unnamed: 16-01", "country": "Namibia", "value": "150000", "unit": "kg"}, {"date": "Unnamed: 17-01", "country": "Namibia", "value": "0", "unit": "kg"}, {"date": "Unnamed: 18-01", "country": "Namibia", "value": "150000", "unit": "kg"}, {"date": "Unnamed: 19-01", "country": "Namibia", "value": "150000", "unit": "kg"}, {"date": "Unnamed: 20-01", "country": "Namibia", "value": "0", "unit": "kg"}, {"date": "Unnamed: 21-01", "country": "Namibia", "value": "150000", "unit": "kg"}, {"date": "2-01", "country": "Bahamas", "value": "70006", "unit": "kg"}, {"date": "3-01", "country": "Bahamas", "value": "97526", "unit": "kg"}, {"date": "4-01", "country": "Bahamas", "value": "97817", "unit": "kg"}, {"date": "Unnamed: 5-01", "country": "Bahamas", "value": "51471", "unit": "kg"}, {"date": "Unnamed: 6-01", "country": "Bahamas", "value": "76089", "unit": "kg"}, {"date": "Unnamed: 7-01", "country": "Bahamas", "value": "1325", "unit": "kg"}, {"date": "Unnamed: 8-01", "country": "Bahamas", "value": "1611", "unit": "kg"}, {"date": "Unnamed: 9-01", "country": "Bahamas", "value": "70461", "unit": "kg"}, {"date": "Unnamed: 10-01", "country": "Bahamas", "value": "1160", "unit": "kg"}, {"date": "Unnamed: 11-01", "country": "Bahamas", "value": "46678", "unit": "kg"}, {"date": "Unnamed: 12-01", "country": "Bahamas", "value": "48768", "unit": "kg"}, {"date": "Unnamed: 13-01", "country": "Bahamas", "value": "167119", "unit": "kg"}, {"date": "Unnamed: 14-01", "country": "Bahamas", "value": "342", "unit": "kg"}, {"date": "Unnamed: 15-01", "country": "Bahamas", "value": "1280", "unit": "kg"}, {"date": "Unnamed: 16-01", "country": "Bahamas", "value": "143730", "unit": "kg"}, {"date": "Unnamed: 17-01", "country": "Bahamas", "value": "73727", "unit": "kg"}, {"date": "Unnamed: 18-01", "country": "Bahamas", "value": "3880", "unit": "kg"}, {"date": "Unnamed: 19-01", "country": "Bahamas", "value": "71152", "unit": "kg"}, {"date": "Unnamed: 20-01", "country": "Bahamas", "value": "138763", "unit": "kg"}, {"date": "Unnamed: 21-01", "country": "Bahamas", "value": "118545", "unit": "kg"}, {"date": "2-01", "country": "Antigua and Barbuda", "value": "51050", "unit": "kg"}, {"date": "3-01", "country": "Antigua and Barbuda", "value": "0", "unit": "kg"}, {"date": "4-01", "country": "Antigua and Barbuda", "value": "47180", "unit": "kg"}, {"date": "Unnamed: 5-01", "country": "Antigua and Barbuda", "value": "25833", "unit": "kg"}, {"date": "Unnamed: 6-01", "country": "Antigua and Barbuda", "value": "51035", "unit": "kg"}, {"date": "Unnamed: 7-01", "country": "Antigua and Barbuda", "value": "50025", "unit": "kg"}, {"date": "Unnamed: 8-01", "country": "Antigua and Barbuda", "value": "50100", "unit": "kg"}, {"date": "Unnamed: 9-01", "country": "Antigua and Barbuda", "value": "50220", "unit": "kg"}, {"date": "Unnamed: 10-01", "country": "Antigua and Barbuda", "value": "49915", "unit": "kg"}, {"date": "Unnamed: 11-01", "country": "Antigua and Barbuda", "value": "100928", "unit": "kg"}, {"date": "Unnamed: 12-01", "country": "Antigua and Barbuda", "value": "24840", "unit": "kg"}, {"date": "Unnamed: 13-01", "country": "Antigua and Barbuda", "value": "101775", "unit": "kg"}, {"date": "Unnamed: 14-01", "country": "Antigua and Barbuda", "value": "25435", "unit": "kg"}, {"date": "Unnamed: 15-01", "country": "Antigua and Barbuda", "value": "25560", "unit": "kg"}, {"date": "Unnamed: 16-01", "country": "Antigua and Barbuda", "value": "50604", "unit": "kg"}, {"date": "Unnamed: 17-01", "country": "Antigua and Barbuda", "value": "51310", "unit": "kg"}, {"date": "Unnamed: 18-01", "country": "Antigua and Barbuda", "value": "47605", "unit": "kg"}, {"date": "Unnamed: 19-01", "country": "Antigua and Barbuda", "value": "70100", "unit": "kg"}, {"date": "Unnamed: 20-01", "country": "Antigua and Barbuda", "value": "25655", "unit": "kg"}, {"date": "Unnamed: 21-01", "country": "Antigua and Barbuda", "value": "74132", "unit": "kg"}, {"date": "2-01", "country": "Equatorial Guinea", "value": "0", "unit": "kg"}, {"date": "3-01", "country": "Equatorial Guinea", "value": "0", "unit": "kg"}, {"date": "4-01", "country": "Equatorial Guinea", "value": "0", "unit": "kg"}, {"date": "Unnamed: 5-01", "country": "Equatorial Guinea", "value": "49500", "unit": "kg"}, {"date": "Unnamed: 6-01", "country": "Equatorial Guinea", "value": "0", "unit": "kg"}, {"date": "Unnamed: 7-01", "country": "Equatorial Guinea", "value": "0", "unit": "kg"}, {"date": "Unnamed: 8-01", "country": "Equatorial Guinea", "value": "0", "unit": "kg"}, {"date": "Unnamed: 9-01", "country": "Equatorial Guinea", "value": "0", "unit": "kg"}, {"date": "Unnamed: 10-01", "country": "Equatorial Guinea", "value": "0", "unit": "kg"}, {"date": "Unnamed: 11-01", "country": "Equatorial Guinea", "value": "0", "unit": "kg"}, {"date": "Unnamed: 12-01", "country": "Equatorial Guinea", "value": "0", "unit": "kg"}, {"date": "Unnamed: 13-01", "country": "Equatorial Guinea", "value": "0", "unit": "kg"}, {"date": "Unnamed: 14-01", "country": "Equatorial Guinea", "value": "0", "unit": "kg"}, {"date": "Unnamed: 15-01", "country": "Equatorial Guinea", "value": "0", "unit": "kg"}, {"date": "Unnamed: 16-01", "country": "Equatorial Guinea", "value": "0", "unit": "kg"}, {"date": "Unnamed: 17-01", "country": "Equatorial Guinea", "value": "0", "unit": "kg"}, {"date": "Unnamed: 18-01", "country": "Equatorial Guinea", "value": "0", "unit": "kg"}, {"date": "Unnamed: 19-01", "country": "Equatorial Guinea", "value": "0", "unit": "kg"}, {"date": "Unnamed: 20-01", "country": "Equatorial Guinea", "value": "0", "unit": "kg"}, {"date": "Unnamed: 21-01", "country": "Equatorial Guinea", "value": "50000", "unit": "kg"}, {"date": "2-01", "country": "Lithuania", "value": "0", "unit": "kg"}, {"date": "3-01", "country": "Lithuania", "value": "23770", "unit": "kg"}, {"date": "4-01", "country": "Lithuania", "value": "0", "unit": "kg"}, {"date": "Unnamed: 5-01", "country": "Lithuania", "value": "23770", "unit": "kg"}, {"date": "Unnamed: 6-01", "country": "Lithuania", "value": "23760", "unit": "kg"}, {"date": "Unnamed: 7-01", "country": "Lithuania", "value": "0", "unit": "kg"}, {"date": "Unnamed: 8-01", "country": "Lithuania", "value": "23770", "unit": "kg"}, {"date": "Unnamed: 9-01", "country": "Lithuania", "value": "47540", "unit": "kg"}, {"date": "Unnamed: 10-01", "country": "Lithuania", "value": "23770", "unit": "kg"}, {"date": "Unnamed: 11-01", "country": "Lithuania", "value": "23790", "unit": "kg"}, {"date": "Unnamed: 12-01", "country": "Lithuania", "value": "0", "unit": "kg"}, {"date": "Unnamed: 13-01", "country": "Lithuania", "value": "23770", "unit": "kg"}, {"date": "Unnamed: 14-01", "country": "Lithuania", "value": "0", "unit": "kg"}, {"date": "Unnamed: 15-01", "country": "Lithuania", "value": "0", "unit": "kg"}, {"date": "Unnamed: 16-01", "country": "Lithuania", "value": "23770", "unit": "kg"}, {"date": "Unnamed: 17-01", "country": "Lithuania", "value": "0", "unit": "kg"}, {"date": "Unnamed: 18-01", "country": "Lithuania", "value": "0", "unit": "kg"}, {"date": "Unnamed: 19-01", "country": "Lithuania", "value": "47550", "unit": "kg"}, {"date": "Unnamed: 20-01", "country": "Lithuania", "value": "0", "unit": "kg"}, {"date": "Unnamed: 21-01", "country": "Lithuania", "value": "47570", "unit": "kg"}, {"date": "2-01", "country": "Cura\u00c3\u00a7ao", "value": "94800", "unit": "kg"}, {"date": "3-01", "country": "Cura\u00c3\u00a7ao", "value": "193886", "unit": "kg"}, {"date": "4-01", "country": "Cura\u00c3\u00a7ao", "value": "246108", "unit": "kg"}, {"date": "Unnamed: 5-01", "country": "Cura\u00c3\u00a7ao", "value": "174133", "unit": "kg"}, {"date": "Unnamed: 6-01", "country": "Cura\u00c3\u00a7ao", "value": "97680", "unit": "kg"}, {"date": "Unnamed: 7-01", "country": "Cura\u00c3\u00a7ao", "value": "199275", "unit": "kg"}, {"date": "Unnamed: 8-01", "country": "Cura\u00c3\u00a7ao", "value": "74423", "unit": "kg"}, {"date": "Unnamed: 9-01", "country": "Cura\u00c3\u00a7ao", "value": "250227", "unit": "kg"}, {"date": "Unnamed: 10-01", "country": "Cura\u00c3\u00a7ao", "value": "189681", "unit": "kg"}, {"date": "Unnamed: 11-01", "country": "Cura\u00c3\u00a7ao", "value": "141309", "unit": "kg"}, {"date": "Unnamed: 12-01", "country": "Cura\u00c3\u00a7ao", "value": "180792", "unit": "kg"}, {"date": "Unnamed: 13-01", "country": "Cura\u00c3\u00a7ao", "value": "114531", "unit": "kg"}, {"date": "Unnamed: 14-01", "country": "Cura\u00c3\u00a7ao", "value": "163261", "unit": "kg"}, {"date": "Unnamed: 15-01", "country": "Cura\u00c3\u00a7ao", "value": "250472", "unit": "kg"}, {"date": "Unnamed: 16-01", "country": "Cura\u00c3\u00a7ao", "value": "167285", "unit": "kg"}, {"date": "Unnamed: 17-01", "country": "Cura\u00c3\u00a7ao", "value": "367954", "unit": "kg"}, {"date": "Unnamed: 18-01", "country": "Cura\u00c3\u00a7ao", "value": "209936", "unit": "kg"}, {"date": "Unnamed: 19-01", "country": "Cura\u00c3\u00a7ao", "value": "390861", "unit": "kg"}, {"date": "Unnamed: 20-01", "country": "Cura\u00c3\u00a7ao", "value": "72394", "unit": "kg"}, {"date": "Unnamed: 21-01", "country": "Cura\u00c3\u00a7ao", "value": "23516", "unit": "kg"}, {"date": "1234-01", "country": "1", "value": "1234", "unit": "kg"}, {"date": "1-01", "country": "1", "value": "1", "unit": "kg"}, {"date": "2-01", "country": "1", "value": "2", "unit": "kg"}, {"date": "3-01", "country": "1", "value": "3", "unit": "kg"}, {"date": "4-01", "country": "1", "value": "4", "unit": "kg"}, {"date": "1234-01", "country": "2", "value": "1", "unit": "kg"}, {"date": "1-01", "country": "2", "value": "2", "unit": "kg"}, {"date": "2-01", "country": "2", "value": "3", "unit": "kg"}, {"date": "3-01", "country": "2", "value": "4", "unit": "kg"}, {"date": "1234-01", "country": "2", "value": "1", "unit": "kg"}, {"date": "1-01", "country": "2", "value": "2", "unit": "kg"}, {"date": "2-01", "country": "2", "value": "3", "unit": "kg"}, {"date": "3-01", "country": "2", "value": "4", "unit": "kg"}, {"date": "1234-01", "country": "2", "value": "1", "unit": "kg"}, {"date": "1-01", "country": "2", "value": "2", "unit": "kg"}, {"date": "2-01", "country": "2", "value": "3", "unit": "kg"}, {"date": "3-01", "country": "2", "value": "4", "unit": "kg"}]