[{"date": "2018-12-01", "country_from": "BH", "country_to": "OM", "value": "0", "unit": "kg"}, {"date": "2019-01-01", "country_from": "BH", "country_to": "OM", "value": "0", "unit": "kg"}, {"date": "2019-02-01", "country_from": "BH", "country_to": "OM", "value": "0", "unit": "kg"}, {"date": "2019-03-01", "country_from": "BH", "country_to": "OM", "value": "0", "unit": "kg"}, {"date": "2019-04-01", "country_from": "BH", "country_to": "OM", "value": "0", "unit": "kg"}, {"date": "2019-05-01", "country_from": "BH", "country_to": "OM", "value": "0", "unit": "kg"}, {"date": "2019-06-01", "country_from": "BH", "country_to": "OM", "value": "0", "unit": "kg"}, {"date": "2019-07-01", "country_from": "BH", "country_to": "OM", "value": "71", "unit": "kg"}, {"date": "2019-08-01", "country_from": "BH", "country_to": "OM", "value": "0", "unit": "kg"}, {"date": "2019-09-01", "country_from": "BH", "country_to": "OM", "value": "0", "unit": "kg"}, {"date": "2019-10-01", "country_from": "BH", "country_to": "OM", "value": "0", "unit": "kg"}, {"date": "2019-11-01", "country_from": "BH", "country_to": "OM", "value": "0", "unit": "kg"}, {"date": "2019-12-01", "country_from": "BH", "country_to": "OM", "value": "0", "unit": "kg"}, {"date": "2020-01-01", "country_from": "BH", "country_to": "OM", "value": "0", "unit": "kg"}, {"date": "2020-02-01", "country_from": "BH", "country_to": "OM", "value": "0", "unit": "kg"}, {"date": "2020-03-01", "country_from": "BH", "country_to": "OM", "value": "0", "unit": "kg"}, {"date": "2020-04-01", "country_from": "BH", "country_to": "OM", "value": "0", "unit": "kg"}, {"date": "2020-05-01", "country_from": "BH", "country_to": "OM", "value": "0", "unit": "kg"}, {"date": "2020-06-01", "country_from": "BH", "country_to": "OM", "value": "0", "unit": "kg"}, {"date": "2020-07-01", "country_from": "BH", "country_to": "OM", "value": "0", "unit": "kg"}, {"date": "2018-12-01", "country_from": "BH", "country_to": "SA", "value": "24600", "unit": "kg"}, {"date": "2019-01-01", "country_from": "BH", "country_to": "SA", "value": "0", "unit": "kg"}, {"date": "2019-02-01", "country_from": "BH", "country_to": "SA", "value": "0", "unit": "kg"}, {"date": "2019-03-01", "country_from": "BH", "country_to": "SA", "value": "0", "unit": "kg"}, {"date": "2019-04-01", "country_from": "BH", "country_to": "SA", "value": "0", "unit": "kg"}, {"date": "2019-05-01", "country_from": "BH", "country_to": "SA", "value": "60000", "unit": "kg"}, {"date": "2019-06-01", "country_from": "BH", "country_to": "SA", "value": "0", "unit": "kg"}, {"date": "2019-07-01", "country_from": "BH", "country_to": "SA", "value": "0", "unit": "kg"}, {"date": "2019-08-01", "country_from": "BH", "country_to": "SA", "value": "0", "unit": "kg"}, {"date": "2019-09-01", "country_from": "BH", "country_to": "SA", "value": "0", "unit": "kg"}, {"date": "2019-10-01", "country_from": "BH", "country_to": "SA", "value": "0", "unit": "kg"}, {"date": "2019-11-01", "country_from": "BH", "country_to": "SA", "value": "588", "unit": "kg"}, {"date": "2019-12-01", "country_from": "BH", "country_to": "SA", "value": "0", "unit": "kg"}, {"date": "2020-01-01", "country_from": "BH", "country_to": "SA", "value": "0", "unit": "kg"}, {"date": "2020-02-01", "country_from": "BH", "country_to": "SA", "value": "0", "unit": "kg"}, {"date": "2020-03-01", "country_from": "BH", "country_to": "SA", "value": "0", "unit": "kg"}, {"date": "2020-04-01", "country_from": "BH", "country_to": "SA", "value": "0", "unit": "kg"}, {"date": "2020-05-01", "country_from": "BH", "country_to": "SA", "value": "0", "unit": "kg"}, {"date": "2020-06-01", "country_from": "BH", "country_to": "SA", "value": "0", "unit": "kg"}, {"date": "2020-07-01", "country_from": "BH", "country_to": "SA", "value": "0", "unit": "kg"}, {"date": "2018-12-01", "country_from": "BH", "country_to": "-", "value": "0", "unit": "kg"}, {"date": "2019-01-01", "country_from": "BH", "country_to": "-", "value": "0", "unit": "kg"}, {"date": "2019-02-01", "country_from": "BH", "country_to": "-", "value": "0", "unit": "kg"}, {"date": "2019-03-01", "country_from": "BH", "country_to": "-", "value": "0", "unit": "kg"}, {"date": "2019-04-01", "country_from": "BH", "country_to": "-", "value": "0", "unit": "kg"}, {"date": "2019-05-01", "country_from": "BH", "country_to": "-", "value": "0", "unit": "kg"}, {"date": "2019-06-01", "country_from": "BH", "country_to": "-", "value": "0", "unit": "kg"}, {"date": "2019-07-01", "country_from": "BH", "country_to": "-", "value": "0", "unit": "kg"}, {"date": "2019-08-01", "country_from": "BH", "country_to": "-", "value": "0", "unit": "kg"}, {"date": "2019-09-01", "country_from": "BH", "country_to": "-", "value": "0", "unit": "kg"}, {"date": "2019-10-01", "country_from": "BH", "country_to": "-", "value": "0", "unit": "kg"}, {"date": "2019-11-01", "country_from": "BH", "country_to": "-", "value": "0", "unit": "kg"}, {"date": "2019-12-01", "country_from": "BH", "country_to": "-", "value": "0", "unit": "kg"}, {"date": "2020-01-01", "country_from": "BH", "country_to": "-", "value": "0", "unit": "kg"}, {"date": "2020-02-01", "country_from": "BH", "country_to": "-", "value": "0", "unit": "kg"}, {"date": "2020-03-01", "country_from": "BH", "country_to": "-", "value": "0", "unit": "kg"}, {"date": "2020-04-01", "country_from": "BH", "country_to": "-", "value": "0", "unit": "kg"}, {"date": "2020-05-01", "country_from": "BH", "country_to": "-", "value": "264", "unit": "kg"}, {"date": "2020-06-01", "country_from": "BH", "country_to": "-", "value": "0", "unit": "kg"}, {"date": "2020-07-01", "country_from": "BH", "country_to": "-", "value": "0", "unit": "kg"}]