[{"date": "2018-11-01", "country_from": "GB", "country_to": "IE", "value": "21696", "unit": "kg"}, {"date": "2018-12-01", "country_from": "GB", "country_to": "IE", "value": "6462", "unit": "kg"}, {"date": "2019-01-01", "country_from": "GB", "country_to": "IE", "value": "9136", "unit": "kg"}, {"date": "2019-02-01", "country_from": "GB", "country_to": "IE", "value": "3701", "unit": "kg"}, {"date": "2019-03-01", "country_from": "GB", "country_to": "IE", "value": "6195", "unit": "kg"}, {"date": "2019-04-01", "country_from": "GB", "country_to": "IE", "value": "4860", "unit": "kg"}, {"date": "2019-05-01", "country_from": "GB", "country_to": "IE", "value": "4639", "unit": "kg"}, {"date": "2019-06-01", "country_from": "GB", "country_to": "IE", "value": "3449", "unit": "kg"}, {"date": "2019-07-01", "country_from": "GB", "country_to": "IE", "value": "5495", "unit": "kg"}, {"date": "2019-08-01", "country_from": "GB", "country_to": "IE", "value": "3913", "unit": "kg"}, {"date": "2019-09-01", "country_from": "GB", "country_to": "IE", "value": "3120", "unit": "kg"}, {"date": "2019-10-01", "country_from": "GB", "country_to": "IE", "value": "3728", "unit": "kg"}, {"date": "2019-11-01", "country_from": "GB", "country_to": "IE", "value": "3260", "unit": "kg"}, {"date": "2019-12-01", "country_from": "GB", "country_to": "IE", "value": "1948", "unit": "kg"}, {"date": "2020-01-01", "country_from": "GB", "country_to": "IE", "value": "3106", "unit": "kg"}, {"date": "2020-02-01", "country_from": "GB", "country_to": "IE", "value": "9356", "unit": "kg"}, {"date": "2020-03-01", "country_from": "GB", "country_to": "IE", "value": "8117", "unit": "kg"}, {"date": "2020-04-01", "country_from": "GB", "country_to": "IE", "value": "3240", "unit": "kg"}, {"date": "2020-05-01", "country_from": "GB", "country_to": "IE", "value": "6323", "unit": "kg"}, {"date": "2020-06-01", "country_from": "GB", "country_to": "IE", "value": "4994", "unit": "kg"}, {"date": "2018-11-01", "country_from": "GB", "country_to": "ES", "value": "1769", "unit": "kg"}, {"date": "2018-12-01", "country_from": "GB", "country_to": "ES", "value": "1554", "unit": "kg"}, {"date": "2019-01-01", "country_from": "GB", "country_to": "ES", "value": "1680", "unit": "kg"}, {"date": "2019-02-01", "country_from": "GB", "country_to": "ES", "value": "1434", "unit": "kg"}, {"date": "2019-03-01", "country_from": "GB", "country_to": "ES", "value": "5562", "unit": "kg"}, {"date": "2019-04-01", "country_from": "GB", "country_to": "ES", "value": "9843", "unit": "kg"}, {"date": "2019-05-01", "country_from": "GB", "country_to": "ES", "value": "1062", "unit": "kg"}, {"date": "2019-06-01", "country_from": "GB", "country_to": "ES", "value": "1955", "unit": "kg"}, {"date": "2019-07-01", "country_from": "GB", "country_to": "ES", "value": "6498", "unit": "kg"}, {"date": "2019-08-01", "country_from": "GB", "country_to": "ES", "value": "1795", "unit": "kg"}, {"date": "2019-09-01", "country_from": "GB", "country_to": "ES", "value": "1516", "unit": "kg"}, {"date": "2019-10-01", "country_from": "GB", "country_to": "ES", "value": "7746", "unit": "kg"}, {"date": "2019-11-01", "country_from": "GB", "country_to": "ES", "value": "4486", "unit": "kg"}, {"date": "2019-12-01", "country_from": "GB", "country_to": "ES", "value": "1174", "unit": "kg"}, {"date": "2020-01-01", "country_from": "GB", "country_to": "ES", "value": "1736", "unit": "kg"}, {"date": "2020-02-01", "country_from": "GB", "country_to": "ES", "value": "1567", "unit": "kg"}, {"date": "2020-03-01", "country_from": "GB", "country_to": "ES", "value": "8720", "unit": "kg"}, {"date": "2020-04-01", "country_from": "GB", "country_to": "ES", "value": "1451", "unit": "kg"}, {"date": "2020-05-01", "country_from": "GB", "country_to": "ES", "value": "2347", "unit": "kg"}, {"date": "2020-06-01", "country_from": "GB", "country_to": "ES", "value": "1447", "unit": "kg"}, {"date": "2018-11-01", "country_from": "GB", "country_to": "-", "value": "248", "unit": "kg"}, {"date": "2018-12-01", "country_from": "GB", "country_to": "-", "value": "952", "unit": "kg"}, {"date": "2019-01-01", "country_from": "GB", "country_to": "-", "value": "1701", "unit": "kg"}, {"date": "2019-02-01", "country_from": "GB", "country_to": "-", "value": "1087", "unit": "kg"}, {"date": "2019-03-01", "country_from": "GB", "country_to": "-", "value": "338", "unit": "kg"}, {"date": "2019-04-01", "country_from": "GB", "country_to": "-", "value": "829", "unit": "kg"}, {"date": "2019-05-01", "country_from": "GB", "country_to": "-", "value": "1878", "unit": "kg"}, {"date": "2019-06-01", "country_from": "GB", "country_to": "-", "value": "738", "unit": "kg"}, {"date": "2019-07-01", "country_from": "GB", "country_to": "-", "value": "1376", "unit": "kg"}, {"date": "2019-08-01", "country_from": "GB", "country_to": "-", "value": "1218", "unit": "kg"}, {"date": "2019-09-01", "country_from": "GB", "country_to": "-", "value": "1583", "unit": "kg"}, {"date": "2019-10-01", "country_from": "GB", "country_to": "-", "value": "2276", "unit": "kg"}, {"date": "2019-11-01", "country_from": "GB", "country_to": "-", "value": "414", "unit": "kg"}, {"date": "2019-12-01", "country_from": "GB", "country_to": "-", "value": "557", "unit": "kg"}, {"date": "2020-01-01", "country_from": "GB", "country_to": "-", "value": "1535", "unit": "kg"}, {"date": "2020-02-01", "country_from": "GB", "country_to": "-", "value": "1039", "unit": "kg"}, {"date": "2020-03-01", "country_from": "GB", "country_to": "-", "value": "4726", "unit": "kg"}, {"date": "2020-04-01", "country_from": "GB", "country_to": "-", "value": "555", "unit": "kg"}, {"date": "2020-05-01", "country_from": "GB", "country_to": "-", "value": "493", "unit": "kg"}, {"date": "2020-06-01", "country_from": "GB", "country_to": "-", "value": "1278", "unit": "kg"}, {"date": "2018-11-01", "country_from": "GB", "country_to": "-", "value": "687", "unit": "kg"}, {"date": "2018-12-01", "country_from": "GB", "country_to": "-", "value": "0", "unit": "kg"}, {"date": "2019-01-01", "country_from": "GB", "country_to": "-", "value": "0", "unit": "kg"}, {"date": "2019-02-01", "country_from": "GB", "country_to": "-", "value": "0", "unit": "kg"}, {"date": "2019-03-01", "country_from": "GB", "country_to": "-", "value": "0", "unit": "kg"}, {"date": "2019-04-01", "country_from": "GB", "country_to": "-", "value": "0", "unit": "kg"}, {"date": "2019-05-01", "country_from": "GB", "country_to": "-", "value": "0", "unit": "kg"}, {"date": "2019-06-01", "country_from": "GB", "country_to": "-", "value": "0", "unit": "kg"}, {"date": "2019-07-01", "country_from": "GB", "country_to": "-", "value": "0", "unit": "kg"}, {"date": "2019-08-01", "country_from": "GB", "country_to": "-", "value": "0", "unit": "kg"}, {"date": "2019-09-01", "country_from": "GB", "country_to": "-", "value": "0", "unit": "kg"}, {"date": "2019-10-01", "country_from": "GB", "country_to": "-", "value": "0", "unit": "kg"}, {"date": "2019-11-01", "country_from": "GB", "country_to": "-", "value": "0", "unit": "kg"}, {"date": "2019-12-01", "country_from": "GB", "country_to": "-", "value": "0", "unit": "kg"}, {"date": "2020-01-01", "country_from": "GB", "country_to": "-", "value": "0", "unit": "kg"}, {"date": "2020-02-01", "country_from": "GB", "country_to": "-", "value": "0", "unit": "kg"}, {"date": "2020-03-01", "country_from": "GB", "country_to": "-", "value": "520", "unit": "kg"}, {"date": "2020-04-01", "country_from": "GB", "country_to": "-", "value": "0", "unit": "kg"}, {"date": "2020-05-01", "country_from": "GB", "country_to": "-", "value": "0", "unit": "kg"}, {"date": "2020-06-01", "country_from": "GB", "country_to": "-", "value": "1000", "unit": "kg"}, {"date": "2018-11-01", "country_from": "GB", "country_to": "MT", "value": "152", "unit": "kg"}, {"date": "2018-12-01", "country_from": "GB", "country_to": "MT", "value": "312", "unit": "kg"}, {"date": "2019-01-01", "country_from": "GB", "country_to": "MT", "value": "460", "unit": "kg"}, {"date": "2019-02-01", "country_from": "GB", "country_to": "MT", "value": "519", "unit": "kg"}, {"date": "2019-03-01", "country_from": "GB", "country_to": "MT", "value": "389", "unit": "kg"}, {"date": "2019-04-01", "country_from": "GB", "country_to": "MT", "value": "0", "unit": "kg"}, {"date": "2019-05-01", "country_from": "GB", "country_to": "MT", "value": "0", "unit": "kg"}, {"date": "2019-06-01", "country_from": "GB", "country_to": "MT", "value": "1358", "unit": "kg"}, {"date": "2019-07-01", "country_from": "GB", "country_to": "MT", "value": "573", "unit": "kg"}, {"date": "2019-08-01", "country_from": "GB", "country_to": "MT", "value": "826", "unit": "kg"}, {"date": "2019-09-01", "country_from": "GB", "country_to": "MT", "value": "517", "unit": "kg"}, {"date": "2019-10-01", "country_from": "GB", "country_to": "MT", "value": "261", "unit": "kg"}, {"date": "2019-11-01", "country_from": "GB", "country_to": "MT", "value": "0", "unit": "kg"}, {"date": "2019-12-01", "country_from": "GB", "country_to": "MT", "value": "0", "unit": "kg"}, {"date": "2020-01-01", "country_from": "GB", "country_to": "MT", "value": "369", "unit": "kg"}, {"date": "2020-02-01", "country_from": "GB", "country_to": "MT", "value": "0", "unit": "kg"}, {"date": "2020-03-01", "country_from": "GB", "country_to": "MT", "value": "552", "unit": "kg"}, {"date": "2020-04-01", "country_from": "GB", "country_to": "MT", "value": "209", "unit": "kg"}, {"date": "2020-05-01", "country_from": "GB", "country_to": "MT", "value": "518", "unit": "kg"}, {"date": "2020-06-01", "country_from": "GB", "country_to": "MT", "value": "348", "unit": "kg"}, {"date": "2018-11-01", "country_from": "GB", "country_to": "AE", "value": "0", "unit": "kg"}, {"date": "2018-12-01", "country_from": "GB", "country_to": "AE", "value": "2388", "unit": "kg"}, {"date": "2019-01-01", "country_from": "GB", "country_to": "AE", "value": "2920", "unit": "kg"}, {"date": "2019-02-01", "country_from": "GB", "country_to": "AE", "value": "1652", "unit": "kg"}, {"date": "2019-03-01", "country_from": "GB", "country_to": "AE", "value": "3192", "unit": "kg"}, {"date": "2019-04-01", "country_from": "GB", "country_to": "AE", "value": "6884", "unit": "kg"}, {"date": "2019-05-01", "country_from": "GB", "country_to": "AE", "value": "3014", "unit": "kg"}, {"date": "2019-06-01", "country_from": "GB", "country_to": "AE", "value": "1756", "unit": "kg"}, {"date": "2019-07-01", "country_from": "GB", "country_to": "AE", "value": "3584", "unit": "kg"}, {"date": "2019-08-01", "country_from": "GB", "country_to": "AE", "value": "1346", "unit": "kg"}, {"date": "2019-09-01", "country_from": "GB", "country_to": "AE", "value": "2975", "unit": "kg"}, {"date": "2019-10-01", "country_from": "GB", "country_to": "AE", "value": "3686", "unit": "kg"}, {"date": "2019-11-01", "country_from": "GB", "country_to": "AE", "value": "2789", "unit": "kg"}, {"date": "2019-12-01", "country_from": "GB", "country_to": "AE", "value": "4131", "unit": "kg"}, {"date": "2020-01-01", "country_from": "GB", "country_to": "AE", "value": "3716", "unit": "kg"}, {"date": "2020-02-01", "country_from": "GB", "country_to": "AE", "value": "3706", "unit": "kg"}, {"date": "2020-03-01", "country_from": "GB", "country_to": "AE", "value": "6626", "unit": "kg"}, {"date": "2020-04-01", "country_from": "GB", "country_to": "AE", "value": "1544", "unit": "kg"}, {"date": "2020-05-01", "country_from": "GB", "country_to": "AE", "value": "3846", "unit": "kg"}, {"date": "2020-06-01", "country_from": "GB", "country_to": "AE", "value": "205", "unit": "kg"}, {"date": "2018-11-01", "country_from": "GB", "country_to": "FR", "value": "17889", "unit": "kg"}, {"date": "2018-12-01", "country_from": "GB", "country_to": "FR", "value": "14123", "unit": "kg"}, {"date": "2019-01-01", "country_from": "GB", "country_to": "FR", "value": "16451", "unit": "kg"}, {"date": "2019-02-01", "country_from": "GB", "country_to": "FR", "value": "3118", "unit": "kg"}, {"date": "2019-03-01", "country_from": "GB", "country_to": "FR", "value": "25629", "unit": "kg"}, {"date": "2019-04-01", "country_from": "GB", "country_to": "FR", "value": "4744", "unit": "kg"}, {"date": "2019-05-01", "country_from": "GB", "country_to": "FR", "value": "1683", "unit": "kg"}, {"date": "2019-06-01", "country_from": "GB", "country_to": "FR", "value": "1733", "unit": "kg"}, {"date": "2019-07-01", "country_from": "GB", "country_to": "FR", "value": "1744", "unit": "kg"}, {"date": "2019-08-01", "country_from": "GB", "country_to": "FR", "value": "1304", "unit": "kg"}, {"date": "2019-09-01", "country_from": "GB", "country_to": "FR", "value": "19510", "unit": "kg"}, {"date": "2019-10-01", "country_from": "GB", "country_to": "FR", "value": "5489", "unit": "kg"}, {"date": "2019-11-01", "country_from": "GB", "country_to": "FR", "value": "1105", "unit": "kg"}, {"date": "2019-12-01", "country_from": "GB", "country_to": "FR", "value": "982", "unit": "kg"}, {"date": "2020-01-01", "country_from": "GB", "country_to": "FR", "value": "1552", "unit": "kg"}, {"date": "2020-02-01", "country_from": "GB", "country_to": "FR", "value": "1306", "unit": "kg"}, {"date": "2020-03-01", "country_from": "GB", "country_to": "FR", "value": "6502", "unit": "kg"}, {"date": "2020-04-01", "country_from": "GB", "country_to": "FR", "value": "0", "unit": "kg"}, {"date": "2020-05-01", "country_from": "GB", "country_to": "FR", "value": "0", "unit": "kg"}, {"date": "2020-06-01", "country_from": "GB", "country_to": "FR", "value": "166", "unit": "kg"}, {"date": "2018-11-01", "country_from": "GB", "country_to": "PT", "value": "165", "unit": "kg"}, {"date": "2018-12-01", "country_from": "GB", "country_to": "PT", "value": "150", "unit": "kg"}, {"date": "2019-01-01", "country_from": "GB", "country_to": "PT", "value": "133", "unit": "kg"}, {"date": "2019-02-01", "country_from": "GB", "country_to": "PT", "value": "0", "unit": "kg"}, {"date": "2019-03-01", "country_from": "GB", "country_to": "PT", "value": "0", "unit": "kg"}, {"date": "2019-04-01", "country_from": "GB", "country_to": "PT", "value": "0", "unit": "kg"}, {"date": "2019-05-01", "country_from": "GB", "country_to": "PT", "value": "0", "unit": "kg"}, {"date": "2019-06-01", "country_from": "GB", "country_to": "PT", "value": "3899", "unit": "kg"}, {"date": "2019-07-01", "country_from": "GB", "country_to": "PT", "value": "179", "unit": "kg"}, {"date": "2019-08-01", "country_from": "GB", "country_to": "PT", "value": "167", "unit": "kg"}, {"date": "2019-09-01", "country_from": "GB", "country_to": "PT", "value": "149", "unit": "kg"}, {"date": "2019-10-01", "country_from": "GB", "country_to": "PT", "value": "196", "unit": "kg"}, {"date": "2019-11-01", "country_from": "GB", "country_to": "PT", "value": "0", "unit": "kg"}, {"date": "2019-12-01", "country_from": "GB", "country_to": "PT", "value": "0", "unit": "kg"}, {"date": "2020-01-01", "country_from": "GB", "country_to": "PT", "value": "178", "unit": "kg"}, {"date": "2020-02-01", "country_from": "GB", "country_to": "PT", "value": "167", "unit": "kg"}, {"date": "2020-03-01", "country_from": "GB", "country_to": "PT", "value": "328", "unit": "kg"}, {"date": "2020-04-01", "country_from": "GB", "country_to": "PT", "value": "138", "unit": "kg"}, {"date": "2020-05-01", "country_from": "GB", "country_to": "PT", "value": "294", "unit": "kg"}, {"date": "2020-06-01", "country_from": "GB", "country_to": "PT", "value": "163", "unit": "kg"}, {"date": "2018-11-01", "country_from": "GB", "country_to": "DE", "value": "30", "unit": "kg"}, {"date": "2018-12-01", "country_from": "GB", "country_to": "DE", "value": "0", "unit": "kg"}, {"date": "2019-01-01", "country_from": "GB", "country_to": "DE", "value": "0", "unit": "kg"}, {"date": "2019-02-01", "country_from": "GB", "country_to": "DE", "value": "0", "unit": "kg"}, {"date": "2019-03-01", "country_from": "GB", "country_to": "DE", "value": "0", "unit": "kg"}, {"date": "2019-04-01", "country_from": "GB", "country_to": "DE", "value": "0", "unit": "kg"}, {"date": "2019-05-01", "country_from": "GB", "country_to": "DE", "value": "1", "unit": "kg"}, {"date": "2019-06-01", "country_from": "GB", "country_to": "DE", "value": "0", "unit": "kg"}, {"date": "2019-07-01", "country_from": "GB", "country_to": "DE", "value": "0", "unit": "kg"}, {"date": "2019-08-01", "country_from": "GB", "country_to": "DE", "value": "0", "unit": "kg"}, {"date": "2019-09-01", "country_from": "GB", "country_to": "DE", "value": "1", "unit": "kg"}, {"date": "2019-10-01", "country_from": "GB", "country_to": "DE", "value": "0", "unit": "kg"}, {"date": "2019-11-01", "country_from": "GB", "country_to": "DE", "value": "5", "unit": "kg"}, {"date": "2019-12-01", "country_from": "GB", "country_to": "DE", "value": "0", "unit": "kg"}, {"date": "2020-01-01", "country_from": "GB", "country_to": "DE", "value": "0", "unit": "kg"}, {"date": "2020-02-01", "country_from": "GB", "country_to": "DE", "value": "0", "unit": "kg"}, {"date": "2020-03-01", "country_from": "GB", "country_to": "DE", "value": "0", "unit": "kg"}, {"date": "2020-04-01", "country_from": "GB", "country_to": "DE", "value": "0", "unit": "kg"}, {"date": "2020-05-01", "country_from": "GB", "country_to": "DE", "value": "0", "unit": "kg"}, {"date": "2020-06-01", "country_from": "GB", "country_to": "DE", "value": "73", "unit": "kg"}, {"date": "2018-11-01", "country_from": "GB", "country_to": "GR", "value": "84", "unit": "kg"}, {"date": "2018-12-01", "country_from": "GB", "country_to": "GR", "value": "0", "unit": "kg"}, {"date": "2019-01-01", "country_from": "GB", "country_to": "GR", "value": "0", "unit": "kg"}, {"date": "2019-02-01", "country_from": "GB", "country_to": "GR", "value": "0", "unit": "kg"}, {"date": "2019-03-01", "country_from": "GB", "country_to": "GR", "value": "0", "unit": "kg"}, {"date": "2019-04-01", "country_from": "GB", "country_to": "GR", "value": "0", "unit": "kg"}, {"date": "2019-05-01", "country_from": "GB", "country_to": "GR", "value": "0", "unit": "kg"}, {"date": "2019-06-01", "country_from": "GB", "country_to": "GR", "value": "0", "unit": "kg"}, {"date": "2019-07-01", "country_from": "GB", "country_to": "GR", "value": "42", "unit": "kg"}, {"date": "2019-08-01", "country_from": "GB", "country_to": "GR", "value": "0", "unit": "kg"}, {"date": "2019-09-01", "country_from": "GB", "country_to": "GR", "value": "28", "unit": "kg"}, {"date": "2019-10-01", "country_from": "GB", "country_to": "GR", "value": "0", "unit": "kg"}, {"date": "2019-11-01", "country_from": "GB", "country_to": "GR", "value": "0", "unit": "kg"}, {"date": "2019-12-01", "country_from": "GB", "country_to": "GR", "value": "0", "unit": "kg"}, {"date": "2020-01-01", "country_from": "GB", "country_to": "GR", "value": "14", "unit": "kg"}, {"date": "2020-02-01", "country_from": "GB", "country_to": "GR", "value": "0", "unit": "kg"}, {"date": "2020-03-01", "country_from": "GB", "country_to": "GR", "value": "42", "unit": "kg"}, {"date": "2020-04-01", "country_from": "GB", "country_to": "GR", "value": "0", "unit": "kg"}, {"date": "2020-05-01", "country_from": "GB", "country_to": "GR", "value": "0", "unit": "kg"}, {"date": "2020-06-01", "country_from": "GB", "country_to": "GR", "value": "0", "unit": "kg"}, {"date": "2018-11-01", "country_from": "GB", "country_to": "DJ", "value": "0", "unit": "kg"}, {"date": "2018-12-01", "country_from": "GB", "country_to": "DJ", "value": "0", "unit": "kg"}, {"date": "2019-01-01", "country_from": "GB", "country_to": "DJ", "value": "0", "unit": "kg"}, {"date": "2019-02-01", "country_from": "GB", "country_to": "DJ", "value": "8000", "unit": "kg"}, {"date": "2019-03-01", "country_from": "GB", "country_to": "DJ", "value": "0", "unit": "kg"}, {"date": "2019-04-01", "country_from": "GB", "country_to": "DJ", "value": "0", "unit": "kg"}, {"date": "2019-05-01", "country_from": "GB", "country_to": "DJ", "value": "0", "unit": "kg"}, {"date": "2019-06-01", "country_from": "GB", "country_to": "DJ", "value": "0", "unit": "kg"}, {"date": "2019-07-01", "country_from": "GB", "country_to": "DJ", "value": "0", "unit": "kg"}, {"date": "2019-08-01", "country_from": "GB", "country_to": "DJ", "value": "0", "unit": "kg"}, {"date": "2019-09-01", "country_from": "GB", "country_to": "DJ", "value": "0", "unit": "kg"}, {"date": "2019-10-01", "country_from": "GB", "country_to": "DJ", "value": "0", "unit": "kg"}, {"date": "2019-11-01", "country_from": "GB", "country_to": "DJ", "value": "0", "unit": "kg"}, {"date": "2019-12-01", "country_from": "GB", "country_to": "DJ", "value": "0", "unit": "kg"}, {"date": "2020-01-01", "country_from": "GB", "country_to": "DJ", "value": "0", "unit": "kg"}, {"date": "2020-02-01", "country_from": "GB", "country_to": "DJ", "value": "0", "unit": "kg"}, {"date": "2020-03-01", "country_from": "GB", "country_to": "DJ", "value": "0", "unit": "kg"}, {"date": "2020-04-01", "country_from": "GB", "country_to": "DJ", "value": "0", "unit": "kg"}, {"date": "2020-05-01", "country_from": "GB", "country_to": "DJ", "value": "0", "unit": "kg"}, {"date": "2020-06-01", "country_from": "GB", "country_to": "DJ", "value": "0", "unit": "kg"}, {"date": "2018-11-01", "country_from": "GB", "country_to": "GM", "value": "0", "unit": "kg"}, {"date": "2018-12-01", "country_from": "GB", "country_to": "GM", "value": "0", "unit": "kg"}, {"date": "2019-01-01", "country_from": "GB", "country_to": "GM", "value": "1500", "unit": "kg"}, {"date": "2019-02-01", "country_from": "GB", "country_to": "GM", "value": "0", "unit": "kg"}, {"date": "2019-03-01", "country_from": "GB", "country_to": "GM", "value": "0", "unit": "kg"}, {"date": "2019-04-01", "country_from": "GB", "country_to": "GM", "value": "0", "unit": "kg"}, {"date": "2019-05-01", "country_from": "GB", "country_to": "GM", "value": "0", "unit": "kg"}, {"date": "2019-06-01", "country_from": "GB", "country_to": "GM", "value": "0", "unit": "kg"}, {"date": "2019-07-01", "country_from": "GB", "country_to": "GM", "value": "0", "unit": "kg"}, {"date": "2019-08-01", "country_from": "GB", "country_to": "GM", "value": "0", "unit": "kg"}, {"date": "2019-09-01", "country_from": "GB", "country_to": "GM", "value": "0", "unit": "kg"}, {"date": "2019-10-01", "country_from": "GB", "country_to": "GM", "value": "0", "unit": "kg"}, {"date": "2019-11-01", "country_from": "GB", "country_to": "GM", "value": "0", "unit": "kg"}, {"date": "2019-12-01", "country_from": "GB", "country_to": "GM", "value": "0", "unit": "kg"}, {"date": "2020-01-01", "country_from": "GB", "country_to": "GM", "value": "0", "unit": "kg"}, {"date": "2020-02-01", "country_from": "GB", "country_to": "GM", "value": "0", "unit": "kg"}, {"date": "2020-03-01", "country_from": "GB", "country_to": "GM", "value": "0", "unit": "kg"}, {"date": "2020-04-01", "country_from": "GB", "country_to": "GM", "value": "0", "unit": "kg"}, {"date": "2020-05-01", "country_from": "GB", "country_to": "GM", "value": "0", "unit": "kg"}, {"date": "2020-06-01", "country_from": "GB", "country_to": "GM", "value": "0", "unit": "kg"}, {"date": "2018-11-01", "country_from": "GB", "country_to": "DK", "value": "0", "unit": "kg"}, {"date": "2018-12-01", "country_from": "GB", "country_to": "DK", "value": "800", "unit": "kg"}, {"date": "2019-01-01", "country_from": "GB", "country_to": "DK", "value": "0", "unit": "kg"}, {"date": "2019-02-01", "country_from": "GB", "country_to": "DK", "value": "0", "unit": "kg"}, {"date": "2019-03-01", "country_from": "GB", "country_to": "DK", "value": "1000", "unit": "kg"}, {"date": "2019-04-01", "country_from": "GB", "country_to": "DK", "value": "0", "unit": "kg"}, {"date": "2019-05-01", "country_from": "GB", "country_to": "DK", "value": "0", "unit": "kg"}, {"date": "2019-06-01", "country_from": "GB", "country_to": "DK", "value": "0", "unit": "kg"}, {"date": "2019-07-01", "country_from": "GB", "country_to": "DK", "value": "1000", "unit": "kg"}, {"date": "2019-08-01", "country_from": "GB", "country_to": "DK", "value": "0", "unit": "kg"}, {"date": "2019-09-01", "country_from": "GB", "country_to": "DK", "value": "1000", "unit": "kg"}, {"date": "2019-10-01", "country_from": "GB", "country_to": "DK", "value": "0", "unit": "kg"}, {"date": "2019-11-01", "country_from": "GB", "country_to": "DK", "value": "1000", "unit": "kg"}, {"date": "2019-12-01", "country_from": "GB", "country_to": "DK", "value": "0", "unit": "kg"}, {"date": "2020-01-01", "country_from": "GB", "country_to": "DK", "value": "0", "unit": "kg"}, {"date": "2020-02-01", "country_from": "GB", "country_to": "DK", "value": "0", "unit": "kg"}, {"date": "2020-03-01", "country_from": "GB", "country_to": "DK", "value": "0", "unit": "kg"}, {"date": "2020-04-01", "country_from": "GB", "country_to": "DK", "value": "0", "unit": "kg"}, {"date": "2020-05-01", "country_from": "GB", "country_to": "DK", "value": "0", "unit": "kg"}, {"date": "2020-06-01", "country_from": "GB", "country_to": "DK", "value": "0", "unit": "kg"}, {"date": "2018-11-01", "country_from": "GB", "country_to": "FI", "value": "0", "unit": "kg"}, {"date": "2018-12-01", "country_from": "GB", "country_to": "FI", "value": "0", "unit": "kg"}, {"date": "2019-01-01", "country_from": "GB", "country_to": "FI", "value": "0", "unit": "kg"}, {"date": "2019-02-01", "country_from": "GB", "country_to": "FI", "value": "460", "unit": "kg"}, {"date": "2019-03-01", "country_from": "GB", "country_to": "FI", "value": "0", "unit": "kg"}, {"date": "2019-04-01", "country_from": "GB", "country_to": "FI", "value": "0", "unit": "kg"}, {"date": "2019-05-01", "country_from": "GB", "country_to": "FI", "value": "4000", "unit": "kg"}, {"date": "2019-06-01", "country_from": "GB", "country_to": "FI", "value": "0", "unit": "kg"}, {"date": "2019-07-01", "country_from": "GB", "country_to": "FI", "value": "0", "unit": "kg"}, {"date": "2019-08-01", "country_from": "GB", "country_to": "FI", "value": "0", "unit": "kg"}, {"date": "2019-09-01", "country_from": "GB", "country_to": "FI", "value": "0", "unit": "kg"}, {"date": "2019-10-01", "country_from": "GB", "country_to": "FI", "value": "0", "unit": "kg"}, {"date": "2019-11-01", "country_from": "GB", "country_to": "FI", "value": "0", "unit": "kg"}, {"date": "2019-12-01", "country_from": "GB", "country_to": "FI", "value": "0", "unit": "kg"}, {"date": "2020-01-01", "country_from": "GB", "country_to": "FI", "value": "0", "unit": "kg"}, {"date": "2020-02-01", "country_from": "GB", "country_to": "FI", "value": "0", "unit": "kg"}, {"date": "2020-03-01", "country_from": "GB", "country_to": "FI", "value": "0", "unit": "kg"}, {"date": "2020-04-01", "country_from": "GB", "country_to": "FI", "value": "0", "unit": "kg"}, {"date": "2020-05-01", "country_from": "GB", "country_to": "FI", "value": "0", "unit": "kg"}, {"date": "2020-06-01", "country_from": "GB", "country_to": "FI", "value": "0", "unit": "kg"}, {"date": "2018-11-01", "country_from": "GB", "country_to": "BE", "value": "2", "unit": "kg"}, {"date": "2018-12-01", "country_from": "GB", "country_to": "BE", "value": "0", "unit": "kg"}, {"date": "2019-01-01", "country_from": "GB", "country_to": "BE", "value": "1", "unit": "kg"}, {"date": "2019-02-01", "country_from": "GB", "country_to": "BE", "value": "5", "unit": "kg"}, {"date": "2019-03-01", "country_from": "GB", "country_to": "BE", "value": "0", "unit": "kg"}, {"date": "2019-04-01", "country_from": "GB", "country_to": "BE", "value": "0", "unit": "kg"}, {"date": "2019-05-01", "country_from": "GB", "country_to": "BE", "value": "3", "unit": "kg"}, {"date": "2019-06-01", "country_from": "GB", "country_to": "BE", "value": "0", "unit": "kg"}, {"date": "2019-07-01", "country_from": "GB", "country_to": "BE", "value": "0", "unit": "kg"}, {"date": "2019-08-01", "country_from": "GB", "country_to": "BE", "value": "7", "unit": "kg"}, {"date": "2019-09-01", "country_from": "GB", "country_to": "BE", "value": "2", "unit": "kg"}, {"date": "2019-10-01", "country_from": "GB", "country_to": "BE", "value": "62", "unit": "kg"}, {"date": "2019-11-01", "country_from": "GB", "country_to": "BE", "value": "281", "unit": "kg"}, {"date": "2019-12-01", "country_from": "GB", "country_to": "BE", "value": "273", "unit": "kg"}, {"date": "2020-01-01", "country_from": "GB", "country_to": "BE", "value": "323", "unit": "kg"}, {"date": "2020-02-01", "country_from": "GB", "country_to": "BE", "value": "366", "unit": "kg"}, {"date": "2020-03-01", "country_from": "GB", "country_to": "BE", "value": "0", "unit": "kg"}, {"date": "2020-04-01", "country_from": "GB", "country_to": "BE", "value": "0", "unit": "kg"}, {"date": "2020-05-01", "country_from": "GB", "country_to": "BE", "value": "0", "unit": "kg"}, {"date": "2020-06-01", "country_from": "GB", "country_to": "BE", "value": "0", "unit": "kg"}, {"date": "2018-11-01", "country_from": "GB", "country_to": "CY", "value": "0", "unit": "kg"}, {"date": "2018-12-01", "country_from": "GB", "country_to": "CY", "value": "0", "unit": "kg"}, {"date": "2019-01-01", "country_from": "GB", "country_to": "CY", "value": "0", "unit": "kg"}, {"date": "2019-02-01", "country_from": "GB", "country_to": "CY", "value": "0", "unit": "kg"}, {"date": "2019-03-01", "country_from": "GB", "country_to": "CY", "value": "501", "unit": "kg"}, {"date": "2019-04-01", "country_from": "GB", "country_to": "CY", "value": "399", "unit": "kg"}, {"date": "2019-05-01", "country_from": "GB", "country_to": "CY", "value": "0", "unit": "kg"}, {"date": "2019-06-01", "country_from": "GB", "country_to": "CY", "value": "0", "unit": "kg"}, {"date": "2019-07-01", "country_from": "GB", "country_to": "CY", "value": "0", "unit": "kg"}, {"date": "2019-08-01", "country_from": "GB", "country_to": "CY", "value": "0", "unit": "kg"}, {"date": "2019-09-01", "country_from": "GB", "country_to": "CY", "value": "0", "unit": "kg"}, {"date": "2019-10-01", "country_from": "GB", "country_to": "CY", "value": "0", "unit": "kg"}, {"date": "2019-11-01", "country_from": "GB", "country_to": "CY", "value": "0", "unit": "kg"}, {"date": "2019-12-01", "country_from": "GB", "country_to": "CY", "value": "259", "unit": "kg"}, {"date": "2020-01-01", "country_from": "GB", "country_to": "CY", "value": "0", "unit": "kg"}, {"date": "2020-02-01", "country_from": "GB", "country_to": "CY", "value": "278", "unit": "kg"}, {"date": "2020-03-01", "country_from": "GB", "country_to": "CY", "value": "0", "unit": "kg"}, {"date": "2020-04-01", "country_from": "GB", "country_to": "CY", "value": "0", "unit": "kg"}, {"date": "2020-05-01", "country_from": "GB", "country_to": "CY", "value": "366", "unit": "kg"}, {"date": "2020-06-01", "country_from": "GB", "country_to": "CY", "value": "0", "unit": "kg"}, {"date": "2018-11-01", "country_from": "GB", "country_to": "RO", "value": "0", "unit": "kg"}, {"date": "2018-12-01", "country_from": "GB", "country_to": "RO", "value": "0", "unit": "kg"}, {"date": "2019-01-01", "country_from": "GB", "country_to": "RO", "value": "0", "unit": "kg"}, {"date": "2019-02-01", "country_from": "GB", "country_to": "RO", "value": "0", "unit": "kg"}, {"date": "2019-03-01", "country_from": "GB", "country_to": "RO", "value": "0", "unit": "kg"}, {"date": "2019-04-01", "country_from": "GB", "country_to": "RO", "value": "0", "unit": "kg"}, {"date": "2019-05-01", "country_from": "GB", "country_to": "RO", "value": "0", "unit": "kg"}, {"date": "2019-06-01", "country_from": "GB", "country_to": "RO", "value": "0", "unit": "kg"}, {"date": "2019-07-01", "country_from": "GB", "country_to": "RO", "value": "0", "unit": "kg"}, {"date": "2019-08-01", "country_from": "GB", "country_to": "RO", "value": "0", "unit": "kg"}, {"date": "2019-09-01", "country_from": "GB", "country_to": "RO", "value": "0", "unit": "kg"}, {"date": "2019-10-01", "country_from": "GB", "country_to": "RO", "value": "0", "unit": "kg"}, {"date": "2019-11-01", "country_from": "GB", "country_to": "RO", "value": "28", "unit": "kg"}, {"date": "2019-12-01", "country_from": "GB", "country_to": "RO", "value": "0", "unit": "kg"}, {"date": "2020-01-01", "country_from": "GB", "country_to": "RO", "value": "0", "unit": "kg"}, {"date": "2020-02-01", "country_from": "GB", "country_to": "RO", "value": "0", "unit": "kg"}, {"date": "2020-03-01", "country_from": "GB", "country_to": "RO", "value": "0", "unit": "kg"}, {"date": "2020-04-01", "country_from": "GB", "country_to": "RO", "value": "0", "unit": "kg"}, {"date": "2020-05-01", "country_from": "GB", "country_to": "RO", "value": "0", "unit": "kg"}, {"date": "2020-06-01", "country_from": "GB", "country_to": "RO", "value": "0", "unit": "kg"}, {"date": "2018-11-01", "country_from": "GB", "country_to": "SG", "value": "17", "unit": "kg"}, {"date": "2018-12-01", "country_from": "GB", "country_to": "SG", "value": "0", "unit": "kg"}, {"date": "2019-01-01", "country_from": "GB", "country_to": "SG", "value": "0", "unit": "kg"}, {"date": "2019-02-01", "country_from": "GB", "country_to": "SG", "value": "0", "unit": "kg"}, {"date": "2019-03-01", "country_from": "GB", "country_to": "SG", "value": "0", "unit": "kg"}, {"date": "2019-04-01", "country_from": "GB", "country_to": "SG", "value": "0", "unit": "kg"}, {"date": "2019-05-01", "country_from": "GB", "country_to": "SG", "value": "0", "unit": "kg"}, {"date": "2019-06-01", "country_from": "GB", "country_to": "SG", "value": "0", "unit": "kg"}, {"date": "2019-07-01", "country_from": "GB", "country_to": "SG", "value": "0", "unit": "kg"}, {"date": "2019-08-01", "country_from": "GB", "country_to": "SG", "value": "0", "unit": "kg"}, {"date": "2019-09-01", "country_from": "GB", "country_to": "SG", "value": "0", "unit": "kg"}, {"date": "2019-10-01", "country_from": "GB", "country_to": "SG", "value": "0", "unit": "kg"}, {"date": "2019-11-01", "country_from": "GB", "country_to": "SG", "value": "0", "unit": "kg"}, {"date": "2019-12-01", "country_from": "GB", "country_to": "SG", "value": "0", "unit": "kg"}, {"date": "2020-01-01", "country_from": "GB", "country_to": "SG", "value": "0", "unit": "kg"}, {"date": "2020-02-01", "country_from": "GB", "country_to": "SG", "value": "0", "unit": "kg"}, {"date": "2020-03-01", "country_from": "GB", "country_to": "SG", "value": "0", "unit": "kg"}, {"date": "2020-04-01", "country_from": "GB", "country_to": "SG", "value": "0", "unit": "kg"}, {"date": "2020-05-01", "country_from": "GB", "country_to": "SG", "value": "0", "unit": "kg"}, {"date": "2020-06-01", "country_from": "GB", "country_to": "SG", "value": "0", "unit": "kg"}, {"date": "2018-11-01", "country_from": "GB", "country_to": "NL", "value": "0", "unit": "kg"}, {"date": "2018-12-01", "country_from": "GB", "country_to": "NL", "value": "0", "unit": "kg"}, {"date": "2019-01-01", "country_from": "GB", "country_to": "NL", "value": "0", "unit": "kg"}, {"date": "2019-02-01", "country_from": "GB", "country_to": "NL", "value": "3", "unit": "kg"}, {"date": "2019-03-01", "country_from": "GB", "country_to": "NL", "value": "15", "unit": "kg"}, {"date": "2019-04-01", "country_from": "GB", "country_to": "NL", "value": "20", "unit": "kg"}, {"date": "2019-05-01", "country_from": "GB", "country_to": "NL", "value": "30", "unit": "kg"}, {"date": "2019-06-01", "country_from": "GB", "country_to": "NL", "value": "32", "unit": "kg"}, {"date": "2019-07-01", "country_from": "GB", "country_to": "NL", "value": "32", "unit": "kg"}, {"date": "2019-08-01", "country_from": "GB", "country_to": "NL", "value": "31", "unit": "kg"}, {"date": "2019-09-01", "country_from": "GB", "country_to": "NL", "value": "47", "unit": "kg"}, {"date": "2019-10-01", "country_from": "GB", "country_to": "NL", "value": "17", "unit": "kg"}, {"date": "2019-11-01", "country_from": "GB", "country_to": "NL", "value": "128", "unit": "kg"}, {"date": "2019-12-01", "country_from": "GB", "country_to": "NL", "value": "543", "unit": "kg"}, {"date": "2020-01-01", "country_from": "GB", "country_to": "NL", "value": "17", "unit": "kg"}, {"date": "2020-02-01", "country_from": "GB", "country_to": "NL", "value": "48", "unit": "kg"}, {"date": "2020-03-01", "country_from": "GB", "country_to": "NL", "value": "72", "unit": "kg"}, {"date": "2020-04-01", "country_from": "GB", "country_to": "NL", "value": "0", "unit": "kg"}, {"date": "2020-05-01", "country_from": "GB", "country_to": "NL", "value": "27", "unit": "kg"}, {"date": "2020-06-01", "country_from": "GB", "country_to": "NL", "value": "0", "unit": "kg"}, {"date": "2018-11-01", "country_from": "GB", "country_to": "PL", "value": "0", "unit": "kg"}, {"date": "2018-12-01", "country_from": "GB", "country_to": "PL", "value": "200", "unit": "kg"}, {"date": "2019-01-01", "country_from": "GB", "country_to": "PL", "value": "0", "unit": "kg"}, {"date": "2019-02-01", "country_from": "GB", "country_to": "PL", "value": "0", "unit": "kg"}, {"date": "2019-03-01", "country_from": "GB", "country_to": "PL", "value": "0", "unit": "kg"}, {"date": "2019-04-01", "country_from": "GB", "country_to": "PL", "value": "0", "unit": "kg"}, {"date": "2019-05-01", "country_from": "GB", "country_to": "PL", "value": "200", "unit": "kg"}, {"date": "2019-06-01", "country_from": "GB", "country_to": "PL", "value": "0", "unit": "kg"}, {"date": "2019-07-01", "country_from": "GB", "country_to": "PL", "value": "0", "unit": "kg"}, {"date": "2019-08-01", "country_from": "GB", "country_to": "PL", "value": "0", "unit": "kg"}, {"date": "2019-09-01", "country_from": "GB", "country_to": "PL", "value": "0", "unit": "kg"}, {"date": "2019-10-01", "country_from": "GB", "country_to": "PL", "value": "0", "unit": "kg"}, {"date": "2019-11-01", "country_from": "GB", "country_to": "PL", "value": "1", "unit": "kg"}, {"date": "2019-12-01", "country_from": "GB", "country_to": "PL", "value": "0", "unit": "kg"}, {"date": "2020-01-01", "country_from": "GB", "country_to": "PL", "value": "0", "unit": "kg"}, {"date": "2020-02-01", "country_from": "GB", "country_to": "PL", "value": "180", "unit": "kg"}, {"date": "2020-03-01", "country_from": "GB", "country_to": "PL", "value": "0", "unit": "kg"}, {"date": "2020-04-01", "country_from": "GB", "country_to": "PL", "value": "0", "unit": "kg"}, {"date": "2020-05-01", "country_from": "GB", "country_to": "PL", "value": "0", "unit": "kg"}, {"date": "2020-06-01", "country_from": "GB", "country_to": "PL", "value": "0", "unit": "kg"}, {"date": "2018-11-01", "country_from": "GB", "country_to": "HU", "value": "0", "unit": "kg"}, {"date": "2018-12-01", "country_from": "GB", "country_to": "HU", "value": "0", "unit": "kg"}, {"date": "2019-01-01", "country_from": "GB", "country_to": "HU", "value": "0", "unit": "kg"}, {"date": "2019-02-01", "country_from": "GB", "country_to": "HU", "value": "0", "unit": "kg"}, {"date": "2019-03-01", "country_from": "GB", "country_to": "HU", "value": "0", "unit": "kg"}, {"date": "2019-04-01", "country_from": "GB", "country_to": "HU", "value": "0", "unit": "kg"}, {"date": "2019-05-01", "country_from": "GB", "country_to": "HU", "value": "0", "unit": "kg"}, {"date": "2019-06-01", "country_from": "GB", "country_to": "HU", "value": "0", "unit": "kg"}, {"date": "2019-07-01", "country_from": "GB", "country_to": "HU", "value": "0", "unit": "kg"}, {"date": "2019-08-01", "country_from": "GB", "country_to": "HU", "value": "0", "unit": "kg"}, {"date": "2019-09-01", "country_from": "GB", "country_to": "HU", "value": "0", "unit": "kg"}, {"date": "2019-10-01", "country_from": "GB", "country_to": "HU", "value": "0", "unit": "kg"}, {"date": "2019-11-01", "country_from": "GB", "country_to": "HU", "value": "289", "unit": "kg"}, {"date": "2019-12-01", "country_from": "GB", "country_to": "HU", "value": "126", "unit": "kg"}, {"date": "2020-01-01", "country_from": "GB", "country_to": "HU", "value": "0", "unit": "kg"}, {"date": "2020-02-01", "country_from": "GB", "country_to": "HU", "value": "667", "unit": "kg"}, {"date": "2020-03-01", "country_from": "GB", "country_to": "HU", "value": "0", "unit": "kg"}, {"date": "2020-04-01", "country_from": "GB", "country_to": "HU", "value": "236", "unit": "kg"}, {"date": "2020-05-01", "country_from": "GB", "country_to": "HU", "value": "0", "unit": "kg"}, {"date": "2020-06-01", "country_from": "GB", "country_to": "HU", "value": "0", "unit": "kg"}, {"date": "2018-11-01", "country_from": "GB", "country_to": "IL", "value": "0", "unit": "kg"}, {"date": "2018-12-01", "country_from": "GB", "country_to": "IL", "value": "0", "unit": "kg"}, {"date": "2019-01-01", "country_from": "GB", "country_to": "IL", "value": "0", "unit": "kg"}, {"date": "2019-02-01", "country_from": "GB", "country_to": "IL", "value": "0", "unit": "kg"}, {"date": "2019-03-01", "country_from": "GB", "country_to": "IL", "value": "0", "unit": "kg"}, {"date": "2019-04-01", "country_from": "GB", "country_to": "IL", "value": "0", "unit": "kg"}, {"date": "2019-05-01", "country_from": "GB", "country_to": "IL", "value": "0", "unit": "kg"}, {"date": "2019-06-01", "country_from": "GB", "country_to": "IL", "value": "1", "unit": "kg"}, {"date": "2019-07-01", "country_from": "GB", "country_to": "IL", "value": "0", "unit": "kg"}, {"date": "2019-08-01", "country_from": "GB", "country_to": "IL", "value": "0", "unit": "kg"}, {"date": "2019-09-01", "country_from": "GB", "country_to": "IL", "value": "0", "unit": "kg"}, {"date": "2019-10-01", "country_from": "GB", "country_to": "IL", "value": "0", "unit": "kg"}, {"date": "2019-11-01", "country_from": "GB", "country_to": "IL", "value": "0", "unit": "kg"}, {"date": "2019-12-01", "country_from": "GB", "country_to": "IL", "value": "0", "unit": "kg"}, {"date": "2020-01-01", "country_from": "GB", "country_to": "IL", "value": "0", "unit": "kg"}, {"date": "2020-02-01", "country_from": "GB", "country_to": "IL", "value": "0", "unit": "kg"}, {"date": "2020-03-01", "country_from": "GB", "country_to": "IL", "value": "0", "unit": "kg"}, {"date": "2020-04-01", "country_from": "GB", "country_to": "IL", "value": "0", "unit": "kg"}, {"date": "2020-05-01", "country_from": "GB", "country_to": "IL", "value": "0", "unit": "kg"}, {"date": "2020-06-01", "country_from": "GB", "country_to": "IL", "value": "0", "unit": "kg"}, {"date": "2018-11-01", "country_from": "GB", "country_to": "US", "value": "0", "unit": "kg"}, {"date": "2018-12-01", "country_from": "GB", "country_to": "US", "value": "0", "unit": "kg"}, {"date": "2019-01-01", "country_from": "GB", "country_to": "US", "value": "0", "unit": "kg"}, {"date": "2019-02-01", "country_from": "GB", "country_to": "US", "value": "0", "unit": "kg"}, {"date": "2019-03-01", "country_from": "GB", "country_to": "US", "value": "0", "unit": "kg"}, {"date": "2019-04-01", "country_from": "GB", "country_to": "US", "value": "0", "unit": "kg"}, {"date": "2019-05-01", "country_from": "GB", "country_to": "US", "value": "0", "unit": "kg"}, {"date": "2019-06-01", "country_from": "GB", "country_to": "US", "value": "0", "unit": "kg"}, {"date": "2019-07-01", "country_from": "GB", "country_to": "US", "value": "0", "unit": "kg"}, {"date": "2019-08-01", "country_from": "GB", "country_to": "US", "value": "14", "unit": "kg"}, {"date": "2019-09-01", "country_from": "GB", "country_to": "US", "value": "0", "unit": "kg"}, {"date": "2019-10-01", "country_from": "GB", "country_to": "US", "value": "0", "unit": "kg"}, {"date": "2019-11-01", "country_from": "GB", "country_to": "US", "value": "10000", "unit": "kg"}, {"date": "2019-12-01", "country_from": "GB", "country_to": "US", "value": "0", "unit": "kg"}, {"date": "2020-01-01", "country_from": "GB", "country_to": "US", "value": "0", "unit": "kg"}, {"date": "2020-02-01", "country_from": "GB", "country_to": "US", "value": "0", "unit": "kg"}, {"date": "2020-03-01", "country_from": "GB", "country_to": "US", "value": "0", "unit": "kg"}, {"date": "2020-04-01", "country_from": "GB", "country_to": "US", "value": "0", "unit": "kg"}, {"date": "2020-05-01", "country_from": "GB", "country_to": "US", "value": "0", "unit": "kg"}, {"date": "2020-06-01", "country_from": "GB", "country_to": "US", "value": "0", "unit": "kg"}, {"date": "2018-11-01", "country_from": "GB", "country_to": "YE", "value": "0", "unit": "kg"}, {"date": "2018-12-01", "country_from": "GB", "country_to": "YE", "value": "0", "unit": "kg"}, {"date": "2019-01-01", "country_from": "GB", "country_to": "YE", "value": "0", "unit": "kg"}, {"date": "2019-02-01", "country_from": "GB", "country_to": "YE", "value": "18000", "unit": "kg"}, {"date": "2019-03-01", "country_from": "GB", "country_to": "YE", "value": "0", "unit": "kg"}, {"date": "2019-04-01", "country_from": "GB", "country_to": "YE", "value": "0", "unit": "kg"}, {"date": "2019-05-01", "country_from": "GB", "country_to": "YE", "value": "0", "unit": "kg"}, {"date": "2019-06-01", "country_from": "GB", "country_to": "YE", "value": "0", "unit": "kg"}, {"date": "2019-07-01", "country_from": "GB", "country_to": "YE", "value": "0", "unit": "kg"}, {"date": "2019-08-01", "country_from": "GB", "country_to": "YE", "value": "0", "unit": "kg"}, {"date": "2019-09-01", "country_from": "GB", "country_to": "YE", "value": "0", "unit": "kg"}, {"date": "2019-10-01", "country_from": "GB", "country_to": "YE", "value": "20000", "unit": "kg"}, {"date": "2019-11-01", "country_from": "GB", "country_to": "YE", "value": "0", "unit": "kg"}, {"date": "2019-12-01", "country_from": "GB", "country_to": "YE", "value": "0", "unit": "kg"}, {"date": "2020-01-01", "country_from": "GB", "country_to": "YE", "value": "0", "unit": "kg"}, {"date": "2020-02-01", "country_from": "GB", "country_to": "YE", "value": "0", "unit": "kg"}, {"date": "2020-03-01", "country_from": "GB", "country_to": "YE", "value": "0", "unit": "kg"}, {"date": "2020-04-01", "country_from": "GB", "country_to": "YE", "value": "0", "unit": "kg"}, {"date": "2020-05-01", "country_from": "GB", "country_to": "YE", "value": "0", "unit": "kg"}, {"date": "2020-06-01", "country_from": "GB", "country_to": "YE", "value": "0", "unit": "kg"}, {"date": "2018-11-01", "country_from": "GB", "country_to": "SE", "value": "0", "unit": "kg"}, {"date": "2018-12-01", "country_from": "GB", "country_to": "SE", "value": "4030", "unit": "kg"}, {"date": "2019-01-01", "country_from": "GB", "country_to": "SE", "value": "4000", "unit": "kg"}, {"date": "2019-02-01", "country_from": "GB", "country_to": "SE", "value": "0", "unit": "kg"}, {"date": "2019-03-01", "country_from": "GB", "country_to": "SE", "value": "0", "unit": "kg"}, {"date": "2019-04-01", "country_from": "GB", "country_to": "SE", "value": "0", "unit": "kg"}, {"date": "2019-05-01", "country_from": "GB", "country_to": "SE", "value": "0", "unit": "kg"}, {"date": "2019-06-01", "country_from": "GB", "country_to": "SE", "value": "0", "unit": "kg"}, {"date": "2019-07-01", "country_from": "GB", "country_to": "SE", "value": "0", "unit": "kg"}, {"date": "2019-08-01", "country_from": "GB", "country_to": "SE", "value": "0", "unit": "kg"}, {"date": "2019-09-01", "country_from": "GB", "country_to": "SE", "value": "0", "unit": "kg"}, {"date": "2019-10-01", "country_from": "GB", "country_to": "SE", "value": "0", "unit": "kg"}, {"date": "2019-11-01", "country_from": "GB", "country_to": "SE", "value": "0", "unit": "kg"}, {"date": "2019-12-01", "country_from": "GB", "country_to": "SE", "value": "0", "unit": "kg"}, {"date": "2020-01-01", "country_from": "GB", "country_to": "SE", "value": "0", "unit": "kg"}, {"date": "2020-02-01", "country_from": "GB", "country_to": "SE", "value": "0", "unit": "kg"}, {"date": "2020-03-01", "country_from": "GB", "country_to": "SE", "value": "0", "unit": "kg"}, {"date": "2020-04-01", "country_from": "GB", "country_to": "SE", "value": "0", "unit": "kg"}, {"date": "2020-05-01", "country_from": "GB", "country_to": "SE", "value": "0", "unit": "kg"}, {"date": "2020-06-01", "country_from": "GB", "country_to": "SE", "value": "0", "unit": "kg"}]