[{"date": "2018-12-01", "country_from": "BH", "country_to": "SA", "value": "0", "unit": "kg"}, {"date": "2019-01-01", "country_from": "BH", "country_to": "SA", "value": "7835", "unit": "kg"}, {"date": "2019-02-01", "country_from": "BH", "country_to": "SA", "value": "0", "unit": "kg"}, {"date": "2019-03-01", "country_from": "BH", "country_to": "SA", "value": "16060", "unit": "kg"}, {"date": "2019-04-01", "country_from": "BH", "country_to": "SA", "value": "77060", "unit": "kg"}, {"date": "2019-05-01", "country_from": "BH", "country_to": "SA", "value": "9800", "unit": "kg"}, {"date": "2019-06-01", "country_from": "BH", "country_to": "SA", "value": "0", "unit": "kg"}, {"date": "2019-07-01", "country_from": "BH", "country_to": "SA", "value": "0", "unit": "kg"}, {"date": "2019-08-01", "country_from": "BH", "country_to": "SA", "value": "39640", "unit": "kg"}, {"date": "2019-09-01", "country_from": "BH", "country_to": "SA", "value": "183730", "unit": "kg"}, {"date": "2019-10-01", "country_from": "BH", "country_to": "SA", "value": "90", "unit": "kg"}, {"date": "2019-11-01", "country_from": "BH", "country_to": "SA", "value": "105310", "unit": "kg"}, {"date": "2019-12-01", "country_from": "BH", "country_to": "SA", "value": "0", "unit": "kg"}, {"date": "2020-01-01", "country_from": "BH", "country_to": "SA", "value": "191000", "unit": "kg"}, {"date": "2020-02-01", "country_from": "BH", "country_to": "SA", "value": "45820", "unit": "kg"}, {"date": "2020-03-01", "country_from": "BH", "country_to": "SA", "value": "0", "unit": "kg"}, {"date": "2020-04-01", "country_from": "BH", "country_to": "SA", "value": "0", "unit": "kg"}, {"date": "2020-05-01", "country_from": "BH", "country_to": "SA", "value": "0", "unit": "kg"}, {"date": "2020-06-01", "country_from": "BH", "country_to": "SA", "value": "2640", "unit": "kg"}, {"date": "2020-07-01", "country_from": "BH", "country_to": "SA", "value": "18000", "unit": "kg"}, {"date": "2018-12-01", "country_from": "BH", "country_to": "-", "value": "2210", "unit": "kg"}, {"date": "2019-01-01", "country_from": "BH", "country_to": "-", "value": "1450", "unit": "kg"}, {"date": "2019-02-01", "country_from": "BH", "country_to": "-", "value": "1520", "unit": "kg"}, {"date": "2019-03-01", "country_from": "BH", "country_to": "-", "value": "2412", "unit": "kg"}, {"date": "2019-04-01", "country_from": "BH", "country_to": "-", "value": "1746", "unit": "kg"}, {"date": "2019-05-01", "country_from": "BH", "country_to": "-", "value": "2135", "unit": "kg"}, {"date": "2019-06-01", "country_from": "BH", "country_to": "-", "value": "3676", "unit": "kg"}, {"date": "2019-07-01", "country_from": "BH", "country_to": "-", "value": "3070", "unit": "kg"}, {"date": "2019-08-01", "country_from": "BH", "country_to": "-", "value": "3440", "unit": "kg"}, {"date": "2019-09-01", "country_from": "BH", "country_to": "-", "value": "1910", "unit": "kg"}, {"date": "2019-10-01", "country_from": "BH", "country_to": "-", "value": "1540", "unit": "kg"}, {"date": "2019-11-01", "country_from": "BH", "country_to": "-", "value": "2082", "unit": "kg"}, {"date": "2019-12-01", "country_from": "BH", "country_to": "-", "value": "730", "unit": "kg"}, {"date": "2020-01-01", "country_from": "BH", "country_to": "-", "value": "1115", "unit": "kg"}, {"date": "2020-02-01", "country_from": "BH", "country_to": "-", "value": "4359", "unit": "kg"}, {"date": "2020-03-01", "country_from": "BH", "country_to": "-", "value": "1880", "unit": "kg"}, {"date": "2020-04-01", "country_from": "BH", "country_to": "-", "value": "820", "unit": "kg"}, {"date": "2020-05-01", "country_from": "BH", "country_to": "-", "value": "1270", "unit": "kg"}, {"date": "2020-06-01", "country_from": "BH", "country_to": "-", "value": "1100", "unit": "kg"}, {"date": "2020-07-01", "country_from": "BH", "country_to": "-", "value": "726", "unit": "kg"}, {"date": "2018-12-01", "country_from": "BH", "country_to": "US", "value": "0", "unit": "kg"}, {"date": "2019-01-01", "country_from": "BH", "country_to": "US", "value": "0", "unit": "kg"}, {"date": "2019-02-01", "country_from": "BH", "country_to": "US", "value": "0", "unit": "kg"}, {"date": "2019-03-01", "country_from": "BH", "country_to": "US", "value": "0", "unit": "kg"}, {"date": "2019-04-01", "country_from": "BH", "country_to": "US", "value": "0", "unit": "kg"}, {"date": "2019-05-01", "country_from": "BH", "country_to": "US", "value": "400", "unit": "kg"}, {"date": "2019-06-01", "country_from": "BH", "country_to": "US", "value": "0", "unit": "kg"}, {"date": "2019-07-01", "country_from": "BH", "country_to": "US", "value": "0", "unit": "kg"}, {"date": "2019-08-01", "country_from": "BH", "country_to": "US", "value": "375", "unit": "kg"}, {"date": "2019-09-01", "country_from": "BH", "country_to": "US", "value": "0", "unit": "kg"}, {"date": "2019-10-01", "country_from": "BH", "country_to": "US", "value": "0", "unit": "kg"}, {"date": "2019-11-01", "country_from": "BH", "country_to": "US", "value": "0", "unit": "kg"}, {"date": "2019-12-01", "country_from": "BH", "country_to": "US", "value": "0", "unit": "kg"}, {"date": "2020-01-01", "country_from": "BH", "country_to": "US", "value": "10", "unit": "kg"}, {"date": "2020-02-01", "country_from": "BH", "country_to": "US", "value": "400", "unit": "kg"}, {"date": "2020-03-01", "country_from": "BH", "country_to": "US", "value": "100", "unit": "kg"}, {"date": "2020-04-01", "country_from": "BH", "country_to": "US", "value": "20", "unit": "kg"}, {"date": "2020-05-01", "country_from": "BH", "country_to": "US", "value": "0", "unit": "kg"}, {"date": "2020-06-01", "country_from": "BH", "country_to": "US", "value": "0", "unit": "kg"}, {"date": "2020-07-01", "country_from": "BH", "country_to": "US", "value": "0", "unit": "kg"}, {"date": "2018-12-01", "country_from": "BH", "country_to": "IN", "value": "69600", "unit": "kg"}, {"date": "2019-01-01", "country_from": "BH", "country_to": "IN", "value": "48005", "unit": "kg"}, {"date": "2019-02-01", "country_from": "BH", "country_to": "IN", "value": "0", "unit": "kg"}, {"date": "2019-03-01", "country_from": "BH", "country_to": "IN", "value": "0", "unit": "kg"}, {"date": "2019-04-01", "country_from": "BH", "country_to": "IN", "value": "0", "unit": "kg"}, {"date": "2019-05-01", "country_from": "BH", "country_to": "IN", "value": "0", "unit": "kg"}, {"date": "2019-06-01", "country_from": "BH", "country_to": "IN", "value": "0", "unit": "kg"}, {"date": "2019-07-01", "country_from": "BH", "country_to": "IN", "value": "5", "unit": "kg"}, {"date": "2019-08-01", "country_from": "BH", "country_to": "IN", "value": "8040", "unit": "kg"}, {"date": "2019-09-01", "country_from": "BH", "country_to": "IN", "value": "0", "unit": "kg"}, {"date": "2019-10-01", "country_from": "BH", "country_to": "IN", "value": "0", "unit": "kg"}, {"date": "2019-11-01", "country_from": "BH", "country_to": "IN", "value": "0", "unit": "kg"}, {"date": "2019-12-01", "country_from": "BH", "country_to": "IN", "value": "0", "unit": "kg"}, {"date": "2020-01-01", "country_from": "BH", "country_to": "IN", "value": "0", "unit": "kg"}, {"date": "2020-02-01", "country_from": "BH", "country_to": "IN", "value": "0", "unit": "kg"}, {"date": "2020-03-01", "country_from": "BH", "country_to": "IN", "value": "0", "unit": "kg"}, {"date": "2020-04-01", "country_from": "BH", "country_to": "IN", "value": "0", "unit": "kg"}, {"date": "2020-05-01", "country_from": "BH", "country_to": "IN", "value": "0", "unit": "kg"}, {"date": "2020-06-01", "country_from": "BH", "country_to": "IN", "value": "0", "unit": "kg"}, {"date": "2020-07-01", "country_from": "BH", "country_to": "IN", "value": "0", "unit": "kg"}, {"date": "2018-12-01", "country_from": "BH", "country_to": "CH", "value": "0", "unit": "kg"}, {"date": "2019-01-01", "country_from": "BH", "country_to": "CH", "value": "200", "unit": "kg"}, {"date": "2019-02-01", "country_from": "BH", "country_to": "CH", "value": "0", "unit": "kg"}, {"date": "2019-03-01", "country_from": "BH", "country_to": "CH", "value": "0", "unit": "kg"}, {"date": "2019-04-01", "country_from": "BH", "country_to": "CH", "value": "0", "unit": "kg"}, {"date": "2019-05-01", "country_from": "BH", "country_to": "CH", "value": "0", "unit": "kg"}, {"date": "2019-06-01", "country_from": "BH", "country_to": "CH", "value": "0", "unit": "kg"}, {"date": "2019-07-01", "country_from": "BH", "country_to": "CH", "value": "0", "unit": "kg"}, {"date": "2019-08-01", "country_from": "BH", "country_to": "CH", "value": "0", "unit": "kg"}, {"date": "2019-09-01", "country_from": "BH", "country_to": "CH", "value": "0", "unit": "kg"}, {"date": "2019-10-01", "country_from": "BH", "country_to": "CH", "value": "0", "unit": "kg"}, {"date": "2019-11-01", "country_from": "BH", "country_to": "CH", "value": "0", "unit": "kg"}, {"date": "2019-12-01", "country_from": "BH", "country_to": "CH", "value": "0", "unit": "kg"}, {"date": "2020-01-01", "country_from": "BH", "country_to": "CH", "value": "0", "unit": "kg"}, {"date": "2020-02-01", "country_from": "BH", "country_to": "CH", "value": "0", "unit": "kg"}, {"date": "2020-03-01", "country_from": "BH", "country_to": "CH", "value": "0", "unit": "kg"}, {"date": "2020-04-01", "country_from": "BH", "country_to": "CH", "value": "0", "unit": "kg"}, {"date": "2020-05-01", "country_from": "BH", "country_to": "CH", "value": "0", "unit": "kg"}, {"date": "2020-06-01", "country_from": "BH", "country_to": "CH", "value": "0", "unit": "kg"}, {"date": "2020-07-01", "country_from": "BH", "country_to": "CH", "value": "0", "unit": "kg"}, {"date": "2018-12-01", "country_from": "BH", "country_to": "AE", "value": "0", "unit": "kg"}, {"date": "2019-01-01", "country_from": "BH", "country_to": "AE", "value": "0", "unit": "kg"}, {"date": "2019-02-01", "country_from": "BH", "country_to": "AE", "value": "0", "unit": "kg"}, {"date": "2019-03-01", "country_from": "BH", "country_to": "AE", "value": "0", "unit": "kg"}, {"date": "2019-04-01", "country_from": "BH", "country_to": "AE", "value": "0", "unit": "kg"}, {"date": "2019-05-01", "country_from": "BH", "country_to": "AE", "value": "0", "unit": "kg"}, {"date": "2019-06-01", "country_from": "BH", "country_to": "AE", "value": "0", "unit": "kg"}, {"date": "2019-07-01", "country_from": "BH", "country_to": "AE", "value": "0", "unit": "kg"}, {"date": "2019-08-01", "country_from": "BH", "country_to": "AE", "value": "0", "unit": "kg"}, {"date": "2019-09-01", "country_from": "BH", "country_to": "AE", "value": "0", "unit": "kg"}, {"date": "2019-10-01", "country_from": "BH", "country_to": "AE", "value": "0", "unit": "kg"}, {"date": "2019-11-01", "country_from": "BH", "country_to": "AE", "value": "0", "unit": "kg"}, {"date": "2019-12-01", "country_from": "BH", "country_to": "AE", "value": "60", "unit": "kg"}, {"date": "2020-01-01", "country_from": "BH", "country_to": "AE", "value": "65", "unit": "kg"}, {"date": "2020-02-01", "country_from": "BH", "country_to": "AE", "value": "20", "unit": "kg"}, {"date": "2020-03-01", "country_from": "BH", "country_to": "AE", "value": "14", "unit": "kg"}, {"date": "2020-04-01", "country_from": "BH", "country_to": "AE", "value": "0", "unit": "kg"}, {"date": "2020-05-01", "country_from": "BH", "country_to": "AE", "value": "7", "unit": "kg"}, {"date": "2020-06-01", "country_from": "BH", "country_to": "AE", "value": "0", "unit": "kg"}, {"date": "2020-07-01", "country_from": "BH", "country_to": "AE", "value": "0", "unit": "kg"}, {"date": "2018-12-01", "country_from": "BH", "country_to": "GB", "value": "0", "unit": "kg"}, {"date": "2019-01-01", "country_from": "BH", "country_to": "GB", "value": "0", "unit": "kg"}, {"date": "2019-02-01", "country_from": "BH", "country_to": "GB", "value": "0", "unit": "kg"}, {"date": "2019-03-01", "country_from": "BH", "country_to": "GB", "value": "0", "unit": "kg"}, {"date": "2019-04-01", "country_from": "BH", "country_to": "GB", "value": "0", "unit": "kg"}, {"date": "2019-05-01", "country_from": "BH", "country_to": "GB", "value": "0", "unit": "kg"}, {"date": "2019-06-01", "country_from": "BH", "country_to": "GB", "value": "0", "unit": "kg"}, {"date": "2019-07-01", "country_from": "BH", "country_to": "GB", "value": "0", "unit": "kg"}, {"date": "2019-08-01", "country_from": "BH", "country_to": "GB", "value": "0", "unit": "kg"}, {"date": "2019-09-01", "country_from": "BH", "country_to": "GB", "value": "0", "unit": "kg"}, {"date": "2019-10-01", "country_from": "BH", "country_to": "GB", "value": "0", "unit": "kg"}, {"date": "2019-11-01", "country_from": "BH", "country_to": "GB", "value": "0", "unit": "kg"}, {"date": "2019-12-01", "country_from": "BH", "country_to": "GB", "value": "0", "unit": "kg"}, {"date": "2020-01-01", "country_from": "BH", "country_to": "GB", "value": "350", "unit": "kg"}, {"date": "2020-02-01", "country_from": "BH", "country_to": "GB", "value": "0", "unit": "kg"}, {"date": "2020-03-01", "country_from": "BH", "country_to": "GB", "value": "0", "unit": "kg"}, {"date": "2020-04-01", "country_from": "BH", "country_to": "GB", "value": "0", "unit": "kg"}, {"date": "2020-05-01", "country_from": "BH", "country_to": "GB", "value": "0", "unit": "kg"}, {"date": "2020-06-01", "country_from": "BH", "country_to": "GB", "value": "0", "unit": "kg"}, {"date": "2020-07-01", "country_from": "BH", "country_to": "GB", "value": "0", "unit": "kg"}, {"date": "2018-12-01", "country_from": "BH", "country_to": "GR", "value": "0", "unit": "kg"}, {"date": "2019-01-01", "country_from": "BH", "country_to": "GR", "value": "0", "unit": "kg"}, {"date": "2019-02-01", "country_from": "BH", "country_to": "GR", "value": "0", "unit": "kg"}, {"date": "2019-03-01", "country_from": "BH", "country_to": "GR", "value": "0", "unit": "kg"}, {"date": "2019-04-01", "country_from": "BH", "country_to": "GR", "value": "0", "unit": "kg"}, {"date": "2019-05-01", "country_from": "BH", "country_to": "GR", "value": "0", "unit": "kg"}, {"date": "2019-06-01", "country_from": "BH", "country_to": "GR", "value": "300", "unit": "kg"}, {"date": "2019-07-01", "country_from": "BH", "country_to": "GR", "value": "0", "unit": "kg"}, {"date": "2019-08-01", "country_from": "BH", "country_to": "GR", "value": "0", "unit": "kg"}, {"date": "2019-09-01", "country_from": "BH", "country_to": "GR", "value": "0", "unit": "kg"}, {"date": "2019-10-01", "country_from": "BH", "country_to": "GR", "value": "0", "unit": "kg"}, {"date": "2019-11-01", "country_from": "BH", "country_to": "GR", "value": "0", "unit": "kg"}, {"date": "2019-12-01", "country_from": "BH", "country_to": "GR", "value": "0", "unit": "kg"}, {"date": "2020-01-01", "country_from": "BH", "country_to": "GR", "value": "0", "unit": "kg"}, {"date": "2020-02-01", "country_from": "BH", "country_to": "GR", "value": "0", "unit": "kg"}, {"date": "2020-03-01", "country_from": "BH", "country_to": "GR", "value": "0", "unit": "kg"}, {"date": "2020-04-01", "country_from": "BH", "country_to": "GR", "value": "0", "unit": "kg"}, {"date": "2020-05-01", "country_from": "BH", "country_to": "GR", "value": "0", "unit": "kg"}, {"date": "2020-06-01", "country_from": "BH", "country_to": "GR", "value": "0", "unit": "kg"}, {"date": "2020-07-01", "country_from": "BH", "country_to": "GR", "value": "0", "unit": "kg"}, {"date": "2018-12-01", "country_from": "BH", "country_to": "-", "value": "0", "unit": "kg"}, {"date": "2019-01-01", "country_from": "BH", "country_to": "-", "value": "200", "unit": "kg"}, {"date": "2019-02-01", "country_from": "BH", "country_to": "-", "value": "0", "unit": "kg"}, {"date": "2019-03-01", "country_from": "BH", "country_to": "-", "value": "0", "unit": "kg"}, {"date": "2019-04-01", "country_from": "BH", "country_to": "-", "value": "0", "unit": "kg"}, {"date": "2019-05-01", "country_from": "BH", "country_to": "-", "value": "425", "unit": "kg"}, {"date": "2019-06-01", "country_from": "BH", "country_to": "-", "value": "0", "unit": "kg"}, {"date": "2019-07-01", "country_from": "BH", "country_to": "-", "value": "0", "unit": "kg"}, {"date": "2019-08-01", "country_from": "BH", "country_to": "-", "value": "0", "unit": "kg"}, {"date": "2019-09-01", "country_from": "BH", "country_to": "-", "value": "0", "unit": "kg"}, {"date": "2019-10-01", "country_from": "BH", "country_to": "-", "value": "0", "unit": "kg"}, {"date": "2019-11-01", "country_from": "BH", "country_to": "-", "value": "0", "unit": "kg"}, {"date": "2019-12-01", "country_from": "BH", "country_to": "-", "value": "0", "unit": "kg"}, {"date": "2020-01-01", "country_from": "BH", "country_to": "-", "value": "0", "unit": "kg"}, {"date": "2020-02-01", "country_from": "BH", "country_to": "-", "value": "0", "unit": "kg"}, {"date": "2020-03-01", "country_from": "BH", "country_to": "-", "value": "230", "unit": "kg"}, {"date": "2020-04-01", "country_from": "BH", "country_to": "-", "value": "0", "unit": "kg"}, {"date": "2020-05-01", "country_from": "BH", "country_to": "-", "value": "0", "unit": "kg"}, {"date": "2020-06-01", "country_from": "BH", "country_to": "-", "value": "0", "unit": "kg"}, {"date": "2020-07-01", "country_from": "BH", "country_to": "-", "value": "0", "unit": "kg"}, {"date": "2018-12-01", "country_from": "BH", "country_to": "IQ", "value": "0", "unit": "kg"}, {"date": "2019-01-01", "country_from": "BH", "country_to": "IQ", "value": "0", "unit": "kg"}, {"date": "2019-02-01", "country_from": "BH", "country_to": "IQ", "value": "0", "unit": "kg"}, {"date": "2019-03-01", "country_from": "BH", "country_to": "IQ", "value": "0", "unit": "kg"}, {"date": "2019-04-01", "country_from": "BH", "country_to": "IQ", "value": "0", "unit": "kg"}, {"date": "2019-05-01", "country_from": "BH", "country_to": "IQ", "value": "0", "unit": "kg"}, {"date": "2019-06-01", "country_from": "BH", "country_to": "IQ", "value": "0", "unit": "kg"}, {"date": "2019-07-01", "country_from": "BH", "country_to": "IQ", "value": "0", "unit": "kg"}, {"date": "2019-08-01", "country_from": "BH", "country_to": "IQ", "value": "0", "unit": "kg"}, {"date": "2019-09-01", "country_from": "BH", "country_to": "IQ", "value": "0", "unit": "kg"}, {"date": "2019-10-01", "country_from": "BH", "country_to": "IQ", "value": "7200", "unit": "kg"}, {"date": "2019-11-01", "country_from": "BH", "country_to": "IQ", "value": "0", "unit": "kg"}, {"date": "2019-12-01", "country_from": "BH", "country_to": "IQ", "value": "0", "unit": "kg"}, {"date": "2020-01-01", "country_from": "BH", "country_to": "IQ", "value": "0", "unit": "kg"}, {"date": "2020-02-01", "country_from": "BH", "country_to": "IQ", "value": "0", "unit": "kg"}, {"date": "2020-03-01", "country_from": "BH", "country_to": "IQ", "value": "0", "unit": "kg"}, {"date": "2020-04-01", "country_from": "BH", "country_to": "IQ", "value": "0", "unit": "kg"}, {"date": "2020-05-01", "country_from": "BH", "country_to": "IQ", "value": "0", "unit": "kg"}, {"date": "2020-06-01", "country_from": "BH", "country_to": "IQ", "value": "0", "unit": "kg"}, {"date": "2020-07-01", "country_from": "BH", "country_to": "IQ", "value": "0", "unit": "kg"}, {"date": "2018-12-01", "country_from": "BH", "country_to": "KW", "value": "0", "unit": "kg"}, {"date": "2019-01-01", "country_from": "BH", "country_to": "KW", "value": "0", "unit": "kg"}, {"date": "2019-02-01", "country_from": "BH", "country_to": "KW", "value": "3540", "unit": "kg"}, {"date": "2019-03-01", "country_from": "BH", "country_to": "KW", "value": "0", "unit": "kg"}, {"date": "2019-04-01", "country_from": "BH", "country_to": "KW", "value": "0", "unit": "kg"}, {"date": "2019-05-01", "country_from": "BH", "country_to": "KW", "value": "0", "unit": "kg"}, {"date": "2019-06-01", "country_from": "BH", "country_to": "KW", "value": "0", "unit": "kg"}, {"date": "2019-07-01", "country_from": "BH", "country_to": "KW", "value": "0", "unit": "kg"}, {"date": "2019-08-01", "country_from": "BH", "country_to": "KW", "value": "0", "unit": "kg"}, {"date": "2019-09-01", "country_from": "BH", "country_to": "KW", "value": "0", "unit": "kg"}, {"date": "2019-10-01", "country_from": "BH", "country_to": "KW", "value": "0", "unit": "kg"}, {"date": "2019-11-01", "country_from": "BH", "country_to": "KW", "value": "2090", "unit": "kg"}, {"date": "2019-12-01", "country_from": "BH", "country_to": "KW", "value": "0", "unit": "kg"}, {"date": "2020-01-01", "country_from": "BH", "country_to": "KW", "value": "0", "unit": "kg"}, {"date": "2020-02-01", "country_from": "BH", "country_to": "KW", "value": "0", "unit": "kg"}, {"date": "2020-03-01", "country_from": "BH", "country_to": "KW", "value": "0", "unit": "kg"}, {"date": "2020-04-01", "country_from": "BH", "country_to": "KW", "value": "0", "unit": "kg"}, {"date": "2020-05-01", "country_from": "BH", "country_to": "KW", "value": "0", "unit": "kg"}, {"date": "2020-06-01", "country_from": "BH", "country_to": "KW", "value": "0", "unit": "kg"}, {"date": "2020-07-01", "country_from": "BH", "country_to": "KW", "value": "0", "unit": "kg"}, {"date": "2018-12-01", "country_from": "BH", "country_to": "LR", "value": "0", "unit": "kg"}, {"date": "2019-01-01", "country_from": "BH", "country_to": "LR", "value": "0", "unit": "kg"}, {"date": "2019-02-01", "country_from": "BH", "country_to": "LR", "value": "230", "unit": "kg"}, {"date": "2019-03-01", "country_from": "BH", "country_to": "LR", "value": "0", "unit": "kg"}, {"date": "2019-04-01", "country_from": "BH", "country_to": "LR", "value": "580", "unit": "kg"}, {"date": "2019-05-01", "country_from": "BH", "country_to": "LR", "value": "0", "unit": "kg"}, {"date": "2019-06-01", "country_from": "BH", "country_to": "LR", "value": "0", "unit": "kg"}, {"date": "2019-07-01", "country_from": "BH", "country_to": "LR", "value": "0", "unit": "kg"}, {"date": "2019-08-01", "country_from": "BH", "country_to": "LR", "value": "0", "unit": "kg"}, {"date": "2019-09-01", "country_from": "BH", "country_to": "LR", "value": "0", "unit": "kg"}, {"date": "2019-10-01", "country_from": "BH", "country_to": "LR", "value": "0", "unit": "kg"}, {"date": "2019-11-01", "country_from": "BH", "country_to": "LR", "value": "0", "unit": "kg"}, {"date": "2019-12-01", "country_from": "BH", "country_to": "LR", "value": "350", "unit": "kg"}, {"date": "2020-01-01", "country_from": "BH", "country_to": "LR", "value": "150", "unit": "kg"}, {"date": "2020-02-01", "country_from": "BH", "country_to": "LR", "value": "700", "unit": "kg"}, {"date": "2020-03-01", "country_from": "BH", "country_to": "LR", "value": "0", "unit": "kg"}, {"date": "2020-04-01", "country_from": "BH", "country_to": "LR", "value": "313", "unit": "kg"}, {"date": "2020-05-01", "country_from": "BH", "country_to": "LR", "value": "0", "unit": "kg"}, {"date": "2020-06-01", "country_from": "BH", "country_to": "LR", "value": "0", "unit": "kg"}, {"date": "2020-07-01", "country_from": "BH", "country_to": "LR", "value": "0", "unit": "kg"}, {"date": "2018-12-01", "country_from": "BH", "country_to": "MG", "value": "0", "unit": "kg"}, {"date": "2019-01-01", "country_from": "BH", "country_to": "MG", "value": "0", "unit": "kg"}, {"date": "2019-02-01", "country_from": "BH", "country_to": "MG", "value": "0", "unit": "kg"}, {"date": "2019-03-01", "country_from": "BH", "country_to": "MG", "value": "0", "unit": "kg"}, {"date": "2019-04-01", "country_from": "BH", "country_to": "MG", "value": "25000", "unit": "kg"}, {"date": "2019-05-01", "country_from": "BH", "country_to": "MG", "value": "0", "unit": "kg"}, {"date": "2019-06-01", "country_from": "BH", "country_to": "MG", "value": "0", "unit": "kg"}, {"date": "2019-07-01", "country_from": "BH", "country_to": "MG", "value": "0", "unit": "kg"}, {"date": "2019-08-01", "country_from": "BH", "country_to": "MG", "value": "0", "unit": "kg"}, {"date": "2019-09-01", "country_from": "BH", "country_to": "MG", "value": "0", "unit": "kg"}, {"date": "2019-10-01", "country_from": "BH", "country_to": "MG", "value": "0", "unit": "kg"}, {"date": "2019-11-01", "country_from": "BH", "country_to": "MG", "value": "0", "unit": "kg"}, {"date": "2019-12-01", "country_from": "BH", "country_to": "MG", "value": "0", "unit": "kg"}, {"date": "2020-01-01", "country_from": "BH", "country_to": "MG", "value": "0", "unit": "kg"}, {"date": "2020-02-01", "country_from": "BH", "country_to": "MG", "value": "0", "unit": "kg"}, {"date": "2020-03-01", "country_from": "BH", "country_to": "MG", "value": "0", "unit": "kg"}, {"date": "2020-04-01", "country_from": "BH", "country_to": "MG", "value": "0", "unit": "kg"}, {"date": "2020-05-01", "country_from": "BH", "country_to": "MG", "value": "0", "unit": "kg"}, {"date": "2020-06-01", "country_from": "BH", "country_to": "MG", "value": "0", "unit": "kg"}, {"date": "2020-07-01", "country_from": "BH", "country_to": "MG", "value": "0", "unit": "kg"}, {"date": "2018-12-01", "country_from": "BH", "country_to": "MT", "value": "0", "unit": "kg"}, {"date": "2019-01-01", "country_from": "BH", "country_to": "MT", "value": "0", "unit": "kg"}, {"date": "2019-02-01", "country_from": "BH", "country_to": "MT", "value": "0", "unit": "kg"}, {"date": "2019-03-01", "country_from": "BH", "country_to": "MT", "value": "0", "unit": "kg"}, {"date": "2019-04-01", "country_from": "BH", "country_to": "MT", "value": "0", "unit": "kg"}, {"date": "2019-05-01", "country_from": "BH", "country_to": "MT", "value": "350", "unit": "kg"}, {"date": "2019-06-01", "country_from": "BH", "country_to": "MT", "value": "0", "unit": "kg"}, {"date": "2019-07-01", "country_from": "BH", "country_to": "MT", "value": "0", "unit": "kg"}, {"date": "2019-08-01", "country_from": "BH", "country_to": "MT", "value": "0", "unit": "kg"}, {"date": "2019-09-01", "country_from": "BH", "country_to": "MT", "value": "0", "unit": "kg"}, {"date": "2019-10-01", "country_from": "BH", "country_to": "MT", "value": "0", "unit": "kg"}, {"date": "2019-11-01", "country_from": "BH", "country_to": "MT", "value": "0", "unit": "kg"}, {"date": "2019-12-01", "country_from": "BH", "country_to": "MT", "value": "0", "unit": "kg"}, {"date": "2020-01-01", "country_from": "BH", "country_to": "MT", "value": "0", "unit": "kg"}, {"date": "2020-02-01", "country_from": "BH", "country_to": "MT", "value": "152", "unit": "kg"}, {"date": "2020-03-01", "country_from": "BH", "country_to": "MT", "value": "355", "unit": "kg"}, {"date": "2020-04-01", "country_from": "BH", "country_to": "MT", "value": "250", "unit": "kg"}, {"date": "2020-05-01", "country_from": "BH", "country_to": "MT", "value": "0", "unit": "kg"}, {"date": "2020-06-01", "country_from": "BH", "country_to": "MT", "value": "0", "unit": "kg"}, {"date": "2020-07-01", "country_from": "BH", "country_to": "MT", "value": "0", "unit": "kg"}, {"date": "2018-12-01", "country_from": "BH", "country_to": "VU", "value": "0", "unit": "kg"}, {"date": "2019-01-01", "country_from": "BH", "country_to": "VU", "value": "0", "unit": "kg"}, {"date": "2019-02-01", "country_from": "BH", "country_to": "VU", "value": "0", "unit": "kg"}, {"date": "2019-03-01", "country_from": "BH", "country_to": "VU", "value": "0", "unit": "kg"}, {"date": "2019-04-01", "country_from": "BH", "country_to": "VU", "value": "0", "unit": "kg"}, {"date": "2019-05-01", "country_from": "BH", "country_to": "VU", "value": "0", "unit": "kg"}, {"date": "2019-06-01", "country_from": "BH", "country_to": "VU", "value": "0", "unit": "kg"}, {"date": "2019-07-01", "country_from": "BH", "country_to": "VU", "value": "0", "unit": "kg"}, {"date": "2019-08-01", "country_from": "BH", "country_to": "VU", "value": "0", "unit": "kg"}, {"date": "2019-09-01", "country_from": "BH", "country_to": "VU", "value": "0", "unit": "kg"}, {"date": "2019-10-01", "country_from": "BH", "country_to": "VU", "value": "0", "unit": "kg"}, {"date": "2019-11-01", "country_from": "BH", "country_to": "VU", "value": "0", "unit": "kg"}, {"date": "2019-12-01", "country_from": "BH", "country_to": "VU", "value": "0", "unit": "kg"}, {"date": "2020-01-01", "country_from": "BH", "country_to": "VU", "value": "0", "unit": "kg"}, {"date": "2020-02-01", "country_from": "BH", "country_to": "VU", "value": "0", "unit": "kg"}, {"date": "2020-03-01", "country_from": "BH", "country_to": "VU", "value": "210", "unit": "kg"}, {"date": "2020-04-01", "country_from": "BH", "country_to": "VU", "value": "0", "unit": "kg"}, {"date": "2020-05-01", "country_from": "BH", "country_to": "VU", "value": "0", "unit": "kg"}, {"date": "2020-06-01", "country_from": "BH", "country_to": "VU", "value": "0", "unit": "kg"}, {"date": "2020-07-01", "country_from": "BH", "country_to": "VU", "value": "0", "unit": "kg"}, {"date": "2018-12-01", "country_from": "BH", "country_to": "NO", "value": "300", "unit": "kg"}, {"date": "2019-01-01", "country_from": "BH", "country_to": "NO", "value": "0", "unit": "kg"}, {"date": "2019-02-01", "country_from": "BH", "country_to": "NO", "value": "0", "unit": "kg"}, {"date": "2019-03-01", "country_from": "BH", "country_to": "NO", "value": "0", "unit": "kg"}, {"date": "2019-04-01", "country_from": "BH", "country_to": "NO", "value": "0", "unit": "kg"}, {"date": "2019-05-01", "country_from": "BH", "country_to": "NO", "value": "0", "unit": "kg"}, {"date": "2019-06-01", "country_from": "BH", "country_to": "NO", "value": "0", "unit": "kg"}, {"date": "2019-07-01", "country_from": "BH", "country_to": "NO", "value": "0", "unit": "kg"}, {"date": "2019-08-01", "country_from": "BH", "country_to": "NO", "value": "0", "unit": "kg"}, {"date": "2019-09-01", "country_from": "BH", "country_to": "NO", "value": "0", "unit": "kg"}, {"date": "2019-10-01", "country_from": "BH", "country_to": "NO", "value": "0", "unit": "kg"}, {"date": "2019-11-01", "country_from": "BH", "country_to": "NO", "value": "0", "unit": "kg"}, {"date": "2019-12-01", "country_from": "BH", "country_to": "NO", "value": "0", "unit": "kg"}, {"date": "2020-01-01", "country_from": "BH", "country_to": "NO", "value": "0", "unit": "kg"}, {"date": "2020-02-01", "country_from": "BH", "country_to": "NO", "value": "0", "unit": "kg"}, {"date": "2020-03-01", "country_from": "BH", "country_to": "NO", "value": "0", "unit": "kg"}, {"date": "2020-04-01", "country_from": "BH", "country_to": "NO", "value": "0", "unit": "kg"}, {"date": "2020-05-01", "country_from": "BH", "country_to": "NO", "value": "0", "unit": "kg"}, {"date": "2020-06-01", "country_from": "BH", "country_to": "NO", "value": "0", "unit": "kg"}, {"date": "2020-07-01", "country_from": "BH", "country_to": "NO", "value": "0", "unit": "kg"}, {"date": "2018-12-01", "country_from": "BH", "country_to": "MH", "value": "0", "unit": "kg"}, {"date": "2019-01-01", "country_from": "BH", "country_to": "MH", "value": "0", "unit": "kg"}, {"date": "2019-02-01", "country_from": "BH", "country_to": "MH", "value": "0", "unit": "kg"}, {"date": "2019-03-01", "country_from": "BH", "country_to": "MH", "value": "0", "unit": "kg"}, {"date": "2019-04-01", "country_from": "BH", "country_to": "MH", "value": "0", "unit": "kg"}, {"date": "2019-05-01", "country_from": "BH", "country_to": "MH", "value": "0", "unit": "kg"}, {"date": "2019-06-01", "country_from": "BH", "country_to": "MH", "value": "0", "unit": "kg"}, {"date": "2019-07-01", "country_from": "BH", "country_to": "MH", "value": "0", "unit": "kg"}, {"date": "2019-08-01", "country_from": "BH", "country_to": "MH", "value": "0", "unit": "kg"}, {"date": "2019-09-01", "country_from": "BH", "country_to": "MH", "value": "0", "unit": "kg"}, {"date": "2019-10-01", "country_from": "BH", "country_to": "MH", "value": "0", "unit": "kg"}, {"date": "2019-11-01", "country_from": "BH", "country_to": "MH", "value": "0", "unit": "kg"}, {"date": "2019-12-01", "country_from": "BH", "country_to": "MH", "value": "0", "unit": "kg"}, {"date": "2020-01-01", "country_from": "BH", "country_to": "MH", "value": "1070", "unit": "kg"}, {"date": "2020-02-01", "country_from": "BH", "country_to": "MH", "value": "200", "unit": "kg"}, {"date": "2020-03-01", "country_from": "BH", "country_to": "MH", "value": "190", "unit": "kg"}, {"date": "2020-04-01", "country_from": "BH", "country_to": "MH", "value": "0", "unit": "kg"}, {"date": "2020-05-01", "country_from": "BH", "country_to": "MH", "value": "0", "unit": "kg"}, {"date": "2020-06-01", "country_from": "BH", "country_to": "MH", "value": "0", "unit": "kg"}, {"date": "2020-07-01", "country_from": "BH", "country_to": "MH", "value": "0", "unit": "kg"}, {"date": "2018-12-01", "country_from": "BH", "country_to": "PK", "value": "0", "unit": "kg"}, {"date": "2019-01-01", "country_from": "BH", "country_to": "PK", "value": "0", "unit": "kg"}, {"date": "2019-02-01", "country_from": "BH", "country_to": "PK", "value": "0", "unit": "kg"}, {"date": "2019-03-01", "country_from": "BH", "country_to": "PK", "value": "0", "unit": "kg"}, {"date": "2019-04-01", "country_from": "BH", "country_to": "PK", "value": "0", "unit": "kg"}, {"date": "2019-05-01", "country_from": "BH", "country_to": "PK", "value": "0", "unit": "kg"}, {"date": "2019-06-01", "country_from": "BH", "country_to": "PK", "value": "0", "unit": "kg"}, {"date": "2019-07-01", "country_from": "BH", "country_to": "PK", "value": "0", "unit": "kg"}, {"date": "2019-08-01", "country_from": "BH", "country_to": "PK", "value": "0", "unit": "kg"}, {"date": "2019-09-01", "country_from": "BH", "country_to": "PK", "value": "0", "unit": "kg"}, {"date": "2019-10-01", "country_from": "BH", "country_to": "PK", "value": "0", "unit": "kg"}, {"date": "2019-11-01", "country_from": "BH", "country_to": "PK", "value": "0", "unit": "kg"}, {"date": "2019-12-01", "country_from": "BH", "country_to": "PK", "value": "0", "unit": "kg"}, {"date": "2020-01-01", "country_from": "BH", "country_to": "PK", "value": "0", "unit": "kg"}, {"date": "2020-02-01", "country_from": "BH", "country_to": "PK", "value": "0", "unit": "kg"}, {"date": "2020-03-01", "country_from": "BH", "country_to": "PK", "value": "0", "unit": "kg"}, {"date": "2020-04-01", "country_from": "BH", "country_to": "PK", "value": "24760", "unit": "kg"}, {"date": "2020-05-01", "country_from": "BH", "country_to": "PK", "value": "0", "unit": "kg"}, {"date": "2020-06-01", "country_from": "BH", "country_to": "PK", "value": "0", "unit": "kg"}, {"date": "2020-07-01", "country_from": "BH", "country_to": "PK", "value": "0", "unit": "kg"}, {"date": "2018-12-01", "country_from": "BH", "country_to": "PA", "value": "0", "unit": "kg"}, {"date": "2019-01-01", "country_from": "BH", "country_to": "PA", "value": "495", "unit": "kg"}, {"date": "2019-02-01", "country_from": "BH", "country_to": "PA", "value": "725", "unit": "kg"}, {"date": "2019-03-01", "country_from": "BH", "country_to": "PA", "value": "420", "unit": "kg"}, {"date": "2019-04-01", "country_from": "BH", "country_to": "PA", "value": "200", "unit": "kg"}, {"date": "2019-05-01", "country_from": "BH", "country_to": "PA", "value": "560", "unit": "kg"}, {"date": "2019-06-01", "country_from": "BH", "country_to": "PA", "value": "0", "unit": "kg"}, {"date": "2019-07-01", "country_from": "BH", "country_to": "PA", "value": "0", "unit": "kg"}, {"date": "2019-08-01", "country_from": "BH", "country_to": "PA", "value": "0", "unit": "kg"}, {"date": "2019-09-01", "country_from": "BH", "country_to": "PA", "value": "0", "unit": "kg"}, {"date": "2019-10-01", "country_from": "BH", "country_to": "PA", "value": "0", "unit": "kg"}, {"date": "2019-11-01", "country_from": "BH", "country_to": "PA", "value": "0", "unit": "kg"}, {"date": "2019-12-01", "country_from": "BH", "country_to": "PA", "value": "0", "unit": "kg"}, {"date": "2020-01-01", "country_from": "BH", "country_to": "PA", "value": "200", "unit": "kg"}, {"date": "2020-02-01", "country_from": "BH", "country_to": "PA", "value": "0", "unit": "kg"}, {"date": "2020-03-01", "country_from": "BH", "country_to": "PA", "value": "0", "unit": "kg"}, {"date": "2020-04-01", "country_from": "BH", "country_to": "PA", "value": "0", "unit": "kg"}, {"date": "2020-05-01", "country_from": "BH", "country_to": "PA", "value": "0", "unit": "kg"}, {"date": "2020-06-01", "country_from": "BH", "country_to": "PA", "value": "0", "unit": "kg"}, {"date": "2020-07-01", "country_from": "BH", "country_to": "PA", "value": "0", "unit": "kg"}]