[{"date": "2018-10-01", "country_from": "SE", "country_to": "NO", "value": "1179", "unit": "kg"}, {"date": "2018-11-01", "country_from": "SE", "country_to": "NO", "value": "2415", "unit": "kg"}, {"date": "2018-12-01", "country_from": "SE", "country_to": "NO", "value": "584", "unit": "kg"}, {"date": "2019-01-01", "country_from": "SE", "country_to": "NO", "value": "3360", "unit": "kg"}, {"date": "2019-02-01", "country_from": "SE", "country_to": "NO", "value": "1111", "unit": "kg"}, {"date": "2019-03-01", "country_from": "SE", "country_to": "NO", "value": "205", "unit": "kg"}, {"date": "2019-04-01", "country_from": "SE", "country_to": "NO", "value": "1827", "unit": "kg"}, {"date": "2019-05-01", "country_from": "SE", "country_to": "NO", "value": "2728", "unit": "kg"}, {"date": "2019-06-01", "country_from": "SE", "country_to": "NO", "value": "1100", "unit": "kg"}, {"date": "2019-07-01", "country_from": "SE", "country_to": "NO", "value": "2288", "unit": "kg"}, {"date": "2019-08-01", "country_from": "SE", "country_to": "NO", "value": "0", "unit": "kg"}, {"date": "2019-09-01", "country_from": "SE", "country_to": "NO", "value": "5217", "unit": "kg"}, {"date": "2019-10-01", "country_from": "SE", "country_to": "NO", "value": "1321", "unit": "kg"}, {"date": "2019-11-01", "country_from": "SE", "country_to": "NO", "value": "1792", "unit": "kg"}, {"date": "2019-12-01", "country_from": "SE", "country_to": "NO", "value": "0", "unit": "kg"}, {"date": "2020-01-01", "country_from": "SE", "country_to": "NO", "value": "1255", "unit": "kg"}, {"date": "2020-02-01", "country_from": "SE", "country_to": "NO", "value": "3443", "unit": "kg"}, {"date": "2020-03-01", "country_from": "SE", "country_to": "NO", "value": "391", "unit": "kg"}, {"date": "2020-04-01", "country_from": "SE", "country_to": "NO", "value": "2767", "unit": "kg"}, {"date": "2020-05-01", "country_from": "SE", "country_to": "NO", "value": "602", "unit": "kg"}, {"date": "2018-10-01", "country_from": "SE", "country_to": "FI", "value": "60", "unit": "kg"}, {"date": "2018-11-01", "country_from": "SE", "country_to": "FI", "value": "372", "unit": "kg"}, {"date": "2018-12-01", "country_from": "SE", "country_to": "FI", "value": "1968", "unit": "kg"}, {"date": "2019-01-01", "country_from": "SE", "country_to": "FI", "value": "504", "unit": "kg"}, {"date": "2019-02-01", "country_from": "SE", "country_to": "FI", "value": "120", "unit": "kg"}, {"date": "2019-03-01", "country_from": "SE", "country_to": "FI", "value": "2397", "unit": "kg"}, {"date": "2019-04-01", "country_from": "SE", "country_to": "FI", "value": "244", "unit": "kg"}, {"date": "2019-05-01", "country_from": "SE", "country_to": "FI", "value": "264", "unit": "kg"}, {"date": "2019-06-01", "country_from": "SE", "country_to": "FI", "value": "0", "unit": "kg"}, {"date": "2019-07-01", "country_from": "SE", "country_to": "FI", "value": "0", "unit": "kg"}, {"date": "2019-08-01", "country_from": "SE", "country_to": "FI", "value": "384", "unit": "kg"}, {"date": "2019-09-01", "country_from": "SE", "country_to": "FI", "value": "0", "unit": "kg"}, {"date": "2019-10-01", "country_from": "SE", "country_to": "FI", "value": "240", "unit": "kg"}, {"date": "2019-11-01", "country_from": "SE", "country_to": "FI", "value": "289", "unit": "kg"}, {"date": "2019-12-01", "country_from": "SE", "country_to": "FI", "value": "256", "unit": "kg"}, {"date": "2020-01-01", "country_from": "SE", "country_to": "FI", "value": "300", "unit": "kg"}, {"date": "2020-02-01", "country_from": "SE", "country_to": "FI", "value": "0", "unit": "kg"}, {"date": "2020-03-01", "country_from": "SE", "country_to": "FI", "value": "485", "unit": "kg"}, {"date": "2020-04-01", "country_from": "SE", "country_to": "FI", "value": "258", "unit": "kg"}, {"date": "2020-05-01", "country_from": "SE", "country_to": "FI", "value": "502", "unit": "kg"}, {"date": "2018-10-01", "country_from": "SE", "country_to": "IS", "value": "0", "unit": "kg"}, {"date": "2018-11-01", "country_from": "SE", "country_to": "IS", "value": "0", "unit": "kg"}, {"date": "2018-12-01", "country_from": "SE", "country_to": "IS", "value": "0", "unit": "kg"}, {"date": "2019-01-01", "country_from": "SE", "country_to": "IS", "value": "0", "unit": "kg"}, {"date": "2019-02-01", "country_from": "SE", "country_to": "IS", "value": "0", "unit": "kg"}, {"date": "2019-03-01", "country_from": "SE", "country_to": "IS", "value": "0", "unit": "kg"}, {"date": "2019-04-01", "country_from": "SE", "country_to": "IS", "value": "0", "unit": "kg"}, {"date": "2019-05-01", "country_from": "SE", "country_to": "IS", "value": "0", "unit": "kg"}, {"date": "2019-06-01", "country_from": "SE", "country_to": "IS", "value": "0", "unit": "kg"}, {"date": "2019-07-01", "country_from": "SE", "country_to": "IS", "value": "0", "unit": "kg"}, {"date": "2019-08-01", "country_from": "SE", "country_to": "IS", "value": "0", "unit": "kg"}, {"date": "2019-09-01", "country_from": "SE", "country_to": "IS", "value": "0", "unit": "kg"}, {"date": "2019-10-01", "country_from": "SE", "country_to": "IS", "value": "0", "unit": "kg"}, {"date": "2019-11-01", "country_from": "SE", "country_to": "IS", "value": "0", "unit": "kg"}, {"date": "2019-12-01", "country_from": "SE", "country_to": "IS", "value": "0", "unit": "kg"}, {"date": "2020-01-01", "country_from": "SE", "country_to": "IS", "value": "0", "unit": "kg"}, {"date": "2020-02-01", "country_from": "SE", "country_to": "IS", "value": "0", "unit": "kg"}, {"date": "2020-03-01", "country_from": "SE", "country_to": "IS", "value": "0", "unit": "kg"}, {"date": "2020-04-01", "country_from": "SE", "country_to": "IS", "value": "0", "unit": "kg"}, {"date": "2020-05-01", "country_from": "SE", "country_to": "IS", "value": "404", "unit": "kg"}, {"date": "2018-10-01", "country_from": "SE", "country_to": "DK", "value": "40", "unit": "kg"}, {"date": "2018-11-01", "country_from": "SE", "country_to": "DK", "value": "40", "unit": "kg"}, {"date": "2018-12-01", "country_from": "SE", "country_to": "DK", "value": "0", "unit": "kg"}, {"date": "2019-01-01", "country_from": "SE", "country_to": "DK", "value": "497", "unit": "kg"}, {"date": "2019-02-01", "country_from": "SE", "country_to": "DK", "value": "22", "unit": "kg"}, {"date": "2019-03-01", "country_from": "SE", "country_to": "DK", "value": "6", "unit": "kg"}, {"date": "2019-04-01", "country_from": "SE", "country_to": "DK", "value": "0", "unit": "kg"}, {"date": "2019-05-01", "country_from": "SE", "country_to": "DK", "value": "2", "unit": "kg"}, {"date": "2019-06-01", "country_from": "SE", "country_to": "DK", "value": "3", "unit": "kg"}, {"date": "2019-07-01", "country_from": "SE", "country_to": "DK", "value": "0", "unit": "kg"}, {"date": "2019-08-01", "country_from": "SE", "country_to": "DK", "value": "1", "unit": "kg"}, {"date": "2019-09-01", "country_from": "SE", "country_to": "DK", "value": "0", "unit": "kg"}, {"date": "2019-10-01", "country_from": "SE", "country_to": "DK", "value": "62", "unit": "kg"}, {"date": "2019-11-01", "country_from": "SE", "country_to": "DK", "value": "31", "unit": "kg"}, {"date": "2019-12-01", "country_from": "SE", "country_to": "DK", "value": "2", "unit": "kg"}, {"date": "2020-01-01", "country_from": "SE", "country_to": "DK", "value": "118", "unit": "kg"}, {"date": "2020-02-01", "country_from": "SE", "country_to": "DK", "value": "116", "unit": "kg"}, {"date": "2020-03-01", "country_from": "SE", "country_to": "DK", "value": "31", "unit": "kg"}, {"date": "2020-04-01", "country_from": "SE", "country_to": "DK", "value": "0", "unit": "kg"}, {"date": "2020-05-01", "country_from": "SE", "country_to": "DK", "value": "4", "unit": "kg"}, {"date": "2018-10-01", "country_from": "SE", "country_to": "DE", "value": "0", "unit": "kg"}, {"date": "2018-11-01", "country_from": "SE", "country_to": "DE", "value": "750", "unit": "kg"}, {"date": "2018-12-01", "country_from": "SE", "country_to": "DE", "value": "0", "unit": "kg"}, {"date": "2019-01-01", "country_from": "SE", "country_to": "DE", "value": "0", "unit": "kg"}, {"date": "2019-02-01", "country_from": "SE", "country_to": "DE", "value": "0", "unit": "kg"}, {"date": "2019-03-01", "country_from": "SE", "country_to": "DE", "value": "0", "unit": "kg"}, {"date": "2019-04-01", "country_from": "SE", "country_to": "DE", "value": "0", "unit": "kg"}, {"date": "2019-05-01", "country_from": "SE", "country_to": "DE", "value": "0", "unit": "kg"}, {"date": "2019-06-01", "country_from": "SE", "country_to": "DE", "value": "0", "unit": "kg"}, {"date": "2019-07-01", "country_from": "SE", "country_to": "DE", "value": "0", "unit": "kg"}, {"date": "2019-08-01", "country_from": "SE", "country_to": "DE", "value": "0", "unit": "kg"}, {"date": "2019-09-01", "country_from": "SE", "country_to": "DE", "value": "0", "unit": "kg"}, {"date": "2019-10-01", "country_from": "SE", "country_to": "DE", "value": "0", "unit": "kg"}, {"date": "2019-11-01", "country_from": "SE", "country_to": "DE", "value": "0", "unit": "kg"}, {"date": "2019-12-01", "country_from": "SE", "country_to": "DE", "value": "572", "unit": "kg"}, {"date": "2020-01-01", "country_from": "SE", "country_to": "DE", "value": "0", "unit": "kg"}, {"date": "2020-02-01", "country_from": "SE", "country_to": "DE", "value": "0", "unit": "kg"}, {"date": "2020-03-01", "country_from": "SE", "country_to": "DE", "value": "0", "unit": "kg"}, {"date": "2020-04-01", "country_from": "SE", "country_to": "DE", "value": "0", "unit": "kg"}, {"date": "2020-05-01", "country_from": "SE", "country_to": "DE", "value": "0", "unit": "kg"}, {"date": "2018-10-01", "country_from": "SE", "country_to": "IT", "value": "0", "unit": "kg"}, {"date": "2018-11-01", "country_from": "SE", "country_to": "IT", "value": "0", "unit": "kg"}, {"date": "2018-12-01", "country_from": "SE", "country_to": "IT", "value": "0", "unit": "kg"}, {"date": "2019-01-01", "country_from": "SE", "country_to": "IT", "value": "0", "unit": "kg"}, {"date": "2019-02-01", "country_from": "SE", "country_to": "IT", "value": "0", "unit": "kg"}, {"date": "2019-03-01", "country_from": "SE", "country_to": "IT", "value": "0", "unit": "kg"}, {"date": "2019-04-01", "country_from": "SE", "country_to": "IT", "value": "0", "unit": "kg"}, {"date": "2019-05-01", "country_from": "SE", "country_to": "IT", "value": "0", "unit": "kg"}, {"date": "2019-06-01", "country_from": "SE", "country_to": "IT", "value": "0", "unit": "kg"}, {"date": "2019-07-01", "country_from": "SE", "country_to": "IT", "value": "0", "unit": "kg"}, {"date": "2019-08-01", "country_from": "SE", "country_to": "IT", "value": "250", "unit": "kg"}, {"date": "2019-09-01", "country_from": "SE", "country_to": "IT", "value": "0", "unit": "kg"}, {"date": "2019-10-01", "country_from": "SE", "country_to": "IT", "value": "0", "unit": "kg"}, {"date": "2019-11-01", "country_from": "SE", "country_to": "IT", "value": "0", "unit": "kg"}, {"date": "2019-12-01", "country_from": "SE", "country_to": "IT", "value": "0", "unit": "kg"}, {"date": "2020-01-01", "country_from": "SE", "country_to": "IT", "value": "0", "unit": "kg"}, {"date": "2020-02-01", "country_from": "SE", "country_to": "IT", "value": "0", "unit": "kg"}, {"date": "2020-03-01", "country_from": "SE", "country_to": "IT", "value": "0", "unit": "kg"}, {"date": "2020-04-01", "country_from": "SE", "country_to": "IT", "value": "0", "unit": "kg"}, {"date": "2020-05-01", "country_from": "SE", "country_to": "IT", "value": "0", "unit": "kg"}, {"date": "2018-10-01", "country_from": "SE", "country_to": "TR", "value": "0", "unit": "kg"}, {"date": "2018-11-01", "country_from": "SE", "country_to": "TR", "value": "0", "unit": "kg"}, {"date": "2018-12-01", "country_from": "SE", "country_to": "TR", "value": "0", "unit": "kg"}, {"date": "2019-01-01", "country_from": "SE", "country_to": "TR", "value": "0", "unit": "kg"}, {"date": "2019-02-01", "country_from": "SE", "country_to": "TR", "value": "0", "unit": "kg"}, {"date": "2019-03-01", "country_from": "SE", "country_to": "TR", "value": "0", "unit": "kg"}, {"date": "2019-04-01", "country_from": "SE", "country_to": "TR", "value": "0", "unit": "kg"}, {"date": "2019-05-01", "country_from": "SE", "country_to": "TR", "value": "0", "unit": "kg"}, {"date": "2019-06-01", "country_from": "SE", "country_to": "TR", "value": "0", "unit": "kg"}, {"date": "2019-07-01", "country_from": "SE", "country_to": "TR", "value": "0", "unit": "kg"}, {"date": "2019-08-01", "country_from": "SE", "country_to": "TR", "value": "0", "unit": "kg"}, {"date": "2019-09-01", "country_from": "SE", "country_to": "TR", "value": "0", "unit": "kg"}, {"date": "2019-10-01", "country_from": "SE", "country_to": "TR", "value": "0", "unit": "kg"}, {"date": "2019-11-01", "country_from": "SE", "country_to": "TR", "value": "920", "unit": "kg"}, {"date": "2019-12-01", "country_from": "SE", "country_to": "TR", "value": "0", "unit": "kg"}, {"date": "2020-01-01", "country_from": "SE", "country_to": "TR", "value": "0", "unit": "kg"}, {"date": "2020-02-01", "country_from": "SE", "country_to": "TR", "value": "0", "unit": "kg"}, {"date": "2020-03-01", "country_from": "SE", "country_to": "TR", "value": "0", "unit": "kg"}, {"date": "2020-04-01", "country_from": "SE", "country_to": "TR", "value": "0", "unit": "kg"}, {"date": "2020-05-01", "country_from": "SE", "country_to": "TR", "value": "0", "unit": "kg"}, {"date": "2018-10-01", "country_from": "SE", "country_to": "-", "value": "0", "unit": "kg"}, {"date": "2018-11-01", "country_from": "SE", "country_to": "-", "value": "0", "unit": "kg"}, {"date": "2018-12-01", "country_from": "SE", "country_to": "-", "value": "0", "unit": "kg"}, {"date": "2019-01-01", "country_from": "SE", "country_to": "-", "value": "0", "unit": "kg"}, {"date": "2019-02-01", "country_from": "SE", "country_to": "-", "value": "0", "unit": "kg"}, {"date": "2019-03-01", "country_from": "SE", "country_to": "-", "value": "0", "unit": "kg"}, {"date": "2019-04-01", "country_from": "SE", "country_to": "-", "value": "0", "unit": "kg"}, {"date": "2019-05-01", "country_from": "SE", "country_to": "-", "value": "0", "unit": "kg"}, {"date": "2019-06-01", "country_from": "SE", "country_to": "-", "value": "720", "unit": "kg"}, {"date": "2019-07-01", "country_from": "SE", "country_to": "-", "value": "980", "unit": "kg"}, {"date": "2019-08-01", "country_from": "SE", "country_to": "-", "value": "890", "unit": "kg"}, {"date": "2019-09-01", "country_from": "SE", "country_to": "-", "value": "510", "unit": "kg"}, {"date": "2019-10-01", "country_from": "SE", "country_to": "-", "value": "530", "unit": "kg"}, {"date": "2019-11-01", "country_from": "SE", "country_to": "-", "value": "580", "unit": "kg"}, {"date": "2019-12-01", "country_from": "SE", "country_to": "-", "value": "670", "unit": "kg"}, {"date": "2020-01-01", "country_from": "SE", "country_to": "-", "value": "790", "unit": "kg"}, {"date": "2020-02-01", "country_from": "SE", "country_to": "-", "value": "710", "unit": "kg"}, {"date": "2020-03-01", "country_from": "SE", "country_to": "-", "value": "900", "unit": "kg"}, {"date": "2020-04-01", "country_from": "SE", "country_to": "-", "value": "0", "unit": "kg"}, {"date": "2020-05-01", "country_from": "SE", "country_to": "-", "value": "0", "unit": "kg"}]