[{"date": "2017-05-01", "country": "Congo", "value": "0", "unit": "kg"}, {"date": "2017-06-01", "country": "Congo", "value": "0", "unit": "kg"}, {"date": "2017-07-01", "country": "Congo", "value": "0", "unit": "kg"}, {"date": "2017-08-01", "country": "Congo", "value": "0", "unit": "kg"}, {"date": "2017-09-01", "country": "Congo", "value": "0", "unit": "kg"}, {"date": "2017-10-01", "country": "Congo", "value": "0", "unit": "kg"}, {"date": "2017-11-01", "country": "Congo", "value": "0", "unit": "kg"}, {"date": "2017-12-01", "country": "Congo", "value": "0", "unit": "kg"}, {"date": "2018-01-01", "country": "Congo", "value": "0", "unit": "kg"}, {"date": "2018-02-01", "country": "Congo", "value": "0", "unit": "kg"}, {"date": "2018-03-01", "country": "Congo", "value": "0", "unit": "kg"}, {"date": "2018-04-01", "country": "Congo", "value": "0", "unit": "kg"}, {"date": "2018-05-01", "country": "Congo", "value": "0", "unit": "kg"}, {"date": "2018-06-01", "country": "Congo", "value": "500", "unit": "kg"}, {"date": "2018-07-01", "country": "Congo", "value": "0", "unit": "kg"}, {"date": "2018-08-01", "country": "Congo", "value": "0", "unit": "kg"}, {"date": "2018-09-01", "country": "Congo", "value": "0", "unit": "kg"}, {"date": "2018-10-01", "country": "Congo", "value": "0", "unit": "kg"}, {"date": "2017-05-01", "country": "France", "value": "0", "unit": "kg"}, {"date": "2017-06-01", "country": "France", "value": "0", "unit": "kg"}, {"date": "2017-07-01", "country": "France", "value": "0", "unit": "kg"}, {"date": "2017-08-01", "country": "France", "value": "0", "unit": "kg"}, {"date": "2017-09-01", "country": "France", "value": "0", "unit": "kg"}, {"date": "2017-10-01", "country": "France", "value": "0", "unit": "kg"}, {"date": "2017-11-01", "country": "France", "value": "0", "unit": "kg"}, {"date": "2017-12-01", "country": "France", "value": "0", "unit": "kg"}, {"date": "2018-01-01", "country": "France", "value": "0", "unit": "kg"}, {"date": "2018-02-01", "country": "France", "value": "99", "unit": "kg"}, {"date": "2018-03-01", "country": "France", "value": "27", "unit": "kg"}, {"date": "2018-04-01", "country": "France", "value": "0", "unit": "kg"}, {"date": "2018-05-01", "country": "France", "value": "0", "unit": "kg"}, {"date": "2018-06-01", "country": "France", "value": "72", "unit": "kg"}, {"date": "2018-07-01", "country": "France", "value": "74", "unit": "kg"}, {"date": "2018-08-01", "country": "France", "value": "0", "unit": "kg"}, {"date": "2018-09-01", "country": "France", "value": "10", "unit": "kg"}, {"date": "2018-10-01", "country": "France", "value": "0", "unit": "kg"}, {"date": "2017-05-01", "country": "Ghana", "value": "0", "unit": "kg"}, {"date": "2017-06-01", "country": "Ghana", "value": "0", "unit": "kg"}, {"date": "2017-07-01", "country": "Ghana", "value": "0", "unit": "kg"}, {"date": "2017-08-01", "country": "Ghana", "value": "0", "unit": "kg"}, {"date": "2017-09-01", "country": "Ghana", "value": "0", "unit": "kg"}, {"date": "2017-10-01", "country": "Ghana", "value": "0", "unit": "kg"}, {"date": "2017-11-01", "country": "Ghana", "value": "0", "unit": "kg"}, {"date": "2017-12-01", "country": "Ghana", "value": "0", "unit": "kg"}, {"date": "2018-01-01", "country": "Ghana", "value": "0", "unit": "kg"}, {"date": "2018-02-01", "country": "Ghana", "value": "0", "unit": "kg"}, {"date": "2018-03-01", "country": "Ghana", "value": "0", "unit": "kg"}, {"date": "2018-04-01", "country": "Ghana", "value": "0", "unit": "kg"}, {"date": "2018-05-01", "country": "Ghana", "value": "319300", "unit": "kg"}, {"date": "2018-06-01", "country": "Ghana", "value": "149700", "unit": "kg"}, {"date": "2018-07-01", "country": "Ghana", "value": "0", "unit": "kg"}, {"date": "2018-08-01", "country": "Ghana", "value": "0", "unit": "kg"}, {"date": "2018-09-01", "country": "Ghana", "value": "0", "unit": "kg"}, {"date": "2018-10-01", "country": "Ghana", "value": "0", "unit": "kg"}, {"date": "2017-05-01", "country": "Mali", "value": "0", "unit": "kg"}, {"date": "2017-06-01", "country": "Mali", "value": "0", "unit": "kg"}, {"date": "2017-07-01", "country": "Mali", "value": "0", "unit": "kg"}, {"date": "2017-08-01", "country": "Mali", "value": "0", "unit": "kg"}, {"date": "2017-09-01", "country": "Mali", "value": "0", "unit": "kg"}, {"date": "2017-10-01", "country": "Mali", "value": "0", "unit": "kg"}, {"date": "2017-11-01", "country": "Mali", "value": "0", "unit": "kg"}, {"date": "2017-12-01", "country": "Mali", "value": "70000", "unit": "kg"}, {"date": "2018-01-01", "country": "Mali", "value": "0", "unit": "kg"}, {"date": "2018-02-01", "country": "Mali", "value": "0", "unit": "kg"}, {"date": "2018-03-01", "country": "Mali", "value": "0", "unit": "kg"}, {"date": "2018-04-01", "country": "Mali", "value": "0", "unit": "kg"}, {"date": "2018-05-01", "country": "Mali", "value": "0", "unit": "kg"}, {"date": "2018-06-01", "country": "Mali", "value": "0", "unit": "kg"}, {"date": "2018-07-01", "country": "Mali", "value": "0", "unit": "kg"}, {"date": "2018-08-01", "country": "Mali", "value": "0", "unit": "kg"}, {"date": "2018-09-01", "country": "Mali", "value": "0", "unit": "kg"}, {"date": "2018-10-01", "country": "Mali", "value": "0", "unit": "kg"}, {"date": "2017-05-01", "country": "Burkina Faso", "value": "0", "unit": "kg"}, {"date": "2017-06-01", "country": "Burkina Faso", "value": "4000", "unit": "kg"}, {"date": "2017-07-01", "country": "Burkina Faso", "value": "0", "unit": "kg"}, {"date": "2017-08-01", "country": "Burkina Faso", "value": "0", "unit": "kg"}, {"date": "2017-09-01", "country": "Burkina Faso", "value": "0", "unit": "kg"}, {"date": "2017-10-01", "country": "Burkina Faso", "value": "0", "unit": "kg"}, {"date": "2017-11-01", "country": "Burkina Faso", "value": "0", "unit": "kg"}, {"date": "2017-12-01", "country": "Burkina Faso", "value": "0", "unit": "kg"}, {"date": "2018-01-01", "country": "Burkina Faso", "value": "79200", "unit": "kg"}, {"date": "2018-02-01", "country": "Burkina Faso", "value": "0", "unit": "kg"}, {"date": "2018-03-01", "country": "Burkina Faso", "value": "0", "unit": "kg"}, {"date": "2018-04-01", "country": "Burkina Faso", "value": "0", "unit": "kg"}, {"date": "2018-05-01", "country": "Burkina Faso", "value": "0", "unit": "kg"}, {"date": "2018-06-01", "country": "Burkina Faso", "value": "0", "unit": "kg"}, {"date": "2018-07-01", "country": "Burkina Faso", "value": "0", "unit": "kg"}, {"date": "2018-08-01", "country": "Burkina Faso", "value": "0", "unit": "kg"}, {"date": "2018-09-01", "country": "Burkina Faso", "value": "0", "unit": "kg"}, {"date": "2018-10-01", "country": "Burkina Faso", "value": "0", "unit": "kg"}, {"date": "2017-05-01", "country": "Area Nes", "value": "0", "unit": "kg"}, {"date": "2017-06-01", "country": "Area Nes", "value": "0", "unit": "kg"}, {"date": "2017-07-01", "country": "Area Nes", "value": "0", "unit": "kg"}, {"date": "2017-08-01", "country": "Area Nes", "value": "0", "unit": "kg"}, {"date": "2017-09-01", "country": "Area Nes", "value": "0", "unit": "kg"}, {"date": "2017-10-01", "country": "Area Nes", "value": "0", "unit": "kg"}, {"date": "2017-11-01", "country": "Area Nes", "value": "0", "unit": "kg"}, {"date": "2017-12-01", "country": "Area Nes", "value": "0", "unit": "kg"}, {"date": "2018-01-01", "country": "Area Nes", "value": "0", "unit": "kg"}, {"date": "2018-02-01", "country": "Area Nes", "value": "0", "unit": "kg"}, {"date": "2018-03-01", "country": "Area Nes", "value": "250", "unit": "kg"}, {"date": "2018-04-01", "country": "Area Nes", "value": "0", "unit": "kg"}, {"date": "2018-05-01", "country": "Area Nes", "value": "0", "unit": "kg"}, {"date": "2018-06-01", "country": "Area Nes", "value": "0", "unit": "kg"}, {"date": "2018-07-01", "country": "Area Nes", "value": "0", "unit": "kg"}, {"date": "2018-08-01", "country": "Area Nes", "value": "0", "unit": "kg"}, {"date": "2018-09-01", "country": "Area Nes", "value": "0", "unit": "kg"}, {"date": "2018-10-01", "country": "Area Nes", "value": "0", "unit": "kg"}]