[{"date": "2019-05-01", "country_from": "MM", "country_to": "FR", "value": "100000", "unit": "kg"}, {"date": "2019-07-01", "country_from": "MM", "country_to": "FR", "value": "245280", "unit": "kg"}, {"date": "2019-09-01", "country_from": "MM", "country_to": "FR", "value": "349980", "unit": "kg"}, {"date": "2019-10-01", "country_from": "MM", "country_to": "FR", "value": "499980", "unit": "kg"}, {"date": "2019-11-01", "country_from": "MM", "country_to": "FR", "value": "500000", "unit": "kg"}, {"date": "2019-12-01", "country_from": "MM", "country_to": "FR", "value": "973700", "unit": "kg"}, {"date": "2020-01-01", "country_from": "MM", "country_to": "FR", "value": "699980", "unit": "kg"}, {"date": "2020-02-01", "country_from": "MM", "country_to": "FR", "value": "1324980", "unit": "kg"}, {"date": "2020-03-01", "country_from": "MM", "country_to": "FR", "value": "125000", "unit": "kg"}, {"date": "2020-04-01", "country_from": "MM", "country_to": "FR", "value": "500000", "unit": "kg"}, {"date": "2020-05-01", "country_from": "MM", "country_to": "FR", "value": "350000", "unit": "kg"}, {"date": "2020-07-01", "country_from": "MM", "country_to": "FR", "value": "500000", "unit": "kg"}, {"date": "2020-08-01", "country_from": "MM", "country_to": "FR", "value": "1000000", "unit": "kg"}, {"date": "2019-04-01", "country_from": "MM", "country_to": "GB", "value": "100000", "unit": "kg"}, {"date": "2019-05-01", "country_from": "MM", "country_to": "GB", "value": "500000", "unit": "kg"}, {"date": "2019-06-01", "country_from": "MM", "country_to": "GB", "value": "250000", "unit": "kg"}, {"date": "2019-07-01", "country_from": "MM", "country_to": "GB", "value": "900000", "unit": "kg"}, {"date": "2019-08-01", "country_from": "MM", "country_to": "GB", "value": "980000", "unit": "kg"}, {"date": "2019-09-01", "country_from": "MM", "country_to": "GB", "value": "1740000", "unit": "kg"}, {"date": "2019-10-01", "country_from": "MM", "country_to": "GB", "value": "2330000", "unit": "kg"}, {"date": "2019-11-01", "country_from": "MM", "country_to": "GB", "value": "788000", "unit": "kg"}, {"date": "2019-12-01", "country_from": "MM", "country_to": "GB", "value": "1875000", "unit": "kg"}, {"date": "2020-01-01", "country_from": "MM", "country_to": "GB", "value": "1350000", "unit": "kg"}, {"date": "2020-02-01", "country_from": "MM", "country_to": "GB", "value": "750000", "unit": "kg"}, {"date": "2020-03-01", "country_from": "MM", "country_to": "GB", "value": "2275000", "unit": "kg"}, {"date": "2020-04-01", "country_from": "MM", "country_to": "GB", "value": "1750000", "unit": "kg"}, {"date": "2020-05-01", "country_from": "MM", "country_to": "GB", "value": "650000", "unit": "kg"}, {"date": "2020-06-01", "country_from": "MM", "country_to": "GB", "value": "1650000", "unit": "kg"}, {"date": "2020-07-01", "country_from": "MM", "country_to": "GB", "value": "750000", "unit": "kg"}, {"date": "2020-08-01", "country_from": "MM", "country_to": "GB", "value": "500000", "unit": "kg"}, {"date": "2019-08-01", "country_from": "MM", "country_to": "BE", "value": "248740", "unit": "kg"}, {"date": "2019-09-01", "country_from": "MM", "country_to": "BE", "value": "500000", "unit": "kg"}, {"date": "2019-10-01", "country_from": "MM", "country_to": "BE", "value": "750000", "unit": "kg"}, {"date": "2019-11-01", "country_from": "MM", "country_to": "BE", "value": "997760", "unit": "kg"}, {"date": "2019-12-01", "country_from": "MM", "country_to": "BE", "value": "1522040", "unit": "kg"}, {"date": "2020-01-01", "country_from": "MM", "country_to": "BE", "value": "1223600", "unit": "kg"}, {"date": "2020-03-01", "country_from": "MM", "country_to": "BE", "value": "499160", "unit": "kg"}, {"date": "2020-04-01", "country_from": "MM", "country_to": "BE", "value": "2245940", "unit": "kg"}, {"date": "2020-05-01", "country_from": "MM", "country_to": "BE", "value": "751600", "unit": "kg"}, {"date": "2019-05-01", "country_from": "MM", "country_to": "BG", "value": "100000", "unit": "kg"}, {"date": "2019-06-01", "country_from": "MM", "country_to": "BG", "value": "75000", "unit": "kg"}, {"date": "2019-09-01", "country_from": "MM", "country_to": "BG", "value": "150000", "unit": "kg"}, {"date": "2020-01-01", "country_from": "MM", "country_to": "BG", "value": "72000", "unit": "kg"}, {"date": "2020-03-01", "country_from": "MM", "country_to": "BG", "value": "72000", "unit": "kg"}, {"date": "2020-06-01", "country_from": "MM", "country_to": "DE", "value": "100", "unit": "kg"}, {"date": "2019-06-01", "country_from": "MM", "country_to": "GR", "value": "250000", "unit": "kg"}, {"date": "2019-07-01", "country_from": "MM", "country_to": "GR", "value": "250000", "unit": "kg"}, {"date": "2019-08-01", "country_from": "MM", "country_to": "GR", "value": "250000", "unit": "kg"}, {"date": "2019-09-01", "country_from": "MM", "country_to": "GR", "value": "250000", "unit": "kg"}, {"date": "2019-10-01", "country_from": "MM", "country_to": "GR", "value": "250000", "unit": "kg"}, {"date": "2020-01-01", "country_from": "MM", "country_to": "GR", "value": "50000", "unit": "kg"}, {"date": "2020-03-01", "country_from": "MM", "country_to": "GR", "value": "250000", "unit": "kg"}, {"date": "2020-05-01", "country_from": "MM", "country_to": "GR", "value": "300000", "unit": "kg"}, {"date": "2019-07-01", "country_from": "MM", "country_to": "HU", "value": "25000", "unit": "kg"}, {"date": "2020-05-01", "country_from": "MM", "country_to": "HU", "value": "25000", "unit": "kg"}, {"date": "2019-07-01", "country_from": "MM", "country_to": "IT", "value": "500000", "unit": "kg"}, {"date": "2020-03-01", "country_from": "MM", "country_to": "IT", "value": "125000", "unit": "kg"}, {"date": "2019-12-01", "country_from": "MM", "country_to": "LT", "value": "25000", "unit": "kg"}, {"date": "2020-02-01", "country_from": "MM", "country_to": "MG", "value": "250000", "unit": "kg"}, {"date": "2019-06-01", "country_from": "MM", "country_to": "NL", "value": "225000", "unit": "kg"}, {"date": "2019-07-01", "country_from": "MM", "country_to": "NL", "value": "1250000", "unit": "kg"}, {"date": "2019-09-01", "country_from": "MM", "country_to": "NL", "value": "2100000", "unit": "kg"}, {"date": "2019-10-01", "country_from": "MM", "country_to": "NL", "value": "225000", "unit": "kg"}, {"date": "2020-05-01", "country_from": "MM", "country_to": "NL", "value": "200000", "unit": "kg"}, {"date": "2019-06-01", "country_from": "MM", "country_to": "PL", "value": "400000", "unit": "kg"}, {"date": "2019-07-01", "country_from": "MM", "country_to": "PL", "value": "1125000", "unit": "kg"}, {"date": "2019-08-01", "country_from": "MM", "country_to": "PL", "value": "1050000", "unit": "kg"}, {"date": "2019-09-01", "country_from": "MM", "country_to": "PL", "value": "875000", "unit": "kg"}, {"date": "2019-11-01", "country_from": "MM", "country_to": "PL", "value": "725000", "unit": "kg"}, {"date": "2020-02-01", "country_from": "MM", "country_to": "PL", "value": "1100000", "unit": "kg"}, {"date": "2020-03-01", "country_from": "MM", "country_to": "PL", "value": "500000", "unit": "kg"}, {"date": "2020-04-01", "country_from": "MM", "country_to": "PL", "value": "750000", "unit": "kg"}, {"date": "2020-05-01", "country_from": "MM", "country_to": "PL", "value": "750000", "unit": "kg"}, {"date": "2019-07-01", "country_from": "MM", "country_to": "PT", "value": "250000", "unit": "kg"}, {"date": "2019-08-01", "country_from": "MM", "country_to": "PT", "value": "550000", "unit": "kg"}, {"date": "2019-09-01", "country_from": "MM", "country_to": "PT", "value": "550000", "unit": "kg"}, {"date": "2019-11-01", "country_from": "MM", "country_to": "PT", "value": "500000", "unit": "kg"}, {"date": "2019-12-01", "country_from": "MM", "country_to": "PT", "value": "375000", "unit": "kg"}, {"date": "2020-01-01", "country_from": "MM", "country_to": "PT", "value": "625000", "unit": "kg"}, {"date": "2020-02-01", "country_from": "MM", "country_to": "PT", "value": "750000", "unit": "kg"}, {"date": "2020-04-01", "country_from": "MM", "country_to": "PT", "value": "800000", "unit": "kg"}, {"date": "2020-05-01", "country_from": "MM", "country_to": "PT", "value": "475000", "unit": "kg"}, {"date": "2019-04-01", "country_from": "MM", "country_to": "SG", "value": "25", "unit": "kg"}, {"date": "2019-07-01", "country_from": "MM", "country_to": "SG", "value": "56", "unit": "kg"}, {"date": "2020-06-01", "country_from": "MM", "country_to": "SG", "value": "51", "unit": "kg"}, {"date": "2019-06-01", "country_from": "MM", "country_to": "ES", "value": "500000", "unit": "kg"}, {"date": "2019-07-01", "country_from": "MM", "country_to": "ES", "value": "250000", "unit": "kg"}, {"date": "2019-08-01", "country_from": "MM", "country_to": "ES", "value": "1750000", "unit": "kg"}, {"date": "2019-09-01", "country_from": "MM", "country_to": "ES", "value": "1000000", "unit": "kg"}, {"date": "2019-10-01", "country_from": "MM", "country_to": "ES", "value": "1950000", "unit": "kg"}, {"date": "2019-11-01", "country_from": "MM", "country_to": "ES", "value": "675000", "unit": "kg"}, {"date": "2020-04-01", "country_from": "MM", "country_to": "ES", "value": "1575000", "unit": "kg"}, {"date": "2020-05-01", "country_from": "MM", "country_to": "ES", "value": "1500000", "unit": "kg"}]