[{"date": "2018-10-01", "country_from": "HU", "country_to": "-", "value": "424", "unit": "kg"}, {"date": "2018-11-01", "country_from": "HU", "country_to": "-", "value": "318", "unit": "kg"}, {"date": "2018-12-01", "country_from": "HU", "country_to": "-", "value": "212", "unit": "kg"}, {"date": "2019-01-01", "country_from": "HU", "country_to": "-", "value": "742", "unit": "kg"}, {"date": "2019-02-01", "country_from": "HU", "country_to": "-", "value": "424", "unit": "kg"}, {"date": "2019-03-01", "country_from": "HU", "country_to": "-", "value": "212", "unit": "kg"}, {"date": "2019-04-01", "country_from": "HU", "country_to": "-", "value": "318", "unit": "kg"}, {"date": "2019-05-01", "country_from": "HU", "country_to": "-", "value": "954", "unit": "kg"}, {"date": "2019-06-01", "country_from": "HU", "country_to": "-", "value": "0", "unit": "kg"}, {"date": "2019-07-01", "country_from": "HU", "country_to": "-", "value": "424", "unit": "kg"}, {"date": "2019-08-01", "country_from": "HU", "country_to": "-", "value": "424", "unit": "kg"}, {"date": "2019-09-01", "country_from": "HU", "country_to": "-", "value": "318", "unit": "kg"}, {"date": "2019-10-01", "country_from": "HU", "country_to": "-", "value": "424", "unit": "kg"}, {"date": "2019-11-01", "country_from": "HU", "country_to": "-", "value": "742", "unit": "kg"}, {"date": "2019-12-01", "country_from": "HU", "country_to": "-", "value": "424", "unit": "kg"}, {"date": "2020-01-01", "country_from": "HU", "country_to": "-", "value": "954", "unit": "kg"}, {"date": "2020-02-01", "country_from": "HU", "country_to": "-", "value": "424", "unit": "kg"}, {"date": "2020-03-01", "country_from": "HU", "country_to": "-", "value": "0", "unit": "kg"}, {"date": "2020-04-01", "country_from": "HU", "country_to": "-", "value": "0", "unit": "kg"}, {"date": "2020-05-01", "country_from": "HU", "country_to": "-", "value": "1441", "unit": "kg"}, {"date": "2018-10-01", "country_from": "HU", "country_to": "BG", "value": "0", "unit": "kg"}, {"date": "2018-11-01", "country_from": "HU", "country_to": "BG", "value": "328", "unit": "kg"}, {"date": "2018-12-01", "country_from": "HU", "country_to": "BG", "value": "0", "unit": "kg"}, {"date": "2019-01-01", "country_from": "HU", "country_to": "BG", "value": "0", "unit": "kg"}, {"date": "2019-02-01", "country_from": "HU", "country_to": "BG", "value": "381", "unit": "kg"}, {"date": "2019-03-01", "country_from": "HU", "country_to": "BG", "value": "251", "unit": "kg"}, {"date": "2019-04-01", "country_from": "HU", "country_to": "BG", "value": "0", "unit": "kg"}, {"date": "2019-05-01", "country_from": "HU", "country_to": "BG", "value": "0", "unit": "kg"}, {"date": "2019-06-01", "country_from": "HU", "country_to": "BG", "value": "316", "unit": "kg"}, {"date": "2019-07-01", "country_from": "HU", "country_to": "BG", "value": "0", "unit": "kg"}, {"date": "2019-08-01", "country_from": "HU", "country_to": "BG", "value": "0", "unit": "kg"}, {"date": "2019-09-01", "country_from": "HU", "country_to": "BG", "value": "434", "unit": "kg"}, {"date": "2019-10-01", "country_from": "HU", "country_to": "BG", "value": "450", "unit": "kg"}, {"date": "2019-11-01", "country_from": "HU", "country_to": "BG", "value": "0", "unit": "kg"}, {"date": "2019-12-01", "country_from": "HU", "country_to": "BG", "value": "0", "unit": "kg"}, {"date": "2020-01-01", "country_from": "HU", "country_to": "BG", "value": "0", "unit": "kg"}, {"date": "2020-02-01", "country_from": "HU", "country_to": "BG", "value": "0", "unit": "kg"}, {"date": "2020-03-01", "country_from": "HU", "country_to": "BG", "value": "0", "unit": "kg"}, {"date": "2020-04-01", "country_from": "HU", "country_to": "BG", "value": "0", "unit": "kg"}, {"date": "2020-05-01", "country_from": "HU", "country_to": "BG", "value": "708", "unit": "kg"}, {"date": "2018-10-01", "country_from": "HU", "country_to": "SI", "value": "786", "unit": "kg"}, {"date": "2018-11-01", "country_from": "HU", "country_to": "SI", "value": "595", "unit": "kg"}, {"date": "2018-12-01", "country_from": "HU", "country_to": "SI", "value": "889", "unit": "kg"}, {"date": "2019-01-01", "country_from": "HU", "country_to": "SI", "value": "541", "unit": "kg"}, {"date": "2019-02-01", "country_from": "HU", "country_to": "SI", "value": "471", "unit": "kg"}, {"date": "2019-03-01", "country_from": "HU", "country_to": "SI", "value": "383", "unit": "kg"}, {"date": "2019-04-01", "country_from": "HU", "country_to": "SI", "value": "891", "unit": "kg"}, {"date": "2019-05-01", "country_from": "HU", "country_to": "SI", "value": "595", "unit": "kg"}, {"date": "2019-06-01", "country_from": "HU", "country_to": "SI", "value": "0", "unit": "kg"}, {"date": "2019-07-01", "country_from": "HU", "country_to": "SI", "value": "318", "unit": "kg"}, {"date": "2019-08-01", "country_from": "HU", "country_to": "SI", "value": "994", "unit": "kg"}, {"date": "2019-09-01", "country_from": "HU", "country_to": "SI", "value": "277", "unit": "kg"}, {"date": "2019-10-01", "country_from": "HU", "country_to": "SI", "value": "593", "unit": "kg"}, {"date": "2019-11-01", "country_from": "HU", "country_to": "SI", "value": "1166", "unit": "kg"}, {"date": "2019-12-01", "country_from": "HU", "country_to": "SI", "value": "468", "unit": "kg"}, {"date": "2020-01-01", "country_from": "HU", "country_to": "SI", "value": "0", "unit": "kg"}, {"date": "2020-02-01", "country_from": "HU", "country_to": "SI", "value": "297", "unit": "kg"}, {"date": "2020-03-01", "country_from": "HU", "country_to": "SI", "value": "398", "unit": "kg"}, {"date": "2020-04-01", "country_from": "HU", "country_to": "SI", "value": "0", "unit": "kg"}, {"date": "2020-05-01", "country_from": "HU", "country_to": "SI", "value": "509", "unit": "kg"}, {"date": "2018-10-01", "country_from": "HU", "country_to": "HR", "value": "0", "unit": "kg"}, {"date": "2018-11-01", "country_from": "HU", "country_to": "HR", "value": "0", "unit": "kg"}, {"date": "2018-12-01", "country_from": "HU", "country_to": "HR", "value": "0", "unit": "kg"}, {"date": "2019-01-01", "country_from": "HU", "country_to": "HR", "value": "0", "unit": "kg"}, {"date": "2019-02-01", "country_from": "HU", "country_to": "HR", "value": "0", "unit": "kg"}, {"date": "2019-03-01", "country_from": "HU", "country_to": "HR", "value": "0", "unit": "kg"}, {"date": "2019-04-01", "country_from": "HU", "country_to": "HR", "value": "0", "unit": "kg"}, {"date": "2019-05-01", "country_from": "HU", "country_to": "HR", "value": "0", "unit": "kg"}, {"date": "2019-06-01", "country_from": "HU", "country_to": "HR", "value": "0", "unit": "kg"}, {"date": "2019-07-01", "country_from": "HU", "country_to": "HR", "value": "775", "unit": "kg"}, {"date": "2019-08-01", "country_from": "HU", "country_to": "HR", "value": "0", "unit": "kg"}, {"date": "2019-09-01", "country_from": "HU", "country_to": "HR", "value": "0", "unit": "kg"}, {"date": "2019-10-01", "country_from": "HU", "country_to": "HR", "value": "1700", "unit": "kg"}, {"date": "2019-11-01", "country_from": "HU", "country_to": "HR", "value": "0", "unit": "kg"}, {"date": "2019-12-01", "country_from": "HU", "country_to": "HR", "value": "0", "unit": "kg"}, {"date": "2020-01-01", "country_from": "HU", "country_to": "HR", "value": "800", "unit": "kg"}, {"date": "2020-02-01", "country_from": "HU", "country_to": "HR", "value": "1629", "unit": "kg"}, {"date": "2020-03-01", "country_from": "HU", "country_to": "HR", "value": "1212", "unit": "kg"}, {"date": "2020-04-01", "country_from": "HU", "country_to": "HR", "value": "0", "unit": "kg"}, {"date": "2020-05-01", "country_from": "HU", "country_to": "HR", "value": "0", "unit": "kg"}, {"date": "2018-10-01", "country_from": "HU", "country_to": "BA", "value": "392", "unit": "kg"}, {"date": "2018-11-01", "country_from": "HU", "country_to": "BA", "value": "412", "unit": "kg"}, {"date": "2018-12-01", "country_from": "HU", "country_to": "BA", "value": "735", "unit": "kg"}, {"date": "2019-01-01", "country_from": "HU", "country_to": "BA", "value": "284", "unit": "kg"}, {"date": "2019-02-01", "country_from": "HU", "country_to": "BA", "value": "0", "unit": "kg"}, {"date": "2019-03-01", "country_from": "HU", "country_to": "BA", "value": "920", "unit": "kg"}, {"date": "2019-04-01", "country_from": "HU", "country_to": "BA", "value": "303", "unit": "kg"}, {"date": "2019-05-01", "country_from": "HU", "country_to": "BA", "value": "284", "unit": "kg"}, {"date": "2019-06-01", "country_from": "HU", "country_to": "BA", "value": "413", "unit": "kg"}, {"date": "2019-07-01", "country_from": "HU", "country_to": "BA", "value": "284", "unit": "kg"}, {"date": "2019-08-01", "country_from": "HU", "country_to": "BA", "value": "392", "unit": "kg"}, {"date": "2019-09-01", "country_from": "HU", "country_to": "BA", "value": "411", "unit": "kg"}, {"date": "2019-10-01", "country_from": "HU", "country_to": "BA", "value": "372", "unit": "kg"}, {"date": "2019-11-01", "country_from": "HU", "country_to": "BA", "value": "263", "unit": "kg"}, {"date": "2019-12-01", "country_from": "HU", "country_to": "BA", "value": "284", "unit": "kg"}, {"date": "2020-01-01", "country_from": "HU", "country_to": "BA", "value": "301", "unit": "kg"}, {"date": "2020-02-01", "country_from": "HU", "country_to": "BA", "value": "275", "unit": "kg"}, {"date": "2020-03-01", "country_from": "HU", "country_to": "BA", "value": "0", "unit": "kg"}, {"date": "2020-04-01", "country_from": "HU", "country_to": "BA", "value": "0", "unit": "kg"}, {"date": "2020-05-01", "country_from": "HU", "country_to": "BA", "value": "0", "unit": "kg"}, {"date": "2018-10-01", "country_from": "HU", "country_to": "IT", "value": "354", "unit": "kg"}, {"date": "2018-11-01", "country_from": "HU", "country_to": "IT", "value": "32", "unit": "kg"}, {"date": "2018-12-01", "country_from": "HU", "country_to": "IT", "value": "0", "unit": "kg"}, {"date": "2019-01-01", "country_from": "HU", "country_to": "IT", "value": "45", "unit": "kg"}, {"date": "2019-02-01", "country_from": "HU", "country_to": "IT", "value": "556", "unit": "kg"}, {"date": "2019-03-01", "country_from": "HU", "country_to": "IT", "value": "85", "unit": "kg"}, {"date": "2019-04-01", "country_from": "HU", "country_to": "IT", "value": "130", "unit": "kg"}, {"date": "2019-05-01", "country_from": "HU", "country_to": "IT", "value": "191", "unit": "kg"}, {"date": "2019-06-01", "country_from": "HU", "country_to": "IT", "value": "203", "unit": "kg"}, {"date": "2019-07-01", "country_from": "HU", "country_to": "IT", "value": "203", "unit": "kg"}, {"date": "2019-08-01", "country_from": "HU", "country_to": "IT", "value": "0", "unit": "kg"}, {"date": "2019-09-01", "country_from": "HU", "country_to": "IT", "value": "113", "unit": "kg"}, {"date": "2019-10-01", "country_from": "HU", "country_to": "IT", "value": "244", "unit": "kg"}, {"date": "2019-11-01", "country_from": "HU", "country_to": "IT", "value": "337", "unit": "kg"}, {"date": "2019-12-01", "country_from": "HU", "country_to": "IT", "value": "216", "unit": "kg"}, {"date": "2020-01-01", "country_from": "HU", "country_to": "IT", "value": "208", "unit": "kg"}, {"date": "2020-02-01", "country_from": "HU", "country_to": "IT", "value": "440", "unit": "kg"}, {"date": "2020-03-01", "country_from": "HU", "country_to": "IT", "value": "105", "unit": "kg"}, {"date": "2020-04-01", "country_from": "HU", "country_to": "IT", "value": "0", "unit": "kg"}, {"date": "2020-05-01", "country_from": "HU", "country_to": "IT", "value": "0", "unit": "kg"}, {"date": "2018-10-01", "country_from": "HU", "country_to": "RO", "value": "919", "unit": "kg"}, {"date": "2018-11-01", "country_from": "HU", "country_to": "RO", "value": "815", "unit": "kg"}, {"date": "2018-12-01", "country_from": "HU", "country_to": "RO", "value": "0", "unit": "kg"}, {"date": "2019-01-01", "country_from": "HU", "country_to": "RO", "value": "0", "unit": "kg"}, {"date": "2019-02-01", "country_from": "HU", "country_to": "RO", "value": "579", "unit": "kg"}, {"date": "2019-03-01", "country_from": "HU", "country_to": "RO", "value": "0", "unit": "kg"}, {"date": "2019-04-01", "country_from": "HU", "country_to": "RO", "value": "589", "unit": "kg"}, {"date": "2019-05-01", "country_from": "HU", "country_to": "RO", "value": "438", "unit": "kg"}, {"date": "2019-06-01", "country_from": "HU", "country_to": "RO", "value": "0", "unit": "kg"}, {"date": "2019-07-01", "country_from": "HU", "country_to": "RO", "value": "0", "unit": "kg"}, {"date": "2019-08-01", "country_from": "HU", "country_to": "RO", "value": "0", "unit": "kg"}, {"date": "2019-09-01", "country_from": "HU", "country_to": "RO", "value": "467", "unit": "kg"}, {"date": "2019-10-01", "country_from": "HU", "country_to": "RO", "value": "880", "unit": "kg"}, {"date": "2019-11-01", "country_from": "HU", "country_to": "RO", "value": "0", "unit": "kg"}, {"date": "2019-12-01", "country_from": "HU", "country_to": "RO", "value": "548", "unit": "kg"}, {"date": "2020-01-01", "country_from": "HU", "country_to": "RO", "value": "0", "unit": "kg"}, {"date": "2020-02-01", "country_from": "HU", "country_to": "RO", "value": "0", "unit": "kg"}, {"date": "2020-03-01", "country_from": "HU", "country_to": "RO", "value": "0", "unit": "kg"}, {"date": "2020-04-01", "country_from": "HU", "country_to": "RO", "value": "0", "unit": "kg"}, {"date": "2020-05-01", "country_from": "HU", "country_to": "RO", "value": "0", "unit": "kg"}, {"date": "2018-10-01", "country_from": "HU", "country_to": "RS", "value": "1050", "unit": "kg"}, {"date": "2018-11-01", "country_from": "HU", "country_to": "RS", "value": "0", "unit": "kg"}, {"date": "2018-12-01", "country_from": "HU", "country_to": "RS", "value": "432", "unit": "kg"}, {"date": "2019-01-01", "country_from": "HU", "country_to": "RS", "value": "0", "unit": "kg"}, {"date": "2019-02-01", "country_from": "HU", "country_to": "RS", "value": "0", "unit": "kg"}, {"date": "2019-03-01", "country_from": "HU", "country_to": "RS", "value": "1067", "unit": "kg"}, {"date": "2019-04-01", "country_from": "HU", "country_to": "RS", "value": "594", "unit": "kg"}, {"date": "2019-05-01", "country_from": "HU", "country_to": "RS", "value": "1130", "unit": "kg"}, {"date": "2019-06-01", "country_from": "HU", "country_to": "RS", "value": "697", "unit": "kg"}, {"date": "2019-07-01", "country_from": "HU", "country_to": "RS", "value": "896", "unit": "kg"}, {"date": "2019-08-01", "country_from": "HU", "country_to": "RS", "value": "478", "unit": "kg"}, {"date": "2019-09-01", "country_from": "HU", "country_to": "RS", "value": "404", "unit": "kg"}, {"date": "2019-10-01", "country_from": "HU", "country_to": "RS", "value": "453", "unit": "kg"}, {"date": "2019-11-01", "country_from": "HU", "country_to": "RS", "value": "0", "unit": "kg"}, {"date": "2019-12-01", "country_from": "HU", "country_to": "RS", "value": "579", "unit": "kg"}, {"date": "2020-01-01", "country_from": "HU", "country_to": "RS", "value": "242", "unit": "kg"}, {"date": "2020-02-01", "country_from": "HU", "country_to": "RS", "value": "962", "unit": "kg"}, {"date": "2020-03-01", "country_from": "HU", "country_to": "RS", "value": "261", "unit": "kg"}, {"date": "2020-04-01", "country_from": "HU", "country_to": "RS", "value": "0", "unit": "kg"}, {"date": "2020-05-01", "country_from": "HU", "country_to": "RS", "value": "0", "unit": "kg"}, {"date": "2018-10-01", "country_from": "HU", "country_to": "SK", "value": "0", "unit": "kg"}, {"date": "2018-11-01", "country_from": "HU", "country_to": "SK", "value": "352", "unit": "kg"}, {"date": "2018-12-01", "country_from": "HU", "country_to": "SK", "value": "180", "unit": "kg"}, {"date": "2019-01-01", "country_from": "HU", "country_to": "SK", "value": "669", "unit": "kg"}, {"date": "2019-02-01", "country_from": "HU", "country_to": "SK", "value": "341", "unit": "kg"}, {"date": "2019-03-01", "country_from": "HU", "country_to": "SK", "value": "341", "unit": "kg"}, {"date": "2019-04-01", "country_from": "HU", "country_to": "SK", "value": "1210", "unit": "kg"}, {"date": "2019-05-01", "country_from": "HU", "country_to": "SK", "value": "512", "unit": "kg"}, {"date": "2019-06-01", "country_from": "HU", "country_to": "SK", "value": "0", "unit": "kg"}, {"date": "2019-07-01", "country_from": "HU", "country_to": "SK", "value": "269", "unit": "kg"}, {"date": "2019-08-01", "country_from": "HU", "country_to": "SK", "value": "354", "unit": "kg"}, {"date": "2019-09-01", "country_from": "HU", "country_to": "SK", "value": "578", "unit": "kg"}, {"date": "2019-10-01", "country_from": "HU", "country_to": "SK", "value": "757", "unit": "kg"}, {"date": "2019-11-01", "country_from": "HU", "country_to": "SK", "value": "256", "unit": "kg"}, {"date": "2019-12-01", "country_from": "HU", "country_to": "SK", "value": "464", "unit": "kg"}, {"date": "2020-01-01", "country_from": "HU", "country_to": "SK", "value": "786", "unit": "kg"}, {"date": "2020-02-01", "country_from": "HU", "country_to": "SK", "value": "0", "unit": "kg"}, {"date": "2020-03-01", "country_from": "HU", "country_to": "SK", "value": "341", "unit": "kg"}, {"date": "2020-04-01", "country_from": "HU", "country_to": "SK", "value": "0", "unit": "kg"}, {"date": "2020-05-01", "country_from": "HU", "country_to": "SK", "value": "0", "unit": "kg"}]