[{"date": "2011-05-01", "country_from": "CM", "country_to": "TD", "value": "4200", "unit": "kg"}, {"date": "2011-06-01", "country_from": "CM", "country_to": "TD", "value": "1500", "unit": "kg"}, {"date": "2011-07-01", "country_from": "CM", "country_to": "TD", "value": "0", "unit": "kg"}, {"date": "2011-08-01", "country_from": "CM", "country_to": "TD", "value": "12000", "unit": "kg"}, {"date": "2011-09-01", "country_from": "CM", "country_to": "TD", "value": "1500", "unit": "kg"}, {"date": "2011-10-01", "country_from": "CM", "country_to": "TD", "value": "39000", "unit": "kg"}, {"date": "2011-11-01", "country_from": "CM", "country_to": "TD", "value": "55000", "unit": "kg"}, {"date": "2011-12-01", "country_from": "CM", "country_to": "TD", "value": "6500", "unit": "kg"}, {"date": "2012-01-01", "country_from": "CM", "country_to": "TD", "value": "0", "unit": "kg"}, {"date": "2012-02-01", "country_from": "CM", "country_to": "TD", "value": "0", "unit": "kg"}, {"date": "2012-03-01", "country_from": "CM", "country_to": "TD", "value": "0", "unit": "kg"}, {"date": "2012-04-01", "country_from": "CM", "country_to": "TD", "value": "0", "unit": "kg"}, {"date": "2012-05-01", "country_from": "CM", "country_to": "TD", "value": "0", "unit": "kg"}, {"date": "2012-06-01", "country_from": "CM", "country_to": "TD", "value": "0", "unit": "kg"}, {"date": "2012-07-01", "country_from": "CM", "country_to": "TD", "value": "0", "unit": "kg"}, {"date": "2012-08-01", "country_from": "CM", "country_to": "TD", "value": "0", "unit": "kg"}, {"date": "2012-09-01", "country_from": "CM", "country_to": "TD", "value": "0", "unit": "kg"}, {"date": "2012-10-01", "country_from": "CM", "country_to": "TD", "value": "0", "unit": "kg"}]