[{"date": "2018-10-01", "country_from": "PL", "country_to": "HU", "value": "0", "unit": "kg"}, {"date": "2018-11-01", "country_from": "PL", "country_to": "HU", "value": "0", "unit": "kg"}, {"date": "2018-12-01", "country_from": "PL", "country_to": "HU", "value": "0", "unit": "kg"}, {"date": "2019-01-01", "country_from": "PL", "country_to": "HU", "value": "0", "unit": "kg"}, {"date": "2019-02-01", "country_from": "PL", "country_to": "HU", "value": "500", "unit": "kg"}, {"date": "2019-03-01", "country_from": "PL", "country_to": "HU", "value": "0", "unit": "kg"}, {"date": "2019-04-01", "country_from": "PL", "country_to": "HU", "value": "0", "unit": "kg"}, {"date": "2019-05-01", "country_from": "PL", "country_to": "HU", "value": "0", "unit": "kg"}, {"date": "2019-06-01", "country_from": "PL", "country_to": "HU", "value": "0", "unit": "kg"}, {"date": "2019-07-01", "country_from": "PL", "country_to": "HU", "value": "0", "unit": "kg"}, {"date": "2019-08-01", "country_from": "PL", "country_to": "HU", "value": "0", "unit": "kg"}, {"date": "2019-09-01", "country_from": "PL", "country_to": "HU", "value": "0", "unit": "kg"}, {"date": "2019-10-01", "country_from": "PL", "country_to": "HU", "value": "0", "unit": "kg"}, {"date": "2019-11-01", "country_from": "PL", "country_to": "HU", "value": "0", "unit": "kg"}, {"date": "2019-12-01", "country_from": "PL", "country_to": "HU", "value": "0", "unit": "kg"}, {"date": "2020-01-01", "country_from": "PL", "country_to": "HU", "value": "0", "unit": "kg"}, {"date": "2020-02-01", "country_from": "PL", "country_to": "HU", "value": "1000", "unit": "kg"}, {"date": "2020-03-01", "country_from": "PL", "country_to": "HU", "value": "0", "unit": "kg"}, {"date": "2020-04-01", "country_from": "PL", "country_to": "HU", "value": "0", "unit": "kg"}, {"date": "2020-05-01", "country_from": "PL", "country_to": "HU", "value": "2000", "unit": "kg"}, {"date": "2018-10-01", "country_from": "PL", "country_to": "-", "value": "0", "unit": "kg"}, {"date": "2018-11-01", "country_from": "PL", "country_to": "-", "value": "0", "unit": "kg"}, {"date": "2018-12-01", "country_from": "PL", "country_to": "-", "value": "0", "unit": "kg"}, {"date": "2019-01-01", "country_from": "PL", "country_to": "-", "value": "9", "unit": "kg"}, {"date": "2019-02-01", "country_from": "PL", "country_to": "-", "value": "9", "unit": "kg"}, {"date": "2019-03-01", "country_from": "PL", "country_to": "-", "value": "0", "unit": "kg"}, {"date": "2019-04-01", "country_from": "PL", "country_to": "-", "value": "0", "unit": "kg"}, {"date": "2019-05-01", "country_from": "PL", "country_to": "-", "value": "526", "unit": "kg"}, {"date": "2019-06-01", "country_from": "PL", "country_to": "-", "value": "0", "unit": "kg"}, {"date": "2019-07-01", "country_from": "PL", "country_to": "-", "value": "0", "unit": "kg"}, {"date": "2019-08-01", "country_from": "PL", "country_to": "-", "value": "0", "unit": "kg"}, {"date": "2019-09-01", "country_from": "PL", "country_to": "-", "value": "0", "unit": "kg"}, {"date": "2019-10-01", "country_from": "PL", "country_to": "-", "value": "0", "unit": "kg"}, {"date": "2019-11-01", "country_from": "PL", "country_to": "-", "value": "0", "unit": "kg"}, {"date": "2019-12-01", "country_from": "PL", "country_to": "-", "value": "0", "unit": "kg"}, {"date": "2020-01-01", "country_from": "PL", "country_to": "-", "value": "75", "unit": "kg"}, {"date": "2020-02-01", "country_from": "PL", "country_to": "-", "value": "0", "unit": "kg"}, {"date": "2020-03-01", "country_from": "PL", "country_to": "-", "value": "24000", "unit": "kg"}, {"date": "2020-04-01", "country_from": "PL", "country_to": "-", "value": "0", "unit": "kg"}, {"date": "2020-05-01", "country_from": "PL", "country_to": "-", "value": "550", "unit": "kg"}, {"date": "2018-10-01", "country_from": "PL", "country_to": "DE", "value": "7650", "unit": "kg"}, {"date": "2018-11-01", "country_from": "PL", "country_to": "DE", "value": "0", "unit": "kg"}, {"date": "2018-12-01", "country_from": "PL", "country_to": "DE", "value": "1220", "unit": "kg"}, {"date": "2019-01-01", "country_from": "PL", "country_to": "DE", "value": "2427", "unit": "kg"}, {"date": "2019-02-01", "country_from": "PL", "country_to": "DE", "value": "3238", "unit": "kg"}, {"date": "2019-03-01", "country_from": "PL", "country_to": "DE", "value": "2324", "unit": "kg"}, {"date": "2019-04-01", "country_from": "PL", "country_to": "DE", "value": "1704", "unit": "kg"}, {"date": "2019-05-01", "country_from": "PL", "country_to": "DE", "value": "424", "unit": "kg"}, {"date": "2019-06-01", "country_from": "PL", "country_to": "DE", "value": "569", "unit": "kg"}, {"date": "2019-07-01", "country_from": "PL", "country_to": "DE", "value": "12219", "unit": "kg"}, {"date": "2019-08-01", "country_from": "PL", "country_to": "DE", "value": "1371", "unit": "kg"}, {"date": "2019-09-01", "country_from": "PL", "country_to": "DE", "value": "1496", "unit": "kg"}, {"date": "2019-10-01", "country_from": "PL", "country_to": "DE", "value": "11392", "unit": "kg"}, {"date": "2019-11-01", "country_from": "PL", "country_to": "DE", "value": "1297", "unit": "kg"}, {"date": "2019-12-01", "country_from": "PL", "country_to": "DE", "value": "603", "unit": "kg"}, {"date": "2020-01-01", "country_from": "PL", "country_to": "DE", "value": "24954", "unit": "kg"}, {"date": "2020-02-01", "country_from": "PL", "country_to": "DE", "value": "29241", "unit": "kg"}, {"date": "2020-03-01", "country_from": "PL", "country_to": "DE", "value": "560", "unit": "kg"}, {"date": "2020-04-01", "country_from": "PL", "country_to": "DE", "value": "0", "unit": "kg"}, {"date": "2020-05-01", "country_from": "PL", "country_to": "DE", "value": "71", "unit": "kg"}, {"date": "2018-10-01", "country_from": "PL", "country_to": "EE", "value": "0", "unit": "kg"}, {"date": "2018-11-01", "country_from": "PL", "country_to": "EE", "value": "0", "unit": "kg"}, {"date": "2018-12-01", "country_from": "PL", "country_to": "EE", "value": "0", "unit": "kg"}, {"date": "2019-01-01", "country_from": "PL", "country_to": "EE", "value": "0", "unit": "kg"}, {"date": "2019-02-01", "country_from": "PL", "country_to": "EE", "value": "0", "unit": "kg"}, {"date": "2019-03-01", "country_from": "PL", "country_to": "EE", "value": "0", "unit": "kg"}, {"date": "2019-04-01", "country_from": "PL", "country_to": "EE", "value": "0", "unit": "kg"}, {"date": "2019-05-01", "country_from": "PL", "country_to": "EE", "value": "0", "unit": "kg"}, {"date": "2019-06-01", "country_from": "PL", "country_to": "EE", "value": "0", "unit": "kg"}, {"date": "2019-07-01", "country_from": "PL", "country_to": "EE", "value": "0", "unit": "kg"}, {"date": "2019-08-01", "country_from": "PL", "country_to": "EE", "value": "0", "unit": "kg"}, {"date": "2019-09-01", "country_from": "PL", "country_to": "EE", "value": "0", "unit": "kg"}, {"date": "2019-10-01", "country_from": "PL", "country_to": "EE", "value": "0", "unit": "kg"}, {"date": "2019-11-01", "country_from": "PL", "country_to": "EE", "value": "0", "unit": "kg"}, {"date": "2019-12-01", "country_from": "PL", "country_to": "EE", "value": "0", "unit": "kg"}, {"date": "2020-01-01", "country_from": "PL", "country_to": "EE", "value": "0", "unit": "kg"}, {"date": "2020-02-01", "country_from": "PL", "country_to": "EE", "value": "0", "unit": "kg"}, {"date": "2020-03-01", "country_from": "PL", "country_to": "EE", "value": "0", "unit": "kg"}, {"date": "2020-04-01", "country_from": "PL", "country_to": "EE", "value": "20425", "unit": "kg"}, {"date": "2020-05-01", "country_from": "PL", "country_to": "EE", "value": "0", "unit": "kg"}, {"date": "2018-10-01", "country_from": "PL", "country_to": "AT", "value": "0", "unit": "kg"}, {"date": "2018-11-01", "country_from": "PL", "country_to": "AT", "value": "50", "unit": "kg"}, {"date": "2018-12-01", "country_from": "PL", "country_to": "AT", "value": "0", "unit": "kg"}, {"date": "2019-01-01", "country_from": "PL", "country_to": "AT", "value": "200", "unit": "kg"}, {"date": "2019-02-01", "country_from": "PL", "country_to": "AT", "value": "343", "unit": "kg"}, {"date": "2019-03-01", "country_from": "PL", "country_to": "AT", "value": "0", "unit": "kg"}, {"date": "2019-04-01", "country_from": "PL", "country_to": "AT", "value": "0", "unit": "kg"}, {"date": "2019-05-01", "country_from": "PL", "country_to": "AT", "value": "0", "unit": "kg"}, {"date": "2019-06-01", "country_from": "PL", "country_to": "AT", "value": "0", "unit": "kg"}, {"date": "2019-07-01", "country_from": "PL", "country_to": "AT", "value": "0", "unit": "kg"}, {"date": "2019-08-01", "country_from": "PL", "country_to": "AT", "value": "5", "unit": "kg"}, {"date": "2019-09-01", "country_from": "PL", "country_to": "AT", "value": "3", "unit": "kg"}, {"date": "2019-10-01", "country_from": "PL", "country_to": "AT", "value": "0", "unit": "kg"}, {"date": "2019-11-01", "country_from": "PL", "country_to": "AT", "value": "1004", "unit": "kg"}, {"date": "2019-12-01", "country_from": "PL", "country_to": "AT", "value": "0", "unit": "kg"}, {"date": "2020-01-01", "country_from": "PL", "country_to": "AT", "value": "78", "unit": "kg"}, {"date": "2020-02-01", "country_from": "PL", "country_to": "AT", "value": "2", "unit": "kg"}, {"date": "2020-03-01", "country_from": "PL", "country_to": "AT", "value": "0", "unit": "kg"}, {"date": "2020-04-01", "country_from": "PL", "country_to": "AT", "value": "0", "unit": "kg"}, {"date": "2020-05-01", "country_from": "PL", "country_to": "AT", "value": "0", "unit": "kg"}, {"date": "2018-10-01", "country_from": "PL", "country_to": "BE", "value": "24005", "unit": "kg"}, {"date": "2018-11-01", "country_from": "PL", "country_to": "BE", "value": "0", "unit": "kg"}, {"date": "2018-12-01", "country_from": "PL", "country_to": "BE", "value": "0", "unit": "kg"}, {"date": "2019-01-01", "country_from": "PL", "country_to": "BE", "value": "10005", "unit": "kg"}, {"date": "2019-02-01", "country_from": "PL", "country_to": "BE", "value": "1000", "unit": "kg"}, {"date": "2019-03-01", "country_from": "PL", "country_to": "BE", "value": "24000", "unit": "kg"}, {"date": "2019-04-01", "country_from": "PL", "country_to": "BE", "value": "10005", "unit": "kg"}, {"date": "2019-05-01", "country_from": "PL", "country_to": "BE", "value": "34005", "unit": "kg"}, {"date": "2019-06-01", "country_from": "PL", "country_to": "BE", "value": "0", "unit": "kg"}, {"date": "2019-07-01", "country_from": "PL", "country_to": "BE", "value": "10000", "unit": "kg"}, {"date": "2019-08-01", "country_from": "PL", "country_to": "BE", "value": "0", "unit": "kg"}, {"date": "2019-09-01", "country_from": "PL", "country_to": "BE", "value": "0", "unit": "kg"}, {"date": "2019-10-01", "country_from": "PL", "country_to": "BE", "value": "11000", "unit": "kg"}, {"date": "2019-11-01", "country_from": "PL", "country_to": "BE", "value": "0", "unit": "kg"}, {"date": "2019-12-01", "country_from": "PL", "country_to": "BE", "value": "0", "unit": "kg"}, {"date": "2020-01-01", "country_from": "PL", "country_to": "BE", "value": "1500", "unit": "kg"}, {"date": "2020-02-01", "country_from": "PL", "country_to": "BE", "value": "11000", "unit": "kg"}, {"date": "2020-03-01", "country_from": "PL", "country_to": "BE", "value": "0", "unit": "kg"}, {"date": "2020-04-01", "country_from": "PL", "country_to": "BE", "value": "0", "unit": "kg"}, {"date": "2020-05-01", "country_from": "PL", "country_to": "BE", "value": "0", "unit": "kg"}, {"date": "2018-10-01", "country_from": "PL", "country_to": "IE", "value": "0", "unit": "kg"}, {"date": "2018-11-01", "country_from": "PL", "country_to": "IE", "value": "0", "unit": "kg"}, {"date": "2018-12-01", "country_from": "PL", "country_to": "IE", "value": "0", "unit": "kg"}, {"date": "2019-01-01", "country_from": "PL", "country_to": "IE", "value": "0", "unit": "kg"}, {"date": "2019-02-01", "country_from": "PL", "country_to": "IE", "value": "0", "unit": "kg"}, {"date": "2019-03-01", "country_from": "PL", "country_to": "IE", "value": "0", "unit": "kg"}, {"date": "2019-04-01", "country_from": "PL", "country_to": "IE", "value": "0", "unit": "kg"}, {"date": "2019-05-01", "country_from": "PL", "country_to": "IE", "value": "415", "unit": "kg"}, {"date": "2019-06-01", "country_from": "PL", "country_to": "IE", "value": "0", "unit": "kg"}, {"date": "2019-07-01", "country_from": "PL", "country_to": "IE", "value": "0", "unit": "kg"}, {"date": "2019-08-01", "country_from": "PL", "country_to": "IE", "value": "0", "unit": "kg"}, {"date": "2019-09-01", "country_from": "PL", "country_to": "IE", "value": "0", "unit": "kg"}, {"date": "2019-10-01", "country_from": "PL", "country_to": "IE", "value": "0", "unit": "kg"}, {"date": "2019-11-01", "country_from": "PL", "country_to": "IE", "value": "0", "unit": "kg"}, {"date": "2019-12-01", "country_from": "PL", "country_to": "IE", "value": "0", "unit": "kg"}, {"date": "2020-01-01", "country_from": "PL", "country_to": "IE", "value": "0", "unit": "kg"}, {"date": "2020-02-01", "country_from": "PL", "country_to": "IE", "value": "0", "unit": "kg"}, {"date": "2020-03-01", "country_from": "PL", "country_to": "IE", "value": "0", "unit": "kg"}, {"date": "2020-04-01", "country_from": "PL", "country_to": "IE", "value": "0", "unit": "kg"}, {"date": "2020-05-01", "country_from": "PL", "country_to": "IE", "value": "0", "unit": "kg"}, {"date": "2018-10-01", "country_from": "PL", "country_to": "IT", "value": "19", "unit": "kg"}, {"date": "2018-11-01", "country_from": "PL", "country_to": "IT", "value": "0", "unit": "kg"}, {"date": "2018-12-01", "country_from": "PL", "country_to": "IT", "value": "0", "unit": "kg"}, {"date": "2019-01-01", "country_from": "PL", "country_to": "IT", "value": "0", "unit": "kg"}, {"date": "2019-02-01", "country_from": "PL", "country_to": "IT", "value": "0", "unit": "kg"}, {"date": "2019-03-01", "country_from": "PL", "country_to": "IT", "value": "0", "unit": "kg"}, {"date": "2019-04-01", "country_from": "PL", "country_to": "IT", "value": "0", "unit": "kg"}, {"date": "2019-05-01", "country_from": "PL", "country_to": "IT", "value": "0", "unit": "kg"}, {"date": "2019-06-01", "country_from": "PL", "country_to": "IT", "value": "0", "unit": "kg"}, {"date": "2019-07-01", "country_from": "PL", "country_to": "IT", "value": "0", "unit": "kg"}, {"date": "2019-08-01", "country_from": "PL", "country_to": "IT", "value": "0", "unit": "kg"}, {"date": "2019-09-01", "country_from": "PL", "country_to": "IT", "value": "0", "unit": "kg"}, {"date": "2019-10-01", "country_from": "PL", "country_to": "IT", "value": "0", "unit": "kg"}, {"date": "2019-11-01", "country_from": "PL", "country_to": "IT", "value": "0", "unit": "kg"}, {"date": "2019-12-01", "country_from": "PL", "country_to": "IT", "value": "0", "unit": "kg"}, {"date": "2020-01-01", "country_from": "PL", "country_to": "IT", "value": "0", "unit": "kg"}, {"date": "2020-02-01", "country_from": "PL", "country_to": "IT", "value": "0", "unit": "kg"}, {"date": "2020-03-01", "country_from": "PL", "country_to": "IT", "value": "0", "unit": "kg"}, {"date": "2020-04-01", "country_from": "PL", "country_to": "IT", "value": "0", "unit": "kg"}, {"date": "2020-05-01", "country_from": "PL", "country_to": "IT", "value": "0", "unit": "kg"}, {"date": "2018-10-01", "country_from": "PL", "country_to": "SK", "value": "0", "unit": "kg"}, {"date": "2018-11-01", "country_from": "PL", "country_to": "SK", "value": "0", "unit": "kg"}, {"date": "2018-12-01", "country_from": "PL", "country_to": "SK", "value": "0", "unit": "kg"}, {"date": "2019-01-01", "country_from": "PL", "country_to": "SK", "value": "0", "unit": "kg"}, {"date": "2019-02-01", "country_from": "PL", "country_to": "SK", "value": "0", "unit": "kg"}, {"date": "2019-03-01", "country_from": "PL", "country_to": "SK", "value": "0", "unit": "kg"}, {"date": "2019-04-01", "country_from": "PL", "country_to": "SK", "value": "0", "unit": "kg"}, {"date": "2019-05-01", "country_from": "PL", "country_to": "SK", "value": "0", "unit": "kg"}, {"date": "2019-06-01", "country_from": "PL", "country_to": "SK", "value": "25", "unit": "kg"}, {"date": "2019-07-01", "country_from": "PL", "country_to": "SK", "value": "0", "unit": "kg"}, {"date": "2019-08-01", "country_from": "PL", "country_to": "SK", "value": "0", "unit": "kg"}, {"date": "2019-09-01", "country_from": "PL", "country_to": "SK", "value": "0", "unit": "kg"}, {"date": "2019-10-01", "country_from": "PL", "country_to": "SK", "value": "0", "unit": "kg"}, {"date": "2019-11-01", "country_from": "PL", "country_to": "SK", "value": "0", "unit": "kg"}, {"date": "2019-12-01", "country_from": "PL", "country_to": "SK", "value": "0", "unit": "kg"}, {"date": "2020-01-01", "country_from": "PL", "country_to": "SK", "value": "675", "unit": "kg"}, {"date": "2020-02-01", "country_from": "PL", "country_to": "SK", "value": "0", "unit": "kg"}, {"date": "2020-03-01", "country_from": "PL", "country_to": "SK", "value": "0", "unit": "kg"}, {"date": "2020-04-01", "country_from": "PL", "country_to": "SK", "value": "0", "unit": "kg"}, {"date": "2020-05-01", "country_from": "PL", "country_to": "SK", "value": "0", "unit": "kg"}, {"date": "2018-10-01", "country_from": "PL", "country_to": "CH", "value": "0", "unit": "kg"}, {"date": "2018-11-01", "country_from": "PL", "country_to": "CH", "value": "0", "unit": "kg"}, {"date": "2018-12-01", "country_from": "PL", "country_to": "CH", "value": "0", "unit": "kg"}, {"date": "2019-01-01", "country_from": "PL", "country_to": "CH", "value": "0", "unit": "kg"}, {"date": "2019-02-01", "country_from": "PL", "country_to": "CH", "value": "0", "unit": "kg"}, {"date": "2019-03-01", "country_from": "PL", "country_to": "CH", "value": "0", "unit": "kg"}, {"date": "2019-04-01", "country_from": "PL", "country_to": "CH", "value": "0", "unit": "kg"}, {"date": "2019-05-01", "country_from": "PL", "country_to": "CH", "value": "0", "unit": "kg"}, {"date": "2019-06-01", "country_from": "PL", "country_to": "CH", "value": "125", "unit": "kg"}, {"date": "2019-07-01", "country_from": "PL", "country_to": "CH", "value": "0", "unit": "kg"}, {"date": "2019-08-01", "country_from": "PL", "country_to": "CH", "value": "0", "unit": "kg"}, {"date": "2019-09-01", "country_from": "PL", "country_to": "CH", "value": "0", "unit": "kg"}, {"date": "2019-10-01", "country_from": "PL", "country_to": "CH", "value": "0", "unit": "kg"}, {"date": "2019-11-01", "country_from": "PL", "country_to": "CH", "value": "0", "unit": "kg"}, {"date": "2019-12-01", "country_from": "PL", "country_to": "CH", "value": "0", "unit": "kg"}, {"date": "2020-01-01", "country_from": "PL", "country_to": "CH", "value": "0", "unit": "kg"}, {"date": "2020-02-01", "country_from": "PL", "country_to": "CH", "value": "0", "unit": "kg"}, {"date": "2020-03-01", "country_from": "PL", "country_to": "CH", "value": "0", "unit": "kg"}, {"date": "2020-04-01", "country_from": "PL", "country_to": "CH", "value": "0", "unit": "kg"}, {"date": "2020-05-01", "country_from": "PL", "country_to": "CH", "value": "0", "unit": "kg"}, {"date": "2018-10-01", "country_from": "PL", "country_to": "GB", "value": "321", "unit": "kg"}, {"date": "2018-11-01", "country_from": "PL", "country_to": "GB", "value": "453", "unit": "kg"}, {"date": "2018-12-01", "country_from": "PL", "country_to": "GB", "value": "468", "unit": "kg"}, {"date": "2019-01-01", "country_from": "PL", "country_to": "GB", "value": "0", "unit": "kg"}, {"date": "2019-02-01", "country_from": "PL", "country_to": "GB", "value": "0", "unit": "kg"}, {"date": "2019-03-01", "country_from": "PL", "country_to": "GB", "value": "0", "unit": "kg"}, {"date": "2019-04-01", "country_from": "PL", "country_to": "GB", "value": "1364", "unit": "kg"}, {"date": "2019-05-01", "country_from": "PL", "country_to": "GB", "value": "0", "unit": "kg"}, {"date": "2019-06-01", "country_from": "PL", "country_to": "GB", "value": "0", "unit": "kg"}, {"date": "2019-07-01", "country_from": "PL", "country_to": "GB", "value": "0", "unit": "kg"}, {"date": "2019-08-01", "country_from": "PL", "country_to": "GB", "value": "0", "unit": "kg"}, {"date": "2019-09-01", "country_from": "PL", "country_to": "GB", "value": "0", "unit": "kg"}, {"date": "2019-10-01", "country_from": "PL", "country_to": "GB", "value": "0", "unit": "kg"}, {"date": "2019-11-01", "country_from": "PL", "country_to": "GB", "value": "379", "unit": "kg"}, {"date": "2019-12-01", "country_from": "PL", "country_to": "GB", "value": "0", "unit": "kg"}, {"date": "2020-01-01", "country_from": "PL", "country_to": "GB", "value": "0", "unit": "kg"}, {"date": "2020-02-01", "country_from": "PL", "country_to": "GB", "value": "0", "unit": "kg"}, {"date": "2020-03-01", "country_from": "PL", "country_to": "GB", "value": "0", "unit": "kg"}, {"date": "2020-04-01", "country_from": "PL", "country_to": "GB", "value": "494", "unit": "kg"}, {"date": "2020-05-01", "country_from": "PL", "country_to": "GB", "value": "0", "unit": "kg"}]