[{"date": "2018-11-01", "country_from": "EE", "country_to": "FI", "value": "951", "unit": "kg"}, {"date": "2018-12-01", "country_from": "EE", "country_to": "FI", "value": "1065", "unit": "kg"}, {"date": "2019-01-01", "country_from": "EE", "country_to": "FI", "value": "971", "unit": "kg"}, {"date": "2019-02-01", "country_from": "EE", "country_to": "FI", "value": "1024", "unit": "kg"}, {"date": "2019-03-01", "country_from": "EE", "country_to": "FI", "value": "1356", "unit": "kg"}, {"date": "2019-04-01", "country_from": "EE", "country_to": "FI", "value": "1505", "unit": "kg"}, {"date": "2019-05-01", "country_from": "EE", "country_to": "FI", "value": "1796", "unit": "kg"}, {"date": "2019-06-01", "country_from": "EE", "country_to": "FI", "value": "1441", "unit": "kg"}, {"date": "2019-07-01", "country_from": "EE", "country_to": "FI", "value": "1639", "unit": "kg"}, {"date": "2019-08-01", "country_from": "EE", "country_to": "FI", "value": "1674", "unit": "kg"}, {"date": "2019-09-01", "country_from": "EE", "country_to": "FI", "value": "1381", "unit": "kg"}, {"date": "2019-10-01", "country_from": "EE", "country_to": "FI", "value": "1373", "unit": "kg"}, {"date": "2019-11-01", "country_from": "EE", "country_to": "FI", "value": "1912", "unit": "kg"}, {"date": "2019-12-01", "country_from": "EE", "country_to": "FI", "value": "1327", "unit": "kg"}, {"date": "2020-01-01", "country_from": "EE", "country_to": "FI", "value": "1355", "unit": "kg"}, {"date": "2020-02-01", "country_from": "EE", "country_to": "FI", "value": "1300", "unit": "kg"}, {"date": "2020-03-01", "country_from": "EE", "country_to": "FI", "value": "880", "unit": "kg"}, {"date": "2020-04-01", "country_from": "EE", "country_to": "FI", "value": "643", "unit": "kg"}, {"date": "2020-05-01", "country_from": "EE", "country_to": "FI", "value": "654", "unit": "kg"}, {"date": "2020-06-01", "country_from": "EE", "country_to": "FI", "value": "1382", "unit": "kg"}, {"date": "2018-11-01", "country_from": "EE", "country_to": "LT", "value": "1224", "unit": "kg"}, {"date": "2018-12-01", "country_from": "EE", "country_to": "LT", "value": "704", "unit": "kg"}, {"date": "2019-01-01", "country_from": "EE", "country_to": "LT", "value": "1600", "unit": "kg"}, {"date": "2019-02-01", "country_from": "EE", "country_to": "LT", "value": "512", "unit": "kg"}, {"date": "2019-03-01", "country_from": "EE", "country_to": "LT", "value": "960", "unit": "kg"}, {"date": "2019-04-01", "country_from": "EE", "country_to": "LT", "value": "1408", "unit": "kg"}, {"date": "2019-05-01", "country_from": "EE", "country_to": "LT", "value": "512", "unit": "kg"}, {"date": "2019-06-01", "country_from": "EE", "country_to": "LT", "value": "384", "unit": "kg"}, {"date": "2019-07-01", "country_from": "EE", "country_to": "LT", "value": "824", "unit": "kg"}, {"date": "2019-08-01", "country_from": "EE", "country_to": "LT", "value": "896", "unit": "kg"}, {"date": "2019-09-01", "country_from": "EE", "country_to": "LT", "value": "848", "unit": "kg"}, {"date": "2019-10-01", "country_from": "EE", "country_to": "LT", "value": "448", "unit": "kg"}, {"date": "2019-11-01", "country_from": "EE", "country_to": "LT", "value": "704", "unit": "kg"}, {"date": "2019-12-01", "country_from": "EE", "country_to": "LT", "value": "688", "unit": "kg"}, {"date": "2020-01-01", "country_from": "EE", "country_to": "LT", "value": "832", "unit": "kg"}, {"date": "2020-02-01", "country_from": "EE", "country_to": "LT", "value": "512", "unit": "kg"}, {"date": "2020-03-01", "country_from": "EE", "country_to": "LT", "value": "1256", "unit": "kg"}, {"date": "2020-04-01", "country_from": "EE", "country_to": "LT", "value": "0", "unit": "kg"}, {"date": "2020-05-01", "country_from": "EE", "country_to": "LT", "value": "1440", "unit": "kg"}, {"date": "2020-06-01", "country_from": "EE", "country_to": "LT", "value": "946", "unit": "kg"}, {"date": "2018-11-01", "country_from": "EE", "country_to": "LV", "value": "2739", "unit": "kg"}, {"date": "2018-12-01", "country_from": "EE", "country_to": "LV", "value": "1331", "unit": "kg"}, {"date": "2019-01-01", "country_from": "EE", "country_to": "LV", "value": "882", "unit": "kg"}, {"date": "2019-02-01", "country_from": "EE", "country_to": "LV", "value": "1588", "unit": "kg"}, {"date": "2019-03-01", "country_from": "EE", "country_to": "LV", "value": "2283", "unit": "kg"}, {"date": "2019-04-01", "country_from": "EE", "country_to": "LV", "value": "1060", "unit": "kg"}, {"date": "2019-05-01", "country_from": "EE", "country_to": "LV", "value": "2654", "unit": "kg"}, {"date": "2019-06-01", "country_from": "EE", "country_to": "LV", "value": "300", "unit": "kg"}, {"date": "2019-07-01", "country_from": "EE", "country_to": "LV", "value": "1948", "unit": "kg"}, {"date": "2019-08-01", "country_from": "EE", "country_to": "LV", "value": "5498", "unit": "kg"}, {"date": "2019-09-01", "country_from": "EE", "country_to": "LV", "value": "6568", "unit": "kg"}, {"date": "2019-10-01", "country_from": "EE", "country_to": "LV", "value": "1324", "unit": "kg"}, {"date": "2019-11-01", "country_from": "EE", "country_to": "LV", "value": "1124", "unit": "kg"}, {"date": "2019-12-01", "country_from": "EE", "country_to": "LV", "value": "1613", "unit": "kg"}, {"date": "2020-01-01", "country_from": "EE", "country_to": "LV", "value": "787", "unit": "kg"}, {"date": "2020-02-01", "country_from": "EE", "country_to": "LV", "value": "1524", "unit": "kg"}, {"date": "2020-03-01", "country_from": "EE", "country_to": "LV", "value": "2024", "unit": "kg"}, {"date": "2020-04-01", "country_from": "EE", "country_to": "LV", "value": "304", "unit": "kg"}, {"date": "2020-05-01", "country_from": "EE", "country_to": "LV", "value": "1603", "unit": "kg"}, {"date": "2020-06-01", "country_from": "EE", "country_to": "LV", "value": "272", "unit": "kg"}, {"date": "2018-11-01", "country_from": "EE", "country_to": "NO", "value": "0", "unit": "kg"}, {"date": "2018-12-01", "country_from": "EE", "country_to": "NO", "value": "0", "unit": "kg"}, {"date": "2019-01-01", "country_from": "EE", "country_to": "NO", "value": "0", "unit": "kg"}, {"date": "2019-02-01", "country_from": "EE", "country_to": "NO", "value": "0", "unit": "kg"}, {"date": "2019-03-01", "country_from": "EE", "country_to": "NO", "value": "363", "unit": "kg"}, {"date": "2019-04-01", "country_from": "EE", "country_to": "NO", "value": "297", "unit": "kg"}, {"date": "2019-05-01", "country_from": "EE", "country_to": "NO", "value": "251", "unit": "kg"}, {"date": "2019-06-01", "country_from": "EE", "country_to": "NO", "value": "378", "unit": "kg"}, {"date": "2019-07-01", "country_from": "EE", "country_to": "NO", "value": "0", "unit": "kg"}, {"date": "2019-08-01", "country_from": "EE", "country_to": "NO", "value": "0", "unit": "kg"}, {"date": "2019-09-01", "country_from": "EE", "country_to": "NO", "value": "0", "unit": "kg"}, {"date": "2019-10-01", "country_from": "EE", "country_to": "NO", "value": "203", "unit": "kg"}, {"date": "2019-11-01", "country_from": "EE", "country_to": "NO", "value": "0", "unit": "kg"}, {"date": "2019-12-01", "country_from": "EE", "country_to": "NO", "value": "321", "unit": "kg"}, {"date": "2020-01-01", "country_from": "EE", "country_to": "NO", "value": "0", "unit": "kg"}, {"date": "2020-02-01", "country_from": "EE", "country_to": "NO", "value": "0", "unit": "kg"}, {"date": "2020-03-01", "country_from": "EE", "country_to": "NO", "value": "412", "unit": "kg"}, {"date": "2020-04-01", "country_from": "EE", "country_to": "NO", "value": "217", "unit": "kg"}, {"date": "2020-05-01", "country_from": "EE", "country_to": "NO", "value": "0", "unit": "kg"}, {"date": "2020-06-01", "country_from": "EE", "country_to": "NO", "value": "0", "unit": "kg"}, {"date": "2018-11-01", "country_from": "EE", "country_to": "DE", "value": "0", "unit": "kg"}, {"date": "2018-12-01", "country_from": "EE", "country_to": "DE", "value": "0", "unit": "kg"}, {"date": "2019-01-01", "country_from": "EE", "country_to": "DE", "value": "0", "unit": "kg"}, {"date": "2019-02-01", "country_from": "EE", "country_to": "DE", "value": "0", "unit": "kg"}, {"date": "2019-03-01", "country_from": "EE", "country_to": "DE", "value": "0", "unit": "kg"}, {"date": "2019-04-01", "country_from": "EE", "country_to": "DE", "value": "0", "unit": "kg"}, {"date": "2019-05-01", "country_from": "EE", "country_to": "DE", "value": "0", "unit": "kg"}, {"date": "2019-06-01", "country_from": "EE", "country_to": "DE", "value": "0", "unit": "kg"}, {"date": "2019-07-01", "country_from": "EE", "country_to": "DE", "value": "6000", "unit": "kg"}, {"date": "2019-08-01", "country_from": "EE", "country_to": "DE", "value": "0", "unit": "kg"}, {"date": "2019-09-01", "country_from": "EE", "country_to": "DE", "value": "0", "unit": "kg"}, {"date": "2019-10-01", "country_from": "EE", "country_to": "DE", "value": "0", "unit": "kg"}, {"date": "2019-11-01", "country_from": "EE", "country_to": "DE", "value": "0", "unit": "kg"}, {"date": "2019-12-01", "country_from": "EE", "country_to": "DE", "value": "0", "unit": "kg"}, {"date": "2020-01-01", "country_from": "EE", "country_to": "DE", "value": "0", "unit": "kg"}, {"date": "2020-02-01", "country_from": "EE", "country_to": "DE", "value": "0", "unit": "kg"}, {"date": "2020-03-01", "country_from": "EE", "country_to": "DE", "value": "0", "unit": "kg"}, {"date": "2020-04-01", "country_from": "EE", "country_to": "DE", "value": "0", "unit": "kg"}, {"date": "2020-05-01", "country_from": "EE", "country_to": "DE", "value": "0", "unit": "kg"}, {"date": "2020-06-01", "country_from": "EE", "country_to": "DE", "value": "0", "unit": "kg"}]