[{"date": "2013-05-01", "country_from": "JM", "country_to": "TT", "value": "0", "unit": "kg"}, {"date": "2013-06-01", "country_from": "JM", "country_to": "TT", "value": "0", "unit": "kg"}, {"date": "2013-07-01", "country_from": "JM", "country_to": "TT", "value": "100000", "unit": "kg"}, {"date": "2013-08-01", "country_from": "JM", "country_to": "TT", "value": "200000", "unit": "kg"}, {"date": "2013-09-01", "country_from": "JM", "country_to": "TT", "value": "0", "unit": "kg"}, {"date": "2013-10-01", "country_from": "JM", "country_to": "TT", "value": "0", "unit": "kg"}, {"date": "2013-11-01", "country_from": "JM", "country_to": "TT", "value": "0", "unit": "kg"}, {"date": "2013-12-01", "country_from": "JM", "country_to": "TT", "value": "0", "unit": "kg"}, {"date": "2014-01-01", "country_from": "JM", "country_to": "TT", "value": "0", "unit": "kg"}, {"date": "2014-02-01", "country_from": "JM", "country_to": "TT", "value": "0", "unit": "kg"}, {"date": "2014-03-01", "country_from": "JM", "country_to": "TT", "value": "0", "unit": "kg"}, {"date": "2014-04-01", "country_from": "JM", "country_to": "TT", "value": "0", "unit": "kg"}, {"date": "2014-05-01", "country_from": "JM", "country_to": "TT", "value": "0", "unit": "kg"}, {"date": "2014-06-01", "country_from": "JM", "country_to": "TT", "value": "0", "unit": "kg"}, {"date": "2014-07-01", "country_from": "JM", "country_to": "TT", "value": "0", "unit": "kg"}, {"date": "2014-08-01", "country_from": "JM", "country_to": "TT", "value": "0", "unit": "kg"}, {"date": "2014-09-01", "country_from": "JM", "country_to": "TT", "value": "0", "unit": "kg"}, {"date": "2014-10-01", "country_from": "JM", "country_to": "TT", "value": "0", "unit": "kg"}, {"date": "2013-05-01", "country_from": "JM", "country_to": "GB", "value": "0", "unit": "kg"}, {"date": "2013-06-01", "country_from": "JM", "country_to": "GB", "value": "0", "unit": "kg"}, {"date": "2013-07-01", "country_from": "JM", "country_to": "GB", "value": "0", "unit": "kg"}, {"date": "2013-08-01", "country_from": "JM", "country_to": "GB", "value": "0", "unit": "kg"}, {"date": "2013-09-01", "country_from": "JM", "country_to": "GB", "value": "0", "unit": "kg"}, {"date": "2013-10-01", "country_from": "JM", "country_to": "GB", "value": "0", "unit": "kg"}, {"date": "2013-11-01", "country_from": "JM", "country_to": "GB", "value": "0", "unit": "kg"}, {"date": "2013-12-01", "country_from": "JM", "country_to": "GB", "value": "0", "unit": "kg"}, {"date": "2014-01-01", "country_from": "JM", "country_to": "GB", "value": "0", "unit": "kg"}, {"date": "2014-02-01", "country_from": "JM", "country_to": "GB", "value": "0", "unit": "kg"}, {"date": "2014-03-01", "country_from": "JM", "country_to": "GB", "value": "0", "unit": "kg"}, {"date": "2014-04-01", "country_from": "JM", "country_to": "GB", "value": "0", "unit": "kg"}, {"date": "2014-05-01", "country_from": "JM", "country_to": "GB", "value": "5400", "unit": "kg"}, {"date": "2014-06-01", "country_from": "JM", "country_to": "GB", "value": "0", "unit": "kg"}, {"date": "2014-07-01", "country_from": "JM", "country_to": "GB", "value": "0", "unit": "kg"}, {"date": "2014-08-01", "country_from": "JM", "country_to": "GB", "value": "0", "unit": "kg"}, {"date": "2014-09-01", "country_from": "JM", "country_to": "GB", "value": "2700", "unit": "kg"}, {"date": "2014-10-01", "country_from": "JM", "country_to": "GB", "value": "0", "unit": "kg"}]