[{"date": "2018-11-01", "country": "Montenegro", "value": "0", "unit": "kg"}, {"date": "2018-12-01", "country": "Montenegro", "value": "0", "unit": "kg"}, {"date": "2019-01-01", "country": "Montenegro", "value": "0", "unit": "kg"}, {"date": "2019-02-01", "country": "Montenegro", "value": "0", "unit": "kg"}, {"date": "2019-03-01", "country": "Montenegro", "value": "0", "unit": "kg"}, {"date": "2019-04-01", "country": "Montenegro", "value": "0", "unit": "kg"}, {"date": "2019-05-01", "country": "Montenegro", "value": "0", "unit": "kg"}, {"date": "2019-06-01", "country": "Montenegro", "value": "0", "unit": "kg"}, {"date": "2019-07-01", "country": "Montenegro", "value": "0", "unit": "kg"}, {"date": "2019-08-01", "country": "Montenegro", "value": "0", "unit": "kg"}, {"date": "2019-09-01", "country": "Montenegro", "value": "0", "unit": "kg"}, {"date": "2019-10-01", "country": "Montenegro", "value": "0", "unit": "kg"}, {"date": "2019-11-01", "country": "Montenegro", "value": "0", "unit": "kg"}, {"date": "2019-12-01", "country": "Montenegro", "value": "0", "unit": "kg"}, {"date": "2020-01-01", "country": "Montenegro", "value": "0", "unit": "kg"}, {"date": "2020-02-01", "country": "Montenegro", "value": "0", "unit": "kg"}, {"date": "2020-03-01", "country": "Montenegro", "value": "0", "unit": "kg"}, {"date": "2020-04-01", "country": "Montenegro", "value": "2160", "unit": "kg"}, {"date": "2018-11-01", "country": "United States of America", "value": "1280", "unit": "kg"}, {"date": "2018-12-01", "country": "United States of America", "value": "0", "unit": "kg"}, {"date": "2019-01-01", "country": "United States of America", "value": "0", "unit": "kg"}, {"date": "2019-02-01", "country": "United States of America", "value": "800", "unit": "kg"}, {"date": "2019-03-01", "country": "United States of America", "value": "0", "unit": "kg"}, {"date": "2019-04-01", "country": "United States of America", "value": "1440", "unit": "kg"}, {"date": "2019-05-01", "country": "United States of America", "value": "0", "unit": "kg"}, {"date": "2019-06-01", "country": "United States of America", "value": "0", "unit": "kg"}, {"date": "2019-07-01", "country": "United States of America", "value": "0", "unit": "kg"}, {"date": "2019-08-01", "country": "United States of America", "value": "0", "unit": "kg"}, {"date": "2019-09-01", "country": "United States of America", "value": "640", "unit": "kg"}, {"date": "2019-10-01", "country": "United States of America", "value": "0", "unit": "kg"}, {"date": "2019-11-01", "country": "United States of America", "value": "0", "unit": "kg"}, {"date": "2019-12-01", "country": "United States of America", "value": "640", "unit": "kg"}, {"date": "2020-01-01", "country": "United States of America", "value": "0", "unit": "kg"}, {"date": "2020-02-01", "country": "United States of America", "value": "0", "unit": "kg"}, {"date": "2020-03-01", "country": "United States of America", "value": "640", "unit": "kg"}, {"date": "2020-04-01", "country": "United States of America", "value": "5120", "unit": "kg"}, {"date": "2018-11-01", "country": "Area Nes", "value": "0", "unit": "kg"}, {"date": "2018-12-01", "country": "Area Nes", "value": "24000", "unit": "kg"}, {"date": "2019-01-01", "country": "Area Nes", "value": "15000", "unit": "kg"}, {"date": "2019-02-01", "country": "Area Nes", "value": "0", "unit": "kg"}, {"date": "2019-03-01", "country": "Area Nes", "value": "0", "unit": "kg"}, {"date": "2019-04-01", "country": "Area Nes", "value": "0", "unit": "kg"}, {"date": "2019-05-01", "country": "Area Nes", "value": "0", "unit": "kg"}, {"date": "2019-06-01", "country": "Area Nes", "value": "0", "unit": "kg"}, {"date": "2019-07-01", "country": "Area Nes", "value": "0", "unit": "kg"}, {"date": "2019-08-01", "country": "Area Nes", "value": "0", "unit": "kg"}, {"date": "2019-09-01", "country": "Area Nes", "value": "24000", "unit": "kg"}, {"date": "2019-10-01", "country": "Area Nes", "value": "0", "unit": "kg"}, {"date": "2019-11-01", "country": "Area Nes", "value": "0", "unit": "kg"}, {"date": "2019-12-01", "country": "Area Nes", "value": "0", "unit": "kg"}, {"date": "2020-01-01", "country": "Area Nes", "value": "24000", "unit": "kg"}, {"date": "2020-02-01", "country": "Area Nes", "value": "0", "unit": "kg"}, {"date": "2020-03-01", "country": "Area Nes", "value": "0", "unit": "kg"}, {"date": "2020-04-01", "country": "Area Nes", "value": "0", "unit": "kg"}, {"date": "2018-11-01", "country": "Turkey", "value": "0", "unit": "kg"}, {"date": "2018-12-01", "country": "Turkey", "value": "0", "unit": "kg"}, {"date": "2019-01-01", "country": "Turkey", "value": "0", "unit": "kg"}, {"date": "2019-02-01", "country": "Turkey", "value": "0", "unit": "kg"}, {"date": "2019-03-01", "country": "Turkey", "value": "0", "unit": "kg"}, {"date": "2019-04-01", "country": "Turkey", "value": "3000", "unit": "kg"}, {"date": "2019-05-01", "country": "Turkey", "value": "0", "unit": "kg"}, {"date": "2019-06-01", "country": "Turkey", "value": "0", "unit": "kg"}, {"date": "2019-07-01", "country": "Turkey", "value": "0", "unit": "kg"}, {"date": "2019-08-01", "country": "Turkey", "value": "0", "unit": "kg"}, {"date": "2019-09-01", "country": "Turkey", "value": "0", "unit": "kg"}, {"date": "2019-10-01", "country": "Turkey", "value": "0", "unit": "kg"}, {"date": "2019-11-01", "country": "Turkey", "value": "0", "unit": "kg"}, {"date": "2019-12-01", "country": "Turkey", "value": "0", "unit": "kg"}, {"date": "2020-01-01", "country": "Turkey", "value": "0", "unit": "kg"}, {"date": "2020-02-01", "country": "Turkey", "value": "0", "unit": "kg"}, {"date": "2020-03-01", "country": "Turkey", "value": "0", "unit": "kg"}, {"date": "2020-04-01", "country": "Turkey", "value": "0", "unit": "kg"}]