[{"date": "2018-11-01", "country": "Germany", "value": "1207", "unit": "kg"}, {"date": "2018-12-01", "country": "Germany", "value": "88", "unit": "kg"}, {"date": "2019-01-01", "country": "Germany", "value": "135156", "unit": "kg"}, {"date": "2019-02-01", "country": "Germany", "value": "2417", "unit": "kg"}, {"date": "2019-03-01", "country": "Germany", "value": "47467", "unit": "kg"}, {"date": "2019-04-01", "country": "Germany", "value": "6948", "unit": "kg"}, {"date": "2019-05-01", "country": "Germany", "value": "45445", "unit": "kg"}, {"date": "2019-06-01", "country": "Germany", "value": "22600", "unit": "kg"}, {"date": "2019-07-01", "country": "Germany", "value": "9030", "unit": "kg"}, {"date": "2019-08-01", "country": "Germany", "value": "45030", "unit": "kg"}, {"date": "2019-09-01", "country": "Germany", "value": "22511", "unit": "kg"}, {"date": "2019-10-01", "country": "Germany", "value": "90800", "unit": "kg"}, {"date": "2019-11-01", "country": "Germany", "value": "35", "unit": "kg"}, {"date": "2019-12-01", "country": "Germany", "value": "30520", "unit": "kg"}, {"date": "2020-01-01", "country": "Germany", "value": "71520", "unit": "kg"}, {"date": "2020-02-01", "country": "Germany", "value": "22590", "unit": "kg"}, {"date": "2020-03-01", "country": "Germany", "value": "45020", "unit": "kg"}, {"date": "2020-04-01", "country": "Germany", "value": "14", "unit": "kg"}, {"date": "2018-11-01", "country": "Slovakia", "value": "16631", "unit": "kg"}, {"date": "2018-12-01", "country": "Slovakia", "value": "17064", "unit": "kg"}, {"date": "2019-01-01", "country": "Slovakia", "value": "25056", "unit": "kg"}, {"date": "2019-02-01", "country": "Slovakia", "value": "28018", "unit": "kg"}, {"date": "2019-03-01", "country": "Slovakia", "value": "34618", "unit": "kg"}, {"date": "2019-04-01", "country": "Slovakia", "value": "27931", "unit": "kg"}, {"date": "2019-05-01", "country": "Slovakia", "value": "19227", "unit": "kg"}, {"date": "2019-06-01", "country": "Slovakia", "value": "10460", "unit": "kg"}, {"date": "2019-07-01", "country": "Slovakia", "value": "23199", "unit": "kg"}, {"date": "2019-08-01", "country": "Slovakia", "value": "9132", "unit": "kg"}, {"date": "2019-09-01", "country": "Slovakia", "value": "12950", "unit": "kg"}, {"date": "2019-10-01", "country": "Slovakia", "value": "18717", "unit": "kg"}, {"date": "2019-11-01", "country": "Slovakia", "value": "19782", "unit": "kg"}, {"date": "2019-12-01", "country": "Slovakia", "value": "11465", "unit": "kg"}, {"date": "2020-01-01", "country": "Slovakia", "value": "14549", "unit": "kg"}, {"date": "2020-02-01", "country": "Slovakia", "value": "24525", "unit": "kg"}, {"date": "2020-03-01", "country": "Slovakia", "value": "28734", "unit": "kg"}, {"date": "2020-04-01", "country": "Slovakia", "value": "13544", "unit": "kg"}, {"date": "2018-11-01", "country": "Norway", "value": "1055", "unit": "kg"}, {"date": "2018-12-01", "country": "Norway", "value": "3770", "unit": "kg"}, {"date": "2019-01-01", "country": "Norway", "value": "0", "unit": "kg"}, {"date": "2019-02-01", "country": "Norway", "value": "6784", "unit": "kg"}, {"date": "2019-03-01", "country": "Norway", "value": "0", "unit": "kg"}, {"date": "2019-04-01", "country": "Norway", "value": "4301", "unit": "kg"}, {"date": "2019-05-01", "country": "Norway", "value": "0", "unit": "kg"}, {"date": "2019-06-01", "country": "Norway", "value": "0", "unit": "kg"}, {"date": "2019-07-01", "country": "Norway", "value": "1499", "unit": "kg"}, {"date": "2019-08-01", "country": "Norway", "value": "1626", "unit": "kg"}, {"date": "2019-09-01", "country": "Norway", "value": "5141", "unit": "kg"}, {"date": "2019-10-01", "country": "Norway", "value": "0", "unit": "kg"}, {"date": "2019-11-01", "country": "Norway", "value": "2896", "unit": "kg"}, {"date": "2019-12-01", "country": "Norway", "value": "0", "unit": "kg"}, {"date": "2020-01-01", "country": "Norway", "value": "3404", "unit": "kg"}, {"date": "2020-02-01", "country": "Norway", "value": "1942", "unit": "kg"}, {"date": "2020-03-01", "country": "Norway", "value": "6475", "unit": "kg"}, {"date": "2020-04-01", "country": "Norway", "value": "0", "unit": "kg"}, {"date": "2018-11-01", "country": "Hungary", "value": "19094", "unit": "kg"}, {"date": "2018-12-01", "country": "Hungary", "value": "31547", "unit": "kg"}, {"date": "2019-01-01", "country": "Hungary", "value": "9825", "unit": "kg"}, {"date": "2019-02-01", "country": "Hungary", "value": "8715", "unit": "kg"}, {"date": "2019-03-01", "country": "Hungary", "value": "9423", "unit": "kg"}, {"date": "2019-04-01", "country": "Hungary", "value": "10176", "unit": "kg"}, {"date": "2019-05-01", "country": "Hungary", "value": "10272", "unit": "kg"}, {"date": "2019-06-01", "country": "Hungary", "value": "5490", "unit": "kg"}, {"date": "2019-07-01", "country": "Hungary", "value": "15460", "unit": "kg"}, {"date": "2019-08-01", "country": "Hungary", "value": "3696", "unit": "kg"}, {"date": "2019-09-01", "country": "Hungary", "value": "13980", "unit": "kg"}, {"date": "2019-10-01", "country": "Hungary", "value": "20472", "unit": "kg"}, {"date": "2019-11-01", "country": "Hungary", "value": "10104", "unit": "kg"}, {"date": "2019-12-01", "country": "Hungary", "value": "5088", "unit": "kg"}, {"date": "2020-01-01", "country": "Hungary", "value": "9588", "unit": "kg"}, {"date": "2020-02-01", "country": "Hungary", "value": "14940", "unit": "kg"}, {"date": "2020-03-01", "country": "Hungary", "value": "23036", "unit": "kg"}, {"date": "2020-04-01", "country": "Hungary", "value": "4164", "unit": "kg"}, {"date": "2018-11-01", "country": "Poland", "value": "4059", "unit": "kg"}, {"date": "2018-12-01", "country": "Poland", "value": "2692", "unit": "kg"}, {"date": "2019-01-01", "country": "Poland", "value": "8859", "unit": "kg"}, {"date": "2019-02-01", "country": "Poland", "value": "4800", "unit": "kg"}, {"date": "2019-03-01", "country": "Poland", "value": "8284", "unit": "kg"}, {"date": "2019-04-01", "country": "Poland", "value": "7714", "unit": "kg"}, {"date": "2019-05-01", "country": "Poland", "value": "30477", "unit": "kg"}, {"date": "2019-06-01", "country": "Poland", "value": "7299", "unit": "kg"}, {"date": "2019-07-01", "country": "Poland", "value": "9401", "unit": "kg"}, {"date": "2019-08-01", "country": "Poland", "value": "7992", "unit": "kg"}, {"date": "2019-09-01", "country": "Poland", "value": "9942", "unit": "kg"}, {"date": "2019-10-01", "country": "Poland", "value": "31780", "unit": "kg"}, {"date": "2019-11-01", "country": "Poland", "value": "31506", "unit": "kg"}, {"date": "2019-12-01", "country": "Poland", "value": "10849", "unit": "kg"}, {"date": "2020-01-01", "country": "Poland", "value": "11506", "unit": "kg"}, {"date": "2020-02-01", "country": "Poland", "value": "19796", "unit": "kg"}, {"date": "2020-03-01", "country": "Poland", "value": "5444", "unit": "kg"}, {"date": "2020-04-01", "country": "Poland", "value": "4123", "unit": "kg"}, {"date": "2018-11-01", "country": "United Kingdom", "value": "0", "unit": "kg"}, {"date": "2018-12-01", "country": "United Kingdom", "value": "0", "unit": "kg"}, {"date": "2019-01-01", "country": "United Kingdom", "value": "0", "unit": "kg"}, {"date": "2019-02-01", "country": "United Kingdom", "value": "0", "unit": "kg"}, {"date": "2019-03-01", "country": "United Kingdom", "value": "0", "unit": "kg"}, {"date": "2019-04-01", "country": "United Kingdom", "value": "0", "unit": "kg"}, {"date": "2019-05-01", "country": "United Kingdom", "value": "0", "unit": "kg"}, {"date": "2019-06-01", "country": "United Kingdom", "value": "0", "unit": "kg"}, {"date": "2019-07-01", "country": "United Kingdom", "value": "0", "unit": "kg"}, {"date": "2019-08-01", "country": "United Kingdom", "value": "0", "unit": "kg"}, {"date": "2019-09-01", "country": "United Kingdom", "value": "5", "unit": "kg"}, {"date": "2019-10-01", "country": "United Kingdom", "value": "0", "unit": "kg"}, {"date": "2019-11-01", "country": "United Kingdom", "value": "0", "unit": "kg"}, {"date": "2019-12-01", "country": "United Kingdom", "value": "10", "unit": "kg"}, {"date": "2020-01-01", "country": "United Kingdom", "value": "10", "unit": "kg"}, {"date": "2020-02-01", "country": "United Kingdom", "value": "15", "unit": "kg"}, {"date": "2020-03-01", "country": "United Kingdom", "value": "0", "unit": "kg"}, {"date": "2020-04-01", "country": "United Kingdom", "value": "0", "unit": "kg"}, {"date": "2018-11-01", "country": "Romania", "value": "0", "unit": "kg"}, {"date": "2018-12-01", "country": "Romania", "value": "0", "unit": "kg"}, {"date": "2019-01-01", "country": "Romania", "value": "0", "unit": "kg"}, {"date": "2019-02-01", "country": "Romania", "value": "371", "unit": "kg"}, {"date": "2019-03-01", "country": "Romania", "value": "0", "unit": "kg"}, {"date": "2019-04-01", "country": "Romania", "value": "0", "unit": "kg"}, {"date": "2019-05-01", "country": "Romania", "value": "882", "unit": "kg"}, {"date": "2019-06-01", "country": "Romania", "value": "448", "unit": "kg"}, {"date": "2019-07-01", "country": "Romania", "value": "0", "unit": "kg"}, {"date": "2019-08-01", "country": "Romania", "value": "0", "unit": "kg"}, {"date": "2019-09-01", "country": "Romania", "value": "0", "unit": "kg"}, {"date": "2019-10-01", "country": "Romania", "value": "364", "unit": "kg"}, {"date": "2019-11-01", "country": "Romania", "value": "1656", "unit": "kg"}, {"date": "2019-12-01", "country": "Romania", "value": "2945", "unit": "kg"}, {"date": "2020-01-01", "country": "Romania", "value": "0", "unit": "kg"}, {"date": "2020-02-01", "country": "Romania", "value": "882", "unit": "kg"}, {"date": "2020-03-01", "country": "Romania", "value": "0", "unit": "kg"}, {"date": "2020-04-01", "country": "Romania", "value": "882", "unit": "kg"}, {"date": "2018-11-01", "country": "Italy", "value": "0", "unit": "kg"}, {"date": "2018-12-01", "country": "Italy", "value": "1", "unit": "kg"}, {"date": "2019-01-01", "country": "Italy", "value": "0", "unit": "kg"}, {"date": "2019-02-01", "country": "Italy", "value": "0", "unit": "kg"}, {"date": "2019-03-01", "country": "Italy", "value": "13", "unit": "kg"}, {"date": "2019-04-01", "country": "Italy", "value": "0", "unit": "kg"}, {"date": "2019-05-01", "country": "Italy", "value": "0", "unit": "kg"}, {"date": "2019-06-01", "country": "Italy", "value": "10", "unit": "kg"}, {"date": "2019-07-01", "country": "Italy", "value": "0", "unit": "kg"}, {"date": "2019-08-01", "country": "Italy", "value": "13", "unit": "kg"}, {"date": "2019-09-01", "country": "Italy", "value": "24003", "unit": "kg"}, {"date": "2019-10-01", "country": "Italy", "value": "4999", "unit": "kg"}, {"date": "2019-11-01", "country": "Italy", "value": "24000", "unit": "kg"}, {"date": "2019-12-01", "country": "Italy", "value": "3", "unit": "kg"}, {"date": "2020-01-01", "country": "Italy", "value": "0", "unit": "kg"}, {"date": "2020-02-01", "country": "Italy", "value": "0", "unit": "kg"}, {"date": "2020-03-01", "country": "Italy", "value": "0", "unit": "kg"}, {"date": "2020-04-01", "country": "Italy", "value": "128", "unit": "kg"}, {"date": "2018-11-01", "country": "Latvia", "value": "0", "unit": "kg"}, {"date": "2018-12-01", "country": "Latvia", "value": "94", "unit": "kg"}, {"date": "2019-01-01", "country": "Latvia", "value": "0", "unit": "kg"}, {"date": "2019-02-01", "country": "Latvia", "value": "0", "unit": "kg"}, {"date": "2019-03-01", "country": "Latvia", "value": "0", "unit": "kg"}, {"date": "2019-04-01", "country": "Latvia", "value": "0", "unit": "kg"}, {"date": "2019-05-01", "country": "Latvia", "value": "0", "unit": "kg"}, {"date": "2019-06-01", "country": "Latvia", "value": "104", "unit": "kg"}, {"date": "2019-07-01", "country": "Latvia", "value": "75", "unit": "kg"}, {"date": "2019-08-01", "country": "Latvia", "value": "0", "unit": "kg"}, {"date": "2019-09-01", "country": "Latvia", "value": "0", "unit": "kg"}, {"date": "2019-10-01", "country": "Latvia", "value": "0", "unit": "kg"}, {"date": "2019-11-01", "country": "Latvia", "value": "0", "unit": "kg"}, {"date": "2019-12-01", "country": "Latvia", "value": "0", "unit": "kg"}, {"date": "2020-01-01", "country": "Latvia", "value": "0", "unit": "kg"}, {"date": "2020-02-01", "country": "Latvia", "value": "0", "unit": "kg"}, {"date": "2020-03-01", "country": "Latvia", "value": "146", "unit": "kg"}, {"date": "2020-04-01", "country": "Latvia", "value": "0", "unit": "kg"}, {"date": "2018-11-01", "country": "Lithuania", "value": "0", "unit": "kg"}, {"date": "2018-12-01", "country": "Lithuania", "value": "3", "unit": "kg"}, {"date": "2019-01-01", "country": "Lithuania", "value": "0", "unit": "kg"}, {"date": "2019-02-01", "country": "Lithuania", "value": "3", "unit": "kg"}, {"date": "2019-03-01", "country": "Lithuania", "value": "0", "unit": "kg"}, {"date": "2019-04-01", "country": "Lithuania", "value": "0", "unit": "kg"}, {"date": "2019-05-01", "country": "Lithuania", "value": "0", "unit": "kg"}, {"date": "2019-06-01", "country": "Lithuania", "value": "0", "unit": "kg"}, {"date": "2019-07-01", "country": "Lithuania", "value": "0", "unit": "kg"}, {"date": "2019-08-01", "country": "Lithuania", "value": "0", "unit": "kg"}, {"date": "2019-09-01", "country": "Lithuania", "value": "0", "unit": "kg"}, {"date": "2019-10-01", "country": "Lithuania", "value": "0", "unit": "kg"}, {"date": "2019-11-01", "country": "Lithuania", "value": "0", "unit": "kg"}, {"date": "2019-12-01", "country": "Lithuania", "value": "0", "unit": "kg"}, {"date": "2020-01-01", "country": "Lithuania", "value": "0", "unit": "kg"}, {"date": "2020-02-01", "country": "Lithuania", "value": "0", "unit": "kg"}, {"date": "2020-03-01", "country": "Lithuania", "value": "25", "unit": "kg"}, {"date": "2020-04-01", "country": "Lithuania", "value": "31", "unit": "kg"}, {"date": "2018-11-01", "country": "Austria", "value": "0", "unit": "kg"}, {"date": "2018-12-01", "country": "Austria", "value": "6", "unit": "kg"}, {"date": "2019-01-01", "country": "Austria", "value": "0", "unit": "kg"}, {"date": "2019-02-01", "country": "Austria", "value": "0", "unit": "kg"}, {"date": "2019-03-01", "country": "Austria", "value": "0", "unit": "kg"}, {"date": "2019-04-01", "country": "Austria", "value": "10", "unit": "kg"}, {"date": "2019-05-01", "country": "Austria", "value": "0", "unit": "kg"}, {"date": "2019-06-01", "country": "Austria", "value": "50", "unit": "kg"}, {"date": "2019-07-01", "country": "Austria", "value": "30", "unit": "kg"}, {"date": "2019-08-01", "country": "Austria", "value": "35", "unit": "kg"}, {"date": "2019-09-01", "country": "Austria", "value": "5", "unit": "kg"}, {"date": "2019-10-01", "country": "Austria", "value": "21", "unit": "kg"}, {"date": "2019-11-01", "country": "Austria", "value": "38", "unit": "kg"}, {"date": "2019-12-01", "country": "Austria", "value": "10", "unit": "kg"}, {"date": "2020-01-01", "country": "Austria", "value": "15", "unit": "kg"}, {"date": "2020-02-01", "country": "Austria", "value": "0", "unit": "kg"}, {"date": "2020-03-01", "country": "Austria", "value": "0", "unit": "kg"}, {"date": "2020-04-01", "country": "Austria", "value": "0", "unit": "kg"}, {"date": "2018-11-01", "country": "Bulgaria", "value": "0", "unit": "kg"}, {"date": "2018-12-01", "country": "Bulgaria", "value": "0", "unit": "kg"}, {"date": "2019-01-01", "country": "Bulgaria", "value": "0", "unit": "kg"}, {"date": "2019-02-01", "country": "Bulgaria", "value": "0", "unit": "kg"}, {"date": "2019-03-01", "country": "Bulgaria", "value": "0", "unit": "kg"}, {"date": "2019-04-01", "country": "Bulgaria", "value": "0", "unit": "kg"}, {"date": "2019-05-01", "country": "Bulgaria", "value": "350", "unit": "kg"}, {"date": "2019-06-01", "country": "Bulgaria", "value": "0", "unit": "kg"}, {"date": "2019-07-01", "country": "Bulgaria", "value": "1590", "unit": "kg"}, {"date": "2019-08-01", "country": "Bulgaria", "value": "0", "unit": "kg"}, {"date": "2019-09-01", "country": "Bulgaria", "value": "0", "unit": "kg"}, {"date": "2019-10-01", "country": "Bulgaria", "value": "0", "unit": "kg"}, {"date": "2019-11-01", "country": "Bulgaria", "value": "0", "unit": "kg"}, {"date": "2019-12-01", "country": "Bulgaria", "value": "0", "unit": "kg"}, {"date": "2020-01-01", "country": "Bulgaria", "value": "0", "unit": "kg"}, {"date": "2020-02-01", "country": "Bulgaria", "value": "0", "unit": "kg"}, {"date": "2020-03-01", "country": "Bulgaria", "value": "0", "unit": "kg"}, {"date": "2020-04-01", "country": "Bulgaria", "value": "735", "unit": "kg"}, {"date": "2018-11-01", "country": "Croatia", "value": "0", "unit": "kg"}, {"date": "2018-12-01", "country": "Croatia", "value": "0", "unit": "kg"}, {"date": "2019-01-01", "country": "Croatia", "value": "525", "unit": "kg"}, {"date": "2019-02-01", "country": "Croatia", "value": "0", "unit": "kg"}, {"date": "2019-03-01", "country": "Croatia", "value": "0", "unit": "kg"}, {"date": "2019-04-01", "country": "Croatia", "value": "0", "unit": "kg"}, {"date": "2019-05-01", "country": "Croatia", "value": "0", "unit": "kg"}, {"date": "2019-06-01", "country": "Croatia", "value": "0", "unit": "kg"}, {"date": "2019-07-01", "country": "Croatia", "value": "0", "unit": "kg"}, {"date": "2019-08-01", "country": "Croatia", "value": "0", "unit": "kg"}, {"date": "2019-09-01", "country": "Croatia", "value": "0", "unit": "kg"}, {"date": "2019-10-01", "country": "Croatia", "value": "0", "unit": "kg"}, {"date": "2019-11-01", "country": "Croatia", "value": "0", "unit": "kg"}, {"date": "2019-12-01", "country": "Croatia", "value": "643", "unit": "kg"}, {"date": "2020-01-01", "country": "Croatia", "value": "0", "unit": "kg"}, {"date": "2020-02-01", "country": "Croatia", "value": "510", "unit": "kg"}, {"date": "2020-03-01", "country": "Croatia", "value": "0", "unit": "kg"}, {"date": "2020-04-01", "country": "Croatia", "value": "0", "unit": "kg"}]