[{"date": "2018-12-01", "country_from": "RO", "country_to": "SK", "value": "0", "unit": "kg"}, {"date": "2019-01-01", "country_from": "RO", "country_to": "SK", "value": "191040", "unit": "kg"}, {"date": "2019-02-01", "country_from": "RO", "country_to": "SK", "value": "214920", "unit": "kg"}, {"date": "2019-03-01", "country_from": "RO", "country_to": "SK", "value": "238630", "unit": "kg"}, {"date": "2019-04-01", "country_from": "RO", "country_to": "SK", "value": "262598", "unit": "kg"}, {"date": "2019-05-01", "country_from": "RO", "country_to": "SK", "value": "385800", "unit": "kg"}, {"date": "2019-06-01", "country_from": "RO", "country_to": "SK", "value": "501480", "unit": "kg"}, {"date": "2019-07-01", "country_from": "RO", "country_to": "SK", "value": "597000", "unit": "kg"}, {"date": "2019-08-01", "country_from": "RO", "country_to": "SK", "value": "167160", "unit": "kg"}, {"date": "2019-09-01", "country_from": "RO", "country_to": "SK", "value": "477600", "unit": "kg"}, {"date": "2019-10-01", "country_from": "RO", "country_to": "SK", "value": "525360", "unit": "kg"}, {"date": "2019-11-01", "country_from": "RO", "country_to": "SK", "value": "358200", "unit": "kg"}, {"date": "2019-12-01", "country_from": "RO", "country_to": "SK", "value": "286560", "unit": "kg"}, {"date": "2020-01-01", "country_from": "RO", "country_to": "SK", "value": "475104", "unit": "kg"}, {"date": "2020-02-01", "country_from": "RO", "country_to": "SK", "value": "290791", "unit": "kg"}, {"date": "2020-03-01", "country_from": "RO", "country_to": "SK", "value": "1667", "unit": "kg"}, {"date": "2020-04-01", "country_from": "RO", "country_to": "SK", "value": "818024", "unit": "kg"}, {"date": "2020-05-01", "country_from": "RO", "country_to": "SK", "value": "409521", "unit": "kg"}, {"date": "2020-06-01", "country_from": "RO", "country_to": "SK", "value": "250492", "unit": "kg"}, {"date": "2020-07-01", "country_from": "RO", "country_to": "SK", "value": "441455", "unit": "kg"}, {"date": "2018-12-01", "country_from": "RO", "country_to": "PL", "value": "35000", "unit": "kg"}, {"date": "2019-01-01", "country_from": "RO", "country_to": "PL", "value": "2000", "unit": "kg"}, {"date": "2019-02-01", "country_from": "RO", "country_to": "PL", "value": "24000", "unit": "kg"}, {"date": "2019-03-01", "country_from": "RO", "country_to": "PL", "value": "70000", "unit": "kg"}, {"date": "2019-04-01", "country_from": "RO", "country_to": "PL", "value": "0", "unit": "kg"}, {"date": "2019-05-01", "country_from": "RO", "country_to": "PL", "value": "0", "unit": "kg"}, {"date": "2019-06-01", "country_from": "RO", "country_to": "PL", "value": "48000", "unit": "kg"}, {"date": "2019-07-01", "country_from": "RO", "country_to": "PL", "value": "24000", "unit": "kg"}, {"date": "2019-08-01", "country_from": "RO", "country_to": "PL", "value": "0", "unit": "kg"}, {"date": "2019-09-01", "country_from": "RO", "country_to": "PL", "value": "23000", "unit": "kg"}, {"date": "2019-10-01", "country_from": "RO", "country_to": "PL", "value": "0", "unit": "kg"}, {"date": "2019-11-01", "country_from": "RO", "country_to": "PL", "value": "66000", "unit": "kg"}, {"date": "2019-12-01", "country_from": "RO", "country_to": "PL", "value": "47000", "unit": "kg"}, {"date": "2020-01-01", "country_from": "RO", "country_to": "PL", "value": "23017", "unit": "kg"}, {"date": "2020-02-01", "country_from": "RO", "country_to": "PL", "value": "47467", "unit": "kg"}, {"date": "2020-03-01", "country_from": "RO", "country_to": "PL", "value": "494", "unit": "kg"}, {"date": "2020-04-01", "country_from": "RO", "country_to": "PL", "value": "23000", "unit": "kg"}, {"date": "2020-05-01", "country_from": "RO", "country_to": "PL", "value": "0", "unit": "kg"}, {"date": "2020-06-01", "country_from": "RO", "country_to": "PL", "value": "1095", "unit": "kg"}, {"date": "2020-07-01", "country_from": "RO", "country_to": "PL", "value": "23808", "unit": "kg"}, {"date": "2018-12-01", "country_from": "RO", "country_to": "-", "value": "0", "unit": "kg"}, {"date": "2019-01-01", "country_from": "RO", "country_to": "-", "value": "240000", "unit": "kg"}, {"date": "2019-02-01", "country_from": "RO", "country_to": "-", "value": "336000", "unit": "kg"}, {"date": "2019-03-01", "country_from": "RO", "country_to": "-", "value": "480050", "unit": "kg"}, {"date": "2019-04-01", "country_from": "RO", "country_to": "-", "value": "216000", "unit": "kg"}, {"date": "2019-05-01", "country_from": "RO", "country_to": "-", "value": "552000", "unit": "kg"}, {"date": "2019-06-01", "country_from": "RO", "country_to": "-", "value": "336000", "unit": "kg"}, {"date": "2019-07-01", "country_from": "RO", "country_to": "-", "value": "360000", "unit": "kg"}, {"date": "2019-08-01", "country_from": "RO", "country_to": "-", "value": "264000", "unit": "kg"}, {"date": "2019-09-01", "country_from": "RO", "country_to": "-", "value": "336000", "unit": "kg"}, {"date": "2019-10-01", "country_from": "RO", "country_to": "-", "value": "120000", "unit": "kg"}, {"date": "2019-11-01", "country_from": "RO", "country_to": "-", "value": "384000", "unit": "kg"}, {"date": "2019-12-01", "country_from": "RO", "country_to": "-", "value": "168000", "unit": "kg"}, {"date": "2020-01-01", "country_from": "RO", "country_to": "-", "value": "50052", "unit": "kg"}, {"date": "2020-02-01", "country_from": "RO", "country_to": "-", "value": "222813", "unit": "kg"}, {"date": "2020-03-01", "country_from": "RO", "country_to": "-", "value": "3467", "unit": "kg"}, {"date": "2020-04-01", "country_from": "RO", "country_to": "-", "value": "3647", "unit": "kg"}, {"date": "2020-05-01", "country_from": "RO", "country_to": "-", "value": "4768", "unit": "kg"}, {"date": "2020-06-01", "country_from": "RO", "country_to": "-", "value": "7701", "unit": "kg"}, {"date": "2020-07-01", "country_from": "RO", "country_to": "-", "value": "6531", "unit": "kg"}, {"date": "2018-12-01", "country_from": "RO", "country_to": "FI", "value": "0", "unit": "kg"}, {"date": "2019-01-01", "country_from": "RO", "country_to": "FI", "value": "22000", "unit": "kg"}, {"date": "2019-02-01", "country_from": "RO", "country_to": "FI", "value": "66000", "unit": "kg"}, {"date": "2019-03-01", "country_from": "RO", "country_to": "FI", "value": "88000", "unit": "kg"}, {"date": "2019-04-01", "country_from": "RO", "country_to": "FI", "value": "110025", "unit": "kg"}, {"date": "2019-05-01", "country_from": "RO", "country_to": "FI", "value": "154050", "unit": "kg"}, {"date": "2019-06-01", "country_from": "RO", "country_to": "FI", "value": "110000", "unit": "kg"}, {"date": "2019-07-01", "country_from": "RO", "country_to": "FI", "value": "176000", "unit": "kg"}, {"date": "2019-08-01", "country_from": "RO", "country_to": "FI", "value": "132000", "unit": "kg"}, {"date": "2019-09-01", "country_from": "RO", "country_to": "FI", "value": "44000", "unit": "kg"}, {"date": "2019-10-01", "country_from": "RO", "country_to": "FI", "value": "44000", "unit": "kg"}, {"date": "2019-11-01", "country_from": "RO", "country_to": "FI", "value": "66000", "unit": "kg"}, {"date": "2019-12-01", "country_from": "RO", "country_to": "FI", "value": "22000", "unit": "kg"}, {"date": "2020-01-01", "country_from": "RO", "country_to": "FI", "value": "44192", "unit": "kg"}, {"date": "2020-02-01", "country_from": "RO", "country_to": "FI", "value": "1351", "unit": "kg"}, {"date": "2020-03-01", "country_from": "RO", "country_to": "FI", "value": "0", "unit": "kg"}, {"date": "2020-04-01", "country_from": "RO", "country_to": "FI", "value": "1875", "unit": "kg"}, {"date": "2020-05-01", "country_from": "RO", "country_to": "FI", "value": "1308", "unit": "kg"}, {"date": "2020-06-01", "country_from": "RO", "country_to": "FI", "value": "2407", "unit": "kg"}, {"date": "2020-07-01", "country_from": "RO", "country_to": "FI", "value": "2963", "unit": "kg"}, {"date": "2018-12-01", "country_from": "RO", "country_to": "DE", "value": "4000", "unit": "kg"}, {"date": "2019-01-01", "country_from": "RO", "country_to": "DE", "value": "75", "unit": "kg"}, {"date": "2019-03-01", "country_from": "RO", "country_to": "DE", "value": "1607", "unit": "kg"}, {"date": "2019-04-01", "country_from": "RO", "country_to": "DE", "value": "0", "unit": "kg"}, {"date": "2019-05-01", "country_from": "RO", "country_to": "DE", "value": "15100", "unit": "kg"}, {"date": "2019-06-01", "country_from": "RO", "country_to": "DE", "value": "0", "unit": "kg"}, {"date": "2019-07-01", "country_from": "RO", "country_to": "DE", "value": "120200", "unit": "kg"}, {"date": "2019-08-01", "country_from": "RO", "country_to": "DE", "value": "133000", "unit": "kg"}, {"date": "2019-09-01", "country_from": "RO", "country_to": "DE", "value": "279000", "unit": "kg"}, {"date": "2019-10-01", "country_from": "RO", "country_to": "DE", "value": "132000", "unit": "kg"}, {"date": "2019-11-01", "country_from": "RO", "country_to": "DE", "value": "1274", "unit": "kg"}, {"date": "2019-12-01", "country_from": "RO", "country_to": "DE", "value": "0", "unit": "kg"}, {"date": "2020-01-01", "country_from": "RO", "country_to": "DE", "value": "1877", "unit": "kg"}, {"date": "2020-02-01", "country_from": "RO", "country_to": "DE", "value": "23600", "unit": "kg"}, {"date": "2020-03-01", "country_from": "RO", "country_to": "DE", "value": "29890", "unit": "kg"}, {"date": "2020-04-01", "country_from": "RO", "country_to": "DE", "value": "40038", "unit": "kg"}, {"date": "2020-05-01", "country_from": "RO", "country_to": "DE", "value": "7070", "unit": "kg"}, {"date": "2020-06-01", "country_from": "RO", "country_to": "DE", "value": "84790", "unit": "kg"}, {"date": "2020-07-01", "country_from": "RO", "country_to": "DE", "value": "2574", "unit": "kg"}, {"date": "2018-12-01", "country_from": "RO", "country_to": "MD", "value": "985", "unit": "kg"}, {"date": "2019-01-01", "country_from": "RO", "country_to": "MD", "value": "0", "unit": "kg"}, {"date": "2019-02-01", "country_from": "RO", "country_to": "MD", "value": "1232", "unit": "kg"}, {"date": "2019-03-01", "country_from": "RO", "country_to": "MD", "value": "1344", "unit": "kg"}, {"date": "2019-04-01", "country_from": "RO", "country_to": "MD", "value": "994", "unit": "kg"}, {"date": "2019-05-01", "country_from": "RO", "country_to": "MD", "value": "0", "unit": "kg"}, {"date": "2019-06-01", "country_from": "RO", "country_to": "MD", "value": "749", "unit": "kg"}, {"date": "2019-07-01", "country_from": "RO", "country_to": "MD", "value": "0", "unit": "kg"}, {"date": "2019-08-01", "country_from": "RO", "country_to": "MD", "value": "1483", "unit": "kg"}, {"date": "2019-09-01", "country_from": "RO", "country_to": "MD", "value": "1004", "unit": "kg"}, {"date": "2019-10-01", "country_from": "RO", "country_to": "MD", "value": "1686", "unit": "kg"}, {"date": "2019-11-01", "country_from": "RO", "country_to": "MD", "value": "1108", "unit": "kg"}, {"date": "2019-12-01", "country_from": "RO", "country_to": "MD", "value": "1726", "unit": "kg"}, {"date": "2020-01-01", "country_from": "RO", "country_to": "MD", "value": "1612", "unit": "kg"}, {"date": "2020-02-01", "country_from": "RO", "country_to": "MD", "value": "2131", "unit": "kg"}, {"date": "2020-03-01", "country_from": "RO", "country_to": "MD", "value": "1180", "unit": "kg"}, {"date": "2020-04-01", "country_from": "RO", "country_to": "MD", "value": "1658", "unit": "kg"}, {"date": "2020-05-01", "country_from": "RO", "country_to": "MD", "value": "2680", "unit": "kg"}, {"date": "2020-06-01", "country_from": "RO", "country_to": "MD", "value": "705", "unit": "kg"}, {"date": "2020-07-01", "country_from": "RO", "country_to": "MD", "value": "922", "unit": "kg"}, {"date": "2018-12-01", "country_from": "RO", "country_to": "GB", "value": "2504", "unit": "kg"}, {"date": "2019-01-01", "country_from": "RO", "country_to": "GB", "value": "730", "unit": "kg"}, {"date": "2019-02-01", "country_from": "RO", "country_to": "GB", "value": "2642", "unit": "kg"}, {"date": "2019-03-01", "country_from": "RO", "country_to": "GB", "value": "2964", "unit": "kg"}, {"date": "2019-04-01", "country_from": "RO", "country_to": "GB", "value": "1726", "unit": "kg"}, {"date": "2019-05-01", "country_from": "RO", "country_to": "GB", "value": "2098", "unit": "kg"}, {"date": "2019-06-01", "country_from": "RO", "country_to": "GB", "value": "2050", "unit": "kg"}, {"date": "2019-07-01", "country_from": "RO", "country_to": "GB", "value": "944", "unit": "kg"}, {"date": "2019-08-01", "country_from": "RO", "country_to": "GB", "value": "1602", "unit": "kg"}, {"date": "2019-09-01", "country_from": "RO", "country_to": "GB", "value": "3786", "unit": "kg"}, {"date": "2019-10-01", "country_from": "RO", "country_to": "GB", "value": "2172", "unit": "kg"}, {"date": "2019-11-01", "country_from": "RO", "country_to": "GB", "value": "10894", "unit": "kg"}, {"date": "2019-12-01", "country_from": "RO", "country_to": "GB", "value": "2321", "unit": "kg"}, {"date": "2020-01-01", "country_from": "RO", "country_to": "GB", "value": "5408", "unit": "kg"}, {"date": "2020-02-01", "country_from": "RO", "country_to": "GB", "value": "2540", "unit": "kg"}, {"date": "2020-03-01", "country_from": "RO", "country_to": "GB", "value": "9243", "unit": "kg"}, {"date": "2020-04-01", "country_from": "RO", "country_to": "GB", "value": "14244", "unit": "kg"}, {"date": "2020-05-01", "country_from": "RO", "country_to": "GB", "value": "3993", "unit": "kg"}, {"date": "2020-06-01", "country_from": "RO", "country_to": "GB", "value": "1393", "unit": "kg"}, {"date": "2020-07-01", "country_from": "RO", "country_to": "GB", "value": "826", "unit": "kg"}, {"date": "2019-01-01", "country_from": "RO", "country_to": "BG", "value": "0", "unit": "kg"}, {"date": "2019-02-01", "country_from": "RO", "country_to": "BG", "value": "616", "unit": "kg"}, {"date": "2019-03-01", "country_from": "RO", "country_to": "BG", "value": "3000", "unit": "kg"}, {"date": "2019-04-01", "country_from": "RO", "country_to": "BG", "value": "1000", "unit": "kg"}, {"date": "2019-06-01", "country_from": "RO", "country_to": "BG", "value": "0", "unit": "kg"}, {"date": "2019-07-01", "country_from": "RO", "country_to": "BG", "value": "2000", "unit": "kg"}, {"date": "2019-08-01", "country_from": "RO", "country_to": "BG", "value": "22000", "unit": "kg"}, {"date": "2019-09-01", "country_from": "RO", "country_to": "BG", "value": "462", "unit": "kg"}, {"date": "2019-10-01", "country_from": "RO", "country_to": "BG", "value": "24000", "unit": "kg"}, {"date": "2019-12-01", "country_from": "RO", "country_to": "BG", "value": "22000", "unit": "kg"}, {"date": "2020-01-01", "country_from": "RO", "country_to": "BG", "value": "0", "unit": "kg"}, {"date": "2020-02-01", "country_from": "RO", "country_to": "BG", "value": "2566", "unit": "kg"}, {"date": "2020-03-01", "country_from": "RO", "country_to": "BG", "value": "70", "unit": "kg"}, {"date": "2020-04-01", "country_from": "RO", "country_to": "BG", "value": "988", "unit": "kg"}, {"date": "2020-05-01", "country_from": "RO", "country_to": "BG", "value": "1000", "unit": "kg"}, {"date": "2020-06-01", "country_from": "RO", "country_to": "BG", "value": "2000", "unit": "kg"}, {"date": "2020-07-01", "country_from": "RO", "country_to": "BG", "value": "665", "unit": "kg"}, {"date": "2018-12-01", "country_from": "RO", "country_to": "IE", "value": "0", "unit": "kg"}, {"date": "2019-01-01", "country_from": "RO", "country_to": "IE", "value": "0", "unit": "kg"}, {"date": "2019-02-01", "country_from": "RO", "country_to": "IE", "value": "0", "unit": "kg"}, {"date": "2019-03-01", "country_from": "RO", "country_to": "IE", "value": "0", "unit": "kg"}, {"date": "2019-04-01", "country_from": "RO", "country_to": "IE", "value": "0", "unit": "kg"}, {"date": "2019-05-01", "country_from": "RO", "country_to": "IE", "value": "0", "unit": "kg"}, {"date": "2019-06-01", "country_from": "RO", "country_to": "IE", "value": "0", "unit": "kg"}, {"date": "2019-07-01", "country_from": "RO", "country_to": "IE", "value": "0", "unit": "kg"}, {"date": "2019-08-01", "country_from": "RO", "country_to": "IE", "value": "0", "unit": "kg"}, {"date": "2019-09-01", "country_from": "RO", "country_to": "IE", "value": "539", "unit": "kg"}, {"date": "2019-10-01", "country_from": "RO", "country_to": "IE", "value": "0", "unit": "kg"}, {"date": "2019-11-01", "country_from": "RO", "country_to": "IE", "value": "0", "unit": "kg"}, {"date": "2019-12-01", "country_from": "RO", "country_to": "IE", "value": "0", "unit": "kg"}, {"date": "2020-01-01", "country_from": "RO", "country_to": "IE", "value": "0", "unit": "kg"}, {"date": "2020-02-01", "country_from": "RO", "country_to": "IE", "value": "630", "unit": "kg"}, {"date": "2020-03-01", "country_from": "RO", "country_to": "IE", "value": "1223", "unit": "kg"}, {"date": "2020-04-01", "country_from": "RO", "country_to": "IE", "value": "2372", "unit": "kg"}, {"date": "2020-05-01", "country_from": "RO", "country_to": "IE", "value": "650", "unit": "kg"}, {"date": "2020-06-01", "country_from": "RO", "country_to": "IE", "value": "0", "unit": "kg"}, {"date": "2020-07-01", "country_from": "RO", "country_to": "IE", "value": "507", "unit": "kg"}, {"date": "2018-12-01", "country_from": "RO", "country_to": "FR", "value": "100", "unit": "kg"}, {"date": "2019-01-01", "country_from": "RO", "country_to": "FR", "value": "0", "unit": "kg"}, {"date": "2019-03-01", "country_from": "RO", "country_to": "FR", "value": "230", "unit": "kg"}, {"date": "2019-04-01", "country_from": "RO", "country_to": "FR", "value": "200", "unit": "kg"}, {"date": "2019-05-01", "country_from": "RO", "country_to": "FR", "value": "20", "unit": "kg"}, {"date": "2019-06-01", "country_from": "RO", "country_to": "FR", "value": "0", "unit": "kg"}, {"date": "2019-07-01", "country_from": "RO", "country_to": "FR", "value": "0", "unit": "kg"}, {"date": "2019-08-01", "country_from": "RO", "country_to": "FR", "value": "30", "unit": "kg"}, {"date": "2019-09-01", "country_from": "RO", "country_to": "FR", "value": "0", "unit": "kg"}, {"date": "2019-10-01", "country_from": "RO", "country_to": "FR", "value": "240", "unit": "kg"}, {"date": "2019-11-01", "country_from": "RO", "country_to": "FR", "value": "1700", "unit": "kg"}, {"date": "2019-12-01", "country_from": "RO", "country_to": "FR", "value": "250", "unit": "kg"}, {"date": "2020-01-01", "country_from": "RO", "country_to": "FR", "value": "1421", "unit": "kg"}, {"date": "2020-02-01", "country_from": "RO", "country_to": "FR", "value": "560", "unit": "kg"}, {"date": "2020-03-01", "country_from": "RO", "country_to": "FR", "value": "705", "unit": "kg"}, {"date": "2020-04-01", "country_from": "RO", "country_to": "FR", "value": "2271", "unit": "kg"}, {"date": "2020-05-01", "country_from": "RO", "country_to": "FR", "value": "820", "unit": "kg"}, {"date": "2020-06-01", "country_from": "RO", "country_to": "FR", "value": "170", "unit": "kg"}, {"date": "2020-07-01", "country_from": "RO", "country_to": "FR", "value": "234", "unit": "kg"}, {"date": "2018-12-01", "country_from": "RO", "country_to": "IT", "value": "0", "unit": "kg"}, {"date": "2019-01-01", "country_from": "RO", "country_to": "IT", "value": "0", "unit": "kg"}, {"date": "2019-03-01", "country_from": "RO", "country_to": "IT", "value": "0", "unit": "kg"}, {"date": "2019-04-01", "country_from": "RO", "country_to": "IT", "value": "170", "unit": "kg"}, {"date": "2019-05-01", "country_from": "RO", "country_to": "IT", "value": "500", "unit": "kg"}, {"date": "2019-06-01", "country_from": "RO", "country_to": "IT", "value": "0", "unit": "kg"}, {"date": "2019-07-01", "country_from": "RO", "country_to": "IT", "value": "61", "unit": "kg"}, {"date": "2019-08-01", "country_from": "RO", "country_to": "IT", "value": "22240", "unit": "kg"}, {"date": "2019-09-01", "country_from": "RO", "country_to": "IT", "value": "0", "unit": "kg"}, {"date": "2019-10-01", "country_from": "RO", "country_to": "IT", "value": "0", "unit": "kg"}, {"date": "2019-11-01", "country_from": "RO", "country_to": "IT", "value": "211", "unit": "kg"}, {"date": "2019-12-01", "country_from": "RO", "country_to": "IT", "value": "641", "unit": "kg"}, {"date": "2020-01-01", "country_from": "RO", "country_to": "IT", "value": "1061", "unit": "kg"}, {"date": "2020-02-01", "country_from": "RO", "country_to": "IT", "value": "764", "unit": "kg"}, {"date": "2020-03-01", "country_from": "RO", "country_to": "IT", "value": "523", "unit": "kg"}, {"date": "2020-04-01", "country_from": "RO", "country_to": "IT", "value": "2209", "unit": "kg"}, {"date": "2020-05-01", "country_from": "RO", "country_to": "IT", "value": "430", "unit": "kg"}, {"date": "2020-06-01", "country_from": "RO", "country_to": "IT", "value": "128", "unit": "kg"}, {"date": "2020-07-01", "country_from": "RO", "country_to": "IT", "value": "189", "unit": "kg"}, {"date": "2018-12-01", "country_from": "RO", "country_to": "LV", "value": "0", "unit": "kg"}, {"date": "2019-01-01", "country_from": "RO", "country_to": "LV", "value": "48000", "unit": "kg"}, {"date": "2019-02-01", "country_from": "RO", "country_to": "LV", "value": "0", "unit": "kg"}, {"date": "2019-03-01", "country_from": "RO", "country_to": "LV", "value": "4000", "unit": "kg"}, {"date": "2019-04-01", "country_from": "RO", "country_to": "LV", "value": "0", "unit": "kg"}, {"date": "2019-05-01", "country_from": "RO", "country_to": "LV", "value": "46000", "unit": "kg"}, {"date": "2019-06-01", "country_from": "RO", "country_to": "LV", "value": "0", "unit": "kg"}, {"date": "2019-07-01", "country_from": "RO", "country_to": "LV", "value": "24000", "unit": "kg"}, {"date": "2019-08-01", "country_from": "RO", "country_to": "LV", "value": "0", "unit": "kg"}, {"date": "2019-09-01", "country_from": "RO", "country_to": "LV", "value": "0", "unit": "kg"}, {"date": "2019-10-01", "country_from": "RO", "country_to": "LV", "value": "24000", "unit": "kg"}, {"date": "2019-11-01", "country_from": "RO", "country_to": "LV", "value": "24000", "unit": "kg"}, {"date": "2019-12-01", "country_from": "RO", "country_to": "LV", "value": "0", "unit": "kg"}, {"date": "2020-01-01", "country_from": "RO", "country_to": "LV", "value": "24421", "unit": "kg"}, {"date": "2020-02-01", "country_from": "RO", "country_to": "LV", "value": "0", "unit": "kg"}, {"date": "2020-03-01", "country_from": "RO", "country_to": "LV", "value": "0", "unit": "kg"}, {"date": "2020-04-01", "country_from": "RO", "country_to": "LV", "value": "0", "unit": "kg"}, {"date": "2020-05-01", "country_from": "RO", "country_to": "LV", "value": "0", "unit": "kg"}, {"date": "2020-06-01", "country_from": "RO", "country_to": "LV", "value": "0", "unit": "kg"}, {"date": "2020-07-01", "country_from": "RO", "country_to": "LV", "value": "0", "unit": "kg"}, {"date": "2018-12-01", "country_from": "RO", "country_to": "LT", "value": "0", "unit": "kg"}, {"date": "2019-01-01", "country_from": "RO", "country_to": "LT", "value": "48000", "unit": "kg"}, {"date": "2019-02-01", "country_from": "RO", "country_to": "LT", "value": "72000", "unit": "kg"}, {"date": "2019-03-01", "country_from": "RO", "country_to": "LT", "value": "72000", "unit": "kg"}, {"date": "2019-04-01", "country_from": "RO", "country_to": "LT", "value": "0", "unit": "kg"}, {"date": "2019-05-01", "country_from": "RO", "country_to": "LT", "value": "24000", "unit": "kg"}, {"date": "2019-06-01", "country_from": "RO", "country_to": "LT", "value": "24000", "unit": "kg"}, {"date": "2019-07-01", "country_from": "RO", "country_to": "LT", "value": "24000", "unit": "kg"}, {"date": "2019-08-01", "country_from": "RO", "country_to": "LT", "value": "0", "unit": "kg"}, {"date": "2019-10-01", "country_from": "RO", "country_to": "LT", "value": "24000", "unit": "kg"}, {"date": "2019-12-01", "country_from": "RO", "country_to": "LT", "value": "72000", "unit": "kg"}, {"date": "2020-01-01", "country_from": "RO", "country_to": "LT", "value": "24407", "unit": "kg"}, {"date": "2020-02-01", "country_from": "RO", "country_to": "LT", "value": "49507", "unit": "kg"}, {"date": "2020-03-01", "country_from": "RO", "country_to": "LT", "value": "0", "unit": "kg"}, {"date": "2020-04-01", "country_from": "RO", "country_to": "LT", "value": "0", "unit": "kg"}, {"date": "2020-05-01", "country_from": "RO", "country_to": "LT", "value": "0", "unit": "kg"}, {"date": "2020-06-01", "country_from": "RO", "country_to": "LT", "value": "0", "unit": "kg"}, {"date": "2020-07-01", "country_from": "RO", "country_to": "LT", "value": "0", "unit": "kg"}, {"date": "2018-12-01", "country_from": "RO", "country_to": "NL", "value": "0", "unit": "kg"}, {"date": "2019-01-01", "country_from": "RO", "country_to": "NL", "value": "0", "unit": "kg"}, {"date": "2019-02-01", "country_from": "RO", "country_to": "NL", "value": "0", "unit": "kg"}, {"date": "2019-03-01", "country_from": "RO", "country_to": "NL", "value": "0", "unit": "kg"}, {"date": "2019-04-01", "country_from": "RO", "country_to": "NL", "value": "0", "unit": "kg"}, {"date": "2019-05-01", "country_from": "RO", "country_to": "NL", "value": "0", "unit": "kg"}, {"date": "2019-06-01", "country_from": "RO", "country_to": "NL", "value": "0", "unit": "kg"}, {"date": "2019-07-01", "country_from": "RO", "country_to": "NL", "value": "0", "unit": "kg"}, {"date": "2019-08-01", "country_from": "RO", "country_to": "NL", "value": "0", "unit": "kg"}, {"date": "2019-09-01", "country_from": "RO", "country_to": "NL", "value": "0", "unit": "kg"}, {"date": "2019-10-01", "country_from": "RO", "country_to": "NL", "value": "0", "unit": "kg"}, {"date": "2019-11-01", "country_from": "RO", "country_to": "NL", "value": "0", "unit": "kg"}, {"date": "2019-12-01", "country_from": "RO", "country_to": "NL", "value": "0", "unit": "kg"}, {"date": "2020-01-01", "country_from": "RO", "country_to": "NL", "value": "0", "unit": "kg"}, {"date": "2020-02-01", "country_from": "RO", "country_to": "NL", "value": "0", "unit": "kg"}, {"date": "2020-03-01", "country_from": "RO", "country_to": "NL", "value": "20", "unit": "kg"}, {"date": "2020-04-01", "country_from": "RO", "country_to": "NL", "value": "20", "unit": "kg"}, {"date": "2020-05-01", "country_from": "RO", "country_to": "NL", "value": "0", "unit": "kg"}, {"date": "2020-06-01", "country_from": "RO", "country_to": "NL", "value": "20", "unit": "kg"}, {"date": "2020-07-01", "country_from": "RO", "country_to": "NL", "value": "0", "unit": "kg"}, {"date": "2018-12-01", "country_from": "RO", "country_to": "HU", "value": "0", "unit": "kg"}, {"date": "2019-01-01", "country_from": "RO", "country_to": "HU", "value": "0", "unit": "kg"}, {"date": "2019-02-01", "country_from": "RO", "country_to": "HU", "value": "24000", "unit": "kg"}, {"date": "2019-03-01", "country_from": "RO", "country_to": "HU", "value": "24000", "unit": "kg"}, {"date": "2019-04-01", "country_from": "RO", "country_to": "HU", "value": "24000", "unit": "kg"}, {"date": "2019-05-01", "country_from": "RO", "country_to": "HU", "value": "48000", "unit": "kg"}, {"date": "2019-06-01", "country_from": "RO", "country_to": "HU", "value": "23010", "unit": "kg"}, {"date": "2019-07-01", "country_from": "RO", "country_to": "HU", "value": "0", "unit": "kg"}, {"date": "2019-08-01", "country_from": "RO", "country_to": "HU", "value": "0", "unit": "kg"}, {"date": "2019-09-01", "country_from": "RO", "country_to": "HU", "value": "0", "unit": "kg"}, {"date": "2019-10-01", "country_from": "RO", "country_to": "HU", "value": "0", "unit": "kg"}, {"date": "2019-11-01", "country_from": "RO", "country_to": "HU", "value": "0", "unit": "kg"}, {"date": "2019-12-01", "country_from": "RO", "country_to": "HU", "value": "0", "unit": "kg"}, {"date": "2020-01-01", "country_from": "RO", "country_to": "HU", "value": "0", "unit": "kg"}, {"date": "2020-02-01", "country_from": "RO", "country_to": "HU", "value": "516", "unit": "kg"}, {"date": "2020-03-01", "country_from": "RO", "country_to": "HU", "value": "173", "unit": "kg"}, {"date": "2020-04-01", "country_from": "RO", "country_to": "HU", "value": "409", "unit": "kg"}, {"date": "2020-05-01", "country_from": "RO", "country_to": "HU", "value": "20578", "unit": "kg"}, {"date": "2020-06-01", "country_from": "RO", "country_to": "HU", "value": "562", "unit": "kg"}, {"date": "2020-07-01", "country_from": "RO", "country_to": "HU", "value": "0", "unit": "kg"}, {"date": "2018-12-01", "country_from": "RO", "country_to": "EE", "value": "0", "unit": "kg"}, {"date": "2019-01-01", "country_from": "RO", "country_to": "EE", "value": "24000", "unit": "kg"}, {"date": "2019-02-01", "country_from": "RO", "country_to": "EE", "value": "0", "unit": "kg"}, {"date": "2019-03-01", "country_from": "RO", "country_to": "EE", "value": "0", "unit": "kg"}, {"date": "2019-04-01", "country_from": "RO", "country_to": "EE", "value": "0", "unit": "kg"}, {"date": "2019-05-01", "country_from": "RO", "country_to": "EE", "value": "0", "unit": "kg"}, {"date": "2019-06-01", "country_from": "RO", "country_to": "EE", "value": "0", "unit": "kg"}, {"date": "2019-07-01", "country_from": "RO", "country_to": "EE", "value": "0", "unit": "kg"}, {"date": "2019-08-01", "country_from": "RO", "country_to": "EE", "value": "0", "unit": "kg"}, {"date": "2019-09-01", "country_from": "RO", "country_to": "EE", "value": "0", "unit": "kg"}, {"date": "2019-10-01", "country_from": "RO", "country_to": "EE", "value": "0", "unit": "kg"}, {"date": "2019-11-01", "country_from": "RO", "country_to": "EE", "value": "0", "unit": "kg"}, {"date": "2019-12-01", "country_from": "RO", "country_to": "EE", "value": "0", "unit": "kg"}, {"date": "2020-01-01", "country_from": "RO", "country_to": "EE", "value": "0", "unit": "kg"}, {"date": "2020-02-01", "country_from": "RO", "country_to": "EE", "value": "0", "unit": "kg"}, {"date": "2020-03-01", "country_from": "RO", "country_to": "EE", "value": "0", "unit": "kg"}, {"date": "2020-04-01", "country_from": "RO", "country_to": "EE", "value": "0", "unit": "kg"}, {"date": "2020-05-01", "country_from": "RO", "country_to": "EE", "value": "0", "unit": "kg"}, {"date": "2020-06-01", "country_from": "RO", "country_to": "EE", "value": "0", "unit": "kg"}, {"date": "2020-07-01", "country_from": "RO", "country_to": "EE", "value": "0", "unit": "kg"}, {"date": "2018-12-01", "country_from": "RO", "country_to": "AT", "value": "0", "unit": "kg"}, {"date": "2019-01-01", "country_from": "RO", "country_to": "AT", "value": "0", "unit": "kg"}, {"date": "2019-02-01", "country_from": "RO", "country_to": "AT", "value": "0", "unit": "kg"}, {"date": "2019-03-01", "country_from": "RO", "country_to": "AT", "value": "0", "unit": "kg"}, {"date": "2019-04-01", "country_from": "RO", "country_to": "AT", "value": "0", "unit": "kg"}, {"date": "2019-05-01", "country_from": "RO", "country_to": "AT", "value": "0", "unit": "kg"}, {"date": "2019-06-01", "country_from": "RO", "country_to": "AT", "value": "0", "unit": "kg"}, {"date": "2019-07-01", "country_from": "RO", "country_to": "AT", "value": "0", "unit": "kg"}, {"date": "2019-08-01", "country_from": "RO", "country_to": "AT", "value": "0", "unit": "kg"}, {"date": "2019-09-01", "country_from": "RO", "country_to": "AT", "value": "0", "unit": "kg"}, {"date": "2019-10-01", "country_from": "RO", "country_to": "AT", "value": "0", "unit": "kg"}, {"date": "2019-11-01", "country_from": "RO", "country_to": "AT", "value": "0", "unit": "kg"}, {"date": "2019-12-01", "country_from": "RO", "country_to": "AT", "value": "0", "unit": "kg"}, {"date": "2020-01-01", "country_from": "RO", "country_to": "AT", "value": "0", "unit": "kg"}, {"date": "2020-02-01", "country_from": "RO", "country_to": "AT", "value": "0", "unit": "kg"}, {"date": "2020-03-01", "country_from": "RO", "country_to": "AT", "value": "23000", "unit": "kg"}, {"date": "2020-04-01", "country_from": "RO", "country_to": "AT", "value": "23000", "unit": "kg"}, {"date": "2020-05-01", "country_from": "RO", "country_to": "AT", "value": "0", "unit": "kg"}, {"date": "2020-06-01", "country_from": "RO", "country_to": "AT", "value": "0", "unit": "kg"}, {"date": "2020-07-01", "country_from": "RO", "country_to": "AT", "value": "0", "unit": "kg"}, {"date": "2018-12-01", "country_from": "RO", "country_to": "BE", "value": "40", "unit": "kg"}, {"date": "2019-01-01", "country_from": "RO", "country_to": "BE", "value": "31", "unit": "kg"}, {"date": "2019-02-01", "country_from": "RO", "country_to": "BE", "value": "20", "unit": "kg"}, {"date": "2019-03-01", "country_from": "RO", "country_to": "BE", "value": "92", "unit": "kg"}, {"date": "2019-04-01", "country_from": "RO", "country_to": "BE", "value": "71", "unit": "kg"}, {"date": "2019-05-01", "country_from": "RO", "country_to": "BE", "value": "20", "unit": "kg"}, {"date": "2019-06-01", "country_from": "RO", "country_to": "BE", "value": "77", "unit": "kg"}, {"date": "2019-07-01", "country_from": "RO", "country_to": "BE", "value": "0", "unit": "kg"}, {"date": "2019-08-01", "country_from": "RO", "country_to": "BE", "value": "0", "unit": "kg"}, {"date": "2019-09-01", "country_from": "RO", "country_to": "BE", "value": "1170", "unit": "kg"}, {"date": "2019-10-01", "country_from": "RO", "country_to": "BE", "value": "0", "unit": "kg"}, {"date": "2019-11-01", "country_from": "RO", "country_to": "BE", "value": "2030", "unit": "kg"}, {"date": "2020-01-01", "country_from": "RO", "country_to": "BE", "value": "83", "unit": "kg"}, {"date": "2020-02-01", "country_from": "RO", "country_to": "BE", "value": "0", "unit": "kg"}, {"date": "2020-03-01", "country_from": "RO", "country_to": "BE", "value": "0", "unit": "kg"}, {"date": "2020-04-01", "country_from": "RO", "country_to": "BE", "value": "0", "unit": "kg"}, {"date": "2020-05-01", "country_from": "RO", "country_to": "BE", "value": "1010", "unit": "kg"}, {"date": "2020-06-01", "country_from": "RO", "country_to": "BE", "value": "0", "unit": "kg"}, {"date": "2020-07-01", "country_from": "RO", "country_to": "BE", "value": "0", "unit": "kg"}, {"date": "2018-12-01", "country_from": "RO", "country_to": "SE", "value": "0", "unit": "kg"}, {"date": "2019-01-01", "country_from": "RO", "country_to": "SE", "value": "0", "unit": "kg"}, {"date": "2019-02-01", "country_from": "RO", "country_to": "SE", "value": "0", "unit": "kg"}, {"date": "2019-03-01", "country_from": "RO", "country_to": "SE", "value": "0", "unit": "kg"}, {"date": "2019-04-01", "country_from": "RO", "country_to": "SE", "value": "0", "unit": "kg"}, {"date": "2019-05-01", "country_from": "RO", "country_to": "SE", "value": "0", "unit": "kg"}, {"date": "2019-06-01", "country_from": "RO", "country_to": "SE", "value": "0", "unit": "kg"}, {"date": "2019-07-01", "country_from": "RO", "country_to": "SE", "value": "0", "unit": "kg"}, {"date": "2019-08-01", "country_from": "RO", "country_to": "SE", "value": "0", "unit": "kg"}, {"date": "2019-09-01", "country_from": "RO", "country_to": "SE", "value": "0", "unit": "kg"}, {"date": "2019-10-01", "country_from": "RO", "country_to": "SE", "value": "0", "unit": "kg"}, {"date": "2019-11-01", "country_from": "RO", "country_to": "SE", "value": "0", "unit": "kg"}, {"date": "2019-12-01", "country_from": "RO", "country_to": "SE", "value": "0", "unit": "kg"}, {"date": "2020-01-01", "country_from": "RO", "country_to": "SE", "value": "0", "unit": "kg"}, {"date": "2020-02-01", "country_from": "RO", "country_to": "SE", "value": "0", "unit": "kg"}, {"date": "2020-03-01", "country_from": "RO", "country_to": "SE", "value": "0", "unit": "kg"}, {"date": "2020-04-01", "country_from": "RO", "country_to": "SE", "value": "0", "unit": "kg"}, {"date": "2020-05-01", "country_from": "RO", "country_to": "SE", "value": "24000", "unit": "kg"}, {"date": "2020-06-01", "country_from": "RO", "country_to": "SE", "value": "0", "unit": "kg"}, {"date": "2020-07-01", "country_from": "RO", "country_to": "SE", "value": "0", "unit": "kg"}, {"date": "2018-12-01", "country_from": "RO", "country_to": "TR", "value": "0", "unit": "kg"}, {"date": "2019-01-01", "country_from": "RO", "country_to": "TR", "value": "0", "unit": "kg"}, {"date": "2019-02-01", "country_from": "RO", "country_to": "TR", "value": "0", "unit": "kg"}, {"date": "2019-03-01", "country_from": "RO", "country_to": "TR", "value": "0", "unit": "kg"}, {"date": "2019-04-01", "country_from": "RO", "country_to": "TR", "value": "0", "unit": "kg"}, {"date": "2019-05-01", "country_from": "RO", "country_to": "TR", "value": "0", "unit": "kg"}, {"date": "2019-06-01", "country_from": "RO", "country_to": "TR", "value": "0", "unit": "kg"}, {"date": "2019-07-01", "country_from": "RO", "country_to": "TR", "value": "0", "unit": "kg"}, {"date": "2019-08-01", "country_from": "RO", "country_to": "TR", "value": "0", "unit": "kg"}, {"date": "2019-09-01", "country_from": "RO", "country_to": "TR", "value": "0", "unit": "kg"}, {"date": "2019-10-01", "country_from": "RO", "country_to": "TR", "value": "0", "unit": "kg"}, {"date": "2019-11-01", "country_from": "RO", "country_to": "TR", "value": "0", "unit": "kg"}, {"date": "2019-12-01", "country_from": "RO", "country_to": "TR", "value": "0", "unit": "kg"}, {"date": "2020-01-01", "country_from": "RO", "country_to": "TR", "value": "0", "unit": "kg"}, {"date": "2020-02-01", "country_from": "RO", "country_to": "TR", "value": "4040730", "unit": "kg"}, {"date": "2020-03-01", "country_from": "RO", "country_to": "TR", "value": "0", "unit": "kg"}, {"date": "2020-04-01", "country_from": "RO", "country_to": "TR", "value": "0", "unit": "kg"}, {"date": "2020-05-01", "country_from": "RO", "country_to": "TR", "value": "0", "unit": "kg"}, {"date": "2020-06-01", "country_from": "RO", "country_to": "TR", "value": "0", "unit": "kg"}, {"date": "2020-07-01", "country_from": "RO", "country_to": "TR", "value": "0", "unit": "kg"}]