[{"date": "2018-05-01", "country": "United Kingdom", "value": "0", "unit": "kg"}, {"date": "2018-06-01", "country": "United Kingdom", "value": "0", "unit": "kg"}, {"date": "2018-07-01", "country": "United Kingdom", "value": "0", "unit": "kg"}, {"date": "2018-08-01", "country": "United Kingdom", "value": "0", "unit": "kg"}, {"date": "2018-09-01", "country": "United Kingdom", "value": "0", "unit": "kg"}, {"date": "2018-10-01", "country": "United Kingdom", "value": "0", "unit": "kg"}, {"date": "2018-11-01", "country": "United Kingdom", "value": "0", "unit": "kg"}, {"date": "2018-12-01", "country": "United Kingdom", "value": "0", "unit": "kg"}, {"date": "2019-01-01", "country": "United Kingdom", "value": "0", "unit": "kg"}, {"date": "2019-02-01", "country": "United Kingdom", "value": "250000", "unit": "kg"}, {"date": "2019-03-01", "country": "United Kingdom", "value": "0", "unit": "kg"}, {"date": "2019-04-01", "country": "United Kingdom", "value": "0", "unit": "kg"}, {"date": "2019-05-01", "country": "United Kingdom", "value": "0", "unit": "kg"}, {"date": "2019-06-01", "country": "United Kingdom", "value": "0", "unit": "kg"}, {"date": "2019-07-01", "country": "United Kingdom", "value": "250000", "unit": "kg"}, {"date": "2019-08-01", "country": "United Kingdom", "value": "0", "unit": "kg"}, {"date": "2019-09-01", "country": "United Kingdom", "value": "0", "unit": "kg"}, {"date": "2019-10-01", "country": "United Kingdom", "value": "0", "unit": "kg"}, {"date": "2018-05-01", "country": "Portugal", "value": "0", "unit": "kg"}, {"date": "2018-06-01", "country": "Portugal", "value": "0", "unit": "kg"}, {"date": "2018-07-01", "country": "Portugal", "value": "0", "unit": "kg"}, {"date": "2018-08-01", "country": "Portugal", "value": "0", "unit": "kg"}, {"date": "2018-09-01", "country": "Portugal", "value": "0", "unit": "kg"}, {"date": "2018-10-01", "country": "Portugal", "value": "0", "unit": "kg"}, {"date": "2018-11-01", "country": "Portugal", "value": "0", "unit": "kg"}, {"date": "2018-12-01", "country": "Portugal", "value": "0", "unit": "kg"}, {"date": "2019-01-01", "country": "Portugal", "value": "0", "unit": "kg"}, {"date": "2019-02-01", "country": "Portugal", "value": "0", "unit": "kg"}, {"date": "2019-03-01", "country": "Portugal", "value": "0", "unit": "kg"}, {"date": "2019-04-01", "country": "Portugal", "value": "0", "unit": "kg"}, {"date": "2019-05-01", "country": "Portugal", "value": "0", "unit": "kg"}, {"date": "2019-06-01", "country": "Portugal", "value": "0", "unit": "kg"}, {"date": "2019-07-01", "country": "Portugal", "value": "0", "unit": "kg"}, {"date": "2019-08-01", "country": "Portugal", "value": "0", "unit": "kg"}, {"date": "2019-09-01", "country": "Portugal", "value": "0", "unit": "kg"}, {"date": "2019-10-01", "country": "Portugal", "value": "0", "unit": "kg"}, {"date": "2018-05-01", "country": "Russian Federation", "value": "0", "unit": "kg"}, {"date": "2018-06-01", "country": "Russian Federation", "value": "96000", "unit": "kg"}, {"date": "2018-07-01", "country": "Russian Federation", "value": "48000", "unit": "kg"}, {"date": "2018-08-01", "country": "Russian Federation", "value": "0", "unit": "kg"}, {"date": "2018-09-01", "country": "Russian Federation", "value": "0", "unit": "kg"}, {"date": "2018-10-01", "country": "Russian Federation", "value": "0", "unit": "kg"}, {"date": "2018-11-01", "country": "Russian Federation", "value": "0", "unit": "kg"}, {"date": "2018-12-01", "country": "Russian Federation", "value": "0", "unit": "kg"}, {"date": "2019-01-01", "country": "Russian Federation", "value": "0", "unit": "kg"}, {"date": "2019-02-01", "country": "Russian Federation", "value": "0", "unit": "kg"}, {"date": "2019-03-01", "country": "Russian Federation", "value": "0", "unit": "kg"}, {"date": "2019-04-01", "country": "Russian Federation", "value": "0", "unit": "kg"}, {"date": "2019-05-01", "country": "Russian Federation", "value": "0", "unit": "kg"}, {"date": "2019-06-01", "country": "Russian Federation", "value": "0", "unit": "kg"}, {"date": "2019-07-01", "country": "Russian Federation", "value": "0", "unit": "kg"}, {"date": "2019-08-01", "country": "Russian Federation", "value": "0", "unit": "kg"}, {"date": "2019-09-01", "country": "Russian Federation", "value": "0", "unit": "kg"}, {"date": "2019-10-01", "country": "Russian Federation", "value": "0", "unit": "kg"}, {"date": "2018-05-01", "country": "Denmark", "value": "0", "unit": "kg"}, {"date": "2018-06-01", "country": "Denmark", "value": "0", "unit": "kg"}, {"date": "2018-07-01", "country": "Denmark", "value": "0", "unit": "kg"}, {"date": "2018-08-01", "country": "Denmark", "value": "0", "unit": "kg"}, {"date": "2018-09-01", "country": "Denmark", "value": "0", "unit": "kg"}, {"date": "2018-10-01", "country": "Denmark", "value": "0", "unit": "kg"}, {"date": "2018-11-01", "country": "Denmark", "value": "0", "unit": "kg"}, {"date": "2018-12-01", "country": "Denmark", "value": "0", "unit": "kg"}, {"date": "2019-01-01", "country": "Denmark", "value": "0", "unit": "kg"}, {"date": "2019-02-01", "country": "Denmark", "value": "0", "unit": "kg"}, {"date": "2019-03-01", "country": "Denmark", "value": "22000", "unit": "kg"}, {"date": "2019-04-01", "country": "Denmark", "value": "0", "unit": "kg"}, {"date": "2019-05-01", "country": "Denmark", "value": "44000", "unit": "kg"}, {"date": "2019-06-01", "country": "Denmark", "value": "44000", "unit": "kg"}, {"date": "2019-07-01", "country": "Denmark", "value": "92000", "unit": "kg"}, {"date": "2019-08-01", "country": "Denmark", "value": "0", "unit": "kg"}, {"date": "2019-09-01", "country": "Denmark", "value": "44000", "unit": "kg"}, {"date": "2019-10-01", "country": "Denmark", "value": "88000", "unit": "kg"}, {"date": "2018-05-01", "country": "Italy", "value": "0", "unit": "kg"}, {"date": "2018-06-01", "country": "Italy", "value": "0", "unit": "kg"}, {"date": "2018-07-01", "country": "Italy", "value": "120000", "unit": "kg"}, {"date": "2018-08-01", "country": "Italy", "value": "0", "unit": "kg"}, {"date": "2018-09-01", "country": "Italy", "value": "310000", "unit": "kg"}, {"date": "2018-10-01", "country": "Italy", "value": "60000", "unit": "kg"}, {"date": "2018-11-01", "country": "Italy", "value": "0", "unit": "kg"}, {"date": "2018-12-01", "country": "Italy", "value": "0", "unit": "kg"}, {"date": "2019-01-01", "country": "Italy", "value": "0", "unit": "kg"}, {"date": "2019-02-01", "country": "Italy", "value": "60000", "unit": "kg"}, {"date": "2019-03-01", "country": "Italy", "value": "0", "unit": "kg"}, {"date": "2019-04-01", "country": "Italy", "value": "0", "unit": "kg"}, {"date": "2019-05-01", "country": "Italy", "value": "0", "unit": "kg"}, {"date": "2019-06-01", "country": "Italy", "value": "0", "unit": "kg"}, {"date": "2019-07-01", "country": "Italy", "value": "0", "unit": "kg"}, {"date": "2019-08-01", "country": "Italy", "value": "0", "unit": "kg"}, {"date": "2019-09-01", "country": "Italy", "value": "0", "unit": "kg"}, {"date": "2019-10-01", "country": "Italy", "value": "0", "unit": "kg"}, {"date": "2018-05-01", "country": "United States of America", "value": "0", "unit": "kg"}, {"date": "2018-06-01", "country": "United States of America", "value": "0", "unit": "kg"}, {"date": "2018-07-01", "country": "United States of America", "value": "0", "unit": "kg"}, {"date": "2018-08-01", "country": "United States of America", "value": "0", "unit": "kg"}, {"date": "2018-09-01", "country": "United States of America", "value": "0", "unit": "kg"}, {"date": "2018-10-01", "country": "United States of America", "value": "0", "unit": "kg"}, {"date": "2018-11-01", "country": "United States of America", "value": "0", "unit": "kg"}, {"date": "2018-12-01", "country": "United States of America", "value": "0", "unit": "kg"}, {"date": "2019-01-01", "country": "United States of America", "value": "0", "unit": "kg"}, {"date": "2019-02-01", "country": "United States of America", "value": "0", "unit": "kg"}, {"date": "2019-03-01", "country": "United States of America", "value": "0", "unit": "kg"}, {"date": "2019-04-01", "country": "United States of America", "value": "0", "unit": "kg"}, {"date": "2019-05-01", "country": "United States of America", "value": "0", "unit": "kg"}, {"date": "2019-06-01", "country": "United States of America", "value": "0", "unit": "kg"}, {"date": "2019-07-01", "country": "United States of America", "value": "0", "unit": "kg"}, {"date": "2019-08-01", "country": "United States of America", "value": "0", "unit": "kg"}, {"date": "2019-09-01", "country": "United States of America", "value": "0", "unit": "kg"}, {"date": "2019-10-01", "country": "United States of America", "value": "14880", "unit": "kg"}, {"date": "2018-05-01", "country": "Netherlands", "value": "0", "unit": "kg"}, {"date": "2018-06-01", "country": "Netherlands", "value": "0", "unit": "kg"}, {"date": "2018-07-01", "country": "Netherlands", "value": "0", "unit": "kg"}, {"date": "2018-08-01", "country": "Netherlands", "value": "0", "unit": "kg"}, {"date": "2018-09-01", "country": "Netherlands", "value": "19600", "unit": "kg"}, {"date": "2018-10-01", "country": "Netherlands", "value": "0", "unit": "kg"}, {"date": "2018-11-01", "country": "Netherlands", "value": "0", "unit": "kg"}, {"date": "2018-12-01", "country": "Netherlands", "value": "0", "unit": "kg"}, {"date": "2019-01-01", "country": "Netherlands", "value": "0", "unit": "kg"}, {"date": "2019-02-01", "country": "Netherlands", "value": "0", "unit": "kg"}, {"date": "2019-03-01", "country": "Netherlands", "value": "110000", "unit": "kg"}, {"date": "2019-04-01", "country": "Netherlands", "value": "42000", "unit": "kg"}, {"date": "2019-05-01", "country": "Netherlands", "value": "130000", "unit": "kg"}, {"date": "2019-06-01", "country": "Netherlands", "value": "0", "unit": "kg"}, {"date": "2019-07-01", "country": "Netherlands", "value": "0", "unit": "kg"}, {"date": "2019-08-01", "country": "Netherlands", "value": "42900", "unit": "kg"}, {"date": "2019-09-01", "country": "Netherlands", "value": "0", "unit": "kg"}, {"date": "2019-10-01", "country": "Netherlands", "value": "0", "unit": "kg"}, {"date": "2018-05-01", "country": "Poland", "value": "0", "unit": "kg"}, {"date": "2018-06-01", "country": "Poland", "value": "0", "unit": "kg"}, {"date": "2018-07-01", "country": "Poland", "value": "0", "unit": "kg"}, {"date": "2018-08-01", "country": "Poland", "value": "0", "unit": "kg"}, {"date": "2018-09-01", "country": "Poland", "value": "24000", "unit": "kg"}, {"date": "2018-10-01", "country": "Poland", "value": "0", "unit": "kg"}, {"date": "2018-11-01", "country": "Poland", "value": "0", "unit": "kg"}, {"date": "2018-12-01", "country": "Poland", "value": "0", "unit": "kg"}, {"date": "2019-01-01", "country": "Poland", "value": "0", "unit": "kg"}, {"date": "2019-02-01", "country": "Poland", "value": "0", "unit": "kg"}, {"date": "2019-03-01", "country": "Poland", "value": "0", "unit": "kg"}, {"date": "2019-04-01", "country": "Poland", "value": "0", "unit": "kg"}, {"date": "2019-05-01", "country": "Poland", "value": "0", "unit": "kg"}, {"date": "2019-06-01", "country": "Poland", "value": "0", "unit": "kg"}, {"date": "2019-07-01", "country": "Poland", "value": "0", "unit": "kg"}, {"date": "2019-08-01", "country": "Poland", "value": "0", "unit": "kg"}, {"date": "2019-09-01", "country": "Poland", "value": "0", "unit": "kg"}, {"date": "2019-10-01", "country": "Poland", "value": "150000", "unit": "kg"}, {"date": "2018-05-01", "country": "France", "value": "0", "unit": "kg"}, {"date": "2018-06-01", "country": "France", "value": "0", "unit": "kg"}, {"date": "2018-07-01", "country": "France", "value": "0", "unit": "kg"}, {"date": "2018-08-01", "country": "France", "value": "0", "unit": "kg"}, {"date": "2018-09-01", "country": "France", "value": "0", "unit": "kg"}, {"date": "2018-10-01", "country": "France", "value": "0", "unit": "kg"}, {"date": "2018-11-01", "country": "France", "value": "0", "unit": "kg"}, {"date": "2018-12-01", "country": "France", "value": "0", "unit": "kg"}, {"date": "2019-01-01", "country": "France", "value": "0", "unit": "kg"}, {"date": "2019-02-01", "country": "France", "value": "0", "unit": "kg"}, {"date": "2019-03-01", "country": "France", "value": "0", "unit": "kg"}, {"date": "2019-04-01", "country": "France", "value": "0", "unit": "kg"}, {"date": "2019-05-01", "country": "France", "value": "0", "unit": "kg"}, {"date": "2019-06-01", "country": "France", "value": "0", "unit": "kg"}, {"date": "2019-07-01", "country": "France", "value": "50000", "unit": "kg"}, {"date": "2019-08-01", "country": "France", "value": "250000", "unit": "kg"}, {"date": "2019-09-01", "country": "France", "value": "0", "unit": "kg"}, {"date": "2019-10-01", "country": "France", "value": "0", "unit": "kg"}, {"date": "2018-05-01", "country": "Hong Kong, China", "value": "0", "unit": "kg"}, {"date": "2018-06-01", "country": "Hong Kong, China", "value": "750", "unit": "kg"}, {"date": "2018-07-01", "country": "Hong Kong, China", "value": "0", "unit": "kg"}, {"date": "2018-08-01", "country": "Hong Kong, China", "value": "0", "unit": "kg"}, {"date": "2018-09-01", "country": "Hong Kong, China", "value": "0", "unit": "kg"}, {"date": "2018-10-01", "country": "Hong Kong, China", "value": "0", "unit": "kg"}, {"date": "2018-11-01", "country": "Hong Kong, China", "value": "800", "unit": "kg"}, {"date": "2018-12-01", "country": "Hong Kong, China", "value": "0", "unit": "kg"}, {"date": "2019-01-01", "country": "Hong Kong, China", "value": "0", "unit": "kg"}, {"date": "2019-02-01", "country": "Hong Kong, China", "value": "0", "unit": "kg"}, {"date": "2019-03-01", "country": "Hong Kong, China", "value": "0", "unit": "kg"}, {"date": "2019-04-01", "country": "Hong Kong, China", "value": "0", "unit": "kg"}, {"date": "2019-05-01", "country": "Hong Kong, China", "value": "0", "unit": "kg"}, {"date": "2019-06-01", "country": "Hong Kong, China", "value": "0", "unit": "kg"}, {"date": "2019-07-01", "country": "Hong Kong, China", "value": "0", "unit": "kg"}, {"date": "2019-08-01", "country": "Hong Kong, China", "value": "0", "unit": "kg"}, {"date": "2019-09-01", "country": "Hong Kong, China", "value": "0", "unit": "kg"}, {"date": "2019-10-01", "country": "Hong Kong, China", "value": "0", "unit": "kg"}, {"date": "2018-05-01", "country": "Belgium", "value": "0", "unit": "kg"}, {"date": "2018-06-01", "country": "Belgium", "value": "0", "unit": "kg"}, {"date": "2018-07-01", "country": "Belgium", "value": "0", "unit": "kg"}, {"date": "2018-08-01", "country": "Belgium", "value": "0", "unit": "kg"}, {"date": "2018-09-01", "country": "Belgium", "value": "0", "unit": "kg"}, {"date": "2018-10-01", "country": "Belgium", "value": "0", "unit": "kg"}, {"date": "2018-11-01", "country": "Belgium", "value": "0", "unit": "kg"}, {"date": "2018-12-01", "country": "Belgium", "value": "0", "unit": "kg"}, {"date": "2019-01-01", "country": "Belgium", "value": "0", "unit": "kg"}, {"date": "2019-02-01", "country": "Belgium", "value": "0", "unit": "kg"}, {"date": "2019-03-01", "country": "Belgium", "value": "0", "unit": "kg"}, {"date": "2019-04-01", "country": "Belgium", "value": "0", "unit": "kg"}, {"date": "2019-05-01", "country": "Belgium", "value": "0", "unit": "kg"}, {"date": "2019-06-01", "country": "Belgium", "value": "0", "unit": "kg"}, {"date": "2019-07-01", "country": "Belgium", "value": "0", "unit": "kg"}, {"date": "2019-08-01", "country": "Belgium", "value": "250000", "unit": "kg"}, {"date": "2019-09-01", "country": "Belgium", "value": "250000", "unit": "kg"}, {"date": "2019-10-01", "country": "Belgium", "value": "350000", "unit": "kg"}, {"date": "2018-05-01", "country": "Singapore", "value": "0", "unit": "kg"}, {"date": "2018-06-01", "country": "Singapore", "value": "0", "unit": "kg"}, {"date": "2018-07-01", "country": "Singapore", "value": "0", "unit": "kg"}, {"date": "2018-08-01", "country": "Singapore", "value": "0", "unit": "kg"}, {"date": "2018-09-01", "country": "Singapore", "value": "0", "unit": "kg"}, {"date": "2018-10-01", "country": "Singapore", "value": "0", "unit": "kg"}, {"date": "2018-11-01", "country": "Singapore", "value": "0", "unit": "kg"}, {"date": "2018-12-01", "country": "Singapore", "value": "0", "unit": "kg"}, {"date": "2019-01-01", "country": "Singapore", "value": "0", "unit": "kg"}, {"date": "2019-02-01", "country": "Singapore", "value": "0", "unit": "kg"}, {"date": "2019-03-01", "country": "Singapore", "value": "0", "unit": "kg"}, {"date": "2019-04-01", "country": "Singapore", "value": "0", "unit": "kg"}, {"date": "2019-05-01", "country": "Singapore", "value": "0", "unit": "kg"}, {"date": "2019-06-01", "country": "Singapore", "value": "0", "unit": "kg"}, {"date": "2019-07-01", "country": "Singapore", "value": "804", "unit": "kg"}, {"date": "2019-08-01", "country": "Singapore", "value": "0", "unit": "kg"}, {"date": "2019-09-01", "country": "Singapore", "value": "0", "unit": "kg"}, {"date": "2019-10-01", "country": "Singapore", "value": "0", "unit": "kg"}, {"date": "2018-05-01", "country": "Spain", "value": "0", "unit": "kg"}, {"date": "2018-06-01", "country": "Spain", "value": "0", "unit": "kg"}, {"date": "2018-07-01", "country": "Spain", "value": "0", "unit": "kg"}, {"date": "2018-08-01", "country": "Spain", "value": "0", "unit": "kg"}, {"date": "2018-09-01", "country": "Spain", "value": "0", "unit": "kg"}, {"date": "2018-10-01", "country": "Spain", "value": "0", "unit": "kg"}, {"date": "2018-11-01", "country": "Spain", "value": "0", "unit": "kg"}, {"date": "2018-12-01", "country": "Spain", "value": "0", "unit": "kg"}, {"date": "2019-01-01", "country": "Spain", "value": "0", "unit": "kg"}, {"date": "2019-02-01", "country": "Spain", "value": "200000", "unit": "kg"}, {"date": "2019-03-01", "country": "Spain", "value": "0", "unit": "kg"}, {"date": "2019-04-01", "country": "Spain", "value": "0", "unit": "kg"}, {"date": "2019-05-01", "country": "Spain", "value": "0", "unit": "kg"}, {"date": "2019-06-01", "country": "Spain", "value": "0", "unit": "kg"}, {"date": "2019-07-01", "country": "Spain", "value": "0", "unit": "kg"}, {"date": "2019-08-01", "country": "Spain", "value": "0", "unit": "kg"}, {"date": "2019-09-01", "country": "Spain", "value": "0", "unit": "kg"}, {"date": "2019-10-01", "country": "Spain", "value": "0", "unit": "kg"}]