[{"date": "2018-05-01", "country": "Area Nes", "value": "30770860", "unit": "kg"}, {"date": "2018-06-01", "country": "Area Nes", "value": "1982890", "unit": "kg"}, {"date": "2018-07-01", "country": "Area Nes", "value": "727270", "unit": "kg"}, {"date": "2018-08-01", "country": "Area Nes", "value": "142907", "unit": "kg"}, {"date": "2018-09-01", "country": "Area Nes", "value": "1055160", "unit": "kg"}, {"date": "2018-10-01", "country": "Area Nes", "value": "310700", "unit": "kg"}, {"date": "2018-11-01", "country": "Area Nes", "value": "729770", "unit": "kg"}, {"date": "2018-12-01", "country": "Area Nes", "value": "949250", "unit": "kg"}, {"date": "2019-01-01", "country": "Area Nes", "value": "14071670", "unit": "kg"}, {"date": "2019-02-01", "country": "Area Nes", "value": "156650", "unit": "kg"}, {"date": "2019-03-01", "country": "Area Nes", "value": "4265000", "unit": "kg"}, {"date": "2019-04-01", "country": "Area Nes", "value": "162644", "unit": "kg"}, {"date": "2019-05-01", "country": "Area Nes", "value": "317560", "unit": "kg"}, {"date": "2019-06-01", "country": "Area Nes", "value": "787280", "unit": "kg"}, {"date": "2019-07-01", "country": "Area Nes", "value": "416740", "unit": "kg"}, {"date": "2019-08-01", "country": "Area Nes", "value": "694960", "unit": "kg"}, {"date": "2019-09-01", "country": "Area Nes", "value": "996692", "unit": "kg"}, {"date": "2019-10-01", "country": "Area Nes", "value": "3182420", "unit": "kg"}, {"date": "2018-05-01", "country": "Brazil", "value": "0", "unit": "kg"}, {"date": "2018-06-01", "country": "Brazil", "value": "0", "unit": "kg"}, {"date": "2018-07-01", "country": "Brazil", "value": "4058000", "unit": "kg"}, {"date": "2018-08-01", "country": "Brazil", "value": "5116000", "unit": "kg"}, {"date": "2018-09-01", "country": "Brazil", "value": "6154000", "unit": "kg"}, {"date": "2018-10-01", "country": "Brazil", "value": "4500000", "unit": "kg"}, {"date": "2018-11-01", "country": "Brazil", "value": "3600000", "unit": "kg"}, {"date": "2018-12-01", "country": "Brazil", "value": "0", "unit": "kg"}, {"date": "2019-01-01", "country": "Brazil", "value": "0", "unit": "kg"}, {"date": "2019-02-01", "country": "Brazil", "value": "2470000", "unit": "kg"}, {"date": "2019-03-01", "country": "Brazil", "value": "0", "unit": "kg"}, {"date": "2019-04-01", "country": "Brazil", "value": "4330000", "unit": "kg"}, {"date": "2019-05-01", "country": "Brazil", "value": "6322355", "unit": "kg"}, {"date": "2019-06-01", "country": "Brazil", "value": "6123680", "unit": "kg"}, {"date": "2019-07-01", "country": "Brazil", "value": "10359000", "unit": "kg"}, {"date": "2019-08-01", "country": "Brazil", "value": "8840000", "unit": "kg"}, {"date": "2019-09-01", "country": "Brazil", "value": "5826400", "unit": "kg"}, {"date": "2019-10-01", "country": "Brazil", "value": "0", "unit": "kg"}, {"date": "2018-05-01", "country": "Canada", "value": "0", "unit": "kg"}, {"date": "2018-06-01", "country": "Canada", "value": "0", "unit": "kg"}, {"date": "2018-07-01", "country": "Canada", "value": "0", "unit": "kg"}, {"date": "2018-08-01", "country": "Canada", "value": "0", "unit": "kg"}, {"date": "2018-09-01", "country": "Canada", "value": "0", "unit": "kg"}, {"date": "2018-10-01", "country": "Canada", "value": "127500", "unit": "kg"}, {"date": "2018-11-01", "country": "Canada", "value": "199200", "unit": "kg"}, {"date": "2018-12-01", "country": "Canada", "value": "0", "unit": "kg"}, {"date": "2019-01-01", "country": "Canada", "value": "0", "unit": "kg"}, {"date": "2019-02-01", "country": "Canada", "value": "0", "unit": "kg"}, {"date": "2019-03-01", "country": "Canada", "value": "87000", "unit": "kg"}, {"date": "2019-04-01", "country": "Canada", "value": "186100", "unit": "kg"}, {"date": "2019-05-01", "country": "Canada", "value": "0", "unit": "kg"}, {"date": "2019-06-01", "country": "Canada", "value": "144000", "unit": "kg"}, {"date": "2019-07-01", "country": "Canada", "value": "0", "unit": "kg"}, {"date": "2019-08-01", "country": "Canada", "value": "0", "unit": "kg"}, {"date": "2019-09-01", "country": "Canada", "value": "0", "unit": "kg"}, {"date": "2019-10-01", "country": "Canada", "value": "0", "unit": "kg"}, {"date": "2018-05-01", "country": "Netherlands", "value": "0", "unit": "kg"}, {"date": "2018-06-01", "country": "Netherlands", "value": "0", "unit": "kg"}, {"date": "2018-07-01", "country": "Netherlands", "value": "0", "unit": "kg"}, {"date": "2018-08-01", "country": "Netherlands", "value": "10568210", "unit": "kg"}, {"date": "2018-09-01", "country": "Netherlands", "value": "0", "unit": "kg"}, {"date": "2018-10-01", "country": "Netherlands", "value": "0", "unit": "kg"}, {"date": "2018-11-01", "country": "Netherlands", "value": "0", "unit": "kg"}, {"date": "2018-12-01", "country": "Netherlands", "value": "9611000", "unit": "kg"}, {"date": "2019-01-01", "country": "Netherlands", "value": "0", "unit": "kg"}, {"date": "2019-02-01", "country": "Netherlands", "value": "0", "unit": "kg"}, {"date": "2019-03-01", "country": "Netherlands", "value": "0", "unit": "kg"}, {"date": "2019-04-01", "country": "Netherlands", "value": "0", "unit": "kg"}, {"date": "2019-05-01", "country": "Netherlands", "value": "0", "unit": "kg"}, {"date": "2019-06-01", "country": "Netherlands", "value": "0", "unit": "kg"}, {"date": "2019-07-01", "country": "Netherlands", "value": "11295000", "unit": "kg"}, {"date": "2019-08-01", "country": "Netherlands", "value": "0", "unit": "kg"}, {"date": "2019-09-01", "country": "Netherlands", "value": "0", "unit": "kg"}, {"date": "2019-10-01", "country": "Netherlands", "value": "0", "unit": "kg"}, {"date": "2018-05-01", "country": "Spain", "value": "0", "unit": "kg"}, {"date": "2018-06-01", "country": "Spain", "value": "0", "unit": "kg"}, {"date": "2018-07-01", "country": "Spain", "value": "0", "unit": "kg"}, {"date": "2018-08-01", "country": "Spain", "value": "0", "unit": "kg"}, {"date": "2018-09-01", "country": "Spain", "value": "0", "unit": "kg"}, {"date": "2018-10-01", "country": "Spain", "value": "0", "unit": "kg"}, {"date": "2018-11-01", "country": "Spain", "value": "0", "unit": "kg"}, {"date": "2018-12-01", "country": "Spain", "value": "0", "unit": "kg"}, {"date": "2019-01-01", "country": "Spain", "value": "0", "unit": "kg"}, {"date": "2019-02-01", "country": "Spain", "value": "0", "unit": "kg"}, {"date": "2019-03-01", "country": "Spain", "value": "0", "unit": "kg"}, {"date": "2019-04-01", "country": "Spain", "value": "14322000", "unit": "kg"}, {"date": "2019-05-01", "country": "Spain", "value": "0", "unit": "kg"}, {"date": "2019-06-01", "country": "Spain", "value": "0", "unit": "kg"}, {"date": "2019-07-01", "country": "Spain", "value": "0", "unit": "kg"}, {"date": "2019-08-01", "country": "Spain", "value": "0", "unit": "kg"}, {"date": "2019-09-01", "country": "Spain", "value": "0", "unit": "kg"}, {"date": "2019-10-01", "country": "Spain", "value": "0", "unit": "kg"}, {"date": "2018-05-01", "country": "United States of America", "value": "113800", "unit": "kg"}, {"date": "2018-06-01", "country": "United States of America", "value": "303530", "unit": "kg"}, {"date": "2018-07-01", "country": "United States of America", "value": "0", "unit": "kg"}, {"date": "2018-08-01", "country": "United States of America", "value": "305290", "unit": "kg"}, {"date": "2018-09-01", "country": "United States of America", "value": "0", "unit": "kg"}, {"date": "2018-10-01", "country": "United States of America", "value": "341610", "unit": "kg"}, {"date": "2018-11-01", "country": "United States of America", "value": "0", "unit": "kg"}, {"date": "2018-12-01", "country": "United States of America", "value": "342710", "unit": "kg"}, {"date": "2019-01-01", "country": "United States of America", "value": "303290", "unit": "kg"}, {"date": "2019-02-01", "country": "United States of America", "value": "265144", "unit": "kg"}, {"date": "2019-03-01", "country": "United States of America", "value": "71344", "unit": "kg"}, {"date": "2019-04-01", "country": "United States of America", "value": "0", "unit": "kg"}, {"date": "2019-05-01", "country": "United States of America", "value": "0", "unit": "kg"}, {"date": "2019-06-01", "country": "United States of America", "value": "0", "unit": "kg"}, {"date": "2019-07-01", "country": "United States of America", "value": "0", "unit": "kg"}, {"date": "2019-08-01", "country": "United States of America", "value": "0", "unit": "kg"}, {"date": "2019-09-01", "country": "United States of America", "value": "0", "unit": "kg"}, {"date": "2019-10-01", "country": "United States of America", "value": "0", "unit": "kg"}]