[{"date": "2018-11-01", "country_from": "CA", "country_to": "US", "value": "1407932", "unit": "kg"}, {"date": "2018-12-01", "country_from": "CA", "country_to": "US", "value": "754192", "unit": "kg"}, {"date": "2019-01-01", "country_from": "CA", "country_to": "US", "value": "740342", "unit": "kg"}, {"date": "2019-02-01", "country_from": "CA", "country_to": "US", "value": "799549", "unit": "kg"}, {"date": "2019-03-01", "country_from": "CA", "country_to": "US", "value": "921566", "unit": "kg"}, {"date": "2019-04-01", "country_from": "CA", "country_to": "US", "value": "769606", "unit": "kg"}, {"date": "2019-05-01", "country_from": "CA", "country_to": "US", "value": "828991", "unit": "kg"}, {"date": "2019-06-01", "country_from": "CA", "country_to": "US", "value": "728675", "unit": "kg"}, {"date": "2019-07-01", "country_from": "CA", "country_to": "US", "value": "619581", "unit": "kg"}, {"date": "2019-08-01", "country_from": "CA", "country_to": "US", "value": "455033", "unit": "kg"}, {"date": "2019-09-01", "country_from": "CA", "country_to": "US", "value": "535455", "unit": "kg"}, {"date": "2019-10-01", "country_from": "CA", "country_to": "US", "value": "720463", "unit": "kg"}, {"date": "2019-11-01", "country_from": "CA", "country_to": "US", "value": "655732", "unit": "kg"}, {"date": "2019-12-01", "country_from": "CA", "country_to": "US", "value": "584806", "unit": "kg"}, {"date": "2020-01-01", "country_from": "CA", "country_to": "US", "value": "748300", "unit": "kg"}, {"date": "2020-02-01", "country_from": "CA", "country_to": "US", "value": "728372", "unit": "kg"}, {"date": "2020-03-01", "country_from": "CA", "country_to": "US", "value": "908239", "unit": "kg"}, {"date": "2020-04-01", "country_from": "CA", "country_to": "US", "value": "956426", "unit": "kg"}, {"date": "2018-11-01", "country_from": "CA", "country_to": "-", "value": "0", "unit": "kg"}, {"date": "2018-12-01", "country_from": "CA", "country_to": "-", "value": "0", "unit": "kg"}, {"date": "2019-01-01", "country_from": "CA", "country_to": "-", "value": "0", "unit": "kg"}, {"date": "2019-02-01", "country_from": "CA", "country_to": "-", "value": "0", "unit": "kg"}, {"date": "2019-03-01", "country_from": "CA", "country_to": "-", "value": "0", "unit": "kg"}, {"date": "2019-04-01", "country_from": "CA", "country_to": "-", "value": "0", "unit": "kg"}, {"date": "2019-05-01", "country_from": "CA", "country_to": "-", "value": "0", "unit": "kg"}, {"date": "2019-06-01", "country_from": "CA", "country_to": "-", "value": "0", "unit": "kg"}, {"date": "2019-07-01", "country_from": "CA", "country_to": "-", "value": "0", "unit": "kg"}, {"date": "2019-08-01", "country_from": "CA", "country_to": "-", "value": "7692", "unit": "kg"}, {"date": "2019-09-01", "country_from": "CA", "country_to": "-", "value": "0", "unit": "kg"}, {"date": "2019-10-01", "country_from": "CA", "country_to": "-", "value": "46154", "unit": "kg"}, {"date": "2019-11-01", "country_from": "CA", "country_to": "-", "value": "0", "unit": "kg"}, {"date": "2019-12-01", "country_from": "CA", "country_to": "-", "value": "0", "unit": "kg"}, {"date": "2020-01-01", "country_from": "CA", "country_to": "-", "value": "0", "unit": "kg"}, {"date": "2020-02-01", "country_from": "CA", "country_to": "-", "value": "46154", "unit": "kg"}, {"date": "2020-03-01", "country_from": "CA", "country_to": "-", "value": "0", "unit": "kg"}, {"date": "2020-04-01", "country_from": "CA", "country_to": "-", "value": "0", "unit": "kg"}, {"date": "2018-11-01", "country_from": "CA", "country_to": "BM", "value": "0", "unit": "kg"}, {"date": "2018-12-01", "country_from": "CA", "country_to": "BM", "value": "0", "unit": "kg"}, {"date": "2019-01-01", "country_from": "CA", "country_to": "BM", "value": "0", "unit": "kg"}, {"date": "2019-02-01", "country_from": "CA", "country_to": "BM", "value": "0", "unit": "kg"}, {"date": "2019-03-01", "country_from": "CA", "country_to": "BM", "value": "0", "unit": "kg"}, {"date": "2019-04-01", "country_from": "CA", "country_to": "BM", "value": "0", "unit": "kg"}, {"date": "2019-05-01", "country_from": "CA", "country_to": "BM", "value": "0", "unit": "kg"}, {"date": "2019-06-01", "country_from": "CA", "country_to": "BM", "value": "0", "unit": "kg"}, {"date": "2019-07-01", "country_from": "CA", "country_to": "BM", "value": "0", "unit": "kg"}, {"date": "2019-08-01", "country_from": "CA", "country_to": "BM", "value": "0", "unit": "kg"}, {"date": "2019-09-01", "country_from": "CA", "country_to": "BM", "value": "0", "unit": "kg"}, {"date": "2019-10-01", "country_from": "CA", "country_to": "BM", "value": "0", "unit": "kg"}, {"date": "2019-11-01", "country_from": "CA", "country_to": "BM", "value": "0", "unit": "kg"}, {"date": "2019-12-01", "country_from": "CA", "country_to": "BM", "value": "0", "unit": "kg"}, {"date": "2020-01-01", "country_from": "CA", "country_to": "BM", "value": "0", "unit": "kg"}, {"date": "2020-02-01", "country_from": "CA", "country_to": "BM", "value": "0", "unit": "kg"}, {"date": "2020-03-01", "country_from": "CA", "country_to": "BM", "value": "0", "unit": "kg"}, {"date": "2020-04-01", "country_from": "CA", "country_to": "BM", "value": "0", "unit": "kg"}, {"date": "2018-11-01", "country_from": "CA", "country_to": "GH", "value": "0", "unit": "kg"}, {"date": "2018-12-01", "country_from": "CA", "country_to": "GH", "value": "0", "unit": "kg"}, {"date": "2019-01-01", "country_from": "CA", "country_to": "GH", "value": "0", "unit": "kg"}, {"date": "2019-02-01", "country_from": "CA", "country_to": "GH", "value": "3077", "unit": "kg"}, {"date": "2019-03-01", "country_from": "CA", "country_to": "GH", "value": "6769", "unit": "kg"}, {"date": "2019-04-01", "country_from": "CA", "country_to": "GH", "value": "0", "unit": "kg"}, {"date": "2019-05-01", "country_from": "CA", "country_to": "GH", "value": "0", "unit": "kg"}, {"date": "2019-06-01", "country_from": "CA", "country_to": "GH", "value": "0", "unit": "kg"}, {"date": "2019-07-01", "country_from": "CA", "country_to": "GH", "value": "0", "unit": "kg"}, {"date": "2019-08-01", "country_from": "CA", "country_to": "GH", "value": "0", "unit": "kg"}, {"date": "2019-09-01", "country_from": "CA", "country_to": "GH", "value": "0", "unit": "kg"}, {"date": "2019-10-01", "country_from": "CA", "country_to": "GH", "value": "0", "unit": "kg"}, {"date": "2019-11-01", "country_from": "CA", "country_to": "GH", "value": "0", "unit": "kg"}, {"date": "2019-12-01", "country_from": "CA", "country_to": "GH", "value": "0", "unit": "kg"}, {"date": "2020-01-01", "country_from": "CA", "country_to": "GH", "value": "462", "unit": "kg"}, {"date": "2020-02-01", "country_from": "CA", "country_to": "GH", "value": "0", "unit": "kg"}, {"date": "2020-03-01", "country_from": "CA", "country_to": "GH", "value": "0", "unit": "kg"}, {"date": "2020-04-01", "country_from": "CA", "country_to": "GH", "value": "0", "unit": "kg"}, {"date": "2018-11-01", "country_from": "CA", "country_to": "TC", "value": "0", "unit": "kg"}, {"date": "2018-12-01", "country_from": "CA", "country_to": "TC", "value": "0", "unit": "kg"}, {"date": "2019-01-01", "country_from": "CA", "country_to": "TC", "value": "0", "unit": "kg"}, {"date": "2019-02-01", "country_from": "CA", "country_to": "TC", "value": "0", "unit": "kg"}, {"date": "2019-03-01", "country_from": "CA", "country_to": "TC", "value": "0", "unit": "kg"}, {"date": "2019-04-01", "country_from": "CA", "country_to": "TC", "value": "0", "unit": "kg"}, {"date": "2019-05-01", "country_from": "CA", "country_to": "TC", "value": "0", "unit": "kg"}, {"date": "2019-06-01", "country_from": "CA", "country_to": "TC", "value": "0", "unit": "kg"}, {"date": "2019-07-01", "country_from": "CA", "country_to": "TC", "value": "0", "unit": "kg"}, {"date": "2019-08-01", "country_from": "CA", "country_to": "TC", "value": "0", "unit": "kg"}, {"date": "2019-09-01", "country_from": "CA", "country_to": "TC", "value": "0", "unit": "kg"}, {"date": "2019-10-01", "country_from": "CA", "country_to": "TC", "value": "0", "unit": "kg"}, {"date": "2019-11-01", "country_from": "CA", "country_to": "TC", "value": "0", "unit": "kg"}, {"date": "2019-12-01", "country_from": "CA", "country_to": "TC", "value": "0", "unit": "kg"}, {"date": "2020-01-01", "country_from": "CA", "country_to": "TC", "value": "0", "unit": "kg"}, {"date": "2020-02-01", "country_from": "CA", "country_to": "TC", "value": "0", "unit": "kg"}, {"date": "2020-03-01", "country_from": "CA", "country_to": "TC", "value": "0", "unit": "kg"}, {"date": "2020-04-01", "country_from": "CA", "country_to": "TC", "value": "0", "unit": "kg"}, {"date": "2018-11-01", "country_from": "CA", "country_to": "FR", "value": "1644", "unit": "kg"}, {"date": "2018-12-01", "country_from": "CA", "country_to": "FR", "value": "759", "unit": "kg"}, {"date": "2019-01-01", "country_from": "CA", "country_to": "FR", "value": "1073", "unit": "kg"}, {"date": "2019-02-01", "country_from": "CA", "country_to": "FR", "value": "0", "unit": "kg"}, {"date": "2019-03-01", "country_from": "CA", "country_to": "FR", "value": "2625", "unit": "kg"}, {"date": "2019-04-01", "country_from": "CA", "country_to": "FR", "value": "1019", "unit": "kg"}, {"date": "2019-05-01", "country_from": "CA", "country_to": "FR", "value": "1060", "unit": "kg"}, {"date": "2019-06-01", "country_from": "CA", "country_to": "FR", "value": "2111", "unit": "kg"}, {"date": "2019-07-01", "country_from": "CA", "country_to": "FR", "value": "1911", "unit": "kg"}, {"date": "2019-08-01", "country_from": "CA", "country_to": "FR", "value": "58363", "unit": "kg"}, {"date": "2019-09-01", "country_from": "CA", "country_to": "FR", "value": "12212", "unit": "kg"}, {"date": "2019-10-01", "country_from": "CA", "country_to": "FR", "value": "608", "unit": "kg"}, {"date": "2019-11-01", "country_from": "CA", "country_to": "FR", "value": "1439", "unit": "kg"}, {"date": "2019-12-01", "country_from": "CA", "country_to": "FR", "value": "0", "unit": "kg"}, {"date": "2020-01-01", "country_from": "CA", "country_to": "FR", "value": "1250", "unit": "kg"}, {"date": "2020-02-01", "country_from": "CA", "country_to": "FR", "value": "1074", "unit": "kg"}, {"date": "2020-03-01", "country_from": "CA", "country_to": "FR", "value": "0", "unit": "kg"}, {"date": "2020-04-01", "country_from": "CA", "country_to": "FR", "value": "1128", "unit": "kg"}, {"date": "2018-11-01", "country_from": "CA", "country_to": "GB", "value": "0", "unit": "kg"}, {"date": "2018-12-01", "country_from": "CA", "country_to": "GB", "value": "190266", "unit": "kg"}, {"date": "2019-01-01", "country_from": "CA", "country_to": "GB", "value": "763068", "unit": "kg"}, {"date": "2019-02-01", "country_from": "CA", "country_to": "GB", "value": "384858", "unit": "kg"}, {"date": "2019-03-01", "country_from": "CA", "country_to": "GB", "value": "333814", "unit": "kg"}, {"date": "2019-04-01", "country_from": "CA", "country_to": "GB", "value": "0", "unit": "kg"}, {"date": "2019-05-01", "country_from": "CA", "country_to": "GB", "value": "0", "unit": "kg"}, {"date": "2019-06-01", "country_from": "CA", "country_to": "GB", "value": "0", "unit": "kg"}, {"date": "2019-07-01", "country_from": "CA", "country_to": "GB", "value": "0", "unit": "kg"}, {"date": "2019-08-01", "country_from": "CA", "country_to": "GB", "value": "0", "unit": "kg"}, {"date": "2019-09-01", "country_from": "CA", "country_to": "GB", "value": "0", "unit": "kg"}, {"date": "2019-10-01", "country_from": "CA", "country_to": "GB", "value": "0", "unit": "kg"}, {"date": "2019-11-01", "country_from": "CA", "country_to": "GB", "value": "0", "unit": "kg"}, {"date": "2019-12-01", "country_from": "CA", "country_to": "GB", "value": "0", "unit": "kg"}, {"date": "2020-01-01", "country_from": "CA", "country_to": "GB", "value": "0", "unit": "kg"}, {"date": "2020-02-01", "country_from": "CA", "country_to": "GB", "value": "0", "unit": "kg"}, {"date": "2020-03-01", "country_from": "CA", "country_to": "GB", "value": "0", "unit": "kg"}, {"date": "2020-04-01", "country_from": "CA", "country_to": "GB", "value": "0", "unit": "kg"}, {"date": "2018-11-01", "country_from": "CA", "country_to": "GD", "value": "0", "unit": "kg"}, {"date": "2018-12-01", "country_from": "CA", "country_to": "GD", "value": "0", "unit": "kg"}, {"date": "2019-01-01", "country_from": "CA", "country_to": "GD", "value": "0", "unit": "kg"}, {"date": "2019-02-01", "country_from": "CA", "country_to": "GD", "value": "0", "unit": "kg"}, {"date": "2019-03-01", "country_from": "CA", "country_to": "GD", "value": "0", "unit": "kg"}, {"date": "2019-04-01", "country_from": "CA", "country_to": "GD", "value": "0", "unit": "kg"}, {"date": "2019-05-01", "country_from": "CA", "country_to": "GD", "value": "0", "unit": "kg"}, {"date": "2019-06-01", "country_from": "CA", "country_to": "GD", "value": "0", "unit": "kg"}, {"date": "2019-07-01", "country_from": "CA", "country_to": "GD", "value": "2769", "unit": "kg"}, {"date": "2019-08-01", "country_from": "CA", "country_to": "GD", "value": "0", "unit": "kg"}, {"date": "2019-09-01", "country_from": "CA", "country_to": "GD", "value": "0", "unit": "kg"}, {"date": "2019-10-01", "country_from": "CA", "country_to": "GD", "value": "0", "unit": "kg"}, {"date": "2019-11-01", "country_from": "CA", "country_to": "GD", "value": "0", "unit": "kg"}, {"date": "2019-12-01", "country_from": "CA", "country_to": "GD", "value": "0", "unit": "kg"}, {"date": "2020-01-01", "country_from": "CA", "country_to": "GD", "value": "0", "unit": "kg"}, {"date": "2020-02-01", "country_from": "CA", "country_to": "GD", "value": "0", "unit": "kg"}, {"date": "2020-03-01", "country_from": "CA", "country_to": "GD", "value": "0", "unit": "kg"}, {"date": "2020-04-01", "country_from": "CA", "country_to": "GD", "value": "0", "unit": "kg"}, {"date": "2018-11-01", "country_from": "CA", "country_to": "HT", "value": "0", "unit": "kg"}, {"date": "2018-12-01", "country_from": "CA", "country_to": "HT", "value": "0", "unit": "kg"}, {"date": "2019-01-01", "country_from": "CA", "country_to": "HT", "value": "0", "unit": "kg"}, {"date": "2019-02-01", "country_from": "CA", "country_to": "HT", "value": "0", "unit": "kg"}, {"date": "2019-03-01", "country_from": "CA", "country_to": "HT", "value": "13121", "unit": "kg"}, {"date": "2019-04-01", "country_from": "CA", "country_to": "HT", "value": "0", "unit": "kg"}, {"date": "2019-05-01", "country_from": "CA", "country_to": "HT", "value": "0", "unit": "kg"}, {"date": "2019-06-01", "country_from": "CA", "country_to": "HT", "value": "0", "unit": "kg"}, {"date": "2019-07-01", "country_from": "CA", "country_to": "HT", "value": "0", "unit": "kg"}, {"date": "2019-08-01", "country_from": "CA", "country_to": "HT", "value": "0", "unit": "kg"}, {"date": "2019-09-01", "country_from": "CA", "country_to": "HT", "value": "10020", "unit": "kg"}, {"date": "2019-10-01", "country_from": "CA", "country_to": "HT", "value": "0", "unit": "kg"}, {"date": "2019-11-01", "country_from": "CA", "country_to": "HT", "value": "0", "unit": "kg"}, {"date": "2019-12-01", "country_from": "CA", "country_to": "HT", "value": "0", "unit": "kg"}, {"date": "2020-01-01", "country_from": "CA", "country_to": "HT", "value": "0", "unit": "kg"}, {"date": "2020-02-01", "country_from": "CA", "country_to": "HT", "value": "0", "unit": "kg"}, {"date": "2020-03-01", "country_from": "CA", "country_to": "HT", "value": "0", "unit": "kg"}, {"date": "2020-04-01", "country_from": "CA", "country_to": "HT", "value": "0", "unit": "kg"}, {"date": "2018-11-01", "country_from": "CA", "country_to": "CU", "value": "0", "unit": "kg"}, {"date": "2018-12-01", "country_from": "CA", "country_to": "CU", "value": "0", "unit": "kg"}, {"date": "2019-01-01", "country_from": "CA", "country_to": "CU", "value": "0", "unit": "kg"}, {"date": "2019-02-01", "country_from": "CA", "country_to": "CU", "value": "0", "unit": "kg"}, {"date": "2019-03-01", "country_from": "CA", "country_to": "CU", "value": "0", "unit": "kg"}, {"date": "2019-04-01", "country_from": "CA", "country_to": "CU", "value": "0", "unit": "kg"}, {"date": "2019-05-01", "country_from": "CA", "country_to": "CU", "value": "0", "unit": "kg"}, {"date": "2019-06-01", "country_from": "CA", "country_to": "CU", "value": "0", "unit": "kg"}, {"date": "2019-07-01", "country_from": "CA", "country_to": "CU", "value": "0", "unit": "kg"}, {"date": "2019-08-01", "country_from": "CA", "country_to": "CU", "value": "0", "unit": "kg"}, {"date": "2019-09-01", "country_from": "CA", "country_to": "CU", "value": "0", "unit": "kg"}, {"date": "2019-10-01", "country_from": "CA", "country_to": "CU", "value": "0", "unit": "kg"}, {"date": "2019-11-01", "country_from": "CA", "country_to": "CU", "value": "17330", "unit": "kg"}, {"date": "2019-12-01", "country_from": "CA", "country_to": "CU", "value": "0", "unit": "kg"}, {"date": "2020-01-01", "country_from": "CA", "country_to": "CU", "value": "0", "unit": "kg"}, {"date": "2020-02-01", "country_from": "CA", "country_to": "CU", "value": "0", "unit": "kg"}, {"date": "2020-03-01", "country_from": "CA", "country_to": "CU", "value": "0", "unit": "kg"}, {"date": "2020-04-01", "country_from": "CA", "country_to": "CU", "value": "0", "unit": "kg"}, {"date": "2018-11-01", "country_from": "CA", "country_to": "DM", "value": "0", "unit": "kg"}, {"date": "2018-12-01", "country_from": "CA", "country_to": "DM", "value": "0", "unit": "kg"}, {"date": "2019-01-01", "country_from": "CA", "country_to": "DM", "value": "0", "unit": "kg"}, {"date": "2019-02-01", "country_from": "CA", "country_to": "DM", "value": "4113", "unit": "kg"}, {"date": "2019-03-01", "country_from": "CA", "country_to": "DM", "value": "0", "unit": "kg"}, {"date": "2019-04-01", "country_from": "CA", "country_to": "DM", "value": "0", "unit": "kg"}, {"date": "2019-05-01", "country_from": "CA", "country_to": "DM", "value": "0", "unit": "kg"}, {"date": "2019-06-01", "country_from": "CA", "country_to": "DM", "value": "0", "unit": "kg"}, {"date": "2019-07-01", "country_from": "CA", "country_to": "DM", "value": "0", "unit": "kg"}, {"date": "2019-08-01", "country_from": "CA", "country_to": "DM", "value": "0", "unit": "kg"}, {"date": "2019-09-01", "country_from": "CA", "country_to": "DM", "value": "0", "unit": "kg"}, {"date": "2019-10-01", "country_from": "CA", "country_to": "DM", "value": "0", "unit": "kg"}, {"date": "2019-11-01", "country_from": "CA", "country_to": "DM", "value": "0", "unit": "kg"}, {"date": "2019-12-01", "country_from": "CA", "country_to": "DM", "value": "0", "unit": "kg"}, {"date": "2020-01-01", "country_from": "CA", "country_to": "DM", "value": "0", "unit": "kg"}, {"date": "2020-02-01", "country_from": "CA", "country_to": "DM", "value": "0", "unit": "kg"}, {"date": "2020-03-01", "country_from": "CA", "country_to": "DM", "value": "0", "unit": "kg"}, {"date": "2020-04-01", "country_from": "CA", "country_to": "DM", "value": "12122", "unit": "kg"}, {"date": "2018-11-01", "country_from": "CA", "country_to": "DO", "value": "0", "unit": "kg"}, {"date": "2018-12-01", "country_from": "CA", "country_to": "DO", "value": "0", "unit": "kg"}, {"date": "2019-01-01", "country_from": "CA", "country_to": "DO", "value": "0", "unit": "kg"}, {"date": "2019-02-01", "country_from": "CA", "country_to": "DO", "value": "0", "unit": "kg"}, {"date": "2019-03-01", "country_from": "CA", "country_to": "DO", "value": "0", "unit": "kg"}, {"date": "2019-04-01", "country_from": "CA", "country_to": "DO", "value": "26023", "unit": "kg"}, {"date": "2019-05-01", "country_from": "CA", "country_to": "DO", "value": "0", "unit": "kg"}, {"date": "2019-06-01", "country_from": "CA", "country_to": "DO", "value": "0", "unit": "kg"}, {"date": "2019-07-01", "country_from": "CA", "country_to": "DO", "value": "0", "unit": "kg"}, {"date": "2019-08-01", "country_from": "CA", "country_to": "DO", "value": "0", "unit": "kg"}, {"date": "2019-09-01", "country_from": "CA", "country_to": "DO", "value": "0", "unit": "kg"}, {"date": "2019-10-01", "country_from": "CA", "country_to": "DO", "value": "28192", "unit": "kg"}, {"date": "2019-11-01", "country_from": "CA", "country_to": "DO", "value": "0", "unit": "kg"}, {"date": "2019-12-01", "country_from": "CA", "country_to": "DO", "value": "0", "unit": "kg"}, {"date": "2020-01-01", "country_from": "CA", "country_to": "DO", "value": "0", "unit": "kg"}, {"date": "2020-02-01", "country_from": "CA", "country_to": "DO", "value": "0", "unit": "kg"}, {"date": "2020-03-01", "country_from": "CA", "country_to": "DO", "value": "27108", "unit": "kg"}, {"date": "2020-04-01", "country_from": "CA", "country_to": "DO", "value": "0", "unit": "kg"}, {"date": "2018-11-01", "country_from": "CA", "country_to": "JM", "value": "0", "unit": "kg"}, {"date": "2018-12-01", "country_from": "CA", "country_to": "JM", "value": "0", "unit": "kg"}, {"date": "2019-01-01", "country_from": "CA", "country_to": "JM", "value": "0", "unit": "kg"}, {"date": "2019-02-01", "country_from": "CA", "country_to": "JM", "value": "0", "unit": "kg"}, {"date": "2019-03-01", "country_from": "CA", "country_to": "JM", "value": "0", "unit": "kg"}, {"date": "2019-04-01", "country_from": "CA", "country_to": "JM", "value": "0", "unit": "kg"}, {"date": "2019-05-01", "country_from": "CA", "country_to": "JM", "value": "0", "unit": "kg"}, {"date": "2019-06-01", "country_from": "CA", "country_to": "JM", "value": "0", "unit": "kg"}, {"date": "2019-07-01", "country_from": "CA", "country_to": "JM", "value": "15025", "unit": "kg"}, {"date": "2019-08-01", "country_from": "CA", "country_to": "JM", "value": "0", "unit": "kg"}, {"date": "2019-09-01", "country_from": "CA", "country_to": "JM", "value": "0", "unit": "kg"}, {"date": "2019-10-01", "country_from": "CA", "country_to": "JM", "value": "0", "unit": "kg"}, {"date": "2019-11-01", "country_from": "CA", "country_to": "JM", "value": "26559", "unit": "kg"}, {"date": "2019-12-01", "country_from": "CA", "country_to": "JM", "value": "75613", "unit": "kg"}, {"date": "2020-01-01", "country_from": "CA", "country_to": "JM", "value": "0", "unit": "kg"}, {"date": "2020-02-01", "country_from": "CA", "country_to": "JM", "value": "0", "unit": "kg"}, {"date": "2020-03-01", "country_from": "CA", "country_to": "JM", "value": "15602", "unit": "kg"}, {"date": "2020-04-01", "country_from": "CA", "country_to": "JM", "value": "0", "unit": "kg"}, {"date": "2018-11-01", "country_from": "CA", "country_to": "LB", "value": "0", "unit": "kg"}, {"date": "2018-12-01", "country_from": "CA", "country_to": "LB", "value": "0", "unit": "kg"}, {"date": "2019-01-01", "country_from": "CA", "country_to": "LB", "value": "0", "unit": "kg"}, {"date": "2019-02-01", "country_from": "CA", "country_to": "LB", "value": "4963", "unit": "kg"}, {"date": "2019-03-01", "country_from": "CA", "country_to": "LB", "value": "0", "unit": "kg"}, {"date": "2019-04-01", "country_from": "CA", "country_to": "LB", "value": "0", "unit": "kg"}, {"date": "2019-05-01", "country_from": "CA", "country_to": "LB", "value": "0", "unit": "kg"}, {"date": "2019-06-01", "country_from": "CA", "country_to": "LB", "value": "0", "unit": "kg"}, {"date": "2019-07-01", "country_from": "CA", "country_to": "LB", "value": "0", "unit": "kg"}, {"date": "2019-08-01", "country_from": "CA", "country_to": "LB", "value": "0", "unit": "kg"}, {"date": "2019-09-01", "country_from": "CA", "country_to": "LB", "value": "0", "unit": "kg"}, {"date": "2019-10-01", "country_from": "CA", "country_to": "LB", "value": "0", "unit": "kg"}, {"date": "2019-11-01", "country_from": "CA", "country_to": "LB", "value": "0", "unit": "kg"}, {"date": "2019-12-01", "country_from": "CA", "country_to": "LB", "value": "0", "unit": "kg"}, {"date": "2020-01-01", "country_from": "CA", "country_to": "LB", "value": "0", "unit": "kg"}, {"date": "2020-02-01", "country_from": "CA", "country_to": "LB", "value": "0", "unit": "kg"}, {"date": "2020-03-01", "country_from": "CA", "country_to": "LB", "value": "0", "unit": "kg"}, {"date": "2020-04-01", "country_from": "CA", "country_to": "LB", "value": "0", "unit": "kg"}, {"date": "2018-11-01", "country_from": "CA", "country_to": "LR", "value": "6579", "unit": "kg"}, {"date": "2018-12-01", "country_from": "CA", "country_to": "LR", "value": "0", "unit": "kg"}, {"date": "2019-01-01", "country_from": "CA", "country_to": "LR", "value": "0", "unit": "kg"}, {"date": "2019-02-01", "country_from": "CA", "country_to": "LR", "value": "0", "unit": "kg"}, {"date": "2019-03-01", "country_from": "CA", "country_to": "LR", "value": "0", "unit": "kg"}, {"date": "2019-04-01", "country_from": "CA", "country_to": "LR", "value": "0", "unit": "kg"}, {"date": "2019-05-01", "country_from": "CA", "country_to": "LR", "value": "0", "unit": "kg"}, {"date": "2019-06-01", "country_from": "CA", "country_to": "LR", "value": "0", "unit": "kg"}, {"date": "2019-07-01", "country_from": "CA", "country_to": "LR", "value": "0", "unit": "kg"}, {"date": "2019-08-01", "country_from": "CA", "country_to": "LR", "value": "0", "unit": "kg"}, {"date": "2019-09-01", "country_from": "CA", "country_to": "LR", "value": "0", "unit": "kg"}, {"date": "2019-10-01", "country_from": "CA", "country_to": "LR", "value": "0", "unit": "kg"}, {"date": "2019-11-01", "country_from": "CA", "country_to": "LR", "value": "7071", "unit": "kg"}, {"date": "2019-12-01", "country_from": "CA", "country_to": "LR", "value": "0", "unit": "kg"}, {"date": "2020-01-01", "country_from": "CA", "country_to": "LR", "value": "0", "unit": "kg"}, {"date": "2020-02-01", "country_from": "CA", "country_to": "LR", "value": "0", "unit": "kg"}, {"date": "2020-03-01", "country_from": "CA", "country_to": "LR", "value": "0", "unit": "kg"}, {"date": "2020-04-01", "country_from": "CA", "country_to": "LR", "value": "0", "unit": "kg"}, {"date": "2018-11-01", "country_from": "CA", "country_to": "-", "value": "0", "unit": "kg"}, {"date": "2018-12-01", "country_from": "CA", "country_to": "-", "value": "0", "unit": "kg"}, {"date": "2019-01-01", "country_from": "CA", "country_to": "-", "value": "0", "unit": "kg"}, {"date": "2019-02-01", "country_from": "CA", "country_to": "-", "value": "0", "unit": "kg"}, {"date": "2019-03-01", "country_from": "CA", "country_to": "-", "value": "0", "unit": "kg"}, {"date": "2019-04-01", "country_from": "CA", "country_to": "-", "value": "0", "unit": "kg"}, {"date": "2019-05-01", "country_from": "CA", "country_to": "-", "value": "0", "unit": "kg"}, {"date": "2019-06-01", "country_from": "CA", "country_to": "-", "value": "16041", "unit": "kg"}, {"date": "2019-07-01", "country_from": "CA", "country_to": "-", "value": "0", "unit": "kg"}, {"date": "2019-08-01", "country_from": "CA", "country_to": "-", "value": "0", "unit": "kg"}, {"date": "2019-09-01", "country_from": "CA", "country_to": "-", "value": "0", "unit": "kg"}, {"date": "2019-10-01", "country_from": "CA", "country_to": "-", "value": "0", "unit": "kg"}, {"date": "2019-11-01", "country_from": "CA", "country_to": "-", "value": "0", "unit": "kg"}, {"date": "2019-12-01", "country_from": "CA", "country_to": "-", "value": "0", "unit": "kg"}, {"date": "2020-01-01", "country_from": "CA", "country_to": "-", "value": "0", "unit": "kg"}, {"date": "2020-02-01", "country_from": "CA", "country_to": "-", "value": "0", "unit": "kg"}, {"date": "2020-03-01", "country_from": "CA", "country_to": "-", "value": "0", "unit": "kg"}, {"date": "2020-04-01", "country_from": "CA", "country_to": "-", "value": "0", "unit": "kg"}, {"date": "2018-11-01", "country_from": "CA", "country_to": "PK", "value": "0", "unit": "kg"}, {"date": "2018-12-01", "country_from": "CA", "country_to": "PK", "value": "0", "unit": "kg"}, {"date": "2019-01-01", "country_from": "CA", "country_to": "PK", "value": "0", "unit": "kg"}, {"date": "2019-02-01", "country_from": "CA", "country_to": "PK", "value": "0", "unit": "kg"}, {"date": "2019-03-01", "country_from": "CA", "country_to": "PK", "value": "0", "unit": "kg"}, {"date": "2019-04-01", "country_from": "CA", "country_to": "PK", "value": "0", "unit": "kg"}, {"date": "2019-05-01", "country_from": "CA", "country_to": "PK", "value": "0", "unit": "kg"}, {"date": "2019-06-01", "country_from": "CA", "country_to": "PK", "value": "0", "unit": "kg"}, {"date": "2019-07-01", "country_from": "CA", "country_to": "PK", "value": "0", "unit": "kg"}, {"date": "2019-08-01", "country_from": "CA", "country_to": "PK", "value": "0", "unit": "kg"}, {"date": "2019-09-01", "country_from": "CA", "country_to": "PK", "value": "119363", "unit": "kg"}, {"date": "2019-10-01", "country_from": "CA", "country_to": "PK", "value": "0", "unit": "kg"}, {"date": "2019-11-01", "country_from": "CA", "country_to": "PK", "value": "0", "unit": "kg"}, {"date": "2019-12-01", "country_from": "CA", "country_to": "PK", "value": "0", "unit": "kg"}, {"date": "2020-01-01", "country_from": "CA", "country_to": "PK", "value": "0", "unit": "kg"}, {"date": "2020-02-01", "country_from": "CA", "country_to": "PK", "value": "0", "unit": "kg"}, {"date": "2020-03-01", "country_from": "CA", "country_to": "PK", "value": "0", "unit": "kg"}, {"date": "2020-04-01", "country_from": "CA", "country_to": "PK", "value": "0", "unit": "kg"}, {"date": "2018-11-01", "country_from": "CA", "country_to": "PH", "value": "0", "unit": "kg"}, {"date": "2018-12-01", "country_from": "CA", "country_to": "PH", "value": "0", "unit": "kg"}, {"date": "2019-01-01", "country_from": "CA", "country_to": "PH", "value": "0", "unit": "kg"}, {"date": "2019-02-01", "country_from": "CA", "country_to": "PH", "value": "0", "unit": "kg"}, {"date": "2019-03-01", "country_from": "CA", "country_to": "PH", "value": "0", "unit": "kg"}, {"date": "2019-04-01", "country_from": "CA", "country_to": "PH", "value": "0", "unit": "kg"}, {"date": "2019-05-01", "country_from": "CA", "country_to": "PH", "value": "0", "unit": "kg"}, {"date": "2019-06-01", "country_from": "CA", "country_to": "PH", "value": "0", "unit": "kg"}, {"date": "2019-07-01", "country_from": "CA", "country_to": "PH", "value": "0", "unit": "kg"}, {"date": "2019-08-01", "country_from": "CA", "country_to": "PH", "value": "0", "unit": "kg"}, {"date": "2019-09-01", "country_from": "CA", "country_to": "PH", "value": "0", "unit": "kg"}, {"date": "2019-10-01", "country_from": "CA", "country_to": "PH", "value": "77568", "unit": "kg"}, {"date": "2019-11-01", "country_from": "CA", "country_to": "PH", "value": "0", "unit": "kg"}, {"date": "2019-12-01", "country_from": "CA", "country_to": "PH", "value": "0", "unit": "kg"}, {"date": "2020-01-01", "country_from": "CA", "country_to": "PH", "value": "0", "unit": "kg"}, {"date": "2020-02-01", "country_from": "CA", "country_to": "PH", "value": "0", "unit": "kg"}, {"date": "2020-03-01", "country_from": "CA", "country_to": "PH", "value": "35250", "unit": "kg"}, {"date": "2020-04-01", "country_from": "CA", "country_to": "PH", "value": "0", "unit": "kg"}, {"date": "2018-11-01", "country_from": "CA", "country_to": "IN", "value": "0", "unit": "kg"}, {"date": "2018-12-01", "country_from": "CA", "country_to": "IN", "value": "80062", "unit": "kg"}, {"date": "2019-01-01", "country_from": "CA", "country_to": "IN", "value": "0", "unit": "kg"}, {"date": "2019-02-01", "country_from": "CA", "country_to": "IN", "value": "0", "unit": "kg"}, {"date": "2019-03-01", "country_from": "CA", "country_to": "IN", "value": "0", "unit": "kg"}, {"date": "2019-04-01", "country_from": "CA", "country_to": "IN", "value": "0", "unit": "kg"}, {"date": "2019-05-01", "country_from": "CA", "country_to": "IN", "value": "0", "unit": "kg"}, {"date": "2019-06-01", "country_from": "CA", "country_to": "IN", "value": "0", "unit": "kg"}, {"date": "2019-07-01", "country_from": "CA", "country_to": "IN", "value": "0", "unit": "kg"}, {"date": "2019-08-01", "country_from": "CA", "country_to": "IN", "value": "0", "unit": "kg"}, {"date": "2019-09-01", "country_from": "CA", "country_to": "IN", "value": "354653", "unit": "kg"}, {"date": "2019-10-01", "country_from": "CA", "country_to": "IN", "value": "0", "unit": "kg"}, {"date": "2019-11-01", "country_from": "CA", "country_to": "IN", "value": "40089", "unit": "kg"}, {"date": "2019-12-01", "country_from": "CA", "country_to": "IN", "value": "0", "unit": "kg"}, {"date": "2020-01-01", "country_from": "CA", "country_to": "IN", "value": "0", "unit": "kg"}, {"date": "2020-02-01", "country_from": "CA", "country_to": "IN", "value": "0", "unit": "kg"}, {"date": "2020-03-01", "country_from": "CA", "country_to": "IN", "value": "0", "unit": "kg"}, {"date": "2020-04-01", "country_from": "CA", "country_to": "IN", "value": "0", "unit": "kg"}, {"date": "2018-11-01", "country_from": "CA", "country_to": "VN", "value": "0", "unit": "kg"}, {"date": "2018-12-01", "country_from": "CA", "country_to": "VN", "value": "0", "unit": "kg"}, {"date": "2019-01-01", "country_from": "CA", "country_to": "VN", "value": "0", "unit": "kg"}, {"date": "2019-02-01", "country_from": "CA", "country_to": "VN", "value": "0", "unit": "kg"}, {"date": "2019-03-01", "country_from": "CA", "country_to": "VN", "value": "20464", "unit": "kg"}, {"date": "2019-04-01", "country_from": "CA", "country_to": "VN", "value": "0", "unit": "kg"}, {"date": "2019-05-01", "country_from": "CA", "country_to": "VN", "value": "0", "unit": "kg"}, {"date": "2019-06-01", "country_from": "CA", "country_to": "VN", "value": "0", "unit": "kg"}, {"date": "2019-07-01", "country_from": "CA", "country_to": "VN", "value": "0", "unit": "kg"}, {"date": "2019-08-01", "country_from": "CA", "country_to": "VN", "value": "0", "unit": "kg"}, {"date": "2019-09-01", "country_from": "CA", "country_to": "VN", "value": "0", "unit": "kg"}, {"date": "2019-10-01", "country_from": "CA", "country_to": "VN", "value": "0", "unit": "kg"}, {"date": "2019-11-01", "country_from": "CA", "country_to": "VN", "value": "0", "unit": "kg"}, {"date": "2019-12-01", "country_from": "CA", "country_to": "VN", "value": "0", "unit": "kg"}, {"date": "2020-01-01", "country_from": "CA", "country_to": "VN", "value": "0", "unit": "kg"}, {"date": "2020-02-01", "country_from": "CA", "country_to": "VN", "value": "0", "unit": "kg"}, {"date": "2020-03-01", "country_from": "CA", "country_to": "VN", "value": "0", "unit": "kg"}, {"date": "2020-04-01", "country_from": "CA", "country_to": "VN", "value": "0", "unit": "kg"}, {"date": "2018-11-01", "country_from": "CA", "country_to": "TH", "value": "0", "unit": "kg"}, {"date": "2018-12-01", "country_from": "CA", "country_to": "TH", "value": "0", "unit": "kg"}, {"date": "2019-01-01", "country_from": "CA", "country_to": "TH", "value": "0", "unit": "kg"}, {"date": "2019-02-01", "country_from": "CA", "country_to": "TH", "value": "0", "unit": "kg"}, {"date": "2019-03-01", "country_from": "CA", "country_to": "TH", "value": "0", "unit": "kg"}, {"date": "2019-04-01", "country_from": "CA", "country_to": "TH", "value": "0", "unit": "kg"}, {"date": "2019-05-01", "country_from": "CA", "country_to": "TH", "value": "0", "unit": "kg"}, {"date": "2019-06-01", "country_from": "CA", "country_to": "TH", "value": "0", "unit": "kg"}, {"date": "2019-07-01", "country_from": "CA", "country_to": "TH", "value": "0", "unit": "kg"}, {"date": "2019-08-01", "country_from": "CA", "country_to": "TH", "value": "0", "unit": "kg"}, {"date": "2019-09-01", "country_from": "CA", "country_to": "TH", "value": "0", "unit": "kg"}, {"date": "2019-10-01", "country_from": "CA", "country_to": "TH", "value": "0", "unit": "kg"}, {"date": "2019-11-01", "country_from": "CA", "country_to": "TH", "value": "103754", "unit": "kg"}, {"date": "2019-12-01", "country_from": "CA", "country_to": "TH", "value": "0", "unit": "kg"}, {"date": "2020-01-01", "country_from": "CA", "country_to": "TH", "value": "0", "unit": "kg"}, {"date": "2020-02-01", "country_from": "CA", "country_to": "TH", "value": "0", "unit": "kg"}, {"date": "2020-03-01", "country_from": "CA", "country_to": "TH", "value": "0", "unit": "kg"}, {"date": "2020-04-01", "country_from": "CA", "country_to": "TH", "value": "0", "unit": "kg"}]