[{"date": "2018-11-01", "country": "Australia", "value": "7040", "unit": "kg"}, {"date": "2018-12-01", "country": "Australia", "value": "0", "unit": "kg"}, {"date": "2019-01-01", "country": "Australia", "value": "0", "unit": "kg"}, {"date": "2019-02-01", "country": "Australia", "value": "0", "unit": "kg"}, {"date": "2019-03-01", "country": "Australia", "value": "0", "unit": "kg"}, {"date": "2019-04-01", "country": "Australia", "value": "0", "unit": "kg"}, {"date": "2019-05-01", "country": "Australia", "value": "0", "unit": "kg"}, {"date": "2019-06-01", "country": "Australia", "value": "0", "unit": "kg"}, {"date": "2019-07-01", "country": "Australia", "value": "0", "unit": "kg"}, {"date": "2019-08-01", "country": "Australia", "value": "1500", "unit": "kg"}, {"date": "2019-09-01", "country": "Australia", "value": "0", "unit": "kg"}, {"date": "2019-10-01", "country": "Australia", "value": "0", "unit": "kg"}, {"date": "2019-11-01", "country": "Australia", "value": "0", "unit": "kg"}, {"date": "2019-12-01", "country": "Australia", "value": "0", "unit": "kg"}, {"date": "2020-01-01", "country": "Australia", "value": "0", "unit": "kg"}, {"date": "2020-02-01", "country": "Australia", "value": "0", "unit": "kg"}, {"date": "2020-03-01", "country": "Australia", "value": "0", "unit": "kg"}, {"date": "2020-04-01", "country": "Australia", "value": "0", "unit": "kg"}, {"date": "2018-11-01", "country": "New Zealand", "value": "3520", "unit": "kg"}, {"date": "2018-12-01", "country": "New Zealand", "value": "0", "unit": "kg"}, {"date": "2019-01-01", "country": "New Zealand", "value": "0", "unit": "kg"}, {"date": "2019-02-01", "country": "New Zealand", "value": "0", "unit": "kg"}, {"date": "2019-03-01", "country": "New Zealand", "value": "0", "unit": "kg"}, {"date": "2019-04-01", "country": "New Zealand", "value": "0", "unit": "kg"}, {"date": "2019-05-01", "country": "New Zealand", "value": "0", "unit": "kg"}, {"date": "2019-06-01", "country": "New Zealand", "value": "0", "unit": "kg"}, {"date": "2019-07-01", "country": "New Zealand", "value": "0", "unit": "kg"}, {"date": "2019-08-01", "country": "New Zealand", "value": "0", "unit": "kg"}, {"date": "2019-09-01", "country": "New Zealand", "value": "0", "unit": "kg"}, {"date": "2019-10-01", "country": "New Zealand", "value": "0", "unit": "kg"}, {"date": "2019-11-01", "country": "New Zealand", "value": "0", "unit": "kg"}, {"date": "2019-12-01", "country": "New Zealand", "value": "0", "unit": "kg"}, {"date": "2020-01-01", "country": "New Zealand", "value": "0", "unit": "kg"}, {"date": "2020-02-01", "country": "New Zealand", "value": "0", "unit": "kg"}, {"date": "2020-03-01", "country": "New Zealand", "value": "0", "unit": "kg"}, {"date": "2020-04-01", "country": "New Zealand", "value": "0", "unit": "kg"}, {"date": "2018-11-01", "country": "Poland", "value": "0", "unit": "kg"}, {"date": "2018-12-01", "country": "Poland", "value": "0", "unit": "kg"}, {"date": "2019-01-01", "country": "Poland", "value": "0", "unit": "kg"}, {"date": "2019-02-01", "country": "Poland", "value": "0", "unit": "kg"}, {"date": "2019-03-01", "country": "Poland", "value": "0", "unit": "kg"}, {"date": "2019-04-01", "country": "Poland", "value": "0", "unit": "kg"}, {"date": "2019-05-01", "country": "Poland", "value": "0", "unit": "kg"}, {"date": "2019-06-01", "country": "Poland", "value": "0", "unit": "kg"}, {"date": "2019-07-01", "country": "Poland", "value": "0", "unit": "kg"}, {"date": "2019-08-01", "country": "Poland", "value": "0", "unit": "kg"}, {"date": "2019-09-01", "country": "Poland", "value": "0", "unit": "kg"}, {"date": "2019-10-01", "country": "Poland", "value": "0", "unit": "kg"}, {"date": "2019-11-01", "country": "Poland", "value": "0", "unit": "kg"}, {"date": "2019-12-01", "country": "Poland", "value": "0", "unit": "kg"}, {"date": "2020-01-01", "country": "Poland", "value": "0", "unit": "kg"}, {"date": "2020-02-01", "country": "Poland", "value": "0", "unit": "kg"}, {"date": "2020-03-01", "country": "Poland", "value": "0", "unit": "kg"}, {"date": "2020-04-01", "country": "Poland", "value": "25008", "unit": "kg"}, {"date": "2018-11-01", "country": "Singapore", "value": "14000", "unit": "kg"}, {"date": "2018-12-01", "country": "Singapore", "value": "16027", "unit": "kg"}, {"date": "2019-01-01", "country": "Singapore", "value": "13000", "unit": "kg"}, {"date": "2019-02-01", "country": "Singapore", "value": "14000", "unit": "kg"}, {"date": "2019-03-01", "country": "Singapore", "value": "14161", "unit": "kg"}, {"date": "2019-04-01", "country": "Singapore", "value": "1000", "unit": "kg"}, {"date": "2019-05-01", "country": "Singapore", "value": "591", "unit": "kg"}, {"date": "2019-06-01", "country": "Singapore", "value": "11000", "unit": "kg"}, {"date": "2019-07-01", "country": "Singapore", "value": "24740", "unit": "kg"}, {"date": "2019-08-01", "country": "Singapore", "value": "11500", "unit": "kg"}, {"date": "2019-09-01", "country": "Singapore", "value": "12000", "unit": "kg"}, {"date": "2019-10-01", "country": "Singapore", "value": "11100", "unit": "kg"}, {"date": "2019-11-01", "country": "Singapore", "value": "12000", "unit": "kg"}, {"date": "2019-12-01", "country": "Singapore", "value": "0", "unit": "kg"}, {"date": "2020-01-01", "country": "Singapore", "value": "14200", "unit": "kg"}, {"date": "2020-02-01", "country": "Singapore", "value": "22500", "unit": "kg"}, {"date": "2020-03-01", "country": "Singapore", "value": "11000", "unit": "kg"}, {"date": "2020-04-01", "country": "Singapore", "value": "0", "unit": "kg"}]