[{"date": "2018-11-01", "country": "Germany", "value": "168", "unit": "kg"}, {"date": "2018-12-01", "country": "Germany", "value": "0", "unit": "kg"}, {"date": "2019-01-01", "country": "Germany", "value": "6659", "unit": "kg"}, {"date": "2019-02-01", "country": "Germany", "value": "4754", "unit": "kg"}, {"date": "2019-03-01", "country": "Germany", "value": "17582", "unit": "kg"}, {"date": "2019-04-01", "country": "Germany", "value": "1362", "unit": "kg"}, {"date": "2019-05-01", "country": "Germany", "value": "1515", "unit": "kg"}, {"date": "2019-06-01", "country": "Germany", "value": "1460", "unit": "kg"}, {"date": "2019-07-01", "country": "Germany", "value": "63021", "unit": "kg"}, {"date": "2019-08-01", "country": "Germany", "value": "56482", "unit": "kg"}, {"date": "2019-09-01", "country": "Germany", "value": "48886", "unit": "kg"}, {"date": "2019-10-01", "country": "Germany", "value": "99638", "unit": "kg"}, {"date": "2019-11-01", "country": "Germany", "value": "74179", "unit": "kg"}, {"date": "2019-12-01", "country": "Germany", "value": "67331", "unit": "kg"}, {"date": "2020-01-01", "country": "Germany", "value": "51399", "unit": "kg"}, {"date": "2020-02-01", "country": "Germany", "value": "28885", "unit": "kg"}, {"date": "2020-03-01", "country": "Germany", "value": "30707", "unit": "kg"}, {"date": "2020-04-01", "country": "Germany", "value": "34375", "unit": "kg"}, {"date": "2018-11-01", "country": "Morocco", "value": "0", "unit": "kg"}, {"date": "2018-12-01", "country": "Morocco", "value": "0", "unit": "kg"}, {"date": "2019-01-01", "country": "Morocco", "value": "0", "unit": "kg"}, {"date": "2019-02-01", "country": "Morocco", "value": "0", "unit": "kg"}, {"date": "2019-03-01", "country": "Morocco", "value": "0", "unit": "kg"}, {"date": "2019-04-01", "country": "Morocco", "value": "0", "unit": "kg"}, {"date": "2019-05-01", "country": "Morocco", "value": "0", "unit": "kg"}, {"date": "2019-06-01", "country": "Morocco", "value": "0", "unit": "kg"}, {"date": "2019-07-01", "country": "Morocco", "value": "0", "unit": "kg"}, {"date": "2019-08-01", "country": "Morocco", "value": "0", "unit": "kg"}, {"date": "2019-09-01", "country": "Morocco", "value": "0", "unit": "kg"}, {"date": "2019-10-01", "country": "Morocco", "value": "0", "unit": "kg"}, {"date": "2019-11-01", "country": "Morocco", "value": "0", "unit": "kg"}, {"date": "2019-12-01", "country": "Morocco", "value": "0", "unit": "kg"}, {"date": "2020-01-01", "country": "Morocco", "value": "0", "unit": "kg"}, {"date": "2020-02-01", "country": "Morocco", "value": "0", "unit": "kg"}, {"date": "2020-03-01", "country": "Morocco", "value": "0", "unit": "kg"}, {"date": "2020-04-01", "country": "Morocco", "value": "0", "unit": "kg"}, {"date": "2018-11-01", "country": "Czech Republic", "value": "0", "unit": "kg"}, {"date": "2018-12-01", "country": "Czech Republic", "value": "0", "unit": "kg"}, {"date": "2019-01-01", "country": "Czech Republic", "value": "1632", "unit": "kg"}, {"date": "2019-02-01", "country": "Czech Republic", "value": "1227", "unit": "kg"}, {"date": "2019-03-01", "country": "Czech Republic", "value": "11555", "unit": "kg"}, {"date": "2019-04-01", "country": "Czech Republic", "value": "0", "unit": "kg"}, {"date": "2019-05-01", "country": "Czech Republic", "value": "0", "unit": "kg"}, {"date": "2019-06-01", "country": "Czech Republic", "value": "0", "unit": "kg"}, {"date": "2019-07-01", "country": "Czech Republic", "value": "3232", "unit": "kg"}, {"date": "2019-08-01", "country": "Czech Republic", "value": "12653", "unit": "kg"}, {"date": "2019-09-01", "country": "Czech Republic", "value": "3322", "unit": "kg"}, {"date": "2019-10-01", "country": "Czech Republic", "value": "14522", "unit": "kg"}, {"date": "2019-11-01", "country": "Czech Republic", "value": "13868", "unit": "kg"}, {"date": "2019-12-01", "country": "Czech Republic", "value": "12606", "unit": "kg"}, {"date": "2020-01-01", "country": "Czech Republic", "value": "6046", "unit": "kg"}, {"date": "2020-02-01", "country": "Czech Republic", "value": "6387", "unit": "kg"}, {"date": "2020-03-01", "country": "Czech Republic", "value": "6702", "unit": "kg"}, {"date": "2020-04-01", "country": "Czech Republic", "value": "2646", "unit": "kg"}, {"date": "2018-11-01", "country": "France", "value": "4452", "unit": "kg"}, {"date": "2018-12-01", "country": "France", "value": "1077", "unit": "kg"}, {"date": "2019-01-01", "country": "France", "value": "2154", "unit": "kg"}, {"date": "2019-02-01", "country": "France", "value": "3836", "unit": "kg"}, {"date": "2019-03-01", "country": "France", "value": "1760", "unit": "kg"}, {"date": "2019-04-01", "country": "France", "value": "1992", "unit": "kg"}, {"date": "2019-05-01", "country": "France", "value": "2230", "unit": "kg"}, {"date": "2019-06-01", "country": "France", "value": "128", "unit": "kg"}, {"date": "2019-07-01", "country": "France", "value": "3776", "unit": "kg"}, {"date": "2019-08-01", "country": "France", "value": "0", "unit": "kg"}, {"date": "2019-09-01", "country": "France", "value": "2160", "unit": "kg"}, {"date": "2019-10-01", "country": "France", "value": "2160", "unit": "kg"}, {"date": "2019-11-01", "country": "France", "value": "1440", "unit": "kg"}, {"date": "2019-12-01", "country": "France", "value": "2648", "unit": "kg"}, {"date": "2020-01-01", "country": "France", "value": "244", "unit": "kg"}, {"date": "2020-02-01", "country": "France", "value": "208", "unit": "kg"}, {"date": "2020-03-01", "country": "France", "value": "4682", "unit": "kg"}, {"date": "2020-04-01", "country": "France", "value": "788", "unit": "kg"}, {"date": "2018-11-01", "country": "Luxembourg", "value": "0", "unit": "kg"}, {"date": "2018-12-01", "country": "Luxembourg", "value": "532", "unit": "kg"}, {"date": "2019-01-01", "country": "Luxembourg", "value": "397", "unit": "kg"}, {"date": "2019-02-01", "country": "Luxembourg", "value": "664", "unit": "kg"}, {"date": "2019-03-01", "country": "Luxembourg", "value": "437", "unit": "kg"}, {"date": "2019-04-01", "country": "Luxembourg", "value": "0", "unit": "kg"}, {"date": "2019-05-01", "country": "Luxembourg", "value": "375", "unit": "kg"}, {"date": "2019-06-01", "country": "Luxembourg", "value": "0", "unit": "kg"}, {"date": "2019-07-01", "country": "Luxembourg", "value": "0", "unit": "kg"}, {"date": "2019-08-01", "country": "Luxembourg", "value": "0", "unit": "kg"}, {"date": "2019-09-01", "country": "Luxembourg", "value": "0", "unit": "kg"}, {"date": "2019-10-01", "country": "Luxembourg", "value": "0", "unit": "kg"}, {"date": "2019-11-01", "country": "Luxembourg", "value": "0", "unit": "kg"}, {"date": "2019-12-01", "country": "Luxembourg", "value": "0", "unit": "kg"}, {"date": "2020-01-01", "country": "Luxembourg", "value": "0", "unit": "kg"}, {"date": "2020-02-01", "country": "Luxembourg", "value": "0", "unit": "kg"}, {"date": "2020-03-01", "country": "Luxembourg", "value": "0", "unit": "kg"}, {"date": "2020-04-01", "country": "Luxembourg", "value": "769", "unit": "kg"}, {"date": "2018-11-01", "country": "Belgium", "value": "0", "unit": "kg"}, {"date": "2018-12-01", "country": "Belgium", "value": "0", "unit": "kg"}, {"date": "2019-01-01", "country": "Belgium", "value": "0", "unit": "kg"}, {"date": "2019-02-01", "country": "Belgium", "value": "0", "unit": "kg"}, {"date": "2019-03-01", "country": "Belgium", "value": "0", "unit": "kg"}, {"date": "2019-04-01", "country": "Belgium", "value": "976", "unit": "kg"}, {"date": "2019-05-01", "country": "Belgium", "value": "0", "unit": "kg"}, {"date": "2019-06-01", "country": "Belgium", "value": "0", "unit": "kg"}, {"date": "2019-07-01", "country": "Belgium", "value": "0", "unit": "kg"}, {"date": "2019-08-01", "country": "Belgium", "value": "0", "unit": "kg"}, {"date": "2019-09-01", "country": "Belgium", "value": "0", "unit": "kg"}, {"date": "2019-10-01", "country": "Belgium", "value": "0", "unit": "kg"}, {"date": "2019-11-01", "country": "Belgium", "value": "0", "unit": "kg"}, {"date": "2019-12-01", "country": "Belgium", "value": "896", "unit": "kg"}, {"date": "2020-01-01", "country": "Belgium", "value": "713", "unit": "kg"}, {"date": "2020-02-01", "country": "Belgium", "value": "0", "unit": "kg"}, {"date": "2020-03-01", "country": "Belgium", "value": "0", "unit": "kg"}, {"date": "2020-04-01", "country": "Belgium", "value": "0", "unit": "kg"}, {"date": "2018-11-01", "country": "Angola", "value": "3712", "unit": "kg"}, {"date": "2018-12-01", "country": "Angola", "value": "9660", "unit": "kg"}, {"date": "2019-01-01", "country": "Angola", "value": "1530", "unit": "kg"}, {"date": "2019-02-01", "country": "Angola", "value": "0", "unit": "kg"}, {"date": "2019-03-01", "country": "Angola", "value": "3448", "unit": "kg"}, {"date": "2019-04-01", "country": "Angola", "value": "6000", "unit": "kg"}, {"date": "2019-05-01", "country": "Angola", "value": "349", "unit": "kg"}, {"date": "2019-06-01", "country": "Angola", "value": "6322", "unit": "kg"}, {"date": "2019-07-01", "country": "Angola", "value": "984", "unit": "kg"}, {"date": "2019-08-01", "country": "Angola", "value": "0", "unit": "kg"}, {"date": "2019-09-01", "country": "Angola", "value": "245", "unit": "kg"}, {"date": "2019-10-01", "country": "Angola", "value": "60880", "unit": "kg"}, {"date": "2019-11-01", "country": "Angola", "value": "2920", "unit": "kg"}, {"date": "2019-12-01", "country": "Angola", "value": "0", "unit": "kg"}, {"date": "2020-01-01", "country": "Angola", "value": "8100", "unit": "kg"}, {"date": "2020-02-01", "country": "Angola", "value": "49420", "unit": "kg"}, {"date": "2020-03-01", "country": "Angola", "value": "0", "unit": "kg"}, {"date": "2020-04-01", "country": "Angola", "value": "0", "unit": "kg"}, {"date": "2018-11-01", "country": "Netherlands", "value": "0", "unit": "kg"}, {"date": "2018-12-01", "country": "Netherlands", "value": "0", "unit": "kg"}, {"date": "2019-01-01", "country": "Netherlands", "value": "0", "unit": "kg"}, {"date": "2019-02-01", "country": "Netherlands", "value": "0", "unit": "kg"}, {"date": "2019-03-01", "country": "Netherlands", "value": "0", "unit": "kg"}, {"date": "2019-04-01", "country": "Netherlands", "value": "0", "unit": "kg"}, {"date": "2019-05-01", "country": "Netherlands", "value": "0", "unit": "kg"}, {"date": "2019-06-01", "country": "Netherlands", "value": "0", "unit": "kg"}, {"date": "2019-07-01", "country": "Netherlands", "value": "0", "unit": "kg"}, {"date": "2019-08-01", "country": "Netherlands", "value": "0", "unit": "kg"}, {"date": "2019-09-01", "country": "Netherlands", "value": "0", "unit": "kg"}, {"date": "2019-10-01", "country": "Netherlands", "value": "0", "unit": "kg"}, {"date": "2019-11-01", "country": "Netherlands", "value": "0", "unit": "kg"}, {"date": "2019-12-01", "country": "Netherlands", "value": "0", "unit": "kg"}, {"date": "2020-01-01", "country": "Netherlands", "value": "0", "unit": "kg"}, {"date": "2020-02-01", "country": "Netherlands", "value": "0", "unit": "kg"}, {"date": "2020-03-01", "country": "Netherlands", "value": "350", "unit": "kg"}, {"date": "2020-04-01", "country": "Netherlands", "value": "193", "unit": "kg"}, {"date": "2018-11-01", "country": "Norway", "value": "1680", "unit": "kg"}, {"date": "2018-12-01", "country": "Norway", "value": "0", "unit": "kg"}, {"date": "2019-01-01", "country": "Norway", "value": "0", "unit": "kg"}, {"date": "2019-02-01", "country": "Norway", "value": "0", "unit": "kg"}, {"date": "2019-03-01", "country": "Norway", "value": "0", "unit": "kg"}, {"date": "2019-04-01", "country": "Norway", "value": "0", "unit": "kg"}, {"date": "2019-05-01", "country": "Norway", "value": "0", "unit": "kg"}, {"date": "2019-06-01", "country": "Norway", "value": "0", "unit": "kg"}, {"date": "2019-07-01", "country": "Norway", "value": "0", "unit": "kg"}, {"date": "2019-08-01", "country": "Norway", "value": "0", "unit": "kg"}, {"date": "2019-09-01", "country": "Norway", "value": "0", "unit": "kg"}, {"date": "2019-10-01", "country": "Norway", "value": "0", "unit": "kg"}, {"date": "2019-11-01", "country": "Norway", "value": "0", "unit": "kg"}, {"date": "2019-12-01", "country": "Norway", "value": "0", "unit": "kg"}, {"date": "2020-01-01", "country": "Norway", "value": "0", "unit": "kg"}, {"date": "2020-02-01", "country": "Norway", "value": "0", "unit": "kg"}, {"date": "2020-03-01", "country": "Norway", "value": "0", "unit": "kg"}, {"date": "2020-04-01", "country": "Norway", "value": "0", "unit": "kg"}, {"date": "2018-11-01", "country": "Sao Tome and Principe", "value": "0", "unit": "kg"}, {"date": "2018-12-01", "country": "Sao Tome and Principe", "value": "0", "unit": "kg"}, {"date": "2019-01-01", "country": "Sao Tome and Principe", "value": "0", "unit": "kg"}, {"date": "2019-02-01", "country": "Sao Tome and Principe", "value": "0", "unit": "kg"}, {"date": "2019-03-01", "country": "Sao Tome and Principe", "value": "0", "unit": "kg"}, {"date": "2019-04-01", "country": "Sao Tome and Principe", "value": "0", "unit": "kg"}, {"date": "2019-05-01", "country": "Sao Tome and Principe", "value": "0", "unit": "kg"}, {"date": "2019-06-01", "country": "Sao Tome and Principe", "value": "0", "unit": "kg"}, {"date": "2019-07-01", "country": "Sao Tome and Principe", "value": "0", "unit": "kg"}, {"date": "2019-08-01", "country": "Sao Tome and Principe", "value": "0", "unit": "kg"}, {"date": "2019-09-01", "country": "Sao Tome and Principe", "value": "0", "unit": "kg"}, {"date": "2019-10-01", "country": "Sao Tome and Principe", "value": "0", "unit": "kg"}, {"date": "2019-11-01", "country": "Sao Tome and Principe", "value": "0", "unit": "kg"}, {"date": "2019-12-01", "country": "Sao Tome and Principe", "value": "0", "unit": "kg"}, {"date": "2020-01-01", "country": "Sao Tome and Principe", "value": "0", "unit": "kg"}, {"date": "2020-02-01", "country": "Sao Tome and Principe", "value": "0", "unit": "kg"}, {"date": "2020-03-01", "country": "Sao Tome and Principe", "value": "0", "unit": "kg"}, {"date": "2020-04-01", "country": "Sao Tome and Principe", "value": "0", "unit": "kg"}, {"date": "2018-11-01", "country": "Spain", "value": "25439", "unit": "kg"}, {"date": "2018-12-01", "country": "Spain", "value": "0", "unit": "kg"}, {"date": "2019-01-01", "country": "Spain", "value": "82", "unit": "kg"}, {"date": "2019-02-01", "country": "Spain", "value": "48", "unit": "kg"}, {"date": "2019-03-01", "country": "Spain", "value": "52", "unit": "kg"}, {"date": "2019-04-01", "country": "Spain", "value": "60", "unit": "kg"}, {"date": "2019-05-01", "country": "Spain", "value": "44", "unit": "kg"}, {"date": "2019-06-01", "country": "Spain", "value": "68", "unit": "kg"}, {"date": "2019-07-01", "country": "Spain", "value": "56", "unit": "kg"}, {"date": "2019-08-01", "country": "Spain", "value": "64", "unit": "kg"}, {"date": "2019-09-01", "country": "Spain", "value": "71", "unit": "kg"}, {"date": "2019-10-01", "country": "Spain", "value": "0", "unit": "kg"}, {"date": "2019-11-01", "country": "Spain", "value": "0", "unit": "kg"}, {"date": "2019-12-01", "country": "Spain", "value": "0", "unit": "kg"}, {"date": "2020-01-01", "country": "Spain", "value": "0", "unit": "kg"}, {"date": "2020-02-01", "country": "Spain", "value": "0", "unit": "kg"}, {"date": "2020-03-01", "country": "Spain", "value": "0", "unit": "kg"}, {"date": "2020-04-01", "country": "Spain", "value": "0", "unit": "kg"}, {"date": "2018-11-01", "country": "Sweden", "value": "0", "unit": "kg"}, {"date": "2018-12-01", "country": "Sweden", "value": "0", "unit": "kg"}, {"date": "2019-01-01", "country": "Sweden", "value": "0", "unit": "kg"}, {"date": "2019-02-01", "country": "Sweden", "value": "3840", "unit": "kg"}, {"date": "2019-03-01", "country": "Sweden", "value": "0", "unit": "kg"}, {"date": "2019-04-01", "country": "Sweden", "value": "0", "unit": "kg"}, {"date": "2019-05-01", "country": "Sweden", "value": "0", "unit": "kg"}, {"date": "2019-06-01", "country": "Sweden", "value": "0", "unit": "kg"}, {"date": "2019-07-01", "country": "Sweden", "value": "0", "unit": "kg"}, {"date": "2019-08-01", "country": "Sweden", "value": "0", "unit": "kg"}, {"date": "2019-09-01", "country": "Sweden", "value": "0", "unit": "kg"}, {"date": "2019-10-01", "country": "Sweden", "value": "0", "unit": "kg"}, {"date": "2019-11-01", "country": "Sweden", "value": "0", "unit": "kg"}, {"date": "2019-12-01", "country": "Sweden", "value": "0", "unit": "kg"}, {"date": "2020-01-01", "country": "Sweden", "value": "0", "unit": "kg"}, {"date": "2020-02-01", "country": "Sweden", "value": "0", "unit": "kg"}, {"date": "2020-03-01", "country": "Sweden", "value": "0", "unit": "kg"}, {"date": "2020-04-01", "country": "Sweden", "value": "0", "unit": "kg"}, {"date": "2018-11-01", "country": "Switzerland", "value": "0", "unit": "kg"}, {"date": "2018-12-01", "country": "Switzerland", "value": "0", "unit": "kg"}, {"date": "2019-01-01", "country": "Switzerland", "value": "0", "unit": "kg"}, {"date": "2019-02-01", "country": "Switzerland", "value": "0", "unit": "kg"}, {"date": "2019-03-01", "country": "Switzerland", "value": "0", "unit": "kg"}, {"date": "2019-04-01", "country": "Switzerland", "value": "0", "unit": "kg"}, {"date": "2019-05-01", "country": "Switzerland", "value": "0", "unit": "kg"}, {"date": "2019-06-01", "country": "Switzerland", "value": "0", "unit": "kg"}, {"date": "2019-07-01", "country": "Switzerland", "value": "0", "unit": "kg"}, {"date": "2019-08-01", "country": "Switzerland", "value": "670", "unit": "kg"}, {"date": "2019-09-01", "country": "Switzerland", "value": "0", "unit": "kg"}, {"date": "2019-10-01", "country": "Switzerland", "value": "0", "unit": "kg"}, {"date": "2019-11-01", "country": "Switzerland", "value": "0", "unit": "kg"}, {"date": "2019-12-01", "country": "Switzerland", "value": "0", "unit": "kg"}, {"date": "2020-01-01", "country": "Switzerland", "value": "0", "unit": "kg"}, {"date": "2020-02-01", "country": "Switzerland", "value": "0", "unit": "kg"}, {"date": "2020-03-01", "country": "Switzerland", "value": "0", "unit": "kg"}, {"date": "2020-04-01", "country": "Switzerland", "value": "0", "unit": "kg"}, {"date": "2018-11-01", "country": "United Kingdom", "value": "418", "unit": "kg"}, {"date": "2018-12-01", "country": "United Kingdom", "value": "0", "unit": "kg"}, {"date": "2019-01-01", "country": "United Kingdom", "value": "0", "unit": "kg"}, {"date": "2019-02-01", "country": "United Kingdom", "value": "1592", "unit": "kg"}, {"date": "2019-03-01", "country": "United Kingdom", "value": "4332", "unit": "kg"}, {"date": "2019-04-01", "country": "United Kingdom", "value": "0", "unit": "kg"}, {"date": "2019-05-01", "country": "United Kingdom", "value": "5304", "unit": "kg"}, {"date": "2019-06-01", "country": "United Kingdom", "value": "0", "unit": "kg"}, {"date": "2019-07-01", "country": "United Kingdom", "value": "6780", "unit": "kg"}, {"date": "2019-08-01", "country": "United Kingdom", "value": "0", "unit": "kg"}, {"date": "2019-09-01", "country": "United Kingdom", "value": "768", "unit": "kg"}, {"date": "2019-10-01", "country": "United Kingdom", "value": "0", "unit": "kg"}, {"date": "2019-11-01", "country": "United Kingdom", "value": "1561", "unit": "kg"}, {"date": "2019-12-01", "country": "United Kingdom", "value": "0", "unit": "kg"}, {"date": "2020-01-01", "country": "United Kingdom", "value": "0", "unit": "kg"}, {"date": "2020-02-01", "country": "United Kingdom", "value": "0", "unit": "kg"}, {"date": "2020-03-01", "country": "United Kingdom", "value": "3409", "unit": "kg"}, {"date": "2020-04-01", "country": "United Kingdom", "value": "13102", "unit": "kg"}, {"date": "2018-11-01", "country": "United States of America", "value": "0", "unit": "kg"}, {"date": "2018-12-01", "country": "United States of America", "value": "0", "unit": "kg"}, {"date": "2019-01-01", "country": "United States of America", "value": "0", "unit": "kg"}, {"date": "2019-02-01", "country": "United States of America", "value": "0", "unit": "kg"}, {"date": "2019-03-01", "country": "United States of America", "value": "17211", "unit": "kg"}, {"date": "2019-04-01", "country": "United States of America", "value": "0", "unit": "kg"}, {"date": "2019-05-01", "country": "United States of America", "value": "0", "unit": "kg"}, {"date": "2019-06-01", "country": "United States of America", "value": "0", "unit": "kg"}, {"date": "2019-07-01", "country": "United States of America", "value": "0", "unit": "kg"}, {"date": "2019-08-01", "country": "United States of America", "value": "0", "unit": "kg"}, {"date": "2019-09-01", "country": "United States of America", "value": "0", "unit": "kg"}, {"date": "2019-10-01", "country": "United States of America", "value": "0", "unit": "kg"}, {"date": "2019-11-01", "country": "United States of America", "value": "0", "unit": "kg"}, {"date": "2019-12-01", "country": "United States of America", "value": "0", "unit": "kg"}, {"date": "2020-01-01", "country": "United States of America", "value": "0", "unit": "kg"}, {"date": "2020-02-01", "country": "United States of America", "value": "0", "unit": "kg"}, {"date": "2020-03-01", "country": "United States of America", "value": "0", "unit": "kg"}, {"date": "2020-04-01", "country": "United States of America", "value": "10", "unit": "kg"}, {"date": "2018-11-01", "country": "Uruguay", "value": "660", "unit": "kg"}, {"date": "2018-12-01", "country": "Uruguay", "value": "0", "unit": "kg"}, {"date": "2019-01-01", "country": "Uruguay", "value": "0", "unit": "kg"}, {"date": "2019-02-01", "country": "Uruguay", "value": "0", "unit": "kg"}, {"date": "2019-03-01", "country": "Uruguay", "value": "0", "unit": "kg"}, {"date": "2019-04-01", "country": "Uruguay", "value": "0", "unit": "kg"}, {"date": "2019-05-01", "country": "Uruguay", "value": "0", "unit": "kg"}, {"date": "2019-06-01", "country": "Uruguay", "value": "0", "unit": "kg"}, {"date": "2019-07-01", "country": "Uruguay", "value": "0", "unit": "kg"}, {"date": "2019-08-01", "country": "Uruguay", "value": "0", "unit": "kg"}, {"date": "2019-09-01", "country": "Uruguay", "value": "0", "unit": "kg"}, {"date": "2019-10-01", "country": "Uruguay", "value": "0", "unit": "kg"}, {"date": "2019-11-01", "country": "Uruguay", "value": "0", "unit": "kg"}, {"date": "2019-12-01", "country": "Uruguay", "value": "0", "unit": "kg"}, {"date": "2020-01-01", "country": "Uruguay", "value": "0", "unit": "kg"}, {"date": "2020-02-01", "country": "Uruguay", "value": "0", "unit": "kg"}, {"date": "2020-03-01", "country": "Uruguay", "value": "0", "unit": "kg"}, {"date": "2020-04-01", "country": "Uruguay", "value": "0", "unit": "kg"}, {"date": "2018-11-01", "country": "Myanmar", "value": "0", "unit": "kg"}, {"date": "2018-12-01", "country": "Myanmar", "value": "0", "unit": "kg"}, {"date": "2019-01-01", "country": "Myanmar", "value": "0", "unit": "kg"}, {"date": "2019-02-01", "country": "Myanmar", "value": "0", "unit": "kg"}, {"date": "2019-03-01", "country": "Myanmar", "value": "0", "unit": "kg"}, {"date": "2019-04-01", "country": "Myanmar", "value": "0", "unit": "kg"}, {"date": "2019-05-01", "country": "Myanmar", "value": "0", "unit": "kg"}, {"date": "2019-06-01", "country": "Myanmar", "value": "0", "unit": "kg"}, {"date": "2019-07-01", "country": "Myanmar", "value": "0", "unit": "kg"}, {"date": "2019-08-01", "country": "Myanmar", "value": "0", "unit": "kg"}, {"date": "2019-09-01", "country": "Myanmar", "value": "0", "unit": "kg"}, {"date": "2019-10-01", "country": "Myanmar", "value": "298160", "unit": "kg"}, {"date": "2019-11-01", "country": "Myanmar", "value": "0", "unit": "kg"}, {"date": "2019-12-01", "country": "Myanmar", "value": "0", "unit": "kg"}, {"date": "2020-01-01", "country": "Myanmar", "value": "0", "unit": "kg"}, {"date": "2020-02-01", "country": "Myanmar", "value": "0", "unit": "kg"}, {"date": "2020-03-01", "country": "Myanmar", "value": "0", "unit": "kg"}, {"date": "2020-04-01", "country": "Myanmar", "value": "0", "unit": "kg"}, {"date": "2018-11-01", "country": "Cabo Verde", "value": "0", "unit": "kg"}, {"date": "2018-12-01", "country": "Cabo Verde", "value": "0", "unit": "kg"}, {"date": "2019-01-01", "country": "Cabo Verde", "value": "0", "unit": "kg"}, {"date": "2019-02-01", "country": "Cabo Verde", "value": "0", "unit": "kg"}, {"date": "2019-03-01", "country": "Cabo Verde", "value": "0", "unit": "kg"}, {"date": "2019-04-01", "country": "Cabo Verde", "value": "0", "unit": "kg"}, {"date": "2019-05-01", "country": "Cabo Verde", "value": "0", "unit": "kg"}, {"date": "2019-06-01", "country": "Cabo Verde", "value": "0", "unit": "kg"}, {"date": "2019-07-01", "country": "Cabo Verde", "value": "0", "unit": "kg"}, {"date": "2019-08-01", "country": "Cabo Verde", "value": "0", "unit": "kg"}, {"date": "2019-09-01", "country": "Cabo Verde", "value": "0", "unit": "kg"}, {"date": "2019-10-01", "country": "Cabo Verde", "value": "0", "unit": "kg"}, {"date": "2019-11-01", "country": "Cabo Verde", "value": "0", "unit": "kg"}, {"date": "2019-12-01", "country": "Cabo Verde", "value": "0", "unit": "kg"}, {"date": "2020-01-01", "country": "Cabo Verde", "value": "0", "unit": "kg"}, {"date": "2020-02-01", "country": "Cabo Verde", "value": "0", "unit": "kg"}, {"date": "2020-03-01", "country": "Cabo Verde", "value": "0", "unit": "kg"}, {"date": "2020-04-01", "country": "Cabo Verde", "value": "0", "unit": "kg"}, {"date": "2018-11-01", "country": "Gabon", "value": "0", "unit": "kg"}, {"date": "2018-12-01", "country": "Gabon", "value": "0", "unit": "kg"}, {"date": "2019-01-01", "country": "Gabon", "value": "0", "unit": "kg"}, {"date": "2019-02-01", "country": "Gabon", "value": "0", "unit": "kg"}, {"date": "2019-03-01", "country": "Gabon", "value": "0", "unit": "kg"}, {"date": "2019-04-01", "country": "Gabon", "value": "0", "unit": "kg"}, {"date": "2019-05-01", "country": "Gabon", "value": "0", "unit": "kg"}, {"date": "2019-06-01", "country": "Gabon", "value": "609", "unit": "kg"}, {"date": "2019-07-01", "country": "Gabon", "value": "0", "unit": "kg"}, {"date": "2019-08-01", "country": "Gabon", "value": "0", "unit": "kg"}, {"date": "2019-09-01", "country": "Gabon", "value": "0", "unit": "kg"}, {"date": "2019-10-01", "country": "Gabon", "value": "0", "unit": "kg"}, {"date": "2019-11-01", "country": "Gabon", "value": "0", "unit": "kg"}, {"date": "2019-12-01", "country": "Gabon", "value": "0", "unit": "kg"}, {"date": "2020-01-01", "country": "Gabon", "value": "0", "unit": "kg"}, {"date": "2020-02-01", "country": "Gabon", "value": "0", "unit": "kg"}, {"date": "2020-03-01", "country": "Gabon", "value": "0", "unit": "kg"}, {"date": "2020-04-01", "country": "Gabon", "value": "0", "unit": "kg"}, {"date": "2018-11-01", "country": "Israel", "value": "0", "unit": "kg"}, {"date": "2018-12-01", "country": "Israel", "value": "0", "unit": "kg"}, {"date": "2019-01-01", "country": "Israel", "value": "0", "unit": "kg"}, {"date": "2019-02-01", "country": "Israel", "value": "0", "unit": "kg"}, {"date": "2019-03-01", "country": "Israel", "value": "0", "unit": "kg"}, {"date": "2019-04-01", "country": "Israel", "value": "0", "unit": "kg"}, {"date": "2019-05-01", "country": "Israel", "value": "0", "unit": "kg"}, {"date": "2019-06-01", "country": "Israel", "value": "0", "unit": "kg"}, {"date": "2019-07-01", "country": "Israel", "value": "0", "unit": "kg"}, {"date": "2019-08-01", "country": "Israel", "value": "0", "unit": "kg"}, {"date": "2019-09-01", "country": "Israel", "value": "0", "unit": "kg"}, {"date": "2019-10-01", "country": "Israel", "value": "0", "unit": "kg"}, {"date": "2019-11-01", "country": "Israel", "value": "0", "unit": "kg"}, {"date": "2019-12-01", "country": "Israel", "value": "0", "unit": "kg"}, {"date": "2020-01-01", "country": "Israel", "value": "0", "unit": "kg"}, {"date": "2020-02-01", "country": "Israel", "value": "0", "unit": "kg"}, {"date": "2020-03-01", "country": "Israel", "value": "0", "unit": "kg"}, {"date": "2020-04-01", "country": "Israel", "value": "23000", "unit": "kg"}, {"date": "2018-11-01", "country": "Mozambique", "value": "540", "unit": "kg"}, {"date": "2018-12-01", "country": "Mozambique", "value": "0", "unit": "kg"}, {"date": "2019-01-01", "country": "Mozambique", "value": "0", "unit": "kg"}, {"date": "2019-02-01", "country": "Mozambique", "value": "0", "unit": "kg"}, {"date": "2019-03-01", "country": "Mozambique", "value": "0", "unit": "kg"}, {"date": "2019-04-01", "country": "Mozambique", "value": "0", "unit": "kg"}, {"date": "2019-05-01", "country": "Mozambique", "value": "0", "unit": "kg"}, {"date": "2019-06-01", "country": "Mozambique", "value": "0", "unit": "kg"}, {"date": "2019-07-01", "country": "Mozambique", "value": "0", "unit": "kg"}, {"date": "2019-08-01", "country": "Mozambique", "value": "948", "unit": "kg"}, {"date": "2019-09-01", "country": "Mozambique", "value": "0", "unit": "kg"}, {"date": "2019-10-01", "country": "Mozambique", "value": "0", "unit": "kg"}, {"date": "2019-11-01", "country": "Mozambique", "value": "0", "unit": "kg"}, {"date": "2019-12-01", "country": "Mozambique", "value": "0", "unit": "kg"}, {"date": "2020-01-01", "country": "Mozambique", "value": "0", "unit": "kg"}, {"date": "2020-02-01", "country": "Mozambique", "value": "0", "unit": "kg"}, {"date": "2020-03-01", "country": "Mozambique", "value": "0", "unit": "kg"}, {"date": "2020-04-01", "country": "Mozambique", "value": "540", "unit": "kg"}]