[{"date": "2018-11-01", "country_from": "SG", "country_to": "BN", "value": "1", "unit": "kg"}, {"date": "2018-12-01", "country_from": "SG", "country_to": "BN", "value": "0", "unit": "kg"}, {"date": "2019-01-01", "country_from": "SG", "country_to": "BN", "value": "0", "unit": "kg"}, {"date": "2019-02-01", "country_from": "SG", "country_to": "BN", "value": "1", "unit": "kg"}, {"date": "2019-03-01", "country_from": "SG", "country_to": "BN", "value": "8", "unit": "kg"}, {"date": "2019-04-01", "country_from": "SG", "country_to": "BN", "value": "4", "unit": "kg"}, {"date": "2019-05-01", "country_from": "SG", "country_to": "BN", "value": "1", "unit": "kg"}, {"date": "2019-06-01", "country_from": "SG", "country_to": "BN", "value": "0", "unit": "kg"}, {"date": "2019-07-01", "country_from": "SG", "country_to": "BN", "value": "1", "unit": "kg"}, {"date": "2019-08-01", "country_from": "SG", "country_to": "BN", "value": "1", "unit": "kg"}, {"date": "2019-09-01", "country_from": "SG", "country_to": "BN", "value": "1", "unit": "kg"}, {"date": "2019-10-01", "country_from": "SG", "country_to": "BN", "value": "4", "unit": "kg"}, {"date": "2019-11-01", "country_from": "SG", "country_to": "BN", "value": "1", "unit": "kg"}, {"date": "2019-12-01", "country_from": "SG", "country_to": "BN", "value": "1", "unit": "kg"}, {"date": "2020-01-01", "country_from": "SG", "country_to": "BN", "value": "1", "unit": "kg"}, {"date": "2020-02-01", "country_from": "SG", "country_to": "BN", "value": "2", "unit": "kg"}, {"date": "2020-03-01", "country_from": "SG", "country_to": "BN", "value": "4", "unit": "kg"}, {"date": "2020-04-01", "country_from": "SG", "country_to": "BN", "value": "0", "unit": "kg"}, {"date": "2018-11-01", "country_from": "SG", "country_to": "LK", "value": "0", "unit": "kg"}, {"date": "2018-12-01", "country_from": "SG", "country_to": "LK", "value": "0", "unit": "kg"}, {"date": "2019-01-01", "country_from": "SG", "country_to": "LK", "value": "0", "unit": "kg"}, {"date": "2019-02-01", "country_from": "SG", "country_to": "LK", "value": "0", "unit": "kg"}, {"date": "2019-03-01", "country_from": "SG", "country_to": "LK", "value": "0", "unit": "kg"}, {"date": "2019-04-01", "country_from": "SG", "country_to": "LK", "value": "0", "unit": "kg"}, {"date": "2019-05-01", "country_from": "SG", "country_to": "LK", "value": "0", "unit": "kg"}, {"date": "2019-06-01", "country_from": "SG", "country_to": "LK", "value": "0", "unit": "kg"}, {"date": "2019-07-01", "country_from": "SG", "country_to": "LK", "value": "0", "unit": "kg"}, {"date": "2019-08-01", "country_from": "SG", "country_to": "LK", "value": "0", "unit": "kg"}, {"date": "2019-09-01", "country_from": "SG", "country_to": "LK", "value": "0", "unit": "kg"}, {"date": "2019-10-01", "country_from": "SG", "country_to": "LK", "value": "0", "unit": "kg"}, {"date": "2019-11-01", "country_from": "SG", "country_to": "LK", "value": "0", "unit": "kg"}, {"date": "2019-12-01", "country_from": "SG", "country_to": "LK", "value": "0", "unit": "kg"}, {"date": "2020-01-01", "country_from": "SG", "country_to": "LK", "value": "0", "unit": "kg"}, {"date": "2020-02-01", "country_from": "SG", "country_to": "LK", "value": "0", "unit": "kg"}, {"date": "2020-03-01", "country_from": "SG", "country_to": "LK", "value": "0", "unit": "kg"}, {"date": "2020-04-01", "country_from": "SG", "country_to": "LK", "value": "0", "unit": "kg"}, {"date": "2018-11-01", "country_from": "SG", "country_to": "CN", "value": "0", "unit": "kg"}, {"date": "2018-12-01", "country_from": "SG", "country_to": "CN", "value": "0", "unit": "kg"}, {"date": "2019-01-01", "country_from": "SG", "country_to": "CN", "value": "0", "unit": "kg"}, {"date": "2019-02-01", "country_from": "SG", "country_to": "CN", "value": "0", "unit": "kg"}, {"date": "2019-03-01", "country_from": "SG", "country_to": "CN", "value": "0", "unit": "kg"}, {"date": "2019-04-01", "country_from": "SG", "country_to": "CN", "value": "0", "unit": "kg"}, {"date": "2019-05-01", "country_from": "SG", "country_to": "CN", "value": "0", "unit": "kg"}, {"date": "2019-06-01", "country_from": "SG", "country_to": "CN", "value": "0", "unit": "kg"}, {"date": "2019-07-01", "country_from": "SG", "country_to": "CN", "value": "0", "unit": "kg"}, {"date": "2019-08-01", "country_from": "SG", "country_to": "CN", "value": "0", "unit": "kg"}, {"date": "2019-09-01", "country_from": "SG", "country_to": "CN", "value": "0", "unit": "kg"}, {"date": "2019-10-01", "country_from": "SG", "country_to": "CN", "value": "0", "unit": "kg"}, {"date": "2019-11-01", "country_from": "SG", "country_to": "CN", "value": "1", "unit": "kg"}, {"date": "2019-12-01", "country_from": "SG", "country_to": "CN", "value": "0", "unit": "kg"}, {"date": "2020-01-01", "country_from": "SG", "country_to": "CN", "value": "0", "unit": "kg"}, {"date": "2020-02-01", "country_from": "SG", "country_to": "CN", "value": "0", "unit": "kg"}, {"date": "2020-03-01", "country_from": "SG", "country_to": "CN", "value": "0", "unit": "kg"}, {"date": "2020-04-01", "country_from": "SG", "country_to": "CN", "value": "0", "unit": "kg"}, {"date": "2018-11-01", "country_from": "SG", "country_to": "ID", "value": "0", "unit": "kg"}, {"date": "2018-12-01", "country_from": "SG", "country_to": "ID", "value": "0", "unit": "kg"}, {"date": "2019-01-01", "country_from": "SG", "country_to": "ID", "value": "0", "unit": "kg"}, {"date": "2019-02-01", "country_from": "SG", "country_to": "ID", "value": "0", "unit": "kg"}, {"date": "2019-03-01", "country_from": "SG", "country_to": "ID", "value": "0", "unit": "kg"}, {"date": "2019-04-01", "country_from": "SG", "country_to": "ID", "value": "0", "unit": "kg"}, {"date": "2019-05-01", "country_from": "SG", "country_to": "ID", "value": "0", "unit": "kg"}, {"date": "2019-06-01", "country_from": "SG", "country_to": "ID", "value": "0", "unit": "kg"}, {"date": "2019-07-01", "country_from": "SG", "country_to": "ID", "value": "0", "unit": "kg"}, {"date": "2019-08-01", "country_from": "SG", "country_to": "ID", "value": "0", "unit": "kg"}, {"date": "2019-09-01", "country_from": "SG", "country_to": "ID", "value": "0", "unit": "kg"}, {"date": "2019-10-01", "country_from": "SG", "country_to": "ID", "value": "0", "unit": "kg"}, {"date": "2019-11-01", "country_from": "SG", "country_to": "ID", "value": "0", "unit": "kg"}, {"date": "2019-12-01", "country_from": "SG", "country_to": "ID", "value": "0", "unit": "kg"}, {"date": "2020-01-01", "country_from": "SG", "country_to": "ID", "value": "0", "unit": "kg"}, {"date": "2020-02-01", "country_from": "SG", "country_to": "ID", "value": "0", "unit": "kg"}, {"date": "2020-03-01", "country_from": "SG", "country_to": "ID", "value": "0", "unit": "kg"}, {"date": "2020-04-01", "country_from": "SG", "country_to": "ID", "value": "0", "unit": "kg"}, {"date": "2018-11-01", "country_from": "SG", "country_to": "KR", "value": "0", "unit": "kg"}, {"date": "2018-12-01", "country_from": "SG", "country_to": "KR", "value": "0", "unit": "kg"}, {"date": "2019-01-01", "country_from": "SG", "country_to": "KR", "value": "0", "unit": "kg"}, {"date": "2019-02-01", "country_from": "SG", "country_to": "KR", "value": "0", "unit": "kg"}, {"date": "2019-03-01", "country_from": "SG", "country_to": "KR", "value": "0", "unit": "kg"}, {"date": "2019-04-01", "country_from": "SG", "country_to": "KR", "value": "0", "unit": "kg"}, {"date": "2019-05-01", "country_from": "SG", "country_to": "KR", "value": "0", "unit": "kg"}, {"date": "2019-06-01", "country_from": "SG", "country_to": "KR", "value": "0", "unit": "kg"}, {"date": "2019-07-01", "country_from": "SG", "country_to": "KR", "value": "0", "unit": "kg"}, {"date": "2019-08-01", "country_from": "SG", "country_to": "KR", "value": "0", "unit": "kg"}, {"date": "2019-09-01", "country_from": "SG", "country_to": "KR", "value": "2", "unit": "kg"}, {"date": "2019-10-01", "country_from": "SG", "country_to": "KR", "value": "0", "unit": "kg"}, {"date": "2019-11-01", "country_from": "SG", "country_to": "KR", "value": "0", "unit": "kg"}, {"date": "2019-12-01", "country_from": "SG", "country_to": "KR", "value": "0", "unit": "kg"}, {"date": "2020-01-01", "country_from": "SG", "country_to": "KR", "value": "0", "unit": "kg"}, {"date": "2020-02-01", "country_from": "SG", "country_to": "KR", "value": "6", "unit": "kg"}, {"date": "2020-03-01", "country_from": "SG", "country_to": "KR", "value": "0", "unit": "kg"}, {"date": "2020-04-01", "country_from": "SG", "country_to": "KR", "value": "0", "unit": "kg"}, {"date": "2018-11-01", "country_from": "SG", "country_to": "MY", "value": "0", "unit": "kg"}, {"date": "2018-12-01", "country_from": "SG", "country_to": "MY", "value": "0", "unit": "kg"}, {"date": "2019-01-01", "country_from": "SG", "country_to": "MY", "value": "0", "unit": "kg"}, {"date": "2019-02-01", "country_from": "SG", "country_to": "MY", "value": "0", "unit": "kg"}, {"date": "2019-03-01", "country_from": "SG", "country_to": "MY", "value": "0", "unit": "kg"}, {"date": "2019-04-01", "country_from": "SG", "country_to": "MY", "value": "0", "unit": "kg"}, {"date": "2019-05-01", "country_from": "SG", "country_to": "MY", "value": "0", "unit": "kg"}, {"date": "2019-06-01", "country_from": "SG", "country_to": "MY", "value": "0", "unit": "kg"}, {"date": "2019-07-01", "country_from": "SG", "country_to": "MY", "value": "0", "unit": "kg"}, {"date": "2019-08-01", "country_from": "SG", "country_to": "MY", "value": "0", "unit": "kg"}, {"date": "2019-09-01", "country_from": "SG", "country_to": "MY", "value": "0", "unit": "kg"}, {"date": "2019-10-01", "country_from": "SG", "country_to": "MY", "value": "0", "unit": "kg"}, {"date": "2019-11-01", "country_from": "SG", "country_to": "MY", "value": "0", "unit": "kg"}, {"date": "2019-12-01", "country_from": "SG", "country_to": "MY", "value": "0", "unit": "kg"}, {"date": "2020-01-01", "country_from": "SG", "country_to": "MY", "value": "0", "unit": "kg"}, {"date": "2020-02-01", "country_from": "SG", "country_to": "MY", "value": "0", "unit": "kg"}, {"date": "2020-03-01", "country_from": "SG", "country_to": "MY", "value": "0", "unit": "kg"}, {"date": "2020-04-01", "country_from": "SG", "country_to": "MY", "value": "0", "unit": "kg"}, {"date": "2018-11-01", "country_from": "SG", "country_to": "MN", "value": "1", "unit": "kg"}, {"date": "2018-12-01", "country_from": "SG", "country_to": "MN", "value": "0", "unit": "kg"}, {"date": "2019-01-01", "country_from": "SG", "country_to": "MN", "value": "0", "unit": "kg"}, {"date": "2019-02-01", "country_from": "SG", "country_to": "MN", "value": "0", "unit": "kg"}, {"date": "2019-03-01", "country_from": "SG", "country_to": "MN", "value": "0", "unit": "kg"}, {"date": "2019-04-01", "country_from": "SG", "country_to": "MN", "value": "0", "unit": "kg"}, {"date": "2019-05-01", "country_from": "SG", "country_to": "MN", "value": "0", "unit": "kg"}, {"date": "2019-06-01", "country_from": "SG", "country_to": "MN", "value": "0", "unit": "kg"}, {"date": "2019-07-01", "country_from": "SG", "country_to": "MN", "value": "0", "unit": "kg"}, {"date": "2019-08-01", "country_from": "SG", "country_to": "MN", "value": "0", "unit": "kg"}, {"date": "2019-09-01", "country_from": "SG", "country_to": "MN", "value": "0", "unit": "kg"}, {"date": "2019-10-01", "country_from": "SG", "country_to": "MN", "value": "0", "unit": "kg"}, {"date": "2019-11-01", "country_from": "SG", "country_to": "MN", "value": "0", "unit": "kg"}, {"date": "2019-12-01", "country_from": "SG", "country_to": "MN", "value": "0", "unit": "kg"}, {"date": "2020-01-01", "country_from": "SG", "country_to": "MN", "value": "0", "unit": "kg"}, {"date": "2020-02-01", "country_from": "SG", "country_to": "MN", "value": "0", "unit": "kg"}, {"date": "2020-03-01", "country_from": "SG", "country_to": "MN", "value": "0", "unit": "kg"}, {"date": "2020-04-01", "country_from": "SG", "country_to": "MN", "value": "0", "unit": "kg"}, {"date": "2018-11-01", "country_from": "SG", "country_to": "PH", "value": "0", "unit": "kg"}, {"date": "2018-12-01", "country_from": "SG", "country_to": "PH", "value": "0", "unit": "kg"}, {"date": "2019-01-01", "country_from": "SG", "country_to": "PH", "value": "0", "unit": "kg"}, {"date": "2019-02-01", "country_from": "SG", "country_to": "PH", "value": "0", "unit": "kg"}, {"date": "2019-03-01", "country_from": "SG", "country_to": "PH", "value": "0", "unit": "kg"}, {"date": "2019-04-01", "country_from": "SG", "country_to": "PH", "value": "0", "unit": "kg"}, {"date": "2019-05-01", "country_from": "SG", "country_to": "PH", "value": "0", "unit": "kg"}, {"date": "2019-06-01", "country_from": "SG", "country_to": "PH", "value": "0", "unit": "kg"}, {"date": "2019-07-01", "country_from": "SG", "country_to": "PH", "value": "0", "unit": "kg"}, {"date": "2019-08-01", "country_from": "SG", "country_to": "PH", "value": "0", "unit": "kg"}, {"date": "2019-09-01", "country_from": "SG", "country_to": "PH", "value": "0", "unit": "kg"}, {"date": "2019-10-01", "country_from": "SG", "country_to": "PH", "value": "0", "unit": "kg"}, {"date": "2019-11-01", "country_from": "SG", "country_to": "PH", "value": "0", "unit": "kg"}, {"date": "2019-12-01", "country_from": "SG", "country_to": "PH", "value": "0", "unit": "kg"}, {"date": "2020-01-01", "country_from": "SG", "country_to": "PH", "value": "0", "unit": "kg"}, {"date": "2020-02-01", "country_from": "SG", "country_to": "PH", "value": "0", "unit": "kg"}, {"date": "2020-03-01", "country_from": "SG", "country_to": "PH", "value": "0", "unit": "kg"}, {"date": "2020-04-01", "country_from": "SG", "country_to": "PH", "value": "0", "unit": "kg"}, {"date": "2018-11-01", "country_from": "SG", "country_to": "VN", "value": "0", "unit": "kg"}, {"date": "2018-12-01", "country_from": "SG", "country_to": "VN", "value": "1", "unit": "kg"}, {"date": "2019-01-01", "country_from": "SG", "country_to": "VN", "value": "30", "unit": "kg"}, {"date": "2019-02-01", "country_from": "SG", "country_to": "VN", "value": "0", "unit": "kg"}, {"date": "2019-03-01", "country_from": "SG", "country_to": "VN", "value": "0", "unit": "kg"}, {"date": "2019-04-01", "country_from": "SG", "country_to": "VN", "value": "0", "unit": "kg"}, {"date": "2019-05-01", "country_from": "SG", "country_to": "VN", "value": "0", "unit": "kg"}, {"date": "2019-06-01", "country_from": "SG", "country_to": "VN", "value": "0", "unit": "kg"}, {"date": "2019-07-01", "country_from": "SG", "country_to": "VN", "value": "0", "unit": "kg"}, {"date": "2019-08-01", "country_from": "SG", "country_to": "VN", "value": "0", "unit": "kg"}, {"date": "2019-09-01", "country_from": "SG", "country_to": "VN", "value": "0", "unit": "kg"}, {"date": "2019-10-01", "country_from": "SG", "country_to": "VN", "value": "0", "unit": "kg"}, {"date": "2019-11-01", "country_from": "SG", "country_to": "VN", "value": "0", "unit": "kg"}, {"date": "2019-12-01", "country_from": "SG", "country_to": "VN", "value": "0", "unit": "kg"}, {"date": "2020-01-01", "country_from": "SG", "country_to": "VN", "value": "0", "unit": "kg"}, {"date": "2020-02-01", "country_from": "SG", "country_to": "VN", "value": "0", "unit": "kg"}, {"date": "2020-03-01", "country_from": "SG", "country_to": "VN", "value": "0", "unit": "kg"}, {"date": "2020-04-01", "country_from": "SG", "country_to": "VN", "value": "0", "unit": "kg"}, {"date": "2018-11-01", "country_from": "SG", "country_to": "BD", "value": "0", "unit": "kg"}, {"date": "2018-12-01", "country_from": "SG", "country_to": "BD", "value": "0", "unit": "kg"}, {"date": "2019-01-01", "country_from": "SG", "country_to": "BD", "value": "0", "unit": "kg"}, {"date": "2019-02-01", "country_from": "SG", "country_to": "BD", "value": "0", "unit": "kg"}, {"date": "2019-03-01", "country_from": "SG", "country_to": "BD", "value": "0", "unit": "kg"}, {"date": "2019-04-01", "country_from": "SG", "country_to": "BD", "value": "0", "unit": "kg"}, {"date": "2019-05-01", "country_from": "SG", "country_to": "BD", "value": "0", "unit": "kg"}, {"date": "2019-06-01", "country_from": "SG", "country_to": "BD", "value": "0", "unit": "kg"}, {"date": "2019-07-01", "country_from": "SG", "country_to": "BD", "value": "0", "unit": "kg"}, {"date": "2019-08-01", "country_from": "SG", "country_to": "BD", "value": "0", "unit": "kg"}, {"date": "2019-09-01", "country_from": "SG", "country_to": "BD", "value": "0", "unit": "kg"}, {"date": "2019-10-01", "country_from": "SG", "country_to": "BD", "value": "0", "unit": "kg"}, {"date": "2019-11-01", "country_from": "SG", "country_to": "BD", "value": "0", "unit": "kg"}, {"date": "2019-12-01", "country_from": "SG", "country_to": "BD", "value": "0", "unit": "kg"}, {"date": "2020-01-01", "country_from": "SG", "country_to": "BD", "value": "0", "unit": "kg"}, {"date": "2020-02-01", "country_from": "SG", "country_to": "BD", "value": "1", "unit": "kg"}, {"date": "2020-03-01", "country_from": "SG", "country_to": "BD", "value": "0", "unit": "kg"}, {"date": "2020-04-01", "country_from": "SG", "country_to": "BD", "value": "0", "unit": "kg"}]