[{"date": "2017-05-01", "country_from": "TZ", "country_to": "KE", "value": "0", "unit": "kg"}, {"date": "2017-06-01", "country_from": "TZ", "country_to": "KE", "value": "0", "unit": "kg"}, {"date": "2017-07-01", "country_from": "TZ", "country_to": "KE", "value": "0", "unit": "kg"}, {"date": "2017-08-01", "country_from": "TZ", "country_to": "KE", "value": "0", "unit": "kg"}, {"date": "2017-09-01", "country_from": "TZ", "country_to": "KE", "value": "0", "unit": "kg"}, {"date": "2017-10-01", "country_from": "TZ", "country_to": "KE", "value": "0", "unit": "kg"}, {"date": "2017-11-01", "country_from": "TZ", "country_to": "KE", "value": "0", "unit": "kg"}, {"date": "2017-12-01", "country_from": "TZ", "country_to": "KE", "value": "0", "unit": "kg"}, {"date": "2018-01-01", "country_from": "TZ", "country_to": "KE", "value": "0", "unit": "kg"}, {"date": "2018-02-01", "country_from": "TZ", "country_to": "KE", "value": "0", "unit": "kg"}, {"date": "2018-03-01", "country_from": "TZ", "country_to": "KE", "value": "200000", "unit": "kg"}, {"date": "2018-04-01", "country_from": "TZ", "country_to": "KE", "value": "0", "unit": "kg"}, {"date": "2018-05-01", "country_from": "TZ", "country_to": "KE", "value": "100000", "unit": "kg"}, {"date": "2018-06-01", "country_from": "TZ", "country_to": "KE", "value": "0", "unit": "kg"}, {"date": "2018-07-01", "country_from": "TZ", "country_to": "KE", "value": "180000", "unit": "kg"}, {"date": "2018-08-01", "country_from": "TZ", "country_to": "KE", "value": "267725", "unit": "kg"}, {"date": "2018-09-01", "country_from": "TZ", "country_to": "KE", "value": "385930", "unit": "kg"}, {"date": "2018-10-01", "country_from": "TZ", "country_to": "KE", "value": "155550", "unit": "kg"}, {"date": "2018-11-01", "country_from": "TZ", "country_to": "KE", "value": "169100", "unit": "kg"}, {"date": "2018-12-01", "country_from": "TZ", "country_to": "KE", "value": "15000", "unit": "kg"}, {"date": "2017-05-01", "country_from": "TZ", "country_to": "IN", "value": "0", "unit": "kg"}, {"date": "2017-06-01", "country_from": "TZ", "country_to": "IN", "value": "0", "unit": "kg"}, {"date": "2017-07-01", "country_from": "TZ", "country_to": "IN", "value": "0", "unit": "kg"}, {"date": "2017-08-01", "country_from": "TZ", "country_to": "IN", "value": "0", "unit": "kg"}, {"date": "2017-09-01", "country_from": "TZ", "country_to": "IN", "value": "0", "unit": "kg"}, {"date": "2017-10-01", "country_from": "TZ", "country_to": "IN", "value": "0", "unit": "kg"}, {"date": "2017-11-01", "country_from": "TZ", "country_to": "IN", "value": "46460", "unit": "kg"}, {"date": "2017-12-01", "country_from": "TZ", "country_to": "IN", "value": "0", "unit": "kg"}, {"date": "2018-01-01", "country_from": "TZ", "country_to": "IN", "value": "0", "unit": "kg"}, {"date": "2018-02-01", "country_from": "TZ", "country_to": "IN", "value": "0", "unit": "kg"}, {"date": "2018-03-01", "country_from": "TZ", "country_to": "IN", "value": "0", "unit": "kg"}, {"date": "2018-04-01", "country_from": "TZ", "country_to": "IN", "value": "0", "unit": "kg"}, {"date": "2018-05-01", "country_from": "TZ", "country_to": "IN", "value": "0", "unit": "kg"}, {"date": "2018-06-01", "country_from": "TZ", "country_to": "IN", "value": "0", "unit": "kg"}, {"date": "2018-07-01", "country_from": "TZ", "country_to": "IN", "value": "0", "unit": "kg"}, {"date": "2018-08-01", "country_from": "TZ", "country_to": "IN", "value": "0", "unit": "kg"}, {"date": "2018-09-01", "country_from": "TZ", "country_to": "IN", "value": "0", "unit": "kg"}, {"date": "2018-10-01", "country_from": "TZ", "country_to": "IN", "value": "0", "unit": "kg"}, {"date": "2018-11-01", "country_from": "TZ", "country_to": "IN", "value": "0", "unit": "kg"}, {"date": "2018-12-01", "country_from": "TZ", "country_to": "IN", "value": "0", "unit": "kg"}, {"date": "2017-05-01", "country_from": "TZ", "country_to": "TR", "value": "0", "unit": "kg"}, {"date": "2017-06-01", "country_from": "TZ", "country_to": "TR", "value": "0", "unit": "kg"}, {"date": "2017-07-01", "country_from": "TZ", "country_to": "TR", "value": "0", "unit": "kg"}, {"date": "2017-08-01", "country_from": "TZ", "country_to": "TR", "value": "0", "unit": "kg"}, {"date": "2017-09-01", "country_from": "TZ", "country_to": "TR", "value": "0", "unit": "kg"}, {"date": "2017-10-01", "country_from": "TZ", "country_to": "TR", "value": "0", "unit": "kg"}, {"date": "2017-11-01", "country_from": "TZ", "country_to": "TR", "value": "0", "unit": "kg"}, {"date": "2017-12-01", "country_from": "TZ", "country_to": "TR", "value": "0", "unit": "kg"}, {"date": "2018-01-01", "country_from": "TZ", "country_to": "TR", "value": "23000", "unit": "kg"}, {"date": "2018-02-01", "country_from": "TZ", "country_to": "TR", "value": "0", "unit": "kg"}, {"date": "2018-03-01", "country_from": "TZ", "country_to": "TR", "value": "0", "unit": "kg"}, {"date": "2018-04-01", "country_from": "TZ", "country_to": "TR", "value": "0", "unit": "kg"}, {"date": "2018-05-01", "country_from": "TZ", "country_to": "TR", "value": "0", "unit": "kg"}, {"date": "2018-06-01", "country_from": "TZ", "country_to": "TR", "value": "0", "unit": "kg"}, {"date": "2018-07-01", "country_from": "TZ", "country_to": "TR", "value": "0", "unit": "kg"}, {"date": "2018-08-01", "country_from": "TZ", "country_to": "TR", "value": "23000", "unit": "kg"}, {"date": "2018-09-01", "country_from": "TZ", "country_to": "TR", "value": "0", "unit": "kg"}, {"date": "2018-10-01", "country_from": "TZ", "country_to": "TR", "value": "0", "unit": "kg"}, {"date": "2018-11-01", "country_from": "TZ", "country_to": "TR", "value": "0", "unit": "kg"}, {"date": "2018-12-01", "country_from": "TZ", "country_to": "TR", "value": "0", "unit": "kg"}, {"date": "2017-05-01", "country_from": "TZ", "country_to": "CD", "value": "0", "unit": "kg"}, {"date": "2017-06-01", "country_from": "TZ", "country_to": "CD", "value": "0", "unit": "kg"}, {"date": "2017-07-01", "country_from": "TZ", "country_to": "CD", "value": "0", "unit": "kg"}, {"date": "2017-08-01", "country_from": "TZ", "country_to": "CD", "value": "0", "unit": "kg"}, {"date": "2017-09-01", "country_from": "TZ", "country_to": "CD", "value": "0", "unit": "kg"}, {"date": "2017-10-01", "country_from": "TZ", "country_to": "CD", "value": "0", "unit": "kg"}, {"date": "2017-11-01", "country_from": "TZ", "country_to": "CD", "value": "0", "unit": "kg"}, {"date": "2017-12-01", "country_from": "TZ", "country_to": "CD", "value": "0", "unit": "kg"}, {"date": "2018-01-01", "country_from": "TZ", "country_to": "CD", "value": "0", "unit": "kg"}, {"date": "2018-02-01", "country_from": "TZ", "country_to": "CD", "value": "0", "unit": "kg"}, {"date": "2018-03-01", "country_from": "TZ", "country_to": "CD", "value": "0", "unit": "kg"}, {"date": "2018-04-01", "country_from": "TZ", "country_to": "CD", "value": "0", "unit": "kg"}, {"date": "2018-05-01", "country_from": "TZ", "country_to": "CD", "value": "11050", "unit": "kg"}, {"date": "2018-06-01", "country_from": "TZ", "country_to": "CD", "value": "0", "unit": "kg"}, {"date": "2018-07-01", "country_from": "TZ", "country_to": "CD", "value": "0", "unit": "kg"}, {"date": "2018-08-01", "country_from": "TZ", "country_to": "CD", "value": "0", "unit": "kg"}, {"date": "2018-09-01", "country_from": "TZ", "country_to": "CD", "value": "0", "unit": "kg"}, {"date": "2018-10-01", "country_from": "TZ", "country_to": "CD", "value": "0", "unit": "kg"}, {"date": "2018-11-01", "country_from": "TZ", "country_to": "CD", "value": "0", "unit": "kg"}, {"date": "2018-12-01", "country_from": "TZ", "country_to": "CD", "value": "0", "unit": "kg"}]