[{"date": "2017-05-01", "country_from": "CI", "country_to": "LR", "value": "87863", "unit": "kg"}, {"date": "2017-06-01", "country_from": "CI", "country_to": "LR", "value": "72175", "unit": "kg"}, {"date": "2017-07-01", "country_from": "CI", "country_to": "LR", "value": "92467", "unit": "kg"}, {"date": "2017-08-01", "country_from": "CI", "country_to": "LR", "value": "92727", "unit": "kg"}, {"date": "2017-09-01", "country_from": "CI", "country_to": "LR", "value": "224390", "unit": "kg"}, {"date": "2017-10-01", "country_from": "CI", "country_to": "LR", "value": "71649", "unit": "kg"}, {"date": "2017-11-01", "country_from": "CI", "country_to": "LR", "value": "107346", "unit": "kg"}, {"date": "2017-12-01", "country_from": "CI", "country_to": "LR", "value": "84825", "unit": "kg"}, {"date": "2018-01-01", "country_from": "CI", "country_to": "LR", "value": "0", "unit": "kg"}, {"date": "2018-02-01", "country_from": "CI", "country_to": "LR", "value": "0", "unit": "kg"}, {"date": "2018-03-01", "country_from": "CI", "country_to": "LR", "value": "0", "unit": "kg"}, {"date": "2018-04-01", "country_from": "CI", "country_to": "LR", "value": "0", "unit": "kg"}, {"date": "2018-05-01", "country_from": "CI", "country_to": "LR", "value": "0", "unit": "kg"}, {"date": "2018-06-01", "country_from": "CI", "country_to": "LR", "value": "0", "unit": "kg"}, {"date": "2018-07-01", "country_from": "CI", "country_to": "LR", "value": "0", "unit": "kg"}, {"date": "2018-08-01", "country_from": "CI", "country_to": "LR", "value": "35000", "unit": "kg"}, {"date": "2018-09-01", "country_from": "CI", "country_to": "LR", "value": "0", "unit": "kg"}, {"date": "2018-10-01", "country_from": "CI", "country_to": "LR", "value": "0", "unit": "kg"}, {"date": "2017-05-01", "country_from": "CI", "country_to": "BF", "value": "1223000", "unit": "kg"}, {"date": "2017-06-01", "country_from": "CI", "country_to": "BF", "value": "0", "unit": "kg"}, {"date": "2017-07-01", "country_from": "CI", "country_to": "BF", "value": "1277500", "unit": "kg"}, {"date": "2017-08-01", "country_from": "CI", "country_to": "BF", "value": "475000", "unit": "kg"}, {"date": "2017-09-01", "country_from": "CI", "country_to": "BF", "value": "0", "unit": "kg"}, {"date": "2017-10-01", "country_from": "CI", "country_to": "BF", "value": "0", "unit": "kg"}, {"date": "2017-11-01", "country_from": "CI", "country_to": "BF", "value": "0", "unit": "kg"}, {"date": "2017-12-01", "country_from": "CI", "country_to": "BF", "value": "57000", "unit": "kg"}, {"date": "2018-01-01", "country_from": "CI", "country_to": "BF", "value": "118750", "unit": "kg"}, {"date": "2018-02-01", "country_from": "CI", "country_to": "BF", "value": "14950", "unit": "kg"}, {"date": "2018-03-01", "country_from": "CI", "country_to": "BF", "value": "0", "unit": "kg"}, {"date": "2018-04-01", "country_from": "CI", "country_to": "BF", "value": "0", "unit": "kg"}, {"date": "2018-05-01", "country_from": "CI", "country_to": "BF", "value": "118750", "unit": "kg"}, {"date": "2018-06-01", "country_from": "CI", "country_to": "BF", "value": "6500", "unit": "kg"}, {"date": "2018-07-01", "country_from": "CI", "country_to": "BF", "value": "97945", "unit": "kg"}, {"date": "2018-08-01", "country_from": "CI", "country_to": "BF", "value": "0", "unit": "kg"}, {"date": "2018-09-01", "country_from": "CI", "country_to": "BF", "value": "16749", "unit": "kg"}, {"date": "2018-10-01", "country_from": "CI", "country_to": "BF", "value": "54000", "unit": "kg"}, {"date": "2017-05-01", "country_from": "CI", "country_to": "NE", "value": "0", "unit": "kg"}, {"date": "2017-06-01", "country_from": "CI", "country_to": "NE", "value": "0", "unit": "kg"}, {"date": "2017-07-01", "country_from": "CI", "country_to": "NE", "value": "0", "unit": "kg"}, {"date": "2017-08-01", "country_from": "CI", "country_to": "NE", "value": "0", "unit": "kg"}, {"date": "2017-09-01", "country_from": "CI", "country_to": "NE", "value": "0", "unit": "kg"}, {"date": "2017-10-01", "country_from": "CI", "country_to": "NE", "value": "0", "unit": "kg"}, {"date": "2017-11-01", "country_from": "CI", "country_to": "NE", "value": "0", "unit": "kg"}, {"date": "2017-12-01", "country_from": "CI", "country_to": "NE", "value": "0", "unit": "kg"}, {"date": "2018-01-01", "country_from": "CI", "country_to": "NE", "value": "0", "unit": "kg"}, {"date": "2018-02-01", "country_from": "CI", "country_to": "NE", "value": "0", "unit": "kg"}, {"date": "2018-03-01", "country_from": "CI", "country_to": "NE", "value": "0", "unit": "kg"}, {"date": "2018-04-01", "country_from": "CI", "country_to": "NE", "value": "0", "unit": "kg"}, {"date": "2018-05-01", "country_from": "CI", "country_to": "NE", "value": "0", "unit": "kg"}, {"date": "2018-06-01", "country_from": "CI", "country_to": "NE", "value": "0", "unit": "kg"}, {"date": "2018-07-01", "country_from": "CI", "country_to": "NE", "value": "0", "unit": "kg"}, {"date": "2018-08-01", "country_from": "CI", "country_to": "NE", "value": "4940", "unit": "kg"}, {"date": "2018-09-01", "country_from": "CI", "country_to": "NE", "value": "4940", "unit": "kg"}, {"date": "2018-10-01", "country_from": "CI", "country_to": "NE", "value": "0", "unit": "kg"}, {"date": "2017-05-01", "country_from": "CI", "country_to": "FR", "value": "0", "unit": "kg"}, {"date": "2017-06-01", "country_from": "CI", "country_to": "FR", "value": "0", "unit": "kg"}, {"date": "2017-07-01", "country_from": "CI", "country_to": "FR", "value": "0", "unit": "kg"}, {"date": "2017-08-01", "country_from": "CI", "country_to": "FR", "value": "0", "unit": "kg"}, {"date": "2017-09-01", "country_from": "CI", "country_to": "FR", "value": "0", "unit": "kg"}, {"date": "2017-10-01", "country_from": "CI", "country_to": "FR", "value": "5", "unit": "kg"}, {"date": "2017-11-01", "country_from": "CI", "country_to": "FR", "value": "0", "unit": "kg"}, {"date": "2017-12-01", "country_from": "CI", "country_to": "FR", "value": "0", "unit": "kg"}, {"date": "2018-01-01", "country_from": "CI", "country_to": "FR", "value": "0", "unit": "kg"}, {"date": "2018-02-01", "country_from": "CI", "country_to": "FR", "value": "0", "unit": "kg"}, {"date": "2018-03-01", "country_from": "CI", "country_to": "FR", "value": "0", "unit": "kg"}, {"date": "2018-04-01", "country_from": "CI", "country_to": "FR", "value": "0", "unit": "kg"}, {"date": "2018-05-01", "country_from": "CI", "country_to": "FR", "value": "0", "unit": "kg"}, {"date": "2018-06-01", "country_from": "CI", "country_to": "FR", "value": "0", "unit": "kg"}, {"date": "2018-07-01", "country_from": "CI", "country_to": "FR", "value": "0", "unit": "kg"}, {"date": "2018-08-01", "country_from": "CI", "country_to": "FR", "value": "0", "unit": "kg"}, {"date": "2018-09-01", "country_from": "CI", "country_to": "FR", "value": "0", "unit": "kg"}, {"date": "2018-10-01", "country_from": "CI", "country_to": "FR", "value": "0", "unit": "kg"}]