[{"date": "2018-10-01", "country_from": "ES", "country_to": "BE", "value": "6582540", "unit": "kg"}, {"date": "2018-11-01", "country_from": "ES", "country_to": "BE", "value": "6638760", "unit": "kg"}, {"date": "2018-12-01", "country_from": "ES", "country_to": "BE", "value": "5779860", "unit": "kg"}, {"date": "2019-01-01", "country_from": "ES", "country_to": "BE", "value": "6368480", "unit": "kg"}, {"date": "2019-02-01", "country_from": "ES", "country_to": "BE", "value": "9248200", "unit": "kg"}, {"date": "2019-03-01", "country_from": "ES", "country_to": "BE", "value": "6806000", "unit": "kg"}, {"date": "2019-04-01", "country_from": "ES", "country_to": "BE", "value": "6081620", "unit": "kg"}, {"date": "2019-05-01", "country_from": "ES", "country_to": "BE", "value": "3500496", "unit": "kg"}, {"date": "2019-06-01", "country_from": "ES", "country_to": "BE", "value": "6880132", "unit": "kg"}, {"date": "2019-07-01", "country_from": "ES", "country_to": "BE", "value": "6900010", "unit": "kg"}, {"date": "2019-08-01", "country_from": "ES", "country_to": "BE", "value": "6532287", "unit": "kg"}, {"date": "2019-09-01", "country_from": "ES", "country_to": "BE", "value": "5117126", "unit": "kg"}, {"date": "2019-10-01", "country_from": "ES", "country_to": "BE", "value": "7442087", "unit": "kg"}, {"date": "2019-11-01", "country_from": "ES", "country_to": "BE", "value": "6472960", "unit": "kg"}, {"date": "2019-12-01", "country_from": "ES", "country_to": "BE", "value": "6021305", "unit": "kg"}, {"date": "2020-01-01", "country_from": "ES", "country_to": "BE", "value": "8339787", "unit": "kg"}, {"date": "2020-02-01", "country_from": "ES", "country_to": "BE", "value": "8631625", "unit": "kg"}, {"date": "2020-03-01", "country_from": "ES", "country_to": "BE", "value": "6882686", "unit": "kg"}, {"date": "2020-04-01", "country_from": "ES", "country_to": "BE", "value": "7615349", "unit": "kg"}, {"date": "2020-05-01", "country_from": "ES", "country_to": "BE", "value": "8052041", "unit": "kg"}, {"date": "2018-10-01", "country_from": "ES", "country_to": "IN", "value": "50000", "unit": "kg"}, {"date": "2018-11-01", "country_from": "ES", "country_to": "IN", "value": "25000", "unit": "kg"}, {"date": "2018-12-01", "country_from": "ES", "country_to": "IN", "value": "50000", "unit": "kg"}, {"date": "2019-01-01", "country_from": "ES", "country_to": "IN", "value": "125000", "unit": "kg"}, {"date": "2019-02-01", "country_from": "ES", "country_to": "IN", "value": "75000", "unit": "kg"}, {"date": "2019-03-01", "country_from": "ES", "country_to": "IN", "value": "75000", "unit": "kg"}, {"date": "2019-04-01", "country_from": "ES", "country_to": "IN", "value": "0", "unit": "kg"}, {"date": "2019-05-01", "country_from": "ES", "country_to": "IN", "value": "100000", "unit": "kg"}, {"date": "2019-06-01", "country_from": "ES", "country_to": "IN", "value": "50000", "unit": "kg"}, {"date": "2019-07-01", "country_from": "ES", "country_to": "IN", "value": "0", "unit": "kg"}, {"date": "2019-08-01", "country_from": "ES", "country_to": "IN", "value": "0", "unit": "kg"}, {"date": "2019-09-01", "country_from": "ES", "country_to": "IN", "value": "100000", "unit": "kg"}, {"date": "2019-10-01", "country_from": "ES", "country_to": "IN", "value": "75000", "unit": "kg"}, {"date": "2019-11-01", "country_from": "ES", "country_to": "IN", "value": "0", "unit": "kg"}, {"date": "2019-12-01", "country_from": "ES", "country_to": "IN", "value": "75000", "unit": "kg"}, {"date": "2020-01-01", "country_from": "ES", "country_to": "IN", "value": "50000", "unit": "kg"}, {"date": "2020-02-01", "country_from": "ES", "country_to": "IN", "value": "0", "unit": "kg"}, {"date": "2020-03-01", "country_from": "ES", "country_to": "IN", "value": "75000", "unit": "kg"}, {"date": "2020-04-01", "country_from": "ES", "country_to": "IN", "value": "25000", "unit": "kg"}, {"date": "2020-05-01", "country_from": "ES", "country_to": "IN", "value": "100000", "unit": "kg"}, {"date": "2018-10-01", "country_from": "ES", "country_to": "DE", "value": "9720", "unit": "kg"}, {"date": "2018-11-01", "country_from": "ES", "country_to": "DE", "value": "12", "unit": "kg"}, {"date": "2018-12-01", "country_from": "ES", "country_to": "DE", "value": "76", "unit": "kg"}, {"date": "2019-01-01", "country_from": "ES", "country_to": "DE", "value": "3285", "unit": "kg"}, {"date": "2019-02-01", "country_from": "ES", "country_to": "DE", "value": "84", "unit": "kg"}, {"date": "2019-03-01", "country_from": "ES", "country_to": "DE", "value": "48", "unit": "kg"}, {"date": "2019-04-01", "country_from": "ES", "country_to": "DE", "value": "193", "unit": "kg"}, {"date": "2019-05-01", "country_from": "ES", "country_to": "DE", "value": "4026", "unit": "kg"}, {"date": "2019-06-01", "country_from": "ES", "country_to": "DE", "value": "14496", "unit": "kg"}, {"date": "2019-07-01", "country_from": "ES", "country_to": "DE", "value": "280", "unit": "kg"}, {"date": "2019-08-01", "country_from": "ES", "country_to": "DE", "value": "7148", "unit": "kg"}, {"date": "2019-09-01", "country_from": "ES", "country_to": "DE", "value": "29368", "unit": "kg"}, {"date": "2019-10-01", "country_from": "ES", "country_to": "DE", "value": "8971", "unit": "kg"}, {"date": "2019-11-01", "country_from": "ES", "country_to": "DE", "value": "112", "unit": "kg"}, {"date": "2019-12-01", "country_from": "ES", "country_to": "DE", "value": "4943", "unit": "kg"}, {"date": "2020-01-01", "country_from": "ES", "country_to": "DE", "value": "30062", "unit": "kg"}, {"date": "2020-02-01", "country_from": "ES", "country_to": "DE", "value": "22724", "unit": "kg"}, {"date": "2020-03-01", "country_from": "ES", "country_to": "DE", "value": "163076", "unit": "kg"}, {"date": "2020-04-01", "country_from": "ES", "country_to": "DE", "value": "79131", "unit": "kg"}, {"date": "2020-05-01", "country_from": "ES", "country_to": "DE", "value": "97050", "unit": "kg"}, {"date": "2018-10-01", "country_from": "ES", "country_to": "GB", "value": "46880", "unit": "kg"}, {"date": "2018-11-01", "country_from": "ES", "country_to": "GB", "value": "1364756", "unit": "kg"}, {"date": "2018-12-01", "country_from": "ES", "country_to": "GB", "value": "3183080", "unit": "kg"}, {"date": "2019-01-01", "country_from": "ES", "country_to": "GB", "value": "104842", "unit": "kg"}, {"date": "2019-02-01", "country_from": "ES", "country_to": "GB", "value": "23400", "unit": "kg"}, {"date": "2019-03-01", "country_from": "ES", "country_to": "GB", "value": "3778964", "unit": "kg"}, {"date": "2019-04-01", "country_from": "ES", "country_to": "GB", "value": "76224", "unit": "kg"}, {"date": "2019-05-01", "country_from": "ES", "country_to": "GB", "value": "55824", "unit": "kg"}, {"date": "2019-06-01", "country_from": "ES", "country_to": "GB", "value": "54472", "unit": "kg"}, {"date": "2019-07-01", "country_from": "ES", "country_to": "GB", "value": "807311", "unit": "kg"}, {"date": "2019-08-01", "country_from": "ES", "country_to": "GB", "value": "23402", "unit": "kg"}, {"date": "2019-09-01", "country_from": "ES", "country_to": "GB", "value": "98224", "unit": "kg"}, {"date": "2019-10-01", "country_from": "ES", "country_to": "GB", "value": "119619", "unit": "kg"}, {"date": "2019-11-01", "country_from": "ES", "country_to": "GB", "value": "2221132", "unit": "kg"}, {"date": "2019-12-01", "country_from": "ES", "country_to": "GB", "value": "51400", "unit": "kg"}, {"date": "2020-01-01", "country_from": "ES", "country_to": "GB", "value": "63960", "unit": "kg"}, {"date": "2020-02-01", "country_from": "ES", "country_to": "GB", "value": "24000", "unit": "kg"}, {"date": "2020-03-01", "country_from": "ES", "country_to": "GB", "value": "114840", "unit": "kg"}, {"date": "2020-04-01", "country_from": "ES", "country_to": "GB", "value": "70330", "unit": "kg"}, {"date": "2020-05-01", "country_from": "ES", "country_to": "GB", "value": "93780", "unit": "kg"}, {"date": "2018-10-01", "country_from": "ES", "country_to": "FI", "value": "5825", "unit": "kg"}, {"date": "2018-11-01", "country_from": "ES", "country_to": "FI", "value": "34363", "unit": "kg"}, {"date": "2018-12-01", "country_from": "ES", "country_to": "FI", "value": "35597", "unit": "kg"}, {"date": "2019-01-01", "country_from": "ES", "country_to": "FI", "value": "21944", "unit": "kg"}, {"date": "2019-02-01", "country_from": "ES", "country_to": "FI", "value": "34021", "unit": "kg"}, {"date": "2019-03-01", "country_from": "ES", "country_to": "FI", "value": "22436", "unit": "kg"}, {"date": "2019-04-01", "country_from": "ES", "country_to": "FI", "value": "28588", "unit": "kg"}, {"date": "2019-05-01", "country_from": "ES", "country_to": "FI", "value": "33003", "unit": "kg"}, {"date": "2019-06-01", "country_from": "ES", "country_to": "FI", "value": "6328", "unit": "kg"}, {"date": "2019-07-01", "country_from": "ES", "country_to": "FI", "value": "26031", "unit": "kg"}, {"date": "2019-08-01", "country_from": "ES", "country_to": "FI", "value": "23319", "unit": "kg"}, {"date": "2019-09-01", "country_from": "ES", "country_to": "FI", "value": "31398", "unit": "kg"}, {"date": "2019-10-01", "country_from": "ES", "country_to": "FI", "value": "29992", "unit": "kg"}, {"date": "2019-11-01", "country_from": "ES", "country_to": "FI", "value": "30004", "unit": "kg"}, {"date": "2019-12-01", "country_from": "ES", "country_to": "FI", "value": "9501", "unit": "kg"}, {"date": "2020-01-01", "country_from": "ES", "country_to": "FI", "value": "31315", "unit": "kg"}, {"date": "2020-02-01", "country_from": "ES", "country_to": "FI", "value": "33978", "unit": "kg"}, {"date": "2020-03-01", "country_from": "ES", "country_to": "FI", "value": "22086", "unit": "kg"}, {"date": "2020-04-01", "country_from": "ES", "country_to": "FI", "value": "0", "unit": "kg"}, {"date": "2020-05-01", "country_from": "ES", "country_to": "FI", "value": "72344", "unit": "kg"}, {"date": "2018-10-01", "country_from": "ES", "country_to": "BG", "value": "0", "unit": "kg"}, {"date": "2018-11-01", "country_from": "ES", "country_to": "BG", "value": "0", "unit": "kg"}, {"date": "2018-12-01", "country_from": "ES", "country_to": "BG", "value": "0", "unit": "kg"}, {"date": "2019-01-01", "country_from": "ES", "country_to": "BG", "value": "0", "unit": "kg"}, {"date": "2019-02-01", "country_from": "ES", "country_to": "BG", "value": "0", "unit": "kg"}, {"date": "2019-03-01", "country_from": "ES", "country_to": "BG", "value": "0", "unit": "kg"}, {"date": "2019-04-01", "country_from": "ES", "country_to": "BG", "value": "0", "unit": "kg"}, {"date": "2019-05-01", "country_from": "ES", "country_to": "BG", "value": "0", "unit": "kg"}, {"date": "2019-06-01", "country_from": "ES", "country_to": "BG", "value": "0", "unit": "kg"}, {"date": "2019-07-01", "country_from": "ES", "country_to": "BG", "value": "0", "unit": "kg"}, {"date": "2019-08-01", "country_from": "ES", "country_to": "BG", "value": "0", "unit": "kg"}, {"date": "2019-09-01", "country_from": "ES", "country_to": "BG", "value": "0", "unit": "kg"}, {"date": "2019-10-01", "country_from": "ES", "country_to": "BG", "value": "0", "unit": "kg"}, {"date": "2019-11-01", "country_from": "ES", "country_to": "BG", "value": "0", "unit": "kg"}, {"date": "2019-12-01", "country_from": "ES", "country_to": "BG", "value": "0", "unit": "kg"}, {"date": "2020-01-01", "country_from": "ES", "country_to": "BG", "value": "49055", "unit": "kg"}, {"date": "2020-02-01", "country_from": "ES", "country_to": "BG", "value": "0", "unit": "kg"}, {"date": "2020-03-01", "country_from": "ES", "country_to": "BG", "value": "47370", "unit": "kg"}, {"date": "2020-04-01", "country_from": "ES", "country_to": "BG", "value": "0", "unit": "kg"}, {"date": "2020-05-01", "country_from": "ES", "country_to": "BG", "value": "48970", "unit": "kg"}, {"date": "2018-10-01", "country_from": "ES", "country_to": "NL", "value": "44162", "unit": "kg"}, {"date": "2018-11-01", "country_from": "ES", "country_to": "NL", "value": "419", "unit": "kg"}, {"date": "2018-12-01", "country_from": "ES", "country_to": "NL", "value": "50", "unit": "kg"}, {"date": "2019-01-01", "country_from": "ES", "country_to": "NL", "value": "512", "unit": "kg"}, {"date": "2019-02-01", "country_from": "ES", "country_to": "NL", "value": "63036", "unit": "kg"}, {"date": "2019-03-01", "country_from": "ES", "country_to": "NL", "value": "24090", "unit": "kg"}, {"date": "2019-04-01", "country_from": "ES", "country_to": "NL", "value": "107712", "unit": "kg"}, {"date": "2019-05-01", "country_from": "ES", "country_to": "NL", "value": "72", "unit": "kg"}, {"date": "2019-06-01", "country_from": "ES", "country_to": "NL", "value": "430", "unit": "kg"}, {"date": "2019-07-01", "country_from": "ES", "country_to": "NL", "value": "22206", "unit": "kg"}, {"date": "2019-08-01", "country_from": "ES", "country_to": "NL", "value": "103956", "unit": "kg"}, {"date": "2019-09-01", "country_from": "ES", "country_to": "NL", "value": "96092", "unit": "kg"}, {"date": "2019-10-01", "country_from": "ES", "country_to": "NL", "value": "44405", "unit": "kg"}, {"date": "2019-11-01", "country_from": "ES", "country_to": "NL", "value": "23268", "unit": "kg"}, {"date": "2019-12-01", "country_from": "ES", "country_to": "NL", "value": "520", "unit": "kg"}, {"date": "2020-01-01", "country_from": "ES", "country_to": "NL", "value": "27523", "unit": "kg"}, {"date": "2020-02-01", "country_from": "ES", "country_to": "NL", "value": "3048", "unit": "kg"}, {"date": "2020-03-01", "country_from": "ES", "country_to": "NL", "value": "52515", "unit": "kg"}, {"date": "2020-04-01", "country_from": "ES", "country_to": "NL", "value": "246268", "unit": "kg"}, {"date": "2020-05-01", "country_from": "ES", "country_to": "NL", "value": "28010", "unit": "kg"}, {"date": "2018-10-01", "country_from": "ES", "country_to": "FR", "value": "35042", "unit": "kg"}, {"date": "2018-11-01", "country_from": "ES", "country_to": "FR", "value": "26827", "unit": "kg"}, {"date": "2018-12-01", "country_from": "ES", "country_to": "FR", "value": "79743", "unit": "kg"}, {"date": "2019-01-01", "country_from": "ES", "country_to": "FR", "value": "26720", "unit": "kg"}, {"date": "2019-02-01", "country_from": "ES", "country_to": "FR", "value": "54848", "unit": "kg"}, {"date": "2019-03-01", "country_from": "ES", "country_to": "FR", "value": "30992", "unit": "kg"}, {"date": "2019-04-01", "country_from": "ES", "country_to": "FR", "value": "55247", "unit": "kg"}, {"date": "2019-05-01", "country_from": "ES", "country_to": "FR", "value": "56236", "unit": "kg"}, {"date": "2019-06-01", "country_from": "ES", "country_to": "FR", "value": "31718", "unit": "kg"}, {"date": "2019-07-01", "country_from": "ES", "country_to": "FR", "value": "81399", "unit": "kg"}, {"date": "2019-08-01", "country_from": "ES", "country_to": "FR", "value": "33571", "unit": "kg"}, {"date": "2019-09-01", "country_from": "ES", "country_to": "FR", "value": "50180", "unit": "kg"}, {"date": "2019-10-01", "country_from": "ES", "country_to": "FR", "value": "53086", "unit": "kg"}, {"date": "2019-11-01", "country_from": "ES", "country_to": "FR", "value": "3833", "unit": "kg"}, {"date": "2019-12-01", "country_from": "ES", "country_to": "FR", "value": "75210", "unit": "kg"}, {"date": "2020-01-01", "country_from": "ES", "country_to": "FR", "value": "54123", "unit": "kg"}, {"date": "2020-02-01", "country_from": "ES", "country_to": "FR", "value": "52582", "unit": "kg"}, {"date": "2020-03-01", "country_from": "ES", "country_to": "FR", "value": "35956", "unit": "kg"}, {"date": "2020-04-01", "country_from": "ES", "country_to": "FR", "value": "27586", "unit": "kg"}, {"date": "2020-05-01", "country_from": "ES", "country_to": "FR", "value": "25735", "unit": "kg"}, {"date": "2018-10-01", "country_from": "ES", "country_to": "US", "value": "51693", "unit": "kg"}, {"date": "2018-11-01", "country_from": "ES", "country_to": "US", "value": "27912", "unit": "kg"}, {"date": "2018-12-01", "country_from": "ES", "country_to": "US", "value": "0", "unit": "kg"}, {"date": "2019-01-01", "country_from": "ES", "country_to": "US", "value": "0", "unit": "kg"}, {"date": "2019-02-01", "country_from": "ES", "country_to": "US", "value": "25816", "unit": "kg"}, {"date": "2019-03-01", "country_from": "ES", "country_to": "US", "value": "0", "unit": "kg"}, {"date": "2019-04-01", "country_from": "ES", "country_to": "US", "value": "137682", "unit": "kg"}, {"date": "2019-05-01", "country_from": "ES", "country_to": "US", "value": "87874", "unit": "kg"}, {"date": "2019-06-01", "country_from": "ES", "country_to": "US", "value": "120477", "unit": "kg"}, {"date": "2019-07-01", "country_from": "ES", "country_to": "US", "value": "274991", "unit": "kg"}, {"date": "2019-08-01", "country_from": "ES", "country_to": "US", "value": "34422", "unit": "kg"}, {"date": "2019-09-01", "country_from": "ES", "country_to": "US", "value": "59026", "unit": "kg"}, {"date": "2019-10-01", "country_from": "ES", "country_to": "US", "value": "0", "unit": "kg"}, {"date": "2019-11-01", "country_from": "ES", "country_to": "US", "value": "15921", "unit": "kg"}, {"date": "2019-12-01", "country_from": "ES", "country_to": "US", "value": "34830", "unit": "kg"}, {"date": "2020-01-01", "country_from": "ES", "country_to": "US", "value": "0", "unit": "kg"}, {"date": "2020-02-01", "country_from": "ES", "country_to": "US", "value": "17160", "unit": "kg"}, {"date": "2020-03-01", "country_from": "ES", "country_to": "US", "value": "0", "unit": "kg"}, {"date": "2020-04-01", "country_from": "ES", "country_to": "US", "value": "9885", "unit": "kg"}, {"date": "2020-05-01", "country_from": "ES", "country_to": "US", "value": "17928", "unit": "kg"}, {"date": "2018-10-01", "country_from": "ES", "country_to": "GQ", "value": "0", "unit": "kg"}, {"date": "2018-11-01", "country_from": "ES", "country_to": "GQ", "value": "0", "unit": "kg"}, {"date": "2018-12-01", "country_from": "ES", "country_to": "GQ", "value": "0", "unit": "kg"}, {"date": "2019-01-01", "country_from": "ES", "country_to": "GQ", "value": "0", "unit": "kg"}, {"date": "2019-02-01", "country_from": "ES", "country_to": "GQ", "value": "0", "unit": "kg"}, {"date": "2019-03-01", "country_from": "ES", "country_to": "GQ", "value": "2300", "unit": "kg"}, {"date": "2019-04-01", "country_from": "ES", "country_to": "GQ", "value": "0", "unit": "kg"}, {"date": "2019-05-01", "country_from": "ES", "country_to": "GQ", "value": "0", "unit": "kg"}, {"date": "2019-06-01", "country_from": "ES", "country_to": "GQ", "value": "0", "unit": "kg"}, {"date": "2019-07-01", "country_from": "ES", "country_to": "GQ", "value": "0", "unit": "kg"}, {"date": "2019-08-01", "country_from": "ES", "country_to": "GQ", "value": "400", "unit": "kg"}, {"date": "2019-09-01", "country_from": "ES", "country_to": "GQ", "value": "450", "unit": "kg"}, {"date": "2019-10-01", "country_from": "ES", "country_to": "GQ", "value": "0", "unit": "kg"}, {"date": "2019-11-01", "country_from": "ES", "country_to": "GQ", "value": "0", "unit": "kg"}, {"date": "2019-12-01", "country_from": "ES", "country_to": "GQ", "value": "770", "unit": "kg"}, {"date": "2020-01-01", "country_from": "ES", "country_to": "GQ", "value": "0", "unit": "kg"}, {"date": "2020-02-01", "country_from": "ES", "country_to": "GQ", "value": "350", "unit": "kg"}, {"date": "2020-03-01", "country_from": "ES", "country_to": "GQ", "value": "470", "unit": "kg"}, {"date": "2020-04-01", "country_from": "ES", "country_to": "GQ", "value": "382", "unit": "kg"}, {"date": "2020-05-01", "country_from": "ES", "country_to": "GQ", "value": "3760", "unit": "kg"}, {"date": "2018-10-01", "country_from": "ES", "country_to": "GI", "value": "3301", "unit": "kg"}, {"date": "2018-11-01", "country_from": "ES", "country_to": "GI", "value": "2451", "unit": "kg"}, {"date": "2018-12-01", "country_from": "ES", "country_to": "GI", "value": "1426", "unit": "kg"}, {"date": "2019-01-01", "country_from": "ES", "country_to": "GI", "value": "2613", "unit": "kg"}, {"date": "2019-02-01", "country_from": "ES", "country_to": "GI", "value": "2578", "unit": "kg"}, {"date": "2019-03-01", "country_from": "ES", "country_to": "GI", "value": "3110", "unit": "kg"}, {"date": "2019-04-01", "country_from": "ES", "country_to": "GI", "value": "4344", "unit": "kg"}, {"date": "2019-05-01", "country_from": "ES", "country_to": "GI", "value": "4142", "unit": "kg"}, {"date": "2019-06-01", "country_from": "ES", "country_to": "GI", "value": "1780", "unit": "kg"}, {"date": "2019-07-01", "country_from": "ES", "country_to": "GI", "value": "3395", "unit": "kg"}, {"date": "2019-08-01", "country_from": "ES", "country_to": "GI", "value": "1410", "unit": "kg"}, {"date": "2019-09-01", "country_from": "ES", "country_to": "GI", "value": "2867", "unit": "kg"}, {"date": "2019-10-01", "country_from": "ES", "country_to": "GI", "value": "3161", "unit": "kg"}, {"date": "2019-11-01", "country_from": "ES", "country_to": "GI", "value": "1283", "unit": "kg"}, {"date": "2019-12-01", "country_from": "ES", "country_to": "GI", "value": "967", "unit": "kg"}, {"date": "2020-01-01", "country_from": "ES", "country_to": "GI", "value": "3360", "unit": "kg"}, {"date": "2020-02-01", "country_from": "ES", "country_to": "GI", "value": "3166", "unit": "kg"}, {"date": "2020-03-01", "country_from": "ES", "country_to": "GI", "value": "6598", "unit": "kg"}, {"date": "2020-04-01", "country_from": "ES", "country_to": "GI", "value": "3992", "unit": "kg"}, {"date": "2020-05-01", "country_from": "ES", "country_to": "GI", "value": "2524", "unit": "kg"}, {"date": "2018-10-01", "country_from": "ES", "country_to": "PT", "value": "1557854", "unit": "kg"}, {"date": "2018-11-01", "country_from": "ES", "country_to": "PT", "value": "55846", "unit": "kg"}, {"date": "2018-12-01", "country_from": "ES", "country_to": "PT", "value": "56513", "unit": "kg"}, {"date": "2019-01-01", "country_from": "ES", "country_to": "PT", "value": "53703", "unit": "kg"}, {"date": "2019-02-01", "country_from": "ES", "country_to": "PT", "value": "55332", "unit": "kg"}, {"date": "2019-03-01", "country_from": "ES", "country_to": "PT", "value": "313282", "unit": "kg"}, {"date": "2019-04-01", "country_from": "ES", "country_to": "PT", "value": "157468", "unit": "kg"}, {"date": "2019-05-01", "country_from": "ES", "country_to": "PT", "value": "55995", "unit": "kg"}, {"date": "2019-06-01", "country_from": "ES", "country_to": "PT", "value": "64711", "unit": "kg"}, {"date": "2019-07-01", "country_from": "ES", "country_to": "PT", "value": "57193", "unit": "kg"}, {"date": "2019-08-01", "country_from": "ES", "country_to": "PT", "value": "28960", "unit": "kg"}, {"date": "2019-09-01", "country_from": "ES", "country_to": "PT", "value": "78845", "unit": "kg"}, {"date": "2019-10-01", "country_from": "ES", "country_to": "PT", "value": "56195", "unit": "kg"}, {"date": "2019-11-01", "country_from": "ES", "country_to": "PT", "value": "56651", "unit": "kg"}, {"date": "2019-12-01", "country_from": "ES", "country_to": "PT", "value": "2827", "unit": "kg"}, {"date": "2020-01-01", "country_from": "ES", "country_to": "PT", "value": "82642", "unit": "kg"}, {"date": "2020-02-01", "country_from": "ES", "country_to": "PT", "value": "28747", "unit": "kg"}, {"date": "2020-03-01", "country_from": "ES", "country_to": "PT", "value": "1081315", "unit": "kg"}, {"date": "2020-04-01", "country_from": "ES", "country_to": "PT", "value": "3336", "unit": "kg"}, {"date": "2020-05-01", "country_from": "ES", "country_to": "PT", "value": "2518", "unit": "kg"}, {"date": "2018-10-01", "country_from": "ES", "country_to": "IT", "value": "30", "unit": "kg"}, {"date": "2018-11-01", "country_from": "ES", "country_to": "IT", "value": "404", "unit": "kg"}, {"date": "2018-12-01", "country_from": "ES", "country_to": "IT", "value": "1600", "unit": "kg"}, {"date": "2019-01-01", "country_from": "ES", "country_to": "IT", "value": "510", "unit": "kg"}, {"date": "2019-02-01", "country_from": "ES", "country_to": "IT", "value": "0", "unit": "kg"}, {"date": "2019-03-01", "country_from": "ES", "country_to": "IT", "value": "0", "unit": "kg"}, {"date": "2019-04-01", "country_from": "ES", "country_to": "IT", "value": "202", "unit": "kg"}, {"date": "2019-05-01", "country_from": "ES", "country_to": "IT", "value": "120000", "unit": "kg"}, {"date": "2019-06-01", "country_from": "ES", "country_to": "IT", "value": "432060", "unit": "kg"}, {"date": "2019-07-01", "country_from": "ES", "country_to": "IT", "value": "143", "unit": "kg"}, {"date": "2019-08-01", "country_from": "ES", "country_to": "IT", "value": "90", "unit": "kg"}, {"date": "2019-09-01", "country_from": "ES", "country_to": "IT", "value": "114", "unit": "kg"}, {"date": "2019-10-01", "country_from": "ES", "country_to": "IT", "value": "165", "unit": "kg"}, {"date": "2019-11-01", "country_from": "ES", "country_to": "IT", "value": "105", "unit": "kg"}, {"date": "2019-12-01", "country_from": "ES", "country_to": "IT", "value": "104", "unit": "kg"}, {"date": "2020-01-01", "country_from": "ES", "country_to": "IT", "value": "134", "unit": "kg"}, {"date": "2020-02-01", "country_from": "ES", "country_to": "IT", "value": "174", "unit": "kg"}, {"date": "2020-03-01", "country_from": "ES", "country_to": "IT", "value": "311", "unit": "kg"}, {"date": "2020-04-01", "country_from": "ES", "country_to": "IT", "value": "96", "unit": "kg"}, {"date": "2020-05-01", "country_from": "ES", "country_to": "IT", "value": "2061", "unit": "kg"}, {"date": "2018-10-01", "country_from": "ES", "country_to": "ES", "value": "7349", "unit": "kg"}, {"date": "2018-11-01", "country_from": "ES", "country_to": "ES", "value": "4754", "unit": "kg"}, {"date": "2018-12-01", "country_from": "ES", "country_to": "ES", "value": "9641", "unit": "kg"}, {"date": "2019-01-01", "country_from": "ES", "country_to": "ES", "value": "12990", "unit": "kg"}, {"date": "2019-02-01", "country_from": "ES", "country_to": "ES", "value": "5260", "unit": "kg"}, {"date": "2019-03-01", "country_from": "ES", "country_to": "ES", "value": "8487", "unit": "kg"}, {"date": "2019-04-01", "country_from": "ES", "country_to": "ES", "value": "14490", "unit": "kg"}, {"date": "2019-05-01", "country_from": "ES", "country_to": "ES", "value": "4218", "unit": "kg"}, {"date": "2019-06-01", "country_from": "ES", "country_to": "ES", "value": "4271", "unit": "kg"}, {"date": "2019-07-01", "country_from": "ES", "country_to": "ES", "value": "9626", "unit": "kg"}, {"date": "2019-08-01", "country_from": "ES", "country_to": "ES", "value": "4110", "unit": "kg"}, {"date": "2019-09-01", "country_from": "ES", "country_to": "ES", "value": "10087", "unit": "kg"}, {"date": "2019-10-01", "country_from": "ES", "country_to": "ES", "value": "6290", "unit": "kg"}, {"date": "2019-11-01", "country_from": "ES", "country_to": "ES", "value": "9189", "unit": "kg"}, {"date": "2019-12-01", "country_from": "ES", "country_to": "ES", "value": "2615", "unit": "kg"}, {"date": "2020-01-01", "country_from": "ES", "country_to": "ES", "value": "3443", "unit": "kg"}, {"date": "2020-02-01", "country_from": "ES", "country_to": "ES", "value": "2466", "unit": "kg"}, {"date": "2020-03-01", "country_from": "ES", "country_to": "ES", "value": "3399", "unit": "kg"}, {"date": "2020-04-01", "country_from": "ES", "country_to": "ES", "value": "1425", "unit": "kg"}, {"date": "2020-05-01", "country_from": "ES", "country_to": "ES", "value": "1291", "unit": "kg"}, {"date": "2018-10-01", "country_from": "ES", "country_to": "AD", "value": "571", "unit": "kg"}, {"date": "2018-11-01", "country_from": "ES", "country_to": "AD", "value": "1218", "unit": "kg"}, {"date": "2018-12-01", "country_from": "ES", "country_to": "AD", "value": "1087", "unit": "kg"}, {"date": "2019-01-01", "country_from": "ES", "country_to": "AD", "value": "1436", "unit": "kg"}, {"date": "2019-02-01", "country_from": "ES", "country_to": "AD", "value": "920", "unit": "kg"}, {"date": "2019-03-01", "country_from": "ES", "country_to": "AD", "value": "674", "unit": "kg"}, {"date": "2019-04-01", "country_from": "ES", "country_to": "AD", "value": "893", "unit": "kg"}, {"date": "2019-05-01", "country_from": "ES", "country_to": "AD", "value": "867", "unit": "kg"}, {"date": "2019-06-01", "country_from": "ES", "country_to": "AD", "value": "562", "unit": "kg"}, {"date": "2019-07-01", "country_from": "ES", "country_to": "AD", "value": "868", "unit": "kg"}, {"date": "2019-08-01", "country_from": "ES", "country_to": "AD", "value": "0", "unit": "kg"}, {"date": "2019-09-01", "country_from": "ES", "country_to": "AD", "value": "1540", "unit": "kg"}, {"date": "2019-10-01", "country_from": "ES", "country_to": "AD", "value": "439", "unit": "kg"}, {"date": "2019-11-01", "country_from": "ES", "country_to": "AD", "value": "1290", "unit": "kg"}, {"date": "2019-12-01", "country_from": "ES", "country_to": "AD", "value": "543", "unit": "kg"}, {"date": "2020-01-01", "country_from": "ES", "country_to": "AD", "value": "1094", "unit": "kg"}, {"date": "2020-02-01", "country_from": "ES", "country_to": "AD", "value": "1412", "unit": "kg"}, {"date": "2020-03-01", "country_from": "ES", "country_to": "AD", "value": "1005", "unit": "kg"}, {"date": "2020-04-01", "country_from": "ES", "country_to": "AD", "value": "1036", "unit": "kg"}, {"date": "2020-05-01", "country_from": "ES", "country_to": "AD", "value": "856", "unit": "kg"}, {"date": "2018-10-01", "country_from": "ES", "country_to": "CH", "value": "0", "unit": "kg"}, {"date": "2018-11-01", "country_from": "ES", "country_to": "CH", "value": "0", "unit": "kg"}, {"date": "2018-12-01", "country_from": "ES", "country_to": "CH", "value": "0", "unit": "kg"}, {"date": "2019-01-01", "country_from": "ES", "country_to": "CH", "value": "0", "unit": "kg"}, {"date": "2019-02-01", "country_from": "ES", "country_to": "CH", "value": "501", "unit": "kg"}, {"date": "2019-03-01", "country_from": "ES", "country_to": "CH", "value": "0", "unit": "kg"}, {"date": "2019-04-01", "country_from": "ES", "country_to": "CH", "value": "86", "unit": "kg"}, {"date": "2019-05-01", "country_from": "ES", "country_to": "CH", "value": "0", "unit": "kg"}, {"date": "2019-06-01", "country_from": "ES", "country_to": "CH", "value": "0", "unit": "kg"}, {"date": "2019-07-01", "country_from": "ES", "country_to": "CH", "value": "490", "unit": "kg"}, {"date": "2019-08-01", "country_from": "ES", "country_to": "CH", "value": "0", "unit": "kg"}, {"date": "2019-09-01", "country_from": "ES", "country_to": "CH", "value": "840", "unit": "kg"}, {"date": "2019-10-01", "country_from": "ES", "country_to": "CH", "value": "0", "unit": "kg"}, {"date": "2019-11-01", "country_from": "ES", "country_to": "CH", "value": "490", "unit": "kg"}, {"date": "2019-12-01", "country_from": "ES", "country_to": "CH", "value": "0", "unit": "kg"}, {"date": "2020-01-01", "country_from": "ES", "country_to": "CH", "value": "490", "unit": "kg"}, {"date": "2020-02-01", "country_from": "ES", "country_to": "CH", "value": "0", "unit": "kg"}, {"date": "2020-03-01", "country_from": "ES", "country_to": "CH", "value": "490", "unit": "kg"}, {"date": "2020-04-01", "country_from": "ES", "country_to": "CH", "value": "0", "unit": "kg"}, {"date": "2020-05-01", "country_from": "ES", "country_to": "CH", "value": "735", "unit": "kg"}, {"date": "2018-10-01", "country_from": "ES", "country_to": "DK", "value": "0", "unit": "kg"}, {"date": "2018-11-01", "country_from": "ES", "country_to": "DK", "value": "0", "unit": "kg"}, {"date": "2018-12-01", "country_from": "ES", "country_to": "DK", "value": "0", "unit": "kg"}, {"date": "2019-01-01", "country_from": "ES", "country_to": "DK", "value": "0", "unit": "kg"}, {"date": "2019-02-01", "country_from": "ES", "country_to": "DK", "value": "0", "unit": "kg"}, {"date": "2019-03-01", "country_from": "ES", "country_to": "DK", "value": "0", "unit": "kg"}, {"date": "2019-04-01", "country_from": "ES", "country_to": "DK", "value": "0", "unit": "kg"}, {"date": "2019-05-01", "country_from": "ES", "country_to": "DK", "value": "0", "unit": "kg"}, {"date": "2019-06-01", "country_from": "ES", "country_to": "DK", "value": "0", "unit": "kg"}, {"date": "2019-07-01", "country_from": "ES", "country_to": "DK", "value": "0", "unit": "kg"}, {"date": "2019-08-01", "country_from": "ES", "country_to": "DK", "value": "0", "unit": "kg"}, {"date": "2019-09-01", "country_from": "ES", "country_to": "DK", "value": "0", "unit": "kg"}, {"date": "2019-10-01", "country_from": "ES", "country_to": "DK", "value": "12", "unit": "kg"}, {"date": "2019-11-01", "country_from": "ES", "country_to": "DK", "value": "99", "unit": "kg"}, {"date": "2019-12-01", "country_from": "ES", "country_to": "DK", "value": "1561", "unit": "kg"}, {"date": "2020-01-01", "country_from": "ES", "country_to": "DK", "value": "1674", "unit": "kg"}, {"date": "2020-02-01", "country_from": "ES", "country_to": "DK", "value": "87", "unit": "kg"}, {"date": "2020-03-01", "country_from": "ES", "country_to": "DK", "value": "0", "unit": "kg"}, {"date": "2020-04-01", "country_from": "ES", "country_to": "DK", "value": "0", "unit": "kg"}, {"date": "2020-05-01", "country_from": "ES", "country_to": "DK", "value": "123", "unit": "kg"}, {"date": "2018-10-01", "country_from": "ES", "country_to": "SE", "value": "0", "unit": "kg"}, {"date": "2018-11-01", "country_from": "ES", "country_to": "SE", "value": "0", "unit": "kg"}, {"date": "2018-12-01", "country_from": "ES", "country_to": "SE", "value": "0", "unit": "kg"}, {"date": "2019-01-01", "country_from": "ES", "country_to": "SE", "value": "0", "unit": "kg"}, {"date": "2019-02-01", "country_from": "ES", "country_to": "SE", "value": "0", "unit": "kg"}, {"date": "2019-03-01", "country_from": "ES", "country_to": "SE", "value": "0", "unit": "kg"}, {"date": "2019-04-01", "country_from": "ES", "country_to": "SE", "value": "0", "unit": "kg"}, {"date": "2019-05-01", "country_from": "ES", "country_to": "SE", "value": "0", "unit": "kg"}, {"date": "2019-06-01", "country_from": "ES", "country_to": "SE", "value": "20", "unit": "kg"}, {"date": "2019-07-01", "country_from": "ES", "country_to": "SE", "value": "84", "unit": "kg"}, {"date": "2019-08-01", "country_from": "ES", "country_to": "SE", "value": "0", "unit": "kg"}, {"date": "2019-09-01", "country_from": "ES", "country_to": "SE", "value": "0", "unit": "kg"}, {"date": "2019-10-01", "country_from": "ES", "country_to": "SE", "value": "0", "unit": "kg"}, {"date": "2019-11-01", "country_from": "ES", "country_to": "SE", "value": "60", "unit": "kg"}, {"date": "2019-12-01", "country_from": "ES", "country_to": "SE", "value": "0", "unit": "kg"}, {"date": "2020-01-01", "country_from": "ES", "country_to": "SE", "value": "0", "unit": "kg"}, {"date": "2020-02-01", "country_from": "ES", "country_to": "SE", "value": "24", "unit": "kg"}, {"date": "2020-03-01", "country_from": "ES", "country_to": "SE", "value": "0", "unit": "kg"}, {"date": "2020-04-01", "country_from": "ES", "country_to": "SE", "value": "0", "unit": "kg"}, {"date": "2020-05-01", "country_from": "ES", "country_to": "SE", "value": "36", "unit": "kg"}, {"date": "2018-10-01", "country_from": "ES", "country_to": "SG", "value": "800", "unit": "kg"}, {"date": "2018-11-01", "country_from": "ES", "country_to": "SG", "value": "0", "unit": "kg"}, {"date": "2018-12-01", "country_from": "ES", "country_to": "SG", "value": "0", "unit": "kg"}, {"date": "2019-01-01", "country_from": "ES", "country_to": "SG", "value": "0", "unit": "kg"}, {"date": "2019-02-01", "country_from": "ES", "country_to": "SG", "value": "0", "unit": "kg"}, {"date": "2019-03-01", "country_from": "ES", "country_to": "SG", "value": "0", "unit": "kg"}, {"date": "2019-04-01", "country_from": "ES", "country_to": "SG", "value": "0", "unit": "kg"}, {"date": "2019-05-01", "country_from": "ES", "country_to": "SG", "value": "0", "unit": "kg"}, {"date": "2019-06-01", "country_from": "ES", "country_to": "SG", "value": "0", "unit": "kg"}, {"date": "2019-07-01", "country_from": "ES", "country_to": "SG", "value": "0", "unit": "kg"}, {"date": "2019-08-01", "country_from": "ES", "country_to": "SG", "value": "0", "unit": "kg"}, {"date": "2019-09-01", "country_from": "ES", "country_to": "SG", "value": "0", "unit": "kg"}, {"date": "2019-10-01", "country_from": "ES", "country_to": "SG", "value": "0", "unit": "kg"}, {"date": "2019-11-01", "country_from": "ES", "country_to": "SG", "value": "0", "unit": "kg"}, {"date": "2019-12-01", "country_from": "ES", "country_to": "SG", "value": "0", "unit": "kg"}, {"date": "2020-01-01", "country_from": "ES", "country_to": "SG", "value": "0", "unit": "kg"}, {"date": "2020-02-01", "country_from": "ES", "country_to": "SG", "value": "0", "unit": "kg"}, {"date": "2020-03-01", "country_from": "ES", "country_to": "SG", "value": "0", "unit": "kg"}, {"date": "2020-04-01", "country_from": "ES", "country_to": "SG", "value": "0", "unit": "kg"}, {"date": "2020-05-01", "country_from": "ES", "country_to": "SG", "value": "0", "unit": "kg"}, {"date": "2018-10-01", "country_from": "ES", "country_to": "SK", "value": "0", "unit": "kg"}, {"date": "2018-11-01", "country_from": "ES", "country_to": "SK", "value": "0", "unit": "kg"}, {"date": "2018-12-01", "country_from": "ES", "country_to": "SK", "value": "0", "unit": "kg"}, {"date": "2019-01-01", "country_from": "ES", "country_to": "SK", "value": "1680", "unit": "kg"}, {"date": "2019-02-01", "country_from": "ES", "country_to": "SK", "value": "0", "unit": "kg"}, {"date": "2019-03-01", "country_from": "ES", "country_to": "SK", "value": "0", "unit": "kg"}, {"date": "2019-04-01", "country_from": "ES", "country_to": "SK", "value": "0", "unit": "kg"}, {"date": "2019-05-01", "country_from": "ES", "country_to": "SK", "value": "0", "unit": "kg"}, {"date": "2019-06-01", "country_from": "ES", "country_to": "SK", "value": "0", "unit": "kg"}, {"date": "2019-07-01", "country_from": "ES", "country_to": "SK", "value": "0", "unit": "kg"}, {"date": "2019-08-01", "country_from": "ES", "country_to": "SK", "value": "0", "unit": "kg"}, {"date": "2019-09-01", "country_from": "ES", "country_to": "SK", "value": "0", "unit": "kg"}, {"date": "2019-10-01", "country_from": "ES", "country_to": "SK", "value": "840", "unit": "kg"}, {"date": "2019-11-01", "country_from": "ES", "country_to": "SK", "value": "0", "unit": "kg"}, {"date": "2019-12-01", "country_from": "ES", "country_to": "SK", "value": "0", "unit": "kg"}, {"date": "2020-01-01", "country_from": "ES", "country_to": "SK", "value": "0", "unit": "kg"}, {"date": "2020-02-01", "country_from": "ES", "country_to": "SK", "value": "0", "unit": "kg"}, {"date": "2020-03-01", "country_from": "ES", "country_to": "SK", "value": "0", "unit": "kg"}, {"date": "2020-04-01", "country_from": "ES", "country_to": "SK", "value": "0", "unit": "kg"}, {"date": "2020-05-01", "country_from": "ES", "country_to": "SK", "value": "0", "unit": "kg"}, {"date": "2018-10-01", "country_from": "ES", "country_to": "AE", "value": "0", "unit": "kg"}, {"date": "2018-11-01", "country_from": "ES", "country_to": "AE", "value": "0", "unit": "kg"}, {"date": "2018-12-01", "country_from": "ES", "country_to": "AE", "value": "0", "unit": "kg"}, {"date": "2019-01-01", "country_from": "ES", "country_to": "AE", "value": "0", "unit": "kg"}, {"date": "2019-02-01", "country_from": "ES", "country_to": "AE", "value": "0", "unit": "kg"}, {"date": "2019-03-01", "country_from": "ES", "country_to": "AE", "value": "0", "unit": "kg"}, {"date": "2019-04-01", "country_from": "ES", "country_to": "AE", "value": "0", "unit": "kg"}, {"date": "2019-05-01", "country_from": "ES", "country_to": "AE", "value": "0", "unit": "kg"}, {"date": "2019-06-01", "country_from": "ES", "country_to": "AE", "value": "0", "unit": "kg"}, {"date": "2019-07-01", "country_from": "ES", "country_to": "AE", "value": "0", "unit": "kg"}, {"date": "2019-08-01", "country_from": "ES", "country_to": "AE", "value": "0", "unit": "kg"}, {"date": "2019-09-01", "country_from": "ES", "country_to": "AE", "value": "0", "unit": "kg"}, {"date": "2019-10-01", "country_from": "ES", "country_to": "AE", "value": "0", "unit": "kg"}, {"date": "2019-11-01", "country_from": "ES", "country_to": "AE", "value": "0", "unit": "kg"}, {"date": "2019-12-01", "country_from": "ES", "country_to": "AE", "value": "0", "unit": "kg"}, {"date": "2020-01-01", "country_from": "ES", "country_to": "AE", "value": "0", "unit": "kg"}, {"date": "2020-02-01", "country_from": "ES", "country_to": "AE", "value": "0", "unit": "kg"}, {"date": "2020-03-01", "country_from": "ES", "country_to": "AE", "value": "300", "unit": "kg"}, {"date": "2020-04-01", "country_from": "ES", "country_to": "AE", "value": "0", "unit": "kg"}, {"date": "2020-05-01", "country_from": "ES", "country_to": "AE", "value": "0", "unit": "kg"}, {"date": "2018-10-01", "country_from": "ES", "country_to": "UA", "value": "0", "unit": "kg"}, {"date": "2018-11-01", "country_from": "ES", "country_to": "UA", "value": "480", "unit": "kg"}, {"date": "2018-12-01", "country_from": "ES", "country_to": "UA", "value": "0", "unit": "kg"}, {"date": "2019-01-01", "country_from": "ES", "country_to": "UA", "value": "0", "unit": "kg"}, {"date": "2019-02-01", "country_from": "ES", "country_to": "UA", "value": "0", "unit": "kg"}, {"date": "2019-03-01", "country_from": "ES", "country_to": "UA", "value": "0", "unit": "kg"}, {"date": "2019-04-01", "country_from": "ES", "country_to": "UA", "value": "0", "unit": "kg"}, {"date": "2019-05-01", "country_from": "ES", "country_to": "UA", "value": "0", "unit": "kg"}, {"date": "2019-06-01", "country_from": "ES", "country_to": "UA", "value": "0", "unit": "kg"}, {"date": "2019-07-01", "country_from": "ES", "country_to": "UA", "value": "123", "unit": "kg"}, {"date": "2019-08-01", "country_from": "ES", "country_to": "UA", "value": "0", "unit": "kg"}, {"date": "2019-09-01", "country_from": "ES", "country_to": "UA", "value": "0", "unit": "kg"}, {"date": "2019-10-01", "country_from": "ES", "country_to": "UA", "value": "0", "unit": "kg"}, {"date": "2019-11-01", "country_from": "ES", "country_to": "UA", "value": "351", "unit": "kg"}, {"date": "2019-12-01", "country_from": "ES", "country_to": "UA", "value": "0", "unit": "kg"}, {"date": "2020-01-01", "country_from": "ES", "country_to": "UA", "value": "0", "unit": "kg"}, {"date": "2020-02-01", "country_from": "ES", "country_to": "UA", "value": "0", "unit": "kg"}, {"date": "2020-03-01", "country_from": "ES", "country_to": "UA", "value": "0", "unit": "kg"}, {"date": "2020-04-01", "country_from": "ES", "country_to": "UA", "value": "0", "unit": "kg"}, {"date": "2020-05-01", "country_from": "ES", "country_to": "UA", "value": "0", "unit": "kg"}, {"date": "2018-10-01", "country_from": "ES", "country_to": "VE", "value": "0", "unit": "kg"}, {"date": "2018-11-01", "country_from": "ES", "country_to": "VE", "value": "0", "unit": "kg"}, {"date": "2018-12-01", "country_from": "ES", "country_to": "VE", "value": "0", "unit": "kg"}, {"date": "2019-01-01", "country_from": "ES", "country_to": "VE", "value": "0", "unit": "kg"}, {"date": "2019-02-01", "country_from": "ES", "country_to": "VE", "value": "0", "unit": "kg"}, {"date": "2019-03-01", "country_from": "ES", "country_to": "VE", "value": "0", "unit": "kg"}, {"date": "2019-04-01", "country_from": "ES", "country_to": "VE", "value": "0", "unit": "kg"}, {"date": "2019-05-01", "country_from": "ES", "country_to": "VE", "value": "200", "unit": "kg"}, {"date": "2019-06-01", "country_from": "ES", "country_to": "VE", "value": "0", "unit": "kg"}, {"date": "2019-07-01", "country_from": "ES", "country_to": "VE", "value": "0", "unit": "kg"}, {"date": "2019-08-01", "country_from": "ES", "country_to": "VE", "value": "0", "unit": "kg"}, {"date": "2019-09-01", "country_from": "ES", "country_to": "VE", "value": "0", "unit": "kg"}, {"date": "2019-10-01", "country_from": "ES", "country_to": "VE", "value": "0", "unit": "kg"}, {"date": "2019-11-01", "country_from": "ES", "country_to": "VE", "value": "0", "unit": "kg"}, {"date": "2019-12-01", "country_from": "ES", "country_to": "VE", "value": "0", "unit": "kg"}, {"date": "2020-01-01", "country_from": "ES", "country_to": "VE", "value": "0", "unit": "kg"}, {"date": "2020-02-01", "country_from": "ES", "country_to": "VE", "value": "0", "unit": "kg"}, {"date": "2020-03-01", "country_from": "ES", "country_to": "VE", "value": "0", "unit": "kg"}, {"date": "2020-04-01", "country_from": "ES", "country_to": "VE", "value": "0", "unit": "kg"}, {"date": "2020-05-01", "country_from": "ES", "country_to": "VE", "value": "0", "unit": "kg"}, {"date": "2018-10-01", "country_from": "ES", "country_to": "DO", "value": "0", "unit": "kg"}, {"date": "2018-11-01", "country_from": "ES", "country_to": "DO", "value": "3750", "unit": "kg"}, {"date": "2018-12-01", "country_from": "ES", "country_to": "DO", "value": "0", "unit": "kg"}, {"date": "2019-01-01", "country_from": "ES", "country_to": "DO", "value": "1250", "unit": "kg"}, {"date": "2019-02-01", "country_from": "ES", "country_to": "DO", "value": "3850", "unit": "kg"}, {"date": "2019-03-01", "country_from": "ES", "country_to": "DO", "value": "0", "unit": "kg"}, {"date": "2019-04-01", "country_from": "ES", "country_to": "DO", "value": "500", "unit": "kg"}, {"date": "2019-05-01", "country_from": "ES", "country_to": "DO", "value": "3600", "unit": "kg"}, {"date": "2019-06-01", "country_from": "ES", "country_to": "DO", "value": "4100", "unit": "kg"}, {"date": "2019-07-01", "country_from": "ES", "country_to": "DO", "value": "1500", "unit": "kg"}, {"date": "2019-08-01", "country_from": "ES", "country_to": "DO", "value": "0", "unit": "kg"}, {"date": "2019-09-01", "country_from": "ES", "country_to": "DO", "value": "3600", "unit": "kg"}, {"date": "2019-10-01", "country_from": "ES", "country_to": "DO", "value": "0", "unit": "kg"}, {"date": "2019-11-01", "country_from": "ES", "country_to": "DO", "value": "3800", "unit": "kg"}, {"date": "2019-12-01", "country_from": "ES", "country_to": "DO", "value": "0", "unit": "kg"}, {"date": "2020-01-01", "country_from": "ES", "country_to": "DO", "value": "0", "unit": "kg"}, {"date": "2020-02-01", "country_from": "ES", "country_to": "DO", "value": "3600", "unit": "kg"}, {"date": "2020-03-01", "country_from": "ES", "country_to": "DO", "value": "180", "unit": "kg"}, {"date": "2020-04-01", "country_from": "ES", "country_to": "DO", "value": "0", "unit": "kg"}, {"date": "2020-05-01", "country_from": "ES", "country_to": "DO", "value": "0", "unit": "kg"}, {"date": "2018-10-01", "country_from": "ES", "country_to": "EC", "value": "0", "unit": "kg"}, {"date": "2018-11-01", "country_from": "ES", "country_to": "EC", "value": "0", "unit": "kg"}, {"date": "2018-12-01", "country_from": "ES", "country_to": "EC", "value": "0", "unit": "kg"}, {"date": "2019-01-01", "country_from": "ES", "country_to": "EC", "value": "0", "unit": "kg"}, {"date": "2019-02-01", "country_from": "ES", "country_to": "EC", "value": "0", "unit": "kg"}, {"date": "2019-03-01", "country_from": "ES", "country_to": "EC", "value": "0", "unit": "kg"}, {"date": "2019-04-01", "country_from": "ES", "country_to": "EC", "value": "200", "unit": "kg"}, {"date": "2019-05-01", "country_from": "ES", "country_to": "EC", "value": "0", "unit": "kg"}, {"date": "2019-06-01", "country_from": "ES", "country_to": "EC", "value": "0", "unit": "kg"}, {"date": "2019-07-01", "country_from": "ES", "country_to": "EC", "value": "0", "unit": "kg"}, {"date": "2019-08-01", "country_from": "ES", "country_to": "EC", "value": "0", "unit": "kg"}, {"date": "2019-09-01", "country_from": "ES", "country_to": "EC", "value": "0", "unit": "kg"}, {"date": "2019-10-01", "country_from": "ES", "country_to": "EC", "value": "0", "unit": "kg"}, {"date": "2019-11-01", "country_from": "ES", "country_to": "EC", "value": "0", "unit": "kg"}, {"date": "2019-12-01", "country_from": "ES", "country_to": "EC", "value": "0", "unit": "kg"}, {"date": "2020-01-01", "country_from": "ES", "country_to": "EC", "value": "0", "unit": "kg"}, {"date": "2020-02-01", "country_from": "ES", "country_to": "EC", "value": "0", "unit": "kg"}, {"date": "2020-03-01", "country_from": "ES", "country_to": "EC", "value": "0", "unit": "kg"}, {"date": "2020-04-01", "country_from": "ES", "country_to": "EC", "value": "0", "unit": "kg"}, {"date": "2020-05-01", "country_from": "ES", "country_to": "EC", "value": "0", "unit": "kg"}, {"date": "2018-10-01", "country_from": "ES", "country_to": "LB", "value": "0", "unit": "kg"}, {"date": "2018-11-01", "country_from": "ES", "country_to": "LB", "value": "0", "unit": "kg"}, {"date": "2018-12-01", "country_from": "ES", "country_to": "LB", "value": "0", "unit": "kg"}, {"date": "2019-01-01", "country_from": "ES", "country_to": "LB", "value": "0", "unit": "kg"}, {"date": "2019-02-01", "country_from": "ES", "country_to": "LB", "value": "0", "unit": "kg"}, {"date": "2019-03-01", "country_from": "ES", "country_to": "LB", "value": "0", "unit": "kg"}, {"date": "2019-04-01", "country_from": "ES", "country_to": "LB", "value": "0", "unit": "kg"}, {"date": "2019-05-01", "country_from": "ES", "country_to": "LB", "value": "0", "unit": "kg"}, {"date": "2019-06-01", "country_from": "ES", "country_to": "LB", "value": "0", "unit": "kg"}, {"date": "2019-07-01", "country_from": "ES", "country_to": "LB", "value": "0", "unit": "kg"}, {"date": "2019-08-01", "country_from": "ES", "country_to": "LB", "value": "420", "unit": "kg"}, {"date": "2019-09-01", "country_from": "ES", "country_to": "LB", "value": "0", "unit": "kg"}, {"date": "2019-10-01", "country_from": "ES", "country_to": "LB", "value": "0", "unit": "kg"}, {"date": "2019-11-01", "country_from": "ES", "country_to": "LB", "value": "0", "unit": "kg"}, {"date": "2019-12-01", "country_from": "ES", "country_to": "LB", "value": "460", "unit": "kg"}, {"date": "2020-01-01", "country_from": "ES", "country_to": "LB", "value": "0", "unit": "kg"}, {"date": "2020-02-01", "country_from": "ES", "country_to": "LB", "value": "0", "unit": "kg"}, {"date": "2020-03-01", "country_from": "ES", "country_to": "LB", "value": "0", "unit": "kg"}, {"date": "2020-04-01", "country_from": "ES", "country_to": "LB", "value": "0", "unit": "kg"}, {"date": "2020-05-01", "country_from": "ES", "country_to": "LB", "value": "0", "unit": "kg"}, {"date": "2018-10-01", "country_from": "ES", "country_to": "LV", "value": "0", "unit": "kg"}, {"date": "2018-11-01", "country_from": "ES", "country_to": "LV", "value": "0", "unit": "kg"}, {"date": "2018-12-01", "country_from": "ES", "country_to": "LV", "value": "0", "unit": "kg"}, {"date": "2019-01-01", "country_from": "ES", "country_to": "LV", "value": "0", "unit": "kg"}, {"date": "2019-02-01", "country_from": "ES", "country_to": "LV", "value": "0", "unit": "kg"}, {"date": "2019-03-01", "country_from": "ES", "country_to": "LV", "value": "0", "unit": "kg"}, {"date": "2019-04-01", "country_from": "ES", "country_to": "LV", "value": "0", "unit": "kg"}, {"date": "2019-05-01", "country_from": "ES", "country_to": "LV", "value": "0", "unit": "kg"}, {"date": "2019-06-01", "country_from": "ES", "country_to": "LV", "value": "0", "unit": "kg"}, {"date": "2019-07-01", "country_from": "ES", "country_to": "LV", "value": "0", "unit": "kg"}, {"date": "2019-08-01", "country_from": "ES", "country_to": "LV", "value": "0", "unit": "kg"}, {"date": "2019-09-01", "country_from": "ES", "country_to": "LV", "value": "0", "unit": "kg"}, {"date": "2019-10-01", "country_from": "ES", "country_to": "LV", "value": "0", "unit": "kg"}, {"date": "2019-11-01", "country_from": "ES", "country_to": "LV", "value": "0", "unit": "kg"}, {"date": "2019-12-01", "country_from": "ES", "country_to": "LV", "value": "180", "unit": "kg"}, {"date": "2020-01-01", "country_from": "ES", "country_to": "LV", "value": "0", "unit": "kg"}, {"date": "2020-02-01", "country_from": "ES", "country_to": "LV", "value": "0", "unit": "kg"}, {"date": "2020-03-01", "country_from": "ES", "country_to": "LV", "value": "0", "unit": "kg"}, {"date": "2020-04-01", "country_from": "ES", "country_to": "LV", "value": "120", "unit": "kg"}, {"date": "2020-05-01", "country_from": "ES", "country_to": "LV", "value": "0", "unit": "kg"}, {"date": "2018-10-01", "country_from": "ES", "country_to": "LR", "value": "0", "unit": "kg"}, {"date": "2018-11-01", "country_from": "ES", "country_to": "LR", "value": "0", "unit": "kg"}, {"date": "2018-12-01", "country_from": "ES", "country_to": "LR", "value": "450", "unit": "kg"}, {"date": "2019-01-01", "country_from": "ES", "country_to": "LR", "value": "0", "unit": "kg"}, {"date": "2019-02-01", "country_from": "ES", "country_to": "LR", "value": "0", "unit": "kg"}, {"date": "2019-03-01", "country_from": "ES", "country_to": "LR", "value": "0", "unit": "kg"}, {"date": "2019-04-01", "country_from": "ES", "country_to": "LR", "value": "0", "unit": "kg"}, {"date": "2019-05-01", "country_from": "ES", "country_to": "LR", "value": "0", "unit": "kg"}, {"date": "2019-06-01", "country_from": "ES", "country_to": "LR", "value": "0", "unit": "kg"}, {"date": "2019-07-01", "country_from": "ES", "country_to": "LR", "value": "0", "unit": "kg"}, {"date": "2019-08-01", "country_from": "ES", "country_to": "LR", "value": "0", "unit": "kg"}, {"date": "2019-09-01", "country_from": "ES", "country_to": "LR", "value": "0", "unit": "kg"}, {"date": "2019-10-01", "country_from": "ES", "country_to": "LR", "value": "0", "unit": "kg"}, {"date": "2019-11-01", "country_from": "ES", "country_to": "LR", "value": "0", "unit": "kg"}, {"date": "2019-12-01", "country_from": "ES", "country_to": "LR", "value": "0", "unit": "kg"}, {"date": "2020-01-01", "country_from": "ES", "country_to": "LR", "value": "0", "unit": "kg"}, {"date": "2020-02-01", "country_from": "ES", "country_to": "LR", "value": "0", "unit": "kg"}, {"date": "2020-03-01", "country_from": "ES", "country_to": "LR", "value": "0", "unit": "kg"}, {"date": "2020-04-01", "country_from": "ES", "country_to": "LR", "value": "0", "unit": "kg"}, {"date": "2020-05-01", "country_from": "ES", "country_to": "LR", "value": "0", "unit": "kg"}, {"date": "2018-10-01", "country_from": "ES", "country_to": "LT", "value": "0", "unit": "kg"}, {"date": "2018-11-01", "country_from": "ES", "country_to": "LT", "value": "25", "unit": "kg"}, {"date": "2018-12-01", "country_from": "ES", "country_to": "LT", "value": "0", "unit": "kg"}, {"date": "2019-01-01", "country_from": "ES", "country_to": "LT", "value": "0", "unit": "kg"}, {"date": "2019-02-01", "country_from": "ES", "country_to": "LT", "value": "0", "unit": "kg"}, {"date": "2019-03-01", "country_from": "ES", "country_to": "LT", "value": "0", "unit": "kg"}, {"date": "2019-04-01", "country_from": "ES", "country_to": "LT", "value": "0", "unit": "kg"}, {"date": "2019-05-01", "country_from": "ES", "country_to": "LT", "value": "0", "unit": "kg"}, {"date": "2019-06-01", "country_from": "ES", "country_to": "LT", "value": "0", "unit": "kg"}, {"date": "2019-07-01", "country_from": "ES", "country_to": "LT", "value": "0", "unit": "kg"}, {"date": "2019-08-01", "country_from": "ES", "country_to": "LT", "value": "0", "unit": "kg"}, {"date": "2019-09-01", "country_from": "ES", "country_to": "LT", "value": "0", "unit": "kg"}, {"date": "2019-10-01", "country_from": "ES", "country_to": "LT", "value": "0", "unit": "kg"}, {"date": "2019-11-01", "country_from": "ES", "country_to": "LT", "value": "0", "unit": "kg"}, {"date": "2019-12-01", "country_from": "ES", "country_to": "LT", "value": "0", "unit": "kg"}, {"date": "2020-01-01", "country_from": "ES", "country_to": "LT", "value": "0", "unit": "kg"}, {"date": "2020-02-01", "country_from": "ES", "country_to": "LT", "value": "0", "unit": "kg"}, {"date": "2020-03-01", "country_from": "ES", "country_to": "LT", "value": "425", "unit": "kg"}, {"date": "2020-04-01", "country_from": "ES", "country_to": "LT", "value": "0", "unit": "kg"}, {"date": "2020-05-01", "country_from": "ES", "country_to": "LT", "value": "0", "unit": "kg"}, {"date": "2018-10-01", "country_from": "ES", "country_to": "LU", "value": "0", "unit": "kg"}, {"date": "2018-11-01", "country_from": "ES", "country_to": "LU", "value": "125", "unit": "kg"}, {"date": "2018-12-01", "country_from": "ES", "country_to": "LU", "value": "0", "unit": "kg"}, {"date": "2019-01-01", "country_from": "ES", "country_to": "LU", "value": "0", "unit": "kg"}, {"date": "2019-02-01", "country_from": "ES", "country_to": "LU", "value": "0", "unit": "kg"}, {"date": "2019-03-01", "country_from": "ES", "country_to": "LU", "value": "0", "unit": "kg"}, {"date": "2019-04-01", "country_from": "ES", "country_to": "LU", "value": "0", "unit": "kg"}, {"date": "2019-05-01", "country_from": "ES", "country_to": "LU", "value": "0", "unit": "kg"}, {"date": "2019-06-01", "country_from": "ES", "country_to": "LU", "value": "0", "unit": "kg"}, {"date": "2019-07-01", "country_from": "ES", "country_to": "LU", "value": "0", "unit": "kg"}, {"date": "2019-08-01", "country_from": "ES", "country_to": "LU", "value": "0", "unit": "kg"}, {"date": "2019-09-01", "country_from": "ES", "country_to": "LU", "value": "0", "unit": "kg"}, {"date": "2019-10-01", "country_from": "ES", "country_to": "LU", "value": "0", "unit": "kg"}, {"date": "2019-11-01", "country_from": "ES", "country_to": "LU", "value": "0", "unit": "kg"}, {"date": "2019-12-01", "country_from": "ES", "country_to": "LU", "value": "0", "unit": "kg"}, {"date": "2020-01-01", "country_from": "ES", "country_to": "LU", "value": "0", "unit": "kg"}, {"date": "2020-02-01", "country_from": "ES", "country_to": "LU", "value": "0", "unit": "kg"}, {"date": "2020-03-01", "country_from": "ES", "country_to": "LU", "value": "0", "unit": "kg"}, {"date": "2020-04-01", "country_from": "ES", "country_to": "LU", "value": "0", "unit": "kg"}, {"date": "2020-05-01", "country_from": "ES", "country_to": "LU", "value": "0", "unit": "kg"}, {"date": "2018-10-01", "country_from": "ES", "country_to": "RO", "value": "0", "unit": "kg"}, {"date": "2018-11-01", "country_from": "ES", "country_to": "RO", "value": "0", "unit": "kg"}, {"date": "2018-12-01", "country_from": "ES", "country_to": "RO", "value": "0", "unit": "kg"}, {"date": "2019-01-01", "country_from": "ES", "country_to": "RO", "value": "0", "unit": "kg"}, {"date": "2019-02-01", "country_from": "ES", "country_to": "RO", "value": "0", "unit": "kg"}, {"date": "2019-03-01", "country_from": "ES", "country_to": "RO", "value": "0", "unit": "kg"}, {"date": "2019-04-01", "country_from": "ES", "country_to": "RO", "value": "0", "unit": "kg"}, {"date": "2019-05-01", "country_from": "ES", "country_to": "RO", "value": "0", "unit": "kg"}, {"date": "2019-06-01", "country_from": "ES", "country_to": "RO", "value": "0", "unit": "kg"}, {"date": "2019-07-01", "country_from": "ES", "country_to": "RO", "value": "1007", "unit": "kg"}, {"date": "2019-08-01", "country_from": "ES", "country_to": "RO", "value": "0", "unit": "kg"}, {"date": "2019-09-01", "country_from": "ES", "country_to": "RO", "value": "5", "unit": "kg"}, {"date": "2019-10-01", "country_from": "ES", "country_to": "RO", "value": "1007", "unit": "kg"}, {"date": "2019-11-01", "country_from": "ES", "country_to": "RO", "value": "0", "unit": "kg"}, {"date": "2019-12-01", "country_from": "ES", "country_to": "RO", "value": "0", "unit": "kg"}, {"date": "2020-01-01", "country_from": "ES", "country_to": "RO", "value": "0", "unit": "kg"}, {"date": "2020-02-01", "country_from": "ES", "country_to": "RO", "value": "0", "unit": "kg"}, {"date": "2020-03-01", "country_from": "ES", "country_to": "RO", "value": "10", "unit": "kg"}, {"date": "2020-04-01", "country_from": "ES", "country_to": "RO", "value": "0", "unit": "kg"}, {"date": "2020-05-01", "country_from": "ES", "country_to": "RO", "value": "0", "unit": "kg"}, {"date": "2018-10-01", "country_from": "ES", "country_to": "RU", "value": "0", "unit": "kg"}, {"date": "2018-11-01", "country_from": "ES", "country_to": "RU", "value": "0", "unit": "kg"}, {"date": "2018-12-01", "country_from": "ES", "country_to": "RU", "value": "0", "unit": "kg"}, {"date": "2019-01-01", "country_from": "ES", "country_to": "RU", "value": "450", "unit": "kg"}, {"date": "2019-02-01", "country_from": "ES", "country_to": "RU", "value": "0", "unit": "kg"}, {"date": "2019-03-01", "country_from": "ES", "country_to": "RU", "value": "440", "unit": "kg"}, {"date": "2019-04-01", "country_from": "ES", "country_to": "RU", "value": "0", "unit": "kg"}, {"date": "2019-05-01", "country_from": "ES", "country_to": "RU", "value": "0", "unit": "kg"}, {"date": "2019-06-01", "country_from": "ES", "country_to": "RU", "value": "0", "unit": "kg"}, {"date": "2019-07-01", "country_from": "ES", "country_to": "RU", "value": "0", "unit": "kg"}, {"date": "2019-08-01", "country_from": "ES", "country_to": "RU", "value": "0", "unit": "kg"}, {"date": "2019-09-01", "country_from": "ES", "country_to": "RU", "value": "0", "unit": "kg"}, {"date": "2019-10-01", "country_from": "ES", "country_to": "RU", "value": "440", "unit": "kg"}, {"date": "2019-11-01", "country_from": "ES", "country_to": "RU", "value": "0", "unit": "kg"}, {"date": "2019-12-01", "country_from": "ES", "country_to": "RU", "value": "0", "unit": "kg"}, {"date": "2020-01-01", "country_from": "ES", "country_to": "RU", "value": "0", "unit": "kg"}, {"date": "2020-02-01", "country_from": "ES", "country_to": "RU", "value": "0", "unit": "kg"}, {"date": "2020-03-01", "country_from": "ES", "country_to": "RU", "value": "440", "unit": "kg"}, {"date": "2020-04-01", "country_from": "ES", "country_to": "RU", "value": "0", "unit": "kg"}, {"date": "2020-05-01", "country_from": "ES", "country_to": "RU", "value": "0", "unit": "kg"}, {"date": "2018-10-01", "country_from": "ES", "country_to": "SA", "value": "0", "unit": "kg"}, {"date": "2018-11-01", "country_from": "ES", "country_to": "SA", "value": "0", "unit": "kg"}, {"date": "2018-12-01", "country_from": "ES", "country_to": "SA", "value": "0", "unit": "kg"}, {"date": "2019-01-01", "country_from": "ES", "country_to": "SA", "value": "0", "unit": "kg"}, {"date": "2019-02-01", "country_from": "ES", "country_to": "SA", "value": "0", "unit": "kg"}, {"date": "2019-03-01", "country_from": "ES", "country_to": "SA", "value": "0", "unit": "kg"}, {"date": "2019-04-01", "country_from": "ES", "country_to": "SA", "value": "0", "unit": "kg"}, {"date": "2019-05-01", "country_from": "ES", "country_to": "SA", "value": "0", "unit": "kg"}, {"date": "2019-06-01", "country_from": "ES", "country_to": "SA", "value": "0", "unit": "kg"}, {"date": "2019-07-01", "country_from": "ES", "country_to": "SA", "value": "0", "unit": "kg"}, {"date": "2019-08-01", "country_from": "ES", "country_to": "SA", "value": "0", "unit": "kg"}, {"date": "2019-09-01", "country_from": "ES", "country_to": "SA", "value": "0", "unit": "kg"}, {"date": "2019-10-01", "country_from": "ES", "country_to": "SA", "value": "0", "unit": "kg"}, {"date": "2019-11-01", "country_from": "ES", "country_to": "SA", "value": "0", "unit": "kg"}, {"date": "2019-12-01", "country_from": "ES", "country_to": "SA", "value": "0", "unit": "kg"}, {"date": "2020-01-01", "country_from": "ES", "country_to": "SA", "value": "0", "unit": "kg"}, {"date": "2020-02-01", "country_from": "ES", "country_to": "SA", "value": "132", "unit": "kg"}, {"date": "2020-03-01", "country_from": "ES", "country_to": "SA", "value": "0", "unit": "kg"}, {"date": "2020-04-01", "country_from": "ES", "country_to": "SA", "value": "0", "unit": "kg"}, {"date": "2020-05-01", "country_from": "ES", "country_to": "SA", "value": "0", "unit": "kg"}, {"date": "2018-10-01", "country_from": "ES", "country_to": "NZ", "value": "0", "unit": "kg"}, {"date": "2018-11-01", "country_from": "ES", "country_to": "NZ", "value": "0", "unit": "kg"}, {"date": "2018-12-01", "country_from": "ES", "country_to": "NZ", "value": "0", "unit": "kg"}, {"date": "2019-01-01", "country_from": "ES", "country_to": "NZ", "value": "0", "unit": "kg"}, {"date": "2019-02-01", "country_from": "ES", "country_to": "NZ", "value": "0", "unit": "kg"}, {"date": "2019-03-01", "country_from": "ES", "country_to": "NZ", "value": "0", "unit": "kg"}, {"date": "2019-04-01", "country_from": "ES", "country_to": "NZ", "value": "0", "unit": "kg"}, {"date": "2019-05-01", "country_from": "ES", "country_to": "NZ", "value": "0", "unit": "kg"}, {"date": "2019-06-01", "country_from": "ES", "country_to": "NZ", "value": "0", "unit": "kg"}, {"date": "2019-07-01", "country_from": "ES", "country_to": "NZ", "value": "0", "unit": "kg"}, {"date": "2019-08-01", "country_from": "ES", "country_to": "NZ", "value": "0", "unit": "kg"}, {"date": "2019-09-01", "country_from": "ES", "country_to": "NZ", "value": "257", "unit": "kg"}, {"date": "2019-10-01", "country_from": "ES", "country_to": "NZ", "value": "0", "unit": "kg"}, {"date": "2019-11-01", "country_from": "ES", "country_to": "NZ", "value": "0", "unit": "kg"}, {"date": "2019-12-01", "country_from": "ES", "country_to": "NZ", "value": "0", "unit": "kg"}, {"date": "2020-01-01", "country_from": "ES", "country_to": "NZ", "value": "0", "unit": "kg"}, {"date": "2020-02-01", "country_from": "ES", "country_to": "NZ", "value": "0", "unit": "kg"}, {"date": "2020-03-01", "country_from": "ES", "country_to": "NZ", "value": "0", "unit": "kg"}, {"date": "2020-04-01", "country_from": "ES", "country_to": "NZ", "value": "0", "unit": "kg"}, {"date": "2020-05-01", "country_from": "ES", "country_to": "NZ", "value": "0", "unit": "kg"}, {"date": "2018-10-01", "country_from": "ES", "country_to": "NO", "value": "0", "unit": "kg"}, {"date": "2018-11-01", "country_from": "ES", "country_to": "NO", "value": "0", "unit": "kg"}, {"date": "2018-12-01", "country_from": "ES", "country_to": "NO", "value": "0", "unit": "kg"}, {"date": "2019-01-01", "country_from": "ES", "country_to": "NO", "value": "0", "unit": "kg"}, {"date": "2019-02-01", "country_from": "ES", "country_to": "NO", "value": "0", "unit": "kg"}, {"date": "2019-03-01", "country_from": "ES", "country_to": "NO", "value": "0", "unit": "kg"}, {"date": "2019-04-01", "country_from": "ES", "country_to": "NO", "value": "0", "unit": "kg"}, {"date": "2019-05-01", "country_from": "ES", "country_to": "NO", "value": "0", "unit": "kg"}, {"date": "2019-06-01", "country_from": "ES", "country_to": "NO", "value": "0", "unit": "kg"}, {"date": "2019-07-01", "country_from": "ES", "country_to": "NO", "value": "0", "unit": "kg"}, {"date": "2019-08-01", "country_from": "ES", "country_to": "NO", "value": "300", "unit": "kg"}, {"date": "2019-09-01", "country_from": "ES", "country_to": "NO", "value": "0", "unit": "kg"}, {"date": "2019-10-01", "country_from": "ES", "country_to": "NO", "value": "0", "unit": "kg"}, {"date": "2019-11-01", "country_from": "ES", "country_to": "NO", "value": "0", "unit": "kg"}, {"date": "2019-12-01", "country_from": "ES", "country_to": "NO", "value": "0", "unit": "kg"}, {"date": "2020-01-01", "country_from": "ES", "country_to": "NO", "value": "0", "unit": "kg"}, {"date": "2020-02-01", "country_from": "ES", "country_to": "NO", "value": "0", "unit": "kg"}, {"date": "2020-03-01", "country_from": "ES", "country_to": "NO", "value": "0", "unit": "kg"}, {"date": "2020-04-01", "country_from": "ES", "country_to": "NO", "value": "0", "unit": "kg"}, {"date": "2020-05-01", "country_from": "ES", "country_to": "NO", "value": "0", "unit": "kg"}, {"date": "2018-10-01", "country_from": "ES", "country_to": "PA", "value": "0", "unit": "kg"}, {"date": "2018-11-01", "country_from": "ES", "country_to": "PA", "value": "0", "unit": "kg"}, {"date": "2018-12-01", "country_from": "ES", "country_to": "PA", "value": "0", "unit": "kg"}, {"date": "2019-01-01", "country_from": "ES", "country_to": "PA", "value": "0", "unit": "kg"}, {"date": "2019-02-01", "country_from": "ES", "country_to": "PA", "value": "840", "unit": "kg"}, {"date": "2019-03-01", "country_from": "ES", "country_to": "PA", "value": "0", "unit": "kg"}, {"date": "2019-04-01", "country_from": "ES", "country_to": "PA", "value": "0", "unit": "kg"}, {"date": "2019-05-01", "country_from": "ES", "country_to": "PA", "value": "0", "unit": "kg"}, {"date": "2019-06-01", "country_from": "ES", "country_to": "PA", "value": "0", "unit": "kg"}, {"date": "2019-07-01", "country_from": "ES", "country_to": "PA", "value": "0", "unit": "kg"}, {"date": "2019-08-01", "country_from": "ES", "country_to": "PA", "value": "0", "unit": "kg"}, {"date": "2019-09-01", "country_from": "ES", "country_to": "PA", "value": "0", "unit": "kg"}, {"date": "2019-10-01", "country_from": "ES", "country_to": "PA", "value": "0", "unit": "kg"}, {"date": "2019-11-01", "country_from": "ES", "country_to": "PA", "value": "0", "unit": "kg"}, {"date": "2019-12-01", "country_from": "ES", "country_to": "PA", "value": "0", "unit": "kg"}, {"date": "2020-01-01", "country_from": "ES", "country_to": "PA", "value": "0", "unit": "kg"}, {"date": "2020-02-01", "country_from": "ES", "country_to": "PA", "value": "0", "unit": "kg"}, {"date": "2020-03-01", "country_from": "ES", "country_to": "PA", "value": "0", "unit": "kg"}, {"date": "2020-04-01", "country_from": "ES", "country_to": "PA", "value": "0", "unit": "kg"}, {"date": "2020-05-01", "country_from": "ES", "country_to": "PA", "value": "0", "unit": "kg"}, {"date": "2018-10-01", "country_from": "ES", "country_to": "PH", "value": "0", "unit": "kg"}, {"date": "2018-11-01", "country_from": "ES", "country_to": "PH", "value": "0", "unit": "kg"}, {"date": "2018-12-01", "country_from": "ES", "country_to": "PH", "value": "0", "unit": "kg"}, {"date": "2019-01-01", "country_from": "ES", "country_to": "PH", "value": "0", "unit": "kg"}, {"date": "2019-02-01", "country_from": "ES", "country_to": "PH", "value": "0", "unit": "kg"}, {"date": "2019-03-01", "country_from": "ES", "country_to": "PH", "value": "0", "unit": "kg"}, {"date": "2019-04-01", "country_from": "ES", "country_to": "PH", "value": "0", "unit": "kg"}, {"date": "2019-05-01", "country_from": "ES", "country_to": "PH", "value": "0", "unit": "kg"}, {"date": "2019-06-01", "country_from": "ES", "country_to": "PH", "value": "0", "unit": "kg"}, {"date": "2019-07-01", "country_from": "ES", "country_to": "PH", "value": "0", "unit": "kg"}, {"date": "2019-08-01", "country_from": "ES", "country_to": "PH", "value": "0", "unit": "kg"}, {"date": "2019-09-01", "country_from": "ES", "country_to": "PH", "value": "0", "unit": "kg"}, {"date": "2019-10-01", "country_from": "ES", "country_to": "PH", "value": "0", "unit": "kg"}, {"date": "2019-11-01", "country_from": "ES", "country_to": "PH", "value": "0", "unit": "kg"}, {"date": "2019-12-01", "country_from": "ES", "country_to": "PH", "value": "0", "unit": "kg"}, {"date": "2020-01-01", "country_from": "ES", "country_to": "PH", "value": "0", "unit": "kg"}, {"date": "2020-02-01", "country_from": "ES", "country_to": "PH", "value": "150", "unit": "kg"}, {"date": "2020-03-01", "country_from": "ES", "country_to": "PH", "value": "0", "unit": "kg"}, {"date": "2020-04-01", "country_from": "ES", "country_to": "PH", "value": "0", "unit": "kg"}, {"date": "2020-05-01", "country_from": "ES", "country_to": "PH", "value": "0", "unit": "kg"}, {"date": "2018-10-01", "country_from": "ES", "country_to": "PL", "value": "0", "unit": "kg"}, {"date": "2018-11-01", "country_from": "ES", "country_to": "PL", "value": "0", "unit": "kg"}, {"date": "2018-12-01", "country_from": "ES", "country_to": "PL", "value": "50000", "unit": "kg"}, {"date": "2019-01-01", "country_from": "ES", "country_to": "PL", "value": "0", "unit": "kg"}, {"date": "2019-02-01", "country_from": "ES", "country_to": "PL", "value": "0", "unit": "kg"}, {"date": "2019-03-01", "country_from": "ES", "country_to": "PL", "value": "0", "unit": "kg"}, {"date": "2019-04-01", "country_from": "ES", "country_to": "PL", "value": "0", "unit": "kg"}, {"date": "2019-05-01", "country_from": "ES", "country_to": "PL", "value": "0", "unit": "kg"}, {"date": "2019-06-01", "country_from": "ES", "country_to": "PL", "value": "0", "unit": "kg"}, {"date": "2019-07-01", "country_from": "ES", "country_to": "PL", "value": "0", "unit": "kg"}, {"date": "2019-08-01", "country_from": "ES", "country_to": "PL", "value": "0", "unit": "kg"}, {"date": "2019-09-01", "country_from": "ES", "country_to": "PL", "value": "50000", "unit": "kg"}, {"date": "2019-10-01", "country_from": "ES", "country_to": "PL", "value": "0", "unit": "kg"}, {"date": "2019-11-01", "country_from": "ES", "country_to": "PL", "value": "0", "unit": "kg"}, {"date": "2019-12-01", "country_from": "ES", "country_to": "PL", "value": "0", "unit": "kg"}, {"date": "2020-01-01", "country_from": "ES", "country_to": "PL", "value": "0", "unit": "kg"}, {"date": "2020-02-01", "country_from": "ES", "country_to": "PL", "value": "0", "unit": "kg"}, {"date": "2020-03-01", "country_from": "ES", "country_to": "PL", "value": "0", "unit": "kg"}, {"date": "2020-04-01", "country_from": "ES", "country_to": "PL", "value": "0", "unit": "kg"}, {"date": "2020-05-01", "country_from": "ES", "country_to": "PL", "value": "0", "unit": "kg"}, {"date": "2018-10-01", "country_from": "ES", "country_to": "BH", "value": "0", "unit": "kg"}, {"date": "2018-11-01", "country_from": "ES", "country_to": "BH", "value": "0", "unit": "kg"}, {"date": "2018-12-01", "country_from": "ES", "country_to": "BH", "value": "0", "unit": "kg"}, {"date": "2019-01-01", "country_from": "ES", "country_to": "BH", "value": "150", "unit": "kg"}, {"date": "2019-02-01", "country_from": "ES", "country_to": "BH", "value": "0", "unit": "kg"}, {"date": "2019-03-01", "country_from": "ES", "country_to": "BH", "value": "0", "unit": "kg"}, {"date": "2019-04-01", "country_from": "ES", "country_to": "BH", "value": "0", "unit": "kg"}, {"date": "2019-05-01", "country_from": "ES", "country_to": "BH", "value": "0", "unit": "kg"}, {"date": "2019-06-01", "country_from": "ES", "country_to": "BH", "value": "0", "unit": "kg"}, {"date": "2019-07-01", "country_from": "ES", "country_to": "BH", "value": "0", "unit": "kg"}, {"date": "2019-08-01", "country_from": "ES", "country_to": "BH", "value": "0", "unit": "kg"}, {"date": "2019-09-01", "country_from": "ES", "country_to": "BH", "value": "0", "unit": "kg"}, {"date": "2019-10-01", "country_from": "ES", "country_to": "BH", "value": "0", "unit": "kg"}, {"date": "2019-11-01", "country_from": "ES", "country_to": "BH", "value": "0", "unit": "kg"}, {"date": "2019-12-01", "country_from": "ES", "country_to": "BH", "value": "0", "unit": "kg"}, {"date": "2020-01-01", "country_from": "ES", "country_to": "BH", "value": "0", "unit": "kg"}, {"date": "2020-02-01", "country_from": "ES", "country_to": "BH", "value": "0", "unit": "kg"}, {"date": "2020-03-01", "country_from": "ES", "country_to": "BH", "value": "0", "unit": "kg"}, {"date": "2020-04-01", "country_from": "ES", "country_to": "BH", "value": "0", "unit": "kg"}, {"date": "2020-05-01", "country_from": "ES", "country_to": "BH", "value": "0", "unit": "kg"}, {"date": "2018-10-01", "country_from": "ES", "country_to": "BR", "value": "0", "unit": "kg"}, {"date": "2018-11-01", "country_from": "ES", "country_to": "BR", "value": "0", "unit": "kg"}, {"date": "2018-12-01", "country_from": "ES", "country_to": "BR", "value": "0", "unit": "kg"}, {"date": "2019-01-01", "country_from": "ES", "country_to": "BR", "value": "0", "unit": "kg"}, {"date": "2019-02-01", "country_from": "ES", "country_to": "BR", "value": "240", "unit": "kg"}, {"date": "2019-03-01", "country_from": "ES", "country_to": "BR", "value": "0", "unit": "kg"}, {"date": "2019-04-01", "country_from": "ES", "country_to": "BR", "value": "0", "unit": "kg"}, {"date": "2019-05-01", "country_from": "ES", "country_to": "BR", "value": "0", "unit": "kg"}, {"date": "2019-06-01", "country_from": "ES", "country_to": "BR", "value": "0", "unit": "kg"}, {"date": "2019-07-01", "country_from": "ES", "country_to": "BR", "value": "0", "unit": "kg"}, {"date": "2019-08-01", "country_from": "ES", "country_to": "BR", "value": "0", "unit": "kg"}, {"date": "2019-09-01", "country_from": "ES", "country_to": "BR", "value": "0", "unit": "kg"}, {"date": "2019-10-01", "country_from": "ES", "country_to": "BR", "value": "0", "unit": "kg"}, {"date": "2019-11-01", "country_from": "ES", "country_to": "BR", "value": "0", "unit": "kg"}, {"date": "2019-12-01", "country_from": "ES", "country_to": "BR", "value": "0", "unit": "kg"}, {"date": "2020-01-01", "country_from": "ES", "country_to": "BR", "value": "0", "unit": "kg"}, {"date": "2020-02-01", "country_from": "ES", "country_to": "BR", "value": "0", "unit": "kg"}, {"date": "2020-03-01", "country_from": "ES", "country_to": "BR", "value": "0", "unit": "kg"}, {"date": "2020-04-01", "country_from": "ES", "country_to": "BR", "value": "0", "unit": "kg"}, {"date": "2020-05-01", "country_from": "ES", "country_to": "BR", "value": "0", "unit": "kg"}, {"date": "2018-10-01", "country_from": "ES", "country_to": "CA", "value": "0", "unit": "kg"}, {"date": "2018-11-01", "country_from": "ES", "country_to": "CA", "value": "0", "unit": "kg"}, {"date": "2018-12-01", "country_from": "ES", "country_to": "CA", "value": "0", "unit": "kg"}, {"date": "2019-01-01", "country_from": "ES", "country_to": "CA", "value": "0", "unit": "kg"}, {"date": "2019-02-01", "country_from": "ES", "country_to": "CA", "value": "0", "unit": "kg"}, {"date": "2019-03-01", "country_from": "ES", "country_to": "CA", "value": "0", "unit": "kg"}, {"date": "2019-04-01", "country_from": "ES", "country_to": "CA", "value": "0", "unit": "kg"}, {"date": "2019-05-01", "country_from": "ES", "country_to": "CA", "value": "0", "unit": "kg"}, {"date": "2019-06-01", "country_from": "ES", "country_to": "CA", "value": "0", "unit": "kg"}, {"date": "2019-07-01", "country_from": "ES", "country_to": "CA", "value": "0", "unit": "kg"}, {"date": "2019-08-01", "country_from": "ES", "country_to": "CA", "value": "0", "unit": "kg"}, {"date": "2019-09-01", "country_from": "ES", "country_to": "CA", "value": "0", "unit": "kg"}, {"date": "2019-10-01", "country_from": "ES", "country_to": "CA", "value": "0", "unit": "kg"}, {"date": "2019-11-01", "country_from": "ES", "country_to": "CA", "value": "31500", "unit": "kg"}, {"date": "2019-12-01", "country_from": "ES", "country_to": "CA", "value": "0", "unit": "kg"}, {"date": "2020-01-01", "country_from": "ES", "country_to": "CA", "value": "0", "unit": "kg"}, {"date": "2020-02-01", "country_from": "ES", "country_to": "CA", "value": "10148", "unit": "kg"}, {"date": "2020-03-01", "country_from": "ES", "country_to": "CA", "value": "0", "unit": "kg"}, {"date": "2020-04-01", "country_from": "ES", "country_to": "CA", "value": "0", "unit": "kg"}, {"date": "2020-05-01", "country_from": "ES", "country_to": "CA", "value": "0", "unit": "kg"}, {"date": "2018-10-01", "country_from": "ES", "country_to": "CV", "value": "0", "unit": "kg"}, {"date": "2018-11-01", "country_from": "ES", "country_to": "CV", "value": "0", "unit": "kg"}, {"date": "2018-12-01", "country_from": "ES", "country_to": "CV", "value": "0", "unit": "kg"}, {"date": "2019-01-01", "country_from": "ES", "country_to": "CV", "value": "0", "unit": "kg"}, {"date": "2019-02-01", "country_from": "ES", "country_to": "CV", "value": "60", "unit": "kg"}, {"date": "2019-03-01", "country_from": "ES", "country_to": "CV", "value": "156", "unit": "kg"}, {"date": "2019-04-01", "country_from": "ES", "country_to": "CV", "value": "0", "unit": "kg"}, {"date": "2019-05-01", "country_from": "ES", "country_to": "CV", "value": "0", "unit": "kg"}, {"date": "2019-06-01", "country_from": "ES", "country_to": "CV", "value": "0", "unit": "kg"}, {"date": "2019-07-01", "country_from": "ES", "country_to": "CV", "value": "0", "unit": "kg"}, {"date": "2019-08-01", "country_from": "ES", "country_to": "CV", "value": "0", "unit": "kg"}, {"date": "2019-09-01", "country_from": "ES", "country_to": "CV", "value": "0", "unit": "kg"}, {"date": "2019-10-01", "country_from": "ES", "country_to": "CV", "value": "0", "unit": "kg"}, {"date": "2019-11-01", "country_from": "ES", "country_to": "CV", "value": "0", "unit": "kg"}, {"date": "2019-12-01", "country_from": "ES", "country_to": "CV", "value": "0", "unit": "kg"}, {"date": "2020-01-01", "country_from": "ES", "country_to": "CV", "value": "0", "unit": "kg"}, {"date": "2020-02-01", "country_from": "ES", "country_to": "CV", "value": "0", "unit": "kg"}, {"date": "2020-03-01", "country_from": "ES", "country_to": "CV", "value": "0", "unit": "kg"}, {"date": "2020-04-01", "country_from": "ES", "country_to": "CV", "value": "0", "unit": "kg"}, {"date": "2020-05-01", "country_from": "ES", "country_to": "CV", "value": "0", "unit": "kg"}, {"date": "2018-10-01", "country_from": "ES", "country_to": "-", "value": "0", "unit": "kg"}, {"date": "2018-11-01", "country_from": "ES", "country_to": "-", "value": "20", "unit": "kg"}, {"date": "2018-12-01", "country_from": "ES", "country_to": "-", "value": "0", "unit": "kg"}, {"date": "2019-01-01", "country_from": "ES", "country_to": "-", "value": "0", "unit": "kg"}, {"date": "2019-02-01", "country_from": "ES", "country_to": "-", "value": "0", "unit": "kg"}, {"date": "2019-03-01", "country_from": "ES", "country_to": "-", "value": "20", "unit": "kg"}, {"date": "2019-04-01", "country_from": "ES", "country_to": "-", "value": "0", "unit": "kg"}, {"date": "2019-05-01", "country_from": "ES", "country_to": "-", "value": "0", "unit": "kg"}, {"date": "2019-06-01", "country_from": "ES", "country_to": "-", "value": "0", "unit": "kg"}, {"date": "2019-07-01", "country_from": "ES", "country_to": "-", "value": "0", "unit": "kg"}, {"date": "2019-08-01", "country_from": "ES", "country_to": "-", "value": "0", "unit": "kg"}, {"date": "2019-09-01", "country_from": "ES", "country_to": "-", "value": "0", "unit": "kg"}, {"date": "2019-10-01", "country_from": "ES", "country_to": "-", "value": "0", "unit": "kg"}, {"date": "2019-11-01", "country_from": "ES", "country_to": "-", "value": "12", "unit": "kg"}, {"date": "2019-12-01", "country_from": "ES", "country_to": "-", "value": "0", "unit": "kg"}, {"date": "2020-01-01", "country_from": "ES", "country_to": "-", "value": "0", "unit": "kg"}, {"date": "2020-02-01", "country_from": "ES", "country_to": "-", "value": "0", "unit": "kg"}, {"date": "2020-03-01", "country_from": "ES", "country_to": "-", "value": "0", "unit": "kg"}, {"date": "2020-04-01", "country_from": "ES", "country_to": "-", "value": "0", "unit": "kg"}, {"date": "2020-05-01", "country_from": "ES", "country_to": "-", "value": "0", "unit": "kg"}, {"date": "2018-10-01", "country_from": "ES", "country_to": "GR", "value": "0", "unit": "kg"}, {"date": "2018-11-01", "country_from": "ES", "country_to": "GR", "value": "303", "unit": "kg"}, {"date": "2018-12-01", "country_from": "ES", "country_to": "GR", "value": "0", "unit": "kg"}, {"date": "2019-01-01", "country_from": "ES", "country_to": "GR", "value": "0", "unit": "kg"}, {"date": "2019-02-01", "country_from": "ES", "country_to": "GR", "value": "0", "unit": "kg"}, {"date": "2019-03-01", "country_from": "ES", "country_to": "GR", "value": "0", "unit": "kg"}, {"date": "2019-04-01", "country_from": "ES", "country_to": "GR", "value": "0", "unit": "kg"}, {"date": "2019-05-01", "country_from": "ES", "country_to": "GR", "value": "0", "unit": "kg"}, {"date": "2019-06-01", "country_from": "ES", "country_to": "GR", "value": "0", "unit": "kg"}, {"date": "2019-07-01", "country_from": "ES", "country_to": "GR", "value": "0", "unit": "kg"}, {"date": "2019-08-01", "country_from": "ES", "country_to": "GR", "value": "0", "unit": "kg"}, {"date": "2019-09-01", "country_from": "ES", "country_to": "GR", "value": "0", "unit": "kg"}, {"date": "2019-10-01", "country_from": "ES", "country_to": "GR", "value": "0", "unit": "kg"}, {"date": "2019-11-01", "country_from": "ES", "country_to": "GR", "value": "0", "unit": "kg"}, {"date": "2019-12-01", "country_from": "ES", "country_to": "GR", "value": "0", "unit": "kg"}, {"date": "2020-01-01", "country_from": "ES", "country_to": "GR", "value": "0", "unit": "kg"}, {"date": "2020-02-01", "country_from": "ES", "country_to": "GR", "value": "0", "unit": "kg"}, {"date": "2020-03-01", "country_from": "ES", "country_to": "GR", "value": "0", "unit": "kg"}, {"date": "2020-04-01", "country_from": "ES", "country_to": "GR", "value": "0", "unit": "kg"}, {"date": "2020-05-01", "country_from": "ES", "country_to": "GR", "value": "0", "unit": "kg"}, {"date": "2018-10-01", "country_from": "ES", "country_to": "GT", "value": "0", "unit": "kg"}, {"date": "2018-11-01", "country_from": "ES", "country_to": "GT", "value": "0", "unit": "kg"}, {"date": "2018-12-01", "country_from": "ES", "country_to": "GT", "value": "0", "unit": "kg"}, {"date": "2019-01-01", "country_from": "ES", "country_to": "GT", "value": "0", "unit": "kg"}, {"date": "2019-02-01", "country_from": "ES", "country_to": "GT", "value": "0", "unit": "kg"}, {"date": "2019-03-01", "country_from": "ES", "country_to": "GT", "value": "0", "unit": "kg"}, {"date": "2019-04-01", "country_from": "ES", "country_to": "GT", "value": "0", "unit": "kg"}, {"date": "2019-05-01", "country_from": "ES", "country_to": "GT", "value": "0", "unit": "kg"}, {"date": "2019-06-01", "country_from": "ES", "country_to": "GT", "value": "0", "unit": "kg"}, {"date": "2019-07-01", "country_from": "ES", "country_to": "GT", "value": "0", "unit": "kg"}, {"date": "2019-08-01", "country_from": "ES", "country_to": "GT", "value": "0", "unit": "kg"}, {"date": "2019-09-01", "country_from": "ES", "country_to": "GT", "value": "0", "unit": "kg"}, {"date": "2019-10-01", "country_from": "ES", "country_to": "GT", "value": "0", "unit": "kg"}, {"date": "2019-11-01", "country_from": "ES", "country_to": "GT", "value": "400", "unit": "kg"}, {"date": "2019-12-01", "country_from": "ES", "country_to": "GT", "value": "0", "unit": "kg"}, {"date": "2020-01-01", "country_from": "ES", "country_to": "GT", "value": "0", "unit": "kg"}, {"date": "2020-02-01", "country_from": "ES", "country_to": "GT", "value": "0", "unit": "kg"}, {"date": "2020-03-01", "country_from": "ES", "country_to": "GT", "value": "0", "unit": "kg"}, {"date": "2020-04-01", "country_from": "ES", "country_to": "GT", "value": "0", "unit": "kg"}, {"date": "2020-05-01", "country_from": "ES", "country_to": "GT", "value": "0", "unit": "kg"}, {"date": "2018-10-01", "country_from": "ES", "country_to": "HT", "value": "0", "unit": "kg"}, {"date": "2018-11-01", "country_from": "ES", "country_to": "HT", "value": "0", "unit": "kg"}, {"date": "2018-12-01", "country_from": "ES", "country_to": "HT", "value": "0", "unit": "kg"}, {"date": "2019-01-01", "country_from": "ES", "country_to": "HT", "value": "0", "unit": "kg"}, {"date": "2019-02-01", "country_from": "ES", "country_to": "HT", "value": "0", "unit": "kg"}, {"date": "2019-03-01", "country_from": "ES", "country_to": "HT", "value": "8100", "unit": "kg"}, {"date": "2019-04-01", "country_from": "ES", "country_to": "HT", "value": "0", "unit": "kg"}, {"date": "2019-05-01", "country_from": "ES", "country_to": "HT", "value": "0", "unit": "kg"}, {"date": "2019-06-01", "country_from": "ES", "country_to": "HT", "value": "0", "unit": "kg"}, {"date": "2019-07-01", "country_from": "ES", "country_to": "HT", "value": "0", "unit": "kg"}, {"date": "2019-08-01", "country_from": "ES", "country_to": "HT", "value": "0", "unit": "kg"}, {"date": "2019-09-01", "country_from": "ES", "country_to": "HT", "value": "0", "unit": "kg"}, {"date": "2019-10-01", "country_from": "ES", "country_to": "HT", "value": "0", "unit": "kg"}, {"date": "2019-11-01", "country_from": "ES", "country_to": "HT", "value": "0", "unit": "kg"}, {"date": "2019-12-01", "country_from": "ES", "country_to": "HT", "value": "0", "unit": "kg"}, {"date": "2020-01-01", "country_from": "ES", "country_to": "HT", "value": "0", "unit": "kg"}, {"date": "2020-02-01", "country_from": "ES", "country_to": "HT", "value": "0", "unit": "kg"}, {"date": "2020-03-01", "country_from": "ES", "country_to": "HT", "value": "0", "unit": "kg"}, {"date": "2020-04-01", "country_from": "ES", "country_to": "HT", "value": "0", "unit": "kg"}, {"date": "2020-05-01", "country_from": "ES", "country_to": "HT", "value": "0", "unit": "kg"}, {"date": "2018-10-01", "country_from": "ES", "country_to": "HU", "value": "0", "unit": "kg"}, {"date": "2018-11-01", "country_from": "ES", "country_to": "HU", "value": "1680", "unit": "kg"}, {"date": "2018-12-01", "country_from": "ES", "country_to": "HU", "value": "0", "unit": "kg"}, {"date": "2019-01-01", "country_from": "ES", "country_to": "HU", "value": "0", "unit": "kg"}, {"date": "2019-02-01", "country_from": "ES", "country_to": "HU", "value": "0", "unit": "kg"}, {"date": "2019-03-01", "country_from": "ES", "country_to": "HU", "value": "1680", "unit": "kg"}, {"date": "2019-04-01", "country_from": "ES", "country_to": "HU", "value": "0", "unit": "kg"}, {"date": "2019-05-01", "country_from": "ES", "country_to": "HU", "value": "0", "unit": "kg"}, {"date": "2019-06-01", "country_from": "ES", "country_to": "HU", "value": "0", "unit": "kg"}, {"date": "2019-07-01", "country_from": "ES", "country_to": "HU", "value": "0", "unit": "kg"}, {"date": "2019-08-01", "country_from": "ES", "country_to": "HU", "value": "0", "unit": "kg"}, {"date": "2019-09-01", "country_from": "ES", "country_to": "HU", "value": "0", "unit": "kg"}, {"date": "2019-10-01", "country_from": "ES", "country_to": "HU", "value": "0", "unit": "kg"}, {"date": "2019-11-01", "country_from": "ES", "country_to": "HU", "value": "0", "unit": "kg"}, {"date": "2019-12-01", "country_from": "ES", "country_to": "HU", "value": "0", "unit": "kg"}, {"date": "2020-01-01", "country_from": "ES", "country_to": "HU", "value": "0", "unit": "kg"}, {"date": "2020-02-01", "country_from": "ES", "country_to": "HU", "value": "0", "unit": "kg"}, {"date": "2020-03-01", "country_from": "ES", "country_to": "HU", "value": "0", "unit": "kg"}, {"date": "2020-04-01", "country_from": "ES", "country_to": "HU", "value": "0", "unit": "kg"}, {"date": "2020-05-01", "country_from": "ES", "country_to": "HU", "value": "0", "unit": "kg"}, {"date": "2018-10-01", "country_from": "ES", "country_to": "IE", "value": "0", "unit": "kg"}, {"date": "2018-11-01", "country_from": "ES", "country_to": "IE", "value": "0", "unit": "kg"}, {"date": "2018-12-01", "country_from": "ES", "country_to": "IE", "value": "0", "unit": "kg"}, {"date": "2019-01-01", "country_from": "ES", "country_to": "IE", "value": "0", "unit": "kg"}, {"date": "2019-02-01", "country_from": "ES", "country_to": "IE", "value": "0", "unit": "kg"}, {"date": "2019-03-01", "country_from": "ES", "country_to": "IE", "value": "0", "unit": "kg"}, {"date": "2019-04-01", "country_from": "ES", "country_to": "IE", "value": "0", "unit": "kg"}, {"date": "2019-05-01", "country_from": "ES", "country_to": "IE", "value": "0", "unit": "kg"}, {"date": "2019-06-01", "country_from": "ES", "country_to": "IE", "value": "10", "unit": "kg"}, {"date": "2019-07-01", "country_from": "ES", "country_to": "IE", "value": "0", "unit": "kg"}, {"date": "2019-08-01", "country_from": "ES", "country_to": "IE", "value": "0", "unit": "kg"}, {"date": "2019-09-01", "country_from": "ES", "country_to": "IE", "value": "0", "unit": "kg"}, {"date": "2019-10-01", "country_from": "ES", "country_to": "IE", "value": "0", "unit": "kg"}, {"date": "2019-11-01", "country_from": "ES", "country_to": "IE", "value": "0", "unit": "kg"}, {"date": "2019-12-01", "country_from": "ES", "country_to": "IE", "value": "0", "unit": "kg"}, {"date": "2020-01-01", "country_from": "ES", "country_to": "IE", "value": "0", "unit": "kg"}, {"date": "2020-02-01", "country_from": "ES", "country_to": "IE", "value": "0", "unit": "kg"}, {"date": "2020-03-01", "country_from": "ES", "country_to": "IE", "value": "180", "unit": "kg"}, {"date": "2020-04-01", "country_from": "ES", "country_to": "IE", "value": "0", "unit": "kg"}, {"date": "2020-05-01", "country_from": "ES", "country_to": "IE", "value": "0", "unit": "kg"}, {"date": "2018-10-01", "country_from": "ES", "country_to": "IL", "value": "0", "unit": "kg"}, {"date": "2018-11-01", "country_from": "ES", "country_to": "IL", "value": "0", "unit": "kg"}, {"date": "2018-12-01", "country_from": "ES", "country_to": "IL", "value": "0", "unit": "kg"}, {"date": "2019-01-01", "country_from": "ES", "country_to": "IL", "value": "0", "unit": "kg"}, {"date": "2019-02-01", "country_from": "ES", "country_to": "IL", "value": "0", "unit": "kg"}, {"date": "2019-03-01", "country_from": "ES", "country_to": "IL", "value": "0", "unit": "kg"}, {"date": "2019-04-01", "country_from": "ES", "country_to": "IL", "value": "0", "unit": "kg"}, {"date": "2019-05-01", "country_from": "ES", "country_to": "IL", "value": "72000", "unit": "kg"}, {"date": "2019-06-01", "country_from": "ES", "country_to": "IL", "value": "72000", "unit": "kg"}, {"date": "2019-07-01", "country_from": "ES", "country_to": "IL", "value": "72000", "unit": "kg"}, {"date": "2019-08-01", "country_from": "ES", "country_to": "IL", "value": "96000", "unit": "kg"}, {"date": "2019-09-01", "country_from": "ES", "country_to": "IL", "value": "144000", "unit": "kg"}, {"date": "2019-10-01", "country_from": "ES", "country_to": "IL", "value": "0", "unit": "kg"}, {"date": "2019-11-01", "country_from": "ES", "country_to": "IL", "value": "0", "unit": "kg"}, {"date": "2019-12-01", "country_from": "ES", "country_to": "IL", "value": "0", "unit": "kg"}, {"date": "2020-01-01", "country_from": "ES", "country_to": "IL", "value": "0", "unit": "kg"}, {"date": "2020-02-01", "country_from": "ES", "country_to": "IL", "value": "0", "unit": "kg"}, {"date": "2020-03-01", "country_from": "ES", "country_to": "IL", "value": "0", "unit": "kg"}, {"date": "2020-04-01", "country_from": "ES", "country_to": "IL", "value": "0", "unit": "kg"}, {"date": "2020-05-01", "country_from": "ES", "country_to": "IL", "value": "0", "unit": "kg"}]