[{"date": "2019-01-01", "country_from": "TR", "country_to": "BG", "value": "0", "unit": "kg"}, {"date": "2019-02-01", "country_from": "TR", "country_to": "BG", "value": "0", "unit": "kg"}, {"date": "2019-03-01", "country_from": "TR", "country_to": "BG", "value": "0", "unit": "kg"}, {"date": "2019-04-01", "country_from": "TR", "country_to": "BG", "value": "0", "unit": "kg"}, {"date": "2019-05-01", "country_from": "TR", "country_to": "BG", "value": "0", "unit": "kg"}, {"date": "2019-06-01", "country_from": "TR", "country_to": "BG", "value": "0", "unit": "kg"}, {"date": "2019-07-01", "country_from": "TR", "country_to": "BG", "value": "0", "unit": "kg"}, {"date": "2019-08-01", "country_from": "TR", "country_to": "BG", "value": "0", "unit": "kg"}, {"date": "2019-09-01", "country_from": "TR", "country_to": "BG", "value": "0", "unit": "kg"}, {"date": "2019-10-01", "country_from": "TR", "country_to": "BG", "value": "0", "unit": "kg"}, {"date": "2019-11-01", "country_from": "TR", "country_to": "BG", "value": "0", "unit": "kg"}, {"date": "2019-12-01", "country_from": "TR", "country_to": "BG", "value": "0", "unit": "kg"}, {"date": "2020-01-01", "country_from": "TR", "country_to": "BG", "value": "60", "unit": "kg"}, {"date": "2020-02-01", "country_from": "TR", "country_to": "BG", "value": "60", "unit": "kg"}, {"date": "2020-03-01", "country_from": "TR", "country_to": "BG", "value": "0", "unit": "kg"}, {"date": "2020-04-01", "country_from": "TR", "country_to": "BG", "value": "0", "unit": "kg"}, {"date": "2020-05-01", "country_from": "TR", "country_to": "BG", "value": "0", "unit": "kg"}, {"date": "2020-06-01", "country_from": "TR", "country_to": "BG", "value": "0", "unit": "kg"}, {"date": "2020-07-01", "country_from": "TR", "country_to": "BG", "value": "0", "unit": "kg"}, {"date": "2020-08-01", "country_from": "TR", "country_to": "BG", "value": "0", "unit": "kg"}, {"date": "2019-01-01", "country_from": "TR", "country_to": "CA", "value": "1300", "unit": "kg"}, {"date": "2019-02-01", "country_from": "TR", "country_to": "CA", "value": "0", "unit": "kg"}, {"date": "2019-03-01", "country_from": "TR", "country_to": "CA", "value": "0", "unit": "kg"}, {"date": "2019-04-01", "country_from": "TR", "country_to": "CA", "value": "0", "unit": "kg"}, {"date": "2019-05-01", "country_from": "TR", "country_to": "CA", "value": "0", "unit": "kg"}, {"date": "2019-06-01", "country_from": "TR", "country_to": "CA", "value": "0", "unit": "kg"}, {"date": "2019-07-01", "country_from": "TR", "country_to": "CA", "value": "0", "unit": "kg"}, {"date": "2019-08-01", "country_from": "TR", "country_to": "CA", "value": "0", "unit": "kg"}, {"date": "2019-09-01", "country_from": "TR", "country_to": "CA", "value": "0", "unit": "kg"}, {"date": "2019-10-01", "country_from": "TR", "country_to": "CA", "value": "0", "unit": "kg"}, {"date": "2019-11-01", "country_from": "TR", "country_to": "CA", "value": "0", "unit": "kg"}, {"date": "2019-12-01", "country_from": "TR", "country_to": "CA", "value": "0", "unit": "kg"}, {"date": "2020-01-01", "country_from": "TR", "country_to": "CA", "value": "0", "unit": "kg"}, {"date": "2020-02-01", "country_from": "TR", "country_to": "CA", "value": "0", "unit": "kg"}, {"date": "2020-03-01", "country_from": "TR", "country_to": "CA", "value": "0", "unit": "kg"}, {"date": "2020-04-01", "country_from": "TR", "country_to": "CA", "value": "0", "unit": "kg"}, {"date": "2020-05-01", "country_from": "TR", "country_to": "CA", "value": "0", "unit": "kg"}, {"date": "2020-06-01", "country_from": "TR", "country_to": "CA", "value": "0", "unit": "kg"}, {"date": "2020-07-01", "country_from": "TR", "country_to": "CA", "value": "0", "unit": "kg"}, {"date": "2020-08-01", "country_from": "TR", "country_to": "CA", "value": "0", "unit": "kg"}, {"date": "2019-01-01", "country_from": "TR", "country_to": "CG", "value": "0", "unit": "kg"}, {"date": "2019-02-01", "country_from": "TR", "country_to": "CG", "value": "0", "unit": "kg"}, {"date": "2019-03-01", "country_from": "TR", "country_to": "CG", "value": "0", "unit": "kg"}, {"date": "2019-04-01", "country_from": "TR", "country_to": "CG", "value": "0", "unit": "kg"}, {"date": "2019-05-01", "country_from": "TR", "country_to": "CG", "value": "0", "unit": "kg"}, {"date": "2019-06-01", "country_from": "TR", "country_to": "CG", "value": "0", "unit": "kg"}, {"date": "2019-07-01", "country_from": "TR", "country_to": "CG", "value": "0", "unit": "kg"}, {"date": "2019-08-01", "country_from": "TR", "country_to": "CG", "value": "0", "unit": "kg"}, {"date": "2019-09-01", "country_from": "TR", "country_to": "CG", "value": "0", "unit": "kg"}, {"date": "2019-10-01", "country_from": "TR", "country_to": "CG", "value": "0", "unit": "kg"}, {"date": "2019-11-01", "country_from": "TR", "country_to": "CG", "value": "0", "unit": "kg"}, {"date": "2019-12-01", "country_from": "TR", "country_to": "CG", "value": "0", "unit": "kg"}, {"date": "2020-01-01", "country_from": "TR", "country_to": "CG", "value": "0", "unit": "kg"}, {"date": "2020-02-01", "country_from": "TR", "country_to": "CG", "value": "450", "unit": "kg"}, {"date": "2020-03-01", "country_from": "TR", "country_to": "CG", "value": "0", "unit": "kg"}, {"date": "2020-04-01", "country_from": "TR", "country_to": "CG", "value": "0", "unit": "kg"}, {"date": "2020-05-01", "country_from": "TR", "country_to": "CG", "value": "0", "unit": "kg"}, {"date": "2020-06-01", "country_from": "TR", "country_to": "CG", "value": "0", "unit": "kg"}, {"date": "2020-07-01", "country_from": "TR", "country_to": "CG", "value": "0", "unit": "kg"}, {"date": "2020-08-01", "country_from": "TR", "country_to": "CG", "value": "0", "unit": "kg"}, {"date": "2019-01-01", "country_from": "TR", "country_to": "EE", "value": "0", "unit": "kg"}, {"date": "2019-02-01", "country_from": "TR", "country_to": "EE", "value": "0", "unit": "kg"}, {"date": "2019-03-01", "country_from": "TR", "country_to": "EE", "value": "0", "unit": "kg"}, {"date": "2019-04-01", "country_from": "TR", "country_to": "EE", "value": "0", "unit": "kg"}, {"date": "2019-05-01", "country_from": "TR", "country_to": "EE", "value": "0", "unit": "kg"}, {"date": "2019-06-01", "country_from": "TR", "country_to": "EE", "value": "0", "unit": "kg"}, {"date": "2019-07-01", "country_from": "TR", "country_to": "EE", "value": "0", "unit": "kg"}, {"date": "2019-08-01", "country_from": "TR", "country_to": "EE", "value": "0", "unit": "kg"}, {"date": "2019-09-01", "country_from": "TR", "country_to": "EE", "value": "0", "unit": "kg"}, {"date": "2019-10-01", "country_from": "TR", "country_to": "EE", "value": "0", "unit": "kg"}, {"date": "2019-11-01", "country_from": "TR", "country_to": "EE", "value": "0", "unit": "kg"}, {"date": "2019-12-01", "country_from": "TR", "country_to": "EE", "value": "0", "unit": "kg"}, {"date": "2020-01-01", "country_from": "TR", "country_to": "EE", "value": "0", "unit": "kg"}, {"date": "2020-02-01", "country_from": "TR", "country_to": "EE", "value": "0", "unit": "kg"}, {"date": "2020-03-01", "country_from": "TR", "country_to": "EE", "value": "0", "unit": "kg"}, {"date": "2020-04-01", "country_from": "TR", "country_to": "EE", "value": "0", "unit": "kg"}, {"date": "2020-05-01", "country_from": "TR", "country_to": "EE", "value": "0", "unit": "kg"}, {"date": "2020-06-01", "country_from": "TR", "country_to": "EE", "value": "600", "unit": "kg"}, {"date": "2020-07-01", "country_from": "TR", "country_to": "EE", "value": "0", "unit": "kg"}, {"date": "2020-08-01", "country_from": "TR", "country_to": "EE", "value": "0", "unit": "kg"}, {"date": "2019-01-01", "country_from": "TR", "country_to": "DE", "value": "0", "unit": "kg"}, {"date": "2019-02-01", "country_from": "TR", "country_to": "DE", "value": "0", "unit": "kg"}, {"date": "2019-03-01", "country_from": "TR", "country_to": "DE", "value": "1080", "unit": "kg"}, {"date": "2019-04-01", "country_from": "TR", "country_to": "DE", "value": "0", "unit": "kg"}, {"date": "2019-05-01", "country_from": "TR", "country_to": "DE", "value": "0", "unit": "kg"}, {"date": "2019-06-01", "country_from": "TR", "country_to": "DE", "value": "0", "unit": "kg"}, {"date": "2019-07-01", "country_from": "TR", "country_to": "DE", "value": "0", "unit": "kg"}, {"date": "2019-08-01", "country_from": "TR", "country_to": "DE", "value": "0", "unit": "kg"}, {"date": "2019-09-01", "country_from": "TR", "country_to": "DE", "value": "0", "unit": "kg"}, {"date": "2019-10-01", "country_from": "TR", "country_to": "DE", "value": "0", "unit": "kg"}, {"date": "2019-11-01", "country_from": "TR", "country_to": "DE", "value": "0", "unit": "kg"}, {"date": "2019-12-01", "country_from": "TR", "country_to": "DE", "value": "996", "unit": "kg"}, {"date": "2020-01-01", "country_from": "TR", "country_to": "DE", "value": "650", "unit": "kg"}, {"date": "2020-02-01", "country_from": "TR", "country_to": "DE", "value": "3040", "unit": "kg"}, {"date": "2020-03-01", "country_from": "TR", "country_to": "DE", "value": "1080", "unit": "kg"}, {"date": "2020-04-01", "country_from": "TR", "country_to": "DE", "value": "0", "unit": "kg"}, {"date": "2020-05-01", "country_from": "TR", "country_to": "DE", "value": "0", "unit": "kg"}, {"date": "2020-06-01", "country_from": "TR", "country_to": "DE", "value": "0", "unit": "kg"}, {"date": "2020-07-01", "country_from": "TR", "country_to": "DE", "value": "0", "unit": "kg"}, {"date": "2020-08-01", "country_from": "TR", "country_to": "DE", "value": "0", "unit": "kg"}, {"date": "2019-01-01", "country_from": "TR", "country_to": "NO", "value": "0", "unit": "kg"}, {"date": "2019-02-01", "country_from": "TR", "country_to": "NO", "value": "0", "unit": "kg"}, {"date": "2019-03-01", "country_from": "TR", "country_to": "NO", "value": "0", "unit": "kg"}, {"date": "2019-04-01", "country_from": "TR", "country_to": "NO", "value": "0", "unit": "kg"}, {"date": "2019-05-01", "country_from": "TR", "country_to": "NO", "value": "0", "unit": "kg"}, {"date": "2019-06-01", "country_from": "TR", "country_to": "NO", "value": "0", "unit": "kg"}, {"date": "2019-07-01", "country_from": "TR", "country_to": "NO", "value": "0", "unit": "kg"}, {"date": "2019-08-01", "country_from": "TR", "country_to": "NO", "value": "0", "unit": "kg"}, {"date": "2019-09-01", "country_from": "TR", "country_to": "NO", "value": "0", "unit": "kg"}, {"date": "2019-10-01", "country_from": "TR", "country_to": "NO", "value": "0", "unit": "kg"}, {"date": "2019-11-01", "country_from": "TR", "country_to": "NO", "value": "0", "unit": "kg"}, {"date": "2019-12-01", "country_from": "TR", "country_to": "NO", "value": "0", "unit": "kg"}, {"date": "2020-01-01", "country_from": "TR", "country_to": "NO", "value": "0", "unit": "kg"}, {"date": "2020-02-01", "country_from": "TR", "country_to": "NO", "value": "0", "unit": "kg"}, {"date": "2020-03-01", "country_from": "TR", "country_to": "NO", "value": "0", "unit": "kg"}, {"date": "2020-04-01", "country_from": "TR", "country_to": "NO", "value": "3024", "unit": "kg"}, {"date": "2020-05-01", "country_from": "TR", "country_to": "NO", "value": "0", "unit": "kg"}, {"date": "2020-06-01", "country_from": "TR", "country_to": "NO", "value": "0", "unit": "kg"}, {"date": "2020-07-01", "country_from": "TR", "country_to": "NO", "value": "0", "unit": "kg"}, {"date": "2020-08-01", "country_from": "TR", "country_to": "NO", "value": "0", "unit": "kg"}, {"date": "2019-01-01", "country_from": "TR", "country_to": "SN", "value": "0", "unit": "kg"}, {"date": "2019-02-01", "country_from": "TR", "country_to": "SN", "value": "0", "unit": "kg"}, {"date": "2019-03-01", "country_from": "TR", "country_to": "SN", "value": "0", "unit": "kg"}, {"date": "2019-04-01", "country_from": "TR", "country_to": "SN", "value": "0", "unit": "kg"}, {"date": "2019-05-01", "country_from": "TR", "country_to": "SN", "value": "0", "unit": "kg"}, {"date": "2019-06-01", "country_from": "TR", "country_to": "SN", "value": "0", "unit": "kg"}, {"date": "2019-07-01", "country_from": "TR", "country_to": "SN", "value": "0", "unit": "kg"}, {"date": "2019-08-01", "country_from": "TR", "country_to": "SN", "value": "0", "unit": "kg"}, {"date": "2019-09-01", "country_from": "TR", "country_to": "SN", "value": "0", "unit": "kg"}, {"date": "2019-10-01", "country_from": "TR", "country_to": "SN", "value": "0", "unit": "kg"}, {"date": "2019-11-01", "country_from": "TR", "country_to": "SN", "value": "0", "unit": "kg"}, {"date": "2019-12-01", "country_from": "TR", "country_to": "SN", "value": "0", "unit": "kg"}, {"date": "2020-01-01", "country_from": "TR", "country_to": "SN", "value": "0", "unit": "kg"}, {"date": "2020-02-01", "country_from": "TR", "country_to": "SN", "value": "0", "unit": "kg"}, {"date": "2020-03-01", "country_from": "TR", "country_to": "SN", "value": "0", "unit": "kg"}, {"date": "2020-04-01", "country_from": "TR", "country_to": "SN", "value": "0", "unit": "kg"}, {"date": "2020-05-01", "country_from": "TR", "country_to": "SN", "value": "763", "unit": "kg"}, {"date": "2020-06-01", "country_from": "TR", "country_to": "SN", "value": "0", "unit": "kg"}, {"date": "2020-07-01", "country_from": "TR", "country_to": "SN", "value": "0", "unit": "kg"}, {"date": "2020-08-01", "country_from": "TR", "country_to": "SN", "value": "0", "unit": "kg"}, {"date": "2019-01-01", "country_from": "TR", "country_to": "ES", "value": "0", "unit": "kg"}, {"date": "2019-02-01", "country_from": "TR", "country_to": "ES", "value": "0", "unit": "kg"}, {"date": "2019-03-01", "country_from": "TR", "country_to": "ES", "value": "0", "unit": "kg"}, {"date": "2019-04-01", "country_from": "TR", "country_to": "ES", "value": "0", "unit": "kg"}, {"date": "2019-05-01", "country_from": "TR", "country_to": "ES", "value": "0", "unit": "kg"}, {"date": "2019-06-01", "country_from": "TR", "country_to": "ES", "value": "0", "unit": "kg"}, {"date": "2019-07-01", "country_from": "TR", "country_to": "ES", "value": "0", "unit": "kg"}, {"date": "2019-08-01", "country_from": "TR", "country_to": "ES", "value": "0", "unit": "kg"}, {"date": "2019-09-01", "country_from": "TR", "country_to": "ES", "value": "0", "unit": "kg"}, {"date": "2019-10-01", "country_from": "TR", "country_to": "ES", "value": "0", "unit": "kg"}, {"date": "2019-11-01", "country_from": "TR", "country_to": "ES", "value": "0", "unit": "kg"}, {"date": "2019-12-01", "country_from": "TR", "country_to": "ES", "value": "0", "unit": "kg"}, {"date": "2020-01-01", "country_from": "TR", "country_to": "ES", "value": "450", "unit": "kg"}, {"date": "2020-02-01", "country_from": "TR", "country_to": "ES", "value": "0", "unit": "kg"}, {"date": "2020-03-01", "country_from": "TR", "country_to": "ES", "value": "0", "unit": "kg"}, {"date": "2020-04-01", "country_from": "TR", "country_to": "ES", "value": "0", "unit": "kg"}, {"date": "2020-05-01", "country_from": "TR", "country_to": "ES", "value": "0", "unit": "kg"}, {"date": "2020-06-01", "country_from": "TR", "country_to": "ES", "value": "0", "unit": "kg"}, {"date": "2020-07-01", "country_from": "TR", "country_to": "ES", "value": "0", "unit": "kg"}, {"date": "2020-08-01", "country_from": "TR", "country_to": "ES", "value": "0", "unit": "kg"}, {"date": "2019-01-01", "country_from": "TR", "country_to": "SY", "value": "0", "unit": "kg"}, {"date": "2019-02-01", "country_from": "TR", "country_to": "SY", "value": "0", "unit": "kg"}, {"date": "2019-03-01", "country_from": "TR", "country_to": "SY", "value": "0", "unit": "kg"}, {"date": "2019-04-01", "country_from": "TR", "country_to": "SY", "value": "10000", "unit": "kg"}, {"date": "2019-05-01", "country_from": "TR", "country_to": "SY", "value": "40800", "unit": "kg"}, {"date": "2019-06-01", "country_from": "TR", "country_to": "SY", "value": "0", "unit": "kg"}, {"date": "2019-07-01", "country_from": "TR", "country_to": "SY", "value": "0", "unit": "kg"}, {"date": "2019-08-01", "country_from": "TR", "country_to": "SY", "value": "0", "unit": "kg"}, {"date": "2019-09-01", "country_from": "TR", "country_to": "SY", "value": "0", "unit": "kg"}, {"date": "2019-10-01", "country_from": "TR", "country_to": "SY", "value": "0", "unit": "kg"}, {"date": "2019-11-01", "country_from": "TR", "country_to": "SY", "value": "0", "unit": "kg"}, {"date": "2019-12-01", "country_from": "TR", "country_to": "SY", "value": "0", "unit": "kg"}, {"date": "2020-01-01", "country_from": "TR", "country_to": "SY", "value": "0", "unit": "kg"}, {"date": "2020-02-01", "country_from": "TR", "country_to": "SY", "value": "0", "unit": "kg"}, {"date": "2020-03-01", "country_from": "TR", "country_to": "SY", "value": "0", "unit": "kg"}, {"date": "2020-04-01", "country_from": "TR", "country_to": "SY", "value": "0", "unit": "kg"}, {"date": "2020-05-01", "country_from": "TR", "country_to": "SY", "value": "0", "unit": "kg"}, {"date": "2020-06-01", "country_from": "TR", "country_to": "SY", "value": "0", "unit": "kg"}, {"date": "2020-07-01", "country_from": "TR", "country_to": "SY", "value": "0", "unit": "kg"}, {"date": "2020-08-01", "country_from": "TR", "country_to": "SY", "value": "0", "unit": "kg"}, {"date": "2019-01-01", "country_from": "TR", "country_to": "AE", "value": "0", "unit": "kg"}, {"date": "2019-02-01", "country_from": "TR", "country_to": "AE", "value": "0", "unit": "kg"}, {"date": "2019-03-01", "country_from": "TR", "country_to": "AE", "value": "0", "unit": "kg"}, {"date": "2019-04-01", "country_from": "TR", "country_to": "AE", "value": "0", "unit": "kg"}, {"date": "2019-05-01", "country_from": "TR", "country_to": "AE", "value": "0", "unit": "kg"}, {"date": "2019-06-01", "country_from": "TR", "country_to": "AE", "value": "0", "unit": "kg"}, {"date": "2019-07-01", "country_from": "TR", "country_to": "AE", "value": "0", "unit": "kg"}, {"date": "2019-08-01", "country_from": "TR", "country_to": "AE", "value": "0", "unit": "kg"}, {"date": "2019-09-01", "country_from": "TR", "country_to": "AE", "value": "0", "unit": "kg"}, {"date": "2019-10-01", "country_from": "TR", "country_to": "AE", "value": "600", "unit": "kg"}, {"date": "2019-11-01", "country_from": "TR", "country_to": "AE", "value": "0", "unit": "kg"}, {"date": "2019-12-01", "country_from": "TR", "country_to": "AE", "value": "0", "unit": "kg"}, {"date": "2020-01-01", "country_from": "TR", "country_to": "AE", "value": "0", "unit": "kg"}, {"date": "2020-02-01", "country_from": "TR", "country_to": "AE", "value": "0", "unit": "kg"}, {"date": "2020-03-01", "country_from": "TR", "country_to": "AE", "value": "0", "unit": "kg"}, {"date": "2020-04-01", "country_from": "TR", "country_to": "AE", "value": "0", "unit": "kg"}, {"date": "2020-05-01", "country_from": "TR", "country_to": "AE", "value": "0", "unit": "kg"}, {"date": "2020-06-01", "country_from": "TR", "country_to": "AE", "value": "0", "unit": "kg"}, {"date": "2020-07-01", "country_from": "TR", "country_to": "AE", "value": "0", "unit": "kg"}, {"date": "2020-08-01", "country_from": "TR", "country_to": "AE", "value": "0", "unit": "kg"}]