[{"date": "2016-05-01", "country_from": "KW", "country_to": "TR", "value": "22570", "unit": "kg"}, {"date": "2016-06-01", "country_from": "KW", "country_to": "TR", "value": "6277", "unit": "kg"}, {"date": "2016-07-01", "country_from": "KW", "country_to": "TR", "value": "1596", "unit": "kg"}, {"date": "2016-08-01", "country_from": "KW", "country_to": "TR", "value": "11651", "unit": "kg"}, {"date": "2016-09-01", "country_from": "KW", "country_to": "TR", "value": "0", "unit": "kg"}, {"date": "2016-10-01", "country_from": "KW", "country_to": "TR", "value": "3618", "unit": "kg"}, {"date": "2016-11-01", "country_from": "KW", "country_to": "TR", "value": "0", "unit": "kg"}, {"date": "2016-12-01", "country_from": "KW", "country_to": "TR", "value": "0", "unit": "kg"}, {"date": "2017-01-01", "country_from": "KW", "country_to": "TR", "value": "3365", "unit": "kg"}, {"date": "2017-02-01", "country_from": "KW", "country_to": "TR", "value": "0", "unit": "kg"}, {"date": "2017-03-01", "country_from": "KW", "country_to": "TR", "value": "0", "unit": "kg"}, {"date": "2017-04-01", "country_from": "KW", "country_to": "TR", "value": "0", "unit": "kg"}, {"date": "2017-05-01", "country_from": "KW", "country_to": "TR", "value": "0", "unit": "kg"}, {"date": "2017-06-01", "country_from": "KW", "country_to": "TR", "value": "0", "unit": "kg"}, {"date": "2017-07-01", "country_from": "KW", "country_to": "TR", "value": "0", "unit": "kg"}, {"date": "2017-08-01", "country_from": "KW", "country_to": "TR", "value": "0", "unit": "kg"}, {"date": "2017-09-01", "country_from": "KW", "country_to": "TR", "value": "0", "unit": "kg"}, {"date": "2017-10-01", "country_from": "KW", "country_to": "TR", "value": "0", "unit": "kg"}, {"date": "2017-11-01", "country_from": "KW", "country_to": "TR", "value": "2954", "unit": "kg"}, {"date": "2017-12-01", "country_from": "KW", "country_to": "TR", "value": "2898", "unit": "kg"}, {"date": "2016-05-01", "country_from": "KW", "country_to": "SA", "value": "0", "unit": "kg"}, {"date": "2016-06-01", "country_from": "KW", "country_to": "SA", "value": "42000", "unit": "kg"}, {"date": "2016-07-01", "country_from": "KW", "country_to": "SA", "value": "993", "unit": "kg"}, {"date": "2016-08-01", "country_from": "KW", "country_to": "SA", "value": "23218", "unit": "kg"}, {"date": "2016-09-01", "country_from": "KW", "country_to": "SA", "value": "63000", "unit": "kg"}, {"date": "2016-10-01", "country_from": "KW", "country_to": "SA", "value": "0", "unit": "kg"}, {"date": "2016-11-01", "country_from": "KW", "country_to": "SA", "value": "0", "unit": "kg"}, {"date": "2016-12-01", "country_from": "KW", "country_to": "SA", "value": "0", "unit": "kg"}, {"date": "2017-01-01", "country_from": "KW", "country_to": "SA", "value": "0", "unit": "kg"}, {"date": "2017-02-01", "country_from": "KW", "country_to": "SA", "value": "0", "unit": "kg"}, {"date": "2017-03-01", "country_from": "KW", "country_to": "SA", "value": "800", "unit": "kg"}, {"date": "2017-04-01", "country_from": "KW", "country_to": "SA", "value": "1523", "unit": "kg"}, {"date": "2017-05-01", "country_from": "KW", "country_to": "SA", "value": "0", "unit": "kg"}, {"date": "2017-06-01", "country_from": "KW", "country_to": "SA", "value": "0", "unit": "kg"}, {"date": "2017-07-01", "country_from": "KW", "country_to": "SA", "value": "952", "unit": "kg"}, {"date": "2017-08-01", "country_from": "KW", "country_to": "SA", "value": "0", "unit": "kg"}, {"date": "2017-09-01", "country_from": "KW", "country_to": "SA", "value": "0", "unit": "kg"}, {"date": "2017-10-01", "country_from": "KW", "country_to": "SA", "value": "0", "unit": "kg"}, {"date": "2017-11-01", "country_from": "KW", "country_to": "SA", "value": "0", "unit": "kg"}, {"date": "2017-12-01", "country_from": "KW", "country_to": "SA", "value": "2133", "unit": "kg"}, {"date": "2016-05-01", "country_from": "KW", "country_to": "EG", "value": "5331", "unit": "kg"}, {"date": "2016-06-01", "country_from": "KW", "country_to": "EG", "value": "0", "unit": "kg"}, {"date": "2016-07-01", "country_from": "KW", "country_to": "EG", "value": "0", "unit": "kg"}, {"date": "2016-08-01", "country_from": "KW", "country_to": "EG", "value": "2873", "unit": "kg"}, {"date": "2016-09-01", "country_from": "KW", "country_to": "EG", "value": "0", "unit": "kg"}, {"date": "2016-10-01", "country_from": "KW", "country_to": "EG", "value": "0", "unit": "kg"}, {"date": "2016-11-01", "country_from": "KW", "country_to": "EG", "value": "0", "unit": "kg"}, {"date": "2016-12-01", "country_from": "KW", "country_to": "EG", "value": "0", "unit": "kg"}, {"date": "2017-01-01", "country_from": "KW", "country_to": "EG", "value": "1756", "unit": "kg"}, {"date": "2017-02-01", "country_from": "KW", "country_to": "EG", "value": "0", "unit": "kg"}, {"date": "2017-03-01", "country_from": "KW", "country_to": "EG", "value": "0", "unit": "kg"}, {"date": "2017-04-01", "country_from": "KW", "country_to": "EG", "value": "0", "unit": "kg"}, {"date": "2017-05-01", "country_from": "KW", "country_to": "EG", "value": "4900", "unit": "kg"}, {"date": "2017-06-01", "country_from": "KW", "country_to": "EG", "value": "0", "unit": "kg"}, {"date": "2017-07-01", "country_from": "KW", "country_to": "EG", "value": "0", "unit": "kg"}, {"date": "2017-08-01", "country_from": "KW", "country_to": "EG", "value": "0", "unit": "kg"}, {"date": "2017-09-01", "country_from": "KW", "country_to": "EG", "value": "0", "unit": "kg"}, {"date": "2017-10-01", "country_from": "KW", "country_to": "EG", "value": "0", "unit": "kg"}, {"date": "2017-11-01", "country_from": "KW", "country_to": "EG", "value": "0", "unit": "kg"}, {"date": "2017-12-01", "country_from": "KW", "country_to": "EG", "value": "0", "unit": "kg"}, {"date": "2016-05-01", "country_from": "KW", "country_to": "IR", "value": "0", "unit": "kg"}, {"date": "2016-06-01", "country_from": "KW", "country_to": "IR", "value": "0", "unit": "kg"}, {"date": "2016-07-01", "country_from": "KW", "country_to": "IR", "value": "0", "unit": "kg"}, {"date": "2016-08-01", "country_from": "KW", "country_to": "IR", "value": "0", "unit": "kg"}, {"date": "2016-09-01", "country_from": "KW", "country_to": "IR", "value": "0", "unit": "kg"}, {"date": "2016-10-01", "country_from": "KW", "country_to": "IR", "value": "0", "unit": "kg"}, {"date": "2016-11-01", "country_from": "KW", "country_to": "IR", "value": "0", "unit": "kg"}, {"date": "2016-12-01", "country_from": "KW", "country_to": "IR", "value": "0", "unit": "kg"}, {"date": "2017-01-01", "country_from": "KW", "country_to": "IR", "value": "0", "unit": "kg"}, {"date": "2017-02-01", "country_from": "KW", "country_to": "IR", "value": "0", "unit": "kg"}, {"date": "2017-03-01", "country_from": "KW", "country_to": "IR", "value": "0", "unit": "kg"}, {"date": "2017-04-01", "country_from": "KW", "country_to": "IR", "value": "0", "unit": "kg"}, {"date": "2017-05-01", "country_from": "KW", "country_to": "IR", "value": "0", "unit": "kg"}, {"date": "2017-06-01", "country_from": "KW", "country_to": "IR", "value": "0", "unit": "kg"}, {"date": "2017-07-01", "country_from": "KW", "country_to": "IR", "value": "0", "unit": "kg"}, {"date": "2017-08-01", "country_from": "KW", "country_to": "IR", "value": "0", "unit": "kg"}, {"date": "2017-09-01", "country_from": "KW", "country_to": "IR", "value": "24000", "unit": "kg"}, {"date": "2017-10-01", "country_from": "KW", "country_to": "IR", "value": "0", "unit": "kg"}, {"date": "2017-11-01", "country_from": "KW", "country_to": "IR", "value": "0", "unit": "kg"}, {"date": "2017-12-01", "country_from": "KW", "country_to": "IR", "value": "0", "unit": "kg"}, {"date": "2016-05-01", "country_from": "KW", "country_to": "MR", "value": "0", "unit": "kg"}, {"date": "2016-06-01", "country_from": "KW", "country_to": "MR", "value": "0", "unit": "kg"}, {"date": "2016-07-01", "country_from": "KW", "country_to": "MR", "value": "0", "unit": "kg"}, {"date": "2016-08-01", "country_from": "KW", "country_to": "MR", "value": "8967", "unit": "kg"}, {"date": "2016-09-01", "country_from": "KW", "country_to": "MR", "value": "0", "unit": "kg"}, {"date": "2016-10-01", "country_from": "KW", "country_to": "MR", "value": "0", "unit": "kg"}, {"date": "2016-11-01", "country_from": "KW", "country_to": "MR", "value": "0", "unit": "kg"}, {"date": "2016-12-01", "country_from": "KW", "country_to": "MR", "value": "0", "unit": "kg"}, {"date": "2017-01-01", "country_from": "KW", "country_to": "MR", "value": "0", "unit": "kg"}, {"date": "2017-02-01", "country_from": "KW", "country_to": "MR", "value": "0", "unit": "kg"}, {"date": "2017-03-01", "country_from": "KW", "country_to": "MR", "value": "0", "unit": "kg"}, {"date": "2017-04-01", "country_from": "KW", "country_to": "MR", "value": "0", "unit": "kg"}, {"date": "2017-05-01", "country_from": "KW", "country_to": "MR", "value": "0", "unit": "kg"}, {"date": "2017-06-01", "country_from": "KW", "country_to": "MR", "value": "0", "unit": "kg"}, {"date": "2017-07-01", "country_from": "KW", "country_to": "MR", "value": "0", "unit": "kg"}, {"date": "2017-08-01", "country_from": "KW", "country_to": "MR", "value": "0", "unit": "kg"}, {"date": "2017-09-01", "country_from": "KW", "country_to": "MR", "value": "0", "unit": "kg"}, {"date": "2017-10-01", "country_from": "KW", "country_to": "MR", "value": "0", "unit": "kg"}, {"date": "2017-11-01", "country_from": "KW", "country_to": "MR", "value": "0", "unit": "kg"}, {"date": "2017-12-01", "country_from": "KW", "country_to": "MR", "value": "0", "unit": "kg"}, {"date": "2016-05-01", "country_from": "KW", "country_to": "QA", "value": "0", "unit": "kg"}, {"date": "2016-06-01", "country_from": "KW", "country_to": "QA", "value": "0", "unit": "kg"}, {"date": "2016-07-01", "country_from": "KW", "country_to": "QA", "value": "0", "unit": "kg"}, {"date": "2016-08-01", "country_from": "KW", "country_to": "QA", "value": "0", "unit": "kg"}, {"date": "2016-09-01", "country_from": "KW", "country_to": "QA", "value": "0", "unit": "kg"}, {"date": "2016-10-01", "country_from": "KW", "country_to": "QA", "value": "0", "unit": "kg"}, {"date": "2016-11-01", "country_from": "KW", "country_to": "QA", "value": "0", "unit": "kg"}, {"date": "2016-12-01", "country_from": "KW", "country_to": "QA", "value": "0", "unit": "kg"}, {"date": "2017-01-01", "country_from": "KW", "country_to": "QA", "value": "0", "unit": "kg"}, {"date": "2017-02-01", "country_from": "KW", "country_to": "QA", "value": "0", "unit": "kg"}, {"date": "2017-03-01", "country_from": "KW", "country_to": "QA", "value": "0", "unit": "kg"}, {"date": "2017-04-01", "country_from": "KW", "country_to": "QA", "value": "3145", "unit": "kg"}, {"date": "2017-05-01", "country_from": "KW", "country_to": "QA", "value": "0", "unit": "kg"}, {"date": "2017-06-01", "country_from": "KW", "country_to": "QA", "value": "0", "unit": "kg"}, {"date": "2017-07-01", "country_from": "KW", "country_to": "QA", "value": "0", "unit": "kg"}, {"date": "2017-08-01", "country_from": "KW", "country_to": "QA", "value": "0", "unit": "kg"}, {"date": "2017-09-01", "country_from": "KW", "country_to": "QA", "value": "0", "unit": "kg"}, {"date": "2017-10-01", "country_from": "KW", "country_to": "QA", "value": "0", "unit": "kg"}, {"date": "2017-11-01", "country_from": "KW", "country_to": "QA", "value": "0", "unit": "kg"}, {"date": "2017-12-01", "country_from": "KW", "country_to": "QA", "value": "0", "unit": "kg"}]