[{"date": "2019-02-01", "country_from": "BD", "country_to": "US", "value": "1275", "unit": "kg"}, {"date": "2020-02-01", "country_from": "BD", "country_to": "US", "value": "10000", "unit": "kg"}, {"date": "2020-04-01", "country_from": "BD", "country_to": "US", "value": "26163", "unit": "kg"}, {"date": "2020-07-01", "country_from": "BD", "country_to": "US", "value": "26163", "unit": "kg"}, {"date": "2019-06-01", "country_from": "BD", "country_to": "BH", "value": "2000", "unit": "kg"}, {"date": "2020-07-01", "country_from": "BD", "country_to": "BH", "value": "500", "unit": "kg"}, {"date": "2018-12-01", "country_from": "BD", "country_to": "CA", "value": "5", "unit": "kg"}, {"date": "2019-05-01", "country_from": "BD", "country_to": "CA", "value": "8", "unit": "kg"}, {"date": "2019-06-01", "country_from": "BD", "country_to": "CA", "value": "8", "unit": "kg"}, {"date": "2020-01-01", "country_from": "BD", "country_to": "CA", "value": "9", "unit": "kg"}, {"date": "2020-06-01", "country_from": "BD", "country_to": "CA", "value": "6", "unit": "kg"}, {"date": "Unnamed: 22-01", "country_from": "BD", "country_to": "CA", "value": "14", "unit": "kg"}, {"date": "2019-11-01", "country_from": "BD", "country_to": "FI", "value": "3700", "unit": "kg"}, {"date": "2019-02-01", "country_from": "BD", "country_to": "DE", "value": "3", "unit": "kg"}, {"date": "2019-06-01", "country_from": "BD", "country_to": "DE", "value": "1", "unit": "kg"}, {"date": "2020-01-01", "country_from": "BD", "country_to": "DE", "value": "1", "unit": "kg"}, {"date": "2020-04-01", "country_from": "BD", "country_to": "DE", "value": "1", "unit": "kg"}, {"date": "Unnamed: 22-01", "country_from": "BD", "country_to": "DE", "value": "3", "unit": "kg"}, {"date": "2020-02-01", "country_from": "BD", "country_to": "IT", "value": "20000", "unit": "kg"}, {"date": "2020-03-01", "country_from": "BD", "country_to": "IT", "value": "21000", "unit": "kg"}, {"date": "2020-04-01", "country_from": "BD", "country_to": "IT", "value": "65500", "unit": "kg"}, {"date": "2020-07-01", "country_from": "BD", "country_to": "IT", "value": "40000", "unit": "kg"}, {"date": "2020-04-01", "country_from": "BD", "country_to": "PT", "value": "3470", "unit": "kg"}, {"date": "Unnamed: 22-01", "country_from": "BD", "country_to": "PT", "value": "3100", "unit": "kg"}, {"date": "2019-11-01", "country_from": "BD", "country_to": "ZA", "value": "2477", "unit": "kg"}, {"date": "2019-09-01", "country_from": "BD", "country_to": "GB", "value": "720", "unit": "kg"}]