[{"date": "2006-05-01", "country_from": "AL", "country_to": "GR", "value": "0", "unit": "kg"}, {"date": "2006-06-01", "country_from": "AL", "country_to": "GR", "value": "0", "unit": "kg"}, {"date": "2006-07-01", "country_from": "AL", "country_to": "GR", "value": "0", "unit": "kg"}, {"date": "2006-08-01", "country_from": "AL", "country_to": "GR", "value": "0", "unit": "kg"}, {"date": "2006-09-01", "country_from": "AL", "country_to": "GR", "value": "0", "unit": "kg"}, {"date": "2006-10-01", "country_from": "AL", "country_to": "GR", "value": "0", "unit": "kg"}, {"date": "2006-11-01", "country_from": "AL", "country_to": "GR", "value": "0", "unit": "kg"}, {"date": "2006-12-01", "country_from": "AL", "country_to": "GR", "value": "0", "unit": "kg"}, {"date": "2007-01-01", "country_from": "AL", "country_to": "GR", "value": "0", "unit": "kg"}, {"date": "2007-02-01", "country_from": "AL", "country_to": "GR", "value": "0", "unit": "kg"}, {"date": "2007-03-01", "country_from": "AL", "country_to": "GR", "value": "0", "unit": "kg"}, {"date": "2007-04-01", "country_from": "AL", "country_to": "GR", "value": "0", "unit": "kg"}, {"date": "2007-05-01", "country_from": "AL", "country_to": "GR", "value": "0", "unit": "kg"}, {"date": "2007-06-01", "country_from": "AL", "country_to": "GR", "value": "0", "unit": "kg"}, {"date": "2007-07-01", "country_from": "AL", "country_to": "GR", "value": "0", "unit": "kg"}, {"date": "2007-08-01", "country_from": "AL", "country_to": "GR", "value": "0", "unit": "kg"}, {"date": "2007-09-01", "country_from": "AL", "country_to": "GR", "value": "0", "unit": "kg"}, {"date": "2007-10-01", "country_from": "AL", "country_to": "GR", "value": "0", "unit": "kg"}, {"date": "2007-11-01", "country_from": "AL", "country_to": "GR", "value": "0", "unit": "kg"}, {"date": "2007-12-01", "country_from": "AL", "country_to": "GR", "value": "0", "unit": "kg"}, {"date": "2006-05-01", "country_from": "AL", "country_to": "IT", "value": "0", "unit": "kg"}, {"date": "2006-06-01", "country_from": "AL", "country_to": "IT", "value": "0", "unit": "kg"}, {"date": "2006-07-01", "country_from": "AL", "country_to": "IT", "value": "0", "unit": "kg"}, {"date": "2006-08-01", "country_from": "AL", "country_to": "IT", "value": "0", "unit": "kg"}, {"date": "2006-09-01", "country_from": "AL", "country_to": "IT", "value": "0", "unit": "kg"}, {"date": "2006-10-01", "country_from": "AL", "country_to": "IT", "value": "0", "unit": "kg"}, {"date": "2006-11-01", "country_from": "AL", "country_to": "IT", "value": "0", "unit": "kg"}, {"date": "2006-12-01", "country_from": "AL", "country_to": "IT", "value": "0", "unit": "kg"}, {"date": "2007-01-01", "country_from": "AL", "country_to": "IT", "value": "0", "unit": "kg"}, {"date": "2007-02-01", "country_from": "AL", "country_to": "IT", "value": "0", "unit": "kg"}, {"date": "2007-03-01", "country_from": "AL", "country_to": "IT", "value": "0", "unit": "kg"}, {"date": "2007-04-01", "country_from": "AL", "country_to": "IT", "value": "0", "unit": "kg"}, {"date": "2007-05-01", "country_from": "AL", "country_to": "IT", "value": "0", "unit": "kg"}, {"date": "2007-06-01", "country_from": "AL", "country_to": "IT", "value": "0", "unit": "kg"}, {"date": "2007-07-01", "country_from": "AL", "country_to": "IT", "value": "0", "unit": "kg"}, {"date": "2007-08-01", "country_from": "AL", "country_to": "IT", "value": "0", "unit": "kg"}, {"date": "2007-09-01", "country_from": "AL", "country_to": "IT", "value": "0", "unit": "kg"}, {"date": "2007-10-01", "country_from": "AL", "country_to": "IT", "value": "0", "unit": "kg"}, {"date": "2007-11-01", "country_from": "AL", "country_to": "IT", "value": "0", "unit": "kg"}, {"date": "2007-12-01", "country_from": "AL", "country_to": "IT", "value": "0", "unit": "kg"}, {"date": "2006-05-01", "country_from": "AL", "country_to": "RS", "value": "0", "unit": "kg"}, {"date": "2006-06-01", "country_from": "AL", "country_to": "RS", "value": "0", "unit": "kg"}, {"date": "2006-07-01", "country_from": "AL", "country_to": "RS", "value": "0", "unit": "kg"}, {"date": "2006-08-01", "country_from": "AL", "country_to": "RS", "value": "0", "unit": "kg"}, {"date": "2006-09-01", "country_from": "AL", "country_to": "RS", "value": "0", "unit": "kg"}, {"date": "2006-10-01", "country_from": "AL", "country_to": "RS", "value": "0", "unit": "kg"}, {"date": "2006-11-01", "country_from": "AL", "country_to": "RS", "value": "0", "unit": "kg"}, {"date": "2006-12-01", "country_from": "AL", "country_to": "RS", "value": "0", "unit": "kg"}, {"date": "2007-01-01", "country_from": "AL", "country_to": "RS", "value": "0", "unit": "kg"}, {"date": "2007-02-01", "country_from": "AL", "country_to": "RS", "value": "0", "unit": "kg"}, {"date": "2007-03-01", "country_from": "AL", "country_to": "RS", "value": "0", "unit": "kg"}, {"date": "2007-04-01", "country_from": "AL", "country_to": "RS", "value": "0", "unit": "kg"}, {"date": "2007-05-01", "country_from": "AL", "country_to": "RS", "value": "0", "unit": "kg"}, {"date": "2007-06-01", "country_from": "AL", "country_to": "RS", "value": "25000", "unit": "kg"}, {"date": "2007-07-01", "country_from": "AL", "country_to": "RS", "value": "25000", "unit": "kg"}, {"date": "2007-08-01", "country_from": "AL", "country_to": "RS", "value": "0", "unit": "kg"}, {"date": "2007-09-01", "country_from": "AL", "country_to": "RS", "value": "0", "unit": "kg"}, {"date": "2007-10-01", "country_from": "AL", "country_to": "RS", "value": "0", "unit": "kg"}, {"date": "2007-11-01", "country_from": "AL", "country_to": "RS", "value": "0", "unit": "kg"}, {"date": "2007-12-01", "country_from": "AL", "country_to": "RS", "value": "0", "unit": "kg"}, {"date": "2006-05-01", "country_from": "AL", "country_to": "IN", "value": "0", "unit": "kg"}, {"date": "2006-06-01", "country_from": "AL", "country_to": "IN", "value": "0", "unit": "kg"}, {"date": "2006-07-01", "country_from": "AL", "country_to": "IN", "value": "0", "unit": "kg"}, {"date": "2006-08-01", "country_from": "AL", "country_to": "IN", "value": "0", "unit": "kg"}, {"date": "2006-09-01", "country_from": "AL", "country_to": "IN", "value": "0", "unit": "kg"}, {"date": "2006-10-01", "country_from": "AL", "country_to": "IN", "value": "0", "unit": "kg"}, {"date": "2006-11-01", "country_from": "AL", "country_to": "IN", "value": "0", "unit": "kg"}, {"date": "2006-12-01", "country_from": "AL", "country_to": "IN", "value": "0", "unit": "kg"}, {"date": "2007-01-01", "country_from": "AL", "country_to": "IN", "value": "0", "unit": "kg"}, {"date": "2007-02-01", "country_from": "AL", "country_to": "IN", "value": "0", "unit": "kg"}, {"date": "2007-03-01", "country_from": "AL", "country_to": "IN", "value": "0", "unit": "kg"}, {"date": "2007-04-01", "country_from": "AL", "country_to": "IN", "value": "0", "unit": "kg"}, {"date": "2007-05-01", "country_from": "AL", "country_to": "IN", "value": "0", "unit": "kg"}, {"date": "2007-06-01", "country_from": "AL", "country_to": "IN", "value": "0", "unit": "kg"}, {"date": "2007-07-01", "country_from": "AL", "country_to": "IN", "value": "0", "unit": "kg"}, {"date": "2007-08-01", "country_from": "AL", "country_to": "IN", "value": "0", "unit": "kg"}, {"date": "2007-09-01", "country_from": "AL", "country_to": "IN", "value": "0", "unit": "kg"}, {"date": "2007-10-01", "country_from": "AL", "country_to": "IN", "value": "0", "unit": "kg"}, {"date": "2007-11-01", "country_from": "AL", "country_to": "IN", "value": "0", "unit": "kg"}, {"date": "2007-12-01", "country_from": "AL", "country_to": "IN", "value": "0", "unit": "kg"}, {"date": "2006-05-01", "country_from": "AL", "country_to": "TH", "value": "0", "unit": "kg"}, {"date": "2006-06-01", "country_from": "AL", "country_to": "TH", "value": "0", "unit": "kg"}, {"date": "2006-07-01", "country_from": "AL", "country_to": "TH", "value": "0", "unit": "kg"}, {"date": "2006-08-01", "country_from": "AL", "country_to": "TH", "value": "0", "unit": "kg"}, {"date": "2006-09-01", "country_from": "AL", "country_to": "TH", "value": "0", "unit": "kg"}, {"date": "2006-10-01", "country_from": "AL", "country_to": "TH", "value": "0", "unit": "kg"}, {"date": "2006-11-01", "country_from": "AL", "country_to": "TH", "value": "0", "unit": "kg"}, {"date": "2006-12-01", "country_from": "AL", "country_to": "TH", "value": "0", "unit": "kg"}, {"date": "2007-01-01", "country_from": "AL", "country_to": "TH", "value": "0", "unit": "kg"}, {"date": "2007-02-01", "country_from": "AL", "country_to": "TH", "value": "0", "unit": "kg"}, {"date": "2007-03-01", "country_from": "AL", "country_to": "TH", "value": "0", "unit": "kg"}, {"date": "2007-04-01", "country_from": "AL", "country_to": "TH", "value": "0", "unit": "kg"}, {"date": "2007-05-01", "country_from": "AL", "country_to": "TH", "value": "0", "unit": "kg"}, {"date": "2007-06-01", "country_from": "AL", "country_to": "TH", "value": "0", "unit": "kg"}, {"date": "2007-07-01", "country_from": "AL", "country_to": "TH", "value": "0", "unit": "kg"}, {"date": "2007-08-01", "country_from": "AL", "country_to": "TH", "value": "0", "unit": "kg"}, {"date": "2007-09-01", "country_from": "AL", "country_to": "TH", "value": "0", "unit": "kg"}, {"date": "2007-10-01", "country_from": "AL", "country_to": "TH", "value": "0", "unit": "kg"}, {"date": "2007-11-01", "country_from": "AL", "country_to": "TH", "value": "0", "unit": "kg"}, {"date": "2007-12-01", "country_from": "AL", "country_to": "TH", "value": "0", "unit": "kg"}, {"date": "2006-05-01", "country_from": "AL", "country_to": "TR", "value": "0", "unit": "kg"}, {"date": "2006-06-01", "country_from": "AL", "country_to": "TR", "value": "0", "unit": "kg"}, {"date": "2006-07-01", "country_from": "AL", "country_to": "TR", "value": "0", "unit": "kg"}, {"date": "2006-08-01", "country_from": "AL", "country_to": "TR", "value": "0", "unit": "kg"}, {"date": "2006-09-01", "country_from": "AL", "country_to": "TR", "value": "0", "unit": "kg"}, {"date": "2006-10-01", "country_from": "AL", "country_to": "TR", "value": "0", "unit": "kg"}, {"date": "2006-11-01", "country_from": "AL", "country_to": "TR", "value": "0", "unit": "kg"}, {"date": "2006-12-01", "country_from": "AL", "country_to": "TR", "value": "0", "unit": "kg"}, {"date": "2007-01-01", "country_from": "AL", "country_to": "TR", "value": "0", "unit": "kg"}, {"date": "2007-02-01", "country_from": "AL", "country_to": "TR", "value": "0", "unit": "kg"}, {"date": "2007-03-01", "country_from": "AL", "country_to": "TR", "value": "0", "unit": "kg"}, {"date": "2007-04-01", "country_from": "AL", "country_to": "TR", "value": "0", "unit": "kg"}, {"date": "2007-05-01", "country_from": "AL", "country_to": "TR", "value": "0", "unit": "kg"}, {"date": "2007-06-01", "country_from": "AL", "country_to": "TR", "value": "0", "unit": "kg"}, {"date": "2007-07-01", "country_from": "AL", "country_to": "TR", "value": "0", "unit": "kg"}, {"date": "2007-08-01", "country_from": "AL", "country_to": "TR", "value": "0", "unit": "kg"}, {"date": "2007-09-01", "country_from": "AL", "country_to": "TR", "value": "0", "unit": "kg"}, {"date": "2007-10-01", "country_from": "AL", "country_to": "TR", "value": "0", "unit": "kg"}, {"date": "2007-11-01", "country_from": "AL", "country_to": "TR", "value": "0", "unit": "kg"}, {"date": "2007-12-01", "country_from": "AL", "country_to": "TR", "value": "0", "unit": "kg"}, {"date": "2006-05-01", "country_from": "AL", "country_to": "EG", "value": "0", "unit": "kg"}, {"date": "2006-06-01", "country_from": "AL", "country_to": "EG", "value": "0", "unit": "kg"}, {"date": "2006-07-01", "country_from": "AL", "country_to": "EG", "value": "0", "unit": "kg"}, {"date": "2006-08-01", "country_from": "AL", "country_to": "EG", "value": "0", "unit": "kg"}, {"date": "2006-09-01", "country_from": "AL", "country_to": "EG", "value": "0", "unit": "kg"}, {"date": "2006-10-01", "country_from": "AL", "country_to": "EG", "value": "0", "unit": "kg"}, {"date": "2006-11-01", "country_from": "AL", "country_to": "EG", "value": "0", "unit": "kg"}, {"date": "2006-12-01", "country_from": "AL", "country_to": "EG", "value": "0", "unit": "kg"}, {"date": "2007-01-01", "country_from": "AL", "country_to": "EG", "value": "0", "unit": "kg"}, {"date": "2007-02-01", "country_from": "AL", "country_to": "EG", "value": "0", "unit": "kg"}, {"date": "2007-03-01", "country_from": "AL", "country_to": "EG", "value": "0", "unit": "kg"}, {"date": "2007-04-01", "country_from": "AL", "country_to": "EG", "value": "0", "unit": "kg"}, {"date": "2007-05-01", "country_from": "AL", "country_to": "EG", "value": "0", "unit": "kg"}, {"date": "2007-06-01", "country_from": "AL", "country_to": "EG", "value": "0", "unit": "kg"}, {"date": "2007-07-01", "country_from": "AL", "country_to": "EG", "value": "0", "unit": "kg"}, {"date": "2007-08-01", "country_from": "AL", "country_to": "EG", "value": "0", "unit": "kg"}, {"date": "2007-09-01", "country_from": "AL", "country_to": "EG", "value": "0", "unit": "kg"}, {"date": "2007-10-01", "country_from": "AL", "country_to": "EG", "value": "0", "unit": "kg"}, {"date": "2007-11-01", "country_from": "AL", "country_to": "EG", "value": "0", "unit": "kg"}, {"date": "2007-12-01", "country_from": "AL", "country_to": "EG", "value": "0", "unit": "kg"}]