[{"date": "2018-12-01", "country_from": "FR", "country_to": "DE", "value": "2468", "unit": "kg"}, {"date": "2019-01-01", "country_from": "FR", "country_to": "DE", "value": "39047", "unit": "kg"}, {"date": "2019-02-01", "country_from": "FR", "country_to": "DE", "value": "193", "unit": "kg"}, {"date": "2019-03-01", "country_from": "FR", "country_to": "DE", "value": "8314", "unit": "kg"}, {"date": "2019-04-01", "country_from": "FR", "country_to": "DE", "value": "3662", "unit": "kg"}, {"date": "2019-05-01", "country_from": "FR", "country_to": "DE", "value": "29947", "unit": "kg"}, {"date": "2019-06-01", "country_from": "FR", "country_to": "DE", "value": "18595", "unit": "kg"}, {"date": "2019-07-01", "country_from": "FR", "country_to": "DE", "value": "6748", "unit": "kg"}, {"date": "2019-08-01", "country_from": "FR", "country_to": "DE", "value": "12337", "unit": "kg"}, {"date": "2019-09-01", "country_from": "FR", "country_to": "DE", "value": "13854", "unit": "kg"}, {"date": "2019-10-01", "country_from": "FR", "country_to": "DE", "value": "2191", "unit": "kg"}, {"date": "2019-11-01", "country_from": "FR", "country_to": "DE", "value": "32038", "unit": "kg"}, {"date": "2019-12-01", "country_from": "FR", "country_to": "DE", "value": "6185", "unit": "kg"}, {"date": "2020-01-01", "country_from": "FR", "country_to": "DE", "value": "1472", "unit": "kg"}, {"date": "2020-02-01", "country_from": "FR", "country_to": "DE", "value": "26917", "unit": "kg"}, {"date": "2020-03-01", "country_from": "FR", "country_to": "DE", "value": "103290", "unit": "kg"}, {"date": "2020-04-01", "country_from": "FR", "country_to": "DE", "value": "123907", "unit": "kg"}, {"date": "2020-05-01", "country_from": "FR", "country_to": "DE", "value": "141158", "unit": "kg"}, {"date": "2020-06-01", "country_from": "FR", "country_to": "DE", "value": "69655", "unit": "kg"}, {"date": "2020-07-01", "country_from": "FR", "country_to": "DE", "value": "76970", "unit": "kg"}, {"date": "2018-12-01", "country_from": "FR", "country_to": "IT", "value": "55166", "unit": "kg"}, {"date": "2019-01-01", "country_from": "FR", "country_to": "IT", "value": "25300", "unit": "kg"}, {"date": "2019-02-01", "country_from": "FR", "country_to": "IT", "value": "17537", "unit": "kg"}, {"date": "2019-03-01", "country_from": "FR", "country_to": "IT", "value": "132540", "unit": "kg"}, {"date": "2019-04-01", "country_from": "FR", "country_to": "IT", "value": "125761", "unit": "kg"}, {"date": "2019-05-01", "country_from": "FR", "country_to": "IT", "value": "545180", "unit": "kg"}, {"date": "2019-06-01", "country_from": "FR", "country_to": "IT", "value": "108598", "unit": "kg"}, {"date": "2019-07-01", "country_from": "FR", "country_to": "IT", "value": "13845", "unit": "kg"}, {"date": "2019-08-01", "country_from": "FR", "country_to": "IT", "value": "20", "unit": "kg"}, {"date": "2019-09-01", "country_from": "FR", "country_to": "IT", "value": "39138", "unit": "kg"}, {"date": "2019-10-01", "country_from": "FR", "country_to": "IT", "value": "156860", "unit": "kg"}, {"date": "2019-11-01", "country_from": "FR", "country_to": "IT", "value": "3410", "unit": "kg"}, {"date": "2019-12-01", "country_from": "FR", "country_to": "IT", "value": "10316", "unit": "kg"}, {"date": "2020-01-01", "country_from": "FR", "country_to": "IT", "value": "48942", "unit": "kg"}, {"date": "2020-02-01", "country_from": "FR", "country_to": "IT", "value": "38157", "unit": "kg"}, {"date": "2020-03-01", "country_from": "FR", "country_to": "IT", "value": "17179", "unit": "kg"}, {"date": "2020-04-01", "country_from": "FR", "country_to": "IT", "value": "0", "unit": "kg"}, {"date": "2020-05-01", "country_from": "FR", "country_to": "IT", "value": "24138", "unit": "kg"}, {"date": "2020-06-01", "country_from": "FR", "country_to": "IT", "value": "926", "unit": "kg"}, {"date": "2020-07-01", "country_from": "FR", "country_to": "IT", "value": "64719", "unit": "kg"}, {"date": "2018-12-01", "country_from": "FR", "country_to": "BE", "value": "758544", "unit": "kg"}, {"date": "2019-01-01", "country_from": "FR", "country_to": "BE", "value": "695807", "unit": "kg"}, {"date": "2019-02-01", "country_from": "FR", "country_to": "BE", "value": "13025", "unit": "kg"}, {"date": "2019-03-01", "country_from": "FR", "country_to": "BE", "value": "11057", "unit": "kg"}, {"date": "2019-04-01", "country_from": "FR", "country_to": "BE", "value": "8988", "unit": "kg"}, {"date": "2019-05-01", "country_from": "FR", "country_to": "BE", "value": "12348", "unit": "kg"}, {"date": "2019-06-01", "country_from": "FR", "country_to": "BE", "value": "11209", "unit": "kg"}, {"date": "2019-07-01", "country_from": "FR", "country_to": "BE", "value": "4539", "unit": "kg"}, {"date": "2019-08-01", "country_from": "FR", "country_to": "BE", "value": "5736", "unit": "kg"}, {"date": "2019-09-01", "country_from": "FR", "country_to": "BE", "value": "12111", "unit": "kg"}, {"date": "2019-10-01", "country_from": "FR", "country_to": "BE", "value": "16149", "unit": "kg"}, {"date": "2019-11-01", "country_from": "FR", "country_to": "BE", "value": "13616", "unit": "kg"}, {"date": "2019-12-01", "country_from": "FR", "country_to": "BE", "value": "6748", "unit": "kg"}, {"date": "2020-01-01", "country_from": "FR", "country_to": "BE", "value": "10875", "unit": "kg"}, {"date": "2020-02-01", "country_from": "FR", "country_to": "BE", "value": "8893", "unit": "kg"}, {"date": "2020-03-01", "country_from": "FR", "country_to": "BE", "value": "16672", "unit": "kg"}, {"date": "2020-04-01", "country_from": "FR", "country_to": "BE", "value": "38786", "unit": "kg"}, {"date": "2020-05-01", "country_from": "FR", "country_to": "BE", "value": "9349", "unit": "kg"}, {"date": "2020-06-01", "country_from": "FR", "country_to": "BE", "value": "7338", "unit": "kg"}, {"date": "2020-07-01", "country_from": "FR", "country_to": "BE", "value": "7756", "unit": "kg"}, {"date": "2018-12-01", "country_from": "FR", "country_to": "CH", "value": "0", "unit": "kg"}, {"date": "2019-01-01", "country_from": "FR", "country_to": "CH", "value": "29648", "unit": "kg"}, {"date": "2019-02-01", "country_from": "FR", "country_to": "CH", "value": "194", "unit": "kg"}, {"date": "2019-03-01", "country_from": "FR", "country_to": "CH", "value": "289", "unit": "kg"}, {"date": "2019-04-01", "country_from": "FR", "country_to": "CH", "value": "1051", "unit": "kg"}, {"date": "2019-05-01", "country_from": "FR", "country_to": "CH", "value": "982", "unit": "kg"}, {"date": "2019-06-01", "country_from": "FR", "country_to": "CH", "value": "4174", "unit": "kg"}, {"date": "2019-07-01", "country_from": "FR", "country_to": "CH", "value": "4217", "unit": "kg"}, {"date": "2019-08-01", "country_from": "FR", "country_to": "CH", "value": "25233", "unit": "kg"}, {"date": "2019-09-01", "country_from": "FR", "country_to": "CH", "value": "2203", "unit": "kg"}, {"date": "2019-10-01", "country_from": "FR", "country_to": "CH", "value": "713", "unit": "kg"}, {"date": "2019-11-01", "country_from": "FR", "country_to": "CH", "value": "2085", "unit": "kg"}, {"date": "2019-12-01", "country_from": "FR", "country_to": "CH", "value": "1717", "unit": "kg"}, {"date": "2020-01-01", "country_from": "FR", "country_to": "CH", "value": "1426", "unit": "kg"}, {"date": "2020-02-01", "country_from": "FR", "country_to": "CH", "value": "5671", "unit": "kg"}, {"date": "2020-03-01", "country_from": "FR", "country_to": "CH", "value": "1619", "unit": "kg"}, {"date": "2020-04-01", "country_from": "FR", "country_to": "CH", "value": "713", "unit": "kg"}, {"date": "2020-05-01", "country_from": "FR", "country_to": "CH", "value": "316", "unit": "kg"}, {"date": "2020-06-01", "country_from": "FR", "country_to": "CH", "value": "1766", "unit": "kg"}, {"date": "2020-07-01", "country_from": "FR", "country_to": "CH", "value": "6765", "unit": "kg"}, {"date": "2018-12-01", "country_from": "FR", "country_to": "ES", "value": "1671", "unit": "kg"}, {"date": "2019-01-01", "country_from": "FR", "country_to": "ES", "value": "2017", "unit": "kg"}, {"date": "2019-02-01", "country_from": "FR", "country_to": "ES", "value": "50186", "unit": "kg"}, {"date": "2019-03-01", "country_from": "FR", "country_to": "ES", "value": "25105", "unit": "kg"}, {"date": "2019-04-01", "country_from": "FR", "country_to": "ES", "value": "2511", "unit": "kg"}, {"date": "2019-05-01", "country_from": "FR", "country_to": "ES", "value": "2570", "unit": "kg"}, {"date": "2019-06-01", "country_from": "FR", "country_to": "ES", "value": "2061", "unit": "kg"}, {"date": "2019-07-01", "country_from": "FR", "country_to": "ES", "value": "13699", "unit": "kg"}, {"date": "2019-08-01", "country_from": "FR", "country_to": "ES", "value": "54732", "unit": "kg"}, {"date": "2019-09-01", "country_from": "FR", "country_to": "ES", "value": "522", "unit": "kg"}, {"date": "2019-10-01", "country_from": "FR", "country_to": "ES", "value": "3888", "unit": "kg"}, {"date": "2019-11-01", "country_from": "FR", "country_to": "ES", "value": "25755", "unit": "kg"}, {"date": "2019-12-01", "country_from": "FR", "country_to": "ES", "value": "25378", "unit": "kg"}, {"date": "2020-01-01", "country_from": "FR", "country_to": "ES", "value": "1737", "unit": "kg"}, {"date": "2020-02-01", "country_from": "FR", "country_to": "ES", "value": "35768", "unit": "kg"}, {"date": "2020-03-01", "country_from": "FR", "country_to": "ES", "value": "487", "unit": "kg"}, {"date": "2020-04-01", "country_from": "FR", "country_to": "ES", "value": "51903", "unit": "kg"}, {"date": "2020-05-01", "country_from": "FR", "country_to": "ES", "value": "494", "unit": "kg"}, {"date": "2020-06-01", "country_from": "FR", "country_to": "ES", "value": "24316", "unit": "kg"}, {"date": "2020-07-01", "country_from": "FR", "country_to": "ES", "value": "4436", "unit": "kg"}, {"date": "2018-12-01", "country_from": "FR", "country_to": "IE", "value": "1152", "unit": "kg"}, {"date": "2019-01-01", "country_from": "FR", "country_to": "IE", "value": "0", "unit": "kg"}, {"date": "2019-02-01", "country_from": "FR", "country_to": "IE", "value": "6912", "unit": "kg"}, {"date": "2019-03-01", "country_from": "FR", "country_to": "IE", "value": "2304", "unit": "kg"}, {"date": "2019-04-01", "country_from": "FR", "country_to": "IE", "value": "0", "unit": "kg"}, {"date": "2019-05-01", "country_from": "FR", "country_to": "IE", "value": "1152", "unit": "kg"}, {"date": "2019-06-01", "country_from": "FR", "country_to": "IE", "value": "2304", "unit": "kg"}, {"date": "2019-07-01", "country_from": "FR", "country_to": "IE", "value": "2329", "unit": "kg"}, {"date": "2019-08-01", "country_from": "FR", "country_to": "IE", "value": "0", "unit": "kg"}, {"date": "2019-09-01", "country_from": "FR", "country_to": "IE", "value": "0", "unit": "kg"}, {"date": "2019-10-01", "country_from": "FR", "country_to": "IE", "value": "3456", "unit": "kg"}, {"date": "2019-11-01", "country_from": "FR", "country_to": "IE", "value": "5760", "unit": "kg"}, {"date": "2019-12-01", "country_from": "FR", "country_to": "IE", "value": "0", "unit": "kg"}, {"date": "2020-01-01", "country_from": "FR", "country_to": "IE", "value": "2304", "unit": "kg"}, {"date": "2020-02-01", "country_from": "FR", "country_to": "IE", "value": "5760", "unit": "kg"}, {"date": "2020-03-01", "country_from": "FR", "country_to": "IE", "value": "0", "unit": "kg"}, {"date": "2020-04-01", "country_from": "FR", "country_to": "IE", "value": "11520", "unit": "kg"}, {"date": "2020-05-01", "country_from": "FR", "country_to": "IE", "value": "0", "unit": "kg"}, {"date": "2020-06-01", "country_from": "FR", "country_to": "IE", "value": "0", "unit": "kg"}, {"date": "2020-07-01", "country_from": "FR", "country_to": "IE", "value": "3456", "unit": "kg"}, {"date": "2018-12-01", "country_from": "FR", "country_to": "PT", "value": "82", "unit": "kg"}, {"date": "2019-01-01", "country_from": "FR", "country_to": "PT", "value": "1458", "unit": "kg"}, {"date": "2019-02-01", "country_from": "FR", "country_to": "PT", "value": "710", "unit": "kg"}, {"date": "2019-03-01", "country_from": "FR", "country_to": "PT", "value": "119", "unit": "kg"}, {"date": "2019-04-01", "country_from": "FR", "country_to": "PT", "value": "746", "unit": "kg"}, {"date": "2019-05-01", "country_from": "FR", "country_to": "PT", "value": "1038", "unit": "kg"}, {"date": "2019-06-01", "country_from": "FR", "country_to": "PT", "value": "535", "unit": "kg"}, {"date": "2019-07-01", "country_from": "FR", "country_to": "PT", "value": "504", "unit": "kg"}, {"date": "2019-08-01", "country_from": "FR", "country_to": "PT", "value": "775", "unit": "kg"}, {"date": "2019-09-01", "country_from": "FR", "country_to": "PT", "value": "79", "unit": "kg"}, {"date": "2019-10-01", "country_from": "FR", "country_to": "PT", "value": "766", "unit": "kg"}, {"date": "2019-11-01", "country_from": "FR", "country_to": "PT", "value": "444", "unit": "kg"}, {"date": "2019-12-01", "country_from": "FR", "country_to": "PT", "value": "307", "unit": "kg"}, {"date": "2020-01-01", "country_from": "FR", "country_to": "PT", "value": "946", "unit": "kg"}, {"date": "2020-02-01", "country_from": "FR", "country_to": "PT", "value": "1420", "unit": "kg"}, {"date": "2020-03-01", "country_from": "FR", "country_to": "PT", "value": "666", "unit": "kg"}, {"date": "2020-04-01", "country_from": "FR", "country_to": "PT", "value": "1156", "unit": "kg"}, {"date": "2020-05-01", "country_from": "FR", "country_to": "PT", "value": "681", "unit": "kg"}, {"date": "2020-06-01", "country_from": "FR", "country_to": "PT", "value": "40", "unit": "kg"}, {"date": "2020-07-01", "country_from": "FR", "country_to": "PT", "value": "1219", "unit": "kg"}, {"date": "2018-12-01", "country_from": "FR", "country_to": "TN", "value": "0", "unit": "kg"}, {"date": "2019-01-01", "country_from": "FR", "country_to": "TN", "value": "0", "unit": "kg"}, {"date": "2019-02-01", "country_from": "FR", "country_to": "TN", "value": "0", "unit": "kg"}, {"date": "2019-03-01", "country_from": "FR", "country_to": "TN", "value": "0", "unit": "kg"}, {"date": "2019-04-01", "country_from": "FR", "country_to": "TN", "value": "0", "unit": "kg"}, {"date": "2019-05-01", "country_from": "FR", "country_to": "TN", "value": "0", "unit": "kg"}, {"date": "2019-06-01", "country_from": "FR", "country_to": "TN", "value": "0", "unit": "kg"}, {"date": "2019-07-01", "country_from": "FR", "country_to": "TN", "value": "0", "unit": "kg"}, {"date": "2019-08-01", "country_from": "FR", "country_to": "TN", "value": "0", "unit": "kg"}, {"date": "2019-09-01", "country_from": "FR", "country_to": "TN", "value": "0", "unit": "kg"}, {"date": "2019-10-01", "country_from": "FR", "country_to": "TN", "value": "0", "unit": "kg"}, {"date": "2019-11-01", "country_from": "FR", "country_to": "TN", "value": "0", "unit": "kg"}, {"date": "2019-12-01", "country_from": "FR", "country_to": "TN", "value": "0", "unit": "kg"}, {"date": "2020-01-01", "country_from": "FR", "country_to": "TN", "value": "0", "unit": "kg"}, {"date": "2020-02-01", "country_from": "FR", "country_to": "TN", "value": "0", "unit": "kg"}, {"date": "2020-03-01", "country_from": "FR", "country_to": "TN", "value": "0", "unit": "kg"}, {"date": "2020-04-01", "country_from": "FR", "country_to": "TN", "value": "0", "unit": "kg"}, {"date": "2020-05-01", "country_from": "FR", "country_to": "TN", "value": "0", "unit": "kg"}, {"date": "2020-06-01", "country_from": "FR", "country_to": "TN", "value": "0", "unit": "kg"}, {"date": "2020-07-01", "country_from": "FR", "country_to": "TN", "value": "1080", "unit": "kg"}, {"date": "2018-12-01", "country_from": "FR", "country_to": "PL", "value": "0", "unit": "kg"}, {"date": "2019-01-01", "country_from": "FR", "country_to": "PL", "value": "0", "unit": "kg"}, {"date": "2019-02-01", "country_from": "FR", "country_to": "PL", "value": "0", "unit": "kg"}, {"date": "2019-03-01", "country_from": "FR", "country_to": "PL", "value": "0", "unit": "kg"}, {"date": "2019-04-01", "country_from": "FR", "country_to": "PL", "value": "0", "unit": "kg"}, {"date": "2019-05-01", "country_from": "FR", "country_to": "PL", "value": "0", "unit": "kg"}, {"date": "2019-06-01", "country_from": "FR", "country_to": "PL", "value": "0", "unit": "kg"}, {"date": "2019-07-01", "country_from": "FR", "country_to": "PL", "value": "0", "unit": "kg"}, {"date": "2019-08-01", "country_from": "FR", "country_to": "PL", "value": "0", "unit": "kg"}, {"date": "2019-09-01", "country_from": "FR", "country_to": "PL", "value": "0", "unit": "kg"}, {"date": "2019-10-01", "country_from": "FR", "country_to": "PL", "value": "0", "unit": "kg"}, {"date": "2019-11-01", "country_from": "FR", "country_to": "PL", "value": "720", "unit": "kg"}, {"date": "2019-12-01", "country_from": "FR", "country_to": "PL", "value": "0", "unit": "kg"}, {"date": "2020-01-01", "country_from": "FR", "country_to": "PL", "value": "0", "unit": "kg"}, {"date": "2020-02-01", "country_from": "FR", "country_to": "PL", "value": "0", "unit": "kg"}, {"date": "2020-03-01", "country_from": "FR", "country_to": "PL", "value": "0", "unit": "kg"}, {"date": "2020-04-01", "country_from": "FR", "country_to": "PL", "value": "0", "unit": "kg"}, {"date": "2020-05-01", "country_from": "FR", "country_to": "PL", "value": "282", "unit": "kg"}, {"date": "2020-06-01", "country_from": "FR", "country_to": "PL", "value": "0", "unit": "kg"}, {"date": "2020-07-01", "country_from": "FR", "country_to": "PL", "value": "566", "unit": "kg"}, {"date": "2018-12-01", "country_from": "FR", "country_to": "LU", "value": "20714", "unit": "kg"}, {"date": "2019-01-01", "country_from": "FR", "country_to": "LU", "value": "50981", "unit": "kg"}, {"date": "2019-02-01", "country_from": "FR", "country_to": "LU", "value": "2400", "unit": "kg"}, {"date": "2019-03-01", "country_from": "FR", "country_to": "LU", "value": "8344", "unit": "kg"}, {"date": "2019-04-01", "country_from": "FR", "country_to": "LU", "value": "3345", "unit": "kg"}, {"date": "2019-05-01", "country_from": "FR", "country_to": "LU", "value": "3426", "unit": "kg"}, {"date": "2019-06-01", "country_from": "FR", "country_to": "LU", "value": "2718", "unit": "kg"}, {"date": "2019-07-01", "country_from": "FR", "country_to": "LU", "value": "4033", "unit": "kg"}, {"date": "2019-08-01", "country_from": "FR", "country_to": "LU", "value": "3485", "unit": "kg"}, {"date": "2019-09-01", "country_from": "FR", "country_to": "LU", "value": "2172", "unit": "kg"}, {"date": "2019-10-01", "country_from": "FR", "country_to": "LU", "value": "3030", "unit": "kg"}, {"date": "2019-11-01", "country_from": "FR", "country_to": "LU", "value": "4460", "unit": "kg"}, {"date": "2019-12-01", "country_from": "FR", "country_to": "LU", "value": "3770", "unit": "kg"}, {"date": "2020-01-01", "country_from": "FR", "country_to": "LU", "value": "57237", "unit": "kg"}, {"date": "2020-02-01", "country_from": "FR", "country_to": "LU", "value": "2748", "unit": "kg"}, {"date": "2020-03-01", "country_from": "FR", "country_to": "LU", "value": "3819", "unit": "kg"}, {"date": "2020-04-01", "country_from": "FR", "country_to": "LU", "value": "1963", "unit": "kg"}, {"date": "2020-05-01", "country_from": "FR", "country_to": "LU", "value": "834", "unit": "kg"}, {"date": "2020-06-01", "country_from": "FR", "country_to": "LU", "value": "1506", "unit": "kg"}, {"date": "2020-07-01", "country_from": "FR", "country_to": "LU", "value": "540", "unit": "kg"}, {"date": "2018-12-01", "country_from": "FR", "country_to": "RO", "value": "0", "unit": "kg"}, {"date": "2019-01-01", "country_from": "FR", "country_to": "RO", "value": "24", "unit": "kg"}, {"date": "2019-02-01", "country_from": "FR", "country_to": "RO", "value": "0", "unit": "kg"}, {"date": "2019-03-01", "country_from": "FR", "country_to": "RO", "value": "0", "unit": "kg"}, {"date": "2019-04-01", "country_from": "FR", "country_to": "RO", "value": "18", "unit": "kg"}, {"date": "2019-05-01", "country_from": "FR", "country_to": "RO", "value": "0", "unit": "kg"}, {"date": "2019-06-01", "country_from": "FR", "country_to": "RO", "value": "0", "unit": "kg"}, {"date": "2019-07-01", "country_from": "FR", "country_to": "RO", "value": "0", "unit": "kg"}, {"date": "2019-08-01", "country_from": "FR", "country_to": "RO", "value": "0", "unit": "kg"}, {"date": "2019-09-01", "country_from": "FR", "country_to": "RO", "value": "0", "unit": "kg"}, {"date": "2019-10-01", "country_from": "FR", "country_to": "RO", "value": "84", "unit": "kg"}, {"date": "2019-11-01", "country_from": "FR", "country_to": "RO", "value": "0", "unit": "kg"}, {"date": "2019-12-01", "country_from": "FR", "country_to": "RO", "value": "0", "unit": "kg"}, {"date": "2020-01-01", "country_from": "FR", "country_to": "RO", "value": "54", "unit": "kg"}, {"date": "2020-02-01", "country_from": "FR", "country_to": "RO", "value": "0", "unit": "kg"}, {"date": "2020-03-01", "country_from": "FR", "country_to": "RO", "value": "90", "unit": "kg"}, {"date": "2020-04-01", "country_from": "FR", "country_to": "RO", "value": "0", "unit": "kg"}, {"date": "2020-05-01", "country_from": "FR", "country_to": "RO", "value": "0", "unit": "kg"}, {"date": "2020-06-01", "country_from": "FR", "country_to": "RO", "value": "0", "unit": "kg"}, {"date": "2020-07-01", "country_from": "FR", "country_to": "RO", "value": "528", "unit": "kg"}, {"date": "2018-12-01", "country_from": "FR", "country_to": "NL", "value": "112", "unit": "kg"}, {"date": "2019-01-01", "country_from": "FR", "country_to": "NL", "value": "0", "unit": "kg"}, {"date": "2019-02-01", "country_from": "FR", "country_to": "NL", "value": "25285", "unit": "kg"}, {"date": "2019-03-01", "country_from": "FR", "country_to": "NL", "value": "25176", "unit": "kg"}, {"date": "2019-04-01", "country_from": "FR", "country_to": "NL", "value": "328", "unit": "kg"}, {"date": "2019-05-01", "country_from": "FR", "country_to": "NL", "value": "2155", "unit": "kg"}, {"date": "2019-06-01", "country_from": "FR", "country_to": "NL", "value": "107", "unit": "kg"}, {"date": "2019-07-01", "country_from": "FR", "country_to": "NL", "value": "570447", "unit": "kg"}, {"date": "2019-08-01", "country_from": "FR", "country_to": "NL", "value": "163345", "unit": "kg"}, {"date": "2019-09-01", "country_from": "FR", "country_to": "NL", "value": "200", "unit": "kg"}, {"date": "2019-10-01", "country_from": "FR", "country_to": "NL", "value": "896", "unit": "kg"}, {"date": "2019-11-01", "country_from": "FR", "country_to": "NL", "value": "245", "unit": "kg"}, {"date": "2019-12-01", "country_from": "FR", "country_to": "NL", "value": "494", "unit": "kg"}, {"date": "2020-01-01", "country_from": "FR", "country_to": "NL", "value": "108", "unit": "kg"}, {"date": "2020-02-01", "country_from": "FR", "country_to": "NL", "value": "0", "unit": "kg"}, {"date": "2020-03-01", "country_from": "FR", "country_to": "NL", "value": "478", "unit": "kg"}, {"date": "2020-04-01", "country_from": "FR", "country_to": "NL", "value": "26000", "unit": "kg"}, {"date": "2020-05-01", "country_from": "FR", "country_to": "NL", "value": "878", "unit": "kg"}, {"date": "2020-06-01", "country_from": "FR", "country_to": "NL", "value": "182", "unit": "kg"}, {"date": "2020-07-01", "country_from": "FR", "country_to": "NL", "value": "484", "unit": "kg"}, {"date": "2018-12-01", "country_from": "FR", "country_to": "TG", "value": "0", "unit": "kg"}, {"date": "2019-01-01", "country_from": "FR", "country_to": "TG", "value": "0", "unit": "kg"}, {"date": "2019-02-01", "country_from": "FR", "country_to": "TG", "value": "0", "unit": "kg"}, {"date": "2019-03-01", "country_from": "FR", "country_to": "TG", "value": "250", "unit": "kg"}, {"date": "2019-04-01", "country_from": "FR", "country_to": "TG", "value": "0", "unit": "kg"}, {"date": "2019-05-01", "country_from": "FR", "country_to": "TG", "value": "0", "unit": "kg"}, {"date": "2019-06-01", "country_from": "FR", "country_to": "TG", "value": "0", "unit": "kg"}, {"date": "2019-07-01", "country_from": "FR", "country_to": "TG", "value": "0", "unit": "kg"}, {"date": "2019-08-01", "country_from": "FR", "country_to": "TG", "value": "0", "unit": "kg"}, {"date": "2019-09-01", "country_from": "FR", "country_to": "TG", "value": "0", "unit": "kg"}, {"date": "2019-10-01", "country_from": "FR", "country_to": "TG", "value": "0", "unit": "kg"}, {"date": "2019-11-01", "country_from": "FR", "country_to": "TG", "value": "0", "unit": "kg"}, {"date": "2019-12-01", "country_from": "FR", "country_to": "TG", "value": "0", "unit": "kg"}, {"date": "2020-01-01", "country_from": "FR", "country_to": "TG", "value": "0", "unit": "kg"}, {"date": "2020-02-01", "country_from": "FR", "country_to": "TG", "value": "0", "unit": "kg"}, {"date": "2020-03-01", "country_from": "FR", "country_to": "TG", "value": "0", "unit": "kg"}, {"date": "2020-04-01", "country_from": "FR", "country_to": "TG", "value": "0", "unit": "kg"}, {"date": "2020-05-01", "country_from": "FR", "country_to": "TG", "value": "0", "unit": "kg"}, {"date": "2020-06-01", "country_from": "FR", "country_to": "TG", "value": "0", "unit": "kg"}, {"date": "2020-07-01", "country_from": "FR", "country_to": "TG", "value": "313", "unit": "kg"}, {"date": "2018-12-01", "country_from": "FR", "country_to": "MD", "value": "250", "unit": "kg"}, {"date": "2019-01-01", "country_from": "FR", "country_to": "MD", "value": "0", "unit": "kg"}, {"date": "2019-02-01", "country_from": "FR", "country_to": "MD", "value": "0", "unit": "kg"}, {"date": "2019-03-01", "country_from": "FR", "country_to": "MD", "value": "0", "unit": "kg"}, {"date": "2019-04-01", "country_from": "FR", "country_to": "MD", "value": "229", "unit": "kg"}, {"date": "2019-05-01", "country_from": "FR", "country_to": "MD", "value": "0", "unit": "kg"}, {"date": "2019-06-01", "country_from": "FR", "country_to": "MD", "value": "167", "unit": "kg"}, {"date": "2019-07-01", "country_from": "FR", "country_to": "MD", "value": "0", "unit": "kg"}, {"date": "2019-08-01", "country_from": "FR", "country_to": "MD", "value": "0", "unit": "kg"}, {"date": "2019-09-01", "country_from": "FR", "country_to": "MD", "value": "0", "unit": "kg"}, {"date": "2019-10-01", "country_from": "FR", "country_to": "MD", "value": "0", "unit": "kg"}, {"date": "2019-11-01", "country_from": "FR", "country_to": "MD", "value": "0", "unit": "kg"}, {"date": "2019-12-01", "country_from": "FR", "country_to": "MD", "value": "0", "unit": "kg"}, {"date": "2020-01-01", "country_from": "FR", "country_to": "MD", "value": "0", "unit": "kg"}, {"date": "2020-02-01", "country_from": "FR", "country_to": "MD", "value": "0", "unit": "kg"}, {"date": "2020-03-01", "country_from": "FR", "country_to": "MD", "value": "0", "unit": "kg"}, {"date": "2020-04-01", "country_from": "FR", "country_to": "MD", "value": "0", "unit": "kg"}, {"date": "2020-05-01", "country_from": "FR", "country_to": "MD", "value": "0", "unit": "kg"}, {"date": "2020-06-01", "country_from": "FR", "country_to": "MD", "value": "0", "unit": "kg"}, {"date": "2020-07-01", "country_from": "FR", "country_to": "MD", "value": "230", "unit": "kg"}, {"date": "2018-12-01", "country_from": "FR", "country_to": "-", "value": "0", "unit": "kg"}, {"date": "2019-01-01", "country_from": "FR", "country_to": "-", "value": "0", "unit": "kg"}, {"date": "2019-02-01", "country_from": "FR", "country_to": "-", "value": "0", "unit": "kg"}, {"date": "2019-03-01", "country_from": "FR", "country_to": "-", "value": "0", "unit": "kg"}, {"date": "2019-04-01", "country_from": "FR", "country_to": "-", "value": "0", "unit": "kg"}, {"date": "2019-05-01", "country_from": "FR", "country_to": "-", "value": "0", "unit": "kg"}, {"date": "2019-06-01", "country_from": "FR", "country_to": "-", "value": "0", "unit": "kg"}, {"date": "2019-07-01", "country_from": "FR", "country_to": "-", "value": "0", "unit": "kg"}, {"date": "2019-08-01", "country_from": "FR", "country_to": "-", "value": "0", "unit": "kg"}, {"date": "2019-09-01", "country_from": "FR", "country_to": "-", "value": "0", "unit": "kg"}, {"date": "2019-10-01", "country_from": "FR", "country_to": "-", "value": "0", "unit": "kg"}, {"date": "2019-11-01", "country_from": "FR", "country_to": "-", "value": "0", "unit": "kg"}, {"date": "2019-12-01", "country_from": "FR", "country_to": "-", "value": "0", "unit": "kg"}, {"date": "2020-01-01", "country_from": "FR", "country_to": "-", "value": "0", "unit": "kg"}, {"date": "2020-02-01", "country_from": "FR", "country_to": "-", "value": "0", "unit": "kg"}, {"date": "2020-03-01", "country_from": "FR", "country_to": "-", "value": "0", "unit": "kg"}, {"date": "2020-04-01", "country_from": "FR", "country_to": "-", "value": "0", "unit": "kg"}, {"date": "2020-05-01", "country_from": "FR", "country_to": "-", "value": "0", "unit": "kg"}, {"date": "2020-06-01", "country_from": "FR", "country_to": "-", "value": "0", "unit": "kg"}, {"date": "2020-07-01", "country_from": "FR", "country_to": "-", "value": "210", "unit": "kg"}, {"date": "2018-12-01", "country_from": "FR", "country_to": "-", "value": "0", "unit": "kg"}, {"date": "2019-01-01", "country_from": "FR", "country_to": "-", "value": "0", "unit": "kg"}, {"date": "2019-02-01", "country_from": "FR", "country_to": "-", "value": "0", "unit": "kg"}, {"date": "2019-03-01", "country_from": "FR", "country_to": "-", "value": "0", "unit": "kg"}, {"date": "2019-04-01", "country_from": "FR", "country_to": "-", "value": "0", "unit": "kg"}, {"date": "2019-05-01", "country_from": "FR", "country_to": "-", "value": "0", "unit": "kg"}, {"date": "2019-06-01", "country_from": "FR", "country_to": "-", "value": "0", "unit": "kg"}, {"date": "2019-07-01", "country_from": "FR", "country_to": "-", "value": "564", "unit": "kg"}, {"date": "2019-08-01", "country_from": "FR", "country_to": "-", "value": "0", "unit": "kg"}, {"date": "2019-09-01", "country_from": "FR", "country_to": "-", "value": "0", "unit": "kg"}, {"date": "2019-10-01", "country_from": "FR", "country_to": "-", "value": "0", "unit": "kg"}, {"date": "2019-11-01", "country_from": "FR", "country_to": "-", "value": "0", "unit": "kg"}, {"date": "2019-12-01", "country_from": "FR", "country_to": "-", "value": "0", "unit": "kg"}, {"date": "2020-01-01", "country_from": "FR", "country_to": "-", "value": "491", "unit": "kg"}, {"date": "2020-02-01", "country_from": "FR", "country_to": "-", "value": "0", "unit": "kg"}, {"date": "2020-03-01", "country_from": "FR", "country_to": "-", "value": "100", "unit": "kg"}, {"date": "2020-04-01", "country_from": "FR", "country_to": "-", "value": "159", "unit": "kg"}, {"date": "2020-05-01", "country_from": "FR", "country_to": "-", "value": "0", "unit": "kg"}, {"date": "2020-06-01", "country_from": "FR", "country_to": "-", "value": "78", "unit": "kg"}, {"date": "2020-07-01", "country_from": "FR", "country_to": "-", "value": "28", "unit": "kg"}, {"date": "2018-12-01", "country_from": "FR", "country_to": "JP", "value": "0", "unit": "kg"}, {"date": "2019-01-01", "country_from": "FR", "country_to": "JP", "value": "3500", "unit": "kg"}, {"date": "2019-02-01", "country_from": "FR", "country_to": "JP", "value": "0", "unit": "kg"}, {"date": "2019-03-01", "country_from": "FR", "country_to": "JP", "value": "0", "unit": "kg"}, {"date": "2019-04-01", "country_from": "FR", "country_to": "JP", "value": "0", "unit": "kg"}, {"date": "2019-05-01", "country_from": "FR", "country_to": "JP", "value": "0", "unit": "kg"}, {"date": "2019-06-01", "country_from": "FR", "country_to": "JP", "value": "0", "unit": "kg"}, {"date": "2019-07-01", "country_from": "FR", "country_to": "JP", "value": "0", "unit": "kg"}, {"date": "2019-08-01", "country_from": "FR", "country_to": "JP", "value": "0", "unit": "kg"}, {"date": "2019-09-01", "country_from": "FR", "country_to": "JP", "value": "0", "unit": "kg"}, {"date": "2019-10-01", "country_from": "FR", "country_to": "JP", "value": "0", "unit": "kg"}, {"date": "2019-11-01", "country_from": "FR", "country_to": "JP", "value": "0", "unit": "kg"}, {"date": "2019-12-01", "country_from": "FR", "country_to": "JP", "value": "0", "unit": "kg"}, {"date": "2020-01-01", "country_from": "FR", "country_to": "JP", "value": "0", "unit": "kg"}, {"date": "2020-02-01", "country_from": "FR", "country_to": "JP", "value": "0", "unit": "kg"}, {"date": "2020-03-01", "country_from": "FR", "country_to": "JP", "value": "3500", "unit": "kg"}, {"date": "2020-04-01", "country_from": "FR", "country_to": "JP", "value": "0", "unit": "kg"}, {"date": "2020-05-01", "country_from": "FR", "country_to": "JP", "value": "0", "unit": "kg"}, {"date": "2020-06-01", "country_from": "FR", "country_to": "JP", "value": "0", "unit": "kg"}, {"date": "2020-07-01", "country_from": "FR", "country_to": "JP", "value": "0", "unit": "kg"}, {"date": "2018-12-01", "country_from": "FR", "country_to": "LB", "value": "3100", "unit": "kg"}, {"date": "2019-01-01", "country_from": "FR", "country_to": "LB", "value": "1425", "unit": "kg"}, {"date": "2019-02-01", "country_from": "FR", "country_to": "LB", "value": "254", "unit": "kg"}, {"date": "2019-03-01", "country_from": "FR", "country_to": "LB", "value": "0", "unit": "kg"}, {"date": "2019-04-01", "country_from": "FR", "country_to": "LB", "value": "2552", "unit": "kg"}, {"date": "2019-05-01", "country_from": "FR", "country_to": "LB", "value": "0", "unit": "kg"}, {"date": "2019-06-01", "country_from": "FR", "country_to": "LB", "value": "0", "unit": "kg"}, {"date": "2019-07-01", "country_from": "FR", "country_to": "LB", "value": "4030", "unit": "kg"}, {"date": "2019-08-01", "country_from": "FR", "country_to": "LB", "value": "0", "unit": "kg"}, {"date": "2019-09-01", "country_from": "FR", "country_to": "LB", "value": "0", "unit": "kg"}, {"date": "2019-10-01", "country_from": "FR", "country_to": "LB", "value": "5015", "unit": "kg"}, {"date": "2019-11-01", "country_from": "FR", "country_to": "LB", "value": "0", "unit": "kg"}, {"date": "2019-12-01", "country_from": "FR", "country_to": "LB", "value": "0", "unit": "kg"}, {"date": "2020-01-01", "country_from": "FR", "country_to": "LB", "value": "0", "unit": "kg"}, {"date": "2020-02-01", "country_from": "FR", "country_to": "LB", "value": "0", "unit": "kg"}, {"date": "2020-03-01", "country_from": "FR", "country_to": "LB", "value": "0", "unit": "kg"}, {"date": "2020-04-01", "country_from": "FR", "country_to": "LB", "value": "0", "unit": "kg"}, {"date": "2020-05-01", "country_from": "FR", "country_to": "LB", "value": "4375", "unit": "kg"}, {"date": "2020-06-01", "country_from": "FR", "country_to": "LB", "value": "0", "unit": "kg"}, {"date": "2020-07-01", "country_from": "FR", "country_to": "LB", "value": "0", "unit": "kg"}, {"date": "2018-12-01", "country_from": "FR", "country_to": "GR", "value": "0", "unit": "kg"}, {"date": "2019-01-01", "country_from": "FR", "country_to": "GR", "value": "204", "unit": "kg"}, {"date": "2019-02-01", "country_from": "FR", "country_to": "GR", "value": "68", "unit": "kg"}, {"date": "2019-03-01", "country_from": "FR", "country_to": "GR", "value": "52", "unit": "kg"}, {"date": "2019-04-01", "country_from": "FR", "country_to": "GR", "value": "62", "unit": "kg"}, {"date": "2019-05-01", "country_from": "FR", "country_to": "GR", "value": "0", "unit": "kg"}, {"date": "2019-06-01", "country_from": "FR", "country_to": "GR", "value": "342", "unit": "kg"}, {"date": "2019-07-01", "country_from": "FR", "country_to": "GR", "value": "72", "unit": "kg"}, {"date": "2019-08-01", "country_from": "FR", "country_to": "GR", "value": "39", "unit": "kg"}, {"date": "2019-09-01", "country_from": "FR", "country_to": "GR", "value": "0", "unit": "kg"}, {"date": "2019-10-01", "country_from": "FR", "country_to": "GR", "value": "154", "unit": "kg"}, {"date": "2019-11-01", "country_from": "FR", "country_to": "GR", "value": "145", "unit": "kg"}, {"date": "2019-12-01", "country_from": "FR", "country_to": "GR", "value": "75", "unit": "kg"}, {"date": "2020-01-01", "country_from": "FR", "country_to": "GR", "value": "0", "unit": "kg"}, {"date": "2020-02-01", "country_from": "FR", "country_to": "GR", "value": "0", "unit": "kg"}, {"date": "2020-03-01", "country_from": "FR", "country_to": "GR", "value": "240", "unit": "kg"}, {"date": "2020-04-01", "country_from": "FR", "country_to": "GR", "value": "0", "unit": "kg"}, {"date": "2020-05-01", "country_from": "FR", "country_to": "GR", "value": "115", "unit": "kg"}, {"date": "2020-06-01", "country_from": "FR", "country_to": "GR", "value": "0", "unit": "kg"}, {"date": "2020-07-01", "country_from": "FR", "country_to": "GR", "value": "0", "unit": "kg"}, {"date": "2018-12-01", "country_from": "FR", "country_to": "GN", "value": "0", "unit": "kg"}, {"date": "2019-01-01", "country_from": "FR", "country_to": "GN", "value": "0", "unit": "kg"}, {"date": "2019-02-01", "country_from": "FR", "country_to": "GN", "value": "0", "unit": "kg"}, {"date": "2019-03-01", "country_from": "FR", "country_to": "GN", "value": "0", "unit": "kg"}, {"date": "2019-04-01", "country_from": "FR", "country_to": "GN", "value": "390", "unit": "kg"}, {"date": "2019-05-01", "country_from": "FR", "country_to": "GN", "value": "0", "unit": "kg"}, {"date": "2019-06-01", "country_from": "FR", "country_to": "GN", "value": "0", "unit": "kg"}, {"date": "2019-07-01", "country_from": "FR", "country_to": "GN", "value": "0", "unit": "kg"}, {"date": "2019-08-01", "country_from": "FR", "country_to": "GN", "value": "0", "unit": "kg"}, {"date": "2019-09-01", "country_from": "FR", "country_to": "GN", "value": "0", "unit": "kg"}, {"date": "2019-10-01", "country_from": "FR", "country_to": "GN", "value": "0", "unit": "kg"}, {"date": "2019-11-01", "country_from": "FR", "country_to": "GN", "value": "0", "unit": "kg"}, {"date": "2019-12-01", "country_from": "FR", "country_to": "GN", "value": "0", "unit": "kg"}, {"date": "2020-01-01", "country_from": "FR", "country_to": "GN", "value": "0", "unit": "kg"}, {"date": "2020-02-01", "country_from": "FR", "country_to": "GN", "value": "0", "unit": "kg"}, {"date": "2020-03-01", "country_from": "FR", "country_to": "GN", "value": "0", "unit": "kg"}, {"date": "2020-04-01", "country_from": "FR", "country_to": "GN", "value": "0", "unit": "kg"}, {"date": "2020-05-01", "country_from": "FR", "country_to": "GN", "value": "0", "unit": "kg"}, {"date": "2020-06-01", "country_from": "FR", "country_to": "GN", "value": "0", "unit": "kg"}, {"date": "2020-07-01", "country_from": "FR", "country_to": "GN", "value": "0", "unit": "kg"}, {"date": "2018-12-01", "country_from": "FR", "country_to": "HU", "value": "0", "unit": "kg"}, {"date": "2019-01-01", "country_from": "FR", "country_to": "HU", "value": "0", "unit": "kg"}, {"date": "2019-02-01", "country_from": "FR", "country_to": "HU", "value": "0", "unit": "kg"}, {"date": "2019-03-01", "country_from": "FR", "country_to": "HU", "value": "0", "unit": "kg"}, {"date": "2019-04-01", "country_from": "FR", "country_to": "HU", "value": "0", "unit": "kg"}, {"date": "2019-05-01", "country_from": "FR", "country_to": "HU", "value": "3", "unit": "kg"}, {"date": "2019-06-01", "country_from": "FR", "country_to": "HU", "value": "0", "unit": "kg"}, {"date": "2019-07-01", "country_from": "FR", "country_to": "HU", "value": "0", "unit": "kg"}, {"date": "2019-08-01", "country_from": "FR", "country_to": "HU", "value": "0", "unit": "kg"}, {"date": "2019-09-01", "country_from": "FR", "country_to": "HU", "value": "0", "unit": "kg"}, {"date": "2019-10-01", "country_from": "FR", "country_to": "HU", "value": "0", "unit": "kg"}, {"date": "2019-11-01", "country_from": "FR", "country_to": "HU", "value": "0", "unit": "kg"}, {"date": "2019-12-01", "country_from": "FR", "country_to": "HU", "value": "0", "unit": "kg"}, {"date": "2020-01-01", "country_from": "FR", "country_to": "HU", "value": "0", "unit": "kg"}, {"date": "2020-02-01", "country_from": "FR", "country_to": "HU", "value": "0", "unit": "kg"}, {"date": "2020-03-01", "country_from": "FR", "country_to": "HU", "value": "0", "unit": "kg"}, {"date": "2020-04-01", "country_from": "FR", "country_to": "HU", "value": "0", "unit": "kg"}, {"date": "2020-05-01", "country_from": "FR", "country_to": "HU", "value": "0", "unit": "kg"}, {"date": "2020-06-01", "country_from": "FR", "country_to": "HU", "value": "0", "unit": "kg"}, {"date": "2020-07-01", "country_from": "FR", "country_to": "HU", "value": "0", "unit": "kg"}, {"date": "2018-12-01", "country_from": "FR", "country_to": "KH", "value": "0", "unit": "kg"}, {"date": "2019-01-01", "country_from": "FR", "country_to": "KH", "value": "0", "unit": "kg"}, {"date": "2019-02-01", "country_from": "FR", "country_to": "KH", "value": "0", "unit": "kg"}, {"date": "2019-03-01", "country_from": "FR", "country_to": "KH", "value": "0", "unit": "kg"}, {"date": "2019-04-01", "country_from": "FR", "country_to": "KH", "value": "0", "unit": "kg"}, {"date": "2019-05-01", "country_from": "FR", "country_to": "KH", "value": "0", "unit": "kg"}, {"date": "2019-06-01", "country_from": "FR", "country_to": "KH", "value": "0", "unit": "kg"}, {"date": "2019-07-01", "country_from": "FR", "country_to": "KH", "value": "0", "unit": "kg"}, {"date": "2019-08-01", "country_from": "FR", "country_to": "KH", "value": "0", "unit": "kg"}, {"date": "2019-09-01", "country_from": "FR", "country_to": "KH", "value": "0", "unit": "kg"}, {"date": "2019-10-01", "country_from": "FR", "country_to": "KH", "value": "0", "unit": "kg"}, {"date": "2019-11-01", "country_from": "FR", "country_to": "KH", "value": "2709", "unit": "kg"}, {"date": "2019-12-01", "country_from": "FR", "country_to": "KH", "value": "0", "unit": "kg"}, {"date": "2020-01-01", "country_from": "FR", "country_to": "KH", "value": "0", "unit": "kg"}, {"date": "2020-02-01", "country_from": "FR", "country_to": "KH", "value": "0", "unit": "kg"}, {"date": "2020-03-01", "country_from": "FR", "country_to": "KH", "value": "0", "unit": "kg"}, {"date": "2020-04-01", "country_from": "FR", "country_to": "KH", "value": "0", "unit": "kg"}, {"date": "2020-05-01", "country_from": "FR", "country_to": "KH", "value": "0", "unit": "kg"}, {"date": "2020-06-01", "country_from": "FR", "country_to": "KH", "value": "0", "unit": "kg"}, {"date": "2020-07-01", "country_from": "FR", "country_to": "KH", "value": "0", "unit": "kg"}, {"date": "2018-12-01", "country_from": "FR", "country_to": "CA", "value": "0", "unit": "kg"}, {"date": "2019-01-01", "country_from": "FR", "country_to": "CA", "value": "0", "unit": "kg"}, {"date": "2019-02-01", "country_from": "FR", "country_to": "CA", "value": "0", "unit": "kg"}, {"date": "2019-03-01", "country_from": "FR", "country_to": "CA", "value": "0", "unit": "kg"}, {"date": "2019-04-01", "country_from": "FR", "country_to": "CA", "value": "0", "unit": "kg"}, {"date": "2019-05-01", "country_from": "FR", "country_to": "CA", "value": "0", "unit": "kg"}, {"date": "2019-06-01", "country_from": "FR", "country_to": "CA", "value": "0", "unit": "kg"}, {"date": "2019-07-01", "country_from": "FR", "country_to": "CA", "value": "0", "unit": "kg"}, {"date": "2019-08-01", "country_from": "FR", "country_to": "CA", "value": "0", "unit": "kg"}, {"date": "2019-09-01", "country_from": "FR", "country_to": "CA", "value": "21000", "unit": "kg"}, {"date": "2019-10-01", "country_from": "FR", "country_to": "CA", "value": "0", "unit": "kg"}, {"date": "2019-11-01", "country_from": "FR", "country_to": "CA", "value": "0", "unit": "kg"}, {"date": "2019-12-01", "country_from": "FR", "country_to": "CA", "value": "0", "unit": "kg"}, {"date": "2020-01-01", "country_from": "FR", "country_to": "CA", "value": "0", "unit": "kg"}, {"date": "2020-02-01", "country_from": "FR", "country_to": "CA", "value": "0", "unit": "kg"}, {"date": "2020-03-01", "country_from": "FR", "country_to": "CA", "value": "0", "unit": "kg"}, {"date": "2020-04-01", "country_from": "FR", "country_to": "CA", "value": "0", "unit": "kg"}, {"date": "2020-05-01", "country_from": "FR", "country_to": "CA", "value": "0", "unit": "kg"}, {"date": "2020-06-01", "country_from": "FR", "country_to": "CA", "value": "0", "unit": "kg"}, {"date": "2020-07-01", "country_from": "FR", "country_to": "CA", "value": "0", "unit": "kg"}, {"date": "2018-12-01", "country_from": "FR", "country_to": "CL", "value": "0", "unit": "kg"}, {"date": "2019-01-01", "country_from": "FR", "country_to": "CL", "value": "0", "unit": "kg"}, {"date": "2019-02-01", "country_from": "FR", "country_to": "CL", "value": "0", "unit": "kg"}, {"date": "2019-03-01", "country_from": "FR", "country_to": "CL", "value": "0", "unit": "kg"}, {"date": "2019-04-01", "country_from": "FR", "country_to": "CL", "value": "0", "unit": "kg"}, {"date": "2019-05-01", "country_from": "FR", "country_to": "CL", "value": "0", "unit": "kg"}, {"date": "2019-06-01", "country_from": "FR", "country_to": "CL", "value": "0", "unit": "kg"}, {"date": "2019-07-01", "country_from": "FR", "country_to": "CL", "value": "0", "unit": "kg"}, {"date": "2019-08-01", "country_from": "FR", "country_to": "CL", "value": "0", "unit": "kg"}, {"date": "2019-09-01", "country_from": "FR", "country_to": "CL", "value": "0", "unit": "kg"}, {"date": "2019-10-01", "country_from": "FR", "country_to": "CL", "value": "292", "unit": "kg"}, {"date": "2019-11-01", "country_from": "FR", "country_to": "CL", "value": "0", "unit": "kg"}, {"date": "2019-12-01", "country_from": "FR", "country_to": "CL", "value": "0", "unit": "kg"}, {"date": "2020-01-01", "country_from": "FR", "country_to": "CL", "value": "0", "unit": "kg"}, {"date": "2020-02-01", "country_from": "FR", "country_to": "CL", "value": "0", "unit": "kg"}, {"date": "2020-03-01", "country_from": "FR", "country_to": "CL", "value": "0", "unit": "kg"}, {"date": "2020-04-01", "country_from": "FR", "country_to": "CL", "value": "0", "unit": "kg"}, {"date": "2020-05-01", "country_from": "FR", "country_to": "CL", "value": "0", "unit": "kg"}, {"date": "2020-06-01", "country_from": "FR", "country_to": "CL", "value": "0", "unit": "kg"}, {"date": "2020-07-01", "country_from": "FR", "country_to": "CL", "value": "0", "unit": "kg"}, {"date": "2018-12-01", "country_from": "FR", "country_to": "DK", "value": "0", "unit": "kg"}, {"date": "2019-01-01", "country_from": "FR", "country_to": "DK", "value": "0", "unit": "kg"}, {"date": "2019-02-01", "country_from": "FR", "country_to": "DK", "value": "1400", "unit": "kg"}, {"date": "2019-03-01", "country_from": "FR", "country_to": "DK", "value": "0", "unit": "kg"}, {"date": "2019-04-01", "country_from": "FR", "country_to": "DK", "value": "0", "unit": "kg"}, {"date": "2019-05-01", "country_from": "FR", "country_to": "DK", "value": "216", "unit": "kg"}, {"date": "2019-06-01", "country_from": "FR", "country_to": "DK", "value": "0", "unit": "kg"}, {"date": "2019-07-01", "country_from": "FR", "country_to": "DK", "value": "0", "unit": "kg"}, {"date": "2019-08-01", "country_from": "FR", "country_to": "DK", "value": "1115", "unit": "kg"}, {"date": "2019-09-01", "country_from": "FR", "country_to": "DK", "value": "0", "unit": "kg"}, {"date": "2019-10-01", "country_from": "FR", "country_to": "DK", "value": "0", "unit": "kg"}, {"date": "2019-11-01", "country_from": "FR", "country_to": "DK", "value": "0", "unit": "kg"}, {"date": "2019-12-01", "country_from": "FR", "country_to": "DK", "value": "2750", "unit": "kg"}, {"date": "2020-01-01", "country_from": "FR", "country_to": "DK", "value": "0", "unit": "kg"}, {"date": "2020-02-01", "country_from": "FR", "country_to": "DK", "value": "0", "unit": "kg"}, {"date": "2020-03-01", "country_from": "FR", "country_to": "DK", "value": "724", "unit": "kg"}, {"date": "2020-04-01", "country_from": "FR", "country_to": "DK", "value": "0", "unit": "kg"}, {"date": "2020-05-01", "country_from": "FR", "country_to": "DK", "value": "0", "unit": "kg"}, {"date": "2020-06-01", "country_from": "FR", "country_to": "DK", "value": "0", "unit": "kg"}, {"date": "2020-07-01", "country_from": "FR", "country_to": "DK", "value": "0", "unit": "kg"}, {"date": "2018-12-01", "country_from": "FR", "country_to": "FI", "value": "48400", "unit": "kg"}, {"date": "2019-01-01", "country_from": "FR", "country_to": "FI", "value": "72600", "unit": "kg"}, {"date": "2019-02-01", "country_from": "FR", "country_to": "FI", "value": "0", "unit": "kg"}, {"date": "2019-03-01", "country_from": "FR", "country_to": "FI", "value": "0", "unit": "kg"}, {"date": "2019-04-01", "country_from": "FR", "country_to": "FI", "value": "0", "unit": "kg"}, {"date": "2019-05-01", "country_from": "FR", "country_to": "FI", "value": "0", "unit": "kg"}, {"date": "2019-06-01", "country_from": "FR", "country_to": "FI", "value": "0", "unit": "kg"}, {"date": "2019-07-01", "country_from": "FR", "country_to": "FI", "value": "0", "unit": "kg"}, {"date": "2019-08-01", "country_from": "FR", "country_to": "FI", "value": "0", "unit": "kg"}, {"date": "2019-09-01", "country_from": "FR", "country_to": "FI", "value": "0", "unit": "kg"}, {"date": "2019-10-01", "country_from": "FR", "country_to": "FI", "value": "1805", "unit": "kg"}, {"date": "2019-11-01", "country_from": "FR", "country_to": "FI", "value": "0", "unit": "kg"}, {"date": "2019-12-01", "country_from": "FR", "country_to": "FI", "value": "0", "unit": "kg"}, {"date": "2020-01-01", "country_from": "FR", "country_to": "FI", "value": "0", "unit": "kg"}, {"date": "2020-02-01", "country_from": "FR", "country_to": "FI", "value": "0", "unit": "kg"}, {"date": "2020-03-01", "country_from": "FR", "country_to": "FI", "value": "1810", "unit": "kg"}, {"date": "2020-04-01", "country_from": "FR", "country_to": "FI", "value": "0", "unit": "kg"}, {"date": "2020-05-01", "country_from": "FR", "country_to": "FI", "value": "0", "unit": "kg"}, {"date": "2020-06-01", "country_from": "FR", "country_to": "FI", "value": "0", "unit": "kg"}, {"date": "2020-07-01", "country_from": "FR", "country_to": "FI", "value": "0", "unit": "kg"}, {"date": "2018-12-01", "country_from": "FR", "country_to": "FR", "value": "0", "unit": "kg"}, {"date": "2019-01-01", "country_from": "FR", "country_to": "FR", "value": "0", "unit": "kg"}, {"date": "2019-02-01", "country_from": "FR", "country_to": "FR", "value": "0", "unit": "kg"}, {"date": "2019-03-01", "country_from": "FR", "country_to": "FR", "value": "0", "unit": "kg"}, {"date": "2019-04-01", "country_from": "FR", "country_to": "FR", "value": "10", "unit": "kg"}, {"date": "2019-05-01", "country_from": "FR", "country_to": "FR", "value": "0", "unit": "kg"}, {"date": "2019-06-01", "country_from": "FR", "country_to": "FR", "value": "960", "unit": "kg"}, {"date": "2019-07-01", "country_from": "FR", "country_to": "FR", "value": "0", "unit": "kg"}, {"date": "2019-08-01", "country_from": "FR", "country_to": "FR", "value": "100", "unit": "kg"}, {"date": "2019-09-01", "country_from": "FR", "country_to": "FR", "value": "0", "unit": "kg"}, {"date": "2019-10-01", "country_from": "FR", "country_to": "FR", "value": "0", "unit": "kg"}, {"date": "2019-11-01", "country_from": "FR", "country_to": "FR", "value": "0", "unit": "kg"}, {"date": "2019-12-01", "country_from": "FR", "country_to": "FR", "value": "0", "unit": "kg"}, {"date": "2020-01-01", "country_from": "FR", "country_to": "FR", "value": "0", "unit": "kg"}, {"date": "2020-02-01", "country_from": "FR", "country_to": "FR", "value": "0", "unit": "kg"}, {"date": "2020-03-01", "country_from": "FR", "country_to": "FR", "value": "0", "unit": "kg"}, {"date": "2020-04-01", "country_from": "FR", "country_to": "FR", "value": "0", "unit": "kg"}, {"date": "2020-05-01", "country_from": "FR", "country_to": "FR", "value": "0", "unit": "kg"}, {"date": "2020-06-01", "country_from": "FR", "country_to": "FR", "value": "0", "unit": "kg"}, {"date": "2020-07-01", "country_from": "FR", "country_to": "FR", "value": "0", "unit": "kg"}, {"date": "2018-12-01", "country_from": "FR", "country_to": "DJ", "value": "0", "unit": "kg"}, {"date": "2019-01-01", "country_from": "FR", "country_to": "DJ", "value": "0", "unit": "kg"}, {"date": "2019-02-01", "country_from": "FR", "country_to": "DJ", "value": "0", "unit": "kg"}, {"date": "2019-03-01", "country_from": "FR", "country_to": "DJ", "value": "0", "unit": "kg"}, {"date": "2019-04-01", "country_from": "FR", "country_to": "DJ", "value": "0", "unit": "kg"}, {"date": "2019-05-01", "country_from": "FR", "country_to": "DJ", "value": "0", "unit": "kg"}, {"date": "2019-06-01", "country_from": "FR", "country_to": "DJ", "value": "0", "unit": "kg"}, {"date": "2019-07-01", "country_from": "FR", "country_to": "DJ", "value": "0", "unit": "kg"}, {"date": "2019-08-01", "country_from": "FR", "country_to": "DJ", "value": "0", "unit": "kg"}, {"date": "2019-09-01", "country_from": "FR", "country_to": "DJ", "value": "0", "unit": "kg"}, {"date": "2019-10-01", "country_from": "FR", "country_to": "DJ", "value": "500", "unit": "kg"}, {"date": "2019-11-01", "country_from": "FR", "country_to": "DJ", "value": "0", "unit": "kg"}, {"date": "2019-12-01", "country_from": "FR", "country_to": "DJ", "value": "0", "unit": "kg"}, {"date": "2020-01-01", "country_from": "FR", "country_to": "DJ", "value": "0", "unit": "kg"}, {"date": "2020-02-01", "country_from": "FR", "country_to": "DJ", "value": "0", "unit": "kg"}, {"date": "2020-03-01", "country_from": "FR", "country_to": "DJ", "value": "0", "unit": "kg"}, {"date": "2020-04-01", "country_from": "FR", "country_to": "DJ", "value": "0", "unit": "kg"}, {"date": "2020-05-01", "country_from": "FR", "country_to": "DJ", "value": "0", "unit": "kg"}, {"date": "2020-06-01", "country_from": "FR", "country_to": "DJ", "value": "0", "unit": "kg"}, {"date": "2020-07-01", "country_from": "FR", "country_to": "DJ", "value": "0", "unit": "kg"}, {"date": "2018-12-01", "country_from": "FR", "country_to": "NC", "value": "0", "unit": "kg"}, {"date": "2019-01-01", "country_from": "FR", "country_to": "NC", "value": "0", "unit": "kg"}, {"date": "2019-02-01", "country_from": "FR", "country_to": "NC", "value": "446", "unit": "kg"}, {"date": "2019-03-01", "country_from": "FR", "country_to": "NC", "value": "0", "unit": "kg"}, {"date": "2019-04-01", "country_from": "FR", "country_to": "NC", "value": "0", "unit": "kg"}, {"date": "2019-05-01", "country_from": "FR", "country_to": "NC", "value": "102", "unit": "kg"}, {"date": "2019-06-01", "country_from": "FR", "country_to": "NC", "value": "0", "unit": "kg"}, {"date": "2019-07-01", "country_from": "FR", "country_to": "NC", "value": "150", "unit": "kg"}, {"date": "2019-08-01", "country_from": "FR", "country_to": "NC", "value": "993", "unit": "kg"}, {"date": "2019-09-01", "country_from": "FR", "country_to": "NC", "value": "0", "unit": "kg"}, {"date": "2019-10-01", "country_from": "FR", "country_to": "NC", "value": "574", "unit": "kg"}, {"date": "2019-11-01", "country_from": "FR", "country_to": "NC", "value": "1329", "unit": "kg"}, {"date": "2019-12-01", "country_from": "FR", "country_to": "NC", "value": "0", "unit": "kg"}, {"date": "2020-01-01", "country_from": "FR", "country_to": "NC", "value": "227", "unit": "kg"}, {"date": "2020-02-01", "country_from": "FR", "country_to": "NC", "value": "0", "unit": "kg"}, {"date": "2020-03-01", "country_from": "FR", "country_to": "NC", "value": "0", "unit": "kg"}, {"date": "2020-04-01", "country_from": "FR", "country_to": "NC", "value": "0", "unit": "kg"}, {"date": "2020-05-01", "country_from": "FR", "country_to": "NC", "value": "0", "unit": "kg"}, {"date": "2020-06-01", "country_from": "FR", "country_to": "NC", "value": "436", "unit": "kg"}, {"date": "2020-07-01", "country_from": "FR", "country_to": "NC", "value": "0", "unit": "kg"}, {"date": "2018-12-01", "country_from": "FR", "country_to": "MA", "value": "0", "unit": "kg"}, {"date": "2019-01-01", "country_from": "FR", "country_to": "MA", "value": "576", "unit": "kg"}, {"date": "2019-02-01", "country_from": "FR", "country_to": "MA", "value": "0", "unit": "kg"}, {"date": "2019-03-01", "country_from": "FR", "country_to": "MA", "value": "0", "unit": "kg"}, {"date": "2019-04-01", "country_from": "FR", "country_to": "MA", "value": "0", "unit": "kg"}, {"date": "2019-05-01", "country_from": "FR", "country_to": "MA", "value": "486", "unit": "kg"}, {"date": "2019-06-01", "country_from": "FR", "country_to": "MA", "value": "0", "unit": "kg"}, {"date": "2019-07-01", "country_from": "FR", "country_to": "MA", "value": "0", "unit": "kg"}, {"date": "2019-08-01", "country_from": "FR", "country_to": "MA", "value": "0", "unit": "kg"}, {"date": "2019-09-01", "country_from": "FR", "country_to": "MA", "value": "0", "unit": "kg"}, {"date": "2019-10-01", "country_from": "FR", "country_to": "MA", "value": "0", "unit": "kg"}, {"date": "2019-11-01", "country_from": "FR", "country_to": "MA", "value": "0", "unit": "kg"}, {"date": "2019-12-01", "country_from": "FR", "country_to": "MA", "value": "0", "unit": "kg"}, {"date": "2020-01-01", "country_from": "FR", "country_to": "MA", "value": "0", "unit": "kg"}, {"date": "2020-02-01", "country_from": "FR", "country_to": "MA", "value": "0", "unit": "kg"}, {"date": "2020-03-01", "country_from": "FR", "country_to": "MA", "value": "280", "unit": "kg"}, {"date": "2020-04-01", "country_from": "FR", "country_to": "MA", "value": "0", "unit": "kg"}, {"date": "2020-05-01", "country_from": "FR", "country_to": "MA", "value": "0", "unit": "kg"}, {"date": "2020-06-01", "country_from": "FR", "country_to": "MA", "value": "0", "unit": "kg"}, {"date": "2020-07-01", "country_from": "FR", "country_to": "MA", "value": "0", "unit": "kg"}, {"date": "2018-12-01", "country_from": "FR", "country_to": "AU", "value": "0", "unit": "kg"}, {"date": "2019-01-01", "country_from": "FR", "country_to": "AU", "value": "0", "unit": "kg"}, {"date": "2019-02-01", "country_from": "FR", "country_to": "AU", "value": "0", "unit": "kg"}, {"date": "2019-03-01", "country_from": "FR", "country_to": "AU", "value": "831", "unit": "kg"}, {"date": "2019-04-01", "country_from": "FR", "country_to": "AU", "value": "0", "unit": "kg"}, {"date": "2019-05-01", "country_from": "FR", "country_to": "AU", "value": "0", "unit": "kg"}, {"date": "2019-06-01", "country_from": "FR", "country_to": "AU", "value": "0", "unit": "kg"}, {"date": "2019-07-01", "country_from": "FR", "country_to": "AU", "value": "0", "unit": "kg"}, {"date": "2019-08-01", "country_from": "FR", "country_to": "AU", "value": "761", "unit": "kg"}, {"date": "2019-09-01", "country_from": "FR", "country_to": "AU", "value": "0", "unit": "kg"}, {"date": "2019-10-01", "country_from": "FR", "country_to": "AU", "value": "0", "unit": "kg"}, {"date": "2019-11-01", "country_from": "FR", "country_to": "AU", "value": "0", "unit": "kg"}, {"date": "2019-12-01", "country_from": "FR", "country_to": "AU", "value": "0", "unit": "kg"}, {"date": "2020-01-01", "country_from": "FR", "country_to": "AU", "value": "0", "unit": "kg"}, {"date": "2020-02-01", "country_from": "FR", "country_to": "AU", "value": "520", "unit": "kg"}, {"date": "2020-03-01", "country_from": "FR", "country_to": "AU", "value": "0", "unit": "kg"}, {"date": "2020-04-01", "country_from": "FR", "country_to": "AU", "value": "0", "unit": "kg"}, {"date": "2020-05-01", "country_from": "FR", "country_to": "AU", "value": "0", "unit": "kg"}, {"date": "2020-06-01", "country_from": "FR", "country_to": "AU", "value": "0", "unit": "kg"}, {"date": "2020-07-01", "country_from": "FR", "country_to": "AU", "value": "0", "unit": "kg"}, {"date": "2018-12-01", "country_from": "FR", "country_to": "AT", "value": "1000", "unit": "kg"}, {"date": "2019-01-01", "country_from": "FR", "country_to": "AT", "value": "0", "unit": "kg"}, {"date": "2019-02-01", "country_from": "FR", "country_to": "AT", "value": "0", "unit": "kg"}, {"date": "2019-03-01", "country_from": "FR", "country_to": "AT", "value": "0", "unit": "kg"}, {"date": "2019-04-01", "country_from": "FR", "country_to": "AT", "value": "0", "unit": "kg"}, {"date": "2019-05-01", "country_from": "FR", "country_to": "AT", "value": "0", "unit": "kg"}, {"date": "2019-06-01", "country_from": "FR", "country_to": "AT", "value": "1000", "unit": "kg"}, {"date": "2019-07-01", "country_from": "FR", "country_to": "AT", "value": "0", "unit": "kg"}, {"date": "2019-08-01", "country_from": "FR", "country_to": "AT", "value": "0", "unit": "kg"}, {"date": "2019-09-01", "country_from": "FR", "country_to": "AT", "value": "0", "unit": "kg"}, {"date": "2019-10-01", "country_from": "FR", "country_to": "AT", "value": "1000", "unit": "kg"}, {"date": "2019-11-01", "country_from": "FR", "country_to": "AT", "value": "0", "unit": "kg"}, {"date": "2019-12-01", "country_from": "FR", "country_to": "AT", "value": "0", "unit": "kg"}, {"date": "2020-01-01", "country_from": "FR", "country_to": "AT", "value": "0", "unit": "kg"}, {"date": "2020-02-01", "country_from": "FR", "country_to": "AT", "value": "0", "unit": "kg"}, {"date": "2020-03-01", "country_from": "FR", "country_to": "AT", "value": "0", "unit": "kg"}, {"date": "2020-04-01", "country_from": "FR", "country_to": "AT", "value": "0", "unit": "kg"}, {"date": "2020-05-01", "country_from": "FR", "country_to": "AT", "value": "0", "unit": "kg"}, {"date": "2020-06-01", "country_from": "FR", "country_to": "AT", "value": "1000", "unit": "kg"}, {"date": "2020-07-01", "country_from": "FR", "country_to": "AT", "value": "0", "unit": "kg"}, {"date": "2018-12-01", "country_from": "FR", "country_to": "AE", "value": "0", "unit": "kg"}, {"date": "2019-01-01", "country_from": "FR", "country_to": "AE", "value": "0", "unit": "kg"}, {"date": "2019-02-01", "country_from": "FR", "country_to": "AE", "value": "0", "unit": "kg"}, {"date": "2019-03-01", "country_from": "FR", "country_to": "AE", "value": "55", "unit": "kg"}, {"date": "2019-04-01", "country_from": "FR", "country_to": "AE", "value": "221", "unit": "kg"}, {"date": "2019-05-01", "country_from": "FR", "country_to": "AE", "value": "0", "unit": "kg"}, {"date": "2019-06-01", "country_from": "FR", "country_to": "AE", "value": "0", "unit": "kg"}, {"date": "2019-07-01", "country_from": "FR", "country_to": "AE", "value": "0", "unit": "kg"}, {"date": "2019-08-01", "country_from": "FR", "country_to": "AE", "value": "0", "unit": "kg"}, {"date": "2019-09-01", "country_from": "FR", "country_to": "AE", "value": "0", "unit": "kg"}, {"date": "2019-10-01", "country_from": "FR", "country_to": "AE", "value": "0", "unit": "kg"}, {"date": "2019-11-01", "country_from": "FR", "country_to": "AE", "value": "0", "unit": "kg"}, {"date": "2019-12-01", "country_from": "FR", "country_to": "AE", "value": "0", "unit": "kg"}, {"date": "2020-01-01", "country_from": "FR", "country_to": "AE", "value": "0", "unit": "kg"}, {"date": "2020-02-01", "country_from": "FR", "country_to": "AE", "value": "0", "unit": "kg"}, {"date": "2020-03-01", "country_from": "FR", "country_to": "AE", "value": "0", "unit": "kg"}, {"date": "2020-04-01", "country_from": "FR", "country_to": "AE", "value": "0", "unit": "kg"}, {"date": "2020-05-01", "country_from": "FR", "country_to": "AE", "value": "0", "unit": "kg"}, {"date": "2020-06-01", "country_from": "FR", "country_to": "AE", "value": "0", "unit": "kg"}, {"date": "2020-07-01", "country_from": "FR", "country_to": "AE", "value": "0", "unit": "kg"}, {"date": "2018-12-01", "country_from": "FR", "country_to": "SE", "value": "88000", "unit": "kg"}, {"date": "2019-01-01", "country_from": "FR", "country_to": "SE", "value": "89140", "unit": "kg"}, {"date": "2019-02-01", "country_from": "FR", "country_to": "SE", "value": "840", "unit": "kg"}, {"date": "2019-03-01", "country_from": "FR", "country_to": "SE", "value": "0", "unit": "kg"}, {"date": "2019-04-01", "country_from": "FR", "country_to": "SE", "value": "0", "unit": "kg"}, {"date": "2019-05-01", "country_from": "FR", "country_to": "SE", "value": "0", "unit": "kg"}, {"date": "2019-06-01", "country_from": "FR", "country_to": "SE", "value": "0", "unit": "kg"}, {"date": "2019-07-01", "country_from": "FR", "country_to": "SE", "value": "0", "unit": "kg"}, {"date": "2019-08-01", "country_from": "FR", "country_to": "SE", "value": "0", "unit": "kg"}, {"date": "2019-09-01", "country_from": "FR", "country_to": "SE", "value": "0", "unit": "kg"}, {"date": "2019-10-01", "country_from": "FR", "country_to": "SE", "value": "0", "unit": "kg"}, {"date": "2019-11-01", "country_from": "FR", "country_to": "SE", "value": "0", "unit": "kg"}, {"date": "2019-12-01", "country_from": "FR", "country_to": "SE", "value": "0", "unit": "kg"}, {"date": "2020-01-01", "country_from": "FR", "country_to": "SE", "value": "0", "unit": "kg"}, {"date": "2020-02-01", "country_from": "FR", "country_to": "SE", "value": "0", "unit": "kg"}, {"date": "2020-03-01", "country_from": "FR", "country_to": "SE", "value": "0", "unit": "kg"}, {"date": "2020-04-01", "country_from": "FR", "country_to": "SE", "value": "0", "unit": "kg"}, {"date": "2020-05-01", "country_from": "FR", "country_to": "SE", "value": "0", "unit": "kg"}, {"date": "2020-06-01", "country_from": "FR", "country_to": "SE", "value": "0", "unit": "kg"}, {"date": "2020-07-01", "country_from": "FR", "country_to": "SE", "value": "0", "unit": "kg"}, {"date": "2018-12-01", "country_from": "FR", "country_to": "SA", "value": "2904", "unit": "kg"}, {"date": "2019-01-01", "country_from": "FR", "country_to": "SA", "value": "0", "unit": "kg"}, {"date": "2019-02-01", "country_from": "FR", "country_to": "SA", "value": "3585", "unit": "kg"}, {"date": "2019-03-01", "country_from": "FR", "country_to": "SA", "value": "0", "unit": "kg"}, {"date": "2019-04-01", "country_from": "FR", "country_to": "SA", "value": "1980", "unit": "kg"}, {"date": "2019-05-01", "country_from": "FR", "country_to": "SA", "value": "1824", "unit": "kg"}, {"date": "2019-06-01", "country_from": "FR", "country_to": "SA", "value": "0", "unit": "kg"}, {"date": "2019-07-01", "country_from": "FR", "country_to": "SA", "value": "0", "unit": "kg"}, {"date": "2019-08-01", "country_from": "FR", "country_to": "SA", "value": "0", "unit": "kg"}, {"date": "2019-09-01", "country_from": "FR", "country_to": "SA", "value": "630", "unit": "kg"}, {"date": "2019-10-01", "country_from": "FR", "country_to": "SA", "value": "2271", "unit": "kg"}, {"date": "2019-11-01", "country_from": "FR", "country_to": "SA", "value": "0", "unit": "kg"}, {"date": "2019-12-01", "country_from": "FR", "country_to": "SA", "value": "0", "unit": "kg"}, {"date": "2020-01-01", "country_from": "FR", "country_to": "SA", "value": "0", "unit": "kg"}, {"date": "2020-02-01", "country_from": "FR", "country_to": "SA", "value": "1440", "unit": "kg"}, {"date": "2020-03-01", "country_from": "FR", "country_to": "SA", "value": "0", "unit": "kg"}, {"date": "2020-04-01", "country_from": "FR", "country_to": "SA", "value": "3072", "unit": "kg"}, {"date": "2020-05-01", "country_from": "FR", "country_to": "SA", "value": "630", "unit": "kg"}, {"date": "2020-06-01", "country_from": "FR", "country_to": "SA", "value": "912", "unit": "kg"}, {"date": "2020-07-01", "country_from": "FR", "country_to": "SA", "value": "0", "unit": "kg"}, {"date": "2018-12-01", "country_from": "FR", "country_to": "SN", "value": "0", "unit": "kg"}, {"date": "2019-01-01", "country_from": "FR", "country_to": "SN", "value": "0", "unit": "kg"}, {"date": "2019-02-01", "country_from": "FR", "country_to": "SN", "value": "0", "unit": "kg"}, {"date": "2019-03-01", "country_from": "FR", "country_to": "SN", "value": "398", "unit": "kg"}, {"date": "2019-04-01", "country_from": "FR", "country_to": "SN", "value": "0", "unit": "kg"}, {"date": "2019-05-01", "country_from": "FR", "country_to": "SN", "value": "0", "unit": "kg"}, {"date": "2019-06-01", "country_from": "FR", "country_to": "SN", "value": "0", "unit": "kg"}, {"date": "2019-07-01", "country_from": "FR", "country_to": "SN", "value": "2271", "unit": "kg"}, {"date": "2019-08-01", "country_from": "FR", "country_to": "SN", "value": "0", "unit": "kg"}, {"date": "2019-09-01", "country_from": "FR", "country_to": "SN", "value": "1006", "unit": "kg"}, {"date": "2019-10-01", "country_from": "FR", "country_to": "SN", "value": "273", "unit": "kg"}, {"date": "2019-11-01", "country_from": "FR", "country_to": "SN", "value": "0", "unit": "kg"}, {"date": "2019-12-01", "country_from": "FR", "country_to": "SN", "value": "0", "unit": "kg"}, {"date": "2020-01-01", "country_from": "FR", "country_to": "SN", "value": "0", "unit": "kg"}, {"date": "2020-02-01", "country_from": "FR", "country_to": "SN", "value": "0", "unit": "kg"}, {"date": "2020-03-01", "country_from": "FR", "country_to": "SN", "value": "0", "unit": "kg"}, {"date": "2020-04-01", "country_from": "FR", "country_to": "SN", "value": "0", "unit": "kg"}, {"date": "2020-05-01", "country_from": "FR", "country_to": "SN", "value": "0", "unit": "kg"}, {"date": "2020-06-01", "country_from": "FR", "country_to": "SN", "value": "0", "unit": "kg"}, {"date": "2020-07-01", "country_from": "FR", "country_to": "SN", "value": "0", "unit": "kg"}, {"date": "2018-12-01", "country_from": "FR", "country_to": "QA", "value": "0", "unit": "kg"}, {"date": "2019-01-01", "country_from": "FR", "country_to": "QA", "value": "0", "unit": "kg"}, {"date": "2019-02-01", "country_from": "FR", "country_to": "QA", "value": "0", "unit": "kg"}, {"date": "2019-03-01", "country_from": "FR", "country_to": "QA", "value": "0", "unit": "kg"}, {"date": "2019-04-01", "country_from": "FR", "country_to": "QA", "value": "0", "unit": "kg"}, {"date": "2019-05-01", "country_from": "FR", "country_to": "QA", "value": "0", "unit": "kg"}, {"date": "2019-06-01", "country_from": "FR", "country_to": "QA", "value": "0", "unit": "kg"}, {"date": "2019-07-01", "country_from": "FR", "country_to": "QA", "value": "0", "unit": "kg"}, {"date": "2019-08-01", "country_from": "FR", "country_to": "QA", "value": "0", "unit": "kg"}, {"date": "2019-09-01", "country_from": "FR", "country_to": "QA", "value": "352", "unit": "kg"}, {"date": "2019-10-01", "country_from": "FR", "country_to": "QA", "value": "0", "unit": "kg"}, {"date": "2019-11-01", "country_from": "FR", "country_to": "QA", "value": "0", "unit": "kg"}, {"date": "2019-12-01", "country_from": "FR", "country_to": "QA", "value": "0", "unit": "kg"}, {"date": "2020-01-01", "country_from": "FR", "country_to": "QA", "value": "0", "unit": "kg"}, {"date": "2020-02-01", "country_from": "FR", "country_to": "QA", "value": "0", "unit": "kg"}, {"date": "2020-03-01", "country_from": "FR", "country_to": "QA", "value": "0", "unit": "kg"}, {"date": "2020-04-01", "country_from": "FR", "country_to": "QA", "value": "0", "unit": "kg"}, {"date": "2020-05-01", "country_from": "FR", "country_to": "QA", "value": "0", "unit": "kg"}, {"date": "2020-06-01", "country_from": "FR", "country_to": "QA", "value": "0", "unit": "kg"}, {"date": "2020-07-01", "country_from": "FR", "country_to": "QA", "value": "0", "unit": "kg"}, {"date": "2018-12-01", "country_from": "FR", "country_to": "GB", "value": "26090", "unit": "kg"}, {"date": "2019-01-01", "country_from": "FR", "country_to": "GB", "value": "28885", "unit": "kg"}, {"date": "2019-02-01", "country_from": "FR", "country_to": "GB", "value": "42261", "unit": "kg"}, {"date": "2019-03-01", "country_from": "FR", "country_to": "GB", "value": "54300", "unit": "kg"}, {"date": "2019-04-01", "country_from": "FR", "country_to": "GB", "value": "22609", "unit": "kg"}, {"date": "2019-05-01", "country_from": "FR", "country_to": "GB", "value": "29605", "unit": "kg"}, {"date": "2019-06-01", "country_from": "FR", "country_to": "GB", "value": "38839", "unit": "kg"}, {"date": "2019-07-01", "country_from": "FR", "country_to": "GB", "value": "27490", "unit": "kg"}, {"date": "2019-08-01", "country_from": "FR", "country_to": "GB", "value": "9380", "unit": "kg"}, {"date": "2019-09-01", "country_from": "FR", "country_to": "GB", "value": "1560", "unit": "kg"}, {"date": "2019-10-01", "country_from": "FR", "country_to": "GB", "value": "21140", "unit": "kg"}, {"date": "2019-11-01", "country_from": "FR", "country_to": "GB", "value": "1400", "unit": "kg"}, {"date": "2019-12-01", "country_from": "FR", "country_to": "GB", "value": "30371", "unit": "kg"}, {"date": "2020-01-01", "country_from": "FR", "country_to": "GB", "value": "1400", "unit": "kg"}, {"date": "2020-02-01", "country_from": "FR", "country_to": "GB", "value": "32467", "unit": "kg"}, {"date": "2020-03-01", "country_from": "FR", "country_to": "GB", "value": "3543", "unit": "kg"}, {"date": "2020-04-01", "country_from": "FR", "country_to": "GB", "value": "5250", "unit": "kg"}, {"date": "2020-05-01", "country_from": "FR", "country_to": "GB", "value": "4500", "unit": "kg"}, {"date": "2020-06-01", "country_from": "FR", "country_to": "GB", "value": "943484", "unit": "kg"}, {"date": "2020-07-01", "country_from": "FR", "country_to": "GB", "value": "0", "unit": "kg"}, {"date": "2018-12-01", "country_from": "FR", "country_to": "US", "value": "0", "unit": "kg"}, {"date": "2019-01-01", "country_from": "FR", "country_to": "US", "value": "0", "unit": "kg"}, {"date": "2019-02-01", "country_from": "FR", "country_to": "US", "value": "0", "unit": "kg"}, {"date": "2019-03-01", "country_from": "FR", "country_to": "US", "value": "0", "unit": "kg"}, {"date": "2019-04-01", "country_from": "FR", "country_to": "US", "value": "0", "unit": "kg"}, {"date": "2019-05-01", "country_from": "FR", "country_to": "US", "value": "2000", "unit": "kg"}, {"date": "2019-06-01", "country_from": "FR", "country_to": "US", "value": "660", "unit": "kg"}, {"date": "2019-07-01", "country_from": "FR", "country_to": "US", "value": "0", "unit": "kg"}, {"date": "2019-08-01", "country_from": "FR", "country_to": "US", "value": "0", "unit": "kg"}, {"date": "2019-09-01", "country_from": "FR", "country_to": "US", "value": "0", "unit": "kg"}, {"date": "2019-10-01", "country_from": "FR", "country_to": "US", "value": "0", "unit": "kg"}, {"date": "2019-11-01", "country_from": "FR", "country_to": "US", "value": "0", "unit": "kg"}, {"date": "2019-12-01", "country_from": "FR", "country_to": "US", "value": "0", "unit": "kg"}, {"date": "2020-01-01", "country_from": "FR", "country_to": "US", "value": "0", "unit": "kg"}, {"date": "2020-02-01", "country_from": "FR", "country_to": "US", "value": "0", "unit": "kg"}, {"date": "2020-03-01", "country_from": "FR", "country_to": "US", "value": "0", "unit": "kg"}, {"date": "2020-04-01", "country_from": "FR", "country_to": "US", "value": "762", "unit": "kg"}, {"date": "2020-05-01", "country_from": "FR", "country_to": "US", "value": "0", "unit": "kg"}, {"date": "2020-06-01", "country_from": "FR", "country_to": "US", "value": "0", "unit": "kg"}, {"date": "2020-07-01", "country_from": "FR", "country_to": "US", "value": "0", "unit": "kg"}]