[{"date": "2019-01-01", "country": "Kazakhstan", "value": "10008", "unit": "kg"}, {"date": "2019-02-01", "country": "Kazakhstan", "value": "10834", "unit": "kg"}, {"date": "2019-03-01", "country": "Kazakhstan", "value": "6630", "unit": "kg"}, {"date": "2019-04-01", "country": "Kazakhstan", "value": "9788", "unit": "kg"}, {"date": "2019-08-01", "country": "Kazakhstan", "value": "2518", "unit": "kg"}, {"date": "2019-09-01", "country": "Kazakhstan", "value": "3539", "unit": "kg"}, {"date": "2019-10-01", "country": "Kazakhstan", "value": "4407", "unit": "kg"}]