[{"date": "2018-10-01", "country_from": "HU", "country_to": "PL", "value": "0", "unit": "kg"}, {"date": "2018-11-01", "country_from": "HU", "country_to": "PL", "value": "0", "unit": "kg"}, {"date": "2018-12-01", "country_from": "HU", "country_to": "PL", "value": "0", "unit": "kg"}, {"date": "2019-01-01", "country_from": "HU", "country_to": "PL", "value": "0", "unit": "kg"}, {"date": "2019-02-01", "country_from": "HU", "country_to": "PL", "value": "0", "unit": "kg"}, {"date": "2019-03-01", "country_from": "HU", "country_to": "PL", "value": "0", "unit": "kg"}, {"date": "2019-04-01", "country_from": "HU", "country_to": "PL", "value": "0", "unit": "kg"}, {"date": "2019-05-01", "country_from": "HU", "country_to": "PL", "value": "0", "unit": "kg"}, {"date": "2019-06-01", "country_from": "HU", "country_to": "PL", "value": "0", "unit": "kg"}, {"date": "2019-07-01", "country_from": "HU", "country_to": "PL", "value": "95120", "unit": "kg"}, {"date": "2019-08-01", "country_from": "HU", "country_to": "PL", "value": "0", "unit": "kg"}, {"date": "2019-09-01", "country_from": "HU", "country_to": "PL", "value": "0", "unit": "kg"}, {"date": "2019-10-01", "country_from": "HU", "country_to": "PL", "value": "0", "unit": "kg"}, {"date": "2019-11-01", "country_from": "HU", "country_to": "PL", "value": "25040", "unit": "kg"}, {"date": "2019-12-01", "country_from": "HU", "country_to": "PL", "value": "23820", "unit": "kg"}, {"date": "2020-01-01", "country_from": "HU", "country_to": "PL", "value": "25740", "unit": "kg"}, {"date": "2020-02-01", "country_from": "HU", "country_to": "PL", "value": "0", "unit": "kg"}, {"date": "2020-03-01", "country_from": "HU", "country_to": "PL", "value": "70200", "unit": "kg"}, {"date": "2018-10-01", "country_from": "HU", "country_to": "RO", "value": "0", "unit": "kg"}, {"date": "2018-11-01", "country_from": "HU", "country_to": "RO", "value": "0", "unit": "kg"}, {"date": "2018-12-01", "country_from": "HU", "country_to": "RO", "value": "0", "unit": "kg"}, {"date": "2019-01-01", "country_from": "HU", "country_to": "RO", "value": "0", "unit": "kg"}, {"date": "2019-02-01", "country_from": "HU", "country_to": "RO", "value": "0", "unit": "kg"}, {"date": "2019-03-01", "country_from": "HU", "country_to": "RO", "value": "0", "unit": "kg"}, {"date": "2019-04-01", "country_from": "HU", "country_to": "RO", "value": "500", "unit": "kg"}, {"date": "2019-05-01", "country_from": "HU", "country_to": "RO", "value": "0", "unit": "kg"}, {"date": "2019-06-01", "country_from": "HU", "country_to": "RO", "value": "0", "unit": "kg"}, {"date": "2019-07-01", "country_from": "HU", "country_to": "RO", "value": "0", "unit": "kg"}, {"date": "2019-08-01", "country_from": "HU", "country_to": "RO", "value": "0", "unit": "kg"}, {"date": "2019-09-01", "country_from": "HU", "country_to": "RO", "value": "0", "unit": "kg"}, {"date": "2019-10-01", "country_from": "HU", "country_to": "RO", "value": "0", "unit": "kg"}, {"date": "2019-11-01", "country_from": "HU", "country_to": "RO", "value": "0", "unit": "kg"}, {"date": "2019-12-01", "country_from": "HU", "country_to": "RO", "value": "0", "unit": "kg"}, {"date": "2020-01-01", "country_from": "HU", "country_to": "RO", "value": "0", "unit": "kg"}, {"date": "2020-02-01", "country_from": "HU", "country_to": "RO", "value": "0", "unit": "kg"}, {"date": "2020-03-01", "country_from": "HU", "country_to": "RO", "value": "0", "unit": "kg"}, {"date": "2018-10-01", "country_from": "HU", "country_to": "RS", "value": "0", "unit": "kg"}, {"date": "2018-11-01", "country_from": "HU", "country_to": "RS", "value": "6400", "unit": "kg"}, {"date": "2018-12-01", "country_from": "HU", "country_to": "RS", "value": "0", "unit": "kg"}, {"date": "2019-01-01", "country_from": "HU", "country_to": "RS", "value": "0", "unit": "kg"}, {"date": "2019-02-01", "country_from": "HU", "country_to": "RS", "value": "0", "unit": "kg"}, {"date": "2019-03-01", "country_from": "HU", "country_to": "RS", "value": "0", "unit": "kg"}, {"date": "2019-04-01", "country_from": "HU", "country_to": "RS", "value": "0", "unit": "kg"}, {"date": "2019-05-01", "country_from": "HU", "country_to": "RS", "value": "0", "unit": "kg"}, {"date": "2019-06-01", "country_from": "HU", "country_to": "RS", "value": "0", "unit": "kg"}, {"date": "2019-07-01", "country_from": "HU", "country_to": "RS", "value": "25300", "unit": "kg"}, {"date": "2019-08-01", "country_from": "HU", "country_to": "RS", "value": "0", "unit": "kg"}, {"date": "2019-09-01", "country_from": "HU", "country_to": "RS", "value": "0", "unit": "kg"}, {"date": "2019-10-01", "country_from": "HU", "country_to": "RS", "value": "0", "unit": "kg"}, {"date": "2019-11-01", "country_from": "HU", "country_to": "RS", "value": "0", "unit": "kg"}, {"date": "2019-12-01", "country_from": "HU", "country_to": "RS", "value": "0", "unit": "kg"}, {"date": "2020-01-01", "country_from": "HU", "country_to": "RS", "value": "0", "unit": "kg"}, {"date": "2020-02-01", "country_from": "HU", "country_to": "RS", "value": "0", "unit": "kg"}, {"date": "2020-03-01", "country_from": "HU", "country_to": "RS", "value": "0", "unit": "kg"}, {"date": "2018-10-01", "country_from": "HU", "country_to": "DE", "value": "0", "unit": "kg"}, {"date": "2018-11-01", "country_from": "HU", "country_to": "DE", "value": "0", "unit": "kg"}, {"date": "2018-12-01", "country_from": "HU", "country_to": "DE", "value": "0", "unit": "kg"}, {"date": "2019-01-01", "country_from": "HU", "country_to": "DE", "value": "0", "unit": "kg"}, {"date": "2019-02-01", "country_from": "HU", "country_to": "DE", "value": "25300", "unit": "kg"}, {"date": "2019-03-01", "country_from": "HU", "country_to": "DE", "value": "23560", "unit": "kg"}, {"date": "2019-04-01", "country_from": "HU", "country_to": "DE", "value": "0", "unit": "kg"}, {"date": "2019-05-01", "country_from": "HU", "country_to": "DE", "value": "8800", "unit": "kg"}, {"date": "2019-06-01", "country_from": "HU", "country_to": "DE", "value": "0", "unit": "kg"}, {"date": "2019-07-01", "country_from": "HU", "country_to": "DE", "value": "0", "unit": "kg"}, {"date": "2019-08-01", "country_from": "HU", "country_to": "DE", "value": "24080", "unit": "kg"}, {"date": "2019-09-01", "country_from": "HU", "country_to": "DE", "value": "0", "unit": "kg"}, {"date": "2019-10-01", "country_from": "HU", "country_to": "DE", "value": "0", "unit": "kg"}, {"date": "2019-11-01", "country_from": "HU", "country_to": "DE", "value": "0", "unit": "kg"}, {"date": "2019-12-01", "country_from": "HU", "country_to": "DE", "value": "0", "unit": "kg"}, {"date": "2020-01-01", "country_from": "HU", "country_to": "DE", "value": "0", "unit": "kg"}, {"date": "2020-02-01", "country_from": "HU", "country_to": "DE", "value": "0", "unit": "kg"}, {"date": "2020-03-01", "country_from": "HU", "country_to": "DE", "value": "0", "unit": "kg"}]