[{"date": "2018-10-01", "country_from": "BE", "country_to": "FR", "value": "59707", "unit": "kg"}, {"date": "2018-11-01", "country_from": "BE", "country_to": "FR", "value": "159516", "unit": "kg"}, {"date": "2018-12-01", "country_from": "BE", "country_to": "FR", "value": "128819", "unit": "kg"}, {"date": "2019-01-01", "country_from": "BE", "country_to": "FR", "value": "129402", "unit": "kg"}, {"date": "2019-02-01", "country_from": "BE", "country_to": "FR", "value": "263525", "unit": "kg"}, {"date": "2019-03-01", "country_from": "BE", "country_to": "FR", "value": "1550055", "unit": "kg"}, {"date": "2019-04-01", "country_from": "BE", "country_to": "FR", "value": "484732", "unit": "kg"}, {"date": "2019-05-01", "country_from": "BE", "country_to": "FR", "value": "240285", "unit": "kg"}, {"date": "2019-06-01", "country_from": "BE", "country_to": "FR", "value": "95899", "unit": "kg"}, {"date": "2019-07-01", "country_from": "BE", "country_to": "FR", "value": "605482", "unit": "kg"}, {"date": "2019-08-01", "country_from": "BE", "country_to": "FR", "value": "93106", "unit": "kg"}, {"date": "2019-09-01", "country_from": "BE", "country_to": "FR", "value": "192509", "unit": "kg"}, {"date": "2019-10-01", "country_from": "BE", "country_to": "FR", "value": "117058", "unit": "kg"}, {"date": "2019-11-01", "country_from": "BE", "country_to": "FR", "value": "109672", "unit": "kg"}, {"date": "2019-12-01", "country_from": "BE", "country_to": "FR", "value": "166249", "unit": "kg"}, {"date": "2020-01-01", "country_from": "BE", "country_to": "FR", "value": "287000", "unit": "kg"}, {"date": "2020-02-01", "country_from": "BE", "country_to": "FR", "value": "661997", "unit": "kg"}, {"date": "2020-03-01", "country_from": "BE", "country_to": "FR", "value": "2361076", "unit": "kg"}, {"date": "2020-04-01", "country_from": "BE", "country_to": "FR", "value": "116699", "unit": "kg"}, {"date": "2020-05-01", "country_from": "BE", "country_to": "FR", "value": "1608110", "unit": "kg"}, {"date": "2018-10-01", "country_from": "BE", "country_to": "GB", "value": "26296", "unit": "kg"}, {"date": "2018-11-01", "country_from": "BE", "country_to": "GB", "value": "252481", "unit": "kg"}, {"date": "2018-12-01", "country_from": "BE", "country_to": "GB", "value": "2098", "unit": "kg"}, {"date": "2019-01-01", "country_from": "BE", "country_to": "GB", "value": "26009", "unit": "kg"}, {"date": "2019-02-01", "country_from": "BE", "country_to": "GB", "value": "24878", "unit": "kg"}, {"date": "2019-03-01", "country_from": "BE", "country_to": "GB", "value": "12", "unit": "kg"}, {"date": "2019-04-01", "country_from": "BE", "country_to": "GB", "value": "0", "unit": "kg"}, {"date": "2019-05-01", "country_from": "BE", "country_to": "GB", "value": "9", "unit": "kg"}, {"date": "2019-06-01", "country_from": "BE", "country_to": "GB", "value": "217139", "unit": "kg"}, {"date": "2019-07-01", "country_from": "BE", "country_to": "GB", "value": "203024", "unit": "kg"}, {"date": "2019-08-01", "country_from": "BE", "country_to": "GB", "value": "152719", "unit": "kg"}, {"date": "2019-09-01", "country_from": "BE", "country_to": "GB", "value": "316358", "unit": "kg"}, {"date": "2019-10-01", "country_from": "BE", "country_to": "GB", "value": "230387", "unit": "kg"}, {"date": "2019-11-01", "country_from": "BE", "country_to": "GB", "value": "191019", "unit": "kg"}, {"date": "2019-12-01", "country_from": "BE", "country_to": "GB", "value": "235731", "unit": "kg"}, {"date": "2020-01-01", "country_from": "BE", "country_to": "GB", "value": "167634", "unit": "kg"}, {"date": "2020-02-01", "country_from": "BE", "country_to": "GB", "value": "159316", "unit": "kg"}, {"date": "2020-03-01", "country_from": "BE", "country_to": "GB", "value": "212730", "unit": "kg"}, {"date": "2020-04-01", "country_from": "BE", "country_to": "GB", "value": "115283", "unit": "kg"}, {"date": "2020-05-01", "country_from": "BE", "country_to": "GB", "value": "1176620", "unit": "kg"}, {"date": "2018-10-01", "country_from": "BE", "country_to": "DE", "value": "236252", "unit": "kg"}, {"date": "2018-11-01", "country_from": "BE", "country_to": "DE", "value": "325396", "unit": "kg"}, {"date": "2018-12-01", "country_from": "BE", "country_to": "DE", "value": "205920", "unit": "kg"}, {"date": "2019-01-01", "country_from": "BE", "country_to": "DE", "value": "217269", "unit": "kg"}, {"date": "2019-02-01", "country_from": "BE", "country_to": "DE", "value": "261943", "unit": "kg"}, {"date": "2019-03-01", "country_from": "BE", "country_to": "DE", "value": "223895", "unit": "kg"}, {"date": "2019-04-01", "country_from": "BE", "country_to": "DE", "value": "200731", "unit": "kg"}, {"date": "2019-05-01", "country_from": "BE", "country_to": "DE", "value": "147110", "unit": "kg"}, {"date": "2019-06-01", "country_from": "BE", "country_to": "DE", "value": "270378", "unit": "kg"}, {"date": "2019-07-01", "country_from": "BE", "country_to": "DE", "value": "163718", "unit": "kg"}, {"date": "2019-08-01", "country_from": "BE", "country_to": "DE", "value": "226332", "unit": "kg"}, {"date": "2019-09-01", "country_from": "BE", "country_to": "DE", "value": "377352", "unit": "kg"}, {"date": "2019-10-01", "country_from": "BE", "country_to": "DE", "value": "444476", "unit": "kg"}, {"date": "2019-11-01", "country_from": "BE", "country_to": "DE", "value": "263095", "unit": "kg"}, {"date": "2019-12-01", "country_from": "BE", "country_to": "DE", "value": "252515", "unit": "kg"}, {"date": "2020-01-01", "country_from": "BE", "country_to": "DE", "value": "377682", "unit": "kg"}, {"date": "2020-02-01", "country_from": "BE", "country_to": "DE", "value": "299549", "unit": "kg"}, {"date": "2020-03-01", "country_from": "BE", "country_to": "DE", "value": "518595", "unit": "kg"}, {"date": "2020-04-01", "country_from": "BE", "country_to": "DE", "value": "600297", "unit": "kg"}, {"date": "2020-05-01", "country_from": "BE", "country_to": "DE", "value": "481018", "unit": "kg"}, {"date": "2018-10-01", "country_from": "BE", "country_to": "NL", "value": "217977", "unit": "kg"}, {"date": "2018-11-01", "country_from": "BE", "country_to": "NL", "value": "111542", "unit": "kg"}, {"date": "2018-12-01", "country_from": "BE", "country_to": "NL", "value": "52981", "unit": "kg"}, {"date": "2019-01-01", "country_from": "BE", "country_to": "NL", "value": "51943", "unit": "kg"}, {"date": "2019-02-01", "country_from": "BE", "country_to": "NL", "value": "247530", "unit": "kg"}, {"date": "2019-03-01", "country_from": "BE", "country_to": "NL", "value": "203055", "unit": "kg"}, {"date": "2019-04-01", "country_from": "BE", "country_to": "NL", "value": "141219", "unit": "kg"}, {"date": "2019-05-01", "country_from": "BE", "country_to": "NL", "value": "88376", "unit": "kg"}, {"date": "2019-06-01", "country_from": "BE", "country_to": "NL", "value": "363907", "unit": "kg"}, {"date": "2019-07-01", "country_from": "BE", "country_to": "NL", "value": "863845", "unit": "kg"}, {"date": "2019-08-01", "country_from": "BE", "country_to": "NL", "value": "361666", "unit": "kg"}, {"date": "2019-09-01", "country_from": "BE", "country_to": "NL", "value": "787506", "unit": "kg"}, {"date": "2019-10-01", "country_from": "BE", "country_to": "NL", "value": "370758", "unit": "kg"}, {"date": "2019-11-01", "country_from": "BE", "country_to": "NL", "value": "412645", "unit": "kg"}, {"date": "2019-12-01", "country_from": "BE", "country_to": "NL", "value": "712593", "unit": "kg"}, {"date": "2020-01-01", "country_from": "BE", "country_to": "NL", "value": "414215", "unit": "kg"}, {"date": "2020-02-01", "country_from": "BE", "country_to": "NL", "value": "284066", "unit": "kg"}, {"date": "2020-03-01", "country_from": "BE", "country_to": "NL", "value": "1133925", "unit": "kg"}, {"date": "2020-04-01", "country_from": "BE", "country_to": "NL", "value": "509191", "unit": "kg"}, {"date": "2020-05-01", "country_from": "BE", "country_to": "NL", "value": "125784", "unit": "kg"}, {"date": "2018-10-01", "country_from": "BE", "country_to": "HU", "value": "24704", "unit": "kg"}, {"date": "2018-11-01", "country_from": "BE", "country_to": "HU", "value": "51426", "unit": "kg"}, {"date": "2018-12-01", "country_from": "BE", "country_to": "HU", "value": "0", "unit": "kg"}, {"date": "2019-01-01", "country_from": "BE", "country_to": "HU", "value": "0", "unit": "kg"}, {"date": "2019-02-01", "country_from": "BE", "country_to": "HU", "value": "24711", "unit": "kg"}, {"date": "2019-03-01", "country_from": "BE", "country_to": "HU", "value": "75188", "unit": "kg"}, {"date": "2019-04-01", "country_from": "BE", "country_to": "HU", "value": "0", "unit": "kg"}, {"date": "2019-05-01", "country_from": "BE", "country_to": "HU", "value": "0", "unit": "kg"}, {"date": "2019-06-01", "country_from": "BE", "country_to": "HU", "value": "49436", "unit": "kg"}, {"date": "2019-07-01", "country_from": "BE", "country_to": "HU", "value": "2716", "unit": "kg"}, {"date": "2019-08-01", "country_from": "BE", "country_to": "HU", "value": "31125", "unit": "kg"}, {"date": "2019-09-01", "country_from": "BE", "country_to": "HU", "value": "25184", "unit": "kg"}, {"date": "2019-10-01", "country_from": "BE", "country_to": "HU", "value": "2692", "unit": "kg"}, {"date": "2019-11-01", "country_from": "BE", "country_to": "HU", "value": "27939", "unit": "kg"}, {"date": "2019-12-01", "country_from": "BE", "country_to": "HU", "value": "25409", "unit": "kg"}, {"date": "2020-01-01", "country_from": "BE", "country_to": "HU", "value": "4039", "unit": "kg"}, {"date": "2020-02-01", "country_from": "BE", "country_to": "HU", "value": "69470", "unit": "kg"}, {"date": "2020-03-01", "country_from": "BE", "country_to": "HU", "value": "7138", "unit": "kg"}, {"date": "2020-04-01", "country_from": "BE", "country_to": "HU", "value": "79967", "unit": "kg"}, {"date": "2020-05-01", "country_from": "BE", "country_to": "HU", "value": "51148", "unit": "kg"}, {"date": "2018-10-01", "country_from": "BE", "country_to": "FI", "value": "0", "unit": "kg"}, {"date": "2018-11-01", "country_from": "BE", "country_to": "FI", "value": "49399", "unit": "kg"}, {"date": "2018-12-01", "country_from": "BE", "country_to": "FI", "value": "0", "unit": "kg"}, {"date": "2019-01-01", "country_from": "BE", "country_to": "FI", "value": "0", "unit": "kg"}, {"date": "2019-02-01", "country_from": "BE", "country_to": "FI", "value": "0", "unit": "kg"}, {"date": "2019-03-01", "country_from": "BE", "country_to": "FI", "value": "0", "unit": "kg"}, {"date": "2019-04-01", "country_from": "BE", "country_to": "FI", "value": "0", "unit": "kg"}, {"date": "2019-05-01", "country_from": "BE", "country_to": "FI", "value": "0", "unit": "kg"}, {"date": "2019-06-01", "country_from": "BE", "country_to": "FI", "value": "11017", "unit": "kg"}, {"date": "2019-07-01", "country_from": "BE", "country_to": "FI", "value": "17523", "unit": "kg"}, {"date": "2019-08-01", "country_from": "BE", "country_to": "FI", "value": "61596", "unit": "kg"}, {"date": "2019-09-01", "country_from": "BE", "country_to": "FI", "value": "34011", "unit": "kg"}, {"date": "2019-10-01", "country_from": "BE", "country_to": "FI", "value": "23262", "unit": "kg"}, {"date": "2019-11-01", "country_from": "BE", "country_to": "FI", "value": "55570", "unit": "kg"}, {"date": "2019-12-01", "country_from": "BE", "country_to": "FI", "value": "19260", "unit": "kg"}, {"date": "2020-01-01", "country_from": "BE", "country_to": "FI", "value": "49679", "unit": "kg"}, {"date": "2020-02-01", "country_from": "BE", "country_to": "FI", "value": "31949", "unit": "kg"}, {"date": "2020-03-01", "country_from": "BE", "country_to": "FI", "value": "43877", "unit": "kg"}, {"date": "2020-04-01", "country_from": "BE", "country_to": "FI", "value": "137019", "unit": "kg"}, {"date": "2020-05-01", "country_from": "BE", "country_to": "FI", "value": "47861", "unit": "kg"}, {"date": "2018-10-01", "country_from": "BE", "country_to": "IE", "value": "0", "unit": "kg"}, {"date": "2018-11-01", "country_from": "BE", "country_to": "IE", "value": "46586", "unit": "kg"}, {"date": "2018-12-01", "country_from": "BE", "country_to": "IE", "value": "0", "unit": "kg"}, {"date": "2019-01-01", "country_from": "BE", "country_to": "IE", "value": "0", "unit": "kg"}, {"date": "2019-02-01", "country_from": "BE", "country_to": "IE", "value": "0", "unit": "kg"}, {"date": "2019-03-01", "country_from": "BE", "country_to": "IE", "value": "549", "unit": "kg"}, {"date": "2019-04-01", "country_from": "BE", "country_to": "IE", "value": "0", "unit": "kg"}, {"date": "2019-05-01", "country_from": "BE", "country_to": "IE", "value": "0", "unit": "kg"}, {"date": "2019-06-01", "country_from": "BE", "country_to": "IE", "value": "45753", "unit": "kg"}, {"date": "2019-07-01", "country_from": "BE", "country_to": "IE", "value": "22071", "unit": "kg"}, {"date": "2019-08-01", "country_from": "BE", "country_to": "IE", "value": "31747", "unit": "kg"}, {"date": "2019-09-01", "country_from": "BE", "country_to": "IE", "value": "56312", "unit": "kg"}, {"date": "2019-10-01", "country_from": "BE", "country_to": "IE", "value": "54937", "unit": "kg"}, {"date": "2019-11-01", "country_from": "BE", "country_to": "IE", "value": "65619", "unit": "kg"}, {"date": "2019-12-01", "country_from": "BE", "country_to": "IE", "value": "24939", "unit": "kg"}, {"date": "2020-01-01", "country_from": "BE", "country_to": "IE", "value": "37940", "unit": "kg"}, {"date": "2020-02-01", "country_from": "BE", "country_to": "IE", "value": "18135", "unit": "kg"}, {"date": "2020-03-01", "country_from": "BE", "country_to": "IE", "value": "18918", "unit": "kg"}, {"date": "2020-04-01", "country_from": "BE", "country_to": "IE", "value": "25239", "unit": "kg"}, {"date": "2020-05-01", "country_from": "BE", "country_to": "IE", "value": "38585", "unit": "kg"}, {"date": "2018-10-01", "country_from": "BE", "country_to": "PL", "value": "264", "unit": "kg"}, {"date": "2018-11-01", "country_from": "BE", "country_to": "PL", "value": "4268", "unit": "kg"}, {"date": "2018-12-01", "country_from": "BE", "country_to": "PL", "value": "0", "unit": "kg"}, {"date": "2019-01-01", "country_from": "BE", "country_to": "PL", "value": "186", "unit": "kg"}, {"date": "2019-02-01", "country_from": "BE", "country_to": "PL", "value": "0", "unit": "kg"}, {"date": "2019-03-01", "country_from": "BE", "country_to": "PL", "value": "163", "unit": "kg"}, {"date": "2019-04-01", "country_from": "BE", "country_to": "PL", "value": "304", "unit": "kg"}, {"date": "2019-05-01", "country_from": "BE", "country_to": "PL", "value": "288", "unit": "kg"}, {"date": "2019-06-01", "country_from": "BE", "country_to": "PL", "value": "223", "unit": "kg"}, {"date": "2019-07-01", "country_from": "BE", "country_to": "PL", "value": "0", "unit": "kg"}, {"date": "2019-08-01", "country_from": "BE", "country_to": "PL", "value": "4063", "unit": "kg"}, {"date": "2019-09-01", "country_from": "BE", "country_to": "PL", "value": "8662", "unit": "kg"}, {"date": "2019-10-01", "country_from": "BE", "country_to": "PL", "value": "5620", "unit": "kg"}, {"date": "2019-11-01", "country_from": "BE", "country_to": "PL", "value": "2477", "unit": "kg"}, {"date": "2019-12-01", "country_from": "BE", "country_to": "PL", "value": "9184", "unit": "kg"}, {"date": "2020-01-01", "country_from": "BE", "country_to": "PL", "value": "10962", "unit": "kg"}, {"date": "2020-02-01", "country_from": "BE", "country_to": "PL", "value": "629282", "unit": "kg"}, {"date": "2020-03-01", "country_from": "BE", "country_to": "PL", "value": "7792", "unit": "kg"}, {"date": "2020-04-01", "country_from": "BE", "country_to": "PL", "value": "17307", "unit": "kg"}, {"date": "2020-05-01", "country_from": "BE", "country_to": "PL", "value": "21155", "unit": "kg"}, {"date": "2018-10-01", "country_from": "BE", "country_to": "SE", "value": "1013", "unit": "kg"}, {"date": "2018-11-01", "country_from": "BE", "country_to": "SE", "value": "30766", "unit": "kg"}, {"date": "2018-12-01", "country_from": "BE", "country_to": "SE", "value": "2", "unit": "kg"}, {"date": "2019-01-01", "country_from": "BE", "country_to": "SE", "value": "0", "unit": "kg"}, {"date": "2019-02-01", "country_from": "BE", "country_to": "SE", "value": "209", "unit": "kg"}, {"date": "2019-03-01", "country_from": "BE", "country_to": "SE", "value": "0", "unit": "kg"}, {"date": "2019-04-01", "country_from": "BE", "country_to": "SE", "value": "0", "unit": "kg"}, {"date": "2019-05-01", "country_from": "BE", "country_to": "SE", "value": "0", "unit": "kg"}, {"date": "2019-06-01", "country_from": "BE", "country_to": "SE", "value": "1332", "unit": "kg"}, {"date": "2019-07-01", "country_from": "BE", "country_to": "SE", "value": "34641", "unit": "kg"}, {"date": "2019-08-01", "country_from": "BE", "country_to": "SE", "value": "33292", "unit": "kg"}, {"date": "2019-09-01", "country_from": "BE", "country_to": "SE", "value": "38526", "unit": "kg"}, {"date": "2019-10-01", "country_from": "BE", "country_to": "SE", "value": "49067", "unit": "kg"}, {"date": "2019-11-01", "country_from": "BE", "country_to": "SE", "value": "12361", "unit": "kg"}, {"date": "2019-12-01", "country_from": "BE", "country_to": "SE", "value": "26988", "unit": "kg"}, {"date": "2020-01-01", "country_from": "BE", "country_to": "SE", "value": "55010", "unit": "kg"}, {"date": "2020-02-01", "country_from": "BE", "country_to": "SE", "value": "7523", "unit": "kg"}, {"date": "2020-03-01", "country_from": "BE", "country_to": "SE", "value": "29171", "unit": "kg"}, {"date": "2020-04-01", "country_from": "BE", "country_to": "SE", "value": "32870", "unit": "kg"}, {"date": "2020-05-01", "country_from": "BE", "country_to": "SE", "value": "19350", "unit": "kg"}, {"date": "2018-10-01", "country_from": "BE", "country_to": "NO", "value": "35950", "unit": "kg"}, {"date": "2018-11-01", "country_from": "BE", "country_to": "NO", "value": "20579", "unit": "kg"}, {"date": "2018-12-01", "country_from": "BE", "country_to": "NO", "value": "8329", "unit": "kg"}, {"date": "2019-01-01", "country_from": "BE", "country_to": "NO", "value": "17925", "unit": "kg"}, {"date": "2019-02-01", "country_from": "BE", "country_to": "NO", "value": "29150", "unit": "kg"}, {"date": "2019-03-01", "country_from": "BE", "country_to": "NO", "value": "38392", "unit": "kg"}, {"date": "2019-04-01", "country_from": "BE", "country_to": "NO", "value": "37180", "unit": "kg"}, {"date": "2019-05-01", "country_from": "BE", "country_to": "NO", "value": "48934", "unit": "kg"}, {"date": "2019-06-01", "country_from": "BE", "country_to": "NO", "value": "5040", "unit": "kg"}, {"date": "2019-07-01", "country_from": "BE", "country_to": "NO", "value": "23641", "unit": "kg"}, {"date": "2019-08-01", "country_from": "BE", "country_to": "NO", "value": "15395", "unit": "kg"}, {"date": "2019-09-01", "country_from": "BE", "country_to": "NO", "value": "32988", "unit": "kg"}, {"date": "2019-10-01", "country_from": "BE", "country_to": "NO", "value": "27744", "unit": "kg"}, {"date": "2019-11-01", "country_from": "BE", "country_to": "NO", "value": "5160", "unit": "kg"}, {"date": "2019-12-01", "country_from": "BE", "country_to": "NO", "value": "16673", "unit": "kg"}, {"date": "2020-01-01", "country_from": "BE", "country_to": "NO", "value": "74630", "unit": "kg"}, {"date": "2020-02-01", "country_from": "BE", "country_to": "NO", "value": "10529", "unit": "kg"}, {"date": "2020-03-01", "country_from": "BE", "country_to": "NO", "value": "17040", "unit": "kg"}, {"date": "2020-04-01", "country_from": "BE", "country_to": "NO", "value": "30002", "unit": "kg"}, {"date": "2020-05-01", "country_from": "BE", "country_to": "NO", "value": "17439", "unit": "kg"}, {"date": "2018-10-01", "country_from": "BE", "country_to": "GR", "value": "0", "unit": "kg"}, {"date": "2018-11-01", "country_from": "BE", "country_to": "GR", "value": "6431", "unit": "kg"}, {"date": "2018-12-01", "country_from": "BE", "country_to": "GR", "value": "0", "unit": "kg"}, {"date": "2019-01-01", "country_from": "BE", "country_to": "GR", "value": "2558", "unit": "kg"}, {"date": "2019-02-01", "country_from": "BE", "country_to": "GR", "value": "0", "unit": "kg"}, {"date": "2019-03-01", "country_from": "BE", "country_to": "GR", "value": "1042", "unit": "kg"}, {"date": "2019-04-01", "country_from": "BE", "country_to": "GR", "value": "0", "unit": "kg"}, {"date": "2019-05-01", "country_from": "BE", "country_to": "GR", "value": "420", "unit": "kg"}, {"date": "2019-06-01", "country_from": "BE", "country_to": "GR", "value": "13778", "unit": "kg"}, {"date": "2019-07-01", "country_from": "BE", "country_to": "GR", "value": "15699", "unit": "kg"}, {"date": "2019-08-01", "country_from": "BE", "country_to": "GR", "value": "29930", "unit": "kg"}, {"date": "2019-09-01", "country_from": "BE", "country_to": "GR", "value": "18717", "unit": "kg"}, {"date": "2019-10-01", "country_from": "BE", "country_to": "GR", "value": "23882", "unit": "kg"}, {"date": "2019-11-01", "country_from": "BE", "country_to": "GR", "value": "9252", "unit": "kg"}, {"date": "2019-12-01", "country_from": "BE", "country_to": "GR", "value": "28237", "unit": "kg"}, {"date": "2020-01-01", "country_from": "BE", "country_to": "GR", "value": "43940", "unit": "kg"}, {"date": "2020-02-01", "country_from": "BE", "country_to": "GR", "value": "7651", "unit": "kg"}, {"date": "2020-03-01", "country_from": "BE", "country_to": "GR", "value": "8811", "unit": "kg"}, {"date": "2020-04-01", "country_from": "BE", "country_to": "GR", "value": "13649", "unit": "kg"}, {"date": "2020-05-01", "country_from": "BE", "country_to": "GR", "value": "12786", "unit": "kg"}, {"date": "2018-10-01", "country_from": "BE", "country_to": "SI", "value": "0", "unit": "kg"}, {"date": "2018-11-01", "country_from": "BE", "country_to": "SI", "value": "3147", "unit": "kg"}, {"date": "2018-12-01", "country_from": "BE", "country_to": "SI", "value": "0", "unit": "kg"}, {"date": "2019-01-01", "country_from": "BE", "country_to": "SI", "value": "0", "unit": "kg"}, {"date": "2019-02-01", "country_from": "BE", "country_to": "SI", "value": "0", "unit": "kg"}, {"date": "2019-03-01", "country_from": "BE", "country_to": "SI", "value": "0", "unit": "kg"}, {"date": "2019-04-01", "country_from": "BE", "country_to": "SI", "value": "0", "unit": "kg"}, {"date": "2019-05-01", "country_from": "BE", "country_to": "SI", "value": "0", "unit": "kg"}, {"date": "2019-06-01", "country_from": "BE", "country_to": "SI", "value": "9494", "unit": "kg"}, {"date": "2019-07-01", "country_from": "BE", "country_to": "SI", "value": "6931", "unit": "kg"}, {"date": "2019-08-01", "country_from": "BE", "country_to": "SI", "value": "8882", "unit": "kg"}, {"date": "2019-09-01", "country_from": "BE", "country_to": "SI", "value": "7305", "unit": "kg"}, {"date": "2019-10-01", "country_from": "BE", "country_to": "SI", "value": "6103", "unit": "kg"}, {"date": "2019-11-01", "country_from": "BE", "country_to": "SI", "value": "4512", "unit": "kg"}, {"date": "2019-12-01", "country_from": "BE", "country_to": "SI", "value": "7027", "unit": "kg"}, {"date": "2020-01-01", "country_from": "BE", "country_to": "SI", "value": "7268", "unit": "kg"}, {"date": "2020-02-01", "country_from": "BE", "country_to": "SI", "value": "3208", "unit": "kg"}, {"date": "2020-03-01", "country_from": "BE", "country_to": "SI", "value": "3006", "unit": "kg"}, {"date": "2020-04-01", "country_from": "BE", "country_to": "SI", "value": "10851", "unit": "kg"}, {"date": "2020-05-01", "country_from": "BE", "country_to": "SI", "value": "8394", "unit": "kg"}, {"date": "2018-10-01", "country_from": "BE", "country_to": "RO", "value": "0", "unit": "kg"}, {"date": "2018-11-01", "country_from": "BE", "country_to": "RO", "value": "2966", "unit": "kg"}, {"date": "2018-12-01", "country_from": "BE", "country_to": "RO", "value": "0", "unit": "kg"}, {"date": "2019-01-01", "country_from": "BE", "country_to": "RO", "value": "0", "unit": "kg"}, {"date": "2019-02-01", "country_from": "BE", "country_to": "RO", "value": "0", "unit": "kg"}, {"date": "2019-03-01", "country_from": "BE", "country_to": "RO", "value": "0", "unit": "kg"}, {"date": "2019-04-01", "country_from": "BE", "country_to": "RO", "value": "594", "unit": "kg"}, {"date": "2019-05-01", "country_from": "BE", "country_to": "RO", "value": "0", "unit": "kg"}, {"date": "2019-06-01", "country_from": "BE", "country_to": "RO", "value": "0", "unit": "kg"}, {"date": "2019-07-01", "country_from": "BE", "country_to": "RO", "value": "3610", "unit": "kg"}, {"date": "2019-08-01", "country_from": "BE", "country_to": "RO", "value": "0", "unit": "kg"}, {"date": "2019-09-01", "country_from": "BE", "country_to": "RO", "value": "3277", "unit": "kg"}, {"date": "2019-10-01", "country_from": "BE", "country_to": "RO", "value": "4792", "unit": "kg"}, {"date": "2019-11-01", "country_from": "BE", "country_to": "RO", "value": "0", "unit": "kg"}, {"date": "2019-12-01", "country_from": "BE", "country_to": "RO", "value": "0", "unit": "kg"}, {"date": "2020-01-01", "country_from": "BE", "country_to": "RO", "value": "7823", "unit": "kg"}, {"date": "2020-02-01", "country_from": "BE", "country_to": "RO", "value": "1119", "unit": "kg"}, {"date": "2020-03-01", "country_from": "BE", "country_to": "RO", "value": "3351", "unit": "kg"}, {"date": "2020-04-01", "country_from": "BE", "country_to": "RO", "value": "2050", "unit": "kg"}, {"date": "2020-05-01", "country_from": "BE", "country_to": "RO", "value": "7300", "unit": "kg"}, {"date": "2018-10-01", "country_from": "BE", "country_to": "LU", "value": "14906", "unit": "kg"}, {"date": "2018-11-01", "country_from": "BE", "country_to": "LU", "value": "14703", "unit": "kg"}, {"date": "2018-12-01", "country_from": "BE", "country_to": "LU", "value": "13392", "unit": "kg"}, {"date": "2019-01-01", "country_from": "BE", "country_to": "LU", "value": "7167", "unit": "kg"}, {"date": "2019-02-01", "country_from": "BE", "country_to": "LU", "value": "7992", "unit": "kg"}, {"date": "2019-03-01", "country_from": "BE", "country_to": "LU", "value": "9579", "unit": "kg"}, {"date": "2019-04-01", "country_from": "BE", "country_to": "LU", "value": "5852", "unit": "kg"}, {"date": "2019-05-01", "country_from": "BE", "country_to": "LU", "value": "9754", "unit": "kg"}, {"date": "2019-06-01", "country_from": "BE", "country_to": "LU", "value": "5138", "unit": "kg"}, {"date": "2019-07-01", "country_from": "BE", "country_to": "LU", "value": "4608", "unit": "kg"}, {"date": "2019-08-01", "country_from": "BE", "country_to": "LU", "value": "5627", "unit": "kg"}, {"date": "2019-09-01", "country_from": "BE", "country_to": "LU", "value": "7717", "unit": "kg"}, {"date": "2019-10-01", "country_from": "BE", "country_to": "LU", "value": "7627", "unit": "kg"}, {"date": "2019-11-01", "country_from": "BE", "country_to": "LU", "value": "4282", "unit": "kg"}, {"date": "2019-12-01", "country_from": "BE", "country_to": "LU", "value": "6409", "unit": "kg"}, {"date": "2020-01-01", "country_from": "BE", "country_to": "LU", "value": "7370", "unit": "kg"}, {"date": "2020-02-01", "country_from": "BE", "country_to": "LU", "value": "7963", "unit": "kg"}, {"date": "2020-03-01", "country_from": "BE", "country_to": "LU", "value": "20695", "unit": "kg"}, {"date": "2020-04-01", "country_from": "BE", "country_to": "LU", "value": "8168", "unit": "kg"}, {"date": "2020-05-01", "country_from": "BE", "country_to": "LU", "value": "6271", "unit": "kg"}, {"date": "2018-10-01", "country_from": "BE", "country_to": "CY", "value": "0", "unit": "kg"}, {"date": "2018-11-01", "country_from": "BE", "country_to": "CY", "value": "1797", "unit": "kg"}, {"date": "2018-12-01", "country_from": "BE", "country_to": "CY", "value": "423", "unit": "kg"}, {"date": "2019-01-01", "country_from": "BE", "country_to": "CY", "value": "613", "unit": "kg"}, {"date": "2019-02-01", "country_from": "BE", "country_to": "CY", "value": "0", "unit": "kg"}, {"date": "2019-03-01", "country_from": "BE", "country_to": "CY", "value": "0", "unit": "kg"}, {"date": "2019-04-01", "country_from": "BE", "country_to": "CY", "value": "0", "unit": "kg"}, {"date": "2019-05-01", "country_from": "BE", "country_to": "CY", "value": "0", "unit": "kg"}, {"date": "2019-06-01", "country_from": "BE", "country_to": "CY", "value": "0", "unit": "kg"}, {"date": "2019-07-01", "country_from": "BE", "country_to": "CY", "value": "5699", "unit": "kg"}, {"date": "2019-08-01", "country_from": "BE", "country_to": "CY", "value": "9612", "unit": "kg"}, {"date": "2019-09-01", "country_from": "BE", "country_to": "CY", "value": "2718", "unit": "kg"}, {"date": "2019-10-01", "country_from": "BE", "country_to": "CY", "value": "2692", "unit": "kg"}, {"date": "2019-11-01", "country_from": "BE", "country_to": "CY", "value": "7220", "unit": "kg"}, {"date": "2019-12-01", "country_from": "BE", "country_to": "CY", "value": "0", "unit": "kg"}, {"date": "2020-01-01", "country_from": "BE", "country_to": "CY", "value": "0", "unit": "kg"}, {"date": "2020-02-01", "country_from": "BE", "country_to": "CY", "value": "0", "unit": "kg"}, {"date": "2020-03-01", "country_from": "BE", "country_to": "CY", "value": "2716", "unit": "kg"}, {"date": "2020-04-01", "country_from": "BE", "country_to": "CY", "value": "0", "unit": "kg"}, {"date": "2020-05-01", "country_from": "BE", "country_to": "CY", "value": "3682", "unit": "kg"}, {"date": "2018-10-01", "country_from": "BE", "country_to": "ES", "value": "1044", "unit": "kg"}, {"date": "2018-11-01", "country_from": "BE", "country_to": "ES", "value": "4756", "unit": "kg"}, {"date": "2018-12-01", "country_from": "BE", "country_to": "ES", "value": "0", "unit": "kg"}, {"date": "2019-01-01", "country_from": "BE", "country_to": "ES", "value": "1018", "unit": "kg"}, {"date": "2019-02-01", "country_from": "BE", "country_to": "ES", "value": "463", "unit": "kg"}, {"date": "2019-03-01", "country_from": "BE", "country_to": "ES", "value": "29", "unit": "kg"}, {"date": "2019-04-01", "country_from": "BE", "country_to": "ES", "value": "14", "unit": "kg"}, {"date": "2019-05-01", "country_from": "BE", "country_to": "ES", "value": "29", "unit": "kg"}, {"date": "2019-06-01", "country_from": "BE", "country_to": "ES", "value": "2964", "unit": "kg"}, {"date": "2019-07-01", "country_from": "BE", "country_to": "ES", "value": "633555", "unit": "kg"}, {"date": "2019-08-01", "country_from": "BE", "country_to": "ES", "value": "115232", "unit": "kg"}, {"date": "2019-09-01", "country_from": "BE", "country_to": "ES", "value": "269022", "unit": "kg"}, {"date": "2019-10-01", "country_from": "BE", "country_to": "ES", "value": "145394", "unit": "kg"}, {"date": "2019-11-01", "country_from": "BE", "country_to": "ES", "value": "241337", "unit": "kg"}, {"date": "2019-12-01", "country_from": "BE", "country_to": "ES", "value": "0", "unit": "kg"}, {"date": "2020-01-01", "country_from": "BE", "country_to": "ES", "value": "57316", "unit": "kg"}, {"date": "2020-02-01", "country_from": "BE", "country_to": "ES", "value": "400882", "unit": "kg"}, {"date": "2020-03-01", "country_from": "BE", "country_to": "ES", "value": "424036", "unit": "kg"}, {"date": "2020-04-01", "country_from": "BE", "country_to": "ES", "value": "236341", "unit": "kg"}, {"date": "2020-05-01", "country_from": "BE", "country_to": "ES", "value": "3196", "unit": "kg"}, {"date": "2018-10-01", "country_from": "BE", "country_to": "CH", "value": "7056", "unit": "kg"}, {"date": "2018-11-01", "country_from": "BE", "country_to": "CH", "value": "11358", "unit": "kg"}, {"date": "2018-12-01", "country_from": "BE", "country_to": "CH", "value": "5916", "unit": "kg"}, {"date": "2019-01-01", "country_from": "BE", "country_to": "CH", "value": "2910", "unit": "kg"}, {"date": "2019-02-01", "country_from": "BE", "country_to": "CH", "value": "10779", "unit": "kg"}, {"date": "2019-03-01", "country_from": "BE", "country_to": "CH", "value": "11211", "unit": "kg"}, {"date": "2019-04-01", "country_from": "BE", "country_to": "CH", "value": "8226", "unit": "kg"}, {"date": "2019-05-01", "country_from": "BE", "country_to": "CH", "value": "5862", "unit": "kg"}, {"date": "2019-06-01", "country_from": "BE", "country_to": "CH", "value": "7284", "unit": "kg"}, {"date": "2019-07-01", "country_from": "BE", "country_to": "CH", "value": "3468", "unit": "kg"}, {"date": "2019-08-01", "country_from": "BE", "country_to": "CH", "value": "8574", "unit": "kg"}, {"date": "2019-09-01", "country_from": "BE", "country_to": "CH", "value": "15180", "unit": "kg"}, {"date": "2019-10-01", "country_from": "BE", "country_to": "CH", "value": "1950", "unit": "kg"}, {"date": "2019-11-01", "country_from": "BE", "country_to": "CH", "value": "11100", "unit": "kg"}, {"date": "2019-12-01", "country_from": "BE", "country_to": "CH", "value": "1950", "unit": "kg"}, {"date": "2020-01-01", "country_from": "BE", "country_to": "CH", "value": "19518", "unit": "kg"}, {"date": "2020-02-01", "country_from": "BE", "country_to": "CH", "value": "3351", "unit": "kg"}, {"date": "2020-03-01", "country_from": "BE", "country_to": "CH", "value": "7098", "unit": "kg"}, {"date": "2020-04-01", "country_from": "BE", "country_to": "CH", "value": "1992", "unit": "kg"}, {"date": "2020-05-01", "country_from": "BE", "country_to": "CH", "value": "2115", "unit": "kg"}, {"date": "2018-10-01", "country_from": "BE", "country_to": "MT", "value": "0", "unit": "kg"}, {"date": "2018-11-01", "country_from": "BE", "country_to": "MT", "value": "0", "unit": "kg"}, {"date": "2018-12-01", "country_from": "BE", "country_to": "MT", "value": "0", "unit": "kg"}, {"date": "2019-01-01", "country_from": "BE", "country_to": "MT", "value": "0", "unit": "kg"}, {"date": "2019-02-01", "country_from": "BE", "country_to": "MT", "value": "0", "unit": "kg"}, {"date": "2019-03-01", "country_from": "BE", "country_to": "MT", "value": "0", "unit": "kg"}, {"date": "2019-04-01", "country_from": "BE", "country_to": "MT", "value": "0", "unit": "kg"}, {"date": "2019-05-01", "country_from": "BE", "country_to": "MT", "value": "0", "unit": "kg"}, {"date": "2019-06-01", "country_from": "BE", "country_to": "MT", "value": "3580", "unit": "kg"}, {"date": "2019-07-01", "country_from": "BE", "country_to": "MT", "value": "18868", "unit": "kg"}, {"date": "2019-08-01", "country_from": "BE", "country_to": "MT", "value": "0", "unit": "kg"}, {"date": "2019-09-01", "country_from": "BE", "country_to": "MT", "value": "0", "unit": "kg"}, {"date": "2019-10-01", "country_from": "BE", "country_to": "MT", "value": "0", "unit": "kg"}, {"date": "2019-11-01", "country_from": "BE", "country_to": "MT", "value": "0", "unit": "kg"}, {"date": "2019-12-01", "country_from": "BE", "country_to": "MT", "value": "14635", "unit": "kg"}, {"date": "2020-01-01", "country_from": "BE", "country_to": "MT", "value": "9968", "unit": "kg"}, {"date": "2020-02-01", "country_from": "BE", "country_to": "MT", "value": "0", "unit": "kg"}, {"date": "2020-03-01", "country_from": "BE", "country_to": "MT", "value": "9987", "unit": "kg"}, {"date": "2020-04-01", "country_from": "BE", "country_to": "MT", "value": "0", "unit": "kg"}, {"date": "2020-05-01", "country_from": "BE", "country_to": "MT", "value": "1495", "unit": "kg"}, {"date": "2018-10-01", "country_from": "BE", "country_to": "DK", "value": "747", "unit": "kg"}, {"date": "2018-11-01", "country_from": "BE", "country_to": "DK", "value": "396", "unit": "kg"}, {"date": "2018-12-01", "country_from": "BE", "country_to": "DK", "value": "3", "unit": "kg"}, {"date": "2019-01-01", "country_from": "BE", "country_to": "DK", "value": "62", "unit": "kg"}, {"date": "2019-02-01", "country_from": "BE", "country_to": "DK", "value": "134", "unit": "kg"}, {"date": "2019-03-01", "country_from": "BE", "country_to": "DK", "value": "9", "unit": "kg"}, {"date": "2019-04-01", "country_from": "BE", "country_to": "DK", "value": "0", "unit": "kg"}, {"date": "2019-05-01", "country_from": "BE", "country_to": "DK", "value": "0", "unit": "kg"}, {"date": "2019-06-01", "country_from": "BE", "country_to": "DK", "value": "10310", "unit": "kg"}, {"date": "2019-07-01", "country_from": "BE", "country_to": "DK", "value": "0", "unit": "kg"}, {"date": "2019-08-01", "country_from": "BE", "country_to": "DK", "value": "19", "unit": "kg"}, {"date": "2019-09-01", "country_from": "BE", "country_to": "DK", "value": "3146", "unit": "kg"}, {"date": "2019-10-01", "country_from": "BE", "country_to": "DK", "value": "0", "unit": "kg"}, {"date": "2019-11-01", "country_from": "BE", "country_to": "DK", "value": "0", "unit": "kg"}, {"date": "2019-12-01", "country_from": "BE", "country_to": "DK", "value": "20962", "unit": "kg"}, {"date": "2020-01-01", "country_from": "BE", "country_to": "DK", "value": "0", "unit": "kg"}, {"date": "2020-02-01", "country_from": "BE", "country_to": "DK", "value": "1044", "unit": "kg"}, {"date": "2020-03-01", "country_from": "BE", "country_to": "DK", "value": "0", "unit": "kg"}, {"date": "2020-04-01", "country_from": "BE", "country_to": "DK", "value": "3164", "unit": "kg"}, {"date": "2020-05-01", "country_from": "BE", "country_to": "DK", "value": "255", "unit": "kg"}, {"date": "2018-10-01", "country_from": "BE", "country_to": "EE", "value": "17786", "unit": "kg"}, {"date": "2018-11-01", "country_from": "BE", "country_to": "EE", "value": "2397", "unit": "kg"}, {"date": "2018-12-01", "country_from": "BE", "country_to": "EE", "value": "3055", "unit": "kg"}, {"date": "2019-01-01", "country_from": "BE", "country_to": "EE", "value": "13578", "unit": "kg"}, {"date": "2019-02-01", "country_from": "BE", "country_to": "EE", "value": "17198", "unit": "kg"}, {"date": "2019-03-01", "country_from": "BE", "country_to": "EE", "value": "7818", "unit": "kg"}, {"date": "2019-04-01", "country_from": "BE", "country_to": "EE", "value": "15486", "unit": "kg"}, {"date": "2019-05-01", "country_from": "BE", "country_to": "EE", "value": "6020", "unit": "kg"}, {"date": "2019-06-01", "country_from": "BE", "country_to": "EE", "value": "0", "unit": "kg"}, {"date": "2019-07-01", "country_from": "BE", "country_to": "EE", "value": "11487", "unit": "kg"}, {"date": "2019-08-01", "country_from": "BE", "country_to": "EE", "value": "5983", "unit": "kg"}, {"date": "2019-09-01", "country_from": "BE", "country_to": "EE", "value": "4834", "unit": "kg"}, {"date": "2019-10-01", "country_from": "BE", "country_to": "EE", "value": "6589", "unit": "kg"}, {"date": "2019-11-01", "country_from": "BE", "country_to": "EE", "value": "13239", "unit": "kg"}, {"date": "2019-12-01", "country_from": "BE", "country_to": "EE", "value": "10976", "unit": "kg"}, {"date": "2020-01-01", "country_from": "BE", "country_to": "EE", "value": "6657", "unit": "kg"}, {"date": "2020-02-01", "country_from": "BE", "country_to": "EE", "value": "9554", "unit": "kg"}, {"date": "2020-03-01", "country_from": "BE", "country_to": "EE", "value": "6641", "unit": "kg"}, {"date": "2020-04-01", "country_from": "BE", "country_to": "EE", "value": "24321", "unit": "kg"}, {"date": "2020-05-01", "country_from": "BE", "country_to": "EE", "value": "0", "unit": "kg"}, {"date": "2018-10-01", "country_from": "BE", "country_to": "-", "value": "25040", "unit": "kg"}, {"date": "2018-11-01", "country_from": "BE", "country_to": "-", "value": "100016", "unit": "kg"}, {"date": "2018-12-01", "country_from": "BE", "country_to": "-", "value": "0", "unit": "kg"}, {"date": "2019-01-01", "country_from": "BE", "country_to": "-", "value": "61590", "unit": "kg"}, {"date": "2019-02-01", "country_from": "BE", "country_to": "-", "value": "0", "unit": "kg"}, {"date": "2019-03-01", "country_from": "BE", "country_to": "-", "value": "125402", "unit": "kg"}, {"date": "2019-04-01", "country_from": "BE", "country_to": "-", "value": "49655", "unit": "kg"}, {"date": "2019-05-01", "country_from": "BE", "country_to": "-", "value": "37689", "unit": "kg"}, {"date": "2019-06-01", "country_from": "BE", "country_to": "-", "value": "24887", "unit": "kg"}, {"date": "2019-07-01", "country_from": "BE", "country_to": "-", "value": "25169", "unit": "kg"}, {"date": "2019-08-01", "country_from": "BE", "country_to": "-", "value": "41562", "unit": "kg"}, {"date": "2019-09-01", "country_from": "BE", "country_to": "-", "value": "6261", "unit": "kg"}, {"date": "2019-10-01", "country_from": "BE", "country_to": "-", "value": "0", "unit": "kg"}, {"date": "2019-11-01", "country_from": "BE", "country_to": "-", "value": "25076", "unit": "kg"}, {"date": "2019-12-01", "country_from": "BE", "country_to": "-", "value": "50818", "unit": "kg"}, {"date": "2020-01-01", "country_from": "BE", "country_to": "-", "value": "25173", "unit": "kg"}, {"date": "2020-02-01", "country_from": "BE", "country_to": "-", "value": "0", "unit": "kg"}, {"date": "2020-03-01", "country_from": "BE", "country_to": "-", "value": "88056", "unit": "kg"}, {"date": "2020-04-01", "country_from": "BE", "country_to": "-", "value": "38062", "unit": "kg"}, {"date": "2020-05-01", "country_from": "BE", "country_to": "-", "value": "0", "unit": "kg"}, {"date": "2018-10-01", "country_from": "BE", "country_to": "AT", "value": "0", "unit": "kg"}, {"date": "2018-11-01", "country_from": "BE", "country_to": "AT", "value": "3658", "unit": "kg"}, {"date": "2018-12-01", "country_from": "BE", "country_to": "AT", "value": "0", "unit": "kg"}, {"date": "2019-02-01", "country_from": "BE", "country_to": "AT", "value": "0", "unit": "kg"}, {"date": "2019-03-01", "country_from": "BE", "country_to": "AT", "value": "0", "unit": "kg"}, {"date": "2019-04-01", "country_from": "BE", "country_to": "AT", "value": "0", "unit": "kg"}, {"date": "2019-05-01", "country_from": "BE", "country_to": "AT", "value": "706", "unit": "kg"}, {"date": "2019-06-01", "country_from": "BE", "country_to": "AT", "value": "0", "unit": "kg"}, {"date": "2019-07-01", "country_from": "BE", "country_to": "AT", "value": "7382", "unit": "kg"}, {"date": "2019-08-01", "country_from": "BE", "country_to": "AT", "value": "10126", "unit": "kg"}, {"date": "2019-09-01", "country_from": "BE", "country_to": "AT", "value": "9058", "unit": "kg"}, {"date": "2019-10-01", "country_from": "BE", "country_to": "AT", "value": "4729", "unit": "kg"}, {"date": "2019-11-01", "country_from": "BE", "country_to": "AT", "value": "6007", "unit": "kg"}, {"date": "2019-12-01", "country_from": "BE", "country_to": "AT", "value": "5473", "unit": "kg"}, {"date": "2020-01-01", "country_from": "BE", "country_to": "AT", "value": "11805", "unit": "kg"}, {"date": "2020-02-01", "country_from": "BE", "country_to": "AT", "value": "677", "unit": "kg"}, {"date": "2020-03-01", "country_from": "BE", "country_to": "AT", "value": "8226", "unit": "kg"}, {"date": "2020-04-01", "country_from": "BE", "country_to": "AT", "value": "3174", "unit": "kg"}, {"date": "2020-05-01", "country_from": "BE", "country_to": "AT", "value": "0", "unit": "kg"}, {"date": "2018-10-01", "country_from": "BE", "country_to": "BH", "value": "0", "unit": "kg"}, {"date": "2018-11-01", "country_from": "BE", "country_to": "BH", "value": "0", "unit": "kg"}, {"date": "2018-12-01", "country_from": "BE", "country_to": "BH", "value": "0", "unit": "kg"}, {"date": "2019-01-01", "country_from": "BE", "country_to": "BH", "value": "0", "unit": "kg"}, {"date": "2019-02-01", "country_from": "BE", "country_to": "BH", "value": "0", "unit": "kg"}, {"date": "2019-03-01", "country_from": "BE", "country_to": "BH", "value": "0", "unit": "kg"}, {"date": "2019-04-01", "country_from": "BE", "country_to": "BH", "value": "0", "unit": "kg"}, {"date": "2019-05-01", "country_from": "BE", "country_to": "BH", "value": "0", "unit": "kg"}, {"date": "2019-06-01", "country_from": "BE", "country_to": "BH", "value": "47", "unit": "kg"}, {"date": "2019-07-01", "country_from": "BE", "country_to": "BH", "value": "0", "unit": "kg"}, {"date": "2019-08-01", "country_from": "BE", "country_to": "BH", "value": "0", "unit": "kg"}, {"date": "2019-09-01", "country_from": "BE", "country_to": "BH", "value": "0", "unit": "kg"}, {"date": "2019-10-01", "country_from": "BE", "country_to": "BH", "value": "0", "unit": "kg"}, {"date": "2019-11-01", "country_from": "BE", "country_to": "BH", "value": "0", "unit": "kg"}, {"date": "2019-12-01", "country_from": "BE", "country_to": "BH", "value": "0", "unit": "kg"}, {"date": "2020-01-01", "country_from": "BE", "country_to": "BH", "value": "0", "unit": "kg"}, {"date": "2020-02-01", "country_from": "BE", "country_to": "BH", "value": "0", "unit": "kg"}, {"date": "2020-03-01", "country_from": "BE", "country_to": "BH", "value": "0", "unit": "kg"}, {"date": "2020-04-01", "country_from": "BE", "country_to": "BH", "value": "0", "unit": "kg"}, {"date": "2020-05-01", "country_from": "BE", "country_to": "BH", "value": "0", "unit": "kg"}, {"date": "2018-10-01", "country_from": "BE", "country_to": "BG", "value": "4116", "unit": "kg"}, {"date": "2018-11-01", "country_from": "BE", "country_to": "BG", "value": "1039", "unit": "kg"}, {"date": "2018-12-01", "country_from": "BE", "country_to": "BG", "value": "1060", "unit": "kg"}, {"date": "2019-01-01", "country_from": "BE", "country_to": "BG", "value": "0", "unit": "kg"}, {"date": "2019-02-01", "country_from": "BE", "country_to": "BG", "value": "0", "unit": "kg"}, {"date": "2019-03-01", "country_from": "BE", "country_to": "BG", "value": "0", "unit": "kg"}, {"date": "2019-04-01", "country_from": "BE", "country_to": "BG", "value": "0", "unit": "kg"}, {"date": "2019-05-01", "country_from": "BE", "country_to": "BG", "value": "0", "unit": "kg"}, {"date": "2019-06-01", "country_from": "BE", "country_to": "BG", "value": "0", "unit": "kg"}, {"date": "2019-07-01", "country_from": "BE", "country_to": "BG", "value": "0", "unit": "kg"}, {"date": "2019-08-01", "country_from": "BE", "country_to": "BG", "value": "0", "unit": "kg"}, {"date": "2019-09-01", "country_from": "BE", "country_to": "BG", "value": "0", "unit": "kg"}, {"date": "2019-10-01", "country_from": "BE", "country_to": "BG", "value": "0", "unit": "kg"}, {"date": "2019-11-01", "country_from": "BE", "country_to": "BG", "value": "0", "unit": "kg"}, {"date": "2019-12-01", "country_from": "BE", "country_to": "BG", "value": "0", "unit": "kg"}, {"date": "2020-01-01", "country_from": "BE", "country_to": "BG", "value": "0", "unit": "kg"}, {"date": "2020-02-01", "country_from": "BE", "country_to": "BG", "value": "0", "unit": "kg"}, {"date": "2020-03-01", "country_from": "BE", "country_to": "BG", "value": "0", "unit": "kg"}, {"date": "2020-04-01", "country_from": "BE", "country_to": "BG", "value": "0", "unit": "kg"}, {"date": "2020-05-01", "country_from": "BE", "country_to": "BG", "value": "0", "unit": "kg"}, {"date": "2018-10-01", "country_from": "BE", "country_to": "CD", "value": "456", "unit": "kg"}, {"date": "2018-11-01", "country_from": "BE", "country_to": "CD", "value": "0", "unit": "kg"}, {"date": "2018-12-01", "country_from": "BE", "country_to": "CD", "value": "0", "unit": "kg"}, {"date": "2019-01-01", "country_from": "BE", "country_to": "CD", "value": "0", "unit": "kg"}, {"date": "2019-02-01", "country_from": "BE", "country_to": "CD", "value": "0", "unit": "kg"}, {"date": "2019-03-01", "country_from": "BE", "country_to": "CD", "value": "0", "unit": "kg"}, {"date": "2019-04-01", "country_from": "BE", "country_to": "CD", "value": "0", "unit": "kg"}, {"date": "2019-05-01", "country_from": "BE", "country_to": "CD", "value": "0", "unit": "kg"}, {"date": "2019-06-01", "country_from": "BE", "country_to": "CD", "value": "0", "unit": "kg"}, {"date": "2019-07-01", "country_from": "BE", "country_to": "CD", "value": "0", "unit": "kg"}, {"date": "2019-08-01", "country_from": "BE", "country_to": "CD", "value": "0", "unit": "kg"}, {"date": "2019-09-01", "country_from": "BE", "country_to": "CD", "value": "0", "unit": "kg"}, {"date": "2019-10-01", "country_from": "BE", "country_to": "CD", "value": "354", "unit": "kg"}, {"date": "2019-11-01", "country_from": "BE", "country_to": "CD", "value": "480", "unit": "kg"}, {"date": "2019-12-01", "country_from": "BE", "country_to": "CD", "value": "0", "unit": "kg"}, {"date": "2020-01-01", "country_from": "BE", "country_to": "CD", "value": "0", "unit": "kg"}, {"date": "2020-02-01", "country_from": "BE", "country_to": "CD", "value": "0", "unit": "kg"}, {"date": "2020-03-01", "country_from": "BE", "country_to": "CD", "value": "415", "unit": "kg"}, {"date": "2020-04-01", "country_from": "BE", "country_to": "CD", "value": "924", "unit": "kg"}, {"date": "2020-05-01", "country_from": "BE", "country_to": "CD", "value": "0", "unit": "kg"}, {"date": "2018-10-01", "country_from": "BE", "country_to": "MA", "value": "0", "unit": "kg"}, {"date": "2018-11-01", "country_from": "BE", "country_to": "MA", "value": "0", "unit": "kg"}, {"date": "2018-12-01", "country_from": "BE", "country_to": "MA", "value": "0", "unit": "kg"}, {"date": "2019-01-01", "country_from": "BE", "country_to": "MA", "value": "1728", "unit": "kg"}, {"date": "2019-02-01", "country_from": "BE", "country_to": "MA", "value": "0", "unit": "kg"}, {"date": "2019-03-01", "country_from": "BE", "country_to": "MA", "value": "864", "unit": "kg"}, {"date": "2019-04-01", "country_from": "BE", "country_to": "MA", "value": "0", "unit": "kg"}, {"date": "2019-05-01", "country_from": "BE", "country_to": "MA", "value": "5178", "unit": "kg"}, {"date": "2019-06-01", "country_from": "BE", "country_to": "MA", "value": "0", "unit": "kg"}, {"date": "2019-07-01", "country_from": "BE", "country_to": "MA", "value": "2622", "unit": "kg"}, {"date": "2019-08-01", "country_from": "BE", "country_to": "MA", "value": "0", "unit": "kg"}, {"date": "2019-09-01", "country_from": "BE", "country_to": "MA", "value": "2592", "unit": "kg"}, {"date": "2019-10-01", "country_from": "BE", "country_to": "MA", "value": "0", "unit": "kg"}, {"date": "2019-11-01", "country_from": "BE", "country_to": "MA", "value": "2592", "unit": "kg"}, {"date": "2019-12-01", "country_from": "BE", "country_to": "MA", "value": "0", "unit": "kg"}, {"date": "2020-01-01", "country_from": "BE", "country_to": "MA", "value": "2592", "unit": "kg"}, {"date": "2020-02-01", "country_from": "BE", "country_to": "MA", "value": "0", "unit": "kg"}, {"date": "2020-03-01", "country_from": "BE", "country_to": "MA", "value": "0", "unit": "kg"}, {"date": "2020-04-01", "country_from": "BE", "country_to": "MA", "value": "2592", "unit": "kg"}, {"date": "2020-05-01", "country_from": "BE", "country_to": "MA", "value": "0", "unit": "kg"}, {"date": "2018-10-01", "country_from": "BE", "country_to": "IT", "value": "860", "unit": "kg"}, {"date": "2018-11-01", "country_from": "BE", "country_to": "IT", "value": "4342", "unit": "kg"}, {"date": "2018-12-01", "country_from": "BE", "country_to": "IT", "value": "160", "unit": "kg"}, {"date": "2019-01-01", "country_from": "BE", "country_to": "IT", "value": "77", "unit": "kg"}, {"date": "2019-02-01", "country_from": "BE", "country_to": "IT", "value": "93", "unit": "kg"}, {"date": "2019-03-01", "country_from": "BE", "country_to": "IT", "value": "26080", "unit": "kg"}, {"date": "2019-04-01", "country_from": "BE", "country_to": "IT", "value": "167", "unit": "kg"}, {"date": "2019-05-01", "country_from": "BE", "country_to": "IT", "value": "114765", "unit": "kg"}, {"date": "2019-06-01", "country_from": "BE", "country_to": "IT", "value": "87235", "unit": "kg"}, {"date": "2019-07-01", "country_from": "BE", "country_to": "IT", "value": "77212", "unit": "kg"}, {"date": "2019-08-01", "country_from": "BE", "country_to": "IT", "value": "115147", "unit": "kg"}, {"date": "2019-09-01", "country_from": "BE", "country_to": "IT", "value": "4622", "unit": "kg"}, {"date": "2019-10-01", "country_from": "BE", "country_to": "IT", "value": "10683", "unit": "kg"}, {"date": "2019-11-01", "country_from": "BE", "country_to": "IT", "value": "20269", "unit": "kg"}, {"date": "2019-12-01", "country_from": "BE", "country_to": "IT", "value": "2742", "unit": "kg"}, {"date": "2020-01-01", "country_from": "BE", "country_to": "IT", "value": "21933", "unit": "kg"}, {"date": "2020-02-01", "country_from": "BE", "country_to": "IT", "value": "105", "unit": "kg"}, {"date": "2020-03-01", "country_from": "BE", "country_to": "IT", "value": "16772", "unit": "kg"}, {"date": "2020-04-01", "country_from": "BE", "country_to": "IT", "value": "8", "unit": "kg"}, {"date": "2020-05-01", "country_from": "BE", "country_to": "IT", "value": "0", "unit": "kg"}, {"date": "2018-10-01", "country_from": "BE", "country_to": "LV", "value": "0", "unit": "kg"}, {"date": "2018-11-01", "country_from": "BE", "country_to": "LV", "value": "1039", "unit": "kg"}, {"date": "2018-12-01", "country_from": "BE", "country_to": "LV", "value": "0", "unit": "kg"}, {"date": "2019-01-01", "country_from": "BE", "country_to": "LV", "value": "0", "unit": "kg"}, {"date": "2019-02-01", "country_from": "BE", "country_to": "LV", "value": "0", "unit": "kg"}, {"date": "2019-03-01", "country_from": "BE", "country_to": "LV", "value": "0", "unit": "kg"}, {"date": "2019-04-01", "country_from": "BE", "country_to": "LV", "value": "0", "unit": "kg"}, {"date": "2019-05-01", "country_from": "BE", "country_to": "LV", "value": "0", "unit": "kg"}, {"date": "2019-06-01", "country_from": "BE", "country_to": "LV", "value": "0", "unit": "kg"}, {"date": "2019-07-01", "country_from": "BE", "country_to": "LV", "value": "0", "unit": "kg"}, {"date": "2019-08-01", "country_from": "BE", "country_to": "LV", "value": "0", "unit": "kg"}, {"date": "2019-09-01", "country_from": "BE", "country_to": "LV", "value": "0", "unit": "kg"}, {"date": "2019-10-01", "country_from": "BE", "country_to": "LV", "value": "0", "unit": "kg"}, {"date": "2019-11-01", "country_from": "BE", "country_to": "LV", "value": "0", "unit": "kg"}, {"date": "2019-12-01", "country_from": "BE", "country_to": "LV", "value": "0", "unit": "kg"}, {"date": "2020-01-01", "country_from": "BE", "country_to": "LV", "value": "0", "unit": "kg"}, {"date": "2020-02-01", "country_from": "BE", "country_to": "LV", "value": "0", "unit": "kg"}, {"date": "2020-03-01", "country_from": "BE", "country_to": "LV", "value": "0", "unit": "kg"}, {"date": "2020-04-01", "country_from": "BE", "country_to": "LV", "value": "0", "unit": "kg"}, {"date": "2020-05-01", "country_from": "BE", "country_to": "LV", "value": "0", "unit": "kg"}, {"date": "2018-10-01", "country_from": "BE", "country_to": "TH", "value": "0", "unit": "kg"}, {"date": "2018-11-01", "country_from": "BE", "country_to": "TH", "value": "0", "unit": "kg"}, {"date": "2018-12-01", "country_from": "BE", "country_to": "TH", "value": "0", "unit": "kg"}, {"date": "2019-01-01", "country_from": "BE", "country_to": "TH", "value": "0", "unit": "kg"}, {"date": "2019-02-01", "country_from": "BE", "country_to": "TH", "value": "0", "unit": "kg"}, {"date": "2019-03-01", "country_from": "BE", "country_to": "TH", "value": "0", "unit": "kg"}, {"date": "2019-04-01", "country_from": "BE", "country_to": "TH", "value": "0", "unit": "kg"}, {"date": "2019-05-01", "country_from": "BE", "country_to": "TH", "value": "0", "unit": "kg"}, {"date": "2019-06-01", "country_from": "BE", "country_to": "TH", "value": "0", "unit": "kg"}, {"date": "2019-07-01", "country_from": "BE", "country_to": "TH", "value": "0", "unit": "kg"}, {"date": "2019-08-01", "country_from": "BE", "country_to": "TH", "value": "0", "unit": "kg"}, {"date": "2019-09-01", "country_from": "BE", "country_to": "TH", "value": "0", "unit": "kg"}, {"date": "2019-10-01", "country_from": "BE", "country_to": "TH", "value": "0", "unit": "kg"}, {"date": "2019-11-01", "country_from": "BE", "country_to": "TH", "value": "2", "unit": "kg"}, {"date": "2019-12-01", "country_from": "BE", "country_to": "TH", "value": "0", "unit": "kg"}, {"date": "2020-01-01", "country_from": "BE", "country_to": "TH", "value": "0", "unit": "kg"}, {"date": "2020-02-01", "country_from": "BE", "country_to": "TH", "value": "0", "unit": "kg"}, {"date": "2020-03-01", "country_from": "BE", "country_to": "TH", "value": "0", "unit": "kg"}, {"date": "2020-04-01", "country_from": "BE", "country_to": "TH", "value": "0", "unit": "kg"}, {"date": "2020-05-01", "country_from": "BE", "country_to": "TH", "value": "0", "unit": "kg"}, {"date": "2018-10-01", "country_from": "BE", "country_to": "EG", "value": "0", "unit": "kg"}, {"date": "2018-11-01", "country_from": "BE", "country_to": "EG", "value": "0", "unit": "kg"}, {"date": "2018-12-01", "country_from": "BE", "country_to": "EG", "value": "0", "unit": "kg"}, {"date": "2019-01-01", "country_from": "BE", "country_to": "EG", "value": "0", "unit": "kg"}, {"date": "2019-02-01", "country_from": "BE", "country_to": "EG", "value": "0", "unit": "kg"}, {"date": "2019-03-01", "country_from": "BE", "country_to": "EG", "value": "0", "unit": "kg"}, {"date": "2019-04-01", "country_from": "BE", "country_to": "EG", "value": "0", "unit": "kg"}, {"date": "2019-05-01", "country_from": "BE", "country_to": "EG", "value": "0", "unit": "kg"}, {"date": "2019-06-01", "country_from": "BE", "country_to": "EG", "value": "0", "unit": "kg"}, {"date": "2019-07-01", "country_from": "BE", "country_to": "EG", "value": "0", "unit": "kg"}, {"date": "2019-08-01", "country_from": "BE", "country_to": "EG", "value": "0", "unit": "kg"}, {"date": "2019-09-01", "country_from": "BE", "country_to": "EG", "value": "0", "unit": "kg"}, {"date": "2019-10-01", "country_from": "BE", "country_to": "EG", "value": "0", "unit": "kg"}, {"date": "2019-11-01", "country_from": "BE", "country_to": "EG", "value": "0", "unit": "kg"}, {"date": "2019-12-01", "country_from": "BE", "country_to": "EG", "value": "0", "unit": "kg"}, {"date": "2020-01-01", "country_from": "BE", "country_to": "EG", "value": "0", "unit": "kg"}, {"date": "2020-02-01", "country_from": "BE", "country_to": "EG", "value": "5443", "unit": "kg"}, {"date": "2020-03-01", "country_from": "BE", "country_to": "EG", "value": "0", "unit": "kg"}, {"date": "2020-04-01", "country_from": "BE", "country_to": "EG", "value": "0", "unit": "kg"}, {"date": "2020-05-01", "country_from": "BE", "country_to": "EG", "value": "0", "unit": "kg"}, {"date": "2018-10-01", "country_from": "BE", "country_to": "US", "value": "4833", "unit": "kg"}, {"date": "2018-11-01", "country_from": "BE", "country_to": "US", "value": "0", "unit": "kg"}, {"date": "2018-12-01", "country_from": "BE", "country_to": "US", "value": "0", "unit": "kg"}, {"date": "2019-01-01", "country_from": "BE", "country_to": "US", "value": "0", "unit": "kg"}, {"date": "2019-02-01", "country_from": "BE", "country_to": "US", "value": "0", "unit": "kg"}, {"date": "2019-03-01", "country_from": "BE", "country_to": "US", "value": "117593", "unit": "kg"}, {"date": "2019-04-01", "country_from": "BE", "country_to": "US", "value": "115079", "unit": "kg"}, {"date": "2019-05-01", "country_from": "BE", "country_to": "US", "value": "35453", "unit": "kg"}, {"date": "2019-06-01", "country_from": "BE", "country_to": "US", "value": "52445", "unit": "kg"}, {"date": "2019-07-01", "country_from": "BE", "country_to": "US", "value": "69204", "unit": "kg"}, {"date": "2019-08-01", "country_from": "BE", "country_to": "US", "value": "123012", "unit": "kg"}, {"date": "2019-09-01", "country_from": "BE", "country_to": "US", "value": "52270", "unit": "kg"}, {"date": "2019-10-01", "country_from": "BE", "country_to": "US", "value": "69754", "unit": "kg"}, {"date": "2019-11-01", "country_from": "BE", "country_to": "US", "value": "208959", "unit": "kg"}, {"date": "2019-12-01", "country_from": "BE", "country_to": "US", "value": "224895", "unit": "kg"}, {"date": "2020-01-01", "country_from": "BE", "country_to": "US", "value": "139151", "unit": "kg"}, {"date": "2020-02-01", "country_from": "BE", "country_to": "US", "value": "52276", "unit": "kg"}, {"date": "2020-03-01", "country_from": "BE", "country_to": "US", "value": "0", "unit": "kg"}, {"date": "2020-04-01", "country_from": "BE", "country_to": "US", "value": "0", "unit": "kg"}, {"date": "2020-05-01", "country_from": "BE", "country_to": "US", "value": "0", "unit": "kg"}, {"date": "2018-10-01", "country_from": "BE", "country_to": "RW", "value": "0", "unit": "kg"}, {"date": "2018-11-01", "country_from": "BE", "country_to": "RW", "value": "0", "unit": "kg"}, {"date": "2018-12-01", "country_from": "BE", "country_to": "RW", "value": "360", "unit": "kg"}, {"date": "2019-01-01", "country_from": "BE", "country_to": "RW", "value": "0", "unit": "kg"}, {"date": "2019-02-01", "country_from": "BE", "country_to": "RW", "value": "600", "unit": "kg"}, {"date": "2019-03-01", "country_from": "BE", "country_to": "RW", "value": "0", "unit": "kg"}, {"date": "2019-04-01", "country_from": "BE", "country_to": "RW", "value": "0", "unit": "kg"}, {"date": "2019-05-01", "country_from": "BE", "country_to": "RW", "value": "0", "unit": "kg"}, {"date": "2019-06-01", "country_from": "BE", "country_to": "RW", "value": "0", "unit": "kg"}, {"date": "2019-07-01", "country_from": "BE", "country_to": "RW", "value": "0", "unit": "kg"}, {"date": "2019-08-01", "country_from": "BE", "country_to": "RW", "value": "600", "unit": "kg"}, {"date": "2019-09-01", "country_from": "BE", "country_to": "RW", "value": "0", "unit": "kg"}, {"date": "2019-10-01", "country_from": "BE", "country_to": "RW", "value": "540", "unit": "kg"}, {"date": "2019-11-01", "country_from": "BE", "country_to": "RW", "value": "0", "unit": "kg"}, {"date": "2019-12-01", "country_from": "BE", "country_to": "RW", "value": "360", "unit": "kg"}, {"date": "2020-01-01", "country_from": "BE", "country_to": "RW", "value": "0", "unit": "kg"}, {"date": "2020-02-01", "country_from": "BE", "country_to": "RW", "value": "0", "unit": "kg"}, {"date": "2020-03-01", "country_from": "BE", "country_to": "RW", "value": "0", "unit": "kg"}, {"date": "2020-04-01", "country_from": "BE", "country_to": "RW", "value": "360", "unit": "kg"}, {"date": "2020-05-01", "country_from": "BE", "country_to": "RW", "value": "0", "unit": "kg"}, {"date": "2018-10-01", "country_from": "BE", "country_to": "SC", "value": "0", "unit": "kg"}, {"date": "2018-11-01", "country_from": "BE", "country_to": "SC", "value": "0", "unit": "kg"}, {"date": "2018-12-01", "country_from": "BE", "country_to": "SC", "value": "0", "unit": "kg"}, {"date": "2019-01-01", "country_from": "BE", "country_to": "SC", "value": "0", "unit": "kg"}, {"date": "2019-02-01", "country_from": "BE", "country_to": "SC", "value": "0", "unit": "kg"}, {"date": "2019-03-01", "country_from": "BE", "country_to": "SC", "value": "0", "unit": "kg"}, {"date": "2019-04-01", "country_from": "BE", "country_to": "SC", "value": "0", "unit": "kg"}, {"date": "2019-05-01", "country_from": "BE", "country_to": "SC", "value": "0", "unit": "kg"}, {"date": "2019-06-01", "country_from": "BE", "country_to": "SC", "value": "0", "unit": "kg"}, {"date": "2019-07-01", "country_from": "BE", "country_to": "SC", "value": "0", "unit": "kg"}, {"date": "2019-08-01", "country_from": "BE", "country_to": "SC", "value": "119", "unit": "kg"}, {"date": "2019-09-01", "country_from": "BE", "country_to": "SC", "value": "0", "unit": "kg"}, {"date": "2019-10-01", "country_from": "BE", "country_to": "SC", "value": "0", "unit": "kg"}, {"date": "2019-11-01", "country_from": "BE", "country_to": "SC", "value": "0", "unit": "kg"}, {"date": "2019-12-01", "country_from": "BE", "country_to": "SC", "value": "0", "unit": "kg"}, {"date": "2020-01-01", "country_from": "BE", "country_to": "SC", "value": "0", "unit": "kg"}, {"date": "2020-02-01", "country_from": "BE", "country_to": "SC", "value": "0", "unit": "kg"}, {"date": "2020-03-01", "country_from": "BE", "country_to": "SC", "value": "0", "unit": "kg"}, {"date": "2020-04-01", "country_from": "BE", "country_to": "SC", "value": "0", "unit": "kg"}, {"date": "2020-05-01", "country_from": "BE", "country_to": "SC", "value": "0", "unit": "kg"}, {"date": "2018-10-01", "country_from": "BE", "country_to": "PT", "value": "11", "unit": "kg"}, {"date": "2018-11-01", "country_from": "BE", "country_to": "PT", "value": "0", "unit": "kg"}, {"date": "2018-12-01", "country_from": "BE", "country_to": "PT", "value": "0", "unit": "kg"}, {"date": "2019-01-01", "country_from": "BE", "country_to": "PT", "value": "184", "unit": "kg"}, {"date": "2019-02-01", "country_from": "BE", "country_to": "PT", "value": "0", "unit": "kg"}, {"date": "2019-03-01", "country_from": "BE", "country_to": "PT", "value": "0", "unit": "kg"}, {"date": "2019-04-01", "country_from": "BE", "country_to": "PT", "value": "0", "unit": "kg"}, {"date": "2019-05-01", "country_from": "BE", "country_to": "PT", "value": "0", "unit": "kg"}, {"date": "2019-06-01", "country_from": "BE", "country_to": "PT", "value": "3113", "unit": "kg"}, {"date": "2019-07-01", "country_from": "BE", "country_to": "PT", "value": "0", "unit": "kg"}, {"date": "2019-08-01", "country_from": "BE", "country_to": "PT", "value": "2617", "unit": "kg"}, {"date": "2019-09-01", "country_from": "BE", "country_to": "PT", "value": "3455", "unit": "kg"}, {"date": "2019-10-01", "country_from": "BE", "country_to": "PT", "value": "0", "unit": "kg"}, {"date": "2019-11-01", "country_from": "BE", "country_to": "PT", "value": "0", "unit": "kg"}, {"date": "2019-12-01", "country_from": "BE", "country_to": "PT", "value": "3016", "unit": "kg"}, {"date": "2020-01-01", "country_from": "BE", "country_to": "PT", "value": "0", "unit": "kg"}, {"date": "2020-02-01", "country_from": "BE", "country_to": "PT", "value": "3097", "unit": "kg"}, {"date": "2020-03-01", "country_from": "BE", "country_to": "PT", "value": "0", "unit": "kg"}, {"date": "2020-04-01", "country_from": "BE", "country_to": "PT", "value": "0", "unit": "kg"}, {"date": "2020-05-01", "country_from": "BE", "country_to": "PT", "value": "0", "unit": "kg"}, {"date": "2018-10-01", "country_from": "BE", "country_to": "NZ", "value": "1296", "unit": "kg"}, {"date": "2018-11-01", "country_from": "BE", "country_to": "NZ", "value": "0", "unit": "kg"}, {"date": "2018-12-01", "country_from": "BE", "country_to": "NZ", "value": "0", "unit": "kg"}, {"date": "2019-01-01", "country_from": "BE", "country_to": "NZ", "value": "0", "unit": "kg"}, {"date": "2019-02-01", "country_from": "BE", "country_to": "NZ", "value": "0", "unit": "kg"}, {"date": "2019-03-01", "country_from": "BE", "country_to": "NZ", "value": "0", "unit": "kg"}, {"date": "2019-04-01", "country_from": "BE", "country_to": "NZ", "value": "1944", "unit": "kg"}, {"date": "2019-05-01", "country_from": "BE", "country_to": "NZ", "value": "0", "unit": "kg"}, {"date": "2019-06-01", "country_from": "BE", "country_to": "NZ", "value": "0", "unit": "kg"}, {"date": "2019-07-01", "country_from": "BE", "country_to": "NZ", "value": "0", "unit": "kg"}, {"date": "2019-08-01", "country_from": "BE", "country_to": "NZ", "value": "0", "unit": "kg"}, {"date": "2019-09-01", "country_from": "BE", "country_to": "NZ", "value": "0", "unit": "kg"}, {"date": "2019-10-01", "country_from": "BE", "country_to": "NZ", "value": "0", "unit": "kg"}, {"date": "2019-11-01", "country_from": "BE", "country_to": "NZ", "value": "0", "unit": "kg"}, {"date": "2019-12-01", "country_from": "BE", "country_to": "NZ", "value": "0", "unit": "kg"}, {"date": "2020-01-01", "country_from": "BE", "country_to": "NZ", "value": "0", "unit": "kg"}, {"date": "2020-02-01", "country_from": "BE", "country_to": "NZ", "value": "0", "unit": "kg"}, {"date": "2020-03-01", "country_from": "BE", "country_to": "NZ", "value": "0", "unit": "kg"}, {"date": "2020-04-01", "country_from": "BE", "country_to": "NZ", "value": "0", "unit": "kg"}, {"date": "2020-05-01", "country_from": "BE", "country_to": "NZ", "value": "0", "unit": "kg"}]