[{"date": "2018-10-01", "country": "Belgium", "value": "6582540", "unit": "kg"}, {"date": "2018-11-01", "country": "Belgium", "value": "6638760", "unit": "kg"}, {"date": "2018-12-01", "country": "Belgium", "value": "5779860", "unit": "kg"}, {"date": "2019-01-01", "country": "Belgium", "value": "6368480", "unit": "kg"}, {"date": "2019-02-01", "country": "Belgium", "value": "9248200", "unit": "kg"}, {"date": "2019-03-01", "country": "Belgium", "value": "6806000", "unit": "kg"}, {"date": "2019-04-01", "country": "Belgium", "value": "6081620", "unit": "kg"}, {"date": "2019-05-01", "country": "Belgium", "value": "3500496", "unit": "kg"}, {"date": "2019-06-01", "country": "Belgium", "value": "6880132", "unit": "kg"}, {"date": "2019-07-01", "country": "Belgium", "value": "6900010", "unit": "kg"}, {"date": "2019-08-01", "country": "Belgium", "value": "6532287", "unit": "kg"}, {"date": "2019-09-01", "country": "Belgium", "value": "5117126", "unit": "kg"}, {"date": "2019-10-01", "country": "Belgium", "value": "7442087", "unit": "kg"}, {"date": "2019-11-01", "country": "Belgium", "value": "6472960", "unit": "kg"}, {"date": "2019-12-01", "country": "Belgium", "value": "6021305", "unit": "kg"}, {"date": "2020-01-01", "country": "Belgium", "value": "8339787", "unit": "kg"}, {"date": "2020-02-01", "country": "Belgium", "value": "8631625", "unit": "kg"}, {"date": "2020-03-01", "country": "Belgium", "value": "6882686", "unit": "kg"}, {"date": "2018-10-01", "country": "India", "value": "50000", "unit": "kg"}, {"date": "2018-11-01", "country": "India", "value": "25000", "unit": "kg"}, {"date": "2018-12-01", "country": "India", "value": "50000", "unit": "kg"}, {"date": "2019-01-01", "country": "India", "value": "125000", "unit": "kg"}, {"date": "2019-02-01", "country": "India", "value": "75000", "unit": "kg"}, {"date": "2019-03-01", "country": "India", "value": "75000", "unit": "kg"}, {"date": "2019-04-01", "country": "India", "value": "0", "unit": "kg"}, {"date": "2019-05-01", "country": "India", "value": "100000", "unit": "kg"}, {"date": "2019-06-01", "country": "India", "value": "50000", "unit": "kg"}, {"date": "2019-07-01", "country": "India", "value": "0", "unit": "kg"}, {"date": "2019-08-01", "country": "India", "value": "0", "unit": "kg"}, {"date": "2019-09-01", "country": "India", "value": "100000", "unit": "kg"}, {"date": "2019-10-01", "country": "India", "value": "75000", "unit": "kg"}, {"date": "2019-11-01", "country": "India", "value": "0", "unit": "kg"}, {"date": "2019-12-01", "country": "India", "value": "75000", "unit": "kg"}, {"date": "2020-01-01", "country": "India", "value": "50000", "unit": "kg"}, {"date": "2020-02-01", "country": "India", "value": "0", "unit": "kg"}, {"date": "2020-03-01", "country": "India", "value": "75000", "unit": "kg"}, {"date": "2018-10-01", "country": "Germany", "value": "9720", "unit": "kg"}, {"date": "2018-11-01", "country": "Germany", "value": "12", "unit": "kg"}, {"date": "2018-12-01", "country": "Germany", "value": "76", "unit": "kg"}, {"date": "2019-01-01", "country": "Germany", "value": "3285", "unit": "kg"}, {"date": "2019-02-01", "country": "Germany", "value": "84", "unit": "kg"}, {"date": "2019-03-01", "country": "Germany", "value": "48", "unit": "kg"}, {"date": "2019-04-01", "country": "Germany", "value": "193", "unit": "kg"}, {"date": "2019-05-01", "country": "Germany", "value": "4026", "unit": "kg"}, {"date": "2019-06-01", "country": "Germany", "value": "14496", "unit": "kg"}, {"date": "2019-07-01", "country": "Germany", "value": "280", "unit": "kg"}, {"date": "2019-08-01", "country": "Germany", "value": "7148", "unit": "kg"}, {"date": "2019-09-01", "country": "Germany", "value": "29368", "unit": "kg"}, {"date": "2019-10-01", "country": "Germany", "value": "8971", "unit": "kg"}, {"date": "2019-11-01", "country": "Germany", "value": "112", "unit": "kg"}, {"date": "2019-12-01", "country": "Germany", "value": "4943", "unit": "kg"}, {"date": "2020-01-01", "country": "Germany", "value": "30062", "unit": "kg"}, {"date": "2020-02-01", "country": "Germany", "value": "22724", "unit": "kg"}, {"date": "2020-03-01", "country": "Germany", "value": "163076", "unit": "kg"}, {"date": "2018-10-01", "country": "United Kingdom", "value": "46880", "unit": "kg"}, {"date": "2018-11-01", "country": "United Kingdom", "value": "1364756", "unit": "kg"}, {"date": "2018-12-01", "country": "United Kingdom", "value": "3183080", "unit": "kg"}, {"date": "2019-01-01", "country": "United Kingdom", "value": "104842", "unit": "kg"}, {"date": "2019-02-01", "country": "United Kingdom", "value": "23400", "unit": "kg"}, {"date": "2019-03-01", "country": "United Kingdom", "value": "3778964", "unit": "kg"}, {"date": "2019-04-01", "country": "United Kingdom", "value": "76224", "unit": "kg"}, {"date": "2019-05-01", "country": "United Kingdom", "value": "55824", "unit": "kg"}, {"date": "2019-06-01", "country": "United Kingdom", "value": "54472", "unit": "kg"}, {"date": "2019-07-01", "country": "United Kingdom", "value": "807311", "unit": "kg"}, {"date": "2019-08-01", "country": "United Kingdom", "value": "23402", "unit": "kg"}, {"date": "2019-09-01", "country": "United Kingdom", "value": "98224", "unit": "kg"}, {"date": "2019-10-01", "country": "United Kingdom", "value": "119619", "unit": "kg"}, {"date": "2019-11-01", "country": "United Kingdom", "value": "2221132", "unit": "kg"}, {"date": "2019-12-01", "country": "United Kingdom", "value": "51400", "unit": "kg"}, {"date": "2020-01-01", "country": "United Kingdom", "value": "63960", "unit": "kg"}, {"date": "2020-02-01", "country": "United Kingdom", "value": "24000", "unit": "kg"}, {"date": "2020-03-01", "country": "United Kingdom", "value": "114840", "unit": "kg"}, {"date": "2018-10-01", "country": "Finland", "value": "5825", "unit": "kg"}, {"date": "2018-11-01", "country": "Finland", "value": "34363", "unit": "kg"}, {"date": "2018-12-01", "country": "Finland", "value": "35597", "unit": "kg"}, {"date": "2019-01-01", "country": "Finland", "value": "21944", "unit": "kg"}, {"date": "2019-02-01", "country": "Finland", "value": "34021", "unit": "kg"}, {"date": "2019-03-01", "country": "Finland", "value": "22436", "unit": "kg"}, {"date": "2019-04-01", "country": "Finland", "value": "28588", "unit": "kg"}, {"date": "2019-05-01", "country": "Finland", "value": "33003", "unit": "kg"}, {"date": "2019-06-01", "country": "Finland", "value": "6328", "unit": "kg"}, {"date": "2019-07-01", "country": "Finland", "value": "26031", "unit": "kg"}, {"date": "2019-08-01", "country": "Finland", "value": "23319", "unit": "kg"}, {"date": "2019-09-01", "country": "Finland", "value": "31398", "unit": "kg"}, {"date": "2019-10-01", "country": "Finland", "value": "29992", "unit": "kg"}, {"date": "2019-11-01", "country": "Finland", "value": "30004", "unit": "kg"}, {"date": "2019-12-01", "country": "Finland", "value": "9501", "unit": "kg"}, {"date": "2020-01-01", "country": "Finland", "value": "31315", "unit": "kg"}, {"date": "2020-02-01", "country": "Finland", "value": "33978", "unit": "kg"}, {"date": "2020-03-01", "country": "Finland", "value": "22086", "unit": "kg"}, {"date": "2018-10-01", "country": "Bulgaria", "value": "0", "unit": "kg"}, {"date": "2018-11-01", "country": "Bulgaria", "value": "0", "unit": "kg"}, {"date": "2018-12-01", "country": "Bulgaria", "value": "0", "unit": "kg"}, {"date": "2019-01-01", "country": "Bulgaria", "value": "0", "unit": "kg"}, {"date": "2019-02-01", "country": "Bulgaria", "value": "0", "unit": "kg"}, {"date": "2019-03-01", "country": "Bulgaria", "value": "0", "unit": "kg"}, {"date": "2019-04-01", "country": "Bulgaria", "value": "0", "unit": "kg"}, {"date": "2019-05-01", "country": "Bulgaria", "value": "0", "unit": "kg"}, {"date": "2019-06-01", "country": "Bulgaria", "value": "0", "unit": "kg"}, {"date": "2019-07-01", "country": "Bulgaria", "value": "0", "unit": "kg"}, {"date": "2019-08-01", "country": "Bulgaria", "value": "0", "unit": "kg"}, {"date": "2019-09-01", "country": "Bulgaria", "value": "0", "unit": "kg"}, {"date": "2019-10-01", "country": "Bulgaria", "value": "0", "unit": "kg"}, {"date": "2019-11-01", "country": "Bulgaria", "value": "0", "unit": "kg"}, {"date": "2019-12-01", "country": "Bulgaria", "value": "0", "unit": "kg"}, {"date": "2020-01-01", "country": "Bulgaria", "value": "49055", "unit": "kg"}, {"date": "2020-02-01", "country": "Bulgaria", "value": "0", "unit": "kg"}, {"date": "2020-03-01", "country": "Bulgaria", "value": "47370", "unit": "kg"}, {"date": "2018-10-01", "country": "Netherlands", "value": "44162", "unit": "kg"}, {"date": "2018-11-01", "country": "Netherlands", "value": "419", "unit": "kg"}, {"date": "2018-12-01", "country": "Netherlands", "value": "50", "unit": "kg"}, {"date": "2019-01-01", "country": "Netherlands", "value": "512", "unit": "kg"}, {"date": "2019-02-01", "country": "Netherlands", "value": "63036", "unit": "kg"}, {"date": "2019-03-01", "country": "Netherlands", "value": "24090", "unit": "kg"}, {"date": "2019-04-01", "country": "Netherlands", "value": "107712", "unit": "kg"}, {"date": "2019-05-01", "country": "Netherlands", "value": "72", "unit": "kg"}, {"date": "2019-06-01", "country": "Netherlands", "value": "430", "unit": "kg"}, {"date": "2019-07-01", "country": "Netherlands", "value": "22206", "unit": "kg"}, {"date": "2019-08-01", "country": "Netherlands", "value": "103956", "unit": "kg"}, {"date": "2019-09-01", "country": "Netherlands", "value": "96092", "unit": "kg"}, {"date": "2019-10-01", "country": "Netherlands", "value": "44405", "unit": "kg"}, {"date": "2019-11-01", "country": "Netherlands", "value": "23268", "unit": "kg"}, {"date": "2019-12-01", "country": "Netherlands", "value": "520", "unit": "kg"}, {"date": "2020-01-01", "country": "Netherlands", "value": "27523", "unit": "kg"}, {"date": "2020-02-01", "country": "Netherlands", "value": "3048", "unit": "kg"}, {"date": "2020-03-01", "country": "Netherlands", "value": "52515", "unit": "kg"}, {"date": "2018-10-01", "country": "France", "value": "35042", "unit": "kg"}, {"date": "2018-11-01", "country": "France", "value": "26827", "unit": "kg"}, {"date": "2018-12-01", "country": "France", "value": "79743", "unit": "kg"}, {"date": "2019-01-01", "country": "France", "value": "26720", "unit": "kg"}, {"date": "2019-02-01", "country": "France", "value": "54848", "unit": "kg"}, {"date": "2019-03-01", "country": "France", "value": "30992", "unit": "kg"}, {"date": "2019-04-01", "country": "France", "value": "55247", "unit": "kg"}, {"date": "2019-05-01", "country": "France", "value": "56236", "unit": "kg"}, {"date": "2019-06-01", "country": "France", "value": "31718", "unit": "kg"}, {"date": "2019-07-01", "country": "France", "value": "81399", "unit": "kg"}, {"date": "2019-08-01", "country": "France", "value": "33571", "unit": "kg"}, {"date": "2019-09-01", "country": "France", "value": "50180", "unit": "kg"}, {"date": "2019-10-01", "country": "France", "value": "53086", "unit": "kg"}, {"date": "2019-11-01", "country": "France", "value": "3833", "unit": "kg"}, {"date": "2019-12-01", "country": "France", "value": "75210", "unit": "kg"}, {"date": "2020-01-01", "country": "France", "value": "54123", "unit": "kg"}, {"date": "2020-02-01", "country": "France", "value": "52582", "unit": "kg"}, {"date": "2020-03-01", "country": "France", "value": "35956", "unit": "kg"}, {"date": "2018-10-01", "country": "United States of America", "value": "51693", "unit": "kg"}, {"date": "2018-11-01", "country": "United States of America", "value": "27912", "unit": "kg"}, {"date": "2018-12-01", "country": "United States of America", "value": "0", "unit": "kg"}, {"date": "2019-01-01", "country": "United States of America", "value": "0", "unit": "kg"}, {"date": "2019-02-01", "country": "United States of America", "value": "25816", "unit": "kg"}, {"date": "2019-03-01", "country": "United States of America", "value": "0", "unit": "kg"}, {"date": "2019-04-01", "country": "United States of America", "value": "137682", "unit": "kg"}, {"date": "2019-05-01", "country": "United States of America", "value": "87874", "unit": "kg"}, {"date": "2019-06-01", "country": "United States of America", "value": "120477", "unit": "kg"}, {"date": "2019-07-01", "country": "United States of America", "value": "274991", "unit": "kg"}, {"date": "2019-08-01", "country": "United States of America", "value": "34422", "unit": "kg"}, {"date": "2019-09-01", "country": "United States of America", "value": "59026", "unit": "kg"}, {"date": "2019-10-01", "country": "United States of America", "value": "0", "unit": "kg"}, {"date": "2019-11-01", "country": "United States of America", "value": "15921", "unit": "kg"}, {"date": "2019-12-01", "country": "United States of America", "value": "34830", "unit": "kg"}, {"date": "2020-01-01", "country": "United States of America", "value": "0", "unit": "kg"}, {"date": "2020-02-01", "country": "United States of America", "value": "17160", "unit": "kg"}, {"date": "2020-03-01", "country": "United States of America", "value": "0", "unit": "kg"}, {"date": "2018-10-01", "country": "Equatorial Guinea", "value": "0", "unit": "kg"}, {"date": "2018-11-01", "country": "Equatorial Guinea", "value": "0", "unit": "kg"}, {"date": "2018-12-01", "country": "Equatorial Guinea", "value": "0", "unit": "kg"}, {"date": "2019-01-01", "country": "Equatorial Guinea", "value": "0", "unit": "kg"}, {"date": "2019-02-01", "country": "Equatorial Guinea", "value": "0", "unit": "kg"}, {"date": "2019-03-01", "country": "Equatorial Guinea", "value": "2300", "unit": "kg"}, {"date": "2019-04-01", "country": "Equatorial Guinea", "value": "0", "unit": "kg"}, {"date": "2019-05-01", "country": "Equatorial Guinea", "value": "0", "unit": "kg"}, {"date": "2019-06-01", "country": "Equatorial Guinea", "value": "0", "unit": "kg"}, {"date": "2019-07-01", "country": "Equatorial Guinea", "value": "0", "unit": "kg"}, {"date": "2019-08-01", "country": "Equatorial Guinea", "value": "400", "unit": "kg"}, {"date": "2019-09-01", "country": "Equatorial Guinea", "value": "450", "unit": "kg"}, {"date": "2019-10-01", "country": "Equatorial Guinea", "value": "0", "unit": "kg"}, {"date": "2019-11-01", "country": "Equatorial Guinea", "value": "0", "unit": "kg"}, {"date": "2019-12-01", "country": "Equatorial Guinea", "value": "770", "unit": "kg"}, {"date": "2020-01-01", "country": "Equatorial Guinea", "value": "0", "unit": "kg"}, {"date": "2020-02-01", "country": "Equatorial Guinea", "value": "350", "unit": "kg"}, {"date": "2020-03-01", "country": "Equatorial Guinea", "value": "470", "unit": "kg"}, {"date": "2018-10-01", "country": "Gibraltar", "value": "3301", "unit": "kg"}, {"date": "2018-11-01", "country": "Gibraltar", "value": "2451", "unit": "kg"}, {"date": "2018-12-01", "country": "Gibraltar", "value": "1426", "unit": "kg"}, {"date": "2019-01-01", "country": "Gibraltar", "value": "2613", "unit": "kg"}, {"date": "2019-02-01", "country": "Gibraltar", "value": "2578", "unit": "kg"}, {"date": "2019-03-01", "country": "Gibraltar", "value": "3110", "unit": "kg"}, {"date": "2019-04-01", "country": "Gibraltar", "value": "4344", "unit": "kg"}, {"date": "2019-05-01", "country": "Gibraltar", "value": "4142", "unit": "kg"}, {"date": "2019-06-01", "country": "Gibraltar", "value": "1780", "unit": "kg"}, {"date": "2019-07-01", "country": "Gibraltar", "value": "3395", "unit": "kg"}, {"date": "2019-08-01", "country": "Gibraltar", "value": "1410", "unit": "kg"}, {"date": "2019-09-01", "country": "Gibraltar", "value": "2867", "unit": "kg"}, {"date": "2019-10-01", "country": "Gibraltar", "value": "3161", "unit": "kg"}, {"date": "2019-11-01", "country": "Gibraltar", "value": "1283", "unit": "kg"}, {"date": "2019-12-01", "country": "Gibraltar", "value": "967", "unit": "kg"}, {"date": "2020-01-01", "country": "Gibraltar", "value": "3360", "unit": "kg"}, {"date": "2020-02-01", "country": "Gibraltar", "value": "3166", "unit": "kg"}, {"date": "2020-03-01", "country": "Gibraltar", "value": "6598", "unit": "kg"}, {"date": "2018-10-01", "country": "Portugal", "value": "1557854", "unit": "kg"}, {"date": "2018-11-01", "country": "Portugal", "value": "55846", "unit": "kg"}, {"date": "2018-12-01", "country": "Portugal", "value": "56513", "unit": "kg"}, {"date": "2019-01-01", "country": "Portugal", "value": "53703", "unit": "kg"}, {"date": "2019-02-01", "country": "Portugal", "value": "55332", "unit": "kg"}, {"date": "2019-03-01", "country": "Portugal", "value": "313282", "unit": "kg"}, {"date": "2019-04-01", "country": "Portugal", "value": "157468", "unit": "kg"}, {"date": "2019-05-01", "country": "Portugal", "value": "55995", "unit": "kg"}, {"date": "2019-06-01", "country": "Portugal", "value": "64711", "unit": "kg"}, {"date": "2019-07-01", "country": "Portugal", "value": "57193", "unit": "kg"}, {"date": "2019-08-01", "country": "Portugal", "value": "28960", "unit": "kg"}, {"date": "2019-09-01", "country": "Portugal", "value": "78845", "unit": "kg"}, {"date": "2019-10-01", "country": "Portugal", "value": "56195", "unit": "kg"}, {"date": "2019-11-01", "country": "Portugal", "value": "56651", "unit": "kg"}, {"date": "2019-12-01", "country": "Portugal", "value": "2827", "unit": "kg"}, {"date": "2020-01-01", "country": "Portugal", "value": "82642", "unit": "kg"}, {"date": "2020-02-01", "country": "Portugal", "value": "28747", "unit": "kg"}, {"date": "2020-03-01", "country": "Portugal", "value": "1081315", "unit": "kg"}, {"date": "2018-10-01", "country": "Italy", "value": "30", "unit": "kg"}, {"date": "2018-11-01", "country": "Italy", "value": "404", "unit": "kg"}, {"date": "2018-12-01", "country": "Italy", "value": "1600", "unit": "kg"}, {"date": "2019-01-01", "country": "Italy", "value": "510", "unit": "kg"}, {"date": "2019-02-01", "country": "Italy", "value": "0", "unit": "kg"}, {"date": "2019-03-01", "country": "Italy", "value": "0", "unit": "kg"}, {"date": "2019-04-01", "country": "Italy", "value": "202", "unit": "kg"}, {"date": "2019-05-01", "country": "Italy", "value": "120000", "unit": "kg"}, {"date": "2019-06-01", "country": "Italy", "value": "432060", "unit": "kg"}, {"date": "2019-07-01", "country": "Italy", "value": "143", "unit": "kg"}, {"date": "2019-08-01", "country": "Italy", "value": "90", "unit": "kg"}, {"date": "2019-09-01", "country": "Italy", "value": "114", "unit": "kg"}, {"date": "2019-10-01", "country": "Italy", "value": "165", "unit": "kg"}, {"date": "2019-11-01", "country": "Italy", "value": "105", "unit": "kg"}, {"date": "2019-12-01", "country": "Italy", "value": "104", "unit": "kg"}, {"date": "2020-01-01", "country": "Italy", "value": "134", "unit": "kg"}, {"date": "2020-02-01", "country": "Italy", "value": "174", "unit": "kg"}, {"date": "2020-03-01", "country": "Italy", "value": "311", "unit": "kg"}, {"date": "2018-10-01", "country": "Spain", "value": "7349", "unit": "kg"}, {"date": "2018-11-01", "country": "Spain", "value": "4754", "unit": "kg"}, {"date": "2018-12-01", "country": "Spain", "value": "9641", "unit": "kg"}, {"date": "2019-01-01", "country": "Spain", "value": "12990", "unit": "kg"}, {"date": "2019-02-01", "country": "Spain", "value": "5260", "unit": "kg"}, {"date": "2019-03-01", "country": "Spain", "value": "8487", "unit": "kg"}, {"date": "2019-04-01", "country": "Spain", "value": "14490", "unit": "kg"}, {"date": "2019-05-01", "country": "Spain", "value": "4218", "unit": "kg"}, {"date": "2019-06-01", "country": "Spain", "value": "4271", "unit": "kg"}, {"date": "2019-07-01", "country": "Spain", "value": "9626", "unit": "kg"}, {"date": "2019-08-01", "country": "Spain", "value": "4110", "unit": "kg"}, {"date": "2019-09-01", "country": "Spain", "value": "10087", "unit": "kg"}, {"date": "2019-10-01", "country": "Spain", "value": "6290", "unit": "kg"}, {"date": "2019-11-01", "country": "Spain", "value": "9189", "unit": "kg"}, {"date": "2019-12-01", "country": "Spain", "value": "2615", "unit": "kg"}, {"date": "2020-01-01", "country": "Spain", "value": "3443", "unit": "kg"}, {"date": "2020-02-01", "country": "Spain", "value": "2466", "unit": "kg"}, {"date": "2020-03-01", "country": "Spain", "value": "3399", "unit": "kg"}, {"date": "2018-10-01", "country": "Andorra", "value": "571", "unit": "kg"}, {"date": "2018-11-01", "country": "Andorra", "value": "1218", "unit": "kg"}, {"date": "2018-12-01", "country": "Andorra", "value": "1087", "unit": "kg"}, {"date": "2019-01-01", "country": "Andorra", "value": "1436", "unit": "kg"}, {"date": "2019-02-01", "country": "Andorra", "value": "920", "unit": "kg"}, {"date": "2019-03-01", "country": "Andorra", "value": "674", "unit": "kg"}, {"date": "2019-04-01", "country": "Andorra", "value": "893", "unit": "kg"}, {"date": "2019-05-01", "country": "Andorra", "value": "867", "unit": "kg"}, {"date": "2019-06-01", "country": "Andorra", "value": "562", "unit": "kg"}, {"date": "2019-07-01", "country": "Andorra", "value": "868", "unit": "kg"}, {"date": "2019-08-01", "country": "Andorra", "value": "0", "unit": "kg"}, {"date": "2019-09-01", "country": "Andorra", "value": "1540", "unit": "kg"}, {"date": "2019-10-01", "country": "Andorra", "value": "439", "unit": "kg"}, {"date": "2019-11-01", "country": "Andorra", "value": "1290", "unit": "kg"}, {"date": "2019-12-01", "country": "Andorra", "value": "543", "unit": "kg"}, {"date": "2020-01-01", "country": "Andorra", "value": "1094", "unit": "kg"}, {"date": "2020-02-01", "country": "Andorra", "value": "1412", "unit": "kg"}, {"date": "2020-03-01", "country": "Andorra", "value": "1005", "unit": "kg"}, {"date": "2018-10-01", "country": "Switzerland", "value": "0", "unit": "kg"}, {"date": "2018-11-01", "country": "Switzerland", "value": "0", "unit": "kg"}, {"date": "2018-12-01", "country": "Switzerland", "value": "0", "unit": "kg"}, {"date": "2019-01-01", "country": "Switzerland", "value": "0", "unit": "kg"}, {"date": "2019-02-01", "country": "Switzerland", "value": "501", "unit": "kg"}, {"date": "2019-03-01", "country": "Switzerland", "value": "0", "unit": "kg"}, {"date": "2019-04-01", "country": "Switzerland", "value": "86", "unit": "kg"}, {"date": "2019-05-01", "country": "Switzerland", "value": "0", "unit": "kg"}, {"date": "2019-06-01", "country": "Switzerland", "value": "0", "unit": "kg"}, {"date": "2019-07-01", "country": "Switzerland", "value": "490", "unit": "kg"}, {"date": "2019-08-01", "country": "Switzerland", "value": "0", "unit": "kg"}, {"date": "2019-09-01", "country": "Switzerland", "value": "840", "unit": "kg"}, {"date": "2019-10-01", "country": "Switzerland", "value": "0", "unit": "kg"}, {"date": "2019-11-01", "country": "Switzerland", "value": "490", "unit": "kg"}, {"date": "2019-12-01", "country": "Switzerland", "value": "0", "unit": "kg"}, {"date": "2020-01-01", "country": "Switzerland", "value": "490", "unit": "kg"}, {"date": "2020-02-01", "country": "Switzerland", "value": "0", "unit": "kg"}, {"date": "2020-03-01", "country": "Switzerland", "value": "490", "unit": "kg"}, {"date": "2018-10-01", "country": "Denmark", "value": "0", "unit": "kg"}, {"date": "2018-11-01", "country": "Denmark", "value": "0", "unit": "kg"}, {"date": "2018-12-01", "country": "Denmark", "value": "0", "unit": "kg"}, {"date": "2019-01-01", "country": "Denmark", "value": "0", "unit": "kg"}, {"date": "2019-02-01", "country": "Denmark", "value": "0", "unit": "kg"}, {"date": "2019-03-01", "country": "Denmark", "value": "0", "unit": "kg"}, {"date": "2019-04-01", "country": "Denmark", "value": "0", "unit": "kg"}, {"date": "2019-05-01", "country": "Denmark", "value": "0", "unit": "kg"}, {"date": "2019-06-01", "country": "Denmark", "value": "0", "unit": "kg"}, {"date": "2019-07-01", "country": "Denmark", "value": "0", "unit": "kg"}, {"date": "2019-08-01", "country": "Denmark", "value": "0", "unit": "kg"}, {"date": "2019-09-01", "country": "Denmark", "value": "0", "unit": "kg"}, {"date": "2019-10-01", "country": "Denmark", "value": "12", "unit": "kg"}, {"date": "2019-11-01", "country": "Denmark", "value": "99", "unit": "kg"}, {"date": "2019-12-01", "country": "Denmark", "value": "1561", "unit": "kg"}, {"date": "2020-01-01", "country": "Denmark", "value": "1674", "unit": "kg"}, {"date": "2020-02-01", "country": "Denmark", "value": "87", "unit": "kg"}, {"date": "2020-03-01", "country": "Denmark", "value": "0", "unit": "kg"}, {"date": "2018-10-01", "country": "Sweden", "value": "0", "unit": "kg"}, {"date": "2018-11-01", "country": "Sweden", "value": "0", "unit": "kg"}, {"date": "2018-12-01", "country": "Sweden", "value": "0", "unit": "kg"}, {"date": "2019-01-01", "country": "Sweden", "value": "0", "unit": "kg"}, {"date": "2019-02-01", "country": "Sweden", "value": "0", "unit": "kg"}, {"date": "2019-03-01", "country": "Sweden", "value": "0", "unit": "kg"}, {"date": "2019-04-01", "country": "Sweden", "value": "0", "unit": "kg"}, {"date": "2019-05-01", "country": "Sweden", "value": "0", "unit": "kg"}, {"date": "2019-06-01", "country": "Sweden", "value": "20", "unit": "kg"}, {"date": "2019-07-01", "country": "Sweden", "value": "84", "unit": "kg"}, {"date": "2019-08-01", "country": "Sweden", "value": "0", "unit": "kg"}, {"date": "2019-09-01", "country": "Sweden", "value": "0", "unit": "kg"}, {"date": "2019-10-01", "country": "Sweden", "value": "0", "unit": "kg"}, {"date": "2019-11-01", "country": "Sweden", "value": "60", "unit": "kg"}, {"date": "2019-12-01", "country": "Sweden", "value": "0", "unit": "kg"}, {"date": "2020-01-01", "country": "Sweden", "value": "0", "unit": "kg"}, {"date": "2020-02-01", "country": "Sweden", "value": "24", "unit": "kg"}, {"date": "2020-03-01", "country": "Sweden", "value": "0", "unit": "kg"}, {"date": "2018-10-01", "country": "Singapore", "value": "800", "unit": "kg"}, {"date": "2018-11-01", "country": "Singapore", "value": "0", "unit": "kg"}, {"date": "2018-12-01", "country": "Singapore", "value": "0", "unit": "kg"}, {"date": "2019-01-01", "country": "Singapore", "value": "0", "unit": "kg"}, {"date": "2019-02-01", "country": "Singapore", "value": "0", "unit": "kg"}, {"date": "2019-03-01", "country": "Singapore", "value": "0", "unit": "kg"}, {"date": "2019-04-01", "country": "Singapore", "value": "0", "unit": "kg"}, {"date": "2019-05-01", "country": "Singapore", "value": "0", "unit": "kg"}, {"date": "2019-06-01", "country": "Singapore", "value": "0", "unit": "kg"}, {"date": "2019-07-01", "country": "Singapore", "value": "0", "unit": "kg"}, {"date": "2019-08-01", "country": "Singapore", "value": "0", "unit": "kg"}, {"date": "2019-09-01", "country": "Singapore", "value": "0", "unit": "kg"}, {"date": "2019-10-01", "country": "Singapore", "value": "0", "unit": "kg"}, {"date": "2019-11-01", "country": "Singapore", "value": "0", "unit": "kg"}, {"date": "2019-12-01", "country": "Singapore", "value": "0", "unit": "kg"}, {"date": "2020-01-01", "country": "Singapore", "value": "0", "unit": "kg"}, {"date": "2020-02-01", "country": "Singapore", "value": "0", "unit": "kg"}, {"date": "2020-03-01", "country": "Singapore", "value": "0", "unit": "kg"}, {"date": "2018-10-01", "country": "Slovakia", "value": "0", "unit": "kg"}, {"date": "2018-11-01", "country": "Slovakia", "value": "0", "unit": "kg"}, {"date": "2018-12-01", "country": "Slovakia", "value": "0", "unit": "kg"}, {"date": "2019-01-01", "country": "Slovakia", "value": "1680", "unit": "kg"}, {"date": "2019-02-01", "country": "Slovakia", "value": "0", "unit": "kg"}, {"date": "2019-03-01", "country": "Slovakia", "value": "0", "unit": "kg"}, {"date": "2019-04-01", "country": "Slovakia", "value": "0", "unit": "kg"}, {"date": "2019-05-01", "country": "Slovakia", "value": "0", "unit": "kg"}, {"date": "2019-06-01", "country": "Slovakia", "value": "0", "unit": "kg"}, {"date": "2019-07-01", "country": "Slovakia", "value": "0", "unit": "kg"}, {"date": "2019-08-01", "country": "Slovakia", "value": "0", "unit": "kg"}, {"date": "2019-09-01", "country": "Slovakia", "value": "0", "unit": "kg"}, {"date": "2019-10-01", "country": "Slovakia", "value": "840", "unit": "kg"}, {"date": "2019-11-01", "country": "Slovakia", "value": "0", "unit": "kg"}, {"date": "2019-12-01", "country": "Slovakia", "value": "0", "unit": "kg"}, {"date": "2020-01-01", "country": "Slovakia", "value": "0", "unit": "kg"}, {"date": "2020-02-01", "country": "Slovakia", "value": "0", "unit": "kg"}, {"date": "2020-03-01", "country": "Slovakia", "value": "0", "unit": "kg"}, {"date": "2018-10-01", "country": "United Arab Emirates", "value": "0", "unit": "kg"}, {"date": "2018-11-01", "country": "United Arab Emirates", "value": "0", "unit": "kg"}, {"date": "2018-12-01", "country": "United Arab Emirates", "value": "0", "unit": "kg"}, {"date": "2019-01-01", "country": "United Arab Emirates", "value": "0", "unit": "kg"}, {"date": "2019-02-01", "country": "United Arab Emirates", "value": "0", "unit": "kg"}, {"date": "2019-03-01", "country": "United Arab Emirates", "value": "0", "unit": "kg"}, {"date": "2019-04-01", "country": "United Arab Emirates", "value": "0", "unit": "kg"}, {"date": "2019-05-01", "country": "United Arab Emirates", "value": "0", "unit": "kg"}, {"date": "2019-06-01", "country": "United Arab Emirates", "value": "0", "unit": "kg"}, {"date": "2019-07-01", "country": "United Arab Emirates", "value": "0", "unit": "kg"}, {"date": "2019-08-01", "country": "United Arab Emirates", "value": "0", "unit": "kg"}, {"date": "2019-09-01", "country": "United Arab Emirates", "value": "0", "unit": "kg"}, {"date": "2019-10-01", "country": "United Arab Emirates", "value": "0", "unit": "kg"}, {"date": "2019-11-01", "country": "United Arab Emirates", "value": "0", "unit": "kg"}, {"date": "2019-12-01", "country": "United Arab Emirates", "value": "0", "unit": "kg"}, {"date": "2020-01-01", "country": "United Arab Emirates", "value": "0", "unit": "kg"}, {"date": "2020-02-01", "country": "United Arab Emirates", "value": "0", "unit": "kg"}, {"date": "2020-03-01", "country": "United Arab Emirates", "value": "300", "unit": "kg"}, {"date": "2018-10-01", "country": "Ukraine", "value": "0", "unit": "kg"}, {"date": "2018-11-01", "country": "Ukraine", "value": "480", "unit": "kg"}, {"date": "2018-12-01", "country": "Ukraine", "value": "0", "unit": "kg"}, {"date": "2019-01-01", "country": "Ukraine", "value": "0", "unit": "kg"}, {"date": "2019-02-01", "country": "Ukraine", "value": "0", "unit": "kg"}, {"date": "2019-03-01", "country": "Ukraine", "value": "0", "unit": "kg"}, {"date": "2019-04-01", "country": "Ukraine", "value": "0", "unit": "kg"}, {"date": "2019-05-01", "country": "Ukraine", "value": "0", "unit": "kg"}, {"date": "2019-06-01", "country": "Ukraine", "value": "0", "unit": "kg"}, {"date": "2019-07-01", "country": "Ukraine", "value": "123", "unit": "kg"}, {"date": "2019-08-01", "country": "Ukraine", "value": "0", "unit": "kg"}, {"date": "2019-09-01", "country": "Ukraine", "value": "0", "unit": "kg"}, {"date": "2019-10-01", "country": "Ukraine", "value": "0", "unit": "kg"}, {"date": "2019-11-01", "country": "Ukraine", "value": "351", "unit": "kg"}, {"date": "2019-12-01", "country": "Ukraine", "value": "0", "unit": "kg"}, {"date": "2020-01-01", "country": "Ukraine", "value": "0", "unit": "kg"}, {"date": "2020-02-01", "country": "Ukraine", "value": "0", "unit": "kg"}, {"date": "2020-03-01", "country": "Ukraine", "value": "0", "unit": "kg"}, {"date": "2018-10-01", "country": "Venezuela, Bolivarian Republic of", "value": "0", "unit": "kg"}, {"date": "2018-11-01", "country": "Venezuela, Bolivarian Republic of", "value": "0", "unit": "kg"}, {"date": "2018-12-01", "country": "Venezuela, Bolivarian Republic of", "value": "0", "unit": "kg"}, {"date": "2019-01-01", "country": "Venezuela, Bolivarian Republic of", "value": "0", "unit": "kg"}, {"date": "2019-02-01", "country": "Venezuela, Bolivarian Republic of", "value": "0", "unit": "kg"}, {"date": "2019-03-01", "country": "Venezuela, Bolivarian Republic of", "value": "0", "unit": "kg"}, {"date": "2019-04-01", "country": "Venezuela, Bolivarian Republic of", "value": "0", "unit": "kg"}, {"date": "2019-05-01", "country": "Venezuela, Bolivarian Republic of", "value": "200", "unit": "kg"}, {"date": "2019-06-01", "country": "Venezuela, Bolivarian Republic of", "value": "0", "unit": "kg"}, {"date": "2019-07-01", "country": "Venezuela, Bolivarian Republic of", "value": "0", "unit": "kg"}, {"date": "2019-08-01", "country": "Venezuela, Bolivarian Republic of", "value": "0", "unit": "kg"}, {"date": "2019-09-01", "country": "Venezuela, Bolivarian Republic of", "value": "0", "unit": "kg"}, {"date": "2019-10-01", "country": "Venezuela, Bolivarian Republic of", "value": "0", "unit": "kg"}, {"date": "2019-11-01", "country": "Venezuela, Bolivarian Republic of", "value": "0", "unit": "kg"}, {"date": "2019-12-01", "country": "Venezuela, Bolivarian Republic of", "value": "0", "unit": "kg"}, {"date": "2020-01-01", "country": "Venezuela, Bolivarian Republic of", "value": "0", "unit": "kg"}, {"date": "2020-02-01", "country": "Venezuela, Bolivarian Republic of", "value": "0", "unit": "kg"}, {"date": "2020-03-01", "country": "Venezuela, Bolivarian Republic of", "value": "0", "unit": "kg"}, {"date": "2018-10-01", "country": "Dominican Republic", "value": "0", "unit": "kg"}, {"date": "2018-11-01", "country": "Dominican Republic", "value": "3750", "unit": "kg"}, {"date": "2018-12-01", "country": "Dominican Republic", "value": "0", "unit": "kg"}, {"date": "2019-01-01", "country": "Dominican Republic", "value": "1250", "unit": "kg"}, {"date": "2019-02-01", "country": "Dominican Republic", "value": "3850", "unit": "kg"}, {"date": "2019-03-01", "country": "Dominican Republic", "value": "0", "unit": "kg"}, {"date": "2019-04-01", "country": "Dominican Republic", "value": "500", "unit": "kg"}, {"date": "2019-05-01", "country": "Dominican Republic", "value": "3600", "unit": "kg"}, {"date": "2019-06-01", "country": "Dominican Republic", "value": "4100", "unit": "kg"}, {"date": "2019-07-01", "country": "Dominican Republic", "value": "1500", "unit": "kg"}, {"date": "2019-08-01", "country": "Dominican Republic", "value": "0", "unit": "kg"}, {"date": "2019-09-01", "country": "Dominican Republic", "value": "3600", "unit": "kg"}, {"date": "2019-10-01", "country": "Dominican Republic", "value": "0", "unit": "kg"}, {"date": "2019-11-01", "country": "Dominican Republic", "value": "3800", "unit": "kg"}, {"date": "2019-12-01", "country": "Dominican Republic", "value": "0", "unit": "kg"}, {"date": "2020-01-01", "country": "Dominican Republic", "value": "0", "unit": "kg"}, {"date": "2020-02-01", "country": "Dominican Republic", "value": "3600", "unit": "kg"}, {"date": "2020-03-01", "country": "Dominican Republic", "value": "180", "unit": "kg"}, {"date": "2018-10-01", "country": "Ecuador", "value": "0", "unit": "kg"}, {"date": "2018-11-01", "country": "Ecuador", "value": "0", "unit": "kg"}, {"date": "2018-12-01", "country": "Ecuador", "value": "0", "unit": "kg"}, {"date": "2019-01-01", "country": "Ecuador", "value": "0", "unit": "kg"}, {"date": "2019-02-01", "country": "Ecuador", "value": "0", "unit": "kg"}, {"date": "2019-03-01", "country": "Ecuador", "value": "0", "unit": "kg"}, {"date": "2019-04-01", "country": "Ecuador", "value": "200", "unit": "kg"}, {"date": "2019-05-01", "country": "Ecuador", "value": "0", "unit": "kg"}, {"date": "2019-06-01", "country": "Ecuador", "value": "0", "unit": "kg"}, {"date": "2019-07-01", "country": "Ecuador", "value": "0", "unit": "kg"}, {"date": "2019-08-01", "country": "Ecuador", "value": "0", "unit": "kg"}, {"date": "2019-09-01", "country": "Ecuador", "value": "0", "unit": "kg"}, {"date": "2019-10-01", "country": "Ecuador", "value": "0", "unit": "kg"}, {"date": "2019-11-01", "country": "Ecuador", "value": "0", "unit": "kg"}, {"date": "2019-12-01", "country": "Ecuador", "value": "0", "unit": "kg"}, {"date": "2020-01-01", "country": "Ecuador", "value": "0", "unit": "kg"}, {"date": "2020-02-01", "country": "Ecuador", "value": "0", "unit": "kg"}, {"date": "2020-03-01", "country": "Ecuador", "value": "0", "unit": "kg"}, {"date": "2018-10-01", "country": "Lebanon", "value": "0", "unit": "kg"}, {"date": "2018-11-01", "country": "Lebanon", "value": "0", "unit": "kg"}, {"date": "2018-12-01", "country": "Lebanon", "value": "0", "unit": "kg"}, {"date": "2019-01-01", "country": "Lebanon", "value": "0", "unit": "kg"}, {"date": "2019-02-01", "country": "Lebanon", "value": "0", "unit": "kg"}, {"date": "2019-03-01", "country": "Lebanon", "value": "0", "unit": "kg"}, {"date": "2019-04-01", "country": "Lebanon", "value": "0", "unit": "kg"}, {"date": "2019-05-01", "country": "Lebanon", "value": "0", "unit": "kg"}, {"date": "2019-06-01", "country": "Lebanon", "value": "0", "unit": "kg"}, {"date": "2019-07-01", "country": "Lebanon", "value": "0", "unit": "kg"}, {"date": "2019-08-01", "country": "Lebanon", "value": "420", "unit": "kg"}, {"date": "2019-09-01", "country": "Lebanon", "value": "0", "unit": "kg"}, {"date": "2019-10-01", "country": "Lebanon", "value": "0", "unit": "kg"}, {"date": "2019-11-01", "country": "Lebanon", "value": "0", "unit": "kg"}, {"date": "2019-12-01", "country": "Lebanon", "value": "460", "unit": "kg"}, {"date": "2020-01-01", "country": "Lebanon", "value": "0", "unit": "kg"}, {"date": "2020-02-01", "country": "Lebanon", "value": "0", "unit": "kg"}, {"date": "2020-03-01", "country": "Lebanon", "value": "0", "unit": "kg"}, {"date": "2018-10-01", "country": "Latvia", "value": "0", "unit": "kg"}, {"date": "2018-11-01", "country": "Latvia", "value": "0", "unit": "kg"}, {"date": "2018-12-01", "country": "Latvia", "value": "0", "unit": "kg"}, {"date": "2019-01-01", "country": "Latvia", "value": "0", "unit": "kg"}, {"date": "2019-02-01", "country": "Latvia", "value": "0", "unit": "kg"}, {"date": "2019-03-01", "country": "Latvia", "value": "0", "unit": "kg"}, {"date": "2019-04-01", "country": "Latvia", "value": "0", "unit": "kg"}, {"date": "2019-05-01", "country": "Latvia", "value": "0", "unit": "kg"}, {"date": "2019-06-01", "country": "Latvia", "value": "0", "unit": "kg"}, {"date": "2019-07-01", "country": "Latvia", "value": "0", "unit": "kg"}, {"date": "2019-08-01", "country": "Latvia", "value": "0", "unit": "kg"}, {"date": "2019-09-01", "country": "Latvia", "value": "0", "unit": "kg"}, {"date": "2019-10-01", "country": "Latvia", "value": "0", "unit": "kg"}, {"date": "2019-11-01", "country": "Latvia", "value": "0", "unit": "kg"}, {"date": "2019-12-01", "country": "Latvia", "value": "180", "unit": "kg"}, {"date": "2020-01-01", "country": "Latvia", "value": "0", "unit": "kg"}, {"date": "2020-02-01", "country": "Latvia", "value": "0", "unit": "kg"}, {"date": "2020-03-01", "country": "Latvia", "value": "0", "unit": "kg"}, {"date": "2018-10-01", "country": "Liberia", "value": "0", "unit": "kg"}, {"date": "2018-11-01", "country": "Liberia", "value": "0", "unit": "kg"}, {"date": "2018-12-01", "country": "Liberia", "value": "450", "unit": "kg"}, {"date": "2019-01-01", "country": "Liberia", "value": "0", "unit": "kg"}, {"date": "2019-02-01", "country": "Liberia", "value": "0", "unit": "kg"}, {"date": "2019-03-01", "country": "Liberia", "value": "0", "unit": "kg"}, {"date": "2019-04-01", "country": "Liberia", "value": "0", "unit": "kg"}, {"date": "2019-05-01", "country": "Liberia", "value": "0", "unit": "kg"}, {"date": "2019-06-01", "country": "Liberia", "value": "0", "unit": "kg"}, {"date": "2019-07-01", "country": "Liberia", "value": "0", "unit": "kg"}, {"date": "2019-08-01", "country": "Liberia", "value": "0", "unit": "kg"}, {"date": "2019-09-01", "country": "Liberia", "value": "0", "unit": "kg"}, {"date": "2019-10-01", "country": "Liberia", "value": "0", "unit": "kg"}, {"date": "2019-11-01", "country": "Liberia", "value": "0", "unit": "kg"}, {"date": "2019-12-01", "country": "Liberia", "value": "0", "unit": "kg"}, {"date": "2020-01-01", "country": "Liberia", "value": "0", "unit": "kg"}, {"date": "2020-02-01", "country": "Liberia", "value": "0", "unit": "kg"}, {"date": "2020-03-01", "country": "Liberia", "value": "0", "unit": "kg"}, {"date": "2018-10-01", "country": "Lithuania", "value": "0", "unit": "kg"}, {"date": "2018-11-01", "country": "Lithuania", "value": "25", "unit": "kg"}, {"date": "2018-12-01", "country": "Lithuania", "value": "0", "unit": "kg"}, {"date": "2019-01-01", "country": "Lithuania", "value": "0", "unit": "kg"}, {"date": "2019-02-01", "country": "Lithuania", "value": "0", "unit": "kg"}, {"date": "2019-03-01", "country": "Lithuania", "value": "0", "unit": "kg"}, {"date": "2019-04-01", "country": "Lithuania", "value": "0", "unit": "kg"}, {"date": "2019-05-01", "country": "Lithuania", "value": "0", "unit": "kg"}, {"date": "2019-06-01", "country": "Lithuania", "value": "0", "unit": "kg"}, {"date": "2019-07-01", "country": "Lithuania", "value": "0", "unit": "kg"}, {"date": "2019-08-01", "country": "Lithuania", "value": "0", "unit": "kg"}, {"date": "2019-09-01", "country": "Lithuania", "value": "0", "unit": "kg"}, {"date": "2019-10-01", "country": "Lithuania", "value": "0", "unit": "kg"}, {"date": "2019-11-01", "country": "Lithuania", "value": "0", "unit": "kg"}, {"date": "2019-12-01", "country": "Lithuania", "value": "0", "unit": "kg"}, {"date": "2020-01-01", "country": "Lithuania", "value": "0", "unit": "kg"}, {"date": "2020-02-01", "country": "Lithuania", "value": "0", "unit": "kg"}, {"date": "2020-03-01", "country": "Lithuania", "value": "425", "unit": "kg"}, {"date": "2018-10-01", "country": "Luxembourg", "value": "0", "unit": "kg"}, {"date": "2018-11-01", "country": "Luxembourg", "value": "125", "unit": "kg"}, {"date": "2018-12-01", "country": "Luxembourg", "value": "0", "unit": "kg"}, {"date": "2019-01-01", "country": "Luxembourg", "value": "0", "unit": "kg"}, {"date": "2019-02-01", "country": "Luxembourg", "value": "0", "unit": "kg"}, {"date": "2019-03-01", "country": "Luxembourg", "value": "0", "unit": "kg"}, {"date": "2019-04-01", "country": "Luxembourg", "value": "0", "unit": "kg"}, {"date": "2019-05-01", "country": "Luxembourg", "value": "0", "unit": "kg"}, {"date": "2019-06-01", "country": "Luxembourg", "value": "0", "unit": "kg"}, {"date": "2019-07-01", "country": "Luxembourg", "value": "0", "unit": "kg"}, {"date": "2019-08-01", "country": "Luxembourg", "value": "0", "unit": "kg"}, {"date": "2019-09-01", "country": "Luxembourg", "value": "0", "unit": "kg"}, {"date": "2019-10-01", "country": "Luxembourg", "value": "0", "unit": "kg"}, {"date": "2019-11-01", "country": "Luxembourg", "value": "0", "unit": "kg"}, {"date": "2019-12-01", "country": "Luxembourg", "value": "0", "unit": "kg"}, {"date": "2020-01-01", "country": "Luxembourg", "value": "0", "unit": "kg"}, {"date": "2020-02-01", "country": "Luxembourg", "value": "0", "unit": "kg"}, {"date": "2020-03-01", "country": "Luxembourg", "value": "0", "unit": "kg"}, {"date": "2018-10-01", "country": "Romania", "value": "0", "unit": "kg"}, {"date": "2018-11-01", "country": "Romania", "value": "0", "unit": "kg"}, {"date": "2018-12-01", "country": "Romania", "value": "0", "unit": "kg"}, {"date": "2019-01-01", "country": "Romania", "value": "0", "unit": "kg"}, {"date": "2019-02-01", "country": "Romania", "value": "0", "unit": "kg"}, {"date": "2019-03-01", "country": "Romania", "value": "0", "unit": "kg"}, {"date": "2019-04-01", "country": "Romania", "value": "0", "unit": "kg"}, {"date": "2019-05-01", "country": "Romania", "value": "0", "unit": "kg"}, {"date": "2019-06-01", "country": "Romania", "value": "0", "unit": "kg"}, {"date": "2019-07-01", "country": "Romania", "value": "1007", "unit": "kg"}, {"date": "2019-08-01", "country": "Romania", "value": "0", "unit": "kg"}, {"date": "2019-09-01", "country": "Romania", "value": "5", "unit": "kg"}, {"date": "2019-10-01", "country": "Romania", "value": "1007", "unit": "kg"}, {"date": "2019-11-01", "country": "Romania", "value": "0", "unit": "kg"}, {"date": "2019-12-01", "country": "Romania", "value": "0", "unit": "kg"}, {"date": "2020-01-01", "country": "Romania", "value": "0", "unit": "kg"}, {"date": "2020-02-01", "country": "Romania", "value": "0", "unit": "kg"}, {"date": "2020-03-01", "country": "Romania", "value": "10", "unit": "kg"}, {"date": "2018-10-01", "country": "Russian Federation", "value": "0", "unit": "kg"}, {"date": "2018-11-01", "country": "Russian Federation", "value": "0", "unit": "kg"}, {"date": "2018-12-01", "country": "Russian Federation", "value": "0", "unit": "kg"}, {"date": "2019-01-01", "country": "Russian Federation", "value": "450", "unit": "kg"}, {"date": "2019-02-01", "country": "Russian Federation", "value": "0", "unit": "kg"}, {"date": "2019-03-01", "country": "Russian Federation", "value": "440", "unit": "kg"}, {"date": "2019-04-01", "country": "Russian Federation", "value": "0", "unit": "kg"}, {"date": "2019-05-01", "country": "Russian Federation", "value": "0", "unit": "kg"}, {"date": "2019-06-01", "country": "Russian Federation", "value": "0", "unit": "kg"}, {"date": "2019-07-01", "country": "Russian Federation", "value": "0", "unit": "kg"}, {"date": "2019-08-01", "country": "Russian Federation", "value": "0", "unit": "kg"}, {"date": "2019-09-01", "country": "Russian Federation", "value": "0", "unit": "kg"}, {"date": "2019-10-01", "country": "Russian Federation", "value": "440", "unit": "kg"}, {"date": "2019-11-01", "country": "Russian Federation", "value": "0", "unit": "kg"}, {"date": "2019-12-01", "country": "Russian Federation", "value": "0", "unit": "kg"}, {"date": "2020-01-01", "country": "Russian Federation", "value": "0", "unit": "kg"}, {"date": "2020-02-01", "country": "Russian Federation", "value": "0", "unit": "kg"}, {"date": "2020-03-01", "country": "Russian Federation", "value": "440", "unit": "kg"}, {"date": "2018-10-01", "country": "Saudi Arabia", "value": "0", "unit": "kg"}, {"date": "2018-11-01", "country": "Saudi Arabia", "value": "0", "unit": "kg"}, {"date": "2018-12-01", "country": "Saudi Arabia", "value": "0", "unit": "kg"}, {"date": "2019-01-01", "country": "Saudi Arabia", "value": "0", "unit": "kg"}, {"date": "2019-02-01", "country": "Saudi Arabia", "value": "0", "unit": "kg"}, {"date": "2019-03-01", "country": "Saudi Arabia", "value": "0", "unit": "kg"}, {"date": "2019-04-01", "country": "Saudi Arabia", "value": "0", "unit": "kg"}, {"date": "2019-05-01", "country": "Saudi Arabia", "value": "0", "unit": "kg"}, {"date": "2019-06-01", "country": "Saudi Arabia", "value": "0", "unit": "kg"}, {"date": "2019-07-01", "country": "Saudi Arabia", "value": "0", "unit": "kg"}, {"date": "2019-08-01", "country": "Saudi Arabia", "value": "0", "unit": "kg"}, {"date": "2019-09-01", "country": "Saudi Arabia", "value": "0", "unit": "kg"}, {"date": "2019-10-01", "country": "Saudi Arabia", "value": "0", "unit": "kg"}, {"date": "2019-11-01", "country": "Saudi Arabia", "value": "0", "unit": "kg"}, {"date": "2019-12-01", "country": "Saudi Arabia", "value": "0", "unit": "kg"}, {"date": "2020-01-01", "country": "Saudi Arabia", "value": "0", "unit": "kg"}, {"date": "2020-02-01", "country": "Saudi Arabia", "value": "132", "unit": "kg"}, {"date": "2020-03-01", "country": "Saudi Arabia", "value": "0", "unit": "kg"}, {"date": "2018-10-01", "country": "New Zealand", "value": "0", "unit": "kg"}, {"date": "2018-11-01", "country": "New Zealand", "value": "0", "unit": "kg"}, {"date": "2018-12-01", "country": "New Zealand", "value": "0", "unit": "kg"}, {"date": "2019-01-01", "country": "New Zealand", "value": "0", "unit": "kg"}, {"date": "2019-02-01", "country": "New Zealand", "value": "0", "unit": "kg"}, {"date": "2019-03-01", "country": "New Zealand", "value": "0", "unit": "kg"}, {"date": "2019-04-01", "country": "New Zealand", "value": "0", "unit": "kg"}, {"date": "2019-05-01", "country": "New Zealand", "value": "0", "unit": "kg"}, {"date": "2019-06-01", "country": "New Zealand", "value": "0", "unit": "kg"}, {"date": "2019-07-01", "country": "New Zealand", "value": "0", "unit": "kg"}, {"date": "2019-08-01", "country": "New Zealand", "value": "0", "unit": "kg"}, {"date": "2019-09-01", "country": "New Zealand", "value": "257", "unit": "kg"}, {"date": "2019-10-01", "country": "New Zealand", "value": "0", "unit": "kg"}, {"date": "2019-11-01", "country": "New Zealand", "value": "0", "unit": "kg"}, {"date": "2019-12-01", "country": "New Zealand", "value": "0", "unit": "kg"}, {"date": "2020-01-01", "country": "New Zealand", "value": "0", "unit": "kg"}, {"date": "2020-02-01", "country": "New Zealand", "value": "0", "unit": "kg"}, {"date": "2020-03-01", "country": "New Zealand", "value": "0", "unit": "kg"}, {"date": "2018-10-01", "country": "Norway", "value": "0", "unit": "kg"}, {"date": "2018-11-01", "country": "Norway", "value": "0", "unit": "kg"}, {"date": "2018-12-01", "country": "Norway", "value": "0", "unit": "kg"}, {"date": "2019-01-01", "country": "Norway", "value": "0", "unit": "kg"}, {"date": "2019-02-01", "country": "Norway", "value": "0", "unit": "kg"}, {"date": "2019-03-01", "country": "Norway", "value": "0", "unit": "kg"}, {"date": "2019-04-01", "country": "Norway", "value": "0", "unit": "kg"}, {"date": "2019-05-01", "country": "Norway", "value": "0", "unit": "kg"}, {"date": "2019-06-01", "country": "Norway", "value": "0", "unit": "kg"}, {"date": "2019-07-01", "country": "Norway", "value": "0", "unit": "kg"}, {"date": "2019-08-01", "country": "Norway", "value": "300", "unit": "kg"}, {"date": "2019-09-01", "country": "Norway", "value": "0", "unit": "kg"}, {"date": "2019-10-01", "country": "Norway", "value": "0", "unit": "kg"}, {"date": "2019-11-01", "country": "Norway", "value": "0", "unit": "kg"}, {"date": "2019-12-01", "country": "Norway", "value": "0", "unit": "kg"}, {"date": "2020-01-01", "country": "Norway", "value": "0", "unit": "kg"}, {"date": "2020-02-01", "country": "Norway", "value": "0", "unit": "kg"}, {"date": "2020-03-01", "country": "Norway", "value": "0", "unit": "kg"}, {"date": "2018-10-01", "country": "Panama", "value": "0", "unit": "kg"}, {"date": "2018-11-01", "country": "Panama", "value": "0", "unit": "kg"}, {"date": "2018-12-01", "country": "Panama", "value": "0", "unit": "kg"}, {"date": "2019-01-01", "country": "Panama", "value": "0", "unit": "kg"}, {"date": "2019-02-01", "country": "Panama", "value": "840", "unit": "kg"}, {"date": "2019-03-01", "country": "Panama", "value": "0", "unit": "kg"}, {"date": "2019-04-01", "country": "Panama", "value": "0", "unit": "kg"}, {"date": "2019-05-01", "country": "Panama", "value": "0", "unit": "kg"}, {"date": "2019-06-01", "country": "Panama", "value": "0", "unit": "kg"}, {"date": "2019-07-01", "country": "Panama", "value": "0", "unit": "kg"}, {"date": "2019-08-01", "country": "Panama", "value": "0", "unit": "kg"}, {"date": "2019-09-01", "country": "Panama", "value": "0", "unit": "kg"}, {"date": "2019-10-01", "country": "Panama", "value": "0", "unit": "kg"}, {"date": "2019-11-01", "country": "Panama", "value": "0", "unit": "kg"}, {"date": "2019-12-01", "country": "Panama", "value": "0", "unit": "kg"}, {"date": "2020-01-01", "country": "Panama", "value": "0", "unit": "kg"}, {"date": "2020-02-01", "country": "Panama", "value": "0", "unit": "kg"}, {"date": "2020-03-01", "country": "Panama", "value": "0", "unit": "kg"}, {"date": "2018-10-01", "country": "Philippines", "value": "0", "unit": "kg"}, {"date": "2018-11-01", "country": "Philippines", "value": "0", "unit": "kg"}, {"date": "2018-12-01", "country": "Philippines", "value": "0", "unit": "kg"}, {"date": "2019-01-01", "country": "Philippines", "value": "0", "unit": "kg"}, {"date": "2019-02-01", "country": "Philippines", "value": "0", "unit": "kg"}, {"date": "2019-03-01", "country": "Philippines", "value": "0", "unit": "kg"}, {"date": "2019-04-01", "country": "Philippines", "value": "0", "unit": "kg"}, {"date": "2019-05-01", "country": "Philippines", "value": "0", "unit": "kg"}, {"date": "2019-06-01", "country": "Philippines", "value": "0", "unit": "kg"}, {"date": "2019-07-01", "country": "Philippines", "value": "0", "unit": "kg"}, {"date": "2019-08-01", "country": "Philippines", "value": "0", "unit": "kg"}, {"date": "2019-09-01", "country": "Philippines", "value": "0", "unit": "kg"}, {"date": "2019-10-01", "country": "Philippines", "value": "0", "unit": "kg"}, {"date": "2019-11-01", "country": "Philippines", "value": "0", "unit": "kg"}, {"date": "2019-12-01", "country": "Philippines", "value": "0", "unit": "kg"}, {"date": "2020-01-01", "country": "Philippines", "value": "0", "unit": "kg"}, {"date": "2020-02-01", "country": "Philippines", "value": "150", "unit": "kg"}, {"date": "2020-03-01", "country": "Philippines", "value": "0", "unit": "kg"}, {"date": "2018-10-01", "country": "Poland", "value": "0", "unit": "kg"}, {"date": "2018-11-01", "country": "Poland", "value": "0", "unit": "kg"}, {"date": "2018-12-01", "country": "Poland", "value": "50000", "unit": "kg"}, {"date": "2019-01-01", "country": "Poland", "value": "0", "unit": "kg"}, {"date": "2019-02-01", "country": "Poland", "value": "0", "unit": "kg"}, {"date": "2019-03-01", "country": "Poland", "value": "0", "unit": "kg"}, {"date": "2019-04-01", "country": "Poland", "value": "0", "unit": "kg"}, {"date": "2019-05-01", "country": "Poland", "value": "0", "unit": "kg"}, {"date": "2019-06-01", "country": "Poland", "value": "0", "unit": "kg"}, {"date": "2019-07-01", "country": "Poland", "value": "0", "unit": "kg"}, {"date": "2019-08-01", "country": "Poland", "value": "0", "unit": "kg"}, {"date": "2019-09-01", "country": "Poland", "value": "50000", "unit": "kg"}, {"date": "2019-10-01", "country": "Poland", "value": "0", "unit": "kg"}, {"date": "2019-11-01", "country": "Poland", "value": "0", "unit": "kg"}, {"date": "2019-12-01", "country": "Poland", "value": "0", "unit": "kg"}, {"date": "2020-01-01", "country": "Poland", "value": "0", "unit": "kg"}, {"date": "2020-02-01", "country": "Poland", "value": "0", "unit": "kg"}, {"date": "2020-03-01", "country": "Poland", "value": "0", "unit": "kg"}, {"date": "2018-10-01", "country": "Bahrain", "value": "0", "unit": "kg"}, {"date": "2018-11-01", "country": "Bahrain", "value": "0", "unit": "kg"}, {"date": "2018-12-01", "country": "Bahrain", "value": "0", "unit": "kg"}, {"date": "2019-01-01", "country": "Bahrain", "value": "150", "unit": "kg"}, {"date": "2019-02-01", "country": "Bahrain", "value": "0", "unit": "kg"}, {"date": "2019-03-01", "country": "Bahrain", "value": "0", "unit": "kg"}, {"date": "2019-04-01", "country": "Bahrain", "value": "0", "unit": "kg"}, {"date": "2019-05-01", "country": "Bahrain", "value": "0", "unit": "kg"}, {"date": "2019-06-01", "country": "Bahrain", "value": "0", "unit": "kg"}, {"date": "2019-07-01", "country": "Bahrain", "value": "0", "unit": "kg"}, {"date": "2019-08-01", "country": "Bahrain", "value": "0", "unit": "kg"}, {"date": "2019-09-01", "country": "Bahrain", "value": "0", "unit": "kg"}, {"date": "2019-10-01", "country": "Bahrain", "value": "0", "unit": "kg"}, {"date": "2019-11-01", "country": "Bahrain", "value": "0", "unit": "kg"}, {"date": "2019-12-01", "country": "Bahrain", "value": "0", "unit": "kg"}, {"date": "2020-01-01", "country": "Bahrain", "value": "0", "unit": "kg"}, {"date": "2020-02-01", "country": "Bahrain", "value": "0", "unit": "kg"}, {"date": "2020-03-01", "country": "Bahrain", "value": "0", "unit": "kg"}, {"date": "2018-10-01", "country": "Brazil", "value": "0", "unit": "kg"}, {"date": "2018-11-01", "country": "Brazil", "value": "0", "unit": "kg"}, {"date": "2018-12-01", "country": "Brazil", "value": "0", "unit": "kg"}, {"date": "2019-01-01", "country": "Brazil", "value": "0", "unit": "kg"}, {"date": "2019-02-01", "country": "Brazil", "value": "240", "unit": "kg"}, {"date": "2019-03-01", "country": "Brazil", "value": "0", "unit": "kg"}, {"date": "2019-04-01", "country": "Brazil", "value": "0", "unit": "kg"}, {"date": "2019-05-01", "country": "Brazil", "value": "0", "unit": "kg"}, {"date": "2019-06-01", "country": "Brazil", "value": "0", "unit": "kg"}, {"date": "2019-07-01", "country": "Brazil", "value": "0", "unit": "kg"}, {"date": "2019-08-01", "country": "Brazil", "value": "0", "unit": "kg"}, {"date": "2019-09-01", "country": "Brazil", "value": "0", "unit": "kg"}, {"date": "2019-10-01", "country": "Brazil", "value": "0", "unit": "kg"}, {"date": "2019-11-01", "country": "Brazil", "value": "0", "unit": "kg"}, {"date": "2019-12-01", "country": "Brazil", "value": "0", "unit": "kg"}, {"date": "2020-01-01", "country": "Brazil", "value": "0", "unit": "kg"}, {"date": "2020-02-01", "country": "Brazil", "value": "0", "unit": "kg"}, {"date": "2020-03-01", "country": "Brazil", "value": "0", "unit": "kg"}, {"date": "2018-10-01", "country": "Canada", "value": "0", "unit": "kg"}, {"date": "2018-11-01", "country": "Canada", "value": "0", "unit": "kg"}, {"date": "2018-12-01", "country": "Canada", "value": "0", "unit": "kg"}, {"date": "2019-01-01", "country": "Canada", "value": "0", "unit": "kg"}, {"date": "2019-02-01", "country": "Canada", "value": "0", "unit": "kg"}, {"date": "2019-03-01", "country": "Canada", "value": "0", "unit": "kg"}, {"date": "2019-04-01", "country": "Canada", "value": "0", "unit": "kg"}, {"date": "2019-05-01", "country": "Canada", "value": "0", "unit": "kg"}, {"date": "2019-06-01", "country": "Canada", "value": "0", "unit": "kg"}, {"date": "2019-07-01", "country": "Canada", "value": "0", "unit": "kg"}, {"date": "2019-08-01", "country": "Canada", "value": "0", "unit": "kg"}, {"date": "2019-09-01", "country": "Canada", "value": "0", "unit": "kg"}, {"date": "2019-10-01", "country": "Canada", "value": "0", "unit": "kg"}, {"date": "2019-11-01", "country": "Canada", "value": "31500", "unit": "kg"}, {"date": "2019-12-01", "country": "Canada", "value": "0", "unit": "kg"}, {"date": "2020-01-01", "country": "Canada", "value": "0", "unit": "kg"}, {"date": "2020-02-01", "country": "Canada", "value": "10148", "unit": "kg"}, {"date": "2020-03-01", "country": "Canada", "value": "0", "unit": "kg"}, {"date": "2018-10-01", "country": "Cabo Verde", "value": "0", "unit": "kg"}, {"date": "2018-11-01", "country": "Cabo Verde", "value": "0", "unit": "kg"}, {"date": "2018-12-01", "country": "Cabo Verde", "value": "0", "unit": "kg"}, {"date": "2019-01-01", "country": "Cabo Verde", "value": "0", "unit": "kg"}, {"date": "2019-02-01", "country": "Cabo Verde", "value": "60", "unit": "kg"}, {"date": "2019-03-01", "country": "Cabo Verde", "value": "156", "unit": "kg"}, {"date": "2019-04-01", "country": "Cabo Verde", "value": "0", "unit": "kg"}, {"date": "2019-05-01", "country": "Cabo Verde", "value": "0", "unit": "kg"}, {"date": "2019-06-01", "country": "Cabo Verde", "value": "0", "unit": "kg"}, {"date": "2019-07-01", "country": "Cabo Verde", "value": "0", "unit": "kg"}, {"date": "2019-08-01", "country": "Cabo Verde", "value": "0", "unit": "kg"}, {"date": "2019-09-01", "country": "Cabo Verde", "value": "0", "unit": "kg"}, {"date": "2019-10-01", "country": "Cabo Verde", "value": "0", "unit": "kg"}, {"date": "2019-11-01", "country": "Cabo Verde", "value": "0", "unit": "kg"}, {"date": "2019-12-01", "country": "Cabo Verde", "value": "0", "unit": "kg"}, {"date": "2020-01-01", "country": "Cabo Verde", "value": "0", "unit": "kg"}, {"date": "2020-02-01", "country": "Cabo Verde", "value": "0", "unit": "kg"}, {"date": "2020-03-01", "country": "Cabo Verde", "value": "0", "unit": "kg"}, {"date": "2018-10-01", "country": "Czech Republic", "value": "0", "unit": "kg"}, {"date": "2018-11-01", "country": "Czech Republic", "value": "20", "unit": "kg"}, {"date": "2018-12-01", "country": "Czech Republic", "value": "0", "unit": "kg"}, {"date": "2019-01-01", "country": "Czech Republic", "value": "0", "unit": "kg"}, {"date": "2019-02-01", "country": "Czech Republic", "value": "0", "unit": "kg"}, {"date": "2019-03-01", "country": "Czech Republic", "value": "20", "unit": "kg"}, {"date": "2019-04-01", "country": "Czech Republic", "value": "0", "unit": "kg"}, {"date": "2019-05-01", "country": "Czech Republic", "value": "0", "unit": "kg"}, {"date": "2019-06-01", "country": "Czech Republic", "value": "0", "unit": "kg"}, {"date": "2019-07-01", "country": "Czech Republic", "value": "0", "unit": "kg"}, {"date": "2019-08-01", "country": "Czech Republic", "value": "0", "unit": "kg"}, {"date": "2019-09-01", "country": "Czech Republic", "value": "0", "unit": "kg"}, {"date": "2019-10-01", "country": "Czech Republic", "value": "0", "unit": "kg"}, {"date": "2019-11-01", "country": "Czech Republic", "value": "12", "unit": "kg"}, {"date": "2019-12-01", "country": "Czech Republic", "value": "0", "unit": "kg"}, {"date": "2020-01-01", "country": "Czech Republic", "value": "0", "unit": "kg"}, {"date": "2020-02-01", "country": "Czech Republic", "value": "0", "unit": "kg"}, {"date": "2020-03-01", "country": "Czech Republic", "value": "0", "unit": "kg"}, {"date": "2018-10-01", "country": "Greece", "value": "0", "unit": "kg"}, {"date": "2018-11-01", "country": "Greece", "value": "303", "unit": "kg"}, {"date": "2018-12-01", "country": "Greece", "value": "0", "unit": "kg"}, {"date": "2019-01-01", "country": "Greece", "value": "0", "unit": "kg"}, {"date": "2019-02-01", "country": "Greece", "value": "0", "unit": "kg"}, {"date": "2019-03-01", "country": "Greece", "value": "0", "unit": "kg"}, {"date": "2019-04-01", "country": "Greece", "value": "0", "unit": "kg"}, {"date": "2019-05-01", "country": "Greece", "value": "0", "unit": "kg"}, {"date": "2019-06-01", "country": "Greece", "value": "0", "unit": "kg"}, {"date": "2019-07-01", "country": "Greece", "value": "0", "unit": "kg"}, {"date": "2019-08-01", "country": "Greece", "value": "0", "unit": "kg"}, {"date": "2019-09-01", "country": "Greece", "value": "0", "unit": "kg"}, {"date": "2019-10-01", "country": "Greece", "value": "0", "unit": "kg"}, {"date": "2019-11-01", "country": "Greece", "value": "0", "unit": "kg"}, {"date": "2019-12-01", "country": "Greece", "value": "0", "unit": "kg"}, {"date": "2020-01-01", "country": "Greece", "value": "0", "unit": "kg"}, {"date": "2020-02-01", "country": "Greece", "value": "0", "unit": "kg"}, {"date": "2020-03-01", "country": "Greece", "value": "0", "unit": "kg"}, {"date": "2018-10-01", "country": "Guatemala", "value": "0", "unit": "kg"}, {"date": "2018-11-01", "country": "Guatemala", "value": "0", "unit": "kg"}, {"date": "2018-12-01", "country": "Guatemala", "value": "0", "unit": "kg"}, {"date": "2019-01-01", "country": "Guatemala", "value": "0", "unit": "kg"}, {"date": "2019-02-01", "country": "Guatemala", "value": "0", "unit": "kg"}, {"date": "2019-03-01", "country": "Guatemala", "value": "0", "unit": "kg"}, {"date": "2019-04-01", "country": "Guatemala", "value": "0", "unit": "kg"}, {"date": "2019-05-01", "country": "Guatemala", "value": "0", "unit": "kg"}, {"date": "2019-06-01", "country": "Guatemala", "value": "0", "unit": "kg"}, {"date": "2019-07-01", "country": "Guatemala", "value": "0", "unit": "kg"}, {"date": "2019-08-01", "country": "Guatemala", "value": "0", "unit": "kg"}, {"date": "2019-09-01", "country": "Guatemala", "value": "0", "unit": "kg"}, {"date": "2019-10-01", "country": "Guatemala", "value": "0", "unit": "kg"}, {"date": "2019-11-01", "country": "Guatemala", "value": "400", "unit": "kg"}, {"date": "2019-12-01", "country": "Guatemala", "value": "0", "unit": "kg"}, {"date": "2020-01-01", "country": "Guatemala", "value": "0", "unit": "kg"}, {"date": "2020-02-01", "country": "Guatemala", "value": "0", "unit": "kg"}, {"date": "2020-03-01", "country": "Guatemala", "value": "0", "unit": "kg"}, {"date": "2018-10-01", "country": "Haiti", "value": "0", "unit": "kg"}, {"date": "2018-11-01", "country": "Haiti", "value": "0", "unit": "kg"}, {"date": "2018-12-01", "country": "Haiti", "value": "0", "unit": "kg"}, {"date": "2019-01-01", "country": "Haiti", "value": "0", "unit": "kg"}, {"date": "2019-02-01", "country": "Haiti", "value": "0", "unit": "kg"}, {"date": "2019-03-01", "country": "Haiti", "value": "8100", "unit": "kg"}, {"date": "2019-04-01", "country": "Haiti", "value": "0", "unit": "kg"}, {"date": "2019-05-01", "country": "Haiti", "value": "0", "unit": "kg"}, {"date": "2019-06-01", "country": "Haiti", "value": "0", "unit": "kg"}, {"date": "2019-07-01", "country": "Haiti", "value": "0", "unit": "kg"}, {"date": "2019-08-01", "country": "Haiti", "value": "0", "unit": "kg"}, {"date": "2019-09-01", "country": "Haiti", "value": "0", "unit": "kg"}, {"date": "2019-10-01", "country": "Haiti", "value": "0", "unit": "kg"}, {"date": "2019-11-01", "country": "Haiti", "value": "0", "unit": "kg"}, {"date": "2019-12-01", "country": "Haiti", "value": "0", "unit": "kg"}, {"date": "2020-01-01", "country": "Haiti", "value": "0", "unit": "kg"}, {"date": "2020-02-01", "country": "Haiti", "value": "0", "unit": "kg"}, {"date": "2020-03-01", "country": "Haiti", "value": "0", "unit": "kg"}, {"date": "2018-10-01", "country": "Hungary", "value": "0", "unit": "kg"}, {"date": "2018-11-01", "country": "Hungary", "value": "1680", "unit": "kg"}, {"date": "2018-12-01", "country": "Hungary", "value": "0", "unit": "kg"}, {"date": "2019-01-01", "country": "Hungary", "value": "0", "unit": "kg"}, {"date": "2019-02-01", "country": "Hungary", "value": "0", "unit": "kg"}, {"date": "2019-03-01", "country": "Hungary", "value": "1680", "unit": "kg"}, {"date": "2019-04-01", "country": "Hungary", "value": "0", "unit": "kg"}, {"date": "2019-05-01", "country": "Hungary", "value": "0", "unit": "kg"}, {"date": "2019-06-01", "country": "Hungary", "value": "0", "unit": "kg"}, {"date": "2019-07-01", "country": "Hungary", "value": "0", "unit": "kg"}, {"date": "2019-08-01", "country": "Hungary", "value": "0", "unit": "kg"}, {"date": "2019-09-01", "country": "Hungary", "value": "0", "unit": "kg"}, {"date": "2019-10-01", "country": "Hungary", "value": "0", "unit": "kg"}, {"date": "2019-11-01", "country": "Hungary", "value": "0", "unit": "kg"}, {"date": "2019-12-01", "country": "Hungary", "value": "0", "unit": "kg"}, {"date": "2020-01-01", "country": "Hungary", "value": "0", "unit": "kg"}, {"date": "2020-02-01", "country": "Hungary", "value": "0", "unit": "kg"}, {"date": "2020-03-01", "country": "Hungary", "value": "0", "unit": "kg"}, {"date": "2018-10-01", "country": "Ireland", "value": "0", "unit": "kg"}, {"date": "2018-11-01", "country": "Ireland", "value": "0", "unit": "kg"}, {"date": "2018-12-01", "country": "Ireland", "value": "0", "unit": "kg"}, {"date": "2019-01-01", "country": "Ireland", "value": "0", "unit": "kg"}, {"date": "2019-02-01", "country": "Ireland", "value": "0", "unit": "kg"}, {"date": "2019-03-01", "country": "Ireland", "value": "0", "unit": "kg"}, {"date": "2019-04-01", "country": "Ireland", "value": "0", "unit": "kg"}, {"date": "2019-05-01", "country": "Ireland", "value": "0", "unit": "kg"}, {"date": "2019-06-01", "country": "Ireland", "value": "10", "unit": "kg"}, {"date": "2019-07-01", "country": "Ireland", "value": "0", "unit": "kg"}, {"date": "2019-08-01", "country": "Ireland", "value": "0", "unit": "kg"}, {"date": "2019-09-01", "country": "Ireland", "value": "0", "unit": "kg"}, {"date": "2019-10-01", "country": "Ireland", "value": "0", "unit": "kg"}, {"date": "2019-11-01", "country": "Ireland", "value": "0", "unit": "kg"}, {"date": "2019-12-01", "country": "Ireland", "value": "0", "unit": "kg"}, {"date": "2020-01-01", "country": "Ireland", "value": "0", "unit": "kg"}, {"date": "2020-02-01", "country": "Ireland", "value": "0", "unit": "kg"}, {"date": "2020-03-01", "country": "Ireland", "value": "180", "unit": "kg"}, {"date": "2018-10-01", "country": "Israel", "value": "0", "unit": "kg"}, {"date": "2018-11-01", "country": "Israel", "value": "0", "unit": "kg"}, {"date": "2018-12-01", "country": "Israel", "value": "0", "unit": "kg"}, {"date": "2019-01-01", "country": "Israel", "value": "0", "unit": "kg"}, {"date": "2019-02-01", "country": "Israel", "value": "0", "unit": "kg"}, {"date": "2019-03-01", "country": "Israel", "value": "0", "unit": "kg"}, {"date": "2019-04-01", "country": "Israel", "value": "0", "unit": "kg"}, {"date": "2019-05-01", "country": "Israel", "value": "72000", "unit": "kg"}, {"date": "2019-06-01", "country": "Israel", "value": "72000", "unit": "kg"}, {"date": "2019-07-01", "country": "Israel", "value": "72000", "unit": "kg"}, {"date": "2019-08-01", "country": "Israel", "value": "96000", "unit": "kg"}, {"date": "2019-09-01", "country": "Israel", "value": "144000", "unit": "kg"}, {"date": "2019-10-01", "country": "Israel", "value": "0", "unit": "kg"}, {"date": "2019-11-01", "country": "Israel", "value": "0", "unit": "kg"}, {"date": "2019-12-01", "country": "Israel", "value": "0", "unit": "kg"}, {"date": "2020-01-01", "country": "Israel", "value": "0", "unit": "kg"}, {"date": "2020-02-01", "country": "Israel", "value": "0", "unit": "kg"}, {"date": "2020-03-01", "country": "Israel", "value": "0", "unit": "kg"}]