[{"date": "12-01", "country": "2", "value": "1", "unit": "kg"}, {"date": "1-01", "country": "2", "value": "2", "unit": "kg"}, {"date": "2-01", "country": "Somalia", "value": "0", "unit": "kg"}, {"date": "Unnamed: 3-01", "country": "Somalia", "value": "0", "unit": "kg"}, {"date": "Unnamed: 4-01", "country": "Somalia", "value": "0", "unit": "kg"}, {"date": "Unnamed: 5-01", "country": "Somalia", "value": "0", "unit": "kg"}, {"date": "Unnamed: 6-01", "country": "Somalia", "value": "0", "unit": "kg"}, {"date": "Unnamed: 7-01", "country": "Somalia", "value": "0", "unit": "kg"}, {"date": "Unnamed: 8-01", "country": "Somalia", "value": "0", "unit": "kg"}, {"date": "Unnamed: 9-01", "country": "Somalia", "value": "0", "unit": "kg"}, {"date": "Unnamed: 10-01", "country": "Somalia", "value": "0", "unit": "kg"}, {"date": "Unnamed: 11-01", "country": "Somalia", "value": "0", "unit": "kg"}, {"date": "Unnamed: 12-01", "country": "Somalia", "value": "0", "unit": "kg"}, {"date": "Unnamed: 13-01", "country": "Somalia", "value": "0", "unit": "kg"}, {"date": "Unnamed: 14-01", "country": "Somalia", "value": "0", "unit": "kg"}, {"date": "Unnamed: 15-01", "country": "Somalia", "value": "0", "unit": "kg"}, {"date": "Unnamed: 16-01", "country": "Somalia", "value": "0", "unit": "kg"}, {"date": "Unnamed: 17-01", "country": "Somalia", "value": "0", "unit": "kg"}, {"date": "Unnamed: 18-01", "country": "Somalia", "value": "0", "unit": "kg"}, {"date": "Unnamed: 19-01", "country": "Somalia", "value": "0", "unit": "kg"}, {"date": "Unnamed: 20-01", "country": "Somalia", "value": "0", "unit": "kg"}, {"date": "Unnamed: 21-01", "country": "Somalia", "value": "54173", "unit": "kg"}, {"date": "2-01", "country": "Yemen", "value": "24340", "unit": "kg"}, {"date": "Unnamed: 3-01", "country": "Yemen", "value": "11650", "unit": "kg"}, {"date": "Unnamed: 4-01", "country": "Yemen", "value": "60000", "unit": "kg"}, {"date": "Unnamed: 5-01", "country": "Yemen", "value": "12450", "unit": "kg"}, {"date": "Unnamed: 6-01", "country": "Yemen", "value": "4150", "unit": "kg"}, {"date": "Unnamed: 7-01", "country": "Yemen", "value": "8850", "unit": "kg"}, {"date": "Unnamed: 8-01", "country": "Yemen", "value": "7800", "unit": "kg"}, {"date": "Unnamed: 9-01", "country": "Yemen", "value": "6900", "unit": "kg"}, {"date": "Unnamed: 10-01", "country": "Yemen", "value": "6100", "unit": "kg"}, {"date": "Unnamed: 11-01", "country": "Yemen", "value": "12550", "unit": "kg"}, {"date": "Unnamed: 12-01", "country": "Yemen", "value": "11100", "unit": "kg"}, {"date": "Unnamed: 13-01", "country": "Yemen", "value": "27660", "unit": "kg"}, {"date": "Unnamed: 14-01", "country": "Yemen", "value": "23800", "unit": "kg"}, {"date": "Unnamed: 15-01", "country": "Yemen", "value": "4900", "unit": "kg"}, {"date": "Unnamed: 16-01", "country": "Yemen", "value": "18730", "unit": "kg"}, {"date": "Unnamed: 17-01", "country": "Yemen", "value": "6820", "unit": "kg"}, {"date": "Unnamed: 18-01", "country": "Yemen", "value": "5440", "unit": "kg"}, {"date": "Unnamed: 19-01", "country": "Yemen", "value": "10250", "unit": "kg"}, {"date": "Unnamed: 20-01", "country": "Yemen", "value": "9150", "unit": "kg"}, {"date": "Unnamed: 21-01", "country": "Yemen", "value": "14400", "unit": "kg"}, {"date": "2-01", "country": "India", "value": "0", "unit": "kg"}, {"date": "Unnamed: 3-01", "country": "India", "value": "0", "unit": "kg"}, {"date": "Unnamed: 4-01", "country": "India", "value": "0", "unit": "kg"}, {"date": "Unnamed: 5-01", "country": "India", "value": "0", "unit": "kg"}, {"date": "Unnamed: 6-01", "country": "India", "value": "0", "unit": "kg"}, {"date": "Unnamed: 7-01", "country": "India", "value": "0", "unit": "kg"}, {"date": "Unnamed: 8-01", "country": "India", "value": "0", "unit": "kg"}, {"date": "Unnamed: 9-01", "country": "India", "value": "0", "unit": "kg"}, {"date": "Unnamed: 10-01", "country": "India", "value": "480", "unit": "kg"}, {"date": "Unnamed: 11-01", "country": "India", "value": "1800", "unit": "kg"}, {"date": "Unnamed: 12-01", "country": "India", "value": "0", "unit": "kg"}, {"date": "Unnamed: 13-01", "country": "India", "value": "90", "unit": "kg"}, {"date": "Unnamed: 14-01", "country": "India", "value": "20", "unit": "kg"}, {"date": "Unnamed: 15-01", "country": "India", "value": "180", "unit": "kg"}, {"date": "Unnamed: 16-01", "country": "India", "value": "4435", "unit": "kg"}, {"date": "Unnamed: 17-01", "country": "India", "value": "1500", "unit": "kg"}, {"date": "Unnamed: 18-01", "country": "India", "value": "0", "unit": "kg"}, {"date": "Unnamed: 19-01", "country": "India", "value": "5000", "unit": "kg"}, {"date": "Unnamed: 20-01", "country": "India", "value": "900", "unit": "kg"}, {"date": "Unnamed: 21-01", "country": "India", "value": "5096", "unit": "kg"}, {"date": "2-01", "country": "Chad", "value": "0", "unit": "kg"}, {"date": "Unnamed: 3-01", "country": "Chad", "value": "0", "unit": "kg"}, {"date": "Unnamed: 4-01", "country": "Chad", "value": "0", "unit": "kg"}, {"date": "Unnamed: 5-01", "country": "Chad", "value": "0", "unit": "kg"}, {"date": "Unnamed: 6-01", "country": "Chad", "value": "0", "unit": "kg"}, {"date": "Unnamed: 7-01", "country": "Chad", "value": "0", "unit": "kg"}, {"date": "Unnamed: 8-01", "country": "Chad", "value": "0", "unit": "kg"}, {"date": "Unnamed: 9-01", "country": "Chad", "value": "0", "unit": "kg"}, {"date": "Unnamed: 10-01", "country": "Chad", "value": "0", "unit": "kg"}, {"date": "Unnamed: 11-01", "country": "Chad", "value": "0", "unit": "kg"}, {"date": "Unnamed: 12-01", "country": "Chad", "value": "0", "unit": "kg"}, {"date": "Unnamed: 13-01", "country": "Chad", "value": "0", "unit": "kg"}, {"date": "Unnamed: 14-01", "country": "Chad", "value": "0", "unit": "kg"}, {"date": "Unnamed: 15-01", "country": "Chad", "value": "0", "unit": "kg"}, {"date": "Unnamed: 16-01", "country": "Chad", "value": "0", "unit": "kg"}, {"date": "Unnamed: 17-01", "country": "Chad", "value": "0", "unit": "kg"}, {"date": "Unnamed: 18-01", "country": "Chad", "value": "0", "unit": "kg"}, {"date": "Unnamed: 19-01", "country": "Chad", "value": "0", "unit": "kg"}, {"date": "Unnamed: 20-01", "country": "Chad", "value": "0", "unit": "kg"}, {"date": "Unnamed: 21-01", "country": "Chad", "value": "3290", "unit": "kg"}, {"date": "2-01", "country": "Oman", "value": "53964", "unit": "kg"}, {"date": "Unnamed: 3-01", "country": "Oman", "value": "7622", "unit": "kg"}, {"date": "Unnamed: 4-01", "country": "Oman", "value": "1466", "unit": "kg"}, {"date": "Unnamed: 5-01", "country": "Oman", "value": "7580", "unit": "kg"}, {"date": "Unnamed: 6-01", "country": "Oman", "value": "1825", "unit": "kg"}, {"date": "Unnamed: 7-01", "country": "Oman", "value": "2270", "unit": "kg"}, {"date": "Unnamed: 8-01", "country": "Oman", "value": "1120", "unit": "kg"}, {"date": "Unnamed: 9-01", "country": "Oman", "value": "16970", "unit": "kg"}, {"date": "Unnamed: 10-01", "country": "Oman", "value": "1600", "unit": "kg"}, {"date": "Unnamed: 11-01", "country": "Oman", "value": "41618", "unit": "kg"}, {"date": "Unnamed: 12-01", "country": "Oman", "value": "38310", "unit": "kg"}, {"date": "Unnamed: 13-01", "country": "Oman", "value": "0", "unit": "kg"}, {"date": "Unnamed: 14-01", "country": "Oman", "value": "21783", "unit": "kg"}, {"date": "Unnamed: 15-01", "country": "Oman", "value": "375", "unit": "kg"}, {"date": "Unnamed: 16-01", "country": "Oman", "value": "10349", "unit": "kg"}, {"date": "Unnamed: 17-01", "country": "Oman", "value": "123", "unit": "kg"}, {"date": "Unnamed: 18-01", "country": "Oman", "value": "2000", "unit": "kg"}, {"date": "Unnamed: 19-01", "country": "Oman", "value": "2403", "unit": "kg"}, {"date": "Unnamed: 20-01", "country": "Oman", "value": "32797", "unit": "kg"}, {"date": "Unnamed: 21-01", "country": "Oman", "value": "2378", "unit": "kg"}, {"date": "2-01", "country": "Viet Nam", "value": "0", "unit": "kg"}, {"date": "Unnamed: 3-01", "country": "Viet Nam", "value": "0", "unit": "kg"}, {"date": "Unnamed: 4-01", "country": "Viet Nam", "value": "0", "unit": "kg"}, {"date": "Unnamed: 5-01", "country": "Viet Nam", "value": "0", "unit": "kg"}, {"date": "Unnamed: 6-01", "country": "Viet Nam", "value": "0", "unit": "kg"}, {"date": "Unnamed: 7-01", "country": "Viet Nam", "value": "0", "unit": "kg"}, {"date": "Unnamed: 8-01", "country": "Viet Nam", "value": "0", "unit": "kg"}, {"date": "Unnamed: 9-01", "country": "Viet Nam", "value": "0", "unit": "kg"}, {"date": "Unnamed: 10-01", "country": "Viet Nam", "value": "0", "unit": "kg"}, {"date": "Unnamed: 11-01", "country": "Viet Nam", "value": "0", "unit": "kg"}, {"date": "Unnamed: 12-01", "country": "Viet Nam", "value": "0", "unit": "kg"}, {"date": "Unnamed: 13-01", "country": "Viet Nam", "value": "0", "unit": "kg"}, {"date": "Unnamed: 14-01", "country": "Viet Nam", "value": "0", "unit": "kg"}, {"date": "Unnamed: 15-01", "country": "Viet Nam", "value": "0", "unit": "kg"}, {"date": "Unnamed: 16-01", "country": "Viet Nam", "value": "2900", "unit": "kg"}, {"date": "Unnamed: 17-01", "country": "Viet Nam", "value": "6300", "unit": "kg"}, {"date": "Unnamed: 18-01", "country": "Viet Nam", "value": "2660", "unit": "kg"}, {"date": "Unnamed: 19-01", "country": "Viet Nam", "value": "2275", "unit": "kg"}, {"date": "Unnamed: 20-01", "country": "Viet Nam", "value": "0", "unit": "kg"}, {"date": "Unnamed: 21-01", "country": "Viet Nam", "value": "1400", "unit": "kg"}, {"date": "2-01", "country": "Saudi Arabia", "value": "0", "unit": "kg"}, {"date": "Unnamed: 3-01", "country": "Saudi Arabia", "value": "0", "unit": "kg"}, {"date": "Unnamed: 4-01", "country": "Saudi Arabia", "value": "0", "unit": "kg"}, {"date": "Unnamed: 5-01", "country": "Saudi Arabia", "value": "355", "unit": "kg"}, {"date": "Unnamed: 6-01", "country": "Saudi Arabia", "value": "300", "unit": "kg"}, {"date": "Unnamed: 7-01", "country": "Saudi Arabia", "value": "1913", "unit": "kg"}, {"date": "Unnamed: 8-01", "country": "Saudi Arabia", "value": "0", "unit": "kg"}, {"date": "Unnamed: 9-01", "country": "Saudi Arabia", "value": "50", "unit": "kg"}, {"date": "Unnamed: 10-01", "country": "Saudi Arabia", "value": "2035", "unit": "kg"}, {"date": "Unnamed: 11-01", "country": "Saudi Arabia", "value": "863", "unit": "kg"}, {"date": "Unnamed: 12-01", "country": "Saudi Arabia", "value": "1500", "unit": "kg"}, {"date": "Unnamed: 13-01", "country": "Saudi Arabia", "value": "1245", "unit": "kg"}, {"date": "Unnamed: 14-01", "country": "Saudi Arabia", "value": "2808", "unit": "kg"}, {"date": "Unnamed: 15-01", "country": "Saudi Arabia", "value": "2075", "unit": "kg"}, {"date": "Unnamed: 16-01", "country": "Saudi Arabia", "value": "300", "unit": "kg"}, {"date": "Unnamed: 17-01", "country": "Saudi Arabia", "value": "1213", "unit": "kg"}, {"date": "Unnamed: 18-01", "country": "Saudi Arabia", "value": "23315", "unit": "kg"}, {"date": "Unnamed: 19-01", "country": "Saudi Arabia", "value": "164", "unit": "kg"}, {"date": "Unnamed: 20-01", "country": "Saudi Arabia", "value": "4055", "unit": "kg"}, {"date": "Unnamed: 21-01", "country": "Saudi Arabia", "value": "684", "unit": "kg"}, {"date": "2-01", "country": "Maldives", "value": "440", "unit": "kg"}, {"date": "Unnamed: 3-01", "country": "Maldives", "value": "350", "unit": "kg"}, {"date": "Unnamed: 4-01", "country": "Maldives", "value": "2000", "unit": "kg"}, {"date": "Unnamed: 5-01", "country": "Maldives", "value": "2500", "unit": "kg"}, {"date": "Unnamed: 6-01", "country": "Maldives", "value": "900", "unit": "kg"}, {"date": "Unnamed: 7-01", "country": "Maldives", "value": "0", "unit": "kg"}, {"date": "Unnamed: 8-01", "country": "Maldives", "value": "350", "unit": "kg"}, {"date": "Unnamed: 9-01", "country": "Maldives", "value": "970", "unit": "kg"}, {"date": "Unnamed: 10-01", "country": "Maldives", "value": "0", "unit": "kg"}, {"date": "Unnamed: 11-01", "country": "Maldives", "value": "0", "unit": "kg"}, {"date": "Unnamed: 12-01", "country": "Maldives", "value": "0", "unit": "kg"}, {"date": "Unnamed: 13-01", "country": "Maldives", "value": "0", "unit": "kg"}, {"date": "Unnamed: 14-01", "country": "Maldives", "value": "0", "unit": "kg"}, {"date": "Unnamed: 15-01", "country": "Maldives", "value": "0", "unit": "kg"}, {"date": "Unnamed: 16-01", "country": "Maldives", "value": "0", "unit": "kg"}, {"date": "Unnamed: 17-01", "country": "Maldives", "value": "0", "unit": "kg"}, {"date": "Unnamed: 18-01", "country": "Maldives", "value": "0", "unit": "kg"}, {"date": "Unnamed: 19-01", "country": "Maldives", "value": "0", "unit": "kg"}, {"date": "Unnamed: 20-01", "country": "Maldives", "value": "2280", "unit": "kg"}, {"date": "Unnamed: 21-01", "country": "Maldives", "value": "567", "unit": "kg"}, {"date": "2-01", "country": "Seychelles", "value": "1975", "unit": "kg"}, {"date": "Unnamed: 3-01", "country": "Seychelles", "value": "0", "unit": "kg"}, {"date": "Unnamed: 4-01", "country": "Seychelles", "value": "0", "unit": "kg"}, {"date": "Unnamed: 5-01", "country": "Seychelles", "value": "0", "unit": "kg"}, {"date": "Unnamed: 6-01", "country": "Seychelles", "value": "0", "unit": "kg"}, {"date": "Unnamed: 7-01", "country": "Seychelles", "value": "0", "unit": "kg"}, {"date": "Unnamed: 8-01", "country": "Seychelles", "value": "0", "unit": "kg"}, {"date": "Unnamed: 9-01", "country": "Seychelles", "value": "0", "unit": "kg"}, {"date": "Unnamed: 10-01", "country": "Seychelles", "value": "0", "unit": "kg"}, {"date": "Unnamed: 11-01", "country": "Seychelles", "value": "0", "unit": "kg"}, {"date": "Unnamed: 12-01", "country": "Seychelles", "value": "0", "unit": "kg"}, {"date": "Unnamed: 13-01", "country": "Seychelles", "value": "1175", "unit": "kg"}, {"date": "Unnamed: 14-01", "country": "Seychelles", "value": "0", "unit": "kg"}, {"date": "Unnamed: 15-01", "country": "Seychelles", "value": "363", "unit": "kg"}, {"date": "Unnamed: 16-01", "country": "Seychelles", "value": "0", "unit": "kg"}, {"date": "Unnamed: 17-01", "country": "Seychelles", "value": "0", "unit": "kg"}, {"date": "Unnamed: 18-01", "country": "Seychelles", "value": "450", "unit": "kg"}, {"date": "Unnamed: 19-01", "country": "Seychelles", "value": "0", "unit": "kg"}, {"date": "Unnamed: 20-01", "country": "Seychelles", "value": "0", "unit": "kg"}, {"date": "Unnamed: 21-01", "country": "Seychelles", "value": "525", "unit": "kg"}, {"date": "2-01", "country": "Iraq", "value": "0", "unit": "kg"}, {"date": "Unnamed: 3-01", "country": "Iraq", "value": "0", "unit": "kg"}, {"date": "Unnamed: 4-01", "country": "Iraq", "value": "0", "unit": "kg"}, {"date": "Unnamed: 5-01", "country": "Iraq", "value": "0", "unit": "kg"}, {"date": "Unnamed: 6-01", "country": "Iraq", "value": "0", "unit": "kg"}, {"date": "Unnamed: 7-01", "country": "Iraq", "value": "0", "unit": "kg"}, {"date": "Unnamed: 8-01", "country": "Iraq", "value": "0", "unit": "kg"}, {"date": "Unnamed: 9-01", "country": "Iraq", "value": "0", "unit": "kg"}, {"date": "Unnamed: 10-01", "country": "Iraq", "value": "288", "unit": "kg"}, {"date": "Unnamed: 11-01", "country": "Iraq", "value": "0", "unit": "kg"}, {"date": "Unnamed: 12-01", "country": "Iraq", "value": "2643", "unit": "kg"}, {"date": "Unnamed: 13-01", "country": "Iraq", "value": "0", "unit": "kg"}, {"date": "Unnamed: 14-01", "country": "Iraq", "value": "0", "unit": "kg"}, {"date": "Unnamed: 15-01", "country": "Iraq", "value": "151", "unit": "kg"}, {"date": "Unnamed: 16-01", "country": "Iraq", "value": "263", "unit": "kg"}, {"date": "Unnamed: 17-01", "country": "Iraq", "value": "188", "unit": "kg"}, {"date": "Unnamed: 18-01", "country": "Iraq", "value": "620", "unit": "kg"}, {"date": "Unnamed: 19-01", "country": "Iraq", "value": "214", "unit": "kg"}, {"date": "Unnamed: 20-01", "country": "Iraq", "value": "0", "unit": "kg"}, {"date": "Unnamed: 21-01", "country": "Iraq", "value": "438", "unit": "kg"}, {"date": "2-01", "country": "Kenya", "value": "0", "unit": "kg"}, {"date": "Unnamed: 3-01", "country": "Kenya", "value": "0", "unit": "kg"}, {"date": "Unnamed: 4-01", "country": "Kenya", "value": "0", "unit": "kg"}, {"date": "Unnamed: 5-01", "country": "Kenya", "value": "0", "unit": "kg"}, {"date": "Unnamed: 6-01", "country": "Kenya", "value": "0", "unit": "kg"}, {"date": "Unnamed: 7-01", "country": "Kenya", "value": "0", "unit": "kg"}, {"date": "Unnamed: 8-01", "country": "Kenya", "value": "0", "unit": "kg"}, {"date": "Unnamed: 9-01", "country": "Kenya", "value": "0", "unit": "kg"}, {"date": "Unnamed: 10-01", "country": "Kenya", "value": "0", "unit": "kg"}, {"date": "Unnamed: 11-01", "country": "Kenya", "value": "0", "unit": "kg"}, {"date": "Unnamed: 12-01", "country": "Kenya", "value": "0", "unit": "kg"}, {"date": "Unnamed: 13-01", "country": "Kenya", "value": "661", "unit": "kg"}, {"date": "Unnamed: 14-01", "country": "Kenya", "value": "454", "unit": "kg"}, {"date": "Unnamed: 15-01", "country": "Kenya", "value": "1763", "unit": "kg"}, {"date": "Unnamed: 16-01", "country": "Kenya", "value": "275", "unit": "kg"}, {"date": "Unnamed: 17-01", "country": "Kenya", "value": "404", "unit": "kg"}, {"date": "Unnamed: 18-01", "country": "Kenya", "value": "133", "unit": "kg"}, {"date": "Unnamed: 19-01", "country": "Kenya", "value": "209", "unit": "kg"}, {"date": "Unnamed: 20-01", "country": "Kenya", "value": "24316", "unit": "kg"}, {"date": "Unnamed: 21-01", "country": "Kenya", "value": "381", "unit": "kg"}, {"date": "2-01", "country": "Pakistan", "value": "0", "unit": "kg"}, {"date": "Unnamed: 3-01", "country": "Pakistan", "value": "0", "unit": "kg"}, {"date": "Unnamed: 4-01", "country": "Pakistan", "value": "0", "unit": "kg"}, {"date": "Unnamed: 5-01", "country": "Pakistan", "value": "0", "unit": "kg"}, {"date": "Unnamed: 6-01", "country": "Pakistan", "value": "0", "unit": "kg"}, {"date": "Unnamed: 7-01", "country": "Pakistan", "value": "0", "unit": "kg"}, {"date": "Unnamed: 8-01", "country": "Pakistan", "value": "0", "unit": "kg"}, {"date": "Unnamed: 9-01", "country": "Pakistan", "value": "238", "unit": "kg"}, {"date": "Unnamed: 10-01", "country": "Pakistan", "value": "0", "unit": "kg"}, {"date": "Unnamed: 11-01", "country": "Pakistan", "value": "0", "unit": "kg"}, {"date": "Unnamed: 12-01", "country": "Pakistan", "value": "3788", "unit": "kg"}, {"date": "Unnamed: 13-01", "country": "Pakistan", "value": "0", "unit": "kg"}, {"date": "Unnamed: 14-01", "country": "Pakistan", "value": "1100", "unit": "kg"}, {"date": "Unnamed: 15-01", "country": "Pakistan", "value": "1160", "unit": "kg"}, {"date": "Unnamed: 16-01", "country": "Pakistan", "value": "5421", "unit": "kg"}, {"date": "Unnamed: 17-01", "country": "Pakistan", "value": "0", "unit": "kg"}, {"date": "Unnamed: 18-01", "country": "Pakistan", "value": "2658", "unit": "kg"}, {"date": "Unnamed: 19-01", "country": "Pakistan", "value": "468", "unit": "kg"}, {"date": "Unnamed: 20-01", "country": "Pakistan", "value": "362", "unit": "kg"}, {"date": "Unnamed: 21-01", "country": "Pakistan", "value": "164", "unit": "kg"}, {"date": "2-01", "country": "Zambia", "value": "0", "unit": "kg"}, {"date": "Unnamed: 3-01", "country": "Zambia", "value": "0", "unit": "kg"}, {"date": "Unnamed: 4-01", "country": "Zambia", "value": "0", "unit": "kg"}, {"date": "Unnamed: 5-01", "country": "Zambia", "value": "0", "unit": "kg"}, {"date": "Unnamed: 6-01", "country": "Zambia", "value": "0", "unit": "kg"}, {"date": "Unnamed: 7-01", "country": "Zambia", "value": "0", "unit": "kg"}, {"date": "Unnamed: 8-01", "country": "Zambia", "value": "0", "unit": "kg"}, {"date": "Unnamed: 9-01", "country": "Zambia", "value": "0", "unit": "kg"}, {"date": "Unnamed: 10-01", "country": "Zambia", "value": "0", "unit": "kg"}, {"date": "Unnamed: 11-01", "country": "Zambia", "value": "0", "unit": "kg"}, {"date": "Unnamed: 12-01", "country": "Zambia", "value": "0", "unit": "kg"}, {"date": "Unnamed: 13-01", "country": "Zambia", "value": "0", "unit": "kg"}, {"date": "Unnamed: 14-01", "country": "Zambia", "value": "3522", "unit": "kg"}, {"date": "Unnamed: 15-01", "country": "Zambia", "value": "0", "unit": "kg"}, {"date": "Unnamed: 16-01", "country": "Zambia", "value": "0", "unit": "kg"}, {"date": "Unnamed: 17-01", "country": "Zambia", "value": "0", "unit": "kg"}, {"date": "Unnamed: 18-01", "country": "Zambia", "value": "0", "unit": "kg"}, {"date": "Unnamed: 19-01", "country": "Zambia", "value": "0", "unit": "kg"}, {"date": "Unnamed: 20-01", "country": "Zambia", "value": "0", "unit": "kg"}, {"date": "Unnamed: 21-01", "country": "Zambia", "value": "0", "unit": "kg"}, {"date": "2-01", "country": "Thailand", "value": "0", "unit": "kg"}, {"date": "Unnamed: 3-01", "country": "Thailand", "value": "0", "unit": "kg"}, {"date": "Unnamed: 4-01", "country": "Thailand", "value": "0", "unit": "kg"}, {"date": "Unnamed: 5-01", "country": "Thailand", "value": "0", "unit": "kg"}, {"date": "Unnamed: 6-01", "country": "Thailand", "value": "0", "unit": "kg"}, {"date": "Unnamed: 7-01", "country": "Thailand", "value": "0", "unit": "kg"}, {"date": "Unnamed: 8-01", "country": "Thailand", "value": "0", "unit": "kg"}, {"date": "Unnamed: 9-01", "country": "Thailand", "value": "0", "unit": "kg"}, {"date": "Unnamed: 10-01", "country": "Thailand", "value": "750", "unit": "kg"}, {"date": "Unnamed: 11-01", "country": "Thailand", "value": "0", "unit": "kg"}, {"date": "Unnamed: 12-01", "country": "Thailand", "value": "1000", "unit": "kg"}, {"date": "Unnamed: 13-01", "country": "Thailand", "value": "0", "unit": "kg"}, {"date": "Unnamed: 14-01", "country": "Thailand", "value": "0", "unit": "kg"}, {"date": "Unnamed: 15-01", "country": "Thailand", "value": "0", "unit": "kg"}, {"date": "Unnamed: 16-01", "country": "Thailand", "value": "400", "unit": "kg"}, {"date": "Unnamed: 17-01", "country": "Thailand", "value": "0", "unit": "kg"}, {"date": "Unnamed: 18-01", "country": "Thailand", "value": "0", "unit": "kg"}, {"date": "Unnamed: 19-01", "country": "Thailand", "value": "0", "unit": "kg"}, {"date": "Unnamed: 20-01", "country": "Thailand", "value": "0", "unit": "kg"}, {"date": "Unnamed: 21-01", "country": "Thailand", "value": "0", "unit": "kg"}, {"date": "2-01", "country": "Tanzania, United Republic of", "value": "0", "unit": "kg"}, {"date": "Unnamed: 3-01", "country": "Tanzania, United Republic of", "value": "0", "unit": "kg"}, {"date": "Unnamed: 4-01", "country": "Tanzania, United Republic of", "value": "0", "unit": "kg"}, {"date": "Unnamed: 5-01", "country": "Tanzania, United Republic of", "value": "0", "unit": "kg"}, {"date": "Unnamed: 6-01", "country": "Tanzania, United Republic of", "value": "0", "unit": "kg"}, {"date": "Unnamed: 7-01", "country": "Tanzania, United Republic of", "value": "0", "unit": "kg"}, {"date": "Unnamed: 8-01", "country": "Tanzania, United Republic of", "value": "0", "unit": "kg"}, {"date": "Unnamed: 9-01", "country": "Tanzania, United Republic of", "value": "0", "unit": "kg"}, {"date": "Unnamed: 10-01", "country": "Tanzania, United Republic of", "value": "0", "unit": "kg"}, {"date": "Unnamed: 11-01", "country": "Tanzania, United Republic of", "value": "0", "unit": "kg"}, {"date": "Unnamed: 12-01", "country": "Tanzania, United Republic of", "value": "0", "unit": "kg"}, {"date": "Unnamed: 13-01", "country": "Tanzania, United Republic of", "value": "0", "unit": "kg"}, {"date": "Unnamed: 14-01", "country": "Tanzania, United Republic of", "value": "0", "unit": "kg"}, {"date": "Unnamed: 15-01", "country": "Tanzania, United Republic of", "value": "0", "unit": "kg"}, {"date": "Unnamed: 16-01", "country": "Tanzania, United Republic of", "value": "0", "unit": "kg"}, {"date": "Unnamed: 17-01", "country": "Tanzania, United Republic of", "value": "990", "unit": "kg"}, {"date": "Unnamed: 18-01", "country": "Tanzania, United Republic of", "value": "0", "unit": "kg"}, {"date": "Unnamed: 19-01", "country": "Tanzania, United Republic of", "value": "315", "unit": "kg"}, {"date": "Unnamed: 20-01", "country": "Tanzania, United Republic of", "value": "0", "unit": "kg"}, {"date": "Unnamed: 21-01", "country": "Tanzania, United Republic of", "value": "0", "unit": "kg"}, {"date": "2-01", "country": "United States of America", "value": "0", "unit": "kg"}, {"date": "Unnamed: 3-01", "country": "United States of America", "value": "0", "unit": "kg"}, {"date": "Unnamed: 4-01", "country": "United States of America", "value": "0", "unit": "kg"}, {"date": "Unnamed: 5-01", "country": "United States of America", "value": "0", "unit": "kg"}, {"date": "Unnamed: 6-01", "country": "United States of America", "value": "0", "unit": "kg"}, {"date": "Unnamed: 7-01", "country": "United States of America", "value": "0", "unit": "kg"}, {"date": "Unnamed: 8-01", "country": "United States of America", "value": "0", "unit": "kg"}, {"date": "Unnamed: 9-01", "country": "United States of America", "value": "0", "unit": "kg"}, {"date": "Unnamed: 10-01", "country": "United States of America", "value": "0", "unit": "kg"}, {"date": "Unnamed: 11-01", "country": "United States of America", "value": "550", "unit": "kg"}, {"date": "Unnamed: 12-01", "country": "United States of America", "value": "0", "unit": "kg"}, {"date": "Unnamed: 13-01", "country": "United States of America", "value": "0", "unit": "kg"}, {"date": "Unnamed: 14-01", "country": "United States of America", "value": "0", "unit": "kg"}, {"date": "Unnamed: 15-01", "country": "United States of America", "value": "0", "unit": "kg"}, {"date": "Unnamed: 16-01", "country": "United States of America", "value": "0", "unit": "kg"}, {"date": "Unnamed: 17-01", "country": "United States of America", "value": "0", "unit": "kg"}, {"date": "Unnamed: 18-01", "country": "United States of America", "value": "0", "unit": "kg"}, {"date": "Unnamed: 19-01", "country": "United States of America", "value": "0", "unit": "kg"}, {"date": "Unnamed: 20-01", "country": "United States of America", "value": "0", "unit": "kg"}, {"date": "Unnamed: 21-01", "country": "United States of America", "value": "0", "unit": "kg"}, {"date": "2-01", "country": "Kuwait", "value": "2140", "unit": "kg"}, {"date": "Unnamed: 3-01", "country": "Kuwait", "value": "1850", "unit": "kg"}, {"date": "Unnamed: 4-01", "country": "Kuwait", "value": "0", "unit": "kg"}, {"date": "Unnamed: 5-01", "country": "Kuwait", "value": "10518", "unit": "kg"}, {"date": "Unnamed: 6-01", "country": "Kuwait", "value": "0", "unit": "kg"}, {"date": "Unnamed: 7-01", "country": "Kuwait", "value": "10500", "unit": "kg"}, {"date": "Unnamed: 8-01", "country": "Kuwait", "value": "2000", "unit": "kg"}, {"date": "Unnamed: 9-01", "country": "Kuwait", "value": "0", "unit": "kg"}, {"date": "Unnamed: 10-01", "country": "Kuwait", "value": "0", "unit": "kg"}, {"date": "Unnamed: 11-01", "country": "Kuwait", "value": "7056", "unit": "kg"}, {"date": "Unnamed: 12-01", "country": "Kuwait", "value": "0", "unit": "kg"}, {"date": "Unnamed: 13-01", "country": "Kuwait", "value": "2340", "unit": "kg"}, {"date": "Unnamed: 14-01", "country": "Kuwait", "value": "10500", "unit": "kg"}, {"date": "Unnamed: 15-01", "country": "Kuwait", "value": "0", "unit": "kg"}, {"date": "Unnamed: 16-01", "country": "Kuwait", "value": "0", "unit": "kg"}, {"date": "Unnamed: 17-01", "country": "Kuwait", "value": "0", "unit": "kg"}, {"date": "Unnamed: 18-01", "country": "Kuwait", "value": "362", "unit": "kg"}, {"date": "Unnamed: 19-01", "country": "Kuwait", "value": "0", "unit": "kg"}, {"date": "Unnamed: 20-01", "country": "Kuwait", "value": "0", "unit": "kg"}, {"date": "Unnamed: 21-01", "country": "Kuwait", "value": "0", "unit": "kg"}, {"date": "2-01", "country": "Mauritania", "value": "0", "unit": "kg"}, {"date": "Unnamed: 3-01", "country": "Mauritania", "value": "0", "unit": "kg"}, {"date": "Unnamed: 4-01", "country": "Mauritania", "value": "0", "unit": "kg"}, {"date": "Unnamed: 5-01", "country": "Mauritania", "value": "0", "unit": "kg"}, {"date": "Unnamed: 6-01", "country": "Mauritania", "value": "0", "unit": "kg"}, {"date": "Unnamed: 7-01", "country": "Mauritania", "value": "0", "unit": "kg"}, {"date": "Unnamed: 8-01", "country": "Mauritania", "value": "0", "unit": "kg"}, {"date": "Unnamed: 9-01", "country": "Mauritania", "value": "0", "unit": "kg"}, {"date": "Unnamed: 10-01", "country": "Mauritania", "value": "4000", "unit": "kg"}, {"date": "Unnamed: 11-01", "country": "Mauritania", "value": "0", "unit": "kg"}, {"date": "Unnamed: 12-01", "country": "Mauritania", "value": "0", "unit": "kg"}, {"date": "Unnamed: 13-01", "country": "Mauritania", "value": "0", "unit": "kg"}, {"date": "Unnamed: 14-01", "country": "Mauritania", "value": "0", "unit": "kg"}, {"date": "Unnamed: 15-01", "country": "Mauritania", "value": "0", "unit": "kg"}, {"date": "Unnamed: 16-01", "country": "Mauritania", "value": "6000", "unit": "kg"}, {"date": "Unnamed: 17-01", "country": "Mauritania", "value": "0", "unit": "kg"}, {"date": "Unnamed: 18-01", "country": "Mauritania", "value": "0", "unit": "kg"}, {"date": "Unnamed: 19-01", "country": "Mauritania", "value": "0", "unit": "kg"}, {"date": "Unnamed: 20-01", "country": "Mauritania", "value": "0", "unit": "kg"}, {"date": "Unnamed: 21-01", "country": "Mauritania", "value": "0", "unit": "kg"}, {"date": "2-01", "country": "Morocco", "value": "0", "unit": "kg"}, {"date": "Unnamed: 3-01", "country": "Morocco", "value": "0", "unit": "kg"}, {"date": "Unnamed: 4-01", "country": "Morocco", "value": "0", "unit": "kg"}, {"date": "Unnamed: 5-01", "country": "Morocco", "value": "0", "unit": "kg"}, {"date": "Unnamed: 6-01", "country": "Morocco", "value": "0", "unit": "kg"}, {"date": "Unnamed: 7-01", "country": "Morocco", "value": "0", "unit": "kg"}, {"date": "Unnamed: 8-01", "country": "Morocco", "value": "0", "unit": "kg"}, {"date": "Unnamed: 9-01", "country": "Morocco", "value": "0", "unit": "kg"}, {"date": "Unnamed: 10-01", "country": "Morocco", "value": "0", "unit": "kg"}, {"date": "Unnamed: 11-01", "country": "Morocco", "value": "0", "unit": "kg"}, {"date": "Unnamed: 12-01", "country": "Morocco", "value": "37000", "unit": "kg"}, {"date": "Unnamed: 13-01", "country": "Morocco", "value": "2200", "unit": "kg"}, {"date": "Unnamed: 14-01", "country": "Morocco", "value": "0", "unit": "kg"}, {"date": "Unnamed: 15-01", "country": "Morocco", "value": "0", "unit": "kg"}, {"date": "Unnamed: 16-01", "country": "Morocco", "value": "0", "unit": "kg"}, {"date": "Unnamed: 17-01", "country": "Morocco", "value": "0", "unit": "kg"}, {"date": "Unnamed: 18-01", "country": "Morocco", "value": "0", "unit": "kg"}, {"date": "Unnamed: 19-01", "country": "Morocco", "value": "0", "unit": "kg"}, {"date": "Unnamed: 20-01", "country": "Morocco", "value": "0", "unit": "kg"}, {"date": "Unnamed: 21-01", "country": "Morocco", "value": "0", "unit": "kg"}, {"date": "2-01", "country": "Nigeria", "value": "750", "unit": "kg"}, {"date": "Unnamed: 3-01", "country": "Nigeria", "value": "0", "unit": "kg"}, {"date": "Unnamed: 4-01", "country": "Nigeria", "value": "0", "unit": "kg"}, {"date": "Unnamed: 5-01", "country": "Nigeria", "value": "0", "unit": "kg"}, {"date": "Unnamed: 6-01", "country": "Nigeria", "value": "0", "unit": "kg"}, {"date": "Unnamed: 7-01", "country": "Nigeria", "value": "0", "unit": "kg"}, {"date": "Unnamed: 8-01", "country": "Nigeria", "value": "0", "unit": "kg"}, {"date": "Unnamed: 9-01", "country": "Nigeria", "value": "0", "unit": "kg"}, {"date": "Unnamed: 10-01", "country": "Nigeria", "value": "1000", "unit": "kg"}, {"date": "Unnamed: 11-01", "country": "Nigeria", "value": "0", "unit": "kg"}, {"date": "Unnamed: 12-01", "country": "Nigeria", "value": "14700", "unit": "kg"}, {"date": "Unnamed: 13-01", "country": "Nigeria", "value": "0", "unit": "kg"}, {"date": "Unnamed: 14-01", "country": "Nigeria", "value": "0", "unit": "kg"}, {"date": "Unnamed: 15-01", "country": "Nigeria", "value": "540", "unit": "kg"}, {"date": "Unnamed: 16-01", "country": "Nigeria", "value": "0", "unit": "kg"}, {"date": "Unnamed: 17-01", "country": "Nigeria", "value": "0", "unit": "kg"}, {"date": "Unnamed: 18-01", "country": "Nigeria", "value": "0", "unit": "kg"}, {"date": "Unnamed: 19-01", "country": "Nigeria", "value": "0", "unit": "kg"}, {"date": "Unnamed: 20-01", "country": "Nigeria", "value": "0", "unit": "kg"}, {"date": "Unnamed: 21-01", "country": "Nigeria", "value": "0", "unit": "kg"}, {"date": "2-01", "country": "Jordan", "value": "0", "unit": "kg"}, {"date": "Unnamed: 3-01", "country": "Jordan", "value": "0", "unit": "kg"}, {"date": "Unnamed: 4-01", "country": "Jordan", "value": "0", "unit": "kg"}, {"date": "Unnamed: 5-01", "country": "Jordan", "value": "0", "unit": "kg"}, {"date": "Unnamed: 6-01", "country": "Jordan", "value": "0", "unit": "kg"}, {"date": "Unnamed: 7-01", "country": "Jordan", "value": "0", "unit": "kg"}, {"date": "Unnamed: 8-01", "country": "Jordan", "value": "40000", "unit": "kg"}, {"date": "Unnamed: 9-01", "country": "Jordan", "value": "6720", "unit": "kg"}, {"date": "Unnamed: 10-01", "country": "Jordan", "value": "0", "unit": "kg"}, {"date": "Unnamed: 11-01", "country": "Jordan", "value": "0", "unit": "kg"}, {"date": "Unnamed: 12-01", "country": "Jordan", "value": "0", "unit": "kg"}, {"date": "Unnamed: 13-01", "country": "Jordan", "value": "0", "unit": "kg"}, {"date": "Unnamed: 14-01", "country": "Jordan", "value": "206080", "unit": "kg"}, {"date": "Unnamed: 15-01", "country": "Jordan", "value": "0", "unit": "kg"}, {"date": "Unnamed: 16-01", "country": "Jordan", "value": "0", "unit": "kg"}, {"date": "Unnamed: 17-01", "country": "Jordan", "value": "0", "unit": "kg"}, {"date": "Unnamed: 18-01", "country": "Jordan", "value": "0", "unit": "kg"}, {"date": "Unnamed: 19-01", "country": "Jordan", "value": "0", "unit": "kg"}, {"date": "Unnamed: 20-01", "country": "Jordan", "value": "0", "unit": "kg"}, {"date": "Unnamed: 21-01", "country": "Jordan", "value": "0", "unit": "kg"}, {"date": "2-01", "country": "Afghanistan", "value": "0", "unit": "kg"}, {"date": "Unnamed: 3-01", "country": "Afghanistan", "value": "2155", "unit": "kg"}, {"date": "Unnamed: 4-01", "country": "Afghanistan", "value": "0", "unit": "kg"}, {"date": "Unnamed: 5-01", "country": "Afghanistan", "value": "0", "unit": "kg"}, {"date": "Unnamed: 6-01", "country": "Afghanistan", "value": "0", "unit": "kg"}, {"date": "Unnamed: 7-01", "country": "Afghanistan", "value": "0", "unit": "kg"}, {"date": "Unnamed: 8-01", "country": "Afghanistan", "value": "0", "unit": "kg"}, {"date": "Unnamed: 9-01", "country": "Afghanistan", "value": "912", "unit": "kg"}, {"date": "Unnamed: 10-01", "country": "Afghanistan", "value": "0", "unit": "kg"}, {"date": "Unnamed: 11-01", "country": "Afghanistan", "value": "0", "unit": "kg"}, {"date": "Unnamed: 12-01", "country": "Afghanistan", "value": "5262", "unit": "kg"}, {"date": "Unnamed: 13-01", "country": "Afghanistan", "value": "0", "unit": "kg"}, {"date": "Unnamed: 14-01", "country": "Afghanistan", "value": "0", "unit": "kg"}, {"date": "Unnamed: 15-01", "country": "Afghanistan", "value": "0", "unit": "kg"}, {"date": "Unnamed: 16-01", "country": "Afghanistan", "value": "0", "unit": "kg"}, {"date": "Unnamed: 17-01", "country": "Afghanistan", "value": "0", "unit": "kg"}, {"date": "Unnamed: 18-01", "country": "Afghanistan", "value": "406", "unit": "kg"}, {"date": "Unnamed: 19-01", "country": "Afghanistan", "value": "0", "unit": "kg"}, {"date": "Unnamed: 20-01", "country": "Afghanistan", "value": "0", "unit": "kg"}, {"date": "Unnamed: 21-01", "country": "Afghanistan", "value": "0", "unit": "kg"}, {"date": "2-01", "country": "Bahrain", "value": "0", "unit": "kg"}, {"date": "Unnamed: 3-01", "country": "Bahrain", "value": "1113", "unit": "kg"}, {"date": "Unnamed: 4-01", "country": "Bahrain", "value": "0", "unit": "kg"}, {"date": "Unnamed: 5-01", "country": "Bahrain", "value": "0", "unit": "kg"}, {"date": "Unnamed: 6-01", "country": "Bahrain", "value": "0", "unit": "kg"}, {"date": "Unnamed: 7-01", "country": "Bahrain", "value": "0", "unit": "kg"}, {"date": "Unnamed: 8-01", "country": "Bahrain", "value": "600", "unit": "kg"}, {"date": "Unnamed: 9-01", "country": "Bahrain", "value": "0", "unit": "kg"}, {"date": "Unnamed: 10-01", "country": "Bahrain", "value": "0", "unit": "kg"}, {"date": "Unnamed: 11-01", "country": "Bahrain", "value": "382", "unit": "kg"}, {"date": "Unnamed: 12-01", "country": "Bahrain", "value": "0", "unit": "kg"}, {"date": "Unnamed: 13-01", "country": "Bahrain", "value": "2176", "unit": "kg"}, {"date": "Unnamed: 14-01", "country": "Bahrain", "value": "792", "unit": "kg"}, {"date": "Unnamed: 15-01", "country": "Bahrain", "value": "0", "unit": "kg"}, {"date": "Unnamed: 16-01", "country": "Bahrain", "value": "0", "unit": "kg"}, {"date": "Unnamed: 17-01", "country": "Bahrain", "value": "0", "unit": "kg"}, {"date": "Unnamed: 18-01", "country": "Bahrain", "value": "0", "unit": "kg"}, {"date": "Unnamed: 19-01", "country": "Bahrain", "value": "0", "unit": "kg"}, {"date": "Unnamed: 20-01", "country": "Bahrain", "value": "2300", "unit": "kg"}, {"date": "Unnamed: 21-01", "country": "Bahrain", "value": "0", "unit": "kg"}, {"date": "2-01", "country": "Congo, Democratic Republic of the", "value": "0", "unit": "kg"}, {"date": "Unnamed: 3-01", "country": "Congo, Democratic Republic of the", "value": "0", "unit": "kg"}, {"date": "Unnamed: 4-01", "country": "Congo, Democratic Republic of the", "value": "0", "unit": "kg"}, {"date": "Unnamed: 5-01", "country": "Congo, Democratic Republic of the", "value": "0", "unit": "kg"}, {"date": "Unnamed: 6-01", "country": "Congo, Democratic Republic of the", "value": "0", "unit": "kg"}, {"date": "Unnamed: 7-01", "country": "Congo, Democratic Republic of the", "value": "0", "unit": "kg"}, {"date": "Unnamed: 8-01", "country": "Congo, Democratic Republic of the", "value": "0", "unit": "kg"}, {"date": "Unnamed: 9-01", "country": "Congo, Democratic Republic of the", "value": "0", "unit": "kg"}, {"date": "Unnamed: 10-01", "country": "Congo, Democratic Republic of the", "value": "0", "unit": "kg"}, {"date": "Unnamed: 11-01", "country": "Congo, Democratic Republic of the", "value": "0", "unit": "kg"}, {"date": "Unnamed: 12-01", "country": "Congo, Democratic Republic of the", "value": "0", "unit": "kg"}, {"date": "Unnamed: 13-01", "country": "Congo, Democratic Republic of the", "value": "0", "unit": "kg"}, {"date": "Unnamed: 14-01", "country": "Congo, Democratic Republic of the", "value": "0", "unit": "kg"}, {"date": "Unnamed: 15-01", "country": "Congo, Democratic Republic of the", "value": "0", "unit": "kg"}, {"date": "Unnamed: 16-01", "country": "Congo, Democratic Republic of the", "value": "0", "unit": "kg"}, {"date": "Unnamed: 17-01", "country": "Congo, Democratic Republic of the", "value": "1000", "unit": "kg"}, {"date": "Unnamed: 18-01", "country": "Congo, Democratic Republic of the", "value": "0", "unit": "kg"}, {"date": "Unnamed: 19-01", "country": "Congo, Democratic Republic of the", "value": "0", "unit": "kg"}, {"date": "Unnamed: 20-01", "country": "Congo, Democratic Republic of the", "value": "0", "unit": "kg"}, {"date": "Unnamed: 21-01", "country": "Congo, Democratic Republic of the", "value": "0", "unit": "kg"}, {"date": "12-01", "country": "1", "value": "12", "unit": "kg"}, {"date": "1-01", "country": "1", "value": "1", "unit": "kg"}, {"date": "2-01", "country": "1", "value": "2", "unit": "kg"}, {"date": "12-01", "country": "2", "value": "1", "unit": "kg"}, {"date": "1-01", "country": "2", "value": "2", "unit": "kg"}, {"date": "12-01", "country": "2", "value": "1", "unit": "kg"}, {"date": "1-01", "country": "2", "value": "2", "unit": "kg"}, {"date": "12-01", "country": "2", "value": "1", "unit": "kg"}, {"date": "1-01", "country": "2", "value": "2", "unit": "kg"}]