[{"date": "2018-10-01", "country": "Greenland", "value": "585", "unit": "kg"}, {"date": "2018-11-01", "country": "Greenland", "value": "556", "unit": "kg"}, {"date": "2018-12-01", "country": "Greenland", "value": "0", "unit": "kg"}, {"date": "2019-01-01", "country": "Greenland", "value": "0", "unit": "kg"}, {"date": "2019-02-01", "country": "Greenland", "value": "0", "unit": "kg"}, {"date": "2019-03-01", "country": "Greenland", "value": "0", "unit": "kg"}, {"date": "2019-04-01", "country": "Greenland", "value": "585", "unit": "kg"}, {"date": "2019-05-01", "country": "Greenland", "value": "428", "unit": "kg"}, {"date": "2019-06-01", "country": "Greenland", "value": "400", "unit": "kg"}, {"date": "2019-07-01", "country": "Greenland", "value": "0", "unit": "kg"}, {"date": "2019-08-01", "country": "Greenland", "value": "0", "unit": "kg"}, {"date": "2019-09-01", "country": "Greenland", "value": "335", "unit": "kg"}, {"date": "2019-10-01", "country": "Greenland", "value": "514", "unit": "kg"}, {"date": "2019-11-01", "country": "Greenland", "value": "527", "unit": "kg"}, {"date": "2019-12-01", "country": "Greenland", "value": "473", "unit": "kg"}, {"date": "2020-01-01", "country": "Greenland", "value": "0", "unit": "kg"}, {"date": "2020-02-01", "country": "Greenland", "value": "0", "unit": "kg"}, {"date": "2020-03-01", "country": "Greenland", "value": "266", "unit": "kg"}, {"date": "2018-10-01", "country": "Iceland", "value": "3200", "unit": "kg"}, {"date": "2018-11-01", "country": "Iceland", "value": "5350", "unit": "kg"}, {"date": "2018-12-01", "country": "Iceland", "value": "0", "unit": "kg"}, {"date": "2019-01-01", "country": "Iceland", "value": "0", "unit": "kg"}, {"date": "2019-02-01", "country": "Iceland", "value": "600", "unit": "kg"}, {"date": "2019-03-01", "country": "Iceland", "value": "0", "unit": "kg"}, {"date": "2019-04-01", "country": "Iceland", "value": "0", "unit": "kg"}, {"date": "2019-05-01", "country": "Iceland", "value": "0", "unit": "kg"}, {"date": "2019-06-01", "country": "Iceland", "value": "2360", "unit": "kg"}, {"date": "2019-07-01", "country": "Iceland", "value": "3035", "unit": "kg"}, {"date": "2019-08-01", "country": "Iceland", "value": "1128", "unit": "kg"}, {"date": "2019-09-01", "country": "Iceland", "value": "1440", "unit": "kg"}, {"date": "2019-10-01", "country": "Iceland", "value": "2716", "unit": "kg"}, {"date": "2019-11-01", "country": "Iceland", "value": "1083", "unit": "kg"}, {"date": "2019-12-01", "country": "Iceland", "value": "0", "unit": "kg"}, {"date": "2020-01-01", "country": "Iceland", "value": "0", "unit": "kg"}, {"date": "2020-02-01", "country": "Iceland", "value": "576", "unit": "kg"}, {"date": "2020-03-01", "country": "Iceland", "value": "1128", "unit": "kg"}, {"date": "2018-10-01", "country": "Netherlands", "value": "0", "unit": "kg"}, {"date": "2018-11-01", "country": "Netherlands", "value": "0", "unit": "kg"}, {"date": "2018-12-01", "country": "Netherlands", "value": "0", "unit": "kg"}, {"date": "2019-01-01", "country": "Netherlands", "value": "0", "unit": "kg"}, {"date": "2019-02-01", "country": "Netherlands", "value": "0", "unit": "kg"}, {"date": "2019-03-01", "country": "Netherlands", "value": "0", "unit": "kg"}, {"date": "2019-04-01", "country": "Netherlands", "value": "1680", "unit": "kg"}, {"date": "2019-05-01", "country": "Netherlands", "value": "0", "unit": "kg"}, {"date": "2019-06-01", "country": "Netherlands", "value": "0", "unit": "kg"}, {"date": "2019-07-01", "country": "Netherlands", "value": "3441", "unit": "kg"}, {"date": "2019-08-01", "country": "Netherlands", "value": "0", "unit": "kg"}, {"date": "2019-09-01", "country": "Netherlands", "value": "1011", "unit": "kg"}, {"date": "2019-10-01", "country": "Netherlands", "value": "5971", "unit": "kg"}, {"date": "2019-11-01", "country": "Netherlands", "value": "0", "unit": "kg"}, {"date": "2019-12-01", "country": "Netherlands", "value": "0", "unit": "kg"}, {"date": "2020-01-01", "country": "Netherlands", "value": "0", "unit": "kg"}, {"date": "2020-02-01", "country": "Netherlands", "value": "0", "unit": "kg"}, {"date": "2020-03-01", "country": "Netherlands", "value": "0", "unit": "kg"}, {"date": "2018-10-01", "country": "Cyprus", "value": "0", "unit": "kg"}, {"date": "2018-11-01", "country": "Cyprus", "value": "0", "unit": "kg"}, {"date": "2018-12-01", "country": "Cyprus", "value": "0", "unit": "kg"}, {"date": "2019-01-01", "country": "Cyprus", "value": "0", "unit": "kg"}, {"date": "2019-02-01", "country": "Cyprus", "value": "0", "unit": "kg"}, {"date": "2019-03-01", "country": "Cyprus", "value": "0", "unit": "kg"}, {"date": "2019-04-01", "country": "Cyprus", "value": "0", "unit": "kg"}, {"date": "2019-05-01", "country": "Cyprus", "value": "0", "unit": "kg"}, {"date": "2019-06-01", "country": "Cyprus", "value": "0", "unit": "kg"}, {"date": "2019-07-01", "country": "Cyprus", "value": "0", "unit": "kg"}, {"date": "2019-08-01", "country": "Cyprus", "value": "0", "unit": "kg"}, {"date": "2019-09-01", "country": "Cyprus", "value": "900", "unit": "kg"}, {"date": "2019-10-01", "country": "Cyprus", "value": "0", "unit": "kg"}, {"date": "2019-11-01", "country": "Cyprus", "value": "0", "unit": "kg"}, {"date": "2019-12-01", "country": "Cyprus", "value": "0", "unit": "kg"}, {"date": "2020-01-01", "country": "Cyprus", "value": "0", "unit": "kg"}, {"date": "2020-02-01", "country": "Cyprus", "value": "12135", "unit": "kg"}, {"date": "2020-03-01", "country": "Cyprus", "value": "0", "unit": "kg"}, {"date": "2018-10-01", "country": "Faroe Islands", "value": "0", "unit": "kg"}, {"date": "2018-11-01", "country": "Faroe Islands", "value": "1323", "unit": "kg"}, {"date": "2018-12-01", "country": "Faroe Islands", "value": "0", "unit": "kg"}, {"date": "2019-01-01", "country": "Faroe Islands", "value": "0", "unit": "kg"}, {"date": "2019-02-01", "country": "Faroe Islands", "value": "0", "unit": "kg"}, {"date": "2019-03-01", "country": "Faroe Islands", "value": "0", "unit": "kg"}, {"date": "2019-04-01", "country": "Faroe Islands", "value": "0", "unit": "kg"}, {"date": "2019-05-01", "country": "Faroe Islands", "value": "0", "unit": "kg"}, {"date": "2019-06-01", "country": "Faroe Islands", "value": "0", "unit": "kg"}, {"date": "2019-07-01", "country": "Faroe Islands", "value": "0", "unit": "kg"}, {"date": "2019-08-01", "country": "Faroe Islands", "value": "0", "unit": "kg"}, {"date": "2019-09-01", "country": "Faroe Islands", "value": "0", "unit": "kg"}, {"date": "2019-10-01", "country": "Faroe Islands", "value": "0", "unit": "kg"}, {"date": "2019-11-01", "country": "Faroe Islands", "value": "0", "unit": "kg"}, {"date": "2019-12-01", "country": "Faroe Islands", "value": "0", "unit": "kg"}, {"date": "2020-01-01", "country": "Faroe Islands", "value": "0", "unit": "kg"}, {"date": "2020-02-01", "country": "Faroe Islands", "value": "0", "unit": "kg"}, {"date": "2020-03-01", "country": "Faroe Islands", "value": "0", "unit": "kg"}, {"date": "2018-10-01", "country": "Germany", "value": "0", "unit": "kg"}, {"date": "2018-11-01", "country": "Germany", "value": "102", "unit": "kg"}, {"date": "2018-12-01", "country": "Germany", "value": "0", "unit": "kg"}, {"date": "2019-01-01", "country": "Germany", "value": "95", "unit": "kg"}, {"date": "2019-02-01", "country": "Germany", "value": "3757", "unit": "kg"}, {"date": "2019-03-01", "country": "Germany", "value": "0", "unit": "kg"}, {"date": "2019-04-01", "country": "Germany", "value": "17844", "unit": "kg"}, {"date": "2019-05-01", "country": "Germany", "value": "12616", "unit": "kg"}, {"date": "2019-06-01", "country": "Germany", "value": "7911", "unit": "kg"}, {"date": "2019-07-01", "country": "Germany", "value": "1177", "unit": "kg"}, {"date": "2019-08-01", "country": "Germany", "value": "10537", "unit": "kg"}, {"date": "2019-09-01", "country": "Germany", "value": "1834", "unit": "kg"}, {"date": "2019-10-01", "country": "Germany", "value": "16069", "unit": "kg"}, {"date": "2019-11-01", "country": "Germany", "value": "29015", "unit": "kg"}, {"date": "2019-12-01", "country": "Germany", "value": "8262", "unit": "kg"}, {"date": "2020-01-01", "country": "Germany", "value": "23873", "unit": "kg"}, {"date": "2020-02-01", "country": "Germany", "value": "5853", "unit": "kg"}, {"date": "2020-03-01", "country": "Germany", "value": "1680", "unit": "kg"}, {"date": "2018-10-01", "country": "Greece", "value": "0", "unit": "kg"}, {"date": "2018-11-01", "country": "Greece", "value": "0", "unit": "kg"}, {"date": "2018-12-01", "country": "Greece", "value": "0", "unit": "kg"}, {"date": "2019-01-01", "country": "Greece", "value": "0", "unit": "kg"}, {"date": "2019-02-01", "country": "Greece", "value": "0", "unit": "kg"}, {"date": "2019-03-01", "country": "Greece", "value": "0", "unit": "kg"}, {"date": "2019-04-01", "country": "Greece", "value": "5280", "unit": "kg"}, {"date": "2019-05-01", "country": "Greece", "value": "0", "unit": "kg"}, {"date": "2019-06-01", "country": "Greece", "value": "0", "unit": "kg"}, {"date": "2019-07-01", "country": "Greece", "value": "0", "unit": "kg"}, {"date": "2019-08-01", "country": "Greece", "value": "0", "unit": "kg"}, {"date": "2019-09-01", "country": "Greece", "value": "0", "unit": "kg"}, {"date": "2019-10-01", "country": "Greece", "value": "1375", "unit": "kg"}, {"date": "2019-11-01", "country": "Greece", "value": "1614", "unit": "kg"}, {"date": "2019-12-01", "country": "Greece", "value": "0", "unit": "kg"}, {"date": "2020-01-01", "country": "Greece", "value": "4953", "unit": "kg"}, {"date": "2020-02-01", "country": "Greece", "value": "2240", "unit": "kg"}, {"date": "2020-03-01", "country": "Greece", "value": "2991", "unit": "kg"}]