[{"date": "2016-05-01", "country": "Turkey", "value": "22570", "unit": "kg"}, {"date": "2016-06-01", "country": "Turkey", "value": "6277", "unit": "kg"}, {"date": "2016-07-01", "country": "Turkey", "value": "1596", "unit": "kg"}, {"date": "2016-08-01", "country": "Turkey", "value": "11651", "unit": "kg"}, {"date": "2016-09-01", "country": "Turkey", "value": "0", "unit": "kg"}, {"date": "2016-10-01", "country": "Turkey", "value": "3618", "unit": "kg"}, {"date": "2016-11-01", "country": "Turkey", "value": "0", "unit": "kg"}, {"date": "2016-12-01", "country": "Turkey", "value": "0", "unit": "kg"}, {"date": "2017-01-01", "country": "Turkey", "value": "3365", "unit": "kg"}, {"date": "2017-02-01", "country": "Turkey", "value": "0", "unit": "kg"}, {"date": "2017-03-01", "country": "Turkey", "value": "0", "unit": "kg"}, {"date": "2017-04-01", "country": "Turkey", "value": "0", "unit": "kg"}, {"date": "2017-05-01", "country": "Turkey", "value": "0", "unit": "kg"}, {"date": "2017-06-01", "country": "Turkey", "value": "0", "unit": "kg"}, {"date": "2017-07-01", "country": "Turkey", "value": "0", "unit": "kg"}, {"date": "2017-08-01", "country": "Turkey", "value": "0", "unit": "kg"}, {"date": "2017-09-01", "country": "Turkey", "value": "0", "unit": "kg"}, {"date": "2017-10-01", "country": "Turkey", "value": "0", "unit": "kg"}, {"date": "2016-05-01", "country": "Saudi Arabia", "value": "0", "unit": "kg"}, {"date": "2016-06-01", "country": "Saudi Arabia", "value": "42000", "unit": "kg"}, {"date": "2016-07-01", "country": "Saudi Arabia", "value": "993", "unit": "kg"}, {"date": "2016-08-01", "country": "Saudi Arabia", "value": "23218", "unit": "kg"}, {"date": "2016-09-01", "country": "Saudi Arabia", "value": "63000", "unit": "kg"}, {"date": "2016-10-01", "country": "Saudi Arabia", "value": "0", "unit": "kg"}, {"date": "2016-11-01", "country": "Saudi Arabia", "value": "0", "unit": "kg"}, {"date": "2016-12-01", "country": "Saudi Arabia", "value": "0", "unit": "kg"}, {"date": "2017-01-01", "country": "Saudi Arabia", "value": "0", "unit": "kg"}, {"date": "2017-02-01", "country": "Saudi Arabia", "value": "0", "unit": "kg"}, {"date": "2017-03-01", "country": "Saudi Arabia", "value": "800", "unit": "kg"}, {"date": "2017-04-01", "country": "Saudi Arabia", "value": "1523", "unit": "kg"}, {"date": "2017-05-01", "country": "Saudi Arabia", "value": "0", "unit": "kg"}, {"date": "2017-06-01", "country": "Saudi Arabia", "value": "0", "unit": "kg"}, {"date": "2017-07-01", "country": "Saudi Arabia", "value": "952", "unit": "kg"}, {"date": "2017-08-01", "country": "Saudi Arabia", "value": "0", "unit": "kg"}, {"date": "2017-09-01", "country": "Saudi Arabia", "value": "0", "unit": "kg"}, {"date": "2017-10-01", "country": "Saudi Arabia", "value": "0", "unit": "kg"}, {"date": "2016-05-01", "country": "Egypt", "value": "5331", "unit": "kg"}, {"date": "2016-06-01", "country": "Egypt", "value": "0", "unit": "kg"}, {"date": "2016-07-01", "country": "Egypt", "value": "0", "unit": "kg"}, {"date": "2016-08-01", "country": "Egypt", "value": "2873", "unit": "kg"}, {"date": "2016-09-01", "country": "Egypt", "value": "0", "unit": "kg"}, {"date": "2016-10-01", "country": "Egypt", "value": "0", "unit": "kg"}, {"date": "2016-11-01", "country": "Egypt", "value": "0", "unit": "kg"}, {"date": "2016-12-01", "country": "Egypt", "value": "0", "unit": "kg"}, {"date": "2017-01-01", "country": "Egypt", "value": "1756", "unit": "kg"}, {"date": "2017-02-01", "country": "Egypt", "value": "0", "unit": "kg"}, {"date": "2017-03-01", "country": "Egypt", "value": "0", "unit": "kg"}, {"date": "2017-04-01", "country": "Egypt", "value": "0", "unit": "kg"}, {"date": "2017-05-01", "country": "Egypt", "value": "4900", "unit": "kg"}, {"date": "2017-06-01", "country": "Egypt", "value": "0", "unit": "kg"}, {"date": "2017-07-01", "country": "Egypt", "value": "0", "unit": "kg"}, {"date": "2017-08-01", "country": "Egypt", "value": "0", "unit": "kg"}, {"date": "2017-09-01", "country": "Egypt", "value": "0", "unit": "kg"}, {"date": "2017-10-01", "country": "Egypt", "value": "0", "unit": "kg"}, {"date": "2016-05-01", "country": "Iran, Islamic Republic of", "value": "0", "unit": "kg"}, {"date": "2016-06-01", "country": "Iran, Islamic Republic of", "value": "0", "unit": "kg"}, {"date": "2016-07-01", "country": "Iran, Islamic Republic of", "value": "0", "unit": "kg"}, {"date": "2016-08-01", "country": "Iran, Islamic Republic of", "value": "0", "unit": "kg"}, {"date": "2016-09-01", "country": "Iran, Islamic Republic of", "value": "0", "unit": "kg"}, {"date": "2016-10-01", "country": "Iran, Islamic Republic of", "value": "0", "unit": "kg"}, {"date": "2016-11-01", "country": "Iran, Islamic Republic of", "value": "0", "unit": "kg"}, {"date": "2016-12-01", "country": "Iran, Islamic Republic of", "value": "0", "unit": "kg"}, {"date": "2017-01-01", "country": "Iran, Islamic Republic of", "value": "0", "unit": "kg"}, {"date": "2017-02-01", "country": "Iran, Islamic Republic of", "value": "0", "unit": "kg"}, {"date": "2017-03-01", "country": "Iran, Islamic Republic of", "value": "0", "unit": "kg"}, {"date": "2017-04-01", "country": "Iran, Islamic Republic of", "value": "0", "unit": "kg"}, {"date": "2017-05-01", "country": "Iran, Islamic Republic of", "value": "0", "unit": "kg"}, {"date": "2017-06-01", "country": "Iran, Islamic Republic of", "value": "0", "unit": "kg"}, {"date": "2017-07-01", "country": "Iran, Islamic Republic of", "value": "0", "unit": "kg"}, {"date": "2017-08-01", "country": "Iran, Islamic Republic of", "value": "0", "unit": "kg"}, {"date": "2017-09-01", "country": "Iran, Islamic Republic of", "value": "24000", "unit": "kg"}, {"date": "2017-10-01", "country": "Iran, Islamic Republic of", "value": "0", "unit": "kg"}, {"date": "2016-05-01", "country": "Mauritania", "value": "0", "unit": "kg"}, {"date": "2016-06-01", "country": "Mauritania", "value": "0", "unit": "kg"}, {"date": "2016-07-01", "country": "Mauritania", "value": "0", "unit": "kg"}, {"date": "2016-08-01", "country": "Mauritania", "value": "8967", "unit": "kg"}, {"date": "2016-09-01", "country": "Mauritania", "value": "0", "unit": "kg"}, {"date": "2016-10-01", "country": "Mauritania", "value": "0", "unit": "kg"}, {"date": "2016-11-01", "country": "Mauritania", "value": "0", "unit": "kg"}, {"date": "2016-12-01", "country": "Mauritania", "value": "0", "unit": "kg"}, {"date": "2017-01-01", "country": "Mauritania", "value": "0", "unit": "kg"}, {"date": "2017-02-01", "country": "Mauritania", "value": "0", "unit": "kg"}, {"date": "2017-03-01", "country": "Mauritania", "value": "0", "unit": "kg"}, {"date": "2017-04-01", "country": "Mauritania", "value": "0", "unit": "kg"}, {"date": "2017-05-01", "country": "Mauritania", "value": "0", "unit": "kg"}, {"date": "2017-06-01", "country": "Mauritania", "value": "0", "unit": "kg"}, {"date": "2017-07-01", "country": "Mauritania", "value": "0", "unit": "kg"}, {"date": "2017-08-01", "country": "Mauritania", "value": "0", "unit": "kg"}, {"date": "2017-09-01", "country": "Mauritania", "value": "0", "unit": "kg"}, {"date": "2017-10-01", "country": "Mauritania", "value": "0", "unit": "kg"}, {"date": "2016-05-01", "country": "Qatar", "value": "0", "unit": "kg"}, {"date": "2016-06-01", "country": "Qatar", "value": "0", "unit": "kg"}, {"date": "2016-07-01", "country": "Qatar", "value": "0", "unit": "kg"}, {"date": "2016-08-01", "country": "Qatar", "value": "0", "unit": "kg"}, {"date": "2016-09-01", "country": "Qatar", "value": "0", "unit": "kg"}, {"date": "2016-10-01", "country": "Qatar", "value": "0", "unit": "kg"}, {"date": "2016-11-01", "country": "Qatar", "value": "0", "unit": "kg"}, {"date": "2016-12-01", "country": "Qatar", "value": "0", "unit": "kg"}, {"date": "2017-01-01", "country": "Qatar", "value": "0", "unit": "kg"}, {"date": "2017-02-01", "country": "Qatar", "value": "0", "unit": "kg"}, {"date": "2017-03-01", "country": "Qatar", "value": "0", "unit": "kg"}, {"date": "2017-04-01", "country": "Qatar", "value": "3145", "unit": "kg"}, {"date": "2017-05-01", "country": "Qatar", "value": "0", "unit": "kg"}, {"date": "2017-06-01", "country": "Qatar", "value": "0", "unit": "kg"}, {"date": "2017-07-01", "country": "Qatar", "value": "0", "unit": "kg"}, {"date": "2017-08-01", "country": "Qatar", "value": "0", "unit": "kg"}, {"date": "2017-09-01", "country": "Qatar", "value": "0", "unit": "kg"}, {"date": "2017-10-01", "country": "Qatar", "value": "0", "unit": "kg"}]