[{"date": "2019-05-01", "country_from": "BD", "country_to": "FR", "value": "4500", "unit": "kg"}, {"date": "2019-11-01", "country_from": "BD", "country_to": "FR", "value": "6250", "unit": "kg"}, {"date": "2020-03-01", "country_from": "BD", "country_to": "FR", "value": "8750", "unit": "kg"}, {"date": "2020-04-01", "country_from": "BD", "country_to": "FR", "value": "3000", "unit": "kg"}, {"date": "2020-05-01", "country_from": "BD", "country_to": "FR", "value": "2500", "unit": "kg"}, {"date": "2020-06-01", "country_from": "BD", "country_to": "FR", "value": "2250", "unit": "kg"}, {"date": "2019-04-01", "country_from": "BD", "country_to": "BH", "value": "1220", "unit": "kg"}, {"date": "2020-02-01", "country_from": "BD", "country_to": "BH", "value": "750", "unit": "kg"}, {"date": "2020-06-01", "country_from": "BD", "country_to": "BH", "value": "1800", "unit": "kg"}, {"date": "2019-01-01", "country_from": "BD", "country_to": "BE", "value": "2720", "unit": "kg"}, {"date": "2019-05-01", "country_from": "BD", "country_to": "BE", "value": "5920", "unit": "kg"}, {"date": "2019-08-01", "country_from": "BD", "country_to": "BE", "value": "1000", "unit": "kg"}, {"date": "2019-09-01", "country_from": "BD", "country_to": "BE", "value": "2000", "unit": "kg"}, {"date": "2019-11-01", "country_from": "BD", "country_to": "BE", "value": "5920", "unit": "kg"}, {"date": "2020-02-01", "country_from": "BD", "country_to": "BE", "value": "2000", "unit": "kg"}, {"date": "2020-04-01", "country_from": "BD", "country_to": "BE", "value": "4480", "unit": "kg"}, {"date": "2020-01-01", "country_from": "BD", "country_to": "CA", "value": "2", "unit": "kg"}, {"date": "2019-10-01", "country_from": "BD", "country_to": "FI", "value": "500", "unit": "kg"}, {"date": "2019-01-01", "country_from": "BD", "country_to": "DE", "value": "1", "unit": "kg"}, {"date": "2020-03-01", "country_from": "BD", "country_to": "IE", "value": "711", "unit": "kg"}, {"date": "2019-01-01", "country_from": "BD", "country_to": "MU", "value": "5374", "unit": "kg"}, {"date": "2019-05-01", "country_from": "BD", "country_to": "MU", "value": "14754", "unit": "kg"}, {"date": "2019-06-01", "country_from": "BD", "country_to": "MU", "value": "8087", "unit": "kg"}, {"date": "2020-05-01", "country_from": "BD", "country_to": "MU", "value": "6448", "unit": "kg"}, {"date": "2020-06-01", "country_from": "BD", "country_to": "MU", "value": "11584", "unit": "kg"}, {"date": "2019-03-01", "country_from": "BD", "country_to": "PT", "value": "3940", "unit": "kg"}, {"date": "2019-11-01", "country_from": "BD", "country_to": "PT", "value": "3205", "unit": "kg"}, {"date": "2019-11-01", "country_from": "BD", "country_to": "ZA", "value": "2084", "unit": "kg"}, {"date": "2020-02-01", "country_from": "BD", "country_to": "GB", "value": "588", "unit": "kg"}]