[{"date": "2008-08-01", "country": "Guyana", "value": "0", "unit": "kg"}, {"date": "2008-09-01", "country": "Guyana", "value": "0", "unit": "kg"}, {"date": "2008-10-01", "country": "Guyana", "value": "0", "unit": "kg"}, {"date": "2008-11-01", "country": "Guyana", "value": "0", "unit": "kg"}, {"date": "2008-12-01", "country": "Guyana", "value": "0", "unit": "kg"}, {"date": "2009-01-01", "country": "Guyana", "value": "0", "unit": "kg"}, {"date": "2009-02-01", "country": "Guyana", "value": "0", "unit": "kg"}, {"date": "2009-03-01", "country": "Guyana", "value": "0", "unit": "kg"}, {"date": "2009-04-01", "country": "Guyana", "value": "0", "unit": "kg"}, {"date": "2009-05-01", "country": "Guyana", "value": "0", "unit": "kg"}, {"date": "2009-06-01", "country": "Guyana", "value": "0", "unit": "kg"}, {"date": "2009-07-01", "country": "Guyana", "value": "0", "unit": "kg"}, {"date": "2009-08-01", "country": "Guyana", "value": "0", "unit": "kg"}, {"date": "2009-09-01", "country": "Guyana", "value": "0", "unit": "kg"}, {"date": "2009-10-01", "country": "Guyana", "value": "0", "unit": "kg"}, {"date": "2009-11-01", "country": "Guyana", "value": "0", "unit": "kg"}, {"date": "2009-12-01", "country": "Guyana", "value": "0", "unit": "kg"}, {"date": "2010-01-01", "country": "Guyana", "value": "0", "unit": "kg"}, {"date": "2008-08-01", "country": "United States of America", "value": "0", "unit": "kg"}, {"date": "2008-09-01", "country": "United States of America", "value": "0", "unit": "kg"}, {"date": "2008-10-01", "country": "United States of America", "value": "0", "unit": "kg"}, {"date": "2008-11-01", "country": "United States of America", "value": "0", "unit": "kg"}, {"date": "2008-12-01", "country": "United States of America", "value": "0", "unit": "kg"}, {"date": "2009-01-01", "country": "United States of America", "value": "0", "unit": "kg"}, {"date": "2009-02-01", "country": "United States of America", "value": "0", "unit": "kg"}, {"date": "2009-03-01", "country": "United States of America", "value": "0", "unit": "kg"}, {"date": "2009-04-01", "country": "United States of America", "value": "0", "unit": "kg"}, {"date": "2009-05-01", "country": "United States of America", "value": "0", "unit": "kg"}, {"date": "2009-06-01", "country": "United States of America", "value": "0", "unit": "kg"}, {"date": "2009-07-01", "country": "United States of America", "value": "0", "unit": "kg"}, {"date": "2009-08-01", "country": "United States of America", "value": "0", "unit": "kg"}, {"date": "2009-09-01", "country": "United States of America", "value": "0", "unit": "kg"}, {"date": "2009-10-01", "country": "United States of America", "value": "0", "unit": "kg"}, {"date": "2009-11-01", "country": "United States of America", "value": "0", "unit": "kg"}, {"date": "2009-12-01", "country": "United States of America", "value": "0", "unit": "kg"}, {"date": "2010-01-01", "country": "United States of America", "value": "0", "unit": "kg"}]