[{"date": "2018-05-01", "list": [{"import": 0, "export": 0, "id": "FR"}, {"import": 0, "export": 0, "id": "IN"}, {"import": 203, "export": 0, "id": "AE"}], "import": 203, "export": 0}, {"date": "2018-06-01", "list": [{"import": 0, "export": 0, "id": "FR"}, {"import": 1952, "export": 0, "id": "IN"}, {"import": 0, "export": 0, "id": "AE"}], "import": 1952, "export": 0}, {"date": "2018-07-01", "list": [{"import": 41, "export": 0, "id": "FR"}, {"import": 0, "export": 0, "id": "IN"}, {"import": 0, "export": 0, "id": "AE"}], "import": 41, "export": 0}, {"date": "2018-08-01", "list": [{"import": 0, "export": 0, "id": "FR"}, {"import": 2549, "export": 0, "id": "IN"}, {"import": 0, "export": 0, "id": "AE"}], "import": 2549, "export": 0}, {"date": "2018-09-01", "list": [{"import": 0, "export": 0, "id": "FR"}, {"import": 0, "export": 0, "id": "IN"}, {"import": 0, "export": 0, "id": "AE"}], "import": 0, "export": 0}, {"date": "2018-10-01", "list": [{"import": 0, "export": 0, "id": "FR"}, {"import": 1446, "export": 0, "id": "IN"}, {"import": 0, "export": 0, "id": "AE"}], "import": 1446, "export": 0}, {"date": "2018-11-01", "list": [{"import": 0, "export": 0, "id": "FR"}, {"import": 0, "export": 0, "id": "IN"}, {"import": 0, "export": 0, "id": "AE"}], "import": 0, "export": 0}, {"date": "2018-12-01", "list": [{"import": 0, "export": 0, "id": "FR"}, {"import": 0, "export": 0, "id": "IN"}, {"import": 0, "export": 0, "id": "AE"}], "import": 0, "export": 0}, {"date": "2019-01-01", "list": [{"import": 0, "export": 0, "id": "FR"}, {"import": 0, "export": 0, "id": "IN"}, {"import": 0, "export": 0, "id": "AE"}], "import": 0, "export": 0}, {"date": "2019-02-01", "list": [{"import": 0, "export": 0, "id": "FR"}, {"import": 0, "export": 0, "id": "IN"}, {"import": 0, "export": 0, "id": "AE"}], "import": 0, "export": 0}, {"date": "2019-03-01", "list": [{"import": 0, "export": 0, "id": "FR"}, {"import": 0, "export": 0, "id": "IN"}, {"import": 0, "export": 0, "id": "AE"}], "import": 0, "export": 0}, {"date": "2019-04-01", "list": [{"import": 0, "export": 0, "id": "FR"}, {"import": 0, "export": 0, "id": "IN"}, {"import": 0, "export": 0, "id": "AE"}], "import": 0, "export": 0}, {"date": "2019-05-01", "list": [{"import": 0, "export": 0, "id": "FR"}, {"import": 0, "export": 0, "id": "IN"}, {"import": 0, "export": 0, "id": "AE"}], "import": 0, "export": 0}, {"date": "2019-06-01", "list": [{"import": 0, "export": 0, "id": "FR"}, {"import": 0, "export": 0, "id": "IN"}, {"import": 0, "export": 0, "id": "AE"}], "import": 0, "export": 0}, {"date": "2019-07-01", "list": [{"import": 0, "export": 0, "id": "FR"}, {"import": 0, "export": 0, "id": "IN"}, {"import": 0, "export": 0, "id": "AE"}], "import": 0, "export": 0}, {"date": "2019-08-01", "list": [{"import": 0, "export": 0, "id": "FR"}, {"import": 0, "export": 0, "id": "IN"}, {"import": 0, "export": 0, "id": "AE"}], "import": 0, "export": 0}, {"date": "2019-09-01", "list": [{"import": 0, "export": 0, "id": "FR"}, {"import": 0, "export": 0, "id": "IN"}, {"import": 0, "export": 0, "id": "AE"}], "import": 0, "export": 0}, {"date": "2019-10-01", "list": [{"import": 0, "export": 0, "id": "FR"}, {"import": 0, "export": 0, "id": "IN"}, {"import": 53, "export": 0, "id": "AE"}], "import": 53, "export": 0}, {"date": "2019-11-01", "list": [{"import": 0, "export": 0, "id": "FR"}, {"import": 0, "export": 0, "id": "IN"}, {"import": 0, "export": 0, "id": "AE"}], "import": 0, "export": 0}, {"date": "2019-12-01", "list": [{"import": 0, "export": 0, "id": "FR"}, {"import": 0, "export": 0, "id": "IN"}, {"import": 0, "export": 0, "id": "AE"}], "import": 0, "export": 0}]