[{"date": "2019-01-01", "list": [{"import": 770, "export": 0, "id": "BR"}], "import": 770, "export": 0}, {"date": "2019-02-01", "list": [{"import": 766, "export": 0, "id": "BR"}], "import": 766, "export": 0}, {"date": "2019-04-01", "list": [{"import": 536, "export": 0, "id": "BR"}, {"import": 4748, "export": 0, "id": "US"}], "import": 5284, "export": 0}, {"date": "2019-05-01", "list": [{"import": 1145, "export": 0, "id": "BR"}], "import": 1145, "export": 0}, {"date": "2019-06-01", "list": [{"import": 820, "export": 0, "id": "BR"}, {"import": 13000, "export": 0, "id": "US"}], "import": 13820, "export": 0}, {"date": "2019-08-01", "list": [{"import": 2110, "export": 0, "id": "BR"}], "import": 2110, "export": 0}, {"date": "2019-09-01", "list": [{"import": 440, "export": 0, "id": "BR"}, {"import": 17, "export": 0, "id": "MZ"}], "import": 457, "export": 0}, {"date": "2019-10-01", "list": [{"import": 1295, "export": 0, "id": "BR"}], "import": 1295, "export": 0}, {"date": "2019-11-01", "list": [{"import": 697, "export": 0, "id": "BR"}], "import": 697, "export": 0}, {"date": "2019-12-01", "list": [{"import": 475, "export": 0, "id": "BR"}], "import": 475, "export": 0}, {"date": "2020-01-01", "list": [{"import": 2739, "export": 0, "id": "BR"}], "import": 2739, "export": 0}, {"date": "2020-03-01", "list": [{"import": 1040, "export": 0, "id": "BR"}], "import": 1040, "export": 0}, {"date": "2020-04-01", "list": [{"import": 2840, "export": 0, "id": "BR"}], "import": 2840, "export": 0}, {"date": "2020-05-01", "list": [{"import": 982, "export": 0, "id": "BR"}], "import": 982, "export": 0}, {"date": "2020-06-01", "list": [{"import": 1335, "export": 0, "id": "BR"}, {"import": 800, "export": 0, "id": "US"}], "import": 2135, "export": 0}, {"date": "2020-07-01", "list": [{"import": 910, "export": 0, "id": "BR"}], "import": 910, "export": 0}, {"date": "2020-08-01", "list": [{"import": 2044, "export": 0, "id": "BR"}], "import": 2044, "export": 0}]