[{"date": "2019-01-01", "list": [{"import": 247, "export": 0, "id": "US"}], "import": 247, "export": 0}, {"date": "2019-02-01", "list": [{"import": 330, "export": 0, "id": "US"}], "import": 330, "export": 0}, {"date": "2019-03-01", "list": [{"import": 458, "export": 0, "id": "US"}], "import": 458, "export": 0}, {"date": "2019-04-01", "list": [{"import": 907, "export": 0, "id": "US"}], "import": 907, "export": 0}, {"date": "2019-05-01", "list": [{"import": 472, "export": 0, "id": "US"}], "import": 472, "export": 0}, {"date": "2019-06-01", "list": [{"import": 685, "export": 0, "id": "US"}], "import": 685, "export": 0}, {"date": "2019-07-01", "list": [{"import": 565, "export": 0, "id": "US"}], "import": 565, "export": 0}, {"date": "2019-08-01", "list": [{"import": 0, "export": 0, "id": "US"}], "import": 0, "export": 0}, {"date": "2019-09-01", "list": [{"import": 0, "export": 0, "id": "US"}], "import": 0, "export": 0}, {"date": "2019-10-01", "list": [{"import": 292, "export": 0, "id": "US"}], "import": 292, "export": 0}, {"date": "2019-11-01", "list": [{"import": 612, "export": 0, "id": "US"}], "import": 612, "export": 0}, {"date": "2019-12-01", "list": [{"import": 283, "export": 0, "id": "US"}], "import": 283, "export": 0}]