[{"date": "2015-05-01", "list": [{"import": 1525, "export": 0, "id": "US"}, {"import": 0, "export": 0, "id": "-"}, {"import": 0, "export": 0, "id": "JP"}], "import": 1525, "export": 0}, {"date": "2015-06-01", "list": [{"import": 13034, "export": 0, "id": "US"}, {"import": 0, "export": 0, "id": "-"}, {"import": 0, "export": 0, "id": "JP"}], "import": 13034, "export": 0}, {"date": "2015-07-01", "list": [{"import": 2150, "export": 0, "id": "US"}, {"import": 0, "export": 0, "id": "-"}, {"import": 0, "export": 0, "id": "JP"}], "import": 2150, "export": 0}, {"date": "2015-08-01", "list": [{"import": 8769, "export": 0, "id": "US"}, {"import": 0, "export": 0, "id": "-"}, {"import": 0, "export": 0, "id": "JP"}], "import": 8769, "export": 0}, {"date": "2015-09-01", "list": [{"import": 2587, "export": 0, "id": "US"}, {"import": 0, "export": 0, "id": "-"}, {"import": 0, "export": 0, "id": "JP"}], "import": 2587, "export": 0}, {"date": "2015-10-01", "list": [{"import": 5939, "export": 0, "id": "US"}, {"import": 0, "export": 0, "id": "-"}, {"import": 0, "export": 0, "id": "JP"}], "import": 5939, "export": 0}, {"date": "2015-11-01", "list": [{"import": 4460, "export": 0, "id": "US"}, {"import": 0, "export": 0, "id": "-"}, {"import": 0, "export": 0, "id": "JP"}], "import": 4460, "export": 0}, {"date": "2015-12-01", "list": [{"import": 2946, "export": 0, "id": "US"}, {"import": 0, "export": 0, "id": "-"}, {"import": 570, "export": 0, "id": "JP"}], "import": 3516, "export": 0}, {"date": "2016-01-01", "list": [{"import": 7060, "export": 0, "id": "US"}, {"import": 0, "export": 0, "id": "-"}, {"import": 0, "export": 0, "id": "JP"}], "import": 7060, "export": 0}, {"date": "2016-02-01", "list": [{"import": 6486, "export": 0, "id": "US"}, {"import": 0, "export": 0, "id": "-"}, {"import": 0, "export": 0, "id": "JP"}], "import": 6486, "export": 0}, {"date": "2016-03-01", "list": [{"import": 791, "export": 0, "id": "US"}, {"import": 0, "export": 0, "id": "-"}, {"import": 0, "export": 0, "id": "JP"}], "import": 791, "export": 0}, {"date": "2016-04-01", "list": [{"import": 5499, "export": 0, "id": "US"}, {"import": 0, "export": 0, "id": "-"}, {"import": 0, "export": 0, "id": "JP"}], "import": 5499, "export": 0}, {"date": "2016-05-01", "list": [{"import": 2765, "export": 0, "id": "US"}, {"import": 0, "export": 0, "id": "-"}, {"import": 0, "export": 0, "id": "JP"}], "import": 2765, "export": 0}, {"date": "2016-06-01", "list": [{"import": 4634, "export": 0, "id": "US"}, {"import": 0, "export": 0, "id": "-"}, {"import": 0, "export": 0, "id": "JP"}], "import": 4634, "export": 0}, {"date": "2016-07-01", "list": [{"import": 7588, "export": 0, "id": "US"}, {"import": 0, "export": 0, "id": "-"}, {"import": 0, "export": 0, "id": "JP"}], "import": 7588, "export": 0}, {"date": "2016-08-01", "list": [{"import": 2389, "export": 0, "id": "US"}, {"import": 0, "export": 0, "id": "-"}, {"import": 0, "export": 0, "id": "JP"}], "import": 2389, "export": 0}, {"date": "2016-09-01", "list": [{"import": 5761, "export": 0, "id": "US"}, {"import": 276, "export": 0, "id": "-"}, {"import": 0, "export": 0, "id": "JP"}], "import": 6037, "export": 0}, {"date": "2016-10-01", "list": [{"import": 2174, "export": 0, "id": "US"}, {"import": 0, "export": 0, "id": "-"}, {"import": 0, "export": 0, "id": "JP"}], "import": 2174, "export": 0}]