[{"date": "2018-11-01", "list": [{"import": 12492, "export": 0, "id": "CN"}, {"import": 1954, "export": 0, "id": "LK"}, {"import": 2711, "export": 0, "id": "TH"}, {"import": 0, "export": 0, "id": "IN"}, {"import": 0, "export": 0, "id": "VN"}, {"import": 0, "export": 0, "id": "AU"}], "import": 17157, "export": 0}, {"date": "2018-12-01", "list": [{"import": 3067, "export": 0, "id": "CN"}, {"import": 2485, "export": 0, "id": "LK"}, {"import": 2891, "export": 0, "id": "TH"}, {"import": 0, "export": 0, "id": "IN"}, {"import": 0, "export": 0, "id": "VN"}, {"import": 0, "export": 0, "id": "AU"}], "import": 8443, "export": 0}, {"date": "2019-01-01", "list": [{"import": 27656, "export": 0, "id": "CN"}, {"import": 0, "export": 0, "id": "LK"}, {"import": 625, "export": 0, "id": "TH"}, {"import": 0, "export": 0, "id": "IN"}, {"import": 0, "export": 0, "id": "VN"}, {"import": 0, "export": 0, "id": "AU"}], "import": 28281, "export": 0}, {"date": "2019-02-01", "list": [{"import": 14792, "export": 0, "id": "CN"}, {"import": 5196, "export": 0, "id": "LK"}, {"import": 0, "export": 0, "id": "TH"}, {"import": 0, "export": 0, "id": "IN"}, {"import": 0, "export": 0, "id": "VN"}, {"import": 0, "export": 0, "id": "AU"}], "import": 19988, "export": 0}, {"date": "2019-03-01", "list": [{"import": 6024, "export": 0, "id": "CN"}, {"import": 4871, "export": 0, "id": "LK"}, {"import": 0, "export": 0, "id": "TH"}, {"import": 0, "export": 0, "id": "IN"}, {"import": 0, "export": 0, "id": "VN"}, {"import": 0, "export": 0, "id": "AU"}], "import": 10895, "export": 0}, {"date": "2019-04-01", "list": [{"import": 17835, "export": 0, "id": "CN"}, {"import": 0, "export": 0, "id": "LK"}, {"import": 0, "export": 0, "id": "TH"}, {"import": 0, "export": 0, "id": "IN"}, {"import": 0, "export": 0, "id": "VN"}, {"import": 0, "export": 0, "id": "AU"}], "import": 17835, "export": 0}, {"date": "2019-05-01", "list": [{"import": 36658, "export": 0, "id": "CN"}, {"import": 0, "export": 0, "id": "LK"}, {"import": 0, "export": 0, "id": "TH"}, {"import": 0, "export": 0, "id": "IN"}, {"import": 0, "export": 0, "id": "VN"}, {"import": 0, "export": 0, "id": "AU"}], "import": 36658, "export": 0}, {"date": "2019-06-01", "list": [{"import": 11698, "export": 0, "id": "CN"}, {"import": 1673, "export": 0, "id": "LK"}, {"import": 0, "export": 0, "id": "TH"}, {"import": 0, "export": 0, "id": "IN"}, {"import": 0, "export": 0, "id": "VN"}, {"import": 0, "export": 0, "id": "AU"}], "import": 13371, "export": 0}, {"date": "2019-07-01", "list": [{"import": 0, "export": 0, "id": "CN"}, {"import": 2616, "export": 0, "id": "LK"}, {"import": 2752, "export": 0, "id": "TH"}, {"import": 0, "export": 0, "id": "IN"}, {"import": 0, "export": 0, "id": "VN"}, {"import": 0, "export": 0, "id": "AU"}], "import": 5368, "export": 0}, {"date": "2019-08-01", "list": [{"import": 30548, "export": 0, "id": "CN"}, {"import": 0, "export": 0, "id": "LK"}, {"import": 0, "export": 0, "id": "TH"}, {"import": 4000, "export": 0, "id": "IN"}, {"import": 0, "export": 0, "id": "VN"}, {"import": 23111, "export": 0, "id": "AU"}], "import": 57659, "export": 0}, {"date": "2019-09-01", "list": [{"import": 13332, "export": 0, "id": "CN"}, {"import": 0, "export": 0, "id": "LK"}, {"import": 0, "export": 0, "id": "TH"}, {"import": 10994, "export": 0, "id": "IN"}, {"import": 0, "export": 0, "id": "VN"}, {"import": 0, "export": 0, "id": "AU"}], "import": 24326, "export": 0}, {"date": "2019-10-01", "list": [{"import": 13578, "export": 0, "id": "CN"}, {"import": 5059, "export": 0, "id": "LK"}, {"import": 4798, "export": 0, "id": "TH"}, {"import": 0, "export": 0, "id": "IN"}, {"import": 0, "export": 0, "id": "VN"}, {"import": 0, "export": 0, "id": "AU"}], "import": 23435, "export": 0}, {"date": "2019-11-01", "list": [{"import": 7619, "export": 0, "id": "CN"}, {"import": 3863, "export": 0, "id": "LK"}, {"import": 0, "export": 0, "id": "TH"}, {"import": 0, "export": 0, "id": "IN"}, {"import": 0, "export": 0, "id": "VN"}, {"import": 23594, "export": 0, "id": "AU"}], "import": 35076, "export": 0}, {"date": "2019-12-01", "list": [{"import": 12841, "export": 0, "id": "CN"}, {"import": 6323, "export": 0, "id": "LK"}, {"import": 0, "export": 0, "id": "TH"}, {"import": 0, "export": 0, "id": "IN"}, {"import": 0, "export": 0, "id": "VN"}, {"import": 0, "export": 0, "id": "AU"}], "import": 19164, "export": 0}, {"date": "2020-01-01", "list": [{"import": 30828, "export": 0, "id": "CN"}, {"import": 0, "export": 0, "id": "LK"}, {"import": 0, "export": 0, "id": "TH"}, {"import": 0, "export": 0, "id": "IN"}, {"import": 0, "export": 0, "id": "VN"}, {"import": 0, "export": 0, "id": "AU"}], "import": 30828, "export": 0}, {"date": "2020-02-01", "list": [{"import": 0, "export": 0, "id": "CN"}, {"import": 2877, "export": 0, "id": "LK"}, {"import": 927, "export": 0, "id": "TH"}, {"import": 0, "export": 0, "id": "IN"}, {"import": 0, "export": 0, "id": "VN"}, {"import": 0, "export": 0, "id": "AU"}], "import": 3804, "export": 0}, {"date": "2020-03-01", "list": [{"import": 22329, "export": 0, "id": "CN"}, {"import": 4472, "export": 0, "id": "LK"}, {"import": 0, "export": 0, "id": "TH"}, {"import": 0, "export": 0, "id": "IN"}, {"import": 1500, "export": 0, "id": "VN"}, {"import": 0, "export": 0, "id": "AU"}], "import": 28301, "export": 0}, {"date": "2020-04-01", "list": [{"import": 9203, "export": 0, "id": "CN"}, {"import": 0, "export": 0, "id": "LK"}, {"import": 3183, "export": 0, "id": "TH"}, {"import": 0, "export": 0, "id": "IN"}, {"import": 0, "export": 0, "id": "VN"}, {"import": 0, "export": 0, "id": "AU"}], "import": 12386, "export": 0}]