[{"date": "2018-11-01", "list": [{"import": 220181, "export": 0, "id": "IT"}, {"import": 116097, "export": 1207, "id": "DE"}, {"import": 15477, "export": 4059, "id": "PL"}, {"import": 26565, "export": 0, "id": "NL"}, {"import": 10685, "export": 0, "id": "GB"}, {"import": 0, "export": 0, "id": "BE"}, {"import": 0, "export": 0, "id": "PK"}, {"import": 22643, "export": 16631, "id": "SK"}, {"import": 0, "export": 0, "id": "VN"}, {"import": 0, "export": 0, "id": "SI"}, {"import": 7000, "export": 0, "id": "TH"}, {"import": 0, "export": 0, "id": "JP"}, {"import": 0, "export": 0, "id": "LT"}, {"import": 0, "export": 0, "id": "KH"}, {"import": 0, "export": 0, "id": "DK"}, {"import": 10880, "export": 0, "id": "FR"}, {"import": 0, "export": 0, "id": "GR"}, {"import": 0, "export": 19094, "id": "HU"}, {"import": 69, "export": 0, "id": "AT"}, {"import": 0, "export": 0, "id": "PT"}, {"import": 0, "export": 0, "id": "RO"}, {"import": 0, "export": 1055, "id": "NO"}, {"import": 0, "export": 0, "id": "LV"}, {"import": 0, "export": 0, "id": "BG"}, {"import": 0, "export": 0, "id": "HR"}], "import": 429597, "export": 42046}, {"date": "2018-12-01", "list": [{"import": 219388, "export": 1, "id": "IT"}, {"import": 60387, "export": 88, "id": "DE"}, {"import": 14290, "export": 2692, "id": "PL"}, {"import": 3441, "export": 0, "id": "NL"}, {"import": 418, "export": 0, "id": "GB"}, {"import": 0, "export": 0, "id": "BE"}, {"import": 0, "export": 0, "id": "PK"}, {"import": 4600, "export": 17064, "id": "SK"}, {"import": 0, "export": 0, "id": "VN"}, {"import": 0, "export": 0, "id": "SI"}, {"import": 18001, "export": 0, "id": "TH"}, {"import": 0, "export": 0, "id": "JP"}, {"import": 5000, "export": 3, "id": "LT"}, {"import": 0, "export": 0, "id": "KH"}, {"import": 0, "export": 0, "id": "DK"}, {"import": 0, "export": 0, "id": "FR"}, {"import": 0, "export": 0, "id": "GR"}, {"import": 0, "export": 31547, "id": "HU"}, {"import": 200, "export": 6, "id": "AT"}, {"import": 0, "export": 0, "id": "PT"}, {"import": 0, "export": 0, "id": "RO"}, {"import": 0, "export": 3770, "id": "NO"}, {"import": 0, "export": 94, "id": "LV"}, {"import": 0, "export": 0, "id": "BG"}, {"import": 0, "export": 0, "id": "HR"}], "import": 325725, "export": 55265}, {"date": "2019-01-01", "list": [{"import": 197240, "export": 0, "id": "IT"}, {"import": 123625, "export": 135156, "id": "DE"}, {"import": 22166, "export": 8859, "id": "PL"}, {"import": 7466, "export": 0, "id": "NL"}, {"import": 11276, "export": 0, "id": "GB"}, {"import": 0, "export": 0, "id": "BE"}, {"import": 25000, "export": 0, "id": "PK"}, {"import": 16501, "export": 25056, "id": "SK"}, {"import": 0, "export": 0, "id": "VN"}, {"import": 0, "export": 0, "id": "SI"}, {"import": 0, "export": 0, "id": "TH"}, {"import": 0, "export": 0, "id": "JP"}, {"import": 0, "export": 0, "id": "LT"}, {"import": 0, "export": 0, "id": "KH"}, {"import": 0, "export": 0, "id": "DK"}, {"import": 0, "export": 0, "id": "FR"}, {"import": 0, "export": 0, "id": "GR"}, {"import": 0, "export": 9825, "id": "HU"}, {"import": 0, "export": 0, "id": "AT"}, {"import": 0, "export": 0, "id": "PT"}, {"import": 0, "export": 0, "id": "RO"}, {"import": 0, "export": 0, "id": "NO"}, {"import": 0, "export": 0, "id": "LV"}, {"import": 0, "export": 0, "id": "BG"}, {"import": 0, "export": 525, "id": "HR"}], "import": 403274, "export": 179421}, {"date": "2019-02-01", "list": [{"import": 189017, "export": 0, "id": "IT"}, {"import": 118746, "export": 2417, "id": "DE"}, {"import": 26058, "export": 4800, "id": "PL"}, {"import": 7796, "export": 0, "id": "NL"}, {"import": 412, "export": 0, "id": "GB"}, {"import": 0, "export": 0, "id": "BE"}, {"import": 0, "export": 0, "id": "PK"}, {"import": 4210, "export": 28018, "id": "SK"}, {"import": 0, "export": 0, "id": "VN"}, {"import": 3840, "export": 0, "id": "SI"}, {"import": 2400, "export": 0, "id": "TH"}, {"import": 0, "export": 0, "id": "JP"}, {"import": 7011, "export": 3, "id": "LT"}, {"import": 0, "export": 0, "id": "KH"}, {"import": 21450, "export": 0, "id": "DK"}, {"import": 0, "export": 0, "id": "FR"}, {"import": 0, "export": 0, "id": "GR"}, {"import": 0, "export": 8715, "id": "HU"}, {"import": 0, "export": 0, "id": "AT"}, {"import": 0, "export": 0, "id": "PT"}, {"import": 0, "export": 371, "id": "RO"}, {"import": 0, "export": 6784, "id": "NO"}, {"import": 0, "export": 0, "id": "LV"}, {"import": 0, "export": 0, "id": "BG"}, {"import": 0, "export": 0, "id": "HR"}], "import": 380940, "export": 51108}, {"date": "2019-03-01", "list": [{"import": 314651, "export": 13, "id": "IT"}, {"import": 124728, "export": 47467, "id": "DE"}, {"import": 19695, "export": 8284, "id": "PL"}, {"import": 4275, "export": 0, "id": "NL"}, {"import": 1354, "export": 0, "id": "GB"}, {"import": 0, "export": 0, "id": "BE"}, {"import": 0, "export": 0, "id": "PK"}, {"import": 4925, "export": 34618, "id": "SK"}, {"import": 0, "export": 0, "id": "VN"}, {"import": 0, "export": 0, "id": "SI"}, {"import": 0, "export": 0, "id": "TH"}, {"import": 0, "export": 0, "id": "JP"}, {"import": 0, "export": 0, "id": "LT"}, {"import": 0, "export": 0, "id": "KH"}, {"import": 20625, "export": 0, "id": "DK"}, {"import": 0, "export": 0, "id": "FR"}, {"import": 16695, "export": 0, "id": "GR"}, {"import": 0, "export": 9423, "id": "HU"}, {"import": 0, "export": 0, "id": "AT"}, {"import": 0, "export": 0, "id": "PT"}, {"import": 0, "export": 0, "id": "RO"}, {"import": 0, "export": 0, "id": "NO"}, {"import": 0, "export": 0, "id": "LV"}, {"import": 0, "export": 0, "id": "BG"}, {"import": 0, "export": 0, "id": "HR"}], "import": 506948, "export": 99805}, {"date": "2019-04-01", "list": [{"import": 289960, "export": 0, "id": "IT"}, {"import": 90185, "export": 6948, "id": "DE"}, {"import": 30097, "export": 7714, "id": "PL"}, {"import": 5617, "export": 0, "id": "NL"}, {"import": 912, "export": 0, "id": "GB"}, {"import": 0, "export": 0, "id": "BE"}, {"import": 0, "export": 0, "id": "PK"}, {"import": 27307, "export": 27931, "id": "SK"}, {"import": 0, "export": 0, "id": "VN"}, {"import": 1920, "export": 0, "id": "SI"}, {"import": 0, "export": 0, "id": "TH"}, {"import": 0, "export": 0, "id": "JP"}, {"import": 0, "export": 0, "id": "LT"}, {"import": 0, "export": 0, "id": "KH"}, {"import": 0, "export": 0, "id": "DK"}, {"import": 0, "export": 0, "id": "FR"}, {"import": 13107, "export": 0, "id": "GR"}, {"import": 0, "export": 10176, "id": "HU"}, {"import": 140, "export": 10, "id": "AT"}, {"import": 0, "export": 0, "id": "PT"}, {"import": 0, "export": 0, "id": "RO"}, {"import": 0, "export": 4301, "id": "NO"}, {"import": 0, "export": 0, "id": "LV"}, {"import": 0, "export": 0, "id": "BG"}, {"import": 0, "export": 0, "id": "HR"}], "import": 459245, "export": 57080}, {"date": "2019-05-01", "list": [{"import": 284723, "export": 0, "id": "IT"}, {"import": 47503, "export": 45445, "id": "DE"}, {"import": 24162, "export": 30477, "id": "PL"}, {"import": 5445, "export": 0, "id": "NL"}, {"import": 7352, "export": 0, "id": "GB"}, {"import": 0, "export": 0, "id": "BE"}, {"import": 0, "export": 0, "id": "PK"}, {"import": 22213, "export": 19227, "id": "SK"}, {"import": 0, "export": 0, "id": "VN"}, {"import": 0, "export": 0, "id": "SI"}, {"import": 0, "export": 0, "id": "TH"}, {"import": 0, "export": 0, "id": "JP"}, {"import": 0, "export": 0, "id": "LT"}, {"import": 0, "export": 0, "id": "KH"}, {"import": 0, "export": 0, "id": "DK"}, {"import": 0, "export": 0, "id": "FR"}, {"import": 2974, "export": 0, "id": "GR"}, {"import": 0, "export": 10272, "id": "HU"}, {"import": 0, "export": 0, "id": "AT"}, {"import": 0, "export": 0, "id": "PT"}, {"import": 15000, "export": 882, "id": "RO"}, {"import": 0, "export": 0, "id": "NO"}, {"import": 0, "export": 0, "id": "LV"}, {"import": 0, "export": 350, "id": "BG"}, {"import": 0, "export": 0, "id": "HR"}], "import": 409372, "export": 106653}, {"date": "2019-06-01", "list": [{"import": 321785, "export": 10, "id": "IT"}, {"import": 66359, "export": 22600, "id": "DE"}, {"import": 35479, "export": 7299, "id": "PL"}, {"import": 3464, "export": 0, "id": "NL"}, {"import": 4981, "export": 0, "id": "GB"}, {"import": 0, "export": 0, "id": "BE"}, {"import": 0, "export": 0, "id": "PK"}, {"import": 5003, "export": 10460, "id": "SK"}, {"import": 0, "export": 0, "id": "VN"}, {"import": 0, "export": 0, "id": "SI"}, {"import": 0, "export": 0, "id": "TH"}, {"import": 0, "export": 0, "id": "JP"}, {"import": 0, "export": 0, "id": "LT"}, {"import": 0, "export": 0, "id": "KH"}, {"import": 0, "export": 0, "id": "DK"}, {"import": 10000, "export": 0, "id": "FR"}, {"import": 5530, "export": 0, "id": "GR"}, {"import": 0, "export": 5490, "id": "HU"}, {"import": 1098, "export": 50, "id": "AT"}, {"import": 0, "export": 0, "id": "PT"}, {"import": 0, "export": 448, "id": "RO"}, {"import": 0, "export": 0, "id": "NO"}, {"import": 0, "export": 104, "id": "LV"}, {"import": 0, "export": 0, "id": "BG"}, {"import": 0, "export": 0, "id": "HR"}], "import": 453699, "export": 46461}, {"date": "2019-07-01", "list": [{"import": 297529, "export": 0, "id": "IT"}, {"import": 33699, "export": 9030, "id": "DE"}, {"import": 30326, "export": 9401, "id": "PL"}, {"import": 5658, "export": 0, "id": "NL"}, {"import": 901, "export": 0, "id": "GB"}, {"import": 0, "export": 0, "id": "BE"}, {"import": 25000, "export": 0, "id": "PK"}, {"import": 3346, "export": 23199, "id": "SK"}, {"import": 0, "export": 0, "id": "VN"}, {"import": 0, "export": 0, "id": "SI"}, {"import": 0, "export": 0, "id": "TH"}, {"import": 0, "export": 0, "id": "JP"}, {"import": 0, "export": 0, "id": "LT"}, {"import": 0, "export": 0, "id": "KH"}, {"import": 0, "export": 0, "id": "DK"}, {"import": 0, "export": 0, "id": "FR"}, {"import": 11044, "export": 0, "id": "GR"}, {"import": 0, "export": 15460, "id": "HU"}, {"import": 16942, "export": 30, "id": "AT"}, {"import": 0, "export": 0, "id": "PT"}, {"import": 0, "export": 0, "id": "RO"}, {"import": 0, "export": 1499, "id": "NO"}, {"import": 0, "export": 75, "id": "LV"}, {"import": 0, "export": 1590, "id": "BG"}, {"import": 0, "export": 0, "id": "HR"}], "import": 424445, "export": 60284}, {"date": "2019-08-01", "list": [{"import": 196787, "export": 13, "id": "IT"}, {"import": 58462, "export": 45030, "id": "DE"}, {"import": 26474, "export": 7992, "id": "PL"}, {"import": 2126, "export": 0, "id": "NL"}, {"import": 5469, "export": 0, "id": "GB"}, {"import": 0, "export": 0, "id": "BE"}, {"import": 0, "export": 0, "id": "PK"}, {"import": 900, "export": 9132, "id": "SK"}, {"import": 0, "export": 0, "id": "VN"}, {"import": 0, "export": 0, "id": "SI"}, {"import": 18000, "export": 0, "id": "TH"}, {"import": 0, "export": 0, "id": "JP"}, {"import": 0, "export": 0, "id": "LT"}, {"import": 0, "export": 0, "id": "KH"}, {"import": 0, "export": 0, "id": "DK"}, {"import": 0, "export": 0, "id": "FR"}, {"import": 0, "export": 0, "id": "GR"}, {"import": 0, "export": 3696, "id": "HU"}, {"import": 998, "export": 35, "id": "AT"}, {"import": 0, "export": 0, "id": "PT"}, {"import": 0, "export": 0, "id": "RO"}, {"import": 0, "export": 1626, "id": "NO"}, {"import": 0, "export": 0, "id": "LV"}, {"import": 0, "export": 0, "id": "BG"}, {"import": 0, "export": 0, "id": "HR"}], "import": 309216, "export": 67524}, {"date": "2019-09-01", "list": [{"import": 227379, "export": 24003, "id": "IT"}, {"import": 11250, "export": 22511, "id": "DE"}, {"import": 46939, "export": 9942, "id": "PL"}, {"import": 6283, "export": 0, "id": "NL"}, {"import": 3020, "export": 5, "id": "GB"}, {"import": 0, "export": 0, "id": "BE"}, {"import": 0, "export": 0, "id": "PK"}, {"import": 4360, "export": 12950, "id": "SK"}, {"import": 0, "export": 0, "id": "VN"}, {"import": 0, "export": 0, "id": "SI"}, {"import": 0, "export": 0, "id": "TH"}, {"import": 0, "export": 0, "id": "JP"}, {"import": 0, "export": 0, "id": "LT"}, {"import": 0, "export": 0, "id": "KH"}, {"import": 0, "export": 0, "id": "DK"}, {"import": 0, "export": 0, "id": "FR"}, {"import": 0, "export": 0, "id": "GR"}, {"import": 0, "export": 13980, "id": "HU"}, {"import": 5959, "export": 5, "id": "AT"}, {"import": 3774, "export": 0, "id": "PT"}, {"import": 0, "export": 0, "id": "RO"}, {"import": 0, "export": 5141, "id": "NO"}, {"import": 0, "export": 0, "id": "LV"}, {"import": 0, "export": 0, "id": "BG"}, {"import": 0, "export": 0, "id": "HR"}], "import": 308964, "export": 88537}, {"date": "2019-10-01", "list": [{"import": 327132, "export": 4999, "id": "IT"}, {"import": 100037, "export": 90800, "id": "DE"}, {"import": 15648, "export": 31780, "id": "PL"}, {"import": 14597, "export": 0, "id": "NL"}, {"import": 4939, "export": 0, "id": "GB"}, {"import": 0, "export": 0, "id": "BE"}, {"import": 0, "export": 0, "id": "PK"}, {"import": 3225, "export": 18717, "id": "SK"}, {"import": 0, "export": 0, "id": "VN"}, {"import": 0, "export": 0, "id": "SI"}, {"import": 0, "export": 0, "id": "TH"}, {"import": 0, "export": 0, "id": "JP"}, {"import": 0, "export": 0, "id": "LT"}, {"import": 0, "export": 0, "id": "KH"}, {"import": 0, "export": 0, "id": "DK"}, {"import": 0, "export": 0, "id": "FR"}, {"import": 34000, "export": 0, "id": "GR"}, {"import": 0, "export": 20472, "id": "HU"}, {"import": 1980, "export": 21, "id": "AT"}, {"import": 0, "export": 0, "id": "PT"}, {"import": 0, "export": 364, "id": "RO"}, {"import": 0, "export": 0, "id": "NO"}, {"import": 0, "export": 0, "id": "LV"}, {"import": 0, "export": 0, "id": "BG"}, {"import": 0, "export": 0, "id": "HR"}], "import": 501558, "export": 167153}, {"date": "2019-11-01", "list": [{"import": 229860, "export": 24000, "id": "IT"}, {"import": 84404, "export": 35, "id": "DE"}, {"import": 41748, "export": 31506, "id": "PL"}, {"import": 8289, "export": 0, "id": "NL"}, {"import": 3113, "export": 0, "id": "GB"}, {"import": 0, "export": 0, "id": "BE"}, {"import": 0, "export": 0, "id": "PK"}, {"import": 4046, "export": 19782, "id": "SK"}, {"import": 0, "export": 0, "id": "VN"}, {"import": 0, "export": 0, "id": "SI"}, {"import": 0, "export": 0, "id": "TH"}, {"import": 0, "export": 0, "id": "JP"}, {"import": 2000, "export": 0, "id": "LT"}, {"import": 0, "export": 0, "id": "KH"}, {"import": 0, "export": 0, "id": "DK"}, {"import": 0, "export": 0, "id": "FR"}, {"import": 0, "export": 0, "id": "GR"}, {"import": 105, "export": 10104, "id": "HU"}, {"import": 14293, "export": 38, "id": "AT"}, {"import": 0, "export": 0, "id": "PT"}, {"import": 0, "export": 1656, "id": "RO"}, {"import": 0, "export": 2896, "id": "NO"}, {"import": 0, "export": 0, "id": "LV"}, {"import": 0, "export": 0, "id": "BG"}, {"import": 0, "export": 0, "id": "HR"}], "import": 387858, "export": 90017}, {"date": "2019-12-01", "list": [{"import": 217433, "export": 3, "id": "IT"}, {"import": 60498, "export": 30520, "id": "DE"}, {"import": 43915, "export": 10849, "id": "PL"}, {"import": 4427, "export": 0, "id": "NL"}, {"import": 666, "export": 10, "id": "GB"}, {"import": 0, "export": 0, "id": "BE"}, {"import": 25001, "export": 0, "id": "PK"}, {"import": 3827, "export": 11465, "id": "SK"}, {"import": 0, "export": 0, "id": "VN"}, {"import": 0, "export": 0, "id": "SI"}, {"import": 4200, "export": 0, "id": "TH"}, {"import": 0, "export": 0, "id": "JP"}, {"import": 0, "export": 0, "id": "LT"}, {"import": 0, "export": 0, "id": "KH"}, {"import": 0, "export": 0, "id": "DK"}, {"import": 0, "export": 0, "id": "FR"}, {"import": 0, "export": 0, "id": "GR"}, {"import": 0, "export": 5088, "id": "HU"}, {"import": 26305, "export": 10, "id": "AT"}, {"import": 0, "export": 0, "id": "PT"}, {"import": 0, "export": 2945, "id": "RO"}, {"import": 0, "export": 0, "id": "NO"}, {"import": 0, "export": 0, "id": "LV"}, {"import": 0, "export": 0, "id": "BG"}, {"import": 0, "export": 643, "id": "HR"}], "import": 386272, "export": 61533}, {"date": "2020-01-01", "list": [{"import": 304335, "export": 0, "id": "IT"}, {"import": 75641, "export": 71520, "id": "DE"}, {"import": 32845, "export": 11506, "id": "PL"}, {"import": 3462, "export": 0, "id": "NL"}, {"import": 239, "export": 10, "id": "GB"}, {"import": 0, "export": 0, "id": "BE"}, {"import": 0, "export": 0, "id": "PK"}, {"import": 3200, "export": 14549, "id": "SK"}, {"import": 2040, "export": 0, "id": "VN"}, {"import": 0, "export": 0, "id": "SI"}, {"import": 6000, "export": 0, "id": "TH"}, {"import": 0, "export": 0, "id": "JP"}, {"import": 0, "export": 0, "id": "LT"}, {"import": 0, "export": 0, "id": "KH"}, {"import": 0, "export": 0, "id": "DK"}, {"import": 0, "export": 0, "id": "FR"}, {"import": 0, "export": 0, "id": "GR"}, {"import": 0, "export": 9588, "id": "HU"}, {"import": 3600, "export": 15, "id": "AT"}, {"import": 0, "export": 0, "id": "PT"}, {"import": 0, "export": 0, "id": "RO"}, {"import": 0, "export": 3404, "id": "NO"}, {"import": 0, "export": 0, "id": "LV"}, {"import": 0, "export": 0, "id": "BG"}, {"import": 0, "export": 0, "id": "HR"}], "import": 431362, "export": 110592}, {"date": "2020-02-01", "list": [{"import": 207226, "export": 0, "id": "IT"}, {"import": 56159, "export": 22590, "id": "DE"}, {"import": 23067, "export": 19796, "id": "PL"}, {"import": 4763, "export": 0, "id": "NL"}, {"import": 5513, "export": 15, "id": "GB"}, {"import": 0, "export": 0, "id": "BE"}, {"import": 25000, "export": 0, "id": "PK"}, {"import": 3962, "export": 24525, "id": "SK"}, {"import": 0, "export": 0, "id": "VN"}, {"import": 0, "export": 0, "id": "SI"}, {"import": 0, "export": 0, "id": "TH"}, {"import": 300, "export": 0, "id": "JP"}, {"import": 0, "export": 0, "id": "LT"}, {"import": 0, "export": 0, "id": "KH"}, {"import": 0, "export": 0, "id": "DK"}, {"import": 0, "export": 0, "id": "FR"}, {"import": 0, "export": 0, "id": "GR"}, {"import": 0, "export": 14940, "id": "HU"}, {"import": 0, "export": 0, "id": "AT"}, {"import": 0, "export": 0, "id": "PT"}, {"import": 0, "export": 882, "id": "RO"}, {"import": 0, "export": 1942, "id": "NO"}, {"import": 0, "export": 0, "id": "LV"}, {"import": 0, "export": 0, "id": "BG"}, {"import": 0, "export": 510, "id": "HR"}], "import": 325990, "export": 85200}, {"date": "2020-03-01", "list": [{"import": 491703, "export": 0, "id": "IT"}, {"import": 106816, "export": 45020, "id": "DE"}, {"import": 88367, "export": 5444, "id": "PL"}, {"import": 29705, "export": 0, "id": "NL"}, {"import": 13280, "export": 0, "id": "GB"}, {"import": 0, "export": 0, "id": "BE"}, {"import": 0, "export": 0, "id": "PK"}, {"import": 7381, "export": 28734, "id": "SK"}, {"import": 0, "export": 0, "id": "VN"}, {"import": 0, "export": 0, "id": "SI"}, {"import": 0, "export": 0, "id": "TH"}, {"import": 0, "export": 0, "id": "JP"}, {"import": 14, "export": 25, "id": "LT"}, {"import": 0, "export": 0, "id": "KH"}, {"import": 0, "export": 0, "id": "DK"}, {"import": 0, "export": 0, "id": "FR"}, {"import": 0, "export": 0, "id": "GR"}, {"import": 0, "export": 23036, "id": "HU"}, {"import": 0, "export": 0, "id": "AT"}, {"import": 0, "export": 0, "id": "PT"}, {"import": 0, "export": 0, "id": "RO"}, {"import": 0, "export": 6475, "id": "NO"}, {"import": 0, "export": 146, "id": "LV"}, {"import": 0, "export": 0, "id": "BG"}, {"import": 0, "export": 0, "id": "HR"}], "import": 737266, "export": 108880}, {"date": "2020-04-01", "list": [{"import": 265428, "export": 128, "id": "IT"}, {"import": 62581, "export": 14, "id": "DE"}, {"import": 6470, "export": 4123, "id": "PL"}, {"import": 11999, "export": 0, "id": "NL"}, {"import": 9395, "export": 0, "id": "GB"}, {"import": 0, "export": 0, "id": "BE"}, {"import": 0, "export": 0, "id": "PK"}, {"import": 15400, "export": 13544, "id": "SK"}, {"import": 0, "export": 0, "id": "VN"}, {"import": 0, "export": 0, "id": "SI"}, {"import": 19500, "export": 0, "id": "TH"}, {"import": 0, "export": 0, "id": "JP"}, {"import": 4000, "export": 31, "id": "LT"}, {"import": 0, "export": 0, "id": "KH"}, {"import": 0, "export": 0, "id": "DK"}, {"import": 0, "export": 0, "id": "FR"}, {"import": 0, "export": 0, "id": "GR"}, {"import": 0, "export": 4164, "id": "HU"}, {"import": 0, "export": 0, "id": "AT"}, {"import": 0, "export": 0, "id": "PT"}, {"import": 0, "export": 882, "id": "RO"}, {"import": 0, "export": 0, "id": "NO"}, {"import": 0, "export": 0, "id": "LV"}, {"import": 0, "export": 735, "id": "BG"}, {"import": 0, "export": 0, "id": "HR"}], "import": 394773, "export": 23621}]