[{"date": "2018-12-01", "list": [{"import": 0, "export": 0, "id": "US"}, {"import": 0, "export": 0, "id": "GT"}], "import": 0, "export": 0}, {"date": "2019-01-01", "list": [{"import": 329976, "export": 0, "id": "US"}, {"import": 0, "export": 0, "id": "GT"}], "import": 329976, "export": 0}, {"date": "2019-02-01", "list": [{"import": 0, "export": 0, "id": "US"}, {"import": 0, "export": 0, "id": "GT"}], "import": 0, "export": 0}, {"date": "2019-03-01", "list": [{"import": 0, "export": 0, "id": "US"}, {"import": 0, "export": 0, "id": "GT"}], "import": 0, "export": 0}, {"date": "2019-04-01", "list": [{"import": 0, "export": 0, "id": "US"}, {"import": 0, "export": 0, "id": "GT"}], "import": 0, "export": 0}, {"date": "2019-05-01", "list": [{"import": 0, "export": 0, "id": "US"}, {"import": 0, "export": 0, "id": "GT"}], "import": 0, "export": 0}, {"date": "2019-06-01", "list": [{"import": 0, "export": 0, "id": "US"}, {"import": 0, "export": 0, "id": "GT"}], "import": 0, "export": 0}, {"date": "2019-07-01", "list": [{"import": 0, "export": 0, "id": "US"}, {"import": 0, "export": 0, "id": "GT"}], "import": 0, "export": 0}, {"date": "2019-08-01", "list": [{"import": 502, "export": 0, "id": "US"}, {"import": 0, "export": 0, "id": "GT"}], "import": 502, "export": 0}, {"date": "2019-09-01", "list": [{"import": 0, "export": 0, "id": "US"}, {"import": 0, "export": 0, "id": "GT"}], "import": 0, "export": 0}, {"date": "2019-10-01", "list": [{"import": 0, "export": 0, "id": "US"}, {"import": 0, "export": 0, "id": "GT"}], "import": 0, "export": 0}, {"date": "2019-11-01", "list": [{"import": 0, "export": 0, "id": "US"}, {"import": 0, "export": 0, "id": "GT"}], "import": 0, "export": 0}, {"date": "2019-12-01", "list": [{"import": 48996, "export": 0, "id": "US"}, {"import": 0, "export": 0, "id": "GT"}], "import": 48996, "export": 0}, {"date": "2020-01-01", "list": [{"import": 0, "export": 0, "id": "US"}, {"import": 0, "export": 0, "id": "GT"}], "import": 0, "export": 0}, {"date": "2020-02-01", "list": [{"import": 0, "export": 0, "id": "US"}, {"import": 0, "export": 0, "id": "GT"}], "import": 0, "export": 0}, {"date": "2020-03-01", "list": [{"import": 0, "export": 0, "id": "US"}, {"import": 0, "export": 55000, "id": "GT"}], "import": 0, "export": 55000}, {"date": "2020-04-01", "list": [{"import": 0, "export": 0, "id": "US"}, {"import": 0, "export": 0, "id": "GT"}], "import": 0, "export": 0}, {"date": "2020-05-01", "list": [{"import": 0, "export": 0, "id": "US"}, {"import": 0, "export": 0, "id": "GT"}], "import": 0, "export": 0}]