[{"date": "2018-05-01", "list": [{"import": 0, "export": 0, "id": "BE"}, {"import": 0, "export": 0, "id": "FR"}, {"import": 239600, "export": 0, "id": "IT"}, {"import": 44000, "export": 0, "id": "ES"}], "import": 283600, "export": 0}, {"date": "2018-06-01", "list": [{"import": 0, "export": 0, "id": "BE"}, {"import": 0, "export": 0, "id": "FR"}, {"import": 0, "export": 0, "id": "IT"}, {"import": 0, "export": 0, "id": "ES"}], "import": 0, "export": 0}, {"date": "2018-07-01", "list": [{"import": 0, "export": 0, "id": "BE"}, {"import": 0, "export": 0, "id": "FR"}, {"import": 0, "export": 0, "id": "IT"}, {"import": 0, "export": 0, "id": "ES"}], "import": 0, "export": 0}, {"date": "2018-08-01", "list": [{"import": 0, "export": 0, "id": "BE"}, {"import": 0, "export": 0, "id": "FR"}, {"import": 0, "export": 0, "id": "IT"}, {"import": 0, "export": 0, "id": "ES"}], "import": 0, "export": 0}, {"date": "2018-09-01", "list": [{"import": 0, "export": 0, "id": "BE"}, {"import": 0, "export": 0, "id": "FR"}, {"import": 0, "export": 0, "id": "IT"}, {"import": 0, "export": 0, "id": "ES"}], "import": 0, "export": 0}, {"date": "2018-10-01", "list": [{"import": 0, "export": 0, "id": "BE"}, {"import": 0, "export": 0, "id": "FR"}, {"import": 0, "export": 0, "id": "IT"}, {"import": 0, "export": 0, "id": "ES"}], "import": 0, "export": 0}, {"date": "2018-11-01", "list": [{"import": 0, "export": 0, "id": "BE"}, {"import": 0, "export": 0, "id": "FR"}, {"import": 0, "export": 0, "id": "IT"}, {"import": 0, "export": 0, "id": "ES"}], "import": 0, "export": 0}, {"date": "2018-12-01", "list": [{"import": 0, "export": 0, "id": "BE"}, {"import": 0, "export": 0, "id": "FR"}, {"import": 0, "export": 0, "id": "IT"}, {"import": 0, "export": 0, "id": "ES"}], "import": 0, "export": 0}, {"date": "2019-01-01", "list": [{"import": 0, "export": 0, "id": "BE"}, {"import": 0, "export": 0, "id": "FR"}, {"import": 0, "export": 0, "id": "IT"}, {"import": 0, "export": 0, "id": "ES"}], "import": 0, "export": 0}, {"date": "2019-02-01", "list": [{"import": 1060, "export": 0, "id": "BE"}, {"import": 0, "export": 0, "id": "FR"}, {"import": 0, "export": 0, "id": "IT"}, {"import": 0, "export": 0, "id": "ES"}], "import": 1060, "export": 0}, {"date": "2019-03-01", "list": [{"import": 0, "export": 0, "id": "BE"}, {"import": 0, "export": 0, "id": "FR"}, {"import": 125025, "export": 0, "id": "IT"}, {"import": 0, "export": 0, "id": "ES"}], "import": 125025, "export": 0}, {"date": "2019-04-01", "list": [{"import": 0, "export": 0, "id": "BE"}, {"import": 0, "export": 0, "id": "FR"}, {"import": 908300, "export": 0, "id": "IT"}, {"import": 247500, "export": 0, "id": "ES"}], "import": 1155800, "export": 0}, {"date": "2019-05-01", "list": [{"import": 0, "export": 0, "id": "BE"}, {"import": 0, "export": 0, "id": "FR"}, {"import": 550800, "export": 0, "id": "IT"}, {"import": 208000, "export": 0, "id": "ES"}], "import": 758800, "export": 0}, {"date": "2019-06-01", "list": [{"import": 0, "export": 0, "id": "BE"}, {"import": 840, "export": 0, "id": "FR"}, {"import": 0, "export": 0, "id": "IT"}, {"import": 0, "export": 0, "id": "ES"}], "import": 840, "export": 0}, {"date": "2019-07-01", "list": [{"import": 0, "export": 0, "id": "BE"}, {"import": 812, "export": 0, "id": "FR"}, {"import": 0, "export": 0, "id": "IT"}, {"import": 0, "export": 0, "id": "ES"}], "import": 812, "export": 0}, {"date": "2019-08-01", "list": [{"import": 0, "export": 0, "id": "BE"}, {"import": 0, "export": 0, "id": "FR"}, {"import": 0, "export": 0, "id": "IT"}, {"import": 0, "export": 0, "id": "ES"}], "import": 0, "export": 0}, {"date": "2019-09-01", "list": [{"import": 0, "export": 0, "id": "BE"}, {"import": 0, "export": 0, "id": "FR"}, {"import": 0, "export": 0, "id": "IT"}, {"import": 0, "export": 0, "id": "ES"}], "import": 0, "export": 0}, {"date": "2019-10-01", "list": [{"import": 980, "export": 0, "id": "BE"}, {"import": 0, "export": 0, "id": "FR"}, {"import": 0, "export": 0, "id": "IT"}, {"import": 0, "export": 0, "id": "ES"}], "import": 980, "export": 0}, {"date": "2019-11-01", "list": [{"import": 980, "export": 0, "id": "BE"}, {"import": 0, "export": 0, "id": "FR"}, {"import": 0, "export": 0, "id": "IT"}, {"import": 0, "export": 0, "id": "ES"}], "import": 980, "export": 0}, {"date": "2019-12-01", "list": [{"import": 840, "export": 0, "id": "BE"}, {"import": 0, "export": 0, "id": "FR"}, {"import": 0, "export": 0, "id": "IT"}, {"import": 0, "export": 0, "id": "ES"}], "import": 840, "export": 0}]