[{"date": "2018-12-01", "list": [{"import": 25000, "export": 0, "id": "TH"}, {"import": 0, "export": 0, "id": "CN"}, {"import": 62500, "export": 0, "id": "IN"}, {"import": 0, "export": 0, "id": "IT"}, {"import": 0, "export": 0, "id": "JP"}, {"import": 720, "export": 0, "id": "KR"}, {"import": 0, "export": 0, "id": "TW"}, {"import": 0, "export": 2038, "id": "MZ"}, {"import": 0, "export": 0, "id": "PK"}, {"import": 350, "export": 0, "id": "GR"}, {"import": 0, "export": 0, "id": "AU"}, {"import": 0, "export": 0, "id": "BD"}, {"import": 0, "export": 0, "id": "AE"}, {"import": 5094, "export": 0, "id": "US"}, {"import": 0, "export": 30789, "id": "SZ"}, {"import": 0, "export": 52983, "id": "NA"}, {"import": 0, "export": 0, "id": "ZW"}, {"import": 0, "export": 802, "id": "BW"}, {"import": 0, "export": 9061, "id": "ZM"}, {"import": 0, "export": 0, "id": "CD"}, {"import": 0, "export": 35552, "id": "LS"}, {"import": 0, "export": 0, "id": "MW"}, {"import": 0, "export": 0, "id": "QA"}], "import": 93664, "export": 131225}, {"date": "2019-01-01", "list": [{"import": 0, "export": 0, "id": "TH"}, {"import": 0, "export": 0, "id": "CN"}, {"import": 822, "export": 0, "id": "IN"}, {"import": 747, "export": 0, "id": "IT"}, {"import": 0, "export": 0, "id": "JP"}, {"import": 120, "export": 0, "id": "KR"}, {"import": 0, "export": 0, "id": "TW"}, {"import": 0, "export": 599, "id": "MZ"}, {"import": 0, "export": 0, "id": "PK"}, {"import": 0, "export": 0, "id": "GR"}, {"import": 9000, "export": 0, "id": "AU"}, {"import": 0, "export": 0, "id": "BD"}, {"import": 0, "export": 0, "id": "AE"}, {"import": 0, "export": 0, "id": "US"}, {"import": 0, "export": 9599, "id": "SZ"}, {"import": 0, "export": 757, "id": "NA"}, {"import": 0, "export": 0, "id": "ZW"}, {"import": 0, "export": 776, "id": "BW"}, {"import": 0, "export": 485, "id": "ZM"}, {"import": 0, "export": 48000, "id": "CD"}, {"import": 0, "export": 28786, "id": "LS"}, {"import": 0, "export": 0, "id": "MW"}, {"import": 0, "export": 0, "id": "QA"}], "import": 10689, "export": 89002}, {"date": "2019-02-01", "list": [{"import": 0, "export": 0, "id": "TH"}, {"import": 0, "export": 0, "id": "CN"}, {"import": 47140, "export": 0, "id": "IN"}, {"import": 0, "export": 0, "id": "IT"}, {"import": 0, "export": 0, "id": "JP"}, {"import": 0, "export": 0, "id": "KR"}, {"import": 0, "export": 0, "id": "TW"}, {"import": 0, "export": 1012, "id": "MZ"}, {"import": 1000, "export": 0, "id": "PK"}, {"import": 400, "export": 0, "id": "GR"}, {"import": 0, "export": 0, "id": "AU"}, {"import": 0, "export": 0, "id": "BD"}, {"import": 0, "export": 0, "id": "AE"}, {"import": 4056, "export": 0, "id": "US"}, {"import": 0, "export": 41301, "id": "SZ"}, {"import": 0, "export": 449, "id": "NA"}, {"import": 0, "export": 0, "id": "ZW"}, {"import": 0, "export": 631, "id": "BW"}, {"import": 0, "export": 1427, "id": "ZM"}, {"import": 0, "export": 0, "id": "CD"}, {"import": 0, "export": 1386, "id": "LS"}, {"import": 0, "export": 0, "id": "MW"}, {"import": 0, "export": 0, "id": "QA"}], "import": 52596, "export": 46206}, {"date": "2019-03-01", "list": [{"import": 52000, "export": 0, "id": "TH"}, {"import": 0, "export": 0, "id": "CN"}, {"import": 0, "export": 0, "id": "IN"}, {"import": 383, "export": 0, "id": "IT"}, {"import": 0, "export": 0, "id": "JP"}, {"import": 0, "export": 0, "id": "KR"}, {"import": 0, "export": 0, "id": "TW"}, {"import": 0, "export": 1337, "id": "MZ"}, {"import": 0, "export": 0, "id": "PK"}, {"import": 0, "export": 0, "id": "GR"}, {"import": 0, "export": 0, "id": "AU"}, {"import": 0, "export": 0, "id": "BD"}, {"import": 0, "export": 0, "id": "AE"}, {"import": 0, "export": 0, "id": "US"}, {"import": 0, "export": 142073, "id": "SZ"}, {"import": 0, "export": 117609, "id": "NA"}, {"import": 0, "export": 0, "id": "ZW"}, {"import": 0, "export": 33984, "id": "BW"}, {"import": 0, "export": 1369, "id": "ZM"}, {"import": 0, "export": 0, "id": "CD"}, {"import": 0, "export": 1535, "id": "LS"}, {"import": 0, "export": 1196, "id": "MW"}, {"import": 0, "export": 0, "id": "QA"}], "import": 52383, "export": 299103}, {"date": "2019-04-01", "list": [{"import": 0, "export": 0, "id": "TH"}, {"import": 0, "export": 0, "id": "CN"}, {"import": 1020, "export": 0, "id": "IN"}, {"import": 377, "export": 0, "id": "IT"}, {"import": 0, "export": 0, "id": "JP"}, {"import": 0, "export": 0, "id": "KR"}, {"import": 150, "export": 0, "id": "TW"}, {"import": 0, "export": 846, "id": "MZ"}, {"import": 850, "export": 0, "id": "PK"}, {"import": 0, "export": 0, "id": "GR"}, {"import": 0, "export": 0, "id": "AU"}, {"import": 0, "export": 0, "id": "BD"}, {"import": 0, "export": 0, "id": "AE"}, {"import": 0, "export": 0, "id": "US"}, {"import": 0, "export": 98335, "id": "SZ"}, {"import": 0, "export": 644, "id": "NA"}, {"import": 0, "export": 0, "id": "ZW"}, {"import": 0, "export": 583, "id": "BW"}, {"import": 0, "export": 1348, "id": "ZM"}, {"import": 0, "export": 0, "id": "CD"}, {"import": 0, "export": 309, "id": "LS"}, {"import": 0, "export": 0, "id": "MW"}, {"import": 0, "export": 0, "id": "QA"}], "import": 2397, "export": 102065}, {"date": "2019-05-01", "list": [{"import": 0, "export": 0, "id": "TH"}, {"import": 0, "export": 0, "id": "CN"}, {"import": 689, "export": 0, "id": "IN"}, {"import": 0, "export": 0, "id": "IT"}, {"import": 0, "export": 0, "id": "JP"}, {"import": 0, "export": 0, "id": "KR"}, {"import": 0, "export": 0, "id": "TW"}, {"import": 0, "export": 800, "id": "MZ"}, {"import": 0, "export": 0, "id": "PK"}, {"import": 0, "export": 0, "id": "GR"}, {"import": 0, "export": 0, "id": "AU"}, {"import": 0, "export": 0, "id": "BD"}, {"import": 0, "export": 0, "id": "AE"}, {"import": 0, "export": 0, "id": "US"}, {"import": 0, "export": 1687, "id": "SZ"}, {"import": 0, "export": 16811, "id": "NA"}, {"import": 0, "export": 0, "id": "ZW"}, {"import": 0, "export": 629, "id": "BW"}, {"import": 0, "export": 758, "id": "ZM"}, {"import": 0, "export": 0, "id": "CD"}, {"import": 0, "export": 0, "id": "LS"}, {"import": 0, "export": 517, "id": "MW"}, {"import": 0, "export": 0, "id": "QA"}], "import": 689, "export": 21202}, {"date": "2019-06-01", "list": [{"import": 426000, "export": 0, "id": "TH"}, {"import": 0, "export": 0, "id": "CN"}, {"import": 22000, "export": 0, "id": "IN"}, {"import": 0, "export": 0, "id": "IT"}, {"import": 101, "export": 0, "id": "JP"}, {"import": 0, "export": 0, "id": "KR"}, {"import": 20000, "export": 0, "id": "TW"}, {"import": 0, "export": 1908, "id": "MZ"}, {"import": 0, "export": 0, "id": "PK"}, {"import": 0, "export": 0, "id": "GR"}, {"import": 3000, "export": 0, "id": "AU"}, {"import": 0, "export": 0, "id": "BD"}, {"import": 0, "export": 0, "id": "AE"}, {"import": 0, "export": 0, "id": "US"}, {"import": 0, "export": 68821, "id": "SZ"}, {"import": 0, "export": 784, "id": "NA"}, {"import": 0, "export": 0, "id": "ZW"}, {"import": 0, "export": 749, "id": "BW"}, {"import": 0, "export": 2901, "id": "ZM"}, {"import": 0, "export": 0, "id": "CD"}, {"import": 0, "export": 35648, "id": "LS"}, {"import": 0, "export": 0, "id": "MW"}, {"import": 0, "export": 0, "id": "QA"}], "import": 471101, "export": 110811}, {"date": "2019-07-01", "list": [{"import": 400000, "export": 0, "id": "TH"}, {"import": 0, "export": 0, "id": "CN"}, {"import": 3030, "export": 0, "id": "IN"}, {"import": 0, "export": 0, "id": "IT"}, {"import": 0, "export": 0, "id": "JP"}, {"import": 0, "export": 0, "id": "KR"}, {"import": 150, "export": 0, "id": "TW"}, {"import": 100, "export": 3113, "id": "MZ"}, {"import": 3000, "export": 0, "id": "PK"}, {"import": 500, "export": 0, "id": "GR"}, {"import": 0, "export": 0, "id": "AU"}, {"import": 0, "export": 0, "id": "BD"}, {"import": 0, "export": 0, "id": "AE"}, {"import": 6974, "export": 0, "id": "US"}, {"import": 0, "export": 65458, "id": "SZ"}, {"import": 0, "export": 1007, "id": "NA"}, {"import": 0, "export": 0, "id": "ZW"}, {"import": 0, "export": 1338, "id": "BW"}, {"import": 0, "export": 2663, "id": "ZM"}, {"import": 0, "export": 0, "id": "CD"}, {"import": 0, "export": 447, "id": "LS"}, {"import": 0, "export": 0, "id": "MW"}, {"import": 0, "export": 0, "id": "QA"}], "import": 413754, "export": 74026}, {"date": "2019-08-01", "list": [{"import": 525000, "export": 0, "id": "TH"}, {"import": 0, "export": 0, "id": "CN"}, {"import": 0, "export": 0, "id": "IN"}, {"import": 0, "export": 0, "id": "IT"}, {"import": 0, "export": 0, "id": "JP"}, {"import": 0, "export": 0, "id": "KR"}, {"import": 0, "export": 0, "id": "TW"}, {"import": 0, "export": 1773, "id": "MZ"}, {"import": 1000, "export": 0, "id": "PK"}, {"import": 0, "export": 0, "id": "GR"}, {"import": 0, "export": 0, "id": "AU"}, {"import": 0, "export": 0, "id": "BD"}, {"import": 0, "export": 0, "id": "AE"}, {"import": 0, "export": 0, "id": "US"}, {"import": 0, "export": 71359, "id": "SZ"}, {"import": 0, "export": 668, "id": "NA"}, {"import": 0, "export": 0, "id": "ZW"}, {"import": 0, "export": 2928, "id": "BW"}, {"import": 0, "export": 1230, "id": "ZM"}, {"import": 0, "export": 0, "id": "CD"}, {"import": 0, "export": 35057, "id": "LS"}, {"import": 0, "export": 0, "id": "MW"}, {"import": 0, "export": 1250, "id": "QA"}], "import": 526000, "export": 114265}, {"date": "2019-09-01", "list": [{"import": 600000, "export": 0, "id": "TH"}, {"import": 0, "export": 0, "id": "CN"}, {"import": 0, "export": 0, "id": "IN"}, {"import": 325, "export": 0, "id": "IT"}, {"import": 0, "export": 0, "id": "JP"}, {"import": 0, "export": 0, "id": "KR"}, {"import": 0, "export": 0, "id": "TW"}, {"import": 0, "export": 988, "id": "MZ"}, {"import": 0, "export": 0, "id": "PK"}, {"import": 0, "export": 0, "id": "GR"}, {"import": 0, "export": 0, "id": "AU"}, {"import": 2477, "export": 0, "id": "BD"}, {"import": 0, "export": 0, "id": "AE"}, {"import": 0, "export": 0, "id": "US"}, {"import": 0, "export": 161988, "id": "SZ"}, {"import": 0, "export": 511, "id": "NA"}, {"import": 0, "export": 0, "id": "ZW"}, {"import": 0, "export": 6204, "id": "BW"}, {"import": 0, "export": 1354, "id": "ZM"}, {"import": 0, "export": 0, "id": "CD"}, {"import": 0, "export": 53064, "id": "LS"}, {"import": 0, "export": 0, "id": "MW"}, {"import": 0, "export": 0, "id": "QA"}], "import": 602802, "export": 224109}, {"date": "2019-10-01", "list": [{"import": 525000, "export": 0, "id": "TH"}, {"import": 0, "export": 0, "id": "CN"}, {"import": 0, "export": 0, "id": "IN"}, {"import": 0, "export": 0, "id": "IT"}, {"import": 796, "export": 0, "id": "JP"}, {"import": 0, "export": 0, "id": "KR"}, {"import": 0, "export": 0, "id": "TW"}, {"import": 0, "export": 1598, "id": "MZ"}, {"import": 200000, "export": 0, "id": "PK"}, {"import": 250, "export": 0, "id": "GR"}, {"import": 0, "export": 0, "id": "AU"}, {"import": 0, "export": 0, "id": "BD"}, {"import": 0, "export": 0, "id": "AE"}, {"import": 0, "export": 0, "id": "US"}, {"import": 0, "export": 56653, "id": "SZ"}, {"import": 0, "export": 744, "id": "NA"}, {"import": 0, "export": 0, "id": "ZW"}, {"import": 0, "export": 1491, "id": "BW"}, {"import": 0, "export": 534, "id": "ZM"}, {"import": 0, "export": 0, "id": "CD"}, {"import": 0, "export": 504, "id": "LS"}, {"import": 0, "export": 0, "id": "MW"}, {"import": 0, "export": 0, "id": "QA"}], "import": 726046, "export": 61524}, {"date": "2019-11-01", "list": [{"import": 500000, "export": 0, "id": "TH"}, {"import": 0, "export": 0, "id": "CN"}, {"import": 845, "export": 0, "id": "IN"}, {"import": 0, "export": 0, "id": "IT"}, {"import": 0, "export": 0, "id": "JP"}, {"import": 0, "export": 0, "id": "KR"}, {"import": 0, "export": 0, "id": "TW"}, {"import": 100, "export": 2288, "id": "MZ"}, {"import": 0, "export": 0, "id": "PK"}, {"import": 0, "export": 0, "id": "GR"}, {"import": 0, "export": 0, "id": "AU"}, {"import": 0, "export": 0, "id": "BD"}, {"import": 0, "export": 0, "id": "AE"}, {"import": 0, "export": 0, "id": "US"}, {"import": 0, "export": 71792, "id": "SZ"}, {"import": 0, "export": 859, "id": "NA"}, {"import": 0, "export": 3400, "id": "ZW"}, {"import": 0, "export": 3905, "id": "BW"}, {"import": 0, "export": 765, "id": "ZM"}, {"import": 0, "export": 0, "id": "CD"}, {"import": 0, "export": 3680, "id": "LS"}, {"import": 0, "export": 0, "id": "MW"}, {"import": 0, "export": 0, "id": "QA"}], "import": 500945, "export": 86689}, {"date": "2019-12-01", "list": [{"import": 526000, "export": 0, "id": "TH"}, {"import": 0, "export": 0, "id": "CN"}, {"import": 0, "export": 0, "id": "IN"}, {"import": 0, "export": 0, "id": "IT"}, {"import": 0, "export": 0, "id": "JP"}, {"import": 0, "export": 0, "id": "KR"}, {"import": 0, "export": 0, "id": "TW"}, {"import": 0, "export": 535, "id": "MZ"}, {"import": 0, "export": 0, "id": "PK"}, {"import": 0, "export": 0, "id": "GR"}, {"import": 0, "export": 0, "id": "AU"}, {"import": 0, "export": 0, "id": "BD"}, {"import": 0, "export": 0, "id": "AE"}, {"import": 1152, "export": 0, "id": "US"}, {"import": 0, "export": 60802, "id": "SZ"}, {"import": 0, "export": 2532, "id": "NA"}, {"import": 0, "export": 0, "id": "ZW"}, {"import": 0, "export": 497, "id": "BW"}, {"import": 0, "export": 933, "id": "ZM"}, {"import": 0, "export": 8000, "id": "CD"}, {"import": 0, "export": 34323, "id": "LS"}, {"import": 0, "export": 0, "id": "MW"}, {"import": 0, "export": 0, "id": "QA"}], "import": 527152, "export": 107622}, {"date": "2020-01-01", "list": [{"import": 0, "export": 0, "id": "TH"}, {"import": 0, "export": 0, "id": "CN"}, {"import": 0, "export": 0, "id": "IN"}, {"import": 450, "export": 0, "id": "IT"}, {"import": 0, "export": 0, "id": "JP"}, {"import": 0, "export": 0, "id": "KR"}, {"import": 0, "export": 0, "id": "TW"}, {"import": 0, "export": 0, "id": "MZ"}, {"import": 0, "export": 0, "id": "PK"}, {"import": 0, "export": 0, "id": "GR"}, {"import": 0, "export": 0, "id": "AU"}, {"import": 0, "export": 0, "id": "BD"}, {"import": 0, "export": 0, "id": "AE"}, {"import": 0, "export": 0, "id": "US"}, {"import": 0, "export": 23381, "id": "SZ"}, {"import": 0, "export": 28387, "id": "NA"}, {"import": 0, "export": 0, "id": "ZW"}, {"import": 0, "export": 537, "id": "BW"}, {"import": 0, "export": 574, "id": "ZM"}, {"import": 0, "export": 0, "id": "CD"}, {"import": 0, "export": 0, "id": "LS"}, {"import": 0, "export": 0, "id": "MW"}, {"import": 0, "export": 0, "id": "QA"}], "import": 450, "export": 52879}, {"date": "2020-02-01", "list": [{"import": 400360, "export": 0, "id": "TH"}, {"import": 0, "export": 0, "id": "CN"}, {"import": 0, "export": 0, "id": "IN"}, {"import": 0, "export": 0, "id": "IT"}, {"import": 0, "export": 0, "id": "JP"}, {"import": 0, "export": 0, "id": "KR"}, {"import": 0, "export": 0, "id": "TW"}, {"import": 200, "export": 1704, "id": "MZ"}, {"import": 1500, "export": 0, "id": "PK"}, {"import": 0, "export": 0, "id": "GR"}, {"import": 0, "export": 0, "id": "AU"}, {"import": 0, "export": 0, "id": "BD"}, {"import": 0, "export": 0, "id": "AE"}, {"import": 0, "export": 0, "id": "US"}, {"import": 0, "export": 35354, "id": "SZ"}, {"import": 0, "export": 532, "id": "NA"}, {"import": 0, "export": 0, "id": "ZW"}, {"import": 0, "export": 14947, "id": "BW"}, {"import": 0, "export": 956, "id": "ZM"}, {"import": 0, "export": 0, "id": "CD"}, {"import": 0, "export": 0, "id": "LS"}, {"import": 0, "export": 0, "id": "MW"}, {"import": 0, "export": 0, "id": "QA"}], "import": 402060, "export": 53493}, {"date": "2020-03-01", "list": [{"import": 690, "export": 0, "id": "TH"}, {"import": 0, "export": 0, "id": "CN"}, {"import": 24146, "export": 0, "id": "IN"}, {"import": 0, "export": 0, "id": "IT"}, {"import": 0, "export": 0, "id": "JP"}, {"import": 0, "export": 0, "id": "KR"}, {"import": 0, "export": 0, "id": "TW"}, {"import": 0, "export": 631, "id": "MZ"}, {"import": 0, "export": 0, "id": "PK"}, {"import": 0, "export": 0, "id": "GR"}, {"import": 0, "export": 0, "id": "AU"}, {"import": 0, "export": 0, "id": "BD"}, {"import": 0, "export": 0, "id": "AE"}, {"import": 0, "export": 0, "id": "US"}, {"import": 0, "export": 43461, "id": "SZ"}, {"import": 0, "export": 1087, "id": "NA"}, {"import": 0, "export": 0, "id": "ZW"}, {"import": 0, "export": 4528, "id": "BW"}, {"import": 0, "export": 0, "id": "ZM"}, {"import": 0, "export": 0, "id": "CD"}, {"import": 0, "export": 532, "id": "LS"}, {"import": 0, "export": 0, "id": "MW"}, {"import": 0, "export": 0, "id": "QA"}], "import": 24836, "export": 50239}, {"date": "2020-04-01", "list": [{"import": 52000, "export": 0, "id": "TH"}, {"import": 0, "export": 0, "id": "CN"}, {"import": 333692, "export": 0, "id": "IN"}, {"import": 485, "export": 0, "id": "IT"}, {"import": 160, "export": 0, "id": "JP"}, {"import": 0, "export": 0, "id": "KR"}, {"import": 0, "export": 0, "id": "TW"}, {"import": 0, "export": 0, "id": "MZ"}, {"import": 0, "export": 0, "id": "PK"}, {"import": 0, "export": 0, "id": "GR"}, {"import": 0, "export": 0, "id": "AU"}, {"import": 0, "export": 0, "id": "BD"}, {"import": 51223, "export": 0, "id": "AE"}, {"import": 0, "export": 0, "id": "US"}, {"import": 0, "export": 281122, "id": "SZ"}, {"import": 0, "export": 362, "id": "NA"}, {"import": 0, "export": 0, "id": "ZW"}, {"import": 0, "export": 4693, "id": "BW"}, {"import": 0, "export": 2172, "id": "ZM"}, {"import": 0, "export": 0, "id": "CD"}, {"import": 0, "export": 0, "id": "LS"}, {"import": 0, "export": 0, "id": "MW"}, {"import": 0, "export": 0, "id": "QA"}], "import": 437560, "export": 288349}, {"date": "2020-05-01", "list": [{"import": 0, "export": 0, "id": "TH"}, {"import": 0, "export": 0, "id": "CN"}, {"import": 0, "export": 0, "id": "IN"}, {"import": 0, "export": 0, "id": "IT"}, {"import": 0, "export": 0, "id": "JP"}, {"import": 0, "export": 0, "id": "KR"}, {"import": 0, "export": 0, "id": "TW"}, {"import": 0, "export": 928, "id": "MZ"}, {"import": 0, "export": 0, "id": "PK"}, {"import": 0, "export": 0, "id": "GR"}, {"import": 0, "export": 0, "id": "AU"}, {"import": 0, "export": 0, "id": "BD"}, {"import": 0, "export": 0, "id": "AE"}, {"import": 0, "export": 0, "id": "US"}, {"import": 0, "export": 216705, "id": "SZ"}, {"import": 0, "export": 509, "id": "NA"}, {"import": 0, "export": 725, "id": "ZW"}, {"import": 0, "export": 581, "id": "BW"}, {"import": 0, "export": 679, "id": "ZM"}, {"import": 0, "export": 0, "id": "CD"}, {"import": 0, "export": 9383, "id": "LS"}, {"import": 0, "export": 0, "id": "MW"}, {"import": 0, "export": 0, "id": "QA"}], "import": 0, "export": 229510}, {"date": "2020-06-01", "list": [{"import": 475000, "export": 0, "id": "TH"}, {"import": 0, "export": 0, "id": "CN"}, {"import": 1248, "export": 0, "id": "IN"}, {"import": 670, "export": 0, "id": "IT"}, {"import": 0, "export": 0, "id": "JP"}, {"import": 0, "export": 0, "id": "KR"}, {"import": 260, "export": 0, "id": "TW"}, {"import": 100, "export": 1052, "id": "MZ"}, {"import": 3000, "export": 0, "id": "PK"}, {"import": 0, "export": 0, "id": "GR"}, {"import": 0, "export": 0, "id": "AU"}, {"import": 0, "export": 0, "id": "BD"}, {"import": 0, "export": 0, "id": "AE"}, {"import": 0, "export": 0, "id": "US"}, {"import": 0, "export": 240151, "id": "SZ"}, {"import": 0, "export": 646, "id": "NA"}, {"import": 0, "export": 1240, "id": "ZW"}, {"import": 0, "export": 1162, "id": "BW"}, {"import": 0, "export": 0, "id": "ZM"}, {"import": 0, "export": 0, "id": "CD"}, {"import": 0, "export": 56073, "id": "LS"}, {"import": 0, "export": 0, "id": "MW"}, {"import": 0, "export": 0, "id": "QA"}], "import": 480278, "export": 300324}, {"date": "2020-07-01", "list": [{"import": 650000, "export": 0, "id": "TH"}, {"import": 14075, "export": 0, "id": "CN"}, {"import": 4080, "export": 0, "id": "IN"}, {"import": 350, "export": 0, "id": "IT"}, {"import": 0, "export": 0, "id": "JP"}, {"import": 0, "export": 0, "id": "KR"}, {"import": 0, "export": 0, "id": "TW"}, {"import": 0, "export": 1803, "id": "MZ"}, {"import": 0, "export": 0, "id": "PK"}, {"import": 0, "export": 0, "id": "GR"}, {"import": 0, "export": 0, "id": "AU"}, {"import": 0, "export": 0, "id": "BD"}, {"import": 0, "export": 0, "id": "AE"}, {"import": 0, "export": 0, "id": "US"}, {"import": 0, "export": 125242, "id": "SZ"}, {"import": 0, "export": 33617, "id": "NA"}, {"import": 0, "export": 3310, "id": "ZW"}, {"import": 0, "export": 330, "id": "BW"}, {"import": 0, "export": 262, "id": "ZM"}, {"import": 0, "export": 0, "id": "CD"}, {"import": 0, "export": 0, "id": "LS"}, {"import": 0, "export": 0, "id": "MW"}, {"import": 0, "export": 0, "id": "QA"}], "import": 668505, "export": 164564}]