[{"date": "2018-11-01", "list": [{"import": 0, "export": 0, "id": "FI"}, {"import": 0, "export": 0, "id": "IT"}], "import": 0, "export": 0}, {"date": "2018-12-01", "list": [{"import": 3471, "export": 11, "id": "FI"}, {"import": 0, "export": 0, "id": "IT"}], "import": 3471, "export": 11}, {"date": "2019-01-01", "list": [{"import": 0, "export": 0, "id": "FI"}, {"import": 387, "export": 0, "id": "IT"}], "import": 387, "export": 0}, {"date": "2019-02-01", "list": [{"import": 0, "export": 0, "id": "FI"}, {"import": 998, "export": 0, "id": "IT"}], "import": 998, "export": 0}, {"date": "2019-03-01", "list": [{"import": 0, "export": 0, "id": "FI"}, {"import": 0, "export": 0, "id": "IT"}], "import": 0, "export": 0}, {"date": "2019-04-01", "list": [{"import": 0, "export": 0, "id": "FI"}, {"import": 500, "export": 0, "id": "IT"}], "import": 500, "export": 0}, {"date": "2019-05-01", "list": [{"import": 0, "export": 0, "id": "FI"}, {"import": 1390, "export": 0, "id": "IT"}], "import": 1390, "export": 0}, {"date": "2019-06-01", "list": [{"import": 0, "export": 0, "id": "FI"}, {"import": 1000, "export": 0, "id": "IT"}], "import": 1000, "export": 0}, {"date": "2019-07-01", "list": [{"import": 0, "export": 0, "id": "FI"}, {"import": 0, "export": 0, "id": "IT"}], "import": 0, "export": 0}, {"date": "2019-08-01", "list": [{"import": 0, "export": 0, "id": "FI"}, {"import": 0, "export": 0, "id": "IT"}], "import": 0, "export": 0}, {"date": "2019-09-01", "list": [{"import": 0, "export": 0, "id": "FI"}, {"import": 500, "export": 0, "id": "IT"}], "import": 500, "export": 0}, {"date": "2019-10-01", "list": [{"import": 0, "export": 0, "id": "FI"}, {"import": 0, "export": 0, "id": "IT"}], "import": 0, "export": 0}, {"date": "2019-11-01", "list": [{"import": 0, "export": 0, "id": "FI"}, {"import": 600, "export": 0, "id": "IT"}], "import": 600, "export": 0}, {"date": "2019-12-01", "list": [{"import": 0, "export": 0, "id": "FI"}, {"import": 0, "export": 0, "id": "IT"}], "import": 0, "export": 0}, {"date": "2020-01-01", "list": [{"import": 0, "export": 0, "id": "FI"}, {"import": 690, "export": 0, "id": "IT"}], "import": 690, "export": 0}, {"date": "2020-02-01", "list": [{"import": 0, "export": 0, "id": "FI"}, {"import": 700, "export": 0, "id": "IT"}], "import": 700, "export": 0}, {"date": "2020-03-01", "list": [{"import": 2194, "export": 11, "id": "FI"}, {"import": 0, "export": 0, "id": "IT"}], "import": 2194, "export": 11}, {"date": "2020-04-01", "list": [{"import": 0, "export": 0, "id": "FI"}, {"import": 0, "export": 0, "id": "IT"}], "import": 0, "export": 0}, {"date": "2020-05-01", "list": [{"import": 0, "export": 0, "id": "FI"}, {"import": 0, "export": 0, "id": "IT"}], "import": 0, "export": 0}, {"date": "2020-06-01", "list": [{"import": 0, "export": 0, "id": "FI"}, {"import": 0, "export": 0, "id": "IT"}], "import": 0, "export": 0}]