[{"date": "2015-05-01", "list": [{"import": 55010, "export": 0, "id": "US"}, {"import": 0, "export": 0, "id": "-"}, {"import": 5737, "export": 0, "id": "BR"}, {"import": 0, "export": 0, "id": "PA"}, {"import": 0, "export": 0, "id": "TH"}], "import": 60747, "export": 0}, {"date": "2015-06-01", "list": [{"import": 248399, "export": 0, "id": "US"}, {"import": 0, "export": 0, "id": "-"}, {"import": 0, "export": 0, "id": "BR"}, {"import": 0, "export": 0, "id": "PA"}, {"import": 0, "export": 0, "id": "TH"}], "import": 248399, "export": 0}, {"date": "2015-07-01", "list": [{"import": 140546, "export": 0, "id": "US"}, {"import": 0, "export": 0, "id": "-"}, {"import": 0, "export": 0, "id": "BR"}, {"import": 0, "export": 0, "id": "PA"}, {"import": 0, "export": 0, "id": "TH"}], "import": 140546, "export": 0}, {"date": "2015-08-01", "list": [{"import": 447884, "export": 0, "id": "US"}, {"import": 0, "export": 0, "id": "-"}, {"import": 0, "export": 0, "id": "BR"}, {"import": 0, "export": 0, "id": "PA"}, {"import": 44251, "export": 0, "id": "TH"}], "import": 492135, "export": 0}, {"date": "2015-09-01", "list": [{"import": 137126, "export": 0, "id": "US"}, {"import": 0, "export": 0, "id": "-"}, {"import": 0, "export": 0, "id": "BR"}, {"import": 0, "export": 0, "id": "PA"}, {"import": 0, "export": 0, "id": "TH"}], "import": 137126, "export": 0}, {"date": "2015-10-01", "list": [{"import": 135809, "export": 0, "id": "US"}, {"import": 306, "export": 0, "id": "-"}, {"import": 0, "export": 0, "id": "BR"}, {"import": 0, "export": 0, "id": "PA"}, {"import": 0, "export": 0, "id": "TH"}], "import": 136115, "export": 0}, {"date": "2015-11-01", "list": [{"import": 96736, "export": 0, "id": "US"}, {"import": 0, "export": 0, "id": "-"}, {"import": 51470, "export": 0, "id": "BR"}, {"import": 0, "export": 0, "id": "PA"}, {"import": 0, "export": 0, "id": "TH"}], "import": 148206, "export": 0}, {"date": "2015-12-01", "list": [{"import": 176836, "export": 14200, "id": "US"}, {"import": 0, "export": 0, "id": "-"}, {"import": 0, "export": 0, "id": "BR"}, {"import": 0, "export": 0, "id": "PA"}, {"import": 0, "export": 0, "id": "TH"}], "import": 176836, "export": 14200}, {"date": "2016-01-01", "list": [{"import": 110324, "export": 0, "id": "US"}, {"import": 0, "export": 0, "id": "-"}, {"import": 0, "export": 0, "id": "BR"}, {"import": 0, "export": 0, "id": "PA"}, {"import": 0, "export": 0, "id": "TH"}], "import": 110324, "export": 0}, {"date": "2016-02-01", "list": [{"import": 76796, "export": 0, "id": "US"}, {"import": 0, "export": 0, "id": "-"}, {"import": 4896, "export": 0, "id": "BR"}, {"import": 0, "export": 0, "id": "PA"}, {"import": 6215, "export": 0, "id": "TH"}], "import": 87907, "export": 0}, {"date": "2016-03-01", "list": [{"import": 116063, "export": 0, "id": "US"}, {"import": 0, "export": 0, "id": "-"}, {"import": 0, "export": 0, "id": "BR"}, {"import": 0, "export": 0, "id": "PA"}, {"import": 0, "export": 0, "id": "TH"}], "import": 116063, "export": 0}, {"date": "2016-04-01", "list": [{"import": 124307, "export": 0, "id": "US"}, {"import": 0, "export": 0, "id": "-"}, {"import": 0, "export": 0, "id": "BR"}, {"import": 0, "export": 0, "id": "PA"}, {"import": 0, "export": 0, "id": "TH"}], "import": 124307, "export": 0}, {"date": "2016-05-01", "list": [{"import": 133074, "export": 0, "id": "US"}, {"import": 0, "export": 0, "id": "-"}, {"import": 0, "export": 0, "id": "BR"}, {"import": 0, "export": 0, "id": "PA"}, {"import": 0, "export": 0, "id": "TH"}], "import": 133074, "export": 0}, {"date": "2016-06-01", "list": [{"import": 155253, "export": 0, "id": "US"}, {"import": 0, "export": 0, "id": "-"}, {"import": 0, "export": 0, "id": "BR"}, {"import": 4900, "export": 0, "id": "PA"}, {"import": 0, "export": 0, "id": "TH"}], "import": 160153, "export": 0}, {"date": "2016-07-01", "list": [{"import": 85231, "export": 0, "id": "US"}, {"import": 0, "export": 0, "id": "-"}, {"import": 0, "export": 0, "id": "BR"}, {"import": 0, "export": 0, "id": "PA"}, {"import": 0, "export": 0, "id": "TH"}], "import": 85231, "export": 0}, {"date": "2016-08-01", "list": [{"import": 120615, "export": 0, "id": "US"}, {"import": 0, "export": 0, "id": "-"}, {"import": 4900, "export": 0, "id": "BR"}, {"import": 0, "export": 0, "id": "PA"}, {"import": 0, "export": 0, "id": "TH"}], "import": 125515, "export": 0}, {"date": "2016-09-01", "list": [{"import": 116822, "export": 0, "id": "US"}, {"import": 0, "export": 0, "id": "-"}, {"import": 0, "export": 0, "id": "BR"}, {"import": 0, "export": 0, "id": "PA"}, {"import": 0, "export": 0, "id": "TH"}], "import": 116822, "export": 0}, {"date": "2016-10-01", "list": [{"import": 75308, "export": 0, "id": "US"}, {"import": 0, "export": 0, "id": "-"}, {"import": 4477, "export": 0, "id": "BR"}, {"import": 0, "export": 0, "id": "PA"}, {"import": 0, "export": 0, "id": "TH"}], "import": 79785, "export": 0}, {"date": "2016-11-01", "list": [{"import": 138338, "export": 0, "id": "US"}, {"import": 312, "export": 0, "id": "-"}, {"import": 0, "export": 0, "id": "BR"}, {"import": 0, "export": 0, "id": "PA"}, {"import": 0, "export": 0, "id": "TH"}], "import": 138650, "export": 0}, {"date": "2016-12-01", "list": [{"import": 183131, "export": 0, "id": "US"}, {"import": 0, "export": 0, "id": "-"}, {"import": 0, "export": 0, "id": "BR"}, {"import": 0, "export": 0, "id": "PA"}, {"import": 0, "export": 0, "id": "TH"}], "import": 183131, "export": 0}]