[{"date": "2018-05-01", "list": [{"import": 418900, "export": 0, "id": "TH"}, {"import": 551310, "export": 0, "id": "BR"}, {"import": 975596, "export": 0, "id": "VN"}, {"import": 9627, "export": 0, "id": "ES"}, {"import": 535, "export": 0, "id": "US"}, {"import": 5487, "export": 0, "id": "PT"}, {"import": 0, "export": 0, "id": "DE"}, {"import": 0, "export": 0, "id": "IT"}, {"import": 0, "export": 0, "id": "JP"}, {"import": 0, "export": 0, "id": "NL"}, {"import": 0, "export": 0, "id": "PK"}, {"import": 0, "export": 0, "id": "KH"}, {"import": 250000, "export": 0, "id": "CN"}, {"import": 0, "export": 0, "id": "SG"}, {"import": 0, "export": 0, "id": "UY"}], "import": 2211455, "export": 0}, {"date": "2018-06-01", "list": [{"import": 443923, "export": 0, "id": "TH"}, {"import": 820249, "export": 0, "id": "BR"}, {"import": 0, "export": 0, "id": "VN"}, {"import": 754, "export": 0, "id": "ES"}, {"import": 7903, "export": 0, "id": "US"}, {"import": 0, "export": 0, "id": "PT"}, {"import": 0, "export": 0, "id": "DE"}, {"import": 0, "export": 0, "id": "IT"}, {"import": 0, "export": 0, "id": "JP"}, {"import": 0, "export": 0, "id": "NL"}, {"import": 270000, "export": 0, "id": "PK"}, {"import": 0, "export": 0, "id": "KH"}, {"import": 0, "export": 0, "id": "CN"}, {"import": 0, "export": 0, "id": "SG"}, {"import": 0, "export": 0, "id": "UY"}], "import": 1542829, "export": 0}, {"date": "2018-07-01", "list": [{"import": 1709728, "export": 0, "id": "TH"}, {"import": 294479, "export": 0, "id": "BR"}, {"import": 625971, "export": 0, "id": "VN"}, {"import": 4708, "export": 0, "id": "ES"}, {"import": 356, "export": 0, "id": "US"}, {"import": 1087, "export": 0, "id": "PT"}, {"import": 0, "export": 0, "id": "DE"}, {"import": 0, "export": 0, "id": "IT"}, {"import": 0, "export": 0, "id": "JP"}, {"import": 0, "export": 0, "id": "NL"}, {"import": 0, "export": 0, "id": "PK"}, {"import": 0, "export": 0, "id": "KH"}, {"import": 0, "export": 0, "id": "CN"}, {"import": 0, "export": 0, "id": "SG"}, {"import": 24000, "export": 0, "id": "UY"}], "import": 2660329, "export": 0}, {"date": "2018-08-01", "list": [{"import": 2509030, "export": 0, "id": "TH"}, {"import": 804667, "export": 0, "id": "BR"}, {"import": 96178, "export": 0, "id": "VN"}, {"import": 5154, "export": 0, "id": "ES"}, {"import": 1326, "export": 0, "id": "US"}, {"import": 913, "export": 0, "id": "PT"}, {"import": 0, "export": 0, "id": "DE"}, {"import": 0, "export": 0, "id": "IT"}, {"import": 0, "export": 0, "id": "JP"}, {"import": 0, "export": 0, "id": "NL"}, {"import": 0, "export": 0, "id": "PK"}, {"import": 0, "export": 0, "id": "KH"}, {"import": 0, "export": 0, "id": "CN"}, {"import": 0, "export": 0, "id": "SG"}, {"import": 0, "export": 0, "id": "UY"}], "import": 3417268, "export": 0}, {"date": "2018-09-01", "list": [{"import": 640867, "export": 0, "id": "TH"}, {"import": 492480, "export": 0, "id": "BR"}, {"import": 69000, "export": 0, "id": "VN"}, {"import": 886, "export": 0, "id": "ES"}, {"import": 1266, "export": 0, "id": "US"}, {"import": 0, "export": 0, "id": "PT"}, {"import": 0, "export": 0, "id": "DE"}, {"import": 0, "export": 0, "id": "IT"}, {"import": 0, "export": 0, "id": "JP"}, {"import": 0, "export": 0, "id": "NL"}, {"import": 0, "export": 0, "id": "PK"}, {"import": 48000, "export": 0, "id": "KH"}, {"import": 0, "export": 0, "id": "CN"}, {"import": 0, "export": 0, "id": "SG"}, {"import": 0, "export": 0, "id": "UY"}], "import": 1252499, "export": 0}, {"date": "2018-10-01", "list": [{"import": 1511258, "export": 0, "id": "TH"}, {"import": 626250, "export": 0, "id": "BR"}, {"import": 0, "export": 0, "id": "VN"}, {"import": 6054, "export": 0, "id": "ES"}, {"import": 0, "export": 0, "id": "US"}, {"import": 3686, "export": 0, "id": "PT"}, {"import": 0, "export": 0, "id": "DE"}, {"import": 0, "export": 0, "id": "IT"}, {"import": 0, "export": 0, "id": "JP"}, {"import": 0, "export": 0, "id": "NL"}, {"import": 0, "export": 0, "id": "PK"}, {"import": 0, "export": 0, "id": "KH"}, {"import": 0, "export": 0, "id": "CN"}, {"import": 0, "export": 0, "id": "SG"}, {"import": 0, "export": 0, "id": "UY"}], "import": 2147248, "export": 0}, {"date": "2018-11-01", "list": [{"import": 1292850, "export": 0, "id": "TH"}, {"import": 1241550, "export": 0, "id": "BR"}, {"import": 0, "export": 0, "id": "VN"}, {"import": 2131, "export": 0, "id": "ES"}, {"import": 0, "export": 0, "id": "US"}, {"import": 2240, "export": 0, "id": "PT"}, {"import": 0, "export": 0, "id": "DE"}, {"import": 0, "export": 0, "id": "IT"}, {"import": 0, "export": 0, "id": "JP"}, {"import": 0, "export": 0, "id": "NL"}, {"import": 0, "export": 0, "id": "PK"}, {"import": 0, "export": 0, "id": "KH"}, {"import": 50000, "export": 0, "id": "CN"}, {"import": 0, "export": 0, "id": "SG"}, {"import": 0, "export": 0, "id": "UY"}], "import": 2588771, "export": 0}, {"date": "2018-12-01", "list": [{"import": 393842, "export": 0, "id": "TH"}, {"import": 740480, "export": 0, "id": "BR"}, {"import": 85500, "export": 0, "id": "VN"}, {"import": 4953, "export": 0, "id": "ES"}, {"import": 4419, "export": 0, "id": "US"}, {"import": 51378, "export": 0, "id": "PT"}, {"import": 0, "export": 0, "id": "DE"}, {"import": 0, "export": 0, "id": "IT"}, {"import": 0, "export": 0, "id": "JP"}, {"import": 0, "export": 0, "id": "NL"}, {"import": 0, "export": 0, "id": "PK"}, {"import": 0, "export": 0, "id": "KH"}, {"import": 0, "export": 0, "id": "CN"}, {"import": 0, "export": 0, "id": "SG"}, {"import": 0, "export": 0, "id": "UY"}], "import": 1280572, "export": 0}, {"date": "2019-01-01", "list": [{"import": 1681846, "export": 0, "id": "TH"}, {"import": 428472, "export": 0, "id": "BR"}, {"import": 0, "export": 0, "id": "VN"}, {"import": 1685, "export": 0, "id": "ES"}, {"import": 0, "export": 0, "id": "US"}, {"import": 1490132, "export": 0, "id": "PT"}, {"import": 0, "export": 0, "id": "DE"}, {"import": 0, "export": 0, "id": "IT"}, {"import": 4465231, "export": 0, "id": "JP"}, {"import": 0, "export": 0, "id": "NL"}, {"import": 0, "export": 0, "id": "PK"}, {"import": 0, "export": 0, "id": "KH"}, {"import": 1318000, "export": 0, "id": "CN"}, {"import": 0, "export": 0, "id": "SG"}, {"import": 24000, "export": 0, "id": "UY"}], "import": 9409366, "export": 0}, {"date": "2019-02-01", "list": [{"import": 1726186, "export": 0, "id": "TH"}, {"import": 578900, "export": 0, "id": "BR"}, {"import": 48233, "export": 0, "id": "VN"}, {"import": 1891, "export": 0, "id": "ES"}, {"import": 0, "export": 0, "id": "US"}, {"import": 28422, "export": 0, "id": "PT"}, {"import": 0, "export": 0, "id": "DE"}, {"import": 0, "export": 0, "id": "IT"}, {"import": 0, "export": 0, "id": "JP"}, {"import": 0, "export": 0, "id": "NL"}, {"import": 0, "export": 0, "id": "PK"}, {"import": 0, "export": 0, "id": "KH"}, {"import": 0, "export": 0, "id": "CN"}, {"import": 0, "export": 0, "id": "SG"}, {"import": 0, "export": 0, "id": "UY"}], "import": 2383632, "export": 0}, {"date": "2019-03-01", "list": [{"import": 647296, "export": 0, "id": "TH"}, {"import": 790140, "export": 0, "id": "BR"}, {"import": 626307, "export": 0, "id": "VN"}, {"import": 8140, "export": 0, "id": "ES"}, {"import": 0, "export": 0, "id": "US"}, {"import": 1648, "export": 0, "id": "PT"}, {"import": 0, "export": 0, "id": "DE"}, {"import": 0, "export": 0, "id": "IT"}, {"import": 0, "export": 0, "id": "JP"}, {"import": 0, "export": 0, "id": "NL"}, {"import": 0, "export": 0, "id": "PK"}, {"import": 0, "export": 0, "id": "KH"}, {"import": 149608, "export": 0, "id": "CN"}, {"import": 0, "export": 0, "id": "SG"}, {"import": 0, "export": 0, "id": "UY"}], "import": 2223139, "export": 0}, {"date": "2019-04-01", "list": [{"import": 1530000, "export": 0, "id": "TH"}, {"import": 796640, "export": 0, "id": "BR"}, {"import": 529867, "export": 0, "id": "VN"}, {"import": 27096, "export": 0, "id": "ES"}, {"import": 3795, "export": 0, "id": "US"}, {"import": 25268, "export": 0, "id": "PT"}, {"import": 0, "export": 0, "id": "DE"}, {"import": 1887, "export": 0, "id": "IT"}, {"import": 0, "export": 0, "id": "JP"}, {"import": 97112, "export": 0, "id": "NL"}, {"import": 0, "export": 0, "id": "PK"}, {"import": 0, "export": 0, "id": "KH"}, {"import": 71972, "export": 0, "id": "CN"}, {"import": 0, "export": 0, "id": "SG"}, {"import": 0, "export": 0, "id": "UY"}], "import": 3083637, "export": 0}, {"date": "2019-05-01", "list": [{"import": 1175000, "export": 0, "id": "TH"}, {"import": 565700, "export": 0, "id": "BR"}, {"import": 0, "export": 0, "id": "VN"}, {"import": 3115, "export": 0, "id": "ES"}, {"import": 0, "export": 0, "id": "US"}, {"import": 784, "export": 0, "id": "PT"}, {"import": 0, "export": 0, "id": "DE"}, {"import": 0, "export": 0, "id": "IT"}, {"import": 0, "export": 0, "id": "JP"}, {"import": 0, "export": 0, "id": "NL"}, {"import": 0, "export": 0, "id": "PK"}, {"import": 0, "export": 0, "id": "KH"}, {"import": 0, "export": 0, "id": "CN"}, {"import": 0, "export": 0, "id": "SG"}, {"import": 0, "export": 0, "id": "UY"}], "import": 1744599, "export": 0}, {"date": "2019-06-01", "list": [{"import": 192275, "export": 0, "id": "TH"}, {"import": 567400, "export": 0, "id": "BR"}, {"import": 696064, "export": 0, "id": "VN"}, {"import": 1775, "export": 0, "id": "ES"}, {"import": 0, "export": 0, "id": "US"}, {"import": 487, "export": 0, "id": "PT"}, {"import": 0, "export": 0, "id": "DE"}, {"import": 0, "export": 0, "id": "IT"}, {"import": 0, "export": 0, "id": "JP"}, {"import": 0, "export": 0, "id": "NL"}, {"import": 0, "export": 0, "id": "PK"}, {"import": 0, "export": 0, "id": "KH"}, {"import": 0, "export": 0, "id": "CN"}, {"import": 0, "export": 0, "id": "SG"}, {"import": 0, "export": 0, "id": "UY"}], "import": 1458001, "export": 0}, {"date": "2019-07-01", "list": [{"import": 546073, "export": 0, "id": "TH"}, {"import": 616959, "export": 0, "id": "BR"}, {"import": 892257, "export": 0, "id": "VN"}, {"import": 1608, "export": 0, "id": "ES"}, {"import": 0, "export": 0, "id": "US"}, {"import": 490, "export": 0, "id": "PT"}, {"import": 0, "export": 0, "id": "DE"}, {"import": 0, "export": 0, "id": "IT"}, {"import": 0, "export": 0, "id": "JP"}, {"import": 0, "export": 0, "id": "NL"}, {"import": 0, "export": 0, "id": "PK"}, {"import": 0, "export": 0, "id": "KH"}, {"import": 66000, "export": 0, "id": "CN"}, {"import": 0, "export": 0, "id": "SG"}, {"import": 0, "export": 0, "id": "UY"}], "import": 2123387, "export": 0}, {"date": "2019-08-01", "list": [{"import": 2894413, "export": 0, "id": "TH"}, {"import": 1122830, "export": 0, "id": "BR"}, {"import": 0, "export": 0, "id": "VN"}, {"import": 4279, "export": 0, "id": "ES"}, {"import": 0, "export": 0, "id": "US"}, {"import": 25896, "export": 0, "id": "PT"}, {"import": 0, "export": 0, "id": "DE"}, {"import": 0, "export": 0, "id": "IT"}, {"import": 0, "export": 0, "id": "JP"}, {"import": 0, "export": 0, "id": "NL"}, {"import": 0, "export": 0, "id": "PK"}, {"import": 0, "export": 0, "id": "KH"}, {"import": 0, "export": 0, "id": "CN"}, {"import": 0, "export": 0, "id": "SG"}, {"import": 0, "export": 0, "id": "UY"}], "import": 4047418, "export": 0}, {"date": "2019-09-01", "list": [{"import": 38100, "export": 0, "id": "TH"}, {"import": 688360, "export": 0, "id": "BR"}, {"import": 481558, "export": 0, "id": "VN"}, {"import": 2220, "export": 0, "id": "ES"}, {"import": 5571, "export": 0, "id": "US"}, {"import": 2893, "export": 0, "id": "PT"}, {"import": 0, "export": 0, "id": "DE"}, {"import": 0, "export": 0, "id": "IT"}, {"import": 0, "export": 0, "id": "JP"}, {"import": 0, "export": 0, "id": "NL"}, {"import": 0, "export": 0, "id": "PK"}, {"import": 0, "export": 0, "id": "KH"}, {"import": 0, "export": 0, "id": "CN"}, {"import": 0, "export": 0, "id": "SG"}, {"import": 0, "export": 0, "id": "UY"}], "import": 1218702, "export": 0}, {"date": "2019-10-01", "list": [{"import": 1657075, "export": 0, "id": "TH"}, {"import": 1364344, "export": 0, "id": "BR"}, {"import": 69212, "export": 0, "id": "VN"}, {"import": 67107, "export": 0, "id": "ES"}, {"import": 0, "export": 0, "id": "US"}, {"import": 973, "export": 0, "id": "PT"}, {"import": 0, "export": 0, "id": "DE"}, {"import": 0, "export": 0, "id": "IT"}, {"import": 1527030, "export": 0, "id": "JP"}, {"import": 0, "export": 0, "id": "NL"}, {"import": 0, "export": 0, "id": "PK"}, {"import": 0, "export": 0, "id": "KH"}, {"import": 0, "export": 0, "id": "CN"}, {"import": 75300, "export": 0, "id": "SG"}, {"import": 24000, "export": 0, "id": "UY"}], "import": 4785041, "export": 0}, {"date": "2019-11-01", "list": [{"import": 852195, "export": 0, "id": "TH"}, {"import": 910920, "export": 0, "id": "BR"}, {"import": 0, "export": 0, "id": "VN"}, {"import": 22231, "export": 0, "id": "ES"}, {"import": 0, "export": 0, "id": "US"}, {"import": 476, "export": 0, "id": "PT"}, {"import": 0, "export": 0, "id": "DE"}, {"import": 0, "export": 0, "id": "IT"}, {"import": 0, "export": 0, "id": "JP"}, {"import": 0, "export": 0, "id": "NL"}, {"import": 0, "export": 0, "id": "PK"}, {"import": 0, "export": 0, "id": "KH"}, {"import": 0, "export": 0, "id": "CN"}, {"import": 0, "export": 0, "id": "SG"}, {"import": 0, "export": 0, "id": "UY"}], "import": 1785822, "export": 0}, {"date": "2019-12-01", "list": [{"import": 1041509, "export": 0, "id": "TH"}, {"import": 744100, "export": 0, "id": "BR"}, {"import": 715579, "export": 0, "id": "VN"}, {"import": 4522, "export": 0, "id": "ES"}, {"import": 1639, "export": 0, "id": "US"}, {"import": 858, "export": 0, "id": "PT"}, {"import": 180, "export": 0, "id": "DE"}, {"import": 0, "export": 0, "id": "IT"}, {"import": 0, "export": 0, "id": "JP"}, {"import": 0, "export": 0, "id": "NL"}, {"import": 0, "export": 0, "id": "PK"}, {"import": 0, "export": 0, "id": "KH"}, {"import": 0, "export": 0, "id": "CN"}, {"import": 0, "export": 0, "id": "SG"}, {"import": 0, "export": 0, "id": "UY"}], "import": 2508387, "export": 0}]