[{"date": "2018-12-01", "list": [{"import": 0, "export": 0, "id": "IT"}, {"import": 1956, "export": 0, "id": "TH"}, {"import": 0, "export": 0, "id": "SE"}, {"import": 0, "export": 0, "id": "PK"}, {"import": 286, "export": 0, "id": "PL"}, {"import": 0, "export": 0, "id": "IN"}, {"import": 0, "export": 0, "id": "VN"}, {"import": 0, "export": 0, "id": "ES"}, {"import": 0, "export": 0, "id": "AR"}, {"import": 640, "export": 0, "id": "KH"}, {"import": 0, "export": 0, "id": "DK"}, {"import": 0, "export": 0, "id": "DE"}, {"import": 0, "export": 0, "id": "TR"}, {"import": 0, "export": 0, "id": "GB"}, {"import": 0, "export": 0, "id": "NL"}, {"import": 0, "export": 0, "id": "FO"}], "import": 2882, "export": 0}, {"date": "2019-01-01", "list": [{"import": 796, "export": 0, "id": "IT"}, {"import": 1096, "export": 0, "id": "TH"}, {"import": 0, "export": 0, "id": "SE"}, {"import": 372, "export": 0, "id": "PK"}, {"import": 0, "export": 0, "id": "PL"}, {"import": 0, "export": 0, "id": "IN"}, {"import": 0, "export": 0, "id": "VN"}, {"import": 0, "export": 0, "id": "ES"}, {"import": 0, "export": 0, "id": "AR"}, {"import": 1340, "export": 0, "id": "KH"}, {"import": 0, "export": 0, "id": "DK"}, {"import": 0, "export": 0, "id": "DE"}, {"import": 358, "export": 0, "id": "TR"}, {"import": 0, "export": 0, "id": "GB"}, {"import": 0, "export": 0, "id": "NL"}, {"import": 0, "export": 0, "id": "FO"}], "import": 3962, "export": 0}, {"date": "2019-02-01", "list": [{"import": 0, "export": 0, "id": "IT"}, {"import": 288, "export": 0, "id": "TH"}, {"import": 0, "export": 0, "id": "SE"}, {"import": 0, "export": 0, "id": "PK"}, {"import": 0, "export": 0, "id": "PL"}, {"import": 0, "export": 0, "id": "IN"}, {"import": 0, "export": 0, "id": "VN"}, {"import": 0, "export": 0, "id": "ES"}, {"import": 0, "export": 0, "id": "AR"}, {"import": 600, "export": 0, "id": "KH"}, {"import": 0, "export": 0, "id": "DK"}, {"import": 548, "export": 0, "id": "DE"}, {"import": 0, "export": 0, "id": "TR"}, {"import": 0, "export": 0, "id": "GB"}, {"import": 0, "export": 0, "id": "NL"}, {"import": 0, "export": 0, "id": "FO"}], "import": 1436, "export": 0}, {"date": "2019-03-01", "list": [{"import": 518, "export": 0, "id": "IT"}, {"import": 784, "export": 0, "id": "TH"}, {"import": 0, "export": 0, "id": "SE"}, {"import": 348, "export": 0, "id": "PK"}, {"import": 0, "export": 0, "id": "PL"}, {"import": 0, "export": 0, "id": "IN"}, {"import": 0, "export": 0, "id": "VN"}, {"import": 1080, "export": 0, "id": "ES"}, {"import": 0, "export": 0, "id": "AR"}, {"import": 400, "export": 0, "id": "KH"}, {"import": 0, "export": 0, "id": "DK"}, {"import": 280, "export": 0, "id": "DE"}, {"import": 0, "export": 0, "id": "TR"}, {"import": 0, "export": 0, "id": "GB"}, {"import": 0, "export": 0, "id": "NL"}, {"import": 0, "export": 0, "id": "FO"}], "import": 3410, "export": 0}, {"date": "2019-04-01", "list": [{"import": 546, "export": 0, "id": "IT"}, {"import": 1406, "export": 0, "id": "TH"}, {"import": 0, "export": 0, "id": "SE"}, {"import": 0, "export": 0, "id": "PK"}, {"import": 0, "export": 0, "id": "PL"}, {"import": 1296, "export": 0, "id": "IN"}, {"import": 0, "export": 0, "id": "VN"}, {"import": 0, "export": 0, "id": "ES"}, {"import": 0, "export": 0, "id": "AR"}, {"import": 360, "export": 0, "id": "KH"}, {"import": 0, "export": 0, "id": "DK"}, {"import": 0, "export": 0, "id": "DE"}, {"import": 0, "export": 0, "id": "TR"}, {"import": 58, "export": 0, "id": "GB"}, {"import": 0, "export": 0, "id": "NL"}, {"import": 0, "export": 0, "id": "FO"}], "import": 3666, "export": 0}, {"date": "2019-05-01", "list": [{"import": 361, "export": 0, "id": "IT"}, {"import": 840, "export": 0, "id": "TH"}, {"import": 0, "export": 0, "id": "SE"}, {"import": 348, "export": 0, "id": "PK"}, {"import": 0, "export": 0, "id": "PL"}, {"import": 585, "export": 0, "id": "IN"}, {"import": 0, "export": 0, "id": "VN"}, {"import": 0, "export": 0, "id": "ES"}, {"import": 0, "export": 0, "id": "AR"}, {"import": 170, "export": 0, "id": "KH"}, {"import": 0, "export": 0, "id": "DK"}, {"import": 491, "export": 0, "id": "DE"}, {"import": 0, "export": 0, "id": "TR"}, {"import": 0, "export": 0, "id": "GB"}, {"import": 200, "export": 0, "id": "NL"}, {"import": 0, "export": 1320, "id": "FO"}], "import": 2995, "export": 1320}, {"date": "2019-06-01", "list": [{"import": 0, "export": 0, "id": "IT"}, {"import": 934, "export": 0, "id": "TH"}, {"import": 0, "export": 0, "id": "SE"}, {"import": 0, "export": 0, "id": "PK"}, {"import": 0, "export": 0, "id": "PL"}, {"import": 0, "export": 0, "id": "IN"}, {"import": 0, "export": 0, "id": "VN"}, {"import": 0, "export": 0, "id": "ES"}, {"import": 0, "export": 0, "id": "AR"}, {"import": 720, "export": 0, "id": "KH"}, {"import": 0, "export": 0, "id": "DK"}, {"import": 289, "export": 0, "id": "DE"}, {"import": 0, "export": 0, "id": "TR"}, {"import": 0, "export": 0, "id": "GB"}, {"import": 0, "export": 0, "id": "NL"}, {"import": 0, "export": 0, "id": "FO"}], "import": 1943, "export": 0}, {"date": "2019-07-01", "list": [{"import": 518, "export": 0, "id": "IT"}, {"import": 0, "export": 0, "id": "TH"}, {"import": 1071, "export": 0, "id": "SE"}, {"import": 0, "export": 0, "id": "PK"}, {"import": 0, "export": 0, "id": "PL"}, {"import": 1620, "export": 0, "id": "IN"}, {"import": 0, "export": 0, "id": "VN"}, {"import": 0, "export": 0, "id": "ES"}, {"import": 0, "export": 0, "id": "AR"}, {"import": 713, "export": 0, "id": "KH"}, {"import": 324, "export": 0, "id": "DK"}, {"import": 173, "export": 0, "id": "DE"}, {"import": 0, "export": 0, "id": "TR"}, {"import": 0, "export": 0, "id": "GB"}, {"import": 0, "export": 0, "id": "NL"}, {"import": 0, "export": 0, "id": "FO"}], "import": 4419, "export": 0}, {"date": "2019-08-01", "list": [{"import": 0, "export": 0, "id": "IT"}, {"import": 385, "export": 0, "id": "TH"}, {"import": 0, "export": 0, "id": "SE"}, {"import": 0, "export": 0, "id": "PK"}, {"import": 0, "export": 0, "id": "PL"}, {"import": 0, "export": 0, "id": "IN"}, {"import": 0, "export": 0, "id": "VN"}, {"import": 0, "export": 0, "id": "ES"}, {"import": 0, "export": 0, "id": "AR"}, {"import": 884, "export": 0, "id": "KH"}, {"import": 0, "export": 0, "id": "DK"}, {"import": 0, "export": 0, "id": "DE"}, {"import": 0, "export": 0, "id": "TR"}, {"import": 0, "export": 0, "id": "GB"}, {"import": 0, "export": 0, "id": "NL"}, {"import": 0, "export": 0, "id": "FO"}], "import": 1269, "export": 0}, {"date": "2019-09-01", "list": [{"import": 2346, "export": 0, "id": "IT"}, {"import": 906, "export": 0, "id": "TH"}, {"import": 0, "export": 0, "id": "SE"}, {"import": 372, "export": 0, "id": "PK"}, {"import": 1014, "export": 0, "id": "PL"}, {"import": 216, "export": 0, "id": "IN"}, {"import": 0, "export": 0, "id": "VN"}, {"import": 0, "export": 0, "id": "ES"}, {"import": 0, "export": 0, "id": "AR"}, {"import": 1360, "export": 0, "id": "KH"}, {"import": 0, "export": 0, "id": "DK"}, {"import": 0, "export": 0, "id": "DE"}, {"import": 0, "export": 0, "id": "TR"}, {"import": 0, "export": 0, "id": "GB"}, {"import": 0, "export": 0, "id": "NL"}, {"import": 0, "export": 0, "id": "FO"}], "import": 6214, "export": 0}, {"date": "2019-10-01", "list": [{"import": 511, "export": 0, "id": "IT"}, {"import": 2695, "export": 0, "id": "TH"}, {"import": 0, "export": 0, "id": "SE"}, {"import": 0, "export": 0, "id": "PK"}, {"import": 0, "export": 0, "id": "PL"}, {"import": 808, "export": 0, "id": "IN"}, {"import": 0, "export": 0, "id": "VN"}, {"import": 0, "export": 0, "id": "ES"}, {"import": 0, "export": 0, "id": "AR"}, {"import": 1160, "export": 0, "id": "KH"}, {"import": 0, "export": 0, "id": "DK"}, {"import": 344, "export": 0, "id": "DE"}, {"import": 0, "export": 0, "id": "TR"}, {"import": 0, "export": 0, "id": "GB"}, {"import": 0, "export": 0, "id": "NL"}, {"import": 0, "export": 0, "id": "FO"}], "import": 5518, "export": 0}, {"date": "2019-11-01", "list": [{"import": 518, "export": 0, "id": "IT"}, {"import": 528, "export": 0, "id": "TH"}, {"import": 0, "export": 0, "id": "SE"}, {"import": 0, "export": 0, "id": "PK"}, {"import": 522, "export": 0, "id": "PL"}, {"import": 0, "export": 0, "id": "IN"}, {"import": 0, "export": 0, "id": "VN"}, {"import": 0, "export": 0, "id": "ES"}, {"import": 0, "export": 0, "id": "AR"}, {"import": 0, "export": 0, "id": "KH"}, {"import": 0, "export": 0, "id": "DK"}, {"import": 0, "export": 0, "id": "DE"}, {"import": 0, "export": 0, "id": "TR"}, {"import": 0, "export": 0, "id": "GB"}, {"import": 0, "export": 0, "id": "NL"}, {"import": 0, "export": 0, "id": "FO"}], "import": 1568, "export": 0}, {"date": "2019-12-01", "list": [{"import": 518, "export": 0, "id": "IT"}, {"import": 852, "export": 0, "id": "TH"}, {"import": 0, "export": 0, "id": "SE"}, {"import": 1130, "export": 0, "id": "PK"}, {"import": 0, "export": 0, "id": "PL"}, {"import": 0, "export": 0, "id": "IN"}, {"import": 52, "export": 0, "id": "VN"}, {"import": 0, "export": 0, "id": "ES"}, {"import": 0, "export": 0, "id": "AR"}, {"import": 0, "export": 0, "id": "KH"}, {"import": 0, "export": 0, "id": "DK"}, {"import": 372, "export": 0, "id": "DE"}, {"import": 374, "export": 0, "id": "TR"}, {"import": 0, "export": 0, "id": "GB"}, {"import": 0, "export": 0, "id": "NL"}, {"import": 0, "export": 0, "id": "FO"}], "import": 3298, "export": 0}, {"date": "2020-01-01", "list": [{"import": 0, "export": 0, "id": "IT"}, {"import": 1275, "export": 0, "id": "TH"}, {"import": 216, "export": 0, "id": "SE"}, {"import": 890, "export": 0, "id": "PK"}, {"import": 0, "export": 0, "id": "PL"}, {"import": 532, "export": 0, "id": "IN"}, {"import": 0, "export": 0, "id": "VN"}, {"import": 0, "export": 0, "id": "ES"}, {"import": 0, "export": 0, "id": "AR"}, {"import": 1360, "export": 0, "id": "KH"}, {"import": 0, "export": 0, "id": "DK"}, {"import": 0, "export": 0, "id": "DE"}, {"import": 0, "export": 0, "id": "TR"}, {"import": 0, "export": 0, "id": "GB"}, {"import": 0, "export": 0, "id": "NL"}, {"import": 0, "export": 0, "id": "FO"}], "import": 4273, "export": 0}, {"date": "2020-02-01", "list": [{"import": 0, "export": 0, "id": "IT"}, {"import": 19047, "export": 0, "id": "TH"}, {"import": 0, "export": 0, "id": "SE"}, {"import": 378, "export": 0, "id": "PK"}, {"import": 0, "export": 0, "id": "PL"}, {"import": 520, "export": 0, "id": "IN"}, {"import": 0, "export": 0, "id": "VN"}, {"import": 0, "export": 0, "id": "ES"}, {"import": 0, "export": 0, "id": "AR"}, {"import": 488, "export": 0, "id": "KH"}, {"import": 0, "export": 0, "id": "DK"}, {"import": 477, "export": 0, "id": "DE"}, {"import": 0, "export": 0, "id": "TR"}, {"import": 0, "export": 0, "id": "GB"}, {"import": 0, "export": 0, "id": "NL"}, {"import": 0, "export": 1458, "id": "FO"}], "import": 20910, "export": 1458}, {"date": "2020-03-01", "list": [{"import": 1036, "export": 0, "id": "IT"}, {"import": 3041, "export": 0, "id": "TH"}, {"import": 0, "export": 0, "id": "SE"}, {"import": 0, "export": 0, "id": "PK"}, {"import": 502, "export": 0, "id": "PL"}, {"import": 600, "export": 0, "id": "IN"}, {"import": 0, "export": 0, "id": "VN"}, {"import": 0, "export": 0, "id": "ES"}, {"import": 0, "export": 0, "id": "AR"}, {"import": 1324, "export": 0, "id": "KH"}, {"import": 0, "export": 0, "id": "DK"}, {"import": 708, "export": 0, "id": "DE"}, {"import": 0, "export": 0, "id": "TR"}, {"import": 0, "export": 0, "id": "GB"}, {"import": 0, "export": 0, "id": "NL"}, {"import": 0, "export": 1363, "id": "FO"}], "import": 7211, "export": 1363}, {"date": "2020-04-01", "list": [{"import": 0, "export": 0, "id": "IT"}, {"import": 402, "export": 0, "id": "TH"}, {"import": 0, "export": 0, "id": "SE"}, {"import": 0, "export": 0, "id": "PK"}, {"import": 660, "export": 0, "id": "PL"}, {"import": 0, "export": 0, "id": "IN"}, {"import": 0, "export": 0, "id": "VN"}, {"import": 0, "export": 0, "id": "ES"}, {"import": 0, "export": 0, "id": "AR"}, {"import": 0, "export": 0, "id": "KH"}, {"import": 0, "export": 0, "id": "DK"}, {"import": 503, "export": 0, "id": "DE"}, {"import": 0, "export": 0, "id": "TR"}, {"import": 0, "export": 0, "id": "GB"}, {"import": 0, "export": 0, "id": "NL"}, {"import": 0, "export": 0, "id": "FO"}], "import": 1565, "export": 0}, {"date": "2020-05-01", "list": [{"import": 956, "export": 0, "id": "IT"}, {"import": 1231, "export": 0, "id": "TH"}, {"import": 0, "export": 0, "id": "SE"}, {"import": 0, "export": 0, "id": "PK"}, {"import": 0, "export": 0, "id": "PL"}, {"import": 0, "export": 0, "id": "IN"}, {"import": 0, "export": 0, "id": "VN"}, {"import": 0, "export": 0, "id": "ES"}, {"import": 354, "export": 0, "id": "AR"}, {"import": 0, "export": 0, "id": "KH"}, {"import": 0, "export": 0, "id": "DK"}, {"import": 102, "export": 0, "id": "DE"}, {"import": 305, "export": 0, "id": "TR"}, {"import": 0, "export": 0, "id": "GB"}, {"import": 0, "export": 0, "id": "NL"}, {"import": 0, "export": 959, "id": "FO"}], "import": 2948, "export": 959}]