[{"date": "2019-07-01", "list": [{"import": 0, "export": 0, "id": "RU"}, {"import": 0, "export": 0, "id": "IN"}, {"import": 0, "export": 0, "id": "UA"}, {"import": 0, "export": 0, "id": "UZ"}, {"import": 0, "export": 0, "id": "AF"}], "import": 0, "export": 0}, {"date": "2019-08-01", "list": [{"import": 0, "export": 0, "id": "RU"}, {"import": 0, "export": 0, "id": "IN"}, {"import": 0, "export": 0, "id": "UA"}, {"import": 0, "export": 0, "id": "UZ"}, {"import": 0, "export": 0, "id": "AF"}], "import": 0, "export": 0}, {"date": "2019-09-01", "list": [{"import": 0, "export": 0, "id": "RU"}, {"import": 0, "export": 0, "id": "IN"}, {"import": 0, "export": 0, "id": "UA"}, {"import": 0, "export": 0, "id": "UZ"}, {"import": 0, "export": 0, "id": "AF"}], "import": 0, "export": 0}, {"date": "2019-10-01", "list": [{"import": 0, "export": 0, "id": "RU"}, {"import": 25000, "export": 0, "id": "IN"}, {"import": 0, "export": 0, "id": "UA"}, {"import": 0, "export": 0, "id": "UZ"}, {"import": 0, "export": 0, "id": "AF"}], "import": 25000, "export": 0}, {"date": "2019-11-01", "list": [{"import": 0, "export": 0, "id": "RU"}, {"import": 0, "export": 0, "id": "IN"}, {"import": 0, "export": 0, "id": "UA"}, {"import": 0, "export": 0, "id": "UZ"}, {"import": 0, "export": 0, "id": "AF"}], "import": 0, "export": 0}, {"date": "2019-12-01", "list": [{"import": 0, "export": 0, "id": "RU"}, {"import": 0, "export": 0, "id": "IN"}, {"import": 0, "export": 0, "id": "UA"}, {"import": 0, "export": 0, "id": "UZ"}, {"import": 0, "export": 0, "id": "AF"}], "import": 0, "export": 0}, {"date": "2020-01-01", "list": [{"import": 0, "export": 0, "id": "RU"}, {"import": 0, "export": 0, "id": "IN"}, {"import": 0, "export": 0, "id": "UA"}, {"import": 0, "export": 102400, "id": "UZ"}, {"import": 0, "export": 0, "id": "AF"}], "import": 0, "export": 102400}, {"date": "2020-02-01", "list": [{"import": 0, "export": 0, "id": "RU"}, {"import": 0, "export": 0, "id": "IN"}, {"import": 0, "export": 0, "id": "UA"}, {"import": 0, "export": 283965, "id": "UZ"}, {"import": 0, "export": 0, "id": "AF"}], "import": 0, "export": 283965}, {"date": "2020-03-01", "list": [{"import": 0, "export": 0, "id": "RU"}, {"import": 0, "export": 0, "id": "IN"}, {"import": 0, "export": 0, "id": "UA"}, {"import": 0, "export": 533000, "id": "UZ"}, {"import": 0, "export": 0, "id": "AF"}], "import": 0, "export": 533000}, {"date": "2020-04-01", "list": [{"import": 0, "export": 0, "id": "RU"}, {"import": 0, "export": 0, "id": "IN"}, {"import": 40005, "export": 0, "id": "UA"}, {"import": 0, "export": 179148, "id": "UZ"}, {"import": 0, "export": 0, "id": "AF"}], "import": 40005, "export": 179148}, {"date": "2018-11-01", "list": [{"import": 0, "export": 84830, "id": "UZ"}, {"import": 0, "export": 44000, "id": "AF"}, {"import": 0, "export": 308000, "id": "RU"}], "import": 0, "export": 436830}, {"date": "2018-12-01", "list": [{"import": 0, "export": 531775, "id": "UZ"}, {"import": 0, "export": 0, "id": "AF"}, {"import": 0, "export": 100000, "id": "RU"}], "import": 0, "export": 631775}, {"date": "2019-01-01", "list": [{"import": 0, "export": 216855, "id": "UZ"}, {"import": 0, "export": 0, "id": "AF"}, {"import": 0, "export": 0, "id": "RU"}], "import": 0, "export": 216855}, {"date": "2019-02-01", "list": [{"import": 0, "export": 168000, "id": "UZ"}, {"import": 0, "export": 0, "id": "AF"}, {"import": 0, "export": 80000, "id": "RU"}], "import": 0, "export": 248000}, {"date": "2019-03-01", "list": [{"import": 0, "export": 51000, "id": "UZ"}, {"import": 0, "export": 0, "id": "AF"}, {"import": 0, "export": 0, "id": "RU"}], "import": 0, "export": 51000}, {"date": "2019-04-01", "list": [{"import": 0, "export": 68000, "id": "UZ"}, {"import": 0, "export": 0, "id": "AF"}, {"import": 0, "export": 0, "id": "RU"}], "import": 0, "export": 68000}, {"date": "2019-05-01", "list": [{"import": 0, "export": 0, "id": "UZ"}, {"import": 0, "export": 0, "id": "AF"}, {"import": 0, "export": 0, "id": "RU"}], "import": 0, "export": 0}, {"date": "2019-06-01", "list": [{"import": 0, "export": 0, "id": "UZ"}, {"import": 0, "export": 0, "id": "AF"}, {"import": 0, "export": 0, "id": "RU"}], "import": 0, "export": 0}]