[{"date": "2019-11-01", "list": [{"import": 23500, "export": 0, "id": "RU"}], "import": 23500, "export": 0}, {"date": "2019-04-01", "list": [{"import": 56600, "export": 0, "id": "TR"}], "import": 56600, "export": 0}, {"date": "2020-03-01", "list": [{"import": 43000, "export": 0, "id": "TR"}, {"import": 0, "export": 176620, "id": "PL"}], "import": 43000, "export": 176620}, {"date": "2020-05-01", "list": [{"import": 600, "export": 0, "id": "TR"}, {"import": 0, "export": 22000, "id": "PL"}], "import": 600, "export": 22000}, {"date": "2020-04-01", "list": [{"import": 0, "export": 40005, "id": "KZ"}, {"import": 0, "export": 22000, "id": "PL"}], "import": 0, "export": 62005}, {"date": "2020-02-01", "list": [{"import": 0, "export": 65940, "id": "PL"}], "import": 0, "export": 65940}]