[{"date": "2019-01-01", "list": [{"import": 2613, "export": 0, "id": "ES"}], "import": 2613, "export": 0}, {"date": "2019-02-01", "list": [{"import": 2578, "export": 0, "id": "ES"}], "import": 2578, "export": 0}, {"date": "2019-03-01", "list": [{"import": 3110, "export": 0, "id": "ES"}], "import": 3110, "export": 0}, {"date": "2019-04-01", "list": [{"import": 4344, "export": 0, "id": "ES"}], "import": 4344, "export": 0}, {"date": "2019-05-01", "list": [{"import": 4142, "export": 0, "id": "ES"}], "import": 4142, "export": 0}, {"date": "2019-06-01", "list": [{"import": 1780, "export": 0, "id": "ES"}], "import": 1780, "export": 0}, {"date": "2019-07-01", "list": [{"import": 3395, "export": 0, "id": "ES"}], "import": 3395, "export": 0}, {"date": "2019-08-01", "list": [{"import": 1410, "export": 0, "id": "ES"}], "import": 1410, "export": 0}, {"date": "2019-09-01", "list": [{"import": 2867, "export": 0, "id": "ES"}], "import": 2867, "export": 0}, {"date": "2019-10-01", "list": [{"import": 3161, "export": 0, "id": "ES"}], "import": 3161, "export": 0}, {"date": "2019-11-01", "list": [{"import": 1283, "export": 0, "id": "ES"}], "import": 1283, "export": 0}, {"date": "2019-12-01", "list": [{"import": 967, "export": 0, "id": "ES"}], "import": 967, "export": 0}, {"date": "2020-01-01", "list": [{"import": 3360, "export": 0, "id": "ES"}], "import": 3360, "export": 0}, {"date": "2020-02-01", "list": [{"import": 3166, "export": 0, "id": "ES"}], "import": 3166, "export": 0}, {"date": "2020-03-01", "list": [{"import": 6598, "export": 0, "id": "ES"}], "import": 6598, "export": 0}, {"date": "2020-04-01", "list": [{"import": 3992, "export": 0, "id": "ES"}], "import": 3992, "export": 0}, {"date": "2020-05-01", "list": [{"import": 2524, "export": 0, "id": "ES"}], "import": 2524, "export": 0}]