[{"date": "2018-11-01", "list": [{"import": 62856, "export": 0, "id": "US"}, {"import": 781, "export": 50, "id": "-"}, {"import": 1537, "export": 0, "id": "NL"}, {"import": 0, "export": 0, "id": "CN"}], "import": 65174, "export": 50}, {"date": "2018-12-01", "list": [{"import": 49324, "export": 0, "id": "US"}, {"import": 29832, "export": 0, "id": "-"}, {"import": 0, "export": 0, "id": "NL"}, {"import": 0, "export": 0, "id": "CN"}], "import": 79156, "export": 0}, {"date": "2019-01-01", "list": [{"import": 194464, "export": 0, "id": "US"}, {"import": 23297, "export": 0, "id": "-"}, {"import": 0, "export": 0, "id": "NL"}, {"import": 0, "export": 0, "id": "CN"}], "import": 217761, "export": 0}, {"date": "2019-02-01", "list": [{"import": 174535, "export": 0, "id": "US"}, {"import": 6092, "export": 0, "id": "-"}, {"import": 1412, "export": 0, "id": "NL"}, {"import": 0, "export": 0, "id": "CN"}], "import": 182039, "export": 0}, {"date": "2019-03-01", "list": [{"import": 124209, "export": 0, "id": "US"}, {"import": 54967, "export": 0, "id": "-"}, {"import": 2383, "export": 0, "id": "NL"}, {"import": 0, "export": 0, "id": "CN"}], "import": 181559, "export": 0}, {"date": "2019-04-01", "list": [{"import": 116514, "export": 0, "id": "US"}, {"import": 31882, "export": 0, "id": "-"}, {"import": 965, "export": 0, "id": "NL"}, {"import": 0, "export": 0, "id": "CN"}], "import": 149361, "export": 0}, {"date": "2019-05-01", "list": [{"import": 103581, "export": 0, "id": "US"}, {"import": 27813, "export": 0, "id": "-"}, {"import": 1118, "export": 0, "id": "NL"}, {"import": 0, "export": 0, "id": "CN"}], "import": 132512, "export": 0}, {"date": "2019-06-01", "list": [{"import": 76507, "export": 0, "id": "US"}, {"import": 0, "export": 0, "id": "-"}, {"import": 1903, "export": 0, "id": "NL"}, {"import": 398, "export": 0, "id": "CN"}], "import": 78808, "export": 0}, {"date": "2019-07-01", "list": [{"import": 87861, "export": 0, "id": "US"}, {"import": 25759, "export": 0, "id": "-"}, {"import": 0, "export": 0, "id": "NL"}, {"import": 0, "export": 0, "id": "CN"}], "import": 113620, "export": 0}, {"date": "2019-08-01", "list": [{"import": 57888, "export": 0, "id": "US"}, {"import": 28681, "export": 25, "id": "-"}, {"import": 1581, "export": 0, "id": "NL"}, {"import": 0, "export": 0, "id": "CN"}], "import": 88150, "export": 25}, {"date": "2019-09-01", "list": [{"import": 91328, "export": 0, "id": "US"}, {"import": 1455, "export": 0, "id": "-"}, {"import": 0, "export": 0, "id": "NL"}, {"import": 0, "export": 0, "id": "CN"}], "import": 92783, "export": 0}, {"date": "2019-10-01", "list": [{"import": 191756, "export": 0, "id": "US"}, {"import": 0, "export": 0, "id": "-"}, {"import": 2775, "export": 0, "id": "NL"}, {"import": 0, "export": 0, "id": "CN"}], "import": 194531, "export": 0}, {"date": "2019-11-01", "list": [{"import": 148776, "export": 0, "id": "US"}, {"import": 18681, "export": 0, "id": "-"}, {"import": 3594, "export": 0, "id": "NL"}, {"import": 0, "export": 0, "id": "CN"}], "import": 171051, "export": 0}, {"date": "2019-12-01", "list": [{"import": 96506, "export": 0, "id": "US"}, {"import": 4219, "export": 85, "id": "-"}, {"import": 0, "export": 0, "id": "NL"}, {"import": 0, "export": 0, "id": "CN"}], "import": 100725, "export": 85}, {"date": "2020-01-01", "list": [{"import": 0, "export": 0, "id": "US"}, {"import": 128129, "export": 100, "id": "-"}, {"import": 0, "export": 0, "id": "NL"}, {"import": 0, "export": 0, "id": "CN"}], "import": 128129, "export": 100}, {"date": "2020-02-01", "list": [{"import": 235969, "export": 0, "id": "US"}, {"import": 71672, "export": 0, "id": "-"}, {"import": 0, "export": 0, "id": "NL"}, {"import": 0, "export": 0, "id": "CN"}], "import": 307641, "export": 0}, {"date": "2020-03-01", "list": [{"import": 279460, "export": 0, "id": "US"}, {"import": 1479, "export": 0, "id": "-"}, {"import": 0, "export": 0, "id": "NL"}, {"import": 0, "export": 0, "id": "CN"}], "import": 280939, "export": 0}, {"date": "2020-04-01", "list": [{"import": 212327, "export": 0, "id": "US"}, {"import": 26490, "export": 0, "id": "-"}, {"import": 818, "export": 0, "id": "NL"}, {"import": 0, "export": 0, "id": "CN"}], "import": 239635, "export": 0}]