[{"date": "2013-05-01", "list": [{"import": 0, "export": 0, "id": "CD"}, {"import": 25, "export": 0, "id": "IT"}, {"import": 63490, "export": 0, "id": "TZ"}, {"import": 0, "export": 0, "id": "US"}], "import": 63515, "export": 0}, {"date": "2013-06-01", "list": [{"import": 0, "export": 0, "id": "CD"}, {"import": 0, "export": 0, "id": "IT"}, {"import": 0, "export": 0, "id": "TZ"}, {"import": 0, "export": 0, "id": "US"}], "import": 0, "export": 0}, {"date": "2013-07-01", "list": [{"import": 0, "export": 0, "id": "CD"}, {"import": 0, "export": 0, "id": "IT"}, {"import": 0, "export": 0, "id": "TZ"}, {"import": 18200, "export": 0, "id": "US"}], "import": 18200, "export": 0}, {"date": "2013-08-01", "list": [{"import": 0, "export": 0, "id": "CD"}, {"import": 0, "export": 0, "id": "IT"}, {"import": 0, "export": 28000, "id": "TZ"}, {"import": 0, "export": 0, "id": "US"}], "import": 0, "export": 28000}, {"date": "2013-09-01", "list": [{"import": 0, "export": 0, "id": "CD"}, {"import": 0, "export": 0, "id": "IT"}, {"import": 0, "export": 0, "id": "TZ"}, {"import": 0, "export": 0, "id": "US"}], "import": 0, "export": 0}, {"date": "2013-10-01", "list": [{"import": 0, "export": 0, "id": "CD"}, {"import": 0, "export": 0, "id": "IT"}, {"import": 0, "export": 0, "id": "TZ"}, {"import": 0, "export": 0, "id": "US"}], "import": 0, "export": 0}, {"date": "2013-11-01", "list": [{"import": 0, "export": 0, "id": "CD"}, {"import": 0, "export": 0, "id": "IT"}, {"import": 0, "export": 0, "id": "TZ"}, {"import": 0, "export": 0, "id": "US"}], "import": 0, "export": 0}, {"date": "2013-12-01", "list": [{"import": 0, "export": 0, "id": "CD"}, {"import": 0, "export": 0, "id": "IT"}, {"import": 0, "export": 0, "id": "TZ"}, {"import": 0, "export": 0, "id": "US"}], "import": 0, "export": 0}, {"date": "2014-01-01", "list": [{"import": 0, "export": 0, "id": "CD"}, {"import": 0, "export": 0, "id": "IT"}, {"import": 0, "export": 0, "id": "TZ"}, {"import": 0, "export": 0, "id": "US"}], "import": 0, "export": 0}, {"date": "2014-02-01", "list": [{"import": 0, "export": 0, "id": "CD"}, {"import": 0, "export": 0, "id": "IT"}, {"import": 0, "export": 0, "id": "TZ"}, {"import": 0, "export": 0, "id": "US"}], "import": 0, "export": 0}, {"date": "2014-03-01", "list": [{"import": 0, "export": 0, "id": "CD"}, {"import": 0, "export": 0, "id": "IT"}, {"import": 0, "export": 0, "id": "TZ"}, {"import": 0, "export": 0, "id": "US"}], "import": 0, "export": 0}, {"date": "2014-04-01", "list": [{"import": 0, "export": 0, "id": "CD"}, {"import": 0, "export": 0, "id": "IT"}, {"import": 0, "export": 0, "id": "TZ"}, {"import": 0, "export": 0, "id": "US"}], "import": 0, "export": 0}, {"date": "2014-05-01", "list": [{"import": 0, "export": 0, "id": "CD"}, {"import": 0, "export": 0, "id": "IT"}, {"import": 0, "export": 0, "id": "TZ"}, {"import": 0, "export": 0, "id": "US"}], "import": 0, "export": 0}, {"date": "2014-06-01", "list": [{"import": 0, "export": 0, "id": "CD"}, {"import": 0, "export": 0, "id": "IT"}, {"import": 0, "export": 0, "id": "TZ"}, {"import": 0, "export": 0, "id": "US"}], "import": 0, "export": 0}, {"date": "2014-07-01", "list": [{"import": 0, "export": 0, "id": "CD"}, {"import": 0, "export": 0, "id": "IT"}, {"import": 0, "export": 0, "id": "TZ"}, {"import": 0, "export": 0, "id": "US"}], "import": 0, "export": 0}, {"date": "2014-08-01", "list": [{"import": 0, "export": 0, "id": "CD"}, {"import": 0, "export": 0, "id": "IT"}, {"import": 0, "export": 0, "id": "TZ"}, {"import": 0, "export": 0, "id": "US"}], "import": 0, "export": 0}, {"date": "2014-09-01", "list": [{"import": 4000, "export": 0, "id": "CD"}, {"import": 0, "export": 0, "id": "IT"}, {"import": 0, "export": 0, "id": "TZ"}, {"import": 0, "export": 0, "id": "US"}], "import": 4000, "export": 0}, {"date": "2014-10-01", "list": [{"import": 0, "export": 0, "id": "CD"}, {"import": 0, "export": 0, "id": "IT"}, {"import": 0, "export": 0, "id": "TZ"}, {"import": 0, "export": 0, "id": "US"}], "import": 0, "export": 0}]