[{"date": "2018-10-01", "list": [{"import": 0, "export": 0, "id": "AT"}, {"import": 0, "export": 0, "id": "HU"}, {"import": 0, "export": 0, "id": "IT"}, {"import": 0, "export": 0, "id": "SI"}], "import": 0, "export": 0}, {"date": "2018-11-01", "list": [{"import": 34200, "export": 0, "id": "AT"}, {"import": 0, "export": 0, "id": "HU"}, {"import": 0, "export": 0, "id": "IT"}, {"import": 0, "export": 0, "id": "SI"}], "import": 34200, "export": 0}, {"date": "2018-12-01", "list": [{"import": 0, "export": 0, "id": "AT"}, {"import": 0, "export": 0, "id": "HU"}, {"import": 0, "export": 0, "id": "IT"}, {"import": 0, "export": 0, "id": "SI"}], "import": 0, "export": 0}, {"date": "2019-01-01", "list": [{"import": 0, "export": 0, "id": "AT"}, {"import": 0, "export": 0, "id": "HU"}, {"import": 0, "export": 0, "id": "IT"}, {"import": 0, "export": 0, "id": "SI"}], "import": 0, "export": 0}, {"date": "2019-02-01", "list": [{"import": 0, "export": 0, "id": "AT"}, {"import": 0, "export": 0, "id": "HU"}, {"import": 0, "export": 0, "id": "IT"}, {"import": 0, "export": 0, "id": "SI"}], "import": 0, "export": 0}, {"date": "2019-03-01", "list": [{"import": 0, "export": 0, "id": "AT"}, {"import": 1000, "export": 0, "id": "HU"}, {"import": 0, "export": 0, "id": "IT"}, {"import": 0, "export": 0, "id": "SI"}], "import": 1000, "export": 0}, {"date": "2019-04-01", "list": [{"import": 0, "export": 0, "id": "AT"}, {"import": 0, "export": 0, "id": "HU"}, {"import": 2720, "export": 0, "id": "IT"}, {"import": 0, "export": 0, "id": "SI"}], "import": 2720, "export": 0}, {"date": "2019-05-01", "list": [{"import": 0, "export": 0, "id": "AT"}, {"import": 0, "export": 0, "id": "HU"}, {"import": 0, "export": 0, "id": "IT"}, {"import": 0, "export": 0, "id": "SI"}], "import": 0, "export": 0}, {"date": "2019-06-01", "list": [{"import": 0, "export": 0, "id": "AT"}, {"import": 0, "export": 0, "id": "HU"}, {"import": 1920, "export": 0, "id": "IT"}, {"import": 112, "export": 0, "id": "SI"}], "import": 2032, "export": 0}, {"date": "2019-07-01", "list": [{"import": 0, "export": 0, "id": "AT"}, {"import": 0, "export": 0, "id": "HU"}, {"import": 480, "export": 0, "id": "IT"}, {"import": 0, "export": 0, "id": "SI"}], "import": 480, "export": 0}, {"date": "2019-08-01", "list": [{"import": 0, "export": 0, "id": "AT"}, {"import": 0, "export": 0, "id": "HU"}, {"import": 1320, "export": 0, "id": "IT"}, {"import": 396, "export": 0, "id": "SI"}], "import": 1716, "export": 0}, {"date": "2019-09-01", "list": [{"import": 0, "export": 0, "id": "AT"}, {"import": 0, "export": 0, "id": "HU"}, {"import": 1020, "export": 0, "id": "IT"}, {"import": 374, "export": 0, "id": "SI"}], "import": 1394, "export": 0}, {"date": "2019-10-01", "list": [{"import": 0, "export": 0, "id": "AT"}, {"import": 0, "export": 0, "id": "HU"}, {"import": 0, "export": 0, "id": "IT"}, {"import": 0, "export": 0, "id": "SI"}], "import": 0, "export": 0}, {"date": "2019-11-01", "list": [{"import": 0, "export": 0, "id": "AT"}, {"import": 0, "export": 0, "id": "HU"}, {"import": 0, "export": 0, "id": "IT"}, {"import": 0, "export": 0, "id": "SI"}], "import": 0, "export": 0}, {"date": "2019-12-01", "list": [{"import": 0, "export": 0, "id": "AT"}, {"import": 0, "export": 0, "id": "HU"}, {"import": 0, "export": 0, "id": "IT"}, {"import": 0, "export": 0, "id": "SI"}], "import": 0, "export": 0}, {"date": "2020-01-01", "list": [{"import": 0, "export": 0, "id": "AT"}, {"import": 0, "export": 0, "id": "HU"}, {"import": 0, "export": 0, "id": "IT"}, {"import": 0, "export": 0, "id": "SI"}], "import": 0, "export": 0}, {"date": "2020-02-01", "list": [{"import": 0, "export": 0, "id": "AT"}, {"import": 0, "export": 0, "id": "HU"}, {"import": 0, "export": 0, "id": "IT"}, {"import": 0, "export": 0, "id": "SI"}], "import": 0, "export": 0}, {"date": "2020-03-01", "list": [{"import": 0, "export": 0, "id": "AT"}, {"import": 0, "export": 0, "id": "HU"}, {"import": 0, "export": 0, "id": "IT"}, {"import": 0, "export": 0, "id": "SI"}], "import": 0, "export": 0}, {"date": "2020-04-01", "list": [{"import": 0, "export": 0, "id": "AT"}, {"import": 0, "export": 0, "id": "HU"}, {"import": 0, "export": 0, "id": "IT"}, {"import": 0, "export": 0, "id": "SI"}], "import": 0, "export": 0}, {"date": "2020-05-01", "list": [{"import": 0, "export": 0, "id": "AT"}, {"import": 0, "export": 0, "id": "HU"}, {"import": 0, "export": 0, "id": "IT"}, {"import": 0, "export": 0, "id": "SI"}], "import": 0, "export": 0}]