[{"date": "2018-08-01", "list": [{"import": 0, "export": 0, "id": "CN"}, {"import": 0, "export": 0, "id": "KR"}, {"import": 0, "export": 0, "id": "IN"}, {"import": 0, "export": 410, "id": "AE"}, {"import": 0, "export": 0, "id": "PH"}, {"import": 0, "export": 0, "id": "QA"}, {"import": 0, "export": 0, "id": "SA"}, {"import": 0, "export": 0, "id": "CH"}, {"import": 0, "export": 0, "id": "TZ"}, {"import": 0, "export": 0, "id": "AF"}, {"import": 0, "export": 0, "id": "DE"}, {"import": 0, "export": 15, "id": "IQ"}, {"import": 0, "export": 0, "id": "KZ"}, {"import": 0, "export": 0, "id": "KE"}, {"import": 0, "export": 0, "id": "KW"}, {"import": 0, "export": 0, "id": "LT"}, {"import": 0, "export": 0, "id": "MG"}, {"import": 0, "export": 0, "id": "MY"}, {"import": 0, "export": 0, "id": "NL"}], "import": 0, "export": 425}, {"date": "2018-09-01", "list": [{"import": 4, "export": 0, "id": "CN"}, {"import": 0, "export": 0, "id": "KR"}, {"import": 1, "export": 0, "id": "IN"}, {"import": 0, "export": 60, "id": "AE"}, {"import": 0, "export": 0, "id": "PH"}, {"import": 0, "export": 0, "id": "QA"}, {"import": 0, "export": 0, "id": "SA"}, {"import": 0, "export": 0, "id": "CH"}, {"import": 0, "export": 0, "id": "TZ"}, {"import": 0, "export": 0, "id": "AF"}, {"import": 0, "export": 0, "id": "DE"}, {"import": 0, "export": 0, "id": "IQ"}, {"import": 0, "export": 0, "id": "KZ"}, {"import": 0, "export": 102, "id": "KE"}, {"import": 0, "export": 0, "id": "KW"}, {"import": 0, "export": 0, "id": "LT"}, {"import": 0, "export": 0, "id": "MG"}, {"import": 0, "export": 0, "id": "MY"}, {"import": 0, "export": 0, "id": "NL"}], "import": 5, "export": 162}, {"date": "2018-10-01", "list": [{"import": 0, "export": 0, "id": "CN"}, {"import": 0, "export": 0, "id": "KR"}, {"import": 0, "export": 0, "id": "IN"}, {"import": 0, "export": 0, "id": "AE"}, {"import": 0, "export": 0, "id": "PH"}, {"import": 0, "export": 0, "id": "QA"}, {"import": 0, "export": 0, "id": "SA"}, {"import": 0, "export": 0, "id": "CH"}, {"import": 0, "export": 3280, "id": "TZ"}, {"import": 0, "export": 0, "id": "AF"}, {"import": 0, "export": 0, "id": "DE"}, {"import": 0, "export": 0, "id": "IQ"}, {"import": 0, "export": 0, "id": "KZ"}, {"import": 0, "export": 0, "id": "KE"}, {"import": 0, "export": 0, "id": "KW"}, {"import": 0, "export": 0, "id": "LT"}, {"import": 0, "export": 0, "id": "MG"}, {"import": 0, "export": 0, "id": "MY"}, {"import": 0, "export": 0, "id": "NL"}], "import": 0, "export": 3280}, {"date": "2018-11-01", "list": [{"import": 0, "export": 20256, "id": "CN"}, {"import": 0, "export": 0, "id": "KR"}, {"import": 0, "export": 0, "id": "IN"}, {"import": 0, "export": 0, "id": "AE"}, {"import": 0, "export": 0, "id": "PH"}, {"import": 0, "export": 0, "id": "QA"}, {"import": 0, "export": 0, "id": "SA"}, {"import": 0, "export": 0, "id": "CH"}, {"import": 0, "export": 0, "id": "TZ"}, {"import": 0, "export": 0, "id": "AF"}, {"import": 0, "export": 0, "id": "DE"}, {"import": 0, "export": 0, "id": "IQ"}, {"import": 0, "export": 314, "id": "KZ"}, {"import": 0, "export": 2692, "id": "KE"}, {"import": 0, "export": 0, "id": "KW"}, {"import": 0, "export": 50, "id": "LT"}, {"import": 0, "export": 135, "id": "MG"}, {"import": 0, "export": 0, "id": "MY"}, {"import": 0, "export": 0, "id": "NL"}], "import": 0, "export": 23447}, {"date": "2018-12-01", "list": [{"import": 350, "export": 0, "id": "CN"}, {"import": 0, "export": 0, "id": "KR"}, {"import": 0, "export": 0, "id": "IN"}, {"import": 0, "export": 3875, "id": "AE"}, {"import": 0, "export": 0, "id": "PH"}, {"import": 0, "export": 0, "id": "QA"}, {"import": 0, "export": 0, "id": "SA"}, {"import": 0, "export": 0, "id": "CH"}, {"import": 0, "export": 0, "id": "TZ"}, {"import": 0, "export": 0, "id": "AF"}, {"import": 0, "export": 0, "id": "DE"}, {"import": 0, "export": 0, "id": "IQ"}, {"import": 0, "export": 0, "id": "KZ"}, {"import": 0, "export": 0, "id": "KE"}, {"import": 0, "export": 543, "id": "KW"}, {"import": 0, "export": 0, "id": "LT"}, {"import": 0, "export": 0, "id": "MG"}, {"import": 0, "export": 0, "id": "MY"}, {"import": 0, "export": 0, "id": "NL"}], "import": 350, "export": 4418}, {"date": "2019-01-01", "list": [{"import": 725, "export": 0, "id": "CN"}, {"import": 0, "export": 0, "id": "KR"}, {"import": 0, "export": 0, "id": "IN"}, {"import": 0, "export": 5000, "id": "AE"}, {"import": 0, "export": 0, "id": "PH"}, {"import": 0, "export": 0, "id": "QA"}, {"import": 0, "export": 0, "id": "SA"}, {"import": 0, "export": 0, "id": "CH"}, {"import": 0, "export": 0, "id": "TZ"}, {"import": 0, "export": 0, "id": "AF"}, {"import": 0, "export": 0, "id": "DE"}, {"import": 0, "export": 0, "id": "IQ"}, {"import": 0, "export": 0, "id": "KZ"}, {"import": 0, "export": 0, "id": "KE"}, {"import": 0, "export": 0, "id": "KW"}, {"import": 0, "export": 0, "id": "LT"}, {"import": 0, "export": 0, "id": "MG"}, {"import": 0, "export": 0, "id": "MY"}, {"import": 0, "export": 0, "id": "NL"}], "import": 725, "export": 5000}, {"date": "2019-02-01", "list": [{"import": 1370, "export": 0, "id": "CN"}, {"import": 0, "export": 0, "id": "KR"}, {"import": 0, "export": 0, "id": "IN"}, {"import": 0, "export": 4781, "id": "AE"}, {"import": 0, "export": 0, "id": "PH"}, {"import": 0, "export": 118, "id": "QA"}, {"import": 0, "export": 0, "id": "SA"}, {"import": 0, "export": 0, "id": "CH"}, {"import": 0, "export": 0, "id": "TZ"}, {"import": 0, "export": 934, "id": "AF"}, {"import": 0, "export": 0, "id": "DE"}, {"import": 0, "export": 0, "id": "IQ"}, {"import": 0, "export": 0, "id": "KZ"}, {"import": 0, "export": 0, "id": "KE"}, {"import": 0, "export": 52, "id": "KW"}, {"import": 0, "export": 0, "id": "LT"}, {"import": 0, "export": 0, "id": "MG"}, {"import": 0, "export": 0, "id": "MY"}, {"import": 0, "export": 0, "id": "NL"}], "import": 1370, "export": 5885}, {"date": "2019-03-01", "list": [{"import": 1739, "export": 0, "id": "CN"}, {"import": 0, "export": 0, "id": "KR"}, {"import": 80, "export": 0, "id": "IN"}, {"import": 0, "export": 0, "id": "AE"}, {"import": 0, "export": 0, "id": "PH"}, {"import": 0, "export": 0, "id": "QA"}, {"import": 0, "export": 0, "id": "SA"}, {"import": 0, "export": 0, "id": "CH"}, {"import": 0, "export": 0, "id": "TZ"}, {"import": 0, "export": 0, "id": "AF"}, {"import": 0, "export": 0, "id": "DE"}, {"import": 0, "export": 0, "id": "IQ"}, {"import": 0, "export": 0, "id": "KZ"}, {"import": 0, "export": 0, "id": "KE"}, {"import": 0, "export": 0, "id": "KW"}, {"import": 0, "export": 0, "id": "LT"}, {"import": 0, "export": 0, "id": "MG"}, {"import": 0, "export": 0, "id": "MY"}, {"import": 0, "export": 0, "id": "NL"}], "import": 1819, "export": 0}, {"date": "2019-04-01", "list": [{"import": 3728, "export": 0, "id": "CN"}, {"import": 0, "export": 0, "id": "KR"}, {"import": 0, "export": 0, "id": "IN"}, {"import": 0, "export": 1025, "id": "AE"}, {"import": 0, "export": 0, "id": "PH"}, {"import": 0, "export": 37, "id": "QA"}, {"import": 0, "export": 55, "id": "SA"}, {"import": 0, "export": 0, "id": "CH"}, {"import": 0, "export": 0, "id": "TZ"}, {"import": 0, "export": 612, "id": "AF"}, {"import": 0, "export": 0, "id": "DE"}, {"import": 0, "export": 0, "id": "IQ"}, {"import": 0, "export": 0, "id": "KZ"}, {"import": 0, "export": 0, "id": "KE"}, {"import": 0, "export": 0, "id": "KW"}, {"import": 0, "export": 0, "id": "LT"}, {"import": 0, "export": 0, "id": "MG"}, {"import": 0, "export": 0, "id": "MY"}, {"import": 0, "export": 0, "id": "NL"}], "import": 3728, "export": 1729}, {"date": "2019-05-01", "list": [{"import": 2287, "export": 0, "id": "CN"}, {"import": 0, "export": 0, "id": "KR"}, {"import": 8, "export": 0, "id": "IN"}, {"import": 0, "export": 392, "id": "AE"}, {"import": 0, "export": 0, "id": "PH"}, {"import": 0, "export": 0, "id": "QA"}, {"import": 0, "export": 0, "id": "SA"}, {"import": 0, "export": 0, "id": "CH"}, {"import": 0, "export": 0, "id": "TZ"}, {"import": 0, "export": 419, "id": "AF"}, {"import": 0, "export": 0, "id": "DE"}, {"import": 0, "export": 0, "id": "IQ"}, {"import": 0, "export": 0, "id": "KZ"}, {"import": 0, "export": 0, "id": "KE"}, {"import": 0, "export": 0, "id": "KW"}, {"import": 0, "export": 0, "id": "LT"}, {"import": 0, "export": 0, "id": "MG"}, {"import": 0, "export": 0, "id": "MY"}, {"import": 0, "export": 61, "id": "NL"}], "import": 2295, "export": 872}, {"date": "2019-06-01", "list": [{"import": 432, "export": 0, "id": "CN"}, {"import": 0, "export": 0, "id": "KR"}, {"import": 0, "export": 0, "id": "IN"}, {"import": 0, "export": 276, "id": "AE"}, {"import": 0, "export": 0, "id": "PH"}, {"import": 0, "export": 40, "id": "QA"}, {"import": 0, "export": 0, "id": "SA"}, {"import": 0, "export": 106, "id": "CH"}, {"import": 0, "export": 0, "id": "TZ"}, {"import": 0, "export": 428, "id": "AF"}, {"import": 0, "export": 0, "id": "DE"}, {"import": 0, "export": 0, "id": "IQ"}, {"import": 0, "export": 0, "id": "KZ"}, {"import": 0, "export": 0, "id": "KE"}, {"import": 0, "export": 2, "id": "KW"}, {"import": 0, "export": 0, "id": "LT"}, {"import": 0, "export": 0, "id": "MG"}, {"import": 0, "export": 0, "id": "MY"}, {"import": 0, "export": 0, "id": "NL"}], "import": 432, "export": 852}, {"date": "2019-07-01", "list": [{"import": 0, "export": 0, "id": "CN"}, {"import": 0, "export": 0, "id": "KR"}, {"import": 0, "export": 0, "id": "IN"}, {"import": 0, "export": 0, "id": "AE"}, {"import": 0, "export": 0, "id": "PH"}, {"import": 0, "export": 0, "id": "QA"}, {"import": 0, "export": 0, "id": "SA"}, {"import": 0, "export": 0, "id": "CH"}, {"import": 0, "export": 0, "id": "TZ"}, {"import": 0, "export": 0, "id": "AF"}, {"import": 0, "export": 0, "id": "DE"}, {"import": 0, "export": 0, "id": "IQ"}, {"import": 0, "export": 0, "id": "KZ"}, {"import": 0, "export": 0, "id": "KE"}, {"import": 0, "export": 0, "id": "KW"}, {"import": 0, "export": 0, "id": "LT"}, {"import": 0, "export": 0, "id": "MG"}, {"import": 0, "export": 0, "id": "MY"}, {"import": 0, "export": 0, "id": "NL"}], "import": 0, "export": 0}, {"date": "2019-08-01", "list": [{"import": 0, "export": 0, "id": "CN"}, {"import": 0, "export": 0, "id": "KR"}, {"import": 0, "export": 0, "id": "IN"}, {"import": 0, "export": 305, "id": "AE"}, {"import": 0, "export": 0, "id": "PH"}, {"import": 0, "export": 0, "id": "QA"}, {"import": 0, "export": 0, "id": "SA"}, {"import": 0, "export": 0, "id": "CH"}, {"import": 0, "export": 0, "id": "TZ"}, {"import": 0, "export": 0, "id": "AF"}, {"import": 0, "export": 0, "id": "DE"}, {"import": 0, "export": 0, "id": "IQ"}, {"import": 0, "export": 0, "id": "KZ"}, {"import": 0, "export": 0, "id": "KE"}, {"import": 0, "export": 12, "id": "KW"}, {"import": 0, "export": 0, "id": "LT"}, {"import": 0, "export": 0, "id": "MG"}, {"import": 0, "export": 0, "id": "MY"}, {"import": 0, "export": 0, "id": "NL"}], "import": 0, "export": 317}, {"date": "2019-09-01", "list": [{"import": 0, "export": 0, "id": "CN"}, {"import": 0, "export": 0, "id": "KR"}, {"import": 0, "export": 0, "id": "IN"}, {"import": 0, "export": 106, "id": "AE"}, {"import": 0, "export": 0, "id": "PH"}, {"import": 0, "export": 54, "id": "QA"}, {"import": 0, "export": 0, "id": "SA"}, {"import": 0, "export": 0, "id": "CH"}, {"import": 0, "export": 0, "id": "TZ"}, {"import": 0, "export": 0, "id": "AF"}, {"import": 0, "export": 0, "id": "DE"}, {"import": 0, "export": 0, "id": "IQ"}, {"import": 0, "export": 0, "id": "KZ"}, {"import": 0, "export": 0, "id": "KE"}, {"import": 0, "export": 30, "id": "KW"}, {"import": 0, "export": 0, "id": "LT"}, {"import": 0, "export": 0, "id": "MG"}, {"import": 0, "export": 0, "id": "MY"}, {"import": 0, "export": 0, "id": "NL"}], "import": 0, "export": 190}, {"date": "2019-10-01", "list": [{"import": 0, "export": 0, "id": "CN"}, {"import": 0, "export": 0, "id": "KR"}, {"import": 0, "export": 0, "id": "IN"}, {"import": 0, "export": 0, "id": "AE"}, {"import": 0, "export": 0, "id": "PH"}, {"import": 0, "export": 0, "id": "QA"}, {"import": 0, "export": 0, "id": "SA"}, {"import": 0, "export": 0, "id": "CH"}, {"import": 0, "export": 0, "id": "TZ"}, {"import": 0, "export": 0, "id": "AF"}, {"import": 0, "export": 0, "id": "DE"}, {"import": 0, "export": 0, "id": "IQ"}, {"import": 0, "export": 0, "id": "KZ"}, {"import": 0, "export": 0, "id": "KE"}, {"import": 0, "export": 0, "id": "KW"}, {"import": 0, "export": 0, "id": "LT"}, {"import": 0, "export": 0, "id": "MG"}, {"import": 0, "export": 0, "id": "MY"}, {"import": 0, "export": 0, "id": "NL"}], "import": 0, "export": 0}, {"date": "2019-11-01", "list": [{"import": 0, "export": 0, "id": "CN"}, {"import": 0, "export": 0, "id": "KR"}, {"import": 0, "export": 0, "id": "IN"}, {"import": 0, "export": 1046, "id": "AE"}, {"import": 0, "export": 0, "id": "PH"}, {"import": 0, "export": 5, "id": "QA"}, {"import": 0, "export": 0, "id": "SA"}, {"import": 0, "export": 0, "id": "CH"}, {"import": 0, "export": 0, "id": "TZ"}, {"import": 0, "export": 0, "id": "AF"}, {"import": 0, "export": 0, "id": "DE"}, {"import": 0, "export": 0, "id": "IQ"}, {"import": 0, "export": 0, "id": "KZ"}, {"import": 0, "export": 0, "id": "KE"}, {"import": 0, "export": 11, "id": "KW"}, {"import": 0, "export": 0, "id": "LT"}, {"import": 0, "export": 0, "id": "MG"}, {"import": 0, "export": 69, "id": "MY"}, {"import": 0, "export": 0, "id": "NL"}], "import": 0, "export": 1131}, {"date": "2019-12-01", "list": [{"import": 104655, "export": 0, "id": "CN"}, {"import": 400, "export": 0, "id": "KR"}, {"import": 0, "export": 0, "id": "IN"}, {"import": 0, "export": 1885, "id": "AE"}, {"import": 0, "export": 0, "id": "PH"}, {"import": 0, "export": 16, "id": "QA"}, {"import": 0, "export": 0, "id": "SA"}, {"import": 0, "export": 0, "id": "CH"}, {"import": 0, "export": 0, "id": "TZ"}, {"import": 0, "export": 0, "id": "AF"}, {"import": 0, "export": 0, "id": "DE"}, {"import": 0, "export": 0, "id": "IQ"}, {"import": 0, "export": 0, "id": "KZ"}, {"import": 0, "export": 0, "id": "KE"}, {"import": 0, "export": 0, "id": "KW"}, {"import": 0, "export": 0, "id": "LT"}, {"import": 0, "export": 0, "id": "MG"}, {"import": 0, "export": 0, "id": "MY"}, {"import": 0, "export": 0, "id": "NL"}], "import": 105055, "export": 1901}, {"date": "2020-01-01", "list": [{"import": 729, "export": 0, "id": "CN"}, {"import": 0, "export": 0, "id": "KR"}, {"import": 0, "export": 0, "id": "IN"}, {"import": 0, "export": 747, "id": "AE"}, {"import": 0, "export": 0, "id": "PH"}, {"import": 0, "export": 0, "id": "QA"}, {"import": 0, "export": 0, "id": "SA"}, {"import": 0, "export": 0, "id": "CH"}, {"import": 0, "export": 0, "id": "TZ"}, {"import": 0, "export": 0, "id": "AF"}, {"import": 0, "export": 76, "id": "DE"}, {"import": 0, "export": 0, "id": "IQ"}, {"import": 0, "export": 0, "id": "KZ"}, {"import": 0, "export": 0, "id": "KE"}, {"import": 0, "export": 0, "id": "KW"}, {"import": 0, "export": 0, "id": "LT"}, {"import": 0, "export": 0, "id": "MG"}, {"import": 0, "export": 0, "id": "MY"}, {"import": 0, "export": 0, "id": "NL"}], "import": 729, "export": 823}, {"date": "2020-02-01", "list": [{"import": 1200, "export": 0, "id": "CN"}, {"import": 0, "export": 0, "id": "KR"}, {"import": 0, "export": 0, "id": "IN"}, {"import": 0, "export": 0, "id": "AE"}, {"import": 0, "export": 0, "id": "PH"}, {"import": 0, "export": 0, "id": "QA"}, {"import": 0, "export": 0, "id": "SA"}, {"import": 0, "export": 0, "id": "CH"}, {"import": 0, "export": 0, "id": "TZ"}, {"import": 0, "export": 0, "id": "AF"}, {"import": 0, "export": 0, "id": "DE"}, {"import": 0, "export": 0, "id": "IQ"}, {"import": 0, "export": 0, "id": "KZ"}, {"import": 0, "export": 0, "id": "KE"}, {"import": 0, "export": 0, "id": "KW"}, {"import": 0, "export": 0, "id": "LT"}, {"import": 0, "export": 0, "id": "MG"}, {"import": 0, "export": 0, "id": "MY"}, {"import": 0, "export": 0, "id": "NL"}], "import": 1200, "export": 0}, {"date": "2020-03-01", "list": [{"import": 992, "export": 0, "id": "CN"}, {"import": 0, "export": 0, "id": "KR"}, {"import": 0, "export": 0, "id": "IN"}, {"import": 0, "export": 1311, "id": "AE"}, {"import": 0, "export": 60, "id": "PH"}, {"import": 0, "export": 12, "id": "QA"}, {"import": 0, "export": 0, "id": "SA"}, {"import": 0, "export": 0, "id": "CH"}, {"import": 0, "export": 0, "id": "TZ"}, {"import": 0, "export": 0, "id": "AF"}, {"import": 0, "export": 0, "id": "DE"}, {"import": 0, "export": 0, "id": "IQ"}, {"import": 0, "export": 0, "id": "KZ"}, {"import": 0, "export": 0, "id": "KE"}, {"import": 0, "export": 0, "id": "KW"}, {"import": 0, "export": 0, "id": "LT"}, {"import": 0, "export": 0, "id": "MG"}, {"import": 0, "export": 0, "id": "MY"}, {"import": 0, "export": 0, "id": "NL"}], "import": 992, "export": 1383}]