[{"date": "2019-09-01", "list": [{"import": 1280, "export": 0, "id": "BR"}], "import": 1280, "export": 0}, {"date": "2019-10-01", "list": [{"import": 760, "export": 0, "id": "BR"}], "import": 760, "export": 0}, {"date": "2019-11-01", "list": [{"import": 870, "export": 0, "id": "BR"}], "import": 870, "export": 0}, {"date": "2019-12-01", "list": [{"import": 595, "export": 0, "id": "BR"}, {"import": 1000, "export": 0, "id": "MZ"}], "import": 1595, "export": 0}, {"date": "2020-01-01", "list": [{"import": 950, "export": 0, "id": "BR"}], "import": 950, "export": 0}, {"date": "2020-02-01", "list": [{"import": 870, "export": 0, "id": "BR"}], "import": 870, "export": 0}, {"date": "2020-03-01", "list": [{"import": 750, "export": 0, "id": "BR"}], "import": 750, "export": 0}, {"date": "2020-04-01", "list": [{"import": 513, "export": 0, "id": "BR"}, {"import": 425, "export": 0, "id": "TR"}], "import": 938, "export": 0}, {"date": "2020-05-01", "list": [{"import": 2549, "export": 0, "id": "BR"}, {"import": 600, "export": 0, "id": "TR"}], "import": 3149, "export": 0}, {"date": "2020-06-01", "list": [{"import": 1410, "export": 0, "id": "BR"}], "import": 1410, "export": 0}, {"date": "2020-07-01", "list": [{"import": 1160, "export": 0, "id": "BR"}], "import": 1160, "export": 0}, {"date": "2020-08-01", "list": [{"import": 540, "export": 0, "id": "BR"}], "import": 540, "export": 0}]