[{"date": "2012-07-01", "list": [{"import": 0, "export": 0, "id": "LB"}], "import": 0, "export": 0}, {"date": "2012-08-01", "list": [{"import": 0, "export": 0, "id": "LB"}], "import": 0, "export": 0}, {"date": "2012-09-01", "list": [{"import": 0, "export": 0, "id": "LB"}], "import": 0, "export": 0}, {"date": "2012-10-01", "list": [{"import": 0, "export": 0, "id": "LB"}], "import": 0, "export": 0}, {"date": "2012-11-01", "list": [{"import": 0, "export": 0, "id": "LB"}], "import": 0, "export": 0}, {"date": "2012-12-01", "list": [{"import": 0, "export": 0, "id": "LB"}], "import": 0, "export": 0}, {"date": "2013-01-01", "list": [{"import": 0, "export": 0, "id": "LB"}], "import": 0, "export": 0}, {"date": "2013-02-01", "list": [{"import": 0, "export": 0, "id": "LB"}], "import": 0, "export": 0}, {"date": "2013-03-01", "list": [{"import": 0, "export": 0, "id": "LB"}], "import": 0, "export": 0}, {"date": "2013-04-01", "list": [{"import": 0, "export": 0, "id": "LB"}], "import": 0, "export": 0}, {"date": "2013-05-01", "list": [{"import": 0, "export": 0, "id": "LB"}], "import": 0, "export": 0}, {"date": "2013-06-01", "list": [{"import": 0, "export": 0, "id": "LB"}], "import": 0, "export": 0}, {"date": "2013-07-01", "list": [{"import": 0, "export": 0, "id": "LB"}], "import": 0, "export": 0}, {"date": "2013-08-01", "list": [{"import": 0, "export": 0, "id": "LB"}], "import": 0, "export": 0}, {"date": "2013-09-01", "list": [{"import": 0, "export": 0, "id": "LB"}], "import": 0, "export": 0}, {"date": "2013-10-01", "list": [{"import": 0, "export": 0, "id": "LB"}], "import": 0, "export": 0}, {"date": "2013-11-01", "list": [{"import": 866, "export": 0, "id": "LB"}], "import": 866, "export": 0}, {"date": "2013-12-01", "list": [{"import": 0, "export": 0, "id": "LB"}], "import": 0, "export": 0}]