[{"date": "2018-10-01", "list": [{"import": 4320, "export": 0, "id": "IT"}, {"import": 0, "export": 0, "id": "DE"}, {"import": 0, "export": 0, "id": "PL"}, {"import": 0, "export": 0, "id": "RO"}, {"import": 0, "export": 0, "id": "RS"}], "import": 4320, "export": 0}, {"date": "2018-11-01", "list": [{"import": 1440, "export": 0, "id": "IT"}, {"import": 6400, "export": 0, "id": "DE"}, {"import": 0, "export": 0, "id": "PL"}, {"import": 0, "export": 0, "id": "RO"}, {"import": 0, "export": 6400, "id": "RS"}], "import": 7840, "export": 6400}, {"date": "2018-12-01", "list": [{"import": 6480, "export": 0, "id": "IT"}, {"import": 0, "export": 0, "id": "DE"}, {"import": 0, "export": 0, "id": "PL"}, {"import": 0, "export": 0, "id": "RO"}, {"import": 0, "export": 0, "id": "RS"}], "import": 6480, "export": 0}, {"date": "2019-01-01", "list": [{"import": 6480, "export": 0, "id": "IT"}, {"import": 0, "export": 0, "id": "DE"}, {"import": 0, "export": 0, "id": "PL"}, {"import": 0, "export": 0, "id": "RO"}, {"import": 0, "export": 0, "id": "RS"}], "import": 6480, "export": 0}, {"date": "2019-02-01", "list": [{"import": 5760, "export": 0, "id": "IT"}, {"import": 0, "export": 25300, "id": "DE"}, {"import": 0, "export": 0, "id": "PL"}, {"import": 0, "export": 0, "id": "RO"}, {"import": 0, "export": 0, "id": "RS"}], "import": 5760, "export": 25300}, {"date": "2019-03-01", "list": [{"import": 0, "export": 0, "id": "IT"}, {"import": 0, "export": 23560, "id": "DE"}, {"import": 0, "export": 0, "id": "PL"}, {"import": 0, "export": 0, "id": "RO"}, {"import": 0, "export": 0, "id": "RS"}], "import": 0, "export": 23560}, {"date": "2019-04-01", "list": [{"import": 9000, "export": 0, "id": "IT"}, {"import": 0, "export": 0, "id": "DE"}, {"import": 0, "export": 0, "id": "PL"}, {"import": 0, "export": 500, "id": "RO"}, {"import": 0, "export": 0, "id": "RS"}], "import": 9000, "export": 500}, {"date": "2019-05-01", "list": [{"import": 4360, "export": 0, "id": "IT"}, {"import": 0, "export": 8800, "id": "DE"}, {"import": 0, "export": 0, "id": "PL"}, {"import": 0, "export": 0, "id": "RO"}, {"import": 0, "export": 0, "id": "RS"}], "import": 4360, "export": 8800}, {"date": "2019-06-01", "list": [{"import": 720, "export": 0, "id": "IT"}, {"import": 0, "export": 0, "id": "DE"}, {"import": 0, "export": 0, "id": "PL"}, {"import": 0, "export": 0, "id": "RO"}, {"import": 0, "export": 0, "id": "RS"}], "import": 720, "export": 0}, {"date": "2019-07-01", "list": [{"import": 720, "export": 0, "id": "IT"}, {"import": 0, "export": 0, "id": "DE"}, {"import": 0, "export": 95120, "id": "PL"}, {"import": 0, "export": 0, "id": "RO"}, {"import": 0, "export": 25300, "id": "RS"}], "import": 720, "export": 120420}, {"date": "2019-08-01", "list": [{"import": 0, "export": 0, "id": "IT"}, {"import": 0, "export": 24080, "id": "DE"}, {"import": 0, "export": 0, "id": "PL"}, {"import": 0, "export": 0, "id": "RO"}, {"import": 0, "export": 0, "id": "RS"}], "import": 0, "export": 24080}, {"date": "2019-09-01", "list": [{"import": 720, "export": 0, "id": "IT"}, {"import": 0, "export": 0, "id": "DE"}, {"import": 0, "export": 0, "id": "PL"}, {"import": 0, "export": 0, "id": "RO"}, {"import": 0, "export": 0, "id": "RS"}], "import": 720, "export": 0}, {"date": "2019-10-01", "list": [{"import": 3600, "export": 0, "id": "IT"}, {"import": 0, "export": 0, "id": "DE"}, {"import": 0, "export": 0, "id": "PL"}, {"import": 0, "export": 0, "id": "RO"}, {"import": 0, "export": 0, "id": "RS"}], "import": 3600, "export": 0}, {"date": "2019-11-01", "list": [{"import": 6480, "export": 0, "id": "IT"}, {"import": 0, "export": 0, "id": "DE"}, {"import": 0, "export": 25040, "id": "PL"}, {"import": 0, "export": 0, "id": "RO"}, {"import": 0, "export": 0, "id": "RS"}], "import": 6480, "export": 25040}, {"date": "2019-12-01", "list": [{"import": 4320, "export": 0, "id": "IT"}, {"import": 0, "export": 0, "id": "DE"}, {"import": 0, "export": 23820, "id": "PL"}, {"import": 0, "export": 0, "id": "RO"}, {"import": 0, "export": 0, "id": "RS"}], "import": 4320, "export": 23820}, {"date": "2020-01-01", "list": [{"import": 2340, "export": 0, "id": "IT"}, {"import": 0, "export": 0, "id": "DE"}, {"import": 0, "export": 25740, "id": "PL"}, {"import": 0, "export": 0, "id": "RO"}, {"import": 0, "export": 0, "id": "RS"}], "import": 2340, "export": 25740}, {"date": "2020-02-01", "list": [{"import": 5040, "export": 0, "id": "IT"}, {"import": 0, "export": 0, "id": "DE"}, {"import": 0, "export": 0, "id": "PL"}, {"import": 0, "export": 0, "id": "RO"}, {"import": 0, "export": 0, "id": "RS"}], "import": 5040, "export": 0}, {"date": "2020-03-01", "list": [{"import": 13120, "export": 0, "id": "IT"}, {"import": 0, "export": 0, "id": "DE"}, {"import": 0, "export": 70200, "id": "PL"}, {"import": 0, "export": 0, "id": "RO"}, {"import": 0, "export": 0, "id": "RS"}], "import": 13120, "export": 70200}]