[{"date": "2019-01-01", "list": [{"import": 0, "export": 0, "id": "VN"}, {"import": 0, "export": 0, "id": "US"}, {"import": 0, "export": 0, "id": "BR"}, {"import": 2904974, "export": 0, "id": "BG"}, {"import": 0, "export": 0, "id": "GR"}, {"import": 0, "export": 0, "id": "IT"}, {"import": 0, "export": 0, "id": "PK"}, {"import": 0, "export": 0, "id": "RO"}, {"import": 2702940, "export": 0, "id": "RU"}, {"import": 0, "export": 0, "id": "LR"}, {"import": 0, "export": 0, "id": "NO"}, {"import": 0, "export": 0, "id": "MH"}, {"import": 0, "export": 0, "id": "PA"}, {"import": 0, "export": 0, "id": "PH"}, {"import": 0, "export": 0, "id": "PT"}, {"import": 0, "export": 0, "id": "SG"}, {"import": 0, "export": 0, "id": "SY"}, {"import": 0, "export": 0, "id": "UA"}, {"import": 0, "export": 0, "id": "AZ"}, {"import": 0, "export": 0, "id": "BA"}, {"import": 0, "export": 0, "id": "DE"}, {"import": 0, "export": 0, "id": "-"}], "import": 5607914, "export": 0}, {"date": "2019-02-01", "list": [{"import": 0, "export": 0, "id": "VN"}, {"import": 0, "export": 0, "id": "US"}, {"import": 0, "export": 0, "id": "BR"}, {"import": 4160313, "export": 0, "id": "BG"}, {"import": 245100, "export": 0, "id": "GR"}, {"import": 0, "export": 0, "id": "IT"}, {"import": 0, "export": 0, "id": "PK"}, {"import": 0, "export": 0, "id": "RO"}, {"import": 17606000, "export": 0, "id": "RU"}, {"import": 0, "export": 0, "id": "LR"}, {"import": 0, "export": 0, "id": "NO"}, {"import": 0, "export": 0, "id": "MH"}, {"import": 0, "export": 0, "id": "PA"}, {"import": 0, "export": 0, "id": "PH"}, {"import": 0, "export": 0, "id": "PT"}, {"import": 0, "export": 0, "id": "SG"}, {"import": 0, "export": 0, "id": "SY"}, {"import": 0, "export": 0, "id": "UA"}, {"import": 0, "export": 0, "id": "AZ"}, {"import": 0, "export": 0, "id": "BA"}, {"import": 0, "export": 0, "id": "DE"}, {"import": 0, "export": 0, "id": "-"}], "import": 22011413, "export": 0}, {"date": "2019-03-01", "list": [{"import": 0, "export": 0, "id": "VN"}, {"import": 0, "export": 0, "id": "US"}, {"import": 0, "export": 0, "id": "BR"}, {"import": 4580978, "export": 0, "id": "BG"}, {"import": 0, "export": 0, "id": "GR"}, {"import": 0, "export": 0, "id": "IT"}, {"import": 0, "export": 0, "id": "PK"}, {"import": 0, "export": 0, "id": "RO"}, {"import": 5579480, "export": 0, "id": "RU"}, {"import": 0, "export": 0, "id": "LR"}, {"import": 0, "export": 0, "id": "NO"}, {"import": 0, "export": 0, "id": "MH"}, {"import": 0, "export": 0, "id": "PA"}, {"import": 0, "export": 0, "id": "PH"}, {"import": 0, "export": 0, "id": "PT"}, {"import": 0, "export": 0, "id": "SG"}, {"import": 0, "export": 0, "id": "SY"}, {"import": 0, "export": 0, "id": "UA"}, {"import": 0, "export": 0, "id": "AZ"}, {"import": 0, "export": 0, "id": "BA"}, {"import": 0, "export": 0, "id": "DE"}, {"import": 0, "export": 0, "id": "-"}], "import": 10160458, "export": 0}, {"date": "2019-04-01", "list": [{"import": 0, "export": 0, "id": "VN"}, {"import": 0, "export": 0, "id": "US"}, {"import": 0, "export": 0, "id": "BR"}, {"import": 3075480, "export": 24000, "id": "BG"}, {"import": 2883300, "export": 0, "id": "GR"}, {"import": 69400, "export": 0, "id": "IT"}, {"import": 0, "export": 0, "id": "PK"}, {"import": 0, "export": 0, "id": "RO"}, {"import": 5984630, "export": 270000, "id": "RU"}, {"import": 0, "export": 0, "id": "LR"}, {"import": 0, "export": 0, "id": "NO"}, {"import": 0, "export": 0, "id": "MH"}, {"import": 0, "export": 0, "id": "PA"}, {"import": 0, "export": 0, "id": "PH"}, {"import": 0, "export": 0, "id": "PT"}, {"import": 0, "export": 0, "id": "SG"}, {"import": 0, "export": 0, "id": "SY"}, {"import": 0, "export": 56600, "id": "UA"}, {"import": 0, "export": 0, "id": "AZ"}, {"import": 0, "export": 0, "id": "BA"}, {"import": 0, "export": 0, "id": "DE"}, {"import": 0, "export": 0, "id": "-"}], "import": 12012810, "export": 350600}, {"date": "2019-05-01", "list": [{"import": 0, "export": 0, "id": "VN"}, {"import": 0, "export": 0, "id": "US"}, {"import": 0, "export": 0, "id": "BR"}, {"import": 2562070, "export": 0, "id": "BG"}, {"import": 7596060, "export": 0, "id": "GR"}, {"import": 20000, "export": 0, "id": "IT"}, {"import": 0, "export": 0, "id": "PK"}, {"import": 0, "export": 0, "id": "RO"}, {"import": 6505150, "export": 0, "id": "RU"}, {"import": 0, "export": 0, "id": "LR"}, {"import": 0, "export": 0, "id": "NO"}, {"import": 0, "export": 0, "id": "MH"}, {"import": 0, "export": 0, "id": "PA"}, {"import": 0, "export": 0, "id": "PH"}, {"import": 0, "export": 0, "id": "PT"}, {"import": 0, "export": 0, "id": "SG"}, {"import": 0, "export": 0, "id": "SY"}, {"import": 0, "export": 0, "id": "UA"}, {"import": 0, "export": 0, "id": "AZ"}, {"import": 0, "export": 0, "id": "BA"}, {"import": 0, "export": 0, "id": "DE"}, {"import": 0, "export": 0, "id": "-"}], "import": 16683280, "export": 0}, {"date": "2019-06-01", "list": [{"import": 0, "export": 0, "id": "VN"}, {"import": 0, "export": 0, "id": "US"}, {"import": 0, "export": 0, "id": "BR"}, {"import": 0, "export": 0, "id": "BG"}, {"import": 0, "export": 0, "id": "GR"}, {"import": 250, "export": 0, "id": "IT"}, {"import": 0, "export": 0, "id": "PK"}, {"import": 0, "export": 0, "id": "RO"}, {"import": 0, "export": 0, "id": "RU"}, {"import": 0, "export": 0, "id": "LR"}, {"import": 0, "export": 0, "id": "NO"}, {"import": 0, "export": 0, "id": "MH"}, {"import": 0, "export": 0, "id": "PA"}, {"import": 0, "export": 0, "id": "PH"}, {"import": 0, "export": 0, "id": "PT"}, {"import": 0, "export": 0, "id": "SG"}, {"import": 0, "export": 0, "id": "SY"}, {"import": 0, "export": 0, "id": "UA"}, {"import": 0, "export": 0, "id": "AZ"}, {"import": 0, "export": 0, "id": "BA"}, {"import": 0, "export": 0, "id": "DE"}, {"import": 0, "export": 0, "id": "-"}], "import": 250, "export": 0}, {"date": "2019-07-01", "list": [{"import": 0, "export": 0, "id": "VN"}, {"import": 0, "export": 0, "id": "US"}, {"import": 0, "export": 0, "id": "BR"}, {"import": 2336870, "export": 0, "id": "BG"}, {"import": 0, "export": 0, "id": "GR"}, {"import": 0, "export": 0, "id": "IT"}, {"import": 0, "export": 0, "id": "PK"}, {"import": 0, "export": 0, "id": "RO"}, {"import": 0, "export": 0, "id": "RU"}, {"import": 0, "export": 0, "id": "LR"}, {"import": 0, "export": 0, "id": "NO"}, {"import": 0, "export": 0, "id": "MH"}, {"import": 0, "export": 0, "id": "PA"}, {"import": 0, "export": 0, "id": "PH"}, {"import": 0, "export": 0, "id": "PT"}, {"import": 0, "export": 0, "id": "SG"}, {"import": 0, "export": 0, "id": "SY"}, {"import": 0, "export": 0, "id": "UA"}, {"import": 0, "export": 0, "id": "AZ"}, {"import": 0, "export": 0, "id": "BA"}, {"import": 0, "export": 0, "id": "DE"}, {"import": 0, "export": 0, "id": "-"}], "import": 2336870, "export": 0}, {"date": "2019-08-01", "list": [{"import": 0, "export": 0, "id": "VN"}, {"import": 0, "export": 0, "id": "US"}, {"import": 0, "export": 0, "id": "BR"}, {"import": 581450, "export": 0, "id": "BG"}, {"import": 0, "export": 0, "id": "GR"}, {"import": 0, "export": 0, "id": "IT"}, {"import": 0, "export": 0, "id": "PK"}, {"import": 0, "export": 0, "id": "RO"}, {"import": 0, "export": 0, "id": "RU"}, {"import": 0, "export": 0, "id": "LR"}, {"import": 0, "export": 0, "id": "NO"}, {"import": 0, "export": 0, "id": "MH"}, {"import": 0, "export": 0, "id": "PA"}, {"import": 0, "export": 0, "id": "PH"}, {"import": 0, "export": 0, "id": "PT"}, {"import": 0, "export": 0, "id": "SG"}, {"import": 0, "export": 0, "id": "SY"}, {"import": 0, "export": 0, "id": "UA"}, {"import": 0, "export": 0, "id": "AZ"}, {"import": 0, "export": 0, "id": "BA"}, {"import": 0, "export": 0, "id": "DE"}, {"import": 0, "export": 0, "id": "-"}], "import": 581450, "export": 0}, {"date": "2019-09-01", "list": [{"import": 0, "export": 0, "id": "VN"}, {"import": 0, "export": 0, "id": "US"}, {"import": 0, "export": 0, "id": "BR"}, {"import": 322040, "export": 0, "id": "BG"}, {"import": 4528810, "export": 0, "id": "GR"}, {"import": 0, "export": 0, "id": "IT"}, {"import": 0, "export": 0, "id": "PK"}, {"import": 0, "export": 0, "id": "RO"}, {"import": 0, "export": 0, "id": "RU"}, {"import": 0, "export": 0, "id": "LR"}, {"import": 0, "export": 0, "id": "NO"}, {"import": 0, "export": 0, "id": "MH"}, {"import": 0, "export": 0, "id": "PA"}, {"import": 0, "export": 0, "id": "PH"}, {"import": 0, "export": 0, "id": "PT"}, {"import": 0, "export": 0, "id": "SG"}, {"import": 0, "export": 0, "id": "SY"}, {"import": 0, "export": 0, "id": "UA"}, {"import": 0, "export": 0, "id": "AZ"}, {"import": 0, "export": 0, "id": "BA"}, {"import": 0, "export": 0, "id": "DE"}, {"import": 0, "export": 0, "id": "-"}], "import": 4850850, "export": 0}, {"date": "2019-10-01", "list": [{"import": 0, "export": 0, "id": "VN"}, {"import": 0, "export": 0, "id": "US"}, {"import": 0, "export": 0, "id": "BR"}, {"import": 373570, "export": 0, "id": "BG"}, {"import": 0, "export": 0, "id": "GR"}, {"import": 0, "export": 0, "id": "IT"}, {"import": 0, "export": 0, "id": "PK"}, {"import": 0, "export": 0, "id": "RO"}, {"import": 0, "export": 0, "id": "RU"}, {"import": 0, "export": 0, "id": "LR"}, {"import": 0, "export": 0, "id": "NO"}, {"import": 0, "export": 0, "id": "MH"}, {"import": 0, "export": 0, "id": "PA"}, {"import": 0, "export": 0, "id": "PH"}, {"import": 0, "export": 0, "id": "PT"}, {"import": 0, "export": 0, "id": "SG"}, {"import": 0, "export": 0, "id": "SY"}, {"import": 0, "export": 0, "id": "UA"}, {"import": 0, "export": 0, "id": "AZ"}, {"import": 0, "export": 0, "id": "BA"}, {"import": 0, "export": 0, "id": "DE"}, {"import": 0, "export": 0, "id": "-"}], "import": 373570, "export": 0}, {"date": "2019-11-01", "list": [{"import": 0, "export": 0, "id": "VN"}, {"import": 0, "export": 0, "id": "US"}, {"import": 0, "export": 0, "id": "BR"}, {"import": 1090450, "export": 0, "id": "BG"}, {"import": 0, "export": 0, "id": "GR"}, {"import": 0, "export": 0, "id": "IT"}, {"import": 0, "export": 0, "id": "PK"}, {"import": 0, "export": 0, "id": "RO"}, {"import": 2948250, "export": 0, "id": "RU"}, {"import": 0, "export": 0, "id": "LR"}, {"import": 0, "export": 0, "id": "NO"}, {"import": 0, "export": 0, "id": "MH"}, {"import": 0, "export": 0, "id": "PA"}, {"import": 0, "export": 0, "id": "PH"}, {"import": 0, "export": 0, "id": "PT"}, {"import": 0, "export": 0, "id": "SG"}, {"import": 0, "export": 0, "id": "SY"}, {"import": 0, "export": 0, "id": "UA"}, {"import": 0, "export": 0, "id": "AZ"}, {"import": 0, "export": 0, "id": "BA"}, {"import": 0, "export": 0, "id": "DE"}, {"import": 0, "export": 0, "id": "-"}], "import": 4038700, "export": 0}, {"date": "2019-12-01", "list": [{"import": 0, "export": 0, "id": "VN"}, {"import": 0, "export": 0, "id": "US"}, {"import": 0, "export": 0, "id": "BR"}, {"import": 7505520, "export": 0, "id": "BG"}, {"import": 3001240, "export": 0, "id": "GR"}, {"import": 0, "export": 0, "id": "IT"}, {"import": 0, "export": 0, "id": "PK"}, {"import": 0, "export": 0, "id": "RO"}, {"import": 12005110, "export": 0, "id": "RU"}, {"import": 0, "export": 0, "id": "LR"}, {"import": 0, "export": 0, "id": "NO"}, {"import": 0, "export": 0, "id": "MH"}, {"import": 0, "export": 0, "id": "PA"}, {"import": 0, "export": 0, "id": "PH"}, {"import": 0, "export": 0, "id": "PT"}, {"import": 0, "export": 0, "id": "SG"}, {"import": 0, "export": 0, "id": "SY"}, {"import": 0, "export": 0, "id": "UA"}, {"import": 0, "export": 0, "id": "AZ"}, {"import": 0, "export": 0, "id": "BA"}, {"import": 0, "export": 0, "id": "DE"}, {"import": 0, "export": 0, "id": "-"}], "import": 22511870, "export": 0}, {"date": "2020-01-01", "list": [{"import": 0, "export": 0, "id": "VN"}, {"import": 0, "export": 0, "id": "US"}, {"import": 0, "export": 0, "id": "BR"}, {"import": 2830325, "export": 0, "id": "BG"}, {"import": 0, "export": 0, "id": "GR"}, {"import": 0, "export": 0, "id": "IT"}, {"import": 0, "export": 0, "id": "PK"}, {"import": 2865160, "export": 0, "id": "RO"}, {"import": 7537760, "export": 0, "id": "RU"}, {"import": 0, "export": 0, "id": "LR"}, {"import": 0, "export": 0, "id": "NO"}, {"import": 0, "export": 0, "id": "MH"}, {"import": 0, "export": 750, "id": "PA"}, {"import": 0, "export": 0, "id": "PH"}, {"import": 0, "export": 480, "id": "PT"}, {"import": 0, "export": 0, "id": "SG"}, {"import": 0, "export": 0, "id": "SY"}, {"import": 0, "export": 0, "id": "UA"}, {"import": 0, "export": 0, "id": "AZ"}, {"import": 0, "export": 0, "id": "BA"}, {"import": 0, "export": 0, "id": "DE"}, {"import": 0, "export": 0, "id": "-"}], "import": 13233245, "export": 1230}, {"date": "2020-02-01", "list": [{"import": 0, "export": 0, "id": "VN"}, {"import": 0, "export": 0, "id": "US"}, {"import": 0, "export": 0, "id": "BR"}, {"import": 7202005, "export": 0, "id": "BG"}, {"import": 7483810, "export": 0, "id": "GR"}, {"import": 0, "export": 0, "id": "IT"}, {"import": 0, "export": 0, "id": "PK"}, {"import": 0, "export": 0, "id": "RO"}, {"import": 0, "export": 0, "id": "RU"}, {"import": 0, "export": 0, "id": "LR"}, {"import": 0, "export": 0, "id": "NO"}, {"import": 0, "export": 0, "id": "MH"}, {"import": 0, "export": 900, "id": "PA"}, {"import": 0, "export": 0, "id": "PH"}, {"import": 0, "export": 0, "id": "PT"}, {"import": 0, "export": 0, "id": "SG"}, {"import": 0, "export": 0, "id": "SY"}, {"import": 0, "export": 0, "id": "UA"}, {"import": 0, "export": 0, "id": "AZ"}, {"import": 0, "export": 0, "id": "BA"}, {"import": 0, "export": 0, "id": "DE"}, {"import": 0, "export": 0, "id": "-"}], "import": 14685815, "export": 900}, {"date": "2020-03-01", "list": [{"import": 2000, "export": 0, "id": "VN"}, {"import": 0, "export": 0, "id": "US"}, {"import": 0, "export": 0, "id": "BR"}, {"import": 7200740, "export": 0, "id": "BG"}, {"import": 17309680, "export": 0, "id": "GR"}, {"import": 5464220, "export": 0, "id": "IT"}, {"import": 1000, "export": 0, "id": "PK"}, {"import": 0, "export": 0, "id": "RO"}, {"import": 3100280, "export": 82000, "id": "RU"}, {"import": 0, "export": 700, "id": "LR"}, {"import": 0, "export": 0, "id": "NO"}, {"import": 0, "export": 0, "id": "MH"}, {"import": 0, "export": 0, "id": "PA"}, {"import": 0, "export": 0, "id": "PH"}, {"import": 0, "export": 1450, "id": "PT"}, {"import": 0, "export": 0, "id": "SG"}, {"import": 0, "export": 0, "id": "SY"}, {"import": 0, "export": 43000, "id": "UA"}, {"import": 0, "export": 0, "id": "AZ"}, {"import": 0, "export": 3250, "id": "BA"}, {"import": 0, "export": 0, "id": "DE"}, {"import": 0, "export": 0, "id": "-"}], "import": 33077920, "export": 130400}, {"date": "2020-04-01", "list": [{"import": 10000, "export": 0, "id": "VN"}, {"import": 0, "export": 0, "id": "US"}, {"import": 0, "export": 0, "id": "BR"}, {"import": 2703535, "export": 0, "id": "BG"}, {"import": 3310099, "export": 0, "id": "GR"}, {"import": 50000, "export": 0, "id": "IT"}, {"import": 0, "export": 0, "id": "PK"}, {"import": 0, "export": 0, "id": "RO"}, {"import": 0, "export": 0, "id": "RU"}, {"import": 0, "export": 0, "id": "LR"}, {"import": 0, "export": 1400, "id": "NO"}, {"import": 0, "export": 425, "id": "MH"}, {"import": 0, "export": 1400, "id": "PA"}, {"import": 0, "export": 0, "id": "PH"}, {"import": 0, "export": 0, "id": "PT"}, {"import": 0, "export": 450, "id": "SG"}, {"import": 0, "export": 2000, "id": "SY"}, {"import": 0, "export": 0, "id": "UA"}, {"import": 0, "export": 0, "id": "AZ"}, {"import": 0, "export": 0, "id": "BA"}, {"import": 0, "export": 550, "id": "DE"}, {"import": 0, "export": 1050, "id": "-"}], "import": 6073634, "export": 7275}, {"date": "2020-05-01", "list": [{"import": 0, "export": 0, "id": "VN"}, {"import": 26250000, "export": 0, "id": "US"}, {"import": 0, "export": 0, "id": "BR"}, {"import": 3919646, "export": 10000, "id": "BG"}, {"import": 6648191, "export": 0, "id": "GR"}, {"import": 17600, "export": 0, "id": "IT"}, {"import": 1000, "export": 0, "id": "PK"}, {"import": 0, "export": 0, "id": "RO"}, {"import": 0, "export": 0, "id": "RU"}, {"import": 0, "export": 0, "id": "LR"}, {"import": 0, "export": 0, "id": "NO"}, {"import": 0, "export": 600, "id": "MH"}, {"import": 0, "export": 750, "id": "PA"}, {"import": 0, "export": 400, "id": "PH"}, {"import": 0, "export": 0, "id": "PT"}, {"import": 0, "export": 0, "id": "SG"}, {"import": 0, "export": 1000, "id": "SY"}, {"import": 0, "export": 600, "id": "UA"}, {"import": 0, "export": 20000, "id": "AZ"}, {"import": 0, "export": 0, "id": "BA"}, {"import": 0, "export": 0, "id": "DE"}, {"import": 0, "export": 0, "id": "-"}], "import": 36836437, "export": 33350}, {"date": "2020-06-01", "list": [{"import": 0, "export": 0, "id": "VN"}, {"import": 0, "export": 0, "id": "US"}, {"import": 25927347, "export": 0, "id": "BR"}, {"import": 9554425, "export": 0, "id": "BG"}, {"import": 0, "export": 0, "id": "GR"}, {"import": 8666, "export": 0, "id": "IT"}, {"import": 0, "export": 0, "id": "PK"}, {"import": 0, "export": 0, "id": "RO"}, {"import": 2884690, "export": 0, "id": "RU"}], "import": 38375128, "export": 0}, {"date": "2018-12-01", "list": [{"import": 0, "export": 0, "id": "LR"}, {"import": 0, "export": 0, "id": "NO"}, {"import": 0, "export": 0, "id": "MH"}, {"import": 0, "export": 0, "id": "PA"}, {"import": 0, "export": 0, "id": "PH"}, {"import": 0, "export": 0, "id": "PT"}, {"import": 0, "export": 0, "id": "RU"}, {"import": 0, "export": 0, "id": "SG"}, {"import": 0, "export": 0, "id": "SY"}, {"import": 0, "export": 0, "id": "UA"}, {"import": 0, "export": 0, "id": "AZ"}, {"import": 0, "export": 0, "id": "BA"}, {"import": 0, "export": 0, "id": "BG"}, {"import": 0, "export": 0, "id": "DE"}, {"import": 0, "export": 0, "id": "-"}], "import": 0, "export": 0}]