[{"date": "2018-11-01", "list": [{"import": 300, "export": 0, "id": "IN"}, {"import": 2851, "export": 119124, "id": "US"}, {"import": 140, "export": 0, "id": "AR"}, {"import": 216, "export": 0, "id": "TH"}, {"import": 36, "export": 0, "id": "AU"}, {"import": 186, "export": 0, "id": "PK"}, {"import": 8, "export": 0, "id": "CN"}, {"import": 0, "export": 0, "id": "BR"}, {"import": 0, "export": 0, "id": "TW"}, {"import": 0, "export": 0, "id": "RU"}, {"import": 2, "export": 0, "id": "KR"}, {"import": 10, "export": 0, "id": "VN"}, {"import": 0, "export": 0, "id": "ES"}, {"import": 0, "export": 0, "id": "AE"}, {"import": 0, "export": 0, "id": "TR"}, {"import": 0, "export": 0, "id": "GB"}, {"import": 0, "export": 0, "id": "PH"}, {"import": 0, "export": 0, "id": "PL"}, {"import": 0, "export": 0, "id": "MD"}, {"import": 0, "export": 0, "id": "NG"}, {"import": 0, "export": 0, "id": "KH"}, {"import": 0, "export": 0, "id": "LK"}, {"import": 0, "export": 0, "id": "FR"}, {"import": 2, "export": 0, "id": "-"}, {"import": 0, "export": 0, "id": "ID"}, {"import": 2, "export": 0, "id": "IR"}, {"import": 1, "export": 0, "id": "IT"}, {"import": 0, "export": 0, "id": "JP"}, {"import": 0, "export": 0, "id": "BD"}, {"import": 0, "export": 0, "id": "BE"}, {"import": 0, "export": 0, "id": "LB"}, {"import": 0, "export": 0, "id": "TG"}], "import": 3754, "export": 119124}, {"date": "2018-12-01", "list": [{"import": 321, "export": 0, "id": "IN"}, {"import": 3944, "export": 96444, "id": "US"}, {"import": 214, "export": 0, "id": "AR"}, {"import": 45, "export": 0, "id": "TH"}, {"import": 62, "export": 0, "id": "AU"}, {"import": 88, "export": 0, "id": "PK"}, {"import": 13, "export": 4282, "id": "CN"}, {"import": 0, "export": 0, "id": "BR"}, {"import": 0, "export": 0, "id": "TW"}, {"import": 0, "export": 0, "id": "RU"}, {"import": 2, "export": 0, "id": "KR"}, {"import": 20, "export": 0, "id": "VN"}, {"import": 0, "export": 0, "id": "ES"}, {"import": 0, "export": 82855, "id": "AE"}, {"import": 0, "export": 0, "id": "TR"}, {"import": 7, "export": 0, "id": "GB"}, {"import": 0, "export": 0, "id": "PH"}, {"import": 0, "export": 0, "id": "PL"}, {"import": 0, "export": 0, "id": "MD"}, {"import": 0, "export": 0, "id": "NG"}, {"import": 0, "export": 0, "id": "KH"}, {"import": 0, "export": 0, "id": "LK"}, {"import": 0, "export": 0, "id": "FR"}, {"import": 0, "export": 130054, "id": "-"}, {"import": 0, "export": 0, "id": "ID"}, {"import": 0, "export": 0, "id": "IR"}, {"import": 0, "export": 0, "id": "IT"}, {"import": 0, "export": 0, "id": "JP"}, {"import": 5, "export": 0, "id": "BD"}, {"import": 0, "export": 0, "id": "BE"}, {"import": 0, "export": 0, "id": "LB"}, {"import": 0, "export": 0, "id": "TG"}], "import": 4721, "export": 313635}, {"date": "2019-01-01", "list": [{"import": 226, "export": 0, "id": "IN"}, {"import": 3466, "export": 160260, "id": "US"}, {"import": 46, "export": 0, "id": "AR"}, {"import": 20, "export": 0, "id": "TH"}, {"import": 99, "export": 0, "id": "AU"}, {"import": 40, "export": 0, "id": "PK"}, {"import": 9, "export": 0, "id": "CN"}, {"import": 0, "export": 0, "id": "BR"}, {"import": 4, "export": 0, "id": "TW"}, {"import": 0, "export": 0, "id": "RU"}, {"import": 1, "export": 0, "id": "KR"}, {"import": 11, "export": 0, "id": "VN"}, {"import": 0, "export": 0, "id": "ES"}, {"import": 0, "export": 0, "id": "AE"}, {"import": 5, "export": 0, "id": "TR"}, {"import": 0, "export": 0, "id": "GB"}, {"import": 0, "export": 0, "id": "PH"}, {"import": 0, "export": 0, "id": "PL"}, {"import": 0, "export": 0, "id": "MD"}, {"import": 0, "export": 0, "id": "NG"}, {"import": 4, "export": 0, "id": "KH"}, {"import": 0, "export": 0, "id": "LK"}, {"import": 0, "export": 0, "id": "FR"}, {"import": 2, "export": 0, "id": "-"}, {"import": 0, "export": 0, "id": "ID"}, {"import": 0, "export": 0, "id": "IR"}, {"import": 2, "export": 0, "id": "IT"}, {"import": 0, "export": 0, "id": "JP"}, {"import": 0, "export": 0, "id": "BD"}, {"import": 0, "export": 0, "id": "BE"}, {"import": 0, "export": 0, "id": "LB"}, {"import": 0, "export": 0, "id": "TG"}], "import": 3935, "export": 160260}, {"date": "2019-02-01", "list": [{"import": 370, "export": 0, "id": "IN"}, {"import": 4018, "export": 158898, "id": "US"}, {"import": 139, "export": 0, "id": "AR"}, {"import": 16, "export": 0, "id": "TH"}, {"import": 58, "export": 0, "id": "AU"}, {"import": 51, "export": 0, "id": "PK"}, {"import": 10, "export": 0, "id": "CN"}, {"import": 0, "export": 0, "id": "BR"}, {"import": 0, "export": 0, "id": "TW"}, {"import": 0, "export": 0, "id": "RU"}, {"import": 0, "export": 0, "id": "KR"}, {"import": 1, "export": 0, "id": "VN"}, {"import": 0, "export": 0, "id": "ES"}, {"import": 0, "export": 0, "id": "AE"}, {"import": 0, "export": 0, "id": "TR"}, {"import": 0, "export": 0, "id": "GB"}, {"import": 0, "export": 0, "id": "PH"}, {"import": 0, "export": 0, "id": "PL"}, {"import": 0, "export": 0, "id": "MD"}, {"import": 0, "export": 0, "id": "NG"}, {"import": 0, "export": 0, "id": "KH"}, {"import": 0, "export": 0, "id": "LK"}, {"import": 0, "export": 0, "id": "FR"}, {"import": 0, "export": 0, "id": "-"}, {"import": 0, "export": 0, "id": "ID"}, {"import": 5, "export": 0, "id": "IR"}, {"import": 0, "export": 0, "id": "IT"}, {"import": 0, "export": 0, "id": "JP"}, {"import": 0, "export": 0, "id": "BD"}, {"import": 0, "export": 0, "id": "BE"}, {"import": 0, "export": 9466, "id": "LB"}, {"import": 0, "export": 0, "id": "TG"}], "import": 4668, "export": 168364}, {"date": "2019-03-01", "list": [{"import": 243, "export": 0, "id": "IN"}, {"import": 2924, "export": 178258, "id": "US"}, {"import": 139, "export": 0, "id": "AR"}, {"import": 166, "export": 0, "id": "TH"}, {"import": 68, "export": 0, "id": "AU"}, {"import": 121, "export": 0, "id": "PK"}, {"import": 2, "export": 0, "id": "CN"}, {"import": 0, "export": 0, "id": "BR"}, {"import": 0, "export": 0, "id": "TW"}, {"import": 0, "export": 0, "id": "RU"}, {"import": 1, "export": 0, "id": "KR"}, {"import": 7, "export": 0, "id": "VN"}, {"import": 0, "export": 0, "id": "ES"}, {"import": 0, "export": 0, "id": "AE"}, {"import": 0, "export": 0, "id": "TR"}, {"import": 0, "export": 0, "id": "GB"}, {"import": 0, "export": 25814, "id": "PH"}, {"import": 0, "export": 0, "id": "PL"}, {"import": 0, "export": 0, "id": "MD"}, {"import": 0, "export": 0, "id": "NG"}, {"import": 0, "export": 0, "id": "KH"}, {"import": 0, "export": 0, "id": "LK"}, {"import": 132, "export": 1841, "id": "FR"}, {"import": 0, "export": 0, "id": "-"}, {"import": 1, "export": 0, "id": "ID"}, {"import": 3, "export": 0, "id": "IR"}, {"import": 0, "export": 0, "id": "IT"}, {"import": 0, "export": 0, "id": "JP"}, {"import": 0, "export": 0, "id": "BD"}, {"import": 0, "export": 0, "id": "BE"}, {"import": 0, "export": 0, "id": "LB"}, {"import": 0, "export": 0, "id": "TG"}], "import": 3807, "export": 205913}, {"date": "2019-04-01", "list": [{"import": 645, "export": 0, "id": "IN"}, {"import": 3197, "export": 119812, "id": "US"}, {"import": 122, "export": 0, "id": "AR"}, {"import": 109, "export": 0, "id": "TH"}, {"import": 43, "export": 0, "id": "AU"}, {"import": 85, "export": 0, "id": "PK"}, {"import": 10, "export": 0, "id": "CN"}, {"import": 20, "export": 0, "id": "BR"}, {"import": 0, "export": 0, "id": "TW"}, {"import": 0, "export": 0, "id": "RU"}, {"import": 2, "export": 0, "id": "KR"}, {"import": 11, "export": 0, "id": "VN"}, {"import": 2, "export": 0, "id": "ES"}, {"import": 0, "export": 0, "id": "AE"}, {"import": 0, "export": 0, "id": "TR"}, {"import": 0, "export": 0, "id": "GB"}, {"import": 0, "export": 0, "id": "PH"}, {"import": 0, "export": 0, "id": "PL"}, {"import": 0, "export": 0, "id": "MD"}, {"import": 0, "export": 0, "id": "NG"}, {"import": 0, "export": 0, "id": "KH"}, {"import": 0, "export": 0, "id": "LK"}, {"import": 1, "export": 59, "id": "FR"}, {"import": 2, "export": 0, "id": "-"}, {"import": 0, "export": 0, "id": "ID"}, {"import": 1, "export": 0, "id": "IR"}, {"import": 0, "export": 0, "id": "IT"}, {"import": 0, "export": 0, "id": "JP"}, {"import": 8, "export": 0, "id": "BD"}, {"import": 0, "export": 0, "id": "BE"}, {"import": 0, "export": 0, "id": "LB"}, {"import": 0, "export": 0, "id": "TG"}], "import": 4258, "export": 119871}, {"date": "2019-05-01", "list": [{"import": 1307, "export": 0, "id": "IN"}, {"import": 2983, "export": 273505, "id": "US"}, {"import": 150, "export": 0, "id": "AR"}, {"import": 103, "export": 0, "id": "TH"}, {"import": 49, "export": 0, "id": "AU"}, {"import": 135, "export": 0, "id": "PK"}, {"import": 16, "export": 0, "id": "CN"}, {"import": 0, "export": 0, "id": "BR"}, {"import": 1, "export": 0, "id": "TW"}, {"import": 0, "export": 0, "id": "RU"}, {"import": 132, "export": 0, "id": "KR"}, {"import": 4, "export": 0, "id": "VN"}, {"import": 0, "export": 0, "id": "ES"}, {"import": 0, "export": 0, "id": "AE"}, {"import": 0, "export": 0, "id": "TR"}, {"import": 0, "export": 0, "id": "GB"}, {"import": 0, "export": 0, "id": "PH"}, {"import": 0, "export": 0, "id": "PL"}, {"import": 0, "export": 0, "id": "MD"}, {"import": 0, "export": 0, "id": "NG"}, {"import": 0, "export": 0, "id": "KH"}, {"import": 19, "export": 0, "id": "LK"}, {"import": 0, "export": 0, "id": "FR"}, {"import": 0, "export": 4075, "id": "-"}, {"import": 1, "export": 0, "id": "ID"}, {"import": 21, "export": 0, "id": "IR"}, {"import": 0, "export": 0, "id": "IT"}, {"import": 0, "export": 0, "id": "JP"}, {"import": 8, "export": 0, "id": "BD"}, {"import": 0, "export": 0, "id": "BE"}, {"import": 0, "export": 0, "id": "LB"}, {"import": 0, "export": 0, "id": "TG"}], "import": 4929, "export": 277580}, {"date": "2019-06-01", "list": [{"import": 579, "export": 0, "id": "IN"}, {"import": 2848, "export": 81164, "id": "US"}, {"import": 120, "export": 0, "id": "AR"}, {"import": 43, "export": 0, "id": "TH"}, {"import": 127, "export": 0, "id": "AU"}, {"import": 70, "export": 0, "id": "PK"}, {"import": 30, "export": 0, "id": "CN"}, {"import": 0, "export": 0, "id": "BR"}, {"import": 0, "export": 0, "id": "TW"}, {"import": 0, "export": 0, "id": "RU"}, {"import": 1, "export": 0, "id": "KR"}, {"import": 8, "export": 0, "id": "VN"}, {"import": 0, "export": 0, "id": "ES"}, {"import": 24, "export": 0, "id": "AE"}, {"import": 0, "export": 0, "id": "TR"}, {"import": 0, "export": 0, "id": "GB"}, {"import": 0, "export": 0, "id": "PH"}, {"import": 0, "export": 0, "id": "PL"}, {"import": 0, "export": 0, "id": "MD"}, {"import": 0, "export": 0, "id": "NG"}, {"import": 0, "export": 0, "id": "KH"}, {"import": 18, "export": 0, "id": "LK"}, {"import": 0, "export": 0, "id": "FR"}, {"import": 2, "export": 105519, "id": "-"}, {"import": 0, "export": 0, "id": "ID"}, {"import": 25, "export": 0, "id": "IR"}, {"import": 0, "export": 0, "id": "IT"}, {"import": 0, "export": 0, "id": "JP"}, {"import": 0, "export": 0, "id": "BD"}, {"import": 0, "export": 0, "id": "BE"}, {"import": 0, "export": 0, "id": "LB"}, {"import": 0, "export": 4828, "id": "TG"}], "import": 3895, "export": 191511}, {"date": "2019-07-01", "list": [{"import": 528, "export": 0, "id": "IN"}, {"import": 2480, "export": 178924, "id": "US"}, {"import": 94, "export": 0, "id": "AR"}, {"import": 93, "export": 0, "id": "TH"}, {"import": 14, "export": 0, "id": "AU"}, {"import": 94, "export": 0, "id": "PK"}, {"import": 24, "export": 0, "id": "CN"}, {"import": 20, "export": 0, "id": "BR"}, {"import": 1, "export": 0, "id": "TW"}, {"import": 0, "export": 0, "id": "RU"}, {"import": 2, "export": 0, "id": "KR"}, {"import": 0, "export": 0, "id": "VN"}, {"import": 0, "export": 0, "id": "ES"}, {"import": 0, "export": 0, "id": "AE"}, {"import": 0, "export": 0, "id": "TR"}, {"import": 0, "export": 0, "id": "GB"}, {"import": 0, "export": 0, "id": "PH"}, {"import": 0, "export": 0, "id": "PL"}, {"import": 0, "export": 0, "id": "MD"}, {"import": 0, "export": 0, "id": "NG"}, {"import": 0, "export": 0, "id": "KH"}, {"import": 40, "export": 0, "id": "LK"}, {"import": 0, "export": 0, "id": "FR"}, {"import": 0, "export": 0, "id": "-"}, {"import": 0, "export": 0, "id": "ID"}, {"import": 0, "export": 0, "id": "IR"}, {"import": 0, "export": 0, "id": "IT"}, {"import": 2, "export": 0, "id": "JP"}, {"import": 0, "export": 0, "id": "BD"}, {"import": 0, "export": 0, "id": "BE"}, {"import": 0, "export": 0, "id": "LB"}, {"import": 0, "export": 0, "id": "TG"}], "import": 3392, "export": 178924}, {"date": "2019-08-01", "list": [{"import": 101, "export": 0, "id": "IN"}, {"import": 5788, "export": 67907, "id": "US"}, {"import": 141, "export": 0, "id": "AR"}, {"import": 63, "export": 0, "id": "TH"}, {"import": 91, "export": 0, "id": "AU"}, {"import": 98, "export": 0, "id": "PK"}, {"import": 30, "export": 0, "id": "CN"}, {"import": 20, "export": 0, "id": "BR"}, {"import": 2, "export": 0, "id": "TW"}, {"import": 2, "export": 0, "id": "RU"}, {"import": 0, "export": 0, "id": "KR"}, {"import": 4, "export": 0, "id": "VN"}, {"import": 0, "export": 0, "id": "ES"}, {"import": 0, "export": 0, "id": "AE"}, {"import": 1, "export": 0, "id": "TR"}, {"import": 0, "export": 0, "id": "GB"}, {"import": 0, "export": 0, "id": "PH"}, {"import": 0, "export": 0, "id": "PL"}, {"import": 0, "export": 0, "id": "MD"}, {"import": 0, "export": 0, "id": "NG"}, {"import": 13, "export": 0, "id": "KH"}, {"import": 21, "export": 0, "id": "LK"}, {"import": 0, "export": 54, "id": "FR"}, {"import": 0, "export": 0, "id": "-"}, {"import": 0, "export": 0, "id": "ID"}, {"import": 0, "export": 0, "id": "IR"}, {"import": 0, "export": 0, "id": "IT"}, {"import": 0, "export": 0, "id": "JP"}, {"import": 0, "export": 0, "id": "BD"}, {"import": 0, "export": 0, "id": "BE"}, {"import": 0, "export": 0, "id": "LB"}, {"import": 0, "export": 0, "id": "TG"}], "import": 6375, "export": 67961}, {"date": "2019-09-01", "list": [{"import": 473, "export": 0, "id": "IN"}, {"import": 2461, "export": 179056, "id": "US"}, {"import": 24, "export": 0, "id": "AR"}, {"import": 91, "export": 0, "id": "TH"}, {"import": 95, "export": 0, "id": "AU"}, {"import": 22, "export": 0, "id": "PK"}, {"import": 108, "export": 0, "id": "CN"}, {"import": 0, "export": 0, "id": "BR"}, {"import": 1, "export": 0, "id": "TW"}, {"import": 0, "export": 0, "id": "RU"}, {"import": 3, "export": 0, "id": "KR"}, {"import": 0, "export": 0, "id": "VN"}, {"import": 0, "export": 0, "id": "ES"}, {"import": 0, "export": 0, "id": "AE"}, {"import": 0, "export": 0, "id": "TR"}, {"import": 0, "export": 0, "id": "GB"}, {"import": 0, "export": 0, "id": "PH"}, {"import": 0, "export": 0, "id": "PL"}, {"import": 0, "export": 0, "id": "MD"}, {"import": 0, "export": 0, "id": "NG"}, {"import": 0, "export": 0, "id": "KH"}, {"import": 8, "export": 0, "id": "LK"}, {"import": 0, "export": 0, "id": "FR"}, {"import": 0, "export": 0, "id": "-"}, {"import": 0, "export": 0, "id": "ID"}, {"import": 0, "export": 0, "id": "IR"}, {"import": 15, "export": 0, "id": "IT"}, {"import": 0, "export": 0, "id": "JP"}, {"import": 0, "export": 0, "id": "BD"}, {"import": 0, "export": 0, "id": "BE"}, {"import": 0, "export": 0, "id": "LB"}, {"import": 0, "export": 0, "id": "TG"}], "import": 3301, "export": 179056}, {"date": "2019-10-01", "list": [{"import": 150, "export": 0, "id": "IN"}, {"import": 3437, "export": 139017, "id": "US"}, {"import": 138, "export": 0, "id": "AR"}, {"import": 67, "export": 0, "id": "TH"}, {"import": 72, "export": 0, "id": "AU"}, {"import": 48, "export": 0, "id": "PK"}, {"import": 7, "export": 0, "id": "CN"}, {"import": 20, "export": 0, "id": "BR"}, {"import": 3, "export": 0, "id": "TW"}, {"import": 0, "export": 0, "id": "RU"}, {"import": 2, "export": 0, "id": "KR"}, {"import": 0, "export": 0, "id": "VN"}, {"import": 0, "export": 0, "id": "ES"}, {"import": 0, "export": 0, "id": "AE"}, {"import": 0, "export": 0, "id": "TR"}, {"import": 0, "export": 0, "id": "GB"}, {"import": 0, "export": 0, "id": "PH"}, {"import": 0, "export": 0, "id": "PL"}, {"import": 0, "export": 0, "id": "MD"}, {"import": 0, "export": 0, "id": "NG"}, {"import": 0, "export": 0, "id": "KH"}, {"import": 3, "export": 0, "id": "LK"}, {"import": 0, "export": 0, "id": "FR"}, {"import": 0, "export": 0, "id": "-"}, {"import": 0, "export": 0, "id": "ID"}, {"import": 0, "export": 0, "id": "IR"}, {"import": 0, "export": 0, "id": "IT"}, {"import": 2, "export": 0, "id": "JP"}, {"import": 0, "export": 0, "id": "BD"}, {"import": 0, "export": 0, "id": "BE"}, {"import": 0, "export": 0, "id": "LB"}, {"import": 0, "export": 0, "id": "TG"}], "import": 3949, "export": 139017}, {"date": "2019-11-01", "list": [{"import": 154, "export": 0, "id": "IN"}, {"import": 4196, "export": 176184, "id": "US"}, {"import": 124, "export": 0, "id": "AR"}, {"import": 65, "export": 0, "id": "TH"}, {"import": 186, "export": 0, "id": "AU"}, {"import": 105, "export": 0, "id": "PK"}, {"import": 16, "export": 0, "id": "CN"}, {"import": 0, "export": 0, "id": "BR"}, {"import": 0, "export": 0, "id": "TW"}, {"import": 0, "export": 0, "id": "RU"}, {"import": 2, "export": 0, "id": "KR"}, {"import": 46, "export": 0, "id": "VN"}, {"import": 0, "export": 0, "id": "ES"}, {"import": 0, "export": 0, "id": "AE"}, {"import": 2, "export": 0, "id": "TR"}, {"import": 0, "export": 0, "id": "GB"}, {"import": 0, "export": 0, "id": "PH"}, {"import": 0, "export": 0, "id": "PL"}, {"import": 0, "export": 0, "id": "MD"}, {"import": 0, "export": 0, "id": "NG"}, {"import": 0, "export": 0, "id": "KH"}, {"import": 0, "export": 0, "id": "LK"}, {"import": 0, "export": 0, "id": "FR"}, {"import": 0, "export": 108242, "id": "-"}, {"import": 0, "export": 0, "id": "ID"}, {"import": 0, "export": 0, "id": "IR"}, {"import": 0, "export": 0, "id": "IT"}, {"import": 0, "export": 0, "id": "JP"}, {"import": 9, "export": 0, "id": "BD"}, {"import": 0, "export": 0, "id": "BE"}, {"import": 0, "export": 0, "id": "LB"}, {"import": 0, "export": 0, "id": "TG"}], "import": 4905, "export": 284426}, {"date": "2019-12-01", "list": [{"import": 148, "export": 0, "id": "IN"}, {"import": 3276, "export": 221077, "id": "US"}, {"import": 165, "export": 0, "id": "AR"}, {"import": 112, "export": 0, "id": "TH"}, {"import": 155, "export": 0, "id": "AU"}, {"import": 169, "export": 0, "id": "PK"}, {"import": 18, "export": 0, "id": "CN"}, {"import": 0, "export": 0, "id": "BR"}, {"import": 1, "export": 0, "id": "TW"}, {"import": 0, "export": 0, "id": "RU"}, {"import": 0, "export": 0, "id": "KR"}, {"import": 4, "export": 0, "id": "VN"}, {"import": 194, "export": 0, "id": "ES"}, {"import": 0, "export": 0, "id": "AE"}, {"import": 0, "export": 0, "id": "TR"}, {"import": 0, "export": 0, "id": "GB"}, {"import": 0, "export": 0, "id": "PH"}, {"import": 0, "export": 0, "id": "PL"}, {"import": 0, "export": 0, "id": "MD"}, {"import": 0, "export": 0, "id": "NG"}, {"import": 0, "export": 0, "id": "KH"}, {"import": 16, "export": 0, "id": "LK"}, {"import": 0, "export": 3566, "id": "FR"}, {"import": 0, "export": 0, "id": "-"}, {"import": 0, "export": 0, "id": "ID"}, {"import": 0, "export": 0, "id": "IR"}, {"import": 66, "export": 0, "id": "IT"}, {"import": 0, "export": 0, "id": "JP"}, {"import": 0, "export": 0, "id": "BD"}, {"import": 0, "export": 0, "id": "BE"}, {"import": 0, "export": 0, "id": "LB"}, {"import": 0, "export": 0, "id": "TG"}], "import": 4324, "export": 224643}, {"date": "2020-01-01", "list": [{"import": 353, "export": 0, "id": "IN"}, {"import": 2380, "export": 166224, "id": "US"}, {"import": 68, "export": 0, "id": "AR"}, {"import": 193, "export": 0, "id": "TH"}, {"import": 68, "export": 0, "id": "AU"}, {"import": 150, "export": 0, "id": "PK"}, {"import": 24, "export": 0, "id": "CN"}, {"import": 0, "export": 0, "id": "BR"}, {"import": 0, "export": 0, "id": "TW"}, {"import": 0, "export": 0, "id": "RU"}, {"import": 0, "export": 0, "id": "KR"}, {"import": 0, "export": 0, "id": "VN"}, {"import": 0, "export": 0, "id": "ES"}, {"import": 0, "export": 0, "id": "AE"}, {"import": 0, "export": 0, "id": "TR"}, {"import": 0, "export": 0, "id": "GB"}, {"import": 0, "export": 0, "id": "PH"}, {"import": 0, "export": 0, "id": "PL"}, {"import": 0, "export": 0, "id": "MD"}, {"import": 0, "export": 0, "id": "NG"}, {"import": 0, "export": 0, "id": "KH"}, {"import": 13, "export": 0, "id": "LK"}, {"import": 0, "export": 0, "id": "FR"}, {"import": 0, "export": 0, "id": "-"}, {"import": 0, "export": 0, "id": "ID"}, {"import": 0, "export": 0, "id": "IR"}, {"import": 2, "export": 0, "id": "IT"}, {"import": 1, "export": 0, "id": "JP"}, {"import": 0, "export": 0, "id": "BD"}, {"import": 19, "export": 0, "id": "BE"}, {"import": 0, "export": 0, "id": "LB"}, {"import": 0, "export": 0, "id": "TG"}], "import": 3271, "export": 166224}, {"date": "2020-02-01", "list": [{"import": 147, "export": 0, "id": "IN"}, {"import": 2504, "export": 118974, "id": "US"}, {"import": 59, "export": 0, "id": "AR"}, {"import": 29, "export": 0, "id": "TH"}, {"import": 32, "export": 0, "id": "AU"}, {"import": 56, "export": 0, "id": "PK"}, {"import": 13, "export": 0, "id": "CN"}, {"import": 20, "export": 0, "id": "BR"}, {"import": 0, "export": 0, "id": "TW"}, {"import": 0, "export": 0, "id": "RU"}, {"import": 1, "export": 0, "id": "KR"}, {"import": 0, "export": 0, "id": "VN"}, {"import": 0, "export": 0, "id": "ES"}, {"import": 0, "export": 0, "id": "AE"}, {"import": 0, "export": 0, "id": "TR"}, {"import": 0, "export": 0, "id": "GB"}, {"import": 0, "export": 0, "id": "PH"}, {"import": 1, "export": 0, "id": "PL"}, {"import": 0, "export": 0, "id": "MD"}, {"import": 0, "export": 0, "id": "NG"}, {"import": 1, "export": 0, "id": "KH"}, {"import": 0, "export": 0, "id": "LK"}, {"import": 0, "export": 477, "id": "FR"}, {"import": 0, "export": 0, "id": "-"}, {"import": 0, "export": 0, "id": "ID"}, {"import": 0, "export": 0, "id": "IR"}, {"import": 1, "export": 0, "id": "IT"}, {"import": 0, "export": 0, "id": "JP"}, {"import": 0, "export": 0, "id": "BD"}, {"import": 0, "export": 0, "id": "BE"}, {"import": 0, "export": 0, "id": "LB"}, {"import": 0, "export": 0, "id": "TG"}], "import": 2864, "export": 119451}, {"date": "2020-03-01", "list": [{"import": 201, "export": 0, "id": "IN"}, {"import": 3925, "export": 56478, "id": "US"}, {"import": 59, "export": 0, "id": "AR"}, {"import": 357, "export": 0, "id": "TH"}, {"import": 69, "export": 0, "id": "AU"}, {"import": 129, "export": 0, "id": "PK"}, {"import": 276, "export": 0, "id": "CN"}, {"import": 20, "export": 0, "id": "BR"}, {"import": 5, "export": 0, "id": "TW"}, {"import": 0, "export": 0, "id": "RU"}, {"import": 1, "export": 0, "id": "KR"}, {"import": 3, "export": 0, "id": "VN"}, {"import": 0, "export": 0, "id": "ES"}, {"import": 0, "export": 0, "id": "AE"}, {"import": 0, "export": 0, "id": "TR"}, {"import": 0, "export": 40788, "id": "GB"}, {"import": 0, "export": 0, "id": "PH"}, {"import": 0, "export": 0, "id": "PL"}, {"import": 0, "export": 0, "id": "MD"}, {"import": 2, "export": 0, "id": "NG"}, {"import": 0, "export": 0, "id": "KH"}, {"import": 14, "export": 0, "id": "LK"}, {"import": 0, "export": 0, "id": "FR"}, {"import": 0, "export": 0, "id": "-"}, {"import": 0, "export": 0, "id": "ID"}, {"import": 0, "export": 0, "id": "IR"}, {"import": 0, "export": 0, "id": "IT"}, {"import": 0, "export": 0, "id": "JP"}, {"import": 6, "export": 0, "id": "BD"}, {"import": 0, "export": 0, "id": "BE"}, {"import": 0, "export": 0, "id": "LB"}, {"import": 0, "export": 0, "id": "TG"}], "import": 5067, "export": 97266}, {"date": "2020-04-01", "list": [{"import": 115, "export": 0, "id": "IN"}, {"import": 4197, "export": 173572, "id": "US"}, {"import": 139, "export": 0, "id": "AR"}, {"import": 381, "export": 0, "id": "TH"}, {"import": 93, "export": 0, "id": "AU"}, {"import": 52, "export": 0, "id": "PK"}, {"import": 5741, "export": 0, "id": "CN"}, {"import": 0, "export": 0, "id": "BR"}, {"import": 10, "export": 0, "id": "TW"}, {"import": 0, "export": 0, "id": "RU"}, {"import": 4, "export": 0, "id": "KR"}, {"import": 4, "export": 0, "id": "VN"}, {"import": 0, "export": 0, "id": "ES"}, {"import": 0, "export": 0, "id": "AE"}, {"import": 2, "export": 0, "id": "TR"}, {"import": 0, "export": 0, "id": "GB"}, {"import": 0, "export": 0, "id": "PH"}, {"import": 0, "export": 0, "id": "PL"}, {"import": 0, "export": 0, "id": "MD"}, {"import": 0, "export": 0, "id": "NG"}, {"import": 0, "export": 0, "id": "KH"}, {"import": 0, "export": 0, "id": "LK"}, {"import": 0, "export": 0, "id": "FR"}, {"import": 0, "export": 2994, "id": "-"}, {"import": 0, "export": 0, "id": "ID"}, {"import": 7, "export": 0, "id": "IR"}, {"import": 0, "export": 0, "id": "IT"}, {"import": 1, "export": 0, "id": "JP"}, {"import": 0, "export": 0, "id": "BD"}, {"import": 0, "export": 0, "id": "BE"}, {"import": 0, "export": 0, "id": "LB"}, {"import": 0, "export": 0, "id": "TG"}], "import": 10746, "export": 176566}, {"date": "2020-05-01", "list": [{"import": 4190, "export": 142011, "id": "US"}, {"import": 164, "export": 0, "id": "AR"}, {"import": 239, "export": 0, "id": "TH"}, {"import": 135, "export": 0, "id": "AU"}, {"import": 216, "export": 0, "id": "PK"}, {"import": 12, "export": 0, "id": "CN"}, {"import": 0, "export": 0, "id": "BR"}, {"import": 0, "export": 0, "id": "TW"}, {"import": 0, "export": 0, "id": "RU"}, {"import": 0, "export": 0, "id": "KR"}, {"import": 1, "export": 0, "id": "VN"}, {"import": 0, "export": 0, "id": "ES"}, {"import": 0, "export": 0, "id": "AE"}, {"import": 0, "export": 0, "id": "TR"}, {"import": 0, "export": 0, "id": "GB"}, {"import": 0, "export": 0, "id": "PH"}, {"import": 0, "export": 0, "id": "PL"}, {"import": 0, "export": 0, "id": "MD"}, {"import": 0, "export": 0, "id": "NG"}, {"import": 0, "export": 0, "id": "KH"}, {"import": 21, "export": 0, "id": "LK"}, {"import": 0, "export": 196, "id": "FR"}, {"import": 0, "export": 0, "id": "-"}, {"import": 0, "export": 0, "id": "ID"}, {"import": 0, "export": 0, "id": "IR"}, {"import": 0, "export": 0, "id": "IT"}, {"import": 1, "export": 0, "id": "JP"}, {"import": 14, "export": 0, "id": "BD"}, {"import": 0, "export": 0, "id": "BE"}, {"import": 0, "export": 0, "id": "LB"}, {"import": 0, "export": 0, "id": "TG"}], "import": 4993, "export": 142207}, {"date": "2020-06-01", "list": [{"import": 5038, "export": 104780, "id": "US"}, {"import": 200, "export": 0, "id": "AR"}, {"import": 165, "export": 0, "id": "TH"}, {"import": 112, "export": 0, "id": "AU"}, {"import": 101, "export": 0, "id": "PK"}, {"import": 28, "export": 0, "id": "CN"}, {"import": 22, "export": 0, "id": "BR"}, {"import": 7, "export": 0, "id": "TW"}, {"import": 3, "export": 0, "id": "RU"}, {"import": 1, "export": 0, "id": "KR"}, {"import": 1, "export": 0, "id": "VN"}, {"import": 0, "export": 0, "id": "ES"}, {"import": 0, "export": 0, "id": "AE"}, {"import": 0, "export": 0, "id": "TR"}, {"import": 0, "export": 0, "id": "GB"}, {"import": 0, "export": 0, "id": "PH"}, {"import": 0, "export": 0, "id": "PL"}, {"import": 0, "export": 0, "id": "MD"}, {"import": 0, "export": 0, "id": "NG"}, {"import": 0, "export": 0, "id": "KH"}, {"import": 0, "export": 0, "id": "LK"}, {"import": 0, "export": 0, "id": "FR"}, {"import": 0, "export": 0, "id": "-"}, {"import": 0, "export": 0, "id": "ID"}, {"import": 0, "export": 0, "id": "IR"}, {"import": 0, "export": 0, "id": "IT"}, {"import": 0, "export": 0, "id": "JP"}, {"import": 0, "export": 0, "id": "BD"}, {"import": 0, "export": 0, "id": "BE"}, {"import": 0, "export": 0, "id": "LB"}, {"import": 0, "export": 0, "id": "TG"}], "import": 5678, "export": 104780}]