[{"date": "12-01", "list": [{"import": 1, "export": 0, "id": "-"}], "import": 16, "export": 0}, {"date": "1-01", "list": [{"import": 2, "export": 0, "id": "-"}], "import": 9, "export": 0}, {"date": "2-01", "list": [{"import": 1250733, "export": 0, "id": "IN"}, {"import": 4659900, "export": 0, "id": "PK"}, {"import": 2930810, "export": 0, "id": "UY"}, {"import": 0, "export": 0, "id": "MM"}, {"import": 144070, "export": 0, "id": "VN"}, {"import": 0, "export": 0, "id": "SR"}, {"import": 508281, "export": 0, "id": "IT"}, {"import": 0, "export": 0, "id": "PY"}, {"import": 365245, "export": 0, "id": "TH"}, {"import": 107500, "export": 0, "id": "GY"}, {"import": 55948, "export": 0, "id": "BE"}, {"import": 147347, "export": 0, "id": "DE"}, {"import": 65579, "export": 0, "id": "NL"}, {"import": 0, "export": 0, "id": "US"}, {"import": 20980, "export": 0, "id": "GB"}, {"import": 6999, "export": 0, "id": "ES"}, {"import": 106, "export": 0, "id": "JP"}, {"import": 6900, "export": 0, "id": "PT"}, {"import": 4822, "export": 0, "id": "FR"}, {"import": 0, "export": 0, "id": "DK"}, {"import": 500, "export": 0, "id": "LK"}, {"import": 1360, "export": 0, "id": "TR"}, {"import": 700, "export": 0, "id": "RO"}, {"import": 2, "export": 0, "id": "-"}], "import": 10277782, "export": 0}, {"date": "Unnamed: 3-01", "list": [{"import": 1552405, "export": 0, "id": "IN"}, {"import": 5121530, "export": 0, "id": "PK"}, {"import": 2207770, "export": 0, "id": "UY"}, {"import": 0, "export": 0, "id": "MM"}, {"import": 340850, "export": 0, "id": "VN"}, {"import": 399960, "export": 0, "id": "SR"}, {"import": 543264, "export": 0, "id": "IT"}, {"import": 0, "export": 0, "id": "PY"}, {"import": 369180, "export": 0, "id": "TH"}, {"import": 0, "export": 0, "id": "GY"}, {"import": 261193, "export": 0, "id": "BE"}, {"import": 28588, "export": 0, "id": "DE"}, {"import": 60142, "export": 0, "id": "NL"}, {"import": 1157, "export": 0, "id": "US"}, {"import": 9979, "export": 0, "id": "GB"}, {"import": 200, "export": 0, "id": "ES"}, {"import": 650, "export": 0, "id": "JP"}, {"import": 2928, "export": 0, "id": "PT"}, {"import": 3978, "export": 0, "id": "FR"}, {"import": 0, "export": 0, "id": "DK"}, {"import": 2000, "export": 0, "id": "LK"}, {"import": 1742, "export": 0, "id": "TR"}, {"import": 0, "export": 0, "id": "RO"}, {"import": 0, "export": 0, "id": "-"}], "import": 10907516, "export": 0}, {"date": "Unnamed: 4-01", "list": [{"import": 514316, "export": 0, "id": "IN"}, {"import": 3239962, "export": 0, "id": "PK"}, {"import": 1065660, "export": 0, "id": "UY"}, {"import": 0, "export": 0, "id": "MM"}, {"import": 435512, "export": 0, "id": "VN"}, {"import": 307460, "export": 0, "id": "SR"}, {"import": 433330, "export": 0, "id": "IT"}, {"import": 0, "export": 0, "id": "PY"}, {"import": 1414776, "export": 0, "id": "TH"}, {"import": 0, "export": 0, "id": "GY"}, {"import": 235153, "export": 0, "id": "BE"}, {"import": 47679, "export": 0, "id": "DE"}, {"import": 48569, "export": 0, "id": "NL"}, {"import": 0, "export": 0, "id": "US"}, {"import": 27994, "export": 0, "id": "GB"}, {"import": 5, "export": 0, "id": "ES"}, {"import": 0, "export": 0, "id": "JP"}, {"import": 3070, "export": 0, "id": "PT"}, {"import": 7026, "export": 0, "id": "FR"}, {"import": 0, "export": 0, "id": "DK"}, {"import": 4500, "export": 0, "id": "LK"}, {"import": 0, "export": 0, "id": "TR"}, {"import": 0, "export": 0, "id": "RO"}, {"import": 0, "export": 0, "id": "-"}], "import": 7785012, "export": 0}, {"date": "Unnamed: 5-01", "list": [{"import": 308483, "export": 0, "id": "IN"}, {"import": 4491668, "export": 0, "id": "PK"}, {"import": 1634490, "export": 0, "id": "UY"}, {"import": 0, "export": 0, "id": "MM"}, {"import": 294000, "export": 0, "id": "VN"}, {"import": 199960, "export": 0, "id": "SR"}, {"import": 567652, "export": 0, "id": "IT"}, {"import": 480960, "export": 0, "id": "PY"}, {"import": 1232419, "export": 0, "id": "TH"}, {"import": 107500, "export": 0, "id": "GY"}, {"import": 47748, "export": 0, "id": "BE"}, {"import": 23486, "export": 0, "id": "DE"}, {"import": 52838, "export": 0, "id": "NL"}, {"import": 22190, "export": 0, "id": "US"}, {"import": 9473, "export": 0, "id": "GB"}, {"import": 56411, "export": 0, "id": "ES"}, {"import": 5498, "export": 0, "id": "JP"}, {"import": 9192, "export": 0, "id": "PT"}, {"import": 7956, "export": 0, "id": "FR"}, {"import": 0, "export": 0, "id": "DK"}, {"import": 0, "export": 0, "id": "LK"}, {"import": 0, "export": 0, "id": "TR"}, {"import": 518, "export": 0, "id": "RO"}, {"import": 0, "export": 0, "id": "-"}], "import": 9552442, "export": 0}, {"date": "Unnamed: 6-01", "list": [{"import": 309700, "export": 0, "id": "IN"}, {"import": 5499539, "export": 0, "id": "PK"}, {"import": 2487240, "export": 0, "id": "UY"}, {"import": 100000, "export": 0, "id": "MM"}, {"import": 344000, "export": 0, "id": "VN"}, {"import": 0, "export": 0, "id": "SR"}, {"import": 729309, "export": 0, "id": "IT"}, {"import": 482450, "export": 0, "id": "PY"}, {"import": 587232, "export": 0, "id": "TH"}, {"import": 126140, "export": 0, "id": "GY"}, {"import": 447919, "export": 0, "id": "BE"}, {"import": 92416, "export": 0, "id": "DE"}, {"import": 26992, "export": 0, "id": "NL"}, {"import": 2017, "export": 0, "id": "US"}, {"import": 11350, "export": 0, "id": "GB"}, {"import": 0, "export": 0, "id": "ES"}, {"import": 120, "export": 0, "id": "JP"}, {"import": 2904, "export": 0, "id": "PT"}, {"import": 9512, "export": 0, "id": "FR"}, {"import": 0, "export": 0, "id": "DK"}, {"import": 0, "export": 0, "id": "LK"}, {"import": 0, "export": 0, "id": "TR"}, {"import": 0, "export": 0, "id": "RO"}, {"import": 0, "export": 0, "id": "-"}], "import": 11258840, "export": 0}, {"date": "Unnamed: 7-01", "list": [{"import": 276711, "export": 0, "id": "IN"}, {"import": 2496570, "export": 0, "id": "PK"}, {"import": 2642944, "export": 0, "id": "UY"}, {"import": 0, "export": 0, "id": "MM"}, {"import": 266000, "export": 0, "id": "VN"}, {"import": 307460, "export": 0, "id": "SR"}, {"import": 421920, "export": 0, "id": "IT"}, {"import": 484980, "export": 0, "id": "PY"}, {"import": 735916, "export": 0, "id": "TH"}, {"import": 215000, "export": 0, "id": "GY"}, {"import": 44734, "export": 0, "id": "BE"}, {"import": 39759, "export": 0, "id": "DE"}, {"import": 39517, "export": 0, "id": "NL"}, {"import": 953, "export": 0, "id": "US"}, {"import": 25847, "export": 0, "id": "GB"}, {"import": 9600, "export": 0, "id": "ES"}, {"import": 4890, "export": 0, "id": "JP"}, {"import": 5904, "export": 0, "id": "PT"}, {"import": 9295, "export": 0, "id": "FR"}, {"import": 0, "export": 0, "id": "DK"}, {"import": 1500, "export": 0, "id": "LK"}, {"import": 1625, "export": 0, "id": "TR"}, {"import": 0, "export": 0, "id": "RO"}, {"import": 0, "export": 0, "id": "-"}], "import": 8031125, "export": 0}, {"date": "Unnamed: 8-01", "list": [{"import": 20623, "export": 0, "id": "IN"}, {"import": 1905457, "export": 0, "id": "PK"}, {"import": 2835960, "export": 0, "id": "UY"}, {"import": 245280, "export": 0, "id": "MM"}, {"import": 439864, "export": 0, "id": "VN"}, {"import": 199980, "export": 0, "id": "SR"}, {"import": 593754, "export": 0, "id": "IT"}, {"import": 484230, "export": 0, "id": "PY"}, {"import": 817966, "export": 0, "id": "TH"}, {"import": 107500, "export": 0, "id": "GY"}, {"import": 50333, "export": 0, "id": "BE"}, {"import": 35875, "export": 0, "id": "DE"}, {"import": 70897, "export": 0, "id": "NL"}, {"import": 0, "export": 0, "id": "US"}, {"import": 5655, "export": 0, "id": "GB"}, {"import": 5697, "export": 0, "id": "ES"}, {"import": 155, "export": 0, "id": "JP"}, {"import": 5364, "export": 0, "id": "PT"}, {"import": 10106, "export": 0, "id": "FR"}, {"import": 0, "export": 0, "id": "DK"}, {"import": 5540, "export": 0, "id": "LK"}, {"import": 0, "export": 0, "id": "TR"}, {"import": 0, "export": 0, "id": "RO"}, {"import": 0, "export": 0, "id": "-"}], "import": 7840236, "export": 0}, {"date": "Unnamed: 9-01", "list": [{"import": 1009607, "export": 0, "id": "IN"}, {"import": 4231072, "export": 0, "id": "PK"}, {"import": 898880, "export": 0, "id": "UY"}, {"import": 0, "export": 0, "id": "MM"}, {"import": 306990, "export": 0, "id": "VN"}, {"import": 307460, "export": 0, "id": "SR"}, {"import": 412770, "export": 0, "id": "IT"}, {"import": 510880, "export": 0, "id": "PY"}, {"import": 410524, "export": 0, "id": "TH"}, {"import": 215000, "export": 0, "id": "GY"}, {"import": 12606, "export": 0, "id": "BE"}, {"import": 16031, "export": 0, "id": "DE"}, {"import": 36189, "export": 0, "id": "NL"}, {"import": 1089, "export": 0, "id": "US"}, {"import": 8004, "export": 0, "id": "GB"}, {"import": 9484, "export": 0, "id": "ES"}, {"import": 2610, "export": 0, "id": "JP"}, {"import": 1356, "export": 0, "id": "PT"}, {"import": 1554, "export": 0, "id": "FR"}, {"import": 0, "export": 0, "id": "DK"}, {"import": 1500, "export": 0, "id": "LK"}, {"import": 1490, "export": 0, "id": "TR"}, {"import": 0, "export": 0, "id": "RO"}, {"import": 0, "export": 0, "id": "-"}], "import": 8395096, "export": 0}, {"date": "Unnamed: 10-01", "list": [{"import": 398777, "export": 0, "id": "IN"}, {"import": 4080918, "export": 0, "id": "PK"}, {"import": 117560, "export": 0, "id": "UY"}, {"import": 349980, "export": 0, "id": "MM"}, {"import": 0, "export": 0, "id": "VN"}, {"import": 199900, "export": 0, "id": "SR"}, {"import": 581287, "export": 0, "id": "IT"}, {"import": 1133310, "export": 0, "id": "PY"}, {"import": 35408, "export": 0, "id": "TH"}, {"import": 150500, "export": 0, "id": "GY"}, {"import": 123483, "export": 0, "id": "BE"}, {"import": 17592, "export": 0, "id": "DE"}, {"import": 28441, "export": 0, "id": "NL"}, {"import": 953, "export": 0, "id": "US"}, {"import": 32098, "export": 0, "id": "GB"}, {"import": 4996, "export": 0, "id": "ES"}, {"import": 545, "export": 0, "id": "JP"}, {"import": 8128, "export": 0, "id": "PT"}, {"import": 3450, "export": 0, "id": "FR"}, {"import": 0, "export": 0, "id": "DK"}, {"import": 400, "export": 0, "id": "LK"}, {"import": 1295, "export": 0, "id": "TR"}, {"import": 0, "export": 0, "id": "RO"}, {"import": 0, "export": 0, "id": "-"}], "import": 7269021, "export": 0}, {"date": "Unnamed: 11-01", "list": [{"import": 211665, "export": 0, "id": "IN"}, {"import": 1959730, "export": 0, "id": "PK"}, {"import": 0, "export": 0, "id": "UY"}, {"import": 499980, "export": 0, "id": "MM"}, {"import": 530140, "export": 0, "id": "VN"}, {"import": 199980, "export": 0, "id": "SR"}, {"import": 740762, "export": 0, "id": "IT"}, {"import": 866950, "export": 0, "id": "PY"}, {"import": 84714, "export": 0, "id": "TH"}, {"import": 197000, "export": 0, "id": "GY"}, {"import": 527416, "export": 0, "id": "BE"}, {"import": 123261, "export": 0, "id": "DE"}, {"import": 84214, "export": 0, "id": "NL"}, {"import": 1270, "export": 0, "id": "US"}, {"import": 22224, "export": 0, "id": "GB"}, {"import": 3169, "export": 0, "id": "ES"}, {"import": 0, "export": 0, "id": "JP"}, {"import": 4848, "export": 0, "id": "PT"}, {"import": 11604, "export": 0, "id": "FR"}, {"import": 0, "export": 0, "id": "DK"}, {"import": 5350, "export": 0, "id": "LK"}, {"import": 0, "export": 0, "id": "TR"}, {"import": 500, "export": 0, "id": "RO"}, {"import": 0, "export": 0, "id": "-"}], "import": 6074777, "export": 0}, {"date": "Unnamed: 12-01", "list": [{"import": 502723, "export": 0, "id": "IN"}, {"import": 1062640, "export": 0, "id": "PK"}, {"import": 0, "export": 0, "id": "UY"}, {"import": 500000, "export": 0, "id": "MM"}, {"import": 459560, "export": 0, "id": "VN"}, {"import": 307460, "export": 0, "id": "SR"}, {"import": 583167, "export": 0, "id": "IT"}, {"import": 1574910, "export": 0, "id": "PY"}, {"import": 522548, "export": 0, "id": "TH"}, {"import": 0, "export": 0, "id": "GY"}, {"import": 90092, "export": 0, "id": "BE"}, {"import": 67420, "export": 0, "id": "DE"}, {"import": 15844, "export": 0, "id": "NL"}, {"import": 0, "export": 0, "id": "US"}, {"import": 29787, "export": 0, "id": "GB"}, {"import": 1527, "export": 0, "id": "ES"}, {"import": 0, "export": 0, "id": "JP"}, {"import": 14130, "export": 0, "id": "PT"}, {"import": 6124, "export": 0, "id": "FR"}, {"import": 0, "export": 0, "id": "DK"}, {"import": 9060, "export": 0, "id": "LK"}, {"import": 648, "export": 0, "id": "TR"}, {"import": 0, "export": 0, "id": "RO"}, {"import": 0, "export": 0, "id": "-"}], "import": 5747640, "export": 0}, {"date": "Unnamed: 13-01", "list": [{"import": 23689, "export": 0, "id": "IN"}, {"import": 350180, "export": 0, "id": "PK"}, {"import": 0, "export": 0, "id": "UY"}, {"import": 973700, "export": 0, "id": "MM"}, {"import": 237262, "export": 0, "id": "VN"}, {"import": 199980, "export": 0, "id": "SR"}, {"import": 645524, "export": 0, "id": "IT"}, {"import": 1241700, "export": 0, "id": "PY"}, {"import": 468713, "export": 0, "id": "TH"}, {"import": 322500, "export": 0, "id": "GY"}, {"import": 55363, "export": 0, "id": "BE"}, {"import": 20941, "export": 0, "id": "DE"}, {"import": 56657, "export": 0, "id": "NL"}, {"import": 7757, "export": 0, "id": "US"}, {"import": 8465, "export": 0, "id": "GB"}, {"import": 1786, "export": 0, "id": "ES"}, {"import": 6766, "export": 0, "id": "JP"}, {"import": 1728, "export": 0, "id": "PT"}, {"import": 4790, "export": 0, "id": "FR"}, {"import": 0, "export": 0, "id": "DK"}, {"import": 10750, "export": 0, "id": "LK"}, {"import": 0, "export": 0, "id": "TR"}, {"import": 0, "export": 0, "id": "RO"}, {"import": 0, "export": 0, "id": "-"}], "import": 4638251, "export": 0}, {"date": "Unnamed: 14-01", "list": [{"import": 96264, "export": 0, "id": "IN"}, {"import": 3215705, "export": 0, "id": "PK"}, {"import": 0, "export": 0, "id": "UY"}, {"import": 699980, "export": 0, "id": "MM"}, {"import": 0, "export": 0, "id": "VN"}, {"import": 0, "export": 0, "id": "SR"}, {"import": 559802, "export": 0, "id": "IT"}, {"import": 2106210, "export": 0, "id": "PY"}, {"import": 465764, "export": 0, "id": "TH"}, {"import": 360410, "export": 0, "id": "GY"}, {"import": 235096, "export": 0, "id": "BE"}, {"import": 92795, "export": 0, "id": "DE"}, {"import": 35256, "export": 0, "id": "NL"}, {"import": 18373, "export": 0, "id": "US"}, {"import": 11388, "export": 0, "id": "GB"}, {"import": 9153, "export": 0, "id": "ES"}, {"import": 3390, "export": 0, "id": "JP"}, {"import": 4311, "export": 0, "id": "PT"}, {"import": 7948, "export": 0, "id": "FR"}, {"import": 0, "export": 0, "id": "DK"}, {"import": 0, "export": 0, "id": "LK"}, {"import": 0, "export": 0, "id": "TR"}, {"import": 400, "export": 0, "id": "RO"}, {"import": 0, "export": 0, "id": "-"}], "import": 7922245, "export": 0}, {"date": "Unnamed: 15-01", "list": [{"import": 588142, "export": 0, "id": "IN"}, {"import": 3564610, "export": 0, "id": "PK"}, {"import": 504000, "export": 0, "id": "UY"}, {"import": 1324980, "export": 0, "id": "MM"}, {"import": 190008, "export": 0, "id": "VN"}, {"import": 307500, "export": 0, "id": "SR"}, {"import": 712931, "export": 0, "id": "IT"}, {"import": 1951930, "export": 0, "id": "PY"}, {"import": 402838, "export": 0, "id": "TH"}, {"import": 0, "export": 0, "id": "GY"}, {"import": 525849, "export": 0, "id": "BE"}, {"import": 144201, "export": 0, "id": "DE"}, {"import": 44267, "export": 0, "id": "NL"}, {"import": 23972, "export": 0, "id": "US"}, {"import": 7163, "export": 0, "id": "GB"}, {"import": 5437, "export": 0, "id": "ES"}, {"import": 212, "export": 0, "id": "JP"}, {"import": 2784, "export": 0, "id": "PT"}, {"import": 9564, "export": 0, "id": "FR"}, {"import": 0, "export": 0, "id": "DK"}, {"import": 0, "export": 0, "id": "LK"}, {"import": 0, "export": 0, "id": "TR"}, {"import": 0, "export": 0, "id": "RO"}, {"import": 0, "export": 0, "id": "-"}], "import": 10310388, "export": 0}, {"date": "Unnamed: 16-01", "list": [{"import": 717751, "export": 0, "id": "IN"}, {"import": 1545525, "export": 0, "id": "PK"}, {"import": 0, "export": 0, "id": "UY"}, {"import": 125000, "export": 0, "id": "MM"}, {"import": 451000, "export": 0, "id": "VN"}, {"import": 199960, "export": 0, "id": "SR"}, {"import": 714683, "export": 0, "id": "IT"}, {"import": 866580, "export": 0, "id": "PY"}, {"import": 150552, "export": 0, "id": "TH"}, {"import": 107500, "export": 0, "id": "GY"}, {"import": 2194888, "export": 0, "id": "BE"}, {"import": 22477, "export": 0, "id": "DE"}, {"import": 30400, "export": 0, "id": "NL"}, {"import": 270, "export": 0, "id": "US"}, {"import": 19966, "export": 0, "id": "GB"}, {"import": 5346, "export": 0, "id": "ES"}, {"import": 160, "export": 0, "id": "JP"}, {"import": 4740, "export": 0, "id": "PT"}, {"import": 3294, "export": 0, "id": "FR"}, {"import": 0, "export": 0, "id": "DK"}, {"import": 875, "export": 0, "id": "LK"}, {"import": 0, "export": 0, "id": "TR"}, {"import": 100, "export": 0, "id": "RO"}, {"import": 54, "export": 0, "id": "-"}], "import": 7161121, "export": 0}, {"date": "Unnamed: 17-01", "list": [{"import": 3131484, "export": 0, "id": "IN"}, {"import": 2854267, "export": 0, "id": "PK"}, {"import": 0, "export": 0, "id": "UY"}, {"import": 500000, "export": 0, "id": "MM"}, {"import": 619000, "export": 0, "id": "VN"}, {"import": 707420, "export": 0, "id": "SR"}, {"import": 771772, "export": 0, "id": "IT"}, {"import": 860920, "export": 0, "id": "PY"}, {"import": 376410, "export": 0, "id": "TH"}, {"import": 0, "export": 0, "id": "GY"}, {"import": 63367, "export": 0, "id": "BE"}, {"import": 115883, "export": 0, "id": "DE"}, {"import": 37096, "export": 0, "id": "NL"}, {"import": 21038, "export": 0, "id": "US"}, {"import": 0, "export": 0, "id": "GB"}, {"import": 7142, "export": 0, "id": "ES"}, {"import": 150, "export": 0, "id": "JP"}, {"import": 720, "export": 0, "id": "PT"}, {"import": 22495, "export": 0, "id": "FR"}, {"import": 0, "export": 0, "id": "DK"}, {"import": 4625, "export": 0, "id": "LK"}, {"import": 965, "export": 0, "id": "TR"}, {"import": 0, "export": 0, "id": "RO"}, {"import": 10, "export": 0, "id": "-"}], "import": 10094764, "export": 0}, {"date": "Unnamed: 18-01", "list": [{"import": 799535, "export": 0, "id": "IN"}, {"import": 3183520, "export": 0, "id": "PK"}, {"import": 600000, "export": 0, "id": "UY"}, {"import": 350000, "export": 0, "id": "MM"}, {"import": 43000, "export": 0, "id": "VN"}, {"import": 307460, "export": 0, "id": "SR"}, {"import": 1104670, "export": 0, "id": "IT"}, {"import": 861130, "export": 0, "id": "PY"}, {"import": 168295, "export": 0, "id": "TH"}, {"import": 359835, "export": 0, "id": "GY"}, {"import": 538101, "export": 0, "id": "BE"}, {"import": 31623, "export": 0, "id": "DE"}, {"import": 29674, "export": 0, "id": "NL"}, {"import": 1860, "export": 0, "id": "US"}, {"import": 23289, "export": 0, "id": "GB"}, {"import": 6611, "export": 0, "id": "ES"}, {"import": 495, "export": 0, "id": "JP"}, {"import": 21972, "export": 0, "id": "PT"}, {"import": 16608, "export": 0, "id": "FR"}, {"import": 0, "export": 0, "id": "DK"}, {"import": 0, "export": 0, "id": "LK"}, {"import": 0, "export": 0, "id": "TR"}, {"import": 0, "export": 0, "id": "RO"}, {"import": 0, "export": 0, "id": "-"}], "import": 8447678, "export": 0}, {"date": "Unnamed: 19-01", "list": [{"import": 2649012, "export": 0, "id": "IN"}, {"import": 2439141, "export": 0, "id": "PK"}, {"import": 2160000, "export": 0, "id": "UY"}, {"import": 0, "export": 0, "id": "MM"}, {"import": 672014, "export": 0, "id": "VN"}, {"import": 407460, "export": 0, "id": "SR"}, {"import": 778847, "export": 0, "id": "IT"}, {"import": 0, "export": 0, "id": "PY"}, {"import": 517492, "export": 0, "id": "TH"}, {"import": 0, "export": 0, "id": "GY"}, {"import": 1574718, "export": 0, "id": "BE"}, {"import": 116487, "export": 0, "id": "DE"}, {"import": 12372, "export": 0, "id": "NL"}, {"import": 2005, "export": 0, "id": "US"}, {"import": 10277, "export": 0, "id": "GB"}, {"import": 10748, "export": 0, "id": "ES"}, {"import": 540, "export": 0, "id": "JP"}, {"import": 5228, "export": 0, "id": "PT"}, {"import": 8326, "export": 0, "id": "FR"}, {"import": 0, "export": 0, "id": "DK"}, {"import": 875, "export": 0, "id": "LK"}, {"import": 750, "export": 0, "id": "TR"}, {"import": 0, "export": 0, "id": "RO"}, {"import": 38, "export": 0, "id": "-"}], "import": 11366330, "export": 0}, {"date": "Unnamed: 20-01", "list": [{"import": 2343021, "export": 0, "id": "IN"}, {"import": 3287300, "export": 0, "id": "PK"}, {"import": 1512000, "export": 0, "id": "UY"}, {"import": 500000, "export": 0, "id": "MM"}, {"import": 758080, "export": 0, "id": "VN"}, {"import": 199980, "export": 0, "id": "SR"}, {"import": 759050, "export": 0, "id": "IT"}, {"import": 0, "export": 0, "id": "PY"}, {"import": 264018, "export": 0, "id": "TH"}, {"import": 215000, "export": 0, "id": "GY"}, {"import": 164173, "export": 0, "id": "BE"}, {"import": 24112, "export": 0, "id": "DE"}, {"import": 114845, "export": 0, "id": "NL"}, {"import": 2949, "export": 0, "id": "US"}, {"import": 6767, "export": 0, "id": "GB"}, {"import": 216, "export": 0, "id": "ES"}, {"import": 0, "export": 0, "id": "JP"}, {"import": 13920, "export": 0, "id": "PT"}, {"import": 7042, "export": 0, "id": "FR"}, {"import": 0, "export": 0, "id": "DK"}, {"import": 3000, "export": 0, "id": "LK"}, {"import": 0, "export": 0, "id": "TR"}, {"import": 0, "export": 0, "id": "RO"}, {"import": 16, "export": 0, "id": "-"}], "import": 10175489, "export": 0}, {"date": "Unnamed: 21-01", "list": [{"import": 1466752, "export": 0, "id": "IN"}, {"import": 1118670, "export": 0, "id": "PK"}, {"import": 1007980, "export": 0, "id": "UY"}, {"import": 1000000, "export": 0, "id": "MM"}, {"import": 387032, "export": 0, "id": "VN"}, {"import": 307440, "export": 0, "id": "SR"}, {"import": 292360, "export": 0, "id": "IT"}, {"import": 200000, "export": 0, "id": "PY"}, {"import": 162508, "export": 0, "id": "TH"}, {"import": 107500, "export": 0, "id": "GY"}, {"import": 64351, "export": 0, "id": "BE"}, {"import": 31994, "export": 0, "id": "DE"}, {"import": 22978, "export": 0, "id": "NL"}, {"import": 20412, "export": 0, "id": "US"}, {"import": 17138, "export": 0, "id": "GB"}, {"import": 10203, "export": 0, "id": "ES"}, {"import": 9000, "export": 0, "id": "JP"}, {"import": 7320, "export": 0, "id": "PT"}, {"import": 4414, "export": 0, "id": "FR"}, {"import": 2543, "export": 0, "id": "DK"}, {"import": 2210, "export": 0, "id": "LK"}, {"import": 790, "export": 0, "id": "TR"}, {"import": 480, "export": 0, "id": "RO"}, {"import": 104, "export": 0, "id": "-"}], "import": 6244179, "export": 0}, {"date": "2018-12-01", "list": [{"import": 0, "export": 2468, "id": "DE"}, {"import": 0, "export": 55166, "id": "IT"}, {"import": 0, "export": 758544, "id": "BE"}, {"import": 0, "export": 0, "id": "CH"}, {"import": 0, "export": 1671, "id": "ES"}, {"import": 0, "export": 1152, "id": "IE"}, {"import": 0, "export": 82, "id": "PT"}, {"import": 0, "export": 0, "id": "TN"}, {"import": 0, "export": 0, "id": "PL"}, {"import": 0, "export": 20714, "id": "LU"}, {"import": 0, "export": 0, "id": "RO"}, {"import": 0, "export": 112, "id": "NL"}, {"import": 0, "export": 0, "id": "TG"}, {"import": 0, "export": 250, "id": "MD"}, {"import": 0, "export": 0, "id": "-"}, {"import": 0, "export": 0, "id": "JP"}, {"import": 0, "export": 3100, "id": "LB"}, {"import": 0, "export": 0, "id": "GR"}, {"import": 0, "export": 0, "id": "GN"}, {"import": 0, "export": 0, "id": "HU"}, {"import": 0, "export": 0, "id": "KH"}, {"import": 0, "export": 0, "id": "CA"}, {"import": 0, "export": 0, "id": "CL"}, {"import": 0, "export": 0, "id": "DK"}, {"import": 0, "export": 48400, "id": "FI"}, {"import": 0, "export": 0, "id": "FR"}, {"import": 0, "export": 0, "id": "DJ"}, {"import": 0, "export": 0, "id": "NC"}, {"import": 0, "export": 0, "id": "MA"}, {"import": 0, "export": 0, "id": "AU"}, {"import": 0, "export": 1000, "id": "AT"}, {"import": 0, "export": 0, "id": "AE"}, {"import": 0, "export": 88000, "id": "SE"}, {"import": 0, "export": 2904, "id": "SA"}, {"import": 0, "export": 0, "id": "SN"}, {"import": 0, "export": 0, "id": "QA"}, {"import": 0, "export": 26090, "id": "GB"}, {"import": 0, "export": 0, "id": "US"}], "import": 0, "export": 1009653}, {"date": "2019-01-01", "list": [{"import": 0, "export": 39047, "id": "DE"}, {"import": 0, "export": 25300, "id": "IT"}, {"import": 0, "export": 695807, "id": "BE"}, {"import": 0, "export": 29648, "id": "CH"}, {"import": 0, "export": 2017, "id": "ES"}, {"import": 0, "export": 0, "id": "IE"}, {"import": 0, "export": 1458, "id": "PT"}, {"import": 0, "export": 0, "id": "TN"}, {"import": 0, "export": 0, "id": "PL"}, {"import": 0, "export": 50981, "id": "LU"}, {"import": 0, "export": 24, "id": "RO"}, {"import": 0, "export": 0, "id": "NL"}, {"import": 0, "export": 0, "id": "TG"}, {"import": 0, "export": 0, "id": "MD"}, {"import": 0, "export": 0, "id": "-"}, {"import": 0, "export": 3500, "id": "JP"}, {"import": 0, "export": 1425, "id": "LB"}, {"import": 0, "export": 204, "id": "GR"}, {"import": 0, "export": 0, "id": "GN"}, {"import": 0, "export": 0, "id": "HU"}, {"import": 0, "export": 0, "id": "KH"}, {"import": 0, "export": 0, "id": "CA"}, {"import": 0, "export": 0, "id": "CL"}, {"import": 0, "export": 0, "id": "DK"}, {"import": 0, "export": 72600, "id": "FI"}, {"import": 0, "export": 0, "id": "FR"}, {"import": 0, "export": 0, "id": "DJ"}, {"import": 0, "export": 0, "id": "NC"}, {"import": 0, "export": 576, "id": "MA"}, {"import": 0, "export": 0, "id": "AU"}, {"import": 0, "export": 0, "id": "AT"}, {"import": 0, "export": 0, "id": "AE"}, {"import": 0, "export": 89140, "id": "SE"}, {"import": 0, "export": 0, "id": "SA"}, {"import": 0, "export": 0, "id": "SN"}, {"import": 0, "export": 0, "id": "QA"}, {"import": 0, "export": 28885, "id": "GB"}, {"import": 0, "export": 0, "id": "US"}], "import": 0, "export": 1040612}, {"date": "2019-02-01", "list": [{"import": 0, "export": 193, "id": "DE"}, {"import": 0, "export": 17537, "id": "IT"}, {"import": 0, "export": 13025, "id": "BE"}, {"import": 0, "export": 194, "id": "CH"}, {"import": 0, "export": 50186, "id": "ES"}, {"import": 0, "export": 6912, "id": "IE"}, {"import": 0, "export": 710, "id": "PT"}, {"import": 0, "export": 0, "id": "TN"}, {"import": 0, "export": 0, "id": "PL"}, {"import": 0, "export": 2400, "id": "LU"}, {"import": 0, "export": 0, "id": "RO"}, {"import": 0, "export": 25285, "id": "NL"}, {"import": 0, "export": 0, "id": "TG"}, {"import": 0, "export": 0, "id": "MD"}, {"import": 0, "export": 0, "id": "-"}, {"import": 0, "export": 0, "id": "JP"}, {"import": 0, "export": 254, "id": "LB"}, {"import": 0, "export": 68, "id": "GR"}, {"import": 0, "export": 0, "id": "GN"}, {"import": 0, "export": 0, "id": "HU"}, {"import": 0, "export": 0, "id": "KH"}, {"import": 0, "export": 0, "id": "CA"}, {"import": 0, "export": 0, "id": "CL"}, {"import": 0, "export": 1400, "id": "DK"}, {"import": 0, "export": 0, "id": "FI"}, {"import": 0, "export": 0, "id": "FR"}, {"import": 0, "export": 0, "id": "DJ"}, {"import": 0, "export": 446, "id": "NC"}, {"import": 0, "export": 0, "id": "MA"}, {"import": 0, "export": 0, "id": "AU"}, {"import": 0, "export": 0, "id": "AT"}, {"import": 0, "export": 0, "id": "AE"}, {"import": 0, "export": 840, "id": "SE"}, {"import": 0, "export": 3585, "id": "SA"}, {"import": 0, "export": 0, "id": "SN"}, {"import": 0, "export": 0, "id": "QA"}, {"import": 0, "export": 42261, "id": "GB"}, {"import": 0, "export": 0, "id": "US"}], "import": 0, "export": 165296}, {"date": "2019-03-01", "list": [{"import": 0, "export": 8314, "id": "DE"}, {"import": 0, "export": 132540, "id": "IT"}, {"import": 0, "export": 11057, "id": "BE"}, {"import": 0, "export": 289, "id": "CH"}, {"import": 0, "export": 25105, "id": "ES"}, {"import": 0, "export": 2304, "id": "IE"}, {"import": 0, "export": 119, "id": "PT"}, {"import": 0, "export": 0, "id": "TN"}, {"import": 0, "export": 0, "id": "PL"}, {"import": 0, "export": 8344, "id": "LU"}, {"import": 0, "export": 0, "id": "RO"}, {"import": 0, "export": 25176, "id": "NL"}, {"import": 0, "export": 250, "id": "TG"}, {"import": 0, "export": 0, "id": "MD"}, {"import": 0, "export": 0, "id": "-"}, {"import": 0, "export": 0, "id": "JP"}, {"import": 0, "export": 0, "id": "LB"}, {"import": 0, "export": 52, "id": "GR"}, {"import": 0, "export": 0, "id": "GN"}, {"import": 0, "export": 0, "id": "HU"}, {"import": 0, "export": 0, "id": "KH"}, {"import": 0, "export": 0, "id": "CA"}, {"import": 0, "export": 0, "id": "CL"}, {"import": 0, "export": 0, "id": "DK"}, {"import": 0, "export": 0, "id": "FI"}, {"import": 0, "export": 0, "id": "FR"}, {"import": 0, "export": 0, "id": "DJ"}, {"import": 0, "export": 0, "id": "NC"}, {"import": 0, "export": 0, "id": "MA"}, {"import": 0, "export": 831, "id": "AU"}, {"import": 0, "export": 0, "id": "AT"}, {"import": 0, "export": 55, "id": "AE"}, {"import": 0, "export": 0, "id": "SE"}, {"import": 0, "export": 0, "id": "SA"}, {"import": 0, "export": 398, "id": "SN"}, {"import": 0, "export": 0, "id": "QA"}, {"import": 0, "export": 54300, "id": "GB"}, {"import": 0, "export": 0, "id": "US"}], "import": 0, "export": 269134}, {"date": "2019-04-01", "list": [{"import": 0, "export": 3662, "id": "DE"}, {"import": 0, "export": 125761, "id": "IT"}, {"import": 0, "export": 8988, "id": "BE"}, {"import": 0, "export": 1051, "id": "CH"}, {"import": 0, "export": 2511, "id": "ES"}, {"import": 0, "export": 0, "id": "IE"}, {"import": 0, "export": 746, "id": "PT"}, {"import": 0, "export": 0, "id": "TN"}, {"import": 0, "export": 0, "id": "PL"}, {"import": 0, "export": 3345, "id": "LU"}, {"import": 0, "export": 18, "id": "RO"}, {"import": 0, "export": 328, "id": "NL"}, {"import": 0, "export": 0, "id": "TG"}, {"import": 0, "export": 229, "id": "MD"}, {"import": 0, "export": 0, "id": "-"}, {"import": 0, "export": 0, "id": "JP"}, {"import": 0, "export": 2552, "id": "LB"}, {"import": 0, "export": 62, "id": "GR"}, {"import": 0, "export": 390, "id": "GN"}, {"import": 0, "export": 0, "id": "HU"}, {"import": 0, "export": 0, "id": "KH"}, {"import": 0, "export": 0, "id": "CA"}, {"import": 0, "export": 0, "id": "CL"}, {"import": 0, "export": 0, "id": "DK"}, {"import": 0, "export": 0, "id": "FI"}, {"import": 0, "export": 10, "id": "FR"}, {"import": 0, "export": 0, "id": "DJ"}, {"import": 0, "export": 0, "id": "NC"}, {"import": 0, "export": 0, "id": "MA"}, {"import": 0, "export": 0, "id": "AU"}, {"import": 0, "export": 0, "id": "AT"}, {"import": 0, "export": 221, "id": "AE"}, {"import": 0, "export": 0, "id": "SE"}, {"import": 0, "export": 1980, "id": "SA"}, {"import": 0, "export": 0, "id": "SN"}, {"import": 0, "export": 0, "id": "QA"}, {"import": 0, "export": 22609, "id": "GB"}, {"import": 0, "export": 0, "id": "US"}], "import": 0, "export": 174463}, {"date": "2019-05-01", "list": [{"import": 0, "export": 29947, "id": "DE"}, {"import": 0, "export": 545180, "id": "IT"}, {"import": 0, "export": 12348, "id": "BE"}, {"import": 0, "export": 982, "id": "CH"}, {"import": 0, "export": 2570, "id": "ES"}, {"import": 0, "export": 1152, "id": "IE"}, {"import": 0, "export": 1038, "id": "PT"}, {"import": 0, "export": 0, "id": "TN"}, {"import": 0, "export": 0, "id": "PL"}, {"import": 0, "export": 3426, "id": "LU"}, {"import": 0, "export": 0, "id": "RO"}, {"import": 0, "export": 2155, "id": "NL"}, {"import": 0, "export": 0, "id": "TG"}, {"import": 0, "export": 0, "id": "MD"}, {"import": 0, "export": 0, "id": "-"}, {"import": 0, "export": 0, "id": "JP"}, {"import": 0, "export": 0, "id": "LB"}, {"import": 0, "export": 0, "id": "GR"}, {"import": 0, "export": 0, "id": "GN"}, {"import": 0, "export": 3, "id": "HU"}, {"import": 0, "export": 0, "id": "KH"}, {"import": 0, "export": 0, "id": "CA"}, {"import": 0, "export": 0, "id": "CL"}, {"import": 0, "export": 216, "id": "DK"}, {"import": 0, "export": 0, "id": "FI"}, {"import": 0, "export": 0, "id": "FR"}, {"import": 0, "export": 0, "id": "DJ"}, {"import": 0, "export": 102, "id": "NC"}, {"import": 0, "export": 486, "id": "MA"}, {"import": 0, "export": 0, "id": "AU"}, {"import": 0, "export": 0, "id": "AT"}, {"import": 0, "export": 0, "id": "AE"}, {"import": 0, "export": 0, "id": "SE"}, {"import": 0, "export": 1824, "id": "SA"}, {"import": 0, "export": 0, "id": "SN"}, {"import": 0, "export": 0, "id": "QA"}, {"import": 0, "export": 29605, "id": "GB"}, {"import": 0, "export": 2000, "id": "US"}], "import": 0, "export": 633034}, {"date": "2019-06-01", "list": [{"import": 0, "export": 18595, "id": "DE"}, {"import": 0, "export": 108598, "id": "IT"}, {"import": 0, "export": 11209, "id": "BE"}, {"import": 0, "export": 4174, "id": "CH"}, {"import": 0, "export": 2061, "id": "ES"}, {"import": 0, "export": 2304, "id": "IE"}, {"import": 0, "export": 535, "id": "PT"}, {"import": 0, "export": 0, "id": "TN"}, {"import": 0, "export": 0, "id": "PL"}, {"import": 0, "export": 2718, "id": "LU"}, {"import": 0, "export": 0, "id": "RO"}, {"import": 0, "export": 107, "id": "NL"}, {"import": 0, "export": 0, "id": "TG"}, {"import": 0, "export": 167, "id": "MD"}, {"import": 0, "export": 0, "id": "-"}, {"import": 0, "export": 0, "id": "JP"}, {"import": 0, "export": 0, "id": "LB"}, {"import": 0, "export": 342, "id": "GR"}, {"import": 0, "export": 0, "id": "GN"}, {"import": 0, "export": 0, "id": "HU"}, {"import": 0, "export": 0, "id": "KH"}, {"import": 0, "export": 0, "id": "CA"}, {"import": 0, "export": 0, "id": "CL"}, {"import": 0, "export": 0, "id": "DK"}, {"import": 0, "export": 0, "id": "FI"}, {"import": 0, "export": 960, "id": "FR"}, {"import": 0, "export": 0, "id": "DJ"}, {"import": 0, "export": 0, "id": "NC"}, {"import": 0, "export": 0, "id": "MA"}, {"import": 0, "export": 0, "id": "AU"}, {"import": 0, "export": 1000, "id": "AT"}, {"import": 0, "export": 0, "id": "AE"}, {"import": 0, "export": 0, "id": "SE"}, {"import": 0, "export": 0, "id": "SA"}, {"import": 0, "export": 0, "id": "SN"}, {"import": 0, "export": 0, "id": "QA"}, {"import": 0, "export": 38839, "id": "GB"}, {"import": 0, "export": 660, "id": "US"}], "import": 0, "export": 192269}, {"date": "2019-07-01", "list": [{"import": 0, "export": 6748, "id": "DE"}, {"import": 0, "export": 13845, "id": "IT"}, {"import": 0, "export": 4539, "id": "BE"}, {"import": 0, "export": 4217, "id": "CH"}, {"import": 0, "export": 13699, "id": "ES"}, {"import": 0, "export": 2329, "id": "IE"}, {"import": 0, "export": 504, "id": "PT"}, {"import": 0, "export": 0, "id": "TN"}, {"import": 0, "export": 0, "id": "PL"}, {"import": 0, "export": 4033, "id": "LU"}, {"import": 0, "export": 0, "id": "RO"}, {"import": 0, "export": 570447, "id": "NL"}, {"import": 0, "export": 0, "id": "TG"}, {"import": 0, "export": 0, "id": "MD"}, {"import": 0, "export": 564, "id": "-"}, {"import": 0, "export": 0, "id": "JP"}, {"import": 0, "export": 4030, "id": "LB"}, {"import": 0, "export": 72, "id": "GR"}, {"import": 0, "export": 0, "id": "GN"}, {"import": 0, "export": 0, "id": "HU"}, {"import": 0, "export": 0, "id": "KH"}, {"import": 0, "export": 0, "id": "CA"}, {"import": 0, "export": 0, "id": "CL"}, {"import": 0, "export": 0, "id": "DK"}, {"import": 0, "export": 0, "id": "FI"}, {"import": 0, "export": 0, "id": "FR"}, {"import": 0, "export": 0, "id": "DJ"}, {"import": 0, "export": 150, "id": "NC"}, {"import": 0, "export": 0, "id": "MA"}, {"import": 0, "export": 0, "id": "AU"}, {"import": 0, "export": 0, "id": "AT"}, {"import": 0, "export": 0, "id": "AE"}, {"import": 0, "export": 0, "id": "SE"}, {"import": 0, "export": 0, "id": "SA"}, {"import": 0, "export": 2271, "id": "SN"}, {"import": 0, "export": 0, "id": "QA"}, {"import": 0, "export": 27490, "id": "GB"}, {"import": 0, "export": 0, "id": "US"}], "import": 0, "export": 654938}, {"date": "2019-08-01", "list": [{"import": 0, "export": 12337, "id": "DE"}, {"import": 0, "export": 20, "id": "IT"}, {"import": 0, "export": 5736, "id": "BE"}, {"import": 0, "export": 25233, "id": "CH"}, {"import": 0, "export": 54732, "id": "ES"}, {"import": 0, "export": 0, "id": "IE"}, {"import": 0, "export": 775, "id": "PT"}, {"import": 0, "export": 0, "id": "TN"}, {"import": 0, "export": 0, "id": "PL"}, {"import": 0, "export": 3485, "id": "LU"}, {"import": 0, "export": 0, "id": "RO"}, {"import": 0, "export": 163345, "id": "NL"}, {"import": 0, "export": 0, "id": "TG"}, {"import": 0, "export": 0, "id": "MD"}, {"import": 0, "export": 0, "id": "-"}, {"import": 0, "export": 0, "id": "JP"}, {"import": 0, "export": 0, "id": "LB"}, {"import": 0, "export": 39, "id": "GR"}, {"import": 0, "export": 0, "id": "GN"}, {"import": 0, "export": 0, "id": "HU"}, {"import": 0, "export": 0, "id": "KH"}, {"import": 0, "export": 0, "id": "CA"}, {"import": 0, "export": 0, "id": "CL"}, {"import": 0, "export": 1115, "id": "DK"}, {"import": 0, "export": 0, "id": "FI"}, {"import": 0, "export": 100, "id": "FR"}, {"import": 0, "export": 0, "id": "DJ"}, {"import": 0, "export": 993, "id": "NC"}, {"import": 0, "export": 0, "id": "MA"}, {"import": 0, "export": 761, "id": "AU"}, {"import": 0, "export": 0, "id": "AT"}, {"import": 0, "export": 0, "id": "AE"}, {"import": 0, "export": 0, "id": "SE"}, {"import": 0, "export": 0, "id": "SA"}, {"import": 0, "export": 0, "id": "SN"}, {"import": 0, "export": 0, "id": "QA"}, {"import": 0, "export": 9380, "id": "GB"}, {"import": 0, "export": 0, "id": "US"}], "import": 0, "export": 278051}, {"date": "2019-09-01", "list": [{"import": 0, "export": 13854, "id": "DE"}, {"import": 0, "export": 39138, "id": "IT"}, {"import": 0, "export": 12111, "id": "BE"}, {"import": 0, "export": 2203, "id": "CH"}, {"import": 0, "export": 522, "id": "ES"}, {"import": 0, "export": 0, "id": "IE"}, {"import": 0, "export": 79, "id": "PT"}, {"import": 0, "export": 0, "id": "TN"}, {"import": 0, "export": 0, "id": "PL"}, {"import": 0, "export": 2172, "id": "LU"}, {"import": 0, "export": 0, "id": "RO"}, {"import": 0, "export": 200, "id": "NL"}, {"import": 0, "export": 0, "id": "TG"}, {"import": 0, "export": 0, "id": "MD"}, {"import": 0, "export": 0, "id": "-"}, {"import": 0, "export": 0, "id": "JP"}, {"import": 0, "export": 0, "id": "LB"}, {"import": 0, "export": 0, "id": "GR"}, {"import": 0, "export": 0, "id": "GN"}, {"import": 0, "export": 0, "id": "HU"}, {"import": 0, "export": 0, "id": "KH"}, {"import": 0, "export": 21000, "id": "CA"}, {"import": 0, "export": 0, "id": "CL"}, {"import": 0, "export": 0, "id": "DK"}, {"import": 0, "export": 0, "id": "FI"}, {"import": 0, "export": 0, "id": "FR"}, {"import": 0, "export": 0, "id": "DJ"}, {"import": 0, "export": 0, "id": "NC"}, {"import": 0, "export": 0, "id": "MA"}, {"import": 0, "export": 0, "id": "AU"}, {"import": 0, "export": 0, "id": "AT"}, {"import": 0, "export": 0, "id": "AE"}, {"import": 0, "export": 0, "id": "SE"}, {"import": 0, "export": 630, "id": "SA"}, {"import": 0, "export": 1006, "id": "SN"}, {"import": 0, "export": 352, "id": "QA"}, {"import": 0, "export": 1560, "id": "GB"}, {"import": 0, "export": 0, "id": "US"}], "import": 0, "export": 94827}, {"date": "2019-10-01", "list": [{"import": 0, "export": 2191, "id": "DE"}, {"import": 0, "export": 156860, "id": "IT"}, {"import": 0, "export": 16149, "id": "BE"}, {"import": 0, "export": 713, "id": "CH"}, {"import": 0, "export": 3888, "id": "ES"}, {"import": 0, "export": 3456, "id": "IE"}, {"import": 0, "export": 766, "id": "PT"}, {"import": 0, "export": 0, "id": "TN"}, {"import": 0, "export": 0, "id": "PL"}, {"import": 0, "export": 3030, "id": "LU"}, {"import": 0, "export": 84, "id": "RO"}, {"import": 0, "export": 896, "id": "NL"}, {"import": 0, "export": 0, "id": "TG"}, {"import": 0, "export": 0, "id": "MD"}, {"import": 0, "export": 0, "id": "-"}, {"import": 0, "export": 0, "id": "JP"}, {"import": 0, "export": 5015, "id": "LB"}, {"import": 0, "export": 154, "id": "GR"}, {"import": 0, "export": 0, "id": "GN"}, {"import": 0, "export": 0, "id": "HU"}, {"import": 0, "export": 0, "id": "KH"}, {"import": 0, "export": 0, "id": "CA"}, {"import": 0, "export": 292, "id": "CL"}, {"import": 0, "export": 0, "id": "DK"}, {"import": 0, "export": 1805, "id": "FI"}, {"import": 0, "export": 0, "id": "FR"}, {"import": 0, "export": 500, "id": "DJ"}, {"import": 0, "export": 574, "id": "NC"}, {"import": 0, "export": 0, "id": "MA"}, {"import": 0, "export": 0, "id": "AU"}, {"import": 0, "export": 1000, "id": "AT"}, {"import": 0, "export": 0, "id": "AE"}, {"import": 0, "export": 0, "id": "SE"}, {"import": 0, "export": 2271, "id": "SA"}, {"import": 0, "export": 273, "id": "SN"}, {"import": 0, "export": 0, "id": "QA"}, {"import": 0, "export": 21140, "id": "GB"}, {"import": 0, "export": 0, "id": "US"}], "import": 0, "export": 221057}, {"date": "2019-11-01", "list": [{"import": 0, "export": 32038, "id": "DE"}, {"import": 0, "export": 3410, "id": "IT"}, {"import": 0, "export": 13616, "id": "BE"}, {"import": 0, "export": 2085, "id": "CH"}, {"import": 0, "export": 25755, "id": "ES"}, {"import": 0, "export": 5760, "id": "IE"}, {"import": 0, "export": 444, "id": "PT"}, {"import": 0, "export": 0, "id": "TN"}, {"import": 0, "export": 720, "id": "PL"}, {"import": 0, "export": 4460, "id": "LU"}, {"import": 0, "export": 0, "id": "RO"}, {"import": 0, "export": 245, "id": "NL"}, {"import": 0, "export": 0, "id": "TG"}, {"import": 0, "export": 0, "id": "MD"}, {"import": 0, "export": 0, "id": "-"}, {"import": 0, "export": 0, "id": "JP"}, {"import": 0, "export": 0, "id": "LB"}, {"import": 0, "export": 145, "id": "GR"}, {"import": 0, "export": 0, "id": "GN"}, {"import": 0, "export": 0, "id": "HU"}, {"import": 0, "export": 2709, "id": "KH"}, {"import": 0, "export": 0, "id": "CA"}, {"import": 0, "export": 0, "id": "CL"}, {"import": 0, "export": 0, "id": "DK"}, {"import": 0, "export": 0, "id": "FI"}, {"import": 0, "export": 0, "id": "FR"}, {"import": 0, "export": 0, "id": "DJ"}, {"import": 0, "export": 1329, "id": "NC"}, {"import": 0, "export": 0, "id": "MA"}, {"import": 0, "export": 0, "id": "AU"}, {"import": 0, "export": 0, "id": "AT"}, {"import": 0, "export": 0, "id": "AE"}, {"import": 0, "export": 0, "id": "SE"}, {"import": 0, "export": 0, "id": "SA"}, {"import": 0, "export": 0, "id": "SN"}, {"import": 0, "export": 0, "id": "QA"}, {"import": 0, "export": 1400, "id": "GB"}, {"import": 0, "export": 0, "id": "US"}], "import": 0, "export": 94116}, {"date": "2019-12-01", "list": [{"import": 0, "export": 6185, "id": "DE"}, {"import": 0, "export": 10316, "id": "IT"}, {"import": 0, "export": 6748, "id": "BE"}, {"import": 0, "export": 1717, "id": "CH"}, {"import": 0, "export": 25378, "id": "ES"}, {"import": 0, "export": 0, "id": "IE"}, {"import": 0, "export": 307, "id": "PT"}, {"import": 0, "export": 0, "id": "TN"}, {"import": 0, "export": 0, "id": "PL"}, {"import": 0, "export": 3770, "id": "LU"}, {"import": 0, "export": 0, "id": "RO"}, {"import": 0, "export": 494, "id": "NL"}, {"import": 0, "export": 0, "id": "TG"}, {"import": 0, "export": 0, "id": "MD"}, {"import": 0, "export": 0, "id": "-"}, {"import": 0, "export": 0, "id": "JP"}, {"import": 0, "export": 0, "id": "LB"}, {"import": 0, "export": 75, "id": "GR"}, {"import": 0, "export": 0, "id": "GN"}, {"import": 0, "export": 0, "id": "HU"}, {"import": 0, "export": 0, "id": "KH"}, {"import": 0, "export": 0, "id": "CA"}, {"import": 0, "export": 0, "id": "CL"}, {"import": 0, "export": 2750, "id": "DK"}, {"import": 0, "export": 0, "id": "FI"}, {"import": 0, "export": 0, "id": "FR"}, {"import": 0, "export": 0, "id": "DJ"}, {"import": 0, "export": 0, "id": "NC"}, {"import": 0, "export": 0, "id": "MA"}, {"import": 0, "export": 0, "id": "AU"}, {"import": 0, "export": 0, "id": "AT"}, {"import": 0, "export": 0, "id": "AE"}, {"import": 0, "export": 0, "id": "SE"}, {"import": 0, "export": 0, "id": "SA"}, {"import": 0, "export": 0, "id": "SN"}, {"import": 0, "export": 0, "id": "QA"}, {"import": 0, "export": 30371, "id": "GB"}, {"import": 0, "export": 0, "id": "US"}], "import": 0, "export": 88111}, {"date": "2020-01-01", "list": [{"import": 0, "export": 1472, "id": "DE"}, {"import": 0, "export": 48942, "id": "IT"}, {"import": 0, "export": 10875, "id": "BE"}, {"import": 0, "export": 1426, "id": "CH"}, {"import": 0, "export": 1737, "id": "ES"}, {"import": 0, "export": 2304, "id": "IE"}, {"import": 0, "export": 946, "id": "PT"}, {"import": 0, "export": 0, "id": "TN"}, {"import": 0, "export": 0, "id": "PL"}, {"import": 0, "export": 57237, "id": "LU"}, {"import": 0, "export": 54, "id": "RO"}, {"import": 0, "export": 108, "id": "NL"}, {"import": 0, "export": 0, "id": "TG"}, {"import": 0, "export": 0, "id": "MD"}, {"import": 0, "export": 491, "id": "-"}, {"import": 0, "export": 0, "id": "JP"}, {"import": 0, "export": 0, "id": "LB"}, {"import": 0, "export": 0, "id": "GR"}, {"import": 0, "export": 0, "id": "GN"}, {"import": 0, "export": 0, "id": "HU"}, {"import": 0, "export": 0, "id": "KH"}, {"import": 0, "export": 0, "id": "CA"}, {"import": 0, "export": 0, "id": "CL"}, {"import": 0, "export": 0, "id": "DK"}, {"import": 0, "export": 0, "id": "FI"}, {"import": 0, "export": 0, "id": "FR"}, {"import": 0, "export": 0, "id": "DJ"}, {"import": 0, "export": 227, "id": "NC"}, {"import": 0, "export": 0, "id": "MA"}, {"import": 0, "export": 0, "id": "AU"}, {"import": 0, "export": 0, "id": "AT"}, {"import": 0, "export": 0, "id": "AE"}, {"import": 0, "export": 0, "id": "SE"}, {"import": 0, "export": 0, "id": "SA"}, {"import": 0, "export": 0, "id": "SN"}, {"import": 0, "export": 0, "id": "QA"}, {"import": 0, "export": 1400, "id": "GB"}, {"import": 0, "export": 0, "id": "US"}], "import": 0, "export": 127219}, {"date": "2020-02-01", "list": [{"import": 0, "export": 26917, "id": "DE"}, {"import": 0, "export": 38157, "id": "IT"}, {"import": 0, "export": 8893, "id": "BE"}, {"import": 0, "export": 5671, "id": "CH"}, {"import": 0, "export": 35768, "id": "ES"}, {"import": 0, "export": 5760, "id": "IE"}, {"import": 0, "export": 1420, "id": "PT"}, {"import": 0, "export": 0, "id": "TN"}, {"import": 0, "export": 0, "id": "PL"}, {"import": 0, "export": 2748, "id": "LU"}, {"import": 0, "export": 0, "id": "RO"}, {"import": 0, "export": 0, "id": "NL"}, {"import": 0, "export": 0, "id": "TG"}, {"import": 0, "export": 0, "id": "MD"}, {"import": 0, "export": 0, "id": "-"}, {"import": 0, "export": 0, "id": "JP"}, {"import": 0, "export": 0, "id": "LB"}, {"import": 0, "export": 0, "id": "GR"}, {"import": 0, "export": 0, "id": "GN"}, {"import": 0, "export": 0, "id": "HU"}, {"import": 0, "export": 0, "id": "KH"}, {"import": 0, "export": 0, "id": "CA"}, {"import": 0, "export": 0, "id": "CL"}, {"import": 0, "export": 0, "id": "DK"}, {"import": 0, "export": 0, "id": "FI"}, {"import": 0, "export": 0, "id": "FR"}, {"import": 0, "export": 0, "id": "DJ"}, {"import": 0, "export": 0, "id": "NC"}, {"import": 0, "export": 0, "id": "MA"}, {"import": 0, "export": 520, "id": "AU"}, {"import": 0, "export": 0, "id": "AT"}, {"import": 0, "export": 0, "id": "AE"}, {"import": 0, "export": 0, "id": "SE"}, {"import": 0, "export": 1440, "id": "SA"}, {"import": 0, "export": 0, "id": "SN"}, {"import": 0, "export": 0, "id": "QA"}, {"import": 0, "export": 32467, "id": "GB"}, {"import": 0, "export": 0, "id": "US"}], "import": 0, "export": 159761}, {"date": "2020-03-01", "list": [{"import": 0, "export": 103290, "id": "DE"}, {"import": 0, "export": 17179, "id": "IT"}, {"import": 0, "export": 16672, "id": "BE"}, {"import": 0, "export": 1619, "id": "CH"}, {"import": 0, "export": 487, "id": "ES"}, {"import": 0, "export": 0, "id": "IE"}, {"import": 0, "export": 666, "id": "PT"}, {"import": 0, "export": 0, "id": "TN"}, {"import": 0, "export": 0, "id": "PL"}, {"import": 0, "export": 3819, "id": "LU"}, {"import": 0, "export": 90, "id": "RO"}, {"import": 0, "export": 478, "id": "NL"}, {"import": 0, "export": 0, "id": "TG"}, {"import": 0, "export": 0, "id": "MD"}, {"import": 0, "export": 100, "id": "-"}, {"import": 0, "export": 3500, "id": "JP"}, {"import": 0, "export": 0, "id": "LB"}, {"import": 0, "export": 240, "id": "GR"}, {"import": 0, "export": 0, "id": "GN"}, {"import": 0, "export": 0, "id": "HU"}, {"import": 0, "export": 0, "id": "KH"}, {"import": 0, "export": 0, "id": "CA"}, {"import": 0, "export": 0, "id": "CL"}, {"import": 0, "export": 724, "id": "DK"}, {"import": 0, "export": 1810, "id": "FI"}, {"import": 0, "export": 0, "id": "FR"}, {"import": 0, "export": 0, "id": "DJ"}, {"import": 0, "export": 0, "id": "NC"}, {"import": 0, "export": 280, "id": "MA"}, {"import": 0, "export": 0, "id": "AU"}, {"import": 0, "export": 0, "id": "AT"}, {"import": 0, "export": 0, "id": "AE"}, {"import": 0, "export": 0, "id": "SE"}, {"import": 0, "export": 0, "id": "SA"}, {"import": 0, "export": 0, "id": "SN"}, {"import": 0, "export": 0, "id": "QA"}, {"import": 0, "export": 3543, "id": "GB"}, {"import": 0, "export": 0, "id": "US"}], "import": 0, "export": 154497}, {"date": "2020-04-01", "list": [{"import": 0, "export": 123907, "id": "DE"}, {"import": 0, "export": 0, "id": "IT"}, {"import": 0, "export": 38786, "id": "BE"}, {"import": 0, "export": 713, "id": "CH"}, {"import": 0, "export": 51903, "id": "ES"}, {"import": 0, "export": 11520, "id": "IE"}, {"import": 0, "export": 1156, "id": "PT"}, {"import": 0, "export": 0, "id": "TN"}, {"import": 0, "export": 0, "id": "PL"}, {"import": 0, "export": 1963, "id": "LU"}, {"import": 0, "export": 0, "id": "RO"}, {"import": 0, "export": 26000, "id": "NL"}, {"import": 0, "export": 0, "id": "TG"}, {"import": 0, "export": 0, "id": "MD"}, {"import": 0, "export": 159, "id": "-"}, {"import": 0, "export": 0, "id": "JP"}, {"import": 0, "export": 0, "id": "LB"}, {"import": 0, "export": 0, "id": "GR"}, {"import": 0, "export": 0, "id": "GN"}, {"import": 0, "export": 0, "id": "HU"}, {"import": 0, "export": 0, "id": "KH"}, {"import": 0, "export": 0, "id": "CA"}, {"import": 0, "export": 0, "id": "CL"}, {"import": 0, "export": 0, "id": "DK"}, {"import": 0, "export": 0, "id": "FI"}, {"import": 0, "export": 0, "id": "FR"}, {"import": 0, "export": 0, "id": "DJ"}, {"import": 0, "export": 0, "id": "NC"}, {"import": 0, "export": 0, "id": "MA"}, {"import": 0, "export": 0, "id": "AU"}, {"import": 0, "export": 0, "id": "AT"}, {"import": 0, "export": 0, "id": "AE"}, {"import": 0, "export": 0, "id": "SE"}, {"import": 0, "export": 3072, "id": "SA"}, {"import": 0, "export": 0, "id": "SN"}, {"import": 0, "export": 0, "id": "QA"}, {"import": 0, "export": 5250, "id": "GB"}, {"import": 0, "export": 762, "id": "US"}], "import": 0, "export": 265191}, {"date": "2020-05-01", "list": [{"import": 0, "export": 141158, "id": "DE"}, {"import": 0, "export": 24138, "id": "IT"}, {"import": 0, "export": 9349, "id": "BE"}, {"import": 0, "export": 316, "id": "CH"}, {"import": 0, "export": 494, "id": "ES"}, {"import": 0, "export": 0, "id": "IE"}, {"import": 0, "export": 681, "id": "PT"}, {"import": 0, "export": 0, "id": "TN"}, {"import": 0, "export": 282, "id": "PL"}, {"import": 0, "export": 834, "id": "LU"}, {"import": 0, "export": 0, "id": "RO"}, {"import": 0, "export": 878, "id": "NL"}, {"import": 0, "export": 0, "id": "TG"}, {"import": 0, "export": 0, "id": "MD"}, {"import": 0, "export": 0, "id": "-"}, {"import": 0, "export": 0, "id": "JP"}, {"import": 0, "export": 4375, "id": "LB"}, {"import": 0, "export": 115, "id": "GR"}, {"import": 0, "export": 0, "id": "GN"}, {"import": 0, "export": 0, "id": "HU"}, {"import": 0, "export": 0, "id": "KH"}, {"import": 0, "export": 0, "id": "CA"}, {"import": 0, "export": 0, "id": "CL"}, {"import": 0, "export": 0, "id": "DK"}, {"import": 0, "export": 0, "id": "FI"}, {"import": 0, "export": 0, "id": "FR"}, {"import": 0, "export": 0, "id": "DJ"}, {"import": 0, "export": 0, "id": "NC"}, {"import": 0, "export": 0, "id": "MA"}, {"import": 0, "export": 0, "id": "AU"}, {"import": 0, "export": 0, "id": "AT"}, {"import": 0, "export": 0, "id": "AE"}, {"import": 0, "export": 0, "id": "SE"}, {"import": 0, "export": 630, "id": "SA"}, {"import": 0, "export": 0, "id": "SN"}, {"import": 0, "export": 0, "id": "QA"}, {"import": 0, "export": 4500, "id": "GB"}, {"import": 0, "export": 0, "id": "US"}], "import": 0, "export": 187750}]