[{"date": "Unnamed: 22-01", "list": [{"import": 200000, "export": 0, "id": "CN"}, {"import": 91, "export": 0, "id": "PK"}, {"import": 20000, "export": 0, "id": "IN"}, {"import": 0, "export": 7990, "id": "GB"}, {"import": 0, "export": 10510, "id": "NZ"}, {"import": 0, "export": 3150, "id": "ZA"}, {"import": 0, "export": 800, "id": "SE"}, {"import": 0, "export": 186961, "id": "AE"}, {"import": 0, "export": 6000, "id": "AU"}, {"import": 0, "export": 8060, "id": "BH"}, {"import": 0, "export": 8, "id": "CA"}, {"import": 0, "export": 700, "id": "CY"}, {"import": 0, "export": 98900, "id": "GR"}], "import": 220091, "export": 323079}, {"date": "Unnamed: 28-01", "list": [{"import": 618000, "export": 0, "id": "CN"}, {"import": 128, "export": 0, "id": "PK"}, {"import": 0, "export": 42810, "id": "GB"}, {"import": 0, "export": 120000, "id": "MY"}, {"import": 0, "export": 12650, "id": "MU"}, {"import": 0, "export": 13928, "id": "NZ"}, {"import": 0, "export": 10, "id": "SG"}, {"import": 0, "export": 2625, "id": "ZA"}, {"import": 0, "export": 4200, "id": "SE"}, {"import": 0, "export": 46700, "id": "AU"}, {"import": 0, "export": 13680, "id": "BH"}, {"import": 0, "export": 19725, "id": "CY"}, {"import": 0, "export": 86100, "id": "GR"}], "import": 618128, "export": 362428}, {"date": "2019-11-01", "list": [{"import": 0, "export": 0, "id": "JP"}, {"import": 89000, "export": 0, "id": "IN"}], "import": 89000, "export": 0}, {"date": "Unnamed: 26-01", "list": [{"import": 0, "export": 0, "id": "JP"}, {"import": 127, "export": 0, "id": "PK"}, {"import": 1, "export": 49, "id": "SG"}, {"import": 0, "export": 41050, "id": "GB"}, {"import": 0, "export": 100000, "id": "MY"}, {"import": 0, "export": 2131, "id": "PT"}, {"import": 0, "export": 1644, "id": "ZA"}, {"import": 0, "export": 57900, "id": "AU"}, {"import": 0, "export": 27, "id": "CA"}, {"import": 0, "export": 1000, "id": "CY"}, {"import": 0, "export": 2, "id": "DE"}, {"import": 0, "export": 61500, "id": "GR"}], "import": 128, "export": 265303}, {"date": "2020-01-01", "list": [{"import": 5566, "export": 0, "id": "MU"}, {"import": 113, "export": 0, "id": "PK"}, {"import": 32000, "export": 0, "id": "IN"}, {"import": 1, "export": 0, "id": "SG"}, {"import": 21995, "export": 0, "id": "TH"}], "import": 59675, "export": 0}, {"date": "2020-03-01", "list": [{"import": 8652, "export": 0, "id": "MU"}, {"import": 37, "export": 0, "id": "PK"}, {"import": 5635200, "export": 0, "id": "IN"}, {"import": 1, "export": 0, "id": "SG"}], "import": 5643890, "export": 0}, {"date": "2019-01-01", "list": [{"import": 136, "export": 0, "id": "PK"}, {"import": 5635200, "export": 0, "id": "IN"}, {"import": 43960, "export": 0, "id": "TH"}], "import": 5679296, "export": 0}, {"date": "2019-03-01", "list": [{"import": 583, "export": 0, "id": "PK"}, {"import": 2991800, "export": 0, "id": "IN"}, {"import": 1, "export": 0, "id": "SG"}], "import": 2992384, "export": 0}, {"date": "2019-05-01", "list": [{"import": 229, "export": 0, "id": "PK"}, {"import": 24631240, "export": 0, "id": "IN"}, {"import": 21520, "export": 0, "id": "TH"}], "import": 24652989, "export": 0}, {"date": "2019-07-01", "list": [{"import": 717, "export": 0, "id": "PK"}, {"import": 889120, "export": 0, "id": "IN"}], "import": 889837, "export": 0}, {"date": "2019-09-01", "list": [{"import": 132, "export": 0, "id": "PK"}, {"import": 1638600, "export": 0, "id": "IN"}, {"import": 1, "export": 0, "id": "SG"}], "import": 1638733, "export": 0}, {"date": "2020-05-01", "list": [{"import": 74, "export": 0, "id": "PK"}, {"import": 397000, "export": 0, "id": "IN"}], "import": 397074, "export": 0}, {"date": "2020-07-01", "list": [{"import": 101, "export": 0, "id": "PK"}, {"import": 304000, "export": 0, "id": "IN"}, {"import": 10264, "export": 0, "id": "US"}], "import": 314365, "export": 0}, {"date": "Unnamed: 24-01", "list": [{"import": 68, "export": 0, "id": "PK"}, {"import": 157000, "export": 0, "id": "IN"}, {"import": 0, "export": 19710, "id": "GB"}, {"import": 0, "export": 125000, "id": "MY"}, {"import": 0, "export": 3309, "id": "MU"}, {"import": 0, "export": 8, "id": "SG"}, {"import": 0, "export": 6280, "id": "ZA"}, {"import": 0, "export": 15000, "id": "SE"}, {"import": 0, "export": 24200, "id": "AE"}, {"import": 0, "export": 18000, "id": "AU"}, {"import": 0, "export": 6910, "id": "BH"}, {"import": 0, "export": 2400, "id": "BN"}, {"import": 0, "export": 16, "id": "CA"}, {"import": 0, "export": 17700, "id": "GR"}], "import": 157068, "export": 238533}, {"date": "Unnamed: 27-01", "list": [{"import": 121, "export": 0, "id": "PK"}], "import": 121, "export": 0}, {"date": "12-01", "list": [{"import": 0, "export": 1, "id": "-"}], "import": 0, "export": 16}, {"date": "1-01", "list": [{"import": 0, "export": 2, "id": "-"}], "import": 0, "export": 9}, {"date": "2-01", "list": [{"import": 0, "export": 19850, "id": "GB"}, {"import": 0, "export": 120000, "id": "MY"}, {"import": 0, "export": 853, "id": "NZ"}, {"import": 0, "export": 19, "id": "SG"}, {"import": 0, "export": 3000, "id": "ZA"}, {"import": 0, "export": 12049, "id": "AE"}, {"import": 0, "export": 22598, "id": "AU"}, {"import": 0, "export": 10, "id": "CA"}, {"import": 0, "export": 1300, "id": "CY"}, {"import": 0, "export": 16000, "id": "GR"}, {"import": 0, "export": 711, "id": "IE"}, {"import": 0, "export": 2, "id": "-"}], "import": 0, "export": 196392}, {"date": "Unnamed: 4-01", "list": [{"import": 0, "export": 4400, "id": "GB"}, {"import": 0, "export": 4926, "id": "MU"}, {"import": 0, "export": 196, "id": "NO"}, {"import": 0, "export": 4, "id": "SG"}, {"import": 0, "export": 6710, "id": "ZA"}, {"import": 0, "export": 1500, "id": "SE"}, {"import": 0, "export": 46200, "id": "AE"}, {"import": 0, "export": 36400, "id": "AU"}, {"import": 0, "export": 1080, "id": "BN"}, {"import": 0, "export": 1, "id": "CA"}, {"import": 0, "export": 500, "id": "FI"}, {"import": 0, "export": 37820, "id": "GR"}], "import": 0, "export": 139737}, {"date": "Unnamed: 6-01", "list": [{"import": 0, "export": 22600, "id": "GB"}, {"import": 0, "export": 175000, "id": "MY"}, {"import": 0, "export": 7000, "id": "MU"}, {"import": 0, "export": 950, "id": "PT"}, {"import": 0, "export": 14502, "id": "AE"}, {"import": 0, "export": 74243, "id": "AU"}, {"import": 0, "export": 3000, "id": "BH"}, {"import": 0, "export": 200, "id": "BN"}, {"import": 0, "export": 2, "id": "CA"}, {"import": 0, "export": 1, "id": "DE"}, {"import": 0, "export": 21500, "id": "GR"}], "import": 0, "export": 318998}, {"date": "Unnamed: 8-01", "list": [{"import": 0, "export": 21820, "id": "GB"}, {"import": 0, "export": 90000, "id": "MY"}, {"import": 0, "export": 500, "id": "PT"}, {"import": 0, "export": 35, "id": "SG"}, {"import": 0, "export": 15900, "id": "SE"}, {"import": 0, "export": 219031, "id": "AE"}, {"import": 0, "export": 56720, "id": "AU"}, {"import": 0, "export": 11700, "id": "BH"}, {"import": 0, "export": 1480, "id": "BN"}, {"import": 0, "export": 34, "id": "CA"}, {"import": 0, "export": 1000, "id": "CY"}, {"import": 0, "export": 71350, "id": "GR"}, {"import": 0, "export": 1207, "id": "IE"}], "import": 0, "export": 490777}, {"date": "Unnamed: 10-01", "list": [{"import": 0, "export": 23710, "id": "GB"}, {"import": 0, "export": 3, "id": "JP"}, {"import": 0, "export": 170000, "id": "MY"}, {"import": 0, "export": 20536, "id": "MU"}, {"import": 0, "export": 1000, "id": "NL"}, {"import": 0, "export": 1625, "id": "NZ"}, {"import": 0, "export": 1590, "id": "PH"}, {"import": 0, "export": 37, "id": "SG"}, {"import": 0, "export": 3400, "id": "ZA"}, {"import": 0, "export": 1000, "id": "SE"}, {"import": 0, "export": 28577, "id": "AE"}, {"import": 0, "export": 29800, "id": "AU"}, {"import": 0, "export": 12000, "id": "BH"}, {"import": 0, "export": 2180, "id": "BN"}, {"import": 0, "export": 85, "id": "CA"}, {"import": 0, "export": 1000, "id": "CY"}, {"import": 0, "export": 20000, "id": "GR"}], "import": 0, "export": 316543}, {"date": "Unnamed: 12-01", "list": [{"import": 0, "export": 27300, "id": "GB"}, {"import": 0, "export": 20000, "id": "MY"}, {"import": 0, "export": 10, "id": "SG"}, {"import": 0, "export": 1700, "id": "ZA"}, {"import": 0, "export": 4500, "id": "SE"}, {"import": 0, "export": 38260, "id": "AE"}, {"import": 0, "export": 17500, "id": "AU"}, {"import": 0, "export": 14240, "id": "BH"}, {"import": 0, "export": 16, "id": "CA"}, {"import": 0, "export": 6300, "id": "CY"}, {"import": 0, "export": 1, "id": "DE"}, {"import": 0, "export": 81820, "id": "GR"}], "import": 0, "export": 211647}, {"date": "Unnamed: 14-01", "list": [{"import": 0, "export": 41695, "id": "GB"}, {"import": 0, "export": 36000, "id": "MY"}, {"import": 0, "export": 8021, "id": "NZ"}, {"import": 0, "export": 59517, "id": "AE"}, {"import": 0, "export": 38100, "id": "AU"}, {"import": 0, "export": 6000, "id": "BH"}, {"import": 0, "export": 2160, "id": "BN"}, {"import": 0, "export": 7, "id": "CA"}, {"import": 0, "export": 21000, "id": "GR"}, {"import": 0, "export": 2850, "id": "IE"}], "import": 0, "export": 215350}, {"date": "Unnamed: 16-01", "list": [{"import": 0, "export": 42180, "id": "GB"}, {"import": 0, "export": 1, "id": "JP"}, {"import": 0, "export": 100000, "id": "MY"}, {"import": 0, "export": 3000, "id": "MU"}, {"import": 0, "export": 2000, "id": "PT"}, {"import": 0, "export": 21, "id": "SG"}, {"import": 0, "export": 7800, "id": "ZA"}, {"import": 0, "export": 12000, "id": "AU"}, {"import": 0, "export": 27, "id": "CA"}, {"import": 0, "export": 40000, "id": "GR"}], "import": 0, "export": 207029}, {"date": "Unnamed: 18-01", "list": [{"import": 0, "export": 26740, "id": "GB"}, {"import": 0, "export": 5, "id": "JP"}, {"import": 0, "export": 9973, "id": "NZ"}, {"import": 0, "export": 800, "id": "ZA"}, {"import": 0, "export": 54400, "id": "AU"}, {"import": 0, "export": 3120, "id": "BH"}, {"import": 0, "export": 1940, "id": "BN"}, {"import": 0, "export": 11, "id": "CA"}, {"import": 0, "export": 4, "id": "DE"}, {"import": 0, "export": 68960, "id": "GR"}], "import": 0, "export": 165953}, {"date": "Unnamed: 20-01", "list": [{"import": 0, "export": 13610, "id": "GB"}, {"import": 0, "export": 120000, "id": "MY"}, {"import": 0, "export": 4500, "id": "MU"}, {"import": 0, "export": 600, "id": "PT"}, {"import": 0, "export": 18, "id": "SG"}, {"import": 0, "export": 6500, "id": "AE"}, {"import": 0, "export": 18550, "id": "AU"}, {"import": 0, "export": 12000, "id": "BH"}, {"import": 0, "export": 15, "id": "CA"}, {"import": 0, "export": 2500, "id": "FI"}, {"import": 0, "export": 22500, "id": "GR"}], "import": 0, "export": 200793}, {"date": "Unnamed: 30-01", "list": [{"import": 0, "export": 48365, "id": "GB"}, {"import": 0, "export": 4, "id": "JP"}, {"import": 0, "export": 6812, "id": "NZ"}, {"import": 0, "export": 4725, "id": "PT"}, {"import": 0, "export": 3, "id": "SG"}, {"import": 0, "export": 5479, "id": "ZA"}, {"import": 0, "export": 2511, "id": "CH"}, {"import": 0, "export": 26000, "id": "AU"}, {"import": 0, "export": 17000, "id": "BH"}, {"import": 0, "export": 10810, "id": "CA"}, {"import": 0, "export": 900, "id": "FI"}, {"import": 0, "export": 6, "id": "DE"}, {"import": 0, "export": 174900, "id": "GR"}], "import": 0, "export": 297515}, {"date": "Unnamed: 32-01", "list": [{"import": 0, "export": 77775, "id": "GB"}, {"import": 0, "export": 2, "id": "JP"}, {"import": 0, "export": 25250, "id": "MU"}, {"import": 0, "export": 1950, "id": "PT"}, {"import": 0, "export": 43, "id": "SG"}, {"import": 0, "export": 2600, "id": "SE"}, {"import": 0, "export": 2900, "id": "CH"}, {"import": 0, "export": 76510, "id": "AU"}, {"import": 0, "export": 14000, "id": "AT"}, {"import": 0, "export": 3744, "id": "BH"}, {"import": 0, "export": 19800, "id": "BE"}, {"import": 0, "export": 93, "id": "CA"}, {"import": 0, "export": 183200, "id": "GR"}, {"import": 0, "export": 210, "id": "IE"}], "import": 0, "export": 408077}, {"date": "Unnamed: 34-01", "list": [{"import": 0, "export": 20550, "id": "GB"}, {"import": 0, "export": 2, "id": "JP"}, {"import": 0, "export": 220000, "id": "MY"}, {"import": 0, "export": 3300, "id": "MU"}, {"import": 0, "export": 20, "id": "SG"}, {"import": 0, "export": 3000, "id": "SE"}, {"import": 0, "export": 84400, "id": "AU"}, {"import": 0, "export": 8000, "id": "BH"}, {"import": 0, "export": 20, "id": "CA"}, {"import": 0, "export": 1200, "id": "CY"}, {"import": 0, "export": 40000, "id": "GR"}], "import": 0, "export": 380492}, {"date": "Unnamed: 36-01", "list": [{"import": 0, "export": 14863, "id": "GB"}, {"import": 0, "export": 20000, "id": "MY"}, {"import": 0, "export": 80078, "id": "AU"}, {"import": 0, "export": 16840, "id": "BH"}, {"import": 0, "export": 14, "id": "CA"}, {"import": 0, "export": 2, "id": "DE"}, {"import": 0, "export": 80500, "id": "GR"}], "import": 0, "export": 212297}, {"date": "Unnamed: 38-01", "list": [{"import": 0, "export": 33426, "id": "GB"}, {"import": 0, "export": 49600, "id": "AU"}, {"import": 0, "export": 17160, "id": "BH"}, {"import": 0, "export": 1, "id": "DE"}], "import": 0, "export": 100187}]