[{"date": "2016-05-01", "list": [{"import": 69000, "export": 0, "id": "IN"}, {"import": 0, "export": 0, "id": "VN"}, {"import": 0, "export": 0, "id": "TH"}, {"import": 0, "export": 0, "id": "AE"}, {"import": 0, "export": 0, "id": "CN"}, {"import": 0, "export": 0, "id": "IT"}, {"import": 0, "export": 0, "id": "KR"}, {"import": 0, "export": 0, "id": "PK"}], "import": 69000, "export": 0}, {"date": "2016-06-01", "list": [{"import": 0, "export": 0, "id": "IN"}, {"import": 0, "export": 0, "id": "VN"}, {"import": 120000, "export": 0, "id": "TH"}, {"import": 0, "export": 0, "id": "AE"}, {"import": 0, "export": 0, "id": "CN"}, {"import": 0, "export": 0, "id": "IT"}, {"import": 0, "export": 0, "id": "KR"}, {"import": 0, "export": 0, "id": "PK"}], "import": 120000, "export": 0}, {"date": "2016-07-01", "list": [{"import": 86680, "export": 0, "id": "IN"}, {"import": 0, "export": 0, "id": "VN"}, {"import": 96000, "export": 0, "id": "TH"}, {"import": 0, "export": 0, "id": "AE"}, {"import": 1878, "export": 0, "id": "CN"}, {"import": 0, "export": 0, "id": "IT"}, {"import": 0, "export": 0, "id": "KR"}, {"import": 0, "export": 0, "id": "PK"}], "import": 184558, "export": 0}, {"date": "2016-08-01", "list": [{"import": 24000, "export": 0, "id": "IN"}, {"import": 0, "export": 0, "id": "VN"}, {"import": 0, "export": 0, "id": "TH"}, {"import": 0, "export": 0, "id": "AE"}, {"import": 0, "export": 0, "id": "CN"}, {"import": 0, "export": 0, "id": "IT"}, {"import": 136, "export": 0, "id": "KR"}, {"import": 0, "export": 0, "id": "PK"}], "import": 24136, "export": 0}, {"date": "2016-09-01", "list": [{"import": 0, "export": 0, "id": "IN"}, {"import": 0, "export": 0, "id": "VN"}, {"import": 49750, "export": 0, "id": "TH"}, {"import": 0, "export": 0, "id": "AE"}, {"import": 0, "export": 0, "id": "CN"}, {"import": 0, "export": 0, "id": "IT"}, {"import": 0, "export": 0, "id": "KR"}, {"import": 0, "export": 0, "id": "PK"}], "import": 49750, "export": 0}, {"date": "2016-10-01", "list": [{"import": 138000, "export": 0, "id": "IN"}, {"import": 24000, "export": 0, "id": "VN"}, {"import": 0, "export": 0, "id": "TH"}, {"import": 0, "export": 0, "id": "AE"}, {"import": 0, "export": 0, "id": "CN"}, {"import": 0, "export": 0, "id": "IT"}, {"import": 0, "export": 0, "id": "KR"}, {"import": 0, "export": 0, "id": "PK"}], "import": 162000, "export": 0}, {"date": "2016-11-01", "list": [{"import": 46000, "export": 0, "id": "IN"}, {"import": 0, "export": 0, "id": "VN"}, {"import": 0, "export": 0, "id": "TH"}, {"import": 0, "export": 0, "id": "AE"}, {"import": 0, "export": 0, "id": "CN"}, {"import": 0, "export": 0, "id": "IT"}, {"import": 0, "export": 0, "id": "KR"}, {"import": 37441, "export": 0, "id": "PK"}], "import": 83441, "export": 0}, {"date": "2016-12-01", "list": [{"import": 0, "export": 0, "id": "IN"}, {"import": 48, "export": 0, "id": "VN"}, {"import": 0, "export": 0, "id": "TH"}, {"import": 0, "export": 0, "id": "AE"}, {"import": 0, "export": 0, "id": "CN"}, {"import": 0, "export": 0, "id": "IT"}, {"import": 0, "export": 0, "id": "KR"}, {"import": 0, "export": 0, "id": "PK"}], "import": 48, "export": 0}, {"date": "2017-01-01", "list": [{"import": 0, "export": 0, "id": "IN"}, {"import": 0, "export": 0, "id": "VN"}, {"import": 0, "export": 0, "id": "TH"}, {"import": 0, "export": 0, "id": "AE"}, {"import": 0, "export": 0, "id": "CN"}, {"import": 0, "export": 0, "id": "IT"}, {"import": 0, "export": 0, "id": "KR"}, {"import": 0, "export": 0, "id": "PK"}], "import": 0, "export": 0}, {"date": "2017-02-01", "list": [{"import": 0, "export": 0, "id": "IN"}, {"import": 0, "export": 0, "id": "VN"}, {"import": 0, "export": 0, "id": "TH"}, {"import": 0, "export": 0, "id": "AE"}, {"import": 0, "export": 0, "id": "CN"}, {"import": 0, "export": 0, "id": "IT"}, {"import": 0, "export": 0, "id": "KR"}, {"import": 0, "export": 0, "id": "PK"}], "import": 0, "export": 0}, {"date": "2017-03-01", "list": [{"import": 0, "export": 0, "id": "IN"}, {"import": 48000, "export": 0, "id": "VN"}, {"import": 0, "export": 0, "id": "TH"}, {"import": 0, "export": 0, "id": "AE"}, {"import": 0, "export": 0, "id": "CN"}, {"import": 0, "export": 0, "id": "IT"}, {"import": 0, "export": 0, "id": "KR"}, {"import": 0, "export": 0, "id": "PK"}], "import": 48000, "export": 0}, {"date": "2017-04-01", "list": [{"import": 0, "export": 0, "id": "IN"}, {"import": 0, "export": 0, "id": "VN"}, {"import": 0, "export": 0, "id": "TH"}, {"import": 0, "export": 0, "id": "AE"}, {"import": 0, "export": 0, "id": "CN"}, {"import": 486, "export": 0, "id": "IT"}, {"import": 0, "export": 0, "id": "KR"}, {"import": 0, "export": 0, "id": "PK"}], "import": 486, "export": 0}, {"date": "2017-05-01", "list": [{"import": 0, "export": 0, "id": "IN"}, {"import": 48000, "export": 0, "id": "VN"}, {"import": 0, "export": 0, "id": "TH"}, {"import": 0, "export": 0, "id": "AE"}, {"import": 0, "export": 0, "id": "CN"}, {"import": 0, "export": 0, "id": "IT"}, {"import": 0, "export": 0, "id": "KR"}, {"import": 0, "export": 0, "id": "PK"}], "import": 48000, "export": 0}, {"date": "2017-06-01", "list": [{"import": 0, "export": 0, "id": "IN"}, {"import": 48000, "export": 0, "id": "VN"}, {"import": 0, "export": 0, "id": "TH"}, {"import": 0, "export": 0, "id": "AE"}, {"import": 859, "export": 0, "id": "CN"}, {"import": 0, "export": 0, "id": "IT"}, {"import": 112, "export": 0, "id": "KR"}, {"import": 0, "export": 0, "id": "PK"}], "import": 48971, "export": 0}, {"date": "2017-07-01", "list": [{"import": 0, "export": 0, "id": "IN"}, {"import": 0, "export": 0, "id": "VN"}, {"import": 0, "export": 0, "id": "TH"}, {"import": 0, "export": 0, "id": "AE"}, {"import": 0, "export": 0, "id": "CN"}, {"import": 300, "export": 0, "id": "IT"}, {"import": 0, "export": 0, "id": "KR"}, {"import": 0, "export": 0, "id": "PK"}], "import": 300, "export": 0}, {"date": "2017-08-01", "list": [{"import": 47000, "export": 0, "id": "IN"}, {"import": 0, "export": 0, "id": "VN"}, {"import": 0, "export": 0, "id": "TH"}, {"import": 0, "export": 0, "id": "AE"}, {"import": 0, "export": 0, "id": "CN"}, {"import": 0, "export": 0, "id": "IT"}, {"import": 0, "export": 0, "id": "KR"}, {"import": 0, "export": 0, "id": "PK"}], "import": 47000, "export": 0}, {"date": "2017-09-01", "list": [{"import": 0, "export": 0, "id": "IN"}, {"import": 0, "export": 0, "id": "VN"}, {"import": 0, "export": 0, "id": "TH"}, {"import": 0, "export": 0, "id": "AE"}, {"import": 0, "export": 0, "id": "CN"}, {"import": 0, "export": 0, "id": "IT"}, {"import": 0, "export": 0, "id": "KR"}, {"import": 36902, "export": 0, "id": "PK"}], "import": 36902, "export": 0}, {"date": "2017-10-01", "list": [{"import": 442000, "export": 0, "id": "IN"}, {"import": 0, "export": 0, "id": "VN"}, {"import": 0, "export": 0, "id": "TH"}, {"import": 1650, "export": 0, "id": "AE"}, {"import": 0, "export": 0, "id": "CN"}, {"import": 0, "export": 0, "id": "IT"}, {"import": 0, "export": 0, "id": "KR"}, {"import": 0, "export": 0, "id": "PK"}], "import": 443650, "export": 0}]