[{"date": "2018-11-01", "list": [{"import": 0, "export": 0, "id": "MK"}, {"import": 894, "export": 0, "id": "IT"}, {"import": 0, "export": 0, "id": "PK"}, {"import": 0, "export": 0, "id": "PL"}, {"import": 0, "export": 0, "id": "RU"}, {"import": 0, "export": 0, "id": "US"}, {"import": 0, "export": 0, "id": "BA"}, {"import": 0, "export": 0, "id": "ME"}], "import": 894, "export": 0}, {"date": "2018-12-01", "list": [{"import": 0, "export": 0, "id": "MK"}, {"import": 6400, "export": 0, "id": "IT"}, {"import": 0, "export": 0, "id": "PK"}, {"import": 0, "export": 0, "id": "PL"}, {"import": 0, "export": 0, "id": "RU"}, {"import": 0, "export": 0, "id": "US"}, {"import": 0, "export": 0, "id": "BA"}, {"import": 0, "export": 405, "id": "ME"}], "import": 6400, "export": 405}, {"date": "2019-01-01", "list": [{"import": 0, "export": 0, "id": "MK"}, {"import": 0, "export": 0, "id": "IT"}, {"import": 0, "export": 0, "id": "PK"}, {"import": 0, "export": 0, "id": "PL"}, {"import": 0, "export": 0, "id": "RU"}, {"import": 0, "export": 0, "id": "US"}, {"import": 0, "export": 0, "id": "BA"}, {"import": 0, "export": 0, "id": "ME"}], "import": 0, "export": 0}, {"date": "2019-02-01", "list": [{"import": 0, "export": 0, "id": "MK"}, {"import": 0, "export": 0, "id": "IT"}, {"import": 75000, "export": 0, "id": "PK"}, {"import": 0, "export": 0, "id": "PL"}, {"import": 0, "export": 0, "id": "RU"}, {"import": 0, "export": 0, "id": "US"}, {"import": 0, "export": 0, "id": "BA"}, {"import": 0, "export": 480, "id": "ME"}], "import": 75000, "export": 480}, {"date": "2019-03-01", "list": [{"import": 0, "export": 0, "id": "MK"}, {"import": 0, "export": 0, "id": "IT"}, {"import": 0, "export": 0, "id": "PK"}, {"import": 1000, "export": 0, "id": "PL"}, {"import": 0, "export": 0, "id": "RU"}, {"import": 0, "export": 1332, "id": "US"}, {"import": 0, "export": 0, "id": "BA"}, {"import": 0, "export": 0, "id": "ME"}], "import": 1000, "export": 1332}, {"date": "2019-04-01", "list": [{"import": 0, "export": 0, "id": "MK"}, {"import": 2400, "export": 0, "id": "IT"}, {"import": 0, "export": 0, "id": "PK"}, {"import": 0, "export": 0, "id": "PL"}, {"import": 0, "export": 0, "id": "RU"}, {"import": 0, "export": 0, "id": "US"}, {"import": 0, "export": 0, "id": "BA"}, {"import": 0, "export": 0, "id": "ME"}], "import": 2400, "export": 0}, {"date": "2019-05-01", "list": [{"import": 0, "export": 0, "id": "MK"}, {"import": 0, "export": 0, "id": "IT"}, {"import": 0, "export": 0, "id": "PK"}, {"import": 0, "export": 0, "id": "PL"}, {"import": 0, "export": 0, "id": "RU"}, {"import": 0, "export": 0, "id": "US"}, {"import": 0, "export": 0, "id": "BA"}, {"import": 0, "export": 0, "id": "ME"}], "import": 0, "export": 0}, {"date": "2019-06-01", "list": [{"import": 0, "export": 0, "id": "MK"}, {"import": 0, "export": 0, "id": "IT"}, {"import": 0, "export": 0, "id": "PK"}, {"import": 0, "export": 0, "id": "PL"}, {"import": 0, "export": 0, "id": "RU"}, {"import": 0, "export": 0, "id": "US"}, {"import": 0, "export": 0, "id": "BA"}, {"import": 0, "export": 0, "id": "ME"}], "import": 0, "export": 0}, {"date": "2019-07-01", "list": [{"import": 0, "export": 0, "id": "MK"}, {"import": 0, "export": 0, "id": "IT"}, {"import": 0, "export": 0, "id": "PK"}, {"import": 0, "export": 0, "id": "PL"}, {"import": 0, "export": 0, "id": "RU"}, {"import": 0, "export": 0, "id": "US"}, {"import": 0, "export": 0, "id": "BA"}, {"import": 0, "export": 0, "id": "ME"}], "import": 0, "export": 0}, {"date": "2019-08-01", "list": [{"import": 0, "export": 0, "id": "MK"}, {"import": 0, "export": 0, "id": "IT"}, {"import": 0, "export": 0, "id": "PK"}, {"import": 0, "export": 0, "id": "PL"}, {"import": 0, "export": 0, "id": "RU"}, {"import": 0, "export": 0, "id": "US"}, {"import": 0, "export": 0, "id": "BA"}, {"import": 0, "export": 0, "id": "ME"}], "import": 0, "export": 0}, {"date": "2019-09-01", "list": [{"import": 0, "export": 0, "id": "MK"}, {"import": 0, "export": 0, "id": "IT"}, {"import": 0, "export": 0, "id": "PK"}, {"import": 0, "export": 0, "id": "PL"}, {"import": 0, "export": 0, "id": "RU"}, {"import": 0, "export": 1422, "id": "US"}, {"import": 0, "export": 0, "id": "BA"}, {"import": 0, "export": 0, "id": "ME"}], "import": 0, "export": 1422}, {"date": "2019-10-01", "list": [{"import": 0, "export": 0, "id": "MK"}, {"import": 0, "export": 0, "id": "IT"}, {"import": 0, "export": 0, "id": "PK"}, {"import": 0, "export": 0, "id": "PL"}, {"import": 0, "export": 0, "id": "RU"}, {"import": 0, "export": 0, "id": "US"}, {"import": 0, "export": 0, "id": "BA"}, {"import": 0, "export": 0, "id": "ME"}], "import": 0, "export": 0}, {"date": "2019-11-01", "list": [{"import": 0, "export": 0, "id": "MK"}, {"import": 0, "export": 0, "id": "IT"}, {"import": 0, "export": 0, "id": "PK"}, {"import": 0, "export": 0, "id": "PL"}, {"import": 0, "export": 0, "id": "RU"}, {"import": 0, "export": 0, "id": "US"}, {"import": 0, "export": 0, "id": "BA"}, {"import": 0, "export": 1162, "id": "ME"}], "import": 0, "export": 1162}, {"date": "2019-12-01", "list": [{"import": 0, "export": 0, "id": "MK"}, {"import": 0, "export": 0, "id": "IT"}, {"import": 0, "export": 0, "id": "PK"}, {"import": 0, "export": 0, "id": "PL"}, {"import": 0, "export": 0, "id": "RU"}, {"import": 0, "export": 0, "id": "US"}, {"import": 0, "export": 0, "id": "BA"}, {"import": 0, "export": 0, "id": "ME"}], "import": 0, "export": 0}, {"date": "2020-01-01", "list": [{"import": 0, "export": 0, "id": "MK"}, {"import": 0, "export": 0, "id": "IT"}, {"import": 0, "export": 0, "id": "PK"}, {"import": 0, "export": 0, "id": "PL"}, {"import": 0, "export": 0, "id": "RU"}, {"import": 0, "export": 0, "id": "US"}, {"import": 0, "export": 0, "id": "BA"}, {"import": 0, "export": 525, "id": "ME"}], "import": 0, "export": 525}, {"date": "2020-02-01", "list": [{"import": 0, "export": 0, "id": "MK"}, {"import": 0, "export": 0, "id": "IT"}, {"import": 0, "export": 0, "id": "PK"}, {"import": 0, "export": 0, "id": "PL"}, {"import": 0, "export": 0, "id": "RU"}, {"import": 0, "export": 743, "id": "US"}, {"import": 0, "export": 0, "id": "BA"}, {"import": 0, "export": 0, "id": "ME"}], "import": 0, "export": 743}, {"date": "2020-03-01", "list": [{"import": 0, "export": 0, "id": "MK"}, {"import": 0, "export": 0, "id": "IT"}, {"import": 0, "export": 0, "id": "PK"}, {"import": 0, "export": 0, "id": "PL"}, {"import": 42000, "export": 0, "id": "RU"}, {"import": 0, "export": 0, "id": "US"}, {"import": 0, "export": 0, "id": "BA"}, {"import": 0, "export": 705, "id": "ME"}], "import": 42000, "export": 705}, {"date": "2020-04-01", "list": [{"import": 0, "export": 0, "id": "MK"}, {"import": 0, "export": 0, "id": "IT"}, {"import": 0, "export": 0, "id": "PK"}, {"import": 0, "export": 0, "id": "PL"}, {"import": 0, "export": 0, "id": "RU"}, {"import": 0, "export": 0, "id": "US"}, {"import": 0, "export": 6210, "id": "BA"}, {"import": 0, "export": 0, "id": "ME"}], "import": 0, "export": 6210}]