[{"date": "2018-10-01", "list": [{"import": 5825, "export": 0, "id": "ES"}, {"import": 53600, "export": 0, "id": "IT"}, {"import": 2487, "export": 0, "id": "DK"}, {"import": 1740, "export": 0, "id": "GB"}, {"import": 0, "export": 0, "id": "SE"}, {"import": 0, "export": 0, "id": "TH"}, {"import": 0, "export": 0, "id": "EE"}, {"import": 0, "export": 0, "id": "DE"}, {"import": 0, "export": 0, "id": "BD"}, {"import": 0, "export": 0, "id": "JP"}, {"import": 739, "export": 0, "id": "NL"}, {"import": 7350, "export": 0, "id": "PL"}], "import": 71741, "export": 0}, {"date": "2018-11-01", "list": [{"import": 40123, "export": 0, "id": "ES"}, {"import": 79280, "export": 0, "id": "IT"}, {"import": 1118, "export": 0, "id": "DK"}, {"import": 0, "export": 0, "id": "GB"}, {"import": 972, "export": 0, "id": "SE"}, {"import": 0, "export": 0, "id": "TH"}, {"import": 0, "export": 0, "id": "EE"}, {"import": 283, "export": 0, "id": "DE"}, {"import": 0, "export": 0, "id": "BD"}, {"import": 16988, "export": 0, "id": "JP"}, {"import": 1824, "export": 0, "id": "NL"}, {"import": 8450, "export": 0, "id": "PL"}], "import": 149038, "export": 0}, {"date": "2018-12-01", "list": [{"import": 16542, "export": 0, "id": "ES"}, {"import": 7840, "export": 0, "id": "IT"}, {"import": 858, "export": 0, "id": "DK"}, {"import": 1750, "export": 0, "id": "GB"}, {"import": 2400, "export": 0, "id": "SE"}, {"import": 0, "export": 0, "id": "TH"}, {"import": 0, "export": 0, "id": "EE"}, {"import": 0, "export": 0, "id": "DE"}, {"import": 0, "export": 0, "id": "BD"}, {"import": 15940, "export": 0, "id": "JP"}, {"import": 844, "export": 0, "id": "NL"}, {"import": 4840, "export": 0, "id": "PL"}], "import": 51014, "export": 0}, {"date": "2019-01-01", "list": [{"import": 25569, "export": 0, "id": "ES"}, {"import": 36240, "export": 0, "id": "IT"}, {"import": 2473, "export": 0, "id": "DK"}, {"import": 2710, "export": 0, "id": "GB"}, {"import": 240, "export": 0, "id": "SE"}, {"import": 0, "export": 0, "id": "TH"}, {"import": 0, "export": 0, "id": "EE"}, {"import": 470, "export": 0, "id": "DE"}, {"import": 0, "export": 0, "id": "BD"}, {"import": 0, "export": 0, "id": "JP"}, {"import": 1608, "export": 0, "id": "NL"}, {"import": 0, "export": 0, "id": "PL"}], "import": 69310, "export": 0}, {"date": "2019-02-01", "list": [{"import": 36082, "export": 0, "id": "ES"}, {"import": 24188, "export": 0, "id": "IT"}, {"import": 1822, "export": 0, "id": "DK"}, {"import": 0, "export": 0, "id": "GB"}, {"import": 1212, "export": 0, "id": "SE"}, {"import": 0, "export": 0, "id": "TH"}, {"import": 0, "export": 231, "id": "EE"}, {"import": 0, "export": 0, "id": "DE"}, {"import": 0, "export": 0, "id": "BD"}, {"import": 0, "export": 0, "id": "JP"}, {"import": 1234, "export": 0, "id": "NL"}, {"import": 0, "export": 0, "id": "PL"}], "import": 64538, "export": 231}, {"date": "2019-03-01", "list": [{"import": 22436, "export": 0, "id": "ES"}, {"import": 79403, "export": 0, "id": "IT"}, {"import": 2879, "export": 0, "id": "DK"}, {"import": 1792, "export": 0, "id": "GB"}, {"import": 900, "export": 0, "id": "SE"}, {"import": 0, "export": 0, "id": "TH"}, {"import": 104, "export": 287, "id": "EE"}, {"import": 0, "export": 0, "id": "DE"}, {"import": 0, "export": 0, "id": "BD"}, {"import": 0, "export": 0, "id": "JP"}, {"import": 2686, "export": 0, "id": "NL"}, {"import": 0, "export": 0, "id": "PL"}], "import": 110200, "export": 287}, {"date": "2019-04-01", "list": [{"import": 28663, "export": 0, "id": "ES"}, {"import": 21190, "export": 0, "id": "IT"}, {"import": 1936, "export": 0, "id": "DK"}, {"import": 3944, "export": 0, "id": "GB"}, {"import": 1470, "export": 0, "id": "SE"}, {"import": 0, "export": 0, "id": "TH"}, {"import": 0, "export": 272, "id": "EE"}, {"import": 898, "export": 0, "id": "DE"}, {"import": 0, "export": 0, "id": "BD"}, {"import": 601, "export": 0, "id": "JP"}, {"import": 678, "export": 0, "id": "NL"}, {"import": 14030, "export": 0, "id": "PL"}], "import": 73410, "export": 272}, {"date": "2019-05-01", "list": [{"import": 33003, "export": 0, "id": "ES"}, {"import": 19184, "export": 0, "id": "IT"}, {"import": 2124, "export": 0, "id": "DK"}, {"import": 5515, "export": 0, "id": "GB"}, {"import": 1097, "export": 0, "id": "SE"}, {"import": 1800, "export": 0, "id": "TH"}, {"import": 0, "export": 307, "id": "EE"}, {"import": 0, "export": 0, "id": "DE"}, {"import": 0, "export": 0, "id": "BD"}, {"import": 918, "export": 0, "id": "JP"}, {"import": 2287, "export": 0, "id": "NL"}, {"import": 12730, "export": 0, "id": "PL"}], "import": 78658, "export": 307}, {"date": "2019-06-01", "list": [{"import": 6328, "export": 0, "id": "ES"}, {"import": 42680, "export": 0, "id": "IT"}, {"import": 991, "export": 0, "id": "DK"}, {"import": 1776, "export": 0, "id": "GB"}, {"import": 0, "export": 0, "id": "SE"}, {"import": 0, "export": 0, "id": "TH"}, {"import": 0, "export": 253, "id": "EE"}, {"import": 0, "export": 0, "id": "DE"}, {"import": 0, "export": 0, "id": "BD"}, {"import": 0, "export": 0, "id": "JP"}, {"import": 700, "export": 0, "id": "NL"}, {"import": 39550, "export": 0, "id": "PL"}], "import": 92025, "export": 253}, {"date": "2019-07-01", "list": [{"import": 26031, "export": 0, "id": "ES"}, {"import": 30746, "export": 0, "id": "IT"}, {"import": 1175, "export": 0, "id": "DK"}, {"import": 2240, "export": 0, "id": "GB"}, {"import": 552, "export": 0, "id": "SE"}, {"import": 0, "export": 0, "id": "TH"}, {"import": 0, "export": 347, "id": "EE"}, {"import": 0, "export": 0, "id": "DE"}, {"import": 0, "export": 0, "id": "BD"}, {"import": 0, "export": 0, "id": "JP"}, {"import": 3896, "export": 0, "id": "NL"}, {"import": 5200, "export": 0, "id": "PL"}], "import": 69840, "export": 347}, {"date": "2019-08-01", "list": [{"import": 23319, "export": 0, "id": "ES"}, {"import": 21000, "export": 0, "id": "IT"}, {"import": 1672, "export": 0, "id": "DK"}, {"import": 1625, "export": 0, "id": "GB"}, {"import": 428, "export": 0, "id": "SE"}, {"import": 0, "export": 0, "id": "TH"}, {"import": 0, "export": 294, "id": "EE"}, {"import": 835, "export": 0, "id": "DE"}, {"import": 0, "export": 0, "id": "BD"}, {"import": 0, "export": 0, "id": "JP"}, {"import": 516, "export": 0, "id": "NL"}, {"import": 11910, "export": 0, "id": "PL"}], "import": 61305, "export": 294}, {"date": "2019-09-01", "list": [{"import": 31398, "export": 0, "id": "ES"}, {"import": 8226, "export": 0, "id": "IT"}, {"import": 2388, "export": 0, "id": "DK"}, {"import": 906, "export": 0, "id": "GB"}, {"import": 256, "export": 0, "id": "SE"}, {"import": 0, "export": 0, "id": "TH"}, {"import": 0, "export": 0, "id": "EE"}, {"import": 183, "export": 0, "id": "DE"}, {"import": 3700, "export": 0, "id": "BD"}, {"import": 0, "export": 0, "id": "JP"}, {"import": 5297, "export": 0, "id": "NL"}, {"import": 32340, "export": 0, "id": "PL"}], "import": 84694, "export": 0}, {"date": "2019-10-01", "list": [{"import": 29950, "export": 0, "id": "ES"}, {"import": 63664, "export": 0, "id": "IT"}, {"import": 4532, "export": 0, "id": "DK"}, {"import": 2880, "export": 0, "id": "GB"}, {"import": 1990, "export": 0, "id": "SE"}, {"import": 480, "export": 0, "id": "TH"}, {"import": 0, "export": 185, "id": "EE"}, {"import": 370, "export": 0, "id": "DE"}, {"import": 0, "export": 0, "id": "BD"}, {"import": 0, "export": 0, "id": "JP"}, {"import": 6069, "export": 0, "id": "NL"}, {"import": 14010, "export": 0, "id": "PL"}], "import": 123945, "export": 185}, {"date": "2019-11-01", "list": [{"import": 29950, "export": 0, "id": "ES"}, {"import": 53086, "export": 0, "id": "IT"}, {"import": 3742, "export": 0, "id": "DK"}, {"import": 6780, "export": 0, "id": "GB"}, {"import": 10830, "export": 0, "id": "SE"}, {"import": 0, "export": 0, "id": "TH"}, {"import": 0, "export": 0, "id": "EE"}, {"import": 0, "export": 0, "id": "DE"}, {"import": 0, "export": 0, "id": "BD"}, {"import": 0, "export": 0, "id": "JP"}, {"import": 1272, "export": 0, "id": "NL"}, {"import": 15360, "export": 0, "id": "PL"}], "import": 121020, "export": 0}, {"date": "2019-12-01", "list": [{"import": 0, "export": 0, "id": "ES"}, {"import": 51000, "export": 0, "id": "IT"}, {"import": 3099, "export": 0, "id": "DK"}, {"import": 1215, "export": 0, "id": "GB"}, {"import": 6245, "export": 0, "id": "SE"}, {"import": 0, "export": 0, "id": "TH"}, {"import": 0, "export": 0, "id": "EE"}, {"import": 280, "export": 0, "id": "DE"}, {"import": 0, "export": 0, "id": "BD"}, {"import": 0, "export": 0, "id": "JP"}, {"import": 5294, "export": 0, "id": "NL"}, {"import": 8100, "export": 0, "id": "PL"}], "import": 75233, "export": 0}, {"date": "2020-01-01", "list": [{"import": 40741, "export": 0, "id": "ES"}, {"import": 9240, "export": 0, "id": "IT"}, {"import": 2589, "export": 0, "id": "DK"}, {"import": 1755, "export": 0, "id": "GB"}, {"import": 10733, "export": 0, "id": "SE"}, {"import": 0, "export": 0, "id": "TH"}, {"import": 0, "export": 170, "id": "EE"}, {"import": 0, "export": 0, "id": "DE"}, {"import": 0, "export": 0, "id": "BD"}, {"import": 0, "export": 0, "id": "JP"}, {"import": 383, "export": 0, "id": "NL"}, {"import": 14495, "export": 0, "id": "PL"}], "import": 79936, "export": 170}, {"date": "2020-02-01", "list": [{"import": 33960, "export": 0, "id": "ES"}, {"import": 14036, "export": 0, "id": "IT"}, {"import": 4217, "export": 0, "id": "DK"}, {"import": 2635, "export": 0, "id": "GB"}, {"import": 1100, "export": 0, "id": "SE"}, {"import": 0, "export": 0, "id": "TH"}, {"import": 0, "export": 0, "id": "EE"}, {"import": 675, "export": 0, "id": "DE"}, {"import": 0, "export": 0, "id": "BD"}, {"import": 0, "export": 0, "id": "JP"}, {"import": 1583, "export": 0, "id": "NL"}, {"import": 0, "export": 0, "id": "PL"}], "import": 58206, "export": 0}, {"date": "2020-03-01", "list": [{"import": 22020, "export": 0, "id": "ES"}, {"import": 96832, "export": 0, "id": "IT"}, {"import": 4782, "export": 0, "id": "DK"}, {"import": 15540, "export": 0, "id": "GB"}, {"import": 2914, "export": 0, "id": "SE"}, {"import": 0, "export": 0, "id": "TH"}, {"import": 0, "export": 0, "id": "EE"}, {"import": 0, "export": 0, "id": "DE"}, {"import": 0, "export": 0, "id": "BD"}, {"import": 0, "export": 0, "id": "JP"}, {"import": 7411, "export": 0, "id": "NL"}, {"import": 13960, "export": 0, "id": "PL"}], "import": 163459, "export": 0}]