[{"date": "2018-10-01", "list": [{"import": 43530, "export": 164, "id": "AR"}, {"import": 800, "export": 24000, "id": "BR"}, {"import": 40, "export": 0, "id": "CN"}, {"import": 0, "export": 0, "id": "IT"}, {"import": 0, "export": 0, "id": "JP"}, {"import": 0, "export": 0, "id": "PT"}, {"import": 602, "export": 0, "id": "US"}, {"import": 0, "export": 0, "id": "PA"}, {"import": 0, "export": 0, "id": "MX"}, {"import": 0, "export": 0, "id": "VE"}, {"import": 0, "export": 0, "id": "CR"}], "import": 44972, "export": 24164}, {"date": "2018-11-01", "list": [{"import": 0, "export": 0, "id": "AR"}, {"import": 0, "export": 140000, "id": "BR"}, {"import": 0, "export": 0, "id": "CN"}, {"import": 117, "export": 0, "id": "IT"}, {"import": 0, "export": 0, "id": "JP"}, {"import": 0, "export": 0, "id": "PT"}, {"import": 0, "export": 0, "id": "US"}, {"import": 0, "export": 0, "id": "PA"}, {"import": 0, "export": 0, "id": "MX"}, {"import": 0, "export": 0, "id": "VE"}, {"import": 0, "export": 0, "id": "CR"}], "import": 117, "export": 140000}, {"date": "2018-12-01", "list": [{"import": 0, "export": 24750, "id": "AR"}, {"import": 0, "export": 0, "id": "BR"}, {"import": 0, "export": 0, "id": "CN"}, {"import": 0, "export": 0, "id": "IT"}, {"import": 0, "export": 0, "id": "JP"}, {"import": 0, "export": 0, "id": "PT"}, {"import": 0, "export": 0, "id": "US"}, {"import": 0, "export": 0, "id": "PA"}, {"import": 0, "export": 0, "id": "MX"}, {"import": 0, "export": 19922504, "id": "VE"}, {"import": 0, "export": 0, "id": "CR"}], "import": 0, "export": 19947254}, {"date": "2019-01-01", "list": [{"import": 0, "export": 0, "id": "AR"}, {"import": 0, "export": 0, "id": "BR"}, {"import": 0, "export": 0, "id": "CN"}, {"import": 0, "export": 12000, "id": "IT"}, {"import": 0, "export": 0, "id": "JP"}, {"import": 0, "export": 0, "id": "PT"}, {"import": 0, "export": 0, "id": "US"}, {"import": 0, "export": 0, "id": "PA"}, {"import": 0, "export": 0, "id": "MX"}, {"import": 0, "export": 0, "id": "VE"}, {"import": 0, "export": 0, "id": "CR"}], "import": 0, "export": 12000}, {"date": "2019-02-01", "list": [{"import": 0, "export": 0, "id": "AR"}, {"import": 0, "export": 0, "id": "BR"}, {"import": 0, "export": 0, "id": "CN"}, {"import": 0, "export": 0, "id": "IT"}, {"import": 0, "export": 0, "id": "JP"}, {"import": 0, "export": 0, "id": "PT"}, {"import": 0, "export": 0, "id": "US"}, {"import": 0, "export": 0, "id": "PA"}, {"import": 0, "export": 0, "id": "MX"}, {"import": 0, "export": 0, "id": "VE"}, {"import": 0, "export": 0, "id": "CR"}], "import": 0, "export": 0}, {"date": "2019-03-01", "list": [{"import": 0, "export": 0, "id": "AR"}, {"import": 0, "export": 1400400, "id": "BR"}, {"import": 0, "export": 0, "id": "CN"}, {"import": 0, "export": 0, "id": "IT"}, {"import": 0, "export": 0, "id": "JP"}, {"import": 0, "export": 0, "id": "PT"}, {"import": 0, "export": 0, "id": "US"}, {"import": 0, "export": 0, "id": "PA"}, {"import": 0, "export": 0, "id": "MX"}, {"import": 0, "export": 0, "id": "VE"}, {"import": 0, "export": 0, "id": "CR"}], "import": 0, "export": 1400400}, {"date": "2019-04-01", "list": [{"import": 0, "export": 0, "id": "AR"}, {"import": 0, "export": 0, "id": "BR"}, {"import": 0, "export": 0, "id": "CN"}, {"import": 0, "export": 0, "id": "IT"}, {"import": 0, "export": 0, "id": "JP"}, {"import": 0, "export": 0, "id": "PT"}, {"import": 0, "export": 0, "id": "US"}, {"import": 0, "export": 0, "id": "PA"}, {"import": 0, "export": 0, "id": "MX"}, {"import": 0, "export": 0, "id": "VE"}, {"import": 0, "export": 0, "id": "CR"}], "import": 0, "export": 0}, {"date": "2019-05-01", "list": [{"import": 0, "export": 0, "id": "AR"}, {"import": 0, "export": 2000000, "id": "BR"}, {"import": 0, "export": 0, "id": "CN"}, {"import": 0, "export": 0, "id": "IT"}, {"import": 0, "export": 0, "id": "JP"}, {"import": 0, "export": 0, "id": "PT"}, {"import": 0, "export": 0, "id": "US"}, {"import": 0, "export": 0, "id": "PA"}, {"import": 0, "export": 0, "id": "MX"}, {"import": 0, "export": 0, "id": "VE"}, {"import": 0, "export": 0, "id": "CR"}], "import": 0, "export": 2000000}, {"date": "2019-06-01", "list": [{"import": 0, "export": 0, "id": "AR"}, {"import": 0, "export": 2045000, "id": "BR"}, {"import": 0, "export": 0, "id": "CN"}, {"import": 0, "export": 0, "id": "IT"}, {"import": 0, "export": 0, "id": "JP"}, {"import": 0, "export": 0, "id": "PT"}, {"import": 0, "export": 0, "id": "US"}, {"import": 0, "export": 0, "id": "PA"}, {"import": 0, "export": 0, "id": "MX"}, {"import": 0, "export": 24652689, "id": "VE"}, {"import": 0, "export": 20000000, "id": "CR"}], "import": 0, "export": 46697689}, {"date": "2019-07-01", "list": [{"import": 0, "export": 1000000, "id": "AR"}, {"import": 0, "export": 1747050, "id": "BR"}, {"import": 0, "export": 0, "id": "CN"}, {"import": 0, "export": 0, "id": "IT"}, {"import": 0, "export": 0, "id": "JP"}, {"import": 0, "export": 0, "id": "PT"}, {"import": 0, "export": 0, "id": "US"}, {"import": 0, "export": 0, "id": "PA"}, {"import": 0, "export": 0, "id": "MX"}, {"import": 0, "export": 0, "id": "VE"}, {"import": 0, "export": 0, "id": "CR"}], "import": 0, "export": 2747050}, {"date": "2019-08-01", "list": [{"import": 0, "export": 0, "id": "AR"}, {"import": 43200, "export": 1291450, "id": "BR"}, {"import": 0, "export": 0, "id": "CN"}, {"import": 0, "export": 0, "id": "IT"}, {"import": 0, "export": 0, "id": "JP"}, {"import": 0, "export": 0, "id": "PT"}, {"import": 200, "export": 0, "id": "US"}, {"import": 0, "export": 0, "id": "PA"}, {"import": 0, "export": 28045630, "id": "MX"}, {"import": 0, "export": 28720270, "id": "VE"}, {"import": 0, "export": 0, "id": "CR"}], "import": 43400, "export": 58057350}, {"date": "2019-09-01", "list": [{"import": 116010, "export": 0, "id": "AR"}, {"import": 0, "export": 1129590, "id": "BR"}, {"import": 0, "export": 0, "id": "CN"}, {"import": 0, "export": 0, "id": "IT"}, {"import": 0, "export": 0, "id": "JP"}, {"import": 6508, "export": 0, "id": "PT"}, {"import": 32400, "export": 0, "id": "US"}, {"import": 0, "export": 0, "id": "PA"}, {"import": 0, "export": 0, "id": "MX"}, {"import": 0, "export": 0, "id": "VE"}, {"import": 0, "export": 0, "id": "CR"}], "import": 154918, "export": 1129590}, {"date": "2019-10-01", "list": [{"import": 0, "export": 1125, "id": "AR"}, {"import": 6698, "export": 4824501, "id": "BR"}, {"import": 200, "export": 0, "id": "CN"}, {"import": 19, "export": 0, "id": "IT"}, {"import": 0, "export": 0, "id": "JP"}, {"import": 0, "export": 0, "id": "PT"}, {"import": 106441, "export": 0, "id": "US"}, {"import": 0, "export": 0, "id": "PA"}, {"import": 0, "export": 0, "id": "MX"}, {"import": 0, "export": 0, "id": "VE"}, {"import": 0, "export": 0, "id": "CR"}], "import": 113358, "export": 4825626}, {"date": "2019-11-01", "list": [{"import": 0, "export": 0, "id": "AR"}, {"import": 20, "export": 5550200, "id": "BR"}, {"import": 0, "export": 0, "id": "CN"}, {"import": 0, "export": 0, "id": "IT"}, {"import": 0, "export": 0, "id": "JP"}, {"import": 0, "export": 0, "id": "PT"}, {"import": 0, "export": 0, "id": "US"}, {"import": 0, "export": 0, "id": "PA"}, {"import": 0, "export": 0, "id": "MX"}, {"import": 0, "export": 0, "id": "VE"}, {"import": 0, "export": 0, "id": "CR"}], "import": 20, "export": 5550200}, {"date": "2019-12-01", "list": [{"import": 0, "export": 0, "id": "AR"}, {"import": 55880, "export": 1789720, "id": "BR"}, {"import": 0, "export": 0, "id": "CN"}, {"import": 0, "export": 0, "id": "IT"}, {"import": 0, "export": 0, "id": "JP"}, {"import": 0, "export": 0, "id": "PT"}, {"import": 32, "export": 0, "id": "US"}, {"import": 0, "export": 0, "id": "PA"}, {"import": 0, "export": 0, "id": "MX"}, {"import": 0, "export": 31553626, "id": "VE"}, {"import": 0, "export": 0, "id": "CR"}], "import": 55912, "export": 33343346}, {"date": "2020-01-01", "list": [{"import": 0, "export": 0, "id": "AR"}, {"import": 0, "export": 905980, "id": "BR"}, {"import": 0, "export": 0, "id": "CN"}, {"import": 0, "export": 0, "id": "IT"}, {"import": 0, "export": 0, "id": "JP"}, {"import": 0, "export": 0, "id": "PT"}, {"import": 0, "export": 0, "id": "US"}, {"import": 0, "export": 0, "id": "PA"}, {"import": 0, "export": 0, "id": "MX"}, {"import": 0, "export": 0, "id": "VE"}, {"import": 0, "export": 0, "id": "CR"}], "import": 0, "export": 905980}, {"date": "2020-02-01", "list": [{"import": 0, "export": 0, "id": "AR"}, {"import": 0, "export": 0, "id": "BR"}, {"import": 0, "export": 0, "id": "CN"}, {"import": 0, "export": 0, "id": "IT"}, {"import": 0, "export": 0, "id": "JP"}, {"import": 0, "export": 0, "id": "PT"}, {"import": 0, "export": 0, "id": "US"}, {"import": 0, "export": 0, "id": "PA"}, {"import": 0, "export": 0, "id": "MX"}, {"import": 0, "export": 0, "id": "VE"}, {"import": 0, "export": 0, "id": "CR"}], "import": 0, "export": 0}, {"date": "2020-03-01", "list": [{"import": 0, "export": 0, "id": "AR"}, {"import": 0, "export": 0, "id": "BR"}, {"import": 0, "export": 0, "id": "CN"}, {"import": 0, "export": 0, "id": "IT"}, {"import": 8, "export": 0, "id": "JP"}, {"import": 0, "export": 0, "id": "PT"}, {"import": 0, "export": 0, "id": "US"}, {"import": 0, "export": 0, "id": "PA"}, {"import": 0, "export": 0, "id": "MX"}, {"import": 0, "export": 0, "id": "VE"}, {"import": 0, "export": 0, "id": "CR"}], "import": 8, "export": 0}]