[{"date": "2018-08-01", "list": [{"import": 0, "export": 0, "id": "GY"}, {"import": 49012, "export": 0, "id": "BR"}, {"import": 723, "export": 0, "id": "US"}, {"import": 0, "export": 0, "id": "GB"}, {"import": 0, "export": 0, "id": "TH"}, {"import": 0, "export": 0, "id": "PK"}, {"import": 0, "export": 267481, "id": "LC"}, {"import": 0, "export": 1310, "id": "AG"}, {"import": 0, "export": 1766, "id": "BB"}, {"import": 0, "export": 41562, "id": "JM"}, {"import": 0, "export": 0, "id": "MS"}, {"import": 0, "export": 0, "id": "KN"}], "import": 49735, "export": 312119}, {"date": "2018-09-01", "list": [{"import": 21550, "export": 0, "id": "GY"}, {"import": 0, "export": 0, "id": "BR"}, {"import": 982, "export": 0, "id": "US"}, {"import": 0, "export": 0, "id": "GB"}, {"import": 326, "export": 0, "id": "TH"}, {"import": 0, "export": 0, "id": "PK"}, {"import": 0, "export": 120809, "id": "LC"}, {"import": 0, "export": 420, "id": "AG"}, {"import": 0, "export": 1978, "id": "BB"}, {"import": 0, "export": 0, "id": "JM"}, {"import": 0, "export": 0, "id": "MS"}, {"import": 0, "export": 0, "id": "KN"}], "import": 22858, "export": 123207}, {"date": "2018-10-01", "list": [{"import": 476485, "export": 0, "id": "GY"}, {"import": 0, "export": 0, "id": "BR"}, {"import": 942, "export": 0, "id": "US"}, {"import": 0, "export": 0, "id": "GB"}, {"import": 182, "export": 0, "id": "TH"}, {"import": 0, "export": 0, "id": "PK"}, {"import": 0, "export": 119019, "id": "LC"}, {"import": 0, "export": 1188, "id": "AG"}, {"import": 0, "export": 1536, "id": "BB"}, {"import": 0, "export": 47546, "id": "JM"}, {"import": 0, "export": 2440, "id": "MS"}, {"import": 0, "export": 1298, "id": "KN"}], "import": 477609, "export": 173027}, {"date": "2018-11-01", "list": [{"import": 591922, "export": 0, "id": "GY"}, {"import": 48685, "export": 0, "id": "BR"}, {"import": 1997, "export": 0, "id": "US"}, {"import": 131, "export": 0, "id": "GB"}, {"import": 247, "export": 0, "id": "TH"}, {"import": 219, "export": 0, "id": "PK"}, {"import": 0, "export": 14360, "id": "LC"}, {"import": 0, "export": 0, "id": "AG"}, {"import": 0, "export": 768, "id": "BB"}, {"import": 0, "export": 16248, "id": "JM"}, {"import": 0, "export": 0, "id": "MS"}, {"import": 0, "export": 764, "id": "KN"}], "import": 643201, "export": 32140}, {"date": "2018-12-01", "list": [{"import": 0, "export": 0, "id": "GY"}, {"import": 47851, "export": 0, "id": "BR"}, {"import": 1224, "export": 0, "id": "US"}, {"import": 471, "export": 0, "id": "GB"}, {"import": 0, "export": 0, "id": "TH"}, {"import": 0, "export": 0, "id": "PK"}, {"import": 0, "export": 0, "id": "LC"}, {"import": 0, "export": 0, "id": "AG"}, {"import": 0, "export": 2419, "id": "BB"}, {"import": 0, "export": 22604, "id": "JM"}, {"import": 0, "export": 0, "id": "MS"}, {"import": 0, "export": 3720, "id": "KN"}], "import": 49546, "export": 28743}, {"date": "2019-01-01", "list": [{"import": 423817, "export": 0, "id": "GY"}, {"import": 0, "export": 0, "id": "BR"}, {"import": 468, "export": 0, "id": "US"}, {"import": 0, "export": 0, "id": "GB"}, {"import": 0, "export": 0, "id": "TH"}, {"import": 0, "export": 0, "id": "PK"}, {"import": 0, "export": 217978, "id": "LC"}, {"import": 0, "export": 0, "id": "AG"}, {"import": 0, "export": 3706, "id": "BB"}, {"import": 0, "export": 20594, "id": "JM"}, {"import": 0, "export": 0, "id": "MS"}, {"import": 0, "export": 1541, "id": "KN"}], "import": 424285, "export": 243819}, {"date": "2019-02-01", "list": [{"import": 0, "export": 0, "id": "GY"}, {"import": 0, "export": 0, "id": "BR"}, {"import": 620, "export": 0, "id": "US"}, {"import": 0, "export": 0, "id": "GB"}, {"import": 0, "export": 0, "id": "TH"}, {"import": 0, "export": 0, "id": "PK"}, {"import": 0, "export": 93607, "id": "LC"}, {"import": 0, "export": 0, "id": "AG"}, {"import": 0, "export": 0, "id": "BB"}, {"import": 0, "export": 22876, "id": "JM"}, {"import": 0, "export": 1388, "id": "MS"}, {"import": 0, "export": 0, "id": "KN"}], "import": 620, "export": 117871}, {"date": "2019-03-01", "list": [{"import": 61236, "export": 0, "id": "GY"}, {"import": 0, "export": 0, "id": "BR"}, {"import": 805, "export": 0, "id": "US"}, {"import": 74, "export": 0, "id": "GB"}, {"import": 0, "export": 0, "id": "TH"}, {"import": 0, "export": 0, "id": "PK"}, {"import": 0, "export": 6058, "id": "LC"}, {"import": 0, "export": 0, "id": "AG"}, {"import": 0, "export": 4550, "id": "BB"}, {"import": 0, "export": 0, "id": "JM"}, {"import": 0, "export": 0, "id": "MS"}, {"import": 0, "export": 0, "id": "KN"}], "import": 62115, "export": 10608}, {"date": "2019-04-01", "list": [{"import": 142498, "export": 0, "id": "GY"}, {"import": 47174, "export": 0, "id": "BR"}, {"import": 1483, "export": 0, "id": "US"}, {"import": 180, "export": 0, "id": "GB"}, {"import": 0, "export": 0, "id": "TH"}, {"import": 0, "export": 0, "id": "PK"}, {"import": 0, "export": 0, "id": "LC"}, {"import": 0, "export": 0, "id": "AG"}, {"import": 0, "export": 0, "id": "BB"}, {"import": 0, "export": 0, "id": "JM"}, {"import": 0, "export": 0, "id": "MS"}, {"import": 0, "export": 0, "id": "KN"}], "import": 191335, "export": 0}, {"date": "2019-05-01", "list": [{"import": 198000, "export": 0, "id": "GY"}, {"import": 47174, "export": 0, "id": "BR"}, {"import": 310, "export": 0, "id": "US"}, {"import": 0, "export": 0, "id": "GB"}, {"import": 0, "export": 0, "id": "TH"}, {"import": 0, "export": 0, "id": "PK"}, {"import": 0, "export": 0, "id": "LC"}, {"import": 0, "export": 0, "id": "AG"}, {"import": 0, "export": 4032, "id": "BB"}, {"import": 0, "export": 22886, "id": "JM"}, {"import": 0, "export": 0, "id": "MS"}, {"import": 0, "export": 0, "id": "KN"}], "import": 245484, "export": 26918}, {"date": "2019-06-01", "list": [{"import": 252418, "export": 0, "id": "GY"}, {"import": 0, "export": 0, "id": "BR"}, {"import": 1881, "export": 0, "id": "US"}, {"import": 134, "export": 0, "id": "GB"}, {"import": 275, "export": 0, "id": "TH"}, {"import": 0, "export": 0, "id": "PK"}, {"import": 0, "export": 0, "id": "LC"}, {"import": 0, "export": 0, "id": "AG"}, {"import": 0, "export": 3782, "id": "BB"}, {"import": 0, "export": 21808, "id": "JM"}, {"import": 0, "export": 0, "id": "MS"}, {"import": 0, "export": 1584, "id": "KN"}], "import": 254708, "export": 27174}, {"date": "2019-07-01", "list": [{"import": 101050, "export": 0, "id": "GY"}, {"import": 47955, "export": 0, "id": "BR"}, {"import": 1181, "export": 0, "id": "US"}, {"import": 0, "export": 0, "id": "GB"}, {"import": 0, "export": 0, "id": "TH"}, {"import": 0, "export": 0, "id": "PK"}, {"import": 0, "export": 0, "id": "LC"}, {"import": 0, "export": 0, "id": "AG"}, {"import": 0, "export": 0, "id": "BB"}, {"import": 0, "export": 0, "id": "JM"}, {"import": 0, "export": 2800, "id": "MS"}, {"import": 0, "export": 0, "id": "KN"}], "import": 150186, "export": 2800}, {"date": "2019-08-01", "list": [{"import": 49500, "export": 0, "id": "GY"}, {"import": 24990, "export": 0, "id": "BR"}, {"import": 334, "export": 0, "id": "US"}, {"import": 831, "export": 0, "id": "GB"}, {"import": 0, "export": 0, "id": "TH"}, {"import": 0, "export": 0, "id": "PK"}, {"import": 0, "export": 22545, "id": "LC"}, {"import": 0, "export": 0, "id": "AG"}, {"import": 0, "export": 0, "id": "BB"}, {"import": 0, "export": 0, "id": "JM"}, {"import": 0, "export": 0, "id": "MS"}, {"import": 0, "export": 0, "id": "KN"}], "import": 75655, "export": 22545}, {"date": "2019-09-01", "list": [{"import": 148500, "export": 0, "id": "GY"}, {"import": 47854, "export": 0, "id": "BR"}, {"import": 3354, "export": 0, "id": "US"}, {"import": 0, "export": 0, "id": "GB"}, {"import": 0, "export": 0, "id": "TH"}, {"import": 0, "export": 0, "id": "PK"}, {"import": 0, "export": 99999, "id": "LC"}, {"import": 0, "export": 0, "id": "AG"}, {"import": 0, "export": 0, "id": "BB"}, {"import": 0, "export": 0, "id": "JM"}, {"import": 0, "export": 0, "id": "MS"}, {"import": 0, "export": 0, "id": "KN"}], "import": 199708, "export": 99999}, {"date": "2019-10-01", "list": [{"import": 514720, "export": 0, "id": "GY"}, {"import": 47854, "export": 0, "id": "BR"}, {"import": 2173, "export": 0, "id": "US"}, {"import": 0, "export": 0, "id": "GB"}, {"import": 0, "export": 0, "id": "TH"}, {"import": 0, "export": 0, "id": "PK"}, {"import": 0, "export": 99999, "id": "LC"}, {"import": 0, "export": 0, "id": "AG"}, {"import": 0, "export": 0, "id": "BB"}, {"import": 0, "export": 0, "id": "JM"}, {"import": 0, "export": 0, "id": "MS"}, {"import": 0, "export": 0, "id": "KN"}], "import": 564747, "export": 99999}, {"date": "2019-11-01", "list": [{"import": 99290, "export": 0, "id": "GY"}, {"import": 0, "export": 0, "id": "BR"}, {"import": 2479, "export": 0, "id": "US"}, {"import": 260, "export": 0, "id": "GB"}, {"import": 257, "export": 0, "id": "TH"}, {"import": 198, "export": 0, "id": "PK"}, {"import": 0, "export": 0, "id": "LC"}, {"import": 0, "export": 0, "id": "AG"}, {"import": 0, "export": 0, "id": "BB"}, {"import": 0, "export": 0, "id": "JM"}, {"import": 0, "export": 0, "id": "MS"}, {"import": 0, "export": 0, "id": "KN"}], "import": 102484, "export": 0}, {"date": "2019-12-01", "list": [{"import": 89040, "export": 0, "id": "GY"}, {"import": 0, "export": 0, "id": "BR"}, {"import": 400, "export": 0, "id": "US"}, {"import": 0, "export": 0, "id": "GB"}, {"import": 0, "export": 0, "id": "TH"}, {"import": 0, "export": 0, "id": "PK"}, {"import": 0, "export": 0, "id": "LC"}, {"import": 0, "export": 0, "id": "AG"}, {"import": 0, "export": 0, "id": "BB"}, {"import": 0, "export": 0, "id": "JM"}, {"import": 0, "export": 0, "id": "MS"}, {"import": 0, "export": 0, "id": "KN"}], "import": 89440, "export": 0}, {"date": "2020-01-01", "list": [{"import": 273800, "export": 0, "id": "GY"}, {"import": 47185, "export": 0, "id": "BR"}, {"import": 2021, "export": 0, "id": "US"}, {"import": 0, "export": 0, "id": "GB"}, {"import": 174, "export": 0, "id": "TH"}, {"import": 0, "export": 0, "id": "PK"}, {"import": 0, "export": 25000, "id": "LC"}, {"import": 0, "export": 0, "id": "AG"}, {"import": 0, "export": 0, "id": "BB"}, {"import": 0, "export": 0, "id": "JM"}, {"import": 0, "export": 0, "id": "MS"}, {"import": 0, "export": 0, "id": "KN"}], "import": 323180, "export": 25000}, {"date": "2020-02-01", "list": [{"import": 199262, "export": 0, "id": "GY"}, {"import": 0, "export": 0, "id": "BR"}, {"import": 264, "export": 0, "id": "US"}, {"import": 0, "export": 0, "id": "GB"}, {"import": 0, "export": 0, "id": "TH"}, {"import": 0, "export": 0, "id": "PK"}, {"import": 0, "export": 0, "id": "LC"}, {"import": 0, "export": 0, "id": "AG"}, {"import": 0, "export": 0, "id": "BB"}, {"import": 0, "export": 0, "id": "JM"}, {"import": 0, "export": 0, "id": "MS"}, {"import": 0, "export": 0, "id": "KN"}], "import": 199526, "export": 0}, {"date": "2020-03-01", "list": [{"import": 151630, "export": 0, "id": "GY"}, {"import": 47173, "export": 0, "id": "BR"}, {"import": 2357, "export": 0, "id": "US"}, {"import": 236, "export": 0, "id": "GB"}, {"import": 174, "export": 0, "id": "TH"}, {"import": 0, "export": 0, "id": "PK"}, {"import": 0, "export": 49999, "id": "LC"}, {"import": 0, "export": 0, "id": "AG"}, {"import": 0, "export": 0, "id": "BB"}, {"import": 0, "export": 0, "id": "JM"}, {"import": 0, "export": 0, "id": "MS"}, {"import": 0, "export": 0, "id": "KN"}], "import": 201570, "export": 49999}]