[{"date": "2019-01-01", "list": [{"import": 30, "export": 0, "id": "GY"}, {"import": 0, "export": 250000, "id": "PT"}], "import": 30, "export": 250000}, {"date": "2019-04-01", "list": [{"import": 3000, "export": 0, "id": "GY"}, {"import": 0, "export": 199960, "id": "FR"}], "import": 3000, "export": 199960}, {"date": "2019-11-01", "list": [{"import": 3000, "export": 0, "id": "GY"}, {"import": 0, "export": 307460, "id": "FR"}, {"import": 0, "export": 1740460, "id": "PT"}], "import": 3000, "export": 2047920}, {"date": "2019-02-01", "list": [{"import": 0, "export": 399960, "id": "FR"}], "import": 0, "export": 399960}, {"date": "2019-03-01", "list": [{"import": 0, "export": 307460, "id": "FR"}, {"import": 0, "export": 24300, "id": "BB"}], "import": 0, "export": 331760}, {"date": "2019-06-01", "list": [{"import": 0, "export": 307460, "id": "FR"}, {"import": 0, "export": 6063404, "id": "PT"}], "import": 0, "export": 6370864}, {"date": "2019-07-01", "list": [{"import": 0, "export": 199980, "id": "FR"}], "import": 0, "export": 199980}, {"date": "2019-08-01", "list": [{"import": 0, "export": 307460, "id": "FR"}], "import": 0, "export": 307460}, {"date": "2019-09-01", "list": [{"import": 0, "export": 199900, "id": "FR"}, {"import": 0, "export": 3294231, "id": "NL"}, {"import": 0, "export": 6153658, "id": "PT"}], "import": 0, "export": 9647789}, {"date": "2019-10-01", "list": [{"import": 0, "export": 199980, "id": "FR"}, {"import": 0, "export": 1450000, "id": "PT"}], "import": 0, "export": 1649980}, {"date": "2019-12-01", "list": [{"import": 0, "export": 199980, "id": "FR"}, {"import": 0, "export": 1760420, "id": "PT"}], "import": 0, "export": 1960400}, {"date": "2020-02-01", "list": [{"import": 0, "export": 307500, "id": "FR"}], "import": 0, "export": 307500}, {"date": "2020-03-01", "list": [{"import": 0, "export": 199960, "id": "FR"}], "import": 0, "export": 199960}, {"date": "2020-04-01", "list": [{"import": 0, "export": 707420, "id": "FR"}], "import": 0, "export": 707420}, {"date": "2020-05-01", "list": [{"import": 0, "export": 307460, "id": "FR"}], "import": 0, "export": 307460}, {"date": "2020-06-01", "list": [{"import": 0, "export": 407460, "id": "FR"}, {"import": 0, "export": 3454478, "id": "PT"}], "import": 0, "export": 3861938}, {"date": "2020-07-01", "list": [{"import": 0, "export": 199980, "id": "FR"}], "import": 0, "export": 199980}, {"date": "2020-08-01", "list": [{"import": 0, "export": 307440, "id": "FR"}], "import": 0, "export": 307440}, {"date": "2020-01-01", "list": [{"import": 0, "export": 5048191, "id": "PT"}], "import": 0, "export": 5048191}]