[{"date": "2008-08-01", "list": [{"import": 1219459, "export": 0, "id": "GY"}, {"import": 177406, "export": 0, "id": "US"}, {"import": 0, "export": 0, "id": "SR"}, {"import": 0, "export": 0, "id": "CN"}, {"import": 0, "export": 0, "id": "IN"}, {"import": 0, "export": 0, "id": "BR"}, {"import": 39358, "export": 0, "id": "TH"}, {"import": 0, "export": 0, "id": "-"}, {"import": 0, "export": 0, "id": "CA"}, {"import": 0, "export": 0, "id": "VG"}, {"import": 0, "export": 0, "id": "GB"}, {"import": 0, "export": 0, "id": "JM"}, {"import": 0, "export": 0, "id": "AW"}, {"import": 0, "export": 0, "id": "PK"}, {"import": 0, "export": 0, "id": "PY"}, {"import": 0, "export": 0, "id": "KN"}, {"import": 0, "export": 0, "id": "VC"}, {"import": 0, "export": 22745, "id": "DM"}, {"import": 0, "export": 0, "id": "FR"}, {"import": 0, "export": 403, "id": "GD"}, {"import": 0, "export": 22000, "id": "AG"}, {"import": 0, "export": 0, "id": "BS"}, {"import": 0, "export": 0, "id": "BB"}], "import": 1436223, "export": 48987}, {"date": "2008-09-01", "list": [{"import": 825634, "export": 0, "id": "GY"}, {"import": 22466, "export": 0, "id": "US"}, {"import": 0, "export": 0, "id": "SR"}, {"import": 0, "export": 0, "id": "CN"}, {"import": 41574, "export": 0, "id": "IN"}, {"import": 537105, "export": 0, "id": "BR"}, {"import": 20667, "export": 0, "id": "TH"}, {"import": 0, "export": 0, "id": "-"}, {"import": 0, "export": 0, "id": "CA"}, {"import": 0, "export": 0, "id": "VG"}, {"import": 99, "export": 0, "id": "GB"}, {"import": 0, "export": 0, "id": "JM"}, {"import": 0, "export": 0, "id": "AW"}, {"import": 0, "export": 0, "id": "PK"}, {"import": 0, "export": 0, "id": "PY"}, {"import": 0, "export": 0, "id": "KN"}, {"import": 0, "export": 0, "id": "VC"}, {"import": 0, "export": 0, "id": "DM"}, {"import": 0, "export": 0, "id": "FR"}, {"import": 0, "export": 610, "id": "GD"}, {"import": 0, "export": 62650, "id": "AG"}, {"import": 0, "export": 0, "id": "BS"}, {"import": 0, "export": 2191, "id": "BB"}], "import": 1447545, "export": 67941}, {"date": "2008-10-01", "list": [{"import": 975696, "export": 20552, "id": "GY"}, {"import": 19638, "export": 427, "id": "US"}, {"import": 0, "export": 0, "id": "SR"}, {"import": 0, "export": 0, "id": "CN"}, {"import": 2409, "export": 0, "id": "IN"}, {"import": 1846612, "export": 0, "id": "BR"}, {"import": 0, "export": 0, "id": "TH"}, {"import": 0, "export": 0, "id": "-"}, {"import": 0, "export": 0, "id": "CA"}, {"import": 0, "export": 0, "id": "VG"}, {"import": 0, "export": 0, "id": "GB"}, {"import": 0, "export": 1289, "id": "JM"}, {"import": 0, "export": 788, "id": "AW"}, {"import": 0, "export": 0, "id": "PK"}, {"import": 114649, "export": 0, "id": "PY"}, {"import": 0, "export": 0, "id": "KN"}, {"import": 0, "export": 0, "id": "VC"}, {"import": 0, "export": 24296, "id": "DM"}, {"import": 0, "export": 47250, "id": "FR"}, {"import": 0, "export": 940, "id": "GD"}, {"import": 0, "export": 38100, "id": "AG"}, {"import": 0, "export": 0, "id": "BS"}, {"import": 0, "export": 0, "id": "BB"}], "import": 2997704, "export": 136186}, {"date": "2008-11-01", "list": [{"import": 974079, "export": 30800, "id": "GY"}, {"import": 8163, "export": 0, "id": "US"}, {"import": 0, "export": 0, "id": "SR"}, {"import": 2145, "export": 0, "id": "CN"}, {"import": 0, "export": 0, "id": "IN"}, {"import": 1236561, "export": 0, "id": "BR"}, {"import": 82702, "export": 0, "id": "TH"}, {"import": 0, "export": 0, "id": "-"}, {"import": 0, "export": 0, "id": "CA"}, {"import": 0, "export": 0, "id": "VG"}, {"import": 188, "export": 0, "id": "GB"}, {"import": 0, "export": 2766, "id": "JM"}, {"import": 0, "export": 0, "id": "AW"}, {"import": 0, "export": 0, "id": "PK"}, {"import": 0, "export": 0, "id": "PY"}, {"import": 0, "export": 0, "id": "KN"}, {"import": 0, "export": 6402, "id": "VC"}, {"import": 0, "export": 0, "id": "DM"}, {"import": 0, "export": 0, "id": "FR"}, {"import": 0, "export": 8862, "id": "GD"}, {"import": 0, "export": 46215, "id": "AG"}, {"import": 0, "export": 0, "id": "BS"}, {"import": 0, "export": 1688, "id": "BB"}], "import": 2303838, "export": 98393}, {"date": "2008-12-01", "list": [{"import": 655800, "export": 0, "id": "GY"}, {"import": 12027, "export": 0, "id": "US"}, {"import": 0, "export": 0, "id": "SR"}, {"import": 6, "export": 0, "id": "CN"}, {"import": 0, "export": 0, "id": "IN"}, {"import": 672088, "export": 0, "id": "BR"}, {"import": 0, "export": 0, "id": "TH"}, {"import": 0, "export": 0, "id": "-"}, {"import": 0, "export": 0, "id": "CA"}, {"import": 0, "export": 0, "id": "VG"}, {"import": 0, "export": 0, "id": "GB"}, {"import": 0, "export": 0, "id": "JM"}, {"import": 0, "export": 0, "id": "AW"}, {"import": 0, "export": 0, "id": "PK"}, {"import": 0, "export": 0, "id": "PY"}, {"import": 0, "export": 0, "id": "KN"}, {"import": 0, "export": 0, "id": "VC"}, {"import": 0, "export": 0, "id": "DM"}, {"import": 0, "export": 47250, "id": "FR"}, {"import": 0, "export": 686, "id": "GD"}, {"import": 0, "export": 46950, "id": "AG"}, {"import": 0, "export": 0, "id": "BS"}, {"import": 0, "export": 2264, "id": "BB"}], "import": 1339921, "export": 99722}, {"date": "2009-01-01", "list": [{"import": 306321, "export": 0, "id": "GY"}, {"import": 21381, "export": 0, "id": "US"}, {"import": 97907, "export": 0, "id": "SR"}, {"import": 4391, "export": 0, "id": "CN"}, {"import": 0, "export": 0, "id": "IN"}, {"import": 399299, "export": 0, "id": "BR"}, {"import": 46577, "export": 0, "id": "TH"}, {"import": 0, "export": 0, "id": "-"}, {"import": 0, "export": 0, "id": "CA"}, {"import": 0, "export": 0, "id": "VG"}, {"import": 0, "export": 0, "id": "GB"}, {"import": 0, "export": 0, "id": "JM"}, {"import": 0, "export": 1280, "id": "AW"}, {"import": 0, "export": 0, "id": "PK"}, {"import": 0, "export": 0, "id": "PY"}, {"import": 0, "export": 0, "id": "KN"}, {"import": 0, "export": 0, "id": "VC"}, {"import": 0, "export": 0, "id": "DM"}, {"import": 0, "export": 23625, "id": "FR"}, {"import": 0, "export": 672, "id": "GD"}, {"import": 0, "export": 23400, "id": "AG"}, {"import": 0, "export": 0, "id": "BS"}, {"import": 0, "export": 0, "id": "BB"}], "import": 875876, "export": 51332}, {"date": "2009-02-01", "list": [{"import": 430933, "export": 0, "id": "GY"}, {"import": 1771, "export": 0, "id": "US"}, {"import": 45836, "export": 0, "id": "SR"}, {"import": 0, "export": 0, "id": "CN"}, {"import": 25000, "export": 0, "id": "IN"}, {"import": 598560, "export": 0, "id": "BR"}, {"import": 20396, "export": 0, "id": "TH"}, {"import": 0, "export": 0, "id": "-"}, {"import": 0, "export": 0, "id": "CA"}, {"import": 0, "export": 0, "id": "VG"}, {"import": 0, "export": 0, "id": "GB"}, {"import": 0, "export": 449, "id": "JM"}, {"import": 0, "export": 536, "id": "AW"}, {"import": 0, "export": 0, "id": "PK"}, {"import": 0, "export": 0, "id": "PY"}, {"import": 0, "export": 0, "id": "KN"}, {"import": 0, "export": 0, "id": "VC"}, {"import": 0, "export": 0, "id": "DM"}, {"import": 0, "export": 0, "id": "FR"}, {"import": 0, "export": 518, "id": "GD"}, {"import": 0, "export": 40150, "id": "AG"}, {"import": 0, "export": 0, "id": "BS"}, {"import": 0, "export": 34200, "id": "BB"}], "import": 1122496, "export": 78508}, {"date": "2009-03-01", "list": [{"import": 1096980, "export": 0, "id": "GY"}, {"import": 4392, "export": 0, "id": "US"}, {"import": 46593, "export": 0, "id": "SR"}, {"import": 0, "export": 0, "id": "CN"}, {"import": 19883, "export": 0, "id": "IN"}, {"import": 14972274, "export": 0, "id": "BR"}, {"import": 18430, "export": 0, "id": "TH"}, {"import": 0, "export": 0, "id": "-"}, {"import": 0, "export": 0, "id": "CA"}, {"import": 0, "export": 0, "id": "VG"}, {"import": 0, "export": 0, "id": "GB"}, {"import": 0, "export": 2389, "id": "JM"}, {"import": 0, "export": 1924, "id": "AW"}, {"import": 0, "export": 0, "id": "PK"}, {"import": 46500, "export": 0, "id": "PY"}, {"import": 0, "export": 5000, "id": "KN"}, {"import": 0, "export": 0, "id": "VC"}, {"import": 0, "export": 2023, "id": "DM"}, {"import": 0, "export": 47250, "id": "FR"}, {"import": 0, "export": 828, "id": "GD"}, {"import": 0, "export": 23575, "id": "AG"}, {"import": 0, "export": 0, "id": "BS"}, {"import": 0, "export": 0, "id": "BB"}], "import": 16205052, "export": 83989}, {"date": "2009-04-01", "list": [{"import": 1208853, "export": 0, "id": "GY"}, {"import": 5860, "export": 0, "id": "US"}, {"import": 46593, "export": 0, "id": "SR"}, {"import": 0, "export": 0, "id": "CN"}, {"import": 0, "export": 0, "id": "IN"}, {"import": 637700, "export": 0, "id": "BR"}, {"import": 19906, "export": 0, "id": "TH"}, {"import": 0, "export": 0, "id": "-"}, {"import": 108, "export": 0, "id": "CA"}, {"import": 0, "export": 0, "id": "VG"}, {"import": 0, "export": 0, "id": "GB"}, {"import": 0, "export": 666, "id": "JM"}, {"import": 0, "export": 0, "id": "AW"}, {"import": 0, "export": 0, "id": "PK"}, {"import": 0, "export": 0, "id": "PY"}, {"import": 0, "export": 0, "id": "KN"}, {"import": 0, "export": 0, "id": "VC"}, {"import": 0, "export": 0, "id": "DM"}, {"import": 0, "export": 0, "id": "FR"}, {"import": 0, "export": 669, "id": "GD"}, {"import": 0, "export": 15050, "id": "AG"}, {"import": 0, "export": 0, "id": "BS"}, {"import": 0, "export": 0, "id": "BB"}], "import": 1938370, "export": 18110}, {"date": "2009-05-01", "list": [{"import": 779082, "export": 0, "id": "GY"}, {"import": 3587, "export": 0, "id": "US"}, {"import": 46593, "export": 0, "id": "SR"}, {"import": 0, "export": 0, "id": "CN"}, {"import": 25544, "export": 0, "id": "IN"}, {"import": 638490, "export": 0, "id": "BR"}, {"import": 0, "export": 0, "id": "TH"}, {"import": 0, "export": 0, "id": "-"}, {"import": 0, "export": 0, "id": "CA"}, {"import": 0, "export": 0, "id": "VG"}, {"import": 0, "export": 0, "id": "GB"}, {"import": 0, "export": 1262, "id": "JM"}, {"import": 0, "export": 1437, "id": "AW"}, {"import": 993, "export": 0, "id": "PK"}, {"import": 0, "export": 0, "id": "PY"}, {"import": 0, "export": 0, "id": "KN"}, {"import": 0, "export": 0, "id": "VC"}, {"import": 0, "export": 0, "id": "DM"}, {"import": 0, "export": 0, "id": "FR"}, {"import": 0, "export": 995, "id": "GD"}, {"import": 0, "export": 23575, "id": "AG"}, {"import": 0, "export": 0, "id": "BS"}, {"import": 0, "export": 0, "id": "BB"}], "import": 1494289, "export": 29764}, {"date": "2009-06-01", "list": [{"import": 1424371, "export": 24019, "id": "GY"}, {"import": 4575, "export": 0, "id": "US"}, {"import": 46500, "export": 0, "id": "SR"}, {"import": 944, "export": 0, "id": "CN"}, {"import": 0, "export": 0, "id": "IN"}, {"import": 1330380, "export": 0, "id": "BR"}, {"import": 38831, "export": 0, "id": "TH"}, {"import": 0, "export": 0, "id": "-"}, {"import": 0, "export": 0, "id": "CA"}, {"import": 0, "export": 455, "id": "VG"}, {"import": 127, "export": 0, "id": "GB"}, {"import": 0, "export": 26608, "id": "JM"}, {"import": 0, "export": 1088, "id": "AW"}, {"import": 0, "export": 0, "id": "PK"}, {"import": 116250, "export": 0, "id": "PY"}, {"import": 0, "export": 0, "id": "KN"}, {"import": 0, "export": 214, "id": "VC"}, {"import": 0, "export": 0, "id": "DM"}, {"import": 0, "export": 0, "id": "FR"}, {"import": 0, "export": 570, "id": "GD"}, {"import": 0, "export": 39800, "id": "AG"}, {"import": 0, "export": 0, "id": "BS"}, {"import": 0, "export": 0, "id": "BB"}], "import": 2981328, "export": 94699}, {"date": "2009-07-01", "list": [{"import": 1366918, "export": 0, "id": "GY"}, {"import": 8590, "export": 0, "id": "US"}, {"import": 46593, "export": 0, "id": "SR"}, {"import": 0, "export": 0, "id": "CN"}, {"import": 19530, "export": 0, "id": "IN"}, {"import": 265555, "export": 0, "id": "BR"}, {"import": 39965, "export": 0, "id": "TH"}, {"import": 0, "export": 0, "id": "-"}, {"import": 0, "export": 0, "id": "CA"}, {"import": 0, "export": 147, "id": "VG"}, {"import": 0, "export": 0, "id": "GB"}, {"import": 0, "export": 507, "id": "JM"}, {"import": 0, "export": 1091, "id": "AW"}, {"import": 20005, "export": 0, "id": "PK"}, {"import": 100920, "export": 0, "id": "PY"}, {"import": 0, "export": 0, "id": "KN"}, {"import": 0, "export": 0, "id": "VC"}, {"import": 0, "export": 0, "id": "DM"}, {"import": 0, "export": 0, "id": "FR"}, {"import": 0, "export": 662, "id": "GD"}, {"import": 0, "export": 42125, "id": "AG"}, {"import": 0, "export": 0, "id": "BS"}, {"import": 0, "export": 255, "id": "BB"}], "import": 1868076, "export": 46627}, {"date": "2009-08-01", "list": [{"import": 968279, "export": 39601, "id": "GY"}, {"import": 6471, "export": 0, "id": "US"}, {"import": 46593, "export": 0, "id": "SR"}, {"import": 0, "export": 0, "id": "CN"}, {"import": 1242, "export": 0, "id": "IN"}, {"import": 238275, "export": 0, "id": "BR"}, {"import": 685, "export": 0, "id": "TH"}, {"import": 0, "export": 0, "id": "-"}, {"import": 0, "export": 0, "id": "CA"}, {"import": 0, "export": 0, "id": "VG"}, {"import": 0, "export": 0, "id": "GB"}, {"import": 0, "export": 38838, "id": "JM"}, {"import": 0, "export": 375, "id": "AW"}, {"import": 0, "export": 0, "id": "PK"}, {"import": 24780, "export": 0, "id": "PY"}, {"import": 0, "export": 0, "id": "KN"}, {"import": 0, "export": 0, "id": "VC"}, {"import": 0, "export": 0, "id": "DM"}, {"import": 0, "export": 0, "id": "FR"}, {"import": 0, "export": 461, "id": "GD"}, {"import": 0, "export": 36450, "id": "AG"}, {"import": 0, "export": 0, "id": "BS"}, {"import": 0, "export": 778, "id": "BB"}], "import": 1306125, "export": 120098}, {"date": "2009-09-01", "list": [{"import": 2063358, "export": 0, "id": "GY"}, {"import": 8770, "export": 0, "id": "US"}, {"import": 31880, "export": 0, "id": "SR"}, {"import": 0, "export": 0, "id": "CN"}, {"import": 0, "export": 0, "id": "IN"}, {"import": 626755, "export": 0, "id": "BR"}, {"import": 0, "export": 0, "id": "TH"}, {"import": 0, "export": 0, "id": "-"}, {"import": 0, "export": 0, "id": "CA"}, {"import": 0, "export": 0, "id": "VG"}, {"import": 0, "export": 0, "id": "GB"}, {"import": 0, "export": 24308, "id": "JM"}, {"import": 0, "export": 378, "id": "AW"}, {"import": 0, "export": 0, "id": "PK"}, {"import": 0, "export": 0, "id": "PY"}, {"import": 0, "export": 0, "id": "KN"}, {"import": 0, "export": 0, "id": "VC"}, {"import": 0, "export": 0, "id": "DM"}, {"import": 0, "export": 0, "id": "FR"}, {"import": 0, "export": 1550, "id": "GD"}, {"import": 0, "export": 0, "id": "AG"}, {"import": 0, "export": 0, "id": "BS"}, {"import": 0, "export": 1056, "id": "BB"}], "import": 2730763, "export": 30859}, {"date": "2009-10-01", "list": [{"import": 1275659, "export": 24000, "id": "GY"}, {"import": 7734, "export": 0, "id": "US"}, {"import": 69890, "export": 0, "id": "SR"}, {"import": 0, "export": 0, "id": "CN"}, {"import": 14893, "export": 0, "id": "IN"}, {"import": 1082520, "export": 0, "id": "BR"}, {"import": 128989, "export": 0, "id": "TH"}, {"import": 0, "export": 0, "id": "-"}, {"import": 0, "export": 0, "id": "CA"}, {"import": 0, "export": 0, "id": "VG"}, {"import": 0, "export": 0, "id": "GB"}, {"import": 0, "export": 266, "id": "JM"}, {"import": 0, "export": 1044, "id": "AW"}, {"import": 0, "export": 0, "id": "PK"}, {"import": 0, "export": 0, "id": "PY"}, {"import": 0, "export": 0, "id": "KN"}, {"import": 0, "export": 0, "id": "VC"}, {"import": 0, "export": 0, "id": "DM"}, {"import": 0, "export": 0, "id": "FR"}, {"import": 0, "export": 642, "id": "GD"}, {"import": 0, "export": 0, "id": "AG"}, {"import": 0, "export": 0, "id": "BS"}, {"import": 0, "export": 0, "id": "BB"}], "import": 2579685, "export": 27941}, {"date": "2009-11-01", "list": [{"import": 842611, "export": 0, "id": "GY"}, {"import": 18915, "export": 0, "id": "US"}, {"import": 0, "export": 0, "id": "SR"}, {"import": 0, "export": 0, "id": "CN"}, {"import": 11985, "export": 0, "id": "IN"}, {"import": 188587, "export": 0, "id": "BR"}, {"import": 58829, "export": 0, "id": "TH"}, {"import": 0, "export": 0, "id": "-"}, {"import": 0, "export": 0, "id": "CA"}, {"import": 0, "export": 1100, "id": "VG"}, {"import": 0, "export": 0, "id": "GB"}, {"import": 0, "export": 3211, "id": "JM"}, {"import": 0, "export": 415, "id": "AW"}, {"import": 0, "export": 0, "id": "PK"}, {"import": 240000, "export": 0, "id": "PY"}, {"import": 0, "export": 0, "id": "KN"}, {"import": 0, "export": 1633, "id": "VC"}, {"import": 0, "export": 0, "id": "DM"}, {"import": 0, "export": 0, "id": "FR"}, {"import": 0, "export": 283, "id": "GD"}, {"import": 0, "export": 40650, "id": "AG"}, {"import": 0, "export": 0, "id": "BS"}, {"import": 0, "export": 367, "id": "BB"}], "import": 1380727, "export": 50635}, {"date": "2009-12-01", "list": [{"import": 1593970, "export": 0, "id": "GY"}, {"import": 6373, "export": 0, "id": "US"}, {"import": 0, "export": 20727, "id": "SR"}, {"import": 0, "export": 0, "id": "CN"}, {"import": 64060, "export": 0, "id": "IN"}, {"import": 908418, "export": 0, "id": "BR"}, {"import": 62391, "export": 0, "id": "TH"}, {"import": 0, "export": 0, "id": "-"}, {"import": 0, "export": 0, "id": "CA"}, {"import": 0, "export": 0, "id": "VG"}, {"import": 0, "export": 0, "id": "GB"}, {"import": 0, "export": 493, "id": "JM"}, {"import": 0, "export": 0, "id": "AW"}, {"import": 0, "export": 0, "id": "PK"}, {"import": 244560, "export": 0, "id": "PY"}, {"import": 0, "export": 0, "id": "KN"}, {"import": 0, "export": 0, "id": "VC"}, {"import": 0, "export": 0, "id": "DM"}, {"import": 0, "export": 0, "id": "FR"}, {"import": 0, "export": 1180, "id": "GD"}, {"import": 0, "export": 0, "id": "AG"}, {"import": 0, "export": 0, "id": "BS"}, {"import": 0, "export": 730, "id": "BB"}], "import": 2879772, "export": 26353}, {"date": "2010-01-01", "list": [{"import": 747118, "export": 0, "id": "GY"}, {"import": 4173, "export": 0, "id": "US"}, {"import": 46593, "export": 0, "id": "SR"}, {"import": 0, "export": 0, "id": "CN"}, {"import": 0, "export": 0, "id": "IN"}, {"import": 0, "export": 0, "id": "BR"}, {"import": 81338, "export": 0, "id": "TH"}, {"import": 0, "export": 0, "id": "-"}, {"import": 0, "export": 0, "id": "CA"}, {"import": 0, "export": 0, "id": "VG"}, {"import": 0, "export": 0, "id": "GB"}, {"import": 0, "export": 22513, "id": "JM"}, {"import": 0, "export": 0, "id": "AW"}, {"import": 0, "export": 0, "id": "PK"}, {"import": 0, "export": 0, "id": "PY"}, {"import": 0, "export": 0, "id": "KN"}, {"import": 0, "export": 0, "id": "VC"}, {"import": 0, "export": 0, "id": "DM"}, {"import": 0, "export": 0, "id": "FR"}, {"import": 0, "export": 1371, "id": "GD"}, {"import": 0, "export": 16250, "id": "AG"}, {"import": 0, "export": 0, "id": "BS"}, {"import": 0, "export": 0, "id": "BB"}], "import": 879559, "export": 42970}, {"date": "2010-02-01", "list": [{"import": 977938, "export": 83702, "id": "GY"}, {"import": 103106, "export": 0, "id": "US"}, {"import": 46593, "export": 0, "id": "SR"}, {"import": 0, "export": 0, "id": "CN"}, {"import": 0, "export": 0, "id": "IN"}, {"import": 45397, "export": 0, "id": "BR"}, {"import": 0, "export": 0, "id": "TH"}, {"import": 0, "export": 0, "id": "-"}, {"import": 0, "export": 0, "id": "CA"}, {"import": 0, "export": 0, "id": "VG"}, {"import": 0, "export": 0, "id": "GB"}, {"import": 0, "export": 28195, "id": "JM"}, {"import": 0, "export": 475, "id": "AW"}, {"import": 0, "export": 0, "id": "PK"}, {"import": 0, "export": 0, "id": "PY"}, {"import": 0, "export": 0, "id": "KN"}, {"import": 0, "export": 0, "id": "VC"}, {"import": 0, "export": 0, "id": "DM"}, {"import": 0, "export": 0, "id": "FR"}, {"import": 0, "export": 390, "id": "GD"}, {"import": 0, "export": 0, "id": "AG"}, {"import": 0, "export": 0, "id": "BS"}, {"import": 0, "export": 1281, "id": "BB"}], "import": 1173034, "export": 116633}, {"date": "2010-03-01", "list": [{"import": 1913202, "export": 88722, "id": "GY"}, {"import": 415988, "export": 0, "id": "US"}, {"import": 46593, "export": 0, "id": "SR"}, {"import": 19356, "export": 0, "id": "CN"}, {"import": 15472, "export": 0, "id": "IN"}, {"import": 12044, "export": 0, "id": "BR"}, {"import": 11856, "export": 0, "id": "TH"}, {"import": 0, "export": 0, "id": "-"}, {"import": 1325, "export": 0, "id": "CA"}, {"import": 0, "export": 0, "id": "VG"}, {"import": 0, "export": 0, "id": "GB"}, {"import": 0, "export": 1029, "id": "JM"}, {"import": 0, "export": 722, "id": "AW"}, {"import": 0, "export": 0, "id": "PK"}, {"import": 0, "export": 0, "id": "PY"}, {"import": 0, "export": 0, "id": "KN"}, {"import": 0, "export": 0, "id": "VC"}, {"import": 0, "export": 0, "id": "DM"}, {"import": 0, "export": 0, "id": "FR"}, {"import": 0, "export": 537, "id": "GD"}, {"import": 0, "export": 23400, "id": "AG"}, {"import": 0, "export": 24000, "id": "BS"}, {"import": 0, "export": 0, "id": "BB"}], "import": 2441245, "export": 139790}]