[{"date": "2005-05-01", "list": [{"import": 0, "export": 0, "id": "AU"}, {"import": 0, "export": 0, "id": "TH"}, {"import": 0, "export": 0, "id": "GB"}, {"import": 0, "export": 0, "id": "US"}], "import": 0, "export": 0}, {"date": "2005-06-01", "list": [{"import": 0, "export": 0, "id": "AU"}, {"import": 0, "export": 0, "id": "TH"}, {"import": 0, "export": 0, "id": "GB"}, {"import": 0, "export": 0, "id": "US"}], "import": 0, "export": 0}, {"date": "2005-07-01", "list": [{"import": 0, "export": 0, "id": "AU"}, {"import": 0, "export": 0, "id": "TH"}, {"import": 0, "export": 0, "id": "GB"}, {"import": 0, "export": 0, "id": "US"}], "import": 0, "export": 0}, {"date": "2005-08-01", "list": [{"import": 0, "export": 0, "id": "AU"}, {"import": 0, "export": 0, "id": "TH"}, {"import": 381, "export": 0, "id": "GB"}, {"import": 0, "export": 0, "id": "US"}], "import": 381, "export": 0}, {"date": "2005-09-01", "list": [{"import": 0, "export": 0, "id": "AU"}, {"import": 0, "export": 0, "id": "TH"}, {"import": 0, "export": 0, "id": "GB"}, {"import": 434, "export": 0, "id": "US"}], "import": 434, "export": 0}, {"date": "2005-10-01", "list": [{"import": 0, "export": 0, "id": "AU"}, {"import": 0, "export": 0, "id": "TH"}, {"import": 0, "export": 0, "id": "GB"}, {"import": 0, "export": 0, "id": "US"}], "import": 0, "export": 0}, {"date": "2005-11-01", "list": [{"import": 0, "export": 0, "id": "AU"}, {"import": 23000, "export": 0, "id": "TH"}, {"import": 0, "export": 0, "id": "GB"}, {"import": 0, "export": 0, "id": "US"}], "import": 23000, "export": 0}, {"date": "2005-12-01", "list": [{"import": 0, "export": 0, "id": "AU"}, {"import": 0, "export": 0, "id": "TH"}, {"import": 0, "export": 0, "id": "GB"}, {"import": 0, "export": 0, "id": "US"}], "import": 0, "export": 0}, {"date": "2006-01-01", "list": [{"import": 0, "export": 0, "id": "AU"}, {"import": 0, "export": 0, "id": "TH"}, {"import": 0, "export": 0, "id": "GB"}, {"import": 0, "export": 0, "id": "US"}], "import": 0, "export": 0}, {"date": "2006-02-01", "list": [{"import": 0, "export": 0, "id": "AU"}, {"import": 0, "export": 0, "id": "TH"}, {"import": 0, "export": 0, "id": "GB"}, {"import": 0, "export": 0, "id": "US"}], "import": 0, "export": 0}, {"date": "2006-03-01", "list": [{"import": 0, "export": 0, "id": "AU"}, {"import": 0, "export": 0, "id": "TH"}, {"import": 0, "export": 0, "id": "GB"}, {"import": 0, "export": 0, "id": "US"}], "import": 0, "export": 0}, {"date": "2006-04-01", "list": [{"import": 0, "export": 0, "id": "AU"}, {"import": 0, "export": 0, "id": "TH"}, {"import": 0, "export": 0, "id": "GB"}, {"import": 0, "export": 0, "id": "US"}], "import": 0, "export": 0}, {"date": "2006-05-01", "list": [{"import": 0, "export": 0, "id": "AU"}, {"import": 0, "export": 0, "id": "TH"}, {"import": 0, "export": 0, "id": "GB"}, {"import": 0, "export": 0, "id": "US"}], "import": 0, "export": 0}, {"date": "2006-06-01", "list": [{"import": 1815, "export": 0, "id": "AU"}, {"import": 0, "export": 0, "id": "TH"}, {"import": 0, "export": 0, "id": "GB"}, {"import": 0, "export": 0, "id": "US"}], "import": 1815, "export": 0}, {"date": "2006-07-01", "list": [{"import": 0, "export": 0, "id": "AU"}, {"import": 0, "export": 0, "id": "TH"}, {"import": 0, "export": 0, "id": "GB"}, {"import": 0, "export": 0, "id": "US"}], "import": 0, "export": 0}, {"date": "2006-08-01", "list": [{"import": 0, "export": 0, "id": "AU"}, {"import": 0, "export": 0, "id": "TH"}, {"import": 198, "export": 0, "id": "GB"}, {"import": 0, "export": 0, "id": "US"}], "import": 198, "export": 0}, {"date": "2006-09-01", "list": [{"import": 0, "export": 0, "id": "AU"}, {"import": 0, "export": 0, "id": "TH"}, {"import": 0, "export": 0, "id": "GB"}, {"import": 0, "export": 0, "id": "US"}], "import": 0, "export": 0}, {"date": "2006-10-01", "list": [{"import": 0, "export": 0, "id": "AU"}, {"import": 0, "export": 0, "id": "TH"}, {"import": 0, "export": 0, "id": "GB"}, {"import": 0, "export": 0, "id": "US"}], "import": 0, "export": 0}]