[{"date": "2016-05-01", "list": [{"import": 5500, "export": 0, "id": "LK"}, {"import": 0, "export": 0, "id": "FR"}, {"import": 3750, "export": 0, "id": "IT"}, {"import": 0, "export": 0, "id": "PH"}, {"import": 0, "export": 0, "id": "IN"}, {"import": 0, "export": 0, "id": "VN"}, {"import": 2250, "export": 0, "id": "ES"}, {"import": 0, "export": 0, "id": "TH"}, {"import": 770, "export": 0, "id": "US"}, {"import": 0, "export": 22570, "id": "TR"}, {"import": 0, "export": 0, "id": "SA"}, {"import": 0, "export": 5331, "id": "EG"}, {"import": 0, "export": 0, "id": "IR"}, {"import": 0, "export": 0, "id": "MR"}, {"import": 0, "export": 0, "id": "QA"}], "import": 12270, "export": 27901}, {"date": "2016-06-01", "list": [{"import": 3000, "export": 0, "id": "LK"}, {"import": 1875, "export": 0, "id": "FR"}, {"import": 0, "export": 0, "id": "IT"}, {"import": 0, "export": 0, "id": "PH"}, {"import": 75000, "export": 0, "id": "IN"}, {"import": 0, "export": 0, "id": "VN"}, {"import": 0, "export": 0, "id": "ES"}, {"import": 20268, "export": 0, "id": "TH"}, {"import": 628, "export": 0, "id": "US"}, {"import": 0, "export": 6277, "id": "TR"}, {"import": 0, "export": 42000, "id": "SA"}, {"import": 0, "export": 0, "id": "EG"}, {"import": 0, "export": 0, "id": "IR"}, {"import": 0, "export": 0, "id": "MR"}, {"import": 0, "export": 0, "id": "QA"}], "import": 100771, "export": 48277}, {"date": "2016-07-01", "list": [{"import": 9000, "export": 0, "id": "LK"}, {"import": 0, "export": 0, "id": "FR"}, {"import": 1500, "export": 0, "id": "IT"}, {"import": 0, "export": 0, "id": "PH"}, {"import": 0, "export": 0, "id": "IN"}, {"import": 0, "export": 0, "id": "VN"}, {"import": 0, "export": 0, "id": "ES"}, {"import": 0, "export": 0, "id": "TH"}, {"import": 0, "export": 0, "id": "US"}, {"import": 0, "export": 1596, "id": "TR"}, {"import": 0, "export": 993, "id": "SA"}, {"import": 0, "export": 0, "id": "EG"}, {"import": 0, "export": 0, "id": "IR"}, {"import": 0, "export": 0, "id": "MR"}, {"import": 0, "export": 0, "id": "QA"}], "import": 10500, "export": 2589}, {"date": "2016-08-01", "list": [{"import": 3000, "export": 0, "id": "LK"}, {"import": 0, "export": 0, "id": "FR"}, {"import": 0, "export": 0, "id": "IT"}, {"import": 0, "export": 0, "id": "PH"}, {"import": 0, "export": 0, "id": "IN"}, {"import": 0, "export": 0, "id": "VN"}, {"import": 0, "export": 0, "id": "ES"}, {"import": 0, "export": 0, "id": "TH"}, {"import": 560, "export": 0, "id": "US"}, {"import": 0, "export": 11651, "id": "TR"}, {"import": 0, "export": 23218, "id": "SA"}, {"import": 0, "export": 2873, "id": "EG"}, {"import": 0, "export": 0, "id": "IR"}, {"import": 0, "export": 8967, "id": "MR"}, {"import": 0, "export": 0, "id": "QA"}], "import": 3560, "export": 46709}, {"date": "2016-09-01", "list": [{"import": 2500, "export": 0, "id": "LK"}, {"import": 1875, "export": 0, "id": "FR"}, {"import": 0, "export": 0, "id": "IT"}, {"import": 0, "export": 0, "id": "PH"}, {"import": 114500, "export": 0, "id": "IN"}, {"import": 8203, "export": 0, "id": "VN"}, {"import": 0, "export": 0, "id": "ES"}, {"import": 0, "export": 0, "id": "TH"}, {"import": 0, "export": 0, "id": "US"}, {"import": 0, "export": 0, "id": "TR"}, {"import": 0, "export": 63000, "id": "SA"}, {"import": 0, "export": 0, "id": "EG"}, {"import": 0, "export": 0, "id": "IR"}, {"import": 0, "export": 0, "id": "MR"}, {"import": 0, "export": 0, "id": "QA"}], "import": 127078, "export": 63000}, {"date": "2016-10-01", "list": [{"import": 1500, "export": 0, "id": "LK"}, {"import": 0, "export": 0, "id": "FR"}, {"import": 0, "export": 0, "id": "IT"}, {"import": 0, "export": 0, "id": "PH"}, {"import": 0, "export": 0, "id": "IN"}, {"import": 0, "export": 0, "id": "VN"}, {"import": 0, "export": 0, "id": "ES"}, {"import": 0, "export": 0, "id": "TH"}, {"import": 0, "export": 0, "id": "US"}, {"import": 0, "export": 3618, "id": "TR"}, {"import": 0, "export": 0, "id": "SA"}, {"import": 0, "export": 0, "id": "EG"}, {"import": 0, "export": 0, "id": "IR"}, {"import": 0, "export": 0, "id": "MR"}, {"import": 0, "export": 0, "id": "QA"}], "import": 1500, "export": 3618}, {"date": "2016-11-01", "list": [{"import": 2000, "export": 0, "id": "LK"}, {"import": 0, "export": 0, "id": "FR"}, {"import": 3744, "export": 0, "id": "IT"}, {"import": 0, "export": 0, "id": "PH"}, {"import": 0, "export": 0, "id": "IN"}, {"import": 0, "export": 0, "id": "VN"}, {"import": 0, "export": 0, "id": "ES"}, {"import": 0, "export": 0, "id": "TH"}, {"import": 1996, "export": 0, "id": "US"}, {"import": 0, "export": 0, "id": "TR"}, {"import": 0, "export": 0, "id": "SA"}, {"import": 0, "export": 0, "id": "EG"}, {"import": 0, "export": 0, "id": "IR"}, {"import": 0, "export": 0, "id": "MR"}, {"import": 0, "export": 0, "id": "QA"}], "import": 7740, "export": 0}, {"date": "2016-12-01", "list": [{"import": 6140, "export": 0, "id": "LK"}, {"import": 0, "export": 0, "id": "FR"}, {"import": 0, "export": 0, "id": "IT"}, {"import": 0, "export": 0, "id": "PH"}, {"import": 25000, "export": 0, "id": "IN"}, {"import": 0, "export": 0, "id": "VN"}, {"import": 0, "export": 0, "id": "ES"}, {"import": 9000, "export": 0, "id": "TH"}, {"import": 494, "export": 0, "id": "US"}, {"import": 0, "export": 0, "id": "TR"}, {"import": 0, "export": 0, "id": "SA"}, {"import": 0, "export": 0, "id": "EG"}, {"import": 0, "export": 0, "id": "IR"}, {"import": 0, "export": 0, "id": "MR"}, {"import": 0, "export": 0, "id": "QA"}], "import": 40634, "export": 0}, {"date": "2017-01-01", "list": [{"import": 0, "export": 0, "id": "LK"}, {"import": 0, "export": 0, "id": "FR"}, {"import": 0, "export": 0, "id": "IT"}, {"import": 0, "export": 0, "id": "PH"}, {"import": 0, "export": 0, "id": "IN"}, {"import": 0, "export": 0, "id": "VN"}, {"import": 0, "export": 0, "id": "ES"}, {"import": 0, "export": 0, "id": "TH"}, {"import": 0, "export": 0, "id": "US"}, {"import": 0, "export": 3365, "id": "TR"}, {"import": 0, "export": 0, "id": "SA"}, {"import": 0, "export": 1756, "id": "EG"}, {"import": 0, "export": 0, "id": "IR"}, {"import": 0, "export": 0, "id": "MR"}, {"import": 0, "export": 0, "id": "QA"}], "import": 0, "export": 5121}, {"date": "2017-02-01", "list": [{"import": 0, "export": 0, "id": "LK"}, {"import": 0, "export": 0, "id": "FR"}, {"import": 0, "export": 0, "id": "IT"}, {"import": 600, "export": 0, "id": "PH"}, {"import": 0, "export": 0, "id": "IN"}, {"import": 0, "export": 0, "id": "VN"}, {"import": 0, "export": 0, "id": "ES"}, {"import": 0, "export": 0, "id": "TH"}, {"import": 0, "export": 0, "id": "US"}, {"import": 0, "export": 0, "id": "TR"}, {"import": 0, "export": 0, "id": "SA"}, {"import": 0, "export": 0, "id": "EG"}, {"import": 0, "export": 0, "id": "IR"}, {"import": 0, "export": 0, "id": "MR"}, {"import": 0, "export": 0, "id": "QA"}], "import": 600, "export": 0}, {"date": "2017-03-01", "list": [{"import": 0, "export": 0, "id": "LK"}, {"import": 0, "export": 0, "id": "FR"}, {"import": 0, "export": 0, "id": "IT"}, {"import": 0, "export": 0, "id": "PH"}, {"import": 0, "export": 0, "id": "IN"}, {"import": 0, "export": 0, "id": "VN"}, {"import": 0, "export": 0, "id": "ES"}, {"import": 0, "export": 0, "id": "TH"}, {"import": 0, "export": 0, "id": "US"}, {"import": 0, "export": 0, "id": "TR"}, {"import": 0, "export": 800, "id": "SA"}, {"import": 0, "export": 0, "id": "EG"}, {"import": 0, "export": 0, "id": "IR"}, {"import": 0, "export": 0, "id": "MR"}, {"import": 0, "export": 0, "id": "QA"}], "import": 0, "export": 800}, {"date": "2017-04-01", "list": [{"import": 0, "export": 0, "id": "LK"}, {"import": 0, "export": 0, "id": "FR"}, {"import": 0, "export": 0, "id": "IT"}, {"import": 0, "export": 0, "id": "PH"}, {"import": 0, "export": 0, "id": "IN"}, {"import": 0, "export": 0, "id": "VN"}, {"import": 0, "export": 0, "id": "ES"}, {"import": 0, "export": 0, "id": "TH"}, {"import": 0, "export": 0, "id": "US"}, {"import": 0, "export": 0, "id": "TR"}, {"import": 0, "export": 1523, "id": "SA"}, {"import": 0, "export": 0, "id": "EG"}, {"import": 0, "export": 0, "id": "IR"}, {"import": 0, "export": 0, "id": "MR"}, {"import": 0, "export": 3145, "id": "QA"}], "import": 0, "export": 4668}, {"date": "2017-05-01", "list": [{"import": 0, "export": 0, "id": "LK"}, {"import": 0, "export": 0, "id": "FR"}, {"import": 0, "export": 0, "id": "IT"}, {"import": 0, "export": 0, "id": "PH"}, {"import": 0, "export": 0, "id": "IN"}, {"import": 0, "export": 0, "id": "VN"}, {"import": 0, "export": 0, "id": "ES"}, {"import": 0, "export": 0, "id": "TH"}, {"import": 0, "export": 0, "id": "US"}, {"import": 0, "export": 0, "id": "TR"}, {"import": 0, "export": 0, "id": "SA"}, {"import": 0, "export": 4900, "id": "EG"}, {"import": 0, "export": 0, "id": "IR"}, {"import": 0, "export": 0, "id": "MR"}, {"import": 0, "export": 0, "id": "QA"}], "import": 0, "export": 4900}, {"date": "2017-06-01", "list": [{"import": 0, "export": 0, "id": "LK"}, {"import": 0, "export": 0, "id": "FR"}, {"import": 0, "export": 0, "id": "IT"}, {"import": 0, "export": 0, "id": "PH"}, {"import": 0, "export": 0, "id": "IN"}, {"import": 0, "export": 0, "id": "VN"}, {"import": 0, "export": 0, "id": "ES"}, {"import": 0, "export": 0, "id": "TH"}, {"import": 0, "export": 0, "id": "US"}, {"import": 0, "export": 0, "id": "TR"}, {"import": 0, "export": 0, "id": "SA"}, {"import": 0, "export": 0, "id": "EG"}, {"import": 0, "export": 0, "id": "IR"}, {"import": 0, "export": 0, "id": "MR"}, {"import": 0, "export": 0, "id": "QA"}], "import": 0, "export": 0}, {"date": "2017-07-01", "list": [{"import": 0, "export": 0, "id": "LK"}, {"import": 0, "export": 0, "id": "FR"}, {"import": 0, "export": 0, "id": "IT"}, {"import": 1980, "export": 0, "id": "PH"}, {"import": 0, "export": 0, "id": "IN"}, {"import": 0, "export": 0, "id": "VN"}, {"import": 0, "export": 0, "id": "ES"}, {"import": 0, "export": 0, "id": "TH"}, {"import": 0, "export": 0, "id": "US"}, {"import": 0, "export": 0, "id": "TR"}, {"import": 0, "export": 952, "id": "SA"}, {"import": 0, "export": 0, "id": "EG"}, {"import": 0, "export": 0, "id": "IR"}, {"import": 0, "export": 0, "id": "MR"}, {"import": 0, "export": 0, "id": "QA"}], "import": 1980, "export": 952}, {"date": "2017-08-01", "list": [{"import": 0, "export": 0, "id": "LK"}, {"import": 0, "export": 0, "id": "FR"}, {"import": 0, "export": 0, "id": "IT"}, {"import": 0, "export": 0, "id": "PH"}, {"import": 0, "export": 0, "id": "IN"}, {"import": 0, "export": 0, "id": "VN"}, {"import": 0, "export": 0, "id": "ES"}, {"import": 0, "export": 0, "id": "TH"}, {"import": 0, "export": 0, "id": "US"}, {"import": 0, "export": 0, "id": "TR"}, {"import": 0, "export": 0, "id": "SA"}, {"import": 0, "export": 0, "id": "EG"}, {"import": 0, "export": 0, "id": "IR"}, {"import": 0, "export": 0, "id": "MR"}, {"import": 0, "export": 0, "id": "QA"}], "import": 0, "export": 0}, {"date": "2017-09-01", "list": [{"import": 0, "export": 0, "id": "LK"}, {"import": 0, "export": 0, "id": "FR"}, {"import": 0, "export": 0, "id": "IT"}, {"import": 0, "export": 0, "id": "PH"}, {"import": 0, "export": 0, "id": "IN"}, {"import": 0, "export": 0, "id": "VN"}, {"import": 0, "export": 0, "id": "ES"}, {"import": 0, "export": 0, "id": "TH"}, {"import": 0, "export": 0, "id": "US"}, {"import": 0, "export": 0, "id": "TR"}, {"import": 0, "export": 0, "id": "SA"}, {"import": 0, "export": 0, "id": "EG"}, {"import": 0, "export": 24000, "id": "IR"}, {"import": 0, "export": 0, "id": "MR"}, {"import": 0, "export": 0, "id": "QA"}], "import": 0, "export": 24000}, {"date": "2017-10-01", "list": [{"import": 0, "export": 0, "id": "LK"}, {"import": 0, "export": 0, "id": "FR"}, {"import": 0, "export": 0, "id": "IT"}, {"import": 0, "export": 0, "id": "PH"}, {"import": 0, "export": 0, "id": "IN"}, {"import": 0, "export": 0, "id": "VN"}, {"import": 0, "export": 0, "id": "ES"}, {"import": 0, "export": 0, "id": "TH"}, {"import": 0, "export": 0, "id": "US"}, {"import": 0, "export": 0, "id": "TR"}, {"import": 0, "export": 0, "id": "SA"}, {"import": 0, "export": 0, "id": "EG"}, {"import": 0, "export": 0, "id": "IR"}, {"import": 0, "export": 0, "id": "MR"}, {"import": 0, "export": 0, "id": "QA"}], "import": 0, "export": 0}, {"date": "2017-11-01", "list": [{"import": 0, "export": 0, "id": "LK"}, {"import": 0, "export": 0, "id": "FR"}, {"import": 0, "export": 0, "id": "IT"}, {"import": 0, "export": 0, "id": "PH"}, {"import": 0, "export": 0, "id": "IN"}, {"import": 0, "export": 0, "id": "VN"}, {"import": 0, "export": 0, "id": "ES"}, {"import": 0, "export": 0, "id": "TH"}, {"import": 2837, "export": 0, "id": "US"}, {"import": 0, "export": 2954, "id": "TR"}, {"import": 0, "export": 0, "id": "SA"}, {"import": 0, "export": 0, "id": "EG"}, {"import": 0, "export": 0, "id": "IR"}, {"import": 0, "export": 0, "id": "MR"}, {"import": 0, "export": 0, "id": "QA"}], "import": 2837, "export": 2954}, {"date": "2017-12-01", "list": [{"import": 0, "export": 0, "id": "LK"}, {"import": 0, "export": 0, "id": "FR"}, {"import": 0, "export": 0, "id": "IT"}, {"import": 0, "export": 0, "id": "PH"}, {"import": 0, "export": 0, "id": "IN"}, {"import": 0, "export": 0, "id": "VN"}, {"import": 0, "export": 0, "id": "ES"}, {"import": 0, "export": 0, "id": "TH"}, {"import": 0, "export": 0, "id": "US"}, {"import": 0, "export": 2898, "id": "TR"}, {"import": 0, "export": 2133, "id": "SA"}, {"import": 0, "export": 0, "id": "EG"}, {"import": 0, "export": 0, "id": "IR"}, {"import": 0, "export": 0, "id": "MR"}, {"import": 0, "export": 0, "id": "QA"}], "import": 0, "export": 5031}]