[{"date": "2017-05-01", "list": [{"import": 0, "export": 0, "id": "SN"}], "import": 0, "export": 0}, {"date": "2017-06-01", "list": [{"import": 0, "export": 0, "id": "SN"}], "import": 0, "export": 0}, {"date": "2017-07-01", "list": [{"import": 0, "export": 0, "id": "SN"}], "import": 0, "export": 0}, {"date": "2017-08-01", "list": [{"import": 0, "export": 0, "id": "SN"}], "import": 0, "export": 0}, {"date": "2017-09-01", "list": [{"import": 0, "export": 0, "id": "SN"}], "import": 0, "export": 0}, {"date": "2017-10-01", "list": [{"import": 0, "export": 0, "id": "SN"}], "import": 0, "export": 0}, {"date": "2017-11-01", "list": [{"import": 0, "export": 0, "id": "SN"}], "import": 0, "export": 0}, {"date": "2017-12-01", "list": [{"import": 0, "export": 0, "id": "SN"}], "import": 0, "export": 0}, {"date": "2018-01-01", "list": [{"import": 0, "export": 0, "id": "SN"}], "import": 0, "export": 0}, {"date": "2018-02-01", "list": [{"import": 0, "export": 0, "id": "SN"}], "import": 0, "export": 0}, {"date": "2018-03-01", "list": [{"import": 0, "export": 0, "id": "SN"}], "import": 0, "export": 0}, {"date": "2018-04-01", "list": [{"import": 0, "export": 0, "id": "SN"}], "import": 0, "export": 0}, {"date": "2018-05-01", "list": [{"import": 5000, "export": 0, "id": "SN"}], "import": 5000, "export": 0}, {"date": "2018-06-01", "list": [{"import": 0, "export": 0, "id": "SN"}], "import": 0, "export": 0}, {"date": "2018-07-01", "list": [{"import": 0, "export": 0, "id": "SN"}], "import": 0, "export": 0}, {"date": "2018-08-01", "list": [{"import": 0, "export": 0, "id": "SN"}], "import": 0, "export": 0}, {"date": "2018-09-01", "list": [{"import": 0, "export": 0, "id": "SN"}], "import": 0, "export": 0}, {"date": "2018-10-01", "list": [{"import": 0, "export": 0, "id": "SN"}], "import": 0, "export": 0}]