[{"date": "2018-12-01", "list": [{"import": 0, "export": 0, "id": "IN"}, {"import": 0, "export": 0, "id": "PK"}, {"import": 0, "export": 50400, "id": "BW"}, {"import": 0, "export": 0, "id": "CN"}, {"import": 0, "export": 0, "id": "IT"}, {"import": 0, "export": 34150, "id": "LS"}, {"import": 4200, "export": 0, "id": "TW"}, {"import": 0, "export": 0, "id": "AU"}, {"import": 0, "export": 0, "id": "BD"}, {"import": 0, "export": 0, "id": "BE"}, {"import": 0, "export": 0, "id": "TH"}, {"import": 77, "export": 37500, "id": "US"}, {"import": 0, "export": 0, "id": "-"}, {"import": 0, "export": 91164, "id": null}, {"import": 0, "export": 338015, "id": "ZW"}, {"import": 0, "export": 47814, "id": "SZ"}, {"import": 0, "export": 136005, "id": "ZM"}, {"import": 0, "export": 4300, "id": "SH"}, {"import": 0, "export": 0, "id": "AO"}, {"import": 0, "export": 0, "id": "CD"}, {"import": 0, "export": 0, "id": "MW"}, {"import": 0, "export": 0, "id": "MZ"}], "import": 4277, "export": 739348}, {"date": "2019-01-01", "list": [{"import": 23717, "export": 0, "id": "IN"}, {"import": 0, "export": 0, "id": "PK"}, {"import": 0, "export": 43684, "id": "BW"}, {"import": 0, "export": 0, "id": "CN"}, {"import": 0, "export": 0, "id": "IT"}, {"import": 0, "export": 0, "id": "LS"}, {"import": 0, "export": 0, "id": "TW"}, {"import": 0, "export": 0, "id": "AU"}, {"import": 0, "export": 0, "id": "BD"}, {"import": 0, "export": 0, "id": "BE"}, {"import": 0, "export": 0, "id": "TH"}, {"import": 0, "export": 0, "id": "US"}, {"import": 0, "export": 0, "id": "-"}, {"import": 0, "export": 48853, "id": null}, {"import": 0, "export": 0, "id": "ZW"}, {"import": 0, "export": 40901, "id": "SZ"}, {"import": 0, "export": 0, "id": "ZM"}, {"import": 0, "export": 2108, "id": "SH"}, {"import": 0, "export": 0, "id": "AO"}, {"import": 0, "export": 0, "id": "CD"}, {"import": 0, "export": 0, "id": "MW"}, {"import": 0, "export": 0, "id": "MZ"}], "import": 23717, "export": 135546}, {"date": "2019-02-01", "list": [{"import": 44405, "export": 0, "id": "IN"}, {"import": 0, "export": 0, "id": "PK"}, {"import": 0, "export": 140123, "id": "BW"}, {"import": 0, "export": 0, "id": "CN"}, {"import": 0, "export": 0, "id": "IT"}, {"import": 0, "export": 0, "id": "LS"}, {"import": 0, "export": 0, "id": "TW"}, {"import": 0, "export": 0, "id": "AU"}, {"import": 0, "export": 0, "id": "BD"}, {"import": 0, "export": 0, "id": "BE"}, {"import": 0, "export": 0, "id": "TH"}, {"import": 0, "export": 0, "id": "US"}, {"import": 6000, "export": 0, "id": "-"}, {"import": 0, "export": 105151, "id": null}, {"import": 0, "export": 0, "id": "ZW"}, {"import": 0, "export": 41298, "id": "SZ"}, {"import": 0, "export": 571, "id": "ZM"}, {"import": 0, "export": 0, "id": "SH"}, {"import": 0, "export": 0, "id": "AO"}, {"import": 0, "export": 0, "id": "CD"}, {"import": 0, "export": 0, "id": "MW"}, {"import": 0, "export": 0, "id": "MZ"}], "import": 50405, "export": 287143}, {"date": "2019-03-01", "list": [{"import": 152437, "export": 0, "id": "IN"}, {"import": 0, "export": 0, "id": "PK"}, {"import": 0, "export": 2291, "id": "BW"}, {"import": 0, "export": 0, "id": "CN"}, {"import": 0, "export": 0, "id": "IT"}, {"import": 0, "export": 72365, "id": "LS"}, {"import": 0, "export": 0, "id": "TW"}, {"import": 0, "export": 0, "id": "AU"}, {"import": 0, "export": 0, "id": "BD"}, {"import": 0, "export": 0, "id": "BE"}, {"import": 0, "export": 0, "id": "TH"}, {"import": 0, "export": 0, "id": "US"}, {"import": 0, "export": 0, "id": "-"}, {"import": 0, "export": 141831, "id": null}, {"import": 0, "export": 0, "id": "ZW"}, {"import": 0, "export": 6347, "id": "SZ"}, {"import": 0, "export": 136143, "id": "ZM"}, {"import": 0, "export": 574, "id": "SH"}, {"import": 0, "export": 0, "id": "AO"}, {"import": 0, "export": 0, "id": "CD"}, {"import": 0, "export": 0, "id": "MW"}, {"import": 0, "export": 0, "id": "MZ"}], "import": 152437, "export": 359551}, {"date": "2019-04-01", "list": [{"import": 107185, "export": 0, "id": "IN"}, {"import": 49048, "export": 0, "id": "PK"}, {"import": 0, "export": 1497, "id": "BW"}, {"import": 0, "export": 0, "id": "CN"}, {"import": 0, "export": 0, "id": "IT"}, {"import": 0, "export": 605, "id": "LS"}, {"import": 0, "export": 0, "id": "TW"}, {"import": 0, "export": 0, "id": "AU"}, {"import": 0, "export": 0, "id": "BD"}, {"import": 0, "export": 0, "id": "BE"}, {"import": 0, "export": 0, "id": "TH"}, {"import": 0, "export": 0, "id": "US"}, {"import": 0, "export": 508, "id": "-"}, {"import": 0, "export": 54128, "id": null}, {"import": 0, "export": 0, "id": "ZW"}, {"import": 0, "export": 39362, "id": "SZ"}, {"import": 0, "export": 102000, "id": "ZM"}, {"import": 0, "export": 0, "id": "SH"}, {"import": 0, "export": 0, "id": "AO"}, {"import": 0, "export": 0, "id": "CD"}, {"import": 0, "export": 0, "id": "MW"}, {"import": 0, "export": 772, "id": "MZ"}], "import": 156233, "export": 202872}, {"date": "2019-05-01", "list": [{"import": 112409, "export": 0, "id": "IN"}, {"import": 137582, "export": 0, "id": "PK"}, {"import": 0, "export": 5539, "id": "BW"}, {"import": 0, "export": 0, "id": "CN"}, {"import": 0, "export": 0, "id": "IT"}, {"import": 500, "export": 851, "id": "LS"}, {"import": 0, "export": 0, "id": "TW"}, {"import": 24000, "export": 0, "id": "AU"}, {"import": 0, "export": 0, "id": "BD"}, {"import": 0, "export": 0, "id": "BE"}, {"import": 21614, "export": 0, "id": "TH"}, {"import": 0, "export": 0, "id": "US"}, {"import": 0, "export": 0, "id": "-"}, {"import": 0, "export": 62185, "id": null}, {"import": 0, "export": 1170, "id": "ZW"}, {"import": 0, "export": 45881, "id": "SZ"}, {"import": 0, "export": 24072, "id": "ZM"}, {"import": 0, "export": 1488, "id": "SH"}, {"import": 0, "export": 0, "id": "AO"}, {"import": 0, "export": 3909, "id": "CD"}, {"import": 0, "export": 0, "id": "MW"}, {"import": 0, "export": 0, "id": "MZ"}], "import": 296105, "export": 145095}, {"date": "2019-06-01", "list": [{"import": 43440, "export": 0, "id": "IN"}, {"import": 129312, "export": 0, "id": "PK"}, {"import": 0, "export": 3637, "id": "BW"}, {"import": 0, "export": 0, "id": "CN"}, {"import": 0, "export": 0, "id": "IT"}, {"import": 0, "export": 0, "id": "LS"}, {"import": 0, "export": 0, "id": "TW"}, {"import": 0, "export": 0, "id": "AU"}, {"import": 0, "export": 0, "id": "BD"}, {"import": 0, "export": 0, "id": "BE"}, {"import": 0, "export": 0, "id": "TH"}, {"import": 0, "export": 0, "id": "US"}, {"import": 0, "export": 0, "id": "-"}, {"import": 0, "export": 73904, "id": null}, {"import": 0, "export": 0, "id": "ZW"}, {"import": 0, "export": 6008, "id": "SZ"}, {"import": 0, "export": 0, "id": "ZM"}, {"import": 0, "export": 0, "id": "SH"}, {"import": 0, "export": 0, "id": "AO"}, {"import": 0, "export": 0, "id": "CD"}, {"import": 0, "export": 0, "id": "MW"}, {"import": 0, "export": 0, "id": "MZ"}], "import": 172752, "export": 83549}, {"date": "2019-07-01", "list": [{"import": 110999, "export": 0, "id": "IN"}, {"import": 0, "export": 0, "id": "PK"}, {"import": 45, "export": 42108, "id": "BW"}, {"import": 0, "export": 0, "id": "CN"}, {"import": 924, "export": 0, "id": "IT"}, {"import": 0, "export": 1500, "id": "LS"}, {"import": 0, "export": 0, "id": "TW"}, {"import": 0, "export": 0, "id": "AU"}, {"import": 0, "export": 0, "id": "BD"}, {"import": 1313, "export": 0, "id": "BE"}, {"import": 0, "export": 0, "id": "TH"}, {"import": 0, "export": 0, "id": "US"}, {"import": 0, "export": 0, "id": "-"}, {"import": 0, "export": 82647, "id": null}, {"import": 0, "export": 0, "id": "ZW"}, {"import": 0, "export": 20651, "id": "SZ"}, {"import": 0, "export": 102000, "id": "ZM"}, {"import": 0, "export": 566, "id": "SH"}, {"import": 0, "export": 0, "id": "AO"}, {"import": 0, "export": 0, "id": "CD"}, {"import": 0, "export": 0, "id": "MW"}, {"import": 0, "export": 0, "id": "MZ"}], "import": 113281, "export": 249472}, {"date": "2019-08-01", "list": [{"import": 90021, "export": 0, "id": "IN"}, {"import": 188460, "export": 0, "id": "PK"}, {"import": 110, "export": 6752, "id": "BW"}, {"import": 1903, "export": 0, "id": "CN"}, {"import": 0, "export": 0, "id": "IT"}, {"import": 0, "export": 65160, "id": "LS"}, {"import": 0, "export": 0, "id": "TW"}, {"import": 0, "export": 0, "id": "AU"}, {"import": 0, "export": 0, "id": "BD"}, {"import": 702, "export": 0, "id": "BE"}, {"import": 0, "export": 0, "id": "TH"}, {"import": 0, "export": 0, "id": "US"}, {"import": 0, "export": 0, "id": "-"}, {"import": 0, "export": 85617, "id": null}, {"import": 0, "export": 0, "id": "ZW"}, {"import": 0, "export": 6464, "id": "SZ"}, {"import": 0, "export": 0, "id": "ZM"}, {"import": 0, "export": 3164, "id": "SH"}, {"import": 0, "export": 0, "id": "AO"}, {"import": 0, "export": 0, "id": "CD"}, {"import": 0, "export": 0, "id": "MW"}, {"import": 0, "export": 0, "id": "MZ"}], "import": 281196, "export": 167157}, {"date": "2019-09-01", "list": [{"import": 116026, "export": 0, "id": "IN"}, {"import": 129311, "export": 0, "id": "PK"}, {"import": 0, "export": 1546, "id": "BW"}, {"import": 0, "export": 0, "id": "CN"}, {"import": 0, "export": 0, "id": "IT"}, {"import": 0, "export": 476, "id": "LS"}, {"import": 0, "export": 0, "id": "TW"}, {"import": 0, "export": 0, "id": "AU"}, {"import": 0, "export": 0, "id": "BD"}, {"import": 0, "export": 0, "id": "BE"}, {"import": 43177, "export": 0, "id": "TH"}, {"import": 0, "export": 0, "id": "US"}, {"import": 0, "export": 0, "id": "-"}, {"import": 0, "export": 62174, "id": null}, {"import": 0, "export": 0, "id": "ZW"}, {"import": 0, "export": 45475, "id": "SZ"}, {"import": 0, "export": 0, "id": "ZM"}, {"import": 0, "export": 0, "id": "SH"}, {"import": 0, "export": 0, "id": "AO"}, {"import": 0, "export": 0, "id": "CD"}, {"import": 0, "export": 0, "id": "MW"}, {"import": 0, "export": 0, "id": "MZ"}], "import": 288514, "export": 109671}, {"date": "2019-10-01", "list": [{"import": 89443, "export": 0, "id": "IN"}, {"import": 66598, "export": 0, "id": "PK"}, {"import": 0, "export": 2199, "id": "BW"}, {"import": 0, "export": 0, "id": "CN"}, {"import": 0, "export": 0, "id": "IT"}, {"import": 0, "export": 34372, "id": "LS"}, {"import": 0, "export": 0, "id": "TW"}, {"import": 0, "export": 0, "id": "AU"}, {"import": 2084, "export": 0, "id": "BD"}, {"import": 0, "export": 0, "id": "BE"}, {"import": 0, "export": 0, "id": "TH"}, {"import": 0, "export": 0, "id": "US"}, {"import": 0, "export": 0, "id": "-"}, {"import": 0, "export": 83210, "id": null}, {"import": 0, "export": 0, "id": "ZW"}, {"import": 0, "export": 7084, "id": "SZ"}, {"import": 0, "export": 68071, "id": "ZM"}, {"import": 0, "export": 0, "id": "SH"}, {"import": 0, "export": 0, "id": "AO"}, {"import": 0, "export": 0, "id": "CD"}, {"import": 0, "export": 0, "id": "MW"}, {"import": 0, "export": 0, "id": "MZ"}], "import": 158125, "export": 194936}, {"date": "2019-11-01", "list": [{"import": 128485, "export": 0, "id": "IN"}, {"import": 49100, "export": 0, "id": "PK"}, {"import": 15, "export": 36851, "id": "BW"}, {"import": 0, "export": 0, "id": "CN"}, {"import": 0, "export": 0, "id": "IT"}, {"import": 0, "export": 34613, "id": "LS"}, {"import": 0, "export": 0, "id": "TW"}, {"import": 0, "export": 0, "id": "AU"}, {"import": 0, "export": 0, "id": "BD"}, {"import": 0, "export": 0, "id": "BE"}, {"import": 21574, "export": 0, "id": "TH"}, {"import": 0, "export": 0, "id": "US"}, {"import": 0, "export": 0, "id": "-"}, {"import": 0, "export": 70537, "id": null}, {"import": 0, "export": 0, "id": "ZW"}, {"import": 0, "export": 4407, "id": "SZ"}, {"import": 0, "export": 68082, "id": "ZM"}, {"import": 0, "export": 0, "id": "SH"}, {"import": 0, "export": 0, "id": "AO"}, {"import": 0, "export": 0, "id": "CD"}, {"import": 0, "export": 1000, "id": "MW"}, {"import": 0, "export": 0, "id": "MZ"}], "import": 199174, "export": 215490}, {"date": "2019-12-01", "list": [{"import": 153275, "export": 0, "id": "IN"}, {"import": 0, "export": 20000, "id": "PK"}, {"import": 0, "export": 2805, "id": "BW"}, {"import": 0, "export": 0, "id": "CN"}, {"import": 0, "export": 0, "id": "IT"}, {"import": 0, "export": 380, "id": "LS"}, {"import": 0, "export": 0, "id": "TW"}, {"import": 0, "export": 0, "id": "AU"}, {"import": 0, "export": 0, "id": "BD"}, {"import": 0, "export": 0, "id": "BE"}, {"import": 0, "export": 0, "id": "TH"}, {"import": 0, "export": 0, "id": "US"}, {"import": 0, "export": 0, "id": "-"}, {"import": 0, "export": 96604, "id": null}, {"import": 0, "export": 0, "id": "ZW"}, {"import": 0, "export": 14579, "id": "SZ"}, {"import": 0, "export": 238030, "id": "ZM"}, {"import": 0, "export": 0, "id": "SH"}, {"import": 0, "export": 0, "id": "AO"}, {"import": 0, "export": 0, "id": "CD"}, {"import": 0, "export": 0, "id": "MW"}, {"import": 0, "export": 0, "id": "MZ"}], "import": 153275, "export": 372398}, {"date": "2020-01-01", "list": [{"import": 117688, "export": 0, "id": "IN"}, {"import": 9315, "export": 0, "id": "PK"}, {"import": 0, "export": 9105, "id": "BW"}, {"import": 0, "export": 0, "id": "CN"}, {"import": 0, "export": 0, "id": "IT"}, {"import": 0, "export": 1098, "id": "LS"}, {"import": 0, "export": 0, "id": "TW"}, {"import": 0, "export": 0, "id": "AU"}, {"import": 0, "export": 0, "id": "BD"}, {"import": 0, "export": 0, "id": "BE"}, {"import": 43119, "export": 0, "id": "TH"}, {"import": 0, "export": 0, "id": "US"}, {"import": 21000, "export": 0, "id": "-"}, {"import": 0, "export": 47138, "id": null}, {"import": 0, "export": 0, "id": "ZW"}, {"import": 0, "export": 13842, "id": "SZ"}, {"import": 0, "export": 248154, "id": "ZM"}, {"import": 0, "export": 0, "id": "SH"}, {"import": 0, "export": 0, "id": "AO"}, {"import": 0, "export": 0, "id": "CD"}, {"import": 0, "export": 0, "id": "MW"}, {"import": 0, "export": 0, "id": "MZ"}], "import": 191122, "export": 319337}, {"date": "2020-02-01", "list": [{"import": 127773, "export": 0, "id": "IN"}, {"import": 145650, "export": 0, "id": "PK"}, {"import": 0, "export": 9340, "id": "BW"}, {"import": 0, "export": 0, "id": "CN"}, {"import": 0, "export": 0, "id": "IT"}, {"import": 0, "export": 136, "id": "LS"}, {"import": 0, "export": 0, "id": "TW"}, {"import": 0, "export": 0, "id": "AU"}, {"import": 0, "export": 0, "id": "BD"}, {"import": 0, "export": 0, "id": "BE"}, {"import": 43171, "export": 0, "id": "TH"}, {"import": 0, "export": 0, "id": "US"}, {"import": 0, "export": 0, "id": "-"}, {"import": 0, "export": 63569, "id": null}, {"import": 0, "export": 0, "id": "ZW"}, {"import": 0, "export": 3552, "id": "SZ"}, {"import": 0, "export": 204028, "id": "ZM"}, {"import": 0, "export": 0, "id": "SH"}, {"import": 0, "export": 400, "id": "AO"}, {"import": 0, "export": 0, "id": "CD"}, {"import": 0, "export": 0, "id": "MW"}, {"import": 0, "export": 0, "id": "MZ"}], "import": 316594, "export": 281025}, {"date": "2020-03-01", "list": [{"import": 116146, "export": 0, "id": "IN"}, {"import": 0, "export": 0, "id": "PK"}, {"import": 0, "export": 10436, "id": "BW"}, {"import": 0, "export": 0, "id": "CN"}, {"import": 0, "export": 0, "id": "IT"}, {"import": 0, "export": 5036, "id": "LS"}, {"import": 0, "export": 0, "id": "TW"}, {"import": 0, "export": 0, "id": "AU"}, {"import": 0, "export": 0, "id": "BD"}, {"import": 0, "export": 0, "id": "BE"}, {"import": 21583, "export": 0, "id": "TH"}, {"import": 0, "export": 0, "id": "US"}, {"import": 0, "export": 0, "id": "-"}, {"import": 0, "export": 108495, "id": null}, {"import": 0, "export": 1550, "id": "ZW"}, {"import": 0, "export": 13114, "id": "SZ"}, {"import": 0, "export": 0, "id": "ZM"}, {"import": 0, "export": 0, "id": "SH"}, {"import": 0, "export": 9541, "id": "AO"}, {"import": 0, "export": 0, "id": "CD"}, {"import": 0, "export": 0, "id": "MW"}, {"import": 0, "export": 0, "id": "MZ"}], "import": 137729, "export": 148172}, {"date": "2020-04-01", "list": [{"import": 66619, "export": 0, "id": "IN"}, {"import": 0, "export": 0, "id": "PK"}, {"import": 0, "export": 39250, "id": "BW"}, {"import": 0, "export": 0, "id": "CN"}, {"import": 0, "export": 0, "id": "IT"}, {"import": 0, "export": 0, "id": "LS"}, {"import": 0, "export": 0, "id": "TW"}, {"import": 0, "export": 0, "id": "AU"}, {"import": 0, "export": 0, "id": "BD"}, {"import": 0, "export": 0, "id": "BE"}, {"import": 21551, "export": 0, "id": "TH"}, {"import": 0, "export": 0, "id": "US"}, {"import": 0, "export": 0, "id": "-"}, {"import": 0, "export": 110864, "id": null}, {"import": 0, "export": 0, "id": "ZW"}, {"import": 0, "export": 9729, "id": "SZ"}, {"import": 0, "export": 0, "id": "ZM"}, {"import": 0, "export": 0, "id": "SH"}, {"import": 0, "export": 0, "id": "AO"}, {"import": 0, "export": 0, "id": "CD"}, {"import": 0, "export": 0, "id": "MW"}, {"import": 0, "export": 0, "id": "MZ"}], "import": 88170, "export": 159843}, {"date": "2020-05-01", "list": [{"import": 64757, "export": 0, "id": "IN"}, {"import": 0, "export": 0, "id": "PK"}, {"import": 0, "export": 9617, "id": "BW"}, {"import": 0, "export": 0, "id": "CN"}, {"import": 0, "export": 0, "id": "IT"}, {"import": 0, "export": 34110, "id": "LS"}, {"import": 0, "export": 0, "id": "TW"}, {"import": 0, "export": 0, "id": "AU"}, {"import": 0, "export": 0, "id": "BD"}, {"import": 0, "export": 0, "id": "BE"}, {"import": 21592, "export": 0, "id": "TH"}, {"import": 0, "export": 0, "id": "US"}, {"import": 0, "export": 0, "id": "-"}, {"import": 0, "export": 87396, "id": null}, {"import": 0, "export": 10390, "id": "ZW"}, {"import": 0, "export": 16509, "id": "SZ"}, {"import": 0, "export": 68007, "id": "ZM"}, {"import": 0, "export": 0, "id": "SH"}, {"import": 0, "export": 0, "id": "AO"}, {"import": 0, "export": 0, "id": "CD"}, {"import": 0, "export": 0, "id": "MW"}, {"import": 0, "export": 0, "id": "MZ"}], "import": 86349, "export": 226029}]