[{"date": "2018-11-01", "list": [{"import": 354, "export": 0, "id": "TH"}, {"import": 189, "export": 0, "id": "JP"}, {"import": 0, "export": 0, "id": "MM"}, {"import": 6, "export": 0, "id": "IN"}, {"import": 1, "export": 0, "id": "VN"}, {"import": 2, "export": 0, "id": "TW"}, {"import": 0, "export": 0, "id": "CN"}, {"import": 0, "export": 0, "id": "US"}, {"import": 0, "export": 0, "id": "GB"}, {"import": 0, "export": 0, "id": "FR"}, {"import": 2, "export": 0, "id": "ID"}, {"import": 0, "export": 0, "id": "IT"}, {"import": 0, "export": 0, "id": "KH"}, {"import": 0, "export": 0, "id": "CA"}, {"import": 0, "export": 0, "id": "LK"}, {"import": 0, "export": 0, "id": "PK"}, {"import": 0, "export": 0, "id": "PH"}, {"import": 0, "export": 0, "id": "KR"}, {"import": 0, "export": 0, "id": "MY"}, {"import": 0, "export": 0, "id": "AU"}, {"import": 0, "export": 0, "id": "BT"}, {"import": 0, "export": 1, "id": "BN"}, {"import": 0, "export": 1, "id": "MN"}, {"import": 0, "export": 0, "id": "BD"}], "import": 554, "export": 2}, {"date": "2018-12-01", "list": [{"import": 637, "export": 0, "id": "TH"}, {"import": 229, "export": 0, "id": "JP"}, {"import": 0, "export": 0, "id": "MM"}, {"import": 5, "export": 0, "id": "IN"}, {"import": 79, "export": 1, "id": "VN"}, {"import": 11, "export": 0, "id": "TW"}, {"import": 0, "export": 0, "id": "CN"}, {"import": 5, "export": 0, "id": "US"}, {"import": 0, "export": 0, "id": "GB"}, {"import": 0, "export": 0, "id": "FR"}, {"import": 0, "export": 0, "id": "ID"}, {"import": 1, "export": 0, "id": "IT"}, {"import": 0, "export": 0, "id": "KH"}, {"import": 0, "export": 0, "id": "CA"}, {"import": 0, "export": 0, "id": "LK"}, {"import": 0, "export": 0, "id": "PK"}, {"import": 0, "export": 0, "id": "PH"}, {"import": 0, "export": 0, "id": "KR"}, {"import": 16, "export": 0, "id": "MY"}, {"import": 13, "export": 0, "id": "AU"}, {"import": 0, "export": 0, "id": "BT"}, {"import": 0, "export": 0, "id": "BN"}, {"import": 0, "export": 0, "id": "MN"}, {"import": 0, "export": 0, "id": "BD"}], "import": 996, "export": 1}, {"date": "2019-01-01", "list": [{"import": 458, "export": 0, "id": "TH"}, {"import": 190, "export": 0, "id": "JP"}, {"import": 0, "export": 0, "id": "MM"}, {"import": 23, "export": 0, "id": "IN"}, {"import": 117, "export": 30, "id": "VN"}, {"import": 2, "export": 0, "id": "TW"}, {"import": 0, "export": 0, "id": "CN"}, {"import": 0, "export": 0, "id": "US"}, {"import": 0, "export": 0, "id": "GB"}, {"import": 0, "export": 0, "id": "FR"}, {"import": 0, "export": 0, "id": "ID"}, {"import": 0, "export": 0, "id": "IT"}, {"import": 1, "export": 0, "id": "KH"}, {"import": 0, "export": 0, "id": "CA"}, {"import": 15, "export": 0, "id": "LK"}, {"import": 0, "export": 0, "id": "PK"}, {"import": 0, "export": 0, "id": "PH"}, {"import": 0, "export": 0, "id": "KR"}, {"import": 14, "export": 0, "id": "MY"}, {"import": 0, "export": 0, "id": "AU"}, {"import": 0, "export": 0, "id": "BT"}, {"import": 0, "export": 0, "id": "BN"}, {"import": 0, "export": 0, "id": "MN"}, {"import": 0, "export": 0, "id": "BD"}], "import": 820, "export": 30}, {"date": "2019-02-01", "list": [{"import": 461, "export": 0, "id": "TH"}, {"import": 192, "export": 0, "id": "JP"}, {"import": 0, "export": 0, "id": "MM"}, {"import": 2, "export": 0, "id": "IN"}, {"import": 49, "export": 0, "id": "VN"}, {"import": 0, "export": 0, "id": "TW"}, {"import": 0, "export": 0, "id": "CN"}, {"import": 1, "export": 0, "id": "US"}, {"import": 0, "export": 0, "id": "GB"}, {"import": 0, "export": 0, "id": "FR"}, {"import": 0, "export": 0, "id": "ID"}, {"import": 0, "export": 0, "id": "IT"}, {"import": 0, "export": 0, "id": "KH"}, {"import": 0, "export": 0, "id": "CA"}, {"import": 0, "export": 0, "id": "LK"}, {"import": 0, "export": 0, "id": "PK"}, {"import": 0, "export": 0, "id": "PH"}, {"import": 0, "export": 0, "id": "KR"}, {"import": 14, "export": 0, "id": "MY"}, {"import": 0, "export": 0, "id": "AU"}, {"import": 0, "export": 0, "id": "BT"}, {"import": 0, "export": 1, "id": "BN"}, {"import": 0, "export": 0, "id": "MN"}, {"import": 0, "export": 0, "id": "BD"}], "import": 719, "export": 1}, {"date": "2019-03-01", "list": [{"import": 353, "export": 0, "id": "TH"}, {"import": 272, "export": 0, "id": "JP"}, {"import": 0, "export": 0, "id": "MM"}, {"import": 21, "export": 0, "id": "IN"}, {"import": 36, "export": 0, "id": "VN"}, {"import": 13, "export": 0, "id": "TW"}, {"import": 0, "export": 0, "id": "CN"}, {"import": 4, "export": 0, "id": "US"}, {"import": 0, "export": 0, "id": "GB"}, {"import": 0, "export": 0, "id": "FR"}, {"import": 0, "export": 0, "id": "ID"}, {"import": 0, "export": 0, "id": "IT"}, {"import": 0, "export": 0, "id": "KH"}, {"import": 0, "export": 0, "id": "CA"}, {"import": 0, "export": 0, "id": "LK"}, {"import": 0, "export": 0, "id": "PK"}, {"import": 0, "export": 0, "id": "PH"}, {"import": 0, "export": 0, "id": "KR"}, {"import": 14, "export": 0, "id": "MY"}, {"import": 13, "export": 0, "id": "AU"}, {"import": 3, "export": 0, "id": "BT"}, {"import": 0, "export": 8, "id": "BN"}, {"import": 0, "export": 0, "id": "MN"}, {"import": 0, "export": 0, "id": "BD"}], "import": 729, "export": 8}, {"date": "2019-04-01", "list": [{"import": 509, "export": 0, "id": "TH"}, {"import": 150, "export": 0, "id": "JP"}, {"import": 25, "export": 0, "id": "MM"}, {"import": 5, "export": 0, "id": "IN"}, {"import": 94, "export": 0, "id": "VN"}, {"import": 0, "export": 0, "id": "TW"}, {"import": 0, "export": 0, "id": "CN"}, {"import": 0, "export": 0, "id": "US"}, {"import": 0, "export": 0, "id": "GB"}, {"import": 0, "export": 0, "id": "FR"}, {"import": 0, "export": 0, "id": "ID"}, {"import": 0, "export": 0, "id": "IT"}, {"import": 0, "export": 0, "id": "KH"}, {"import": 0, "export": 0, "id": "CA"}, {"import": 0, "export": 0, "id": "LK"}, {"import": 0, "export": 0, "id": "PK"}, {"import": 0, "export": 0, "id": "PH"}, {"import": 0, "export": 0, "id": "KR"}, {"import": 1, "export": 0, "id": "MY"}, {"import": 21, "export": 0, "id": "AU"}, {"import": 0, "export": 0, "id": "BT"}, {"import": 0, "export": 4, "id": "BN"}, {"import": 0, "export": 0, "id": "MN"}, {"import": 0, "export": 0, "id": "BD"}], "import": 805, "export": 4}, {"date": "2019-05-01", "list": [{"import": 468, "export": 0, "id": "TH"}, {"import": 272, "export": 0, "id": "JP"}, {"import": 0, "export": 0, "id": "MM"}, {"import": 7, "export": 0, "id": "IN"}, {"import": 4, "export": 0, "id": "VN"}, {"import": 0, "export": 0, "id": "TW"}, {"import": 0, "export": 0, "id": "CN"}, {"import": 1, "export": 0, "id": "US"}, {"import": 0, "export": 0, "id": "GB"}, {"import": 0, "export": 0, "id": "FR"}, {"import": 0, "export": 0, "id": "ID"}, {"import": 0, "export": 0, "id": "IT"}, {"import": 0, "export": 0, "id": "KH"}, {"import": 0, "export": 0, "id": "CA"}, {"import": 0, "export": 0, "id": "LK"}, {"import": 0, "export": 0, "id": "PK"}, {"import": 0, "export": 0, "id": "PH"}, {"import": 0, "export": 0, "id": "KR"}, {"import": 12, "export": 0, "id": "MY"}, {"import": 0, "export": 0, "id": "AU"}, {"import": 0, "export": 0, "id": "BT"}, {"import": 0, "export": 1, "id": "BN"}, {"import": 0, "export": 0, "id": "MN"}, {"import": 0, "export": 0, "id": "BD"}], "import": 764, "export": 1}, {"date": "2019-06-01", "list": [{"import": 496, "export": 0, "id": "TH"}, {"import": 195, "export": 0, "id": "JP"}, {"import": 0, "export": 0, "id": "MM"}, {"import": 26, "export": 0, "id": "IN"}, {"import": 60, "export": 0, "id": "VN"}, {"import": 2, "export": 0, "id": "TW"}, {"import": 0, "export": 0, "id": "CN"}, {"import": 1, "export": 0, "id": "US"}, {"import": 0, "export": 0, "id": "GB"}, {"import": 0, "export": 0, "id": "FR"}, {"import": 0, "export": 0, "id": "ID"}, {"import": 0, "export": 0, "id": "IT"}, {"import": 0, "export": 0, "id": "KH"}, {"import": 0, "export": 0, "id": "CA"}, {"import": 18, "export": 0, "id": "LK"}, {"import": 0, "export": 0, "id": "PK"}, {"import": 0, "export": 0, "id": "PH"}, {"import": 0, "export": 0, "id": "KR"}, {"import": 14, "export": 0, "id": "MY"}, {"import": 9, "export": 0, "id": "AU"}, {"import": 0, "export": 0, "id": "BT"}, {"import": 0, "export": 0, "id": "BN"}, {"import": 0, "export": 0, "id": "MN"}, {"import": 0, "export": 0, "id": "BD"}], "import": 821, "export": 0}, {"date": "2019-07-01", "list": [{"import": 527, "export": 0, "id": "TH"}, {"import": 227, "export": 0, "id": "JP"}, {"import": 56, "export": 0, "id": "MM"}, {"import": 3, "export": 0, "id": "IN"}, {"import": 82, "export": 0, "id": "VN"}, {"import": 2, "export": 0, "id": "TW"}, {"import": 0, "export": 0, "id": "CN"}, {"import": 5, "export": 0, "id": "US"}, {"import": 0, "export": 0, "id": "GB"}, {"import": 0, "export": 0, "id": "FR"}, {"import": 0, "export": 0, "id": "ID"}, {"import": 0, "export": 0, "id": "IT"}, {"import": 1, "export": 0, "id": "KH"}, {"import": 0, "export": 0, "id": "CA"}, {"import": 0, "export": 0, "id": "LK"}, {"import": 0, "export": 0, "id": "PK"}, {"import": 0, "export": 0, "id": "PH"}, {"import": 0, "export": 0, "id": "KR"}, {"import": 11, "export": 0, "id": "MY"}, {"import": 0, "export": 0, "id": "AU"}, {"import": 0, "export": 0, "id": "BT"}, {"import": 0, "export": 1, "id": "BN"}, {"import": 0, "export": 0, "id": "MN"}, {"import": 0, "export": 0, "id": "BD"}], "import": 914, "export": 1}, {"date": "2019-08-01", "list": [{"import": 387, "export": 0, "id": "TH"}, {"import": 246, "export": 0, "id": "JP"}, {"import": 0, "export": 0, "id": "MM"}, {"import": 1, "export": 0, "id": "IN"}, {"import": 59, "export": 0, "id": "VN"}, {"import": 0, "export": 0, "id": "TW"}, {"import": 0, "export": 0, "id": "CN"}, {"import": 0, "export": 0, "id": "US"}, {"import": 0, "export": 0, "id": "GB"}, {"import": 0, "export": 0, "id": "FR"}, {"import": 0, "export": 0, "id": "ID"}, {"import": 0, "export": 0, "id": "IT"}, {"import": 0, "export": 0, "id": "KH"}, {"import": 0, "export": 0, "id": "CA"}, {"import": 0, "export": 0, "id": "LK"}, {"import": 0, "export": 0, "id": "PK"}, {"import": 0, "export": 0, "id": "PH"}, {"import": 0, "export": 0, "id": "KR"}, {"import": 12, "export": 0, "id": "MY"}, {"import": 0, "export": 0, "id": "AU"}, {"import": 3, "export": 0, "id": "BT"}, {"import": 0, "export": 1, "id": "BN"}, {"import": 0, "export": 0, "id": "MN"}, {"import": 0, "export": 0, "id": "BD"}], "import": 708, "export": 1}, {"date": "2019-09-01", "list": [{"import": 449, "export": 0, "id": "TH"}, {"import": 201, "export": 0, "id": "JP"}, {"import": 0, "export": 0, "id": "MM"}, {"import": 26, "export": 0, "id": "IN"}, {"import": 39, "export": 0, "id": "VN"}, {"import": 0, "export": 0, "id": "TW"}, {"import": 0, "export": 0, "id": "CN"}, {"import": 2, "export": 0, "id": "US"}, {"import": 0, "export": 0, "id": "GB"}, {"import": 0, "export": 0, "id": "FR"}, {"import": 0, "export": 0, "id": "ID"}, {"import": 0, "export": 0, "id": "IT"}, {"import": 0, "export": 0, "id": "KH"}, {"import": 0, "export": 0, "id": "CA"}, {"import": 0, "export": 0, "id": "LK"}, {"import": 0, "export": 0, "id": "PK"}, {"import": 0, "export": 0, "id": "PH"}, {"import": 0, "export": 2, "id": "KR"}, {"import": 12, "export": 0, "id": "MY"}, {"import": 0, "export": 0, "id": "AU"}, {"import": 0, "export": 0, "id": "BT"}, {"import": 0, "export": 1, "id": "BN"}, {"import": 0, "export": 0, "id": "MN"}, {"import": 0, "export": 0, "id": "BD"}], "import": 729, "export": 3}, {"date": "2019-10-01", "list": [{"import": 470, "export": 0, "id": "TH"}, {"import": 257, "export": 0, "id": "JP"}, {"import": 0, "export": 0, "id": "MM"}, {"import": 11, "export": 0, "id": "IN"}, {"import": 40, "export": 0, "id": "VN"}, {"import": 1, "export": 0, "id": "TW"}, {"import": 0, "export": 0, "id": "CN"}, {"import": 6, "export": 0, "id": "US"}, {"import": 0, "export": 0, "id": "GB"}, {"import": 0, "export": 0, "id": "FR"}, {"import": 0, "export": 0, "id": "ID"}, {"import": 0, "export": 0, "id": "IT"}, {"import": 6, "export": 0, "id": "KH"}, {"import": 0, "export": 0, "id": "CA"}, {"import": 0, "export": 0, "id": "LK"}, {"import": 0, "export": 0, "id": "PK"}, {"import": 0, "export": 0, "id": "PH"}, {"import": 0, "export": 0, "id": "KR"}, {"import": 11, "export": 0, "id": "MY"}, {"import": 21, "export": 0, "id": "AU"}, {"import": 0, "export": 0, "id": "BT"}, {"import": 0, "export": 4, "id": "BN"}, {"import": 0, "export": 0, "id": "MN"}, {"import": 0, "export": 0, "id": "BD"}], "import": 823, "export": 4}, {"date": "2019-11-01", "list": [{"import": 419, "export": 0, "id": "TH"}, {"import": 214, "export": 0, "id": "JP"}, {"import": 0, "export": 0, "id": "MM"}, {"import": 5, "export": 0, "id": "IN"}, {"import": 25, "export": 0, "id": "VN"}, {"import": 3, "export": 0, "id": "TW"}, {"import": 0, "export": 1, "id": "CN"}, {"import": 0, "export": 0, "id": "US"}, {"import": 0, "export": 0, "id": "GB"}, {"import": 0, "export": 0, "id": "FR"}, {"import": 0, "export": 0, "id": "ID"}, {"import": 0, "export": 0, "id": "IT"}, {"import": 0, "export": 0, "id": "KH"}, {"import": 0, "export": 0, "id": "CA"}, {"import": 0, "export": 0, "id": "LK"}, {"import": 0, "export": 0, "id": "PK"}, {"import": 0, "export": 0, "id": "PH"}, {"import": 0, "export": 0, "id": "KR"}, {"import": 12, "export": 0, "id": "MY"}, {"import": 18, "export": 0, "id": "AU"}, {"import": 0, "export": 0, "id": "BT"}, {"import": 0, "export": 1, "id": "BN"}, {"import": 0, "export": 0, "id": "MN"}, {"import": 0, "export": 0, "id": "BD"}], "import": 696, "export": 2}, {"date": "2019-12-01", "list": [{"import": 437, "export": 0, "id": "TH"}, {"import": 327, "export": 0, "id": "JP"}, {"import": 0, "export": 0, "id": "MM"}, {"import": 4, "export": 0, "id": "IN"}, {"import": 86, "export": 0, "id": "VN"}, {"import": 1, "export": 0, "id": "TW"}, {"import": 9, "export": 0, "id": "CN"}, {"import": 0, "export": 0, "id": "US"}, {"import": 0, "export": 0, "id": "GB"}, {"import": 0, "export": 0, "id": "FR"}, {"import": 4, "export": 0, "id": "ID"}, {"import": 1, "export": 0, "id": "IT"}, {"import": 0, "export": 0, "id": "KH"}, {"import": 0, "export": 0, "id": "CA"}, {"import": 0, "export": 0, "id": "LK"}, {"import": 0, "export": 0, "id": "PK"}, {"import": 0, "export": 0, "id": "PH"}, {"import": 0, "export": 0, "id": "KR"}, {"import": 0, "export": 0, "id": "MY"}, {"import": 0, "export": 0, "id": "AU"}, {"import": 0, "export": 0, "id": "BT"}, {"import": 0, "export": 1, "id": "BN"}, {"import": 0, "export": 0, "id": "MN"}, {"import": 0, "export": 0, "id": "BD"}], "import": 869, "export": 1}, {"date": "2020-01-01", "list": [{"import": 416, "export": 0, "id": "TH"}, {"import": 216, "export": 0, "id": "JP"}, {"import": 0, "export": 0, "id": "MM"}, {"import": 3, "export": 0, "id": "IN"}, {"import": 37, "export": 0, "id": "VN"}, {"import": 15, "export": 0, "id": "TW"}, {"import": 0, "export": 0, "id": "CN"}, {"import": 2, "export": 0, "id": "US"}, {"import": 0, "export": 0, "id": "GB"}, {"import": 0, "export": 0, "id": "FR"}, {"import": 0, "export": 0, "id": "ID"}, {"import": 0, "export": 0, "id": "IT"}, {"import": 19, "export": 0, "id": "KH"}, {"import": 0, "export": 0, "id": "CA"}, {"import": 0, "export": 0, "id": "LK"}, {"import": 0, "export": 0, "id": "PK"}, {"import": 0, "export": 0, "id": "PH"}, {"import": 0, "export": 0, "id": "KR"}, {"import": 14, "export": 0, "id": "MY"}, {"import": 0, "export": 0, "id": "AU"}, {"import": 0, "export": 0, "id": "BT"}, {"import": 0, "export": 1, "id": "BN"}, {"import": 0, "export": 0, "id": "MN"}, {"import": 0, "export": 0, "id": "BD"}], "import": 722, "export": 1}, {"date": "2020-02-01", "list": [{"import": 464, "export": 0, "id": "TH"}, {"import": 338, "export": 0, "id": "JP"}, {"import": 0, "export": 0, "id": "MM"}, {"import": 4, "export": 0, "id": "IN"}, {"import": 56, "export": 0, "id": "VN"}, {"import": 1, "export": 0, "id": "TW"}, {"import": 0, "export": 0, "id": "CN"}, {"import": 0, "export": 0, "id": "US"}, {"import": 0, "export": 0, "id": "GB"}, {"import": 0, "export": 0, "id": "FR"}, {"import": 0, "export": 0, "id": "ID"}, {"import": 0, "export": 0, "id": "IT"}, {"import": 5, "export": 0, "id": "KH"}, {"import": 0, "export": 0, "id": "CA"}, {"import": 10, "export": 0, "id": "LK"}, {"import": 0, "export": 0, "id": "PK"}, {"import": 1, "export": 0, "id": "PH"}, {"import": 0, "export": 6, "id": "KR"}, {"import": 23, "export": 0, "id": "MY"}, {"import": 20, "export": 0, "id": "AU"}, {"import": 0, "export": 0, "id": "BT"}, {"import": 0, "export": 2, "id": "BN"}, {"import": 0, "export": 0, "id": "MN"}, {"import": 0, "export": 1, "id": "BD"}], "import": 922, "export": 9}, {"date": "2020-03-01", "list": [{"import": 624, "export": 0, "id": "TH"}, {"import": 204, "export": 0, "id": "JP"}, {"import": 0, "export": 0, "id": "MM"}, {"import": 11, "export": 0, "id": "IN"}, {"import": 91, "export": 0, "id": "VN"}, {"import": 3, "export": 0, "id": "TW"}, {"import": 6, "export": 0, "id": "CN"}, {"import": 3, "export": 0, "id": "US"}, {"import": 0, "export": 0, "id": "GB"}, {"import": 0, "export": 0, "id": "FR"}, {"import": 0, "export": 0, "id": "ID"}, {"import": 0, "export": 0, "id": "IT"}, {"import": 1, "export": 0, "id": "KH"}, {"import": 0, "export": 0, "id": "CA"}, {"import": 0, "export": 0, "id": "LK"}, {"import": 0, "export": 0, "id": "PK"}, {"import": 0, "export": 0, "id": "PH"}, {"import": 0, "export": 0, "id": "KR"}, {"import": 11, "export": 0, "id": "MY"}, {"import": 0, "export": 0, "id": "AU"}, {"import": 0, "export": 0, "id": "BT"}, {"import": 0, "export": 4, "id": "BN"}, {"import": 0, "export": 0, "id": "MN"}, {"import": 0, "export": 0, "id": "BD"}], "import": 954, "export": 4}, {"date": "2020-04-01", "list": [{"import": 599, "export": 0, "id": "TH"}, {"import": 159, "export": 0, "id": "JP"}, {"import": 0, "export": 0, "id": "MM"}, {"import": 16, "export": 0, "id": "IN"}, {"import": 0, "export": 0, "id": "VN"}, {"import": 13, "export": 0, "id": "TW"}, {"import": 0, "export": 0, "id": "CN"}, {"import": 0, "export": 0, "id": "US"}, {"import": 0, "export": 0, "id": "GB"}, {"import": 0, "export": 0, "id": "FR"}, {"import": 0, "export": 0, "id": "ID"}, {"import": 0, "export": 0, "id": "IT"}, {"import": 2, "export": 0, "id": "KH"}, {"import": 0, "export": 0, "id": "CA"}, {"import": 0, "export": 0, "id": "LK"}, {"import": 0, "export": 0, "id": "PK"}, {"import": 0, "export": 0, "id": "PH"}, {"import": 0, "export": 0, "id": "KR"}, {"import": 0, "export": 0, "id": "MY"}, {"import": 19, "export": 0, "id": "AU"}, {"import": 0, "export": 0, "id": "BT"}, {"import": 0, "export": 0, "id": "BN"}, {"import": 0, "export": 0, "id": "MN"}, {"import": 0, "export": 0, "id": "BD"}], "import": 808, "export": 0}, {"date": "2020-05-01", "list": [{"import": 775, "export": 0, "id": "TH"}, {"import": 194, "export": 0, "id": "JP"}, {"import": 0, "export": 0, "id": "MM"}, {"import": 10, "export": 0, "id": "IN"}, {"import": 163, "export": 0, "id": "VN"}, {"import": 2, "export": 0, "id": "TW"}, {"import": 6, "export": 0, "id": "CN"}, {"import": 3, "export": 0, "id": "US"}, {"import": 0, "export": 0, "id": "GB"}, {"import": 0, "export": 0, "id": "FR"}, {"import": 0, "export": 0, "id": "ID"}, {"import": 0, "export": 0, "id": "IT"}, {"import": 0, "export": 0, "id": "KH"}, {"import": 0, "export": 0, "id": "CA"}, {"import": 0, "export": 0, "id": "LK"}, {"import": 1, "export": 0, "id": "PK"}, {"import": 0, "export": 0, "id": "PH"}, {"import": 0, "export": 0, "id": "KR"}, {"import": 0, "export": 0, "id": "MY"}, {"import": 0, "export": 0, "id": "AU"}, {"import": 0, "export": 0, "id": "BT"}, {"import": 0, "export": 2, "id": "BN"}, {"import": 0, "export": 0, "id": "MN"}, {"import": 0, "export": 0, "id": "BD"}], "import": 1154, "export": 2}, {"date": "2020-06-01", "list": [{"import": 331, "export": 0, "id": "TH"}, {"import": 207, "export": 0, "id": "JP"}, {"import": 51, "export": 0, "id": "MM"}, {"import": 27, "export": 0, "id": "IN"}, {"import": 22, "export": 0, "id": "VN"}, {"import": 13, "export": 0, "id": "TW"}, {"import": 6, "export": 0, "id": "CN"}, {"import": 5, "export": 0, "id": "US"}, {"import": 0, "export": 0, "id": "GB"}, {"import": 0, "export": 0, "id": "FR"}, {"import": 0, "export": 0, "id": "ID"}, {"import": 0, "export": 0, "id": "IT"}, {"import": 0, "export": 0, "id": "KH"}, {"import": 0, "export": 0, "id": "CA"}, {"import": 0, "export": 0, "id": "LK"}, {"import": 0, "export": 0, "id": "PK"}, {"import": 0, "export": 0, "id": "PH"}, {"import": 0, "export": 0, "id": "KR"}, {"import": 0, "export": 0, "id": "MY"}, {"import": 0, "export": 0, "id": "AU"}, {"import": 0, "export": 0, "id": "BT"}, {"import": 0, "export": 3, "id": "BN"}, {"import": 0, "export": 0, "id": "MN"}, {"import": 0, "export": 0, "id": "BD"}], "import": 662, "export": 3}]