[{"date": "2018-11-01", "list": [{"import": 0, "export": 0, "id": "US"}, {"import": 0, "export": 0, "id": "JM"}, {"import": 0, "export": 509570, "id": "NL"}, {"import": 0, "export": 0, "id": "PT"}, {"import": 0, "export": 0, "id": "TT"}, {"import": 0, "export": 0, "id": "GB"}, {"import": 0, "export": 0, "id": "CR"}], "import": 0, "export": 509570}, {"date": "2018-12-01", "list": [{"import": 18000, "export": 0, "id": "US"}, {"import": 0, "export": 0, "id": "JM"}, {"import": 0, "export": 0, "id": "NL"}, {"import": 0, "export": 0, "id": "PT"}, {"import": 0, "export": 0, "id": "TT"}, {"import": 0, "export": 0, "id": "GB"}, {"import": 0, "export": 0, "id": "CR"}], "import": 18000, "export": 0}, {"date": "2019-01-01", "list": [{"import": 16500, "export": 0, "id": "US"}, {"import": 0, "export": 0, "id": "JM"}, {"import": 0, "export": 0, "id": "NL"}, {"import": 0, "export": 0, "id": "PT"}, {"import": 0, "export": 0, "id": "TT"}, {"import": 0, "export": 0, "id": "GB"}, {"import": 0, "export": 0, "id": "CR"}], "import": 16500, "export": 0}, {"date": "2019-02-01", "list": [{"import": 0, "export": 0, "id": "US"}, {"import": 0, "export": 0, "id": "JM"}, {"import": 0, "export": 0, "id": "NL"}, {"import": 0, "export": 0, "id": "PT"}, {"import": 0, "export": 0, "id": "TT"}, {"import": 0, "export": 0, "id": "GB"}, {"import": 0, "export": 0, "id": "CR"}], "import": 0, "export": 0}, {"date": "2019-03-01", "list": [{"import": 0, "export": 0, "id": "US"}, {"import": 0, "export": 0, "id": "JM"}, {"import": 0, "export": 0, "id": "NL"}, {"import": 0, "export": 0, "id": "PT"}, {"import": 0, "export": 0, "id": "TT"}, {"import": 0, "export": 0, "id": "GB"}, {"import": 0, "export": 0, "id": "CR"}], "import": 0, "export": 0}, {"date": "2019-04-01", "list": [{"import": 0, "export": 0, "id": "US"}, {"import": 0, "export": 0, "id": "JM"}, {"import": 0, "export": 0, "id": "NL"}, {"import": 0, "export": 0, "id": "PT"}, {"import": 0, "export": 0, "id": "TT"}, {"import": 0, "export": 0, "id": "GB"}, {"import": 0, "export": 0, "id": "CR"}], "import": 0, "export": 0}, {"date": "2019-05-01", "list": [{"import": 0, "export": 0, "id": "US"}, {"import": 0, "export": 0, "id": "JM"}, {"import": 0, "export": 0, "id": "NL"}, {"import": 0, "export": 0, "id": "PT"}, {"import": 0, "export": 0, "id": "TT"}, {"import": 0, "export": 0, "id": "GB"}, {"import": 0, "export": 0, "id": "CR"}], "import": 0, "export": 0}, {"date": "2019-06-01", "list": [{"import": 850, "export": 0, "id": "US"}, {"import": 0, "export": 0, "id": "JM"}, {"import": 0, "export": 0, "id": "NL"}, {"import": 0, "export": 0, "id": "PT"}, {"import": 0, "export": 0, "id": "TT"}, {"import": 0, "export": 0, "id": "GB"}, {"import": 0, "export": 0, "id": "CR"}], "import": 850, "export": 0}, {"date": "2019-07-01", "list": [{"import": 0, "export": 0, "id": "US"}, {"import": 0, "export": 0, "id": "JM"}, {"import": 0, "export": 0, "id": "NL"}, {"import": 0, "export": 0, "id": "PT"}, {"import": 0, "export": 0, "id": "TT"}, {"import": 0, "export": 0, "id": "GB"}, {"import": 0, "export": 0, "id": "CR"}], "import": 0, "export": 0}, {"date": "2019-08-01", "list": [{"import": 0, "export": 0, "id": "US"}, {"import": 0, "export": 0, "id": "JM"}, {"import": 0, "export": 0, "id": "NL"}, {"import": 0, "export": 0, "id": "PT"}, {"import": 0, "export": 0, "id": "TT"}, {"import": 0, "export": 0, "id": "GB"}, {"import": 0, "export": 0, "id": "CR"}], "import": 0, "export": 0}, {"date": "2019-09-01", "list": [{"import": 0, "export": 0, "id": "US"}, {"import": 0, "export": 36, "id": "JM"}, {"import": 0, "export": 0, "id": "NL"}, {"import": 0, "export": 0, "id": "PT"}, {"import": 0, "export": 0, "id": "TT"}, {"import": 0, "export": 0, "id": "GB"}, {"import": 0, "export": 0, "id": "CR"}], "import": 0, "export": 36}, {"date": "2019-10-01", "list": [{"import": 0, "export": 0, "id": "US"}, {"import": 0, "export": 0, "id": "JM"}, {"import": 0, "export": 3000000, "id": "NL"}, {"import": 0, "export": 0, "id": "PT"}, {"import": 0, "export": 0, "id": "TT"}, {"import": 0, "export": 0, "id": "GB"}, {"import": 0, "export": 0, "id": "CR"}], "import": 0, "export": 3000000}, {"date": "2019-11-01", "list": [{"import": 0, "export": 0, "id": "US"}, {"import": 0, "export": 0, "id": "JM"}, {"import": 0, "export": 0, "id": "NL"}, {"import": 0, "export": 0, "id": "PT"}, {"import": 0, "export": 0, "id": "TT"}, {"import": 0, "export": 0, "id": "GB"}, {"import": 0, "export": 0, "id": "CR"}], "import": 0, "export": 0}, {"date": "2019-12-01", "list": [{"import": 0, "export": 0, "id": "US"}, {"import": 0, "export": 0, "id": "JM"}, {"import": 0, "export": 0, "id": "NL"}, {"import": 0, "export": 0, "id": "PT"}, {"import": 0, "export": 0, "id": "TT"}, {"import": 0, "export": 0, "id": "GB"}, {"import": 0, "export": 0, "id": "CR"}], "import": 0, "export": 0}, {"date": "2020-01-01", "list": [{"import": 0, "export": 0, "id": "US"}, {"import": 0, "export": 0, "id": "JM"}, {"import": 0, "export": 0, "id": "NL"}, {"import": 0, "export": 0, "id": "PT"}, {"import": 0, "export": 0, "id": "TT"}, {"import": 0, "export": 3500000, "id": "GB"}, {"import": 0, "export": 0, "id": "CR"}], "import": 0, "export": 3500000}, {"date": "2020-02-01", "list": [{"import": 0, "export": 0, "id": "US"}, {"import": 0, "export": 0, "id": "JM"}, {"import": 0, "export": 0, "id": "NL"}, {"import": 0, "export": 0, "id": "PT"}, {"import": 0, "export": 0, "id": "TT"}, {"import": 0, "export": 0, "id": "GB"}, {"import": 0, "export": 0, "id": "CR"}], "import": 0, "export": 0}, {"date": "2020-03-01", "list": [{"import": 0, "export": 0, "id": "US"}, {"import": 0, "export": 0, "id": "JM"}, {"import": 0, "export": 0, "id": "NL"}, {"import": 0, "export": 0, "id": "PT"}, {"import": 0, "export": 0, "id": "TT"}, {"import": 0, "export": 0, "id": "GB"}, {"import": 0, "export": 20000, "id": "CR"}], "import": 0, "export": 20000}, {"date": "2020-04-01", "list": [{"import": 0, "export": 0, "id": "US"}, {"import": 0, "export": 0, "id": "JM"}, {"import": 0, "export": 0, "id": "NL"}, {"import": 0, "export": 5250000, "id": "PT"}, {"import": 0, "export": 0, "id": "TT"}, {"import": 0, "export": 5300000, "id": "GB"}, {"import": 0, "export": 0, "id": "CR"}], "import": 0, "export": 10550000}]