[{"date": "2018-05-01", "list": [{"import": 0, "export": 0, "id": "AE"}, {"import": 0, "export": 0, "id": "TZ"}, {"import": 0, "export": 0, "id": "CN"}, {"import": 0, "export": 0, "id": "VN"}], "import": 0, "export": 0}, {"date": "2018-06-01", "list": [{"import": 0, "export": 0, "id": "AE"}, {"import": 0, "export": 0, "id": "TZ"}, {"import": 0, "export": 0, "id": "CN"}, {"import": 0, "export": 0, "id": "VN"}], "import": 0, "export": 0}, {"date": "2018-07-01", "list": [{"import": 0, "export": 0, "id": "AE"}, {"import": 0, "export": 0, "id": "TZ"}, {"import": 0, "export": 0, "id": "CN"}, {"import": 0, "export": 0, "id": "VN"}], "import": 0, "export": 0}, {"date": "2018-08-01", "list": [{"import": 563, "export": 0, "id": "AE"}, {"import": 0, "export": 0, "id": "TZ"}, {"import": 0, "export": 0, "id": "CN"}, {"import": 0, "export": 0, "id": "VN"}], "import": 563, "export": 0}, {"date": "2018-09-01", "list": [{"import": 0, "export": 0, "id": "AE"}, {"import": 0, "export": 0, "id": "TZ"}, {"import": 0, "export": 0, "id": "CN"}, {"import": 0, "export": 0, "id": "VN"}], "import": 0, "export": 0}, {"date": "2018-10-01", "list": [{"import": 1018, "export": 0, "id": "AE"}, {"import": 1750, "export": 0, "id": "TZ"}, {"import": 0, "export": 0, "id": "CN"}, {"import": 0, "export": 0, "id": "VN"}], "import": 2768, "export": 0}, {"date": "2018-11-01", "list": [{"import": 0, "export": 0, "id": "AE"}, {"import": 0, "export": 0, "id": "TZ"}, {"import": 0, "export": 0, "id": "CN"}, {"import": 250, "export": 0, "id": "VN"}], "import": 250, "export": 0}, {"date": "2018-12-01", "list": [{"import": 0, "export": 0, "id": "AE"}, {"import": 0, "export": 0, "id": "TZ"}, {"import": 0, "export": 0, "id": "CN"}, {"import": 0, "export": 0, "id": "VN"}], "import": 0, "export": 0}, {"date": "2019-01-01", "list": [{"import": 0, "export": 0, "id": "AE"}, {"import": 0, "export": 0, "id": "TZ"}, {"import": 0, "export": 0, "id": "CN"}, {"import": 0, "export": 0, "id": "VN"}], "import": 0, "export": 0}, {"date": "2019-02-01", "list": [{"import": 141, "export": 0, "id": "AE"}, {"import": 0, "export": 0, "id": "TZ"}, {"import": 0, "export": 0, "id": "CN"}, {"import": 0, "export": 0, "id": "VN"}], "import": 141, "export": 0}, {"date": "2019-03-01", "list": [{"import": 0, "export": 0, "id": "AE"}, {"import": 0, "export": 0, "id": "TZ"}, {"import": 0, "export": 0, "id": "CN"}, {"import": 0, "export": 0, "id": "VN"}], "import": 0, "export": 0}, {"date": "2019-04-01", "list": [{"import": 0, "export": 0, "id": "AE"}, {"import": 0, "export": 0, "id": "TZ"}, {"import": 0, "export": 0, "id": "CN"}, {"import": 0, "export": 0, "id": "VN"}], "import": 0, "export": 0}, {"date": "2019-05-01", "list": [{"import": 2809, "export": 0, "id": "AE"}, {"import": 0, "export": 0, "id": "TZ"}, {"import": 0, "export": 0, "id": "CN"}, {"import": 0, "export": 0, "id": "VN"}], "import": 2809, "export": 0}, {"date": "2019-06-01", "list": [{"import": 0, "export": 0, "id": "AE"}, {"import": 0, "export": 0, "id": "TZ"}, {"import": 0, "export": 0, "id": "CN"}, {"import": 0, "export": 0, "id": "VN"}], "import": 0, "export": 0}, {"date": "2019-07-01", "list": [{"import": 1693, "export": 0, "id": "AE"}, {"import": 0, "export": 0, "id": "TZ"}, {"import": 0, "export": 0, "id": "CN"}, {"import": 0, "export": 0, "id": "VN"}], "import": 1693, "export": 0}, {"date": "2019-08-01", "list": [{"import": 2690, "export": 0, "id": "AE"}, {"import": 0, "export": 0, "id": "TZ"}, {"import": 994, "export": 0, "id": "CN"}, {"import": 0, "export": 0, "id": "VN"}], "import": 3684, "export": 0}, {"date": "2019-09-01", "list": [{"import": 0, "export": 0, "id": "AE"}, {"import": 0, "export": 0, "id": "TZ"}, {"import": 0, "export": 0, "id": "CN"}, {"import": 0, "export": 0, "id": "VN"}], "import": 0, "export": 0}, {"date": "2019-10-01", "list": [{"import": 0, "export": 0, "id": "AE"}, {"import": 0, "export": 0, "id": "TZ"}, {"import": 0, "export": 0, "id": "CN"}, {"import": 0, "export": 0, "id": "VN"}], "import": 0, "export": 0}, {"date": "2019-11-01", "list": [{"import": 303, "export": 0, "id": "AE"}, {"import": 0, "export": 0, "id": "TZ"}, {"import": 0, "export": 0, "id": "CN"}, {"import": 0, "export": 0, "id": "VN"}], "import": 303, "export": 0}, {"date": "2019-12-01", "list": [{"import": 1050, "export": 0, "id": "AE"}, {"import": 0, "export": 0, "id": "TZ"}, {"import": 0, "export": 0, "id": "CN"}, {"import": 0, "export": 0, "id": "VN"}], "import": 1050, "export": 0}]