[{"date": "2018-11-01", "list": [{"import": 0, "export": 0, "id": "EC"}, {"import": 0, "export": 0, "id": "PE"}, {"import": 59463, "export": 0, "id": "US"}, {"import": 17500, "export": 0, "id": "TH"}, {"import": 3401, "export": 0, "id": "IT"}, {"import": 4800, "export": 0, "id": "ES"}, {"import": 0, "export": 0, "id": "IN"}, {"import": 0, "export": 0, "id": "BO"}, {"import": 0, "export": 0, "id": "DE"}, {"import": 0, "export": 0, "id": "AW"}, {"import": 0, "export": 0, "id": "VE"}, {"import": 0, "export": 0, "id": "HT"}, {"import": 0, "export": 0, "id": "CA"}], "import": 85164, "export": 0}, {"date": "2018-12-01", "list": [{"import": 7761777, "export": 0, "id": "EC"}, {"import": 0, "export": 0, "id": "PE"}, {"import": 39918, "export": 0, "id": "US"}, {"import": 0, "export": 0, "id": "TH"}, {"import": 13246, "export": 0, "id": "IT"}, {"import": 1920, "export": 0, "id": "ES"}, {"import": 0, "export": 0, "id": "IN"}, {"import": 997890, "export": 0, "id": "BO"}, {"import": 0, "export": 0, "id": "DE"}, {"import": 0, "export": 0, "id": "AW"}, {"import": 0, "export": 42, "id": "VE"}, {"import": 0, "export": 0, "id": "HT"}, {"import": 0, "export": 0, "id": "CA"}], "import": 8814751, "export": 42}, {"date": "2019-01-01", "list": [{"import": 0, "export": 0, "id": "EC"}, {"import": 0, "export": 0, "id": "PE"}, {"import": 55359, "export": 0, "id": "US"}, {"import": 25000, "export": 0, "id": "TH"}, {"import": 2335, "export": 0, "id": "IT"}, {"import": 9600, "export": 0, "id": "ES"}, {"import": 0, "export": 0, "id": "IN"}, {"import": 0, "export": 0, "id": "BO"}, {"import": 0, "export": 0, "id": "DE"}, {"import": 0, "export": 0, "id": "AW"}, {"import": 0, "export": 0, "id": "VE"}, {"import": 0, "export": 0, "id": "HT"}, {"import": 0, "export": 0, "id": "CA"}], "import": 92294, "export": 0}, {"date": "2019-02-01", "list": [{"import": 775837, "export": 0, "id": "EC"}, {"import": 2020000, "export": 0, "id": "PE"}, {"import": 95321, "export": 0, "id": "US"}, {"import": 0, "export": 0, "id": "TH"}, {"import": 6000, "export": 0, "id": "IT"}, {"import": 1920, "export": 0, "id": "ES"}, {"import": 0, "export": 0, "id": "IN"}, {"import": 0, "export": 0, "id": "BO"}, {"import": 0, "export": 0, "id": "DE"}, {"import": 0, "export": 0, "id": "AW"}, {"import": 0, "export": 0, "id": "VE"}, {"import": 0, "export": 0, "id": "HT"}, {"import": 0, "export": 0, "id": "CA"}], "import": 2899078, "export": 0}, {"date": "2019-03-01", "list": [{"import": 8160944, "export": 0, "id": "EC"}, {"import": 1588000, "export": 0, "id": "PE"}, {"import": 6580780, "export": 0, "id": "US"}, {"import": 41130, "export": 0, "id": "TH"}, {"import": 14051, "export": 0, "id": "IT"}, {"import": 0, "export": 0, "id": "ES"}, {"import": 24752, "export": 0, "id": "IN"}, {"import": 0, "export": 0, "id": "BO"}, {"import": 0, "export": 0, "id": "DE"}, {"import": 0, "export": 0, "id": "AW"}, {"import": 0, "export": 0, "id": "VE"}, {"import": 0, "export": 0, "id": "HT"}, {"import": 0, "export": 0, "id": "CA"}], "import": 16409657, "export": 0}, {"date": "2019-04-01", "list": [{"import": 1448844, "export": 0, "id": "EC"}, {"import": 4749261, "export": 0, "id": "PE"}, {"import": 99494, "export": 0, "id": "US"}, {"import": 44201, "export": 0, "id": "TH"}, {"import": 3491, "export": 0, "id": "IT"}, {"import": 0, "export": 0, "id": "ES"}, {"import": 2794, "export": 0, "id": "IN"}, {"import": 0, "export": 0, "id": "BO"}, {"import": 0, "export": 0, "id": "DE"}, {"import": 0, "export": 0, "id": "AW"}, {"import": 0, "export": 0, "id": "VE"}, {"import": 0, "export": 0, "id": "HT"}, {"import": 0, "export": 0, "id": "CA"}], "import": 6348085, "export": 0}, {"date": "2019-05-01", "list": [{"import": 3870886, "export": 0, "id": "EC"}, {"import": 2704000, "export": 0, "id": "PE"}, {"import": 102915, "export": 0, "id": "US"}, {"import": 0, "export": 0, "id": "TH"}, {"import": 20438, "export": 0, "id": "IT"}, {"import": 0, "export": 0, "id": "ES"}, {"import": 0, "export": 0, "id": "IN"}, {"import": 0, "export": 0, "id": "BO"}, {"import": 0, "export": 0, "id": "DE"}, {"import": 0, "export": 0, "id": "AW"}, {"import": 0, "export": 0, "id": "VE"}, {"import": 0, "export": 0, "id": "HT"}, {"import": 0, "export": 0, "id": "CA"}], "import": 6698239, "export": 0}, {"date": "2019-06-01", "list": [{"import": 499958, "export": 0, "id": "EC"}, {"import": 4370738, "export": 0, "id": "PE"}, {"import": 94897, "export": 0, "id": "US"}, {"import": 0, "export": 0, "id": "TH"}, {"import": 2000, "export": 0, "id": "IT"}, {"import": 7780, "export": 0, "id": "ES"}, {"import": 0, "export": 0, "id": "IN"}, {"import": 0, "export": 0, "id": "BO"}, {"import": 0, "export": 0, "id": "DE"}, {"import": 0, "export": 0, "id": "AW"}, {"import": 0, "export": 0, "id": "VE"}, {"import": 0, "export": 0, "id": "HT"}, {"import": 0, "export": 0, "id": "CA"}], "import": 4975373, "export": 0}, {"date": "2019-07-01", "list": [{"import": 0, "export": 0, "id": "EC"}, {"import": 10805975, "export": 0, "id": "PE"}, {"import": 628848, "export": 0, "id": "US"}, {"import": 25000, "export": 0, "id": "TH"}, {"import": 32420, "export": 0, "id": "IT"}, {"import": 0, "export": 0, "id": "ES"}, {"import": 5000, "export": 0, "id": "IN"}, {"import": 0, "export": 0, "id": "BO"}, {"import": 0, "export": 0, "id": "DE"}, {"import": 0, "export": 0, "id": "AW"}, {"import": 0, "export": 0, "id": "VE"}, {"import": 0, "export": 0, "id": "HT"}, {"import": 0, "export": 0, "id": "CA"}], "import": 11497243, "export": 0}, {"date": "2019-08-01", "list": [{"import": 0, "export": 0, "id": "EC"}, {"import": 2558000, "export": 0, "id": "PE"}, {"import": 5833997, "export": 0, "id": "US"}, {"import": 37680, "export": 0, "id": "TH"}, {"import": 18428, "export": 0, "id": "IT"}, {"import": 1920, "export": 0, "id": "ES"}, {"import": 0, "export": 0, "id": "IN"}, {"import": 0, "export": 0, "id": "BO"}, {"import": 0, "export": 0, "id": "DE"}, {"import": 0, "export": 506, "id": "AW"}, {"import": 0, "export": 0, "id": "VE"}, {"import": 0, "export": 0, "id": "HT"}, {"import": 0, "export": 0, "id": "CA"}], "import": 8450025, "export": 506}, {"date": "2019-09-01", "list": [{"import": 0, "export": 0, "id": "EC"}, {"import": 0, "export": 0, "id": "PE"}, {"import": 331055, "export": 0, "id": "US"}, {"import": 17500, "export": 0, "id": "TH"}, {"import": 4644, "export": 0, "id": "IT"}, {"import": 960, "export": 0, "id": "ES"}, {"import": 0, "export": 0, "id": "IN"}, {"import": 0, "export": 0, "id": "BO"}, {"import": 0, "export": 0, "id": "DE"}, {"import": 0, "export": 0, "id": "AW"}, {"import": 0, "export": 0, "id": "VE"}, {"import": 0, "export": 0, "id": "HT"}, {"import": 0, "export": 0, "id": "CA"}], "import": 354159, "export": 0}, {"date": "2019-10-01", "list": [{"import": 0, "export": 0, "id": "EC"}, {"import": 157000, "export": 0, "id": "PE"}, {"import": 67102, "export": 0, "id": "US"}, {"import": 17500, "export": 0, "id": "TH"}, {"import": 23237, "export": 0, "id": "IT"}, {"import": 1800, "export": 0, "id": "ES"}, {"import": 1597, "export": 0, "id": "IN"}, {"import": 0, "export": 0, "id": "BO"}, {"import": 0, "export": 0, "id": "DE"}, {"import": 0, "export": 0, "id": "AW"}, {"import": 0, "export": 4392, "id": "VE"}, {"import": 0, "export": 0, "id": "HT"}, {"import": 0, "export": 0, "id": "CA"}], "import": 268236, "export": 4392}, {"date": "2019-11-01", "list": [{"import": 0, "export": 0, "id": "EC"}, {"import": 573000, "export": 0, "id": "PE"}, {"import": 74524, "export": 0, "id": "US"}, {"import": 17500, "export": 0, "id": "TH"}, {"import": 5470, "export": 0, "id": "IT"}, {"import": 12001, "export": 0, "id": "ES"}, {"import": 43502, "export": 0, "id": "IN"}, {"import": 0, "export": 0, "id": "BO"}, {"import": 0, "export": 0, "id": "DE"}, {"import": 0, "export": 0, "id": "AW"}, {"import": 0, "export": 0, "id": "VE"}, {"import": 0, "export": 0, "id": "HT"}, {"import": 0, "export": 0, "id": "CA"}], "import": 725997, "export": 0}, {"date": "2019-12-01", "list": [{"import": 14221013, "export": 0, "id": "EC"}, {"import": 3969570, "export": 0, "id": "PE"}, {"import": 24195209, "export": 0, "id": "US"}, {"import": 50000, "export": 0, "id": "TH"}, {"import": 4037, "export": 0, "id": "IT"}, {"import": 1928, "export": 0, "id": "ES"}, {"import": 0, "export": 0, "id": "IN"}, {"import": 0, "export": 0, "id": "BO"}, {"import": 0, "export": 0, "id": "DE"}, {"import": 0, "export": 0, "id": "AW"}, {"import": 0, "export": 0, "id": "VE"}, {"import": 0, "export": 0, "id": "HT"}, {"import": 0, "export": 0, "id": "CA"}], "import": 42441757, "export": 0}, {"date": "2020-01-01", "list": [{"import": 339931, "export": 0, "id": "EC"}, {"import": 8121795, "export": 0, "id": "PE"}, {"import": 971141, "export": 0, "id": "US"}, {"import": 17832, "export": 0, "id": "TH"}, {"import": 30000, "export": 0, "id": "IT"}, {"import": 0, "export": 0, "id": "ES"}, {"import": 0, "export": 0, "id": "IN"}, {"import": 0, "export": 0, "id": "BO"}, {"import": 0, "export": 0, "id": "DE"}, {"import": 0, "export": 0, "id": "AW"}, {"import": 0, "export": 1392, "id": "VE"}, {"import": 0, "export": 1047200, "id": "HT"}, {"import": 0, "export": 3015, "id": "CA"}], "import": 9480699, "export": 1051607}, {"date": "2020-02-01", "list": [{"import": 18670645, "export": 0, "id": "EC"}, {"import": 15423205, "export": 0, "id": "PE"}, {"import": 94269, "export": 0, "id": "US"}, {"import": 1701, "export": 0, "id": "TH"}, {"import": 0, "export": 0, "id": "IT"}, {"import": 840, "export": 0, "id": "ES"}, {"import": 0, "export": 0, "id": "IN"}, {"import": 0, "export": 0, "id": "BO"}, {"import": 0, "export": 0, "id": "DE"}, {"import": 0, "export": 0, "id": "AW"}, {"import": 0, "export": 0, "id": "VE"}, {"import": 0, "export": 0, "id": "HT"}, {"import": 0, "export": 0, "id": "CA"}], "import": 34190660, "export": 0}, {"date": "2020-03-01", "list": [{"import": 4592079, "export": 0, "id": "EC"}, {"import": 8793565, "export": 0, "id": "PE"}, {"import": 85390, "export": 0, "id": "US"}, {"import": 0, "export": 0, "id": "TH"}, {"import": 13260, "export": 0, "id": "IT"}, {"import": 15694, "export": 0, "id": "ES"}, {"import": 0, "export": 0, "id": "IN"}, {"import": 0, "export": 0, "id": "BO"}, {"import": 0, "export": 0, "id": "DE"}, {"import": 0, "export": 0, "id": "AW"}, {"import": 0, "export": 0, "id": "VE"}, {"import": 0, "export": 838950, "id": "HT"}, {"import": 0, "export": 0, "id": "CA"}], "import": 13499988, "export": 838950}, {"date": "2020-04-01", "list": [{"import": 635753, "export": 0, "id": "EC"}, {"import": 5443130, "export": 0, "id": "PE"}, {"import": 22668, "export": 0, "id": "US"}, {"import": 0, "export": 0, "id": "TH"}, {"import": 3500, "export": 0, "id": "IT"}, {"import": 0, "export": 0, "id": "ES"}, {"import": 0, "export": 0, "id": "IN"}, {"import": 0, "export": 0, "id": "BO"}, {"import": 0, "export": 0, "id": "DE"}, {"import": 0, "export": 1013, "id": "AW"}, {"import": 0, "export": 0, "id": "VE"}, {"import": 0, "export": 0, "id": "HT"}, {"import": 0, "export": 0, "id": "CA"}], "import": 6105051, "export": 1013}]