[{"date": "2018-05-01", "list": [{"import": 0, "export": 0, "id": "TW"}, {"import": 0, "export": 0, "id": "US"}], "import": 0, "export": 0}, {"date": "2018-06-01", "list": [{"import": 0, "export": 0, "id": "TW"}, {"import": 1015, "export": 0, "id": "US"}], "import": 1015, "export": 0}, {"date": "2018-07-01", "list": [{"import": 100000, "export": 0, "id": "TW"}, {"import": 0, "export": 0, "id": "US"}], "import": 100000, "export": 0}, {"date": "2018-08-01", "list": [{"import": 0, "export": 0, "id": "TW"}, {"import": 0, "export": 0, "id": "US"}], "import": 0, "export": 0}, {"date": "2018-09-01", "list": [{"import": 0, "export": 0, "id": "TW"}, {"import": 1040944, "export": 0, "id": "US"}], "import": 1040944, "export": 0}, {"date": "2018-10-01", "list": [{"import": 0, "export": 0, "id": "TW"}, {"import": 0, "export": 0, "id": "US"}], "import": 0, "export": 0}, {"date": "2018-11-01", "list": [{"import": 0, "export": 0, "id": "TW"}, {"import": 0, "export": 0, "id": "US"}], "import": 0, "export": 0}, {"date": "2018-12-01", "list": [{"import": 0, "export": 0, "id": "TW"}, {"import": 5985258, "export": 0, "id": "US"}], "import": 5985258, "export": 0}, {"date": "2019-01-01", "list": [{"import": 0, "export": 0, "id": "TW"}, {"import": 0, "export": 0, "id": "US"}], "import": 0, "export": 0}, {"date": "2019-02-01", "list": [{"import": 0, "export": 0, "id": "TW"}, {"import": 0, "export": 0, "id": "US"}], "import": 0, "export": 0}, {"date": "2019-03-01", "list": [{"import": 0, "export": 0, "id": "TW"}, {"import": 0, "export": 0, "id": "US"}], "import": 0, "export": 0}, {"date": "2019-04-01", "list": [{"import": 0, "export": 0, "id": "TW"}, {"import": 0, "export": 0, "id": "US"}], "import": 0, "export": 0}, {"date": "2019-05-01", "list": [{"import": 0, "export": 0, "id": "TW"}, {"import": 194, "export": 0, "id": "US"}], "import": 194, "export": 0}, {"date": "2019-06-01", "list": [{"import": 0, "export": 0, "id": "TW"}, {"import": 0, "export": 0, "id": "US"}], "import": 0, "export": 0}, {"date": "2019-07-01", "list": [{"import": 0, "export": 0, "id": "TW"}, {"import": 0, "export": 0, "id": "US"}], "import": 0, "export": 0}, {"date": "2019-08-01", "list": [{"import": 0, "export": 0, "id": "TW"}, {"import": 0, "export": 0, "id": "US"}], "import": 0, "export": 0}, {"date": "2019-09-01", "list": [{"import": 0, "export": 0, "id": "TW"}, {"import": 0, "export": 0, "id": "US"}], "import": 0, "export": 0}, {"date": "2019-10-01", "list": [{"import": 0, "export": 0, "id": "TW"}, {"import": 5268159, "export": 0, "id": "US"}], "import": 5268159, "export": 0}, {"date": "2019-11-01", "list": [{"import": 0, "export": 0, "id": "TW"}, {"import": 0, "export": 0, "id": "US"}], "import": 0, "export": 0}, {"date": "2019-12-01", "list": [{"import": 0, "export": 0, "id": "TW"}, {"import": 0, "export": 0, "id": "US"}], "import": 0, "export": 0}]