[{"date": "2018-08-01", "list": [{"import": 1568, "export": 10, "id": "ZA"}, {"import": 0, "export": 0, "id": "TH"}, {"import": 0, "export": 0, "id": "AE"}, {"import": 0, "export": 0, "id": "TZ"}, {"import": 0, "export": 0, "id": "BR"}, {"import": 0, "export": 0, "id": "KR"}, {"import": 0, "export": 0, "id": "PK"}, {"import": 1054, "export": 0, "id": "PT"}, {"import": 0, "export": 0, "id": "IN"}, {"import": 0, "export": 0, "id": "LR"}, {"import": 0, "export": 0, "id": "SG"}], "import": 2622, "export": 10}, {"date": "2018-09-01", "list": [{"import": 5149, "export": 0, "id": "ZA"}, {"import": 0, "export": 0, "id": "TH"}, {"import": 0, "export": 0, "id": "AE"}, {"import": 0, "export": 0, "id": "TZ"}, {"import": 0, "export": 0, "id": "BR"}, {"import": 0, "export": 0, "id": "KR"}, {"import": 0, "export": 0, "id": "PK"}, {"import": 0, "export": 0, "id": "PT"}, {"import": 0, "export": 0, "id": "IN"}, {"import": 0, "export": 0, "id": "LR"}, {"import": 0, "export": 0, "id": "SG"}], "import": 5149, "export": 0}, {"date": "2018-10-01", "list": [{"import": 4075, "export": 0, "id": "ZA"}, {"import": 0, "export": 0, "id": "TH"}, {"import": 0, "export": 0, "id": "AE"}, {"import": 0, "export": 0, "id": "TZ"}, {"import": 25, "export": 0, "id": "BR"}, {"import": 0, "export": 0, "id": "KR"}, {"import": 0, "export": 0, "id": "PK"}, {"import": 0, "export": 0, "id": "PT"}, {"import": 20021, "export": 0, "id": "IN"}, {"import": 0, "export": 0, "id": "LR"}, {"import": 0, "export": 0, "id": "SG"}], "import": 24121, "export": 0}, {"date": "2018-11-01", "list": [{"import": 10846, "export": 0, "id": "ZA"}, {"import": 380, "export": 0, "id": "TH"}, {"import": 0, "export": 0, "id": "AE"}, {"import": 0, "export": 0, "id": "TZ"}, {"import": 0, "export": 0, "id": "BR"}, {"import": 10, "export": 0, "id": "KR"}, {"import": 0, "export": 0, "id": "PK"}, {"import": 0, "export": 0, "id": "PT"}, {"import": 0, "export": 0, "id": "IN"}, {"import": 0, "export": 0, "id": "LR"}, {"import": 0, "export": 0, "id": "SG"}], "import": 11236, "export": 0}, {"date": "2018-12-01", "list": [{"import": 4409, "export": 0, "id": "ZA"}, {"import": 0, "export": 0, "id": "TH"}, {"import": 0, "export": 0, "id": "AE"}, {"import": 0, "export": 0, "id": "TZ"}, {"import": 0, "export": 0, "id": "BR"}, {"import": 0, "export": 0, "id": "KR"}, {"import": 0, "export": 0, "id": "PK"}, {"import": 0, "export": 0, "id": "PT"}, {"import": 0, "export": 0, "id": "IN"}, {"import": 0, "export": 0, "id": "LR"}, {"import": 0, "export": 0, "id": "SG"}], "import": 4409, "export": 0}, {"date": "2019-01-01", "list": [{"import": 4045, "export": 0, "id": "ZA"}, {"import": 0, "export": 0, "id": "TH"}, {"import": 0, "export": 0, "id": "AE"}, {"import": 0, "export": 0, "id": "TZ"}, {"import": 0, "export": 0, "id": "BR"}, {"import": 0, "export": 0, "id": "KR"}, {"import": 0, "export": 0, "id": "PK"}, {"import": 0, "export": 0, "id": "PT"}, {"import": 0, "export": 0, "id": "IN"}, {"import": 0, "export": 0, "id": "LR"}, {"import": 0, "export": 0, "id": "SG"}], "import": 4045, "export": 0}, {"date": "2019-02-01", "list": [{"import": 4191, "export": 0, "id": "ZA"}, {"import": 0, "export": 0, "id": "TH"}, {"import": 0, "export": 0, "id": "AE"}, {"import": 0, "export": 0, "id": "TZ"}, {"import": 0, "export": 0, "id": "BR"}, {"import": 0, "export": 0, "id": "KR"}, {"import": 0, "export": 0, "id": "PK"}, {"import": 0, "export": 0, "id": "PT"}, {"import": 10, "export": 0, "id": "IN"}, {"import": 0, "export": 0, "id": "LR"}, {"import": 0, "export": 0, "id": "SG"}], "import": 4201, "export": 0}, {"date": "2019-03-01", "list": [{"import": 2625, "export": 0, "id": "ZA"}, {"import": 0, "export": 0, "id": "TH"}, {"import": 255, "export": 0, "id": "AE"}, {"import": 0, "export": 0, "id": "TZ"}, {"import": 0, "export": 0, "id": "BR"}, {"import": 0, "export": 0, "id": "KR"}, {"import": 0, "export": 0, "id": "PK"}, {"import": 0, "export": 0, "id": "PT"}, {"import": 0, "export": 0, "id": "IN"}, {"import": 0, "export": 0, "id": "LR"}, {"import": 0, "export": 0, "id": "SG"}], "import": 2880, "export": 0}, {"date": "2019-04-01", "list": [{"import": 1411, "export": 0, "id": "ZA"}, {"import": 0, "export": 0, "id": "TH"}, {"import": 0, "export": 243, "id": "AE"}, {"import": 0, "export": 0, "id": "TZ"}, {"import": 0, "export": 0, "id": "BR"}, {"import": 0, "export": 0, "id": "KR"}, {"import": 0, "export": 0, "id": "PK"}, {"import": 0, "export": 0, "id": "PT"}, {"import": 0, "export": 0, "id": "IN"}, {"import": 0, "export": 0, "id": "LR"}, {"import": 0, "export": 0, "id": "SG"}], "import": 1411, "export": 243}, {"date": "2019-05-01", "list": [{"import": 951, "export": 0, "id": "ZA"}, {"import": 0, "export": 0, "id": "TH"}, {"import": 0, "export": 0, "id": "AE"}, {"import": 1500, "export": 0, "id": "TZ"}, {"import": 0, "export": 0, "id": "BR"}, {"import": 0, "export": 0, "id": "KR"}, {"import": 0, "export": 0, "id": "PK"}, {"import": 0, "export": 0, "id": "PT"}, {"import": 0, "export": 0, "id": "IN"}, {"import": 0, "export": 0, "id": "LR"}, {"import": 0, "export": 0, "id": "SG"}], "import": 2451, "export": 0}, {"date": "2019-06-01", "list": [{"import": 3961, "export": 0, "id": "ZA"}, {"import": 0, "export": 0, "id": "TH"}, {"import": 0, "export": 0, "id": "AE"}, {"import": 0, "export": 0, "id": "TZ"}, {"import": 0, "export": 0, "id": "BR"}, {"import": 0, "export": 0, "id": "KR"}, {"import": 0, "export": 0, "id": "PK"}, {"import": 0, "export": 0, "id": "PT"}, {"import": 0, "export": 0, "id": "IN"}, {"import": 0, "export": 0, "id": "LR"}, {"import": 0, "export": 0, "id": "SG"}], "import": 3961, "export": 0}, {"date": "2019-07-01", "list": [{"import": 5506, "export": 100, "id": "ZA"}, {"import": 0, "export": 0, "id": "TH"}, {"import": 0, "export": 0, "id": "AE"}, {"import": 0, "export": 0, "id": "TZ"}, {"import": 0, "export": 0, "id": "BR"}, {"import": 0, "export": 0, "id": "KR"}, {"import": 0, "export": 0, "id": "PK"}, {"import": 420, "export": 0, "id": "PT"}, {"import": 0, "export": 0, "id": "IN"}, {"import": 0, "export": 0, "id": "LR"}, {"import": 0, "export": 0, "id": "SG"}], "import": 5926, "export": 100}, {"date": "2019-08-01", "list": [{"import": 3415, "export": 0, "id": "ZA"}, {"import": 0, "export": 0, "id": "TH"}, {"import": 0, "export": 0, "id": "AE"}, {"import": 0, "export": 0, "id": "TZ"}, {"import": 0, "export": 0, "id": "BR"}, {"import": 0, "export": 0, "id": "KR"}, {"import": 0, "export": 0, "id": "PK"}, {"import": 0, "export": 0, "id": "PT"}, {"import": 0, "export": 0, "id": "IN"}, {"import": 0, "export": 0, "id": "LR"}, {"import": 0, "export": 0, "id": "SG"}], "import": 3415, "export": 0}, {"date": "2019-09-01", "list": [{"import": 4080, "export": 0, "id": "ZA"}, {"import": 0, "export": 0, "id": "TH"}, {"import": 0, "export": 0, "id": "AE"}, {"import": 0, "export": 0, "id": "TZ"}, {"import": 0, "export": 0, "id": "BR"}, {"import": 0, "export": 0, "id": "KR"}, {"import": 2025, "export": 0, "id": "PK"}, {"import": 0, "export": 0, "id": "PT"}, {"import": 0, "export": 0, "id": "IN"}, {"import": 0, "export": 17, "id": "LR"}, {"import": 0, "export": 200, "id": "SG"}], "import": 6105, "export": 217}, {"date": "2019-10-01", "list": [{"import": 549, "export": 100, "id": "ZA"}, {"import": 0, "export": 0, "id": "TH"}, {"import": 0, "export": 0, "id": "AE"}, {"import": 0, "export": 0, "id": "TZ"}, {"import": 0, "export": 0, "id": "BR"}, {"import": 0, "export": 0, "id": "KR"}, {"import": 0, "export": 0, "id": "PK"}, {"import": 929, "export": 0, "id": "PT"}, {"import": 0, "export": 0, "id": "IN"}, {"import": 0, "export": 0, "id": "LR"}, {"import": 0, "export": 0, "id": "SG"}], "import": 1478, "export": 100}, {"date": "2019-11-01", "list": [{"import": 2941, "export": 0, "id": "ZA"}, {"import": 0, "export": 0, "id": "TH"}, {"import": 0, "export": 0, "id": "AE"}, {"import": 0, "export": 0, "id": "TZ"}, {"import": 0, "export": 0, "id": "BR"}, {"import": 0, "export": 0, "id": "KR"}, {"import": 0, "export": 0, "id": "PK"}, {"import": 0, "export": 0, "id": "PT"}, {"import": 0, "export": 0, "id": "IN"}, {"import": 0, "export": 0, "id": "LR"}, {"import": 0, "export": 0, "id": "SG"}], "import": 2941, "export": 0}, {"date": "2019-12-01", "list": [{"import": 2912, "export": 0, "id": "ZA"}, {"import": 0, "export": 0, "id": "TH"}, {"import": 0, "export": 0, "id": "AE"}, {"import": 0, "export": 0, "id": "TZ"}, {"import": 0, "export": 0, "id": "BR"}, {"import": 0, "export": 0, "id": "KR"}, {"import": 0, "export": 0, "id": "PK"}, {"import": 0, "export": 0, "id": "PT"}, {"import": 0, "export": 0, "id": "IN"}, {"import": 0, "export": 0, "id": "LR"}, {"import": 0, "export": 0, "id": "SG"}], "import": 2912, "export": 0}, {"date": "2020-01-01", "list": [{"import": 0, "export": 0, "id": "ZA"}, {"import": 0, "export": 0, "id": "TH"}, {"import": 0, "export": 0, "id": "AE"}, {"import": 0, "export": 0, "id": "TZ"}, {"import": 0, "export": 0, "id": "BR"}, {"import": 0, "export": 0, "id": "KR"}, {"import": 0, "export": 0, "id": "PK"}, {"import": 0, "export": 0, "id": "PT"}, {"import": 0, "export": 0, "id": "IN"}, {"import": 0, "export": 0, "id": "LR"}, {"import": 0, "export": 0, "id": "SG"}], "import": 0, "export": 0}]