[{"date": "2018-12-01", "list": [{"import": 898180, "export": 0, "id": "PY"}, {"import": 6359206, "export": 0, "id": "AR"}, {"import": 477662, "export": 0, "id": "UY"}, {"import": 116196, "export": 128379, "id": "BR"}, {"import": 25110, "export": 0, "id": "VN"}, {"import": 155022, "export": 0, "id": "US"}, {"import": 50200, "export": 0, "id": "CN"}, {"import": 55193, "export": 0, "id": "IT"}, {"import": 59340, "export": 0, "id": "ES"}, {"import": 0, "export": 0, "id": "HT"}, {"import": 38318, "export": 0, "id": "IN"}, {"import": 0, "export": 0, "id": "PK"}, {"import": 0, "export": 0, "id": "-"}, {"import": 0, "export": 0, "id": "JP"}, {"import": 0, "export": 0, "id": "TW"}, {"import": 0, "export": 0, "id": "FR"}, {"import": 0, "export": 0, "id": "DE"}, {"import": 95262, "export": 0, "id": "PE"}, {"import": 381106, "export": 0, "id": "TH"}, {"import": 0, "export": 0, "id": "TR"}, {"import": 0, "export": 0, "id": "EG"}, {"import": 0, "export": 449353, "id": "VE"}], "import": 8710795, "export": 577732}, {"date": "2019-01-01", "list": [{"import": 473487, "export": 0, "id": "PY"}, {"import": 8726767, "export": 0, "id": "AR"}, {"import": 279904, "export": 0, "id": "UY"}, {"import": 442209, "export": 183540, "id": "BR"}, {"import": 2600, "export": 0, "id": "VN"}, {"import": 126705, "export": 0, "id": "US"}, {"import": 13320, "export": 0, "id": "CN"}, {"import": 9360, "export": 0, "id": "IT"}, {"import": 360, "export": 0, "id": "ES"}, {"import": 81165, "export": 0, "id": "HT"}, {"import": 26250, "export": 0, "id": "IN"}, {"import": 25070, "export": 0, "id": "PK"}, {"import": 839, "export": 0, "id": "-"}, {"import": 0, "export": 0, "id": "JP"}, {"import": 0, "export": 0, "id": "TW"}, {"import": 0, "export": 0, "id": "FR"}, {"import": 0, "export": 0, "id": "DE"}, {"import": 166720, "export": 17305, "id": "PE"}, {"import": 0, "export": 0, "id": "TH"}, {"import": 23058, "export": 0, "id": "TR"}, {"import": 0, "export": 0, "id": "EG"}, {"import": 0, "export": 762135, "id": "VE"}], "import": 10397814, "export": 962980}, {"date": "2019-02-01", "list": [{"import": 815443, "export": 0, "id": "PY"}, {"import": 7623936, "export": 0, "id": "AR"}, {"import": 296958, "export": 0, "id": "UY"}, {"import": 432433, "export": 228511, "id": "BR"}, {"import": 115586, "export": 0, "id": "VN"}, {"import": 70718, "export": 0, "id": "US"}, {"import": 31775, "export": 0, "id": "CN"}, {"import": 0, "export": 0, "id": "IT"}, {"import": 0, "export": 0, "id": "ES"}, {"import": 0, "export": 0, "id": "HT"}, {"import": 5456, "export": 0, "id": "IN"}, {"import": 105294, "export": 0, "id": "PK"}, {"import": 233, "export": 0, "id": "-"}, {"import": 0, "export": 0, "id": "JP"}, {"import": 0, "export": 0, "id": "TW"}, {"import": 0, "export": 0, "id": "FR"}, {"import": 0, "export": 0, "id": "DE"}, {"import": 195810, "export": 0, "id": "PE"}, {"import": 451360, "export": 0, "id": "TH"}, {"import": 0, "export": 0, "id": "TR"}, {"import": 0, "export": 0, "id": "EG"}, {"import": 0, "export": 100979, "id": "VE"}], "import": 10145002, "export": 329490}, {"date": "2019-03-01", "list": [{"import": 904170, "export": 0, "id": "PY"}, {"import": 8104173, "export": 0, "id": "AR"}, {"import": 308062, "export": 0, "id": "UY"}, {"import": 0, "export": 79910, "id": "BR"}, {"import": 0, "export": 0, "id": "VN"}, {"import": 98220, "export": 0, "id": "US"}, {"import": 0, "export": 0, "id": "CN"}, {"import": 13755, "export": 0, "id": "IT"}, {"import": 19310, "export": 0, "id": "ES"}, {"import": 16414, "export": 0, "id": "HT"}, {"import": 35280, "export": 0, "id": "IN"}, {"import": 381264, "export": 0, "id": "PK"}, {"import": 0, "export": 0, "id": "-"}, {"import": 0, "export": 0, "id": "JP"}, {"import": 0, "export": 0, "id": "TW"}, {"import": 0, "export": 0, "id": "FR"}, {"import": 14844, "export": 0, "id": "DE"}, {"import": 133230, "export": 0, "id": "PE"}, {"import": 132696, "export": 0, "id": "TH"}, {"import": 0, "export": 0, "id": "TR"}, {"import": 0, "export": 0, "id": "EG"}, {"import": 0, "export": 1443983, "id": "VE"}], "import": 10161418, "export": 1523893}, {"date": "2019-04-01", "list": [{"import": 2137081, "export": 0, "id": "PY"}, {"import": 7983998, "export": 0, "id": "AR"}, {"import": 421462, "export": 0, "id": "UY"}, {"import": 58096, "export": 53280, "id": "BR"}, {"import": 98514, "export": 0, "id": "VN"}, {"import": 119988, "export": 0, "id": "US"}, {"import": 0, "export": 0, "id": "CN"}, {"import": 54574, "export": 0, "id": "IT"}, {"import": 73787, "export": 0, "id": "ES"}, {"import": 0, "export": 0, "id": "HT"}, {"import": 56403, "export": 0, "id": "IN"}, {"import": 285902, "export": 0, "id": "PK"}, {"import": 6551, "export": 0, "id": "-"}, {"import": 0, "export": 0, "id": "JP"}, {"import": 0, "export": 0, "id": "TW"}, {"import": 0, "export": 0, "id": "FR"}, {"import": 0, "export": 0, "id": "DE"}, {"import": 112760, "export": 0, "id": "PE"}, {"import": 76133, "export": 0, "id": "TH"}, {"import": 0, "export": 0, "id": "TR"}, {"import": 0, "export": 0, "id": "EG"}, {"import": 0, "export": 100978, "id": "VE"}], "import": 11485249, "export": 154258}, {"date": "2019-05-01", "list": [{"import": 1583840, "export": 0, "id": "PY"}, {"import": 7087705, "export": 0, "id": "AR"}, {"import": 590090, "export": 0, "id": "UY"}, {"import": 131681, "export": 0, "id": "BR"}, {"import": 96527, "export": 0, "id": "VN"}, {"import": 250438, "export": 0, "id": "US"}, {"import": 45473, "export": 0, "id": "CN"}, {"import": 75777, "export": 0, "id": "IT"}, {"import": 101620, "export": 0, "id": "ES"}, {"import": 22170, "export": 0, "id": "HT"}, {"import": 0, "export": 0, "id": "IN"}, {"import": 911758, "export": 0, "id": "PK"}, {"import": 0, "export": 0, "id": "-"}, {"import": 0, "export": 0, "id": "JP"}, {"import": 0, "export": 0, "id": "TW"}, {"import": 0, "export": 0, "id": "FR"}, {"import": 0, "export": 0, "id": "DE"}, {"import": 55540, "export": 0, "id": "PE"}, {"import": 301046, "export": 0, "id": "TH"}, {"import": 0, "export": 0, "id": "TR"}, {"import": 10836, "export": 0, "id": "EG"}, {"import": 0, "export": 30291, "id": "VE"}], "import": 11264501, "export": 30291}, {"date": "2019-06-01", "list": [{"import": 1884933, "export": 0, "id": "PY"}, {"import": 6637233, "export": 0, "id": "AR"}, {"import": 673300, "export": 0, "id": "UY"}, {"import": 145308, "export": 53280, "id": "BR"}, {"import": 74200, "export": 0, "id": "VN"}, {"import": 263363, "export": 0, "id": "US"}, {"import": 35640, "export": 0, "id": "CN"}, {"import": 135815, "export": 0, "id": "IT"}, {"import": 0, "export": 0, "id": "ES"}, {"import": 0, "export": 0, "id": "HT"}, {"import": 38764, "export": 0, "id": "IN"}, {"import": 572012, "export": 0, "id": "PK"}, {"import": 0, "export": 0, "id": "-"}, {"import": 0, "export": 0, "id": "JP"}, {"import": 0, "export": 0, "id": "TW"}, {"import": 0, "export": 0, "id": "FR"}, {"import": 40870, "export": 0, "id": "DE"}, {"import": 163510, "export": 0, "id": "PE"}, {"import": 359970, "export": 0, "id": "TH"}, {"import": 0, "export": 0, "id": "TR"}, {"import": 0, "export": 0, "id": "EG"}, {"import": 0, "export": 30293, "id": "VE"}], "import": 11024918, "export": 83573}, {"date": "2019-07-01", "list": [{"import": 1896232, "export": 0, "id": "PY"}, {"import": 6855742, "export": 0, "id": "AR"}, {"import": 589966, "export": 0, "id": "UY"}, {"import": 212553, "export": 0, "id": "BR"}, {"import": 347708, "export": 0, "id": "VN"}, {"import": 216902, "export": 0, "id": "US"}, {"import": 0, "export": 0, "id": "CN"}, {"import": 38033, "export": 0, "id": "IT"}, {"import": 31275, "export": 0, "id": "ES"}, {"import": 0, "export": 0, "id": "HT"}, {"import": 5605, "export": 0, "id": "IN"}, {"import": 120432, "export": 0, "id": "PK"}, {"import": 0, "export": 0, "id": "-"}, {"import": 0, "export": 0, "id": "JP"}, {"import": 0, "export": 0, "id": "TW"}, {"import": 0, "export": 0, "id": "FR"}, {"import": 7383, "export": 0, "id": "DE"}, {"import": 136550, "export": 0, "id": "PE"}, {"import": 0, "export": 0, "id": "TH"}, {"import": 0, "export": 0, "id": "TR"}, {"import": 0, "export": 0, "id": "EG"}, {"import": 0, "export": 0, "id": "VE"}], "import": 10458381, "export": 0}, {"date": "2019-08-01", "list": [{"import": 1029174, "export": 0, "id": "PY"}, {"import": 9510595, "export": 0, "id": "AR"}, {"import": 252880, "export": 0, "id": "UY"}, {"import": 281965, "export": 79940, "id": "BR"}, {"import": 171222, "export": 0, "id": "VN"}, {"import": 102200, "export": 0, "id": "US"}, {"import": 44600, "export": 0, "id": "CN"}, {"import": 40791, "export": 0, "id": "IT"}, {"import": 187152, "export": 0, "id": "ES"}, {"import": 0, "export": 0, "id": "HT"}, {"import": 2993, "export": 0, "id": "IN"}, {"import": 258317, "export": 0, "id": "PK"}, {"import": 0, "export": 0, "id": "-"}, {"import": 0, "export": 0, "id": "JP"}, {"import": 0, "export": 0, "id": "TW"}, {"import": 0, "export": 0, "id": "FR"}, {"import": 5265, "export": 0, "id": "DE"}, {"import": 83920, "export": 0, "id": "PE"}, {"import": 86458, "export": 0, "id": "TH"}, {"import": 0, "export": 0, "id": "TR"}, {"import": 0, "export": 0, "id": "EG"}, {"import": 0, "export": 0, "id": "VE"}], "import": 12057532, "export": 79940}, {"date": "2019-09-01", "list": [{"import": 1532097, "export": 0, "id": "PY"}, {"import": 8795474, "export": 0, "id": "AR"}, {"import": 448437, "export": 0, "id": "UY"}, {"import": 145200, "export": 0, "id": "BR"}, {"import": 351200, "export": 0, "id": "VN"}, {"import": 134805, "export": 0, "id": "US"}, {"import": 14090, "export": 0, "id": "CN"}, {"import": 40607, "export": 0, "id": "IT"}, {"import": 0, "export": 0, "id": "ES"}, {"import": 0, "export": 0, "id": "HT"}, {"import": 0, "export": 0, "id": "IN"}, {"import": 120432, "export": 0, "id": "PK"}, {"import": 808, "export": 0, "id": "-"}, {"import": 0, "export": 0, "id": "JP"}, {"import": 0, "export": 0, "id": "TW"}, {"import": 0, "export": 0, "id": "FR"}, {"import": 5946, "export": 0, "id": "DE"}, {"import": 0, "export": 0, "id": "PE"}, {"import": 0, "export": 0, "id": "TH"}, {"import": 0, "export": 0, "id": "TR"}, {"import": 0, "export": 0, "id": "EG"}, {"import": 0, "export": 0, "id": "VE"}], "import": 11589096, "export": 0}, {"date": "2019-10-01", "list": [{"import": 749551, "export": 0, "id": "PY"}, {"import": 6960021, "export": 0, "id": "AR"}, {"import": 646054, "export": 0, "id": "UY"}, {"import": 290640, "export": 0, "id": "BR"}, {"import": 50240, "export": 0, "id": "VN"}, {"import": 74802, "export": 0, "id": "US"}, {"import": 29810, "export": 0, "id": "CN"}, {"import": 33074, "export": 0, "id": "IT"}, {"import": 0, "export": 0, "id": "ES"}, {"import": 0, "export": 0, "id": "HT"}, {"import": 6941, "export": 0, "id": "IN"}, {"import": 100320, "export": 0, "id": "PK"}, {"import": 0, "export": 0, "id": "-"}, {"import": 0, "export": 0, "id": "JP"}, {"import": 7524, "export": 0, "id": "TW"}, {"import": 0, "export": 0, "id": "FR"}, {"import": 0, "export": 0, "id": "DE"}, {"import": 0, "export": 0, "id": "PE"}, {"import": 0, "export": 0, "id": "TH"}, {"import": 0, "export": 0, "id": "TR"}, {"import": 0, "export": 0, "id": "EG"}, {"import": 0, "export": 152192, "id": "VE"}], "import": 8948977, "export": 152192}, {"date": "2019-11-01", "list": [{"import": 4532139, "export": 0, "id": "PY"}, {"import": 6098847, "export": 0, "id": "AR"}, {"import": 700093, "export": 0, "id": "UY"}, {"import": 316222, "export": 0, "id": "BR"}, {"import": 347658, "export": 0, "id": "VN"}, {"import": 81881, "export": 0, "id": "US"}, {"import": 15280, "export": 0, "id": "CN"}, {"import": 72780, "export": 0, "id": "IT"}, {"import": 23731, "export": 0, "id": "ES"}, {"import": 38634, "export": 0, "id": "HT"}, {"import": 10080, "export": 0, "id": "IN"}, {"import": 152820, "export": 0, "id": "PK"}, {"import": 597, "export": 0, "id": "-"}, {"import": 0, "export": 0, "id": "JP"}, {"import": 24418, "export": 0, "id": "TW"}, {"import": 926, "export": 0, "id": "FR"}, {"import": 0, "export": 0, "id": "DE"}, {"import": 0, "export": 0, "id": "PE"}, {"import": 0, "export": 0, "id": "TH"}, {"import": 0, "export": 0, "id": "TR"}, {"import": 0, "export": 0, "id": "EG"}, {"import": 0, "export": 0, "id": "VE"}], "import": 12416106, "export": 0}, {"date": "2019-12-01", "list": [{"import": 2898852, "export": 0, "id": "PY"}, {"import": 6383910, "export": 0, "id": "AR"}, {"import": 1514355, "export": 0, "id": "UY"}, {"import": 377632, "export": 0, "id": "BR"}, {"import": 0, "export": 0, "id": "VN"}, {"import": 151277, "export": 0, "id": "US"}, {"import": 0, "export": 0, "id": "CN"}, {"import": 0, "export": 0, "id": "IT"}, {"import": 4116, "export": 0, "id": "ES"}, {"import": 0, "export": 0, "id": "HT"}, {"import": 4704, "export": 0, "id": "IN"}, {"import": 50140, "export": 0, "id": "PK"}, {"import": 25062, "export": 0, "id": "-"}, {"import": 0, "export": 0, "id": "JP"}, {"import": 0, "export": 0, "id": "TW"}, {"import": 0, "export": 0, "id": "FR"}, {"import": 6638, "export": 0, "id": "DE"}, {"import": 83720, "export": 0, "id": "PE"}, {"import": 114075, "export": 0, "id": "TH"}, {"import": 0, "export": 0, "id": "TR"}, {"import": 0, "export": 0, "id": "EG"}, {"import": 0, "export": 0, "id": "VE"}], "import": 11614481, "export": 0}, {"date": "2020-01-01", "list": [{"import": 2831078, "export": 0, "id": "PY"}, {"import": 3689271, "export": 0, "id": "AR"}, {"import": 1066299, "export": 0, "id": "UY"}, {"import": 435840, "export": 0, "id": "BR"}, {"import": 424426, "export": 0, "id": "VN"}, {"import": 148170, "export": 0, "id": "US"}, {"import": 18090, "export": 0, "id": "CN"}, {"import": 41026, "export": 0, "id": "IT"}, {"import": 76446, "export": 0, "id": "ES"}, {"import": 0, "export": 0, "id": "HT"}, {"import": 0, "export": 0, "id": "IN"}, {"import": 0, "export": 0, "id": "PK"}, {"import": 0, "export": 0, "id": "-"}, {"import": 0, "export": 0, "id": "JP"}, {"import": 0, "export": 0, "id": "TW"}, {"import": 0, "export": 0, "id": "FR"}, {"import": 6207, "export": 0, "id": "DE"}, {"import": 109270, "export": 0, "id": "PE"}, {"import": 250800, "export": 0, "id": "TH"}, {"import": 0, "export": 0, "id": "TR"}, {"import": 0, "export": 0, "id": "EG"}, {"import": 0, "export": 0, "id": "VE"}], "import": 9096923, "export": 0}, {"date": "2020-02-01", "list": [{"import": 2618762, "export": 0, "id": "PY"}, {"import": 5055087, "export": 0, "id": "AR"}, {"import": 2001049, "export": 0, "id": "UY"}, {"import": 283363, "export": 0, "id": "BR"}, {"import": 73148, "export": 0, "id": "VN"}, {"import": 19933, "export": 0, "id": "US"}, {"import": 24449, "export": 0, "id": "CN"}, {"import": 35169, "export": 0, "id": "IT"}, {"import": 0, "export": 0, "id": "ES"}, {"import": 0, "export": 0, "id": "HT"}, {"import": 0, "export": 0, "id": "IN"}, {"import": 160404, "export": 0, "id": "PK"}, {"import": 0, "export": 0, "id": "-"}, {"import": 170, "export": 0, "id": "JP"}, {"import": 0, "export": 0, "id": "TW"}, {"import": 0, "export": 0, "id": "FR"}, {"import": 0, "export": 0, "id": "DE"}, {"import": 0, "export": 0, "id": "PE"}, {"import": 0, "export": 0, "id": "TH"}, {"import": 0, "export": 0, "id": "TR"}, {"import": 0, "export": 0, "id": "EG"}, {"import": 0, "export": 0, "id": "VE"}], "import": 10271534, "export": 0}, {"date": "2020-03-01", "list": [{"import": 3322479, "export": 0, "id": "PY"}, {"import": 6156363, "export": 0, "id": "AR"}, {"import": 1067015, "export": 0, "id": "UY"}, {"import": 29121, "export": 0, "id": "BR"}, {"import": 48396, "export": 0, "id": "VN"}, {"import": 91003, "export": 0, "id": "US"}, {"import": 0, "export": 0, "id": "CN"}, {"import": 84643, "export": 0, "id": "IT"}, {"import": 93672, "export": 0, "id": "ES"}, {"import": 0, "export": 0, "id": "HT"}, {"import": 0, "export": 0, "id": "IN"}, {"import": 162518, "export": 0, "id": "PK"}, {"import": 0, "export": 0, "id": "-"}, {"import": 0, "export": 0, "id": "JP"}, {"import": 0, "export": 0, "id": "TW"}, {"import": 0, "export": 0, "id": "FR"}, {"import": 17177, "export": 0, "id": "DE"}, {"import": 84500, "export": 0, "id": "PE"}, {"import": 0, "export": 0, "id": "TH"}, {"import": 0, "export": 0, "id": "TR"}, {"import": 0, "export": 0, "id": "EG"}, {"import": 0, "export": 0, "id": "VE"}], "import": 11156887, "export": 0}, {"date": "2020-04-01", "list": [{"import": 5855326, "export": 0, "id": "PY"}, {"import": 8952307, "export": 0, "id": "AR"}, {"import": 1066839, "export": 0, "id": "UY"}, {"import": 1020940, "export": 0, "id": "BR"}, {"import": 150520, "export": 0, "id": "VN"}, {"import": 97444, "export": 0, "id": "US"}, {"import": 0, "export": 0, "id": "CN"}, {"import": 31251, "export": 0, "id": "IT"}, {"import": 15945, "export": 0, "id": "ES"}, {"import": 0, "export": 0, "id": "HT"}, {"import": 13653, "export": 0, "id": "IN"}, {"import": 25091, "export": 0, "id": "PK"}, {"import": 0, "export": 0, "id": "-"}, {"import": 0, "export": 0, "id": "JP"}, {"import": 0, "export": 0, "id": "TW"}, {"import": 0, "export": 0, "id": "FR"}, {"import": 8636, "export": 0, "id": "DE"}, {"import": 110470, "export": 0, "id": "PE"}, {"import": 152292, "export": 0, "id": "TH"}, {"import": 0, "export": 0, "id": "TR"}, {"import": 0, "export": 0, "id": "EG"}, {"import": 0, "export": 0, "id": "VE"}], "import": 17500714, "export": 0}, {"date": "2020-05-01", "list": [{"import": 6165144, "export": 0, "id": "PY"}, {"import": 6336049, "export": 0, "id": "AR"}, {"import": 1263633, "export": 0, "id": "UY"}, {"import": 913523, "export": 0, "id": "BR"}, {"import": 250800, "export": 0, "id": "VN"}, {"import": 19705, "export": 0, "id": "US"}, {"import": 0, "export": 0, "id": "CN"}, {"import": 62519, "export": 0, "id": "IT"}, {"import": 93672, "export": 0, "id": "ES"}, {"import": 0, "export": 0, "id": "HT"}, {"import": 650, "export": 0, "id": "IN"}, {"import": 50140, "export": 0, "id": "PK"}, {"import": 0, "export": 0, "id": "-"}, {"import": 0, "export": 0, "id": "JP"}, {"import": 0, "export": 0, "id": "TW"}, {"import": 0, "export": 0, "id": "FR"}, {"import": 0, "export": 0, "id": "DE"}, {"import": 82690, "export": 0, "id": "PE"}, {"import": 0, "export": 0, "id": "TH"}, {"import": 0, "export": 0, "id": "TR"}, {"import": 0, "export": 0, "id": "EG"}, {"import": 0, "export": 0, "id": "VE"}], "import": 15238525, "export": 0}]