[{"date": "12-01", "list": [{"import": 1, "export": 0, "id": "-"}], "import": 16, "export": 0}, {"date": "1-01", "list": [{"import": 2, "export": 0, "id": "-"}], "import": 9, "export": 0}, {"date": "2-01", "list": [{"import": 133563, "export": 0, "id": "GR"}, {"import": 72000, "export": 0, "id": "UY"}, {"import": 1720, "export": 0, "id": "PK"}, {"import": 24000, "export": 0, "id": "KH"}, {"import": 29758, "export": 0, "id": "GB"}, {"import": 23948, "export": 0, "id": "DE"}, {"import": 92400, "export": 0, "id": "IN"}, {"import": 0, "export": 0, "id": "TH"}, {"import": 850, "export": 0, "id": "ES"}, {"import": 0, "export": 0, "id": "CN"}, {"import": 0, "export": 0, "id": "NL"}, {"import": 101434, "export": 0, "id": "BE"}, {"import": 1454, "export": 0, "id": "PT"}, {"import": 6562, "export": 0, "id": "IT"}, {"import": 0, "export": 0, "id": "LK"}, {"import": 6300, "export": 0, "id": "BD"}, {"import": 0, "export": 0, "id": "LB"}, {"import": 0, "export": 0, "id": "TW"}, {"import": 0, "export": 0, "id": "ID"}, {"import": 0, "export": 0, "id": "IL"}, {"import": 0, "export": 0, "id": "PL"}, {"import": 0, "export": 0, "id": "MM"}, {"import": 0, "export": 0, "id": "FR"}, {"import": 0, "export": 0, "id": "US"}, {"import": 2, "export": 0, "id": "-"}], "import": 493991, "export": 0}, {"date": "Unnamed: 3-01", "list": [{"import": 265666, "export": 0, "id": "GR"}, {"import": 144000, "export": 0, "id": "UY"}, {"import": 24000, "export": 0, "id": "PK"}, {"import": 24000, "export": 0, "id": "KH"}, {"import": 63160, "export": 0, "id": "GB"}, {"import": 0, "export": 0, "id": "DE"}, {"import": 22000, "export": 0, "id": "IN"}, {"import": 22650, "export": 0, "id": "TH"}, {"import": 36625, "export": 0, "id": "ES"}, {"import": 0, "export": 0, "id": "CN"}, {"import": 10040, "export": 0, "id": "NL"}, {"import": 20810, "export": 0, "id": "BE"}, {"import": 0, "export": 0, "id": "PT"}, {"import": 3746, "export": 0, "id": "IT"}, {"import": 0, "export": 0, "id": "LK"}, {"import": 0, "export": 0, "id": "BD"}, {"import": 0, "export": 0, "id": "LB"}, {"import": 24000, "export": 0, "id": "TW"}, {"import": 24000, "export": 0, "id": "ID"}, {"import": 0, "export": 0, "id": "IL"}, {"import": 0, "export": 0, "id": "PL"}, {"import": 50000, "export": 0, "id": "MM"}, {"import": 0, "export": 0, "id": "FR"}, {"import": 36767, "export": 0, "id": "US"}], "import": 771464, "export": 0}, {"date": "Unnamed: 4-01", "list": [{"import": 109041, "export": 0, "id": "GR"}, {"import": 146000, "export": 0, "id": "UY"}, {"import": 24600, "export": 0, "id": "PK"}, {"import": 0, "export": 0, "id": "KH"}, {"import": 14107, "export": 0, "id": "GB"}, {"import": 0, "export": 0, "id": "DE"}, {"import": 70000, "export": 0, "id": "IN"}, {"import": 24000, "export": 0, "id": "TH"}, {"import": 16148, "export": 0, "id": "ES"}, {"import": 18000, "export": 0, "id": "CN"}, {"import": 0, "export": 0, "id": "NL"}, {"import": 30666, "export": 0, "id": "BE"}, {"import": 0, "export": 0, "id": "PT"}, {"import": 3890, "export": 0, "id": "IT"}, {"import": 0, "export": 0, "id": "LK"}, {"import": 0, "export": 0, "id": "BD"}, {"import": 800, "export": 0, "id": "LB"}, {"import": 0, "export": 0, "id": "TW"}, {"import": 0, "export": 0, "id": "ID"}, {"import": 0, "export": 0, "id": "IL"}, {"import": 2487, "export": 0, "id": "PL"}, {"import": 50000, "export": 0, "id": "MM"}, {"import": 576, "export": 0, "id": "FR"}, {"import": 0, "export": 0, "id": "US"}], "import": 510315, "export": 0}, {"date": "Unnamed: 5-01", "list": [{"import": 121820, "export": 0, "id": "GR"}, {"import": 24000, "export": 0, "id": "UY"}, {"import": 25000, "export": 0, "id": "PK"}, {"import": 23984, "export": 0, "id": "KH"}, {"import": 31797, "export": 0, "id": "GB"}, {"import": 27235, "export": 0, "id": "DE"}, {"import": 66900, "export": 0, "id": "IN"}, {"import": 48990, "export": 0, "id": "TH"}, {"import": 11545, "export": 0, "id": "ES"}, {"import": 0, "export": 0, "id": "CN"}, {"import": 11486, "export": 0, "id": "NL"}, {"import": 47543, "export": 0, "id": "BE"}, {"import": 0, "export": 0, "id": "PT"}, {"import": 5334, "export": 0, "id": "IT"}, {"import": 0, "export": 0, "id": "LK"}, {"import": 0, "export": 0, "id": "BD"}, {"import": 0, "export": 0, "id": "LB"}, {"import": 0, "export": 0, "id": "TW"}, {"import": 0, "export": 0, "id": "ID"}, {"import": 0, "export": 0, "id": "IL"}, {"import": 0, "export": 0, "id": "PL"}, {"import": 50000, "export": 0, "id": "MM"}, {"import": 0, "export": 0, "id": "FR"}, {"import": 0, "export": 0, "id": "US"}], "import": 495634, "export": 0}, {"date": "Unnamed: 6-01", "list": [{"import": 92557, "export": 0, "id": "GR"}, {"import": 96000, "export": 0, "id": "UY"}, {"import": 73000, "export": 0, "id": "PK"}, {"import": 23992, "export": 0, "id": "KH"}, {"import": 88973, "export": 0, "id": "GB"}, {"import": 850, "export": 0, "id": "DE"}, {"import": 137800, "export": 0, "id": "IN"}, {"import": 22500, "export": 0, "id": "TH"}, {"import": 15432, "export": 0, "id": "ES"}, {"import": 0, "export": 0, "id": "CN"}, {"import": 47640, "export": 0, "id": "NL"}, {"import": 136220, "export": 0, "id": "BE"}, {"import": 0, "export": 0, "id": "PT"}, {"import": 9029, "export": 0, "id": "IT"}, {"import": 0, "export": 0, "id": "LK"}, {"import": 0, "export": 0, "id": "BD"}, {"import": 0, "export": 0, "id": "LB"}, {"import": 0, "export": 0, "id": "TW"}, {"import": 0, "export": 0, "id": "ID"}, {"import": 0, "export": 0, "id": "IL"}, {"import": 0, "export": 0, "id": "PL"}, {"import": 100000, "export": 0, "id": "MM"}, {"import": 0, "export": 0, "id": "FR"}, {"import": 0, "export": 0, "id": "US"}], "import": 843993, "export": 0}, {"date": "Unnamed: 7-01", "list": [{"import": 332563, "export": 0, "id": "GR"}, {"import": 242000, "export": 0, "id": "UY"}, {"import": 0, "export": 0, "id": "PK"}, {"import": 0, "export": 0, "id": "KH"}, {"import": 17864, "export": 0, "id": "GB"}, {"import": 13806, "export": 0, "id": "DE"}, {"import": 112900, "export": 0, "id": "IN"}, {"import": 0, "export": 0, "id": "TH"}, {"import": 0, "export": 0, "id": "ES"}, {"import": 18630, "export": 0, "id": "CN"}, {"import": 0, "export": 0, "id": "NL"}, {"import": 73407, "export": 0, "id": "BE"}, {"import": 0, "export": 0, "id": "PT"}, {"import": 10658, "export": 0, "id": "IT"}, {"import": 0, "export": 0, "id": "LK"}, {"import": 700, "export": 0, "id": "BD"}, {"import": 1150, "export": 0, "id": "LB"}, {"import": 0, "export": 0, "id": "TW"}, {"import": 0, "export": 0, "id": "ID"}, {"import": 0, "export": 0, "id": "IL"}, {"import": 3193, "export": 0, "id": "PL"}, {"import": 50000, "export": 0, "id": "MM"}, {"import": 0, "export": 0, "id": "FR"}, {"import": 17128, "export": 0, "id": "US"}], "import": 893999, "export": 0}, {"date": "Unnamed: 8-01", "list": [{"import": 227603, "export": 0, "id": "GR"}, {"import": 72000, "export": 0, "id": "UY"}, {"import": 24000, "export": 0, "id": "PK"}, {"import": 23992, "export": 0, "id": "KH"}, {"import": 44399, "export": 0, "id": "GB"}, {"import": 11384, "export": 0, "id": "DE"}, {"import": 93000, "export": 0, "id": "IN"}, {"import": 105696, "export": 0, "id": "TH"}, {"import": 4413, "export": 0, "id": "ES"}, {"import": 0, "export": 0, "id": "CN"}, {"import": 23360, "export": 0, "id": "NL"}, {"import": 62167, "export": 0, "id": "BE"}, {"import": 3362, "export": 0, "id": "PT"}, {"import": 640, "export": 0, "id": "IT"}, {"import": 0, "export": 0, "id": "LK"}, {"import": 0, "export": 0, "id": "BD"}, {"import": 450, "export": 0, "id": "LB"}, {"import": 0, "export": 0, "id": "TW"}, {"import": 0, "export": 0, "id": "ID"}, {"import": 0, "export": 0, "id": "IL"}, {"import": 0, "export": 0, "id": "PL"}, {"import": 0, "export": 0, "id": "MM"}, {"import": 0, "export": 0, "id": "FR"}, {"import": 36108, "export": 0, "id": "US"}], "import": 732574, "export": 0}, {"date": "Unnamed: 9-01", "list": [{"import": 124275, "export": 0, "id": "GR"}, {"import": 0, "export": 0, "id": "UY"}, {"import": 50080, "export": 0, "id": "PK"}, {"import": 25000, "export": 0, "id": "KH"}, {"import": 116101, "export": 0, "id": "GB"}, {"import": 24482, "export": 0, "id": "DE"}, {"import": 0, "export": 0, "id": "IN"}, {"import": 0, "export": 0, "id": "TH"}, {"import": 11767, "export": 0, "id": "ES"}, {"import": 0, "export": 0, "id": "CN"}, {"import": 9991, "export": 0, "id": "NL"}, {"import": 46859, "export": 0, "id": "BE"}, {"import": 1950, "export": 0, "id": "PT"}, {"import": 3014, "export": 0, "id": "IT"}, {"import": 1460, "export": 0, "id": "LK"}, {"import": 1000, "export": 0, "id": "BD"}, {"import": 0, "export": 0, "id": "LB"}, {"import": 0, "export": 0, "id": "TW"}, {"import": 0, "export": 0, "id": "ID"}, {"import": 0, "export": 0, "id": "IL"}, {"import": 11940, "export": 0, "id": "PL"}, {"import": 100000, "export": 0, "id": "MM"}, {"import": 0, "export": 0, "id": "FR"}, {"import": 0, "export": 0, "id": "US"}], "import": 527919, "export": 0}, {"date": "Unnamed: 10-01", "list": [{"import": 175096, "export": 0, "id": "GR"}, {"import": 144000, "export": 0, "id": "UY"}, {"import": 1000, "export": 0, "id": "PK"}, {"import": 23992, "export": 0, "id": "KH"}, {"import": 104049, "export": 0, "id": "GB"}, {"import": 11233, "export": 0, "id": "DE"}, {"import": 7000, "export": 0, "id": "IN"}, {"import": 71988, "export": 0, "id": "TH"}, {"import": 15731, "export": 0, "id": "ES"}, {"import": 0, "export": 0, "id": "CN"}, {"import": 22840, "export": 0, "id": "NL"}, {"import": 56240, "export": 0, "id": "BE"}, {"import": 5816, "export": 0, "id": "PT"}, {"import": 27351, "export": 0, "id": "IT"}, {"import": 0, "export": 0, "id": "LK"}, {"import": 19725, "export": 0, "id": "BD"}, {"import": 0, "export": 0, "id": "LB"}, {"import": 0, "export": 0, "id": "TW"}, {"import": 0, "export": 0, "id": "ID"}, {"import": 0, "export": 0, "id": "IL"}, {"import": 0, "export": 0, "id": "PL"}, {"import": 0, "export": 0, "id": "MM"}, {"import": 0, "export": 0, "id": "FR"}, {"import": 0, "export": 0, "id": "US"}], "import": 686061, "export": 0}, {"date": "Unnamed: 11-01", "list": [{"import": 376052, "export": 0, "id": "GR"}, {"import": 0, "export": 0, "id": "UY"}, {"import": 72000, "export": 0, "id": "PK"}, {"import": 47976, "export": 0, "id": "KH"}, {"import": 114543, "export": 0, "id": "GB"}, {"import": 11350, "export": 0, "id": "DE"}, {"import": 113000, "export": 0, "id": "IN"}, {"import": 48000, "export": 0, "id": "TH"}, {"import": 32838, "export": 0, "id": "ES"}, {"import": 0, "export": 0, "id": "CN"}, {"import": 0, "export": 0, "id": "NL"}, {"import": 35191, "export": 0, "id": "BE"}, {"import": 1400, "export": 0, "id": "PT"}, {"import": 26600, "export": 0, "id": "IT"}, {"import": 0, "export": 0, "id": "LK"}, {"import": 0, "export": 0, "id": "BD"}, {"import": 0, "export": 0, "id": "LB"}, {"import": 0, "export": 0, "id": "TW"}, {"import": 0, "export": 0, "id": "ID"}, {"import": 756, "export": 0, "id": "IL"}, {"import": 0, "export": 0, "id": "PL"}, {"import": 67000, "export": 0, "id": "MM"}, {"import": 0, "export": 0, "id": "FR"}, {"import": 0, "export": 0, "id": "US"}], "import": 946706, "export": 0}, {"date": "Unnamed: 12-01", "list": [{"import": 379081, "export": 0, "id": "GR"}, {"import": 96000, "export": 0, "id": "UY"}, {"import": 49000, "export": 0, "id": "PK"}, {"import": 23984, "export": 0, "id": "KH"}, {"import": 56179, "export": 0, "id": "GB"}, {"import": 2085, "export": 0, "id": "DE"}, {"import": 69000, "export": 0, "id": "IN"}, {"import": 86490, "export": 0, "id": "TH"}, {"import": 8366, "export": 0, "id": "ES"}, {"import": 0, "export": 0, "id": "CN"}, {"import": 33480, "export": 0, "id": "NL"}, {"import": 51138, "export": 0, "id": "BE"}, {"import": 2800, "export": 0, "id": "PT"}, {"import": 8485, "export": 0, "id": "IT"}, {"import": 0, "export": 0, "id": "LK"}, {"import": 0, "export": 0, "id": "BD"}, {"import": 2488, "export": 0, "id": "LB"}, {"import": 0, "export": 0, "id": "TW"}, {"import": 0, "export": 0, "id": "ID"}, {"import": 0, "export": 0, "id": "IL"}, {"import": 0, "export": 0, "id": "PL"}, {"import": 100000, "export": 0, "id": "MM"}, {"import": 0, "export": 0, "id": "FR"}, {"import": 0, "export": 0, "id": "US"}], "import": 968576, "export": 0}, {"date": "Unnamed: 13-01", "list": [{"import": 156792, "export": 0, "id": "GR"}, {"import": 96200, "export": 0, "id": "UY"}, {"import": 91200, "export": 0, "id": "PK"}, {"import": 48994, "export": 0, "id": "KH"}, {"import": 42681, "export": 0, "id": "GB"}, {"import": 33171, "export": 0, "id": "DE"}, {"import": 24000, "export": 0, "id": "IN"}, {"import": 23980, "export": 0, "id": "TH"}, {"import": 19762, "export": 0, "id": "ES"}, {"import": 18630, "export": 0, "id": "CN"}, {"import": 14826, "export": 0, "id": "NL"}, {"import": 12486, "export": 0, "id": "BE"}, {"import": 7732, "export": 0, "id": "PT"}, {"import": 5465, "export": 0, "id": "IT"}, {"import": 2300, "export": 0, "id": "LK"}, {"import": 1200, "export": 0, "id": "BD"}, {"import": 950, "export": 0, "id": "LB"}, {"import": 0, "export": 0, "id": "TW"}, {"import": 0, "export": 0, "id": "ID"}, {"import": 0, "export": 0, "id": "IL"}, {"import": 0, "export": 0, "id": "PL"}, {"import": 0, "export": 0, "id": "MM"}, {"import": 0, "export": 0, "id": "FR"}, {"import": 0, "export": 0, "id": "US"}], "import": 600369, "export": 0}, {"date": "2018-10-01", "list": [{"import": 0, "export": 0, "id": "GR"}, {"import": 0, "export": 0, "id": "IN"}, {"import": 0, "export": 0, "id": "VN"}], "import": 0, "export": 0}, {"date": "2018-11-01", "list": [{"import": 0, "export": 11300, "id": "GR"}, {"import": 0, "export": 0, "id": "IN"}, {"import": 0, "export": 0, "id": "VN"}], "import": 0, "export": 11300}, {"date": "2018-12-01", "list": [{"import": 0, "export": 0, "id": "GR"}, {"import": 0, "export": 0, "id": "IN"}, {"import": 0, "export": 0, "id": "VN"}], "import": 0, "export": 0}, {"date": "2019-01-01", "list": [{"import": 0, "export": 18160, "id": "GR"}, {"import": 0, "export": 0, "id": "IN"}, {"import": 0, "export": 0, "id": "VN"}], "import": 0, "export": 18160}, {"date": "2019-02-01", "list": [{"import": 0, "export": 0, "id": "GR"}, {"import": 0, "export": 0, "id": "IN"}, {"import": 0, "export": 0, "id": "VN"}], "import": 0, "export": 0}, {"date": "2019-03-01", "list": [{"import": 0, "export": 0, "id": "GR"}, {"import": 0, "export": 0, "id": "IN"}, {"import": 0, "export": 0, "id": "VN"}], "import": 0, "export": 0}, {"date": "2019-04-01", "list": [{"import": 0, "export": 0, "id": "GR"}, {"import": 0, "export": 24000, "id": "IN"}, {"import": 0, "export": 0, "id": "VN"}], "import": 0, "export": 24000}, {"date": "2019-05-01", "list": [{"import": 0, "export": 9840, "id": "GR"}, {"import": 0, "export": 0, "id": "IN"}, {"import": 0, "export": 0, "id": "VN"}], "import": 0, "export": 9840}, {"date": "2019-06-01", "list": [{"import": 0, "export": 0, "id": "GR"}, {"import": 0, "export": 0, "id": "IN"}, {"import": 0, "export": 0, "id": "VN"}], "import": 0, "export": 0}, {"date": "2019-07-01", "list": [{"import": 0, "export": 0, "id": "GR"}, {"import": 0, "export": 0, "id": "IN"}, {"import": 0, "export": 0, "id": "VN"}], "import": 0, "export": 0}, {"date": "2019-08-01", "list": [{"import": 0, "export": 0, "id": "GR"}, {"import": 0, "export": 0, "id": "IN"}, {"import": 0, "export": 0, "id": "VN"}], "import": 0, "export": 0}, {"date": "2019-09-01", "list": [{"import": 0, "export": 11180, "id": "GR"}, {"import": 0, "export": 0, "id": "IN"}, {"import": 0, "export": 0, "id": "VN"}], "import": 0, "export": 11180}, {"date": "2019-10-01", "list": [{"import": 0, "export": 0, "id": "GR"}, {"import": 0, "export": 0, "id": "IN"}, {"import": 0, "export": 24000, "id": "VN"}], "import": 0, "export": 24000}, {"date": "2019-11-01", "list": [{"import": 0, "export": 0, "id": "GR"}, {"import": 0, "export": 0, "id": "IN"}, {"import": 0, "export": 0, "id": "VN"}], "import": 0, "export": 0}, {"date": "2019-12-01", "list": [{"import": 0, "export": 0, "id": "GR"}, {"import": 0, "export": 0, "id": "IN"}, {"import": 0, "export": 0, "id": "VN"}], "import": 0, "export": 0}, {"date": "2020-01-01", "list": [{"import": 0, "export": 5758, "id": "GR"}, {"import": 0, "export": 20000, "id": "IN"}, {"import": 0, "export": 0, "id": "VN"}], "import": 0, "export": 25758}, {"date": "2020-02-01", "list": [{"import": 0, "export": 0, "id": "GR"}, {"import": 0, "export": 0, "id": "IN"}, {"import": 0, "export": 0, "id": "VN"}], "import": 0, "export": 0}, {"date": "2020-03-01", "list": [{"import": 0, "export": 9288, "id": "GR"}, {"import": 0, "export": 0, "id": "IN"}, {"import": 0, "export": 0, "id": "VN"}], "import": 0, "export": 9288}]