[{"date": "2019-01-01", "list": [{"import": 0, "export": 0, "id": "PK"}, {"import": 0, "export": 0, "id": "GB"}, {"import": 9634, "export": 0, "id": "TH"}, {"import": 0, "export": 0, "id": "TR"}, {"import": 0, "export": 0, "id": "US"}, {"import": 0, "export": 0, "id": "IN"}, {"import": 3240, "export": 0, "id": "LK"}, {"import": 3900, "export": 0, "id": "IT"}], "import": 16774, "export": 0}, {"date": "2019-02-01", "list": [{"import": 0, "export": 0, "id": "PK"}, {"import": 0, "export": 0, "id": "GB"}, {"import": 0, "export": 0, "id": "TH"}, {"import": 0, "export": 0, "id": "TR"}, {"import": 0, "export": 0, "id": "US"}, {"import": 0, "export": 0, "id": "IN"}, {"import": 0, "export": 0, "id": "LK"}, {"import": 0, "export": 0, "id": "IT"}], "import": 0, "export": 0}, {"date": "2019-03-01", "list": [{"import": 0, "export": 0, "id": "PK"}, {"import": 0, "export": 0, "id": "GB"}, {"import": 0, "export": 0, "id": "TH"}, {"import": 0, "export": 0, "id": "TR"}, {"import": 0, "export": 0, "id": "US"}, {"import": 0, "export": 0, "id": "IN"}, {"import": 0, "export": 0, "id": "LK"}, {"import": 0, "export": 0, "id": "IT"}], "import": 0, "export": 0}, {"date": "2019-04-01", "list": [{"import": 0, "export": 0, "id": "PK"}, {"import": 0, "export": 0, "id": "GB"}, {"import": 1800, "export": 0, "id": "TH"}, {"import": 0, "export": 0, "id": "TR"}, {"import": 500, "export": 0, "id": "US"}, {"import": 0, "export": 0, "id": "IN"}, {"import": 0, "export": 0, "id": "LK"}, {"import": 0, "export": 0, "id": "IT"}], "import": 2300, "export": 0}, {"date": "2019-05-01", "list": [{"import": 0, "export": 0, "id": "PK"}, {"import": 0, "export": 0, "id": "GB"}, {"import": 0, "export": 0, "id": "TH"}, {"import": 0, "export": 0, "id": "TR"}, {"import": 0, "export": 0, "id": "US"}, {"import": 0, "export": 0, "id": "IN"}, {"import": 0, "export": 0, "id": "LK"}, {"import": 0, "export": 0, "id": "IT"}], "import": 0, "export": 0}, {"date": "2019-06-01", "list": [{"import": 0, "export": 0, "id": "PK"}, {"import": 0, "export": 0, "id": "GB"}, {"import": 0, "export": 0, "id": "TH"}, {"import": 0, "export": 0, "id": "TR"}, {"import": 800, "export": 0, "id": "US"}, {"import": 8840, "export": 0, "id": "IN"}, {"import": 0, "export": 0, "id": "LK"}, {"import": 0, "export": 0, "id": "IT"}], "import": 9640, "export": 0}, {"date": "2019-07-01", "list": [{"import": 0, "export": 0, "id": "PK"}, {"import": 0, "export": 0, "id": "GB"}, {"import": 0, "export": 0, "id": "TH"}, {"import": 0, "export": 0, "id": "TR"}, {"import": 0, "export": 0, "id": "US"}, {"import": 0, "export": 0, "id": "IN"}, {"import": 0, "export": 0, "id": "LK"}, {"import": 0, "export": 0, "id": "IT"}], "import": 0, "export": 0}, {"date": "2019-08-01", "list": [{"import": 0, "export": 0, "id": "PK"}, {"import": 0, "export": 0, "id": "GB"}, {"import": 0, "export": 0, "id": "TH"}, {"import": 0, "export": 0, "id": "TR"}, {"import": 0, "export": 0, "id": "US"}, {"import": 0, "export": 0, "id": "IN"}, {"import": 0, "export": 0, "id": "LK"}, {"import": 0, "export": 0, "id": "IT"}], "import": 0, "export": 0}, {"date": "2019-09-01", "list": [{"import": 0, "export": 0, "id": "PK"}, {"import": 0, "export": 0, "id": "GB"}, {"import": 400, "export": 0, "id": "TH"}, {"import": 0, "export": 0, "id": "TR"}, {"import": 0, "export": 0, "id": "US"}, {"import": 0, "export": 0, "id": "IN"}, {"import": 0, "export": 0, "id": "LK"}, {"import": 0, "export": 0, "id": "IT"}], "import": 400, "export": 0}, {"date": "2019-10-01", "list": [{"import": 0, "export": 0, "id": "PK"}, {"import": 0, "export": 0, "id": "GB"}, {"import": 0, "export": 0, "id": "TH"}, {"import": 0, "export": 0, "id": "TR"}, {"import": 0, "export": 0, "id": "US"}, {"import": 0, "export": 0, "id": "IN"}, {"import": 0, "export": 0, "id": "LK"}, {"import": 0, "export": 0, "id": "IT"}], "import": 0, "export": 0}, {"date": "2019-11-01", "list": [{"import": 0, "export": 0, "id": "PK"}, {"import": 0, "export": 0, "id": "GB"}, {"import": 0, "export": 0, "id": "TH"}, {"import": 0, "export": 0, "id": "TR"}, {"import": 0, "export": 0, "id": "US"}, {"import": 0, "export": 0, "id": "IN"}, {"import": 0, "export": 0, "id": "LK"}, {"import": 0, "export": 0, "id": "IT"}], "import": 0, "export": 0}, {"date": "2019-12-01", "list": [{"import": 0, "export": 0, "id": "PK"}, {"import": 0, "export": 0, "id": "GB"}, {"import": 0, "export": 0, "id": "TH"}, {"import": 0, "export": 0, "id": "TR"}, {"import": 0, "export": 0, "id": "US"}, {"import": 0, "export": 0, "id": "IN"}, {"import": 0, "export": 0, "id": "LK"}, {"import": 0, "export": 0, "id": "IT"}], "import": 0, "export": 0}, {"date": "2020-01-01", "list": [{"import": 0, "export": 0, "id": "PK"}, {"import": 0, "export": 0, "id": "GB"}, {"import": 1800, "export": 0, "id": "TH"}, {"import": 0, "export": 0, "id": "TR"}, {"import": 0, "export": 0, "id": "US"}, {"import": 0, "export": 0, "id": "IN"}, {"import": 0, "export": 0, "id": "LK"}, {"import": 0, "export": 0, "id": "IT"}], "import": 1800, "export": 0}, {"date": "2020-02-01", "list": [{"import": 0, "export": 0, "id": "PK"}, {"import": 0, "export": 0, "id": "GB"}, {"import": 0, "export": 0, "id": "TH"}, {"import": 0, "export": 0, "id": "TR"}, {"import": 0, "export": 0, "id": "US"}, {"import": 0, "export": 0, "id": "IN"}, {"import": 0, "export": 0, "id": "LK"}, {"import": 0, "export": 0, "id": "IT"}], "import": 0, "export": 0}, {"date": "2020-03-01", "list": [{"import": 0, "export": 0, "id": "PK"}, {"import": 0, "export": 0, "id": "GB"}, {"import": 0, "export": 0, "id": "TH"}, {"import": 0, "export": 0, "id": "TR"}, {"import": 0, "export": 0, "id": "US"}, {"import": 0, "export": 0, "id": "IN"}, {"import": 0, "export": 0, "id": "LK"}, {"import": 0, "export": 0, "id": "IT"}], "import": 0, "export": 0}, {"date": "2020-04-01", "list": [{"import": 0, "export": 0, "id": "PK"}, {"import": 0, "export": 0, "id": "GB"}, {"import": 0, "export": 0, "id": "TH"}, {"import": 1210, "export": 0, "id": "TR"}, {"import": 0, "export": 0, "id": "US"}, {"import": 0, "export": 0, "id": "IN"}, {"import": 0, "export": 0, "id": "LK"}, {"import": 0, "export": 0, "id": "IT"}], "import": 1210, "export": 0}, {"date": "2020-05-01", "list": [{"import": 0, "export": 0, "id": "PK"}, {"import": 0, "export": 0, "id": "GB"}, {"import": 876, "export": 0, "id": "TH"}, {"import": 0, "export": 0, "id": "TR"}, {"import": 0, "export": 0, "id": "US"}, {"import": 0, "export": 0, "id": "IN"}, {"import": 0, "export": 0, "id": "LK"}, {"import": 0, "export": 0, "id": "IT"}], "import": 876, "export": 0}, {"date": "2020-06-01", "list": [{"import": 40420, "export": 0, "id": "PK"}, {"import": 0, "export": 0, "id": "GB"}, {"import": 0, "export": 0, "id": "TH"}, {"import": 0, "export": 0, "id": "TR"}, {"import": 0, "export": 0, "id": "US"}, {"import": 0, "export": 0, "id": "IN"}, {"import": 0, "export": 0, "id": "LK"}, {"import": 0, "export": 0, "id": "IT"}], "import": 40420, "export": 0}]