[{"date": "2018-10-01", "list": [{"import": 53388, "export": 0, "id": "GR"}, {"import": 0, "export": 191794, "id": "TR"}, {"import": 113, "export": 0, "id": "IT"}, {"import": 0, "export": 95940, "id": "RO"}, {"import": 0, "export": 0, "id": "BE"}], "import": 53501, "export": 287734}, {"date": "2018-11-01", "list": [{"import": 170840, "export": 0, "id": "GR"}, {"import": 0, "export": 3158550, "id": "TR"}, {"import": 0, "export": 0, "id": "IT"}, {"import": 0, "export": 0, "id": "RO"}, {"import": 0, "export": 0, "id": "BE"}], "import": 170840, "export": 3158550}, {"date": "2018-12-01", "list": [{"import": 243976, "export": 0, "id": "GR"}, {"import": 0, "export": 7326449, "id": "TR"}, {"import": 0, "export": 0, "id": "IT"}, {"import": 0, "export": 0, "id": "RO"}, {"import": 0, "export": 0, "id": "BE"}], "import": 243976, "export": 7326449}, {"date": "2019-01-01", "list": [{"import": 780130, "export": 0, "id": "GR"}, {"import": 0, "export": 2715245, "id": "TR"}, {"import": 0, "export": 0, "id": "IT"}, {"import": 0, "export": 0, "id": "RO"}, {"import": 0, "export": 0, "id": "BE"}], "import": 780130, "export": 2715245}, {"date": "2019-02-01", "list": [{"import": 553288, "export": 0, "id": "GR"}, {"import": 0, "export": 5593075, "id": "TR"}, {"import": 0, "export": 0, "id": "IT"}, {"import": 0, "export": 0, "id": "RO"}, {"import": 0, "export": 0, "id": "BE"}], "import": 553288, "export": 5593075}, {"date": "2019-03-01", "list": [{"import": 1098380, "export": 0, "id": "GR"}, {"import": 0, "export": 1896351, "id": "TR"}, {"import": 0, "export": 0, "id": "IT"}, {"import": 0, "export": 0, "id": "RO"}, {"import": 0, "export": 0, "id": "BE"}], "import": 1098380, "export": 1896351}, {"date": "2019-04-01", "list": [{"import": 2198280, "export": 0, "id": "GR"}, {"import": 24000, "export": 4522230, "id": "TR"}, {"import": 0, "export": 0, "id": "IT"}, {"import": 0, "export": 0, "id": "RO"}, {"import": 0, "export": 0, "id": "BE"}], "import": 2222280, "export": 4522230}, {"date": "2019-05-01", "list": [{"import": 261927, "export": 0, "id": "GR"}, {"import": 0, "export": 962640, "id": "TR"}, {"import": 22000, "export": 0, "id": "IT"}, {"import": 0, "export": 0, "id": "RO"}, {"import": 0, "export": 0, "id": "BE"}], "import": 283927, "export": 962640}, {"date": "2019-06-01", "list": [{"import": 184560, "export": 0, "id": "GR"}, {"import": 158620, "export": 836490, "id": "TR"}, {"import": 0, "export": 0, "id": "IT"}, {"import": 0, "export": 0, "id": "RO"}, {"import": 0, "export": 933, "id": "BE"}], "import": 343180, "export": 837423}, {"date": "2019-07-01", "list": [{"import": 605810, "export": 0, "id": "GR"}, {"import": 0, "export": 1659000, "id": "TR"}, {"import": 0, "export": 0, "id": "IT"}, {"import": 0, "export": 0, "id": "RO"}, {"import": 0, "export": 0, "id": "BE"}], "import": 605810, "export": 1659000}, {"date": "2019-08-01", "list": [{"import": 0, "export": 0, "id": "GR"}, {"import": 0, "export": 0, "id": "TR"}, {"import": 0, "export": 0, "id": "IT"}, {"import": 0, "export": 0, "id": "RO"}, {"import": 0, "export": 0, "id": "BE"}], "import": 0, "export": 0}, {"date": "2019-09-01", "list": [{"import": 0, "export": 0, "id": "GR"}, {"import": 0, "export": 580100, "id": "TR"}, {"import": 0, "export": 0, "id": "IT"}, {"import": 0, "export": 0, "id": "RO"}, {"import": 0, "export": 0, "id": "BE"}], "import": 0, "export": 580100}, {"date": "2019-10-01", "list": [{"import": 227793, "export": 0, "id": "GR"}, {"import": 114210, "export": 483270, "id": "TR"}, {"import": 0, "export": 0, "id": "IT"}, {"import": 0, "export": 0, "id": "RO"}, {"import": 0, "export": 0, "id": "BE"}], "import": 342003, "export": 483270}, {"date": "2019-11-01", "list": [{"import": 826870, "export": 0, "id": "GR"}, {"import": 0, "export": 5178780, "id": "TR"}, {"import": 0, "export": 0, "id": "IT"}, {"import": 383030, "export": 0, "id": "RO"}, {"import": 0, "export": 0, "id": "BE"}], "import": 1209900, "export": 5178780}, {"date": "2019-12-01", "list": [{"import": 171940, "export": 0, "id": "GR"}, {"import": 0, "export": 3588360, "id": "TR"}, {"import": 0, "export": 0, "id": "IT"}, {"import": 69940, "export": 0, "id": "RO"}, {"import": 0, "export": 0, "id": "BE"}], "import": 241880, "export": 3588360}, {"date": "2020-01-01", "list": [{"import": 1845400, "export": 0, "id": "GR"}, {"import": 0, "export": 8254925, "id": "TR"}, {"import": 0, "export": 0, "id": "IT"}, {"import": 0, "export": 0, "id": "RO"}, {"import": 0, "export": 0, "id": "BE"}], "import": 1845400, "export": 8254925}, {"date": "2020-02-01", "list": [{"import": 1384233, "export": 0, "id": "GR"}, {"import": 0, "export": 5293650, "id": "TR"}, {"import": 0, "export": 0, "id": "IT"}, {"import": 0, "export": 0, "id": "RO"}, {"import": 0, "export": 0, "id": "BE"}], "import": 1384233, "export": 5293650}, {"date": "2020-03-01", "list": [{"import": 556080, "export": 0, "id": "GR"}, {"import": 0, "export": 4096660, "id": "TR"}, {"import": 0, "export": 0, "id": "IT"}, {"import": 0, "export": 0, "id": "RO"}, {"import": 0, "export": 0, "id": "BE"}], "import": 556080, "export": 4096660}]