[{"date": "2019-06-01", "list": [{"import": 1092, "export": 0, "id": "IT"}, {"import": 13328, "export": 0, "id": "RU"}, {"import": 25000, "export": 0, "id": "TH"}], "import": 39420, "export": 0}, {"date": "2019-09-01", "list": [{"import": 600, "export": 0, "id": "IT"}, {"import": 22486, "export": 0, "id": "RU"}, {"import": 25000, "export": 0, "id": "TH"}], "import": 48086, "export": 0}, {"date": "2019-10-01", "list": [{"import": 162, "export": 0, "id": "IT"}, {"import": 183, "export": 0, "id": "PL"}, {"import": 17256, "export": 0, "id": "RU"}, {"import": 77000, "export": 0, "id": "TH"}], "import": 94601, "export": 0}, {"date": "2020-03-01", "list": [{"import": 4164, "export": 0, "id": "IT"}, {"import": 33032, "export": 0, "id": "RU"}], "import": 37196, "export": 0}, {"date": "2020-04-01", "list": [{"import": 8950, "export": 0, "id": "IT"}, {"import": 13841, "export": 0, "id": "RU"}, {"import": 181000, "export": 0, "id": "TH"}], "import": 203791, "export": 0}, {"date": "2020-05-01", "list": [{"import": 3564, "export": 0, "id": "IT"}, {"import": 8234, "export": 0, "id": "RU"}, {"import": 50000, "export": 0, "id": "TH"}], "import": 61798, "export": 0}, {"date": "2020-01-01", "list": [{"import": 6000, "export": 0, "id": "LT"}, {"import": 13411, "export": 0, "id": "RU"}, {"import": 77000, "export": 0, "id": "TH"}], "import": 96411, "export": 0}, {"date": "2019-03-01", "list": [{"import": 339, "export": 0, "id": "PL"}, {"import": 8551, "export": 0, "id": "RU"}, {"import": 77000, "export": 0, "id": "TH"}], "import": 85890, "export": 0}, {"date": "2019-01-01", "list": [{"import": 10770, "export": 0, "id": "RU"}, {"import": 52000, "export": 0, "id": "TH"}], "import": 62770, "export": 0}, {"date": "2019-02-01", "list": [{"import": 15944, "export": 0, "id": "RU"}, {"import": 179000, "export": 0, "id": "TH"}], "import": 194944, "export": 0}, {"date": "2019-04-01", "list": [{"import": 15877, "export": 0, "id": "RU"}, {"import": 52000, "export": 0, "id": "TH"}], "import": 67877, "export": 0}, {"date": "2019-05-01", "list": [{"import": 12591, "export": 0, "id": "RU"}, {"import": 51000, "export": 0, "id": "TH"}], "import": 63591, "export": 0}, {"date": "2019-07-01", "list": [{"import": 17573, "export": 0, "id": "RU"}, {"import": 123, "export": 0, "id": "ES"}], "import": 17696, "export": 0}, {"date": "2019-08-01", "list": [{"import": 15838, "export": 0, "id": "RU"}], "import": 15838, "export": 0}, {"date": "2019-11-01", "list": [{"import": 15286, "export": 0, "id": "RU"}, {"import": 351, "export": 0, "id": "ES"}, {"import": 77000, "export": 0, "id": "TH"}], "import": 92637, "export": 0}, {"date": "2019-12-01", "list": [{"import": 11868, "export": 0, "id": "RU"}, {"import": 130000, "export": 0, "id": "TH"}], "import": 141868, "export": 0}, {"date": "2020-02-01", "list": [{"import": 14818, "export": 0, "id": "RU"}, {"import": 97000, "export": 0, "id": "TH"}, {"import": 250000, "export": 0, "id": "UY"}], "import": 361818, "export": 0}, {"date": "2020-06-01", "list": [{"import": 5089, "export": 0, "id": "RU"}], "import": 5089, "export": 0}]