[{"date": "2017-04-01", "list": [{"import": 0, "export": 0, "id": "CA"}, {"import": 0, "export": 0, "id": "CO"}, {"import": 0, "export": 0, "id": "IT"}, {"import": 0, "export": 0, "id": "NL"}, {"import": 0, "export": 0, "id": "IN"}, {"import": 0, "export": 0, "id": "ES"}, {"import": 0, "export": 0, "id": "FI"}, {"import": 0, "export": 0, "id": "US"}, {"import": 0, "export": 0, "id": "SE"}, {"import": 0, "export": 0, "id": "MT"}, {"import": 0, "export": 0, "id": "PT"}, {"import": 0, "export": 0, "id": "AI"}], "import": 0, "export": 0}, {"date": "2017-05-01", "list": [{"import": 0, "export": 0, "id": "CA"}, {"import": 0, "export": 0, "id": "CO"}, {"import": 0, "export": 0, "id": "NL"}, {"import": 0, "export": 0, "id": "ES"}, {"import": 0, "export": 0, "id": "FI"}, {"import": 0, "export": 0, "id": "MT"}, {"import": 0, "export": 0, "id": "PT"}, {"import": 0, "export": 0, "id": "AI"}], "import": 0, "export": 0}, {"date": "2017-06-01", "list": [{"import": 0, "export": 0, "id": "CA"}, {"import": 0, "export": 0, "id": "CO"}, {"import": 0, "export": 0, "id": "NL"}, {"import": 0, "export": 0, "id": "ES"}, {"import": 0, "export": 0, "id": "FI"}, {"import": 0, "export": 0, "id": "US"}, {"import": 0, "export": 0, "id": "SE"}, {"import": 0, "export": 0, "id": "MT"}], "import": 0, "export": 0}, {"date": "2017-07-01", "list": [{"import": 0, "export": 0, "id": "CA"}, {"import": 0, "export": 0, "id": "CO"}, {"import": 0, "export": 0, "id": "NL"}, {"import": 0, "export": 0, "id": "IN"}, {"import": 0, "export": 0, "id": "ES"}, {"import": 0, "export": 0, "id": "TH"}, {"import": 0, "export": 0, "id": "FI"}, {"import": 0, "export": 0, "id": "US"}, {"import": 0, "export": 0, "id": "SE"}, {"import": 0, "export": 0, "id": "MT"}, {"import": 0, "export": 0, "id": "PT"}, {"import": 0, "export": 0, "id": "AI"}], "import": 0, "export": 0}, {"date": "2017-08-01", "list": [{"import": 0, "export": 0, "id": "CA"}, {"import": 0, "export": 0, "id": "CO"}, {"import": 0, "export": 0, "id": "IT"}, {"import": 0, "export": 0, "id": "NL"}, {"import": 0, "export": 0, "id": "IN"}, {"import": 0, "export": 0, "id": "TH"}, {"import": 0, "export": 0, "id": "FI"}, {"import": 0, "export": 0, "id": "US"}, {"import": 0, "export": 0, "id": "SE"}, {"import": 0, "export": 0, "id": "MT"}, {"import": 0, "export": 0, "id": "PT"}, {"import": 0, "export": 0, "id": "AI"}], "import": 0, "export": 0}, {"date": "2017-09-01", "list": [{"import": 0, "export": 0, "id": "CA"}, {"import": 0, "export": 0, "id": "CN"}, {"import": 0, "export": 0, "id": "CO"}, {"import": 0, "export": 0, "id": "NL"}, {"import": 0, "export": 0, "id": "FI"}, {"import": 0, "export": 0, "id": "SE"}, {"import": 0, "export": 0, "id": "MT"}, {"import": 0, "export": 0, "id": "PT"}, {"import": 0, "export": 0, "id": "AI"}], "import": 0, "export": 0}, {"date": "2017-10-01", "list": [{"import": 0, "export": 0, "id": "CA"}, {"import": 0, "export": 0, "id": "CO"}, {"import": 0, "export": 0, "id": "NL"}, {"import": 0, "export": 0, "id": "IN"}, {"import": 0, "export": 0, "id": "TH"}, {"import": 0, "export": 0, "id": "FI"}, {"import": 0, "export": 0, "id": "SE"}, {"import": 0, "export": 0, "id": "MT"}, {"import": 0, "export": 0, "id": "PT"}, {"import": 0, "export": 0, "id": "AI"}], "import": 0, "export": 0}, {"date": "2017-11-01", "list": [{"import": 0, "export": 0, "id": "CA"}, {"import": 0, "export": 0, "id": "CN"}, {"import": 0, "export": 0, "id": "CO"}, {"import": 0, "export": 0, "id": "IT"}, {"import": 0, "export": 0, "id": "NL"}, {"import": 0, "export": 0, "id": "IN"}, {"import": 0, "export": 0, "id": "TH"}, {"import": 0, "export": 0, "id": "FI"}, {"import": 0, "export": 0, "id": "ES"}, {"import": 0, "export": 0, "id": "FR"}, {"import": 0, "export": 0, "id": "US"}, {"import": 0, "export": 0, "id": "SE"}, {"import": 0, "export": 0, "id": "MT"}, {"import": 0, "export": 0, "id": "PT"}, {"import": 0, "export": 0, "id": "AI"}], "import": 0, "export": 0}, {"date": "2017-12-01", "list": [{"import": 0, "export": 0, "id": "CA"}, {"import": 0, "export": 0, "id": "CN"}, {"import": 0, "export": 0, "id": "CO"}, {"import": 0, "export": 0, "id": "IT"}, {"import": 0, "export": 0, "id": "IN"}, {"import": 0, "export": 0, "id": "ES"}, {"import": 0, "export": 0, "id": "TH"}, {"import": 0, "export": 0, "id": "FI"}, {"import": 0, "export": 0, "id": "US"}, {"import": 0, "export": 0, "id": "SE"}, {"import": 0, "export": 0, "id": "MT"}, {"import": 0, "export": 0, "id": "PT"}, {"import": 0, "export": 0, "id": "AI"}], "import": 0, "export": 0}, {"date": "2018-02-01", "list": [{"import": 0, "export": 0, "id": "CA"}, {"import": 0, "export": 0, "id": "CN"}, {"import": 0, "export": 0, "id": "CO"}, {"import": 0, "export": 0, "id": "NL"}, {"import": 0, "export": 0, "id": "IN"}, {"import": 0, "export": 0, "id": "ES"}, {"import": 0, "export": 0, "id": "TH"}], "import": 0, "export": 0}, {"date": "2018-03-01", "list": [{"import": 0, "export": 0, "id": "CA"}, {"import": 0, "export": 0, "id": "CN"}, {"import": 0, "export": 0, "id": "IT"}, {"import": 0, "export": 0, "id": "NL"}, {"import": 0, "export": 0, "id": "IN"}, {"import": 0, "export": 0, "id": "TH"}], "import": 0, "export": 0}, {"date": "2018-01-01", "list": [{"import": 0, "export": 0, "id": "CN"}, {"import": 0, "export": 0, "id": "CO"}, {"import": 0, "export": 0, "id": "IT"}, {"import": 0, "export": 0, "id": "NL"}, {"import": 0, "export": 0, "id": "IN"}, {"import": 0, "export": 0, "id": "TH"}, {"import": 0, "export": 315, "id": "FI"}, {"import": 0, "export": 61, "id": "ES"}, {"import": 0, "export": 48, "id": "FR"}, {"import": 0, "export": 1779, "id": "US"}, {"import": 0, "export": 0, "id": "SE"}, {"import": 0, "export": 0, "id": "MT"}, {"import": 0, "export": 0, "id": "PT"}, {"import": 0, "export": 0, "id": "AI"}], "import": 0, "export": 2203}, {"date": "2016-08-01", "list": [{"import": 0, "export": 0, "id": "FI"}, {"import": 0, "export": 63, "id": "ES"}, {"import": 0, "export": 47, "id": "FR"}, {"import": 0, "export": 0, "id": "US"}, {"import": 0, "export": 0, "id": "SE"}, {"import": 0, "export": 0, "id": "MT"}, {"import": 0, "export": 0, "id": "PT"}, {"import": 0, "export": 0, "id": "AI"}], "import": 0, "export": 110}, {"date": "2016-09-01", "list": [{"import": 0, "export": 0, "id": "FI"}, {"import": 0, "export": 61, "id": "ES"}, {"import": 0, "export": 132, "id": "FR"}, {"import": 0, "export": 0, "id": "US"}, {"import": 0, "export": 0, "id": "SE"}, {"import": 0, "export": 0, "id": "MT"}, {"import": 0, "export": 0, "id": "PT"}, {"import": 0, "export": 0, "id": "AI"}], "import": 0, "export": 193}, {"date": "2016-10-01", "list": [{"import": 0, "export": 0, "id": "FI"}, {"import": 0, "export": 70, "id": "ES"}, {"import": 0, "export": 61, "id": "FR"}, {"import": 0, "export": 0, "id": "US"}, {"import": 0, "export": 0, "id": "SE"}, {"import": 0, "export": 0, "id": "MT"}, {"import": 0, "export": 0, "id": "PT"}, {"import": 0, "export": 0, "id": "AI"}], "import": 0, "export": 131}, {"date": "2016-11-01", "list": [{"import": 0, "export": 0, "id": "FI"}, {"import": 0, "export": 72, "id": "ES"}, {"import": 0, "export": 59, "id": "FR"}, {"import": 0, "export": 0, "id": "US"}, {"import": 0, "export": 0, "id": "SE"}, {"import": 0, "export": 0, "id": "MT"}, {"import": 0, "export": 0, "id": "PT"}, {"import": 0, "export": 0, "id": "AI"}], "import": 0, "export": 131}, {"date": "2016-12-01", "list": [{"import": 0, "export": 0, "id": "FI"}, {"import": 0, "export": 0, "id": "ES"}, {"import": 0, "export": 30, "id": "FR"}, {"import": 0, "export": 0, "id": "US"}, {"import": 0, "export": 0, "id": "SE"}, {"import": 0, "export": 0, "id": "MT"}, {"import": 0, "export": 0, "id": "PT"}, {"import": 0, "export": 0, "id": "AI"}], "import": 0, "export": 30}, {"date": "2017-01-01", "list": [{"import": 0, "export": 0, "id": "FI"}, {"import": 0, "export": 0, "id": "US"}, {"import": 0, "export": 0, "id": "PT"}, {"import": 0, "export": 0, "id": "AI"}], "import": 0, "export": 0}, {"date": "2017-02-01", "list": [{"import": 0, "export": 0, "id": "FI"}, {"import": 0, "export": 0, "id": "US"}, {"import": 0, "export": 0, "id": "SE"}, {"import": 0, "export": 0, "id": "MT"}, {"import": 0, "export": 0, "id": "PT"}, {"import": 0, "export": 0, "id": "AI"}], "import": 0, "export": 0}, {"date": "2017-03-01", "list": [{"import": 0, "export": 0, "id": "FI"}, {"import": 0, "export": 0, "id": "US"}, {"import": 0, "export": 0, "id": "SE"}, {"import": 0, "export": 0, "id": "PT"}, {"import": 0, "export": 0, "id": "AI"}], "import": 0, "export": 0}]