[{"date": "2019-06-01", "list": [{"import": 0, "export": 0, "id": "IT"}, {"import": 99, "export": 5, "id": "DE"}, {"import": 2050, "export": 1, "id": "FR"}, {"import": 185, "export": 185, "id": "BE"}, {"import": 3506, "export": 0, "id": "NL"}, {"import": 0, "export": 0, "id": "PT"}, {"import": 0, "export": 0, "id": "GB"}, {"import": 0, "export": 0, "id": "AT"}], "import": 5840, "export": 191}, {"date": "2019-07-01", "list": [{"import": 0, "export": 0, "id": "IT"}, {"import": 509, "export": 8, "id": "DE"}, {"import": 1826, "export": 8, "id": "FR"}, {"import": 556, "export": 124, "id": "BE"}, {"import": 4580, "export": 0, "id": "NL"}, {"import": 0, "export": 0, "id": "PT"}, {"import": 0, "export": 0, "id": "GB"}, {"import": 0, "export": 0, "id": "AT"}], "import": 7471, "export": 140}, {"date": "2019-08-01", "list": [{"import": 0, "export": 0, "id": "IT"}, {"import": 932, "export": 7, "id": "DE"}, {"import": 764, "export": 12, "id": "FR"}, {"import": 101, "export": 138, "id": "BE"}, {"import": 478, "export": 0, "id": "NL"}, {"import": 0, "export": 0, "id": "PT"}, {"import": 620, "export": 0, "id": "GB"}, {"import": 0, "export": 0, "id": "AT"}], "import": 2895, "export": 157}, {"date": "2019-09-01", "list": [{"import": 0, "export": 0, "id": "IT"}, {"import": 2038, "export": 6, "id": "DE"}, {"import": 430, "export": 4, "id": "FR"}, {"import": 146, "export": 55, "id": "BE"}, {"import": 8775, "export": 0, "id": "NL"}, {"import": 0, "export": 0, "id": "PT"}, {"import": 0, "export": 0, "id": "GB"}, {"import": 144, "export": 0, "id": "AT"}], "import": 11533, "export": 65}, {"date": "2019-10-01", "list": [{"import": 0, "export": 0, "id": "IT"}, {"import": 1112, "export": 6, "id": "DE"}, {"import": 2655, "export": 1, "id": "FR"}, {"import": 140, "export": 47, "id": "BE"}, {"import": 114, "export": 0, "id": "NL"}, {"import": 0, "export": 0, "id": "PT"}, {"import": 0, "export": 0, "id": "GB"}, {"import": 0, "export": 0, "id": "AT"}], "import": 4021, "export": 54}, {"date": "2019-11-01", "list": [{"import": 0, "export": 0, "id": "IT"}, {"import": 1687, "export": 6, "id": "DE"}, {"import": 321, "export": 1, "id": "FR"}, {"import": 152, "export": 47, "id": "BE"}, {"import": 35, "export": 0, "id": "NL"}, {"import": 2034, "export": 0, "id": "PT"}, {"import": 0, "export": 0, "id": "GB"}, {"import": 0, "export": 0, "id": "AT"}], "import": 4229, "export": 54}, {"date": "2019-12-01", "list": [{"import": 0, "export": 0, "id": "IT"}, {"import": 6, "export": 6, "id": "DE"}, {"import": 380, "export": 1, "id": "FR"}, {"import": 269, "export": 63, "id": "BE"}, {"import": 511, "export": 0, "id": "NL"}, {"import": 1, "export": 0, "id": "PT"}, {"import": 0, "export": 0, "id": "GB"}, {"import": 0, "export": 0, "id": "AT"}], "import": 1167, "export": 70}, {"date": "2020-01-01", "list": [{"import": 0, "export": 0, "id": "IT"}, {"import": 4561, "export": 22, "id": "DE"}, {"import": 1413, "export": 6, "id": "FR"}, {"import": 184, "export": 47, "id": "BE"}, {"import": 579, "export": 0, "id": "NL"}, {"import": 1, "export": 0, "id": "PT"}, {"import": 0, "export": 0, "id": "GB"}, {"import": 0, "export": 0, "id": "AT"}], "import": 6738, "export": 75}, {"date": "2020-02-01", "list": [{"import": 0, "export": 0, "id": "IT"}, {"import": 4434, "export": 0, "id": "DE"}, {"import": 927, "export": 1, "id": "FR"}, {"import": 163, "export": 63, "id": "BE"}, {"import": 421, "export": 0, "id": "NL"}, {"import": 1, "export": 0, "id": "PT"}, {"import": 0, "export": 0, "id": "GB"}, {"import": 144, "export": 0, "id": "AT"}], "import": 6090, "export": 64}, {"date": "2020-03-01", "list": [{"import": 0, "export": 0, "id": "IT"}, {"import": 1928, "export": 2, "id": "DE"}, {"import": 319, "export": 0, "id": "FR"}, {"import": 300, "export": 56, "id": "BE"}, {"import": 11876, "export": 0, "id": "NL"}, {"import": 1, "export": 0, "id": "PT"}, {"import": 0, "export": 0, "id": "GB"}, {"import": 144, "export": 0, "id": "AT"}], "import": 14568, "export": 58}, {"date": "2018-10-01", "list": [{"import": 0, "export": 149, "id": "BE"}, {"import": 0, "export": 3, "id": "FR"}, {"import": 0, "export": 8, "id": "DE"}], "import": 0, "export": 160}, {"date": "2018-11-01", "list": [{"import": 0, "export": 8, "id": "BE"}, {"import": 0, "export": 0, "id": "FR"}, {"import": 0, "export": 0, "id": "DE"}], "import": 0, "export": 8}, {"date": "2018-12-01", "list": [{"import": 0, "export": 47, "id": "BE"}, {"import": 0, "export": 6, "id": "FR"}, {"import": 0, "export": 0, "id": "DE"}], "import": 0, "export": 53}, {"date": "2019-01-01", "list": [{"import": 0, "export": 138, "id": "BE"}, {"import": 0, "export": 0, "id": "FR"}, {"import": 0, "export": 2, "id": "DE"}], "import": 0, "export": 140}, {"date": "2019-02-01", "list": [{"import": 0, "export": 195, "id": "BE"}, {"import": 0, "export": 0, "id": "FR"}, {"import": 0, "export": 3, "id": "DE"}], "import": 0, "export": 198}, {"date": "2019-03-01", "list": [{"import": 0, "export": 142, "id": "BE"}, {"import": 0, "export": 1, "id": "FR"}, {"import": 0, "export": 1, "id": "DE"}], "import": 0, "export": 144}, {"date": "2019-04-01", "list": [{"import": 0, "export": 77, "id": "BE"}, {"import": 0, "export": 6, "id": "FR"}, {"import": 0, "export": 5, "id": "DE"}], "import": 0, "export": 88}, {"date": "2019-05-01", "list": [{"import": 0, "export": 96, "id": "BE"}, {"import": 0, "export": 0, "id": "FR"}, {"import": 0, "export": 3, "id": "DE"}], "import": 0, "export": 99}]