[{"date": "2019-01-01", "list": [{"import": 56000, "export": 0, "id": "CN"}, {"import": 100000, "export": 0, "id": "IN"}, {"import": 0, "export": 2720, "id": "BE"}, {"import": 0, "export": 1, "id": "DE"}, {"import": 0, "export": 5374, "id": "MU"}], "import": 156000, "export": 8095}, {"date": "2019-04-01", "list": [{"import": 26000, "export": 0, "id": "CN"}, {"import": 450000, "export": 0, "id": "IN"}, {"import": 0, "export": 1220, "id": "BH"}], "import": 476000, "export": 1220}, {"date": "2019-09-01", "list": [{"import": 15250, "export": 0, "id": "CN"}, {"import": 700250, "export": 0, "id": "IN"}, {"import": 0, "export": 2000, "id": "BE"}], "import": 715500, "export": 2000}, {"date": "2019-10-01", "list": [{"import": 505800, "export": 0, "id": "CN"}, {"import": 15845, "export": 0, "id": "PH"}, {"import": 935080, "export": 0, "id": "IN"}, {"import": 0, "export": 500, "id": "FI"}], "import": 1456725, "export": 500}, {"date": "2019-11-01", "list": [{"import": 52261, "export": 0, "id": "CN"}, {"import": 557870, "export": 0, "id": "IN"}, {"import": 0, "export": 6250, "id": "FR"}, {"import": 0, "export": 5920, "id": "BE"}, {"import": 0, "export": 3205, "id": "PT"}, {"import": 0, "export": 2084, "id": "ZA"}], "import": 610131, "export": 17459}, {"date": "2019-12-01", "list": [{"import": 613, "export": 0, "id": "CN"}, {"import": 60963, "export": 0, "id": "IN"}], "import": 61576, "export": 0}, {"date": "2020-04-01", "list": [{"import": 50000, "export": 0, "id": "CN"}, {"import": 0, "export": 3000, "id": "FR"}, {"import": 0, "export": 4480, "id": "BE"}], "import": 50000, "export": 7480}, {"date": "2019-02-01", "list": [{"import": 56050, "export": 0, "id": "IN"}], "import": 56050, "export": 0}, {"date": "2019-03-01", "list": [{"import": 800000, "export": 0, "id": "IN"}, {"import": 0, "export": 3940, "id": "PT"}], "import": 800000, "export": 3940}, {"date": "2019-05-01", "list": [{"import": 250100, "export": 0, "id": "IN"}, {"import": 0, "export": 4500, "id": "FR"}, {"import": 0, "export": 5920, "id": "BE"}, {"import": 0, "export": 14754, "id": "MU"}], "import": 250100, "export": 25174}, {"date": "2019-08-01", "list": [{"import": 100000, "export": 0, "id": "IN"}, {"import": 0, "export": 1000, "id": "BE"}], "import": 100000, "export": 1000}, {"date": "2020-03-01", "list": [{"import": 0, "export": 8750, "id": "FR"}, {"import": 0, "export": 711, "id": "IE"}], "import": 0, "export": 9461}, {"date": "2020-05-01", "list": [{"import": 0, "export": 2500, "id": "FR"}, {"import": 0, "export": 6448, "id": "MU"}], "import": 0, "export": 8948}, {"date": "2020-06-01", "list": [{"import": 0, "export": 2250, "id": "FR"}, {"import": 0, "export": 1800, "id": "BH"}, {"import": 0, "export": 11584, "id": "MU"}], "import": 0, "export": 15634}, {"date": "2020-02-01", "list": [{"import": 0, "export": 750, "id": "BH"}, {"import": 0, "export": 2000, "id": "BE"}, {"import": 0, "export": 588, "id": "GB"}], "import": 0, "export": 3338}, {"date": "2020-01-01", "list": [{"import": 0, "export": 2, "id": "CA"}], "import": 0, "export": 2}, {"date": "2019-06-01", "list": [{"import": 0, "export": 8087, "id": "MU"}], "import": 0, "export": 8087}]