[{"date": "2018-10-01", "list": [{"import": 1000000, "export": 0, "id": "GY"}, {"import": 606260, "export": 180, "id": "GR"}, {"import": 475070, "export": 0, "id": "RO"}, {"import": 46723, "export": 220, "id": "FR"}, {"import": 0, "export": 739146, "id": "NL"}, {"import": 4075, "export": 35, "id": "DE"}, {"import": 0, "export": 0, "id": "UY"}, {"import": 0, "export": 0, "id": "IN"}, {"import": 54800, "export": 4127, "id": "ES"}, {"import": 0, "export": 0, "id": "GB"}, {"import": 0, "export": 0, "id": "US"}, {"import": 18, "export": 1325, "id": "AT"}, {"import": 140, "export": 312, "id": "BE"}, {"import": 0, "export": 0, "id": "PT"}, {"import": 0, "export": 0, "id": "MT"}, {"import": 0, "export": 0, "id": "TR"}, {"import": 0, "export": 0, "id": "BF"}, {"import": 0, "export": 0, "id": "BG"}, {"import": 0, "export": 12, "id": "-"}, {"import": 0, "export": 0, "id": "CA"}, {"import": 0, "export": 0, "id": "BR"}, {"import": 0, "export": 0, "id": "AR"}, {"import": 0, "export": 0, "id": "AU"}, {"import": 0, "export": 0, "id": "MA"}, {"import": 0, "export": 0, "id": "HU"}, {"import": 0, "export": 0, "id": "RU"}, {"import": 0, "export": 0, "id": "SI"}, {"import": 0, "export": 0, "id": "NO"}, {"import": 0, "export": 0, "id": "MK"}, {"import": 0, "export": 0, "id": "SE"}, {"import": 0, "export": 0, "id": "CH"}, {"import": 0, "export": 0, "id": "TN"}], "import": 2187086, "export": 745357}, {"date": "2018-11-01", "list": [{"import": 9565100, "export": 0, "id": "GY"}, {"import": 575454, "export": 24, "id": "GR"}, {"import": 680080, "export": 18, "id": "RO"}, {"import": 4, "export": 14391, "id": "FR"}, {"import": 0, "export": 557435, "id": "NL"}, {"import": 2644, "export": 97, "id": "DE"}, {"import": 0, "export": 0, "id": "UY"}, {"import": 0, "export": 0, "id": "IN"}, {"import": 0, "export": 3618, "id": "ES"}, {"import": 0, "export": 0, "id": "GB"}, {"import": 0, "export": 0, "id": "US"}, {"import": 42, "export": 2219, "id": "AT"}, {"import": 0, "export": 520170, "id": "BE"}, {"import": 0, "export": 0, "id": "PT"}, {"import": 0, "export": 0, "id": "MT"}, {"import": 0, "export": 0, "id": "TR"}, {"import": 0, "export": 0, "id": "BF"}, {"import": 0, "export": 0, "id": "BG"}, {"import": 0, "export": 10, "id": "-"}, {"import": 0, "export": 2160, "id": "CA"}, {"import": 0, "export": 0, "id": "BR"}, {"import": 0, "export": 0, "id": "AR"}, {"import": 0, "export": 0, "id": "AU"}, {"import": 0, "export": 0, "id": "MA"}, {"import": 0, "export": 0, "id": "HU"}, {"import": 0, "export": 0, "id": "RU"}, {"import": 0, "export": 0, "id": "SI"}, {"import": 0, "export": 0, "id": "NO"}, {"import": 0, "export": 0, "id": "MK"}, {"import": 0, "export": 0, "id": "SE"}, {"import": 0, "export": 0, "id": "CH"}, {"import": 0, "export": 0, "id": "TN"}], "import": 10823324, "export": 1100142}, {"date": "2018-12-01", "list": [{"import": 0, "export": 0, "id": "GY"}, {"import": 441698, "export": 260, "id": "GR"}, {"import": 347740, "export": 75220, "id": "RO"}, {"import": 183926, "export": 495, "id": "FR"}, {"import": 0, "export": 48138, "id": "NL"}, {"import": 843, "export": 30, "id": "DE"}, {"import": 0, "export": 0, "id": "UY"}, {"import": 0, "export": 0, "id": "IN"}, {"import": 53540, "export": 3625, "id": "ES"}, {"import": 0, "export": 0, "id": "GB"}, {"import": 0, "export": 0, "id": "US"}, {"import": 24, "export": 730, "id": "AT"}, {"import": 200, "export": 56364, "id": "BE"}, {"import": 0, "export": 0, "id": "PT"}, {"import": 0, "export": 0, "id": "MT"}, {"import": 0, "export": 0, "id": "TR"}, {"import": 0, "export": 0, "id": "BF"}, {"import": 0, "export": 0, "id": "BG"}, {"import": 0, "export": 16, "id": "-"}, {"import": 0, "export": 0, "id": "CA"}, {"import": 0, "export": 0, "id": "BR"}, {"import": 0, "export": 0, "id": "AR"}, {"import": 0, "export": 0, "id": "AU"}, {"import": 0, "export": 0, "id": "MA"}, {"import": 0, "export": 0, "id": "HU"}, {"import": 0, "export": 0, "id": "RU"}, {"import": 0, "export": 771, "id": "SI"}, {"import": 0, "export": 0, "id": "NO"}, {"import": 0, "export": 0, "id": "MK"}, {"import": 0, "export": 0, "id": "SE"}, {"import": 0, "export": 0, "id": "CH"}, {"import": 0, "export": 0, "id": "TN"}], "import": 1027971, "export": 185649}, {"date": "2019-01-01", "list": [{"import": 0, "export": 0, "id": "GY"}, {"import": 802751, "export": 560, "id": "GR"}, {"import": 587540, "export": 11, "id": "RO"}, {"import": 273746, "export": 9083, "id": "FR"}, {"import": 0, "export": 28185, "id": "NL"}, {"import": 2885, "export": 536, "id": "DE"}, {"import": 0, "export": 0, "id": "UY"}, {"import": 0, "export": 0, "id": "IN"}, {"import": 0, "export": 2409, "id": "ES"}, {"import": 2010, "export": 1000, "id": "GB"}, {"import": 14940, "export": 0, "id": "US"}, {"import": 4, "export": 3691, "id": "AT"}, {"import": 0, "export": 56124, "id": "BE"}, {"import": 0, "export": 0, "id": "PT"}, {"import": 0, "export": 0, "id": "MT"}, {"import": 0, "export": 0, "id": "TR"}, {"import": 0, "export": 0, "id": "BF"}, {"import": 0, "export": 0, "id": "BG"}, {"import": 0, "export": 0, "id": "-"}, {"import": 0, "export": 0, "id": "CA"}, {"import": 0, "export": 0, "id": "BR"}, {"import": 0, "export": 0, "id": "AR"}, {"import": 0, "export": 0, "id": "AU"}, {"import": 0, "export": 0, "id": "MA"}, {"import": 0, "export": 0, "id": "HU"}, {"import": 0, "export": 0, "id": "RU"}, {"import": 0, "export": 0, "id": "SI"}, {"import": 0, "export": 0, "id": "NO"}, {"import": 0, "export": 0, "id": "MK"}, {"import": 0, "export": 0, "id": "SE"}, {"import": 0, "export": 0, "id": "CH"}, {"import": 0, "export": 0, "id": "TN"}], "import": 1683876, "export": 101599}, {"date": "2019-02-01", "list": [{"import": 0, "export": 0, "id": "GY"}, {"import": 910214, "export": 1751, "id": "GR"}, {"import": 707440, "export": 0, "id": "RO"}, {"import": 1584618, "export": 292, "id": "FR"}, {"import": 0, "export": 578030, "id": "NL"}, {"import": 1910, "export": 70, "id": "DE"}, {"import": 12000, "export": 0, "id": "UY"}, {"import": 0, "export": 0, "id": "IN"}, {"import": 0, "export": 3427, "id": "ES"}, {"import": 0, "export": 0, "id": "GB"}, {"import": 120006, "export": 0, "id": "US"}, {"import": 24, "export": 1005, "id": "AT"}, {"import": 0, "export": 0, "id": "BE"}, {"import": 0, "export": 0, "id": "PT"}, {"import": 0, "export": 0, "id": "MT"}, {"import": 0, "export": 0, "id": "TR"}, {"import": 0, "export": 0, "id": "BF"}, {"import": 0, "export": 0, "id": "BG"}, {"import": 0, "export": 200, "id": "-"}, {"import": 0, "export": 0, "id": "CA"}, {"import": 0, "export": 0, "id": "BR"}, {"import": 0, "export": 0, "id": "AR"}, {"import": 0, "export": 0, "id": "AU"}, {"import": 0, "export": 0, "id": "MA"}, {"import": 0, "export": 0, "id": "HU"}, {"import": 0, "export": 0, "id": "RU"}, {"import": 0, "export": 0, "id": "SI"}, {"import": 0, "export": 0, "id": "NO"}, {"import": 0, "export": 0, "id": "MK"}, {"import": 0, "export": 0, "id": "SE"}, {"import": 0, "export": 0, "id": "CH"}, {"import": 0, "export": 0, "id": "TN"}], "import": 3336212, "export": 586250}, {"date": "2019-03-01", "list": [{"import": 3970400, "export": 0, "id": "GY"}, {"import": 1130199, "export": 75, "id": "GR"}, {"import": 484840, "export": 101901, "id": "RO"}, {"import": 907086, "export": 250829, "id": "FR"}, {"import": 750, "export": 238165, "id": "NL"}, {"import": 580, "export": 845, "id": "DE"}, {"import": 0, "export": 0, "id": "UY"}, {"import": 0, "export": 0, "id": "IN"}, {"import": 0, "export": 718891, "id": "ES"}, {"import": 2000, "export": 0, "id": "GB"}, {"import": 0, "export": 0, "id": "US"}, {"import": 7, "export": 11020, "id": "AT"}, {"import": 100, "export": 192, "id": "BE"}, {"import": 0, "export": 458279, "id": "PT"}, {"import": 0, "export": 0, "id": "MT"}, {"import": 0, "export": 69400, "id": "TR"}, {"import": 0, "export": 0, "id": "BF"}, {"import": 0, "export": 0, "id": "BG"}, {"import": 0, "export": 16, "id": "-"}, {"import": 0, "export": 0, "id": "CA"}, {"import": 0, "export": 0, "id": "BR"}, {"import": 0, "export": 0, "id": "AR"}, {"import": 0, "export": 126, "id": "AU"}, {"import": 0, "export": 566550, "id": "MA"}, {"import": 0, "export": 0, "id": "HU"}, {"import": 0, "export": 90000, "id": "RU"}, {"import": 0, "export": 0, "id": "SI"}, {"import": 0, "export": 0, "id": "NO"}, {"import": 0, "export": 17000, "id": "MK"}, {"import": 0, "export": 0, "id": "SE"}, {"import": 0, "export": 17600, "id": "CH"}, {"import": 0, "export": 0, "id": "TN"}], "import": 6495962, "export": 2540889}, {"date": "2019-04-01", "list": [{"import": 10309600, "export": 0, "id": "GY"}, {"import": 484540, "export": 356435, "id": "GR"}, {"import": 477980, "export": 509824, "id": "RO"}, {"import": 829778, "export": 932069, "id": "FR"}, {"import": 0, "export": 414160, "id": "NL"}, {"import": 1465, "export": 14, "id": "DE"}, {"import": 0, "export": 0, "id": "UY"}, {"import": 0, "export": 0, "id": "IN"}, {"import": 109800, "export": 708341, "id": "ES"}, {"import": 1000, "export": 0, "id": "GB"}, {"import": 0, "export": 0, "id": "US"}, {"import": 16, "export": 1199, "id": "AT"}, {"import": 0, "export": 0, "id": "BE"}, {"import": 0, "export": 1216921, "id": "PT"}, {"import": 0, "export": 0, "id": "MT"}, {"import": 0, "export": 25000, "id": "TR"}, {"import": 0, "export": 0, "id": "BF"}, {"import": 0, "export": 435135, "id": "BG"}, {"import": 0, "export": 42, "id": "-"}, {"import": 0, "export": 2766, "id": "CA"}, {"import": 0, "export": 0, "id": "BR"}, {"import": 0, "export": 0, "id": "AR"}, {"import": 0, "export": 0, "id": "AU"}, {"import": 0, "export": 1016750, "id": "MA"}, {"import": 0, "export": 3608, "id": "HU"}, {"import": 0, "export": 0, "id": "RU"}, {"import": 0, "export": 0, "id": "SI"}, {"import": 0, "export": 0, "id": "NO"}, {"import": 0, "export": 72500, "id": "MK"}, {"import": 0, "export": 0, "id": "SE"}, {"import": 0, "export": 7600, "id": "CH"}, {"import": 0, "export": 0, "id": "TN"}], "import": 12214179, "export": 5702364}, {"date": "2019-05-01", "list": [{"import": 10000150, "export": 0, "id": "GY"}, {"import": 664216, "export": 26419, "id": "GR"}, {"import": 475120, "export": 332788, "id": "RO"}, {"import": 278130, "export": 293708, "id": "FR"}, {"import": 12, "export": 80514, "id": "NL"}, {"import": 2381, "export": 609, "id": "DE"}, {"import": 0, "export": 0, "id": "UY"}, {"import": 0, "export": 0, "id": "IN"}, {"import": 0, "export": 46039, "id": "ES"}, {"import": 20, "export": 0, "id": "GB"}, {"import": 0, "export": 0, "id": "US"}, {"import": 21, "export": 1765, "id": "AT"}, {"import": 0, "export": 0, "id": "BE"}, {"import": 0, "export": 273090, "id": "PT"}, {"import": 1403, "export": 231, "id": "MT"}, {"import": 0, "export": 0, "id": "TR"}, {"import": 0, "export": 0, "id": "BF"}, {"import": 0, "export": 39049, "id": "BG"}, {"import": 0, "export": 31, "id": "-"}, {"import": 0, "export": 0, "id": "CA"}, {"import": 0, "export": 0, "id": "BR"}, {"import": 0, "export": 0, "id": "AR"}, {"import": 0, "export": 0, "id": "AU"}, {"import": 0, "export": 0, "id": "MA"}, {"import": 0, "export": 0, "id": "HU"}, {"import": 0, "export": 0, "id": "RU"}, {"import": 0, "export": 426, "id": "SI"}, {"import": 0, "export": 0, "id": "NO"}, {"import": 0, "export": 3000, "id": "MK"}, {"import": 0, "export": 0, "id": "SE"}, {"import": 0, "export": 0, "id": "CH"}, {"import": 0, "export": 7000, "id": "TN"}], "import": 11421453, "export": 1104669}, {"date": "2019-06-01", "list": [{"import": 0, "export": 0, "id": "GY"}, {"import": 249177, "export": 570, "id": "GR"}, {"import": 428260, "export": 23, "id": "RO"}, {"import": 843921, "export": 221557, "id": "FR"}, {"import": 0, "export": 84045, "id": "NL"}, {"import": 585, "export": 54, "id": "DE"}, {"import": 0, "export": 0, "id": "UY"}, {"import": 0, "export": 0, "id": "IN"}, {"import": 0, "export": 2412, "id": "ES"}, {"import": 0, "export": 133300, "id": "GB"}, {"import": 0, "export": 0, "id": "US"}, {"import": 23, "export": 883, "id": "AT"}, {"import": 0, "export": 423080, "id": "BE"}, {"import": 0, "export": 0, "id": "PT"}, {"import": 1294, "export": 640, "id": "MT"}, {"import": 0, "export": 0, "id": "TR"}, {"import": 0, "export": 0, "id": "BF"}, {"import": 0, "export": 0, "id": "BG"}, {"import": 0, "export": 88, "id": "-"}, {"import": 0, "export": 0, "id": "CA"}, {"import": 0, "export": 0, "id": "BR"}, {"import": 0, "export": 0, "id": "AR"}, {"import": 0, "export": 0, "id": "AU"}, {"import": 0, "export": 0, "id": "MA"}, {"import": 0, "export": 0, "id": "HU"}, {"import": 0, "export": 0, "id": "RU"}, {"import": 0, "export": 0, "id": "SI"}, {"import": 0, "export": 0, "id": "NO"}, {"import": 0, "export": 0, "id": "MK"}, {"import": 0, "export": 0, "id": "SE"}, {"import": 0, "export": 824, "id": "CH"}, {"import": 0, "export": 0, "id": "TN"}], "import": 1523260, "export": 867476}, {"date": "2019-07-01", "list": [{"import": 0, "export": 0, "id": "GY"}, {"import": 403175, "export": 0, "id": "GR"}, {"import": 401220, "export": 0, "id": "RO"}, {"import": 807121, "export": 47920, "id": "FR"}, {"import": 0, "export": 57253, "id": "NL"}, {"import": 3474, "export": 24, "id": "DE"}, {"import": 0, "export": 0, "id": "UY"}, {"import": 0, "export": 0, "id": "IN"}, {"import": 24, "export": 5216, "id": "ES"}, {"import": 1000, "export": 0, "id": "GB"}, {"import": 0, "export": 0, "id": "US"}, {"import": 25, "export": 1505, "id": "AT"}, {"import": 0, "export": 240880, "id": "BE"}, {"import": 0, "export": 2500, "id": "PT"}, {"import": 0, "export": 1820, "id": "MT"}, {"import": 0, "export": 0, "id": "TR"}, {"import": 0, "export": 0, "id": "BF"}, {"import": 0, "export": 0, "id": "BG"}, {"import": 0, "export": 69, "id": "-"}, {"import": 0, "export": 0, "id": "CA"}, {"import": 0, "export": 0, "id": "BR"}, {"import": 0, "export": 16000, "id": "AR"}, {"import": 0, "export": 0, "id": "AU"}, {"import": 0, "export": 0, "id": "MA"}, {"import": 0, "export": 0, "id": "HU"}, {"import": 0, "export": 0, "id": "RU"}, {"import": 0, "export": 0, "id": "SI"}, {"import": 0, "export": 0, "id": "NO"}, {"import": 0, "export": 0, "id": "MK"}, {"import": 0, "export": 0, "id": "SE"}, {"import": 0, "export": 0, "id": "CH"}, {"import": 0, "export": 0, "id": "TN"}], "import": 1616039, "export": 373187}, {"date": "2019-08-01", "list": [{"import": 0, "export": 0, "id": "GY"}, {"import": 0, "export": 0, "id": "GR"}, {"import": 234120, "export": 0, "id": "RO"}, {"import": 756330, "export": 3671, "id": "FR"}, {"import": 2250, "export": 64, "id": "NL"}, {"import": 750, "export": 68, "id": "DE"}, {"import": 0, "export": 0, "id": "UY"}, {"import": 0, "export": 0, "id": "IN"}, {"import": 15, "export": 1963, "id": "ES"}, {"import": 1100, "export": 0, "id": "GB"}, {"import": 0, "export": 0, "id": "US"}, {"import": 9, "export": 1400, "id": "AT"}, {"import": 0, "export": 24900, "id": "BE"}, {"import": 10000, "export": 0, "id": "PT"}, {"import": 0, "export": 2053, "id": "MT"}, {"import": 0, "export": 0, "id": "TR"}, {"import": 0, "export": 0, "id": "BF"}, {"import": 0, "export": 0, "id": "BG"}, {"import": 0, "export": 62, "id": "-"}, {"import": 0, "export": 0, "id": "CA"}, {"import": 0, "export": 0, "id": "BR"}, {"import": 0, "export": 0, "id": "AR"}, {"import": 0, "export": 0, "id": "AU"}, {"import": 0, "export": 0, "id": "MA"}, {"import": 0, "export": 0, "id": "HU"}, {"import": 0, "export": 0, "id": "RU"}, {"import": 0, "export": 0, "id": "SI"}, {"import": 0, "export": 0, "id": "NO"}, {"import": 0, "export": 0, "id": "MK"}, {"import": 0, "export": 0, "id": "SE"}, {"import": 0, "export": 0, "id": "CH"}, {"import": 0, "export": 0, "id": "TN"}], "import": 1004574, "export": 35183}, {"date": "2019-09-01", "list": [{"import": 0, "export": 0, "id": "GY"}, {"import": 0, "export": 1960, "id": "GR"}, {"import": 144000, "export": 23, "id": "RO"}, {"import": 60, "export": 84018, "id": "FR"}, {"import": 1840, "export": 19360, "id": "NL"}, {"import": 818, "export": 18, "id": "DE"}, {"import": 0, "export": 0, "id": "UY"}, {"import": 0, "export": 0, "id": "IN"}, {"import": 22, "export": 4955, "id": "ES"}, {"import": 0, "export": 0, "id": "GB"}, {"import": 0, "export": 0, "id": "US"}, {"import": 15, "export": 5126, "id": "AT"}, {"import": 0, "export": 26272, "id": "BE"}, {"import": 1372, "export": 0, "id": "PT"}, {"import": 0, "export": 494, "id": "MT"}, {"import": 0, "export": 0, "id": "TR"}, {"import": 0, "export": 0, "id": "BF"}, {"import": 0, "export": 0, "id": "BG"}, {"import": 0, "export": 27, "id": "-"}, {"import": 0, "export": 0, "id": "CA"}, {"import": 0, "export": 0, "id": "BR"}, {"import": 0, "export": 0, "id": "AR"}, {"import": 0, "export": 0, "id": "AU"}, {"import": 0, "export": 0, "id": "MA"}, {"import": 0, "export": 0, "id": "HU"}, {"import": 0, "export": 0, "id": "RU"}, {"import": 0, "export": 425, "id": "SI"}, {"import": 0, "export": 0, "id": "NO"}, {"import": 0, "export": 0, "id": "MK"}, {"import": 0, "export": 0, "id": "SE"}, {"import": 0, "export": 0, "id": "CH"}, {"import": 0, "export": 0, "id": "TN"}], "import": 148127, "export": 164398}, {"date": "2019-10-01", "list": [{"import": 0, "export": 0, "id": "GY"}, {"import": 608485, "export": 320, "id": "GR"}, {"import": 141680, "export": 0, "id": "RO"}, {"import": 42088, "export": 27628, "id": "FR"}, {"import": 4600, "export": 113900, "id": "NL"}, {"import": 5110, "export": 46, "id": "DE"}, {"import": 0, "export": 0, "id": "UY"}, {"import": 0, "export": 0, "id": "IN"}, {"import": 19, "export": 56, "id": "ES"}, {"import": 5000, "export": 0, "id": "GB"}, {"import": 0, "export": 0, "id": "US"}, {"import": 14, "export": 1269, "id": "AT"}, {"import": 0, "export": 162884, "id": "BE"}, {"import": 17451, "export": 0, "id": "PT"}, {"import": 0, "export": 1882, "id": "MT"}, {"import": 0, "export": 0, "id": "TR"}, {"import": 0, "export": 0, "id": "BF"}, {"import": 0, "export": 0, "id": "BG"}, {"import": 0, "export": 43, "id": "-"}, {"import": 0, "export": 0, "id": "CA"}, {"import": 0, "export": 14800, "id": "BR"}, {"import": 0, "export": 0, "id": "AR"}, {"import": 0, "export": 0, "id": "AU"}, {"import": 0, "export": 0, "id": "MA"}, {"import": 0, "export": 0, "id": "HU"}, {"import": 0, "export": 0, "id": "RU"}, {"import": 0, "export": 0, "id": "SI"}, {"import": 0, "export": 0, "id": "NO"}, {"import": 0, "export": 0, "id": "MK"}, {"import": 0, "export": 0, "id": "SE"}, {"import": 0, "export": 0, "id": "CH"}, {"import": 0, "export": 0, "id": "TN"}], "import": 824447, "export": 323831}, {"date": "2019-11-01", "list": [{"import": 7153300, "export": 0, "id": "GY"}, {"import": 946532, "export": 270, "id": "GR"}, {"import": 565200, "export": 25, "id": "RO"}, {"import": 23959, "export": 262364, "id": "FR"}, {"import": 2124, "export": 513042, "id": "NL"}, {"import": 1916, "export": 66, "id": "DE"}, {"import": 0, "export": 0, "id": "UY"}, {"import": 0, "export": 0, "id": "IN"}, {"import": 25, "export": 9250, "id": "ES"}, {"import": 0, "export": 0, "id": "GB"}, {"import": 0, "export": 0, "id": "US"}, {"import": 20, "export": 172, "id": "AT"}, {"import": 80, "export": 562532, "id": "BE"}, {"import": 0, "export": 0, "id": "PT"}, {"import": 0, "export": 963, "id": "MT"}, {"import": 0, "export": 0, "id": "TR"}, {"import": 0, "export": 12000, "id": "BF"}, {"import": 0, "export": 0, "id": "BG"}, {"import": 0, "export": 56, "id": "-"}, {"import": 0, "export": 0, "id": "CA"}, {"import": 0, "export": 0, "id": "BR"}, {"import": 0, "export": 0, "id": "AR"}, {"import": 0, "export": 0, "id": "AU"}, {"import": 0, "export": 0, "id": "MA"}, {"import": 0, "export": 0, "id": "HU"}, {"import": 0, "export": 0, "id": "RU"}, {"import": 0, "export": 0, "id": "SI"}, {"import": 0, "export": 0, "id": "NO"}, {"import": 0, "export": 0, "id": "MK"}, {"import": 0, "export": 0, "id": "SE"}, {"import": 0, "export": 0, "id": "CH"}, {"import": 0, "export": 0, "id": "TN"}], "import": 8693156, "export": 1360740}, {"date": "2019-12-01", "list": [{"import": 0, "export": 0, "id": "GY"}, {"import": 510973, "export": 780, "id": "GR"}, {"import": 0, "export": 0, "id": "RO"}, {"import": 0, "export": 21874, "id": "FR"}, {"import": 1656, "export": 26632, "id": "NL"}, {"import": 1133, "export": 90, "id": "DE"}, {"import": 0, "export": 0, "id": "UY"}, {"import": 0, "export": 0, "id": "IN"}, {"import": 10, "export": 2431, "id": "ES"}, {"import": 0, "export": 0, "id": "GB"}, {"import": 0, "export": 0, "id": "US"}, {"import": 19, "export": 1596, "id": "AT"}, {"import": 0, "export": 71252, "id": "BE"}, {"import": 1375, "export": 0, "id": "PT"}, {"import": 0, "export": 1945, "id": "MT"}, {"import": 0, "export": 0, "id": "TR"}, {"import": 0, "export": 0, "id": "BF"}, {"import": 0, "export": 0, "id": "BG"}, {"import": 0, "export": 56, "id": "-"}, {"import": 0, "export": 0, "id": "CA"}, {"import": 0, "export": 1120, "id": "BR"}, {"import": 0, "export": 0, "id": "AR"}, {"import": 0, "export": 0, "id": "AU"}, {"import": 0, "export": 0, "id": "MA"}, {"import": 0, "export": 0, "id": "HU"}, {"import": 0, "export": 0, "id": "RU"}, {"import": 0, "export": 0, "id": "SI"}, {"import": 0, "export": 2040, "id": "NO"}, {"import": 0, "export": 0, "id": "MK"}, {"import": 0, "export": 0, "id": "SE"}, {"import": 0, "export": 0, "id": "CH"}, {"import": 0, "export": 0, "id": "TN"}], "import": 515166, "export": 129816}, {"date": "2020-01-01", "list": [{"import": 0, "export": 0, "id": "GY"}, {"import": 668340, "export": 0, "id": "GR"}, {"import": 519160, "export": 0, "id": "RO"}, {"import": 14562, "export": 10988, "id": "FR"}, {"import": 4820, "export": 99789, "id": "NL"}, {"import": 1760, "export": 86, "id": "DE"}, {"import": 0, "export": 0, "id": "UY"}, {"import": 500, "export": 0, "id": "IN"}, {"import": 22, "export": 76713, "id": "ES"}, {"import": 3000, "export": 20, "id": "GB"}, {"import": 0, "export": 0, "id": "US"}, {"import": 3, "export": 639, "id": "AT"}, {"import": 100, "export": 172, "id": "BE"}, {"import": 0, "export": 0, "id": "PT"}, {"import": 0, "export": 1278, "id": "MT"}, {"import": 0, "export": 0, "id": "TR"}, {"import": 0, "export": 10000, "id": "BF"}, {"import": 0, "export": 0, "id": "BG"}, {"import": 0, "export": 7, "id": "-"}, {"import": 0, "export": 0, "id": "CA"}, {"import": 0, "export": 0, "id": "BR"}, {"import": 0, "export": 0, "id": "AR"}, {"import": 0, "export": 0, "id": "AU"}, {"import": 0, "export": 0, "id": "MA"}, {"import": 0, "export": 0, "id": "HU"}, {"import": 0, "export": 0, "id": "RU"}, {"import": 0, "export": 0, "id": "SI"}, {"import": 0, "export": 0, "id": "NO"}, {"import": 0, "export": 0, "id": "MK"}, {"import": 0, "export": 530, "id": "SE"}, {"import": 0, "export": 0, "id": "CH"}, {"import": 0, "export": 0, "id": "TN"}], "import": 1212267, "export": 221884}, {"date": "2020-02-01", "list": [{"import": 0, "export": 0, "id": "GY"}, {"import": 938347, "export": 353, "id": "GR"}, {"import": 259540, "export": 52206, "id": "RO"}, {"import": 360420, "export": 6859, "id": "FR"}, {"import": 260, "export": 275776, "id": "NL"}, {"import": 898, "export": 61, "id": "DE"}, {"import": 0, "export": 0, "id": "UY"}, {"import": 0, "export": 0, "id": "IN"}, {"import": 32, "export": 127590, "id": "ES"}, {"import": 1000, "export": 0, "id": "GB"}, {"import": 12960, "export": 0, "id": "US"}, {"import": 24, "export": 2375, "id": "AT"}, {"import": 420, "export": 59, "id": "BE"}, {"import": 0, "export": 24000, "id": "PT"}, {"import": 0, "export": 1680, "id": "MT"}, {"import": 0, "export": 0, "id": "TR"}, {"import": 0, "export": 0, "id": "BF"}, {"import": 0, "export": 0, "id": "BG"}, {"import": 0, "export": 42, "id": "-"}, {"import": 0, "export": 0, "id": "CA"}, {"import": 0, "export": 0, "id": "BR"}, {"import": 0, "export": 0, "id": "AR"}, {"import": 0, "export": 0, "id": "AU"}, {"import": 0, "export": 0, "id": "MA"}, {"import": 0, "export": 0, "id": "HU"}, {"import": 0, "export": 110000, "id": "RU"}, {"import": 0, "export": 0, "id": "SI"}, {"import": 0, "export": 0, "id": "NO"}, {"import": 0, "export": 0, "id": "MK"}, {"import": 0, "export": 0, "id": "SE"}, {"import": 0, "export": 470, "id": "CH"}, {"import": 0, "export": 0, "id": "TN"}], "import": 1573901, "export": 601471}, {"date": "2020-03-01", "list": [{"import": 0, "export": 0, "id": "GY"}, {"import": 397264, "export": 17700, "id": "GR"}, {"import": 379720, "export": 38390, "id": "RO"}, {"import": 828358, "export": 556384, "id": "FR"}, {"import": 0, "export": 620500, "id": "NL"}, {"import": 6480, "export": 58, "id": "DE"}, {"import": 0, "export": 0, "id": "UY"}, {"import": 0, "export": 0, "id": "IN"}, {"import": 82, "export": 54468, "id": "ES"}, {"import": 1000, "export": 7445, "id": "GB"}, {"import": 207468, "export": 0, "id": "US"}, {"import": 0, "export": 13131, "id": "AT"}, {"import": 0, "export": 0, "id": "BE"}, {"import": 0, "export": 897864, "id": "PT"}, {"import": 0, "export": 3088, "id": "MT"}, {"import": 0, "export": 5494220, "id": "TR"}, {"import": 0, "export": 0, "id": "BF"}, {"import": 0, "export": 0, "id": "BG"}, {"import": 0, "export": 32, "id": "-"}, {"import": 0, "export": 3300, "id": "CA"}, {"import": 0, "export": 0, "id": "BR"}, {"import": 0, "export": 0, "id": "AR"}, {"import": 0, "export": 0, "id": "AU"}, {"import": 0, "export": 490000, "id": "MA"}, {"import": 0, "export": 0, "id": "HU"}, {"import": 0, "export": 175000, "id": "RU"}, {"import": 0, "export": 0, "id": "SI"}, {"import": 0, "export": 0, "id": "NO"}, {"import": 0, "export": 0, "id": "MK"}, {"import": 0, "export": 0, "id": "SE"}, {"import": 0, "export": 8000, "id": "CH"}, {"import": 0, "export": 0, "id": "TN"}], "import": 1820372, "export": 8381579}, {"date": "2020-04-01", "list": [{"import": 0, "export": 0, "id": "GY"}, {"import": 802762, "export": 161179, "id": "GR"}, {"import": 145000, "export": 568698, "id": "RO"}, {"import": 609952, "export": 666859, "id": "FR"}, {"import": 0, "export": 75099, "id": "NL"}, {"import": 230, "export": 126416, "id": "DE"}, {"import": 0, "export": 0, "id": "UY"}, {"import": 0, "export": 0, "id": "IN"}, {"import": 2, "export": 992368, "id": "ES"}, {"import": 0, "export": 0, "id": "GB"}, {"import": 0, "export": 0, "id": "US"}, {"import": 9933, "export": 404, "id": "AT"}, {"import": 0, "export": 0, "id": "BE"}, {"import": 0, "export": 384054, "id": "PT"}, {"import": 0, "export": 678, "id": "MT"}, {"import": 0, "export": 30000, "id": "TR"}, {"import": 0, "export": 0, "id": "BF"}, {"import": 0, "export": 110000, "id": "BG"}, {"import": 0, "export": 0, "id": "-"}, {"import": 0, "export": 0, "id": "CA"}, {"import": 0, "export": 0, "id": "BR"}, {"import": 0, "export": 0, "id": "AR"}, {"import": 0, "export": 0, "id": "AU"}, {"import": 0, "export": 1001000, "id": "MA"}, {"import": 0, "export": 0, "id": "HU"}, {"import": 0, "export": 0, "id": "RU"}, {"import": 0, "export": 0, "id": "SI"}, {"import": 0, "export": 0, "id": "NO"}, {"import": 0, "export": 15000, "id": "MK"}, {"import": 0, "export": 0, "id": "SE"}, {"import": 0, "export": 11200, "id": "CH"}, {"import": 0, "export": 0, "id": "TN"}], "import": 1567879, "export": 4169965}, {"date": "2020-05-01", "list": [{"import": 4951800, "export": 0, "id": "GY"}, {"import": 765945, "export": 4440, "id": "GR"}, {"import": 569360, "export": 24100, "id": "RO"}, {"import": 439201, "export": 1350, "id": "FR"}, {"import": 6966, "export": 596565, "id": "NL"}, {"import": 6056, "export": 106, "id": "DE"}, {"import": 81, "export": 0, "id": "UY"}, {"import": 0, "export": 0, "id": "IN"}, {"import": 0, "export": 219546, "id": "ES"}, {"import": 0, "export": 0, "id": "GB"}, {"import": 0, "export": 0, "id": "US"}, {"import": 0, "export": 1078, "id": "AT"}, {"import": 0, "export": 544, "id": "BE"}, {"import": 0, "export": 21996, "id": "PT"}, {"import": 0, "export": 346, "id": "MT"}, {"import": 0, "export": 14800, "id": "TR"}, {"import": 0, "export": 10000, "id": "BF"}, {"import": 0, "export": 4000, "id": "BG"}, {"import": 0, "export": 0, "id": "-"}, {"import": 0, "export": 0, "id": "CA"}, {"import": 0, "export": 0, "id": "BR"}, {"import": 0, "export": 0, "id": "AR"}, {"import": 0, "export": 0, "id": "AU"}, {"import": 0, "export": 0, "id": "MA"}, {"import": 0, "export": 0, "id": "HU"}, {"import": 0, "export": 0, "id": "RU"}, {"import": 0, "export": 0, "id": "SI"}, {"import": 0, "export": 0, "id": "NO"}, {"import": 0, "export": 0, "id": "MK"}, {"import": 0, "export": 0, "id": "SE"}, {"import": 0, "export": 0, "id": "CH"}, {"import": 0, "export": 0, "id": "TN"}], "import": 6739409, "export": 900736}]