[{"date": "2018-12-01", "list": [{"import": 3028, "export": 0, "id": "IT"}, {"import": 0, "export": 0, "id": "PL"}, {"import": 0, "export": 0, "id": "GB"}, {"import": 560, "export": 0, "id": "JP"}, {"import": 0, "export": 0, "id": "NL"}, {"import": 1963, "export": 0, "id": "IN"}, {"import": 0, "export": 0, "id": "SG"}, {"import": 0, "export": 0, "id": "SE"}, {"import": 0, "export": 0, "id": "CH"}, {"import": 0, "export": 0, "id": "TH"}, {"import": 0, "export": 0, "id": "BE"}, {"import": 0, "export": 0, "id": "CL"}, {"import": 0, "export": 0, "id": "DK"}, {"import": 0, "export": 0, "id": "DE"}, {"import": 0, "export": 0, "id": "GR"}], "import": 5551, "export": 0}, {"date": "2019-01-01", "list": [{"import": 738, "export": 0, "id": "IT"}, {"import": 0, "export": 0, "id": "PL"}, {"import": 1998, "export": 0, "id": "GB"}, {"import": 0, "export": 0, "id": "JP"}, {"import": 0, "export": 0, "id": "NL"}, {"import": 1972, "export": 0, "id": "IN"}, {"import": 20, "export": 0, "id": "SG"}, {"import": 0, "export": 0, "id": "SE"}, {"import": 0, "export": 0, "id": "CH"}, {"import": 20240, "export": 0, "id": "TH"}, {"import": 0, "export": 0, "id": "BE"}, {"import": 0, "export": 0, "id": "CL"}, {"import": 0, "export": 0, "id": "DK"}, {"import": 0, "export": 0, "id": "DE"}, {"import": 0, "export": 0, "id": "GR"}], "import": 24968, "export": 0}, {"date": "2019-02-01", "list": [{"import": 1377, "export": 0, "id": "IT"}, {"import": 0, "export": 0, "id": "PL"}, {"import": 0, "export": 0, "id": "GB"}, {"import": 1180, "export": 0, "id": "JP"}, {"import": 0, "export": 0, "id": "NL"}, {"import": 2171, "export": 0, "id": "IN"}, {"import": 0, "export": 0, "id": "SG"}, {"import": 0, "export": 0, "id": "SE"}, {"import": 0, "export": 0, "id": "CH"}, {"import": 300, "export": 0, "id": "TH"}, {"import": 0, "export": 0, "id": "BE"}, {"import": 648, "export": 0, "id": "CL"}, {"import": 0, "export": 0, "id": "DK"}, {"import": 0, "export": 0, "id": "DE"}, {"import": 0, "export": 0, "id": "GR"}], "import": 5676, "export": 0}, {"date": "2019-03-01", "list": [{"import": 2410, "export": 0, "id": "IT"}, {"import": 0, "export": 0, "id": "PL"}, {"import": 0, "export": 0, "id": "GB"}, {"import": 0, "export": 0, "id": "JP"}, {"import": 0, "export": 0, "id": "NL"}, {"import": 1722, "export": 0, "id": "IN"}, {"import": 0, "export": 0, "id": "SG"}, {"import": 0, "export": 0, "id": "SE"}, {"import": 0, "export": 0, "id": "CH"}, {"import": 1779, "export": 0, "id": "TH"}, {"import": 0, "export": 0, "id": "BE"}, {"import": 0, "export": 0, "id": "CL"}, {"import": 0, "export": 0, "id": "DK"}, {"import": 0, "export": 0, "id": "DE"}, {"import": 250, "export": 0, "id": "GR"}], "import": 6161, "export": 0}, {"date": "2019-04-01", "list": [{"import": 2980, "export": 0, "id": "IT"}, {"import": 0, "export": 0, "id": "PL"}, {"import": 0, "export": 0, "id": "GB"}, {"import": 0, "export": 0, "id": "JP"}, {"import": 238, "export": 0, "id": "NL"}, {"import": 0, "export": 0, "id": "IN"}, {"import": 0, "export": 0, "id": "SG"}, {"import": 0, "export": 0, "id": "SE"}, {"import": 0, "export": 0, "id": "CH"}, {"import": 22392, "export": 0, "id": "TH"}, {"import": 0, "export": 0, "id": "BE"}, {"import": 0, "export": 0, "id": "CL"}, {"import": 0, "export": 0, "id": "DK"}, {"import": 0, "export": 0, "id": "DE"}, {"import": 375, "export": 0, "id": "GR"}], "import": 25985, "export": 0}, {"date": "2019-05-01", "list": [{"import": 0, "export": 0, "id": "IT"}, {"import": 0, "export": 0, "id": "PL"}, {"import": 1465, "export": 0, "id": "GB"}, {"import": 0, "export": 0, "id": "JP"}, {"import": 0, "export": 0, "id": "NL"}, {"import": 0, "export": 0, "id": "IN"}, {"import": 0, "export": 0, "id": "SG"}, {"import": 0, "export": 0, "id": "SE"}, {"import": 0, "export": 0, "id": "CH"}, {"import": 420, "export": 0, "id": "TH"}, {"import": 1000, "export": 0, "id": "BE"}, {"import": 648, "export": 0, "id": "CL"}, {"import": 2078, "export": 0, "id": "DK"}, {"import": 0, "export": 0, "id": "DE"}, {"import": 0, "export": 0, "id": "GR"}], "import": 5611, "export": 0}, {"date": "2019-06-01", "list": [{"import": 426, "export": 0, "id": "IT"}, {"import": 0, "export": 0, "id": "PL"}, {"import": 0, "export": 0, "id": "GB"}, {"import": 450, "export": 0, "id": "JP"}, {"import": 0, "export": 0, "id": "NL"}, {"import": 2022, "export": 0, "id": "IN"}, {"import": 0, "export": 0, "id": "SG"}, {"import": 0, "export": 0, "id": "SE"}, {"import": 0, "export": 0, "id": "CH"}, {"import": 8420, "export": 0, "id": "TH"}, {"import": 0, "export": 0, "id": "BE"}, {"import": 324, "export": 0, "id": "CL"}, {"import": 0, "export": 0, "id": "DK"}, {"import": 0, "export": 0, "id": "DE"}, {"import": 0, "export": 0, "id": "GR"}], "import": 11642, "export": 0}, {"date": "2019-07-01", "list": [{"import": 1313, "export": 0, "id": "IT"}, {"import": 0, "export": 0, "id": "PL"}, {"import": 0, "export": 0, "id": "GB"}, {"import": 900, "export": 0, "id": "JP"}, {"import": 0, "export": 0, "id": "NL"}, {"import": 1950, "export": 0, "id": "IN"}, {"import": 0, "export": 0, "id": "SG"}, {"import": 0, "export": 0, "id": "SE"}, {"import": 0, "export": 0, "id": "CH"}, {"import": 18933, "export": 0, "id": "TH"}, {"import": 0, "export": 0, "id": "BE"}, {"import": 648, "export": 0, "id": "CL"}, {"import": 844, "export": 0, "id": "DK"}, {"import": 0, "export": 0, "id": "DE"}, {"import": 0, "export": 0, "id": "GR"}], "import": 24588, "export": 0}, {"date": "2019-08-01", "list": [{"import": 1141, "export": 0, "id": "IT"}, {"import": 0, "export": 0, "id": "PL"}, {"import": 0, "export": 0, "id": "GB"}, {"import": 330, "export": 0, "id": "JP"}, {"import": 0, "export": 0, "id": "NL"}, {"import": 1422, "export": 0, "id": "IN"}, {"import": 0, "export": 0, "id": "SG"}, {"import": 0, "export": 0, "id": "SE"}, {"import": 0, "export": 0, "id": "CH"}, {"import": 2284, "export": 0, "id": "TH"}, {"import": 0, "export": 0, "id": "BE"}, {"import": 756, "export": 0, "id": "CL"}, {"import": 576, "export": 0, "id": "DK"}, {"import": 0, "export": 0, "id": "DE"}, {"import": 0, "export": 0, "id": "GR"}], "import": 6509, "export": 0}, {"date": "2019-09-01", "list": [{"import": 474, "export": 0, "id": "IT"}, {"import": 0, "export": 0, "id": "PL"}, {"import": 0, "export": 0, "id": "GB"}, {"import": 510, "export": 0, "id": "JP"}, {"import": 0, "export": 0, "id": "NL"}, {"import": 772, "export": 0, "id": "IN"}, {"import": 0, "export": 0, "id": "SG"}, {"import": 0, "export": 0, "id": "SE"}, {"import": 0, "export": 0, "id": "CH"}, {"import": 18048, "export": 0, "id": "TH"}, {"import": 0, "export": 0, "id": "BE"}, {"import": 0, "export": 0, "id": "CL"}, {"import": 0, "export": 0, "id": "DK"}, {"import": 0, "export": 0, "id": "DE"}, {"import": 0, "export": 0, "id": "GR"}], "import": 19804, "export": 0}, {"date": "2019-10-01", "list": [{"import": 1310, "export": 0, "id": "IT"}, {"import": 0, "export": 0, "id": "PL"}, {"import": 0, "export": 0, "id": "GB"}, {"import": 0, "export": 0, "id": "JP"}, {"import": 0, "export": 0, "id": "NL"}, {"import": 650, "export": 0, "id": "IN"}, {"import": 0, "export": 0, "id": "SG"}, {"import": 0, "export": 0, "id": "SE"}, {"import": 0, "export": 0, "id": "CH"}, {"import": 2570, "export": 0, "id": "TH"}, {"import": 0, "export": 0, "id": "BE"}, {"import": 1296, "export": 0, "id": "CL"}, {"import": 517, "export": 0, "id": "DK"}, {"import": 0, "export": 0, "id": "DE"}, {"import": 0, "export": 0, "id": "GR"}], "import": 6343, "export": 0}, {"date": "2019-11-01", "list": [{"import": 761, "export": 0, "id": "IT"}, {"import": 0, "export": 0, "id": "PL"}, {"import": 0, "export": 0, "id": "GB"}, {"import": 0, "export": 0, "id": "JP"}, {"import": 0, "export": 0, "id": "NL"}, {"import": 0, "export": 0, "id": "IN"}, {"import": 0, "export": 0, "id": "SG"}, {"import": 0, "export": 0, "id": "SE"}, {"import": 0, "export": 0, "id": "CH"}, {"import": 4000, "export": 0, "id": "TH"}, {"import": 0, "export": 0, "id": "BE"}, {"import": 0, "export": 0, "id": "CL"}, {"import": 0, "export": 0, "id": "DK"}, {"import": 0, "export": 0, "id": "DE"}, {"import": 0, "export": 0, "id": "GR"}], "import": 4761, "export": 0}, {"date": "2019-12-01", "list": [{"import": 1083, "export": 0, "id": "IT"}, {"import": 0, "export": 0, "id": "PL"}, {"import": 0, "export": 0, "id": "GB"}, {"import": 0, "export": 0, "id": "JP"}, {"import": 0, "export": 0, "id": "NL"}, {"import": 0, "export": 0, "id": "IN"}, {"import": 0, "export": 0, "id": "SG"}, {"import": 0, "export": 0, "id": "SE"}, {"import": 623, "export": 0, "id": "CH"}, {"import": 689, "export": 0, "id": "TH"}, {"import": 0, "export": 0, "id": "BE"}, {"import": 0, "export": 0, "id": "CL"}, {"import": 0, "export": 0, "id": "DK"}, {"import": 0, "export": 0, "id": "DE"}, {"import": 0, "export": 0, "id": "GR"}], "import": 2395, "export": 0}, {"date": "2020-01-01", "list": [{"import": 3036, "export": 0, "id": "IT"}, {"import": 0, "export": 0, "id": "PL"}, {"import": 0, "export": 0, "id": "GB"}, {"import": 1350, "export": 0, "id": "JP"}, {"import": 0, "export": 0, "id": "NL"}, {"import": 0, "export": 0, "id": "IN"}, {"import": 0, "export": 0, "id": "SG"}, {"import": 0, "export": 0, "id": "SE"}, {"import": 1350, "export": 0, "id": "CH"}, {"import": 644, "export": 0, "id": "TH"}, {"import": 0, "export": 0, "id": "BE"}, {"import": 0, "export": 0, "id": "CL"}, {"import": 517, "export": 0, "id": "DK"}, {"import": 0, "export": 0, "id": "DE"}, {"import": 0, "export": 0, "id": "GR"}], "import": 6897, "export": 0}, {"date": "2020-02-01", "list": [{"import": 250, "export": 0, "id": "IT"}, {"import": 0, "export": 0, "id": "PL"}, {"import": 0, "export": 0, "id": "GB"}, {"import": 0, "export": 0, "id": "JP"}, {"import": 0, "export": 0, "id": "NL"}, {"import": 0, "export": 0, "id": "IN"}, {"import": 0, "export": 0, "id": "SG"}, {"import": 0, "export": 0, "id": "SE"}, {"import": 1190, "export": 0, "id": "CH"}, {"import": 0, "export": 0, "id": "TH"}, {"import": 0, "export": 0, "id": "BE"}, {"import": 0, "export": 0, "id": "CL"}, {"import": 733, "export": 0, "id": "DK"}, {"import": 0, "export": 0, "id": "DE"}, {"import": 0, "export": 0, "id": "GR"}], "import": 2173, "export": 0}, {"date": "2020-03-01", "list": [{"import": 359, "export": 0, "id": "IT"}, {"import": 0, "export": 0, "id": "PL"}, {"import": 0, "export": 0, "id": "GB"}, {"import": 0, "export": 0, "id": "JP"}, {"import": 0, "export": 0, "id": "NL"}, {"import": 0, "export": 0, "id": "IN"}, {"import": 0, "export": 0, "id": "SG"}, {"import": 0, "export": 0, "id": "SE"}, {"import": 0, "export": 0, "id": "CH"}, {"import": 20664, "export": 0, "id": "TH"}, {"import": 0, "export": 0, "id": "BE"}, {"import": 0, "export": 0, "id": "CL"}, {"import": 0, "export": 0, "id": "DK"}, {"import": 0, "export": 0, "id": "DE"}, {"import": 0, "export": 0, "id": "GR"}], "import": 21023, "export": 0}, {"date": "2020-04-01", "list": [{"import": 1240, "export": 0, "id": "IT"}, {"import": 650, "export": 0, "id": "PL"}, {"import": 0, "export": 0, "id": "GB"}, {"import": 0, "export": 0, "id": "JP"}, {"import": 0, "export": 0, "id": "NL"}, {"import": 0, "export": 0, "id": "IN"}, {"import": 0, "export": 0, "id": "SG"}, {"import": 0, "export": 0, "id": "SE"}, {"import": 0, "export": 0, "id": "CH"}, {"import": 4172, "export": 0, "id": "TH"}, {"import": 0, "export": 0, "id": "BE"}, {"import": 0, "export": 0, "id": "CL"}, {"import": 517, "export": 0, "id": "DK"}, {"import": 0, "export": 0, "id": "DE"}, {"import": 0, "export": 0, "id": "GR"}], "import": 6579, "export": 0}, {"date": "2020-05-01", "list": [{"import": 948, "export": 0, "id": "IT"}, {"import": 0, "export": 0, "id": "PL"}, {"import": 0, "export": 0, "id": "GB"}, {"import": 0, "export": 0, "id": "JP"}, {"import": 0, "export": 0, "id": "NL"}, {"import": 144, "export": 0, "id": "IN"}, {"import": 0, "export": 0, "id": "SG"}, {"import": 360, "export": 0, "id": "SE"}, {"import": 0, "export": 0, "id": "CH"}, {"import": 0, "export": 0, "id": "TH"}, {"import": 0, "export": 0, "id": "BE"}, {"import": 0, "export": 0, "id": "CL"}, {"import": 0, "export": 0, "id": "DK"}, {"import": 892, "export": 0, "id": "DE"}, {"import": 1700, "export": 0, "id": "GR"}], "import": 4044, "export": 0}]