[{"date": "2013-08-01", "list": [{"import": 2000370, "export": 0, "id": "IN"}, {"import": 0, "export": 0, "id": "TH"}, {"import": 0, "export": 0, "id": "TJ"}, {"import": 0, "export": 0, "id": "AR"}, {"import": 2200000, "export": 0, "id": "VN"}, {"import": 120000, "export": 0, "id": "ES"}, {"import": 0, "export": 0, "id": "EG"}, {"import": 0, "export": 0, "id": "CN"}, {"import": 20000, "export": 0, "id": "KR"}, {"import": 0, "export": 0, "id": "LB"}, {"import": 0, "export": 0, "id": "MA"}, {"import": 0, "export": 0, "id": "PK"}, {"import": 0, "export": 0, "id": "PT"}, {"import": 0, "export": 0, "id": "AU"}, {"import": 0, "export": 0, "id": "BE"}, {"import": 0, "export": 0, "id": "BR"}, {"import": 0, "export": 0, "id": "FR"}, {"import": 0, "export": 0, "id": "IT"}, {"import": 0, "export": 0, "id": "UY"}, {"import": 0, "export": 0, "id": "TR"}], "import": 4340370, "export": 0}, {"date": "2013-09-01", "list": [{"import": 5229000, "export": 0, "id": "IN"}, {"import": 0, "export": 0, "id": "TH"}, {"import": 0, "export": 0, "id": "TJ"}, {"import": 0, "export": 0, "id": "AR"}, {"import": 4535000, "export": 0, "id": "VN"}, {"import": 639828, "export": 0, "id": "ES"}, {"import": 0, "export": 0, "id": "EG"}, {"import": 0, "export": 0, "id": "CN"}, {"import": 0, "export": 0, "id": "KR"}, {"import": 0, "export": 0, "id": "LB"}, {"import": 0, "export": 0, "id": "MA"}, {"import": 66000, "export": 0, "id": "PK"}, {"import": 0, "export": 0, "id": "PT"}, {"import": 0, "export": 0, "id": "AU"}, {"import": 0, "export": 0, "id": "BE"}, {"import": 0, "export": 0, "id": "BR"}, {"import": 2320, "export": 0, "id": "FR"}, {"import": 0, "export": 0, "id": "IT"}, {"import": 0, "export": 0, "id": "UY"}, {"import": 0, "export": 0, "id": "TR"}], "import": 10472148, "export": 0}, {"date": "2013-10-01", "list": [{"import": 4305000, "export": 0, "id": "IN"}, {"import": 74700, "export": 0, "id": "TH"}, {"import": 0, "export": 0, "id": "TJ"}, {"import": 0, "export": 0, "id": "AR"}, {"import": 5444000, "export": 0, "id": "VN"}, {"import": 0, "export": 0, "id": "ES"}, {"import": 109980, "export": 0, "id": "EG"}, {"import": 0, "export": 0, "id": "CN"}, {"import": 0, "export": 0, "id": "KR"}, {"import": 0, "export": 0, "id": "LB"}, {"import": 0, "export": 0, "id": "MA"}, {"import": 69000, "export": 0, "id": "PK"}, {"import": 45540, "export": 0, "id": "PT"}, {"import": 0, "export": 0, "id": "AU"}, {"import": 0, "export": 0, "id": "BE"}, {"import": 0, "export": 0, "id": "BR"}, {"import": 0, "export": 0, "id": "FR"}, {"import": 0, "export": 0, "id": "IT"}, {"import": 0, "export": 0, "id": "UY"}, {"import": 0, "export": 0, "id": "TR"}], "import": 10048220, "export": 0}, {"date": "2013-11-01", "list": [{"import": 3591960, "export": 0, "id": "IN"}, {"import": 0, "export": 0, "id": "TH"}, {"import": 0, "export": 0, "id": "TJ"}, {"import": 0, "export": 0, "id": "AR"}, {"import": 2400000, "export": 0, "id": "VN"}, {"import": 0, "export": 0, "id": "ES"}, {"import": 0, "export": 0, "id": "EG"}, {"import": 0, "export": 0, "id": "CN"}, {"import": 200, "export": 0, "id": "KR"}, {"import": 0, "export": 0, "id": "LB"}, {"import": 0, "export": 0, "id": "MA"}, {"import": 42000, "export": 0, "id": "PK"}, {"import": 0, "export": 0, "id": "PT"}, {"import": 0, "export": 0, "id": "AU"}, {"import": 0, "export": 0, "id": "BE"}, {"import": 0, "export": 0, "id": "BR"}, {"import": 0, "export": 0, "id": "FR"}, {"import": 108, "export": 0, "id": "IT"}, {"import": 0, "export": 0, "id": "UY"}, {"import": 0, "export": 0, "id": "TR"}], "import": 6034268, "export": 0}, {"date": "2013-12-01", "list": [{"import": 3864250, "export": 0, "id": "IN"}, {"import": 475650, "export": 0, "id": "TH"}, {"import": 1000000, "export": 0, "id": "TJ"}, {"import": 0, "export": 0, "id": "AR"}, {"import": 7900000, "export": 0, "id": "VN"}, {"import": 215040, "export": 0, "id": "ES"}, {"import": 0, "export": 0, "id": "EG"}, {"import": 0, "export": 0, "id": "CN"}, {"import": 1000, "export": 0, "id": "KR"}, {"import": 4500, "export": 0, "id": "LB"}, {"import": 0, "export": 0, "id": "MA"}, {"import": 652000, "export": 0, "id": "PK"}, {"import": 0, "export": 0, "id": "PT"}, {"import": 0, "export": 0, "id": "AU"}, {"import": 0, "export": 0, "id": "BE"}, {"import": 100000, "export": 0, "id": "BR"}, {"import": 0, "export": 52000, "id": "FR"}, {"import": 10900, "export": 0, "id": "IT"}, {"import": 0, "export": 0, "id": "UY"}, {"import": 0, "export": 0, "id": "TR"}], "import": 14223340, "export": 52000}, {"date": "2014-01-01", "list": [{"import": 3283100, "export": 0, "id": "IN"}, {"import": 797900, "export": 0, "id": "TH"}, {"import": 1040000, "export": 0, "id": "TJ"}, {"import": 0, "export": 0, "id": "AR"}, {"import": 1312000, "export": 0, "id": "VN"}, {"import": 202320, "export": 0, "id": "ES"}, {"import": 0, "export": 0, "id": "EG"}, {"import": 0, "export": 0, "id": "CN"}, {"import": 0, "export": 0, "id": "KR"}, {"import": 0, "export": 0, "id": "LB"}, {"import": 0, "export": 0, "id": "MA"}, {"import": 1253000, "export": 0, "id": "PK"}, {"import": 0, "export": 0, "id": "PT"}, {"import": 0, "export": 0, "id": "AU"}, {"import": 0, "export": 0, "id": "BE"}, {"import": 50000, "export": 0, "id": "BR"}, {"import": 0, "export": 0, "id": "FR"}, {"import": 0, "export": 0, "id": "IT"}, {"import": 0, "export": 0, "id": "UY"}, {"import": 0, "export": 0, "id": "TR"}], "import": 7938320, "export": 0}, {"date": "2014-02-01", "list": [{"import": 2655500, "export": 0, "id": "IN"}, {"import": 2100800, "export": 0, "id": "TH"}, {"import": 0, "export": 0, "id": "TJ"}, {"import": 0, "export": 0, "id": "AR"}, {"import": 838000, "export": 0, "id": "VN"}, {"import": 0, "export": 0, "id": "ES"}, {"import": 0, "export": 0, "id": "EG"}, {"import": 0, "export": 0, "id": "CN"}, {"import": 0, "export": 0, "id": "KR"}, {"import": 0, "export": 0, "id": "LB"}, {"import": 0, "export": 0, "id": "MA"}, {"import": 584000, "export": 0, "id": "PK"}, {"import": 0, "export": 0, "id": "PT"}, {"import": 64190, "export": 0, "id": "AU"}, {"import": 0, "export": 0, "id": "BE"}, {"import": 25000, "export": 0, "id": "BR"}, {"import": 0, "export": 0, "id": "FR"}, {"import": 0, "export": 0, "id": "IT"}, {"import": 0, "export": 0, "id": "UY"}, {"import": 0, "export": 0, "id": "TR"}], "import": 6267490, "export": 0}, {"date": "2014-03-01", "list": [{"import": 1205402, "export": 0, "id": "IN"}, {"import": 1862000, "export": 0, "id": "TH"}, {"import": 649400, "export": 0, "id": "TJ"}, {"import": 0, "export": 0, "id": "AR"}, {"import": 1500000, "export": 0, "id": "VN"}, {"import": 225892, "export": 0, "id": "ES"}, {"import": 0, "export": 0, "id": "EG"}, {"import": 0, "export": 0, "id": "CN"}, {"import": 880, "export": 0, "id": "KR"}, {"import": 2025, "export": 0, "id": "LB"}, {"import": 0, "export": 0, "id": "MA"}, {"import": 0, "export": 0, "id": "PK"}, {"import": 0, "export": 0, "id": "PT"}, {"import": 0, "export": 0, "id": "AU"}, {"import": 0, "export": 0, "id": "BE"}, {"import": 0, "export": 0, "id": "BR"}, {"import": 5136, "export": 0, "id": "FR"}, {"import": 6421, "export": 0, "id": "IT"}, {"import": 0, "export": 0, "id": "UY"}, {"import": 0, "export": 0, "id": "TR"}], "import": 5457156, "export": 0}, {"date": "2014-04-01", "list": [{"import": 155270, "export": 0, "id": "IN"}, {"import": 2571240, "export": 0, "id": "TH"}, {"import": 999425, "export": 0, "id": "TJ"}, {"import": 0, "export": 0, "id": "AR"}, {"import": 0, "export": 0, "id": "VN"}, {"import": 12240, "export": 0, "id": "ES"}, {"import": 0, "export": 0, "id": "EG"}, {"import": 1937, "export": 0, "id": "CN"}, {"import": 0, "export": 0, "id": "KR"}, {"import": 0, "export": 0, "id": "LB"}, {"import": 0, "export": 0, "id": "MA"}, {"import": 1087780, "export": 0, "id": "PK"}, {"import": 0, "export": 0, "id": "PT"}, {"import": 0, "export": 0, "id": "AU"}, {"import": 0, "export": 0, "id": "BE"}, {"import": 50000, "export": 0, "id": "BR"}, {"import": 835, "export": 0, "id": "FR"}, {"import": 250, "export": 0, "id": "IT"}, {"import": 1608000, "export": 0, "id": "UY"}, {"import": 0, "export": 0, "id": "TR"}], "import": 6486977, "export": 0}, {"date": "2014-05-01", "list": [{"import": 1440320, "export": 0, "id": "IN"}, {"import": 2045840, "export": 0, "id": "TH"}, {"import": 1247550, "export": 0, "id": "TJ"}, {"import": 0, "export": 0, "id": "AR"}, {"import": 1550000, "export": 0, "id": "VN"}, {"import": 0, "export": 0, "id": "ES"}, {"import": 0, "export": 0, "id": "EG"}, {"import": 625, "export": 0, "id": "CN"}, {"import": 400, "export": 0, "id": "KR"}, {"import": 0, "export": 0, "id": "LB"}, {"import": 0, "export": 0, "id": "MA"}, {"import": 1295000, "export": 0, "id": "PK"}, {"import": 0, "export": 0, "id": "PT"}, {"import": 0, "export": 0, "id": "AU"}, {"import": 0, "export": 0, "id": "BE"}, {"import": 0, "export": 0, "id": "BR"}, {"import": 0, "export": 0, "id": "FR"}, {"import": 0, "export": 0, "id": "IT"}, {"import": 192000, "export": 0, "id": "UY"}, {"import": 0, "export": 0, "id": "TR"}], "import": 7771735, "export": 0}, {"date": "2014-06-01", "list": [{"import": 1956935, "export": 0, "id": "IN"}, {"import": 4115000, "export": 0, "id": "TH"}, {"import": 0, "export": 0, "id": "TJ"}, {"import": 0, "export": 0, "id": "AR"}, {"import": 1124875, "export": 0, "id": "VN"}, {"import": 236544, "export": 0, "id": "ES"}, {"import": 0, "export": 0, "id": "EG"}, {"import": 0, "export": 0, "id": "CN"}, {"import": 526, "export": 0, "id": "KR"}, {"import": 0, "export": 0, "id": "LB"}, {"import": 0, "export": 0, "id": "MA"}, {"import": 709000, "export": 0, "id": "PK"}, {"import": 0, "export": 0, "id": "PT"}, {"import": 0, "export": 0, "id": "AU"}, {"import": 0, "export": 0, "id": "BE"}, {"import": 0, "export": 0, "id": "BR"}, {"import": 1560, "export": 0, "id": "FR"}, {"import": 0, "export": 0, "id": "IT"}, {"import": 2280000, "export": 0, "id": "UY"}, {"import": 0, "export": 0, "id": "TR"}], "import": 10424440, "export": 0}, {"date": "2014-07-01", "list": [{"import": 2564330, "export": 0, "id": "IN"}, {"import": 2804000, "export": 0, "id": "TH"}, {"import": 0, "export": 0, "id": "TJ"}, {"import": 0, "export": 0, "id": "AR"}, {"import": 500000, "export": 0, "id": "VN"}, {"import": 50000, "export": 0, "id": "ES"}, {"import": 0, "export": 0, "id": "EG"}, {"import": 1042, "export": 0, "id": "CN"}, {"import": 0, "export": 0, "id": "KR"}, {"import": 0, "export": 0, "id": "LB"}, {"import": 0, "export": 0, "id": "MA"}, {"import": 82360, "export": 0, "id": "PK"}, {"import": 0, "export": 0, "id": "PT"}, {"import": 0, "export": 0, "id": "AU"}, {"import": 3402, "export": 0, "id": "BE"}, {"import": 0, "export": 0, "id": "BR"}, {"import": 9478, "export": 0, "id": "FR"}, {"import": 0, "export": 0, "id": "IT"}, {"import": 0, "export": 0, "id": "UY"}, {"import": 1998, "export": 0, "id": "TR"}], "import": 6016610, "export": 0}, {"date": "2014-08-01", "list": [{"import": 1583040, "export": 0, "id": "IN"}, {"import": 3199400, "export": 0, "id": "TH"}, {"import": 0, "export": 0, "id": "TJ"}, {"import": 0, "export": 0, "id": "AR"}, {"import": 1500000, "export": 0, "id": "VN"}, {"import": 312480, "export": 0, "id": "ES"}, {"import": 0, "export": 0, "id": "EG"}, {"import": 0, "export": 0, "id": "CN"}, {"import": 0, "export": 0, "id": "KR"}, {"import": 0, "export": 0, "id": "LB"}, {"import": 0, "export": 0, "id": "MA"}, {"import": 0, "export": 0, "id": "PK"}, {"import": 0, "export": 0, "id": "PT"}, {"import": 0, "export": 0, "id": "AU"}, {"import": 0, "export": 0, "id": "BE"}, {"import": 100000, "export": 0, "id": "BR"}, {"import": 0, "export": 0, "id": "FR"}, {"import": 0, "export": 0, "id": "IT"}, {"import": 0, "export": 0, "id": "UY"}, {"import": 0, "export": 0, "id": "TR"}], "import": 6694920, "export": 0}, {"date": "2014-09-01", "list": [{"import": 4887125, "export": 0, "id": "IN"}, {"import": 1984900, "export": 0, "id": "TH"}, {"import": 0, "export": 0, "id": "TJ"}, {"import": 0, "export": 0, "id": "AR"}, {"import": 4375000, "export": 0, "id": "VN"}, {"import": 0, "export": 0, "id": "ES"}, {"import": 0, "export": 0, "id": "EG"}, {"import": 734, "export": 0, "id": "CN"}, {"import": 0, "export": 0, "id": "KR"}, {"import": 0, "export": 0, "id": "LB"}, {"import": 0, "export": 0, "id": "MA"}, {"import": 0, "export": 0, "id": "PK"}, {"import": 0, "export": 0, "id": "PT"}, {"import": 0, "export": 0, "id": "AU"}, {"import": 0, "export": 0, "id": "BE"}, {"import": 50000, "export": 0, "id": "BR"}, {"import": 1558, "export": 0, "id": "FR"}, {"import": 0, "export": 0, "id": "IT"}, {"import": 0, "export": 0, "id": "UY"}, {"import": 0, "export": 0, "id": "TR"}], "import": 11299317, "export": 0}, {"date": "2014-10-01", "list": [{"import": 5210280, "export": 0, "id": "IN"}, {"import": 3883400, "export": 0, "id": "TH"}, {"import": 516000, "export": 0, "id": "TJ"}, {"import": 0, "export": 0, "id": "AR"}, {"import": 5999750, "export": 0, "id": "VN"}, {"import": 0, "export": 0, "id": "ES"}, {"import": 0, "export": 0, "id": "EG"}, {"import": 2880, "export": 0, "id": "CN"}, {"import": 0, "export": 0, "id": "KR"}, {"import": 0, "export": 0, "id": "LB"}, {"import": 0, "export": 0, "id": "MA"}, {"import": 311560, "export": 0, "id": "PK"}, {"import": 0, "export": 0, "id": "PT"}, {"import": 0, "export": 0, "id": "AU"}, {"import": 0, "export": 0, "id": "BE"}, {"import": 150000, "export": 0, "id": "BR"}, {"import": 0, "export": 0, "id": "FR"}, {"import": 0, "export": 0, "id": "IT"}, {"import": 0, "export": 0, "id": "UY"}, {"import": 0, "export": 0, "id": "TR"}], "import": 16073870, "export": 0}, {"date": "2014-11-01", "list": [{"import": 3485160, "export": 0, "id": "IN"}, {"import": 1866400, "export": 0, "id": "TH"}, {"import": 0, "export": 0, "id": "TJ"}, {"import": 0, "export": 0, "id": "AR"}, {"import": 7225000, "export": 0, "id": "VN"}, {"import": 221640, "export": 0, "id": "ES"}, {"import": 0, "export": 0, "id": "EG"}, {"import": 5300, "export": 0, "id": "CN"}, {"import": 0, "export": 0, "id": "KR"}, {"import": 0, "export": 0, "id": "LB"}, {"import": 215040, "export": 0, "id": "MA"}, {"import": 1000000, "export": 0, "id": "PK"}, {"import": 0, "export": 0, "id": "PT"}, {"import": 0, "export": 0, "id": "AU"}, {"import": 0, "export": 0, "id": "BE"}, {"import": 0, "export": 0, "id": "BR"}, {"import": 0, "export": 0, "id": "FR"}, {"import": 12002, "export": 0, "id": "IT"}, {"import": 0, "export": 0, "id": "UY"}, {"import": 0, "export": 0, "id": "TR"}], "import": 14030542, "export": 0}, {"date": "2014-12-01", "list": [{"import": 6689548, "export": 0, "id": "IN"}, {"import": 934400, "export": 0, "id": "TH"}, {"import": 1500000, "export": 0, "id": "TJ"}, {"import": 0, "export": 0, "id": "AR"}, {"import": 425000, "export": 0, "id": "VN"}, {"import": 0, "export": 0, "id": "ES"}, {"import": 0, "export": 0, "id": "EG"}, {"import": 187, "export": 0, "id": "CN"}, {"import": 0, "export": 0, "id": "KR"}, {"import": 0, "export": 0, "id": "LB"}, {"import": 0, "export": 0, "id": "MA"}, {"import": 776000, "export": 0, "id": "PK"}, {"import": 0, "export": 0, "id": "PT"}, {"import": 0, "export": 0, "id": "AU"}, {"import": 0, "export": 0, "id": "BE"}, {"import": 150000, "export": 0, "id": "BR"}, {"import": 0, "export": 0, "id": "FR"}, {"import": 0, "export": 0, "id": "IT"}, {"import": 0, "export": 0, "id": "UY"}, {"import": 0, "export": 0, "id": "TR"}], "import": 10475135, "export": 0}, {"date": "2015-01-01", "list": [{"import": 3785000, "export": 0, "id": "IN"}, {"import": 3002000, "export": 0, "id": "TH"}, {"import": 1500000, "export": 0, "id": "TJ"}, {"import": 0, "export": 0, "id": "AR"}, {"import": 1125000, "export": 0, "id": "VN"}, {"import": 0, "export": 0, "id": "ES"}, {"import": 0, "export": 0, "id": "EG"}, {"import": 0, "export": 0, "id": "CN"}, {"import": 0, "export": 0, "id": "KR"}, {"import": 0, "export": 0, "id": "LB"}, {"import": 0, "export": 0, "id": "MA"}, {"import": 860000, "export": 0, "id": "PK"}, {"import": 0, "export": 0, "id": "PT"}, {"import": 0, "export": 0, "id": "AU"}, {"import": 0, "export": 0, "id": "BE"}, {"import": 0, "export": 0, "id": "BR"}, {"import": 0, "export": 0, "id": "FR"}, {"import": 0, "export": 0, "id": "IT"}, {"import": 0, "export": 0, "id": "UY"}, {"import": 2009, "export": 0, "id": "TR"}], "import": 10274009, "export": 0}]