[{"date": "2019-06-01", "list": [{"import": 2544915, "export": 0, "id": "CN"}, {"import": 28481, "export": 0, "id": "IT"}, {"import": 8890, "export": 1870, "id": "DE"}, {"import": 0, "export": 0, "id": "AT"}, {"import": 75000, "export": 0, "id": "MM"}, {"import": 0, "export": 0, "id": "-"}, {"import": 0, "export": 0, "id": "FR"}, {"import": 400, "export": 0, "id": "NL"}, {"import": 0, "export": 2704350, "id": "RO"}, {"import": 0, "export": 0, "id": "IN"}, {"import": 0, "export": 0, "id": "VN"}, {"import": 0, "export": 0, "id": "TH"}, {"import": 2000, "export": 1279, "id": "GB"}, {"import": 0, "export": 0, "id": "GR"}, {"import": 0, "export": 0, "id": "HU"}, {"import": 0, "export": 0, "id": "TR"}, {"import": 0, "export": 0, "id": "PL"}, {"import": 0, "export": 0, "id": "RS"}, {"import": 0, "export": 0, "id": "US"}, {"import": 0, "export": 0, "id": "MK"}, {"import": 0, "export": 0, "id": "AE"}, {"import": 0, "export": 0, "id": "BE"}], "import": 2659686, "export": 2707499}, {"date": "2019-07-01", "list": [{"import": 2626944, "export": 0, "id": "CN"}, {"import": 4174, "export": 0, "id": "IT"}, {"import": 8216, "export": 664, "id": "DE"}, {"import": 0, "export": 0, "id": "AT"}, {"import": 0, "export": 0, "id": "MM"}, {"import": 0, "export": 0, "id": "-"}, {"import": 0, "export": 0, "id": "FR"}, {"import": 0, "export": 0, "id": "NL"}, {"import": 2000, "export": 2655934, "id": "RO"}, {"import": 0, "export": 0, "id": "IN"}, {"import": 0, "export": 0, "id": "VN"}, {"import": 100000, "export": 0, "id": "TH"}, {"import": 1000, "export": 272, "id": "GB"}, {"import": 0, "export": 0, "id": "GR"}, {"import": 0, "export": 0, "id": "HU"}, {"import": 0, "export": 0, "id": "TR"}, {"import": 0, "export": 0, "id": "PL"}, {"import": 0, "export": 20000, "id": "RS"}, {"import": 0, "export": 498, "id": "US"}, {"import": 0, "export": 0, "id": "MK"}, {"import": 0, "export": 0, "id": "AE"}, {"import": 0, "export": 0, "id": "BE"}], "import": 2742334, "export": 2677368}, {"date": "2019-08-01", "list": [{"import": 2696752, "export": 0, "id": "CN"}, {"import": 4994, "export": 0, "id": "IT"}, {"import": 3452, "export": 435, "id": "DE"}, {"import": 0, "export": 0, "id": "AT"}, {"import": 0, "export": 0, "id": "MM"}, {"import": 0, "export": 0, "id": "-"}, {"import": 0, "export": 0, "id": "FR"}, {"import": 400, "export": 0, "id": "NL"}, {"import": 22000, "export": 2579096, "id": "RO"}, {"import": 0, "export": 0, "id": "IN"}, {"import": 0, "export": 0, "id": "VN"}, {"import": 0, "export": 0, "id": "TH"}, {"import": 0, "export": 0, "id": "GB"}, {"import": 0, "export": 0, "id": "GR"}, {"import": 0, "export": 0, "id": "HU"}, {"import": 0, "export": 0, "id": "TR"}, {"import": 0, "export": 0, "id": "PL"}, {"import": 0, "export": 0, "id": "RS"}, {"import": 0, "export": 0, "id": "US"}, {"import": 0, "export": 0, "id": "MK"}, {"import": 0, "export": 0, "id": "AE"}, {"import": 0, "export": 0, "id": "BE"}], "import": 2727598, "export": 2579531}, {"date": "2019-09-01", "list": [{"import": 2799064, "export": 0, "id": "CN"}, {"import": 12902, "export": 0, "id": "IT"}, {"import": 3668, "export": 778, "id": "DE"}, {"import": 327, "export": 0, "id": "AT"}, {"import": 150000, "export": 0, "id": "MM"}, {"import": 0, "export": 0, "id": "-"}, {"import": 0, "export": 0, "id": "FR"}, {"import": 0, "export": 0, "id": "NL"}, {"import": 0, "export": 2936068, "id": "RO"}, {"import": 0, "export": 0, "id": "IN"}, {"import": 0, "export": 0, "id": "VN"}, {"import": 0, "export": 0, "id": "TH"}, {"import": 400, "export": 820, "id": "GB"}, {"import": 0, "export": 0, "id": "GR"}, {"import": 0, "export": 0, "id": "HU"}, {"import": 0, "export": 304588, "id": "TR"}, {"import": 0, "export": 0, "id": "PL"}, {"import": 0, "export": 6000, "id": "RS"}, {"import": 0, "export": 0, "id": "US"}, {"import": 0, "export": 0, "id": "MK"}, {"import": 0, "export": 0, "id": "AE"}, {"import": 0, "export": 0, "id": "BE"}], "import": 2966361, "export": 3248254}, {"date": "2019-10-01", "list": [{"import": 3096809, "export": 0, "id": "CN"}, {"import": 6422, "export": 0, "id": "IT"}, {"import": 4859, "export": 888, "id": "DE"}, {"import": 355, "export": 0, "id": "AT"}, {"import": 0, "export": 0, "id": "MM"}, {"import": 0, "export": 0, "id": "-"}, {"import": 0, "export": 0, "id": "FR"}, {"import": 0, "export": 0, "id": "NL"}, {"import": 4000, "export": 3072843, "id": "RO"}, {"import": 0, "export": 0, "id": "IN"}, {"import": 0, "export": 0, "id": "VN"}, {"import": 0, "export": 0, "id": "TH"}, {"import": 1000, "export": 721, "id": "GB"}, {"import": 317560, "export": 0, "id": "GR"}, {"import": 1000, "export": 0, "id": "HU"}, {"import": 0, "export": 911954, "id": "TR"}, {"import": 0, "export": 0, "id": "PL"}, {"import": 0, "export": 0, "id": "RS"}, {"import": 0, "export": 0, "id": "US"}, {"import": 0, "export": 0, "id": "MK"}, {"import": 0, "export": 0, "id": "AE"}, {"import": 0, "export": 0, "id": "BE"}], "import": 3432005, "export": 3986406}, {"date": "2019-11-01", "list": [{"import": 2923970, "export": 0, "id": "CN"}, {"import": 5161, "export": 0, "id": "IT"}, {"import": 5927, "export": 1046, "id": "DE"}, {"import": 0, "export": 0, "id": "AT"}, {"import": 0, "export": 0, "id": "MM"}, {"import": 0, "export": 0, "id": "-"}, {"import": 0, "export": 0, "id": "FR"}, {"import": 0, "export": 0, "id": "NL"}, {"import": 0, "export": 2670764, "id": "RO"}, {"import": 0, "export": 0, "id": "IN"}, {"import": 3500, "export": 0, "id": "VN"}, {"import": 0, "export": 0, "id": "TH"}, {"import": 1096, "export": 1240, "id": "GB"}, {"import": 132760, "export": 0, "id": "GR"}, {"import": 0, "export": 0, "id": "HU"}, {"import": 0, "export": 851309, "id": "TR"}, {"import": 0, "export": 0, "id": "PL"}, {"import": 0, "export": 0, "id": "RS"}, {"import": 0, "export": 0, "id": "US"}, {"import": 0, "export": 0, "id": "MK"}, {"import": 0, "export": 0, "id": "AE"}, {"import": 0, "export": 0, "id": "BE"}], "import": 3072414, "export": 3524359}, {"date": "2019-12-01", "list": [{"import": 3760036, "export": 0, "id": "CN"}, {"import": 13560, "export": 0, "id": "IT"}, {"import": 6744, "export": 1714, "id": "DE"}, {"import": 0, "export": 0, "id": "AT"}, {"import": 0, "export": 0, "id": "MM"}, {"import": 0, "export": 0, "id": "-"}, {"import": 0, "export": 0, "id": "FR"}, {"import": 625, "export": 0, "id": "NL"}, {"import": 0, "export": 3804101, "id": "RO"}, {"import": 0, "export": 0, "id": "IN"}, {"import": 0, "export": 0, "id": "VN"}, {"import": 92000, "export": 0, "id": "TH"}, {"import": 0, "export": 0, "id": "GB"}, {"import": 650, "export": 0, "id": "GR"}, {"import": 0, "export": 0, "id": "HU"}, {"import": 0, "export": 0, "id": "TR"}, {"import": 0, "export": 0, "id": "PL"}, {"import": 0, "export": 24000, "id": "RS"}, {"import": 0, "export": 720, "id": "US"}, {"import": 0, "export": 0, "id": "MK"}, {"import": 0, "export": 300, "id": "AE"}, {"import": 0, "export": 604, "id": "BE"}], "import": 3873615, "export": 3831439}, {"date": "2020-01-01", "list": [{"import": 3667958, "export": 0, "id": "CN"}, {"import": 7629, "export": 0, "id": "IT"}, {"import": 4207, "export": 1167, "id": "DE"}, {"import": 0, "export": 0, "id": "AT"}, {"import": 72000, "export": 0, "id": "MM"}, {"import": 0, "export": 0, "id": "-"}, {"import": 0, "export": 0, "id": "FR"}, {"import": 0, "export": 0, "id": "NL"}, {"import": 0, "export": 3697840, "id": "RO"}, {"import": 0, "export": 0, "id": "IN"}, {"import": 0, "export": 0, "id": "VN"}, {"import": 8000, "export": 0, "id": "TH"}, {"import": 1000, "export": 3117, "id": "GB"}, {"import": 700, "export": 0, "id": "GR"}, {"import": 0, "export": 0, "id": "HU"}, {"import": 0, "export": 554400, "id": "TR"}, {"import": 0, "export": 0, "id": "PL"}, {"import": 0, "export": 0, "id": "RS"}, {"import": 0, "export": 0, "id": "US"}, {"import": 0, "export": 0, "id": "MK"}, {"import": 0, "export": 0, "id": "AE"}, {"import": 0, "export": 0, "id": "BE"}], "import": 3761494, "export": 4256524}, {"date": "2020-02-01", "list": [{"import": 1592676, "export": 0, "id": "CN"}, {"import": 9150, "export": 0, "id": "IT"}, {"import": 6899, "export": 686, "id": "DE"}, {"import": 0, "export": 0, "id": "AT"}, {"import": 0, "export": 0, "id": "MM"}, {"import": 0, "export": 0, "id": "-"}, {"import": 0, "export": 0, "id": "FR"}, {"import": 2125, "export": 0, "id": "NL"}, {"import": 4500, "export": 1622862, "id": "RO"}, {"import": 0, "export": 0, "id": "IN"}, {"import": 0, "export": 0, "id": "VN"}, {"import": 125000, "export": 0, "id": "TH"}, {"import": 725, "export": 594, "id": "GB"}, {"import": 194690, "export": 0, "id": "GR"}, {"import": 0, "export": 0, "id": "HU"}, {"import": 0, "export": 94020, "id": "TR"}, {"import": 0, "export": 0, "id": "PL"}, {"import": 0, "export": 0, "id": "RS"}, {"import": 0, "export": 1050, "id": "US"}, {"import": 0, "export": 0, "id": "MK"}, {"import": 0, "export": 0, "id": "AE"}, {"import": 0, "export": 0, "id": "BE"}], "import": 1935765, "export": 1719212}, {"date": "2020-03-01", "list": [{"import": 352013, "export": 0, "id": "CN"}, {"import": 13176, "export": 0, "id": "IT"}, {"import": 8854, "export": 1769, "id": "DE"}, {"import": 0, "export": 0, "id": "AT"}, {"import": 72000, "export": 0, "id": "MM"}, {"import": 0, "export": 0, "id": "-"}, {"import": 0, "export": 0, "id": "FR"}, {"import": 1000, "export": 298, "id": "NL"}, {"import": 0, "export": 924266, "id": "RO"}, {"import": 0, "export": 0, "id": "IN"}, {"import": 0, "export": 0, "id": "VN"}, {"import": 250000, "export": 0, "id": "TH"}, {"import": 0, "export": 3880, "id": "GB"}, {"import": 820, "export": 0, "id": "GR"}, {"import": 0, "export": 0, "id": "HU"}, {"import": 0, "export": 370812, "id": "TR"}, {"import": 0, "export": 0, "id": "PL"}, {"import": 0, "export": 0, "id": "RS"}, {"import": 0, "export": 852, "id": "US"}, {"import": 0, "export": 0, "id": "MK"}, {"import": 0, "export": 0, "id": "AE"}, {"import": 0, "export": 0, "id": "BE"}], "import": 697863, "export": 1301877}, {"date": "2020-04-01", "list": [{"import": 7524000, "export": 0, "id": "CN"}, {"import": 4226, "export": 0, "id": "IT"}, {"import": 10137, "export": 1339, "id": "DE"}, {"import": 0, "export": 0, "id": "AT"}, {"import": 0, "export": 0, "id": "MM"}, {"import": 735, "export": 0, "id": "-"}, {"import": 137, "export": 0, "id": "FR"}, {"import": 3925, "export": 419, "id": "NL"}, {"import": 0, "export": 7248000, "id": "RO"}, {"import": 46000, "export": 0, "id": "IN"}, {"import": 0, "export": 0, "id": "VN"}, {"import": 0, "export": 0, "id": "TH"}, {"import": 0, "export": 4138, "id": "GB"}, {"import": 1011, "export": 0, "id": "GR"}, {"import": 0, "export": 0, "id": "HU"}, {"import": 0, "export": 422840, "id": "TR"}, {"import": 0, "export": 0, "id": "PL"}, {"import": 0, "export": 0, "id": "RS"}, {"import": 0, "export": 480, "id": "US"}, {"import": 0, "export": 0, "id": "MK"}, {"import": 0, "export": 0, "id": "AE"}, {"import": 0, "export": 0, "id": "BE"}], "import": 7590171, "export": 7677216}, {"date": "2020-05-01", "list": [{"import": 6166000, "export": 0, "id": "CN"}, {"import": 4056, "export": 0, "id": "IT"}, {"import": 3600, "export": 1155, "id": "DE"}, {"import": 714, "export": 0, "id": "AT"}, {"import": 0, "export": 0, "id": "MM"}, {"import": 0, "export": 0, "id": "-"}, {"import": 0, "export": 450, "id": "FR"}, {"import": 0, "export": 0, "id": "NL"}, {"import": 0, "export": 6463000, "id": "RO"}, {"import": 0, "export": 0, "id": "IN"}, {"import": 0, "export": 0, "id": "VN"}, {"import": 0, "export": 0, "id": "TH"}, {"import": 0, "export": 623, "id": "GB"}, {"import": 0, "export": 0, "id": "GR"}, {"import": 0, "export": 0, "id": "HU"}, {"import": 0, "export": 179360, "id": "TR"}, {"import": 0, "export": 138000, "id": "PL"}, {"import": 0, "export": 23875, "id": "RS"}, {"import": 0, "export": 1980, "id": "US"}, {"import": 0, "export": 250, "id": "MK"}, {"import": 0, "export": 0, "id": "AE"}, {"import": 0, "export": 0, "id": "BE"}], "import": 6174370, "export": 6808693}, {"date": "2018-10-01", "list": [{"import": 0, "export": 1811002, "id": "RO"}, {"import": 0, "export": 537673, "id": "TR"}, {"import": 0, "export": 0, "id": "PL"}, {"import": 0, "export": 0, "id": "RS"}, {"import": 0, "export": 0, "id": "US"}, {"import": 0, "export": 661, "id": "DE"}, {"import": 0, "export": 1340, "id": "GB"}, {"import": 0, "export": 0, "id": "FR"}, {"import": 0, "export": 0, "id": "MK"}, {"import": 0, "export": 0, "id": "AE"}, {"import": 0, "export": 0, "id": "GR"}, {"import": 0, "export": 0, "id": "NL"}, {"import": 0, "export": 0, "id": "BE"}], "import": 0, "export": 2350676}, {"date": "2018-11-01", "list": [{"import": 0, "export": 2573260, "id": "RO"}, {"import": 0, "export": 801416, "id": "TR"}, {"import": 0, "export": 0, "id": "PL"}, {"import": 0, "export": 6000, "id": "RS"}, {"import": 0, "export": 0, "id": "US"}, {"import": 0, "export": 526, "id": "DE"}, {"import": 0, "export": 607, "id": "GB"}, {"import": 0, "export": 0, "id": "FR"}, {"import": 0, "export": 0, "id": "MK"}, {"import": 0, "export": 0, "id": "AE"}, {"import": 0, "export": 2000, "id": "GR"}, {"import": 0, "export": 0, "id": "NL"}, {"import": 0, "export": 0, "id": "BE"}], "import": 0, "export": 3383809}, {"date": "2018-12-01", "list": [{"import": 0, "export": 1135509, "id": "RO"}, {"import": 0, "export": 274236, "id": "TR"}, {"import": 0, "export": 0, "id": "PL"}, {"import": 0, "export": 3000, "id": "RS"}, {"import": 0, "export": 0, "id": "US"}, {"import": 0, "export": 846, "id": "DE"}, {"import": 0, "export": 0, "id": "GB"}, {"import": 0, "export": 0, "id": "FR"}, {"import": 0, "export": 0, "id": "MK"}, {"import": 0, "export": 0, "id": "AE"}, {"import": 0, "export": 114620, "id": "GR"}, {"import": 0, "export": 0, "id": "NL"}, {"import": 0, "export": 0, "id": "BE"}], "import": 0, "export": 1528211}, {"date": "2019-01-01", "list": [{"import": 0, "export": 1767168, "id": "RO"}, {"import": 0, "export": 0, "id": "TR"}, {"import": 0, "export": 0, "id": "PL"}, {"import": 0, "export": 0, "id": "RS"}, {"import": 0, "export": 0, "id": "US"}, {"import": 0, "export": 549, "id": "DE"}, {"import": 0, "export": 1353, "id": "GB"}, {"import": 0, "export": 0, "id": "FR"}, {"import": 0, "export": 0, "id": "MK"}, {"import": 0, "export": 0, "id": "AE"}, {"import": 0, "export": 0, "id": "GR"}, {"import": 0, "export": 0, "id": "NL"}, {"import": 0, "export": 0, "id": "BE"}], "import": 0, "export": 1769070}, {"date": "2019-02-01", "list": [{"import": 0, "export": 2129389, "id": "RO"}, {"import": 0, "export": 691077, "id": "TR"}, {"import": 0, "export": 0, "id": "PL"}, {"import": 0, "export": 0, "id": "RS"}, {"import": 0, "export": 0, "id": "US"}, {"import": 0, "export": 805, "id": "DE"}, {"import": 0, "export": 334, "id": "GB"}, {"import": 0, "export": 0, "id": "FR"}, {"import": 0, "export": 0, "id": "MK"}, {"import": 0, "export": 0, "id": "AE"}, {"import": 0, "export": 0, "id": "GR"}, {"import": 0, "export": 0, "id": "NL"}, {"import": 0, "export": 0, "id": "BE"}], "import": 0, "export": 2821605}, {"date": "2019-03-01", "list": [{"import": 0, "export": 2301404, "id": "RO"}, {"import": 0, "export": 0, "id": "TR"}, {"import": 0, "export": 0, "id": "PL"}, {"import": 0, "export": 15000, "id": "RS"}, {"import": 0, "export": 0, "id": "US"}, {"import": 0, "export": 735, "id": "DE"}, {"import": 0, "export": 766, "id": "GB"}, {"import": 0, "export": 0, "id": "FR"}, {"import": 0, "export": 0, "id": "MK"}, {"import": 0, "export": 0, "id": "AE"}, {"import": 0, "export": 0, "id": "GR"}, {"import": 0, "export": 0, "id": "NL"}, {"import": 0, "export": 6270, "id": "BE"}], "import": 0, "export": 2324175}, {"date": "2019-04-01", "list": [{"import": 0, "export": 2605305, "id": "RO"}, {"import": 0, "export": 236449, "id": "TR"}, {"import": 0, "export": 0, "id": "PL"}, {"import": 0, "export": 0, "id": "RS"}, {"import": 0, "export": 1740, "id": "US"}, {"import": 0, "export": 601, "id": "DE"}, {"import": 0, "export": 530, "id": "GB"}, {"import": 0, "export": 0, "id": "FR"}, {"import": 0, "export": 0, "id": "MK"}, {"import": 0, "export": 0, "id": "AE"}, {"import": 0, "export": 0, "id": "GR"}, {"import": 0, "export": 0, "id": "NL"}, {"import": 0, "export": 0, "id": "BE"}], "import": 0, "export": 2844625}, {"date": "2019-05-01", "list": [{"import": 0, "export": 1987444, "id": "RO"}, {"import": 0, "export": 0, "id": "TR"}, {"import": 0, "export": 0, "id": "PL"}, {"import": 0, "export": 12000, "id": "RS"}, {"import": 0, "export": 0, "id": "US"}, {"import": 0, "export": 1420, "id": "DE"}, {"import": 0, "export": 786, "id": "GB"}, {"import": 0, "export": 0, "id": "FR"}, {"import": 0, "export": 0, "id": "MK"}, {"import": 0, "export": 0, "id": "AE"}, {"import": 0, "export": 0, "id": "GR"}, {"import": 0, "export": 0, "id": "NL"}, {"import": 0, "export": 0, "id": "BE"}], "import": 0, "export": 2001650}]