[{"date": "2019-03-01", "list": [{"import": 2300, "export": 0, "id": "ES"}], "import": 2300, "export": 0}, {"date": "2019-08-01", "list": [{"import": 400, "export": 0, "id": "ES"}], "import": 400, "export": 0}, {"date": "2019-09-01", "list": [{"import": 450, "export": 0, "id": "ES"}], "import": 450, "export": 0}, {"date": "2019-12-01", "list": [{"import": 770, "export": 0, "id": "ES"}], "import": 770, "export": 0}, {"date": "2020-02-01", "list": [{"import": 350, "export": 0, "id": "ES"}], "import": 350, "export": 0}, {"date": "2020-03-01", "list": [{"import": 470, "export": 0, "id": "ES"}], "import": 470, "export": 0}, {"date": "2020-04-01", "list": [{"import": 382, "export": 0, "id": "ES"}], "import": 382, "export": 0}, {"date": "2020-05-01", "list": [{"import": 3760, "export": 0, "id": "ES"}], "import": 3760, "export": 0}]