[{"date": "2018-06-01", "list": [{"import": 0, "export": 0, "id": "BH"}, {"import": 0, "export": 0, "id": "CN"}, {"import": 0, "export": 0, "id": "PH"}, {"import": 0, "export": 0, "id": "IN"}, {"import": 0, "export": 0, "id": "BN"}], "import": 0, "export": 0}, {"date": "2018-07-01", "list": [{"import": 0, "export": 0, "id": "BH"}, {"import": 0, "export": 0, "id": "CN"}, {"import": 124, "export": 0, "id": "PH"}, {"import": 0, "export": 0, "id": "IN"}, {"import": 0, "export": 0, "id": "BN"}], "import": 124, "export": 0}, {"date": "2018-08-01", "list": [{"import": 0, "export": 0, "id": "BH"}, {"import": 0, "export": 0, "id": "CN"}, {"import": 0, "export": 0, "id": "PH"}, {"import": 0, "export": 0, "id": "IN"}, {"import": 0, "export": 0, "id": "BN"}], "import": 0, "export": 0}, {"date": "2018-09-01", "list": [{"import": 0, "export": 0, "id": "BH"}, {"import": 0, "export": 0, "id": "CN"}, {"import": 0, "export": 0, "id": "PH"}, {"import": 0, "export": 0, "id": "IN"}, {"import": 0, "export": 2000, "id": "BN"}], "import": 0, "export": 2000}, {"date": "2018-10-01", "list": [{"import": 0, "export": 0, "id": "BH"}, {"import": 0, "export": 0, "id": "CN"}, {"import": 0, "export": 0, "id": "PH"}, {"import": 0, "export": 0, "id": "IN"}, {"import": 0, "export": 0, "id": "BN"}], "import": 0, "export": 0}, {"date": "2018-11-01", "list": [{"import": 0, "export": 0, "id": "BH"}, {"import": 13000, "export": 0, "id": "CN"}, {"import": 0, "export": 0, "id": "PH"}, {"import": 337, "export": 0, "id": "IN"}, {"import": 0, "export": 0, "id": "BN"}], "import": 13337, "export": 0}, {"date": "2018-12-01", "list": [{"import": 0, "export": 0, "id": "BH"}, {"import": 0, "export": 0, "id": "CN"}, {"import": 0, "export": 0, "id": "PH"}, {"import": 0, "export": 0, "id": "IN"}, {"import": 0, "export": 0, "id": "BN"}], "import": 0, "export": 0}, {"date": "2019-01-01", "list": [{"import": 0, "export": 0, "id": "BH"}, {"import": 0, "export": 0, "id": "CN"}, {"import": 0, "export": 0, "id": "PH"}, {"import": 133, "export": 0, "id": "IN"}, {"import": 0, "export": 0, "id": "BN"}], "import": 133, "export": 0}, {"date": "2019-02-01", "list": [{"import": 0, "export": 0, "id": "BH"}, {"import": 0, "export": 0, "id": "CN"}, {"import": 0, "export": 0, "id": "PH"}, {"import": 100, "export": 0, "id": "IN"}, {"import": 0, "export": 0, "id": "BN"}], "import": 100, "export": 0}, {"date": "2019-03-01", "list": [{"import": 0, "export": 0, "id": "BH"}, {"import": 0, "export": 0, "id": "CN"}, {"import": 0, "export": 0, "id": "PH"}, {"import": 0, "export": 0, "id": "IN"}, {"import": 0, "export": 3000, "id": "BN"}], "import": 0, "export": 3000}, {"date": "2019-04-01", "list": [{"import": 0, "export": 0, "id": "BH"}, {"import": 75, "export": 0, "id": "CN"}, {"import": 218, "export": 0, "id": "PH"}, {"import": 0, "export": 0, "id": "IN"}, {"import": 0, "export": 0, "id": "BN"}], "import": 293, "export": 0}, {"date": "2019-05-01", "list": [{"import": 3000, "export": 0, "id": "BH"}, {"import": 5394, "export": 0, "id": "CN"}, {"import": 0, "export": 0, "id": "PH"}, {"import": 475, "export": 0, "id": "IN"}, {"import": 0, "export": 0, "id": "BN"}], "import": 8869, "export": 0}, {"date": "2019-06-01", "list": [{"import": 0, "export": 0, "id": "BH"}, {"import": 0, "export": 0, "id": "CN"}, {"import": 0, "export": 0, "id": "PH"}, {"import": 0, "export": 0, "id": "IN"}, {"import": 0, "export": 0, "id": "BN"}], "import": 0, "export": 0}, {"date": "2019-07-01", "list": [{"import": 0, "export": 0, "id": "BH"}, {"import": 0, "export": 0, "id": "CN"}, {"import": 0, "export": 0, "id": "PH"}, {"import": 4194, "export": 0, "id": "IN"}, {"import": 0, "export": 0, "id": "BN"}], "import": 4194, "export": 0}, {"date": "2019-08-01", "list": [{"import": 0, "export": 0, "id": "BH"}, {"import": 0, "export": 0, "id": "CN"}, {"import": 0, "export": 0, "id": "PH"}, {"import": 0, "export": 0, "id": "IN"}, {"import": 0, "export": 0, "id": "BN"}], "import": 0, "export": 0}, {"date": "2019-09-01", "list": [{"import": 0, "export": 0, "id": "BH"}, {"import": 0, "export": 0, "id": "CN"}, {"import": 0, "export": 0, "id": "PH"}, {"import": 0, "export": 0, "id": "IN"}, {"import": 0, "export": 0, "id": "BN"}], "import": 0, "export": 0}, {"date": "2019-10-01", "list": [{"import": 0, "export": 0, "id": "BH"}, {"import": 0, "export": 0, "id": "CN"}, {"import": 0, "export": 0, "id": "PH"}, {"import": 0, "export": 0, "id": "IN"}, {"import": 0, "export": 15100, "id": "BN"}], "import": 0, "export": 15100}, {"date": "2019-11-01", "list": [{"import": 0, "export": 0, "id": "BH"}, {"import": 14500, "export": 0, "id": "CN"}, {"import": 0, "export": 0, "id": "PH"}, {"import": 176, "export": 0, "id": "IN"}, {"import": 0, "export": 0, "id": "BN"}], "import": 14676, "export": 0}]