[{"date": "2018-05-01", "list": [{"import": 0, "export": 0, "id": "IT"}, {"import": 0, "export": 0, "id": "PK"}, {"import": 0, "export": 0, "id": "IN"}, {"import": 0, "export": 0, "id": "TH"}, {"import": 0, "export": 113800, "id": "US"}, {"import": 0, "export": 30770860, "id": "-"}, {"import": 0, "export": 0, "id": "BR"}, {"import": 0, "export": 0, "id": "CA"}, {"import": 0, "export": 0, "id": "NL"}, {"import": 0, "export": 0, "id": "ES"}], "import": 0, "export": 30884660}, {"date": "2018-06-01", "list": [{"import": 0, "export": 0, "id": "IT"}, {"import": 0, "export": 0, "id": "PK"}, {"import": 0, "export": 0, "id": "IN"}, {"import": 0, "export": 0, "id": "TH"}, {"import": 0, "export": 303530, "id": "US"}, {"import": 0, "export": 1982890, "id": "-"}, {"import": 0, "export": 0, "id": "BR"}, {"import": 0, "export": 0, "id": "CA"}, {"import": 0, "export": 0, "id": "NL"}, {"import": 0, "export": 0, "id": "ES"}], "import": 0, "export": 2286420}, {"date": "2018-07-01", "list": [{"import": 0, "export": 0, "id": "IT"}, {"import": 0, "export": 0, "id": "PK"}, {"import": 0, "export": 0, "id": "IN"}, {"import": 0, "export": 0, "id": "TH"}, {"import": 0, "export": 0, "id": "US"}, {"import": 0, "export": 727270, "id": "-"}, {"import": 0, "export": 4058000, "id": "BR"}, {"import": 0, "export": 0, "id": "CA"}, {"import": 0, "export": 0, "id": "NL"}, {"import": 0, "export": 0, "id": "ES"}], "import": 0, "export": 4785270}, {"date": "2018-08-01", "list": [{"import": 0, "export": 0, "id": "IT"}, {"import": 0, "export": 0, "id": "PK"}, {"import": 0, "export": 0, "id": "IN"}, {"import": 0, "export": 0, "id": "TH"}, {"import": 0, "export": 305290, "id": "US"}, {"import": 0, "export": 142907, "id": "-"}, {"import": 0, "export": 5116000, "id": "BR"}, {"import": 0, "export": 0, "id": "CA"}, {"import": 0, "export": 10568210, "id": "NL"}, {"import": 0, "export": 0, "id": "ES"}], "import": 0, "export": 16132407}, {"date": "2018-09-01", "list": [{"import": 0, "export": 0, "id": "IT"}, {"import": 0, "export": 0, "id": "PK"}, {"import": 0, "export": 0, "id": "IN"}, {"import": 0, "export": 0, "id": "TH"}, {"import": 0, "export": 0, "id": "US"}, {"import": 0, "export": 1055160, "id": "-"}, {"import": 0, "export": 6154000, "id": "BR"}, {"import": 0, "export": 0, "id": "CA"}, {"import": 0, "export": 0, "id": "NL"}, {"import": 0, "export": 0, "id": "ES"}], "import": 0, "export": 7209160}, {"date": "2018-10-01", "list": [{"import": 0, "export": 0, "id": "IT"}, {"import": 0, "export": 0, "id": "PK"}, {"import": 0, "export": 0, "id": "IN"}, {"import": 0, "export": 0, "id": "TH"}, {"import": 0, "export": 341610, "id": "US"}, {"import": 0, "export": 310700, "id": "-"}, {"import": 0, "export": 4500000, "id": "BR"}, {"import": 0, "export": 127500, "id": "CA"}, {"import": 0, "export": 0, "id": "NL"}, {"import": 0, "export": 0, "id": "ES"}], "import": 0, "export": 5279810}, {"date": "2018-11-01", "list": [{"import": 0, "export": 0, "id": "IT"}, {"import": 0, "export": 0, "id": "PK"}, {"import": 0, "export": 0, "id": "IN"}, {"import": 0, "export": 0, "id": "TH"}, {"import": 0, "export": 0, "id": "US"}, {"import": 0, "export": 729770, "id": "-"}, {"import": 0, "export": 3600000, "id": "BR"}, {"import": 0, "export": 199200, "id": "CA"}, {"import": 0, "export": 0, "id": "NL"}, {"import": 0, "export": 0, "id": "ES"}], "import": 0, "export": 4528970}, {"date": "2018-12-01", "list": [{"import": 0, "export": 0, "id": "IT"}, {"import": 0, "export": 0, "id": "PK"}, {"import": 0, "export": 0, "id": "IN"}, {"import": 0, "export": 0, "id": "TH"}, {"import": 0, "export": 342710, "id": "US"}, {"import": 0, "export": 949250, "id": "-"}, {"import": 0, "export": 0, "id": "BR"}, {"import": 0, "export": 0, "id": "CA"}, {"import": 0, "export": 9611000, "id": "NL"}, {"import": 0, "export": 0, "id": "ES"}], "import": 0, "export": 10902960}, {"date": "2019-01-01", "list": [{"import": 0, "export": 0, "id": "IT"}, {"import": 0, "export": 0, "id": "PK"}, {"import": 0, "export": 0, "id": "IN"}, {"import": 0, "export": 0, "id": "TH"}, {"import": 0, "export": 303290, "id": "US"}, {"import": 0, "export": 14071670, "id": "-"}, {"import": 0, "export": 0, "id": "BR"}, {"import": 0, "export": 0, "id": "CA"}, {"import": 0, "export": 0, "id": "NL"}, {"import": 0, "export": 0, "id": "ES"}], "import": 0, "export": 14374960}, {"date": "2019-02-01", "list": [{"import": 0, "export": 0, "id": "IT"}, {"import": 0, "export": 0, "id": "PK"}, {"import": 0, "export": 0, "id": "IN"}, {"import": 0, "export": 0, "id": "TH"}, {"import": 0, "export": 265144, "id": "US"}, {"import": 0, "export": 156650, "id": "-"}, {"import": 0, "export": 2470000, "id": "BR"}, {"import": 0, "export": 0, "id": "CA"}, {"import": 0, "export": 0, "id": "NL"}, {"import": 0, "export": 0, "id": "ES"}], "import": 0, "export": 2891794}, {"date": "2019-03-01", "list": [{"import": 4620, "export": 0, "id": "IT"}, {"import": 20440, "export": 0, "id": "PK"}, {"import": 0, "export": 0, "id": "IN"}, {"import": 0, "export": 0, "id": "TH"}, {"import": 0, "export": 71344, "id": "US"}, {"import": 0, "export": 4265000, "id": "-"}, {"import": 0, "export": 0, "id": "BR"}, {"import": 0, "export": 87000, "id": "CA"}, {"import": 0, "export": 0, "id": "NL"}, {"import": 0, "export": 0, "id": "ES"}], "import": 25060, "export": 4423344}, {"date": "2019-04-01", "list": [{"import": 0, "export": 0, "id": "IT"}, {"import": 0, "export": 0, "id": "PK"}, {"import": 2460, "export": 0, "id": "IN"}, {"import": 0, "export": 0, "id": "TH"}, {"import": 0, "export": 0, "id": "US"}, {"import": 0, "export": 162644, "id": "-"}, {"import": 0, "export": 4330000, "id": "BR"}, {"import": 0, "export": 186100, "id": "CA"}, {"import": 0, "export": 0, "id": "NL"}, {"import": 0, "export": 14322000, "id": "ES"}], "import": 2460, "export": 19000744}, {"date": "2019-05-01", "list": [{"import": 0, "export": 0, "id": "IT"}, {"import": 0, "export": 0, "id": "PK"}, {"import": 0, "export": 0, "id": "IN"}, {"import": 0, "export": 0, "id": "TH"}, {"import": 0, "export": 0, "id": "US"}, {"import": 0, "export": 317560, "id": "-"}, {"import": 0, "export": 6322355, "id": "BR"}, {"import": 0, "export": 0, "id": "CA"}, {"import": 0, "export": 0, "id": "NL"}, {"import": 0, "export": 0, "id": "ES"}], "import": 0, "export": 6639915}, {"date": "2019-06-01", "list": [{"import": 0, "export": 0, "id": "IT"}, {"import": 0, "export": 0, "id": "PK"}, {"import": 0, "export": 0, "id": "IN"}, {"import": 0, "export": 0, "id": "TH"}, {"import": 0, "export": 0, "id": "US"}, {"import": 0, "export": 787280, "id": "-"}, {"import": 0, "export": 6123680, "id": "BR"}, {"import": 0, "export": 144000, "id": "CA"}, {"import": 0, "export": 0, "id": "NL"}, {"import": 0, "export": 0, "id": "ES"}], "import": 0, "export": 7054960}, {"date": "2019-07-01", "list": [{"import": 0, "export": 0, "id": "IT"}, {"import": 0, "export": 0, "id": "PK"}, {"import": 12000, "export": 0, "id": "IN"}, {"import": 0, "export": 0, "id": "TH"}, {"import": 0, "export": 0, "id": "US"}, {"import": 0, "export": 416740, "id": "-"}, {"import": 0, "export": 10359000, "id": "BR"}, {"import": 0, "export": 0, "id": "CA"}, {"import": 0, "export": 11295000, "id": "NL"}, {"import": 0, "export": 0, "id": "ES"}], "import": 12000, "export": 22070740}, {"date": "2019-08-01", "list": [{"import": 0, "export": 0, "id": "IT"}, {"import": 0, "export": 0, "id": "PK"}, {"import": 0, "export": 0, "id": "IN"}, {"import": 0, "export": 0, "id": "TH"}, {"import": 0, "export": 0, "id": "US"}, {"import": 0, "export": 694960, "id": "-"}, {"import": 0, "export": 8840000, "id": "BR"}, {"import": 0, "export": 0, "id": "CA"}, {"import": 0, "export": 0, "id": "NL"}, {"import": 0, "export": 0, "id": "ES"}], "import": 0, "export": 9534960}, {"date": "2019-09-01", "list": [{"import": 0, "export": 0, "id": "IT"}, {"import": 0, "export": 0, "id": "PK"}, {"import": 0, "export": 0, "id": "IN"}, {"import": 20000, "export": 0, "id": "TH"}, {"import": 613, "export": 0, "id": "US"}, {"import": 0, "export": 996692, "id": "-"}, {"import": 0, "export": 5826400, "id": "BR"}, {"import": 0, "export": 0, "id": "CA"}, {"import": 0, "export": 0, "id": "NL"}, {"import": 0, "export": 0, "id": "ES"}], "import": 20613, "export": 6823092}, {"date": "2019-10-01", "list": [{"import": 3500, "export": 0, "id": "IT"}, {"import": 0, "export": 0, "id": "PK"}, {"import": 0, "export": 0, "id": "IN"}, {"import": 0, "export": 0, "id": "TH"}, {"import": 0, "export": 0, "id": "US"}, {"import": 0, "export": 3182420, "id": "-"}, {"import": 0, "export": 0, "id": "BR"}, {"import": 0, "export": 0, "id": "CA"}, {"import": 0, "export": 0, "id": "NL"}, {"import": 0, "export": 0, "id": "ES"}], "import": 3500, "export": 3182420}, {"date": "2019-11-01", "list": [{"import": 0, "export": 0, "id": "IT"}, {"import": 0, "export": 0, "id": "PK"}, {"import": 0, "export": 0, "id": "IN"}, {"import": 0, "export": 0, "id": "TH"}, {"import": 0, "export": 502500, "id": "US"}, {"import": 0, "export": 3047350, "id": "-"}, {"import": 0, "export": 0, "id": "BR"}, {"import": 0, "export": 0, "id": "CA"}, {"import": 0, "export": 0, "id": "NL"}, {"import": 0, "export": 0, "id": "ES"}], "import": 0, "export": 3549850}, {"date": "2019-12-01", "list": [{"import": 0, "export": 0, "id": "IT"}, {"import": 0, "export": 0, "id": "PK"}, {"import": 0, "export": 0, "id": "IN"}, {"import": 0, "export": 0, "id": "TH"}, {"import": 0, "export": 0, "id": "US"}, {"import": 0, "export": 1493300, "id": "-"}, {"import": 0, "export": 0, "id": "BR"}, {"import": 0, "export": 0, "id": "CA"}, {"import": 0, "export": 0, "id": "NL"}, {"import": 0, "export": 0, "id": "ES"}], "import": 0, "export": 1493300}]