[{"date": "2018-12-01", "list": [{"import": 0, "export": 0, "id": "CA"}, {"import": 0, "export": 0, "id": "CN"}, {"import": 0, "export": 0, "id": "JO"}, {"import": 0, "export": 0, "id": "KR"}, {"import": 0, "export": 0, "id": "IN"}, {"import": 0, "export": 82881397, "id": "MX"}, {"import": 0, "export": 17115184, "id": "GT"}, {"import": 0, "export": 0, "id": "AO"}, {"import": 0, "export": 22352762, "id": "CO"}, {"import": 0, "export": 0, "id": "CR"}, {"import": 0, "export": 0, "id": "DO"}, {"import": 0, "export": 7465974, "id": "SV"}, {"import": 0, "export": 0, "id": "GR"}, {"import": 0, "export": 0, "id": "AR"}, {"import": 0, "export": 0, "id": "BB"}, {"import": 0, "export": 0, "id": "BR"}, {"import": 0, "export": 72152, "id": "BZ"}, {"import": 0, "export": 18063730, "id": "-"}, {"import": 0, "export": 0, "id": "AW"}, {"import": 0, "export": 0, "id": "NI"}, {"import": 0, "export": 9072, "id": "PA"}, {"import": 0, "export": 0, "id": "PT"}, {"import": 0, "export": 0, "id": "KN"}, {"import": 0, "export": 0, "id": "ES"}, {"import": 0, "export": 0, "id": "TH"}, {"import": 0, "export": 0, "id": "TT"}, {"import": 0, "export": 0, "id": "TR"}, {"import": 0, "export": 0, "id": "TC"}, {"import": 0, "export": 0, "id": "UY"}, {"import": 0, "export": 0, "id": "VE"}, {"import": 0, "export": 27954544, "id": "HN"}, {"import": 0, "export": 0, "id": "IT"}, {"import": 0, "export": 0, "id": "JM"}], "import": 0, "export": 175914815}, {"date": "2019-01-01", "list": [{"import": 0, "export": 28000, "id": "CA"}, {"import": 0, "export": 0, "id": "CN"}, {"import": 0, "export": 0, "id": "JO"}, {"import": 0, "export": 0, "id": "KR"}, {"import": 1000, "export": 0, "id": "IN"}, {"import": 0, "export": 49646493, "id": "MX"}, {"import": 0, "export": 11358863, "id": "GT"}, {"import": 0, "export": 0, "id": "AO"}, {"import": 0, "export": 0, "id": "CO"}, {"import": 0, "export": 5364547, "id": "CR"}, {"import": 0, "export": 0, "id": "DO"}, {"import": 0, "export": 6012089, "id": "SV"}, {"import": 0, "export": 0, "id": "GR"}, {"import": 0, "export": 0, "id": "AR"}, {"import": 0, "export": 0, "id": "BB"}, {"import": 0, "export": 0, "id": "BR"}, {"import": 0, "export": 36878, "id": "BZ"}, {"import": 0, "export": 26405852, "id": "-"}, {"import": 0, "export": 0, "id": "AW"}, {"import": 0, "export": 0, "id": "NI"}, {"import": 0, "export": 0, "id": "PA"}, {"import": 0, "export": 0, "id": "PT"}, {"import": 0, "export": 0, "id": "KN"}, {"import": 0, "export": 0, "id": "ES"}, {"import": 0, "export": 0, "id": "TH"}, {"import": 0, "export": 0, "id": "TT"}, {"import": 0, "export": 0, "id": "TR"}, {"import": 0, "export": 0, "id": "TC"}, {"import": 0, "export": 0, "id": "UY"}, {"import": 0, "export": 0, "id": "VE"}, {"import": 0, "export": 0, "id": "HN"}, {"import": 0, "export": 122800, "id": "IT"}, {"import": 0, "export": 0, "id": "JM"}], "import": 1000, "export": 98976764}, {"date": "2019-02-01", "list": [{"import": 0, "export": 0, "id": "CA"}, {"import": 0, "export": 0, "id": "CN"}, {"import": 0, "export": 0, "id": "JO"}, {"import": 0, "export": 0, "id": "KR"}, {"import": 0, "export": 0, "id": "IN"}, {"import": 0, "export": 57875138, "id": "MX"}, {"import": 0, "export": 0, "id": "GT"}, {"import": 0, "export": 0, "id": "AO"}, {"import": 0, "export": 0, "id": "CO"}, {"import": 0, "export": 6154, "id": "CR"}, {"import": 0, "export": 0, "id": "DO"}, {"import": 0, "export": 0, "id": "SV"}, {"import": 0, "export": 0, "id": "GR"}, {"import": 0, "export": 0, "id": "AR"}, {"import": 0, "export": 0, "id": "BB"}, {"import": 0, "export": 0, "id": "BR"}, {"import": 0, "export": 0, "id": "BZ"}, {"import": 0, "export": 0, "id": "-"}, {"import": 0, "export": 0, "id": "AW"}, {"import": 0, "export": 13749841, "id": "NI"}, {"import": 0, "export": 0, "id": "PA"}, {"import": 0, "export": 0, "id": "PT"}, {"import": 0, "export": 0, "id": "KN"}, {"import": 0, "export": 131973, "id": "ES"}, {"import": 0, "export": 0, "id": "TH"}, {"import": 0, "export": 0, "id": "TT"}, {"import": 0, "export": 0, "id": "TR"}, {"import": 0, "export": 0, "id": "TC"}, {"import": 0, "export": 0, "id": "UY"}, {"import": 0, "export": 0, "id": "VE"}, {"import": 0, "export": 9227104, "id": "HN"}, {"import": 0, "export": 0, "id": "IT"}, {"import": 0, "export": 0, "id": "JM"}], "import": 0, "export": 80990210}, {"date": "2019-03-01", "list": [{"import": 32470, "export": 0, "id": "CA"}, {"import": 0, "export": 0, "id": "CN"}, {"import": 0, "export": 0, "id": "JO"}, {"import": 0, "export": 0, "id": "KR"}, {"import": 0, "export": 0, "id": "IN"}, {"import": 0, "export": 49256185, "id": "MX"}, {"import": 0, "export": 6385603, "id": "GT"}, {"import": 0, "export": 22718, "id": "AO"}, {"import": 0, "export": 25199905, "id": "CO"}, {"import": 0, "export": 0, "id": "CR"}, {"import": 0, "export": 0, "id": "DO"}, {"import": 0, "export": 3599746, "id": "SV"}, {"import": 0, "export": 0, "id": "GR"}, {"import": 0, "export": 0, "id": "AR"}, {"import": 0, "export": 0, "id": "BB"}, {"import": 0, "export": 0, "id": "BR"}, {"import": 0, "export": 0, "id": "BZ"}, {"import": 0, "export": 0, "id": "-"}, {"import": 0, "export": 0, "id": "AW"}, {"import": 0, "export": 12712801, "id": "NI"}, {"import": 0, "export": 12516874, "id": "PA"}, {"import": 0, "export": 0, "id": "PT"}, {"import": 0, "export": 0, "id": "KN"}, {"import": 0, "export": 0, "id": "ES"}, {"import": 0, "export": 0, "id": "TH"}, {"import": 0, "export": 0, "id": "TT"}, {"import": 0, "export": 0, "id": "TR"}, {"import": 0, "export": 0, "id": "TC"}, {"import": 0, "export": 0, "id": "UY"}, {"import": 0, "export": 0, "id": "VE"}, {"import": 0, "export": 4886714, "id": "HN"}, {"import": 0, "export": 0, "id": "IT"}, {"import": 0, "export": 0, "id": "JM"}], "import": 32470, "export": 114580546}, {"date": "2019-04-01", "list": [{"import": 0, "export": 6000, "id": "CA"}, {"import": 0, "export": 0, "id": "CN"}, {"import": 0, "export": 0, "id": "JO"}, {"import": 0, "export": 0, "id": "KR"}, {"import": 1089, "export": 0, "id": "IN"}, {"import": 0, "export": 68669229, "id": "MX"}, {"import": 0, "export": 7761458, "id": "GT"}, {"import": 0, "export": 0, "id": "AO"}, {"import": 0, "export": 22227855, "id": "CO"}, {"import": 0, "export": 0, "id": "CR"}, {"import": 0, "export": 0, "id": "DO"}, {"import": 0, "export": 7844715, "id": "SV"}, {"import": 0, "export": 0, "id": "GR"}, {"import": 0, "export": 0, "id": "AR"}, {"import": 0, "export": 0, "id": "BB"}, {"import": 0, "export": 0, "id": "BR"}, {"import": 0, "export": 0, "id": "BZ"}, {"import": 0, "export": 0, "id": "-"}, {"import": 0, "export": 0, "id": "AW"}, {"import": 0, "export": 0, "id": "NI"}, {"import": 0, "export": 5524, "id": "PA"}, {"import": 0, "export": 0, "id": "PT"}, {"import": 0, "export": 0, "id": "KN"}, {"import": 0, "export": 0, "id": "ES"}, {"import": 0, "export": 0, "id": "TH"}, {"import": 0, "export": 0, "id": "TT"}, {"import": 0, "export": 0, "id": "TR"}, {"import": 0, "export": 0, "id": "TC"}, {"import": 0, "export": 0, "id": "UY"}, {"import": 0, "export": 0, "id": "VE"}, {"import": 0, "export": 5087880, "id": "HN"}, {"import": 0, "export": 0, "id": "IT"}, {"import": 0, "export": 0, "id": "JM"}], "import": 1089, "export": 111602661}, {"date": "2019-05-01", "list": [{"import": 0, "export": 26828, "id": "CA"}, {"import": 0, "export": 0, "id": "CN"}, {"import": 0, "export": 0, "id": "JO"}, {"import": 0, "export": 0, "id": "KR"}, {"import": 0, "export": 0, "id": "IN"}, {"import": 0, "export": 77261486, "id": "MX"}, {"import": 0, "export": 11564249, "id": "GT"}, {"import": 0, "export": 0, "id": "AO"}, {"import": 0, "export": 30598968, "id": "CO"}, {"import": 0, "export": 0, "id": "CR"}, {"import": 0, "export": 0, "id": "DO"}, {"import": 0, "export": 11086148, "id": "SV"}, {"import": 0, "export": 15392, "id": "GR"}, {"import": 0, "export": 0, "id": "AR"}, {"import": 0, "export": 0, "id": "BB"}, {"import": 0, "export": 0, "id": "BR"}, {"import": 0, "export": 0, "id": "BZ"}, {"import": 0, "export": 30466615, "id": "-"}, {"import": 0, "export": 0, "id": "AW"}, {"import": 0, "export": 18013353, "id": "NI"}, {"import": 0, "export": 0, "id": "PA"}, {"import": 0, "export": 0, "id": "PT"}, {"import": 0, "export": 0, "id": "KN"}, {"import": 0, "export": 0, "id": "ES"}, {"import": 0, "export": 0, "id": "TH"}, {"import": 0, "export": 0, "id": "TT"}, {"import": 0, "export": 0, "id": "TR"}, {"import": 0, "export": 0, "id": "TC"}, {"import": 0, "export": 0, "id": "UY"}, {"import": 0, "export": 12626590, "id": "VE"}, {"import": 0, "export": 10500000, "id": "HN"}, {"import": 0, "export": 0, "id": "IT"}, {"import": 0, "export": 0, "id": "JM"}], "import": 0, "export": 202159629}, {"date": "2019-06-01", "list": [{"import": 0, "export": 6000, "id": "CA"}, {"import": 0, "export": 0, "id": "CN"}, {"import": 0, "export": 0, "id": "JO"}, {"import": 0, "export": 0, "id": "KR"}, {"import": 0, "export": 0, "id": "IN"}, {"import": 0, "export": 49160885, "id": "MX"}, {"import": 0, "export": 7925458, "id": "GT"}, {"import": 0, "export": 0, "id": "AO"}, {"import": 0, "export": 21433798, "id": "CO"}, {"import": 0, "export": 25850000, "id": "CR"}, {"import": 0, "export": 0, "id": "DO"}, {"import": 0, "export": 9836000, "id": "SV"}, {"import": 0, "export": 67508, "id": "GR"}, {"import": 0, "export": 0, "id": "AR"}, {"import": 0, "export": 0, "id": "BB"}, {"import": 0, "export": 0, "id": "BR"}, {"import": 0, "export": 0, "id": "BZ"}, {"import": 0, "export": 0, "id": "-"}, {"import": 0, "export": 0, "id": "AW"}, {"import": 0, "export": 9711794, "id": "NI"}, {"import": 0, "export": 24514102, "id": "PA"}, {"import": 0, "export": 6000000, "id": "PT"}, {"import": 0, "export": 0, "id": "KN"}, {"import": 0, "export": 0, "id": "ES"}, {"import": 0, "export": 0, "id": "TH"}, {"import": 0, "export": 0, "id": "TT"}, {"import": 0, "export": 0, "id": "TR"}, {"import": 0, "export": 0, "id": "TC"}, {"import": 0, "export": 0, "id": "UY"}, {"import": 0, "export": 5642114, "id": "VE"}, {"import": 0, "export": 5500000, "id": "HN"}, {"import": 0, "export": 0, "id": "IT"}, {"import": 0, "export": 0, "id": "JM"}], "import": 0, "export": 165647659}, {"date": "2019-07-01", "list": [{"import": 0, "export": 0, "id": "CA"}, {"import": 3000, "export": 0, "id": "CN"}, {"import": 0, "export": 0, "id": "JO"}, {"import": 0, "export": 0, "id": "KR"}, {"import": 0, "export": 0, "id": "IN"}, {"import": 0, "export": 81788601, "id": "MX"}, {"import": 0, "export": 6264987, "id": "GT"}, {"import": 0, "export": 0, "id": "AO"}, {"import": 0, "export": 0, "id": "CO"}, {"import": 0, "export": 4925365, "id": "CR"}, {"import": 0, "export": 0, "id": "DO"}, {"import": 0, "export": 588000, "id": "SV"}, {"import": 0, "export": 77292, "id": "GR"}, {"import": 0, "export": 0, "id": "AR"}, {"import": 0, "export": 0, "id": "BB"}, {"import": 0, "export": 0, "id": "BR"}, {"import": 0, "export": 0, "id": "BZ"}, {"import": 0, "export": 0, "id": "-"}, {"import": 0, "export": 0, "id": "AW"}, {"import": 0, "export": 22802259, "id": "NI"}, {"import": 0, "export": 7115176, "id": "PA"}, {"import": 0, "export": 0, "id": "PT"}, {"import": 0, "export": 0, "id": "KN"}, {"import": 0, "export": 0, "id": "ES"}, {"import": 0, "export": 0, "id": "TH"}, {"import": 0, "export": 0, "id": "TT"}, {"import": 0, "export": 0, "id": "TR"}, {"import": 0, "export": 0, "id": "TC"}, {"import": 0, "export": 0, "id": "UY"}, {"import": 0, "export": 0, "id": "VE"}, {"import": 0, "export": 500000, "id": "HN"}, {"import": 0, "export": 0, "id": "IT"}, {"import": 0, "export": 0, "id": "JM"}], "import": 3000, "export": 124061680}, {"date": "2019-08-01", "list": [{"import": 0, "export": 5549, "id": "CA"}, {"import": 0, "export": 0, "id": "CN"}, {"import": 0, "export": 0, "id": "JO"}, {"import": 0, "export": 0, "id": "KR"}, {"import": 0, "export": 0, "id": "IN"}, {"import": 0, "export": 97174565, "id": "MX"}, {"import": 0, "export": 12115976, "id": "GT"}, {"import": 0, "export": 0, "id": "AO"}, {"import": 0, "export": 13359000, "id": "CO"}, {"import": 0, "export": 0, "id": "CR"}, {"import": 0, "export": 0, "id": "DO"}, {"import": 0, "export": 5206282, "id": "SV"}, {"import": 0, "export": 102831, "id": "GR"}, {"import": 0, "export": 24865, "id": "AR"}, {"import": 0, "export": 0, "id": "BB"}, {"import": 0, "export": 56204, "id": "BR"}, {"import": 0, "export": 0, "id": "BZ"}, {"import": 0, "export": 0, "id": "-"}, {"import": 0, "export": 0, "id": "AW"}, {"import": 0, "export": 0, "id": "NI"}, {"import": 0, "export": 0, "id": "PA"}, {"import": 0, "export": 0, "id": "PT"}, {"import": 0, "export": 0, "id": "KN"}, {"import": 0, "export": 0, "id": "ES"}, {"import": 0, "export": 0, "id": "TH"}, {"import": 0, "export": 0, "id": "TT"}, {"import": 0, "export": 0, "id": "TR"}, {"import": 0, "export": 0, "id": "TC"}, {"import": 0, "export": 32544, "id": "UY"}, {"import": 0, "export": 9809952, "id": "VE"}, {"import": 0, "export": 27452000, "id": "HN"}, {"import": 0, "export": 0, "id": "IT"}, {"import": 0, "export": 19914, "id": "JM"}], "import": 0, "export": 165484674}, {"date": "2019-09-01", "list": [{"import": 122779, "export": 13440, "id": "CA"}, {"import": 0, "export": 0, "id": "CN"}, {"import": 0, "export": 0, "id": "JO"}, {"import": 0, "export": 0, "id": "KR"}, {"import": 15963, "export": 0, "id": "IN"}, {"import": 0, "export": 34239924, "id": "MX"}, {"import": 0, "export": 10717037, "id": "GT"}, {"import": 0, "export": 0, "id": "AO"}, {"import": 0, "export": 0, "id": "CO"}, {"import": 0, "export": 8901651, "id": "CR"}, {"import": 0, "export": 0, "id": "DO"}, {"import": 0, "export": 9300000, "id": "SV"}, {"import": 0, "export": 0, "id": "GR"}, {"import": 0, "export": 0, "id": "AR"}, {"import": 0, "export": 0, "id": "BB"}, {"import": 0, "export": 0, "id": "BR"}, {"import": 0, "export": 0, "id": "BZ"}, {"import": 0, "export": 0, "id": "-"}, {"import": 0, "export": 0, "id": "AW"}, {"import": 0, "export": 24503180, "id": "NI"}, {"import": 0, "export": 0, "id": "PA"}, {"import": 0, "export": 0, "id": "PT"}, {"import": 0, "export": 0, "id": "KN"}, {"import": 0, "export": 0, "id": "ES"}, {"import": 0, "export": 0, "id": "TH"}, {"import": 0, "export": 0, "id": "TT"}, {"import": 0, "export": 0, "id": "TR"}, {"import": 0, "export": 0, "id": "TC"}, {"import": 0, "export": 106760, "id": "UY"}, {"import": 0, "export": 15000000, "id": "VE"}, {"import": 0, "export": 0, "id": "HN"}, {"import": 0, "export": 0, "id": "IT"}, {"import": 0, "export": 56757, "id": "JM"}], "import": 138742, "export": 102838749}, {"date": "2019-10-01", "list": [{"import": 0, "export": 21110, "id": "CA"}, {"import": 0, "export": 0, "id": "CN"}, {"import": 0, "export": 0, "id": "JO"}, {"import": 0, "export": 0, "id": "KR"}, {"import": 0, "export": 0, "id": "IN"}, {"import": 0, "export": 81478184, "id": "MX"}, {"import": 0, "export": 0, "id": "GT"}, {"import": 0, "export": 0, "id": "AO"}, {"import": 0, "export": 0, "id": "CO"}, {"import": 0, "export": 7937, "id": "CR"}, {"import": 0, "export": 1156, "id": "DO"}, {"import": 0, "export": 5500000, "id": "SV"}, {"import": 0, "export": 0, "id": "GR"}, {"import": 0, "export": 0, "id": "AR"}, {"import": 0, "export": 0, "id": "BB"}, {"import": 0, "export": 8812, "id": "BR"}, {"import": 0, "export": 0, "id": "BZ"}, {"import": 0, "export": 0, "id": "-"}, {"import": 0, "export": 0, "id": "AW"}, {"import": 0, "export": 0, "id": "NI"}, {"import": 0, "export": 0, "id": "PA"}, {"import": 0, "export": 0, "id": "PT"}, {"import": 0, "export": 0, "id": "KN"}, {"import": 0, "export": 0, "id": "ES"}, {"import": 0, "export": 0, "id": "TH"}, {"import": 0, "export": 0, "id": "TT"}, {"import": 0, "export": 0, "id": "TR"}, {"import": 0, "export": 2327, "id": "TC"}, {"import": 0, "export": 33214, "id": "UY"}, {"import": 0, "export": 9356808, "id": "VE"}, {"import": 0, "export": 28469579, "id": "HN"}, {"import": 0, "export": 0, "id": "IT"}, {"import": 0, "export": 0, "id": "JM"}], "import": 0, "export": 124879127}, {"date": "2019-11-01", "list": [{"import": 0, "export": 14254, "id": "CA"}, {"import": 0, "export": 0, "id": "CN"}, {"import": 0, "export": 0, "id": "JO"}, {"import": 720, "export": 0, "id": "KR"}, {"import": 0, "export": 0, "id": "IN"}, {"import": 0, "export": 41301577, "id": "MX"}, {"import": 0, "export": 25939023, "id": "GT"}, {"import": 0, "export": 0, "id": "AO"}, {"import": 0, "export": 8220074, "id": "CO"}, {"import": 0, "export": 24279206, "id": "CR"}, {"import": 0, "export": 0, "id": "DO"}, {"import": 0, "export": 12562000, "id": "SV"}, {"import": 0, "export": 0, "id": "GR"}, {"import": 0, "export": 0, "id": "AR"}, {"import": 0, "export": 0, "id": "BB"}, {"import": 0, "export": 0, "id": "BR"}, {"import": 0, "export": 0, "id": "BZ"}, {"import": 0, "export": 0, "id": "-"}, {"import": 0, "export": 17691, "id": "AW"}, {"import": 0, "export": 0, "id": "NI"}, {"import": 0, "export": 0, "id": "PA"}, {"import": 0, "export": 0, "id": "PT"}, {"import": 0, "export": 14254, "id": "KN"}, {"import": 0, "export": 130555, "id": "ES"}, {"import": 0, "export": 333392, "id": "TH"}, {"import": 0, "export": 0, "id": "TT"}, {"import": 0, "export": 0, "id": "TR"}, {"import": 0, "export": 3048, "id": "TC"}, {"import": 0, "export": 0, "id": "UY"}, {"import": 0, "export": 0, "id": "VE"}, {"import": 0, "export": 14810492, "id": "HN"}, {"import": 0, "export": 0, "id": "IT"}, {"import": 0, "export": 23628, "id": "JM"}], "import": 720, "export": 127649194}, {"date": "2019-12-01", "list": [{"import": 0, "export": 0, "id": "CA"}, {"import": 0, "export": 0, "id": "CN"}, {"import": 0, "export": 0, "id": "JO"}, {"import": 0, "export": 0, "id": "KR"}, {"import": 0, "export": 0, "id": "IN"}, {"import": 0, "export": 80855026, "id": "MX"}, {"import": 0, "export": 9503574, "id": "GT"}, {"import": 0, "export": 0, "id": "AO"}, {"import": 0, "export": 0, "id": "CO"}, {"import": 0, "export": 0, "id": "CR"}, {"import": 0, "export": 0, "id": "DO"}, {"import": 0, "export": 3900000, "id": "SV"}, {"import": 0, "export": 0, "id": "GR"}, {"import": 0, "export": 0, "id": "AR"}, {"import": 0, "export": 0, "id": "BB"}, {"import": 0, "export": 0, "id": "BR"}, {"import": 0, "export": 0, "id": "BZ"}, {"import": 0, "export": 0, "id": "-"}, {"import": 0, "export": 0, "id": "AW"}, {"import": 0, "export": 26864393, "id": "NI"}, {"import": 0, "export": 0, "id": "PA"}, {"import": 0, "export": 0, "id": "PT"}, {"import": 0, "export": 0, "id": "KN"}, {"import": 0, "export": 0, "id": "ES"}, {"import": 0, "export": 0, "id": "TH"}, {"import": 0, "export": 0, "id": "TT"}, {"import": 0, "export": 0, "id": "TR"}, {"import": 0, "export": 0, "id": "TC"}, {"import": 0, "export": 0, "id": "UY"}, {"import": 0, "export": 0, "id": "VE"}, {"import": 0, "export": 40935310, "id": "HN"}, {"import": 0, "export": 0, "id": "IT"}, {"import": 0, "export": 23516, "id": "JM"}], "import": 0, "export": 162089319}, {"date": "2020-01-01", "list": [{"import": 0, "export": 32039, "id": "CA"}, {"import": 0, "export": 0, "id": "CN"}, {"import": 0, "export": 0, "id": "JO"}, {"import": 0, "export": 0, "id": "KR"}, {"import": 0, "export": 0, "id": "IN"}, {"import": 0, "export": 38136547, "id": "MX"}, {"import": 0, "export": 0, "id": "GT"}, {"import": 0, "export": 0, "id": "AO"}, {"import": 0, "export": 0, "id": "CO"}, {"import": 0, "export": 0, "id": "CR"}, {"import": 0, "export": 0, "id": "DO"}, {"import": 0, "export": 0, "id": "SV"}, {"import": 0, "export": 0, "id": "GR"}, {"import": 0, "export": 0, "id": "AR"}, {"import": 0, "export": 0, "id": "BB"}, {"import": 0, "export": 0, "id": "BR"}, {"import": 0, "export": 0, "id": "BZ"}, {"import": 0, "export": 0, "id": "-"}, {"import": 0, "export": 0, "id": "AW"}, {"import": 0, "export": 0, "id": "NI"}, {"import": 0, "export": 0, "id": "PA"}, {"import": 0, "export": 0, "id": "PT"}, {"import": 0, "export": 0, "id": "KN"}, {"import": 0, "export": 0, "id": "ES"}, {"import": 0, "export": 0, "id": "TH"}, {"import": 0, "export": 0, "id": "TT"}, {"import": 0, "export": 0, "id": "TR"}, {"import": 0, "export": 0, "id": "TC"}, {"import": 0, "export": 0, "id": "UY"}, {"import": 0, "export": 0, "id": "VE"}, {"import": 0, "export": 0, "id": "HN"}, {"import": 0, "export": 13300, "id": "IT"}, {"import": 0, "export": 0, "id": "JM"}], "import": 0, "export": 38181886}, {"date": "2020-02-01", "list": [{"import": 0, "export": 1424, "id": "CA"}, {"import": 0, "export": 0, "id": "CN"}, {"import": 0, "export": 0, "id": "JO"}, {"import": 0, "export": 0, "id": "KR"}, {"import": 0, "export": 0, "id": "IN"}, {"import": 0, "export": 66152658, "id": "MX"}, {"import": 0, "export": 14285036, "id": "GT"}, {"import": 0, "export": 0, "id": "AO"}, {"import": 0, "export": 28007253, "id": "CO"}, {"import": 0, "export": 0, "id": "CR"}, {"import": 0, "export": 0, "id": "DO"}, {"import": 0, "export": 16700880, "id": "SV"}, {"import": 0, "export": 0, "id": "GR"}, {"import": 0, "export": 0, "id": "AR"}, {"import": 0, "export": 0, "id": "BB"}, {"import": 0, "export": 0, "id": "BR"}, {"import": 0, "export": 0, "id": "BZ"}, {"import": 0, "export": 0, "id": "-"}, {"import": 0, "export": 17237, "id": "AW"}, {"import": 0, "export": 0, "id": "NI"}, {"import": 0, "export": 0, "id": "PA"}, {"import": 0, "export": 0, "id": "PT"}, {"import": 0, "export": 0, "id": "KN"}, {"import": 0, "export": 0, "id": "ES"}, {"import": 0, "export": 0, "id": "TH"}, {"import": 0, "export": 2267, "id": "TT"}, {"import": 0, "export": 0, "id": "TR"}, {"import": 0, "export": 0, "id": "TC"}, {"import": 0, "export": 0, "id": "UY"}, {"import": 0, "export": 9999565, "id": "VE"}, {"import": 0, "export": 17600000, "id": "HN"}, {"import": 0, "export": 44998, "id": "IT"}, {"import": 0, "export": 45510, "id": "JM"}], "import": 0, "export": 152858604}, {"date": "2020-03-01", "list": [{"import": 0, "export": 31616, "id": "CA"}, {"import": 0, "export": 0, "id": "CN"}, {"import": 13240, "export": 0, "id": "JO"}, {"import": 0, "export": 0, "id": "KR"}, {"import": 0, "export": 0, "id": "IN"}, {"import": 0, "export": 72078809, "id": "MX"}, {"import": 0, "export": 10880000, "id": "GT"}, {"import": 0, "export": 0, "id": "AO"}, {"import": 0, "export": 26900036, "id": "CO"}, {"import": 0, "export": 0, "id": "CR"}, {"import": 0, "export": 0, "id": "DO"}, {"import": 0, "export": 0, "id": "SV"}, {"import": 0, "export": 0, "id": "GR"}, {"import": 0, "export": 0, "id": "AR"}, {"import": 0, "export": 45360, "id": "BB"}, {"import": 0, "export": 0, "id": "BR"}, {"import": 0, "export": 0, "id": "BZ"}, {"import": 0, "export": 0, "id": "-"}, {"import": 0, "export": 17818, "id": "AW"}, {"import": 0, "export": 17119033, "id": "NI"}, {"import": 0, "export": 12038000, "id": "PA"}, {"import": 0, "export": 0, "id": "PT"}, {"import": 0, "export": 0, "id": "KN"}, {"import": 0, "export": 0, "id": "ES"}, {"import": 0, "export": 0, "id": "TH"}, {"import": 0, "export": 0, "id": "TT"}, {"import": 0, "export": 0, "id": "TR"}, {"import": 0, "export": 0, "id": "TC"}, {"import": 0, "export": 0, "id": "UY"}, {"import": 0, "export": 0, "id": "VE"}, {"import": 0, "export": 16232000, "id": "HN"}, {"import": 0, "export": 0, "id": "IT"}, {"import": 0, "export": 113735, "id": "JM"}], "import": 13240, "export": 155469049}, {"date": "2020-04-01", "list": [{"import": 0, "export": 0, "id": "CA"}, {"import": 0, "export": 0, "id": "CN"}, {"import": 0, "export": 0, "id": "JO"}, {"import": 0, "export": 0, "id": "KR"}, {"import": 1483, "export": 0, "id": "IN"}, {"import": 0, "export": 35327693, "id": "MX"}, {"import": 0, "export": 7600000, "id": "GT"}, {"import": 0, "export": 0, "id": "AO"}, {"import": 0, "export": 24715785, "id": "CO"}, {"import": 0, "export": 0, "id": "CR"}, {"import": 0, "export": 0, "id": "DO"}, {"import": 0, "export": 20353000, "id": "SV"}, {"import": 0, "export": 0, "id": "GR"}, {"import": 0, "export": 0, "id": "AR"}, {"import": 0, "export": 0, "id": "BB"}, {"import": 0, "export": 0, "id": "BR"}, {"import": 0, "export": 0, "id": "BZ"}, {"import": 0, "export": 0, "id": "-"}, {"import": 0, "export": 0, "id": "AW"}, {"import": 0, "export": 0, "id": "NI"}, {"import": 0, "export": 3447337, "id": "PA"}, {"import": 0, "export": 0, "id": "PT"}, {"import": 0, "export": 0, "id": "KN"}, {"import": 0, "export": 0, "id": "ES"}, {"import": 0, "export": 0, "id": "TH"}, {"import": 0, "export": 0, "id": "TT"}, {"import": 0, "export": 26250000, "id": "TR"}, {"import": 0, "export": 0, "id": "TC"}, {"import": 0, "export": 0, "id": "UY"}, {"import": 0, "export": 0, "id": "VE"}, {"import": 0, "export": 0, "id": "HN"}, {"import": 0, "export": 0, "id": "IT"}, {"import": 0, "export": 68122, "id": "JM"}], "import": 1483, "export": 117761937}, {"date": "2020-05-01", "list": [{"import": 0, "export": 87000, "id": "CA"}, {"import": 0, "export": 0, "id": "CN"}, {"import": 0, "export": 0, "id": "JO"}, {"import": 0, "export": 0, "id": "KR"}, {"import": 0, "export": 0, "id": "IN"}, {"import": 0, "export": 70896857, "id": "MX"}, {"import": 0, "export": 8050000, "id": "GT"}, {"import": 0, "export": 0, "id": "AO"}, {"import": 0, "export": 25940697, "id": "CO"}, {"import": 0, "export": 17876226, "id": "CR"}, {"import": 0, "export": 0, "id": "DO"}, {"import": 0, "export": 5527000, "id": "SV"}, {"import": 0, "export": 0, "id": "GR"}, {"import": 0, "export": 0, "id": "AR"}, {"import": 0, "export": 0, "id": "BB"}, {"import": 0, "export": 0, "id": "BR"}, {"import": 0, "export": 0, "id": "BZ"}, {"import": 0, "export": 0, "id": "-"}, {"import": 0, "export": 35173, "id": "AW"}, {"import": 0, "export": 0, "id": "NI"}, {"import": 0, "export": 0, "id": "PA"}, {"import": 0, "export": 0, "id": "PT"}, {"import": 0, "export": 0, "id": "KN"}, {"import": 0, "export": 0, "id": "ES"}, {"import": 0, "export": 0, "id": "TH"}, {"import": 0, "export": 0, "id": "TT"}, {"import": 0, "export": 0, "id": "TR"}, {"import": 0, "export": 0, "id": "TC"}, {"import": 0, "export": 0, "id": "UY"}, {"import": 0, "export": 0, "id": "VE"}, {"import": 0, "export": 17850000, "id": "HN"}, {"import": 0, "export": 0, "id": "IT"}, {"import": 0, "export": 76426, "id": "JM"}], "import": 0, "export": 146339379}, {"date": "2020-06-01", "list": [{"import": 0, "export": 13436, "id": "CA"}, {"import": 0, "export": 0, "id": "CN"}, {"import": 0, "export": 0, "id": "JO"}, {"import": 0, "export": 0, "id": "KR"}, {"import": 0, "export": 0, "id": "IN"}, {"import": 0, "export": 7669003, "id": "MX"}, {"import": 0, "export": 1987000, "id": "GT"}, {"import": 0, "export": 0, "id": "AO"}, {"import": 0, "export": 33360850, "id": "CO"}, {"import": 0, "export": 0, "id": "CR"}, {"import": 0, "export": 0, "id": "DO"}, {"import": 0, "export": 13037000, "id": "SV"}, {"import": 0, "export": 0, "id": "GR"}, {"import": 0, "export": 0, "id": "AR"}, {"import": 0, "export": 0, "id": "BB"}, {"import": 0, "export": 166133, "id": "BR"}, {"import": 0, "export": 0, "id": "BZ"}, {"import": 0, "export": 0, "id": "-"}, {"import": 0, "export": 18099, "id": "AW"}, {"import": 0, "export": 26000000, "id": "NI"}, {"import": 0, "export": 0, "id": "PA"}, {"import": 0, "export": 6000000, "id": "PT"}, {"import": 0, "export": 0, "id": "KN"}, {"import": 0, "export": 0, "id": "ES"}, {"import": 0, "export": 0, "id": "TH"}, {"import": 0, "export": 0, "id": "TT"}, {"import": 0, "export": 0, "id": "TR"}, {"import": 0, "export": 0, "id": "TC"}, {"import": 0, "export": 213520, "id": "UY"}, {"import": 0, "export": 0, "id": "VE"}, {"import": 0, "export": 14705100, "id": "HN"}, {"import": 0, "export": 0, "id": "IT"}, {"import": 0, "export": 0, "id": "JM"}], "import": 0, "export": 103170141}, {"date": "2020-07-01", "list": [{"import": 0, "export": 0, "id": "CA"}, {"import": 0, "export": 0, "id": "CN"}, {"import": 0, "export": 0, "id": "JO"}, {"import": 0, "export": 0, "id": "KR"}, {"import": 0, "export": 0, "id": "IN"}, {"import": 0, "export": 6936137, "id": "MX"}, {"import": 0, "export": 6095904, "id": "GT"}, {"import": 0, "export": 20247, "id": "AO"}, {"import": 0, "export": 5320, "id": "CO"}, {"import": 0, "export": 0, "id": "CR"}, {"import": 0, "export": 0, "id": "DO"}, {"import": 0, "export": 0, "id": "SV"}, {"import": 0, "export": 0, "id": "GR"}, {"import": 0, "export": 0, "id": "AR"}, {"import": 0, "export": 0, "id": "BB"}, {"import": 0, "export": 0, "id": "BR"}, {"import": 0, "export": 0, "id": "BZ"}, {"import": 0, "export": 0, "id": "-"}, {"import": 0, "export": 0, "id": "AW"}, {"import": 0, "export": 0, "id": "NI"}, {"import": 0, "export": 0, "id": "PA"}, {"import": 0, "export": 0, "id": "PT"}, {"import": 0, "export": 0, "id": "KN"}, {"import": 0, "export": 0, "id": "ES"}, {"import": 0, "export": 0, "id": "TH"}, {"import": 0, "export": 0, "id": "TT"}, {"import": 0, "export": 0, "id": "TR"}, {"import": 0, "export": 0, "id": "TC"}, {"import": 0, "export": 0, "id": "UY"}, {"import": 0, "export": 0, "id": "VE"}, {"import": 0, "export": 0, "id": "HN"}, {"import": 0, "export": 0, "id": "IT"}, {"import": 0, "export": 0, "id": "JM"}], "import": 0, "export": 13057608}]