[{"date": "2017-05-01", "list": [{"import": 0, "export": 0, "id": "IT"}, {"import": 0, "export": 0, "id": "IN"}, {"import": 0, "export": 0, "id": "AE"}, {"import": 0, "export": 0, "id": "KE"}, {"import": 0, "export": 0, "id": "TR"}, {"import": 0, "export": 0, "id": "CD"}], "import": 0, "export": 0}, {"date": "2017-06-01", "list": [{"import": 0, "export": 0, "id": "IT"}, {"import": 0, "export": 0, "id": "IN"}, {"import": 0, "export": 0, "id": "AE"}, {"import": 0, "export": 0, "id": "KE"}, {"import": 0, "export": 0, "id": "TR"}, {"import": 0, "export": 0, "id": "CD"}], "import": 0, "export": 0}, {"date": "2017-07-01", "list": [{"import": 0, "export": 0, "id": "IT"}, {"import": 0, "export": 0, "id": "IN"}, {"import": 0, "export": 0, "id": "AE"}, {"import": 0, "export": 0, "id": "KE"}, {"import": 0, "export": 0, "id": "TR"}, {"import": 0, "export": 0, "id": "CD"}], "import": 0, "export": 0}, {"date": "2017-08-01", "list": [{"import": 0, "export": 0, "id": "IT"}, {"import": 0, "export": 0, "id": "IN"}, {"import": 0, "export": 0, "id": "AE"}, {"import": 0, "export": 0, "id": "KE"}, {"import": 0, "export": 0, "id": "TR"}, {"import": 0, "export": 0, "id": "CD"}], "import": 0, "export": 0}, {"date": "2017-09-01", "list": [{"import": 0, "export": 0, "id": "IT"}, {"import": 0, "export": 0, "id": "IN"}, {"import": 0, "export": 0, "id": "AE"}, {"import": 0, "export": 0, "id": "KE"}, {"import": 0, "export": 0, "id": "TR"}, {"import": 0, "export": 0, "id": "CD"}], "import": 0, "export": 0}, {"date": "2017-10-01", "list": [{"import": 0, "export": 0, "id": "IT"}, {"import": 0, "export": 0, "id": "IN"}, {"import": 1000, "export": 0, "id": "AE"}, {"import": 0, "export": 0, "id": "KE"}, {"import": 0, "export": 0, "id": "TR"}, {"import": 0, "export": 0, "id": "CD"}], "import": 1000, "export": 0}, {"date": "2017-11-01", "list": [{"import": 0, "export": 0, "id": "IT"}, {"import": 0, "export": 46460, "id": "IN"}, {"import": 0, "export": 0, "id": "AE"}, {"import": 0, "export": 0, "id": "KE"}, {"import": 0, "export": 0, "id": "TR"}, {"import": 0, "export": 0, "id": "CD"}], "import": 0, "export": 46460}, {"date": "2017-12-01", "list": [{"import": 0, "export": 0, "id": "IT"}, {"import": 0, "export": 0, "id": "IN"}, {"import": 0, "export": 0, "id": "AE"}, {"import": 0, "export": 0, "id": "KE"}, {"import": 0, "export": 0, "id": "TR"}, {"import": 0, "export": 0, "id": "CD"}], "import": 0, "export": 0}, {"date": "2018-01-01", "list": [{"import": 0, "export": 0, "id": "IT"}, {"import": 2000, "export": 0, "id": "IN"}, {"import": 0, "export": 0, "id": "AE"}, {"import": 0, "export": 0, "id": "KE"}, {"import": 0, "export": 23000, "id": "TR"}, {"import": 0, "export": 0, "id": "CD"}], "import": 2000, "export": 23000}, {"date": "2018-02-01", "list": [{"import": 1, "export": 0, "id": "IT"}, {"import": 0, "export": 0, "id": "IN"}, {"import": 0, "export": 0, "id": "AE"}, {"import": 0, "export": 0, "id": "KE"}, {"import": 0, "export": 0, "id": "TR"}, {"import": 0, "export": 0, "id": "CD"}], "import": 1, "export": 0}, {"date": "2018-03-01", "list": [{"import": 0, "export": 0, "id": "IT"}, {"import": 0, "export": 0, "id": "IN"}, {"import": 0, "export": 0, "id": "AE"}, {"import": 0, "export": 200000, "id": "KE"}, {"import": 0, "export": 0, "id": "TR"}, {"import": 0, "export": 0, "id": "CD"}], "import": 0, "export": 200000}, {"date": "2018-04-01", "list": [{"import": 0, "export": 0, "id": "IT"}, {"import": 0, "export": 0, "id": "IN"}, {"import": 0, "export": 0, "id": "AE"}, {"import": 0, "export": 0, "id": "KE"}, {"import": 0, "export": 0, "id": "TR"}, {"import": 0, "export": 0, "id": "CD"}], "import": 0, "export": 0}, {"date": "2018-05-01", "list": [{"import": 0, "export": 0, "id": "IT"}, {"import": 0, "export": 0, "id": "IN"}, {"import": 0, "export": 0, "id": "AE"}, {"import": 0, "export": 100000, "id": "KE"}, {"import": 0, "export": 0, "id": "TR"}, {"import": 0, "export": 11050, "id": "CD"}], "import": 0, "export": 111050}, {"date": "2018-06-01", "list": [{"import": 0, "export": 0, "id": "IT"}, {"import": 0, "export": 0, "id": "IN"}, {"import": 0, "export": 0, "id": "AE"}, {"import": 0, "export": 0, "id": "KE"}, {"import": 0, "export": 0, "id": "TR"}, {"import": 0, "export": 0, "id": "CD"}], "import": 0, "export": 0}, {"date": "2018-07-01", "list": [{"import": 0, "export": 0, "id": "IT"}, {"import": 0, "export": 0, "id": "IN"}, {"import": 0, "export": 0, "id": "AE"}, {"import": 0, "export": 180000, "id": "KE"}, {"import": 0, "export": 0, "id": "TR"}, {"import": 0, "export": 0, "id": "CD"}], "import": 0, "export": 180000}, {"date": "2018-08-01", "list": [{"import": 0, "export": 0, "id": "IT"}, {"import": 0, "export": 0, "id": "IN"}, {"import": 0, "export": 0, "id": "AE"}, {"import": 0, "export": 267725, "id": "KE"}, {"import": 0, "export": 23000, "id": "TR"}, {"import": 0, "export": 0, "id": "CD"}], "import": 0, "export": 290725}, {"date": "2018-09-01", "list": [{"import": 0, "export": 0, "id": "IT"}, {"import": 0, "export": 0, "id": "IN"}, {"import": 0, "export": 0, "id": "AE"}, {"import": 0, "export": 385930, "id": "KE"}, {"import": 0, "export": 0, "id": "TR"}, {"import": 0, "export": 0, "id": "CD"}], "import": 0, "export": 385930}, {"date": "2018-10-01", "list": [{"import": 0, "export": 0, "id": "IT"}, {"import": 0, "export": 0, "id": "IN"}, {"import": 0, "export": 0, "id": "AE"}, {"import": 0, "export": 155550, "id": "KE"}, {"import": 0, "export": 0, "id": "TR"}, {"import": 0, "export": 0, "id": "CD"}], "import": 0, "export": 155550}, {"date": "2018-11-01", "list": [{"import": 0, "export": 0, "id": "IT"}, {"import": 0, "export": 0, "id": "IN"}, {"import": 0, "export": 0, "id": "AE"}, {"import": 0, "export": 169100, "id": "KE"}, {"import": 0, "export": 0, "id": "TR"}, {"import": 0, "export": 0, "id": "CD"}], "import": 0, "export": 169100}, {"date": "2018-12-01", "list": [{"import": 0, "export": 0, "id": "IT"}, {"import": 0, "export": 0, "id": "IN"}, {"import": 0, "export": 0, "id": "AE"}, {"import": 0, "export": 15000, "id": "KE"}, {"import": 0, "export": 0, "id": "TR"}, {"import": 0, "export": 0, "id": "CD"}], "import": 0, "export": 15000}]