[{"date": "2016-11-01", "list": [{"import": 0, "export": 0, "id": "FR"}, {"import": 0, "export": 0, "id": "JM"}, {"import": 0, "export": 0, "id": "TW"}], "import": 0, "export": 0}, {"date": "2016-12-01", "list": [{"import": 0, "export": 0, "id": "FR"}, {"import": 933234, "export": 0, "id": "JM"}, {"import": 0, "export": 0, "id": "TW"}], "import": 933234, "export": 0}, {"date": "2017-01-01", "list": [{"import": 0, "export": 0, "id": "FR"}, {"import": 0, "export": 0, "id": "JM"}, {"import": 0, "export": 0, "id": "TW"}], "import": 0, "export": 0}, {"date": "2017-02-01", "list": [{"import": 0, "export": 0, "id": "FR"}, {"import": 0, "export": 0, "id": "JM"}, {"import": 0, "export": 0, "id": "TW"}], "import": 0, "export": 0}, {"date": "2017-03-01", "list": [{"import": 0, "export": 0, "id": "FR"}, {"import": 0, "export": 0, "id": "JM"}, {"import": 0, "export": 0, "id": "TW"}], "import": 0, "export": 0}, {"date": "2017-04-01", "list": [{"import": 0, "export": 0, "id": "FR"}, {"import": 0, "export": 0, "id": "JM"}, {"import": 0, "export": 0, "id": "TW"}], "import": 0, "export": 0}, {"date": "2017-05-01", "list": [{"import": 0, "export": 0, "id": "FR"}, {"import": 0, "export": 0, "id": "JM"}, {"import": 0, "export": 0, "id": "TW"}], "import": 0, "export": 0}, {"date": "2017-06-01", "list": [{"import": 0, "export": 0, "id": "FR"}, {"import": 0, "export": 0, "id": "JM"}, {"import": 0, "export": 0, "id": "TW"}], "import": 0, "export": 0}, {"date": "2017-07-01", "list": [{"import": 0, "export": 0, "id": "FR"}, {"import": 0, "export": 0, "id": "JM"}, {"import": 0, "export": 0, "id": "TW"}], "import": 0, "export": 0}, {"date": "2017-08-01", "list": [{"import": 0, "export": 0, "id": "FR"}, {"import": 0, "export": 0, "id": "JM"}, {"import": 0, "export": 0, "id": "TW"}], "import": 0, "export": 0}, {"date": "2017-09-01", "list": [{"import": 0, "export": 0, "id": "FR"}, {"import": 0, "export": 0, "id": "JM"}, {"import": 0, "export": 0, "id": "TW"}], "import": 0, "export": 0}, {"date": "2017-10-01", "list": [{"import": 0, "export": 0, "id": "FR"}, {"import": 0, "export": 0, "id": "JM"}, {"import": 301, "export": 0, "id": "TW"}], "import": 301, "export": 0}, {"date": "2017-11-01", "list": [{"import": 0, "export": 0, "id": "FR"}, {"import": 0, "export": 0, "id": "JM"}, {"import": 0, "export": 0, "id": "TW"}], "import": 0, "export": 0}, {"date": "2017-12-01", "list": [{"import": 4, "export": 0, "id": "FR"}, {"import": 0, "export": 0, "id": "JM"}, {"import": 0, "export": 0, "id": "TW"}], "import": 4, "export": 0}, {"date": "2018-01-01", "list": [{"import": 0, "export": 0, "id": "FR"}, {"import": 0, "export": 0, "id": "JM"}, {"import": 0, "export": 0, "id": "TW"}], "import": 0, "export": 0}, {"date": "2018-02-01", "list": [{"import": 0, "export": 0, "id": "FR"}, {"import": 0, "export": 0, "id": "JM"}, {"import": 0, "export": 0, "id": "TW"}], "import": 0, "export": 0}, {"date": "2018-03-01", "list": [{"import": 0, "export": 0, "id": "FR"}, {"import": 0, "export": 0, "id": "JM"}, {"import": 0, "export": 0, "id": "TW"}], "import": 0, "export": 0}, {"date": "2018-04-01", "list": [{"import": 0, "export": 0, "id": "FR"}, {"import": 0, "export": 0, "id": "JM"}, {"import": 0, "export": 0, "id": "TW"}], "import": 0, "export": 0}, {"date": "2018-05-01", "list": [{"import": 0, "export": 0, "id": "FR"}, {"import": 0, "export": 0, "id": "JM"}, {"import": 0, "export": 0, "id": "TW"}], "import": 0, "export": 0}, {"date": "2018-06-01", "list": [{"import": 0, "export": 0, "id": "FR"}, {"import": 0, "export": 0, "id": "JM"}, {"import": 0, "export": 0, "id": "TW"}], "import": 0, "export": 0}]