[{"date": "2019-01-01", "list": [{"import": 186443, "export": 4557, "id": "GB"}, {"import": 5250, "export": 0, "id": "NL"}, {"import": 0, "export": 0, "id": "PL"}, {"import": 0, "export": 0, "id": "US"}, {"import": 0, "export": 0, "id": "BD"}, {"import": 0, "export": 0, "id": "BG"}, {"import": 3115, "export": 0, "id": "FR"}, {"import": 0, "export": 0, "id": "DE"}, {"import": 6738, "export": 0, "id": "IT"}], "import": 201546, "export": 4557}, {"date": "2019-02-01", "list": [{"import": 214703, "export": 4227, "id": "GB"}, {"import": 56241, "export": 0, "id": "NL"}, {"import": 0, "export": 0, "id": "PL"}, {"import": 0, "export": 0, "id": "US"}, {"import": 0, "export": 0, "id": "BD"}, {"import": 0, "export": 0, "id": "BG"}, {"import": 10033, "export": 0, "id": "FR"}, {"import": 0, "export": 0, "id": "DE"}, {"import": 26210, "export": 0, "id": "IT"}], "import": 307187, "export": 4227}, {"date": "2019-03-01", "list": [{"import": 271934, "export": 441, "id": "GB"}, {"import": 13281, "export": 0, "id": "NL"}, {"import": 118, "export": 0, "id": "PL"}, {"import": 0, "export": 0, "id": "US"}, {"import": 0, "export": 0, "id": "BD"}, {"import": 0, "export": 0, "id": "BG"}, {"import": 10564, "export": 0, "id": "FR"}, {"import": 0, "export": 0, "id": "DE"}, {"import": 0, "export": 0, "id": "IT"}], "import": 295897, "export": 441}, {"date": "2019-04-01", "list": [{"import": 98408, "export": 4207, "id": "GB"}, {"import": 48000, "export": 0, "id": "NL"}, {"import": 118, "export": 0, "id": "PL"}, {"import": 0, "export": 0, "id": "US"}, {"import": 0, "export": 0, "id": "BD"}, {"import": 0, "export": 0, "id": "BG"}, {"import": 7957, "export": 0, "id": "FR"}, {"import": 0, "export": 0, "id": "DE"}, {"import": 26236, "export": 0, "id": "IT"}], "import": 180719, "export": 4207}, {"date": "2019-05-01", "list": [{"import": 238536, "export": 4170, "id": "GB"}, {"import": 33512, "export": 0, "id": "NL"}, {"import": 118, "export": 0, "id": "PL"}, {"import": 0, "export": 0, "id": "US"}, {"import": 0, "export": 0, "id": "BD"}, {"import": 0, "export": 0, "id": "BG"}, {"import": 5835, "export": 0, "id": "FR"}, {"import": 0, "export": 0, "id": "DE"}, {"import": 2648, "export": 0, "id": "IT"}], "import": 280649, "export": 4170}, {"date": "2019-06-01", "list": [{"import": 122998, "export": 4224, "id": "GB"}, {"import": 24390, "export": 0, "id": "NL"}, {"import": 118, "export": 0, "id": "PL"}, {"import": 0, "export": 0, "id": "US"}, {"import": 0, "export": 0, "id": "BD"}, {"import": 0, "export": 0, "id": "BG"}, {"import": 3489, "export": 0, "id": "FR"}, {"import": 376, "export": 0, "id": "DE"}, {"import": 24730, "export": 0, "id": "IT"}], "import": 176101, "export": 4224}, {"date": "2019-07-01", "list": [{"import": 225811, "export": 4634, "id": "GB"}, {"import": 10712, "export": 0, "id": "NL"}, {"import": 118, "export": 0, "id": "PL"}, {"import": 0, "export": 0, "id": "US"}, {"import": 0, "export": 0, "id": "BD"}, {"import": 0, "export": 0, "id": "BG"}, {"import": 6494, "export": 0, "id": "FR"}, {"import": 188, "export": 0, "id": "DE"}, {"import": 0, "export": 0, "id": "IT"}], "import": 243323, "export": 4634}, {"date": "2019-08-01", "list": [{"import": 130247, "export": 4168, "id": "GB"}, {"import": 60275, "export": 0, "id": "NL"}, {"import": 170, "export": 0, "id": "PL"}, {"import": 0, "export": 0, "id": "US"}, {"import": 0, "export": 0, "id": "BD"}, {"import": 0, "export": 0, "id": "BG"}, {"import": 7966, "export": 0, "id": "FR"}, {"import": 0, "export": 0, "id": "DE"}, {"import": 23620, "export": 0, "id": "IT"}], "import": 222278, "export": 4168}, {"date": "2019-09-01", "list": [{"import": 205252, "export": 4450, "id": "GB"}, {"import": 12600, "export": 0, "id": "NL"}, {"import": 170, "export": 0, "id": "PL"}, {"import": 0, "export": 0, "id": "US"}, {"import": 0, "export": 0, "id": "BD"}, {"import": 0, "export": 0, "id": "BG"}, {"import": 8150, "export": 0, "id": "FR"}, {"import": 0, "export": 0, "id": "DE"}, {"import": 360, "export": 0, "id": "IT"}], "import": 226532, "export": 4450}, {"date": "2019-10-01", "list": [{"import": 277360, "export": 5298, "id": "GB"}, {"import": 24372, "export": 0, "id": "NL"}, {"import": 170, "export": 0, "id": "PL"}, {"import": 0, "export": 0, "id": "US"}, {"import": 0, "export": 0, "id": "BD"}, {"import": 0, "export": 0, "id": "BG"}, {"import": 5294, "export": 0, "id": "FR"}, {"import": 0, "export": 0, "id": "DE"}, {"import": 0, "export": 0, "id": "IT"}], "import": 307196, "export": 5298}, {"date": "2019-11-01", "list": [{"import": 183888, "export": 3362, "id": "GB"}, {"import": 44875, "export": 0, "id": "NL"}, {"import": 170, "export": 0, "id": "PL"}, {"import": 0, "export": 0, "id": "US"}, {"import": 0, "export": 0, "id": "BD"}, {"import": 0, "export": 0, "id": "BG"}, {"import": 16176, "export": 0, "id": "FR"}, {"import": 0, "export": 0, "id": "DE"}, {"import": 0, "export": 0, "id": "IT"}], "import": 245109, "export": 3362}, {"date": "2019-12-01", "list": [{"import": 160062, "export": 5717, "id": "GB"}, {"import": 1168, "export": 0, "id": "NL"}, {"import": 558, "export": 0, "id": "PL"}, {"import": 0, "export": 0, "id": "US"}, {"import": 0, "export": 0, "id": "BD"}, {"import": 0, "export": 0, "id": "BG"}, {"import": 2400, "export": 0, "id": "FR"}, {"import": 0, "export": 0, "id": "DE"}, {"import": 0, "export": 0, "id": "IT"}], "import": 164188, "export": 5717}, {"date": "2020-01-01", "list": [{"import": 192557, "export": 0, "id": "GB"}, {"import": 38085, "export": 0, "id": "NL"}, {"import": 170, "export": 0, "id": "PL"}, {"import": 0, "export": 0, "id": "US"}, {"import": 0, "export": 0, "id": "BD"}, {"import": 5000, "export": 0, "id": "BG"}, {"import": 0, "export": 0, "id": "FR"}, {"import": 0, "export": 0, "id": "DE"}, {"import": 0, "export": 0, "id": "IT"}], "import": 235812, "export": 0}, {"date": "2020-02-01", "list": [{"import": 186147, "export": 0, "id": "GB"}, {"import": 0, "export": 0, "id": "NL"}, {"import": 141, "export": 0, "id": "PL"}, {"import": 0, "export": 0, "id": "US"}, {"import": 711, "export": 0, "id": "BD"}, {"import": 0, "export": 0, "id": "BG"}, {"import": 2400, "export": 0, "id": "FR"}, {"import": 0, "export": 0, "id": "DE"}, {"import": 2281, "export": 0, "id": "IT"}], "import": 191680, "export": 0}, {"date": "2020-04-01", "list": [{"import": 215155, "export": 0, "id": "GB"}, {"import": 7704, "export": 0, "id": "NL"}, {"import": 170, "export": 0, "id": "PL"}, {"import": 0, "export": 0, "id": "US"}, {"import": 0, "export": 0, "id": "BD"}, {"import": 0, "export": 0, "id": "BG"}, {"import": 2400, "export": 0, "id": "FR"}, {"import": 0, "export": 0, "id": "DE"}, {"import": 10794, "export": 0, "id": "IT"}], "import": 236223, "export": 0}, {"date": "2020-05-01", "list": [{"import": 107704, "export": 0, "id": "GB"}, {"import": 33816, "export": 0, "id": "NL"}, {"import": 120, "export": 0, "id": "PL"}, {"import": 0, "export": 0, "id": "US"}, {"import": 0, "export": 0, "id": "BD"}, {"import": 0, "export": 0, "id": "BG"}, {"import": 2400, "export": 0, "id": "FR"}, {"import": 0, "export": 0, "id": "DE"}, {"import": 46879, "export": 0, "id": "IT"}], "import": 190919, "export": 0}, {"date": "2020-06-01", "list": [{"import": 95639, "export": 0, "id": "GB"}, {"import": 33750, "export": 0, "id": "NL"}, {"import": 120, "export": 0, "id": "PL"}, {"import": 0, "export": 0, "id": "US"}, {"import": 0, "export": 0, "id": "BD"}, {"import": 0, "export": 0, "id": "BG"}, {"import": 8400, "export": 0, "id": "FR"}, {"import": 0, "export": 0, "id": "DE"}, {"import": 35000, "export": 0, "id": "IT"}], "import": 172909, "export": 0}, {"date": "2020-07-01", "list": [{"import": 50797, "export": 0, "id": "GB"}, {"import": 7119, "export": 0, "id": "NL"}, {"import": 100, "export": 0, "id": "PL"}, {"import": 568, "export": 0, "id": "US"}, {"import": 0, "export": 0, "id": "BD"}, {"import": 0, "export": 0, "id": "BG"}, {"import": 0, "export": 0, "id": "FR"}, {"import": 0, "export": 0, "id": "DE"}, {"import": 0, "export": 0, "id": "IT"}], "import": 58584, "export": 0}, {"date": "Unnamed: 23-01", "list": [{"import": 102418, "export": 0, "id": "GB"}, {"import": 7582, "export": 0, "id": "NL"}, {"import": 0, "export": 0, "id": "US"}, {"import": 0, "export": 0, "id": "BD"}, {"import": 0, "export": 0, "id": "BG"}, {"import": 0, "export": 0, "id": "FR"}, {"import": 0, "export": 0, "id": "DE"}, {"import": 0, "export": 0, "id": "IT"}], "import": 110000, "export": 0}, {"date": "2018-11-01", "list": [{"import": 0, "export": 0, "id": "GB"}], "import": 0, "export": 0}, {"date": "2018-12-01", "list": [{"import": 0, "export": 0, "id": "GB"}], "import": 0, "export": 0}, {"date": "2020-03-01", "list": [{"import": 0, "export": 185, "id": "GB"}], "import": 0, "export": 185}]