[{"date": "2019-01-01", "list": [{"import": 1826, "export": 0, "id": "US"}, {"import": 0, "export": 0, "id": "GB"}], "import": 1826, "export": 0}, {"date": "2019-02-01", "list": [{"import": 449, "export": 0, "id": "US"}, {"import": 0, "export": 0, "id": "GB"}], "import": 449, "export": 0}, {"date": "2019-03-01", "list": [{"import": 19858, "export": 0, "id": "US"}, {"import": 0, "export": 0, "id": "GB"}], "import": 19858, "export": 0}, {"date": "2019-04-01", "list": [{"import": 562, "export": 0, "id": "US"}, {"import": 0, "export": 0, "id": "GB"}], "import": 562, "export": 0}, {"date": "2019-05-01", "list": [{"import": 1226, "export": 0, "id": "US"}, {"import": 281, "export": 0, "id": "GB"}], "import": 1507, "export": 0}, {"date": "2019-06-01", "list": [{"import": 0, "export": 0, "id": "US"}, {"import": 0, "export": 0, "id": "GB"}], "import": 0, "export": 0}, {"date": "2019-07-01", "list": [{"import": 1108, "export": 0, "id": "US"}, {"import": 0, "export": 0, "id": "GB"}], "import": 1108, "export": 0}, {"date": "2019-08-01", "list": [{"import": 1013, "export": 0, "id": "US"}, {"import": 0, "export": 0, "id": "GB"}], "import": 1013, "export": 0}, {"date": "2019-09-01", "list": [{"import": 507, "export": 0, "id": "US"}, {"import": 0, "export": 0, "id": "GB"}], "import": 507, "export": 0}, {"date": "2019-10-01", "list": [{"import": 1298, "export": 0, "id": "US"}, {"import": 0, "export": 0, "id": "GB"}], "import": 1298, "export": 0}]