[{"date": "2018-10-01", "list": [{"import": 2650000, "export": 0, "id": "PK"}, {"import": 1446355, "export": 0, "id": "UY"}, {"import": 1503723, "export": 217977, "id": "NL"}, {"import": 0, "export": 0, "id": "MM"}, {"import": 10777580, "export": 1044, "id": "ES"}, {"import": 1626513, "export": 860, "id": "IT"}, {"import": 1218440, "export": 0, "id": "TH"}, {"import": 0, "export": 4833, "id": "US"}, {"import": 119763, "export": 59707, "id": "FR"}, {"import": 16762, "export": 11, "id": "PT"}, {"import": 230146, "export": 236252, "id": "DE"}, {"import": 53347, "export": 747, "id": "DK"}, {"import": 2847560, "export": 0, "id": "IN"}, {"import": 600, "export": 26296, "id": "GB"}, {"import": 246, "export": 14906, "id": "LU"}, {"import": 0, "export": 0, "id": "GR"}, {"import": 0, "export": 264, "id": "PL"}, {"import": 0, "export": 0, "id": "LB"}, {"import": 0, "export": 17786, "id": "EE"}, {"import": 1384733, "export": 0, "id": "AR"}, {"import": 0, "export": 0, "id": "AT"}, {"import": 20000, "export": 0, "id": "KH"}, {"import": 0, "export": 0, "id": "LK"}, {"import": 0, "export": 25040, "id": "-"}, {"import": 0, "export": 0, "id": "VN"}, {"import": 0, "export": 0, "id": "TR"}, {"import": 0, "export": 24704, "id": "HU"}, {"import": 0, "export": 0, "id": "FI"}, {"import": 0, "export": 0, "id": "IE"}, {"import": 0, "export": 1013, "id": "SE"}, {"import": 0, "export": 35950, "id": "NO"}, {"import": 0, "export": 0, "id": "SI"}, {"import": 0, "export": 0, "id": "RO"}, {"import": 0, "export": 0, "id": "CY"}, {"import": 0, "export": 7056, "id": "CH"}, {"import": 0, "export": 0, "id": "MT"}, {"import": 0, "export": 0, "id": "BH"}, {"import": 0, "export": 4116, "id": "BG"}, {"import": 0, "export": 456, "id": "CD"}, {"import": 0, "export": 0, "id": "MA"}, {"import": 0, "export": 0, "id": "LV"}, {"import": 0, "export": 0, "id": "EG"}, {"import": 0, "export": 0, "id": "RW"}, {"import": 0, "export": 0, "id": "SC"}, {"import": 0, "export": 1296, "id": "NZ"}], "import": 23895768, "export": 680314}, {"date": "2018-11-01", "list": [{"import": 800017, "export": 0, "id": "PK"}, {"import": 919860, "export": 0, "id": "UY"}, {"import": 1007209, "export": 111542, "id": "NL"}, {"import": 0, "export": 0, "id": "MM"}, {"import": 1033569, "export": 4756, "id": "ES"}, {"import": 1044672, "export": 4342, "id": "IT"}, {"import": 1602999, "export": 0, "id": "TH"}, {"import": 0, "export": 0, "id": "US"}, {"import": 51169, "export": 159516, "id": "FR"}, {"import": 3390, "export": 0, "id": "PT"}, {"import": 181657, "export": 325396, "id": "DE"}, {"import": 23708, "export": 396, "id": "DK"}, {"import": 1552000, "export": 0, "id": "IN"}, {"import": 30, "export": 252481, "id": "GB"}, {"import": 4, "export": 14703, "id": "LU"}, {"import": 0, "export": 6431, "id": "GR"}, {"import": 0, "export": 4268, "id": "PL"}, {"import": 0, "export": 0, "id": "LB"}, {"import": 0, "export": 2397, "id": "EE"}, {"import": 75000, "export": 0, "id": "AR"}, {"import": 0, "export": 3658, "id": "AT"}, {"import": 0, "export": 0, "id": "KH"}, {"import": 2700, "export": 0, "id": "LK"}, {"import": 0, "export": 100016, "id": "-"}, {"import": 0, "export": 0, "id": "VN"}, {"import": 0, "export": 0, "id": "TR"}, {"import": 0, "export": 51426, "id": "HU"}, {"import": 0, "export": 49399, "id": "FI"}, {"import": 0, "export": 46586, "id": "IE"}, {"import": 0, "export": 30766, "id": "SE"}, {"import": 0, "export": 20579, "id": "NO"}, {"import": 0, "export": 3147, "id": "SI"}, {"import": 0, "export": 2966, "id": "RO"}, {"import": 0, "export": 1797, "id": "CY"}, {"import": 0, "export": 11358, "id": "CH"}, {"import": 0, "export": 0, "id": "MT"}, {"import": 0, "export": 0, "id": "BH"}, {"import": 0, "export": 1039, "id": "BG"}, {"import": 0, "export": 0, "id": "CD"}, {"import": 0, "export": 0, "id": "MA"}, {"import": 0, "export": 1039, "id": "LV"}, {"import": 0, "export": 0, "id": "EG"}, {"import": 0, "export": 0, "id": "RW"}, {"import": 0, "export": 0, "id": "SC"}, {"import": 0, "export": 0, "id": "NZ"}], "import": 8297984, "export": 1210004}, {"date": "2018-12-01", "list": [{"import": 200000, "export": 0, "id": "PK"}, {"import": 826820, "export": 0, "id": "UY"}, {"import": 434192, "export": 52981, "id": "NL"}, {"import": 0, "export": 0, "id": "MM"}, {"import": 0, "export": 0, "id": "ES"}, {"import": 911515, "export": 160, "id": "IT"}, {"import": 1620100, "export": 0, "id": "TH"}, {"import": 0, "export": 0, "id": "US"}, {"import": 883321, "export": 128819, "id": "FR"}, {"import": 2821, "export": 0, "id": "PT"}, {"import": 17318, "export": 205920, "id": "DE"}, {"import": 0, "export": 3, "id": "DK"}, {"import": 537460, "export": 0, "id": "IN"}, {"import": 14, "export": 2098, "id": "GB"}, {"import": 0, "export": 13392, "id": "LU"}, {"import": 0, "export": 0, "id": "GR"}, {"import": 0, "export": 0, "id": "PL"}, {"import": 0, "export": 0, "id": "LB"}, {"import": 0, "export": 3055, "id": "EE"}, {"import": 910076, "export": 0, "id": "AR"}, {"import": 0, "export": 0, "id": "AT"}, {"import": 0, "export": 0, "id": "KH"}, {"import": 0, "export": 0, "id": "LK"}, {"import": 0, "export": 0, "id": "-"}, {"import": 0, "export": 0, "id": "VN"}, {"import": 0, "export": 0, "id": "TR"}, {"import": 0, "export": 0, "id": "HU"}, {"import": 0, "export": 0, "id": "FI"}, {"import": 0, "export": 0, "id": "IE"}, {"import": 0, "export": 2, "id": "SE"}, {"import": 0, "export": 8329, "id": "NO"}, {"import": 0, "export": 0, "id": "SI"}, {"import": 0, "export": 0, "id": "RO"}, {"import": 0, "export": 423, "id": "CY"}, {"import": 0, "export": 5916, "id": "CH"}, {"import": 0, "export": 0, "id": "MT"}, {"import": 0, "export": 0, "id": "BH"}, {"import": 0, "export": 1060, "id": "BG"}, {"import": 0, "export": 0, "id": "CD"}, {"import": 0, "export": 0, "id": "MA"}, {"import": 0, "export": 0, "id": "LV"}, {"import": 0, "export": 0, "id": "EG"}, {"import": 0, "export": 360, "id": "RW"}, {"import": 0, "export": 0, "id": "SC"}, {"import": 0, "export": 0, "id": "NZ"}], "import": 6343637, "export": 422518}, {"date": "2019-01-01", "list": [{"import": 522000, "export": 0, "id": "PK"}, {"import": 802380, "export": 0, "id": "UY"}, {"import": 469130, "export": 51943, "id": "NL"}, {"import": 0, "export": 0, "id": "MM"}, {"import": 3163113, "export": 1018, "id": "ES"}, {"import": 752455, "export": 77, "id": "IT"}, {"import": 1189512, "export": 0, "id": "TH"}, {"import": 0, "export": 0, "id": "US"}, {"import": 755637, "export": 129402, "id": "FR"}, {"import": 6009, "export": 184, "id": "PT"}, {"import": 374545, "export": 217269, "id": "DE"}, {"import": 12958, "export": 62, "id": "DK"}, {"import": 555380, "export": 0, "id": "IN"}, {"import": 140, "export": 26009, "id": "GB"}, {"import": 291, "export": 7167, "id": "LU"}, {"import": 0, "export": 2558, "id": "GR"}, {"import": 0, "export": 186, "id": "PL"}, {"import": 0, "export": 0, "id": "LB"}, {"import": 0, "export": 13578, "id": "EE"}, {"import": 1873392, "export": 0, "id": "AR"}, {"import": 1412, "export": 0, "id": "AT"}, {"import": 20000, "export": 0, "id": "KH"}, {"import": 8600, "export": 0, "id": "LK"}, {"import": 0, "export": 61590, "id": "-"}, {"import": 0, "export": 0, "id": "VN"}, {"import": 0, "export": 0, "id": "TR"}, {"import": 0, "export": 0, "id": "HU"}, {"import": 0, "export": 0, "id": "FI"}, {"import": 0, "export": 0, "id": "IE"}, {"import": 0, "export": 0, "id": "SE"}, {"import": 0, "export": 17925, "id": "NO"}, {"import": 0, "export": 0, "id": "SI"}, {"import": 0, "export": 0, "id": "RO"}, {"import": 0, "export": 613, "id": "CY"}, {"import": 0, "export": 2910, "id": "CH"}, {"import": 0, "export": 0, "id": "MT"}, {"import": 0, "export": 0, "id": "BH"}, {"import": 0, "export": 0, "id": "BG"}, {"import": 0, "export": 0, "id": "CD"}, {"import": 0, "export": 1728, "id": "MA"}, {"import": 0, "export": 0, "id": "LV"}, {"import": 0, "export": 0, "id": "EG"}, {"import": 0, "export": 0, "id": "RW"}, {"import": 0, "export": 0, "id": "SC"}, {"import": 0, "export": 0, "id": "NZ"}], "import": 10506954, "export": 534219}, {"date": "2019-02-01", "list": [{"import": 2098600, "export": 0, "id": "PK"}, {"import": 1692130, "export": 0, "id": "UY"}, {"import": 916234, "export": 247530, "id": "NL"}, {"import": 0, "export": 0, "id": "MM"}, {"import": 707979, "export": 463, "id": "ES"}, {"import": 960571, "export": 93, "id": "IT"}, {"import": 1199000, "export": 0, "id": "TH"}, {"import": 0, "export": 0, "id": "US"}, {"import": 88005, "export": 263525, "id": "FR"}, {"import": 2019, "export": 0, "id": "PT"}, {"import": 291292, "export": 261943, "id": "DE"}, {"import": 26073, "export": 134, "id": "DK"}, {"import": 20870, "export": 0, "id": "IN"}, {"import": 214, "export": 24878, "id": "GB"}, {"import": 4, "export": 7992, "id": "LU"}, {"import": 0, "export": 0, "id": "GR"}, {"import": 0, "export": 0, "id": "PL"}, {"import": 0, "export": 0, "id": "LB"}, {"import": 0, "export": 17198, "id": "EE"}, {"import": 0, "export": 0, "id": "AR"}, {"import": 0, "export": 0, "id": "AT"}, {"import": 0, "export": 0, "id": "KH"}, {"import": 0, "export": 0, "id": "LK"}, {"import": 0, "export": 0, "id": "-"}, {"import": 0, "export": 0, "id": "VN"}, {"import": 0, "export": 0, "id": "TR"}, {"import": 0, "export": 24711, "id": "HU"}, {"import": 0, "export": 0, "id": "FI"}, {"import": 0, "export": 0, "id": "IE"}, {"import": 0, "export": 209, "id": "SE"}, {"import": 0, "export": 29150, "id": "NO"}, {"import": 0, "export": 0, "id": "SI"}, {"import": 0, "export": 0, "id": "RO"}, {"import": 0, "export": 0, "id": "CY"}, {"import": 0, "export": 10779, "id": "CH"}, {"import": 0, "export": 0, "id": "MT"}, {"import": 0, "export": 0, "id": "BH"}, {"import": 0, "export": 0, "id": "BG"}, {"import": 0, "export": 0, "id": "CD"}, {"import": 0, "export": 0, "id": "MA"}, {"import": 0, "export": 0, "id": "LV"}, {"import": 0, "export": 0, "id": "EG"}, {"import": 0, "export": 600, "id": "RW"}, {"import": 0, "export": 0, "id": "SC"}, {"import": 0, "export": 0, "id": "NZ"}], "import": 8002991, "export": 889205}, {"date": "2019-03-01", "list": [{"import": 7071300, "export": 0, "id": "PK"}, {"import": 1009700, "export": 0, "id": "UY"}, {"import": 688178, "export": 203055, "id": "NL"}, {"import": 0, "export": 0, "id": "MM"}, {"import": 47887, "export": 29, "id": "ES"}, {"import": 961085, "export": 26080, "id": "IT"}, {"import": 506020, "export": 0, "id": "TH"}, {"import": 0, "export": 117593, "id": "US"}, {"import": 33940, "export": 1550055, "id": "FR"}, {"import": 4036, "export": 0, "id": "PT"}, {"import": 20023, "export": 223895, "id": "DE"}, {"import": 21646, "export": 9, "id": "DK"}, {"import": 422715, "export": 0, "id": "IN"}, {"import": 330, "export": 12, "id": "GB"}, {"import": 725, "export": 9579, "id": "LU"}, {"import": 0, "export": 1042, "id": "GR"}, {"import": 0, "export": 163, "id": "PL"}, {"import": 0, "export": 0, "id": "LB"}, {"import": 0, "export": 7818, "id": "EE"}, {"import": 0, "export": 0, "id": "AR"}, {"import": 0, "export": 0, "id": "AT"}, {"import": 0, "export": 0, "id": "KH"}, {"import": 0, "export": 0, "id": "LK"}, {"import": 0, "export": 125402, "id": "-"}, {"import": 0, "export": 0, "id": "VN"}, {"import": 0, "export": 0, "id": "TR"}, {"import": 0, "export": 75188, "id": "HU"}, {"import": 0, "export": 0, "id": "FI"}, {"import": 0, "export": 549, "id": "IE"}, {"import": 0, "export": 0, "id": "SE"}, {"import": 0, "export": 38392, "id": "NO"}, {"import": 0, "export": 0, "id": "SI"}, {"import": 0, "export": 0, "id": "RO"}, {"import": 0, "export": 0, "id": "CY"}, {"import": 0, "export": 11211, "id": "CH"}, {"import": 0, "export": 0, "id": "MT"}, {"import": 0, "export": 0, "id": "BH"}, {"import": 0, "export": 0, "id": "BG"}, {"import": 0, "export": 0, "id": "CD"}, {"import": 0, "export": 864, "id": "MA"}, {"import": 0, "export": 0, "id": "LV"}, {"import": 0, "export": 0, "id": "EG"}, {"import": 0, "export": 0, "id": "RW"}, {"import": 0, "export": 0, "id": "SC"}, {"import": 0, "export": 0, "id": "NZ"}], "import": 10787585, "export": 2390936}, {"date": "2019-04-01", "list": [{"import": 1196780, "export": 0, "id": "PK"}, {"import": 1039754, "export": 0, "id": "UY"}, {"import": 1859273, "export": 141219, "id": "NL"}, {"import": 0, "export": 0, "id": "MM"}, {"import": 7373483, "export": 14, "id": "ES"}, {"import": 2569245, "export": 167, "id": "IT"}, {"import": 2200600, "export": 0, "id": "TH"}, {"import": 0, "export": 115079, "id": "US"}, {"import": 74282, "export": 484732, "id": "FR"}, {"import": 8024, "export": 0, "id": "PT"}, {"import": 31807, "export": 200731, "id": "DE"}, {"import": 766981, "export": 0, "id": "DK"}, {"import": 330000, "export": 0, "id": "IN"}, {"import": 0, "export": 0, "id": "GB"}, {"import": 4, "export": 5852, "id": "LU"}, {"import": 0, "export": 0, "id": "GR"}, {"import": 0, "export": 304, "id": "PL"}, {"import": 0, "export": 0, "id": "LB"}, {"import": 0, "export": 15486, "id": "EE"}, {"import": 75000, "export": 0, "id": "AR"}, {"import": 0, "export": 0, "id": "AT"}, {"import": 49920, "export": 0, "id": "KH"}, {"import": 0, "export": 0, "id": "LK"}, {"import": 0, "export": 49655, "id": "-"}, {"import": 0, "export": 0, "id": "VN"}, {"import": 732, "export": 0, "id": "TR"}, {"import": 0, "export": 0, "id": "HU"}, {"import": 0, "export": 0, "id": "FI"}, {"import": 0, "export": 0, "id": "IE"}, {"import": 0, "export": 0, "id": "SE"}, {"import": 0, "export": 37180, "id": "NO"}, {"import": 0, "export": 0, "id": "SI"}, {"import": 0, "export": 594, "id": "RO"}, {"import": 0, "export": 0, "id": "CY"}, {"import": 0, "export": 8226, "id": "CH"}, {"import": 0, "export": 0, "id": "MT"}, {"import": 0, "export": 0, "id": "BH"}, {"import": 0, "export": 0, "id": "BG"}, {"import": 0, "export": 0, "id": "CD"}, {"import": 0, "export": 0, "id": "MA"}, {"import": 0, "export": 0, "id": "LV"}, {"import": 0, "export": 0, "id": "EG"}, {"import": 0, "export": 0, "id": "RW"}, {"import": 0, "export": 0, "id": "SC"}, {"import": 0, "export": 1944, "id": "NZ"}], "import": 17575885, "export": 1061183}, {"date": "2019-05-01", "list": [{"import": 4398580, "export": 0, "id": "PK"}, {"import": 1008060, "export": 0, "id": "UY"}, {"import": 879070, "export": 88376, "id": "NL"}, {"import": 0, "export": 0, "id": "MM"}, {"import": 1181427, "export": 29, "id": "ES"}, {"import": 1084202, "export": 114765, "id": "IT"}, {"import": 2471240, "export": 0, "id": "TH"}, {"import": 0, "export": 35453, "id": "US"}, {"import": 92563, "export": 240285, "id": "FR"}, {"import": 0, "export": 0, "id": "PT"}, {"import": 60714, "export": 147110, "id": "DE"}, {"import": 0, "export": 0, "id": "DK"}, {"import": 0, "export": 0, "id": "IN"}, {"import": 117, "export": 9, "id": "GB"}, {"import": 0, "export": 9754, "id": "LU"}, {"import": 0, "export": 420, "id": "GR"}, {"import": 0, "export": 288, "id": "PL"}, {"import": 0, "export": 0, "id": "LB"}, {"import": 0, "export": 6020, "id": "EE"}, {"import": 0, "export": 0, "id": "AR"}, {"import": 0, "export": 706, "id": "AT"}, {"import": 0, "export": 0, "id": "KH"}, {"import": 0, "export": 0, "id": "LK"}, {"import": 0, "export": 37689, "id": "-"}, {"import": 0, "export": 0, "id": "VN"}, {"import": 0, "export": 0, "id": "TR"}, {"import": 0, "export": 0, "id": "HU"}, {"import": 0, "export": 0, "id": "FI"}, {"import": 0, "export": 0, "id": "IE"}, {"import": 0, "export": 0, "id": "SE"}, {"import": 0, "export": 48934, "id": "NO"}, {"import": 0, "export": 0, "id": "SI"}, {"import": 0, "export": 0, "id": "RO"}, {"import": 0, "export": 0, "id": "CY"}, {"import": 0, "export": 5862, "id": "CH"}, {"import": 0, "export": 0, "id": "MT"}, {"import": 0, "export": 0, "id": "BH"}, {"import": 0, "export": 0, "id": "BG"}, {"import": 0, "export": 0, "id": "CD"}, {"import": 0, "export": 5178, "id": "MA"}, {"import": 0, "export": 0, "id": "LV"}, {"import": 0, "export": 0, "id": "EG"}, {"import": 0, "export": 0, "id": "RW"}, {"import": 0, "export": 0, "id": "SC"}, {"import": 0, "export": 0, "id": "NZ"}], "import": 11175973, "export": 740878}, {"date": "2019-06-01", "list": [{"import": 3245843, "export": 0, "id": "PK"}, {"import": 502480, "export": 0, "id": "UY"}, {"import": 770074, "export": 363907, "id": "NL"}, {"import": 0, "export": 0, "id": "MM"}, {"import": 7213331, "export": 2964, "id": "ES"}, {"import": 2171635, "export": 87235, "id": "IT"}, {"import": 2098773, "export": 0, "id": "TH"}, {"import": 0, "export": 52445, "id": "US"}, {"import": 49522, "export": 95899, "id": "FR"}, {"import": 13666, "export": 3113, "id": "PT"}, {"import": 87391, "export": 270378, "id": "DE"}, {"import": 79284, "export": 10310, "id": "DK"}, {"import": 100000, "export": 0, "id": "IN"}, {"import": 0, "export": 217139, "id": "GB"}, {"import": 0, "export": 5138, "id": "LU"}, {"import": 0, "export": 13778, "id": "GR"}, {"import": 0, "export": 223, "id": "PL"}, {"import": 4100, "export": 0, "id": "LB"}, {"import": 0, "export": 0, "id": "EE"}, {"import": 0, "export": 0, "id": "AR"}, {"import": 0, "export": 0, "id": "AT"}, {"import": 0, "export": 0, "id": "KH"}, {"import": 4830, "export": 0, "id": "LK"}, {"import": 0, "export": 24887, "id": "-"}, {"import": 0, "export": 0, "id": "VN"}, {"import": 0, "export": 0, "id": "TR"}, {"import": 0, "export": 49436, "id": "HU"}, {"import": 0, "export": 11017, "id": "FI"}, {"import": 0, "export": 45753, "id": "IE"}, {"import": 0, "export": 1332, "id": "SE"}, {"import": 0, "export": 5040, "id": "NO"}, {"import": 0, "export": 9494, "id": "SI"}, {"import": 0, "export": 0, "id": "RO"}, {"import": 0, "export": 0, "id": "CY"}, {"import": 0, "export": 7284, "id": "CH"}, {"import": 0, "export": 3580, "id": "MT"}, {"import": 0, "export": 47, "id": "BH"}, {"import": 0, "export": 0, "id": "BG"}, {"import": 0, "export": 0, "id": "CD"}, {"import": 0, "export": 0, "id": "MA"}, {"import": 0, "export": 0, "id": "LV"}, {"import": 0, "export": 0, "id": "EG"}, {"import": 0, "export": 0, "id": "RW"}, {"import": 0, "export": 0, "id": "SC"}, {"import": 0, "export": 0, "id": "NZ"}], "import": 16340929, "export": 1280399}, {"date": "2019-07-01", "list": [{"import": 7173270, "export": 0, "id": "PK"}, {"import": 1531785, "export": 0, "id": "UY"}, {"import": 822446, "export": 863845, "id": "NL"}, {"import": 0, "export": 0, "id": "MM"}, {"import": 9505352, "export": 633555, "id": "ES"}, {"import": 1762647, "export": 77212, "id": "IT"}, {"import": 1432287, "export": 0, "id": "TH"}, {"import": 21089, "export": 69204, "id": "US"}, {"import": 160927, "export": 605482, "id": "FR"}, {"import": 2695, "export": 0, "id": "PT"}, {"import": 23069, "export": 163718, "id": "DE"}, {"import": 10785, "export": 0, "id": "DK"}, {"import": 1335800, "export": 0, "id": "IN"}, {"import": 21722, "export": 203024, "id": "GB"}, {"import": 287, "export": 4608, "id": "LU"}, {"import": 0, "export": 15699, "id": "GR"}, {"import": 0, "export": 0, "id": "PL"}, {"import": 0, "export": 0, "id": "LB"}, {"import": 5, "export": 11487, "id": "EE"}, {"import": 0, "export": 0, "id": "AR"}, {"import": 0, "export": 7382, "id": "AT"}, {"import": 0, "export": 0, "id": "KH"}, {"import": 0, "export": 0, "id": "LK"}, {"import": 0, "export": 25169, "id": "-"}, {"import": 100000, "export": 0, "id": "VN"}, {"import": 576, "export": 0, "id": "TR"}, {"import": 0, "export": 2716, "id": "HU"}, {"import": 0, "export": 17523, "id": "FI"}, {"import": 0, "export": 22071, "id": "IE"}, {"import": 0, "export": 34641, "id": "SE"}, {"import": 0, "export": 23641, "id": "NO"}, {"import": 0, "export": 6931, "id": "SI"}, {"import": 0, "export": 3610, "id": "RO"}, {"import": 0, "export": 5699, "id": "CY"}, {"import": 0, "export": 3468, "id": "CH"}, {"import": 0, "export": 18868, "id": "MT"}, {"import": 0, "export": 0, "id": "BH"}, {"import": 0, "export": 0, "id": "BG"}, {"import": 0, "export": 0, "id": "CD"}, {"import": 0, "export": 2622, "id": "MA"}, {"import": 0, "export": 0, "id": "LV"}, {"import": 0, "export": 0, "id": "EG"}, {"import": 0, "export": 0, "id": "RW"}, {"import": 0, "export": 0, "id": "SC"}, {"import": 0, "export": 0, "id": "NZ"}], "import": 23904742, "export": 2822175}, {"date": "2019-08-01", "list": [{"import": 4696220, "export": 0, "id": "PK"}, {"import": 503440, "export": 0, "id": "UY"}, {"import": 794976, "export": 361666, "id": "NL"}, {"import": 248740, "export": 0, "id": "MM"}, {"import": 11066410, "export": 115232, "id": "ES"}, {"import": 2306178, "export": 115147, "id": "IT"}, {"import": 1314540, "export": 0, "id": "TH"}, {"import": 0, "export": 123012, "id": "US"}, {"import": 73182, "export": 93106, "id": "FR"}, {"import": 5602, "export": 2617, "id": "PT"}, {"import": 90893, "export": 226332, "id": "DE"}, {"import": 142707, "export": 19, "id": "DK"}, {"import": 229500, "export": 0, "id": "IN"}, {"import": 192723, "export": 152719, "id": "GB"}, {"import": 2, "export": 5627, "id": "LU"}, {"import": 0, "export": 29930, "id": "GR"}, {"import": 0, "export": 4063, "id": "PL"}, {"import": 0, "export": 0, "id": "LB"}, {"import": 0, "export": 5983, "id": "EE"}, {"import": 0, "export": 0, "id": "AR"}, {"import": 0, "export": 10126, "id": "AT"}, {"import": 0, "export": 0, "id": "KH"}, {"import": 0, "export": 0, "id": "LK"}, {"import": 0, "export": 41562, "id": "-"}, {"import": 80000, "export": 0, "id": "VN"}, {"import": 0, "export": 0, "id": "TR"}, {"import": 0, "export": 31125, "id": "HU"}, {"import": 0, "export": 61596, "id": "FI"}, {"import": 0, "export": 31747, "id": "IE"}, {"import": 0, "export": 33292, "id": "SE"}, {"import": 0, "export": 15395, "id": "NO"}, {"import": 0, "export": 8882, "id": "SI"}, {"import": 0, "export": 0, "id": "RO"}, {"import": 0, "export": 9612, "id": "CY"}, {"import": 0, "export": 8574, "id": "CH"}, {"import": 0, "export": 0, "id": "MT"}, {"import": 0, "export": 0, "id": "BH"}, {"import": 0, "export": 0, "id": "BG"}, {"import": 0, "export": 0, "id": "CD"}, {"import": 0, "export": 0, "id": "MA"}, {"import": 0, "export": 0, "id": "LV"}, {"import": 0, "export": 0, "id": "EG"}, {"import": 0, "export": 600, "id": "RW"}, {"import": 0, "export": 119, "id": "SC"}, {"import": 0, "export": 0, "id": "NZ"}], "import": 21745113, "export": 1488083}, {"date": "2019-09-01", "list": [{"import": 6448300, "export": 0, "id": "PK"}, {"import": 1021000, "export": 0, "id": "UY"}, {"import": 515365, "export": 787506, "id": "NL"}, {"import": 500000, "export": 0, "id": "MM"}, {"import": 6613549, "export": 269022, "id": "ES"}, {"import": 1445817, "export": 4622, "id": "IT"}, {"import": 1999500, "export": 0, "id": "TH"}, {"import": 953, "export": 52270, "id": "US"}, {"import": 19296, "export": 192509, "id": "FR"}, {"import": 2094, "export": 3455, "id": "PT"}, {"import": 71652, "export": 377352, "id": "DE"}, {"import": 53600, "export": 3146, "id": "DK"}, {"import": 0, "export": 0, "id": "IN"}, {"import": 128, "export": 316358, "id": "GB"}, {"import": 25, "export": 7717, "id": "LU"}, {"import": 0, "export": 18717, "id": "GR"}, {"import": 0, "export": 8662, "id": "PL"}, {"import": 0, "export": 0, "id": "LB"}, {"import": 0, "export": 4834, "id": "EE"}, {"import": 2200000, "export": 0, "id": "AR"}, {"import": 0, "export": 9058, "id": "AT"}, {"import": 0, "export": 0, "id": "KH"}, {"import": 0, "export": 0, "id": "LK"}, {"import": 0, "export": 6261, "id": "-"}, {"import": 0, "export": 0, "id": "VN"}, {"import": 0, "export": 0, "id": "TR"}, {"import": 0, "export": 25184, "id": "HU"}, {"import": 0, "export": 34011, "id": "FI"}, {"import": 0, "export": 56312, "id": "IE"}, {"import": 0, "export": 38526, "id": "SE"}, {"import": 0, "export": 32988, "id": "NO"}, {"import": 0, "export": 7305, "id": "SI"}, {"import": 0, "export": 3277, "id": "RO"}, {"import": 0, "export": 2718, "id": "CY"}, {"import": 0, "export": 15180, "id": "CH"}, {"import": 0, "export": 0, "id": "MT"}, {"import": 0, "export": 0, "id": "BH"}, {"import": 0, "export": 0, "id": "BG"}, {"import": 0, "export": 0, "id": "CD"}, {"import": 0, "export": 2592, "id": "MA"}, {"import": 0, "export": 0, "id": "LV"}, {"import": 0, "export": 0, "id": "EG"}, {"import": 0, "export": 0, "id": "RW"}, {"import": 0, "export": 0, "id": "SC"}, {"import": 0, "export": 0, "id": "NZ"}], "import": 20891279, "export": 2279582}, {"date": "2019-10-01", "list": [{"import": 1073920, "export": 0, "id": "PK"}, {"import": 554000, "export": 0, "id": "UY"}, {"import": 744998, "export": 370758, "id": "NL"}, {"import": 750000, "export": 0, "id": "MM"}, {"import": 8302494, "export": 145394, "id": "ES"}, {"import": 1876279, "export": 10683, "id": "IT"}, {"import": 1008400, "export": 0, "id": "TH"}, {"import": 0, "export": 69754, "id": "US"}, {"import": 14865, "export": 117058, "id": "FR"}, {"import": 2023, "export": 0, "id": "PT"}, {"import": 132388, "export": 444476, "id": "DE"}, {"import": 77880, "export": 0, "id": "DK"}, {"import": 7980, "export": 0, "id": "IN"}, {"import": 571, "export": 230387, "id": "GB"}, {"import": 0, "export": 7627, "id": "LU"}, {"import": 0, "export": 23882, "id": "GR"}, {"import": 0, "export": 5620, "id": "PL"}, {"import": 0, "export": 0, "id": "LB"}, {"import": 0, "export": 6589, "id": "EE"}, {"import": 1000000, "export": 0, "id": "AR"}, {"import": 0, "export": 4729, "id": "AT"}, {"import": 0, "export": 0, "id": "KH"}, {"import": 0, "export": 0, "id": "LK"}, {"import": 0, "export": 0, "id": "-"}, {"import": 200000, "export": 0, "id": "VN"}, {"import": 0, "export": 0, "id": "TR"}, {"import": 0, "export": 2692, "id": "HU"}, {"import": 0, "export": 23262, "id": "FI"}, {"import": 0, "export": 54937, "id": "IE"}, {"import": 0, "export": 49067, "id": "SE"}, {"import": 0, "export": 27744, "id": "NO"}, {"import": 0, "export": 6103, "id": "SI"}, {"import": 0, "export": 4792, "id": "RO"}, {"import": 0, "export": 2692, "id": "CY"}, {"import": 0, "export": 1950, "id": "CH"}, {"import": 0, "export": 0, "id": "MT"}, {"import": 0, "export": 0, "id": "BH"}, {"import": 0, "export": 0, "id": "BG"}, {"import": 0, "export": 354, "id": "CD"}, {"import": 0, "export": 0, "id": "MA"}, {"import": 0, "export": 0, "id": "LV"}, {"import": 0, "export": 0, "id": "EG"}, {"import": 0, "export": 540, "id": "RW"}, {"import": 0, "export": 0, "id": "SC"}, {"import": 0, "export": 0, "id": "NZ"}], "import": 15745798, "export": 1611090}, {"date": "2019-11-01", "list": [{"import": 1997700, "export": 0, "id": "PK"}, {"import": 2007050, "export": 0, "id": "UY"}, {"import": 788314, "export": 412645, "id": "NL"}, {"import": 997760, "export": 0, "id": "MM"}, {"import": 6912070, "export": 241337, "id": "ES"}, {"import": 1933897, "export": 20269, "id": "IT"}, {"import": 1500590, "export": 2, "id": "TH"}, {"import": 80612, "export": 208959, "id": "US"}, {"import": 44904, "export": 109672, "id": "FR"}, {"import": 2673, "export": 0, "id": "PT"}, {"import": 8242, "export": 263095, "id": "DE"}, {"import": 0, "export": 0, "id": "DK"}, {"import": 5400, "export": 0, "id": "IN"}, {"import": 699, "export": 191019, "id": "GB"}, {"import": 0, "export": 4282, "id": "LU"}, {"import": 0, "export": 9252, "id": "GR"}, {"import": 0, "export": 2477, "id": "PL"}, {"import": 0, "export": 0, "id": "LB"}, {"import": 0, "export": 13239, "id": "EE"}, {"import": 1100000, "export": 0, "id": "AR"}, {"import": 0, "export": 6007, "id": "AT"}, {"import": 500000, "export": 0, "id": "KH"}, {"import": 0, "export": 0, "id": "LK"}, {"import": 0, "export": 25076, "id": "-"}, {"import": 100000, "export": 0, "id": "VN"}, {"import": 0, "export": 0, "id": "TR"}, {"import": 0, "export": 27939, "id": "HU"}, {"import": 0, "export": 55570, "id": "FI"}, {"import": 0, "export": 65619, "id": "IE"}, {"import": 0, "export": 12361, "id": "SE"}, {"import": 0, "export": 5160, "id": "NO"}, {"import": 0, "export": 4512, "id": "SI"}, {"import": 0, "export": 0, "id": "RO"}, {"import": 0, "export": 7220, "id": "CY"}, {"import": 0, "export": 11100, "id": "CH"}, {"import": 0, "export": 0, "id": "MT"}, {"import": 0, "export": 0, "id": "BH"}, {"import": 0, "export": 0, "id": "BG"}, {"import": 0, "export": 480, "id": "CD"}, {"import": 0, "export": 2592, "id": "MA"}, {"import": 0, "export": 0, "id": "LV"}, {"import": 0, "export": 0, "id": "EG"}, {"import": 0, "export": 0, "id": "RW"}, {"import": 0, "export": 0, "id": "SC"}, {"import": 0, "export": 0, "id": "NZ"}], "import": 17979911, "export": 1699884}, {"date": "2019-12-01", "list": [{"import": 1252060, "export": 0, "id": "PK"}, {"import": 538220, "export": 0, "id": "UY"}, {"import": 928729, "export": 712593, "id": "NL"}, {"import": 1522040, "export": 0, "id": "MM"}, {"import": 3068804, "export": 0, "id": "ES"}, {"import": 2104625, "export": 2742, "id": "IT"}, {"import": 501700, "export": 0, "id": "TH"}, {"import": 146539, "export": 224895, "id": "US"}, {"import": 583436, "export": 166249, "id": "FR"}, {"import": 2064, "export": 3016, "id": "PT"}, {"import": 13616, "export": 252515, "id": "DE"}, {"import": 142798, "export": 20962, "id": "DK"}, {"import": 0, "export": 0, "id": "IN"}, {"import": 276210, "export": 235731, "id": "GB"}, {"import": 0, "export": 6409, "id": "LU"}, {"import": 0, "export": 28237, "id": "GR"}, {"import": 0, "export": 9184, "id": "PL"}, {"import": 0, "export": 0, "id": "LB"}, {"import": 0, "export": 10976, "id": "EE"}, {"import": 0, "export": 0, "id": "AR"}, {"import": 0, "export": 5473, "id": "AT"}, {"import": 300000, "export": 0, "id": "KH"}, {"import": 0, "export": 0, "id": "LK"}, {"import": 0, "export": 50818, "id": "-"}, {"import": 0, "export": 0, "id": "VN"}, {"import": 582, "export": 0, "id": "TR"}, {"import": 0, "export": 25409, "id": "HU"}, {"import": 0, "export": 19260, "id": "FI"}, {"import": 0, "export": 24939, "id": "IE"}, {"import": 0, "export": 26988, "id": "SE"}, {"import": 0, "export": 16673, "id": "NO"}, {"import": 0, "export": 7027, "id": "SI"}, {"import": 0, "export": 0, "id": "RO"}, {"import": 0, "export": 0, "id": "CY"}, {"import": 0, "export": 1950, "id": "CH"}, {"import": 0, "export": 14635, "id": "MT"}, {"import": 0, "export": 0, "id": "BH"}, {"import": 0, "export": 0, "id": "BG"}, {"import": 0, "export": 0, "id": "CD"}, {"import": 0, "export": 0, "id": "MA"}, {"import": 0, "export": 0, "id": "LV"}, {"import": 0, "export": 0, "id": "EG"}, {"import": 0, "export": 360, "id": "RW"}, {"import": 0, "export": 0, "id": "SC"}, {"import": 0, "export": 0, "id": "NZ"}], "import": 11381423, "export": 1867041}, {"date": "2020-01-01", "list": [{"import": 1623610, "export": 0, "id": "PK"}, {"import": 605540, "export": 0, "id": "UY"}, {"import": 1100922, "export": 414215, "id": "NL"}, {"import": 1223600, "export": 0, "id": "MM"}, {"import": 10263460, "export": 57316, "id": "ES"}, {"import": 1588346, "export": 21933, "id": "IT"}, {"import": 140000, "export": 0, "id": "TH"}, {"import": 255901, "export": 139151, "id": "US"}, {"import": 14784, "export": 287000, "id": "FR"}, {"import": 9144, "export": 0, "id": "PT"}, {"import": 21081, "export": 377682, "id": "DE"}, {"import": 104217, "export": 0, "id": "DK"}, {"import": 0, "export": 0, "id": "IN"}, {"import": 138, "export": 167634, "id": "GB"}, {"import": 0, "export": 7370, "id": "LU"}, {"import": 0, "export": 43940, "id": "GR"}, {"import": 0, "export": 10962, "id": "PL"}, {"import": 0, "export": 0, "id": "LB"}, {"import": 0, "export": 6657, "id": "EE"}, {"import": 918029, "export": 0, "id": "AR"}, {"import": 0, "export": 11805, "id": "AT"}, {"import": 0, "export": 0, "id": "KH"}, {"import": 0, "export": 0, "id": "LK"}, {"import": 0, "export": 25173, "id": "-"}, {"import": 100000, "export": 0, "id": "VN"}, {"import": 12800, "export": 0, "id": "TR"}, {"import": 0, "export": 4039, "id": "HU"}, {"import": 0, "export": 49679, "id": "FI"}, {"import": 0, "export": 37940, "id": "IE"}, {"import": 0, "export": 55010, "id": "SE"}, {"import": 0, "export": 74630, "id": "NO"}, {"import": 0, "export": 7268, "id": "SI"}, {"import": 0, "export": 7823, "id": "RO"}, {"import": 0, "export": 0, "id": "CY"}, {"import": 0, "export": 19518, "id": "CH"}, {"import": 0, "export": 9968, "id": "MT"}, {"import": 0, "export": 0, "id": "BH"}, {"import": 0, "export": 0, "id": "BG"}, {"import": 0, "export": 0, "id": "CD"}, {"import": 0, "export": 2592, "id": "MA"}, {"import": 0, "export": 0, "id": "LV"}, {"import": 0, "export": 0, "id": "EG"}, {"import": 0, "export": 0, "id": "RW"}, {"import": 0, "export": 0, "id": "SC"}, {"import": 0, "export": 0, "id": "NZ"}], "import": 17981572, "export": 1839305}, {"date": "2020-02-01", "list": [{"import": 1750000, "export": 0, "id": "PK"}, {"import": 1419140, "export": 0, "id": "UY"}, {"import": 417782, "export": 284066, "id": "NL"}, {"import": 0, "export": 0, "id": "MM"}, {"import": 5867244, "export": 400882, "id": "ES"}, {"import": 1303403, "export": 105, "id": "IT"}, {"import": 47200, "export": 0, "id": "TH"}, {"import": 188760, "export": 52276, "id": "US"}, {"import": 44292, "export": 661997, "id": "FR"}, {"import": 0, "export": 3097, "id": "PT"}, {"import": 25891, "export": 299549, "id": "DE"}, {"import": 108061, "export": 1044, "id": "DK"}, {"import": 0, "export": 0, "id": "IN"}, {"import": 490482, "export": 159316, "id": "GB"}, {"import": 0, "export": 7963, "id": "LU"}, {"import": 54, "export": 7651, "id": "GR"}, {"import": 5, "export": 629282, "id": "PL"}, {"import": 0, "export": 0, "id": "LB"}, {"import": 0, "export": 9554, "id": "EE"}, {"import": 0, "export": 0, "id": "AR"}, {"import": 0, "export": 677, "id": "AT"}, {"import": 0, "export": 0, "id": "KH"}, {"import": 0, "export": 0, "id": "LK"}, {"import": 0, "export": 0, "id": "-"}, {"import": 120000, "export": 0, "id": "VN"}, {"import": 0, "export": 0, "id": "TR"}, {"import": 0, "export": 69470, "id": "HU"}, {"import": 0, "export": 31949, "id": "FI"}, {"import": 0, "export": 18135, "id": "IE"}, {"import": 0, "export": 7523, "id": "SE"}, {"import": 0, "export": 10529, "id": "NO"}, {"import": 0, "export": 3208, "id": "SI"}, {"import": 0, "export": 1119, "id": "RO"}, {"import": 0, "export": 0, "id": "CY"}, {"import": 0, "export": 3351, "id": "CH"}, {"import": 0, "export": 0, "id": "MT"}, {"import": 0, "export": 0, "id": "BH"}, {"import": 0, "export": 0, "id": "BG"}, {"import": 0, "export": 0, "id": "CD"}, {"import": 0, "export": 0, "id": "MA"}, {"import": 0, "export": 0, "id": "LV"}, {"import": 0, "export": 5443, "id": "EG"}, {"import": 0, "export": 0, "id": "RW"}, {"import": 0, "export": 0, "id": "SC"}, {"import": 0, "export": 0, "id": "NZ"}], "import": 11782314, "export": 2668186}, {"date": "2020-03-01", "list": [{"import": 5736885, "export": 0, "id": "PK"}, {"import": 1532480, "export": 0, "id": "UY"}, {"import": 1375208, "export": 1133925, "id": "NL"}, {"import": 499160, "export": 0, "id": "MM"}, {"import": 9379614, "export": 424036, "id": "ES"}, {"import": 2144348, "export": 16772, "id": "IT"}, {"import": 499500, "export": 0, "id": "TH"}, {"import": 312284, "export": 0, "id": "US"}, {"import": 44868, "export": 2361076, "id": "FR"}, {"import": 1402, "export": 0, "id": "PT"}, {"import": 40404, "export": 518595, "id": "DE"}, {"import": 20699, "export": 0, "id": "DK"}, {"import": 200000, "export": 0, "id": "IN"}, {"import": 311, "export": 212730, "id": "GB"}, {"import": 0, "export": 20695, "id": "LU"}, {"import": 55, "export": 8811, "id": "GR"}, {"import": 0, "export": 7792, "id": "PL"}, {"import": 0, "export": 0, "id": "LB"}, {"import": 0, "export": 6641, "id": "EE"}, {"import": 0, "export": 0, "id": "AR"}, {"import": 0, "export": 8226, "id": "AT"}, {"import": 0, "export": 0, "id": "KH"}, {"import": 0, "export": 0, "id": "LK"}, {"import": 0, "export": 88056, "id": "-"}, {"import": 0, "export": 0, "id": "VN"}, {"import": 4800, "export": 0, "id": "TR"}, {"import": 0, "export": 7138, "id": "HU"}, {"import": 0, "export": 43877, "id": "FI"}, {"import": 0, "export": 18918, "id": "IE"}, {"import": 0, "export": 29171, "id": "SE"}, {"import": 0, "export": 17040, "id": "NO"}, {"import": 0, "export": 3006, "id": "SI"}, {"import": 0, "export": 3351, "id": "RO"}, {"import": 0, "export": 2716, "id": "CY"}, {"import": 0, "export": 7098, "id": "CH"}, {"import": 0, "export": 9987, "id": "MT"}, {"import": 0, "export": 0, "id": "BH"}, {"import": 0, "export": 0, "id": "BG"}, {"import": 0, "export": 415, "id": "CD"}, {"import": 0, "export": 0, "id": "MA"}, {"import": 0, "export": 0, "id": "LV"}, {"import": 0, "export": 0, "id": "EG"}, {"import": 0, "export": 0, "id": "RW"}, {"import": 0, "export": 0, "id": "SC"}, {"import": 0, "export": 0, "id": "NZ"}], "import": 21792018, "export": 4950072}, {"date": "2020-04-01", "list": [{"import": 4938684, "export": 0, "id": "PK"}, {"import": 1044280, "export": 0, "id": "UY"}, {"import": 2101209, "export": 509191, "id": "NL"}, {"import": 2245940, "export": 0, "id": "MM"}, {"import": 8861407, "export": 236341, "id": "ES"}, {"import": 1642504, "export": 8, "id": "IT"}, {"import": 249620, "export": 0, "id": "TH"}, {"import": 293375, "export": 0, "id": "US"}, {"import": 56223, "export": 116699, "id": "FR"}, {"import": 208843, "export": 0, "id": "PT"}, {"import": 14065, "export": 600297, "id": "DE"}, {"import": 0, "export": 3164, "id": "DK"}, {"import": 500000, "export": 0, "id": "IN"}, {"import": 1978, "export": 115283, "id": "GB"}, {"import": 238, "export": 8168, "id": "LU"}, {"import": 55, "export": 13649, "id": "GR"}, {"import": 0, "export": 17307, "id": "PL"}, {"import": 0, "export": 0, "id": "LB"}, {"import": 0, "export": 24321, "id": "EE"}, {"import": 1479875, "export": 0, "id": "AR"}, {"import": 0, "export": 3174, "id": "AT"}, {"import": 19600, "export": 0, "id": "KH"}, {"import": 0, "export": 0, "id": "LK"}, {"import": 15, "export": 38062, "id": "-"}, {"import": 0, "export": 0, "id": "VN"}, {"import": 98230, "export": 0, "id": "TR"}, {"import": 0, "export": 79967, "id": "HU"}, {"import": 0, "export": 137019, "id": "FI"}, {"import": 0, "export": 25239, "id": "IE"}, {"import": 0, "export": 32870, "id": "SE"}, {"import": 0, "export": 30002, "id": "NO"}, {"import": 0, "export": 10851, "id": "SI"}, {"import": 0, "export": 2050, "id": "RO"}, {"import": 0, "export": 0, "id": "CY"}, {"import": 0, "export": 1992, "id": "CH"}, {"import": 0, "export": 0, "id": "MT"}, {"import": 0, "export": 0, "id": "BH"}, {"import": 0, "export": 0, "id": "BG"}, {"import": 0, "export": 924, "id": "CD"}, {"import": 0, "export": 2592, "id": "MA"}, {"import": 0, "export": 0, "id": "LV"}, {"import": 0, "export": 0, "id": "EG"}, {"import": 0, "export": 360, "id": "RW"}, {"import": 0, "export": 0, "id": "SC"}, {"import": 0, "export": 0, "id": "NZ"}], "import": 23756141, "export": 2009530}, {"date": "2020-05-01", "list": [{"import": 4576460, "export": 0, "id": "PK"}, {"import": 2588480, "export": 0, "id": "UY"}, {"import": 1902915, "export": 125784, "id": "NL"}, {"import": 751600, "export": 0, "id": "MM"}, {"import": 703139, "export": 3196, "id": "ES"}, {"import": 638787, "export": 0, "id": "IT"}, {"import": 505812, "export": 0, "id": "TH"}, {"import": 377038, "export": 0, "id": "US"}, {"import": 306698, "export": 1608110, "id": "FR"}, {"import": 106497, "export": 0, "id": "PT"}, {"import": 56312, "export": 481018, "id": "DE"}, {"import": 55640, "export": 255, "id": "DK"}, {"import": 5000, "export": 0, "id": "IN"}, {"import": 437, "export": 1176620, "id": "GB"}, {"import": 67, "export": 6271, "id": "LU"}, {"import": 28, "export": 12786, "id": "GR"}, {"import": 5, "export": 21155, "id": "PL"}, {"import": 0, "export": 0, "id": "LB"}, {"import": 0, "export": 0, "id": "EE"}, {"import": 0, "export": 0, "id": "AR"}, {"import": 0, "export": 0, "id": "AT"}, {"import": 0, "export": 0, "id": "KH"}, {"import": 0, "export": 0, "id": "LK"}, {"import": 0, "export": 0, "id": "-"}, {"import": 0, "export": 0, "id": "VN"}, {"import": 0, "export": 0, "id": "TR"}, {"import": 0, "export": 51148, "id": "HU"}, {"import": 0, "export": 47861, "id": "FI"}, {"import": 0, "export": 38585, "id": "IE"}, {"import": 0, "export": 19350, "id": "SE"}, {"import": 0, "export": 17439, "id": "NO"}, {"import": 0, "export": 8394, "id": "SI"}, {"import": 0, "export": 7300, "id": "RO"}, {"import": 0, "export": 3682, "id": "CY"}, {"import": 0, "export": 2115, "id": "CH"}, {"import": 0, "export": 1495, "id": "MT"}, {"import": 0, "export": 0, "id": "BH"}, {"import": 0, "export": 0, "id": "BG"}, {"import": 0, "export": 0, "id": "CD"}, {"import": 0, "export": 0, "id": "MA"}, {"import": 0, "export": 0, "id": "LV"}, {"import": 0, "export": 0, "id": "EG"}, {"import": 0, "export": 0, "id": "RW"}, {"import": 0, "export": 0, "id": "SC"}, {"import": 0, "export": 0, "id": "NZ"}], "import": 12574915, "export": 3632564}]