[{"date": "2018-11-01", "list": [{"import": 0, "export": 0, "id": "GY"}, {"import": 0, "export": 0, "id": "PK"}, {"import": 0, "export": 0, "id": "VN"}, {"import": 9594, "export": 46303, "id": "BG"}, {"import": 10836, "export": 53, "id": "BE"}, {"import": 10639, "export": 0, "id": "IT"}, {"import": 2075, "export": 48, "id": "NL"}, {"import": 800, "export": 1649, "id": "DE"}, {"import": 12, "export": 7, "id": "GB"}, {"import": 0, "export": 49600, "id": "ES"}, {"import": 0, "export": 0, "id": "TH"}, {"import": 0, "export": 0, "id": "LT"}, {"import": 0, "export": 297840, "id": "PL"}, {"import": 0, "export": 104600, "id": "RO"}, {"import": 0, "export": 0, "id": "RU"}, {"import": 0, "export": 0, "id": "RS"}, {"import": 0, "export": 0, "id": "IN"}, {"import": 0, "export": 0, "id": "HU"}, {"import": 0, "export": 0, "id": "MM"}, {"import": 0, "export": 0, "id": "KH"}, {"import": 6500, "export": 19351, "id": "CY"}, {"import": 0, "export": 0, "id": "DK"}, {"import": 0, "export": 0, "id": "US"}, {"import": 0, "export": 0, "id": "PT"}, {"import": 0, "export": 0, "id": "SK"}, {"import": 0, "export": 0, "id": "SE"}, {"import": 0, "export": 682630, "id": "TR"}, {"import": 0, "export": 0, "id": "MK"}, {"import": 0, "export": 0, "id": "IL"}, {"import": 0, "export": 0, "id": "MT"}, {"import": 0, "export": 0, "id": "-"}, {"import": 0, "export": 0, "id": "FR"}, {"import": 0, "export": 0, "id": "AL"}, {"import": 0, "export": 1440, "id": "AU"}, {"import": 0, "export": 0, "id": "AT"}], "import": 40456, "export": 1203521}, {"date": "2018-12-01", "list": [{"import": 0, "export": 0, "id": "GY"}, {"import": 0, "export": 0, "id": "PK"}, {"import": 0, "export": 0, "id": "VN"}, {"import": 114620, "export": 39943, "id": "BG"}, {"import": 16158, "export": 0, "id": "BE"}, {"import": 7892, "export": 0, "id": "IT"}, {"import": 936, "export": 120, "id": "NL"}, {"import": 0, "export": 10336, "id": "DE"}, {"import": 11, "export": 282, "id": "GB"}, {"import": 23100, "export": 0, "id": "ES"}, {"import": 0, "export": 0, "id": "TH"}, {"import": 0, "export": 0, "id": "LT"}, {"import": 0, "export": 503750, "id": "PL"}, {"import": 0, "export": 0, "id": "RO"}, {"import": 0, "export": 0, "id": "RU"}, {"import": 0, "export": 0, "id": "RS"}, {"import": 0, "export": 0, "id": "IN"}, {"import": 0, "export": 0, "id": "HU"}, {"import": 0, "export": 0, "id": "MM"}, {"import": 0, "export": 0, "id": "KH"}, {"import": 0, "export": 49206, "id": "CY"}, {"import": 0, "export": 0, "id": "DK"}, {"import": 0, "export": 0, "id": "US"}, {"import": 0, "export": 0, "id": "PT"}, {"import": 0, "export": 0, "id": "SK"}, {"import": 0, "export": 0, "id": "SE"}, {"import": 0, "export": 3521350, "id": "TR"}, {"import": 0, "export": 0, "id": "MK"}, {"import": 0, "export": 0, "id": "IL"}, {"import": 0, "export": 0, "id": "MT"}, {"import": 0, "export": 0, "id": "-"}, {"import": 0, "export": 0, "id": "FR"}, {"import": 0, "export": 423, "id": "AL"}, {"import": 0, "export": 0, "id": "AU"}, {"import": 0, "export": 0, "id": "AT"}], "import": 162717, "export": 4125410}, {"date": "2019-01-01", "list": [{"import": 4000030, "export": 0, "id": "GY"}, {"import": 0, "export": 0, "id": "PK"}, {"import": 0, "export": 0, "id": "VN"}, {"import": 351018, "export": 26441, "id": "BG"}, {"import": 14646, "export": 0, "id": "BE"}, {"import": 2743, "export": 0, "id": "IT"}, {"import": 2481, "export": 0, "id": "NL"}, {"import": 80, "export": 1257, "id": "DE"}, {"import": 0, "export": 0, "id": "GB"}, {"import": 0, "export": 0, "id": "ES"}, {"import": 22734, "export": 0, "id": "TH"}, {"import": 0, "export": 0, "id": "LT"}, {"import": 0, "export": 382080, "id": "PL"}, {"import": 0, "export": 0, "id": "RO"}, {"import": 0, "export": 0, "id": "RU"}, {"import": 0, "export": 0, "id": "RS"}, {"import": 0, "export": 0, "id": "IN"}, {"import": 0, "export": 0, "id": "HU"}, {"import": 0, "export": 0, "id": "MM"}, {"import": 0, "export": 0, "id": "KH"}, {"import": 350, "export": 216, "id": "CY"}, {"import": 0, "export": 0, "id": "DK"}, {"import": 0, "export": 0, "id": "US"}, {"import": 0, "export": 0, "id": "PT"}, {"import": 0, "export": 0, "id": "SK"}, {"import": 0, "export": 0, "id": "SE"}, {"import": 0, "export": 2462140, "id": "TR"}, {"import": 0, "export": 0, "id": "MK"}, {"import": 0, "export": 0, "id": "IL"}, {"import": 0, "export": 0, "id": "MT"}, {"import": 0, "export": 0, "id": "-"}, {"import": 0, "export": 0, "id": "FR"}, {"import": 0, "export": 0, "id": "AL"}, {"import": 0, "export": 0, "id": "AU"}, {"import": 0, "export": 0, "id": "AT"}], "import": 4394082, "export": 2872134}, {"date": "2019-02-01", "list": [{"import": 0, "export": 0, "id": "GY"}, {"import": 264000, "export": 0, "id": "PK"}, {"import": 24988, "export": 0, "id": "VN"}, {"import": 101680, "export": 115926, "id": "BG"}, {"import": 0, "export": 0, "id": "BE"}, {"import": 9739, "export": 48000, "id": "IT"}, {"import": 231, "export": 1000, "id": "NL"}, {"import": 0, "export": 0, "id": "DE"}, {"import": 5, "export": 17, "id": "GB"}, {"import": 0, "export": 0, "id": "ES"}, {"import": 0, "export": 0, "id": "TH"}, {"import": 1000, "export": 0, "id": "LT"}, {"import": 0, "export": 403670, "id": "PL"}, {"import": 0, "export": 18000, "id": "RO"}, {"import": 0, "export": 0, "id": "RU"}, {"import": 0, "export": 0, "id": "RS"}, {"import": 0, "export": 0, "id": "IN"}, {"import": 0, "export": 5000, "id": "HU"}, {"import": 0, "export": 0, "id": "MM"}, {"import": 0, "export": 0, "id": "KH"}, {"import": 0, "export": 364, "id": "CY"}, {"import": 0, "export": 0, "id": "DK"}, {"import": 0, "export": 0, "id": "US"}, {"import": 0, "export": 64800, "id": "PT"}, {"import": 0, "export": 0, "id": "SK"}, {"import": 0, "export": 0, "id": "SE"}, {"import": 0, "export": 1813530, "id": "TR"}, {"import": 0, "export": 870, "id": "MK"}, {"import": 0, "export": 0, "id": "IL"}, {"import": 0, "export": 0, "id": "MT"}, {"import": 0, "export": 0, "id": "-"}, {"import": 0, "export": 0, "id": "FR"}, {"import": 0, "export": 0, "id": "AL"}, {"import": 0, "export": 0, "id": "AU"}, {"import": 0, "export": 0, "id": "AT"}], "import": 401643, "export": 2471177}, {"date": "2019-03-01", "list": [{"import": 0, "export": 0, "id": "GY"}, {"import": 0, "export": 0, "id": "PK"}, {"import": 0, "export": 0, "id": "VN"}, {"import": 6238, "export": 63985, "id": "BG"}, {"import": 25596, "export": 12, "id": "BE"}, {"import": 7826, "export": 0, "id": "IT"}, {"import": 708, "export": 363, "id": "NL"}, {"import": 0, "export": 566, "id": "DE"}, {"import": 0, "export": 24154, "id": "GB"}, {"import": 23100, "export": 0, "id": "ES"}, {"import": 0, "export": 0, "id": "TH"}, {"import": 0, "export": 0, "id": "LT"}, {"import": 0, "export": 561150, "id": "PL"}, {"import": 0, "export": 0, "id": "RO"}, {"import": 0, "export": 0, "id": "RU"}, {"import": 0, "export": 0, "id": "RS"}, {"import": 0, "export": 0, "id": "IN"}, {"import": 1000, "export": 37100, "id": "HU"}, {"import": 0, "export": 0, "id": "MM"}, {"import": 10000, "export": 0, "id": "KH"}, {"import": 0, "export": 1800, "id": "CY"}, {"import": 560, "export": 0, "id": "DK"}, {"import": 0, "export": 0, "id": "US"}, {"import": 0, "export": 140900, "id": "PT"}, {"import": 0, "export": 0, "id": "SK"}, {"import": 0, "export": 0, "id": "SE"}, {"import": 0, "export": 0, "id": "TR"}, {"import": 0, "export": 0, "id": "MK"}, {"import": 0, "export": 0, "id": "IL"}, {"import": 0, "export": 0, "id": "MT"}, {"import": 0, "export": 0, "id": "-"}, {"import": 0, "export": 0, "id": "FR"}, {"import": 0, "export": 0, "id": "AL"}, {"import": 0, "export": 0, "id": "AU"}, {"import": 0, "export": 547, "id": "AT"}], "import": 75028, "export": 830577}, {"date": "2019-04-01", "list": [{"import": 0, "export": 0, "id": "GY"}, {"import": 0, "export": 0, "id": "PK"}, {"import": 0, "export": 0, "id": "VN"}, {"import": 0, "export": 400131, "id": "BG"}, {"import": 20, "export": 210800, "id": "BE"}, {"import": 10966, "export": 0, "id": "IT"}, {"import": 17594, "export": 0, "id": "NL"}, {"import": 0, "export": 5351, "id": "DE"}, {"import": 30, "export": 3013, "id": "GB"}, {"import": 0, "export": 0, "id": "ES"}, {"import": 0, "export": 0, "id": "TH"}, {"import": 0, "export": 0, "id": "LT"}, {"import": 10095, "export": 834000, "id": "PL"}, {"import": 0, "export": 15000, "id": "RO"}, {"import": 0, "export": 0, "id": "RU"}, {"import": 10000, "export": 10000, "id": "RS"}, {"import": 0, "export": 0, "id": "IN"}, {"import": 0, "export": 0, "id": "HU"}, {"import": 0, "export": 0, "id": "MM"}, {"import": 0, "export": 0, "id": "KH"}, {"import": 0, "export": 1740, "id": "CY"}, {"import": 1320, "export": 0, "id": "DK"}, {"import": 0, "export": 0, "id": "US"}, {"import": 0, "export": 216570, "id": "PT"}, {"import": 0, "export": 0, "id": "SK"}, {"import": 0, "export": 0, "id": "SE"}, {"import": 0, "export": 240000, "id": "TR"}, {"import": 0, "export": 1056, "id": "MK"}, {"import": 0, "export": 0, "id": "IL"}, {"import": 0, "export": 0, "id": "MT"}, {"import": 0, "export": 37083, "id": "-"}, {"import": 0, "export": 0, "id": "FR"}, {"import": 0, "export": 0, "id": "AL"}, {"import": 0, "export": 0, "id": "AU"}, {"import": 0, "export": 0, "id": "AT"}], "import": 50025, "export": 1974744}, {"date": "2019-05-01", "list": [{"import": 0, "export": 0, "id": "GY"}, {"import": 0, "export": 0, "id": "PK"}, {"import": 0, "export": 0, "id": "VN"}, {"import": 3533, "export": 203767, "id": "BG"}, {"import": 21476, "export": 58, "id": "BE"}, {"import": 4686, "export": 0, "id": "IT"}, {"import": 423, "export": 0, "id": "NL"}, {"import": 91, "export": 870, "id": "DE"}, {"import": 0, "export": 0, "id": "GB"}, {"import": 0, "export": 0, "id": "ES"}, {"import": 0, "export": 0, "id": "TH"}, {"import": 0, "export": 0, "id": "LT"}, {"import": 0, "export": 508000, "id": "PL"}, {"import": 0, "export": 560, "id": "RO"}, {"import": 0, "export": 0, "id": "RU"}, {"import": 0, "export": 6000, "id": "RS"}, {"import": 0, "export": 0, "id": "IN"}, {"import": 0, "export": 0, "id": "HU"}, {"import": 0, "export": 0, "id": "MM"}, {"import": 0, "export": 0, "id": "KH"}, {"import": 400, "export": 26696, "id": "CY"}, {"import": 0, "export": 0, "id": "DK"}, {"import": 0, "export": 0, "id": "US"}, {"import": 0, "export": 0, "id": "PT"}, {"import": 0, "export": 0, "id": "SK"}, {"import": 0, "export": 0, "id": "SE"}, {"import": 0, "export": 0, "id": "TR"}, {"import": 0, "export": 1248, "id": "MK"}, {"import": 0, "export": 46000, "id": "IL"}, {"import": 0, "export": 0, "id": "MT"}, {"import": 0, "export": 0, "id": "-"}, {"import": 0, "export": 0, "id": "FR"}, {"import": 0, "export": 0, "id": "AL"}, {"import": 0, "export": 0, "id": "AU"}, {"import": 0, "export": 0, "id": "AT"}], "import": 30609, "export": 793199}, {"date": "2019-06-01", "list": [{"import": 1111820, "export": 0, "id": "GY"}, {"import": 75000, "export": 0, "id": "PK"}, {"import": 0, "export": 0, "id": "VN"}, {"import": 0, "export": 186454, "id": "BG"}, {"import": 5124, "export": 0, "id": "BE"}, {"import": 1468, "export": 0, "id": "IT"}, {"import": 5480, "export": 1140, "id": "NL"}, {"import": 20, "export": 20010, "id": "DE"}, {"import": 0, "export": 0, "id": "GB"}, {"import": 0, "export": 0, "id": "ES"}, {"import": 0, "export": 0, "id": "TH"}, {"import": 0, "export": 0, "id": "LT"}, {"import": 2200, "export": 637520, "id": "PL"}, {"import": 0, "export": 0, "id": "RO"}, {"import": 0, "export": 0, "id": "RU"}, {"import": 0, "export": 0, "id": "RS"}, {"import": 0, "export": 0, "id": "IN"}, {"import": 0, "export": 12000, "id": "HU"}, {"import": 250000, "export": 0, "id": "MM"}, {"import": 0, "export": 0, "id": "KH"}, {"import": 0, "export": 504, "id": "CY"}, {"import": 0, "export": 0, "id": "DK"}, {"import": 0, "export": 0, "id": "US"}, {"import": 0, "export": 0, "id": "PT"}, {"import": 0, "export": 24200, "id": "SK"}, {"import": 0, "export": 0, "id": "SE"}, {"import": 0, "export": 0, "id": "TR"}, {"import": 0, "export": 0, "id": "MK"}, {"import": 0, "export": 0, "id": "IL"}, {"import": 0, "export": 0, "id": "MT"}, {"import": 0, "export": 0, "id": "-"}, {"import": 0, "export": 13200, "id": "FR"}, {"import": 0, "export": 10000, "id": "AL"}, {"import": 0, "export": 0, "id": "AU"}, {"import": 0, "export": 0, "id": "AT"}], "import": 1451112, "export": 905028}, {"date": "2019-07-01", "list": [{"import": 378010, "export": 0, "id": "GY"}, {"import": 144000, "export": 0, "id": "PK"}, {"import": 0, "export": 0, "id": "VN"}, {"import": 0, "export": 372725, "id": "BG"}, {"import": 10172, "export": 0, "id": "BE"}, {"import": 9803, "export": 0, "id": "IT"}, {"import": 6195, "export": 0, "id": "NL"}, {"import": 454, "export": 754, "id": "DE"}, {"import": 0, "export": 0, "id": "GB"}, {"import": 0, "export": 0, "id": "ES"}, {"import": 0, "export": 0, "id": "TH"}, {"import": 0, "export": 0, "id": "LT"}, {"import": 0, "export": 812000, "id": "PL"}, {"import": 0, "export": 0, "id": "RO"}, {"import": 0, "export": 0, "id": "RU"}, {"import": 0, "export": 0, "id": "RS"}, {"import": 0, "export": 0, "id": "IN"}, {"import": 0, "export": 0, "id": "HU"}, {"import": 250000, "export": 0, "id": "MM"}, {"import": 0, "export": 0, "id": "KH"}, {"import": 0, "export": 944, "id": "CY"}, {"import": 0, "export": 0, "id": "DK"}, {"import": 0, "export": 0, "id": "US"}, {"import": 0, "export": 0, "id": "PT"}, {"import": 0, "export": 0, "id": "SK"}, {"import": 0, "export": 0, "id": "SE"}, {"import": 0, "export": 0, "id": "TR"}, {"import": 0, "export": 49320, "id": "MK"}, {"import": 0, "export": 0, "id": "IL"}, {"import": 0, "export": 0, "id": "MT"}, {"import": 0, "export": 0, "id": "-"}, {"import": 0, "export": 0, "id": "FR"}, {"import": 0, "export": 435, "id": "AL"}, {"import": 0, "export": 0, "id": "AU"}, {"import": 0, "export": 0, "id": "AT"}], "import": 798634, "export": 1236178}, {"date": "2019-08-01", "list": [{"import": 0, "export": 0, "id": "GY"}, {"import": 0, "export": 0, "id": "PK"}, {"import": 0, "export": 0, "id": "VN"}, {"import": 0, "export": 312110, "id": "BG"}, {"import": 41778, "export": 0, "id": "BE"}, {"import": 2295, "export": 0, "id": "IT"}, {"import": 809, "export": 0, "id": "NL"}, {"import": 0, "export": 0, "id": "DE"}, {"import": 5, "export": 1, "id": "GB"}, {"import": 0, "export": 0, "id": "ES"}, {"import": 0, "export": 0, "id": "TH"}, {"import": 0, "export": 0, "id": "LT"}, {"import": 0, "export": 430000, "id": "PL"}, {"import": 0, "export": 24638, "id": "RO"}, {"import": 0, "export": 0, "id": "RU"}, {"import": 0, "export": 0, "id": "RS"}, {"import": 0, "export": 0, "id": "IN"}, {"import": 1000, "export": 0, "id": "HU"}, {"import": 250000, "export": 0, "id": "MM"}, {"import": 0, "export": 0, "id": "KH"}, {"import": 0, "export": 648, "id": "CY"}, {"import": 0, "export": 0, "id": "DK"}, {"import": 0, "export": 0, "id": "US"}, {"import": 0, "export": 0, "id": "PT"}, {"import": 0, "export": 0, "id": "SK"}, {"import": 0, "export": 0, "id": "SE"}, {"import": 0, "export": 0, "id": "TR"}, {"import": 0, "export": 24000, "id": "MK"}, {"import": 0, "export": 92000, "id": "IL"}, {"import": 0, "export": 0, "id": "MT"}, {"import": 0, "export": 0, "id": "-"}, {"import": 0, "export": 0, "id": "FR"}, {"import": 0, "export": 0, "id": "AL"}, {"import": 0, "export": 0, "id": "AU"}, {"import": 0, "export": 0, "id": "AT"}], "import": 295887, "export": 883397}, {"date": "2019-09-01", "list": [{"import": 126140, "export": 0, "id": "GY"}, {"import": 250000, "export": 0, "id": "PK"}, {"import": 0, "export": 0, "id": "VN"}, {"import": 0, "export": 277156, "id": "BG"}, {"import": 14976, "export": 101, "id": "BE"}, {"import": 7384, "export": 0, "id": "IT"}, {"import": 4008, "export": 150, "id": "NL"}, {"import": 20, "export": 2260, "id": "DE"}, {"import": 0, "export": 0, "id": "GB"}, {"import": 0, "export": 0, "id": "ES"}, {"import": 0, "export": 0, "id": "TH"}, {"import": 0, "export": 0, "id": "LT"}, {"import": 0, "export": 385200, "id": "PL"}, {"import": 0, "export": 0, "id": "RO"}, {"import": 792, "export": 0, "id": "RU"}, {"import": 0, "export": 0, "id": "RS"}, {"import": 0, "export": 0, "id": "IN"}, {"import": 0, "export": 76000, "id": "HU"}, {"import": 250000, "export": 0, "id": "MM"}, {"import": 0, "export": 0, "id": "KH"}, {"import": 0, "export": 368, "id": "CY"}, {"import": 0, "export": 0, "id": "DK"}, {"import": 0, "export": 300, "id": "US"}, {"import": 0, "export": 0, "id": "PT"}, {"import": 0, "export": 0, "id": "SK"}, {"import": 0, "export": 0, "id": "SE"}, {"import": 0, "export": 0, "id": "TR"}, {"import": 0, "export": 72000, "id": "MK"}, {"import": 0, "export": 92000, "id": "IL"}, {"import": 0, "export": 0, "id": "MT"}, {"import": 0, "export": 0, "id": "-"}, {"import": 0, "export": 0, "id": "FR"}, {"import": 0, "export": 0, "id": "AL"}, {"import": 0, "export": 0, "id": "AU"}, {"import": 0, "export": 0, "id": "AT"}], "import": 653320, "export": 905535}, {"date": "2019-10-01", "list": [{"import": 0, "export": 0, "id": "GY"}, {"import": 24000, "export": 0, "id": "PK"}, {"import": 25056, "export": 0, "id": "VN"}, {"import": 0, "export": 47130, "id": "BG"}, {"import": 19494, "export": 0, "id": "BE"}, {"import": 2618, "export": 0, "id": "IT"}, {"import": 2648, "export": 1000, "id": "NL"}, {"import": 812, "export": 2150, "id": "DE"}, {"import": 40, "export": 10, "id": "GB"}, {"import": 0, "export": 0, "id": "ES"}, {"import": 0, "export": 0, "id": "TH"}, {"import": 0, "export": 0, "id": "LT"}, {"import": 0, "export": 785470, "id": "PL"}, {"import": 0, "export": 14000, "id": "RO"}, {"import": 0, "export": 0, "id": "RU"}, {"import": 0, "export": 0, "id": "RS"}, {"import": 0, "export": 0, "id": "IN"}, {"import": 0, "export": 63170, "id": "HU"}, {"import": 250000, "export": 0, "id": "MM"}, {"import": 0, "export": 0, "id": "KH"}, {"import": 0, "export": 48815, "id": "CY"}, {"import": 0, "export": 0, "id": "DK"}, {"import": 0, "export": 0, "id": "US"}, {"import": 0, "export": 0, "id": "PT"}, {"import": 0, "export": 0, "id": "SK"}, {"import": 0, "export": 0, "id": "SE"}, {"import": 0, "export": 0, "id": "TR"}, {"import": 0, "export": 97146, "id": "MK"}, {"import": 0, "export": 92000, "id": "IL"}, {"import": 0, "export": 0, "id": "MT"}, {"import": 0, "export": 0, "id": "-"}, {"import": 0, "export": 0, "id": "FR"}, {"import": 0, "export": 0, "id": "AL"}, {"import": 0, "export": 0, "id": "AU"}, {"import": 0, "export": 0, "id": "AT"}], "import": 324668, "export": 1150891}, {"date": "2019-11-01", "list": [{"import": 0, "export": 0, "id": "GY"}, {"import": 49500, "export": 0, "id": "PK"}, {"import": 0, "export": 0, "id": "VN"}, {"import": 0, "export": 41390, "id": "BG"}, {"import": 5346, "export": 231949, "id": "BE"}, {"import": 7140, "export": 0, "id": "IT"}, {"import": 1929, "export": 0, "id": "NL"}, {"import": 200, "export": 211, "id": "DE"}, {"import": 3, "export": 3, "id": "GB"}, {"import": 0, "export": 0, "id": "ES"}, {"import": 0, "export": 0, "id": "TH"}, {"import": 0, "export": 0, "id": "LT"}, {"import": 0, "export": 429920, "id": "PL"}, {"import": 0, "export": 0, "id": "RO"}, {"import": 0, "export": 0, "id": "RU"}, {"import": 0, "export": 0, "id": "RS"}, {"import": 0, "export": 0, "id": "IN"}, {"import": 0, "export": 24940, "id": "HU"}, {"import": 0, "export": 0, "id": "MM"}, {"import": 24000, "export": 0, "id": "KH"}, {"import": 0, "export": 29856, "id": "CY"}, {"import": 1094, "export": 0, "id": "DK"}, {"import": 0, "export": 0, "id": "US"}, {"import": 0, "export": 0, "id": "PT"}, {"import": 0, "export": 0, "id": "SK"}, {"import": 0, "export": 440, "id": "SE"}, {"import": 0, "export": 75230, "id": "TR"}, {"import": 0, "export": 144000, "id": "MK"}, {"import": 0, "export": 92000, "id": "IL"}, {"import": 0, "export": 0, "id": "MT"}, {"import": 0, "export": 0, "id": "-"}, {"import": 0, "export": 0, "id": "FR"}, {"import": 0, "export": 0, "id": "AL"}, {"import": 0, "export": 1440, "id": "AU"}, {"import": 0, "export": 0, "id": "AT"}], "import": 89212, "export": 1071379}, {"date": "2019-12-01", "list": [{"import": 0, "export": 0, "id": "GY"}, {"import": 24000, "export": 0, "id": "PK"}, {"import": 0, "export": 0, "id": "VN"}, {"import": 8000, "export": 24228, "id": "BG"}, {"import": 30900, "export": 0, "id": "BE"}, {"import": 194, "export": 24000, "id": "IT"}, {"import": 1873, "export": 0, "id": "NL"}, {"import": 0, "export": 953, "id": "DE"}, {"import": 25, "export": 52, "id": "GB"}, {"import": 0, "export": 0, "id": "ES"}, {"import": 0, "export": 0, "id": "TH"}, {"import": 0, "export": 0, "id": "LT"}, {"import": 0, "export": 182400, "id": "PL"}, {"import": 4358, "export": 0, "id": "RO"}, {"import": 0, "export": 0, "id": "RU"}, {"import": 0, "export": 0, "id": "RS"}, {"import": 0, "export": 0, "id": "IN"}, {"import": 0, "export": 0, "id": "HU"}, {"import": 0, "export": 0, "id": "MM"}, {"import": 0, "export": 0, "id": "KH"}, {"import": 0, "export": 2025, "id": "CY"}, {"import": 0, "export": 0, "id": "DK"}, {"import": 0, "export": 0, "id": "US"}, {"import": 0, "export": 0, "id": "PT"}, {"import": 0, "export": 0, "id": "SK"}, {"import": 0, "export": 0, "id": "SE"}, {"import": 0, "export": 0, "id": "TR"}, {"import": 0, "export": 25566, "id": "MK"}, {"import": 0, "export": 46000, "id": "IL"}, {"import": 0, "export": 0, "id": "MT"}, {"import": 0, "export": 0, "id": "-"}, {"import": 0, "export": 0, "id": "FR"}, {"import": 0, "export": 0, "id": "AL"}, {"import": 0, "export": 0, "id": "AU"}, {"import": 0, "export": 0, "id": "AT"}], "import": 69350, "export": 305224}, {"date": "2020-01-01", "list": [{"import": 0, "export": 0, "id": "GY"}, {"import": 0, "export": 0, "id": "PK"}, {"import": 0, "export": 0, "id": "VN"}, {"import": 0, "export": 56844, "id": "BG"}, {"import": 16200, "export": 25000, "id": "BE"}, {"import": 163, "export": 0, "id": "IT"}, {"import": 3670, "export": 0, "id": "NL"}, {"import": 0, "export": 14951, "id": "DE"}, {"import": 150, "export": 20, "id": "GB"}, {"import": 0, "export": 0, "id": "ES"}, {"import": 0, "export": 0, "id": "TH"}, {"import": 0, "export": 0, "id": "LT"}, {"import": 1200, "export": 382000, "id": "PL"}, {"import": 0, "export": 0, "id": "RO"}, {"import": 0, "export": 0, "id": "RU"}, {"import": 0, "export": 0, "id": "RS"}, {"import": 0, "export": 0, "id": "IN"}, {"import": 1000, "export": 0, "id": "HU"}, {"import": 50000, "export": 0, "id": "MM"}, {"import": 0, "export": 0, "id": "KH"}, {"import": 100, "export": 4185, "id": "CY"}, {"import": 0, "export": 0, "id": "DK"}, {"import": 0, "export": 2160, "id": "US"}, {"import": 0, "export": 0, "id": "PT"}, {"import": 0, "export": 0, "id": "SK"}, {"import": 0, "export": 0, "id": "SE"}, {"import": 0, "export": 0, "id": "TR"}, {"import": 0, "export": 462, "id": "MK"}, {"import": 0, "export": 46000, "id": "IL"}, {"import": 0, "export": 0, "id": "MT"}, {"import": 0, "export": 0, "id": "-"}, {"import": 0, "export": 0, "id": "FR"}, {"import": 0, "export": 0, "id": "AL"}, {"import": 0, "export": 0, "id": "AU"}, {"import": 0, "export": 0, "id": "AT"}], "import": 72483, "export": 531622}, {"date": "2020-02-01", "list": [{"import": 0, "export": 0, "id": "GY"}, {"import": 125000, "export": 0, "id": "PK"}, {"import": 24194, "export": 0, "id": "VN"}, {"import": 0, "export": 67925, "id": "BG"}, {"import": 34314, "export": 70, "id": "BE"}, {"import": 10736, "export": 0, "id": "IT"}, {"import": 1336, "export": 180, "id": "NL"}, {"import": 0, "export": 1253, "id": "DE"}, {"import": 861, "export": 0, "id": "GB"}, {"import": 0, "export": 0, "id": "ES"}, {"import": 0, "export": 0, "id": "TH"}, {"import": 0, "export": 0, "id": "LT"}, {"import": 0, "export": 606000, "id": "PL"}, {"import": 0, "export": 0, "id": "RO"}, {"import": 0, "export": 0, "id": "RU"}, {"import": 0, "export": 0, "id": "RS"}, {"import": 0, "export": 0, "id": "IN"}, {"import": 0, "export": 0, "id": "HU"}, {"import": 0, "export": 0, "id": "MM"}, {"import": 0, "export": 0, "id": "KH"}, {"import": 0, "export": 4368, "id": "CY"}, {"import": 0, "export": 0, "id": "DK"}, {"import": 0, "export": 0, "id": "US"}, {"import": 0, "export": 0, "id": "PT"}, {"import": 0, "export": 0, "id": "SK"}, {"import": 0, "export": 0, "id": "SE"}, {"import": 0, "export": 0, "id": "TR"}, {"import": 0, "export": 12000, "id": "MK"}, {"import": 0, "export": 46000, "id": "IL"}, {"import": 0, "export": 0, "id": "MT"}, {"import": 0, "export": 0, "id": "-"}, {"import": 0, "export": 0, "id": "FR"}, {"import": 0, "export": 0, "id": "AL"}, {"import": 0, "export": 0, "id": "AU"}, {"import": 0, "export": 0, "id": "AT"}], "import": 196441, "export": 737796}, {"date": "2020-03-01", "list": [{"import": 0, "export": 0, "id": "GY"}, {"import": 125000, "export": 0, "id": "PK"}, {"import": 0, "export": 0, "id": "VN"}, {"import": 763530, "export": 401454, "id": "BG"}, {"import": 8868, "export": 76840, "id": "BE"}, {"import": 416, "export": 19987, "id": "IT"}, {"import": 787, "export": 960, "id": "NL"}, {"import": 1586, "export": 27746, "id": "DE"}, {"import": 125, "export": 77, "id": "GB"}, {"import": 0, "export": 0, "id": "ES"}, {"import": 0, "export": 0, "id": "TH"}, {"import": 0, "export": 0, "id": "LT"}, {"import": 0, "export": 995140, "id": "PL"}, {"import": 0, "export": 156000, "id": "RO"}, {"import": 0, "export": 0, "id": "RU"}, {"import": 0, "export": 0, "id": "RS"}, {"import": 0, "export": 0, "id": "IN"}, {"import": 0, "export": 0, "id": "HU"}, {"import": 250000, "export": 0, "id": "MM"}, {"import": 0, "export": 0, "id": "KH"}, {"import": 0, "export": 3295, "id": "CY"}, {"import": 0, "export": 0, "id": "DK"}, {"import": 0, "export": 0, "id": "US"}, {"import": 0, "export": 0, "id": "PT"}, {"import": 0, "export": 0, "id": "SK"}, {"import": 0, "export": 0, "id": "SE"}, {"import": 0, "export": 0, "id": "TR"}, {"import": 0, "export": 43170, "id": "MK"}, {"import": 0, "export": 46000, "id": "IL"}, {"import": 0, "export": 750, "id": "MT"}, {"import": 0, "export": 0, "id": "-"}, {"import": 0, "export": 0, "id": "FR"}, {"import": 0, "export": 0, "id": "AL"}, {"import": 0, "export": 0, "id": "AU"}, {"import": 0, "export": 0, "id": "AT"}], "import": 1150312, "export": 1771419}, {"date": "2020-04-01", "list": [{"import": 0, "export": 0, "id": "GY"}, {"import": 0, "export": 0, "id": "PK"}, {"import": 0, "export": 0, "id": "VN"}, {"import": 0, "export": 581098, "id": "BG"}, {"import": 5424, "export": 187, "id": "BE"}, {"import": 36, "export": 24000, "id": "IT"}, {"import": 0, "export": 0, "id": "NL"}, {"import": 0, "export": 35972, "id": "DE"}, {"import": 458, "export": 72, "id": "GB"}, {"import": 0, "export": 0, "id": "ES"}, {"import": 0, "export": 0, "id": "TH"}, {"import": 0, "export": 0, "id": "LT"}, {"import": 0, "export": 236490, "id": "PL"}, {"import": 0, "export": 107000, "id": "RO"}, {"import": 0, "export": 0, "id": "RU"}, {"import": 0, "export": 24000, "id": "RS"}, {"import": 200000, "export": 0, "id": "IN"}, {"import": 0, "export": 48000, "id": "HU"}, {"import": 0, "export": 0, "id": "MM"}, {"import": 0, "export": 0, "id": "KH"}, {"import": 60, "export": 2782, "id": "CY"}, {"import": 0, "export": 0, "id": "DK"}, {"import": 0, "export": 0, "id": "US"}, {"import": 0, "export": 0, "id": "PT"}, {"import": 0, "export": 0, "id": "SK"}, {"import": 0, "export": 0, "id": "SE"}, {"import": 0, "export": 0, "id": "TR"}, {"import": 0, "export": 48000, "id": "MK"}, {"import": 0, "export": 115000, "id": "IL"}, {"import": 0, "export": 0, "id": "MT"}, {"import": 0, "export": 92160, "id": "-"}, {"import": 0, "export": 23830, "id": "FR"}, {"import": 0, "export": 0, "id": "AL"}, {"import": 0, "export": 0, "id": "AU"}, {"import": 0, "export": 0, "id": "AT"}], "import": 205978, "export": 1338591}]