[{"date": "2015-03-01", "list": [{"import": 0, "export": 0, "id": "RU"}, {"import": 0, "export": 0, "id": "IN"}, {"import": 0, "export": 0, "id": "BY"}], "import": 0, "export": 0}, {"date": "2015-04-01", "list": [{"import": 0, "export": 0, "id": "RU"}, {"import": 0, "export": 0, "id": "IN"}, {"import": 0, "export": 0, "id": "BY"}], "import": 0, "export": 0}, {"date": "2015-05-01", "list": [{"import": 0, "export": 0, "id": "RU"}, {"import": 0, "export": 0, "id": "IN"}, {"import": 0, "export": 0, "id": "BY"}], "import": 0, "export": 0}, {"date": "2015-06-01", "list": [{"import": 0, "export": 0, "id": "RU"}, {"import": 0, "export": 0, "id": "IN"}, {"import": 0, "export": 0, "id": "BY"}], "import": 0, "export": 0}, {"date": "2015-07-01", "list": [{"import": 0, "export": 0, "id": "RU"}, {"import": 0, "export": 0, "id": "IN"}, {"import": 0, "export": 0, "id": "BY"}], "import": 0, "export": 0}, {"date": "2015-08-01", "list": [{"import": 0, "export": 0, "id": "RU"}, {"import": 0, "export": 0, "id": "IN"}, {"import": 0, "export": 0, "id": "BY"}], "import": 0, "export": 0}, {"date": "2015-09-01", "list": [{"import": 0, "export": 0, "id": "RU"}, {"import": 0, "export": 0, "id": "IN"}, {"import": 0, "export": 0, "id": "BY"}], "import": 0, "export": 0}, {"date": "2015-10-01", "list": [{"import": 0, "export": 0, "id": "RU"}, {"import": 0, "export": 0, "id": "IN"}, {"import": 0, "export": 0, "id": "BY"}], "import": 0, "export": 0}, {"date": "2015-11-01", "list": [{"import": 0, "export": 0, "id": "RU"}, {"import": 0, "export": 0, "id": "IN"}, {"import": 40000, "export": 0, "id": "BY"}], "import": 40000, "export": 0}, {"date": "2015-12-01", "list": [{"import": 0, "export": 0, "id": "RU"}, {"import": 0, "export": 0, "id": "IN"}, {"import": 0, "export": 0, "id": "BY"}], "import": 0, "export": 0}, {"date": "2016-01-01", "list": [{"import": 0, "export": 0, "id": "RU"}, {"import": 0, "export": 0, "id": "IN"}, {"import": 75000, "export": 0, "id": "BY"}], "import": 75000, "export": 0}, {"date": "2016-02-01", "list": [{"import": 0, "export": 0, "id": "RU"}, {"import": 0, "export": 0, "id": "IN"}, {"import": 0, "export": 0, "id": "BY"}], "import": 0, "export": 0}, {"date": "2016-03-01", "list": [{"import": 0, "export": 0, "id": "RU"}, {"import": 0, "export": 0, "id": "IN"}, {"import": 0, "export": 0, "id": "BY"}], "import": 0, "export": 0}, {"date": "2016-04-01", "list": [{"import": 0, "export": 0, "id": "RU"}, {"import": 1980, "export": 0, "id": "IN"}, {"import": 0, "export": 0, "id": "BY"}], "import": 1980, "export": 0}, {"date": "2016-05-01", "list": [{"import": 0, "export": 0, "id": "RU"}, {"import": 0, "export": 0, "id": "IN"}, {"import": 0, "export": 0, "id": "BY"}], "import": 0, "export": 0}, {"date": "2016-06-01", "list": [{"import": 0, "export": 0, "id": "RU"}, {"import": 0, "export": 0, "id": "IN"}, {"import": 0, "export": 0, "id": "BY"}], "import": 0, "export": 0}, {"date": "2016-07-01", "list": [{"import": 210, "export": 0, "id": "RU"}, {"import": 0, "export": 0, "id": "IN"}, {"import": 0, "export": 0, "id": "BY"}], "import": 210, "export": 0}, {"date": "2016-08-01", "list": [{"import": 400, "export": 0, "id": "RU"}, {"import": 0, "export": 0, "id": "IN"}, {"import": 0, "export": 0, "id": "BY"}], "import": 400, "export": 0}, {"date": "2016-09-01", "list": [{"import": 600, "export": 0, "id": "RU"}, {"import": 0, "export": 0, "id": "IN"}, {"import": 0, "export": 0, "id": "BY"}], "import": 600, "export": 0}, {"date": "2016-10-01", "list": [{"import": 400, "export": 0, "id": "RU"}, {"import": 0, "export": 0, "id": "IN"}, {"import": 0, "export": 0, "id": "BY"}], "import": 400, "export": 0}]