[{"date": "2018-10-01", "list": [{"import": 0, "export": 0, "id": "UA"}, {"import": 95540, "export": 0, "id": "HU"}, {"import": 189, "export": 19, "id": "IT"}, {"import": 1000, "export": 0, "id": "LT"}, {"import": 0, "export": 0, "id": "NL"}, {"import": 0, "export": 0, "id": "SK"}, {"import": 0, "export": 0, "id": "VN"}, {"import": 0, "export": 0, "id": "CH"}, {"import": 0, "export": 0, "id": "AT"}, {"import": 0, "export": 24005, "id": "BE"}, {"import": 0, "export": 0, "id": "-"}, {"import": 60, "export": 7650, "id": "DE"}, {"import": 0, "export": 0, "id": "EE"}, {"import": 0, "export": 0, "id": "IE"}, {"import": 0, "export": 321, "id": "GB"}], "import": 96789, "export": 31995}, {"date": "2018-11-01", "list": [{"import": 0, "export": 0, "id": "UA"}, {"import": 71980, "export": 0, "id": "HU"}, {"import": 34034, "export": 0, "id": "IT"}, {"import": 0, "export": 0, "id": "LT"}, {"import": 0, "export": 0, "id": "NL"}, {"import": 0, "export": 0, "id": "SK"}, {"import": 0, "export": 0, "id": "VN"}, {"import": 0, "export": 0, "id": "CH"}, {"import": 1800, "export": 50, "id": "AT"}, {"import": 0, "export": 0, "id": "BE"}, {"import": 0, "export": 0, "id": "-"}, {"import": 0, "export": 0, "id": "DE"}, {"import": 0, "export": 0, "id": "EE"}, {"import": 0, "export": 0, "id": "IE"}, {"import": 0, "export": 453, "id": "GB"}], "import": 107814, "export": 503}, {"date": "2018-12-01", "list": [{"import": 0, "export": 0, "id": "UA"}, {"import": 24080, "export": 0, "id": "HU"}, {"import": 23077, "export": 0, "id": "IT"}, {"import": 0, "export": 0, "id": "LT"}, {"import": 0, "export": 0, "id": "NL"}, {"import": 0, "export": 0, "id": "SK"}, {"import": 0, "export": 0, "id": "VN"}, {"import": 0, "export": 0, "id": "CH"}, {"import": 0, "export": 0, "id": "AT"}, {"import": 0, "export": 0, "id": "BE"}, {"import": 0, "export": 0, "id": "-"}, {"import": 242, "export": 1220, "id": "DE"}, {"import": 0, "export": 0, "id": "EE"}, {"import": 0, "export": 0, "id": "IE"}, {"import": 0, "export": 468, "id": "GB"}], "import": 47399, "export": 1688}, {"date": "2019-01-01", "list": [{"import": 0, "export": 0, "id": "UA"}, {"import": 23720, "export": 0, "id": "HU"}, {"import": 0, "export": 0, "id": "IT"}, {"import": 0, "export": 0, "id": "LT"}, {"import": 0, "export": 0, "id": "NL"}, {"import": 0, "export": 0, "id": "SK"}, {"import": 0, "export": 0, "id": "VN"}, {"import": 0, "export": 0, "id": "CH"}, {"import": 2000, "export": 200, "id": "AT"}, {"import": 0, "export": 10005, "id": "BE"}, {"import": 45, "export": 9, "id": "-"}, {"import": 33, "export": 2427, "id": "DE"}, {"import": 0, "export": 0, "id": "EE"}, {"import": 0, "export": 0, "id": "IE"}, {"import": 0, "export": 0, "id": "GB"}], "import": 25798, "export": 12641}, {"date": "2019-02-01", "list": [{"import": 0, "export": 0, "id": "UA"}, {"import": 304608, "export": 500, "id": "HU"}, {"import": 640, "export": 0, "id": "IT"}, {"import": 0, "export": 0, "id": "LT"}, {"import": 0, "export": 0, "id": "NL"}, {"import": 0, "export": 0, "id": "SK"}, {"import": 0, "export": 0, "id": "VN"}, {"import": 0, "export": 0, "id": "CH"}, {"import": 0, "export": 343, "id": "AT"}, {"import": 80, "export": 1000, "id": "BE"}, {"import": 45, "export": 9, "id": "-"}, {"import": 33, "export": 3238, "id": "DE"}, {"import": 0, "export": 0, "id": "EE"}, {"import": 0, "export": 0, "id": "IE"}, {"import": 0, "export": 0, "id": "GB"}], "import": 305406, "export": 5090}, {"date": "2019-03-01", "list": [{"import": 0, "export": 0, "id": "UA"}, {"import": 48220, "export": 0, "id": "HU"}, {"import": 3360, "export": 0, "id": "IT"}, {"import": 0, "export": 0, "id": "LT"}, {"import": 0, "export": 0, "id": "NL"}, {"import": 0, "export": 0, "id": "SK"}, {"import": 0, "export": 0, "id": "VN"}, {"import": 0, "export": 0, "id": "CH"}, {"import": 0, "export": 0, "id": "AT"}, {"import": 0, "export": 24000, "id": "BE"}, {"import": 0, "export": 0, "id": "-"}, {"import": 14, "export": 2324, "id": "DE"}, {"import": 0, "export": 0, "id": "EE"}, {"import": 0, "export": 0, "id": "IE"}, {"import": 0, "export": 0, "id": "GB"}], "import": 51594, "export": 26324}, {"date": "2019-04-01", "list": [{"import": 0, "export": 0, "id": "UA"}, {"import": 48980, "export": 0, "id": "HU"}, {"import": 0, "export": 0, "id": "IT"}, {"import": 0, "export": 0, "id": "LT"}, {"import": 0, "export": 0, "id": "NL"}, {"import": 0, "export": 0, "id": "SK"}, {"import": 0, "export": 0, "id": "VN"}, {"import": 0, "export": 0, "id": "CH"}, {"import": 0, "export": 0, "id": "AT"}, {"import": 300, "export": 10005, "id": "BE"}, {"import": 0, "export": 0, "id": "-"}, {"import": 0, "export": 1704, "id": "DE"}, {"import": 0, "export": 0, "id": "EE"}, {"import": 0, "export": 0, "id": "IE"}, {"import": 0, "export": 1364, "id": "GB"}], "import": 49280, "export": 13073}, {"date": "2019-05-01", "list": [{"import": 0, "export": 0, "id": "UA"}, {"import": 0, "export": 0, "id": "HU"}, {"import": 640, "export": 0, "id": "IT"}, {"import": 0, "export": 0, "id": "LT"}, {"import": 168089, "export": 0, "id": "NL"}, {"import": 0, "export": 0, "id": "SK"}, {"import": 1605, "export": 0, "id": "VN"}, {"import": 0, "export": 0, "id": "CH"}, {"import": 0, "export": 0, "id": "AT"}, {"import": 0, "export": 34005, "id": "BE"}, {"import": 2, "export": 526, "id": "-"}, {"import": 1, "export": 424, "id": "DE"}, {"import": 0, "export": 0, "id": "EE"}, {"import": 0, "export": 415, "id": "IE"}, {"import": 0, "export": 0, "id": "GB"}], "import": 170337, "export": 35370}, {"date": "2019-06-01", "list": [{"import": 0, "export": 0, "id": "UA"}, {"import": 0, "export": 0, "id": "HU"}, {"import": 2000, "export": 0, "id": "IT"}, {"import": 0, "export": 0, "id": "LT"}, {"import": 0, "export": 0, "id": "NL"}, {"import": 24440, "export": 25, "id": "SK"}, {"import": 0, "export": 0, "id": "VN"}, {"import": 0, "export": 0, "id": "AT"}, {"import": 0, "export": 0, "id": "BE"}, {"import": 0, "export": 0, "id": "-"}, {"import": 1, "export": 569, "id": "DE"}, {"import": 0, "export": 0, "id": "EE"}, {"import": 0, "export": 0, "id": "IE"}, {"import": 0, "export": 125, "id": "CH"}, {"import": 0, "export": 0, "id": "GB"}], "import": 26441, "export": 719}, {"date": "2019-07-01", "list": [{"import": 0, "export": 0, "id": "UA"}, {"import": 0, "export": 0, "id": "HU"}, {"import": 3592, "export": 0, "id": "IT"}, {"import": 0, "export": 0, "id": "LT"}, {"import": 0, "export": 0, "id": "NL"}, {"import": 0, "export": 0, "id": "SK"}, {"import": 0, "export": 0, "id": "VN"}, {"import": 0, "export": 0, "id": "CH"}, {"import": 0, "export": 0, "id": "AT"}, {"import": 0, "export": 10000, "id": "BE"}, {"import": 0, "export": 0, "id": "-"}, {"import": 0, "export": 12219, "id": "DE"}, {"import": 0, "export": 0, "id": "EE"}, {"import": 0, "export": 0, "id": "IE"}, {"import": 0, "export": 0, "id": "GB"}], "import": 3592, "export": 22219}, {"date": "2019-08-01", "list": [{"import": 0, "export": 0, "id": "UA"}, {"import": 0, "export": 0, "id": "HU"}, {"import": 0, "export": 0, "id": "IT"}, {"import": 0, "export": 0, "id": "LT"}, {"import": 0, "export": 0, "id": "NL"}, {"import": 24761, "export": 0, "id": "SK"}, {"import": 0, "export": 0, "id": "VN"}, {"import": 0, "export": 0, "id": "CH"}, {"import": 1000, "export": 5, "id": "AT"}, {"import": 0, "export": 0, "id": "BE"}, {"import": 0, "export": 0, "id": "-"}, {"import": 4, "export": 1371, "id": "DE"}, {"import": 0, "export": 0, "id": "EE"}, {"import": 0, "export": 0, "id": "IE"}, {"import": 0, "export": 0, "id": "GB"}], "import": 25765, "export": 1376}, {"date": "2019-09-01", "list": [{"import": 0, "export": 0, "id": "UA"}, {"import": 24940, "export": 0, "id": "HU"}, {"import": 0, "export": 0, "id": "IT"}, {"import": 0, "export": 0, "id": "LT"}, {"import": 0, "export": 0, "id": "NL"}, {"import": 0, "export": 0, "id": "SK"}, {"import": 0, "export": 0, "id": "VN"}, {"import": 0, "export": 0, "id": "CH"}, {"import": 1500, "export": 3, "id": "AT"}, {"import": 0, "export": 0, "id": "BE"}, {"import": 0, "export": 0, "id": "-"}, {"import": 1376, "export": 1496, "id": "DE"}, {"import": 0, "export": 0, "id": "EE"}, {"import": 0, "export": 0, "id": "IE"}, {"import": 0, "export": 0, "id": "GB"}], "import": 27816, "export": 1499}, {"date": "2019-10-01", "list": [{"import": 0, "export": 0, "id": "UA"}, {"import": 351240, "export": 0, "id": "HU"}, {"import": 6502, "export": 0, "id": "IT"}, {"import": 0, "export": 0, "id": "LT"}, {"import": 0, "export": 0, "id": "NL"}, {"import": 0, "export": 0, "id": "SK"}, {"import": 0, "export": 0, "id": "VN"}, {"import": 0, "export": 0, "id": "CH"}, {"import": 0, "export": 0, "id": "AT"}, {"import": 0, "export": 11000, "id": "BE"}, {"import": 0, "export": 0, "id": "-"}, {"import": 20, "export": 11392, "id": "DE"}, {"import": 0, "export": 0, "id": "EE"}, {"import": 0, "export": 0, "id": "IE"}, {"import": 0, "export": 0, "id": "GB"}], "import": 357762, "export": 22392}, {"date": "2019-11-01", "list": [{"import": 0, "export": 0, "id": "UA"}, {"import": 47820, "export": 0, "id": "HU"}, {"import": 2428, "export": 0, "id": "IT"}, {"import": 0, "export": 0, "id": "LT"}, {"import": 0, "export": 0, "id": "NL"}, {"import": 0, "export": 0, "id": "SK"}, {"import": 0, "export": 0, "id": "VN"}, {"import": 0, "export": 0, "id": "CH"}, {"import": 2000, "export": 1004, "id": "AT"}, {"import": 0, "export": 0, "id": "BE"}, {"import": 0, "export": 0, "id": "-"}, {"import": 33, "export": 1297, "id": "DE"}, {"import": 0, "export": 0, "id": "EE"}, {"import": 0, "export": 0, "id": "IE"}, {"import": 0, "export": 379, "id": "GB"}], "import": 52281, "export": 2680}, {"date": "2019-12-01", "list": [{"import": 0, "export": 0, "id": "UA"}, {"import": 0, "export": 0, "id": "HU"}, {"import": 22993, "export": 0, "id": "IT"}, {"import": 0, "export": 0, "id": "LT"}, {"import": 0, "export": 0, "id": "NL"}, {"import": 0, "export": 0, "id": "SK"}, {"import": 0, "export": 0, "id": "VN"}, {"import": 0, "export": 0, "id": "CH"}, {"import": 0, "export": 0, "id": "AT"}, {"import": 0, "export": 0, "id": "BE"}, {"import": 0, "export": 0, "id": "-"}, {"import": 2000, "export": 603, "id": "DE"}, {"import": 0, "export": 0, "id": "EE"}, {"import": 0, "export": 0, "id": "IE"}, {"import": 0, "export": 0, "id": "GB"}], "import": 24993, "export": 603}, {"date": "2020-01-01", "list": [{"import": 0, "export": 0, "id": "UA"}, {"import": 50420, "export": 0, "id": "HU"}, {"import": 5600, "export": 0, "id": "IT"}, {"import": 0, "export": 0, "id": "LT"}, {"import": 0, "export": 0, "id": "NL"}, {"import": 24320, "export": 675, "id": "SK"}, {"import": 0, "export": 0, "id": "VN"}, {"import": 0, "export": 0, "id": "CH"}, {"import": 2000, "export": 78, "id": "AT"}, {"import": 0, "export": 1500, "id": "BE"}, {"import": 37, "export": 75, "id": "-"}, {"import": 2005, "export": 24954, "id": "DE"}, {"import": 0, "export": 0, "id": "EE"}, {"import": 0, "export": 0, "id": "IE"}, {"import": 0, "export": 0, "id": "GB"}], "import": 84382, "export": 27282}, {"date": "2020-02-01", "list": [{"import": 65940, "export": 0, "id": "UA"}, {"import": 24320, "export": 1000, "id": "HU"}, {"import": 128, "export": 0, "id": "IT"}, {"import": 0, "export": 0, "id": "LT"}, {"import": 0, "export": 0, "id": "NL"}, {"import": 0, "export": 0, "id": "SK"}, {"import": 0, "export": 0, "id": "VN"}, {"import": 0, "export": 0, "id": "CH"}, {"import": 2000, "export": 2, "id": "AT"}, {"import": 0, "export": 11000, "id": "BE"}, {"import": 0, "export": 0, "id": "-"}, {"import": 5, "export": 29241, "id": "DE"}, {"import": 0, "export": 0, "id": "EE"}, {"import": 0, "export": 0, "id": "IE"}, {"import": 0, "export": 0, "id": "GB"}], "import": 92393, "export": 41243}, {"date": "2020-03-01", "list": [{"import": 176620, "export": 0, "id": "UA"}, {"import": 48120, "export": 0, "id": "HU"}, {"import": 19201, "export": 0, "id": "IT"}, {"import": 0, "export": 0, "id": "LT"}, {"import": 1050, "export": 0, "id": "NL"}, {"import": 0, "export": 0, "id": "SK"}, {"import": 0, "export": 0, "id": "VN"}, {"import": 0, "export": 0, "id": "CH"}, {"import": 0, "export": 0, "id": "AT"}, {"import": 0, "export": 0, "id": "BE"}, {"import": 0, "export": 24000, "id": "-"}, {"import": 0, "export": 560, "id": "DE"}, {"import": 0, "export": 0, "id": "EE"}, {"import": 0, "export": 0, "id": "IE"}, {"import": 0, "export": 0, "id": "GB"}], "import": 244991, "export": 24560}]