[{"date": "2018-10-01", "list": [{"import": 25486, "export": 0, "id": "SE"}, {"import": 0, "export": 0, "id": "GB"}, {"import": 0, "export": 0, "id": "BD"}, {"import": 48400, "export": 0, "id": "FR"}, {"import": 0, "export": 0, "id": "DE"}, {"import": 0, "export": 0, "id": "NL"}, {"import": 0, "export": 0, "id": "PL"}, {"import": 0, "export": 0, "id": "ES"}], "import": 73886, "export": 0}, {"date": "2018-11-01", "list": [{"import": 12500, "export": 0, "id": "SE"}, {"import": 0, "export": 0, "id": "GB"}, {"import": 0, "export": 0, "id": "BD"}, {"import": 24200, "export": 0, "id": "FR"}, {"import": 2354, "export": 0, "id": "DE"}, {"import": 0, "export": 0, "id": "NL"}, {"import": 0, "export": 0, "id": "PL"}, {"import": 5980, "export": 0, "id": "ES"}], "import": 45034, "export": 0}, {"date": "2018-12-01", "list": [{"import": 13700, "export": 0, "id": "SE"}, {"import": 0, "export": 0, "id": "GB"}, {"import": 0, "export": 0, "id": "BD"}, {"import": 0, "export": 0, "id": "FR"}, {"import": 0, "export": 0, "id": "DE"}, {"import": 0, "export": 0, "id": "NL"}, {"import": 0, "export": 0, "id": "PL"}, {"import": 0, "export": 0, "id": "ES"}], "import": 13700, "export": 0}, {"date": "2019-01-01", "list": [{"import": 15655, "export": 0, "id": "SE"}, {"import": 0, "export": 0, "id": "GB"}, {"import": 0, "export": 0, "id": "BD"}, {"import": 72600, "export": 0, "id": "FR"}, {"import": 684, "export": 0, "id": "DE"}, {"import": 4168, "export": 0, "id": "NL"}, {"import": 0, "export": 0, "id": "PL"}, {"import": 0, "export": 0, "id": "ES"}], "import": 93107, "export": 0}, {"date": "2019-02-01", "list": [{"import": 22340, "export": 0, "id": "SE"}, {"import": 900, "export": 0, "id": "GB"}, {"import": 0, "export": 0, "id": "BD"}, {"import": 0, "export": 0, "id": "FR"}, {"import": 2354, "export": 0, "id": "DE"}, {"import": 630, "export": 0, "id": "NL"}, {"import": 0, "export": 0, "id": "PL"}, {"import": 0, "export": 0, "id": "ES"}], "import": 26224, "export": 0}, {"date": "2019-03-01", "list": [{"import": 750, "export": 0, "id": "SE"}, {"import": 772, "export": 0, "id": "GB"}, {"import": 0, "export": 0, "id": "BD"}, {"import": 72600, "export": 0, "id": "FR"}, {"import": 0, "export": 0, "id": "DE"}, {"import": 1244, "export": 0, "id": "NL"}, {"import": 0, "export": 0, "id": "PL"}, {"import": 0, "export": 0, "id": "ES"}], "import": 75366, "export": 0}, {"date": "2019-04-01", "list": [{"import": 22713, "export": 0, "id": "SE"}, {"import": 0, "export": 0, "id": "GB"}, {"import": 0, "export": 0, "id": "BD"}, {"import": 0, "export": 0, "id": "FR"}, {"import": 3714, "export": 0, "id": "DE"}, {"import": 7825, "export": 0, "id": "NL"}, {"import": 0, "export": 0, "id": "PL"}, {"import": 0, "export": 0, "id": "ES"}], "import": 34252, "export": 0}, {"date": "2019-05-01", "list": [{"import": 17878, "export": 0, "id": "SE"}, {"import": 500, "export": 0, "id": "GB"}, {"import": 0, "export": 0, "id": "BD"}, {"import": 0, "export": 0, "id": "FR"}, {"import": 0, "export": 0, "id": "DE"}, {"import": 272, "export": 0, "id": "NL"}, {"import": 0, "export": 0, "id": "PL"}, {"import": 0, "export": 0, "id": "ES"}], "import": 18650, "export": 0}, {"date": "2019-06-01", "list": [{"import": 12143, "export": 0, "id": "SE"}, {"import": 2120, "export": 0, "id": "GB"}, {"import": 0, "export": 0, "id": "BD"}, {"import": 0, "export": 0, "id": "FR"}, {"import": 2354, "export": 0, "id": "DE"}, {"import": 267, "export": 0, "id": "NL"}, {"import": 0, "export": 0, "id": "PL"}, {"import": 0, "export": 0, "id": "ES"}], "import": 16884, "export": 0}, {"date": "2019-07-01", "list": [{"import": 3832, "export": 0, "id": "SE"}, {"import": 0, "export": 0, "id": "GB"}, {"import": 0, "export": 0, "id": "BD"}, {"import": 0, "export": 0, "id": "FR"}, {"import": 4563, "export": 0, "id": "DE"}, {"import": 1229, "export": 0, "id": "NL"}, {"import": 0, "export": 0, "id": "PL"}, {"import": 0, "export": 0, "id": "ES"}], "import": 9624, "export": 0}, {"date": "2019-08-01", "list": [{"import": 21997, "export": 0, "id": "SE"}, {"import": 0, "export": 0, "id": "GB"}, {"import": 0, "export": 0, "id": "BD"}, {"import": 0, "export": 0, "id": "FR"}, {"import": 2354, "export": 0, "id": "DE"}, {"import": 5036, "export": 0, "id": "NL"}, {"import": 0, "export": 0, "id": "PL"}, {"import": 0, "export": 0, "id": "ES"}], "import": 29387, "export": 0}, {"date": "2019-09-01", "list": [{"import": 3064, "export": 0, "id": "SE"}, {"import": 1654, "export": 0, "id": "GB"}, {"import": 500, "export": 0, "id": "BD"}, {"import": 0, "export": 0, "id": "FR"}, {"import": 0, "export": 0, "id": "DE"}, {"import": 0, "export": 0, "id": "NL"}, {"import": 0, "export": 0, "id": "PL"}, {"import": 0, "export": 0, "id": "ES"}], "import": 5218, "export": 0}, {"date": "2019-10-01", "list": [{"import": 25023, "export": 0, "id": "SE"}, {"import": 0, "export": 0, "id": "GB"}, {"import": 0, "export": 0, "id": "BD"}, {"import": 0, "export": 0, "id": "FR"}, {"import": 2959, "export": 0, "id": "DE"}, {"import": 990, "export": 0, "id": "NL"}, {"import": 0, "export": 0, "id": "PL"}, {"import": 0, "export": 0, "id": "ES"}], "import": 28972, "export": 0}, {"date": "2019-11-01", "list": [{"import": 8839, "export": 0, "id": "SE"}, {"import": 0, "export": 0, "id": "GB"}, {"import": 0, "export": 0, "id": "BD"}, {"import": 0, "export": 0, "id": "FR"}, {"import": 0, "export": 0, "id": "DE"}, {"import": 953, "export": 0, "id": "NL"}, {"import": 0, "export": 0, "id": "PL"}, {"import": 0, "export": 0, "id": "ES"}], "import": 9792, "export": 0}, {"date": "2019-12-01", "list": [{"import": 12935, "export": 0, "id": "SE"}, {"import": 0, "export": 0, "id": "GB"}, {"import": 0, "export": 0, "id": "BD"}, {"import": 0, "export": 0, "id": "FR"}, {"import": 0, "export": 0, "id": "DE"}, {"import": 0, "export": 0, "id": "NL"}, {"import": 0, "export": 0, "id": "PL"}, {"import": 0, "export": 0, "id": "ES"}], "import": 12935, "export": 0}, {"date": "2020-01-01", "list": [{"import": 32400, "export": 0, "id": "SE"}, {"import": 75, "export": 0, "id": "GB"}, {"import": 0, "export": 0, "id": "BD"}, {"import": 0, "export": 0, "id": "FR"}, {"import": 1589, "export": 0, "id": "DE"}, {"import": 0, "export": 0, "id": "NL"}, {"import": 0, "export": 0, "id": "PL"}, {"import": 0, "export": 0, "id": "ES"}], "import": 34064, "export": 0}, {"date": "2020-02-01", "list": [{"import": 31660, "export": 0, "id": "SE"}, {"import": 1320, "export": 0, "id": "GB"}, {"import": 0, "export": 0, "id": "BD"}, {"import": 0, "export": 0, "id": "FR"}, {"import": 0, "export": 0, "id": "DE"}, {"import": 2251, "export": 0, "id": "NL"}, {"import": 11200, "export": 0, "id": "PL"}, {"import": 0, "export": 0, "id": "ES"}], "import": 46431, "export": 0}, {"date": "2020-03-01", "list": [{"import": 6583, "export": 0, "id": "SE"}, {"import": 1102, "export": 0, "id": "GB"}, {"import": 0, "export": 0, "id": "BD"}, {"import": 0, "export": 0, "id": "FR"}, {"import": 0, "export": 0, "id": "DE"}, {"import": 7869, "export": 0, "id": "NL"}, {"import": 0, "export": 0, "id": "PL"}, {"import": 0, "export": 0, "id": "ES"}], "import": 15554, "export": 0}, {"date": "2020-04-01", "list": [{"import": 1350, "export": 0, "id": "SE"}, {"import": 1450, "export": 0, "id": "GB"}, {"import": 0, "export": 0, "id": "BD"}, {"import": 0, "export": 0, "id": "FR"}, {"import": 0, "export": 0, "id": "DE"}, {"import": 2640, "export": 0, "id": "NL"}, {"import": 0, "export": 0, "id": "PL"}, {"import": 0, "export": 0, "id": "ES"}], "import": 5440, "export": 0}, {"date": "2020-05-01", "list": [{"import": 2820, "export": 0, "id": "SE"}, {"import": 500, "export": 0, "id": "GB"}, {"import": 0, "export": 0, "id": "BD"}, {"import": 0, "export": 0, "id": "FR"}, {"import": 0, "export": 0, "id": "DE"}, {"import": 0, "export": 0, "id": "NL"}, {"import": 0, "export": 0, "id": "PL"}, {"import": 0, "export": 0, "id": "ES"}], "import": 3320, "export": 0}]