[{"date": "2018-05-01", "list": [{"import": 71990, "export": 0, "id": "GY"}, {"import": 0, "export": 0, "id": "BR"}, {"import": 0, "export": 0, "id": "TT"}, {"import": 36203, "export": 0, "id": "US"}, {"import": 376, "export": 0, "id": "GB"}, {"import": 0, "export": 0, "id": "CN"}, {"import": 0, "export": 0, "id": "IT"}, {"import": 9538, "export": 0, "id": "VC"}, {"import": 0, "export": 0, "id": "TH"}], "import": 118107, "export": 0}, {"date": "2018-06-01", "list": [{"import": 72431, "export": 0, "id": "GY"}, {"import": 51340, "export": 0, "id": "BR"}, {"import": 22700, "export": 0, "id": "TT"}, {"import": 10833, "export": 0, "id": "US"}, {"import": 0, "export": 0, "id": "GB"}, {"import": 0, "export": 0, "id": "CN"}, {"import": 0, "export": 0, "id": "IT"}, {"import": 0, "export": 0, "id": "VC"}, {"import": 390, "export": 0, "id": "TH"}], "import": 157694, "export": 0}, {"date": "2018-07-01", "list": [{"import": 24595, "export": 0, "id": "GY"}, {"import": 73526, "export": 0, "id": "BR"}, {"import": 22525, "export": 0, "id": "TT"}, {"import": 12920, "export": 0, "id": "US"}, {"import": 168, "export": 0, "id": "GB"}, {"import": 0, "export": 0, "id": "CN"}, {"import": 0, "export": 0, "id": "IT"}, {"import": 10284, "export": 0, "id": "VC"}, {"import": 0, "export": 0, "id": "TH"}], "import": 144018, "export": 0}, {"date": "2018-08-01", "list": [{"import": 49434, "export": 0, "id": "GY"}, {"import": 25742, "export": 0, "id": "BR"}, {"import": 45225, "export": 0, "id": "TT"}, {"import": 35617, "export": 0, "id": "US"}, {"import": 0, "export": 0, "id": "GB"}, {"import": 0, "export": 0, "id": "CN"}, {"import": 0, "export": 0, "id": "IT"}, {"import": 5942, "export": 0, "id": "VC"}, {"import": 0, "export": 0, "id": "TH"}], "import": 161960, "export": 0}, {"date": "2018-09-01", "list": [{"import": 73476, "export": 0, "id": "GY"}, {"import": 0, "export": 0, "id": "BR"}, {"import": 22875, "export": 0, "id": "TT"}, {"import": 37033, "export": 0, "id": "US"}, {"import": 0, "export": 0, "id": "GB"}, {"import": 0, "export": 0, "id": "CN"}, {"import": 0, "export": 0, "id": "IT"}, {"import": 2969, "export": 0, "id": "VC"}, {"import": 0, "export": 0, "id": "TH"}], "import": 136353, "export": 0}, {"date": "2018-10-01", "list": [{"import": 72738, "export": 0, "id": "GY"}, {"import": 25670, "export": 0, "id": "BR"}, {"import": 22875, "export": 0, "id": "TT"}, {"import": 7468, "export": 0, "id": "US"}, {"import": 276, "export": 0, "id": "GB"}, {"import": 0, "export": 0, "id": "CN"}, {"import": 0, "export": 0, "id": "IT"}, {"import": 5892, "export": 0, "id": "VC"}, {"import": 0, "export": 0, "id": "TH"}], "import": 134919, "export": 0}, {"date": "2018-11-01", "list": [{"import": 96967, "export": 0, "id": "GY"}, {"import": 50354, "export": 0, "id": "BR"}, {"import": 22875, "export": 0, "id": "TT"}, {"import": 30724, "export": 0, "id": "US"}, {"import": 0, "export": 0, "id": "GB"}, {"import": 0, "export": 0, "id": "CN"}, {"import": 2000, "export": 0, "id": "IT"}, {"import": 0, "export": 0, "id": "VC"}, {"import": 0, "export": 0, "id": "TH"}], "import": 202920, "export": 0}, {"date": "2018-12-01", "list": [{"import": 24430, "export": 0, "id": "GY"}, {"import": 25742, "export": 0, "id": "BR"}, {"import": 23050, "export": 0, "id": "TT"}, {"import": 19624, "export": 0, "id": "US"}, {"import": 1041, "export": 0, "id": "GB"}, {"import": 0, "export": 0, "id": "CN"}, {"import": 924, "export": 0, "id": "IT"}, {"import": 0, "export": 0, "id": "VC"}, {"import": 0, "export": 0, "id": "TH"}], "import": 94811, "export": 0}, {"date": "2019-01-01", "list": [{"import": 72677, "export": 0, "id": "GY"}, {"import": 101605, "export": 0, "id": "BR"}, {"import": 23050, "export": 0, "id": "TT"}, {"import": 9277, "export": 0, "id": "US"}, {"import": 0, "export": 0, "id": "GB"}, {"import": 0, "export": 0, "id": "CN"}, {"import": 0, "export": 0, "id": "IT"}, {"import": 0, "export": 0, "id": "VC"}, {"import": 0, "export": 0, "id": "TH"}], "import": 206609, "export": 0}, {"date": "2019-02-01", "list": [{"import": 94889, "export": 0, "id": "GY"}, {"import": 0, "export": 0, "id": "BR"}, {"import": 23050, "export": 0, "id": "TT"}, {"import": 32742, "export": 0, "id": "US"}, {"import": 544, "export": 0, "id": "GB"}, {"import": 0, "export": 0, "id": "CN"}, {"import": 0, "export": 0, "id": "IT"}, {"import": 0, "export": 0, "id": "VC"}, {"import": 0, "export": 0, "id": "TH"}], "import": 151225, "export": 0}, {"date": "2019-03-01", "list": [{"import": 24100, "export": 0, "id": "GY"}, {"import": 25670, "export": 0, "id": "BR"}, {"import": 0, "export": 0, "id": "TT"}, {"import": 31663, "export": 0, "id": "US"}, {"import": 413, "export": 0, "id": "GB"}, {"import": 0, "export": 0, "id": "CN"}, {"import": 0, "export": 0, "id": "IT"}, {"import": 0, "export": 0, "id": "VC"}, {"import": 0, "export": 0, "id": "TH"}], "import": 81846, "export": 0}, {"date": "2019-04-01", "list": [{"import": 120050, "export": 0, "id": "GY"}, {"import": 47491, "export": 0, "id": "BR"}, {"import": 23225, "export": 0, "id": "TT"}, {"import": 14138, "export": 0, "id": "US"}, {"import": 579, "export": 0, "id": "GB"}, {"import": 0, "export": 0, "id": "CN"}, {"import": 0, "export": 0, "id": "IT"}, {"import": 0, "export": 0, "id": "VC"}, {"import": 0, "export": 0, "id": "TH"}], "import": 205483, "export": 0}, {"date": "2019-05-01", "list": [{"import": 68275, "export": 0, "id": "GY"}, {"import": 51289, "export": 0, "id": "BR"}, {"import": 0, "export": 0, "id": "TT"}, {"import": 27372, "export": 0, "id": "US"}, {"import": 0, "export": 0, "id": "GB"}, {"import": 150, "export": 0, "id": "CN"}, {"import": 4008, "export": 0, "id": "IT"}, {"import": 3300, "export": 0, "id": "VC"}, {"import": 0, "export": 0, "id": "TH"}], "import": 154394, "export": 0}, {"date": "2019-06-01", "list": [{"import": 24200, "export": 0, "id": "GY"}, {"import": 0, "export": 0, "id": "BR"}, {"import": 0, "export": 0, "id": "TT"}, {"import": 9735, "export": 0, "id": "US"}, {"import": 0, "export": 0, "id": "GB"}, {"import": 0, "export": 0, "id": "CN"}, {"import": 0, "export": 0, "id": "IT"}, {"import": 0, "export": 0, "id": "VC"}, {"import": 0, "export": 0, "id": "TH"}], "import": 33935, "export": 0}, {"date": "2019-07-01", "list": [{"import": 74025, "export": 0, "id": "GY"}, {"import": 25670, "export": 0, "id": "BR"}, {"import": 46450, "export": 0, "id": "TT"}, {"import": 17411, "export": 0, "id": "US"}, {"import": 204, "export": 0, "id": "GB"}, {"import": 0, "export": 0, "id": "CN"}, {"import": 0, "export": 0, "id": "IT"}, {"import": 0, "export": 0, "id": "VC"}, {"import": 0, "export": 0, "id": "TH"}], "import": 163760, "export": 0}, {"date": "2019-08-01", "list": [{"import": 48375, "export": 0, "id": "GY"}, {"import": 49670, "export": 0, "id": "BR"}, {"import": 0, "export": 0, "id": "TT"}, {"import": 25705, "export": 0, "id": "US"}, {"import": 0, "export": 0, "id": "GB"}, {"import": 0, "export": 0, "id": "CN"}, {"import": 0, "export": 0, "id": "IT"}, {"import": 24300, "export": 0, "id": "VC"}, {"import": 0, "export": 0, "id": "TH"}], "import": 148050, "export": 0}, {"date": "2019-09-01", "list": [{"import": 24720, "export": 0, "id": "GY"}, {"import": 0, "export": 0, "id": "BR"}, {"import": 23120, "export": 0, "id": "TT"}, {"import": 12218, "export": 0, "id": "US"}, {"import": 0, "export": 0, "id": "GB"}, {"import": 0, "export": 0, "id": "CN"}, {"import": 0, "export": 0, "id": "IT"}, {"import": 0, "export": 0, "id": "VC"}, {"import": 0, "export": 0, "id": "TH"}], "import": 60058, "export": 0}, {"date": "2019-10-01", "list": [{"import": 47000, "export": 0, "id": "GY"}, {"import": 0, "export": 0, "id": "BR"}, {"import": 22875, "export": 0, "id": "TT"}, {"import": 12028, "export": 0, "id": "US"}, {"import": 613, "export": 0, "id": "GB"}, {"import": 0, "export": 0, "id": "CN"}, {"import": 0, "export": 0, "id": "IT"}, {"import": 0, "export": 0, "id": "VC"}, {"import": 0, "export": 0, "id": "TH"}], "import": 82516, "export": 0}, {"date": "2019-11-01", "list": [{"import": 44784, "export": 0, "id": "GY"}, {"import": 68777, "export": 0, "id": "BR"}, {"import": 23300, "export": 0, "id": "TT"}, {"import": 26708, "export": 0, "id": "US"}, {"import": 0, "export": 0, "id": "GB"}, {"import": 0, "export": 0, "id": "CN"}, {"import": 0, "export": 0, "id": "IT"}, {"import": 0, "export": 0, "id": "VC"}, {"import": 0, "export": 0, "id": "TH"}], "import": 163569, "export": 0}, {"date": "2019-12-01", "list": [{"import": 94902, "export": 0, "id": "GY"}, {"import": 24803, "export": 0, "id": "BR"}, {"import": 24302, "export": 0, "id": "TT"}, {"import": 6146, "export": 0, "id": "US"}, {"import": 0, "export": 0, "id": "GB"}, {"import": 0, "export": 0, "id": "CN"}, {"import": 0, "export": 0, "id": "IT"}, {"import": 0, "export": 0, "id": "VC"}, {"import": 0, "export": 0, "id": "TH"}], "import": 150153, "export": 0}]