[{"date": "2018-10-01", "list": [{"import": 0, "export": 0, "id": "DE"}, {"import": 2055, "export": 0, "id": "IT"}, {"import": 0, "export": 0, "id": "NL"}, {"import": 0, "export": 0, "id": "HR"}], "import": 2055, "export": 0}, {"date": "2018-11-01", "list": [{"import": 0, "export": 0, "id": "DE"}, {"import": 6631, "export": 0, "id": "IT"}, {"import": 0, "export": 0, "id": "NL"}, {"import": 0, "export": 0, "id": "HR"}], "import": 6631, "export": 0}, {"date": "2018-12-01", "list": [{"import": 0, "export": 0, "id": "DE"}, {"import": 372, "export": 0, "id": "IT"}, {"import": 0, "export": 0, "id": "NL"}, {"import": 0, "export": 0, "id": "HR"}], "import": 372, "export": 0}, {"date": "2019-01-01", "list": [{"import": 0, "export": 0, "id": "DE"}, {"import": 4045, "export": 0, "id": "IT"}, {"import": 0, "export": 0, "id": "NL"}, {"import": 0, "export": 0, "id": "HR"}], "import": 4045, "export": 0}, {"date": "2019-02-01", "list": [{"import": 0, "export": 0, "id": "DE"}, {"import": 5688, "export": 0, "id": "IT"}, {"import": 0, "export": 0, "id": "NL"}, {"import": 0, "export": 0, "id": "HR"}], "import": 5688, "export": 0}, {"date": "2019-03-01", "list": [{"import": 0, "export": 0, "id": "DE"}, {"import": 3338, "export": 0, "id": "IT"}, {"import": 0, "export": 0, "id": "NL"}, {"import": 0, "export": 0, "id": "HR"}], "import": 3338, "export": 0}, {"date": "2019-04-01", "list": [{"import": 0, "export": 0, "id": "DE"}, {"import": 0, "export": 0, "id": "IT"}, {"import": 252, "export": 0, "id": "NL"}, {"import": 0, "export": 17860, "id": "HR"}], "import": 252, "export": 17860}, {"date": "2019-05-01", "list": [{"import": 0, "export": 0, "id": "DE"}, {"import": 7744, "export": 0, "id": "IT"}, {"import": 0, "export": 0, "id": "NL"}, {"import": 0, "export": 0, "id": "HR"}], "import": 7744, "export": 0}, {"date": "2019-06-01", "list": [{"import": 0, "export": 0, "id": "DE"}, {"import": 0, "export": 0, "id": "IT"}, {"import": 276, "export": 0, "id": "NL"}, {"import": 0, "export": 0, "id": "HR"}], "import": 276, "export": 0}, {"date": "2019-08-01", "list": [{"import": 0, "export": 0, "id": "DE"}, {"import": 13628, "export": 0, "id": "IT"}, {"import": 0, "export": 0, "id": "NL"}, {"import": 0, "export": 0, "id": "HR"}], "import": 13628, "export": 0}, {"date": "2019-09-01", "list": [{"import": 0, "export": 0, "id": "DE"}, {"import": 7091, "export": 0, "id": "IT"}, {"import": 0, "export": 0, "id": "NL"}, {"import": 0, "export": 0, "id": "HR"}], "import": 7091, "export": 0}, {"date": "2019-10-01", "list": [{"import": 0, "export": 0, "id": "DE"}, {"import": 1852, "export": 0, "id": "IT"}, {"import": 0, "export": 0, "id": "NL"}, {"import": 0, "export": 0, "id": "HR"}], "import": 1852, "export": 0}, {"date": "2019-11-01", "list": [{"import": 0, "export": 0, "id": "DE"}, {"import": 13800, "export": 0, "id": "IT"}, {"import": 300, "export": 0, "id": "NL"}, {"import": 0, "export": 0, "id": "HR"}], "import": 14100, "export": 0}, {"date": "2019-12-01", "list": [{"import": 0, "export": 0, "id": "DE"}, {"import": 8085, "export": 0, "id": "IT"}, {"import": 252, "export": 0, "id": "NL"}, {"import": 0, "export": 0, "id": "HR"}], "import": 8337, "export": 0}, {"date": "2020-01-01", "list": [{"import": 0, "export": 0, "id": "DE"}, {"import": 1943, "export": 0, "id": "IT"}, {"import": 0, "export": 0, "id": "NL"}, {"import": 0, "export": 0, "id": "HR"}], "import": 1943, "export": 0}, {"date": "2020-02-01", "list": [{"import": 0, "export": 0, "id": "DE"}, {"import": 7789, "export": 0, "id": "IT"}, {"import": 240, "export": 0, "id": "NL"}, {"import": 0, "export": 0, "id": "HR"}], "import": 8029, "export": 0}, {"date": "2020-03-01", "list": [{"import": 0, "export": 0, "id": "DE"}, {"import": 8278, "export": 0, "id": "IT"}, {"import": 240, "export": 0, "id": "NL"}, {"import": 0, "export": 0, "id": "HR"}], "import": 8518, "export": 0}, {"date": "2020-04-01", "list": [{"import": 0, "export": 0, "id": "DE"}, {"import": 1840, "export": 0, "id": "IT"}, {"import": 0, "export": 0, "id": "NL"}], "import": 1840, "export": 0}, {"date": "2019-07-01", "list": [{"import": 0, "export": 0, "id": "HR"}], "import": 0, "export": 0}]