[{"date": "2018-05-01", "list": [{"import": 637, "export": 0, "id": "US"}, {"import": 0, "export": 0, "id": "BR"}, {"import": 0, "export": 0, "id": "CN"}, {"import": 0, "export": 0, "id": "GB"}], "import": 637, "export": 0}, {"date": "2018-06-01", "list": [{"import": 1522, "export": 0, "id": "US"}, {"import": 0, "export": 0, "id": "BR"}, {"import": 1320, "export": 0, "id": "CN"}, {"import": 0, "export": 0, "id": "GB"}], "import": 2842, "export": 0}, {"date": "2018-07-01", "list": [{"import": 2092, "export": 0, "id": "US"}, {"import": 25646, "export": 0, "id": "BR"}, {"import": 0, "export": 0, "id": "CN"}, {"import": 507, "export": 0, "id": "GB"}], "import": 28245, "export": 0}, {"date": "2018-08-01", "list": [{"import": 2752, "export": 0, "id": "US"}, {"import": 0, "export": 0, "id": "BR"}, {"import": 0, "export": 0, "id": "CN"}, {"import": 0, "export": 0, "id": "GB"}], "import": 2752, "export": 0}, {"date": "2018-09-01", "list": [{"import": 2989, "export": 0, "id": "US"}, {"import": 0, "export": 0, "id": "BR"}, {"import": 1130, "export": 0, "id": "CN"}, {"import": 0, "export": 0, "id": "GB"}], "import": 4119, "export": 0}, {"date": "2018-10-01", "list": [{"import": 827, "export": 0, "id": "US"}, {"import": 0, "export": 0, "id": "BR"}, {"import": 0, "export": 0, "id": "CN"}, {"import": 0, "export": 0, "id": "GB"}], "import": 827, "export": 0}, {"date": "2018-11-01", "list": [{"import": 1517, "export": 0, "id": "US"}, {"import": 0, "export": 0, "id": "BR"}, {"import": 0, "export": 0, "id": "CN"}, {"import": 0, "export": 0, "id": "GB"}], "import": 1517, "export": 0}, {"date": "2018-12-01", "list": [{"import": 1866, "export": 0, "id": "US"}, {"import": 25646, "export": 0, "id": "BR"}, {"import": 0, "export": 0, "id": "CN"}, {"import": 0, "export": 0, "id": "GB"}], "import": 27512, "export": 0}, {"date": "2019-01-01", "list": [{"import": 395, "export": 0, "id": "US"}, {"import": 0, "export": 0, "id": "BR"}, {"import": 0, "export": 0, "id": "CN"}, {"import": 0, "export": 0, "id": "GB"}], "import": 395, "export": 0}, {"date": "2019-02-01", "list": [{"import": 1130, "export": 0, "id": "US"}, {"import": 0, "export": 0, "id": "BR"}, {"import": 0, "export": 0, "id": "CN"}, {"import": 0, "export": 0, "id": "GB"}], "import": 1130, "export": 0}, {"date": "2019-03-01", "list": [{"import": 0, "export": 0, "id": "US"}, {"import": 0, "export": 0, "id": "BR"}, {"import": 0, "export": 0, "id": "CN"}, {"import": 0, "export": 0, "id": "GB"}], "import": 0, "export": 0}, {"date": "2019-04-01", "list": [{"import": 2490, "export": 0, "id": "US"}, {"import": 0, "export": 0, "id": "BR"}, {"import": 0, "export": 0, "id": "CN"}, {"import": 0, "export": 0, "id": "GB"}], "import": 2490, "export": 0}, {"date": "2019-05-01", "list": [{"import": 0, "export": 0, "id": "US"}, {"import": 0, "export": 0, "id": "BR"}, {"import": 0, "export": 0, "id": "CN"}, {"import": 0, "export": 0, "id": "GB"}], "import": 0, "export": 0}, {"date": "2019-06-01", "list": [{"import": 640, "export": 0, "id": "US"}, {"import": 0, "export": 0, "id": "BR"}, {"import": 0, "export": 0, "id": "CN"}, {"import": 0, "export": 0, "id": "GB"}], "import": 640, "export": 0}, {"date": "2019-07-01", "list": [{"import": 2780, "export": 0, "id": "US"}, {"import": 0, "export": 0, "id": "BR"}, {"import": 0, "export": 0, "id": "CN"}, {"import": 0, "export": 0, "id": "GB"}], "import": 2780, "export": 0}, {"date": "2019-08-01", "list": [{"import": 1982, "export": 0, "id": "US"}, {"import": 25656, "export": 0, "id": "BR"}, {"import": 0, "export": 0, "id": "CN"}, {"import": 0, "export": 0, "id": "GB"}], "import": 27638, "export": 0}, {"date": "2019-09-01", "list": [{"import": 666, "export": 0, "id": "US"}, {"import": 0, "export": 0, "id": "BR"}, {"import": 0, "export": 0, "id": "CN"}, {"import": 0, "export": 0, "id": "GB"}], "import": 666, "export": 0}, {"date": "2019-10-01", "list": [{"import": 1662, "export": 0, "id": "US"}, {"import": 0, "export": 0, "id": "BR"}, {"import": 0, "export": 0, "id": "CN"}, {"import": 0, "export": 0, "id": "GB"}], "import": 1662, "export": 0}, {"date": "2019-11-01", "list": [{"import": 727, "export": 0, "id": "US"}, {"import": 0, "export": 0, "id": "BR"}, {"import": 0, "export": 0, "id": "CN"}, {"import": 0, "export": 0, "id": "GB"}], "import": 727, "export": 0}, {"date": "2019-12-01", "list": [{"import": 1650, "export": 0, "id": "US"}, {"import": 0, "export": 0, "id": "BR"}, {"import": 0, "export": 0, "id": "CN"}, {"import": 0, "export": 0, "id": "GB"}], "import": 1650, "export": 0}]