[{"date": "12-01", "list": [{"import": 1, "export": 0, "id": "-"}], "import": 16, "export": 0}, {"date": "1-01", "list": [{"import": 2, "export": 0, "id": "-"}], "import": 9, "export": 0}, {"date": "2-01", "list": [{"import": 5345, "export": 0, "id": "IT"}, {"import": 1413, "export": 0, "id": "IN"}, {"import": 1878, "export": 0, "id": "MM"}, {"import": 3838, "export": 0, "id": "BE"}, {"import": 2822, "export": 0, "id": "NL"}, {"import": 809, "export": 0, "id": "PK"}, {"import": 843, "export": 0, "id": "ES"}, {"import": 110, "export": 0, "id": "VN"}, {"import": 718, "export": 0, "id": "TH"}, {"import": 452, "export": 0, "id": "KH"}, {"import": 503, "export": 0, "id": "US"}, {"import": 296, "export": 0, "id": "FR"}, {"import": 300, "export": 0, "id": "GY"}, {"import": 147, "export": 0, "id": "UY"}, {"import": 241, "export": 0, "id": "PL"}, {"import": 67, "export": 0, "id": "PT"}, {"import": 32, "export": 0, "id": "AT"}, {"import": 0, "export": 0, "id": "IR"}, {"import": 0, "export": 0, "id": "CN"}, {"import": 8, "export": 0, "id": "TR"}, {"import": 107, "export": 0, "id": "GB"}, {"import": 2, "export": 0, "id": "MK"}, {"import": 50, "export": 0, "id": "DK"}, {"import": 60, "export": 0, "id": "JP"}, {"import": 2, "export": 0, "id": "-"}], "import": 20043, "export": 0}, {"date": "Unnamed: 3-01", "list": [{"import": 3983, "export": 0, "id": "IT"}, {"import": 1134, "export": 0, "id": "IN"}, {"import": 2579, "export": 0, "id": "MM"}, {"import": 3577, "export": 0, "id": "BE"}, {"import": 2513, "export": 0, "id": "NL"}, {"import": 654, "export": 0, "id": "PK"}, {"import": 623, "export": 0, "id": "ES"}, {"import": 199, "export": 0, "id": "VN"}, {"import": 698, "export": 0, "id": "TH"}, {"import": 1030, "export": 0, "id": "KH"}, {"import": 770, "export": 0, "id": "US"}, {"import": 378, "export": 0, "id": "FR"}, {"import": 125, "export": 0, "id": "GY"}, {"import": 312, "export": 0, "id": "UY"}, {"import": 129, "export": 0, "id": "PL"}, {"import": 31, "export": 0, "id": "PT"}, {"import": 1, "export": 0, "id": "AT"}, {"import": 0, "export": 0, "id": "IR"}, {"import": 0, "export": 0, "id": "CN"}, {"import": 28, "export": 0, "id": "TR"}, {"import": 218, "export": 0, "id": "GB"}, {"import": 0, "export": 0, "id": "MK"}, {"import": 49, "export": 0, "id": "DK"}, {"import": 30, "export": 0, "id": "JP"}], "import": 19061, "export": 0}, {"date": "Unnamed: 4-01", "list": [{"import": 7562, "export": 0, "id": "IT"}, {"import": 1963, "export": 0, "id": "IN"}, {"import": 2546, "export": 0, "id": "MM"}, {"import": 3589, "export": 0, "id": "BE"}, {"import": 1397, "export": 0, "id": "NL"}, {"import": 1010, "export": 0, "id": "PK"}, {"import": 768, "export": 0, "id": "ES"}, {"import": 541, "export": 0, "id": "VN"}, {"import": 1544, "export": 0, "id": "TH"}, {"import": 1645, "export": 0, "id": "KH"}, {"import": 1110, "export": 0, "id": "US"}, {"import": 570, "export": 0, "id": "FR"}, {"import": 100, "export": 0, "id": "GY"}, {"import": 211, "export": 0, "id": "UY"}, {"import": 199, "export": 0, "id": "PL"}, {"import": 14, "export": 0, "id": "PT"}, {"import": 47, "export": 0, "id": "AT"}, {"import": 0, "export": 0, "id": "IR"}, {"import": 2, "export": 0, "id": "CN"}, {"import": 5, "export": 0, "id": "TR"}, {"import": 59, "export": 0, "id": "GB"}, {"import": 1, "export": 0, "id": "MK"}, {"import": 1, "export": 0, "id": "DK"}, {"import": 11, "export": 0, "id": "JP"}], "import": 24895, "export": 0}, {"date": "Unnamed: 5-01", "list": [{"import": 5446, "export": 0, "id": "IT"}, {"import": 1651, "export": 0, "id": "IN"}, {"import": 2488, "export": 0, "id": "MM"}, {"import": 4656, "export": 0, "id": "BE"}, {"import": 5565, "export": 0, "id": "NL"}, {"import": 958, "export": 0, "id": "PK"}, {"import": 664, "export": 0, "id": "ES"}, {"import": 369, "export": 0, "id": "VN"}, {"import": 466, "export": 0, "id": "TH"}, {"import": 1410, "export": 0, "id": "KH"}, {"import": 465, "export": 0, "id": "US"}, {"import": 386, "export": 0, "id": "FR"}, {"import": 400, "export": 0, "id": "GY"}, {"import": 187, "export": 0, "id": "UY"}, {"import": 103, "export": 0, "id": "PL"}, {"import": 4, "export": 0, "id": "PT"}, {"import": 5, "export": 0, "id": "AT"}, {"import": 5, "export": 0, "id": "IR"}, {"import": 3, "export": 0, "id": "CN"}, {"import": 0, "export": 0, "id": "TR"}, {"import": 38, "export": 0, "id": "GB"}, {"import": 0, "export": 0, "id": "MK"}, {"import": 90, "export": 0, "id": "DK"}, {"import": 14, "export": 0, "id": "JP"}], "import": 25373, "export": 0}, {"date": "Unnamed: 6-01", "list": [{"import": 9535, "export": 0, "id": "IT"}, {"import": 1271, "export": 0, "id": "IN"}, {"import": 1172, "export": 0, "id": "MM"}, {"import": 1616, "export": 0, "id": "BE"}, {"import": 2181, "export": 0, "id": "NL"}, {"import": 1807, "export": 0, "id": "PK"}, {"import": 463, "export": 0, "id": "ES"}, {"import": 1065, "export": 0, "id": "VN"}, {"import": 1050, "export": 0, "id": "TH"}, {"import": 1408, "export": 0, "id": "KH"}, {"import": 702, "export": 0, "id": "US"}, {"import": 374, "export": 0, "id": "FR"}, {"import": 374, "export": 0, "id": "GY"}, {"import": 248, "export": 0, "id": "UY"}, {"import": 207, "export": 0, "id": "PL"}, {"import": 14, "export": 0, "id": "PT"}, {"import": 46, "export": 0, "id": "AT"}, {"import": 2, "export": 0, "id": "IR"}, {"import": 0, "export": 0, "id": "CN"}, {"import": 50, "export": 0, "id": "TR"}, {"import": 33, "export": 0, "id": "GB"}, {"import": 0, "export": 0, "id": "MK"}, {"import": 76, "export": 0, "id": "DK"}, {"import": 7, "export": 0, "id": "JP"}], "import": 23701, "export": 0}, {"date": "Unnamed: 7-01", "list": [{"import": 6927, "export": 0, "id": "IT"}, {"import": 845, "export": 0, "id": "IN"}, {"import": 3279, "export": 0, "id": "MM"}, {"import": 4191, "export": 0, "id": "BE"}, {"import": 3074, "export": 0, "id": "NL"}, {"import": 816, "export": 0, "id": "PK"}, {"import": 553, "export": 0, "id": "ES"}, {"import": 329, "export": 0, "id": "VN"}, {"import": 1714, "export": 0, "id": "TH"}, {"import": 2077, "export": 0, "id": "KH"}, {"import": 182, "export": 0, "id": "US"}, {"import": 429, "export": 0, "id": "FR"}, {"import": 0, "export": 0, "id": "GY"}, {"import": 89, "export": 0, "id": "UY"}, {"import": 152, "export": 0, "id": "PL"}, {"import": 10, "export": 0, "id": "PT"}, {"import": 24, "export": 0, "id": "AT"}, {"import": 3, "export": 0, "id": "IR"}, {"import": 70, "export": 0, "id": "CN"}, {"import": 21, "export": 0, "id": "TR"}, {"import": 28, "export": 0, "id": "GB"}, {"import": 23, "export": 0, "id": "MK"}, {"import": 72, "export": 0, "id": "DK"}, {"import": 87, "export": 0, "id": "JP"}], "import": 24995, "export": 0}, {"date": "Unnamed: 8-01", "list": [{"import": 5834, "export": 0, "id": "IT"}, {"import": 1079, "export": 0, "id": "IN"}, {"import": 3073, "export": 0, "id": "MM"}, {"import": 3735, "export": 0, "id": "BE"}, {"import": 4632, "export": 0, "id": "NL"}, {"import": 568, "export": 0, "id": "PK"}, {"import": 534, "export": 0, "id": "ES"}, {"import": 212, "export": 0, "id": "VN"}, {"import": 831, "export": 0, "id": "TH"}, {"import": 1491, "export": 0, "id": "KH"}, {"import": 344, "export": 0, "id": "US"}, {"import": 299, "export": 0, "id": "FR"}, {"import": 0, "export": 0, "id": "GY"}, {"import": 229, "export": 0, "id": "UY"}, {"import": 102, "export": 0, "id": "PL"}, {"import": 2, "export": 0, "id": "PT"}, {"import": 2, "export": 0, "id": "AT"}, {"import": 11, "export": 0, "id": "IR"}, {"import": 40, "export": 0, "id": "CN"}, {"import": 5, "export": 0, "id": "TR"}, {"import": 35, "export": 0, "id": "GB"}, {"import": 0, "export": 0, "id": "MK"}, {"import": 74, "export": 0, "id": "DK"}, {"import": 66, "export": 0, "id": "JP"}], "import": 23198, "export": 0}, {"date": "Unnamed: 9-01", "list": [{"import": 14295, "export": 0, "id": "IT"}, {"import": 1876, "export": 0, "id": "IN"}, {"import": 5308, "export": 0, "id": "MM"}, {"import": 6492, "export": 0, "id": "BE"}, {"import": 5023, "export": 0, "id": "NL"}, {"import": 1337, "export": 0, "id": "PK"}, {"import": 1138, "export": 0, "id": "ES"}, {"import": 693, "export": 0, "id": "VN"}, {"import": 1618, "export": 0, "id": "TH"}, {"import": 2281, "export": 0, "id": "KH"}, {"import": 461, "export": 0, "id": "US"}, {"import": 349, "export": 0, "id": "FR"}, {"import": 0, "export": 0, "id": "GY"}, {"import": 0, "export": 0, "id": "UY"}, {"import": 225, "export": 0, "id": "PL"}, {"import": 12, "export": 0, "id": "PT"}, {"import": 41, "export": 0, "id": "AT"}, {"import": 12, "export": 0, "id": "IR"}, {"import": 27, "export": 0, "id": "CN"}, {"import": 23, "export": 0, "id": "TR"}, {"import": 44, "export": 0, "id": "GB"}, {"import": 0, "export": 0, "id": "MK"}, {"import": 37, "export": 0, "id": "DK"}, {"import": 13, "export": 0, "id": "JP"}], "import": 41305, "export": 0}, {"date": "Unnamed: 10-01", "list": [{"import": 14226, "export": 0, "id": "IT"}, {"import": 1989, "export": 0, "id": "IN"}, {"import": 6206, "export": 0, "id": "MM"}, {"import": 4266, "export": 0, "id": "BE"}, {"import": 2851, "export": 0, "id": "NL"}, {"import": 1435, "export": 0, "id": "PK"}, {"import": 380, "export": 0, "id": "ES"}, {"import": 851, "export": 0, "id": "VN"}, {"import": 1835, "export": 0, "id": "TH"}, {"import": 1424, "export": 0, "id": "KH"}, {"import": 711, "export": 0, "id": "US"}, {"import": 373, "export": 0, "id": "FR"}, {"import": 0, "export": 0, "id": "GY"}, {"import": 51, "export": 0, "id": "UY"}, {"import": 195, "export": 0, "id": "PL"}, {"import": 24, "export": 0, "id": "PT"}, {"import": 9, "export": 0, "id": "AT"}, {"import": 0, "export": 0, "id": "IR"}, {"import": 147, "export": 0, "id": "CN"}, {"import": 31, "export": 0, "id": "TR"}, {"import": 29, "export": 0, "id": "GB"}, {"import": 0, "export": 0, "id": "MK"}, {"import": 86, "export": 0, "id": "DK"}, {"import": 12, "export": 0, "id": "JP"}], "import": 37131, "export": 0}, {"date": "Unnamed: 11-01", "list": [{"import": 7884, "export": 0, "id": "IT"}, {"import": 1092, "export": 0, "id": "IN"}, {"import": 1438, "export": 0, "id": "MM"}, {"import": 4746, "export": 0, "id": "BE"}, {"import": 3176, "export": 0, "id": "NL"}, {"import": 1866, "export": 0, "id": "PK"}, {"import": 1837, "export": 0, "id": "ES"}, {"import": 36, "export": 0, "id": "VN"}, {"import": 904, "export": 0, "id": "TH"}, {"import": 1177, "export": 0, "id": "KH"}, {"import": 347, "export": 0, "id": "US"}, {"import": 706, "export": 0, "id": "FR"}, {"import": 0, "export": 0, "id": "GY"}, {"import": 41, "export": 0, "id": "UY"}, {"import": 252, "export": 0, "id": "PL"}, {"import": 62, "export": 0, "id": "PT"}, {"import": 181, "export": 0, "id": "AT"}, {"import": 39, "export": 0, "id": "IR"}, {"import": 32, "export": 0, "id": "CN"}, {"import": 61, "export": 0, "id": "TR"}, {"import": 26, "export": 0, "id": "GB"}, {"import": 1, "export": 0, "id": "MK"}, {"import": 36, "export": 0, "id": "DK"}, {"import": 51, "export": 0, "id": "JP"}], "import": 25991, "export": 0}, {"date": "Unnamed: 12-01", "list": [{"import": 8214, "export": 0, "id": "IT"}, {"import": 2021, "export": 0, "id": "IN"}, {"import": 1152, "export": 0, "id": "MM"}, {"import": 4741, "export": 0, "id": "BE"}, {"import": 1701, "export": 0, "id": "NL"}, {"import": 1679, "export": 0, "id": "PK"}, {"import": 1174, "export": 0, "id": "ES"}, {"import": 473, "export": 0, "id": "VN"}, {"import": 792, "export": 0, "id": "TH"}, {"import": 469, "export": 0, "id": "KH"}, {"import": 656, "export": 0, "id": "US"}, {"import": 598, "export": 0, "id": "FR"}, {"import": 300, "export": 0, "id": "GY"}, {"import": 84, "export": 0, "id": "UY"}, {"import": 189, "export": 0, "id": "PL"}, {"import": 23, "export": 0, "id": "PT"}, {"import": 145, "export": 0, "id": "AT"}, {"import": 14, "export": 0, "id": "IR"}, {"import": 98, "export": 0, "id": "CN"}, {"import": 4, "export": 0, "id": "TR"}, {"import": 2, "export": 0, "id": "GB"}, {"import": 0, "export": 0, "id": "MK"}, {"import": 65, "export": 0, "id": "DK"}, {"import": 25, "export": 0, "id": "JP"}], "import": 24619, "export": 0}, {"date": "Unnamed: 13-01", "list": [{"import": 7172, "export": 0, "id": "IT"}, {"import": 3374, "export": 0, "id": "IN"}, {"import": 2682, "export": 0, "id": "MM"}, {"import": 2372, "export": 0, "id": "BE"}, {"import": 1821, "export": 0, "id": "NL"}, {"import": 1379, "export": 0, "id": "PK"}, {"import": 971, "export": 0, "id": "ES"}, {"import": 882, "export": 0, "id": "VN"}, {"import": 736, "export": 0, "id": "TH"}, {"import": 631, "export": 0, "id": "KH"}, {"import": 482, "export": 0, "id": "US"}, {"import": 469, "export": 0, "id": "FR"}, {"import": 344, "export": 0, "id": "GY"}, {"import": 231, "export": 0, "id": "UY"}, {"import": 123, "export": 0, "id": "PL"}, {"import": 72, "export": 0, "id": "PT"}, {"import": 69, "export": 0, "id": "AT"}, {"import": 50, "export": 0, "id": "IR"}, {"import": 42, "export": 0, "id": "CN"}, {"import": 42, "export": 0, "id": "TR"}, {"import": 38, "export": 0, "id": "GB"}, {"import": 23, "export": 0, "id": "MK"}, {"import": 19, "export": 0, "id": "DK"}, {"import": 9, "export": 0, "id": "JP"}], "import": 24033, "export": 0}, {"date": "2018-12-01", "list": [{"import": 0, "export": 4707, "id": "PL"}, {"import": 0, "export": 590, "id": "AT"}, {"import": 0, "export": 196, "id": "FR"}, {"import": 0, "export": 308, "id": "DK"}, {"import": 0, "export": 186, "id": "NL"}, {"import": 0, "export": 822, "id": "HU"}, {"import": 0, "export": 54, "id": "CH"}, {"import": 0, "export": 238, "id": "BE"}, {"import": 0, "export": 7, "id": "-"}, {"import": 0, "export": 117, "id": "IT"}, {"import": 0, "export": 49, "id": "FI"}, {"import": 0, "export": 41, "id": "ES"}, {"import": 0, "export": 57, "id": "GB"}, {"import": 0, "export": 3, "id": "LV"}, {"import": 0, "export": 28, "id": "LU"}, {"import": 0, "export": 9, "id": "NO"}, {"import": 0, "export": 220, "id": "SE"}, {"import": 0, "export": 32, "id": "GR"}, {"import": 0, "export": 8, "id": "SK"}, {"import": 0, "export": 0, "id": "AF"}, {"import": 0, "export": 1, "id": "BG"}, {"import": 0, "export": 7, "id": "HR"}, {"import": 0, "export": 2, "id": "PT"}, {"import": 0, "export": 1, "id": "RO"}, {"import": 0, "export": 2, "id": "IE"}, {"import": 0, "export": 1, "id": "MN"}, {"import": 0, "export": 5, "id": "SI"}, {"import": 0, "export": 0, "id": "BA"}, {"import": 0, "export": 2, "id": "GH"}, {"import": 0, "export": 0, "id": "PF"}, {"import": 0, "export": 0, "id": "GE"}, {"import": 0, "export": 0, "id": "GM"}, {"import": 0, "export": 0, "id": "LT"}, {"import": 0, "export": 0, "id": "IS"}, {"import": 0, "export": 0, "id": "JM"}, {"import": 0, "export": 0, "id": "KZ"}, {"import": 0, "export": 0, "id": "KP"}, {"import": 0, "export": 0, "id": "LB"}, {"import": 0, "export": 0, "id": "AM"}, {"import": 0, "export": 0, "id": "BB"}, {"import": 0, "export": 0, "id": "AL"}, {"import": 0, "export": 0, "id": "AR"}, {"import": 0, "export": 2, "id": "AU"}, {"import": 0, "export": 6, "id": "CY"}, {"import": 0, "export": 3, "id": "DO"}, {"import": 0, "export": 19, "id": "EE"}, {"import": 0, "export": 0, "id": "CA"}, {"import": 0, "export": 0, "id": "CL"}, {"import": 0, "export": 0, "id": "CR"}, {"import": 0, "export": 0, "id": "TG"}, {"import": 0, "export": 1, "id": "AE"}, {"import": 0, "export": 2, "id": "TR"}, {"import": 0, "export": 3, "id": "MK"}, {"import": 0, "export": 11, "id": "US"}, {"import": 0, "export": 0, "id": "UY"}, {"import": 0, "export": 1, "id": "MD"}, {"import": 0, "export": 0, "id": "ME"}, {"import": 0, "export": 1, "id": "MV"}, {"import": 0, "export": 0, "id": "MT"}, {"import": 0, "export": 0, "id": "NZ"}, {"import": 0, "export": 0, "id": "NE"}, {"import": 0, "export": 1, "id": "NG"}, {"import": 0, "export": 0, "id": "RU"}, {"import": 0, "export": 0, "id": "SA"}, {"import": 0, "export": 0, "id": "RS"}, {"import": 0, "export": 0, "id": "SG"}, {"import": 0, "export": 0, "id": "VN"}, {"import": 0, "export": 0, "id": "PY"}, {"import": 0, "export": 0, "id": "PE"}], "import": 0, "export": 7999}, {"date": "2019-01-01", "list": [{"import": 0, "export": 8751, "id": "PL"}, {"import": 0, "export": 579, "id": "AT"}, {"import": 0, "export": 205, "id": "FR"}, {"import": 0, "export": 223, "id": "DK"}, {"import": 0, "export": 209, "id": "NL"}, {"import": 0, "export": 30, "id": "HU"}, {"import": 0, "export": 55, "id": "CH"}, {"import": 0, "export": 229, "id": "BE"}, {"import": 0, "export": 7, "id": "-"}, {"import": 0, "export": 71, "id": "IT"}, {"import": 0, "export": 75, "id": "FI"}, {"import": 0, "export": 11, "id": "ES"}, {"import": 0, "export": 108, "id": "GB"}, {"import": 0, "export": 2, "id": "LV"}, {"import": 0, "export": 29, "id": "LU"}, {"import": 0, "export": 5, "id": "NO"}, {"import": 0, "export": 145, "id": "SE"}, {"import": 0, "export": 7, "id": "GR"}, {"import": 0, "export": 7, "id": "SK"}, {"import": 0, "export": 0, "id": "AF"}, {"import": 0, "export": 2, "id": "BG"}, {"import": 0, "export": 3, "id": "HR"}, {"import": 0, "export": 5, "id": "PT"}, {"import": 0, "export": 3, "id": "RO"}, {"import": 0, "export": 1, "id": "IE"}, {"import": 0, "export": 0, "id": "MN"}, {"import": 0, "export": 36, "id": "SI"}, {"import": 0, "export": 1, "id": "BA"}, {"import": 0, "export": 3, "id": "GH"}, {"import": 0, "export": 0, "id": "PF"}, {"import": 0, "export": 1, "id": "GE"}, {"import": 0, "export": 0, "id": "GM"}, {"import": 0, "export": 5, "id": "LT"}, {"import": 0, "export": 26, "id": "IS"}, {"import": 0, "export": 0, "id": "JM"}, {"import": 0, "export": 0, "id": "KZ"}, {"import": 0, "export": 0, "id": "KP"}, {"import": 0, "export": 0, "id": "LB"}, {"import": 0, "export": 0, "id": "AM"}, {"import": 0, "export": 0, "id": "BB"}, {"import": 0, "export": 0, "id": "AL"}, {"import": 0, "export": 0, "id": "AR"}, {"import": 0, "export": 0, "id": "AU"}, {"import": 0, "export": 0, "id": "CY"}, {"import": 0, "export": 1, "id": "DO"}, {"import": 0, "export": 44, "id": "EE"}, {"import": 0, "export": 0, "id": "CA"}, {"import": 0, "export": 1, "id": "CL"}, {"import": 0, "export": 0, "id": "CR"}, {"import": 0, "export": 0, "id": "TG"}, {"import": 0, "export": 0, "id": "AE"}, {"import": 0, "export": 0, "id": "TR"}, {"import": 0, "export": 0, "id": "MK"}, {"import": 0, "export": 0, "id": "US"}, {"import": 0, "export": 0, "id": "UY"}, {"import": 0, "export": 0, "id": "MD"}, {"import": 0, "export": 0, "id": "ME"}, {"import": 0, "export": 0, "id": "MV"}, {"import": 0, "export": 0, "id": "MT"}, {"import": 0, "export": 0, "id": "NZ"}, {"import": 0, "export": 0, "id": "NE"}, {"import": 0, "export": 0, "id": "NG"}, {"import": 0, "export": 0, "id": "RU"}, {"import": 0, "export": 0, "id": "SA"}, {"import": 0, "export": 0, "id": "RS"}, {"import": 0, "export": 0, "id": "SG"}, {"import": 0, "export": 0, "id": "VN"}, {"import": 0, "export": 0, "id": "PY"}, {"import": 0, "export": 0, "id": "PE"}], "import": 0, "export": 11161}, {"date": "2019-02-01", "list": [{"import": 0, "export": 2599, "id": "PL"}, {"import": 0, "export": 434, "id": "AT"}, {"import": 0, "export": 123, "id": "FR"}, {"import": 0, "export": 260, "id": "DK"}, {"import": 0, "export": 254, "id": "NL"}, {"import": 0, "export": 31, "id": "HU"}, {"import": 0, "export": 44, "id": "CH"}, {"import": 0, "export": 101, "id": "BE"}, {"import": 0, "export": 6, "id": "-"}, {"import": 0, "export": 90, "id": "IT"}, {"import": 0, "export": 31, "id": "FI"}, {"import": 0, "export": 43, "id": "ES"}, {"import": 0, "export": 29, "id": "GB"}, {"import": 0, "export": 3, "id": "LV"}, {"import": 0, "export": 26, "id": "LU"}, {"import": 0, "export": 7, "id": "NO"}, {"import": 0, "export": 223, "id": "SE"}, {"import": 0, "export": 36, "id": "GR"}, {"import": 0, "export": 2, "id": "SK"}, {"import": 0, "export": 0, "id": "AF"}, {"import": 0, "export": 2, "id": "BG"}, {"import": 0, "export": 5, "id": "HR"}, {"import": 0, "export": 3, "id": "PT"}, {"import": 0, "export": 2, "id": "RO"}, {"import": 0, "export": 2, "id": "IE"}, {"import": 0, "export": 0, "id": "MN"}, {"import": 0, "export": 3, "id": "SI"}, {"import": 0, "export": 1, "id": "BA"}, {"import": 0, "export": 3, "id": "GH"}, {"import": 0, "export": 0, "id": "PF"}, {"import": 0, "export": 1, "id": "GE"}, {"import": 0, "export": 0, "id": "GM"}, {"import": 0, "export": 2, "id": "LT"}, {"import": 0, "export": 0, "id": "IS"}, {"import": 0, "export": 1, "id": "JM"}, {"import": 0, "export": 0, "id": "KZ"}, {"import": 0, "export": 1, "id": "KP"}, {"import": 0, "export": 0, "id": "LB"}, {"import": 0, "export": 0, "id": "AM"}, {"import": 0, "export": 0, "id": "BB"}, {"import": 0, "export": 0, "id": "AL"}, {"import": 0, "export": 0, "id": "AR"}, {"import": 0, "export": 0, "id": "AU"}, {"import": 0, "export": 23, "id": "CY"}, {"import": 0, "export": 2, "id": "DO"}, {"import": 0, "export": 29, "id": "EE"}, {"import": 0, "export": 0, "id": "CA"}, {"import": 0, "export": 0, "id": "CL"}, {"import": 0, "export": 0, "id": "CR"}, {"import": 0, "export": 0, "id": "TG"}, {"import": 0, "export": 0, "id": "AE"}, {"import": 0, "export": 0, "id": "TR"}, {"import": 0, "export": 3, "id": "MK"}, {"import": 0, "export": 0, "id": "US"}, {"import": 0, "export": 0, "id": "UY"}, {"import": 0, "export": 1, "id": "MD"}, {"import": 0, "export": 0, "id": "ME"}, {"import": 0, "export": 0, "id": "MV"}, {"import": 0, "export": 0, "id": "MT"}, {"import": 0, "export": 0, "id": "NZ"}, {"import": 0, "export": 0, "id": "NE"}, {"import": 0, "export": 0, "id": "NG"}, {"import": 0, "export": 0, "id": "RU"}, {"import": 0, "export": 0, "id": "SA"}, {"import": 0, "export": 0, "id": "RS"}, {"import": 0, "export": 2, "id": "SG"}, {"import": 0, "export": 0, "id": "VN"}, {"import": 0, "export": 0, "id": "PY"}, {"import": 0, "export": 0, "id": "PE"}], "import": 0, "export": 4456}, {"date": "2019-03-01", "list": [{"import": 0, "export": 1599, "id": "PL"}, {"import": 0, "export": 407, "id": "AT"}, {"import": 0, "export": 243, "id": "FR"}, {"import": 0, "export": 198, "id": "DK"}, {"import": 0, "export": 694, "id": "NL"}, {"import": 0, "export": 10, "id": "HU"}, {"import": 0, "export": 75, "id": "CH"}, {"import": 0, "export": 300, "id": "BE"}, {"import": 0, "export": 8, "id": "-"}, {"import": 0, "export": 53, "id": "IT"}, {"import": 0, "export": 54, "id": "FI"}, {"import": 0, "export": 14, "id": "ES"}, {"import": 0, "export": 58, "id": "GB"}, {"import": 0, "export": 3, "id": "LV"}, {"import": 0, "export": 21, "id": "LU"}, {"import": 0, "export": 24, "id": "NO"}, {"import": 0, "export": 224, "id": "SE"}, {"import": 0, "export": 19, "id": "GR"}, {"import": 0, "export": 30, "id": "SK"}, {"import": 0, "export": 0, "id": "AF"}, {"import": 0, "export": 3, "id": "BG"}, {"import": 0, "export": 3, "id": "HR"}, {"import": 0, "export": 4, "id": "PT"}, {"import": 0, "export": 4, "id": "RO"}, {"import": 0, "export": 1, "id": "IE"}, {"import": 0, "export": 3, "id": "MN"}, {"import": 0, "export": 14, "id": "SI"}, {"import": 0, "export": 1, "id": "BA"}, {"import": 0, "export": 4, "id": "GH"}, {"import": 0, "export": 0, "id": "PF"}, {"import": 0, "export": 1, "id": "GE"}, {"import": 0, "export": 0, "id": "GM"}, {"import": 0, "export": 5, "id": "LT"}, {"import": 0, "export": 0, "id": "IS"}, {"import": 0, "export": 0, "id": "JM"}, {"import": 0, "export": 0, "id": "KZ"}, {"import": 0, "export": 0, "id": "KP"}, {"import": 0, "export": 0, "id": "LB"}, {"import": 0, "export": 0, "id": "AM"}, {"import": 0, "export": 0, "id": "BB"}, {"import": 0, "export": 0, "id": "AL"}, {"import": 0, "export": 0, "id": "AR"}, {"import": 0, "export": 0, "id": "AU"}, {"import": 0, "export": 0, "id": "CY"}, {"import": 0, "export": 0, "id": "DO"}, {"import": 0, "export": 21, "id": "EE"}, {"import": 0, "export": 0, "id": "CA"}, {"import": 0, "export": 0, "id": "CL"}, {"import": 0, "export": 0, "id": "CR"}, {"import": 0, "export": 0, "id": "TG"}, {"import": 0, "export": 0, "id": "AE"}, {"import": 0, "export": 0, "id": "TR"}, {"import": 0, "export": 3, "id": "MK"}, {"import": 0, "export": 0, "id": "US"}, {"import": 0, "export": 0, "id": "UY"}, {"import": 0, "export": 0, "id": "MD"}, {"import": 0, "export": 0, "id": "ME"}, {"import": 0, "export": 2, "id": "MV"}, {"import": 0, "export": 0, "id": "MT"}, {"import": 0, "export": 0, "id": "NZ"}, {"import": 0, "export": 0, "id": "NE"}, {"import": 0, "export": 0, "id": "NG"}, {"import": 0, "export": 0, "id": "RU"}, {"import": 0, "export": 0, "id": "SA"}, {"import": 0, "export": 3, "id": "RS"}, {"import": 0, "export": 2, "id": "SG"}, {"import": 0, "export": 0, "id": "VN"}, {"import": 0, "export": 0, "id": "PY"}, {"import": 0, "export": 0, "id": "PE"}], "import": 0, "export": 4205}, {"date": "2019-04-01", "list": [{"import": 0, "export": 1520, "id": "PL"}, {"import": 0, "export": 549, "id": "AT"}, {"import": 0, "export": 153, "id": "FR"}, {"import": 0, "export": 316, "id": "DK"}, {"import": 0, "export": 1058, "id": "NL"}, {"import": 0, "export": 217, "id": "HU"}, {"import": 0, "export": 64, "id": "CH"}, {"import": 0, "export": 280, "id": "BE"}, {"import": 0, "export": 23, "id": "-"}, {"import": 0, "export": 75, "id": "IT"}, {"import": 0, "export": 43, "id": "FI"}, {"import": 0, "export": 15, "id": "ES"}, {"import": 0, "export": 135, "id": "GB"}, {"import": 0, "export": 12, "id": "LV"}, {"import": 0, "export": 23, "id": "LU"}, {"import": 0, "export": 11, "id": "NO"}, {"import": 0, "export": 248, "id": "SE"}, {"import": 0, "export": 42, "id": "GR"}, {"import": 0, "export": 2, "id": "SK"}, {"import": 0, "export": 0, "id": "AF"}, {"import": 0, "export": 3, "id": "BG"}, {"import": 0, "export": 3, "id": "HR"}, {"import": 0, "export": 6, "id": "PT"}, {"import": 0, "export": 1, "id": "RO"}, {"import": 0, "export": 2, "id": "IE"}, {"import": 0, "export": 0, "id": "MN"}, {"import": 0, "export": 25, "id": "SI"}, {"import": 0, "export": 1, "id": "BA"}, {"import": 0, "export": 2, "id": "GH"}, {"import": 0, "export": 0, "id": "PF"}, {"import": 0, "export": 0, "id": "GE"}, {"import": 0, "export": 0, "id": "GM"}, {"import": 0, "export": 28, "id": "LT"}, {"import": 0, "export": 0, "id": "IS"}, {"import": 0, "export": 0, "id": "JM"}, {"import": 0, "export": 0, "id": "KZ"}, {"import": 0, "export": 0, "id": "KP"}, {"import": 0, "export": 0, "id": "LB"}, {"import": 0, "export": 0, "id": "AM"}, {"import": 0, "export": 0, "id": "BB"}, {"import": 0, "export": 0, "id": "AL"}, {"import": 0, "export": 0, "id": "AR"}, {"import": 0, "export": 0, "id": "AU"}, {"import": 0, "export": 29, "id": "CY"}, {"import": 0, "export": 0, "id": "DO"}, {"import": 0, "export": 70, "id": "EE"}, {"import": 0, "export": 0, "id": "CA"}, {"import": 0, "export": 0, "id": "CL"}, {"import": 0, "export": 0, "id": "CR"}, {"import": 0, "export": 0, "id": "TG"}, {"import": 0, "export": 0, "id": "AE"}, {"import": 0, "export": 0, "id": "TR"}, {"import": 0, "export": 0, "id": "MK"}, {"import": 0, "export": 0, "id": "US"}, {"import": 0, "export": 0, "id": "UY"}, {"import": 0, "export": 1, "id": "MD"}, {"import": 0, "export": 0, "id": "ME"}, {"import": 0, "export": 2, "id": "MV"}, {"import": 0, "export": 0, "id": "MT"}, {"import": 0, "export": 0, "id": "NZ"}, {"import": 0, "export": 0, "id": "NE"}, {"import": 0, "export": 0, "id": "NG"}, {"import": 0, "export": 0, "id": "RU"}, {"import": 0, "export": 0, "id": "SA"}, {"import": 0, "export": 0, "id": "RS"}, {"import": 0, "export": 1, "id": "SG"}, {"import": 0, "export": 0, "id": "VN"}, {"import": 0, "export": 0, "id": "PY"}, {"import": 0, "export": 0, "id": "PE"}], "import": 0, "export": 5343}, {"date": "2019-05-01", "list": [{"import": 0, "export": 3418, "id": "PL"}, {"import": 0, "export": 576, "id": "AT"}, {"import": 0, "export": 156, "id": "FR"}, {"import": 0, "export": 301, "id": "DK"}, {"import": 0, "export": 193, "id": "NL"}, {"import": 0, "export": 33, "id": "HU"}, {"import": 0, "export": 64, "id": "CH"}, {"import": 0, "export": 116, "id": "BE"}, {"import": 0, "export": 19, "id": "-"}, {"import": 0, "export": 105, "id": "IT"}, {"import": 0, "export": 67, "id": "FI"}, {"import": 0, "export": 29, "id": "ES"}, {"import": 0, "export": 39, "id": "GB"}, {"import": 0, "export": 6, "id": "LV"}, {"import": 0, "export": 27, "id": "LU"}, {"import": 0, "export": 0, "id": "NO"}, {"import": 0, "export": 130, "id": "SE"}, {"import": 0, "export": 14, "id": "GR"}, {"import": 0, "export": 6, "id": "SK"}, {"import": 0, "export": 0, "id": "AF"}, {"import": 0, "export": 1, "id": "BG"}, {"import": 0, "export": 7, "id": "HR"}, {"import": 0, "export": 7, "id": "PT"}, {"import": 0, "export": 2, "id": "RO"}, {"import": 0, "export": 2, "id": "IE"}, {"import": 0, "export": 4, "id": "MN"}, {"import": 0, "export": 2, "id": "SI"}, {"import": 0, "export": 1, "id": "BA"}, {"import": 0, "export": 2, "id": "GH"}, {"import": 0, "export": 0, "id": "PF"}, {"import": 0, "export": 0, "id": "GE"}, {"import": 0, "export": 0, "id": "GM"}, {"import": 0, "export": 1, "id": "LT"}, {"import": 0, "export": 1, "id": "IS"}, {"import": 0, "export": 0, "id": "JM"}, {"import": 0, "export": 0, "id": "KZ"}, {"import": 0, "export": 0, "id": "KP"}, {"import": 0, "export": 0, "id": "LB"}, {"import": 0, "export": 0, "id": "AM"}, {"import": 0, "export": 0, "id": "BB"}, {"import": 0, "export": 0, "id": "AL"}, {"import": 0, "export": 0, "id": "AR"}, {"import": 0, "export": 1, "id": "AU"}, {"import": 0, "export": 1, "id": "CY"}, {"import": 0, "export": 0, "id": "DO"}, {"import": 0, "export": 2, "id": "EE"}, {"import": 0, "export": 20, "id": "CA"}, {"import": 0, "export": 0, "id": "CL"}, {"import": 0, "export": 0, "id": "CR"}, {"import": 0, "export": 0, "id": "TG"}, {"import": 0, "export": 0, "id": "AE"}, {"import": 0, "export": 0, "id": "TR"}, {"import": 0, "export": 3, "id": "MK"}, {"import": 0, "export": 0, "id": "US"}, {"import": 0, "export": 0, "id": "UY"}, {"import": 0, "export": 0, "id": "MD"}, {"import": 0, "export": 0, "id": "ME"}, {"import": 0, "export": 0, "id": "MV"}, {"import": 0, "export": 0, "id": "MT"}, {"import": 0, "export": 0, "id": "NZ"}, {"import": 0, "export": 0, "id": "NE"}, {"import": 0, "export": 0, "id": "NG"}, {"import": 0, "export": 0, "id": "RU"}, {"import": 0, "export": 0, "id": "SA"}, {"import": 0, "export": 6, "id": "RS"}, {"import": 0, "export": 0, "id": "SG"}, {"import": 0, "export": 0, "id": "VN"}, {"import": 0, "export": 0, "id": "PY"}, {"import": 0, "export": 0, "id": "PE"}], "import": 0, "export": 5388}, {"date": "2019-06-01", "list": [{"import": 0, "export": 1344, "id": "PL"}, {"import": 0, "export": 512, "id": "AT"}, {"import": 0, "export": 163, "id": "FR"}, {"import": 0, "export": 200, "id": "DK"}, {"import": 0, "export": 256, "id": "NL"}, {"import": 0, "export": 203, "id": "HU"}, {"import": 0, "export": 43, "id": "CH"}, {"import": 0, "export": 193, "id": "BE"}, {"import": 0, "export": 10, "id": "-"}, {"import": 0, "export": 246, "id": "IT"}, {"import": 0, "export": 86, "id": "FI"}, {"import": 0, "export": 22, "id": "ES"}, {"import": 0, "export": 111, "id": "GB"}, {"import": 0, "export": 24, "id": "LV"}, {"import": 0, "export": 24, "id": "LU"}, {"import": 0, "export": 9, "id": "NO"}, {"import": 0, "export": 209, "id": "SE"}, {"import": 0, "export": 22, "id": "GR"}, {"import": 0, "export": 0, "id": "SK"}, {"import": 0, "export": 0, "id": "AF"}, {"import": 0, "export": 3, "id": "BG"}, {"import": 0, "export": 5, "id": "HR"}, {"import": 0, "export": 4, "id": "PT"}, {"import": 0, "export": 1, "id": "RO"}, {"import": 0, "export": 2, "id": "IE"}, {"import": 0, "export": 0, "id": "MN"}, {"import": 0, "export": 7, "id": "SI"}, {"import": 0, "export": 1, "id": "BA"}, {"import": 0, "export": 1, "id": "GH"}, {"import": 0, "export": 0, "id": "PF"}, {"import": 0, "export": 2, "id": "GE"}, {"import": 0, "export": 0, "id": "GM"}, {"import": 0, "export": 2, "id": "LT"}, {"import": 0, "export": 0, "id": "IS"}, {"import": 0, "export": 0, "id": "JM"}, {"import": 0, "export": 0, "id": "KZ"}, {"import": 0, "export": 0, "id": "KP"}, {"import": 0, "export": 0, "id": "LB"}, {"import": 0, "export": 0, "id": "AM"}, {"import": 0, "export": 0, "id": "BB"}, {"import": 0, "export": 0, "id": "AL"}, {"import": 0, "export": 0, "id": "AR"}, {"import": 0, "export": 0, "id": "AU"}, {"import": 0, "export": 17, "id": "CY"}, {"import": 0, "export": 0, "id": "DO"}, {"import": 0, "export": 17, "id": "EE"}, {"import": 0, "export": 20, "id": "CA"}, {"import": 0, "export": 0, "id": "CL"}, {"import": 0, "export": 0, "id": "CR"}, {"import": 0, "export": 0, "id": "TG"}, {"import": 0, "export": 0, "id": "AE"}, {"import": 0, "export": 0, "id": "TR"}, {"import": 0, "export": 0, "id": "MK"}, {"import": 0, "export": 0, "id": "US"}, {"import": 0, "export": 0, "id": "UY"}, {"import": 0, "export": 1, "id": "MD"}, {"import": 0, "export": 0, "id": "ME"}, {"import": 0, "export": 0, "id": "MV"}, {"import": 0, "export": 0, "id": "MT"}, {"import": 0, "export": 0, "id": "NZ"}, {"import": 0, "export": 0, "id": "NE"}, {"import": 0, "export": 0, "id": "NG"}, {"import": 0, "export": 0, "id": "RU"}, {"import": 0, "export": 0, "id": "SA"}, {"import": 0, "export": 10, "id": "RS"}, {"import": 0, "export": 0, "id": "SG"}, {"import": 0, "export": 0, "id": "VN"}, {"import": 0, "export": 0, "id": "PY"}, {"import": 0, "export": 0, "id": "PE"}], "import": 0, "export": 3965}, {"date": "2019-07-01", "list": [{"import": 0, "export": 4043, "id": "PL"}, {"import": 0, "export": 479, "id": "AT"}, {"import": 0, "export": 106, "id": "FR"}, {"import": 0, "export": 145, "id": "DK"}, {"import": 0, "export": 547, "id": "NL"}, {"import": 0, "export": 45, "id": "HU"}, {"import": 0, "export": 77, "id": "CH"}, {"import": 0, "export": 92, "id": "BE"}, {"import": 0, "export": 17, "id": "-"}, {"import": 0, "export": 48, "id": "IT"}, {"import": 0, "export": 43, "id": "FI"}, {"import": 0, "export": 12, "id": "ES"}, {"import": 0, "export": 44, "id": "GB"}, {"import": 0, "export": 1, "id": "LV"}, {"import": 0, "export": 29, "id": "LU"}, {"import": 0, "export": 12, "id": "NO"}, {"import": 0, "export": 39, "id": "SE"}, {"import": 0, "export": 20, "id": "GR"}, {"import": 0, "export": 8, "id": "SK"}, {"import": 0, "export": 0, "id": "AF"}, {"import": 0, "export": 3, "id": "BG"}, {"import": 0, "export": 9, "id": "HR"}, {"import": 0, "export": 3, "id": "PT"}, {"import": 0, "export": 1, "id": "RO"}, {"import": 0, "export": 0, "id": "IE"}, {"import": 0, "export": 0, "id": "MN"}, {"import": 0, "export": 7, "id": "SI"}, {"import": 0, "export": 0, "id": "BA"}, {"import": 0, "export": 2, "id": "GH"}, {"import": 0, "export": 0, "id": "PF"}, {"import": 0, "export": 0, "id": "GE"}, {"import": 0, "export": 0, "id": "GM"}, {"import": 0, "export": 0, "id": "LT"}, {"import": 0, "export": 18, "id": "IS"}, {"import": 0, "export": 1, "id": "JM"}, {"import": 0, "export": 0, "id": "KZ"}, {"import": 0, "export": 0, "id": "KP"}, {"import": 0, "export": 0, "id": "LB"}, {"import": 0, "export": 0, "id": "AM"}, {"import": 0, "export": 0, "id": "BB"}, {"import": 0, "export": 0, "id": "AL"}, {"import": 0, "export": 0, "id": "AR"}, {"import": 0, "export": 0, "id": "AU"}, {"import": 0, "export": 0, "id": "CY"}, {"import": 0, "export": 0, "id": "DO"}, {"import": 0, "export": 2, "id": "EE"}, {"import": 0, "export": 0, "id": "CA"}, {"import": 0, "export": 0, "id": "CL"}, {"import": 0, "export": 0, "id": "CR"}, {"import": 0, "export": 0, "id": "TG"}, {"import": 0, "export": 0, "id": "AE"}, {"import": 0, "export": 0, "id": "TR"}, {"import": 0, "export": 1, "id": "MK"}, {"import": 0, "export": 1, "id": "US"}, {"import": 0, "export": 0, "id": "UY"}, {"import": 0, "export": 0, "id": "MD"}, {"import": 0, "export": 4, "id": "ME"}, {"import": 0, "export": 0, "id": "MV"}, {"import": 0, "export": 1, "id": "MT"}, {"import": 0, "export": 0, "id": "NZ"}, {"import": 0, "export": 0, "id": "NE"}, {"import": 0, "export": 0, "id": "NG"}, {"import": 0, "export": 0, "id": "RU"}, {"import": 0, "export": 0, "id": "SA"}, {"import": 0, "export": 0, "id": "RS"}, {"import": 0, "export": 0, "id": "SG"}, {"import": 0, "export": 0, "id": "VN"}, {"import": 0, "export": 0, "id": "PY"}, {"import": 0, "export": 0, "id": "PE"}], "import": 0, "export": 5945}, {"date": "2019-08-01", "list": [{"import": 0, "export": 2508, "id": "PL"}, {"import": 0, "export": 373, "id": "AT"}, {"import": 0, "export": 149, "id": "FR"}, {"import": 0, "export": 366, "id": "DK"}, {"import": 0, "export": 168, "id": "NL"}, {"import": 0, "export": 7, "id": "HU"}, {"import": 0, "export": 26, "id": "CH"}, {"import": 0, "export": 156, "id": "BE"}, {"import": 0, "export": 34, "id": "-"}, {"import": 0, "export": 26, "id": "IT"}, {"import": 0, "export": 77, "id": "FI"}, {"import": 0, "export": 99, "id": "ES"}, {"import": 0, "export": 65, "id": "GB"}, {"import": 0, "export": 25, "id": "LV"}, {"import": 0, "export": 20, "id": "LU"}, {"import": 0, "export": 9, "id": "NO"}, {"import": 0, "export": 247, "id": "SE"}, {"import": 0, "export": 17, "id": "GR"}, {"import": 0, "export": 3, "id": "SK"}, {"import": 0, "export": 0, "id": "AF"}, {"import": 0, "export": 4, "id": "BG"}, {"import": 0, "export": 1, "id": "HR"}, {"import": 0, "export": 2, "id": "PT"}, {"import": 0, "export": 1, "id": "RO"}, {"import": 0, "export": 3, "id": "IE"}, {"import": 0, "export": 1, "id": "MN"}, {"import": 0, "export": 9, "id": "SI"}, {"import": 0, "export": 1, "id": "BA"}, {"import": 0, "export": 1, "id": "GH"}, {"import": 0, "export": 0, "id": "PF"}, {"import": 0, "export": 0, "id": "GE"}, {"import": 0, "export": 0, "id": "GM"}, {"import": 0, "export": 12, "id": "LT"}, {"import": 0, "export": 1, "id": "IS"}, {"import": 0, "export": 0, "id": "JM"}, {"import": 0, "export": 0, "id": "KZ"}, {"import": 0, "export": 0, "id": "KP"}, {"import": 0, "export": 0, "id": "LB"}, {"import": 0, "export": 0, "id": "AM"}, {"import": 0, "export": 0, "id": "BB"}, {"import": 0, "export": 8, "id": "AL"}, {"import": 0, "export": 0, "id": "AR"}, {"import": 0, "export": 0, "id": "AU"}, {"import": 0, "export": 0, "id": "CY"}, {"import": 0, "export": 0, "id": "DO"}, {"import": 0, "export": 20, "id": "EE"}, {"import": 0, "export": 0, "id": "CA"}, {"import": 0, "export": 0, "id": "CL"}, {"import": 0, "export": 0, "id": "CR"}, {"import": 0, "export": 0, "id": "TG"}, {"import": 0, "export": 0, "id": "AE"}, {"import": 0, "export": 0, "id": "TR"}, {"import": 0, "export": 2, "id": "MK"}, {"import": 0, "export": 0, "id": "US"}, {"import": 0, "export": 0, "id": "UY"}, {"import": 0, "export": 0, "id": "MD"}, {"import": 0, "export": 0, "id": "ME"}, {"import": 0, "export": 0, "id": "MV"}, {"import": 0, "export": 0, "id": "MT"}, {"import": 0, "export": 0, "id": "NZ"}, {"import": 0, "export": 0, "id": "NE"}, {"import": 0, "export": 0, "id": "NG"}, {"import": 0, "export": 0, "id": "RU"}, {"import": 0, "export": 0, "id": "SA"}, {"import": 0, "export": 0, "id": "RS"}, {"import": 0, "export": 0, "id": "SG"}, {"import": 0, "export": 0, "id": "VN"}, {"import": 0, "export": 0, "id": "PY"}, {"import": 0, "export": 0, "id": "PE"}], "import": 0, "export": 4456}, {"date": "2019-09-01", "list": [{"import": 0, "export": 2604, "id": "PL"}, {"import": 0, "export": 418, "id": "AT"}, {"import": 0, "export": 74, "id": "FR"}, {"import": 0, "export": 350, "id": "DK"}, {"import": 0, "export": 363, "id": "NL"}, {"import": 0, "export": 107, "id": "HU"}, {"import": 0, "export": 50, "id": "CH"}, {"import": 0, "export": 139, "id": "BE"}, {"import": 0, "export": 47, "id": "-"}, {"import": 0, "export": 63, "id": "IT"}, {"import": 0, "export": 59, "id": "FI"}, {"import": 0, "export": 19, "id": "ES"}, {"import": 0, "export": 13, "id": "GB"}, {"import": 0, "export": 0, "id": "LV"}, {"import": 0, "export": 32, "id": "LU"}, {"import": 0, "export": 27, "id": "NO"}, {"import": 0, "export": 337, "id": "SE"}, {"import": 0, "export": 13, "id": "GR"}, {"import": 0, "export": 120, "id": "SK"}, {"import": 0, "export": 0, "id": "AF"}, {"import": 0, "export": 1, "id": "BG"}, {"import": 0, "export": 5, "id": "HR"}, {"import": 0, "export": 6, "id": "PT"}, {"import": 0, "export": 1, "id": "RO"}, {"import": 0, "export": 2, "id": "IE"}, {"import": 0, "export": 0, "id": "MN"}, {"import": 0, "export": 1, "id": "SI"}, {"import": 0, "export": 0, "id": "BA"}, {"import": 0, "export": 3, "id": "GH"}, {"import": 0, "export": 0, "id": "PF"}, {"import": 0, "export": 1, "id": "GE"}, {"import": 0, "export": 0, "id": "GM"}, {"import": 0, "export": 4, "id": "LT"}, {"import": 0, "export": 0, "id": "IS"}, {"import": 0, "export": 0, "id": "JM"}, {"import": 0, "export": 0, "id": "KZ"}, {"import": 0, "export": 0, "id": "KP"}, {"import": 0, "export": 0, "id": "LB"}, {"import": 0, "export": 0, "id": "AM"}, {"import": 0, "export": 0, "id": "BB"}, {"import": 0, "export": 0, "id": "AL"}, {"import": 0, "export": 0, "id": "AR"}, {"import": 0, "export": 0, "id": "AU"}, {"import": 0, "export": 6, "id": "CY"}, {"import": 0, "export": 0, "id": "DO"}, {"import": 0, "export": 9, "id": "EE"}, {"import": 0, "export": 1, "id": "CA"}, {"import": 0, "export": 0, "id": "CL"}, {"import": 0, "export": 0, "id": "CR"}, {"import": 0, "export": 0, "id": "TG"}, {"import": 0, "export": 1, "id": "AE"}, {"import": 0, "export": 1, "id": "TR"}, {"import": 0, "export": 3, "id": "MK"}, {"import": 0, "export": 0, "id": "US"}, {"import": 0, "export": 1, "id": "UY"}, {"import": 0, "export": 1, "id": "MD"}, {"import": 0, "export": 1, "id": "ME"}, {"import": 0, "export": 1, "id": "MV"}, {"import": 0, "export": 0, "id": "MT"}, {"import": 0, "export": 0, "id": "NZ"}, {"import": 0, "export": 1, "id": "NE"}, {"import": 0, "export": 0, "id": "NG"}, {"import": 0, "export": 0, "id": "RU"}, {"import": 0, "export": 0, "id": "SA"}, {"import": 0, "export": 0, "id": "RS"}, {"import": 0, "export": 0, "id": "SG"}, {"import": 0, "export": 0, "id": "VN"}, {"import": 0, "export": 0, "id": "PY"}, {"import": 0, "export": 0, "id": "PE"}], "import": 0, "export": 4936}, {"date": "2019-10-01", "list": [{"import": 0, "export": 3450, "id": "PL"}, {"import": 0, "export": 819, "id": "AT"}, {"import": 0, "export": 151, "id": "FR"}, {"import": 0, "export": 281, "id": "DK"}, {"import": 0, "export": 567, "id": "NL"}, {"import": 0, "export": 126, "id": "HU"}, {"import": 0, "export": 49, "id": "CH"}, {"import": 0, "export": 177, "id": "BE"}, {"import": 0, "export": 36, "id": "-"}, {"import": 0, "export": 108, "id": "IT"}, {"import": 0, "export": 55, "id": "FI"}, {"import": 0, "export": 32, "id": "ES"}, {"import": 0, "export": 66, "id": "GB"}, {"import": 0, "export": 25, "id": "LV"}, {"import": 0, "export": 24, "id": "LU"}, {"import": 0, "export": 8, "id": "NO"}, {"import": 0, "export": 158, "id": "SE"}, {"import": 0, "export": 11, "id": "GR"}, {"import": 0, "export": 5, "id": "SK"}, {"import": 0, "export": 0, "id": "AF"}, {"import": 0, "export": 1, "id": "BG"}, {"import": 0, "export": 5, "id": "HR"}, {"import": 0, "export": 3, "id": "PT"}, {"import": 0, "export": 6, "id": "RO"}, {"import": 0, "export": 4, "id": "IE"}, {"import": 0, "export": 0, "id": "MN"}, {"import": 0, "export": 1, "id": "SI"}, {"import": 0, "export": 1, "id": "BA"}, {"import": 0, "export": 5, "id": "GH"}, {"import": 0, "export": 0, "id": "PF"}, {"import": 0, "export": 0, "id": "GE"}, {"import": 0, "export": 1, "id": "GM"}, {"import": 0, "export": 2, "id": "LT"}, {"import": 0, "export": 0, "id": "IS"}, {"import": 0, "export": 0, "id": "JM"}, {"import": 0, "export": 0, "id": "KZ"}, {"import": 0, "export": 0, "id": "KP"}, {"import": 0, "export": 0, "id": "LB"}, {"import": 0, "export": 0, "id": "AM"}, {"import": 0, "export": 2, "id": "BB"}, {"import": 0, "export": 0, "id": "AL"}, {"import": 0, "export": 1, "id": "AR"}, {"import": 0, "export": 0, "id": "AU"}, {"import": 0, "export": 0, "id": "CY"}, {"import": 0, "export": 1, "id": "DO"}, {"import": 0, "export": 16, "id": "EE"}, {"import": 0, "export": 0, "id": "CA"}, {"import": 0, "export": 1, "id": "CL"}, {"import": 0, "export": 0, "id": "CR"}, {"import": 0, "export": 0, "id": "TG"}, {"import": 0, "export": 1, "id": "AE"}, {"import": 0, "export": 0, "id": "TR"}, {"import": 0, "export": 1, "id": "MK"}, {"import": 0, "export": 0, "id": "US"}, {"import": 0, "export": 2, "id": "UY"}, {"import": 0, "export": 0, "id": "MD"}, {"import": 0, "export": 0, "id": "ME"}, {"import": 0, "export": 1, "id": "MV"}, {"import": 0, "export": 0, "id": "MT"}, {"import": 0, "export": 0, "id": "NZ"}, {"import": 0, "export": 0, "id": "NE"}, {"import": 0, "export": 0, "id": "NG"}, {"import": 0, "export": 0, "id": "RU"}, {"import": 0, "export": 0, "id": "SA"}, {"import": 0, "export": 0, "id": "RS"}, {"import": 0, "export": 1, "id": "SG"}, {"import": 0, "export": 0, "id": "VN"}, {"import": 0, "export": 0, "id": "PY"}, {"import": 0, "export": 0, "id": "PE"}], "import": 0, "export": 6237}, {"date": "2019-11-01", "list": [{"import": 0, "export": 2702, "id": "PL"}, {"import": 0, "export": 447, "id": "AT"}, {"import": 0, "export": 88, "id": "FR"}, {"import": 0, "export": 312, "id": "DK"}, {"import": 0, "export": 160, "id": "NL"}, {"import": 0, "export": 358, "id": "HU"}, {"import": 0, "export": 92, "id": "CH"}, {"import": 0, "export": 124, "id": "BE"}, {"import": 0, "export": 16, "id": "-"}, {"import": 0, "export": 47, "id": "IT"}, {"import": 0, "export": 48, "id": "FI"}, {"import": 0, "export": 42, "id": "ES"}, {"import": 0, "export": 54, "id": "GB"}, {"import": 0, "export": 2, "id": "LV"}, {"import": 0, "export": 24, "id": "LU"}, {"import": 0, "export": 38, "id": "NO"}, {"import": 0, "export": 192, "id": "SE"}, {"import": 0, "export": 10, "id": "GR"}, {"import": 0, "export": 7, "id": "SK"}, {"import": 0, "export": 0, "id": "AF"}, {"import": 0, "export": 3, "id": "BG"}, {"import": 0, "export": 7, "id": "HR"}, {"import": 0, "export": 3, "id": "PT"}, {"import": 0, "export": 1, "id": "RO"}, {"import": 0, "export": 2, "id": "IE"}, {"import": 0, "export": 0, "id": "MN"}, {"import": 0, "export": 10, "id": "SI"}, {"import": 0, "export": 1, "id": "BA"}, {"import": 0, "export": 4, "id": "GH"}, {"import": 0, "export": 1, "id": "PF"}, {"import": 0, "export": 1, "id": "GE"}, {"import": 0, "export": 0, "id": "GM"}, {"import": 0, "export": 2, "id": "LT"}, {"import": 0, "export": 0, "id": "IS"}, {"import": 0, "export": 0, "id": "JM"}, {"import": 0, "export": 0, "id": "KZ"}, {"import": 0, "export": 0, "id": "KP"}, {"import": 0, "export": 0, "id": "LB"}, {"import": 0, "export": 0, "id": "AM"}, {"import": 0, "export": 3, "id": "BB"}, {"import": 0, "export": 0, "id": "AL"}, {"import": 0, "export": 2, "id": "AR"}, {"import": 0, "export": 0, "id": "AU"}, {"import": 0, "export": 0, "id": "CY"}, {"import": 0, "export": 1, "id": "DO"}, {"import": 0, "export": 21, "id": "EE"}, {"import": 0, "export": 0, "id": "CA"}, {"import": 0, "export": 1, "id": "CL"}, {"import": 0, "export": 1, "id": "CR"}, {"import": 0, "export": 2, "id": "TG"}, {"import": 0, "export": 2, "id": "AE"}, {"import": 0, "export": 0, "id": "TR"}, {"import": 0, "export": 0, "id": "MK"}, {"import": 0, "export": 0, "id": "US"}, {"import": 0, "export": 1, "id": "UY"}, {"import": 0, "export": 2, "id": "MD"}, {"import": 0, "export": 0, "id": "ME"}, {"import": 0, "export": 0, "id": "MV"}, {"import": 0, "export": 0, "id": "MT"}, {"import": 0, "export": 0, "id": "NZ"}, {"import": 0, "export": 0, "id": "NE"}, {"import": 0, "export": 0, "id": "NG"}, {"import": 0, "export": 0, "id": "RU"}, {"import": 0, "export": 0, "id": "SA"}, {"import": 0, "export": 0, "id": "RS"}, {"import": 0, "export": 0, "id": "SG"}, {"import": 0, "export": 0, "id": "VN"}, {"import": 0, "export": 0, "id": "PY"}, {"import": 0, "export": 1, "id": "PE"}], "import": 0, "export": 4856}, {"date": "2019-12-01", "list": [{"import": 0, "export": 2995, "id": "PL"}, {"import": 0, "export": 477, "id": "AT"}, {"import": 0, "export": 177, "id": "FR"}, {"import": 0, "export": 110, "id": "DK"}, {"import": 0, "export": 173, "id": "NL"}, {"import": 0, "export": 355, "id": "HU"}, {"import": 0, "export": 31, "id": "CH"}, {"import": 0, "export": 181, "id": "BE"}, {"import": 0, "export": 7, "id": "-"}, {"import": 0, "export": 55, "id": "IT"}, {"import": 0, "export": 10, "id": "FI"}, {"import": 0, "export": 11, "id": "ES"}, {"import": 0, "export": 88, "id": "GB"}, {"import": 0, "export": 2, "id": "LV"}, {"import": 0, "export": 26, "id": "LU"}, {"import": 0, "export": 4, "id": "NO"}, {"import": 0, "export": 20, "id": "SE"}, {"import": 0, "export": 6, "id": "GR"}, {"import": 0, "export": 3, "id": "SK"}, {"import": 0, "export": 0, "id": "AF"}, {"import": 0, "export": 1, "id": "BG"}, {"import": 0, "export": 6, "id": "HR"}, {"import": 0, "export": 4, "id": "PT"}, {"import": 0, "export": 1, "id": "RO"}, {"import": 0, "export": 0, "id": "IE"}, {"import": 0, "export": 0, "id": "MN"}, {"import": 0, "export": 9, "id": "SI"}, {"import": 0, "export": 0, "id": "BA"}, {"import": 0, "export": 2, "id": "GH"}, {"import": 0, "export": 0, "id": "PF"}, {"import": 0, "export": 0, "id": "GE"}, {"import": 0, "export": 0, "id": "GM"}, {"import": 0, "export": 24, "id": "LT"}, {"import": 0, "export": 1, "id": "IS"}, {"import": 0, "export": 1, "id": "JM"}, {"import": 0, "export": 0, "id": "KZ"}, {"import": 0, "export": 0, "id": "KP"}, {"import": 0, "export": 0, "id": "LB"}, {"import": 0, "export": 0, "id": "AM"}, {"import": 0, "export": 0, "id": "BB"}, {"import": 0, "export": 0, "id": "AL"}, {"import": 0, "export": 0, "id": "AR"}, {"import": 0, "export": 1, "id": "AU"}, {"import": 0, "export": 0, "id": "CY"}, {"import": 0, "export": 1, "id": "DO"}, {"import": 0, "export": 2, "id": "EE"}, {"import": 0, "export": 0, "id": "CA"}, {"import": 0, "export": 0, "id": "CL"}, {"import": 0, "export": 0, "id": "CR"}, {"import": 0, "export": 0, "id": "TG"}, {"import": 0, "export": 2, "id": "AE"}, {"import": 0, "export": 0, "id": "TR"}, {"import": 0, "export": 0, "id": "MK"}, {"import": 0, "export": 0, "id": "US"}, {"import": 0, "export": 0, "id": "UY"}, {"import": 0, "export": 0, "id": "MD"}, {"import": 0, "export": 0, "id": "ME"}, {"import": 0, "export": 1, "id": "MV"}, {"import": 0, "export": 0, "id": "MT"}, {"import": 0, "export": 0, "id": "NZ"}, {"import": 0, "export": 0, "id": "NE"}, {"import": 0, "export": 0, "id": "NG"}, {"import": 0, "export": 0, "id": "RU"}, {"import": 0, "export": 0, "id": "SA"}, {"import": 0, "export": 0, "id": "RS"}, {"import": 0, "export": 0, "id": "SG"}, {"import": 0, "export": 0, "id": "VN"}, {"import": 0, "export": 0, "id": "PY"}, {"import": 0, "export": 0, "id": "PE"}], "import": 0, "export": 4967}, {"date": "2020-01-01", "list": [{"import": 0, "export": 3240, "id": "PL"}, {"import": 0, "export": 587, "id": "AT"}, {"import": 0, "export": 168, "id": "FR"}, {"import": 0, "export": 325, "id": "DK"}, {"import": 0, "export": 269, "id": "NL"}, {"import": 0, "export": 336, "id": "HU"}, {"import": 0, "export": 44, "id": "CH"}, {"import": 0, "export": 159, "id": "BE"}, {"import": 0, "export": 6, "id": "-"}, {"import": 0, "export": 105, "id": "IT"}, {"import": 0, "export": 56, "id": "FI"}, {"import": 0, "export": 28, "id": "ES"}, {"import": 0, "export": 63, "id": "GB"}, {"import": 0, "export": 13, "id": "LV"}, {"import": 0, "export": 23, "id": "LU"}, {"import": 0, "export": 24, "id": "NO"}, {"import": 0, "export": 142, "id": "SE"}, {"import": 0, "export": 6, "id": "GR"}, {"import": 0, "export": 30, "id": "SK"}, {"import": 0, "export": 0, "id": "AF"}, {"import": 0, "export": 4, "id": "BG"}, {"import": 0, "export": 1, "id": "HR"}, {"import": 0, "export": 5, "id": "PT"}, {"import": 0, "export": 2, "id": "RO"}, {"import": 0, "export": 2, "id": "IE"}, {"import": 0, "export": 0, "id": "MN"}, {"import": 0, "export": 8, "id": "SI"}, {"import": 0, "export": 1, "id": "BA"}, {"import": 0, "export": 0, "id": "GH"}, {"import": 0, "export": 0, "id": "PF"}, {"import": 0, "export": 1, "id": "GE"}, {"import": 0, "export": 0, "id": "GM"}, {"import": 0, "export": 2, "id": "LT"}, {"import": 0, "export": 19, "id": "IS"}, {"import": 0, "export": 0, "id": "JM"}, {"import": 0, "export": 1, "id": "KZ"}, {"import": 0, "export": 0, "id": "KP"}, {"import": 0, "export": 0, "id": "LB"}, {"import": 0, "export": 0, "id": "AM"}, {"import": 0, "export": 0, "id": "BB"}, {"import": 0, "export": 0, "id": "AL"}, {"import": 0, "export": 0, "id": "AR"}, {"import": 0, "export": 1, "id": "AU"}, {"import": 0, "export": 1, "id": "CY"}, {"import": 0, "export": 1, "id": "DO"}, {"import": 0, "export": 4, "id": "EE"}, {"import": 0, "export": 0, "id": "CA"}, {"import": 0, "export": 0, "id": "CL"}, {"import": 0, "export": 0, "id": "CR"}, {"import": 0, "export": 0, "id": "TG"}, {"import": 0, "export": 1, "id": "AE"}, {"import": 0, "export": 0, "id": "TR"}, {"import": 0, "export": 0, "id": "MK"}, {"import": 0, "export": 0, "id": "US"}, {"import": 0, "export": 0, "id": "UY"}, {"import": 0, "export": 0, "id": "MD"}, {"import": 0, "export": 0, "id": "ME"}, {"import": 0, "export": 2, "id": "MV"}, {"import": 0, "export": 0, "id": "MT"}, {"import": 0, "export": 0, "id": "NZ"}, {"import": 0, "export": 0, "id": "NE"}, {"import": 0, "export": 0, "id": "NG"}, {"import": 0, "export": 0, "id": "RU"}, {"import": 0, "export": 0, "id": "SA"}, {"import": 0, "export": 0, "id": "RS"}, {"import": 0, "export": 0, "id": "SG"}, {"import": 0, "export": 0, "id": "VN"}, {"import": 0, "export": 0, "id": "PY"}, {"import": 0, "export": 0, "id": "PE"}], "import": 0, "export": 5982}, {"date": "2020-02-01", "list": [{"import": 0, "export": 3105, "id": "PL"}, {"import": 0, "export": 381, "id": "AT"}, {"import": 0, "export": 205, "id": "FR"}, {"import": 0, "export": 189, "id": "DK"}, {"import": 0, "export": 190, "id": "NL"}, {"import": 0, "export": 266, "id": "HU"}, {"import": 0, "export": 51, "id": "CH"}, {"import": 0, "export": 210, "id": "BE"}, {"import": 0, "export": 10, "id": "-"}, {"import": 0, "export": 21, "id": "IT"}, {"import": 0, "export": 63, "id": "FI"}, {"import": 0, "export": 14, "id": "ES"}, {"import": 0, "export": 35, "id": "GB"}, {"import": 0, "export": 57, "id": "LV"}, {"import": 0, "export": 36, "id": "LU"}, {"import": 0, "export": 17, "id": "NO"}, {"import": 0, "export": 190, "id": "SE"}, {"import": 0, "export": 9, "id": "GR"}, {"import": 0, "export": 245, "id": "SK"}, {"import": 0, "export": 0, "id": "AF"}, {"import": 0, "export": 3, "id": "BG"}, {"import": 0, "export": 3, "id": "HR"}, {"import": 0, "export": 3, "id": "PT"}, {"import": 0, "export": 7, "id": "RO"}, {"import": 0, "export": 3, "id": "IE"}, {"import": 0, "export": 0, "id": "MN"}, {"import": 0, "export": 10, "id": "SI"}, {"import": 0, "export": 1, "id": "BA"}, {"import": 0, "export": 3, "id": "GH"}, {"import": 0, "export": 0, "id": "PF"}, {"import": 0, "export": 0, "id": "GE"}, {"import": 0, "export": 0, "id": "GM"}, {"import": 0, "export": 0, "id": "LT"}, {"import": 0, "export": 0, "id": "IS"}, {"import": 0, "export": 0, "id": "JM"}, {"import": 0, "export": 0, "id": "KZ"}, {"import": 0, "export": 0, "id": "KP"}, {"import": 0, "export": 0, "id": "LB"}, {"import": 0, "export": 0, "id": "AM"}, {"import": 0, "export": 0, "id": "BB"}, {"import": 0, "export": 0, "id": "AL"}, {"import": 0, "export": 0, "id": "AR"}, {"import": 0, "export": 0, "id": "AU"}, {"import": 0, "export": 11, "id": "CY"}, {"import": 0, "export": 0, "id": "DO"}, {"import": 0, "export": 0, "id": "EE"}, {"import": 0, "export": 0, "id": "CA"}, {"import": 0, "export": 0, "id": "CL"}, {"import": 0, "export": 0, "id": "CR"}, {"import": 0, "export": 3, "id": "TG"}, {"import": 0, "export": 1, "id": "AE"}, {"import": 0, "export": 0, "id": "TR"}, {"import": 0, "export": 0, "id": "MK"}, {"import": 0, "export": 0, "id": "US"}, {"import": 0, "export": 0, "id": "UY"}, {"import": 0, "export": 0, "id": "MD"}, {"import": 0, "export": 0, "id": "ME"}, {"import": 0, "export": 3, "id": "MV"}, {"import": 0, "export": 0, "id": "MT"}, {"import": 0, "export": 0, "id": "NZ"}, {"import": 0, "export": 0, "id": "NE"}, {"import": 0, "export": 0, "id": "NG"}, {"import": 0, "export": 0, "id": "RU"}, {"import": 0, "export": 0, "id": "SA"}, {"import": 0, "export": 0, "id": "RS"}, {"import": 0, "export": 0, "id": "SG"}, {"import": 0, "export": 0, "id": "VN"}, {"import": 0, "export": 0, "id": "PY"}, {"import": 0, "export": 0, "id": "PE"}], "import": 0, "export": 5457}, {"date": "2020-03-01", "list": [{"import": 0, "export": 5190, "id": "PL"}, {"import": 0, "export": 938, "id": "AT"}, {"import": 0, "export": 158, "id": "FR"}, {"import": 0, "export": 541, "id": "DK"}, {"import": 0, "export": 148, "id": "NL"}, {"import": 0, "export": 248, "id": "HU"}, {"import": 0, "export": 77, "id": "CH"}, {"import": 0, "export": 104, "id": "BE"}, {"import": 0, "export": 11, "id": "-"}, {"import": 0, "export": 83, "id": "IT"}, {"import": 0, "export": 76, "id": "FI"}, {"import": 0, "export": 74, "id": "ES"}, {"import": 0, "export": 21, "id": "GB"}, {"import": 0, "export": 49, "id": "LV"}, {"import": 0, "export": 41, "id": "LU"}, {"import": 0, "export": 15, "id": "NO"}, {"import": 0, "export": 377, "id": "SE"}, {"import": 0, "export": 17, "id": "GR"}, {"import": 0, "export": 6, "id": "SK"}, {"import": 0, "export": 0, "id": "AF"}, {"import": 0, "export": 2, "id": "BG"}, {"import": 0, "export": 1, "id": "HR"}, {"import": 0, "export": 5, "id": "PT"}, {"import": 0, "export": 4, "id": "RO"}, {"import": 0, "export": 4, "id": "IE"}, {"import": 0, "export": 0, "id": "MN"}, {"import": 0, "export": 17, "id": "SI"}, {"import": 0, "export": 1, "id": "BA"}, {"import": 0, "export": 1, "id": "GH"}, {"import": 0, "export": 0, "id": "PF"}, {"import": 0, "export": 0, "id": "GE"}, {"import": 0, "export": 0, "id": "GM"}, {"import": 0, "export": 2, "id": "LT"}, {"import": 0, "export": 1, "id": "IS"}, {"import": 0, "export": 1, "id": "JM"}, {"import": 0, "export": 1, "id": "KZ"}, {"import": 0, "export": 0, "id": "KP"}, {"import": 0, "export": 0, "id": "LB"}, {"import": 0, "export": 0, "id": "AM"}, {"import": 0, "export": 0, "id": "BB"}, {"import": 0, "export": 0, "id": "AL"}, {"import": 0, "export": 0, "id": "AR"}, {"import": 0, "export": 0, "id": "AU"}, {"import": 0, "export": 2, "id": "CY"}, {"import": 0, "export": 0, "id": "DO"}, {"import": 0, "export": 15, "id": "EE"}, {"import": 0, "export": 0, "id": "CA"}, {"import": 0, "export": 0, "id": "CL"}, {"import": 0, "export": 0, "id": "CR"}, {"import": 0, "export": 0, "id": "TG"}, {"import": 0, "export": 0, "id": "AE"}, {"import": 0, "export": 0, "id": "TR"}, {"import": 0, "export": 0, "id": "MK"}, {"import": 0, "export": 0, "id": "US"}, {"import": 0, "export": 0, "id": "UY"}, {"import": 0, "export": 1, "id": "MD"}, {"import": 0, "export": 0, "id": "ME"}, {"import": 0, "export": 1, "id": "MV"}, {"import": 0, "export": 0, "id": "MT"}, {"import": 0, "export": 0, "id": "NZ"}, {"import": 0, "export": 0, "id": "NE"}, {"import": 0, "export": 0, "id": "NG"}, {"import": 0, "export": 0, "id": "RU"}, {"import": 0, "export": 0, "id": "SA"}, {"import": 0, "export": 2, "id": "RS"}, {"import": 0, "export": 0, "id": "SG"}, {"import": 0, "export": 0, "id": "VN"}, {"import": 0, "export": 0, "id": "PY"}, {"import": 0, "export": 0, "id": "PE"}], "import": 0, "export": 8618}, {"date": "2020-04-01", "list": [{"import": 0, "export": 5972, "id": "PL"}, {"import": 0, "export": 510, "id": "AT"}, {"import": 0, "export": 234, "id": "FR"}, {"import": 0, "export": 200, "id": "DK"}, {"import": 0, "export": 249, "id": "NL"}, {"import": 0, "export": 525, "id": "HU"}, {"import": 0, "export": 102, "id": "CH"}, {"import": 0, "export": 193, "id": "BE"}, {"import": 0, "export": 9, "id": "-"}, {"import": 0, "export": 91, "id": "IT"}, {"import": 0, "export": 85, "id": "FI"}, {"import": 0, "export": 8, "id": "ES"}, {"import": 0, "export": 90, "id": "GB"}, {"import": 0, "export": 26, "id": "LV"}, {"import": 0, "export": 32, "id": "LU"}, {"import": 0, "export": 16, "id": "NO"}, {"import": 0, "export": 211, "id": "SE"}, {"import": 0, "export": 4, "id": "GR"}, {"import": 0, "export": 1, "id": "SK"}, {"import": 0, "export": 0, "id": "AF"}, {"import": 0, "export": 1, "id": "BG"}, {"import": 0, "export": 3, "id": "HR"}, {"import": 0, "export": 5, "id": "PT"}, {"import": 0, "export": 8, "id": "RO"}, {"import": 0, "export": 1, "id": "IE"}, {"import": 0, "export": 0, "id": "MN"}, {"import": 0, "export": 7, "id": "SI"}, {"import": 0, "export": 0, "id": "BA"}, {"import": 0, "export": 1, "id": "GH"}, {"import": 0, "export": 0, "id": "PF"}, {"import": 0, "export": 0, "id": "GE"}, {"import": 0, "export": 0, "id": "GM"}, {"import": 0, "export": 0, "id": "LT"}, {"import": 0, "export": 18, "id": "IS"}, {"import": 0, "export": 0, "id": "JM"}, {"import": 0, "export": 0, "id": "KZ"}, {"import": 0, "export": 0, "id": "KP"}, {"import": 0, "export": 0, "id": "LB"}, {"import": 0, "export": 0, "id": "AM"}, {"import": 0, "export": 0, "id": "BB"}, {"import": 0, "export": 0, "id": "AL"}, {"import": 0, "export": 0, "id": "AR"}, {"import": 0, "export": 0, "id": "AU"}, {"import": 0, "export": 0, "id": "CY"}, {"import": 0, "export": 0, "id": "DO"}, {"import": 0, "export": 10, "id": "EE"}, {"import": 0, "export": 0, "id": "CA"}, {"import": 0, "export": 0, "id": "CL"}, {"import": 0, "export": 0, "id": "CR"}, {"import": 0, "export": 0, "id": "TG"}, {"import": 0, "export": 0, "id": "AE"}, {"import": 0, "export": 0, "id": "TR"}, {"import": 0, "export": 0, "id": "MK"}, {"import": 0, "export": 0, "id": "US"}, {"import": 0, "export": 0, "id": "UY"}, {"import": 0, "export": 0, "id": "MD"}, {"import": 0, "export": 0, "id": "ME"}, {"import": 0, "export": 0, "id": "MV"}, {"import": 0, "export": 0, "id": "MT"}, {"import": 0, "export": 0, "id": "NZ"}, {"import": 0, "export": 0, "id": "NE"}, {"import": 0, "export": 0, "id": "NG"}, {"import": 0, "export": 0, "id": "RU"}, {"import": 0, "export": 0, "id": "SA"}, {"import": 0, "export": 0, "id": "RS"}, {"import": 0, "export": 0, "id": "SG"}, {"import": 0, "export": 0, "id": "VN"}, {"import": 0, "export": 0, "id": "PY"}, {"import": 0, "export": 0, "id": "PE"}], "import": 0, "export": 8684}, {"date": "2020-05-01", "list": [{"import": 0, "export": 3192, "id": "PL"}, {"import": 0, "export": 430, "id": "AT"}, {"import": 0, "export": 74, "id": "FR"}, {"import": 0, "export": 180, "id": "DK"}, {"import": 0, "export": 91, "id": "NL"}, {"import": 0, "export": 26, "id": "HU"}, {"import": 0, "export": 108, "id": "CH"}, {"import": 0, "export": 97, "id": "BE"}, {"import": 0, "export": 36, "id": "-"}, {"import": 0, "export": 31, "id": "IT"}, {"import": 0, "export": 22, "id": "FI"}, {"import": 0, "export": 12, "id": "ES"}, {"import": 0, "export": 61, "id": "GB"}, {"import": 0, "export": 26, "id": "LV"}, {"import": 0, "export": 19, "id": "LU"}, {"import": 0, "export": 9, "id": "NO"}, {"import": 0, "export": 129, "id": "SE"}, {"import": 0, "export": 2, "id": "GR"}, {"import": 0, "export": 3, "id": "SK"}, {"import": 0, "export": 0, "id": "AF"}, {"import": 0, "export": 2, "id": "BG"}, {"import": 0, "export": 3, "id": "HR"}, {"import": 0, "export": 2, "id": "PT"}, {"import": 0, "export": 2, "id": "RO"}, {"import": 0, "export": 1, "id": "IE"}, {"import": 0, "export": 2, "id": "MN"}, {"import": 0, "export": 4, "id": "SI"}, {"import": 0, "export": 1, "id": "BA"}, {"import": 0, "export": 1, "id": "GH"}, {"import": 0, "export": 0, "id": "PF"}, {"import": 0, "export": 1, "id": "GE"}, {"import": 0, "export": 0, "id": "GM"}, {"import": 0, "export": 2, "id": "LT"}, {"import": 0, "export": 2, "id": "IS"}, {"import": 0, "export": 0, "id": "JM"}, {"import": 0, "export": 0, "id": "KZ"}, {"import": 0, "export": 0, "id": "KP"}, {"import": 0, "export": 0, "id": "LB"}, {"import": 0, "export": 0, "id": "AM"}, {"import": 0, "export": 0, "id": "BB"}, {"import": 0, "export": 0, "id": "AL"}, {"import": 0, "export": 0, "id": "AR"}, {"import": 0, "export": 2, "id": "AU"}, {"import": 0, "export": 0, "id": "CY"}, {"import": 0, "export": 0, "id": "DO"}, {"import": 0, "export": 5, "id": "EE"}, {"import": 0, "export": 0, "id": "CA"}, {"import": 0, "export": 0, "id": "CL"}, {"import": 0, "export": 0, "id": "CR"}, {"import": 0, "export": 0, "id": "TG"}, {"import": 0, "export": 0, "id": "AE"}, {"import": 0, "export": 0, "id": "TR"}, {"import": 0, "export": 0, "id": "MK"}, {"import": 0, "export": 0, "id": "US"}, {"import": 0, "export": 0, "id": "UY"}, {"import": 0, "export": 0, "id": "MD"}, {"import": 0, "export": 0, "id": "ME"}, {"import": 0, "export": 0, "id": "MV"}, {"import": 0, "export": 0, "id": "MT"}, {"import": 0, "export": 0, "id": "NZ"}, {"import": 0, "export": 0, "id": "NE"}, {"import": 0, "export": 0, "id": "NG"}, {"import": 0, "export": 0, "id": "RU"}, {"import": 0, "export": 0, "id": "SA"}, {"import": 0, "export": 0, "id": "RS"}, {"import": 0, "export": 0, "id": "SG"}, {"import": 0, "export": 0, "id": "VN"}, {"import": 0, "export": 1, "id": "PY"}, {"import": 0, "export": 0, "id": "PE"}], "import": 0, "export": 4771}]