[{"date": "2019-06-01", "list": [{"import": 3240, "export": 0, "id": "ES"}], "import": 3240, "export": 0}, {"date": "2019-07-01", "list": [{"import": 2520, "export": 0, "id": "ES"}], "import": 2520, "export": 0}, {"date": "2019-08-01", "list": [{"import": 4305, "export": 0, "id": "ES"}], "import": 4305, "export": 0}, {"date": "2019-09-01", "list": [{"import": 1980, "export": 0, "id": "ES"}], "import": 1980, "export": 0}, {"date": "2019-10-01", "list": [{"import": 1080, "export": 0, "id": "ES"}], "import": 1080, "export": 0}, {"date": "2019-11-01", "list": [{"import": 5895, "export": 0, "id": "ES"}], "import": 5895, "export": 0}, {"date": "2019-12-01", "list": [{"import": 4995, "export": 0, "id": "ES"}], "import": 4995, "export": 0}, {"date": "2020-01-01", "list": [{"import": 5625, "export": 0, "id": "ES"}], "import": 5625, "export": 0}, {"date": "2020-02-01", "list": [{"import": 5265, "export": 0, "id": "ES"}], "import": 5265, "export": 0}, {"date": "2020-03-01", "list": [{"import": 2505, "export": 0, "id": "ES"}], "import": 2505, "export": 0}, {"date": "2020-04-01", "list": [{"import": 2835, "export": 0, "id": "ES"}], "import": 2835, "export": 0}, {"date": "2020-05-01", "list": [{"import": 750, "export": 0, "id": "ES"}], "import": 750, "export": 0}]