[{"date": "2018-05-01", "list": [{"import": 9323787, "export": 0, "id": "US"}, {"import": 0, "export": 0, "id": "BR"}, {"import": 0, "export": 0, "id": "CR"}, {"import": 0, "export": 0, "id": "PY"}], "import": 9323787, "export": 0}, {"date": "2018-06-01", "list": [{"import": 12729585, "export": 0, "id": "US"}, {"import": 182000, "export": 0, "id": "BR"}, {"import": 0, "export": 0, "id": "CR"}, {"import": 0, "export": 0, "id": "PY"}], "import": 12911585, "export": 0}, {"date": "2018-07-01", "list": [{"import": 5486337, "export": 0, "id": "US"}, {"import": 112000, "export": 0, "id": "BR"}, {"import": 0, "export": 0, "id": "CR"}, {"import": 0, "export": 0, "id": "PY"}], "import": 5598337, "export": 0}, {"date": "2018-08-01", "list": [{"import": 5175003, "export": 0, "id": "US"}, {"import": 0, "export": 0, "id": "BR"}, {"import": 0, "export": 0, "id": "CR"}, {"import": 0, "export": 0, "id": "PY"}], "import": 5175003, "export": 0}, {"date": "2018-09-01", "list": [{"import": 5924288, "export": 0, "id": "US"}, {"import": 0, "export": 0, "id": "BR"}, {"import": 0, "export": 0, "id": "CR"}, {"import": 0, "export": 0, "id": "PY"}], "import": 5924288, "export": 0}, {"date": "2018-10-01", "list": [{"import": 7694081, "export": 0, "id": "US"}, {"import": 0, "export": 0, "id": "BR"}, {"import": 0, "export": 0, "id": "CR"}, {"import": 0, "export": 0, "id": "PY"}], "import": 7694081, "export": 0}, {"date": "2018-11-01", "list": [{"import": 8422887, "export": 0, "id": "US"}, {"import": 0, "export": 0, "id": "BR"}, {"import": 0, "export": 0, "id": "CR"}, {"import": 0, "export": 0, "id": "PY"}], "import": 8422887, "export": 0}, {"date": "2018-12-01", "list": [{"import": 17465381, "export": 0, "id": "US"}, {"import": 0, "export": 0, "id": "BR"}, {"import": 0, "export": 0, "id": "CR"}, {"import": 0, "export": 0, "id": "PY"}], "import": 17465381, "export": 0}, {"date": "2019-01-01", "list": [{"import": 10328368, "export": 0, "id": "US"}, {"import": 0, "export": 0, "id": "BR"}, {"import": 0, "export": 0, "id": "CR"}, {"import": 0, "export": 0, "id": "PY"}], "import": 10328368, "export": 0}, {"date": "2019-02-01", "list": [{"import": 10387143, "export": 0, "id": "US"}, {"import": 0, "export": 0, "id": "BR"}, {"import": 0, "export": 0, "id": "CR"}, {"import": 0, "export": 0, "id": "PY"}], "import": 10387143, "export": 0}, {"date": "2019-03-01", "list": [{"import": 33357, "export": 0, "id": "US"}, {"import": 0, "export": 0, "id": "BR"}, {"import": 0, "export": 0, "id": "CR"}, {"import": 0, "export": 0, "id": "PY"}], "import": 33357, "export": 0}, {"date": "2019-04-01", "list": [{"import": 9530154, "export": 0, "id": "US"}, {"import": 0, "export": 0, "id": "BR"}, {"import": 0, "export": 0, "id": "CR"}, {"import": 0, "export": 0, "id": "PY"}], "import": 9530154, "export": 0}, {"date": "2019-05-01", "list": [{"import": 10809407, "export": 0, "id": "US"}, {"import": 0, "export": 0, "id": "BR"}, {"import": 0, "export": 0, "id": "CR"}, {"import": 0, "export": 0, "id": "PY"}], "import": 10809407, "export": 0}, {"date": "2019-06-01", "list": [{"import": 11990174, "export": 0, "id": "US"}, {"import": 0, "export": 0, "id": "BR"}, {"import": 0, "export": 0, "id": "CR"}, {"import": 0, "export": 0, "id": "PY"}], "import": 11990174, "export": 0}, {"date": "2019-07-01", "list": [{"import": 3734198, "export": 0, "id": "US"}, {"import": 0, "export": 0, "id": "BR"}, {"import": 1150, "export": 0, "id": "CR"}, {"import": 0, "export": 0, "id": "PY"}], "import": 3735348, "export": 0}, {"date": "2019-08-01", "list": [{"import": 9769651, "export": 0, "id": "US"}, {"import": 0, "export": 0, "id": "BR"}, {"import": 0, "export": 0, "id": "CR"}, {"import": 0, "export": 0, "id": "PY"}], "import": 9769651, "export": 0}, {"date": "2019-09-01", "list": [{"import": 6955857, "export": 0, "id": "US"}, {"import": 0, "export": 0, "id": "BR"}, {"import": 0, "export": 0, "id": "CR"}, {"import": 280000, "export": 0, "id": "PY"}], "import": 7235857, "export": 0}, {"date": "2019-10-01", "list": [{"import": 10284070, "export": 0, "id": "US"}, {"import": 0, "export": 0, "id": "BR"}, {"import": 0, "export": 0, "id": "CR"}, {"import": 560000, "export": 0, "id": "PY"}], "import": 10844070, "export": 0}, {"date": "2019-11-01", "list": [{"import": 6198086, "export": 0, "id": "US"}, {"import": 0, "export": 0, "id": "BR"}, {"import": 0, "export": 0, "id": "CR"}, {"import": 980000, "export": 0, "id": "PY"}], "import": 7178086, "export": 0}, {"date": "2019-12-01", "list": [{"import": 17149851, "export": 0, "id": "US"}, {"import": 0, "export": 0, "id": "BR"}, {"import": 0, "export": 0, "id": "CR"}, {"import": 0, "export": 0, "id": "PY"}], "import": 17149851, "export": 0}]