[{"date": "2018-06-01", "list": [{"import": 0, "export": 0, "id": "CN"}, {"import": 100500, "export": 0, "id": "MY"}, {"import": 0, "export": 0, "id": "IN"}, {"import": 0, "export": 0, "id": "TH"}, {"import": 0, "export": 0, "id": "ID"}], "import": 100500, "export": 0}, {"date": "2018-07-01", "list": [{"import": 0, "export": 0, "id": "CN"}, {"import": 160000, "export": 0, "id": "MY"}, {"import": 0, "export": 0, "id": "IN"}, {"import": 0, "export": 0, "id": "TH"}, {"import": 0, "export": 0, "id": "ID"}], "import": 160000, "export": 0}, {"date": "2018-08-01", "list": [{"import": 0, "export": 0, "id": "CN"}, {"import": 40000, "export": 0, "id": "MY"}, {"import": 0, "export": 0, "id": "IN"}, {"import": 0, "export": 0, "id": "TH"}, {"import": 0, "export": 0, "id": "ID"}], "import": 40000, "export": 0}, {"date": "2018-09-01", "list": [{"import": 0, "export": 0, "id": "CN"}, {"import": 20000, "export": 0, "id": "MY"}, {"import": 0, "export": 0, "id": "IN"}, {"import": 0, "export": 0, "id": "TH"}, {"import": 0, "export": 0, "id": "ID"}], "import": 20000, "export": 0}, {"date": "2018-10-01", "list": [{"import": 0, "export": 0, "id": "CN"}, {"import": 30000, "export": 0, "id": "MY"}, {"import": 0, "export": 0, "id": "IN"}, {"import": 0, "export": 0, "id": "TH"}, {"import": 2000, "export": 0, "id": "ID"}], "import": 32000, "export": 0}, {"date": "2018-11-01", "list": [{"import": 0, "export": 0, "id": "CN"}, {"import": 139800, "export": 0, "id": "MY"}, {"import": 25000, "export": 0, "id": "IN"}, {"import": 0, "export": 0, "id": "TH"}, {"import": 0, "export": 0, "id": "ID"}], "import": 164800, "export": 0}, {"date": "2018-12-01", "list": [{"import": 0, "export": 0, "id": "CN"}, {"import": 0, "export": 0, "id": "MY"}, {"import": 0, "export": 0, "id": "IN"}, {"import": 0, "export": 0, "id": "TH"}, {"import": 0, "export": 0, "id": "ID"}], "import": 0, "export": 0}, {"date": "2019-01-01", "list": [{"import": 0, "export": 0, "id": "CN"}, {"import": 0, "export": 0, "id": "MY"}, {"import": 0, "export": 0, "id": "IN"}, {"import": 0, "export": 0, "id": "TH"}, {"import": 0, "export": 0, "id": "ID"}], "import": 0, "export": 0}, {"date": "2019-02-01", "list": [{"import": 0, "export": 0, "id": "CN"}, {"import": 0, "export": 0, "id": "MY"}, {"import": 0, "export": 0, "id": "IN"}, {"import": 0, "export": 0, "id": "TH"}, {"import": 0, "export": 0, "id": "ID"}], "import": 0, "export": 0}, {"date": "2019-03-01", "list": [{"import": 0, "export": 0, "id": "CN"}, {"import": 0, "export": 0, "id": "MY"}, {"import": 25000, "export": 0, "id": "IN"}, {"import": 0, "export": 0, "id": "TH"}, {"import": 3000, "export": 0, "id": "ID"}], "import": 28000, "export": 0}, {"date": "2019-04-01", "list": [{"import": 0, "export": 0, "id": "CN"}, {"import": 0, "export": 0, "id": "MY"}, {"import": 0, "export": 0, "id": "IN"}, {"import": 0, "export": 0, "id": "TH"}, {"import": 0, "export": 0, "id": "ID"}], "import": 0, "export": 0}, {"date": "2019-05-01", "list": [{"import": 2016, "export": 0, "id": "CN"}, {"import": 0, "export": 0, "id": "MY"}, {"import": 0, "export": 0, "id": "IN"}, {"import": 0, "export": 0, "id": "TH"}, {"import": 1018, "export": 0, "id": "ID"}], "import": 3034, "export": 0}, {"date": "2019-06-01", "list": [{"import": 0, "export": 0, "id": "CN"}, {"import": 0, "export": 0, "id": "MY"}, {"import": 0, "export": 0, "id": "IN"}, {"import": 0, "export": 0, "id": "TH"}, {"import": 0, "export": 0, "id": "ID"}], "import": 0, "export": 0}, {"date": "2019-07-01", "list": [{"import": 0, "export": 0, "id": "CN"}, {"import": 0, "export": 0, "id": "MY"}, {"import": 0, "export": 0, "id": "IN"}, {"import": 0, "export": 0, "id": "TH"}, {"import": 0, "export": 0, "id": "ID"}], "import": 0, "export": 0}, {"date": "2019-08-01", "list": [{"import": 0, "export": 0, "id": "CN"}, {"import": 0, "export": 0, "id": "MY"}, {"import": 0, "export": 0, "id": "IN"}, {"import": 0, "export": 0, "id": "TH"}, {"import": 0, "export": 0, "id": "ID"}], "import": 0, "export": 0}, {"date": "2019-09-01", "list": [{"import": 0, "export": 0, "id": "CN"}, {"import": 0, "export": 0, "id": "MY"}, {"import": 0, "export": 0, "id": "IN"}, {"import": 0, "export": 0, "id": "TH"}, {"import": 0, "export": 0, "id": "ID"}], "import": 0, "export": 0}, {"date": "2019-10-01", "list": [{"import": 0, "export": 0, "id": "CN"}, {"import": 0, "export": 0, "id": "MY"}, {"import": 2000, "export": 0, "id": "IN"}, {"import": 0, "export": 0, "id": "TH"}, {"import": 15112, "export": 0, "id": "ID"}], "import": 17112, "export": 0}, {"date": "2019-11-01", "list": [{"import": 0, "export": 0, "id": "CN"}, {"import": 0, "export": 0, "id": "MY"}, {"import": 0, "export": 0, "id": "IN"}, {"import": 30000, "export": 0, "id": "TH"}, {"import": 0, "export": 0, "id": "ID"}], "import": 30000, "export": 0}]