[{"date": "12-01", "list": [{"import": 1, "export": 0, "id": "-"}], "import": 16, "export": 0}, {"date": "1-01", "list": [{"import": 2, "export": 0, "id": "-"}], "import": 9, "export": 0}, {"date": "2-01", "list": [{"import": 22000, "export": 0, "id": "AR"}, {"import": 1000000, "export": 0, "id": "CN"}, {"import": 262680, "export": 0, "id": "PY"}, {"import": 1500001, "export": 0, "id": "PK"}, {"import": 0, "export": 0, "id": "UY"}, {"import": 2871, "export": 0, "id": "BE"}, {"import": 1993560, "export": 0, "id": "GY"}, {"import": 0, "export": 0, "id": "MM"}, {"import": 92440, "export": 0, "id": "IT"}, {"import": 100480, "export": 0, "id": "PT"}, {"import": 137656, "export": 0, "id": "FR"}, {"import": 40012, "export": 0, "id": "TH"}, {"import": 0, "export": 0, "id": "VN"}, {"import": 1490, "export": 0, "id": "DE"}, {"import": 31351, "export": 0, "id": "GB"}, {"import": 12759, "export": 0, "id": "NL"}, {"import": 0, "export": 0, "id": "DK"}, {"import": 0, "export": 0, "id": "IN"}, {"import": 0, "export": 0, "id": "RO"}, {"import": 0, "export": 0, "id": "US"}, {"import": 9000, "export": 0, "id": "SE"}, {"import": 0, "export": 0, "id": "CH"}, {"import": 500, "export": 0, "id": "EC"}, {"import": 0, "export": 0, "id": "GR"}, {"import": 2, "export": 0, "id": "-"}], "import": 5206802, "export": 0}, {"date": "Unnamed: 3-01", "list": [{"import": 12887070, "export": 0, "id": "AR"}, {"import": 0, "export": 0, "id": "CN"}, {"import": 0, "export": 0, "id": "PY"}, {"import": 4718481, "export": 0, "id": "PK"}, {"import": 235000, "export": 0, "id": "UY"}, {"import": 400, "export": 0, "id": "BE"}, {"import": 251780, "export": 0, "id": "GY"}, {"import": 0, "export": 0, "id": "MM"}, {"import": 104506, "export": 0, "id": "IT"}, {"import": 73260, "export": 0, "id": "PT"}, {"import": 24985, "export": 0, "id": "FR"}, {"import": 0, "export": 0, "id": "TH"}, {"import": 0, "export": 0, "id": "VN"}, {"import": 3065, "export": 0, "id": "DE"}, {"import": 8801, "export": 0, "id": "GB"}, {"import": 19951, "export": 0, "id": "NL"}, {"import": 0, "export": 0, "id": "DK"}, {"import": 46000, "export": 0, "id": "IN"}, {"import": 0, "export": 0, "id": "RO"}, {"import": 5460, "export": 0, "id": "US"}, {"import": 22000, "export": 0, "id": "SE"}, {"import": 0, "export": 0, "id": "CH"}, {"import": 0, "export": 0, "id": "EC"}, {"import": 400, "export": 0, "id": "GR"}], "import": 18401159, "export": 0}, {"date": "Unnamed: 4-01", "list": [{"import": 0, "export": 0, "id": "AR"}, {"import": 750000, "export": 0, "id": "CN"}, {"import": 500000, "export": 0, "id": "PY"}, {"import": 4200000, "export": 0, "id": "PK"}, {"import": 282980, "export": 0, "id": "UY"}, {"import": 4073, "export": 0, "id": "BE"}, {"import": 0, "export": 0, "id": "GY"}, {"import": 0, "export": 0, "id": "MM"}, {"import": 106764, "export": 0, "id": "IT"}, {"import": 124160, "export": 0, "id": "PT"}, {"import": 1335, "export": 0, "id": "FR"}, {"import": 6506, "export": 0, "id": "TH"}, {"import": 0, "export": 0, "id": "VN"}, {"import": 4467, "export": 0, "id": "DE"}, {"import": 5707, "export": 0, "id": "GB"}, {"import": 11177, "export": 0, "id": "NL"}, {"import": 25000, "export": 0, "id": "DK"}, {"import": 3500, "export": 0, "id": "IN"}, {"import": 0, "export": 0, "id": "RO"}, {"import": 0, "export": 0, "id": "US"}, {"import": 0, "export": 0, "id": "SE"}, {"import": 0, "export": 0, "id": "CH"}, {"import": 0, "export": 0, "id": "EC"}, {"import": 0, "export": 0, "id": "GR"}], "import": 6025669, "export": 0}, {"date": "Unnamed: 5-01", "list": [{"import": 0, "export": 0, "id": "AR"}, {"import": 0, "export": 0, "id": "CN"}, {"import": 0, "export": 0, "id": "PY"}, {"import": 3513000, "export": 0, "id": "PK"}, {"import": 235000, "export": 0, "id": "UY"}, {"import": 10400, "export": 0, "id": "BE"}, {"import": 50860, "export": 0, "id": "GY"}, {"import": 0, "export": 0, "id": "MM"}, {"import": 35874, "export": 0, "id": "IT"}, {"import": 25180, "export": 0, "id": "PT"}, {"import": 0, "export": 0, "id": "FR"}, {"import": 902176, "export": 0, "id": "TH"}, {"import": 0, "export": 0, "id": "VN"}, {"import": 32807, "export": 0, "id": "DE"}, {"import": 8627, "export": 0, "id": "GB"}, {"import": 9797, "export": 0, "id": "NL"}, {"import": 0, "export": 0, "id": "DK"}, {"import": 0, "export": 0, "id": "IN"}, {"import": 0, "export": 0, "id": "RO"}, {"import": 0, "export": 0, "id": "US"}, {"import": 0, "export": 0, "id": "SE"}, {"import": 7, "export": 0, "id": "CH"}, {"import": 0, "export": 0, "id": "EC"}, {"import": 0, "export": 0, "id": "GR"}], "import": 4823728, "export": 0}, {"date": "Unnamed: 6-01", "list": [{"import": 8322000, "export": 0, "id": "AR"}, {"import": 0, "export": 0, "id": "CN"}, {"import": 0, "export": 0, "id": "PY"}, {"import": 1747200, "export": 0, "id": "PK"}, {"import": 383710, "export": 0, "id": "UY"}, {"import": 6265, "export": 0, "id": "BE"}, {"import": 7902250, "export": 0, "id": "GY"}, {"import": 0, "export": 0, "id": "MM"}, {"import": 78502, "export": 0, "id": "IT"}, {"import": 150320, "export": 0, "id": "PT"}, {"import": 26566, "export": 0, "id": "FR"}, {"import": 2171006, "export": 0, "id": "TH"}, {"import": 0, "export": 0, "id": "VN"}, {"import": 13139, "export": 0, "id": "DE"}, {"import": 4374, "export": 0, "id": "GB"}, {"import": 7320, "export": 0, "id": "NL"}, {"import": 28000, "export": 0, "id": "DK"}, {"import": 0, "export": 0, "id": "IN"}, {"import": 0, "export": 0, "id": "RO"}, {"import": 0, "export": 0, "id": "US"}, {"import": 0, "export": 0, "id": "SE"}, {"import": 0, "export": 0, "id": "CH"}, {"import": 0, "export": 0, "id": "EC"}, {"import": 0, "export": 0, "id": "GR"}], "import": 20840652, "export": 0}, {"date": "Unnamed: 7-01", "list": [{"import": 22000, "export": 0, "id": "AR"}, {"import": 0, "export": 0, "id": "CN"}, {"import": 0, "export": 0, "id": "PY"}, {"import": 2175000, "export": 0, "id": "PK"}, {"import": 95000, "export": 0, "id": "UY"}, {"import": 2880, "export": 0, "id": "BE"}, {"import": 1098000, "export": 0, "id": "GY"}, {"import": 500000, "export": 0, "id": "MM"}, {"import": 40779, "export": 0, "id": "IT"}, {"import": 146100, "export": 0, "id": "PT"}, {"import": 923, "export": 0, "id": "FR"}, {"import": 1500000, "export": 0, "id": "TH"}, {"import": 0, "export": 0, "id": "VN"}, {"import": 8829, "export": 0, "id": "DE"}, {"import": 6675, "export": 0, "id": "GB"}, {"import": 3973, "export": 0, "id": "NL"}, {"import": 16000, "export": 0, "id": "DK"}, {"import": 0, "export": 0, "id": "IN"}, {"import": 0, "export": 0, "id": "RO"}, {"import": 0, "export": 0, "id": "US"}, {"import": 1892, "export": 0, "id": "SE"}, {"import": 0, "export": 0, "id": "CH"}, {"import": 0, "export": 0, "id": "EC"}, {"import": 0, "export": 0, "id": "GR"}], "import": 5618051, "export": 0}, {"date": "Unnamed: 8-01", "list": [{"import": 0, "export": 0, "id": "AR"}, {"import": 0, "export": 0, "id": "CN"}, {"import": 0, "export": 0, "id": "PY"}, {"import": 26000, "export": 0, "id": "PK"}, {"import": 48000, "export": 0, "id": "UY"}, {"import": 607997, "export": 0, "id": "BE"}, {"import": 990000, "export": 0, "id": "GY"}, {"import": 250000, "export": 0, "id": "MM"}, {"import": 57705, "export": 0, "id": "IT"}, {"import": 95240, "export": 0, "id": "PT"}, {"import": 76, "export": 0, "id": "FR"}, {"import": 1540000, "export": 0, "id": "TH"}, {"import": 0, "export": 0, "id": "VN"}, {"import": 5675, "export": 0, "id": "DE"}, {"import": 10575, "export": 0, "id": "GB"}, {"import": 5151, "export": 0, "id": "NL"}, {"import": 0, "export": 0, "id": "DK"}, {"import": 0, "export": 0, "id": "IN"}, {"import": 60, "export": 0, "id": "RO"}, {"import": 0, "export": 0, "id": "US"}, {"import": 22736, "export": 0, "id": "SE"}, {"import": 0, "export": 0, "id": "CH"}, {"import": 0, "export": 0, "id": "EC"}, {"import": 0, "export": 0, "id": "GR"}], "import": 3659215, "export": 0}, {"date": "Unnamed: 9-01", "list": [{"import": 2211152, "export": 0, "id": "AR"}, {"import": 0, "export": 0, "id": "CN"}, {"import": 0, "export": 0, "id": "PY"}, {"import": 450000, "export": 0, "id": "PK"}, {"import": 96000, "export": 0, "id": "UY"}, {"import": 110912, "export": 0, "id": "BE"}, {"import": 1500000, "export": 0, "id": "GY"}, {"import": 1750000, "export": 0, "id": "MM"}, {"import": 36116, "export": 0, "id": "IT"}, {"import": 71900, "export": 0, "id": "PT"}, {"import": 138, "export": 0, "id": "FR"}, {"import": 2510000, "export": 0, "id": "TH"}, {"import": 0, "export": 0, "id": "VN"}, {"import": 10547, "export": 0, "id": "DE"}, {"import": 4500, "export": 0, "id": "GB"}, {"import": 23774, "export": 0, "id": "NL"}, {"import": 0, "export": 0, "id": "DK"}, {"import": 0, "export": 0, "id": "IN"}, {"import": 0, "export": 0, "id": "RO"}, {"import": 7076, "export": 0, "id": "US"}, {"import": 22982, "export": 0, "id": "SE"}, {"import": 0, "export": 0, "id": "CH"}, {"import": 0, "export": 0, "id": "EC"}, {"import": 0, "export": 0, "id": "GR"}], "import": 8805097, "export": 0}, {"date": "Unnamed: 10-01", "list": [{"import": 0, "export": 0, "id": "AR"}, {"import": 0, "export": 0, "id": "CN"}, {"import": 0, "export": 0, "id": "PY"}, {"import": 1400000, "export": 0, "id": "PK"}, {"import": 0, "export": 0, "id": "UY"}, {"import": 165350, "export": 0, "id": "BE"}, {"import": 500000, "export": 0, "id": "GY"}, {"import": 1000000, "export": 0, "id": "MM"}, {"import": 69794, "export": 0, "id": "IT"}, {"import": 74165, "export": 0, "id": "PT"}, {"import": 24110, "export": 0, "id": "FR"}, {"import": 31000, "export": 0, "id": "TH"}, {"import": 0, "export": 0, "id": "VN"}, {"import": 35197, "export": 0, "id": "DE"}, {"import": 4917, "export": 0, "id": "GB"}, {"import": 9365, "export": 0, "id": "NL"}, {"import": 0, "export": 0, "id": "DK"}, {"import": 0, "export": 0, "id": "IN"}, {"import": 100, "export": 0, "id": "RO"}, {"import": 0, "export": 0, "id": "US"}, {"import": 16000, "export": 0, "id": "SE"}, {"import": 0, "export": 0, "id": "CH"}, {"import": 0, "export": 0, "id": "EC"}, {"import": 0, "export": 0, "id": "GR"}], "import": 3329998, "export": 0}, {"date": "Unnamed: 11-01", "list": [{"import": 335659, "export": 0, "id": "AR"}, {"import": 500000, "export": 0, "id": "CN"}, {"import": 0, "export": 0, "id": "PY"}, {"import": 418705, "export": 0, "id": "PK"}, {"import": 235000, "export": 0, "id": "UY"}, {"import": 138834, "export": 0, "id": "BE"}, {"import": 100000, "export": 0, "id": "GY"}, {"import": 1950000, "export": 0, "id": "MM"}, {"import": 75922, "export": 0, "id": "IT"}, {"import": 201592, "export": 0, "id": "PT"}, {"import": 1451, "export": 0, "id": "FR"}, {"import": 39999, "export": 0, "id": "TH"}, {"import": 0, "export": 0, "id": "VN"}, {"import": 24171, "export": 0, "id": "DE"}, {"import": 8501, "export": 0, "id": "GB"}, {"import": 5896, "export": 0, "id": "NL"}, {"import": 6000, "export": 0, "id": "DK"}, {"import": 8, "export": 0, "id": "IN"}, {"import": 100, "export": 0, "id": "RO"}, {"import": 0, "export": 0, "id": "US"}, {"import": 22982, "export": 0, "id": "SE"}, {"import": 0, "export": 0, "id": "CH"}, {"import": 0, "export": 0, "id": "EC"}, {"import": 0, "export": 0, "id": "GR"}], "import": 4064820, "export": 0}, {"date": "Unnamed: 12-01", "list": [{"import": 3058931, "export": 0, "id": "AR"}, {"import": 500000, "export": 0, "id": "CN"}, {"import": 0, "export": 0, "id": "PY"}, {"import": 450000, "export": 0, "id": "PK"}, {"import": 0, "export": 0, "id": "UY"}, {"import": 227550, "export": 0, "id": "BE"}, {"import": 5278690, "export": 0, "id": "GY"}, {"import": 675000, "export": 0, "id": "MM"}, {"import": 110858, "export": 0, "id": "IT"}, {"import": 96378, "export": 0, "id": "PT"}, {"import": 32, "export": 0, "id": "FR"}, {"import": 62690, "export": 0, "id": "TH"}, {"import": 0, "export": 0, "id": "VN"}, {"import": 17984, "export": 0, "id": "DE"}, {"import": 7557, "export": 0, "id": "GB"}, {"import": 8293, "export": 0, "id": "NL"}, {"import": 0, "export": 0, "id": "DK"}, {"import": 0, "export": 0, "id": "IN"}, {"import": 0, "export": 0, "id": "RO"}, {"import": 0, "export": 0, "id": "US"}, {"import": 22982, "export": 0, "id": "SE"}, {"import": 0, "export": 0, "id": "CH"}, {"import": 0, "export": 0, "id": "EC"}, {"import": 0, "export": 0, "id": "GR"}], "import": 10516945, "export": 0}, {"date": "Unnamed: 13-01", "list": [{"import": 436738, "export": 0, "id": "AR"}, {"import": 0, "export": 0, "id": "CN"}, {"import": 0, "export": 0, "id": "PY"}, {"import": 375000, "export": 0, "id": "PK"}, {"import": 72000, "export": 0, "id": "UY"}, {"import": 3638, "export": 0, "id": "BE"}, {"import": 500000, "export": 0, "id": "GY"}, {"import": 0, "export": 0, "id": "MM"}, {"import": 47839, "export": 0, "id": "IT"}, {"import": 25143, "export": 0, "id": "PT"}, {"import": 25, "export": 0, "id": "FR"}, {"import": 0, "export": 0, "id": "TH"}, {"import": 1000, "export": 0, "id": "VN"}, {"import": 14814, "export": 0, "id": "DE"}, {"import": 4435, "export": 0, "id": "GB"}, {"import": 8681, "export": 0, "id": "NL"}, {"import": 5250, "export": 0, "id": "DK"}, {"import": 0, "export": 0, "id": "IN"}, {"import": 0, "export": 0, "id": "RO"}, {"import": 0, "export": 0, "id": "US"}, {"import": 22491, "export": 0, "id": "SE"}, {"import": 0, "export": 0, "id": "CH"}, {"import": 0, "export": 0, "id": "EC"}, {"import": 0, "export": 0, "id": "GR"}], "import": 1517054, "export": 0}, {"date": "Unnamed: 14-01", "list": [{"import": 0, "export": 0, "id": "AR"}, {"import": 0, "export": 0, "id": "CN"}, {"import": 0, "export": 0, "id": "PY"}, {"import": 2243054, "export": 0, "id": "PK"}, {"import": 240000, "export": 0, "id": "UY"}, {"import": 54406, "export": 0, "id": "BE"}, {"import": 0, "export": 0, "id": "GY"}, {"import": 0, "export": 0, "id": "MM"}, {"import": 77854, "export": 0, "id": "IT"}, {"import": 94206, "export": 0, "id": "PT"}, {"import": 183, "export": 0, "id": "FR"}, {"import": 2401, "export": 0, "id": "TH"}, {"import": 0, "export": 0, "id": "VN"}, {"import": 9534, "export": 0, "id": "DE"}, {"import": 47081, "export": 0, "id": "GB"}, {"import": 33686, "export": 0, "id": "NL"}, {"import": 0, "export": 0, "id": "DK"}, {"import": 125, "export": 0, "id": "IN"}, {"import": 0, "export": 0, "id": "RO"}, {"import": 0, "export": 0, "id": "US"}, {"import": 0, "export": 0, "id": "SE"}, {"import": 0, "export": 0, "id": "CH"}, {"import": 0, "export": 0, "id": "EC"}, {"import": 0, "export": 0, "id": "GR"}], "import": 2802530, "export": 0}, {"date": "Unnamed: 15-01", "list": [{"import": 22008, "export": 0, "id": "AR"}, {"import": 0, "export": 0, "id": "CN"}, {"import": 0, "export": 0, "id": "PY"}, {"import": 425000, "export": 0, "id": "PK"}, {"import": 0, "export": 0, "id": "UY"}, {"import": 385712, "export": 0, "id": "BE"}, {"import": 0, "export": 0, "id": "GY"}, {"import": 0, "export": 0, "id": "MM"}, {"import": 75565, "export": 0, "id": "IT"}, {"import": 140480, "export": 0, "id": "PT"}, {"import": 25, "export": 0, "id": "FR"}, {"import": 0, "export": 0, "id": "TH"}, {"import": 0, "export": 0, "id": "VN"}, {"import": 18421, "export": 0, "id": "DE"}, {"import": 2173, "export": 0, "id": "GB"}, {"import": 3940, "export": 0, "id": "NL"}, {"import": 3000, "export": 0, "id": "DK"}, {"import": 0, "export": 0, "id": "IN"}, {"import": 0, "export": 0, "id": "RO"}, {"import": 0, "export": 0, "id": "US"}, {"import": 982, "export": 0, "id": "SE"}, {"import": 0, "export": 0, "id": "CH"}, {"import": 0, "export": 0, "id": "EC"}, {"import": 0, "export": 0, "id": "GR"}], "import": 1077306, "export": 0}, {"date": "Unnamed: 16-01", "list": [{"import": 4530004, "export": 0, "id": "AR"}, {"import": 0, "export": 0, "id": "CN"}, {"import": 0, "export": 0, "id": "PY"}, {"import": 5021003, "export": 0, "id": "PK"}, {"import": 355000, "export": 0, "id": "UY"}, {"import": 404160, "export": 0, "id": "BE"}, {"import": 0, "export": 0, "id": "GY"}, {"import": 0, "export": 0, "id": "MM"}, {"import": 59760, "export": 0, "id": "IT"}, {"import": 23761, "export": 0, "id": "PT"}, {"import": 5767, "export": 0, "id": "FR"}, {"import": 0, "export": 0, "id": "TH"}, {"import": 0, "export": 0, "id": "VN"}, {"import": 29120, "export": 0, "id": "DE"}, {"import": 9514, "export": 0, "id": "GB"}, {"import": 8080, "export": 0, "id": "NL"}, {"import": 3000, "export": 0, "id": "DK"}, {"import": 0, "export": 0, "id": "IN"}, {"import": 200, "export": 0, "id": "RO"}, {"import": 0, "export": 0, "id": "US"}, {"import": 477, "export": 0, "id": "SE"}, {"import": 0, "export": 0, "id": "EC"}, {"import": 0, "export": 0, "id": "GR"}], "import": 10449846, "export": 0}, {"date": "Unnamed: 17-01", "list": [{"import": 1013440, "export": 0, "id": "AR"}, {"import": 0, "export": 0, "id": "CN"}, {"import": 0, "export": 0, "id": "PY"}, {"import": 3300000, "export": 0, "id": "PK"}, {"import": 240000, "export": 0, "id": "UY"}, {"import": 221020, "export": 0, "id": "BE"}, {"import": 380175, "export": 0, "id": "GY"}, {"import": 1575000, "export": 0, "id": "MM"}, {"import": 47513, "export": 0, "id": "IT"}, {"import": 0, "export": 0, "id": "PT"}, {"import": 24153, "export": 0, "id": "FR"}, {"import": 23968, "export": 0, "id": "TH"}, {"import": 0, "export": 0, "id": "VN"}, {"import": 27083, "export": 0, "id": "DE"}, {"import": 8125, "export": 0, "id": "GB"}, {"import": 13207, "export": 0, "id": "NL"}, {"import": 0, "export": 0, "id": "DK"}, {"import": 0, "export": 0, "id": "IN"}, {"import": 0, "export": 0, "id": "RO"}, {"import": 3, "export": 0, "id": "US"}, {"import": 491, "export": 0, "id": "SE"}, {"import": 0, "export": 0, "id": "CH"}, {"import": 0, "export": 0, "id": "EC"}, {"import": 0, "export": 0, "id": "GR"}], "import": 6874178, "export": 0}, {"date": "Unnamed: 18-01", "list": [{"import": 4749560, "export": 0, "id": "AR"}, {"import": 0, "export": 0, "id": "CN"}, {"import": 423950, "export": 0, "id": "PY"}, {"import": 4743003, "export": 0, "id": "PK"}, {"import": 2377840, "export": 0, "id": "UY"}, {"import": 3000, "export": 0, "id": "BE"}, {"import": 9786900, "export": 0, "id": "GY"}, {"import": 1500000, "export": 0, "id": "MM"}, {"import": 140909, "export": 0, "id": "IT"}, {"import": 0, "export": 0, "id": "PT"}, {"import": 25, "export": 0, "id": "FR"}, {"import": 0, "export": 0, "id": "TH"}, {"import": 0, "export": 0, "id": "VN"}, {"import": 40579, "export": 0, "id": "DE"}, {"import": 1947, "export": 0, "id": "GB"}, {"import": 5072, "export": 0, "id": "NL"}, {"import": 0, "export": 0, "id": "DK"}, {"import": 0, "export": 0, "id": "IN"}, {"import": 0, "export": 0, "id": "RO"}, {"import": 1, "export": 0, "id": "US"}, {"import": 1111, "export": 0, "id": "SE"}, {"import": 0, "export": 0, "id": "CH"}, {"import": 0, "export": 0, "id": "EC"}, {"import": 0, "export": 0, "id": "GR"}], "import": 23773897, "export": 0}, {"date": "Unnamed: 19-01", "list": [{"import": 5022500, "export": 0, "id": "AR"}, {"import": 0, "export": 0, "id": "CN"}, {"import": 1201150, "export": 0, "id": "PY"}, {"import": 4023066, "export": 0, "id": "PK"}, {"import": 1803300, "export": 0, "id": "UY"}, {"import": 2994, "export": 0, "id": "BE"}, {"import": 1752910, "export": 0, "id": "GY"}, {"import": 250000, "export": 0, "id": "MM"}, {"import": 91871, "export": 0, "id": "IT"}, {"import": 24920, "export": 0, "id": "PT"}, {"import": 0, "export": 0, "id": "FR"}, {"import": 0, "export": 0, "id": "TH"}, {"import": 0, "export": 0, "id": "VN"}, {"import": 26415, "export": 0, "id": "DE"}, {"import": 9730, "export": 0, "id": "GB"}, {"import": 5146, "export": 0, "id": "NL"}, {"import": 3000, "export": 0, "id": "DK"}, {"import": 27, "export": 0, "id": "IN"}, {"import": 0, "export": 0, "id": "RO"}, {"import": 0, "export": 0, "id": "US"}, {"import": 0, "export": 0, "id": "SE"}, {"import": 0, "export": 0, "id": "CH"}, {"import": 0, "export": 0, "id": "EC"}, {"import": 1000, "export": 0, "id": "GR"}], "import": 14218029, "export": 0}, {"date": "Unnamed: 20-01", "list": [{"import": 6790523, "export": 0, "id": "AR"}, {"import": 1000000, "export": 0, "id": "CN"}, {"import": 820070, "export": 0, "id": "PY"}, {"import": 1321512, "export": 0, "id": "PK"}, {"import": 960000, "export": 0, "id": "UY"}, {"import": 0, "export": 0, "id": "BE"}, {"import": 752470, "export": 0, "id": "GY"}, {"import": 1325000, "export": 0, "id": "MM"}, {"import": 84392, "export": 0, "id": "IT"}, {"import": 24580, "export": 0, "id": "PT"}, {"import": 110, "export": 0, "id": "FR"}, {"import": 39999, "export": 0, "id": "TH"}, {"import": 0, "export": 0, "id": "VN"}, {"import": 10945, "export": 0, "id": "DE"}, {"import": 2136, "export": 0, "id": "GB"}, {"import": 8277, "export": 0, "id": "NL"}, {"import": 0, "export": 0, "id": "DK"}, {"import": 0, "export": 0, "id": "IN"}, {"import": 0, "export": 0, "id": "RO"}, {"import": 0, "export": 0, "id": "US"}, {"import": 631, "export": 0, "id": "SE"}, {"import": 0, "export": 0, "id": "CH"}, {"import": 0, "export": 0, "id": "EC"}, {"import": 0, "export": 0, "id": "GR"}], "import": 13140645, "export": 0}, {"date": "Unnamed: 21-01", "list": [{"import": 6995200, "export": 0, "id": "AR"}, {"import": 3000000, "export": 0, "id": "CN"}, {"import": 1676500, "export": 0, "id": "PY"}, {"import": 1515175, "export": 0, "id": "PK"}, {"import": 480000, "export": 0, "id": "UY"}, {"import": 304712, "export": 0, "id": "BE"}, {"import": 251330, "export": 0, "id": "GY"}, {"import": 250000, "export": 0, "id": "MM"}, {"import": 37204, "export": 0, "id": "IT"}, {"import": 25379, "export": 0, "id": "PT"}, {"import": 24096, "export": 0, "id": "FR"}, {"import": 22000, "export": 0, "id": "TH"}, {"import": 20000, "export": 0, "id": "VN"}, {"import": 10473, "export": 0, "id": "DE"}, {"import": 6578, "export": 0, "id": "GB"}, {"import": 5763, "export": 0, "id": "NL"}, {"import": 3000, "export": 0, "id": "DK"}, {"import": 2155, "export": 0, "id": "IN"}, {"import": 0, "export": 0, "id": "RO"}, {"import": 0, "export": 0, "id": "US"}, {"import": 0, "export": 0, "id": "SE"}, {"import": 0, "export": 0, "id": "CH"}, {"import": 0, "export": 0, "id": "EC"}, {"import": 0, "export": 0, "id": "GR"}], "import": 14629565, "export": 0}, {"date": "2018-10-01", "list": [{"import": 0, "export": 6582540, "id": "BE"}, {"import": 0, "export": 50000, "id": "IN"}, {"import": 0, "export": 9720, "id": "DE"}, {"import": 0, "export": 46880, "id": "GB"}, {"import": 0, "export": 5825, "id": "FI"}, {"import": 0, "export": 0, "id": "BG"}, {"import": 0, "export": 44162, "id": "NL"}, {"import": 0, "export": 35042, "id": "FR"}, {"import": 0, "export": 51693, "id": "US"}, {"import": 0, "export": 0, "id": "GQ"}, {"import": 0, "export": 3301, "id": "GI"}, {"import": 0, "export": 1557854, "id": "PT"}, {"import": 0, "export": 30, "id": "IT"}, {"import": 0, "export": 7349, "id": "ES"}, {"import": 0, "export": 571, "id": "AD"}, {"import": 0, "export": 0, "id": "CH"}, {"import": 0, "export": 0, "id": "DK"}, {"import": 0, "export": 0, "id": "SE"}, {"import": 0, "export": 800, "id": "SG"}, {"import": 0, "export": 0, "id": "SK"}, {"import": 0, "export": 0, "id": "AE"}, {"import": 0, "export": 0, "id": "UA"}, {"import": 0, "export": 0, "id": "VE"}, {"import": 0, "export": 0, "id": "DO"}, {"import": 0, "export": 0, "id": "EC"}, {"import": 0, "export": 0, "id": "LB"}, {"import": 0, "export": 0, "id": "LV"}, {"import": 0, "export": 0, "id": "LR"}, {"import": 0, "export": 0, "id": "LT"}, {"import": 0, "export": 0, "id": "LU"}, {"import": 0, "export": 0, "id": "RO"}, {"import": 0, "export": 0, "id": "RU"}, {"import": 0, "export": 0, "id": "SA"}, {"import": 0, "export": 0, "id": "NZ"}, {"import": 0, "export": 0, "id": "NO"}, {"import": 0, "export": 0, "id": "PA"}, {"import": 0, "export": 0, "id": "PH"}, {"import": 0, "export": 0, "id": "PL"}, {"import": 0, "export": 0, "id": "BH"}, {"import": 0, "export": 0, "id": "BR"}, {"import": 0, "export": 0, "id": "CA"}, {"import": 0, "export": 0, "id": "CV"}, {"import": 0, "export": 0, "id": "-"}, {"import": 0, "export": 0, "id": "GR"}, {"import": 0, "export": 0, "id": "GT"}, {"import": 0, "export": 0, "id": "HT"}, {"import": 0, "export": 0, "id": "HU"}, {"import": 0, "export": 0, "id": "IE"}, {"import": 0, "export": 0, "id": "IL"}], "import": 0, "export": 8395767}, {"date": "2018-11-01", "list": [{"import": 0, "export": 6638760, "id": "BE"}, {"import": 0, "export": 25000, "id": "IN"}, {"import": 0, "export": 12, "id": "DE"}, {"import": 0, "export": 1364756, "id": "GB"}, {"import": 0, "export": 34363, "id": "FI"}, {"import": 0, "export": 0, "id": "BG"}, {"import": 0, "export": 419, "id": "NL"}, {"import": 0, "export": 26827, "id": "FR"}, {"import": 0, "export": 27912, "id": "US"}, {"import": 0, "export": 0, "id": "GQ"}, {"import": 0, "export": 2451, "id": "GI"}, {"import": 0, "export": 55846, "id": "PT"}, {"import": 0, "export": 404, "id": "IT"}, {"import": 0, "export": 4754, "id": "ES"}, {"import": 0, "export": 1218, "id": "AD"}, {"import": 0, "export": 0, "id": "CH"}, {"import": 0, "export": 0, "id": "DK"}, {"import": 0, "export": 0, "id": "SE"}, {"import": 0, "export": 0, "id": "SG"}, {"import": 0, "export": 0, "id": "SK"}, {"import": 0, "export": 0, "id": "AE"}, {"import": 0, "export": 480, "id": "UA"}, {"import": 0, "export": 0, "id": "VE"}, {"import": 0, "export": 3750, "id": "DO"}, {"import": 0, "export": 0, "id": "EC"}, {"import": 0, "export": 0, "id": "LB"}, {"import": 0, "export": 0, "id": "LV"}, {"import": 0, "export": 0, "id": "LR"}, {"import": 0, "export": 25, "id": "LT"}, {"import": 0, "export": 125, "id": "LU"}, {"import": 0, "export": 0, "id": "RO"}, {"import": 0, "export": 0, "id": "RU"}, {"import": 0, "export": 0, "id": "SA"}, {"import": 0, "export": 0, "id": "NZ"}, {"import": 0, "export": 0, "id": "NO"}, {"import": 0, "export": 0, "id": "PA"}, {"import": 0, "export": 0, "id": "PH"}, {"import": 0, "export": 0, "id": "PL"}, {"import": 0, "export": 0, "id": "BH"}, {"import": 0, "export": 0, "id": "BR"}, {"import": 0, "export": 0, "id": "CA"}, {"import": 0, "export": 0, "id": "CV"}, {"import": 0, "export": 20, "id": "-"}, {"import": 0, "export": 303, "id": "GR"}, {"import": 0, "export": 0, "id": "GT"}, {"import": 0, "export": 0, "id": "HT"}, {"import": 0, "export": 1680, "id": "HU"}, {"import": 0, "export": 0, "id": "IE"}, {"import": 0, "export": 0, "id": "IL"}], "import": 0, "export": 8189105}, {"date": "2018-12-01", "list": [{"import": 0, "export": 5779860, "id": "BE"}, {"import": 0, "export": 50000, "id": "IN"}, {"import": 0, "export": 76, "id": "DE"}, {"import": 0, "export": 3183080, "id": "GB"}, {"import": 0, "export": 35597, "id": "FI"}, {"import": 0, "export": 0, "id": "BG"}, {"import": 0, "export": 50, "id": "NL"}, {"import": 0, "export": 79743, "id": "FR"}, {"import": 0, "export": 0, "id": "US"}, {"import": 0, "export": 0, "id": "GQ"}, {"import": 0, "export": 1426, "id": "GI"}, {"import": 0, "export": 56513, "id": "PT"}, {"import": 0, "export": 1600, "id": "IT"}, {"import": 0, "export": 9641, "id": "ES"}, {"import": 0, "export": 1087, "id": "AD"}, {"import": 0, "export": 0, "id": "CH"}, {"import": 0, "export": 0, "id": "DK"}, {"import": 0, "export": 0, "id": "SE"}, {"import": 0, "export": 0, "id": "SG"}, {"import": 0, "export": 0, "id": "SK"}, {"import": 0, "export": 0, "id": "AE"}, {"import": 0, "export": 0, "id": "UA"}, {"import": 0, "export": 0, "id": "VE"}, {"import": 0, "export": 0, "id": "DO"}, {"import": 0, "export": 0, "id": "EC"}, {"import": 0, "export": 0, "id": "LB"}, {"import": 0, "export": 0, "id": "LV"}, {"import": 0, "export": 450, "id": "LR"}, {"import": 0, "export": 0, "id": "LT"}, {"import": 0, "export": 0, "id": "LU"}, {"import": 0, "export": 0, "id": "RO"}, {"import": 0, "export": 0, "id": "RU"}, {"import": 0, "export": 0, "id": "SA"}, {"import": 0, "export": 0, "id": "NZ"}, {"import": 0, "export": 0, "id": "NO"}, {"import": 0, "export": 0, "id": "PA"}, {"import": 0, "export": 0, "id": "PH"}, {"import": 0, "export": 50000, "id": "PL"}, {"import": 0, "export": 0, "id": "BH"}, {"import": 0, "export": 0, "id": "BR"}, {"import": 0, "export": 0, "id": "CA"}, {"import": 0, "export": 0, "id": "CV"}, {"import": 0, "export": 0, "id": "-"}, {"import": 0, "export": 0, "id": "GR"}, {"import": 0, "export": 0, "id": "GT"}, {"import": 0, "export": 0, "id": "HT"}, {"import": 0, "export": 0, "id": "HU"}, {"import": 0, "export": 0, "id": "IE"}, {"import": 0, "export": 0, "id": "IL"}], "import": 0, "export": 9249123}, {"date": "2019-01-01", "list": [{"import": 0, "export": 6368480, "id": "BE"}, {"import": 0, "export": 125000, "id": "IN"}, {"import": 0, "export": 3285, "id": "DE"}, {"import": 0, "export": 104842, "id": "GB"}, {"import": 0, "export": 21944, "id": "FI"}, {"import": 0, "export": 0, "id": "BG"}, {"import": 0, "export": 512, "id": "NL"}, {"import": 0, "export": 26720, "id": "FR"}, {"import": 0, "export": 0, "id": "US"}, {"import": 0, "export": 0, "id": "GQ"}, {"import": 0, "export": 2613, "id": "GI"}, {"import": 0, "export": 53703, "id": "PT"}, {"import": 0, "export": 510, "id": "IT"}, {"import": 0, "export": 12990, "id": "ES"}, {"import": 0, "export": 1436, "id": "AD"}, {"import": 0, "export": 0, "id": "CH"}, {"import": 0, "export": 0, "id": "DK"}, {"import": 0, "export": 0, "id": "SE"}, {"import": 0, "export": 0, "id": "SG"}, {"import": 0, "export": 1680, "id": "SK"}, {"import": 0, "export": 0, "id": "AE"}, {"import": 0, "export": 0, "id": "UA"}, {"import": 0, "export": 0, "id": "VE"}, {"import": 0, "export": 1250, "id": "DO"}, {"import": 0, "export": 0, "id": "EC"}, {"import": 0, "export": 0, "id": "LB"}, {"import": 0, "export": 0, "id": "LV"}, {"import": 0, "export": 0, "id": "LR"}, {"import": 0, "export": 0, "id": "LT"}, {"import": 0, "export": 0, "id": "LU"}, {"import": 0, "export": 0, "id": "RO"}, {"import": 0, "export": 450, "id": "RU"}, {"import": 0, "export": 0, "id": "SA"}, {"import": 0, "export": 0, "id": "NZ"}, {"import": 0, "export": 0, "id": "NO"}, {"import": 0, "export": 0, "id": "PA"}, {"import": 0, "export": 0, "id": "PH"}, {"import": 0, "export": 0, "id": "PL"}, {"import": 0, "export": 150, "id": "BH"}, {"import": 0, "export": 0, "id": "BR"}, {"import": 0, "export": 0, "id": "CA"}, {"import": 0, "export": 0, "id": "CV"}, {"import": 0, "export": 0, "id": "-"}, {"import": 0, "export": 0, "id": "GR"}, {"import": 0, "export": 0, "id": "GT"}, {"import": 0, "export": 0, "id": "HT"}, {"import": 0, "export": 0, "id": "HU"}, {"import": 0, "export": 0, "id": "IE"}, {"import": 0, "export": 0, "id": "IL"}], "import": 0, "export": 6725565}, {"date": "2019-02-01", "list": [{"import": 0, "export": 9248200, "id": "BE"}, {"import": 0, "export": 75000, "id": "IN"}, {"import": 0, "export": 84, "id": "DE"}, {"import": 0, "export": 23400, "id": "GB"}, {"import": 0, "export": 34021, "id": "FI"}, {"import": 0, "export": 0, "id": "BG"}, {"import": 0, "export": 63036, "id": "NL"}, {"import": 0, "export": 54848, "id": "FR"}, {"import": 0, "export": 25816, "id": "US"}, {"import": 0, "export": 0, "id": "GQ"}, {"import": 0, "export": 2578, "id": "GI"}, {"import": 0, "export": 55332, "id": "PT"}, {"import": 0, "export": 0, "id": "IT"}, {"import": 0, "export": 5260, "id": "ES"}, {"import": 0, "export": 920, "id": "AD"}, {"import": 0, "export": 501, "id": "CH"}, {"import": 0, "export": 0, "id": "DK"}, {"import": 0, "export": 0, "id": "SE"}, {"import": 0, "export": 0, "id": "SG"}, {"import": 0, "export": 0, "id": "SK"}, {"import": 0, "export": 0, "id": "AE"}, {"import": 0, "export": 0, "id": "UA"}, {"import": 0, "export": 0, "id": "VE"}, {"import": 0, "export": 3850, "id": "DO"}, {"import": 0, "export": 0, "id": "EC"}, {"import": 0, "export": 0, "id": "LB"}, {"import": 0, "export": 0, "id": "LV"}, {"import": 0, "export": 0, "id": "LR"}, {"import": 0, "export": 0, "id": "LT"}, {"import": 0, "export": 0, "id": "LU"}, {"import": 0, "export": 0, "id": "RO"}, {"import": 0, "export": 0, "id": "RU"}, {"import": 0, "export": 0, "id": "SA"}, {"import": 0, "export": 0, "id": "NZ"}, {"import": 0, "export": 0, "id": "NO"}, {"import": 0, "export": 840, "id": "PA"}, {"import": 0, "export": 0, "id": "PH"}, {"import": 0, "export": 0, "id": "PL"}, {"import": 0, "export": 0, "id": "BH"}, {"import": 0, "export": 240, "id": "BR"}, {"import": 0, "export": 0, "id": "CA"}, {"import": 0, "export": 60, "id": "CV"}, {"import": 0, "export": 0, "id": "-"}, {"import": 0, "export": 0, "id": "GR"}, {"import": 0, "export": 0, "id": "GT"}, {"import": 0, "export": 0, "id": "HT"}, {"import": 0, "export": 0, "id": "HU"}, {"import": 0, "export": 0, "id": "IE"}, {"import": 0, "export": 0, "id": "IL"}], "import": 0, "export": 9593986}, {"date": "2019-03-01", "list": [{"import": 0, "export": 6806000, "id": "BE"}, {"import": 0, "export": 75000, "id": "IN"}, {"import": 0, "export": 48, "id": "DE"}, {"import": 0, "export": 3778964, "id": "GB"}, {"import": 0, "export": 22436, "id": "FI"}, {"import": 0, "export": 0, "id": "BG"}, {"import": 0, "export": 24090, "id": "NL"}, {"import": 0, "export": 30992, "id": "FR"}, {"import": 0, "export": 0, "id": "US"}, {"import": 0, "export": 2300, "id": "GQ"}, {"import": 0, "export": 3110, "id": "GI"}, {"import": 0, "export": 313282, "id": "PT"}, {"import": 0, "export": 0, "id": "IT"}, {"import": 0, "export": 8487, "id": "ES"}, {"import": 0, "export": 674, "id": "AD"}, {"import": 0, "export": 0, "id": "CH"}, {"import": 0, "export": 0, "id": "DK"}, {"import": 0, "export": 0, "id": "SE"}, {"import": 0, "export": 0, "id": "SG"}, {"import": 0, "export": 0, "id": "SK"}, {"import": 0, "export": 0, "id": "AE"}, {"import": 0, "export": 0, "id": "UA"}, {"import": 0, "export": 0, "id": "VE"}, {"import": 0, "export": 0, "id": "DO"}, {"import": 0, "export": 0, "id": "EC"}, {"import": 0, "export": 0, "id": "LB"}, {"import": 0, "export": 0, "id": "LV"}, {"import": 0, "export": 0, "id": "LR"}, {"import": 0, "export": 0, "id": "LT"}, {"import": 0, "export": 0, "id": "LU"}, {"import": 0, "export": 0, "id": "RO"}, {"import": 0, "export": 440, "id": "RU"}, {"import": 0, "export": 0, "id": "SA"}, {"import": 0, "export": 0, "id": "NZ"}, {"import": 0, "export": 0, "id": "NO"}, {"import": 0, "export": 0, "id": "PA"}, {"import": 0, "export": 0, "id": "PH"}, {"import": 0, "export": 0, "id": "PL"}, {"import": 0, "export": 0, "id": "BH"}, {"import": 0, "export": 0, "id": "BR"}, {"import": 0, "export": 0, "id": "CA"}, {"import": 0, "export": 156, "id": "CV"}, {"import": 0, "export": 20, "id": "-"}, {"import": 0, "export": 0, "id": "GR"}, {"import": 0, "export": 0, "id": "GT"}, {"import": 0, "export": 8100, "id": "HT"}, {"import": 0, "export": 1680, "id": "HU"}, {"import": 0, "export": 0, "id": "IE"}, {"import": 0, "export": 0, "id": "IL"}], "import": 0, "export": 11075779}, {"date": "2019-04-01", "list": [{"import": 0, "export": 6081620, "id": "BE"}, {"import": 0, "export": 0, "id": "IN"}, {"import": 0, "export": 193, "id": "DE"}, {"import": 0, "export": 76224, "id": "GB"}, {"import": 0, "export": 28588, "id": "FI"}, {"import": 0, "export": 0, "id": "BG"}, {"import": 0, "export": 107712, "id": "NL"}, {"import": 0, "export": 55247, "id": "FR"}, {"import": 0, "export": 137682, "id": "US"}, {"import": 0, "export": 0, "id": "GQ"}, {"import": 0, "export": 4344, "id": "GI"}, {"import": 0, "export": 157468, "id": "PT"}, {"import": 0, "export": 202, "id": "IT"}, {"import": 0, "export": 14490, "id": "ES"}, {"import": 0, "export": 893, "id": "AD"}, {"import": 0, "export": 86, "id": "CH"}, {"import": 0, "export": 0, "id": "DK"}, {"import": 0, "export": 0, "id": "SE"}, {"import": 0, "export": 0, "id": "SG"}, {"import": 0, "export": 0, "id": "SK"}, {"import": 0, "export": 0, "id": "AE"}, {"import": 0, "export": 0, "id": "UA"}, {"import": 0, "export": 0, "id": "VE"}, {"import": 0, "export": 500, "id": "DO"}, {"import": 0, "export": 200, "id": "EC"}, {"import": 0, "export": 0, "id": "LB"}, {"import": 0, "export": 0, "id": "LV"}, {"import": 0, "export": 0, "id": "LR"}, {"import": 0, "export": 0, "id": "LT"}, {"import": 0, "export": 0, "id": "LU"}, {"import": 0, "export": 0, "id": "RO"}, {"import": 0, "export": 0, "id": "RU"}, {"import": 0, "export": 0, "id": "SA"}, {"import": 0, "export": 0, "id": "NZ"}, {"import": 0, "export": 0, "id": "NO"}, {"import": 0, "export": 0, "id": "PA"}, {"import": 0, "export": 0, "id": "PH"}, {"import": 0, "export": 0, "id": "PL"}, {"import": 0, "export": 0, "id": "BH"}, {"import": 0, "export": 0, "id": "BR"}, {"import": 0, "export": 0, "id": "CA"}, {"import": 0, "export": 0, "id": "CV"}, {"import": 0, "export": 0, "id": "-"}, {"import": 0, "export": 0, "id": "GR"}, {"import": 0, "export": 0, "id": "GT"}, {"import": 0, "export": 0, "id": "HT"}, {"import": 0, "export": 0, "id": "HU"}, {"import": 0, "export": 0, "id": "IE"}, {"import": 0, "export": 0, "id": "IL"}], "import": 0, "export": 6665449}, {"date": "2019-05-01", "list": [{"import": 0, "export": 3500496, "id": "BE"}, {"import": 0, "export": 100000, "id": "IN"}, {"import": 0, "export": 4026, "id": "DE"}, {"import": 0, "export": 55824, "id": "GB"}, {"import": 0, "export": 33003, "id": "FI"}, {"import": 0, "export": 0, "id": "BG"}, {"import": 0, "export": 72, "id": "NL"}, {"import": 0, "export": 56236, "id": "FR"}, {"import": 0, "export": 87874, "id": "US"}, {"import": 0, "export": 0, "id": "GQ"}, {"import": 0, "export": 4142, "id": "GI"}, {"import": 0, "export": 55995, "id": "PT"}, {"import": 0, "export": 120000, "id": "IT"}, {"import": 0, "export": 4218, "id": "ES"}, {"import": 0, "export": 867, "id": "AD"}, {"import": 0, "export": 0, "id": "CH"}, {"import": 0, "export": 0, "id": "DK"}, {"import": 0, "export": 0, "id": "SE"}, {"import": 0, "export": 0, "id": "SG"}, {"import": 0, "export": 0, "id": "SK"}, {"import": 0, "export": 0, "id": "AE"}, {"import": 0, "export": 0, "id": "UA"}, {"import": 0, "export": 200, "id": "VE"}, {"import": 0, "export": 3600, "id": "DO"}, {"import": 0, "export": 0, "id": "EC"}, {"import": 0, "export": 0, "id": "LB"}, {"import": 0, "export": 0, "id": "LV"}, {"import": 0, "export": 0, "id": "LR"}, {"import": 0, "export": 0, "id": "LT"}, {"import": 0, "export": 0, "id": "LU"}, {"import": 0, "export": 0, "id": "RO"}, {"import": 0, "export": 0, "id": "RU"}, {"import": 0, "export": 0, "id": "SA"}, {"import": 0, "export": 0, "id": "NZ"}, {"import": 0, "export": 0, "id": "NO"}, {"import": 0, "export": 0, "id": "PA"}, {"import": 0, "export": 0, "id": "PH"}, {"import": 0, "export": 0, "id": "PL"}, {"import": 0, "export": 0, "id": "BH"}, {"import": 0, "export": 0, "id": "BR"}, {"import": 0, "export": 0, "id": "CA"}, {"import": 0, "export": 0, "id": "CV"}, {"import": 0, "export": 0, "id": "-"}, {"import": 0, "export": 0, "id": "GR"}, {"import": 0, "export": 0, "id": "GT"}, {"import": 0, "export": 0, "id": "HT"}, {"import": 0, "export": 0, "id": "HU"}, {"import": 0, "export": 0, "id": "IE"}, {"import": 0, "export": 72000, "id": "IL"}], "import": 0, "export": 4098553}, {"date": "2019-06-01", "list": [{"import": 0, "export": 6880132, "id": "BE"}, {"import": 0, "export": 50000, "id": "IN"}, {"import": 0, "export": 14496, "id": "DE"}, {"import": 0, "export": 54472, "id": "GB"}, {"import": 0, "export": 6328, "id": "FI"}, {"import": 0, "export": 0, "id": "BG"}, {"import": 0, "export": 430, "id": "NL"}, {"import": 0, "export": 31718, "id": "FR"}, {"import": 0, "export": 120477, "id": "US"}, {"import": 0, "export": 0, "id": "GQ"}, {"import": 0, "export": 1780, "id": "GI"}, {"import": 0, "export": 64711, "id": "PT"}, {"import": 0, "export": 432060, "id": "IT"}, {"import": 0, "export": 4271, "id": "ES"}, {"import": 0, "export": 562, "id": "AD"}, {"import": 0, "export": 0, "id": "CH"}, {"import": 0, "export": 0, "id": "DK"}, {"import": 0, "export": 20, "id": "SE"}, {"import": 0, "export": 0, "id": "SG"}, {"import": 0, "export": 0, "id": "SK"}, {"import": 0, "export": 0, "id": "AE"}, {"import": 0, "export": 0, "id": "UA"}, {"import": 0, "export": 0, "id": "VE"}, {"import": 0, "export": 4100, "id": "DO"}, {"import": 0, "export": 0, "id": "EC"}, {"import": 0, "export": 0, "id": "LB"}, {"import": 0, "export": 0, "id": "LV"}, {"import": 0, "export": 0, "id": "LR"}, {"import": 0, "export": 0, "id": "LT"}, {"import": 0, "export": 0, "id": "LU"}, {"import": 0, "export": 0, "id": "RO"}, {"import": 0, "export": 0, "id": "RU"}, {"import": 0, "export": 0, "id": "SA"}, {"import": 0, "export": 0, "id": "NZ"}, {"import": 0, "export": 0, "id": "NO"}, {"import": 0, "export": 0, "id": "PA"}, {"import": 0, "export": 0, "id": "PH"}, {"import": 0, "export": 0, "id": "PL"}, {"import": 0, "export": 0, "id": "BH"}, {"import": 0, "export": 0, "id": "BR"}, {"import": 0, "export": 0, "id": "CA"}, {"import": 0, "export": 0, "id": "CV"}, {"import": 0, "export": 0, "id": "-"}, {"import": 0, "export": 0, "id": "GR"}, {"import": 0, "export": 0, "id": "GT"}, {"import": 0, "export": 0, "id": "HT"}, {"import": 0, "export": 0, "id": "HU"}, {"import": 0, "export": 10, "id": "IE"}, {"import": 0, "export": 72000, "id": "IL"}], "import": 0, "export": 7737567}, {"date": "2019-07-01", "list": [{"import": 0, "export": 6900010, "id": "BE"}, {"import": 0, "export": 0, "id": "IN"}, {"import": 0, "export": 280, "id": "DE"}, {"import": 0, "export": 807311, "id": "GB"}, {"import": 0, "export": 26031, "id": "FI"}, {"import": 0, "export": 0, "id": "BG"}, {"import": 0, "export": 22206, "id": "NL"}, {"import": 0, "export": 81399, "id": "FR"}, {"import": 0, "export": 274991, "id": "US"}, {"import": 0, "export": 0, "id": "GQ"}, {"import": 0, "export": 3395, "id": "GI"}, {"import": 0, "export": 57193, "id": "PT"}, {"import": 0, "export": 143, "id": "IT"}, {"import": 0, "export": 9626, "id": "ES"}, {"import": 0, "export": 868, "id": "AD"}, {"import": 0, "export": 490, "id": "CH"}, {"import": 0, "export": 0, "id": "DK"}, {"import": 0, "export": 84, "id": "SE"}, {"import": 0, "export": 0, "id": "SG"}, {"import": 0, "export": 0, "id": "SK"}, {"import": 0, "export": 0, "id": "AE"}, {"import": 0, "export": 123, "id": "UA"}, {"import": 0, "export": 0, "id": "VE"}, {"import": 0, "export": 1500, "id": "DO"}, {"import": 0, "export": 0, "id": "EC"}, {"import": 0, "export": 0, "id": "LB"}, {"import": 0, "export": 0, "id": "LV"}, {"import": 0, "export": 0, "id": "LR"}, {"import": 0, "export": 0, "id": "LT"}, {"import": 0, "export": 0, "id": "LU"}, {"import": 0, "export": 1007, "id": "RO"}, {"import": 0, "export": 0, "id": "RU"}, {"import": 0, "export": 0, "id": "SA"}, {"import": 0, "export": 0, "id": "NZ"}, {"import": 0, "export": 0, "id": "NO"}, {"import": 0, "export": 0, "id": "PA"}, {"import": 0, "export": 0, "id": "PH"}, {"import": 0, "export": 0, "id": "PL"}, {"import": 0, "export": 0, "id": "BH"}, {"import": 0, "export": 0, "id": "BR"}, {"import": 0, "export": 0, "id": "CA"}, {"import": 0, "export": 0, "id": "CV"}, {"import": 0, "export": 0, "id": "-"}, {"import": 0, "export": 0, "id": "GR"}, {"import": 0, "export": 0, "id": "GT"}, {"import": 0, "export": 0, "id": "HT"}, {"import": 0, "export": 0, "id": "HU"}, {"import": 0, "export": 0, "id": "IE"}, {"import": 0, "export": 72000, "id": "IL"}], "import": 0, "export": 8258657}, {"date": "2019-08-01", "list": [{"import": 0, "export": 6532287, "id": "BE"}, {"import": 0, "export": 0, "id": "IN"}, {"import": 0, "export": 7148, "id": "DE"}, {"import": 0, "export": 23402, "id": "GB"}, {"import": 0, "export": 23319, "id": "FI"}, {"import": 0, "export": 0, "id": "BG"}, {"import": 0, "export": 103956, "id": "NL"}, {"import": 0, "export": 33571, "id": "FR"}, {"import": 0, "export": 34422, "id": "US"}, {"import": 0, "export": 400, "id": "GQ"}, {"import": 0, "export": 1410, "id": "GI"}, {"import": 0, "export": 28960, "id": "PT"}, {"import": 0, "export": 90, "id": "IT"}, {"import": 0, "export": 4110, "id": "ES"}, {"import": 0, "export": 0, "id": "AD"}, {"import": 0, "export": 0, "id": "CH"}, {"import": 0, "export": 0, "id": "DK"}, {"import": 0, "export": 0, "id": "SE"}, {"import": 0, "export": 0, "id": "SG"}, {"import": 0, "export": 0, "id": "SK"}, {"import": 0, "export": 0, "id": "AE"}, {"import": 0, "export": 0, "id": "UA"}, {"import": 0, "export": 0, "id": "VE"}, {"import": 0, "export": 0, "id": "DO"}, {"import": 0, "export": 0, "id": "EC"}, {"import": 0, "export": 420, "id": "LB"}, {"import": 0, "export": 0, "id": "LV"}, {"import": 0, "export": 0, "id": "LR"}, {"import": 0, "export": 0, "id": "LT"}, {"import": 0, "export": 0, "id": "LU"}, {"import": 0, "export": 0, "id": "RO"}, {"import": 0, "export": 0, "id": "RU"}, {"import": 0, "export": 0, "id": "SA"}, {"import": 0, "export": 0, "id": "NZ"}, {"import": 0, "export": 300, "id": "NO"}, {"import": 0, "export": 0, "id": "PA"}, {"import": 0, "export": 0, "id": "PH"}, {"import": 0, "export": 0, "id": "PL"}, {"import": 0, "export": 0, "id": "BH"}, {"import": 0, "export": 0, "id": "BR"}, {"import": 0, "export": 0, "id": "CA"}, {"import": 0, "export": 0, "id": "CV"}, {"import": 0, "export": 0, "id": "-"}, {"import": 0, "export": 0, "id": "GR"}, {"import": 0, "export": 0, "id": "GT"}, {"import": 0, "export": 0, "id": "HT"}, {"import": 0, "export": 0, "id": "HU"}, {"import": 0, "export": 0, "id": "IE"}, {"import": 0, "export": 96000, "id": "IL"}], "import": 0, "export": 6889795}, {"date": "2019-09-01", "list": [{"import": 0, "export": 5117126, "id": "BE"}, {"import": 0, "export": 100000, "id": "IN"}, {"import": 0, "export": 29368, "id": "DE"}, {"import": 0, "export": 98224, "id": "GB"}, {"import": 0, "export": 31398, "id": "FI"}, {"import": 0, "export": 0, "id": "BG"}, {"import": 0, "export": 96092, "id": "NL"}, {"import": 0, "export": 50180, "id": "FR"}, {"import": 0, "export": 59026, "id": "US"}, {"import": 0, "export": 450, "id": "GQ"}, {"import": 0, "export": 2867, "id": "GI"}, {"import": 0, "export": 78845, "id": "PT"}, {"import": 0, "export": 114, "id": "IT"}, {"import": 0, "export": 10087, "id": "ES"}, {"import": 0, "export": 1540, "id": "AD"}, {"import": 0, "export": 840, "id": "CH"}, {"import": 0, "export": 0, "id": "DK"}, {"import": 0, "export": 0, "id": "SE"}, {"import": 0, "export": 0, "id": "SG"}, {"import": 0, "export": 0, "id": "SK"}, {"import": 0, "export": 0, "id": "AE"}, {"import": 0, "export": 0, "id": "UA"}, {"import": 0, "export": 0, "id": "VE"}, {"import": 0, "export": 3600, "id": "DO"}, {"import": 0, "export": 0, "id": "EC"}, {"import": 0, "export": 0, "id": "LB"}, {"import": 0, "export": 0, "id": "LV"}, {"import": 0, "export": 0, "id": "LR"}, {"import": 0, "export": 0, "id": "LT"}, {"import": 0, "export": 0, "id": "LU"}, {"import": 0, "export": 5, "id": "RO"}, {"import": 0, "export": 0, "id": "RU"}, {"import": 0, "export": 0, "id": "SA"}, {"import": 0, "export": 257, "id": "NZ"}, {"import": 0, "export": 0, "id": "NO"}, {"import": 0, "export": 0, "id": "PA"}, {"import": 0, "export": 0, "id": "PH"}, {"import": 0, "export": 50000, "id": "PL"}, {"import": 0, "export": 0, "id": "BH"}, {"import": 0, "export": 0, "id": "BR"}, {"import": 0, "export": 0, "id": "CA"}, {"import": 0, "export": 0, "id": "CV"}, {"import": 0, "export": 0, "id": "-"}, {"import": 0, "export": 0, "id": "GR"}, {"import": 0, "export": 0, "id": "GT"}, {"import": 0, "export": 0, "id": "HT"}, {"import": 0, "export": 0, "id": "HU"}, {"import": 0, "export": 0, "id": "IE"}, {"import": 0, "export": 144000, "id": "IL"}], "import": 0, "export": 5874019}, {"date": "2019-10-01", "list": [{"import": 0, "export": 7442087, "id": "BE"}, {"import": 0, "export": 75000, "id": "IN"}, {"import": 0, "export": 8971, "id": "DE"}, {"import": 0, "export": 119619, "id": "GB"}, {"import": 0, "export": 29992, "id": "FI"}, {"import": 0, "export": 0, "id": "BG"}, {"import": 0, "export": 44405, "id": "NL"}, {"import": 0, "export": 53086, "id": "FR"}, {"import": 0, "export": 0, "id": "US"}, {"import": 0, "export": 0, "id": "GQ"}, {"import": 0, "export": 3161, "id": "GI"}, {"import": 0, "export": 56195, "id": "PT"}, {"import": 0, "export": 165, "id": "IT"}, {"import": 0, "export": 6290, "id": "ES"}, {"import": 0, "export": 439, "id": "AD"}, {"import": 0, "export": 0, "id": "CH"}, {"import": 0, "export": 12, "id": "DK"}, {"import": 0, "export": 0, "id": "SE"}, {"import": 0, "export": 0, "id": "SG"}, {"import": 0, "export": 840, "id": "SK"}, {"import": 0, "export": 0, "id": "AE"}, {"import": 0, "export": 0, "id": "UA"}, {"import": 0, "export": 0, "id": "VE"}, {"import": 0, "export": 0, "id": "DO"}, {"import": 0, "export": 0, "id": "EC"}, {"import": 0, "export": 0, "id": "LB"}, {"import": 0, "export": 0, "id": "LV"}, {"import": 0, "export": 0, "id": "LR"}, {"import": 0, "export": 0, "id": "LT"}, {"import": 0, "export": 0, "id": "LU"}, {"import": 0, "export": 1007, "id": "RO"}, {"import": 0, "export": 440, "id": "RU"}, {"import": 0, "export": 0, "id": "SA"}, {"import": 0, "export": 0, "id": "NZ"}, {"import": 0, "export": 0, "id": "NO"}, {"import": 0, "export": 0, "id": "PA"}, {"import": 0, "export": 0, "id": "PH"}, {"import": 0, "export": 0, "id": "PL"}, {"import": 0, "export": 0, "id": "BH"}, {"import": 0, "export": 0, "id": "BR"}, {"import": 0, "export": 0, "id": "CA"}, {"import": 0, "export": 0, "id": "CV"}, {"import": 0, "export": 0, "id": "-"}, {"import": 0, "export": 0, "id": "GR"}, {"import": 0, "export": 0, "id": "GT"}, {"import": 0, "export": 0, "id": "HT"}, {"import": 0, "export": 0, "id": "HU"}, {"import": 0, "export": 0, "id": "IE"}, {"import": 0, "export": 0, "id": "IL"}], "import": 0, "export": 7841709}, {"date": "2019-11-01", "list": [{"import": 0, "export": 6472960, "id": "BE"}, {"import": 0, "export": 0, "id": "IN"}, {"import": 0, "export": 112, "id": "DE"}, {"import": 0, "export": 2221132, "id": "GB"}, {"import": 0, "export": 30004, "id": "FI"}, {"import": 0, "export": 0, "id": "BG"}, {"import": 0, "export": 23268, "id": "NL"}, {"import": 0, "export": 3833, "id": "FR"}, {"import": 0, "export": 15921, "id": "US"}, {"import": 0, "export": 0, "id": "GQ"}, {"import": 0, "export": 1283, "id": "GI"}, {"import": 0, "export": 56651, "id": "PT"}, {"import": 0, "export": 105, "id": "IT"}, {"import": 0, "export": 9189, "id": "ES"}, {"import": 0, "export": 1290, "id": "AD"}, {"import": 0, "export": 490, "id": "CH"}, {"import": 0, "export": 99, "id": "DK"}, {"import": 0, "export": 60, "id": "SE"}, {"import": 0, "export": 0, "id": "SG"}, {"import": 0, "export": 0, "id": "SK"}, {"import": 0, "export": 0, "id": "AE"}, {"import": 0, "export": 351, "id": "UA"}, {"import": 0, "export": 0, "id": "VE"}, {"import": 0, "export": 3800, "id": "DO"}, {"import": 0, "export": 0, "id": "EC"}, {"import": 0, "export": 0, "id": "LB"}, {"import": 0, "export": 0, "id": "LV"}, {"import": 0, "export": 0, "id": "LR"}, {"import": 0, "export": 0, "id": "LT"}, {"import": 0, "export": 0, "id": "LU"}, {"import": 0, "export": 0, "id": "RO"}, {"import": 0, "export": 0, "id": "RU"}, {"import": 0, "export": 0, "id": "SA"}, {"import": 0, "export": 0, "id": "NZ"}, {"import": 0, "export": 0, "id": "NO"}, {"import": 0, "export": 0, "id": "PA"}, {"import": 0, "export": 0, "id": "PH"}, {"import": 0, "export": 0, "id": "PL"}, {"import": 0, "export": 0, "id": "BH"}, {"import": 0, "export": 0, "id": "BR"}, {"import": 0, "export": 31500, "id": "CA"}, {"import": 0, "export": 0, "id": "CV"}, {"import": 0, "export": 12, "id": "-"}, {"import": 0, "export": 0, "id": "GR"}, {"import": 0, "export": 400, "id": "GT"}, {"import": 0, "export": 0, "id": "HT"}, {"import": 0, "export": 0, "id": "HU"}, {"import": 0, "export": 0, "id": "IE"}, {"import": 0, "export": 0, "id": "IL"}], "import": 0, "export": 8872460}, {"date": "2019-12-01", "list": [{"import": 0, "export": 6021305, "id": "BE"}, {"import": 0, "export": 75000, "id": "IN"}, {"import": 0, "export": 4943, "id": "DE"}, {"import": 0, "export": 51400, "id": "GB"}, {"import": 0, "export": 9501, "id": "FI"}, {"import": 0, "export": 0, "id": "BG"}, {"import": 0, "export": 520, "id": "NL"}, {"import": 0, "export": 75210, "id": "FR"}, {"import": 0, "export": 34830, "id": "US"}, {"import": 0, "export": 770, "id": "GQ"}, {"import": 0, "export": 967, "id": "GI"}, {"import": 0, "export": 2827, "id": "PT"}, {"import": 0, "export": 104, "id": "IT"}, {"import": 0, "export": 2615, "id": "ES"}, {"import": 0, "export": 543, "id": "AD"}, {"import": 0, "export": 0, "id": "CH"}, {"import": 0, "export": 1561, "id": "DK"}, {"import": 0, "export": 0, "id": "SE"}, {"import": 0, "export": 0, "id": "SG"}, {"import": 0, "export": 0, "id": "SK"}, {"import": 0, "export": 0, "id": "AE"}, {"import": 0, "export": 0, "id": "UA"}, {"import": 0, "export": 0, "id": "VE"}, {"import": 0, "export": 0, "id": "DO"}, {"import": 0, "export": 0, "id": "EC"}, {"import": 0, "export": 460, "id": "LB"}, {"import": 0, "export": 180, "id": "LV"}, {"import": 0, "export": 0, "id": "LR"}, {"import": 0, "export": 0, "id": "LT"}, {"import": 0, "export": 0, "id": "LU"}, {"import": 0, "export": 0, "id": "RO"}, {"import": 0, "export": 0, "id": "RU"}, {"import": 0, "export": 0, "id": "SA"}, {"import": 0, "export": 0, "id": "NZ"}, {"import": 0, "export": 0, "id": "NO"}, {"import": 0, "export": 0, "id": "PA"}, {"import": 0, "export": 0, "id": "PH"}, {"import": 0, "export": 0, "id": "PL"}, {"import": 0, "export": 0, "id": "BH"}, {"import": 0, "export": 0, "id": "BR"}, {"import": 0, "export": 0, "id": "CA"}, {"import": 0, "export": 0, "id": "CV"}, {"import": 0, "export": 0, "id": "-"}, {"import": 0, "export": 0, "id": "GR"}, {"import": 0, "export": 0, "id": "GT"}, {"import": 0, "export": 0, "id": "HT"}, {"import": 0, "export": 0, "id": "HU"}, {"import": 0, "export": 0, "id": "IE"}, {"import": 0, "export": 0, "id": "IL"}], "import": 0, "export": 6282736}, {"date": "2020-01-01", "list": [{"import": 0, "export": 8339787, "id": "BE"}, {"import": 0, "export": 50000, "id": "IN"}, {"import": 0, "export": 30062, "id": "DE"}, {"import": 0, "export": 63960, "id": "GB"}, {"import": 0, "export": 31315, "id": "FI"}, {"import": 0, "export": 49055, "id": "BG"}, {"import": 0, "export": 27523, "id": "NL"}, {"import": 0, "export": 54123, "id": "FR"}, {"import": 0, "export": 0, "id": "US"}, {"import": 0, "export": 0, "id": "GQ"}, {"import": 0, "export": 3360, "id": "GI"}, {"import": 0, "export": 82642, "id": "PT"}, {"import": 0, "export": 134, "id": "IT"}, {"import": 0, "export": 3443, "id": "ES"}, {"import": 0, "export": 1094, "id": "AD"}, {"import": 0, "export": 490, "id": "CH"}, {"import": 0, "export": 1674, "id": "DK"}, {"import": 0, "export": 0, "id": "SE"}, {"import": 0, "export": 0, "id": "SG"}, {"import": 0, "export": 0, "id": "SK"}, {"import": 0, "export": 0, "id": "AE"}, {"import": 0, "export": 0, "id": "UA"}, {"import": 0, "export": 0, "id": "VE"}, {"import": 0, "export": 0, "id": "DO"}, {"import": 0, "export": 0, "id": "EC"}, {"import": 0, "export": 0, "id": "LB"}, {"import": 0, "export": 0, "id": "LV"}, {"import": 0, "export": 0, "id": "LR"}, {"import": 0, "export": 0, "id": "LT"}, {"import": 0, "export": 0, "id": "LU"}, {"import": 0, "export": 0, "id": "RO"}, {"import": 0, "export": 0, "id": "RU"}, {"import": 0, "export": 0, "id": "SA"}, {"import": 0, "export": 0, "id": "NZ"}, {"import": 0, "export": 0, "id": "NO"}, {"import": 0, "export": 0, "id": "PA"}, {"import": 0, "export": 0, "id": "PH"}, {"import": 0, "export": 0, "id": "PL"}, {"import": 0, "export": 0, "id": "BH"}, {"import": 0, "export": 0, "id": "BR"}, {"import": 0, "export": 0, "id": "CA"}, {"import": 0, "export": 0, "id": "CV"}, {"import": 0, "export": 0, "id": "-"}, {"import": 0, "export": 0, "id": "GR"}, {"import": 0, "export": 0, "id": "GT"}, {"import": 0, "export": 0, "id": "HT"}, {"import": 0, "export": 0, "id": "HU"}, {"import": 0, "export": 0, "id": "IE"}, {"import": 0, "export": 0, "id": "IL"}], "import": 0, "export": 8738662}, {"date": "2020-02-01", "list": [{"import": 0, "export": 8631625, "id": "BE"}, {"import": 0, "export": 0, "id": "IN"}, {"import": 0, "export": 22724, "id": "DE"}, {"import": 0, "export": 24000, "id": "GB"}, {"import": 0, "export": 33978, "id": "FI"}, {"import": 0, "export": 0, "id": "BG"}, {"import": 0, "export": 3048, "id": "NL"}, {"import": 0, "export": 52582, "id": "FR"}, {"import": 0, "export": 17160, "id": "US"}, {"import": 0, "export": 350, "id": "GQ"}, {"import": 0, "export": 3166, "id": "GI"}, {"import": 0, "export": 28747, "id": "PT"}, {"import": 0, "export": 174, "id": "IT"}, {"import": 0, "export": 2466, "id": "ES"}, {"import": 0, "export": 1412, "id": "AD"}, {"import": 0, "export": 0, "id": "CH"}, {"import": 0, "export": 87, "id": "DK"}, {"import": 0, "export": 24, "id": "SE"}, {"import": 0, "export": 0, "id": "SG"}, {"import": 0, "export": 0, "id": "SK"}, {"import": 0, "export": 0, "id": "AE"}, {"import": 0, "export": 0, "id": "UA"}, {"import": 0, "export": 0, "id": "VE"}, {"import": 0, "export": 3600, "id": "DO"}, {"import": 0, "export": 0, "id": "EC"}, {"import": 0, "export": 0, "id": "LB"}, {"import": 0, "export": 0, "id": "LV"}, {"import": 0, "export": 0, "id": "LR"}, {"import": 0, "export": 0, "id": "LT"}, {"import": 0, "export": 0, "id": "LU"}, {"import": 0, "export": 0, "id": "RO"}, {"import": 0, "export": 0, "id": "RU"}, {"import": 0, "export": 132, "id": "SA"}, {"import": 0, "export": 0, "id": "NZ"}, {"import": 0, "export": 0, "id": "NO"}, {"import": 0, "export": 0, "id": "PA"}, {"import": 0, "export": 150, "id": "PH"}, {"import": 0, "export": 0, "id": "PL"}, {"import": 0, "export": 0, "id": "BH"}, {"import": 0, "export": 0, "id": "BR"}, {"import": 0, "export": 10148, "id": "CA"}, {"import": 0, "export": 0, "id": "CV"}, {"import": 0, "export": 0, "id": "-"}, {"import": 0, "export": 0, "id": "GR"}, {"import": 0, "export": 0, "id": "GT"}, {"import": 0, "export": 0, "id": "HT"}, {"import": 0, "export": 0, "id": "HU"}, {"import": 0, "export": 0, "id": "IE"}, {"import": 0, "export": 0, "id": "IL"}], "import": 0, "export": 8835573}, {"date": "2020-03-01", "list": [{"import": 0, "export": 6882686, "id": "BE"}, {"import": 0, "export": 75000, "id": "IN"}, {"import": 0, "export": 163076, "id": "DE"}, {"import": 0, "export": 114840, "id": "GB"}, {"import": 0, "export": 22086, "id": "FI"}, {"import": 0, "export": 47370, "id": "BG"}, {"import": 0, "export": 52515, "id": "NL"}, {"import": 0, "export": 35956, "id": "FR"}, {"import": 0, "export": 0, "id": "US"}, {"import": 0, "export": 470, "id": "GQ"}, {"import": 0, "export": 6598, "id": "GI"}, {"import": 0, "export": 1081315, "id": "PT"}, {"import": 0, "export": 311, "id": "IT"}, {"import": 0, "export": 3399, "id": "ES"}, {"import": 0, "export": 1005, "id": "AD"}, {"import": 0, "export": 490, "id": "CH"}, {"import": 0, "export": 0, "id": "DK"}, {"import": 0, "export": 0, "id": "SE"}, {"import": 0, "export": 0, "id": "SG"}, {"import": 0, "export": 0, "id": "SK"}, {"import": 0, "export": 300, "id": "AE"}, {"import": 0, "export": 0, "id": "UA"}, {"import": 0, "export": 0, "id": "VE"}, {"import": 0, "export": 180, "id": "DO"}, {"import": 0, "export": 0, "id": "EC"}, {"import": 0, "export": 0, "id": "LB"}, {"import": 0, "export": 0, "id": "LV"}, {"import": 0, "export": 0, "id": "LR"}, {"import": 0, "export": 425, "id": "LT"}, {"import": 0, "export": 0, "id": "LU"}, {"import": 0, "export": 10, "id": "RO"}, {"import": 0, "export": 440, "id": "RU"}, {"import": 0, "export": 0, "id": "SA"}, {"import": 0, "export": 0, "id": "NZ"}, {"import": 0, "export": 0, "id": "NO"}, {"import": 0, "export": 0, "id": "PA"}, {"import": 0, "export": 0, "id": "PH"}, {"import": 0, "export": 0, "id": "PL"}, {"import": 0, "export": 0, "id": "BH"}, {"import": 0, "export": 0, "id": "BR"}, {"import": 0, "export": 0, "id": "CA"}, {"import": 0, "export": 0, "id": "CV"}, {"import": 0, "export": 0, "id": "-"}, {"import": 0, "export": 0, "id": "GR"}, {"import": 0, "export": 0, "id": "GT"}, {"import": 0, "export": 0, "id": "HT"}, {"import": 0, "export": 0, "id": "HU"}, {"import": 0, "export": 180, "id": "IE"}, {"import": 0, "export": 0, "id": "IL"}], "import": 0, "export": 8488652}]