[{"date": "2015-05-01", "list": [{"import": 691, "export": 0, "id": "CN"}, {"import": 0, "export": 0, "id": "JP"}, {"import": 0, "export": 0, "id": "KR"}, {"import": 0, "export": 0, "id": "LA"}, {"import": 49698, "export": 0, "id": "RU"}, {"import": 0, "export": 0, "id": "IN"}, {"import": 45646, "export": 0, "id": "VN"}, {"import": 0, "export": 0, "id": "TH"}, {"import": 4063, "export": 0, "id": "US"}, {"import": 0, "export": 0, "id": "AU"}], "import": 100098, "export": 0}, {"date": "2015-06-01", "list": [{"import": 551151, "export": 0, "id": "CN"}, {"import": 0, "export": 0, "id": "JP"}, {"import": 17000, "export": 0, "id": "KR"}, {"import": 0, "export": 0, "id": "LA"}, {"import": 0, "export": 0, "id": "RU"}, {"import": 0, "export": 0, "id": "IN"}, {"import": 185400, "export": 0, "id": "VN"}, {"import": 0, "export": 0, "id": "TH"}, {"import": 8382, "export": 0, "id": "US"}, {"import": 0, "export": 0, "id": "AU"}], "import": 761933, "export": 0}, {"date": "2015-07-01", "list": [{"import": 0, "export": 0, "id": "CN"}, {"import": 0, "export": 0, "id": "JP"}, {"import": 0, "export": 0, "id": "KR"}, {"import": 29875, "export": 0, "id": "LA"}, {"import": 0, "export": 0, "id": "RU"}, {"import": 0, "export": 0, "id": "IN"}, {"import": 213791, "export": 0, "id": "VN"}, {"import": 0, "export": 0, "id": "TH"}, {"import": 4054, "export": 0, "id": "US"}, {"import": 0, "export": 0, "id": "AU"}], "import": 247720, "export": 0}, {"date": "2015-08-01", "list": [{"import": 599068, "export": 0, "id": "CN"}, {"import": 0, "export": 0, "id": "JP"}, {"import": 0, "export": 0, "id": "KR"}, {"import": 0, "export": 0, "id": "LA"}, {"import": 2017, "export": 0, "id": "RU"}, {"import": 0, "export": 0, "id": "IN"}, {"import": 0, "export": 0, "id": "VN"}, {"import": 0, "export": 0, "id": "TH"}, {"import": 3751, "export": 0, "id": "US"}, {"import": 0, "export": 0, "id": "AU"}], "import": 604836, "export": 0}, {"date": "2015-09-01", "list": [{"import": 279216, "export": 0, "id": "CN"}, {"import": 0, "export": 0, "id": "JP"}, {"import": 0, "export": 0, "id": "KR"}, {"import": 0, "export": 0, "id": "LA"}, {"import": 1354, "export": 0, "id": "RU"}, {"import": 0, "export": 0, "id": "IN"}, {"import": 230591, "export": 0, "id": "VN"}, {"import": 0, "export": 0, "id": "TH"}, {"import": 4306, "export": 0, "id": "US"}, {"import": 0, "export": 0, "id": "AU"}], "import": 515467, "export": 0}, {"date": "2015-10-01", "list": [{"import": 0, "export": 0, "id": "CN"}, {"import": 0, "export": 0, "id": "JP"}, {"import": 0, "export": 0, "id": "KR"}, {"import": 0, "export": 0, "id": "LA"}, {"import": 0, "export": 0, "id": "RU"}, {"import": 0, "export": 0, "id": "IN"}, {"import": 125182, "export": 0, "id": "VN"}, {"import": 0, "export": 0, "id": "TH"}, {"import": 4611, "export": 0, "id": "US"}, {"import": 13743, "export": 0, "id": "AU"}], "import": 143536, "export": 0}, {"date": "2015-11-01", "list": [{"import": 289713, "export": 0, "id": "CN"}, {"import": 0, "export": 0, "id": "JP"}, {"import": 11871, "export": 0, "id": "KR"}, {"import": 0, "export": 0, "id": "LA"}, {"import": 0, "export": 0, "id": "RU"}, {"import": 0, "export": 0, "id": "IN"}, {"import": 168493, "export": 0, "id": "VN"}, {"import": 0, "export": 0, "id": "TH"}, {"import": 4679, "export": 0, "id": "US"}, {"import": 0, "export": 0, "id": "AU"}], "import": 474756, "export": 0}, {"date": "2015-12-01", "list": [{"import": 408547, "export": 0, "id": "CN"}, {"import": 0, "export": 0, "id": "JP"}, {"import": 0, "export": 0, "id": "KR"}, {"import": 0, "export": 0, "id": "LA"}, {"import": 649, "export": 0, "id": "RU"}, {"import": 0, "export": 0, "id": "IN"}, {"import": 359912, "export": 0, "id": "VN"}, {"import": 0, "export": 0, "id": "TH"}, {"import": 2558, "export": 0, "id": "US"}, {"import": 0, "export": 0, "id": "AU"}], "import": 771666, "export": 0}, {"date": "2016-01-01", "list": [{"import": 0, "export": 0, "id": "CN"}, {"import": 447, "export": 0, "id": "JP"}, {"import": 0, "export": 0, "id": "KR"}, {"import": 0, "export": 0, "id": "LA"}, {"import": 0, "export": 0, "id": "RU"}, {"import": 0, "export": 0, "id": "IN"}, {"import": 0, "export": 0, "id": "VN"}, {"import": 0, "export": 0, "id": "TH"}, {"import": 9855, "export": 0, "id": "US"}, {"import": 3300, "export": 0, "id": "AU"}], "import": 13602, "export": 0}, {"date": "2016-02-01", "list": [{"import": 0, "export": 0, "id": "CN"}, {"import": 0, "export": 0, "id": "JP"}, {"import": 0, "export": 0, "id": "KR"}, {"import": 0, "export": 0, "id": "LA"}, {"import": 0, "export": 0, "id": "RU"}, {"import": 0, "export": 0, "id": "IN"}, {"import": 119000, "export": 0, "id": "VN"}, {"import": 0, "export": 0, "id": "TH"}, {"import": 4040, "export": 0, "id": "US"}, {"import": 0, "export": 0, "id": "AU"}], "import": 123040, "export": 0}, {"date": "2016-03-01", "list": [{"import": 0, "export": 0, "id": "CN"}, {"import": 0, "export": 0, "id": "JP"}, {"import": 17366, "export": 0, "id": "KR"}, {"import": 0, "export": 0, "id": "LA"}, {"import": 0, "export": 0, "id": "RU"}, {"import": 0, "export": 0, "id": "IN"}, {"import": 353040, "export": 0, "id": "VN"}, {"import": 0, "export": 0, "id": "TH"}, {"import": 0, "export": 0, "id": "US"}, {"import": 0, "export": 0, "id": "AU"}], "import": 370406, "export": 0}, {"date": "2016-04-01", "list": [{"import": 0, "export": 0, "id": "CN"}, {"import": 0, "export": 0, "id": "JP"}, {"import": 973, "export": 0, "id": "KR"}, {"import": 0, "export": 0, "id": "LA"}, {"import": 1080, "export": 0, "id": "RU"}, {"import": 0, "export": 0, "id": "IN"}, {"import": 0, "export": 0, "id": "VN"}, {"import": 19570, "export": 0, "id": "TH"}, {"import": 13075, "export": 0, "id": "US"}, {"import": 0, "export": 0, "id": "AU"}], "import": 34698, "export": 0}, {"date": "2016-05-01", "list": [{"import": 300000, "export": 0, "id": "CN"}, {"import": 0, "export": 0, "id": "JP"}, {"import": 1003, "export": 0, "id": "KR"}, {"import": 0, "export": 0, "id": "LA"}, {"import": 63160, "export": 0, "id": "RU"}, {"import": 0, "export": 0, "id": "IN"}, {"import": 0, "export": 0, "id": "VN"}, {"import": 0, "export": 0, "id": "TH"}, {"import": 2020, "export": 0, "id": "US"}, {"import": 0, "export": 0, "id": "AU"}], "import": 366183, "export": 0}, {"date": "2016-06-01", "list": [{"import": 275000, "export": 0, "id": "CN"}, {"import": 0, "export": 0, "id": "JP"}, {"import": 0, "export": 0, "id": "KR"}, {"import": 0, "export": 0, "id": "LA"}, {"import": 67700, "export": 0, "id": "RU"}, {"import": 0, "export": 0, "id": "IN"}, {"import": 0, "export": 0, "id": "VN"}, {"import": 22000, "export": 0, "id": "TH"}, {"import": 7369, "export": 0, "id": "US"}, {"import": 0, "export": 0, "id": "AU"}], "import": 372069, "export": 0}, {"date": "2016-07-01", "list": [{"import": 455000, "export": 0, "id": "CN"}, {"import": 0, "export": 0, "id": "JP"}, {"import": 5584, "export": 0, "id": "KR"}, {"import": 0, "export": 0, "id": "LA"}, {"import": 1873, "export": 0, "id": "RU"}, {"import": 0, "export": 0, "id": "IN"}, {"import": 59750, "export": 0, "id": "VN"}, {"import": 0, "export": 0, "id": "TH"}, {"import": 1959, "export": 0, "id": "US"}, {"import": 0, "export": 0, "id": "AU"}], "import": 524166, "export": 0}, {"date": "2016-08-01", "list": [{"import": 24000, "export": 0, "id": "CN"}, {"import": 0, "export": 0, "id": "JP"}, {"import": 0, "export": 0, "id": "KR"}, {"import": 0, "export": 0, "id": "LA"}, {"import": 0, "export": 0, "id": "RU"}, {"import": 0, "export": 0, "id": "IN"}, {"import": 0, "export": 0, "id": "VN"}, {"import": 21360, "export": 0, "id": "TH"}, {"import": 1283, "export": 0, "id": "US"}, {"import": 0, "export": 0, "id": "AU"}], "import": 46643, "export": 0}, {"date": "2016-09-01", "list": [{"import": 402825, "export": 0, "id": "CN"}, {"import": 54051, "export": 0, "id": "JP"}, {"import": 2300, "export": 0, "id": "KR"}, {"import": 0, "export": 0, "id": "LA"}, {"import": 3960, "export": 0, "id": "RU"}, {"import": 2900, "export": 0, "id": "IN"}, {"import": 0, "export": 0, "id": "VN"}, {"import": 22000, "export": 0, "id": "TH"}, {"import": 0, "export": 0, "id": "US"}, {"import": 0, "export": 0, "id": "AU"}], "import": 488036, "export": 0}, {"date": "2016-10-01", "list": [{"import": 139000, "export": 0, "id": "CN"}, {"import": 0, "export": 0, "id": "JP"}, {"import": 0, "export": 0, "id": "KR"}, {"import": 0, "export": 0, "id": "LA"}, {"import": 0, "export": 0, "id": "RU"}, {"import": 0, "export": 0, "id": "IN"}, {"import": 0, "export": 0, "id": "VN"}, {"import": 0, "export": 0, "id": "TH"}, {"import": 0, "export": 0, "id": "US"}, {"import": 3024, "export": 0, "id": "AU"}], "import": 142024, "export": 0}, {"date": "2016-11-01", "list": [{"import": 271000, "export": 0, "id": "CN"}, {"import": 0, "export": 0, "id": "JP"}, {"import": 0, "export": 0, "id": "KR"}, {"import": 0, "export": 0, "id": "LA"}, {"import": 0, "export": 0, "id": "RU"}, {"import": 0, "export": 0, "id": "IN"}, {"import": 0, "export": 0, "id": "VN"}, {"import": 0, "export": 0, "id": "TH"}, {"import": 0, "export": 0, "id": "US"}, {"import": 4032, "export": 0, "id": "AU"}], "import": 275032, "export": 0}, {"date": "2016-12-01", "list": [{"import": 625350, "export": 0, "id": "CN"}, {"import": 36000, "export": 0, "id": "JP"}, {"import": 20000, "export": 0, "id": "KR"}, {"import": 0, "export": 0, "id": "LA"}, {"import": 0, "export": 0, "id": "RU"}, {"import": 0, "export": 0, "id": "IN"}, {"import": 0, "export": 0, "id": "VN"}, {"import": 0, "export": 0, "id": "TH"}, {"import": 0, "export": 0, "id": "US"}, {"import": 0, "export": 0, "id": "AU"}], "import": 681350, "export": 0}]