[{"date": "2016-05-01", "list": [{"import": 0, "export": 0, "id": "CN"}, {"import": 0, "export": 0, "id": "IT"}, {"import": 0, "export": 0, "id": "KR"}, {"import": 4132, "export": 0, "id": "IN"}, {"import": 0, "export": 0, "id": "TH"}], "import": 4132, "export": 0}, {"date": "2016-06-01", "list": [{"import": 0, "export": 0, "id": "CN"}, {"import": 0, "export": 0, "id": "IT"}, {"import": 0, "export": 0, "id": "KR"}, {"import": 0, "export": 0, "id": "IN"}, {"import": 0, "export": 0, "id": "TH"}], "import": 0, "export": 0}, {"date": "2016-07-01", "list": [{"import": 483, "export": 0, "id": "CN"}, {"import": 0, "export": 0, "id": "IT"}, {"import": 131, "export": 0, "id": "KR"}, {"import": 522, "export": 0, "id": "IN"}, {"import": 0, "export": 0, "id": "TH"}], "import": 1136, "export": 0}, {"date": "2016-08-01", "list": [{"import": 0, "export": 0, "id": "CN"}, {"import": 0, "export": 0, "id": "IT"}, {"import": 0, "export": 0, "id": "KR"}, {"import": 338000, "export": 0, "id": "IN"}, {"import": 75242, "export": 0, "id": "TH"}], "import": 413242, "export": 0}, {"date": "2016-09-01", "list": [{"import": 0, "export": 0, "id": "CN"}, {"import": 0, "export": 0, "id": "IT"}, {"import": 0, "export": 0, "id": "KR"}, {"import": 0, "export": 0, "id": "IN"}, {"import": 50000, "export": 0, "id": "TH"}], "import": 50000, "export": 0}, {"date": "2016-10-01", "list": [{"import": 0, "export": 0, "id": "CN"}, {"import": 0, "export": 0, "id": "IT"}, {"import": 0, "export": 0, "id": "KR"}, {"import": 72774, "export": 0, "id": "IN"}, {"import": 75000, "export": 0, "id": "TH"}], "import": 147774, "export": 0}, {"date": "2016-11-01", "list": [{"import": 0, "export": 0, "id": "CN"}, {"import": 0, "export": 0, "id": "IT"}, {"import": 0, "export": 0, "id": "KR"}, {"import": 0, "export": 0, "id": "IN"}, {"import": 75000, "export": 0, "id": "TH"}], "import": 75000, "export": 0}, {"date": "2016-12-01", "list": [{"import": 0, "export": 0, "id": "CN"}, {"import": 0, "export": 0, "id": "IT"}, {"import": 0, "export": 0, "id": "KR"}, {"import": 250000, "export": 0, "id": "IN"}, {"import": 0, "export": 0, "id": "TH"}], "import": 250000, "export": 0}, {"date": "2017-01-01", "list": [{"import": 20, "export": 0, "id": "CN"}, {"import": 480, "export": 0, "id": "IT"}, {"import": 0, "export": 0, "id": "KR"}, {"import": 1102000, "export": 0, "id": "IN"}, {"import": 0, "export": 0, "id": "TH"}], "import": 1102500, "export": 0}, {"date": "2017-02-01", "list": [{"import": 448, "export": 0, "id": "CN"}, {"import": 0, "export": 0, "id": "IT"}, {"import": 128, "export": 0, "id": "KR"}, {"import": 44280, "export": 0, "id": "IN"}, {"import": 0, "export": 0, "id": "TH"}], "import": 44856, "export": 0}, {"date": "2017-03-01", "list": [{"import": 0, "export": 0, "id": "CN"}, {"import": 0, "export": 0, "id": "IT"}, {"import": 0, "export": 0, "id": "KR"}, {"import": 734000, "export": 0, "id": "IN"}, {"import": 120000, "export": 0, "id": "TH"}], "import": 854000, "export": 0}, {"date": "2017-04-01", "list": [{"import": 0, "export": 0, "id": "CN"}, {"import": 0, "export": 0, "id": "IT"}, {"import": 0, "export": 0, "id": "KR"}, {"import": 47561, "export": 0, "id": "IN"}, {"import": 0, "export": 0, "id": "TH"}], "import": 47561, "export": 0}, {"date": "2017-05-01", "list": [{"import": 0, "export": 0, "id": "CN"}, {"import": 0, "export": 0, "id": "IT"}, {"import": 0, "export": 0, "id": "KR"}, {"import": 200000, "export": 0, "id": "IN"}, {"import": 5000, "export": 0, "id": "TH"}], "import": 205000, "export": 0}, {"date": "2017-06-01", "list": [{"import": 0, "export": 0, "id": "CN"}, {"import": 0, "export": 0, "id": "IT"}, {"import": 0, "export": 0, "id": "KR"}, {"import": 0, "export": 0, "id": "IN"}, {"import": 0, "export": 0, "id": "TH"}], "import": 0, "export": 0}, {"date": "2017-07-01", "list": [{"import": 0, "export": 0, "id": "CN"}, {"import": 0, "export": 0, "id": "IT"}, {"import": 0, "export": 0, "id": "KR"}, {"import": 116500, "export": 0, "id": "IN"}, {"import": 120000, "export": 0, "id": "TH"}], "import": 236500, "export": 0}, {"date": "2017-08-01", "list": [{"import": 0, "export": 0, "id": "CN"}, {"import": 0, "export": 0, "id": "IT"}, {"import": 0, "export": 0, "id": "KR"}, {"import": 0, "export": 0, "id": "IN"}, {"import": 0, "export": 0, "id": "TH"}], "import": 0, "export": 0}, {"date": "2017-09-01", "list": [{"import": 0, "export": 0, "id": "CN"}, {"import": 2235, "export": 0, "id": "IT"}, {"import": 0, "export": 0, "id": "KR"}, {"import": 0, "export": 0, "id": "IN"}, {"import": 0, "export": 0, "id": "TH"}], "import": 2235, "export": 0}, {"date": "2017-10-01", "list": [{"import": 0, "export": 0, "id": "CN"}, {"import": 0, "export": 0, "id": "IT"}, {"import": 0, "export": 0, "id": "KR"}, {"import": 0, "export": 0, "id": "IN"}, {"import": 0, "export": 0, "id": "TH"}], "import": 0, "export": 0}, {"date": "2017-11-01", "list": [{"import": 700, "export": 0, "id": "CN"}, {"import": 0, "export": 0, "id": "IT"}, {"import": 0, "export": 0, "id": "KR"}, {"import": 298000, "export": 0, "id": "IN"}, {"import": 0, "export": 0, "id": "TH"}], "import": 298700, "export": 0}, {"date": "2017-12-01", "list": [{"import": 192, "export": 0, "id": "CN"}, {"import": 0, "export": 0, "id": "IT"}, {"import": 0, "export": 0, "id": "KR"}, {"import": 0, "export": 0, "id": "IN"}, {"import": 0, "export": 0, "id": "TH"}], "import": 192, "export": 0}]