[{"date": "2018-05-01", "list": [{"import": 0, "export": 0, "id": "CN"}, {"import": 522686, "export": 0, "id": "IN"}, {"import": 260000, "export": 0, "id": "VN"}, {"import": 0, "export": 0, "id": "PK"}, {"import": 0, "export": 0, "id": "MM"}, {"import": 0, "export": 0, "id": "KH"}, {"import": 0, "export": 0, "id": "BD"}], "import": 782686, "export": 0}, {"date": "2018-06-01", "list": [{"import": 0, "export": 0, "id": "CN"}, {"import": 481054, "export": 1932, "id": "IN"}, {"import": 0, "export": 0, "id": "VN"}, {"import": 0, "export": 0, "id": "PK"}, {"import": 0, "export": 0, "id": "MM"}, {"import": 13200, "export": 0, "id": "KH"}, {"import": 0, "export": 0, "id": "BD"}], "import": 494254, "export": 1932}, {"date": "2018-07-01", "list": [{"import": 50831, "export": 0, "id": "CN"}, {"import": 695895, "export": 0, "id": "IN"}, {"import": 0, "export": 0, "id": "VN"}, {"import": 0, "export": 0, "id": "PK"}, {"import": 0, "export": 0, "id": "MM"}, {"import": 0, "export": 0, "id": "KH"}, {"import": 0, "export": 0, "id": "BD"}], "import": 746726, "export": 0}, {"date": "2018-08-01", "list": [{"import": 0, "export": 0, "id": "CN"}, {"import": 183230, "export": 0, "id": "IN"}, {"import": 0, "export": 0, "id": "VN"}, {"import": 0, "export": 0, "id": "PK"}, {"import": 0, "export": 0, "id": "MM"}, {"import": 0, "export": 0, "id": "KH"}, {"import": 0, "export": 0, "id": "BD"}], "import": 183230, "export": 0}, {"date": "2018-09-01", "list": [{"import": 1382193, "export": 0, "id": "CN"}, {"import": 968669, "export": 0, "id": "IN"}, {"import": 0, "export": 0, "id": "VN"}, {"import": 46230, "export": 0, "id": "PK"}, {"import": 0, "export": 0, "id": "MM"}, {"import": 0, "export": 0, "id": "KH"}, {"import": 0, "export": 0, "id": "BD"}], "import": 2397092, "export": 0}, {"date": "2018-10-01", "list": [{"import": 1515004, "export": 0, "id": "CN"}, {"import": 1141149, "export": 0, "id": "IN"}, {"import": 0, "export": 0, "id": "VN"}, {"import": 0, "export": 0, "id": "PK"}, {"import": 0, "export": 0, "id": "MM"}, {"import": 0, "export": 0, "id": "KH"}, {"import": 0, "export": 0, "id": "BD"}], "import": 2656153, "export": 0}, {"date": "2018-11-01", "list": [{"import": 505556, "export": 0, "id": "CN"}, {"import": 1342568, "export": 0, "id": "IN"}, {"import": 0, "export": 0, "id": "VN"}, {"import": 0, "export": 0, "id": "PK"}, {"import": 0, "export": 0, "id": "MM"}, {"import": 0, "export": 0, "id": "KH"}, {"import": 0, "export": 13380, "id": "BD"}], "import": 1848124, "export": 13380}, {"date": "2018-12-01", "list": [{"import": 1009138, "export": 0, "id": "CN"}, {"import": 558214, "export": 0, "id": "IN"}, {"import": 0, "export": 0, "id": "VN"}, {"import": 0, "export": 0, "id": "PK"}, {"import": 0, "export": 0, "id": "MM"}, {"import": 0, "export": 0, "id": "KH"}, {"import": 0, "export": 0, "id": "BD"}], "import": 1567352, "export": 0}, {"date": "2019-01-01", "list": [{"import": 1112236, "export": 0, "id": "CN"}, {"import": 543186, "export": 0, "id": "IN"}, {"import": 0, "export": 0, "id": "VN"}, {"import": 0, "export": 0, "id": "PK"}, {"import": 0, "export": 0, "id": "MM"}, {"import": 0, "export": 0, "id": "KH"}, {"import": 0, "export": 0, "id": "BD"}], "import": 1655422, "export": 0}, {"date": "2019-02-01", "list": [{"import": 0, "export": 0, "id": "CN"}, {"import": 794150, "export": 0, "id": "IN"}, {"import": 0, "export": 0, "id": "VN"}, {"import": 0, "export": 0, "id": "PK"}, {"import": 0, "export": 0, "id": "MM"}, {"import": 0, "export": 0, "id": "KH"}, {"import": 0, "export": 0, "id": "BD"}], "import": 794150, "export": 0}, {"date": "2019-03-01", "list": [{"import": 0, "export": 0, "id": "CN"}, {"import": 432292, "export": 0, "id": "IN"}, {"import": 0, "export": 0, "id": "VN"}, {"import": 0, "export": 0, "id": "PK"}, {"import": 0, "export": 0, "id": "MM"}, {"import": 0, "export": 0, "id": "KH"}, {"import": 0, "export": 0, "id": "BD"}], "import": 432292, "export": 0}, {"date": "2019-04-01", "list": [{"import": 0, "export": 0, "id": "CN"}, {"import": 185302, "export": 0, "id": "IN"}, {"import": 0, "export": 0, "id": "VN"}, {"import": 0, "export": 0, "id": "PK"}, {"import": 0, "export": 0, "id": "MM"}, {"import": 0, "export": 0, "id": "KH"}, {"import": 0, "export": 0, "id": "BD"}], "import": 185302, "export": 0}, {"date": "2019-05-01", "list": [{"import": 0, "export": 0, "id": "CN"}, {"import": 0, "export": 0, "id": "IN"}, {"import": 260000, "export": 0, "id": "VN"}, {"import": 0, "export": 0, "id": "PK"}, {"import": 0, "export": 0, "id": "MM"}, {"import": 0, "export": 0, "id": "KH"}, {"import": 0, "export": 0, "id": "BD"}], "import": 260000, "export": 0}, {"date": "2019-06-01", "list": [{"import": 54430, "export": 0, "id": "CN"}, {"import": 359653, "export": 0, "id": "IN"}, {"import": 0, "export": 0, "id": "VN"}, {"import": 0, "export": 0, "id": "PK"}, {"import": 0, "export": 0, "id": "MM"}, {"import": 0, "export": 0, "id": "KH"}, {"import": 0, "export": 0, "id": "BD"}], "import": 414083, "export": 0}, {"date": "2019-07-01", "list": [{"import": 0, "export": 0, "id": "CN"}, {"import": 872250, "export": 0, "id": "IN"}, {"import": 0, "export": 0, "id": "VN"}, {"import": 0, "export": 0, "id": "PK"}, {"import": 0, "export": 0, "id": "MM"}, {"import": 0, "export": 0, "id": "KH"}, {"import": 0, "export": 0, "id": "BD"}], "import": 872250, "export": 0}, {"date": "2019-08-01", "list": [{"import": 0, "export": 0, "id": "CN"}, {"import": 2540155, "export": 0, "id": "IN"}, {"import": 0, "export": 0, "id": "VN"}, {"import": 0, "export": 0, "id": "PK"}, {"import": 0, "export": 0, "id": "MM"}, {"import": 0, "export": 0, "id": "KH"}, {"import": 0, "export": 0, "id": "BD"}], "import": 2540155, "export": 0}, {"date": "2019-09-01", "list": [{"import": 704686, "export": 0, "id": "CN"}, {"import": 833416, "export": 0, "id": "IN"}, {"import": 0, "export": 0, "id": "VN"}, {"import": 0, "export": 0, "id": "PK"}, {"import": 0, "export": 0, "id": "MM"}, {"import": 0, "export": 0, "id": "KH"}, {"import": 0, "export": 0, "id": "BD"}], "import": 1538102, "export": 0}, {"date": "2019-10-01", "list": [{"import": 1161761, "export": 0, "id": "CN"}, {"import": 835203, "export": 0, "id": "IN"}, {"import": 0, "export": 0, "id": "VN"}, {"import": 0, "export": 0, "id": "PK"}, {"import": 0, "export": 0, "id": "MM"}, {"import": 0, "export": 0, "id": "KH"}, {"import": 0, "export": 15845, "id": "BD"}], "import": 1996964, "export": 15845}, {"date": "2019-11-01", "list": [{"import": 101333, "export": 0, "id": "CN"}, {"import": 162689, "export": 0, "id": "IN"}, {"import": 0, "export": 0, "id": "VN"}, {"import": 0, "export": 0, "id": "PK"}, {"import": 34082, "export": 0, "id": "MM"}, {"import": 0, "export": 0, "id": "KH"}, {"import": 0, "export": 0, "id": "BD"}], "import": 298104, "export": 0}, {"date": "2019-12-01", "list": [{"import": 62839, "export": 0, "id": "CN"}, {"import": 40400, "export": 0, "id": "IN"}, {"import": 0, "export": 0, "id": "VN"}, {"import": 0, "export": 0, "id": "PK"}, {"import": 0, "export": 0, "id": "MM"}, {"import": 0, "export": 0, "id": "KH"}, {"import": 0, "export": 0, "id": "BD"}], "import": 103239, "export": 0}]