[{"date": "2019-01-01", "list": [{"import": 2432, "export": 0, "id": "BR"}, {"import": 1247520, "export": 0, "id": "GY"}, {"import": 19864, "export": 0, "id": "US"}], "import": 1269816, "export": 0}, {"date": "2019-02-01", "list": [{"import": 996, "export": 0, "id": "BR"}, {"import": 75075, "export": 0, "id": "GY"}, {"import": 840, "export": 0, "id": "ES"}], "import": 76911, "export": 0}, {"date": "2019-03-01", "list": [{"import": 1309, "export": 0, "id": "BR"}, {"import": 130000, "export": 0, "id": "GY"}, {"import": 42228, "export": 0, "id": "US"}], "import": 173537, "export": 0}, {"date": "2019-04-01", "list": [{"import": 417, "export": 0, "id": "BR"}, {"import": 371424, "export": 0, "id": "GY"}, {"import": 24135, "export": 0, "id": "US"}], "import": 395976, "export": 0}, {"date": "2019-05-01", "list": [{"import": 1449, "export": 0, "id": "BR"}, {"import": 4124122, "export": 0, "id": "GY"}, {"import": 44314, "export": 0, "id": "US"}], "import": 4169885, "export": 0}, {"date": "2019-06-01", "list": [{"import": 1403, "export": 0, "id": "BR"}, {"import": 472776, "export": 0, "id": "GY"}], "import": 474179, "export": 0}, {"date": "2019-07-01", "list": [{"import": 1782, "export": 0, "id": "BR"}, {"import": 29048, "export": 0, "id": "US"}], "import": 30830, "export": 0}, {"date": "2019-08-01", "list": [{"import": 876, "export": 0, "id": "BR"}, {"import": 42773, "export": 0, "id": "US"}], "import": 43649, "export": 0}, {"date": "2019-09-01", "list": [{"import": 1021, "export": 0, "id": "BR"}, {"import": 10542, "export": 0, "id": "US"}], "import": 11563, "export": 0}, {"date": "2019-10-01", "list": [{"import": 1795, "export": 0, "id": "BR"}, {"import": 58375, "export": 0, "id": "GY"}, {"import": 15753, "export": 0, "id": "US"}], "import": 75923, "export": 0}, {"date": "2019-11-01", "list": [{"import": 765, "export": 0, "id": "BR"}, {"import": 450, "export": 0, "id": "GY"}], "import": 1215, "export": 0}, {"date": "2019-12-01", "list": [{"import": 1392, "export": 0, "id": "BR"}, {"import": 21391, "export": 0, "id": "US"}], "import": 22783, "export": 0}, {"date": "2020-01-01", "list": [{"import": 1730, "export": 0, "id": "BR"}, {"import": 10542, "export": 0, "id": "US"}], "import": 12272, "export": 0}, {"date": "2020-02-01", "list": [{"import": 1927, "export": 0, "id": "BR"}, {"import": 21084, "export": 0, "id": "US"}], "import": 23011, "export": 0}, {"date": "2020-03-01", "list": [{"import": 1925, "export": 0, "id": "BR"}, {"import": 21647, "export": 0, "id": "US"}], "import": 23572, "export": 0}, {"date": "2020-04-01", "list": [{"import": 1572, "export": 0, "id": "BR"}, {"import": 17430, "export": 0, "id": "US"}], "import": 19002, "export": 0}, {"date": "2020-05-01", "list": [{"import": 2779, "export": 0, "id": "BR"}], "import": 2779, "export": 0}, {"date": "2020-06-01", "list": [{"import": 3042, "export": 0, "id": "BR"}, {"import": 19326, "export": 0, "id": "US"}], "import": 22368, "export": 0}, {"date": "2020-07-01", "list": [{"import": 2006, "export": 0, "id": "BR"}, {"import": 17265, "export": 0, "id": "US"}], "import": 19271, "export": 0}, {"date": "2020-08-01", "list": [{"import": 1996, "export": 0, "id": "BR"}], "import": 1996, "export": 0}]