[{"date": "2018-10-01", "list": [{"import": 31682, "export": 76, "id": "DE"}, {"import": 14357, "export": 0, "id": "GB"}, {"import": 3114, "export": 0, "id": "NL"}, {"import": 0, "export": 0, "id": "FR"}, {"import": 0, "export": 0, "id": "PL"}, {"import": 12541, "export": 31, "id": "IT"}, {"import": 0, "export": 1789, "id": "SK"}, {"import": 13, "export": 693, "id": "SI"}, {"import": 0, "export": 0, "id": "GR"}, {"import": 36, "export": 7277, "id": "HU"}, {"import": 0, "export": 0, "id": "-"}, {"import": 0, "export": 0, "id": "ES"}, {"import": 0, "export": 0, "id": "RO"}], "import": 61743, "export": 9866}, {"date": "2018-11-01", "list": [{"import": 59739, "export": 28, "id": "DE"}, {"import": 188177, "export": 0, "id": "GB"}, {"import": 1692, "export": 0, "id": "NL"}, {"import": 0, "export": 0, "id": "FR"}, {"import": 0, "export": 0, "id": "PL"}, {"import": 34664, "export": 42, "id": "IT"}, {"import": 0, "export": 383, "id": "SK"}, {"import": 0, "export": 0, "id": "SI"}, {"import": 0, "export": 0, "id": "GR"}, {"import": 0, "export": 7079, "id": "HU"}, {"import": 0, "export": 0, "id": "-"}, {"import": 0, "export": 0, "id": "ES"}, {"import": 0, "export": 0, "id": "RO"}], "import": 284272, "export": 7532}, {"date": "2018-12-01", "list": [{"import": 14102, "export": 147, "id": "DE"}, {"import": 0, "export": 0, "id": "GB"}, {"import": 2426, "export": 0, "id": "NL"}, {"import": 0, "export": 0, "id": "FR"}, {"import": 253, "export": 55, "id": "PL"}, {"import": 5976, "export": 10, "id": "IT"}, {"import": 4132, "export": 102, "id": "SK"}, {"import": 0, "export": 0, "id": "SI"}, {"import": 0, "export": 0, "id": "GR"}, {"import": 0, "export": 1502, "id": "HU"}, {"import": 275, "export": 483, "id": "-"}, {"import": 0, "export": 124, "id": "ES"}, {"import": 0, "export": 0, "id": "RO"}], "import": 27164, "export": 2423}, {"date": "2019-01-01", "list": [{"import": 28801, "export": 52, "id": "DE"}, {"import": 258500, "export": 0, "id": "GB"}, {"import": 3290, "export": 0, "id": "NL"}, {"import": 0, "export": 0, "id": "FR"}, {"import": 200, "export": 55, "id": "PL"}, {"import": 4065, "export": 29, "id": "IT"}, {"import": 0, "export": 0, "id": "SK"}, {"import": 0, "export": 448, "id": "SI"}, {"import": 1765, "export": 0, "id": "GR"}, {"import": 0, "export": 0, "id": "HU"}, {"import": 271, "export": 19, "id": "-"}, {"import": 0, "export": 0, "id": "ES"}, {"import": 0, "export": 0, "id": "RO"}], "import": 296892, "export": 603}, {"date": "2019-02-01", "list": [{"import": 60154, "export": 174, "id": "DE"}, {"import": 266420, "export": 0, "id": "GB"}, {"import": 20023, "export": 0, "id": "NL"}, {"import": 0, "export": 0, "id": "FR"}, {"import": 139, "export": 20, "id": "PL"}, {"import": 23635, "export": 66, "id": "IT"}, {"import": 0, "export": 0, "id": "SK"}, {"import": 0, "export": 451, "id": "SI"}, {"import": 0, "export": 0, "id": "GR"}, {"import": 0, "export": 674, "id": "HU"}, {"import": 197, "export": 0, "id": "-"}, {"import": 0, "export": 165, "id": "ES"}, {"import": 0, "export": 0, "id": "RO"}], "import": 370568, "export": 1550}, {"date": "2019-03-01", "list": [{"import": 22081, "export": 59, "id": "DE"}, {"import": 0, "export": 0, "id": "GB"}, {"import": 22006, "export": 0, "id": "NL"}, {"import": 0, "export": 0, "id": "FR"}, {"import": 29, "export": 32, "id": "PL"}, {"import": 33810, "export": 7, "id": "IT"}, {"import": 0, "export": 330, "id": "SK"}, {"import": 0, "export": 0, "id": "SI"}, {"import": 0, "export": 0, "id": "GR"}, {"import": 0, "export": 0, "id": "HU"}, {"import": 0, "export": 0, "id": "-"}, {"import": 0, "export": 0, "id": "ES"}, {"import": 0, "export": 1358, "id": "RO"}], "import": 77926, "export": 1786}, {"date": "2019-04-01", "list": [{"import": 67472, "export": 12, "id": "DE"}, {"import": 0, "export": 0, "id": "GB"}, {"import": 8986, "export": 0, "id": "NL"}, {"import": 0, "export": 0, "id": "FR"}, {"import": 2, "export": 21, "id": "PL"}, {"import": 894, "export": 84, "id": "IT"}, {"import": 0, "export": 445, "id": "SK"}, {"import": 0, "export": 663, "id": "SI"}, {"import": 1721, "export": 0, "id": "GR"}, {"import": 0, "export": 869, "id": "HU"}, {"import": 0, "export": 0, "id": "-"}, {"import": 0, "export": 0, "id": "ES"}, {"import": 0, "export": 0, "id": "RO"}], "import": 79075, "export": 2094}, {"date": "2019-05-01", "list": [{"import": 18164, "export": 389, "id": "DE"}, {"import": 24044, "export": 0, "id": "GB"}, {"import": 0, "export": 0, "id": "NL"}, {"import": 3827, "export": 0, "id": "FR"}, {"import": 0, "export": 0, "id": "PL"}, {"import": 5172, "export": 85, "id": "IT"}, {"import": 0, "export": 302, "id": "SK"}, {"import": 0, "export": 0, "id": "SI"}, {"import": 0, "export": 0, "id": "GR"}, {"import": 550, "export": 68, "id": "HU"}, {"import": 79138, "export": 27, "id": "-"}, {"import": 0, "export": 252, "id": "ES"}, {"import": 0, "export": 679, "id": "RO"}], "import": 130895, "export": 1802}, {"date": "2019-06-01", "list": [{"import": 34667, "export": 832, "id": "DE"}, {"import": 0, "export": 0, "id": "GB"}, {"import": 4016, "export": 0, "id": "NL"}, {"import": 0, "export": 0, "id": "FR"}, {"import": 0, "export": 0, "id": "PL"}, {"import": 23000, "export": 26, "id": "IT"}, {"import": 0, "export": 270, "id": "SK"}, {"import": 0, "export": 0, "id": "SI"}, {"import": 1106, "export": 0, "id": "GR"}, {"import": 0, "export": 0, "id": "HU"}, {"import": 0, "export": 0, "id": "-"}, {"import": 0, "export": 0, "id": "ES"}, {"import": 0, "export": 0, "id": "RO"}], "import": 62789, "export": 1128}, {"date": "2019-07-01", "list": [{"import": 11172, "export": 234, "id": "DE"}, {"import": 0, "export": 0, "id": "GB"}, {"import": 9409, "export": 0, "id": "NL"}, {"import": 0, "export": 0, "id": "FR"}, {"import": 27, "export": 59, "id": "PL"}, {"import": 4519, "export": 25, "id": "IT"}, {"import": 0, "export": 324, "id": "SK"}, {"import": 0, "export": 0, "id": "SI"}, {"import": 0, "export": 0, "id": "GR"}, {"import": 0, "export": 0, "id": "HU"}, {"import": 0, "export": 0, "id": "-"}, {"import": 0, "export": 0, "id": "ES"}, {"import": 0, "export": 0, "id": "RO"}], "import": 25127, "export": 642}, {"date": "2019-08-01", "list": [{"import": 21648, "export": 34, "id": "DE"}, {"import": 249700, "export": 0, "id": "GB"}, {"import": 756, "export": 0, "id": "NL"}, {"import": 0, "export": 0, "id": "FR"}, {"import": 28, "export": 58, "id": "PL"}, {"import": 71, "export": 9, "id": "IT"}, {"import": 0, "export": 0, "id": "SK"}, {"import": 0, "export": 0, "id": "SI"}, {"import": 1206, "export": 0, "id": "GR"}, {"import": 0, "export": 0, "id": "HU"}, {"import": 0, "export": 0, "id": "-"}, {"import": 0, "export": 0, "id": "ES"}, {"import": 0, "export": 0, "id": "RO"}], "import": 273409, "export": 101}, {"date": "2019-09-01", "list": [{"import": 29659, "export": 91, "id": "DE"}, {"import": 0, "export": 0, "id": "GB"}, {"import": 7554, "export": 0, "id": "NL"}, {"import": 0, "export": 0, "id": "FR"}, {"import": 3, "export": 20, "id": "PL"}, {"import": 28372, "export": 15, "id": "IT"}, {"import": 0, "export": 0, "id": "SK"}, {"import": 0, "export": 0, "id": "SI"}, {"import": 0, "export": 0, "id": "GR"}, {"import": 0, "export": 0, "id": "HU"}, {"import": 0, "export": 0, "id": "-"}, {"import": 0, "export": 0, "id": "ES"}, {"import": 0, "export": 0, "id": "RO"}], "import": 65588, "export": 126}, {"date": "2019-10-01", "list": [{"import": 74672, "export": 21, "id": "DE"}, {"import": 0, "export": 0, "id": "GB"}, {"import": 41994, "export": 0, "id": "NL"}, {"import": 0, "export": 0, "id": "FR"}, {"import": 0, "export": 0, "id": "PL"}, {"import": 3275, "export": 14, "id": "IT"}, {"import": 0, "export": 0, "id": "SK"}, {"import": 0, "export": 0, "id": "SI"}, {"import": 0, "export": 0, "id": "GR"}, {"import": 0, "export": 4434, "id": "HU"}, {"import": 0, "export": 0, "id": "-"}, {"import": 0, "export": 0, "id": "ES"}, {"import": 0, "export": 0, "id": "RO"}], "import": 119941, "export": 4469}, {"date": "2019-11-01", "list": [{"import": 23319, "export": 62, "id": "DE"}, {"import": 0, "export": 0, "id": "GB"}, {"import": 31183, "export": 0, "id": "NL"}, {"import": 0, "export": 0, "id": "FR"}, {"import": 0, "export": 0, "id": "PL"}, {"import": 32402, "export": 10, "id": "IT"}, {"import": 0, "export": 0, "id": "SK"}, {"import": 0, "export": 0, "id": "SI"}, {"import": 0, "export": 0, "id": "GR"}, {"import": 0, "export": 2327, "id": "HU"}, {"import": 0, "export": 0, "id": "-"}, {"import": 0, "export": 0, "id": "ES"}, {"import": 0, "export": 0, "id": "RO"}], "import": 86904, "export": 2399}, {"date": "2019-12-01", "list": [{"import": 13704, "export": 94, "id": "DE"}, {"import": 0, "export": 0, "id": "GB"}, {"import": 26733, "export": 0, "id": "NL"}, {"import": 0, "export": 0, "id": "FR"}, {"import": 2982, "export": 0, "id": "PL"}, {"import": 231, "export": 23, "id": "IT"}, {"import": 1308, "export": 45, "id": "SK"}, {"import": 0, "export": 0, "id": "SI"}, {"import": 0, "export": 0, "id": "GR"}, {"import": 0, "export": 0, "id": "HU"}, {"import": 0, "export": 0, "id": "-"}, {"import": 0, "export": 0, "id": "ES"}, {"import": 0, "export": 0, "id": "RO"}], "import": 44958, "export": 162}, {"date": "2020-01-01", "list": [{"import": 11744, "export": 15, "id": "DE"}, {"import": 0, "export": 0, "id": "GB"}, {"import": 26968, "export": 0, "id": "NL"}, {"import": 0, "export": 0, "id": "FR"}, {"import": 0, "export": 0, "id": "PL"}, {"import": 32564, "export": 9, "id": "IT"}, {"import": 0, "export": 0, "id": "SK"}, {"import": 0, "export": 358, "id": "SI"}, {"import": 1685, "export": 0, "id": "GR"}, {"import": 0, "export": 0, "id": "HU"}, {"import": 0, "export": 0, "id": "-"}, {"import": 0, "export": 0, "id": "ES"}, {"import": 0, "export": 0, "id": "RO"}], "import": 72961, "export": 382}, {"date": "2020-02-01", "list": [{"import": 24452, "export": 110, "id": "DE"}, {"import": 22655, "export": 0, "id": "GB"}, {"import": 9913, "export": 0, "id": "NL"}, {"import": 0, "export": 0, "id": "FR"}, {"import": 173, "export": 19, "id": "PL"}, {"import": 86, "export": 24, "id": "IT"}, {"import": 0, "export": 0, "id": "SK"}, {"import": 0, "export": 0, "id": "SI"}, {"import": 0, "export": 0, "id": "GR"}, {"import": 0, "export": 0, "id": "HU"}, {"import": 0, "export": 0, "id": "-"}, {"import": 0, "export": 159, "id": "ES"}, {"import": 0, "export": 0, "id": "RO"}], "import": 57279, "export": 312}, {"date": "2020-03-01", "list": [{"import": 19827, "export": 27, "id": "DE"}, {"import": 0, "export": 0, "id": "GB"}, {"import": 17113, "export": 0, "id": "NL"}, {"import": 0, "export": 0, "id": "FR"}, {"import": 72, "export": 32, "id": "PL"}, {"import": 35447, "export": 0, "id": "IT"}, {"import": 0, "export": 0, "id": "SK"}, {"import": 0, "export": 305, "id": "SI"}, {"import": 0, "export": 0, "id": "GR"}, {"import": 0, "export": 0, "id": "HU"}, {"import": 0, "export": 0, "id": "-"}, {"import": 0, "export": 0, "id": "ES"}, {"import": 0, "export": 0, "id": "RO"}], "import": 72459, "export": 364}]