[{"date": "2018-05-01", "list": [{"import": 68435521, "export": 970080, "id": "IN"}, {"import": 11811517, "export": 49459, "id": "PK"}, {"import": 4588835, "export": 0, "id": "VN"}, {"import": 2701241, "export": 0, "id": "TH"}, {"import": 0, "export": 0, "id": "UY"}, {"import": 760580, "export": 301447, "id": "US"}, {"import": 896529, "export": 0, "id": "AU"}, {"import": 0, "export": 7620, "id": "GR"}, {"import": 0, "export": 0, "id": "AR"}, {"import": 84208, "export": 0, "id": "LK"}, {"import": 120754, "export": 1635, "id": "IT"}, {"import": 50000, "export": 0, "id": "CN"}, {"import": 0, "export": 0, "id": "RU"}, {"import": 52420, "export": 0, "id": "BD"}, {"import": 0, "export": 0, "id": "PH"}, {"import": 5642, "export": 0, "id": "JP"}, {"import": 4236, "export": 0, "id": "ES"}, {"import": 3209, "export": 23460, "id": "GB"}, {"import": 3897, "export": 0, "id": "FR"}, {"import": 25779, "export": 0, "id": "KR"}, {"import": 0, "export": 0, "id": "BE"}, {"import": 0, "export": 0, "id": "CA"}, {"import": 50404, "export": 0, "id": "PT"}, {"import": 0, "export": 42699, "id": "TZ"}, {"import": 12325, "export": 0, "id": "TR"}, {"import": 544250, "export": 0, "id": "EG"}, {"import": 0, "export": 0, "id": "UZ"}, {"import": 51813, "export": 0, "id": "BR"}, {"import": 0, "export": 0, "id": "MM"}, {"import": 6083, "export": 0, "id": "KH"}, {"import": 0, "export": 25021, "id": "DE"}, {"import": 0, "export": 0, "id": "TW"}, {"import": 0, "export": 0, "id": "NL"}, {"import": 0, "export": 0, "id": "HU"}, {"import": 25920, "export": 0, "id": "ID"}, {"import": 1025, "export": 24704893, "id": "IR"}, {"import": 0, "export": 187708, "id": "IQ"}, {"import": 0, "export": 2985024, "id": "OM"}, {"import": 0, "export": 1146552, "id": "SO"}, {"import": 0, "export": 155200, "id": "JO"}, {"import": 0, "export": 1425, "id": "LB"}, {"import": 0, "export": 129820, "id": "SA"}, {"import": 0, "export": 20350, "id": "NG"}, {"import": 0, "export": 221114, "id": "KW"}, {"import": 0, "export": 6387, "id": "KE"}, {"import": 0, "export": 82421, "id": "BH"}, {"import": 0, "export": 20179, "id": "DJ"}, {"import": 0, "export": 0, "id": "ZM"}, {"import": 0, "export": 918, "id": "GE"}, {"import": 0, "export": 0, "id": "RW"}, {"import": 0, "export": 52800, "id": "AM"}, {"import": 0, "export": 89816, "id": "ET"}, {"import": 0, "export": 0, "id": "LR"}, {"import": 0, "export": 66880, "id": "YE"}, {"import": 0, "export": 10246, "id": "SC"}, {"import": 0, "export": 7412, "id": "AF"}, {"import": 0, "export": 5500, "id": "CD"}, {"import": 0, "export": 12693, "id": "MV"}, {"import": 0, "export": 7200, "id": "ML"}, {"import": 0, "export": 2500, "id": "MR"}, {"import": 0, "export": 0, "id": "MU"}, {"import": 0, "export": 436, "id": "ME"}, {"import": 0, "export": 0, "id": "MA"}, {"import": 0, "export": 6120, "id": "MZ"}, {"import": 0, "export": 0, "id": "-"}, {"import": 0, "export": 0, "id": "MG"}, {"import": 0, "export": 0, "id": "MW"}, {"import": 0, "export": 0, "id": "GW"}, {"import": 0, "export": 0, "id": "NZ"}, {"import": 0, "export": 0, "id": "NE"}, {"import": 0, "export": 3400, "id": "TG"}, {"import": 0, "export": 3900, "id": "TM"}, {"import": 0, "export": 0, "id": "UG"}, {"import": 0, "export": 1311, "id": "SL"}, {"import": 0, "export": 0, "id": "SN"}, {"import": 0, "export": 0, "id": "RS"}, {"import": 0, "export": 0, "id": "ZA"}, {"import": 0, "export": 0, "id": "SD"}, {"import": 0, "export": 0, "id": "SE"}, {"import": 0, "export": 0, "id": "CH"}, {"import": 0, "export": 3010, "id": "HR"}, {"import": 0, "export": 0, "id": "BJ"}, {"import": 0, "export": 0, "id": "GQ"}, {"import": 0, "export": 0, "id": "TD"}, {"import": 0, "export": 42675, "id": "KM"}, {"import": 0, "export": 0, "id": "CG"}, {"import": 0, "export": 0, "id": "AO"}, {"import": 0, "export": 5763, "id": "AZ"}, {"import": 0, "export": 0, "id": "BN"}, {"import": 0, "export": 0, "id": "BG"}, {"import": 0, "export": 0, "id": "BI"}, {"import": 0, "export": 1781, "id": "ER"}, {"import": 0, "export": 0, "id": "GN"}, {"import": 0, "export": 615, "id": "GM"}, {"import": 0, "export": 0, "id": "PS"}, {"import": 0, "export": 56600, "id": "GH"}, {"import": 0, "export": 0, "id": "IE"}, {"import": 0, "export": 0, "id": "KG"}], "import": 90236188, "export": 31465070}, {"date": "2018-06-01", "list": [{"import": 39958869, "export": 774572, "id": "IN"}, {"import": 6657077, "export": 525, "id": "PK"}, {"import": 3295872, "export": 0, "id": "VN"}, {"import": 2349664, "export": 0, "id": "TH"}, {"import": 0, "export": 0, "id": "UY"}, {"import": 1074244, "export": 437499, "id": "US"}, {"import": 553170, "export": 0, "id": "AU"}, {"import": 49200, "export": 13040, "id": "GR"}, {"import": 0, "export": 0, "id": "AR"}, {"import": 86877, "export": 0, "id": "LK"}, {"import": 30258, "export": 0, "id": "IT"}, {"import": 175615, "export": 0, "id": "CN"}, {"import": 0, "export": 0, "id": "RU"}, {"import": 29405, "export": 0, "id": "BD"}, {"import": 7068, "export": 0, "id": "PH"}, {"import": 5060, "export": 0, "id": "JP"}, {"import": 0, "export": 0, "id": "ES"}, {"import": 5105, "export": 0, "id": "GB"}, {"import": 978, "export": 0, "id": "FR"}, {"import": 5721, "export": 6260, "id": "KR"}, {"import": 0, "export": 0, "id": "BE"}, {"import": 0, "export": 23100, "id": "CA"}, {"import": 25500, "export": 0, "id": "PT"}, {"import": 0, "export": 6010, "id": "TZ"}, {"import": 1250, "export": 0, "id": "TR"}, {"import": 195000, "export": 0, "id": "EG"}, {"import": 0, "export": 0, "id": "UZ"}, {"import": 0, "export": 0, "id": "BR"}, {"import": 125350, "export": 0, "id": "MM"}, {"import": 0, "export": 0, "id": "KH"}, {"import": 0, "export": 0, "id": "DE"}, {"import": 0, "export": 0, "id": "TW"}, {"import": 0, "export": 0, "id": "NL"}, {"import": 0, "export": 0, "id": "HU"}, {"import": 0, "export": 0, "id": "ID"}, {"import": 0, "export": 7787869, "id": "IR"}, {"import": 0, "export": 0, "id": "IQ"}, {"import": 0, "export": 2105607, "id": "OM"}, {"import": 0, "export": 303637, "id": "SO"}, {"import": 0, "export": 0, "id": "JO"}, {"import": 0, "export": 4000, "id": "LB"}, {"import": 0, "export": 85358, "id": "SA"}, {"import": 0, "export": 0, "id": "NG"}, {"import": 0, "export": 143835, "id": "KW"}, {"import": 0, "export": 11425, "id": "KE"}, {"import": 0, "export": 105477, "id": "BH"}, {"import": 0, "export": 3540, "id": "DJ"}, {"import": 0, "export": 6790, "id": "ZM"}, {"import": 0, "export": 0, "id": "GE"}, {"import": 0, "export": 0, "id": "RW"}, {"import": 0, "export": 0, "id": "AM"}, {"import": 0, "export": 2831, "id": "ET"}, {"import": 0, "export": 0, "id": "LR"}, {"import": 0, "export": 2606275, "id": "YE"}, {"import": 0, "export": 1050, "id": "SC"}, {"import": 0, "export": 1765, "id": "AF"}, {"import": 0, "export": 5460, "id": "CD"}, {"import": 0, "export": 3177, "id": "MV"}, {"import": 0, "export": 0, "id": "ML"}, {"import": 0, "export": 0, "id": "MR"}, {"import": 0, "export": 0, "id": "MU"}, {"import": 0, "export": 0, "id": "ME"}, {"import": 0, "export": 0, "id": "MA"}, {"import": 0, "export": 0, "id": "MZ"}, {"import": 0, "export": 0, "id": "-"}, {"import": 0, "export": 0, "id": "MG"}, {"import": 0, "export": 0, "id": "MW"}, {"import": 0, "export": 0, "id": "GW"}, {"import": 0, "export": 0, "id": "NZ"}, {"import": 0, "export": 0, "id": "NE"}, {"import": 0, "export": 0, "id": "TG"}, {"import": 0, "export": 0, "id": "TM"}, {"import": 0, "export": 0, "id": "UG"}, {"import": 0, "export": 0, "id": "SL"}, {"import": 0, "export": 0, "id": "SN"}, {"import": 0, "export": 0, "id": "RS"}, {"import": 0, "export": 0, "id": "ZA"}, {"import": 0, "export": 0, "id": "SD"}, {"import": 0, "export": 4000, "id": "SE"}, {"import": 0, "export": 2400, "id": "CH"}, {"import": 0, "export": 0, "id": "HR"}, {"import": 0, "export": 0, "id": "BJ"}, {"import": 0, "export": 0, "id": "GQ"}, {"import": 0, "export": 0, "id": "TD"}, {"import": 0, "export": 45500, "id": "KM"}, {"import": 0, "export": 0, "id": "CG"}, {"import": 0, "export": 0, "id": "AO"}, {"import": 0, "export": 640, "id": "AZ"}, {"import": 0, "export": 0, "id": "BN"}, {"import": 0, "export": 0, "id": "BG"}, {"import": 0, "export": 0, "id": "BI"}, {"import": 0, "export": 0, "id": "ER"}, {"import": 0, "export": 0, "id": "GN"}, {"import": 0, "export": 0, "id": "GM"}, {"import": 0, "export": 0, "id": "PS"}, {"import": 0, "export": 35000, "id": "GH"}, {"import": 0, "export": 0, "id": "IE"}, {"import": 0, "export": 0, "id": "KG"}], "import": 54631283, "export": 14526642}, {"date": "2018-07-01", "list": [{"import": 39304778, "export": 0, "id": "IN"}, {"import": 4779436, "export": 9184, "id": "PK"}, {"import": 4225696, "export": 0, "id": "VN"}, {"import": 2827740, "export": 0, "id": "TH"}, {"import": 0, "export": 0, "id": "UY"}, {"import": 311199, "export": 358283, "id": "US"}, {"import": 274274, "export": 0, "id": "AU"}, {"import": 48080, "export": 5560, "id": "GR"}, {"import": 0, "export": 0, "id": "AR"}, {"import": 88104, "export": 0, "id": "LK"}, {"import": 3601, "export": 0, "id": "IT"}, {"import": 0, "export": 0, "id": "CN"}, {"import": 251911, "export": 0, "id": "RU"}, {"import": 63593, "export": 0, "id": "BD"}, {"import": 19641, "export": 0, "id": "PH"}, {"import": 1900, "export": 21200, "id": "JP"}, {"import": 0, "export": 0, "id": "ES"}, {"import": 606, "export": 0, "id": "GB"}, {"import": 272, "export": 0, "id": "FR"}, {"import": 4048, "export": 3380, "id": "KR"}, {"import": 0, "export": 0, "id": "BE"}, {"import": 0, "export": 0, "id": "CA"}, {"import": 0, "export": 0, "id": "PT"}, {"import": 0, "export": 15613, "id": "TZ"}, {"import": 0, "export": 0, "id": "TR"}, {"import": 195000, "export": 6, "id": "EG"}, {"import": 0, "export": 0, "id": "UZ"}, {"import": 0, "export": 0, "id": "BR"}, {"import": 0, "export": 0, "id": "MM"}, {"import": 267, "export": 0, "id": "KH"}, {"import": 0, "export": 0, "id": "DE"}, {"import": 20300, "export": 0, "id": "TW"}, {"import": 0, "export": 18100, "id": "NL"}, {"import": 0, "export": 0, "id": "HU"}, {"import": 0, "export": 0, "id": "ID"}, {"import": 400, "export": 3998205, "id": "IR"}, {"import": 0, "export": 1134392, "id": "IQ"}, {"import": 0, "export": 1836167, "id": "OM"}, {"import": 0, "export": 61436, "id": "SO"}, {"import": 0, "export": 0, "id": "JO"}, {"import": 0, "export": 97960, "id": "LB"}, {"import": 0, "export": 286960, "id": "SA"}, {"import": 0, "export": 14019, "id": "NG"}, {"import": 0, "export": 298728, "id": "KW"}, {"import": 0, "export": 14687, "id": "KE"}, {"import": 0, "export": 94588, "id": "BH"}, {"import": 0, "export": 0, "id": "DJ"}, {"import": 0, "export": 4000, "id": "ZM"}, {"import": 0, "export": 0, "id": "GE"}, {"import": 0, "export": 1000, "id": "RW"}, {"import": 0, "export": 0, "id": "AM"}, {"import": 0, "export": 0, "id": "ET"}, {"import": 0, "export": 1607, "id": "LR"}, {"import": 0, "export": 595208, "id": "YE"}, {"import": 0, "export": 1380, "id": "SC"}, {"import": 0, "export": 8132, "id": "AF"}, {"import": 0, "export": 10962, "id": "CD"}, {"import": 0, "export": 1280, "id": "MV"}, {"import": 0, "export": 0, "id": "ML"}, {"import": 0, "export": 0, "id": "MR"}, {"import": 0, "export": 0, "id": "MU"}, {"import": 0, "export": 0, "id": "ME"}, {"import": 0, "export": 0, "id": "MA"}, {"import": 0, "export": 4050, "id": "MZ"}, {"import": 0, "export": 0, "id": "-"}, {"import": 0, "export": 1100, "id": "MG"}, {"import": 0, "export": 0, "id": "MW"}, {"import": 0, "export": 0, "id": "GW"}, {"import": 0, "export": 0, "id": "NZ"}, {"import": 0, "export": 0, "id": "NE"}, {"import": 0, "export": 0, "id": "TG"}, {"import": 0, "export": 4000, "id": "TM"}, {"import": 0, "export": 3200, "id": "UG"}, {"import": 0, "export": 0, "id": "SL"}, {"import": 0, "export": 11333, "id": "SN"}, {"import": 0, "export": 0, "id": "RS"}, {"import": 0, "export": 0, "id": "ZA"}, {"import": 0, "export": 0, "id": "SD"}, {"import": 0, "export": 0, "id": "SE"}, {"import": 0, "export": 0, "id": "CH"}, {"import": 0, "export": 0, "id": "HR"}, {"import": 0, "export": 1745700, "id": "BJ"}, {"import": 0, "export": 0, "id": "GQ"}, {"import": 0, "export": 4000, "id": "TD"}, {"import": 0, "export": 5200, "id": "KM"}, {"import": 0, "export": 0, "id": "CG"}, {"import": 0, "export": 0, "id": "AO"}, {"import": 0, "export": 7200, "id": "AZ"}, {"import": 0, "export": 0, "id": "BN"}, {"import": 0, "export": 0, "id": "BG"}, {"import": 0, "export": 600, "id": "BI"}, {"import": 0, "export": 14958, "id": "ER"}, {"import": 0, "export": 0, "id": "GN"}, {"import": 0, "export": 0, "id": "GM"}, {"import": 0, "export": 0, "id": "PS"}, {"import": 0, "export": 0, "id": "GH"}, {"import": 0, "export": 48300, "id": "IE"}, {"import": 0, "export": 0, "id": "KG"}], "import": 52420846, "export": 10741678}, {"date": "2018-08-01", "list": [{"import": 43859291, "export": 173000, "id": "IN"}, {"import": 3912889, "export": 5354, "id": "PK"}, {"import": 3400142, "export": 0, "id": "VN"}, {"import": 2220031, "export": 0, "id": "TH"}, {"import": 0, "export": 0, "id": "UY"}, {"import": 468152, "export": 415483, "id": "US"}, {"import": 496616, "export": 3174, "id": "AU"}, {"import": 0, "export": 22660, "id": "GR"}, {"import": 0, "export": 0, "id": "AR"}, {"import": 46017, "export": 0, "id": "LK"}, {"import": 145019, "export": 2170, "id": "IT"}, {"import": 70304, "export": 0, "id": "CN"}, {"import": 125200, "export": 0, "id": "RU"}, {"import": 17671, "export": 0, "id": "BD"}, {"import": 0, "export": 0, "id": "PH"}, {"import": 781, "export": 0, "id": "JP"}, {"import": 0, "export": 0, "id": "ES"}, {"import": 5243, "export": 0, "id": "GB"}, {"import": 1672, "export": 209, "id": "FR"}, {"import": 0, "export": 3600, "id": "KR"}, {"import": 0, "export": 0, "id": "BE"}, {"import": 38, "export": 0, "id": "CA"}, {"import": 0, "export": 0, "id": "PT"}, {"import": 0, "export": 13931, "id": "TZ"}, {"import": 0, "export": 727628, "id": "TR"}, {"import": 95000, "export": 0, "id": "EG"}, {"import": 0, "export": 0, "id": "UZ"}, {"import": 7080, "export": 0, "id": "BR"}, {"import": 0, "export": 0, "id": "MM"}, {"import": 0, "export": 0, "id": "KH"}, {"import": 0, "export": 0, "id": "DE"}, {"import": 534, "export": 0, "id": "TW"}, {"import": 0, "export": 4700, "id": "NL"}, {"import": 0, "export": 0, "id": "HU"}, {"import": 0, "export": 0, "id": "ID"}, {"import": 1025, "export": 2381356, "id": "IR"}, {"import": 0, "export": 1387645, "id": "IQ"}, {"import": 0, "export": 2292569, "id": "OM"}, {"import": 0, "export": 537041, "id": "SO"}, {"import": 0, "export": 50600, "id": "JO"}, {"import": 0, "export": 26520, "id": "LB"}, {"import": 0, "export": 763930, "id": "SA"}, {"import": 0, "export": 2030, "id": "NG"}, {"import": 0, "export": 92207, "id": "KW"}, {"import": 0, "export": 19511, "id": "KE"}, {"import": 0, "export": 104027, "id": "BH"}, {"import": 0, "export": 8000, "id": "DJ"}, {"import": 0, "export": 0, "id": "ZM"}, {"import": 0, "export": 1540, "id": "GE"}, {"import": 0, "export": 0, "id": "RW"}, {"import": 0, "export": 0, "id": "AM"}, {"import": 0, "export": 1810, "id": "ET"}, {"import": 0, "export": 0, "id": "LR"}, {"import": 0, "export": 103350, "id": "YE"}, {"import": 0, "export": 1320, "id": "SC"}, {"import": 0, "export": 76283, "id": "AF"}, {"import": 0, "export": 0, "id": "CD"}, {"import": 0, "export": 786, "id": "MV"}, {"import": 0, "export": 0, "id": "ML"}, {"import": 0, "export": 10000, "id": "MR"}, {"import": 0, "export": 0, "id": "MU"}, {"import": 0, "export": 0, "id": "ME"}, {"import": 0, "export": 3780, "id": "MA"}, {"import": 0, "export": 0, "id": "MZ"}, {"import": 0, "export": 0, "id": "-"}, {"import": 0, "export": 0, "id": "MG"}, {"import": 0, "export": 0, "id": "MW"}, {"import": 0, "export": 0, "id": "GW"}, {"import": 0, "export": 0, "id": "NZ"}, {"import": 0, "export": 0, "id": "NE"}, {"import": 0, "export": 0, "id": "TG"}, {"import": 0, "export": 2500, "id": "TM"}, {"import": 0, "export": 0, "id": "UG"}, {"import": 0, "export": 0, "id": "SL"}, {"import": 0, "export": 55116, "id": "SN"}, {"import": 0, "export": 342, "id": "RS"}, {"import": 0, "export": 0, "id": "ZA"}, {"import": 0, "export": 630730, "id": "SD"}, {"import": 0, "export": 0, "id": "SE"}, {"import": 0, "export": 0, "id": "CH"}, {"import": 0, "export": 0, "id": "HR"}, {"import": 0, "export": 581900, "id": "BJ"}, {"import": 0, "export": 0, "id": "GQ"}, {"import": 0, "export": 0, "id": "TD"}, {"import": 0, "export": 31500, "id": "KM"}, {"import": 0, "export": 0, "id": "CG"}, {"import": 0, "export": 0, "id": "AO"}, {"import": 0, "export": 47911, "id": "AZ"}, {"import": 0, "export": 0, "id": "BN"}, {"import": 0, "export": 0, "id": "BG"}, {"import": 0, "export": 0, "id": "BI"}, {"import": 0, "export": 0, "id": "ER"}, {"import": 0, "export": 0, "id": "GN"}, {"import": 0, "export": 1000, "id": "GM"}, {"import": 0, "export": 0, "id": "PS"}, {"import": 0, "export": 40273, "id": "GH"}, {"import": 0, "export": 0, "id": "IE"}, {"import": 0, "export": 0, "id": "KG"}], "import": 54872705, "export": 10627486}, {"date": "2018-09-01", "list": [{"import": 38058049, "export": 0, "id": "IN"}, {"import": 2984378, "export": 6885, "id": "PK"}, {"import": 5036633, "export": 0, "id": "VN"}, {"import": 3424078, "export": 0, "id": "TH"}, {"import": 0, "export": 0, "id": "UY"}, {"import": 326493, "export": 376965, "id": "US"}, {"import": 1089493, "export": 0, "id": "AU"}, {"import": 0, "export": 34700, "id": "GR"}, {"import": 0, "export": 0, "id": "AR"}, {"import": 91345, "export": 1680, "id": "LK"}, {"import": 3281, "export": 0, "id": "IT"}, {"import": 100210, "export": 0, "id": "CN"}, {"import": 0, "export": 0, "id": "RU"}, {"import": 22373, "export": 0, "id": "BD"}, {"import": 19669, "export": 0, "id": "PH"}, {"import": 9264, "export": 0, "id": "JP"}, {"import": 5716, "export": 0, "id": "ES"}, {"import": 2993, "export": 46920, "id": "GB"}, {"import": 0, "export": 0, "id": "FR"}, {"import": 814, "export": 0, "id": "KR"}, {"import": 0, "export": 0, "id": "BE"}, {"import": 938, "export": 0, "id": "CA"}, {"import": 0, "export": 0, "id": "PT"}, {"import": 0, "export": 13258, "id": "TZ"}, {"import": 0, "export": 0, "id": "TR"}, {"import": 48750, "export": 0, "id": "EG"}, {"import": 0, "export": 0, "id": "UZ"}, {"import": 0, "export": 0, "id": "BR"}, {"import": 0, "export": 0, "id": "MM"}, {"import": 0, "export": 0, "id": "KH"}, {"import": 0, "export": 0, "id": "DE"}, {"import": 0, "export": 0, "id": "TW"}, {"import": 0, "export": 0, "id": "NL"}, {"import": 0, "export": 0, "id": "HU"}, {"import": 0, "export": 0, "id": "ID"}, {"import": 0, "export": 3583287, "id": "IR"}, {"import": 0, "export": 386220, "id": "IQ"}, {"import": 0, "export": 2244329, "id": "OM"}, {"import": 0, "export": 641779, "id": "SO"}, {"import": 0, "export": 0, "id": "JO"}, {"import": 0, "export": 4320, "id": "LB"}, {"import": 0, "export": 472795, "id": "SA"}, {"import": 0, "export": 12460, "id": "NG"}, {"import": 0, "export": 140315, "id": "KW"}, {"import": 0, "export": 59054, "id": "KE"}, {"import": 0, "export": 110996, "id": "BH"}, {"import": 0, "export": 0, "id": "DJ"}, {"import": 0, "export": 0, "id": "ZM"}, {"import": 0, "export": 0, "id": "GE"}, {"import": 0, "export": 7400, "id": "RW"}, {"import": 0, "export": 4800, "id": "AM"}, {"import": 0, "export": 3244, "id": "ET"}, {"import": 0, "export": 0, "id": "LR"}, {"import": 0, "export": 86700, "id": "YE"}, {"import": 0, "export": 2661, "id": "SC"}, {"import": 0, "export": 1326, "id": "AF"}, {"import": 0, "export": 0, "id": "CD"}, {"import": 0, "export": 1227, "id": "MV"}, {"import": 0, "export": 0, "id": "ML"}, {"import": 0, "export": 0, "id": "MR"}, {"import": 0, "export": 0, "id": "MU"}, {"import": 0, "export": 0, "id": "ME"}, {"import": 0, "export": 0, "id": "MA"}, {"import": 0, "export": 0, "id": "MZ"}, {"import": 0, "export": 283849, "id": "-"}, {"import": 0, "export": 0, "id": "MG"}, {"import": 0, "export": 0, "id": "MW"}, {"import": 0, "export": 0, "id": "GW"}, {"import": 0, "export": 0, "id": "NZ"}, {"import": 0, "export": 0, "id": "NE"}, {"import": 0, "export": 0, "id": "TG"}, {"import": 0, "export": 6150, "id": "TM"}, {"import": 0, "export": 4890, "id": "UG"}, {"import": 0, "export": 0, "id": "SL"}, {"import": 0, "export": 2000, "id": "SN"}, {"import": 0, "export": 0, "id": "RS"}, {"import": 0, "export": 0, "id": "ZA"}, {"import": 0, "export": 25100, "id": "SD"}, {"import": 0, "export": 0, "id": "SE"}, {"import": 0, "export": 0, "id": "CH"}, {"import": 0, "export": 0, "id": "HR"}, {"import": 0, "export": 3033976, "id": "BJ"}, {"import": 0, "export": 0, "id": "GQ"}, {"import": 0, "export": 0, "id": "TD"}, {"import": 0, "export": 55175, "id": "KM"}, {"import": 0, "export": 16748, "id": "CG"}, {"import": 0, "export": 0, "id": "AO"}, {"import": 0, "export": 250000, "id": "AZ"}, {"import": 0, "export": 0, "id": "BN"}, {"import": 0, "export": 0, "id": "BG"}, {"import": 0, "export": 0, "id": "BI"}, {"import": 0, "export": 11462, "id": "ER"}, {"import": 0, "export": 0, "id": "GN"}, {"import": 0, "export": 0, "id": "GM"}, {"import": 0, "export": 0, "id": "PS"}, {"import": 0, "export": 3000, "id": "GH"}, {"import": 0, "export": 0, "id": "IE"}, {"import": 0, "export": 0, "id": "KG"}], "import": 51224477, "export": 11936196}, {"date": "2018-10-01", "list": [{"import": 38678933, "export": 222390, "id": "IN"}, {"import": 3114500, "export": 47446, "id": "PK"}, {"import": 4083178, "export": 0, "id": "VN"}, {"import": 2547896, "export": 0, "id": "TH"}, {"import": 0, "export": 0, "id": "UY"}, {"import": 423661, "export": 311163, "id": "US"}, {"import": 444075, "export": 0, "id": "AU"}, {"import": 0, "export": 0, "id": "GR"}, {"import": 0, "export": 0, "id": "AR"}, {"import": 75330, "export": 0, "id": "LK"}, {"import": 140550, "export": 0, "id": "IT"}, {"import": 125509, "export": 0, "id": "CN"}, {"import": 0, "export": 0, "id": "RU"}, {"import": 0, "export": 0, "id": "BD"}, {"import": 19636, "export": 0, "id": "PH"}, {"import": 6456, "export": 0, "id": "JP"}, {"import": 397, "export": 0, "id": "ES"}, {"import": 1769, "export": 0, "id": "GB"}, {"import": 463, "export": 0, "id": "FR"}, {"import": 4048, "export": 0, "id": "KR"}, {"import": 0, "export": 0, "id": "BE"}, {"import": 38, "export": 0, "id": "CA"}, {"import": 0, "export": 0, "id": "PT"}, {"import": 0, "export": 9188, "id": "TZ"}, {"import": 6750, "export": 0, "id": "TR"}, {"import": 97500, "export": 0, "id": "EG"}, {"import": 0, "export": 0, "id": "UZ"}, {"import": 0, "export": 0, "id": "BR"}, {"import": 0, "export": 0, "id": "MM"}, {"import": 0, "export": 0, "id": "KH"}, {"import": 0, "export": 0, "id": "DE"}, {"import": 0, "export": 0, "id": "TW"}, {"import": 20665, "export": 0, "id": "NL"}, {"import": 0, "export": 0, "id": "HU"}, {"import": 0, "export": 0, "id": "ID"}, {"import": 25500, "export": 397589, "id": "IR"}, {"import": 0, "export": 961016, "id": "IQ"}, {"import": 0, "export": 2522847, "id": "OM"}, {"import": 0, "export": 379094, "id": "SO"}, {"import": 0, "export": 3187, "id": "JO"}, {"import": 0, "export": 0, "id": "LB"}, {"import": 0, "export": 601600, "id": "SA"}, {"import": 0, "export": 4928, "id": "NG"}, {"import": 0, "export": 51669, "id": "KW"}, {"import": 0, "export": 14002, "id": "KE"}, {"import": 0, "export": 159068, "id": "BH"}, {"import": 0, "export": 185380, "id": "DJ"}, {"import": 0, "export": 0, "id": "ZM"}, {"import": 0, "export": 1040, "id": "GE"}, {"import": 0, "export": 3000, "id": "RW"}, {"import": 0, "export": 0, "id": "AM"}, {"import": 0, "export": 0, "id": "ET"}, {"import": 0, "export": 0, "id": "LR"}, {"import": 0, "export": 256400, "id": "YE"}, {"import": 0, "export": 0, "id": "SC"}, {"import": 0, "export": 1488, "id": "AF"}, {"import": 0, "export": 0, "id": "CD"}, {"import": 0, "export": 1678, "id": "MV"}, {"import": 0, "export": 0, "id": "ML"}, {"import": 0, "export": 0, "id": "MR"}, {"import": 0, "export": 0, "id": "MU"}, {"import": 0, "export": 0, "id": "ME"}, {"import": 0, "export": 0, "id": "MA"}, {"import": 0, "export": 0, "id": "MZ"}, {"import": 0, "export": 0, "id": "-"}, {"import": 0, "export": 0, "id": "MG"}, {"import": 0, "export": 100, "id": "MW"}, {"import": 0, "export": 0, "id": "GW"}, {"import": 0, "export": 0, "id": "NZ"}, {"import": 0, "export": 0, "id": "NE"}, {"import": 0, "export": 3500, "id": "TG"}, {"import": 0, "export": 0, "id": "TM"}, {"import": 0, "export": 639, "id": "UG"}, {"import": 0, "export": 0, "id": "SL"}, {"import": 0, "export": 0, "id": "SN"}, {"import": 0, "export": 0, "id": "RS"}, {"import": 0, "export": 0, "id": "ZA"}, {"import": 0, "export": 0, "id": "SD"}, {"import": 0, "export": 0, "id": "SE"}, {"import": 0, "export": 0, "id": "CH"}, {"import": 0, "export": 0, "id": "HR"}, {"import": 0, "export": 2100, "id": "BJ"}, {"import": 0, "export": 0, "id": "GQ"}, {"import": 0, "export": 0, "id": "TD"}, {"import": 0, "export": 1550, "id": "KM"}, {"import": 0, "export": 360, "id": "CG"}, {"import": 0, "export": 0, "id": "AO"}, {"import": 0, "export": 198718, "id": "AZ"}, {"import": 0, "export": 0, "id": "BN"}, {"import": 0, "export": 0, "id": "BG"}, {"import": 0, "export": 0, "id": "BI"}, {"import": 0, "export": 0, "id": "ER"}, {"import": 0, "export": 0, "id": "GN"}, {"import": 0, "export": 0, "id": "GM"}, {"import": 0, "export": 0, "id": "PS"}, {"import": 0, "export": 3000, "id": "GH"}, {"import": 0, "export": 23344, "id": "IE"}, {"import": 0, "export": 0, "id": "KG"}], "import": 49816854, "export": 6367484}, {"date": "2018-11-01", "list": [{"import": 27431952, "export": 0, "id": "IN"}, {"import": 4556453, "export": 12493, "id": "PK"}, {"import": 3269877, "export": 0, "id": "VN"}, {"import": 2249229, "export": 0, "id": "TH"}, {"import": 0, "export": 0, "id": "UY"}, {"import": 114250, "export": 204107, "id": "US"}, {"import": 203015, "export": 35856, "id": "AU"}, {"import": 16, "export": 13625, "id": "GR"}, {"import": 0, "export": 0, "id": "AR"}, {"import": 47106, "export": 0, "id": "LK"}, {"import": 152488, "export": 0, "id": "IT"}, {"import": 75611, "export": 500, "id": "CN"}, {"import": 0, "export": 0, "id": "RU"}, {"import": 8350, "export": 0, "id": "BD"}, {"import": 0, "export": 0, "id": "PH"}, {"import": 40, "export": 18270, "id": "JP"}, {"import": 1080, "export": 0, "id": "ES"}, {"import": 2902, "export": 0, "id": "GB"}, {"import": 678, "export": 2090, "id": "FR"}, {"import": 7455, "export": 610, "id": "KR"}, {"import": 0, "export": 0, "id": "BE"}, {"import": 0, "export": 129049, "id": "CA"}, {"import": 0, "export": 0, "id": "PT"}, {"import": 0, "export": 8180, "id": "TZ"}, {"import": 0, "export": 1010, "id": "TR"}, {"import": 48750, "export": 0, "id": "EG"}, {"import": 0, "export": 0, "id": "UZ"}, {"import": 0, "export": 0, "id": "BR"}, {"import": 0, "export": 0, "id": "MM"}, {"import": 0, "export": 0, "id": "KH"}, {"import": 0, "export": 0, "id": "DE"}, {"import": 0, "export": 0, "id": "TW"}, {"import": 9538, "export": 0, "id": "NL"}, {"import": 0, "export": 0, "id": "HU"}, {"import": 0, "export": 0, "id": "ID"}, {"import": 132031, "export": 1564780, "id": "IR"}, {"import": 0, "export": 710890, "id": "IQ"}, {"import": 0, "export": 2449188, "id": "OM"}, {"import": 0, "export": 1763901, "id": "SO"}, {"import": 0, "export": 89500, "id": "JO"}, {"import": 0, "export": 4100, "id": "LB"}, {"import": 0, "export": 332448, "id": "SA"}, {"import": 0, "export": 6780, "id": "NG"}, {"import": 0, "export": 68677, "id": "KW"}, {"import": 0, "export": 29520, "id": "KE"}, {"import": 0, "export": 44639, "id": "BH"}, {"import": 0, "export": 50551, "id": "DJ"}, {"import": 0, "export": 400, "id": "ZM"}, {"import": 0, "export": 0, "id": "GE"}, {"import": 0, "export": 0, "id": "RW"}, {"import": 0, "export": 1200, "id": "AM"}, {"import": 0, "export": 3802, "id": "ET"}, {"import": 0, "export": 0, "id": "LR"}, {"import": 0, "export": 20810, "id": "YE"}, {"import": 0, "export": 2516, "id": "SC"}, {"import": 0, "export": 6207, "id": "AF"}, {"import": 0, "export": 620, "id": "CD"}, {"import": 0, "export": 2652, "id": "MV"}, {"import": 0, "export": 0, "id": "ML"}, {"import": 0, "export": 0, "id": "MR"}, {"import": 0, "export": 0, "id": "MU"}, {"import": 0, "export": 0, "id": "ME"}, {"import": 0, "export": 0, "id": "MA"}, {"import": 0, "export": 0, "id": "MZ"}, {"import": 0, "export": 0, "id": "-"}, {"import": 0, "export": 0, "id": "MG"}, {"import": 0, "export": 0, "id": "MW"}, {"import": 0, "export": 0, "id": "GW"}, {"import": 0, "export": 0, "id": "NZ"}, {"import": 0, "export": 0, "id": "NE"}, {"import": 0, "export": 0, "id": "TG"}, {"import": 0, "export": 2082, "id": "TM"}, {"import": 0, "export": 60288, "id": "UG"}, {"import": 0, "export": 409, "id": "SL"}, {"import": 0, "export": 0, "id": "SN"}, {"import": 0, "export": 0, "id": "RS"}, {"import": 0, "export": 212, "id": "ZA"}, {"import": 0, "export": 1230, "id": "SD"}, {"import": 0, "export": 0, "id": "SE"}, {"import": 0, "export": 0, "id": "CH"}, {"import": 0, "export": 0, "id": "HR"}, {"import": 0, "export": 912911, "id": "BJ"}, {"import": 0, "export": 0, "id": "GQ"}, {"import": 0, "export": 0, "id": "TD"}, {"import": 0, "export": 61500, "id": "KM"}, {"import": 0, "export": 0, "id": "CG"}, {"import": 0, "export": 0, "id": "AO"}, {"import": 0, "export": 1149, "id": "AZ"}, {"import": 0, "export": 0, "id": "BN"}, {"import": 0, "export": 0, "id": "BG"}, {"import": 0, "export": 0, "id": "BI"}, {"import": 0, "export": 0, "id": "ER"}, {"import": 0, "export": 0, "id": "GN"}, {"import": 0, "export": 615, "id": "GM"}, {"import": 0, "export": 0, "id": "PS"}, {"import": 0, "export": 11388, "id": "GH"}, {"import": 0, "export": 24360, "id": "IE"}, {"import": 0, "export": 0, "id": "KG"}], "import": 38310821, "export": 8655115}, {"date": "2018-12-01", "list": [{"import": 48672336, "export": 63100, "id": "IN"}, {"import": 7394490, "export": 12256, "id": "PK"}, {"import": 5832773, "export": 0, "id": "VN"}, {"import": 3670198, "export": 0, "id": "TH"}, {"import": 0, "export": 0, "id": "UY"}, {"import": 650290, "export": 138678, "id": "US"}, {"import": 470520, "export": 22747, "id": "AU"}, {"import": 0, "export": 0, "id": "GR"}, {"import": 0, "export": 0, "id": "AR"}, {"import": 114965, "export": 0, "id": "LK"}, {"import": 159859, "export": 0, "id": "IT"}, {"import": 0, "export": 0, "id": "CN"}, {"import": 0, "export": 0, "id": "RU"}, {"import": 38100, "export": 0, "id": "BD"}, {"import": 19667, "export": 0, "id": "PH"}, {"import": 1315, "export": 0, "id": "JP"}, {"import": 1020, "export": 0, "id": "ES"}, {"import": 1629, "export": 0, "id": "GB"}, {"import": 0, "export": 0, "id": "FR"}, {"import": 16922, "export": 3180, "id": "KR"}, {"import": 0, "export": 0, "id": "BE"}, {"import": 0, "export": 24920, "id": "CA"}, {"import": 0, "export": 0, "id": "PT"}, {"import": 0, "export": 13782, "id": "TZ"}, {"import": 0, "export": 0, "id": "TR"}, {"import": 0, "export": 0, "id": "EG"}, {"import": 1000, "export": 0, "id": "UZ"}, {"import": 0, "export": 0, "id": "BR"}, {"import": 0, "export": 0, "id": "MM"}, {"import": 7168, "export": 0, "id": "KH"}, {"import": 0, "export": 0, "id": "DE"}, {"import": 0, "export": 0, "id": "TW"}, {"import": 0, "export": 0, "id": "NL"}, {"import": 0, "export": 0, "id": "HU"}, {"import": 0, "export": 0, "id": "ID"}, {"import": 56160, "export": 3397979, "id": "IR"}, {"import": 0, "export": 1759581, "id": "IQ"}, {"import": 0, "export": 2817180, "id": "OM"}, {"import": 0, "export": 235446, "id": "SO"}, {"import": 0, "export": 0, "id": "JO"}, {"import": 0, "export": 433, "id": "LB"}, {"import": 0, "export": 636280, "id": "SA"}, {"import": 0, "export": 0, "id": "NG"}, {"import": 0, "export": 243442, "id": "KW"}, {"import": 0, "export": 77734, "id": "KE"}, {"import": 0, "export": 85856, "id": "BH"}, {"import": 0, "export": 0, "id": "DJ"}, {"import": 0, "export": 1255, "id": "ZM"}, {"import": 0, "export": 0, "id": "GE"}, {"import": 0, "export": 0, "id": "RW"}, {"import": 0, "export": 1400, "id": "AM"}, {"import": 0, "export": 3211, "id": "ET"}, {"import": 0, "export": 0, "id": "LR"}, {"import": 0, "export": 504335, "id": "YE"}, {"import": 0, "export": 0, "id": "SC"}, {"import": 0, "export": 2205, "id": "AF"}, {"import": 0, "export": 0, "id": "CD"}, {"import": 0, "export": 2124, "id": "MV"}, {"import": 0, "export": 0, "id": "ML"}, {"import": 0, "export": 0, "id": "MR"}, {"import": 0, "export": 0, "id": "MU"}, {"import": 0, "export": 0, "id": "ME"}, {"import": 0, "export": 0, "id": "MA"}, {"import": 0, "export": 2000, "id": "MZ"}, {"import": 0, "export": 0, "id": "-"}, {"import": 0, "export": 75075, "id": "MG"}, {"import": 0, "export": 0, "id": "MW"}, {"import": 0, "export": 0, "id": "GW"}, {"import": 0, "export": 0, "id": "NZ"}, {"import": 0, "export": 8500, "id": "NE"}, {"import": 0, "export": 0, "id": "TG"}, {"import": 0, "export": 3500, "id": "TM"}, {"import": 0, "export": 9260, "id": "UG"}, {"import": 0, "export": 0, "id": "SL"}, {"import": 0, "export": 2546, "id": "SN"}, {"import": 0, "export": 141, "id": "RS"}, {"import": 0, "export": 0, "id": "ZA"}, {"import": 0, "export": 0, "id": "SD"}, {"import": 0, "export": 0, "id": "SE"}, {"import": 0, "export": 0, "id": "CH"}, {"import": 0, "export": 0, "id": "HR"}, {"import": 0, "export": 0, "id": "BJ"}, {"import": 0, "export": 0, "id": "GQ"}, {"import": 0, "export": 0, "id": "TD"}, {"import": 0, "export": 13000, "id": "KM"}, {"import": 0, "export": 0, "id": "CG"}, {"import": 0, "export": 0, "id": "AO"}, {"import": 0, "export": 0, "id": "AZ"}, {"import": 0, "export": 0, "id": "BN"}, {"import": 0, "export": 0, "id": "BG"}, {"import": 0, "export": 0, "id": "BI"}, {"import": 0, "export": 7000, "id": "ER"}, {"import": 0, "export": 12001, "id": "GN"}, {"import": 0, "export": 0, "id": "GM"}, {"import": 0, "export": 0, "id": "PS"}, {"import": 0, "export": 16000, "id": "GH"}, {"import": 0, "export": 0, "id": "IE"}, {"import": 0, "export": 0, "id": "KG"}], "import": 67108412, "export": 10197507}, {"date": "2019-01-01", "list": [{"import": 50708161, "export": 104952, "id": "IN"}, {"import": 10836522, "export": 19035, "id": "PK"}, {"import": 3305586, "export": 0, "id": "VN"}, {"import": 2868092, "export": 0, "id": "TH"}, {"import": 0, "export": 0, "id": "UY"}, {"import": 315674, "export": 250808, "id": "US"}, {"import": 650084, "export": 0, "id": "AU"}, {"import": 0, "export": 7800, "id": "GR"}, {"import": 0, "export": 0, "id": "AR"}, {"import": 51708, "export": 0, "id": "LK"}, {"import": 203788, "export": 0, "id": "IT"}, {"import": 250673, "export": 0, "id": "CN"}, {"import": 589, "export": 0, "id": "RU"}, {"import": 12049, "export": 0, "id": "BD"}, {"import": 19689, "export": 0, "id": "PH"}, {"import": 3000, "export": 0, "id": "JP"}, {"import": 6612, "export": 0, "id": "ES"}, {"import": 2809, "export": 12000, "id": "GB"}, {"import": 0, "export": 0, "id": "FR"}, {"import": 0, "export": 10000, "id": "KR"}, {"import": 0, "export": 0, "id": "BE"}, {"import": 0, "export": 2228, "id": "CA"}, {"import": 0, "export": 0, "id": "PT"}, {"import": 0, "export": 6701, "id": "TZ"}, {"import": 12000, "export": 0, "id": "TR"}, {"import": 0, "export": 24000, "id": "EG"}, {"import": 0, "export": 0, "id": "UZ"}, {"import": 0, "export": 0, "id": "BR"}, {"import": 0, "export": 0, "id": "MM"}, {"import": 0, "export": 0, "id": "KH"}, {"import": 0, "export": 0, "id": "DE"}, {"import": 20300, "export": 0, "id": "TW"}, {"import": 0, "export": 0, "id": "NL"}, {"import": 0, "export": 0, "id": "HU"}, {"import": 0, "export": 0, "id": "ID"}, {"import": 1976, "export": 2880752, "id": "IR"}, {"import": 0, "export": 1581237, "id": "IQ"}, {"import": 0, "export": 2621013, "id": "OM"}, {"import": 0, "export": 504752, "id": "SO"}, {"import": 0, "export": 0, "id": "JO"}, {"import": 0, "export": 0, "id": "LB"}, {"import": 0, "export": 277075, "id": "SA"}, {"import": 0, "export": 12240, "id": "NG"}, {"import": 0, "export": 123644, "id": "KW"}, {"import": 0, "export": 26967, "id": "KE"}, {"import": 0, "export": 71932, "id": "BH"}, {"import": 0, "export": 0, "id": "DJ"}, {"import": 0, "export": 0, "id": "ZM"}, {"import": 0, "export": 0, "id": "GE"}, {"import": 0, "export": 6171, "id": "RW"}, {"import": 0, "export": 7266, "id": "AM"}, {"import": 0, "export": 6566, "id": "ET"}, {"import": 0, "export": 0, "id": "LR"}, {"import": 0, "export": 7280, "id": "YE"}, {"import": 0, "export": 1358, "id": "SC"}, {"import": 0, "export": 4924, "id": "AF"}, {"import": 0, "export": 7473, "id": "CD"}, {"import": 0, "export": 930, "id": "MV"}, {"import": 0, "export": 0, "id": "ML"}, {"import": 0, "export": 0, "id": "MR"}, {"import": 0, "export": 0, "id": "MU"}, {"import": 0, "export": 0, "id": "ME"}, {"import": 0, "export": 0, "id": "MA"}, {"import": 0, "export": 0, "id": "MZ"}, {"import": 0, "export": 0, "id": "-"}, {"import": 0, "export": 0, "id": "MG"}, {"import": 0, "export": 0, "id": "MW"}, {"import": 0, "export": 0, "id": "GW"}, {"import": 0, "export": 0, "id": "NZ"}, {"import": 0, "export": 0, "id": "NE"}, {"import": 0, "export": 41306, "id": "TG"}, {"import": 0, "export": 0, "id": "TM"}, {"import": 0, "export": 18090, "id": "UG"}, {"import": 0, "export": 0, "id": "SL"}, {"import": 0, "export": 0, "id": "SN"}, {"import": 0, "export": 0, "id": "RS"}, {"import": 0, "export": 0, "id": "ZA"}, {"import": 0, "export": 0, "id": "SD"}, {"import": 0, "export": 0, "id": "SE"}, {"import": 0, "export": 0, "id": "CH"}, {"import": 0, "export": 0, "id": "HR"}, {"import": 0, "export": 0, "id": "BJ"}, {"import": 0, "export": 0, "id": "GQ"}, {"import": 0, "export": 0, "id": "TD"}, {"import": 0, "export": 31226, "id": "KM"}, {"import": 0, "export": 0, "id": "CG"}, {"import": 0, "export": 0, "id": "AO"}, {"import": 0, "export": 6000, "id": "AZ"}, {"import": 0, "export": 3625, "id": "BN"}, {"import": 0, "export": 0, "id": "BG"}, {"import": 0, "export": 404, "id": "BI"}, {"import": 0, "export": 0, "id": "ER"}, {"import": 0, "export": 0, "id": "GN"}, {"import": 0, "export": 0, "id": "GM"}, {"import": 0, "export": 0, "id": "PS"}, {"import": 0, "export": 4162, "id": "GH"}, {"import": 0, "export": 0, "id": "IE"}, {"import": 0, "export": 0, "id": "KG"}], "import": 69269312, "export": 8692924}, {"date": "2019-02-01", "list": [{"import": 45245351, "export": 91816, "id": "IN"}, {"import": 6949997, "export": 46403, "id": "PK"}, {"import": 3112588, "export": 0, "id": "VN"}, {"import": 2299226, "export": 0, "id": "TH"}, {"import": 0, "export": 0, "id": "UY"}, {"import": 347579, "export": 312681, "id": "US"}, {"import": 295249, "export": 20400, "id": "AU"}, {"import": 0, "export": 8000, "id": "GR"}, {"import": 0, "export": 0, "id": "AR"}, {"import": 87262, "export": 0, "id": "LK"}, {"import": 162302, "export": 3150, "id": "IT"}, {"import": 321214, "export": 0, "id": "CN"}, {"import": 0, "export": 0, "id": "RU"}, {"import": 46200, "export": 0, "id": "BD"}, {"import": 19621, "export": 0, "id": "PH"}, {"import": 0, "export": 0, "id": "JP"}, {"import": 170, "export": 0, "id": "ES"}, {"import": 369, "export": 0, "id": "GB"}, {"import": 190, "export": 0, "id": "FR"}, {"import": 0, "export": 3200, "id": "KR"}, {"import": 0, "export": 0, "id": "BE"}, {"import": 0, "export": 0, "id": "CA"}, {"import": 0, "export": 0, "id": "PT"}, {"import": 0, "export": 39172, "id": "TZ"}, {"import": 0, "export": 0, "id": "TR"}, {"import": 0, "export": 45429, "id": "EG"}, {"import": 0, "export": 0, "id": "UZ"}, {"import": 0, "export": 0, "id": "BR"}, {"import": 0, "export": 0, "id": "MM"}, {"import": 0, "export": 0, "id": "KH"}, {"import": 0, "export": 0, "id": "DE"}, {"import": 534, "export": 0, "id": "TW"}, {"import": 0, "export": 0, "id": "NL"}, {"import": 0, "export": 0, "id": "HU"}, {"import": 0, "export": 0, "id": "ID"}, {"import": 2000, "export": 2431064, "id": "IR"}, {"import": 0, "export": 2604244, "id": "IQ"}, {"import": 0, "export": 2420845, "id": "OM"}, {"import": 0, "export": 218683, "id": "SO"}, {"import": 0, "export": 2025, "id": "JO"}, {"import": 0, "export": 5850, "id": "LB"}, {"import": 0, "export": 51252, "id": "SA"}, {"import": 0, "export": 86715, "id": "NG"}, {"import": 0, "export": 94033, "id": "KW"}, {"import": 0, "export": 45037, "id": "KE"}, {"import": 0, "export": 103389, "id": "BH"}, {"import": 0, "export": 13963, "id": "DJ"}, {"import": 0, "export": 0, "id": "ZM"}, {"import": 0, "export": 0, "id": "GE"}, {"import": 0, "export": 8129, "id": "RW"}, {"import": 0, "export": 11610, "id": "AM"}, {"import": 0, "export": 845, "id": "ET"}, {"import": 0, "export": 0, "id": "LR"}, {"import": 0, "export": 341435, "id": "YE"}, {"import": 0, "export": 0, "id": "SC"}, {"import": 0, "export": 2911, "id": "AF"}, {"import": 0, "export": 7492, "id": "CD"}, {"import": 0, "export": 3066, "id": "MV"}, {"import": 0, "export": 0, "id": "ML"}, {"import": 0, "export": 806, "id": "MR"}, {"import": 0, "export": 0, "id": "MU"}, {"import": 0, "export": 0, "id": "ME"}, {"import": 0, "export": 0, "id": "MA"}, {"import": 0, "export": 0, "id": "MZ"}, {"import": 0, "export": 0, "id": "-"}, {"import": 0, "export": 0, "id": "MG"}, {"import": 0, "export": 3000, "id": "MW"}, {"import": 0, "export": 0, "id": "GW"}, {"import": 0, "export": 578, "id": "NZ"}, {"import": 0, "export": 0, "id": "NE"}, {"import": 0, "export": 11200, "id": "TG"}, {"import": 0, "export": 0, "id": "TM"}, {"import": 0, "export": 8278, "id": "UG"}, {"import": 0, "export": 0, "id": "SL"}, {"import": 0, "export": 0, "id": "SN"}, {"import": 0, "export": 0, "id": "RS"}, {"import": 0, "export": 0, "id": "ZA"}, {"import": 0, "export": 0, "id": "SD"}, {"import": 0, "export": 0, "id": "SE"}, {"import": 0, "export": 0, "id": "CH"}, {"import": 0, "export": 525, "id": "HR"}, {"import": 0, "export": 0, "id": "BJ"}, {"import": 0, "export": 1000, "id": "GQ"}, {"import": 0, "export": 2196, "id": "TD"}, {"import": 0, "export": 33520, "id": "KM"}, {"import": 0, "export": 0, "id": "CG"}, {"import": 0, "export": 0, "id": "AO"}, {"import": 0, "export": 271933, "id": "AZ"}, {"import": 0, "export": 0, "id": "BN"}, {"import": 0, "export": 0, "id": "BG"}, {"import": 0, "export": 0, "id": "BI"}, {"import": 0, "export": 5000, "id": "ER"}, {"import": 0, "export": 0, "id": "GN"}, {"import": 0, "export": 1420, "id": "GM"}, {"import": 0, "export": 0, "id": "PS"}, {"import": 0, "export": 32000, "id": "GH"}, {"import": 0, "export": 0, "id": "IE"}, {"import": 0, "export": 0, "id": "KG"}], "import": 58889852, "export": 9401254}, {"date": "2019-03-01", "list": [{"import": 57032797, "export": 65373, "id": "IN"}, {"import": 7189276, "export": 8110, "id": "PK"}, {"import": 5950837, "export": 0, "id": "VN"}, {"import": 3501701, "export": 0, "id": "TH"}, {"import": 0, "export": 0, "id": "UY"}, {"import": 338267, "export": 335693, "id": "US"}, {"import": 357427, "export": 0, "id": "AU"}, {"import": 0, "export": 0, "id": "GR"}, {"import": 0, "export": 0, "id": "AR"}, {"import": 53718, "export": 0, "id": "LK"}, {"import": 20361, "export": 0, "id": "IT"}, {"import": 0, "export": 0, "id": "CN"}, {"import": 0, "export": 0, "id": "RU"}, {"import": 14502, "export": 0, "id": "BD"}, {"import": 19290, "export": 0, "id": "PH"}, {"import": 5780, "export": 19800, "id": "JP"}, {"import": 3090, "export": 0, "id": "ES"}, {"import": 2344, "export": 0, "id": "GB"}, {"import": 736, "export": 0, "id": "FR"}, {"import": 880, "export": 4090, "id": "KR"}, {"import": 0, "export": 6760, "id": "BE"}, {"import": 482, "export": 0, "id": "CA"}, {"import": 24000, "export": 0, "id": "PT"}, {"import": 0, "export": 9764, "id": "TZ"}, {"import": 38100, "export": 0, "id": "TR"}, {"import": 0, "export": 39383, "id": "EG"}, {"import": 0, "export": 0, "id": "UZ"}, {"import": 51813, "export": 0, "id": "BR"}, {"import": 0, "export": 0, "id": "MM"}, {"import": 0, "export": 0, "id": "KH"}, {"import": 0, "export": 0, "id": "DE"}, {"import": 0, "export": 0, "id": "TW"}, {"import": 0, "export": 0, "id": "NL"}, {"import": 0, "export": 0, "id": "HU"}, {"import": 0, "export": 0, "id": "ID"}, {"import": 0, "export": 2791321, "id": "IR"}, {"import": 0, "export": 1421480, "id": "IQ"}, {"import": 0, "export": 2696240, "id": "OM"}, {"import": 0, "export": 355883, "id": "SO"}, {"import": 0, "export": 168250, "id": "JO"}, {"import": 0, "export": 0, "id": "LB"}, {"import": 0, "export": 228780, "id": "SA"}, {"import": 0, "export": 59261, "id": "NG"}, {"import": 0, "export": 170865, "id": "KW"}, {"import": 0, "export": 535277, "id": "KE"}, {"import": 0, "export": 57510, "id": "BH"}, {"import": 0, "export": 10345, "id": "DJ"}, {"import": 0, "export": 0, "id": "ZM"}, {"import": 0, "export": 1204, "id": "GE"}, {"import": 0, "export": 5203, "id": "RW"}, {"import": 0, "export": 0, "id": "AM"}, {"import": 0, "export": 200, "id": "ET"}, {"import": 0, "export": 0, "id": "LR"}, {"import": 0, "export": 767820, "id": "YE"}, {"import": 0, "export": 913, "id": "SC"}, {"import": 0, "export": 6260, "id": "AF"}, {"import": 0, "export": 0, "id": "CD"}, {"import": 0, "export": 8049, "id": "MV"}, {"import": 0, "export": 0, "id": "ML"}, {"import": 0, "export": 0, "id": "MR"}, {"import": 0, "export": 0, "id": "MU"}, {"import": 0, "export": 0, "id": "ME"}, {"import": 0, "export": 3000, "id": "MA"}, {"import": 0, "export": 39281, "id": "MZ"}, {"import": 0, "export": 0, "id": "-"}, {"import": 0, "export": 0, "id": "MG"}, {"import": 0, "export": 0, "id": "MW"}, {"import": 0, "export": 0, "id": "GW"}, {"import": 0, "export": 0, "id": "NZ"}, {"import": 0, "export": 0, "id": "NE"}, {"import": 0, "export": 0, "id": "TG"}, {"import": 0, "export": 9000, "id": "TM"}, {"import": 0, "export": 0, "id": "UG"}, {"import": 0, "export": 1600, "id": "SL"}, {"import": 0, "export": 12980, "id": "SN"}, {"import": 0, "export": 0, "id": "RS"}, {"import": 0, "export": 0, "id": "ZA"}, {"import": 0, "export": 2050, "id": "SD"}, {"import": 0, "export": 0, "id": "SE"}, {"import": 0, "export": 0, "id": "CH"}, {"import": 0, "export": 0, "id": "HR"}, {"import": 0, "export": 0, "id": "BJ"}, {"import": 0, "export": 0, "id": "GQ"}, {"import": 0, "export": 0, "id": "TD"}, {"import": 0, "export": 28945, "id": "KM"}, {"import": 0, "export": 10400, "id": "CG"}, {"import": 0, "export": 0, "id": "AO"}, {"import": 0, "export": 22378, "id": "AZ"}, {"import": 0, "export": 0, "id": "BN"}, {"import": 0, "export": 0, "id": "BG"}, {"import": 0, "export": 0, "id": "BI"}, {"import": 0, "export": 1530, "id": "ER"}, {"import": 0, "export": 16390, "id": "GN"}, {"import": 0, "export": 0, "id": "GM"}, {"import": 0, "export": 0, "id": "PS"}, {"import": 0, "export": 36018, "id": "GH"}, {"import": 0, "export": 0, "id": "IE"}, {"import": 0, "export": 0, "id": "KG"}], "import": 74605401, "export": 10024481}, {"date": "2019-04-01", "list": [{"import": 58831060, "export": 148496, "id": "IN"}, {"import": 10605498, "export": 47726, "id": "PK"}, {"import": 5136398, "export": 0, "id": "VN"}, {"import": 2327163, "export": 0, "id": "TH"}, {"import": 0, "export": 0, "id": "UY"}, {"import": 713494, "export": 209301, "id": "US"}, {"import": 313431, "export": 24000, "id": "AU"}, {"import": 0, "export": 10791, "id": "GR"}, {"import": 0, "export": 0, "id": "AR"}, {"import": 87970, "export": 600, "id": "LK"}, {"import": 178262, "export": 0, "id": "IT"}, {"import": 0, "export": 0, "id": "CN"}, {"import": 0, "export": 0, "id": "RU"}, {"import": 219031, "export": 0, "id": "BD"}, {"import": 0, "export": 0, "id": "PH"}, {"import": 0, "export": 0, "id": "JP"}, {"import": 1175, "export": 0, "id": "ES"}, {"import": 2384, "export": 5474, "id": "GB"}, {"import": 606, "export": 0, "id": "FR"}, {"import": 18524, "export": 4400, "id": "KR"}, {"import": 0, "export": 0, "id": "BE"}, {"import": 0, "export": 0, "id": "CA"}, {"import": 0, "export": 0, "id": "PT"}, {"import": 0, "export": 15085, "id": "TZ"}, {"import": 0, "export": 24240, "id": "TR"}, {"import": 0, "export": 0, "id": "EG"}, {"import": 0, "export": 0, "id": "UZ"}, {"import": 0, "export": 0, "id": "BR"}, {"import": 0, "export": 0, "id": "MM"}, {"import": 0, "export": 0, "id": "KH"}, {"import": 0, "export": 0, "id": "DE"}, {"import": 1000, "export": 0, "id": "TW"}, {"import": 0, "export": 4835, "id": "NL"}, {"import": 0, "export": 0, "id": "HU"}, {"import": 0, "export": 0, "id": "ID"}, {"import": 21, "export": 4682589, "id": "IR"}, {"import": 0, "export": 1969621, "id": "IQ"}, {"import": 0, "export": 3112340, "id": "OM"}, {"import": 0, "export": 250523, "id": "SO"}, {"import": 0, "export": 44800, "id": "JO"}, {"import": 0, "export": 46400, "id": "LB"}, {"import": 0, "export": 330800, "id": "SA"}, {"import": 0, "export": 66698, "id": "NG"}, {"import": 0, "export": 167699, "id": "KW"}, {"import": 0, "export": 145471, "id": "KE"}, {"import": 0, "export": 177535, "id": "BH"}, {"import": 0, "export": 9850, "id": "DJ"}, {"import": 0, "export": 0, "id": "ZM"}, {"import": 0, "export": 6778, "id": "GE"}, {"import": 0, "export": 5200, "id": "RW"}, {"import": 0, "export": 9143, "id": "AM"}, {"import": 0, "export": 1384, "id": "ET"}, {"import": 0, "export": 14000, "id": "LR"}, {"import": 0, "export": 1152625, "id": "YE"}, {"import": 0, "export": 4412, "id": "SC"}, {"import": 0, "export": 8697, "id": "AF"}, {"import": 0, "export": 929, "id": "CD"}, {"import": 0, "export": 1147, "id": "MV"}, {"import": 0, "export": 95250, "id": "ML"}, {"import": 0, "export": 2650, "id": "MR"}, {"import": 0, "export": 0, "id": "MU"}, {"import": 0, "export": 0, "id": "ME"}, {"import": 0, "export": 0, "id": "MA"}, {"import": 0, "export": 0, "id": "MZ"}, {"import": 0, "export": 0, "id": "-"}, {"import": 0, "export": 0, "id": "MG"}, {"import": 0, "export": 0, "id": "MW"}, {"import": 0, "export": 0, "id": "GW"}, {"import": 0, "export": 8800, "id": "NZ"}, {"import": 0, "export": 0, "id": "NE"}, {"import": 0, "export": 3500, "id": "TG"}, {"import": 0, "export": 2751, "id": "TM"}, {"import": 0, "export": 12000, "id": "UG"}, {"import": 0, "export": 0, "id": "SL"}, {"import": 0, "export": 3650, "id": "SN"}, {"import": 0, "export": 0, "id": "RS"}, {"import": 0, "export": 0, "id": "ZA"}, {"import": 0, "export": 0, "id": "SD"}, {"import": 0, "export": 0, "id": "SE"}, {"import": 0, "export": 0, "id": "CH"}, {"import": 0, "export": 0, "id": "HR"}, {"import": 0, "export": 0, "id": "BJ"}, {"import": 0, "export": 0, "id": "GQ"}, {"import": 0, "export": 0, "id": "TD"}, {"import": 0, "export": 2800, "id": "KM"}, {"import": 0, "export": 0, "id": "CG"}, {"import": 0, "export": 0, "id": "AO"}, {"import": 0, "export": 320, "id": "AZ"}, {"import": 0, "export": 0, "id": "BN"}, {"import": 0, "export": 0, "id": "BG"}, {"import": 0, "export": 0, "id": "BI"}, {"import": 0, "export": 0, "id": "ER"}, {"import": 0, "export": 0, "id": "GN"}, {"import": 0, "export": 0, "id": "GM"}, {"import": 0, "export": 4904, "id": "PS"}, {"import": 0, "export": 25847, "id": "GH"}, {"import": 0, "export": 0, "id": "IE"}, {"import": 0, "export": 0, "id": "KG"}], "import": 78436017, "export": 12889129}, {"date": "2019-05-01", "list": [{"import": 32278963, "export": 173174, "id": "IN"}, {"import": 10641669, "export": 21770, "id": "PK"}, {"import": 4802495, "export": 0, "id": "VN"}, {"import": 1372392, "export": 0, "id": "TH"}, {"import": 0, "export": 0, "id": "UY"}, {"import": 1262965, "export": 218777, "id": "US"}, {"import": 212294, "export": 14242, "id": "AU"}, {"import": 0, "export": 7447, "id": "GR"}, {"import": 0, "export": 0, "id": "AR"}, {"import": 59017, "export": 0, "id": "LK"}, {"import": 155409, "export": 0, "id": "IT"}, {"import": 400848, "export": 0, "id": "CN"}, {"import": 0, "export": 0, "id": "RU"}, {"import": 28577, "export": 0, "id": "BD"}, {"import": 39448, "export": 0, "id": "PH"}, {"import": 7460, "export": 0, "id": "JP"}, {"import": 327, "export": 0, "id": "ES"}, {"import": 539, "export": 0, "id": "GB"}, {"import": 114, "export": 0, "id": "FR"}, {"import": 10648, "export": 0, "id": "KR"}, {"import": 0, "export": 0, "id": "BE"}, {"import": 8, "export": 30966, "id": "CA"}, {"import": 48388, "export": 0, "id": "PT"}, {"import": 26200, "export": 52131, "id": "TZ"}, {"import": 0, "export": 0, "id": "TR"}, {"import": 0, "export": 0, "id": "EG"}, {"import": 0, "export": 0, "id": "UZ"}, {"import": 0, "export": 0, "id": "BR"}, {"import": 0, "export": 0, "id": "MM"}, {"import": 0, "export": 0, "id": "KH"}, {"import": 0, "export": 0, "id": "DE"}, {"import": 0, "export": 0, "id": "TW"}, {"import": 0, "export": 0, "id": "NL"}, {"import": 0, "export": 0, "id": "HU"}, {"import": 0, "export": 0, "id": "ID"}, {"import": 37288, "export": 2089616, "id": "IR"}, {"import": 0, "export": 263881, "id": "IQ"}, {"import": 0, "export": 2877778, "id": "OM"}, {"import": 0, "export": 400745, "id": "SO"}, {"import": 0, "export": 200800, "id": "JO"}, {"import": 0, "export": 24000, "id": "LB"}, {"import": 0, "export": 112664, "id": "SA"}, {"import": 0, "export": 76716, "id": "NG"}, {"import": 0, "export": 126689, "id": "KW"}, {"import": 0, "export": 8755, "id": "KE"}, {"import": 0, "export": 40304, "id": "BH"}, {"import": 0, "export": 14581, "id": "DJ"}, {"import": 0, "export": 0, "id": "ZM"}, {"import": 0, "export": 1408, "id": "GE"}, {"import": 0, "export": 2286, "id": "RW"}, {"import": 0, "export": 21620, "id": "AM"}, {"import": 0, "export": 2067, "id": "ET"}, {"import": 0, "export": 0, "id": "LR"}, {"import": 0, "export": 342841, "id": "YE"}, {"import": 0, "export": 6360, "id": "SC"}, {"import": 0, "export": 0, "id": "AF"}, {"import": 0, "export": 401, "id": "CD"}, {"import": 0, "export": 2674, "id": "MV"}, {"import": 0, "export": 32500, "id": "ML"}, {"import": 0, "export": 2000, "id": "MR"}, {"import": 0, "export": 0, "id": "MU"}, {"import": 0, "export": 0, "id": "ME"}, {"import": 0, "export": 0, "id": "MA"}, {"import": 0, "export": 0, "id": "MZ"}, {"import": 0, "export": 0, "id": "-"}, {"import": 0, "export": 0, "id": "MG"}, {"import": 0, "export": 0, "id": "MW"}, {"import": 0, "export": 260520, "id": "GW"}, {"import": 0, "export": 0, "id": "NZ"}, {"import": 0, "export": 22000, "id": "NE"}, {"import": 0, "export": 1166, "id": "TG"}, {"import": 0, "export": 4500, "id": "TM"}, {"import": 0, "export": 2550, "id": "UG"}, {"import": 0, "export": 0, "id": "SL"}, {"import": 0, "export": 0, "id": "SN"}, {"import": 0, "export": 0, "id": "RS"}, {"import": 0, "export": 0, "id": "ZA"}, {"import": 0, "export": 0, "id": "SD"}, {"import": 0, "export": 0, "id": "SE"}, {"import": 0, "export": 0, "id": "CH"}, {"import": 0, "export": 0, "id": "HR"}, {"import": 0, "export": 24800, "id": "BJ"}, {"import": 0, "export": 0, "id": "GQ"}, {"import": 0, "export": 0, "id": "TD"}, {"import": 0, "export": 17996, "id": "KM"}, {"import": 0, "export": 0, "id": "CG"}, {"import": 0, "export": 0, "id": "AO"}, {"import": 0, "export": 1085, "id": "AZ"}, {"import": 0, "export": 0, "id": "BN"}, {"import": 0, "export": 0, "id": "BG"}, {"import": 0, "export": 0, "id": "BI"}, {"import": 0, "export": 20041, "id": "ER"}, {"import": 0, "export": 0, "id": "GN"}, {"import": 0, "export": 0, "id": "GM"}, {"import": 0, "export": 0, "id": "PS"}, {"import": 0, "export": 23334, "id": "GH"}, {"import": 0, "export": 0, "id": "IE"}, {"import": 0, "export": 0, "id": "KG"}], "import": 51385049, "export": 7547185}, {"date": "2019-06-01", "list": [{"import": 28258254, "export": 96302, "id": "IN"}, {"import": 7189222, "export": 147505, "id": "PK"}, {"import": 4040868, "export": 0, "id": "VN"}, {"import": 2180040, "export": 11501, "id": "TH"}, {"import": 0, "export": 0, "id": "UY"}, {"import": 678842, "export": 291819, "id": "US"}, {"import": 11615, "export": 0, "id": "AU"}, {"import": 0, "export": 20640, "id": "GR"}, {"import": 0, "export": 0, "id": "AR"}, {"import": 42013, "export": 0, "id": "LK"}, {"import": 65870, "export": 0, "id": "IT"}, {"import": 150000, "export": 0, "id": "CN"}, {"import": 50120, "export": 0, "id": "RU"}, {"import": 38260, "export": 0, "id": "BD"}, {"import": 0, "export": 0, "id": "PH"}, {"import": 12052, "export": 0, "id": "JP"}, {"import": 2430, "export": 0, "id": "ES"}, {"import": 2846, "export": 0, "id": "GB"}, {"import": 0, "export": 0, "id": "FR"}, {"import": 0, "export": 0, "id": "KR"}, {"import": 0, "export": 0, "id": "BE"}, {"import": 544, "export": 0, "id": "CA"}, {"import": 0, "export": 0, "id": "PT"}, {"import": 0, "export": 6674, "id": "TZ"}, {"import": 15000, "export": 0, "id": "TR"}, {"import": 0, "export": 0, "id": "EG"}, {"import": 0, "export": 0, "id": "UZ"}, {"import": 0, "export": 0, "id": "BR"}, {"import": 0, "export": 0, "id": "MM"}, {"import": 0, "export": 0, "id": "KH"}, {"import": 0, "export": 0, "id": "DE"}, {"import": 0, "export": 0, "id": "TW"}, {"import": 0, "export": 8035, "id": "NL"}, {"import": 0, "export": 0, "id": "HU"}, {"import": 0, "export": 0, "id": "ID"}, {"import": 0, "export": 1070347, "id": "IR"}, {"import": 250, "export": 140017, "id": "IQ"}, {"import": 0, "export": 1909608, "id": "OM"}, {"import": 0, "export": 82328, "id": "SO"}, {"import": 0, "export": 0, "id": "JO"}, {"import": 0, "export": 0, "id": "LB"}, {"import": 0, "export": 190750, "id": "SA"}, {"import": 0, "export": 70540, "id": "NG"}, {"import": 0, "export": 87776, "id": "KW"}, {"import": 0, "export": 266053, "id": "KE"}, {"import": 0, "export": 32346, "id": "BH"}, {"import": 0, "export": 1662, "id": "DJ"}, {"import": 0, "export": 7050, "id": "ZM"}, {"import": 0, "export": 2295, "id": "GE"}, {"import": 0, "export": 5040, "id": "RW"}, {"import": 0, "export": 2571, "id": "AM"}, {"import": 0, "export": 0, "id": "ET"}, {"import": 0, "export": 993, "id": "LR"}, {"import": 0, "export": 42700, "id": "YE"}, {"import": 0, "export": 0, "id": "SC"}, {"import": 0, "export": 1870, "id": "AF"}, {"import": 0, "export": 0, "id": "CD"}, {"import": 0, "export": 188, "id": "MV"}, {"import": 0, "export": 0, "id": "ML"}, {"import": 0, "export": 0, "id": "MR"}, {"import": 0, "export": 0, "id": "MU"}, {"import": 0, "export": 0, "id": "ME"}, {"import": 0, "export": 0, "id": "MA"}, {"import": 0, "export": 0, "id": "MZ"}, {"import": 0, "export": 0, "id": "-"}, {"import": 0, "export": 0, "id": "MG"}, {"import": 0, "export": 0, "id": "MW"}, {"import": 0, "export": 0, "id": "GW"}, {"import": 0, "export": 0, "id": "NZ"}, {"import": 0, "export": 0, "id": "NE"}, {"import": 0, "export": 0, "id": "TG"}, {"import": 0, "export": 0, "id": "TM"}, {"import": 0, "export": 33450, "id": "UG"}, {"import": 0, "export": 0, "id": "SL"}, {"import": 0, "export": 0, "id": "SN"}, {"import": 0, "export": 0, "id": "RS"}, {"import": 0, "export": 22750, "id": "ZA"}, {"import": 0, "export": 0, "id": "SD"}, {"import": 0, "export": 0, "id": "SE"}, {"import": 0, "export": 0, "id": "CH"}, {"import": 0, "export": 0, "id": "HR"}, {"import": 0, "export": 0, "id": "BJ"}, {"import": 0, "export": 0, "id": "GQ"}, {"import": 0, "export": 0, "id": "TD"}, {"import": 0, "export": 16510, "id": "KM"}, {"import": 0, "export": 0, "id": "CG"}, {"import": 0, "export": 0, "id": "AO"}, {"import": 0, "export": 0, "id": "AZ"}, {"import": 0, "export": 0, "id": "BN"}, {"import": 0, "export": 0, "id": "BG"}, {"import": 0, "export": 0, "id": "BI"}, {"import": 0, "export": 0, "id": "ER"}, {"import": 0, "export": 0, "id": "GN"}, {"import": 0, "export": 1000, "id": "GM"}, {"import": 0, "export": 0, "id": "PS"}, {"import": 0, "export": 21357, "id": "GH"}, {"import": 0, "export": 0, "id": "IE"}, {"import": 0, "export": 0, "id": "KG"}], "import": 42738226, "export": 4598607}, {"date": "2019-07-01", "list": [{"import": 33508108, "export": 400187, "id": "IN"}, {"import": 12651685, "export": 15951, "id": "PK"}, {"import": 3926995, "export": 0, "id": "VN"}, {"import": 1280323, "export": 0, "id": "TH"}, {"import": 0, "export": 0, "id": "UY"}, {"import": 588397, "export": 269686, "id": "US"}, {"import": 45569, "export": 0, "id": "AU"}, {"import": 0, "export": 0, "id": "GR"}, {"import": 0, "export": 0, "id": "AR"}, {"import": 85117, "export": 0, "id": "LK"}, {"import": 25059, "export": 2000, "id": "IT"}, {"import": 70414, "export": 0, "id": "CN"}, {"import": 0, "export": 10092, "id": "RU"}, {"import": 59517, "export": 0, "id": "BD"}, {"import": 0, "export": 0, "id": "PH"}, {"import": 1815, "export": 44000, "id": "JP"}, {"import": 6263, "export": 0, "id": "ES"}, {"import": 1435, "export": 0, "id": "GB"}, {"import": 0, "export": 0, "id": "FR"}, {"import": 10775, "export": 0, "id": "KR"}, {"import": 0, "export": 0, "id": "BE"}, {"import": 0, "export": 0, "id": "CA"}, {"import": 0, "export": 0, "id": "PT"}, {"import": 0, "export": 67341, "id": "TZ"}, {"import": 0, "export": 0, "id": "TR"}, {"import": 0, "export": 0, "id": "EG"}, {"import": 0, "export": 0, "id": "UZ"}, {"import": 50120, "export": 0, "id": "BR"}, {"import": 0, "export": 0, "id": "MM"}, {"import": 0, "export": 0, "id": "KH"}, {"import": 0, "export": 0, "id": "DE"}, {"import": 0, "export": 0, "id": "TW"}, {"import": 0, "export": 0, "id": "NL"}, {"import": 0, "export": 0, "id": "HU"}, {"import": 0, "export": 0, "id": "ID"}, {"import": 100, "export": 830360, "id": "IR"}, {"import": 0, "export": 0, "id": "IQ"}, {"import": 0, "export": 2223521, "id": "OM"}, {"import": 0, "export": 177293, "id": "SO"}, {"import": 0, "export": 110000, "id": "JO"}, {"import": 0, "export": 1000, "id": "LB"}, {"import": 0, "export": 189353, "id": "SA"}, {"import": 0, "export": 97500, "id": "NG"}, {"import": 0, "export": 66957, "id": "KW"}, {"import": 0, "export": 78715, "id": "KE"}, {"import": 0, "export": 42268, "id": "BH"}, {"import": 0, "export": 1121486, "id": "DJ"}, {"import": 0, "export": 3908, "id": "ZM"}, {"import": 0, "export": 2193, "id": "GE"}, {"import": 0, "export": 604, "id": "RW"}, {"import": 0, "export": 0, "id": "AM"}, {"import": 0, "export": 0, "id": "ET"}, {"import": 0, "export": 500, "id": "LR"}, {"import": 0, "export": 167041, "id": "YE"}, {"import": 0, "export": 3463, "id": "SC"}, {"import": 0, "export": 0, "id": "AF"}, {"import": 0, "export": 0, "id": "CD"}, {"import": 0, "export": 165, "id": "MV"}, {"import": 0, "export": 0, "id": "ML"}, {"import": 0, "export": 0, "id": "MR"}, {"import": 0, "export": 0, "id": "MU"}, {"import": 0, "export": 0, "id": "ME"}, {"import": 0, "export": 0, "id": "MA"}, {"import": 0, "export": 0, "id": "MZ"}, {"import": 0, "export": 0, "id": "-"}, {"import": 0, "export": 0, "id": "MG"}, {"import": 0, "export": 0, "id": "MW"}, {"import": 0, "export": 0, "id": "GW"}, {"import": 0, "export": 0, "id": "NZ"}, {"import": 0, "export": 0, "id": "NE"}, {"import": 0, "export": 0, "id": "TG"}, {"import": 0, "export": 3400, "id": "TM"}, {"import": 0, "export": 36992, "id": "UG"}, {"import": 0, "export": 604, "id": "SL"}, {"import": 0, "export": 260728, "id": "SN"}, {"import": 0, "export": 0, "id": "RS"}, {"import": 0, "export": 0, "id": "ZA"}, {"import": 0, "export": 19881, "id": "SD"}, {"import": 0, "export": 47480, "id": "SE"}, {"import": 0, "export": 0, "id": "CH"}, {"import": 0, "export": 0, "id": "HR"}, {"import": 0, "export": 0, "id": "BJ"}, {"import": 0, "export": 0, "id": "GQ"}, {"import": 0, "export": 0, "id": "TD"}, {"import": 0, "export": 17860, "id": "KM"}, {"import": 0, "export": 0, "id": "CG"}, {"import": 0, "export": 0, "id": "AO"}, {"import": 0, "export": 1216, "id": "AZ"}, {"import": 0, "export": 0, "id": "BN"}, {"import": 0, "export": 0, "id": "BG"}, {"import": 0, "export": 373, "id": "BI"}, {"import": 0, "export": 15000, "id": "ER"}, {"import": 0, "export": 12150, "id": "GN"}, {"import": 0, "export": 0, "id": "GM"}, {"import": 0, "export": 0, "id": "PS"}, {"import": 0, "export": 87446, "id": "GH"}, {"import": 0, "export": 0, "id": "IE"}, {"import": 0, "export": 0, "id": "KG"}], "import": 52311692, "export": 6428714}, {"date": "2019-08-01", "list": [{"import": 27091979, "export": 107032, "id": "IN"}, {"import": 7081753, "export": 15302, "id": "PK"}, {"import": 2958050, "export": 0, "id": "VN"}, {"import": 4448501, "export": 0, "id": "TH"}, {"import": 0, "export": 0, "id": "UY"}, {"import": 960573, "export": 229131, "id": "US"}, {"import": 21294, "export": 400, "id": "AU"}, {"import": 0, "export": 4000, "id": "GR"}, {"import": 0, "export": 0, "id": "AR"}, {"import": 103930, "export": 0, "id": "LK"}, {"import": 16692, "export": 265, "id": "IT"}, {"import": 0, "export": 0, "id": "CN"}, {"import": 0, "export": 0, "id": "RU"}, {"import": 0, "export": 0, "id": "BD"}, {"import": 19691, "export": 0, "id": "PH"}, {"import": 3550, "export": 0, "id": "JP"}, {"import": 0, "export": 0, "id": "ES"}, {"import": 447, "export": 0, "id": "GB"}, {"import": 1098, "export": 0, "id": "FR"}, {"import": 3367, "export": 3180, "id": "KR"}, {"import": 0, "export": 0, "id": "BE"}, {"import": 0, "export": 2000, "id": "CA"}, {"import": 0, "export": 0, "id": "PT"}, {"import": 0, "export": 7170, "id": "TZ"}, {"import": 600, "export": 0, "id": "TR"}, {"import": 0, "export": 11000, "id": "EG"}, {"import": 0, "export": 0, "id": "UZ"}, {"import": 0, "export": 0, "id": "BR"}, {"import": 250650, "export": 0, "id": "MM"}, {"import": 0, "export": 0, "id": "KH"}, {"import": 0, "export": 20960, "id": "DE"}, {"import": 0, "export": 0, "id": "TW"}, {"import": 0, "export": 0, "id": "NL"}, {"import": 0, "export": 0, "id": "HU"}, {"import": 0, "export": 0, "id": "ID"}, {"import": 0, "export": 922064, "id": "IR"}, {"import": 0, "export": 2648, "id": "IQ"}, {"import": 0, "export": 2638195, "id": "OM"}, {"import": 0, "export": 25200, "id": "SO"}, {"import": 0, "export": 0, "id": "JO"}, {"import": 0, "export": 16232, "id": "LB"}, {"import": 0, "export": 420221, "id": "SA"}, {"import": 0, "export": 18120, "id": "NG"}, {"import": 0, "export": 120889, "id": "KW"}, {"import": 0, "export": 39518, "id": "KE"}, {"import": 0, "export": 40574, "id": "BH"}, {"import": 0, "export": 4575, "id": "DJ"}, {"import": 0, "export": 0, "id": "ZM"}, {"import": 0, "export": 25320, "id": "GE"}, {"import": 0, "export": 7360, "id": "RW"}, {"import": 0, "export": 6056, "id": "AM"}, {"import": 0, "export": 2698, "id": "ET"}, {"import": 0, "export": 0, "id": "LR"}, {"import": 0, "export": 736550, "id": "YE"}, {"import": 0, "export": 1861, "id": "SC"}, {"import": 0, "export": 0, "id": "AF"}, {"import": 0, "export": 0, "id": "CD"}, {"import": 0, "export": 5254, "id": "MV"}, {"import": 0, "export": 0, "id": "ML"}, {"import": 0, "export": 0, "id": "MR"}, {"import": 0, "export": 24132, "id": "MU"}, {"import": 0, "export": 0, "id": "ME"}, {"import": 0, "export": 0, "id": "MA"}, {"import": 0, "export": 0, "id": "MZ"}, {"import": 0, "export": 0, "id": "-"}, {"import": 0, "export": 0, "id": "MG"}, {"import": 0, "export": 0, "id": "MW"}, {"import": 0, "export": 0, "id": "GW"}, {"import": 0, "export": 0, "id": "NZ"}, {"import": 0, "export": 0, "id": "NE"}, {"import": 0, "export": 0, "id": "TG"}, {"import": 0, "export": 7400, "id": "TM"}, {"import": 0, "export": 6400, "id": "UG"}, {"import": 0, "export": 0, "id": "SL"}, {"import": 0, "export": 5089, "id": "SN"}, {"import": 0, "export": 0, "id": "RS"}, {"import": 0, "export": 0, "id": "ZA"}, {"import": 0, "export": 703500, "id": "SD"}, {"import": 0, "export": 0, "id": "SE"}, {"import": 0, "export": 0, "id": "CH"}, {"import": 0, "export": 0, "id": "HR"}, {"import": 0, "export": 0, "id": "BJ"}, {"import": 0, "export": 0, "id": "GQ"}, {"import": 0, "export": 13350, "id": "TD"}, {"import": 0, "export": 6600, "id": "KM"}, {"import": 0, "export": 0, "id": "CG"}, {"import": 0, "export": 0, "id": "AO"}, {"import": 0, "export": 0, "id": "AZ"}, {"import": 0, "export": 0, "id": "BN"}, {"import": 0, "export": 0, "id": "BG"}, {"import": 0, "export": 0, "id": "BI"}, {"import": 0, "export": 2400, "id": "ER"}, {"import": 0, "export": 0, "id": "GN"}, {"import": 0, "export": 0, "id": "GM"}, {"import": 0, "export": 0, "id": "PS"}, {"import": 0, "export": 32600, "id": "GH"}, {"import": 0, "export": 0, "id": "IE"}, {"import": 0, "export": 0, "id": "KG"}], "import": 42962175, "export": 6235246}, {"date": "2019-09-01", "list": [{"import": 36747153, "export": 85732, "id": "IN"}, {"import": 6436635, "export": 16081, "id": "PK"}, {"import": 4727579, "export": 0, "id": "VN"}, {"import": 1193328, "export": 500, "id": "TH"}, {"import": 0, "export": 0, "id": "UY"}, {"import": 683499, "export": 357195, "id": "US"}, {"import": 271152, "export": 5059, "id": "AU"}, {"import": 0, "export": 11120, "id": "GR"}, {"import": 0, "export": 0, "id": "AR"}, {"import": 51066, "export": 0, "id": "LK"}, {"import": 17343, "export": 0, "id": "IT"}, {"import": 75580, "export": 0, "id": "CN"}, {"import": 0, "export": 0, "id": "RU"}, {"import": 0, "export": 0, "id": "BD"}, {"import": 0, "export": 0, "id": "PH"}, {"import": 2268, "export": 0, "id": "JP"}, {"import": 8420, "export": 0, "id": "ES"}, {"import": 4519, "export": 0, "id": "GB"}, {"import": 0, "export": 0, "id": "FR"}, {"import": 6531, "export": 4000, "id": "KR"}, {"import": 0, "export": 0, "id": "BE"}, {"import": 612, "export": 0, "id": "CA"}, {"import": 0, "export": 0, "id": "PT"}, {"import": 0, "export": 9728, "id": "TZ"}, {"import": 0, "export": 60150, "id": "TR"}, {"import": 0, "export": 742, "id": "EG"}, {"import": 0, "export": 0, "id": "UZ"}, {"import": 0, "export": 0, "id": "BR"}, {"import": 0, "export": 0, "id": "MM"}, {"import": 0, "export": 0, "id": "KH"}, {"import": 0, "export": 0, "id": "DE"}, {"import": 0, "export": 0, "id": "TW"}, {"import": 0, "export": 0, "id": "NL"}, {"import": 26130, "export": 0, "id": "HU"}, {"import": 0, "export": 0, "id": "ID"}, {"import": 0, "export": 1850904, "id": "IR"}, {"import": 0, "export": 744510, "id": "IQ"}, {"import": 0, "export": 2266333, "id": "OM"}, {"import": 0, "export": 189774, "id": "SO"}, {"import": 0, "export": 0, "id": "JO"}, {"import": 0, "export": 6342, "id": "LB"}, {"import": 0, "export": 25560, "id": "SA"}, {"import": 0, "export": 48099, "id": "NG"}, {"import": 0, "export": 156423, "id": "KW"}, {"import": 0, "export": 0, "id": "KE"}, {"import": 0, "export": 59576, "id": "BH"}, {"import": 0, "export": 4867, "id": "DJ"}, {"import": 0, "export": 5959, "id": "ZM"}, {"import": 0, "export": 4550, "id": "GE"}, {"import": 0, "export": 28800, "id": "RW"}, {"import": 0, "export": 50573, "id": "AM"}, {"import": 0, "export": 0, "id": "ET"}, {"import": 0, "export": 6575, "id": "LR"}, {"import": 0, "export": 51447, "id": "YE"}, {"import": 0, "export": 4863, "id": "SC"}, {"import": 0, "export": 1407, "id": "AF"}, {"import": 0, "export": 0, "id": "CD"}, {"import": 0, "export": 214, "id": "MV"}, {"import": 0, "export": 0, "id": "ML"}, {"import": 0, "export": 0, "id": "MR"}, {"import": 0, "export": 0, "id": "MU"}, {"import": 0, "export": 0, "id": "ME"}, {"import": 0, "export": 2548, "id": "MA"}, {"import": 0, "export": 0, "id": "MZ"}, {"import": 0, "export": 0, "id": "-"}, {"import": 0, "export": 0, "id": "MG"}, {"import": 0, "export": 0, "id": "MW"}, {"import": 0, "export": 0, "id": "GW"}, {"import": 0, "export": 0, "id": "NZ"}, {"import": 0, "export": 1950, "id": "NE"}, {"import": 0, "export": 3900, "id": "TG"}, {"import": 0, "export": 2020, "id": "TM"}, {"import": 0, "export": 28352, "id": "UG"}, {"import": 0, "export": 0, "id": "SL"}, {"import": 0, "export": 4571, "id": "SN"}, {"import": 0, "export": 0, "id": "RS"}, {"import": 0, "export": 0, "id": "ZA"}, {"import": 0, "export": 2260, "id": "SD"}, {"import": 0, "export": 0, "id": "SE"}, {"import": 0, "export": 0, "id": "CH"}, {"import": 0, "export": 0, "id": "HR"}, {"import": 0, "export": 0, "id": "BJ"}, {"import": 0, "export": 0, "id": "GQ"}, {"import": 0, "export": 0, "id": "TD"}, {"import": 0, "export": 0, "id": "KM"}, {"import": 0, "export": 0, "id": "CG"}, {"import": 0, "export": 0, "id": "AO"}, {"import": 0, "export": 3417, "id": "AZ"}, {"import": 0, "export": 0, "id": "BN"}, {"import": 0, "export": 0, "id": "BG"}, {"import": 0, "export": 0, "id": "BI"}, {"import": 0, "export": 0, "id": "ER"}, {"import": 0, "export": 0, "id": "GN"}, {"import": 0, "export": 0, "id": "GM"}, {"import": 0, "export": 0, "id": "PS"}, {"import": 0, "export": 750, "id": "GH"}, {"import": 0, "export": 0, "id": "IE"}, {"import": 0, "export": 0, "id": "KG"}], "import": 50251815, "export": 6106851}, {"date": "2019-10-01", "list": [{"import": 26753203, "export": 149146, "id": "IN"}, {"import": 7180388, "export": 43273, "id": "PK"}, {"import": 5508406, "export": 0, "id": "VN"}, {"import": 1989499, "export": 2300, "id": "TH"}, {"import": 523779, "export": 0, "id": "UY"}, {"import": 631606, "export": 293555, "id": "US"}, {"import": 159042, "export": 0, "id": "AU"}, {"import": 0, "export": 11856, "id": "GR"}, {"import": 3380, "export": 0, "id": "AR"}, {"import": 76894, "export": 3965, "id": "LK"}, {"import": 27123, "export": 0, "id": "IT"}, {"import": 0, "export": 0, "id": "CN"}, {"import": 0, "export": 0, "id": "RU"}, {"import": 6500, "export": 0, "id": "BD"}, {"import": 14141, "export": 0, "id": "PH"}, {"import": 5102, "export": 0, "id": "JP"}, {"import": 389, "export": 0, "id": "ES"}, {"import": 2512, "export": 0, "id": "GB"}, {"import": 65, "export": 0, "id": "FR"}, {"import": 21378, "export": 0, "id": "KR"}, {"import": 0, "export": 0, "id": "BE"}, {"import": 0, "export": 0, "id": "CA"}, {"import": 0, "export": 0, "id": "PT"}, {"import": 0, "export": 1046, "id": "TZ"}, {"import": 0, "export": 0, "id": "TR"}, {"import": 0, "export": 0, "id": "EG"}, {"import": 0, "export": 0, "id": "UZ"}, {"import": 0, "export": 0, "id": "BR"}, {"import": 0, "export": 0, "id": "MM"}, {"import": 0, "export": 0, "id": "KH"}, {"import": 0, "export": 0, "id": "DE"}, {"import": 0, "export": 0, "id": "TW"}, {"import": 0, "export": 11200, "id": "NL"}, {"import": 0, "export": 0, "id": "HU"}, {"import": 0, "export": 0, "id": "ID"}, {"import": 0, "export": 1007074, "id": "IR"}, {"import": 0, "export": 133847, "id": "IQ"}, {"import": 0, "export": 2068850, "id": "OM"}, {"import": 0, "export": 465311, "id": "SO"}, {"import": 0, "export": 0, "id": "JO"}, {"import": 0, "export": 3675, "id": "LB"}, {"import": 0, "export": 236110, "id": "SA"}, {"import": 0, "export": 229135, "id": "NG"}, {"import": 0, "export": 48222, "id": "KW"}, {"import": 0, "export": 137216, "id": "KE"}, {"import": 0, "export": 141556, "id": "BH"}, {"import": 0, "export": 2960, "id": "DJ"}, {"import": 0, "export": 5161, "id": "ZM"}, {"import": 0, "export": 0, "id": "GE"}, {"import": 0, "export": 23641, "id": "RW"}, {"import": 0, "export": 3800, "id": "AM"}, {"import": 0, "export": 1971, "id": "ET"}, {"import": 0, "export": 0, "id": "LR"}, {"import": 0, "export": 3150, "id": "YE"}, {"import": 0, "export": 27568, "id": "SC"}, {"import": 0, "export": 4240, "id": "AF"}, {"import": 0, "export": 4897, "id": "CD"}, {"import": 0, "export": 814, "id": "MV"}, {"import": 0, "export": 0, "id": "ML"}, {"import": 0, "export": 0, "id": "MR"}, {"import": 0, "export": 0, "id": "MU"}, {"import": 0, "export": 0, "id": "ME"}, {"import": 0, "export": 0, "id": "MA"}, {"import": 0, "export": 6567, "id": "MZ"}, {"import": 0, "export": 0, "id": "-"}, {"import": 0, "export": 0, "id": "MG"}, {"import": 0, "export": 0, "id": "MW"}, {"import": 0, "export": 0, "id": "GW"}, {"import": 0, "export": 0, "id": "NZ"}, {"import": 0, "export": 0, "id": "NE"}, {"import": 0, "export": 0, "id": "TG"}, {"import": 0, "export": 0, "id": "TM"}, {"import": 0, "export": 47102, "id": "UG"}, {"import": 0, "export": 2050, "id": "SL"}, {"import": 0, "export": 12500, "id": "SN"}, {"import": 0, "export": 0, "id": "RS"}, {"import": 0, "export": 24000, "id": "ZA"}, {"import": 0, "export": 81394, "id": "SD"}, {"import": 0, "export": 0, "id": "SE"}, {"import": 0, "export": 0, "id": "CH"}, {"import": 0, "export": 0, "id": "HR"}, {"import": 0, "export": 0, "id": "BJ"}, {"import": 0, "export": 0, "id": "GQ"}, {"import": 0, "export": 400, "id": "TD"}, {"import": 0, "export": 0, "id": "KM"}, {"import": 0, "export": 0, "id": "CG"}, {"import": 0, "export": 0, "id": "AO"}, {"import": 0, "export": 0, "id": "AZ"}, {"import": 0, "export": 0, "id": "BN"}, {"import": 0, "export": 2500, "id": "BG"}, {"import": 0, "export": 842, "id": "BI"}, {"import": 0, "export": 15600, "id": "ER"}, {"import": 0, "export": 0, "id": "GN"}, {"import": 0, "export": 1515, "id": "GM"}, {"import": 0, "export": 0, "id": "PS"}, {"import": 0, "export": 86750, "id": "GH"}, {"import": 0, "export": 0, "id": "IE"}, {"import": 0, "export": 23138, "id": "KG"}], "import": 42903407, "export": 5370657}, {"date": "2019-11-01", "list": [{"import": 23881606, "export": 104057, "id": "IN"}, {"import": 7022492, "export": 10673, "id": "PK"}, {"import": 3950083, "export": 0, "id": "VN"}, {"import": 3565330, "export": 300, "id": "TH"}, {"import": 1029252, "export": 0, "id": "UY"}, {"import": 890572, "export": 250808, "id": "US"}, {"import": 0, "export": 0, "id": "AU"}, {"import": 149160, "export": 0, "id": "GR"}, {"import": 675, "export": 0, "id": "AR"}, {"import": 110059, "export": 61, "id": "LK"}, {"import": 32792, "export": 0, "id": "IT"}, {"import": 0, "export": 0, "id": "CN"}, {"import": 0, "export": 0, "id": "RU"}, {"import": 186961, "export": 0, "id": "BD"}, {"import": 19399, "export": 0, "id": "PH"}, {"import": 100, "export": 0, "id": "JP"}, {"import": 8630, "export": 0, "id": "ES"}, {"import": 5111, "export": 0, "id": "GB"}, {"import": 408, "export": 0, "id": "FR"}, {"import": 1100, "export": 0, "id": "KR"}, {"import": 143, "export": 0, "id": "BE"}, {"import": 2248, "export": 0, "id": "CA"}, {"import": 0, "export": 0, "id": "PT"}, {"import": 0, "export": 12336, "id": "TZ"}, {"import": 49440, "export": 0, "id": "TR"}, {"import": 0, "export": 0, "id": "EG"}, {"import": 0, "export": 0, "id": "UZ"}, {"import": 122, "export": 0, "id": "BR"}, {"import": 0, "export": 0, "id": "MM"}, {"import": 0, "export": 0, "id": "KH"}, {"import": 275, "export": 0, "id": "DE"}, {"import": 534, "export": 0, "id": "TW"}, {"import": 429, "export": 0, "id": "NL"}, {"import": 0, "export": 0, "id": "HU"}, {"import": 0, "export": 0, "id": "ID"}, {"import": 0, "export": 3655402, "id": "IR"}, {"import": 0, "export": 72280, "id": "IQ"}, {"import": 0, "export": 1735552, "id": "OM"}, {"import": 0, "export": 416780, "id": "SO"}, {"import": 0, "export": 0, "id": "JO"}, {"import": 0, "export": 2200, "id": "LB"}, {"import": 0, "export": 207544, "id": "SA"}, {"import": 0, "export": 69996, "id": "NG"}, {"import": 0, "export": 50423, "id": "KW"}, {"import": 0, "export": 23088, "id": "KE"}, {"import": 0, "export": 59432, "id": "BH"}, {"import": 0, "export": 4489, "id": "DJ"}, {"import": 0, "export": 0, "id": "ZM"}, {"import": 0, "export": 0, "id": "GE"}, {"import": 0, "export": 8000, "id": "RW"}, {"import": 0, "export": 6593, "id": "AM"}, {"import": 0, "export": 4996, "id": "ET"}, {"import": 0, "export": 1384, "id": "LR"}, {"import": 0, "export": 78470, "id": "YE"}, {"import": 0, "export": 7461, "id": "SC"}, {"import": 0, "export": 4998, "id": "AF"}, {"import": 0, "export": 0, "id": "CD"}, {"import": 0, "export": 2405, "id": "MV"}, {"import": 0, "export": 0, "id": "ML"}, {"import": 0, "export": 0, "id": "MR"}, {"import": 0, "export": 0, "id": "MU"}, {"import": 0, "export": 0, "id": "ME"}, {"import": 0, "export": 0, "id": "MA"}, {"import": 0, "export": 0, "id": "MZ"}, {"import": 0, "export": 0, "id": "-"}, {"import": 0, "export": 0, "id": "MG"}, {"import": 0, "export": 0, "id": "MW"}, {"import": 0, "export": 0, "id": "GW"}, {"import": 0, "export": 0, "id": "NZ"}, {"import": 0, "export": 500, "id": "NE"}, {"import": 0, "export": 0, "id": "TG"}, {"import": 0, "export": 0, "id": "TM"}, {"import": 0, "export": 0, "id": "UG"}, {"import": 0, "export": 22000, "id": "SL"}, {"import": 0, "export": 8286, "id": "SN"}, {"import": 0, "export": 0, "id": "RS"}, {"import": 0, "export": 0, "id": "ZA"}, {"import": 0, "export": 0, "id": "SD"}, {"import": 0, "export": 0, "id": "SE"}, {"import": 0, "export": 0, "id": "CH"}, {"import": 0, "export": 0, "id": "HR"}, {"import": 0, "export": 0, "id": "BJ"}, {"import": 0, "export": 0, "id": "GQ"}, {"import": 0, "export": 0, "id": "TD"}, {"import": 0, "export": 1650, "id": "KM"}, {"import": 0, "export": 0, "id": "CG"}, {"import": 0, "export": 1000, "id": "AO"}, {"import": 0, "export": 0, "id": "AZ"}, {"import": 0, "export": 0, "id": "BN"}, {"import": 0, "export": 0, "id": "BG"}, {"import": 0, "export": 0, "id": "BI"}, {"import": 0, "export": 960, "id": "ER"}, {"import": 0, "export": 26000, "id": "GN"}, {"import": 0, "export": 0, "id": "GM"}, {"import": 0, "export": 0, "id": "PS"}, {"import": 0, "export": 18000, "id": "GH"}, {"import": 0, "export": 0, "id": "IE"}, {"import": 0, "export": 23138, "id": "KG"}], "import": 40906921, "export": 6891862}, {"date": "2019-12-01", "list": [{"import": 45717260, "export": 334643, "id": "IN"}, {"import": 7165975, "export": 17772, "id": "PK"}, {"import": 3883075, "export": 0, "id": "VN"}, {"import": 1788318, "export": 2275, "id": "TH"}, {"import": 981923, "export": 0, "id": "UY"}, {"import": 251437, "export": 168144, "id": "US"}, {"import": 156030, "export": 0, "id": "AU"}, {"import": 125100, "export": 13175, "id": "GR"}, {"import": 100320, "export": 0, "id": "AR"}, {"import": 52478, "export": 21900, "id": "LK"}, {"import": 52363, "export": 0, "id": "IT"}, {"import": 50130, "export": 0, "id": "CN"}, {"import": 50120, "export": 0, "id": "RU"}, {"import": 24200, "export": 0, "id": "BD"}, {"import": 17080, "export": 0, "id": "PH"}, {"import": 10385, "export": 0, "id": "JP"}, {"import": 4096, "export": 0, "id": "ES"}, {"import": 3809, "export": 241495, "id": "GB"}, {"import": 2860, "export": 0, "id": "FR"}, {"import": 2343, "export": 6030, "id": "KR"}, {"import": 842, "export": 0, "id": "BE"}, {"import": 812, "export": 0, "id": "CA"}, {"import": 0, "export": 0, "id": "PT"}, {"import": 0, "export": 0, "id": "TZ"}, {"import": 0, "export": 0, "id": "TR"}, {"import": 0, "export": 0, "id": "EG"}, {"import": 0, "export": 0, "id": "UZ"}, {"import": 0, "export": 0, "id": "BR"}, {"import": 0, "export": 0, "id": "MM"}, {"import": 0, "export": 0, "id": "KH"}, {"import": 0, "export": 0, "id": "DE"}, {"import": 0, "export": 0, "id": "TW"}, {"import": 0, "export": 0, "id": "NL"}, {"import": 0, "export": 0, "id": "HU"}, {"import": 0, "export": 0, "id": "ID"}, {"import": 0, "export": 1540245, "id": "IR"}, {"import": 0, "export": 5873, "id": "IQ"}, {"import": 0, "export": 2414033, "id": "OM"}, {"import": 0, "export": 386090, "id": "SO"}, {"import": 0, "export": 302886, "id": "JO"}, {"import": 0, "export": 155540, "id": "LB"}, {"import": 0, "export": 153589, "id": "SA"}, {"import": 0, "export": 147641, "id": "NG"}, {"import": 0, "export": 124774, "id": "KW"}, {"import": 0, "export": 118980, "id": "KE"}, {"import": 0, "export": 88000, "id": "BH"}, {"import": 0, "export": 8730, "id": "DJ"}, {"import": 0, "export": 7240, "id": "ZM"}, {"import": 0, "export": 7057, "id": "GE"}, {"import": 0, "export": 6784, "id": "RW"}, {"import": 0, "export": 5313, "id": "AM"}, {"import": 0, "export": 5232, "id": "ET"}, {"import": 0, "export": 5186, "id": "LR"}, {"import": 0, "export": 4790, "id": "YE"}, {"import": 0, "export": 3954, "id": "SC"}, {"import": 0, "export": 1410, "id": "AF"}, {"import": 0, "export": 1323, "id": "CD"}, {"import": 0, "export": 339, "id": "MV"}, {"import": 0, "export": 0, "id": "ML"}, {"import": 0, "export": 0, "id": "MR"}, {"import": 0, "export": 0, "id": "MU"}, {"import": 0, "export": 0, "id": "ME"}, {"import": 0, "export": 0, "id": "MA"}, {"import": 0, "export": 0, "id": "MZ"}, {"import": 0, "export": 0, "id": "-"}, {"import": 0, "export": 0, "id": "MG"}, {"import": 0, "export": 0, "id": "MW"}, {"import": 0, "export": 0, "id": "GW"}, {"import": 0, "export": 0, "id": "NZ"}, {"import": 0, "export": 0, "id": "NE"}, {"import": 0, "export": 0, "id": "TG"}, {"import": 0, "export": 0, "id": "TM"}, {"import": 0, "export": 0, "id": "UG"}, {"import": 0, "export": 0, "id": "SL"}, {"import": 0, "export": 0, "id": "SN"}, {"import": 0, "export": 0, "id": "RS"}, {"import": 0, "export": 0, "id": "ZA"}, {"import": 0, "export": 0, "id": "SD"}, {"import": 0, "export": 0, "id": "SE"}, {"import": 0, "export": 0, "id": "CH"}, {"import": 0, "export": 0, "id": "HR"}, {"import": 0, "export": 0, "id": "BJ"}, {"import": 0, "export": 0, "id": "GQ"}, {"import": 0, "export": 0, "id": "TD"}, {"import": 0, "export": 0, "id": "KM"}, {"import": 0, "export": 0, "id": "CG"}, {"import": 0, "export": 0, "id": "AO"}, {"import": 0, "export": 0, "id": "AZ"}, {"import": 0, "export": 0, "id": "BN"}, {"import": 0, "export": 0, "id": "BG"}, {"import": 0, "export": 0, "id": "BI"}, {"import": 0, "export": 0, "id": "ER"}, {"import": 0, "export": 0, "id": "GN"}, {"import": 0, "export": 0, "id": "GM"}, {"import": 0, "export": 0, "id": "PS"}, {"import": 0, "export": 0, "id": "GH"}, {"import": 0, "export": 0, "id": "IE"}, {"import": 0, "export": 0, "id": "KG"}], "import": 60440956, "export": 6300443}]