[{"date": "2018-10-01", "list": [{"import": 0, "export": 0, "id": "AU"}, {"import": 37260, "export": 0, "id": "IN"}, {"import": 0, "export": 0, "id": "US"}, {"import": 0, "export": 0, "id": "-"}], "import": 37260, "export": 0}, {"date": "2018-11-01", "list": [{"import": 0, "export": 0, "id": "AU"}, {"import": 0, "export": 0, "id": "IN"}, {"import": 0, "export": 0, "id": "US"}, {"import": 0, "export": 0, "id": "-"}], "import": 0, "export": 0}, {"date": "2018-12-01", "list": [{"import": 0, "export": 0, "id": "AU"}, {"import": 0, "export": 0, "id": "IN"}, {"import": 0, "export": 0, "id": "US"}, {"import": 0, "export": 0, "id": "-"}], "import": 0, "export": 0}, {"date": "2019-01-01", "list": [{"import": 0, "export": 0, "id": "AU"}, {"import": 0, "export": 0, "id": "IN"}, {"import": 0, "export": 0, "id": "US"}, {"import": 0, "export": 0, "id": "-"}], "import": 0, "export": 0}, {"date": "2019-02-01", "list": [{"import": 0, "export": 0, "id": "AU"}, {"import": 0, "export": 0, "id": "IN"}, {"import": 18630, "export": 0, "id": "US"}, {"import": 0, "export": 0, "id": "-"}], "import": 18630, "export": 0}, {"date": "2019-03-01", "list": [{"import": 0, "export": 0, "id": "AU"}, {"import": 0, "export": 0, "id": "IN"}, {"import": 0, "export": 0, "id": "US"}, {"import": 0, "export": 0, "id": "-"}], "import": 0, "export": 0}, {"date": "2019-04-01", "list": [{"import": 0, "export": 0, "id": "AU"}, {"import": 0, "export": 0, "id": "IN"}, {"import": 0, "export": 0, "id": "US"}, {"import": 0, "export": 0, "id": "-"}], "import": 0, "export": 0}, {"date": "2019-05-01", "list": [{"import": 0, "export": 0, "id": "AU"}, {"import": 20404, "export": 0, "id": "IN"}, {"import": 0, "export": 0, "id": "US"}, {"import": 0, "export": 0, "id": "-"}], "import": 20404, "export": 0}, {"date": "2019-06-01", "list": [{"import": 0, "export": 0, "id": "AU"}, {"import": 0, "export": 0, "id": "IN"}, {"import": 0, "export": 0, "id": "US"}, {"import": 0, "export": 0, "id": "-"}], "import": 0, "export": 0}, {"date": "2019-07-01", "list": [{"import": 127, "export": 0, "id": "AU"}, {"import": 0, "export": 0, "id": "IN"}, {"import": 0, "export": 0, "id": "US"}, {"import": 0, "export": 0, "id": "-"}], "import": 127, "export": 0}, {"date": "2019-08-01", "list": [{"import": 0, "export": 0, "id": "AU"}, {"import": 0, "export": 0, "id": "IN"}, {"import": 0, "export": 0, "id": "US"}, {"import": 0, "export": 0, "id": "-"}], "import": 0, "export": 0}, {"date": "2019-09-01", "list": [{"import": 213, "export": 260, "id": "AU"}, {"import": 0, "export": 0, "id": "IN"}, {"import": 0, "export": 0, "id": "US"}, {"import": 0, "export": 0, "id": "-"}], "import": 213, "export": 260}, {"date": "2019-10-01", "list": [{"import": 0, "export": 0, "id": "AU"}, {"import": 0, "export": 0, "id": "IN"}, {"import": 0, "export": 0, "id": "US"}, {"import": 0, "export": 0, "id": "-"}], "import": 0, "export": 0}, {"date": "2019-11-01", "list": [{"import": 0, "export": 0, "id": "AU"}, {"import": 19020, "export": 0, "id": "IN"}, {"import": 0, "export": 0, "id": "US"}, {"import": 0, "export": 0, "id": "-"}], "import": 19020, "export": 0}, {"date": "2019-12-01", "list": [{"import": 0, "export": 0, "id": "AU"}, {"import": 0, "export": 0, "id": "IN"}, {"import": 0, "export": 0, "id": "US"}, {"import": 0, "export": 1784, "id": "-"}], "import": 0, "export": 1784}, {"date": "2020-01-01", "list": [{"import": 0, "export": 0, "id": "AU"}, {"import": 0, "export": 0, "id": "IN"}, {"import": 0, "export": 0, "id": "US"}, {"import": 0, "export": 0, "id": "-"}], "import": 0, "export": 0}, {"date": "2020-02-01", "list": [{"import": 0, "export": 0, "id": "AU"}, {"import": 0, "export": 0, "id": "IN"}, {"import": 0, "export": 0, "id": "US"}, {"import": 0, "export": 0, "id": "-"}], "import": 0, "export": 0}, {"date": "2020-03-01", "list": [{"import": 0, "export": 0, "id": "AU"}, {"import": 75, "export": 0, "id": "IN"}, {"import": 0, "export": 0, "id": "US"}, {"import": 0, "export": 0, "id": "-"}], "import": 75, "export": 0}]