[{"date": "2019-01-01", "list": [{"import": 10820, "export": 52, "id": "DE"}, {"import": 0, "export": 751900, "id": "IT"}, {"import": 15840, "export": 0, "id": "PT"}, {"import": 49206, "export": 236313, "id": "ES"}, {"import": 1923, "export": 80500, "id": "BE"}, {"import": 0, "export": 0, "id": "BR"}, {"import": 29990, "export": 0, "id": "KH"}, {"import": 0, "export": 0, "id": "BD"}, {"import": 0, "export": 0, "id": "JP"}, {"import": 2000, "export": 96120, "id": "NL"}, {"import": 0, "export": 0, "id": "NG"}, {"import": 0, "export": 0, "id": "PL"}, {"import": 0, "export": 0, "id": "TH"}, {"import": 0, "export": 0, "id": "GR"}, {"import": 0, "export": 0, "id": "GY"}, {"import": 0, "export": 0, "id": "QA"}, {"import": 0, "export": 0, "id": "CH"}, {"import": 0, "export": 0, "id": "GB"}, {"import": 0, "export": 0, "id": "GE"}, {"import": 0, "export": 0, "id": "-"}], "import": 109779, "export": 1164885}, {"date": "2019-02-01", "list": [{"import": 32284, "export": 120, "id": "DE"}, {"import": 7210, "export": 979360, "id": "IT"}, {"import": 18000, "export": 0, "id": "PT"}, {"import": 3380, "export": 0, "id": "ES"}, {"import": 1313, "export": 85720, "id": "BE"}, {"import": 0, "export": 0, "id": "BR"}, {"import": 0, "export": 0, "id": "KH"}, {"import": 0, "export": 0, "id": "BD"}, {"import": 0, "export": 0, "id": "JP"}, {"import": 0, "export": 92445, "id": "NL"}, {"import": 2000, "export": 0, "id": "NG"}, {"import": 913, "export": 0, "id": "PL"}, {"import": 0, "export": 0, "id": "TH"}, {"import": 0, "export": 0, "id": "GR"}, {"import": 0, "export": 0, "id": "GY"}, {"import": 0, "export": 0, "id": "QA"}, {"import": 0, "export": 0, "id": "CH"}, {"import": 0, "export": 0, "id": "GB"}, {"import": 0, "export": 0, "id": "GE"}, {"import": 0, "export": 0, "id": "-"}], "import": 65100, "export": 1157645}, {"date": "2019-03-01", "list": [{"import": 40390, "export": 158, "id": "DE"}, {"import": 1405, "export": 738080, "id": "IT"}, {"import": 0, "export": 0, "id": "PT"}, {"import": 58340, "export": 0, "id": "ES"}, {"import": 986, "export": 189400, "id": "BE"}, {"import": 0, "export": 0, "id": "BR"}, {"import": 0, "export": 0, "id": "KH"}, {"import": 0, "export": 0, "id": "BD"}, {"import": 0, "export": 0, "id": "JP"}, {"import": 0, "export": 129260, "id": "NL"}, {"import": 0, "export": 0, "id": "NG"}, {"import": 0, "export": 0, "id": "PL"}, {"import": 0, "export": 0, "id": "TH"}, {"import": 0, "export": 0, "id": "GR"}, {"import": 0, "export": 0, "id": "GY"}, {"import": 0, "export": 312, "id": "QA"}, {"import": 0, "export": 0, "id": "CH"}, {"import": 0, "export": 25086, "id": "GB"}, {"import": 0, "export": 0, "id": "GE"}, {"import": 0, "export": 0, "id": "-"}], "import": 101121, "export": 1082296}, {"date": "2019-04-01", "list": [{"import": 29681, "export": 147, "id": "DE"}, {"import": 499760, "export": 464320, "id": "IT"}, {"import": 10800, "export": 19000, "id": "PT"}, {"import": 82380, "export": 0, "id": "ES"}, {"import": 1519, "export": 163200, "id": "BE"}, {"import": 0, "export": 0, "id": "BR"}, {"import": 0, "export": 0, "id": "KH"}, {"import": 4500, "export": 0, "id": "BD"}, {"import": 0, "export": 0, "id": "JP"}, {"import": 20, "export": 155160, "id": "NL"}, {"import": 0, "export": 0, "id": "NG"}, {"import": 0, "export": 0, "id": "PL"}, {"import": 0, "export": 0, "id": "TH"}, {"import": 2339760, "export": 0, "id": "GR"}, {"import": 0, "export": 0, "id": "GY"}, {"import": 0, "export": 0, "id": "QA"}, {"import": 0, "export": 0, "id": "CH"}, {"import": 0, "export": 0, "id": "GB"}, {"import": 0, "export": 0, "id": "GE"}, {"import": 0, "export": 0, "id": "-"}], "import": 2968420, "export": 801827}, {"date": "2019-05-01", "list": [{"import": 35480, "export": 188, "id": "DE"}, {"import": 128550, "export": 662960, "id": "IT"}, {"import": 10080, "export": 0, "id": "PT"}, {"import": 75190, "export": 31, "id": "ES"}, {"import": 1225, "export": 141140, "id": "BE"}, {"import": 0, "export": 0, "id": "BR"}, {"import": 0, "export": 0, "id": "KH"}, {"import": 0, "export": 0, "id": "BD"}, {"import": 0, "export": 0, "id": "JP"}, {"import": 0, "export": 77060, "id": "NL"}, {"import": 0, "export": 0, "id": "NG"}, {"import": 0, "export": 0, "id": "PL"}, {"import": 0, "export": 0, "id": "TH"}, {"import": 0, "export": 0, "id": "GR"}, {"import": 308250, "export": 0, "id": "GY"}, {"import": 0, "export": 0, "id": "QA"}, {"import": 0, "export": 0, "id": "CH"}, {"import": 0, "export": 0, "id": "GB"}, {"import": 0, "export": 0, "id": "GE"}, {"import": 0, "export": 0, "id": "-"}], "import": 558775, "export": 881379}, {"date": "2019-06-01", "list": [{"import": 2213, "export": 96, "id": "DE"}, {"import": 7200, "export": 746675, "id": "IT"}, {"import": 11520, "export": 0, "id": "PT"}, {"import": 128148, "export": 26, "id": "ES"}, {"import": 1221, "export": 220815, "id": "BE"}, {"import": 0, "export": 0, "id": "BR"}, {"import": 0, "export": 0, "id": "KH"}, {"import": 0, "export": 0, "id": "BD"}, {"import": 0, "export": 0, "id": "JP"}, {"import": 20, "export": 103160, "id": "NL"}, {"import": 0, "export": 0, "id": "NG"}, {"import": 0, "export": 0, "id": "PL"}, {"import": 0, "export": 0, "id": "TH"}, {"import": 0, "export": 0, "id": "GR"}, {"import": 0, "export": 0, "id": "GY"}, {"import": 0, "export": 0, "id": "QA"}, {"import": 0, "export": 0, "id": "CH"}, {"import": 0, "export": 0, "id": "GB"}, {"import": 0, "export": 0, "id": "GE"}, {"import": 0, "export": 0, "id": "-"}], "import": 150322, "export": 1070772}, {"date": "2019-07-01", "list": [{"import": 26916, "export": 0, "id": "DE"}, {"import": 0, "export": 973630, "id": "IT"}, {"import": 9360, "export": 0, "id": "PT"}, {"import": 78122, "export": 104500, "id": "ES"}, {"import": 1198, "export": 110380, "id": "BE"}, {"import": 0, "export": 0, "id": "BR"}, {"import": 0, "export": 0, "id": "KH"}, {"import": 0, "export": 0, "id": "BD"}, {"import": 48, "export": 0, "id": "JP"}, {"import": 0, "export": 49280, "id": "NL"}, {"import": 0, "export": 0, "id": "NG"}, {"import": 0, "export": 0, "id": "PL"}, {"import": 0, "export": 0, "id": "TH"}, {"import": 0, "export": 0, "id": "GR"}, {"import": 0, "export": 0, "id": "GY"}, {"import": 0, "export": 0, "id": "QA"}, {"import": 0, "export": 1197, "id": "CH"}, {"import": 0, "export": 0, "id": "GB"}, {"import": 0, "export": 0, "id": "GE"}, {"import": 0, "export": 1911, "id": "-"}], "import": 115644, "export": 1240898}, {"date": "2019-08-01", "list": [{"import": 2390, "export": 0, "id": "DE"}, {"import": 106848, "export": 317300, "id": "IT"}, {"import": 10800, "export": 0, "id": "PT"}, {"import": 78030, "export": 26420, "id": "ES"}, {"import": 628, "export": 57701, "id": "BE"}, {"import": 0, "export": 0, "id": "BR"}, {"import": 0, "export": 0, "id": "KH"}, {"import": 0, "export": 0, "id": "BD"}, {"import": 192, "export": 0, "id": "JP"}, {"import": 0, "export": 26480, "id": "NL"}, {"import": 0, "export": 0, "id": "NG"}, {"import": 0, "export": 0, "id": "PL"}, {"import": 0, "export": 0, "id": "TH"}, {"import": 0, "export": 0, "id": "GR"}, {"import": 0, "export": 0, "id": "GY"}, {"import": 0, "export": 0, "id": "QA"}, {"import": 0, "export": 0, "id": "CH"}, {"import": 0, "export": 0, "id": "GB"}, {"import": 0, "export": 259, "id": "GE"}, {"import": 0, "export": 0, "id": "-"}], "import": 198888, "export": 428160}, {"date": "2019-09-01", "list": [{"import": 30985, "export": 30, "id": "DE"}, {"import": 203090, "export": 40920, "id": "IT"}, {"import": 10800, "export": 25200, "id": "PT"}, {"import": 29730, "export": 0, "id": "ES"}, {"import": 1158, "export": 29480, "id": "BE"}, {"import": 0, "export": 0, "id": "BR"}, {"import": 0, "export": 0, "id": "KH"}, {"import": 0, "export": 0, "id": "BD"}, {"import": 0, "export": 0, "id": "JP"}, {"import": 0, "export": 0, "id": "NL"}, {"import": 0, "export": 0, "id": "NG"}, {"import": 0, "export": 0, "id": "PL"}, {"import": 200, "export": 0, "id": "TH"}, {"import": 0, "export": 0, "id": "GR"}, {"import": 640240, "export": 0, "id": "GY"}, {"import": 0, "export": 0, "id": "QA"}, {"import": 0, "export": 0, "id": "CH"}, {"import": 0, "export": 0, "id": "GB"}, {"import": 0, "export": 0, "id": "GE"}, {"import": 0, "export": 0, "id": "-"}], "import": 916203, "export": 95630}, {"date": "2019-10-01", "list": [{"import": 34626, "export": 124, "id": "DE"}, {"import": 0, "export": 867260, "id": "IT"}, {"import": 23040, "export": 0, "id": "PT"}, {"import": 48720, "export": 0, "id": "ES"}, {"import": 2207, "export": 0, "id": "BE"}, {"import": 0, "export": 0, "id": "BR"}, {"import": 0, "export": 0, "id": "KH"}, {"import": 6250, "export": 0, "id": "BD"}, {"import": 0, "export": 0, "id": "JP"}, {"import": 0, "export": 0, "id": "NL"}, {"import": 0, "export": 0, "id": "NG"}, {"import": 0, "export": 0, "id": "PL"}, {"import": 0, "export": 0, "id": "TH"}, {"import": 0, "export": 0, "id": "GR"}, {"import": 313180, "export": 0, "id": "GY"}, {"import": 0, "export": 0, "id": "QA"}, {"import": 0, "export": 0, "id": "CH"}, {"import": 0, "export": 28640, "id": "GB"}, {"import": 0, "export": 0, "id": "GE"}, {"import": 0, "export": 0, "id": "-"}], "import": 428023, "export": 896024}, {"date": "2019-11-01", "list": [{"import": 30334, "export": 60, "id": "DE"}, {"import": 5024, "export": 1335740, "id": "IT"}, {"import": 0, "export": 0, "id": "PT"}, {"import": 1710, "export": 208, "id": "ES"}, {"import": 788, "export": 124460, "id": "BE"}, {"import": 0, "export": 0, "id": "BR"}, {"import": 0, "export": 0, "id": "KH"}, {"import": 0, "export": 0, "id": "BD"}, {"import": 0, "export": 0, "id": "JP"}, {"import": 0, "export": 125300, "id": "NL"}, {"import": 0, "export": 0, "id": "NG"}, {"import": 0, "export": 0, "id": "PL"}, {"import": 0, "export": 0, "id": "TH"}, {"import": 0, "export": 0, "id": "GR"}, {"import": 3335018, "export": 0, "id": "GY"}, {"import": 0, "export": 0, "id": "QA"}, {"import": 0, "export": 0, "id": "CH"}, {"import": 0, "export": 0, "id": "GB"}, {"import": 0, "export": 0, "id": "GE"}, {"import": 0, "export": 0, "id": "-"}], "import": 3372874, "export": 1585768}, {"date": "2019-12-01", "list": [{"import": 28399, "export": 60, "id": "DE"}, {"import": 278314, "export": 929, "id": "IT"}, {"import": 10080, "export": 26, "id": "PT"}, {"import": 2400, "export": 89, "id": "ES"}, {"import": 1092, "export": 117860, "id": "BE"}, {"import": 0, "export": 0, "id": "BR"}, {"import": 0, "export": 0, "id": "KH"}, {"import": 0, "export": 0, "id": "BD"}, {"import": 0, "export": 0, "id": "JP"}, {"import": 0, "export": 0, "id": "NL"}, {"import": 0, "export": 0, "id": "NG"}, {"import": 0, "export": 0, "id": "PL"}, {"import": 0, "export": 0, "id": "TH"}, {"import": 0, "export": 0, "id": "GR"}, {"import": 0, "export": 0, "id": "GY"}, {"import": 0, "export": 0, "id": "QA"}, {"import": 0, "export": 0, "id": "CH"}, {"import": 0, "export": 0, "id": "GB"}, {"import": 0, "export": 0, "id": "GE"}, {"import": 0, "export": 0, "id": "-"}], "import": 320285, "export": 118964}, {"date": "2020-01-01", "list": [{"import": 30614, "export": 270, "id": "DE"}, {"import": 3520, "export": 577440, "id": "IT"}, {"import": 10800, "export": 0, "id": "PT"}, {"import": 25811, "export": 0, "id": "ES"}, {"import": 2057, "export": 110520, "id": "BE"}, {"import": 0, "export": 0, "id": "BR"}, {"import": 0, "export": 0, "id": "KH"}, {"import": 0, "export": 0, "id": "BD"}, {"import": 600, "export": 0, "id": "JP"}, {"import": 820, "export": 0, "id": "NL"}, {"import": 0, "export": 0, "id": "NG"}, {"import": 0, "export": 0, "id": "PL"}, {"import": 21647, "export": 0, "id": "TH"}, {"import": 0, "export": 0, "id": "GR"}, {"import": 0, "export": 0, "id": "GY"}, {"import": 0, "export": 0, "id": "QA"}, {"import": 0, "export": 0, "id": "CH"}, {"import": 0, "export": 0, "id": "GB"}, {"import": 0, "export": 0, "id": "GE"}, {"import": 0, "export": 0, "id": "-"}], "import": 95869, "export": 688230}, {"date": "2020-02-01", "list": [{"import": 27765, "export": 56, "id": "DE"}, {"import": 880, "export": 450840, "id": "IT"}, {"import": 11520, "export": 0, "id": "PT"}, {"import": 51864, "export": 0, "id": "ES"}, {"import": 960, "export": 208040, "id": "BE"}, {"import": 0, "export": 0, "id": "BR"}, {"import": 0, "export": 0, "id": "KH"}, {"import": 8750, "export": 0, "id": "BD"}, {"import": 0, "export": 0, "id": "JP"}, {"import": 0, "export": 24660, "id": "NL"}, {"import": 0, "export": 0, "id": "NG"}, {"import": 0, "export": 0, "id": "PL"}, {"import": 4500, "export": 0, "id": "TH"}, {"import": 0, "export": 0, "id": "GR"}, {"import": 0, "export": 0, "id": "GY"}, {"import": 0, "export": 0, "id": "QA"}, {"import": 0, "export": 0, "id": "CH"}, {"import": 0, "export": 23020, "id": "GB"}, {"import": 0, "export": 0, "id": "GE"}, {"import": 0, "export": 766, "id": "-"}], "import": 106239, "export": 707382}, {"date": "2020-03-01", "list": [{"import": 36529, "export": 150, "id": "DE"}, {"import": 282199, "export": 0, "id": "IT"}, {"import": 15120, "export": 0, "id": "PT"}, {"import": 29810, "export": 0, "id": "ES"}, {"import": 1065, "export": 235400, "id": "BE"}, {"import": 0, "export": 0, "id": "BR"}, {"import": 0, "export": 0, "id": "KH"}, {"import": 3000, "export": 0, "id": "BD"}, {"import": 0, "export": 0, "id": "JP"}, {"import": 0, "export": 141583, "id": "NL"}, {"import": 0, "export": 0, "id": "NG"}, {"import": 0, "export": 0, "id": "PL"}, {"import": 9000, "export": 0, "id": "TH"}, {"import": 0, "export": 0, "id": "GR"}, {"import": 3092270, "export": 0, "id": "GY"}, {"import": 0, "export": 0, "id": "QA"}, {"import": 0, "export": 0, "id": "CH"}, {"import": 0, "export": 0, "id": "GB"}, {"import": 0, "export": 0, "id": "GE"}, {"import": 0, "export": 0, "id": "-"}], "import": 3468993, "export": 377133}, {"date": "2020-04-01", "list": [{"import": 37796, "export": 0, "id": "DE"}, {"import": 466418, "export": 1006900, "id": "IT"}, {"import": 21600, "export": 0, "id": "PT"}, {"import": 60370, "export": 0, "id": "ES"}, {"import": 888, "export": 60220, "id": "BE"}, {"import": 0, "export": 0, "id": "BR"}, {"import": 46990, "export": 0, "id": "KH"}, {"import": 2500, "export": 0, "id": "BD"}, {"import": 0, "export": 0, "id": "JP"}, {"import": 0, "export": 19920, "id": "NL"}, {"import": 0, "export": 0, "id": "NG"}, {"import": 0, "export": 0, "id": "PL"}, {"import": 0, "export": 0, "id": "TH"}, {"import": 0, "export": 0, "id": "GR"}, {"import": 0, "export": 0, "id": "GY"}, {"import": 0, "export": 0, "id": "QA"}, {"import": 0, "export": 0, "id": "CH"}, {"import": 0, "export": 24400, "id": "GB"}, {"import": 0, "export": 0, "id": "GE"}, {"import": 0, "export": 0, "id": "-"}], "import": 636562, "export": 1111440}, {"date": "2020-05-01", "list": [{"import": 58521, "export": 94, "id": "DE"}, {"import": 211505, "export": 597300, "id": "IT"}, {"import": 10800, "export": 0, "id": "PT"}, {"import": 75870, "export": 0, "id": "ES"}, {"import": 1148, "export": 85420, "id": "BE"}, {"import": 0, "export": 0, "id": "BR"}, {"import": 32730, "export": 0, "id": "KH"}, {"import": 2250, "export": 0, "id": "BD"}, {"import": 0, "export": 0, "id": "JP"}, {"import": 0, "export": 0, "id": "NL"}, {"import": 0, "export": 0, "id": "NG"}, {"import": 0, "export": 0, "id": "PL"}, {"import": 0, "export": 0, "id": "TH"}, {"import": 0, "export": 0, "id": "GR"}, {"import": 5300000, "export": 0, "id": "GY"}, {"import": 0, "export": 0, "id": "QA"}, {"import": 0, "export": 0, "id": "CH"}, {"import": 0, "export": 24160, "id": "GB"}, {"import": 0, "export": 0, "id": "GE"}, {"import": 0, "export": 0, "id": "-"}], "import": 5692824, "export": 706974}, {"date": "2020-06-01", "list": [{"import": 6805, "export": 0, "id": "DE"}, {"import": 12719, "export": 0, "id": "IT"}, {"import": 10080, "export": 0, "id": "PT"}, {"import": 70736, "export": 0, "id": "ES"}, {"import": 802, "export": 0, "id": "BE"}, {"import": 634, "export": 0, "id": "BR"}, {"import": 0, "export": 0, "id": "KH"}, {"import": 0, "export": 0, "id": "BD"}, {"import": 0, "export": 0, "id": "JP"}, {"import": 0, "export": 0, "id": "NL"}, {"import": 0, "export": 0, "id": "NG"}, {"import": 0, "export": 0, "id": "PL"}, {"import": 0, "export": 0, "id": "TH"}, {"import": 0, "export": 0, "id": "GR"}, {"import": 0, "export": 0, "id": "GY"}], "import": 101776, "export": 0}, {"date": "2018-12-01", "list": [{"import": 0, "export": 628640, "id": "IT"}, {"import": 0, "export": 306460, "id": "ES"}, {"import": 0, "export": 26510, "id": "BE"}, {"import": 0, "export": 82380, "id": "NL"}, {"import": 0, "export": 143, "id": "DE"}, {"import": 0, "export": 0, "id": "PT"}, {"import": 0, "export": 0, "id": "QA"}, {"import": 0, "export": 0, "id": "CH"}, {"import": 0, "export": 0, "id": "GB"}, {"import": 0, "export": 0, "id": "GE"}, {"import": 0, "export": 0, "id": "-"}], "import": 0, "export": 1044133}]