[{"date": "2012-07-01", "list": [{"import": 0, "export": 0, "id": "US"}, {"import": 0, "export": 0, "id": "UY"}, {"import": 0, "export": 0, "id": "AR"}, {"import": 0, "export": 0, "id": "BR"}, {"import": 0, "export": 0, "id": "CY"}, {"import": 0, "export": 0, "id": "GY"}, {"import": 0, "export": 0, "id": "IT"}, {"import": 0, "export": 0, "id": "LB"}, {"import": 0, "export": 0, "id": "TW"}, {"import": 0, "export": 0, "id": "NI"}], "import": 0, "export": 0}, {"date": "2012-08-01", "list": [{"import": 0, "export": 0, "id": "US"}, {"import": 0, "export": 0, "id": "UY"}, {"import": 22000000, "export": 0, "id": "AR"}, {"import": 44350000, "export": 0, "id": "BR"}, {"import": 0, "export": 0, "id": "CY"}, {"import": 0, "export": 0, "id": "GY"}, {"import": 0, "export": 0, "id": "IT"}, {"import": 0, "export": 0, "id": "LB"}, {"import": 0, "export": 0, "id": "TW"}, {"import": 0, "export": 0, "id": "NI"}], "import": 66350000, "export": 0}, {"date": "2012-09-01", "list": [{"import": 0, "export": 0, "id": "US"}, {"import": 0, "export": 0, "id": "UY"}, {"import": 11000, "export": 0, "id": "AR"}, {"import": 0, "export": 0, "id": "BR"}, {"import": 0, "export": 0, "id": "CY"}, {"import": 25988812, "export": 0, "id": "GY"}, {"import": 17172, "export": 0, "id": "IT"}, {"import": 0, "export": 0, "id": "LB"}, {"import": 0, "export": 0, "id": "TW"}, {"import": 0, "export": 0, "id": "NI"}], "import": 26016984, "export": 0}, {"date": "2012-10-01", "list": [{"import": 0, "export": 0, "id": "US"}, {"import": 0, "export": 0, "id": "UY"}, {"import": 0, "export": 0, "id": "AR"}, {"import": 0, "export": 0, "id": "BR"}, {"import": 0, "export": 0, "id": "CY"}, {"import": 13857000, "export": 0, "id": "GY"}, {"import": 0, "export": 0, "id": "IT"}, {"import": 0, "export": 0, "id": "LB"}, {"import": 0, "export": 0, "id": "TW"}, {"import": 19015000, "export": 0, "id": "NI"}], "import": 32872000, "export": 0}, {"date": "2012-11-01", "list": [{"import": 0, "export": 0, "id": "US"}, {"import": 0, "export": 0, "id": "UY"}, {"import": 0, "export": 0, "id": "AR"}, {"import": 20400000, "export": 0, "id": "BR"}, {"import": 0, "export": 0, "id": "CY"}, {"import": 5211520, "export": 0, "id": "GY"}, {"import": 17500, "export": 0, "id": "IT"}, {"import": 0, "export": 0, "id": "LB"}, {"import": 0, "export": 0, "id": "TW"}, {"import": 0, "export": 0, "id": "NI"}], "import": 25629020, "export": 0}, {"date": "2012-12-01", "list": [{"import": 0, "export": 0, "id": "US"}, {"import": 0, "export": 0, "id": "UY"}, {"import": 0, "export": 0, "id": "AR"}, {"import": 0, "export": 0, "id": "BR"}, {"import": 0, "export": 0, "id": "CY"}, {"import": 0, "export": 0, "id": "GY"}, {"import": 0, "export": 0, "id": "IT"}, {"import": 0, "export": 0, "id": "LB"}, {"import": 0, "export": 0, "id": "TW"}, {"import": 0, "export": 0, "id": "NI"}], "import": 0, "export": 0}, {"date": "2013-01-01", "list": [{"import": 0, "export": 0, "id": "US"}, {"import": 0, "export": 0, "id": "UY"}, {"import": 0, "export": 0, "id": "AR"}, {"import": 0, "export": 0, "id": "BR"}, {"import": 0, "export": 0, "id": "CY"}, {"import": 29637138, "export": 0, "id": "GY"}, {"import": 17325, "export": 0, "id": "IT"}, {"import": 0, "export": 0, "id": "LB"}, {"import": 0, "export": 0, "id": "TW"}, {"import": 0, "export": 0, "id": "NI"}], "import": 29654463, "export": 0}, {"date": "2013-02-01", "list": [{"import": 0, "export": 0, "id": "US"}, {"import": 0, "export": 0, "id": "UY"}, {"import": 0, "export": 0, "id": "AR"}, {"import": 0, "export": 0, "id": "BR"}, {"import": 0, "export": 0, "id": "CY"}, {"import": 0, "export": 0, "id": "GY"}, {"import": 0, "export": 0, "id": "IT"}, {"import": 668, "export": 0, "id": "LB"}, {"import": 0, "export": 0, "id": "TW"}, {"import": 0, "export": 0, "id": "NI"}], "import": 668, "export": 0}, {"date": "2013-03-01", "list": [{"import": 52, "export": 0, "id": "US"}, {"import": 0, "export": 0, "id": "UY"}, {"import": 0, "export": 0, "id": "AR"}, {"import": 0, "export": 0, "id": "BR"}, {"import": 0, "export": 0, "id": "CY"}, {"import": 5075, "export": 0, "id": "GY"}, {"import": 0, "export": 0, "id": "IT"}, {"import": 0, "export": 0, "id": "LB"}, {"import": 0, "export": 0, "id": "TW"}, {"import": 0, "export": 0, "id": "NI"}], "import": 5127, "export": 0}, {"date": "2013-04-01", "list": [{"import": 7272, "export": 0, "id": "US"}, {"import": 0, "export": 0, "id": "UY"}, {"import": 0, "export": 0, "id": "AR"}, {"import": 0, "export": 0, "id": "BR"}, {"import": 0, "export": 0, "id": "CY"}, {"import": 0, "export": 0, "id": "GY"}, {"import": 0, "export": 0, "id": "IT"}, {"import": 0, "export": 0, "id": "LB"}, {"import": 0, "export": 0, "id": "TW"}, {"import": 0, "export": 0, "id": "NI"}], "import": 7272, "export": 0}, {"date": "2013-05-01", "list": [{"import": 0, "export": 0, "id": "US"}, {"import": 21680890, "export": 0, "id": "UY"}, {"import": 8097000, "export": 0, "id": "AR"}, {"import": 36300, "export": 0, "id": "BR"}, {"import": 5500, "export": 0, "id": "CY"}, {"import": 5500, "export": 0, "id": "GY"}, {"import": 17500, "export": 0, "id": "IT"}, {"import": 0, "export": 0, "id": "LB"}, {"import": 0, "export": 0, "id": "TW"}, {"import": 0, "export": 0, "id": "NI"}], "import": 29842690, "export": 0}, {"date": "2013-06-01", "list": [{"import": 0, "export": 0, "id": "US"}, {"import": 0, "export": 0, "id": "UY"}, {"import": 0, "export": 0, "id": "AR"}, {"import": 0, "export": 0, "id": "BR"}, {"import": 0, "export": 0, "id": "CY"}, {"import": 0, "export": 0, "id": "GY"}, {"import": 0, "export": 0, "id": "IT"}, {"import": 0, "export": 0, "id": "LB"}, {"import": 0, "export": 0, "id": "TW"}, {"import": 0, "export": 0, "id": "NI"}], "import": 0, "export": 0}, {"date": "2013-07-01", "list": [{"import": 0, "export": 0, "id": "US"}, {"import": 22000000, "export": 0, "id": "UY"}, {"import": 0, "export": 0, "id": "AR"}, {"import": 16650000, "export": 0, "id": "BR"}, {"import": 0, "export": 0, "id": "CY"}, {"import": 23000000, "export": 0, "id": "GY"}, {"import": 35000, "export": 0, "id": "IT"}, {"import": 0, "export": 0, "id": "LB"}, {"import": 0, "export": 0, "id": "TW"}, {"import": 0, "export": 0, "id": "NI"}], "import": 61685000, "export": 0}, {"date": "2013-08-01", "list": [{"import": 0, "export": 0, "id": "US"}, {"import": 0, "export": 0, "id": "UY"}, {"import": 0, "export": 0, "id": "AR"}, {"import": 0, "export": 0, "id": "BR"}, {"import": 0, "export": 0, "id": "CY"}, {"import": 6000000, "export": 0, "id": "GY"}, {"import": 0, "export": 0, "id": "IT"}, {"import": 0, "export": 0, "id": "LB"}, {"import": 0, "export": 0, "id": "TW"}, {"import": 0, "export": 0, "id": "NI"}], "import": 6000000, "export": 0}, {"date": "2013-09-01", "list": [{"import": 0, "export": 0, "id": "US"}, {"import": 0, "export": 0, "id": "UY"}, {"import": 0, "export": 0, "id": "AR"}, {"import": 0, "export": 0, "id": "BR"}, {"import": 0, "export": 0, "id": "CY"}, {"import": 15994210, "export": 0, "id": "GY"}, {"import": 17500, "export": 0, "id": "IT"}, {"import": 0, "export": 0, "id": "LB"}, {"import": 0, "export": 0, "id": "TW"}, {"import": 0, "export": 0, "id": "NI"}], "import": 16011710, "export": 0}, {"date": "2013-10-01", "list": [{"import": 32992988, "export": 0, "id": "US"}, {"import": 20000000, "export": 0, "id": "UY"}, {"import": 0, "export": 0, "id": "AR"}, {"import": 0, "export": 0, "id": "BR"}, {"import": 0, "export": 0, "id": "CY"}, {"import": 23299880, "export": 0, "id": "GY"}, {"import": 0, "export": 0, "id": "IT"}, {"import": 0, "export": 0, "id": "LB"}, {"import": 0, "export": 0, "id": "TW"}, {"import": 0, "export": 0, "id": "NI"}], "import": 76292868, "export": 0}, {"date": "2013-11-01", "list": [{"import": 0, "export": 0, "id": "US"}, {"import": 22000000, "export": 0, "id": "UY"}, {"import": 0, "export": 0, "id": "AR"}, {"import": 0, "export": 0, "id": "BR"}, {"import": 0, "export": 0, "id": "CY"}, {"import": 28023000, "export": 0, "id": "GY"}, {"import": 0, "export": 0, "id": "IT"}, {"import": 0, "export": 0, "id": "LB"}, {"import": 0, "export": 0, "id": "TW"}, {"import": 0, "export": 0, "id": "NI"}], "import": 50023000, "export": 0}, {"date": "2013-12-01", "list": [{"import": 0, "export": 0, "id": "US"}, {"import": 0, "export": 0, "id": "UY"}, {"import": 0, "export": 0, "id": "AR"}, {"import": 0, "export": 0, "id": "BR"}, {"import": 0, "export": 0, "id": "CY"}, {"import": 0, "export": 0, "id": "GY"}, {"import": 0, "export": 0, "id": "IT"}, {"import": 0, "export": 0, "id": "LB"}, {"import": 42000, "export": 0, "id": "TW"}, {"import": 0, "export": 0, "id": "NI"}], "import": 42000, "export": 0}]