[{"date": "2018-12-01", "list": [{"import": 15200, "export": 0, "id": "IN"}, {"import": 136368, "export": 0, "id": "TH"}, {"import": 0, "export": 0, "id": "VN"}, {"import": 52540, "export": 0, "id": "PK"}, {"import": 0, "export": 0, "id": "US"}, {"import": 0, "export": 0, "id": "LK"}, {"import": 0, "export": 0, "id": "ID"}, {"import": 7040, "export": 0, "id": "MY"}, {"import": 0, "export": 0, "id": "TW"}, {"import": 0, "export": 1186, "id": "-"}], "import": 211148, "export": 1186}, {"date": "2019-01-01", "list": [{"import": 22340, "export": 0, "id": "IN"}, {"import": 137840, "export": 0, "id": "TH"}, {"import": 0, "export": 0, "id": "VN"}, {"import": 28520, "export": 0, "id": "PK"}, {"import": 0, "export": 0, "id": "US"}, {"import": 0, "export": 0, "id": "LK"}, {"import": 0, "export": 0, "id": "ID"}, {"import": 0, "export": 0, "id": "MY"}, {"import": 0, "export": 0, "id": "TW"}, {"import": 0, "export": 275, "id": "-"}], "import": 188700, "export": 275}, {"date": "2019-02-01", "list": [{"import": 1120, "export": 0, "id": "IN"}, {"import": 155368, "export": 0, "id": "TH"}, {"import": 0, "export": 0, "id": "VN"}, {"import": 20520, "export": 0, "id": "PK"}, {"import": 0, "export": 0, "id": "US"}, {"import": 0, "export": 0, "id": "LK"}, {"import": 500, "export": 0, "id": "ID"}, {"import": 0, "export": 0, "id": "MY"}, {"import": 0, "export": 0, "id": "TW"}, {"import": 0, "export": 935, "id": "-"}], "import": 177508, "export": 935}, {"date": "2019-03-01", "list": [{"import": 28825, "export": 0, "id": "IN"}, {"import": 171198, "export": 0, "id": "TH"}, {"import": 0, "export": 0, "id": "VN"}, {"import": 23500, "export": 0, "id": "PK"}, {"import": 0, "export": 0, "id": "US"}, {"import": 0, "export": 0, "id": "LK"}, {"import": 0, "export": 0, "id": "ID"}, {"import": 0, "export": 0, "id": "MY"}, {"import": 0, "export": 0, "id": "TW"}, {"import": 0, "export": 2041, "id": "-"}], "import": 223523, "export": 2041}, {"date": "2019-04-01", "list": [{"import": 9500, "export": 0, "id": "IN"}, {"import": 83368, "export": 0, "id": "TH"}, {"import": 45000, "export": 0, "id": "VN"}, {"import": 0, "export": 0, "id": "PK"}, {"import": 0, "export": 0, "id": "US"}, {"import": 0, "export": 0, "id": "LK"}, {"import": 0, "export": 0, "id": "ID"}, {"import": 0, "export": 0, "id": "MY"}, {"import": 0, "export": 0, "id": "TW"}, {"import": 0, "export": 1325, "id": "-"}], "import": 137868, "export": 1325}, {"date": "2019-05-01", "list": [{"import": 72800, "export": 0, "id": "IN"}, {"import": 238204, "export": 0, "id": "TH"}, {"import": 0, "export": 0, "id": "VN"}, {"import": 0, "export": 0, "id": "PK"}, {"import": 0, "export": 0, "id": "US"}, {"import": 0, "export": 0, "id": "LK"}, {"import": 0, "export": 0, "id": "ID"}, {"import": 0, "export": 0, "id": "MY"}, {"import": 0, "export": 0, "id": "TW"}, {"import": 0, "export": 759, "id": "-"}], "import": 311004, "export": 759}, {"date": "2019-06-01", "list": [{"import": 16500, "export": 0, "id": "IN"}, {"import": 145368, "export": 0, "id": "TH"}, {"import": 0, "export": 0, "id": "VN"}, {"import": 20520, "export": 0, "id": "PK"}, {"import": 0, "export": 0, "id": "US"}, {"import": 0, "export": 0, "id": "LK"}, {"import": 0, "export": 0, "id": "ID"}, {"import": 0, "export": 0, "id": "MY"}, {"import": 0, "export": 0, "id": "TW"}, {"import": 0, "export": 287, "id": "-"}], "import": 182388, "export": 287}, {"date": "2019-07-01", "list": [{"import": 6900, "export": 0, "id": "IN"}, {"import": 188604, "export": 0, "id": "TH"}, {"import": 45000, "export": 0, "id": "VN"}, {"import": 61560, "export": 0, "id": "PK"}, {"import": 18120, "export": 0, "id": "US"}, {"import": 1200, "export": 0, "id": "LK"}, {"import": 0, "export": 0, "id": "ID"}, {"import": 0, "export": 0, "id": "MY"}, {"import": 960, "export": 0, "id": "TW"}, {"import": 0, "export": 761, "id": "-"}], "import": 322344, "export": 761}, {"date": "2019-08-01", "list": [{"import": 6000, "export": 0, "id": "IN"}, {"import": 180000, "export": 0, "id": "TH"}, {"import": 45000, "export": 0, "id": "VN"}, {"import": 63900, "export": 0, "id": "PK"}, {"import": 0, "export": 0, "id": "US"}, {"import": 0, "export": 0, "id": "LK"}, {"import": 0, "export": 0, "id": "ID"}, {"import": 0, "export": 0, "id": "MY"}, {"import": 0, "export": 0, "id": "TW"}, {"import": 0, "export": 162, "id": "-"}], "import": 294900, "export": 162}, {"date": "2019-09-01", "list": [{"import": 11280, "export": 0, "id": "IN"}, {"import": 67500, "export": 0, "id": "TH"}, {"import": 16000, "export": 0, "id": "VN"}, {"import": 0, "export": 0, "id": "PK"}, {"import": 0, "export": 0, "id": "US"}, {"import": 0, "export": 0, "id": "LK"}, {"import": 0, "export": 0, "id": "ID"}, {"import": 0, "export": 0, "id": "MY"}, {"import": 360, "export": 0, "id": "TW"}, {"import": 0, "export": 356, "id": "-"}], "import": 95140, "export": 356}, {"date": "2019-10-01", "list": [{"import": 18460, "export": 0, "id": "IN"}, {"import": 174204, "export": 0, "id": "TH"}, {"import": 45000, "export": 0, "id": "VN"}, {"import": 70190, "export": 0, "id": "PK"}, {"import": 0, "export": 0, "id": "US"}, {"import": 0, "export": 0, "id": "LK"}, {"import": 0, "export": 0, "id": "ID"}, {"import": 0, "export": 0, "id": "MY"}, {"import": 0, "export": 0, "id": "TW"}, {"import": 0, "export": 225, "id": "-"}], "import": 307854, "export": 225}, {"date": "2019-11-01", "list": [{"import": 432, "export": 0, "id": "IN"}, {"import": 81156, "export": 0, "id": "TH"}, {"import": 0, "export": 0, "id": "VN"}, {"import": 0, "export": 0, "id": "PK"}, {"import": 0, "export": 0, "id": "US"}, {"import": 0, "export": 0, "id": "LK"}, {"import": 0, "export": 0, "id": "ID"}, {"import": 0, "export": 0, "id": "MY"}, {"import": 0, "export": 0, "id": "TW"}, {"import": 0, "export": 1098, "id": "-"}], "import": 81588, "export": 1098}, {"date": "2019-12-01", "list": [{"import": 11640, "export": 0, "id": "IN"}, {"import": 159388, "export": 0, "id": "TH"}, {"import": 0, "export": 0, "id": "VN"}, {"import": 61560, "export": 0, "id": "PK"}, {"import": 0, "export": 0, "id": "US"}, {"import": 0, "export": 0, "id": "LK"}, {"import": 0, "export": 0, "id": "ID"}, {"import": 0, "export": 0, "id": "MY"}, {"import": 0, "export": 0, "id": "TW"}, {"import": 0, "export": 256, "id": "-"}], "import": 232588, "export": 256}, {"date": "2020-01-01", "list": [{"import": 0, "export": 0, "id": "IN"}, {"import": 207936, "export": 0, "id": "TH"}, {"import": 13503, "export": 0, "id": "VN"}, {"import": 55137, "export": 0, "id": "PK"}, {"import": 0, "export": 0, "id": "US"}, {"import": 0, "export": 0, "id": "LK"}, {"import": 0, "export": 0, "id": "ID"}, {"import": 0, "export": 0, "id": "MY"}, {"import": 0, "export": 0, "id": "TW"}, {"import": 0, "export": 179, "id": "-"}], "import": 276576, "export": 179}, {"date": "2020-02-01", "list": [{"import": 5000, "export": 0, "id": "IN"}, {"import": 110883, "export": 0, "id": "TH"}, {"import": 0, "export": 0, "id": "VN"}, {"import": 0, "export": 0, "id": "PK"}, {"import": 0, "export": 0, "id": "US"}, {"import": 0, "export": 0, "id": "LK"}, {"import": 0, "export": 0, "id": "ID"}, {"import": 0, "export": 0, "id": "MY"}, {"import": 0, "export": 0, "id": "TW"}, {"import": 0, "export": 169, "id": "-"}], "import": 115883, "export": 169}, {"date": "2020-03-01", "list": [{"import": 9320, "export": 0, "id": "IN"}, {"import": 164740, "export": 0, "id": "TH"}, {"import": 28380, "export": 0, "id": "VN"}, {"import": 30780, "export": 0, "id": "PK"}, {"import": 0, "export": 0, "id": "US"}, {"import": 0, "export": 0, "id": "LK"}, {"import": 0, "export": 0, "id": "ID"}, {"import": 0, "export": 0, "id": "MY"}, {"import": 0, "export": 0, "id": "TW"}, {"import": 0, "export": 288, "id": "-"}], "import": 233220, "export": 288}, {"date": "2020-04-01", "list": [{"import": 119042, "export": 0, "id": "IN"}, {"import": 111472, "export": 0, "id": "TH"}, {"import": 2880, "export": 0, "id": "VN"}, {"import": 85080, "export": 0, "id": "PK"}, {"import": 0, "export": 0, "id": "US"}, {"import": 0, "export": 0, "id": "LK"}, {"import": 0, "export": 0, "id": "ID"}, {"import": 0, "export": 0, "id": "MY"}, {"import": 0, "export": 0, "id": "TW"}, {"import": 0, "export": 449, "id": "-"}], "import": 318474, "export": 449}, {"date": "2020-05-01", "list": [{"import": 222000, "export": 0, "id": "IN"}, {"import": 148868, "export": 0, "id": "TH"}, {"import": 0, "export": 0, "id": "VN"}, {"import": 28375, "export": 0, "id": "PK"}, {"import": 0, "export": 0, "id": "US"}, {"import": 0, "export": 0, "id": "LK"}, {"import": 0, "export": 0, "id": "ID"}, {"import": 0, "export": 0, "id": "MY"}, {"import": 0, "export": 0, "id": "TW"}, {"import": 0, "export": 231, "id": "-"}], "import": 399243, "export": 231}, {"date": "2020-06-01", "list": [{"import": 10000, "export": 0, "id": "IN"}, {"import": 156032, "export": 0, "id": "TH"}, {"import": 25000, "export": 0, "id": "VN"}, {"import": 82080, "export": 0, "id": "PK"}, {"import": 0, "export": 0, "id": "US"}, {"import": 0, "export": 0, "id": "LK"}, {"import": 0, "export": 0, "id": "ID"}, {"import": 0, "export": 0, "id": "MY"}, {"import": 0, "export": 0, "id": "TW"}, {"import": 0, "export": 242, "id": "-"}], "import": 273112, "export": 242}, {"date": "2020-07-01", "list": [{"import": 272700, "export": 0, "id": "IN"}, {"import": 147364, "export": 0, "id": "TH"}, {"import": 31000, "export": 0, "id": "VN"}, {"import": 29520, "export": 0, "id": "PK"}, {"import": 0, "export": 0, "id": "US"}, {"import": 0, "export": 0, "id": "LK"}, {"import": 0, "export": 0, "id": "ID"}, {"import": 0, "export": 0, "id": "MY"}, {"import": 0, "export": 0, "id": "TW"}, {"import": 0, "export": 169, "id": "-"}], "import": 480584, "export": 169}]