[{"date": "2018-06-01", "list": [{"import": 0, "export": 0, "id": "OM"}, {"import": 0, "export": 0, "id": "IT"}, {"import": 0, "export": 0, "id": "SG"}], "import": 0, "export": 0}, {"date": "2018-07-01", "list": [{"import": 60, "export": 0, "id": "OM"}, {"import": 0, "export": 0, "id": "IT"}, {"import": 0, "export": 0, "id": "SG"}], "import": 60, "export": 0}, {"date": "2018-08-01", "list": [{"import": 0, "export": 0, "id": "OM"}, {"import": 0, "export": 0, "id": "IT"}, {"import": 0, "export": 0, "id": "SG"}], "import": 0, "export": 0}, {"date": "2018-09-01", "list": [{"import": 0, "export": 0, "id": "OM"}, {"import": 0, "export": 0, "id": "IT"}, {"import": 0, "export": 0, "id": "SG"}], "import": 0, "export": 0}, {"date": "2018-10-01", "list": [{"import": 0, "export": 0, "id": "OM"}, {"import": 0, "export": 519, "id": "IT"}, {"import": 0, "export": 288, "id": "SG"}], "import": 0, "export": 807}, {"date": "2018-11-01", "list": [{"import": 0, "export": 0, "id": "OM"}, {"import": 0, "export": 0, "id": "IT"}, {"import": 0, "export": 1800, "id": "SG"}], "import": 0, "export": 1800}, {"date": "2018-12-01", "list": [{"import": 0, "export": 0, "id": "OM"}, {"import": 0, "export": 0, "id": "IT"}, {"import": 0, "export": 0, "id": "SG"}], "import": 0, "export": 0}, {"date": "2019-01-01", "list": [{"import": 0, "export": 0, "id": "OM"}, {"import": 0, "export": 0, "id": "IT"}, {"import": 0, "export": 0, "id": "SG"}], "import": 0, "export": 0}, {"date": "2019-02-01", "list": [{"import": 0, "export": 0, "id": "OM"}, {"import": 0, "export": 0, "id": "IT"}, {"import": 0, "export": 0, "id": "SG"}], "import": 0, "export": 0}, {"date": "2019-03-01", "list": [{"import": 0, "export": 0, "id": "OM"}, {"import": 0, "export": 0, "id": "IT"}, {"import": 0, "export": 0, "id": "SG"}], "import": 0, "export": 0}, {"date": "2019-04-01", "list": [{"import": 0, "export": 0, "id": "OM"}, {"import": 0, "export": 2227, "id": "IT"}, {"import": 0, "export": 0, "id": "SG"}], "import": 0, "export": 2227}, {"date": "2019-05-01", "list": [{"import": 0, "export": 0, "id": "OM"}, {"import": 0, "export": 0, "id": "IT"}, {"import": 0, "export": 0, "id": "SG"}], "import": 0, "export": 0}, {"date": "2019-06-01", "list": [{"import": 0, "export": 0, "id": "OM"}, {"import": 0, "export": 0, "id": "IT"}, {"import": 0, "export": 0, "id": "SG"}], "import": 0, "export": 0}, {"date": "2019-07-01", "list": [{"import": 0, "export": 0, "id": "OM"}, {"import": 0, "export": 0, "id": "IT"}, {"import": 0, "export": 0, "id": "SG"}], "import": 0, "export": 0}, {"date": "2019-08-01", "list": [{"import": 0, "export": 0, "id": "OM"}, {"import": 0, "export": 0, "id": "IT"}, {"import": 0, "export": 0, "id": "SG"}], "import": 0, "export": 0}, {"date": "2019-09-01", "list": [{"import": 0, "export": 0, "id": "OM"}, {"import": 0, "export": 0, "id": "IT"}, {"import": 0, "export": 0, "id": "SG"}], "import": 0, "export": 0}, {"date": "2019-10-01", "list": [{"import": 0, "export": 0, "id": "OM"}, {"import": 0, "export": 466, "id": "IT"}, {"import": 0, "export": 0, "id": "SG"}], "import": 0, "export": 466}, {"date": "2019-11-01", "list": [{"import": 0, "export": 0, "id": "OM"}, {"import": 0, "export": 0, "id": "IT"}, {"import": 0, "export": 0, "id": "SG"}], "import": 0, "export": 0}, {"date": "2019-12-01", "list": [{"import": 0, "export": 0, "id": "OM"}, {"import": 0, "export": 0, "id": "IT"}, {"import": 0, "export": 0, "id": "SG"}], "import": 0, "export": 0}, {"date": "2020-01-01", "list": [{"import": 0, "export": 0, "id": "OM"}, {"import": 0, "export": 0, "id": "IT"}, {"import": 0, "export": 0, "id": "SG"}], "import": 0, "export": 0}]