[{"date": "2019-01-01", "list": [{"import": 0, "export": 0, "id": "JP"}, {"import": 0, "export": 0, "id": "IN"}, {"import": 0, "export": 0, "id": "VN"}, {"import": 0, "export": 0, "id": "TH"}, {"import": 2345100, "export": 0, "id": "US"}, {"import": 0, "export": 0, "id": "GB"}, {"import": 0, "export": 0, "id": "PT"}, {"import": 0, "export": 0, "id": "RU"}, {"import": 0, "export": 0, "id": "DK"}, {"import": 0, "export": 0, "id": "IT"}, {"import": 0, "export": 0, "id": "NL"}, {"import": 0, "export": 0, "id": "PL"}, {"import": 0, "export": 0, "id": "FR"}, {"import": 0, "export": 0, "id": "-"}, {"import": 0, "export": 0, "id": "BE"}, {"import": 0, "export": 0, "id": "SG"}, {"import": 0, "export": 0, "id": "ES"}], "import": 2345100, "export": 0}, {"date": "2019-02-01", "list": [{"import": 0, "export": 0, "id": "JP"}, {"import": 0, "export": 0, "id": "IN"}, {"import": 0, "export": 0, "id": "VN"}, {"import": 0, "export": 0, "id": "TH"}, {"import": 0, "export": 0, "id": "US"}, {"import": 0, "export": 250000, "id": "GB"}, {"import": 0, "export": 0, "id": "PT"}, {"import": 0, "export": 0, "id": "RU"}, {"import": 0, "export": 0, "id": "DK"}, {"import": 0, "export": 60000, "id": "IT"}, {"import": 0, "export": 0, "id": "NL"}, {"import": 0, "export": 0, "id": "PL"}, {"import": 0, "export": 0, "id": "FR"}, {"import": 0, "export": 0, "id": "-"}, {"import": 0, "export": 0, "id": "BE"}, {"import": 0, "export": 0, "id": "SG"}, {"import": 0, "export": 200000, "id": "ES"}], "import": 0, "export": 510000}, {"date": "2019-03-01", "list": [{"import": 0, "export": 0, "id": "JP"}, {"import": 0, "export": 0, "id": "IN"}, {"import": 0, "export": 0, "id": "VN"}, {"import": 0, "export": 0, "id": "TH"}, {"import": 0, "export": 0, "id": "US"}, {"import": 0, "export": 0, "id": "GB"}, {"import": 0, "export": 0, "id": "PT"}, {"import": 0, "export": 0, "id": "RU"}, {"import": 0, "export": 22000, "id": "DK"}, {"import": 0, "export": 0, "id": "IT"}, {"import": 0, "export": 110000, "id": "NL"}, {"import": 0, "export": 0, "id": "PL"}, {"import": 0, "export": 0, "id": "FR"}, {"import": 0, "export": 0, "id": "-"}, {"import": 0, "export": 0, "id": "BE"}, {"import": 0, "export": 0, "id": "SG"}, {"import": 0, "export": 0, "id": "ES"}], "import": 0, "export": 132000}, {"date": "2019-04-01", "list": [{"import": 0, "export": 0, "id": "JP"}, {"import": 0, "export": 0, "id": "IN"}, {"import": 9210, "export": 0, "id": "VN"}, {"import": 0, "export": 0, "id": "TH"}, {"import": 0, "export": 0, "id": "US"}, {"import": 0, "export": 0, "id": "GB"}, {"import": 0, "export": 0, "id": "PT"}, {"import": 0, "export": 0, "id": "RU"}, {"import": 0, "export": 0, "id": "DK"}, {"import": 0, "export": 0, "id": "IT"}, {"import": 0, "export": 42000, "id": "NL"}, {"import": 0, "export": 0, "id": "PL"}, {"import": 0, "export": 0, "id": "FR"}, {"import": 0, "export": 0, "id": "-"}, {"import": 0, "export": 0, "id": "BE"}, {"import": 0, "export": 0, "id": "SG"}, {"import": 0, "export": 0, "id": "ES"}], "import": 9210, "export": 42000}, {"date": "2019-05-01", "list": [{"import": 0, "export": 0, "id": "JP"}, {"import": 21000, "export": 0, "id": "IN"}, {"import": 0, "export": 0, "id": "VN"}, {"import": 0, "export": 0, "id": "TH"}, {"import": 0, "export": 0, "id": "US"}, {"import": 0, "export": 0, "id": "GB"}, {"import": 0, "export": 0, "id": "PT"}, {"import": 0, "export": 0, "id": "RU"}, {"import": 0, "export": 44000, "id": "DK"}, {"import": 0, "export": 0, "id": "IT"}, {"import": 0, "export": 130000, "id": "NL"}, {"import": 0, "export": 0, "id": "PL"}, {"import": 0, "export": 0, "id": "FR"}, {"import": 0, "export": 0, "id": "-"}, {"import": 0, "export": 0, "id": "BE"}, {"import": 0, "export": 0, "id": "SG"}, {"import": 0, "export": 0, "id": "ES"}], "import": 21000, "export": 174000}, {"date": "2019-06-01", "list": [{"import": 0, "export": 0, "id": "JP"}, {"import": 0, "export": 0, "id": "IN"}, {"import": 0, "export": 0, "id": "VN"}, {"import": 0, "export": 0, "id": "TH"}, {"import": 0, "export": 0, "id": "US"}, {"import": 0, "export": 0, "id": "GB"}, {"import": 0, "export": 0, "id": "PT"}, {"import": 0, "export": 0, "id": "RU"}, {"import": 0, "export": 44000, "id": "DK"}, {"import": 0, "export": 0, "id": "IT"}, {"import": 0, "export": 0, "id": "NL"}, {"import": 0, "export": 0, "id": "PL"}, {"import": 0, "export": 0, "id": "FR"}, {"import": 0, "export": 0, "id": "-"}, {"import": 0, "export": 0, "id": "BE"}, {"import": 0, "export": 0, "id": "SG"}, {"import": 0, "export": 0, "id": "ES"}], "import": 0, "export": 44000}, {"date": "2019-07-01", "list": [{"import": 0, "export": 0, "id": "JP"}, {"import": 0, "export": 0, "id": "IN"}, {"import": 0, "export": 0, "id": "VN"}, {"import": 0, "export": 0, "id": "TH"}, {"import": 0, "export": 0, "id": "US"}, {"import": 0, "export": 250000, "id": "GB"}, {"import": 0, "export": 0, "id": "PT"}, {"import": 0, "export": 0, "id": "RU"}, {"import": 0, "export": 92000, "id": "DK"}, {"import": 0, "export": 0, "id": "IT"}, {"import": 0, "export": 0, "id": "NL"}, {"import": 0, "export": 0, "id": "PL"}, {"import": 0, "export": 50000, "id": "FR"}, {"import": 0, "export": 0, "id": "-"}, {"import": 0, "export": 0, "id": "BE"}, {"import": 0, "export": 804, "id": "SG"}, {"import": 0, "export": 0, "id": "ES"}], "import": 0, "export": 392804}, {"date": "2019-08-01", "list": [{"import": 650, "export": 0, "id": "JP"}, {"import": 0, "export": 0, "id": "IN"}, {"import": 0, "export": 0, "id": "VN"}, {"import": 0, "export": 0, "id": "TH"}, {"import": 19197, "export": 0, "id": "US"}, {"import": 0, "export": 0, "id": "GB"}, {"import": 0, "export": 0, "id": "PT"}, {"import": 0, "export": 0, "id": "RU"}, {"import": 0, "export": 0, "id": "DK"}, {"import": 0, "export": 0, "id": "IT"}, {"import": 0, "export": 42900, "id": "NL"}, {"import": 0, "export": 0, "id": "PL"}, {"import": 0, "export": 250000, "id": "FR"}, {"import": 0, "export": 0, "id": "-"}, {"import": 0, "export": 250000, "id": "BE"}, {"import": 0, "export": 0, "id": "SG"}, {"import": 0, "export": 0, "id": "ES"}], "import": 19847, "export": 542900}, {"date": "2019-09-01", "list": [{"import": 0, "export": 0, "id": "JP"}, {"import": 0, "export": 0, "id": "IN"}, {"import": 0, "export": 0, "id": "VN"}, {"import": 0, "export": 0, "id": "TH"}, {"import": 0, "export": 0, "id": "US"}, {"import": 0, "export": 0, "id": "GB"}, {"import": 0, "export": 0, "id": "PT"}, {"import": 0, "export": 0, "id": "RU"}, {"import": 0, "export": 44000, "id": "DK"}, {"import": 0, "export": 0, "id": "IT"}, {"import": 0, "export": 0, "id": "NL"}, {"import": 0, "export": 0, "id": "PL"}, {"import": 0, "export": 0, "id": "FR"}, {"import": 0, "export": 0, "id": "-"}, {"import": 0, "export": 250000, "id": "BE"}, {"import": 0, "export": 0, "id": "SG"}, {"import": 0, "export": 0, "id": "ES"}], "import": 0, "export": 294000}, {"date": "2019-10-01", "list": [{"import": 0, "export": 0, "id": "JP"}, {"import": 0, "export": 0, "id": "IN"}, {"import": 0, "export": 0, "id": "VN"}, {"import": 0, "export": 0, "id": "TH"}, {"import": 0, "export": 14880, "id": "US"}, {"import": 0, "export": 0, "id": "GB"}, {"import": 0, "export": 0, "id": "PT"}, {"import": 0, "export": 0, "id": "RU"}, {"import": 0, "export": 88000, "id": "DK"}, {"import": 0, "export": 0, "id": "IT"}, {"import": 0, "export": 0, "id": "NL"}, {"import": 0, "export": 150000, "id": "PL"}, {"import": 0, "export": 0, "id": "FR"}, {"import": 0, "export": 0, "id": "-"}, {"import": 0, "export": 350000, "id": "BE"}, {"import": 0, "export": 0, "id": "SG"}, {"import": 0, "export": 0, "id": "ES"}], "import": 0, "export": 602880}, {"date": "2018-05-01", "list": [{"import": 0, "export": 0, "id": "GB"}, {"import": 0, "export": 0, "id": "PT"}, {"import": 0, "export": 0, "id": "RU"}, {"import": 0, "export": 0, "id": "DK"}, {"import": 0, "export": 0, "id": "IT"}, {"import": 0, "export": 0, "id": "US"}, {"import": 0, "export": 0, "id": "NL"}, {"import": 0, "export": 0, "id": "PL"}, {"import": 0, "export": 0, "id": "FR"}, {"import": 0, "export": 0, "id": "-"}, {"import": 0, "export": 0, "id": "BE"}, {"import": 0, "export": 0, "id": "SG"}, {"import": 0, "export": 0, "id": "ES"}], "import": 0, "export": 0}, {"date": "2018-06-01", "list": [{"import": 0, "export": 0, "id": "GB"}, {"import": 0, "export": 0, "id": "PT"}, {"import": 0, "export": 96000, "id": "RU"}, {"import": 0, "export": 0, "id": "DK"}, {"import": 0, "export": 0, "id": "IT"}, {"import": 0, "export": 0, "id": "US"}, {"import": 0, "export": 0, "id": "NL"}, {"import": 0, "export": 0, "id": "PL"}, {"import": 0, "export": 0, "id": "FR"}, {"import": 0, "export": 750, "id": "-"}, {"import": 0, "export": 0, "id": "BE"}, {"import": 0, "export": 0, "id": "SG"}, {"import": 0, "export": 0, "id": "ES"}], "import": 0, "export": 96750}, {"date": "2018-07-01", "list": [{"import": 0, "export": 0, "id": "GB"}, {"import": 0, "export": 0, "id": "PT"}, {"import": 0, "export": 48000, "id": "RU"}, {"import": 0, "export": 0, "id": "DK"}, {"import": 0, "export": 120000, "id": "IT"}, {"import": 0, "export": 0, "id": "US"}, {"import": 0, "export": 0, "id": "NL"}, {"import": 0, "export": 0, "id": "PL"}, {"import": 0, "export": 0, "id": "FR"}, {"import": 0, "export": 0, "id": "-"}, {"import": 0, "export": 0, "id": "BE"}, {"import": 0, "export": 0, "id": "SG"}, {"import": 0, "export": 0, "id": "ES"}], "import": 0, "export": 168000}, {"date": "2018-08-01", "list": [{"import": 0, "export": 0, "id": "GB"}, {"import": 0, "export": 0, "id": "PT"}, {"import": 0, "export": 0, "id": "RU"}, {"import": 0, "export": 0, "id": "DK"}, {"import": 0, "export": 0, "id": "IT"}, {"import": 0, "export": 0, "id": "US"}, {"import": 0, "export": 0, "id": "NL"}, {"import": 0, "export": 0, "id": "PL"}, {"import": 0, "export": 0, "id": "FR"}, {"import": 0, "export": 0, "id": "-"}, {"import": 0, "export": 0, "id": "BE"}, {"import": 0, "export": 0, "id": "SG"}, {"import": 0, "export": 0, "id": "ES"}], "import": 0, "export": 0}, {"date": "2018-09-01", "list": [{"import": 0, "export": 0, "id": "GB"}, {"import": 0, "export": 0, "id": "PT"}, {"import": 0, "export": 0, "id": "RU"}, {"import": 0, "export": 0, "id": "DK"}, {"import": 0, "export": 310000, "id": "IT"}, {"import": 0, "export": 0, "id": "US"}, {"import": 0, "export": 19600, "id": "NL"}, {"import": 0, "export": 24000, "id": "PL"}, {"import": 0, "export": 0, "id": "FR"}, {"import": 0, "export": 0, "id": "-"}, {"import": 0, "export": 0, "id": "BE"}, {"import": 0, "export": 0, "id": "SG"}, {"import": 0, "export": 0, "id": "ES"}], "import": 0, "export": 353600}, {"date": "2018-10-01", "list": [{"import": 0, "export": 0, "id": "GB"}, {"import": 0, "export": 0, "id": "PT"}, {"import": 0, "export": 0, "id": "RU"}, {"import": 0, "export": 0, "id": "DK"}, {"import": 0, "export": 60000, "id": "IT"}, {"import": 0, "export": 0, "id": "US"}, {"import": 0, "export": 0, "id": "NL"}, {"import": 0, "export": 0, "id": "PL"}, {"import": 0, "export": 0, "id": "FR"}, {"import": 0, "export": 0, "id": "-"}, {"import": 0, "export": 0, "id": "BE"}, {"import": 0, "export": 0, "id": "SG"}, {"import": 0, "export": 0, "id": "ES"}], "import": 0, "export": 60000}, {"date": "2018-11-01", "list": [{"import": 0, "export": 0, "id": "GB"}, {"import": 0, "export": 0, "id": "PT"}, {"import": 0, "export": 0, "id": "RU"}, {"import": 0, "export": 0, "id": "DK"}, {"import": 0, "export": 0, "id": "IT"}, {"import": 0, "export": 0, "id": "US"}, {"import": 0, "export": 0, "id": "NL"}, {"import": 0, "export": 0, "id": "PL"}, {"import": 0, "export": 0, "id": "FR"}, {"import": 0, "export": 800, "id": "-"}, {"import": 0, "export": 0, "id": "BE"}, {"import": 0, "export": 0, "id": "SG"}, {"import": 0, "export": 0, "id": "ES"}], "import": 0, "export": 800}, {"date": "2018-12-01", "list": [{"import": 0, "export": 0, "id": "GB"}, {"import": 0, "export": 0, "id": "PT"}, {"import": 0, "export": 0, "id": "RU"}, {"import": 0, "export": 0, "id": "DK"}, {"import": 0, "export": 0, "id": "IT"}, {"import": 0, "export": 0, "id": "US"}, {"import": 0, "export": 0, "id": "NL"}, {"import": 0, "export": 0, "id": "PL"}, {"import": 0, "export": 0, "id": "FR"}, {"import": 0, "export": 0, "id": "-"}, {"import": 0, "export": 0, "id": "BE"}, {"import": 0, "export": 0, "id": "SG"}, {"import": 0, "export": 0, "id": "ES"}], "import": 0, "export": 0}]