[{"date": "2011-05-01", "list": [{"import": 20091716, "export": 0, "id": "TH"}, {"import": 0, "export": 0, "id": "IN"}, {"import": 27996076, "export": 0, "id": "VN"}, {"import": 0, "export": 0, "id": "UY"}, {"import": 6001736, "export": 0, "id": "US"}, {"import": 2360, "export": 0, "id": "FR"}, {"import": 0, "export": 0, "id": "AE"}, {"import": 0, "export": 0, "id": "EG"}, {"import": 0, "export": 0, "id": "GB"}, {"import": 0, "export": 0, "id": "BE"}, {"import": 0, "export": 0, "id": "BR"}, {"import": 0, "export": 0, "id": "MM"}, {"import": 0, "export": 0, "id": "KH"}, {"import": 0, "export": 0, "id": "TD"}, {"import": 24875, "export": 0, "id": "CN"}, {"import": 495, "export": 0, "id": "IT"}, {"import": 0, "export": 0, "id": "LB"}, {"import": 0, "export": 0, "id": "TW"}, {"import": 0, "export": 0, "id": "NL"}, {"import": 0, "export": 0, "id": "NG"}, {"import": 1750000, "export": 0, "id": "PK"}, {"import": 0, "export": 0, "id": "SA"}, {"import": 0, "export": 0, "id": "SG"}, {"import": 0, "export": 0, "id": "SK"}, {"import": 0, "export": 0, "id": "CF"}], "import": 55867258, "export": 0}, {"date": "2011-06-01", "list": [{"import": 13289124, "export": 0, "id": "TH"}, {"import": 0, "export": 0, "id": "IN"}, {"import": 22061056, "export": 0, "id": "VN"}, {"import": 0, "export": 0, "id": "UY"}, {"import": 6156546, "export": 0, "id": "US"}, {"import": 0, "export": 0, "id": "FR"}, {"import": 542, "export": 0, "id": "AE"}, {"import": 0, "export": 0, "id": "EG"}, {"import": 0, "export": 0, "id": "GB"}, {"import": 0, "export": 0, "id": "BE"}, {"import": 0, "export": 0, "id": "BR"}, {"import": 0, "export": 0, "id": "MM"}, {"import": 0, "export": 0, "id": "KH"}, {"import": 0, "export": 0, "id": "TD"}, {"import": 0, "export": 0, "id": "CN"}, {"import": 0, "export": 0, "id": "IT"}, {"import": 0, "export": 0, "id": "LB"}, {"import": 0, "export": 0, "id": "TW"}, {"import": 0, "export": 0, "id": "NL"}, {"import": 0, "export": 0, "id": "NG"}, {"import": 7951888, "export": 0, "id": "PK"}, {"import": 0, "export": 0, "id": "SA"}, {"import": 0, "export": 0, "id": "SG"}, {"import": 0, "export": 0, "id": "SK"}, {"import": 0, "export": 0, "id": "CF"}], "import": 49459156, "export": 0}, {"date": "2011-07-01", "list": [{"import": 1417644, "export": 0, "id": "TH"}, {"import": 61935, "export": 0, "id": "IN"}, {"import": 15574643, "export": 0, "id": "VN"}, {"import": 0, "export": 0, "id": "UY"}, {"import": 0, "export": 0, "id": "US"}, {"import": 2172, "export": 0, "id": "FR"}, {"import": 710, "export": 0, "id": "AE"}, {"import": 0, "export": 0, "id": "EG"}, {"import": 0, "export": 0, "id": "GB"}, {"import": 0, "export": 0, "id": "BE"}, {"import": 0, "export": 0, "id": "BR"}, {"import": 18334720, "export": 0, "id": "MM"}, {"import": 0, "export": 0, "id": "KH"}, {"import": 0, "export": 0, "id": "TD"}, {"import": 0, "export": 0, "id": "CN"}, {"import": 397, "export": 0, "id": "IT"}, {"import": 100, "export": 0, "id": "LB"}, {"import": 0, "export": 0, "id": "TW"}, {"import": 0, "export": 0, "id": "NL"}, {"import": 0, "export": 0, "id": "NG"}, {"import": 5999710, "export": 0, "id": "PK"}, {"import": 1000, "export": 0, "id": "SA"}, {"import": 0, "export": 0, "id": "SG"}, {"import": 0, "export": 0, "id": "SK"}, {"import": 0, "export": 0, "id": "CF"}], "import": 41393031, "export": 0}, {"date": "2011-08-01", "list": [{"import": 47456320, "export": 0, "id": "TH"}, {"import": 0, "export": 0, "id": "IN"}, {"import": 10999364, "export": 0, "id": "VN"}, {"import": 0, "export": 0, "id": "UY"}, {"import": 1248, "export": 0, "id": "US"}, {"import": 1217, "export": 0, "id": "FR"}, {"import": 254, "export": 0, "id": "AE"}, {"import": 0, "export": 0, "id": "EG"}, {"import": 0, "export": 0, "id": "GB"}, {"import": 0, "export": 0, "id": "BE"}, {"import": 0, "export": 0, "id": "BR"}, {"import": 0, "export": 0, "id": "MM"}, {"import": 0, "export": 0, "id": "KH"}, {"import": 70000, "export": 15000, "id": "TD"}, {"import": 60, "export": 0, "id": "CN"}, {"import": 270, "export": 0, "id": "IT"}, {"import": 0, "export": 0, "id": "LB"}, {"import": 0, "export": 0, "id": "TW"}, {"import": 0, "export": 0, "id": "NL"}, {"import": 27900, "export": 0, "id": "NG"}, {"import": 15255801, "export": 0, "id": "PK"}, {"import": 0, "export": 0, "id": "SA"}, {"import": 0, "export": 0, "id": "SG"}, {"import": 0, "export": 0, "id": "SK"}, {"import": 0, "export": 0, "id": "CF"}], "import": 73812434, "export": 15000}, {"date": "2011-09-01", "list": [{"import": 31122916, "export": 0, "id": "TH"}, {"import": 42000, "export": 0, "id": "IN"}, {"import": 12006319, "export": 0, "id": "VN"}, {"import": 0, "export": 0, "id": "UY"}, {"import": 831825, "export": 0, "id": "US"}, {"import": 714, "export": 0, "id": "FR"}, {"import": 0, "export": 0, "id": "AE"}, {"import": 0, "export": 0, "id": "EG"}, {"import": 0, "export": 0, "id": "GB"}, {"import": 0, "export": 0, "id": "BE"}, {"import": 0, "export": 0, "id": "BR"}, {"import": 0, "export": 0, "id": "MM"}, {"import": 0, "export": 0, "id": "KH"}, {"import": 0, "export": 0, "id": "TD"}, {"import": 1126, "export": 0, "id": "CN"}, {"import": 773, "export": 0, "id": "IT"}, {"import": 0, "export": 0, "id": "LB"}, {"import": 0, "export": 0, "id": "TW"}, {"import": 0, "export": 0, "id": "NL"}, {"import": 37200, "export": 0, "id": "NG"}, {"import": 2500000, "export": 0, "id": "PK"}, {"import": 0, "export": 0, "id": "SA"}, {"import": 1499928, "export": 0, "id": "SG"}, {"import": 0, "export": 0, "id": "SK"}, {"import": 0, "export": 0, "id": "CF"}], "import": 48042801, "export": 0}, {"date": "2011-10-01", "list": [{"import": 11449439, "export": 0, "id": "TH"}, {"import": 0, "export": 0, "id": "IN"}, {"import": 0, "export": 0, "id": "VN"}, {"import": 0, "export": 0, "id": "UY"}, {"import": 669, "export": 0, "id": "US"}, {"import": 931, "export": 0, "id": "FR"}, {"import": 0, "export": 0, "id": "AE"}, {"import": 0, "export": 0, "id": "EG"}, {"import": 0, "export": 0, "id": "GB"}, {"import": 0, "export": 0, "id": "BE"}, {"import": 0, "export": 0, "id": "BR"}, {"import": 0, "export": 0, "id": "MM"}, {"import": 0, "export": 0, "id": "KH"}, {"import": 0, "export": 0, "id": "TD"}, {"import": 26615, "export": 0, "id": "CN"}, {"import": 405, "export": 0, "id": "IT"}, {"import": 0, "export": 0, "id": "LB"}, {"import": 0, "export": 0, "id": "TW"}, {"import": 0, "export": 0, "id": "NL"}, {"import": 155600, "export": 0, "id": "NG"}, {"import": 0, "export": 0, "id": "PK"}, {"import": 0, "export": 0, "id": "SA"}, {"import": 0, "export": 0, "id": "SG"}, {"import": 0, "export": 0, "id": "SK"}, {"import": 0, "export": 0, "id": "CF"}], "import": 11633659, "export": 0}, {"date": "2011-11-01", "list": [{"import": 20184912, "export": 0, "id": "TH"}, {"import": 0, "export": 0, "id": "IN"}, {"import": 27000, "export": 0, "id": "VN"}, {"import": 0, "export": 0, "id": "UY"}, {"import": 2455, "export": 0, "id": "US"}, {"import": 11382, "export": 0, "id": "FR"}, {"import": 100, "export": 0, "id": "AE"}, {"import": 0, "export": 0, "id": "EG"}, {"import": 700, "export": 0, "id": "GB"}, {"import": 0, "export": 0, "id": "BE"}, {"import": 0, "export": 0, "id": "BR"}, {"import": 0, "export": 0, "id": "MM"}, {"import": 0, "export": 0, "id": "KH"}, {"import": 0, "export": 170000, "id": "TD"}, {"import": 1058, "export": 0, "id": "CN"}, {"import": 0, "export": 0, "id": "IT"}, {"import": 0, "export": 0, "id": "LB"}, {"import": 0, "export": 0, "id": "TW"}, {"import": 0, "export": 0, "id": "NL"}, {"import": 146200, "export": 0, "id": "NG"}, {"import": 0, "export": 0, "id": "PK"}, {"import": 0, "export": 0, "id": "SA"}, {"import": 0, "export": 0, "id": "SG"}, {"import": 0, "export": 0, "id": "SK"}, {"import": 0, "export": 0, "id": "CF"}], "import": 20373807, "export": 170000}, {"date": "2011-12-01", "list": [{"import": 18614224, "export": 0, "id": "TH"}, {"import": 37382, "export": 0, "id": "IN"}, {"import": 0, "export": 0, "id": "VN"}, {"import": 0, "export": 0, "id": "UY"}, {"import": 2490, "export": 0, "id": "US"}, {"import": 2549, "export": 0, "id": "FR"}, {"import": 0, "export": 0, "id": "AE"}, {"import": 0, "export": 0, "id": "EG"}, {"import": 0, "export": 0, "id": "GB"}, {"import": 200, "export": 0, "id": "BE"}, {"import": 0, "export": 0, "id": "BR"}, {"import": 0, "export": 0, "id": "MM"}, {"import": 0, "export": 0, "id": "KH"}, {"import": 0, "export": 30000, "id": "TD"}, {"import": 1069, "export": 0, "id": "CN"}, {"import": 1786, "export": 0, "id": "IT"}, {"import": 818, "export": 0, "id": "LB"}, {"import": 0, "export": 0, "id": "TW"}, {"import": 0, "export": 0, "id": "NL"}, {"import": 54000, "export": 0, "id": "NG"}, {"import": 0, "export": 0, "id": "PK"}, {"import": 0, "export": 0, "id": "SA"}, {"import": 0, "export": 0, "id": "SG"}, {"import": 0, "export": 0, "id": "SK"}, {"import": 0, "export": 0, "id": "CF"}], "import": 18714518, "export": 30000}, {"date": "2012-01-01", "list": [{"import": 4524700, "export": 0, "id": "TH"}, {"import": 8364000, "export": 0, "id": "IN"}, {"import": 0, "export": 0, "id": "VN"}, {"import": 0, "export": 0, "id": "UY"}, {"import": 1354, "export": 0, "id": "US"}, {"import": 650, "export": 0, "id": "FR"}, {"import": 0, "export": 0, "id": "AE"}, {"import": 0, "export": 0, "id": "EG"}, {"import": 0, "export": 0, "id": "GB"}, {"import": 0, "export": 0, "id": "BE"}, {"import": 0, "export": 0, "id": "BR"}, {"import": 0, "export": 0, "id": "MM"}, {"import": 0, "export": 0, "id": "KH"}, {"import": 0, "export": 0, "id": "TD"}, {"import": 500, "export": 0, "id": "CN"}, {"import": 283, "export": 0, "id": "IT"}, {"import": 0, "export": 0, "id": "LB"}, {"import": 0, "export": 0, "id": "TW"}, {"import": 0, "export": 0, "id": "NL"}, {"import": 0, "export": 0, "id": "NG"}, {"import": 5281571, "export": 0, "id": "PK"}, {"import": 0, "export": 0, "id": "SA"}, {"import": 0, "export": 0, "id": "SG"}, {"import": 0, "export": 0, "id": "SK"}, {"import": 0, "export": 0, "id": "CF"}], "import": 18173058, "export": 0}, {"date": "2012-02-01", "list": [{"import": 7785648, "export": 0, "id": "TH"}, {"import": 13248908, "export": 0, "id": "IN"}, {"import": 0, "export": 0, "id": "VN"}, {"import": 0, "export": 0, "id": "UY"}, {"import": 1401, "export": 0, "id": "US"}, {"import": 1591, "export": 0, "id": "FR"}, {"import": 0, "export": 0, "id": "AE"}, {"import": 0, "export": 0, "id": "EG"}, {"import": 0, "export": 0, "id": "GB"}, {"import": 0, "export": 0, "id": "BE"}, {"import": 0, "export": 0, "id": "BR"}, {"import": 0, "export": 0, "id": "MM"}, {"import": 0, "export": 0, "id": "KH"}, {"import": 0, "export": 0, "id": "TD"}, {"import": 629, "export": 0, "id": "CN"}, {"import": 0, "export": 0, "id": "IT"}, {"import": 0, "export": 0, "id": "LB"}, {"import": 0, "export": 0, "id": "TW"}, {"import": 0, "export": 0, "id": "NL"}, {"import": 0, "export": 0, "id": "NG"}, {"import": 1253397, "export": 0, "id": "PK"}, {"import": 0, "export": 0, "id": "SA"}, {"import": 5, "export": 0, "id": "SG"}, {"import": 0, "export": 0, "id": "SK"}, {"import": 0, "export": 15000, "id": "CF"}], "import": 22291579, "export": 15000}, {"date": "2012-03-01", "list": [{"import": 3990300, "export": 0, "id": "TH"}, {"import": 10270440, "export": 0, "id": "IN"}, {"import": 3799402, "export": 0, "id": "VN"}, {"import": 0, "export": 0, "id": "UY"}, {"import": 630, "export": 0, "id": "US"}, {"import": 1613, "export": 0, "id": "FR"}, {"import": 417, "export": 0, "id": "AE"}, {"import": 0, "export": 0, "id": "EG"}, {"import": 0, "export": 0, "id": "GB"}, {"import": 0, "export": 0, "id": "BE"}, {"import": 0, "export": 0, "id": "BR"}, {"import": 0, "export": 0, "id": "MM"}, {"import": 0, "export": 0, "id": "KH"}, {"import": 0, "export": 100000, "id": "TD"}, {"import": 0, "export": 0, "id": "CN"}, {"import": 436, "export": 0, "id": "IT"}, {"import": 0, "export": 0, "id": "LB"}, {"import": 0, "export": 0, "id": "TW"}, {"import": 0, "export": 0, "id": "NL"}, {"import": 0, "export": 100000, "id": "NG"}, {"import": 6255410, "export": 0, "id": "PK"}, {"import": 0, "export": 0, "id": "SA"}, {"import": 0, "export": 0, "id": "SG"}, {"import": 0, "export": 0, "id": "SK"}, {"import": 0, "export": 15000, "id": "CF"}], "import": 24318648, "export": 215000}, {"date": "2012-04-01", "list": [{"import": 144000, "export": 0, "id": "TH"}, {"import": 21554472, "export": 0, "id": "IN"}, {"import": 8699919, "export": 0, "id": "VN"}, {"import": 0, "export": 0, "id": "UY"}, {"import": 1192, "export": 0, "id": "US"}, {"import": 1216, "export": 0, "id": "FR"}, {"import": 0, "export": 0, "id": "AE"}, {"import": 0, "export": 0, "id": "EG"}, {"import": 0, "export": 0, "id": "GB"}, {"import": 0, "export": 0, "id": "BE"}, {"import": 0, "export": 0, "id": "BR"}, {"import": 0, "export": 0, "id": "MM"}, {"import": 0, "export": 0, "id": "KH"}, {"import": 0, "export": 0, "id": "TD"}, {"import": 950, "export": 0, "id": "CN"}, {"import": 2377, "export": 0, "id": "IT"}, {"import": 0, "export": 0, "id": "LB"}, {"import": 0, "export": 0, "id": "TW"}, {"import": 0, "export": 0, "id": "NL"}, {"import": 0, "export": 25000, "id": "NG"}, {"import": 1101240, "export": 0, "id": "PK"}, {"import": 0, "export": 0, "id": "SA"}, {"import": 0, "export": 0, "id": "SG"}, {"import": 90, "export": 0, "id": "SK"}, {"import": 0, "export": 15000, "id": "CF"}], "import": 31505456, "export": 40000}, {"date": "2012-05-01", "list": [{"import": 46830384, "export": 0, "id": "TH"}, {"import": 32022500, "export": 0, "id": "IN"}, {"import": 7049470, "export": 0, "id": "VN"}, {"import": 0, "export": 0, "id": "UY"}, {"import": 1086, "export": 0, "id": "US"}, {"import": 8125, "export": 0, "id": "FR"}, {"import": 0, "export": 0, "id": "AE"}, {"import": 0, "export": 0, "id": "EG"}, {"import": 0, "export": 0, "id": "GB"}, {"import": 370, "export": 0, "id": "BE"}, {"import": 0, "export": 0, "id": "BR"}, {"import": 0, "export": 0, "id": "MM"}, {"import": 0, "export": 0, "id": "KH"}, {"import": 0, "export": 75000, "id": "TD"}, {"import": 174, "export": 0, "id": "CN"}, {"import": 295, "export": 0, "id": "IT"}, {"import": 0, "export": 0, "id": "LB"}, {"import": 0, "export": 0, "id": "TW"}, {"import": 46000, "export": 0, "id": "NL"}, {"import": 0, "export": 0, "id": "NG"}, {"import": 1000000, "export": 0, "id": "PK"}, {"import": 0, "export": 0, "id": "SA"}, {"import": 0, "export": 0, "id": "SG"}, {"import": 0, "export": 0, "id": "SK"}, {"import": 0, "export": 0, "id": "CF"}], "import": 86958404, "export": 75000}, {"date": "2012-06-01", "list": [{"import": 26487968, "export": 0, "id": "TH"}, {"import": 13650117, "export": 0, "id": "IN"}, {"import": 599625, "export": 0, "id": "VN"}, {"import": 0, "export": 0, "id": "UY"}, {"import": 1389, "export": 0, "id": "US"}, {"import": 1455, "export": 0, "id": "FR"}, {"import": 2469, "export": 0, "id": "AE"}, {"import": 460, "export": 0, "id": "EG"}, {"import": 0, "export": 0, "id": "GB"}, {"import": 0, "export": 0, "id": "BE"}, {"import": 0, "export": 0, "id": "BR"}, {"import": 5473350, "export": 0, "id": "MM"}, {"import": 0, "export": 0, "id": "KH"}, {"import": 0, "export": 0, "id": "TD"}, {"import": 619, "export": 0, "id": "CN"}, {"import": 694, "export": 0, "id": "IT"}, {"import": 0, "export": 0, "id": "LB"}, {"import": 0, "export": 0, "id": "TW"}, {"import": 0, "export": 0, "id": "NL"}, {"import": 0, "export": 0, "id": "NG"}, {"import": 500000, "export": 0, "id": "PK"}, {"import": 0, "export": 0, "id": "SA"}, {"import": 0, "export": 0, "id": "SG"}, {"import": 0, "export": 0, "id": "SK"}, {"import": 0, "export": 15000, "id": "CF"}], "import": 46718146, "export": 15000}, {"date": "2012-07-01", "list": [{"import": 24304636, "export": 0, "id": "TH"}, {"import": 2015317, "export": 0, "id": "IN"}, {"import": 16080630, "export": 0, "id": "VN"}, {"import": 0, "export": 0, "id": "UY"}, {"import": 2520, "export": 0, "id": "US"}, {"import": 9195, "export": 0, "id": "FR"}, {"import": 0, "export": 0, "id": "AE"}, {"import": 0, "export": 0, "id": "EG"}, {"import": 0, "export": 0, "id": "GB"}, {"import": 0, "export": 0, "id": "BE"}, {"import": 0, "export": 0, "id": "BR"}, {"import": 0, "export": 0, "id": "MM"}, {"import": 0, "export": 0, "id": "KH"}, {"import": 0, "export": 0, "id": "TD"}, {"import": 0, "export": 0, "id": "CN"}, {"import": 15902, "export": 0, "id": "IT"}, {"import": 0, "export": 0, "id": "LB"}, {"import": 0, "export": 0, "id": "TW"}, {"import": 0, "export": 0, "id": "NL"}, {"import": 0, "export": 30000, "id": "NG"}, {"import": 0, "export": 0, "id": "PK"}, {"import": 0, "export": 0, "id": "SA"}, {"import": 0, "export": 0, "id": "SG"}, {"import": 0, "export": 0, "id": "SK"}, {"import": 0, "export": 30000, "id": "CF"}], "import": 42428200, "export": 60000}, {"date": "2012-08-01", "list": [{"import": 10913458, "export": 0, "id": "TH"}, {"import": 21542700, "export": 0, "id": "IN"}, {"import": 199987, "export": 0, "id": "VN"}, {"import": 0, "export": 0, "id": "UY"}, {"import": 0, "export": 0, "id": "US"}, {"import": 1523, "export": 0, "id": "FR"}, {"import": 0, "export": 0, "id": "AE"}, {"import": 0, "export": 0, "id": "EG"}, {"import": 0, "export": 0, "id": "GB"}, {"import": 2000, "export": 0, "id": "BE"}, {"import": 0, "export": 0, "id": "BR"}, {"import": 0, "export": 0, "id": "MM"}, {"import": 168000, "export": 0, "id": "KH"}, {"import": 0, "export": 0, "id": "TD"}, {"import": 0, "export": 0, "id": "CN"}, {"import": 0, "export": 0, "id": "IT"}, {"import": 0, "export": 0, "id": "LB"}, {"import": 0, "export": 0, "id": "TW"}, {"import": 0, "export": 0, "id": "NL"}, {"import": 0, "export": 10000, "id": "NG"}, {"import": 0, "export": 0, "id": "PK"}, {"import": 0, "export": 0, "id": "SA"}, {"import": 0, "export": 0, "id": "SG"}, {"import": 0, "export": 0, "id": "SK"}, {"import": 0, "export": 0, "id": "CF"}], "import": 32827668, "export": 10000}, {"date": "2012-09-01", "list": [{"import": 29040976, "export": 0, "id": "TH"}, {"import": 10716606, "export": 0, "id": "IN"}, {"import": 30171816, "export": 0, "id": "VN"}, {"import": 0, "export": 0, "id": "UY"}, {"import": 1748, "export": 0, "id": "US"}, {"import": 1370, "export": 0, "id": "FR"}, {"import": 0, "export": 0, "id": "AE"}, {"import": 0, "export": 0, "id": "EG"}, {"import": 0, "export": 0, "id": "GB"}, {"import": 0, "export": 0, "id": "BE"}, {"import": 0, "export": 0, "id": "BR"}, {"import": 0, "export": 0, "id": "MM"}, {"import": 0, "export": 0, "id": "KH"}, {"import": 0, "export": 0, "id": "TD"}, {"import": 0, "export": 0, "id": "CN"}, {"import": 0, "export": 0, "id": "IT"}, {"import": 0, "export": 0, "id": "LB"}, {"import": 1462, "export": 0, "id": "TW"}, {"import": 0, "export": 0, "id": "NL"}, {"import": 0, "export": 17500, "id": "NG"}, {"import": 0, "export": 0, "id": "PK"}, {"import": 0, "export": 0, "id": "SA"}, {"import": 0, "export": 0, "id": "SG"}, {"import": 0, "export": 0, "id": "SK"}, {"import": 0, "export": 0, "id": "CF"}], "import": 69933978, "export": 17500}, {"date": "2012-10-01", "list": [{"import": 21355718, "export": 0, "id": "TH"}, {"import": 9998925, "export": 0, "id": "IN"}, {"import": 294998, "export": 0, "id": "VN"}, {"import": 0, "export": 0, "id": "UY"}, {"import": 1230, "export": 0, "id": "US"}, {"import": 4926, "export": 0, "id": "FR"}, {"import": 0, "export": 0, "id": "AE"}, {"import": 0, "export": 0, "id": "EG"}, {"import": 0, "export": 0, "id": "GB"}, {"import": 450, "export": 0, "id": "BE"}, {"import": 0, "export": 0, "id": "BR"}, {"import": 0, "export": 0, "id": "MM"}, {"import": 0, "export": 0, "id": "KH"}, {"import": 0, "export": 0, "id": "TD"}, {"import": 0, "export": 0, "id": "CN"}, {"import": 0, "export": 0, "id": "IT"}, {"import": 0, "export": 0, "id": "LB"}, {"import": 0, "export": 0, "id": "TW"}, {"import": 0, "export": 0, "id": "NL"}, {"import": 0, "export": 45000, "id": "NG"}, {"import": 0, "export": 0, "id": "PK"}, {"import": 0, "export": 0, "id": "SA"}, {"import": 0, "export": 0, "id": "SG"}, {"import": 0, "export": 0, "id": "SK"}, {"import": 0, "export": 30000, "id": "CF"}], "import": 31656247, "export": 75000}, {"date": "2012-11-01", "list": [{"import": 45799172, "export": 0, "id": "TH"}, {"import": 10999088, "export": 0, "id": "IN"}, {"import": 24399728, "export": 0, "id": "VN"}, {"import": 0, "export": 0, "id": "UY"}, {"import": 1277, "export": 0, "id": "US"}, {"import": 2452, "export": 0, "id": "FR"}, {"import": 0, "export": 0, "id": "AE"}, {"import": 0, "export": 0, "id": "EG"}, {"import": 0, "export": 0, "id": "GB"}, {"import": 590, "export": 0, "id": "BE"}, {"import": 3488244, "export": 0, "id": "BR"}, {"import": 0, "export": 0, "id": "MM"}, {"import": 0, "export": 0, "id": "KH"}, {"import": 0, "export": 0, "id": "TD"}, {"import": 376, "export": 0, "id": "CN"}, {"import": 358, "export": 0, "id": "IT"}, {"import": 0, "export": 0, "id": "LB"}, {"import": 0, "export": 0, "id": "TW"}, {"import": 100, "export": 0, "id": "NL"}, {"import": 20, "export": 70000, "id": "NG"}, {"import": 0, "export": 0, "id": "PK"}, {"import": 0, "export": 0, "id": "SA"}, {"import": 0, "export": 0, "id": "SG"}, {"import": 0, "export": 0, "id": "SK"}, {"import": 0, "export": 0, "id": "CF"}], "import": 84691405, "export": 70000}, {"date": "2012-12-01", "list": [{"import": 21034128, "export": 0, "id": "TH"}, {"import": 15450000, "export": 0, "id": "IN"}, {"import": 7499792, "export": 0, "id": "VN"}, {"import": 250000, "export": 0, "id": "UY"}, {"import": 2428, "export": 0, "id": "US"}, {"import": 1269, "export": 0, "id": "FR"}, {"import": 371, "export": 0, "id": "AE"}, {"import": 0, "export": 0, "id": "EG"}, {"import": 0, "export": 0, "id": "GB"}, {"import": 0, "export": 0, "id": "BE"}, {"import": 0, "export": 0, "id": "BR"}, {"import": 0, "export": 0, "id": "MM"}, {"import": 0, "export": 0, "id": "KH"}, {"import": 0, "export": 0, "id": "TD"}, {"import": 0, "export": 0, "id": "CN"}, {"import": 0, "export": 0, "id": "IT"}, {"import": 0, "export": 0, "id": "LB"}, {"import": 0, "export": 0, "id": "TW"}, {"import": 0, "export": 0, "id": "NL"}, {"import": 0, "export": 112500, "id": "NG"}, {"import": 0, "export": 0, "id": "PK"}, {"import": 0, "export": 0, "id": "SA"}, {"import": 0, "export": 0, "id": "SG"}, {"import": 0, "export": 0, "id": "SK"}, {"import": 0, "export": 15000, "id": "CF"}], "import": 44237988, "export": 127500}]