[{"date": "2019-09-01", "list": [{"import": 189681, "export": 0, "id": "BR"}, {"import": 2154, "export": 0, "id": "FR"}, {"import": 60381, "export": 0, "id": "TH"}, {"import": 382644, "export": 0, "id": "US"}], "import": 634860, "export": 0}, {"date": "2019-10-01", "list": [{"import": 141309, "export": 0, "id": "BR"}, {"import": 1174, "export": 0, "id": "FR"}, {"import": 18000, "export": 0, "id": "IN"}, {"import": 65830, "export": 0, "id": "TH"}, {"import": 423010, "export": 0, "id": "US"}], "import": 649323, "export": 0}, {"date": "2019-11-01", "list": [{"import": 180792, "export": 0, "id": "BR"}, {"import": 1413, "export": 0, "id": "FR"}, {"import": 20227, "export": 0, "id": "IN"}, {"import": 24995, "export": 0, "id": "TH"}, {"import": 366130, "export": 0, "id": "US"}], "import": 593557, "export": 0}, {"date": "2019-12-01", "list": [{"import": 114531, "export": 0, "id": "BR"}, {"import": 928, "export": 0, "id": "FR"}, {"import": 40860, "export": 0, "id": "TH"}, {"import": 78145, "export": 0, "id": "US"}], "import": 234464, "export": 0}, {"date": "2020-01-01", "list": [{"import": 163261, "export": 0, "id": "BR"}, {"import": 1032, "export": 0, "id": "FR"}, {"import": 45400, "export": 0, "id": "TH"}, {"import": 176859, "export": 0, "id": "US"}], "import": 386552, "export": 0}, {"date": "2020-02-01", "list": [{"import": 250472, "export": 0, "id": "BR"}, {"import": 1194, "export": 0, "id": "FR"}, {"import": 24995, "export": 0, "id": "TH"}, {"import": 175925, "export": 0, "id": "US"}], "import": 452586, "export": 0}, {"date": "2020-03-01", "list": [{"import": 167285, "export": 0, "id": "BR"}, {"import": 450, "export": 0, "id": "FR"}, {"import": 1475, "export": 0, "id": "NL"}, {"import": 600, "export": 0, "id": "PT"}, {"import": 22700, "export": 0, "id": "TH"}, {"import": 622459, "export": 0, "id": "US"}], "import": 814969, "export": 0}, {"date": "2020-04-01", "list": [{"import": 367954, "export": 0, "id": "BR"}, {"import": 476, "export": 0, "id": "PT"}, {"import": 110120, "export": 0, "id": "TH"}, {"import": 480864, "export": 0, "id": "US"}], "import": 959414, "export": 0}, {"date": "2020-05-01", "list": [{"import": 209936, "export": 0, "id": "BR"}, {"import": 106690, "export": 0, "id": "TH"}, {"import": 613447, "export": 0, "id": "US"}, {"import": 16480, "export": 0, "id": "CA"}], "import": 946553, "export": 0}, {"date": "2020-06-01", "list": [{"import": 390861, "export": 0, "id": "BR"}, {"import": 598, "export": 0, "id": "FR"}, {"import": 61290, "export": 0, "id": "TH"}, {"import": 143203, "export": 0, "id": "US"}], "import": 595952, "export": 0}]