[{"date": "2017-01-01", "list": [{"import": 3771, "export": 0, "id": "ZA"}], "import": 3771, "export": 0}, {"date": "2017-02-01", "list": [{"import": 1646, "export": 0, "id": "ZA"}], "import": 1646, "export": 0}, {"date": "2017-03-01", "list": [{"import": 11260, "export": 0, "id": "ZA"}], "import": 11260, "export": 0}, {"date": "2017-04-01", "list": [{"import": 34720, "export": 0, "id": "ZA"}], "import": 34720, "export": 0}, {"date": "2017-05-01", "list": [{"import": 1880, "export": 6, "id": "ZA"}], "import": 1880, "export": 6}, {"date": "2017-06-01", "list": [{"import": 0, "export": 0, "id": "ZA"}], "import": 0, "export": 0}, {"date": "2017-07-01", "list": [{"import": 214, "export": 0, "id": "ZA"}], "import": 214, "export": 0}, {"date": "2017-08-01", "list": [{"import": 0, "export": 0, "id": "ZA"}], "import": 0, "export": 0}, {"date": "2017-09-01", "list": [{"import": 3090, "export": 0, "id": "ZA"}], "import": 3090, "export": 0}, {"date": "2017-10-01", "list": [{"import": 6, "export": 140, "id": "ZA"}], "import": 6, "export": 140}, {"date": "2017-11-01", "list": [{"import": 36023, "export": 0, "id": "ZA"}], "import": 36023, "export": 0}, {"date": "2017-12-01", "list": [{"import": 36624, "export": 0, "id": "ZA"}], "import": 36624, "export": 0}, {"date": "2016-05-01", "list": [{"import": 0, "export": 0, "id": "ZA"}], "import": 0, "export": 0}, {"date": "2016-06-01", "list": [{"import": 0, "export": 0, "id": "ZA"}], "import": 0, "export": 0}, {"date": "2016-07-01", "list": [{"import": 0, "export": 0, "id": "ZA"}], "import": 0, "export": 0}, {"date": "2016-08-01", "list": [{"import": 0, "export": 0, "id": "ZA"}], "import": 0, "export": 0}, {"date": "2016-09-01", "list": [{"import": 0, "export": 0, "id": "ZA"}], "import": 0, "export": 0}, {"date": "2016-10-01", "list": [{"import": 0, "export": 0, "id": "ZA"}], "import": 0, "export": 0}, {"date": "2016-11-01", "list": [{"import": 0, "export": 42, "id": "ZA"}], "import": 0, "export": 42}, {"date": "2016-12-01", "list": [{"import": 0, "export": 0, "id": "ZA"}], "import": 0, "export": 0}]