[{"date": "12-01", "list": [{"import": 1, "export": 0, "id": "-"}], "import": 16, "export": 0}, {"date": "1-01", "list": [{"import": 2, "export": 0, "id": "-"}], "import": 9, "export": 0}, {"date": "2-01", "list": [{"import": 1219731, "export": 0, "id": "IN"}, {"import": 1354388, "export": 0, "id": "IT"}, {"import": 809998, "export": 0, "id": "TH"}, {"import": 241058, "export": 0, "id": "PK"}, {"import": 175190, "export": 0, "id": "ES"}, {"import": 0, "export": 0, "id": "VN"}, {"import": 38305, "export": 0, "id": "PT"}, {"import": 11899, "export": 0, "id": "BE"}, {"import": 4916, "export": 0, "id": "DE"}, {"import": 0, "export": 0, "id": "MM"}, {"import": 15545, "export": 0, "id": "GB"}, {"import": 0, "export": 0, "id": "NL"}, {"import": 4492, "export": 0, "id": "FR"}, {"import": 9665, "export": 0, "id": "LK"}, {"import": 782, "export": 0, "id": "JP"}, {"import": 750, "export": 0, "id": "TR"}, {"import": 0, "export": 0, "id": "SY"}, {"import": 0, "export": 0, "id": "IR"}, {"import": 10368, "export": 0, "id": "KH"}, {"import": 868, "export": 0, "id": "KR"}, {"import": 0, "export": 0, "id": "DK"}, {"import": 293739, "export": 0, "id": "US"}, {"import": 2214, "export": 0, "id": "CN"}, {"import": 0, "export": 0, "id": "AT"}, {"import": 2, "export": 0, "id": "-"}], "import": 4193910, "export": 0}, {"date": "Unnamed: 3-01", "list": [{"import": 115346, "export": 0, "id": "IN"}, {"import": 1544655, "export": 0, "id": "IT"}, {"import": 584846, "export": 0, "id": "TH"}, {"import": 198701, "export": 0, "id": "PK"}, {"import": 142790, "export": 0, "id": "ES"}, {"import": 0, "export": 0, "id": "VN"}, {"import": 41465, "export": 0, "id": "PT"}, {"import": 4969, "export": 0, "id": "BE"}, {"import": 16860, "export": 0, "id": "DE"}, {"import": 0, "export": 0, "id": "MM"}, {"import": 414, "export": 0, "id": "GB"}, {"import": 980, "export": 0, "id": "NL"}, {"import": 4024, "export": 0, "id": "FR"}, {"import": 15775, "export": 0, "id": "LK"}, {"import": 1300, "export": 0, "id": "JP"}, {"import": 1440, "export": 0, "id": "TR"}, {"import": 0, "export": 0, "id": "SY"}, {"import": 8700, "export": 0, "id": "IR"}, {"import": 5778, "export": 0, "id": "KH"}, {"import": 0, "export": 0, "id": "KR"}, {"import": 0, "export": 0, "id": "DK"}, {"import": 195285, "export": 0, "id": "US"}, {"import": 0, "export": 0, "id": "CN"}, {"import": 401, "export": 0, "id": "AT"}], "import": 2883729, "export": 0}, {"date": "Unnamed: 4-01", "list": [{"import": 814356, "export": 0, "id": "IN"}, {"import": 1711388, "export": 0, "id": "IT"}, {"import": 703506, "export": 0, "id": "TH"}, {"import": 275751, "export": 0, "id": "PK"}, {"import": 124355, "export": 0, "id": "ES"}, {"import": 0, "export": 0, "id": "VN"}, {"import": 56297, "export": 0, "id": "PT"}, {"import": 112, "export": 0, "id": "BE"}, {"import": 16106, "export": 0, "id": "DE"}, {"import": 10080, "export": 0, "id": "MM"}, {"import": 51960, "export": 0, "id": "GB"}, {"import": 24, "export": 0, "id": "NL"}, {"import": 3623, "export": 0, "id": "FR"}, {"import": 17670, "export": 0, "id": "LK"}, {"import": 1595, "export": 0, "id": "JP"}, {"import": 8105, "export": 0, "id": "TR"}, {"import": 0, "export": 0, "id": "SY"}, {"import": 350, "export": 0, "id": "IR"}, {"import": 5001, "export": 0, "id": "KH"}, {"import": 0, "export": 0, "id": "KR"}, {"import": 0, "export": 0, "id": "DK"}, {"import": 319900, "export": 0, "id": "US"}, {"import": 285, "export": 0, "id": "CN"}, {"import": 5500, "export": 0, "id": "AT"}], "import": 4125964, "export": 0}, {"date": "Unnamed: 5-01", "list": [{"import": 306245, "export": 0, "id": "IN"}, {"import": 1341350, "export": 0, "id": "IT"}, {"import": 1227660, "export": 0, "id": "TH"}, {"import": 238127, "export": 0, "id": "PK"}, {"import": 175251, "export": 0, "id": "ES"}, {"import": 0, "export": 0, "id": "VN"}, {"import": 31339, "export": 0, "id": "PT"}, {"import": 5970, "export": 0, "id": "BE"}, {"import": 25597, "export": 0, "id": "DE"}, {"import": 0, "export": 0, "id": "MM"}, {"import": 215, "export": 0, "id": "GB"}, {"import": 1129, "export": 0, "id": "NL"}, {"import": 1633, "export": 0, "id": "FR"}, {"import": 16250, "export": 0, "id": "LK"}, {"import": 2492, "export": 0, "id": "JP"}, {"import": 0, "export": 0, "id": "TR"}, {"import": 0, "export": 0, "id": "SY"}, {"import": 300, "export": 0, "id": "IR"}, {"import": 5100, "export": 0, "id": "KH"}, {"import": 300, "export": 0, "id": "KR"}, {"import": 0, "export": 0, "id": "DK"}, {"import": 20609, "export": 0, "id": "US"}, {"import": 0, "export": 0, "id": "CN"}, {"import": 760, "export": 0, "id": "AT"}], "import": 3400327, "export": 0}, {"date": "Unnamed: 6-01", "list": [{"import": 327126, "export": 0, "id": "IN"}, {"import": 1347087, "export": 0, "id": "IT"}, {"import": 1398272, "export": 0, "id": "TH"}, {"import": 259714, "export": 0, "id": "PK"}, {"import": 166512, "export": 0, "id": "ES"}, {"import": 0, "export": 0, "id": "VN"}, {"import": 35039, "export": 0, "id": "PT"}, {"import": 4841, "export": 0, "id": "BE"}, {"import": 3861, "export": 0, "id": "DE"}, {"import": 0, "export": 0, "id": "MM"}, {"import": 25505, "export": 0, "id": "GB"}, {"import": 1087, "export": 0, "id": "NL"}, {"import": 3977, "export": 0, "id": "FR"}, {"import": 39413, "export": 0, "id": "LK"}, {"import": 17113, "export": 0, "id": "JP"}, {"import": 1440, "export": 0, "id": "TR"}, {"import": 0, "export": 0, "id": "SY"}, {"import": 2900, "export": 0, "id": "IR"}, {"import": 5172, "export": 0, "id": "KH"}, {"import": 0, "export": 0, "id": "KR"}, {"import": 0, "export": 0, "id": "DK"}, {"import": 589699, "export": 0, "id": "US"}, {"import": 0, "export": 0, "id": "CN"}, {"import": 726, "export": 0, "id": "AT"}], "import": 4229484, "export": 0}, {"date": "Unnamed: 7-01", "list": [{"import": 51938, "export": 0, "id": "IN"}, {"import": 1525058, "export": 0, "id": "IT"}, {"import": 873632, "export": 0, "id": "TH"}, {"import": 267056, "export": 0, "id": "PK"}, {"import": 189592, "export": 0, "id": "ES"}, {"import": 0, "export": 0, "id": "VN"}, {"import": 55716, "export": 0, "id": "PT"}, {"import": 44608, "export": 0, "id": "BE"}, {"import": 245917, "export": 0, "id": "DE"}, {"import": 0, "export": 0, "id": "MM"}, {"import": 1117, "export": 0, "id": "GB"}, {"import": 0, "export": 0, "id": "NL"}, {"import": 7354, "export": 0, "id": "FR"}, {"import": 0, "export": 0, "id": "LK"}, {"import": 1504, "export": 0, "id": "JP"}, {"import": 14190, "export": 0, "id": "TR"}, {"import": 0, "export": 0, "id": "SY"}, {"import": 415, "export": 0, "id": "IR"}, {"import": 10608, "export": 0, "id": "KH"}, {"import": 0, "export": 0, "id": "KR"}, {"import": 0, "export": 0, "id": "DK"}, {"import": 231793, "export": 0, "id": "US"}, {"import": 0, "export": 0, "id": "CN"}, {"import": 0, "export": 0, "id": "AT"}], "import": 3520498, "export": 0}, {"date": "Unnamed: 8-01", "list": [{"import": 311727, "export": 0, "id": "IN"}, {"import": 2152399, "export": 0, "id": "IT"}, {"import": 1979765, "export": 0, "id": "TH"}, {"import": 192903, "export": 0, "id": "PK"}, {"import": 179715, "export": 0, "id": "ES"}, {"import": 0, "export": 0, "id": "VN"}, {"import": 97911, "export": 0, "id": "PT"}, {"import": 188, "export": 0, "id": "BE"}, {"import": 31977, "export": 0, "id": "DE"}, {"import": 11760, "export": 0, "id": "MM"}, {"import": 16618, "export": 0, "id": "GB"}, {"import": 149, "export": 0, "id": "NL"}, {"import": 1958, "export": 0, "id": "FR"}, {"import": 56200, "export": 0, "id": "LK"}, {"import": 17759, "export": 0, "id": "JP"}, {"import": 2910, "export": 0, "id": "TR"}, {"import": 0, "export": 0, "id": "SY"}, {"import": 500, "export": 0, "id": "IR"}, {"import": 2866, "export": 0, "id": "KH"}, {"import": 0, "export": 0, "id": "KR"}, {"import": 0, "export": 0, "id": "DK"}, {"import": 93262, "export": 0, "id": "US"}, {"import": 295, "export": 0, "id": "CN"}, {"import": 2, "export": 0, "id": "AT"}], "import": 5150864, "export": 0}, {"date": "Unnamed: 9-01", "list": [{"import": 134454, "export": 0, "id": "IN"}, {"import": 2317743, "export": 0, "id": "IT"}, {"import": 1174646, "export": 0, "id": "TH"}, {"import": 480860, "export": 0, "id": "PK"}, {"import": 227029, "export": 0, "id": "ES"}, {"import": 0, "export": 0, "id": "VN"}, {"import": 85516, "export": 0, "id": "PT"}, {"import": 15615, "export": 0, "id": "BE"}, {"import": 33840, "export": 0, "id": "DE"}, {"import": 0, "export": 0, "id": "MM"}, {"import": 32367, "export": 0, "id": "GB"}, {"import": 46795, "export": 0, "id": "NL"}, {"import": 11419, "export": 0, "id": "FR"}, {"import": 37211, "export": 0, "id": "LK"}, {"import": 258, "export": 0, "id": "JP"}, {"import": 27830, "export": 0, "id": "TR"}, {"import": 0, "export": 0, "id": "SY"}, {"import": 10813, "export": 0, "id": "IR"}, {"import": 43872, "export": 0, "id": "KH"}, {"import": 655, "export": 0, "id": "KR"}, {"import": 0, "export": 0, "id": "DK"}, {"import": 39440, "export": 0, "id": "US"}, {"import": 521, "export": 0, "id": "CN"}, {"import": 1, "export": 0, "id": "AT"}], "import": 4720885, "export": 0}, {"date": "Unnamed: 10-01", "list": [{"import": 327919, "export": 0, "id": "IN"}, {"import": 1468208, "export": 0, "id": "IT"}, {"import": 2110258, "export": 0, "id": "TH"}, {"import": 442897, "export": 0, "id": "PK"}, {"import": 113911, "export": 0, "id": "ES"}, {"import": 0, "export": 0, "id": "VN"}, {"import": 75667, "export": 0, "id": "PT"}, {"import": 42213, "export": 0, "id": "BE"}, {"import": 45400, "export": 0, "id": "DE"}, {"import": 0, "export": 0, "id": "MM"}, {"import": 2491, "export": 0, "id": "GB"}, {"import": 4317, "export": 0, "id": "NL"}, {"import": 4771, "export": 0, "id": "FR"}, {"import": 5475, "export": 0, "id": "LK"}, {"import": 4433, "export": 0, "id": "JP"}, {"import": 48570, "export": 0, "id": "TR"}, {"import": 0, "export": 0, "id": "SY"}, {"import": 3730, "export": 0, "id": "IR"}, {"import": 19464, "export": 0, "id": "KH"}, {"import": 0, "export": 0, "id": "KR"}, {"import": 0, "export": 0, "id": "DK"}, {"import": 138458, "export": 0, "id": "US"}, {"import": 1012, "export": 0, "id": "CN"}, {"import": 480, "export": 0, "id": "AT"}], "import": 4859674, "export": 0}, {"date": "Unnamed: 11-01", "list": [{"import": 1440485, "export": 0, "id": "IN"}, {"import": 1261895, "export": 0, "id": "IT"}, {"import": 1181642, "export": 0, "id": "TH"}, {"import": 732902, "export": 0, "id": "PK"}, {"import": 230842, "export": 0, "id": "ES"}, {"import": 47000, "export": 0, "id": "VN"}, {"import": 40406, "export": 0, "id": "PT"}, {"import": 13440, "export": 0, "id": "BE"}, {"import": 22146, "export": 0, "id": "DE"}, {"import": 0, "export": 0, "id": "MM"}, {"import": 70812, "export": 0, "id": "GB"}, {"import": 3295, "export": 0, "id": "NL"}, {"import": 6972, "export": 0, "id": "FR"}, {"import": 60070, "export": 0, "id": "LK"}, {"import": 307, "export": 0, "id": "JP"}, {"import": 2880, "export": 0, "id": "TR"}, {"import": 0, "export": 0, "id": "SY"}, {"import": 5240, "export": 0, "id": "IR"}, {"import": 0, "export": 0, "id": "KH"}, {"import": 0, "export": 0, "id": "KR"}, {"import": 0, "export": 0, "id": "DK"}, {"import": 59774, "export": 0, "id": "US"}, {"import": 0, "export": 0, "id": "CN"}, {"import": 1001, "export": 0, "id": "AT"}], "import": 5181109, "export": 0}, {"date": "Unnamed: 12-01", "list": [{"import": 1276495, "export": 0, "id": "IN"}, {"import": 1748879, "export": 0, "id": "IT"}, {"import": 570082, "export": 0, "id": "TH"}, {"import": 305517, "export": 0, "id": "PK"}, {"import": 102338, "export": 0, "id": "ES"}, {"import": 48000, "export": 0, "id": "VN"}, {"import": 32632, "export": 0, "id": "PT"}, {"import": 9968, "export": 0, "id": "BE"}, {"import": 18925, "export": 0, "id": "DE"}, {"import": 0, "export": 0, "id": "MM"}, {"import": 4010, "export": 0, "id": "GB"}, {"import": 3223, "export": 0, "id": "NL"}, {"import": 11461, "export": 0, "id": "FR"}, {"import": 61445, "export": 0, "id": "LK"}, {"import": 4026, "export": 0, "id": "JP"}, {"import": 2910, "export": 0, "id": "TR"}, {"import": 0, "export": 0, "id": "SY"}, {"import": 1669, "export": 0, "id": "IR"}, {"import": 0, "export": 0, "id": "KH"}, {"import": 0, "export": 0, "id": "KR"}, {"import": 0, "export": 0, "id": "DK"}, {"import": 176138, "export": 0, "id": "US"}, {"import": 481, "export": 0, "id": "CN"}, {"import": 502, "export": 0, "id": "AT"}], "import": 4378701, "export": 0}, {"date": "Unnamed: 13-01", "list": [{"import": 1097189, "export": 0, "id": "IN"}, {"import": 698724, "export": 0, "id": "IT"}, {"import": 602588, "export": 0, "id": "TH"}, {"import": 417041, "export": 0, "id": "PK"}, {"import": 189968, "export": 0, "id": "ES"}, {"import": 24494, "export": 0, "id": "VN"}, {"import": 23359, "export": 0, "id": "PT"}, {"import": 17495, "export": 0, "id": "BE"}, {"import": 15559, "export": 0, "id": "DE"}, {"import": 12420, "export": 0, "id": "MM"}, {"import": 11534, "export": 0, "id": "GB"}, {"import": 9481, "export": 0, "id": "NL"}, {"import": 7906, "export": 0, "id": "FR"}, {"import": 5175, "export": 0, "id": "LK"}, {"import": 5156, "export": 0, "id": "JP"}, {"import": 4842, "export": 0, "id": "TR"}, {"import": 3000, "export": 0, "id": "SY"}, {"import": 2030, "export": 0, "id": "IR"}, {"import": 1800, "export": 0, "id": "KH"}, {"import": 900, "export": 0, "id": "KR"}, {"import": 668, "export": 0, "id": "DK"}, {"import": 216, "export": 0, "id": "US"}, {"import": 155, "export": 0, "id": "CN"}, {"import": 2, "export": 0, "id": "AT"}], "import": 3151702, "export": 0}, {"date": "2019-01-01", "list": [{"import": 0, "export": 189886, "id": "DE"}, {"import": 0, "export": 3150, "id": "AT"}, {"import": 0, "export": 11088, "id": "NL"}, {"import": 0, "export": 0, "id": "NO"}, {"import": 0, "export": 0, "id": "GB"}, {"import": 0, "export": 3893, "id": "FR"}, {"import": 0, "export": 16760, "id": "IT"}, {"import": 0, "export": 0, "id": "PH"}, {"import": 0, "export": 0, "id": "SE"}, {"import": 0, "export": 66000, "id": "TH"}, {"import": 0, "export": 14886, "id": "BE"}, {"import": 0, "export": 0, "id": "CV"}], "import": 0, "export": 305663}, {"date": "2019-02-01", "list": [{"import": 0, "export": 180049, "id": "DE"}, {"import": 0, "export": 12202, "id": "AT"}, {"import": 0, "export": 37296, "id": "NL"}, {"import": 0, "export": 2400, "id": "NO"}, {"import": 0, "export": 775, "id": "GB"}, {"import": 0, "export": 1708, "id": "FR"}, {"import": 0, "export": 24000, "id": "IT"}, {"import": 0, "export": 1755, "id": "PH"}, {"import": 0, "export": 0, "id": "SE"}, {"import": 0, "export": 0, "id": "TH"}, {"import": 0, "export": 29718, "id": "BE"}, {"import": 0, "export": 0, "id": "CV"}], "import": 0, "export": 289903}, {"date": "2019-03-01", "list": [{"import": 0, "export": 82546, "id": "DE"}, {"import": 0, "export": 0, "id": "AT"}, {"import": 0, "export": 25152, "id": "NL"}, {"import": 0, "export": 1040, "id": "NO"}, {"import": 0, "export": 0, "id": "GB"}, {"import": 0, "export": 8684, "id": "FR"}, {"import": 0, "export": 52720, "id": "IT"}, {"import": 0, "export": 0, "id": "PH"}, {"import": 0, "export": 0, "id": "SE"}, {"import": 0, "export": 1, "id": "TH"}, {"import": 0, "export": 112752, "id": "BE"}, {"import": 0, "export": 65, "id": "CV"}], "import": 0, "export": 282960}, {"date": "2019-04-01", "list": [{"import": 0, "export": 124476, "id": "DE"}, {"import": 0, "export": 2058, "id": "AT"}, {"import": 0, "export": 97200, "id": "NL"}, {"import": 0, "export": 2600, "id": "NO"}, {"import": 0, "export": 0, "id": "GB"}, {"import": 0, "export": 5034, "id": "FR"}, {"import": 0, "export": 12000, "id": "IT"}, {"import": 0, "export": 0, "id": "PH"}, {"import": 0, "export": 0, "id": "SE"}, {"import": 0, "export": 0, "id": "TH"}, {"import": 0, "export": 26706, "id": "BE"}, {"import": 0, "export": 0, "id": "CV"}], "import": 0, "export": 270074}, {"date": "2019-05-01", "list": [{"import": 0, "export": 186486, "id": "DE"}, {"import": 0, "export": 19800, "id": "AT"}, {"import": 0, "export": 238732, "id": "NL"}, {"import": 0, "export": 2080, "id": "NO"}, {"import": 0, "export": 0, "id": "GB"}, {"import": 0, "export": 11103, "id": "FR"}, {"import": 0, "export": 33048, "id": "IT"}, {"import": 0, "export": 0, "id": "PH"}, {"import": 0, "export": 0, "id": "SE"}, {"import": 0, "export": 0, "id": "TH"}, {"import": 0, "export": 14832, "id": "BE"}, {"import": 0, "export": 0, "id": "CV"}], "import": 0, "export": 506081}, {"date": "2019-06-01", "list": [{"import": 0, "export": 135735, "id": "DE"}, {"import": 0, "export": 1512, "id": "AT"}, {"import": 0, "export": 99096, "id": "NL"}, {"import": 0, "export": 0, "id": "NO"}, {"import": 0, "export": 0, "id": "GB"}, {"import": 0, "export": 1946, "id": "FR"}, {"import": 0, "export": 11000, "id": "IT"}, {"import": 0, "export": 0, "id": "PH"}, {"import": 0, "export": 0, "id": "SE"}, {"import": 0, "export": 0, "id": "TH"}, {"import": 0, "export": 21078, "id": "BE"}, {"import": 0, "export": 0, "id": "CV"}], "import": 0, "export": 270367}, {"date": "2019-07-01", "list": [{"import": 0, "export": 201317, "id": "DE"}, {"import": 0, "export": 4700, "id": "AT"}, {"import": 0, "export": 488568, "id": "NL"}, {"import": 0, "export": 2112, "id": "NO"}, {"import": 0, "export": 0, "id": "GB"}, {"import": 0, "export": 976, "id": "FR"}, {"import": 0, "export": 5400, "id": "IT"}, {"import": 0, "export": 0, "id": "PH"}, {"import": 0, "export": 0, "id": "SE"}, {"import": 0, "export": 0, "id": "TH"}, {"import": 0, "export": 14994, "id": "BE"}, {"import": 0, "export": 0, "id": "CV"}], "import": 0, "export": 718067}, {"date": "2019-08-01", "list": [{"import": 0, "export": 116540, "id": "DE"}, {"import": 0, "export": 1000, "id": "AT"}, {"import": 0, "export": 13608, "id": "NL"}, {"import": 0, "export": 1040, "id": "NO"}, {"import": 0, "export": 0, "id": "GB"}, {"import": 0, "export": 6848, "id": "FR"}, {"import": 0, "export": 11000, "id": "IT"}, {"import": 0, "export": 0, "id": "PH"}, {"import": 0, "export": 0, "id": "SE"}, {"import": 0, "export": 0, "id": "TH"}, {"import": 0, "export": 10800, "id": "BE"}, {"import": 0, "export": 0, "id": "CV"}], "import": 0, "export": 160836}, {"date": "2019-09-01", "list": [{"import": 0, "export": 148138, "id": "DE"}, {"import": 0, "export": 0, "id": "AT"}, {"import": 0, "export": 11088, "id": "NL"}, {"import": 0, "export": 0, "id": "NO"}, {"import": 0, "export": 0, "id": "GB"}, {"import": 0, "export": 16447, "id": "FR"}, {"import": 0, "export": 19920, "id": "IT"}, {"import": 0, "export": 0, "id": "PH"}, {"import": 0, "export": 0, "id": "SE"}, {"import": 0, "export": 0, "id": "TH"}, {"import": 0, "export": 10350, "id": "BE"}, {"import": 0, "export": 0, "id": "CV"}], "import": 0, "export": 205943}, {"date": "2019-10-01", "list": [{"import": 0, "export": 155768, "id": "DE"}, {"import": 0, "export": 8900, "id": "AT"}, {"import": 0, "export": 22096, "id": "NL"}, {"import": 0, "export": 0, "id": "NO"}, {"import": 0, "export": 0, "id": "GB"}, {"import": 0, "export": 7215, "id": "FR"}, {"import": 0, "export": 24000, "id": "IT"}, {"import": 0, "export": 0, "id": "PH"}, {"import": 0, "export": 0, "id": "SE"}, {"import": 0, "export": 0, "id": "TH"}, {"import": 0, "export": 39953, "id": "BE"}, {"import": 0, "export": 0, "id": "CV"}], "import": 0, "export": 257932}, {"date": "2019-11-01", "list": [{"import": 0, "export": 192303, "id": "DE"}, {"import": 0, "export": 6300, "id": "AT"}, {"import": 0, "export": 13104, "id": "NL"}, {"import": 0, "export": 0, "id": "NO"}, {"import": 0, "export": 0, "id": "GB"}, {"import": 0, "export": 3349, "id": "FR"}, {"import": 0, "export": 20280, "id": "IT"}, {"import": 0, "export": 0, "id": "PH"}, {"import": 0, "export": 10000, "id": "SE"}, {"import": 0, "export": 0, "id": "TH"}, {"import": 0, "export": 12372, "id": "BE"}, {"import": 0, "export": 0, "id": "CV"}], "import": 0, "export": 257708}, {"date": "2019-12-01", "list": [{"import": 0, "export": 271868, "id": "DE"}, {"import": 0, "export": 8200, "id": "AT"}, {"import": 0, "export": 40200, "id": "NL"}, {"import": 0, "export": 1440, "id": "NO"}, {"import": 0, "export": 0, "id": "GB"}, {"import": 0, "export": 1284, "id": "FR"}, {"import": 0, "export": 0, "id": "IT"}, {"import": 0, "export": 0, "id": "PH"}, {"import": 0, "export": 0, "id": "SE"}, {"import": 0, "export": 0, "id": "TH"}, {"import": 0, "export": 2700, "id": "BE"}, {"import": 0, "export": 0, "id": "CV"}], "import": 0, "export": 325692}, {"date": "2020-01-01", "list": [{"import": 0, "export": 178349, "id": "DE"}, {"import": 0, "export": 7000, "id": "AT"}, {"import": 0, "export": 12101, "id": "NL"}, {"import": 0, "export": 0, "id": "NO"}, {"import": 0, "export": 0, "id": "GB"}, {"import": 0, "export": 7966, "id": "FR"}, {"import": 0, "export": 23920, "id": "IT"}, {"import": 0, "export": 0, "id": "PH"}, {"import": 0, "export": 0, "id": "SE"}, {"import": 0, "export": 0, "id": "TH"}, {"import": 0, "export": 44034, "id": "BE"}, {"import": 0, "export": 0, "id": "CV"}], "import": 0, "export": 273370}, {"date": "2020-02-01", "list": [{"import": 0, "export": 199913, "id": "DE"}, {"import": 0, "export": 0, "id": "AT"}, {"import": 0, "export": 47688, "id": "NL"}, {"import": 0, "export": 4572, "id": "NO"}, {"import": 0, "export": 0, "id": "GB"}, {"import": 0, "export": 1940, "id": "FR"}, {"import": 0, "export": 0, "id": "IT"}, {"import": 0, "export": 0, "id": "PH"}, {"import": 0, "export": 0, "id": "SE"}, {"import": 0, "export": 0, "id": "TH"}, {"import": 0, "export": 8550, "id": "BE"}, {"import": 0, "export": 0, "id": "CV"}], "import": 0, "export": 262663}, {"date": "2020-03-01", "list": [{"import": 0, "export": 159004, "id": "DE"}, {"import": 0, "export": 3250, "id": "AT"}, {"import": 0, "export": 62304, "id": "NL"}, {"import": 0, "export": 1040, "id": "NO"}, {"import": 0, "export": 0, "id": "GB"}, {"import": 0, "export": 7960, "id": "FR"}, {"import": 0, "export": 15900, "id": "IT"}, {"import": 0, "export": 0, "id": "PH"}, {"import": 0, "export": 0, "id": "SE"}, {"import": 0, "export": 0, "id": "TH"}, {"import": 0, "export": 45050, "id": "BE"}, {"import": 0, "export": 0, "id": "CV"}], "import": 0, "export": 294508}, {"date": "2020-04-01", "list": [{"import": 0, "export": 323533, "id": "DE"}, {"import": 0, "export": 4600, "id": "AT"}, {"import": 0, "export": 13104, "id": "NL"}, {"import": 0, "export": 2080, "id": "NO"}, {"import": 0, "export": 0, "id": "GB"}, {"import": 0, "export": 9966, "id": "FR"}, {"import": 0, "export": 35520, "id": "IT"}, {"import": 0, "export": 0, "id": "PH"}, {"import": 0, "export": 0, "id": "SE"}, {"import": 0, "export": 0, "id": "TH"}, {"import": 0, "export": 34650, "id": "BE"}, {"import": 0, "export": 0, "id": "CV"}], "import": 0, "export": 423453}, {"date": "2020-05-01", "list": [{"import": 0, "export": 336831, "id": "DE"}, {"import": 0, "export": 1400, "id": "AT"}, {"import": 0, "export": 76104, "id": "NL"}, {"import": 0, "export": 2400, "id": "NO"}, {"import": 0, "export": 0, "id": "GB"}, {"import": 0, "export": 26414, "id": "FR"}, {"import": 0, "export": 10000, "id": "IT"}, {"import": 0, "export": 0, "id": "PH"}, {"import": 0, "export": 0, "id": "SE"}, {"import": 0, "export": 0, "id": "TH"}, {"import": 0, "export": 4050, "id": "BE"}, {"import": 0, "export": 0, "id": "CV"}], "import": 0, "export": 457199}, {"date": "2020-06-01", "list": [{"import": 0, "export": 210859, "id": "DE"}, {"import": 0, "export": 5800, "id": "AT"}, {"import": 0, "export": 18144, "id": "NL"}, {"import": 0, "export": 5720, "id": "NO"}, {"import": 0, "export": 0, "id": "GB"}, {"import": 0, "export": 2191, "id": "FR"}, {"import": 0, "export": 0, "id": "IT"}, {"import": 0, "export": 0, "id": "PH"}, {"import": 0, "export": 0, "id": "SE"}, {"import": 0, "export": 0, "id": "TH"}, {"import": 0, "export": 19800, "id": "BE"}, {"import": 0, "export": 0, "id": "CV"}], "import": 0, "export": 262514}]