[{"date": "2019-01-01", "list": [{"import": 500000, "export": 0, "id": "CN"}, {"import": 275430, "export": 0, "id": "TZ"}, {"import": 3241505, "export": 0, "id": "US"}, {"import": 1390, "export": 0, "id": "AE"}, {"import": 0, "export": 0, "id": "JP"}, {"import": 0, "export": 0, "id": "PK"}, {"import": 0, "export": 0, "id": "BE"}], "import": 4018325, "export": 0}, {"date": "2019-02-01", "list": [{"import": 0, "export": 0, "id": "CN"}, {"import": 272480, "export": 0, "id": "TZ"}, {"import": 0, "export": 0, "id": "US"}, {"import": 0, "export": 0, "id": "AE"}, {"import": 0, "export": 0, "id": "JP"}, {"import": 1297296, "export": 0, "id": "PK"}, {"import": 0, "export": 0, "id": "BE"}], "import": 1569776, "export": 0}, {"date": "2019-03-01", "list": [{"import": 0, "export": 0, "id": "CN"}, {"import": 567175, "export": 0, "id": "TZ"}, {"import": 0, "export": 0, "id": "US"}, {"import": 1148, "export": 0, "id": "AE"}, {"import": 0, "export": 0, "id": "JP"}, {"import": 0, "export": 0, "id": "PK"}, {"import": 0, "export": 0, "id": "BE"}], "import": 568323, "export": 0}, {"date": "2019-04-01", "list": [{"import": 1080000, "export": 0, "id": "CN"}, {"import": 214375, "export": 0, "id": "TZ"}, {"import": 0, "export": 0, "id": "US"}, {"import": 0, "export": 0, "id": "AE"}, {"import": 0, "export": 0, "id": "JP"}, {"import": 1250496, "export": 0, "id": "PK"}, {"import": 0, "export": 0, "id": "BE"}], "import": 2544871, "export": 0}, {"date": "2019-05-01", "list": [{"import": 0, "export": 0, "id": "CN"}, {"import": 396425, "export": 0, "id": "TZ"}, {"import": 39475, "export": 0, "id": "US"}, {"import": 916, "export": 0, "id": "AE"}, {"import": 200988, "export": 0, "id": "JP"}, {"import": 0, "export": 0, "id": "PK"}, {"import": 578, "export": 0, "id": "BE"}], "import": 638382, "export": 0}, {"date": "2019-06-01", "list": [{"import": 0, "export": 0, "id": "CN"}, {"import": 261180, "export": 0, "id": "TZ"}, {"import": 0, "export": 0, "id": "US"}, {"import": 0, "export": 0, "id": "AE"}, {"import": 0, "export": 0, "id": "JP"}, {"import": 0, "export": 0, "id": "PK"}, {"import": 0, "export": 0, "id": "BE"}], "import": 261180, "export": 0}, {"date": "2019-07-01", "list": [{"import": 1281000, "export": 0, "id": "CN"}, {"import": 265175, "export": 0, "id": "TZ"}, {"import": 0, "export": 0, "id": "US"}, {"import": 0, "export": 0, "id": "AE"}, {"import": 0, "export": 0, "id": "JP"}, {"import": 625248, "export": 0, "id": "PK"}, {"import": 0, "export": 0, "id": "BE"}], "import": 2171423, "export": 0}, {"date": "2019-08-01", "list": [{"import": 1683000, "export": 0, "id": "CN"}, {"import": 188560, "export": 0, "id": "TZ"}, {"import": 0, "export": 0, "id": "US"}, {"import": 342, "export": 0, "id": "AE"}, {"import": 0, "export": 0, "id": "JP"}, {"import": 0, "export": 0, "id": "PK"}, {"import": 0, "export": 0, "id": "BE"}], "import": 1871902, "export": 0}, {"date": "2019-09-01", "list": [{"import": 1080000, "export": 0, "id": "CN"}, {"import": 115350, "export": 0, "id": "TZ"}, {"import": 0, "export": 0, "id": "US"}, {"import": 2384, "export": 0, "id": "AE"}, {"import": 0, "export": 0, "id": "JP"}, {"import": 0, "export": 0, "id": "PK"}, {"import": 0, "export": 0, "id": "BE"}], "import": 1197734, "export": 0}, {"date": "2019-10-01", "list": [{"import": 0, "export": 0, "id": "CN"}, {"import": 124341, "export": 0, "id": "TZ"}, {"import": 0, "export": 0, "id": "US"}, {"import": 800, "export": 0, "id": "AE"}, {"import": 0, "export": 0, "id": "JP"}, {"import": 0, "export": 0, "id": "PK"}, {"import": 0, "export": 0, "id": "BE"}], "import": 125141, "export": 0}, {"date": "2019-11-01", "list": [{"import": 1080870, "export": 0, "id": "CN"}, {"import": 189850, "export": 0, "id": "TZ"}, {"import": 0, "export": 0, "id": "US"}, {"import": 0, "export": 0, "id": "AE"}, {"import": 0, "export": 0, "id": "JP"}, {"import": 0, "export": 0, "id": "PK"}, {"import": 0, "export": 0, "id": "BE"}], "import": 1270720, "export": 0}, {"date": "2019-12-01", "list": [{"import": 415643, "export": 0, "id": "CN"}, {"import": 254195, "export": 0, "id": "TZ"}, {"import": 19755, "export": 0, "id": "US"}, {"import": 1377, "export": 0, "id": "AE"}, {"import": 0, "export": 0, "id": "JP"}, {"import": 0, "export": 0, "id": "PK"}, {"import": 0, "export": 0, "id": "BE"}], "import": 690970, "export": 0}]