[{"date": "2019-08-01", "list": [{"import": 500, "export": 0, "id": "KR"}, {"import": 0, "export": 980000, "id": "GB"}, {"import": 0, "export": 248740, "id": "BE"}, {"import": 0, "export": 250000, "id": "GR"}, {"import": 0, "export": 1050000, "id": "PL"}, {"import": 0, "export": 550000, "id": "PT"}, {"import": 0, "export": 1750000, "id": "ES"}], "import": 500, "export": 4828740}, {"date": "2019-10-01", "list": [{"import": 298160, "export": 0, "id": "PT"}, {"import": 0, "export": 499980, "id": "FR"}, {"import": 0, "export": 2330000, "id": "GB"}, {"import": 0, "export": 750000, "id": "BE"}, {"import": 0, "export": 250000, "id": "GR"}, {"import": 0, "export": 225000, "id": "NL"}, {"import": 0, "export": 1950000, "id": "ES"}], "import": 298160, "export": 6004980}, {"date": "2019-05-01", "list": [{"import": 0, "export": 100000, "id": "FR"}, {"import": 0, "export": 500000, "id": "GB"}, {"import": 0, "export": 100000, "id": "BG"}], "import": 0, "export": 700000}, {"date": "2019-07-01", "list": [{"import": 0, "export": 245280, "id": "FR"}, {"import": 0, "export": 900000, "id": "GB"}, {"import": 0, "export": 250000, "id": "GR"}, {"import": 0, "export": 25000, "id": "HU"}, {"import": 0, "export": 500000, "id": "IT"}, {"import": 0, "export": 1250000, "id": "NL"}, {"import": 0, "export": 1125000, "id": "PL"}, {"import": 0, "export": 250000, "id": "PT"}, {"import": 0, "export": 56, "id": "SG"}, {"import": 0, "export": 250000, "id": "ES"}], "import": 0, "export": 4795336}, {"date": "2019-09-01", "list": [{"import": 0, "export": 349980, "id": "FR"}, {"import": 0, "export": 1740000, "id": "GB"}, {"import": 0, "export": 500000, "id": "BE"}, {"import": 0, "export": 150000, "id": "BG"}, {"import": 0, "export": 250000, "id": "GR"}, {"import": 0, "export": 2100000, "id": "NL"}, {"import": 0, "export": 875000, "id": "PL"}, {"import": 0, "export": 550000, "id": "PT"}, {"import": 0, "export": 1000000, "id": "ES"}], "import": 0, "export": 7514980}, {"date": "2019-11-01", "list": [{"import": 0, "export": 500000, "id": "FR"}, {"import": 0, "export": 788000, "id": "GB"}, {"import": 0, "export": 997760, "id": "BE"}, {"import": 0, "export": 725000, "id": "PL"}, {"import": 0, "export": 500000, "id": "PT"}, {"import": 0, "export": 675000, "id": "ES"}], "import": 0, "export": 4185760}, {"date": "2019-12-01", "list": [{"import": 0, "export": 973700, "id": "FR"}, {"import": 0, "export": 1875000, "id": "GB"}, {"import": 0, "export": 1522040, "id": "BE"}, {"import": 0, "export": 25000, "id": "LT"}, {"import": 0, "export": 375000, "id": "PT"}], "import": 0, "export": 4770740}, {"date": "2020-01-01", "list": [{"import": 0, "export": 699980, "id": "FR"}, {"import": 0, "export": 1350000, "id": "GB"}, {"import": 0, "export": 1223600, "id": "BE"}, {"import": 0, "export": 72000, "id": "BG"}, {"import": 0, "export": 50000, "id": "GR"}, {"import": 0, "export": 625000, "id": "PT"}], "import": 0, "export": 4020580}, {"date": "2020-02-01", "list": [{"import": 0, "export": 1324980, "id": "FR"}, {"import": 0, "export": 750000, "id": "GB"}, {"import": 0, "export": 250000, "id": "MG"}, {"import": 0, "export": 1100000, "id": "PL"}, {"import": 0, "export": 750000, "id": "PT"}], "import": 0, "export": 4174980}, {"date": "2020-03-01", "list": [{"import": 0, "export": 125000, "id": "FR"}, {"import": 0, "export": 2275000, "id": "GB"}, {"import": 0, "export": 499160, "id": "BE"}, {"import": 0, "export": 72000, "id": "BG"}, {"import": 0, "export": 250000, "id": "GR"}, {"import": 0, "export": 125000, "id": "IT"}, {"import": 0, "export": 500000, "id": "PL"}], "import": 0, "export": 3846160}, {"date": "2020-04-01", "list": [{"import": 0, "export": 500000, "id": "FR"}, {"import": 0, "export": 1750000, "id": "GB"}, {"import": 0, "export": 2245940, "id": "BE"}, {"import": 0, "export": 750000, "id": "PL"}, {"import": 0, "export": 800000, "id": "PT"}, {"import": 0, "export": 1575000, "id": "ES"}], "import": 0, "export": 7620940}, {"date": "2020-05-01", "list": [{"import": 0, "export": 350000, "id": "FR"}, {"import": 0, "export": 650000, "id": "GB"}, {"import": 0, "export": 751600, "id": "BE"}, {"import": 0, "export": 300000, "id": "GR"}, {"import": 0, "export": 25000, "id": "HU"}, {"import": 0, "export": 200000, "id": "NL"}, {"import": 0, "export": 750000, "id": "PL"}, {"import": 0, "export": 475000, "id": "PT"}, {"import": 0, "export": 1500000, "id": "ES"}], "import": 0, "export": 5001600}, {"date": "2020-07-01", "list": [{"import": 0, "export": 500000, "id": "FR"}, {"import": 0, "export": 750000, "id": "GB"}], "import": 0, "export": 1250000}, {"date": "2020-08-01", "list": [{"import": 0, "export": 1000000, "id": "FR"}, {"import": 0, "export": 500000, "id": "GB"}], "import": 0, "export": 1500000}, {"date": "2019-04-01", "list": [{"import": 0, "export": 100000, "id": "GB"}, {"import": 0, "export": 25, "id": "SG"}], "import": 0, "export": 100025}, {"date": "2019-06-01", "list": [{"import": 0, "export": 250000, "id": "GB"}, {"import": 0, "export": 75000, "id": "BG"}, {"import": 0, "export": 250000, "id": "GR"}, {"import": 0, "export": 225000, "id": "NL"}, {"import": 0, "export": 400000, "id": "PL"}, {"import": 0, "export": 500000, "id": "ES"}], "import": 0, "export": 1700000}, {"date": "2020-06-01", "list": [{"import": 0, "export": 1650000, "id": "GB"}, {"import": 0, "export": 100, "id": "DE"}, {"import": 0, "export": 51, "id": "SG"}], "import": 0, "export": 1650151}]