[{"date": "2018-05-01", "list": [{"import": 1156, "export": 0, "id": "US"}, {"import": 0, "export": 0, "id": "CA"}], "import": 1156, "export": 0}, {"date": "2018-06-01", "list": [{"import": 10773, "export": 0, "id": "US"}, {"import": 0, "export": 0, "id": "CA"}], "import": 10773, "export": 0}, {"date": "2018-07-01", "list": [{"import": 2069, "export": 0, "id": "US"}, {"import": 0, "export": 0, "id": "CA"}], "import": 2069, "export": 0}, {"date": "2018-08-01", "list": [{"import": 6377, "export": 0, "id": "US"}, {"import": 0, "export": 0, "id": "CA"}], "import": 6377, "export": 0}, {"date": "2018-09-01", "list": [{"import": 1793, "export": 0, "id": "US"}, {"import": 0, "export": 0, "id": "CA"}], "import": 1793, "export": 0}, {"date": "2018-10-01", "list": [{"import": 3468, "export": 0, "id": "US"}, {"import": 0, "export": 0, "id": "CA"}], "import": 3468, "export": 0}, {"date": "2018-11-01", "list": [{"import": 1444, "export": 0, "id": "US"}, {"import": 0, "export": 0, "id": "CA"}], "import": 1444, "export": 0}, {"date": "2018-12-01", "list": [{"import": 4231, "export": 0, "id": "US"}, {"import": 0, "export": 0, "id": "CA"}], "import": 4231, "export": 0}, {"date": "2019-01-01", "list": [{"import": 2724, "export": 0, "id": "US"}, {"import": 0, "export": 0, "id": "CA"}], "import": 2724, "export": 0}, {"date": "2019-02-01", "list": [{"import": 1294, "export": 0, "id": "US"}, {"import": 0, "export": 0, "id": "CA"}], "import": 1294, "export": 0}, {"date": "2019-03-01", "list": [{"import": 7297, "export": 0, "id": "US"}, {"import": 0, "export": 0, "id": "CA"}], "import": 7297, "export": 0}, {"date": "2019-04-01", "list": [{"import": 2715, "export": 0, "id": "US"}, {"import": 0, "export": 0, "id": "CA"}], "import": 2715, "export": 0}, {"date": "2019-05-01", "list": [{"import": 7368, "export": 0, "id": "US"}, {"import": 0, "export": 0, "id": "CA"}], "import": 7368, "export": 0}, {"date": "2019-06-01", "list": [{"import": 3831, "export": 0, "id": "US"}, {"import": 30, "export": 0, "id": "CA"}], "import": 3861, "export": 0}, {"date": "2019-07-01", "list": [{"import": 7209, "export": 0, "id": "US"}, {"import": 0, "export": 0, "id": "CA"}], "import": 7209, "export": 0}, {"date": "2019-08-01", "list": [{"import": 6074, "export": 0, "id": "US"}, {"import": 0, "export": 0, "id": "CA"}], "import": 6074, "export": 0}, {"date": "2019-09-01", "list": [{"import": 578, "export": 0, "id": "US"}, {"import": 0, "export": 0, "id": "CA"}], "import": 578, "export": 0}, {"date": "2019-10-01", "list": [{"import": 6166, "export": 0, "id": "US"}, {"import": 0, "export": 0, "id": "CA"}], "import": 6166, "export": 0}, {"date": "2019-11-01", "list": [{"import": 2776, "export": 0, "id": "US"}, {"import": 0, "export": 0, "id": "CA"}], "import": 2776, "export": 0}, {"date": "2019-12-01", "list": [{"import": 7355, "export": 0, "id": "US"}, {"import": 25, "export": 0, "id": "CA"}], "import": 7380, "export": 0}]