[{"date": "2018-10-01", "list": [{"import": 0, "export": 0, "id": "LA"}, {"import": 129000, "export": 0, "id": "PK"}, {"import": 903080, "export": 0, "id": "IT"}, {"import": 311778, "export": 0, "id": "FR"}, {"import": 282674, "export": 0, "id": "TH"}, {"import": 555997, "export": 0, "id": "NL"}, {"import": 513000, "export": 0, "id": "KH"}, {"import": 456432, "export": 0, "id": "ES"}, {"import": 42897, "export": 0, "id": "TR"}, {"import": 0, "export": 0, "id": "DK"}, {"import": 285403, "export": 0, "id": "DE"}, {"import": 100000, "export": 0, "id": "AR"}, {"import": 19845, "export": 0, "id": "US"}, {"import": 295989, "export": 0, "id": "GB"}, {"import": 0, "export": 0, "id": "SE"}, {"import": 180146, "export": 0, "id": "PT"}, {"import": 72733, "export": 0, "id": "IN"}, {"import": 0, "export": 0, "id": "GR"}, {"import": 2513, "export": 0, "id": "LU"}, {"import": 960, "export": 0, "id": "JP"}, {"import": 0, "export": 0, "id": "AT"}, {"import": 0, "export": 0, "id": "BG"}, {"import": 85, "export": 0, "id": "PL"}, {"import": 0, "export": 0, "id": "CD"}, {"import": 10, "export": 0, "id": "-"}, {"import": 0, "export": 0, "id": "GH"}, {"import": 0, "export": 0, "id": "HU"}, {"import": 0, "export": 0, "id": "ID"}, {"import": 0, "export": 0, "id": "IR"}, {"import": 375000, "export": 0, "id": "MM"}, {"import": 0, "export": 0, "id": "LK"}, {"import": 0, "export": 0, "id": "CN"}, {"import": 0, "export": 0, "id": "BD"}, {"import": 0, "export": 0, "id": "BR"}, {"import": 0, "export": 0, "id": "LB"}, {"import": 0, "export": 0, "id": "LT"}, {"import": 0, "export": 0, "id": "VN"}, {"import": 0, "export": 0, "id": "SR"}, {"import": 0, "export": 0, "id": "CH"}, {"import": 0, "export": 0, "id": "TG"}, {"import": 0, "export": 0, "id": "AE"}], "import": 4527542, "export": 0}, {"date": "2018-11-01", "list": [{"import": 0, "export": 0, "id": "LA"}, {"import": 706503, "export": 0, "id": "PK"}, {"import": 680564, "export": 0, "id": "IT"}, {"import": 317798, "export": 0, "id": "FR"}, {"import": 180394, "export": 0, "id": "TH"}, {"import": 621762, "export": 0, "id": "NL"}, {"import": 478216, "export": 0, "id": "KH"}, {"import": 30208, "export": 0, "id": "ES"}, {"import": 0, "export": 0, "id": "TR"}, {"import": 40221, "export": 0, "id": "DK"}, {"import": 165851, "export": 0, "id": "DE"}, {"import": 288000, "export": 0, "id": "AR"}, {"import": 19585, "export": 0, "id": "US"}, {"import": 132629, "export": 0, "id": "GB"}, {"import": 1955, "export": 0, "id": "SE"}, {"import": 75790, "export": 0, "id": "PT"}, {"import": 248860, "export": 0, "id": "IN"}, {"import": 26088, "export": 0, "id": "GR"}, {"import": 3079, "export": 0, "id": "LU"}, {"import": 1960, "export": 0, "id": "JP"}, {"import": 0, "export": 0, "id": "AT"}, {"import": 388, "export": 0, "id": "BG"}, {"import": 99, "export": 0, "id": "PL"}, {"import": 0, "export": 0, "id": "CD"}, {"import": 25, "export": 0, "id": "-"}, {"import": 0, "export": 0, "id": "GH"}, {"import": 0, "export": 0, "id": "HU"}, {"import": 0, "export": 0, "id": "ID"}, {"import": 1894, "export": 0, "id": "IR"}, {"import": 250000, "export": 0, "id": "MM"}, {"import": 2500, "export": 0, "id": "LK"}, {"import": 0, "export": 0, "id": "CN"}, {"import": 0, "export": 0, "id": "BD"}, {"import": 0, "export": 0, "id": "BR"}, {"import": 1264, "export": 0, "id": "LB"}, {"import": 0, "export": 0, "id": "LT"}, {"import": 0, "export": 0, "id": "VN"}, {"import": 0, "export": 0, "id": "SR"}, {"import": 0, "export": 0, "id": "TG"}, {"import": 0, "export": 0, "id": "AE"}], "import": 4275633, "export": 0}, {"date": "2018-12-01", "list": [{"import": 0, "export": 0, "id": "LA"}, {"import": 996773, "export": 0, "id": "PK"}, {"import": 863823, "export": 0, "id": "IT"}, {"import": 334994, "export": 0, "id": "FR"}, {"import": 157632, "export": 0, "id": "TH"}, {"import": 558716, "export": 0, "id": "NL"}, {"import": 1274759, "export": 0, "id": "KH"}, {"import": 1198, "export": 0, "id": "ES"}, {"import": 0, "export": 0, "id": "TR"}, {"import": 83454, "export": 0, "id": "DK"}, {"import": 223437, "export": 0, "id": "DE"}, {"import": 0, "export": 0, "id": "AR"}, {"import": 0, "export": 0, "id": "US"}, {"import": 163111, "export": 0, "id": "GB"}, {"import": 17427, "export": 0, "id": "SE"}, {"import": 100380, "export": 0, "id": "PT"}, {"import": 99900, "export": 0, "id": "IN"}, {"import": 0, "export": 0, "id": "GR"}, {"import": 1353, "export": 0, "id": "LU"}, {"import": 6524, "export": 0, "id": "JP"}, {"import": 2712, "export": 0, "id": "AT"}, {"import": 180, "export": 0, "id": "BG"}, {"import": 31, "export": 0, "id": "PL"}, {"import": 0, "export": 0, "id": "CD"}, {"import": 5, "export": 0, "id": "-"}, {"import": 0, "export": 0, "id": "GH"}, {"import": 0, "export": 0, "id": "HU"}, {"import": 0, "export": 0, "id": "ID"}, {"import": 0, "export": 0, "id": "IR"}, {"import": 549580, "export": 0, "id": "MM"}, {"import": 0, "export": 0, "id": "LK"}, {"import": 0, "export": 0, "id": "CN"}, {"import": 0, "export": 0, "id": "BD"}, {"import": 22000, "export": 0, "id": "BR"}, {"import": 1363, "export": 0, "id": "LB"}, {"import": 0, "export": 0, "id": "LT"}, {"import": 0, "export": 0, "id": "VN"}, {"import": 0, "export": 0, "id": "SR"}, {"import": 0, "export": 0, "id": "CH"}, {"import": 0, "export": 0, "id": "TG"}, {"import": 0, "export": 0, "id": "AE"}], "import": 5459352, "export": 0}, {"date": "2019-01-01", "list": [{"import": 0, "export": 0, "id": "LA"}, {"import": 85500, "export": 0, "id": "PK"}, {"import": 1062984, "export": 0, "id": "IT"}, {"import": 495385, "export": 0, "id": "FR"}, {"import": 635159, "export": 0, "id": "TH"}, {"import": 768277, "export": 0, "id": "NL"}, {"import": 1445921, "export": 0, "id": "KH"}, {"import": 131396, "export": 0, "id": "ES"}, {"import": 46512, "export": 0, "id": "TR"}, {"import": 133364, "export": 0, "id": "DK"}, {"import": 155183, "export": 0, "id": "DE"}, {"import": 0, "export": 0, "id": "AR"}, {"import": 19927, "export": 0, "id": "US"}, {"import": 152214, "export": 0, "id": "GB"}, {"import": 0, "export": 0, "id": "SE"}, {"import": 186949, "export": 0, "id": "PT"}, {"import": 212065, "export": 0, "id": "IN"}, {"import": 154412, "export": 0, "id": "GR"}, {"import": 2783, "export": 0, "id": "LU"}, {"import": 960, "export": 0, "id": "JP"}, {"import": 1284, "export": 0, "id": "AT"}, {"import": 0, "export": 0, "id": "BG"}, {"import": 45, "export": 0, "id": "PL"}, {"import": 0, "export": 0, "id": "CD"}, {"import": 12, "export": 0, "id": "-"}, {"import": 0, "export": 0, "id": "GH"}, {"import": 0, "export": 0, "id": "HU"}, {"import": 0, "export": 0, "id": "ID"}, {"import": 0, "export": 0, "id": "IR"}, {"import": 0, "export": 0, "id": "MM"}, {"import": 600, "export": 0, "id": "LK"}, {"import": 0, "export": 0, "id": "CN"}, {"import": 0, "export": 0, "id": "BD"}, {"import": 0, "export": 0, "id": "BR"}, {"import": 0, "export": 0, "id": "LB"}, {"import": 0, "export": 0, "id": "LT"}, {"import": 0, "export": 0, "id": "VN"}, {"import": 0, "export": 0, "id": "SR"}, {"import": 0, "export": 0, "id": "CH"}, {"import": 0, "export": 0, "id": "TG"}, {"import": 0, "export": 0, "id": "AE"}], "import": 5690932, "export": 0}, {"date": "2019-02-01", "list": [{"import": 0, "export": 0, "id": "LA"}, {"import": 56799, "export": 0, "id": "PK"}, {"import": 1101168, "export": 0, "id": "IT"}, {"import": 587539, "export": 0, "id": "FR"}, {"import": 2505439, "export": 0, "id": "TH"}, {"import": 613381, "export": 0, "id": "NL"}, {"import": 1790800, "export": 0, "id": "KH"}, {"import": 5240, "export": 0, "id": "ES"}, {"import": 82482, "export": 0, "id": "TR"}, {"import": 52, "export": 0, "id": "DK"}, {"import": 280722, "export": 0, "id": "DE"}, {"import": 213000, "export": 0, "id": "AR"}, {"import": 18417, "export": 0, "id": "US"}, {"import": 136913, "export": 0, "id": "GB"}, {"import": 0, "export": 0, "id": "SE"}, {"import": 208907, "export": 0, "id": "PT"}, {"import": 583597, "export": 0, "id": "IN"}, {"import": 0, "export": 0, "id": "GR"}, {"import": 3139, "export": 0, "id": "LU"}, {"import": 0, "export": 0, "id": "JP"}, {"import": 0, "export": 0, "id": "AT"}, {"import": 875, "export": 0, "id": "BG"}, {"import": 53, "export": 0, "id": "PL"}, {"import": 0, "export": 0, "id": "CD"}, {"import": 27, "export": 0, "id": "-"}, {"import": 0, "export": 0, "id": "GH"}, {"import": 0, "export": 0, "id": "HU"}, {"import": 0, "export": 0, "id": "ID"}, {"import": 0, "export": 0, "id": "IR"}, {"import": 0, "export": 0, "id": "MM"}, {"import": 0, "export": 0, "id": "LK"}, {"import": 0, "export": 0, "id": "CN"}, {"import": 0, "export": 0, "id": "BD"}, {"import": 0, "export": 0, "id": "BR"}, {"import": 3542, "export": 0, "id": "LB"}, {"import": 36708, "export": 0, "id": "LT"}, {"import": 0, "export": 0, "id": "VN"}, {"import": 168615, "export": 0, "id": "SR"}, {"import": 0, "export": 0, "id": "CH"}, {"import": 0, "export": 0, "id": "TG"}, {"import": 0, "export": 0, "id": "AE"}], "import": 8397415, "export": 0}, {"date": "2019-03-01", "list": [{"import": 0, "export": 0, "id": "LA"}, {"import": 1649740, "export": 0, "id": "PK"}, {"import": 1257488, "export": 0, "id": "IT"}, {"import": 449397, "export": 0, "id": "FR"}, {"import": 2951617, "export": 0, "id": "TH"}, {"import": 614963, "export": 0, "id": "NL"}, {"import": 216000, "export": 0, "id": "KH"}, {"import": 141614, "export": 0, "id": "ES"}, {"import": 0, "export": 0, "id": "TR"}, {"import": 81400, "export": 0, "id": "DK"}, {"import": 154884, "export": 0, "id": "DE"}, {"import": 122000, "export": 0, "id": "AR"}, {"import": 38958, "export": 0, "id": "US"}, {"import": 72672, "export": 0, "id": "GB"}, {"import": 0, "export": 0, "id": "SE"}, {"import": 274460, "export": 0, "id": "PT"}, {"import": 246990, "export": 0, "id": "IN"}, {"import": 0, "export": 0, "id": "GR"}, {"import": 149, "export": 0, "id": "LU"}, {"import": 4545, "export": 0, "id": "JP"}, {"import": 1292, "export": 0, "id": "AT"}, {"import": 350, "export": 0, "id": "BG"}, {"import": 45, "export": 0, "id": "PL"}, {"import": 0, "export": 0, "id": "CD"}, {"import": 24, "export": 0, "id": "-"}, {"import": 0, "export": 0, "id": "GH"}, {"import": 0, "export": 0, "id": "HU"}, {"import": 0, "export": 0, "id": "ID"}, {"import": 0, "export": 0, "id": "IR"}, {"import": 0, "export": 0, "id": "MM"}, {"import": 0, "export": 0, "id": "LK"}, {"import": 0, "export": 0, "id": "CN"}, {"import": 0, "export": 0, "id": "BD"}, {"import": 22100, "export": 0, "id": "BR"}, {"import": 0, "export": 0, "id": "LB"}, {"import": 0, "export": 0, "id": "LT"}, {"import": 0, "export": 0, "id": "VN"}, {"import": 0, "export": 0, "id": "SR"}, {"import": 0, "export": 0, "id": "CH"}, {"import": 0, "export": 0, "id": "TG"}, {"import": 0, "export": 0, "id": "AE"}], "import": 8300688, "export": 0}, {"date": "2019-04-01", "list": [{"import": 0, "export": 0, "id": "LA"}, {"import": 912025, "export": 0, "id": "PK"}, {"import": 389631, "export": 0, "id": "IT"}, {"import": 355784, "export": 0, "id": "FR"}, {"import": 493254, "export": 0, "id": "TH"}, {"import": 568027, "export": 0, "id": "NL"}, {"import": 885406, "export": 0, "id": "KH"}, {"import": 119033, "export": 0, "id": "ES"}, {"import": 38880, "export": 0, "id": "TR"}, {"import": 132588, "export": 0, "id": "DK"}, {"import": 350769, "export": 0, "id": "DE"}, {"import": 130000, "export": 0, "id": "AR"}, {"import": 20184, "export": 0, "id": "US"}, {"import": 105021, "export": 0, "id": "GB"}, {"import": 0, "export": 0, "id": "SE"}, {"import": 257029, "export": 0, "id": "PT"}, {"import": 712236, "export": 0, "id": "IN"}, {"import": 45372, "export": 0, "id": "GR"}, {"import": 6573, "export": 0, "id": "LU"}, {"import": 6144, "export": 0, "id": "JP"}, {"import": 0, "export": 0, "id": "AT"}, {"import": 0, "export": 0, "id": "BG"}, {"import": 31, "export": 0, "id": "PL"}, {"import": 0, "export": 0, "id": "CD"}, {"import": 6, "export": 0, "id": "-"}, {"import": 0, "export": 0, "id": "GH"}, {"import": 42515, "export": 0, "id": "HU"}, {"import": 0, "export": 0, "id": "ID"}, {"import": 0, "export": 0, "id": "IR"}, {"import": 0, "export": 0, "id": "MM"}, {"import": 0, "export": 0, "id": "LK"}, {"import": 0, "export": 0, "id": "CN"}, {"import": 0, "export": 0, "id": "BD"}, {"import": 0, "export": 0, "id": "BR"}, {"import": 1135, "export": 0, "id": "LB"}, {"import": 0, "export": 0, "id": "LT"}, {"import": 0, "export": 0, "id": "VN"}, {"import": 0, "export": 0, "id": "SR"}, {"import": 0, "export": 0, "id": "CH"}, {"import": 0, "export": 0, "id": "TG"}, {"import": 0, "export": 0, "id": "AE"}], "import": 5571643, "export": 0}, {"date": "2019-05-01", "list": [{"import": 0, "export": 0, "id": "LA"}, {"import": 1453980, "export": 0, "id": "PK"}, {"import": 746526, "export": 0, "id": "IT"}, {"import": 789081, "export": 0, "id": "FR"}, {"import": 349634, "export": 0, "id": "TH"}, {"import": 801616, "export": 0, "id": "NL"}, {"import": 893197, "export": 0, "id": "KH"}, {"import": 128426, "export": 0, "id": "ES"}, {"import": 45504, "export": 0, "id": "TR"}, {"import": 0, "export": 0, "id": "DK"}, {"import": 525865, "export": 0, "id": "DE"}, {"import": 0, "export": 0, "id": "AR"}, {"import": 39509, "export": 0, "id": "US"}, {"import": 36403, "export": 0, "id": "GB"}, {"import": 0, "export": 0, "id": "SE"}, {"import": 97730, "export": 0, "id": "PT"}, {"import": 193840, "export": 0, "id": "IN"}, {"import": 0, "export": 0, "id": "GR"}, {"import": 1291, "export": 0, "id": "LU"}, {"import": 1110, "export": 0, "id": "JP"}, {"import": 1866, "export": 0, "id": "AT"}, {"import": 0, "export": 0, "id": "BG"}, {"import": 124, "export": 0, "id": "PL"}, {"import": 0, "export": 0, "id": "CD"}, {"import": 21, "export": 0, "id": "-"}, {"import": 0, "export": 0, "id": "GH"}, {"import": 0, "export": 0, "id": "HU"}, {"import": 0, "export": 0, "id": "ID"}, {"import": 0, "export": 0, "id": "IR"}, {"import": 0, "export": 0, "id": "MM"}, {"import": 0, "export": 0, "id": "LK"}, {"import": 0, "export": 0, "id": "CN"}, {"import": 0, "export": 0, "id": "BD"}, {"import": 2080, "export": 0, "id": "BR"}, {"import": 2361, "export": 0, "id": "LB"}, {"import": 0, "export": 0, "id": "LT"}, {"import": 250000, "export": 0, "id": "VN"}, {"import": 0, "export": 0, "id": "SR"}, {"import": 0, "export": 0, "id": "CH"}, {"import": 0, "export": 0, "id": "TG"}, {"import": 0, "export": 0, "id": "AE"}], "import": 6360164, "export": 0}, {"date": "2019-06-01", "list": [{"import": 0, "export": 0, "id": "LA"}, {"import": 270028, "export": 0, "id": "PK"}, {"import": 633878, "export": 0, "id": "IT"}, {"import": 481459, "export": 0, "id": "FR"}, {"import": 331770, "export": 0, "id": "TH"}, {"import": 494969, "export": 0, "id": "NL"}, {"import": 749347, "export": 0, "id": "KH"}, {"import": 279046, "export": 0, "id": "ES"}, {"import": 24984, "export": 0, "id": "TR"}, {"import": 53428, "export": 0, "id": "DK"}, {"import": 111702, "export": 0, "id": "DE"}, {"import": 0, "export": 0, "id": "AR"}, {"import": 0, "export": 0, "id": "US"}, {"import": 59104, "export": 0, "id": "GB"}, {"import": 0, "export": 0, "id": "SE"}, {"import": 278466, "export": 0, "id": "PT"}, {"import": 73044, "export": 0, "id": "IN"}, {"import": 0, "export": 0, "id": "GR"}, {"import": 271, "export": 0, "id": "LU"}, {"import": 1070, "export": 0, "id": "JP"}, {"import": 0, "export": 0, "id": "AT"}, {"import": 0, "export": 0, "id": "BG"}, {"import": 57, "export": 0, "id": "PL"}, {"import": 0, "export": 0, "id": "CD"}, {"import": 20, "export": 0, "id": "-"}, {"import": 0, "export": 0, "id": "GH"}, {"import": 0, "export": 0, "id": "HU"}, {"import": 0, "export": 0, "id": "ID"}, {"import": 0, "export": 0, "id": "IR"}, {"import": 0, "export": 0, "id": "MM"}, {"import": 0, "export": 0, "id": "LK"}, {"import": 0, "export": 0, "id": "CN"}, {"import": 0, "export": 0, "id": "BD"}, {"import": 0, "export": 0, "id": "BR"}, {"import": 1220, "export": 0, "id": "LB"}, {"import": 0, "export": 0, "id": "LT"}, {"import": 46000, "export": 0, "id": "VN"}, {"import": 0, "export": 0, "id": "SR"}, {"import": 0, "export": 0, "id": "CH"}, {"import": 0, "export": 0, "id": "TG"}, {"import": 0, "export": 0, "id": "AE"}], "import": 3889863, "export": 0}, {"date": "2019-07-01", "list": [{"import": 0, "export": 0, "id": "LA"}, {"import": 580080, "export": 0, "id": "PK"}, {"import": 1014579, "export": 0, "id": "IT"}, {"import": 311794, "export": 0, "id": "FR"}, {"import": 272436, "export": 0, "id": "TH"}, {"import": 462230, "export": 0, "id": "NL"}, {"import": 332000, "export": 0, "id": "KH"}, {"import": 87310, "export": 0, "id": "ES"}, {"import": 78983, "export": 0, "id": "TR"}, {"import": 0, "export": 0, "id": "DK"}, {"import": 63889, "export": 0, "id": "DE"}, {"import": 0, "export": 0, "id": "AR"}, {"import": 38329, "export": 0, "id": "US"}, {"import": 59538, "export": 0, "id": "GB"}, {"import": 0, "export": 0, "id": "SE"}, {"import": 50979, "export": 0, "id": "PT"}, {"import": 79120, "export": 0, "id": "IN"}, {"import": 0, "export": 0, "id": "GR"}, {"import": 97, "export": 0, "id": "LU"}, {"import": 1270, "export": 0, "id": "JP"}, {"import": 1295, "export": 0, "id": "AT"}, {"import": 168, "export": 0, "id": "BG"}, {"import": 17, "export": 0, "id": "PL"}, {"import": 0, "export": 0, "id": "CD"}, {"import": 14, "export": 0, "id": "-"}, {"import": 0, "export": 0, "id": "GH"}, {"import": 0, "export": 0, "id": "HU"}, {"import": 0, "export": 0, "id": "ID"}, {"import": 8940, "export": 0, "id": "IR"}, {"import": 0, "export": 0, "id": "MM"}, {"import": 0, "export": 0, "id": "LK"}, {"import": 0, "export": 0, "id": "CN"}, {"import": 0, "export": 0, "id": "BD"}, {"import": 0, "export": 0, "id": "BR"}, {"import": 0, "export": 0, "id": "LB"}, {"import": 0, "export": 0, "id": "LT"}, {"import": 0, "export": 0, "id": "VN"}, {"import": 0, "export": 0, "id": "SR"}, {"import": 0, "export": 0, "id": "CH"}, {"import": 0, "export": 0, "id": "TG"}, {"import": 0, "export": 0, "id": "AE"}], "import": 3443068, "export": 0}, {"date": "2019-08-01", "list": [{"import": 200000, "export": 0, "id": "LA"}, {"import": 571000, "export": 0, "id": "PK"}, {"import": 697668, "export": 0, "id": "IT"}, {"import": 741540, "export": 0, "id": "FR"}, {"import": 1210444, "export": 0, "id": "TH"}, {"import": 703364, "export": 0, "id": "NL"}, {"import": 588600, "export": 0, "id": "KH"}, {"import": 90485, "export": 0, "id": "ES"}, {"import": 80640, "export": 0, "id": "TR"}, {"import": 107854, "export": 0, "id": "DK"}, {"import": 146758, "export": 0, "id": "DE"}, {"import": 0, "export": 0, "id": "AR"}, {"import": 0, "export": 0, "id": "US"}, {"import": 53822, "export": 0, "id": "GB"}, {"import": 0, "export": 0, "id": "SE"}, {"import": 167636, "export": 0, "id": "PT"}, {"import": 179000, "export": 0, "id": "IN"}, {"import": 39075, "export": 0, "id": "GR"}, {"import": 143, "export": 0, "id": "LU"}, {"import": 2295, "export": 0, "id": "JP"}, {"import": 0, "export": 0, "id": "AT"}, {"import": 235, "export": 0, "id": "BG"}, {"import": 71, "export": 0, "id": "PL"}, {"import": 0, "export": 0, "id": "CD"}, {"import": 17, "export": 0, "id": "-"}, {"import": 0, "export": 0, "id": "GH"}, {"import": 0, "export": 0, "id": "HU"}, {"import": 0, "export": 0, "id": "ID"}, {"import": 0, "export": 0, "id": "IR"}, {"import": 0, "export": 0, "id": "MM"}, {"import": 0, "export": 0, "id": "LK"}, {"import": 0, "export": 0, "id": "CN"}, {"import": 0, "export": 0, "id": "BD"}, {"import": 22180, "export": 0, "id": "BR"}, {"import": 0, "export": 0, "id": "LB"}, {"import": 0, "export": 0, "id": "LT"}, {"import": 0, "export": 0, "id": "VN"}, {"import": 0, "export": 0, "id": "SR"}, {"import": 0, "export": 0, "id": "CH"}, {"import": 996, "export": 0, "id": "TG"}, {"import": 1320, "export": 0, "id": "AE"}], "import": 5605143, "export": 0}, {"date": "2019-09-01", "list": [{"import": 0, "export": 0, "id": "LA"}, {"import": 1105766, "export": 0, "id": "PK"}, {"import": 868540, "export": 0, "id": "IT"}, {"import": 245716, "export": 0, "id": "FR"}, {"import": 5492435, "export": 0, "id": "TH"}, {"import": 687795, "export": 0, "id": "NL"}, {"import": 199514, "export": 0, "id": "KH"}, {"import": 142350, "export": 0, "id": "ES"}, {"import": 11520, "export": 0, "id": "TR"}, {"import": 51495, "export": 0, "id": "DK"}, {"import": 134944, "export": 0, "id": "DE"}, {"import": 420000, "export": 0, "id": "AR"}, {"import": 18938, "export": 0, "id": "US"}, {"import": 119067, "export": 0, "id": "GB"}, {"import": 0, "export": 0, "id": "SE"}, {"import": 53372, "export": 0, "id": "PT"}, {"import": 284112, "export": 0, "id": "IN"}, {"import": 1101, "export": 0, "id": "GR"}, {"import": 91, "export": 0, "id": "LU"}, {"import": 4245, "export": 0, "id": "JP"}, {"import": 468, "export": 0, "id": "AT"}, {"import": 367, "export": 0, "id": "BG"}, {"import": 30, "export": 0, "id": "PL"}, {"import": 0, "export": 0, "id": "CD"}, {"import": 24, "export": 0, "id": "-"}, {"import": 0, "export": 0, "id": "GH"}, {"import": 0, "export": 0, "id": "HU"}, {"import": 1000, "export": 0, "id": "ID"}, {"import": 0, "export": 0, "id": "IR"}, {"import": 0, "export": 0, "id": "MM"}, {"import": 0, "export": 0, "id": "LK"}, {"import": 0, "export": 0, "id": "CN"}, {"import": 0, "export": 0, "id": "BD"}, {"import": 6369, "export": 0, "id": "BR"}, {"import": 1674, "export": 0, "id": "LB"}, {"import": 0, "export": 0, "id": "LT"}, {"import": 0, "export": 0, "id": "VN"}, {"import": 0, "export": 0, "id": "SR"}, {"import": 0, "export": 0, "id": "CH"}, {"import": 0, "export": 0, "id": "TG"}, {"import": 0, "export": 0, "id": "AE"}], "import": 9850933, "export": 0}, {"date": "2019-10-01", "list": [{"import": 0, "export": 0, "id": "LA"}, {"import": 945000, "export": 0, "id": "PK"}, {"import": 1092211, "export": 0, "id": "IT"}, {"import": 358904, "export": 0, "id": "FR"}, {"import": 517476, "export": 0, "id": "TH"}, {"import": 628371, "export": 0, "id": "NL"}, {"import": 548649, "export": 0, "id": "KH"}, {"import": 198536, "export": 0, "id": "ES"}, {"import": 0, "export": 0, "id": "TR"}, {"import": 243629, "export": 0, "id": "DK"}, {"import": 235218, "export": 0, "id": "DE"}, {"import": 202000, "export": 0, "id": "AR"}, {"import": 1944, "export": 0, "id": "US"}, {"import": 131842, "export": 0, "id": "GB"}, {"import": 0, "export": 0, "id": "SE"}, {"import": 22709, "export": 0, "id": "PT"}, {"import": 69136, "export": 0, "id": "IN"}, {"import": 2751, "export": 0, "id": "GR"}, {"import": 343, "export": 0, "id": "LU"}, {"import": 1077, "export": 0, "id": "JP"}, {"import": 1945, "export": 0, "id": "AT"}, {"import": 875, "export": 0, "id": "BG"}, {"import": 17, "export": 0, "id": "PL"}, {"import": 0, "export": 0, "id": "CD"}, {"import": 29, "export": 0, "id": "-"}, {"import": 0, "export": 0, "id": "GH"}, {"import": 0, "export": 0, "id": "HU"}, {"import": 0, "export": 0, "id": "ID"}, {"import": 0, "export": 0, "id": "IR"}, {"import": 0, "export": 0, "id": "MM"}, {"import": 0, "export": 0, "id": "LK"}, {"import": 0, "export": 0, "id": "CN"}, {"import": 0, "export": 0, "id": "BD"}, {"import": 0, "export": 0, "id": "BR"}, {"import": 0, "export": 0, "id": "LB"}, {"import": 0, "export": 0, "id": "LT"}, {"import": 0, "export": 0, "id": "VN"}, {"import": 0, "export": 0, "id": "SR"}, {"import": 0, "export": 0, "id": "CH"}, {"import": 0, "export": 0, "id": "TG"}, {"import": 0, "export": 0, "id": "AE"}], "import": 5202662, "export": 0}, {"date": "2019-11-01", "list": [{"import": 0, "export": 0, "id": "LA"}, {"import": 607000, "export": 0, "id": "PK"}, {"import": 1204992, "export": 0, "id": "IT"}, {"import": 822028, "export": 0, "id": "FR"}, {"import": 881336, "export": 0, "id": "TH"}, {"import": 675087, "export": 0, "id": "NL"}, {"import": 119915, "export": 0, "id": "KH"}, {"import": 528328, "export": 0, "id": "ES"}, {"import": 46880, "export": 0, "id": "TR"}, {"import": 0, "export": 0, "id": "DK"}, {"import": 104767, "export": 0, "id": "DE"}, {"import": 0, "export": 0, "id": "AR"}, {"import": 35525, "export": 0, "id": "US"}, {"import": 124546, "export": 0, "id": "GB"}, {"import": 0, "export": 0, "id": "SE"}, {"import": 48170, "export": 0, "id": "PT"}, {"import": 15792, "export": 0, "id": "IN"}, {"import": 0, "export": 0, "id": "GR"}, {"import": 261, "export": 0, "id": "LU"}, {"import": 7715, "export": 0, "id": "JP"}, {"import": 0, "export": 0, "id": "AT"}, {"import": 476, "export": 0, "id": "BG"}, {"import": 79, "export": 0, "id": "PL"}, {"import": 0, "export": 0, "id": "CD"}, {"import": 17, "export": 0, "id": "-"}, {"import": 0, "export": 0, "id": "GH"}, {"import": 0, "export": 0, "id": "HU"}, {"import": 0, "export": 0, "id": "ID"}, {"import": 0, "export": 0, "id": "IR"}, {"import": 0, "export": 0, "id": "MM"}, {"import": 0, "export": 0, "id": "LK"}, {"import": 0, "export": 0, "id": "CN"}, {"import": 0, "export": 0, "id": "BD"}, {"import": 0, "export": 0, "id": "BR"}, {"import": 0, "export": 0, "id": "LB"}, {"import": 0, "export": 0, "id": "LT"}, {"import": 0, "export": 0, "id": "VN"}, {"import": 0, "export": 0, "id": "SR"}, {"import": 15845, "export": 0, "id": "CH"}, {"import": 975, "export": 0, "id": "TG"}, {"import": 0, "export": 0, "id": "AE"}], "import": 5239734, "export": 0}, {"date": "2019-12-01", "list": [{"import": 0, "export": 0, "id": "LA"}, {"import": 1415368, "export": 0, "id": "PK"}, {"import": 1048006, "export": 0, "id": "IT"}, {"import": 440286, "export": 0, "id": "FR"}, {"import": 150385, "export": 0, "id": "TH"}, {"import": 753679, "export": 0, "id": "NL"}, {"import": 319801, "export": 0, "id": "KH"}, {"import": 292762, "export": 0, "id": "ES"}, {"import": 104040, "export": 0, "id": "TR"}, {"import": 166580, "export": 0, "id": "DK"}, {"import": 314173, "export": 0, "id": "DE"}, {"import": 0, "export": 0, "id": "AR"}, {"import": 19861, "export": 0, "id": "US"}, {"import": 64917, "export": 0, "id": "GB"}, {"import": 0, "export": 0, "id": "SE"}, {"import": 21128, "export": 0, "id": "PT"}, {"import": 612470, "export": 0, "id": "IN"}, {"import": 0, "export": 0, "id": "GR"}, {"import": 192, "export": 0, "id": "LU"}, {"import": 0, "export": 0, "id": "JP"}, {"import": 0, "export": 0, "id": "AT"}, {"import": 0, "export": 0, "id": "BG"}, {"import": 4035, "export": 0, "id": "PL"}, {"import": 0, "export": 0, "id": "CD"}, {"import": 0, "export": 0, "id": "-"}, {"import": 0, "export": 0, "id": "GH"}, {"import": 0, "export": 0, "id": "HU"}, {"import": 0, "export": 0, "id": "ID"}, {"import": 0, "export": 0, "id": "IR"}, {"import": 0, "export": 0, "id": "MM"}, {"import": 0, "export": 0, "id": "LK"}, {"import": 0, "export": 0, "id": "CN"}, {"import": 0, "export": 0, "id": "BD"}, {"import": 0, "export": 0, "id": "BR"}, {"import": 2333, "export": 0, "id": "LB"}, {"import": 0, "export": 0, "id": "LT"}, {"import": 0, "export": 0, "id": "VN"}, {"import": 0, "export": 0, "id": "SR"}, {"import": 0, "export": 0, "id": "CH"}, {"import": 0, "export": 0, "id": "TG"}, {"import": 0, "export": 0, "id": "AE"}], "import": 5730016, "export": 0}, {"date": "2020-01-01", "list": [{"import": 0, "export": 0, "id": "LA"}, {"import": 866060, "export": 0, "id": "PK"}, {"import": 907803, "export": 0, "id": "IT"}, {"import": 351130, "export": 0, "id": "FR"}, {"import": 333602, "export": 0, "id": "TH"}, {"import": 635778, "export": 0, "id": "NL"}, {"import": 530409, "export": 0, "id": "KH"}, {"import": 364013, "export": 0, "id": "ES"}, {"import": 204848, "export": 0, "id": "TR"}, {"import": 398838, "export": 0, "id": "DK"}, {"import": 286517, "export": 0, "id": "DE"}, {"import": 0, "export": 0, "id": "AR"}, {"import": 36000, "export": 0, "id": "US"}, {"import": 169598, "export": 0, "id": "GB"}, {"import": 0, "export": 0, "id": "SE"}, {"import": 14279, "export": 0, "id": "PT"}, {"import": 945878, "export": 0, "id": "IN"}, {"import": 19545, "export": 0, "id": "GR"}, {"import": 494, "export": 0, "id": "LU"}, {"import": 1300, "export": 0, "id": "JP"}, {"import": 1220, "export": 0, "id": "AT"}, {"import": 0, "export": 0, "id": "BG"}, {"import": 65, "export": 0, "id": "PL"}, {"import": 0, "export": 0, "id": "CD"}, {"import": 13, "export": 0, "id": "-"}, {"import": 32, "export": 0, "id": "GH"}, {"import": 0, "export": 0, "id": "HU"}, {"import": 0, "export": 0, "id": "ID"}, {"import": 0, "export": 0, "id": "IR"}, {"import": 0, "export": 0, "id": "MM"}, {"import": 0, "export": 0, "id": "LK"}, {"import": 0, "export": 0, "id": "CN"}, {"import": 0, "export": 0, "id": "BD"}, {"import": 45240, "export": 0, "id": "BR"}, {"import": 1107, "export": 0, "id": "LB"}, {"import": 0, "export": 0, "id": "LT"}, {"import": 0, "export": 0, "id": "VN"}, {"import": 75000, "export": 0, "id": "SR"}, {"import": 0, "export": 0, "id": "CH"}, {"import": 0, "export": 0, "id": "TG"}, {"import": 0, "export": 0, "id": "AE"}], "import": 6188769, "export": 0}, {"date": "2020-02-01", "list": [{"import": 0, "export": 0, "id": "LA"}, {"import": 1566080, "export": 0, "id": "PK"}, {"import": 765445, "export": 0, "id": "IT"}, {"import": 277249, "export": 0, "id": "FR"}, {"import": 360015, "export": 0, "id": "TH"}, {"import": 734533, "export": 0, "id": "NL"}, {"import": 653360, "export": 0, "id": "KH"}, {"import": 240948, "export": 0, "id": "ES"}, {"import": 42894, "export": 0, "id": "TR"}, {"import": 0, "export": 0, "id": "DK"}, {"import": 76133, "export": 0, "id": "DE"}, {"import": 0, "export": 0, "id": "AR"}, {"import": 37845, "export": 0, "id": "US"}, {"import": 125857, "export": 0, "id": "GB"}, {"import": 0, "export": 0, "id": "SE"}, {"import": 20258, "export": 0, "id": "PT"}, {"import": 169921, "export": 0, "id": "IN"}, {"import": 1929, "export": 0, "id": "GR"}, {"import": 171, "export": 0, "id": "LU"}, {"import": 0, "export": 0, "id": "JP"}, {"import": 0, "export": 0, "id": "AT"}, {"import": 675, "export": 0, "id": "BG"}, {"import": 98, "export": 0, "id": "PL"}, {"import": 0, "export": 0, "id": "CD"}, {"import": 21, "export": 0, "id": "-"}, {"import": 0, "export": 0, "id": "GH"}, {"import": 0, "export": 0, "id": "HU"}, {"import": 0, "export": 0, "id": "ID"}, {"import": 0, "export": 0, "id": "IR"}, {"import": 0, "export": 0, "id": "MM"}, {"import": 0, "export": 0, "id": "LK"}, {"import": 0, "export": 0, "id": "CN"}, {"import": 0, "export": 0, "id": "BD"}, {"import": 0, "export": 0, "id": "BR"}, {"import": 0, "export": 0, "id": "LB"}, {"import": 0, "export": 0, "id": "LT"}, {"import": 0, "export": 0, "id": "VN"}, {"import": 0, "export": 0, "id": "SR"}, {"import": 0, "export": 0, "id": "CH"}, {"import": 0, "export": 0, "id": "TG"}, {"import": 0, "export": 0, "id": "AE"}], "import": 5073432, "export": 0}, {"date": "2020-03-01", "list": [{"import": 0, "export": 0, "id": "LA"}, {"import": 521900, "export": 0, "id": "PK"}, {"import": 1043861, "export": 0, "id": "IT"}, {"import": 354688, "export": 0, "id": "FR"}, {"import": 5025077, "export": 0, "id": "TH"}, {"import": 928108, "export": 0, "id": "NL"}, {"import": 373504, "export": 0, "id": "KH"}, {"import": 166637, "export": 0, "id": "ES"}, {"import": 117921, "export": 0, "id": "TR"}, {"import": 56899, "export": 0, "id": "DK"}, {"import": 189915, "export": 0, "id": "DE"}, {"import": 212000, "export": 0, "id": "AR"}, {"import": 31058, "export": 0, "id": "US"}, {"import": 193656, "export": 0, "id": "GB"}, {"import": 0, "export": 0, "id": "SE"}, {"import": 62655, "export": 0, "id": "PT"}, {"import": 113062, "export": 0, "id": "IN"}, {"import": 2136, "export": 0, "id": "GR"}, {"import": 177, "export": 0, "id": "LU"}, {"import": 1900, "export": 0, "id": "JP"}, {"import": 1348, "export": 0, "id": "AT"}, {"import": 145, "export": 0, "id": "BG"}, {"import": 281, "export": 0, "id": "PL"}, {"import": 0, "export": 0, "id": "CD"}, {"import": 64, "export": 0, "id": "-"}, {"import": 10, "export": 0, "id": "GH"}, {"import": 0, "export": 0, "id": "HU"}, {"import": 0, "export": 0, "id": "ID"}, {"import": 0, "export": 0, "id": "IR"}, {"import": 250000, "export": 0, "id": "MM"}, {"import": 4500, "export": 0, "id": "LK"}, {"import": 0, "export": 0, "id": "CN"}, {"import": 0, "export": 0, "id": "BD"}, {"import": 2100, "export": 0, "id": "BR"}, {"import": 2160, "export": 0, "id": "LB"}, {"import": 0, "export": 0, "id": "LT"}, {"import": 48000, "export": 0, "id": "VN"}, {"import": 0, "export": 0, "id": "SR"}, {"import": 0, "export": 0, "id": "CH"}, {"import": 0, "export": 0, "id": "TG"}, {"import": 0, "export": 0, "id": "AE"}], "import": 9703762, "export": 0}, {"date": "123-01", "list": [{"import": 0, "export": 1, "id": "-"}], "import": 0, "export": 127}, {"date": "1-01", "list": [{"import": 0, "export": 2, "id": "-"}], "import": 0, "export": 9}, {"date": "2-01", "list": [{"import": 0, "export": 3, "id": "-"}, {"import": 0, "export": 1758594, "id": "FR"}, {"import": 0, "export": 2574980, "id": "DE"}, {"import": 0, "export": 27611, "id": "GB"}, {"import": 0, "export": 858835, "id": "NL"}, {"import": 0, "export": 348963, "id": "SE"}, {"import": 0, "export": 276121, "id": "DK"}, {"import": 0, "export": 356868, "id": "CH"}, {"import": 0, "export": 53142, "id": "AT"}, {"import": 0, "export": 0, "id": "FI"}, {"import": 0, "export": 2057, "id": "HU"}, {"import": 0, "export": 4572, "id": "PL"}, {"import": 0, "export": 55127, "id": "AU"}, {"import": 0, "export": 2057, "id": "GR"}, {"import": 0, "export": 145184, "id": "LU"}, {"import": 0, "export": 133, "id": "IE"}, {"import": 0, "export": 57982, "id": "ES"}, {"import": 0, "export": 76324, "id": "NO"}, {"import": 0, "export": 0, "id": "SI"}, {"import": 0, "export": 1590, "id": "IT"}, {"import": 0, "export": 0, "id": "CY"}, {"import": 0, "export": 21331, "id": "EE"}, {"import": 0, "export": 2922, "id": "RO"}, {"import": 0, "export": 0, "id": "RS"}, {"import": 0, "export": 10830, "id": "IS"}], "import": 0, "export": 6635237}, {"date": "3-01", "list": [{"import": 0, "export": 3827582, "id": "FR"}, {"import": 0, "export": 4571389, "id": "DE"}, {"import": 0, "export": 1721229, "id": "GB"}, {"import": 0, "export": 855412, "id": "NL"}, {"import": 0, "export": 406209, "id": "SE"}, {"import": 0, "export": 148933, "id": "DK"}, {"import": 0, "export": 311678, "id": "CH"}, {"import": 0, "export": 280569, "id": "AT"}, {"import": 0, "export": 167823, "id": "FI"}, {"import": 0, "export": 24033, "id": "HU"}, {"import": 0, "export": 77897, "id": "PL"}, {"import": 0, "export": 18536, "id": "AU"}, {"import": 0, "export": 54875, "id": "GR"}, {"import": 0, "export": 113090, "id": "LU"}, {"import": 0, "export": 114616, "id": "IE"}, {"import": 0, "export": 5165, "id": "ES"}, {"import": 0, "export": 83261, "id": "NO"}, {"import": 0, "export": 12625, "id": "SI"}, {"import": 0, "export": 21531, "id": "IT"}, {"import": 0, "export": 56025, "id": "CY"}, {"import": 0, "export": 17378, "id": "EE"}, {"import": 0, "export": 8004, "id": "RO"}, {"import": 0, "export": 1600, "id": "RS"}, {"import": 0, "export": 11010, "id": "IS"}, {"import": 0, "export": 3, "id": "-"}], "import": 0, "export": 12910473}, {"date": "Unnamed: 4-01", "list": [{"import": 0, "export": 2290213, "id": "FR"}, {"import": 0, "export": 2188750, "id": "DE"}, {"import": 0, "export": 3143, "id": "GB"}, {"import": 0, "export": 1320891, "id": "NL"}, {"import": 0, "export": 25474, "id": "SE"}, {"import": 0, "export": 148498, "id": "DK"}, {"import": 0, "export": 301154, "id": "CH"}, {"import": 0, "export": 26268, "id": "AT"}, {"import": 0, "export": 0, "id": "FI"}, {"import": 0, "export": 0, "id": "HU"}, {"import": 0, "export": 291911, "id": "PL"}, {"import": 0, "export": 111626, "id": "AU"}, {"import": 0, "export": 3183, "id": "GR"}, {"import": 0, "export": 143209, "id": "LU"}, {"import": 0, "export": 0, "id": "IE"}, {"import": 0, "export": 29120, "id": "ES"}, {"import": 0, "export": 72052, "id": "NO"}, {"import": 0, "export": 0, "id": "SI"}, {"import": 0, "export": 26444, "id": "IT"}, {"import": 0, "export": 0, "id": "CY"}, {"import": 0, "export": 17308, "id": "EE"}, {"import": 0, "export": 2979, "id": "RO"}, {"import": 0, "export": 4560, "id": "RS"}, {"import": 0, "export": 0, "id": "IS"}], "import": 0, "export": 7006783}, {"date": "Unnamed: 5-01", "list": [{"import": 0, "export": 2146675, "id": "FR"}, {"import": 0, "export": 2603674, "id": "DE"}, {"import": 0, "export": 7672, "id": "GB"}, {"import": 0, "export": 897153, "id": "NL"}, {"import": 0, "export": 5476, "id": "SE"}, {"import": 0, "export": 271446, "id": "DK"}, {"import": 0, "export": 525015, "id": "CH"}, {"import": 0, "export": 25345, "id": "AT"}, {"import": 0, "export": 15375, "id": "FI"}, {"import": 0, "export": 0, "id": "HU"}, {"import": 0, "export": 2823, "id": "PL"}, {"import": 0, "export": 37228, "id": "AU"}, {"import": 0, "export": 2046, "id": "GR"}, {"import": 0, "export": 158732, "id": "LU"}, {"import": 0, "export": 0, "id": "IE"}, {"import": 0, "export": 55060, "id": "ES"}, {"import": 0, "export": 110126, "id": "NO"}, {"import": 0, "export": 0, "id": "SI"}, {"import": 0, "export": 1733, "id": "IT"}, {"import": 0, "export": 408, "id": "CY"}, {"import": 0, "export": 25757, "id": "EE"}, {"import": 0, "export": 2188, "id": "RO"}, {"import": 0, "export": 1600, "id": "RS"}, {"import": 0, "export": 10740, "id": "IS"}], "import": 0, "export": 6906272}, {"date": "Unnamed: 6-01", "list": [{"import": 0, "export": 1591160, "id": "FR"}, {"import": 0, "export": 3077329, "id": "DE"}, {"import": 0, "export": 173631, "id": "GB"}, {"import": 0, "export": 680948, "id": "NL"}, {"import": 0, "export": 30154, "id": "SE"}, {"import": 0, "export": 199200, "id": "DK"}, {"import": 0, "export": 418310, "id": "CH"}, {"import": 0, "export": 21690, "id": "AT"}, {"import": 0, "export": 15469, "id": "FI"}, {"import": 0, "export": 1028, "id": "HU"}, {"import": 0, "export": 393, "id": "PL"}, {"import": 0, "export": 55809, "id": "AU"}, {"import": 0, "export": 1028, "id": "GR"}, {"import": 0, "export": 107075, "id": "LU"}, {"import": 0, "export": 1334, "id": "IE"}, {"import": 0, "export": 163034, "id": "ES"}, {"import": 0, "export": 64234, "id": "NO"}, {"import": 0, "export": 0, "id": "SI"}, {"import": 0, "export": 64607, "id": "IT"}, {"import": 0, "export": 0, "id": "CY"}, {"import": 0, "export": 22336, "id": "EE"}, {"import": 0, "export": 5764, "id": "RO"}, {"import": 0, "export": 5836, "id": "RS"}, {"import": 0, "export": 0, "id": "IS"}], "import": 0, "export": 6700369}, {"date": "Unnamed: 7-01", "list": [{"import": 0, "export": 1743905, "id": "FR"}, {"import": 0, "export": 4531353, "id": "DE"}, {"import": 0, "export": 50775, "id": "GB"}, {"import": 0, "export": 842895, "id": "NL"}, {"import": 0, "export": 7892, "id": "SE"}, {"import": 0, "export": 181375, "id": "DK"}, {"import": 0, "export": 350799, "id": "CH"}, {"import": 0, "export": 119, "id": "AT"}, {"import": 0, "export": 15652, "id": "FI"}, {"import": 0, "export": 0, "id": "HU"}, {"import": 0, "export": 1984, "id": "PL"}, {"import": 0, "export": 37195, "id": "AU"}, {"import": 0, "export": 2096, "id": "GR"}, {"import": 0, "export": 149441, "id": "LU"}, {"import": 0, "export": 0, "id": "IE"}, {"import": 0, "export": 51491, "id": "ES"}, {"import": 0, "export": 61017, "id": "NO"}, {"import": 0, "export": 0, "id": "SI"}, {"import": 0, "export": 3500, "id": "IT"}, {"import": 0, "export": 0, "id": "CY"}, {"import": 0, "export": 13432, "id": "EE"}, {"import": 0, "export": 944, "id": "RO"}, {"import": 0, "export": 15317, "id": "RS"}, {"import": 0, "export": 11010, "id": "IS"}], "import": 0, "export": 8072192}, {"date": "Unnamed: 8-01", "list": [{"import": 0, "export": 1684695, "id": "FR"}, {"import": 0, "export": 2633132, "id": "DE"}, {"import": 0, "export": 43598, "id": "GB"}, {"import": 0, "export": 885917, "id": "NL"}, {"import": 0, "export": 0, "id": "SE"}, {"import": 0, "export": 314574, "id": "DK"}, {"import": 0, "export": 330658, "id": "CH"}, {"import": 0, "export": 50485, "id": "AT"}, {"import": 0, "export": 0, "id": "FI"}, {"import": 0, "export": 0, "id": "HU"}, {"import": 0, "export": 951, "id": "PL"}, {"import": 0, "export": 32443, "id": "AU"}, {"import": 0, "export": 9, "id": "GR"}, {"import": 0, "export": 138666, "id": "LU"}, {"import": 0, "export": 0, "id": "IE"}, {"import": 0, "export": 5057, "id": "ES"}, {"import": 0, "export": 89561, "id": "NO"}, {"import": 0, "export": 0, "id": "SI"}, {"import": 0, "export": 2859, "id": "IT"}, {"import": 0, "export": 0, "id": "CY"}, {"import": 0, "export": 43272, "id": "EE"}, {"import": 0, "export": 3161, "id": "RO"}, {"import": 0, "export": 4458, "id": "RS"}, {"import": 0, "export": 0, "id": "IS"}], "import": 0, "export": 6263496}, {"date": "Unnamed: 9-01", "list": [{"import": 0, "export": 1720640, "id": "FR"}, {"import": 0, "export": 3122345, "id": "DE"}, {"import": 0, "export": 81816, "id": "GB"}, {"import": 0, "export": 928233, "id": "NL"}, {"import": 0, "export": 5654, "id": "SE"}, {"import": 0, "export": 451692, "id": "DK"}, {"import": 0, "export": 461786, "id": "CH"}, {"import": 0, "export": 138, "id": "AT"}, {"import": 0, "export": 0, "id": "FI"}, {"import": 0, "export": 0, "id": "HU"}, {"import": 0, "export": 3208, "id": "PL"}, {"import": 0, "export": 93925, "id": "AU"}, {"import": 0, "export": 2089, "id": "GR"}, {"import": 0, "export": 124268, "id": "LU"}, {"import": 0, "export": 0, "id": "IE"}, {"import": 0, "export": 7988, "id": "ES"}, {"import": 0, "export": 71037, "id": "NO"}, {"import": 0, "export": 0, "id": "SI"}, {"import": 0, "export": 751, "id": "IT"}, {"import": 0, "export": 0, "id": "CY"}, {"import": 0, "export": 16144, "id": "EE"}, {"import": 0, "export": 1397, "id": "RO"}, {"import": 0, "export": 7400, "id": "RS"}, {"import": 0, "export": 0, "id": "IS"}], "import": 0, "export": 7100511}, {"date": "Unnamed: 10-01", "list": [{"import": 0, "export": 3643933, "id": "FR"}, {"import": 0, "export": 3176129, "id": "DE"}, {"import": 0, "export": 935970, "id": "GB"}, {"import": 0, "export": 1026269, "id": "NL"}, {"import": 0, "export": 416369, "id": "SE"}, {"import": 0, "export": 254699, "id": "DK"}, {"import": 0, "export": 349354, "id": "CH"}, {"import": 0, "export": 331358, "id": "AT"}, {"import": 0, "export": 195596, "id": "FI"}, {"import": 0, "export": 32780, "id": "HU"}, {"import": 0, "export": 31225, "id": "PL"}, {"import": 0, "export": 148397, "id": "AU"}, {"import": 0, "export": 86032, "id": "GR"}, {"import": 0, "export": 119424, "id": "LU"}, {"import": 0, "export": 114875, "id": "IE"}, {"import": 0, "export": 23576, "id": "ES"}, {"import": 0, "export": 65123, "id": "NO"}, {"import": 0, "export": 12862, "id": "SI"}, {"import": 0, "export": 22519, "id": "IT"}, {"import": 0, "export": 16105, "id": "CY"}, {"import": 0, "export": 0, "id": "EE"}, {"import": 0, "export": 2214, "id": "RO"}, {"import": 0, "export": 2052, "id": "RS"}, {"import": 0, "export": 10740, "id": "IS"}], "import": 0, "export": 11017601}, {"date": "Unnamed: 11-01", "list": [{"import": 0, "export": 4520085, "id": "FR"}, {"import": 0, "export": 3662679, "id": "DE"}, {"import": 0, "export": 874210, "id": "GB"}, {"import": 0, "export": 1079534, "id": "NL"}, {"import": 0, "export": 961854, "id": "SE"}, {"import": 0, "export": 402839, "id": "DK"}, {"import": 0, "export": 525407, "id": "CH"}, {"import": 0, "export": 352895, "id": "AT"}, {"import": 0, "export": 256735, "id": "FI"}, {"import": 0, "export": 29207, "id": "HU"}, {"import": 0, "export": 22234, "id": "PL"}, {"import": 0, "export": 55605, "id": "AU"}, {"import": 0, "export": 133277, "id": "GR"}, {"import": 0, "export": 100937, "id": "LU"}, {"import": 0, "export": 262331, "id": "IE"}, {"import": 0, "export": 72100, "id": "ES"}, {"import": 0, "export": 125854, "id": "NO"}, {"import": 0, "export": 102245, "id": "SI"}, {"import": 0, "export": 33776, "id": "IT"}, {"import": 0, "export": 14371, "id": "CY"}, {"import": 0, "export": 35537, "id": "EE"}, {"import": 0, "export": 2880, "id": "RO"}, {"import": 0, "export": 6070, "id": "RS"}, {"import": 0, "export": 0, "id": "IS"}], "import": 0, "export": 13632662}, {"date": "Unnamed: 12-01", "list": [{"import": 0, "export": 4804538, "id": "FR"}, {"import": 0, "export": 2952534, "id": "DE"}, {"import": 0, "export": 1591456, "id": "GB"}, {"import": 0, "export": 876772, "id": "NL"}, {"import": 0, "export": 398024, "id": "SE"}, {"import": 0, "export": 514827, "id": "DK"}, {"import": 0, "export": 332929, "id": "CH"}, {"import": 0, "export": 262196, "id": "AT"}, {"import": 0, "export": 110221, "id": "FI"}, {"import": 0, "export": 99836, "id": "HU"}, {"import": 0, "export": 31723, "id": "PL"}, {"import": 0, "export": 53943, "id": "AU"}, {"import": 0, "export": 153979, "id": "GR"}, {"import": 0, "export": 100727, "id": "LU"}, {"import": 0, "export": 109266, "id": "IE"}, {"import": 0, "export": 38857, "id": "ES"}, {"import": 0, "export": 64566, "id": "NO"}, {"import": 0, "export": 35433, "id": "SI"}, {"import": 0, "export": 31272, "id": "IT"}, {"import": 0, "export": 38194, "id": "CY"}, {"import": 0, "export": 15439, "id": "EE"}, {"import": 0, "export": 7430, "id": "RO"}, {"import": 0, "export": 5340, "id": "RS"}, {"import": 0, "export": 11010, "id": "IS"}], "import": 0, "export": 12640512}, {"date": "Unnamed: 13-01", "list": [{"import": 0, "export": 4987846, "id": "FR"}, {"import": 0, "export": 3772553, "id": "DE"}, {"import": 0, "export": 1740437, "id": "GB"}, {"import": 0, "export": 710359, "id": "NL"}, {"import": 0, "export": 568099, "id": "SE"}, {"import": 0, "export": 377683, "id": "DK"}, {"import": 0, "export": 471807, "id": "CH"}, {"import": 0, "export": 513487, "id": "AT"}, {"import": 0, "export": 243622, "id": "FI"}, {"import": 0, "export": 8716, "id": "HU"}, {"import": 0, "export": 52196, "id": "PL"}, {"import": 0, "export": 55552, "id": "AU"}, {"import": 0, "export": 212016, "id": "GR"}, {"import": 0, "export": 113181, "id": "LU"}, {"import": 0, "export": 197542, "id": "IE"}, {"import": 0, "export": 28000, "id": "ES"}, {"import": 0, "export": 136111, "id": "NO"}, {"import": 0, "export": 24697, "id": "SI"}, {"import": 0, "export": 81861, "id": "IT"}, {"import": 0, "export": 66837, "id": "CY"}, {"import": 0, "export": 18734, "id": "EE"}, {"import": 0, "export": 11438, "id": "RO"}, {"import": 0, "export": 1880, "id": "RS"}, {"import": 0, "export": 10740, "id": "IS"}], "import": 0, "export": 14405394}, {"date": "Unnamed: 14-01", "list": [{"import": 0, "export": 4836647, "id": "FR"}, {"import": 0, "export": 3648898, "id": "DE"}, {"import": 0, "export": 2326567, "id": "GB"}, {"import": 0, "export": 1377345, "id": "NL"}, {"import": 0, "export": 369206, "id": "SE"}, {"import": 0, "export": 275805, "id": "DK"}, {"import": 0, "export": 329730, "id": "CH"}, {"import": 0, "export": 253836, "id": "AT"}, {"import": 0, "export": 133095, "id": "FI"}, {"import": 0, "export": 123653, "id": "HU"}, {"import": 0, "export": 19398, "id": "PL"}, {"import": 0, "export": 37174, "id": "AU"}, {"import": 0, "export": 85133, "id": "GR"}, {"import": 0, "export": 158896, "id": "LU"}, {"import": 0, "export": 90636, "id": "IE"}, {"import": 0, "export": 25167, "id": "ES"}, {"import": 0, "export": 32525, "id": "NO"}, {"import": 0, "export": 12528, "id": "SI"}, {"import": 0, "export": 37843, "id": "IT"}, {"import": 0, "export": 68844, "id": "CY"}, {"import": 0, "export": 36920, "id": "EE"}, {"import": 0, "export": 6940, "id": "RO"}, {"import": 0, "export": 3112, "id": "RS"}, {"import": 0, "export": 0, "id": "IS"}], "import": 0, "export": 14289898}, {"date": "Unnamed: 15-01", "list": [{"import": 0, "export": 4348083, "id": "FR"}, {"import": 0, "export": 4651628, "id": "DE"}, {"import": 0, "export": 1643102, "id": "GB"}, {"import": 0, "export": 867795, "id": "NL"}, {"import": 0, "export": 447624, "id": "SE"}, {"import": 0, "export": 476900, "id": "DK"}, {"import": 0, "export": 381931, "id": "CH"}, {"import": 0, "export": 358431, "id": "AT"}, {"import": 0, "export": 172217, "id": "FI"}, {"import": 0, "export": 10142, "id": "HU"}, {"import": 0, "export": 35259, "id": "PL"}, {"import": 0, "export": 74182, "id": "AU"}, {"import": 0, "export": 45307, "id": "GR"}, {"import": 0, "export": 113354, "id": "LU"}, {"import": 0, "export": 124435, "id": "IE"}, {"import": 0, "export": 17498, "id": "ES"}, {"import": 0, "export": 75282, "id": "NO"}, {"import": 0, "export": 17402, "id": "SI"}, {"import": 0, "export": 18296, "id": "IT"}, {"import": 0, "export": 37863, "id": "CY"}, {"import": 0, "export": 26457, "id": "EE"}, {"import": 0, "export": 4301, "id": "RO"}, {"import": 0, "export": 5200, "id": "RS"}, {"import": 0, "export": 10740, "id": "IS"}], "import": 0, "export": 13963429}, {"date": "Unnamed: 16-01", "list": [{"import": 0, "export": 4746578, "id": "FR"}, {"import": 0, "export": 3313530, "id": "DE"}, {"import": 0, "export": 811195, "id": "GB"}, {"import": 0, "export": 897765, "id": "NL"}, {"import": 0, "export": 435708, "id": "SE"}, {"import": 0, "export": 407041, "id": "DK"}, {"import": 0, "export": 452623, "id": "CH"}, {"import": 0, "export": 373962, "id": "AT"}, {"import": 0, "export": 188227, "id": "FI"}, {"import": 0, "export": 21119, "id": "HU"}, {"import": 0, "export": 76704, "id": "PL"}, {"import": 0, "export": 92062, "id": "AU"}, {"import": 0, "export": 165411, "id": "GR"}, {"import": 0, "export": 108586, "id": "LU"}, {"import": 0, "export": 83222, "id": "IE"}, {"import": 0, "export": 265960, "id": "ES"}, {"import": 0, "export": 45877, "id": "NO"}, {"import": 0, "export": 35086, "id": "SI"}, {"import": 0, "export": 53501, "id": "IT"}, {"import": 0, "export": 47906, "id": "CY"}, {"import": 0, "export": 30794, "id": "EE"}, {"import": 0, "export": 9350, "id": "RO"}, {"import": 0, "export": 3544, "id": "RS"}, {"import": 0, "export": 0, "id": "IS"}], "import": 0, "export": 12665751}, {"date": "Unnamed: 17-01", "list": [{"import": 0, "export": 5058353, "id": "FR"}, {"import": 0, "export": 4703735, "id": "DE"}, {"import": 0, "export": 1378408, "id": "GB"}, {"import": 0, "export": 1648588, "id": "NL"}, {"import": 0, "export": 804449, "id": "SE"}, {"import": 0, "export": 458137, "id": "DK"}, {"import": 0, "export": 492175, "id": "CH"}, {"import": 0, "export": 439181, "id": "AT"}, {"import": 0, "export": 250951, "id": "FI"}, {"import": 0, "export": 23341, "id": "HU"}, {"import": 0, "export": 48294, "id": "PL"}, {"import": 0, "export": 92268, "id": "AU"}, {"import": 0, "export": 236821, "id": "GR"}, {"import": 0, "export": 132337, "id": "LU"}, {"import": 0, "export": 129007, "id": "IE"}, {"import": 0, "export": 52230, "id": "ES"}, {"import": 0, "export": 69562, "id": "NO"}, {"import": 0, "export": 49231, "id": "SI"}, {"import": 0, "export": 13583, "id": "IT"}, {"import": 0, "export": 0, "id": "CY"}, {"import": 0, "export": 14145, "id": "EE"}, {"import": 0, "export": 10343, "id": "RO"}, {"import": 0, "export": 5360, "id": "RS"}, {"import": 0, "export": 10920, "id": "IS"}], "import": 0, "export": 16121419}, {"date": "Unnamed: 18-01", "list": [{"import": 0, "export": 4417543, "id": "FR"}, {"import": 0, "export": 4400939, "id": "DE"}, {"import": 0, "export": 1489228, "id": "GB"}, {"import": 0, "export": 1230436, "id": "NL"}, {"import": 0, "export": 478649, "id": "SE"}, {"import": 0, "export": 599570, "id": "DK"}, {"import": 0, "export": 434609, "id": "CH"}, {"import": 0, "export": 307976, "id": "AT"}, {"import": 0, "export": 190205, "id": "FI"}, {"import": 0, "export": 80799, "id": "HU"}, {"import": 0, "export": 68512, "id": "PL"}, {"import": 0, "export": 92637, "id": "AU"}, {"import": 0, "export": 125427, "id": "GR"}, {"import": 0, "export": 130310, "id": "LU"}, {"import": 0, "export": 160030, "id": "IE"}, {"import": 0, "export": 15480, "id": "ES"}, {"import": 0, "export": 28082, "id": "NO"}, {"import": 0, "export": 32067, "id": "SI"}, {"import": 0, "export": 15148, "id": "IT"}, {"import": 0, "export": 9720, "id": "CY"}, {"import": 0, "export": 32704, "id": "EE"}, {"import": 0, "export": 5784, "id": "RO"}, {"import": 0, "export": 6460, "id": "RS"}, {"import": 0, "export": 0, "id": "IS"}], "import": 0, "export": 14352315}, {"date": "Unnamed: 19-01", "list": [{"import": 0, "export": 6796094, "id": "FR"}, {"import": 0, "export": 4789332, "id": "DE"}, {"import": 0, "export": 2260909, "id": "GB"}, {"import": 0, "export": 1038191, "id": "NL"}, {"import": 0, "export": 475735, "id": "SE"}, {"import": 0, "export": 521673, "id": "DK"}, {"import": 0, "export": 594509, "id": "CH"}, {"import": 0, "export": 682814, "id": "AT"}, {"import": 0, "export": 243412, "id": "FI"}, {"import": 0, "export": 111729, "id": "HU"}, {"import": 0, "export": 42877, "id": "PL"}, {"import": 0, "export": 316946, "id": "AU"}, {"import": 0, "export": 118137, "id": "GR"}, {"import": 0, "export": 248086, "id": "LU"}, {"import": 0, "export": 151175, "id": "IE"}, {"import": 0, "export": 16652, "id": "ES"}, {"import": 0, "export": 38382, "id": "NO"}, {"import": 0, "export": 15628, "id": "SI"}, {"import": 0, "export": 5312, "id": "IT"}, {"import": 0, "export": 35246, "id": "CY"}, {"import": 0, "export": 32751, "id": "EE"}, {"import": 0, "export": 23196, "id": "RO"}, {"import": 0, "export": 6940, "id": "RS"}, {"import": 0, "export": 10920, "id": "IS"}], "import": 0, "export": 18576646}, {"date": "Unnamed: 20-01", "list": [{"import": 0, "export": 5439006, "id": "FR"}, {"import": 0, "export": 5554156, "id": "DE"}, {"import": 0, "export": 2990930, "id": "GB"}, {"import": 0, "export": 815051, "id": "NL"}, {"import": 0, "export": 588112, "id": "SE"}, {"import": 0, "export": 626702, "id": "DK"}, {"import": 0, "export": 657542, "id": "CH"}, {"import": 0, "export": 343382, "id": "AT"}, {"import": 0, "export": 231411, "id": "FI"}, {"import": 0, "export": 121440, "id": "HU"}, {"import": 0, "export": 75404, "id": "PL"}, {"import": 0, "export": 130834, "id": "AU"}, {"import": 0, "export": 103083, "id": "GR"}, {"import": 0, "export": 90574, "id": "LU"}, {"import": 0, "export": 193794, "id": "IE"}, {"import": 0, "export": 70199, "id": "ES"}, {"import": 0, "export": 29247, "id": "NO"}, {"import": 0, "export": 64809, "id": "SI"}, {"import": 0, "export": 71620, "id": "IT"}, {"import": 0, "export": 0, "id": "CY"}, {"import": 0, "export": 78566, "id": "EE"}, {"import": 0, "export": 5538, "id": "RO"}, {"import": 0, "export": 0, "id": "RS"}, {"import": 0, "export": 21220, "id": "IS"}], "import": 0, "export": 18302620}, {"date": "Unnamed: 21-01", "list": [{"import": 0, "export": 4869362, "id": "FR"}, {"import": 0, "export": 3903963, "id": "DE"}, {"import": 0, "export": 1930339, "id": "GB"}, {"import": 0, "export": 885617, "id": "NL"}, {"import": 0, "export": 639304, "id": "SE"}, {"import": 0, "export": 562635, "id": "DK"}, {"import": 0, "export": 509446, "id": "CH"}, {"import": 0, "export": 326702, "id": "AT"}, {"import": 0, "export": 290403, "id": "FI"}, {"import": 0, "export": 201939, "id": "HU"}, {"import": 0, "export": 158514, "id": "PL"}, {"import": 0, "export": 130470, "id": "AU"}, {"import": 0, "export": 107173, "id": "GR"}, {"import": 0, "export": 91208, "id": "LU"}, {"import": 0, "export": 80711, "id": "IE"}, {"import": 0, "export": 70115, "id": "ES"}, {"import": 0, "export": 51897, "id": "NO"}, {"import": 0, "export": 40150, "id": "SI"}, {"import": 0, "export": 33073, "id": "IT"}, {"import": 0, "export": 21353, "id": "CY"}, {"import": 0, "export": 20616, "id": "EE"}, {"import": 0, "export": 17024, "id": "RO"}, {"import": 0, "export": 14460, "id": "RS"}, {"import": 0, "export": 9780, "id": "IS"}], "import": 0, "export": 14966254}]