[{"date": "2019-07-01", "list": [{"import": 3672, "export": 0, "id": "BE"}, {"import": 1715, "export": 0, "id": "IT"}, {"import": 284, "export": 0, "id": "IN"}, {"import": 0, "export": 0, "id": "TH"}, {"import": 0, "export": 0, "id": "VN"}, {"import": 0, "export": 0, "id": "SI"}, {"import": 0, "export": 0, "id": "KH"}, {"import": 0, "export": 0, "id": "CN"}, {"import": 0, "export": 0, "id": "HR"}, {"import": 0, "export": 0, "id": "ME"}], "import": 5671, "export": 0}, {"date": "2019-08-01", "list": [{"import": 2160, "export": 0, "id": "BE"}, {"import": 1476, "export": 0, "id": "IT"}, {"import": 284, "export": 0, "id": "IN"}, {"import": 0, "export": 0, "id": "TH"}, {"import": 75000, "export": 0, "id": "VN"}, {"import": 0, "export": 0, "id": "SI"}, {"import": 0, "export": 0, "id": "KH"}, {"import": 30200, "export": 0, "id": "CN"}, {"import": 0, "export": 0, "id": "HR"}, {"import": 0, "export": 0, "id": "ME"}], "import": 109120, "export": 0}, {"date": "2019-09-01", "list": [{"import": 2160, "export": 0, "id": "BE"}, {"import": 2196, "export": 0, "id": "IT"}, {"import": 375, "export": 0, "id": "IN"}, {"import": 0, "export": 0, "id": "TH"}, {"import": 0, "export": 0, "id": "VN"}, {"import": 0, "export": 0, "id": "SI"}, {"import": 0, "export": 0, "id": "KH"}, {"import": 0, "export": 0, "id": "CN"}, {"import": 0, "export": 0, "id": "HR"}, {"import": 0, "export": 0, "id": "ME"}], "import": 4731, "export": 0}, {"date": "2019-10-01", "list": [{"import": 3024, "export": 0, "id": "BE"}, {"import": 6856, "export": 0, "id": "IT"}, {"import": 363, "export": 0, "id": "IN"}, {"import": 0, "export": 0, "id": "TH"}, {"import": 0, "export": 0, "id": "VN"}, {"import": 0, "export": 0, "id": "SI"}, {"import": 0, "export": 0, "id": "KH"}, {"import": 50000, "export": 0, "id": "CN"}, {"import": 0, "export": 0, "id": "HR"}, {"import": 0, "export": 0, "id": "ME"}], "import": 60243, "export": 0}, {"date": "2019-11-01", "list": [{"import": 2160, "export": 0, "id": "BE"}, {"import": 3678, "export": 0, "id": "IT"}, {"import": 372, "export": 0, "id": "IN"}, {"import": 0, "export": 0, "id": "TH"}, {"import": 50000, "export": 0, "id": "VN"}, {"import": 0, "export": 0, "id": "SI"}, {"import": 0, "export": 0, "id": "KH"}, {"import": 25000, "export": 0, "id": "CN"}, {"import": 0, "export": 0, "id": "HR"}, {"import": 0, "export": 0, "id": "ME"}], "import": 81210, "export": 0}, {"date": "2019-12-01", "list": [{"import": 2160, "export": 0, "id": "BE"}, {"import": 1873, "export": 0, "id": "IT"}, {"import": 256, "export": 0, "id": "IN"}, {"import": 268, "export": 0, "id": "TH"}, {"import": 0, "export": 0, "id": "VN"}, {"import": 0, "export": 0, "id": "SI"}, {"import": 0, "export": 0, "id": "KH"}, {"import": 0, "export": 0, "id": "CN"}, {"import": 0, "export": 0, "id": "HR"}, {"import": 0, "export": 0, "id": "ME"}], "import": 4557, "export": 0}, {"date": "2020-01-01", "list": [{"import": 648, "export": 0, "id": "BE"}, {"import": 1524, "export": 0, "id": "IT"}, {"import": 0, "export": 0, "id": "IN"}, {"import": 0, "export": 0, "id": "TH"}, {"import": 400, "export": 0, "id": "VN"}, {"import": 2102, "export": 0, "id": "SI"}, {"import": 0, "export": 0, "id": "KH"}, {"import": 0, "export": 0, "id": "CN"}, {"import": 0, "export": 0, "id": "HR"}, {"import": 0, "export": 0, "id": "ME"}], "import": 4674, "export": 0}, {"date": "2020-02-01", "list": [{"import": 1512, "export": 0, "id": "BE"}, {"import": 2429, "export": 0, "id": "IT"}, {"import": 0, "export": 0, "id": "IN"}, {"import": 0, "export": 0, "id": "TH"}, {"import": 0, "export": 0, "id": "VN"}, {"import": 384, "export": 0, "id": "SI"}, {"import": 0, "export": 0, "id": "KH"}, {"import": 200000, "export": 0, "id": "CN"}, {"import": 0, "export": 0, "id": "HR"}, {"import": 0, "export": 0, "id": "ME"}], "import": 204325, "export": 0}, {"date": "2020-03-01", "list": [{"import": 2334, "export": 0, "id": "BE"}, {"import": 708, "export": 0, "id": "IT"}, {"import": 0, "export": 0, "id": "IN"}, {"import": 0, "export": 0, "id": "TH"}, {"import": 0, "export": 0, "id": "VN"}, {"import": 2304, "export": 0, "id": "SI"}, {"import": 0, "export": 0, "id": "KH"}, {"import": 0, "export": 0, "id": "CN"}, {"import": 0, "export": 0, "id": "HR"}, {"import": 0, "export": 0, "id": "ME"}], "import": 5346, "export": 0}, {"date": "2020-04-01", "list": [{"import": 0, "export": 0, "id": "BE"}, {"import": 9248, "export": 0, "id": "IT"}, {"import": 0, "export": 0, "id": "IN"}, {"import": 0, "export": 0, "id": "TH"}, {"import": 0, "export": 0, "id": "VN"}, {"import": 0, "export": 0, "id": "SI"}, {"import": 536, "export": 0, "id": "KH"}, {"import": 0, "export": 0, "id": "CN"}, {"import": 720, "export": 0, "id": "HR"}, {"import": 0, "export": 1640, "id": "ME"}], "import": 10504, "export": 1640}, {"date": "2020-05-01", "list": [{"import": 3888, "export": 0, "id": "BE"}, {"import": 8820, "export": 0, "id": "IT"}, {"import": 0, "export": 0, "id": "IN"}, {"import": 0, "export": 0, "id": "TH"}, {"import": 0, "export": 0, "id": "VN"}, {"import": 0, "export": 0, "id": "SI"}, {"import": 0, "export": 0, "id": "KH"}, {"import": 25000, "export": 0, "id": "CN"}, {"import": 0, "export": 0, "id": "HR"}, {"import": 0, "export": 1640, "id": "ME"}], "import": 37708, "export": 1640}, {"date": "2020-06-01", "list": [{"import": 3888, "export": 0, "id": "BE"}, {"import": 1368, "export": 0, "id": "IT"}, {"import": 227, "export": 0, "id": "IN"}, {"import": 175, "export": 0, "id": "TH"}, {"import": 0, "export": 0, "id": "VN"}, {"import": 0, "export": 0, "id": "SI"}, {"import": 0, "export": 0, "id": "KH"}, {"import": 0, "export": 0, "id": "CN"}, {"import": 0, "export": 0, "id": "HR"}, {"import": 0, "export": 5600, "id": "ME"}], "import": 5658, "export": 5600}, {"date": "2018-11-01", "list": [{"import": 0, "export": 0, "id": "ME"}], "import": 0, "export": 0}, {"date": "2018-12-01", "list": [{"import": 0, "export": 0, "id": "ME"}], "import": 0, "export": 0}, {"date": "2019-01-01", "list": [{"import": 0, "export": 0, "id": "ME"}], "import": 0, "export": 0}, {"date": "2019-02-01", "list": [{"import": 0, "export": 0, "id": "ME"}], "import": 0, "export": 0}, {"date": "2019-03-01", "list": [{"import": 0, "export": 0, "id": "ME"}], "import": 0, "export": 0}, {"date": "2019-04-01", "list": [{"import": 0, "export": 0, "id": "ME"}], "import": 0, "export": 0}, {"date": "2019-05-01", "list": [{"import": 0, "export": 0, "id": "ME"}], "import": 0, "export": 0}, {"date": "2019-06-01", "list": [{"import": 0, "export": 0, "id": "ME"}], "import": 0, "export": 0}]