[{"date": "2018-12-01", "list": [{"import": 0, "export": 0, "id": "AU"}, {"import": 0, "export": 1256, "id": "LA"}, {"import": 0, "export": 0, "id": "MN"}, {"import": 0, "export": 0, "id": "SG"}], "import": 0, "export": 1256}, {"date": "2019-01-01", "list": [{"import": 0, "export": 8962, "id": "AU"}, {"import": 0, "export": 0, "id": "LA"}, {"import": 0, "export": 0, "id": "MN"}, {"import": 0, "export": 0, "id": "SG"}], "import": 0, "export": 8962}, {"date": "2019-02-01", "list": [{"import": 0, "export": 0, "id": "AU"}, {"import": 0, "export": 0, "id": "LA"}, {"import": 0, "export": 0, "id": "MN"}, {"import": 0, "export": 0, "id": "SG"}], "import": 0, "export": 0}, {"date": "2019-03-01", "list": [{"import": 0, "export": 0, "id": "AU"}, {"import": 0, "export": 0, "id": "LA"}, {"import": 0, "export": 20438, "id": "MN"}, {"import": 0, "export": 0, "id": "SG"}], "import": 0, "export": 20438}, {"date": "2019-04-01", "list": [{"import": 0, "export": 7880, "id": "AU"}, {"import": 0, "export": 0, "id": "LA"}, {"import": 0, "export": 0, "id": "MN"}, {"import": 0, "export": 0, "id": "SG"}], "import": 0, "export": 7880}, {"date": "2019-05-01", "list": [{"import": 0, "export": 11861, "id": "AU"}, {"import": 0, "export": 0, "id": "LA"}, {"import": 0, "export": 0, "id": "MN"}, {"import": 0, "export": 0, "id": "SG"}], "import": 0, "export": 11861}, {"date": "2019-06-01", "list": [{"import": 0, "export": 0, "id": "AU"}, {"import": 0, "export": 0, "id": "LA"}, {"import": 0, "export": 0, "id": "MN"}, {"import": 0, "export": 0, "id": "SG"}], "import": 0, "export": 0}, {"date": "2019-07-01", "list": [{"import": 0, "export": 4858, "id": "AU"}, {"import": 0, "export": 0, "id": "LA"}, {"import": 0, "export": 0, "id": "MN"}, {"import": 0, "export": 0, "id": "SG"}], "import": 0, "export": 4858}, {"date": "2019-08-01", "list": [{"import": 0, "export": 3420, "id": "AU"}, {"import": 0, "export": 0, "id": "LA"}, {"import": 0, "export": 0, "id": "MN"}, {"import": 0, "export": 0, "id": "SG"}], "import": 0, "export": 3420}, {"date": "2019-09-01", "list": [{"import": 0, "export": 5676, "id": "AU"}, {"import": 0, "export": 0, "id": "LA"}, {"import": 0, "export": 20000, "id": "MN"}, {"import": 0, "export": 0, "id": "SG"}], "import": 0, "export": 25676}, {"date": "2019-10-01", "list": [{"import": 0, "export": 7588, "id": "AU"}, {"import": 0, "export": 0, "id": "LA"}, {"import": 0, "export": 0, "id": "MN"}, {"import": 0, "export": 0, "id": "SG"}], "import": 0, "export": 7588}, {"date": "2019-11-01", "list": [{"import": 0, "export": 960, "id": "AU"}, {"import": 0, "export": 0, "id": "LA"}, {"import": 0, "export": 0, "id": "MN"}, {"import": 0, "export": 0, "id": "SG"}], "import": 0, "export": 960}, {"date": "2019-12-01", "list": [{"import": 0, "export": 0, "id": "AU"}, {"import": 0, "export": 0, "id": "LA"}, {"import": 0, "export": 0, "id": "MN"}, {"import": 0, "export": 0, "id": "SG"}], "import": 0, "export": 0}, {"date": "2020-01-01", "list": [{"import": 0, "export": 0, "id": "AU"}, {"import": 0, "export": 0, "id": "LA"}, {"import": 0, "export": 0, "id": "MN"}, {"import": 0, "export": 0, "id": "SG"}], "import": 0, "export": 0}, {"date": "2020-02-01", "list": [{"import": 0, "export": 15036, "id": "AU"}, {"import": 0, "export": 0, "id": "LA"}, {"import": 0, "export": 40000, "id": "MN"}, {"import": 0, "export": 0, "id": "SG"}], "import": 0, "export": 55036}, {"date": "2020-03-01", "list": [{"import": 0, "export": 5816, "id": "AU"}, {"import": 0, "export": 0, "id": "LA"}, {"import": 0, "export": 0, "id": "MN"}, {"import": 0, "export": 240, "id": "SG"}], "import": 0, "export": 6056}, {"date": "2020-04-01", "list": [{"import": 0, "export": 7504, "id": "AU"}, {"import": 0, "export": 0, "id": "LA"}, {"import": 0, "export": 0, "id": "MN"}, {"import": 0, "export": 0, "id": "SG"}], "import": 0, "export": 7504}, {"date": "2020-05-01", "list": [{"import": 0, "export": 6992, "id": "AU"}, {"import": 0, "export": 0, "id": "LA"}, {"import": 0, "export": 0, "id": "MN"}, {"import": 0, "export": 480, "id": "SG"}], "import": 0, "export": 7472}, {"date": "2020-06-01", "list": [{"import": 0, "export": 5628, "id": "AU"}, {"import": 0, "export": 0, "id": "LA"}, {"import": 0, "export": 0, "id": "MN"}, {"import": 0, "export": 0, "id": "SG"}], "import": 0, "export": 5628}, {"date": "2020-07-01", "list": [{"import": 0, "export": 18092, "id": "AU"}, {"import": 0, "export": 0, "id": "LA"}, {"import": 0, "export": 0, "id": "MN"}, {"import": 0, "export": 0, "id": "SG"}], "import": 0, "export": 18092}]