[{"date": "2019-01-01", "list": [{"import": 15922, "export": 0, "id": "US"}], "import": 15922, "export": 0}, {"date": "2019-06-01", "list": [{"import": 5261, "export": 0, "id": "US"}], "import": 5261, "export": 0}, {"date": "2019-08-01", "list": [{"import": 3084, "export": 0, "id": "US"}], "import": 3084, "export": 0}, {"date": "2019-10-01", "list": [{"import": 5261, "export": 0, "id": "US"}], "import": 5261, "export": 0}, {"date": "2019-11-01", "list": [{"import": 14272, "export": 0, "id": "US"}], "import": 14272, "export": 0}, {"date": "2020-01-01", "list": [{"import": 23188, "export": 0, "id": "US"}], "import": 23188, "export": 0}, {"date": "2020-02-01", "list": [{"import": 6486, "export": 0, "id": "US"}], "import": 6486, "export": 0}, {"date": "2020-03-01", "list": [{"import": 10690, "export": 0, "id": "US"}], "import": 10690, "export": 0}, {"date": "2020-04-01", "list": [{"import": 45107, "export": 0, "id": "US"}], "import": 45107, "export": 0}, {"date": "2020-05-01", "list": [{"import": 56504, "export": 0, "id": "US"}], "import": 56504, "export": 0}, {"date": "2020-06-01", "list": [{"import": 67865, "export": 0, "id": "US"}], "import": 67865, "export": 0}, {"date": "2020-07-01", "list": [{"import": 28345, "export": 0, "id": "US"}], "import": 28345, "export": 0}]