[{"date": "2019-09-01", "list": [{"import": 12873, "export": 0, "id": "US"}], "import": 12873, "export": 0}, {"date": "2019-10-01", "list": [{"import": 1665, "export": 0, "id": "US"}], "import": 1665, "export": 0}, {"date": "2019-11-01", "list": [{"import": 6636, "export": 0, "id": "US"}], "import": 6636, "export": 0}, {"date": "2019-12-01", "list": [{"import": 4378, "export": 0, "id": "US"}], "import": 4378, "export": 0}, {"date": "2020-01-01", "list": [{"import": 3353, "export": 0, "id": "US"}], "import": 3353, "export": 0}, {"date": "2020-02-01", "list": [{"import": 5346, "export": 0, "id": "US"}], "import": 5346, "export": 0}, {"date": "2020-03-01", "list": [{"import": 11760, "export": 0, "id": "US"}], "import": 11760, "export": 0}, {"date": "2020-04-01", "list": [{"import": 10659, "export": 0, "id": "US"}], "import": 10659, "export": 0}, {"date": "2020-05-01", "list": [{"import": 3448, "export": 0, "id": "US"}], "import": 3448, "export": 0}, {"date": "2020-07-01", "list": [{"import": 7412, "export": 0, "id": "US"}], "import": 7412, "export": 0}]