[{"date": "2019-01-01", "list": [{"import": 1000000, "export": 0, "id": "CN"}, {"import": 260, "export": 0, "id": "PK"}, {"import": 14841000, "export": 0, "id": "IN"}], "import": 15841260, "export": 0}, {"date": "2019-05-01", "list": [{"import": 1500000, "export": 0, "id": "CN"}, {"import": 2000, "export": 0, "id": "IT"}, {"import": 457, "export": 0, "id": "PK"}, {"import": 19013000, "export": 0, "id": "IN"}, {"import": 10345, "export": 0, "id": "AE"}], "import": 20525802, "export": 0}, {"date": "2019-09-01", "list": [{"import": 1036000, "export": 0, "id": "CN"}, {"import": 1035, "export": 0, "id": "FR"}, {"import": 2863, "export": 0, "id": "PK"}, {"import": 23128000, "export": 0, "id": "IN"}, {"import": 14581, "export": 0, "id": "AE"}], "import": 24182479, "export": 0}, {"date": "2019-03-01", "list": [{"import": 776, "export": 0, "id": "FR"}, {"import": 277, "export": 0, "id": "PK"}, {"import": 7917000, "export": 0, "id": "IN"}, {"import": 13963, "export": 0, "id": "AE"}], "import": 7932016, "export": 0}, {"date": "2019-07-01", "list": [{"import": 715, "export": 0, "id": "FR"}, {"import": 1329, "export": 0, "id": "PK"}, {"import": 14341000, "export": 0, "id": "IN"}, {"import": 9850, "export": 0, "id": "AE"}], "import": 14352894, "export": 0}, {"date": "2020-03-01", "list": [{"import": 500, "export": 0, "id": "FR"}, {"import": 1026, "export": 0, "id": "PK"}, {"import": 14841000, "export": 0, "id": "IN"}, {"import": 4575, "export": 0, "id": "AE"}], "import": 14847101, "export": 0}, {"date": "2020-07-01", "list": [{"import": 2000, "export": 0, "id": "FR"}, {"import": 1800, "export": 0, "id": "KR"}, {"import": 3535, "export": 0, "id": "PK"}, {"import": 11702000, "export": 0, "id": "IN"}, {"import": 2960, "export": 0, "id": "AE"}], "import": 11712295, "export": 0}, {"date": "Unnamed: 27-01", "list": [{"import": 500, "export": 0, "id": "FR"}, {"import": 2926, "export": 0, "id": "PK"}], "import": 3426, "export": 0}, {"date": "Unnamed: 30-01", "list": [{"import": 11291, "export": 0, "id": "KR"}, {"import": 120000, "export": 0, "id": "TH"}], "import": 131291, "export": 0}, {"date": "2019-11-01", "list": [{"import": 661, "export": 0, "id": "PK"}, {"import": 13273000, "export": 0, "id": "IN"}, {"import": 1662, "export": 0, "id": "AE"}], "import": 13275323, "export": 0}, {"date": "2020-01-01", "list": [{"import": 803, "export": 0, "id": "PK"}, {"import": 11603000, "export": 0, "id": "IN"}, {"import": 1121486, "export": 0, "id": "AE"}], "import": 12725289, "export": 0}, {"date": "2020-05-01", "list": [{"import": 1355, "export": 0, "id": "PK"}, {"import": 6568000, "export": 0, "id": "IN"}, {"import": 4867, "export": 0, "id": "AE"}], "import": 6574222, "export": 0}, {"date": "Unnamed: 22-01", "list": [{"import": 1613, "export": 0, "id": "PK"}, {"import": 14457000, "export": 0, "id": "IN"}, {"import": 4489, "export": 0, "id": "AE"}], "import": 14463102, "export": 0}, {"date": "Unnamed: 24-01", "list": [{"import": 1829, "export": 0, "id": "PK"}, {"import": 30605000, "export": 0, "id": "IN"}, {"import": 8730, "export": 0, "id": "AE"}], "import": 30615559, "export": 0}, {"date": "Unnamed: 26-01", "list": [{"import": 1811, "export": 0, "id": "PK"}], "import": 1811, "export": 0}, {"date": "Unnamed: 29-01", "list": [{"import": 2752, "export": 0, "id": "PK"}], "import": 2752, "export": 0}]