[{"date": "2018-10-01", "list": [{"import": 0, "export": 0, "id": "AR"}, {"import": 0, "export": 1754640, "id": "BR"}, {"import": 0, "export": 20000, "id": "IT"}, {"import": 0, "export": 816860, "id": "GB"}, {"import": 0, "export": 2219080, "id": "-"}, {"import": 0, "export": 1487450, "id": "NL"}, {"import": 0, "export": 959000, "id": "FR"}, {"import": 0, "export": 235100, "id": "ES"}, {"import": 0, "export": 75000, "id": "IL"}, {"import": 0, "export": 50000, "id": "ZA"}, {"import": 0, "export": 0, "id": "BB"}, {"import": 0, "export": 0, "id": "CR"}, {"import": 0, "export": 0, "id": "MX"}, {"import": 0, "export": 517000, "id": "DE"}, {"import": 0, "export": 0, "id": "CH"}, {"import": 0, "export": 0, "id": "TR"}, {"import": 0, "export": 0, "id": "UA"}, {"import": 0, "export": 0, "id": "PT"}, {"import": 0, "export": 0, "id": "US"}], "import": 0, "export": 8134130}, {"date": "2018-11-01", "list": [{"import": 0, "export": 0, "id": "AR"}, {"import": 7000, "export": 1143000, "id": "BR"}, {"import": 0, "export": 0, "id": "IT"}, {"import": 0, "export": 1487490, "id": "GB"}, {"import": 0, "export": 2637500, "id": "-"}, {"import": 0, "export": 815990, "id": "NL"}, {"import": 0, "export": 287660, "id": "FR"}, {"import": 0, "export": 0, "id": "ES"}, {"import": 0, "export": 75000, "id": "IL"}, {"import": 0, "export": 0, "id": "ZA"}, {"import": 0, "export": 0, "id": "BB"}, {"import": 0, "export": 224000, "id": "CR"}, {"import": 0, "export": 0, "id": "MX"}, {"import": 0, "export": 1128000, "id": "DE"}, {"import": 0, "export": 60000, "id": "CH"}, {"import": 0, "export": 0, "id": "TR"}, {"import": 0, "export": 0, "id": "UA"}, {"import": 0, "export": 0, "id": "PT"}, {"import": 0, "export": 0, "id": "US"}], "import": 7000, "export": 7858640}, {"date": "2018-12-01", "list": [{"import": 0, "export": 0, "id": "AR"}, {"import": 1000, "export": 1799500, "id": "BR"}, {"import": 0, "export": 0, "id": "IT"}, {"import": 0, "export": 1056440, "id": "GB"}, {"import": 0, "export": 2333790, "id": "-"}, {"import": 0, "export": 1392420, "id": "NL"}, {"import": 0, "export": 983450, "id": "FR"}, {"import": 0, "export": 0, "id": "ES"}, {"import": 0, "export": 0, "id": "IL"}, {"import": 0, "export": 100000, "id": "ZA"}, {"import": 0, "export": 0, "id": "BB"}, {"import": 0, "export": 1036000, "id": "CR"}, {"import": 0, "export": 0, "id": "MX"}, {"import": 0, "export": 1269000, "id": "DE"}, {"import": 0, "export": 0, "id": "CH"}, {"import": 0, "export": 0, "id": "TR"}, {"import": 0, "export": 0, "id": "UA"}, {"import": 0, "export": 757160, "id": "PT"}, {"import": 0, "export": 0, "id": "US"}], "import": 1000, "export": 10727760}, {"date": "2019-01-01", "list": [{"import": 0, "export": 0, "id": "AR"}, {"import": 14600, "export": 3179290, "id": "BR"}, {"import": 0, "export": 0, "id": "IT"}, {"import": 0, "export": 2012280, "id": "GB"}, {"import": 0, "export": 3265970, "id": "-"}, {"import": 0, "export": 982490, "id": "NL"}, {"import": 0, "export": 765280, "id": "FR"}, {"import": 0, "export": 235000, "id": "ES"}, {"import": 0, "export": 215000, "id": "IL"}, {"import": 0, "export": 0, "id": "ZA"}, {"import": 0, "export": 0, "id": "BB"}, {"import": 0, "export": 896000, "id": "CR"}, {"import": 0, "export": 0, "id": "MX"}, {"import": 0, "export": 634500, "id": "DE"}, {"import": 0, "export": 40000, "id": "CH"}, {"import": 0, "export": 0, "id": "TR"}, {"import": 0, "export": 0, "id": "UA"}, {"import": 0, "export": 494050, "id": "PT"}, {"import": 0, "export": 0, "id": "US"}], "import": 14600, "export": 12719860}, {"date": "2019-02-01", "list": [{"import": 0, "export": 0, "id": "AR"}, {"import": 0, "export": 2283000, "id": "BR"}, {"import": 0, "export": 0, "id": "IT"}, {"import": 0, "export": 1607000, "id": "GB"}, {"import": 0, "export": 4382045, "id": "-"}, {"import": 0, "export": 454080, "id": "NL"}, {"import": 0, "export": 935640, "id": "FR"}, {"import": 0, "export": 282980, "id": "ES"}, {"import": 0, "export": 261000, "id": "IL"}, {"import": 0, "export": 0, "id": "ZA"}, {"import": 0, "export": 0, "id": "BB"}, {"import": 0, "export": 0, "id": "CR"}, {"import": 0, "export": 0, "id": "MX"}, {"import": 0, "export": 634500, "id": "DE"}, {"import": 0, "export": 20000, "id": "CH"}, {"import": 0, "export": 0, "id": "TR"}, {"import": 0, "export": 0, "id": "UA"}, {"import": 0, "export": 0, "id": "PT"}, {"import": 0, "export": 1080, "id": "US"}], "import": 0, "export": 10861325}, {"date": "2019-03-01", "list": [{"import": 0, "export": 0, "id": "AR"}, {"import": 0, "export": 1510000, "id": "BR"}, {"import": 840, "export": 0, "id": "IT"}, {"import": 0, "export": 792060, "id": "GB"}, {"import": 0, "export": 1410000, "id": "-"}, {"import": 0, "export": 431030, "id": "NL"}, {"import": 0, "export": 384650, "id": "FR"}, {"import": 0, "export": 235100, "id": "ES"}, {"import": 0, "export": 238000, "id": "IL"}, {"import": 0, "export": 0, "id": "ZA"}, {"import": 0, "export": 0, "id": "BB"}, {"import": 0, "export": 0, "id": "CR"}, {"import": 0, "export": 0, "id": "MX"}, {"import": 0, "export": 940000, "id": "DE"}, {"import": 0, "export": 0, "id": "CH"}, {"import": 0, "export": 0, "id": "TR"}, {"import": 0, "export": 0, "id": "UA"}, {"import": 0, "export": 191940, "id": "PT"}, {"import": 0, "export": 0, "id": "US"}], "import": 840, "export": 6132780}, {"date": "2019-04-01", "list": [{"import": 0, "export": 0, "id": "AR"}, {"import": 0, "export": 1208000, "id": "BR"}, {"import": 0, "export": 0, "id": "IT"}, {"import": 0, "export": 504000, "id": "GB"}, {"import": 0, "export": 3222805, "id": "-"}, {"import": 0, "export": 0, "id": "NL"}, {"import": 0, "export": 766794, "id": "FR"}, {"import": 0, "export": 288000, "id": "ES"}, {"import": 0, "export": 138000, "id": "IL"}, {"import": 0, "export": 0, "id": "ZA"}, {"import": 0, "export": 0, "id": "BB"}, {"import": 0, "export": 0, "id": "CR"}, {"import": 0, "export": 0, "id": "MX"}, {"import": 0, "export": 963500, "id": "DE"}, {"import": 0, "export": 40000, "id": "CH"}, {"import": 0, "export": 0, "id": "TR"}, {"import": 0, "export": 0, "id": "UA"}, {"import": 0, "export": 911120, "id": "PT"}, {"import": 0, "export": 0, "id": "US"}], "import": 0, "export": 8042219}, {"date": "2019-05-01", "list": [{"import": 0, "export": 0, "id": "AR"}, {"import": 12750, "export": 1843000, "id": "BR"}, {"import": 0, "export": 0, "id": "IT"}, {"import": 0, "export": 504000, "id": "GB"}, {"import": 0, "export": 3119110, "id": "-"}, {"import": 0, "export": 0, "id": "NL"}, {"import": 0, "export": 575210, "id": "FR"}, {"import": 0, "export": 95000, "id": "ES"}, {"import": 0, "export": 161000, "id": "IL"}, {"import": 0, "export": 0, "id": "ZA"}, {"import": 0, "export": 0, "id": "BB"}, {"import": 0, "export": 0, "id": "CR"}, {"import": 0, "export": 20000, "id": "MX"}, {"import": 0, "export": 376000, "id": "DE"}, {"import": 0, "export": 0, "id": "CH"}, {"import": 0, "export": 258500, "id": "TR"}, {"import": 0, "export": 0, "id": "UA"}, {"import": 0, "export": 0, "id": "PT"}, {"import": 0, "export": 0, "id": "US"}], "import": 12750, "export": 6951820}, {"date": "2019-06-01", "list": [{"import": 0, "export": 0, "id": "AR"}, {"import": 0, "export": 3202000, "id": "BR"}, {"import": 0, "export": 0, "id": "IT"}, {"import": 0, "export": 504000, "id": "GB"}, {"import": 0, "export": 1600500, "id": "-"}, {"import": 0, "export": 237780, "id": "NL"}, {"import": 0, "export": 767890, "id": "FR"}, {"import": 0, "export": 96000, "id": "ES"}, {"import": 0, "export": 347000, "id": "IL"}, {"import": 0, "export": 0, "id": "ZA"}, {"import": 0, "export": 0, "id": "BB"}, {"import": 0, "export": 0, "id": "CR"}, {"import": 0, "export": 0, "id": "MX"}, {"import": 0, "export": 211500, "id": "DE"}, {"import": 0, "export": 0, "id": "CH"}, {"import": 0, "export": 0, "id": "TR"}, {"import": 0, "export": 0, "id": "UA"}, {"import": 0, "export": 0, "id": "PT"}, {"import": 0, "export": 0, "id": "US"}], "import": 0, "export": 6966670}, {"date": "2019-07-01", "list": [{"import": 0, "export": 0, "id": "AR"}, {"import": 0, "export": 2068000, "id": "BR"}, {"import": 0, "export": 0, "id": "IT"}, {"import": 0, "export": 480000, "id": "GB"}, {"import": 0, "export": 1120000, "id": "-"}, {"import": 0, "export": 407280, "id": "NL"}, {"import": 0, "export": 190870, "id": "FR"}, {"import": 0, "export": 0, "id": "ES"}, {"import": 0, "export": 161000, "id": "IL"}, {"import": 0, "export": 98000, "id": "ZA"}, {"import": 0, "export": 0, "id": "BB"}, {"import": 0, "export": 0, "id": "CR"}, {"import": 0, "export": 0, "id": "MX"}, {"import": 0, "export": 423000, "id": "DE"}, {"import": 0, "export": 0, "id": "CH"}, {"import": 0, "export": 0, "id": "TR"}, {"import": 0, "export": 0, "id": "UA"}, {"import": 0, "export": 24300, "id": "PT"}, {"import": 0, "export": 0, "id": "US"}], "import": 0, "export": 4972450}, {"date": "2019-08-01", "list": [{"import": 0, "export": 0, "id": "AR"}, {"import": 0, "export": 3291000, "id": "BR"}, {"import": 0, "export": 0, "id": "IT"}, {"import": 0, "export": 480000, "id": "GB"}, {"import": 0, "export": 1278380, "id": "-"}, {"import": 0, "export": 69700, "id": "NL"}, {"import": 0, "export": 0, "id": "FR"}, {"import": 0, "export": 0, "id": "ES"}, {"import": 0, "export": 0, "id": "IL"}, {"import": 0, "export": 0, "id": "ZA"}, {"import": 0, "export": 0, "id": "BB"}, {"import": 0, "export": 0, "id": "CR"}, {"import": 0, "export": 0, "id": "MX"}, {"import": 0, "export": 517000, "id": "DE"}, {"import": 0, "export": 60000, "id": "CH"}, {"import": 0, "export": 0, "id": "TR"}, {"import": 0, "export": 0, "id": "UA"}, {"import": 0, "export": 0, "id": "PT"}, {"import": 0, "export": 0, "id": "US"}], "import": 0, "export": 5696080}, {"date": "2019-09-01", "list": [{"import": 0, "export": 0, "id": "AR"}, {"import": 0, "export": 1287000, "id": "BR"}, {"import": 0, "export": 0, "id": "IT"}, {"import": 0, "export": 528120, "id": "GB"}, {"import": 0, "export": 1019020, "id": "-"}, {"import": 0, "export": 240000, "id": "NL"}, {"import": 0, "export": 0, "id": "FR"}, {"import": 0, "export": 235000, "id": "ES"}, {"import": 0, "export": 184000, "id": "IL"}, {"import": 0, "export": 0, "id": "ZA"}, {"import": 0, "export": 0, "id": "BB"}, {"import": 0, "export": 0, "id": "CR"}, {"import": 0, "export": 0, "id": "MX"}, {"import": 0, "export": 517000, "id": "DE"}, {"import": 0, "export": 80000, "id": "CH"}, {"import": 0, "export": 0, "id": "TR"}, {"import": 0, "export": 0, "id": "UA"}, {"import": 0, "export": 795690, "id": "PT"}, {"import": 0, "export": 0, "id": "US"}], "import": 0, "export": 4885830}, {"date": "2019-10-01", "list": [{"import": 1200, "export": 0, "id": "AR"}, {"import": 0, "export": 2951400, "id": "BR"}, {"import": 360, "export": 0, "id": "IT"}, {"import": 0, "export": 1416000, "id": "GB"}, {"import": 0, "export": 517000, "id": "-"}, {"import": 0, "export": 720810, "id": "NL"}, {"import": 0, "export": 0, "id": "FR"}, {"import": 0, "export": 72000, "id": "ES"}, {"import": 0, "export": 184000, "id": "IL"}, {"import": 0, "export": 96000, "id": "ZA"}, {"import": 0, "export": 0, "id": "BB"}, {"import": 0, "export": 0, "id": "CR"}, {"import": 0, "export": 0, "id": "MX"}, {"import": 0, "export": 822500, "id": "DE"}, {"import": 0, "export": 40000, "id": "CH"}, {"import": 0, "export": 0, "id": "TR"}, {"import": 0, "export": 0, "id": "UA"}, {"import": 0, "export": 0, "id": "PT"}, {"import": 0, "export": 0, "id": "US"}], "import": 1560, "export": 6819710}, {"date": "2019-11-01", "list": [{"import": 0, "export": 0, "id": "AR"}, {"import": 10960, "export": 1747000, "id": "BR"}, {"import": 0, "export": 0, "id": "IT"}, {"import": 0, "export": 1776000, "id": "GB"}, {"import": 0, "export": 1044500, "id": "-"}, {"import": 0, "export": 936000, "id": "NL"}, {"import": 0, "export": 0, "id": "FR"}, {"import": 0, "export": 235000, "id": "ES"}, {"import": 0, "export": 284000, "id": "IL"}, {"import": 0, "export": 48000, "id": "ZA"}, {"import": 0, "export": 0, "id": "BB"}, {"import": 0, "export": 0, "id": "CR"}, {"import": 0, "export": 0, "id": "MX"}, {"import": 0, "export": 564000, "id": "DE"}, {"import": 0, "export": 40000, "id": "CH"}, {"import": 0, "export": 0, "id": "TR"}, {"import": 0, "export": 0, "id": "UA"}, {"import": 0, "export": 429980, "id": "PT"}, {"import": 0, "export": 0, "id": "US"}], "import": 10960, "export": 7104480}, {"date": "2019-12-01", "list": [{"import": 0, "export": 0, "id": "AR"}, {"import": 0, "export": 3120000, "id": "BR"}, {"import": 0, "export": 0, "id": "IT"}, {"import": 0, "export": 1224000, "id": "GB"}, {"import": 0, "export": 1512000, "id": "-"}, {"import": 0, "export": 0, "id": "NL"}, {"import": 0, "export": 0, "id": "FR"}, {"import": 0, "export": 0, "id": "ES"}, {"import": 0, "export": 207000, "id": "IL"}, {"import": 0, "export": 0, "id": "ZA"}, {"import": 0, "export": 0, "id": "BB"}, {"import": 0, "export": 0, "id": "CR"}, {"import": 0, "export": 0, "id": "MX"}, {"import": 0, "export": 564000, "id": "DE"}, {"import": 0, "export": 60000, "id": "CH"}, {"import": 0, "export": 0, "id": "TR"}, {"import": 0, "export": 0, "id": "UA"}, {"import": 0, "export": 0, "id": "PT"}, {"import": 0, "export": 2880, "id": "US"}], "import": 0, "export": 6689880}, {"date": "2020-01-01", "list": [{"import": 0, "export": 0, "id": "AR"}, {"import": 0, "export": 4267090, "id": "BR"}, {"import": 0, "export": 0, "id": "IT"}, {"import": 0, "export": 720000, "id": "GB"}, {"import": 0, "export": 1538000, "id": "-"}, {"import": 0, "export": 0, "id": "NL"}, {"import": 0, "export": 0, "id": "FR"}, {"import": 0, "export": 355000, "id": "ES"}, {"import": 0, "export": 207000, "id": "IL"}, {"import": 0, "export": 168000, "id": "ZA"}, {"import": 0, "export": 0, "id": "BB"}, {"import": 0, "export": 0, "id": "CR"}, {"import": 0, "export": 0, "id": "MX"}, {"import": 0, "export": 117500, "id": "DE"}, {"import": 0, "export": 0, "id": "CH"}, {"import": 0, "export": 0, "id": "TR"}, {"import": 0, "export": 0, "id": "UA"}, {"import": 0, "export": 408000, "id": "PT"}, {"import": 0, "export": 0, "id": "US"}], "import": 0, "export": 7780590}, {"date": "2020-02-01", "list": [{"import": 0, "export": 0, "id": "AR"}, {"import": 0, "export": 2277930, "id": "BR"}, {"import": 0, "export": 0, "id": "IT"}, {"import": 0, "export": 792000, "id": "GB"}, {"import": 0, "export": 1548160, "id": "-"}, {"import": 0, "export": 720000, "id": "NL"}, {"import": 0, "export": 0, "id": "FR"}, {"import": 0, "export": 0, "id": "ES"}, {"import": 0, "export": 261000, "id": "IL"}, {"import": 0, "export": 96000, "id": "ZA"}, {"import": 0, "export": 6000, "id": "BB"}, {"import": 0, "export": 0, "id": "CR"}, {"import": 0, "export": 0, "id": "MX"}, {"import": 0, "export": 1128000, "id": "DE"}, {"import": 0, "export": 0, "id": "CH"}, {"import": 0, "export": 0, "id": "TR"}, {"import": 0, "export": 250000, "id": "UA"}, {"import": 0, "export": 0, "id": "PT"}, {"import": 0, "export": 0, "id": "US"}], "import": 0, "export": 7079090}, {"date": "2020-03-01", "list": [{"import": 0, "export": 0, "id": "AR"}, {"import": 12000, "export": 517000, "id": "BR"}, {"import": 0, "export": 0, "id": "IT"}, {"import": 0, "export": 1959440, "id": "GB"}, {"import": 0, "export": 2352000, "id": "-"}, {"import": 0, "export": 720000, "id": "NL"}, {"import": 0, "export": 240000, "id": "FR"}, {"import": 0, "export": 480000, "id": "ES"}, {"import": 0, "export": 209000, "id": "IL"}, {"import": 0, "export": 0, "id": "ZA"}, {"import": 0, "export": 0, "id": "BB"}, {"import": 0, "export": 0, "id": "CR"}, {"import": 0, "export": 0, "id": "MX"}, {"import": 0, "export": 564000, "id": "DE"}, {"import": 0, "export": 0, "id": "CH"}, {"import": 0, "export": 0, "id": "TR"}, {"import": 0, "export": 0, "id": "UA"}, {"import": 0, "export": 0, "id": "PT"}, {"import": 0, "export": 1920, "id": "US"}], "import": 12000, "export": 7043360}, {"date": "2020-04-01", "list": [{"import": 0, "export": 0, "id": "AR"}, {"import": 0, "export": 579450, "id": "BR"}, {"import": 0, "export": 0, "id": "IT"}, {"import": 0, "export": 5123610, "id": "GB"}, {"import": 0, "export": 4200620, "id": "-"}, {"import": 0, "export": 720000, "id": "NL"}, {"import": 0, "export": 336000, "id": "FR"}, {"import": 0, "export": 1848000, "id": "ES"}, {"import": 0, "export": 310650, "id": "IL"}, {"import": 0, "export": 120000, "id": "ZA"}, {"import": 0, "export": 0, "id": "BB"}, {"import": 0, "export": 0, "id": "CR"}, {"import": 0, "export": 0, "id": "MX"}, {"import": 0, "export": 953500, "id": "DE"}, {"import": 0, "export": 0, "id": "CH"}, {"import": 0, "export": 0, "id": "TR"}, {"import": 0, "export": 0, "id": "UA"}, {"import": 0, "export": 24000, "id": "PT"}, {"import": 0, "export": 0, "id": "US"}], "import": 0, "export": 14215830}, {"date": "2020-05-01", "list": [{"import": 0, "export": 0, "id": "AR"}, {"import": 0, "export": 1063000, "id": "BR"}, {"import": 0, "export": 0, "id": "IT"}, {"import": 0, "export": 3768000, "id": "GB"}, {"import": 0, "export": 3408000, "id": "-"}, {"import": 0, "export": 720000, "id": "NL"}, {"import": 0, "export": 672000, "id": "FR"}, {"import": 0, "export": 312000, "id": "ES"}, {"import": 0, "export": 150000, "id": "IL"}, {"import": 0, "export": 48000, "id": "ZA"}, {"import": 0, "export": 8250, "id": "BB"}, {"import": 0, "export": 0, "id": "CR"}, {"import": 0, "export": 0, "id": "MX"}, {"import": 0, "export": 0, "id": "DE"}, {"import": 0, "export": 0, "id": "CH"}, {"import": 0, "export": 0, "id": "TR"}, {"import": 0, "export": 0, "id": "UA"}, {"import": 0, "export": 0, "id": "PT"}, {"import": 0, "export": 0, "id": "US"}], "import": 0, "export": 10149250}]