[{"date": "2018-11-01", "list": [{"import": 0, "export": 0, "id": "TH"}, {"import": 0, "export": 0, "id": "-"}, {"import": 0, "export": 0, "id": "BJ"}, {"import": 0, "export": 0, "id": "NE"}, {"import": 0, "export": 0, "id": "SN"}, {"import": 0, "export": 0, "id": "SL"}], "import": 0, "export": 0}, {"date": "2018-12-01", "list": [{"import": 0, "export": 0, "id": "TH"}, {"import": 0, "export": 0, "id": "-"}, {"import": 0, "export": 0, "id": "BJ"}, {"import": 0, "export": 0, "id": "NE"}, {"import": 0, "export": 0, "id": "SN"}, {"import": 0, "export": 0, "id": "SL"}], "import": 0, "export": 0}, {"date": "2019-01-01", "list": [{"import": 0, "export": 0, "id": "TH"}, {"import": 0, "export": 0, "id": "-"}, {"import": 0, "export": 0, "id": "BJ"}, {"import": 0, "export": 0, "id": "NE"}, {"import": 0, "export": 0, "id": "SN"}, {"import": 0, "export": 0, "id": "SL"}], "import": 0, "export": 0}, {"date": "2019-02-01", "list": [{"import": 0, "export": 0, "id": "TH"}, {"import": 0, "export": 0, "id": "-"}, {"import": 0, "export": 0, "id": "BJ"}, {"import": 0, "export": 0, "id": "NE"}, {"import": 0, "export": 0, "id": "SN"}, {"import": 0, "export": 0, "id": "SL"}], "import": 0, "export": 0}, {"date": "2019-03-01", "list": [{"import": 0, "export": 0, "id": "TH"}, {"import": 0, "export": 0, "id": "-"}, {"import": 0, "export": 0, "id": "BJ"}, {"import": 0, "export": 0, "id": "NE"}, {"import": 0, "export": 0, "id": "SN"}, {"import": 0, "export": 0, "id": "SL"}], "import": 0, "export": 0}, {"date": "2019-04-01", "list": [{"import": 0, "export": 0, "id": "TH"}, {"import": 0, "export": 0, "id": "-"}, {"import": 0, "export": 0, "id": "BJ"}, {"import": 0, "export": 0, "id": "NE"}, {"import": 0, "export": 0, "id": "SN"}, {"import": 0, "export": 0, "id": "SL"}], "import": 0, "export": 0}, {"date": "2019-05-01", "list": [{"import": 5000, "export": 0, "id": "TH"}, {"import": 0, "export": 0, "id": "-"}, {"import": 0, "export": 0, "id": "BJ"}, {"import": 0, "export": 0, "id": "NE"}, {"import": 0, "export": 40000, "id": "SN"}, {"import": 0, "export": 230360, "id": "SL"}], "import": 5000, "export": 270360}, {"date": "2019-06-01", "list": [{"import": 0, "export": 0, "id": "TH"}, {"import": 0, "export": 0, "id": "-"}, {"import": 0, "export": 0, "id": "BJ"}, {"import": 0, "export": 0, "id": "NE"}, {"import": 0, "export": 120000, "id": "SN"}, {"import": 0, "export": 0, "id": "SL"}], "import": 0, "export": 120000}, {"date": "2019-07-01", "list": [{"import": 0, "export": 0, "id": "TH"}, {"import": 0, "export": 0, "id": "-"}, {"import": 0, "export": 0, "id": "BJ"}, {"import": 0, "export": 0, "id": "NE"}, {"import": 0, "export": 0, "id": "SN"}, {"import": 0, "export": 0, "id": "SL"}], "import": 0, "export": 0}, {"date": "2019-08-01", "list": [{"import": 0, "export": 0, "id": "TH"}, {"import": 0, "export": 0, "id": "-"}, {"import": 0, "export": 0, "id": "BJ"}, {"import": 0, "export": 0, "id": "NE"}, {"import": 0, "export": 0, "id": "SN"}, {"import": 0, "export": 0, "id": "SL"}], "import": 0, "export": 0}, {"date": "2019-09-01", "list": [{"import": 0, "export": 0, "id": "TH"}, {"import": 0, "export": 0, "id": "-"}, {"import": 0, "export": 0, "id": "BJ"}, {"import": 0, "export": 0, "id": "NE"}, {"import": 0, "export": 0, "id": "SN"}, {"import": 0, "export": 0, "id": "SL"}], "import": 0, "export": 0}, {"date": "2019-10-01", "list": [{"import": 0, "export": 0, "id": "TH"}, {"import": 0, "export": 0, "id": "-"}, {"import": 0, "export": 0, "id": "BJ"}, {"import": 0, "export": 0, "id": "NE"}, {"import": 0, "export": 0, "id": "SN"}, {"import": 0, "export": 0, "id": "SL"}], "import": 0, "export": 0}, {"date": "2019-11-01", "list": [{"import": 0, "export": 0, "id": "TH"}, {"import": 0, "export": 0, "id": "-"}, {"import": 0, "export": 0, "id": "BJ"}, {"import": 0, "export": 0, "id": "NE"}, {"import": 0, "export": 0, "id": "SN"}, {"import": 0, "export": 0, "id": "SL"}], "import": 0, "export": 0}, {"date": "2019-12-01", "list": [{"import": 0, "export": 0, "id": "TH"}, {"import": 0, "export": 0, "id": "-"}, {"import": 0, "export": 0, "id": "BJ"}, {"import": 0, "export": 0, "id": "NE"}, {"import": 0, "export": 0, "id": "SN"}, {"import": 0, "export": 0, "id": "SL"}], "import": 0, "export": 0}, {"date": "2020-01-01", "list": [{"import": 0, "export": 0, "id": "TH"}, {"import": 0, "export": 0, "id": "-"}, {"import": 0, "export": 0, "id": "BJ"}, {"import": 0, "export": 0, "id": "NE"}, {"import": 0, "export": 0, "id": "SN"}, {"import": 0, "export": 0, "id": "SL"}], "import": 0, "export": 0}, {"date": "2020-02-01", "list": [{"import": 0, "export": 0, "id": "TH"}, {"import": 0, "export": 0, "id": "-"}, {"import": 0, "export": 0, "id": "BJ"}, {"import": 0, "export": 0, "id": "NE"}, {"import": 0, "export": 0, "id": "SN"}, {"import": 0, "export": 0, "id": "SL"}], "import": 0, "export": 0}, {"date": "2020-03-01", "list": [{"import": 0, "export": 0, "id": "TH"}, {"import": 0, "export": 0, "id": "-"}, {"import": 0, "export": 0, "id": "BJ"}, {"import": 0, "export": 0, "id": "NE"}, {"import": 0, "export": 0, "id": "SN"}, {"import": 0, "export": 0, "id": "SL"}], "import": 0, "export": 0}, {"date": "2020-04-01", "list": [{"import": 0, "export": 0, "id": "TH"}, {"import": 0, "export": 0, "id": "-"}, {"import": 0, "export": 0, "id": "BJ"}, {"import": 0, "export": 0, "id": "NE"}, {"import": 0, "export": 0, "id": "SN"}, {"import": 0, "export": 0, "id": "SL"}], "import": 0, "export": 0}]