[{"date": "2018-10-01", "list": [{"import": 74310, "export": 0, "id": "ZA"}, {"import": 40000, "export": 0, "id": "TW"}], "import": 114310, "export": 0}, {"date": "2018-11-01", "list": [{"import": 60122, "export": 0, "id": "ZA"}, {"import": 0, "export": 0, "id": "TW"}], "import": 60122, "export": 0}, {"date": "2018-12-01", "list": [{"import": 30666, "export": 0, "id": "ZA"}, {"import": 0, "export": 0, "id": "TW"}], "import": 30666, "export": 0}, {"date": "2019-01-01", "list": [{"import": 8087, "export": 0, "id": "ZA"}, {"import": 0, "export": 0, "id": "TW"}], "import": 8087, "export": 0}, {"date": "2019-02-01", "list": [{"import": 46167, "export": 0, "id": "ZA"}, {"import": 0, "export": 0, "id": "TW"}], "import": 46167, "export": 0}, {"date": "2019-03-01", "list": [{"import": 141967, "export": 0, "id": "ZA"}, {"import": 0, "export": 0, "id": "TW"}], "import": 141967, "export": 0}, {"date": "2019-04-01", "list": [{"import": 81483, "export": 0, "id": "ZA"}, {"import": 40000, "export": 0, "id": "TW"}], "import": 121483, "export": 0}, {"date": "2019-05-01", "list": [{"import": 1715, "export": 0, "id": "ZA"}, {"import": 0, "export": 0, "id": "TW"}], "import": 1715, "export": 0}, {"date": "2019-06-01", "list": [{"import": 71122, "export": 0, "id": "ZA"}, {"import": 0, "export": 0, "id": "TW"}], "import": 71122, "export": 0}, {"date": "2019-07-01", "list": [{"import": 104597, "export": 0, "id": "ZA"}, {"import": 0, "export": 0, "id": "TW"}], "import": 104597, "export": 0}, {"date": "2019-08-01", "list": [{"import": 69042, "export": 0, "id": "ZA"}, {"import": 0, "export": 0, "id": "TW"}], "import": 69042, "export": 0}, {"date": "2019-09-01", "list": [{"import": 161431, "export": 0, "id": "ZA"}, {"import": 0, "export": 0, "id": "TW"}], "import": 161431, "export": 0}, {"date": "2019-10-01", "list": [{"import": 58008, "export": 0, "id": "ZA"}, {"import": 0, "export": 0, "id": "TW"}], "import": 58008, "export": 0}, {"date": "2019-11-01", "list": [{"import": 71655, "export": 0, "id": "ZA"}, {"import": 0, "export": 0, "id": "TW"}], "import": 71655, "export": 0}, {"date": "2019-12-01", "list": [{"import": 59567, "export": 0, "id": "ZA"}, {"import": 30000, "export": 0, "id": "TW"}], "import": 89567, "export": 0}, {"date": "2020-01-01", "list": [{"import": 23143, "export": 0, "id": "ZA"}, {"import": 0, "export": 0, "id": "TW"}], "import": 23143, "export": 0}, {"date": "2020-02-01", "list": [{"import": 35361, "export": 0, "id": "ZA"}, {"import": 0, "export": 0, "id": "TW"}], "import": 35361, "export": 0}, {"date": "2020-03-01", "list": [{"import": 77452, "export": 0, "id": "ZA"}, {"import": 0, "export": 0, "id": "TW"}], "import": 77452, "export": 0}]