[{"date": "2017-05-01", "list": [{"import": 0, "export": 0, "id": "TH"}, {"import": 0, "export": 0, "id": "FR"}, {"import": 0, "export": 0, "id": "IT"}, {"import": 0, "export": 0, "id": "JP"}, {"import": 0, "export": 0, "id": "IN"}, {"import": 0, "export": 0, "id": "MM"}, {"import": 0, "export": 0, "id": "CN"}, {"import": 0, "export": 87863, "id": "LR"}, {"import": 0, "export": 1223000, "id": "BF"}, {"import": 0, "export": 0, "id": "NE"}], "import": 0, "export": 1310863}, {"date": "2017-06-01", "list": [{"import": 0, "export": 0, "id": "TH"}, {"import": 0, "export": 0, "id": "FR"}, {"import": 0, "export": 0, "id": "IT"}, {"import": 0, "export": 0, "id": "JP"}, {"import": 0, "export": 0, "id": "IN"}, {"import": 0, "export": 0, "id": "MM"}, {"import": 0, "export": 0, "id": "CN"}, {"import": 0, "export": 72175, "id": "LR"}, {"import": 0, "export": 0, "id": "BF"}, {"import": 0, "export": 0, "id": "NE"}], "import": 0, "export": 72175}, {"date": "2017-07-01", "list": [{"import": 0, "export": 0, "id": "TH"}, {"import": 0, "export": 0, "id": "FR"}, {"import": 0, "export": 0, "id": "IT"}, {"import": 0, "export": 0, "id": "JP"}, {"import": 0, "export": 0, "id": "IN"}, {"import": 0, "export": 0, "id": "MM"}, {"import": 0, "export": 0, "id": "CN"}, {"import": 0, "export": 92467, "id": "LR"}, {"import": 0, "export": 1277500, "id": "BF"}, {"import": 0, "export": 0, "id": "NE"}], "import": 0, "export": 1369967}, {"date": "2017-08-01", "list": [{"import": 0, "export": 0, "id": "TH"}, {"import": 0, "export": 0, "id": "FR"}, {"import": 0, "export": 0, "id": "IT"}, {"import": 0, "export": 0, "id": "JP"}, {"import": 0, "export": 0, "id": "IN"}, {"import": 0, "export": 0, "id": "MM"}, {"import": 0, "export": 0, "id": "CN"}, {"import": 0, "export": 92727, "id": "LR"}, {"import": 0, "export": 475000, "id": "BF"}, {"import": 0, "export": 0, "id": "NE"}], "import": 0, "export": 567727}, {"date": "2017-09-01", "list": [{"import": 0, "export": 0, "id": "TH"}, {"import": 0, "export": 0, "id": "FR"}, {"import": 0, "export": 0, "id": "IT"}, {"import": 4000, "export": 0, "id": "JP"}, {"import": 0, "export": 0, "id": "IN"}, {"import": 0, "export": 0, "id": "MM"}, {"import": 0, "export": 0, "id": "CN"}, {"import": 0, "export": 224390, "id": "LR"}, {"import": 0, "export": 0, "id": "BF"}, {"import": 0, "export": 0, "id": "NE"}], "import": 4000, "export": 224390}, {"date": "2017-10-01", "list": [{"import": 0, "export": 0, "id": "TH"}, {"import": 45, "export": 5, "id": "FR"}, {"import": 0, "export": 0, "id": "IT"}, {"import": 0, "export": 0, "id": "JP"}, {"import": 0, "export": 0, "id": "IN"}, {"import": 0, "export": 0, "id": "MM"}, {"import": 0, "export": 0, "id": "CN"}, {"import": 0, "export": 71649, "id": "LR"}, {"import": 0, "export": 0, "id": "BF"}, {"import": 0, "export": 0, "id": "NE"}], "import": 45, "export": 71654}, {"date": "2017-11-01", "list": [{"import": 0, "export": 0, "id": "TH"}, {"import": 0, "export": 0, "id": "FR"}, {"import": 0, "export": 0, "id": "IT"}, {"import": 0, "export": 0, "id": "JP"}, {"import": 0, "export": 0, "id": "IN"}, {"import": 0, "export": 0, "id": "MM"}, {"import": 0, "export": 0, "id": "CN"}, {"import": 0, "export": 107346, "id": "LR"}, {"import": 0, "export": 0, "id": "BF"}, {"import": 0, "export": 0, "id": "NE"}], "import": 0, "export": 107346}, {"date": "2017-12-01", "list": [{"import": 0, "export": 0, "id": "TH"}, {"import": 0, "export": 0, "id": "FR"}, {"import": 0, "export": 0, "id": "IT"}, {"import": 2200, "export": 0, "id": "JP"}, {"import": 0, "export": 0, "id": "IN"}, {"import": 0, "export": 0, "id": "MM"}, {"import": 0, "export": 0, "id": "CN"}, {"import": 0, "export": 84825, "id": "LR"}, {"import": 0, "export": 57000, "id": "BF"}, {"import": 0, "export": 0, "id": "NE"}], "import": 2200, "export": 141825}, {"date": "2018-01-01", "list": [{"import": 0, "export": 0, "id": "TH"}, {"import": 0, "export": 0, "id": "FR"}, {"import": 122, "export": 0, "id": "IT"}, {"import": 0, "export": 0, "id": "JP"}, {"import": 0, "export": 0, "id": "IN"}, {"import": 0, "export": 0, "id": "MM"}, {"import": 0, "export": 0, "id": "CN"}, {"import": 0, "export": 0, "id": "LR"}, {"import": 0, "export": 118750, "id": "BF"}, {"import": 0, "export": 0, "id": "NE"}], "import": 122, "export": 118750}, {"date": "2018-02-01", "list": [{"import": 0, "export": 0, "id": "TH"}, {"import": 0, "export": 0, "id": "FR"}, {"import": 0, "export": 0, "id": "IT"}, {"import": 0, "export": 0, "id": "JP"}, {"import": 0, "export": 0, "id": "IN"}, {"import": 0, "export": 0, "id": "MM"}, {"import": 0, "export": 0, "id": "CN"}, {"import": 0, "export": 0, "id": "LR"}, {"import": 0, "export": 14950, "id": "BF"}, {"import": 0, "export": 0, "id": "NE"}], "import": 0, "export": 14950}, {"date": "2018-03-01", "list": [{"import": 0, "export": 0, "id": "TH"}, {"import": 0, "export": 0, "id": "FR"}, {"import": 0, "export": 0, "id": "IT"}, {"import": 0, "export": 0, "id": "JP"}, {"import": 0, "export": 0, "id": "IN"}, {"import": 0, "export": 0, "id": "MM"}, {"import": 0, "export": 0, "id": "CN"}, {"import": 0, "export": 0, "id": "LR"}, {"import": 0, "export": 0, "id": "BF"}, {"import": 0, "export": 0, "id": "NE"}], "import": 0, "export": 0}, {"date": "2018-04-01", "list": [{"import": 0, "export": 0, "id": "TH"}, {"import": 0, "export": 0, "id": "FR"}, {"import": 0, "export": 0, "id": "IT"}, {"import": 0, "export": 0, "id": "JP"}, {"import": 717585, "export": 0, "id": "IN"}, {"import": 107520, "export": 0, "id": "MM"}, {"import": 0, "export": 0, "id": "CN"}, {"import": 0, "export": 0, "id": "LR"}, {"import": 0, "export": 0, "id": "BF"}, {"import": 0, "export": 0, "id": "NE"}], "import": 825105, "export": 0}, {"date": "2018-05-01", "list": [{"import": 0, "export": 0, "id": "TH"}, {"import": 0, "export": 0, "id": "FR"}, {"import": 0, "export": 0, "id": "IT"}, {"import": 0, "export": 0, "id": "JP"}, {"import": 52260, "export": 0, "id": "IN"}, {"import": 100020, "export": 0, "id": "MM"}, {"import": 58060, "export": 0, "id": "CN"}, {"import": 0, "export": 0, "id": "LR"}, {"import": 0, "export": 118750, "id": "BF"}, {"import": 0, "export": 0, "id": "NE"}], "import": 210340, "export": 118750}, {"date": "2018-06-01", "list": [{"import": 0, "export": 0, "id": "TH"}, {"import": 0, "export": 0, "id": "FR"}, {"import": 0, "export": 0, "id": "IT"}, {"import": 0, "export": 0, "id": "JP"}, {"import": 0, "export": 0, "id": "IN"}, {"import": 0, "export": 0, "id": "MM"}, {"import": 0, "export": 0, "id": "CN"}, {"import": 0, "export": 0, "id": "LR"}, {"import": 0, "export": 6500, "id": "BF"}, {"import": 0, "export": 0, "id": "NE"}], "import": 0, "export": 6500}, {"date": "2018-07-01", "list": [{"import": 0, "export": 0, "id": "TH"}, {"import": 0, "export": 0, "id": "FR"}, {"import": 0, "export": 0, "id": "IT"}, {"import": 0, "export": 0, "id": "JP"}, {"import": 0, "export": 0, "id": "IN"}, {"import": 0, "export": 0, "id": "MM"}, {"import": 0, "export": 0, "id": "CN"}, {"import": 0, "export": 0, "id": "LR"}, {"import": 0, "export": 97945, "id": "BF"}, {"import": 0, "export": 0, "id": "NE"}], "import": 0, "export": 97945}, {"date": "2018-08-01", "list": [{"import": 0, "export": 0, "id": "TH"}, {"import": 0, "export": 0, "id": "FR"}, {"import": 0, "export": 0, "id": "IT"}, {"import": 0, "export": 0, "id": "JP"}, {"import": 0, "export": 0, "id": "IN"}, {"import": 0, "export": 0, "id": "MM"}, {"import": 0, "export": 0, "id": "CN"}, {"import": 0, "export": 35000, "id": "LR"}, {"import": 0, "export": 0, "id": "BF"}, {"import": 0, "export": 4940, "id": "NE"}], "import": 0, "export": 39940}, {"date": "2018-09-01", "list": [{"import": 0, "export": 0, "id": "TH"}, {"import": 0, "export": 0, "id": "FR"}, {"import": 0, "export": 0, "id": "IT"}, {"import": 0, "export": 0, "id": "JP"}, {"import": 71840, "export": 0, "id": "IN"}, {"import": 0, "export": 0, "id": "MM"}, {"import": 141750, "export": 0, "id": "CN"}, {"import": 0, "export": 0, "id": "LR"}, {"import": 0, "export": 16749, "id": "BF"}, {"import": 0, "export": 4940, "id": "NE"}], "import": 213590, "export": 21689}, {"date": "2018-10-01", "list": [{"import": 0, "export": 0, "id": "TH"}, {"import": 0, "export": 0, "id": "FR"}, {"import": 0, "export": 0, "id": "IT"}, {"import": 0, "export": 0, "id": "JP"}, {"import": 0, "export": 0, "id": "IN"}, {"import": 0, "export": 0, "id": "MM"}, {"import": 0, "export": 0, "id": "CN"}, {"import": 0, "export": 0, "id": "LR"}, {"import": 0, "export": 54000, "id": "BF"}, {"import": 0, "export": 0, "id": "NE"}], "import": 0, "export": 54000}]