[{"date": "2019-01-01", "list": [{"import": 1000000, "export": 0, "id": "PY"}, {"import": 0, "export": 0, "id": "UY"}, {"import": 0, "export": 0, "id": "US"}, {"import": 0, "export": 0, "id": "AR"}, {"import": 0, "export": 0, "id": "IT"}, {"import": 0, "export": 28900000, "id": "VE"}, {"import": 0, "export": 0, "id": "ME"}, {"import": 0, "export": 0, "id": "HN"}, {"import": 0, "export": 0, "id": "CR"}, {"import": 0, "export": 0, "id": "NI"}, {"import": 0, "export": 306, "id": "LR"}, {"import": 0, "export": 1533, "id": "MH"}, {"import": 0, "export": 0, "id": "SG"}, {"import": 0, "export": 678, "id": "PA"}, {"import": 0, "export": 610, "id": "CN"}, {"import": 0, "export": 0, "id": "ES"}, {"import": 0, "export": 0, "id": "TH"}, {"import": 0, "export": 0, "id": "TR"}, {"import": 0, "export": 0, "id": "GB"}, {"import": 0, "export": 0, "id": "MT"}, {"import": 0, "export": 0, "id": "PH"}, {"import": 0, "export": 0, "id": "CY"}, {"import": 0, "export": 0, "id": "DK"}, {"import": 0, "export": 0, "id": "SV"}, {"import": 0, "export": 0, "id": "DE"}, {"import": 0, "export": 0, "id": "GR"}, {"import": 0, "export": 0, "id": "GT"}, {"import": 0, "export": 0, "id": "GY"}, {"import": 0, "export": 580, "id": "-"}, {"import": 0, "export": 700, "id": "JP"}, {"import": 0, "export": 0, "id": "AO"}, {"import": 0, "export": 0, "id": "AG"}, {"import": 0, "export": 0, "id": "BS"}], "import": 1000000, "export": 28904407}, {"date": "2019-02-01", "list": [{"import": 4297500, "export": 0, "id": "PY"}, {"import": 0, "export": 0, "id": "UY"}, {"import": 0, "export": 0, "id": "US"}, {"import": 0, "export": 0, "id": "AR"}, {"import": 0, "export": 0, "id": "IT"}, {"import": 0, "export": 35000000, "id": "VE"}, {"import": 0, "export": 0, "id": "ME"}, {"import": 0, "export": 0, "id": "HN"}, {"import": 0, "export": 0, "id": "CR"}, {"import": 0, "export": 0, "id": "NI"}, {"import": 0, "export": 550, "id": "LR"}, {"import": 0, "export": 0, "id": "MH"}, {"import": 0, "export": 0, "id": "SG"}, {"import": 0, "export": 0, "id": "PA"}, {"import": 0, "export": 0, "id": "CN"}, {"import": 0, "export": 0, "id": "ES"}, {"import": 0, "export": 0, "id": "TH"}, {"import": 0, "export": 0, "id": "TR"}, {"import": 0, "export": 505, "id": "GB"}, {"import": 0, "export": 0, "id": "MT"}, {"import": 0, "export": 0, "id": "PH"}, {"import": 0, "export": 0, "id": "CY"}, {"import": 0, "export": 0, "id": "DK"}, {"import": 0, "export": 0, "id": "SV"}, {"import": 0, "export": 0, "id": "DE"}, {"import": 0, "export": 0, "id": "GR"}, {"import": 0, "export": 0, "id": "GT"}, {"import": 0, "export": 0, "id": "GY"}, {"import": 0, "export": 0, "id": "-"}, {"import": 0, "export": 0, "id": "JP"}, {"import": 0, "export": 0, "id": "AO"}, {"import": 0, "export": 0, "id": "AG"}, {"import": 0, "export": 0, "id": "BS"}], "import": 4297500, "export": 35001055}, {"date": "2019-03-01", "list": [{"import": 6447560, "export": 0, "id": "PY"}, {"import": 0, "export": 0, "id": "UY"}, {"import": 0, "export": 0, "id": "US"}, {"import": 0, "export": 0, "id": "AR"}, {"import": 0, "export": 0, "id": "IT"}, {"import": 0, "export": 30000000, "id": "VE"}, {"import": 0, "export": 0, "id": "ME"}, {"import": 0, "export": 0, "id": "HN"}, {"import": 0, "export": 14995600, "id": "CR"}, {"import": 0, "export": 4600000, "id": "NI"}, {"import": 0, "export": 0, "id": "LR"}, {"import": 0, "export": 1200, "id": "MH"}, {"import": 0, "export": 575, "id": "SG"}, {"import": 0, "export": 1354, "id": "PA"}, {"import": 0, "export": 157, "id": "CN"}, {"import": 0, "export": 0, "id": "ES"}, {"import": 0, "export": 0, "id": "TH"}, {"import": 0, "export": 0, "id": "TR"}, {"import": 0, "export": 211, "id": "GB"}, {"import": 0, "export": 0, "id": "MT"}, {"import": 0, "export": 0, "id": "PH"}, {"import": 0, "export": 290, "id": "CY"}, {"import": 0, "export": 0, "id": "DK"}, {"import": 0, "export": 0, "id": "SV"}, {"import": 0, "export": 0, "id": "DE"}, {"import": 0, "export": 0, "id": "GR"}, {"import": 0, "export": 0, "id": "GT"}, {"import": 0, "export": 0, "id": "GY"}, {"import": 0, "export": 240, "id": "-"}, {"import": 0, "export": 0, "id": "JP"}, {"import": 0, "export": 0, "id": "AO"}, {"import": 0, "export": 0, "id": "AG"}, {"import": 0, "export": 530, "id": "BS"}], "import": 6447560, "export": 49600157}, {"date": "2019-04-01", "list": [{"import": 5724970, "export": 0, "id": "PY"}, {"import": 400200, "export": 0, "id": "UY"}, {"import": 0, "export": 0, "id": "US"}, {"import": 0, "export": 0, "id": "AR"}, {"import": 0, "export": 0, "id": "IT"}, {"import": 0, "export": 30000000, "id": "VE"}, {"import": 0, "export": 0, "id": "ME"}, {"import": 0, "export": 0, "id": "HN"}, {"import": 0, "export": 0, "id": "CR"}, {"import": 0, "export": 0, "id": "NI"}, {"import": 0, "export": 555, "id": "LR"}, {"import": 0, "export": 428, "id": "MH"}, {"import": 0, "export": 516, "id": "SG"}, {"import": 0, "export": 0, "id": "PA"}, {"import": 0, "export": 0, "id": "CN"}, {"import": 0, "export": 0, "id": "ES"}, {"import": 0, "export": 0, "id": "TH"}, {"import": 0, "export": 0, "id": "TR"}, {"import": 0, "export": 450, "id": "GB"}, {"import": 0, "export": 0, "id": "MT"}, {"import": 0, "export": 0, "id": "PH"}, {"import": 0, "export": 300, "id": "CY"}, {"import": 0, "export": 0, "id": "DK"}, {"import": 0, "export": 0, "id": "SV"}, {"import": 0, "export": 0, "id": "DE"}, {"import": 0, "export": 0, "id": "GR"}, {"import": 0, "export": 0, "id": "GT"}, {"import": 0, "export": 0, "id": "GY"}, {"import": 0, "export": 0, "id": "-"}, {"import": 0, "export": 0, "id": "JP"}, {"import": 0, "export": 0, "id": "AO"}, {"import": 0, "export": 0, "id": "AG"}, {"import": 0, "export": 0, "id": "BS"}], "import": 6125170, "export": 30002249}, {"date": "2019-05-01", "list": [{"import": 7625600, "export": 0, "id": "PY"}, {"import": 1000000, "export": 0, "id": "UY"}, {"import": 0, "export": 0, "id": "US"}, {"import": 0, "export": 0, "id": "AR"}, {"import": 0, "export": 0, "id": "IT"}, {"import": 0, "export": 29007680, "id": "VE"}, {"import": 0, "export": 0, "id": "ME"}, {"import": 0, "export": 0, "id": "HN"}, {"import": 0, "export": 0, "id": "CR"}, {"import": 0, "export": 0, "id": "NI"}, {"import": 0, "export": 425, "id": "LR"}, {"import": 0, "export": 1370, "id": "MH"}, {"import": 0, "export": 0, "id": "SG"}, {"import": 0, "export": 0, "id": "PA"}, {"import": 0, "export": 750, "id": "CN"}, {"import": 0, "export": 0, "id": "ES"}, {"import": 0, "export": 0, "id": "TH"}, {"import": 0, "export": 0, "id": "TR"}, {"import": 0, "export": 0, "id": "GB"}, {"import": 0, "export": 0, "id": "MT"}, {"import": 0, "export": 0, "id": "PH"}, {"import": 0, "export": 406, "id": "CY"}, {"import": 0, "export": 200, "id": "DK"}, {"import": 0, "export": 0, "id": "SV"}, {"import": 0, "export": 0, "id": "DE"}, {"import": 0, "export": 0, "id": "GR"}, {"import": 0, "export": 0, "id": "GT"}, {"import": 0, "export": 11500, "id": "GY"}, {"import": 0, "export": 0, "id": "-"}, {"import": 0, "export": 0, "id": "JP"}, {"import": 0, "export": 0, "id": "AO"}, {"import": 0, "export": 0, "id": "AG"}, {"import": 0, "export": 0, "id": "BS"}], "import": 8625600, "export": 29022331}, {"date": "2019-06-01", "list": [{"import": 4184630, "export": 0, "id": "PY"}, {"import": 3000000, "export": 0, "id": "UY"}, {"import": 0, "export": 0, "id": "US"}, {"import": 0, "export": 0, "id": "AR"}, {"import": 0, "export": 0, "id": "IT"}, {"import": 0, "export": 0, "id": "VE"}, {"import": 0, "export": 0, "id": "ME"}, {"import": 0, "export": 0, "id": "HN"}, {"import": 0, "export": 0, "id": "CR"}, {"import": 0, "export": 0, "id": "NI"}, {"import": 0, "export": 0, "id": "LR"}, {"import": 0, "export": 0, "id": "MH"}, {"import": 0, "export": 0, "id": "SG"}, {"import": 0, "export": 921, "id": "PA"}, {"import": 0, "export": 0, "id": "CN"}, {"import": 0, "export": 0, "id": "ES"}, {"import": 0, "export": 0, "id": "TH"}, {"import": 0, "export": 0, "id": "TR"}, {"import": 0, "export": 800, "id": "GB"}, {"import": 0, "export": 0, "id": "MT"}, {"import": 0, "export": 1080, "id": "PH"}, {"import": 0, "export": 0, "id": "CY"}, {"import": 0, "export": 0, "id": "DK"}, {"import": 0, "export": 0, "id": "SV"}, {"import": 0, "export": 0, "id": "DE"}, {"import": 0, "export": 1100, "id": "GR"}, {"import": 0, "export": 0, "id": "GT"}, {"import": 0, "export": 0, "id": "GY"}, {"import": 0, "export": 430, "id": "-"}, {"import": 0, "export": 0, "id": "JP"}, {"import": 0, "export": 0, "id": "AO"}, {"import": 0, "export": 0, "id": "AG"}, {"import": 0, "export": 0, "id": "BS"}], "import": 7184630, "export": 4331}, {"date": "2019-07-01", "list": [{"import": 7196400, "export": 0, "id": "PY"}, {"import": 1724550, "export": 0, "id": "UY"}, {"import": 0, "export": 0, "id": "US"}, {"import": 0, "export": 0, "id": "AR"}, {"import": 0, "export": 0, "id": "IT"}, {"import": 0, "export": 25500, "id": "VE"}, {"import": 0, "export": 0, "id": "ME"}, {"import": 0, "export": 0, "id": "HN"}, {"import": 0, "export": 0, "id": "CR"}, {"import": 0, "export": 0, "id": "NI"}, {"import": 0, "export": 1180, "id": "LR"}, {"import": 0, "export": 110, "id": "MH"}, {"import": 0, "export": 0, "id": "SG"}, {"import": 0, "export": 1290, "id": "PA"}, {"import": 0, "export": 0, "id": "CN"}, {"import": 0, "export": 0, "id": "ES"}, {"import": 0, "export": 0, "id": "TH"}, {"import": 0, "export": 0, "id": "TR"}, {"import": 0, "export": 987, "id": "GB"}, {"import": 0, "export": 0, "id": "MT"}, {"import": 0, "export": 800, "id": "PH"}, {"import": 0, "export": 884, "id": "CY"}, {"import": 0, "export": 0, "id": "DK"}, {"import": 0, "export": 0, "id": "SV"}, {"import": 0, "export": 0, "id": "DE"}, {"import": 0, "export": 0, "id": "GR"}, {"import": 0, "export": 0, "id": "GT"}, {"import": 0, "export": 0, "id": "GY"}, {"import": 0, "export": 1280, "id": "-"}, {"import": 0, "export": 0, "id": "JP"}, {"import": 0, "export": 0, "id": "AO"}, {"import": 0, "export": 0, "id": "AG"}, {"import": 0, "export": 1000, "id": "BS"}], "import": 8920950, "export": 33031}, {"date": "2019-08-01", "list": [{"import": 10436670, "export": 283760, "id": "PY"}, {"import": 1144950, "export": 43200, "id": "UY"}, {"import": 0, "export": 0, "id": "US"}, {"import": 300000, "export": 90000, "id": "AR"}, {"import": 0, "export": 0, "id": "IT"}, {"import": 0, "export": 7876960, "id": "VE"}, {"import": 0, "export": 0, "id": "ME"}, {"import": 0, "export": 0, "id": "HN"}, {"import": 0, "export": 0, "id": "CR"}, {"import": 0, "export": 0, "id": "NI"}, {"import": 0, "export": 1110, "id": "LR"}, {"import": 0, "export": 2105, "id": "MH"}, {"import": 0, "export": 535, "id": "SG"}, {"import": 0, "export": 2530, "id": "PA"}, {"import": 0, "export": 400, "id": "CN"}, {"import": 0, "export": 0, "id": "ES"}, {"import": 0, "export": 0, "id": "TH"}, {"import": 0, "export": 0, "id": "TR"}, {"import": 0, "export": 935, "id": "GB"}, {"import": 0, "export": 0, "id": "MT"}, {"import": 0, "export": 0, "id": "PH"}, {"import": 0, "export": 0, "id": "CY"}, {"import": 0, "export": 0, "id": "DK"}, {"import": 0, "export": 0, "id": "SV"}, {"import": 0, "export": 0, "id": "DE"}, {"import": 0, "export": 0, "id": "GR"}, {"import": 0, "export": 0, "id": "GT"}, {"import": 0, "export": 0, "id": "GY"}, {"import": 0, "export": 590, "id": "-"}, {"import": 0, "export": 0, "id": "JP"}, {"import": 0, "export": 0, "id": "AO"}, {"import": 0, "export": 0, "id": "AG"}, {"import": 0, "export": 0, "id": "BS"}], "import": 11881620, "export": 8302125}, {"date": "2019-09-01", "list": [{"import": 3883300, "export": 0, "id": "PY"}, {"import": 270000, "export": 0, "id": "UY"}, {"import": 0, "export": 0, "id": "US"}, {"import": 264100, "export": 0, "id": "AR"}, {"import": 0, "export": 0, "id": "IT"}, {"import": 0, "export": 22500, "id": "VE"}, {"import": 0, "export": 0, "id": "ME"}, {"import": 0, "export": 0, "id": "HN"}, {"import": 0, "export": 0, "id": "CR"}, {"import": 0, "export": 0, "id": "NI"}, {"import": 0, "export": 1201, "id": "LR"}, {"import": 0, "export": 1280, "id": "MH"}, {"import": 0, "export": 550, "id": "SG"}, {"import": 0, "export": 2000, "id": "PA"}, {"import": 0, "export": 0, "id": "CN"}, {"import": 0, "export": 0, "id": "ES"}, {"import": 0, "export": 0, "id": "TH"}, {"import": 0, "export": 0, "id": "TR"}, {"import": 0, "export": 0, "id": "GB"}, {"import": 0, "export": 1536, "id": "MT"}, {"import": 0, "export": 0, "id": "PH"}, {"import": 0, "export": 710, "id": "CY"}, {"import": 0, "export": 0, "id": "DK"}, {"import": 0, "export": 0, "id": "SV"}, {"import": 0, "export": 0, "id": "DE"}, {"import": 0, "export": 0, "id": "GR"}, {"import": 0, "export": 0, "id": "GT"}, {"import": 0, "export": 0, "id": "GY"}, {"import": 0, "export": 0, "id": "-"}, {"import": 0, "export": 0, "id": "JP"}, {"import": 0, "export": 0, "id": "AO"}, {"import": 0, "export": 0, "id": "AG"}, {"import": 0, "export": 100, "id": "BS"}], "import": 4417400, "export": 29877}, {"date": "2019-10-01", "list": [{"import": 6772000, "export": 32000, "id": "PY"}, {"import": 3616490, "export": 6698, "id": "UY"}, {"import": 9900, "export": 0, "id": "US"}, {"import": 33900, "export": 0, "id": "AR"}, {"import": 0, "export": 0, "id": "IT"}, {"import": 0, "export": 0, "id": "VE"}, {"import": 0, "export": 0, "id": "ME"}, {"import": 0, "export": 0, "id": "HN"}, {"import": 0, "export": 0, "id": "CR"}, {"import": 0, "export": 0, "id": "NI"}, {"import": 0, "export": 0, "id": "LR"}, {"import": 0, "export": 760, "id": "MH"}, {"import": 0, "export": 440, "id": "SG"}, {"import": 0, "export": 1221, "id": "PA"}, {"import": 0, "export": 0, "id": "CN"}, {"import": 0, "export": 0, "id": "ES"}, {"import": 0, "export": 0, "id": "TH"}, {"import": 0, "export": 0, "id": "TR"}, {"import": 0, "export": 1665, "id": "GB"}, {"import": 0, "export": 0, "id": "MT"}, {"import": 0, "export": 0, "id": "PH"}, {"import": 0, "export": 680, "id": "CY"}, {"import": 0, "export": 0, "id": "DK"}, {"import": 0, "export": 0, "id": "SV"}, {"import": 0, "export": 0, "id": "DE"}, {"import": 0, "export": 0, "id": "GR"}, {"import": 0, "export": 0, "id": "GT"}, {"import": 0, "export": 0, "id": "GY"}, {"import": 0, "export": 0, "id": "-"}, {"import": 0, "export": 0, "id": "JP"}, {"import": 0, "export": 0, "id": "AO"}, {"import": 0, "export": 0, "id": "AG"}, {"import": 0, "export": 0, "id": "BS"}], "import": 10432290, "export": 43464}, {"date": "2019-11-01", "list": [{"import": 6034550, "export": 28800, "id": "PY"}, {"import": 5060000, "export": 20, "id": "UY"}, {"import": 0, "export": 0, "id": "US"}, {"import": 0, "export": 0, "id": "AR"}, {"import": 0, "export": 0, "id": "IT"}, {"import": 0, "export": 26100000, "id": "VE"}, {"import": 0, "export": 0, "id": "ME"}, {"import": 0, "export": 0, "id": "HN"}, {"import": 0, "export": 0, "id": "CR"}, {"import": 0, "export": 0, "id": "NI"}, {"import": 0, "export": 873, "id": "LR"}, {"import": 0, "export": 870, "id": "MH"}, {"import": 0, "export": 370, "id": "SG"}, {"import": 0, "export": 1170, "id": "PA"}, {"import": 0, "export": 0, "id": "CN"}, {"import": 0, "export": 0, "id": "ES"}, {"import": 0, "export": 510, "id": "TH"}, {"import": 0, "export": 0, "id": "TR"}, {"import": 0, "export": 0, "id": "GB"}, {"import": 0, "export": 0, "id": "MT"}, {"import": 0, "export": 0, "id": "PH"}, {"import": 0, "export": 0, "id": "CY"}, {"import": 0, "export": 0, "id": "DK"}, {"import": 0, "export": 0, "id": "SV"}, {"import": 0, "export": 0, "id": "DE"}, {"import": 0, "export": 0, "id": "GR"}, {"import": 0, "export": 0, "id": "GT"}, {"import": 0, "export": 0, "id": "GY"}, {"import": 0, "export": 470, "id": "-"}, {"import": 0, "export": 0, "id": "JP"}, {"import": 0, "export": 250000, "id": "AO"}, {"import": 0, "export": 200, "id": "AG"}, {"import": 0, "export": 0, "id": "BS"}], "import": 11094550, "export": 26383283}, {"date": "2019-12-01", "list": [{"import": 6061270, "export": 0, "id": "PY"}, {"import": 4927920, "export": 0, "id": "UY"}, {"import": 0, "export": 0, "id": "US"}, {"import": 0, "export": 0, "id": "AR"}, {"import": 14800, "export": 310, "id": "IT"}, {"import": 0, "export": 61816617, "id": "VE"}, {"import": 0, "export": 0, "id": "ME"}, {"import": 0, "export": 0, "id": "HN"}, {"import": 0, "export": 0, "id": "CR"}, {"import": 0, "export": 0, "id": "NI"}, {"import": 0, "export": 1050, "id": "LR"}, {"import": 0, "export": 595, "id": "MH"}, {"import": 0, "export": 0, "id": "SG"}, {"import": 0, "export": 830, "id": "PA"}, {"import": 0, "export": 0, "id": "CN"}, {"import": 0, "export": 0, "id": "ES"}, {"import": 0, "export": 0, "id": "TH"}, {"import": 0, "export": 0, "id": "TR"}, {"import": 0, "export": 288, "id": "GB"}, {"import": 0, "export": 0, "id": "MT"}, {"import": 0, "export": 0, "id": "PH"}, {"import": 0, "export": 890, "id": "CY"}, {"import": 0, "export": 0, "id": "DK"}, {"import": 0, "export": 0, "id": "SV"}, {"import": 0, "export": 0, "id": "DE"}, {"import": 0, "export": 0, "id": "GR"}, {"import": 0, "export": 0, "id": "GT"}, {"import": 0, "export": 0, "id": "GY"}, {"import": 0, "export": 420, "id": "-"}, {"import": 0, "export": 0, "id": "JP"}, {"import": 0, "export": 0, "id": "AO"}, {"import": 0, "export": 180, "id": "AG"}, {"import": 0, "export": 0, "id": "BS"}], "import": 11003990, "export": 61821180}, {"date": "2020-01-01", "list": [{"import": 4670000, "export": 0, "id": "PY"}, {"import": 672000, "export": 0, "id": "UY"}, {"import": 0, "export": 0, "id": "US"}, {"import": 0, "export": 0, "id": "AR"}, {"import": 0, "export": 0, "id": "IT"}, {"import": 0, "export": 15442640, "id": "VE"}, {"import": 0, "export": 0, "id": "ME"}, {"import": 0, "export": 0, "id": "HN"}, {"import": 0, "export": 19990980, "id": "CR"}, {"import": 0, "export": 0, "id": "NI"}, {"import": 0, "export": 0, "id": "LR"}, {"import": 0, "export": 950, "id": "MH"}, {"import": 0, "export": 0, "id": "SG"}, {"import": 0, "export": 1450, "id": "PA"}, {"import": 0, "export": 0, "id": "CN"}, {"import": 0, "export": 0, "id": "ES"}, {"import": 0, "export": 0, "id": "TH"}, {"import": 0, "export": 0, "id": "TR"}, {"import": 0, "export": 705, "id": "GB"}, {"import": 0, "export": 0, "id": "MT"}, {"import": 0, "export": 0, "id": "PH"}, {"import": 0, "export": 470, "id": "CY"}, {"import": 0, "export": 0, "id": "DK"}, {"import": 0, "export": 0, "id": "SV"}, {"import": 0, "export": 540, "id": "DE"}, {"import": 0, "export": 0, "id": "GR"}, {"import": 0, "export": 0, "id": "GT"}, {"import": 0, "export": 0, "id": "GY"}, {"import": 0, "export": 0, "id": "-"}, {"import": 0, "export": 0, "id": "JP"}, {"import": 0, "export": 0, "id": "AO"}, {"import": 0, "export": 0, "id": "AG"}, {"import": 0, "export": 0, "id": "BS"}], "import": 5342000, "export": 35437735}, {"date": "2020-02-01", "list": [{"import": 1932500, "export": 0, "id": "PY"}, {"import": 0, "export": 0, "id": "UY"}, {"import": 0, "export": 0, "id": "US"}, {"import": 0, "export": 0, "id": "AR"}, {"import": 0, "export": 0, "id": "IT"}, {"import": 0, "export": 0, "id": "VE"}, {"import": 0, "export": 0, "id": "ME"}, {"import": 0, "export": 0, "id": "HN"}, {"import": 0, "export": 4497180, "id": "CR"}, {"import": 0, "export": 0, "id": "NI"}, {"import": 0, "export": 600, "id": "LR"}, {"import": 0, "export": 870, "id": "MH"}, {"import": 0, "export": 0, "id": "SG"}, {"import": 0, "export": 737, "id": "PA"}, {"import": 0, "export": 0, "id": "CN"}, {"import": 0, "export": 0, "id": "ES"}, {"import": 0, "export": 0, "id": "TH"}, {"import": 0, "export": 0, "id": "TR"}, {"import": 0, "export": 0, "id": "GB"}, {"import": 0, "export": 0, "id": "MT"}, {"import": 0, "export": 0, "id": "PH"}, {"import": 0, "export": 430, "id": "CY"}, {"import": 0, "export": 0, "id": "DK"}, {"import": 0, "export": 0, "id": "SV"}, {"import": 0, "export": 0, "id": "DE"}, {"import": 0, "export": 0, "id": "GR"}, {"import": 0, "export": 0, "id": "GT"}, {"import": 0, "export": 0, "id": "GY"}, {"import": 0, "export": 0, "id": "-"}, {"import": 0, "export": 0, "id": "JP"}, {"import": 0, "export": 0, "id": "AO"}, {"import": 0, "export": 0, "id": "AG"}, {"import": 0, "export": 0, "id": "BS"}], "import": 1932500, "export": 4499817}, {"date": "2020-03-01", "list": [{"import": 5811500, "export": 0, "id": "PY"}, {"import": 300000, "export": 0, "id": "UY"}, {"import": 0, "export": 0, "id": "US"}, {"import": 0, "export": 0, "id": "AR"}, {"import": 0, "export": 0, "id": "IT"}, {"import": 0, "export": 25888778, "id": "VE"}, {"import": 0, "export": 0, "id": "ME"}, {"import": 0, "export": 0, "id": "HN"}, {"import": 0, "export": 0, "id": "CR"}, {"import": 0, "export": 0, "id": "NI"}, {"import": 0, "export": 580, "id": "LR"}, {"import": 0, "export": 750, "id": "MH"}, {"import": 0, "export": 340, "id": "SG"}, {"import": 0, "export": 500, "id": "PA"}, {"import": 0, "export": 0, "id": "CN"}, {"import": 0, "export": 0, "id": "ES"}, {"import": 0, "export": 0, "id": "TH"}, {"import": 0, "export": 0, "id": "TR"}, {"import": 0, "export": 0, "id": "GB"}, {"import": 0, "export": 715, "id": "MT"}, {"import": 0, "export": 610, "id": "PH"}, {"import": 0, "export": 0, "id": "CY"}, {"import": 0, "export": 0, "id": "DK"}, {"import": 0, "export": 0, "id": "SV"}, {"import": 0, "export": 0, "id": "DE"}, {"import": 0, "export": 0, "id": "GR"}, {"import": 0, "export": 0, "id": "GT"}, {"import": 0, "export": 0, "id": "GY"}, {"import": 0, "export": 430, "id": "-"}, {"import": 0, "export": 0, "id": "JP"}, {"import": 0, "export": 0, "id": "AO"}, {"import": 0, "export": 0, "id": "AG"}, {"import": 0, "export": 0, "id": "BS"}], "import": 6111500, "export": 25892703}, {"date": "2020-04-01", "list": [{"import": 13216440, "export": 0, "id": "PY"}, {"import": 0, "export": 0, "id": "UY"}, {"import": 0, "export": 0, "id": "US"}, {"import": 0, "export": 0, "id": "AR"}, {"import": 0, "export": 0, "id": "IT"}, {"import": 0, "export": 7350, "id": "VE"}, {"import": 0, "export": 0, "id": "ME"}, {"import": 0, "export": 0, "id": "HN"}, {"import": 0, "export": 0, "id": "CR"}, {"import": 0, "export": 0, "id": "NI"}, {"import": 0, "export": 3070, "id": "LR"}, {"import": 0, "export": 513, "id": "MH"}, {"import": 0, "export": 500, "id": "SG"}, {"import": 0, "export": 1881, "id": "PA"}, {"import": 0, "export": 0, "id": "CN"}, {"import": 0, "export": 0, "id": "ES"}, {"import": 0, "export": 0, "id": "TH"}, {"import": 0, "export": 0, "id": "TR"}, {"import": 0, "export": 445, "id": "GB"}, {"import": 0, "export": 0, "id": "MT"}, {"import": 0, "export": 0, "id": "PH"}, {"import": 0, "export": 760, "id": "CY"}, {"import": 0, "export": 0, "id": "DK"}, {"import": 0, "export": 0, "id": "SV"}, {"import": 0, "export": 0, "id": "DE"}, {"import": 0, "export": 584, "id": "GR"}, {"import": 0, "export": 0, "id": "GT"}, {"import": 0, "export": 9000, "id": "GY"}, {"import": 0, "export": 600, "id": "-"}, {"import": 0, "export": 0, "id": "JP"}, {"import": 0, "export": 0, "id": "AO"}, {"import": 0, "export": 0, "id": "AG"}, {"import": 0, "export": 0, "id": "BS"}], "import": 13216440, "export": 24703}, {"date": "2020-05-01", "list": [{"import": 6765120, "export": 0, "id": "PY"}, {"import": 0, "export": 0, "id": "UY"}, {"import": 0, "export": 0, "id": "US"}, {"import": 0, "export": 0, "id": "AR"}, {"import": 0, "export": 0, "id": "IT"}, {"import": 0, "export": 35265280, "id": "VE"}, {"import": 0, "export": 30000000, "id": "ME"}, {"import": 0, "export": 0, "id": "HN"}, {"import": 0, "export": 20142000, "id": "CR"}, {"import": 0, "export": 0, "id": "NI"}, {"import": 0, "export": 900, "id": "LR"}, {"import": 0, "export": 2549, "id": "MH"}, {"import": 0, "export": 1345, "id": "SG"}, {"import": 0, "export": 3805, "id": "PA"}, {"import": 0, "export": 0, "id": "CN"}, {"import": 0, "export": 0, "id": "ES"}, {"import": 0, "export": 0, "id": "TH"}, {"import": 0, "export": 26012460, "id": "TR"}, {"import": 0, "export": 1130, "id": "GB"}, {"import": 0, "export": 545, "id": "MT"}, {"import": 0, "export": 0, "id": "PH"}, {"import": 0, "export": 910, "id": "CY"}, {"import": 0, "export": 0, "id": "DK"}, {"import": 0, "export": 7621020, "id": "SV"}, {"import": 0, "export": 0, "id": "DE"}, {"import": 0, "export": 0, "id": "GR"}, {"import": 0, "export": 0, "id": "GT"}, {"import": 0, "export": 0, "id": "GY"}, {"import": 0, "export": 920, "id": "-"}, {"import": 0, "export": 0, "id": "JP"}, {"import": 0, "export": 0, "id": "AO"}, {"import": 0, "export": 0, "id": "AG"}, {"import": 0, "export": 790, "id": "BS"}], "import": 6765120, "export": 119053654}, {"date": "2020-06-01", "list": [{"import": 5194000, "export": 0, "id": "PY"}, {"import": 419, "export": 0, "id": "UY"}, {"import": 0, "export": 0, "id": "US"}, {"import": 0, "export": 0, "id": "AR"}, {"import": 0, "export": 0, "id": "IT"}, {"import": 0, "export": 25506020, "id": "VE"}, {"import": 0, "export": 30000000, "id": "ME"}, {"import": 0, "export": 0, "id": "HN"}, {"import": 0, "export": 25004620, "id": "CR"}, {"import": 0, "export": 0, "id": "NI"}, {"import": 0, "export": 1110, "id": "LR"}, {"import": 0, "export": 1410, "id": "MH"}, {"import": 0, "export": 810, "id": "SG"}, {"import": 0, "export": 3195, "id": "PA"}, {"import": 0, "export": 0, "id": "CN"}, {"import": 0, "export": 500, "id": "ES"}, {"import": 0, "export": 0, "id": "TH"}, {"import": 0, "export": 0, "id": "TR"}, {"import": 0, "export": 1280, "id": "GB"}, {"import": 0, "export": 725, "id": "MT"}, {"import": 0, "export": 0, "id": "PH"}, {"import": 0, "export": 0, "id": "CY"}, {"import": 0, "export": 0, "id": "DK"}, {"import": 0, "export": 0, "id": "SV"}, {"import": 0, "export": 475, "id": "DE"}, {"import": 0, "export": 0, "id": "GR"}, {"import": 0, "export": 15007080, "id": "GT"}, {"import": 0, "export": 0, "id": "GY"}, {"import": 0, "export": 670, "id": "-"}, {"import": 0, "export": 0, "id": "JP"}, {"import": 0, "export": 0, "id": "AO"}, {"import": 0, "export": 0, "id": "AG"}, {"import": 0, "export": 0, "id": "BS"}], "import": 5194419, "export": 95527895}, {"date": "2020-07-01", "list": [{"import": 3768700, "export": 31160, "id": "PY"}, {"import": 202500, "export": 0, "id": "UY"}, {"import": 0, "export": 0, "id": "US"}, {"import": 0, "export": 0, "id": "AR"}, {"import": 0, "export": 0, "id": "IT"}, {"import": 0, "export": 31070220, "id": "VE"}, {"import": 0, "export": 28792160, "id": "ME"}, {"import": 0, "export": 28093620, "id": "HN"}, {"import": 0, "export": 25005740, "id": "CR"}, {"import": 0, "export": 14654280, "id": "NI"}, {"import": 0, "export": 1461, "id": "LR"}, {"import": 0, "export": 1160, "id": "MH"}, {"import": 0, "export": 885, "id": "SG"}, {"import": 0, "export": 815, "id": "PA"}, {"import": 0, "export": 545, "id": "CN"}, {"import": 0, "export": 0, "id": "ES"}, {"import": 0, "export": 0, "id": "TH"}, {"import": 0, "export": 0, "id": "TR"}, {"import": 0, "export": 0, "id": "GB"}, {"import": 0, "export": 0, "id": "MT"}, {"import": 0, "export": 0, "id": "PH"}, {"import": 0, "export": 0, "id": "CY"}, {"import": 0, "export": 0, "id": "DK"}, {"import": 0, "export": 0, "id": "SV"}, {"import": 0, "export": 0, "id": "DE"}, {"import": 0, "export": 0, "id": "GR"}, {"import": 0, "export": 0, "id": "GT"}, {"import": 0, "export": 0, "id": "GY"}, {"import": 0, "export": 0, "id": "-"}, {"import": 0, "export": 0, "id": "JP"}, {"import": 0, "export": 0, "id": "AO"}, {"import": 0, "export": 0, "id": "AG"}, {"import": 0, "export": 0, "id": "BS"}], "import": 3971200, "export": 127652046}, {"date": "2020-08-01", "list": [{"import": 1734000, "export": 0, "id": "PY"}, {"import": 739400, "export": 0, "id": "UY"}, {"import": 81000, "export": 0, "id": "US"}, {"import": 0, "export": 0, "id": "AR"}, {"import": 0, "export": 0, "id": "IT"}], "import": 2554400, "export": 0}, {"date": "2018-12-01", "list": [{"import": 0, "export": 58947745, "id": "VE"}, {"import": 0, "export": 0, "id": "ME"}, {"import": 0, "export": 0, "id": "HN"}, {"import": 0, "export": 0, "id": "CR"}, {"import": 0, "export": 26000000, "id": "NI"}, {"import": 0, "export": 0, "id": "PY"}, {"import": 0, "export": 600, "id": "LR"}, {"import": 0, "export": 790, "id": "MH"}, {"import": 0, "export": 0, "id": "SG"}, {"import": 0, "export": 770, "id": "PA"}, {"import": 0, "export": 0, "id": "CN"}, {"import": 0, "export": 0, "id": "ES"}, {"import": 0, "export": 0, "id": "TH"}, {"import": 0, "export": 0, "id": "TR"}, {"import": 0, "export": 0, "id": "GB"}, {"import": 0, "export": 0, "id": "US"}, {"import": 0, "export": 0, "id": "UY"}, {"import": 0, "export": 0, "id": "MT"}, {"import": 0, "export": 0, "id": "PH"}, {"import": 0, "export": 550, "id": "CY"}, {"import": 0, "export": 0, "id": "DK"}, {"import": 0, "export": 0, "id": "SV"}, {"import": 0, "export": 0, "id": "DE"}, {"import": 0, "export": 0, "id": "GR"}, {"import": 0, "export": 0, "id": "GT"}, {"import": 0, "export": 0, "id": "GY"}, {"import": 0, "export": 630, "id": "-"}, {"import": 0, "export": 0, "id": "IT"}, {"import": 0, "export": 0, "id": "JP"}, {"import": 0, "export": 0, "id": "AO"}, {"import": 0, "export": 0, "id": "AG"}, {"import": 0, "export": 0, "id": "AR"}, {"import": 0, "export": 0, "id": "BS"}], "import": 0, "export": 84951085}]