[{"date": "2018-10-01", "list": [{"import": 9704, "export": 0, "id": "IT"}, {"import": 2473, "export": 912, "id": "SI"}, {"import": 0, "export": 0, "id": "PK"}, {"import": 1075, "export": 0, "id": "DE"}, {"import": 659, "export": 0, "id": "NL"}, {"import": 0, "export": 0, "id": "ES"}, {"import": 0, "export": 0, "id": "HU"}, {"import": 0, "export": 0, "id": "AT"}, {"import": 0, "export": 0, "id": "-"}, {"import": 0, "export": 0, "id": "BA"}, {"import": 0, "export": 0, "id": "ME"}], "import": 13911, "export": 912}, {"date": "2018-11-01", "list": [{"import": 29957, "export": 0, "id": "IT"}, {"import": 1882, "export": 1358, "id": "SI"}, {"import": 0, "export": 0, "id": "PK"}, {"import": 2325, "export": 0, "id": "DE"}, {"import": 587, "export": 0, "id": "NL"}, {"import": 0, "export": 0, "id": "ES"}, {"import": 0, "export": 0, "id": "HU"}, {"import": 0, "export": 0, "id": "AT"}, {"import": 0, "export": 0, "id": "-"}, {"import": 0, "export": 0, "id": "BA"}, {"import": 0, "export": 0, "id": "ME"}], "import": 34751, "export": 1358}, {"date": "2018-12-01", "list": [{"import": 10927, "export": 0, "id": "IT"}, {"import": 2460, "export": 4625, "id": "SI"}, {"import": 0, "export": 0, "id": "PK"}, {"import": 1967, "export": 0, "id": "DE"}, {"import": 1920, "export": 0, "id": "NL"}, {"import": 0, "export": 0, "id": "ES"}, {"import": 0, "export": 0, "id": "HU"}, {"import": 0, "export": 0, "id": "AT"}, {"import": 0, "export": 0, "id": "-"}, {"import": 0, "export": 217, "id": "BA"}, {"import": 0, "export": 0, "id": "ME"}], "import": 17274, "export": 4842}, {"date": "2019-01-01", "list": [{"import": 11640, "export": 0, "id": "IT"}, {"import": 730, "export": 3156, "id": "SI"}, {"import": 0, "export": 0, "id": "PK"}, {"import": 1955, "export": 0, "id": "DE"}, {"import": 0, "export": 0, "id": "NL"}, {"import": 0, "export": 0, "id": "ES"}, {"import": 0, "export": 0, "id": "HU"}, {"import": 0, "export": 0, "id": "AT"}, {"import": 525, "export": 0, "id": "-"}, {"import": 0, "export": 0, "id": "BA"}, {"import": 0, "export": 0, "id": "ME"}], "import": 14850, "export": 3156}, {"date": "2019-02-01", "list": [{"import": 19313, "export": 0, "id": "IT"}, {"import": 3608, "export": 1799, "id": "SI"}, {"import": 0, "export": 0, "id": "PK"}, {"import": 2947, "export": 0, "id": "DE"}, {"import": 572, "export": 0, "id": "NL"}, {"import": 0, "export": 0, "id": "ES"}, {"import": 0, "export": 0, "id": "HU"}, {"import": 200, "export": 0, "id": "AT"}, {"import": 0, "export": 0, "id": "-"}, {"import": 0, "export": 468, "id": "BA"}, {"import": 0, "export": 0, "id": "ME"}], "import": 26640, "export": 2267}, {"date": "2019-03-01", "list": [{"import": 12291, "export": 0, "id": "IT"}, {"import": 5347, "export": 686, "id": "SI"}, {"import": 0, "export": 0, "id": "PK"}, {"import": 1944, "export": 0, "id": "DE"}, {"import": 517, "export": 0, "id": "NL"}, {"import": 0, "export": 0, "id": "ES"}, {"import": 0, "export": 0, "id": "HU"}, {"import": 0, "export": 0, "id": "AT"}, {"import": 0, "export": 0, "id": "-"}, {"import": 0, "export": 0, "id": "BA"}, {"import": 0, "export": 0, "id": "ME"}], "import": 20099, "export": 686}, {"date": "2019-04-01", "list": [{"import": 8659, "export": 0, "id": "IT"}, {"import": 6115, "export": 1164, "id": "SI"}, {"import": 12000, "export": 0, "id": "PK"}, {"import": 2489, "export": 0, "id": "DE"}, {"import": 2262, "export": 0, "id": "NL"}, {"import": 0, "export": 0, "id": "ES"}, {"import": 0, "export": 0, "id": "HU"}, {"import": 0, "export": 0, "id": "AT"}, {"import": 0, "export": 0, "id": "-"}, {"import": 0, "export": 499, "id": "BA"}, {"import": 0, "export": 180, "id": "ME"}], "import": 31525, "export": 1843}, {"date": "2019-05-01", "list": [{"import": 21092, "export": 0, "id": "IT"}, {"import": 30906, "export": 360, "id": "SI"}, {"import": 0, "export": 0, "id": "PK"}, {"import": 1755, "export": 0, "id": "DE"}, {"import": 744, "export": 0, "id": "NL"}, {"import": 2522, "export": 0, "id": "ES"}, {"import": 0, "export": 0, "id": "HU"}, {"import": 200, "export": 0, "id": "AT"}, {"import": 0, "export": 0, "id": "-"}, {"import": 0, "export": 0, "id": "BA"}, {"import": 0, "export": 0, "id": "ME"}], "import": 57219, "export": 360}, {"date": "2019-06-01", "list": [{"import": 19752, "export": 0, "id": "IT"}, {"import": 6158, "export": 1106, "id": "SI"}, {"import": 0, "export": 0, "id": "PK"}, {"import": 5157, "export": 0, "id": "DE"}, {"import": 1470, "export": 0, "id": "NL"}, {"import": 0, "export": 0, "id": "ES"}, {"import": 0, "export": 0, "id": "HU"}, {"import": 0, "export": 0, "id": "AT"}, {"import": 0, "export": 0, "id": "-"}, {"import": 0, "export": 0, "id": "BA"}, {"import": 0, "export": 0, "id": "ME"}], "import": 32537, "export": 1106}, {"date": "2019-07-01", "list": [{"import": 21833, "export": 0, "id": "IT"}, {"import": 7040, "export": 729, "id": "SI"}, {"import": 0, "export": 0, "id": "PK"}, {"import": 1187, "export": 0, "id": "DE"}, {"import": 1285, "export": 0, "id": "NL"}, {"import": 3362, "export": 0, "id": "ES"}, {"import": 1100, "export": 0, "id": "HU"}, {"import": 0, "export": 0, "id": "AT"}, {"import": 0, "export": 0, "id": "-"}, {"import": 0, "export": 234, "id": "BA"}, {"import": 0, "export": 225, "id": "ME"}], "import": 35807, "export": 1188}, {"date": "2019-08-01", "list": [{"import": 5658, "export": 0, "id": "IT"}, {"import": 2269, "export": 948, "id": "SI"}, {"import": 0, "export": 0, "id": "PK"}, {"import": 2008, "export": 0, "id": "DE"}, {"import": 225, "export": 0, "id": "NL"}, {"import": 0, "export": 0, "id": "ES"}, {"import": 0, "export": 0, "id": "HU"}, {"import": 0, "export": 0, "id": "AT"}, {"import": 0, "export": 0, "id": "-"}, {"import": 0, "export": 0, "id": "BA"}, {"import": 0, "export": 187, "id": "ME"}], "import": 10160, "export": 1135}, {"date": "2019-09-01", "list": [{"import": 18267, "export": 0, "id": "IT"}, {"import": 4152, "export": 720, "id": "SI"}, {"import": 0, "export": 0, "id": "PK"}, {"import": 3907, "export": 0, "id": "DE"}, {"import": 687, "export": 0, "id": "NL"}, {"import": 0, "export": 0, "id": "ES"}, {"import": 0, "export": 0, "id": "HU"}, {"import": 400, "export": 0, "id": "AT"}, {"import": 0, "export": 0, "id": "-"}, {"import": 0, "export": 0, "id": "BA"}, {"import": 0, "export": 0, "id": "ME"}], "import": 27413, "export": 720}, {"date": "2019-10-01", "list": [{"import": 20211, "export": 0, "id": "IT"}, {"import": 21260, "export": 1008, "id": "SI"}, {"import": 0, "export": 0, "id": "PK"}, {"import": 2099, "export": 0, "id": "DE"}, {"import": 499, "export": 0, "id": "NL"}, {"import": 0, "export": 0, "id": "ES"}, {"import": 700, "export": 0, "id": "HU"}, {"import": 0, "export": 0, "id": "AT"}, {"import": 0, "export": 0, "id": "-"}, {"import": 0, "export": 168, "id": "BA"}, {"import": 0, "export": 0, "id": "ME"}], "import": 44769, "export": 1176}, {"date": "2019-11-01", "list": [{"import": 10317, "export": 0, "id": "IT"}, {"import": 1404, "export": 624, "id": "SI"}, {"import": 0, "export": 0, "id": "PK"}, {"import": 1002, "export": 0, "id": "DE"}, {"import": 501, "export": 0, "id": "NL"}, {"import": 0, "export": 0, "id": "ES"}, {"import": 0, "export": 0, "id": "HU"}, {"import": 0, "export": 0, "id": "AT"}, {"import": 0, "export": 0, "id": "-"}, {"import": 0, "export": 0, "id": "BA"}, {"import": 0, "export": 0, "id": "ME"}], "import": 13224, "export": 624}, {"date": "2019-12-01", "list": [{"import": 33909, "export": 0, "id": "IT"}, {"import": 3096, "export": 1345, "id": "SI"}, {"import": 0, "export": 0, "id": "PK"}, {"import": 5004, "export": 0, "id": "DE"}, {"import": 282, "export": 0, "id": "NL"}, {"import": 0, "export": 0, "id": "ES"}, {"import": 1100, "export": 0, "id": "HU"}, {"import": 0, "export": 0, "id": "AT"}, {"import": 0, "export": 0, "id": "-"}, {"import": 0, "export": 238, "id": "BA"}, {"import": 0, "export": 0, "id": "ME"}], "import": 43391, "export": 1583}, {"date": "2020-01-01", "list": [{"import": 16716, "export": 0, "id": "IT"}, {"import": 1152, "export": 2053, "id": "SI"}, {"import": 0, "export": 0, "id": "PK"}, {"import": 3057, "export": 0, "id": "DE"}, {"import": 774, "export": 0, "id": "NL"}, {"import": 0, "export": 0, "id": "ES"}, {"import": 1150, "export": 0, "id": "HU"}, {"import": 0, "export": 0, "id": "AT"}, {"import": 0, "export": 0, "id": "-"}, {"import": 0, "export": 0, "id": "BA"}, {"import": 0, "export": 0, "id": "ME"}], "import": 22849, "export": 2053}, {"date": "2020-02-01", "list": [{"import": 18701, "export": 0, "id": "IT"}, {"import": 2281, "export": 924, "id": "SI"}, {"import": 3000, "export": 0, "id": "PK"}, {"import": 1700, "export": 0, "id": "DE"}, {"import": 1526, "export": 0, "id": "NL"}, {"import": 0, "export": 0, "id": "ES"}, {"import": 715, "export": 0, "id": "HU"}, {"import": 0, "export": 0, "id": "AT"}, {"import": 0, "export": 0, "id": "-"}, {"import": 0, "export": 156, "id": "BA"}, {"import": 0, "export": 0, "id": "ME"}], "import": 27923, "export": 1080}, {"date": "2020-03-01", "list": [{"import": 14880, "export": 0, "id": "IT"}, {"import": 3139, "export": 72, "id": "SI"}, {"import": 3000, "export": 0, "id": "PK"}, {"import": 1313, "export": 0, "id": "DE"}, {"import": 5549, "export": 0, "id": "NL"}, {"import": 0, "export": 0, "id": "ES"}, {"import": 0, "export": 0, "id": "HU"}, {"import": 0, "export": 0, "id": "AT"}, {"import": 0, "export": 0, "id": "-"}, {"import": 0, "export": 0, "id": "BA"}, {"import": 0, "export": 0, "id": "ME"}], "import": 27881, "export": 72}, {"date": "2020-04-01", "list": [{"import": 21494, "export": 0, "id": "IT"}, {"import": 4394, "export": 144, "id": "SI"}, {"import": 0, "export": 0, "id": "PK"}, {"import": 3647, "export": 0, "id": "DE"}, {"import": 993, "export": 0, "id": "NL"}, {"import": 3360, "export": 0, "id": "ES"}, {"import": 0, "export": 0, "id": "HU"}, {"import": 0, "export": 0, "id": "AT"}, {"import": 0, "export": 0, "id": "-"}, {"import": 0, "export": 342, "id": "BA"}, {"import": 0, "export": 168, "id": "ME"}], "import": 33888, "export": 654}, {"date": "2020-05-01", "list": [{"import": 10797, "export": 0, "id": "IT"}, {"import": 5725, "export": 108, "id": "SI"}, {"import": 3000, "export": 0, "id": "PK"}, {"import": 802, "export": 0, "id": "DE"}, {"import": 648, "export": 0, "id": "NL"}, {"import": 0, "export": 0, "id": "ES"}, {"import": 0, "export": 0, "id": "HU"}, {"import": 0, "export": 0, "id": "AT"}, {"import": 0, "export": 0, "id": "-"}, {"import": 0, "export": 0, "id": "BA"}, {"import": 0, "export": 0, "id": "ME"}], "import": 20972, "export": 108}]