[{"date": "2019-01-01", "list": [{"import": 1020, "export": 0, "id": "KR"}, {"import": 30, "export": 117, "id": "SG"}, {"import": 0, "export": 144070, "id": "FR"}, {"import": 0, "export": 23125, "id": "TG"}, {"import": 0, "export": 859, "id": "GE"}, {"import": 0, "export": 4, "id": "DE"}, {"import": 0, "export": 757, "id": "NL"}, {"import": 0, "export": 11, "id": "CA"}], "import": 1050, "export": 168943}, {"date": "2019-02-01", "list": [{"import": 1180, "export": 0, "id": "KR"}, {"import": 840, "export": 0, "id": "TH"}, {"import": 0, "export": 340850, "id": "FR"}, {"import": 0, "export": 24988, "id": "GR"}, {"import": 0, "export": 312000, "id": "IT"}, {"import": 0, "export": 3116, "id": "RU"}, {"import": 0, "export": 49, "id": "SG"}, {"import": 0, "export": 294000, "id": "NL"}, {"import": 0, "export": 1, "id": "CA"}], "import": 2020, "export": 975004}, {"date": "2019-03-01", "list": [{"import": 1200, "export": 0, "id": "KR"}, {"import": 696, "export": 0, "id": "TH"}, {"import": 0, "export": 20324, "id": "US"}, {"import": 0, "export": 435512, "id": "FR"}, {"import": 0, "export": 10, "id": "DE"}, {"import": 0, "export": 20000, "id": "IT"}, {"import": 0, "export": 36, "id": "SG"}, {"import": 0, "export": 922542, "id": "NL"}, {"import": 0, "export": 37762, "id": "NZ"}, {"import": 0, "export": 400, "id": "NO"}, {"import": 0, "export": 7, "id": "CA"}], "import": 1896, "export": 1436593}, {"date": "2019-04-01", "list": [{"import": 700, "export": 0, "id": "KR"}, {"import": 10001, "export": 0, "id": "TH"}, {"import": 0, "export": 18530, "id": "US"}, {"import": 0, "export": 294000, "id": "FR"}, {"import": 0, "export": 48000, "id": "GB"}, {"import": 0, "export": 2158171, "id": "TG"}, {"import": 0, "export": 656000, "id": "IT"}, {"import": 0, "export": 196300, "id": "RU"}, {"import": 0, "export": 94, "id": "SG"}, {"import": 0, "export": 1500, "id": "TW"}, {"import": 0, "export": 319500, "id": "NL"}, {"import": 0, "export": 45000, "id": "AU"}, {"import": 0, "export": 9210, "id": "KH"}, {"import": 0, "export": 11, "id": "CA"}], "import": 10701, "export": 3746316}, {"date": "2019-05-01", "list": [{"import": 252, "export": 0, "id": "KR"}, {"import": 6276, "export": 0, "id": "TH"}, {"import": 0, "export": 18507, "id": "US"}, {"import": 0, "export": 344000, "id": "FR"}, {"import": 0, "export": 50680, "id": "GB"}, {"import": 0, "export": 3000, "id": "SE"}, {"import": 0, "export": 1399385, "id": "TG"}, {"import": 0, "export": 120000, "id": "IT"}, {"import": 0, "export": 50000, "id": "RS"}, {"import": 0, "export": 4, "id": "SG"}, {"import": 0, "export": 23000, "id": "MY"}, {"import": 0, "export": 1620, "id": "TW"}, {"import": 0, "export": 245000, "id": "NL"}, {"import": 0, "export": 18785, "id": "NZ"}, {"import": 0, "export": 4, "id": "CA"}], "import": 6528, "export": 2273985}, {"date": "2019-06-01", "list": [{"import": 1715, "export": 52, "id": "KR"}, {"import": 0, "export": 60, "id": "SG"}, {"import": 3840, "export": 0, "id": "TH"}, {"import": 20639, "export": 0, "id": "US"}, {"import": 0, "export": 147000, "id": "PT"}, {"import": 0, "export": 266000, "id": "FR"}, {"import": 0, "export": 1788500, "id": "TG"}, {"import": 0, "export": 50000, "id": "RU"}, {"import": 0, "export": 25000, "id": "LT"}, {"import": 0, "export": 3000, "id": "TW"}, {"import": 0, "export": 196000, "id": "NL"}, {"import": 0, "export": 18833, "id": "NZ"}, {"import": 0, "export": 1010, "id": "NO"}, {"import": 0, "export": 343000, "id": "PL"}, {"import": 0, "export": 8, "id": "CA"}], "import": 26194, "export": 2838463}, {"date": "2019-07-01", "list": [{"import": 2161, "export": 0, "id": "KR"}, {"import": 0, "export": 82, "id": "SG"}, {"import": 2900, "export": 0, "id": "AE"}, {"import": 9, "export": 0, "id": "JP"}, {"import": 0, "export": 505507, "id": "PT"}, {"import": 0, "export": 18530, "id": "US"}, {"import": 0, "export": 439864, "id": "FR"}, {"import": 0, "export": 24000, "id": "GB"}, {"import": 0, "export": 674300, "id": "TG"}, {"import": 0, "export": 120750, "id": "NL"}, {"import": 0, "export": 18554, "id": "NZ"}, {"import": 0, "export": 49000, "id": "PL"}, {"import": 0, "export": 45000, "id": "AU"}, {"import": 0, "export": 100000, "id": "BE"}, {"import": 0, "export": 4384, "id": "CR"}], "import": 5070, "export": 1999971}, {"date": "2019-08-01", "list": [{"import": 330, "export": 32, "id": "KR"}, {"import": 6300, "export": 0, "id": "AE"}, {"import": 0, "export": 70300, "id": "US"}, {"import": 0, "export": 306990, "id": "FR"}, {"import": 0, "export": 18, "id": "DE"}, {"import": 0, "export": 490000, "id": "IT"}, {"import": 0, "export": 59, "id": "SG"}, {"import": 0, "export": 220000, "id": "NL"}, {"import": 0, "export": 18821, "id": "NZ"}, {"import": 0, "export": 8620, "id": "NO"}, {"import": 0, "export": 320500, "id": "PL"}, {"import": 0, "export": 45000, "id": "AU"}, {"import": 0, "export": 80000, "id": "BE"}, {"import": 0, "export": 75000, "id": "BA"}, {"import": 0, "export": 4, "id": "CA"}], "import": 6630, "export": 1635344}, {"date": "2019-10-01", "list": [{"import": 2776, "export": 1, "id": "KR"}, {"import": 5400, "export": 0, "id": "TH"}, {"import": 2275, "export": 0, "id": "AE"}, {"import": 6, "export": 0, "id": "JP"}, {"import": 0, "export": 37060, "id": "US"}, {"import": 0, "export": 530140, "id": "FR"}, {"import": 0, "export": 24000, "id": "GB"}, {"import": 0, "export": 202000, "id": "TG"}, {"import": 0, "export": 31500, "id": "GE"}, {"import": 0, "export": 2, "id": "DE"}, {"import": 0, "export": 25056, "id": "GR"}, {"import": 0, "export": 40, "id": "SG"}, {"import": 0, "export": 25000, "id": "LT"}, {"import": 0, "export": 3000, "id": "MY"}, {"import": 0, "export": 456450, "id": "NL"}, {"import": 0, "export": 18821, "id": "NZ"}, {"import": 0, "export": 692000, "id": "PL"}, {"import": 0, "export": 45000, "id": "AU"}, {"import": 0, "export": 200000, "id": "BE"}], "import": 10457, "export": 2290070}, {"date": "2019-11-01", "list": [{"import": 2380, "export": 0, "id": "KR"}, {"import": 7740, "export": 0, "id": "TH"}, {"import": 15, "export": 0, "id": "JP"}, {"import": 0, "export": 17880, "id": "US"}, {"import": 0, "export": 459560, "id": "FR"}, {"import": 0, "export": 24000, "id": "GB"}, {"import": 0, "export": 423000, "id": "TG"}, {"import": 0, "export": 70000, "id": "BF"}, {"import": 0, "export": 265000, "id": "IT"}, {"import": 0, "export": 25, "id": "SG"}, {"import": 0, "export": 46000, "id": "MY"}, {"import": 0, "export": 98000, "id": "NL"}, {"import": 0, "export": 18821, "id": "NZ"}, {"import": 0, "export": 1298500, "id": "PL"}, {"import": 0, "export": 100000, "id": "BE"}, {"import": 0, "export": 50000, "id": "BA"}, {"import": 0, "export": 3500, "id": "BG"}, {"import": 0, "export": 46, "id": "CA"}], "import": 10135, "export": 2874332}, {"date": "2019-12-01", "list": [{"import": 2344, "export": 4500000, "id": "KR"}, {"import": 1400, "export": 0, "id": "AE"}, {"import": 0, "export": 9080, "id": "US"}, {"import": 0, "export": 237262, "id": "FR"}, {"import": 0, "export": 1000, "id": "GB"}, {"import": 0, "export": 1000, "id": "ES"}, {"import": 0, "export": 1000, "id": "SE"}, {"import": 0, "export": 196878, "id": "TG"}, {"import": 0, "export": 10000, "id": "TR"}, {"import": 0, "export": 24, "id": "DE"}, {"import": 0, "export": 4, "id": "JP"}, {"import": 0, "export": 125000, "id": "RO"}, {"import": 0, "export": 250, "id": "RS"}, {"import": 0, "export": 86, "id": "SG"}, {"import": 0, "export": 138600, "id": "NL"}, {"import": 0, "export": 18821, "id": "NZ"}, {"import": 0, "export": 4, "id": "CA"}], "import": 3744, "export": 5239009}, {"date": "2020-01-01", "list": [{"import": 2994, "export": 61500000, "id": "KR"}, {"import": 4200, "export": 0, "id": "TH"}, {"import": 0, "export": 98000, "id": "PT"}, {"import": 0, "export": 20000, "id": "GB"}, {"import": 0, "export": 313800, "id": "TG"}, {"import": 0, "export": 2, "id": "DE"}, {"import": 0, "export": 116000, "id": "IT"}, {"import": 0, "export": 37, "id": "SG"}, {"import": 0, "export": 265000, "id": "NL"}, {"import": 0, "export": 18821, "id": "NZ"}, {"import": 0, "export": 13503, "id": "AU"}, {"import": 0, "export": 100000, "id": "BE"}, {"import": 0, "export": 400, "id": "BA"}, {"import": 0, "export": 1020, "id": "-"}], "import": 7194, "export": 62446583}, {"date": "2020-02-01", "list": [{"import": 1580, "export": 22000000, "id": "KR"}, {"import": 0, "export": 71900, "id": "PT"}, {"import": 0, "export": 190008, "id": "FR"}, {"import": 0, "export": 24000, "id": "GB"}, {"import": 0, "export": 0, "id": "DE"}, {"import": 0, "export": 24194, "id": "GR"}, {"import": 0, "export": 56, "id": "SG"}, {"import": 0, "export": 245000, "id": "NL"}, {"import": 0, "export": 514500, "id": "PL"}, {"import": 0, "export": 120000, "id": "BE"}], "import": 1580, "export": 23189658}, {"date": "2020-04-01", "list": [{"import": 2050, "export": 0, "id": "KR"}, {"import": 15, "export": 0, "id": "JP"}, {"import": 0, "export": 260740, "id": "US"}, {"import": 0, "export": 619000, "id": "FR"}, {"import": 0, "export": 24000, "id": "GB"}, {"import": 0, "export": 312000, "id": "IT"}, {"import": 0, "export": 46000, "id": "MY"}, {"import": 0, "export": 280, "id": "TW"}, {"import": 0, "export": 270500, "id": "NL"}, {"import": 0, "export": 686000, "id": "PL"}, {"import": 0, "export": 2880, "id": "AU"}, {"import": 0, "export": 4, "id": "CA"}], "import": 2065, "export": 2221404}, {"date": "2020-05-01", "list": [{"import": 490, "export": 29, "id": "KR"}, {"import": 1, "export": 7, "id": "DE"}, {"import": 0, "export": 75688, "id": "US"}, {"import": 0, "export": 43000, "id": "FR"}, {"import": 0, "export": 163, "id": "SG"}, {"import": 0, "export": 501, "id": "TW"}, {"import": 0, "export": 39686, "id": "NZ"}, {"import": 0, "export": 1, "id": "CA"}], "import": 491, "export": 159075}, {"date": "2020-06-01", "list": [{"import": 681, "export": 0, "id": "KR"}, {"import": 499, "export": 127, "id": "TW"}, {"import": 0, "export": 22, "id": "SG"}, {"import": 2400, "export": 0, "id": "TH"}, {"import": 3, "export": 0, "id": "DE"}, {"import": 0, "export": 196000, "id": "PT"}, {"import": 0, "export": 119592, "id": "US"}, {"import": 0, "export": 672014, "id": "FR"}, {"import": 0, "export": 25002, "id": "GR"}, {"import": 0, "export": 25450, "id": "RU"}, {"import": 0, "export": 392000, "id": "NL"}, {"import": 0, "export": 56462, "id": "NZ"}, {"import": 0, "export": 1200500, "id": "PL"}, {"import": 0, "export": 25000, "id": "AU"}, {"import": 0, "export": 1, "id": "CA"}], "import": 3583, "export": 2712170}, {"date": "2020-07-01", "list": [{"import": 105, "export": 5, "id": "KR"}, {"import": 2, "export": 30, "id": "DE"}, {"import": 0, "export": 98000, "id": "PT"}, {"import": 0, "export": 538632, "id": "US"}, {"import": 0, "export": 758080, "id": "FR"}, {"import": 0, "export": 4060, "id": "GB"}, {"import": 0, "export": 300, "id": "JP"}, {"import": 0, "export": 392400, "id": "NL"}, {"import": 0, "export": 1495000, "id": "PL"}, {"import": 0, "export": 31000, "id": "AU"}], "import": 107, "export": 3317507}, {"date": "2020-08-01", "list": [{"import": 340, "export": 4500020, "id": "KR"}, {"import": 0, "export": 1372000, "id": "PT"}, {"import": 0, "export": 468805, "id": "US"}, {"import": 0, "export": 387032, "id": "FR"}, {"import": 0, "export": 26000, "id": "GB"}, {"import": 0, "export": 20000, "id": "ES"}], "import": 340, "export": 6773857}, {"date": "2019-09-01", "list": [{"import": 0, "export": 39, "id": "SG"}, {"import": 5400, "export": 0, "id": "TH"}, {"import": 2660, "export": 0, "id": "AE"}, {"import": 0, "export": 56493, "id": "PT"}, {"import": 0, "export": 52740, "id": "US"}, {"import": 0, "export": 169000, "id": "TG"}, {"import": 0, "export": 5000, "id": "TR"}, {"import": 0, "export": 48127, "id": "BF"}, {"import": 0, "export": 1911000, "id": "IT"}, {"import": 0, "export": 298600, "id": "NL"}, {"import": 0, "export": 16059, "id": "PH"}, {"import": 0, "export": 713500, "id": "PL"}, {"import": 0, "export": 16000, "id": "AU"}], "import": 8060, "export": 3286558}, {"date": "2020-03-01", "list": [{"import": 5808, "export": 0, "id": "TH"}, {"import": 47990, "export": 48000, "id": "IT"}, {"import": 0, "export": 83524, "id": "US"}, {"import": 0, "export": 451000, "id": "FR"}, {"import": 0, "export": 24000, "id": "GB"}, {"import": 0, "export": 46800, "id": "TG"}, {"import": 0, "export": 500, "id": "RS"}, {"import": 0, "export": 91, "id": "SG"}, {"import": 0, "export": 971, "id": "TW"}, {"import": 0, "export": 170500, "id": "NL"}, {"import": 0, "export": 122500, "id": "PL"}, {"import": 0, "export": 28380, "id": "AU"}, {"import": 0, "export": 3, "id": "CA"}], "import": 53798, "export": 976269}]