[{"date": "2017-05-01", "list": [{"import": 63724, "export": 0, "id": "US"}, {"import": 672, "export": 0, "id": "IT"}, {"import": 0, "export": 0, "id": "TH"}, {"import": 0, "export": 0, "id": "CN"}, {"import": 0, "export": 0, "id": "CU"}, {"import": 0, "export": 0, "id": "DE"}, {"import": 0, "export": 0, "id": "VE"}], "import": 64396, "export": 0}, {"date": "2017-06-01", "list": [{"import": 7726, "export": 0, "id": "US"}, {"import": 0, "export": 0, "id": "IT"}, {"import": 0, "export": 0, "id": "TH"}, {"import": 0, "export": 0, "id": "CN"}, {"import": 0, "export": 0, "id": "CU"}, {"import": 0, "export": 0, "id": "DE"}, {"import": 0, "export": 605880, "id": "VE"}], "import": 7726, "export": 605880}, {"date": "2017-07-01", "list": [{"import": 8301, "export": 0, "id": "US"}, {"import": 0, "export": 0, "id": "IT"}, {"import": 0, "export": 0, "id": "TH"}, {"import": 0, "export": 0, "id": "CN"}, {"import": 0, "export": 0, "id": "CU"}, {"import": 0, "export": 0, "id": "DE"}, {"import": 0, "export": 1426710, "id": "VE"}], "import": 8301, "export": 1426710}, {"date": "2017-08-01", "list": [{"import": 36171, "export": 0, "id": "US"}, {"import": 672, "export": 0, "id": "IT"}, {"import": 10057, "export": 0, "id": "TH"}, {"import": 0, "export": 0, "id": "CN"}, {"import": 0, "export": 0, "id": "CU"}, {"import": 0, "export": 0, "id": "DE"}, {"import": 0, "export": 519903, "id": "VE"}], "import": 46900, "export": 519903}, {"date": "2017-09-01", "list": [{"import": 3198, "export": 0, "id": "US"}, {"import": 0, "export": 0, "id": "IT"}, {"import": 0, "export": 0, "id": "TH"}, {"import": 0, "export": 0, "id": "CN"}, {"import": 0, "export": 0, "id": "CU"}, {"import": 0, "export": 0, "id": "DE"}, {"import": 0, "export": 4173, "id": "VE"}], "import": 3198, "export": 4173}, {"date": "2017-10-01", "list": [{"import": 14964, "export": 0, "id": "US"}, {"import": 0, "export": 0, "id": "IT"}, {"import": 0, "export": 0, "id": "TH"}, {"import": 0, "export": 0, "id": "CN"}, {"import": 0, "export": 216, "id": "CU"}, {"import": 0, "export": 0, "id": "DE"}, {"import": 0, "export": 0, "id": "VE"}], "import": 14964, "export": 216}, {"date": "2017-11-01", "list": [{"import": 11050, "export": 0, "id": "US"}, {"import": 0, "export": 0, "id": "IT"}, {"import": 0, "export": 0, "id": "TH"}, {"import": 0, "export": 0, "id": "CN"}, {"import": 0, "export": 0, "id": "CU"}, {"import": 0, "export": 0, "id": "DE"}, {"import": 0, "export": 0, "id": "VE"}], "import": 11050, "export": 0}, {"date": "2017-12-01", "list": [{"import": 3198, "export": 0, "id": "US"}, {"import": 1248, "export": 0, "id": "IT"}, {"import": 0, "export": 0, "id": "TH"}, {"import": 0, "export": 0, "id": "CN"}, {"import": 0, "export": 215, "id": "CU"}, {"import": 0, "export": 0, "id": "DE"}, {"import": 0, "export": 0, "id": "VE"}], "import": 4446, "export": 215}, {"date": "2018-01-01", "list": [{"import": 9078, "export": 0, "id": "US"}, {"import": 0, "export": 0, "id": "IT"}, {"import": 0, "export": 0, "id": "TH"}, {"import": 0, "export": 0, "id": "CN"}, {"import": 0, "export": 0, "id": "CU"}, {"import": 0, "export": 0, "id": "DE"}, {"import": 0, "export": 0, "id": "VE"}], "import": 9078, "export": 0}, {"date": "2018-02-01", "list": [{"import": 7281, "export": 0, "id": "US"}, {"import": 384, "export": 0, "id": "IT"}, {"import": 0, "export": 0, "id": "TH"}, {"import": 0, "export": 0, "id": "CN"}, {"import": 0, "export": 0, "id": "CU"}, {"import": 0, "export": 65946, "id": "DE"}, {"import": 0, "export": 0, "id": "VE"}], "import": 7665, "export": 65946}, {"date": "2018-03-01", "list": [{"import": 12376, "export": 0, "id": "US"}, {"import": 0, "export": 0, "id": "IT"}, {"import": 0, "export": 0, "id": "TH"}, {"import": 0, "export": 0, "id": "CN"}, {"import": 0, "export": 0, "id": "CU"}, {"import": 0, "export": 0, "id": "DE"}, {"import": 0, "export": 0, "id": "VE"}], "import": 12376, "export": 0}, {"date": "2018-04-01", "list": [{"import": 9268, "export": 0, "id": "US"}, {"import": 0, "export": 0, "id": "IT"}, {"import": 0, "export": 0, "id": "TH"}, {"import": 0, "export": 0, "id": "CN"}, {"import": 0, "export": 0, "id": "CU"}, {"import": 0, "export": 0, "id": "DE"}, {"import": 0, "export": 0, "id": "VE"}], "import": 9268, "export": 0}, {"date": "2018-05-01", "list": [{"import": 16243, "export": 0, "id": "US"}, {"import": 0, "export": 0, "id": "IT"}, {"import": 0, "export": 0, "id": "TH"}, {"import": 0, "export": 0, "id": "CN"}, {"import": 0, "export": 0, "id": "CU"}, {"import": 0, "export": 0, "id": "DE"}, {"import": 0, "export": 0, "id": "VE"}], "import": 16243, "export": 0}, {"date": "2018-06-01", "list": [{"import": 2679, "export": 0, "id": "US"}, {"import": 768, "export": 0, "id": "IT"}, {"import": 0, "export": 0, "id": "TH"}, {"import": 0, "export": 0, "id": "CN"}, {"import": 0, "export": 0, "id": "CU"}, {"import": 0, "export": 0, "id": "DE"}, {"import": 0, "export": 0, "id": "VE"}], "import": 3447, "export": 0}, {"date": "2018-07-01", "list": [{"import": 6794, "export": 0, "id": "US"}, {"import": 0, "export": 0, "id": "IT"}, {"import": 1887, "export": 0, "id": "TH"}, {"import": 0, "export": 500, "id": "CN"}, {"import": 0, "export": 0, "id": "CU"}, {"import": 0, "export": 0, "id": "DE"}, {"import": 0, "export": 0, "id": "VE"}], "import": 8681, "export": 500}, {"date": "2018-08-01", "list": [{"import": 6027, "export": 0, "id": "US"}, {"import": 864, "export": 0, "id": "IT"}, {"import": 943, "export": 0, "id": "TH"}, {"import": 0, "export": 0, "id": "CN"}, {"import": 0, "export": 0, "id": "CU"}, {"import": 0, "export": 0, "id": "DE"}, {"import": 0, "export": 0, "id": "VE"}], "import": 7834, "export": 0}, {"date": "2018-09-01", "list": [{"import": 5128, "export": 0, "id": "US"}, {"import": 480, "export": 0, "id": "IT"}, {"import": 0, "export": 0, "id": "TH"}, {"import": 0, "export": 0, "id": "CN"}, {"import": 0, "export": 0, "id": "CU"}, {"import": 0, "export": 0, "id": "DE"}, {"import": 0, "export": 0, "id": "VE"}], "import": 5608, "export": 0}, {"date": "2018-10-01", "list": [{"import": 8352, "export": 0, "id": "US"}, {"import": 480, "export": 0, "id": "IT"}, {"import": 0, "export": 0, "id": "TH"}, {"import": 0, "export": 0, "id": "CN"}, {"import": 0, "export": 0, "id": "CU"}, {"import": 0, "export": 0, "id": "DE"}, {"import": 0, "export": 0, "id": "VE"}], "import": 8832, "export": 0}]