[{"date": "2019-01-01", "list": [{"import": 0, "export": 0, "id": "US"}, {"import": 12, "export": 0, "id": "IT"}, {"import": 0, "export": 0, "id": "IN"}, {"import": 3, "export": 0, "id": "ES"}, {"import": 0, "export": 0, "id": "CO"}, {"import": 0, "export": 0, "id": "FR"}, {"import": 0, "export": 0, "id": "PE"}, {"import": 0, "export": 0, "id": "TG"}], "import": 15, "export": 0}, {"date": "2019-02-01", "list": [{"import": 5, "export": 0, "id": "US"}, {"import": 0, "export": 0, "id": "IT"}, {"import": 0, "export": 0, "id": "IN"}, {"import": 0, "export": 0, "id": "ES"}, {"import": 0, "export": 1615, "id": "CO"}, {"import": 0, "export": 0, "id": "FR"}, {"import": 0, "export": 0, "id": "PE"}, {"import": 0, "export": 0, "id": "TG"}], "import": 5, "export": 1615}, {"date": "2019-03-01", "list": [{"import": 18, "export": 0, "id": "US"}, {"import": 0, "export": 0, "id": "IT"}, {"import": 0, "export": 0, "id": "IN"}, {"import": 0, "export": 0, "id": "ES"}, {"import": 0, "export": 7598, "id": "CO"}, {"import": 0, "export": 0, "id": "FR"}, {"import": 0, "export": 0, "id": "PE"}, {"import": 0, "export": 0, "id": "TG"}], "import": 18, "export": 7598}, {"date": "2019-04-01", "list": [{"import": 42, "export": 0, "id": "US"}, {"import": 13, "export": 0, "id": "IT"}, {"import": 0, "export": 0, "id": "IN"}, {"import": 0, "export": 0, "id": "ES"}, {"import": 0, "export": 1280, "id": "CO"}, {"import": 0, "export": 0, "id": "FR"}, {"import": 0, "export": 0, "id": "PE"}, {"import": 0, "export": 0, "id": "TG"}], "import": 55, "export": 1280}, {"date": "2019-05-01", "list": [{"import": 0, "export": 0, "id": "US"}, {"import": 0, "export": 0, "id": "IT"}, {"import": 0, "export": 0, "id": "IN"}, {"import": 0, "export": 0, "id": "ES"}, {"import": 0, "export": 3764, "id": "CO"}, {"import": 0, "export": 0, "id": "FR"}, {"import": 0, "export": 0, "id": "PE"}, {"import": 0, "export": 0, "id": "TG"}], "import": 0, "export": 3764}, {"date": "2019-06-01", "list": [{"import": 0, "export": 0, "id": "US"}, {"import": 0, "export": 0, "id": "IT"}, {"import": 1, "export": 0, "id": "IN"}, {"import": 1, "export": 0, "id": "ES"}, {"import": 0, "export": 500, "id": "CO"}, {"import": 0, "export": 0, "id": "FR"}, {"import": 0, "export": 0, "id": "PE"}, {"import": 0, "export": 0, "id": "TG"}], "import": 2, "export": 500}, {"date": "2019-07-01", "list": [{"import": 20, "export": 0, "id": "US"}, {"import": 14, "export": 0, "id": "IT"}, {"import": 0, "export": 0, "id": "IN"}, {"import": 0, "export": 0, "id": "ES"}, {"import": 0, "export": 0, "id": "CO"}, {"import": 0, "export": 0, "id": "FR"}, {"import": 0, "export": 0, "id": "PE"}, {"import": 0, "export": 0, "id": "TG"}], "import": 34, "export": 0}, {"date": "2019-08-01", "list": [{"import": 0, "export": 0, "id": "US"}, {"import": 5, "export": 0, "id": "IT"}, {"import": 0, "export": 0, "id": "IN"}, {"import": 0, "export": 0, "id": "ES"}, {"import": 0, "export": 0, "id": "CO"}, {"import": 0, "export": 0, "id": "FR"}, {"import": 0, "export": 0, "id": "PE"}, {"import": 0, "export": 0, "id": "TG"}], "import": 5, "export": 0}, {"date": "2019-09-01", "list": [{"import": 41, "export": 0, "id": "US"}, {"import": 0, "export": 0, "id": "IT"}, {"import": 0, "export": 0, "id": "IN"}, {"import": 0, "export": 0, "id": "ES"}, {"import": 0, "export": 0, "id": "CO"}, {"import": 0, "export": 0, "id": "FR"}, {"import": 0, "export": 0, "id": "PE"}, {"import": 0, "export": 0, "id": "TG"}], "import": 41, "export": 0}, {"date": "2019-10-01", "list": [{"import": 19, "export": 0, "id": "US"}, {"import": 0, "export": 0, "id": "IT"}, {"import": 0, "export": 0, "id": "IN"}, {"import": 0, "export": 0, "id": "ES"}, {"import": 0, "export": 0, "id": "CO"}, {"import": 0, "export": 0, "id": "FR"}, {"import": 0, "export": 0, "id": "PE"}, {"import": 0, "export": 0, "id": "TG"}], "import": 19, "export": 0}, {"date": "2018-05-01", "list": [{"import": 0, "export": 4999, "id": "CO"}, {"import": 0, "export": 1, "id": "FR"}, {"import": 0, "export": 0, "id": "IT"}, {"import": 0, "export": 12, "id": "PE"}, {"import": 0, "export": 0, "id": "ES"}, {"import": 0, "export": 0, "id": "TG"}], "import": 0, "export": 5012}, {"date": "2018-06-01", "list": [{"import": 0, "export": 8973, "id": "CO"}, {"import": 0, "export": 0, "id": "FR"}, {"import": 0, "export": 0, "id": "IT"}, {"import": 0, "export": 60, "id": "PE"}, {"import": 0, "export": 0, "id": "ES"}, {"import": 0, "export": 0, "id": "TG"}], "import": 0, "export": 9033}, {"date": "2018-07-01", "list": [{"import": 0, "export": 0, "id": "CO"}, {"import": 0, "export": 0, "id": "FR"}, {"import": 0, "export": 6, "id": "IT"}, {"import": 0, "export": 37, "id": "PE"}, {"import": 0, "export": 0, "id": "ES"}, {"import": 0, "export": 121, "id": "TG"}], "import": 0, "export": 164}, {"date": "2018-08-01", "list": [{"import": 0, "export": 0, "id": "CO"}, {"import": 0, "export": 0, "id": "FR"}, {"import": 0, "export": 0, "id": "IT"}, {"import": 0, "export": 9, "id": "PE"}, {"import": 0, "export": 0, "id": "ES"}, {"import": 0, "export": 20, "id": "TG"}], "import": 0, "export": 29}, {"date": "2018-09-01", "list": [{"import": 0, "export": 0, "id": "CO"}, {"import": 0, "export": 0, "id": "FR"}, {"import": 0, "export": 0, "id": "IT"}, {"import": 0, "export": 19, "id": "PE"}, {"import": 0, "export": 0, "id": "ES"}, {"import": 0, "export": 0, "id": "TG"}], "import": 0, "export": 19}, {"date": "2018-10-01", "list": [{"import": 0, "export": 0, "id": "CO"}, {"import": 0, "export": 0, "id": "FR"}, {"import": 0, "export": 0, "id": "IT"}, {"import": 0, "export": 36, "id": "PE"}, {"import": 0, "export": 0, "id": "ES"}, {"import": 0, "export": 0, "id": "TG"}], "import": 0, "export": 36}, {"date": "2018-11-01", "list": [{"import": 0, "export": 0, "id": "CO"}, {"import": 0, "export": 0, "id": "FR"}, {"import": 0, "export": 0, "id": "IT"}, {"import": 0, "export": 36, "id": "PE"}, {"import": 0, "export": 1, "id": "ES"}, {"import": 0, "export": 0, "id": "TG"}], "import": 0, "export": 37}, {"date": "2018-12-01", "list": [{"import": 0, "export": 8232, "id": "CO"}, {"import": 0, "export": 0, "id": "FR"}, {"import": 0, "export": 0, "id": "IT"}, {"import": 0, "export": 16, "id": "PE"}, {"import": 0, "export": 0, "id": "ES"}, {"import": 0, "export": 0, "id": "TG"}], "import": 0, "export": 8248}]