[{"date": "2018-12-01", "list": [{"import": 1579, "export": 2, "id": "IT"}, {"import": 28, "export": 0, "id": "PK"}, {"import": 353, "export": 0, "id": "UY"}, {"import": 448, "export": 12, "id": "BE"}, {"import": 569, "export": 0, "id": "IN"}, {"import": 26, "export": 15, "id": "ES"}, {"import": 129, "export": 0, "id": "TH"}, {"import": 49, "export": 2, "id": "HU"}, {"import": 14, "export": 116, "id": "FR"}, {"import": 61, "export": 123, "id": "NL"}, {"import": 0, "export": 0, "id": "AU"}, {"import": 0, "export": 0, "id": "VN"}, {"import": 1, "export": 5, "id": "GR"}, {"import": 0, "export": 0, "id": "IR"}, {"import": 1, "export": 0, "id": "RU"}, {"import": 39, "export": 0, "id": "KH"}, {"import": 21, "export": 32, "id": "GB"}, {"import": 3, "export": 0, "id": "LK"}, {"import": 9, "export": 104, "id": "AT"}, {"import": 0, "export": 0, "id": "-"}, {"import": 0, "export": 0, "id": "JP"}, {"import": 0, "export": 0, "id": "KR"}, {"import": 0, "export": 0, "id": "MX"}, {"import": 0, "export": 17, "id": "DK"}, {"import": 0, "export": 0, "id": "GY"}, {"import": 0, "export": 0, "id": "BD"}, {"import": 0, "export": 0, "id": "AR"}, {"import": 2, "export": 0, "id": "CN"}, {"import": 0, "export": 0, "id": "BR"}, {"import": 0, "export": 0, "id": "MM"}, {"import": 325, "export": 0, "id": "PY"}, {"import": 22, "export": 577, "id": "PL"}, {"import": 0, "export": 1, "id": "PT"}, {"import": 0, "export": 0, "id": "AE"}, {"import": 505, "export": 0, "id": "TR"}, {"import": 0, "export": 0, "id": "MK"}, {"import": 0, "export": 0, "id": "EG"}, {"import": 0, "export": 11, "id": "CH"}, {"import": 0, "export": 0, "id": "SG"}, {"import": 27, "export": 0, "id": "US"}, {"import": 0, "export": 9, "id": "SE"}, {"import": 0, "export": 2, "id": "KW"}, {"import": 0, "export": 2, "id": "LU"}, {"import": 0, "export": 0, "id": "GH"}, {"import": 0, "export": 3, "id": "HR"}, {"import": 0, "export": 7, "id": "IE"}, {"import": 0, "export": 0, "id": "SA"}, {"import": 0, "export": 0, "id": "SK"}, {"import": 0, "export": 0, "id": "NG"}, {"import": 0, "export": 0, "id": "NO"}, {"import": 0, "export": 0, "id": "VE"}, {"import": 0, "export": 0, "id": "ML"}, {"import": 0, "export": 0, "id": "LV"}, {"import": 0, "export": 1, "id": "LT"}, {"import": 0, "export": 1, "id": "RO"}, {"import": 0, "export": 0, "id": "RW"}, {"import": 0, "export": 0, "id": "KE"}, {"import": 0, "export": 0, "id": "IS"}, {"import": 0, "export": 0, "id": "EE"}, {"import": 0, "export": 12, "id": "FI"}, {"import": 0, "export": 0, "id": "BH"}, {"import": 0, "export": 0, "id": "BG"}, {"import": 0, "export": 0, "id": "CL"}, {"import": 0, "export": 1, "id": "SI"}, {"import": 0, "export": 0, "id": "ZA"}], "import": 4211, "export": 1060}, {"date": "2019-01-01", "list": [{"import": 1127, "export": 1, "id": "IT"}, {"import": 108, "export": 0, "id": "PK"}, {"import": 447, "export": 0, "id": "UY"}, {"import": 341, "export": 4, "id": "BE"}, {"import": 827, "export": 0, "id": "IN"}, {"import": 129, "export": 15, "id": "ES"}, {"import": 1575, "export": 0, "id": "TH"}, {"import": 99, "export": 1, "id": "HU"}, {"import": 71, "export": 58, "id": "FR"}, {"import": 116, "export": 250, "id": "NL"}, {"import": 0, "export": 0, "id": "AU"}, {"import": 4, "export": 0, "id": "VN"}, {"import": 11, "export": 3, "id": "GR"}, {"import": 0, "export": 0, "id": "IR"}, {"import": 0, "export": 0, "id": "RU"}, {"import": 110, "export": 0, "id": "KH"}, {"import": 45, "export": 2, "id": "GB"}, {"import": 4, "export": 0, "id": "LK"}, {"import": 1, "export": 60, "id": "AT"}, {"import": 0, "export": 0, "id": "-"}, {"import": 0, "export": 0, "id": "JP"}, {"import": 1, "export": 0, "id": "KR"}, {"import": 0, "export": 0, "id": "MX"}, {"import": 3, "export": 24, "id": "DK"}, {"import": 1820, "export": 0, "id": "GY"}, {"import": 0, "export": 0, "id": "BD"}, {"import": 0, "export": 0, "id": "AR"}, {"import": 0, "export": 0, "id": "CN"}, {"import": 0, "export": 0, "id": "BR"}, {"import": 0, "export": 0, "id": "MM"}, {"import": 1322, "export": 0, "id": "PY"}, {"import": 9, "export": 78, "id": "PL"}, {"import": 0, "export": 1, "id": "PT"}, {"import": 0, "export": 0, "id": "AE"}, {"import": 745, "export": 0, "id": "TR"}, {"import": 0, "export": 0, "id": "MK"}, {"import": 0, "export": 0, "id": "EG"}, {"import": 0, "export": 7, "id": "CH"}, {"import": 0, "export": 0, "id": "SG"}, {"import": 7, "export": 0, "id": "US"}, {"import": 0, "export": 12, "id": "SE"}, {"import": 0, "export": 4, "id": "KW"}, {"import": 0, "export": 2, "id": "LU"}, {"import": 0, "export": 0, "id": "GH"}, {"import": 0, "export": 1, "id": "HR"}, {"import": 0, "export": 4, "id": "IE"}, {"import": 0, "export": 0, "id": "SA"}, {"import": 0, "export": 2, "id": "SK"}, {"import": 0, "export": 0, "id": "NG"}, {"import": 0, "export": 0, "id": "NO"}, {"import": 0, "export": 0, "id": "VE"}, {"import": 0, "export": 0, "id": "ML"}, {"import": 0, "export": 1, "id": "LV"}, {"import": 0, "export": 1, "id": "LT"}, {"import": 0, "export": 1, "id": "RO"}, {"import": 0, "export": 0, "id": "RW"}, {"import": 0, "export": 0, "id": "KE"}, {"import": 0, "export": 1, "id": "IS"}, {"import": 0, "export": 9, "id": "EE"}, {"import": 0, "export": 12, "id": "FI"}, {"import": 0, "export": 0, "id": "BH"}, {"import": 0, "export": 0, "id": "BG"}, {"import": 0, "export": 0, "id": "CL"}, {"import": 0, "export": 6, "id": "SI"}, {"import": 0, "export": 0, "id": "ZA"}], "import": 8922, "export": 569}, {"date": "2019-02-01", "list": [{"import": 1103, "export": 4, "id": "IT"}, {"import": 167, "export": 0, "id": "PK"}, {"import": 1036, "export": 0, "id": "UY"}, {"import": 335, "export": 7, "id": "BE"}, {"import": 184, "export": 0, "id": "IN"}, {"import": 46, "export": 24, "id": "ES"}, {"import": 117, "export": 0, "id": "TH"}, {"import": 72, "export": 5, "id": "HU"}, {"import": 5, "export": 72, "id": "FR"}, {"import": 176, "export": 73, "id": "NL"}, {"import": 0, "export": 0, "id": "AU"}, {"import": 0, "export": 0, "id": "VN"}, {"import": 12, "export": 2, "id": "GR"}, {"import": 0, "export": 0, "id": "IR"}, {"import": 0, "export": 0, "id": "RU"}, {"import": 94, "export": 0, "id": "KH"}, {"import": 22, "export": 3, "id": "GB"}, {"import": 15, "export": 0, "id": "LK"}, {"import": 3, "export": 50, "id": "AT"}, {"import": 23, "export": 0, "id": "-"}, {"import": 0, "export": 0, "id": "JP"}, {"import": 0, "export": 0, "id": "KR"}, {"import": 0, "export": 0, "id": "MX"}, {"import": 3, "export": 22, "id": "DK"}, {"import": 0, "export": 0, "id": "GY"}, {"import": 3, "export": 0, "id": "BD"}, {"import": 0, "export": 0, "id": "AR"}, {"import": 16, "export": 0, "id": "CN"}, {"import": 0, "export": 0, "id": "BR"}, {"import": 0, "export": 0, "id": "MM"}, {"import": 0, "export": 0, "id": "PY"}, {"import": 7, "export": 2, "id": "PL"}, {"import": 0, "export": 1, "id": "PT"}, {"import": 0, "export": 0, "id": "AE"}, {"import": 3, "export": 0, "id": "TR"}, {"import": 0, "export": 0, "id": "MK"}, {"import": 0, "export": 0, "id": "EG"}, {"import": 0, "export": 7, "id": "CH"}, {"import": 0, "export": 0, "id": "SG"}, {"import": 33, "export": 0, "id": "US"}, {"import": 0, "export": 12, "id": "SE"}, {"import": 0, "export": 7, "id": "KW"}, {"import": 0, "export": 2, "id": "LU"}, {"import": 0, "export": 0, "id": "GH"}, {"import": 0, "export": 5, "id": "HR"}, {"import": 0, "export": 6, "id": "IE"}, {"import": 0, "export": 1, "id": "SA"}, {"import": 0, "export": 1, "id": "SK"}, {"import": 0, "export": 0, "id": "NG"}, {"import": 0, "export": 0, "id": "NO"}, {"import": 0, "export": 0, "id": "VE"}, {"import": 0, "export": 0, "id": "ML"}, {"import": 0, "export": 0, "id": "LV"}, {"import": 0, "export": 1, "id": "LT"}, {"import": 0, "export": 1, "id": "RO"}, {"import": 0, "export": 0, "id": "RW"}, {"import": 0, "export": 0, "id": "KE"}, {"import": 0, "export": 2, "id": "IS"}, {"import": 0, "export": 12, "id": "EE"}, {"import": 0, "export": 0, "id": "FI"}, {"import": 0, "export": 0, "id": "BH"}, {"import": 0, "export": 0, "id": "BG"}, {"import": 0, "export": 0, "id": "CL"}, {"import": 0, "export": 1, "id": "SI"}, {"import": 0, "export": 1, "id": "ZA"}], "import": 3475, "export": 341}, {"date": "2019-03-01", "list": [{"import": 1058, "export": 3, "id": "IT"}, {"import": 660, "export": 0, "id": "PK"}, {"import": 0, "export": 0, "id": "UY"}, {"import": 386, "export": 14, "id": "BE"}, {"import": 486, "export": 0, "id": "IN"}, {"import": 25, "export": 23, "id": "ES"}, {"import": 123, "export": 0, "id": "TH"}, {"import": 145, "export": 6, "id": "HU"}, {"import": 13, "export": 55, "id": "FR"}, {"import": 92, "export": 9, "id": "NL"}, {"import": 0, "export": 0, "id": "AU"}, {"import": 10, "export": 0, "id": "VN"}, {"import": 2, "export": 1, "id": "GR"}, {"import": 1, "export": 0, "id": "IR"}, {"import": 0, "export": 0, "id": "RU"}, {"import": 66, "export": 0, "id": "KH"}, {"import": 21, "export": 8, "id": "GB"}, {"import": 0, "export": 0, "id": "LK"}, {"import": 8, "export": 39, "id": "AT"}, {"import": 23, "export": 0, "id": "-"}, {"import": 0, "export": 0, "id": "JP"}, {"import": 0, "export": 0, "id": "KR"}, {"import": 0, "export": 0, "id": "MX"}, {"import": 2, "export": 17, "id": "DK"}, {"import": 0, "export": 0, "id": "GY"}, {"import": 0, "export": 0, "id": "BD"}, {"import": 0, "export": 0, "id": "AR"}, {"import": 0, "export": 0, "id": "CN"}, {"import": 0, "export": 0, "id": "BR"}, {"import": 0, "export": 0, "id": "MM"}, {"import": 0, "export": 0, "id": "PY"}, {"import": 23, "export": 26, "id": "PL"}, {"import": 0, "export": 1, "id": "PT"}, {"import": 0, "export": 0, "id": "AE"}, {"import": 0, "export": 0, "id": "TR"}, {"import": 0, "export": 0, "id": "MK"}, {"import": 0, "export": 0, "id": "EG"}, {"import": 0, "export": 15, "id": "CH"}, {"import": 0, "export": 0, "id": "SG"}, {"import": 18, "export": 0, "id": "US"}, {"import": 0, "export": 9, "id": "SE"}, {"import": 0, "export": 0, "id": "KW"}, {"import": 0, "export": 3, "id": "LU"}, {"import": 0, "export": 0, "id": "GH"}, {"import": 0, "export": 3, "id": "HR"}, {"import": 0, "export": 6, "id": "IE"}, {"import": 0, "export": 0, "id": "SA"}, {"import": 0, "export": 1, "id": "SK"}, {"import": 0, "export": 0, "id": "NG"}, {"import": 0, "export": 0, "id": "NO"}, {"import": 0, "export": 0, "id": "VE"}, {"import": 0, "export": 0, "id": "ML"}, {"import": 0, "export": 0, "id": "LV"}, {"import": 0, "export": 8, "id": "LT"}, {"import": 0, "export": 1, "id": "RO"}, {"import": 0, "export": 0, "id": "RW"}, {"import": 0, "export": 0, "id": "KE"}, {"import": 0, "export": 0, "id": "IS"}, {"import": 0, "export": 0, "id": "EE"}, {"import": 0, "export": 0, "id": "FI"}, {"import": 0, "export": 0, "id": "BH"}, {"import": 0, "export": 0, "id": "BG"}, {"import": 0, "export": 0, "id": "CL"}, {"import": 0, "export": 1, "id": "SI"}, {"import": 0, "export": 0, "id": "ZA"}], "import": 3162, "export": 257}, {"date": "2019-04-01", "list": [{"import": 1151, "export": 2, "id": "IT"}, {"import": 889, "export": 0, "id": "PK"}, {"import": 1269, "export": 0, "id": "UY"}, {"import": 462, "export": 33, "id": "BE"}, {"import": 159, "export": 0, "id": "IN"}, {"import": 79, "export": 2, "id": "ES"}, {"import": 877, "export": 0, "id": "TH"}, {"import": 75, "export": 2, "id": "HU"}, {"import": 138, "export": 107, "id": "FR"}, {"import": 61, "export": 114, "id": "NL"}, {"import": 0, "export": 0, "id": "AU"}, {"import": 0, "export": 0, "id": "VN"}, {"import": 22, "export": 3, "id": "GR"}, {"import": 0, "export": 0, "id": "IR"}, {"import": 1, "export": 0, "id": "RU"}, {"import": 40, "export": 0, "id": "KH"}, {"import": 24, "export": 8, "id": "GB"}, {"import": 0, "export": 0, "id": "LK"}, {"import": 5, "export": 59, "id": "AT"}, {"import": 0, "export": 0, "id": "-"}, {"import": 3, "export": 0, "id": "JP"}, {"import": 0, "export": 0, "id": "KR"}, {"import": 0, "export": 0, "id": "MX"}, {"import": 0, "export": 27, "id": "DK"}, {"import": 1831, "export": 0, "id": "GY"}, {"import": 0, "export": 0, "id": "BD"}, {"import": 0, "export": 0, "id": "AR"}, {"import": 0, "export": 0, "id": "CN"}, {"import": 10, "export": 0, "id": "BR"}, {"import": 0, "export": 0, "id": "MM"}, {"import": 0, "export": 0, "id": "PY"}, {"import": 0, "export": 8, "id": "PL"}, {"import": 0, "export": 2, "id": "PT"}, {"import": 0, "export": 0, "id": "AE"}, {"import": 431, "export": 0, "id": "TR"}, {"import": 0, "export": 0, "id": "MK"}, {"import": 0, "export": 0, "id": "EG"}, {"import": 0, "export": 8, "id": "CH"}, {"import": 0, "export": 0, "id": "SG"}, {"import": 12, "export": 0, "id": "US"}, {"import": 0, "export": 9, "id": "SE"}, {"import": 0, "export": 2, "id": "KW"}, {"import": 0, "export": 4, "id": "LU"}, {"import": 0, "export": 0, "id": "GH"}, {"import": 0, "export": 2, "id": "HR"}, {"import": 0, "export": 4, "id": "IE"}, {"import": 0, "export": 0, "id": "SA"}, {"import": 0, "export": 0, "id": "SK"}, {"import": 0, "export": 0, "id": "NG"}, {"import": 0, "export": 0, "id": "NO"}, {"import": 0, "export": 0, "id": "VE"}, {"import": 0, "export": 0, "id": "ML"}, {"import": 0, "export": 0, "id": "LV"}, {"import": 0, "export": 1, "id": "LT"}, {"import": 0, "export": 1, "id": "RO"}, {"import": 0, "export": 0, "id": "RW"}, {"import": 0, "export": 0, "id": "KE"}, {"import": 0, "export": 0, "id": "IS"}, {"import": 0, "export": 18, "id": "EE"}, {"import": 0, "export": 1, "id": "FI"}, {"import": 0, "export": 0, "id": "BH"}, {"import": 0, "export": 0, "id": "BG"}, {"import": 0, "export": 0, "id": "CL"}, {"import": 0, "export": 3, "id": "SI"}, {"import": 0, "export": 0, "id": "ZA"}], "import": 7539, "export": 426}, {"date": "2019-05-01", "list": [{"import": 912, "export": 26, "id": "IT"}, {"import": 1220, "export": 0, "id": "PK"}, {"import": 635, "export": 0, "id": "UY"}, {"import": 447, "export": 26, "id": "BE"}, {"import": 842, "export": 0, "id": "IN"}, {"import": 227, "export": 2, "id": "ES"}, {"import": 86, "export": 0, "id": "TH"}, {"import": 75, "export": 7, "id": "HU"}, {"import": 17, "export": 63, "id": "FR"}, {"import": 198, "export": 80, "id": "NL"}, {"import": 0, "export": 0, "id": "AU"}, {"import": 0, "export": 0, "id": "VN"}, {"import": 9, "export": 2, "id": "GR"}, {"import": 2, "export": 0, "id": "IR"}, {"import": 3, "export": 0, "id": "RU"}, {"import": 115, "export": 0, "id": "KH"}, {"import": 83, "export": 2, "id": "GB"}, {"import": 0, "export": 0, "id": "LK"}, {"import": 6, "export": 45, "id": "AT"}, {"import": 23, "export": 1, "id": "-"}, {"import": 0, "export": 0, "id": "JP"}, {"import": 0, "export": 0, "id": "KR"}, {"import": 0, "export": 0, "id": "MX"}, {"import": 2, "export": 41, "id": "DK"}, {"import": 0, "export": 0, "id": "GY"}, {"import": 1, "export": 0, "id": "BD"}, {"import": 0, "export": 0, "id": "AR"}, {"import": 0, "export": 0, "id": "CN"}, {"import": 0, "export": 0, "id": "BR"}, {"import": 0, "export": 0, "id": "MM"}, {"import": 1351, "export": 0, "id": "PY"}, {"import": 12, "export": 28, "id": "PL"}, {"import": 0, "export": 2, "id": "PT"}, {"import": 0, "export": 0, "id": "AE"}, {"import": 83, "export": 0, "id": "TR"}, {"import": 0, "export": 0, "id": "MK"}, {"import": 12, "export": 0, "id": "EG"}, {"import": 1, "export": 5, "id": "CH"}, {"import": 0, "export": 0, "id": "SG"}, {"import": 52, "export": 0, "id": "US"}, {"import": 0, "export": 9, "id": "SE"}, {"import": 0, "export": 0, "id": "KW"}, {"import": 0, "export": 2, "id": "LU"}, {"import": 0, "export": 0, "id": "GH"}, {"import": 0, "export": 2, "id": "HR"}, {"import": 0, "export": 5, "id": "IE"}, {"import": 0, "export": 0, "id": "SA"}, {"import": 0, "export": 1, "id": "SK"}, {"import": 0, "export": 0, "id": "NG"}, {"import": 0, "export": 0, "id": "NO"}, {"import": 0, "export": 0, "id": "VE"}, {"import": 0, "export": 0, "id": "ML"}, {"import": 0, "export": 0, "id": "LV"}, {"import": 0, "export": 1, "id": "LT"}, {"import": 0, "export": 1, "id": "RO"}, {"import": 0, "export": 0, "id": "RW"}, {"import": 0, "export": 0, "id": "KE"}, {"import": 0, "export": 3, "id": "IS"}, {"import": 0, "export": 0, "id": "EE"}, {"import": 0, "export": 0, "id": "FI"}, {"import": 0, "export": 0, "id": "BH"}, {"import": 0, "export": 0, "id": "BG"}, {"import": 0, "export": 0, "id": "CL"}, {"import": 0, "export": 1, "id": "SI"}, {"import": 0, "export": 0, "id": "ZA"}], "import": 6414, "export": 359}, {"date": "2019-06-01", "list": [{"import": 874, "export": 1, "id": "IT"}, {"import": 349, "export": 0, "id": "PK"}, {"import": 635, "export": 0, "id": "UY"}, {"import": 408, "export": 16, "id": "BE"}, {"import": 507, "export": 0, "id": "IN"}, {"import": 40, "export": 13, "id": "ES"}, {"import": 107, "export": 0, "id": "TH"}, {"import": 143, "export": 2, "id": "HU"}, {"import": 51, "export": 47, "id": "FR"}, {"import": 66, "export": 14, "id": "NL"}, {"import": 0, "export": 0, "id": "AU"}, {"import": 0, "export": 0, "id": "VN"}, {"import": 5, "export": 2, "id": "GR"}, {"import": 0, "export": 0, "id": "IR"}, {"import": 0, "export": 0, "id": "RU"}, {"import": 53, "export": 0, "id": "KH"}, {"import": 49, "export": 6, "id": "GB"}, {"import": 7, "export": 0, "id": "LK"}, {"import": 6, "export": 70, "id": "AT"}, {"import": 0, "export": 1, "id": "-"}, {"import": 2, "export": 0, "id": "JP"}, {"import": 0, "export": 0, "id": "KR"}, {"import": 0, "export": 0, "id": "MX"}, {"import": 0, "export": 20, "id": "DK"}, {"import": 0, "export": 0, "id": "GY"}, {"import": 0, "export": 0, "id": "BD"}, {"import": 0, "export": 0, "id": "AR"}, {"import": 0, "export": 0, "id": "CN"}, {"import": 0, "export": 0, "id": "BR"}, {"import": 0, "export": 0, "id": "MM"}, {"import": 0, "export": 0, "id": "PY"}, {"import": 10, "export": 8, "id": "PL"}, {"import": 0, "export": 1, "id": "PT"}, {"import": 0, "export": 0, "id": "AE"}, {"import": 23, "export": 0, "id": "TR"}, {"import": 0, "export": 0, "id": "MK"}, {"import": 0, "export": 0, "id": "EG"}, {"import": 0, "export": 7, "id": "CH"}, {"import": 0, "export": 0, "id": "SG"}, {"import": 64, "export": 0, "id": "US"}, {"import": 0, "export": 9, "id": "SE"}, {"import": 0, "export": 4, "id": "KW"}, {"import": 0, "export": 3, "id": "LU"}, {"import": 0, "export": 2, "id": "GH"}, {"import": 0, "export": 5, "id": "HR"}, {"import": 0, "export": 5, "id": "IE"}, {"import": 0, "export": 0, "id": "SA"}, {"import": 0, "export": 0, "id": "SK"}, {"import": 0, "export": 0, "id": "NG"}, {"import": 0, "export": 0, "id": "NO"}, {"import": 0, "export": 0, "id": "VE"}, {"import": 0, "export": 0, "id": "ML"}, {"import": 0, "export": 0, "id": "LV"}, {"import": 0, "export": 0, "id": "LT"}, {"import": 0, "export": 1, "id": "RO"}, {"import": 0, "export": 0, "id": "RW"}, {"import": 0, "export": 0, "id": "KE"}, {"import": 0, "export": 0, "id": "IS"}, {"import": 0, "export": 0, "id": "EE"}, {"import": 0, "export": 1, "id": "FI"}, {"import": 0, "export": 0, "id": "BH"}, {"import": 0, "export": 1, "id": "BG"}, {"import": 0, "export": 0, "id": "CL"}, {"import": 0, "export": 3, "id": "SI"}, {"import": 0, "export": 0, "id": "ZA"}], "import": 3399, "export": 248}, {"date": "2019-07-01", "list": [{"import": 597, "export": 2, "id": "IT"}, {"import": 480, "export": 0, "id": "PK"}, {"import": 635, "export": 0, "id": "UY"}, {"import": 166, "export": 39, "id": "BE"}, {"import": 583, "export": 0, "id": "IN"}, {"import": 1, "export": 5, "id": "ES"}, {"import": 95, "export": 0, "id": "TH"}, {"import": 193, "export": 8, "id": "HU"}, {"import": 14, "export": 23, "id": "FR"}, {"import": 66, "export": 8, "id": "NL"}, {"import": 0, "export": 0, "id": "AU"}, {"import": 0, "export": 0, "id": "VN"}, {"import": 10, "export": 3, "id": "GR"}, {"import": 0, "export": 0, "id": "IR"}, {"import": 0, "export": 0, "id": "RU"}, {"import": 38, "export": 0, "id": "KH"}, {"import": 22, "export": 6, "id": "GB"}, {"import": 0, "export": 0, "id": "LK"}, {"import": 2, "export": 66, "id": "AT"}, {"import": 0, "export": 1, "id": "-"}, {"import": 0, "export": 0, "id": "JP"}, {"import": 0, "export": 0, "id": "KR"}, {"import": 0, "export": 0, "id": "MX"}, {"import": 0, "export": 24, "id": "DK"}, {"import": 0, "export": 0, "id": "GY"}, {"import": 0, "export": 0, "id": "BD"}, {"import": 46, "export": 0, "id": "AR"}, {"import": 0, "export": 0, "id": "CN"}, {"import": 0, "export": 0, "id": "BR"}, {"import": 0, "export": 0, "id": "MM"}, {"import": 0, "export": 0, "id": "PY"}, {"import": 15, "export": 8, "id": "PL"}, {"import": 0, "export": 1, "id": "PT"}, {"import": 1, "export": 0, "id": "AE"}, {"import": 502, "export": 0, "id": "TR"}, {"import": 0, "export": 0, "id": "MK"}, {"import": 0, "export": 0, "id": "EG"}, {"import": 0, "export": 7, "id": "CH"}, {"import": 0, "export": 0, "id": "SG"}, {"import": 11, "export": 0, "id": "US"}, {"import": 0, "export": 1, "id": "SE"}, {"import": 0, "export": 2, "id": "KW"}, {"import": 0, "export": 3, "id": "LU"}, {"import": 0, "export": 1, "id": "GH"}, {"import": 0, "export": 2, "id": "HR"}, {"import": 0, "export": 0, "id": "IE"}, {"import": 0, "export": 0, "id": "SA"}, {"import": 0, "export": 1, "id": "SK"}, {"import": 0, "export": 0, "id": "NG"}, {"import": 0, "export": 0, "id": "NO"}, {"import": 0, "export": 0, "id": "VE"}, {"import": 0, "export": 0, "id": "ML"}, {"import": 0, "export": 0, "id": "LV"}, {"import": 0, "export": 1, "id": "LT"}, {"import": 0, "export": 0, "id": "RO"}, {"import": 0, "export": 0, "id": "RW"}, {"import": 0, "export": 0, "id": "KE"}, {"import": 0, "export": 0, "id": "IS"}, {"import": 0, "export": 0, "id": "EE"}, {"import": 0, "export": 0, "id": "FI"}, {"import": 0, "export": 0, "id": "BH"}, {"import": 0, "export": 1, "id": "BG"}, {"import": 0, "export": 0, "id": "CL"}, {"import": 0, "export": 3, "id": "SI"}, {"import": 0, "export": 0, "id": "ZA"}], "import": 3477, "export": 220}, {"date": "2019-08-01", "list": [{"import": 657, "export": 1, "id": "IT"}, {"import": 742, "export": 0, "id": "PK"}, {"import": 212, "export": 0, "id": "UY"}, {"import": 289, "export": 4, "id": "BE"}, {"import": 339, "export": 0, "id": "IN"}, {"import": 43, "export": 9, "id": "ES"}, {"import": 2345, "export": 0, "id": "TH"}, {"import": 193, "export": 2, "id": "HU"}, {"import": 56, "export": 21, "id": "FR"}, {"import": 75, "export": 10, "id": "NL"}, {"import": 0, "export": 0, "id": "AU"}, {"import": 18, "export": 0, "id": "VN"}, {"import": 6, "export": 3, "id": "GR"}, {"import": 0, "export": 0, "id": "IR"}, {"import": 7, "export": 0, "id": "RU"}, {"import": 73, "export": 0, "id": "KH"}, {"import": 19, "export": 0, "id": "GB"}, {"import": 4, "export": 0, "id": "LK"}, {"import": 6, "export": 43, "id": "AT"}, {"import": 0, "export": 6, "id": "-"}, {"import": 1, "export": 0, "id": "JP"}, {"import": 0, "export": 0, "id": "KR"}, {"import": 30, "export": 0, "id": "MX"}, {"import": 0, "export": 6, "id": "DK"}, {"import": 1407, "export": 0, "id": "GY"}, {"import": 0, "export": 0, "id": "BD"}, {"import": 0, "export": 0, "id": "AR"}, {"import": 0, "export": 0, "id": "CN"}, {"import": 0, "export": 0, "id": "BR"}, {"import": 0, "export": 0, "id": "MM"}, {"import": 0, "export": 0, "id": "PY"}, {"import": 14, "export": 29, "id": "PL"}, {"import": 0, "export": 0, "id": "PT"}, {"import": 0, "export": 0, "id": "AE"}, {"import": 0, "export": 0, "id": "TR"}, {"import": 0, "export": 0, "id": "MK"}, {"import": 0, "export": 0, "id": "EG"}, {"import": 0, "export": 7, "id": "CH"}, {"import": 0, "export": 0, "id": "SG"}, {"import": 1, "export": 0, "id": "US"}, {"import": 0, "export": 14, "id": "SE"}, {"import": 0, "export": 12, "id": "KW"}, {"import": 0, "export": 1, "id": "LU"}, {"import": 0, "export": 1, "id": "GH"}, {"import": 0, "export": 1, "id": "HR"}, {"import": 0, "export": 9, "id": "IE"}, {"import": 0, "export": 1, "id": "SA"}, {"import": 0, "export": 1, "id": "SK"}, {"import": 0, "export": 0, "id": "NG"}, {"import": 0, "export": 0, "id": "NO"}, {"import": 0, "export": 0, "id": "VE"}, {"import": 0, "export": 0, "id": "ML"}, {"import": 0, "export": 0, "id": "LV"}, {"import": 0, "export": 1, "id": "LT"}, {"import": 0, "export": 1, "id": "RO"}, {"import": 0, "export": 0, "id": "RW"}, {"import": 0, "export": 0, "id": "KE"}, {"import": 0, "export": 1, "id": "IS"}, {"import": 0, "export": 0, "id": "EE"}, {"import": 0, "export": 2, "id": "FI"}, {"import": 0, "export": 0, "id": "BH"}, {"import": 0, "export": 1, "id": "BG"}, {"import": 0, "export": 0, "id": "CL"}, {"import": 0, "export": 3, "id": "SI"}, {"import": 0, "export": 0, "id": "ZA"}], "import": 6537, "export": 198}, {"date": "2019-09-01", "list": [{"import": 867, "export": 50, "id": "IT"}, {"import": 988, "export": 0, "id": "PK"}, {"import": 940, "export": 0, "id": "UY"}, {"import": 547, "export": 10, "id": "BE"}, {"import": 407, "export": 0, "id": "IN"}, {"import": 36, "export": 8, "id": "ES"}, {"import": 1588, "export": 0, "id": "TH"}, {"import": 0, "export": 5, "id": "HU"}, {"import": 35, "export": 45, "id": "FR"}, {"import": 69, "export": 33, "id": "NL"}, {"import": 0, "export": 0, "id": "AU"}, {"import": 0, "export": 0, "id": "VN"}, {"import": 10, "export": 0, "id": "GR"}, {"import": 1, "export": 0, "id": "IR"}, {"import": 0, "export": 0, "id": "RU"}, {"import": 26, "export": 0, "id": "KH"}, {"import": 3, "export": 9, "id": "GB"}, {"import": 0, "export": 0, "id": "LK"}, {"import": 7, "export": 51, "id": "AT"}, {"import": 23, "export": 1, "id": "-"}, {"import": 0, "export": 0, "id": "JP"}, {"import": 0, "export": 0, "id": "KR"}, {"import": 0, "export": 0, "id": "MX"}, {"import": 0, "export": 13, "id": "DK"}, {"import": 507, "export": 0, "id": "GY"}, {"import": 0, "export": 0, "id": "BD"}, {"import": 0, "export": 0, "id": "AR"}, {"import": 0, "export": 0, "id": "CN"}, {"import": 0, "export": 0, "id": "BR"}, {"import": 0, "export": 0, "id": "MM"}, {"import": 0, "export": 0, "id": "PY"}, {"import": 17, "export": 36, "id": "PL"}, {"import": 0, "export": 0, "id": "PT"}, {"import": 0, "export": 0, "id": "AE"}, {"import": 389, "export": 0, "id": "TR"}, {"import": 0, "export": 0, "id": "MK"}, {"import": 23, "export": 0, "id": "EG"}, {"import": 0, "export": 9, "id": "CH"}, {"import": 0, "export": 0, "id": "SG"}, {"import": 81, "export": 0, "id": "US"}, {"import": 0, "export": 22, "id": "SE"}, {"import": 0, "export": 3, "id": "KW"}, {"import": 0, "export": 2, "id": "LU"}, {"import": 0, "export": 2, "id": "GH"}, {"import": 0, "export": 8, "id": "HR"}, {"import": 0, "export": 5, "id": "IE"}, {"import": 0, "export": 0, "id": "SA"}, {"import": 0, "export": 1, "id": "SK"}, {"import": 0, "export": 0, "id": "NG"}, {"import": 0, "export": 1, "id": "NO"}, {"import": 0, "export": 2, "id": "VE"}, {"import": 0, "export": 0, "id": "ML"}, {"import": 0, "export": 0, "id": "LV"}, {"import": 0, "export": 1, "id": "LT"}, {"import": 0, "export": 1, "id": "RO"}, {"import": 0, "export": 0, "id": "RW"}, {"import": 0, "export": 0, "id": "KE"}, {"import": 0, "export": 0, "id": "IS"}, {"import": 0, "export": 0, "id": "EE"}, {"import": 0, "export": 1, "id": "FI"}, {"import": 0, "export": 0, "id": "BH"}, {"import": 0, "export": 0, "id": "BG"}, {"import": 0, "export": 0, "id": "CL"}, {"import": 0, "export": 0, "id": "SI"}, {"import": 0, "export": 0, "id": "ZA"}], "import": 6564, "export": 324}, {"date": "2019-10-01", "list": [{"import": 984, "export": 4, "id": "IT"}, {"import": 256, "export": 0, "id": "PK"}, {"import": 1, "export": 0, "id": "UY"}, {"import": 379, "export": 4, "id": "BE"}, {"import": 280, "export": 0, "id": "IN"}, {"import": 46, "export": 5, "id": "ES"}, {"import": 814, "export": 0, "id": "TH"}, {"import": 0, "export": 4, "id": "HU"}, {"import": 20, "export": 46, "id": "FR"}, {"import": 41, "export": 15, "id": "NL"}, {"import": 0, "export": 0, "id": "AU"}, {"import": 2, "export": 0, "id": "VN"}, {"import": 6, "export": 3, "id": "GR"}, {"import": 0, "export": 0, "id": "IR"}, {"import": 0, "export": 0, "id": "RU"}, {"import": 5, "export": 0, "id": "KH"}, {"import": 1, "export": 3, "id": "GB"}, {"import": 2, "export": 0, "id": "LK"}, {"import": 6, "export": 68, "id": "AT"}, {"import": 23, "export": 1, "id": "-"}, {"import": 0, "export": 0, "id": "JP"}, {"import": 1, "export": 0, "id": "KR"}, {"import": 0, "export": 0, "id": "MX"}, {"import": 0, "export": 46, "id": "DK"}, {"import": 0, "export": 0, "id": "GY"}, {"import": 0, "export": 0, "id": "BD"}, {"import": 24, "export": 0, "id": "AR"}, {"import": 0, "export": 0, "id": "CN"}, {"import": 0, "export": 0, "id": "BR"}, {"import": 0, "export": 0, "id": "MM"}, {"import": 0, "export": 0, "id": "PY"}, {"import": 18, "export": 5, "id": "PL"}, {"import": 0, "export": 1, "id": "PT"}, {"import": 0, "export": 0, "id": "AE"}, {"import": 0, "export": 0, "id": "TR"}, {"import": 0, "export": 0, "id": "MK"}, {"import": 0, "export": 0, "id": "EG"}, {"import": 0, "export": 9, "id": "CH"}, {"import": 0, "export": 0, "id": "SG"}, {"import": 115, "export": 0, "id": "US"}, {"import": 0, "export": 4, "id": "SE"}, {"import": 0, "export": 0, "id": "KW"}, {"import": 0, "export": 4, "id": "LU"}, {"import": 0, "export": 0, "id": "GH"}, {"import": 0, "export": 3, "id": "HR"}, {"import": 0, "export": 11, "id": "IE"}, {"import": 0, "export": 0, "id": "SA"}, {"import": 0, "export": 1, "id": "SK"}, {"import": 0, "export": 0, "id": "NG"}, {"import": 0, "export": 0, "id": "NO"}, {"import": 0, "export": 0, "id": "VE"}, {"import": 0, "export": 0, "id": "ML"}, {"import": 0, "export": 1, "id": "LV"}, {"import": 0, "export": 1, "id": "LT"}, {"import": 0, "export": 3, "id": "RO"}, {"import": 0, "export": 0, "id": "RW"}, {"import": 0, "export": 0, "id": "KE"}, {"import": 0, "export": 0, "id": "IS"}, {"import": 0, "export": 0, "id": "EE"}, {"import": 0, "export": 0, "id": "FI"}, {"import": 0, "export": 0, "id": "BH"}, {"import": 0, "export": 0, "id": "BG"}, {"import": 0, "export": 0, "id": "CL"}, {"import": 0, "export": 1, "id": "SI"}, {"import": 0, "export": 0, "id": "ZA"}], "import": 3024, "export": 248}, {"date": "2019-11-01", "list": [{"import": 505, "export": 5, "id": "IT"}, {"import": 541, "export": 0, "id": "PK"}, {"import": 987, "export": 0, "id": "UY"}, {"import": 369, "export": 1, "id": "BE"}, {"import": 152, "export": 0, "id": "IN"}, {"import": 51, "export": 12, "id": "ES"}, {"import": 764, "export": 0, "id": "TH"}, {"import": 95, "export": 5, "id": "HU"}, {"import": 7, "export": 7, "id": "FR"}, {"import": 55, "export": 10, "id": "NL"}, {"import": 0, "export": 0, "id": "AU"}, {"import": 0, "export": 0, "id": "VN"}, {"import": 8, "export": 6, "id": "GR"}, {"import": 0, "export": 0, "id": "IR"}, {"import": 0, "export": 0, "id": "RU"}, {"import": 0, "export": 0, "id": "KH"}, {"import": 0, "export": 1, "id": "GB"}, {"import": 3, "export": 0, "id": "LK"}, {"import": 2, "export": 39, "id": "AT"}, {"import": 0, "export": 0, "id": "-"}, {"import": 0, "export": 0, "id": "JP"}, {"import": 0, "export": 0, "id": "KR"}, {"import": 0, "export": 0, "id": "MX"}, {"import": 2, "export": 24, "id": "DK"}, {"import": 0, "export": 0, "id": "GY"}, {"import": 1, "export": 0, "id": "BD"}, {"import": 0, "export": 0, "id": "AR"}, {"import": 0, "export": 0, "id": "CN"}, {"import": 0, "export": 0, "id": "BR"}, {"import": 0, "export": 0, "id": "MM"}, {"import": 0, "export": 0, "id": "PY"}, {"import": 6, "export": 527, "id": "PL"}, {"import": 0, "export": 0, "id": "PT"}, {"import": 0, "export": 0, "id": "AE"}, {"import": 0, "export": 0, "id": "TR"}, {"import": 0, "export": 0, "id": "MK"}, {"import": 0, "export": 0, "id": "EG"}, {"import": 0, "export": 6, "id": "CH"}, {"import": 0, "export": 0, "id": "SG"}, {"import": 2, "export": 0, "id": "US"}, {"import": 0, "export": 16, "id": "SE"}, {"import": 0, "export": 0, "id": "KW"}, {"import": 0, "export": 1, "id": "LU"}, {"import": 0, "export": 2, "id": "GH"}, {"import": 0, "export": 3, "id": "HR"}, {"import": 0, "export": 4, "id": "IE"}, {"import": 0, "export": 0, "id": "SA"}, {"import": 0, "export": 0, "id": "SK"}, {"import": 0, "export": 0, "id": "NG"}, {"import": 0, "export": 0, "id": "NO"}, {"import": 0, "export": 0, "id": "VE"}, {"import": 0, "export": 0, "id": "ML"}, {"import": 0, "export": 0, "id": "LV"}, {"import": 0, "export": 2, "id": "LT"}, {"import": 0, "export": 1, "id": "RO"}, {"import": 0, "export": 0, "id": "RW"}, {"import": 0, "export": 0, "id": "KE"}, {"import": 0, "export": 1, "id": "IS"}, {"import": 0, "export": 0, "id": "EE"}, {"import": 0, "export": 0, "id": "FI"}, {"import": 0, "export": 0, "id": "BH"}, {"import": 0, "export": 1, "id": "BG"}, {"import": 0, "export": 0, "id": "CL"}, {"import": 0, "export": 0, "id": "SI"}, {"import": 0, "export": 0, "id": "ZA"}], "import": 3550, "export": 685}, {"date": "2019-12-01", "list": [{"import": 700, "export": 4, "id": "IT"}, {"import": 772, "export": 0, "id": "PK"}, {"import": 861, "export": 0, "id": "UY"}, {"import": 246, "export": 2, "id": "BE"}, {"import": 235, "export": 0, "id": "IN"}, {"import": 25, "export": 7, "id": "ES"}, {"import": 1544, "export": 0, "id": "TH"}, {"import": 0, "export": 3, "id": "HU"}, {"import": 64, "export": 9, "id": "FR"}, {"import": 7, "export": 15, "id": "NL"}, {"import": 0, "export": 0, "id": "AU"}, {"import": 24, "export": 0, "id": "VN"}, {"import": 11, "export": 4, "id": "GR"}, {"import": 1, "export": 0, "id": "IR"}, {"import": 0, "export": 0, "id": "RU"}, {"import": 0, "export": 0, "id": "KH"}, {"import": 1, "export": 0, "id": "GB"}, {"import": 1, "export": 0, "id": "LK"}, {"import": 2, "export": 54, "id": "AT"}, {"import": 0, "export": 0, "id": "-"}, {"import": 0, "export": 0, "id": "JP"}, {"import": 0, "export": 0, "id": "KR"}, {"import": 0, "export": 0, "id": "MX"}, {"import": 0, "export": 17, "id": "DK"}, {"import": 678, "export": 0, "id": "GY"}, {"import": 0, "export": 0, "id": "BD"}, {"import": 0, "export": 0, "id": "AR"}, {"import": 0, "export": 0, "id": "CN"}, {"import": 0, "export": 0, "id": "BR"}, {"import": 0, "export": 0, "id": "MM"}, {"import": 0, "export": 0, "id": "PY"}, {"import": 5, "export": 25, "id": "PL"}, {"import": 0, "export": 0, "id": "PT"}, {"import": 0, "export": 0, "id": "AE"}, {"import": 0, "export": 0, "id": "TR"}, {"import": 0, "export": 0, "id": "MK"}, {"import": 0, "export": 0, "id": "EG"}, {"import": 0, "export": 6, "id": "CH"}, {"import": 0, "export": 0, "id": "SG"}, {"import": 31, "export": 0, "id": "US"}, {"import": 0, "export": 3, "id": "SE"}, {"import": 0, "export": 5, "id": "KW"}, {"import": 0, "export": 4, "id": "LU"}, {"import": 0, "export": 1, "id": "GH"}, {"import": 0, "export": 3, "id": "HR"}, {"import": 0, "export": 2, "id": "IE"}, {"import": 0, "export": 0, "id": "SA"}, {"import": 0, "export": 0, "id": "SK"}, {"import": 0, "export": 0, "id": "NG"}, {"import": 0, "export": 0, "id": "NO"}, {"import": 0, "export": 0, "id": "VE"}, {"import": 0, "export": 0, "id": "ML"}, {"import": 0, "export": 1, "id": "LV"}, {"import": 0, "export": 0, "id": "LT"}, {"import": 0, "export": 1, "id": "RO"}, {"import": 0, "export": 0, "id": "RW"}, {"import": 0, "export": 0, "id": "KE"}, {"import": 0, "export": 1, "id": "IS"}, {"import": 0, "export": 0, "id": "EE"}, {"import": 0, "export": 0, "id": "FI"}, {"import": 0, "export": 0, "id": "BH"}, {"import": 0, "export": 0, "id": "BG"}, {"import": 0, "export": 0, "id": "CL"}, {"import": 0, "export": 1, "id": "SI"}, {"import": 0, "export": 0, "id": "ZA"}], "import": 5208, "export": 169}, {"date": "2020-01-01", "list": [{"import": 1156, "export": 28, "id": "IT"}, {"import": 55, "export": 0, "id": "PK"}, {"import": 564, "export": 0, "id": "UY"}, {"import": 475, "export": 11, "id": "BE"}, {"import": 234, "export": 0, "id": "IN"}, {"import": 38, "export": 13, "id": "ES"}, {"import": 906, "export": 0, "id": "TH"}, {"import": 0, "export": 4, "id": "HU"}, {"import": 4, "export": 65, "id": "FR"}, {"import": 52, "export": 13, "id": "NL"}, {"import": 0, "export": 0, "id": "AU"}, {"import": 2, "export": 0, "id": "VN"}, {"import": 0, "export": 2, "id": "GR"}, {"import": 1, "export": 0, "id": "IR"}, {"import": 0, "export": 0, "id": "RU"}, {"import": 25, "export": 0, "id": "KH"}, {"import": 0, "export": 3, "id": "GB"}, {"import": 4, "export": 0, "id": "LK"}, {"import": 6, "export": 52, "id": "AT"}, {"import": 25, "export": 0, "id": "-"}, {"import": 0, "export": 0, "id": "JP"}, {"import": 0, "export": 0, "id": "KR"}, {"import": 0, "export": 0, "id": "MX"}, {"import": 0, "export": 18, "id": "DK"}, {"import": 1511, "export": 0, "id": "GY"}, {"import": 0, "export": 0, "id": "BD"}, {"import": 0, "export": 0, "id": "AR"}, {"import": 0, "export": 0, "id": "CN"}, {"import": 0, "export": 0, "id": "BR"}, {"import": 0, "export": 0, "id": "MM"}, {"import": 0, "export": 0, "id": "PY"}, {"import": 14, "export": 528, "id": "PL"}, {"import": 0, "export": 0, "id": "PT"}, {"import": 0, "export": 0, "id": "AE"}, {"import": 0, "export": 0, "id": "TR"}, {"import": 1, "export": 0, "id": "MK"}, {"import": 0, "export": 0, "id": "EG"}, {"import": 0, "export": 11, "id": "CH"}, {"import": 0, "export": 0, "id": "SG"}, {"import": 43, "export": 0, "id": "US"}, {"import": 0, "export": 4, "id": "SE"}, {"import": 0, "export": 0, "id": "KW"}, {"import": 0, "export": 3, "id": "LU"}, {"import": 0, "export": 0, "id": "GH"}, {"import": 0, "export": 3, "id": "HR"}, {"import": 0, "export": 5, "id": "IE"}, {"import": 0, "export": 0, "id": "SA"}, {"import": 0, "export": 0, "id": "SK"}, {"import": 0, "export": 0, "id": "NG"}, {"import": 0, "export": 0, "id": "NO"}, {"import": 0, "export": 0, "id": "VE"}, {"import": 0, "export": 0, "id": "ML"}, {"import": 0, "export": 0, "id": "LV"}, {"import": 0, "export": 2, "id": "LT"}, {"import": 0, "export": 1, "id": "RO"}, {"import": 0, "export": 0, "id": "RW"}, {"import": 0, "export": 0, "id": "KE"}, {"import": 0, "export": 1, "id": "IS"}, {"import": 0, "export": 0, "id": "EE"}, {"import": 0, "export": 1, "id": "FI"}, {"import": 0, "export": 0, "id": "BH"}, {"import": 0, "export": 1, "id": "BG"}, {"import": 0, "export": 0, "id": "CL"}, {"import": 0, "export": 1, "id": "SI"}, {"import": 0, "export": 2, "id": "ZA"}], "import": 5116, "export": 783}, {"date": "2020-02-01", "list": [{"import": 1416, "export": 5, "id": "IT"}, {"import": 1410, "export": 0, "id": "PK"}, {"import": 564, "export": 0, "id": "UY"}, {"import": 449, "export": 15, "id": "BE"}, {"import": 255, "export": 0, "id": "IN"}, {"import": 8, "export": 12, "id": "ES"}, {"import": 827, "export": 0, "id": "TH"}, {"import": 198, "export": 3, "id": "HU"}, {"import": 38, "export": 44, "id": "FR"}, {"import": 19, "export": 18, "id": "NL"}, {"import": 0, "export": 0, "id": "AU"}, {"import": 0, "export": 0, "id": "VN"}, {"import": 9, "export": 3, "id": "GR"}, {"import": 5, "export": 0, "id": "IR"}, {"import": 1, "export": 0, "id": "RU"}, {"import": 1, "export": 0, "id": "KH"}, {"import": 1, "export": 22, "id": "GB"}, {"import": 0, "export": 0, "id": "LK"}, {"import": 3, "export": 42, "id": "AT"}, {"import": 2, "export": 0, "id": "-"}, {"import": 0, "export": 0, "id": "JP"}, {"import": 0, "export": 0, "id": "KR"}, {"import": 0, "export": 0, "id": "MX"}, {"import": 0, "export": 35, "id": "DK"}, {"import": 500, "export": 0, "id": "GY"}, {"import": 1, "export": 0, "id": "BD"}, {"import": 0, "export": 0, "id": "AR"}, {"import": 24, "export": 0, "id": "CN"}, {"import": 0, "export": 0, "id": "BR"}, {"import": 0, "export": 0, "id": "MM"}, {"import": 0, "export": 0, "id": "PY"}, {"import": 23, "export": 31, "id": "PL"}, {"import": 24, "export": 0, "id": "PT"}, {"import": 0, "export": 0, "id": "AE"}, {"import": 0, "export": 0, "id": "TR"}, {"import": 0, "export": 0, "id": "MK"}, {"import": 0, "export": 0, "id": "EG"}, {"import": 0, "export": 5, "id": "CH"}, {"import": 0, "export": 0, "id": "SG"}, {"import": 0, "export": 0, "id": "US"}, {"import": 0, "export": 6, "id": "SE"}, {"import": 0, "export": 3, "id": "KW"}, {"import": 0, "export": 2, "id": "LU"}, {"import": 0, "export": 0, "id": "GH"}, {"import": 0, "export": 1, "id": "HR"}, {"import": 0, "export": 4, "id": "IE"}, {"import": 0, "export": 0, "id": "SA"}, {"import": 0, "export": 0, "id": "SK"}, {"import": 0, "export": 0, "id": "NG"}, {"import": 0, "export": 0, "id": "NO"}, {"import": 0, "export": 0, "id": "VE"}, {"import": 0, "export": 0, "id": "ML"}, {"import": 0, "export": 1, "id": "LV"}, {"import": 0, "export": 1, "id": "LT"}, {"import": 0, "export": 4, "id": "RO"}, {"import": 0, "export": 0, "id": "RW"}, {"import": 0, "export": 0, "id": "KE"}, {"import": 0, "export": 0, "id": "IS"}, {"import": 0, "export": 0, "id": "EE"}, {"import": 0, "export": 2, "id": "FI"}, {"import": 0, "export": 0, "id": "BH"}, {"import": 0, "export": 0, "id": "BG"}, {"import": 0, "export": 0, "id": "CL"}, {"import": 0, "export": 1, "id": "SI"}, {"import": 0, "export": 0, "id": "ZA"}], "import": 5778, "export": 262}, {"date": "2020-03-01", "list": [{"import": 1478, "export": 8, "id": "IT"}, {"import": 754, "export": 0, "id": "PK"}, {"import": 1848, "export": 0, "id": "UY"}, {"import": 572, "export": 9, "id": "BE"}, {"import": 243, "export": 0, "id": "IN"}, {"import": 145, "export": 17, "id": "ES"}, {"import": 841, "export": 0, "id": "TH"}, {"import": 99, "export": 8, "id": "HU"}, {"import": 111, "export": 21, "id": "FR"}, {"import": 55, "export": 16, "id": "NL"}, {"import": 0, "export": 0, "id": "AU"}, {"import": 0, "export": 0, "id": "VN"}, {"import": 10, "export": 5, "id": "GR"}, {"import": 0, "export": 0, "id": "IR"}, {"import": 1, "export": 0, "id": "RU"}, {"import": 4, "export": 0, "id": "KH"}, {"import": 0, "export": 4, "id": "GB"}, {"import": 0, "export": 0, "id": "LK"}, {"import": 4, "export": 110, "id": "AT"}, {"import": 4, "export": 0, "id": "-"}, {"import": 0, "export": 0, "id": "JP"}, {"import": 0, "export": 0, "id": "KR"}, {"import": 0, "export": 0, "id": "MX"}, {"import": 0, "export": 38, "id": "DK"}, {"import": 0, "export": 0, "id": "GY"}, {"import": 0, "export": 0, "id": "BD"}, {"import": 0, "export": 0, "id": "AR"}, {"import": 0, "export": 0, "id": "CN"}, {"import": 0, "export": 0, "id": "BR"}, {"import": 0, "export": 0, "id": "MM"}, {"import": 0, "export": 0, "id": "PY"}, {"import": 0, "export": 8, "id": "PL"}, {"import": 1, "export": 1, "id": "PT"}, {"import": 0, "export": 0, "id": "AE"}, {"import": 1, "export": 0, "id": "TR"}, {"import": 0, "export": 0, "id": "MK"}, {"import": 0, "export": 0, "id": "EG"}, {"import": 0, "export": 12, "id": "CH"}, {"import": 0, "export": 0, "id": "SG"}, {"import": 1, "export": 0, "id": "US"}, {"import": 0, "export": 21, "id": "SE"}, {"import": 0, "export": 8, "id": "KW"}, {"import": 0, "export": 7, "id": "LU"}, {"import": 0, "export": 0, "id": "GH"}, {"import": 0, "export": 3, "id": "HR"}, {"import": 0, "export": 11, "id": "IE"}, {"import": 0, "export": 1, "id": "SA"}, {"import": 0, "export": 0, "id": "SK"}, {"import": 0, "export": 0, "id": "NG"}, {"import": 0, "export": 0, "id": "NO"}, {"import": 0, "export": 0, "id": "VE"}, {"import": 0, "export": 0, "id": "ML"}, {"import": 0, "export": 1, "id": "LV"}, {"import": 0, "export": 3, "id": "LT"}, {"import": 0, "export": 5, "id": "RO"}, {"import": 0, "export": 0, "id": "RW"}, {"import": 0, "export": 0, "id": "KE"}, {"import": 0, "export": 0, "id": "IS"}, {"import": 0, "export": 0, "id": "EE"}, {"import": 0, "export": 0, "id": "FI"}, {"import": 0, "export": 0, "id": "BH"}, {"import": 0, "export": 2, "id": "BG"}, {"import": 0, "export": 0, "id": "CL"}, {"import": 0, "export": 1, "id": "SI"}, {"import": 0, "export": 0, "id": "ZA"}], "import": 6172, "export": 342}, {"date": "2020-04-01", "list": [{"import": 2636, "export": 2, "id": "IT"}, {"import": 876, "export": 0, "id": "PK"}, {"import": 564, "export": 0, "id": "UY"}, {"import": 253, "export": 81, "id": "BE"}, {"import": 416, "export": 0, "id": "IN"}, {"import": 132, "export": 5, "id": "ES"}, {"import": 73, "export": 0, "id": "TH"}, {"import": 99, "export": 1, "id": "HU"}, {"import": 136, "export": 124, "id": "FR"}, {"import": 185, "export": 54, "id": "NL"}, {"import": 41, "export": 0, "id": "AU"}, {"import": 0, "export": 0, "id": "VN"}, {"import": 11, "export": 1, "id": "GR"}, {"import": 0, "export": 0, "id": "IR"}, {"import": 0, "export": 0, "id": "RU"}, {"import": 15, "export": 0, "id": "KH"}, {"import": 0, "export": 22, "id": "GB"}, {"import": 6, "export": 0, "id": "LK"}, {"import": 4, "export": 83, "id": "AT"}, {"import": 2, "export": 0, "id": "-"}, {"import": 0, "export": 0, "id": "JP"}, {"import": 0, "export": 0, "id": "KR"}, {"import": 0, "export": 0, "id": "MX"}, {"import": 0, "export": 29, "id": "DK"}, {"import": 505, "export": 0, "id": "GY"}, {"import": 0, "export": 0, "id": "BD"}, {"import": 0, "export": 0, "id": "AR"}, {"import": 0, "export": 0, "id": "CN"}, {"import": 0, "export": 0, "id": "BR"}, {"import": 0, "export": 0, "id": "MM"}, {"import": 0, "export": 0, "id": "PY"}, {"import": 20, "export": 50, "id": "PL"}, {"import": 24, "export": 0, "id": "PT"}, {"import": 0, "export": 0, "id": "AE"}, {"import": 25, "export": 0, "id": "TR"}, {"import": 0, "export": 0, "id": "MK"}, {"import": 0, "export": 0, "id": "EG"}, {"import": 0, "export": 10, "id": "CH"}, {"import": 0, "export": 0, "id": "SG"}, {"import": 0, "export": 0, "id": "US"}, {"import": 0, "export": 10, "id": "SE"}, {"import": 0, "export": 0, "id": "KW"}, {"import": 0, "export": 3, "id": "LU"}, {"import": 0, "export": 1, "id": "GH"}, {"import": 0, "export": 3, "id": "HR"}, {"import": 0, "export": 7, "id": "IE"}, {"import": 0, "export": 0, "id": "SA"}, {"import": 0, "export": 0, "id": "SK"}, {"import": 0, "export": 0, "id": "NG"}, {"import": 0, "export": 0, "id": "NO"}, {"import": 0, "export": 0, "id": "VE"}, {"import": 0, "export": 0, "id": "ML"}, {"import": 0, "export": 0, "id": "LV"}, {"import": 0, "export": 3, "id": "LT"}, {"import": 0, "export": 3, "id": "RO"}, {"import": 0, "export": 0, "id": "RW"}, {"import": 0, "export": 0, "id": "KE"}, {"import": 0, "export": 0, "id": "IS"}, {"import": 0, "export": 0, "id": "EE"}, {"import": 0, "export": 2, "id": "FI"}, {"import": 0, "export": 0, "id": "BH"}, {"import": 0, "export": 0, "id": "BG"}, {"import": 0, "export": 0, "id": "CL"}, {"import": 0, "export": 0, "id": "SI"}, {"import": 0, "export": 0, "id": "ZA"}], "import": 6023, "export": 503}, {"date": "2020-05-01", "list": [{"import": 980, "export": 2, "id": "IT"}, {"import": 1351, "export": 0, "id": "PK"}, {"import": 1770, "export": 0, "id": "UY"}, {"import": 839, "export": 4, "id": "BE"}, {"import": 432, "export": 0, "id": "IN"}, {"import": 131, "export": 19, "id": "ES"}, {"import": 108, "export": 0, "id": "TH"}, {"import": 98, "export": 5, "id": "HU"}, {"import": 135, "export": 5, "id": "FR"}, {"import": 74, "export": 17, "id": "NL"}, {"import": 0, "export": 0, "id": "AU"}, {"import": 7, "export": 1, "id": "VN"}, {"import": 5, "export": 2, "id": "GR"}, {"import": 0, "export": 0, "id": "IR"}, {"import": 0, "export": 0, "id": "RU"}, {"import": 3, "export": 0, "id": "KH"}, {"import": 0, "export": 1, "id": "GB"}, {"import": 4, "export": 0, "id": "LK"}, {"import": 3, "export": 28, "id": "AT"}, {"import": 0, "export": 0, "id": "-"}, {"import": 0, "export": 0, "id": "JP"}, {"import": 0, "export": 0, "id": "KR"}, {"import": 0, "export": 0, "id": "MX"}, {"import": 0, "export": 31, "id": "DK"}, {"import": 708, "export": 0, "id": "GY"}, {"import": 3, "export": 0, "id": "BD"}, {"import": 0, "export": 0, "id": "AR"}, {"import": 0, "export": 0, "id": "CN"}, {"import": 0, "export": 0, "id": "BR"}, {"import": 0, "export": 0, "id": "MM"}, {"import": 0, "export": 0, "id": "PY"}, {"import": 27, "export": 1, "id": "PL"}, {"import": 24, "export": 0, "id": "PT"}, {"import": 0, "export": 0, "id": "AE"}, {"import": 0, "export": 0, "id": "TR"}, {"import": 0, "export": 0, "id": "MK"}, {"import": 0, "export": 0, "id": "EG"}, {"import": 0, "export": 14, "id": "CH"}, {"import": 0, "export": 0, "id": "SG"}, {"import": 7, "export": 0, "id": "US"}, {"import": 0, "export": 5, "id": "SE"}, {"import": 0, "export": 0, "id": "KW"}, {"import": 0, "export": 2, "id": "LU"}, {"import": 0, "export": 0, "id": "GH"}, {"import": 0, "export": 1, "id": "HR"}, {"import": 0, "export": 4, "id": "IE"}, {"import": 0, "export": 0, "id": "SA"}, {"import": 0, "export": 0, "id": "SK"}, {"import": 0, "export": 0, "id": "NG"}, {"import": 0, "export": 0, "id": "NO"}, {"import": 0, "export": 1, "id": "VE"}, {"import": 0, "export": 0, "id": "ML"}, {"import": 0, "export": 0, "id": "LV"}, {"import": 0, "export": 1, "id": "LT"}, {"import": 0, "export": 1, "id": "RO"}, {"import": 0, "export": 0, "id": "RW"}, {"import": 0, "export": 0, "id": "KE"}, {"import": 0, "export": 1, "id": "IS"}, {"import": 0, "export": 0, "id": "EE"}, {"import": 0, "export": 0, "id": "FI"}, {"import": 0, "export": 0, "id": "BH"}, {"import": 0, "export": 0, "id": "BG"}, {"import": 0, "export": 0, "id": "CL"}, {"import": 0, "export": 0, "id": "SI"}, {"import": 0, "export": 0, "id": "ZA"}], "import": 6709, "export": 147}, {"date": "2020-06-01", "list": [{"import": 1379, "export": 4, "id": "IT"}, {"import": 777, "export": 0, "id": "PK"}, {"import": 1344, "export": 0, "id": "UY"}, {"import": 562, "export": 0, "id": "BE"}, {"import": 386, "export": 0, "id": "IN"}, {"import": 39, "export": 2, "id": "ES"}, {"import": 196, "export": 0, "id": "TH"}, {"import": 100, "export": 2, "id": "HU"}, {"import": 99, "export": 32, "id": "FR"}, {"import": 49, "export": 6, "id": "NL"}, {"import": 0, "export": 0, "id": "AU"}, {"import": 0, "export": 3, "id": "VN"}, {"import": 26, "export": 2, "id": "GR"}, {"import": 0, "export": 0, "id": "IR"}, {"import": 0, "export": 0, "id": "RU"}, {"import": 0, "export": 0, "id": "KH"}, {"import": 1, "export": 2, "id": "GB"}, {"import": 7, "export": 0, "id": "LK"}, {"import": 2, "export": 96, "id": "AT"}, {"import": 0, "export": 0, "id": "-"}, {"import": 0, "export": 0, "id": "JP"}, {"import": 0, "export": 0, "id": "KR"}, {"import": 0, "export": 0, "id": "MX"}, {"import": 0, "export": 16, "id": "DK"}, {"import": 1509, "export": 0, "id": "GY"}, {"import": 0, "export": 0, "id": "BD"}, {"import": 0, "export": 0, "id": "AR"}, {"import": 0, "export": 0, "id": "CN"}, {"import": 0, "export": 0, "id": "BR"}, {"import": 100, "export": 0, "id": "MM"}, {"import": 0, "export": 0, "id": "PY"}, {"import": 15, "export": 126, "id": "PL"}, {"import": 24, "export": 0, "id": "PT"}, {"import": 0, "export": 0, "id": "AE"}, {"import": 0, "export": 0, "id": "TR"}, {"import": 0, "export": 0, "id": "MK"}, {"import": 0, "export": 0, "id": "EG"}, {"import": 0, "export": 12, "id": "CH"}, {"import": 0, "export": 0, "id": "SG"}, {"import": 1, "export": 0, "id": "US"}, {"import": 0, "export": 12, "id": "SE"}, {"import": 0, "export": 6, "id": "KW"}, {"import": 0, "export": 3, "id": "LU"}, {"import": 0, "export": 1, "id": "GH"}, {"import": 0, "export": 1, "id": "HR"}, {"import": 0, "export": 1, "id": "IE"}, {"import": 0, "export": 1, "id": "SA"}, {"import": 0, "export": 0, "id": "SK"}, {"import": 0, "export": 0, "id": "NG"}, {"import": 0, "export": 0, "id": "NO"}, {"import": 0, "export": 0, "id": "VE"}, {"import": 0, "export": 0, "id": "ML"}, {"import": 0, "export": 0, "id": "LV"}, {"import": 0, "export": 0, "id": "LT"}, {"import": 0, "export": 0, "id": "RO"}, {"import": 0, "export": 0, "id": "RW"}, {"import": 0, "export": 0, "id": "KE"}, {"import": 0, "export": 0, "id": "IS"}, {"import": 0, "export": 0, "id": "EE"}, {"import": 0, "export": 0, "id": "FI"}, {"import": 0, "export": 0, "id": "BH"}, {"import": 0, "export": 0, "id": "BG"}, {"import": 0, "export": 0, "id": "CL"}, {"import": 0, "export": 0, "id": "SI"}, {"import": 0, "export": 0, "id": "ZA"}], "import": 6616, "export": 353}, {"date": "2020-07-01", "list": [{"import": 1141, "export": 0, "id": "IT"}, {"import": 1046, "export": 0, "id": "PK"}, {"import": 720, "export": 0, "id": "UY"}, {"import": 416, "export": 0, "id": "BE"}, {"import": 389, "export": 0, "id": "IN"}, {"import": 225, "export": 0, "id": "ES"}, {"import": 128, "export": 0, "id": "TH"}, {"import": 97, "export": 0, "id": "HU"}, {"import": 75, "export": 0, "id": "FR"}, {"import": 70, "export": 0, "id": "NL"}, {"import": 38, "export": 0, "id": "AU"}, {"import": 30, "export": 0, "id": "VN"}, {"import": 22, "export": 0, "id": "GR"}, {"import": 6, "export": 0, "id": "IR"}, {"import": 4, "export": 0, "id": "RU"}, {"import": 4, "export": 0, "id": "KH"}, {"import": 4, "export": 0, "id": "GB"}, {"import": 3, "export": 0, "id": "LK"}, {"import": 3, "export": 0, "id": "AT"}, {"import": 3, "export": 0, "id": "-"}, {"import": 1, "export": 0, "id": "JP"}, {"import": 1, "export": 0, "id": "KR"}, {"import": 0, "export": 0, "id": "MX"}, {"import": 0, "export": 0, "id": "DK"}, {"import": 0, "export": 0, "id": "GY"}, {"import": 0, "export": 0, "id": "BD"}, {"import": 0, "export": 0, "id": "AR"}, {"import": 0, "export": 0, "id": "CN"}, {"import": 0, "export": 0, "id": "BR"}, {"import": 0, "export": 0, "id": "MM"}, {"import": 0, "export": 0, "id": "PY"}, {"import": 0, "export": 0, "id": "PL"}, {"import": 0, "export": 0, "id": "PT"}, {"import": 0, "export": 0, "id": "AE"}, {"import": 0, "export": 0, "id": "TR"}, {"import": 0, "export": 0, "id": "MK"}, {"import": 0, "export": 0, "id": "EG"}, {"import": 0, "export": 0, "id": "CH"}, {"import": 0, "export": 0, "id": "SG"}, {"import": 0, "export": 0, "id": "US"}], "import": 4426, "export": 0}, {"date": "2018-11-01", "list": [{"import": 0, "export": 129, "id": "PL"}, {"import": 0, "export": 44, "id": "AT"}, {"import": 0, "export": 12, "id": "FR"}, {"import": 0, "export": 0, "id": "-"}, {"import": 0, "export": 31, "id": "DK"}, {"import": 0, "export": 5, "id": "SE"}, {"import": 0, "export": 13, "id": "CH"}, {"import": 0, "export": 220, "id": "NL"}, {"import": 0, "export": 0, "id": "KW"}, {"import": 0, "export": 2, "id": "IT"}, {"import": 0, "export": 2, "id": "LU"}, {"import": 0, "export": 0, "id": "VN"}, {"import": 0, "export": 18, "id": "ES"}, {"import": 0, "export": 4, "id": "GB"}, {"import": 0, "export": 2, "id": "GR"}, {"import": 0, "export": 6, "id": "HU"}, {"import": 0, "export": 0, "id": "GH"}, {"import": 0, "export": 2, "id": "HR"}, {"import": 0, "export": 5, "id": "IE"}, {"import": 0, "export": 0, "id": "SA"}, {"import": 0, "export": 1, "id": "SK"}, {"import": 0, "export": 0, "id": "NG"}, {"import": 0, "export": 0, "id": "NO"}, {"import": 0, "export": 0, "id": "VE"}, {"import": 0, "export": 0, "id": "ML"}, {"import": 0, "export": 1, "id": "LV"}, {"import": 0, "export": 0, "id": "LT"}, {"import": 0, "export": 2, "id": "PT"}, {"import": 0, "export": 1, "id": "RO"}, {"import": 0, "export": 0, "id": "RU"}, {"import": 0, "export": 0, "id": "RW"}, {"import": 0, "export": 0, "id": "KE"}, {"import": 0, "export": 0, "id": "IS"}, {"import": 0, "export": 13, "id": "EE"}, {"import": 0, "export": 12, "id": "FI"}, {"import": 0, "export": 1, "id": "BH"}, {"import": 0, "export": 4, "id": "BE"}, {"import": 0, "export": 1, "id": "BG"}, {"import": 0, "export": 0, "id": "LK"}, {"import": 0, "export": 0, "id": "CL"}, {"import": 0, "export": 3, "id": "SI"}, {"import": 0, "export": 0, "id": "ZA"}], "import": 0, "export": 547}]