[{"date": "2018-05-01", "list": [{"import": 0, "export": 0, "id": "BR"}, {"import": 0, "export": 0, "id": "GY"}, {"import": 2160, "export": 0, "id": "US"}, {"import": 0, "export": 0, "id": "TH"}, {"import": 733, "export": 0, "id": "GB"}, {"import": 0, "export": 0, "id": "NL"}, {"import": 0, "export": 0, "id": "IN"}, {"import": 0, "export": 0, "id": "SR"}, {"import": 0, "export": 0, "id": "BZ"}, {"import": 0, "export": 0, "id": "CA"}, {"import": 0, "export": 0, "id": "CN"}], "import": 2893, "export": 0}, {"date": "2018-06-01", "list": [{"import": 0, "export": 0, "id": "BR"}, {"import": 0, "export": 0, "id": "GY"}, {"import": 121, "export": 0, "id": "US"}, {"import": 0, "export": 0, "id": "TH"}, {"import": 624, "export": 0, "id": "GB"}, {"import": 0, "export": 0, "id": "NL"}, {"import": 0, "export": 0, "id": "IN"}, {"import": 0, "export": 0, "id": "SR"}, {"import": 0, "export": 0, "id": "BZ"}, {"import": 0, "export": 0, "id": "CA"}, {"import": 0, "export": 0, "id": "CN"}], "import": 745, "export": 0}, {"date": "2018-07-01", "list": [{"import": 12875, "export": 0, "id": "BR"}, {"import": 0, "export": 0, "id": "GY"}, {"import": 60, "export": 0, "id": "US"}, {"import": 0, "export": 0, "id": "TH"}, {"import": 706, "export": 0, "id": "GB"}, {"import": 169, "export": 0, "id": "NL"}, {"import": 0, "export": 0, "id": "IN"}, {"import": 0, "export": 0, "id": "SR"}, {"import": 0, "export": 0, "id": "BZ"}, {"import": 0, "export": 0, "id": "CA"}, {"import": 0, "export": 0, "id": "CN"}], "import": 13810, "export": 0}, {"date": "2018-08-01", "list": [{"import": 12771, "export": 0, "id": "BR"}, {"import": 4580, "export": 0, "id": "GY"}, {"import": 0, "export": 0, "id": "US"}, {"import": 276, "export": 0, "id": "TH"}, {"import": 1357, "export": 0, "id": "GB"}, {"import": 0, "export": 0, "id": "NL"}, {"import": 0, "export": 0, "id": "IN"}, {"import": 0, "export": 0, "id": "SR"}, {"import": 0, "export": 0, "id": "BZ"}, {"import": 0, "export": 0, "id": "CA"}, {"import": 0, "export": 0, "id": "CN"}], "import": 18984, "export": 0}, {"date": "2018-09-01", "list": [{"import": 12737, "export": 0, "id": "BR"}, {"import": 0, "export": 0, "id": "GY"}, {"import": 0, "export": 0, "id": "US"}, {"import": 0, "export": 0, "id": "TH"}, {"import": 1186, "export": 0, "id": "GB"}, {"import": 0, "export": 0, "id": "NL"}, {"import": 0, "export": 0, "id": "IN"}, {"import": 0, "export": 0, "id": "SR"}, {"import": 0, "export": 0, "id": "BZ"}, {"import": 0, "export": 0, "id": "CA"}, {"import": 0, "export": 0, "id": "CN"}], "import": 13923, "export": 0}, {"date": "2018-10-01", "list": [{"import": 0, "export": 0, "id": "BR"}, {"import": 0, "export": 0, "id": "GY"}, {"import": 59, "export": 0, "id": "US"}, {"import": 0, "export": 0, "id": "TH"}, {"import": 599, "export": 0, "id": "GB"}, {"import": 0, "export": 0, "id": "NL"}, {"import": 0, "export": 0, "id": "IN"}, {"import": 0, "export": 0, "id": "SR"}, {"import": 0, "export": 0, "id": "BZ"}, {"import": 0, "export": 0, "id": "CA"}, {"import": 0, "export": 0, "id": "CN"}], "import": 658, "export": 0}, {"date": "2018-11-01", "list": [{"import": 0, "export": 0, "id": "BR"}, {"import": 0, "export": 0, "id": "GY"}, {"import": 547, "export": 0, "id": "US"}, {"import": 0, "export": 0, "id": "TH"}, {"import": 1362, "export": 0, "id": "GB"}, {"import": 0, "export": 0, "id": "NL"}, {"import": 0, "export": 0, "id": "IN"}, {"import": 0, "export": 0, "id": "SR"}, {"import": 0, "export": 0, "id": "BZ"}, {"import": 0, "export": 0, "id": "CA"}, {"import": 0, "export": 0, "id": "CN"}], "import": 1909, "export": 0}, {"date": "2018-12-01", "list": [{"import": 18299, "export": 0, "id": "BR"}, {"import": 0, "export": 0, "id": "GY"}, {"import": 181, "export": 0, "id": "US"}, {"import": 0, "export": 0, "id": "TH"}, {"import": 1234, "export": 0, "id": "GB"}, {"import": 0, "export": 0, "id": "NL"}, {"import": 0, "export": 0, "id": "IN"}, {"import": 0, "export": 0, "id": "SR"}, {"import": 0, "export": 0, "id": "BZ"}, {"import": 0, "export": 0, "id": "CA"}, {"import": 0, "export": 0, "id": "CN"}], "import": 19714, "export": 0}, {"date": "2019-01-01", "list": [{"import": 5533, "export": 0, "id": "BR"}, {"import": 0, "export": 0, "id": "GY"}, {"import": 0, "export": 0, "id": "US"}, {"import": 0, "export": 0, "id": "TH"}, {"import": 0, "export": 0, "id": "GB"}, {"import": 0, "export": 0, "id": "NL"}, {"import": 0, "export": 0, "id": "IN"}, {"import": 0, "export": 0, "id": "SR"}, {"import": 0, "export": 0, "id": "BZ"}, {"import": 0, "export": 0, "id": "CA"}, {"import": 0, "export": 0, "id": "CN"}], "import": 5533, "export": 0}, {"date": "2019-02-01", "list": [{"import": 0, "export": 0, "id": "BR"}, {"import": 0, "export": 0, "id": "GY"}, {"import": 0, "export": 0, "id": "US"}, {"import": 0, "export": 0, "id": "TH"}, {"import": 0, "export": 0, "id": "GB"}, {"import": 0, "export": 0, "id": "NL"}, {"import": 0, "export": 0, "id": "IN"}, {"import": 0, "export": 0, "id": "SR"}, {"import": 0, "export": 0, "id": "BZ"}, {"import": 0, "export": 0, "id": "CA"}, {"import": 0, "export": 0, "id": "CN"}], "import": 0, "export": 0}, {"date": "2019-03-01", "list": [{"import": 0, "export": 0, "id": "BR"}, {"import": 0, "export": 0, "id": "GY"}, {"import": 0, "export": 0, "id": "US"}, {"import": 0, "export": 0, "id": "TH"}, {"import": 0, "export": 0, "id": "GB"}, {"import": 0, "export": 0, "id": "NL"}, {"import": 0, "export": 0, "id": "IN"}, {"import": 0, "export": 0, "id": "SR"}, {"import": 0, "export": 0, "id": "BZ"}, {"import": 0, "export": 0, "id": "CA"}, {"import": 0, "export": 0, "id": "CN"}], "import": 0, "export": 0}, {"date": "2019-04-01", "list": [{"import": 0, "export": 0, "id": "BR"}, {"import": 0, "export": 0, "id": "GY"}, {"import": 437, "export": 0, "id": "US"}, {"import": 0, "export": 0, "id": "TH"}, {"import": 114, "export": 0, "id": "GB"}, {"import": 0, "export": 0, "id": "NL"}, {"import": 0, "export": 0, "id": "IN"}, {"import": 0, "export": 0, "id": "SR"}, {"import": 0, "export": 0, "id": "BZ"}, {"import": 283, "export": 0, "id": "CA"}, {"import": 0, "export": 0, "id": "CN"}], "import": 834, "export": 0}, {"date": "2019-05-01", "list": [{"import": 0, "export": 0, "id": "BR"}, {"import": 0, "export": 0, "id": "GY"}, {"import": 269, "export": 0, "id": "US"}, {"import": 0, "export": 0, "id": "TH"}, {"import": 0, "export": 0, "id": "GB"}, {"import": 0, "export": 0, "id": "NL"}, {"import": 0, "export": 0, "id": "IN"}, {"import": 0, "export": 0, "id": "SR"}, {"import": 0, "export": 0, "id": "BZ"}, {"import": 0, "export": 0, "id": "CA"}, {"import": 0, "export": 0, "id": "CN"}], "import": 269, "export": 0}, {"date": "2019-06-01", "list": [{"import": 0, "export": 0, "id": "BR"}, {"import": 0, "export": 0, "id": "GY"}, {"import": 334, "export": 0, "id": "US"}, {"import": 0, "export": 0, "id": "TH"}, {"import": 0, "export": 0, "id": "GB"}, {"import": 0, "export": 0, "id": "NL"}, {"import": 0, "export": 0, "id": "IN"}, {"import": 0, "export": 0, "id": "SR"}, {"import": 0, "export": 0, "id": "BZ"}, {"import": 0, "export": 0, "id": "CA"}, {"import": 0, "export": 0, "id": "CN"}], "import": 334, "export": 0}, {"date": "2019-07-01", "list": [{"import": 12794, "export": 0, "id": "BR"}, {"import": 0, "export": 0, "id": "GY"}, {"import": 0, "export": 0, "id": "US"}, {"import": 0, "export": 0, "id": "TH"}, {"import": 0, "export": 0, "id": "GB"}, {"import": 0, "export": 0, "id": "NL"}, {"import": 0, "export": 0, "id": "IN"}, {"import": 0, "export": 0, "id": "SR"}, {"import": 0, "export": 0, "id": "BZ"}, {"import": 0, "export": 0, "id": "CA"}, {"import": 0, "export": 0, "id": "CN"}], "import": 12794, "export": 0}, {"date": "2019-08-01", "list": [{"import": 12766, "export": 0, "id": "BR"}, {"import": 0, "export": 0, "id": "GY"}, {"import": 552, "export": 0, "id": "US"}, {"import": 0, "export": 0, "id": "TH"}, {"import": 0, "export": 0, "id": "GB"}, {"import": 0, "export": 0, "id": "NL"}, {"import": 0, "export": 0, "id": "IN"}, {"import": 0, "export": 0, "id": "SR"}, {"import": 0, "export": 0, "id": "BZ"}, {"import": 0, "export": 0, "id": "CA"}, {"import": 0, "export": 0, "id": "CN"}], "import": 13318, "export": 0}, {"date": "2019-09-01", "list": [{"import": 0, "export": 0, "id": "BR"}, {"import": 9125, "export": 0, "id": "GY"}, {"import": 52000, "export": 0, "id": "US"}, {"import": 0, "export": 0, "id": "TH"}, {"import": 0, "export": 0, "id": "GB"}, {"import": 0, "export": 0, "id": "NL"}, {"import": 0, "export": 0, "id": "IN"}, {"import": 0, "export": 0, "id": "SR"}, {"import": 0, "export": 0, "id": "BZ"}, {"import": 0, "export": 0, "id": "CA"}, {"import": 0, "export": 0, "id": "CN"}], "import": 61125, "export": 0}, {"date": "2019-10-01", "list": [{"import": 16245, "export": 0, "id": "BR"}, {"import": 50820, "export": 0, "id": "GY"}, {"import": 2831, "export": 0, "id": "US"}, {"import": 290, "export": 0, "id": "TH"}, {"import": 0, "export": 0, "id": "GB"}, {"import": 0, "export": 0, "id": "NL"}, {"import": 0, "export": 0, "id": "IN"}, {"import": 0, "export": 0, "id": "SR"}, {"import": 0, "export": 0, "id": "BZ"}, {"import": 0, "export": 0, "id": "CA"}, {"import": 159, "export": 0, "id": "CN"}], "import": 70345, "export": 0}]