[{"date": "2019-06-01", "list": [{"import": 25000, "export": 0, "id": "BB"}, {"import": 49445, "export": 0, "id": "GY"}], "import": 74445, "export": 0}, {"date": "2019-01-01", "list": [{"import": 150205, "export": 0, "id": "GY"}], "import": 150205, "export": 0}, {"date": "2019-02-01", "list": [{"import": 80090, "export": 0, "id": "GY"}], "import": 80090, "export": 0}, {"date": "2019-03-01", "list": [{"import": 23100, "export": 0, "id": "GY"}], "import": 23100, "export": 0}, {"date": "2019-04-01", "list": [{"import": 51582, "export": 0, "id": "GY"}], "import": 51582, "export": 0}, {"date": "2019-05-01", "list": [{"import": 48000, "export": 0, "id": "GY"}], "import": 48000, "export": 0}, {"date": "2019-07-01", "list": [{"import": 5009, "export": 0, "id": "GY"}], "import": 5009, "export": 0}, {"date": "2019-10-01", "list": [{"import": 25000, "export": 0, "id": "GY"}], "import": 25000, "export": 0}]