[{"date": "2016-02-01", "list": [{"import": 0, "export": 0, "id": "US"}, {"import": 0, "export": 0, "id": "IT"}, {"import": 12684, "export": 0, "id": "GB"}, {"import": 0, "export": 0, "id": "ZA"}], "import": 12684, "export": 0}, {"date": "2016-03-01", "list": [{"import": 0, "export": 0, "id": "US"}, {"import": 0, "export": 0, "id": "IT"}, {"import": 0, "export": 0, "id": "GB"}, {"import": 0, "export": 3475, "id": "ZA"}], "import": 0, "export": 3475}, {"date": "2016-04-01", "list": [{"import": 0, "export": 0, "id": "US"}, {"import": 0, "export": 0, "id": "IT"}, {"import": 0, "export": 0, "id": "GB"}, {"import": 0, "export": 0, "id": "ZA"}], "import": 0, "export": 0}, {"date": "2016-05-01", "list": [{"import": 0, "export": 0, "id": "US"}, {"import": 0, "export": 0, "id": "IT"}, {"import": 0, "export": 0, "id": "GB"}, {"import": 0, "export": 0, "id": "ZA"}], "import": 0, "export": 0}, {"date": "2016-06-01", "list": [{"import": 0, "export": 0, "id": "US"}, {"import": 0, "export": 0, "id": "IT"}, {"import": 17500, "export": 0, "id": "GB"}, {"import": 0, "export": 0, "id": "ZA"}], "import": 17500, "export": 0}, {"date": "2016-07-01", "list": [{"import": 0, "export": 0, "id": "US"}, {"import": 0, "export": 0, "id": "IT"}, {"import": 12894, "export": 0, "id": "GB"}, {"import": 0, "export": 0, "id": "ZA"}], "import": 12894, "export": 0}, {"date": "2016-08-01", "list": [{"import": 0, "export": 0, "id": "US"}, {"import": 0, "export": 0, "id": "IT"}, {"import": 18500, "export": 0, "id": "GB"}, {"import": 0, "export": 0, "id": "ZA"}], "import": 18500, "export": 0}, {"date": "2016-09-01", "list": [{"import": 0, "export": 0, "id": "US"}, {"import": 0, "export": 0, "id": "IT"}, {"import": 0, "export": 0, "id": "GB"}, {"import": 0, "export": 0, "id": "ZA"}], "import": 0, "export": 0}, {"date": "2016-10-01", "list": [{"import": 0, "export": 0, "id": "US"}, {"import": 0, "export": 0, "id": "IT"}, {"import": 0, "export": 0, "id": "GB"}, {"import": 0, "export": 0, "id": "ZA"}], "import": 0, "export": 0}, {"date": "2016-11-01", "list": [{"import": 0, "export": 0, "id": "US"}, {"import": 0, "export": 0, "id": "IT"}, {"import": 0, "export": 0, "id": "GB"}, {"import": 0, "export": 0, "id": "ZA"}], "import": 0, "export": 0}, {"date": "2016-12-01", "list": [{"import": 0, "export": 0, "id": "US"}, {"import": 0, "export": 0, "id": "IT"}, {"import": 0, "export": 0, "id": "GB"}, {"import": 0, "export": 0, "id": "ZA"}], "import": 0, "export": 0}, {"date": "2017-01-01", "list": [{"import": 0, "export": 0, "id": "US"}, {"import": 0, "export": 0, "id": "IT"}, {"import": 18500, "export": 0, "id": "GB"}, {"import": 0, "export": 0, "id": "ZA"}], "import": 18500, "export": 0}, {"date": "2017-02-01", "list": [{"import": 0, "export": 0, "id": "US"}, {"import": 0, "export": 0, "id": "IT"}, {"import": 0, "export": 0, "id": "GB"}, {"import": 0, "export": 0, "id": "ZA"}], "import": 0, "export": 0}, {"date": "2017-03-01", "list": [{"import": 0, "export": 0, "id": "US"}, {"import": 0, "export": 0, "id": "IT"}, {"import": 18960, "export": 0, "id": "GB"}, {"import": 0, "export": 0, "id": "ZA"}], "import": 18960, "export": 0}, {"date": "2017-04-01", "list": [{"import": 0, "export": 0, "id": "US"}, {"import": 18500, "export": 0, "id": "IT"}, {"import": 0, "export": 0, "id": "GB"}, {"import": 0, "export": 0, "id": "ZA"}], "import": 18500, "export": 0}, {"date": "2017-05-01", "list": [{"import": 0, "export": 0, "id": "US"}, {"import": 0, "export": 0, "id": "IT"}, {"import": 0, "export": 0, "id": "GB"}, {"import": 0, "export": 450, "id": "ZA"}], "import": 0, "export": 450}, {"date": "2017-06-01", "list": [{"import": 0, "export": 0, "id": "US"}, {"import": 18500, "export": 0, "id": "IT"}, {"import": 0, "export": 0, "id": "GB"}, {"import": 0, "export": 0, "id": "ZA"}], "import": 18500, "export": 0}, {"date": "2017-07-01", "list": [{"import": 0, "export": 0, "id": "US"}, {"import": 0, "export": 0, "id": "IT"}, {"import": 0, "export": 0, "id": "GB"}, {"import": 0, "export": 0, "id": "ZA"}], "import": 0, "export": 0}]