[{"date": "2015-05-01", "list": [{"import": 0, "export": 0, "id": "IL"}, {"import": 0, "export": 0, "id": "JO"}, {"import": 0, "export": 0, "id": "IN"}], "import": 0, "export": 0}, {"date": "2015-06-01", "list": [{"import": 0, "export": 0, "id": "IL"}, {"import": 0, "export": 0, "id": "JO"}, {"import": 0, "export": 0, "id": "IN"}], "import": 0, "export": 0}, {"date": "2015-07-01", "list": [{"import": 0, "export": 0, "id": "IL"}, {"import": 0, "export": 0, "id": "JO"}, {"import": 0, "export": 0, "id": "IN"}], "import": 0, "export": 0}, {"date": "2015-08-01", "list": [{"import": 0, "export": 0, "id": "IL"}, {"import": 0, "export": 0, "id": "JO"}, {"import": 0, "export": 0, "id": "IN"}], "import": 0, "export": 0}, {"date": "2015-09-01", "list": [{"import": 0, "export": 0, "id": "IL"}, {"import": 0, "export": 0, "id": "JO"}, {"import": 0, "export": 0, "id": "IN"}], "import": 0, "export": 0}, {"date": "2015-10-01", "list": [{"import": 0, "export": 0, "id": "IL"}, {"import": 0, "export": 0, "id": "JO"}, {"import": 0, "export": 0, "id": "IN"}], "import": 0, "export": 0}, {"date": "2015-11-01", "list": [{"import": 0, "export": 0, "id": "IL"}, {"import": 0, "export": 0, "id": "JO"}, {"import": 0, "export": 0, "id": "IN"}], "import": 0, "export": 0}, {"date": "2015-12-01", "list": [{"import": 0, "export": 0, "id": "IL"}, {"import": 0, "export": 0, "id": "IN"}], "import": 0, "export": 0}, {"date": "2016-01-01", "list": [{"import": 0, "export": 0, "id": "IL"}, {"import": 0, "export": 0, "id": "JO"}, {"import": 0, "export": 0, "id": "IN"}], "import": 0, "export": 0}, {"date": "2016-02-01", "list": [{"import": 0, "export": 0, "id": "IL"}, {"import": 0, "export": 0, "id": "JO"}, {"import": 0, "export": 0, "id": "IN"}], "import": 0, "export": 0}, {"date": "2016-03-01", "list": [{"import": 0, "export": 0, "id": "IL"}, {"import": 0, "export": 0, "id": "JO"}, {"import": 0, "export": 0, "id": "IN"}], "import": 0, "export": 0}, {"date": "2016-04-01", "list": [{"import": 0, "export": 0, "id": "IL"}, {"import": 0, "export": 0, "id": "JO"}], "import": 0, "export": 0}, {"date": "2016-05-01", "list": [{"import": 0, "export": 0, "id": "IL"}, {"import": 0, "export": 0, "id": "JO"}], "import": 0, "export": 0}, {"date": "2016-06-01", "list": [{"import": 0, "export": 0, "id": "IL"}, {"import": 0, "export": 0, "id": "JO"}, {"import": 0, "export": 0, "id": "IN"}], "import": 0, "export": 0}, {"date": "2016-07-01", "list": [{"import": 0, "export": 0, "id": "IL"}, {"import": 0, "export": 0, "id": "JO"}, {"import": 0, "export": 0, "id": "IN"}], "import": 0, "export": 0}, {"date": "2016-10-01", "list": [{"import": 0, "export": 0, "id": "IL"}, {"import": 0, "export": 0, "id": "JO"}, {"import": 0, "export": 0, "id": "IN"}], "import": 0, "export": 0}, {"date": "2016-11-01", "list": [{"import": 0, "export": 0, "id": "IL"}, {"import": 0, "export": 0, "id": "IN"}], "import": 0, "export": 0}, {"date": "2016-08-01", "list": [{"import": 0, "export": 0, "id": "JO"}, {"import": 0, "export": 0, "id": "IN"}], "import": 0, "export": 0}, {"date": "2016-09-01", "list": [{"import": 0, "export": 0, "id": "JO"}, {"import": 0, "export": 0, "id": "IN"}], "import": 0, "export": 0}]