[{"date": "2020-01-01", "list": [{"import": 881, "export": 0, "id": "FR"}, {"import": 27413, "export": 0, "id": "ES"}], "import": 28294, "export": 0}, {"date": "2020-02-01", "list": [{"import": 928, "export": 0, "id": "FR"}, {"import": 22418, "export": 0, "id": "ES"}], "import": 23346, "export": 0}, {"date": "2020-07-01", "list": [{"import": 706, "export": 0, "id": "FR"}], "import": 706, "export": 0}, {"date": "2019-06-01", "list": [{"import": 840, "export": 0, "id": "PT"}, {"import": 19335, "export": 0, "id": "ES"}], "import": 20175, "export": 0}, {"date": "2019-12-01", "list": [{"import": 788, "export": 0, "id": "PT"}, {"import": 9961, "export": 0, "id": "ES"}], "import": 10749, "export": 0}, {"date": "2020-04-01", "list": [{"import": 1700, "export": 0, "id": "PT"}, {"import": 44586, "export": 0, "id": "ES"}], "import": 46286, "export": 0}, {"date": "2020-06-01", "list": [{"import": 2410, "export": 0, "id": "PT"}], "import": 2410, "export": 0}, {"date": "2019-01-01", "list": [{"import": 18810, "export": 0, "id": "ES"}], "import": 18810, "export": 0}, {"date": "2019-02-01", "list": [{"import": 21329, "export": 0, "id": "ES"}], "import": 21329, "export": 0}, {"date": "2019-03-01", "list": [{"import": 13993, "export": 0, "id": "ES"}, {"import": 0, "export": 25000, "id": "MG"}], "import": 13993, "export": 25000}, {"date": "2019-04-01", "list": [{"import": 26834, "export": 0, "id": "ES"}], "import": 26834, "export": 0}, {"date": "2019-05-01", "list": [{"import": 13577, "export": 0, "id": "ES"}], "import": 13577, "export": 0}, {"date": "2019-07-01", "list": [{"import": 16625, "export": 0, "id": "ES"}], "import": 16625, "export": 0}, {"date": "2019-08-01", "list": [{"import": 9683, "export": 0, "id": "ES"}], "import": 9683, "export": 0}, {"date": "2019-09-01", "list": [{"import": 19344, "export": 0, "id": "ES"}], "import": 19344, "export": 0}, {"date": "2019-10-01", "list": [{"import": 18271, "export": 0, "id": "ES"}], "import": 18271, "export": 0}, {"date": "2019-11-01", "list": [{"import": 21428, "export": 0, "id": "ES"}], "import": 21428, "export": 0}, {"date": "2020-03-01", "list": [{"import": 24953, "export": 0, "id": "ES"}], "import": 24953, "export": 0}, {"date": "2020-05-01", "list": [{"import": 19918, "export": 0, "id": "ES"}], "import": 19918, "export": 0}]