[{"date": "2008-05-01", "list": [{"import": 0, "export": 0, "id": "AU"}, {"import": 0, "export": 0, "id": "FR"}, {"import": 0, "export": 0, "id": "IT"}, {"import": 0, "export": 0, "id": "US"}], "import": 0, "export": 0}, {"date": "2008-06-01", "list": [{"import": 250, "export": 0, "id": "AU"}, {"import": 0, "export": 0, "id": "FR"}, {"import": 0, "export": 0, "id": "IT"}, {"import": 0, "export": 0, "id": "US"}], "import": 250, "export": 0}, {"date": "2008-07-01", "list": [{"import": 0, "export": 0, "id": "AU"}, {"import": 396, "export": 0, "id": "FR"}, {"import": 0, "export": 0, "id": "IT"}, {"import": 0, "export": 0, "id": "US"}], "import": 396, "export": 0}, {"date": "2008-08-01", "list": [{"import": 0, "export": 0, "id": "AU"}, {"import": 0, "export": 0, "id": "FR"}, {"import": 0, "export": 0, "id": "IT"}, {"import": 0, "export": 0, "id": "US"}], "import": 0, "export": 0}, {"date": "2008-09-01", "list": [{"import": 0, "export": 0, "id": "AU"}, {"import": 219, "export": 0, "id": "FR"}, {"import": 0, "export": 0, "id": "IT"}, {"import": 1211, "export": 0, "id": "US"}], "import": 1430, "export": 0}, {"date": "2008-10-01", "list": [{"import": 0, "export": 0, "id": "AU"}, {"import": 172, "export": 0, "id": "FR"}, {"import": 0, "export": 0, "id": "IT"}, {"import": 0, "export": 0, "id": "US"}], "import": 172, "export": 0}, {"date": "2008-11-01", "list": [{"import": 0, "export": 0, "id": "AU"}, {"import": 0, "export": 0, "id": "FR"}, {"import": 0, "export": 0, "id": "IT"}, {"import": 0, "export": 0, "id": "US"}], "import": 0, "export": 0}, {"date": "2008-12-01", "list": [{"import": 0, "export": 0, "id": "AU"}, {"import": 0, "export": 0, "id": "FR"}, {"import": 0, "export": 0, "id": "IT"}, {"import": 0, "export": 0, "id": "US"}], "import": 0, "export": 0}, {"date": "2009-01-01", "list": [{"import": 0, "export": 0, "id": "AU"}, {"import": 0, "export": 0, "id": "FR"}, {"import": 0, "export": 0, "id": "IT"}, {"import": 1021, "export": 0, "id": "US"}], "import": 1021, "export": 0}, {"date": "2009-02-01", "list": [{"import": 0, "export": 0, "id": "AU"}, {"import": 0, "export": 0, "id": "FR"}, {"import": 0, "export": 0, "id": "IT"}, {"import": 0, "export": 0, "id": "US"}], "import": 0, "export": 0}, {"date": "2009-03-01", "list": [{"import": 0, "export": 0, "id": "AU"}, {"import": 0, "export": 0, "id": "FR"}, {"import": 0, "export": 0, "id": "IT"}, {"import": 0, "export": 0, "id": "US"}], "import": 0, "export": 0}, {"date": "2009-04-01", "list": [{"import": 0, "export": 0, "id": "AU"}, {"import": 233, "export": 0, "id": "FR"}, {"import": 0, "export": 0, "id": "IT"}, {"import": 0, "export": 0, "id": "US"}], "import": 233, "export": 0}, {"date": "2009-05-01", "list": [{"import": 0, "export": 0, "id": "AU"}, {"import": 201, "export": 0, "id": "FR"}, {"import": 0, "export": 0, "id": "IT"}, {"import": 1023, "export": 0, "id": "US"}], "import": 1224, "export": 0}, {"date": "2009-06-01", "list": [{"import": 0, "export": 0, "id": "AU"}, {"import": 0, "export": 0, "id": "FR"}, {"import": 0, "export": 0, "id": "IT"}, {"import": 0, "export": 0, "id": "US"}], "import": 0, "export": 0}, {"date": "2009-07-01", "list": [{"import": 0, "export": 0, "id": "AU"}, {"import": 0, "export": 0, "id": "FR"}, {"import": 0, "export": 0, "id": "IT"}, {"import": 0, "export": 0, "id": "US"}], "import": 0, "export": 0}, {"date": "2009-08-01", "list": [{"import": 0, "export": 0, "id": "AU"}, {"import": 0, "export": 0, "id": "FR"}, {"import": 0, "export": 0, "id": "IT"}, {"import": 0, "export": 0, "id": "US"}], "import": 0, "export": 0}, {"date": "2009-09-01", "list": [{"import": 0, "export": 0, "id": "AU"}, {"import": 115, "export": 0, "id": "FR"}, {"import": 0, "export": 0, "id": "IT"}, {"import": 68, "export": 0, "id": "US"}], "import": 183, "export": 0}, {"date": "2009-10-01", "list": [{"import": 0, "export": 0, "id": "AU"}, {"import": 0, "export": 0, "id": "FR"}, {"import": 0, "export": 0, "id": "IT"}, {"import": 45, "export": 0, "id": "US"}], "import": 45, "export": 0}]