[{"date": "2016-05-01", "list": [{"import": 0, "export": 23879, "id": "TR"}, {"import": 0, "export": 14000, "id": "EG"}, {"import": 0, "export": 0, "id": "YE"}, {"import": 0, "export": 0, "id": "BH"}], "import": 0, "export": 37879}, {"date": "2016-06-01", "list": [{"import": 0, "export": 9040, "id": "TR"}, {"import": 0, "export": 5200, "id": "EG"}, {"import": 0, "export": 0, "id": "YE"}, {"import": 0, "export": 0, "id": "BH"}], "import": 0, "export": 14240}, {"date": "2016-07-01", "list": [{"import": 0, "export": 47600, "id": "TR"}, {"import": 0, "export": 0, "id": "EG"}, {"import": 0, "export": 0, "id": "YE"}, {"import": 0, "export": 0, "id": "BH"}], "import": 0, "export": 47600}, {"date": "2016-08-01", "list": [{"import": 0, "export": 15200, "id": "TR"}, {"import": 0, "export": 0, "id": "EG"}, {"import": 0, "export": 0, "id": "YE"}, {"import": 0, "export": 0, "id": "BH"}], "import": 0, "export": 15200}, {"date": "2016-09-01", "list": [{"import": 0, "export": 43800, "id": "TR"}, {"import": 0, "export": 0, "id": "EG"}, {"import": 0, "export": 0, "id": "YE"}, {"import": 0, "export": 0, "id": "BH"}], "import": 0, "export": 43800}, {"date": "2016-10-01", "list": [{"import": 0, "export": 25600, "id": "TR"}, {"import": 0, "export": 6000, "id": "EG"}, {"import": 0, "export": 0, "id": "YE"}, {"import": 0, "export": 0, "id": "BH"}], "import": 0, "export": 31600}, {"date": "2016-11-01", "list": [{"import": 0, "export": 8000, "id": "TR"}, {"import": 0, "export": 0, "id": "EG"}, {"import": 0, "export": 0, "id": "YE"}, {"import": 0, "export": 0, "id": "BH"}], "import": 0, "export": 8000}, {"date": "2016-12-01", "list": [{"import": 0, "export": 7800, "id": "TR"}, {"import": 0, "export": 0, "id": "EG"}, {"import": 0, "export": 0, "id": "YE"}, {"import": 0, "export": 0, "id": "BH"}], "import": 0, "export": 7800}, {"date": "2017-01-01", "list": [{"import": 0, "export": 0, "id": "TR"}, {"import": 0, "export": 0, "id": "EG"}, {"import": 0, "export": 0, "id": "YE"}, {"import": 0, "export": 0, "id": "BH"}], "import": 0, "export": 0}, {"date": "2017-02-01", "list": [{"import": 0, "export": 3200, "id": "TR"}, {"import": 0, "export": 0, "id": "EG"}, {"import": 0, "export": 0, "id": "YE"}, {"import": 0, "export": 0, "id": "BH"}], "import": 0, "export": 3200}, {"date": "2017-03-01", "list": [{"import": 0, "export": 0, "id": "TR"}, {"import": 0, "export": 0, "id": "EG"}, {"import": 0, "export": 0, "id": "YE"}, {"import": 0, "export": 0, "id": "BH"}], "import": 0, "export": 0}, {"date": "2017-04-01", "list": [{"import": 0, "export": 16633, "id": "TR"}, {"import": 0, "export": 3753, "id": "EG"}, {"import": 0, "export": 0, "id": "YE"}, {"import": 0, "export": 0, "id": "BH"}], "import": 0, "export": 20386}, {"date": "2017-05-01", "list": [{"import": 0, "export": 0, "id": "TR"}, {"import": 0, "export": 24000, "id": "EG"}, {"import": 0, "export": 0, "id": "YE"}, {"import": 0, "export": 4500, "id": "BH"}], "import": 0, "export": 28500}, {"date": "2017-06-01", "list": [{"import": 0, "export": 0, "id": "TR"}, {"import": 0, "export": 0, "id": "EG"}, {"import": 0, "export": 0, "id": "YE"}, {"import": 0, "export": 0, "id": "BH"}], "import": 0, "export": 0}, {"date": "2017-07-01", "list": [{"import": 0, "export": 859, "id": "TR"}, {"import": 0, "export": 0, "id": "EG"}, {"import": 0, "export": 0, "id": "YE"}, {"import": 0, "export": 0, "id": "BH"}], "import": 0, "export": 859}, {"date": "2017-08-01", "list": [{"import": 0, "export": 0, "id": "TR"}, {"import": 0, "export": 0, "id": "EG"}, {"import": 0, "export": 0, "id": "YE"}, {"import": 0, "export": 0, "id": "BH"}], "import": 0, "export": 0}, {"date": "2017-09-01", "list": [{"import": 0, "export": 3346, "id": "TR"}, {"import": 0, "export": 0, "id": "EG"}, {"import": 0, "export": 0, "id": "YE"}, {"import": 0, "export": 0, "id": "BH"}], "import": 0, "export": 3346}, {"date": "2017-10-01", "list": [{"import": 0, "export": 0, "id": "TR"}, {"import": 0, "export": 0, "id": "EG"}, {"import": 0, "export": 0, "id": "YE"}, {"import": 0, "export": 0, "id": "BH"}], "import": 0, "export": 0}, {"date": "2017-11-01", "list": [{"import": 0, "export": 59583, "id": "TR"}, {"import": 0, "export": 0, "id": "EG"}, {"import": 0, "export": 38612, "id": "YE"}, {"import": 0, "export": 0, "id": "BH"}], "import": 0, "export": 98195}, {"date": "2017-12-01", "list": [{"import": 0, "export": 4931, "id": "TR"}, {"import": 0, "export": 0, "id": "EG"}, {"import": 0, "export": 0, "id": "YE"}, {"import": 0, "export": 0, "id": "BH"}], "import": 0, "export": 4931}]