[{"date": "2019-01-01", "list": [{"import": 6100, "export": 0, "id": "AE"}], "import": 6100, "export": 0}, {"date": "2019-02-01", "list": [{"import": 12550, "export": 0, "id": "AE"}], "import": 12550, "export": 0}, {"date": "2019-03-01", "list": [{"import": 11100, "export": 0, "id": "AE"}], "import": 11100, "export": 0}, {"date": "2019-04-01", "list": [{"import": 27660, "export": 0, "id": "AE"}], "import": 27660, "export": 0}, {"date": "2019-05-01", "list": [{"import": 23800, "export": 0, "id": "AE"}], "import": 23800, "export": 0}, {"date": "2019-06-01", "list": [{"import": 4900, "export": 0, "id": "AE"}], "import": 4900, "export": 0}, {"date": "2019-07-01", "list": [{"import": 18730, "export": 0, "id": "AE"}], "import": 18730, "export": 0}, {"date": "2019-08-01", "list": [{"import": 6820, "export": 0, "id": "AE"}], "import": 6820, "export": 0}, {"date": "2019-09-01", "list": [{"import": 5440, "export": 0, "id": "AE"}], "import": 5440, "export": 0}, {"date": "2019-10-01", "list": [{"import": 10250, "export": 0, "id": "AE"}], "import": 10250, "export": 0}, {"date": "2019-11-01", "list": [{"import": 9150, "export": 0, "id": "AE"}], "import": 9150, "export": 0}, {"date": "2019-12-01", "list": [{"import": 14400, "export": 0, "id": "AE"}], "import": 14400, "export": 0}]