[{"date": "2019-01-01", "list": [{"import": 580, "export": 0, "id": "BR"}], "import": 580, "export": 0}, {"date": "2019-03-01", "list": [{"import": 240, "export": 0, "id": "BR"}], "import": 240, "export": 0}, {"date": "2019-06-01", "list": [{"import": 430, "export": 0, "id": "BR"}], "import": 430, "export": 0}, {"date": "2019-07-01", "list": [{"import": 1280, "export": 0, "id": "BR"}], "import": 1280, "export": 0}, {"date": "2019-08-01", "list": [{"import": 590, "export": 0, "id": "BR"}], "import": 590, "export": 0}, {"date": "2019-11-01", "list": [{"import": 470, "export": 0, "id": "BR"}], "import": 470, "export": 0}, {"date": "2019-12-01", "list": [{"import": 420, "export": 0, "id": "BR"}], "import": 420, "export": 0}, {"date": "2020-03-01", "list": [{"import": 430, "export": 0, "id": "BR"}, {"import": 520, "export": 0, "id": "GB"}], "import": 950, "export": 0}, {"date": "2020-04-01", "list": [{"import": 600, "export": 0, "id": "BR"}, {"import": 1050, "export": 0, "id": "TR"}], "import": 1650, "export": 0}, {"date": "2020-05-01", "list": [{"import": 920, "export": 0, "id": "BR"}], "import": 920, "export": 0}, {"date": "2020-06-01", "list": [{"import": 670, "export": 0, "id": "BR"}, {"import": 1000, "export": 0, "id": "GB"}], "import": 1670, "export": 0}, {"date": "2020-08-01", "list": [{"import": 1161, "export": 0, "id": "BR"}, {"import": 419, "export": 0, "id": "GB"}], "import": 1580, "export": 0}, {"date": "2020-01-01", "list": [{"import": 0, "export": 3347, "id": "PY"}], "import": 0, "export": 3347}]