[{"date": "2018-05-01", "list": [{"import": 20656124, "export": 0, "id": "US"}, {"import": 0, "export": 0, "id": "UY"}, {"import": 0, "export": 0, "id": "AR"}, {"import": 0, "export": 0, "id": "BR"}, {"import": 0, "export": 0, "id": "PA"}, {"import": 0, "export": 0, "id": "GT"}, {"import": 0, "export": 0, "id": "HN"}], "import": 20656124, "export": 0}, {"date": "2018-06-01", "list": [{"import": 0, "export": 0, "id": "US"}, {"import": 0, "export": 0, "id": "UY"}, {"import": 0, "export": 0, "id": "AR"}, {"import": 21084340, "export": 0, "id": "BR"}, {"import": 0, "export": 0, "id": "PA"}, {"import": 0, "export": 0, "id": "GT"}, {"import": 0, "export": 0, "id": "HN"}], "import": 21084340, "export": 0}, {"date": "2018-07-01", "list": [{"import": 0, "export": 0, "id": "US"}, {"import": 0, "export": 0, "id": "UY"}, {"import": 0, "export": 0, "id": "AR"}, {"import": 0, "export": 0, "id": "BR"}, {"import": 0, "export": 0, "id": "PA"}, {"import": 0, "export": 0, "id": "GT"}, {"import": 0, "export": 0, "id": "HN"}], "import": 0, "export": 0}, {"date": "2018-08-01", "list": [{"import": 5885703, "export": 0, "id": "US"}, {"import": 0, "export": 0, "id": "UY"}, {"import": 0, "export": 0, "id": "AR"}, {"import": 20330990, "export": 0, "id": "BR"}, {"import": 0, "export": 0, "id": "PA"}, {"import": 0, "export": 0, "id": "GT"}, {"import": 0, "export": 0, "id": "HN"}], "import": 26216693, "export": 0}, {"date": "2018-09-01", "list": [{"import": 0, "export": 0, "id": "US"}, {"import": 0, "export": 0, "id": "UY"}, {"import": 0, "export": 0, "id": "AR"}, {"import": 0, "export": 0, "id": "BR"}, {"import": 0, "export": 0, "id": "PA"}, {"import": 0, "export": 0, "id": "GT"}, {"import": 0, "export": 41400, "id": "HN"}], "import": 0, "export": 41400}, {"date": "2018-10-01", "list": [{"import": 7644081, "export": 0, "id": "US"}, {"import": 0, "export": 0, "id": "UY"}, {"import": 0, "export": 0, "id": "AR"}, {"import": 0, "export": 0, "id": "BR"}, {"import": 0, "export": 0, "id": "PA"}, {"import": 0, "export": 0, "id": "GT"}, {"import": 0, "export": 0, "id": "HN"}], "import": 7644081, "export": 0}, {"date": "2018-11-01", "list": [{"import": 0, "export": 0, "id": "US"}, {"import": 0, "export": 0, "id": "UY"}, {"import": 0, "export": 0, "id": "AR"}, {"import": 0, "export": 0, "id": "BR"}, {"import": 0, "export": 0, "id": "PA"}, {"import": 0, "export": 0, "id": "GT"}, {"import": 0, "export": 0, "id": "HN"}], "import": 0, "export": 0}, {"date": "2018-12-01", "list": [{"import": 25675288, "export": 0, "id": "US"}, {"import": 0, "export": 0, "id": "UY"}, {"import": 0, "export": 0, "id": "AR"}, {"import": 0, "export": 0, "id": "BR"}, {"import": 0, "export": 0, "id": "PA"}, {"import": 0, "export": 0, "id": "GT"}, {"import": 0, "export": 0, "id": "HN"}], "import": 25675288, "export": 0}, {"date": "2019-01-01", "list": [{"import": 0, "export": 0, "id": "US"}, {"import": 0, "export": 0, "id": "UY"}, {"import": 0, "export": 0, "id": "AR"}, {"import": 0, "export": 0, "id": "BR"}, {"import": 0, "export": 0, "id": "PA"}, {"import": 0, "export": 0, "id": "GT"}, {"import": 0, "export": 0, "id": "HN"}], "import": 0, "export": 0}, {"date": "2019-02-01", "list": [{"import": 5364547, "export": 0, "id": "US"}, {"import": 0, "export": 0, "id": "UY"}, {"import": 0, "export": 0, "id": "AR"}, {"import": 14995600, "export": 0, "id": "BR"}, {"import": 0, "export": 0, "id": "PA"}, {"import": 0, "export": 0, "id": "GT"}, {"import": 0, "export": 0, "id": "HN"}], "import": 20360147, "export": 0}, {"date": "2019-03-01", "list": [{"import": 0, "export": 0, "id": "US"}, {"import": 0, "export": 0, "id": "UY"}, {"import": 16465525, "export": 0, "id": "AR"}, {"import": 0, "export": 0, "id": "BR"}, {"import": 0, "export": 0, "id": "PA"}, {"import": 0, "export": 0, "id": "GT"}, {"import": 0, "export": 0, "id": "HN"}], "import": 16465525, "export": 0}, {"date": "2019-04-01", "list": [{"import": 0, "export": 0, "id": "US"}, {"import": 0, "export": 0, "id": "UY"}, {"import": 0, "export": 0, "id": "AR"}, {"import": 0, "export": 0, "id": "BR"}, {"import": 0, "export": 0, "id": "PA"}, {"import": 0, "export": 0, "id": "GT"}, {"import": 0, "export": 0, "id": "HN"}], "import": 0, "export": 0}, {"date": "2019-05-01", "list": [{"import": 0, "export": 0, "id": "US"}, {"import": 0, "export": 0, "id": "UY"}, {"import": 26140000, "export": 0, "id": "AR"}, {"import": 0, "export": 0, "id": "BR"}, {"import": 0, "export": 0, "id": "PA"}, {"import": 0, "export": 0, "id": "GT"}, {"import": 0, "export": 0, "id": "HN"}], "import": 26140000, "export": 0}, {"date": "2019-06-01", "list": [{"import": 27184832, "export": 0, "id": "US"}, {"import": 0, "export": 0, "id": "UY"}, {"import": 0, "export": 0, "id": "AR"}, {"import": 0, "export": 0, "id": "BR"}, {"import": 0, "export": 0, "id": "PA"}, {"import": 0, "export": 1150, "id": "GT"}, {"import": 0, "export": 0, "id": "HN"}], "import": 27184832, "export": 1150}, {"date": "2019-07-01", "list": [{"import": 4250000, "export": 0, "id": "US"}, {"import": 15750000, "export": 0, "id": "UY"}, {"import": 0, "export": 0, "id": "AR"}, {"import": 0, "export": 0, "id": "BR"}, {"import": 0, "export": 0, "id": "PA"}, {"import": 0, "export": 0, "id": "GT"}, {"import": 0, "export": 0, "id": "HN"}], "import": 20000000, "export": 0}, {"date": "2019-08-01", "list": [{"import": 4925365, "export": 0, "id": "US"}, {"import": 0, "export": 0, "id": "UY"}, {"import": 0, "export": 0, "id": "AR"}, {"import": 0, "export": 0, "id": "BR"}, {"import": 0, "export": 0, "id": "PA"}, {"import": 0, "export": 0, "id": "GT"}, {"import": 0, "export": 0, "id": "HN"}], "import": 4925365, "export": 0}, {"date": "2019-09-01", "list": [{"import": 0, "export": 0, "id": "US"}, {"import": 0, "export": 0, "id": "UY"}, {"import": 0, "export": 0, "id": "AR"}, {"import": 0, "export": 0, "id": "BR"}, {"import": 0, "export": 60300, "id": "PA"}, {"import": 0, "export": 0, "id": "GT"}, {"import": 0, "export": 0, "id": "HN"}], "import": 0, "export": 60300}, {"date": "2019-10-01", "list": [{"import": 8901651, "export": 0, "id": "US"}, {"import": 0, "export": 0, "id": "UY"}, {"import": 0, "export": 0, "id": "AR"}, {"import": 0, "export": 0, "id": "BR"}, {"import": 0, "export": 0, "id": "PA"}, {"import": 0, "export": 0, "id": "GT"}, {"import": 0, "export": 0, "id": "HN"}], "import": 8901651, "export": 0}, {"date": "2019-11-01", "list": [{"import": 22955033, "export": 0, "id": "US"}, {"import": 0, "export": 0, "id": "UY"}, {"import": 0, "export": 0, "id": "AR"}, {"import": 0, "export": 0, "id": "BR"}, {"import": 0, "export": 0, "id": "PA"}, {"import": 0, "export": 0, "id": "GT"}, {"import": 0, "export": 0, "id": "HN"}], "import": 22955033, "export": 0}, {"date": "2019-12-01", "list": [{"import": 1311700, "export": 0, "id": "US"}, {"import": 0, "export": 0, "id": "UY"}, {"import": 0, "export": 0, "id": "AR"}, {"import": 0, "export": 0, "id": "BR"}, {"import": 0, "export": 50140, "id": "PA"}, {"import": 0, "export": 0, "id": "GT"}, {"import": 0, "export": 0, "id": "HN"}], "import": 1311700, "export": 50140}]