[{"date": "2018-10-01", "list": [{"import": 0, "export": 0, "id": "DE"}, {"import": 0, "export": 0, "id": "-"}, {"import": 0, "export": 0, "id": "FR"}, {"import": 0, "export": 0, "id": "BE"}, {"import": 0, "export": 0, "id": "HU"}, {"import": 0, "export": 0, "id": "IT"}, {"import": 6720, "export": 0, "id": "PL"}, {"import": 0, "export": 0, "id": "TH"}, {"import": 0, "export": 0, "id": "GB"}, {"import": 0, "export": 585, "id": "GL"}, {"import": 0, "export": 3200, "id": "IS"}, {"import": 0, "export": 0, "id": "NL"}, {"import": 0, "export": 0, "id": "CY"}, {"import": 0, "export": 0, "id": "FO"}, {"import": 0, "export": 0, "id": "GR"}], "import": 6720, "export": 3785}, {"date": "2018-11-01", "list": [{"import": 150, "export": 102, "id": "DE"}, {"import": 0, "export": 0, "id": "-"}, {"import": 0, "export": 0, "id": "FR"}, {"import": 0, "export": 0, "id": "BE"}, {"import": 0, "export": 0, "id": "HU"}, {"import": 0, "export": 0, "id": "IT"}, {"import": 6720, "export": 0, "id": "PL"}, {"import": 0, "export": 0, "id": "TH"}, {"import": 0, "export": 0, "id": "GB"}, {"import": 0, "export": 556, "id": "GL"}, {"import": 0, "export": 5350, "id": "IS"}, {"import": 0, "export": 0, "id": "NL"}, {"import": 0, "export": 0, "id": "CY"}, {"import": 0, "export": 1323, "id": "FO"}, {"import": 0, "export": 0, "id": "GR"}], "import": 6870, "export": 7331}, {"date": "2018-12-01", "list": [{"import": 0, "export": 0, "id": "DE"}, {"import": 0, "export": 0, "id": "-"}, {"import": 0, "export": 0, "id": "FR"}, {"import": 0, "export": 0, "id": "BE"}, {"import": 0, "export": 0, "id": "HU"}, {"import": 0, "export": 0, "id": "IT"}, {"import": 14282, "export": 0, "id": "PL"}, {"import": 0, "export": 0, "id": "TH"}, {"import": 0, "export": 0, "id": "GB"}, {"import": 0, "export": 0, "id": "GL"}, {"import": 0, "export": 0, "id": "IS"}, {"import": 0, "export": 0, "id": "NL"}, {"import": 0, "export": 0, "id": "CY"}, {"import": 0, "export": 0, "id": "FO"}, {"import": 0, "export": 0, "id": "GR"}], "import": 14282, "export": 0}, {"date": "2019-01-01", "list": [{"import": 300, "export": 95, "id": "DE"}, {"import": 0, "export": 0, "id": "-"}, {"import": 0, "export": 0, "id": "FR"}, {"import": 0, "export": 0, "id": "BE"}, {"import": 0, "export": 0, "id": "HU"}, {"import": 0, "export": 0, "id": "IT"}, {"import": 3360, "export": 0, "id": "PL"}, {"import": 0, "export": 0, "id": "TH"}, {"import": 0, "export": 0, "id": "GB"}, {"import": 0, "export": 0, "id": "GL"}, {"import": 0, "export": 0, "id": "IS"}, {"import": 0, "export": 0, "id": "NL"}, {"import": 0, "export": 0, "id": "CY"}, {"import": 0, "export": 0, "id": "FO"}, {"import": 0, "export": 0, "id": "GR"}], "import": 3660, "export": 95}, {"date": "2019-02-01", "list": [{"import": 0, "export": 3757, "id": "DE"}, {"import": 0, "export": 0, "id": "-"}, {"import": 0, "export": 0, "id": "FR"}, {"import": 0, "export": 0, "id": "BE"}, {"import": 0, "export": 0, "id": "HU"}, {"import": 0, "export": 0, "id": "IT"}, {"import": 6720, "export": 0, "id": "PL"}, {"import": 0, "export": 0, "id": "TH"}, {"import": 1300, "export": 0, "id": "GB"}, {"import": 0, "export": 0, "id": "GL"}, {"import": 0, "export": 600, "id": "IS"}, {"import": 0, "export": 0, "id": "NL"}, {"import": 0, "export": 0, "id": "CY"}, {"import": 0, "export": 0, "id": "FO"}, {"import": 0, "export": 0, "id": "GR"}], "import": 8020, "export": 4357}, {"date": "2019-03-01", "list": [{"import": 0, "export": 0, "id": "DE"}, {"import": 0, "export": 0, "id": "-"}, {"import": 0, "export": 0, "id": "FR"}, {"import": 0, "export": 0, "id": "BE"}, {"import": 0, "export": 0, "id": "HU"}, {"import": 2432, "export": 0, "id": "IT"}, {"import": 9240, "export": 0, "id": "PL"}, {"import": 0, "export": 0, "id": "TH"}, {"import": 0, "export": 0, "id": "GB"}, {"import": 0, "export": 0, "id": "GL"}, {"import": 0, "export": 0, "id": "IS"}, {"import": 0, "export": 0, "id": "NL"}, {"import": 0, "export": 0, "id": "CY"}, {"import": 0, "export": 0, "id": "FO"}, {"import": 0, "export": 0, "id": "GR"}], "import": 11672, "export": 0}, {"date": "2019-04-01", "list": [{"import": 1260, "export": 17844, "id": "DE"}, {"import": 2722, "export": 0, "id": "-"}, {"import": 750, "export": 0, "id": "FR"}, {"import": 0, "export": 0, "id": "BE"}, {"import": 0, "export": 0, "id": "HU"}, {"import": 0, "export": 0, "id": "IT"}, {"import": 4200, "export": 0, "id": "PL"}, {"import": 0, "export": 0, "id": "TH"}, {"import": 0, "export": 0, "id": "GB"}, {"import": 0, "export": 585, "id": "GL"}, {"import": 0, "export": 0, "id": "IS"}, {"import": 0, "export": 1680, "id": "NL"}, {"import": 0, "export": 0, "id": "CY"}, {"import": 0, "export": 0, "id": "FO"}, {"import": 0, "export": 5280, "id": "GR"}], "import": 8932, "export": 25389}, {"date": "2019-05-01", "list": [{"import": 0, "export": 12616, "id": "DE"}, {"import": 1814, "export": 0, "id": "-"}, {"import": 0, "export": 0, "id": "FR"}, {"import": 0, "export": 0, "id": "BE"}, {"import": 0, "export": 0, "id": "HU"}, {"import": 922, "export": 0, "id": "IT"}, {"import": 5040, "export": 0, "id": "PL"}, {"import": 0, "export": 0, "id": "TH"}, {"import": 0, "export": 0, "id": "GB"}, {"import": 0, "export": 428, "id": "GL"}, {"import": 0, "export": 0, "id": "IS"}, {"import": 0, "export": 0, "id": "NL"}, {"import": 0, "export": 0, "id": "CY"}, {"import": 0, "export": 0, "id": "FO"}, {"import": 0, "export": 0, "id": "GR"}], "import": 7776, "export": 13044}, {"date": "2019-06-01", "list": [{"import": 0, "export": 7911, "id": "DE"}, {"import": 2117, "export": 0, "id": "-"}, {"import": 0, "export": 0, "id": "FR"}, {"import": 0, "export": 0, "id": "BE"}, {"import": 0, "export": 0, "id": "HU"}, {"import": 0, "export": 0, "id": "IT"}, {"import": 5040, "export": 0, "id": "PL"}, {"import": 0, "export": 0, "id": "TH"}, {"import": 0, "export": 0, "id": "GB"}, {"import": 0, "export": 400, "id": "GL"}, {"import": 0, "export": 2360, "id": "IS"}, {"import": 0, "export": 0, "id": "NL"}, {"import": 0, "export": 0, "id": "CY"}, {"import": 0, "export": 0, "id": "FO"}, {"import": 0, "export": 0, "id": "GR"}], "import": 7157, "export": 10671}, {"date": "2019-07-01", "list": [{"import": 1280, "export": 1177, "id": "DE"}, {"import": 2722, "export": 0, "id": "-"}, {"import": 0, "export": 0, "id": "FR"}, {"import": 0, "export": 0, "id": "BE"}, {"import": 0, "export": 0, "id": "HU"}, {"import": 0, "export": 0, "id": "IT"}, {"import": 5040, "export": 0, "id": "PL"}, {"import": 0, "export": 0, "id": "TH"}, {"import": 0, "export": 0, "id": "GB"}, {"import": 0, "export": 0, "id": "GL"}, {"import": 0, "export": 3035, "id": "IS"}, {"import": 0, "export": 3441, "id": "NL"}, {"import": 0, "export": 0, "id": "CY"}, {"import": 0, "export": 0, "id": "FO"}, {"import": 0, "export": 0, "id": "GR"}], "import": 9042, "export": 7653}, {"date": "2019-08-01", "list": [{"import": 1600, "export": 10537, "id": "DE"}, {"import": 1814, "export": 0, "id": "-"}, {"import": 0, "export": 0, "id": "FR"}, {"import": 0, "export": 0, "id": "BE"}, {"import": 0, "export": 0, "id": "HU"}, {"import": 0, "export": 0, "id": "IT"}, {"import": 5880, "export": 0, "id": "PL"}, {"import": 0, "export": 0, "id": "TH"}, {"import": 0, "export": 0, "id": "GB"}, {"import": 0, "export": 0, "id": "GL"}, {"import": 0, "export": 1128, "id": "IS"}, {"import": 0, "export": 0, "id": "NL"}, {"import": 0, "export": 0, "id": "CY"}, {"import": 0, "export": 0, "id": "FO"}, {"import": 0, "export": 0, "id": "GR"}], "import": 9294, "export": 11665}, {"date": "2019-09-01", "list": [{"import": 1280, "export": 1834, "id": "DE"}, {"import": 1814, "export": 0, "id": "-"}, {"import": 0, "export": 0, "id": "FR"}, {"import": 840, "export": 0, "id": "BE"}, {"import": 0, "export": 0, "id": "HU"}, {"import": 0, "export": 0, "id": "IT"}, {"import": 6520, "export": 0, "id": "PL"}, {"import": 0, "export": 0, "id": "TH"}, {"import": 0, "export": 0, "id": "GB"}, {"import": 0, "export": 335, "id": "GL"}, {"import": 0, "export": 1440, "id": "IS"}, {"import": 0, "export": 1011, "id": "NL"}, {"import": 0, "export": 900, "id": "CY"}, {"import": 0, "export": 0, "id": "FO"}, {"import": 0, "export": 0, "id": "GR"}], "import": 10454, "export": 5520}, {"date": "2019-10-01", "list": [{"import": 2070, "export": 16069, "id": "DE"}, {"import": 2419, "export": 0, "id": "-"}, {"import": 0, "export": 0, "id": "FR"}, {"import": 0, "export": 0, "id": "BE"}, {"import": 0, "export": 0, "id": "HU"}, {"import": 818, "export": 0, "id": "IT"}, {"import": 5880, "export": 0, "id": "PL"}, {"import": 0, "export": 0, "id": "TH"}, {"import": 0, "export": 0, "id": "GB"}, {"import": 0, "export": 514, "id": "GL"}, {"import": 0, "export": 2716, "id": "IS"}, {"import": 0, "export": 5971, "id": "NL"}, {"import": 0, "export": 0, "id": "CY"}, {"import": 0, "export": 0, "id": "FO"}, {"import": 0, "export": 1375, "id": "GR"}], "import": 11187, "export": 26645}, {"date": "2019-11-01", "list": [{"import": 1680, "export": 29015, "id": "DE"}, {"import": 907, "export": 0, "id": "-"}, {"import": 0, "export": 0, "id": "FR"}, {"import": 0, "export": 0, "id": "BE"}, {"import": 0, "export": 0, "id": "HU"}, {"import": 2452, "export": 0, "id": "IT"}, {"import": 13480, "export": 0, "id": "PL"}, {"import": 0, "export": 0, "id": "TH"}, {"import": 0, "export": 0, "id": "GB"}, {"import": 0, "export": 527, "id": "GL"}, {"import": 0, "export": 1083, "id": "IS"}, {"import": 0, "export": 0, "id": "NL"}, {"import": 0, "export": 0, "id": "CY"}, {"import": 0, "export": 0, "id": "FO"}, {"import": 0, "export": 1614, "id": "GR"}], "import": 18519, "export": 32239}, {"date": "2019-12-01", "list": [{"import": 0, "export": 8262, "id": "DE"}, {"import": 302, "export": 0, "id": "-"}, {"import": 0, "export": 0, "id": "FR"}, {"import": 0, "export": 0, "id": "BE"}, {"import": 0, "export": 0, "id": "HU"}, {"import": 0, "export": 0, "id": "IT"}, {"import": 2520, "export": 0, "id": "PL"}, {"import": 0, "export": 0, "id": "TH"}, {"import": 0, "export": 0, "id": "GB"}, {"import": 0, "export": 473, "id": "GL"}, {"import": 0, "export": 0, "id": "IS"}, {"import": 0, "export": 0, "id": "NL"}, {"import": 0, "export": 0, "id": "CY"}, {"import": 0, "export": 0, "id": "FO"}, {"import": 0, "export": 0, "id": "GR"}], "import": 2822, "export": 8735}, {"date": "2020-01-01", "list": [{"import": 1920, "export": 23873, "id": "DE"}, {"import": 2419, "export": 0, "id": "-"}, {"import": 0, "export": 0, "id": "FR"}, {"import": 0, "export": 0, "id": "BE"}, {"import": 840, "export": 0, "id": "HU"}, {"import": 0, "export": 0, "id": "IT"}, {"import": 6720, "export": 0, "id": "PL"}, {"import": 0, "export": 0, "id": "TH"}, {"import": 0, "export": 0, "id": "GB"}, {"import": 0, "export": 0, "id": "GL"}, {"import": 0, "export": 0, "id": "IS"}, {"import": 0, "export": 0, "id": "NL"}, {"import": 0, "export": 0, "id": "CY"}, {"import": 0, "export": 0, "id": "FO"}, {"import": 0, "export": 4953, "id": "GR"}], "import": 11899, "export": 28826}, {"date": "2020-02-01", "list": [{"import": 1920, "export": 5853, "id": "DE"}, {"import": 0, "export": 0, "id": "-"}, {"import": 0, "export": 0, "id": "FR"}, {"import": 0, "export": 0, "id": "BE"}, {"import": 0, "export": 0, "id": "HU"}, {"import": 0, "export": 0, "id": "IT"}, {"import": 4200, "export": 0, "id": "PL"}, {"import": 0, "export": 0, "id": "TH"}, {"import": 0, "export": 0, "id": "GB"}, {"import": 0, "export": 0, "id": "GL"}, {"import": 0, "export": 576, "id": "IS"}, {"import": 0, "export": 0, "id": "NL"}, {"import": 0, "export": 12135, "id": "CY"}, {"import": 0, "export": 0, "id": "FO"}, {"import": 0, "export": 2240, "id": "GR"}], "import": 6120, "export": 20804}, {"date": "2020-03-01", "list": [{"import": 2070, "export": 1680, "id": "DE"}, {"import": 0, "export": 0, "id": "-"}, {"import": 0, "export": 0, "id": "FR"}, {"import": 0, "export": 0, "id": "BE"}, {"import": 0, "export": 0, "id": "HU"}, {"import": 0, "export": 0, "id": "IT"}, {"import": 1680, "export": 0, "id": "PL"}, {"import": 1000, "export": 0, "id": "TH"}, {"import": 0, "export": 0, "id": "GB"}, {"import": 0, "export": 266, "id": "GL"}, {"import": 0, "export": 1128, "id": "IS"}, {"import": 0, "export": 0, "id": "NL"}, {"import": 0, "export": 0, "id": "CY"}, {"import": 0, "export": 0, "id": "FO"}, {"import": 0, "export": 2991, "id": "GR"}], "import": 4750, "export": 6065}]