[{"date": "2019-01-01", "list": [{"import": 1250, "export": 0, "id": "AE"}], "import": 1250, "export": 0}, {"date": "2019-02-01", "list": [{"import": 2050, "export": 0, "id": "AE"}, {"import": 18000, "export": 0, "id": "GB"}], "import": 20050, "export": 0}, {"date": "2019-03-01", "list": [{"import": 1800, "export": 0, "id": "AE"}], "import": 1800, "export": 0}, {"date": "2019-04-01", "list": [{"import": 9150, "export": 0, "id": "AE"}], "import": 9150, "export": 0}, {"date": "2019-05-01", "list": [{"import": 37380, "export": 0, "id": "AE"}], "import": 37380, "export": 0}, {"date": "2019-07-01", "list": [{"import": 4850, "export": 0, "id": "AE"}], "import": 4850, "export": 0}, {"date": "2019-08-01", "list": [{"import": 3050, "export": 0, "id": "AE"}], "import": 3050, "export": 0}, {"date": "2019-09-01", "list": [{"import": 5740, "export": 0, "id": "AE"}], "import": 5740, "export": 0}, {"date": "2019-10-01", "list": [{"import": 7930, "export": 0, "id": "AE"}, {"import": 20000, "export": 0, "id": "GB"}], "import": 27930, "export": 0}, {"date": "2019-11-01", "list": [{"import": 5110, "export": 0, "id": "AE"}], "import": 5110, "export": 0}, {"date": "2019-12-01", "list": [{"import": 8110, "export": 0, "id": "AE"}], "import": 8110, "export": 0}]