[{"date": "123.1-01", "list": [{"import": 2, "export": 0, "id": "-"}], "import": 127, "export": 0}, {"date": "123.2-01", "list": [{"import": 3, "export": 0, "id": "-"}, {"import": 3423570, "export": 0, "id": "IN"}, {"import": 1999820, "export": 0, "id": "GY"}, {"import": 1623500, "export": 0, "id": "PK"}, {"import": 733950, "export": 0, "id": "PY"}, {"import": 1007755, "export": 0, "id": "UY"}, {"import": 24000, "export": 0, "id": "VN"}, {"import": 68062, "export": 0, "id": "IT"}, {"import": 965980, "export": 0, "id": "TH"}, {"import": 580, "export": 0, "id": "PL"}, {"import": 0, "export": 0, "id": "KH"}, {"import": 115394, "export": 0, "id": "BE"}, {"import": 537, "export": 0, "id": "ES"}, {"import": 48000, "export": 0, "id": "AR"}, {"import": 432, "export": 0, "id": "FR"}, {"import": 131248, "export": 0, "id": "GB"}, {"import": 48008, "export": 0, "id": "DE"}, {"import": 13766, "export": 0, "id": "DK"}, {"import": 0, "export": 0, "id": "SE"}, {"import": 36, "export": 0, "id": "SI"}, {"import": 0, "export": 0, "id": "RO"}, {"import": 6, "export": 0, "id": "HU"}, {"import": 0, "export": 0, "id": "LV"}, {"import": 0, "export": 0, "id": "FI"}, {"import": 101, "export": 0, "id": "MT"}], "import": 10204874, "export": 0}, {"date": "123.4-01", "list": [{"import": 2063040, "export": 0, "id": "IN"}, {"import": 2951070, "export": 0, "id": "GY"}, {"import": 7238030, "export": 0, "id": "PK"}, {"import": 988470, "export": 0, "id": "PY"}, {"import": 1416925, "export": 0, "id": "UY"}, {"import": 757, "export": 0, "id": "VN"}, {"import": 249117, "export": 0, "id": "IT"}, {"import": 1826336, "export": 0, "id": "TH"}, {"import": 2044, "export": 0, "id": "PL"}, {"import": 0, "export": 0, "id": "KH"}, {"import": 170144, "export": 0, "id": "BE"}, {"import": 4291686, "export": 0, "id": "ES"}, {"import": 4539000, "export": 0, "id": "AR"}, {"import": 561, "export": 0, "id": "FR"}, {"import": 2693, "export": 0, "id": "GB"}, {"import": 32387, "export": 0, "id": "DE"}, {"import": 6086, "export": 0, "id": "DK"}, {"import": 419, "export": 0, "id": "SE"}, {"import": 269, "export": 0, "id": "SI"}, {"import": 417, "export": 0, "id": "RO"}, {"import": 228, "export": 0, "id": "HU"}, {"import": 186, "export": 0, "id": "LV"}, {"import": 326, "export": 0, "id": "FI"}, {"import": 771, "export": 0, "id": "MT"}, {"import": 123, "export": 0, "id": "-"}], "import": 25781085, "export": 0}, {"date": "123.6-01", "list": [{"import": 6664931, "export": 0, "id": "IN"}, {"import": 2335792, "export": 0, "id": "GY"}, {"import": 4862412, "export": 0, "id": "PK"}, {"import": 0, "export": 0, "id": "PY"}, {"import": 1341670, "export": 0, "id": "UY"}, {"import": 294000, "export": 0, "id": "VN"}, {"import": 210023, "export": 0, "id": "IT"}, {"import": 1412084, "export": 0, "id": "TH"}, {"import": 510, "export": 0, "id": "PL"}, {"import": 22000, "export": 0, "id": "KH"}, {"import": 105348, "export": 0, "id": "BE"}, {"import": 601, "export": 0, "id": "ES"}, {"import": 72000, "export": 0, "id": "AR"}, {"import": 276, "export": 0, "id": "FR"}, {"import": 13612, "export": 0, "id": "GB"}, {"import": 67102, "export": 0, "id": "DE"}, {"import": 19918, "export": 0, "id": "DK"}, {"import": 3, "export": 0, "id": "SE"}, {"import": 231, "export": 0, "id": "SI"}, {"import": 437, "export": 0, "id": "RO"}, {"import": 56, "export": 0, "id": "HU"}, {"import": 109, "export": 0, "id": "LV"}, {"import": 32, "export": 0, "id": "FI"}, {"import": 125, "export": 0, "id": "MT"}, {"import": 123, "export": 0, "id": "-"}], "import": 17423395, "export": 0}, {"date": "123.8-01", "list": [{"import": 1314008, "export": 0, "id": "IN"}, {"import": 1133130, "export": 0, "id": "GY"}, {"import": 3830016, "export": 0, "id": "PK"}, {"import": 535103, "export": 0, "id": "PY"}, {"import": 694080, "export": 0, "id": "UY"}, {"import": 922542, "export": 0, "id": "VN"}, {"import": 330722, "export": 0, "id": "IT"}, {"import": 677534, "export": 0, "id": "TH"}, {"import": 1736, "export": 0, "id": "PL"}, {"import": 641257, "export": 0, "id": "KH"}, {"import": 141473, "export": 0, "id": "BE"}, {"import": 3850, "export": 0, "id": "ES"}, {"import": 71610, "export": 0, "id": "AR"}, {"import": 610, "export": 0, "id": "FR"}, {"import": 16951, "export": 0, "id": "GB"}, {"import": 19711, "export": 0, "id": "DE"}, {"import": 21869, "export": 0, "id": "DK"}, {"import": 0, "export": 0, "id": "SE"}, {"import": 227, "export": 0, "id": "SI"}, {"import": 0, "export": 0, "id": "RO"}, {"import": 70, "export": 0, "id": "HU"}, {"import": 135, "export": 0, "id": "LV"}, {"import": 209, "export": 0, "id": "FI"}, {"import": 107, "export": 0, "id": "MT"}, {"import": 123, "export": 0, "id": "-"}], "import": 10357073, "export": 0}, {"date": "123.10-01", "list": [{"import": 2139000, "export": 0, "id": "IN"}, {"import": 1820750, "export": 0, "id": "GY"}, {"import": 5017115, "export": 0, "id": "PK"}, {"import": 1843110, "export": 0, "id": "PY"}, {"import": 215760, "export": 0, "id": "UY"}, {"import": 319500, "export": 0, "id": "VN"}, {"import": 422574, "export": 0, "id": "IT"}, {"import": 833468, "export": 0, "id": "TH"}, {"import": 501468, "export": 0, "id": "PL"}, {"import": 379000, "export": 0, "id": "KH"}, {"import": 152623, "export": 0, "id": "BE"}, {"import": 1727, "export": 0, "id": "ES"}, {"import": 48000, "export": 0, "id": "AR"}, {"import": 16425, "export": 0, "id": "FR"}, {"import": 7332, "export": 0, "id": "GB"}, {"import": 43296, "export": 0, "id": "DE"}, {"import": 11067, "export": 0, "id": "DK"}, {"import": 14, "export": 0, "id": "SE"}, {"import": 1130, "export": 0, "id": "SI"}, {"import": 218, "export": 0, "id": "RO"}, {"import": 778, "export": 0, "id": "HU"}, {"import": 597, "export": 0, "id": "LV"}, {"import": 648, "export": 0, "id": "FI"}, {"import": 117, "export": 0, "id": "MT"}, {"import": 123, "export": 0, "id": "-"}], "import": 13775840, "export": 0}, {"date": "123.12-01", "list": [{"import": 3014500, "export": 0, "id": "IN"}, {"import": 5646350, "export": 0, "id": "GY"}, {"import": 6798000, "export": 0, "id": "PK"}, {"import": 1053350, "export": 0, "id": "PY"}, {"import": 215270, "export": 0, "id": "UY"}, {"import": 245000, "export": 0, "id": "VN"}, {"import": 489694, "export": 0, "id": "IT"}, {"import": 890770, "export": 0, "id": "TH"}, {"import": 2976, "export": 0, "id": "PL"}, {"import": 499080, "export": 0, "id": "KH"}, {"import": 143274, "export": 0, "id": "BE"}, {"import": 3038020, "export": 0, "id": "ES"}, {"import": 72000, "export": 0, "id": "AR"}, {"import": 51608, "export": 0, "id": "FR"}, {"import": 1873, "export": 0, "id": "GB"}, {"import": 41660, "export": 0, "id": "DE"}, {"import": 10640, "export": 0, "id": "DK"}, {"import": 913, "export": 0, "id": "SE"}, {"import": 78, "export": 0, "id": "SI"}, {"import": 203, "export": 0, "id": "RO"}, {"import": 168, "export": 0, "id": "HU"}, {"import": 488, "export": 0, "id": "LV"}, {"import": 63, "export": 0, "id": "FI"}, {"import": 52, "export": 0, "id": "MT"}, {"import": 123, "export": 0, "id": "-"}], "import": 22216153, "export": 0}, {"date": "123.14-01", "list": [{"import": 2070678, "export": 0, "id": "IN"}, {"import": 2801420, "export": 0, "id": "GY"}, {"import": 2769020, "export": 0, "id": "PK"}, {"import": 0, "export": 0, "id": "PY"}, {"import": 0, "export": 0, "id": "UY"}, {"import": 196000, "export": 0, "id": "VN"}, {"import": 337924, "export": 0, "id": "IT"}, {"import": 1024306, "export": 0, "id": "TH"}, {"import": 722, "export": 0, "id": "PL"}, {"import": 540466, "export": 0, "id": "KH"}, {"import": 110755, "export": 0, "id": "BE"}, {"import": 416, "export": 0, "id": "ES"}, {"import": 48000, "export": 0, "id": "AR"}, {"import": 1081, "export": 0, "id": "FR"}, {"import": 12702, "export": 0, "id": "GB"}, {"import": 37754, "export": 0, "id": "DE"}, {"import": 11059, "export": 0, "id": "DK"}, {"import": 613, "export": 0, "id": "SE"}, {"import": 86, "export": 0, "id": "SI"}, {"import": 503, "export": 0, "id": "RO"}, {"import": 110, "export": 0, "id": "HU"}, {"import": 372, "export": 0, "id": "LV"}, {"import": 257, "export": 0, "id": "FI"}, {"import": 16, "export": 0, "id": "MT"}, {"import": 123, "export": 0, "id": "-"}], "import": 9964383, "export": 0}, {"date": "123.16-01", "list": [{"import": 4457153, "export": 0, "id": "IN"}, {"import": 1907430, "export": 0, "id": "GY"}, {"import": 4244600, "export": 0, "id": "PK"}, {"import": 674270, "export": 0, "id": "PY"}, {"import": 237780, "export": 0, "id": "UY"}, {"import": 120750, "export": 0, "id": "VN"}, {"import": 298858, "export": 0, "id": "IT"}, {"import": 85000, "export": 0, "id": "TH"}, {"import": 201198, "export": 0, "id": "PL"}, {"import": 708800, "export": 0, "id": "KH"}, {"import": 353847, "export": 0, "id": "BE"}, {"import": 163117, "export": 0, "id": "ES"}, {"import": 245400, "export": 0, "id": "AR"}, {"import": 531096, "export": 0, "id": "FR"}, {"import": 23138, "export": 0, "id": "GB"}, {"import": 28704, "export": 0, "id": "DE"}, {"import": 7058, "export": 0, "id": "DK"}, {"import": 316, "export": 0, "id": "SE"}, {"import": 438, "export": 0, "id": "SI"}, {"import": 521, "export": 0, "id": "RO"}, {"import": 399, "export": 0, "id": "HU"}, {"import": 396, "export": 0, "id": "LV"}, {"import": 423, "export": 0, "id": "FI"}, {"import": 0, "export": 0, "id": "MT"}, {"import": 123, "export": 0, "id": "-"}], "import": 14290815, "export": 0}, {"date": "123.18-01", "list": [{"import": 3183820, "export": 0, "id": "IN"}, {"import": 1410145, "export": 0, "id": "GY"}, {"import": 6447850, "export": 0, "id": "PK"}, {"import": 595000, "export": 0, "id": "PY"}, {"import": 239280, "export": 0, "id": "UY"}, {"import": 220000, "export": 0, "id": "VN"}, {"import": 228397, "export": 0, "id": "IT"}, {"import": 848746, "export": 0, "id": "TH"}, {"import": 66766, "export": 0, "id": "PL"}, {"import": 0, "export": 0, "id": "KH"}, {"import": 245655, "export": 0, "id": "BE"}, {"import": 420065, "export": 0, "id": "ES"}, {"import": 495000, "export": 0, "id": "AR"}, {"import": 188490, "export": 0, "id": "FR"}, {"import": 22479, "export": 0, "id": "GB"}, {"import": 71383, "export": 0, "id": "DE"}, {"import": 8872, "export": 0, "id": "DK"}, {"import": 0, "export": 0, "id": "SE"}, {"import": 365, "export": 0, "id": "SI"}, {"import": 0, "export": 0, "id": "RO"}, {"import": 224, "export": 0, "id": "HU"}, {"import": 100, "export": 0, "id": "LV"}, {"import": 287, "export": 0, "id": "FI"}, {"import": 1, "export": 0, "id": "MT"}, {"import": 123, "export": 0, "id": "-"}], "import": 14693048, "export": 0}, {"date": "123.20-01", "list": [{"import": 1259000, "export": 0, "id": "IN"}, {"import": 504820, "export": 0, "id": "GY"}, {"import": 2919500, "export": 0, "id": "PK"}, {"import": 445410, "export": 0, "id": "PY"}, {"import": 237700, "export": 0, "id": "UY"}, {"import": 298600, "export": 0, "id": "VN"}, {"import": 118242, "export": 0, "id": "IT"}, {"import": 448004, "export": 0, "id": "TH"}, {"import": 2336, "export": 0, "id": "PL"}, {"import": 764254, "export": 0, "id": "KH"}, {"import": 188628, "export": 0, "id": "BE"}, {"import": 3108609, "export": 0, "id": "ES"}, {"import": 3056245, "export": 0, "id": "AR"}, {"import": 2419, "export": 0, "id": "FR"}, {"import": 12758, "export": 0, "id": "GB"}, {"import": 14473, "export": 0, "id": "DE"}, {"import": 6892, "export": 0, "id": "DK"}, {"import": 1, "export": 0, "id": "SE"}, {"import": 1354, "export": 0, "id": "SI"}, {"import": 0, "export": 0, "id": "RO"}, {"import": 119, "export": 0, "id": "HU"}, {"import": 57, "export": 0, "id": "LV"}, {"import": 445, "export": 0, "id": "FI"}, {"import": 0, "export": 0, "id": "MT"}, {"import": 123, "export": 0, "id": "-"}], "import": 13389989, "export": 0}, {"date": "123.22-01", "list": [{"import": 1309044, "export": 0, "id": "IN"}, {"import": 1209835, "export": 0, "id": "GY"}, {"import": 4822260, "export": 0, "id": "PK"}, {"import": 350000, "export": 0, "id": "PY"}, {"import": 192000, "export": 0, "id": "UY"}, {"import": 456450, "export": 0, "id": "VN"}, {"import": 232214, "export": 0, "id": "IT"}, {"import": 2527500, "export": 0, "id": "TH"}, {"import": 90428, "export": 0, "id": "PL"}, {"import": 599400, "export": 0, "id": "KH"}, {"import": 217452, "export": 0, "id": "BE"}, {"import": 3571783, "export": 0, "id": "ES"}, {"import": 250072, "export": 0, "id": "AR"}, {"import": 604, "export": 0, "id": "FR"}, {"import": 12166, "export": 0, "id": "GB"}, {"import": 22084, "export": 0, "id": "DE"}, {"import": 12481, "export": 0, "id": "DK"}, {"import": 650, "export": 0, "id": "SE"}, {"import": 650, "export": 0, "id": "SI"}, {"import": 141, "export": 0, "id": "RO"}, {"import": 950, "export": 0, "id": "HU"}, {"import": 220, "export": 0, "id": "LV"}, {"import": 390, "export": 0, "id": "FI"}, {"import": 0, "export": 0, "id": "MT"}, {"import": 123, "export": 0, "id": "-"}], "import": 15878897, "export": 0}, {"date": "123.24-01", "list": [{"import": 4054984, "export": 0, "id": "IN"}, {"import": 1314501, "export": 0, "id": "GY"}, {"import": 1191000, "export": 0, "id": "PK"}, {"import": 0, "export": 0, "id": "PY"}, {"import": 720810, "export": 0, "id": "UY"}, {"import": 98000, "export": 0, "id": "VN"}, {"import": 272318, "export": 0, "id": "IT"}, {"import": 1025512, "export": 0, "id": "TH"}, {"import": 1462, "export": 0, "id": "PL"}, {"import": 299400, "export": 0, "id": "KH"}, {"import": 212597, "export": 0, "id": "BE"}, {"import": 108307, "export": 0, "id": "ES"}, {"import": 218270, "export": 0, "id": "AR"}, {"import": 6307, "export": 0, "id": "FR"}, {"import": 6891, "export": 0, "id": "GB"}, {"import": 17797, "export": 0, "id": "DE"}, {"import": 12245, "export": 0, "id": "DK"}, {"import": 1944, "export": 0, "id": "SE"}, {"import": 621, "export": 0, "id": "SI"}, {"import": 589, "export": 0, "id": "RO"}, {"import": 998, "export": 0, "id": "HU"}, {"import": 379, "export": 0, "id": "LV"}, {"import": 529, "export": 0, "id": "FI"}, {"import": 29, "export": 0, "id": "MT"}, {"import": 123, "export": 0, "id": "-"}], "import": 9565613, "export": 0}, {"date": "123.26-01", "list": [{"import": 1797000, "export": 0, "id": "IN"}, {"import": 1079365, "export": 0, "id": "GY"}, {"import": 1400000, "export": 0, "id": "PK"}, {"import": 0, "export": 0, "id": "PY"}, {"import": 984000, "export": 0, "id": "UY"}, {"import": 138600, "export": 0, "id": "VN"}, {"import": 613491, "export": 0, "id": "IT"}, {"import": 1504156, "export": 0, "id": "TH"}, {"import": 2363, "export": 0, "id": "PL"}, {"import": 746600, "export": 0, "id": "KH"}, {"import": 792420, "export": 0, "id": "BE"}, {"import": 554, "export": 0, "id": "ES"}, {"import": 268000, "export": 0, "id": "AR"}, {"import": 1047, "export": 0, "id": "FR"}, {"import": 32180, "export": 0, "id": "GB"}, {"import": 28092, "export": 0, "id": "DE"}, {"import": 9837, "export": 0, "id": "DK"}, {"import": 648, "export": 0, "id": "SE"}, {"import": 629, "export": 0, "id": "SI"}, {"import": 295, "export": 0, "id": "RO"}, {"import": 413, "export": 0, "id": "HU"}, {"import": 309, "export": 0, "id": "LV"}, {"import": 236, "export": 0, "id": "FI"}, {"import": 79, "export": 0, "id": "MT"}, {"import": 123, "export": 0, "id": "-"}], "import": 9400437, "export": 0}, {"date": "123.28-01", "list": [{"import": 3797105, "export": 0, "id": "IN"}, {"import": 2722052, "export": 0, "id": "GY"}, {"import": 3988000, "export": 0, "id": "PK"}, {"import": 0, "export": 0, "id": "PY"}, {"import": 0, "export": 0, "id": "UY"}, {"import": 265000, "export": 0, "id": "VN"}, {"import": 300756, "export": 0, "id": "IT"}, {"import": 242298, "export": 0, "id": "TH"}, {"import": 1180, "export": 0, "id": "PL"}, {"import": 54000, "export": 0, "id": "KH"}, {"import": 209474, "export": 0, "id": "BE"}, {"import": 402659, "export": 0, "id": "ES"}, {"import": 250000, "export": 0, "id": "AR"}, {"import": 1554, "export": 0, "id": "FR"}, {"import": 113094, "export": 0, "id": "GB"}, {"import": 37067, "export": 0, "id": "DE"}, {"import": 5322, "export": 0, "id": "DK"}, {"import": 16, "export": 0, "id": "SE"}, {"import": 153, "export": 0, "id": "SI"}, {"import": 105, "export": 0, "id": "RO"}, {"import": 195, "export": 0, "id": "HU"}, {"import": 123, "export": 0, "id": "LV"}, {"import": 128, "export": 0, "id": "FI"}, {"import": 0, "export": 0, "id": "MT"}, {"import": 123, "export": 0, "id": "-"}], "import": 12390404, "export": 0}, {"date": "123.30-01", "list": [{"import": 4289691, "export": 0, "id": "IN"}, {"import": 1208447, "export": 0, "id": "GY"}, {"import": 4964541, "export": 0, "id": "PK"}, {"import": 0, "export": 0, "id": "PY"}, {"import": 0, "export": 0, "id": "UY"}, {"import": 245000, "export": 0, "id": "VN"}, {"import": 176837, "export": 0, "id": "IT"}, {"import": 1378057, "export": 0, "id": "TH"}, {"import": 45637, "export": 0, "id": "PL"}, {"import": 585580, "export": 0, "id": "KH"}, {"import": 154568, "export": 0, "id": "BE"}, {"import": 13559, "export": 0, "id": "ES"}, {"import": 125000, "export": 0, "id": "AR"}, {"import": 390, "export": 0, "id": "FR"}, {"import": 26176, "export": 0, "id": "GB"}, {"import": 36872, "export": 0, "id": "DE"}, {"import": 4797, "export": 0, "id": "DK"}, {"import": 299, "export": 0, "id": "SE"}, {"import": 177, "export": 0, "id": "SI"}, {"import": 196, "export": 0, "id": "RO"}, {"import": 349, "export": 0, "id": "HU"}, {"import": 0, "export": 0, "id": "LV"}, {"import": 102, "export": 0, "id": "FI"}, {"import": 96, "export": 0, "id": "MT"}, {"import": 123, "export": 0, "id": "-"}], "import": 13256494, "export": 0}, {"date": "123.32-01", "list": [{"import": 3750411, "export": 0, "id": "IN"}, {"import": 2375691, "export": 0, "id": "GY"}, {"import": 5913250, "export": 0, "id": "PK"}, {"import": 600000, "export": 0, "id": "PY"}, {"import": 720000, "export": 0, "id": "UY"}, {"import": 170500, "export": 0, "id": "VN"}, {"import": 403749, "export": 0, "id": "IT"}, {"import": 765128, "export": 0, "id": "TH"}, {"import": 6186, "export": 0, "id": "PL"}, {"import": 1961922, "export": 0, "id": "KH"}, {"import": 478566, "export": 0, "id": "BE"}, {"import": 344497, "export": 0, "id": "ES"}, {"import": 205000, "export": 0, "id": "AR"}, {"import": 833, "export": 0, "id": "FR"}, {"import": 30024, "export": 0, "id": "GB"}, {"import": 26089, "export": 0, "id": "DE"}, {"import": 4463, "export": 0, "id": "DK"}, {"import": 699, "export": 0, "id": "SE"}, {"import": 131, "export": 0, "id": "SI"}, {"import": 141, "export": 0, "id": "RO"}, {"import": 365, "export": 0, "id": "HU"}, {"import": 83, "export": 0, "id": "LV"}, {"import": 146, "export": 0, "id": "FI"}, {"import": 153, "export": 0, "id": "MT"}, {"import": 123, "export": 0, "id": "-"}], "import": 17758150, "export": 0}, {"date": "123.34-01", "list": [{"import": 6100214, "export": 0, "id": "IN"}, {"import": 6281191, "export": 0, "id": "GY"}, {"import": 4309800, "export": 0, "id": "PK"}, {"import": 300000, "export": 0, "id": "PY"}, {"import": 0, "export": 0, "id": "UY"}, {"import": 270500, "export": 0, "id": "VN"}, {"import": 261377, "export": 0, "id": "IT"}, {"import": 1391280, "export": 0, "id": "TH"}, {"import": 3236, "export": 0, "id": "PL"}, {"import": 1063667, "export": 0, "id": "KH"}, {"import": 1122012, "export": 0, "id": "BE"}, {"import": 3112608, "export": 0, "id": "ES"}, {"import": 941250, "export": 0, "id": "AR"}, {"import": 1443, "export": 0, "id": "FR"}, {"import": 132966, "export": 0, "id": "GB"}, {"import": 11081, "export": 0, "id": "DE"}, {"import": 6058, "export": 0, "id": "DK"}, {"import": 641, "export": 0, "id": "SE"}, {"import": 115, "export": 0, "id": "SI"}, {"import": 147, "export": 0, "id": "RO"}, {"import": 253, "export": 0, "id": "HU"}, {"import": 205, "export": 0, "id": "LV"}, {"import": 158, "export": 0, "id": "FI"}, {"import": 71, "export": 0, "id": "MT"}, {"import": 123, "export": 0, "id": "-"}], "import": 25310396, "export": 0}, {"date": "123.36-01", "list": [{"import": 6973030, "export": 0, "id": "IN"}, {"import": 8213095, "export": 0, "id": "GY"}, {"import": 3523120, "export": 0, "id": "PK"}, {"import": 300000, "export": 0, "id": "PY"}, {"import": 1440000, "export": 0, "id": "UY"}, {"import": 0, "export": 0, "id": "VN"}, {"import": 114834, "export": 0, "id": "IT"}, {"import": 1478612, "export": 0, "id": "TH"}, {"import": 8390, "export": 0, "id": "PL"}, {"import": 95875, "export": 0, "id": "KH"}, {"import": 223506, "export": 0, "id": "BE"}, {"import": 5599474, "export": 0, "id": "ES"}, {"import": 245000, "export": 0, "id": "AR"}, {"import": 94231, "export": 0, "id": "FR"}, {"import": 49430, "export": 0, "id": "GB"}, {"import": 4590, "export": 0, "id": "DE"}, {"import": 4920, "export": 0, "id": "DK"}, {"import": 423, "export": 0, "id": "SE"}, {"import": 144, "export": 0, "id": "SI"}, {"import": 251, "export": 0, "id": "RO"}, {"import": 29, "export": 0, "id": "HU"}, {"import": 173, "export": 0, "id": "LV"}, {"import": 92, "export": 0, "id": "FI"}, {"import": 73, "export": 0, "id": "MT"}, {"import": 123, "export": 0, "id": "-"}], "import": 28369415, "export": 0}, {"date": "123.38-01", "list": [{"import": 6751733, "export": 0, "id": "IN"}, {"import": 1662760, "export": 0, "id": "GY"}, {"import": 3563250, "export": 0, "id": "PK"}, {"import": 500000, "export": 0, "id": "PY"}, {"import": 720000, "export": 0, "id": "UY"}, {"import": 392000, "export": 0, "id": "VN"}, {"import": 429275, "export": 0, "id": "IT"}, {"import": 86292, "export": 0, "id": "TH"}, {"import": 1956, "export": 0, "id": "PL"}, {"import": 0, "export": 0, "id": "KH"}, {"import": 404569, "export": 0, "id": "BE"}, {"import": 524745, "export": 0, "id": "ES"}, {"import": 375396, "export": 0, "id": "AR"}, {"import": 4436, "export": 0, "id": "FR"}, {"import": 268321, "export": 0, "id": "GB"}, {"import": 3325, "export": 0, "id": "DE"}, {"import": 4445, "export": 0, "id": "DK"}, {"import": 508, "export": 0, "id": "SE"}, {"import": 113, "export": 0, "id": "SI"}, {"import": 123, "export": 0, "id": "RO"}, {"import": 130, "export": 0, "id": "HU"}, {"import": 253, "export": 0, "id": "LV"}, {"import": 132, "export": 0, "id": "FI"}, {"import": 81, "export": 0, "id": "MT"}, {"import": 123, "export": 0, "id": "-"}], "import": 15693966, "export": 0}, {"date": "123.40-01", "list": [{"import": 6160304, "export": 0, "id": "IN"}, {"import": 5591155, "export": 0, "id": "GY"}, {"import": 4909160, "export": 0, "id": "PK"}, {"import": 1098820, "export": 0, "id": "PY"}, {"import": 720000, "export": 0, "id": "UY"}, {"import": 392400, "export": 0, "id": "VN"}, {"import": 388840, "export": 0, "id": "IT"}, {"import": 298677, "export": 0, "id": "TH"}, {"import": 267807, "export": 0, "id": "PL"}, {"import": 249990, "export": 0, "id": "KH"}, {"import": 204329, "export": 0, "id": "BE"}, {"import": 189493, "export": 0, "id": "ES"}, {"import": 50000, "export": 0, "id": "AR"}, {"import": 39474, "export": 0, "id": "FR"}, {"import": 34015, "export": 0, "id": "GB"}, {"import": 28861, "export": 0, "id": "DE"}, {"import": 4431, "export": 0, "id": "DK"}, {"import": 598, "export": 0, "id": "SE"}, {"import": 254, "export": 0, "id": "SI"}, {"import": 206, "export": 0, "id": "RO"}, {"import": 202, "export": 0, "id": "HU"}, {"import": 137, "export": 0, "id": "LV"}, {"import": 116, "export": 0, "id": "FI"}, {"import": 85, "export": 0, "id": "MT"}, {"import": 123, "export": 0, "id": "-"}], "import": 20629477, "export": 0}, {"date": "123.3-01", "list": [{"import": 123, "export": 0, "id": "-"}], "import": 123, "export": 0}, {"date": "123.5-01", "list": [{"import": 123, "export": 0, "id": "-"}], "import": 123, "export": 0}, {"date": "123.7-01", "list": [{"import": 123, "export": 0, "id": "-"}], "import": 123, "export": 0}, {"date": "123.9-01", "list": [{"import": 123, "export": 0, "id": "-"}], "import": 123, "export": 0}, {"date": "123.11-01", "list": [{"import": 123, "export": 0, "id": "-"}], "import": 123, "export": 0}, {"date": "123.13-01", "list": [{"import": 123, "export": 0, "id": "-"}], "import": 123, "export": 0}, {"date": "123.15-01", "list": [{"import": 123, "export": 0, "id": "-"}], "import": 123, "export": 0}, {"date": "123.17-01", "list": [{"import": 123, "export": 0, "id": "-"}], "import": 123, "export": 0}, {"date": "123.19-01", "list": [{"import": 123, "export": 0, "id": "-"}], "import": 123, "export": 0}, {"date": "123.21-01", "list": [{"import": 123, "export": 0, "id": "-"}], "import": 123, "export": 0}, {"date": "123.23-01", "list": [{"import": 123, "export": 0, "id": "-"}], "import": 123, "export": 0}, {"date": "123.25-01", "list": [{"import": 123, "export": 0, "id": "-"}], "import": 123, "export": 0}, {"date": "123.27-01", "list": [{"import": 123, "export": 0, "id": "-"}], "import": 123, "export": 0}, {"date": "123.29-01", "list": [{"import": 123, "export": 0, "id": "-"}], "import": 123, "export": 0}, {"date": "123.31-01", "list": [{"import": 123, "export": 0, "id": "-"}], "import": 123, "export": 0}, {"date": "123.33-01", "list": [{"import": 123, "export": 0, "id": "-"}], "import": 123, "export": 0}, {"date": "123.35-01", "list": [{"import": 123, "export": 0, "id": "-"}], "import": 123, "export": 0}, {"date": "123.37-01", "list": [{"import": 123, "export": 0, "id": "-"}], "import": 123, "export": 0}, {"date": "123.39-01", "list": [{"import": 123, "export": 0, "id": "-"}], "import": 123, "export": 0}, {"date": "123.41-01", "list": [{"import": 123, "export": 0, "id": "-"}], "import": 123, "export": 0}]