[{"date": "2019-01-01", "list": [{"import": 156792, "export": 0, "id": "GB"}, {"import": 36127, "export": 0, "id": "NL"}, {"import": 0, "export": 0, "id": "IN"}, {"import": 0, "export": 0, "id": "IT"}, {"import": 4950, "export": 0, "id": "FR"}, {"import": 4200, "export": 0, "id": "DE"}, {"import": 39642, "export": 0, "id": "BE"}, {"import": 0, "export": 0, "id": "ES"}, {"import": 0, "export": 0, "id": "TH"}, {"import": 2677, "export": 0, "id": "PL"}], "import": 244388, "export": 0}, {"date": "2019-02-01", "list": [{"import": 214741, "export": 5282, "id": "GB"}, {"import": 25402, "export": 0, "id": "NL"}, {"import": 0, "export": 0, "id": "IN"}, {"import": 0, "export": 0, "id": "IT"}, {"import": 10560, "export": 0, "id": "FR"}, {"import": 7625, "export": 0, "id": "DE"}, {"import": 46704, "export": 0, "id": "BE"}, {"import": 0, "export": 0, "id": "ES"}, {"import": 0, "export": 0, "id": "TH"}, {"import": 3269, "export": 0, "id": "PL"}, {"import": 0, "export": 0, "id": "CY"}], "import": 308301, "export": 5282}, {"date": "2019-03-01", "list": [{"import": 207788, "export": 3795, "id": "GB"}, {"import": 28113, "export": 0, "id": "NL"}, {"import": 0, "export": 0, "id": "IN"}, {"import": 0, "export": 0, "id": "IT"}, {"import": 7056, "export": 0, "id": "FR"}, {"import": 5625, "export": 0, "id": "DE"}, {"import": 52356, "export": 0, "id": "BE"}, {"import": 0, "export": 0, "id": "ES"}, {"import": 0, "export": 0, "id": "TH"}, {"import": 4358, "export": 0, "id": "PL"}, {"import": 0, "export": 0, "id": "CY"}], "import": 305296, "export": 3795}, {"date": "2019-04-01", "list": [{"import": 210953, "export": 888, "id": "GB"}, {"import": 40232, "export": 0, "id": "NL"}, {"import": 3915, "export": 0, "id": "IN"}, {"import": 0, "export": 0, "id": "IT"}, {"import": 6287, "export": 0, "id": "FR"}, {"import": 4650, "export": 0, "id": "DE"}, {"import": 56547, "export": 0, "id": "BE"}, {"import": 0, "export": 0, "id": "ES"}, {"import": 4000, "export": 0, "id": "TH"}, {"import": 6621, "export": 0, "id": "PL"}, {"import": 0, "export": 0, "id": "CY"}], "import": 333205, "export": 888}, {"date": "2019-05-01", "list": [{"import": 156861, "export": 1130, "id": "GB"}, {"import": 22373, "export": 0, "id": "NL"}, {"import": 1291, "export": 0, "id": "IN"}, {"import": 0, "export": 0, "id": "IT"}, {"import": 2402, "export": 0, "id": "FR"}, {"import": 5250, "export": 0, "id": "DE"}, {"import": 41004, "export": 0, "id": "BE"}, {"import": 7560, "export": 0, "id": "ES"}, {"import": 0, "export": 0, "id": "TH"}, {"import": 3564, "export": 0, "id": "PL"}, {"import": 0, "export": 0, "id": "CY"}], "import": 240305, "export": 1130}, {"date": "2019-06-01", "list": [{"import": 228229, "export": 322, "id": "GB"}, {"import": 26494, "export": 0, "id": "NL"}, {"import": 0, "export": 0, "id": "IN"}, {"import": 0, "export": 0, "id": "IT"}, {"import": 0, "export": 0, "id": "FR"}, {"import": 4750, "export": 0, "id": "DE"}, {"import": 38376, "export": 0, "id": "BE"}, {"import": 0, "export": 0, "id": "ES"}, {"import": 6000, "export": 0, "id": "TH"}, {"import": 4206, "export": 0, "id": "PL"}, {"import": 0, "export": 0, "id": "CY"}], "import": 308055, "export": 322}, {"date": "2019-08-01", "list": [{"import": 176755, "export": 1877, "id": "GB"}, {"import": 24655, "export": 0, "id": "NL"}, {"import": 0, "export": 0, "id": "IN"}, {"import": 0, "export": 0, "id": "IT"}, {"import": 0, "export": 0, "id": "FR"}, {"import": 0, "export": 0, "id": "DE"}, {"import": 4296, "export": 0, "id": "BE"}, {"import": 5040, "export": 0, "id": "ES"}, {"import": 0, "export": 0, "id": "TH"}, {"import": 3778, "export": 0, "id": "PL"}, {"import": 0, "export": 0, "id": "CY"}], "import": 214524, "export": 1877}, {"date": "2019-09-01", "list": [{"import": 176001, "export": 254, "id": "GB"}, {"import": 0, "export": 0, "id": "NL"}, {"import": 0, "export": 0, "id": "IN"}, {"import": 0, "export": 0, "id": "IT"}, {"import": 19164, "export": 0, "id": "FR"}, {"import": 44367, "export": 0, "id": "BE"}, {"import": 0, "export": 0, "id": "ES"}, {"import": 0, "export": 0, "id": "TH"}, {"import": 4117, "export": 0, "id": "PL"}, {"import": 0, "export": 0, "id": "CY"}], "import": 243649, "export": 254}, {"date": "2019-11-01", "list": [{"import": 214343, "export": 1465, "id": "GB"}, {"import": 30164, "export": 0, "id": "NL"}, {"import": 0, "export": 0, "id": "IN"}, {"import": 0, "export": 0, "id": "IT"}, {"import": 13476, "export": 0, "id": "FR"}, {"import": 43764, "export": 0, "id": "BE"}, {"import": 0, "export": 0, "id": "ES"}, {"import": 10000, "export": 0, "id": "TH"}, {"import": 3601, "export": 0, "id": "PL"}, {"import": 0, "export": 0, "id": "CY"}], "import": 315348, "export": 1465}, {"date": "2020-01-01", "list": [{"import": 203783, "export": 16109, "id": "GB"}, {"import": 0, "export": 0, "id": "NL"}, {"import": 0, "export": 0, "id": "IN"}, {"import": 0, "export": 0, "id": "IT"}, {"import": 0, "export": 0, "id": "FR"}, {"import": 0, "export": 0, "id": "DE"}, {"import": 58887, "export": 0, "id": "BE"}, {"import": 0, "export": 0, "id": "ES"}, {"import": 0, "export": 0, "id": "TH"}, {"import": 4310, "export": 0, "id": "PL"}, {"import": 0, "export": 0, "id": "CY"}], "import": 266980, "export": 16109}, {"date": "2020-03-01", "list": [{"import": 235478, "export": 0, "id": "GB"}, {"import": 23100, "export": 0, "id": "NL"}, {"import": 2227, "export": 0, "id": "IN"}, {"import": 0, "export": 0, "id": "IT"}, {"import": 0, "export": 0, "id": "FR"}, {"import": 0, "export": 0, "id": "ES"}, {"import": 0, "export": 0, "id": "TH"}, {"import": 4751, "export": 0, "id": "PL"}, {"import": 0, "export": 0, "id": "CY"}], "import": 265556, "export": 0}, {"date": "2020-05-01", "list": [{"import": 147520, "export": 0, "id": "GB"}, {"import": 3565, "export": 0, "id": "NL"}, {"import": 0, "export": 0, "id": "IN"}, {"import": 0, "export": 0, "id": "IT"}, {"import": 11760, "export": 0, "id": "FR"}, {"import": 2690, "export": 0, "id": "DE"}, {"import": 21030, "export": 0, "id": "BE"}, {"import": 0, "export": 0, "id": "ES"}, {"import": 0, "export": 0, "id": "TH"}, {"import": 4987, "export": 0, "id": "PL"}, {"import": 0, "export": 0, "id": "CY"}], "import": 191552, "export": 0}, {"date": "2020-06-01", "list": [{"import": 360640, "export": 0, "id": "GB"}, {"import": 0, "export": 0, "id": "NL"}, {"import": 0, "export": 0, "id": "IN"}, {"import": 0, "export": 0, "id": "IT"}, {"import": 0, "export": 0, "id": "FR"}, {"import": 17847, "export": 0, "id": "BE"}, {"import": 0, "export": 0, "id": "ES"}, {"import": 3800, "export": 0, "id": "TH"}, {"import": 4015, "export": 0, "id": "PL"}], "import": 386302, "export": 0}, {"date": "2020-08-01", "list": [{"import": 186123, "export": 0, "id": "GB"}, {"import": 0, "export": 0, "id": "NL"}, {"import": 2725, "export": 0, "id": "IN"}, {"import": 24029, "export": 0, "id": "IT"}, {"import": 4752, "export": 0, "id": "FR"}, {"import": 0, "export": 0, "id": "ES"}, {"import": 5100, "export": 0, "id": "TH"}, {"import": 3604, "export": 0, "id": "PL"}], "import": 226333, "export": 0}, {"date": "Unnamed: 23-01", "list": [{"import": 424751, "export": 0, "id": "GB"}, {"import": 0, "export": 0, "id": "NL"}, {"import": 0, "export": 0, "id": "IN"}, {"import": 26283, "export": 0, "id": "IT"}, {"import": 11760, "export": 0, "id": "FR"}, {"import": 16020, "export": 0, "id": "BE"}, {"import": 0, "export": 0, "id": "ES"}, {"import": 0, "export": 0, "id": "TH"}, {"import": 11692, "export": 0, "id": "PL"}], "import": 490506, "export": 0}, {"date": "Unnamed: 25-01", "list": [{"import": 376070, "export": 0, "id": "GB"}, {"import": 0, "export": 0, "id": "NL"}, {"import": 23000, "export": 0, "id": "IN"}, {"import": 9874, "export": 0, "id": "IT"}, {"import": 0, "export": 0, "id": "FR"}, {"import": 34350, "export": 0, "id": "BE"}, {"import": 10080, "export": 0, "id": "ES"}, {"import": 0, "export": 0, "id": "TH"}, {"import": 8852, "export": 0, "id": "PL"}], "import": 462226, "export": 0}, {"date": "Unnamed: 27-01", "list": [{"import": 313853, "export": 0, "id": "GB"}, {"import": 0, "export": 0, "id": "NL"}, {"import": 0, "export": 0, "id": "IN"}, {"import": 20562, "export": 0, "id": "IT"}, {"import": 28320, "export": 0, "id": "FR"}, {"import": 27582, "export": 0, "id": "BE"}, {"import": 0, "export": 0, "id": "ES"}, {"import": 0, "export": 0, "id": "TH"}, {"import": 8620, "export": 0, "id": "PL"}], "import": 398937, "export": 0}, {"date": "Unnamed: 29-01", "list": [{"import": 260790, "export": 0, "id": "GB"}, {"import": 0, "export": 0, "id": "NL"}, {"import": 0, "export": 0, "id": "IN"}, {"import": 33884, "export": 0, "id": "IT"}, {"import": 0, "export": 0, "id": "FR"}, {"import": 53658, "export": 0, "id": "BE"}, {"import": 10080, "export": 0, "id": "ES"}, {"import": 0, "export": 0, "id": "TH"}, {"import": 6293, "export": 0, "id": "PL"}], "import": 364705, "export": 0}, {"date": "Unnamed: 31-01", "list": [{"import": 279179, "export": 0, "id": "GB"}, {"import": 0, "export": 0, "id": "NL"}, {"import": 0, "export": 0, "id": "IN"}, {"import": 0, "export": 0, "id": "IT"}, {"import": 35856, "export": 0, "id": "FR"}, {"import": 0, "export": 0, "id": "DE"}, {"import": 0, "export": 0, "id": "ES"}, {"import": 9340, "export": 0, "id": "TH"}, {"import": 4270, "export": 0, "id": "PL"}], "import": 328645, "export": 0}, {"date": "Unnamed: 33-01", "list": [{"import": 179109, "export": 0, "id": "GB"}, {"import": 16996, "export": 0, "id": "NL"}, {"import": 10000, "export": 0, "id": "IN"}, {"import": 5532, "export": 0, "id": "IT"}, {"import": 1152, "export": 0, "id": "FR"}, {"import": 0, "export": 0, "id": "ES"}, {"import": 0, "export": 0, "id": "TH"}], "import": 212789, "export": 0}, {"date": "2018-11-01", "list": [{"import": 0, "export": 0, "id": "CY"}], "import": 0, "export": 0}, {"date": "2018-12-01", "list": [{"import": 0, "export": 124, "id": "CY"}, {"import": 0, "export": 0, "id": "GB"}], "import": 0, "export": 124}, {"date": "2019-07-01", "list": [{"import": 0, "export": 0, "id": "CY"}, {"import": 0, "export": 1892, "id": "GB"}], "import": 0, "export": 1892}, {"date": "2019-10-01", "list": [{"import": 0, "export": 0, "id": "CY"}, {"import": 0, "export": 297, "id": "GB"}], "import": 0, "export": 297}, {"date": "2019-12-01", "list": [{"import": 0, "export": 0, "id": "CY"}, {"import": 0, "export": 185, "id": "GB"}], "import": 0, "export": 185}, {"date": "2020-02-01", "list": [{"import": 0, "export": 0, "id": "CY"}], "import": 0, "export": 0}, {"date": "2020-04-01", "list": [{"import": 0, "export": 0, "id": "CY"}, {"import": 0, "export": 13104, "id": "GB"}], "import": 0, "export": 13104}, {"date": "Unnamed: 22-01", "list": [{"import": 0, "export": 0, "id": "CY"}], "import": 0, "export": 0}]