[{"date": "2018-12-01", "list": [{"import": 0, "export": 1027060, "id": "BR"}, {"import": 0, "export": 0, "id": "DE"}, {"import": 0, "export": 0, "id": "-"}, {"import": 0, "export": 0, "id": "LB"}, {"import": 0, "export": 0, "id": "CH"}, {"import": 0, "export": 0, "id": "UY"}, {"import": 0, "export": 0, "id": "SV"}, {"import": 0, "export": 0, "id": "GT"}, {"import": 0, "export": 0, "id": "MX"}, {"import": 0, "export": 0, "id": "PA"}], "import": 0, "export": 1027060}, {"date": "2019-01-01", "list": [{"import": 0, "export": 1000000, "id": "BR"}, {"import": 0, "export": 0, "id": "DE"}, {"import": 0, "export": 0, "id": "-"}, {"import": 40095, "export": 0, "id": "LB"}, {"import": 0, "export": 0, "id": "CH"}, {"import": 0, "export": 0, "id": "UY"}, {"import": 0, "export": 0, "id": "SV"}, {"import": 0, "export": 0, "id": "GT"}, {"import": 0, "export": 0, "id": "MX"}, {"import": 0, "export": 0, "id": "PA"}], "import": 40095, "export": 1000000}, {"date": "2019-02-01", "list": [{"import": 0, "export": 7724060, "id": "BR"}, {"import": 0, "export": 0, "id": "DE"}, {"import": 0, "export": 0, "id": "-"}, {"import": 11900, "export": 0, "id": "LB"}, {"import": 0, "export": 0, "id": "CH"}, {"import": 0, "export": 0, "id": "UY"}, {"import": 0, "export": 0, "id": "SV"}, {"import": 0, "export": 0, "id": "GT"}, {"import": 0, "export": 0, "id": "MX"}, {"import": 0, "export": 0, "id": "PA"}], "import": 11900, "export": 7724060}, {"date": "2019-03-01", "list": [{"import": 0, "export": 5281910, "id": "BR"}, {"import": 0, "export": 0, "id": "DE"}, {"import": 0, "export": 0, "id": "-"}, {"import": 0, "export": 0, "id": "LB"}, {"import": 0, "export": 0, "id": "CH"}, {"import": 0, "export": 0, "id": "UY"}, {"import": 0, "export": 0, "id": "SV"}, {"import": 0, "export": 0, "id": "GT"}, {"import": 0, "export": 0, "id": "MX"}, {"import": 0, "export": 0, "id": "PA"}], "import": 0, "export": 5281910}, {"date": "2019-04-01", "list": [{"import": 0, "export": 6287600, "id": "BR"}, {"import": 0, "export": 0, "id": "DE"}, {"import": 0, "export": 0, "id": "-"}, {"import": 0, "export": 0, "id": "LB"}, {"import": 0, "export": 0, "id": "CH"}, {"import": 0, "export": 0, "id": "UY"}, {"import": 0, "export": 0, "id": "SV"}, {"import": 0, "export": 0, "id": "GT"}, {"import": 0, "export": 0, "id": "MX"}, {"import": 0, "export": 0, "id": "PA"}], "import": 0, "export": 6287600}, {"date": "2019-05-01", "list": [{"import": 0, "export": 11498840, "id": "BR"}, {"import": 0, "export": 0, "id": "DE"}, {"import": 0, "export": 0, "id": "-"}, {"import": 0, "export": 0, "id": "LB"}, {"import": 0, "export": 0, "id": "CH"}, {"import": 0, "export": 0, "id": "UY"}, {"import": 0, "export": 0, "id": "SV"}, {"import": 0, "export": 0, "id": "GT"}, {"import": 0, "export": 0, "id": "MX"}, {"import": 0, "export": 0, "id": "PA"}], "import": 0, "export": 11498840}, {"date": "2019-06-01", "list": [{"import": 0, "export": 4569400, "id": "BR"}, {"import": 0, "export": 0, "id": "DE"}, {"import": 0, "export": 0, "id": "-"}, {"import": 0, "export": 0, "id": "LB"}, {"import": 0, "export": 0, "id": "CH"}, {"import": 0, "export": 0, "id": "UY"}, {"import": 0, "export": 0, "id": "SV"}, {"import": 0, "export": 0, "id": "GT"}, {"import": 0, "export": 0, "id": "MX"}, {"import": 0, "export": 0, "id": "PA"}], "import": 0, "export": 4569400}, {"date": "2019-07-01", "list": [{"import": 0, "export": 6085720, "id": "BR"}, {"import": 0, "export": 0, "id": "DE"}, {"import": 0, "export": 0, "id": "-"}, {"import": 0, "export": 0, "id": "LB"}, {"import": 0, "export": 0, "id": "CH"}, {"import": 0, "export": 0, "id": "UY"}, {"import": 0, "export": 0, "id": "SV"}, {"import": 0, "export": 0, "id": "GT"}, {"import": 0, "export": 0, "id": "MX"}, {"import": 0, "export": 0, "id": "PA"}], "import": 0, "export": 6085720}, {"date": "2019-08-01", "list": [{"import": 283760, "export": 8856970, "id": "BR"}, {"import": 0, "export": 0, "id": "DE"}, {"import": 0, "export": 0, "id": "-"}, {"import": 0, "export": 0, "id": "LB"}, {"import": 0, "export": 0, "id": "CH"}, {"import": 0, "export": 0, "id": "UY"}, {"import": 0, "export": 0, "id": "SV"}, {"import": 0, "export": 840000, "id": "GT"}, {"import": 0, "export": 0, "id": "MX"}, {"import": 0, "export": 0, "id": "PA"}], "import": 283760, "export": 9696970}, {"date": "2019-09-01", "list": [{"import": 0, "export": 2384000, "id": "BR"}, {"import": 0, "export": 0, "id": "DE"}, {"import": 0, "export": 0, "id": "-"}, {"import": 0, "export": 0, "id": "LB"}, {"import": 0, "export": 0, "id": "CH"}, {"import": 0, "export": 0, "id": "UY"}, {"import": 0, "export": 0, "id": "SV"}, {"import": 0, "export": 364000, "id": "GT"}, {"import": 0, "export": 0, "id": "MX"}, {"import": 0, "export": 0, "id": "PA"}], "import": 0, "export": 2748000}, {"date": "2019-10-01", "list": [{"import": 32000, "export": 7727550, "id": "BR"}, {"import": 0, "export": 0, "id": "DE"}, {"import": 0, "export": 0, "id": "-"}, {"import": 0, "export": 0, "id": "LB"}, {"import": 0, "export": 0, "id": "CH"}, {"import": 0, "export": 0, "id": "UY"}, {"import": 0, "export": 0, "id": "SV"}, {"import": 0, "export": 336000, "id": "GT"}, {"import": 0, "export": 0, "id": "MX"}, {"import": 0, "export": 0, "id": "PA"}], "import": 32000, "export": 8063550}, {"date": "2019-11-01", "list": [{"import": 28800, "export": 5656270, "id": "BR"}, {"import": 0, "export": 0, "id": "DE"}, {"import": 0, "export": 0, "id": "-"}, {"import": 0, "export": 0, "id": "LB"}, {"import": 0, "export": 0, "id": "CH"}, {"import": 0, "export": 0, "id": "UY"}, {"import": 0, "export": 0, "id": "SV"}, {"import": 0, "export": 0, "id": "GT"}, {"import": 0, "export": 0, "id": "MX"}, {"import": 0, "export": 0, "id": "PA"}], "import": 28800, "export": 5656270}, {"date": "2019-12-01", "list": [{"import": 0, "export": 1905000, "id": "BR"}, {"import": 0, "export": 0, "id": "DE"}, {"import": 0, "export": 0, "id": "-"}, {"import": 1188, "export": 0, "id": "LB"}, {"import": 0, "export": 0, "id": "CH"}, {"import": 0, "export": 0, "id": "UY"}, {"import": 0, "export": 0, "id": "SV"}, {"import": 0, "export": 0, "id": "GT"}, {"import": 0, "export": 0, "id": "MX"}, {"import": 0, "export": 0, "id": "PA"}], "import": 1188, "export": 1905000}, {"date": "2020-01-01", "list": [{"import": 0, "export": 2365000, "id": "BR"}, {"import": 0, "export": 0, "id": "DE"}, {"import": 3347, "export": 0, "id": "-"}, {"import": 0, "export": 0, "id": "LB"}, {"import": 0, "export": 0, "id": "CH"}, {"import": 0, "export": 0, "id": "UY"}, {"import": 0, "export": 0, "id": "SV"}, {"import": 0, "export": 0, "id": "GT"}, {"import": 0, "export": 0, "id": "MX"}, {"import": 0, "export": 0, "id": "PA"}], "import": 3347, "export": 2365000}, {"date": "2020-02-01", "list": [{"import": 0, "export": 5192500, "id": "BR"}, {"import": 0, "export": 0, "id": "DE"}, {"import": 0, "export": 0, "id": "-"}, {"import": 0, "export": 0, "id": "LB"}, {"import": 0, "export": 0, "id": "CH"}, {"import": 0, "export": 0, "id": "UY"}, {"import": 0, "export": 0, "id": "SV"}, {"import": 0, "export": 0, "id": "GT"}, {"import": 0, "export": 0, "id": "MX"}, {"import": 0, "export": 0, "id": "PA"}], "import": 0, "export": 5192500}, {"date": "2020-03-01", "list": [{"import": 0, "export": 11862840, "id": "BR"}, {"import": 0, "export": 0, "id": "DE"}, {"import": 0, "export": 0, "id": "-"}, {"import": 0, "export": 0, "id": "LB"}, {"import": 0, "export": 0, "id": "CH"}, {"import": 0, "export": 1285250, "id": "UY"}, {"import": 0, "export": 0, "id": "SV"}, {"import": 0, "export": 0, "id": "GT"}, {"import": 0, "export": 23714750, "id": "MX"}, {"import": 0, "export": 0, "id": "PA"}], "import": 0, "export": 36862840}, {"date": "2020-04-01", "list": [{"import": 0, "export": 9261900, "id": "BR"}, {"import": 0, "export": 0, "id": "DE"}, {"import": 0, "export": 0, "id": "-"}, {"import": 0, "export": 0, "id": "LB"}, {"import": 0, "export": 0, "id": "CH"}, {"import": 0, "export": 90914, "id": "UY"}, {"import": 0, "export": 0, "id": "SV"}, {"import": 0, "export": 221144, "id": "GT"}, {"import": 0, "export": 9627942, "id": "MX"}, {"import": 0, "export": 0, "id": "PA"}], "import": 0, "export": 19201900}, {"date": "2020-05-01", "list": [{"import": 0, "export": 4077080, "id": "BR"}, {"import": 0, "export": 0, "id": "DE"}, {"import": 0, "export": 0, "id": "-"}, {"import": 6670, "export": 0, "id": "LB"}, {"import": 0, "export": 0, "id": "CH"}, {"import": 0, "export": 146330, "id": "UY"}, {"import": 0, "export": 480209, "id": "SV"}, {"import": 0, "export": 13895772, "id": "GT"}, {"import": 0, "export": 12184342, "id": "MX"}, {"import": 0, "export": 10191451, "id": "PA"}], "import": 6670, "export": 40975184}]