[{"date": "2006-05-01", "list": [{"import": 0, "export": 0, "id": "EG"}, {"import": 8, "export": 0, "id": "IT"}, {"import": 0, "export": 0, "id": "GR"}, {"import": 0, "export": 0, "id": "TR"}, {"import": 0, "export": 0, "id": "IN"}, {"import": 0, "export": 0, "id": "TH"}, {"import": 0, "export": 0, "id": "RS"}], "import": 8, "export": 0}, {"date": "2006-06-01", "list": [{"import": 0, "export": 0, "id": "EG"}, {"import": 20, "export": 0, "id": "IT"}, {"import": 0, "export": 0, "id": "GR"}, {"import": 0, "export": 0, "id": "TR"}, {"import": 0, "export": 0, "id": "IN"}, {"import": 50, "export": 0, "id": "TH"}, {"import": 0, "export": 0, "id": "RS"}], "import": 70, "export": 0}, {"date": "2006-07-01", "list": [{"import": 0, "export": 0, "id": "EG"}, {"import": 11, "export": 0, "id": "IT"}, {"import": 0, "export": 0, "id": "GR"}, {"import": 0, "export": 0, "id": "TR"}, {"import": 0, "export": 0, "id": "IN"}, {"import": 0, "export": 0, "id": "TH"}, {"import": 0, "export": 0, "id": "RS"}], "import": 11, "export": 0}, {"date": "2006-08-01", "list": [{"import": 0, "export": 0, "id": "EG"}, {"import": 10, "export": 0, "id": "IT"}, {"import": 0, "export": 0, "id": "GR"}, {"import": 1, "export": 0, "id": "TR"}, {"import": 0, "export": 0, "id": "IN"}, {"import": 0, "export": 0, "id": "TH"}, {"import": 0, "export": 0, "id": "RS"}], "import": 11, "export": 0}, {"date": "2006-09-01", "list": [{"import": 0, "export": 0, "id": "EG"}, {"import": 8, "export": 0, "id": "IT"}, {"import": 0, "export": 0, "id": "GR"}, {"import": 0, "export": 0, "id": "TR"}, {"import": 0, "export": 0, "id": "IN"}, {"import": 0, "export": 0, "id": "TH"}, {"import": 0, "export": 0, "id": "RS"}], "import": 8, "export": 0}, {"date": "2006-10-01", "list": [{"import": 0, "export": 0, "id": "EG"}, {"import": 7, "export": 0, "id": "IT"}, {"import": 16, "export": 0, "id": "GR"}, {"import": 0, "export": 0, "id": "TR"}, {"import": 0, "export": 0, "id": "IN"}, {"import": 52, "export": 0, "id": "TH"}, {"import": 0, "export": 0, "id": "RS"}], "import": 75, "export": 0}, {"date": "2006-11-01", "list": [{"import": 0, "export": 0, "id": "EG"}, {"import": 7, "export": 0, "id": "IT"}, {"import": 0, "export": 0, "id": "GR"}, {"import": 0, "export": 0, "id": "TR"}, {"import": 0, "export": 0, "id": "IN"}, {"import": 0, "export": 0, "id": "TH"}, {"import": 0, "export": 0, "id": "RS"}], "import": 7, "export": 0}, {"date": "2006-12-01", "list": [{"import": 737, "export": 0, "id": "EG"}, {"import": 13, "export": 0, "id": "IT"}, {"import": 18, "export": 0, "id": "GR"}, {"import": 0, "export": 0, "id": "TR"}, {"import": 0, "export": 0, "id": "IN"}, {"import": 100, "export": 0, "id": "TH"}, {"import": 0, "export": 0, "id": "RS"}], "import": 868, "export": 0}, {"date": "2007-01-01", "list": [{"import": 132000, "export": 0, "id": "EG"}, {"import": 1332, "export": 0, "id": "IT"}, {"import": 0, "export": 0, "id": "GR"}, {"import": 0, "export": 0, "id": "TR"}, {"import": 0, "export": 0, "id": "IN"}, {"import": 50000, "export": 0, "id": "TH"}, {"import": 0, "export": 0, "id": "RS"}], "import": 183332, "export": 0}, {"date": "2007-02-01", "list": [{"import": 0, "export": 0, "id": "EG"}, {"import": 7165, "export": 0, "id": "IT"}, {"import": 1680, "export": 0, "id": "GR"}, {"import": 960, "export": 0, "id": "TR"}, {"import": 0, "export": 0, "id": "IN"}, {"import": 0, "export": 0, "id": "TH"}, {"import": 0, "export": 0, "id": "RS"}], "import": 9805, "export": 0}, {"date": "2007-03-01", "list": [{"import": 30000, "export": 0, "id": "EG"}, {"import": 9220, "export": 0, "id": "IT"}, {"import": 42484, "export": 0, "id": "GR"}, {"import": 0, "export": 0, "id": "TR"}, {"import": 0, "export": 0, "id": "IN"}, {"import": 100000, "export": 0, "id": "TH"}, {"import": 0, "export": 0, "id": "RS"}], "import": 181704, "export": 0}, {"date": "2007-04-01", "list": [{"import": 0, "export": 0, "id": "EG"}, {"import": 8125, "export": 0, "id": "IT"}, {"import": 0, "export": 0, "id": "GR"}, {"import": 0, "export": 0, "id": "TR"}, {"import": 1000, "export": 0, "id": "IN"}, {"import": 0, "export": 0, "id": "TH"}, {"import": 0, "export": 0, "id": "RS"}], "import": 9125, "export": 0}, {"date": "2007-05-01", "list": [{"import": 0, "export": 0, "id": "EG"}, {"import": 5424, "export": 0, "id": "IT"}, {"import": 0, "export": 0, "id": "GR"}, {"import": 0, "export": 0, "id": "TR"}, {"import": 0, "export": 0, "id": "IN"}, {"import": 0, "export": 0, "id": "TH"}, {"import": 0, "export": 0, "id": "RS"}], "import": 5424, "export": 0}, {"date": "2007-06-01", "list": [{"import": 0, "export": 0, "id": "EG"}, {"import": 5800, "export": 0, "id": "IT"}, {"import": 16800, "export": 0, "id": "GR"}, {"import": 0, "export": 0, "id": "TR"}, {"import": 0, "export": 0, "id": "IN"}, {"import": 0, "export": 0, "id": "TH"}, {"import": 0, "export": 25000, "id": "RS"}], "import": 22600, "export": 25000}, {"date": "2007-07-01", "list": [{"import": 0, "export": 0, "id": "EG"}, {"import": 6944, "export": 0, "id": "IT"}, {"import": 25200, "export": 0, "id": "GR"}, {"import": 0, "export": 0, "id": "TR"}, {"import": 0, "export": 0, "id": "IN"}, {"import": 0, "export": 0, "id": "TH"}, {"import": 0, "export": 25000, "id": "RS"}], "import": 32144, "export": 25000}, {"date": "2007-08-01", "list": [{"import": 0, "export": 0, "id": "EG"}, {"import": 10120, "export": 0, "id": "IT"}, {"import": 1680, "export": 0, "id": "GR"}, {"import": 0, "export": 0, "id": "TR"}, {"import": 0, "export": 0, "id": "IN"}, {"import": 0, "export": 0, "id": "TH"}, {"import": 0, "export": 0, "id": "RS"}], "import": 11800, "export": 0}, {"date": "2007-09-01", "list": [{"import": 0, "export": 0, "id": "EG"}, {"import": 8948, "export": 0, "id": "IT"}, {"import": 17894, "export": 0, "id": "GR"}, {"import": 0, "export": 0, "id": "TR"}, {"import": 0, "export": 0, "id": "IN"}, {"import": 72000, "export": 0, "id": "TH"}, {"import": 0, "export": 0, "id": "RS"}], "import": 98842, "export": 0}, {"date": "2007-10-01", "list": [{"import": 196000, "export": 0, "id": "EG"}, {"import": 10634, "export": 0, "id": "IT"}, {"import": 55735, "export": 0, "id": "GR"}, {"import": 0, "export": 0, "id": "TR"}, {"import": 0, "export": 0, "id": "IN"}, {"import": 0, "export": 0, "id": "TH"}, {"import": 0, "export": 0, "id": "RS"}], "import": 262369, "export": 0}, {"date": "2007-11-01", "list": [{"import": 425000, "export": 0, "id": "EG"}, {"import": 12346, "export": 0, "id": "IT"}, {"import": 22710, "export": 0, "id": "GR"}, {"import": 0, "export": 0, "id": "TR"}, {"import": 0, "export": 0, "id": "IN"}, {"import": 86000, "export": 0, "id": "TH"}, {"import": 0, "export": 0, "id": "RS"}], "import": 546056, "export": 0}, {"date": "2007-12-01", "list": [{"import": 295000, "export": 0, "id": "EG"}, {"import": 17625, "export": 0, "id": "IT"}, {"import": 14600, "export": 0, "id": "GR"}, {"import": 1920, "export": 0, "id": "TR"}, {"import": 0, "export": 0, "id": "IN"}, {"import": 0, "export": 0, "id": "TH"}, {"import": 0, "export": 0, "id": "RS"}], "import": 329145, "export": 0}]