[{"date": "2019-01-01", "list": [{"import": 67763, "export": 0, "id": "US"}, {"import": 627000, "export": 0, "id": "UY"}, {"import": 1883434, "export": 0, "id": "PY"}, {"import": 0, "export": 0, "id": "SV"}, {"import": 1503000, "export": 0, "id": "AR"}, {"import": 0, "export": 0, "id": "TH"}, {"import": 0, "export": 0, "id": "IT"}, {"import": 0, "export": 0, "id": "IN"}, {"import": 0, "export": 0, "id": "ES"}, {"import": 0, "export": 660, "id": "BR"}, {"import": 0, "export": 0, "id": "VG"}, {"import": 0, "export": 0, "id": "CL"}, {"import": 0, "export": 55200, "id": "NI"}, {"import": 0, "export": 0, "id": "RU"}, {"import": 0, "export": 0, "id": "GT"}], "import": 4081197, "export": 55860}, {"date": "2019-02-01", "list": [{"import": 45938, "export": 0, "id": "US"}, {"import": 1223523, "export": 0, "id": "UY"}, {"import": 626128, "export": 0, "id": "PY"}, {"import": 124890, "export": 0, "id": "SV"}, {"import": 1875687, "export": 0, "id": "AR"}, {"import": 822, "export": 0, "id": "TH"}, {"import": 4285, "export": 0, "id": "IT"}, {"import": 417, "export": 0, "id": "IN"}, {"import": 0, "export": 0, "id": "ES"}, {"import": 0, "export": 0, "id": "BR"}, {"import": 0, "export": 0, "id": "VG"}, {"import": 0, "export": 0, "id": "CL"}, {"import": 0, "export": 248400, "id": "NI"}, {"import": 0, "export": 0, "id": "RU"}, {"import": 0, "export": 0, "id": "GT"}], "import": 3901690, "export": 248400}, {"date": "2019-03-01", "list": [{"import": 543141, "export": 0, "id": "US"}, {"import": 518861, "export": 0, "id": "UY"}, {"import": 150300, "export": 0, "id": "PY"}, {"import": 124890, "export": 0, "id": "SV"}, {"import": 1377650, "export": 0, "id": "AR"}, {"import": 420, "export": 0, "id": "TH"}, {"import": 1484, "export": 0, "id": "IT"}, {"import": 0, "export": 0, "id": "IN"}, {"import": 0, "export": 0, "id": "ES"}, {"import": 0, "export": 0, "id": "BR"}, {"import": 0, "export": 0, "id": "VG"}, {"import": 0, "export": 0, "id": "CL"}, {"import": 0, "export": 193200, "id": "NI"}, {"import": 0, "export": 0, "id": "RU"}, {"import": 0, "export": 0, "id": "GT"}], "import": 2716746, "export": 193200}, {"date": "2019-04-01", "list": [{"import": 19051, "export": 0, "id": "US"}, {"import": 1211508, "export": 0, "id": "UY"}, {"import": 0, "export": 0, "id": "PY"}, {"import": 0, "export": 0, "id": "SV"}, {"import": 1152320, "export": 0, "id": "AR"}, {"import": 0, "export": 0, "id": "TH"}, {"import": 0, "export": 0, "id": "IT"}, {"import": 0, "export": 0, "id": "IN"}, {"import": 0, "export": 0, "id": "ES"}, {"import": 0, "export": 0, "id": "BR"}, {"import": 0, "export": 0, "id": "VG"}, {"import": 0, "export": 0, "id": "CL"}, {"import": 0, "export": 18400, "id": "NI"}, {"import": 0, "export": 0, "id": "RU"}, {"import": 0, "export": 0, "id": "GT"}], "import": 2382879, "export": 18400}, {"date": "2019-05-01", "list": [{"import": 288105, "export": 0, "id": "US"}, {"import": 1166052, "export": 0, "id": "UY"}, {"import": 335657, "export": 0, "id": "PY"}, {"import": 249780, "export": 0, "id": "SV"}, {"import": 2129050, "export": 0, "id": "AR"}, {"import": 52139, "export": 0, "id": "TH"}, {"import": 0, "export": 0, "id": "IT"}, {"import": 0, "export": 0, "id": "IN"}, {"import": 2608, "export": 0, "id": "ES"}, {"import": 100216, "export": 0, "id": "BR"}, {"import": 0, "export": 0, "id": "VG"}, {"import": 0, "export": 0, "id": "CL"}, {"import": 0, "export": 27600, "id": "NI"}, {"import": 0, "export": 0, "id": "RU"}, {"import": 0, "export": 0, "id": "GT"}], "import": 4323607, "export": 27600}, {"date": "2019-06-01", "list": [{"import": 37629, "export": 0, "id": "US"}, {"import": 750156, "export": 0, "id": "UY"}, {"import": 510881, "export": 0, "id": "PY"}, {"import": 63480, "export": 0, "id": "SV"}, {"import": 1427700, "export": 0, "id": "AR"}, {"import": 0, "export": 0, "id": "TH"}, {"import": 2907, "export": 0, "id": "IT"}, {"import": 0, "export": 0, "id": "IN"}, {"import": 0, "export": 0, "id": "ES"}, {"import": 0, "export": 0, "id": "BR"}, {"import": 261012, "export": 0, "id": "VG"}, {"import": 56136, "export": 0, "id": "CL"}, {"import": 0, "export": 193200, "id": "NI"}, {"import": 0, "export": 0, "id": "RU"}, {"import": 0, "export": 0, "id": "GT"}], "import": 3109901, "export": 193200}, {"date": "2019-07-01", "list": [{"import": 19522, "export": 0, "id": "US"}, {"import": 892440, "export": 0, "id": "UY"}, {"import": 577668, "export": 0, "id": "PY"}, {"import": 355580, "export": 0, "id": "SV"}, {"import": 3187120, "export": 0, "id": "AR"}, {"import": 1409, "export": 0, "id": "TH"}, {"import": 200, "export": 0, "id": "IT"}, {"import": 1659, "export": 0, "id": "IN"}, {"import": 0, "export": 0, "id": "ES"}, {"import": 0, "export": 0, "id": "BR"}, {"import": 0, "export": 0, "id": "VG"}, {"import": 0, "export": 0, "id": "CL"}, {"import": 0, "export": 345000, "id": "NI"}, {"import": 0, "export": 0, "id": "RU"}, {"import": 0, "export": 0, "id": "GT"}], "import": 5035598, "export": 345000}, {"date": "2019-08-01", "list": [{"import": 0, "export": 0, "id": "US"}, {"import": 3946764, "export": 0, "id": "UY"}, {"import": 1467650, "export": 0, "id": "PY"}, {"import": 249780, "export": 0, "id": "SV"}, {"import": 858080, "export": 0, "id": "AR"}, {"import": 0, "export": 0, "id": "TH"}, {"import": 0, "export": 0, "id": "IT"}, {"import": 0, "export": 0, "id": "IN"}, {"import": 1717, "export": 0, "id": "ES"}, {"import": 0, "export": 0, "id": "BR"}, {"import": 0, "export": 0, "id": "VG"}, {"import": 56136, "export": 0, "id": "CL"}, {"import": 0, "export": 239200, "id": "NI"}, {"import": 0, "export": 0, "id": "RU"}, {"import": 0, "export": 0, "id": "GT"}], "import": 6580127, "export": 239200}, {"date": "2019-09-01", "list": [{"import": 29477, "export": 0, "id": "US"}, {"import": 918130, "export": 0, "id": "UY"}, {"import": 761820, "export": 0, "id": "PY"}, {"import": 105800, "export": 0, "id": "SV"}, {"import": 1252362, "export": 0, "id": "AR"}, {"import": 25000, "export": 0, "id": "TH"}, {"import": 0, "export": 0, "id": "IT"}, {"import": 0, "export": 0, "id": "IN"}, {"import": 0, "export": 0, "id": "ES"}, {"import": 0, "export": 0, "id": "BR"}, {"import": 0, "export": 0, "id": "VG"}, {"import": 0, "export": 0, "id": "CL"}, {"import": 0, "export": 96600, "id": "NI"}, {"import": 0, "export": 0, "id": "RU"}, {"import": 0, "export": 0, "id": "GT"}], "import": 3092589, "export": 96600}, {"date": "2019-10-01", "list": [{"import": 324730, "export": 0, "id": "US"}, {"import": 3005326, "export": 0, "id": "UY"}, {"import": 1204001, "export": 0, "id": "PY"}, {"import": 18400, "export": 0, "id": "SV"}, {"import": 501000, "export": 0, "id": "AR"}, {"import": 2261, "export": 0, "id": "TH"}, {"import": 2880, "export": 0, "id": "IT"}, {"import": 0, "export": 0, "id": "IN"}, {"import": 0, "export": 0, "id": "ES"}, {"import": 0, "export": 0, "id": "BR"}, {"import": 0, "export": 0, "id": "VG"}, {"import": 0, "export": 0, "id": "CL"}, {"import": 0, "export": 95956, "id": "NI"}, {"import": 0, "export": 0, "id": "RU"}, {"import": 0, "export": 0, "id": "GT"}], "import": 5058598, "export": 95956}, {"date": "2018-05-01", "list": [{"import": 0, "export": 0, "id": "NI"}, {"import": 0, "export": 540, "id": "RU"}, {"import": 0, "export": 0, "id": "BR"}, {"import": 0, "export": 0, "id": "SV"}, {"import": 0, "export": 0, "id": "GT"}], "import": 0, "export": 540}, {"date": "2018-06-01", "list": [{"import": 0, "export": 0, "id": "NI"}, {"import": 0, "export": 0, "id": "RU"}, {"import": 0, "export": 0, "id": "BR"}, {"import": 0, "export": 2020, "id": "SV"}, {"import": 0, "export": 0, "id": "GT"}], "import": 0, "export": 2020}, {"date": "2018-07-01", "list": [{"import": 0, "export": 23000, "id": "NI"}, {"import": 0, "export": 0, "id": "RU"}, {"import": 0, "export": 0, "id": "BR"}, {"import": 0, "export": 0, "id": "SV"}, {"import": 0, "export": 0, "id": "GT"}], "import": 0, "export": 23000}, {"date": "2018-08-01", "list": [{"import": 0, "export": 55200, "id": "NI"}, {"import": 0, "export": 0, "id": "RU"}, {"import": 0, "export": 0, "id": "BR"}, {"import": 0, "export": 0, "id": "SV"}, {"import": 0, "export": 0, "id": "GT"}], "import": 0, "export": 55200}, {"date": "2018-09-01", "list": [{"import": 0, "export": 220800, "id": "NI"}, {"import": 0, "export": 0, "id": "RU"}, {"import": 0, "export": 0, "id": "BR"}, {"import": 0, "export": 0, "id": "SV"}, {"import": 0, "export": 0, "id": "GT"}], "import": 0, "export": 220800}, {"date": "2018-10-01", "list": [{"import": 0, "export": 55200, "id": "NI"}, {"import": 0, "export": 0, "id": "RU"}, {"import": 0, "export": 0, "id": "BR"}, {"import": 0, "export": 0, "id": "SV"}, {"import": 0, "export": 0, "id": "GT"}], "import": 0, "export": 55200}, {"date": "2018-11-01", "list": [{"import": 0, "export": 55200, "id": "NI"}, {"import": 0, "export": 0, "id": "RU"}, {"import": 0, "export": 0, "id": "BR"}, {"import": 0, "export": 0, "id": "SV"}, {"import": 0, "export": 20700, "id": "GT"}], "import": 0, "export": 75900}, {"date": "2018-12-01", "list": [{"import": 0, "export": 0, "id": "NI"}, {"import": 0, "export": 0, "id": "RU"}, {"import": 0, "export": 0, "id": "BR"}, {"import": 0, "export": 0, "id": "SV"}, {"import": 0, "export": 0, "id": "GT"}], "import": 0, "export": 0}]