[{"date": "2019-05-01", "list": [{"import": 0, "export": 0, "id": "TW"}, {"import": 4500, "export": 0, "id": "TH"}], "import": 4500, "export": 0}, {"date": "2019-08-01", "list": [{"import": 0, "export": 0, "id": "TW"}], "import": 0, "export": 0}, {"date": "2019-12-01", "list": [{"import": 1, "export": 0, "id": "TW"}, {"import": 2000, "export": 0, "id": "TH"}], "import": 2001, "export": 0}, {"date": "2020-02-01", "list": [{"import": 0, "export": 0, "id": "TW"}], "import": 0, "export": 0}, {"date": "2020-05-01", "list": [{"import": 0, "export": 0, "id": "TW"}], "import": 0, "export": 0}, {"date": "2020-06-01", "list": [{"import": 1, "export": 0, "id": "TW"}, {"import": 3250, "export": 0, "id": "TH"}], "import": 3251, "export": 0}, {"date": "2019-01-01", "list": [{"import": 4150, "export": 0, "id": "TH"}], "import": 4150, "export": 0}]