[{"date": "2019-01-01", "list": [{"import": 0, "export": 1020, "id": "VN"}, {"import": 22700016, "export": 1090, "id": "US"}, {"import": 0, "export": 0, "id": "GB"}, {"import": 20000000, "export": 0, "id": "CN"}, {"import": 0, "export": 0, "id": "PH"}, {"import": 0, "export": 0, "id": "SA"}, {"import": 0, "export": 760, "id": "SG"}, {"import": 0, "export": 0, "id": "MN"}, {"import": 0, "export": 0, "id": "AE"}, {"import": 0, "export": 0, "id": "CA"}, {"import": 0, "export": 0, "id": "NZ"}, {"import": 0, "export": 0, "id": "NL"}, {"import": 0, "export": 0, "id": "MP"}, {"import": 0, "export": 0, "id": "PY"}, {"import": 0, "export": 0, "id": "QA"}, {"import": 0, "export": 0, "id": "CL"}, {"import": 0, "export": 0, "id": "-"}, {"import": 0, "export": 0, "id": "IQ"}, {"import": 0, "export": 0, "id": "KW"}, {"import": 0, "export": 0, "id": "MY"}, {"import": 0, "export": 0, "id": "DZ"}, {"import": 0, "export": 0, "id": "AU"}, {"import": 0, "export": 0, "id": "MM"}], "import": 42700016, "export": 3894}, {"date": "2019-02-01", "list": [{"import": 0, "export": 1180, "id": "VN"}, {"import": 59, "export": 1090, "id": "US"}, {"import": 0, "export": 0, "id": "GB"}, {"import": 0, "export": 0, "id": "CN"}, {"import": 0, "export": 0, "id": "PH"}, {"import": 0, "export": 0, "id": "SA"}, {"import": 0, "export": 634, "id": "SG"}, {"import": 0, "export": 0, "id": "MN"}, {"import": 0, "export": 0, "id": "AE"}, {"import": 0, "export": 0, "id": "CA"}, {"import": 0, "export": 0, "id": "NZ"}, {"import": 0, "export": 0, "id": "NL"}, {"import": 0, "export": 0, "id": "MP"}, {"import": 0, "export": 0, "id": "PY"}, {"import": 0, "export": 0, "id": "QA"}, {"import": 0, "export": 0, "id": "CL"}, {"import": 0, "export": 0, "id": "-"}, {"import": 0, "export": 0, "id": "IQ"}, {"import": 0, "export": 0, "id": "KW"}, {"import": 0, "export": 0, "id": "MY"}, {"import": 0, "export": 0, "id": "DZ"}, {"import": 0, "export": 0, "id": "AU"}, {"import": 0, "export": 0, "id": "MM"}], "import": 59, "export": 3548}, {"date": "2019-03-01", "list": [{"import": 0, "export": 1200, "id": "VN"}, {"import": 5980092, "export": 8963, "id": "US"}, {"import": 0, "export": 880, "id": "GB"}, {"import": 20000000, "export": 0, "id": "CN"}, {"import": 0, "export": 0, "id": "PH"}, {"import": 0, "export": 0, "id": "SA"}, {"import": 0, "export": 0, "id": "SG"}, {"import": 0, "export": 0, "id": "MN"}, {"import": 0, "export": 4440, "id": "AE"}, {"import": 0, "export": 0, "id": "CA"}, {"import": 0, "export": 480, "id": "NZ"}, {"import": 0, "export": 240, "id": "NL"}, {"import": 0, "export": 0, "id": "MP"}, {"import": 0, "export": 0, "id": "PY"}, {"import": 0, "export": 0, "id": "QA"}, {"import": 0, "export": 0, "id": "CL"}, {"import": 0, "export": 0, "id": "-"}, {"import": 0, "export": 0, "id": "IQ"}, {"import": 0, "export": 0, "id": "KW"}, {"import": 0, "export": 0, "id": "MY"}, {"import": 0, "export": 0, "id": "DZ"}, {"import": 0, "export": 0, "id": "AU"}, {"import": 0, "export": 0, "id": "MM"}], "import": 25980092, "export": 16203}, {"date": "2019-04-01", "list": [{"import": 0, "export": 700, "id": "VN"}, {"import": 13771110, "export": 0, "id": "US"}, {"import": 0, "export": 0, "id": "GB"}, {"import": 15000000, "export": 0, "id": "CN"}, {"import": 0, "export": 0, "id": "PH"}, {"import": 0, "export": 0, "id": "SA"}, {"import": 0, "export": 0, "id": "SG"}, {"import": 0, "export": 0, "id": "MN"}, {"import": 0, "export": 6000, "id": "AE"}, {"import": 0, "export": 0, "id": "CA"}, {"import": 0, "export": 0, "id": "NZ"}, {"import": 0, "export": 0, "id": "NL"}, {"import": 0, "export": 0, "id": "MP"}, {"import": 0, "export": 0, "id": "PY"}, {"import": 0, "export": 350, "id": "QA"}, {"import": 0, "export": 0, "id": "CL"}, {"import": 0, "export": 0, "id": "-"}, {"import": 0, "export": 0, "id": "IQ"}, {"import": 0, "export": 0, "id": "KW"}, {"import": 0, "export": 2000, "id": "MY"}, {"import": 0, "export": 0, "id": "DZ"}, {"import": 0, "export": 0, "id": "AU"}, {"import": 0, "export": 0, "id": "MM"}], "import": 28771110, "export": 10113}, {"date": "2019-05-01", "list": [{"import": 0, "export": 252, "id": "VN"}, {"import": 61734126, "export": 0, "id": "US"}, {"import": 0, "export": 0, "id": "GB"}, {"import": 24147003, "export": 0, "id": "CN"}, {"import": 1, "export": 200, "id": "PH"}, {"import": 0, "export": 0, "id": "SA"}, {"import": 0, "export": 0, "id": "SG"}, {"import": 0, "export": 0, "id": "MN"}, {"import": 0, "export": 3000, "id": "AE"}, {"import": 0, "export": 0, "id": "CA"}, {"import": 0, "export": 0, "id": "NZ"}, {"import": 0, "export": 800, "id": "NL"}, {"import": 0, "export": 0, "id": "MP"}, {"import": 0, "export": 0, "id": "PY"}, {"import": 0, "export": 0, "id": "QA"}, {"import": 0, "export": 0, "id": "CL"}, {"import": 0, "export": 0, "id": "-"}, {"import": 0, "export": 160, "id": "IQ"}, {"import": 0, "export": 240, "id": "KW"}, {"import": 0, "export": 0, "id": "MY"}, {"import": 0, "export": 0, "id": "DZ"}, {"import": 0, "export": 0, "id": "AU"}, {"import": 0, "export": 0, "id": "MM"}], "import": 85881130, "export": 4652}, {"date": "2019-06-01", "list": [{"import": 52, "export": 1715, "id": "VN"}, {"import": 17540123, "export": 3110, "id": "US"}, {"import": 0, "export": 160, "id": "GB"}, {"import": 0, "export": 0, "id": "CN"}, {"import": 0, "export": 0, "id": "PH"}, {"import": 0, "export": 0, "id": "SA"}, {"import": 0, "export": 0, "id": "SG"}, {"import": 0, "export": 0, "id": "MN"}, {"import": 0, "export": 3000, "id": "AE"}, {"import": 0, "export": 0, "id": "CA"}, {"import": 0, "export": 0, "id": "NZ"}, {"import": 0, "export": 340, "id": "NL"}, {"import": 0, "export": 0, "id": "MP"}, {"import": 0, "export": 0, "id": "PY"}, {"import": 0, "export": 0, "id": "QA"}, {"import": 0, "export": 0, "id": "CL"}, {"import": 0, "export": 0, "id": "-"}, {"import": 0, "export": 0, "id": "IQ"}, {"import": 0, "export": 0, "id": "KW"}, {"import": 0, "export": 0, "id": "MY"}, {"import": 0, "export": 0, "id": "DZ"}, {"import": 0, "export": 0, "id": "AU"}, {"import": 0, "export": 0, "id": "MM"}], "import": 17540175, "export": 8730}, {"date": "2019-07-01", "list": [{"import": 0, "export": 2161, "id": "VN"}, {"import": 5600084, "export": 52, "id": "US"}, {"import": 0, "export": 0, "id": "GB"}, {"import": 5000000, "export": 0, "id": "CN"}, {"import": 0, "export": 156, "id": "PH"}, {"import": 0, "export": 0, "id": "SA"}, {"import": 0, "export": 130, "id": "SG"}, {"import": 0, "export": 1092, "id": "MN"}, {"import": 0, "export": 6000, "id": "AE"}, {"import": 0, "export": 0, "id": "CA"}, {"import": 0, "export": 0, "id": "NZ"}, {"import": 0, "export": 0, "id": "NL"}, {"import": 0, "export": 0, "id": "MP"}, {"import": 0, "export": 320, "id": "PY"}, {"import": 0, "export": 0, "id": "QA"}, {"import": 0, "export": 0, "id": "CL"}, {"import": 0, "export": 0, "id": "-"}, {"import": 0, "export": 0, "id": "IQ"}, {"import": 0, "export": 0, "id": "KW"}, {"import": 0, "export": 0, "id": "MY"}, {"import": 0, "export": 0, "id": "DZ"}, {"import": 0, "export": 0, "id": "AU"}, {"import": 0, "export": 0, "id": "MM"}], "import": 10600084, "export": 10211}, {"date": "2019-08-01", "list": [{"import": 32, "export": 330, "id": "VN"}, {"import": 141, "export": 6719, "id": "US"}, {"import": 0, "export": 0, "id": "GB"}, {"import": 15000000, "export": 0, "id": "CN"}, {"import": 0, "export": 450, "id": "PH"}, {"import": 0, "export": 0, "id": "SA"}, {"import": 0, "export": 0, "id": "SG"}, {"import": 0, "export": 2400, "id": "MN"}, {"import": 0, "export": 2000, "id": "AE"}, {"import": 0, "export": 0, "id": "CA"}, {"import": 0, "export": 0, "id": "NZ"}, {"import": 0, "export": 0, "id": "NL"}, {"import": 0, "export": 0, "id": "MP"}, {"import": 0, "export": 0, "id": "PY"}, {"import": 0, "export": 0, "id": "QA"}, {"import": 0, "export": 0, "id": "CL"}, {"import": 0, "export": 0, "id": "-"}, {"import": 0, "export": 0, "id": "IQ"}, {"import": 0, "export": 560, "id": "KW"}, {"import": 0, "export": 0, "id": "MY"}, {"import": 0, "export": 0, "id": "DZ"}, {"import": 0, "export": 2359, "id": "AU"}, {"import": 0, "export": 500, "id": "MM"}], "import": 15000173, "export": 15830}, {"date": "2019-09-01", "list": [{"import": 0, "export": 0, "id": "VN"}, {"import": 132, "export": 2179, "id": "US"}, {"import": 0, "export": 160, "id": "GB"}, {"import": 0, "export": 0, "id": "CN"}, {"import": 0, "export": 0, "id": "PH"}, {"import": 0, "export": 0, "id": "SA"}, {"import": 0, "export": 1040, "id": "SG"}, {"import": 0, "export": 0, "id": "MN"}, {"import": 0, "export": 1000, "id": "AE"}, {"import": 0, "export": 0, "id": "CA"}, {"import": 0, "export": 0, "id": "NZ"}, {"import": 0, "export": 0, "id": "NL"}, {"import": 0, "export": 0, "id": "MP"}, {"import": 0, "export": 0, "id": "PY"}, {"import": 0, "export": 0, "id": "QA"}, {"import": 0, "export": 0, "id": "CL"}, {"import": 0, "export": 0, "id": "-"}, {"import": 0, "export": 0, "id": "IQ"}, {"import": 0, "export": 0, "id": "KW"}, {"import": 0, "export": 0, "id": "MY"}, {"import": 0, "export": 0, "id": "DZ"}, {"import": 0, "export": 1800, "id": "AU"}, {"import": 0, "export": 0, "id": "MM"}], "import": 132, "export": 6179}, {"date": "2019-10-01", "list": [{"import": 1, "export": 2776, "id": "VN"}, {"import": 128, "export": 3364, "id": "US"}, {"import": 1, "export": 1280, "id": "GB"}, {"import": 0, "export": 0, "id": "CN"}, {"import": 0, "export": 256, "id": "PH"}, {"import": 0, "export": 0, "id": "SA"}, {"import": 0, "export": 0, "id": "SG"}, {"import": 0, "export": 0, "id": "MN"}, {"import": 0, "export": 0, "id": "AE"}, {"import": 0, "export": 400, "id": "CA"}, {"import": 0, "export": 800, "id": "NZ"}, {"import": 0, "export": 510, "id": "NL"}, {"import": 0, "export": 0, "id": "MP"}, {"import": 0, "export": 0, "id": "PY"}, {"import": 0, "export": 0, "id": "QA"}, {"import": 0, "export": 0, "id": "CL"}, {"import": 0, "export": 0, "id": "-"}, {"import": 0, "export": 0, "id": "IQ"}, {"import": 0, "export": 0, "id": "KW"}, {"import": 0, "export": 0, "id": "MY"}, {"import": 0, "export": 0, "id": "DZ"}, {"import": 0, "export": 0, "id": "AU"}, {"import": 0, "export": 0, "id": "MM"}], "import": 130, "export": 9866}, {"date": "2019-11-01", "list": [{"import": 0, "export": 2380, "id": "VN"}, {"import": 55, "export": 2395, "id": "US"}, {"import": 0, "export": 0, "id": "GB"}, {"import": 0, "export": 0, "id": "CN"}, {"import": 0, "export": 0, "id": "PH"}, {"import": 0, "export": 0, "id": "SA"}, {"import": 0, "export": 0, "id": "SG"}, {"import": 0, "export": 1280, "id": "MN"}, {"import": 0, "export": 1000, "id": "AE"}, {"import": 0, "export": 0, "id": "CA"}, {"import": 0, "export": 0, "id": "NZ"}, {"import": 0, "export": 0, "id": "NL"}, {"import": 0, "export": 0, "id": "MP"}, {"import": 0, "export": 0, "id": "PY"}, {"import": 0, "export": 0, "id": "QA"}, {"import": 0, "export": 256, "id": "CL"}, {"import": 0, "export": 0, "id": "-"}, {"import": 0, "export": 0, "id": "IQ"}, {"import": 0, "export": 0, "id": "KW"}, {"import": 0, "export": 0, "id": "MY"}, {"import": 0, "export": 0, "id": "DZ"}, {"import": 0, "export": 0, "id": "AU"}, {"import": 0, "export": 0, "id": "MM"}], "import": 55, "export": 7547}, {"date": "2019-12-01", "list": [{"import": 4500000, "export": 2344, "id": "VN"}, {"import": 81, "export": 2538, "id": "US"}, {"import": 0, "export": 160, "id": "GB"}, {"import": 55000000, "export": 0, "id": "CN"}, {"import": 0, "export": 1436, "id": "PH"}, {"import": 0, "export": 240, "id": "SA"}, {"import": 0, "export": 0, "id": "SG"}, {"import": 0, "export": 0, "id": "MN"}, {"import": 0, "export": 1500, "id": "AE"}, {"import": 0, "export": 0, "id": "CA"}, {"import": 0, "export": 0, "id": "NZ"}, {"import": 0, "export": 0, "id": "NL"}, {"import": 0, "export": 0, "id": "MP"}, {"import": 0, "export": 0, "id": "PY"}, {"import": 0, "export": 0, "id": "QA"}, {"import": 0, "export": 0, "id": "CL"}, {"import": 0, "export": 0, "id": "-"}, {"import": 0, "export": 0, "id": "IQ"}, {"import": 0, "export": 0, "id": "KW"}, {"import": 0, "export": 868, "id": "MY"}, {"import": 0, "export": 0, "id": "DZ"}, {"import": 0, "export": 0, "id": "AU"}, {"import": 0, "export": 0, "id": "MM"}], "import": 59500081, "export": 9086}, {"date": "2020-01-01", "list": [{"import": 61500000, "export": 2994, "id": "VN"}, {"import": 12400062, "export": 0, "id": "US"}, {"import": 1, "export": 160, "id": "GB"}, {"import": 33000000, "export": 0, "id": "CN"}, {"import": 0, "export": 172, "id": "PH"}, {"import": 0, "export": 240, "id": "SA"}, {"import": 0, "export": 472, "id": "SG"}, {"import": 0, "export": 0, "id": "MN"}, {"import": 0, "export": 2000, "id": "AE"}, {"import": 0, "export": 0, "id": "CA"}, {"import": 0, "export": 800, "id": "NZ"}, {"import": 0, "export": 0, "id": "NL"}, {"import": 0, "export": 0, "id": "MP"}, {"import": 0, "export": 0, "id": "PY"}, {"import": 0, "export": 0, "id": "QA"}, {"import": 0, "export": 0, "id": "CL"}, {"import": 0, "export": 0, "id": "-"}, {"import": 0, "export": 0, "id": "IQ"}, {"import": 0, "export": 0, "id": "KW"}, {"import": 0, "export": 0, "id": "MY"}, {"import": 0, "export": 0, "id": "DZ"}, {"import": 0, "export": 0, "id": "AU"}, {"import": 0, "export": 0, "id": "MM"}], "import": 106900063, "export": 7188}, {"date": "2020-02-01", "list": [{"import": 22000000, "export": 1580, "id": "VN"}, {"import": 8200142, "export": 7091, "id": "US"}, {"import": 0, "export": 160, "id": "GB"}, {"import": 0, "export": 0, "id": "CN"}, {"import": 0, "export": 324, "id": "PH"}, {"import": 0, "export": 0, "id": "SA"}, {"import": 0, "export": 192, "id": "SG"}, {"import": 0, "export": 0, "id": "MN"}, {"import": 0, "export": 1500, "id": "AE"}, {"import": 0, "export": 0, "id": "CA"}, {"import": 0, "export": 0, "id": "NZ"}, {"import": 0, "export": 0, "id": "NL"}, {"import": 0, "export": 0, "id": "MP"}, {"import": 0, "export": 0, "id": "PY"}, {"import": 0, "export": 0, "id": "QA"}, {"import": 0, "export": 0, "id": "CL"}, {"import": 0, "export": 120, "id": "-"}, {"import": 0, "export": 0, "id": "IQ"}, {"import": 0, "export": 0, "id": "KW"}, {"import": 0, "export": 0, "id": "MY"}, {"import": 0, "export": 0, "id": "DZ"}, {"import": 0, "export": 0, "id": "AU"}, {"import": 0, "export": 0, "id": "MM"}], "import": 30200142, "export": 11527}, {"date": "2020-03-01", "list": [{"import": 0, "export": 0, "id": "VN"}, {"import": 11060095, "export": 14766, "id": "US"}, {"import": 0, "export": 0, "id": "GB"}, {"import": 22000000, "export": 0, "id": "CN"}, {"import": 0, "export": 0, "id": "PH"}, {"import": 0, "export": 0, "id": "SA"}, {"import": 0, "export": 740, "id": "SG"}, {"import": 0, "export": 2400, "id": "MN"}, {"import": 0, "export": 3880, "id": "AE"}, {"import": 0, "export": 0, "id": "CA"}, {"import": 0, "export": 0, "id": "NZ"}, {"import": 0, "export": 450, "id": "NL"}, {"import": 0, "export": 0, "id": "MP"}, {"import": 0, "export": 0, "id": "PY"}, {"import": 0, "export": 0, "id": "QA"}, {"import": 0, "export": 0, "id": "CL"}, {"import": 0, "export": 0, "id": "-"}, {"import": 0, "export": 0, "id": "IQ"}, {"import": 0, "export": 0, "id": "KW"}, {"import": 0, "export": 0, "id": "MY"}, {"import": 0, "export": 0, "id": "DZ"}, {"import": 0, "export": 0, "id": "AU"}, {"import": 0, "export": 0, "id": "MM"}], "import": 33060095, "export": 22236}, {"date": "2020-04-01", "list": [{"import": 0, "export": 2050, "id": "VN"}, {"import": 11140059, "export": 30963, "id": "US"}, {"import": 0, "export": 0, "id": "GB"}, {"import": 22000000, "export": 0, "id": "CN"}, {"import": 0, "export": 0, "id": "PH"}, {"import": 0, "export": 0, "id": "SA"}, {"import": 0, "export": 284, "id": "SG"}, {"import": 0, "export": 0, "id": "MN"}, {"import": 0, "export": 2000, "id": "AE"}, {"import": 0, "export": 0, "id": "CA"}, {"import": 0, "export": 0, "id": "NZ"}, {"import": 0, "export": 0, "id": "NL"}, {"import": 0, "export": 0, "id": "MP"}, {"import": 0, "export": 0, "id": "PY"}, {"import": 0, "export": 0, "id": "QA"}, {"import": 0, "export": 0, "id": "CL"}, {"import": 0, "export": 0, "id": "-"}, {"import": 0, "export": 0, "id": "IQ"}, {"import": 0, "export": 0, "id": "KW"}, {"import": 0, "export": 0, "id": "MY"}, {"import": 0, "export": 0, "id": "DZ"}, {"import": 0, "export": 0, "id": "AU"}, {"import": 0, "export": 0, "id": "MM"}], "import": 33140059, "export": 35987}, {"date": "2020-05-01", "list": [{"import": 29, "export": 490, "id": "VN"}, {"import": 8280027, "export": 11014, "id": "US"}, {"import": 0, "export": 0, "id": "GB"}, {"import": 22000000, "export": 0, "id": "CN"}, {"import": 0, "export": 0, "id": "PH"}, {"import": 5, "export": 160, "id": "SA"}, {"import": 24, "export": 248, "id": "SG"}, {"import": 0, "export": 0, "id": "MN"}, {"import": 0, "export": 0, "id": "AE"}, {"import": 0, "export": 0, "id": "CA"}, {"import": 0, "export": 480, "id": "NZ"}, {"import": 0, "export": 0, "id": "NL"}, {"import": 0, "export": 288, "id": "MP"}, {"import": 0, "export": 0, "id": "PY"}, {"import": 0, "export": 0, "id": "QA"}, {"import": 0, "export": 0, "id": "CL"}, {"import": 0, "export": 0, "id": "-"}, {"import": 0, "export": 0, "id": "IQ"}, {"import": 0, "export": 0, "id": "KW"}, {"import": 0, "export": 0, "id": "MY"}, {"import": 0, "export": 0, "id": "DZ"}, {"import": 0, "export": 0, "id": "AU"}, {"import": 0, "export": 0, "id": "MM"}], "import": 30280085, "export": 17044}, {"date": "2020-06-01", "list": [{"import": 0, "export": 681, "id": "VN"}, {"import": 34802027, "export": 275, "id": "US"}, {"import": 0, "export": 1760, "id": "GB"}, {"import": 22000000, "export": 0, "id": "CN"}, {"import": 0, "export": 0, "id": "PH"}, {"import": 0, "export": 0, "id": "SA"}, {"import": 0, "export": 0, "id": "SG"}, {"import": 0, "export": 2400, "id": "MN"}, {"import": 0, "export": 0, "id": "AE"}, {"import": 0, "export": 0, "id": "CA"}, {"import": 0, "export": 1120, "id": "NZ"}, {"import": 0, "export": 0, "id": "NL"}, {"import": 0, "export": 0, "id": "MP"}, {"import": 0, "export": 0, "id": "PY"}, {"import": 0, "export": 0, "id": "QA"}, {"import": 0, "export": 0, "id": "CL"}, {"import": 0, "export": 0, "id": "-"}, {"import": 0, "export": 0, "id": "IQ"}, {"import": 0, "export": 0, "id": "KW"}, {"import": 0, "export": 0, "id": "MY"}, {"import": 0, "export": 144, "id": "DZ"}, {"import": 0, "export": 0, "id": "AU"}, {"import": 0, "export": 0, "id": "MM"}], "import": 56802027, "export": 11722}]