[{"date": "2020-08-01", "list": [{"import": 500, "export": 0, "id": "KR"}], "import": 500, "export": 0}, {"date": "2020-02-01", "list": [{"import": 22935, "export": 0, "id": "KG"}], "import": 22935, "export": 0}, {"date": "2019-02-01", "list": [{"import": 88000, "export": 0, "id": "RU"}], "import": 88000, "export": 0}, {"date": "2020-01-01", "list": [{"import": 85244, "export": 0, "id": "RU"}], "import": 85244, "export": 0}, {"date": "2019-09-01", "list": [{"import": 2400, "export": 0, "id": "BH"}], "import": 2400, "export": 0}]