[{"date": "2018-05-01", "list": [{"import": 0, "export": 0, "id": "US"}, {"import": 0, "export": 0, "id": "HN"}, {"import": 2266880, "export": 0, "id": "BR"}], "import": 2266880, "export": 0}, {"date": "2018-06-01", "list": [{"import": 0, "export": 0, "id": "US"}, {"import": 0, "export": 0, "id": "HN"}, {"import": 7025540, "export": 0, "id": "BR"}], "import": 7025540, "export": 0}, {"date": "2018-07-01", "list": [{"import": 0, "export": 0, "id": "US"}, {"import": 0, "export": 0, "id": "HN"}, {"import": 3633550, "export": 0, "id": "BR"}], "import": 3633550, "export": 0}, {"date": "2018-08-01", "list": [{"import": 0, "export": 0, "id": "US"}, {"import": 0, "export": 63504, "id": "HN"}, {"import": 32851140, "export": 0, "id": "BR"}], "import": 32851140, "export": 63504}, {"date": "2018-09-01", "list": [{"import": 0, "export": 0, "id": "US"}, {"import": 0, "export": 0, "id": "HN"}, {"import": 2282400, "export": 0, "id": "BR"}], "import": 2282400, "export": 0}, {"date": "2018-10-01", "list": [{"import": 0, "export": 0, "id": "US"}, {"import": 0, "export": 0, "id": "HN"}, {"import": 0, "export": 0, "id": "BR"}], "import": 0, "export": 0}, {"date": "2018-11-01", "list": [{"import": 0, "export": 0, "id": "US"}, {"import": 0, "export": 0, "id": "HN"}, {"import": 24019933, "export": 0, "id": "BR"}], "import": 24019933, "export": 0}, {"date": "2018-12-01", "list": [{"import": 0, "export": 0, "id": "US"}, {"import": 0, "export": 0, "id": "HN"}, {"import": 129437, "export": 0, "id": "BR"}], "import": 129437, "export": 0}, {"date": "2019-01-01", "list": [{"import": 0, "export": 0, "id": "US"}, {"import": 0, "export": 0, "id": "HN"}, {"import": 0, "export": 0, "id": "BR"}], "import": 0, "export": 0}, {"date": "2019-02-01", "list": [{"import": 12600000, "export": 0, "id": "US"}, {"import": 0, "export": 0, "id": "HN"}, {"import": 0, "export": 0, "id": "BR"}], "import": 12600000, "export": 0}, {"date": "2019-03-01", "list": [{"import": 12631619, "export": 0, "id": "US"}, {"import": 0, "export": 0, "id": "HN"}, {"import": 0, "export": 0, "id": "BR"}], "import": 12631619, "export": 0}, {"date": "2019-04-01", "list": [{"import": 0, "export": 0, "id": "US"}, {"import": 0, "export": 0, "id": "HN"}, {"import": 0, "export": 0, "id": "BR"}], "import": 0, "export": 0}, {"date": "2019-05-01", "list": [{"import": 15600000, "export": 0, "id": "US"}, {"import": 0, "export": 0, "id": "HN"}, {"import": 0, "export": 0, "id": "BR"}], "import": 15600000, "export": 0}, {"date": "2019-06-01", "list": [{"import": 8287347, "export": 0, "id": "US"}, {"import": 0, "export": 0, "id": "HN"}, {"import": 3122860, "export": 0, "id": "BR"}], "import": 11410207, "export": 0}, {"date": "2019-07-01", "list": [{"import": 4672110, "export": 0, "id": "US"}, {"import": 0, "export": 0, "id": "HN"}, {"import": 1263670, "export": 0, "id": "BR"}], "import": 5935780, "export": 0}, {"date": "2019-08-01", "list": [{"import": 11787461, "export": 0, "id": "US"}, {"import": 88320, "export": 0, "id": "HN"}, {"import": 143050, "export": 0, "id": "BR"}], "import": 12018831, "export": 0}, {"date": "2019-09-01", "list": [{"import": 2632730, "export": 0, "id": "US"}, {"import": 22080, "export": 0, "id": "HN"}, {"import": 0, "export": 0, "id": "BR"}], "import": 2654810, "export": 0}, {"date": "2019-10-01", "list": [{"import": 16516760, "export": 0, "id": "US"}, {"import": 88320, "export": 0, "id": "HN"}, {"import": 0, "export": 0, "id": "BR"}], "import": 16605080, "export": 0}, {"date": "2019-11-01", "list": [{"import": 2608000, "export": 0, "id": "US"}, {"import": 23000, "export": 0, "id": "HN"}, {"import": 31600, "export": 0, "id": "BR"}], "import": 2662600, "export": 0}, {"date": "2019-12-01", "list": [{"import": 27545915, "export": 0, "id": "US"}, {"import": 44160, "export": 0, "id": "HN"}, {"import": 31600, "export": 0, "id": "BR"}], "import": 27621675, "export": 0}]