[{"date": "2018-08-01", "list": [{"import": 600, "export": 0, "id": "CN"}, {"import": 294, "export": 0, "id": "GB"}, {"import": 0, "export": 0, "id": "-"}, {"import": 0, "export": 0, "id": "RW"}, {"import": 0, "export": 0, "id": "SS"}], "import": 894, "export": 0}, {"date": "2018-09-01", "list": [{"import": 0, "export": 0, "id": "CN"}, {"import": 150, "export": 0, "id": "GB"}, {"import": 0, "export": 0, "id": "-"}, {"import": 0, "export": 0, "id": "RW"}, {"import": 0, "export": 0, "id": "SS"}], "import": 150, "export": 0}, {"date": "2018-10-01", "list": [{"import": 0, "export": 0, "id": "CN"}, {"import": 0, "export": 0, "id": "GB"}, {"import": 0, "export": 865, "id": "-"}, {"import": 0, "export": 0, "id": "RW"}, {"import": 0, "export": 0, "id": "SS"}], "import": 0, "export": 865}, {"date": "2018-11-01", "list": [{"import": 0, "export": 0, "id": "CN"}, {"import": 0, "export": 0, "id": "GB"}, {"import": 0, "export": 0, "id": "-"}, {"import": 0, "export": 0, "id": "RW"}, {"import": 0, "export": 0, "id": "SS"}], "import": 0, "export": 0}, {"date": "2018-12-01", "list": [{"import": 0, "export": 0, "id": "CN"}, {"import": 0, "export": 0, "id": "GB"}, {"import": 0, "export": 0, "id": "-"}, {"import": 0, "export": 0, "id": "RW"}, {"import": 0, "export": 0, "id": "SS"}], "import": 0, "export": 0}, {"date": "2019-01-01", "list": [{"import": 0, "export": 0, "id": "CN"}, {"import": 0, "export": 0, "id": "GB"}, {"import": 0, "export": 0, "id": "-"}, {"import": 0, "export": 0, "id": "RW"}, {"import": 0, "export": 0, "id": "SS"}], "import": 0, "export": 0}, {"date": "2019-02-01", "list": [{"import": 0, "export": 0, "id": "CN"}, {"import": 0, "export": 0, "id": "GB"}, {"import": 0, "export": 610, "id": "-"}, {"import": 0, "export": 0, "id": "RW"}, {"import": 0, "export": 13850, "id": "SS"}], "import": 0, "export": 14460}, {"date": "2019-03-01", "list": [{"import": 0, "export": 0, "id": "CN"}, {"import": 0, "export": 0, "id": "GB"}, {"import": 0, "export": 0, "id": "-"}, {"import": 0, "export": 0, "id": "RW"}, {"import": 0, "export": 10000, "id": "SS"}], "import": 0, "export": 10000}, {"date": "2019-04-01", "list": [{"import": 0, "export": 0, "id": "CN"}, {"import": 1256, "export": 0, "id": "GB"}, {"import": 0, "export": 0, "id": "-"}, {"import": 0, "export": 0, "id": "RW"}, {"import": 0, "export": 0, "id": "SS"}], "import": 1256, "export": 0}, {"date": "2019-05-01", "list": [{"import": 0, "export": 0, "id": "CN"}, {"import": 0, "export": 0, "id": "GB"}, {"import": 0, "export": 0, "id": "-"}, {"import": 0, "export": 0, "id": "RW"}, {"import": 0, "export": 750, "id": "SS"}], "import": 0, "export": 750}, {"date": "2019-06-01", "list": [{"import": 0, "export": 0, "id": "CN"}, {"import": 104, "export": 0, "id": "GB"}, {"import": 0, "export": 0, "id": "-"}, {"import": 0, "export": 0, "id": "RW"}, {"import": 0, "export": 0, "id": "SS"}], "import": 104, "export": 0}, {"date": "2019-07-01", "list": [{"import": 0, "export": 0, "id": "CN"}, {"import": 245, "export": 0, "id": "GB"}, {"import": 0, "export": 0, "id": "-"}, {"import": 0, "export": 0, "id": "RW"}, {"import": 0, "export": 0, "id": "SS"}], "import": 245, "export": 0}, {"date": "2019-08-01", "list": [{"import": 0, "export": 0, "id": "CN"}, {"import": 0, "export": 0, "id": "GB"}, {"import": 0, "export": 350, "id": "-"}, {"import": 0, "export": 0, "id": "RW"}, {"import": 0, "export": 5000, "id": "SS"}], "import": 0, "export": 5350}, {"date": "2019-09-01", "list": [{"import": 0, "export": 0, "id": "CN"}, {"import": 0, "export": 0, "id": "GB"}, {"import": 0, "export": 400, "id": "-"}, {"import": 0, "export": 0, "id": "RW"}, {"import": 0, "export": 0, "id": "SS"}], "import": 0, "export": 400}, {"date": "2019-10-01", "list": [{"import": 0, "export": 0, "id": "CN"}, {"import": 383, "export": 0, "id": "GB"}, {"import": 0, "export": 0, "id": "-"}, {"import": 0, "export": 240, "id": "RW"}, {"import": 0, "export": 0, "id": "SS"}], "import": 383, "export": 240}, {"date": "2019-11-01", "list": [{"import": 0, "export": 0, "id": "CN"}, {"import": 0, "export": 0, "id": "GB"}, {"import": 0, "export": 0, "id": "-"}, {"import": 0, "export": 0, "id": "RW"}, {"import": 0, "export": 0, "id": "SS"}], "import": 0, "export": 0}, {"date": "2019-12-01", "list": [{"import": 0, "export": 0, "id": "CN"}, {"import": 0, "export": 0, "id": "GB"}, {"import": 0, "export": 534, "id": "-"}, {"import": 0, "export": 0, "id": "RW"}, {"import": 0, "export": 0, "id": "SS"}], "import": 0, "export": 534}, {"date": "2020-01-01", "list": [{"import": 0, "export": 0, "id": "CN"}, {"import": 0, "export": 0, "id": "GB"}, {"import": 0, "export": 0, "id": "-"}, {"import": 0, "export": 0, "id": "RW"}, {"import": 0, "export": 0, "id": "SS"}], "import": 0, "export": 0}]