[{"date": "2019-04-01", "list": [{"import": 585, "export": 0, "id": "DK"}], "import": 585, "export": 0}, {"date": "2019-05-01", "list": [{"import": 428, "export": 0, "id": "DK"}], "import": 428, "export": 0}, {"date": "2019-06-01", "list": [{"import": 400, "export": 0, "id": "DK"}], "import": 400, "export": 0}, {"date": "2019-09-01", "list": [{"import": 335, "export": 0, "id": "DK"}], "import": 335, "export": 0}, {"date": "2019-10-01", "list": [{"import": 514, "export": 0, "id": "DK"}], "import": 514, "export": 0}, {"date": "2019-11-01", "list": [{"import": 527, "export": 0, "id": "DK"}], "import": 527, "export": 0}, {"date": "2019-12-01", "list": [{"import": 473, "export": 0, "id": "DK"}], "import": 473, "export": 0}, {"date": "2020-03-01", "list": [{"import": 266, "export": 0, "id": "DK"}], "import": 266, "export": 0}, {"date": "2020-05-01", "list": [{"import": 505, "export": 0, "id": "DK"}], "import": 505, "export": 0}]