[{"date": "2018-11-01", "list": [{"import": 3181002, "export": 0, "id": "US"}, {"import": 0, "export": 0, "id": "BR"}, {"import": 1000000, "export": 0, "id": "TW"}, {"import": 0, "export": 0, "id": "AR"}], "import": 4181002, "export": 0}, {"date": "2018-12-01", "list": [{"import": 15904307, "export": 0, "id": "US"}, {"import": 0, "export": 0, "id": "BR"}, {"import": 2000000, "export": 0, "id": "TW"}, {"import": 0, "export": 0, "id": "AR"}], "import": 17904307, "export": 0}, {"date": "2019-01-01", "list": [{"import": 0, "export": 0, "id": "US"}, {"import": 0, "export": 0, "id": "BR"}, {"import": 0, "export": 0, "id": "TW"}, {"import": 0, "export": 0, "id": "AR"}], "import": 0, "export": 0}, {"date": "2019-02-01", "list": [{"import": 6007190, "export": 0, "id": "US"}, {"import": 0, "export": 0, "id": "BR"}, {"import": 0, "export": 0, "id": "TW"}, {"import": 0, "export": 0, "id": "AR"}], "import": 6007190, "export": 0}, {"date": "2019-03-01", "list": [{"import": 3596495, "export": 0, "id": "US"}, {"import": 0, "export": 0, "id": "BR"}, {"import": 0, "export": 0, "id": "TW"}, {"import": 0, "export": 0, "id": "AR"}], "import": 3596495, "export": 0}, {"date": "2019-04-01", "list": [{"import": 7844715, "export": 0, "id": "US"}, {"import": 0, "export": 0, "id": "BR"}, {"import": 0, "export": 0, "id": "TW"}, {"import": 5708160, "export": 0, "id": "AR"}], "import": 13552875, "export": 0}, {"date": "2019-05-01", "list": [{"import": 10466078, "export": 0, "id": "US"}, {"import": 0, "export": 0, "id": "BR"}, {"import": 0, "export": 0, "id": "TW"}, {"import": 0, "export": 0, "id": "AR"}], "import": 10466078, "export": 0}, {"date": "2019-06-01", "list": [{"import": 4599244, "export": 0, "id": "US"}, {"import": 0, "export": 0, "id": "BR"}, {"import": 0, "export": 0, "id": "TW"}, {"import": 0, "export": 0, "id": "AR"}], "import": 4599244, "export": 0}, {"date": "2019-07-01", "list": [{"import": 588000, "export": 0, "id": "US"}, {"import": 0, "export": 0, "id": "BR"}, {"import": 0, "export": 0, "id": "TW"}, {"import": 0, "export": 0, "id": "AR"}], "import": 588000, "export": 0}, {"date": "2019-08-01", "list": [{"import": 1351000, "export": 0, "id": "US"}, {"import": 0, "export": 0, "id": "BR"}, {"import": 0, "export": 0, "id": "TW"}, {"import": 0, "export": 0, "id": "AR"}], "import": 1351000, "export": 0}, {"date": "2019-09-01", "list": [{"import": 3706280, "export": 0, "id": "US"}, {"import": 0, "export": 0, "id": "BR"}, {"import": 0, "export": 0, "id": "TW"}, {"import": 0, "export": 0, "id": "AR"}], "import": 3706280, "export": 0}, {"date": "2019-10-01", "list": [{"import": 8607486, "export": 0, "id": "US"}, {"import": 0, "export": 0, "id": "BR"}, {"import": 0, "export": 0, "id": "TW"}, {"import": 0, "export": 0, "id": "AR"}], "import": 8607486, "export": 0}, {"date": "2019-11-01", "list": [{"import": 6684995, "export": 0, "id": "US"}, {"import": 0, "export": 0, "id": "BR"}, {"import": 0, "export": 0, "id": "TW"}, {"import": 0, "export": 0, "id": "AR"}], "import": 6684995, "export": 0}, {"date": "2019-12-01", "list": [{"import": 15110161, "export": 0, "id": "US"}, {"import": 0, "export": 0, "id": "BR"}, {"import": 0, "export": 0, "id": "TW"}, {"import": 0, "export": 0, "id": "AR"}], "import": 15110161, "export": 0}, {"date": "2020-01-01", "list": [{"import": 0, "export": 0, "id": "US"}, {"import": 0, "export": 0, "id": "BR"}, {"import": 0, "export": 0, "id": "TW"}, {"import": 0, "export": 0, "id": "AR"}], "import": 0, "export": 0}, {"date": "2020-02-01", "list": [{"import": 6583180, "export": 0, "id": "US"}, {"import": 0, "export": 0, "id": "BR"}, {"import": 0, "export": 0, "id": "TW"}, {"import": 0, "export": 0, "id": "AR"}], "import": 6583180, "export": 0}, {"date": "2020-03-01", "list": [{"import": 7866408, "export": 0, "id": "US"}, {"import": 0, "export": 0, "id": "BR"}, {"import": 0, "export": 0, "id": "TW"}, {"import": 0, "export": 0, "id": "AR"}], "import": 7866408, "export": 0}, {"date": "2020-04-01", "list": [{"import": 4590864, "export": 0, "id": "US"}, {"import": 0, "export": 0, "id": "BR"}, {"import": 0, "export": 0, "id": "TW"}, {"import": 0, "export": 0, "id": "AR"}], "import": 4590864, "export": 0}]