[{"date": "2018-12-01", "list": [{"import": 0, "export": 0, "id": "BG"}, {"import": 75238, "export": 514120, "id": "IT"}, {"import": 0, "export": 0, "id": "DE"}, {"import": 4943470, "export": 0, "id": "GR"}, {"import": 0, "export": 0, "id": "HU"}, {"import": 300, "export": 0, "id": "NL"}, {"import": 0, "export": 0, "id": "PL"}, {"import": 0, "export": 0, "id": "FR"}, {"import": 0, "export": 0, "id": "AT"}, {"import": 0, "export": 0, "id": "TR"}], "import": 5019008, "export": 514120}, {"date": "2019-01-01", "list": [{"import": 50000, "export": 0, "id": "BG"}, {"import": 102, "export": 678640, "id": "IT"}, {"import": 0, "export": 0, "id": "DE"}, {"import": 0, "export": 0, "id": "GR"}, {"import": 0, "export": 0, "id": "NL"}, {"import": 0, "export": 0, "id": "PL"}, {"import": 0, "export": 0, "id": "FR"}, {"import": 0, "export": 0, "id": "AT"}, {"import": 0, "export": 0, "id": "TR"}], "import": 50102, "export": 678640}, {"date": "2019-03-01", "list": [{"import": 50115, "export": 0, "id": "BG"}, {"import": 274, "export": 460380, "id": "IT"}, {"import": 0, "export": 0, "id": "DE"}, {"import": 0, "export": 0, "id": "GR"}, {"import": 2000, "export": 0, "id": "HU"}, {"import": 0, "export": 0, "id": "NL"}, {"import": 0, "export": 0, "id": "PL"}, {"import": 0, "export": 0, "id": "FR"}, {"import": 5369, "export": 0, "id": "AT"}, {"import": 0, "export": 0, "id": "TR"}], "import": 57758, "export": 460380}, {"date": "2019-08-01", "list": [{"import": 0, "export": 0, "id": "BG"}, {"import": 6185, "export": 237740, "id": "IT"}, {"import": 139, "export": 0, "id": "DE"}, {"import": 0, "export": 0, "id": "GR"}, {"import": 0, "export": 0, "id": "HU"}, {"import": 0, "export": 0, "id": "NL"}, {"import": 0, "export": 0, "id": "PL"}, {"import": 0, "export": 0, "id": "FR"}, {"import": 0, "export": 0, "id": "AT"}, {"import": 0, "export": 0, "id": "TR"}], "import": 6324, "export": 237740}, {"date": "2019-10-01", "list": [{"import": 100000, "export": 0, "id": "BG"}, {"import": 437, "export": 0, "id": "IT"}, {"import": 0, "export": 0, "id": "DE"}, {"import": 0, "export": 0, "id": "GR"}, {"import": 0, "export": 0, "id": "HU"}, {"import": 0, "export": 0, "id": "NL"}, {"import": 0, "export": 0, "id": "PL"}, {"import": 0, "export": 0, "id": "FR"}, {"import": 0, "export": 0, "id": "AT"}, {"import": 0, "export": 0, "id": "TR"}], "import": 100437, "export": 0}, {"date": "2019-11-01", "list": [{"import": 0, "export": 359760, "id": "BG"}, {"import": 0, "export": 0, "id": "IT"}, {"import": 0, "export": 0, "id": "DE"}, {"import": 0, "export": 0, "id": "GR"}, {"import": 0, "export": 0, "id": "HU"}, {"import": 0, "export": 0, "id": "NL"}, {"import": 0, "export": 0, "id": "PL"}, {"import": 287, "export": 0, "id": "FR"}, {"import": 873, "export": 0, "id": "AT"}, {"import": 0, "export": 0, "id": "TR"}], "import": 1160, "export": 359760}, {"date": "2020-04-01", "list": [{"import": 0, "export": 0, "id": "BG"}, {"import": 0, "export": 0, "id": "IT"}, {"import": 0, "export": 0, "id": "DE"}, {"import": 0, "export": 0, "id": "GR"}, {"import": 0, "export": 0, "id": "HU"}, {"import": 0, "export": 0, "id": "NL"}, {"import": 0, "export": 0, "id": "PL"}, {"import": 0, "export": 0, "id": "FR"}, {"import": 453, "export": 0, "id": "AT"}, {"import": 0, "export": 0, "id": "TR"}], "import": 453, "export": 0}, {"date": "2020-06-01", "list": [{"import": 92000, "export": 0, "id": "BG"}, {"import": 0, "export": 0, "id": "IT"}, {"import": 0, "export": 0, "id": "DE"}, {"import": 0, "export": 0, "id": "HU"}, {"import": 0, "export": 0, "id": "NL"}, {"import": 0, "export": 0, "id": "PL"}, {"import": 0, "export": 0, "id": "FR"}, {"import": 435, "export": 0, "id": "AT"}], "import": 92435, "export": 0}, {"date": "Unnamed: 22-01", "list": [{"import": 8127, "export": 0, "id": "BG"}, {"import": 293, "export": 0, "id": "IT"}, {"import": 0, "export": 0, "id": "DE"}, {"import": 0, "export": 0, "id": "GR"}, {"import": 0, "export": 0, "id": "HU"}, {"import": 0, "export": 0, "id": "NL"}, {"import": 0, "export": 0, "id": "PL"}, {"import": 0, "export": 0, "id": "FR"}, {"import": 626, "export": 40, "id": "AT"}, {"import": 0, "export": 0, "id": "TR"}], "import": 9046, "export": 40}, {"date": "Unnamed: 23-01", "list": [{"import": 46378, "export": 0, "id": "BG"}, {"import": 991, "export": 0, "id": "IT"}, {"import": 218, "export": 0, "id": "DE"}, {"import": 0, "export": 0, "id": "GR"}, {"import": 1481, "export": 0, "id": "HU"}, {"import": 0, "export": 0, "id": "NL"}, {"import": 0, "export": 0, "id": "PL"}, {"import": 0, "export": 0, "id": "FR"}, {"import": 0, "export": 0, "id": "AT"}], "import": 49068, "export": 0}, {"date": "Unnamed: 24-01", "list": [{"import": 250145, "export": 0, "id": "BG"}, {"import": 153994, "export": 0, "id": "IT"}, {"import": 0, "export": 0, "id": "DE"}, {"import": 0, "export": 0, "id": "GR"}, {"import": 0, "export": 0, "id": "HU"}, {"import": 0, "export": 0, "id": "NL"}, {"import": 300, "export": 0, "id": "PL"}, {"import": 0, "export": 0, "id": "FR"}, {"import": 0, "export": 0, "id": "AT"}], "import": 404439, "export": 0}, {"date": "Unnamed: 25-01", "list": [{"import": 430, "export": 0, "id": "BG"}, {"import": 704821, "export": 0, "id": "IT"}, {"import": 228, "export": 0, "id": "DE"}, {"import": 0, "export": 0, "id": "GR"}, {"import": 0, "export": 0, "id": "HU"}, {"import": 0, "export": 0, "id": "NL"}, {"import": 0, "export": 0, "id": "PL"}, {"import": 0, "export": 0, "id": "FR"}, {"import": 5, "export": 0, "id": "AT"}], "import": 705484, "export": 0}, {"date": "Unnamed: 26-01", "list": [{"import": 0, "export": 0, "id": "BG"}, {"import": 328002, "export": 0, "id": "IT"}, {"import": 0, "export": 0, "id": "DE"}, {"import": 0, "export": 0, "id": "GR"}, {"import": 0, "export": 0, "id": "HU"}, {"import": 0, "export": 0, "id": "NL"}, {"import": 0, "export": 0, "id": "PL"}, {"import": 0, "export": 0, "id": "FR"}, {"import": 0, "export": 0, "id": "AT"}], "import": 328002, "export": 0}, {"date": "2019-05-01", "list": [{"import": 580601, "export": 475160, "id": "IT"}, {"import": 0, "export": 0, "id": "DE"}, {"import": 0, "export": 0, "id": "GR"}, {"import": 1088, "export": 0, "id": "NL"}, {"import": 0, "export": 0, "id": "PL"}, {"import": 0, "export": 0, "id": "FR"}, {"import": 0, "export": 0, "id": "AT"}, {"import": 0, "export": 0, "id": "BG"}, {"import": 0, "export": 0, "id": "TR"}], "import": 581689, "export": 475160}, {"date": "2019-06-01", "list": [{"import": 596734, "export": 428260, "id": "IT"}, {"import": 0, "export": 0, "id": "DE"}, {"import": 0, "export": 0, "id": "HU"}, {"import": 998, "export": 0, "id": "NL"}, {"import": 0, "export": 0, "id": "PL"}, {"import": 0, "export": 0, "id": "FR"}, {"import": 998, "export": 0, "id": "AT"}, {"import": 0, "export": 0, "id": "BG"}, {"import": 0, "export": 0, "id": "TR"}], "import": 598730, "export": 428260}, {"date": "2019-07-01", "list": [{"import": 959870, "export": 493486, "id": "IT"}, {"import": 0, "export": 2000, "id": "DE"}, {"import": 0, "export": 0, "id": "HU"}, {"import": 0, "export": 0, "id": "NL"}, {"import": 0, "export": 0, "id": "PL"}, {"import": 0, "export": 0, "id": "FR"}, {"import": 1051, "export": 0, "id": "AT"}, {"import": 0, "export": 0, "id": "BG"}, {"import": 0, "export": 0, "id": "TR"}], "import": 960921, "export": 495486}, {"date": "2020-01-01", "list": [{"import": 0, "export": 0, "id": "IT"}, {"import": 0, "export": 0, "id": "DE"}, {"import": 0, "export": 0, "id": "GR"}, {"import": 0, "export": 0, "id": "HU"}, {"import": 0, "export": 0, "id": "NL"}, {"import": 0, "export": 0, "id": "PL"}, {"import": 0, "export": 0, "id": "FR"}, {"import": 263, "export": 0, "id": "AT"}, {"import": 0, "export": 69940, "id": "BG"}, {"import": 0, "export": 2865160, "id": "TR"}], "import": 263, "export": 2935100}, {"date": "2020-03-01", "list": [{"import": 144584, "export": 0, "id": "IT"}, {"import": 0, "export": 0, "id": "DE"}, {"import": 0, "export": 0, "id": "GR"}, {"import": 0, "export": 0, "id": "HU"}, {"import": 0, "export": 0, "id": "NL"}, {"import": 0, "export": 0, "id": "PL"}, {"import": 0, "export": 0, "id": "FR"}, {"import": 1006, "export": 0, "id": "AT"}, {"import": 0, "export": 0, "id": "BG"}, {"import": 0, "export": 0, "id": "TR"}], "import": 145590, "export": 0}, {"date": "2018-10-01", "list": [{"import": 0, "export": 0, "id": "AT"}, {"import": 0, "export": 0, "id": "BG"}, {"import": 0, "export": 0, "id": "DE"}, {"import": 0, "export": 475170, "id": "IT"}, {"import": 0, "export": 0, "id": "NL"}, {"import": 0, "export": 0, "id": "TR"}], "import": 0, "export": 475170}, {"date": "2018-11-01", "list": [{"import": 0, "export": 0, "id": "AT"}, {"import": 0, "export": 0, "id": "BG"}, {"import": 0, "export": 0, "id": "DE"}, {"import": 0, "export": 680080, "id": "IT"}, {"import": 0, "export": 0, "id": "TR"}], "import": 0, "export": 680080}, {"date": "2019-02-01", "list": [{"import": 0, "export": 0, "id": "AT"}, {"import": 0, "export": 0, "id": "BG"}, {"import": 0, "export": 0, "id": "DE"}, {"import": 0, "export": 570000, "id": "IT"}, {"import": 0, "export": 0, "id": "NL"}, {"import": 0, "export": 0, "id": "TR"}], "import": 0, "export": 570000}, {"date": "2019-04-01", "list": [{"import": 0, "export": 0, "id": "AT"}, {"import": 0, "export": 0, "id": "BG"}, {"import": 0, "export": 0, "id": "DE"}, {"import": 0, "export": 0, "id": "IT"}, {"import": 0, "export": 0, "id": "NL"}, {"import": 0, "export": 0, "id": "TR"}], "import": 0, "export": 0}, {"date": "2019-09-01", "list": [{"import": 0, "export": 0, "id": "AT"}, {"import": 0, "export": 0, "id": "BG"}, {"import": 0, "export": 0, "id": "DE"}, {"import": 0, "export": 94750, "id": "IT"}, {"import": 0, "export": 0, "id": "NL"}, {"import": 0, "export": 0, "id": "TR"}], "import": 0, "export": 94750}, {"date": "2020-05-01", "list": [{"import": 0, "export": 0, "id": "AT"}, {"import": 0, "export": 0, "id": "BG"}, {"import": 0, "export": 0, "id": "DE"}, {"import": 0, "export": 0, "id": "IT"}, {"import": 0, "export": 0, "id": "NL"}, {"import": 0, "export": 0, "id": "TR"}], "import": 0, "export": 0}]