[{"date": "2018-11-01", "list": [{"import": 2353723, "export": 765220, "id": "ES"}, {"import": 633, "export": 0, "id": "IT"}, {"import": 0, "export": 0, "id": "GB"}, {"import": 0, "export": 0, "id": "US"}, {"import": 0, "export": 0, "id": "NL"}, {"import": 0, "export": 0, "id": "PY"}, {"import": 0, "export": 0, "id": "BD"}, {"import": 0, "export": 0, "id": "BE"}, {"import": 0, "export": 0, "id": "FR"}, {"import": 0, "export": 0, "id": "GY"}, {"import": 0, "export": 0, "id": "UY"}, {"import": 0, "export": 0, "id": "AO"}], "import": 2354356, "export": 765220}, {"date": "2018-12-01", "list": [{"import": 1118349, "export": 79000, "id": "ES"}, {"import": 0, "export": 0, "id": "IT"}, {"import": 0, "export": 0, "id": "GB"}, {"import": 0, "export": 0, "id": "US"}, {"import": 0, "export": 0, "id": "NL"}, {"import": 0, "export": 0, "id": "PY"}, {"import": 0, "export": 0, "id": "BD"}, {"import": 0, "export": 0, "id": "BE"}, {"import": 0, "export": 0, "id": "FR"}, {"import": 0, "export": 0, "id": "GY"}, {"import": 0, "export": 0, "id": "UY"}, {"import": 0, "export": 0, "id": "AO"}], "import": 1118349, "export": 79000}, {"date": "2019-01-01", "list": [{"import": 1794210, "export": 219017, "id": "ES"}, {"import": 245019, "export": 0, "id": "IT"}, {"import": 0, "export": 0, "id": "GB"}, {"import": 0, "export": 0, "id": "US"}, {"import": 0, "export": 0, "id": "NL"}, {"import": 0, "export": 0, "id": "PY"}, {"import": 0, "export": 0, "id": "BD"}, {"import": 0, "export": 0, "id": "BE"}, {"import": 0, "export": 0, "id": "FR"}, {"import": 0, "export": 0, "id": "GY"}, {"import": 0, "export": 0, "id": "UY"}, {"import": 0, "export": 0, "id": "AO"}], "import": 2039229, "export": 219017}, {"date": "2019-02-01", "list": [{"import": 2084340, "export": 581709, "id": "ES"}, {"import": 176221, "export": 0, "id": "IT"}, {"import": 0, "export": 0, "id": "GB"}, {"import": 0, "export": 0, "id": "US"}, {"import": 0, "export": 0, "id": "NL"}, {"import": 0, "export": 0, "id": "PY"}, {"import": 3940, "export": 0, "id": "BD"}, {"import": 0, "export": 0, "id": "BE"}, {"import": 0, "export": 0, "id": "FR"}, {"import": 0, "export": 0, "id": "GY"}, {"import": 0, "export": 0, "id": "UY"}, {"import": 0, "export": 0, "id": "AO"}], "import": 2264501, "export": 581709}, {"date": "2019-03-01", "list": [{"import": 2412850, "export": 745113, "id": "ES"}, {"import": 419686, "export": 0, "id": "IT"}, {"import": 0, "export": 0, "id": "GB"}, {"import": 0, "export": 0, "id": "US"}, {"import": 0, "export": 0, "id": "NL"}, {"import": 0, "export": 0, "id": "PY"}, {"import": 0, "export": 0, "id": "BD"}, {"import": 0, "export": 0, "id": "BE"}, {"import": 6, "export": 240, "id": "FR"}, {"import": 0, "export": 0, "id": "GY"}, {"import": 0, "export": 0, "id": "UY"}, {"import": 0, "export": 0, "id": "AO"}], "import": 2832542, "export": 745353}, {"date": "2019-04-01", "list": [{"import": 2064334, "export": 3141, "id": "ES"}, {"import": 904393, "export": 0, "id": "IT"}, {"import": 0, "export": 0, "id": "GB"}, {"import": 0, "export": 0, "id": "US"}, {"import": 0, "export": 0, "id": "NL"}, {"import": 0, "export": 0, "id": "PY"}, {"import": 0, "export": 0, "id": "BD"}, {"import": 0, "export": 0, "id": "BE"}, {"import": 0, "export": 0, "id": "FR"}, {"import": 0, "export": 0, "id": "GY"}, {"import": 0, "export": 0, "id": "UY"}, {"import": 0, "export": 0, "id": "AO"}], "import": 2968727, "export": 3141}, {"date": "2019-05-01", "list": [{"import": 3393831, "export": 193472, "id": "ES"}, {"import": 1967455, "export": 0, "id": "IT"}, {"import": 0, "export": 0, "id": "GB"}, {"import": 0, "export": 0, "id": "US"}, {"import": 0, "export": 0, "id": "NL"}, {"import": 0, "export": 0, "id": "PY"}, {"import": 0, "export": 0, "id": "BD"}, {"import": 120, "export": 1536, "id": "BE"}, {"import": 30, "export": 5225, "id": "FR"}, {"import": 0, "export": 0, "id": "GY"}, {"import": 0, "export": 0, "id": "UY"}, {"import": 0, "export": 0, "id": "AO"}], "import": 5361436, "export": 200233}, {"date": "2019-06-01", "list": [{"import": 403740, "export": 45022, "id": "ES"}, {"import": 655964, "export": 0, "id": "IT"}, {"import": 0, "export": 0, "id": "GB"}, {"import": 0, "export": 0, "id": "US"}, {"import": 0, "export": 0, "id": "NL"}, {"import": 0, "export": 0, "id": "PY"}, {"import": 0, "export": 0, "id": "BD"}, {"import": 0, "export": 0, "id": "BE"}, {"import": 0, "export": 0, "id": "FR"}, {"import": 0, "export": 0, "id": "GY"}, {"import": 0, "export": 0, "id": "UY"}, {"import": 0, "export": 0, "id": "AO"}], "import": 1059704, "export": 45022}, {"date": "2019-07-01", "list": [{"import": 1541240, "export": 447054, "id": "ES"}, {"import": 0, "export": 0, "id": "IT"}, {"import": 0, "export": 0, "id": "GB"}, {"import": 3000000, "export": 0, "id": "US"}, {"import": 0, "export": 0, "id": "NL"}, {"import": 0, "export": 9750, "id": "PY"}, {"import": 0, "export": 0, "id": "BD"}, {"import": 0, "export": 0, "id": "BE"}, {"import": 0, "export": 0, "id": "FR"}, {"import": 0, "export": 0, "id": "GY"}, {"import": 0, "export": 0, "id": "UY"}, {"import": 0, "export": 0, "id": "AO"}], "import": 4541240, "export": 456804}, {"date": "2019-08-01", "list": [{"import": 29696, "export": 260260, "id": "ES"}, {"import": 1463, "export": 0, "id": "IT"}, {"import": 0, "export": 0, "id": "GB"}, {"import": 0, "export": 0, "id": "US"}, {"import": 0, "export": 0, "id": "NL"}, {"import": 0, "export": 0, "id": "PY"}, {"import": 0, "export": 0, "id": "BD"}, {"import": 0, "export": 0, "id": "BE"}, {"import": 0, "export": 0, "id": "FR"}, {"import": 0, "export": 0, "id": "GY"}, {"import": 0, "export": 6500, "id": "UY"}, {"import": 0, "export": 0, "id": "AO"}], "import": 31159, "export": 266760}, {"date": "2019-09-01", "list": [{"import": 78360, "export": 56, "id": "ES"}, {"import": 0, "export": 0, "id": "IT"}, {"import": 5010, "export": 0, "id": "GB"}, {"import": 1486800, "export": 0, "id": "US"}, {"import": 0, "export": 0, "id": "NL"}, {"import": 0, "export": 0, "id": "PY"}, {"import": 0, "export": 0, "id": "BD"}, {"import": 0, "export": 0, "id": "BE"}, {"import": 0, "export": 0, "id": "FR"}, {"import": 0, "export": 0, "id": "GY"}, {"import": 0, "export": 0, "id": "UY"}, {"import": 0, "export": 0, "id": "AO"}], "import": 1570170, "export": 56}, {"date": "2019-10-01", "list": [{"import": 1358354, "export": 289700, "id": "ES"}, {"import": 0, "export": 0, "id": "IT"}, {"import": 41600, "export": 0, "id": "GB"}, {"import": 1833100, "export": 0, "id": "US"}, {"import": 5000, "export": 0, "id": "NL"}, {"import": 0, "export": 0, "id": "PY"}, {"import": 3205, "export": 0, "id": "BD"}, {"import": 0, "export": 0, "id": "BE"}, {"import": 6, "export": 36, "id": "FR"}, {"import": 0, "export": 0, "id": "GY"}, {"import": 0, "export": 0, "id": "UY"}, {"import": 0, "export": 0, "id": "AO"}], "import": 3241265, "export": 289736}, {"date": "2019-11-01", "list": [{"import": 586378, "export": 371661, "id": "ES"}, {"import": 0, "export": 0, "id": "IT"}, {"import": 28540, "export": 0, "id": "GB"}, {"import": 0, "export": 0, "id": "US"}, {"import": 0, "export": 0, "id": "NL"}, {"import": 0, "export": 0, "id": "PY"}, {"import": 0, "export": 0, "id": "BD"}, {"import": 0, "export": 0, "id": "BE"}, {"import": 0, "export": 0, "id": "FR"}, {"import": 0, "export": 0, "id": "GY"}, {"import": 0, "export": 0, "id": "UY"}, {"import": 0, "export": 0, "id": "AO"}], "import": 614918, "export": 371661}, {"date": "2019-12-01", "list": [{"import": 1041283, "export": 104802, "id": "ES"}, {"import": 0, "export": 0, "id": "IT"}, {"import": 0, "export": 0, "id": "GB"}, {"import": 0, "export": 0, "id": "US"}, {"import": 0, "export": 0, "id": "NL"}, {"import": 0, "export": 0, "id": "PY"}, {"import": 0, "export": 0, "id": "BD"}, {"import": 0, "export": 0, "id": "BE"}, {"import": 0, "export": 0, "id": "FR"}, {"import": 0, "export": 0, "id": "GY"}, {"import": 0, "export": 0, "id": "UY"}, {"import": 0, "export": 0, "id": "AO"}], "import": 1041283, "export": 104802}, {"date": "2020-01-01", "list": [{"import": 1672094, "export": 421720, "id": "ES"}, {"import": 0, "export": 0, "id": "IT"}, {"import": 27000, "export": 0, "id": "GB"}, {"import": 0, "export": 0, "id": "US"}, {"import": 0, "export": 0, "id": "NL"}, {"import": 9750, "export": 0, "id": "PY"}, {"import": 0, "export": 0, "id": "BD"}, {"import": 0, "export": 0, "id": "BE"}, {"import": 0, "export": 0, "id": "FR"}, {"import": 0, "export": 0, "id": "GY"}, {"import": 0, "export": 0, "id": "UY"}, {"import": 0, "export": 0, "id": "AO"}], "import": 1708844, "export": 421720}, {"date": "2020-02-01", "list": [{"import": 1720182, "export": 0, "id": "ES"}, {"import": 0, "export": 0, "id": "IT"}, {"import": 0, "export": 0, "id": "GB"}, {"import": 0, "export": 0, "id": "US"}, {"import": 30161, "export": 0, "id": "NL"}, {"import": 0, "export": 0, "id": "PY"}, {"import": 0, "export": 0, "id": "BD"}, {"import": 0, "export": 0, "id": "BE"}, {"import": 0, "export": 0, "id": "FR"}, {"import": 0, "export": 0, "id": "GY"}, {"import": 0, "export": 0, "id": "UY"}, {"import": 0, "export": 0, "id": "AO"}], "import": 1750343, "export": 0}, {"date": "2020-03-01", "list": [{"import": 4556718, "export": 602840, "id": "ES"}, {"import": 36090, "export": 0, "id": "IT"}, {"import": 51360, "export": 0, "id": "GB"}, {"import": 0, "export": 0, "id": "US"}, {"import": 0, "export": 0, "id": "NL"}, {"import": 0, "export": 0, "id": "PY"}, {"import": 0, "export": 0, "id": "BD"}, {"import": 0, "export": 0, "id": "BE"}, {"import": 0, "export": 0, "id": "FR"}, {"import": 0, "export": 0, "id": "GY"}, {"import": 0, "export": 0, "id": "UY"}, {"import": 0, "export": 0, "id": "AO"}], "import": 4644168, "export": 602840}, {"date": "2020-04-01", "list": [{"import": 4447135, "export": 455117, "id": "ES"}, {"import": 1172495, "export": 0, "id": "IT"}, {"import": 0, "export": 20051, "id": "GB"}, {"import": 0, "export": 0, "id": "US"}, {"import": 0, "export": 0, "id": "NL"}, {"import": 0, "export": 0, "id": "PY"}, {"import": 0, "export": 0, "id": "BD"}, {"import": 0, "export": 0, "id": "BE"}, {"import": 0, "export": 0, "id": "FR"}, {"import": 4668540, "export": 0, "id": "GY"}, {"import": 0, "export": 0, "id": "UY"}, {"import": 0, "export": 0, "id": "AO"}], "import": 10288170, "export": 475168}, {"date": "2020-05-01", "list": [{"import": 3460495, "export": 1344887, "id": "ES"}, {"import": 120954, "export": 0, "id": "IT"}, {"import": 0, "export": 0, "id": "GB"}, {"import": 0, "export": 0, "id": "US"}, {"import": 0, "export": 0, "id": "NL"}, {"import": 0, "export": 0, "id": "PY"}, {"import": 0, "export": 0, "id": "BD"}, {"import": 0, "export": 0, "id": "BE"}, {"import": 0, "export": 0, "id": "FR"}, {"import": 0, "export": 0, "id": "GY"}, {"import": 0, "export": 0, "id": "UY"}, {"import": 0, "export": 543, "id": "AO"}], "import": 3581449, "export": 1345430}, {"date": "2020-06-01", "list": [{"import": 759100, "export": 496473, "id": "ES"}, {"import": 102681, "export": 0, "id": "IT"}, {"import": 45500, "export": 0, "id": "GB"}, {"import": 0, "export": 0, "id": "US"}, {"import": 0, "export": 0, "id": "NL"}, {"import": 0, "export": 0, "id": "PY"}, {"import": 0, "export": 0, "id": "BD"}, {"import": 0, "export": 0, "id": "BE"}, {"import": 0, "export": 0, "id": "FR"}, {"import": 0, "export": 0, "id": "GY"}, {"import": 0, "export": 0, "id": "UY"}, {"import": 0, "export": 0, "id": "AO"}], "import": 907281, "export": 496473}]