[{"date": "123-01", "list": [{"import": 1, "export": 0, "id": "-"}], "import": 127, "export": 0}, {"date": "1-01", "list": [{"import": 2, "export": 0, "id": "-"}], "import": 9, "export": 0}, {"date": "2-01", "list": [{"import": 3, "export": 0, "id": "-"}, {"import": 4463, "export": 0, "id": "IN"}, {"import": 14806, "export": 0, "id": "US"}, {"import": 8562, "export": 0, "id": "TH"}, {"import": 823, "export": 0, "id": "PK"}, {"import": 885, "export": 0, "id": "VN"}, {"import": 285, "export": 0, "id": "CN"}, {"import": 57, "export": 0, "id": "BR"}, {"import": 26, "export": 0, "id": "KH"}, {"import": 47, "export": 0, "id": "UY"}, {"import": 156, "export": 0, "id": "IT"}, {"import": 4, "export": 0, "id": "TW"}, {"import": 52, "export": 0, "id": "LK"}, {"import": 35, "export": 0, "id": "AU"}, {"import": 0, "export": 0, "id": "AE"}, {"import": 5, "export": 0, "id": "AR"}, {"import": 9, "export": 0, "id": "PT"}, {"import": 0, "export": 0, "id": "MX"}, {"import": 10, "export": 0, "id": "IR"}, {"import": 24, "export": 0, "id": "JP"}, {"import": 0, "export": 0, "id": "LB"}, {"import": 7, "export": 0, "id": "BD"}, {"import": 49, "export": 0, "id": "ES"}, {"import": 0, "export": 0, "id": "TR"}, {"import": 0, "export": 0, "id": "PE"}], "import": 30319, "export": 0}, {"date": "3-01", "list": [{"import": 2849, "export": 0, "id": "IN"}, {"import": 15642, "export": 0, "id": "US"}, {"import": 11004, "export": 0, "id": "TH"}, {"import": 653, "export": 0, "id": "PK"}, {"import": 715, "export": 0, "id": "VN"}, {"import": 243, "export": 0, "id": "CN"}, {"import": 125, "export": 0, "id": "BR"}, {"import": 70, "export": 0, "id": "KH"}, {"import": 0, "export": 0, "id": "UY"}, {"import": 199, "export": 0, "id": "IT"}, {"import": 2, "export": 0, "id": "TW"}, {"import": 83, "export": 0, "id": "LK"}, {"import": 36, "export": 0, "id": "AU"}, {"import": 0, "export": 0, "id": "AE"}, {"import": 0, "export": 0, "id": "AR"}, {"import": 0, "export": 0, "id": "PT"}, {"import": 0, "export": 0, "id": "MX"}, {"import": 49, "export": 0, "id": "IR"}, {"import": 24, "export": 0, "id": "JP"}, {"import": 0, "export": 0, "id": "LB"}, {"import": 13, "export": 0, "id": "BD"}, {"import": 5, "export": 0, "id": "ES"}, {"import": 0, "export": 0, "id": "TR"}, {"import": 1, "export": 0, "id": "PE"}, {"import": 3, "export": 0, "id": "-"}], "import": 31716, "export": 0}, {"date": "Unnamed: 4-01", "list": [{"import": 4631, "export": 0, "id": "IN"}, {"import": 12918, "export": 0, "id": "US"}, {"import": 9218, "export": 0, "id": "TH"}, {"import": 482, "export": 0, "id": "PK"}, {"import": 1214, "export": 0, "id": "VN"}, {"import": 246, "export": 0, "id": "CN"}, {"import": 43, "export": 0, "id": "BR"}, {"import": 100, "export": 0, "id": "KH"}, {"import": 85, "export": 0, "id": "UY"}, {"import": 191, "export": 0, "id": "IT"}, {"import": 9, "export": 0, "id": "TW"}, {"import": 14, "export": 0, "id": "LK"}, {"import": 20, "export": 0, "id": "AU"}, {"import": 0, "export": 0, "id": "AE"}, {"import": 24, "export": 0, "id": "AR"}, {"import": 2, "export": 0, "id": "PT"}, {"import": 0, "export": 0, "id": "MX"}, {"import": 101, "export": 0, "id": "IR"}, {"import": 20, "export": 0, "id": "JP"}, {"import": 0, "export": 0, "id": "LB"}, {"import": 10, "export": 0, "id": "BD"}, {"import": 34, "export": 0, "id": "ES"}, {"import": 1, "export": 0, "id": "TR"}, {"import": 0, "export": 0, "id": "PE"}], "import": 29363, "export": 0}, {"date": "Unnamed: 5-01", "list": [{"import": 3873, "export": 0, "id": "IN"}, {"import": 14009, "export": 0, "id": "US"}, {"import": 4556, "export": 0, "id": "TH"}, {"import": 736, "export": 0, "id": "PK"}, {"import": 879, "export": 0, "id": "VN"}, {"import": 65, "export": 0, "id": "CN"}, {"import": 40, "export": 0, "id": "BR"}, {"import": 88, "export": 0, "id": "KH"}, {"import": 205, "export": 0, "id": "UY"}, {"import": 114, "export": 0, "id": "IT"}, {"import": 0, "export": 0, "id": "TW"}, {"import": 32, "export": 0, "id": "LK"}, {"import": 12, "export": 0, "id": "AU"}, {"import": 2, "export": 0, "id": "AE"}, {"import": 0, "export": 0, "id": "AR"}, {"import": 3, "export": 0, "id": "PT"}, {"import": 0, "export": 0, "id": "MX"}, {"import": 75, "export": 0, "id": "IR"}, {"import": 6, "export": 0, "id": "JP"}, {"import": 0, "export": 0, "id": "LB"}, {"import": 1, "export": 0, "id": "BD"}, {"import": 118, "export": 0, "id": "ES"}, {"import": 0, "export": 0, "id": "TR"}, {"import": 0, "export": 0, "id": "PE"}], "import": 24814, "export": 0}, {"date": "Unnamed: 6-01", "list": [{"import": 5084, "export": 0, "id": "IN"}, {"import": 16781, "export": 0, "id": "US"}, {"import": 12576, "export": 0, "id": "TH"}, {"import": 907, "export": 0, "id": "PK"}, {"import": 894, "export": 0, "id": "VN"}, {"import": 44, "export": 0, "id": "CN"}, {"import": 165, "export": 0, "id": "BR"}, {"import": 68, "export": 0, "id": "KH"}, {"import": 138, "export": 0, "id": "UY"}, {"import": 121, "export": 0, "id": "IT"}, {"import": 2, "export": 0, "id": "TW"}, {"import": 40, "export": 0, "id": "LK"}, {"import": 12, "export": 0, "id": "AU"}, {"import": 4, "export": 0, "id": "AE"}, {"import": 24, "export": 0, "id": "AR"}, {"import": 11, "export": 0, "id": "PT"}, {"import": 1, "export": 0, "id": "MX"}, {"import": 22, "export": 0, "id": "IR"}, {"import": 13, "export": 0, "id": "JP"}, {"import": 1, "export": 0, "id": "LB"}, {"import": 2, "export": 0, "id": "BD"}, {"import": 19, "export": 0, "id": "ES"}, {"import": 44, "export": 0, "id": "TR"}, {"import": 0, "export": 0, "id": "PE"}], "import": 36973, "export": 0}, {"date": "Unnamed: 7-01", "list": [{"import": 4892, "export": 0, "id": "IN"}, {"import": 15185, "export": 0, "id": "US"}, {"import": 11719, "export": 0, "id": "TH"}, {"import": 1130, "export": 0, "id": "PK"}, {"import": 1180, "export": 0, "id": "VN"}, {"import": 123, "export": 0, "id": "CN"}, {"import": 131, "export": 0, "id": "BR"}, {"import": 108, "export": 0, "id": "KH"}, {"import": 164, "export": 0, "id": "UY"}, {"import": 285, "export": 0, "id": "IT"}, {"import": 47, "export": 0, "id": "TW"}, {"import": 34, "export": 0, "id": "LK"}, {"import": 17, "export": 0, "id": "AU"}, {"import": 54, "export": 0, "id": "AE"}, {"import": 119, "export": 0, "id": "AR"}, {"import": 8, "export": 0, "id": "PT"}, {"import": 0, "export": 0, "id": "MX"}, {"import": 71, "export": 0, "id": "IR"}, {"import": 46, "export": 0, "id": "JP"}, {"import": 8, "export": 0, "id": "LB"}, {"import": 34, "export": 0, "id": "BD"}, {"import": 129, "export": 0, "id": "ES"}, {"import": 0, "export": 0, "id": "TR"}, {"import": 0, "export": 0, "id": "PE"}], "import": 35484, "export": 0}, {"date": "Unnamed: 8-01", "list": [{"import": 6562, "export": 0, "id": "IN"}, {"import": 22414, "export": 0, "id": "US"}, {"import": 5827, "export": 0, "id": "TH"}, {"import": 1182, "export": 0, "id": "PK"}, {"import": 1415, "export": 0, "id": "VN"}, {"import": 291, "export": 0, "id": "CN"}, {"import": 13, "export": 0, "id": "BR"}, {"import": 43, "export": 0, "id": "KH"}, {"import": 175, "export": 0, "id": "UY"}, {"import": 200, "export": 0, "id": "IT"}, {"import": 24, "export": 0, "id": "TW"}, {"import": 44, "export": 0, "id": "LK"}, {"import": 7, "export": 0, "id": "AU"}, {"import": 25, "export": 0, "id": "AE"}, {"import": 9, "export": 0, "id": "AR"}, {"import": 1, "export": 0, "id": "PT"}, {"import": 0, "export": 0, "id": "MX"}, {"import": 5, "export": 0, "id": "IR"}, {"import": 33, "export": 0, "id": "JP"}, {"import": 3, "export": 0, "id": "LB"}, {"import": 85, "export": 0, "id": "BD"}, {"import": 55, "export": 0, "id": "ES"}, {"import": 19, "export": 0, "id": "TR"}, {"import": 2, "export": 0, "id": "PE"}], "import": 38434, "export": 0}, {"date": "Unnamed: 9-01", "list": [{"import": 6393, "export": 0, "id": "IN"}, {"import": 13321, "export": 0, "id": "US"}, {"import": 6130, "export": 0, "id": "TH"}, {"import": 909, "export": 0, "id": "PK"}, {"import": 853, "export": 0, "id": "VN"}, {"import": 80, "export": 0, "id": "CN"}, {"import": 55, "export": 0, "id": "BR"}, {"import": 42, "export": 0, "id": "KH"}, {"import": 191, "export": 0, "id": "UY"}, {"import": 100, "export": 0, "id": "IT"}, {"import": 11, "export": 0, "id": "TW"}, {"import": 52, "export": 0, "id": "LK"}, {"import": 12, "export": 0, "id": "AU"}, {"import": 0, "export": 0, "id": "AE"}, {"import": 0, "export": 0, "id": "AR"}, {"import": 9, "export": 0, "id": "PT"}, {"import": 0, "export": 0, "id": "MX"}, {"import": 5, "export": 0, "id": "IR"}, {"import": 34, "export": 0, "id": "JP"}, {"import": 0, "export": 0, "id": "LB"}, {"import": 16, "export": 0, "id": "BD"}, {"import": 228, "export": 0, "id": "ES"}, {"import": 0, "export": 0, "id": "TR"}, {"import": 0, "export": 0, "id": "PE"}], "import": 28441, "export": 0}, {"date": "Unnamed: 10-01", "list": [{"import": 4780, "export": 0, "id": "IN"}, {"import": 14997, "export": 0, "id": "US"}, {"import": 10020, "export": 0, "id": "TH"}, {"import": 887, "export": 0, "id": "PK"}, {"import": 795, "export": 0, "id": "VN"}, {"import": 226, "export": 0, "id": "CN"}, {"import": 80, "export": 0, "id": "BR"}, {"import": 43, "export": 0, "id": "KH"}, {"import": 138, "export": 0, "id": "UY"}, {"import": 239, "export": 0, "id": "IT"}, {"import": 22, "export": 0, "id": "TW"}, {"import": 42, "export": 0, "id": "LK"}, {"import": 6, "export": 0, "id": "AU"}, {"import": 5, "export": 0, "id": "AE"}, {"import": 24, "export": 0, "id": "AR"}, {"import": 9, "export": 0, "id": "PT"}, {"import": 1, "export": 0, "id": "MX"}, {"import": 32, "export": 0, "id": "IR"}, {"import": 12, "export": 0, "id": "JP"}, {"import": 0, "export": 0, "id": "LB"}, {"import": 7, "export": 0, "id": "BD"}, {"import": 15, "export": 0, "id": "ES"}, {"import": 89, "export": 0, "id": "TR"}, {"import": 0, "export": 0, "id": "PE"}], "import": 32469, "export": 0}, {"date": "Unnamed: 11-01", "list": [{"import": 41585, "export": 0, "id": "IN"}, {"import": 13427, "export": 0, "id": "US"}, {"import": 6201, "export": 0, "id": "TH"}, {"import": 799, "export": 0, "id": "PK"}, {"import": 4300, "export": 0, "id": "VN"}, {"import": 141, "export": 0, "id": "CN"}, {"import": 76, "export": 0, "id": "BR"}, {"import": 62, "export": 0, "id": "KH"}, {"import": 113, "export": 0, "id": "UY"}, {"import": 125, "export": 0, "id": "IT"}, {"import": 100, "export": 0, "id": "TW"}, {"import": 19, "export": 0, "id": "LK"}, {"import": 9, "export": 0, "id": "AU"}, {"import": 0, "export": 0, "id": "AE"}, {"import": 0, "export": 0, "id": "AR"}, {"import": 0, "export": 0, "id": "PT"}, {"import": 1, "export": 0, "id": "MX"}, {"import": 11, "export": 0, "id": "IR"}, {"import": 12, "export": 0, "id": "JP"}, {"import": 0, "export": 0, "id": "LB"}, {"import": 27, "export": 0, "id": "BD"}, {"import": 311, "export": 0, "id": "ES"}, {"import": 23, "export": 0, "id": "TR"}, {"import": 0, "export": 0, "id": "PE"}], "import": 67342, "export": 0}, {"date": "Unnamed: 12-01", "list": [{"import": 33586, "export": 0, "id": "IN"}, {"import": 13452, "export": 0, "id": "US"}, {"import": 3782, "export": 0, "id": "TH"}, {"import": 445, "export": 0, "id": "PK"}, {"import": 895, "export": 0, "id": "VN"}, {"import": 1223, "export": 0, "id": "CN"}, {"import": 1, "export": 0, "id": "BR"}, {"import": 45, "export": 0, "id": "KH"}, {"import": 153, "export": 0, "id": "UY"}, {"import": 119, "export": 0, "id": "IT"}, {"import": 74, "export": 0, "id": "TW"}, {"import": 32, "export": 0, "id": "LK"}, {"import": 7, "export": 0, "id": "AU"}, {"import": 3, "export": 0, "id": "AE"}, {"import": 24, "export": 0, "id": "AR"}, {"import": 0, "export": 0, "id": "PT"}, {"import": 0, "export": 0, "id": "MX"}, {"import": 0, "export": 0, "id": "IR"}, {"import": 338, "export": 0, "id": "JP"}, {"import": 0, "export": 0, "id": "LB"}, {"import": 11, "export": 0, "id": "BD"}, {"import": 57, "export": 0, "id": "ES"}, {"import": 3, "export": 0, "id": "TR"}, {"import": 0, "export": 0, "id": "PE"}], "import": 54250, "export": 0}, {"date": "Unnamed: 13-01", "list": [{"import": 6432, "export": 0, "id": "IN"}, {"import": 16597, "export": 0, "id": "US"}, {"import": 4905, "export": 0, "id": "TH"}, {"import": 1078, "export": 0, "id": "VN"}, {"import": 120, "export": 0, "id": "CN"}, {"import": 62, "export": 0, "id": "BR"}, {"import": 111, "export": 0, "id": "KH"}, {"import": 294, "export": 0, "id": "UY"}, {"import": 66, "export": 0, "id": "IT"}, {"import": 92, "export": 0, "id": "TW"}, {"import": 81, "export": 0, "id": "LK"}, {"import": 7, "export": 0, "id": "AU"}, {"import": 0, "export": 0, "id": "AE"}, {"import": 48, "export": 0, "id": "AR"}, {"import": 8, "export": 0, "id": "PT"}, {"import": 0, "export": 0, "id": "MX"}, {"import": 0, "export": 0, "id": "IR"}, {"import": 4, "export": 0, "id": "JP"}, {"import": 0, "export": 0, "id": "LB"}, {"import": 15, "export": 0, "id": "BD"}, {"import": 48, "export": 0, "id": "ES"}, {"import": 2, "export": 0, "id": "TR"}, {"import": 2, "export": 0, "id": "PE"}], "import": 29972, "export": 0}, {"date": "Unnamed: 14-01", "list": [{"import": 3728, "export": 0, "id": "IN"}, {"import": 15226, "export": 0, "id": "US"}, {"import": 6495, "export": 0, "id": "TH"}, {"import": 732, "export": 0, "id": "PK"}, {"import": 1005, "export": 0, "id": "VN"}, {"import": 241, "export": 0, "id": "CN"}, {"import": 49, "export": 0, "id": "BR"}, {"import": 131, "export": 0, "id": "KH"}, {"import": 160, "export": 0, "id": "UY"}, {"import": 243, "export": 0, "id": "IT"}, {"import": 106, "export": 0, "id": "TW"}, {"import": 87, "export": 0, "id": "LK"}, {"import": 12, "export": 0, "id": "AU"}, {"import": 0, "export": 0, "id": "AE"}, {"import": 0, "export": 0, "id": "AR"}, {"import": 6, "export": 0, "id": "PT"}, {"import": 1, "export": 0, "id": "MX"}, {"import": 2, "export": 0, "id": "IR"}, {"import": 19, "export": 0, "id": "JP"}, {"import": 0, "export": 0, "id": "LB"}, {"import": 8, "export": 0, "id": "BD"}, {"import": 45, "export": 0, "id": "ES"}, {"import": 22, "export": 0, "id": "TR"}, {"import": 0, "export": 0, "id": "PE"}], "import": 28318, "export": 0}, {"date": "Unnamed: 15-01", "list": [{"import": 4764, "export": 0, "id": "IN"}, {"import": 15126, "export": 0, "id": "US"}, {"import": 13093, "export": 0, "id": "TH"}, {"import": 701, "export": 0, "id": "PK"}, {"import": 1255, "export": 0, "id": "VN"}, {"import": 172, "export": 0, "id": "CN"}, {"import": 14, "export": 0, "id": "BR"}, {"import": 87, "export": 0, "id": "KH"}, {"import": 260, "export": 0, "id": "UY"}, {"import": 96, "export": 0, "id": "IT"}, {"import": 39, "export": 0, "id": "TW"}, {"import": 39, "export": 0, "id": "LK"}, {"import": 39, "export": 0, "id": "AU"}, {"import": 23, "export": 0, "id": "AE"}, {"import": 24, "export": 0, "id": "AR"}, {"import": 3, "export": 0, "id": "PT"}, {"import": 44, "export": 0, "id": "MX"}, {"import": 24, "export": 0, "id": "IR"}, {"import": 18, "export": 0, "id": "JP"}, {"import": 11, "export": 0, "id": "LB"}, {"import": 16, "export": 0, "id": "BD"}, {"import": 1, "export": 0, "id": "ES"}, {"import": 23, "export": 0, "id": "TR"}, {"import": 0, "export": 0, "id": "PE"}], "import": 35872, "export": 0}, {"date": "Unnamed: 16-01", "list": [{"import": 3465, "export": 0, "id": "IN"}, {"import": 13525, "export": 0, "id": "US"}, {"import": 10769, "export": 0, "id": "TH"}, {"import": 758, "export": 0, "id": "PK"}, {"import": 821, "export": 0, "id": "VN"}, {"import": 295, "export": 0, "id": "CN"}, {"import": 152, "export": 0, "id": "BR"}, {"import": 22, "export": 0, "id": "KH"}, {"import": 199, "export": 0, "id": "UY"}, {"import": 21, "export": 0, "id": "LK"}, {"import": 16, "export": 0, "id": "AU"}, {"import": 0, "export": 0, "id": "AE"}, {"import": 67, "export": 0, "id": "AR"}, {"import": 10, "export": 0, "id": "PT"}, {"import": 0, "export": 0, "id": "MX"}, {"import": 130, "export": 0, "id": "IR"}, {"import": 50, "export": 0, "id": "JP"}, {"import": 7, "export": 0, "id": "LB"}, {"import": 27, "export": 0, "id": "BD"}, {"import": 19, "export": 0, "id": "ES"}, {"import": 4, "export": 0, "id": "TR"}, {"import": 0, "export": 0, "id": "PE"}], "import": 30357, "export": 0}, {"date": "Unnamed: 17-01", "list": [{"import": 6101, "export": 0, "id": "IN"}, {"import": 11882, "export": 0, "id": "US"}, {"import": 4353, "export": 0, "id": "TH"}, {"import": 266, "export": 0, "id": "PK"}, {"import": 403, "export": 0, "id": "VN"}, {"import": 23, "export": 0, "id": "CN"}, {"import": 19, "export": 0, "id": "BR"}, {"import": 43, "export": 0, "id": "KH"}, {"import": 151, "export": 0, "id": "UY"}, {"import": 41, "export": 0, "id": "TW"}, {"import": 7, "export": 0, "id": "LK"}, {"import": 5, "export": 0, "id": "AU"}, {"import": 23, "export": 0, "id": "AE"}, {"import": 0, "export": 0, "id": "AR"}, {"import": 12, "export": 0, "id": "PT"}, {"import": 12, "export": 0, "id": "MX"}, {"import": 109, "export": 0, "id": "IR"}, {"import": 24, "export": 0, "id": "JP"}, {"import": 3, "export": 0, "id": "LB"}, {"import": 0, "export": 0, "id": "BD"}, {"import": 15, "export": 0, "id": "ES"}, {"import": 2, "export": 0, "id": "TR"}, {"import": 0, "export": 0, "id": "PE"}], "import": 23494, "export": 0}, {"date": "Unnamed: 18-01", "list": [{"import": 9239, "export": 0, "id": "IN"}, {"import": 17829, "export": 0, "id": "US"}, {"import": 13515, "export": 0, "id": "TH"}, {"import": 1053, "export": 0, "id": "VN"}, {"import": 0, "export": 0, "id": "BR"}, {"import": 385, "export": 0, "id": "KH"}, {"import": 400, "export": 0, "id": "UY"}, {"import": 35, "export": 0, "id": "TW"}, {"import": 42, "export": 0, "id": "AU"}, {"import": 0, "export": 0, "id": "AE"}, {"import": 0, "export": 0, "id": "AR"}, {"import": 5, "export": 0, "id": "PT"}, {"import": 50, "export": 0, "id": "MX"}, {"import": 45, "export": 0, "id": "IR"}, {"import": 11, "export": 0, "id": "JP"}, {"import": 0, "export": 0, "id": "LB"}, {"import": 10810, "export": 0, "id": "BD"}, {"import": 61, "export": 0, "id": "ES"}, {"import": 15, "export": 0, "id": "TR"}, {"import": 0, "export": 0, "id": "PE"}], "import": 53495, "export": 0}, {"date": "Unnamed: 20-01", "list": [{"import": 4377, "export": 0, "id": "IN"}, {"import": 14672, "export": 0, "id": "US"}, {"import": 15241, "export": 0, "id": "TH"}, {"import": 655, "export": 0, "id": "VN"}, {"import": 392, "export": 0, "id": "CN"}, {"import": 48, "export": 0, "id": "BR"}, {"import": 153, "export": 0, "id": "KH"}, {"import": 132, "export": 0, "id": "UY"}, {"import": 275, "export": 0, "id": "IT"}, {"import": 214, "export": 0, "id": "TW"}, {"import": 20, "export": 0, "id": "LK"}, {"import": 43, "export": 0, "id": "AU"}, {"import": 64, "export": 0, "id": "AE"}, {"import": 69, "export": 0, "id": "AR"}, {"import": 44, "export": 0, "id": "PT"}, {"import": 54, "export": 0, "id": "MX"}, {"import": 0, "export": 0, "id": "IR"}, {"import": 13, "export": 0, "id": "JP"}, {"import": 24, "export": 0, "id": "LB"}, {"import": 20, "export": 0, "id": "BD"}, {"import": 2, "export": 0, "id": "ES"}, {"import": 52, "export": 0, "id": "TR"}, {"import": 0, "export": 0, "id": "PE"}], "import": 36564, "export": 0}, {"date": "Unnamed: 19-01", "list": [{"import": 15347, "export": 0, "id": "US"}, {"import": 8492, "export": 0, "id": "TH"}, {"import": 1050, "export": 0, "id": "PK"}, {"import": 1733, "export": 0, "id": "VN"}, {"import": 1, "export": 0, "id": "BR"}, {"import": 151, "export": 0, "id": "KH"}, {"import": 210, "export": 0, "id": "UY"}, {"import": 151, "export": 0, "id": "TW"}, {"import": 55, "export": 0, "id": "LK"}, {"import": 39, "export": 0, "id": "AU"}, {"import": 1, "export": 0, "id": "AE"}, {"import": 0, "export": 0, "id": "AR"}, {"import": 24, "export": 0, "id": "PT"}, {"import": 2, "export": 0, "id": "MX"}, {"import": 0, "export": 0, "id": "IR"}, {"import": 41, "export": 0, "id": "JP"}, {"import": 0, "export": 0, "id": "LB"}, {"import": 93, "export": 0, "id": "BD"}, {"import": 18, "export": 0, "id": "ES"}, {"import": 22, "export": 0, "id": "TR"}, {"import": 0, "export": 0, "id": "PE"}], "import": 27430, "export": 0}, {"date": "Unnamed: 21-01", "list": [{"import": 17773, "export": 0, "id": "US"}, {"import": 13277, "export": 0, "id": "TH"}, {"import": 2760, "export": 0, "id": "PK"}, {"import": 1977, "export": 0, "id": "VN"}, {"import": 320, "export": 0, "id": "CN"}, {"import": 301, "export": 0, "id": "BR"}, {"import": 253, "export": 0, "id": "KH"}, {"import": 252, "export": 0, "id": "UY"}, {"import": 248, "export": 0, "id": "IT"}, {"import": 218, "export": 0, "id": "TW"}, {"import": 188, "export": 0, "id": "LK"}, {"import": 69, "export": 0, "id": "AU"}, {"import": 47, "export": 0, "id": "AE"}, {"import": 39, "export": 0, "id": "AR"}, {"import": 27, "export": 0, "id": "PT"}, {"import": 26, "export": 0, "id": "MX"}, {"import": 19, "export": 0, "id": "IR"}, {"import": 19, "export": 0, "id": "JP"}, {"import": 14, "export": 0, "id": "LB"}, {"import": 14, "export": 0, "id": "BD"}, {"import": 12, "export": 0, "id": "ES"}, {"import": 4, "export": 0, "id": "TR"}, {"import": 4, "export": 0, "id": "PE"}], "import": 37861, "export": 0}, {"date": "2018-11-01", "list": [{"import": 0, "export": 1407932, "id": "US"}, {"import": 0, "export": 0, "id": "-"}, {"import": 0, "export": 0, "id": "BM"}, {"import": 0, "export": 0, "id": "GH"}, {"import": 0, "export": 0, "id": "TC"}, {"import": 0, "export": 1644, "id": "FR"}, {"import": 0, "export": 0, "id": "GB"}, {"import": 0, "export": 0, "id": "GD"}, {"import": 0, "export": 0, "id": "HT"}, {"import": 0, "export": 0, "id": "CU"}, {"import": 0, "export": 0, "id": "DM"}, {"import": 0, "export": 0, "id": "DO"}, {"import": 0, "export": 0, "id": "JM"}, {"import": 0, "export": 0, "id": "LB"}, {"import": 0, "export": 6579, "id": "LR"}, {"import": 0, "export": 0, "id": "PK"}, {"import": 0, "export": 0, "id": "PH"}, {"import": 0, "export": 0, "id": "IN"}, {"import": 0, "export": 0, "id": "VN"}, {"import": 0, "export": 0, "id": "TH"}], "import": 0, "export": 1416155}, {"date": "2018-12-01", "list": [{"import": 0, "export": 754192, "id": "US"}, {"import": 0, "export": 0, "id": "-"}, {"import": 0, "export": 0, "id": "BM"}, {"import": 0, "export": 0, "id": "GH"}, {"import": 0, "export": 0, "id": "TC"}, {"import": 0, "export": 759, "id": "FR"}, {"import": 0, "export": 190266, "id": "GB"}, {"import": 0, "export": 0, "id": "GD"}, {"import": 0, "export": 0, "id": "HT"}, {"import": 0, "export": 0, "id": "CU"}, {"import": 0, "export": 0, "id": "DM"}, {"import": 0, "export": 0, "id": "DO"}, {"import": 0, "export": 0, "id": "JM"}, {"import": 0, "export": 0, "id": "LB"}, {"import": 0, "export": 0, "id": "LR"}, {"import": 0, "export": 0, "id": "PK"}, {"import": 0, "export": 0, "id": "PH"}, {"import": 0, "export": 80062, "id": "IN"}, {"import": 0, "export": 0, "id": "VN"}, {"import": 0, "export": 0, "id": "TH"}], "import": 0, "export": 1025279}, {"date": "2019-01-01", "list": [{"import": 0, "export": 740342, "id": "US"}, {"import": 0, "export": 0, "id": "-"}, {"import": 0, "export": 0, "id": "BM"}, {"import": 0, "export": 0, "id": "GH"}, {"import": 0, "export": 0, "id": "TC"}, {"import": 0, "export": 1073, "id": "FR"}, {"import": 0, "export": 763068, "id": "GB"}, {"import": 0, "export": 0, "id": "GD"}, {"import": 0, "export": 0, "id": "HT"}, {"import": 0, "export": 0, "id": "CU"}, {"import": 0, "export": 0, "id": "DM"}, {"import": 0, "export": 0, "id": "DO"}, {"import": 0, "export": 0, "id": "JM"}, {"import": 0, "export": 0, "id": "LB"}, {"import": 0, "export": 0, "id": "LR"}, {"import": 0, "export": 0, "id": "PK"}, {"import": 0, "export": 0, "id": "PH"}, {"import": 0, "export": 0, "id": "IN"}, {"import": 0, "export": 0, "id": "VN"}, {"import": 0, "export": 0, "id": "TH"}], "import": 0, "export": 1504483}, {"date": "2019-02-01", "list": [{"import": 0, "export": 799549, "id": "US"}, {"import": 0, "export": 0, "id": "-"}, {"import": 0, "export": 0, "id": "BM"}, {"import": 0, "export": 3077, "id": "GH"}, {"import": 0, "export": 0, "id": "TC"}, {"import": 0, "export": 0, "id": "FR"}, {"import": 0, "export": 384858, "id": "GB"}, {"import": 0, "export": 0, "id": "GD"}, {"import": 0, "export": 0, "id": "HT"}, {"import": 0, "export": 0, "id": "CU"}, {"import": 0, "export": 4113, "id": "DM"}, {"import": 0, "export": 0, "id": "DO"}, {"import": 0, "export": 0, "id": "JM"}, {"import": 0, "export": 4963, "id": "LB"}, {"import": 0, "export": 0, "id": "LR"}, {"import": 0, "export": 0, "id": "PK"}, {"import": 0, "export": 0, "id": "PH"}, {"import": 0, "export": 0, "id": "IN"}, {"import": 0, "export": 0, "id": "VN"}, {"import": 0, "export": 0, "id": "TH"}], "import": 0, "export": 1196560}, {"date": "2019-03-01", "list": [{"import": 0, "export": 921566, "id": "US"}, {"import": 0, "export": 0, "id": "-"}, {"import": 0, "export": 0, "id": "BM"}, {"import": 0, "export": 6769, "id": "GH"}, {"import": 0, "export": 0, "id": "TC"}, {"import": 0, "export": 2625, "id": "FR"}, {"import": 0, "export": 333814, "id": "GB"}, {"import": 0, "export": 0, "id": "GD"}, {"import": 0, "export": 13121, "id": "HT"}, {"import": 0, "export": 0, "id": "CU"}, {"import": 0, "export": 0, "id": "DM"}, {"import": 0, "export": 0, "id": "DO"}, {"import": 0, "export": 0, "id": "JM"}, {"import": 0, "export": 0, "id": "LB"}, {"import": 0, "export": 0, "id": "LR"}, {"import": 0, "export": 0, "id": "PK"}, {"import": 0, "export": 0, "id": "PH"}, {"import": 0, "export": 0, "id": "IN"}, {"import": 0, "export": 20464, "id": "VN"}, {"import": 0, "export": 0, "id": "TH"}], "import": 0, "export": 1298359}, {"date": "2019-04-01", "list": [{"import": 0, "export": 769606, "id": "US"}, {"import": 0, "export": 0, "id": "-"}, {"import": 0, "export": 0, "id": "BM"}, {"import": 0, "export": 0, "id": "GH"}, {"import": 0, "export": 0, "id": "TC"}, {"import": 0, "export": 1019, "id": "FR"}, {"import": 0, "export": 0, "id": "GB"}, {"import": 0, "export": 0, "id": "GD"}, {"import": 0, "export": 0, "id": "HT"}, {"import": 0, "export": 0, "id": "CU"}, {"import": 0, "export": 0, "id": "DM"}, {"import": 0, "export": 26023, "id": "DO"}, {"import": 0, "export": 0, "id": "JM"}, {"import": 0, "export": 0, "id": "LB"}, {"import": 0, "export": 0, "id": "LR"}, {"import": 0, "export": 0, "id": "PK"}, {"import": 0, "export": 0, "id": "PH"}, {"import": 0, "export": 0, "id": "IN"}, {"import": 0, "export": 0, "id": "VN"}, {"import": 0, "export": 0, "id": "TH"}], "import": 0, "export": 796648}, {"date": "2019-05-01", "list": [{"import": 0, "export": 828991, "id": "US"}, {"import": 0, "export": 0, "id": "-"}, {"import": 0, "export": 0, "id": "BM"}, {"import": 0, "export": 0, "id": "GH"}, {"import": 0, "export": 0, "id": "TC"}, {"import": 0, "export": 1060, "id": "FR"}, {"import": 0, "export": 0, "id": "GB"}, {"import": 0, "export": 0, "id": "GD"}, {"import": 0, "export": 0, "id": "HT"}, {"import": 0, "export": 0, "id": "CU"}, {"import": 0, "export": 0, "id": "DM"}, {"import": 0, "export": 0, "id": "DO"}, {"import": 0, "export": 0, "id": "JM"}, {"import": 0, "export": 0, "id": "LB"}, {"import": 0, "export": 0, "id": "LR"}, {"import": 0, "export": 0, "id": "PK"}, {"import": 0, "export": 0, "id": "PH"}, {"import": 0, "export": 0, "id": "IN"}, {"import": 0, "export": 0, "id": "VN"}, {"import": 0, "export": 0, "id": "TH"}], "import": 0, "export": 830051}, {"date": "2019-06-01", "list": [{"import": 0, "export": 728675, "id": "US"}, {"import": 0, "export": 16041, "id": "-"}, {"import": 0, "export": 0, "id": "BM"}, {"import": 0, "export": 0, "id": "GH"}, {"import": 0, "export": 0, "id": "TC"}, {"import": 0, "export": 2111, "id": "FR"}, {"import": 0, "export": 0, "id": "GB"}, {"import": 0, "export": 0, "id": "GD"}, {"import": 0, "export": 0, "id": "HT"}, {"import": 0, "export": 0, "id": "CU"}, {"import": 0, "export": 0, "id": "DM"}, {"import": 0, "export": 0, "id": "DO"}, {"import": 0, "export": 0, "id": "JM"}, {"import": 0, "export": 0, "id": "LB"}, {"import": 0, "export": 0, "id": "LR"}, {"import": 0, "export": 0, "id": "PK"}, {"import": 0, "export": 0, "id": "PH"}, {"import": 0, "export": 0, "id": "IN"}, {"import": 0, "export": 0, "id": "VN"}, {"import": 0, "export": 0, "id": "TH"}], "import": 0, "export": 746827}, {"date": "2019-07-01", "list": [{"import": 0, "export": 619581, "id": "US"}, {"import": 0, "export": 0, "id": "-"}, {"import": 0, "export": 0, "id": "BM"}, {"import": 0, "export": 0, "id": "GH"}, {"import": 0, "export": 0, "id": "TC"}, {"import": 0, "export": 1911, "id": "FR"}, {"import": 0, "export": 0, "id": "GB"}, {"import": 0, "export": 2769, "id": "GD"}, {"import": 0, "export": 0, "id": "HT"}, {"import": 0, "export": 0, "id": "CU"}, {"import": 0, "export": 0, "id": "DM"}, {"import": 0, "export": 0, "id": "DO"}, {"import": 0, "export": 15025, "id": "JM"}, {"import": 0, "export": 0, "id": "LB"}, {"import": 0, "export": 0, "id": "LR"}, {"import": 0, "export": 0, "id": "PK"}, {"import": 0, "export": 0, "id": "PH"}, {"import": 0, "export": 0, "id": "IN"}, {"import": 0, "export": 0, "id": "VN"}, {"import": 0, "export": 0, "id": "TH"}], "import": 0, "export": 639286}, {"date": "2019-08-01", "list": [{"import": 0, "export": 455033, "id": "US"}, {"import": 0, "export": 0, "id": "-"}, {"import": 0, "export": 0, "id": "BM"}, {"import": 0, "export": 0, "id": "GH"}, {"import": 0, "export": 0, "id": "TC"}, {"import": 0, "export": 58363, "id": "FR"}, {"import": 0, "export": 0, "id": "GB"}, {"import": 0, "export": 0, "id": "GD"}, {"import": 0, "export": 0, "id": "HT"}, {"import": 0, "export": 0, "id": "CU"}, {"import": 0, "export": 0, "id": "DM"}, {"import": 0, "export": 0, "id": "DO"}, {"import": 0, "export": 0, "id": "JM"}, {"import": 0, "export": 0, "id": "LB"}, {"import": 0, "export": 0, "id": "LR"}, {"import": 0, "export": 0, "id": "PK"}, {"import": 0, "export": 0, "id": "PH"}, {"import": 0, "export": 0, "id": "IN"}, {"import": 0, "export": 0, "id": "VN"}, {"import": 0, "export": 0, "id": "TH"}], "import": 0, "export": 521088}, {"date": "2019-09-01", "list": [{"import": 0, "export": 535455, "id": "US"}, {"import": 0, "export": 0, "id": "-"}, {"import": 0, "export": 0, "id": "BM"}, {"import": 0, "export": 0, "id": "GH"}, {"import": 0, "export": 0, "id": "TC"}, {"import": 0, "export": 12212, "id": "FR"}, {"import": 0, "export": 0, "id": "GB"}, {"import": 0, "export": 0, "id": "GD"}, {"import": 0, "export": 10020, "id": "HT"}, {"import": 0, "export": 0, "id": "CU"}, {"import": 0, "export": 0, "id": "DM"}, {"import": 0, "export": 0, "id": "DO"}, {"import": 0, "export": 0, "id": "JM"}, {"import": 0, "export": 0, "id": "LB"}, {"import": 0, "export": 0, "id": "LR"}, {"import": 0, "export": 119363, "id": "PK"}, {"import": 0, "export": 0, "id": "PH"}, {"import": 0, "export": 354653, "id": "IN"}, {"import": 0, "export": 0, "id": "VN"}, {"import": 0, "export": 0, "id": "TH"}], "import": 0, "export": 1031703}, {"date": "2019-10-01", "list": [{"import": 0, "export": 720463, "id": "US"}, {"import": 0, "export": 0, "id": "-"}, {"import": 0, "export": 0, "id": "BM"}, {"import": 0, "export": 0, "id": "GH"}, {"import": 0, "export": 0, "id": "TC"}, {"import": 0, "export": 608, "id": "FR"}, {"import": 0, "export": 0, "id": "GB"}, {"import": 0, "export": 0, "id": "GD"}, {"import": 0, "export": 0, "id": "HT"}, {"import": 0, "export": 0, "id": "CU"}, {"import": 0, "export": 0, "id": "DM"}, {"import": 0, "export": 28192, "id": "DO"}, {"import": 0, "export": 0, "id": "JM"}, {"import": 0, "export": 0, "id": "LB"}, {"import": 0, "export": 0, "id": "LR"}, {"import": 0, "export": 0, "id": "PK"}, {"import": 0, "export": 77568, "id": "PH"}, {"import": 0, "export": 0, "id": "IN"}, {"import": 0, "export": 0, "id": "VN"}, {"import": 0, "export": 0, "id": "TH"}], "import": 0, "export": 872985}, {"date": "2019-11-01", "list": [{"import": 0, "export": 655732, "id": "US"}, {"import": 0, "export": 0, "id": "-"}, {"import": 0, "export": 0, "id": "BM"}, {"import": 0, "export": 0, "id": "GH"}, {"import": 0, "export": 0, "id": "TC"}, {"import": 0, "export": 1439, "id": "FR"}, {"import": 0, "export": 0, "id": "GB"}, {"import": 0, "export": 0, "id": "GD"}, {"import": 0, "export": 0, "id": "HT"}, {"import": 0, "export": 17330, "id": "CU"}, {"import": 0, "export": 0, "id": "DM"}, {"import": 0, "export": 0, "id": "DO"}, {"import": 0, "export": 26559, "id": "JM"}, {"import": 0, "export": 0, "id": "LB"}, {"import": 0, "export": 7071, "id": "LR"}, {"import": 0, "export": 0, "id": "PK"}, {"import": 0, "export": 0, "id": "PH"}, {"import": 0, "export": 40089, "id": "IN"}, {"import": 0, "export": 0, "id": "VN"}, {"import": 0, "export": 103754, "id": "TH"}], "import": 0, "export": 851974}, {"date": "2019-12-01", "list": [{"import": 0, "export": 584806, "id": "US"}, {"import": 0, "export": 0, "id": "-"}, {"import": 0, "export": 0, "id": "BM"}, {"import": 0, "export": 0, "id": "GH"}, {"import": 0, "export": 0, "id": "TC"}, {"import": 0, "export": 0, "id": "FR"}, {"import": 0, "export": 0, "id": "GB"}, {"import": 0, "export": 0, "id": "GD"}, {"import": 0, "export": 0, "id": "HT"}, {"import": 0, "export": 0, "id": "CU"}, {"import": 0, "export": 0, "id": "DM"}, {"import": 0, "export": 0, "id": "DO"}, {"import": 0, "export": 75613, "id": "JM"}, {"import": 0, "export": 0, "id": "LB"}, {"import": 0, "export": 0, "id": "LR"}, {"import": 0, "export": 0, "id": "PK"}, {"import": 0, "export": 0, "id": "PH"}, {"import": 0, "export": 0, "id": "IN"}, {"import": 0, "export": 0, "id": "VN"}, {"import": 0, "export": 0, "id": "TH"}], "import": 0, "export": 660419}, {"date": "2020-01-01", "list": [{"import": 0, "export": 748300, "id": "US"}, {"import": 0, "export": 0, "id": "-"}, {"import": 0, "export": 0, "id": "BM"}, {"import": 0, "export": 462, "id": "GH"}, {"import": 0, "export": 0, "id": "TC"}, {"import": 0, "export": 1250, "id": "FR"}, {"import": 0, "export": 0, "id": "GB"}, {"import": 0, "export": 0, "id": "GD"}, {"import": 0, "export": 0, "id": "HT"}, {"import": 0, "export": 0, "id": "CU"}, {"import": 0, "export": 0, "id": "DM"}, {"import": 0, "export": 0, "id": "DO"}, {"import": 0, "export": 0, "id": "JM"}, {"import": 0, "export": 0, "id": "LB"}, {"import": 0, "export": 0, "id": "LR"}, {"import": 0, "export": 0, "id": "PK"}, {"import": 0, "export": 0, "id": "PH"}, {"import": 0, "export": 0, "id": "IN"}, {"import": 0, "export": 0, "id": "VN"}, {"import": 0, "export": 0, "id": "TH"}], "import": 0, "export": 750012}, {"date": "2020-02-01", "list": [{"import": 0, "export": 728372, "id": "US"}, {"import": 0, "export": 0, "id": "-"}, {"import": 0, "export": 0, "id": "BM"}, {"import": 0, "export": 0, "id": "GH"}, {"import": 0, "export": 0, "id": "TC"}, {"import": 0, "export": 1074, "id": "FR"}, {"import": 0, "export": 0, "id": "GB"}, {"import": 0, "export": 0, "id": "GD"}, {"import": 0, "export": 0, "id": "HT"}, {"import": 0, "export": 0, "id": "CU"}, {"import": 0, "export": 0, "id": "DM"}, {"import": 0, "export": 0, "id": "DO"}, {"import": 0, "export": 0, "id": "JM"}, {"import": 0, "export": 0, "id": "LB"}, {"import": 0, "export": 0, "id": "LR"}, {"import": 0, "export": 0, "id": "PK"}, {"import": 0, "export": 0, "id": "PH"}, {"import": 0, "export": 0, "id": "IN"}, {"import": 0, "export": 0, "id": "VN"}, {"import": 0, "export": 0, "id": "TH"}], "import": 0, "export": 775600}, {"date": "2020-03-01", "list": [{"import": 0, "export": 908239, "id": "US"}, {"import": 0, "export": 0, "id": "-"}, {"import": 0, "export": 0, "id": "BM"}, {"import": 0, "export": 0, "id": "GH"}, {"import": 0, "export": 0, "id": "TC"}, {"import": 0, "export": 0, "id": "FR"}, {"import": 0, "export": 0, "id": "GB"}, {"import": 0, "export": 0, "id": "GD"}, {"import": 0, "export": 0, "id": "HT"}, {"import": 0, "export": 0, "id": "CU"}, {"import": 0, "export": 0, "id": "DM"}, {"import": 0, "export": 27108, "id": "DO"}, {"import": 0, "export": 15602, "id": "JM"}, {"import": 0, "export": 0, "id": "LB"}, {"import": 0, "export": 0, "id": "LR"}, {"import": 0, "export": 0, "id": "PK"}, {"import": 0, "export": 35250, "id": "PH"}, {"import": 0, "export": 0, "id": "IN"}, {"import": 0, "export": 0, "id": "VN"}, {"import": 0, "export": 0, "id": "TH"}], "import": 0, "export": 986199}, {"date": "2020-04-01", "list": [{"import": 0, "export": 956426, "id": "US"}, {"import": 0, "export": 0, "id": "-"}, {"import": 0, "export": 0, "id": "BM"}, {"import": 0, "export": 0, "id": "GH"}, {"import": 0, "export": 0, "id": "TC"}, {"import": 0, "export": 1128, "id": "FR"}, {"import": 0, "export": 0, "id": "GB"}, {"import": 0, "export": 0, "id": "GD"}, {"import": 0, "export": 0, "id": "HT"}, {"import": 0, "export": 0, "id": "CU"}, {"import": 0, "export": 12122, "id": "DM"}, {"import": 0, "export": 0, "id": "DO"}, {"import": 0, "export": 0, "id": "JM"}, {"import": 0, "export": 0, "id": "LB"}, {"import": 0, "export": 0, "id": "LR"}, {"import": 0, "export": 0, "id": "PK"}, {"import": 0, "export": 0, "id": "PH"}, {"import": 0, "export": 0, "id": "IN"}, {"import": 0, "export": 0, "id": "VN"}, {"import": 0, "export": 0, "id": "TH"}], "import": 0, "export": 969676}]