[{"date": "2019-01-01", "list": [{"import": 190, "export": 0, "id": "JP"}, {"import": 1024, "export": 0, "id": "KR"}, {"import": 17, "export": 0, "id": "TW"}, {"import": 228483, "export": 0, "id": "TH"}, {"import": 740, "export": 0, "id": "BR"}, {"import": 14000, "export": 0, "id": "CN"}, {"import": 0, "export": 2, "id": "CA"}], "import": 244454, "export": 2}, {"date": "2019-03-01", "list": [{"import": 212, "export": 0, "id": "JP"}, {"import": 644, "export": 0, "id": "KR"}, {"import": 7, "export": 0, "id": "TW"}, {"import": 211899, "export": 0, "id": "TH"}, {"import": 445, "export": 0, "id": "BR"}], "import": 213207, "export": 0}, {"date": "2019-05-01", "list": [{"import": 234, "export": 0, "id": "JP"}, {"import": 16, "export": 0, "id": "TW"}, {"import": 333180, "export": 0, "id": "TH"}], "import": 333430, "export": 0}, {"date": "2019-07-01", "list": [{"import": 282, "export": 0, "id": "JP"}, {"import": 1063, "export": 0, "id": "KR"}, {"import": 15, "export": 0, "id": "TW"}, {"import": 240736, "export": 0, "id": "TH"}, {"import": 11500, "export": 0, "id": "CN"}], "import": 253596, "export": 0}, {"date": "2019-09-01", "list": [{"import": 134, "export": 0, "id": "JP"}, {"import": 19, "export": 0, "id": "TW"}, {"import": 215277, "export": 0, "id": "TH"}, {"import": 833, "export": 0, "id": "BR"}, {"import": 4075, "export": 0, "id": "CA"}], "import": 220338, "export": 0}, {"date": "2019-11-01", "list": [{"import": 133, "export": 0, "id": "JP"}, {"import": 405, "export": 0, "id": "KR"}, {"import": 26, "export": 0, "id": "TW"}, {"import": 245454, "export": 0, "id": "TH"}, {"import": 484, "export": 0, "id": "BR"}, {"import": 105519, "export": 0, "id": "CA"}], "import": 352021, "export": 0}, {"date": "2020-01-01", "list": [{"import": 267, "export": 0, "id": "JP"}, {"import": 300, "export": 0, "id": "KR"}, {"import": 8, "export": 0, "id": "TW"}, {"import": 239789, "export": 0, "id": "TH"}, {"import": 824, "export": 0, "id": "BR"}], "import": 241188, "export": 0}, {"date": "2020-03-01", "list": [{"import": 272, "export": 0, "id": "JP"}, {"import": 512, "export": 0, "id": "KR"}, {"import": 15, "export": 0, "id": "TW"}, {"import": 174874, "export": 0, "id": "TH"}, {"import": 547, "export": 0, "id": "BR"}, {"import": 13000, "export": 0, "id": "CN"}], "import": 189220, "export": 0}, {"date": "2020-05-01", "list": [{"import": 103, "export": 0, "id": "JP"}, {"import": 5, "export": 0, "id": "TW"}, {"import": 328488, "export": 0, "id": "TH"}, {"import": 852, "export": 0, "id": "BR"}], "import": 329448, "export": 0}, {"date": "2020-07-01", "list": [{"import": 241, "export": 0, "id": "JP"}, {"import": 480, "export": 0, "id": "KR"}, {"import": 33, "export": 0, "id": "TW"}, {"import": 136402, "export": 0, "id": "TH"}, {"import": 255, "export": 0, "id": "BR"}], "import": 137411, "export": 0}, {"date": "Unnamed: 22-01", "list": [{"import": 373, "export": 0, "id": "JP"}, {"import": 236, "export": 0, "id": "KR"}, {"import": 9, "export": 0, "id": "TW"}, {"import": 154694, "export": 0, "id": "TH"}, {"import": 780, "export": 0, "id": "BR"}, {"import": 1020, "export": 0, "id": "KH"}, {"import": 108242, "export": 0, "id": "CA"}], "import": 265354, "export": 0}, {"date": "Unnamed: 24-01", "list": [{"import": 173, "export": 0, "id": "JP"}, {"import": 28, "export": 0, "id": "TW"}, {"import": 3, "export": 0, "id": "PK"}, {"import": 288701, "export": 0, "id": "TH"}, {"import": 872, "export": 0, "id": "BR"}, {"import": 7000, "export": 0, "id": "CN"}], "import": 296777, "export": 0}, {"date": "Unnamed: 26-01", "list": [{"import": 288, "export": 0, "id": "JP"}, {"import": 350, "export": 0, "id": "KR"}, {"import": 4, "export": 0, "id": "TW"}, {"import": 184147, "export": 0, "id": "TH"}, {"import": 493, "export": 0, "id": "BR"}], "import": 185282, "export": 0}, {"date": "Unnamed: 28-01", "list": [{"import": 122, "export": 0, "id": "JP"}, {"import": 560, "export": 0, "id": "KR"}, {"import": 54, "export": 0, "id": "TW"}, {"import": 358275, "export": 0, "id": "TH"}], "import": 359011, "export": 0}, {"date": "Unnamed: 30-01", "list": [{"import": 120, "export": 0, "id": "JP"}, {"import": 45, "export": 0, "id": "TW"}, {"import": 299641, "export": 0, "id": "TH"}], "import": 299806, "export": 0}, {"date": "Unnamed: 32-01", "list": [{"import": 294, "export": 0, "id": "JP"}, {"import": 690, "export": 0, "id": "KR"}, {"import": 63, "export": 0, "id": "TW"}, {"import": 380260, "export": 0, "id": "TH"}, {"import": 345, "export": 0, "id": "BR"}, {"import": 2994, "export": 0, "id": "CA"}], "import": 384646, "export": 0}, {"date": "Unnamed: 34-01", "list": [{"import": 152, "export": 0, "id": "JP"}, {"import": 4364, "export": 0, "id": "KR"}, {"import": 21, "export": 0, "id": "TW"}, {"import": 290648, "export": 0, "id": "TH"}], "import": 295185, "export": 0}, {"date": "Unnamed: 36-01", "list": [{"import": 83, "export": 0, "id": "JP"}, {"import": 5342, "export": 0, "id": "KR"}, {"import": 19, "export": 0, "id": "TW"}, {"import": 178461, "export": 0, "id": "TH"}, {"import": 1038, "export": 0, "id": "BR"}, {"import": 8000, "export": 0, "id": "CN"}], "import": 192943, "export": 0}, {"date": "Unnamed: 38-01", "list": [{"import": 186, "export": 0, "id": "JP"}, {"import": 2530, "export": 0, "id": "KR"}, {"import": 255650, "export": 0, "id": "TH"}, {"import": 877, "export": 0, "id": "BR"}], "import": 259243, "export": 0}, {"date": "2019-04-01", "list": [{"import": 0, "export": 2, "id": "CA"}], "import": 0, "export": 2}, {"date": "2019-06-01", "list": [{"import": 0, "export": 2, "id": "CA"}], "import": 0, "export": 2}, {"date": "2019-12-01", "list": [{"import": 0, "export": 158, "id": "WS"}], "import": 0, "export": 158}]