[{"date": "2019-01-01", "list": [{"import": 176432, "export": 0, "id": "GR"}, {"import": 438529, "export": 0, "id": "IT"}, {"import": 2732, "export": 1680, "id": "ES"}, {"import": 0, "export": 0, "id": "CN"}, {"import": 6979, "export": 9136, "id": "IE"}, {"import": 0, "export": 16451, "id": "FR"}, {"import": 53880, "export": 0, "id": "DE"}, {"import": 0, "export": 0, "id": "BD"}, {"import": 19, "export": 1, "id": "BE"}, {"import": 9010, "export": 0, "id": "NL"}, {"import": 542, "export": 0, "id": "PL"}, {"import": 0, "export": 133, "id": "PT"}, {"import": 7850, "export": 0, "id": "RO"}, {"import": 0, "export": 0, "id": "IN"}, {"import": 0, "export": 0, "id": "TH"}, {"import": 0, "export": 0, "id": "-"}, {"import": 0, "export": 460, "id": "MT"}, {"import": 0, "export": 2920, "id": "AE"}, {"import": 0, "export": 0, "id": "DJ"}, {"import": 0, "export": 1500, "id": "GM"}, {"import": 0, "export": 0, "id": "DK"}, {"import": 0, "export": 0, "id": "FI"}, {"import": 0, "export": 0, "id": "CY"}, {"import": 0, "export": 0, "id": "SG"}, {"import": 0, "export": 0, "id": "HU"}, {"import": 0, "export": 0, "id": "IL"}, {"import": 0, "export": 0, "id": "US"}, {"import": 0, "export": 0, "id": "YE"}, {"import": 0, "export": 4000, "id": "SE"}], "import": 695973, "export": 37982}, {"date": "2019-02-01", "list": [{"import": 76466, "export": 0, "id": "GR"}, {"import": 584494, "export": 0, "id": "IT"}, {"import": 3418, "export": 1434, "id": "ES"}, {"import": 0, "export": 0, "id": "CN"}, {"import": 8371, "export": 3701, "id": "IE"}, {"import": 0, "export": 3118, "id": "FR"}, {"import": 25940, "export": 0, "id": "DE"}, {"import": 0, "export": 0, "id": "BD"}, {"import": 0, "export": 5, "id": "BE"}, {"import": 3100, "export": 3, "id": "NL"}, {"import": 0, "export": 0, "id": "PL"}, {"import": 0, "export": 0, "id": "PT"}, {"import": 4998, "export": 0, "id": "RO"}, {"import": 0, "export": 0, "id": "IN"}, {"import": 0, "export": 0, "id": "TH"}, {"import": 0, "export": 0, "id": "-"}, {"import": 0, "export": 519, "id": "MT"}, {"import": 0, "export": 1652, "id": "AE"}, {"import": 0, "export": 8000, "id": "DJ"}, {"import": 0, "export": 0, "id": "GM"}, {"import": 0, "export": 0, "id": "DK"}, {"import": 0, "export": 460, "id": "FI"}, {"import": 0, "export": 0, "id": "CY"}, {"import": 0, "export": 0, "id": "SG"}, {"import": 0, "export": 0, "id": "HU"}, {"import": 0, "export": 0, "id": "IL"}, {"import": 0, "export": 0, "id": "US"}, {"import": 0, "export": 18000, "id": "YE"}, {"import": 0, "export": 0, "id": "SE"}], "import": 706787, "export": 37979}, {"date": "2019-03-01", "list": [{"import": 88238, "export": 0, "id": "GR"}, {"import": 288640, "export": 0, "id": "IT"}, {"import": 1342, "export": 5562, "id": "ES"}, {"import": 0, "export": 0, "id": "CN"}, {"import": 1281, "export": 6195, "id": "IE"}, {"import": 0, "export": 25629, "id": "FR"}, {"import": 239420, "export": 0, "id": "DE"}, {"import": 0, "export": 0, "id": "BD"}, {"import": 0, "export": 0, "id": "BE"}, {"import": 7480, "export": 15, "id": "NL"}, {"import": 1069, "export": 0, "id": "PL"}, {"import": 0, "export": 0, "id": "PT"}, {"import": 5089, "export": 0, "id": "RO"}, {"import": 0, "export": 0, "id": "IN"}, {"import": 0, "export": 0, "id": "TH"}, {"import": 0, "export": 0, "id": "-"}, {"import": 0, "export": 389, "id": "MT"}, {"import": 0, "export": 3192, "id": "AE"}, {"import": 0, "export": 0, "id": "DJ"}, {"import": 0, "export": 0, "id": "GM"}, {"import": 0, "export": 1000, "id": "DK"}, {"import": 0, "export": 0, "id": "FI"}, {"import": 0, "export": 501, "id": "CY"}, {"import": 0, "export": 0, "id": "SG"}, {"import": 0, "export": 0, "id": "HU"}, {"import": 0, "export": 0, "id": "IL"}, {"import": 0, "export": 0, "id": "US"}, {"import": 0, "export": 0, "id": "YE"}, {"import": 0, "export": 0, "id": "SE"}], "import": 632559, "export": 42821}, {"date": "2019-04-01", "list": [{"import": 287037, "export": 0, "id": "GR"}, {"import": 2804, "export": 0, "id": "IT"}, {"import": 3608, "export": 9843, "id": "ES"}, {"import": 0, "export": 0, "id": "CN"}, {"import": 146, "export": 4860, "id": "IE"}, {"import": 0, "export": 4744, "id": "FR"}, {"import": 54060, "export": 0, "id": "DE"}, {"import": 0, "export": 0, "id": "BD"}, {"import": 0, "export": 0, "id": "BE"}, {"import": 6448, "export": 20, "id": "NL"}, {"import": 0, "export": 0, "id": "PL"}, {"import": 0, "export": 0, "id": "PT"}, {"import": 5960, "export": 0, "id": "RO"}, {"import": 0, "export": 0, "id": "IN"}, {"import": 0, "export": 0, "id": "TH"}, {"import": 0, "export": 0, "id": "-"}, {"import": 0, "export": 0, "id": "MT"}, {"import": 0, "export": 6884, "id": "AE"}, {"import": 0, "export": 0, "id": "DJ"}, {"import": 0, "export": 0, "id": "GM"}, {"import": 0, "export": 0, "id": "DK"}, {"import": 0, "export": 0, "id": "FI"}, {"import": 0, "export": 399, "id": "CY"}, {"import": 0, "export": 0, "id": "SG"}, {"import": 0, "export": 0, "id": "HU"}, {"import": 0, "export": 0, "id": "IL"}, {"import": 0, "export": 0, "id": "US"}, {"import": 0, "export": 0, "id": "YE"}, {"import": 0, "export": 0, "id": "SE"}], "import": 360063, "export": 27579}, {"date": "2019-05-01", "list": [{"import": 112287, "export": 0, "id": "GR"}, {"import": 274685, "export": 0, "id": "IT"}, {"import": 3256, "export": 1062, "id": "ES"}, {"import": 0, "export": 0, "id": "CN"}, {"import": 106, "export": 4639, "id": "IE"}, {"import": 49760, "export": 1683, "id": "FR"}, {"import": 107960, "export": 1, "id": "DE"}, {"import": 0, "export": 0, "id": "BD"}, {"import": 0, "export": 3, "id": "BE"}, {"import": 4128, "export": 30, "id": "NL"}, {"import": 644, "export": 200, "id": "PL"}, {"import": 0, "export": 0, "id": "PT"}, {"import": 5516, "export": 0, "id": "RO"}, {"import": 0, "export": 0, "id": "IN"}, {"import": 0, "export": 0, "id": "TH"}, {"import": 0, "export": 0, "id": "-"}, {"import": 0, "export": 0, "id": "MT"}, {"import": 0, "export": 3014, "id": "AE"}, {"import": 0, "export": 0, "id": "DJ"}, {"import": 0, "export": 0, "id": "GM"}, {"import": 0, "export": 0, "id": "DK"}, {"import": 0, "export": 4000, "id": "FI"}, {"import": 0, "export": 0, "id": "CY"}, {"import": 0, "export": 0, "id": "SG"}, {"import": 0, "export": 0, "id": "HU"}, {"import": 0, "export": 0, "id": "IL"}, {"import": 0, "export": 0, "id": "US"}, {"import": 0, "export": 0, "id": "YE"}, {"import": 0, "export": 0, "id": "SE"}], "import": 558342, "export": 16510}, {"date": "2019-06-01", "list": [{"import": 244888, "export": 0, "id": "GR"}, {"import": 101557, "export": 0, "id": "IT"}, {"import": 5492, "export": 1955, "id": "ES"}, {"import": 0, "export": 0, "id": "CN"}, {"import": 939, "export": 3449, "id": "IE"}, {"import": 0, "export": 1733, "id": "FR"}, {"import": 58100, "export": 0, "id": "DE"}, {"import": 0, "export": 0, "id": "BD"}, {"import": 0, "export": 0, "id": "BE"}, {"import": 3144, "export": 32, "id": "NL"}, {"import": 0, "export": 0, "id": "PL"}, {"import": 0, "export": 3899, "id": "PT"}, {"import": 1600, "export": 0, "id": "RO"}, {"import": 0, "export": 0, "id": "IN"}, {"import": 0, "export": 0, "id": "TH"}, {"import": 0, "export": 0, "id": "-"}, {"import": 0, "export": 1358, "id": "MT"}, {"import": 0, "export": 1756, "id": "AE"}, {"import": 0, "export": 0, "id": "DJ"}, {"import": 0, "export": 0, "id": "GM"}, {"import": 0, "export": 0, "id": "DK"}, {"import": 0, "export": 0, "id": "FI"}, {"import": 0, "export": 0, "id": "CY"}, {"import": 0, "export": 0, "id": "SG"}, {"import": 0, "export": 0, "id": "HU"}, {"import": 0, "export": 1, "id": "IL"}, {"import": 0, "export": 0, "id": "US"}, {"import": 0, "export": 0, "id": "YE"}, {"import": 0, "export": 0, "id": "SE"}], "import": 415720, "export": 14921}, {"date": "2019-07-01", "list": [{"import": 88492, "export": 42, "id": "GR"}, {"import": 412193, "export": 0, "id": "IT"}, {"import": 3194, "export": 6498, "id": "ES"}, {"import": 0, "export": 0, "id": "CN"}, {"import": 480, "export": 5495, "id": "IE"}, {"import": 0, "export": 1744, "id": "FR"}, {"import": 107600, "export": 0, "id": "DE"}, {"import": 0, "export": 0, "id": "BD"}, {"import": 0, "export": 0, "id": "BE"}, {"import": 27910, "export": 32, "id": "NL"}, {"import": 0, "export": 0, "id": "PL"}, {"import": 0, "export": 179, "id": "PT"}, {"import": 5474, "export": 0, "id": "RO"}, {"import": 0, "export": 0, "id": "IN"}, {"import": 0, "export": 0, "id": "TH"}, {"import": 0, "export": 0, "id": "-"}, {"import": 0, "export": 573, "id": "MT"}, {"import": 0, "export": 3584, "id": "AE"}, {"import": 0, "export": 0, "id": "DJ"}, {"import": 0, "export": 0, "id": "GM"}, {"import": 0, "export": 1000, "id": "DK"}, {"import": 0, "export": 0, "id": "FI"}, {"import": 0, "export": 0, "id": "CY"}, {"import": 0, "export": 0, "id": "SG"}, {"import": 0, "export": 0, "id": "HU"}, {"import": 0, "export": 0, "id": "IL"}, {"import": 0, "export": 0, "id": "US"}, {"import": 0, "export": 0, "id": "YE"}, {"import": 0, "export": 0, "id": "SE"}], "import": 645343, "export": 20523}, {"date": "2019-08-01", "list": [{"import": 266168, "export": 0, "id": "GR"}, {"import": 655370, "export": 0, "id": "IT"}, {"import": 2398, "export": 1795, "id": "ES"}, {"import": 0, "export": 0, "id": "CN"}, {"import": 2253, "export": 3913, "id": "IE"}, {"import": 0, "export": 1304, "id": "FR"}, {"import": 0, "export": 0, "id": "DE"}, {"import": 0, "export": 0, "id": "BD"}, {"import": 0, "export": 7, "id": "BE"}, {"import": 1310, "export": 31, "id": "NL"}, {"import": 0, "export": 0, "id": "PL"}, {"import": 0, "export": 167, "id": "PT"}, {"import": 1978, "export": 0, "id": "RO"}, {"import": 990, "export": 0, "id": "IN"}, {"import": 0, "export": 0, "id": "TH"}, {"import": 0, "export": 0, "id": "-"}, {"import": 0, "export": 826, "id": "MT"}, {"import": 0, "export": 1346, "id": "AE"}, {"import": 0, "export": 0, "id": "DJ"}, {"import": 0, "export": 0, "id": "GM"}, {"import": 0, "export": 0, "id": "DK"}, {"import": 0, "export": 0, "id": "FI"}, {"import": 0, "export": 0, "id": "CY"}, {"import": 0, "export": 0, "id": "SG"}, {"import": 0, "export": 0, "id": "HU"}, {"import": 0, "export": 0, "id": "IL"}, {"import": 0, "export": 14, "id": "US"}, {"import": 0, "export": 0, "id": "YE"}, {"import": 0, "export": 0, "id": "SE"}], "import": 930467, "export": 10621}, {"date": "2019-09-01", "list": [{"import": 22127, "export": 28, "id": "GR"}, {"import": 129908, "export": 0, "id": "IT"}, {"import": 5166, "export": 1516, "id": "ES"}, {"import": 0, "export": 0, "id": "CN"}, {"import": 12428, "export": 3120, "id": "IE"}, {"import": 18240, "export": 19510, "id": "FR"}, {"import": 63386, "export": 1, "id": "DE"}, {"import": 0, "export": 0, "id": "BD"}, {"import": 0, "export": 2, "id": "BE"}, {"import": 0, "export": 47, "id": "NL"}, {"import": 0, "export": 0, "id": "PL"}, {"import": 0, "export": 149, "id": "PT"}, {"import": 7132, "export": 0, "id": "RO"}, {"import": 0, "export": 0, "id": "IN"}, {"import": 0, "export": 0, "id": "TH"}, {"import": 0, "export": 0, "id": "-"}, {"import": 0, "export": 517, "id": "MT"}, {"import": 0, "export": 2975, "id": "AE"}, {"import": 0, "export": 0, "id": "DJ"}, {"import": 0, "export": 0, "id": "GM"}, {"import": 0, "export": 1000, "id": "DK"}, {"import": 0, "export": 0, "id": "FI"}, {"import": 0, "export": 0, "id": "CY"}, {"import": 0, "export": 0, "id": "SG"}, {"import": 0, "export": 0, "id": "HU"}, {"import": 0, "export": 0, "id": "IL"}, {"import": 0, "export": 0, "id": "US"}, {"import": 0, "export": 0, "id": "YE"}, {"import": 0, "export": 0, "id": "SE"}], "import": 258387, "export": 30448}, {"date": "2019-10-01", "list": [{"import": 198936, "export": 0, "id": "GR"}, {"import": 178144, "export": 0, "id": "IT"}, {"import": 2178, "export": 7746, "id": "ES"}, {"import": 0, "export": 0, "id": "CN"}, {"import": 2878, "export": 3728, "id": "IE"}, {"import": 28680, "export": 5489, "id": "FR"}, {"import": 0, "export": 0, "id": "DE"}, {"import": 0, "export": 0, "id": "BD"}, {"import": 0, "export": 62, "id": "BE"}, {"import": 4000, "export": 17, "id": "NL"}, {"import": 204, "export": 0, "id": "PL"}, {"import": 0, "export": 196, "id": "PT"}, {"import": 7490, "export": 0, "id": "RO"}, {"import": 0, "export": 0, "id": "IN"}, {"import": 0, "export": 0, "id": "TH"}, {"import": 0, "export": 0, "id": "-"}, {"import": 0, "export": 261, "id": "MT"}, {"import": 0, "export": 3686, "id": "AE"}, {"import": 0, "export": 0, "id": "DJ"}, {"import": 0, "export": 0, "id": "GM"}, {"import": 0, "export": 0, "id": "DK"}, {"import": 0, "export": 0, "id": "FI"}, {"import": 0, "export": 0, "id": "CY"}, {"import": 0, "export": 0, "id": "SG"}, {"import": 0, "export": 0, "id": "HU"}, {"import": 0, "export": 0, "id": "IL"}, {"import": 0, "export": 0, "id": "US"}, {"import": 0, "export": 20000, "id": "YE"}, {"import": 0, "export": 0, "id": "SE"}], "import": 422510, "export": 43461}, {"date": "2019-11-01", "list": [{"import": 289598, "export": 0, "id": "GR"}, {"import": 509835, "export": 0, "id": "IT"}, {"import": 3542, "export": 4486, "id": "ES"}, {"import": 0, "export": 0, "id": "CN"}, {"import": 2968, "export": 3260, "id": "IE"}, {"import": 0, "export": 1105, "id": "FR"}, {"import": 25600, "export": 5, "id": "DE"}, {"import": 0, "export": 0, "id": "BD"}, {"import": 0, "export": 281, "id": "BE"}, {"import": 3802, "export": 128, "id": "NL"}, {"import": 303, "export": 1, "id": "PL"}, {"import": 0, "export": 0, "id": "PT"}, {"import": 8220, "export": 28, "id": "RO"}, {"import": 0, "export": 0, "id": "IN"}, {"import": 0, "export": 0, "id": "TH"}, {"import": 0, "export": 0, "id": "-"}, {"import": 0, "export": 0, "id": "MT"}, {"import": 0, "export": 2789, "id": "AE"}, {"import": 0, "export": 0, "id": "DJ"}, {"import": 0, "export": 0, "id": "GM"}, {"import": 0, "export": 1000, "id": "DK"}, {"import": 0, "export": 0, "id": "FI"}, {"import": 0, "export": 0, "id": "CY"}, {"import": 0, "export": 0, "id": "SG"}, {"import": 0, "export": 289, "id": "HU"}, {"import": 0, "export": 0, "id": "IL"}, {"import": 0, "export": 10000, "id": "US"}, {"import": 0, "export": 0, "id": "YE"}, {"import": 0, "export": 0, "id": "SE"}], "import": 843868, "export": 23786}, {"date": "2019-12-01", "list": [{"import": 221059, "export": 0, "id": "GR"}, {"import": 153920, "export": 0, "id": "IT"}, {"import": 3648, "export": 1174, "id": "ES"}, {"import": 0, "export": 0, "id": "CN"}, {"import": 5414, "export": 1948, "id": "IE"}, {"import": 33612, "export": 982, "id": "FR"}, {"import": 0, "export": 0, "id": "DE"}, {"import": 0, "export": 0, "id": "BD"}, {"import": 0, "export": 273, "id": "BE"}, {"import": 3000, "export": 543, "id": "NL"}, {"import": 0, "export": 0, "id": "PL"}, {"import": 0, "export": 0, "id": "PT"}, {"import": 3000, "export": 0, "id": "RO"}, {"import": 0, "export": 0, "id": "IN"}, {"import": 0, "export": 0, "id": "TH"}, {"import": 0, "export": 0, "id": "-"}, {"import": 0, "export": 0, "id": "MT"}, {"import": 0, "export": 4131, "id": "AE"}, {"import": 0, "export": 0, "id": "DJ"}, {"import": 0, "export": 0, "id": "GM"}, {"import": 0, "export": 0, "id": "DK"}, {"import": 0, "export": 0, "id": "FI"}, {"import": 0, "export": 259, "id": "CY"}, {"import": 0, "export": 0, "id": "SG"}, {"import": 0, "export": 126, "id": "HU"}, {"import": 0, "export": 0, "id": "IL"}, {"import": 0, "export": 0, "id": "US"}, {"import": 0, "export": 0, "id": "YE"}, {"import": 0, "export": 0, "id": "SE"}], "import": 423653, "export": 9993}, {"date": "2020-01-01", "list": [{"import": 265471, "export": 14, "id": "GR"}, {"import": 360360, "export": 0, "id": "IT"}, {"import": 5015, "export": 1736, "id": "ES"}, {"import": 1944, "export": 0, "id": "CN"}, {"import": 4194, "export": 3106, "id": "IE"}, {"import": 107623, "export": 1552, "id": "FR"}, {"import": 0, "export": 0, "id": "DE"}, {"import": 588, "export": 0, "id": "BD"}, {"import": 0, "export": 323, "id": "BE"}, {"import": 5095, "export": 17, "id": "NL"}, {"import": 0, "export": 0, "id": "PL"}, {"import": 0, "export": 178, "id": "PT"}, {"import": 8586, "export": 0, "id": "RO"}, {"import": 0, "export": 0, "id": "IN"}, {"import": 0, "export": 0, "id": "TH"}, {"import": 0, "export": 0, "id": "-"}, {"import": 0, "export": 369, "id": "MT"}, {"import": 0, "export": 3716, "id": "AE"}, {"import": 0, "export": 0, "id": "DJ"}, {"import": 0, "export": 0, "id": "GM"}, {"import": 0, "export": 0, "id": "DK"}, {"import": 0, "export": 0, "id": "FI"}, {"import": 0, "export": 0, "id": "CY"}, {"import": 0, "export": 0, "id": "SG"}, {"import": 0, "export": 0, "id": "HU"}, {"import": 0, "export": 0, "id": "IL"}, {"import": 0, "export": 0, "id": "US"}, {"import": 0, "export": 0, "id": "YE"}, {"import": 0, "export": 0, "id": "SE"}], "import": 758876, "export": 12546}, {"date": "2020-02-01", "list": [{"import": 154630, "export": 0, "id": "GR"}, {"import": 1961, "export": 0, "id": "IT"}, {"import": 3690, "export": 1567, "id": "ES"}, {"import": 0, "export": 0, "id": "CN"}, {"import": 3827, "export": 9356, "id": "IE"}, {"import": 23020, "export": 1306, "id": "FR"}, {"import": 0, "export": 0, "id": "DE"}, {"import": 0, "export": 0, "id": "BD"}, {"import": 0, "export": 366, "id": "BE"}, {"import": 8121, "export": 48, "id": "NL"}, {"import": 170, "export": 180, "id": "PL"}, {"import": 0, "export": 167, "id": "PT"}, {"import": 6526, "export": 0, "id": "RO"}, {"import": 0, "export": 0, "id": "IN"}, {"import": 0, "export": 0, "id": "TH"}, {"import": 0, "export": 0, "id": "-"}, {"import": 0, "export": 0, "id": "MT"}, {"import": 0, "export": 3706, "id": "AE"}, {"import": 0, "export": 0, "id": "DJ"}, {"import": 0, "export": 0, "id": "GM"}, {"import": 0, "export": 0, "id": "DK"}, {"import": 0, "export": 0, "id": "FI"}, {"import": 0, "export": 278, "id": "CY"}, {"import": 0, "export": 0, "id": "SG"}, {"import": 0, "export": 667, "id": "HU"}, {"import": 0, "export": 0, "id": "IL"}, {"import": 0, "export": 0, "id": "US"}, {"import": 0, "export": 0, "id": "YE"}, {"import": 0, "export": 0, "id": "SE"}], "import": 201945, "export": 18680}, {"date": "2020-03-01", "list": [{"import": 221286, "export": 42, "id": "GR"}, {"import": 487902, "export": 0, "id": "IT"}, {"import": 5104, "export": 8720, "id": "ES"}, {"import": 3200, "export": 0, "id": "CN"}, {"import": 4935, "export": 8117, "id": "IE"}, {"import": 24546, "export": 6502, "id": "FR"}, {"import": 0, "export": 0, "id": "DE"}, {"import": 0, "export": 0, "id": "BD"}, {"import": 0, "export": 0, "id": "BE"}, {"import": 65, "export": 72, "id": "NL"}, {"import": 1139, "export": 0, "id": "PL"}, {"import": 0, "export": 328, "id": "PT"}, {"import": 0, "export": 0, "id": "RO"}, {"import": 0, "export": 0, "id": "IN"}, {"import": 0, "export": 0, "id": "TH"}, {"import": 0, "export": 520, "id": "-"}, {"import": 0, "export": 552, "id": "MT"}, {"import": 0, "export": 6626, "id": "AE"}, {"import": 0, "export": 0, "id": "DJ"}, {"import": 0, "export": 0, "id": "GM"}, {"import": 0, "export": 0, "id": "DK"}, {"import": 0, "export": 0, "id": "FI"}, {"import": 0, "export": 0, "id": "CY"}, {"import": 0, "export": 0, "id": "SG"}, {"import": 0, "export": 0, "id": "HU"}, {"import": 0, "export": 0, "id": "IL"}, {"import": 0, "export": 0, "id": "US"}, {"import": 0, "export": 0, "id": "YE"}, {"import": 0, "export": 0, "id": "SE"}], "import": 748177, "export": 36205}, {"date": "2020-04-01", "list": [{"import": 304491, "export": 0, "id": "GR"}, {"import": 8866, "export": 0, "id": "IT"}, {"import": 6527, "export": 1451, "id": "ES"}, {"import": 0, "export": 0, "id": "CN"}, {"import": 3691, "export": 3240, "id": "IE"}, {"import": 0, "export": 0, "id": "FR"}, {"import": 28944, "export": 0, "id": "DE"}, {"import": 0, "export": 0, "id": "BD"}, {"import": 0, "export": 0, "id": "BE"}, {"import": 0, "export": 0, "id": "NL"}, {"import": 3386, "export": 0, "id": "PL"}, {"import": 24, "export": 138, "id": "PT"}, {"import": 0, "export": 0, "id": "RO"}, {"import": 0, "export": 0, "id": "IN"}, {"import": 0, "export": 0, "id": "TH"}, {"import": 0, "export": 0, "id": "-"}, {"import": 0, "export": 209, "id": "MT"}, {"import": 0, "export": 1544, "id": "AE"}, {"import": 0, "export": 0, "id": "DJ"}, {"import": 0, "export": 0, "id": "GM"}, {"import": 0, "export": 0, "id": "DK"}, {"import": 0, "export": 0, "id": "FI"}, {"import": 0, "export": 0, "id": "CY"}, {"import": 0, "export": 0, "id": "SG"}, {"import": 0, "export": 236, "id": "HU"}, {"import": 0, "export": 0, "id": "IL"}, {"import": 0, "export": 0, "id": "US"}, {"import": 0, "export": 0, "id": "YE"}, {"import": 0, "export": 0, "id": "SE"}], "import": 355929, "export": 7373}, {"date": "2020-05-01", "list": [{"import": 155291, "export": 0, "id": "GR"}, {"import": 327537, "export": 0, "id": "IT"}, {"import": 3533, "export": 2347, "id": "ES"}, {"import": 0, "export": 0, "id": "CN"}, {"import": 2231, "export": 6323, "id": "IE"}, {"import": 24770, "export": 0, "id": "FR"}, {"import": 0, "export": 0, "id": "DE"}, {"import": 0, "export": 0, "id": "BD"}, {"import": 0, "export": 0, "id": "BE"}, {"import": 23, "export": 27, "id": "NL"}, {"import": 431, "export": 0, "id": "PL"}, {"import": 0, "export": 294, "id": "PT"}, {"import": 0, "export": 0, "id": "RO"}, {"import": 0, "export": 0, "id": "IN"}, {"import": 530, "export": 0, "id": "TH"}, {"import": 0, "export": 0, "id": "-"}, {"import": 0, "export": 518, "id": "MT"}, {"import": 0, "export": 3846, "id": "AE"}, {"import": 0, "export": 0, "id": "DJ"}, {"import": 0, "export": 0, "id": "GM"}, {"import": 0, "export": 0, "id": "DK"}, {"import": 0, "export": 0, "id": "FI"}, {"import": 0, "export": 366, "id": "CY"}, {"import": 0, "export": 0, "id": "SG"}, {"import": 0, "export": 0, "id": "HU"}, {"import": 0, "export": 0, "id": "IL"}, {"import": 0, "export": 0, "id": "US"}, {"import": 0, "export": 0, "id": "YE"}, {"import": 0, "export": 0, "id": "SE"}], "import": 514346, "export": 14214}, {"date": "2020-06-01", "list": [{"import": 154922, "export": 0, "id": "GR"}, {"import": 253603, "export": 0, "id": "IT"}, {"import": 4220, "export": 1447, "id": "ES"}, {"import": 2800, "export": 0, "id": "CN"}, {"import": 4656, "export": 4994, "id": "IE"}, {"import": 27582, "export": 166, "id": "FR"}, {"import": 27745, "export": 73, "id": "DE"}, {"import": 0, "export": 0, "id": "BD"}, {"import": 0, "export": 0, "id": "BE"}, {"import": 0, "export": 0, "id": "NL"}, {"import": 831, "export": 0, "id": "PL"}, {"import": 0, "export": 163, "id": "PT"}, {"import": 0, "export": 0, "id": "RO"}, {"import": 0, "export": 0, "id": "IN"}, {"import": 0, "export": 0, "id": "TH"}, {"import": 0, "export": 1000, "id": "-"}, {"import": 0, "export": 348, "id": "MT"}, {"import": 0, "export": 205, "id": "AE"}, {"import": 0, "export": 0, "id": "DJ"}, {"import": 0, "export": 0, "id": "GM"}, {"import": 0, "export": 0, "id": "DK"}, {"import": 0, "export": 0, "id": "FI"}, {"import": 0, "export": 0, "id": "CY"}, {"import": 0, "export": 0, "id": "SG"}, {"import": 0, "export": 0, "id": "HU"}, {"import": 0, "export": 0, "id": "IL"}, {"import": 0, "export": 0, "id": "US"}, {"import": 0, "export": 0, "id": "YE"}, {"import": 0, "export": 0, "id": "SE"}], "import": 476359, "export": 9674}, {"date": "2020-07-01", "list": [{"import": 376165, "export": 0, "id": "GR"}, {"import": 274228, "export": 0, "id": "IT"}, {"import": 6563, "export": 0, "id": "ES"}, {"import": 0, "export": 0, "id": "CN"}, {"import": 3346, "export": 0, "id": "IE"}, {"import": 0, "export": 0, "id": "FR"}, {"import": 9772, "export": 0, "id": "DE"}, {"import": 0, "export": 0, "id": "BD"}, {"import": 0, "export": 0, "id": "BE"}, {"import": 393, "export": 0, "id": "NL"}, {"import": 10, "export": 0, "id": "PL"}, {"import": 0, "export": 0, "id": "PT"}, {"import": 0, "export": 0, "id": "RO"}, {"import": 0, "export": 0, "id": "IN"}, {"import": 0, "export": 0, "id": "TH"}], "import": 670477, "export": 0}, {"date": "2020-08-01", "list": [{"import": 464634, "export": 0, "id": "GR"}, {"import": 283344, "export": 0, "id": "IT"}, {"import": 7291, "export": 0, "id": "ES"}, {"import": 6368, "export": 0, "id": "CN"}, {"import": 3454, "export": 0, "id": "IE"}, {"import": 2695, "export": 0, "id": "FR"}, {"import": 0, "export": 0, "id": "DE"}, {"import": 0, "export": 0, "id": "BD"}, {"import": 0, "export": 0, "id": "BE"}, {"import": 0, "export": 0, "id": "NL"}, {"import": 0, "export": 0, "id": "PL"}, {"import": 0, "export": 0, "id": "PT"}, {"import": 0, "export": 0, "id": "RO"}, {"import": 0, "export": 0, "id": "IN"}, {"import": 0, "export": 0, "id": "TH"}], "import": 767786, "export": 0}, {"date": "2018-11-01", "list": [{"import": 0, "export": 21696, "id": "IE"}, {"import": 0, "export": 1769, "id": "ES"}, {"import": 0, "export": 687, "id": "-"}, {"import": 0, "export": 152, "id": "MT"}, {"import": 0, "export": 0, "id": "AE"}, {"import": 0, "export": 17889, "id": "FR"}, {"import": 0, "export": 165, "id": "PT"}, {"import": 0, "export": 30, "id": "DE"}, {"import": 0, "export": 84, "id": "GR"}, {"import": 0, "export": 0, "id": "DJ"}, {"import": 0, "export": 0, "id": "GM"}, {"import": 0, "export": 0, "id": "DK"}, {"import": 0, "export": 0, "id": "FI"}, {"import": 0, "export": 2, "id": "BE"}, {"import": 0, "export": 0, "id": "CY"}, {"import": 0, "export": 0, "id": "RO"}, {"import": 0, "export": 17, "id": "SG"}, {"import": 0, "export": 0, "id": "NL"}, {"import": 0, "export": 0, "id": "PL"}, {"import": 0, "export": 0, "id": "HU"}, {"import": 0, "export": 0, "id": "IL"}, {"import": 0, "export": 0, "id": "US"}, {"import": 0, "export": 0, "id": "YE"}, {"import": 0, "export": 0, "id": "SE"}], "import": 0, "export": 42739}, {"date": "2018-12-01", "list": [{"import": 0, "export": 6462, "id": "IE"}, {"import": 0, "export": 1554, "id": "ES"}, {"import": 0, "export": 0, "id": "-"}, {"import": 0, "export": 312, "id": "MT"}, {"import": 0, "export": 2388, "id": "AE"}, {"import": 0, "export": 14123, "id": "FR"}, {"import": 0, "export": 150, "id": "PT"}, {"import": 0, "export": 0, "id": "DE"}, {"import": 0, "export": 0, "id": "GR"}, {"import": 0, "export": 0, "id": "DJ"}, {"import": 0, "export": 0, "id": "GM"}, {"import": 0, "export": 800, "id": "DK"}, {"import": 0, "export": 0, "id": "FI"}, {"import": 0, "export": 0, "id": "BE"}, {"import": 0, "export": 0, "id": "CY"}, {"import": 0, "export": 0, "id": "RO"}, {"import": 0, "export": 0, "id": "SG"}, {"import": 0, "export": 0, "id": "NL"}, {"import": 0, "export": 200, "id": "PL"}, {"import": 0, "export": 0, "id": "HU"}, {"import": 0, "export": 0, "id": "IL"}, {"import": 0, "export": 0, "id": "US"}, {"import": 0, "export": 0, "id": "YE"}, {"import": 0, "export": 4030, "id": "SE"}], "import": 0, "export": 30971}]