[{"date": "2019-10-01", "list": [{"import": 462, "export": 0, "id": "BE"}, {"import": 1800, "export": 0, "id": "IT"}, {"import": 87784, "export": 0, "id": "ES"}], "import": 90046, "export": 0}, {"date": "2019-09-01", "list": [{"import": 150000, "export": 0, "id": "BR"}, {"import": 480, "export": 0, "id": "IT"}, {"import": 26397, "export": 0, "id": "ES"}], "import": 176877, "export": 0}, {"date": "2020-04-01", "list": [{"import": 15000000, "export": 0, "id": "BR"}, {"import": 48765, "export": 0, "id": "ES"}], "import": 15048765, "export": 0}, {"date": "2020-05-01", "list": [{"import": 15000000, "export": 0, "id": "BR"}, {"import": 24695, "export": 0, "id": "ES"}, {"import": 4500000, "export": 0, "id": "UY"}], "import": 19524695, "export": 0}, {"date": "2020-06-01", "list": [{"import": 15000000, "export": 0, "id": "BR"}, {"import": 39916, "export": 0, "id": "US"}], "import": 15039916, "export": 0}, {"date": "2019-11-01", "list": [{"import": 17330, "export": 0, "id": "CA"}, {"import": 49090, "export": 0, "id": "ES"}, {"import": 30000000, "export": 0, "id": "UY"}], "import": 30066420, "export": 0}, {"date": "2019-12-01", "list": [{"import": 480, "export": 0, "id": "IT"}, {"import": 20250, "export": 0, "id": "ES"}, {"import": 34955000, "export": 0, "id": "UY"}], "import": 34975730, "export": 0}, {"date": "2020-02-01", "list": [{"import": 720, "export": 0, "id": "IT"}, {"import": 19775, "export": 0, "id": "ES"}], "import": 20495, "export": 0}, {"date": "2020-03-01", "list": [{"import": 1619, "export": 0, "id": "IT"}, {"import": 28944, "export": 0, "id": "ES"}], "import": 30563, "export": 0}, {"date": "2020-01-01", "list": [{"import": 35661, "export": 0, "id": "ES"}, {"import": 25045000, "export": 0, "id": "UY"}], "import": 25080661, "export": 0}]