[{"date": "2008-05-01", "list": [{"import": 0, "export": 40005, "id": "GE"}, {"import": 0, "export": 0, "id": "IR"}, {"import": 0, "export": 0, "id": "RU"}, {"import": 0, "export": 0, "id": "VN"}, {"import": 0, "export": 0, "id": "TH"}, {"import": 0, "export": 0, "id": "AE"}, {"import": 0, "export": 0, "id": "TR"}], "import": 0, "export": 40005}, {"date": "2008-06-01", "list": [{"import": 0, "export": 0, "id": "GE"}, {"import": 0, "export": 0, "id": "IR"}, {"import": 0, "export": 0, "id": "RU"}, {"import": 0, "export": 0, "id": "VN"}, {"import": 0, "export": 0, "id": "TH"}, {"import": 0, "export": 0, "id": "AE"}, {"import": 0, "export": 0, "id": "TR"}], "import": 0, "export": 0}, {"date": "2008-07-01", "list": [{"import": 0, "export": 0, "id": "GE"}, {"import": 0, "export": 0, "id": "IR"}, {"import": 0, "export": 0, "id": "RU"}, {"import": 0, "export": 0, "id": "VN"}, {"import": 0, "export": 0, "id": "TH"}, {"import": 0, "export": 0, "id": "AE"}, {"import": 0, "export": 0, "id": "TR"}], "import": 0, "export": 0}, {"date": "2008-08-01", "list": [{"import": 0, "export": 0, "id": "GE"}, {"import": 154750, "export": 0, "id": "IR"}, {"import": 3590, "export": 0, "id": "RU"}, {"import": 0, "export": 0, "id": "VN"}, {"import": 3015000, "export": 0, "id": "TH"}, {"import": 0, "export": 0, "id": "AE"}, {"import": 0, "export": 0, "id": "TR"}], "import": 3173340, "export": 0}, {"date": "2008-09-01", "list": [{"import": 0, "export": 0, "id": "GE"}, {"import": 0, "export": 0, "id": "IR"}, {"import": 0, "export": 0, "id": "RU"}, {"import": 0, "export": 0, "id": "VN"}, {"import": 0, "export": 0, "id": "TH"}, {"import": 0, "export": 0, "id": "AE"}, {"import": 0, "export": 0, "id": "TR"}], "import": 0, "export": 0}, {"date": "2008-10-01", "list": [{"import": 0, "export": 0, "id": "GE"}, {"import": 0, "export": 0, "id": "IR"}, {"import": 0, "export": 0, "id": "RU"}, {"import": 1991800, "export": 0, "id": "VN"}, {"import": 3878325, "export": 0, "id": "TH"}, {"import": 0, "export": 0, "id": "AE"}, {"import": 0, "export": 0, "id": "TR"}], "import": 5870125, "export": 0}, {"date": "2008-11-01", "list": [{"import": 0, "export": 0, "id": "GE"}, {"import": 0, "export": 0, "id": "IR"}, {"import": 9530, "export": 0, "id": "RU"}, {"import": 0, "export": 0, "id": "VN"}, {"import": 0, "export": 0, "id": "TH"}, {"import": 0, "export": 0, "id": "AE"}, {"import": 6000, "export": 0, "id": "TR"}], "import": 15530, "export": 0}, {"date": "2008-12-01", "list": [{"import": 0, "export": 0, "id": "GE"}, {"import": 0, "export": 0, "id": "IR"}, {"import": 0, "export": 0, "id": "RU"}, {"import": 0, "export": 0, "id": "VN"}, {"import": 0, "export": 0, "id": "TH"}, {"import": 730, "export": 0, "id": "AE"}, {"import": 0, "export": 0, "id": "TR"}], "import": 730, "export": 0}, {"date": "2009-01-01", "list": [{"import": 0, "export": 0, "id": "GE"}, {"import": 0, "export": 0, "id": "IR"}, {"import": 0, "export": 0, "id": "RU"}, {"import": 0, "export": 0, "id": "VN"}, {"import": 0, "export": 0, "id": "TH"}, {"import": 0, "export": 0, "id": "AE"}, {"import": 4050, "export": 0, "id": "TR"}], "import": 4050, "export": 0}, {"date": "2009-02-01", "list": [{"import": 0, "export": 0, "id": "GE"}, {"import": 0, "export": 0, "id": "IR"}, {"import": 3816, "export": 0, "id": "RU"}, {"import": 0, "export": 0, "id": "VN"}, {"import": 0, "export": 0, "id": "TH"}, {"import": 0, "export": 0, "id": "AE"}, {"import": 0, "export": 0, "id": "TR"}], "import": 3816, "export": 0}, {"date": "2009-03-01", "list": [{"import": 0, "export": 0, "id": "GE"}, {"import": 0, "export": 0, "id": "IR"}, {"import": 410, "export": 0, "id": "RU"}, {"import": 3592000, "export": 0, "id": "VN"}, {"import": 2823790, "export": 0, "id": "TH"}, {"import": 0, "export": 0, "id": "AE"}, {"import": 4175, "export": 0, "id": "TR"}], "import": 6420375, "export": 0}, {"date": "2009-04-01", "list": [{"import": 0, "export": 0, "id": "GE"}, {"import": 0, "export": 0, "id": "IR"}, {"import": 4220, "export": 0, "id": "RU"}, {"import": 0, "export": 0, "id": "VN"}, {"import": 0, "export": 0, "id": "TH"}, {"import": 0, "export": 0, "id": "AE"}, {"import": 0, "export": 0, "id": "TR"}], "import": 4220, "export": 0}, {"date": "2009-05-01", "list": [{"import": 0, "export": 0, "id": "GE"}, {"import": 0, "export": 0, "id": "IR"}, {"import": 0, "export": 0, "id": "RU"}, {"import": 0, "export": 0, "id": "VN"}, {"import": 0, "export": 0, "id": "TH"}, {"import": 0, "export": 0, "id": "AE"}, {"import": 3600, "export": 0, "id": "TR"}], "import": 3600, "export": 0}, {"date": "2009-06-01", "list": [{"import": 0, "export": 0, "id": "GE"}, {"import": 0, "export": 0, "id": "IR"}, {"import": 0, "export": 0, "id": "RU"}, {"import": 0, "export": 0, "id": "VN"}, {"import": 0, "export": 0, "id": "TH"}, {"import": 0, "export": 0, "id": "AE"}, {"import": 0, "export": 0, "id": "TR"}], "import": 0, "export": 0}, {"date": "2009-07-01", "list": [{"import": 0, "export": 0, "id": "GE"}, {"import": 0, "export": 0, "id": "IR"}, {"import": 0, "export": 0, "id": "RU"}, {"import": 0, "export": 0, "id": "VN"}, {"import": 0, "export": 0, "id": "TH"}, {"import": 0, "export": 0, "id": "AE"}, {"import": 0, "export": 0, "id": "TR"}], "import": 0, "export": 0}, {"date": "2009-08-01", "list": [{"import": 0, "export": 0, "id": "GE"}, {"import": 0, "export": 0, "id": "IR"}, {"import": 0, "export": 0, "id": "RU"}, {"import": 0, "export": 0, "id": "VN"}, {"import": 0, "export": 0, "id": "TH"}, {"import": 0, "export": 0, "id": "AE"}, {"import": 3230, "export": 0, "id": "TR"}], "import": 3230, "export": 0}, {"date": "2009-09-01", "list": [{"import": 0, "export": 0, "id": "GE"}, {"import": 0, "export": 0, "id": "IR"}, {"import": 0, "export": 0, "id": "RU"}, {"import": 0, "export": 0, "id": "VN"}, {"import": 0, "export": 0, "id": "TH"}, {"import": 0, "export": 0, "id": "AE"}, {"import": 0, "export": 0, "id": "TR"}], "import": 0, "export": 0}, {"date": "2009-10-01", "list": [{"import": 0, "export": 0, "id": "GE"}, {"import": 0, "export": 0, "id": "IR"}, {"import": 0, "export": 0, "id": "RU"}, {"import": 0, "export": 0, "id": "VN"}, {"import": 0, "export": 0, "id": "TH"}, {"import": 0, "export": 0, "id": "AE"}, {"import": 0, "export": 0, "id": "TR"}], "import": 0, "export": 0}, {"date": "2009-11-01", "list": [{"import": 0, "export": 0, "id": "GE"}, {"import": 0, "export": 0, "id": "IR"}, {"import": 0, "export": 0, "id": "RU"}, {"import": 0, "export": 0, "id": "VN"}, {"import": 0, "export": 0, "id": "TH"}, {"import": 0, "export": 0, "id": "AE"}, {"import": 3875, "export": 0, "id": "TR"}], "import": 3875, "export": 0}, {"date": "2009-12-01", "list": [{"import": 0, "export": 0, "id": "GE"}, {"import": 0, "export": 0, "id": "IR"}, {"import": 0, "export": 0, "id": "RU"}, {"import": 0, "export": 0, "id": "VN"}, {"import": 0, "export": 0, "id": "TH"}, {"import": 0, "export": 0, "id": "AE"}, {"import": 0, "export": 0, "id": "TR"}], "import": 0, "export": 0}]