[{"date": "12.1-01", "list": [{"import": 2, "export": 0, "id": "-"}], "import": 16, "export": 0}, {"date": "12.2-01", "list": [{"import": 2022454, "export": 0, "id": "IN"}, {"import": 495221, "export": 0, "id": "TH"}, {"import": 0, "export": 0, "id": "VN"}, {"import": 253736, "export": 0, "id": "PK"}, {"import": 247710, "export": 0, "id": "AR"}, {"import": 0, "export": 0, "id": "BR"}, {"import": 95470, "export": 0, "id": "CA"}, {"import": 43496, "export": 0, "id": "AE"}, {"import": 3080, "export": 0, "id": "RU"}, {"import": 0, "export": 0, "id": "IT"}, {"import": 0, "export": 0, "id": "BD"}, {"import": 0, "export": 0, "id": "PT"}, {"import": 19491, "export": 0, "id": "CN"}, {"import": 0, "export": 0, "id": "TW"}, {"import": 8550, "export": 0, "id": "KR"}, {"import": 15420, "export": 0, "id": "JP"}, {"import": 0, "export": 0, "id": "KZ"}, {"import": 0, "export": 0, "id": "JO"}, {"import": 0, "export": 0, "id": "FR"}, {"import": 0, "export": 0, "id": "GR"}, {"import": 0, "export": 0, "id": "HT"}, {"import": 23928, "export": 0, "id": "IL"}, {"import": 0, "export": 0, "id": "BE"}, {"import": 0, "export": 0, "id": "LK"}, {"import": 12, "export": 0, "id": "-"}], "import": 3228568, "export": 0}, {"date": "12.3-01", "list": [{"import": 2148991, "export": 0, "id": "IN"}, {"import": 610687, "export": 0, "id": "TH"}, {"import": 0, "export": 0, "id": "VN"}, {"import": 408250, "export": 0, "id": "PK"}, {"import": 170290, "export": 0, "id": "AR"}, {"import": 40000, "export": 0, "id": "BR"}, {"import": 33314, "export": 0, "id": "CA"}, {"import": 32897, "export": 0, "id": "AE"}, {"import": 2448, "export": 0, "id": "RU"}, {"import": 0, "export": 0, "id": "IT"}, {"import": 1275, "export": 0, "id": "BD"}, {"import": 0, "export": 0, "id": "PT"}, {"import": 41958, "export": 0, "id": "CN"}, {"import": 0, "export": 0, "id": "TW"}, {"import": 0, "export": 0, "id": "KR"}, {"import": 36840, "export": 0, "id": "JP"}, {"import": 0, "export": 0, "id": "KZ"}, {"import": 0, "export": 0, "id": "JO"}, {"import": 0, "export": 0, "id": "FR"}, {"import": 3000, "export": 0, "id": "GR"}, {"import": 4332, "export": 0, "id": "HT"}, {"import": 0, "export": 0, "id": "IL"}, {"import": 0, "export": 0, "id": "BE"}, {"import": 0, "export": 0, "id": "LK"}, {"import": 12, "export": 0, "id": "-"}], "import": 3534294, "export": 0}, {"date": "12.4-01", "list": [{"import": 2518528, "export": 0, "id": "IN"}, {"import": 465761, "export": 0, "id": "TH"}, {"import": 20324, "export": 0, "id": "VN"}, {"import": 591644, "export": 0, "id": "PK"}, {"import": 246144, "export": 0, "id": "AR"}, {"import": 0, "export": 0, "id": "BR"}, {"import": 63952, "export": 0, "id": "CA"}, {"import": 81256, "export": 0, "id": "AE"}, {"import": 0, "export": 0, "id": "RU"}, {"import": 6941, "export": 0, "id": "IT"}, {"import": 0, "export": 0, "id": "BD"}, {"import": 0, "export": 0, "id": "PT"}, {"import": 15395, "export": 0, "id": "CN"}, {"import": 0, "export": 0, "id": "TW"}, {"import": 11560, "export": 0, "id": "KR"}, {"import": 18240, "export": 0, "id": "JP"}, {"import": 0, "export": 0, "id": "KZ"}, {"import": 0, "export": 0, "id": "JO"}, {"import": 0, "export": 0, "id": "FR"}, {"import": 0, "export": 0, "id": "GR"}, {"import": 7600, "export": 0, "id": "HT"}, {"import": 0, "export": 0, "id": "IL"}, {"import": 0, "export": 0, "id": "BE"}, {"import": 527, "export": 0, "id": "LK"}, {"import": 12, "export": 0, "id": "-"}], "import": 4047884, "export": 0}, {"date": "12.5-01", "list": [{"import": 1725871, "export": 0, "id": "IN"}, {"import": 575211, "export": 0, "id": "TH"}, {"import": 18530, "export": 0, "id": "VN"}, {"import": 913446, "export": 0, "id": "PK"}, {"import": 169288, "export": 0, "id": "AR"}, {"import": 0, "export": 0, "id": "BR"}, {"import": 79097, "export": 0, "id": "CA"}, {"import": 41450, "export": 0, "id": "AE"}, {"import": 4077, "export": 0, "id": "RU"}, {"import": 601, "export": 0, "id": "IT"}, {"import": 0, "export": 0, "id": "BD"}, {"import": 0, "export": 0, "id": "PT"}, {"import": 23037, "export": 0, "id": "CN"}, {"import": 0, "export": 0, "id": "TW"}, {"import": 21200, "export": 0, "id": "KR"}, {"import": 50572, "export": 0, "id": "JP"}, {"import": 0, "export": 0, "id": "KZ"}, {"import": 0, "export": 0, "id": "JO"}, {"import": 0, "export": 0, "id": "FR"}, {"import": 4500, "export": 0, "id": "GR"}, {"import": 15972, "export": 0, "id": "HT"}, {"import": 0, "export": 0, "id": "IL"}, {"import": 0, "export": 0, "id": "BE"}, {"import": 867, "export": 0, "id": "LK"}, {"import": 12, "export": 0, "id": "-"}], "import": 3643731, "export": 0}, {"date": "12.6-01", "list": [{"import": 1977413, "export": 0, "id": "IN"}, {"import": 365621, "export": 0, "id": "TH"}, {"import": 18507, "export": 0, "id": "VN"}, {"import": 983568, "export": 0, "id": "PK"}, {"import": 15200, "export": 0, "id": "AR"}, {"import": 0, "export": 0, "id": "BR"}, {"import": 159199, "export": 0, "id": "CA"}, {"import": 24523, "export": 0, "id": "AE"}, {"import": 26391, "export": 0, "id": "RU"}, {"import": 3422, "export": 0, "id": "IT"}, {"import": 0, "export": 0, "id": "BD"}, {"import": 0, "export": 0, "id": "PT"}, {"import": 20248, "export": 0, "id": "CN"}, {"import": 0, "export": 0, "id": "TW"}, {"import": 4848, "export": 0, "id": "KR"}, {"import": 16020, "export": 0, "id": "JP"}, {"import": 0, "export": 0, "id": "KZ"}, {"import": 3510, "export": 0, "id": "JO"}, {"import": 0, "export": 0, "id": "FR"}, {"import": 5015, "export": 0, "id": "GR"}, {"import": 0, "export": 0, "id": "HT"}, {"import": 0, "export": 0, "id": "IL"}, {"import": 35453, "export": 0, "id": "BE"}, {"import": 0, "export": 0, "id": "LK"}, {"import": 12, "export": 0, "id": "-"}], "import": 3658950, "export": 0}, {"date": "12.7-01", "list": [{"import": 1817707, "export": 0, "id": "IN"}, {"import": 540028, "export": 0, "id": "TH"}, {"import": 0, "export": 0, "id": "VN"}, {"import": 886202, "export": 0, "id": "PK"}, {"import": 57000, "export": 0, "id": "AR"}, {"import": 0, "export": 0, "id": "BR"}, {"import": 11985, "export": 0, "id": "CA"}, {"import": 82078, "export": 0, "id": "AE"}, {"import": 7408, "export": 0, "id": "RU"}, {"import": 1728, "export": 0, "id": "IT"}, {"import": 0, "export": 0, "id": "BD"}, {"import": 0, "export": 0, "id": "PT"}, {"import": 8732, "export": 0, "id": "CN"}, {"import": 0, "export": 0, "id": "TW"}, {"import": 4959, "export": 0, "id": "KR"}, {"import": 54330, "export": 0, "id": "JP"}, {"import": 0, "export": 0, "id": "KZ"}, {"import": 0, "export": 0, "id": "JO"}, {"import": 0, "export": 0, "id": "FR"}, {"import": 5500, "export": 0, "id": "GR"}, {"import": 0, "export": 0, "id": "HT"}, {"import": 16704, "export": 0, "id": "IL"}, {"import": 0, "export": 0, "id": "BE"}, {"import": 0, "export": 0, "id": "LK"}, {"import": 12, "export": 0, "id": "-"}], "import": 3494373, "export": 0}, {"date": "12.8-01", "list": [{"import": 1622921, "export": 0, "id": "IN"}, {"import": 656140, "export": 0, "id": "TH"}, {"import": 18530, "export": 0, "id": "VN"}, {"import": 834872, "export": 0, "id": "PK"}, {"import": 352550, "export": 0, "id": "AR"}, {"import": 0, "export": 0, "id": "BR"}, {"import": 68428, "export": 0, "id": "CA"}, {"import": 61353, "export": 0, "id": "AE"}, {"import": 0, "export": 0, "id": "RU"}, {"import": 29720, "export": 0, "id": "IT"}, {"import": 0, "export": 0, "id": "BD"}, {"import": 0, "export": 0, "id": "PT"}, {"import": 6451, "export": 0, "id": "CN"}, {"import": 0, "export": 0, "id": "TW"}, {"import": 3608, "export": 0, "id": "KR"}, {"import": 19875, "export": 0, "id": "JP"}, {"import": 4500, "export": 0, "id": "KZ"}, {"import": 0, "export": 0, "id": "JO"}, {"import": 0, "export": 0, "id": "FR"}, {"import": 0, "export": 0, "id": "GR"}, {"import": 2900, "export": 0, "id": "HT"}, {"import": 0, "export": 0, "id": "IL"}, {"import": 84973, "export": 0, "id": "BE"}, {"import": 0, "export": 0, "id": "LK"}, {"import": 12, "export": 0, "id": "-"}], "import": 3766833, "export": 0}, {"date": "12.9-01", "list": [{"import": 1687532, "export": 0, "id": "IN"}, {"import": 967704, "export": 0, "id": "TH"}, {"import": 70300, "export": 0, "id": "VN"}, {"import": 584239, "export": 0, "id": "PK"}, {"import": 190000, "export": 0, "id": "AR"}, {"import": 0, "export": 0, "id": "BR"}, {"import": 31329, "export": 0, "id": "CA"}, {"import": 40635, "export": 0, "id": "AE"}, {"import": 0, "export": 0, "id": "RU"}, {"import": 5250, "export": 0, "id": "IT"}, {"import": 0, "export": 0, "id": "BD"}, {"import": 0, "export": 0, "id": "PT"}, {"import": 9617, "export": 0, "id": "CN"}, {"import": 0, "export": 0, "id": "TW"}, {"import": 4723, "export": 0, "id": "KR"}, {"import": 35520, "export": 0, "id": "JP"}, {"import": 0, "export": 0, "id": "KZ"}, {"import": 0, "export": 0, "id": "JO"}, {"import": 198, "export": 0, "id": "FR"}, {"import": 13000, "export": 0, "id": "GR"}, {"import": 5163, "export": 0, "id": "HT"}, {"import": 0, "export": 0, "id": "IL"}, {"import": 0, "export": 0, "id": "BE"}, {"import": 0, "export": 0, "id": "LK"}, {"import": 12, "export": 0, "id": "-"}], "import": 3645222, "export": 0}, {"date": "12.10-01", "list": [{"import": 1369458, "export": 0, "id": "IN"}, {"import": 414277, "export": 0, "id": "TH"}, {"import": 52740, "export": 0, "id": "VN"}, {"import": 534382, "export": 0, "id": "PK"}, {"import": 150100, "export": 0, "id": "AR"}, {"import": 0, "export": 0, "id": "BR"}, {"import": 84475, "export": 0, "id": "CA"}, {"import": 81256, "export": 0, "id": "AE"}, {"import": 0, "export": 0, "id": "RU"}, {"import": 7595, "export": 0, "id": "IT"}, {"import": 0, "export": 0, "id": "BD"}, {"import": 0, "export": 0, "id": "PT"}, {"import": 11975, "export": 0, "id": "CN"}, {"import": 0, "export": 0, "id": "TW"}, {"import": 9344, "export": 0, "id": "KR"}, {"import": 16530, "export": 0, "id": "JP"}, {"import": 0, "export": 0, "id": "KZ"}, {"import": 9177, "export": 0, "id": "JO"}, {"import": 0, "export": 0, "id": "FR"}, {"import": 0, "export": 0, "id": "GR"}, {"import": 0, "export": 0, "id": "HT"}, {"import": 0, "export": 0, "id": "IL"}, {"import": 0, "export": 0, "id": "BE"}, {"import": 3300, "export": 0, "id": "LK"}, {"import": 12, "export": 0, "id": "-"}], "import": 2744621, "export": 0}, {"date": "12.11-01", "list": [{"import": 1777506, "export": 0, "id": "IN"}, {"import": 396482, "export": 0, "id": "TH"}, {"import": 37060, "export": 0, "id": "VN"}, {"import": 597307, "export": 0, "id": "PK"}, {"import": 285600, "export": 0, "id": "AR"}, {"import": 19700, "export": 0, "id": "BR"}, {"import": 39244, "export": 0, "id": "CA"}, {"import": 41450, "export": 0, "id": "AE"}, {"import": 16320, "export": 0, "id": "RU"}, {"import": 15937, "export": 0, "id": "IT"}, {"import": 0, "export": 0, "id": "BD"}, {"import": 0, "export": 0, "id": "PT"}, {"import": 0, "export": 0, "id": "CN"}, {"import": 841, "export": 0, "id": "TW"}, {"import": 8343, "export": 0, "id": "KR"}, {"import": 18240, "export": 0, "id": "JP"}, {"import": 0, "export": 0, "id": "KZ"}, {"import": 0, "export": 0, "id": "JO"}, {"import": 0, "export": 0, "id": "FR"}, {"import": 0, "export": 0, "id": "GR"}, {"import": 0, "export": 0, "id": "HT"}, {"import": 0, "export": 0, "id": "IL"}, {"import": 0, "export": 0, "id": "BE"}, {"import": 1886, "export": 0, "id": "LK"}, {"import": 12, "export": 0, "id": "-"}], "import": 3255928, "export": 0}, {"date": "12.12-01", "list": [{"import": 1796407, "export": 0, "id": "IN"}, {"import": 337173, "export": 0, "id": "TH"}, {"import": 17880, "export": 0, "id": "VN"}, {"import": 442045, "export": 0, "id": "PK"}, {"import": 266000, "export": 0, "id": "AR"}, {"import": 91321, "export": 0, "id": "BR"}, {"import": 24137, "export": 0, "id": "CA"}, {"import": 21493, "export": 0, "id": "AE"}, {"import": 4442, "export": 0, "id": "RU"}, {"import": 16520, "export": 0, "id": "IT"}, {"import": 0, "export": 0, "id": "BD"}, {"import": 0, "export": 0, "id": "PT"}, {"import": 8643, "export": 0, "id": "CN"}, {"import": 0, "export": 0, "id": "TW"}, {"import": 6000, "export": 0, "id": "KR"}, {"import": 33061, "export": 0, "id": "JP"}, {"import": 0, "export": 0, "id": "KZ"}, {"import": 0, "export": 0, "id": "JO"}, {"import": 0, "export": 0, "id": "FR"}, {"import": 9000, "export": 0, "id": "GR"}, {"import": 0, "export": 0, "id": "HT"}, {"import": 4320, "export": 0, "id": "IL"}, {"import": 0, "export": 0, "id": "BE"}, {"import": 2000, "export": 0, "id": "LK"}, {"import": 12, "export": 0, "id": "-"}], "import": 3080454, "export": 0}, {"date": "12.13-01", "list": [{"import": 1095420, "export": 0, "id": "IN"}, {"import": 435737, "export": 0, "id": "TH"}, {"import": 9080, "export": 0, "id": "VN"}, {"import": 297837, "export": 0, "id": "PK"}, {"import": 224820, "export": 0, "id": "AR"}, {"import": 36492, "export": 0, "id": "BR"}, {"import": 78889, "export": 0, "id": "CA"}, {"import": 21493, "export": 0, "id": "AE"}, {"import": 7932, "export": 0, "id": "RU"}, {"import": 1920, "export": 0, "id": "IT"}, {"import": 10000, "export": 0, "id": "BD"}, {"import": 3000, "export": 0, "id": "PT"}, {"import": 30428, "export": 0, "id": "CN"}, {"import": 1701, "export": 0, "id": "TW"}, {"import": 22084, "export": 0, "id": "KR"}, {"import": 28260, "export": 0, "id": "JP"}, {"import": 0, "export": 0, "id": "KZ"}, {"import": 0, "export": 0, "id": "JO"}, {"import": 0, "export": 0, "id": "FR"}, {"import": 7500, "export": 0, "id": "GR"}, {"import": 7402, "export": 0, "id": "HT"}, {"import": 0, "export": 0, "id": "IL"}, {"import": 0, "export": 0, "id": "BE"}, {"import": 0, "export": 0, "id": "LK"}, {"import": 12, "export": 0, "id": "-"}], "import": 2320007, "export": 0}, {"date": "12.14-01", "list": [{"import": 1693964, "export": 0, "id": "IN"}, {"import": 544535, "export": 0, "id": "TH"}, {"import": 0, "export": 0, "id": "VN"}, {"import": 583726, "export": 0, "id": "PK"}, {"import": 200438, "export": 0, "id": "AR"}, {"import": 24706, "export": 0, "id": "BR"}, {"import": 84768, "export": 0, "id": "CA"}, {"import": 40628, "export": 0, "id": "AE"}, {"import": 6288, "export": 0, "id": "RU"}, {"import": 7790, "export": 0, "id": "IT"}, {"import": 0, "export": 0, "id": "BD"}, {"import": 0, "export": 0, "id": "PT"}, {"import": 14679, "export": 0, "id": "CN"}, {"import": 0, "export": 0, "id": "TW"}, {"import": 6000, "export": 0, "id": "KR"}, {"import": 38207, "export": 0, "id": "JP"}, {"import": 0, "export": 0, "id": "KZ"}, {"import": 0, "export": 0, "id": "JO"}, {"import": 0, "export": 0, "id": "FR"}, {"import": 0, "export": 0, "id": "GR"}, {"import": 0, "export": 0, "id": "HT"}, {"import": 36314, "export": 0, "id": "IL"}, {"import": 0, "export": 0, "id": "BE"}, {"import": 3142, "export": 0, "id": "LK"}, {"import": 12, "export": 0, "id": "-"}], "import": 3285197, "export": 0}, {"date": "12.15-01", "list": [{"import": 1488706, "export": 0, "id": "IN"}, {"import": 581429, "export": 0, "id": "TH"}, {"import": 0, "export": 0, "id": "VN"}, {"import": 388782, "export": 0, "id": "PK"}, {"import": 142800, "export": 0, "id": "AR"}, {"import": 60794, "export": 0, "id": "BR"}, {"import": 86974, "export": 0, "id": "CA"}, {"import": 61353, "export": 0, "id": "AE"}, {"import": 1680, "export": 0, "id": "RU"}, {"import": 16700, "export": 0, "id": "IT"}, {"import": 26163, "export": 0, "id": "BD"}, {"import": 0, "export": 0, "id": "PT"}, {"import": 16649, "export": 0, "id": "CN"}, {"import": 0, "export": 0, "id": "TW"}, {"import": 5020, "export": 0, "id": "KR"}, {"import": 16590, "export": 0, "id": "JP"}, {"import": 0, "export": 0, "id": "KZ"}, {"import": 0, "export": 0, "id": "JO"}, {"import": 0, "export": 0, "id": "FR"}, {"import": 0, "export": 0, "id": "GR"}, {"import": 0, "export": 0, "id": "HT"}, {"import": 0, "export": 0, "id": "IL"}, {"import": 0, "export": 0, "id": "BE"}, {"import": 0, "export": 0, "id": "LK"}, {"import": 12, "export": 0, "id": "-"}], "import": 2893652, "export": 0}, {"date": "12.16-01", "list": [{"import": 1612547, "export": 0, "id": "IN"}, {"import": 269360, "export": 0, "id": "TH"}, {"import": 83524, "export": 0, "id": "VN"}, {"import": 878409, "export": 0, "id": "PK"}, {"import": 315172, "export": 0, "id": "AR"}, {"import": 0, "export": 0, "id": "BR"}, {"import": 42794, "export": 0, "id": "CA"}, {"import": 41450, "export": 0, "id": "AE"}, {"import": 15012, "export": 0, "id": "RU"}, {"import": 21000, "export": 0, "id": "IT"}, {"import": 0, "export": 0, "id": "BD"}, {"import": 6000, "export": 0, "id": "PT"}, {"import": 22227, "export": 0, "id": "CN"}, {"import": 0, "export": 0, "id": "TW"}, {"import": 8269, "export": 0, "id": "KR"}, {"import": 26585, "export": 0, "id": "JP"}, {"import": 0, "export": 0, "id": "KZ"}, {"import": 0, "export": 0, "id": "JO"}, {"import": 0, "export": 0, "id": "FR"}, {"import": 10500, "export": 0, "id": "GR"}, {"import": 7748, "export": 0, "id": "HT"}, {"import": 0, "export": 0, "id": "IL"}, {"import": 0, "export": 0, "id": "BE"}, {"import": 3000, "export": 0, "id": "LK"}, {"import": 12, "export": 0, "id": "-"}], "import": 3363609, "export": 0}, {"date": "12.17-01", "list": [{"import": 2231873, "export": 0, "id": "IN"}, {"import": 539738, "export": 0, "id": "TH"}, {"import": 260740, "export": 0, "id": "VN"}, {"import": 791067, "export": 0, "id": "PK"}, {"import": 176300, "export": 0, "id": "AR"}, {"import": 42548, "export": 0, "id": "BR"}, {"import": 63085, "export": 0, "id": "CA"}, {"import": 0, "export": 0, "id": "AE"}, {"import": 6366, "export": 0, "id": "RU"}, {"import": 49191, "export": 0, "id": "IT"}, {"import": 26163, "export": 0, "id": "BD"}, {"import": 7150, "export": 0, "id": "PT"}, {"import": 4633, "export": 0, "id": "CN"}, {"import": 0, "export": 0, "id": "TW"}, {"import": 25323, "export": 0, "id": "KR"}, {"import": 57176, "export": 0, "id": "JP"}, {"import": 0, "export": 0, "id": "KZ"}, {"import": 1100, "export": 0, "id": "JO"}, {"import": 0, "export": 0, "id": "FR"}, {"import": 0, "export": 0, "id": "GR"}, {"import": 0, "export": 0, "id": "HT"}, {"import": 0, "export": 0, "id": "IL"}, {"import": 0, "export": 0, "id": "BE"}, {"import": 816, "export": 0, "id": "LK"}, {"import": 12, "export": 0, "id": "-"}], "import": 4283281, "export": 0}, {"date": "12.18-01", "list": [{"import": 2601321, "export": 0, "id": "IN"}, {"import": 869634, "export": 0, "id": "TH"}, {"import": 75688, "export": 0, "id": "VN"}, {"import": 989312, "export": 0, "id": "PK"}, {"import": 129200, "export": 0, "id": "AR"}, {"import": 148748, "export": 0, "id": "BR"}, {"import": 20190, "export": 0, "id": "CA"}, {"import": 41450, "export": 0, "id": "AE"}, {"import": 0, "export": 0, "id": "RU"}, {"import": 39618, "export": 0, "id": "IT"}, {"import": 0, "export": 0, "id": "BD"}, {"import": 0, "export": 0, "id": "PT"}, {"import": 9999, "export": 0, "id": "CN"}, {"import": 0, "export": 0, "id": "TW"}, {"import": 20397, "export": 0, "id": "KR"}, {"import": 28457, "export": 0, "id": "JP"}, {"import": 0, "export": 0, "id": "KZ"}, {"import": 0, "export": 0, "id": "JO"}, {"import": 762, "export": 0, "id": "FR"}, {"import": 6500, "export": 0, "id": "GR"}, {"import": 0, "export": 0, "id": "HT"}, {"import": 0, "export": 0, "id": "IL"}, {"import": 0, "export": 0, "id": "BE"}, {"import": 0, "export": 0, "id": "LK"}, {"import": 12, "export": 0, "id": "-"}], "import": 4981288, "export": 0}, {"date": "12.19-01", "list": [{"import": 4821332, "export": 0, "id": "IN"}, {"import": 1054552, "export": 0, "id": "TH"}, {"import": 119592, "export": 0, "id": "VN"}, {"import": 961137, "export": 0, "id": "PK"}, {"import": 95424, "export": 0, "id": "AR"}, {"import": 50804, "export": 0, "id": "BR"}, {"import": 54967, "export": 0, "id": "CA"}, {"import": 89973, "export": 0, "id": "AE"}, {"import": 0, "export": 0, "id": "RU"}, {"import": 0, "export": 0, "id": "IT"}, {"import": 0, "export": 0, "id": "BD"}, {"import": 0, "export": 0, "id": "PT"}, {"import": 29002, "export": 0, "id": "CN"}, {"import": 1165, "export": 0, "id": "TW"}, {"import": 0, "export": 0, "id": "KR"}, {"import": 15300, "export": 0, "id": "JP"}, {"import": 0, "export": 0, "id": "KZ"}, {"import": 0, "export": 0, "id": "JO"}, {"import": 0, "export": 0, "id": "FR"}, {"import": 0, "export": 0, "id": "GR"}, {"import": 11142, "export": 0, "id": "HT"}, {"import": 12096, "export": 0, "id": "IL"}, {"import": 0, "export": 0, "id": "BE"}, {"import": 0, "export": 0, "id": "LK"}, {"import": 12, "export": 0, "id": "-"}], "import": 7316498, "export": 0}, {"date": "12.20-01", "list": [{"import": 4152513, "export": 0, "id": "IN"}, {"import": 602436, "export": 0, "id": "TH"}, {"import": 538632, "export": 0, "id": "VN"}, {"import": 581888, "export": 0, "id": "PK"}, {"import": 129215, "export": 0, "id": "AR"}, {"import": 402014, "export": 0, "id": "BR"}, {"import": 76918, "export": 0, "id": "CA"}, {"import": 0, "export": 0, "id": "AE"}, {"import": 0, "export": 0, "id": "RU"}, {"import": 42829, "export": 0, "id": "IT"}, {"import": 26127, "export": 0, "id": "BD"}, {"import": 0, "export": 0, "id": "PT"}, {"import": 30765, "export": 0, "id": "CN"}, {"import": 0, "export": 0, "id": "TW"}, {"import": 6491, "export": 0, "id": "KR"}, {"import": 7250, "export": 0, "id": "JP"}, {"import": 0, "export": 0, "id": "KZ"}, {"import": 7080, "export": 0, "id": "JO"}, {"import": 0, "export": 0, "id": "FR"}, {"import": 0, "export": 0, "id": "GR"}, {"import": 3460, "export": 0, "id": "HT"}, {"import": 0, "export": 0, "id": "IL"}, {"import": 0, "export": 0, "id": "BE"}, {"import": 1328, "export": 0, "id": "LK"}, {"import": 12, "export": 0, "id": "-"}], "import": 6608958, "export": 0}, {"date": "12.21-01", "list": [{"import": 2658291, "export": 0, "id": "IN"}, {"import": 608199, "export": 0, "id": "TH"}, {"import": 468805, "export": 0, "id": "VN"}, {"import": 417374, "export": 0, "id": "PK"}, {"import": 323700, "export": 0, "id": "AR"}, {"import": 120363, "export": 0, "id": "BR"}, {"import": 93883, "export": 0, "id": "CA"}, {"import": 62175, "export": 0, "id": "AE"}, {"import": 33298, "export": 0, "id": "RU"}, {"import": 8974, "export": 0, "id": "IT"}, {"import": 8479, "export": 0, "id": "BD"}, {"import": 5000, "export": 0, "id": "PT"}, {"import": 4172, "export": 0, "id": "CN"}, {"import": 1360, "export": 0, "id": "TW"}, {"import": 298, "export": 0, "id": "KR"}, {"import": 140, "export": 0, "id": "JP"}, {"import": 0, "export": 0, "id": "KZ"}, {"import": 0, "export": 0, "id": "JO"}, {"import": 0, "export": 0, "id": "FR"}, {"import": 0, "export": 0, "id": "GR"}, {"import": 0, "export": 0, "id": "HT"}, {"import": 0, "export": 0, "id": "IL"}, {"import": 0, "export": 0, "id": "BE"}, {"import": 0, "export": 0, "id": "LK"}, {"import": 12, "export": 0, "id": "-"}], "import": 4814523, "export": 0}, {"date": "2019-01-01", "list": [{"import": 0, "export": 2680000, "id": "KR"}, {"import": 0, "export": 600004, "id": "TW"}, {"import": 0, "export": 2698942, "id": "CA"}, {"import": 0, "export": 913219, "id": "MX"}, {"import": 0, "export": 0, "id": "BE"}, {"import": 0, "export": 3848, "id": "JM"}, {"import": 0, "export": 0, "id": "DE"}, {"import": 0, "export": 35423, "id": "CO"}, {"import": 0, "export": 13370, "id": "BS"}, {"import": 0, "export": 58524, "id": "KY"}, {"import": 0, "export": 15922, "id": "TC"}, {"import": 0, "export": 19864, "id": "PA"}, {"import": 0, "export": 0, "id": "CL"}, {"import": 0, "export": 0, "id": "LR"}, {"import": 0, "export": 0, "id": "HT"}, {"import": 0, "export": 0, "id": "TT"}, {"import": 0, "export": 8166, "id": "NZ"}, {"import": 0, "export": 0, "id": "LC"}, {"import": 0, "export": 0, "id": "SG"}, {"import": 0, "export": 8338, "id": "BM"}, {"import": 0, "export": 0, "id": "GH"}, {"import": 0, "export": 0, "id": "JO"}, {"import": 0, "export": 0, "id": "BB"}, {"import": 0, "export": 0, "id": "VG"}, {"import": 0, "export": 0, "id": "CM"}, {"import": 0, "export": 0, "id": "AE"}, {"import": 0, "export": 3200, "id": "TR"}, {"import": 0, "export": 0, "id": "VN"}, {"import": 0, "export": 5443, "id": "ES"}, {"import": 0, "export": 0, "id": "CH"}, {"import": 0, "export": 0, "id": "TH"}, {"import": 0, "export": 0, "id": "TG"}, {"import": 0, "export": 0, "id": "UG"}, {"import": 0, "export": 1102107, "id": "GB"}, {"import": 0, "export": 0, "id": "VE"}, {"import": 0, "export": 0, "id": "SA"}, {"import": 0, "export": 23267, "id": "IN"}, {"import": 0, "export": 0, "id": "PY"}, {"import": 0, "export": 0, "id": "PT"}, {"import": 0, "export": 0, "id": "QA"}, {"import": 0, "export": 2788, "id": "KN"}, {"import": 0, "export": 0, "id": "NI"}, {"import": 0, "export": 0, "id": "NG"}, {"import": 0, "export": 0, "id": "PK"}, {"import": 0, "export": 0, "id": "MS"}, {"import": 0, "export": 0, "id": "NL"}, {"import": 0, "export": 0, "id": "-"}, {"import": 0, "export": 3625, "id": "AW"}, {"import": 0, "export": 0, "id": "KH"}, {"import": 0, "export": 0, "id": "CR"}, {"import": 0, "export": 0, "id": "DK"}, {"import": 0, "export": 0, "id": "DM"}, {"import": 0, "export": 0, "id": "DO"}, {"import": 0, "export": 0, "id": "SV"}, {"import": 0, "export": 4800, "id": "FR"}, {"import": 0, "export": 10479, "id": "BZ"}, {"import": 0, "export": 0, "id": "BH"}, {"import": 0, "export": 0, "id": "AG"}, {"import": 0, "export": 0, "id": "AR"}, {"import": 0, "export": 0, "id": "AU"}, {"import": 0, "export": 0, "id": "AT"}, {"import": 0, "export": 119388, "id": "GT"}, {"import": 0, "export": 0, "id": "GY"}, {"import": 0, "export": 21045, "id": "HN"}, {"import": 0, "export": 0, "id": "IL"}, {"import": 0, "export": 120000, "id": "IT"}, {"import": 0, "export": 0, "id": "MG"}, {"import": 0, "export": 0, "id": "KW"}, {"import": 0, "export": 200758, "id": "JP"}], "import": 0, "export": 8672520}, {"date": "2019-02-01", "list": [{"import": 0, "export": 6940000, "id": "KR"}, {"import": 0, "export": 4133461, "id": "TW"}, {"import": 0, "export": 2682359, "id": "CA"}, {"import": 0, "export": 868179, "id": "MX"}, {"import": 0, "export": 0, "id": "BE"}, {"import": 0, "export": 5165, "id": "JM"}, {"import": 0, "export": 0, "id": "DE"}, {"import": 0, "export": 101507, "id": "CO"}, {"import": 0, "export": 32881, "id": "BS"}, {"import": 0, "export": 46033, "id": "KY"}, {"import": 0, "export": 0, "id": "TC"}, {"import": 0, "export": 0, "id": "PA"}, {"import": 0, "export": 19716, "id": "CL"}, {"import": 0, "export": 0, "id": "LR"}, {"import": 0, "export": 0, "id": "HT"}, {"import": 0, "export": 13630, "id": "TT"}, {"import": 0, "export": 41977, "id": "NZ"}, {"import": 0, "export": 0, "id": "LC"}, {"import": 0, "export": 3721, "id": "SG"}, {"import": 0, "export": 11015, "id": "BM"}, {"import": 0, "export": 0, "id": "GH"}, {"import": 0, "export": 0, "id": "JO"}, {"import": 0, "export": 5388, "id": "BB"}, {"import": 0, "export": 1177, "id": "VG"}, {"import": 0, "export": 0, "id": "CM"}, {"import": 0, "export": 54333, "id": "AE"}, {"import": 0, "export": 0, "id": "TR"}, {"import": 0, "export": 0, "id": "VN"}, {"import": 0, "export": 0, "id": "ES"}, {"import": 0, "export": 0, "id": "CH"}, {"import": 0, "export": 0, "id": "TH"}, {"import": 0, "export": 0, "id": "TG"}, {"import": 0, "export": 0, "id": "UG"}, {"import": 0, "export": 14202, "id": "GB"}, {"import": 0, "export": 93197, "id": "VE"}, {"import": 0, "export": 13696, "id": "SA"}, {"import": 0, "export": 39917, "id": "IN"}, {"import": 0, "export": 0, "id": "PY"}, {"import": 0, "export": 0, "id": "PT"}, {"import": 0, "export": 0, "id": "QA"}, {"import": 0, "export": 1089, "id": "KN"}, {"import": 0, "export": 0, "id": "NI"}, {"import": 0, "export": 0, "id": "NG"}, {"import": 0, "export": 0, "id": "PK"}, {"import": 0, "export": 0, "id": "MS"}, {"import": 0, "export": 0, "id": "NL"}, {"import": 0, "export": 8396, "id": "-"}, {"import": 0, "export": 3856, "id": "AW"}, {"import": 0, "export": 0, "id": "KH"}, {"import": 0, "export": 17368, "id": "CR"}, {"import": 0, "export": 0, "id": "DK"}, {"import": 0, "export": 0, "id": "DM"}, {"import": 0, "export": 1296, "id": "DO"}, {"import": 0, "export": 0, "id": "SV"}, {"import": 0, "export": 0, "id": "FR"}, {"import": 0, "export": 0, "id": "BZ"}, {"import": 0, "export": 0, "id": "BH"}, {"import": 0, "export": 0, "id": "AG"}, {"import": 0, "export": 0, "id": "AR"}, {"import": 0, "export": 0, "id": "AU"}, {"import": 0, "export": 0, "id": "AT"}, {"import": 0, "export": 325685, "id": "GT"}, {"import": 0, "export": 0, "id": "GY"}, {"import": 0, "export": 0, "id": "HN"}, {"import": 0, "export": 0, "id": "IL"}, {"import": 0, "export": 120000, "id": "IT"}, {"import": 0, "export": 0, "id": "MG"}, {"import": 0, "export": 0, "id": "KW"}, {"import": 0, "export": 102835, "id": "JP"}], "import": 0, "export": 15702079}, {"date": "2019-03-01", "list": [{"import": 0, "export": 30911000, "id": "KR"}, {"import": 0, "export": 5004335, "id": "TW"}, {"import": 0, "export": 2648570, "id": "CA"}, {"import": 0, "export": 853255, "id": "MX"}, {"import": 0, "export": 0, "id": "BE"}, {"import": 0, "export": 32226, "id": "JM"}, {"import": 0, "export": 0, "id": "DE"}, {"import": 0, "export": 60061, "id": "CO"}, {"import": 0, "export": 21408, "id": "BS"}, {"import": 0, "export": 81030, "id": "KY"}, {"import": 0, "export": 0, "id": "TC"}, {"import": 0, "export": 42228, "id": "PA"}, {"import": 0, "export": 0, "id": "CL"}, {"import": 0, "export": 0, "id": "LR"}, {"import": 0, "export": 3200, "id": "HT"}, {"import": 0, "export": 8567, "id": "TT"}, {"import": 0, "export": 7258, "id": "NZ"}, {"import": 0, "export": 0, "id": "LC"}, {"import": 0, "export": 0, "id": "SG"}, {"import": 0, "export": 10926, "id": "BM"}, {"import": 0, "export": 0, "id": "GH"}, {"import": 0, "export": 0, "id": "JO"}, {"import": 0, "export": 2886, "id": "BB"}, {"import": 0, "export": 3733, "id": "VG"}, {"import": 0, "export": 0, "id": "CM"}, {"import": 0, "export": 3273, "id": "AE"}, {"import": 0, "export": 0, "id": "TR"}, {"import": 0, "export": 0, "id": "VN"}, {"import": 0, "export": 0, "id": "ES"}, {"import": 0, "export": 0, "id": "CH"}, {"import": 0, "export": 0, "id": "TH"}, {"import": 0, "export": 0, "id": "TG"}, {"import": 0, "export": 0, "id": "UG"}, {"import": 0, "export": 120079, "id": "GB"}, {"import": 0, "export": 13263, "id": "VE"}, {"import": 0, "export": 0, "id": "SA"}, {"import": 0, "export": 0, "id": "IN"}, {"import": 0, "export": 0, "id": "PY"}, {"import": 0, "export": 0, "id": "PT"}, {"import": 0, "export": 0, "id": "QA"}, {"import": 0, "export": 0, "id": "KN"}, {"import": 0, "export": 0, "id": "NI"}, {"import": 0, "export": 0, "id": "NG"}, {"import": 0, "export": 0, "id": "PK"}, {"import": 0, "export": 0, "id": "MS"}, {"import": 0, "export": 0, "id": "NL"}, {"import": 0, "export": 9911, "id": "-"}, {"import": 0, "export": 86928, "id": "AW"}, {"import": 0, "export": 0, "id": "KH"}, {"import": 0, "export": 0, "id": "CR"}, {"import": 0, "export": 0, "id": "DK"}, {"import": 0, "export": 19704, "id": "DM"}, {"import": 0, "export": 5938, "id": "DO"}, {"import": 0, "export": 0, "id": "SV"}, {"import": 0, "export": 27217, "id": "FR"}, {"import": 0, "export": 0, "id": "BZ"}, {"import": 0, "export": 0, "id": "BH"}, {"import": 0, "export": 0, "id": "AG"}, {"import": 0, "export": 0, "id": "AR"}, {"import": 0, "export": 0, "id": "AU"}, {"import": 0, "export": 0, "id": "AT"}, {"import": 0, "export": 117895, "id": "GT"}, {"import": 0, "export": 4307, "id": "GY"}, {"import": 0, "export": 0, "id": "HN"}, {"import": 0, "export": 0, "id": "IL"}, {"import": 0, "export": 140000, "id": "IT"}, {"import": 0, "export": 0, "id": "MG"}, {"import": 0, "export": 0, "id": "KW"}, {"import": 0, "export": 150882, "id": "JP"}], "import": 0, "export": 40390080}, {"date": "2019-04-01", "list": [{"import": 0, "export": 24049000, "id": "KR"}, {"import": 0, "export": 9074789, "id": "TW"}, {"import": 0, "export": 2152967, "id": "CA"}, {"import": 0, "export": 986780, "id": "MX"}, {"import": 0, "export": 0, "id": "BE"}, {"import": 0, "export": 46269, "id": "JM"}, {"import": 0, "export": 20177, "id": "DE"}, {"import": 0, "export": 74072, "id": "CO"}, {"import": 0, "export": 6577, "id": "BS"}, {"import": 0, "export": 53086, "id": "KY"}, {"import": 0, "export": 0, "id": "TC"}, {"import": 0, "export": 24135, "id": "PA"}, {"import": 0, "export": 19320, "id": "CL"}, {"import": 0, "export": 4748, "id": "LR"}, {"import": 0, "export": 0, "id": "HT"}, {"import": 0, "export": 11572, "id": "TT"}, {"import": 0, "export": 26920, "id": "NZ"}, {"import": 0, "export": 0, "id": "LC"}, {"import": 0, "export": 0, "id": "SG"}, {"import": 0, "export": 7873, "id": "BM"}, {"import": 0, "export": 0, "id": "GH"}, {"import": 0, "export": 0, "id": "JO"}, {"import": 0, "export": 22717, "id": "BB"}, {"import": 0, "export": 3549, "id": "VG"}, {"import": 0, "export": 0, "id": "CM"}, {"import": 0, "export": 19825, "id": "AE"}, {"import": 0, "export": 0, "id": "TR"}, {"import": 0, "export": 0, "id": "VN"}, {"import": 0, "export": 0, "id": "ES"}, {"import": 0, "export": 0, "id": "CH"}, {"import": 0, "export": 0, "id": "TH"}, {"import": 0, "export": 0, "id": "TG"}, {"import": 0, "export": 0, "id": "UG"}, {"import": 0, "export": 80352, "id": "GB"}, {"import": 0, "export": 75662, "id": "VE"}, {"import": 0, "export": 13605, "id": "SA"}, {"import": 0, "export": 0, "id": "IN"}, {"import": 0, "export": 0, "id": "PY"}, {"import": 0, "export": 0, "id": "PT"}, {"import": 0, "export": 1361, "id": "QA"}, {"import": 0, "export": 1906, "id": "KN"}, {"import": 0, "export": 0, "id": "NI"}, {"import": 0, "export": 0, "id": "NG"}, {"import": 0, "export": 0, "id": "PK"}, {"import": 0, "export": 0, "id": "MS"}, {"import": 0, "export": 0, "id": "NL"}, {"import": 0, "export": 0, "id": "-"}, {"import": 0, "export": 118904, "id": "AW"}, {"import": 0, "export": 0, "id": "KH"}, {"import": 0, "export": 45094, "id": "CR"}, {"import": 0, "export": 0, "id": "DK"}, {"import": 0, "export": 0, "id": "DM"}, {"import": 0, "export": 0, "id": "DO"}, {"import": 0, "export": 0, "id": "SV"}, {"import": 0, "export": 17052, "id": "FR"}, {"import": 0, "export": 0, "id": "BZ"}, {"import": 0, "export": 0, "id": "BH"}, {"import": 0, "export": 0, "id": "AG"}, {"import": 0, "export": 0, "id": "AR"}, {"import": 0, "export": 0, "id": "AU"}, {"import": 0, "export": 0, "id": "AT"}, {"import": 0, "export": 228422, "id": "GT"}, {"import": 0, "export": 0, "id": "GY"}, {"import": 0, "export": 3178, "id": "HN"}, {"import": 0, "export": 0, "id": "IL"}, {"import": 0, "export": 140000, "id": "IT"}, {"import": 0, "export": 0, "id": "MG"}, {"import": 0, "export": 17029, "id": "KW"}, {"import": 0, "export": 0, "id": "JP"}], "import": 0, "export": 37346941}, {"date": "2019-05-01", "list": [{"import": 0, "export": 44245000, "id": "KR"}, {"import": 0, "export": 9761869, "id": "TW"}, {"import": 0, "export": 2297804, "id": "CA"}, {"import": 0, "export": 772677, "id": "MX"}, {"import": 0, "export": 20000, "id": "BE"}, {"import": 0, "export": 33112, "id": "JM"}, {"import": 0, "export": 201115, "id": "DE"}, {"import": 0, "export": 19277, "id": "CO"}, {"import": 0, "export": 14718, "id": "BS"}, {"import": 0, "export": 73430, "id": "KY"}, {"import": 0, "export": 0, "id": "TC"}, {"import": 0, "export": 44314, "id": "PA"}, {"import": 0, "export": 0, "id": "CL"}, {"import": 0, "export": 0, "id": "LR"}, {"import": 0, "export": 24727, "id": "HT"}, {"import": 0, "export": 5941, "id": "TT"}, {"import": 0, "export": 4536, "id": "NZ"}, {"import": 0, "export": 0, "id": "LC"}, {"import": 0, "export": 0, "id": "SG"}, {"import": 0, "export": 9274, "id": "BM"}, {"import": 0, "export": 0, "id": "GH"}, {"import": 0, "export": 2268, "id": "JO"}, {"import": 0, "export": 2795, "id": "BB"}, {"import": 0, "export": 2495, "id": "VG"}, {"import": 0, "export": 0, "id": "CM"}, {"import": 0, "export": 0, "id": "AE"}, {"import": 0, "export": 0, "id": "TR"}, {"import": 0, "export": 0, "id": "VN"}, {"import": 0, "export": 0, "id": "ES"}, {"import": 0, "export": 0, "id": "CH"}, {"import": 0, "export": 0, "id": "TH"}, {"import": 0, "export": 0, "id": "TG"}, {"import": 0, "export": 0, "id": "UG"}, {"import": 0, "export": 28766, "id": "GB"}, {"import": 0, "export": 11297, "id": "VE"}, {"import": 0, "export": 0, "id": "SA"}, {"import": 0, "export": 0, "id": "IN"}, {"import": 0, "export": 0, "id": "PY"}, {"import": 0, "export": 0, "id": "PT"}, {"import": 0, "export": 15928, "id": "QA"}, {"import": 0, "export": 907, "id": "KN"}, {"import": 0, "export": 0, "id": "NI"}, {"import": 0, "export": 0, "id": "NG"}, {"import": 0, "export": 0, "id": "PK"}, {"import": 0, "export": 0, "id": "MS"}, {"import": 0, "export": 0, "id": "NL"}, {"import": 0, "export": 771, "id": "-"}, {"import": 0, "export": 46330, "id": "AW"}, {"import": 0, "export": 0, "id": "KH"}, {"import": 0, "export": 0, "id": "CR"}, {"import": 0, "export": 0, "id": "DK"}, {"import": 0, "export": 0, "id": "DM"}, {"import": 0, "export": 15035, "id": "DO"}, {"import": 0, "export": 19197, "id": "SV"}, {"import": 0, "export": 0, "id": "FR"}, {"import": 0, "export": 0, "id": "BZ"}, {"import": 0, "export": 0, "id": "BH"}, {"import": 0, "export": 0, "id": "AG"}, {"import": 0, "export": 0, "id": "AR"}, {"import": 0, "export": 0, "id": "AU"}, {"import": 0, "export": 0, "id": "AT"}, {"import": 0, "export": 118268, "id": "GT"}, {"import": 0, "export": 0, "id": "GY"}, {"import": 0, "export": 0, "id": "HN"}, {"import": 0, "export": 0, "id": "IL"}, {"import": 0, "export": 0, "id": "IT"}, {"import": 0, "export": 0, "id": "MG"}, {"import": 0, "export": 0, "id": "KW"}, {"import": 0, "export": 0, "id": "JP"}], "import": 0, "export": 57791851}, {"date": "2019-06-01", "list": [{"import": 0, "export": 5520000, "id": "KR"}, {"import": 0, "export": 1145125, "id": "TW"}, {"import": 0, "export": 2130981, "id": "CA"}, {"import": 0, "export": 664192, "id": "MX"}, {"import": 0, "export": 0, "id": "BE"}, {"import": 0, "export": 10679, "id": "JM"}, {"import": 0, "export": 0, "id": "DE"}, {"import": 0, "export": 67253, "id": "CO"}, {"import": 0, "export": 25384, "id": "BS"}, {"import": 0, "export": 67982, "id": "KY"}, {"import": 0, "export": 5261, "id": "TC"}, {"import": 0, "export": 0, "id": "PA"}, {"import": 0, "export": 19716, "id": "CL"}, {"import": 0, "export": 13000, "id": "LR"}, {"import": 0, "export": 0, "id": "HT"}, {"import": 0, "export": 24638, "id": "TT"}, {"import": 0, "export": 16513, "id": "NZ"}, {"import": 0, "export": 0, "id": "LC"}, {"import": 0, "export": 0, "id": "SG"}, {"import": 0, "export": 8760, "id": "BM"}, {"import": 0, "export": 0, "id": "GH"}, {"import": 0, "export": 0, "id": "JO"}, {"import": 0, "export": 26273, "id": "BB"}, {"import": 0, "export": 0, "id": "VG"}, {"import": 0, "export": 0, "id": "CM"}, {"import": 0, "export": 0, "id": "AE"}, {"import": 0, "export": 0, "id": "TR"}, {"import": 0, "export": 20639, "id": "VN"}, {"import": 0, "export": 0, "id": "ES"}, {"import": 0, "export": 0, "id": "CH"}, {"import": 0, "export": 0, "id": "TH"}, {"import": 0, "export": 0, "id": "TG"}, {"import": 0, "export": 0, "id": "UG"}, {"import": 0, "export": 6268, "id": "GB"}, {"import": 0, "export": 31401, "id": "VE"}, {"import": 0, "export": 13605, "id": "SA"}, {"import": 0, "export": 0, "id": "IN"}, {"import": 0, "export": 0, "id": "PY"}, {"import": 0, "export": 0, "id": "PT"}, {"import": 0, "export": 0, "id": "QA"}, {"import": 0, "export": 0, "id": "KN"}, {"import": 0, "export": 0, "id": "NI"}, {"import": 0, "export": 8710, "id": "NG"}, {"import": 0, "export": 0, "id": "PK"}, {"import": 0, "export": 9276, "id": "MS"}, {"import": 0, "export": 0, "id": "NL"}, {"import": 0, "export": 6161, "id": "-"}, {"import": 0, "export": 27198, "id": "AW"}, {"import": 0, "export": 0, "id": "KH"}, {"import": 0, "export": 0, "id": "CR"}, {"import": 0, "export": 0, "id": "DK"}, {"import": 0, "export": 0, "id": "DM"}, {"import": 0, "export": 5334, "id": "DO"}, {"import": 0, "export": 0, "id": "SV"}, {"import": 0, "export": 0, "id": "FR"}, {"import": 0, "export": 0, "id": "BZ"}, {"import": 0, "export": 0, "id": "BH"}, {"import": 0, "export": 0, "id": "AG"}, {"import": 0, "export": 0, "id": "AR"}, {"import": 0, "export": 0, "id": "AU"}, {"import": 0, "export": 0, "id": "AT"}, {"import": 0, "export": 244632, "id": "GT"}, {"import": 0, "export": 0, "id": "GY"}, {"import": 0, "export": 0, "id": "HN"}, {"import": 0, "export": 3080, "id": "IL"}, {"import": 0, "export": 0, "id": "IT"}, {"import": 0, "export": 0, "id": "MG"}, {"import": 0, "export": 1284, "id": "KW"}, {"import": 0, "export": 24268, "id": "JP"}], "import": 0, "export": 10147613}, {"date": "2019-07-01", "list": [{"import": 0, "export": 0, "id": "KR"}, {"import": 0, "export": 0, "id": "TW"}, {"import": 0, "export": 1970137, "id": "CA"}, {"import": 0, "export": 1186790, "id": "MX"}, {"import": 0, "export": 0, "id": "BE"}, {"import": 0, "export": 26732, "id": "JM"}, {"import": 0, "export": 0, "id": "DE"}, {"import": 0, "export": 46757, "id": "CO"}, {"import": 0, "export": 13453, "id": "BS"}, {"import": 0, "export": 84846, "id": "KY"}, {"import": 0, "export": 0, "id": "TC"}, {"import": 0, "export": 29048, "id": "PA"}, {"import": 0, "export": 0, "id": "CL"}, {"import": 0, "export": 0, "id": "LR"}, {"import": 0, "export": 0, "id": "HT"}, {"import": 0, "export": 0, "id": "TT"}, {"import": 0, "export": 29794, "id": "NZ"}, {"import": 0, "export": 0, "id": "LC"}, {"import": 0, "export": 0, "id": "SG"}, {"import": 0, "export": 9793, "id": "BM"}, {"import": 0, "export": 0, "id": "GH"}, {"import": 0, "export": 0, "id": "JO"}, {"import": 0, "export": 0, "id": "BB"}, {"import": 0, "export": 11576, "id": "VG"}, {"import": 0, "export": 0, "id": "CM"}, {"import": 0, "export": 0, "id": "AE"}, {"import": 0, "export": 0, "id": "TR"}, {"import": 0, "export": 0, "id": "VN"}, {"import": 0, "export": 20183, "id": "ES"}, {"import": 0, "export": 0, "id": "CH"}, {"import": 0, "export": 1097, "id": "TH"}, {"import": 0, "export": 0, "id": "TG"}, {"import": 0, "export": 16054, "id": "UG"}, {"import": 0, "export": 0, "id": "GB"}, {"import": 0, "export": 63310, "id": "VE"}, {"import": 0, "export": 0, "id": "SA"}, {"import": 0, "export": 19120, "id": "IN"}, {"import": 0, "export": 0, "id": "PY"}, {"import": 0, "export": 0, "id": "PT"}, {"import": 0, "export": 1361, "id": "QA"}, {"import": 0, "export": 0, "id": "KN"}, {"import": 0, "export": 0, "id": "NI"}, {"import": 0, "export": 0, "id": "NG"}, {"import": 0, "export": 0, "id": "PK"}, {"import": 0, "export": 11364, "id": "MS"}, {"import": 0, "export": 0, "id": "NL"}, {"import": 0, "export": 3357, "id": "-"}, {"import": 0, "export": 12524, "id": "AW"}, {"import": 0, "export": 0, "id": "KH"}, {"import": 0, "export": 0, "id": "CR"}, {"import": 0, "export": 0, "id": "DK"}, {"import": 0, "export": 0, "id": "DM"}, {"import": 0, "export": 3810, "id": "DO"}, {"import": 0, "export": 133275, "id": "SV"}, {"import": 0, "export": 0, "id": "FR"}, {"import": 0, "export": 0, "id": "BZ"}, {"import": 0, "export": 0, "id": "BH"}, {"import": 0, "export": 0, "id": "AG"}, {"import": 0, "export": 0, "id": "AR"}, {"import": 0, "export": 0, "id": "AU"}, {"import": 0, "export": 0, "id": "AT"}, {"import": 0, "export": 129728, "id": "GT"}, {"import": 0, "export": 8835, "id": "GY"}, {"import": 0, "export": 0, "id": "HN"}, {"import": 0, "export": 0, "id": "IL"}, {"import": 0, "export": 0, "id": "IT"}, {"import": 0, "export": 0, "id": "MG"}, {"import": 0, "export": 528, "id": "KW"}, {"import": 0, "export": 0, "id": "JP"}], "import": 0, "export": 3833472}, {"date": "2019-08-01", "list": [{"import": 0, "export": 0, "id": "KR"}, {"import": 0, "export": 0, "id": "TW"}, {"import": 0, "export": 2634295, "id": "CA"}, {"import": 0, "export": 495489, "id": "MX"}, {"import": 0, "export": 0, "id": "BE"}, {"import": 0, "export": 24497, "id": "JM"}, {"import": 0, "export": 198723, "id": "DE"}, {"import": 0, "export": 68291, "id": "CO"}, {"import": 0, "export": 34257, "id": "BS"}, {"import": 0, "export": 85466, "id": "KY"}, {"import": 0, "export": 3084, "id": "TC"}, {"import": 0, "export": 42773, "id": "PA"}, {"import": 0, "export": 0, "id": "CL"}, {"import": 0, "export": 0, "id": "LR"}, {"import": 0, "export": 0, "id": "HT"}, {"import": 0, "export": 0, "id": "TT"}, {"import": 0, "export": 19722, "id": "NZ"}, {"import": 0, "export": 0, "id": "LC"}, {"import": 0, "export": 11077, "id": "SG"}, {"import": 0, "export": 7934, "id": "BM"}, {"import": 0, "export": 0, "id": "GH"}, {"import": 0, "export": 0, "id": "JO"}, {"import": 0, "export": 0, "id": "BB"}, {"import": 0, "export": 15299, "id": "VG"}, {"import": 0, "export": 0, "id": "CM"}, {"import": 0, "export": 40628, "id": "AE"}, {"import": 0, "export": 0, "id": "TR"}, {"import": 0, "export": 0, "id": "VN"}, {"import": 0, "export": 0, "id": "ES"}, {"import": 0, "export": 0, "id": "CH"}, {"import": 0, "export": 0, "id": "TH"}, {"import": 0, "export": 0, "id": "TG"}, {"import": 0, "export": 0, "id": "UG"}, {"import": 0, "export": 125977, "id": "GB"}, {"import": 0, "export": 20350, "id": "VE"}, {"import": 0, "export": 0, "id": "SA"}, {"import": 0, "export": 0, "id": "IN"}, {"import": 0, "export": 0, "id": "PY"}, {"import": 0, "export": 0, "id": "PT"}, {"import": 0, "export": 0, "id": "QA"}, {"import": 0, "export": 0, "id": "KN"}, {"import": 0, "export": 0, "id": "NI"}, {"import": 0, "export": 0, "id": "NG"}, {"import": 0, "export": 0, "id": "PK"}, {"import": 0, "export": 0, "id": "MS"}, {"import": 0, "export": 0, "id": "NL"}, {"import": 0, "export": 2313, "id": "-"}, {"import": 0, "export": 18662, "id": "AW"}, {"import": 0, "export": 0, "id": "KH"}, {"import": 0, "export": 0, "id": "CR"}, {"import": 0, "export": 0, "id": "DK"}, {"import": 0, "export": 0, "id": "DM"}, {"import": 0, "export": 5660, "id": "DO"}, {"import": 0, "export": 0, "id": "SV"}, {"import": 0, "export": 6140, "id": "FR"}, {"import": 0, "export": 0, "id": "BZ"}, {"import": 0, "export": 0, "id": "BH"}, {"import": 0, "export": 0, "id": "AG"}, {"import": 0, "export": 0, "id": "AR"}, {"import": 0, "export": 0, "id": "AU"}, {"import": 0, "export": 0, "id": "AT"}, {"import": 0, "export": 294738, "id": "GT"}, {"import": 0, "export": 0, "id": "GY"}, {"import": 0, "export": 0, "id": "HN"}, {"import": 0, "export": 0, "id": "IL"}, {"import": 0, "export": 0, "id": "IT"}, {"import": 0, "export": 0, "id": "MG"}, {"import": 0, "export": 2787, "id": "KW"}, {"import": 0, "export": 0, "id": "JP"}], "import": 0, "export": 4158162}, {"date": "2019-09-01", "list": [{"import": 0, "export": 0, "id": "KR"}, {"import": 0, "export": 0, "id": "TW"}, {"import": 0, "export": 1846962, "id": "CA"}, {"import": 0, "export": 859876, "id": "MX"}, {"import": 0, "export": 0, "id": "BE"}, {"import": 0, "export": 15458, "id": "JM"}, {"import": 0, "export": 338236, "id": "DE"}, {"import": 0, "export": 14175, "id": "CO"}, {"import": 0, "export": 22918, "id": "BS"}, {"import": 0, "export": 69719, "id": "KY"}, {"import": 0, "export": 0, "id": "TC"}, {"import": 0, "export": 10542, "id": "PA"}, {"import": 0, "export": 19716, "id": "CL"}, {"import": 0, "export": 0, "id": "LR"}, {"import": 0, "export": 0, "id": "HT"}, {"import": 0, "export": 11362, "id": "TT"}, {"import": 0, "export": 10361, "id": "NZ"}, {"import": 0, "export": 0, "id": "LC"}, {"import": 0, "export": 0, "id": "SG"}, {"import": 0, "export": 6083, "id": "BM"}, {"import": 0, "export": 3402, "id": "GH"}, {"import": 0, "export": 625, "id": "JO"}, {"import": 0, "export": 0, "id": "BB"}, {"import": 0, "export": 12873, "id": "VG"}, {"import": 0, "export": 0, "id": "CM"}, {"import": 0, "export": 0, "id": "AE"}, {"import": 0, "export": 0, "id": "TR"}, {"import": 0, "export": 0, "id": "VN"}, {"import": 0, "export": 0, "id": "ES"}, {"import": 0, "export": 0, "id": "CH"}, {"import": 0, "export": 1122, "id": "TH"}, {"import": 0, "export": 0, "id": "TG"}, {"import": 0, "export": 0, "id": "UG"}, {"import": 0, "export": 20000, "id": "GB"}, {"import": 0, "export": 18008, "id": "VE"}, {"import": 0, "export": 0, "id": "SA"}, {"import": 0, "export": 0, "id": "IN"}, {"import": 0, "export": 0, "id": "PY"}, {"import": 0, "export": 0, "id": "PT"}, {"import": 0, "export": 0, "id": "QA"}, {"import": 0, "export": 0, "id": "KN"}, {"import": 0, "export": 0, "id": "NI"}, {"import": 0, "export": 455, "id": "NG"}, {"import": 0, "export": 0, "id": "PK"}, {"import": 0, "export": 0, "id": "MS"}, {"import": 0, "export": 0, "id": "NL"}, {"import": 0, "export": 1488, "id": "-"}, {"import": 0, "export": 14272, "id": "AW"}, {"import": 0, "export": 0, "id": "KH"}, {"import": 0, "export": 0, "id": "CR"}, {"import": 0, "export": 0, "id": "DK"}, {"import": 0, "export": 0, "id": "DM"}, {"import": 0, "export": 0, "id": "DO"}, {"import": 0, "export": 0, "id": "SV"}, {"import": 0, "export": 0, "id": "FR"}, {"import": 0, "export": 0, "id": "BZ"}, {"import": 0, "export": 0, "id": "BH"}, {"import": 0, "export": 0, "id": "AG"}, {"import": 0, "export": 0, "id": "AR"}, {"import": 0, "export": 0, "id": "AU"}, {"import": 0, "export": 40056, "id": "AT"}, {"import": 0, "export": 148810, "id": "GT"}, {"import": 0, "export": 0, "id": "GY"}, {"import": 0, "export": 3430, "id": "HN"}, {"import": 0, "export": 0, "id": "IL"}, {"import": 0, "export": 0, "id": "IT"}, {"import": 0, "export": 0, "id": "MG"}, {"import": 0, "export": 1021, "id": "KW"}, {"import": 0, "export": 0, "id": "JP"}], "import": 0, "export": 3490970}, {"date": "2019-10-01", "list": [{"import": 0, "export": 0, "id": "KR"}, {"import": 0, "export": 0, "id": "TW"}, {"import": 0, "export": 2615132, "id": "CA"}, {"import": 0, "export": 944861, "id": "MX"}, {"import": 0, "export": 141026, "id": "BE"}, {"import": 0, "export": 31822, "id": "JM"}, {"import": 0, "export": 19990, "id": "DE"}, {"import": 0, "export": 24604, "id": "CO"}, {"import": 0, "export": 71686, "id": "BS"}, {"import": 0, "export": 46993, "id": "KY"}, {"import": 0, "export": 5261, "id": "TC"}, {"import": 0, "export": 15753, "id": "PA"}, {"import": 0, "export": 0, "id": "CL"}, {"import": 0, "export": 0, "id": "LR"}, {"import": 0, "export": 0, "id": "HT"}, {"import": 0, "export": 871, "id": "TT"}, {"import": 0, "export": 33371, "id": "NZ"}, {"import": 0, "export": 0, "id": "LC"}, {"import": 0, "export": 5742, "id": "SG"}, {"import": 0, "export": 9653, "id": "BM"}, {"import": 0, "export": 907, "id": "GH"}, {"import": 0, "export": 0, "id": "JO"}, {"import": 0, "export": 0, "id": "BB"}, {"import": 0, "export": 1665, "id": "VG"}, {"import": 0, "export": 0, "id": "CM"}, {"import": 0, "export": 2095, "id": "AE"}, {"import": 0, "export": 0, "id": "TR"}, {"import": 0, "export": 0, "id": "VN"}, {"import": 0, "export": 0, "id": "ES"}, {"import": 0, "export": 0, "id": "CH"}, {"import": 0, "export": 4349, "id": "TH"}, {"import": 0, "export": 0, "id": "TG"}, {"import": 0, "export": 0, "id": "UG"}, {"import": 0, "export": 0, "id": "GB"}, {"import": 0, "export": 100309, "id": "VE"}, {"import": 0, "export": 13605, "id": "SA"}, {"import": 0, "export": 0, "id": "IN"}, {"import": 0, "export": 0, "id": "PY"}, {"import": 0, "export": 0, "id": "PT"}, {"import": 0, "export": 12100, "id": "QA"}, {"import": 0, "export": 3352, "id": "KN"}, {"import": 0, "export": 0, "id": "NI"}, {"import": 0, "export": 8757, "id": "NG"}, {"import": 0, "export": 19929, "id": "PK"}, {"import": 0, "export": 0, "id": "MS"}, {"import": 0, "export": 0, "id": "NL"}, {"import": 0, "export": 278, "id": "-"}, {"import": 0, "export": 0, "id": "AW"}, {"import": 0, "export": 0, "id": "KH"}, {"import": 0, "export": 0, "id": "CR"}, {"import": 0, "export": 0, "id": "DK"}, {"import": 0, "export": 20194, "id": "DM"}, {"import": 0, "export": 11490, "id": "DO"}, {"import": 0, "export": 0, "id": "SV"}, {"import": 0, "export": 14586, "id": "FR"}, {"import": 0, "export": 0, "id": "BZ"}, {"import": 0, "export": 0, "id": "BH"}, {"import": 0, "export": 0, "id": "AG"}, {"import": 0, "export": 0, "id": "AR"}, {"import": 0, "export": 0, "id": "AU"}, {"import": 0, "export": 0, "id": "AT"}, {"import": 0, "export": 427370, "id": "GT"}, {"import": 0, "export": 4021, "id": "GY"}, {"import": 0, "export": 7963490, "id": "HN"}, {"import": 0, "export": 337, "id": "IL"}, {"import": 0, "export": 0, "id": "IT"}, {"import": 0, "export": 0, "id": "MG"}, {"import": 0, "export": 7316, "id": "KW"}, {"import": 0, "export": 0, "id": "JP"}], "import": 0, "export": 12582915}, {"date": "2019-11-01", "list": [{"import": 0, "export": 0, "id": "KR"}, {"import": 0, "export": 879130, "id": "TW"}, {"import": 0, "export": 2731933, "id": "CA"}, {"import": 0, "export": 619248, "id": "MX"}, {"import": 0, "export": 239998, "id": "BE"}, {"import": 0, "export": 36297, "id": "JM"}, {"import": 0, "export": 0, "id": "DE"}, {"import": 0, "export": 46793, "id": "CO"}, {"import": 0, "export": 60638, "id": "BS"}, {"import": 0, "export": 93942, "id": "KY"}, {"import": 0, "export": 14272, "id": "TC"}, {"import": 0, "export": 0, "id": "PA"}, {"import": 0, "export": 19716, "id": "CL"}, {"import": 0, "export": 0, "id": "LR"}, {"import": 0, "export": 0, "id": "HT"}, {"import": 0, "export": 10582, "id": "TT"}, {"import": 0, "export": 6027, "id": "NZ"}, {"import": 0, "export": 0, "id": "LC"}, {"import": 0, "export": 0, "id": "SG"}, {"import": 0, "export": 8760, "id": "BM"}, {"import": 0, "export": 0, "id": "GH"}, {"import": 0, "export": 0, "id": "JO"}, {"import": 0, "export": 1924, "id": "BB"}, {"import": 0, "export": 6636, "id": "VG"}, {"import": 0, "export": 0, "id": "CM"}, {"import": 0, "export": 125522, "id": "AE"}, {"import": 0, "export": 20059, "id": "TR"}, {"import": 0, "export": 0, "id": "VN"}, {"import": 0, "export": 0, "id": "ES"}, {"import": 0, "export": 19954, "id": "CH"}, {"import": 0, "export": 0, "id": "TH"}, {"import": 0, "export": 2098, "id": "TG"}, {"import": 0, "export": 0, "id": "UG"}, {"import": 0, "export": 39514, "id": "GB"}, {"import": 0, "export": 110286, "id": "VE"}, {"import": 0, "export": 0, "id": "SA"}, {"import": 0, "export": 0, "id": "IN"}, {"import": 0, "export": 0, "id": "PY"}, {"import": 0, "export": 0, "id": "PT"}, {"import": 0, "export": 0, "id": "QA"}, {"import": 0, "export": 0, "id": "KN"}, {"import": 0, "export": 0, "id": "NI"}, {"import": 0, "export": 0, "id": "NG"}, {"import": 0, "export": 0, "id": "PK"}, {"import": 0, "export": 0, "id": "MS"}, {"import": 0, "export": 0, "id": "NL"}, {"import": 0, "export": 0, "id": "-"}, {"import": 0, "export": 2795, "id": "AW"}, {"import": 0, "export": 0, "id": "KH"}, {"import": 0, "export": 0, "id": "CR"}, {"import": 0, "export": 0, "id": "DK"}, {"import": 0, "export": 0, "id": "DM"}, {"import": 0, "export": 0, "id": "DO"}, {"import": 0, "export": 19197, "id": "SV"}, {"import": 0, "export": 0, "id": "FR"}, {"import": 0, "export": 0, "id": "BZ"}, {"import": 0, "export": 0, "id": "BH"}, {"import": 0, "export": 0, "id": "AG"}, {"import": 0, "export": 0, "id": "AR"}, {"import": 0, "export": 17845, "id": "AU"}, {"import": 0, "export": 0, "id": "AT"}, {"import": 0, "export": 0, "id": "GT"}, {"import": 0, "export": 2268, "id": "GY"}, {"import": 0, "export": 1814, "id": "HN"}, {"import": 0, "export": 0, "id": "IL"}, {"import": 0, "export": 0, "id": "IT"}, {"import": 0, "export": 0, "id": "MG"}, {"import": 0, "export": 0, "id": "KW"}, {"import": 0, "export": 40000, "id": "JP"}], "import": 0, "export": 5177248}, {"date": "2019-12-01", "list": [{"import": 0, "export": 9900000, "id": "KR"}, {"import": 0, "export": 2155433, "id": "TW"}, {"import": 0, "export": 2575375, "id": "CA"}, {"import": 0, "export": 756248, "id": "MX"}, {"import": 0, "export": 294221, "id": "BE"}, {"import": 0, "export": 18742, "id": "JM"}, {"import": 0, "export": 0, "id": "DE"}, {"import": 0, "export": 57472, "id": "CO"}, {"import": 0, "export": 37400, "id": "BS"}, {"import": 0, "export": 79012, "id": "KY"}, {"import": 0, "export": 0, "id": "TC"}, {"import": 0, "export": 21391, "id": "PA"}, {"import": 0, "export": 0, "id": "CL"}, {"import": 0, "export": 0, "id": "LR"}, {"import": 0, "export": 0, "id": "HT"}, {"import": 0, "export": 3483, "id": "TT"}, {"import": 0, "export": 10359, "id": "NZ"}, {"import": 0, "export": 0, "id": "LC"}, {"import": 0, "export": 0, "id": "SG"}, {"import": 0, "export": 7200, "id": "BM"}, {"import": 0, "export": 0, "id": "GH"}, {"import": 0, "export": 0, "id": "JO"}, {"import": 0, "export": 2520, "id": "BB"}, {"import": 0, "export": 4378, "id": "VG"}, {"import": 0, "export": 0, "id": "CM"}, {"import": 0, "export": 61223, "id": "AE"}, {"import": 0, "export": 0, "id": "TR"}, {"import": 0, "export": 0, "id": "VN"}, {"import": 0, "export": 0, "id": "ES"}, {"import": 0, "export": 0, "id": "CH"}, {"import": 0, "export": 0, "id": "TH"}, {"import": 0, "export": 0, "id": "TG"}, {"import": 0, "export": 0, "id": "UG"}, {"import": 0, "export": 816034, "id": "GB"}, {"import": 0, "export": 2000, "id": "VE"}, {"import": 0, "export": 0, "id": "SA"}, {"import": 0, "export": 0, "id": "IN"}, {"import": 0, "export": 0, "id": "PY"}, {"import": 0, "export": 0, "id": "PT"}, {"import": 0, "export": 0, "id": "QA"}, {"import": 0, "export": 0, "id": "KN"}, {"import": 0, "export": 0, "id": "NI"}, {"import": 0, "export": 0, "id": "NG"}, {"import": 0, "export": 0, "id": "PK"}, {"import": 0, "export": 0, "id": "MS"}, {"import": 0, "export": 0, "id": "NL"}, {"import": 0, "export": 9575, "id": "-"}, {"import": 0, "export": 0, "id": "AW"}, {"import": 0, "export": 0, "id": "KH"}, {"import": 0, "export": 0, "id": "CR"}, {"import": 0, "export": 0, "id": "DK"}, {"import": 0, "export": 17802, "id": "DM"}, {"import": 0, "export": 25520, "id": "DO"}, {"import": 0, "export": 19197, "id": "SV"}, {"import": 0, "export": 22680, "id": "FR"}, {"import": 0, "export": 0, "id": "BZ"}, {"import": 0, "export": 0, "id": "BH"}, {"import": 0, "export": 0, "id": "AG"}, {"import": 0, "export": 0, "id": "AR"}, {"import": 0, "export": 0, "id": "AU"}, {"import": 0, "export": 0, "id": "AT"}, {"import": 0, "export": 147369, "id": "GT"}, {"import": 0, "export": 0, "id": "GY"}, {"import": 0, "export": 0, "id": "HN"}, {"import": 0, "export": 0, "id": "IL"}, {"import": 0, "export": 0, "id": "IT"}, {"import": 0, "export": 0, "id": "MG"}, {"import": 0, "export": 2471, "id": "KW"}, {"import": 0, "export": 440223, "id": "JP"}], "import": 0, "export": 17487328}, {"date": "2020-01-01", "list": [{"import": 0, "export": 9100000, "id": "KR"}, {"import": 0, "export": 1025125, "id": "TW"}, {"import": 0, "export": 2238428, "id": "CA"}, {"import": 0, "export": 845427, "id": "MX"}, {"import": 0, "export": 269992, "id": "BE"}, {"import": 0, "export": 34916, "id": "JM"}, {"import": 0, "export": 0, "id": "DE"}, {"import": 0, "export": 49000, "id": "CO"}, {"import": 0, "export": 52864, "id": "BS"}, {"import": 0, "export": 43658, "id": "KY"}, {"import": 0, "export": 23188, "id": "TC"}, {"import": 0, "export": 10542, "id": "PA"}, {"import": 0, "export": 39489, "id": "CL"}, {"import": 0, "export": 0, "id": "LR"}, {"import": 0, "export": 0, "id": "HT"}, {"import": 0, "export": 0, "id": "TT"}, {"import": 0, "export": 6350, "id": "NZ"}, {"import": 0, "export": 0, "id": "LC"}, {"import": 0, "export": 0, "id": "SG"}, {"import": 0, "export": 8760, "id": "BM"}, {"import": 0, "export": 0, "id": "GH"}, {"import": 0, "export": 0, "id": "JO"}, {"import": 0, "export": 2795, "id": "BB"}, {"import": 0, "export": 3353, "id": "VG"}, {"import": 0, "export": 0, "id": "CM"}, {"import": 0, "export": 0, "id": "AE"}, {"import": 0, "export": 0, "id": "TR"}, {"import": 0, "export": 0, "id": "VN"}, {"import": 0, "export": 0, "id": "ES"}, {"import": 0, "export": 0, "id": "CH"}, {"import": 0, "export": 0, "id": "TH"}, {"import": 0, "export": 0, "id": "TG"}, {"import": 0, "export": 0, "id": "UG"}, {"import": 0, "export": 83534, "id": "GB"}, {"import": 0, "export": 10390, "id": "VE"}, {"import": 0, "export": 13605, "id": "SA"}, {"import": 0, "export": 0, "id": "IN"}, {"import": 0, "export": 0, "id": "PY"}, {"import": 0, "export": 0, "id": "PT"}, {"import": 0, "export": 0, "id": "QA"}, {"import": 0, "export": 2454, "id": "KN"}, {"import": 0, "export": 0, "id": "NI"}, {"import": 0, "export": 0, "id": "NG"}, {"import": 0, "export": 0, "id": "PK"}, {"import": 0, "export": 0, "id": "MS"}, {"import": 0, "export": 657, "id": "NL"}, {"import": 0, "export": 5476, "id": "-"}, {"import": 0, "export": 3494, "id": "AW"}, {"import": 0, "export": 2988, "id": "KH"}, {"import": 0, "export": 0, "id": "CR"}, {"import": 0, "export": 0, "id": "DK"}, {"import": 0, "export": 0, "id": "DM"}, {"import": 0, "export": 0, "id": "DO"}, {"import": 0, "export": 19197, "id": "SV"}, {"import": 0, "export": 0, "id": "FR"}, {"import": 0, "export": 0, "id": "BZ"}, {"import": 0, "export": 0, "id": "BH"}, {"import": 0, "export": 0, "id": "AG"}, {"import": 0, "export": 0, "id": "AR"}, {"import": 0, "export": 0, "id": "AU"}, {"import": 0, "export": 0, "id": "AT"}, {"import": 0, "export": 21735, "id": "GT"}, {"import": 0, "export": 10727, "id": "GY"}, {"import": 0, "export": 0, "id": "HN"}, {"import": 0, "export": 0, "id": "IL"}, {"import": 0, "export": 0, "id": "IT"}, {"import": 0, "export": 0, "id": "MG"}, {"import": 0, "export": 0, "id": "KW"}, {"import": 0, "export": 220000, "id": "JP"}], "import": 0, "export": 14148144}, {"date": "2020-02-01", "list": [{"import": 0, "export": 12660000, "id": "KR"}, {"import": 0, "export": 2356379, "id": "TW"}, {"import": 0, "export": 2244054, "id": "CA"}, {"import": 0, "export": 613122, "id": "MX"}, {"import": 0, "export": 125482, "id": "BE"}, {"import": 0, "export": 84950, "id": "JM"}, {"import": 0, "export": 202623, "id": "DE"}, {"import": 0, "export": 26619, "id": "CO"}, {"import": 0, "export": 45950, "id": "BS"}, {"import": 0, "export": 69508, "id": "KY"}, {"import": 0, "export": 6486, "id": "TC"}, {"import": 0, "export": 21084, "id": "PA"}, {"import": 0, "export": 0, "id": "CL"}, {"import": 0, "export": 0, "id": "LR"}, {"import": 0, "export": 0, "id": "HT"}, {"import": 0, "export": 10662, "id": "TT"}, {"import": 0, "export": 10914, "id": "NZ"}, {"import": 0, "export": 1388, "id": "LC"}, {"import": 0, "export": 10192, "id": "SG"}, {"import": 0, "export": 2268, "id": "BM"}, {"import": 0, "export": 0, "id": "GH"}, {"import": 0, "export": 0, "id": "JO"}, {"import": 0, "export": 0, "id": "BB"}, {"import": 0, "export": 5346, "id": "VG"}, {"import": 0, "export": 0, "id": "CM"}, {"import": 0, "export": 1429, "id": "AE"}, {"import": 0, "export": 0, "id": "TR"}, {"import": 0, "export": 0, "id": "VN"}, {"import": 0, "export": 0, "id": "ES"}, {"import": 0, "export": 0, "id": "CH"}, {"import": 0, "export": 0, "id": "TH"}, {"import": 0, "export": 0, "id": "TG"}, {"import": 0, "export": 0, "id": "UG"}, {"import": 0, "export": 10509466, "id": "GB"}, {"import": 0, "export": 20007, "id": "VE"}, {"import": 0, "export": 0, "id": "SA"}, {"import": 0, "export": 0, "id": "IN"}, {"import": 0, "export": 0, "id": "PY"}, {"import": 0, "export": 200490, "id": "PT"}, {"import": 0, "export": 0, "id": "QA"}, {"import": 0, "export": 0, "id": "KN"}, {"import": 0, "export": 0, "id": "NI"}, {"import": 0, "export": 0, "id": "NG"}, {"import": 0, "export": 17727, "id": "PK"}, {"import": 0, "export": 0, "id": "MS"}, {"import": 0, "export": 0, "id": "NL"}, {"import": 0, "export": 0, "id": "-"}, {"import": 0, "export": 0, "id": "AW"}, {"import": 0, "export": 0, "id": "KH"}, {"import": 0, "export": 3731, "id": "CR"}, {"import": 0, "export": 3866, "id": "DK"}, {"import": 0, "export": 0, "id": "DM"}, {"import": 0, "export": 4800, "id": "DO"}, {"import": 0, "export": 57591, "id": "SV"}, {"import": 0, "export": 0, "id": "FR"}, {"import": 0, "export": 0, "id": "BZ"}, {"import": 0, "export": 1113, "id": "BH"}, {"import": 0, "export": 35142, "id": "AG"}, {"import": 0, "export": 0, "id": "AR"}, {"import": 0, "export": 0, "id": "AU"}, {"import": 0, "export": 19835, "id": "AT"}, {"import": 0, "export": 12392, "id": "GT"}, {"import": 0, "export": 0, "id": "GY"}, {"import": 0, "export": 2268, "id": "HN"}, {"import": 0, "export": 3080, "id": "IL"}, {"import": 0, "export": 0, "id": "IT"}, {"import": 0, "export": 0, "id": "MG"}, {"import": 0, "export": 11200, "id": "KW"}, {"import": 0, "export": 0, "id": "JP"}], "import": 0, "export": 29401164}, {"date": "2020-03-01", "list": [{"import": 0, "export": 11500000, "id": "KR"}, {"import": 0, "export": 3460909, "id": "TW"}, {"import": 0, "export": 3451257, "id": "CA"}, {"import": 0, "export": 822426, "id": "MX"}, {"import": 0, "export": 210105, "id": "BE"}, {"import": 0, "export": 79059, "id": "JM"}, {"import": 0, "export": 0, "id": "DE"}, {"import": 0, "export": 125857, "id": "CO"}, {"import": 0, "export": 86603, "id": "BS"}, {"import": 0, "export": 328047, "id": "KY"}, {"import": 0, "export": 10690, "id": "TC"}, {"import": 0, "export": 21647, "id": "PA"}, {"import": 0, "export": 0, "id": "CL"}, {"import": 0, "export": 0, "id": "LR"}, {"import": 0, "export": 0, "id": "HT"}, {"import": 0, "export": 7516, "id": "TT"}, {"import": 0, "export": 25627, "id": "NZ"}, {"import": 0, "export": 0, "id": "LC"}, {"import": 0, "export": 15000, "id": "SG"}, {"import": 0, "export": 6488, "id": "BM"}, {"import": 0, "export": 0, "id": "GH"}, {"import": 0, "export": 0, "id": "JO"}, {"import": 0, "export": 1924, "id": "BB"}, {"import": 0, "export": 11760, "id": "VG"}, {"import": 0, "export": 0, "id": "CM"}, {"import": 0, "export": 0, "id": "AE"}, {"import": 0, "export": 0, "id": "TR"}, {"import": 0, "export": 0, "id": "VN"}, {"import": 0, "export": 0, "id": "ES"}, {"import": 0, "export": 19716, "id": "CH"}, {"import": 0, "export": 0, "id": "TH"}, {"import": 0, "export": 0, "id": "TG"}, {"import": 0, "export": 0, "id": "UG"}, {"import": 0, "export": 546421, "id": "GB"}, {"import": 0, "export": 10871, "id": "VE"}, {"import": 0, "export": 0, "id": "SA"}, {"import": 0, "export": 18533, "id": "IN"}, {"import": 0, "export": 0, "id": "PY"}, {"import": 0, "export": 0, "id": "PT"}, {"import": 0, "export": 7040, "id": "QA"}, {"import": 0, "export": 4532, "id": "KN"}, {"import": 0, "export": 0, "id": "NI"}, {"import": 0, "export": 0, "id": "NG"}, {"import": 0, "export": 0, "id": "PK"}, {"import": 0, "export": 0, "id": "MS"}, {"import": 0, "export": 79196, "id": "NL"}, {"import": 0, "export": 9893, "id": "-"}, {"import": 0, "export": 25736, "id": "AW"}, {"import": 0, "export": 0, "id": "KH"}, {"import": 0, "export": 0, "id": "CR"}, {"import": 0, "export": 0, "id": "DK"}, {"import": 0, "export": 17963, "id": "DM"}, {"import": 0, "export": 0, "id": "DO"}, {"import": 0, "export": 19197, "id": "SV"}, {"import": 0, "export": 0, "id": "FR"}, {"import": 0, "export": 0, "id": "BZ"}, {"import": 0, "export": 0, "id": "BH"}, {"import": 0, "export": 1780, "id": "AG"}, {"import": 0, "export": 0, "id": "AR"}, {"import": 0, "export": 0, "id": "AU"}, {"import": 0, "export": 0, "id": "AT"}, {"import": 0, "export": 20433, "id": "GT"}, {"import": 0, "export": 0, "id": "GY"}, {"import": 0, "export": 3000000, "id": "HN"}, {"import": 0, "export": 0, "id": "IL"}, {"import": 0, "export": 0, "id": "IT"}, {"import": 0, "export": 0, "id": "MG"}, {"import": 0, "export": 1841, "id": "KW"}, {"import": 0, "export": 220000, "id": "JP"}], "import": 0, "export": 24168067}, {"date": "2020-04-01", "list": [{"import": 0, "export": 12200000, "id": "KR"}, {"import": 0, "export": 6459658, "id": "TW"}, {"import": 0, "export": 3495635, "id": "CA"}, {"import": 0, "export": 879625, "id": "MX"}, {"import": 0, "export": 63277, "id": "BE"}, {"import": 0, "export": 90189, "id": "JM"}, {"import": 0, "export": 0, "id": "DE"}, {"import": 0, "export": 21559, "id": "CO"}, {"import": 0, "export": 33866, "id": "BS"}, {"import": 0, "export": 289906, "id": "KY"}, {"import": 0, "export": 45107, "id": "TC"}, {"import": 0, "export": 17430, "id": "PA"}, {"import": 0, "export": 0, "id": "CL"}, {"import": 0, "export": 0, "id": "LR"}, {"import": 0, "export": 0, "id": "HT"}, {"import": 0, "export": 22347, "id": "TT"}, {"import": 0, "export": 71926, "id": "NZ"}, {"import": 0, "export": 0, "id": "LC"}, {"import": 0, "export": 0, "id": "SG"}, {"import": 0, "export": 8739, "id": "BM"}, {"import": 0, "export": 0, "id": "GH"}, {"import": 0, "export": 0, "id": "JO"}, {"import": 0, "export": 2232, "id": "BB"}, {"import": 0, "export": 10659, "id": "VG"}, {"import": 0, "export": 0, "id": "CM"}, {"import": 0, "export": 51401, "id": "AE"}, {"import": 0, "export": 0, "id": "TR"}, {"import": 0, "export": 0, "id": "VN"}, {"import": 0, "export": 0, "id": "ES"}, {"import": 0, "export": 0, "id": "CH"}, {"import": 0, "export": 0, "id": "TH"}, {"import": 0, "export": 0, "id": "TG"}, {"import": 0, "export": 0, "id": "UG"}, {"import": 0, "export": 477489, "id": "GB"}, {"import": 0, "export": 4914, "id": "VE"}, {"import": 0, "export": 13605, "id": "SA"}, {"import": 0, "export": 0, "id": "IN"}, {"import": 0, "export": 0, "id": "PY"}, {"import": 0, "export": 0, "id": "PT"}, {"import": 0, "export": 0, "id": "QA"}, {"import": 0, "export": 0, "id": "KN"}, {"import": 0, "export": 6378, "id": "NI"}, {"import": 0, "export": 0, "id": "NG"}, {"import": 0, "export": 17727, "id": "PK"}, {"import": 0, "export": 0, "id": "MS"}, {"import": 0, "export": 0, "id": "NL"}, {"import": 0, "export": 3746, "id": "-"}, {"import": 0, "export": 5893, "id": "AW"}, {"import": 0, "export": 0, "id": "KH"}, {"import": 0, "export": 0, "id": "CR"}, {"import": 0, "export": 0, "id": "DK"}, {"import": 0, "export": 16330, "id": "DM"}, {"import": 0, "export": 0, "id": "DO"}, {"import": 0, "export": 0, "id": "SV"}, {"import": 0, "export": 0, "id": "FR"}, {"import": 0, "export": 0, "id": "BZ"}, {"import": 0, "export": 0, "id": "BH"}, {"import": 0, "export": 0, "id": "AG"}, {"import": 0, "export": 2978, "id": "AR"}, {"import": 0, "export": 50603, "id": "AU"}, {"import": 0, "export": 0, "id": "AT"}, {"import": 0, "export": 0, "id": "GT"}, {"import": 0, "export": 0, "id": "GY"}, {"import": 0, "export": 0, "id": "HN"}, {"import": 0, "export": 0, "id": "IL"}, {"import": 0, "export": 0, "id": "IT"}, {"import": 0, "export": 0, "id": "MG"}, {"import": 0, "export": 456, "id": "KW"}, {"import": 0, "export": 395799, "id": "JP"}], "import": 0, "export": 24759474}, {"date": "2020-05-01", "list": [{"import": 0, "export": 34122000, "id": "KR"}, {"import": 0, "export": 4441173, "id": "TW"}, {"import": 0, "export": 3646360, "id": "CA"}, {"import": 0, "export": 1332094, "id": "MX"}, {"import": 0, "export": 0, "id": "BE"}, {"import": 0, "export": 227562, "id": "JM"}, {"import": 0, "export": 99770, "id": "DE"}, {"import": 0, "export": 21675, "id": "CO"}, {"import": 0, "export": 45886, "id": "BS"}, {"import": 0, "export": 4082, "id": "KY"}, {"import": 0, "export": 56504, "id": "TC"}, {"import": 0, "export": 0, "id": "PA"}, {"import": 0, "export": 0, "id": "CL"}, {"import": 0, "export": 0, "id": "LR"}, {"import": 0, "export": 0, "id": "HT"}, {"import": 0, "export": 6562, "id": "TT"}, {"import": 0, "export": 18924, "id": "NZ"}, {"import": 0, "export": 0, "id": "LC"}, {"import": 0, "export": 4073, "id": "SG"}, {"import": 0, "export": 13751, "id": "BM"}, {"import": 0, "export": 0, "id": "GH"}, {"import": 0, "export": 0, "id": "JO"}, {"import": 0, "export": 4631, "id": "BB"}, {"import": 0, "export": 3448, "id": "VG"}, {"import": 0, "export": 0, "id": "CM"}, {"import": 0, "export": 19773, "id": "AE"}, {"import": 0, "export": 0, "id": "TR"}, {"import": 0, "export": 0, "id": "VN"}, {"import": 0, "export": 0, "id": "ES"}, {"import": 0, "export": 0, "id": "CH"}, {"import": 0, "export": 0, "id": "TH"}, {"import": 0, "export": 0, "id": "TG"}, {"import": 0, "export": 0, "id": "UG"}, {"import": 0, "export": 13425836, "id": "GB"}, {"import": 0, "export": 720, "id": "VE"}, {"import": 0, "export": 0, "id": "SA"}, {"import": 0, "export": 0, "id": "IN"}, {"import": 0, "export": 0, "id": "PY"}, {"import": 0, "export": 0, "id": "PT"}, {"import": 0, "export": 5443, "id": "QA"}, {"import": 0, "export": 1887, "id": "KN"}, {"import": 0, "export": 0, "id": "NI"}, {"import": 0, "export": 0, "id": "NG"}, {"import": 0, "export": 39272, "id": "PK"}, {"import": 0, "export": 9929, "id": "MS"}, {"import": 0, "export": 0, "id": "NL"}, {"import": 0, "export": 0, "id": "-"}, {"import": 0, "export": 0, "id": "AW"}, {"import": 0, "export": 0, "id": "KH"}, {"import": 0, "export": 0, "id": "CR"}, {"import": 0, "export": 0, "id": "DK"}, {"import": 0, "export": 0, "id": "DM"}, {"import": 0, "export": 0, "id": "DO"}, {"import": 0, "export": 0, "id": "SV"}, {"import": 0, "export": 0, "id": "FR"}, {"import": 0, "export": 0, "id": "BZ"}, {"import": 0, "export": 0, "id": "BH"}, {"import": 0, "export": 0, "id": "AG"}, {"import": 0, "export": 0, "id": "AR"}, {"import": 0, "export": 0, "id": "AU"}, {"import": 0, "export": 0, "id": "AT"}, {"import": 0, "export": 9911, "id": "GT"}, {"import": 0, "export": 0, "id": "GY"}, {"import": 0, "export": 0, "id": "HN"}, {"import": 0, "export": 0, "id": "IL"}, {"import": 0, "export": 0, "id": "IT"}, {"import": 0, "export": 0, "id": "MG"}, {"import": 0, "export": 0, "id": "KW"}, {"import": 0, "export": 0, "id": "JP"}], "import": 0, "export": 57561266}, {"date": "2020-06-01", "list": [{"import": 0, "export": 12962000, "id": "KR"}, {"import": 0, "export": 2004726, "id": "TW"}, {"import": 0, "export": 3053992, "id": "CA"}, {"import": 0, "export": 1387497, "id": "MX"}, {"import": 0, "export": 360437, "id": "BE"}, {"import": 0, "export": 186059, "id": "JM"}, {"import": 0, "export": 99878, "id": "DE"}, {"import": 0, "export": 46979, "id": "CO"}, {"import": 0, "export": 18459, "id": "BS"}, {"import": 0, "export": 14742, "id": "KY"}, {"import": 0, "export": 67865, "id": "TC"}, {"import": 0, "export": 19326, "id": "PA"}, {"import": 0, "export": 0, "id": "CL"}, {"import": 0, "export": 800, "id": "LR"}, {"import": 0, "export": 0, "id": "HT"}, {"import": 0, "export": 2617, "id": "TT"}, {"import": 0, "export": 19051, "id": "NZ"}, {"import": 0, "export": 0, "id": "LC"}, {"import": 0, "export": 12716, "id": "SG"}, {"import": 0, "export": 0, "id": "BM"}, {"import": 0, "export": 0, "id": "GH"}, {"import": 0, "export": 0, "id": "JO"}, {"import": 0, "export": 0, "id": "BB"}, {"import": 0, "export": 0, "id": "VG"}, {"import": 0, "export": 0, "id": "CM"}, {"import": 0, "export": 7276, "id": "AE"}, {"import": 0, "export": 0, "id": "TR"}, {"import": 0, "export": 0, "id": "VN"}, {"import": 0, "export": 0, "id": "ES"}, {"import": 0, "export": 0, "id": "CH"}, {"import": 0, "export": 0, "id": "TH"}, {"import": 0, "export": 0, "id": "TG"}, {"import": 0, "export": 0, "id": "UG"}, {"import": 0, "export": 0, "id": "GB"}, {"import": 0, "export": 0, "id": "VE"}, {"import": 0, "export": 0, "id": "SA"}, {"import": 0, "export": 0, "id": "IN"}, {"import": 0, "export": 75997, "id": "PY"}, {"import": 0, "export": 0, "id": "PT"}, {"import": 0, "export": 0, "id": "QA"}, {"import": 0, "export": 0, "id": "KN"}, {"import": 0, "export": 0, "id": "NI"}, {"import": 0, "export": 0, "id": "NG"}, {"import": 0, "export": 0, "id": "PK"}, {"import": 0, "export": 0, "id": "MS"}, {"import": 0, "export": 0, "id": "NL"}, {"import": 0, "export": 1133, "id": "-"}, {"import": 0, "export": 0, "id": "AW"}, {"import": 0, "export": 0, "id": "KH"}, {"import": 0, "export": 0, "id": "CR"}, {"import": 0, "export": 0, "id": "DK"}, {"import": 0, "export": 0, "id": "DM"}, {"import": 0, "export": 0, "id": "DO"}, {"import": 0, "export": 17244, "id": "SV"}, {"import": 0, "export": 2858, "id": "FR"}, {"import": 0, "export": 0, "id": "BZ"}, {"import": 0, "export": 0, "id": "BH"}, {"import": 0, "export": 0, "id": "AG"}, {"import": 0, "export": 0, "id": "AR"}, {"import": 0, "export": 0, "id": "AU"}, {"import": 0, "export": 0, "id": "AT"}, {"import": 0, "export": 7254, "id": "GT"}, {"import": 0, "export": 0, "id": "GY"}, {"import": 0, "export": 10743, "id": "HN"}, {"import": 0, "export": 0, "id": "IL"}, {"import": 0, "export": 0, "id": "IT"}, {"import": 0, "export": 0, "id": "MG"}, {"import": 0, "export": 0, "id": "KW"}, {"import": 0, "export": 0, "id": "JP"}], "import": 0, "export": 20379649}, {"date": "2020-07-01", "list": [{"import": 0, "export": 460000, "id": "KR"}, {"import": 0, "export": 1281894, "id": "TW"}, {"import": 0, "export": 2488508, "id": "CA"}, {"import": 0, "export": 639779, "id": "MX"}, {"import": 0, "export": 486003, "id": "BE"}, {"import": 0, "export": 164991, "id": "JM"}, {"import": 0, "export": 0, "id": "DE"}, {"import": 0, "export": 98510, "id": "CO"}, {"import": 0, "export": 42655, "id": "BS"}, {"import": 0, "export": 63661, "id": "KY"}, {"import": 0, "export": 28345, "id": "TC"}, {"import": 0, "export": 17265, "id": "PA"}, {"import": 0, "export": 19482, "id": "CL"}, {"import": 0, "export": 0, "id": "LR"}, {"import": 0, "export": 0, "id": "HT"}, {"import": 0, "export": 871, "id": "TT"}, {"import": 0, "export": 0, "id": "NZ"}, {"import": 0, "export": 0, "id": "LC"}, {"import": 0, "export": 41000, "id": "SG"}, {"import": 0, "export": 0, "id": "BM"}, {"import": 0, "export": 0, "id": "GH"}, {"import": 0, "export": 0, "id": "JO"}, {"import": 0, "export": 871, "id": "BB"}, {"import": 0, "export": 7412, "id": "VG"}, {"import": 0, "export": 0, "id": "CM"}, {"import": 0, "export": 0, "id": "AE"}, {"import": 0, "export": 0, "id": "TR"}, {"import": 0, "export": 0, "id": "VN"}, {"import": 0, "export": 0, "id": "ES"}, {"import": 0, "export": 0, "id": "CH"}, {"import": 0, "export": 2109, "id": "TH"}, {"import": 0, "export": 0, "id": "TG"}, {"import": 0, "export": 1654, "id": "UG"}, {"import": 0, "export": 168585, "id": "GB"}, {"import": 0, "export": 0, "id": "VE"}, {"import": 0, "export": 0, "id": "SA"}, {"import": 0, "export": 0, "id": "IN"}, {"import": 0, "export": 0, "id": "PY"}, {"import": 0, "export": 0, "id": "PT"}, {"import": 0, "export": 0, "id": "QA"}, {"import": 0, "export": 1887, "id": "KN"}, {"import": 0, "export": 0, "id": "NI"}, {"import": 0, "export": 0, "id": "NG"}, {"import": 0, "export": 0, "id": "PK"}, {"import": 0, "export": 0, "id": "MS"}, {"import": 0, "export": 0, "id": "NL"}, {"import": 0, "export": 0, "id": "-"}, {"import": 0, "export": 1924, "id": "AW"}, {"import": 0, "export": 0, "id": "KH"}, {"import": 0, "export": 0, "id": "CR"}, {"import": 0, "export": 0, "id": "DK"}, {"import": 0, "export": 17963, "id": "DM"}, {"import": 0, "export": 2580, "id": "DO"}, {"import": 0, "export": 0, "id": "SV"}, {"import": 0, "export": 0, "id": "FR"}, {"import": 0, "export": 0, "id": "BZ"}, {"import": 0, "export": 0, "id": "BH"}, {"import": 0, "export": 0, "id": "AG"}, {"import": 0, "export": 0, "id": "AR"}, {"import": 0, "export": 0, "id": "AU"}, {"import": 0, "export": 0, "id": "AT"}, {"import": 0, "export": 0, "id": "GT"}, {"import": 0, "export": 0, "id": "GY"}, {"import": 0, "export": 0, "id": "HN"}, {"import": 0, "export": 3080, "id": "IL"}, {"import": 0, "export": 0, "id": "IT"}, {"import": 0, "export": 120121, "id": "MG"}, {"import": 0, "export": 0, "id": "KW"}, {"import": 0, "export": 0, "id": "JP"}], "import": 0, "export": 6161150}, {"date": "2020-08-01", "list": [{"import": 0, "export": 10480000, "id": "KR"}, {"import": 0, "export": 3430863, "id": "TW"}, {"import": 0, "export": 3281966, "id": "CA"}, {"import": 0, "export": 502668, "id": "MX"}, {"import": 0, "export": 362089, "id": "BE"}, {"import": 0, "export": 209395, "id": "JM"}, {"import": 0, "export": 182653, "id": "DE"}, {"import": 0, "export": 102161, "id": "CO"}, {"import": 0, "export": 70316, "id": "BS"}, {"import": 0, "export": 65262, "id": "KY"}, {"import": 0, "export": 34709, "id": "TC"}, {"import": 0, "export": 23975, "id": "PA"}, {"import": 0, "export": 19255, "id": "CL"}, {"import": 0, "export": 17339, "id": "LR"}, {"import": 0, "export": 15679, "id": "HT"}, {"import": 0, "export": 7079, "id": "TT"}, {"import": 0, "export": 7000, "id": "NZ"}, {"import": 0, "export": 4536, "id": "LC"}, {"import": 0, "export": 4315, "id": "SG"}, {"import": 0, "export": 4277, "id": "BM"}, {"import": 0, "export": 2722, "id": "GH"}, {"import": 0, "export": 2285, "id": "JO"}, {"import": 0, "export": 1702, "id": "BB"}, {"import": 0, "export": 1589, "id": "VG"}, {"import": 0, "export": 1487, "id": "CM"}, {"import": 0, "export": 1135, "id": "AE"}, {"import": 0, "export": 0, "id": "TR"}, {"import": 0, "export": 0, "id": "VN"}, {"import": 0, "export": 0, "id": "ES"}, {"import": 0, "export": 0, "id": "CH"}, {"import": 0, "export": 0, "id": "TH"}, {"import": 0, "export": 0, "id": "TG"}, {"import": 0, "export": 0, "id": "UG"}, {"import": 0, "export": 0, "id": "GB"}, {"import": 0, "export": 0, "id": "VE"}, {"import": 0, "export": 0, "id": "SA"}, {"import": 0, "export": 0, "id": "IN"}, {"import": 0, "export": 0, "id": "PY"}, {"import": 0, "export": 0, "id": "PT"}, {"import": 0, "export": 0, "id": "QA"}, {"import": 0, "export": 0, "id": "KN"}, {"import": 0, "export": 0, "id": "NI"}, {"import": 0, "export": 0, "id": "NG"}, {"import": 0, "export": 0, "id": "PK"}, {"import": 0, "export": 0, "id": "MS"}, {"import": 0, "export": 0, "id": "NL"}, {"import": 0, "export": 0, "id": "-"}, {"import": 0, "export": 0, "id": "AW"}, {"import": 0, "export": 0, "id": "KH"}, {"import": 0, "export": 0, "id": "CR"}, {"import": 0, "export": 0, "id": "DK"}, {"import": 0, "export": 0, "id": "DM"}, {"import": 0, "export": 0, "id": "DO"}, {"import": 0, "export": 0, "id": "SV"}, {"import": 0, "export": 0, "id": "FR"}, {"import": 0, "export": 0, "id": "BZ"}, {"import": 0, "export": 0, "id": "BH"}, {"import": 0, "export": 0, "id": "AG"}, {"import": 0, "export": 0, "id": "AR"}, {"import": 0, "export": 0, "id": "AU"}, {"import": 0, "export": 0, "id": "AT"}, {"import": 0, "export": 0, "id": "GT"}, {"import": 0, "export": 0, "id": "GY"}, {"import": 0, "export": 0, "id": "HN"}, {"import": 0, "export": 0, "id": "IL"}, {"import": 0, "export": 0, "id": "IT"}, {"import": 0, "export": 0, "id": "MG"}, {"import": 0, "export": 0, "id": "KW"}, {"import": 0, "export": 0, "id": "JP"}], "import": 0, "export": 18836457}]