[{"date": "2018-05-01", "list": [{"import": 0, "export": 470000, "id": "PH"}, {"import": 0, "export": 0, "id": "VN"}, {"import": 0, "export": 0, "id": "IT"}, {"import": 0, "export": 0, "id": "KR"}, {"import": 0, "export": 15882016, "id": "NP"}, {"import": 0, "export": 702220, "id": "BD"}, {"import": 0, "export": 0, "id": "MW"}, {"import": 0, "export": 0, "id": "CA"}, {"import": 0, "export": 25000, "id": "AE"}, {"import": 0, "export": 0, "id": "MY"}, {"import": 0, "export": 0, "id": "ML"}, {"import": 0, "export": 0, "id": "MU"}, {"import": 0, "export": 0, "id": "OM"}, {"import": 0, "export": 0, "id": "NG"}, {"import": 0, "export": 0, "id": "MP"}, {"import": 0, "export": 0, "id": "PW"}, {"import": 0, "export": 0, "id": "PK"}, {"import": 0, "export": 0, "id": "ZA"}, {"import": 0, "export": 0, "id": "TG"}, {"import": 0, "export": 0, "id": "AU"}, {"import": 0, "export": 0, "id": "BH"}, {"import": 0, "export": 4000, "id": "QA"}, {"import": 0, "export": 15000, "id": "SA"}, {"import": 0, "export": 0, "id": "SN"}, {"import": 0, "export": 600, "id": "SL"}, {"import": 0, "export": 0, "id": "SG"}, {"import": 0, "export": 12000, "id": "LK"}, {"import": 0, "export": 0, "id": "CN"}, {"import": 0, "export": 0, "id": "FR"}, {"import": 0, "export": 0, "id": "GA"}, {"import": 0, "export": 0, "id": "GM"}, {"import": 0, "export": 0, "id": "DE"}, {"import": 0, "export": 0, "id": "GH"}, {"import": 0, "export": 0, "id": "GR"}, {"import": 0, "export": 0, "id": "GD"}, {"import": 0, "export": 2860000, "id": "ID"}, {"import": 0, "export": 0, "id": "BE"}, {"import": 0, "export": 775, "id": "BT"}, {"import": 0, "export": 0, "id": "BR"}, {"import": 0, "export": 0, "id": "-"}, {"import": 0, "export": 0, "id": "KE"}, {"import": 0, "export": 8000, "id": "KW"}, {"import": 0, "export": 0, "id": "MO"}, {"import": 0, "export": 0, "id": "MG"}, {"import": 0, "export": 0, "id": "GB"}, {"import": 0, "export": 0, "id": "US"}], "import": 0, "export": 19979611}, {"date": "2018-06-01", "list": [{"import": 0, "export": 678253, "id": "PH"}, {"import": 0, "export": 0, "id": "VN"}, {"import": 0, "export": 0, "id": "IT"}, {"import": 0, "export": 0, "id": "KR"}, {"import": 0, "export": 12185058, "id": "NP"}, {"import": 0, "export": 150000, "id": "BD"}, {"import": 0, "export": 0, "id": "MW"}, {"import": 0, "export": 0, "id": "CA"}, {"import": 0, "export": 25000, "id": "AE"}, {"import": 0, "export": 0, "id": "MY"}, {"import": 0, "export": 0, "id": "ML"}, {"import": 0, "export": 0, "id": "MU"}, {"import": 0, "export": 0, "id": "OM"}, {"import": 0, "export": 0, "id": "NG"}, {"import": 0, "export": 0, "id": "MP"}, {"import": 0, "export": 0, "id": "PW"}, {"import": 0, "export": 0, "id": "PK"}, {"import": 0, "export": 0, "id": "ZA"}, {"import": 0, "export": 0, "id": "TG"}, {"import": 0, "export": 0, "id": "AU"}, {"import": 0, "export": 52000, "id": "BH"}, {"import": 0, "export": 0, "id": "QA"}, {"import": 0, "export": 0, "id": "SA"}, {"import": 0, "export": 0, "id": "SN"}, {"import": 0, "export": 0, "id": "SL"}, {"import": 0, "export": 179000, "id": "SG"}, {"import": 0, "export": 0, "id": "LK"}, {"import": 0, "export": 0, "id": "CN"}, {"import": 0, "export": 0, "id": "FR"}, {"import": 0, "export": 2000, "id": "GA"}, {"import": 0, "export": 0, "id": "GM"}, {"import": 0, "export": 0, "id": "DE"}, {"import": 0, "export": 0, "id": "GH"}, {"import": 0, "export": 25000, "id": "GR"}, {"import": 0, "export": 0, "id": "GD"}, {"import": 0, "export": 520000, "id": "ID"}, {"import": 0, "export": 0, "id": "BE"}, {"import": 0, "export": 61500, "id": "BT"}, {"import": 0, "export": 0, "id": "BR"}, {"import": 0, "export": 0, "id": "-"}, {"import": 0, "export": 0, "id": "KE"}, {"import": 0, "export": 32000, "id": "KW"}, {"import": 0, "export": 3650, "id": "MO"}, {"import": 0, "export": 0, "id": "MG"}, {"import": 0, "export": 0, "id": "GB"}, {"import": 0, "export": 0, "id": "US"}], "import": 0, "export": 13913461}, {"date": "2018-07-01", "list": [{"import": 0, "export": 770050, "id": "PH"}, {"import": 0, "export": 55000, "id": "VN"}, {"import": 0, "export": 0, "id": "IT"}, {"import": 0, "export": 0, "id": "KR"}, {"import": 0, "export": 11018376, "id": "NP"}, {"import": 0, "export": 0, "id": "BD"}, {"import": 0, "export": 0, "id": "MW"}, {"import": 0, "export": 0, "id": "CA"}, {"import": 0, "export": 0, "id": "AE"}, {"import": 0, "export": 0, "id": "MY"}, {"import": 0, "export": 0, "id": "ML"}, {"import": 0, "export": 2500000, "id": "MU"}, {"import": 0, "export": 0, "id": "OM"}, {"import": 0, "export": 0, "id": "NG"}, {"import": 0, "export": 0, "id": "MP"}, {"import": 0, "export": 0, "id": "PW"}, {"import": 0, "export": 0, "id": "PK"}, {"import": 0, "export": 0, "id": "ZA"}, {"import": 0, "export": 0, "id": "TG"}, {"import": 0, "export": 0, "id": "AU"}, {"import": 0, "export": 52000, "id": "BH"}, {"import": 0, "export": 0, "id": "QA"}, {"import": 0, "export": 0, "id": "SA"}, {"import": 0, "export": 0, "id": "SN"}, {"import": 0, "export": 0, "id": "SL"}, {"import": 0, "export": 26000, "id": "SG"}, {"import": 0, "export": 0, "id": "LK"}, {"import": 0, "export": 0, "id": "CN"}, {"import": 0, "export": 0, "id": "FR"}, {"import": 0, "export": 0, "id": "GA"}, {"import": 0, "export": 0, "id": "GM"}, {"import": 0, "export": 0, "id": "DE"}, {"import": 0, "export": 0, "id": "GH"}, {"import": 0, "export": 0, "id": "GR"}, {"import": 0, "export": 0, "id": "GD"}, {"import": 0, "export": 0, "id": "ID"}, {"import": 0, "export": 22500, "id": "BE"}, {"import": 0, "export": 0, "id": "BT"}, {"import": 0, "export": 0, "id": "BR"}, {"import": 0, "export": 0, "id": "-"}, {"import": 0, "export": 0, "id": "KE"}, {"import": 0, "export": 0, "id": "KW"}, {"import": 0, "export": 0, "id": "MO"}, {"import": 0, "export": 0, "id": "MG"}, {"import": 0, "export": 10500, "id": "GB"}, {"import": 0, "export": 0, "id": "US"}], "import": 0, "export": 14454426}, {"date": "2018-08-01", "list": [{"import": 0, "export": 844000, "id": "PH"}, {"import": 0, "export": 20000, "id": "VN"}, {"import": 0, "export": 0, "id": "IT"}, {"import": 0, "export": 0, "id": "KR"}, {"import": 0, "export": 13196971, "id": "NP"}, {"import": 0, "export": 422160, "id": "BD"}, {"import": 0, "export": 0, "id": "MW"}, {"import": 0, "export": 0, "id": "CA"}, {"import": 0, "export": 0, "id": "AE"}, {"import": 0, "export": 2010, "id": "MY"}, {"import": 0, "export": 0, "id": "ML"}, {"import": 0, "export": 500000, "id": "MU"}, {"import": 0, "export": 0, "id": "OM"}, {"import": 0, "export": 0, "id": "NG"}, {"import": 0, "export": 0, "id": "MP"}, {"import": 0, "export": 0, "id": "PW"}, {"import": 0, "export": 0, "id": "PK"}, {"import": 0, "export": 0, "id": "ZA"}, {"import": 0, "export": 0, "id": "TG"}, {"import": 0, "export": 0, "id": "AU"}, {"import": 0, "export": 78000, "id": "BH"}, {"import": 0, "export": 24990, "id": "QA"}, {"import": 0, "export": 0, "id": "SA"}, {"import": 0, "export": 0, "id": "SN"}, {"import": 0, "export": 500, "id": "SL"}, {"import": 0, "export": 232000, "id": "SG"}, {"import": 0, "export": 0, "id": "LK"}, {"import": 0, "export": 0, "id": "CN"}, {"import": 0, "export": 0, "id": "FR"}, {"import": 0, "export": 0, "id": "GA"}, {"import": 0, "export": 0, "id": "GM"}, {"import": 0, "export": 0, "id": "DE"}, {"import": 0, "export": 0, "id": "GH"}, {"import": 0, "export": 0, "id": "GR"}, {"import": 0, "export": 0, "id": "GD"}, {"import": 0, "export": 0, "id": "ID"}, {"import": 0, "export": 0, "id": "BE"}, {"import": 0, "export": 3000, "id": "BT"}, {"import": 0, "export": 0, "id": "BR"}, {"import": 0, "export": 6120, "id": "-"}, {"import": 0, "export": 0, "id": "KE"}, {"import": 0, "export": 47000, "id": "KW"}, {"import": 0, "export": 0, "id": "MO"}, {"import": 0, "export": 520000, "id": "MG"}, {"import": 0, "export": 0, "id": "GB"}, {"import": 0, "export": 38493, "id": "US"}], "import": 0, "export": 15935244}, {"date": "2018-09-01", "list": [{"import": 0, "export": 466800, "id": "PH"}, {"import": 0, "export": 60000, "id": "VN"}, {"import": 0, "export": 0, "id": "IT"}, {"import": 0, "export": 0, "id": "KR"}, {"import": 0, "export": 12427612, "id": "NP"}, {"import": 0, "export": 686840, "id": "BD"}, {"import": 0, "export": 0, "id": "MW"}, {"import": 0, "export": 0, "id": "CA"}, {"import": 0, "export": 0, "id": "AE"}, {"import": 0, "export": 12520, "id": "MY"}, {"import": 0, "export": 0, "id": "ML"}, {"import": 0, "export": 0, "id": "MU"}, {"import": 0, "export": 0, "id": "OM"}, {"import": 0, "export": 0, "id": "NG"}, {"import": 0, "export": 104000, "id": "MP"}, {"import": 0, "export": 0, "id": "PW"}, {"import": 0, "export": 0, "id": "PK"}, {"import": 0, "export": 0, "id": "ZA"}, {"import": 0, "export": 0, "id": "TG"}, {"import": 0, "export": 0, "id": "AU"}, {"import": 0, "export": 52000, "id": "BH"}, {"import": 0, "export": 24000, "id": "QA"}, {"import": 0, "export": 24000, "id": "SA"}, {"import": 0, "export": 0, "id": "SN"}, {"import": 0, "export": 0, "id": "SL"}, {"import": 0, "export": 26000, "id": "SG"}, {"import": 0, "export": 26000, "id": "LK"}, {"import": 0, "export": 349, "id": "CN"}, {"import": 0, "export": 25000, "id": "FR"}, {"import": 0, "export": 0, "id": "GA"}, {"import": 0, "export": 0, "id": "GM"}, {"import": 0, "export": 0, "id": "DE"}, {"import": 0, "export": 0, "id": "GH"}, {"import": 0, "export": 0, "id": "GR"}, {"import": 0, "export": 0, "id": "GD"}, {"import": 0, "export": 0, "id": "ID"}, {"import": 0, "export": 0, "id": "BE"}, {"import": 0, "export": 1375, "id": "BT"}, {"import": 0, "export": 0, "id": "BR"}, {"import": 0, "export": 0, "id": "-"}, {"import": 0, "export": 0, "id": "KE"}, {"import": 0, "export": 0, "id": "KW"}, {"import": 0, "export": 0, "id": "MO"}, {"import": 0, "export": 0, "id": "MG"}, {"import": 0, "export": 1200, "id": "GB"}, {"import": 0, "export": 113316, "id": "US"}], "import": 0, "export": 14051012}, {"date": "2018-10-01", "list": [{"import": 0, "export": 1197660, "id": "PH"}, {"import": 30000, "export": 56000, "id": "VN"}, {"import": 0, "export": 0, "id": "IT"}, {"import": 0, "export": 0, "id": "KR"}, {"import": 0, "export": 7757630, "id": "NP"}, {"import": 0, "export": 911055, "id": "BD"}, {"import": 0, "export": 0, "id": "MW"}, {"import": 0, "export": 0, "id": "CA"}, {"import": 0, "export": 0, "id": "AE"}, {"import": 0, "export": 3450, "id": "MY"}, {"import": 0, "export": 0, "id": "ML"}, {"import": 0, "export": 0, "id": "MU"}, {"import": 0, "export": 0, "id": "OM"}, {"import": 0, "export": 40000, "id": "NG"}, {"import": 0, "export": 0, "id": "MP"}, {"import": 0, "export": 0, "id": "PW"}, {"import": 0, "export": 0, "id": "PK"}, {"import": 0, "export": 0, "id": "ZA"}, {"import": 0, "export": 0, "id": "TG"}, {"import": 0, "export": 0, "id": "AU"}, {"import": 0, "export": 0, "id": "BH"}, {"import": 0, "export": 0, "id": "QA"}, {"import": 0, "export": 0, "id": "SA"}, {"import": 0, "export": 0, "id": "SN"}, {"import": 0, "export": 0, "id": "SL"}, {"import": 0, "export": 26000, "id": "SG"}, {"import": 0, "export": 0, "id": "LK"}, {"import": 0, "export": 2000, "id": "CN"}, {"import": 0, "export": 0, "id": "FR"}, {"import": 0, "export": 0, "id": "GA"}, {"import": 0, "export": 0, "id": "GM"}, {"import": 0, "export": 0, "id": "DE"}, {"import": 0, "export": 0, "id": "GH"}, {"import": 0, "export": 0, "id": "GR"}, {"import": 0, "export": 0, "id": "GD"}, {"import": 0, "export": 0, "id": "ID"}, {"import": 0, "export": 0, "id": "BE"}, {"import": 0, "export": 15000, "id": "BT"}, {"import": 0, "export": 0, "id": "BR"}, {"import": 0, "export": 0, "id": "-"}, {"import": 0, "export": 0, "id": "KE"}, {"import": 0, "export": 0, "id": "KW"}, {"import": 0, "export": 0, "id": "MO"}, {"import": 0, "export": 0, "id": "MG"}, {"import": 0, "export": 0, "id": "GB"}, {"import": 0, "export": 113316, "id": "US"}], "import": 30000, "export": 10122111}, {"date": "2018-11-01", "list": [{"import": 0, "export": 970442, "id": "PH"}, {"import": 0, "export": 0, "id": "VN"}, {"import": 0, "export": 0, "id": "IT"}, {"import": 0, "export": 0, "id": "KR"}, {"import": 0, "export": 10897719, "id": "NP"}, {"import": 0, "export": 450270, "id": "BD"}, {"import": 0, "export": 0, "id": "MW"}, {"import": 0, "export": 0, "id": "CA"}, {"import": 0, "export": 0, "id": "AE"}, {"import": 0, "export": 0, "id": "MY"}, {"import": 0, "export": 0, "id": "ML"}, {"import": 0, "export": 0, "id": "MU"}, {"import": 0, "export": 0, "id": "OM"}, {"import": 0, "export": 0, "id": "NG"}, {"import": 0, "export": 0, "id": "MP"}, {"import": 0, "export": 0, "id": "PW"}, {"import": 0, "export": 0, "id": "PK"}, {"import": 0, "export": 1000, "id": "ZA"}, {"import": 0, "export": 0, "id": "TG"}, {"import": 0, "export": 0, "id": "AU"}, {"import": 0, "export": 0, "id": "BH"}, {"import": 0, "export": 0, "id": "QA"}, {"import": 0, "export": 0, "id": "SA"}, {"import": 0, "export": 0, "id": "SN"}, {"import": 0, "export": 0, "id": "SL"}, {"import": 0, "export": 0, "id": "SG"}, {"import": 0, "export": 0, "id": "LK"}, {"import": 0, "export": 0, "id": "CN"}, {"import": 0, "export": 25080, "id": "FR"}, {"import": 0, "export": 0, "id": "GA"}, {"import": 0, "export": 0, "id": "GM"}, {"import": 0, "export": 0, "id": "DE"}, {"import": 0, "export": 0, "id": "GH"}, {"import": 0, "export": 0, "id": "GR"}, {"import": 0, "export": 0, "id": "GD"}, {"import": 0, "export": 0, "id": "ID"}, {"import": 0, "export": 0, "id": "BE"}, {"import": 0, "export": 30000, "id": "BT"}, {"import": 0, "export": 0, "id": "BR"}, {"import": 0, "export": 0, "id": "-"}, {"import": 0, "export": 0, "id": "KE"}, {"import": 0, "export": 0, "id": "KW"}, {"import": 0, "export": 0, "id": "MO"}, {"import": 0, "export": 0, "id": "MG"}, {"import": 0, "export": 0, "id": "GB"}, {"import": 0, "export": 0, "id": "US"}], "import": 0, "export": 12374511}, {"date": "2018-12-01", "list": [{"import": 32, "export": 537466, "id": "PH"}, {"import": 0, "export": 40000, "id": "VN"}, {"import": 0, "export": 0, "id": "IT"}, {"import": 1323, "export": 0, "id": "KR"}, {"import": 31680, "export": 37291969, "id": "NP"}, {"import": 0, "export": 100000, "id": "BD"}, {"import": 0, "export": 0, "id": "MW"}, {"import": 0, "export": 0, "id": "CA"}, {"import": 0, "export": 0, "id": "AE"}, {"import": 0, "export": 17828, "id": "MY"}, {"import": 0, "export": 0, "id": "ML"}, {"import": 0, "export": 0, "id": "MU"}, {"import": 0, "export": 0, "id": "OM"}, {"import": 0, "export": 22300, "id": "NG"}, {"import": 0, "export": 0, "id": "MP"}, {"import": 0, "export": 0, "id": "PW"}, {"import": 0, "export": 0, "id": "PK"}, {"import": 0, "export": 0, "id": "ZA"}, {"import": 0, "export": 0, "id": "TG"}, {"import": 0, "export": 0, "id": "AU"}, {"import": 0, "export": 0, "id": "BH"}, {"import": 0, "export": 0, "id": "QA"}, {"import": 0, "export": 0, "id": "SA"}, {"import": 0, "export": 0, "id": "SN"}, {"import": 0, "export": 0, "id": "SL"}, {"import": 0, "export": 52000, "id": "SG"}, {"import": 0, "export": 0, "id": "LK"}, {"import": 0, "export": 10000, "id": "CN"}, {"import": 0, "export": 0, "id": "FR"}, {"import": 0, "export": 0, "id": "GA"}, {"import": 0, "export": 0, "id": "GM"}, {"import": 0, "export": 0, "id": "DE"}, {"import": 0, "export": 0, "id": "GH"}, {"import": 0, "export": 0, "id": "GR"}, {"import": 0, "export": 0, "id": "GD"}, {"import": 0, "export": 0, "id": "ID"}, {"import": 0, "export": 0, "id": "BE"}, {"import": 0, "export": 0, "id": "BT"}, {"import": 0, "export": 0, "id": "BR"}, {"import": 0, "export": 0, "id": "-"}, {"import": 0, "export": 0, "id": "KE"}, {"import": 0, "export": 0, "id": "KW"}, {"import": 0, "export": 0, "id": "MO"}, {"import": 0, "export": 0, "id": "MG"}, {"import": 0, "export": 0, "id": "GB"}, {"import": 0, "export": 0, "id": "US"}], "import": 33035, "export": 38071563}, {"date": "2019-01-01", "list": [{"import": 0, "export": 1145111, "id": "PH"}, {"import": 0, "export": 0, "id": "VN"}, {"import": 0, "export": 0, "id": "IT"}, {"import": 0, "export": 0, "id": "KR"}, {"import": 0, "export": 39835536, "id": "NP"}, {"import": 0, "export": 100000, "id": "BD"}, {"import": 0, "export": 0, "id": "MW"}, {"import": 0, "export": 0, "id": "CA"}, {"import": 0, "export": 0, "id": "AE"}, {"import": 0, "export": 0, "id": "MY"}, {"import": 0, "export": 0, "id": "ML"}, {"import": 0, "export": 0, "id": "MU"}, {"import": 0, "export": 0, "id": "OM"}, {"import": 0, "export": 0, "id": "NG"}, {"import": 0, "export": 0, "id": "MP"}, {"import": 0, "export": 0, "id": "PW"}, {"import": 0, "export": 0, "id": "PK"}, {"import": 0, "export": 0, "id": "ZA"}, {"import": 0, "export": 0, "id": "TG"}, {"import": 0, "export": 0, "id": "AU"}, {"import": 0, "export": 78000, "id": "BH"}, {"import": 0, "export": 15500, "id": "QA"}, {"import": 0, "export": 0, "id": "SA"}, {"import": 0, "export": 0, "id": "SN"}, {"import": 0, "export": 0, "id": "SL"}, {"import": 0, "export": 0, "id": "SG"}, {"import": 0, "export": 0, "id": "LK"}, {"import": 0, "export": 0, "id": "CN"}, {"import": 0, "export": 0, "id": "FR"}, {"import": 0, "export": 0, "id": "GA"}, {"import": 0, "export": 0, "id": "GM"}, {"import": 0, "export": 0, "id": "DE"}, {"import": 0, "export": 0, "id": "GH"}, {"import": 0, "export": 0, "id": "GR"}, {"import": 0, "export": 0, "id": "GD"}, {"import": 0, "export": 0, "id": "ID"}, {"import": 0, "export": 0, "id": "BE"}, {"import": 0, "export": 0, "id": "BT"}, {"import": 0, "export": 0, "id": "BR"}, {"import": 0, "export": 0, "id": "-"}, {"import": 0, "export": 0, "id": "KE"}, {"import": 0, "export": 0, "id": "KW"}, {"import": 0, "export": 0, "id": "MO"}, {"import": 0, "export": 0, "id": "MG"}, {"import": 0, "export": 0, "id": "GB"}, {"import": 0, "export": 0, "id": "US"}], "import": 0, "export": 41174147}, {"date": "2019-02-01", "list": [{"import": 0, "export": 245440, "id": "PH"}, {"import": 32918, "export": 70000, "id": "VN"}, {"import": 0, "export": 0, "id": "IT"}, {"import": 0, "export": 0, "id": "KR"}, {"import": 0, "export": 27965034, "id": "NP"}, {"import": 0, "export": 56050, "id": "BD"}, {"import": 0, "export": 0, "id": "MW"}, {"import": 0, "export": 0, "id": "CA"}, {"import": 0, "export": 0, "id": "AE"}, {"import": 0, "export": 0, "id": "MY"}, {"import": 0, "export": 0, "id": "ML"}, {"import": 0, "export": 0, "id": "MU"}, {"import": 0, "export": 0, "id": "OM"}, {"import": 0, "export": 0, "id": "NG"}, {"import": 0, "export": 0, "id": "MP"}, {"import": 0, "export": 2000, "id": "PW"}, {"import": 0, "export": 0, "id": "PK"}, {"import": 0, "export": 0, "id": "ZA"}, {"import": 0, "export": 0, "id": "TG"}, {"import": 0, "export": 1000, "id": "AU"}, {"import": 0, "export": 0, "id": "BH"}, {"import": 0, "export": 0, "id": "QA"}, {"import": 0, "export": 0, "id": "SA"}, {"import": 0, "export": 0, "id": "SN"}, {"import": 0, "export": 0, "id": "SL"}, {"import": 0, "export": 0, "id": "SG"}, {"import": 0, "export": 0, "id": "LK"}, {"import": 0, "export": 0, "id": "CN"}, {"import": 0, "export": 0, "id": "FR"}, {"import": 0, "export": 0, "id": "GA"}, {"import": 0, "export": 0, "id": "GM"}, {"import": 0, "export": 0, "id": "DE"}, {"import": 0, "export": 0, "id": "GH"}, {"import": 0, "export": 0, "id": "GR"}, {"import": 0, "export": 0, "id": "GD"}, {"import": 0, "export": 0, "id": "ID"}, {"import": 0, "export": 0, "id": "BE"}, {"import": 0, "export": 0, "id": "BT"}, {"import": 0, "export": 0, "id": "BR"}, {"import": 0, "export": 0, "id": "-"}, {"import": 0, "export": 0, "id": "KE"}, {"import": 0, "export": 6351, "id": "KW"}, {"import": 0, "export": 0, "id": "MO"}, {"import": 0, "export": 0, "id": "MG"}, {"import": 0, "export": 0, "id": "GB"}, {"import": 0, "export": 37772, "id": "US"}], "import": 32918, "export": 28383647}, {"date": "2019-03-01", "list": [{"import": 0, "export": 173020, "id": "PH"}, {"import": 0, "export": 0, "id": "VN"}, {"import": 0, "export": 0, "id": "IT"}, {"import": 0, "export": 0, "id": "KR"}, {"import": 0, "export": 19565095, "id": "NP"}, {"import": 0, "export": 800000, "id": "BD"}, {"import": 0, "export": 0, "id": "MW"}, {"import": 0, "export": 0, "id": "CA"}, {"import": 0, "export": 0, "id": "AE"}, {"import": 0, "export": 0, "id": "MY"}, {"import": 0, "export": 0, "id": "ML"}, {"import": 0, "export": 0, "id": "MU"}, {"import": 0, "export": 0, "id": "OM"}, {"import": 0, "export": 0, "id": "NG"}, {"import": 0, "export": 0, "id": "MP"}, {"import": 0, "export": 0, "id": "PW"}, {"import": 0, "export": 80000, "id": "PK"}, {"import": 0, "export": 0, "id": "ZA"}, {"import": 0, "export": 0, "id": "TG"}, {"import": 0, "export": 15500, "id": "AU"}, {"import": 0, "export": 0, "id": "BH"}, {"import": 0, "export": 0, "id": "QA"}, {"import": 0, "export": 26000, "id": "SA"}, {"import": 0, "export": 0, "id": "SN"}, {"import": 0, "export": 0, "id": "SL"}, {"import": 0, "export": 16539, "id": "SG"}, {"import": 0, "export": 0, "id": "LK"}, {"import": 0, "export": 0, "id": "CN"}, {"import": 0, "export": 0, "id": "FR"}, {"import": 0, "export": 0, "id": "GA"}, {"import": 0, "export": 0, "id": "GM"}, {"import": 0, "export": 783, "id": "DE"}, {"import": 0, "export": 0, "id": "GH"}, {"import": 0, "export": 0, "id": "GR"}, {"import": 0, "export": 0, "id": "GD"}, {"import": 0, "export": 0, "id": "ID"}, {"import": 0, "export": 0, "id": "BE"}, {"import": 0, "export": 0, "id": "BT"}, {"import": 0, "export": 0, "id": "BR"}, {"import": 0, "export": 0, "id": "-"}, {"import": 0, "export": 0, "id": "KE"}, {"import": 0, "export": 0, "id": "KW"}, {"import": 0, "export": 0, "id": "MO"}, {"import": 0, "export": 0, "id": "MG"}, {"import": 0, "export": 0, "id": "GB"}, {"import": 0, "export": 0, "id": "US"}], "import": 0, "export": 20676937}, {"date": "2019-04-01", "list": [{"import": 163, "export": 296300, "id": "PH"}, {"import": 0, "export": 0, "id": "VN"}, {"import": 0, "export": 0, "id": "IT"}, {"import": 0, "export": 0, "id": "KR"}, {"import": 0, "export": 12569848, "id": "NP"}, {"import": 0, "export": 450000, "id": "BD"}, {"import": 0, "export": 0, "id": "MW"}, {"import": 0, "export": 0, "id": "CA"}, {"import": 0, "export": 100000, "id": "AE"}, {"import": 0, "export": 0, "id": "MY"}, {"import": 0, "export": 0, "id": "ML"}, {"import": 0, "export": 2500, "id": "MU"}, {"import": 0, "export": 0, "id": "OM"}, {"import": 0, "export": 3000, "id": "NG"}, {"import": 0, "export": 0, "id": "MP"}, {"import": 0, "export": 0, "id": "PW"}, {"import": 0, "export": 7650, "id": "PK"}, {"import": 0, "export": 0, "id": "ZA"}, {"import": 0, "export": 0, "id": "TG"}, {"import": 0, "export": 0, "id": "AU"}, {"import": 0, "export": 0, "id": "BH"}, {"import": 0, "export": 0, "id": "QA"}, {"import": 0, "export": 0, "id": "SA"}, {"import": 0, "export": 0, "id": "SN"}, {"import": 0, "export": 0, "id": "SL"}, {"import": 0, "export": 0, "id": "SG"}, {"import": 0, "export": 0, "id": "LK"}, {"import": 0, "export": 0, "id": "CN"}, {"import": 0, "export": 0, "id": "FR"}, {"import": 0, "export": 0, "id": "GA"}, {"import": 0, "export": 0, "id": "GM"}, {"import": 0, "export": 0, "id": "DE"}, {"import": 0, "export": 2881, "id": "GH"}, {"import": 0, "export": 0, "id": "GR"}, {"import": 0, "export": 0, "id": "GD"}, {"import": 0, "export": 0, "id": "ID"}, {"import": 0, "export": 0, "id": "BE"}, {"import": 0, "export": 0, "id": "BT"}, {"import": 0, "export": 0, "id": "BR"}, {"import": 0, "export": 0, "id": "-"}, {"import": 0, "export": 38000, "id": "KE"}, {"import": 0, "export": 0, "id": "KW"}, {"import": 0, "export": 0, "id": "MO"}, {"import": 0, "export": 0, "id": "MG"}, {"import": 0, "export": 0, "id": "GB"}, {"import": 0, "export": 1061, "id": "US"}], "import": 163, "export": 13471240}, {"date": "2019-05-01", "list": [{"import": 0, "export": 372803, "id": "PH"}, {"import": 0, "export": 0, "id": "VN"}, {"import": 0, "export": 0, "id": "IT"}, {"import": 0, "export": 0, "id": "KR"}, {"import": 0, "export": 6927072, "id": "NP"}, {"import": 0, "export": 250100, "id": "BD"}, {"import": 0, "export": 0, "id": "MW"}, {"import": 0, "export": 6250, "id": "CA"}, {"import": 0, "export": 0, "id": "AE"}, {"import": 0, "export": 3005, "id": "MY"}, {"import": 0, "export": 0, "id": "ML"}, {"import": 0, "export": 0, "id": "MU"}, {"import": 0, "export": 0, "id": "OM"}, {"import": 0, "export": 0, "id": "NG"}, {"import": 0, "export": 0, "id": "MP"}, {"import": 0, "export": 0, "id": "PW"}, {"import": 0, "export": 0, "id": "PK"}, {"import": 0, "export": 0, "id": "ZA"}, {"import": 0, "export": 0, "id": "TG"}, {"import": 0, "export": 14000, "id": "AU"}, {"import": 0, "export": 0, "id": "BH"}, {"import": 0, "export": 0, "id": "QA"}, {"import": 0, "export": 0, "id": "SA"}, {"import": 0, "export": 0, "id": "SN"}, {"import": 0, "export": 0, "id": "SL"}, {"import": 0, "export": 0, "id": "SG"}, {"import": 0, "export": 0, "id": "LK"}, {"import": 0, "export": 0, "id": "CN"}, {"import": 0, "export": 0, "id": "FR"}, {"import": 0, "export": 0, "id": "GA"}, {"import": 0, "export": 0, "id": "GM"}, {"import": 0, "export": 0, "id": "DE"}, {"import": 0, "export": 0, "id": "GH"}, {"import": 0, "export": 0, "id": "GR"}, {"import": 0, "export": 0, "id": "GD"}, {"import": 0, "export": 455, "id": "ID"}, {"import": 0, "export": 0, "id": "BE"}, {"import": 0, "export": 0, "id": "BT"}, {"import": 0, "export": 0, "id": "BR"}, {"import": 0, "export": 0, "id": "-"}, {"import": 0, "export": 0, "id": "KE"}, {"import": 0, "export": 0, "id": "KW"}, {"import": 0, "export": 0, "id": "MO"}, {"import": 0, "export": 0, "id": "MG"}, {"import": 0, "export": 18115, "id": "GB"}, {"import": 0, "export": 12500, "id": "US"}], "import": 0, "export": 7604300}, {"date": "2019-06-01", "list": [{"import": 0, "export": 291053, "id": "PH"}, {"import": 0, "export": 0, "id": "VN"}, {"import": 7700, "export": 0, "id": "IT"}, {"import": 0, "export": 0, "id": "KR"}, {"import": 0, "export": 10395746, "id": "NP"}, {"import": 0, "export": 0, "id": "BD"}, {"import": 0, "export": 0, "id": "MW"}, {"import": 0, "export": 0, "id": "CA"}, {"import": 0, "export": 53000, "id": "AE"}, {"import": 0, "export": 12750, "id": "MY"}, {"import": 0, "export": 0, "id": "ML"}, {"import": 0, "export": 0, "id": "MU"}, {"import": 0, "export": 0, "id": "OM"}, {"import": 0, "export": 0, "id": "NG"}, {"import": 0, "export": 0, "id": "MP"}, {"import": 0, "export": 0, "id": "PW"}, {"import": 0, "export": 0, "id": "PK"}, {"import": 0, "export": 0, "id": "ZA"}, {"import": 0, "export": 0, "id": "TG"}, {"import": 0, "export": 0, "id": "AU"}, {"import": 0, "export": 0, "id": "BH"}, {"import": 0, "export": 0, "id": "QA"}, {"import": 0, "export": 0, "id": "SA"}, {"import": 0, "export": 4000, "id": "SN"}, {"import": 0, "export": 0, "id": "SL"}, {"import": 0, "export": 0, "id": "SG"}, {"import": 0, "export": 0, "id": "LK"}, {"import": 0, "export": 0, "id": "CN"}, {"import": 0, "export": 0, "id": "FR"}, {"import": 0, "export": 0, "id": "GA"}, {"import": 0, "export": 500, "id": "GM"}, {"import": 0, "export": 0, "id": "DE"}, {"import": 0, "export": 0, "id": "GH"}, {"import": 0, "export": 0, "id": "GR"}, {"import": 0, "export": 0, "id": "GD"}, {"import": 0, "export": 0, "id": "ID"}, {"import": 0, "export": 0, "id": "BE"}, {"import": 0, "export": 51000, "id": "BT"}, {"import": 0, "export": 0, "id": "BR"}, {"import": 0, "export": 0, "id": "-"}, {"import": 0, "export": 0, "id": "KE"}, {"import": 0, "export": 0, "id": "KW"}, {"import": 0, "export": 0, "id": "MO"}, {"import": 0, "export": 0, "id": "MG"}, {"import": 0, "export": 24200, "id": "GB"}, {"import": 0, "export": 604, "id": "US"}], "import": 7700, "export": 10832853}, {"date": "2019-07-01", "list": [{"import": 0, "export": 2519880, "id": "PH"}, {"import": 0, "export": 0, "id": "VN"}, {"import": 0, "export": 0, "id": "IT"}, {"import": 0, "export": 0, "id": "KR"}, {"import": 0, "export": 7233260, "id": "NP"}, {"import": 0, "export": 0, "id": "BD"}, {"import": 0, "export": 0, "id": "MW"}, {"import": 0, "export": 0, "id": "CA"}, {"import": 0, "export": 4080, "id": "AE"}, {"import": 0, "export": 28000, "id": "MY"}, {"import": 0, "export": 1000, "id": "ML"}, {"import": 0, "export": 0, "id": "MU"}, {"import": 0, "export": 0, "id": "OM"}, {"import": 0, "export": 0, "id": "NG"}, {"import": 0, "export": 0, "id": "MP"}, {"import": 0, "export": 0, "id": "PW"}, {"import": 0, "export": 0, "id": "PK"}, {"import": 0, "export": 0, "id": "ZA"}, {"import": 0, "export": 0, "id": "TG"}, {"import": 0, "export": 34620, "id": "AU"}, {"import": 0, "export": 26000, "id": "BH"}, {"import": 0, "export": 0, "id": "QA"}, {"import": 0, "export": 0, "id": "SA"}, {"import": 0, "export": 0, "id": "SN"}, {"import": 0, "export": 1000, "id": "SL"}, {"import": 0, "export": 0, "id": "SG"}, {"import": 0, "export": 0, "id": "LK"}, {"import": 0, "export": 0, "id": "CN"}, {"import": 0, "export": 0, "id": "FR"}, {"import": 0, "export": 0, "id": "GA"}, {"import": 0, "export": 0, "id": "GM"}, {"import": 0, "export": 0, "id": "DE"}, {"import": 0, "export": 0, "id": "GH"}, {"import": 0, "export": 0, "id": "GR"}, {"import": 0, "export": 1000, "id": "GD"}, {"import": 0, "export": 4194, "id": "ID"}, {"import": 0, "export": 0, "id": "BE"}, {"import": 0, "export": 0, "id": "BT"}, {"import": 0, "export": 0, "id": "BR"}, {"import": 0, "export": 0, "id": "-"}, {"import": 0, "export": 0, "id": "KE"}, {"import": 0, "export": 0, "id": "KW"}, {"import": 0, "export": 0, "id": "MO"}, {"import": 0, "export": 0, "id": "MG"}, {"import": 0, "export": 400, "id": "GB"}, {"import": 0, "export": 0, "id": "US"}], "import": 0, "export": 9853434}, {"date": "2019-08-01", "list": [{"import": 0, "export": 1145110, "id": "PH"}, {"import": 0, "export": 0, "id": "VN"}, {"import": 0, "export": 0, "id": "IT"}, {"import": 0, "export": 0, "id": "KR"}, {"import": 0, "export": 39835510, "id": "NP"}, {"import": 0, "export": 100000, "id": "BD"}, {"import": 0, "export": 0, "id": "MW"}, {"import": 0, "export": 0, "id": "CA"}, {"import": 0, "export": 0, "id": "AE"}, {"import": 0, "export": 0, "id": "MY"}, {"import": 0, "export": 0, "id": "ML"}, {"import": 0, "export": 0, "id": "MU"}, {"import": 0, "export": 0, "id": "OM"}, {"import": 0, "export": 0, "id": "NG"}, {"import": 0, "export": 0, "id": "MP"}, {"import": 0, "export": 0, "id": "PW"}, {"import": 0, "export": 0, "id": "PK"}, {"import": 0, "export": 0, "id": "ZA"}, {"import": 0, "export": 0, "id": "TG"}, {"import": 0, "export": 0, "id": "AU"}, {"import": 0, "export": 78000, "id": "BH"}, {"import": 0, "export": 15500, "id": "QA"}, {"import": 0, "export": 0, "id": "SA"}, {"import": 0, "export": 0, "id": "SN"}, {"import": 0, "export": 0, "id": "SL"}, {"import": 0, "export": 0, "id": "SG"}, {"import": 0, "export": 0, "id": "LK"}, {"import": 0, "export": 0, "id": "CN"}, {"import": 0, "export": 0, "id": "FR"}, {"import": 0, "export": 0, "id": "GA"}, {"import": 0, "export": 0, "id": "GM"}, {"import": 0, "export": 0, "id": "DE"}, {"import": 0, "export": 0, "id": "GH"}, {"import": 0, "export": 0, "id": "GR"}, {"import": 0, "export": 0, "id": "GD"}, {"import": 0, "export": 0, "id": "ID"}, {"import": 0, "export": 0, "id": "BE"}, {"import": 0, "export": 0, "id": "BT"}, {"import": 0, "export": 0, "id": "BR"}, {"import": 0, "export": 0, "id": "-"}, {"import": 0, "export": 0, "id": "KE"}, {"import": 0, "export": 0, "id": "KW"}, {"import": 0, "export": 0, "id": "MO"}, {"import": 0, "export": 0, "id": "MG"}, {"import": 0, "export": 0, "id": "GB"}, {"import": 0, "export": 0, "id": "US"}], "import": 0, "export": 41174120}, {"date": "2019-09-01", "list": [{"import": 0, "export": 796000, "id": "PH"}, {"import": 0, "export": 0, "id": "VN"}, {"import": 0, "export": 0, "id": "IT"}, {"import": 0, "export": 0, "id": "KR"}, {"import": 0, "export": 11378700, "id": "NP"}, {"import": 0, "export": 700250, "id": "BD"}, {"import": 0, "export": 0, "id": "MW"}, {"import": 0, "export": 0, "id": "CA"}, {"import": 0, "export": 0, "id": "AE"}, {"import": 0, "export": 3000, "id": "MY"}, {"import": 0, "export": 16000, "id": "ML"}, {"import": 0, "export": 1000, "id": "MU"}, {"import": 0, "export": 23200, "id": "OM"}, {"import": 0, "export": 0, "id": "NG"}, {"import": 0, "export": 0, "id": "MP"}, {"import": 0, "export": 0, "id": "PW"}, {"import": 0, "export": 0, "id": "PK"}, {"import": 0, "export": 0, "id": "ZA"}, {"import": 0, "export": 0, "id": "TG"}, {"import": 0, "export": 0, "id": "AU"}, {"import": 0, "export": 0, "id": "BH"}, {"import": 0, "export": 0, "id": "QA"}, {"import": 0, "export": 0, "id": "SA"}, {"import": 0, "export": 0, "id": "SN"}, {"import": 0, "export": 0, "id": "SL"}, {"import": 0, "export": 0, "id": "SG"}, {"import": 0, "export": 0, "id": "LK"}, {"import": 0, "export": 0, "id": "CN"}, {"import": 0, "export": 0, "id": "FR"}, {"import": 0, "export": 0, "id": "GA"}, {"import": 0, "export": 0, "id": "GM"}, {"import": 0, "export": 0, "id": "DE"}, {"import": 0, "export": 0, "id": "GH"}, {"import": 0, "export": 0, "id": "GR"}, {"import": 0, "export": 0, "id": "GD"}, {"import": 0, "export": 0, "id": "ID"}, {"import": 0, "export": 0, "id": "BE"}, {"import": 0, "export": 25000, "id": "BT"}, {"import": 0, "export": 4000, "id": "BR"}, {"import": 0, "export": 0, "id": "-"}, {"import": 0, "export": 0, "id": "KE"}, {"import": 0, "export": 0, "id": "KW"}, {"import": 0, "export": 0, "id": "MO"}, {"import": 0, "export": 0, "id": "MG"}, {"import": 0, "export": 1175, "id": "GB"}, {"import": 0, "export": 0, "id": "US"}], "import": 0, "export": 12948325}, {"date": "2019-10-01", "list": [{"import": 0, "export": 360400, "id": "PH"}, {"import": 0, "export": 18640, "id": "VN"}, {"import": 0, "export": 0, "id": "IT"}, {"import": 0, "export": 0, "id": "KR"}, {"import": 0, "export": 5077840, "id": "NP"}, {"import": 0, "export": 935080, "id": "BD"}, {"import": 0, "export": 0, "id": "MW"}, {"import": 0, "export": 0, "id": "CA"}, {"import": 0, "export": 750, "id": "AE"}, {"import": 0, "export": 0, "id": "MY"}, {"import": 0, "export": 0, "id": "ML"}, {"import": 0, "export": 0, "id": "MU"}, {"import": 0, "export": 0, "id": "OM"}, {"import": 0, "export": 0, "id": "NG"}, {"import": 0, "export": 0, "id": "MP"}, {"import": 0, "export": 0, "id": "PW"}, {"import": 0, "export": 0, "id": "PK"}, {"import": 0, "export": 0, "id": "ZA"}, {"import": 0, "export": 0, "id": "TG"}, {"import": 0, "export": 14000, "id": "AU"}, {"import": 0, "export": 5000, "id": "BH"}, {"import": 0, "export": 0, "id": "QA"}, {"import": 0, "export": 0, "id": "SA"}, {"import": 0, "export": 0, "id": "SN"}, {"import": 0, "export": 0, "id": "SL"}, {"import": 0, "export": 0, "id": "SG"}, {"import": 0, "export": 0, "id": "LK"}, {"import": 0, "export": 0, "id": "CN"}, {"import": 0, "export": 0, "id": "FR"}, {"import": 0, "export": 0, "id": "GA"}, {"import": 0, "export": 0, "id": "GM"}, {"import": 0, "export": 0, "id": "DE"}, {"import": 0, "export": 0, "id": "GH"}, {"import": 0, "export": 0, "id": "GR"}, {"import": 0, "export": 0, "id": "GD"}, {"import": 0, "export": 0, "id": "ID"}, {"import": 0, "export": 0, "id": "BE"}, {"import": 0, "export": 0, "id": "BT"}, {"import": 0, "export": 0, "id": "BR"}, {"import": 0, "export": 0, "id": "-"}, {"import": 0, "export": 0, "id": "KE"}, {"import": 0, "export": 0, "id": "KW"}, {"import": 0, "export": 0, "id": "MO"}, {"import": 0, "export": 0, "id": "MG"}, {"import": 0, "export": 0, "id": "GB"}, {"import": 0, "export": 0, "id": "US"}], "import": 0, "export": 6411710}, {"date": "2019-11-01", "list": [{"import": 0, "export": 40786, "id": "PH"}, {"import": 0, "export": 16650, "id": "VN"}, {"import": 0, "export": 0, "id": "IT"}, {"import": 0, "export": 0, "id": "KR"}, {"import": 0, "export": 23468800, "id": "NP"}, {"import": 0, "export": 557870, "id": "BD"}, {"import": 0, "export": 0, "id": "MW"}, {"import": 0, "export": 0, "id": "CA"}, {"import": 0, "export": 24080, "id": "AE"}, {"import": 0, "export": 0, "id": "MY"}, {"import": 0, "export": 0, "id": "ML"}, {"import": 0, "export": 0, "id": "MU"}, {"import": 0, "export": 0, "id": "OM"}, {"import": 0, "export": 0, "id": "NG"}, {"import": 0, "export": 0, "id": "MP"}, {"import": 0, "export": 0, "id": "PW"}, {"import": 0, "export": 0, "id": "PK"}, {"import": 0, "export": 0, "id": "ZA"}, {"import": 0, "export": 2000, "id": "TG"}, {"import": 0, "export": 0, "id": "AU"}, {"import": 0, "export": 0, "id": "BH"}, {"import": 0, "export": 26000, "id": "QA"}, {"import": 0, "export": 0, "id": "SA"}, {"import": 0, "export": 0, "id": "SN"}, {"import": 0, "export": 0, "id": "SL"}, {"import": 0, "export": 0, "id": "SG"}, {"import": 0, "export": 0, "id": "LK"}, {"import": 0, "export": 0, "id": "CN"}, {"import": 0, "export": 0, "id": "FR"}, {"import": 0, "export": 0, "id": "GA"}, {"import": 0, "export": 0, "id": "GM"}, {"import": 0, "export": 0, "id": "DE"}, {"import": 0, "export": 0, "id": "GH"}, {"import": 0, "export": 0, "id": "GR"}, {"import": 0, "export": 0, "id": "GD"}, {"import": 0, "export": 176, "id": "ID"}, {"import": 0, "export": 0, "id": "BE"}, {"import": 0, "export": 0, "id": "BT"}, {"import": 0, "export": 0, "id": "BR"}, {"import": 0, "export": 0, "id": "-"}, {"import": 0, "export": 5010, "id": "KE"}, {"import": 0, "export": 0, "id": "KW"}, {"import": 0, "export": 0, "id": "MO"}, {"import": 0, "export": 0, "id": "MG"}, {"import": 0, "export": 0, "id": "GB"}, {"import": 0, "export": 2527, "id": "US"}], "import": 0, "export": 24143899}, {"date": "2019-12-01", "list": [{"import": 4, "export": 143032, "id": "PH"}, {"import": 0, "export": 100020, "id": "VN"}, {"import": 0, "export": 517372, "id": "IT"}, {"import": 0, "export": 0, "id": "KR"}, {"import": 0, "export": 53717600, "id": "NP"}, {"import": 0, "export": 60963, "id": "BD"}, {"import": 0, "export": 19200, "id": "MW"}, {"import": 0, "export": 12000, "id": "CA"}, {"import": 0, "export": 2500, "id": "AE"}, {"import": 0, "export": 1096, "id": "MY"}, {"import": 0, "export": 0, "id": "ML"}, {"import": 0, "export": 0, "id": "MU"}, {"import": 0, "export": 0, "id": "OM"}, {"import": 0, "export": 0, "id": "NG"}, {"import": 0, "export": 0, "id": "MP"}, {"import": 0, "export": 0, "id": "PW"}, {"import": 0, "export": 0, "id": "PK"}, {"import": 0, "export": 0, "id": "ZA"}, {"import": 0, "export": 0, "id": "TG"}, {"import": 0, "export": 0, "id": "AU"}, {"import": 0, "export": 0, "id": "BH"}, {"import": 0, "export": 0, "id": "QA"}, {"import": 0, "export": 0, "id": "SA"}, {"import": 0, "export": 0, "id": "SN"}, {"import": 0, "export": 0, "id": "SL"}, {"import": 0, "export": 0, "id": "SG"}, {"import": 0, "export": 0, "id": "LK"}, {"import": 0, "export": 0, "id": "CN"}, {"import": 0, "export": 0, "id": "FR"}, {"import": 0, "export": 0, "id": "GA"}, {"import": 0, "export": 0, "id": "GM"}, {"import": 0, "export": 0, "id": "DE"}, {"import": 0, "export": 0, "id": "GH"}, {"import": 0, "export": 0, "id": "GR"}, {"import": 0, "export": 0, "id": "GD"}, {"import": 0, "export": 0, "id": "ID"}, {"import": 0, "export": 0, "id": "BE"}, {"import": 0, "export": 0, "id": "BT"}, {"import": 0, "export": 0, "id": "BR"}, {"import": 0, "export": 0, "id": "-"}, {"import": 0, "export": 0, "id": "KE"}, {"import": 0, "export": 0, "id": "KW"}, {"import": 0, "export": 0, "id": "MO"}, {"import": 0, "export": 0, "id": "MG"}, {"import": 0, "export": 0, "id": "GB"}, {"import": 0, "export": 0, "id": "US"}], "import": 4, "export": 54573783}]