[{"date": "2018-10-01", "list": [{"import": 1471, "export": 956, "id": "PT"}, {"import": 52989, "export": 27400, "id": "IT"}, {"import": 66000, "export": 0, "id": "GB"}, {"import": 0, "export": 0, "id": "TH"}, {"import": 3878, "export": 0, "id": "NL"}, {"import": 0, "export": 0, "id": "PY"}, {"import": 0, "export": 28000, "id": "AR"}, {"import": 650, "export": 0, "id": "BE"}, {"import": 0, "export": 0, "id": "-"}, {"import": 173258, "export": 5737, "id": "FR"}, {"import": 0, "export": 0, "id": "DE"}, {"import": 0, "export": 0, "id": "US"}, {"import": 0, "export": 0, "id": "ES"}, {"import": 0, "export": 5228, "id": "GI"}, {"import": 0, "export": 0, "id": "CU"}, {"import": 0, "export": 0, "id": "GQ"}, {"import": 0, "export": 0, "id": "IE"}, {"import": 0, "export": 0, "id": "MA"}, {"import": 0, "export": 0, "id": "RO"}, {"import": 0, "export": 0, "id": "CH"}], "import": 298246, "export": 67321}, {"date": "2018-11-01", "list": [{"import": 735036, "export": 3386877, "id": "PT"}, {"import": 194098, "export": 74440, "id": "IT"}, {"import": 800, "export": 0, "id": "GB"}, {"import": 0, "export": 0, "id": "TH"}, {"import": 1632, "export": 800, "id": "NL"}, {"import": 0, "export": 0, "id": "PY"}, {"import": 0, "export": 534, "id": "AR"}, {"import": 0, "export": 0, "id": "BE"}, {"import": 0, "export": 0, "id": "-"}, {"import": 38696, "export": 830, "id": "FR"}, {"import": 0, "export": 0, "id": "DE"}, {"import": 0, "export": 0, "id": "US"}, {"import": 0, "export": 0, "id": "ES"}, {"import": 0, "export": 3307, "id": "GI"}, {"import": 0, "export": 0, "id": "CU"}, {"import": 0, "export": 0, "id": "GQ"}, {"import": 0, "export": 1057, "id": "IE"}, {"import": 0, "export": 0, "id": "MA"}, {"import": 0, "export": 0, "id": "RO"}, {"import": 0, "export": 241, "id": "CH"}], "import": 970262, "export": 3468086}, {"date": "2018-12-01", "list": [{"import": 180100, "export": 746893, "id": "PT"}, {"import": 62501, "export": 53540, "id": "IT"}, {"import": 0, "export": 0, "id": "GB"}, {"import": 0, "export": 0, "id": "TH"}, {"import": 273, "export": 0, "id": "NL"}, {"import": 0, "export": 0, "id": "PY"}, {"import": 0, "export": 0, "id": "AR"}, {"import": 550, "export": 0, "id": "BE"}, {"import": 0, "export": 0, "id": "-"}, {"import": 318214, "export": 4156, "id": "FR"}, {"import": 10, "export": 33, "id": "DE"}, {"import": 0, "export": 0, "id": "US"}, {"import": 0, "export": 0, "id": "ES"}, {"import": 0, "export": 1244, "id": "GI"}, {"import": 0, "export": 0, "id": "CU"}, {"import": 0, "export": 0, "id": "GQ"}, {"import": 0, "export": 0, "id": "IE"}, {"import": 0, "export": 0, "id": "MA"}, {"import": 0, "export": 0, "id": "RO"}, {"import": 0, "export": 0, "id": "CH"}], "import": 561648, "export": 805866}, {"date": "2019-01-01", "list": [{"import": 114040, "export": 1389824, "id": "PT"}, {"import": 62753, "export": 0, "id": "IT"}, {"import": 0, "export": 0, "id": "GB"}, {"import": 0, "export": 0, "id": "TH"}, {"import": 4050, "export": 0, "id": "NL"}, {"import": 0, "export": 0, "id": "PY"}, {"import": 0, "export": 0, "id": "AR"}, {"import": 350, "export": 0, "id": "BE"}, {"import": 0, "export": 0, "id": "-"}, {"import": 102540, "export": 2452, "id": "FR"}, {"import": 2000, "export": 33, "id": "DE"}, {"import": 0, "export": 0, "id": "US"}, {"import": 0, "export": 0, "id": "ES"}, {"import": 0, "export": 5063, "id": "GI"}, {"import": 0, "export": 0, "id": "CU"}, {"import": 0, "export": 0, "id": "GQ"}, {"import": 0, "export": 0, "id": "IE"}, {"import": 0, "export": 0, "id": "MA"}, {"import": 0, "export": 0, "id": "RO"}, {"import": 0, "export": 0, "id": "CH"}], "import": 285733, "export": 1397372}, {"date": "2019-02-01", "list": [{"import": 719982, "export": 4469776, "id": "PT"}, {"import": 61890, "export": 2010, "id": "IT"}, {"import": 0, "export": 0, "id": "GB"}, {"import": 500, "export": 0, "id": "TH"}, {"import": 60, "export": 0, "id": "NL"}, {"import": 0, "export": 0, "id": "PY"}, {"import": 0, "export": 0, "id": "AR"}, {"import": 670, "export": 0, "id": "BE"}, {"import": 0, "export": 0, "id": "-"}, {"import": 0, "export": 0, "id": "FR"}, {"import": 0, "export": 0, "id": "DE"}, {"import": 0, "export": 0, "id": "US"}, {"import": 0, "export": 0, "id": "ES"}, {"import": 0, "export": 2090, "id": "GI"}, {"import": 0, "export": 0, "id": "CU"}, {"import": 0, "export": 1000, "id": "GQ"}, {"import": 0, "export": 0, "id": "IE"}, {"import": 0, "export": 0, "id": "MA"}, {"import": 0, "export": 0, "id": "RO"}, {"import": 0, "export": 0, "id": "CH"}], "import": 783102, "export": 4474876}, {"date": "2019-03-01", "list": [{"import": 180112, "export": 2455404, "id": "PT"}, {"import": 232257, "export": 0, "id": "IT"}, {"import": 0, "export": 10, "id": "GB"}, {"import": 0, "export": 0, "id": "TH"}, {"import": 30, "export": 0, "id": "NL"}, {"import": 0, "export": 0, "id": "PY"}, {"import": 0, "export": 0, "id": "AR"}, {"import": 150, "export": 0, "id": "BE"}, {"import": 0, "export": 0, "id": "-"}, {"import": 952, "export": 1102, "id": "FR"}, {"import": 750, "export": 19, "id": "DE"}, {"import": 129150, "export": 0, "id": "US"}, {"import": 0, "export": 0, "id": "ES"}, {"import": 0, "export": 2902, "id": "GI"}, {"import": 0, "export": 0, "id": "CU"}, {"import": 0, "export": 1000, "id": "GQ"}, {"import": 0, "export": 0, "id": "IE"}, {"import": 0, "export": 0, "id": "MA"}, {"import": 0, "export": 0, "id": "RO"}, {"import": 0, "export": 0, "id": "CH"}], "import": 543401, "export": 2460437}, {"date": "2019-04-01", "list": [{"import": 4946, "export": 1793933, "id": "PT"}, {"import": 320487, "export": 109800, "id": "IT"}, {"import": 66000, "export": 0, "id": "GB"}, {"import": 0, "export": 0, "id": "TH"}, {"import": 2112, "export": 1, "id": "NL"}, {"import": 0, "export": 0, "id": "PY"}, {"import": 0, "export": 0, "id": "AR"}, {"import": 950, "export": 0, "id": "BE"}, {"import": 0, "export": 0, "id": "-"}, {"import": 0, "export": 1432, "id": "FR"}, {"import": 0, "export": 0, "id": "DE"}, {"import": 4719, "export": 0, "id": "US"}, {"import": 0, "export": 1293, "id": "ES"}, {"import": 0, "export": 3769, "id": "GI"}, {"import": 0, "export": 0, "id": "CU"}, {"import": 0, "export": 0, "id": "GQ"}, {"import": 0, "export": 0, "id": "IE"}, {"import": 0, "export": 372500, "id": "MA"}, {"import": 0, "export": 0, "id": "RO"}, {"import": 0, "export": 0, "id": "CH"}], "import": 399214, "export": 2282728}, {"date": "2019-05-01", "list": [{"import": 193340, "export": 2629242, "id": "PT"}, {"import": 499274, "export": 100, "id": "IT"}, {"import": 44250, "export": 0, "id": "GB"}, {"import": 0, "export": 0, "id": "TH"}, {"import": 530, "export": 715040, "id": "NL"}, {"import": 0, "export": 0, "id": "PY"}, {"import": 104480, "export": 0, "id": "AR"}, {"import": 0, "export": 0, "id": "BE"}, {"import": 0, "export": 0, "id": "-"}, {"import": 122570, "export": 13148, "id": "FR"}, {"import": 7, "export": 45, "id": "DE"}, {"import": 0, "export": 0, "id": "US"}, {"import": 0, "export": 4353, "id": "ES"}, {"import": 0, "export": 5011, "id": "GI"}, {"import": 0, "export": 0, "id": "CU"}, {"import": 0, "export": 999, "id": "GQ"}, {"import": 0, "export": 0, "id": "IE"}, {"import": 0, "export": 83000, "id": "MA"}, {"import": 0, "export": 0, "id": "RO"}, {"import": 0, "export": 0, "id": "CH"}], "import": 964451, "export": 3450938}, {"date": "2019-06-01", "list": [{"import": 25986, "export": 3076, "id": "PT"}, {"import": 266094, "export": 0, "id": "IT"}, {"import": 0, "export": 0, "id": "GB"}, {"import": 0, "export": 0, "id": "TH"}, {"import": 650, "export": 0, "id": "NL"}, {"import": 0, "export": 0, "id": "PY"}, {"import": 0, "export": 0, "id": "AR"}, {"import": 157, "export": 0, "id": "BE"}, {"import": 0, "export": 0, "id": "-"}, {"import": 77360, "export": 2046, "id": "FR"}, {"import": 0, "export": 0, "id": "DE"}, {"import": 0, "export": 0, "id": "US"}, {"import": 0, "export": 2036, "id": "ES"}, {"import": 0, "export": 2392, "id": "GI"}, {"import": 0, "export": 3240, "id": "CU"}, {"import": 0, "export": 0, "id": "GQ"}, {"import": 0, "export": 0, "id": "IE"}, {"import": 0, "export": 0, "id": "MA"}, {"import": 0, "export": 12500, "id": "RO"}, {"import": 0, "export": 0, "id": "CH"}], "import": 370247, "export": 25290}, {"date": "2019-07-01", "list": [{"import": 433246, "export": 2521518, "id": "PT"}, {"import": 22328, "export": 23, "id": "IT"}, {"import": 22000, "export": 0, "id": "GB"}, {"import": 0, "export": 0, "id": "TH"}, {"import": 1916, "export": 0, "id": "NL"}, {"import": 0, "export": 0, "id": "PY"}, {"import": 147500, "export": 66000, "id": "AR"}, {"import": 939, "export": 1, "id": "BE"}, {"import": 0, "export": 0, "id": "-"}, {"import": 26020, "export": 248, "id": "FR"}, {"import": 0, "export": 0, "id": "DE"}, {"import": 0, "export": 0, "id": "US"}, {"import": 0, "export": 3297, "id": "ES"}, {"import": 0, "export": 1692, "id": "GI"}, {"import": 0, "export": 2520, "id": "CU"}, {"import": 0, "export": 0, "id": "GQ"}, {"import": 0, "export": 0, "id": "IE"}, {"import": 0, "export": 0, "id": "MA"}, {"import": 0, "export": 0, "id": "RO"}, {"import": 0, "export": 0, "id": "CH"}], "import": 653949, "export": 2595299}, {"date": "2019-08-01", "list": [{"import": 253897, "export": 43922, "id": "PT"}, {"import": 17590, "export": 14, "id": "IT"}, {"import": 22000, "export": 0, "id": "GB"}, {"import": 0, "export": 0, "id": "TH"}, {"import": 2932, "export": 506840, "id": "NL"}, {"import": 0, "export": 0, "id": "PY"}, {"import": 0, "export": 0, "id": "AR"}, {"import": 0, "export": 0, "id": "BE"}, {"import": 0, "export": 0, "id": "-"}, {"import": 9230, "export": 311, "id": "FR"}, {"import": 0, "export": 0, "id": "DE"}, {"import": 0, "export": 0, "id": "US"}, {"import": 0, "export": 0, "id": "ES"}, {"import": 0, "export": 2827, "id": "GI"}, {"import": 0, "export": 4305, "id": "CU"}, {"import": 0, "export": 0, "id": "GQ"}, {"import": 0, "export": 0, "id": "IE"}, {"import": 0, "export": 0, "id": "MA"}, {"import": 0, "export": 18500, "id": "RO"}, {"import": 0, "export": 0, "id": "CH"}], "import": 305649, "export": 576719}, {"date": "2019-09-01", "list": [{"import": 0, "export": 56241, "id": "PT"}, {"import": 4023, "export": 22, "id": "IT"}, {"import": 67600, "export": 0, "id": "GB"}, {"import": 0, "export": 0, "id": "TH"}, {"import": 1062, "export": 26580, "id": "NL"}, {"import": 0, "export": 0, "id": "PY"}, {"import": 0, "export": 0, "id": "AR"}, {"import": 0, "export": 491020, "id": "BE"}, {"import": 0, "export": 0, "id": "-"}, {"import": 1600, "export": 156, "id": "FR"}, {"import": 865, "export": 2, "id": "DE"}, {"import": 0, "export": 0, "id": "US"}, {"import": 0, "export": 1200, "id": "ES"}, {"import": 0, "export": 1312, "id": "GI"}, {"import": 0, "export": 1980, "id": "CU"}, {"import": 0, "export": 488, "id": "GQ"}, {"import": 0, "export": 0, "id": "IE"}, {"import": 0, "export": 0, "id": "MA"}, {"import": 0, "export": 0, "id": "RO"}, {"import": 0, "export": 140, "id": "CH"}], "import": 75150, "export": 579141}, {"date": "2019-10-01", "list": [{"import": 1, "export": 835841, "id": "PT"}, {"import": 42262, "export": 28, "id": "IT"}, {"import": 110000, "export": 6, "id": "GB"}, {"import": 0, "export": 0, "id": "TH"}, {"import": 315, "export": 27460, "id": "NL"}, {"import": 0, "export": 0, "id": "PY"}, {"import": 0, "export": 44000, "id": "AR"}, {"import": 0, "export": 0, "id": "BE"}, {"import": 0, "export": 0, "id": "-"}, {"import": 40, "export": 236, "id": "FR"}, {"import": 0, "export": 0, "id": "DE"}, {"import": 0, "export": 0, "id": "US"}, {"import": 0, "export": 0, "id": "ES"}, {"import": 0, "export": 7539, "id": "GI"}, {"import": 0, "export": 1080, "id": "CU"}, {"import": 0, "export": 0, "id": "GQ"}, {"import": 0, "export": 0, "id": "IE"}, {"import": 0, "export": 0, "id": "MA"}, {"import": 0, "export": 0, "id": "RO"}, {"import": 0, "export": 0, "id": "CH"}], "import": 152618, "export": 916190}, {"date": "2019-11-01", "list": [{"import": 367417, "export": 3182, "id": "PT"}, {"import": 20334, "export": 23, "id": "IT"}, {"import": 21200, "export": 0, "id": "GB"}, {"import": 0, "export": 0, "id": "TH"}, {"import": 200, "export": 26180, "id": "NL"}, {"import": 0, "export": 0, "id": "PY"}, {"import": 0, "export": 0, "id": "AR"}, {"import": 0, "export": 0, "id": "BE"}, {"import": 0, "export": 0, "id": "-"}, {"import": 24112, "export": 1, "id": "FR"}, {"import": 200, "export": 42, "id": "DE"}, {"import": 0, "export": 0, "id": "US"}, {"import": 0, "export": 5771, "id": "ES"}, {"import": 0, "export": 1955, "id": "GI"}, {"import": 0, "export": 5895, "id": "CU"}, {"import": 0, "export": 606, "id": "GQ"}, {"import": 0, "export": 0, "id": "IE"}, {"import": 0, "export": 0, "id": "MA"}, {"import": 0, "export": 0, "id": "RO"}, {"import": 0, "export": 0, "id": "CH"}], "import": 433463, "export": 43655}, {"date": "2019-12-01", "list": [{"import": 127538, "export": 880305, "id": "PT"}, {"import": 15763, "export": 51429, "id": "IT"}, {"import": 0, "export": 0, "id": "GB"}, {"import": 0, "export": 0, "id": "TH"}, {"import": 1505, "export": 52180, "id": "NL"}, {"import": 0, "export": 0, "id": "PY"}, {"import": 0, "export": 0, "id": "AR"}, {"import": 0, "export": 0, "id": "BE"}, {"import": 0, "export": 0, "id": "-"}, {"import": 450, "export": 115, "id": "FR"}, {"import": 1054, "export": 33, "id": "DE"}, {"import": 200160, "export": 0, "id": "US"}, {"import": 0, "export": 130, "id": "ES"}, {"import": 0, "export": 2771, "id": "GI"}, {"import": 0, "export": 4995, "id": "CU"}, {"import": 0, "export": 0, "id": "GQ"}, {"import": 0, "export": 0, "id": "IE"}, {"import": 0, "export": 0, "id": "MA"}, {"import": 0, "export": 0, "id": "RO"}, {"import": 0, "export": 0, "id": "CH"}], "import": 346470, "export": 991958}, {"date": "2020-01-01", "list": [{"import": 409681, "export": 1353383, "id": "PT"}, {"import": 90462, "export": 50060, "id": "IT"}, {"import": 0, "export": 0, "id": "GB"}, {"import": 0, "export": 0, "id": "TH"}, {"import": 200, "export": 25440, "id": "NL"}, {"import": 0, "export": 0, "id": "PY"}, {"import": 0, "export": 0, "id": "AR"}, {"import": 0, "export": 0, "id": "BE"}, {"import": 0, "export": 0, "id": "-"}, {"import": 24220, "export": 52, "id": "FR"}, {"import": 1003, "export": 32, "id": "DE"}, {"import": 0, "export": 0, "id": "US"}, {"import": 0, "export": 0, "id": "ES"}, {"import": 0, "export": 1980, "id": "GI"}, {"import": 0, "export": 5625, "id": "CU"}, {"import": 0, "export": 0, "id": "GQ"}, {"import": 0, "export": 0, "id": "IE"}, {"import": 0, "export": 0, "id": "MA"}, {"import": 0, "export": 0, "id": "RO"}, {"import": 0, "export": 0, "id": "CH"}], "import": 525566, "export": 1436572}, {"date": "2020-02-01", "list": [{"import": 8, "export": 3088587, "id": "PT"}, {"import": 182860, "export": 31, "id": "IT"}, {"import": 0, "export": 0, "id": "GB"}, {"import": 0, "export": 0, "id": "TH"}, {"import": 15, "export": 25120, "id": "NL"}, {"import": 0, "export": 0, "id": "PY"}, {"import": 0, "export": 0, "id": "AR"}, {"import": 0, "export": 0, "id": "BE"}, {"import": 262, "export": 0, "id": "-"}, {"import": 0, "export": 49254, "id": "FR"}, {"import": 1000, "export": 32, "id": "DE"}, {"import": 0, "export": 0, "id": "US"}, {"import": 0, "export": 0, "id": "ES"}, {"import": 0, "export": 904, "id": "GI"}, {"import": 0, "export": 5265, "id": "CU"}, {"import": 0, "export": 0, "id": "GQ"}, {"import": 0, "export": 0, "id": "IE"}, {"import": 0, "export": 0, "id": "MA"}, {"import": 0, "export": 0, "id": "RO"}, {"import": 0, "export": 0, "id": "CH"}], "import": 184145, "export": 3169193}, {"date": "2020-03-01", "list": [{"import": 636165, "export": 5256694, "id": "PT"}, {"import": 99019, "export": 81, "id": "IT"}, {"import": 66000, "export": 100, "id": "GB"}, {"import": 0, "export": 0, "id": "TH"}, {"import": 180, "export": 376980, "id": "NL"}, {"import": 0, "export": 0, "id": "PY"}, {"import": 0, "export": 0, "id": "AR"}, {"import": 0, "export": 0, "id": "BE"}, {"import": 0, "export": 0, "id": "-"}, {"import": 25, "export": 57, "id": "FR"}, {"import": 2000, "export": 58, "id": "DE"}, {"import": 0, "export": 0, "id": "US"}, {"import": 0, "export": 0, "id": "ES"}, {"import": 0, "export": 3017, "id": "GI"}, {"import": 0, "export": 2505, "id": "CU"}, {"import": 0, "export": 0, "id": "GQ"}, {"import": 0, "export": 0, "id": "IE"}, {"import": 0, "export": 228280, "id": "MA"}, {"import": 0, "export": 0, "id": "RO"}, {"import": 0, "export": 0, "id": "CH"}], "import": 803389, "export": 5867772}, {"date": "2020-04-01", "list": [{"import": 434044, "export": 2358057, "id": "PT"}, {"import": 434399, "export": 1, "id": "IT"}, {"import": 0, "export": 0, "id": "GB"}, {"import": 0, "export": 0, "id": "TH"}, {"import": 3020, "export": 0, "id": "NL"}, {"import": 3000, "export": 0, "id": "PY"}, {"import": 0, "export": 0, "id": "AR"}, {"import": 397, "export": 0, "id": "BE"}, {"import": 0, "export": 0, "id": "-"}, {"import": 1, "export": 24437, "id": "FR"}, {"import": 0, "export": 0, "id": "DE"}, {"import": 0, "export": 0, "id": "US"}, {"import": 0, "export": 1622, "id": "ES"}, {"import": 0, "export": 1428, "id": "GI"}, {"import": 0, "export": 2835, "id": "CU"}, {"import": 0, "export": 3498, "id": "GQ"}, {"import": 0, "export": 0, "id": "IE"}, {"import": 0, "export": 124000, "id": "MA"}, {"import": 0, "export": 0, "id": "RO"}, {"import": 0, "export": 0, "id": "CH"}], "import": 874861, "export": 2515878}, {"date": "2020-05-01", "list": [{"import": 1258898, "export": 615766, "id": "PT"}, {"import": 127275, "export": 1063, "id": "IT"}, {"import": 66000, "export": 0, "id": "GB"}, {"import": 400, "export": 0, "id": "TH"}, {"import": 260, "export": 0, "id": "NL"}, {"import": 0, "export": 0, "id": "PY"}, {"import": 0, "export": 0, "id": "AR"}, {"import": 0, "export": 0, "id": "BE"}, {"import": 0, "export": 0, "id": "-"}, {"import": 0, "export": 58912, "id": "FR"}, {"import": 0, "export": 0, "id": "DE"}, {"import": 0, "export": 0, "id": "US"}, {"import": 0, "export": 2414, "id": "ES"}, {"import": 0, "export": 1385, "id": "GI"}, {"import": 0, "export": 750, "id": "CU"}, {"import": 0, "export": 629, "id": "GQ"}, {"import": 0, "export": 0, "id": "IE"}, {"import": 0, "export": 0, "id": "MA"}, {"import": 0, "export": 0, "id": "RO"}, {"import": 0, "export": 0, "id": "CH"}], "import": 1452833, "export": 680919}]