[{"date": "2018-10-01", "list": [{"import": 103910, "export": 0, "id": "ZA"}, {"import": 19000, "export": 0, "id": "US"}, {"import": 0, "export": 0, "id": "TW"}], "import": 122910, "export": 0}, {"date": "2018-11-01", "list": [{"import": 31201, "export": 0, "id": "ZA"}, {"import": 0, "export": 0, "id": "US"}, {"import": 0, "export": 0, "id": "TW"}], "import": 31201, "export": 0}, {"date": "2018-12-01", "list": [{"import": 47458, "export": 0, "id": "ZA"}, {"import": 0, "export": 0, "id": "US"}, {"import": 0, "export": 0, "id": "TW"}], "import": 47458, "export": 0}, {"date": "2019-01-01", "list": [{"import": 10711, "export": 0, "id": "ZA"}, {"import": 0, "export": 0, "id": "US"}, {"import": 0, "export": 0, "id": "TW"}], "import": 10711, "export": 0}, {"date": "2019-02-01", "list": [{"import": 4965, "export": 0, "id": "ZA"}, {"import": 36000, "export": 0, "id": "US"}, {"import": 0, "export": 0, "id": "TW"}], "import": 40965, "export": 0}, {"date": "2019-03-01", "list": [{"import": 5877, "export": 0, "id": "ZA"}, {"import": 0, "export": 0, "id": "US"}, {"import": 0, "export": 0, "id": "TW"}], "import": 5877, "export": 0}, {"date": "2019-04-01", "list": [{"import": 5128, "export": 0, "id": "ZA"}, {"import": 0, "export": 0, "id": "US"}, {"import": 0, "export": 0, "id": "TW"}], "import": 5128, "export": 0}, {"date": "2019-05-01", "list": [{"import": 13414, "export": 0, "id": "ZA"}, {"import": 20000, "export": 0, "id": "US"}, {"import": 0, "export": 0, "id": "TW"}], "import": 33414, "export": 0}, {"date": "2019-06-01", "list": [{"import": 5569, "export": 0, "id": "ZA"}, {"import": 0, "export": 0, "id": "US"}, {"import": 0, "export": 0, "id": "TW"}], "import": 5569, "export": 0}, {"date": "2019-07-01", "list": [{"import": 18128, "export": 0, "id": "ZA"}, {"import": 38000, "export": 0, "id": "US"}, {"import": 0, "export": 0, "id": "TW"}], "import": 56128, "export": 0}, {"date": "2019-08-01", "list": [{"import": 7095, "export": 0, "id": "ZA"}, {"import": 0, "export": 0, "id": "US"}, {"import": 0, "export": 0, "id": "TW"}], "import": 7095, "export": 0}, {"date": "2019-09-01", "list": [{"import": 44830, "export": 0, "id": "ZA"}, {"import": 0, "export": 0, "id": "US"}, {"import": 0, "export": 0, "id": "TW"}], "import": 44830, "export": 0}, {"date": "2019-10-01", "list": [{"import": 7042, "export": 0, "id": "ZA"}, {"import": 0, "export": 0, "id": "US"}, {"import": 0, "export": 0, "id": "TW"}], "import": 7042, "export": 0}, {"date": "2019-11-01", "list": [{"import": 3936, "export": 0, "id": "ZA"}, {"import": 76000, "export": 0, "id": "US"}, {"import": 0, "export": 0, "id": "TW"}], "import": 79936, "export": 0}, {"date": "2019-12-01", "list": [{"import": 15332, "export": 0, "id": "ZA"}, {"import": 38000, "export": 0, "id": "US"}, {"import": 0, "export": 0, "id": "TW"}], "import": 53332, "export": 0}, {"date": "2020-01-01", "list": [{"import": 13617, "export": 0, "id": "ZA"}, {"import": 0, "export": 0, "id": "US"}, {"import": 0, "export": 0, "id": "TW"}], "import": 13617, "export": 0}, {"date": "2020-02-01", "list": [{"import": 3431, "export": 0, "id": "ZA"}, {"import": 0, "export": 0, "id": "US"}, {"import": 314000, "export": 0, "id": "TW"}], "import": 317431, "export": 0}, {"date": "2020-03-01", "list": [{"import": 12881, "export": 0, "id": "ZA"}, {"import": 0, "export": 0, "id": "US"}, {"import": 0, "export": 0, "id": "TW"}], "import": 12881, "export": 0}]