[{"date": "2018-12-01", "list": [{"import": 1551662, "export": 2000, "id": "BG"}, {"import": 0, "export": 0, "id": "GY"}, {"import": 15570, "export": 0, "id": "NL"}, {"import": 0, "export": 0, "id": "HU"}, {"import": 11410, "export": 0, "id": "IT"}, {"import": 0, "export": 0, "id": "ES"}, {"import": 0, "export": 2000, "id": "PL"}, {"import": 0, "export": 95520, "id": "SK"}, {"import": 0, "export": 0, "id": "GR"}, {"import": 194, "export": 0, "id": "AT"}, {"import": 378, "export": 0, "id": "FR"}, {"import": 32, "export": 2268, "id": "GB"}, {"import": 0, "export": 0, "id": "DE"}, {"import": 0, "export": 92, "id": "BE"}, {"import": 0, "export": 0, "id": "KH"}, {"import": 0, "export": 0, "id": "CN"}, {"import": 0, "export": 29000, "id": "-"}, {"import": 0, "export": 0, "id": "VN"}, {"import": 0, "export": 0, "id": "IN"}, {"import": 0, "export": 0, "id": "PK"}, {"import": 0, "export": 0, "id": "SE"}, {"import": 0, "export": 1590, "id": "MD"}, {"import": 0, "export": 420, "id": "IE"}, {"import": 0, "export": 24000, "id": "LV"}, {"import": 0, "export": 24000, "id": "LT"}, {"import": 0, "export": 0, "id": "TR"}, {"import": 0, "export": 0, "id": "EE"}, {"import": 0, "export": 4975, "id": "FI"}], "import": 1579246, "export": 185865}, {"date": "2019-02-01", "list": [{"import": 1766827, "export": 0, "id": "BG"}, {"import": 0, "export": 0, "id": "GY"}, {"import": 0, "export": 0, "id": "NL"}, {"import": 0, "export": 0, "id": "HU"}, {"import": 0, "export": 0, "id": "IT"}, {"import": 24455, "export": 0, "id": "ES"}, {"import": 1124, "export": 35000, "id": "PL"}, {"import": 325, "export": 0, "id": "SK"}, {"import": 0, "export": 0, "id": "GR"}, {"import": 154, "export": 0, "id": "AT"}, {"import": 0, "export": 2504, "id": "GB"}, {"import": 0, "export": 4000, "id": "DE"}, {"import": 0, "export": 40, "id": "BE"}, {"import": 0, "export": 0, "id": "KH"}, {"import": 0, "export": 0, "id": "CN"}, {"import": 0, "export": 0, "id": "-"}, {"import": 0, "export": 0, "id": "VN"}, {"import": 0, "export": 0, "id": "IN"}, {"import": 0, "export": 0, "id": "PK"}, {"import": 0, "export": 0, "id": "SE"}, {"import": 0, "export": 985, "id": "MD"}, {"import": 0, "export": 100, "id": "FR"}, {"import": 0, "export": 0, "id": "IE"}, {"import": 0, "export": 0, "id": "LV"}, {"import": 0, "export": 0, "id": "LT"}, {"import": 0, "export": 0, "id": "TR"}, {"import": 0, "export": 0, "id": "EE"}, {"import": 0, "export": 0, "id": "FI"}], "import": 1792885, "export": 42629}, {"date": "2019-04-01", "list": [{"import": 1873007, "export": 0, "id": "BG"}, {"import": 0, "export": 0, "id": "GY"}, {"import": 4190, "export": 0, "id": "NL"}, {"import": 16803, "export": 0, "id": "HU"}, {"import": 25846, "export": 0, "id": "IT"}, {"import": 3360, "export": 0, "id": "ES"}, {"import": 1037, "export": 2000, "id": "PL"}, {"import": 0, "export": 191040, "id": "SK"}, {"import": 18605, "export": 0, "id": "GR"}, {"import": 307, "export": 0, "id": "AT"}, {"import": 127, "export": 0, "id": "FR"}, {"import": 41, "export": 730, "id": "GB"}, {"import": 0, "export": 75, "id": "DE"}, {"import": 0, "export": 31, "id": "BE"}, {"import": 0, "export": 0, "id": "KH"}, {"import": 0, "export": 0, "id": "CN"}, {"import": 0, "export": 240000, "id": "-"}, {"import": 0, "export": 0, "id": "VN"}, {"import": 0, "export": 0, "id": "IN"}, {"import": 0, "export": 0, "id": "PK"}, {"import": 0, "export": 0, "id": "SE"}, {"import": 0, "export": 0, "id": "MD"}, {"import": 0, "export": 0, "id": "IE"}, {"import": 0, "export": 48000, "id": "LV"}, {"import": 0, "export": 48000, "id": "LT"}, {"import": 0, "export": 0, "id": "TR"}, {"import": 0, "export": 24000, "id": "EE"}, {"import": 0, "export": 22000, "id": "FI"}], "import": 1943323, "export": 575876}, {"date": "2019-06-01", "list": [{"import": 2438948, "export": 616, "id": "BG"}, {"import": 0, "export": 0, "id": "GY"}, {"import": 4960, "export": 0, "id": "NL"}, {"import": 4111, "export": 24000, "id": "HU"}, {"import": 17120, "export": 0, "id": "IT"}, {"import": 28675, "export": 0, "id": "ES"}, {"import": 1008, "export": 24000, "id": "PL"}, {"import": 0, "export": 214920, "id": "SK"}, {"import": 267, "export": 0, "id": "GR"}, {"import": 0, "export": 0, "id": "AT"}, {"import": 0, "export": 0, "id": "FR"}, {"import": 0, "export": 2642, "id": "GB"}, {"import": 1090, "export": 0, "id": "DE"}, {"import": 0, "export": 20, "id": "BE"}, {"import": 0, "export": 0, "id": "KH"}, {"import": 0, "export": 0, "id": "CN"}, {"import": 0, "export": 336000, "id": "-"}, {"import": 0, "export": 0, "id": "VN"}, {"import": 0, "export": 0, "id": "IN"}, {"import": 125000, "export": 0, "id": "PK"}, {"import": 0, "export": 0, "id": "SE"}, {"import": 0, "export": 1232, "id": "MD"}, {"import": 0, "export": 0, "id": "IE"}, {"import": 0, "export": 0, "id": "LV"}, {"import": 0, "export": 72000, "id": "LT"}, {"import": 0, "export": 0, "id": "TR"}, {"import": 0, "export": 0, "id": "EE"}, {"import": 0, "export": 66000, "id": "FI"}], "import": 2621179, "export": 741430}, {"date": "2019-08-01", "list": [{"import": 2456664, "export": 0, "id": "BG"}, {"import": 0, "export": 0, "id": "GY"}, {"import": 27987, "export": 0, "id": "NL"}, {"import": 20257, "export": 0, "id": "HU"}, {"import": 0, "export": 0, "id": "IT"}, {"import": 0, "export": 0, "id": "ES"}, {"import": 0, "export": 0, "id": "PL"}, {"import": 0, "export": 0, "id": "SK"}, {"import": 25004, "export": 0, "id": "GR"}, {"import": 0, "export": 0, "id": "AT"}, {"import": 0, "export": 0, "id": "FR"}, {"import": 36, "export": 0, "id": "GB"}, {"import": 0, "export": 0, "id": "DE"}, {"import": 0, "export": 0, "id": "KH"}, {"import": 0, "export": 0, "id": "CN"}, {"import": 0, "export": 0, "id": "-"}, {"import": 0, "export": 0, "id": "VN"}, {"import": 0, "export": 0, "id": "IN"}, {"import": 0, "export": 0, "id": "PK"}], "import": 2529948, "export": 0}, {"date": "2019-10-01", "list": [{"import": 1952805, "export": 0, "id": "BG"}, {"import": 0, "export": 0, "id": "GY"}, {"import": 28845, "export": 0, "id": "NL"}, {"import": 14023, "export": 48000, "id": "HU"}, {"import": 12388, "export": 500, "id": "IT"}, {"import": 7560, "export": 0, "id": "ES"}, {"import": 2045, "export": 0, "id": "PL"}, {"import": 400, "export": 385800, "id": "SK"}, {"import": 0, "export": 0, "id": "GR"}, {"import": 0, "export": 0, "id": "AT"}, {"import": 0, "export": 20, "id": "FR"}, {"import": 0, "export": 2098, "id": "GB"}, {"import": 2107, "export": 15100, "id": "DE"}, {"import": 0, "export": 20, "id": "BE"}, {"import": 125000, "export": 0, "id": "KH"}, {"import": 0, "export": 0, "id": "CN"}, {"import": 0, "export": 552000, "id": "-"}, {"import": 0, "export": 0, "id": "VN"}, {"import": 240000, "export": 0, "id": "IN"}, {"import": 0, "export": 0, "id": "PK"}, {"import": 0, "export": 0, "id": "SE"}, {"import": 0, "export": 0, "id": "MD"}, {"import": 0, "export": 0, "id": "IE"}, {"import": 0, "export": 46000, "id": "LV"}, {"import": 0, "export": 24000, "id": "LT"}, {"import": 0, "export": 0, "id": "TR"}, {"import": 0, "export": 0, "id": "EE"}, {"import": 0, "export": 154050, "id": "FI"}], "import": 2385173, "export": 1227588}, {"date": "2020-02-01", "list": [{"import": 2579088, "export": 22000, "id": "BG"}, {"import": 0, "export": 0, "id": "GY"}, {"import": 30926, "export": 0, "id": "NL"}, {"import": 10534, "export": 0, "id": "HU"}, {"import": 17451, "export": 22240, "id": "IT"}, {"import": 7560, "export": 0, "id": "ES"}, {"import": 672, "export": 0, "id": "PL"}, {"import": 275, "export": 167160, "id": "SK"}, {"import": 0, "export": 0, "id": "GR"}, {"import": 0, "export": 0, "id": "AT"}, {"import": 0, "export": 30, "id": "FR"}, {"import": 42, "export": 1602, "id": "GB"}, {"import": 0, "export": 133000, "id": "DE"}, {"import": 0, "export": 0, "id": "BE"}, {"import": 125000, "export": 0, "id": "KH"}, {"import": 0, "export": 0, "id": "CN"}, {"import": 0, "export": 264000, "id": "-"}, {"import": 0, "export": 0, "id": "VN"}, {"import": 0, "export": 0, "id": "IN"}, {"import": 125000, "export": 0, "id": "PK"}, {"import": 0, "export": 0, "id": "SE"}, {"import": 0, "export": 1483, "id": "MD"}, {"import": 0, "export": 0, "id": "IE"}, {"import": 0, "export": 0, "id": "LV"}, {"import": 0, "export": 0, "id": "LT"}, {"import": 0, "export": 0, "id": "TR"}, {"import": 0, "export": 0, "id": "EE"}, {"import": 0, "export": 132000, "id": "FI"}], "import": 2896548, "export": 743515}, {"date": "2020-04-01", "list": [{"import": 2611091, "export": 0, "id": "BG"}, {"import": 0, "export": 0, "id": "GY"}, {"import": 0, "export": 0, "id": "NL"}, {"import": 4280, "export": 0, "id": "HU"}, {"import": 11664, "export": 0, "id": "IT"}, {"import": 0, "export": 0, "id": "ES"}, {"import": 0, "export": 0, "id": "PL"}, {"import": 250, "export": 0, "id": "SK"}, {"import": 0, "export": 0, "id": "GR"}, {"import": 0, "export": 0, "id": "AT"}, {"import": 84, "export": 0, "id": "FR"}, {"import": 0, "export": 0, "id": "GB"}, {"import": 0, "export": 0, "id": "DE"}, {"import": 0, "export": 0, "id": "BE"}, {"import": 0, "export": 0, "id": "KH"}, {"import": 0, "export": 0, "id": "CN"}, {"import": 0, "export": 0, "id": "-"}, {"import": 0, "export": 0, "id": "VN"}, {"import": 0, "export": 0, "id": "IN"}, {"import": 0, "export": 0, "id": "PK"}], "import": 2627369, "export": 0}, {"date": "2020-06-01", "list": [{"import": 2588734, "export": 0, "id": "BG"}, {"import": 0, "export": 0, "id": "GY"}, {"import": 6048, "export": 0, "id": "NL"}, {"import": 0, "export": 0, "id": "HU"}, {"import": 8569, "export": 0, "id": "IT"}, {"import": 0, "export": 0, "id": "ES"}, {"import": 1555, "export": 0, "id": "PL"}, {"import": 125, "export": 0, "id": "SK"}, {"import": 0, "export": 0, "id": "GR"}, {"import": 681, "export": 0, "id": "AT"}, {"import": 0, "export": 0, "id": "FR"}, {"import": 0, "export": 0, "id": "GB"}, {"import": 0, "export": 0, "id": "DE"}, {"import": 125000, "export": 0, "id": "KH"}, {"import": 0, "export": 0, "id": "CN"}, {"import": 0, "export": 0, "id": "-"}, {"import": 0, "export": 0, "id": "VN"}, {"import": 0, "export": 0, "id": "IN"}, {"import": 0, "export": 0, "id": "PK"}], "import": 2730712, "export": 0}, {"date": "Unnamed: 22-01", "list": [{"import": 3141306, "export": 0, "id": "BG"}, {"import": 0, "export": 0, "id": "GY"}, {"import": 22499, "export": 0, "id": "NL"}, {"import": 2823, "export": 0, "id": "HU"}, {"import": 14894, "export": 0, "id": "IT"}, {"import": 0, "export": 0, "id": "ES"}, {"import": 1829, "export": 0, "id": "PL"}, {"import": 0, "export": 0, "id": "SK"}, {"import": 0, "export": 0, "id": "GR"}, {"import": 231, "export": 0, "id": "AT"}, {"import": 0, "export": 0, "id": "FR"}, {"import": 0, "export": 0, "id": "GB"}, {"import": 0, "export": 0, "id": "DE"}, {"import": 0, "export": 0, "id": "BE"}, {"import": 125000, "export": 0, "id": "KH"}, {"import": 0, "export": 0, "id": "CN"}, {"import": 0, "export": 0, "id": "VN"}, {"import": 0, "export": 0, "id": "IN"}, {"import": 0, "export": 0, "id": "PK"}], "import": 3308582, "export": 0}, {"date": "Unnamed: 24-01", "list": [{"import": 2968842, "export": 0, "id": "BG"}, {"import": 0, "export": 0, "id": "GY"}, {"import": 24830, "export": 0, "id": "NL"}, {"import": 5704, "export": 0, "id": "HU"}, {"import": 11599, "export": 0, "id": "IT"}, {"import": 0, "export": 0, "id": "ES"}, {"import": 701, "export": 0, "id": "PL"}, {"import": 0, "export": 0, "id": "SK"}, {"import": 14066, "export": 0, "id": "GR"}, {"import": 164, "export": 0, "id": "AT"}, {"import": 0, "export": 0, "id": "FR"}, {"import": 31, "export": 0, "id": "GB"}, {"import": 0, "export": 0, "id": "DE"}, {"import": 0, "export": 0, "id": "BE"}, {"import": 125000, "export": 0, "id": "KH"}, {"import": 0, "export": 0, "id": "CN"}, {"import": 0, "export": 0, "id": "-"}, {"import": 0, "export": 0, "id": "VN"}, {"import": 0, "export": 0, "id": "IN"}, {"import": 0, "export": 0, "id": "PK"}], "import": 3150937, "export": 0}, {"date": "Unnamed: 26-01", "list": [{"import": 3093442, "export": 0, "id": "BG"}, {"import": 0, "export": 0, "id": "GY"}, {"import": 1850, "export": 0, "id": "NL"}, {"import": 4730, "export": 0, "id": "HU"}, {"import": 11663, "export": 0, "id": "IT"}, {"import": 0, "export": 0, "id": "ES"}, {"import": 895, "export": 0, "id": "PL"}, {"import": 0, "export": 0, "id": "SK"}, {"import": 522, "export": 0, "id": "GR"}, {"import": 230, "export": 0, "id": "AT"}, {"import": 0, "export": 0, "id": "FR"}, {"import": 0, "export": 0, "id": "GB"}, {"import": 0, "export": 0, "id": "DE"}, {"import": 275000, "export": 0, "id": "KH"}, {"import": 0, "export": 0, "id": "CN"}, {"import": 2733, "export": 0, "id": "-"}, {"import": 125000, "export": 0, "id": "VN"}, {"import": 0, "export": 0, "id": "IN"}, {"import": 0, "export": 0, "id": "PK"}], "import": 3516065, "export": 0}, {"date": "Unnamed: 28-01", "list": [{"import": 3753138, "export": 0, "id": "BG"}, {"import": 0, "export": 0, "id": "GY"}, {"import": 4076, "export": 0, "id": "NL"}, {"import": 32516, "export": 0, "id": "HU"}, {"import": 14493, "export": 0, "id": "IT"}, {"import": 0, "export": 0, "id": "ES"}, {"import": 1738, "export": 0, "id": "PL"}, {"import": 1314, "export": 0, "id": "SK"}, {"import": 0, "export": 0, "id": "GR"}, {"import": 0, "export": 0, "id": "AT"}, {"import": 84, "export": 0, "id": "FR"}, {"import": 230, "export": 0, "id": "GB"}, {"import": 1589, "export": 0, "id": "DE"}, {"import": 6, "export": 0, "id": "BE"}, {"import": 0, "export": 0, "id": "KH"}, {"import": 0, "export": 0, "id": "CN"}, {"import": 552, "export": 0, "id": "-"}, {"import": 0, "export": 0, "id": "VN"}, {"import": 0, "export": 0, "id": "IN"}, {"import": 0, "export": 0, "id": "PK"}], "import": 3809736, "export": 0}, {"date": "Unnamed: 29-01", "list": [{"import": 2274443, "export": 2500, "id": "BG"}, {"import": 0, "export": 0, "id": "GY"}, {"import": 32833, "export": 0, "id": "NL"}, {"import": 3532, "export": 0, "id": "HU"}, {"import": 22886, "export": 240, "id": "IT"}, {"import": 0, "export": 0, "id": "ES"}, {"import": 911, "export": 47000, "id": "PL"}, {"import": 1288, "export": 286560, "id": "SK"}, {"import": 249, "export": 0, "id": "GR"}, {"import": 0, "export": 0, "id": "AT"}, {"import": 286, "export": 560, "id": "FR"}, {"import": 300, "export": 2492, "id": "GB"}, {"import": 4156, "export": 23600, "id": "DE"}, {"import": 0, "export": 0, "id": "BE"}, {"import": 0, "export": 0, "id": "KH"}, {"import": 250000, "export": 0, "id": "CN"}, {"import": 0, "export": 216000, "id": "-"}, {"import": 0, "export": 0, "id": "VN"}, {"import": 0, "export": 0, "id": "IN"}, {"import": 150000, "export": 0, "id": "PK"}, {"import": 0, "export": 0, "id": "SE"}, {"import": 0, "export": 2131, "id": "MD"}, {"import": 0, "export": 630, "id": "IE"}, {"import": 0, "export": 0, "id": "LV"}, {"import": 0, "export": 48000, "id": "LT"}, {"import": 0, "export": 4040730, "id": "TR"}, {"import": 0, "export": 0, "id": "EE"}], "import": 2740884, "export": 4670443}, {"date": "Unnamed: 30-01", "list": [{"import": 120197, "export": 0, "id": "BG"}, {"import": 0, "export": 0, "id": "GY"}, {"import": 70899, "export": 20, "id": "NL"}, {"import": 10262, "export": 0, "id": "HU"}, {"import": 20107, "export": 0, "id": "IT"}, {"import": 49268, "export": 0, "id": "ES"}, {"import": 956, "export": 0, "id": "PL"}, {"import": 1508, "export": 0, "id": "SK"}, {"import": 114608, "export": 0, "id": "GR"}, {"import": 845, "export": 0, "id": "AT"}, {"import": 110, "export": 690, "id": "FR"}, {"import": 68, "export": 9224, "id": "GB"}, {"import": 7720, "export": 0, "id": "DE"}, {"import": 0, "export": 0, "id": "BE"}, {"import": 100000, "export": 0, "id": "KH"}, {"import": 0, "export": 0, "id": "CN"}, {"import": 138, "export": 0, "id": "-"}, {"import": 0, "export": 0, "id": "VN"}, {"import": 0, "export": 0, "id": "IN"}, {"import": 0, "export": 0, "id": "PK"}, {"import": 0, "export": 0, "id": "SE"}, {"import": 0, "export": 1180, "id": "MD"}, {"import": 0, "export": 1198, "id": "IE"}, {"import": 0, "export": 0, "id": "LV"}, {"import": 0, "export": 0, "id": "TR"}, {"import": 0, "export": 0, "id": "EE"}], "import": 496686, "export": 12312}, {"date": "Unnamed: 31-01", "list": [{"import": 7169098, "export": 0, "id": "BG"}, {"import": 0, "export": 0, "id": "GY"}, {"import": 1837, "export": 0, "id": "NL"}, {"import": 25875, "export": 0, "id": "HU"}, {"import": 9477, "export": 0, "id": "IT"}, {"import": 99887, "export": 0, "id": "ES"}, {"import": 735, "export": 0, "id": "PL"}, {"import": 882, "export": 0, "id": "SK"}, {"import": 208952, "export": 0, "id": "GR"}, {"import": 286, "export": 0, "id": "AT"}, {"import": 278, "export": 0, "id": "FR"}, {"import": 85, "export": 0, "id": "GB"}, {"import": 2950, "export": 0, "id": "DE"}, {"import": 0, "export": 0, "id": "BE"}, {"import": 125000, "export": 0, "id": "KH"}, {"import": 0, "export": 0, "id": "CN"}, {"import": 0, "export": 0, "id": "-"}, {"import": 0, "export": 0, "id": "VN"}, {"import": 0, "export": 0, "id": "IN"}, {"import": 0, "export": 0, "id": "PK"}], "import": 7645342, "export": 0}, {"date": "Unnamed: 32-01", "list": [{"import": 6410838, "export": 980, "id": "BG"}, {"import": 0, "export": 0, "id": "GY"}, {"import": 36966, "export": 20, "id": "NL"}, {"import": 14398, "export": 0, "id": "HU"}, {"import": 14189, "export": 2102, "id": "IT"}, {"import": 0, "export": 0, "id": "ES"}, {"import": 1723, "export": 23000, "id": "PL"}, {"import": 178, "export": 813720, "id": "SK"}, {"import": 69540, "export": 0, "id": "GR"}, {"import": 0, "export": 23000, "id": "AT"}, {"import": 514, "export": 2270, "id": "FR"}, {"import": 30, "export": 14218, "id": "GB"}, {"import": 711, "export": 40038, "id": "DE"}, {"import": 0, "export": 0, "id": "BE"}, {"import": 0, "export": 0, "id": "KH"}, {"import": 0, "export": 0, "id": "CN"}, {"import": 414, "export": 0, "id": "-"}, {"import": 0, "export": 0, "id": "VN"}, {"import": 0, "export": 0, "id": "IN"}, {"import": 0, "export": 0, "id": "PK"}, {"import": 0, "export": 0, "id": "SE"}, {"import": 0, "export": 1658, "id": "MD"}, {"import": 0, "export": 2356, "id": "IE"}, {"import": 0, "export": 0, "id": "LV"}, {"import": 0, "export": 0, "id": "LT"}, {"import": 0, "export": 0, "id": "TR"}, {"import": 0, "export": 0, "id": "EE"}], "import": 6549501, "export": 923362}, {"date": "2019-12-01", "list": [{"import": 125230, "export": 0, "id": "GY"}, {"import": 0, "export": 0, "id": "NL"}, {"import": 13710, "export": 0, "id": "HU"}, {"import": 3008, "export": 0, "id": "IT"}, {"import": 0, "export": 0, "id": "ES"}, {"import": 1680, "export": 0, "id": "PL"}, {"import": 0, "export": 0, "id": "SK"}, {"import": 0, "export": 0, "id": "GR"}, {"import": 0, "export": 0, "id": "AT"}, {"import": 0, "export": 0, "id": "FR"}, {"import": 2543985, "export": 0, "id": "GB"}, {"import": 0, "export": 0, "id": "DE"}, {"import": 0, "export": 0, "id": "KH"}, {"import": 0, "export": 0, "id": "CN"}, {"import": 0, "export": 0, "id": "-"}, {"import": 0, "export": 0, "id": "VN"}, {"import": 0, "export": 0, "id": "IN"}, {"import": 50000, "export": 0, "id": "PK"}], "import": 2737613, "export": 0}, {"date": "2018-10-01", "list": [{"import": 0, "export": 0, "id": "SK"}, {"import": 0, "export": 0, "id": "SE"}, {"import": 0, "export": 0, "id": "HU"}, {"import": 0, "export": 0, "id": "DE"}, {"import": 0, "export": 29804, "id": "GB"}, {"import": 0, "export": 605, "id": "MD"}, {"import": 0, "export": 61, "id": "BE"}, {"import": 0, "export": 0, "id": "FR"}, {"import": 0, "export": 0, "id": "IE"}, {"import": 0, "export": 4230, "id": "IT"}, {"import": 0, "export": 0, "id": "LV"}, {"import": 0, "export": 0, "id": "LT"}, {"import": 0, "export": 0, "id": "NL"}, {"import": 0, "export": 0, "id": "PL"}, {"import": 0, "export": 0, "id": "TR"}, {"import": 0, "export": 0, "id": "AT"}, {"import": 0, "export": 0, "id": "-"}, {"import": 0, "export": 0, "id": "EE"}, {"import": 0, "export": 0, "id": "FI"}], "import": 0, "export": 34700}, {"date": "2019-07-01", "list": [{"import": 0, "export": 238630, "id": "SK"}, {"import": 0, "export": 0, "id": "SE"}, {"import": 0, "export": 24000, "id": "HU"}, {"import": 0, "export": 1607, "id": "DE"}, {"import": 0, "export": 2964, "id": "GB"}, {"import": 0, "export": 1344, "id": "MD"}, {"import": 0, "export": 92, "id": "BE"}, {"import": 0, "export": 3000, "id": "BG"}, {"import": 0, "export": 230, "id": "FR"}, {"import": 0, "export": 0, "id": "IE"}, {"import": 0, "export": 0, "id": "IT"}, {"import": 0, "export": 4000, "id": "LV"}, {"import": 0, "export": 72000, "id": "LT"}, {"import": 0, "export": 0, "id": "NL"}, {"import": 0, "export": 70000, "id": "PL"}, {"import": 0, "export": 0, "id": "TR"}, {"import": 0, "export": 0, "id": "AT"}, {"import": 0, "export": 480050, "id": "-"}, {"import": 0, "export": 0, "id": "EE"}, {"import": 0, "export": 88000, "id": "FI"}], "import": 0, "export": 985917}, {"date": "2019-09-01", "list": [{"import": 0, "export": 262598, "id": "SK"}, {"import": 0, "export": 0, "id": "SE"}, {"import": 0, "export": 24000, "id": "HU"}, {"import": 0, "export": 0, "id": "DE"}, {"import": 0, "export": 1726, "id": "GB"}, {"import": 0, "export": 994, "id": "MD"}, {"import": 0, "export": 71, "id": "BE"}, {"import": 0, "export": 1000, "id": "BG"}, {"import": 0, "export": 200, "id": "FR"}, {"import": 0, "export": 0, "id": "IE"}, {"import": 0, "export": 170, "id": "IT"}, {"import": 0, "export": 0, "id": "LV"}, {"import": 0, "export": 0, "id": "LT"}, {"import": 0, "export": 0, "id": "NL"}, {"import": 0, "export": 0, "id": "PL"}, {"import": 0, "export": 0, "id": "TR"}, {"import": 0, "export": 0, "id": "AT"}, {"import": 0, "export": 216000, "id": "-"}, {"import": 0, "export": 0, "id": "EE"}, {"import": 0, "export": 110025, "id": "FI"}], "import": 0, "export": 616784}, {"date": "2019-11-01", "list": [{"import": 0, "export": 501480, "id": "SK"}, {"import": 0, "export": 0, "id": "SE"}, {"import": 0, "export": 23010, "id": "HU"}, {"import": 0, "export": 0, "id": "DE"}, {"import": 0, "export": 2050, "id": "GB"}, {"import": 0, "export": 749, "id": "MD"}, {"import": 0, "export": 77, "id": "BE"}, {"import": 0, "export": 0, "id": "BG"}, {"import": 0, "export": 0, "id": "FR"}, {"import": 0, "export": 0, "id": "IE"}, {"import": 0, "export": 0, "id": "IT"}, {"import": 0, "export": 0, "id": "LV"}, {"import": 0, "export": 24000, "id": "LT"}, {"import": 0, "export": 0, "id": "NL"}, {"import": 0, "export": 48000, "id": "PL"}, {"import": 0, "export": 0, "id": "TR"}, {"import": 0, "export": 0, "id": "AT"}, {"import": 0, "export": 336000, "id": "-"}, {"import": 0, "export": 0, "id": "EE"}, {"import": 0, "export": 110000, "id": "FI"}], "import": 0, "export": 1045366}, {"date": "2020-01-01", "list": [{"import": 0, "export": 597000, "id": "SK"}, {"import": 0, "export": 0, "id": "SE"}, {"import": 0, "export": 0, "id": "HU"}, {"import": 0, "export": 120200, "id": "DE"}, {"import": 0, "export": 944, "id": "GB"}, {"import": 0, "export": 0, "id": "MD"}, {"import": 0, "export": 0, "id": "BE"}, {"import": 0, "export": 2000, "id": "BG"}, {"import": 0, "export": 0, "id": "FR"}, {"import": 0, "export": 0, "id": "IE"}, {"import": 0, "export": 61, "id": "IT"}, {"import": 0, "export": 24000, "id": "LV"}, {"import": 0, "export": 24000, "id": "LT"}, {"import": 0, "export": 0, "id": "NL"}, {"import": 0, "export": 24000, "id": "PL"}, {"import": 0, "export": 0, "id": "TR"}, {"import": 0, "export": 0, "id": "AT"}, {"import": 0, "export": 360000, "id": "-"}, {"import": 0, "export": 0, "id": "EE"}, {"import": 0, "export": 176000, "id": "FI"}], "import": 0, "export": 1328205}, {"date": "2020-03-01", "list": [{"import": 0, "export": 477600, "id": "SK"}, {"import": 0, "export": 0, "id": "SE"}, {"import": 0, "export": 0, "id": "HU"}, {"import": 0, "export": 279000, "id": "DE"}, {"import": 0, "export": 3786, "id": "GB"}, {"import": 0, "export": 1004, "id": "MD"}, {"import": 0, "export": 1170, "id": "BE"}, {"import": 0, "export": 462, "id": "BG"}, {"import": 0, "export": 0, "id": "FR"}, {"import": 0, "export": 539, "id": "IE"}, {"import": 0, "export": 0, "id": "IT"}, {"import": 0, "export": 0, "id": "LV"}, {"import": 0, "export": 0, "id": "NL"}, {"import": 0, "export": 23000, "id": "PL"}, {"import": 0, "export": 0, "id": "TR"}, {"import": 0, "export": 0, "id": "AT"}, {"import": 0, "export": 336000, "id": "-"}, {"import": 0, "export": 0, "id": "EE"}, {"import": 0, "export": 44000, "id": "FI"}], "import": 0, "export": 1166561}, {"date": "2020-05-01", "list": [{"import": 0, "export": 525360, "id": "SK"}, {"import": 0, "export": 0, "id": "SE"}, {"import": 0, "export": 0, "id": "HU"}, {"import": 0, "export": 132000, "id": "DE"}, {"import": 0, "export": 2172, "id": "GB"}, {"import": 0, "export": 1686, "id": "MD"}, {"import": 0, "export": 0, "id": "BE"}, {"import": 0, "export": 24000, "id": "BG"}, {"import": 0, "export": 240, "id": "FR"}, {"import": 0, "export": 0, "id": "IE"}, {"import": 0, "export": 0, "id": "IT"}, {"import": 0, "export": 24000, "id": "LV"}, {"import": 0, "export": 24000, "id": "LT"}, {"import": 0, "export": 0, "id": "NL"}, {"import": 0, "export": 0, "id": "PL"}, {"import": 0, "export": 0, "id": "TR"}, {"import": 0, "export": 0, "id": "AT"}, {"import": 0, "export": 120000, "id": "-"}, {"import": 0, "export": 0, "id": "EE"}, {"import": 0, "export": 44000, "id": "FI"}], "import": 0, "export": 897458}, {"date": "Unnamed: 23-01", "list": [{"import": 0, "export": 358200, "id": "SK"}, {"import": 0, "export": 0, "id": "SE"}, {"import": 0, "export": 0, "id": "HU"}, {"import": 0, "export": 1274, "id": "DE"}, {"import": 0, "export": 10894, "id": "GB"}, {"import": 0, "export": 1108, "id": "MD"}, {"import": 0, "export": 2030, "id": "BE"}, {"import": 0, "export": 1700, "id": "FR"}, {"import": 0, "export": 0, "id": "IE"}, {"import": 0, "export": 211, "id": "IT"}, {"import": 0, "export": 24000, "id": "LV"}, {"import": 0, "export": 0, "id": "NL"}, {"import": 0, "export": 66000, "id": "PL"}, {"import": 0, "export": 0, "id": "TR"}, {"import": 0, "export": 0, "id": "AT"}, {"import": 0, "export": 384000, "id": "-"}, {"import": 0, "export": 0, "id": "EE"}, {"import": 0, "export": 66000, "id": "FI"}], "import": 0, "export": 915417}, {"date": "Unnamed: 25-01", "list": [{"import": 0, "export": 286560, "id": "SK"}, {"import": 0, "export": 0, "id": "SE"}, {"import": 0, "export": 0, "id": "HU"}, {"import": 0, "export": 0, "id": "DE"}, {"import": 0, "export": 2321, "id": "GB"}, {"import": 0, "export": 1726, "id": "MD"}, {"import": 0, "export": 22000, "id": "BG"}, {"import": 0, "export": 250, "id": "FR"}, {"import": 0, "export": 0, "id": "IE"}, {"import": 0, "export": 641, "id": "IT"}, {"import": 0, "export": 0, "id": "LV"}, {"import": 0, "export": 72000, "id": "LT"}, {"import": 0, "export": 0, "id": "NL"}, {"import": 0, "export": 47000, "id": "PL"}, {"import": 0, "export": 0, "id": "TR"}, {"import": 0, "export": 0, "id": "AT"}, {"import": 0, "export": 168000, "id": "-"}, {"import": 0, "export": 0, "id": "EE"}, {"import": 0, "export": 22000, "id": "FI"}], "import": 0, "export": 622498}, {"date": "Unnamed: 27-01", "list": [{"import": 0, "export": 473520, "id": "SK"}, {"import": 0, "export": 0, "id": "SE"}, {"import": 0, "export": 0, "id": "HU"}, {"import": 0, "export": 1874, "id": "DE"}, {"import": 0, "export": 5408, "id": "GB"}, {"import": 0, "export": 1612, "id": "MD"}, {"import": 0, "export": 0, "id": "BE"}, {"import": 0, "export": 0, "id": "BG"}, {"import": 0, "export": 1410, "id": "FR"}, {"import": 0, "export": 0, "id": "IE"}, {"import": 0, "export": 460, "id": "IT"}, {"import": 0, "export": 24000, "id": "LV"}, {"import": 0, "export": 24000, "id": "LT"}, {"import": 0, "export": 0, "id": "NL"}, {"import": 0, "export": 23000, "id": "PL"}, {"import": 0, "export": 0, "id": "TR"}, {"import": 0, "export": 0, "id": "AT"}, {"import": 0, "export": 48000, "id": "-"}, {"import": 0, "export": 0, "id": "EE"}, {"import": 0, "export": 44000, "id": "FI"}], "import": 0, "export": 647284}, {"date": "Unnamed: 33-01", "list": [{"import": 0, "export": 405960, "id": "SK"}, {"import": 0, "export": 24000, "id": "SE"}, {"import": 0, "export": 20160, "id": "HU"}, {"import": 0, "export": 6905, "id": "DE"}, {"import": 0, "export": 3966, "id": "GB"}, {"import": 0, "export": 2680, "id": "MD"}, {"import": 0, "export": 1001, "id": "BE"}, {"import": 0, "export": 1000, "id": "BG"}, {"import": 0, "export": 810, "id": "FR"}, {"import": 0, "export": 650, "id": "IE"}, {"import": 0, "export": 410, "id": "IT"}, {"import": 0, "export": 0, "id": "LV"}, {"import": 0, "export": 0, "id": "LT"}, {"import": 0, "export": 0, "id": "NL"}, {"import": 0, "export": 0, "id": "PL"}, {"import": 0, "export": 0, "id": "TR"}, {"import": 0, "export": 0, "id": "AT"}, {"import": 0, "export": 0, "id": "EE"}], "import": 0, "export": 467542}]