[{"date": "2018-06-01", "list": [{"import": 528, "export": 0, "id": "ZA"}, {"import": 0, "export": 0, "id": "TH"}, {"import": 0, "export": 0, "id": "CN"}], "import": 528, "export": 0}, {"date": "2018-07-01", "list": [{"import": 0, "export": 0, "id": "ZA"}, {"import": 130, "export": 0, "id": "TH"}, {"import": 0, "export": 0, "id": "CN"}], "import": 130, "export": 0}, {"date": "2018-08-01", "list": [{"import": 610, "export": 0, "id": "ZA"}, {"import": 1570, "export": 0, "id": "TH"}, {"import": 0, "export": 0, "id": "CN"}], "import": 2180, "export": 0}, {"date": "2018-09-01", "list": [{"import": 1556, "export": 0, "id": "ZA"}, {"import": 1943, "export": 0, "id": "TH"}, {"import": 0, "export": 0, "id": "CN"}], "import": 3499, "export": 0}, {"date": "2018-10-01", "list": [{"import": 515, "export": 0, "id": "ZA"}, {"import": 903, "export": 0, "id": "TH"}, {"import": 0, "export": 0, "id": "CN"}], "import": 1418, "export": 0}, {"date": "2018-11-01", "list": [{"import": 1727, "export": 0, "id": "ZA"}, {"import": 825, "export": 0, "id": "TH"}, {"import": 0, "export": 0, "id": "CN"}], "import": 2552, "export": 0}, {"date": "2018-12-01", "list": [{"import": 803, "export": 0, "id": "ZA"}, {"import": 632, "export": 0, "id": "TH"}, {"import": 0, "export": 0, "id": "CN"}], "import": 1435, "export": 0}, {"date": "2019-01-01", "list": [{"import": 0, "export": 0, "id": "ZA"}, {"import": 0, "export": 0, "id": "TH"}, {"import": 0, "export": 0, "id": "CN"}], "import": 0, "export": 0}, {"date": "2019-02-01", "list": [{"import": 520, "export": 0, "id": "ZA"}, {"import": 808, "export": 0, "id": "TH"}, {"import": 0, "export": 0, "id": "CN"}], "import": 1328, "export": 0}, {"date": "2019-03-01", "list": [{"import": 381, "export": 0, "id": "ZA"}, {"import": 0, "export": 0, "id": "TH"}, {"import": 0, "export": 0, "id": "CN"}], "import": 381, "export": 0}, {"date": "2019-04-01", "list": [{"import": 572, "export": 0, "id": "ZA"}, {"import": 468, "export": 0, "id": "TH"}, {"import": 0, "export": 0, "id": "CN"}], "import": 1040, "export": 0}, {"date": "2019-05-01", "list": [{"import": 456, "export": 0, "id": "ZA"}, {"import": 402, "export": 0, "id": "TH"}, {"import": 0, "export": 0, "id": "CN"}], "import": 858, "export": 0}, {"date": "2019-06-01", "list": [{"import": 0, "export": 0, "id": "ZA"}, {"import": 0, "export": 0, "id": "TH"}, {"import": 0, "export": 0, "id": "CN"}], "import": 0, "export": 0}, {"date": "2019-07-01", "list": [{"import": 1562, "export": 0, "id": "ZA"}, {"import": 2417, "export": 0, "id": "TH"}, {"import": 0, "export": 0, "id": "CN"}], "import": 3979, "export": 0}, {"date": "2019-08-01", "list": [{"import": 992, "export": 0, "id": "ZA"}, {"import": 1064, "export": 0, "id": "TH"}, {"import": 0, "export": 0, "id": "CN"}], "import": 2056, "export": 0}, {"date": "2019-09-01", "list": [{"import": 467, "export": 0, "id": "ZA"}, {"import": 652, "export": 0, "id": "TH"}, {"import": 0, "export": 0, "id": "CN"}], "import": 1119, "export": 0}, {"date": "2019-10-01", "list": [{"import": 361, "export": 0, "id": "ZA"}, {"import": 444, "export": 0, "id": "TH"}, {"import": 0, "export": 0, "id": "CN"}], "import": 805, "export": 0}, {"date": "2019-11-01", "list": [{"import": 0, "export": 0, "id": "ZA"}, {"import": 0, "export": 0, "id": "TH"}, {"import": 0, "export": 0, "id": "CN"}], "import": 0, "export": 0}]