[{"date": "2019-07-01", "list": [{"import": 525060, "export": 0, "id": "IN"}, {"import": 0, "export": 0, "id": "TW"}, {"import": 0, "export": 0, "id": "PK"}, {"import": 0, "export": 0, "id": "-"}, {"import": 0, "export": 0, "id": "VN"}], "import": 525060, "export": 0}, {"date": "2019-08-01", "list": [{"import": 3145661, "export": 0, "id": "IN"}, {"import": 0, "export": 0, "id": "TW"}, {"import": 80000, "export": 0, "id": "PK"}, {"import": 0, "export": 0, "id": "-"}, {"import": 0, "export": 0, "id": "VN"}], "import": 3225661, "export": 0}, {"date": "2019-09-01", "list": [{"import": 2408038, "export": 0, "id": "IN"}, {"import": 0, "export": 0, "id": "TW"}, {"import": 0, "export": 0, "id": "PK"}, {"import": 0, "export": 0, "id": "-"}, {"import": 48127, "export": 0, "id": "VN"}], "import": 2456165, "export": 0}, {"date": "2019-10-01", "list": [{"import": 962423, "export": 0, "id": "IN"}, {"import": 0, "export": 0, "id": "TW"}, {"import": 0, "export": 0, "id": "PK"}, {"import": 0, "export": 0, "id": "-"}, {"import": 0, "export": 0, "id": "VN"}], "import": 962423, "export": 0}, {"date": "2019-11-01", "list": [{"import": 1601046, "export": 0, "id": "IN"}, {"import": 0, "export": 0, "id": "TW"}, {"import": 0, "export": 0, "id": "PK"}, {"import": 0, "export": 0, "id": "-"}, {"import": 70000, "export": 0, "id": "VN"}], "import": 1671046, "export": 0}, {"date": "2019-12-01", "list": [{"import": 687098, "export": 0, "id": "IN"}, {"import": 0, "export": 0, "id": "TW"}, {"import": 0, "export": 0, "id": "PK"}, {"import": 0, "export": 0, "id": "-"}, {"import": 0, "export": 0, "id": "VN"}], "import": 687098, "export": 0}, {"date": "2020-01-01", "list": [{"import": 2142856, "export": 0, "id": "IN"}, {"import": 0, "export": 0, "id": "TW"}, {"import": 0, "export": 0, "id": "PK"}, {"import": 0, "export": 0, "id": "-"}, {"import": 0, "export": 0, "id": "VN"}], "import": 2142856, "export": 0}, {"date": "2020-02-01", "list": [{"import": 2022196, "export": 0, "id": "IN"}, {"import": 0, "export": 0, "id": "TW"}, {"import": 0, "export": 0, "id": "PK"}, {"import": 0, "export": 0, "id": "-"}, {"import": 0, "export": 0, "id": "VN"}], "import": 2022196, "export": 0}, {"date": "2020-03-01", "list": [{"import": 1815116, "export": 0, "id": "IN"}, {"import": 0, "export": 0, "id": "TW"}, {"import": 0, "export": 0, "id": "PK"}, {"import": 0, "export": 0, "id": "-"}, {"import": 0, "export": 0, "id": "VN"}], "import": 1815116, "export": 0}, {"date": "2020-04-01", "list": [{"import": 522000, "export": 0, "id": "IN"}, {"import": 90000, "export": 0, "id": "TW"}, {"import": 0, "export": 0, "id": "PK"}, {"import": 15000, "export": 0, "id": "-"}, {"import": 0, "export": 0, "id": "VN"}], "import": 627000, "export": 0}, {"date": "2020-05-01", "list": [{"import": 644000, "export": 0, "id": "IN"}, {"import": 180000, "export": 0, "id": "TW"}, {"import": 30000, "export": 0, "id": "PK"}, {"import": 0, "export": 0, "id": "-"}, {"import": 0, "export": 0, "id": "VN"}], "import": 854000, "export": 0}, {"date": "2020-06-01", "list": [{"import": 1401154, "export": 0, "id": "IN"}, {"import": 30000, "export": 0, "id": "TW"}, {"import": 0, "export": 0, "id": "PK"}, {"import": 0, "export": 0, "id": "-"}, {"import": 0, "export": 0, "id": "VN"}], "import": 1431154, "export": 0}]