[{"date": "2018-12-01", "list": [{"import": 4021710, "export": 0, "id": "MM"}, {"import": 0, "export": 0, "id": "JP"}, {"import": 183190, "export": 0, "id": "LA"}, {"import": 0, "export": 400000, "id": "PK"}, {"import": 0, "export": 1500000, "id": "PH"}, {"import": 0, "export": 0, "id": "RU"}, {"import": 0, "export": 0, "id": "AO"}, {"import": 0, "export": 114000, "id": "BD"}, {"import": 0, "export": 0, "id": "BN"}, {"import": 0, "export": 0, "id": "GH"}, {"import": 0, "export": 0, "id": "GN"}, {"import": 0, "export": 0, "id": "ID"}, {"import": 0, "export": 0, "id": "IT"}, {"import": 0, "export": 0, "id": "MG"}, {"import": 0, "export": 200, "id": "NP"}, {"import": 0, "export": 0, "id": "NG"}, {"import": 0, "export": 0, "id": "PE"}, {"import": 0, "export": 0, "id": "SL"}, {"import": 0, "export": 1623840, "id": "VN"}, {"import": 0, "export": 0, "id": "TG"}, {"import": 0, "export": 0, "id": "AE"}, {"import": 0, "export": 0, "id": "UG"}, {"import": 0, "export": 0, "id": "UY"}], "import": 4204900, "export": 3638040}, {"date": "2019-01-01", "list": [{"import": 0, "export": 0, "id": "MM"}, {"import": 0, "export": 0, "id": "JP"}, {"import": 0, "export": 0, "id": "LA"}, {"import": 0, "export": 850000, "id": "PK"}, {"import": 0, "export": 0, "id": "PH"}, {"import": 72460, "export": 0, "id": "RU"}, {"import": 0, "export": 0, "id": "AO"}, {"import": 0, "export": 56000, "id": "BD"}, {"import": 0, "export": 0, "id": "BN"}, {"import": 0, "export": 0, "id": "GH"}, {"import": 0, "export": 0, "id": "GN"}, {"import": 0, "export": 0, "id": "ID"}, {"import": 0, "export": 0, "id": "IT"}, {"import": 0, "export": 0, "id": "MG"}, {"import": 0, "export": 0, "id": "NP"}, {"import": 0, "export": 0, "id": "NG"}, {"import": 0, "export": 0, "id": "PE"}, {"import": 0, "export": 0, "id": "SL"}, {"import": 0, "export": 194200, "id": "VN"}, {"import": 0, "export": 0, "id": "TG"}, {"import": 0, "export": 0, "id": "AE"}, {"import": 0, "export": 0, "id": "UG"}, {"import": 0, "export": 0, "id": "UY"}], "import": 72460, "export": 1100200}, {"date": "2019-02-01", "list": [{"import": 0, "export": 0, "id": "MM"}, {"import": 0, "export": 0, "id": "JP"}, {"import": 0, "export": 0, "id": "LA"}, {"import": 0, "export": 1090000, "id": "PK"}, {"import": 0, "export": 0, "id": "PH"}, {"import": 92500, "export": 0, "id": "RU"}, {"import": 0, "export": 0, "id": "AO"}, {"import": 0, "export": 0, "id": "BD"}, {"import": 0, "export": 0, "id": "BN"}, {"import": 0, "export": 0, "id": "GH"}, {"import": 0, "export": 0, "id": "GN"}, {"import": 0, "export": 0, "id": "ID"}, {"import": 0, "export": 0, "id": "IT"}, {"import": 0, "export": 0, "id": "MG"}, {"import": 0, "export": 0, "id": "NP"}, {"import": 0, "export": 0, "id": "NG"}, {"import": 0, "export": 0, "id": "PE"}, {"import": 0, "export": 8500, "id": "SL"}, {"import": 0, "export": 0, "id": "VN"}, {"import": 0, "export": 0, "id": "TG"}, {"import": 0, "export": 0, "id": "AE"}, {"import": 0, "export": 0, "id": "UG"}, {"import": 0, "export": 0, "id": "UY"}], "import": 92500, "export": 1098500}, {"date": "2019-03-01", "list": [{"import": 0, "export": 0, "id": "MM"}, {"import": 85, "export": 0, "id": "JP"}, {"import": 0, "export": 0, "id": "LA"}, {"import": 0, "export": 2435660, "id": "PK"}, {"import": 0, "export": 199992, "id": "PH"}, {"import": 124000, "export": 0, "id": "RU"}, {"import": 0, "export": 0, "id": "AO"}, {"import": 0, "export": 0, "id": "BD"}, {"import": 0, "export": 0, "id": "BN"}, {"import": 0, "export": 0, "id": "GH"}, {"import": 0, "export": 0, "id": "GN"}, {"import": 0, "export": 0, "id": "ID"}, {"import": 0, "export": 0, "id": "IT"}, {"import": 0, "export": 0, "id": "MG"}, {"import": 0, "export": 20320, "id": "NP"}, {"import": 0, "export": 0, "id": "NG"}, {"import": 0, "export": 0, "id": "PE"}, {"import": 0, "export": 0, "id": "SL"}, {"import": 0, "export": 3500, "id": "VN"}, {"import": 0, "export": 0, "id": "TG"}, {"import": 0, "export": 0, "id": "AE"}, {"import": 0, "export": 17500, "id": "UG"}, {"import": 0, "export": 0, "id": "UY"}], "import": 124085, "export": 2676972}, {"date": "2019-04-01", "list": [{"import": 0, "export": 0, "id": "MM"}, {"import": 0, "export": 0, "id": "JP"}, {"import": 0, "export": 0, "id": "LA"}, {"import": 0, "export": 3781000, "id": "PK"}, {"import": 0, "export": 0, "id": "PH"}, {"import": 144000, "export": 0, "id": "RU"}, {"import": 0, "export": 0, "id": "AO"}, {"import": 0, "export": 26000, "id": "BD"}, {"import": 0, "export": 0, "id": "BN"}, {"import": 0, "export": 0, "id": "GH"}, {"import": 0, "export": 0, "id": "GN"}, {"import": 0, "export": 0, "id": "ID"}, {"import": 0, "export": 0, "id": "IT"}, {"import": 0, "export": 0, "id": "MG"}, {"import": 0, "export": 0, "id": "NP"}, {"import": 0, "export": 0, "id": "NG"}, {"import": 0, "export": 0, "id": "PE"}, {"import": 0, "export": 0, "id": "SL"}, {"import": 0, "export": 67500, "id": "VN"}, {"import": 0, "export": 0, "id": "TG"}, {"import": 0, "export": 0, "id": "AE"}, {"import": 0, "export": 0, "id": "UG"}, {"import": 0, "export": 0, "id": "UY"}], "import": 144000, "export": 3874500}, {"date": "2019-05-01", "list": [{"import": 0, "export": 0, "id": "MM"}, {"import": 0, "export": 0, "id": "JP"}, {"import": 0, "export": 0, "id": "LA"}, {"import": 0, "export": 967604, "id": "PK"}, {"import": 0, "export": 50000, "id": "PH"}, {"import": 0, "export": 0, "id": "RU"}, {"import": 0, "export": 0, "id": "AO"}, {"import": 0, "export": 0, "id": "BD"}, {"import": 0, "export": 2000, "id": "BN"}, {"import": 0, "export": 0, "id": "GH"}, {"import": 0, "export": 0, "id": "GN"}, {"import": 0, "export": 5394, "id": "ID"}, {"import": 0, "export": 0, "id": "IT"}, {"import": 0, "export": 0, "id": "MG"}, {"import": 0, "export": 84000, "id": "NP"}, {"import": 0, "export": 0, "id": "NG"}, {"import": 0, "export": 0, "id": "PE"}, {"import": 0, "export": 0, "id": "SL"}, {"import": 0, "export": 58170, "id": "VN"}, {"import": 0, "export": 420, "id": "TG"}, {"import": 0, "export": 0, "id": "AE"}, {"import": 0, "export": 0, "id": "UG"}, {"import": 0, "export": 0, "id": "UY"}], "import": 0, "export": 1167588}, {"date": "2019-06-01", "list": [{"import": 0, "export": 0, "id": "MM"}, {"import": 0, "export": 0, "id": "JP"}, {"import": 0, "export": 0, "id": "LA"}, {"import": 0, "export": 84235, "id": "PK"}, {"import": 0, "export": 0, "id": "PH"}, {"import": 0, "export": 0, "id": "RU"}, {"import": 0, "export": 0, "id": "AO"}, {"import": 0, "export": 0, "id": "BD"}, {"import": 0, "export": 0, "id": "BN"}, {"import": 0, "export": 0, "id": "GH"}, {"import": 0, "export": 0, "id": "GN"}, {"import": 0, "export": 0, "id": "ID"}, {"import": 0, "export": 0, "id": "IT"}, {"import": 0, "export": 0, "id": "MG"}, {"import": 0, "export": 100, "id": "NP"}, {"import": 0, "export": 0, "id": "NG"}, {"import": 0, "export": 0, "id": "PE"}, {"import": 0, "export": 0, "id": "SL"}, {"import": 0, "export": 800, "id": "VN"}, {"import": 0, "export": 0, "id": "TG"}, {"import": 0, "export": 0, "id": "AE"}, {"import": 0, "export": 8000, "id": "UG"}, {"import": 0, "export": 0, "id": "UY"}], "import": 0, "export": 93135}, {"date": "2019-07-01", "list": [{"import": 0, "export": 0, "id": "MM"}, {"import": 0, "export": 0, "id": "JP"}, {"import": 0, "export": 0, "id": "LA"}, {"import": 0, "export": 0, "id": "PK"}, {"import": 0, "export": 4202, "id": "PH"}, {"import": 0, "export": 0, "id": "RU"}, {"import": 0, "export": 42000, "id": "AO"}, {"import": 0, "export": 0, "id": "BD"}, {"import": 0, "export": 0, "id": "BN"}, {"import": 0, "export": 8500, "id": "GH"}, {"import": 0, "export": 0, "id": "GN"}, {"import": 0, "export": 0, "id": "ID"}, {"import": 0, "export": 0, "id": "IT"}, {"import": 0, "export": 0, "id": "MG"}, {"import": 0, "export": 0, "id": "NP"}, {"import": 0, "export": 0, "id": "NG"}, {"import": 0, "export": 0, "id": "PE"}, {"import": 0, "export": 4620, "id": "SL"}, {"import": 0, "export": 0, "id": "VN"}, {"import": 0, "export": 0, "id": "TG"}, {"import": 0, "export": 0, "id": "AE"}, {"import": 0, "export": 0, "id": "UG"}, {"import": 0, "export": 0, "id": "UY"}], "import": 0, "export": 59322}, {"date": "2019-08-01", "list": [{"import": 1909547, "export": 0, "id": "MM"}, {"import": 0, "export": 0, "id": "JP"}, {"import": 764100, "export": 0, "id": "LA"}, {"import": 0, "export": 0, "id": "PK"}, {"import": 0, "export": 0, "id": "PH"}, {"import": 0, "export": 0, "id": "RU"}, {"import": 0, "export": 0, "id": "AO"}, {"import": 0, "export": 0, "id": "BD"}, {"import": 0, "export": 0, "id": "BN"}, {"import": 0, "export": 0, "id": "GH"}, {"import": 0, "export": 15000, "id": "GN"}, {"import": 0, "export": 0, "id": "ID"}, {"import": 0, "export": 0, "id": "IT"}, {"import": 0, "export": 0, "id": "MG"}, {"import": 0, "export": 0, "id": "NP"}, {"import": 0, "export": 0, "id": "NG"}, {"import": 0, "export": 0, "id": "PE"}, {"import": 0, "export": 0, "id": "SL"}, {"import": 0, "export": 0, "id": "VN"}, {"import": 0, "export": 0, "id": "TG"}, {"import": 0, "export": 0, "id": "AE"}, {"import": 0, "export": 0, "id": "UG"}, {"import": 0, "export": 0, "id": "UY"}], "import": 2673647, "export": 15000}, {"date": "2019-09-01", "list": [{"import": 992841, "export": 0, "id": "MM"}, {"import": 0, "export": 0, "id": "JP"}, {"import": 0, "export": 0, "id": "LA"}, {"import": 0, "export": 0, "id": "PK"}, {"import": 0, "export": 1249998, "id": "PH"}, {"import": 0, "export": 0, "id": "RU"}, {"import": 0, "export": 0, "id": "AO"}, {"import": 0, "export": 15250, "id": "BD"}, {"import": 0, "export": 0, "id": "BN"}, {"import": 0, "export": 0, "id": "GH"}, {"import": 0, "export": 0, "id": "GN"}, {"import": 0, "export": 0, "id": "ID"}, {"import": 0, "export": 0, "id": "IT"}, {"import": 0, "export": 0, "id": "MG"}, {"import": 0, "export": 0, "id": "NP"}, {"import": 0, "export": 0, "id": "NG"}, {"import": 0, "export": 0, "id": "PE"}, {"import": 0, "export": 0, "id": "SL"}, {"import": 0, "export": 0, "id": "VN"}, {"import": 0, "export": 20000, "id": "TG"}, {"import": 0, "export": 0, "id": "AE"}, {"import": 0, "export": 0, "id": "UG"}, {"import": 0, "export": 0, "id": "UY"}], "import": 992841, "export": 1285248}, {"date": "2019-10-01", "list": [{"import": 2713278, "export": 20, "id": "MM"}, {"import": 0, "export": 0, "id": "JP"}, {"import": 64000, "export": 0, "id": "LA"}, {"import": 0, "export": 0, "id": "PK"}, {"import": 1, "export": 599984, "id": "PH"}, {"import": 0, "export": 0, "id": "RU"}, {"import": 0, "export": 0, "id": "AO"}, {"import": 0, "export": 505800, "id": "BD"}, {"import": 0, "export": 0, "id": "BN"}, {"import": 0, "export": 0, "id": "GH"}, {"import": 0, "export": 0, "id": "GN"}, {"import": 0, "export": 0, "id": "ID"}, {"import": 0, "export": 0, "id": "IT"}, {"import": 0, "export": 100000, "id": "MG"}, {"import": 0, "export": 0, "id": "NP"}, {"import": 0, "export": 0, "id": "NG"}, {"import": 0, "export": 0, "id": "PE"}, {"import": 0, "export": 0, "id": "SL"}, {"import": 0, "export": 791040, "id": "VN"}, {"import": 0, "export": 0, "id": "TG"}, {"import": 0, "export": 442, "id": "AE"}, {"import": 0, "export": 11880, "id": "UG"}, {"import": 0, "export": 200, "id": "UY"}], "import": 2777279, "export": 2009366}, {"date": "2019-11-01", "list": [{"import": 10407285, "export": 0, "id": "MM"}, {"import": 0, "export": 0, "id": "JP"}, {"import": 32000, "export": 0, "id": "LA"}, {"import": 0, "export": 0, "id": "PK"}, {"import": 1, "export": 150006, "id": "PH"}, {"import": 90720, "export": 0, "id": "RU"}, {"import": 0, "export": 0, "id": "AO"}, {"import": 0, "export": 52261, "id": "BD"}, {"import": 0, "export": 0, "id": "BN"}, {"import": 0, "export": 0, "id": "GH"}, {"import": 0, "export": 0, "id": "GN"}, {"import": 0, "export": 18800, "id": "ID"}, {"import": 0, "export": 0, "id": "IT"}, {"import": 0, "export": 0, "id": "MG"}, {"import": 0, "export": 0, "id": "NP"}, {"import": 0, "export": 0, "id": "NG"}, {"import": 0, "export": 0, "id": "PE"}, {"import": 0, "export": 0, "id": "SL"}, {"import": 0, "export": 1840475, "id": "VN"}, {"import": 0, "export": 0, "id": "TG"}, {"import": 0, "export": 0, "id": "AE"}, {"import": 0, "export": 0, "id": "UG"}, {"import": 0, "export": 0, "id": "UY"}], "import": 10530006, "export": 2061542}, {"date": "2019-12-01", "list": [{"import": 5646898, "export": 3000, "id": "MM"}, {"import": 0, "export": 0, "id": "JP"}, {"import": 0, "export": 0, "id": "LA"}, {"import": 0, "export": 1300000, "id": "PK"}, {"import": 0, "export": 12000, "id": "PH"}, {"import": 67360, "export": 0, "id": "RU"}, {"import": 0, "export": 0, "id": "AO"}, {"import": 0, "export": 613, "id": "BD"}, {"import": 0, "export": 0, "id": "BN"}, {"import": 0, "export": 0, "id": "GH"}, {"import": 0, "export": 0, "id": "GN"}, {"import": 0, "export": 0, "id": "ID"}, {"import": 0, "export": 0, "id": "IT"}, {"import": 0, "export": 0, "id": "MG"}, {"import": 0, "export": 0, "id": "NP"}, {"import": 0, "export": 0, "id": "NG"}, {"import": 0, "export": 0, "id": "PE"}, {"import": 0, "export": 0, "id": "SL"}, {"import": 0, "export": 769450, "id": "VN"}, {"import": 0, "export": 0, "id": "TG"}, {"import": 0, "export": 0, "id": "AE"}, {"import": 0, "export": 0, "id": "UG"}, {"import": 0, "export": 0, "id": "UY"}], "import": 5714258, "export": 2085063}, {"date": "2020-03-01", "list": [{"import": 0, "export": 0, "id": "MM"}, {"import": 0, "export": 0, "id": "JP"}, {"import": 0, "export": 0, "id": "LA"}, {"import": 0, "export": 3238594, "id": "PK"}, {"import": 0, "export": 214992, "id": "PH"}, {"import": 0, "export": 0, "id": "RU"}, {"import": 0, "export": 0, "id": "AO"}, {"import": 0, "export": 0, "id": "BD"}, {"import": 0, "export": 0, "id": "BN"}, {"import": 0, "export": 0, "id": "GH"}, {"import": 0, "export": 0, "id": "GN"}, {"import": 0, "export": 0, "id": "ID"}, {"import": 0, "export": 0, "id": "IT"}, {"import": 0, "export": 0, "id": "MG"}, {"import": 0, "export": 43000, "id": "NP"}, {"import": 0, "export": 10000, "id": "NG"}, {"import": 0, "export": 0, "id": "PE"}, {"import": 0, "export": 0, "id": "SL"}, {"import": 0, "export": 12750, "id": "VN"}, {"import": 0, "export": 0, "id": "TG"}, {"import": 0, "export": 0, "id": "AE"}, {"import": 0, "export": 21720, "id": "UG"}, {"import": 0, "export": 0, "id": "UY"}], "import": 0, "export": 3541056}, {"date": "2020-04-01", "list": [{"import": 0, "export": 0, "id": "MM"}, {"import": 400, "export": 0, "id": "JP"}, {"import": 0, "export": 0, "id": "LA"}, {"import": 1950, "export": 3494397, "id": "PK"}, {"import": 2, "export": 199992, "id": "PH"}, {"import": 0, "export": 0, "id": "RU"}, {"import": 0, "export": 0, "id": "AO"}, {"import": 0, "export": 50000, "id": "BD"}, {"import": 0, "export": 0, "id": "BN"}, {"import": 0, "export": 0, "id": "GH"}, {"import": 0, "export": 0, "id": "GN"}, {"import": 0, "export": 13760, "id": "ID"}, {"import": 0, "export": 0, "id": "IT"}, {"import": 0, "export": 0, "id": "MG"}, {"import": 0, "export": 0, "id": "NP"}, {"import": 0, "export": 0, "id": "NG"}, {"import": 0, "export": 0, "id": "PE"}, {"import": 0, "export": 0, "id": "SL"}, {"import": 0, "export": 15000, "id": "VN"}, {"import": 0, "export": 0, "id": "TG"}, {"import": 0, "export": 0, "id": "AE"}, {"import": 0, "export": 0, "id": "UG"}, {"import": 0, "export": 0, "id": "UY"}], "import": 2352, "export": 3773149}, {"date": "2020-05-01", "list": [{"import": 0, "export": 0, "id": "MM"}, {"import": 0, "export": 0, "id": "JP"}, {"import": 0, "export": 0, "id": "LA"}, {"import": 0, "export": 295957, "id": "PK"}, {"import": 0, "export": 1339970, "id": "PH"}, {"import": 0, "export": 0, "id": "RU"}, {"import": 0, "export": 0, "id": "AO"}, {"import": 0, "export": 0, "id": "BD"}, {"import": 0, "export": 0, "id": "BN"}, {"import": 0, "export": 0, "id": "GH"}, {"import": 0, "export": 0, "id": "GN"}, {"import": 0, "export": 0, "id": "ID"}, {"import": 0, "export": 0, "id": "IT"}, {"import": 0, "export": 500000, "id": "MG"}, {"import": 0, "export": 105000, "id": "NP"}, {"import": 0, "export": 0, "id": "NG"}, {"import": 0, "export": 0, "id": "PE"}, {"import": 0, "export": 0, "id": "SL"}, {"import": 0, "export": 38000, "id": "VN"}, {"import": 0, "export": 1680, "id": "TG"}, {"import": 0, "export": 0, "id": "AE"}, {"import": 0, "export": 0, "id": "UG"}, {"import": 0, "export": 0, "id": "UY"}], "import": 0, "export": 2280607}, {"date": "2020-06-01", "list": [{"import": 0, "export": 0, "id": "MM"}, {"import": 0, "export": 0, "id": "JP"}, {"import": 0, "export": 0, "id": "LA"}, {"import": 0, "export": 16040, "id": "PK"}, {"import": 0, "export": 0, "id": "PH"}, {"import": 0, "export": 0, "id": "RU"}, {"import": 0, "export": 0, "id": "AO"}, {"import": 0, "export": 0, "id": "BD"}, {"import": 0, "export": 0, "id": "BN"}, {"import": 0, "export": 0, "id": "GH"}, {"import": 0, "export": 0, "id": "GN"}, {"import": 0, "export": 0, "id": "ID"}, {"import": 0, "export": 1950, "id": "IT"}, {"import": 0, "export": 0, "id": "MG"}, {"import": 0, "export": 0, "id": "NP"}, {"import": 0, "export": 0, "id": "NG"}, {"import": 0, "export": 200, "id": "PE"}, {"import": 0, "export": 0, "id": "SL"}, {"import": 0, "export": 21072, "id": "VN"}, {"import": 0, "export": 0, "id": "TG"}, {"import": 0, "export": 0, "id": "AE"}, {"import": 0, "export": 0, "id": "UG"}, {"import": 0, "export": 0, "id": "UY"}], "import": 0, "export": 39262}, {"date": "2020-07-01", "list": [{"import": 0, "export": 0, "id": "MM"}, {"import": 0, "export": 0, "id": "JP"}, {"import": 0, "export": 0, "id": "LA"}, {"import": 0, "export": 0, "id": "PK"}, {"import": 0, "export": 0, "id": "PH"}, {"import": 0, "export": 0, "id": "RU"}, {"import": 0, "export": 0, "id": "AO"}, {"import": 0, "export": 0, "id": "BD"}, {"import": 0, "export": 0, "id": "BN"}, {"import": 0, "export": 0, "id": "GH"}, {"import": 0, "export": 0, "id": "GN"}, {"import": 0, "export": 0, "id": "ID"}, {"import": 0, "export": 0, "id": "IT"}, {"import": 0, "export": 0, "id": "MG"}, {"import": 0, "export": 0, "id": "NP"}, {"import": 0, "export": 0, "id": "NG"}, {"import": 0, "export": 0, "id": "PE"}, {"import": 0, "export": 0, "id": "SL"}, {"import": 0, "export": 0, "id": "VN"}, {"import": 0, "export": 0, "id": "TG"}, {"import": 0, "export": 0, "id": "AE"}, {"import": 0, "export": 0, "id": "UG"}, {"import": 0, "export": 0, "id": "UY"}], "import": 0, "export": 0}]