[{"date": "2019-01-01", "list": [{"import": 250000, "export": 0, "id": "CN"}, {"import": 676, "export": 0, "id": "LT"}, {"import": 198925, "export": 125, "id": "RU"}, {"import": 22000, "export": 0, "id": "IN"}], "import": 471601, "export": 125}, {"date": "2019-04-01", "list": [{"import": 750000, "export": 0, "id": "CN"}, {"import": 1344, "export": 0, "id": "IT"}, {"import": 261448, "export": 0, "id": "RU"}, {"import": 20049, "export": 0, "id": "US"}], "import": 1032841, "export": 0}, {"date": "2019-05-01", "list": [{"import": 250000, "export": 0, "id": "CN"}, {"import": 672, "export": 0, "id": "LT"}, {"import": 152002, "export": 175, "id": "RU"}, {"import": 52000, "export": 0, "id": "IN"}, {"import": 31913, "export": 0, "id": "US"}], "import": 486587, "export": 175}, {"date": "2019-06-01", "list": [{"import": 250000, "export": 0, "id": "CN"}, {"import": 424539, "export": 625, "id": "RU"}, {"import": 93000, "export": 0, "id": "IN"}], "import": 767539, "export": 625}, {"date": "2019-08-01", "list": [{"import": 250000, "export": 0, "id": "CN"}, {"import": 56171, "export": 0, "id": "RU"}, {"import": 22000, "export": 0, "id": "IN"}, {"import": 40000, "export": 0, "id": "US"}], "import": 368171, "export": 0}, {"date": "2019-11-01", "list": [{"import": 500000, "export": 0, "id": "CN"}, {"import": 672, "export": 0, "id": "LT"}, {"import": 48, "export": 0, "id": "PK"}, {"import": 344, "export": 0, "id": "PL"}, {"import": 227314, "export": 0, "id": "RU"}], "import": 728378, "export": 0}, {"date": "2020-03-01", "list": [{"import": 250000, "export": 0, "id": "CN"}, {"import": 378830, "export": 2500, "id": "RU"}, {"import": 105950, "export": 0, "id": "IN"}, {"import": 40000, "export": 0, "id": "US"}], "import": 774780, "export": 2500}, {"date": "2020-08-01", "list": [{"import": 500000, "export": 0, "id": "CN"}, {"import": 136000, "export": 0, "id": "KZ"}, {"import": 676472, "export": 0, "id": "RU"}], "import": 1312472, "export": 0}, {"date": "Unnamed: 22-01", "list": [{"import": 500000, "export": 0, "id": "CN"}, {"import": 197990, "export": 0, "id": "RU"}], "import": 697990, "export": 0}, {"date": "2019-02-01", "list": [{"import": 3800, "export": 0, "id": "IT"}, {"import": 235934, "export": 550, "id": "RU"}, {"import": 1500, "export": 0, "id": "IN"}, {"import": 19958, "export": 0, "id": "US"}], "import": 261192, "export": 550}, {"date": "2020-04-01", "list": [{"import": 900, "export": 0, "id": "IT"}, {"import": 4, "export": 0, "id": "LT"}, {"import": 315938, "export": 50, "id": "RU"}, {"import": 19958, "export": 0, "id": "US"}], "import": 336800, "export": 50}, {"date": "2020-06-01", "list": [{"import": 136000, "export": 0, "id": "KZ"}, {"import": 1344, "export": 0, "id": "LT"}, {"import": 72, "export": 0, "id": "PK"}, {"import": 276172, "export": 93100, "id": "RU"}], "import": 413588, "export": 93100}, {"date": "2019-03-01", "list": [{"import": 1882, "export": 0, "id": "LT"}, {"import": 552487, "export": 1288, "id": "RU"}, {"import": 156000, "export": 0, "id": "IN"}], "import": 710369, "export": 1288}, {"date": "2019-07-01", "list": [{"import": 672, "export": 0, "id": "LT"}, {"import": 202080, "export": 0, "id": "RU"}, {"import": 24000, "export": 0, "id": "IN"}], "import": 226752, "export": 0}, {"date": "2020-01-01", "list": [{"import": 680, "export": 4, "id": "LT"}, {"import": 48, "export": 0, "id": "PK"}, {"import": 192938, "export": 13990, "id": "RU"}, {"import": 223000, "export": 0, "id": "IN"}, {"import": 20000, "export": 0, "id": "US"}], "import": 436666, "export": 13994}, {"date": "2020-05-01", "list": [{"import": 3200, "export": 0, "id": "LT"}, {"import": 265794, "export": 24800, "id": "RU"}], "import": 268994, "export": 24800}, {"date": "2019-09-01", "list": [{"import": 24, "export": 0, "id": "PK"}, {"import": 411941, "export": 7503, "id": "RU"}], "import": 411965, "export": 7503}, {"date": "Unnamed: 23-01", "list": [{"import": 220477, "export": 0, "id": "RU"}], "import": 220477, "export": 0}, {"date": "2019-12-01", "list": [{"import": 0, "export": 1500, "id": "RU"}], "import": 0, "export": 1500}, {"date": "2020-02-01", "list": [{"import": 0, "export": 3250, "id": "RU"}], "import": 0, "export": 3250}]