[{"date": "2005-05-01", "list": [{"import": 0, "export": 0, "id": "-"}, {"import": 0, "export": 0, "id": "IN"}, {"import": 0, "export": 0, "id": "CH"}, {"import": 0, "export": 0, "id": "TG"}, {"import": 0, "export": 0, "id": "GB"}, {"import": 245, "export": 0, "id": "US"}], "import": 245, "export": 0}, {"date": "2005-06-01", "list": [{"import": 0, "export": 0, "id": "-"}, {"import": 0, "export": 0, "id": "IN"}, {"import": 0, "export": 0, "id": "CH"}, {"import": 0, "export": 0, "id": "TG"}, {"import": 146, "export": 0, "id": "GB"}, {"import": 0, "export": 0, "id": "US"}], "import": 146, "export": 0}, {"date": "2005-07-01", "list": [{"import": 0, "export": 0, "id": "-"}, {"import": 0, "export": 0, "id": "IN"}, {"import": 0, "export": 0, "id": "CH"}, {"import": 0, "export": 0, "id": "TG"}, {"import": 0, "export": 0, "id": "GB"}, {"import": 0, "export": 0, "id": "US"}], "import": 0, "export": 0}, {"date": "2005-08-01", "list": [{"import": 0, "export": 0, "id": "-"}, {"import": 0, "export": 0, "id": "IN"}, {"import": 0, "export": 0, "id": "CH"}, {"import": 0, "export": 0, "id": "TG"}, {"import": 0, "export": 0, "id": "GB"}, {"import": 0, "export": 0, "id": "US"}], "import": 0, "export": 0}, {"date": "2005-09-01", "list": [{"import": 0, "export": 0, "id": "-"}, {"import": 0, "export": 0, "id": "IN"}, {"import": 0, "export": 0, "id": "CH"}, {"import": 0, "export": 0, "id": "TG"}, {"import": 0, "export": 0, "id": "GB"}, {"import": 1320, "export": 0, "id": "US"}], "import": 1320, "export": 0}, {"date": "2005-10-01", "list": [{"import": 90000, "export": 0, "id": "-"}, {"import": 0, "export": 0, "id": "IN"}, {"import": 0, "export": 0, "id": "CH"}, {"import": 0, "export": 0, "id": "TG"}, {"import": 0, "export": 0, "id": "GB"}, {"import": 0, "export": 0, "id": "US"}], "import": 90000, "export": 0}, {"date": "2005-11-01", "list": [{"import": 0, "export": 0, "id": "-"}, {"import": 0, "export": 0, "id": "IN"}, {"import": 0, "export": 0, "id": "CH"}, {"import": 665, "export": 0, "id": "TG"}, {"import": 0, "export": 184, "id": "GB"}, {"import": 0, "export": 0, "id": "US"}], "import": 665, "export": 184}, {"date": "2005-12-01", "list": [{"import": 0, "export": 0, "id": "-"}, {"import": 0, "export": 0, "id": "IN"}, {"import": 0, "export": 0, "id": "CH"}, {"import": 135050, "export": 0, "id": "TG"}, {"import": 0, "export": 0, "id": "GB"}, {"import": 0, "export": 0, "id": "US"}], "import": 135050, "export": 0}, {"date": "2006-01-01", "list": [{"import": 3550, "export": 0, "id": "-"}, {"import": 0, "export": 0, "id": "IN"}, {"import": 0, "export": 0, "id": "CH"}, {"import": 0, "export": 0, "id": "TG"}, {"import": 0, "export": 0, "id": "GB"}, {"import": 972, "export": 0, "id": "US"}], "import": 4522, "export": 0}, {"date": "2006-02-01", "list": [{"import": 0, "export": 0, "id": "-"}, {"import": 0, "export": 0, "id": "IN"}, {"import": 0, "export": 0, "id": "CH"}, {"import": 0, "export": 0, "id": "TG"}, {"import": 0, "export": 823, "id": "GB"}, {"import": 0, "export": 0, "id": "US"}], "import": 0, "export": 823}, {"date": "2006-03-01", "list": [{"import": 0, "export": 0, "id": "-"}, {"import": 0, "export": 0, "id": "IN"}, {"import": 0, "export": 0, "id": "CH"}, {"import": 0, "export": 0, "id": "TG"}, {"import": 0, "export": 0, "id": "GB"}, {"import": 0, "export": 0, "id": "US"}], "import": 0, "export": 0}, {"date": "2006-04-01", "list": [{"import": 42500, "export": 0, "id": "-"}, {"import": 0, "export": 0, "id": "IN"}, {"import": 0, "export": 0, "id": "CH"}, {"import": 0, "export": 0, "id": "TG"}, {"import": 0, "export": 0, "id": "GB"}, {"import": 0, "export": 0, "id": "US"}], "import": 42500, "export": 0}, {"date": "2006-05-01", "list": [{"import": 0, "export": 0, "id": "-"}, {"import": 0, "export": 0, "id": "IN"}, {"import": 0, "export": 0, "id": "CH"}, {"import": 0, "export": 0, "id": "TG"}, {"import": 0, "export": 0, "id": "GB"}, {"import": 507, "export": 0, "id": "US"}], "import": 507, "export": 0}, {"date": "2006-06-01", "list": [{"import": 0, "export": 0, "id": "-"}, {"import": 0, "export": 0, "id": "IN"}, {"import": 579, "export": 0, "id": "CH"}, {"import": 0, "export": 0, "id": "TG"}, {"import": 0, "export": 0, "id": "GB"}, {"import": 0, "export": 0, "id": "US"}], "import": 579, "export": 0}, {"date": "2006-07-01", "list": [{"import": 0, "export": 0, "id": "-"}, {"import": 0, "export": 0, "id": "IN"}, {"import": 0, "export": 0, "id": "CH"}, {"import": 0, "export": 0, "id": "TG"}, {"import": 894, "export": 0, "id": "GB"}, {"import": 881, "export": 0, "id": "US"}], "import": 1775, "export": 0}, {"date": "2006-08-01", "list": [{"import": 0, "export": 0, "id": "-"}, {"import": 129900, "export": 0, "id": "IN"}, {"import": 0, "export": 0, "id": "CH"}, {"import": 0, "export": 0, "id": "TG"}, {"import": 0, "export": 0, "id": "GB"}, {"import": 454, "export": 0, "id": "US"}], "import": 130354, "export": 0}, {"date": "2006-09-01", "list": [{"import": 0, "export": 0, "id": "-"}, {"import": 0, "export": 0, "id": "IN"}, {"import": 0, "export": 0, "id": "CH"}, {"import": 0, "export": 0, "id": "TG"}, {"import": 0, "export": 0, "id": "GB"}, {"import": 0, "export": 0, "id": "US"}], "import": 0, "export": 0}, {"date": "2006-10-01", "list": [{"import": 0, "export": 0, "id": "-"}, {"import": 0, "export": 0, "id": "IN"}, {"import": 0, "export": 0, "id": "CH"}, {"import": 0, "export": 0, "id": "TG"}, {"import": 0, "export": 0, "id": "GB"}, {"import": 0, "export": 0, "id": "US"}], "import": 0, "export": 0}]