[{"date": "2019-07-01", "list": [{"import": 785, "export": 0, "id": "TR"}, {"import": 540, "export": 0, "id": "NL"}, {"import": 8935, "export": 0, "id": "PK"}], "import": 10260, "export": 0}, {"date": "2020-08-01", "list": [{"import": 1000, "export": 0, "id": "TR"}], "import": 1000, "export": 0}, {"date": "2019-01-01", "list": [{"import": 1004000, "export": 0, "id": "CN"}, {"import": 240, "export": 0, "id": "NL"}, {"import": 30946, "export": 0, "id": "PK"}, {"import": 4924, "export": 0, "id": "AE"}], "import": 1040110, "export": 0}, {"date": "2019-04-01", "list": [{"import": 1004000, "export": 0, "id": "CN"}, {"import": 1105, "export": 0, "id": "NL"}, {"import": 15295, "export": 0, "id": "PK"}, {"import": 452000, "export": 0, "id": "IN"}, {"import": 8697, "export": 0, "id": "AE"}], "import": 1481097, "export": 0}, {"date": "2020-07-01", "list": [{"import": 5, "export": 0, "id": "DE"}], "import": 5, "export": 0}, {"date": "2019-03-01", "list": [{"import": 136000, "export": 0, "id": "KZ"}, {"import": 1008, "export": 0, "id": "NL"}, {"import": 13108, "export": 0, "id": "PK"}, {"import": 6260, "export": 0, "id": "AE"}], "import": 156376, "export": 0}, {"date": "2019-10-01", "list": [{"import": 8000, "export": 0, "id": "KG"}, {"import": 330, "export": 0, "id": "NL"}, {"import": 8343, "export": 0, "id": "PK"}, {"import": 4240, "export": 0, "id": "AE"}], "import": 20913, "export": 0}, {"date": "2019-02-01", "list": [{"import": 210, "export": 0, "id": "NL"}, {"import": 8084, "export": 0, "id": "PK"}, {"import": 2911, "export": 0, "id": "AE"}], "import": 11205, "export": 0}, {"date": "2019-05-01", "list": [{"import": 2350, "export": 0, "id": "NL"}, {"import": 8522, "export": 0, "id": "PK"}, {"import": 0, "export": 6, "id": "CA"}, {"import": 0, "export": 7000000, "id": "MZ"}], "import": 10872, "export": 7000006}, {"date": "2019-06-01", "list": [{"import": 2755, "export": 0, "id": "NL"}, {"import": 5221, "export": 0, "id": "PK"}, {"import": 1870, "export": 0, "id": "AE"}], "import": 9846, "export": 0}, {"date": "2019-08-01", "list": [{"import": 3658, "export": 0, "id": "NL"}, {"import": 5099, "export": 0, "id": "PK"}], "import": 8757, "export": 0}, {"date": "2019-09-01", "list": [{"import": 1105, "export": 0, "id": "NL"}, {"import": 7782, "export": 0, "id": "PK"}, {"import": 1407, "export": 0, "id": "AE"}, {"import": 0, "export": 21956, "id": "KZ"}], "import": 10294, "export": 21956}, {"date": "2019-11-01", "list": [{"import": 720, "export": 0, "id": "NL"}, {"import": 14749, "export": 0, "id": "PK"}, {"import": 4998, "export": 0, "id": "AE"}], "import": 20467, "export": 0}, {"date": "2019-12-01", "list": [{"import": 6005, "export": 0, "id": "NL"}, {"import": 14705, "export": 0, "id": "PK"}, {"import": 1410, "export": 0, "id": "AE"}], "import": 22120, "export": 0}, {"date": "2020-01-01", "list": [{"import": 165, "export": 0, "id": "NL"}, {"import": 14049, "export": 0, "id": "PK"}], "import": 14214, "export": 0}, {"date": "2020-03-01", "list": [{"import": 1255, "export": 0, "id": "NL"}, {"import": 8961, "export": 0, "id": "PK"}], "import": 10216, "export": 0}, {"date": "2020-04-01", "list": [{"import": 1215, "export": 0, "id": "NL"}], "import": 1215, "export": 0}, {"date": "2020-05-01", "list": [{"import": 675, "export": 0, "id": "NL"}], "import": 675, "export": 0}, {"date": "2020-06-01", "list": [{"import": 2282, "export": 0, "id": "NL"}], "import": 2282, "export": 0}, {"date": "2020-02-01", "list": [{"import": 11483, "export": 0, "id": "PK"}], "import": 11483, "export": 0}]