[{"date": "2019-08-01", "list": [{"import": 0, "export": 0, "id": "CN"}, {"import": 0, "export": 0, "id": "-"}], "import": 0, "export": 0}, {"date": "2019-09-01", "list": [{"import": 0, "export": 0, "id": "CN"}, {"import": 0, "export": 0, "id": "-"}], "import": 0, "export": 0}, {"date": "2019-10-01", "list": [{"import": 0, "export": 0, "id": "CN"}, {"import": 0, "export": 0, "id": "-"}], "import": 0, "export": 0}, {"date": "2019-11-01", "list": [{"import": 100000, "export": 0, "id": "CN"}, {"import": 0, "export": 0, "id": "-"}], "import": 100000, "export": 0}, {"date": "2019-12-01", "list": [{"import": 0, "export": 0, "id": "CN"}, {"import": 0, "export": 0, "id": "-"}], "import": 0, "export": 0}, {"date": "2020-01-01", "list": [{"import": 0, "export": 0, "id": "CN"}, {"import": 0, "export": 0, "id": "-"}], "import": 0, "export": 0}, {"date": "2020-02-01", "list": [{"import": 0, "export": 0, "id": "CN"}, {"import": 0, "export": 0, "id": "-"}], "import": 0, "export": 0}, {"date": "2020-03-01", "list": [{"import": 0, "export": 0, "id": "CN"}, {"import": 0, "export": 0, "id": "-"}], "import": 0, "export": 0}, {"date": "2020-04-01", "list": [{"import": 0, "export": 0, "id": "CN"}, {"import": 0, "export": 0, "id": "-"}], "import": 0, "export": 0}, {"date": "2020-05-01", "list": [{"import": 0, "export": 0, "id": "CN"}, {"import": 20000, "export": 0, "id": "-"}], "import": 20000, "export": 0}, {"date": "2020-06-01", "list": [{"import": 500000, "export": 0, "id": "CN"}, {"import": 0, "export": 0, "id": "-"}], "import": 500000, "export": 0}, {"date": "2020-07-01", "list": [{"import": 0, "export": 0, "id": "CN"}, {"import": 0, "export": 0, "id": "-"}], "import": 0, "export": 0}]