[{"date": "2019-02-01", "list": [{"import": 740, "export": 1300, "id": "AE"}, {"import": 0, "export": 5196, "id": "NZ"}], "import": 740, "export": 6496}, {"date": "2020-01-01", "list": [{"import": 0, "export": 4481, "id": "BH"}, {"import": 0, "export": 6323, "id": "NZ"}, {"import": 0, "export": 2900, "id": "AE"}], "import": 0, "export": 13704}, {"date": "2019-10-01", "list": [{"import": 0, "export": 2, "id": "CA"}, {"import": 0, "export": 5059, "id": "NZ"}], "import": 0, "export": 5061}, {"date": "2018-12-01", "list": [{"import": 0, "export": 2485, "id": "NZ"}], "import": 0, "export": 2485}, {"date": "2019-03-01", "list": [{"import": 0, "export": 4871, "id": "NZ"}, {"import": 0, "export": 300, "id": "CH"}], "import": 0, "export": 5171}, {"date": "2019-06-01", "list": [{"import": 0, "export": 1673, "id": "NZ"}], "import": 0, "export": 1673}, {"date": "2019-07-01", "list": [{"import": 0, "export": 2616, "id": "NZ"}, {"import": 0, "export": 1500, "id": "AE"}], "import": 0, "export": 4116}, {"date": "2019-12-01", "list": [{"import": 0, "export": 3863, "id": "NZ"}], "import": 0, "export": 3863}, {"date": "2020-03-01", "list": [{"import": 0, "export": 2877, "id": "NZ"}], "import": 0, "export": 2877}, {"date": "2020-04-01", "list": [{"import": 0, "export": 4472, "id": "NZ"}], "import": 0, "export": 4472}, {"date": "2019-01-01", "list": [{"import": 0, "export": 3240, "id": "NO"}], "import": 0, "export": 3240}, {"date": "2019-09-01", "list": [{"import": 0, "export": 1400, "id": "AE"}], "import": 0, "export": 1400}]