[{"date": "2015-12-01", "list": [{"import": 0, "export": 0, "id": "FR"}, {"import": 0, "export": 0, "id": "LB"}, {"import": 0, "export": 0, "id": "IN"}, {"import": 0, "export": 0, "id": "CN"}], "world_import": 0, "world_export": 0}, {"date": "2016-01-01", "list": [{"import": 0, "export": 0, "id": "FR"}, {"import": 0, "export": 0, "id": "LB"}, {"import": 0, "export": 0, "id": "IN"}, {"import": 0, "export": 0, "id": "CN"}], "world_import": 0, "world_export": 0}, {"date": "2016-02-01", "list": [{"import": 0, "export": 0, "id": "FR"}, {"import": 0, "export": 0, "id": "LB"}, {"import": 25000000, "export": 0, "id": "IN"}, {"import": 0, "export": 0, "id": "CN"}], "world_import": 25000000, "world_export": 0}, {"date": "2016-03-01", "list": [{"import": 0, "export": 0, "id": "FR"}, {"import": 0, "export": 0, "id": "LB"}, {"import": 0, "export": 0, "id": "IN"}, {"import": 0, "export": 0, "id": "CN"}], "world_import": 0, "world_export": 0}, {"date": "2016-04-01", "list": [{"import": 2700, "export": 0, "id": "FR"}, {"import": 3000, "export": 0, "id": "LB"}, {"import": 0, "export": 0, "id": "IN"}, {"import": 0, "export": 0, "id": "CN"}], "world_import": 5700, "world_export": 0}, {"date": "2016-05-01", "list": [{"import": 0, "export": 0, "id": "FR"}, {"import": 0, "export": 0, "id": "LB"}, {"import": 30795000, "export": 0, "id": "IN"}, {"import": 0, "export": 0, "id": "CN"}], "world_import": 30795000, "world_export": 0}, {"date": "2016-06-01", "list": [{"import": 0, "export": 0, "id": "FR"}, {"import": 0, "export": 0, "id": "LB"}, {"import": 0, "export": 0, "id": "IN"}, {"import": 0, "export": 0, "id": "CN"}], "world_import": 0, "world_export": 0}, {"date": "2016-07-01", "list": [{"import": 13560, "export": 0, "id": "FR"}, {"import": 0, "export": 0, "id": "LB"}, {"import": 0, "export": 0, "id": "IN"}, {"import": 0, "export": 0, "id": "CN"}], "world_import": 13560, "world_export": 0}, {"date": "2016-08-01", "list": [{"import": 0, "export": 0, "id": "FR"}, {"import": 0, "export": 0, "id": "LB"}, {"import": 650000, "export": 0, "id": "IN"}, {"import": 0, "export": 0, "id": "CN"}], "world_import": 650000, "world_export": 0}, {"date": "2016-09-01", "list": [{"import": 0, "export": 0, "id": "FR"}, {"import": 0, "export": 0, "id": "LB"}, {"import": 0, "export": 0, "id": "IN"}, {"import": 0, "export": 0, "id": "CN"}], "world_import": 0, "world_export": 0}, {"date": "2016-10-01", "list": [{"import": 0, "export": 0, "id": "FR"}, {"import": 0, "export": 0, "id": "LB"}, {"import": 0, "export": 0, "id": "IN"}, {"import": 0, "export": 0, "id": "CN"}], "world_import": 0, "world_export": 0}, {"date": "2016-11-01", "list": [{"import": 0, "export": 0, "id": "FR"}, {"import": 0, "export": 0, "id": "LB"}, {"import": 0, "export": 0, "id": "IN"}, {"import": 0, "export": 0, "id": "CN"}], "world_import": 0, "world_export": 0}, {"date": "2016-12-01", "list": [{"import": 0, "export": 0, "id": "FR"}, {"import": 0, "export": 0, "id": "LB"}, {"import": 38600000, "export": 0, "id": "IN"}, {"import": 0, "export": 0, "id": "CN"}], "world_import": 38600000, "world_export": 0}, {"date": "2017-01-01", "list": [{"import": 0, "export": 0, "id": "FR"}, {"import": 0, "export": 0, "id": "LB"}, {"import": 0, "export": 0, "id": "IN"}, {"import": 0, "export": 0, "id": "CN"}], "world_import": 0, "world_export": 0}, {"date": "2017-02-01", "list": [{"import": 0, "export": 0, "id": "FR"}, {"import": 0, "export": 0, "id": "LB"}, {"import": 0, "export": 0, "id": "IN"}, {"import": 9999550, "export": 0, "id": "CN"}], "world_import": 9999550, "world_export": 0}, {"date": "2017-03-01", "list": [{"import": 0, "export": 0, "id": "FR"}, {"import": 0, "export": 0, "id": "LB"}, {"import": 0, "export": 0, "id": "IN"}, {"import": 0, "export": 0, "id": "CN"}], "world_import": 0, "world_export": 0}, {"date": "2017-04-01", "list": [{"import": 0, "export": 0, "id": "FR"}, {"import": 0, "export": 0, "id": "LB"}, {"import": 0, "export": 0, "id": "IN"}, {"import": 0, "export": 0, "id": "CN"}], "world_import": 0, "world_export": 0}, {"date": "2017-05-01", "list": [{"import": 0, "export": 0, "id": "FR"}, {"import": 0, "export": 0, "id": "LB"}, {"import": 1039048, "export": 0, "id": "IN"}, {"import": 520000, "export": 0, "id": "CN"}], "world_import": 1559048, "world_export": 0}]