[{"date": "2018-05-01", "list": [{"import": 1673, "export": 0, "id": "FR"}, {"import": 268, "export": 0, "id": "IT"}, {"import": 0, "export": 0, "id": "PK"}, {"import": 0, "export": 0, "id": "IN"}, {"import": 48036, "export": 0, "id": "TH"}, {"import": 0, "export": 0, "id": "US"}, {"import": 0, "export": 0, "id": "BE"}, {"import": 0, "export": 463, "id": "-"}], "world_import": 49977, "world_export": 463}, {"date": "2018-06-01", "list": [{"import": 2490, "export": 0, "id": "FR"}, {"import": 0, "export": 0, "id": "IT"}, {"import": 770, "export": 0, "id": "PK"}, {"import": 0, "export": 0, "id": "IN"}, {"import": 0, "export": 0, "id": "TH"}, {"import": 0, "export": 0, "id": "US"}, {"import": 0, "export": 0, "id": "BE"}, {"import": 0, "export": 0, "id": "-"}], "world_import": 3260, "world_export": 0}, {"date": "2018-07-01", "list": [{"import": 2162, "export": 0, "id": "FR"}, {"import": 0, "export": 0, "id": "IT"}, {"import": 0, "export": 0, "id": "PK"}, {"import": 0, "export": 0, "id": "IN"}, {"import": 0, "export": 0, "id": "TH"}, {"import": 0, "export": 0, "id": "US"}, {"import": 0, "export": 0, "id": "BE"}, {"import": 0, "export": 0, "id": "-"}], "world_import": 2162, "world_export": 0}, {"date": "2018-08-01", "list": [{"import": 420, "export": 0, "id": "FR"}, {"import": 120, "export": 0, "id": "IT"}, {"import": 360, "export": 0, "id": "PK"}, {"import": 0, "export": 0, "id": "IN"}, {"import": 0, "export": 0, "id": "TH"}, {"import": 0, "export": 0, "id": "US"}, {"import": 420, "export": 0, "id": "BE"}, {"import": 0, "export": 0, "id": "-"}], "world_import": 1320, "world_export": 0}, {"date": "2018-09-01", "list": [{"import": 3440, "export": 0, "id": "FR"}, {"import": 724, "export": 0, "id": "IT"}, {"import": 0, "export": 0, "id": "PK"}, {"import": 0, "export": 0, "id": "IN"}, {"import": 0, "export": 0, "id": "TH"}, {"import": 5586, "export": 0, "id": "US"}, {"import": 0, "export": 0, "id": "BE"}, {"import": 0, "export": 0, "id": "-"}], "world_import": 9750, "world_export": 0}, {"date": "2018-10-01", "list": [{"import": 1095, "export": 0, "id": "FR"}, {"import": 0, "export": 0, "id": "IT"}, {"import": 0, "export": 0, "id": "PK"}, {"import": 0, "export": 0, "id": "IN"}, {"import": 192000, "export": 0, "id": "TH"}, {"import": 0, "export": 0, "id": "US"}, {"import": 0, "export": 0, "id": "BE"}, {"import": 0, "export": 0, "id": "-"}], "world_import": 193095, "world_export": 0}, {"date": "2018-11-01", "list": [{"import": 1214, "export": 0, "id": "FR"}, {"import": 612, "export": 0, "id": "IT"}, {"import": 0, "export": 0, "id": "PK"}, {"import": 0, "export": 0, "id": "IN"}, {"import": 0, "export": 0, "id": "TH"}, {"import": 0, "export": 0, "id": "US"}, {"import": 0, "export": 0, "id": "BE"}, {"import": 0, "export": 0, "id": "-"}], "world_import": 1826, "world_export": 0}, {"date": "2018-12-01", "list": [{"import": 3353, "export": 0, "id": "FR"}, {"import": 0, "export": 0, "id": "IT"}, {"import": 0, "export": 0, "id": "PK"}, {"import": 0, "export": 0, "id": "IN"}, {"import": 0, "export": 0, "id": "TH"}, {"import": 0, "export": 0, "id": "US"}, {"import": 0, "export": 0, "id": "BE"}, {"import": 0, "export": 0, "id": "-"}], "world_import": 3353, "world_export": 0}, {"date": "2019-01-01", "list": [{"import": 2196, "export": 0, "id": "FR"}, {"import": 0, "export": 0, "id": "IT"}, {"import": 0, "export": 0, "id": "PK"}, {"import": 0, "export": 0, "id": "IN"}, {"import": 0, "export": 0, "id": "TH"}, {"import": 0, "export": 0, "id": "US"}, {"import": 0, "export": 0, "id": "BE"}, {"import": 0, "export": 0, "id": "-"}], "world_import": 2196, "world_export": 0}, {"date": "2019-02-01", "list": [{"import": 2520, "export": 0, "id": "FR"}, {"import": 0, "export": 0, "id": "IT"}, {"import": 0, "export": 0, "id": "PK"}, {"import": 0, "export": 0, "id": "IN"}, {"import": 0, "export": 0, "id": "TH"}, {"import": 0, "export": 0, "id": "US"}, {"import": 0, "export": 0, "id": "BE"}, {"import": 0, "export": 0, "id": "-"}], "world_import": 2520, "world_export": 0}, {"date": "2019-03-01", "list": [{"import": 848, "export": 0, "id": "FR"}, {"import": 90, "export": 0, "id": "IT"}, {"import": 0, "export": 0, "id": "PK"}, {"import": 0, "export": 0, "id": "IN"}, {"import": 0, "export": 0, "id": "TH"}, {"import": 0, "export": 0, "id": "US"}, {"import": 0, "export": 0, "id": "BE"}, {"import": 0, "export": 0, "id": "-"}], "world_import": 938, "world_export": 0}, {"date": "2019-04-01", "list": [{"import": 4692, "export": 0, "id": "FR"}, {"import": 0, "export": 0, "id": "IT"}, {"import": 0, "export": 0, "id": "PK"}, {"import": 0, "export": 0, "id": "IN"}, {"import": 0, "export": 0, "id": "TH"}, {"import": 0, "export": 0, "id": "US"}, {"import": 0, "export": 0, "id": "BE"}, {"import": 0, "export": 0, "id": "-"}], "world_import": 4692, "world_export": 0}, {"date": "2019-05-01", "list": [{"import": 2520, "export": 0, "id": "FR"}, {"import": 348, "export": 0, "id": "IT"}, {"import": 0, "export": 0, "id": "PK"}, {"import": 627, "export": 0, "id": "IN"}, {"import": 0, "export": 0, "id": "TH"}, {"import": 0, "export": 0, "id": "US"}, {"import": 0, "export": 0, "id": "BE"}, {"import": 0, "export": 0, "id": "-"}], "world_import": 3495, "world_export": 0}, {"date": "2019-06-01", "list": [{"import": 7632, "export": 0, "id": "FR"}, {"import": 0, "export": 0, "id": "IT"}, {"import": 0, "export": 0, "id": "PK"}, {"import": 0, "export": 0, "id": "IN"}, {"import": 0, "export": 0, "id": "TH"}, {"import": 0, "export": 0, "id": "US"}, {"import": 0, "export": 0, "id": "BE"}, {"import": 0, "export": 0, "id": "-"}], "world_import": 7632, "world_export": 0}, {"date": "2019-07-01", "list": [{"import": 1064, "export": 0, "id": "FR"}, {"import": 818, "export": 0, "id": "IT"}, {"import": 0, "export": 0, "id": "PK"}, {"import": 0, "export": 0, "id": "IN"}, {"import": 0, "export": 0, "id": "TH"}, {"import": 0, "export": 0, "id": "US"}, {"import": 0, "export": 0, "id": "BE"}, {"import": 0, "export": 0, "id": "-"}], "world_import": 1882, "world_export": 0}, {"date": "2019-08-01", "list": [{"import": 475, "export": 0, "id": "FR"}, {"import": 519, "export": 0, "id": "IT"}, {"import": 0, "export": 0, "id": "PK"}, {"import": 0, "export": 0, "id": "IN"}, {"import": 0, "export": 0, "id": "TH"}, {"import": 0, "export": 0, "id": "US"}, {"import": 0, "export": 0, "id": "BE"}, {"import": 0, "export": 0, "id": "-"}], "world_import": 994, "world_export": 0}, {"date": "2019-09-01", "list": [{"import": 456, "export": 0, "id": "FR"}, {"import": 0, "export": 0, "id": "IT"}, {"import": 0, "export": 0, "id": "PK"}, {"import": 0, "export": 0, "id": "IN"}, {"import": 0, "export": 0, "id": "TH"}, {"import": 11040, "export": 0, "id": "US"}, {"import": 0, "export": 0, "id": "BE"}, {"import": 0, "export": 0, "id": "-"}], "world_import": 11496, "world_export": 0}, {"date": "2019-10-01", "list": [{"import": 0, "export": 0, "id": "FR"}, {"import": 560, "export": 0, "id": "IT"}, {"import": 0, "export": 0, "id": "PK"}, {"import": 0, "export": 0, "id": "IN"}, {"import": 0, "export": 0, "id": "TH"}, {"import": 0, "export": 0, "id": "US"}, {"import": 0, "export": 0, "id": "BE"}, {"import": 0, "export": 0, "id": "-"}], "world_import": 560, "world_export": 0}]