[{"date": "2019-02-01", "list": [{"import": 20000, "export": 0, "id": "IN"}, {"import": 0, "export": 0, "id": "SG"}, {"import": 0, "export": 0, "id": "TH"}, {"import": 0, "export": 0, "id": "AU"}], "world_import": 20000, "world_export": 0}, {"date": "2019-03-01", "list": [{"import": 0, "export": 0, "id": "IN"}, {"import": 0, "export": 0, "id": "SG"}, {"import": 0, "export": 0, "id": "TH"}, {"import": 0, "export": 0, "id": "AU"}], "world_import": 0, "world_export": 0}, {"date": "2019-04-01", "list": [{"import": 0, "export": 0, "id": "IN"}, {"import": 0, "export": 0, "id": "SG"}, {"import": 0, "export": 0, "id": "TH"}, {"import": 0, "export": 0, "id": "AU"}], "world_import": 0, "world_export": 0}, {"date": "2019-05-01", "list": [{"import": 20000, "export": 0, "id": "IN"}, {"import": 750, "export": 0, "id": "SG"}, {"import": 2360, "export": 0, "id": "TH"}, {"import": 11990, "export": 0, "id": "AU"}], "world_import": 35100, "world_export": 0}, {"date": "2019-06-01", "list": [{"import": 22000, "export": 0, "id": "IN"}, {"import": 0, "export": 0, "id": "SG"}, {"import": 0, "export": 0, "id": "TH"}, {"import": 0, "export": 0, "id": "AU"}], "world_import": 22000, "world_export": 0}, {"date": "2019-07-01", "list": [{"import": 0, "export": 0, "id": "IN"}, {"import": 0, "export": 0, "id": "SG"}, {"import": 0, "export": 0, "id": "TH"}, {"import": 4000, "export": 0, "id": "AU"}], "world_import": 4000, "world_export": 0}, {"date": "2019-08-01", "list": [{"import": 0, "export": 0, "id": "IN"}, {"import": 0, "export": 0, "id": "SG"}, {"import": 0, "export": 0, "id": "TH"}, {"import": 0, "export": 0, "id": "AU"}], "world_import": 0, "world_export": 0}, {"date": "2019-09-01", "list": [{"import": 0, "export": 0, "id": "IN"}, {"import": 0, "export": 0, "id": "SG"}, {"import": 0, "export": 0, "id": "TH"}, {"import": 0, "export": 0, "id": "AU"}], "world_import": 0, "world_export": 0}, {"date": "2019-10-01", "list": [{"import": 0, "export": 0, "id": "IN"}, {"import": 0, "export": 0, "id": "SG"}, {"import": 0, "export": 0, "id": "TH"}, {"import": 0, "export": 0, "id": "AU"}], "world_import": 0, "world_export": 0}, {"date": "2019-11-01", "list": [{"import": 20000, "export": 0, "id": "IN"}, {"import": 0, "export": 0, "id": "SG"}, {"import": 0, "export": 0, "id": "TH"}, {"import": 0, "export": 0, "id": "AU"}], "world_import": 20000, "world_export": 0}]