[{"date": "2019-08-01", "list": [{"import": 4550, "export": 0, "id": "TH"}, {"import": 1620, "export": 0, "id": "TW"}, {"import": 0, "export": 15000000, "id": "KR"}, {"import": 0, "export": 0, "id": "ES"}, {"import": 0, "export": 0, "id": "FR"}, {"import": 0, "export": 13000, "id": "-"}, {"import": 0, "export": 0, "id": "IT"}, {"import": 0, "export": 39990, "id": "JP"}, {"import": 0, "export": 0, "id": "RO"}, {"import": 0, "export": 0, "id": "SG"}, {"import": 0, "export": 2500000, "id": "BG"}, {"import": 0, "export": 0, "id": "CA"}, {"import": 0, "export": 11975, "id": "US"}], "world_import": 6170, "world_export": 17564965}, {"date": "2019-09-01", "list": [{"import": 11000, "export": 0, "id": "TH"}, {"import": 0, "export": 0, "id": "TW"}, {"import": 0, "export": 0, "id": "KR"}, {"import": 0, "export": 1000000, "id": "ES"}, {"import": 0, "export": 0, "id": "FR"}, {"import": 0, "export": 0, "id": "-"}, {"import": 0, "export": 0, "id": "IT"}, {"import": 0, "export": 0, "id": "JP"}, {"import": 0, "export": 0, "id": "RO"}, {"import": 0, "export": 0, "id": "SG"}, {"import": 0, "export": 5000000, "id": "BG"}, {"import": 0, "export": 0, "id": "CA"}, {"import": 0, "export": 0, "id": "US"}], "world_import": 11000, "world_export": 6000000}, {"date": "2019-10-01", "list": [{"import": 13392, "export": 0, "id": "TH"}, {"import": 1217, "export": 0, "id": "TW"}, {"import": 0, "export": 0, "id": "KR"}, {"import": 0, "export": 0, "id": "ES"}, {"import": 0, "export": 0, "id": "FR"}, {"import": 0, "export": 0, "id": "-"}, {"import": 0, "export": 0, "id": "IT"}, {"import": 0, "export": 0, "id": "JP"}, {"import": 0, "export": 0, "id": "RO"}, {"import": 0, "export": 0, "id": "SG"}, {"import": 0, "export": 3500000, "id": "BG"}, {"import": 0, "export": 0, "id": "CA"}, {"import": 0, "export": 22897, "id": "US"}], "world_import": 14609, "world_export": 3522897}, {"date": "2019-11-01", "list": [{"import": 20600, "export": 0, "id": "TH"}, {"import": 0, "export": 0, "id": "TW"}, {"import": 0, "export": 33000000, "id": "KR"}, {"import": 0, "export": 0, "id": "ES"}, {"import": 0, "export": 0, "id": "FR"}, {"import": 0, "export": 0, "id": "-"}, {"import": 0, "export": 0, "id": "IT"}, {"import": 0, "export": 0, "id": "JP"}, {"import": 0, "export": 0, "id": "RO"}, {"import": 0, "export": 0, "id": "SG"}, {"import": 0, "export": 1750000, "id": "BG"}, {"import": 0, "export": 0, "id": "CA"}, {"import": 0, "export": 0, "id": "US"}], "world_import": 20600, "world_export": 34750000}, {"date": "2019-12-01", "list": [{"import": 16792, "export": 0, "id": "TH"}, {"import": 0, "export": 0, "id": "TW"}, {"import": 0, "export": 33000000, "id": "KR"}, {"import": 0, "export": 0, "id": "ES"}, {"import": 0, "export": 0, "id": "FR"}, {"import": 0, "export": 7000, "id": "-"}, {"import": 0, "export": 0, "id": "IT"}, {"import": 0, "export": 0, "id": "JP"}, {"import": 0, "export": 250000, "id": "RO"}, {"import": 0, "export": 9000, "id": "SG"}, {"import": 0, "export": 0, "id": "BG"}, {"import": 0, "export": 0, "id": "CA"}, {"import": 0, "export": 24766, "id": "US"}], "world_import": 16792, "world_export": 33290766}, {"date": "2020-03-01", "list": [{"import": 11400, "export": 0, "id": "TH"}, {"import": 1301324, "export": 0, "id": "TW"}, {"import": 0, "export": 22000000, "id": "KR"}, {"import": 0, "export": 0, "id": "ES"}, {"import": 0, "export": 0, "id": "FR"}, {"import": 0, "export": 0, "id": "-"}, {"import": 0, "export": 0, "id": "IT"}, {"import": 0, "export": 0, "id": "JP"}, {"import": 0, "export": 0, "id": "RO"}, {"import": 0, "export": 3750, "id": "SG"}, {"import": 0, "export": 0, "id": "BG"}, {"import": 0, "export": 0, "id": "CA"}, {"import": 0, "export": 4060, "id": "US"}], "world_import": 1312724, "world_export": 22007810}, {"date": "2020-04-01", "list": [{"import": 12192, "export": 0, "id": "TH"}, {"import": 360006, "export": 0, "id": "TW"}, {"import": 0, "export": 44000000, "id": "KR"}, {"import": 0, "export": 0, "id": "ES"}, {"import": 0, "export": 250000, "id": "FR"}, {"import": 0, "export": 0, "id": "-"}, {"import": 0, "export": 0, "id": "IT"}, {"import": 0, "export": 0, "id": "JP"}, {"import": 0, "export": 2500000, "id": "RO"}, {"import": 0, "export": 11250, "id": "SG"}, {"import": 0, "export": 0, "id": "BG"}, {"import": 0, "export": 0, "id": "CA"}, {"import": 0, "export": 31608, "id": "US"}], "world_import": 372198, "world_export": 46792858}, {"date": "2020-05-01", "list": [{"import": 13800, "export": 0, "id": "TH"}, {"import": 1640001, "export": 0, "id": "TW"}, {"import": 0, "export": 22000000, "id": "KR"}, {"import": 0, "export": 2000000, "id": "ES"}, {"import": 0, "export": 0, "id": "FR"}, {"import": 0, "export": 0, "id": "-"}, {"import": 0, "export": 0, "id": "IT"}, {"import": 0, "export": 0, "id": "JP"}, {"import": 0, "export": 0, "id": "RO"}, {"import": 0, "export": 0, "id": "SG"}, {"import": 0, "export": 30000000, "id": "BG"}, {"import": 0, "export": 0, "id": "CA"}, {"import": 0, "export": 0, "id": "US"}], "world_import": 1653801, "world_export": 54000000}, {"date": "2018-12-01", "list": [{"import": 0, "export": 42700000, "id": "KR"}, {"import": 0, "export": 0, "id": "ES"}, {"import": 0, "export": 0, "id": "FR"}, {"import": 0, "export": 0, "id": "-"}, {"import": 0, "export": 250000, "id": "IT"}, {"import": 0, "export": 0, "id": "JP"}, {"import": 0, "export": 0, "id": "RO"}, {"import": 0, "export": 0, "id": "SG"}, {"import": 0, "export": 5000000, "id": "BG"}, {"import": 0, "export": 3000, "id": "CA"}, {"import": 0, "export": 18711, "id": "US"}], "world_import": 0, "world_export": 47971711}, {"date": "2019-01-01", "list": [{"import": 0, "export": 0, "id": "KR"}, {"import": 0, "export": 750000, "id": "ES"}, {"import": 0, "export": 0, "id": "FR"}, {"import": 0, "export": 14000, "id": "-"}, {"import": 0, "export": 250000, "id": "IT"}, {"import": 0, "export": 0, "id": "JP"}, {"import": 0, "export": 0, "id": "RO"}, {"import": 0, "export": 0, "id": "SG"}, {"import": 0, "export": 2000000, "id": "BG"}, {"import": 0, "export": 0, "id": "CA"}, {"import": 0, "export": 51030, "id": "US"}], "world_import": 0, "world_export": 3065030}, {"date": "2019-02-01", "list": [{"import": 0, "export": 0, "id": "KR"}, {"import": 0, "export": 0, "id": "ES"}, {"import": 0, "export": 0, "id": "FR"}, {"import": 0, "export": 0, "id": "-"}, {"import": 0, "export": 500000, "id": "IT"}, {"import": 0, "export": 0, "id": "JP"}, {"import": 0, "export": 0, "id": "RO"}, {"import": 0, "export": 0, "id": "SG"}, {"import": 0, "export": 0, "id": "BG"}, {"import": 0, "export": 0, "id": "CA"}, {"import": 0, "export": 0, "id": "US"}], "world_import": 0, "world_export": 500000}, {"date": "2019-03-01", "list": [{"import": 0, "export": 35000000, "id": "KR"}, {"import": 0, "export": 0, "id": "ES"}, {"import": 0, "export": 0, "id": "FR"}, {"import": 0, "export": 0, "id": "-"}, {"import": 0, "export": 500000, "id": "IT"}, {"import": 0, "export": 0, "id": "JP"}, {"import": 0, "export": 0, "id": "RO"}, {"import": 0, "export": 0, "id": "SG"}, {"import": 0, "export": 4500000, "id": "BG"}, {"import": 0, "export": 0, "id": "CA"}, {"import": 0, "export": 14804, "id": "US"}], "world_import": 0, "world_export": 40014804}, {"date": "2019-04-01", "list": [{"import": 0, "export": 0, "id": "KR"}, {"import": 0, "export": 0, "id": "ES"}, {"import": 0, "export": 0, "id": "FR"}, {"import": 0, "export": 11500, "id": "-"}, {"import": 0, "export": 500000, "id": "IT"}, {"import": 0, "export": 0, "id": "JP"}, {"import": 0, "export": 0, "id": "RO"}, {"import": 0, "export": 0, "id": "SG"}, {"import": 0, "export": 3000000, "id": "BG"}, {"import": 0, "export": 0, "id": "CA"}, {"import": 0, "export": 19340, "id": "US"}], "world_import": 0, "world_export": 3530840}, {"date": "2019-05-01", "list": [{"import": 0, "export": 24147000, "id": "KR"}, {"import": 0, "export": 0, "id": "ES"}, {"import": 0, "export": 250000, "id": "FR"}, {"import": 0, "export": 0, "id": "-"}, {"import": 0, "export": 750000, "id": "IT"}, {"import": 0, "export": 33990, "id": "JP"}, {"import": 0, "export": 0, "id": "RO"}, {"import": 0, "export": 0, "id": "SG"}, {"import": 0, "export": 2500000, "id": "BG"}, {"import": 0, "export": 0, "id": "CA"}, {"import": 0, "export": 0, "id": "US"}], "world_import": 0, "world_export": 27680990}, {"date": "2019-06-01", "list": [{"import": 0, "export": 0, "id": "KR"}, {"import": 0, "export": 0, "id": "ES"}, {"import": 0, "export": 0, "id": "FR"}, {"import": 0, "export": 0, "id": "-"}, {"import": 0, "export": 750000, "id": "IT"}, {"import": 0, "export": 0, "id": "JP"}, {"import": 0, "export": 0, "id": "RO"}, {"import": 0, "export": 0, "id": "SG"}, {"import": 0, "export": 0, "id": "BG"}, {"import": 0, "export": 0, "id": "CA"}, {"import": 0, "export": 0, "id": "US"}], "world_import": 0, "world_export": 750000}, {"date": "2019-07-01", "list": [{"import": 0, "export": 5000000, "id": "KR"}, {"import": 0, "export": 0, "id": "ES"}, {"import": 0, "export": 0, "id": "FR"}, {"import": 0, "export": 0, "id": "-"}, {"import": 0, "export": 250000, "id": "IT"}, {"import": 0, "export": 0, "id": "JP"}, {"import": 0, "export": 0, "id": "RO"}, {"import": 0, "export": 0, "id": "SG"}, {"import": 0, "export": 5000000, "id": "BG"}, {"import": 0, "export": 0, "id": "CA"}, {"import": 0, "export": 3992, "id": "US"}], "world_import": 0, "world_export": 10253992}]