[{"date": "2015-05-01", "list": [{"import": 948184, "export": 0, "id": "ZA"}, {"import": 0, "export": 0, "id": "IN"}, {"import": 0, "export": 0, "id": "ZM"}], "world_import": 948184, "world_export": 0}, {"date": "2015-06-01", "list": [{"import": 1713213, "export": 658, "id": "ZA"}, {"import": 0, "export": 0, "id": "IN"}, {"import": 0, "export": 0, "id": "ZM"}], "world_import": 1713213, "world_export": 658}, {"date": "2015-07-01", "list": [{"import": 909684, "export": 186, "id": "ZA"}, {"import": 0, "export": 0, "id": "IN"}, {"import": 0, "export": 0, "id": "ZM"}], "world_import": 909684, "world_export": 186}, {"date": "2015-08-01", "list": [{"import": 1287139, "export": 10511, "id": "ZA"}, {"import": 0, "export": 0, "id": "IN"}, {"import": 0, "export": 0, "id": "ZM"}], "world_import": 1287139, "world_export": 10511}, {"date": "2015-09-01", "list": [{"import": 1262873, "export": 0, "id": "ZA"}, {"import": 0, "export": 0, "id": "IN"}, {"import": 0, "export": 0, "id": "ZM"}], "world_import": 1262873, "world_export": 0}, {"date": "2015-10-01", "list": [{"import": 1405016, "export": 25, "id": "ZA"}, {"import": 0, "export": 0, "id": "IN"}, {"import": 0, "export": 0, "id": "ZM"}], "world_import": 1405016, "world_export": 25}, {"date": "2015-11-01", "list": [{"import": 1636097, "export": 317, "id": "ZA"}, {"import": 18500, "export": 0, "id": "IN"}, {"import": 0, "export": 0, "id": "ZM"}], "world_import": 1654597, "world_export": 317}, {"date": "2015-12-01", "list": [{"import": 1963015, "export": 32000, "id": "ZA"}, {"import": 18546, "export": 0, "id": "IN"}, {"import": 0, "export": 0, "id": "ZM"}], "world_import": 1981561, "world_export": 32000}, {"date": "2016-01-01", "list": [{"import": 971474, "export": 0, "id": "ZA"}, {"import": 0, "export": 0, "id": "IN"}, {"import": 0, "export": 0, "id": "ZM"}], "world_import": 971474, "world_export": 0}, {"date": "2016-02-01", "list": [{"import": 812165, "export": 2205, "id": "ZA"}, {"import": 0, "export": 0, "id": "IN"}, {"import": 0, "export": 0, "id": "ZM"}], "world_import": 812165, "world_export": 2205}, {"date": "2016-03-01", "list": [{"import": 1130271, "export": 0, "id": "ZA"}, {"import": 21500, "export": 0, "id": "IN"}, {"import": 0, "export": 0, "id": "ZM"}], "world_import": 1151771, "world_export": 0}, {"date": "2016-04-01", "list": [{"import": 736103, "export": 0, "id": "ZA"}, {"import": 0, "export": 0, "id": "IN"}, {"import": 0, "export": 0, "id": "ZM"}], "world_import": 736103, "world_export": 0}, {"date": "2016-05-01", "list": [{"import": 1369757, "export": 2129, "id": "ZA"}, {"import": 18500, "export": 0, "id": "IN"}, {"import": 0, "export": 0, "id": "ZM"}], "world_import": 1388257, "world_export": 2129}, {"date": "2016-06-01", "list": [{"import": 1362632, "export": 0, "id": "ZA"}, {"import": 0, "export": 0, "id": "IN"}, {"import": 0, "export": 0, "id": "ZM"}], "world_import": 1362632, "world_export": 0}, {"date": "2016-07-01", "list": [{"import": 1466134, "export": 0, "id": "ZA"}, {"import": 0, "export": 0, "id": "IN"}, {"import": 0, "export": 0, "id": "ZM"}], "world_import": 1466134, "world_export": 0}, {"date": "2016-08-01", "list": [{"import": 1403825, "export": 5580, "id": "ZA"}, {"import": 0, "export": 0, "id": "IN"}, {"import": 0, "export": 0, "id": "ZM"}], "world_import": 1403825, "world_export": 5580}, {"date": "2016-09-01", "list": [{"import": 1170301, "export": 8060, "id": "ZA"}, {"import": 21250, "export": 0, "id": "IN"}, {"import": 0, "export": 0, "id": "ZM"}], "world_import": 1191551, "world_export": 8060}, {"date": "2016-10-01", "list": [{"import": 2544250, "export": 0, "id": "ZA"}, {"import": 0, "export": 0, "id": "IN"}, {"import": 0, "export": 0, "id": "ZM"}], "world_import": 2544250, "world_export": 0}]