[{"date": "2018-10-01", "list": [{"import": 237, "export": 475170, "id": "IT"}, {"import": 0, "export": 0, "id": "NL"}, {"import": 0, "export": 0, "id": "PL"}, {"import": 0, "export": 0, "id": "AT"}, {"import": 189940, "export": 0, "id": "BG"}, {"import": 0, "export": 0, "id": "FR"}, {"import": 0, "export": 0, "id": "DE"}, {"import": 0, "export": 0, "id": "GR"}, {"import": 0, "export": 0, "id": "HU"}, {"import": 0, "export": 0, "id": "TR"}], "world_import": 190177, "world_export": 475170}, {"date": "2018-11-01", "list": [{"import": 243, "export": 680080, "id": "IT"}, {"import": 0, "export": 0, "id": "PL"}, {"import": 0, "export": 0, "id": "AT"}, {"import": 4000, "export": 0, "id": "BG"}, {"import": 0, "export": 0, "id": "FR"}, {"import": 0, "export": 0, "id": "DE"}, {"import": 0, "export": 0, "id": "GR"}, {"import": 0, "export": 0, "id": "HU"}, {"import": 0, "export": 0, "id": "TR"}], "world_import": 4243, "world_export": 680080}, {"date": "2019-01-01", "list": [{"import": 75238, "export": 678640, "id": "IT"}, {"import": 300, "export": 0, "id": "NL"}, {"import": 0, "export": 0, "id": "PL"}, {"import": 0, "export": 0, "id": "AT"}, {"import": 0, "export": 0, "id": "BG"}, {"import": 0, "export": 0, "id": "FR"}, {"import": 0, "export": 0, "id": "DE"}, {"import": 4943470, "export": 0, "id": "GR"}, {"import": 0, "export": 0, "id": "HU"}, {"import": 0, "export": 0, "id": "TR"}], "world_import": 5019008, "world_export": 678640}, {"date": "2019-02-01", "list": [{"import": 102, "export": 570000, "id": "IT"}, {"import": 0, "export": 0, "id": "NL"}, {"import": 0, "export": 0, "id": "PL"}, {"import": 0, "export": 0, "id": "AT"}, {"import": 50000, "export": 0, "id": "BG"}, {"import": 0, "export": 0, "id": "FR"}, {"import": 0, "export": 0, "id": "DE"}, {"import": 0, "export": 0, "id": "GR"}, {"import": 0, "export": 0, "id": "TR"}], "world_import": 50102, "world_export": 570000}, {"date": "2019-04-01", "list": [{"import": 274, "export": 0, "id": "IT"}, {"import": 0, "export": 0, "id": "NL"}, {"import": 0, "export": 0, "id": "PL"}, {"import": 5369, "export": 0, "id": "AT"}, {"import": 50115, "export": 0, "id": "BG"}, {"import": 0, "export": 0, "id": "FR"}, {"import": 0, "export": 0, "id": "DE"}, {"import": 0, "export": 0, "id": "GR"}, {"import": 2000, "export": 0, "id": "HU"}, {"import": 0, "export": 0, "id": "TR"}], "world_import": 57758, "world_export": 0}, {"date": "2019-06-01", "list": [{"import": 580601, "export": 428260, "id": "IT"}, {"import": 1088, "export": 0, "id": "NL"}, {"import": 0, "export": 0, "id": "PL"}, {"import": 0, "export": 0, "id": "AT"}, {"import": 0, "export": 0, "id": "FR"}, {"import": 0, "export": 0, "id": "DE"}, {"import": 0, "export": 0, "id": "GR"}, {"import": 0, "export": 0, "id": "BG"}, {"import": 0, "export": 0, "id": "TR"}], "world_import": 581689, "world_export": 428260}, {"date": "2019-07-01", "list": [{"import": 596734, "export": 493486, "id": "IT"}, {"import": 998, "export": 0, "id": "NL"}, {"import": 0, "export": 0, "id": "PL"}, {"import": 998, "export": 0, "id": "AT"}, {"import": 0, "export": 0, "id": "FR"}, {"import": 0, "export": 2000, "id": "DE"}, {"import": 0, "export": 0, "id": "HU"}, {"import": 0, "export": 0, "id": "BG"}, {"import": 0, "export": 0, "id": "TR"}], "world_import": 598730, "world_export": 495486}, {"date": "2019-08-01", "list": [{"import": 959870, "export": 237740, "id": "IT"}, {"import": 0, "export": 0, "id": "NL"}, {"import": 0, "export": 0, "id": "PL"}, {"import": 1051, "export": 0, "id": "AT"}, {"import": 0, "export": 0, "id": "FR"}, {"import": 0, "export": 0, "id": "DE"}, {"import": 0, "export": 0, "id": "HU"}, {"import": 0, "export": 0, "id": "BG"}, {"import": 0, "export": 0, "id": "TR"}], "world_import": 960921, "world_export": 237740}, {"date": "2019-09-01", "list": [{"import": 6185, "export": 94750, "id": "IT"}, {"import": 0, "export": 0, "id": "NL"}, {"import": 0, "export": 0, "id": "PL"}, {"import": 0, "export": 0, "id": "AT"}, {"import": 0, "export": 0, "id": "BG"}, {"import": 0, "export": 0, "id": "FR"}, {"import": 139, "export": 0, "id": "DE"}, {"import": 0, "export": 0, "id": "GR"}, {"import": 0, "export": 0, "id": "HU"}, {"import": 0, "export": 0, "id": "TR"}], "world_import": 6324, "world_export": 94750}, {"date": "2019-11-01", "list": [{"import": 437, "export": 0, "id": "IT"}, {"import": 0, "export": 0, "id": "NL"}, {"import": 0, "export": 0, "id": "PL"}, {"import": 0, "export": 0, "id": "AT"}, {"import": 100000, "export": 359760, "id": "BG"}, {"import": 0, "export": 0, "id": "FR"}, {"import": 0, "export": 0, "id": "DE"}, {"import": 0, "export": 0, "id": "GR"}, {"import": 0, "export": 0, "id": "HU"}, {"import": 0, "export": 0, "id": "TR"}], "world_import": 100437, "world_export": 359760}, {"date": "2019-12-01", "list": [{"import": 0, "export": 0, "id": "IT"}, {"import": 0, "export": 0, "id": "NL"}, {"import": 0, "export": 0, "id": "PL"}, {"import": 873, "export": 0, "id": "AT"}, {"import": 0, "export": 0, "id": "BG"}, {"import": 287, "export": 0, "id": "FR"}, {"import": 0, "export": 0, "id": "DE"}, {"import": 0, "export": 0, "id": "GR"}, {"import": 0, "export": 0, "id": "HU"}], "world_import": 1160, "world_export": 0}, {"date": "2020-02-01", "list": [{"import": 0, "export": 0, "id": "IT"}, {"import": 0, "export": 0, "id": "NL"}, {"import": 0, "export": 0, "id": "PL"}, {"import": 263, "export": 0, "id": "AT"}, {"import": 0, "export": 0, "id": "FR"}, {"import": 0, "export": 0, "id": "DE"}, {"import": 0, "export": 0, "id": "GR"}, {"import": 0, "export": 0, "id": "HU"}], "world_import": 263, "world_export": 0}, {"date": "2020-04-01", "list": [{"import": 144584, "export": 0, "id": "IT"}, {"import": 0, "export": 0, "id": "NL"}, {"import": 0, "export": 0, "id": "PL"}, {"import": 1006, "export": 0, "id": "AT"}, {"import": 0, "export": 0, "id": "FR"}, {"import": 0, "export": 0, "id": "DE"}, {"import": 0, "export": 0, "id": "GR"}, {"import": 0, "export": 0, "id": "HU"}, {"import": 0, "export": 0, "id": "BG"}, {"import": 0, "export": 0, "id": "TR"}], "world_import": 145590, "world_export": 0}, {"date": "2020-05-01", "list": [{"import": 0, "export": 0, "id": "IT"}, {"import": 0, "export": 0, "id": "NL"}, {"import": 0, "export": 0, "id": "PL"}, {"import": 453, "export": 0, "id": "AT"}, {"import": 0, "export": 0, "id": "BG"}, {"import": 0, "export": 0, "id": "FR"}, {"import": 0, "export": 0, "id": "DE"}, {"import": 0, "export": 0, "id": "GR"}, {"import": 0, "export": 0, "id": "HU"}, {"import": 0, "export": 0, "id": "TR"}], "world_import": 453, "world_export": 0}, {"date": "Unnamed: 23-01", "list": [{"import": 0, "export": 0, "id": "IT"}, {"import": 0, "export": 0, "id": "NL"}, {"import": 0, "export": 0, "id": "PL"}, {"import": 435, "export": 0, "id": "AT"}, {"import": 92000, "export": 0, "id": "BG"}, {"import": 0, "export": 0, "id": "FR"}, {"import": 0, "export": 0, "id": "DE"}, {"import": 0, "export": 0, "id": "HU"}], "world_import": 92435, "world_export": 0}, {"date": "Unnamed: 25-01", "list": [{"import": 0, "export": 0, "id": "IT"}, {"import": 0, "export": 0, "id": "NL"}, {"import": 0, "export": 0, "id": "PL"}, {"import": 626, "export": 0, "id": "AT"}, {"import": 8040, "export": 0, "id": "BG"}, {"import": 0, "export": 0, "id": "FR"}, {"import": 0, "export": 0, "id": "DE"}, {"import": 0, "export": 0, "id": "GR"}, {"import": 0, "export": 0, "id": "HU"}], "world_import": 8666, "world_export": 0}, {"date": "Unnamed: 27-01", "list": [{"import": 0, "export": 0, "id": "IT"}, {"import": 0, "export": 0, "id": "NL"}, {"import": 0, "export": 0, "id": "PL"}, {"import": 0, "export": 0, "id": "AT"}, {"import": 46110, "export": 0, "id": "BG"}, {"import": 0, "export": 0, "id": "FR"}, {"import": 217, "export": 0, "id": "DE"}, {"import": 0, "export": 0, "id": "GR"}], "world_import": 46327, "world_export": 0}, {"date": "Unnamed: 29-01", "list": [{"import": 96821, "export": 0, "id": "IT"}, {"import": 0, "export": 0, "id": "NL"}, {"import": 300, "export": 0, "id": "PL"}, {"import": 0, "export": 0, "id": "AT"}, {"import": 250145, "export": 0, "id": "BG"}, {"import": 0, "export": 0, "id": "FR"}, {"import": 0, "export": 0, "id": "DE"}, {"import": 0, "export": 0, "id": "GR"}, {"import": 0, "export": 0, "id": "HU"}], "world_import": 347266, "world_export": 0}, {"date": "Unnamed: 30-01", "list": [{"import": 624021, "export": 0, "id": "IT"}, {"import": 0, "export": 0, "id": "NL"}, {"import": 0, "export": 0, "id": "PL"}, {"import": 430, "export": 0, "id": "BG"}, {"import": 0, "export": 0, "id": "FR"}, {"import": 227, "export": 0, "id": "DE"}, {"import": 0, "export": 0, "id": "GR"}, {"import": 0, "export": 0, "id": "HU"}], "world_import": 624678, "world_export": 0}, {"date": "2018-12-01", "list": [{"import": 0, "export": 0, "id": "AT"}, {"import": 0, "export": 0, "id": "BG"}, {"import": 0, "export": 0, "id": "DE"}, {"import": 0, "export": 514120, "id": "IT"}, {"import": 0, "export": 0, "id": "TR"}], "world_import": 0, "world_export": 514120}, {"date": "2019-03-01", "list": [{"import": 0, "export": 0, "id": "AT"}, {"import": 0, "export": 0, "id": "BG"}, {"import": 0, "export": 0, "id": "DE"}, {"import": 0, "export": 460380, "id": "IT"}, {"import": 0, "export": 0, "id": "NL"}, {"import": 0, "export": 0, "id": "TR"}], "world_import": 0, "world_export": 460380}, {"date": "2019-05-01", "list": [{"import": 0, "export": 0, "id": "AT"}, {"import": 0, "export": 0, "id": "BG"}, {"import": 0, "export": 0, "id": "DE"}, {"import": 0, "export": 475160, "id": "IT"}, {"import": 0, "export": 0, "id": "NL"}, {"import": 0, "export": 0, "id": "TR"}], "world_import": 0, "world_export": 475160}, {"date": "2019-10-01", "list": [{"import": 0, "export": 0, "id": "AT"}, {"import": 0, "export": 0, "id": "BG"}, {"import": 0, "export": 0, "id": "DE"}, {"import": 0, "export": 0, "id": "IT"}, {"import": 0, "export": 0, "id": "NL"}, {"import": 0, "export": 0, "id": "TR"}], "world_import": 0, "world_export": 0}, {"date": "2020-01-01", "list": [{"import": 0, "export": 0, "id": "AT"}, {"import": 0, "export": 69940, "id": "BG"}, {"import": 0, "export": 0, "id": "DE"}, {"import": 0, "export": 0, "id": "IT"}, {"import": 0, "export": 0, "id": "NL"}, {"import": 0, "export": 2865160, "id": "TR"}], "world_import": 0, "world_export": 2935100}, {"date": "2020-03-01", "list": [{"import": 0, "export": 0, "id": "AT"}, {"import": 0, "export": 0, "id": "BG"}, {"import": 0, "export": 0, "id": "DE"}, {"import": 0, "export": 0, "id": "IT"}, {"import": 0, "export": 0, "id": "NL"}, {"import": 0, "export": 0, "id": "TR"}], "world_import": 0, "world_export": 0}, {"date": "Unnamed: 22-01", "list": [{"import": 0, "export": 40, "id": "AT"}, {"import": 0, "export": 0, "id": "BG"}, {"import": 0, "export": 0, "id": "DE"}, {"import": 0, "export": 0, "id": "IT"}, {"import": 0, "export": 0, "id": "NL"}, {"import": 0, "export": 0, "id": "TR"}], "world_import": 0, "world_export": 40}]