[{"date": "2013-02-01", "list": [{"import": 2020396, "export": 0, "id": "IN"}, {"import": 0, "export": 0, "id": "BD"}, {"import": 0, "export": 0, "id": "MM"}, {"import": 19902, "export": 0, "id": "PK"}, {"import": 0, "export": 0, "id": "VN"}, {"import": 0, "export": 0, "id": "TH"}, {"import": 0, "export": 0, "id": "US"}, {"import": 0, "export": 0, "id": "YE"}, {"import": 0, "export": 32000, "id": "BH"}, {"import": 0, "export": 0, "id": "-"}, {"import": 0, "export": 0, "id": "MR"}, {"import": 0, "export": 0, "id": "QA"}], "world_import": 2040298, "world_export": 32000}, {"date": "2013-03-01", "list": [{"import": 1069996, "export": 0, "id": "IN"}, {"import": 0, "export": 0, "id": "BD"}, {"import": 0, "export": 0, "id": "MM"}, {"import": 0, "export": 0, "id": "PK"}, {"import": 0, "export": 0, "id": "VN"}, {"import": 0, "export": 0, "id": "TH"}, {"import": 0, "export": 0, "id": "US"}, {"import": 0, "export": 0, "id": "YE"}, {"import": 0, "export": 0, "id": "BH"}, {"import": 0, "export": 0, "id": "-"}, {"import": 0, "export": 0, "id": "MR"}, {"import": 0, "export": 0, "id": "QA"}], "world_import": 1069996, "world_export": 0}, {"date": "2013-04-01", "list": [{"import": 335224, "export": 0, "id": "IN"}, {"import": 0, "export": 0, "id": "BD"}, {"import": 0, "export": 0, "id": "MM"}, {"import": 0, "export": 0, "id": "PK"}, {"import": 0, "export": 0, "id": "VN"}, {"import": 0, "export": 0, "id": "TH"}, {"import": 0, "export": 0, "id": "US"}, {"import": 0, "export": 0, "id": "YE"}, {"import": 0, "export": 0, "id": "BH"}, {"import": 0, "export": 0, "id": "-"}, {"import": 0, "export": 0, "id": "MR"}, {"import": 0, "export": 0, "id": "QA"}], "world_import": 335224, "world_export": 0}, {"date": "2013-05-01", "list": [{"import": 925506, "export": 0, "id": "IN"}, {"import": 19950, "export": 0, "id": "BD"}, {"import": 0, "export": 0, "id": "MM"}, {"import": 196100, "export": 0, "id": "PK"}, {"import": 0, "export": 0, "id": "VN"}, {"import": 33814, "export": 0, "id": "TH"}, {"import": 100000, "export": 0, "id": "US"}, {"import": 0, "export": 40000, "id": "YE"}, {"import": 0, "export": 0, "id": "BH"}, {"import": 0, "export": 0, "id": "-"}, {"import": 0, "export": 0, "id": "MR"}, {"import": 0, "export": 0, "id": "QA"}], "world_import": 1275370, "world_export": 40000}, {"date": "2013-06-01", "list": [{"import": 696680, "export": 0, "id": "IN"}, {"import": 0, "export": 0, "id": "BD"}, {"import": 0, "export": 0, "id": "MM"}, {"import": 98000, "export": 0, "id": "PK"}, {"import": 0, "export": 0, "id": "VN"}, {"import": 33800, "export": 0, "id": "TH"}, {"import": 0, "export": 0, "id": "US"}, {"import": 0, "export": 0, "id": "YE"}, {"import": 0, "export": 34000, "id": "BH"}, {"import": 0, "export": 0, "id": "-"}, {"import": 0, "export": 0, "id": "MR"}, {"import": 0, "export": 0, "id": "QA"}], "world_import": 828480, "world_export": 34000}, {"date": "2013-07-01", "list": [{"import": 738853, "export": 0, "id": "IN"}, {"import": 99900, "export": 0, "id": "BD"}, {"import": 0, "export": 0, "id": "MM"}, {"import": 122130, "export": 0, "id": "PK"}, {"import": 0, "export": 0, "id": "VN"}, {"import": 125519, "export": 0, "id": "TH"}, {"import": 0, "export": 0, "id": "US"}, {"import": 0, "export": 116740, "id": "YE"}, {"import": 0, "export": 0, "id": "BH"}, {"import": 0, "export": 89920, "id": "-"}, {"import": 0, "export": 0, "id": "MR"}, {"import": 0, "export": 92000, "id": "QA"}], "world_import": 1086402, "world_export": 298660}, {"date": "2013-08-01", "list": [{"import": 855050, "export": 0, "id": "IN"}, {"import": 41700, "export": 0, "id": "BD"}, {"import": 0, "export": 0, "id": "MM"}, {"import": 0, "export": 0, "id": "PK"}, {"import": 0, "export": 0, "id": "VN"}, {"import": 0, "export": 0, "id": "TH"}, {"import": 0, "export": 0, "id": "US"}, {"import": 0, "export": 56600, "id": "YE"}, {"import": 0, "export": 26720, "id": "BH"}, {"import": 0, "export": 0, "id": "-"}, {"import": 0, "export": 0, "id": "MR"}, {"import": 0, "export": 0, "id": "QA"}], "world_import": 896750, "world_export": 83320}, {"date": "2013-09-01", "list": [{"import": 111335, "export": 0, "id": "IN"}, {"import": 0, "export": 0, "id": "BD"}, {"import": 0, "export": 0, "id": "MM"}, {"import": 49100, "export": 0, "id": "PK"}, {"import": 0, "export": 0, "id": "VN"}, {"import": 0, "export": 0, "id": "TH"}, {"import": 0, "export": 0, "id": "US"}, {"import": 0, "export": 0, "id": "YE"}, {"import": 0, "export": 0, "id": "BH"}, {"import": 0, "export": 0, "id": "-"}, {"import": 0, "export": 0, "id": "MR"}, {"import": 0, "export": 0, "id": "QA"}], "world_import": 160435, "world_export": 0}, {"date": "2013-10-01", "list": [{"import": 624949, "export": 0, "id": "IN"}, {"import": 0, "export": 0, "id": "BD"}, {"import": 0, "export": 0, "id": "MM"}, {"import": 49000, "export": 0, "id": "PK"}, {"import": 0, "export": 0, "id": "VN"}, {"import": 0, "export": 0, "id": "TH"}, {"import": 0, "export": 0, "id": "US"}, {"import": 0, "export": 0, "id": "YE"}, {"import": 0, "export": 0, "id": "BH"}, {"import": 0, "export": 0, "id": "-"}, {"import": 0, "export": 0, "id": "MR"}, {"import": 0, "export": 0, "id": "QA"}], "world_import": 673949, "world_export": 0}, {"date": "2013-11-01", "list": [{"import": 695309, "export": 0, "id": "IN"}, {"import": 0, "export": 0, "id": "BD"}, {"import": 0, "export": 0, "id": "MM"}, {"import": 0, "export": 0, "id": "PK"}, {"import": 0, "export": 0, "id": "VN"}, {"import": 0, "export": 0, "id": "TH"}, {"import": 0, "export": 0, "id": "US"}, {"import": 0, "export": 157761, "id": "YE"}, {"import": 0, "export": 38850, "id": "BH"}, {"import": 0, "export": 0, "id": "-"}, {"import": 0, "export": 0, "id": "MR"}, {"import": 0, "export": 0, "id": "QA"}], "world_import": 695309, "world_export": 196611}, {"date": "2013-12-01", "list": [{"import": 319178, "export": 0, "id": "IN"}, {"import": 0, "export": 0, "id": "BD"}, {"import": 0, "export": 0, "id": "MM"}, {"import": 0, "export": 0, "id": "PK"}, {"import": 0, "export": 0, "id": "VN"}, {"import": 0, "export": 0, "id": "TH"}, {"import": 0, "export": 0, "id": "US"}, {"import": 0, "export": 0, "id": "YE"}, {"import": 0, "export": 0, "id": "BH"}, {"import": 0, "export": 0, "id": "-"}, {"import": 0, "export": 0, "id": "MR"}, {"import": 0, "export": 0, "id": "QA"}], "world_import": 319178, "world_export": 0}, {"date": "2014-01-01", "list": [{"import": 1245724, "export": 0, "id": "IN"}, {"import": 0, "export": 0, "id": "BD"}, {"import": 0, "export": 0, "id": "MM"}, {"import": 101000, "export": 0, "id": "PK"}, {"import": 0, "export": 0, "id": "VN"}, {"import": 0, "export": 0, "id": "TH"}, {"import": 0, "export": 0, "id": "US"}, {"import": 0, "export": 0, "id": "YE"}, {"import": 0, "export": 0, "id": "BH"}, {"import": 0, "export": 0, "id": "-"}, {"import": 0, "export": 0, "id": "MR"}, {"import": 0, "export": 0, "id": "QA"}], "world_import": 1346724, "world_export": 0}, {"date": "2014-02-01", "list": [{"import": 732076, "export": 0, "id": "IN"}, {"import": 19950, "export": 0, "id": "BD"}, {"import": 0, "export": 0, "id": "MM"}, {"import": 100000, "export": 0, "id": "PK"}, {"import": 0, "export": 0, "id": "VN"}, {"import": 0, "export": 0, "id": "TH"}, {"import": 0, "export": 0, "id": "US"}, {"import": 0, "export": 138800, "id": "YE"}, {"import": 0, "export": 42750, "id": "BH"}, {"import": 0, "export": 0, "id": "-"}, {"import": 0, "export": 18850, "id": "MR"}, {"import": 0, "export": 0, "id": "QA"}], "world_import": 852026, "world_export": 200400}, {"date": "2014-03-01", "list": [{"import": 538540, "export": 0, "id": "IN"}, {"import": 0, "export": 0, "id": "BD"}, {"import": 0, "export": 0, "id": "MM"}, {"import": 194600, "export": 0, "id": "PK"}, {"import": 0, "export": 0, "id": "VN"}, {"import": 0, "export": 0, "id": "TH"}, {"import": 19760, "export": 0, "id": "US"}, {"import": 0, "export": 0, "id": "YE"}, {"import": 0, "export": 0, "id": "BH"}, {"import": 0, "export": 0, "id": "-"}, {"import": 0, "export": 6900, "id": "MR"}, {"import": 0, "export": 0, "id": "QA"}], "world_import": 752900, "world_export": 6900}, {"date": "2014-04-01", "list": [{"import": 1437789, "export": 0, "id": "IN"}, {"import": 0, "export": 0, "id": "BD"}, {"import": 0, "export": 0, "id": "MM"}, {"import": 50000, "export": 0, "id": "PK"}, {"import": 0, "export": 0, "id": "VN"}, {"import": 0, "export": 0, "id": "TH"}, {"import": 0, "export": 0, "id": "US"}, {"import": 0, "export": 45782, "id": "YE"}, {"import": 0, "export": 0, "id": "BH"}, {"import": 0, "export": 0, "id": "-"}, {"import": 0, "export": 0, "id": "MR"}, {"import": 0, "export": 0, "id": "QA"}], "world_import": 1487789, "world_export": 45782}, {"date": "2014-05-01", "list": [{"import": 710550, "export": 0, "id": "IN"}, {"import": 40850, "export": 0, "id": "BD"}, {"import": 0, "export": 0, "id": "MM"}, {"import": 50295, "export": 0, "id": "PK"}, {"import": 0, "export": 0, "id": "VN"}, {"import": 0, "export": 0, "id": "TH"}, {"import": 0, "export": 0, "id": "US"}, {"import": 0, "export": 0, "id": "YE"}, {"import": 0, "export": 0, "id": "BH"}, {"import": 0, "export": 0, "id": "-"}, {"import": 0, "export": 0, "id": "MR"}, {"import": 0, "export": 0, "id": "QA"}], "world_import": 801695, "world_export": 0}, {"date": "2014-06-01", "list": [{"import": 920800, "export": 0, "id": "IN"}, {"import": 0, "export": 0, "id": "BD"}, {"import": 0, "export": 0, "id": "MM"}, {"import": 65000, "export": 0, "id": "PK"}, {"import": 251438, "export": 0, "id": "VN"}, {"import": 0, "export": 0, "id": "TH"}, {"import": 0, "export": 0, "id": "US"}, {"import": 0, "export": 126200, "id": "YE"}, {"import": 0, "export": 0, "id": "BH"}, {"import": 0, "export": 0, "id": "-"}, {"import": 0, "export": 0, "id": "MR"}, {"import": 0, "export": 0, "id": "QA"}], "world_import": 1237238, "world_export": 126200}, {"date": "2014-07-01", "list": [{"import": 729831, "export": 0, "id": "IN"}, {"import": 0, "export": 0, "id": "BD"}, {"import": 0, "export": 0, "id": "MM"}, {"import": 88000, "export": 0, "id": "PK"}, {"import": 0, "export": 0, "id": "VN"}, {"import": 0, "export": 0, "id": "TH"}, {"import": 0, "export": 0, "id": "US"}, {"import": 0, "export": 191756, "id": "YE"}, {"import": 0, "export": 24250, "id": "BH"}, {"import": 0, "export": 0, "id": "-"}, {"import": 0, "export": 0, "id": "MR"}, {"import": 0, "export": 0, "id": "QA"}], "world_import": 817831, "world_export": 216006}]