[{"date": "2018-10-01", "list": [{"import": 9477, "export": 5330, "id": "-"}, {"import": 18520, "export": 0, "id": "IT"}, {"import": 8767, "export": 0, "id": "PL"}, {"import": 6316, "export": 7990, "id": "HU"}, {"import": 0, "export": 0, "id": "NL"}, {"import": 0, "export": 0, "id": "RO"}, {"import": 0, "export": 0, "id": "ES"}, {"import": 2880, "export": 0, "id": "GB"}, {"import": 629, "export": 0, "id": "DE"}, {"import": 0, "export": 0, "id": "AT"}], "world_import": 46589, "world_export": 13320}, {"date": "2018-11-01", "list": [{"import": 10694, "export": 5473, "id": "-"}, {"import": 4110, "export": 0, "id": "IT"}, {"import": 4666, "export": 0, "id": "PL"}, {"import": 823, "export": 7080, "id": "HU"}, {"import": 0, "export": 0, "id": "NL"}, {"import": 0, "export": 0, "id": "RO"}, {"import": 0, "export": 0, "id": "ES"}, {"import": 0, "export": 0, "id": "GB"}, {"import": 629, "export": 0, "id": "DE"}, {"import": 0, "export": 0, "id": "AT"}], "world_import": 20922, "world_export": 12553}, {"date": "2018-12-01", "list": [{"import": 9212, "export": 1910, "id": "-"}, {"import": 24680, "export": 0, "id": "IT"}, {"import": 2366, "export": 0, "id": "PL"}, {"import": 33075, "export": 3425, "id": "HU"}, {"import": 0, "export": 0, "id": "NL"}, {"import": 0, "export": 0, "id": "RO"}, {"import": 0, "export": 0, "id": "ES"}, {"import": 720, "export": 0, "id": "GB"}, {"import": 0, "export": 0, "id": "DE"}, {"import": 0, "export": 0, "id": "AT"}], "world_import": 70053, "world_export": 5335}, {"date": "2019-01-01", "list": [{"import": 19217, "export": 2540, "id": "-"}, {"import": 840, "export": 0, "id": "IT"}, {"import": 5477, "export": 0, "id": "PL"}, {"import": 657, "export": 13585, "id": "HU"}, {"import": 0, "export": 0, "id": "NL"}, {"import": 0, "export": 0, "id": "RO"}, {"import": 0, "export": 0, "id": "ES"}, {"import": 720, "export": 0, "id": "GB"}, {"import": 1258, "export": 0, "id": "DE"}, {"import": 0, "export": 0, "id": "AT"}], "world_import": 28169, "world_export": 16125}, {"date": "2019-02-01", "list": [{"import": 35846, "export": 13355, "id": "-"}, {"import": 20010, "export": 0, "id": "IT"}, {"import": 11585, "export": 0, "id": "PL"}, {"import": 12823, "export": 22135, "id": "HU"}, {"import": 0, "export": 0, "id": "NL"}, {"import": 0, "export": 0, "id": "RO"}, {"import": 0, "export": 0, "id": "ES"}, {"import": 2160, "export": 0, "id": "GB"}, {"import": 1258, "export": 0, "id": "DE"}, {"import": 0, "export": 0, "id": "AT"}], "world_import": 83682, "world_export": 35490}, {"date": "2019-03-01", "list": [{"import": 17143, "export": 6535, "id": "-"}, {"import": 3270, "export": 0, "id": "IT"}, {"import": 10322, "export": 0, "id": "PL"}, {"import": 24748, "export": 45, "id": "HU"}, {"import": 20, "export": 17280, "id": "NL"}, {"import": 0, "export": 0, "id": "RO"}, {"import": 0, "export": 0, "id": "ES"}, {"import": 1440, "export": 0, "id": "GB"}, {"import": 2105, "export": 0, "id": "DE"}, {"import": 40, "export": 1, "id": "AT"}], "world_import": 59088, "world_export": 23861}, {"date": "2019-04-01", "list": [{"import": 25289, "export": 3348, "id": "-"}, {"import": 21830, "export": 0, "id": "IT"}, {"import": 16610, "export": 0, "id": "PL"}, {"import": 1937, "export": 80, "id": "HU"}, {"import": 0, "export": 0, "id": "NL"}, {"import": 0, "export": 0, "id": "RO"}, {"import": 1680, "export": 0, "id": "ES"}, {"import": 720, "export": 0, "id": "GB"}, {"import": 0, "export": 0, "id": "DE"}, {"import": 0, "export": 0, "id": "AT"}], "world_import": 68066, "world_export": 3428}, {"date": "2019-05-01", "list": [{"import": 12454, "export": 3842, "id": "-"}, {"import": 2520, "export": 0, "id": "IT"}, {"import": 24281, "export": 0, "id": "PL"}, {"import": 2674, "export": 4568, "id": "HU"}, {"import": 0, "export": 0, "id": "NL"}, {"import": 0, "export": 0, "id": "RO"}, {"import": 2520, "export": 0, "id": "ES"}, {"import": 0, "export": 0, "id": "GB"}, {"import": 1258, "export": 720, "id": "DE"}, {"import": 0, "export": 0, "id": "AT"}], "world_import": 45707, "world_export": 9130}, {"date": "2019-06-01", "list": [{"import": 7685, "export": 6043, "id": "-"}, {"import": 25040, "export": 0, "id": "IT"}, {"import": 17506, "export": 0, "id": "PL"}, {"import": 4860, "export": 4950, "id": "HU"}, {"import": 0, "export": 0, "id": "NL"}, {"import": 0, "export": 0, "id": "RO"}, {"import": 0, "export": 0, "id": "ES"}, {"import": 720, "export": 0, "id": "GB"}, {"import": 0, "export": 0, "id": "DE"}, {"import": 0, "export": 0, "id": "AT"}], "world_import": 55811, "world_export": 10993}, {"date": "2019-07-01", "list": [{"import": 19704, "export": 4661, "id": "-"}, {"import": 2520, "export": 0, "id": "IT"}, {"import": 21691, "export": 0, "id": "PL"}, {"import": 171, "export": 70, "id": "HU"}, {"import": 0, "export": 0, "id": "NL"}, {"import": 0, "export": 0, "id": "RO"}, {"import": 0, "export": 0, "id": "ES"}, {"import": 720, "export": 0, "id": "GB"}, {"import": 629, "export": 0, "id": "DE"}, {"import": 0, "export": 0, "id": "AT"}], "world_import": 45435, "world_export": 4731}, {"date": "2019-08-01", "list": [{"import": 7485, "export": 950, "id": "-"}, {"import": 13910, "export": 0, "id": "IT"}, {"import": 18103, "export": 10, "id": "PL"}, {"import": 7277, "export": 170, "id": "HU"}, {"import": 0, "export": 0, "id": "NL"}, {"import": 0, "export": 0, "id": "RO"}, {"import": 0, "export": 0, "id": "ES"}, {"import": 720, "export": 7, "id": "GB"}, {"import": 629, "export": 0, "id": "DE"}, {"import": 0, "export": 0, "id": "AT"}], "world_import": 48124, "world_export": 1137}, {"date": "2019-09-01", "list": [{"import": 11038, "export": 4290, "id": "-"}, {"import": 12480, "export": 0, "id": "IT"}, {"import": 22764, "export": 0, "id": "PL"}, {"import": 3043, "export": 4860, "id": "HU"}, {"import": 0, "export": 0, "id": "NL"}, {"import": 0, "export": 0, "id": "RO"}, {"import": 0, "export": 0, "id": "ES"}, {"import": 1440, "export": 0, "id": "GB"}, {"import": 629, "export": 0, "id": "DE"}, {"import": 0, "export": 0, "id": "AT"}], "world_import": 51394, "world_export": 9150}, {"date": "2019-10-01", "list": [{"import": 13349, "export": 2400, "id": "-"}, {"import": 9930, "export": 0, "id": "IT"}, {"import": 27468, "export": 10, "id": "PL"}, {"import": 8983, "export": 11685, "id": "HU"}, {"import": 0, "export": 0, "id": "NL"}, {"import": 0, "export": 375, "id": "RO"}, {"import": 840, "export": 0, "id": "ES"}, {"import": 1440, "export": 15, "id": "GB"}, {"import": 629, "export": 0, "id": "DE"}, {"import": 0, "export": 0, "id": "AT"}], "world_import": 62639, "world_export": 14485}, {"date": "2019-11-01", "list": [{"import": 16397, "export": 2880, "id": "-"}, {"import": 5760, "export": 0, "id": "IT"}, {"import": 30919, "export": 10, "id": "PL"}, {"import": 3497, "export": 4125, "id": "HU"}, {"import": 0, "export": 0, "id": "NL"}, {"import": 10, "export": 650, "id": "RO"}, {"import": 0, "export": 0, "id": "ES"}, {"import": 0, "export": 0, "id": "GB"}, {"import": 0, "export": 0, "id": "DE"}, {"import": 3, "export": 2, "id": "AT"}], "world_import": 56586, "world_export": 7667}, {"date": "2019-12-01", "list": [{"import": 14662, "export": 2693, "id": "-"}, {"import": 7222, "export": 0, "id": "IT"}, {"import": 34932, "export": 0, "id": "PL"}, {"import": 6283, "export": 1200, "id": "HU"}, {"import": 0, "export": 0, "id": "NL"}, {"import": 0, "export": 0, "id": "RO"}, {"import": 0, "export": 0, "id": "ES"}, {"import": 720, "export": 0, "id": "GB"}, {"import": 0, "export": 0, "id": "DE"}, {"import": 0, "export": 0, "id": "AT"}], "world_import": 63819, "world_export": 3893}, {"date": "2020-01-01", "list": [{"import": 39726, "export": 2040, "id": "-"}, {"import": 23700, "export": 0, "id": "IT"}, {"import": 31814, "export": 0, "id": "PL"}, {"import": 1877, "export": 3980, "id": "HU"}, {"import": 0, "export": 0, "id": "NL"}, {"import": 0, "export": 400, "id": "RO"}, {"import": 0, "export": 0, "id": "ES"}, {"import": 720, "export": 0, "id": "GB"}, {"import": 0, "export": 0, "id": "DE"}, {"import": 0, "export": 0, "id": "AT"}], "world_import": 97837, "world_export": 6420}, {"date": "2020-02-01", "list": [{"import": 21900, "export": 5572, "id": "-"}, {"import": 7840, "export": 0, "id": "IT"}, {"import": 30650, "export": 0, "id": "PL"}, {"import": 13806, "export": 11849, "id": "HU"}, {"import": 0, "export": 0, "id": "NL"}, {"import": 0, "export": 500, "id": "RO"}, {"import": 0, "export": 0, "id": "ES"}, {"import": 720, "export": 0, "id": "GB"}, {"import": 0, "export": 0, "id": "DE"}, {"import": 0, "export": 0, "id": "AT"}], "world_import": 74916, "world_export": 17921}, {"date": "2020-03-01", "list": [{"import": 22150, "export": 14931, "id": "-"}, {"import": 15521, "export": 0, "id": "IT"}, {"import": 40404, "export": 9, "id": "PL"}, {"import": 9753, "export": 13880, "id": "HU"}, {"import": 0, "export": 0, "id": "NL"}, {"import": 0, "export": 1225, "id": "RO"}, {"import": 0, "export": 0, "id": "ES"}, {"import": 8800, "export": 0, "id": "GB"}, {"import": 0, "export": 0, "id": "DE"}, {"import": 0, "export": 0, "id": "AT"}], "world_import": 96628, "world_export": 30045}]