[{"date": "2019-01-01", "list": [{"import": 0, "export": 0, "id": "PK"}, {"import": 0, "export": 0, "id": "IN"}, {"import": 0, "export": 0, "id": "ZA"}, {"import": 0, "export": 0, "id": "ZM"}], "world_import": 0, "world_export": 0}, {"date": "2019-02-01", "list": [{"import": 0, "export": 0, "id": "PK"}, {"import": 250, "export": 0, "id": "IN"}, {"import": 0, "export": 0, "id": "ZA"}, {"import": 0, "export": 0, "id": "ZM"}], "world_import": 250, "world_export": 0}, {"date": "2019-03-01", "list": [{"import": 0, "export": 0, "id": "PK"}, {"import": 0, "export": 0, "id": "IN"}, {"import": 0, "export": 0, "id": "ZA"}, {"import": 0, "export": 0, "id": "ZM"}], "world_import": 0, "world_export": 0}, {"date": "2019-04-01", "list": [{"import": 250, "export": 0, "id": "PK"}, {"import": 0, "export": 0, "id": "IN"}, {"import": 0, "export": 0, "id": "ZA"}, {"import": 0, "export": 0, "id": "ZM"}], "world_import": 250, "world_export": 0}, {"date": "2019-05-01", "list": [{"import": 10000, "export": 0, "id": "PK"}, {"import": 0, "export": 0, "id": "IN"}, {"import": 0, "export": 0, "id": "ZA"}, {"import": 0, "export": 0, "id": "ZM"}], "world_import": 10000, "world_export": 0}, {"date": "2019-06-01", "list": [{"import": 0, "export": 0, "id": "PK"}, {"import": 0, "export": 0, "id": "IN"}, {"import": 0, "export": 0, "id": "ZA"}, {"import": 0, "export": 0, "id": "ZM"}], "world_import": 0, "world_export": 0}, {"date": "2019-07-01", "list": [{"import": 0, "export": 0, "id": "PK"}, {"import": 0, "export": 0, "id": "IN"}, {"import": 0, "export": 0, "id": "ZA"}, {"import": 0, "export": 0, "id": "ZM"}], "world_import": 0, "world_export": 0}, {"date": "2019-08-01", "list": [{"import": 0, "export": 0, "id": "PK"}, {"import": 7236, "export": 0, "id": "IN"}, {"import": 0, "export": 0, "id": "ZA"}, {"import": 0, "export": 0, "id": "ZM"}], "world_import": 7236, "world_export": 0}, {"date": "2019-09-01", "list": [{"import": 0, "export": 0, "id": "PK"}, {"import": 0, "export": 0, "id": "IN"}, {"import": 0, "export": 0, "id": "ZA"}, {"import": 0, "export": 0, "id": "ZM"}], "world_import": 0, "world_export": 0}, {"date": "2019-10-01", "list": [{"import": 0, "export": 0, "id": "PK"}, {"import": 0, "export": 0, "id": "IN"}, {"import": 443, "export": 100, "id": "ZA"}, {"import": 0, "export": 0, "id": "ZM"}], "world_import": 443, "world_export": 100}, {"date": "2018-05-01", "list": [{"import": 0, "export": 0, "id": "ZA"}, {"import": 0, "export": 0, "id": "ZM"}], "world_import": 0, "world_export": 0}, {"date": "2018-06-01", "list": [{"import": 0, "export": 0, "id": "ZA"}, {"import": 0, "export": 450, "id": "ZM"}], "world_import": 0, "world_export": 450}, {"date": "2018-07-01", "list": [{"import": 0, "export": 0, "id": "ZA"}, {"import": 0, "export": 0, "id": "ZM"}], "world_import": 0, "world_export": 0}, {"date": "2018-08-01", "list": [{"import": 0, "export": 0, "id": "ZA"}, {"import": 0, "export": 0, "id": "ZM"}], "world_import": 0, "world_export": 0}, {"date": "2018-09-01", "list": [{"import": 0, "export": 0, "id": "ZA"}, {"import": 0, "export": 0, "id": "ZM"}], "world_import": 0, "world_export": 0}, {"date": "2018-10-01", "list": [{"import": 0, "export": 0, "id": "ZA"}, {"import": 0, "export": 0, "id": "ZM"}], "world_import": 0, "world_export": 0}, {"date": "2018-11-01", "list": [{"import": 0, "export": 0, "id": "ZA"}, {"import": 0, "export": 0, "id": "ZM"}], "world_import": 0, "world_export": 0}, {"date": "2018-12-01", "list": [{"import": 0, "export": 0, "id": "ZA"}, {"import": 0, "export": 50, "id": "ZM"}], "world_import": 0, "world_export": 50}]