[{"date": "2019-10-01", "list": [{"import": 20, "export": 2713278, "id": "CN"}], "world_import": 20, "world_export": 2713278}, {"date": "2019-12-01", "list": [{"import": 3000, "export": 5646898, "id": "CN"}], "world_import": 3000, "world_export": 5646898}, {"date": "2018-12-01", "list": [{"import": 0, "export": 4021710, "id": "CN"}], "world_import": 0, "world_export": 4021710}, {"date": "2019-08-01", "list": [{"import": 0, "export": 1909547, "id": "CN"}], "world_import": 0, "world_export": 1909547}, {"date": "2019-09-01", "list": [{"import": 0, "export": 992841, "id": "CN"}], "world_import": 0, "world_export": 992841}, {"date": "2019-11-01", "list": [{"import": 0, "export": 10407285, "id": "CN"}, {"import": 0, "export": 34082, "id": "PH"}], "world_import": 0, "world_export": 10441367}]