[{"date": "2019-01-01", "list": [{"import": 0, "export": 0, "id": "DE"}, {"import": 0, "export": 0, "id": "TH"}, {"import": 0, "export": 0, "id": "LK"}, {"import": 0, "export": 0, "id": "FR"}, {"import": 0, "export": 0, "id": "IR"}, {"import": 3960, "export": 0, "id": "IT"}, {"import": 0, "export": 0, "id": "NL"}, {"import": 0, "export": 0, "id": "PT"}, {"import": 3842, "export": 0, "id": "IN"}], "world_import": 7802, "world_export": 0}, {"date": "2019-02-01", "list": [{"import": 0, "export": 0, "id": "DE"}, {"import": 0, "export": 0, "id": "TH"}, {"import": 0, "export": 0, "id": "LK"}, {"import": 0, "export": 0, "id": "FR"}, {"import": 0, "export": 0, "id": "IR"}, {"import": 1419, "export": 0, "id": "IT"}, {"import": 0, "export": 0, "id": "NL"}, {"import": 0, "export": 0, "id": "PT"}, {"import": 0, "export": 0, "id": "IN"}], "world_import": 1419, "world_export": 0}, {"date": "2019-03-01", "list": [{"import": 0, "export": 0, "id": "DE"}, {"import": 0, "export": 0, "id": "TH"}, {"import": 300, "export": 0, "id": "LK"}, {"import": 0, "export": 0, "id": "FR"}, {"import": 0, "export": 0, "id": "IR"}, {"import": 16800, "export": 0, "id": "IT"}, {"import": 0, "export": 0, "id": "NL"}, {"import": 0, "export": 0, "id": "PT"}, {"import": 0, "export": 0, "id": "IN"}], "world_import": 17100, "world_export": 0}, {"date": "2019-04-01", "list": [{"import": 0, "export": 0, "id": "DE"}, {"import": 0, "export": 0, "id": "TH"}, {"import": 0, "export": 0, "id": "LK"}, {"import": 0, "export": 0, "id": "FR"}, {"import": 0, "export": 0, "id": "IR"}, {"import": 8100, "export": 0, "id": "IT"}, {"import": 0, "export": 0, "id": "NL"}, {"import": 0, "export": 0, "id": "PT"}, {"import": 0, "export": 0, "id": "IN"}], "world_import": 8100, "world_export": 0}, {"date": "2019-05-01", "list": [{"import": 0, "export": 0, "id": "DE"}, {"import": 0, "export": 0, "id": "TH"}, {"import": 0, "export": 0, "id": "LK"}, {"import": 0, "export": 0, "id": "FR"}, {"import": 0, "export": 0, "id": "IR"}, {"import": 0, "export": 0, "id": "IT"}, {"import": 0, "export": 0, "id": "NL"}, {"import": 0, "export": 0, "id": "PT"}, {"import": 0, "export": 0, "id": "IN"}], "world_import": 0, "world_export": 0}, {"date": "2019-06-01", "list": [{"import": 0, "export": 0, "id": "DE"}, {"import": 0, "export": 0, "id": "TH"}, {"import": 0, "export": 0, "id": "LK"}, {"import": 0, "export": 0, "id": "FR"}, {"import": 0, "export": 0, "id": "IR"}, {"import": 0, "export": 0, "id": "IT"}, {"import": 0, "export": 0, "id": "NL"}, {"import": 0, "export": 0, "id": "PT"}, {"import": 0, "export": 0, "id": "IN"}], "world_import": 0, "world_export": 0}, {"date": "2019-07-01", "list": [{"import": 0, "export": 0, "id": "DE"}, {"import": 0, "export": 0, "id": "TH"}, {"import": 0, "export": 0, "id": "LK"}, {"import": 0, "export": 0, "id": "FR"}, {"import": 0, "export": 0, "id": "IR"}, {"import": 0, "export": 0, "id": "IT"}, {"import": 0, "export": 0, "id": "NL"}, {"import": 490, "export": 0, "id": "PT"}, {"import": 0, "export": 0, "id": "IN"}], "world_import": 490, "world_export": 0}, {"date": "2019-08-01", "list": [{"import": 0, "export": 0, "id": "DE"}, {"import": 3600, "export": 0, "id": "TH"}, {"import": 0, "export": 0, "id": "LK"}, {"import": 0, "export": 0, "id": "FR"}, {"import": 5200, "export": 0, "id": "IR"}, {"import": 0, "export": 0, "id": "IT"}, {"import": 850, "export": 0, "id": "NL"}, {"import": 0, "export": 0, "id": "PT"}, {"import": 0, "export": 0, "id": "IN"}], "world_import": 9650, "world_export": 0}, {"date": "2019-09-01", "list": [{"import": 750, "export": 0, "id": "DE"}, {"import": 0, "export": 0, "id": "TH"}, {"import": 0, "export": 0, "id": "LK"}, {"import": 0, "export": 0, "id": "FR"}, {"import": 0, "export": 0, "id": "IR"}, {"import": 0, "export": 0, "id": "IT"}, {"import": 0, "export": 0, "id": "NL"}, {"import": 0, "export": 0, "id": "PT"}, {"import": 910, "export": 0, "id": "IN"}], "world_import": 1660, "world_export": 0}, {"date": "2019-10-01", "list": [{"import": 0, "export": 0, "id": "DE"}, {"import": 0, "export": 0, "id": "TH"}, {"import": 0, "export": 0, "id": "LK"}, {"import": 0, "export": 0, "id": "FR"}, {"import": 0, "export": 0, "id": "IR"}, {"import": 0, "export": 0, "id": "IT"}, {"import": 0, "export": 0, "id": "NL"}, {"import": 0, "export": 0, "id": "PT"}, {"import": 0, "export": 0, "id": "IN"}], "world_import": 0, "world_export": 0}, {"date": "2019-11-01", "list": [{"import": 0, "export": 0, "id": "DE"}, {"import": 0, "export": 0, "id": "TH"}, {"import": 0, "export": 0, "id": "LK"}, {"import": 27, "export": 0, "id": "FR"}, {"import": 0, "export": 0, "id": "IR"}, {"import": 0, "export": 0, "id": "IT"}, {"import": 0, "export": 0, "id": "NL"}, {"import": 0, "export": 0, "id": "PT"}, {"import": 0, "export": 0, "id": "IN"}], "world_import": 27, "world_export": 0}, {"date": "2019-12-01", "list": [{"import": 0, "export": 0, "id": "DE"}, {"import": 0, "export": 0, "id": "TH"}, {"import": 0, "export": 0, "id": "LK"}, {"import": 0, "export": 0, "id": "FR"}, {"import": 0, "export": 0, "id": "IR"}, {"import": 0, "export": 0, "id": "IT"}, {"import": 0, "export": 0, "id": "NL"}, {"import": 0, "export": 0, "id": "PT"}, {"import": 1006, "export": 0, "id": "IN"}], "world_import": 1006, "world_export": 0}, {"date": "2020-01-01", "list": [{"import": 0, "export": 0, "id": "DE"}, {"import": 0, "export": 0, "id": "TH"}, {"import": 0, "export": 0, "id": "LK"}, {"import": 0, "export": 0, "id": "FR"}, {"import": 0, "export": 0, "id": "IR"}, {"import": 0, "export": 0, "id": "IT"}, {"import": 0, "export": 0, "id": "NL"}, {"import": 490, "export": 0, "id": "PT"}, {"import": 0, "export": 0, "id": "IN"}], "world_import": 490, "world_export": 0}, {"date": "2020-02-01", "list": [{"import": 2000, "export": 0, "id": "DE"}, {"import": 0, "export": 0, "id": "TH"}, {"import": 0, "export": 0, "id": "LK"}, {"import": 0, "export": 0, "id": "FR"}, {"import": 0, "export": 0, "id": "IR"}, {"import": 0, "export": 0, "id": "IT"}, {"import": 0, "export": 0, "id": "NL"}, {"import": 0, "export": 0, "id": "PT"}, {"import": 0, "export": 0, "id": "IN"}], "world_import": 2000, "world_export": 0}, {"date": "2020-03-01", "list": [{"import": 0, "export": 2481, "id": "DE"}, {"import": 0, "export": 0, "id": "TH"}, {"import": 0, "export": 0, "id": "LK"}, {"import": 0, "export": 0, "id": "FR"}, {"import": 0, "export": 0, "id": "IR"}, {"import": 8000, "export": 0, "id": "IT"}, {"import": 0, "export": 0, "id": "NL"}, {"import": 0, "export": 0, "id": "PT"}, {"import": 0, "export": 0, "id": "IN"}], "world_import": 8000, "world_export": 2481}, {"date": "2020-04-01", "list": [{"import": 7, "export": 20, "id": "DE"}, {"import": 0, "export": 0, "id": "TH"}, {"import": 0, "export": 0, "id": "LK"}, {"import": 0, "export": 0, "id": "FR"}, {"import": 0, "export": 0, "id": "IR"}, {"import": 8800, "export": 0, "id": "IT"}, {"import": 0, "export": 0, "id": "NL"}, {"import": 0, "export": 0, "id": "PT"}, {"import": 0, "export": 0, "id": "IN"}], "world_import": 8807, "world_export": 20}, {"date": "2020-05-01", "list": [{"import": 0, "export": 0, "id": "DE"}, {"import": 0, "export": 0, "id": "TH"}, {"import": 0, "export": 0, "id": "LK"}, {"import": 0, "export": 0, "id": "FR"}, {"import": 0, "export": 0, "id": "IR"}, {"import": 0, "export": 0, "id": "IT"}, {"import": 0, "export": 0, "id": "NL"}, {"import": 0, "export": 0, "id": "PT"}, {"import": 0, "export": 0, "id": "IN"}], "world_import": 0, "world_export": 0}, {"date": "2020-06-01", "list": [{"import": 0, "export": 0, "id": "DE"}, {"import": 0, "export": 0, "id": "TH"}, {"import": 0, "export": 0, "id": "LK"}, {"import": 0, "export": 0, "id": "FR"}, {"import": 0, "export": 0, "id": "IR"}, {"import": 0, "export": 0, "id": "IT"}, {"import": 0, "export": 0, "id": "NL"}, {"import": 0, "export": 0, "id": "PT"}, {"import": 0, "export": 0, "id": "IN"}], "world_import": 0, "world_export": 0}, {"date": "2018-12-01", "list": [{"import": 0, "export": 0, "id": "FR"}, {"import": 0, "export": 0, "id": "DE"}], "world_import": 0, "world_export": 0}]