[{"date": "2018-05-01", "list": [{"import": 0, "export": 0, "id": "AR"}, {"import": 0, "export": 0, "id": "IT"}, {"import": 0, "export": 0, "id": "ES"}, {"import": 0, "export": 0, "id": "US"}, {"import": 0, "export": 0, "id": "UY"}, {"import": 0, "export": 0, "id": "BR"}, {"import": 0, "export": 0, "id": "-"}], "world_import": 0, "world_export": 0}, {"date": "2018-06-01", "list": [{"import": 0, "export": 0, "id": "AR"}, {"import": 0, "export": 0, "id": "IT"}, {"import": 0, "export": 0, "id": "ES"}, {"import": 0, "export": 0, "id": "US"}, {"import": 0, "export": 0, "id": "UY"}, {"import": 0, "export": 0, "id": "BR"}, {"import": 0, "export": 0, "id": "-"}], "world_import": 0, "world_export": 0}, {"date": "2018-07-01", "list": [{"import": 0, "export": 0, "id": "AR"}, {"import": 0, "export": 0, "id": "IT"}, {"import": 0, "export": 0, "id": "ES"}, {"import": 0, "export": 0, "id": "US"}, {"import": 0, "export": 0, "id": "UY"}, {"import": 0, "export": 0, "id": "BR"}, {"import": 0, "export": 0, "id": "-"}], "world_import": 0, "world_export": 0}, {"date": "2018-08-01", "list": [{"import": 0, "export": 0, "id": "AR"}, {"import": 0, "export": 0, "id": "IT"}, {"import": 0, "export": 0, "id": "ES"}, {"import": 0, "export": 0, "id": "US"}, {"import": 0, "export": 0, "id": "UY"}, {"import": 0, "export": 0, "id": "BR"}, {"import": 0, "export": 0, "id": "-"}], "world_import": 0, "world_export": 0}, {"date": "2018-09-01", "list": [{"import": 0, "export": 0, "id": "AR"}, {"import": 0, "export": 0, "id": "IT"}, {"import": 0, "export": 0, "id": "ES"}, {"import": 0, "export": 0, "id": "US"}, {"import": 0, "export": 0, "id": "UY"}, {"import": 0, "export": 0, "id": "BR"}, {"import": 0, "export": 0, "id": "-"}], "world_import": 0, "world_export": 0}, {"date": "2018-10-01", "list": [{"import": 0, "export": 0, "id": "AR"}, {"import": 0, "export": 0, "id": "IT"}, {"import": 0, "export": 0, "id": "ES"}, {"import": 0, "export": 0, "id": "US"}, {"import": 0, "export": 0, "id": "UY"}, {"import": 0, "export": 0, "id": "BR"}, {"import": 0, "export": 0, "id": "-"}], "world_import": 0, "world_export": 0}, {"date": "2018-11-01", "list": [{"import": 0, "export": 0, "id": "AR"}, {"import": 0, "export": 0, "id": "IT"}, {"import": 0, "export": 0, "id": "ES"}, {"import": 0, "export": 0, "id": "US"}, {"import": 0, "export": 0, "id": "UY"}, {"import": 0, "export": 0, "id": "BR"}, {"import": 0, "export": 0, "id": "-"}], "world_import": 0, "world_export": 0}, {"date": "2018-12-01", "list": [{"import": 0, "export": 0, "id": "AR"}, {"import": 0, "export": 0, "id": "IT"}, {"import": 0, "export": 0, "id": "ES"}, {"import": 0, "export": 0, "id": "US"}, {"import": 0, "export": 0, "id": "UY"}, {"import": 0, "export": 0, "id": "BR"}, {"import": 0, "export": 0, "id": "-"}], "world_import": 0, "world_export": 0}, {"date": "2019-01-01", "list": [{"import": 0, "export": 0, "id": "AR"}, {"import": 0, "export": 0, "id": "IT"}, {"import": 0, "export": 0, "id": "ES"}, {"import": 0, "export": 0, "id": "US"}, {"import": 0, "export": 0, "id": "UY"}, {"import": 0, "export": 0, "id": "BR"}, {"import": 0, "export": 0, "id": "-"}], "world_import": 0, "world_export": 0}, {"date": "2019-02-01", "list": [{"import": 0, "export": 0, "id": "AR"}, {"import": 0, "export": 0, "id": "IT"}, {"import": 0, "export": 0, "id": "ES"}, {"import": 0, "export": 0, "id": "US"}, {"import": 0, "export": 0, "id": "UY"}, {"import": 0, "export": 0, "id": "BR"}, {"import": 0, "export": 0, "id": "-"}], "world_import": 0, "world_export": 0}, {"date": "2019-03-01", "list": [{"import": 0, "export": 0, "id": "AR"}, {"import": 0, "export": 0, "id": "IT"}, {"import": 0, "export": 0, "id": "ES"}, {"import": 0, "export": 0, "id": "US"}, {"import": 0, "export": 0, "id": "UY"}, {"import": 0, "export": 0, "id": "BR"}, {"import": 0, "export": 0, "id": "-"}], "world_import": 0, "world_export": 0}, {"date": "2019-04-01", "list": [{"import": 0, "export": 0, "id": "AR"}, {"import": 0, "export": 0, "id": "IT"}, {"import": 0, "export": 0, "id": "ES"}, {"import": 0, "export": 0, "id": "US"}, {"import": 0, "export": 0, "id": "UY"}, {"import": 0, "export": 0, "id": "BR"}, {"import": 0, "export": 26244480, "id": "-"}], "world_import": 0, "world_export": 26244480}, {"date": "2019-05-01", "list": [{"import": 0, "export": 0, "id": "AR"}, {"import": 0, "export": 0, "id": "IT"}, {"import": 0, "export": 0, "id": "ES"}, {"import": 0, "export": 0, "id": "US"}, {"import": 0, "export": 0, "id": "UY"}, {"import": 0, "export": 0, "id": "BR"}, {"import": 0, "export": 0, "id": "-"}], "world_import": 0, "world_export": 0}, {"date": "2019-06-01", "list": [{"import": 0, "export": 0, "id": "AR"}, {"import": 0, "export": 0, "id": "IT"}, {"import": 0, "export": 0, "id": "ES"}, {"import": 0, "export": 0, "id": "US"}, {"import": 0, "export": 0, "id": "UY"}, {"import": 0, "export": 0, "id": "BR"}, {"import": 0, "export": 0, "id": "-"}], "world_import": 0, "world_export": 0}, {"date": "2019-07-01", "list": [{"import": 0, "export": 0, "id": "AR"}, {"import": 0, "export": 0, "id": "IT"}, {"import": 0, "export": 0, "id": "ES"}, {"import": 0, "export": 0, "id": "US"}, {"import": 0, "export": 0, "id": "UY"}, {"import": 0, "export": 0, "id": "BR"}, {"import": 0, "export": 0, "id": "-"}], "world_import": 0, "world_export": 0}, {"date": "2019-08-01", "list": [{"import": 24750, "export": 0, "id": "AR"}, {"import": 16000, "export": 0, "id": "IT"}, {"import": 66000, "export": 0, "id": "ES"}, {"import": 0, "export": 0, "id": "US"}, {"import": 24458, "export": 0, "id": "UY"}, {"import": 0, "export": 0, "id": "BR"}, {"import": 0, "export": 0, "id": "-"}], "world_import": 131208, "world_export": 0}, {"date": "2019-09-01", "list": [{"import": 12825, "export": 0, "id": "AR"}, {"import": 0, "export": 0, "id": "IT"}, {"import": 0, "export": 0, "id": "ES"}, {"import": 7208, "export": 0, "id": "US"}, {"import": 27968, "export": 0, "id": "UY"}, {"import": 0, "export": 201400, "id": "BR"}, {"import": 0, "export": 116010, "id": "-"}], "world_import": 48001, "world_export": 317410}, {"date": "2019-10-01", "list": [{"import": 0, "export": 0, "id": "AR"}, {"import": 0, "export": 0, "id": "IT"}, {"import": 44000, "export": 0, "id": "ES"}, {"import": 0, "export": 0, "id": "US"}, {"import": 1125, "export": 0, "id": "UY"}, {"import": 0, "export": 0, "id": "BR"}, {"import": 0, "export": 0, "id": "-"}], "world_import": 45125, "world_export": 0}]