[{"date": "2019-01-01", "list": [{"import": 2291, "export": 0, "id": "US"}], "world_import": 2291, "world_export": 0}, {"date": "2019-03-01", "list": [{"import": 5455, "export": 0, "id": "US"}], "world_import": 5455, "world_export": 0}, {"date": "2019-04-01", "list": [{"import": 6000, "export": 0, "id": "US"}], "world_import": 6000, "world_export": 0}, {"date": "2019-05-01", "list": [{"import": 25172, "export": 0, "id": "US"}], "world_import": 25172, "world_export": 0}, {"date": "2019-06-01", "list": [{"import": 17633, "export": 0, "id": "US"}], "world_import": 17633, "world_export": 0}, {"date": "2019-07-01", "list": [{"import": 20789, "export": 0, "id": "US"}], "world_import": 20789, "world_export": 0}, {"date": "2019-08-01", "list": [{"import": 4765, "export": 0, "id": "US"}], "world_import": 4765, "world_export": 0}, {"date": "2019-09-01", "list": [{"import": 3413, "export": 0, "id": "US"}], "world_import": 3413, "world_export": 0}, {"date": "2019-10-01", "list": [{"import": 18352, "export": 0, "id": "US"}], "world_import": 18352, "world_export": 0}, {"date": "2019-11-01", "list": [{"import": 10715, "export": 0, "id": "US"}], "world_import": 10715, "world_export": 0}, {"date": "2020-01-01", "list": [{"import": 32883, "export": 0, "id": "US"}], "world_import": 32883, "world_export": 0}, {"date": "2020-02-01", "list": [{"import": 15161, "export": 0, "id": "US"}], "world_import": 15161, "world_export": 0}, {"date": "2020-03-01", "list": [{"import": 12058, "export": 0, "id": "US"}], "world_import": 12058, "world_export": 0}, {"date": "2020-04-01", "list": [{"import": 15956, "export": 0, "id": "US"}], "world_import": 15956, "world_export": 0}, {"date": "2020-05-01", "list": [{"import": 27664, "export": 0, "id": "US"}], "world_import": 27664, "world_export": 0}, {"date": "2020-06-01", "list": [{"import": 11082, "export": 0, "id": "US"}], "world_import": 11082, "world_export": 0}]