[{"date": "2019-01-01", "list": [{"import": 216855, "export": 0, "id": "KZ"}], "world_import": 216855, "world_export": 0}, {"date": "2019-02-01", "list": [{"import": 168000, "export": 0, "id": "KZ"}], "world_import": 168000, "world_export": 0}, {"date": "2019-03-01", "list": [{"import": 51000, "export": 0, "id": "KZ"}], "world_import": 51000, "world_export": 0}, {"date": "2019-04-01", "list": [{"import": 68000, "export": 0, "id": "KZ"}], "world_import": 68000, "world_export": 0}, {"date": "2020-01-01", "list": [{"import": 102400, "export": 0, "id": "KZ"}], "world_import": 102400, "world_export": 0}, {"date": "2020-02-01", "list": [{"import": 283965, "export": 0, "id": "KZ"}], "world_import": 283965, "world_export": 0}, {"date": "2020-03-01", "list": [{"import": 533000, "export": 0, "id": "KZ"}], "world_import": 533000, "world_export": 0}, {"date": "2020-04-01", "list": [{"import": 179148, "export": 0, "id": "KZ"}], "world_import": 179148, "world_export": 0}, {"date": "2020-05-01", "list": [{"import": 134361, "export": 0, "id": "KZ"}], "world_import": 134361, "world_export": 0}, {"date": "2020-06-01", "list": [{"import": 67181, "export": 0, "id": "KZ"}], "world_import": 67181, "world_export": 0}]