[{"date": "2008-05-01", "list": [{"import": 0, "export": 0, "id": "IN"}, {"import": 0, "export": 0, "id": "VN"}, {"import": 0, "export": 0, "id": "TH"}, {"import": 0, "export": 0, "id": "AE"}, {"import": 0, "export": 0, "id": "EG"}, {"import": 0, "export": 0, "id": "CN"}, {"import": 0, "export": 0, "id": "PK"}, {"import": 0, "export": 0, "id": "RU"}], "world_import": 0, "world_export": 0}, {"date": "2008-06-01", "list": [{"import": 0, "export": 0, "id": "IN"}, {"import": 0, "export": 0, "id": "VN"}, {"import": 0, "export": 0, "id": "TH"}, {"import": 0, "export": 0, "id": "AE"}, {"import": 338559, "export": 0, "id": "EG"}, {"import": 0, "export": 0, "id": "CN"}, {"import": 0, "export": 0, "id": "PK"}, {"import": 0, "export": 0, "id": "RU"}], "world_import": 338559, "world_export": 0}, {"date": "2008-07-01", "list": [{"import": 1736, "export": 0, "id": "IN"}, {"import": 0, "export": 0, "id": "VN"}, {"import": 0, "export": 0, "id": "TH"}, {"import": 0, "export": 0, "id": "AE"}, {"import": 0, "export": 0, "id": "EG"}, {"import": 0, "export": 0, "id": "CN"}, {"import": 0, "export": 0, "id": "PK"}, {"import": 0, "export": 0, "id": "RU"}], "world_import": 1736, "world_export": 0}, {"date": "2008-08-01", "list": [{"import": 2830, "export": 0, "id": "IN"}, {"import": 0, "export": 0, "id": "VN"}, {"import": 0, "export": 0, "id": "TH"}, {"import": 0, "export": 0, "id": "AE"}, {"import": 0, "export": 0, "id": "EG"}, {"import": 0, "export": 0, "id": "CN"}, {"import": 0, "export": 0, "id": "PK"}, {"import": 0, "export": 0, "id": "RU"}], "world_import": 2830, "world_export": 0}, {"date": "2008-09-01", "list": [{"import": 0, "export": 0, "id": "IN"}, {"import": 0, "export": 0, "id": "VN"}, {"import": 0, "export": 0, "id": "TH"}, {"import": 0, "export": 0, "id": "AE"}, {"import": 0, "export": 0, "id": "EG"}, {"import": 0, "export": 0, "id": "CN"}, {"import": 0, "export": 0, "id": "PK"}, {"import": 0, "export": 0, "id": "RU"}], "world_import": 0, "world_export": 0}, {"date": "2008-10-01", "list": [{"import": 0, "export": 0, "id": "IN"}, {"import": 0, "export": 0, "id": "VN"}, {"import": 0, "export": 0, "id": "TH"}, {"import": 830, "export": 0, "id": "AE"}, {"import": 0, "export": 0, "id": "EG"}, {"import": 0, "export": 0, "id": "CN"}, {"import": 0, "export": 0, "id": "PK"}, {"import": 0, "export": 0, "id": "RU"}], "world_import": 830, "world_export": 0}, {"date": "2008-11-01", "list": [{"import": 0, "export": 0, "id": "IN"}, {"import": 0, "export": 0, "id": "VN"}, {"import": 300000, "export": 0, "id": "TH"}, {"import": 0, "export": 0, "id": "AE"}, {"import": 0, "export": 0, "id": "EG"}, {"import": 0, "export": 0, "id": "CN"}, {"import": 2850, "export": 0, "id": "PK"}, {"import": 0, "export": 0, "id": "RU"}], "world_import": 302850, "world_export": 0}, {"date": "2008-12-01", "list": [{"import": 3680, "export": 0, "id": "IN"}, {"import": 0, "export": 0, "id": "VN"}, {"import": 668000, "export": 0, "id": "TH"}, {"import": 0, "export": 0, "id": "AE"}, {"import": 0, "export": 0, "id": "EG"}, {"import": 0, "export": 0, "id": "CN"}, {"import": 0, "export": 0, "id": "PK"}, {"import": 20664, "export": 0, "id": "RU"}], "world_import": 692344, "world_export": 0}, {"date": "2009-01-01", "list": [{"import": 0, "export": 0, "id": "IN"}, {"import": 0, "export": 0, "id": "VN"}, {"import": 322000, "export": 0, "id": "TH"}, {"import": 0, "export": 0, "id": "AE"}, {"import": 0, "export": 0, "id": "EG"}, {"import": 0, "export": 0, "id": "CN"}, {"import": 0, "export": 0, "id": "PK"}, {"import": 0, "export": 0, "id": "RU"}], "world_import": 322000, "world_export": 0}, {"date": "2009-02-01", "list": [{"import": 3265, "export": 0, "id": "IN"}, {"import": 0, "export": 0, "id": "VN"}, {"import": 0, "export": 0, "id": "TH"}, {"import": 1205, "export": 0, "id": "AE"}, {"import": 0, "export": 0, "id": "EG"}, {"import": 0, "export": 0, "id": "CN"}, {"import": 0, "export": 0, "id": "PK"}, {"import": 0, "export": 0, "id": "RU"}], "world_import": 4470, "world_export": 0}, {"date": "2009-03-01", "list": [{"import": 0, "export": 0, "id": "IN"}, {"import": 50000, "export": 0, "id": "VN"}, {"import": 0, "export": 0, "id": "TH"}, {"import": 0, "export": 0, "id": "AE"}, {"import": 0, "export": 0, "id": "EG"}, {"import": 0, "export": 0, "id": "CN"}, {"import": 0, "export": 0, "id": "PK"}, {"import": 0, "export": 0, "id": "RU"}], "world_import": 50000, "world_export": 0}, {"date": "2009-04-01", "list": [{"import": 1870, "export": 0, "id": "IN"}, {"import": 0, "export": 0, "id": "VN"}, {"import": 0, "export": 0, "id": "TH"}, {"import": 0, "export": 0, "id": "AE"}, {"import": 0, "export": 0, "id": "EG"}, {"import": 0, "export": 0, "id": "CN"}, {"import": 0, "export": 0, "id": "PK"}, {"import": 1727, "export": 0, "id": "RU"}], "world_import": 3597, "world_export": 0}, {"date": "2009-05-01", "list": [{"import": 57200, "export": 0, "id": "IN"}, {"import": 0, "export": 0, "id": "VN"}, {"import": 0, "export": 0, "id": "TH"}, {"import": 0, "export": 0, "id": "AE"}, {"import": 0, "export": 0, "id": "EG"}, {"import": 200000, "export": 0, "id": "CN"}, {"import": 0, "export": 0, "id": "PK"}, {"import": 1578, "export": 0, "id": "RU"}], "world_import": 258778, "world_export": 0}, {"date": "2009-06-01", "list": [{"import": 60698, "export": 0, "id": "IN"}, {"import": 0, "export": 0, "id": "VN"}, {"import": 0, "export": 0, "id": "TH"}, {"import": 0, "export": 0, "id": "AE"}, {"import": 0, "export": 0, "id": "EG"}, {"import": 0, "export": 0, "id": "CN"}, {"import": 0, "export": 0, "id": "PK"}, {"import": 0, "export": 0, "id": "RU"}], "world_import": 60698, "world_export": 0}, {"date": "2009-07-01", "list": [{"import": 0, "export": 0, "id": "IN"}, {"import": 0, "export": 0, "id": "VN"}, {"import": 0, "export": 0, "id": "TH"}, {"import": 0, "export": 0, "id": "AE"}, {"import": 0, "export": 0, "id": "EG"}, {"import": 0, "export": 0, "id": "CN"}, {"import": 0, "export": 0, "id": "PK"}, {"import": 0, "export": 0, "id": "RU"}], "world_import": 0, "world_export": 0}, {"date": "2009-08-01", "list": [{"import": 0, "export": 0, "id": "IN"}, {"import": 0, "export": 0, "id": "VN"}, {"import": 1957, "export": 0, "id": "TH"}, {"import": 0, "export": 0, "id": "AE"}, {"import": 0, "export": 0, "id": "EG"}, {"import": 0, "export": 0, "id": "CN"}, {"import": 0, "export": 0, "id": "PK"}, {"import": 0, "export": 0, "id": "RU"}], "world_import": 1957, "world_export": 0}, {"date": "2009-09-01", "list": [{"import": 0, "export": 0, "id": "IN"}, {"import": 0, "export": 0, "id": "VN"}, {"import": 0, "export": 0, "id": "TH"}, {"import": 0, "export": 0, "id": "AE"}, {"import": 0, "export": 0, "id": "EG"}, {"import": 0, "export": 0, "id": "CN"}, {"import": 0, "export": 0, "id": "PK"}, {"import": 5436, "export": 0, "id": "RU"}], "world_import": 5436, "world_export": 0}, {"date": "2009-10-01", "list": [{"import": 0, "export": 0, "id": "IN"}, {"import": 0, "export": 0, "id": "VN"}, {"import": 0, "export": 0, "id": "TH"}, {"import": 0, "export": 0, "id": "AE"}, {"import": 0, "export": 0, "id": "EG"}, {"import": 0, "export": 0, "id": "CN"}, {"import": 2409, "export": 0, "id": "PK"}, {"import": 0, "export": 0, "id": "RU"}], "world_import": 2409, "world_export": 0}]