[{"date": "2019-04-01", "list": [{"import": 75000, "export": 0, "id": "TZ"}, {"import": 0, "export": 0, "id": "IN"}, {"import": 0, "export": 0, "id": "CD"}, {"import": 0, "export": 0, "id": "SS"}, {"import": 0, "export": 0, "id": "UG"}], "world_import": 75000, "world_export": 0}, {"date": "2019-05-01", "list": [{"import": 0, "export": 0, "id": "TZ"}, {"import": 0, "export": 0, "id": "IN"}, {"import": 0, "export": 0, "id": "CD"}, {"import": 0, "export": 0, "id": "SS"}, {"import": 0, "export": 0, "id": "UG"}], "world_import": 0, "world_export": 0}, {"date": "2019-06-01", "list": [{"import": 375000, "export": 0, "id": "TZ"}, {"import": 0, "export": 0, "id": "IN"}, {"import": 0, "export": 0, "id": "CD"}, {"import": 0, "export": 0, "id": "SS"}, {"import": 0, "export": 0, "id": "UG"}], "world_import": 375000, "world_export": 0}, {"date": "2019-07-01", "list": [{"import": 0, "export": 0, "id": "TZ"}, {"import": 0, "export": 0, "id": "IN"}, {"import": 0, "export": 0, "id": "CD"}, {"import": 0, "export": 1325, "id": "SS"}, {"import": 0, "export": 0, "id": "UG"}], "world_import": 0, "world_export": 1325}, {"date": "2019-08-01", "list": [{"import": 0, "export": 0, "id": "TZ"}, {"import": 0, "export": 0, "id": "IN"}, {"import": 0, "export": 0, "id": "CD"}, {"import": 0, "export": 0, "id": "SS"}, {"import": 0, "export": 0, "id": "UG"}], "world_import": 0, "world_export": 0}, {"date": "2019-09-01", "list": [{"import": 0, "export": 0, "id": "TZ"}, {"import": 0, "export": 0, "id": "IN"}, {"import": 0, "export": 0, "id": "CD"}, {"import": 0, "export": 0, "id": "SS"}, {"import": 0, "export": 0, "id": "UG"}], "world_import": 0, "world_export": 0}, {"date": "2019-10-01", "list": [{"import": 0, "export": 0, "id": "TZ"}, {"import": 0, "export": 0, "id": "IN"}, {"import": 0, "export": 0, "id": "CD"}, {"import": 0, "export": 0, "id": "SS"}, {"import": 0, "export": 0, "id": "UG"}], "world_import": 0, "world_export": 0}, {"date": "2019-11-01", "list": [{"import": 302500, "export": 0, "id": "TZ"}, {"import": 0, "export": 0, "id": "IN"}, {"import": 0, "export": 0, "id": "CD"}, {"import": 0, "export": 0, "id": "SS"}, {"import": 0, "export": 0, "id": "UG"}], "world_import": 302500, "world_export": 0}, {"date": "2019-12-01", "list": [{"import": 150000, "export": 0, "id": "TZ"}, {"import": 5010, "export": 0, "id": "IN"}, {"import": 0, "export": 14400, "id": "CD"}, {"import": 0, "export": 0, "id": "SS"}, {"import": 0, "export": 0, "id": "UG"}], "world_import": 155010, "world_export": 14400}, {"date": "2020-01-01", "list": [{"import": 0, "export": 0, "id": "TZ"}, {"import": 0, "export": 0, "id": "IN"}, {"import": 0, "export": 0, "id": "CD"}, {"import": 0, "export": 0, "id": "SS"}, {"import": 0, "export": 0, "id": "UG"}], "world_import": 0, "world_export": 0}, {"date": "2018-08-01", "list": [{"import": 0, "export": 0, "id": "CD"}, {"import": 0, "export": 0, "id": "SS"}, {"import": 0, "export": 0, "id": "UG"}], "world_import": 0, "world_export": 0}, {"date": "2018-09-01", "list": [{"import": 0, "export": 0, "id": "CD"}, {"import": 0, "export": 0, "id": "SS"}, {"import": 0, "export": 3510000, "id": "UG"}], "world_import": 0, "world_export": 3510000}, {"date": "2018-10-01", "list": [{"import": 0, "export": 0, "id": "CD"}, {"import": 0, "export": 0, "id": "SS"}, {"import": 0, "export": 0, "id": "UG"}], "world_import": 0, "world_export": 0}, {"date": "2018-11-01", "list": [{"import": 0, "export": 0, "id": "CD"}, {"import": 0, "export": 0, "id": "SS"}, {"import": 0, "export": 1800000, "id": "UG"}], "world_import": 0, "world_export": 1800000}, {"date": "2018-12-01", "list": [{"import": 0, "export": 0, "id": "CD"}, {"import": 0, "export": 0, "id": "SS"}, {"import": 0, "export": 0, "id": "UG"}], "world_import": 0, "world_export": 0}, {"date": "2019-01-01", "list": [{"import": 0, "export": 0, "id": "CD"}, {"import": 0, "export": 0, "id": "SS"}, {"import": 0, "export": 0, "id": "UG"}], "world_import": 0, "world_export": 0}, {"date": "2019-02-01", "list": [{"import": 0, "export": 0, "id": "CD"}, {"import": 0, "export": 0, "id": "SS"}, {"import": 0, "export": 0, "id": "UG"}], "world_import": 0, "world_export": 0}, {"date": "2019-03-01", "list": [{"import": 0, "export": 0, "id": "CD"}, {"import": 0, "export": 0, "id": "SS"}, {"import": 0, "export": 0, "id": "UG"}], "world_import": 0, "world_export": 0}]