[{"date": "2020-02-01", "list": [{"import": 1, "export": 0, "id": "SG"}, {"import": 0, "export": 10000, "id": "US"}, {"import": 0, "export": 20000, "id": "IT"}], "world_import": 1, "world_export": 30000}, {"date": "2019-03-01", "list": [{"import": 480, "export": 0, "id": "TH"}], "world_import": 480, "world_export": 0}, {"date": "2019-07-01", "list": [{"import": 456, "export": 0, "id": "TH"}], "world_import": 456, "world_export": 0}, {"date": "2019-02-01", "list": [{"import": 0, "export": 1275, "id": "US"}, {"import": 0, "export": 3, "id": "DE"}], "world_import": 0, "world_export": 1278}, {"date": "2020-04-01", "list": [{"import": 0, "export": 26163, "id": "US"}, {"import": 0, "export": 1, "id": "DE"}, {"import": 0, "export": 65500, "id": "IT"}, {"import": 0, "export": 3470, "id": "PT"}], "world_import": 0, "world_export": 95134}, {"date": "2020-07-01", "list": [{"import": 0, "export": 26163, "id": "US"}, {"import": 0, "export": 500, "id": "BH"}, {"import": 0, "export": 40000, "id": "IT"}], "world_import": 0, "world_export": 66663}, {"date": "2019-06-01", "list": [{"import": 0, "export": 2000, "id": "BH"}, {"import": 0, "export": 8, "id": "CA"}, {"import": 0, "export": 1, "id": "DE"}], "world_import": 0, "world_export": 2009}, {"date": "2018-12-01", "list": [{"import": 0, "export": 5, "id": "CA"}], "world_import": 0, "world_export": 5}, {"date": "2019-05-01", "list": [{"import": 0, "export": 8, "id": "CA"}], "world_import": 0, "world_export": 8}, {"date": "2020-01-01", "list": [{"import": 0, "export": 9, "id": "CA"}, {"import": 0, "export": 1, "id": "DE"}], "world_import": 0, "world_export": 10}, {"date": "2020-06-01", "list": [{"import": 0, "export": 6, "id": "CA"}], "world_import": 0, "world_export": 6}, {"date": "Unnamed: 22-01", "list": [{"import": 0, "export": 14, "id": "CA"}, {"import": 0, "export": 3, "id": "DE"}, {"import": 0, "export": 3100, "id": "PT"}], "world_import": 0, "world_export": 3117}, {"date": "2019-11-01", "list": [{"import": 0, "export": 3700, "id": "FI"}, {"import": 0, "export": 2477, "id": "ZA"}], "world_import": 0, "world_export": 6177}, {"date": "2020-03-01", "list": [{"import": 0, "export": 21000, "id": "IT"}], "world_import": 0, "world_export": 21000}, {"date": "2019-09-01", "list": [{"import": 0, "export": 720, "id": "GB"}], "world_import": 0, "world_export": 720}]