[{"date": "2018-05-01", "list": [{"import": 0, "export": 0, "id": "US"}, {"import": 441, "export": 0, "id": "CN"}, {"import": 0, "export": 0, "id": "FR"}, {"import": 2749, "export": 0, "id": "GY"}, {"import": 0, "export": 0, "id": "VN"}], "world_import": 3190, "world_export": 0}, {"date": "2018-06-01", "list": [{"import": 0, "export": 0, "id": "US"}, {"import": 0, "export": 0, "id": "CN"}, {"import": 0, "export": 0, "id": "FR"}, {"import": 0, "export": 0, "id": "GY"}, {"import": 0, "export": 0, "id": "VN"}], "world_import": 0, "world_export": 0}, {"date": "2018-07-01", "list": [{"import": 0, "export": 0, "id": "US"}, {"import": 0, "export": 0, "id": "CN"}, {"import": 0, "export": 0, "id": "FR"}, {"import": 0, "export": 0, "id": "GY"}, {"import": 0, "export": 0, "id": "VN"}], "world_import": 0, "world_export": 0}, {"date": "2018-08-01", "list": [{"import": 501, "export": 0, "id": "US"}, {"import": 0, "export": 0, "id": "CN"}, {"import": 0, "export": 0, "id": "FR"}, {"import": 0, "export": 0, "id": "GY"}, {"import": 0, "export": 0, "id": "VN"}], "world_import": 501, "world_export": 0}, {"date": "2018-09-01", "list": [{"import": 0, "export": 0, "id": "US"}, {"import": 0, "export": 0, "id": "CN"}, {"import": 145, "export": 0, "id": "FR"}, {"import": 0, "export": 0, "id": "GY"}, {"import": 0, "export": 0, "id": "VN"}], "world_import": 145, "world_export": 0}, {"date": "2018-10-01", "list": [{"import": 0, "export": 0, "id": "US"}, {"import": 0, "export": 0, "id": "CN"}, {"import": 0, "export": 0, "id": "FR"}, {"import": 0, "export": 0, "id": "GY"}, {"import": 0, "export": 0, "id": "VN"}], "world_import": 0, "world_export": 0}, {"date": "2018-11-01", "list": [{"import": 600, "export": 0, "id": "US"}, {"import": 0, "export": 0, "id": "CN"}, {"import": 60, "export": 0, "id": "FR"}, {"import": 0, "export": 0, "id": "GY"}, {"import": 0, "export": 0, "id": "VN"}], "world_import": 660, "world_export": 0}, {"date": "2018-12-01", "list": [{"import": 24975, "export": 0, "id": "US"}, {"import": 0, "export": 0, "id": "CN"}, {"import": 800, "export": 0, "id": "FR"}, {"import": 0, "export": 0, "id": "GY"}, {"import": 0, "export": 0, "id": "VN"}], "world_import": 25775, "world_export": 0}, {"date": "2019-01-01", "list": [{"import": 0, "export": 0, "id": "US"}, {"import": 0, "export": 0, "id": "CN"}, {"import": 0, "export": 0, "id": "FR"}, {"import": 0, "export": 0, "id": "GY"}, {"import": 0, "export": 0, "id": "VN"}], "world_import": 0, "world_export": 0}, {"date": "2019-02-01", "list": [{"import": 500, "export": 0, "id": "US"}, {"import": 0, "export": 0, "id": "CN"}, {"import": 0, "export": 0, "id": "FR"}, {"import": 10000, "export": 0, "id": "GY"}, {"import": 0, "export": 0, "id": "VN"}], "world_import": 10500, "world_export": 0}, {"date": "2019-03-01", "list": [{"import": 0, "export": 0, "id": "US"}, {"import": 0, "export": 0, "id": "CN"}, {"import": 0, "export": 0, "id": "FR"}, {"import": 0, "export": 0, "id": "GY"}, {"import": 0, "export": 0, "id": "VN"}], "world_import": 0, "world_export": 0}, {"date": "2019-04-01", "list": [{"import": 0, "export": 0, "id": "US"}, {"import": 0, "export": 0, "id": "CN"}, {"import": 0, "export": 0, "id": "FR"}, {"import": 0, "export": 0, "id": "GY"}, {"import": 0, "export": 0, "id": "VN"}], "world_import": 0, "world_export": 0}, {"date": "2019-05-01", "list": [{"import": 0, "export": 0, "id": "US"}, {"import": 0, "export": 0, "id": "CN"}, {"import": 0, "export": 0, "id": "FR"}, {"import": 10000, "export": 0, "id": "GY"}, {"import": 0, "export": 0, "id": "VN"}], "world_import": 10000, "world_export": 0}, {"date": "2019-06-01", "list": [{"import": 0, "export": 0, "id": "US"}, {"import": 0, "export": 0, "id": "CN"}, {"import": 0, "export": 0, "id": "FR"}, {"import": 0, "export": 0, "id": "GY"}, {"import": 0, "export": 0, "id": "VN"}], "world_import": 0, "world_export": 0}, {"date": "2019-07-01", "list": [{"import": 829, "export": 0, "id": "US"}, {"import": 0, "export": 0, "id": "CN"}, {"import": 0, "export": 0, "id": "FR"}, {"import": 10000, "export": 0, "id": "GY"}, {"import": 0, "export": 0, "id": "VN"}], "world_import": 10829, "world_export": 0}, {"date": "2019-08-01", "list": [{"import": 0, "export": 0, "id": "US"}, {"import": 0, "export": 0, "id": "CN"}, {"import": 0, "export": 0, "id": "FR"}, {"import": 5333, "export": 0, "id": "GY"}, {"import": 0, "export": 0, "id": "VN"}], "world_import": 5333, "world_export": 0}, {"date": "2019-09-01", "list": [{"import": 100, "export": 0, "id": "US"}, {"import": 0, "export": 0, "id": "CN"}, {"import": 0, "export": 0, "id": "FR"}, {"import": 10000, "export": 0, "id": "GY"}, {"import": 0, "export": 0, "id": "VN"}], "world_import": 10100, "world_export": 0}, {"date": "2019-10-01", "list": [{"import": 0, "export": 0, "id": "US"}, {"import": 0, "export": 0, "id": "CN"}, {"import": 0, "export": 0, "id": "FR"}, {"import": 0, "export": 0, "id": "GY"}, {"import": 0, "export": 0, "id": "VN"}], "world_import": 0, "world_export": 0}]