[{"date": "2015-05-01", "list": [{"import": 133920, "export": 0, "id": "US"}, {"import": 8252, "export": 0, "id": "BR"}, {"import": 0, "export": 0, "id": "JP"}, {"import": 0, "export": 0, "id": "PA"}], "world_import": 142172, "world_export": 0}, {"date": "2015-06-01", "list": [{"import": 73324, "export": 0, "id": "US"}, {"import": 0, "export": 0, "id": "BR"}, {"import": 0, "export": 0, "id": "JP"}, {"import": 0, "export": 0, "id": "PA"}], "world_import": 73324, "world_export": 0}, {"date": "2015-07-01", "list": [{"import": 157544, "export": 0, "id": "US"}, {"import": 0, "export": 0, "id": "BR"}, {"import": 0, "export": 0, "id": "JP"}, {"import": 0, "export": 0, "id": "PA"}], "world_import": 157544, "world_export": 0}, {"date": "2015-09-01", "list": [{"import": 53769, "export": 0, "id": "US"}, {"import": 0, "export": 0, "id": "BR"}, {"import": 0, "export": 0, "id": "JP"}, {"import": 0, "export": 0, "id": "PA"}], "world_import": 53769, "world_export": 0}, {"date": "2015-10-01", "list": [{"import": 86505, "export": 0, "id": "US"}, {"import": 0, "export": 0, "id": "BR"}, {"import": 0, "export": 0, "id": "JP"}, {"import": 0, "export": 0, "id": "PA"}], "world_import": 86505, "world_export": 0}, {"date": "2015-11-01", "list": [{"import": 48293, "export": 0, "id": "US"}, {"import": 0, "export": 0, "id": "BR"}, {"import": 0, "export": 0, "id": "JP"}, {"import": 0, "export": 0, "id": "PA"}], "world_import": 48293, "world_export": 0}, {"date": "2015-12-01", "list": [{"import": 48314, "export": 0, "id": "US"}, {"import": 0, "export": 0, "id": "BR"}, {"import": 0, "export": 0, "id": "JP"}, {"import": 0, "export": 0, "id": "PA"}], "world_import": 48314, "world_export": 0}, {"date": "2016-01-01", "list": [{"import": 37120, "export": 0, "id": "US"}, {"import": 0, "export": 0, "id": "BR"}, {"import": 0, "export": 0, "id": "JP"}, {"import": 0, "export": 0, "id": "PA"}], "world_import": 37120, "world_export": 0}, {"date": "2016-02-01", "list": [{"import": 74425, "export": 0, "id": "US"}, {"import": 0, "export": 0, "id": "BR"}, {"import": 0, "export": 0, "id": "JP"}, {"import": 0, "export": 0, "id": "PA"}], "world_import": 74425, "world_export": 0}, {"date": "2016-03-01", "list": [{"import": 25307, "export": 0, "id": "US"}, {"import": 0, "export": 0, "id": "BR"}, {"import": 0, "export": 0, "id": "JP"}, {"import": 0, "export": 0, "id": "PA"}], "world_import": 25307, "world_export": 0}, {"date": "2016-04-01", "list": [{"import": 76892, "export": 0, "id": "US"}, {"import": 0, "export": 0, "id": "BR"}, {"import": 0, "export": 0, "id": "JP"}, {"import": 0, "export": 0, "id": "PA"}], "world_import": 76892, "world_export": 0}, {"date": "2016-05-01", "list": [{"import": 40646, "export": 0, "id": "US"}, {"import": 0, "export": 0, "id": "BR"}, {"import": 0, "export": 0, "id": "JP"}, {"import": 0, "export": 0, "id": "PA"}], "world_import": 40646, "world_export": 0}, {"date": "2016-06-01", "list": [{"import": 90847, "export": 0, "id": "US"}, {"import": 0, "export": 0, "id": "BR"}, {"import": 0, "export": 0, "id": "JP"}, {"import": 0, "export": 0, "id": "PA"}], "world_import": 90847, "world_export": 0}, {"date": "2016-07-01", "list": [{"import": 67844, "export": 0, "id": "US"}, {"import": 0, "export": 0, "id": "BR"}, {"import": 0, "export": 0, "id": "JP"}, {"import": 0, "export": 0, "id": "PA"}], "world_import": 67844, "world_export": 0}, {"date": "2016-08-01", "list": [{"import": 29809, "export": 0, "id": "US"}, {"import": 6720, "export": 0, "id": "BR"}, {"import": 0, "export": 0, "id": "JP"}, {"import": 0, "export": 0, "id": "PA"}], "world_import": 36529, "world_export": 0}, {"date": "2016-09-01", "list": [{"import": 58736, "export": 0, "id": "US"}, {"import": 0, "export": 0, "id": "BR"}, {"import": 0, "export": 0, "id": "JP"}, {"import": 0, "export": 0, "id": "PA"}], "world_import": 58736, "world_export": 0}, {"date": "2016-10-01", "list": [{"import": 42836, "export": 0, "id": "US"}, {"import": 0, "export": 0, "id": "BR"}, {"import": 0, "export": 0, "id": "JP"}, {"import": 0, "export": 0, "id": "PA"}], "world_import": 42836, "world_export": 0}, {"date": "2015-08-01", "list": [{"import": 0, "export": 0, "id": "BR"}, {"import": 0, "export": 0, "id": "JP"}, {"import": 0, "export": 0, "id": "PA"}], "world_import": 0, "world_export": 0}]