[{"date": "2011-05-01", "list": [{"import": 0, "export": 0, "id": "AE"}, {"import": 0, "export": 0, "id": "BR"}, {"import": 0, "export": 0, "id": "SN"}, {"import": 0, "export": 0, "id": "GN"}], "world_import": 0, "world_export": 0}, {"date": "2011-06-01", "list": [{"import": 0, "export": 0, "id": "AE"}, {"import": 0, "export": 0, "id": "BR"}, {"import": 880, "export": 0, "id": "SN"}, {"import": 0, "export": 0, "id": "GN"}], "world_import": 880, "world_export": 0}, {"date": "2011-07-01", "list": [{"import": 0, "export": 0, "id": "AE"}, {"import": 0, "export": 0, "id": "BR"}, {"import": 0, "export": 0, "id": "SN"}, {"import": 0, "export": 0, "id": "GN"}], "world_import": 0, "world_export": 0}, {"date": "2011-08-01", "list": [{"import": 0, "export": 0, "id": "AE"}, {"import": 0, "export": 0, "id": "BR"}, {"import": 0, "export": 0, "id": "SN"}, {"import": 0, "export": 0, "id": "GN"}], "world_import": 0, "world_export": 0}, {"date": "2011-09-01", "list": [{"import": 0, "export": 0, "id": "AE"}, {"import": 0, "export": 0, "id": "BR"}, {"import": 0, "export": 0, "id": "SN"}, {"import": 0, "export": 0, "id": "GN"}], "world_import": 0, "world_export": 0}, {"date": "2011-10-01", "list": [{"import": 0, "export": 0, "id": "AE"}, {"import": 0, "export": 0, "id": "BR"}, {"import": 0, "export": 0, "id": "SN"}, {"import": 0, "export": 0, "id": "GN"}], "world_import": 0, "world_export": 0}, {"date": "2011-11-01", "list": [{"import": 0, "export": 0, "id": "AE"}, {"import": 0, "export": 0, "id": "BR"}, {"import": 20, "export": 0, "id": "SN"}, {"import": 0, "export": 0, "id": "GN"}], "world_import": 20, "world_export": 0}, {"date": "2011-12-01", "list": [{"import": 0, "export": 0, "id": "AE"}, {"import": 0, "export": 0, "id": "BR"}, {"import": 0, "export": 0, "id": "SN"}, {"import": 0, "export": 0, "id": "GN"}], "world_import": 0, "world_export": 0}, {"date": "2012-01-01", "list": [{"import": 0, "export": 0, "id": "AE"}, {"import": 0, "export": 0, "id": "BR"}, {"import": 0, "export": 0, "id": "SN"}, {"import": 0, "export": 0, "id": "GN"}], "world_import": 0, "world_export": 0}, {"date": "2012-02-01", "list": [{"import": 0, "export": 0, "id": "AE"}, {"import": 0, "export": 0, "id": "BR"}, {"import": 0, "export": 0, "id": "SN"}, {"import": 0, "export": 0, "id": "GN"}], "world_import": 0, "world_export": 0}, {"date": "2012-03-01", "list": [{"import": 0, "export": 0, "id": "AE"}, {"import": 0, "export": 0, "id": "BR"}, {"import": 0, "export": 0, "id": "SN"}, {"import": 0, "export": 0, "id": "GN"}], "world_import": 0, "world_export": 0}, {"date": "2012-04-01", "list": [{"import": 0, "export": 0, "id": "AE"}, {"import": 0, "export": 0, "id": "BR"}, {"import": 0, "export": 0, "id": "SN"}, {"import": 0, "export": 0, "id": "GN"}], "world_import": 0, "world_export": 0}, {"date": "2012-05-01", "list": [{"import": 0, "export": 0, "id": "AE"}, {"import": 0, "export": 0, "id": "BR"}, {"import": 0, "export": 0, "id": "SN"}, {"import": 0, "export": 9500, "id": "GN"}], "world_import": 0, "world_export": 9500}, {"date": "2012-06-01", "list": [{"import": 0, "export": 0, "id": "AE"}, {"import": 0, "export": 0, "id": "BR"}, {"import": 0, "export": 0, "id": "SN"}, {"import": 0, "export": 0, "id": "GN"}], "world_import": 0, "world_export": 0}, {"date": "2012-07-01", "list": [{"import": 0, "export": 0, "id": "AE"}, {"import": 0, "export": 0, "id": "BR"}, {"import": 0, "export": 0, "id": "SN"}, {"import": 0, "export": 0, "id": "GN"}], "world_import": 0, "world_export": 0}, {"date": "2012-08-01", "list": [{"import": 0, "export": 0, "id": "AE"}, {"import": 12090, "export": 0, "id": "BR"}, {"import": 0, "export": 0, "id": "SN"}, {"import": 0, "export": 0, "id": "GN"}], "world_import": 12090, "world_export": 0}, {"date": "2012-09-01", "list": [{"import": 0, "export": 0, "id": "AE"}, {"import": 0, "export": 0, "id": "BR"}, {"import": 0, "export": 0, "id": "SN"}, {"import": 0, "export": 0, "id": "GN"}], "world_import": 0, "world_export": 0}, {"date": "2012-10-01", "list": [{"import": 0, "export": 0, "id": "AE"}, {"import": 0, "export": 0, "id": "BR"}, {"import": 0, "export": 0, "id": "SN"}, {"import": 0, "export": 0, "id": "GN"}], "world_import": 0, "world_export": 0}]