[{"date": "2019-07-01", "list": [{"import": 1103, "export": 0, "id": "TH"}], "world_import": 1103, "world_export": 0}, {"date": "2019-08-01", "list": [{"import": 953, "export": 0, "id": "TH"}], "world_import": 953, "world_export": 0}, {"date": "2019-10-01", "list": [{"import": 1103, "export": 0, "id": "TH"}], "world_import": 1103, "world_export": 0}, {"date": "2019-11-01", "list": [{"import": 559, "export": 0, "id": "TH"}], "world_import": 559, "world_export": 0}, {"date": "2020-02-01", "list": [{"import": 817, "export": 0, "id": "TH"}], "world_import": 817, "world_export": 0}, {"date": "2020-03-01", "list": [{"import": 409, "export": 0, "id": "TH"}], "world_import": 409, "world_export": 0}, {"date": "2020-06-01", "list": [{"import": 409, "export": 0, "id": "TH"}], "world_import": 409, "world_export": 0}]