[{"date": "2019-11-01", "list": [{"import": 0, "export": 0, "id": "DE"}, {"import": 0, "export": 9440, "id": "NO"}, {"import": 0, "export": 5540, "id": "FR"}, {"import": 0, "export": 7970, "id": "NL"}, {"import": 0, "export": 1200, "id": "AU"}, {"import": 0, "export": 40, "id": "CA"}, {"import": 0, "export": 12000, "id": "AE"}, {"import": 0, "export": 8780, "id": "GB"}], "world_import": 0, "world_export": 44970}, {"date": "2019-01-01", "list": [{"import": 0, "export": 15, "id": "SG"}, {"import": 0, "export": 3030, "id": "CH"}, {"import": 0, "export": 500, "id": "FR"}, {"import": 0, "export": 4, "id": "DE"}, {"import": 0, "export": 3022, "id": "NL"}, {"import": 0, "export": 8600, "id": "BE"}, {"import": 0, "export": 15490, "id": "AE"}, {"import": 0, "export": 1000, "id": "GB"}], "world_import": 0, "world_export": 31661}, {"date": "2019-03-01", "list": [{"import": 0, "export": 8420, "id": "NO"}, {"import": 0, "export": 3150, "id": "CH"}, {"import": 0, "export": 2000, "id": "FR"}, {"import": 0, "export": 15, "id": "DE"}, {"import": 0, "export": 4650, "id": "NL"}], "world_import": 0, "world_export": 18235}, {"date": "2019-07-01", "list": [{"import": 0, "export": 20507, "id": "NO"}, {"import": 0, "export": 4860, "id": "CH"}, {"import": 0, "export": 7625, "id": "NL"}, {"import": 0, "export": 19, "id": "CA"}, {"import": 0, "export": 1168, "id": "CY"}, {"import": 0, "export": 7360, "id": "GB"}], "world_import": 0, "world_export": 41539}, {"date": "2020-03-01", "list": [{"import": 0, "export": 4840, "id": "NO"}, {"import": 0, "export": 400, "id": "FR"}, {"import": 0, "export": 228, "id": "NL"}, {"import": 0, "export": 8, "id": "CA"}, {"import": 0, "export": 1461, "id": "CY"}, {"import": 0, "export": 5680, "id": "GB"}, {"import": 0, "export": 3300, "id": "US"}], "world_import": 0, "world_export": 15917}, {"date": "2020-05-01", "list": [{"import": 0, "export": 17169, "id": "NO"}, {"import": 0, "export": 3225, "id": "CH"}, {"import": 0, "export": 5350, "id": "FR"}, {"import": 0, "export": 2, "id": "DE"}, {"import": 0, "export": 2241, "id": "NZ"}, {"import": 0, "export": 3, "id": "CA"}, {"import": 0, "export": 13444, "id": "AE"}, {"import": 0, "export": 13000, "id": "GB"}, {"import": 0, "export": 1886, "id": "US"}], "world_import": 0, "world_export": 56320}, {"date": "Unnamed: 26-01", "list": [{"import": 0, "export": 24106, "id": "NO"}, {"import": 0, "export": 2500, "id": "IT"}, {"import": 0, "export": 3850, "id": "BH"}, {"import": 0, "export": 12200, "id": "GB"}, {"import": 0, "export": 10, "id": "SG"}], "world_import": 0, "world_export": 42666}, {"date": "Unnamed: 30-01", "list": [{"import": 0, "export": 10149, "id": "NO"}, {"import": 0, "export": 330, "id": "CH"}, {"import": 0, "export": 4625, "id": "FR"}, {"import": 0, "export": 6, "id": "DE"}, {"import": 0, "export": 2800, "id": "CY"}, {"import": 0, "export": 816, "id": "US"}, {"import": 0, "export": 990, "id": "SE"}], "world_import": 0, "world_export": 19716}, {"date": "Unnamed: 36-01", "list": [{"import": 0, "export": 5584, "id": "NO"}, {"import": 0, "export": 3000, "id": "FR"}, {"import": 0, "export": 3, "id": "DE"}, {"import": 0, "export": 1328, "id": "US"}], "world_import": 0, "world_export": 9915}, {"date": "2019-06-01", "list": [{"import": 0, "export": 1201, "id": "CH"}, {"import": 0, "export": 3000, "id": "NL"}, {"import": 0, "export": 5200, "id": "BH"}, {"import": 0, "export": 5900, "id": "GB"}, {"import": 0, "export": 867, "id": "US"}], "world_import": 0, "world_export": 16168}, {"date": "2020-01-01", "list": [{"import": 0, "export": 3870, "id": "CH"}, {"import": 0, "export": 1500, "id": "FR"}, {"import": 0, "export": 4, "id": "DE"}, {"import": 0, "export": 2720, "id": "NL"}, {"import": 0, "export": 400, "id": "BH"}, {"import": 0, "export": 21, "id": "CA"}, {"import": 0, "export": 9060, "id": "GB"}], "world_import": 0, "world_export": 17575}, {"date": "2020-07-01", "list": [{"import": 0, "export": 2400, "id": "CH"}, {"import": 0, "export": 9060, "id": "FR"}, {"import": 0, "export": 3, "id": "DE"}, {"import": 0, "export": 649, "id": "NZ"}, {"import": 0, "export": 8965, "id": "GB"}, {"import": 0, "export": 2000, "id": "US"}, {"import": 0, "export": 920, "id": "SE"}], "world_import": 0, "world_export": 23997}, {"date": "Unnamed: 22-01", "list": [{"import": 0, "export": 4125, "id": "CH"}, {"import": 0, "export": 10750, "id": "FR"}, {"import": 0, "export": 1, "id": "DE"}, {"import": 0, "export": 8970, "id": "NL"}, {"import": 0, "export": 500, "id": "BH"}, {"import": 0, "export": 16, "id": "CA"}, {"import": 0, "export": 2879, "id": "CY"}, {"import": 0, "export": 26440, "id": "GB"}], "world_import": 0, "world_export": 53681}, {"date": "Unnamed: 24-01", "list": [{"import": 0, "export": 735, "id": "CH"}, {"import": 0, "export": 4, "id": "DE"}, {"import": 0, "export": 5555, "id": "NL"}, {"import": 0, "export": 13, "id": "CA"}, {"import": 0, "export": 11680, "id": "GB"}, {"import": 0, "export": 3142, "id": "US"}], "world_import": 0, "world_export": 21129}, {"date": "Unnamed: 28-01", "list": [{"import": 0, "export": 3975, "id": "CH"}, {"import": 0, "export": 875, "id": "FR"}, {"import": 0, "export": 5600, "id": "NZ"}, {"import": 0, "export": 14, "id": "CA"}, {"import": 0, "export": 6000, "id": "GB"}, {"import": 0, "export": 3000, "id": "US"}], "world_import": 0, "world_export": 19464}, {"date": "Unnamed: 32-01", "list": [{"import": 0, "export": 3300, "id": "CH"}, {"import": 0, "export": 4, "id": "DE"}, {"import": 0, "export": 21, "id": "CA"}, {"import": 0, "export": 12000, "id": "GB"}], "world_import": 0, "world_export": 15325}, {"date": "Unnamed: 34-01", "list": [{"import": 0, "export": 4425, "id": "CH"}, {"import": 0, "export": 875, "id": "FR"}, {"import": 0, "export": 7, "id": "DE"}], "world_import": 0, "world_export": 5307}, {"date": "2019-05-01", "list": [{"import": 0, "export": 4500, "id": "FR"}, {"import": 0, "export": 2210, "id": "NL"}, {"import": 0, "export": 643, "id": "NZ"}, {"import": 0, "export": 1244, "id": "BH"}, {"import": 0, "export": 2980, "id": "GB"}, {"import": 0, "export": 527, "id": "US"}, {"import": 0, "export": 1235, "id": "SE"}], "world_import": 0, "world_export": 13339}, {"date": "2019-09-01", "list": [{"import": 0, "export": 1500, "id": "FR"}, {"import": 0, "export": 7, "id": "DE"}, {"import": 0, "export": 4650, "id": "NL"}, {"import": 0, "export": 4830, "id": "BE"}, {"import": 0, "export": 18, "id": "CA"}, {"import": 0, "export": 10146, "id": "AE"}, {"import": 0, "export": 7320, "id": "GB"}, {"import": 0, "export": 18, "id": "SG"}, {"import": 0, "export": 900, "id": "SE"}], "world_import": 0, "world_export": 29389}]