[{"date": "2018-10-01", "list": [{"import": 0, "export": 0, "id": "MM"}, {"import": 6264, "export": 424, "id": "-"}, {"import": 0, "export": 0, "id": "PK"}, {"import": 41520, "export": 354, "id": "IT"}, {"import": 8437, "export": 0, "id": "DE"}, {"import": 1000, "export": 0, "id": "PL"}, {"import": 0, "export": 0, "id": "SK"}, {"import": 0, "export": 0, "id": "NL"}, {"import": 0, "export": 0, "id": "FR"}, {"import": 0, "export": 0, "id": "BE"}, {"import": 0, "export": 0, "id": "BG"}, {"import": 0, "export": 786, "id": "SI"}, {"import": 0, "export": 0, "id": "HR"}, {"import": 0, "export": 392, "id": "BA"}, {"import": 0, "export": 919, "id": "RO"}, {"import": 0, "export": 1050, "id": "RS"}], "world_import": 57221, "world_export": 3925}, {"date": "2018-11-01", "list": [{"import": 0, "export": 0, "id": "MM"}, {"import": 6432, "export": 318, "id": "-"}, {"import": 0, "export": 0, "id": "PK"}, {"import": 8924, "export": 32, "id": "IT"}, {"import": 6800, "export": 0, "id": "DE"}, {"import": 1534, "export": 0, "id": "PL"}, {"import": 427, "export": 352, "id": "SK"}, {"import": 0, "export": 0, "id": "NL"}, {"import": 0, "export": 0, "id": "FR"}, {"import": 3000, "export": 0, "id": "BE"}, {"import": 0, "export": 328, "id": "BG"}, {"import": 0, "export": 595, "id": "SI"}, {"import": 0, "export": 0, "id": "HR"}, {"import": 0, "export": 412, "id": "BA"}, {"import": 0, "export": 815, "id": "RO"}, {"import": 0, "export": 0, "id": "RS"}], "world_import": 27117, "world_export": 2852}, {"date": "2018-12-01", "list": [{"import": 0, "export": 0, "id": "MM"}, {"import": 7200, "export": 212, "id": "-"}, {"import": 0, "export": 0, "id": "PK"}, {"import": 11684, "export": 0, "id": "IT"}, {"import": 2906, "export": 0, "id": "DE"}, {"import": 1273, "export": 0, "id": "PL"}, {"import": 302, "export": 180, "id": "SK"}, {"import": 2000, "export": 0, "id": "NL"}, {"import": 0, "export": 0, "id": "FR"}, {"import": 0, "export": 0, "id": "BE"}, {"import": 0, "export": 0, "id": "BG"}, {"import": 0, "export": 889, "id": "SI"}, {"import": 0, "export": 0, "id": "HR"}, {"import": 0, "export": 735, "id": "BA"}, {"import": 0, "export": 0, "id": "RO"}, {"import": 0, "export": 432, "id": "RS"}], "world_import": 25365, "world_export": 2448}, {"date": "2019-01-01", "list": [{"import": 0, "export": 0, "id": "MM"}, {"import": 8835, "export": 742, "id": "-"}, {"import": 0, "export": 0, "id": "PK"}, {"import": 9982, "export": 45, "id": "IT"}, {"import": 1389, "export": 0, "id": "DE"}, {"import": 1000, "export": 0, "id": "PL"}, {"import": 157, "export": 669, "id": "SK"}, {"import": 0, "export": 0, "id": "NL"}, {"import": 0, "export": 0, "id": "FR"}, {"import": 0, "export": 0, "id": "BE"}, {"import": 0, "export": 0, "id": "BG"}, {"import": 0, "export": 541, "id": "SI"}, {"import": 0, "export": 0, "id": "HR"}, {"import": 0, "export": 284, "id": "BA"}, {"import": 0, "export": 0, "id": "RO"}, {"import": 0, "export": 0, "id": "RS"}], "world_import": 21363, "world_export": 2281}, {"date": "2019-02-01", "list": [{"import": 0, "export": 0, "id": "MM"}, {"import": 7452, "export": 424, "id": "-"}, {"import": 0, "export": 0, "id": "PK"}, {"import": 2200, "export": 556, "id": "IT"}, {"import": 6065, "export": 0, "id": "DE"}, {"import": 0, "export": 0, "id": "PL"}, {"import": 165, "export": 341, "id": "SK"}, {"import": 0, "export": 0, "id": "NL"}, {"import": 0, "export": 0, "id": "FR"}, {"import": 0, "export": 0, "id": "BE"}, {"import": 0, "export": 381, "id": "BG"}, {"import": 0, "export": 471, "id": "SI"}, {"import": 0, "export": 0, "id": "HR"}, {"import": 0, "export": 0, "id": "BA"}, {"import": 0, "export": 579, "id": "RO"}, {"import": 0, "export": 0, "id": "RS"}], "world_import": 15882, "world_export": 2752}, {"date": "2019-03-01", "list": [{"import": 0, "export": 0, "id": "MM"}, {"import": 9656, "export": 212, "id": "-"}, {"import": 0, "export": 0, "id": "PK"}, {"import": 45070, "export": 85, "id": "IT"}, {"import": 17035, "export": 0, "id": "DE"}, {"import": 1000, "export": 0, "id": "PL"}, {"import": 123, "export": 341, "id": "SK"}, {"import": 3000, "export": 0, "id": "NL"}, {"import": 0, "export": 0, "id": "FR"}, {"import": 0, "export": 0, "id": "BE"}, {"import": 0, "export": 251, "id": "BG"}, {"import": 0, "export": 383, "id": "SI"}, {"import": 0, "export": 0, "id": "HR"}, {"import": 0, "export": 920, "id": "BA"}, {"import": 0, "export": 0, "id": "RO"}, {"import": 0, "export": 1067, "id": "RS"}], "world_import": 75884, "world_export": 3259}, {"date": "2019-04-01", "list": [{"import": 0, "export": 0, "id": "MM"}, {"import": 9312, "export": 318, "id": "-"}, {"import": 115000, "export": 0, "id": "PK"}, {"import": 11998, "export": 130, "id": "IT"}, {"import": 4914, "export": 0, "id": "DE"}, {"import": 0, "export": 0, "id": "PL"}, {"import": 205, "export": 1210, "id": "SK"}, {"import": 0, "export": 0, "id": "NL"}, {"import": 0, "export": 0, "id": "FR"}, {"import": 0, "export": 0, "id": "BE"}, {"import": 0, "export": 0, "id": "BG"}, {"import": 0, "export": 891, "id": "SI"}, {"import": 0, "export": 0, "id": "HR"}, {"import": 0, "export": 303, "id": "BA"}, {"import": 0, "export": 589, "id": "RO"}, {"import": 0, "export": 594, "id": "RS"}], "world_import": 141429, "world_export": 4035}, {"date": "2019-05-01", "list": [{"import": 0, "export": 0, "id": "MM"}, {"import": 9984, "export": 954, "id": "-"}, {"import": 8000, "export": 0, "id": "PK"}, {"import": 36092, "export": 191, "id": "IT"}, {"import": 7661, "export": 0, "id": "DE"}, {"import": 1500, "export": 0, "id": "PL"}, {"import": 387, "export": 512, "id": "SK"}, {"import": 0, "export": 0, "id": "NL"}, {"import": 0, "export": 0, "id": "FR"}, {"import": 0, "export": 0, "id": "BE"}, {"import": 0, "export": 0, "id": "BG"}, {"import": 0, "export": 595, "id": "SI"}, {"import": 0, "export": 0, "id": "HR"}, {"import": 0, "export": 284, "id": "BA"}, {"import": 0, "export": 438, "id": "RO"}, {"import": 0, "export": 1130, "id": "RS"}], "world_import": 63624, "world_export": 4104}, {"date": "2019-06-01", "list": [{"import": 0, "export": 0, "id": "MM"}, {"import": 5040, "export": 0, "id": "-"}, {"import": 0, "export": 0, "id": "PK"}, {"import": 22152, "export": 203, "id": "IT"}, {"import": 2917, "export": 0, "id": "DE"}, {"import": 0, "export": 0, "id": "PL"}, {"import": 410, "export": 0, "id": "SK"}, {"import": 0, "export": 0, "id": "NL"}, {"import": 0, "export": 0, "id": "FR"}, {"import": 0, "export": 0, "id": "BE"}, {"import": 0, "export": 316, "id": "BG"}, {"import": 0, "export": 0, "id": "SI"}, {"import": 0, "export": 0, "id": "HR"}, {"import": 0, "export": 413, "id": "BA"}, {"import": 0, "export": 0, "id": "RO"}, {"import": 0, "export": 697, "id": "RS"}], "world_import": 30519, "world_export": 1629}, {"date": "2019-07-01", "list": [{"import": 25000, "export": 0, "id": "MM"}, {"import": 14668, "export": 424, "id": "-"}, {"import": 0, "export": 0, "id": "PK"}, {"import": 29982, "export": 203, "id": "IT"}, {"import": 8524, "export": 0, "id": "DE"}, {"import": 0, "export": 0, "id": "PL"}, {"import": 223, "export": 269, "id": "SK"}, {"import": 0, "export": 0, "id": "NL"}, {"import": 0, "export": 0, "id": "FR"}, {"import": 0, "export": 0, "id": "BE"}, {"import": 0, "export": 0, "id": "BG"}, {"import": 0, "export": 318, "id": "SI"}, {"import": 0, "export": 775, "id": "HR"}, {"import": 0, "export": 284, "id": "BA"}, {"import": 0, "export": 0, "id": "RO"}, {"import": 0, "export": 896, "id": "RS"}], "world_import": 78397, "world_export": 3169}, {"date": "2019-08-01", "list": [{"import": 0, "export": 0, "id": "MM"}, {"import": 3456, "export": 424, "id": "-"}, {"import": 0, "export": 0, "id": "PK"}, {"import": 0, "export": 0, "id": "IT"}, {"import": 4402, "export": 0, "id": "DE"}, {"import": 0, "export": 0, "id": "PL"}, {"import": 176, "export": 354, "id": "SK"}, {"import": 0, "export": 0, "id": "NL"}, {"import": 0, "export": 0, "id": "FR"}, {"import": 0, "export": 0, "id": "BE"}, {"import": 0, "export": 0, "id": "BG"}, {"import": 0, "export": 994, "id": "SI"}, {"import": 0, "export": 0, "id": "HR"}, {"import": 0, "export": 392, "id": "BA"}, {"import": 0, "export": 0, "id": "RO"}, {"import": 0, "export": 478, "id": "RS"}], "world_import": 8034, "world_export": 2642}, {"date": "2019-09-01", "list": [{"import": 0, "export": 0, "id": "MM"}, {"import": 13500, "export": 318, "id": "-"}, {"import": 16000, "export": 0, "id": "PK"}, {"import": 19068, "export": 113, "id": "IT"}, {"import": 4642, "export": 0, "id": "DE"}, {"import": 1000, "export": 0, "id": "PL"}, {"import": 168, "export": 578, "id": "SK"}, {"import": 0, "export": 0, "id": "NL"}, {"import": 0, "export": 0, "id": "FR"}, {"import": 0, "export": 0, "id": "BE"}, {"import": 0, "export": 434, "id": "BG"}, {"import": 0, "export": 277, "id": "SI"}, {"import": 0, "export": 0, "id": "HR"}, {"import": 0, "export": 411, "id": "BA"}, {"import": 0, "export": 467, "id": "RO"}, {"import": 0, "export": 404, "id": "RS"}], "world_import": 54378, "world_export": 3002}, {"date": "2019-10-01", "list": [{"import": 0, "export": 0, "id": "MM"}, {"import": 6768, "export": 424, "id": "-"}, {"import": 0, "export": 0, "id": "PK"}, {"import": 10375, "export": 244, "id": "IT"}, {"import": 5486, "export": 0, "id": "DE"}, {"import": 2000, "export": 0, "id": "PL"}, {"import": 158, "export": 757, "id": "SK"}, {"import": 0, "export": 0, "id": "NL"}, {"import": 0, "export": 0, "id": "FR"}, {"import": 0, "export": 0, "id": "BE"}, {"import": 0, "export": 450, "id": "BG"}, {"import": 0, "export": 593, "id": "SI"}, {"import": 0, "export": 1700, "id": "HR"}, {"import": 0, "export": 372, "id": "BA"}, {"import": 0, "export": 880, "id": "RO"}, {"import": 0, "export": 453, "id": "RS"}], "world_import": 24787, "world_export": 5873}, {"date": "2019-11-01", "list": [{"import": 0, "export": 0, "id": "MM"}, {"import": 9576, "export": 742, "id": "-"}, {"import": 17000, "export": 0, "id": "PK"}, {"import": 9014, "export": 337, "id": "IT"}, {"import": 8222, "export": 0, "id": "DE"}, {"import": 0, "export": 0, "id": "PL"}, {"import": 130, "export": 256, "id": "SK"}, {"import": 0, "export": 0, "id": "NL"}, {"import": 0, "export": 0, "id": "FR"}, {"import": 0, "export": 0, "id": "BE"}, {"import": 0, "export": 0, "id": "BG"}, {"import": 0, "export": 1166, "id": "SI"}, {"import": 0, "export": 0, "id": "HR"}, {"import": 0, "export": 263, "id": "BA"}, {"import": 0, "export": 0, "id": "RO"}, {"import": 0, "export": 0, "id": "RS"}], "world_import": 43942, "world_export": 2764}, {"date": "2019-12-01", "list": [{"import": 0, "export": 0, "id": "MM"}, {"import": 4608, "export": 424, "id": "-"}, {"import": 0, "export": 0, "id": "PK"}, {"import": 10920, "export": 216, "id": "IT"}, {"import": 3196, "export": 0, "id": "DE"}, {"import": 1000, "export": 0, "id": "PL"}, {"import": 105, "export": 464, "id": "SK"}, {"import": 0, "export": 0, "id": "NL"}, {"import": 0, "export": 0, "id": "FR"}, {"import": 0, "export": 0, "id": "BE"}, {"import": 0, "export": 0, "id": "BG"}, {"import": 0, "export": 468, "id": "SI"}, {"import": 0, "export": 0, "id": "HR"}, {"import": 0, "export": 284, "id": "BA"}, {"import": 0, "export": 548, "id": "RO"}, {"import": 0, "export": 579, "id": "RS"}], "world_import": 19829, "world_export": 2983}, {"date": "2020-01-01", "list": [{"import": 0, "export": 0, "id": "MM"}, {"import": 9108, "export": 954, "id": "-"}, {"import": 0, "export": 0, "id": "PK"}, {"import": 14144, "export": 208, "id": "IT"}, {"import": 3830, "export": 0, "id": "DE"}, {"import": 1000, "export": 0, "id": "PL"}, {"import": 154, "export": 786, "id": "SK"}, {"import": 0, "export": 0, "id": "NL"}, {"import": 0, "export": 0, "id": "FR"}, {"import": 0, "export": 0, "id": "BE"}, {"import": 0, "export": 0, "id": "BG"}, {"import": 0, "export": 0, "id": "SI"}, {"import": 0, "export": 800, "id": "HR"}, {"import": 0, "export": 301, "id": "BA"}, {"import": 0, "export": 0, "id": "RO"}, {"import": 0, "export": 242, "id": "RS"}], "world_import": 28236, "world_export": 3291}, {"date": "2020-02-01", "list": [{"import": 0, "export": 0, "id": "MM"}, {"import": 14940, "export": 424, "id": "-"}, {"import": 0, "export": 0, "id": "PK"}, {"import": 22260, "export": 440, "id": "IT"}, {"import": 2783, "export": 0, "id": "DE"}, {"import": 2000, "export": 0, "id": "PL"}, {"import": 0, "export": 0, "id": "SK"}, {"import": 0, "export": 0, "id": "NL"}, {"import": 0, "export": 0, "id": "FR"}, {"import": 0, "export": 0, "id": "BE"}, {"import": 0, "export": 0, "id": "BG"}, {"import": 0, "export": 297, "id": "SI"}, {"import": 0, "export": 1629, "id": "HR"}, {"import": 0, "export": 275, "id": "BA"}, {"import": 0, "export": 0, "id": "RO"}, {"import": 0, "export": 962, "id": "RS"}], "world_import": 41983, "world_export": 4027}, {"date": "2020-03-01", "list": [{"import": 0, "export": 0, "id": "MM"}, {"import": 9576, "export": 0, "id": "-"}, {"import": 0, "export": 0, "id": "PK"}, {"import": 240, "export": 105, "id": "IT"}, {"import": 6840, "export": 0, "id": "DE"}, {"import": 0, "export": 0, "id": "PL"}, {"import": 373, "export": 341, "id": "SK"}, {"import": 0, "export": 0, "id": "NL"}, {"import": 408, "export": 0, "id": "FR"}, {"import": 0, "export": 0, "id": "BE"}, {"import": 0, "export": 0, "id": "BG"}, {"import": 0, "export": 398, "id": "SI"}, {"import": 0, "export": 1212, "id": "HR"}, {"import": 0, "export": 0, "id": "BA"}, {"import": 0, "export": 0, "id": "RO"}, {"import": 0, "export": 261, "id": "RS"}], "world_import": 17437, "world_export": 2317}]