[{"date": "2019-01-01", "list": [{"import": 500000, "export": 0, "id": "CN"}, {"import": 275430, "export": 0, "id": "TZ"}, {"import": 3241505, "export": 0, "id": "US"}, {"import": 1390, "export": 0, "id": "AE"}, {"import": 0, "export": 0, "id": "JP"}, {"import": 0, "export": 0, "id": "PK"}, {"import": 0, "export": 0, "id": "BE"}], "world_import": 4018325, "world_export": 0}, {"date": "2019-02-01", "list": [{"import": 0, "export": 0, "id": "CN"}, {"import": 272480, "export": 0, "id": "TZ"}, {"import": 0, "export": 0, "id": "US"}, {"import": 0, "export": 0, "id": "AE"}, {"import": 0, "export": 0, "id": "JP"}, {"import": 1297296, "export": 0, "id": "PK"}, {"import": 0, "export": 0, "id": "BE"}], "world_import": 1569776, "world_export": 0}, {"date": "2019-03-01", "list": [{"import": 0, "export": 0, "id": "CN"}, {"import": 567175, "export": 0, "id": "TZ"}, {"import": 0, "export": 0, "id": "US"}, {"import": 1148, "export": 0, "id": "AE"}, {"import": 0, "export": 0, "id": "JP"}, {"import": 0, "export": 0, "id": "PK"}, {"import": 0, "export": 0, "id": "BE"}], "world_import": 568323, "world_export": 0}, {"date": "2019-04-01", "list": [{"import": 1080000, "export": 0, "id": "CN"}, {"import": 214375, "export": 0, "id": "TZ"}, {"import": 0, "export": 0, "id": "US"}, {"import": 0, "export": 0, "id": "AE"}, {"import": 0, "export": 0, "id": "JP"}, {"import": 1250496, "export": 0, "id": "PK"}, {"import": 0, "export": 0, "id": "BE"}], "world_import": 2544871, "world_export": 0}, {"date": "2019-05-01", "list": [{"import": 0, "export": 0, "id": "CN"}, {"import": 396425, "export": 0, "id": "TZ"}, {"import": 39475, "export": 0, "id": "US"}, {"import": 916, "export": 0, "id": "AE"}, {"import": 200988, "export": 0, "id": "JP"}, {"import": 0, "export": 0, "id": "PK"}, {"import": 578, "export": 0, "id": "BE"}], "world_import": 638382, "world_export": 0}, {"date": "2019-06-01", "list": [{"import": 0, "export": 0, "id": "CN"}, {"import": 261180, "export": 0, "id": "TZ"}, {"import": 0, "export": 0, "id": "US"}, {"import": 0, "export": 0, "id": "AE"}, {"import": 0, "export": 0, "id": "JP"}, {"import": 0, "export": 0, "id": "PK"}, {"import": 0, "export": 0, "id": "BE"}], "world_import": 261180, "world_export": 0}, {"date": "2019-07-01", "list": [{"import": 1281000, "export": 0, "id": "CN"}, {"import": 265175, "export": 0, "id": "TZ"}, {"import": 0, "export": 0, "id": "US"}, {"import": 0, "export": 0, "id": "AE"}, {"import": 0, "export": 0, "id": "JP"}, {"import": 625248, "export": 0, "id": "PK"}, {"import": 0, "export": 0, "id": "BE"}], "world_import": 2171423, "world_export": 0}, {"date": "2019-08-01", "list": [{"import": 1683000, "export": 0, "id": "CN"}, {"import": 188560, "export": 0, "id": "TZ"}, {"import": 0, "export": 0, "id": "US"}, {"import": 342, "export": 0, "id": "AE"}, {"import": 0, "export": 0, "id": "JP"}, {"import": 0, "export": 0, "id": "PK"}, {"import": 0, "export": 0, "id": "BE"}], "world_import": 1871902, "world_export": 0}, {"date": "2019-09-01", "list": [{"import": 1080000, "export": 0, "id": "CN"}, {"import": 115350, "export": 0, "id": "TZ"}, {"import": 0, "export": 0, "id": "US"}, {"import": 2384, "export": 0, "id": "AE"}, {"import": 0, "export": 0, "id": "JP"}, {"import": 0, "export": 0, "id": "PK"}, {"import": 0, "export": 0, "id": "BE"}], "world_import": 1197734, "world_export": 0}, {"date": "2019-10-01", "list": [{"import": 0, "export": 0, "id": "CN"}, {"import": 124341, "export": 0, "id": "TZ"}, {"import": 0, "export": 0, "id": "US"}, {"import": 800, "export": 0, "id": "AE"}, {"import": 0, "export": 0, "id": "JP"}, {"import": 0, "export": 0, "id": "PK"}, {"import": 0, "export": 0, "id": "BE"}], "world_import": 125141, "world_export": 0}]