[{"date": "2013-05-01", "list": [{"import": 0, "export": 0, "id": "BE"}], "world_import": 0, "world_export": 0}, {"date": "2013-06-01", "list": [{"import": 900, "export": 0, "id": "BE"}], "world_import": 900, "world_export": 0}, {"date": "2013-07-01", "list": [{"import": 0, "export": 0, "id": "BE"}], "world_import": 0, "world_export": 0}, {"date": "2013-08-01", "list": [{"import": 0, "export": 0, "id": "BE"}], "world_import": 0, "world_export": 0}, {"date": "2013-09-01", "list": [{"import": 0, "export": 0, "id": "BE"}], "world_import": 0, "world_export": 0}, {"date": "2013-10-01", "list": [{"import": 0, "export": 0, "id": "BE"}], "world_import": 0, "world_export": 0}, {"date": "2013-11-01", "list": [{"import": 0, "export": 0, "id": "BE"}], "world_import": 0, "world_export": 0}, {"date": "2013-12-01", "list": [{"import": 0, "export": 0, "id": "BE"}], "world_import": 0, "world_export": 0}, {"date": "2014-01-01", "list": [{"import": 0, "export": 0, "id": "BE"}], "world_import": 0, "world_export": 0}, {"date": "2014-02-01", "list": [{"import": 320, "export": 0, "id": "BE"}], "world_import": 320, "world_export": 0}, {"date": "2014-03-01", "list": [{"import": 0, "export": 0, "id": "BE"}], "world_import": 0, "world_export": 0}, {"date": "2014-04-01", "list": [{"import": 0, "export": 0, "id": "BE"}], "world_import": 0, "world_export": 0}, {"date": "2014-05-01", "list": [{"import": 0, "export": 0, "id": "BE"}], "world_import": 0, "world_export": 0}, {"date": "2014-06-01", "list": [{"import": 599, "export": 0, "id": "BE"}], "world_import": 599, "world_export": 0}, {"date": "2014-07-01", "list": [{"import": 0, "export": 0, "id": "BE"}], "world_import": 0, "world_export": 0}, {"date": "2014-08-01", "list": [{"import": 0, "export": 0, "id": "BE"}], "world_import": 0, "world_export": 0}, {"date": "2014-09-01", "list": [{"import": 0, "export": 0, "id": "BE"}], "world_import": 0, "world_export": 0}, {"date": "2014-10-01", "list": [{"import": 400, "export": 0, "id": "BE"}], "world_import": 400, "world_export": 0}]