[{"date": "2019-01-01", "list": [{"import": 0, "export": 0, "id": "CL"}, {"import": 0, "export": 0, "id": "GT"}, {"import": 104130, "export": 0, "id": "PY"}, {"import": 0, "export": 0, "id": "VN"}, {"import": 0, "export": 0, "id": "TH"}, {"import": 0, "export": 0, "id": "US"}, {"import": 0, "export": 0, "id": "UY"}, {"import": 0, "export": 46000, "id": "NI"}], "world_import": 104130, "world_export": 46000}, {"date": "2019-02-01", "list": [{"import": 0, "export": 0, "id": "CL"}, {"import": 0, "export": 0, "id": "GT"}, {"import": 0, "export": 0, "id": "PY"}, {"import": 0, "export": 0, "id": "VN"}, {"import": 0, "export": 0, "id": "TH"}, {"import": 0, "export": 0, "id": "US"}, {"import": 0, "export": 0, "id": "UY"}, {"import": 0, "export": 0, "id": "NI"}], "world_import": 0, "world_export": 0}, {"date": "2019-03-01", "list": [{"import": 0, "export": 0, "id": "CL"}, {"import": 41454, "export": 0, "id": "GT"}, {"import": 0, "export": 0, "id": "PY"}, {"import": 0, "export": 0, "id": "VN"}, {"import": 0, "export": 0, "id": "TH"}, {"import": 0, "export": 0, "id": "US"}, {"import": 252000, "export": 0, "id": "UY"}, {"import": 0, "export": 0, "id": "NI"}], "world_import": 293454, "world_export": 0}, {"date": "2019-04-01", "list": [{"import": 0, "export": 0, "id": "CL"}, {"import": 0, "export": 0, "id": "GT"}, {"import": 0, "export": 0, "id": "PY"}, {"import": 0, "export": 0, "id": "VN"}, {"import": 0, "export": 0, "id": "TH"}, {"import": 0, "export": 0, "id": "US"}, {"import": 504000, "export": 0, "id": "UY"}, {"import": 0, "export": 0, "id": "NI"}], "world_import": 504000, "world_export": 0}, {"date": "2019-05-01", "list": [{"import": 308748, "export": 0, "id": "CL"}, {"import": 0, "export": 0, "id": "GT"}, {"import": 0, "export": 0, "id": "PY"}, {"import": 0, "export": 0, "id": "VN"}, {"import": 20766, "export": 0, "id": "TH"}, {"import": 40388, "export": 0, "id": "US"}, {"import": 617538, "export": 0, "id": "UY"}, {"import": 0, "export": 0, "id": "NI"}], "world_import": 987440, "world_export": 0}, {"date": "2019-06-01", "list": [{"import": 0, "export": 0, "id": "CL"}, {"import": 0, "export": 0, "id": "GT"}, {"import": 0, "export": 0, "id": "PY"}, {"import": 0, "export": 0, "id": "VN"}, {"import": 0, "export": 0, "id": "TH"}, {"import": 0, "export": 0, "id": "US"}, {"import": 533068, "export": 0, "id": "UY"}, {"import": 0, "export": 0, "id": "NI"}], "world_import": 533068, "world_export": 0}, {"date": "2019-07-01", "list": [{"import": 0, "export": 0, "id": "CL"}, {"import": 0, "export": 0, "id": "GT"}, {"import": 0, "export": 0, "id": "PY"}, {"import": 4384, "export": 0, "id": "VN"}, {"import": 20538, "export": 0, "id": "TH"}, {"import": 0, "export": 0, "id": "US"}, {"import": 0, "export": 0, "id": "UY"}, {"import": 0, "export": 0, "id": "NI"}], "world_import": 24922, "world_export": 0}, {"date": "2019-08-01", "list": [{"import": 0, "export": 0, "id": "CL"}, {"import": 0, "export": 0, "id": "GT"}, {"import": 0, "export": 0, "id": "PY"}, {"import": 0, "export": 0, "id": "VN"}, {"import": 0, "export": 0, "id": "TH"}, {"import": 0, "export": 0, "id": "US"}, {"import": 0, "export": 0, "id": "UY"}, {"import": 0, "export": 0, "id": "NI"}], "world_import": 0, "world_export": 0}, {"date": "2019-09-01", "list": [{"import": 0, "export": 0, "id": "CL"}, {"import": 0, "export": 0, "id": "GT"}, {"import": 0, "export": 0, "id": "PY"}, {"import": 0, "export": 0, "id": "VN"}, {"import": 0, "export": 0, "id": "TH"}, {"import": 0, "export": 0, "id": "US"}, {"import": 0, "export": 0, "id": "UY"}, {"import": 0, "export": 0, "id": "NI"}], "world_import": 0, "world_export": 0}, {"date": "2019-10-01", "list": [{"import": 0, "export": 0, "id": "CL"}, {"import": 0, "export": 0, "id": "GT"}, {"import": 0, "export": 0, "id": "PY"}, {"import": 0, "export": 0, "id": "VN"}, {"import": 0, "export": 0, "id": "TH"}, {"import": 0, "export": 0, "id": "US"}, {"import": 56148, "export": 0, "id": "UY"}, {"import": 0, "export": 0, "id": "NI"}], "world_import": 56148, "world_export": 0}, {"date": "2018-05-01", "list": [{"import": 0, "export": 0, "id": "NI"}], "world_import": 0, "world_export": 0}, {"date": "2018-06-01", "list": [{"import": 0, "export": 0, "id": "NI"}], "world_import": 0, "world_export": 0}, {"date": "2018-07-01", "list": [{"import": 0, "export": 0, "id": "NI"}], "world_import": 0, "world_export": 0}, {"date": "2018-08-01", "list": [{"import": 0, "export": 0, "id": "NI"}], "world_import": 0, "world_export": 0}, {"date": "2018-09-01", "list": [{"import": 0, "export": 0, "id": "NI"}], "world_import": 0, "world_export": 0}, {"date": "2018-10-01", "list": [{"import": 0, "export": 0, "id": "NI"}], "world_import": 0, "world_export": 0}, {"date": "2018-11-01", "list": [{"import": 0, "export": 0, "id": "NI"}], "world_import": 0, "world_export": 0}, {"date": "2018-12-01", "list": [{"import": 0, "export": 161000, "id": "NI"}], "world_import": 0, "world_export": 161000}]