[{"date": "2018-11-01", "list": [{"import": 0, "export": 0, "id": "DE"}, {"import": 0, "export": 0, "id": "GY"}, {"import": 0, "export": 0, "id": "HU"}, {"import": 0, "export": 533110, "id": "IT"}, {"import": 0, "export": 0, "id": "NL"}, {"import": 0, "export": 0, "id": "ES"}, {"import": 0, "export": 0, "id": "TR"}, {"import": 5, "export": 0, "id": "GB"}, {"import": 0, "export": 156910, "id": "BG"}, {"import": 0, "export": 0, "id": "RO"}, {"import": 0, "export": 100, "id": "CY"}, {"import": 0, "export": 0, "id": "BE"}, {"import": 0, "export": 0, "id": "-"}, {"import": 0, "export": 0, "id": "PL"}, {"import": 0, "export": 0, "id": "PT"}, {"import": 0, "export": 0, "id": "SE"}, {"import": 0, "export": 0, "id": "MK"}], "world_import": 5, "world_export": 690120}, {"date": "2018-12-01", "list": [{"import": 0, "export": 0, "id": "DE"}, {"import": 0, "export": 0, "id": "GY"}, {"import": 0, "export": 0, "id": "HU"}, {"import": 0, "export": 435450, "id": "IT"}, {"import": 0, "export": 0, "id": "NL"}, {"import": 0, "export": 0, "id": "ES"}, {"import": 0, "export": 0, "id": "TR"}, {"import": 0, "export": 0, "id": "GB"}, {"import": 0, "export": 730004, "id": "BG"}, {"import": 0, "export": 0, "id": "RO"}, {"import": 0, "export": 3384, "id": "CY"}, {"import": 0, "export": 0, "id": "BE"}, {"import": 0, "export": 7326750, "id": "-"}, {"import": 0, "export": 0, "id": "PL"}, {"import": 0, "export": 0, "id": "PT"}, {"import": 0, "export": 0, "id": "SE"}, {"import": 0, "export": 0, "id": "MK"}], "world_import": 0, "world_export": 8495588}, {"date": "2019-01-01", "list": [{"import": 0, "export": 0, "id": "DE"}, {"import": 0, "export": 0, "id": "GY"}, {"import": 0, "export": 0, "id": "HU"}, {"import": 990, "export": 740740, "id": "IT"}, {"import": 0, "export": 0, "id": "NL"}, {"import": 0, "export": 0, "id": "ES"}, {"import": 0, "export": 0, "id": "TR"}, {"import": 0, "export": 0, "id": "GB"}, {"import": 0, "export": 451116, "id": "BG"}, {"import": 0, "export": 0, "id": "RO"}, {"import": 0, "export": 2140, "id": "CY"}, {"import": 0, "export": 0, "id": "BE"}, {"import": 0, "export": 0, "id": "-"}, {"import": 0, "export": 0, "id": "PL"}, {"import": 0, "export": 0, "id": "PT"}, {"import": 0, "export": 0, "id": "SE"}, {"import": 0, "export": 0, "id": "MK"}], "world_import": 990, "world_export": 1193996}, {"date": "2019-02-01", "list": [{"import": 0, "export": 0, "id": "DE"}, {"import": 0, "export": 0, "id": "GY"}, {"import": 0, "export": 0, "id": "HU"}, {"import": 1234, "export": 972680, "id": "IT"}, {"import": 0, "export": 0, "id": "NL"}, {"import": 0, "export": 0, "id": "ES"}, {"import": 0, "export": 245100, "id": "TR"}, {"import": 1985, "export": 0, "id": "GB"}, {"import": 0, "export": 1384489, "id": "BG"}, {"import": 0, "export": 0, "id": "RO"}, {"import": 0, "export": 2770, "id": "CY"}, {"import": 0, "export": 0, "id": "BE"}, {"import": 0, "export": 0, "id": "-"}, {"import": 0, "export": 0, "id": "PL"}, {"import": 0, "export": 0, "id": "PT"}, {"import": 0, "export": 0, "id": "SE"}, {"import": 0, "export": 0, "id": "MK"}], "world_import": 3219, "world_export": 2605039}, {"date": "2019-03-01", "list": [{"import": 0, "export": 0, "id": "DE"}, {"import": 0, "export": 0, "id": "GY"}, {"import": 1000, "export": 0, "id": "HU"}, {"import": 3930, "export": 926300, "id": "IT"}, {"import": 0, "export": 0, "id": "NL"}, {"import": 0, "export": 0, "id": "ES"}, {"import": 0, "export": 2891510, "id": "TR"}, {"import": 0, "export": 0, "id": "GB"}, {"import": 0, "export": 2246503, "id": "BG"}, {"import": 0, "export": 264, "id": "RO"}, {"import": 0, "export": 3294, "id": "CY"}, {"import": 0, "export": 0, "id": "BE"}, {"import": 0, "export": 0, "id": "-"}, {"import": 0, "export": 0, "id": "PL"}, {"import": 0, "export": 0, "id": "PT"}, {"import": 0, "export": 0, "id": "SE"}, {"import": 0, "export": 0, "id": "MK"}], "world_import": 4930, "world_export": 6067871}, {"date": "2019-04-01", "list": [{"import": 0, "export": 0, "id": "DE"}, {"import": 0, "export": 0, "id": "GY"}, {"import": 0, "export": 0, "id": "HU"}, {"import": 352419, "export": 439081, "id": "IT"}, {"import": 0, "export": 0, "id": "NL"}, {"import": 0, "export": 0, "id": "ES"}, {"import": 0, "export": 4206600, "id": "TR"}, {"import": 0, "export": 0, "id": "GB"}, {"import": 0, "export": 1981935, "id": "BG"}, {"import": 0, "export": 0, "id": "RO"}, {"import": 0, "export": 2126, "id": "CY"}, {"import": 0, "export": 0, "id": "BE"}, {"import": 0, "export": 0, "id": "-"}, {"import": 0, "export": 0, "id": "PL"}, {"import": 0, "export": 24000, "id": "PT"}, {"import": 0, "export": 0, "id": "SE"}, {"import": 0, "export": 10000, "id": "MK"}], "world_import": 352419, "world_export": 6663742}, {"date": "2019-05-01", "list": [{"import": 800, "export": 54, "id": "DE"}, {"import": 0, "export": 0, "id": "GY"}, {"import": 0, "export": 0, "id": "HU"}, {"import": 34216, "export": 612490, "id": "IT"}, {"import": 0, "export": 0, "id": "NL"}, {"import": 0, "export": 0, "id": "ES"}, {"import": 5000, "export": 3403540, "id": "TR"}, {"import": 0, "export": 0, "id": "GB"}, {"import": 21437, "export": 492625, "id": "BG"}, {"import": 0, "export": 37500, "id": "RO"}, {"import": 0, "export": 110, "id": "CY"}, {"import": 0, "export": 0, "id": "BE"}, {"import": 0, "export": 0, "id": "-"}, {"import": 0, "export": 0, "id": "PL"}, {"import": 0, "export": 18750, "id": "PT"}, {"import": 0, "export": 0, "id": "SE"}, {"import": 0, "export": 0, "id": "MK"}], "world_import": 61453, "world_export": 4565069}, {"date": "2019-06-01", "list": [{"import": 0, "export": 0, "id": "DE"}, {"import": 0, "export": 0, "id": "GY"}, {"import": 0, "export": 0, "id": "HU"}, {"import": 600, "export": 244100, "id": "IT"}, {"import": 0, "export": 0, "id": "NL"}, {"import": 0, "export": 0, "id": "ES"}, {"import": 0, "export": 0, "id": "TR"}, {"import": 0, "export": 0, "id": "GB"}, {"import": 0, "export": 1591321, "id": "BG"}, {"import": 0, "export": 0, "id": "RO"}, {"import": 0, "export": 2124, "id": "CY"}, {"import": 0, "export": 0, "id": "BE"}, {"import": 0, "export": 0, "id": "-"}, {"import": 0, "export": 0, "id": "PL"}, {"import": 0, "export": 0, "id": "PT"}, {"import": 0, "export": 0, "id": "SE"}, {"import": 0, "export": 0, "id": "MK"}], "world_import": 600, "world_export": 1837545}, {"date": "2019-07-01", "list": [{"import": 1050, "export": 18, "id": "DE"}, {"import": 119302, "export": 0, "id": "GY"}, {"import": 0, "export": 0, "id": "HU"}, {"import": 4160, "export": 396640, "id": "IT"}, {"import": 0, "export": 0, "id": "NL"}, {"import": 0, "export": 0, "id": "ES"}, {"import": 0, "export": 0, "id": "TR"}, {"import": 0, "export": 0, "id": "GB"}, {"import": 0, "export": 864988, "id": "BG"}, {"import": 0, "export": 28030, "id": "RO"}, {"import": 0, "export": 0, "id": "CY"}, {"import": 0, "export": 0, "id": "BE"}, {"import": 0, "export": 0, "id": "-"}, {"import": 0, "export": 0, "id": "PL"}, {"import": 0, "export": 0, "id": "PT"}, {"import": 0, "export": 0, "id": "SE"}, {"import": 0, "export": 100000, "id": "MK"}], "world_import": 124512, "world_export": 1389676}, {"date": "2019-08-01", "list": [{"import": 0, "export": 0, "id": "DE"}, {"import": 0, "export": 0, "id": "GY"}, {"import": 0, "export": 0, "id": "HU"}, {"import": 6400, "export": 0, "id": "IT"}, {"import": 0, "export": 0, "id": "NL"}, {"import": 0, "export": 0, "id": "ES"}, {"import": 0, "export": 4528810, "id": "TR"}, {"import": 0, "export": 0, "id": "GB"}, {"import": 0, "export": 118492, "id": "BG"}, {"import": 0, "export": 0, "id": "RO"}, {"import": 0, "export": 5154, "id": "CY"}, {"import": 0, "export": 0, "id": "BE"}, {"import": 0, "export": 0, "id": "-"}, {"import": 0, "export": 0, "id": "PL"}, {"import": 0, "export": 0, "id": "PT"}, {"import": 0, "export": 0, "id": "SE"}, {"import": 0, "export": 0, "id": "MK"}], "world_import": 6400, "world_export": 4652456}, {"date": "2019-09-01", "list": [{"import": 0, "export": 0, "id": "DE"}, {"import": 0, "export": 0, "id": "GY"}, {"import": 0, "export": 0, "id": "HU"}, {"import": 4000, "export": 0, "id": "IT"}, {"import": 0, "export": 0, "id": "NL"}, {"import": 0, "export": 0, "id": "ES"}, {"import": 0, "export": 0, "id": "TR"}, {"import": 0, "export": 0, "id": "GB"}, {"import": 0, "export": 140690, "id": "BG"}, {"import": 0, "export": 0, "id": "RO"}, {"import": 0, "export": 1000, "id": "CY"}, {"import": 0, "export": 412630, "id": "BE"}, {"import": 0, "export": 0, "id": "-"}, {"import": 0, "export": 0, "id": "PL"}, {"import": 0, "export": 0, "id": "PT"}, {"import": 0, "export": 0, "id": "SE"}, {"import": 0, "export": 0, "id": "MK"}], "world_import": 4000, "world_export": 554320}, {"date": "2019-10-01", "list": [{"import": 0, "export": 0, "id": "DE"}, {"import": 0, "export": 0, "id": "GY"}, {"import": 0, "export": 0, "id": "HU"}, {"import": 0, "export": 541300, "id": "IT"}, {"import": 0, "export": 0, "id": "NL"}, {"import": 0, "export": 0, "id": "ES"}, {"import": 0, "export": 0, "id": "TR"}, {"import": 2725, "export": 0, "id": "GB"}, {"import": 0, "export": 286478, "id": "BG"}, {"import": 0, "export": 0, "id": "RO"}, {"import": 0, "export": 2428, "id": "CY"}, {"import": 0, "export": 0, "id": "BE"}, {"import": 0, "export": 0, "id": "-"}, {"import": 0, "export": 0, "id": "PL"}, {"import": 0, "export": 0, "id": "PT"}, {"import": 0, "export": 0, "id": "SE"}, {"import": 0, "export": 0, "id": "MK"}], "world_import": 2725, "world_export": 830206}, {"date": "2019-11-01", "list": [{"import": 0, "export": 0, "id": "DE"}, {"import": 0, "export": 0, "id": "GY"}, {"import": 0, "export": 0, "id": "HU"}, {"import": 1860, "export": 851400, "id": "IT"}, {"import": 0, "export": 0, "id": "NL"}, {"import": 0, "export": 0, "id": "ES"}, {"import": 0, "export": 3009480, "id": "TR"}, {"import": 0, "export": 0, "id": "GB"}, {"import": 0, "export": 735827, "id": "BG"}, {"import": 0, "export": 0, "id": "RO"}, {"import": 0, "export": 2192, "id": "CY"}, {"import": 0, "export": 0, "id": "BE"}, {"import": 0, "export": 0, "id": "-"}, {"import": 0, "export": 0, "id": "PL"}, {"import": 0, "export": 0, "id": "PT"}, {"import": 0, "export": 520, "id": "SE"}, {"import": 0, "export": 0, "id": "MK"}], "world_import": 1860, "world_export": 4599419}, {"date": "2019-12-01", "list": [{"import": 0, "export": 0, "id": "DE"}, {"import": 0, "export": 0, "id": "GY"}, {"import": 0, "export": 0, "id": "HU"}, {"import": 1500, "export": 468610, "id": "IT"}, {"import": 0, "export": 0, "id": "NL"}, {"import": 0, "export": 0, "id": "ES"}, {"import": 0, "export": 0, "id": "TR"}, {"import": 0, "export": 0, "id": "GB"}, {"import": 0, "export": 250299, "id": "BG"}, {"import": 0, "export": 0, "id": "RO"}, {"import": 0, "export": 1010, "id": "CY"}, {"import": 0, "export": 25100, "id": "BE"}, {"import": 0, "export": 0, "id": "-"}, {"import": 0, "export": 0, "id": "PL"}, {"import": 0, "export": 0, "id": "PT"}, {"import": 0, "export": 0, "id": "SE"}, {"import": 0, "export": 0, "id": "MK"}], "world_import": 1500, "world_export": 745019}, {"date": "2020-01-01", "list": [{"import": 0, "export": 0, "id": "DE"}, {"import": 0, "export": 0, "id": "GY"}, {"import": 0, "export": 0, "id": "HU"}, {"import": 2150, "export": 608890, "id": "IT"}, {"import": 0, "export": 0, "id": "NL"}, {"import": 23100, "export": 0, "id": "ES"}, {"import": 0, "export": 2714130, "id": "TR"}, {"import": 223, "export": 192, "id": "GB"}, {"import": 0, "export": 1808184, "id": "BG"}, {"import": 0, "export": 0, "id": "RO"}, {"import": 0, "export": 1896, "id": "CY"}, {"import": 0, "export": 0, "id": "BE"}, {"import": 0, "export": 0, "id": "-"}, {"import": 0, "export": 615, "id": "PL"}, {"import": 0, "export": 0, "id": "PT"}, {"import": 0, "export": 0, "id": "SE"}, {"import": 0, "export": 0, "id": "MK"}], "world_import": 25473, "world_export": 5133907}, {"date": "2020-02-01", "list": [{"import": 230, "export": 0, "id": "DE"}, {"import": 0, "export": 0, "id": "GY"}, {"import": 0, "export": 0, "id": "HU"}, {"import": 3230, "export": 864390, "id": "IT"}, {"import": 0, "export": 0, "id": "NL"}, {"import": 0, "export": 0, "id": "ES"}, {"import": 0, "export": 20252640, "id": "TR"}, {"import": 0, "export": 0, "id": "GB"}, {"import": 0, "export": 646596, "id": "BG"}, {"import": 0, "export": 0, "id": "RO"}, {"import": 0, "export": 0, "id": "CY"}, {"import": 0, "export": 0, "id": "BE"}, {"import": 0, "export": 0, "id": "-"}, {"import": 0, "export": 0, "id": "PL"}, {"import": 0, "export": 0, "id": "PT"}, {"import": 0, "export": 0, "id": "SE"}, {"import": 0, "export": 0, "id": "MK"}], "world_import": 3460, "world_export": 21763626}, {"date": "2020-03-01", "list": [{"import": 190, "export": 948, "id": "DE"}, {"import": 0, "export": 0, "id": "GY"}, {"import": 0, "export": 0, "id": "HU"}, {"import": 85500, "export": 390460, "id": "IT"}, {"import": 5021, "export": 0, "id": "NL"}, {"import": 0, "export": 0, "id": "ES"}, {"import": 0, "export": 5874410, "id": "TR"}, {"import": 0, "export": 0, "id": "GB"}, {"import": 8613, "export": 3228246, "id": "BG"}, {"import": 0, "export": 0, "id": "RO"}, {"import": 0, "export": 1558, "id": "CY"}, {"import": 0, "export": 75580, "id": "BE"}, {"import": 0, "export": 0, "id": "-"}, {"import": 0, "export": 0, "id": "PL"}, {"import": 0, "export": 0, "id": "PT"}, {"import": 0, "export": 0, "id": "SE"}, {"import": 0, "export": 0, "id": "MK"}], "world_import": 99324, "world_export": 9571202}, {"date": "2020-04-01", "list": [{"import": 0, "export": 0, "id": "DE"}, {"import": 0, "export": 0, "id": "GY"}, {"import": 0, "export": 0, "id": "HU"}, {"import": 197112, "export": 1013600, "id": "IT"}, {"import": 0, "export": 0, "id": "NL"}, {"import": 0, "export": 0, "id": "ES"}, {"import": 0, "export": 5910600, "id": "TR"}, {"import": 0, "export": 0, "id": "GB"}, {"import": 141528, "export": 2816949, "id": "BG"}, {"import": 0, "export": 0, "id": "RO"}, {"import": 0, "export": 284, "id": "CY"}, {"import": 0, "export": 50399, "id": "BE"}, {"import": 0, "export": 0, "id": "-"}, {"import": 0, "export": 0, "id": "PL"}, {"import": 0, "export": 0, "id": "PT"}, {"import": 0, "export": 0, "id": "SE"}, {"import": 0, "export": 0, "id": "MK"}], "world_import": 338640, "world_export": 9791832}]