[{"date": "2019-04-01", "list": [{"import": 229, "export": 0, "id": "FR"}, {"import": 994, "export": 0, "id": "RO"}, {"import": 989, "export": 0, "id": "RU"}], "world_import": 2212, "world_export": 0}, {"date": "2019-06-01", "list": [{"import": 167, "export": 0, "id": "FR"}, {"import": 749, "export": 0, "id": "RO"}], "world_import": 916, "world_export": 0}, {"date": "2019-09-01", "list": [{"import": 1128, "export": 0, "id": "IT"}, {"import": 1004, "export": 0, "id": "RO"}, {"import": 326, "export": 0, "id": "RU"}], "world_import": 2458, "world_export": 0}, {"date": "2020-05-01", "list": [{"import": 216, "export": 0, "id": "IT"}, {"import": 1011, "export": 0, "id": "PL"}, {"import": 2680, "export": 0, "id": "RO"}], "world_import": 3907, "world_export": 0}, {"date": "2019-02-01", "list": [{"import": 1232, "export": 0, "id": "RO"}, {"import": 420, "export": 0, "id": "RU"}], "world_import": 1652, "world_export": 0}, {"date": "2019-03-01", "list": [{"import": 1344, "export": 0, "id": "RO"}, {"import": 2408, "export": 0, "id": "RU"}], "world_import": 3752, "world_export": 0}, {"date": "2019-08-01", "list": [{"import": 1483, "export": 0, "id": "RO"}], "world_import": 1483, "world_export": 0}, {"date": "2019-10-01", "list": [{"import": 1686, "export": 0, "id": "RO"}, {"import": 844, "export": 0, "id": "RU"}], "world_import": 2530, "world_export": 0}, {"date": "2019-11-01", "list": [{"import": 1108, "export": 0, "id": "RO"}], "world_import": 1108, "world_export": 0}, {"date": "2019-12-01", "list": [{"import": 1726, "export": 0, "id": "RO"}], "world_import": 1726, "world_export": 0}, {"date": "2020-01-01", "list": [{"import": 1612, "export": 0, "id": "RO"}], "world_import": 1612, "world_export": 0}, {"date": "2020-02-01", "list": [{"import": 2131, "export": 0, "id": "RO"}], "world_import": 2131, "world_export": 0}, {"date": "2020-03-01", "list": [{"import": 1180, "export": 0, "id": "RO"}], "world_import": 1180, "world_export": 0}, {"date": "2020-04-01", "list": [{"import": 1658, "export": 0, "id": "RO"}], "world_import": 1658, "world_export": 0}, {"date": "2019-07-01", "list": [{"import": 2000, "export": 0, "id": "RU"}], "world_import": 2000, "world_export": 0}, {"date": "2020-06-01", "list": [{"import": 0, "export": 0, "id": "CA"}], "world_import": 0, "world_export": 0}]