[{"date": "2019-09-01", "list": [{"import": 69719, "export": 0, "id": "US"}], "world_import": 69719, "world_export": 0}, {"date": "2019-10-01", "list": [{"import": 46993, "export": 0, "id": "US"}], "world_import": 46993, "world_export": 0}, {"date": "2019-11-01", "list": [{"import": 93942, "export": 0, "id": "US"}], "world_import": 93942, "world_export": 0}, {"date": "2019-12-01", "list": [{"import": 79012, "export": 0, "id": "US"}], "world_import": 79012, "world_export": 0}, {"date": "2020-01-01", "list": [{"import": 43658, "export": 0, "id": "US"}], "world_import": 43658, "world_export": 0}, {"date": "2020-02-01", "list": [{"import": 69508, "export": 0, "id": "US"}], "world_import": 69508, "world_export": 0}, {"date": "2020-03-01", "list": [{"import": 328047, "export": 0, "id": "US"}], "world_import": 328047, "world_export": 0}, {"date": "2020-04-01", "list": [{"import": 289906, "export": 0, "id": "US"}], "world_import": 289906, "world_export": 0}, {"date": "2020-05-01", "list": [{"import": 4082, "export": 0, "id": "US"}], "world_import": 4082, "world_export": 0}, {"date": "2020-06-01", "list": [{"import": 14742, "export": 0, "id": "US"}], "world_import": 14742, "world_export": 0}]