[{"date": "2016-01-01", "list": [{"import": 773, "export": 0, "id": "ZA"}], "world_import": 773, "world_export": 0}, {"date": "2016-02-01", "list": [{"import": 759, "export": 0, "id": "ZA"}], "world_import": 759, "world_export": 0}, {"date": "2016-03-01", "list": [{"import": 620, "export": 0, "id": "ZA"}], "world_import": 620, "world_export": 0}, {"date": "2016-04-01", "list": [{"import": 2355, "export": 0, "id": "ZA"}], "world_import": 2355, "world_export": 0}, {"date": "2016-05-01", "list": [{"import": 958, "export": 0, "id": "ZA"}], "world_import": 958, "world_export": 0}, {"date": "2016-06-01", "list": [{"import": 1007, "export": 0, "id": "ZA"}], "world_import": 1007, "world_export": 0}, {"date": "2016-07-01", "list": [{"import": 14865, "export": 0, "id": "ZA"}], "world_import": 14865, "world_export": 0}, {"date": "2016-08-01", "list": [{"import": 9657, "export": 0, "id": "ZA"}], "world_import": 9657, "world_export": 0}, {"date": "2016-09-01", "list": [{"import": 11257, "export": 0, "id": "ZA"}], "world_import": 11257, "world_export": 0}, {"date": "2016-10-01", "list": [{"import": 14929, "export": 0, "id": "ZA"}], "world_import": 14929, "world_export": 0}]