[{"date": "2014-01-01", "list": [{"import": 475000, "export": 0, "id": "SR"}, {"import": 2410, "export": 0, "id": "US"}, {"import": 0, "export": 0, "id": "TT"}, {"import": 0, "export": 0, "id": "GY"}], "world_import": 477410, "world_export": 0}, {"date": "2014-02-01", "list": [{"import": 475000, "export": 0, "id": "SR"}, {"import": 4200, "export": 0, "id": "US"}, {"import": 0, "export": 0, "id": "TT"}, {"import": 3158592, "export": 0, "id": "GY"}], "world_import": 3637792, "world_export": 0}, {"date": "2014-03-01", "list": [{"import": 250000, "export": 0, "id": "SR"}, {"import": 4469, "export": 0, "id": "US"}, {"import": 0, "export": 0, "id": "TT"}, {"import": 24525, "export": 0, "id": "GY"}], "world_import": 278994, "world_export": 0}, {"date": "2014-04-01", "list": [{"import": 31115, "export": 0, "id": "SR"}, {"import": 2743, "export": 0, "id": "US"}, {"import": 0, "export": 0, "id": "TT"}, {"import": 61646, "export": 0, "id": "GY"}], "world_import": 95504, "world_export": 0}, {"date": "2014-05-01", "list": [{"import": 193848, "export": 0, "id": "SR"}, {"import": 1938, "export": 0, "id": "US"}, {"import": 0, "export": 0, "id": "TT"}, {"import": 18278, "export": 0, "id": "GY"}], "world_import": 214064, "world_export": 0}, {"date": "2014-06-01", "list": [{"import": 425000, "export": 0, "id": "SR"}, {"import": 3502, "export": 0, "id": "US"}, {"import": 0, "export": 0, "id": "TT"}, {"import": 38278, "export": 0, "id": "GY"}], "world_import": 466780, "world_export": 0}, {"date": "2014-07-01", "list": [{"import": 337500, "export": 0, "id": "SR"}, {"import": 7053, "export": 0, "id": "US"}, {"import": 0, "export": 0, "id": "TT"}, {"import": 36509, "export": 0, "id": "GY"}], "world_import": 381062, "world_export": 0}, {"date": "2014-08-01", "list": [{"import": 393400, "export": 0, "id": "SR"}, {"import": 199, "export": 0, "id": "US"}, {"import": 0, "export": 0, "id": "TT"}, {"import": 36484, "export": 0, "id": "GY"}], "world_import": 430083, "world_export": 0}, {"date": "2014-09-01", "list": [{"import": 300000, "export": 0, "id": "SR"}, {"import": 2158, "export": 0, "id": "US"}, {"import": 6274, "export": 0, "id": "TT"}, {"import": 138719, "export": 0, "id": "GY"}], "world_import": 447151, "world_export": 0}, {"date": "2014-10-01", "list": [{"import": 447675, "export": 0, "id": "SR"}, {"import": 1991, "export": 0, "id": "US"}, {"import": 0, "export": 0, "id": "TT"}, {"import": 0, "export": 0, "id": "GY"}], "world_import": 449666, "world_export": 0}]