[{"date": "2019-08-01", "list": [{"import": 0, "export": 0, "id": "AR"}, {"import": 4710, "export": 0, "id": "BR"}, {"import": 0, "export": 0, "id": "US"}], "world_import": 4710, "world_export": 0}, {"date": "2019-09-01", "list": [{"import": 0, "export": 0, "id": "AR"}, {"import": 6040, "export": 0, "id": "BR"}, {"import": 0, "export": 0, "id": "US"}], "world_import": 6040, "world_export": 0}, {"date": "2019-10-01", "list": [{"import": 0, "export": 0, "id": "AR"}, {"import": 0, "export": 0, "id": "BR"}, {"import": 0, "export": 0, "id": "US"}], "world_import": 0, "world_export": 0}, {"date": "2019-11-01", "list": [{"import": 0, "export": 0, "id": "AR"}, {"import": 6041, "export": 0, "id": "BR"}, {"import": 0, "export": 0, "id": "US"}], "world_import": 6041, "world_export": 0}, {"date": "2019-12-01", "list": [{"import": 0, "export": 0, "id": "AR"}, {"import": 8058, "export": 0, "id": "BR"}, {"import": 0, "export": 0, "id": "US"}], "world_import": 8058, "world_export": 0}, {"date": "2020-01-01", "list": [{"import": 0, "export": 0, "id": "AR"}, {"import": 0, "export": 0, "id": "BR"}, {"import": 1051, "export": 0, "id": "US"}], "world_import": 1051, "world_export": 0}, {"date": "2020-02-01", "list": [{"import": 0, "export": 0, "id": "AR"}, {"import": 0, "export": 0, "id": "BR"}, {"import": 0, "export": 0, "id": "US"}], "world_import": 0, "world_export": 0}, {"date": "2020-03-01", "list": [{"import": 0, "export": 0, "id": "AR"}, {"import": 0, "export": 0, "id": "BR"}, {"import": 0, "export": 0, "id": "US"}], "world_import": 0, "world_export": 0}, {"date": "2020-04-01", "list": [{"import": 0, "export": 0, "id": "AR"}, {"import": 0, "export": 0, "id": "BR"}, {"import": 0, "export": 0, "id": "US"}], "world_import": 0, "world_export": 0}, {"date": "2020-05-01", "list": [{"import": 145215, "export": 0, "id": "AR"}, {"import": 0, "export": 0, "id": "BR"}, {"import": 0, "export": 0, "id": "US"}], "world_import": 145215, "world_export": 0}]