[{"date": "2020-05-01", "list": [{"import": 250, "export": 0, "id": "BG"}, {"import": 1710, "export": 0, "id": "GR"}, {"import": 1680, "export": 0, "id": "IT"}, {"import": 0, "export": 4000, "id": "RS"}, {"import": 0, "export": 17280, "id": "US"}], "world_import": 3640, "world_export": 21280}, {"date": "2019-02-01", "list": [{"import": 870, "export": 0, "id": "GR"}, {"import": 0, "export": 2025, "id": "BA"}, {"import": 0, "export": 5000, "id": "RS"}], "world_import": 870, "world_export": 7025}, {"date": "2019-04-01", "list": [{"import": 1056, "export": 0, "id": "GR"}, {"import": 0, "export": 43000, "id": "RS"}], "world_import": 1056, "world_export": 43000}, {"date": "2019-05-01", "list": [{"import": 1248, "export": 0, "id": "GR"}, {"import": 0, "export": 3600, "id": "US"}], "world_import": 1248, "world_export": 3600}, {"date": "2019-07-01", "list": [{"import": 49320, "export": 0, "id": "GR"}, {"import": 0, "export": 10000, "id": "RS"}], "world_import": 49320, "world_export": 10000}, {"date": "2019-08-01", "list": [{"import": 24000, "export": 0, "id": "GR"}], "world_import": 24000, "world_export": 0}, {"date": "2019-09-01", "list": [{"import": 72000, "export": 0, "id": "GR"}, {"import": 0, "export": 10000, "id": "RS"}], "world_import": 72000, "world_export": 10000}, {"date": "2019-10-01", "list": [{"import": 97146, "export": 0, "id": "GR"}, {"import": 0, "export": 46000, "id": "RS"}], "world_import": 97146, "world_export": 46000}, {"date": "2019-11-01", "list": [{"import": 144000, "export": 0, "id": "GR"}, {"import": 0, "export": 32000, "id": "RS"}], "world_import": 144000, "world_export": 32000}, {"date": "2019-12-01", "list": [{"import": 25566, "export": 0, "id": "GR"}, {"import": 0, "export": 37000, "id": "RS"}], "world_import": 25566, "world_export": 37000}, {"date": "2020-01-01", "list": [{"import": 462, "export": 0, "id": "GR"}, {"import": 0, "export": 1, "id": "DE"}], "world_import": 462, "world_export": 1}, {"date": "2020-02-01", "list": [{"import": 12000, "export": 0, "id": "GR"}, {"import": 0, "export": 25000, "id": "RS"}, {"import": 0, "export": 2880, "id": "US"}], "world_import": 12000, "world_export": 27880}, {"date": "2020-03-01", "list": [{"import": 43170, "export": 0, "id": "GR"}, {"import": 0, "export": 55000, "id": "RS"}, {"import": 0, "export": 4320, "id": "US"}], "world_import": 43170, "world_export": 59320}, {"date": "2020-04-01", "list": [{"import": 48000, "export": 0, "id": "GR"}, {"import": 0, "export": 5000, "id": "RS"}], "world_import": 48000, "world_export": 5000}, {"date": "2019-01-01", "list": [{"import": 0, "export": 10000, "id": "RS"}, {"import": 0, "export": 4320, "id": "US"}], "world_import": 0, "world_export": 14320}, {"date": "2019-03-01", "list": [{"import": 0, "export": 30000, "id": "RS"}, {"import": 0, "export": 2880, "id": "US"}], "world_import": 0, "world_export": 32880}]