[{"date": "2018-11-01", "list": [{"import": 0, "export": 0, "id": "IQ"}, {"import": 0, "export": 0, "id": "RU"}, {"import": 0, "export": 0, "id": "US"}], "world_import": 0, "world_export": 0}, {"date": "2018-12-01", "list": [{"import": 0, "export": 0, "id": "IQ"}, {"import": 0, "export": 0, "id": "RU"}, {"import": 0, "export": 0, "id": "US"}], "world_import": 0, "world_export": 0}, {"date": "2019-01-01", "list": [{"import": 0, "export": 0, "id": "IQ"}, {"import": 0, "export": 0, "id": "RU"}, {"import": 0, "export": 0, "id": "US"}], "world_import": 0, "world_export": 0}, {"date": "2019-02-01", "list": [{"import": 0, "export": 0, "id": "IQ"}, {"import": 0, "export": 0, "id": "RU"}, {"import": 0, "export": 0, "id": "US"}], "world_import": 0, "world_export": 0}, {"date": "2019-03-01", "list": [{"import": 0, "export": 0, "id": "IQ"}, {"import": 0, "export": 0, "id": "RU"}, {"import": 0, "export": 0, "id": "US"}], "world_import": 0, "world_export": 0}, {"date": "2019-04-01", "list": [{"import": 0, "export": 0, "id": "IQ"}, {"import": 0, "export": 0, "id": "RU"}, {"import": 0, "export": 2500, "id": "US"}], "world_import": 0, "world_export": 2500}, {"date": "2019-05-01", "list": [{"import": 0, "export": 0, "id": "IQ"}, {"import": 0, "export": 0, "id": "RU"}, {"import": 0, "export": 0, "id": "US"}], "world_import": 0, "world_export": 0}, {"date": "2019-06-01", "list": [{"import": 0, "export": 0, "id": "IQ"}, {"import": 0, "export": 0, "id": "RU"}, {"import": 0, "export": 0, "id": "US"}], "world_import": 0, "world_export": 0}, {"date": "2019-07-01", "list": [{"import": 0, "export": 0, "id": "IQ"}, {"import": 0, "export": 0, "id": "RU"}, {"import": 0, "export": 0, "id": "US"}], "world_import": 0, "world_export": 0}, {"date": "2019-08-01", "list": [{"import": 0, "export": 0, "id": "IQ"}, {"import": 0, "export": 0, "id": "RU"}, {"import": 0, "export": 0, "id": "US"}], "world_import": 0, "world_export": 0}, {"date": "2019-09-01", "list": [{"import": 0, "export": 0, "id": "IQ"}, {"import": 0, "export": 0, "id": "RU"}, {"import": 0, "export": 0, "id": "US"}], "world_import": 0, "world_export": 0}, {"date": "2019-10-01", "list": [{"import": 0, "export": 0, "id": "IQ"}, {"import": 0, "export": 0, "id": "RU"}, {"import": 0, "export": 0, "id": "US"}], "world_import": 0, "world_export": 0}, {"date": "2019-11-01", "list": [{"import": 0, "export": 0, "id": "IQ"}, {"import": 0, "export": 0, "id": "RU"}, {"import": 0, "export": 0, "id": "US"}], "world_import": 0, "world_export": 0}, {"date": "2019-12-01", "list": [{"import": 0, "export": 0, "id": "IQ"}, {"import": 0, "export": 0, "id": "RU"}, {"import": 0, "export": 0, "id": "US"}], "world_import": 0, "world_export": 0}, {"date": "2020-01-01", "list": [{"import": 0, "export": 0, "id": "IQ"}, {"import": 0, "export": 12200, "id": "RU"}, {"import": 0, "export": 0, "id": "US"}], "world_import": 0, "world_export": 12200}, {"date": "2020-02-01", "list": [{"import": 0, "export": 22935, "id": "IQ"}, {"import": 0, "export": 0, "id": "RU"}, {"import": 0, "export": 0, "id": "US"}], "world_import": 0, "world_export": 22935}, {"date": "2020-03-01", "list": [{"import": 0, "export": 0, "id": "IQ"}, {"import": 0, "export": 0, "id": "RU"}, {"import": 0, "export": 5000, "id": "US"}], "world_import": 0, "world_export": 5000}, {"date": "2020-04-01", "list": [{"import": 0, "export": 0, "id": "IQ"}, {"import": 0, "export": 0, "id": "RU"}, {"import": 0, "export": 0, "id": "US"}], "world_import": 0, "world_export": 0}]