[{"date": "2019-08-01", "list": [{"import": 215, "export": 0, "id": "AT"}, {"import": 4060, "export": 0, "id": "RU"}, {"import": 0, "export": 2518, "id": "KZ"}], "world_import": 4275, "world_export": 2518}, {"date": "2019-01-01", "list": [{"import": 0, "export": 10008, "id": "KZ"}], "world_import": 0, "world_export": 10008}, {"date": "2019-02-01", "list": [{"import": 0, "export": 10834, "id": "KZ"}], "world_import": 0, "world_export": 10834}, {"date": "2019-03-01", "list": [{"import": 0, "export": 6630, "id": "KZ"}], "world_import": 0, "world_export": 6630}, {"date": "2019-04-01", "list": [{"import": 0, "export": 9788, "id": "KZ"}], "world_import": 0, "world_export": 9788}, {"date": "2019-09-01", "list": [{"import": 0, "export": 3539, "id": "KZ"}], "world_import": 0, "world_export": 3539}, {"date": "2019-10-01", "list": [{"import": 0, "export": 4407, "id": "KZ"}], "world_import": 0, "world_export": 4407}]