[{"date": "2019-01-01", "list": [{"import": 281972, "export": 2000, "id": "IT"}, {"import": 11525, "export": 0, "id": "IN"}, {"import": 3030, "export": 0, "id": "LK"}, {"import": 1936, "export": 9700, "id": "DE"}, {"import": 4036, "export": 0, "id": "TH"}, {"import": 0, "export": 0, "id": "ES"}, {"import": 26498, "export": 720, "id": "FR"}, {"import": 0, "export": 0, "id": "JP"}, {"import": 0, "export": 0, "id": "TW"}, {"import": 0, "export": 5040, "id": "NL"}, {"import": 0, "export": 0, "id": "PK"}, {"import": 0, "export": 0, "id": "PT"}, {"import": 0, "export": 0, "id": "TR"}, {"import": 0, "export": 0, "id": "GB"}, {"import": 312, "export": 0, "id": "US"}, {"import": 20000, "export": 0, "id": "UY"}, {"import": 72000, "export": 0, "id": "GR"}, {"import": 0, "export": 0, "id": "IR"}, {"import": 0, "export": 0, "id": "CN"}, {"import": 0, "export": 0, "id": "AT"}, {"import": 2970, "export": 0, "id": "BE"}, {"import": 1800, "export": 0, "id": "KH"}], "world_import": 426079, "world_export": 17460}, {"date": "2019-02-01", "list": [{"import": 1111931, "export": 0, "id": "IT"}, {"import": 2676, "export": 0, "id": "IN"}, {"import": 3150, "export": 0, "id": "LK"}, {"import": 1125, "export": 1860, "id": "DE"}, {"import": 3085, "export": 0, "id": "TH"}, {"import": 0, "export": 0, "id": "ES"}, {"import": 983, "export": 0, "id": "FR"}, {"import": 0, "export": 0, "id": "JP"}, {"import": 0, "export": 0, "id": "TW"}, {"import": 0, "export": 11088, "id": "NL"}, {"import": 138, "export": 0, "id": "PK"}, {"import": 0, "export": 0, "id": "PT"}, {"import": 0, "export": 0, "id": "TR"}, {"import": 4438, "export": 0, "id": "GB"}, {"import": 16324, "export": 0, "id": "US"}, {"import": 0, "export": 0, "id": "UY"}, {"import": 72000, "export": 0, "id": "GR"}, {"import": 0, "export": 0, "id": "IR"}, {"import": 0, "export": 0, "id": "CN"}, {"import": 0, "export": 0, "id": "AT"}, {"import": 10764, "export": 0, "id": "BE"}, {"import": 900, "export": 0, "id": "KH"}], "world_import": 1227514, "world_export": 12948}, {"date": "2019-03-01", "list": [{"import": 590598, "export": 41000, "id": "IT"}, {"import": 346298, "export": 0, "id": "IN"}, {"import": 0, "export": 0, "id": "LK"}, {"import": 2586, "export": 3200, "id": "DE"}, {"import": 2378, "export": 0, "id": "TH"}, {"import": 0, "export": 0, "id": "ES"}, {"import": 1109, "export": 0, "id": "FR"}, {"import": 0, "export": 0, "id": "JP"}, {"import": 0, "export": 0, "id": "TW"}, {"import": 0, "export": 6552, "id": "NL"}, {"import": 0, "export": 0, "id": "PK"}, {"import": 0, "export": 0, "id": "PT"}, {"import": 0, "export": 0, "id": "TR"}, {"import": 0, "export": 0, "id": "GB"}, {"import": 530, "export": 0, "id": "US"}, {"import": 60520, "export": 0, "id": "UY"}, {"import": 0, "export": 0, "id": "GR"}, {"import": 0, "export": 0, "id": "IR"}, {"import": 0, "export": 0, "id": "CN"}, {"import": 0, "export": 0, "id": "AT"}, {"import": 10443, "export": 0, "id": "BE"}, {"import": 0, "export": 0, "id": "KH"}], "world_import": 1014462, "world_export": 50752}, {"date": "2019-04-01", "list": [{"import": 504308, "export": 0, "id": "IT"}, {"import": 302946, "export": 0, "id": "IN"}, {"import": 1201, "export": 0, "id": "LK"}, {"import": 20181, "export": 3720, "id": "DE"}, {"import": 427544, "export": 0, "id": "TH"}, {"import": 0, "export": 0, "id": "ES"}, {"import": 1524, "export": 1080, "id": "FR"}, {"import": 0, "export": 0, "id": "JP"}, {"import": 0, "export": 0, "id": "TW"}, {"import": 0, "export": 7056, "id": "NL"}, {"import": 271, "export": 0, "id": "PK"}, {"import": 0, "export": 0, "id": "PT"}, {"import": 0, "export": 0, "id": "TR"}, {"import": 0, "export": 0, "id": "GB"}, {"import": 931, "export": 0, "id": "US"}, {"import": 20030, "export": 0, "id": "UY"}, {"import": 0, "export": 0, "id": "GR"}, {"import": 0, "export": 0, "id": "IR"}, {"import": 0, "export": 0, "id": "CN"}, {"import": 0, "export": 0, "id": "AT"}, {"import": 0, "export": 252, "id": "BE"}, {"import": 0, "export": 0, "id": "KH"}], "world_import": 1278936, "world_export": 12108}, {"date": "2019-05-01", "list": [{"import": 453034, "export": 0, "id": "IT"}, {"import": 330050, "export": 0, "id": "IN"}, {"import": 4860, "export": 0, "id": "LK"}, {"import": 1852, "export": 950, "id": "DE"}, {"import": 273285, "export": 0, "id": "TH"}, {"import": 0, "export": 0, "id": "ES"}, {"import": 777, "export": 0, "id": "FR"}, {"import": 0, "export": 0, "id": "JP"}, {"import": 738, "export": 0, "id": "TW"}, {"import": 0, "export": 9576, "id": "NL"}, {"import": 0, "export": 0, "id": "PK"}, {"import": 0, "export": 0, "id": "PT"}, {"import": 0, "export": 0, "id": "TR"}, {"import": 0, "export": 0, "id": "GB"}, {"import": 35750, "export": 0, "id": "US"}, {"import": 67510, "export": 0, "id": "UY"}, {"import": 144010, "export": 0, "id": "GR"}, {"import": 0, "export": 0, "id": "IR"}, {"import": 0, "export": 0, "id": "CN"}, {"import": 0, "export": 0, "id": "AT"}, {"import": 0, "export": 0, "id": "BE"}, {"import": 0, "export": 0, "id": "KH"}], "world_import": 1311866, "world_export": 10526}, {"date": "2019-06-01", "list": [{"import": 653631, "export": 25000, "id": "IT"}, {"import": 551648, "export": 0, "id": "IN"}, {"import": 0, "export": 0, "id": "LK"}, {"import": 1678, "export": 3968, "id": "DE"}, {"import": 271424, "export": 0, "id": "TH"}, {"import": 0, "export": 0, "id": "ES"}, {"import": 5156, "export": 0, "id": "FR"}, {"import": 0, "export": 0, "id": "JP"}, {"import": 0, "export": 0, "id": "TW"}, {"import": 0, "export": 4032, "id": "NL"}, {"import": 154, "export": 0, "id": "PK"}, {"import": 0, "export": 0, "id": "PT"}, {"import": 0, "export": 0, "id": "TR"}, {"import": 0, "export": 0, "id": "GB"}, {"import": 0, "export": 0, "id": "US"}, {"import": 40040, "export": 0, "id": "UY"}, {"import": 0, "export": 0, "id": "GR"}, {"import": 0, "export": 0, "id": "IR"}, {"import": 2630, "export": 0, "id": "CN"}, {"import": 0, "export": 0, "id": "AT"}, {"import": 0, "export": 0, "id": "BE"}, {"import": 0, "export": 0, "id": "KH"}], "world_import": 1526361, "world_export": 33000}, {"date": "2019-07-01", "list": [{"import": 495432, "export": 0, "id": "IT"}, {"import": 233098, "export": 0, "id": "IN"}, {"import": 0, "export": 0, "id": "LK"}, {"import": 1636, "export": 4048, "id": "DE"}, {"import": 26027, "export": 0, "id": "TH"}, {"import": 400, "export": 0, "id": "ES"}, {"import": 1932, "export": 0, "id": "FR"}, {"import": 0, "export": 0, "id": "JP"}, {"import": 0, "export": 0, "id": "TW"}, {"import": 105, "export": 7560, "id": "NL"}, {"import": 0, "export": 0, "id": "PK"}, {"import": 0, "export": 0, "id": "PT"}, {"import": 0, "export": 0, "id": "TR"}, {"import": 0, "export": 0, "id": "GB"}, {"import": 1814, "export": 0, "id": "US"}, {"import": 0, "export": 0, "id": "UY"}, {"import": 0, "export": 0, "id": "GR"}, {"import": 0, "export": 0, "id": "IR"}, {"import": 0, "export": 0, "id": "CN"}, {"import": 0, "export": 0, "id": "AT"}, {"import": 0, "export": 0, "id": "BE"}, {"import": 0, "export": 0, "id": "KH"}], "world_import": 760444, "world_export": 11608}, {"date": "2019-08-01", "list": [{"import": 85437, "export": 1000, "id": "IT"}, {"import": 7986, "export": 0, "id": "IN"}, {"import": 3870, "export": 0, "id": "LK"}, {"import": 2271, "export": 0, "id": "DE"}, {"import": 108523, "export": 0, "id": "TH"}, {"import": 0, "export": 0, "id": "ES"}, {"import": 25938, "export": 0, "id": "FR"}, {"import": 84, "export": 0, "id": "JP"}, {"import": 0, "export": 0, "id": "TW"}, {"import": 0, "export": 2520, "id": "NL"}, {"import": 0, "export": 0, "id": "PK"}, {"import": 0, "export": 0, "id": "PT"}, {"import": 36, "export": 2, "id": "TR"}, {"import": 5, "export": 760, "id": "GB"}, {"import": 14000, "export": 0, "id": "US"}, {"import": 0, "export": 0, "id": "UY"}, {"import": 0, "export": 0, "id": "GR"}, {"import": 0, "export": 0, "id": "IR"}, {"import": 0, "export": 0, "id": "CN"}, {"import": 0, "export": 0, "id": "AT"}, {"import": 0, "export": 4032, "id": "BE"}, {"import": 0, "export": 0, "id": "KH"}], "world_import": 248150, "world_export": 8314}, {"date": "2019-09-01", "list": [{"import": 58368, "export": 48000, "id": "IT"}, {"import": 9678, "export": 0, "id": "IN"}, {"import": 0, "export": 0, "id": "LK"}, {"import": 20688, "export": 10608, "id": "DE"}, {"import": 67812, "export": 0, "id": "TH"}, {"import": 0, "export": 0, "id": "ES"}, {"import": 879, "export": 0, "id": "FR"}, {"import": 0, "export": 0, "id": "JP"}, {"import": 0, "export": 0, "id": "TW"}, {"import": 0, "export": 5040, "id": "NL"}, {"import": 0, "export": 0, "id": "PK"}, {"import": 0, "export": 0, "id": "PT"}, {"import": 0, "export": 0, "id": "TR"}, {"import": 0, "export": 0, "id": "GB"}, {"import": 1087, "export": 0, "id": "US"}, {"import": 60000, "export": 0, "id": "UY"}, {"import": 0, "export": 0, "id": "GR"}, {"import": 79, "export": 0, "id": "IR"}, {"import": 0, "export": 0, "id": "CN"}, {"import": 0, "export": 0, "id": "AT"}, {"import": 2000, "export": 4536, "id": "BE"}, {"import": 0, "export": 0, "id": "KH"}], "world_import": 220591, "world_export": 68184}, {"date": "2019-10-01", "list": [{"import": 463712, "export": 0, "id": "IT"}, {"import": 2682, "export": 0, "id": "IN"}, {"import": 3225, "export": 0, "id": "LK"}, {"import": 3455, "export": 4000, "id": "DE"}, {"import": 1066, "export": 0, "id": "TH"}, {"import": 0, "export": 0, "id": "ES"}, {"import": 2109, "export": 1, "id": "FR"}, {"import": 307, "export": 0, "id": "JP"}, {"import": 0, "export": 0, "id": "TW"}, {"import": 0, "export": 4032, "id": "NL"}, {"import": 23500, "export": 0, "id": "PK"}, {"import": 0, "export": 0, "id": "PT"}, {"import": 0, "export": 0, "id": "TR"}, {"import": 0, "export": 0, "id": "GB"}, {"import": 18120, "export": 0, "id": "US"}, {"import": 80000, "export": 0, "id": "UY"}, {"import": 0, "export": 0, "id": "GR"}, {"import": 0, "export": 0, "id": "IR"}, {"import": 0, "export": 0, "id": "CN"}, {"import": 0, "export": 450, "id": "AT"}, {"import": 0, "export": 4536, "id": "BE"}, {"import": 0, "export": 0, "id": "KH"}], "world_import": 598176, "world_export": 13019}, {"date": "2019-11-01", "list": [{"import": 461306, "export": 0, "id": "IT"}, {"import": 10098, "export": 0, "id": "IN"}, {"import": 2400, "export": 0, "id": "LK"}, {"import": 4364, "export": 17848, "id": "DE"}, {"import": 25588, "export": 0, "id": "TH"}, {"import": 0, "export": 0, "id": "ES"}, {"import": 2595, "export": 1080, "id": "FR"}, {"import": 80, "export": 0, "id": "JP"}, {"import": 0, "export": 0, "id": "TW"}, {"import": 0, "export": 3024, "id": "NL"}, {"import": 0, "export": 0, "id": "PK"}, {"import": 0, "export": 0, "id": "PT"}, {"import": 0, "export": 0, "id": "TR"}, {"import": 0, "export": 0, "id": "GB"}, {"import": 0, "export": 0, "id": "US"}, {"import": 40500, "export": 0, "id": "UY"}, {"import": 0, "export": 0, "id": "GR"}, {"import": 0, "export": 0, "id": "IR"}, {"import": 0, "export": 0, "id": "CN"}, {"import": 0, "export": 0, "id": "AT"}, {"import": 0, "export": 3276, "id": "BE"}, {"import": 0, "export": 0, "id": "KH"}], "world_import": 546931, "world_export": 25228}, {"date": "2019-12-01", "list": [{"import": 540765, "export": 0, "id": "IT"}, {"import": 6360, "export": 0, "id": "IN"}, {"import": 4125, "export": 0, "id": "LK"}, {"import": 1980, "export": 19712, "id": "DE"}, {"import": 1022, "export": 0, "id": "TH"}, {"import": 0, "export": 0, "id": "ES"}, {"import": 1508, "export": 0, "id": "FR"}, {"import": 192, "export": 0, "id": "JP"}, {"import": 0, "export": 0, "id": "TW"}, {"import": 0, "export": 7056, "id": "NL"}, {"import": 0, "export": 0, "id": "PK"}, {"import": 0, "export": 0, "id": "PT"}, {"import": 0, "export": 0, "id": "TR"}, {"import": 0, "export": 0, "id": "GB"}, {"import": 19954, "export": 0, "id": "US"}, {"import": 40000, "export": 0, "id": "UY"}, {"import": 0, "export": 0, "id": "GR"}, {"import": 0, "export": 0, "id": "IR"}, {"import": 0, "export": 0, "id": "CN"}, {"import": 0, "export": 0, "id": "AT"}, {"import": 0, "export": 2520, "id": "BE"}, {"import": 0, "export": 0, "id": "KH"}], "world_import": 615906, "world_export": 29288}, {"date": "2020-01-01", "list": [{"import": 797563, "export": 25000, "id": "IT"}, {"import": 123558, "export": 0, "id": "IN"}, {"import": 735, "export": 0, "id": "LK"}, {"import": 2484, "export": 2688, "id": "DE"}, {"import": 1216, "export": 0, "id": "TH"}, {"import": 0, "export": 0, "id": "ES"}, {"import": 1286, "export": 1800, "id": "FR"}, {"import": 827, "export": 0, "id": "JP"}, {"import": 0, "export": 0, "id": "TW"}, {"import": 0, "export": 4037, "id": "NL"}, {"import": 0, "export": 0, "id": "PK"}, {"import": 0, "export": 0, "id": "PT"}, {"import": 0, "export": 0, "id": "TR"}, {"import": 0, "export": 0, "id": "GB"}, {"import": 0, "export": 0, "id": "US"}, {"import": 60000, "export": 0, "id": "UY"}, {"import": 144000, "export": 0, "id": "GR"}, {"import": 0, "export": 0, "id": "IR"}, {"import": 0, "export": 0, "id": "CN"}, {"import": 0, "export": 0, "id": "AT"}, {"import": 0, "export": 3024, "id": "BE"}, {"import": 0, "export": 0, "id": "KH"}], "world_import": 1131669, "world_export": 36549}, {"date": "2020-02-01", "list": [{"import": 441735, "export": 0, "id": "IT"}, {"import": 7071, "export": 0, "id": "IN"}, {"import": 0, "export": 0, "id": "LK"}, {"import": 2116, "export": 3245, "id": "DE"}, {"import": 355, "export": 0, "id": "TH"}, {"import": 0, "export": 0, "id": "ES"}, {"import": 5543, "export": 0, "id": "FR"}, {"import": 0, "export": 0, "id": "JP"}, {"import": 0, "export": 0, "id": "TW"}, {"import": 0, "export": 8568, "id": "NL"}, {"import": 0, "export": 0, "id": "PK"}, {"import": 0, "export": 0, "id": "PT"}, {"import": 0, "export": 0, "id": "TR"}, {"import": 0, "export": 0, "id": "GB"}, {"import": 0, "export": 0, "id": "US"}, {"import": 0, "export": 0, "id": "UY"}, {"import": 24000, "export": 0, "id": "GR"}, {"import": 0, "export": 0, "id": "IR"}, {"import": 0, "export": 0, "id": "CN"}, {"import": 0, "export": 0, "id": "AT"}, {"import": 0, "export": 6552, "id": "BE"}, {"import": 0, "export": 0, "id": "KH"}], "world_import": 480820, "world_export": 18365}, {"date": "2020-03-01", "list": [{"import": 549146, "export": 0, "id": "IT"}, {"import": 184486, "export": 0, "id": "IN"}, {"import": 3975, "export": 0, "id": "LK"}, {"import": 3743, "export": 6884, "id": "DE"}, {"import": 257232, "export": 0, "id": "TH"}, {"import": 408, "export": 0, "id": "ES"}, {"import": 2148, "export": 0, "id": "FR"}, {"import": 0, "export": 0, "id": "JP"}, {"import": 0, "export": 0, "id": "TW"}, {"import": 0, "export": 10080, "id": "NL"}, {"import": 0, "export": 0, "id": "PK"}, {"import": 0, "export": 0, "id": "PT"}, {"import": 0, "export": 0, "id": "TR"}, {"import": 0, "export": 0, "id": "GB"}, {"import": 563, "export": 0, "id": "US"}, {"import": 0, "export": 0, "id": "UY"}, {"import": 0, "export": 0, "id": "GR"}, {"import": 0, "export": 0, "id": "IR"}, {"import": 0, "export": 0, "id": "CN"}, {"import": 0, "export": 0, "id": "AT"}, {"import": 0, "export": 11592, "id": "BE"}, {"import": 0, "export": 0, "id": "KH"}], "world_import": 1001701, "world_export": 28556}, {"date": "2020-04-01", "list": [{"import": 945125, "export": 0, "id": "IT"}, {"import": 226786, "export": 0, "id": "IN"}, {"import": 330, "export": 0, "id": "LK"}, {"import": 6753, "export": 28108, "id": "DE"}, {"import": 469800, "export": 0, "id": "TH"}, {"import": 0, "export": 0, "id": "ES"}, {"import": 2370, "export": 0, "id": "FR"}, {"import": 0, "export": 0, "id": "JP"}, {"import": 0, "export": 0, "id": "TW"}, {"import": 36, "export": 3024, "id": "NL"}, {"import": 400, "export": 0, "id": "PK"}, {"import": 0, "export": 0, "id": "PT"}, {"import": 0, "export": 0, "id": "TR"}, {"import": 0, "export": 0, "id": "GB"}, {"import": 16000, "export": 0, "id": "US"}, {"import": 0, "export": 0, "id": "UY"}, {"import": 0, "export": 0, "id": "GR"}, {"import": 0, "export": 0, "id": "IR"}, {"import": 0, "export": 0, "id": "CN"}, {"import": 0, "export": 0, "id": "AT"}, {"import": 0, "export": 9576, "id": "BE"}, {"import": 1125, "export": 0, "id": "KH"}], "world_import": 1668725, "world_export": 40708}, {"date": "2020-05-01", "list": [{"import": 793776, "export": 2000, "id": "IT"}, {"import": 1193, "export": 0, "id": "IN"}, {"import": 3300, "export": 0, "id": "LK"}, {"import": 8213, "export": 1532, "id": "DE"}, {"import": 300160, "export": 0, "id": "TH"}, {"import": 2505, "export": 0, "id": "ES"}, {"import": 1978, "export": 4680, "id": "FR"}, {"import": 0, "export": 0, "id": "JP"}, {"import": 0, "export": 0, "id": "TW"}, {"import": 288, "export": 20664, "id": "NL"}, {"import": 0, "export": 0, "id": "PK"}, {"import": 0, "export": 0, "id": "PT"}, {"import": 0, "export": 0, "id": "TR"}, {"import": 0, "export": 0, "id": "GB"}, {"import": 0, "export": 0, "id": "US"}, {"import": 0, "export": 0, "id": "UY"}, {"import": 0, "export": 0, "id": "GR"}, {"import": 0, "export": 0, "id": "IR"}, {"import": 0, "export": 0, "id": "CN"}, {"import": 0, "export": 0, "id": "AT"}, {"import": 0, "export": 11592, "id": "BE"}, {"import": 0, "export": 0, "id": "KH"}], "world_import": 1111413, "world_export": 40468}, {"date": "2020-06-01", "list": [{"import": 636028, "export": 0, "id": "IT"}, {"import": 15316, "export": 0, "id": "IN"}, {"import": 4425, "export": 0, "id": "LK"}, {"import": 6151, "export": 2733, "id": "DE"}, {"import": 1591, "export": 0, "id": "TH"}, {"import": 0, "export": 0, "id": "ES"}, {"import": 2635, "export": 0, "id": "FR"}, {"import": 0, "export": 0, "id": "JP"}, {"import": 0, "export": 0, "id": "TW"}, {"import": 0, "export": 14112, "id": "NL"}, {"import": 0, "export": 0, "id": "PK"}, {"import": 0, "export": 0, "id": "PT"}, {"import": 0, "export": 0, "id": "TR"}, {"import": 0, "export": 0, "id": "GB"}, {"import": 0, "export": 0, "id": "US"}, {"import": 0, "export": 0, "id": "UY"}, {"import": 0, "export": 0, "id": "GR"}, {"import": 0, "export": 0, "id": "IR"}, {"import": 0, "export": 0, "id": "CN"}, {"import": 0, "export": 0, "id": "AT"}, {"import": 0, "export": 10080, "id": "BE"}, {"import": 0, "export": 0, "id": "KH"}], "world_import": 666146, "world_export": 26925}]