[{"date": "2018-10-01", "list": [{"import": 230671, "export": 482, "id": "IT"}, {"import": 45003, "export": 495, "id": "DE"}, {"import": 0, "export": 0, "id": "TH"}, {"import": 1296, "export": 0, "id": "DK"}, {"import": 0, "export": 0, "id": "NL"}, {"import": 0, "export": 0, "id": "-"}, {"import": 0, "export": 0, "id": "GB"}, {"import": 1454, "export": 36, "id": "PL"}, {"import": 0, "export": 0, "id": "IN"}, {"import": 0, "export": 297, "id": "SI"}, {"import": 0, "export": 0, "id": "ES"}, {"import": 454, "export": 73, "id": "CH"}, {"import": 0, "export": 0, "id": "US"}, {"import": 0, "export": 0, "id": "PK"}, {"import": 0, "export": 2254, "id": "HU"}, {"import": 0, "export": 0, "id": "IR"}, {"import": 0, "export": 0, "id": "FR"}, {"import": 5004, "export": 0, "id": "BE"}, {"import": 0, "export": 556, "id": "SK"}, {"import": 0, "export": 0, "id": "GR"}, {"import": 0, "export": 0, "id": "TJ"}, {"import": 0, "export": 592, "id": "RO"}, {"import": 0, "export": 0, "id": "BG"}, {"import": 0, "export": 0, "id": "HR"}], "world_import": 283882, "world_export": 4785}, {"date": "2018-11-01", "list": [{"import": 209181, "export": 701, "id": "IT"}, {"import": 93580, "export": 426, "id": "DE"}, {"import": 0, "export": 0, "id": "TH"}, {"import": 1296, "export": 0, "id": "DK"}, {"import": 513, "export": 0, "id": "NL"}, {"import": 0, "export": 0, "id": "-"}, {"import": 25731, "export": 0, "id": "GB"}, {"import": 0, "export": 0, "id": "PL"}, {"import": 0, "export": 0, "id": "IN"}, {"import": 0, "export": 242, "id": "SI"}, {"import": 0, "export": 0, "id": "ES"}, {"import": 0, "export": 0, "id": "CH"}, {"import": 0, "export": 0, "id": "US"}, {"import": 0, "export": 0, "id": "PK"}, {"import": 0, "export": 11308, "id": "HU"}, {"import": 0, "export": 0, "id": "IR"}, {"import": 0, "export": 0, "id": "FR"}, {"import": 4959, "export": 0, "id": "BE"}, {"import": 0, "export": 760, "id": "SK"}, {"import": 0, "export": 699, "id": "GR"}, {"import": 0, "export": 0, "id": "TJ"}, {"import": 0, "export": 932, "id": "RO"}, {"import": 0, "export": 0, "id": "BG"}, {"import": 0, "export": 521, "id": "HR"}], "world_import": 335260, "world_export": 15589}, {"date": "2018-12-01", "list": [{"import": 195931, "export": 754, "id": "IT"}, {"import": 57395, "export": 484, "id": "DE"}, {"import": 0, "export": 0, "id": "TH"}, {"import": 648, "export": 0, "id": "DK"}, {"import": 0, "export": 0, "id": "NL"}, {"import": 0, "export": 0, "id": "-"}, {"import": 0, "export": 0, "id": "GB"}, {"import": 0, "export": 0, "id": "PL"}, {"import": 0, "export": 0, "id": "IN"}, {"import": 0, "export": 337, "id": "SI"}, {"import": 0, "export": 0, "id": "ES"}, {"import": 0, "export": 0, "id": "CH"}, {"import": 0, "export": 0, "id": "US"}, {"import": 0, "export": 0, "id": "PK"}, {"import": 12, "export": 3600, "id": "HU"}, {"import": 0, "export": 0, "id": "IR"}, {"import": 481, "export": 0, "id": "FR"}, {"import": 8949, "export": 0, "id": "BE"}, {"import": 0, "export": 424, "id": "SK"}, {"import": 0, "export": 0, "id": "GR"}, {"import": 0, "export": 0, "id": "TJ"}, {"import": 0, "export": 0, "id": "RO"}, {"import": 0, "export": 0, "id": "BG"}, {"import": 0, "export": 0, "id": "HR"}], "world_import": 263416, "world_export": 5599}, {"date": "2019-01-01", "list": [{"import": 198648, "export": 3018, "id": "IT"}, {"import": 99847, "export": 324, "id": "DE"}, {"import": 0, "export": 0, "id": "TH"}, {"import": 4122, "export": 0, "id": "DK"}, {"import": 1022, "export": 0, "id": "NL"}, {"import": 0, "export": 0, "id": "-"}, {"import": 0, "export": 0, "id": "GB"}, {"import": 0, "export": 0, "id": "PL"}, {"import": 0, "export": 0, "id": "IN"}, {"import": 0, "export": 298, "id": "SI"}, {"import": 0, "export": 0, "id": "ES"}, {"import": 0, "export": 0, "id": "CH"}, {"import": 0, "export": 0, "id": "US"}, {"import": 0, "export": 0, "id": "PK"}, {"import": 0, "export": 1840, "id": "HU"}, {"import": 0, "export": 0, "id": "IR"}, {"import": 384, "export": 0, "id": "FR"}, {"import": 3024, "export": 1320, "id": "BE"}, {"import": 0, "export": 849, "id": "SK"}, {"import": 0, "export": 4518, "id": "GR"}, {"import": 0, "export": 0, "id": "TJ"}, {"import": 0, "export": 904, "id": "RO"}, {"import": 0, "export": 0, "id": "BG"}, {"import": 0, "export": 0, "id": "HR"}], "world_import": 307047, "world_export": 13071}, {"date": "2019-02-01", "list": [{"import": 175320, "export": 710, "id": "IT"}, {"import": 53397, "export": 509, "id": "DE"}, {"import": 0, "export": 0, "id": "TH"}, {"import": 2592, "export": 0, "id": "DK"}, {"import": 24604, "export": 0, "id": "NL"}, {"import": 0, "export": 0, "id": "-"}, {"import": 0, "export": 0, "id": "GB"}, {"import": 0, "export": 0, "id": "PL"}, {"import": 0, "export": 0, "id": "IN"}, {"import": 0, "export": 471, "id": "SI"}, {"import": 0, "export": 0, "id": "ES"}, {"import": 0, "export": 0, "id": "CH"}, {"import": 0, "export": 0, "id": "US"}, {"import": 0, "export": 0, "id": "PK"}, {"import": 0, "export": 521, "id": "HU"}, {"import": 0, "export": 0, "id": "IR"}, {"import": 0, "export": 0, "id": "FR"}, {"import": 619, "export": 0, "id": "BE"}, {"import": 0, "export": 948, "id": "SK"}, {"import": 0, "export": 0, "id": "GR"}, {"import": 0, "export": 0, "id": "TJ"}, {"import": 0, "export": 918, "id": "RO"}, {"import": 0, "export": 587, "id": "BG"}, {"import": 0, "export": 0, "id": "HR"}], "world_import": 256532, "world_export": 4664}, {"date": "2019-03-01", "list": [{"import": 164402, "export": 2875, "id": "IT"}, {"import": 55160, "export": 436, "id": "DE"}, {"import": 0, "export": 0, "id": "TH"}, {"import": 0, "export": 0, "id": "DK"}, {"import": 252, "export": 0, "id": "NL"}, {"import": 0, "export": 0, "id": "-"}, {"import": 0, "export": 0, "id": "GB"}, {"import": 0, "export": 0, "id": "PL"}, {"import": 0, "export": 0, "id": "IN"}, {"import": 0, "export": 272, "id": "SI"}, {"import": 0, "export": 0, "id": "ES"}, {"import": 0, "export": 0, "id": "CH"}, {"import": 0, "export": 0, "id": "US"}, {"import": 0, "export": 0, "id": "PK"}, {"import": 0, "export": 861, "id": "HU"}, {"import": 0, "export": 0, "id": "IR"}, {"import": 0, "export": 0, "id": "FR"}, {"import": 4664, "export": 0, "id": "BE"}, {"import": 0, "export": 866, "id": "SK"}, {"import": 0, "export": 0, "id": "GR"}, {"import": 0, "export": 0, "id": "TJ"}, {"import": 0, "export": 0, "id": "RO"}, {"import": 0, "export": 0, "id": "BG"}, {"import": 0, "export": 0, "id": "HR"}], "world_import": 224478, "world_export": 5310}, {"date": "2019-04-01", "list": [{"import": 235499, "export": 1057, "id": "IT"}, {"import": 59720, "export": 447, "id": "DE"}, {"import": 0, "export": 0, "id": "TH"}, {"import": 5418, "export": 0, "id": "DK"}, {"import": 548, "export": 0, "id": "NL"}, {"import": 1529, "export": 24, "id": "-"}, {"import": 0, "export": 0, "id": "GB"}, {"import": 3, "export": 62, "id": "PL"}, {"import": 0, "export": 0, "id": "IN"}, {"import": 0, "export": 0, "id": "SI"}, {"import": 0, "export": 0, "id": "ES"}, {"import": 0, "export": 0, "id": "CH"}, {"import": 0, "export": 0, "id": "US"}, {"import": 0, "export": 0, "id": "PK"}, {"import": 0, "export": 10251, "id": "HU"}, {"import": 0, "export": 0, "id": "IR"}, {"import": 0, "export": 0, "id": "FR"}, {"import": 11621, "export": 0, "id": "BE"}, {"import": 0, "export": 551, "id": "SK"}, {"import": 0, "export": 0, "id": "GR"}, {"import": 0, "export": 0, "id": "TJ"}, {"import": 0, "export": 0, "id": "RO"}, {"import": 0, "export": 0, "id": "BG"}, {"import": 0, "export": 0, "id": "HR"}], "world_import": 314338, "world_export": 12392}, {"date": "2019-05-01", "list": [{"import": 165252, "export": 851, "id": "IT"}, {"import": 69343, "export": 720, "id": "DE"}, {"import": 0, "export": 0, "id": "TH"}, {"import": 0, "export": 0, "id": "DK"}, {"import": 405, "export": 0, "id": "NL"}, {"import": 9, "export": 19, "id": "-"}, {"import": 36278, "export": 0, "id": "GB"}, {"import": 27, "export": 49, "id": "PL"}, {"import": 0, "export": 0, "id": "IN"}, {"import": 0, "export": 949, "id": "SI"}, {"import": 8400, "export": 0, "id": "ES"}, {"import": 0, "export": 0, "id": "CH"}, {"import": 0, "export": 0, "id": "US"}, {"import": 0, "export": 0, "id": "PK"}, {"import": 10146, "export": 2921, "id": "HU"}, {"import": 0, "export": 0, "id": "IR"}, {"import": 0, "export": 0, "id": "FR"}, {"import": 2427, "export": 0, "id": "BE"}, {"import": 0, "export": 709, "id": "SK"}, {"import": 0, "export": 0, "id": "GR"}, {"import": 0, "export": 0, "id": "TJ"}, {"import": 0, "export": 340, "id": "RO"}, {"import": 0, "export": 0, "id": "BG"}, {"import": 0, "export": 0, "id": "HR"}], "world_import": 292287, "world_export": 6558}, {"date": "2019-06-01", "list": [{"import": 153446, "export": 607, "id": "IT"}, {"import": 50070, "export": 489, "id": "DE"}, {"import": 1240, "export": 0, "id": "TH"}, {"import": 0, "export": 0, "id": "DK"}, {"import": 471, "export": 0, "id": "NL"}, {"import": 0, "export": 0, "id": "-"}, {"import": 0, "export": 0, "id": "GB"}, {"import": 0, "export": 0, "id": "PL"}, {"import": 0, "export": 0, "id": "IN"}, {"import": 0, "export": 237, "id": "SI"}, {"import": 0, "export": 0, "id": "ES"}, {"import": 0, "export": 0, "id": "CH"}, {"import": 0, "export": 0, "id": "US"}, {"import": 10000, "export": 0, "id": "PK"}, {"import": 0, "export": 569, "id": "HU"}, {"import": 0, "export": 0, "id": "IR"}, {"import": 0, "export": 0, "id": "FR"}, {"import": 2583, "export": 0, "id": "BE"}, {"import": 0, "export": 1114, "id": "SK"}, {"import": 0, "export": 0, "id": "GR"}, {"import": 0, "export": 0, "id": "TJ"}, {"import": 0, "export": 0, "id": "RO"}, {"import": 0, "export": 0, "id": "BG"}, {"import": 0, "export": 0, "id": "HR"}], "world_import": 217810, "world_export": 3016}, {"date": "2019-07-01", "list": [{"import": 208921, "export": 906, "id": "IT"}, {"import": 67826, "export": 715, "id": "DE"}, {"import": 4000, "export": 0, "id": "TH"}, {"import": 648, "export": 0, "id": "DK"}, {"import": 798, "export": 0, "id": "NL"}, {"import": 0, "export": 5526, "id": "-"}, {"import": 0, "export": 0, "id": "GB"}, {"import": 0, "export": 0, "id": "PL"}, {"import": 0, "export": 0, "id": "IN"}, {"import": 0, "export": 315, "id": "SI"}, {"import": 1651, "export": 0, "id": "ES"}, {"import": 0, "export": 0, "id": "CH"}, {"import": 0, "export": 0, "id": "US"}, {"import": 0, "export": 0, "id": "PK"}, {"import": 0, "export": 1262, "id": "HU"}, {"import": 0, "export": 0, "id": "IR"}, {"import": 826, "export": 0, "id": "FR"}, {"import": 7035, "export": 0, "id": "BE"}, {"import": 0, "export": 604, "id": "SK"}, {"import": 0, "export": 0, "id": "GR"}, {"import": 0, "export": 0, "id": "TJ"}, {"import": 0, "export": 427, "id": "RO"}, {"import": 0, "export": 0, "id": "BG"}, {"import": 0, "export": 0, "id": "HR"}], "world_import": 291705, "world_export": 9755}, {"date": "2019-08-01", "list": [{"import": 72687, "export": 712, "id": "IT"}, {"import": 59663, "export": 25555, "id": "DE"}, {"import": 0, "export": 0, "id": "TH"}, {"import": 2022, "export": 0, "id": "DK"}, {"import": 0, "export": 0, "id": "NL"}, {"import": 5, "export": 31, "id": "-"}, {"import": 0, "export": 0, "id": "GB"}, {"import": 5, "export": 12, "id": "PL"}, {"import": 31950, "export": 0, "id": "IN"}, {"import": 0, "export": 359, "id": "SI"}, {"import": 0, "export": 0, "id": "ES"}, {"import": 0, "export": 0, "id": "CH"}, {"import": 0, "export": 0, "id": "US"}, {"import": 0, "export": 0, "id": "PK"}, {"import": 0, "export": 692, "id": "HU"}, {"import": 0, "export": 0, "id": "IR"}, {"import": 0, "export": 0, "id": "FR"}, {"import": 1710, "export": 0, "id": "BE"}, {"import": 0, "export": 272, "id": "SK"}, {"import": 0, "export": 0, "id": "GR"}, {"import": 0, "export": 215, "id": "TJ"}, {"import": 0, "export": 0, "id": "RO"}, {"import": 0, "export": 0, "id": "BG"}, {"import": 0, "export": 0, "id": "HR"}], "world_import": 168042, "world_export": 27848}, {"date": "2019-09-01", "list": [{"import": 159700, "export": 877, "id": "IT"}, {"import": 73998, "export": 504, "id": "DE"}, {"import": 0, "export": 0, "id": "TH"}, {"import": 1296, "export": 0, "id": "DK"}, {"import": 19122, "export": 0, "id": "NL"}, {"import": 5, "export": 2115, "id": "-"}, {"import": 0, "export": 0, "id": "GB"}, {"import": 0, "export": 0, "id": "PL"}, {"import": 0, "export": 0, "id": "IN"}, {"import": 0, "export": 185, "id": "SI"}, {"import": 0, "export": 0, "id": "ES"}, {"import": 0, "export": 0, "id": "CH"}, {"import": 0, "export": 0, "id": "US"}, {"import": 0, "export": 0, "id": "PK"}, {"import": 0, "export": 272, "id": "HU"}, {"import": 0, "export": 0, "id": "IR"}, {"import": 0, "export": 0, "id": "FR"}, {"import": 5868, "export": 0, "id": "BE"}, {"import": 0, "export": 483, "id": "SK"}, {"import": 0, "export": 0, "id": "GR"}, {"import": 0, "export": 0, "id": "TJ"}, {"import": 0, "export": 0, "id": "RO"}, {"import": 0, "export": 0, "id": "BG"}, {"import": 0, "export": 0, "id": "HR"}], "world_import": 259989, "world_export": 4436}, {"date": "2019-10-01", "list": [{"import": 184501, "export": 866, "id": "IT"}, {"import": 70756, "export": 695, "id": "DE"}, {"import": 3600, "export": 0, "id": "TH"}, {"import": 0, "export": 0, "id": "DK"}, {"import": 608, "export": 0, "id": "NL"}, {"import": 10, "export": 76, "id": "-"}, {"import": 0, "export": 0, "id": "GB"}, {"import": 1, "export": 30, "id": "PL"}, {"import": 0, "export": 0, "id": "IN"}, {"import": 0, "export": 519, "id": "SI"}, {"import": 0, "export": 208, "id": "ES"}, {"import": 450, "export": 0, "id": "CH"}, {"import": 1015, "export": 0, "id": "US"}, {"import": 31000, "export": 0, "id": "PK"}, {"import": 0, "export": 1500, "id": "HU"}, {"import": 0, "export": 0, "id": "IR"}, {"import": 0, "export": 0, "id": "FR"}, {"import": 4551, "export": 0, "id": "BE"}, {"import": 0, "export": 543, "id": "SK"}, {"import": 0, "export": 21821, "id": "GR"}, {"import": 0, "export": 0, "id": "TJ"}, {"import": 0, "export": 809, "id": "RO"}, {"import": 0, "export": 0, "id": "BG"}, {"import": 0, "export": 0, "id": "HR"}], "world_import": 296492, "world_export": 27067}, {"date": "2019-11-01", "list": [{"import": 227474, "export": 544, "id": "IT"}, {"import": 77415, "export": 433, "id": "DE"}, {"import": 0, "export": 0, "id": "TH"}, {"import": 3258, "export": 0, "id": "DK"}, {"import": 12734, "export": 0, "id": "NL"}, {"import": 27, "export": 1867, "id": "-"}, {"import": 35939, "export": 0, "id": "GB"}, {"import": 5, "export": 73, "id": "PL"}, {"import": 16940, "export": 0, "id": "IN"}, {"import": 0, "export": 273, "id": "SI"}, {"import": 0, "export": 0, "id": "ES"}, {"import": 0, "export": 0, "id": "CH"}, {"import": 0, "export": 0, "id": "US"}, {"import": 0, "export": 0, "id": "PK"}, {"import": 0, "export": 740, "id": "HU"}, {"import": 0, "export": 0, "id": "IR"}, {"import": 0, "export": 0, "id": "FR"}, {"import": 5742, "export": 0, "id": "BE"}, {"import": 0, "export": 581, "id": "SK"}, {"import": 0, "export": 0, "id": "GR"}, {"import": 0, "export": 0, "id": "TJ"}, {"import": 0, "export": 0, "id": "RO"}, {"import": 0, "export": 0, "id": "BG"}, {"import": 0, "export": 0, "id": "HR"}], "world_import": 379534, "world_export": 4511}, {"date": "2019-12-01", "list": [{"import": 156551, "export": 619, "id": "IT"}, {"import": 52510, "export": 1731, "id": "DE"}, {"import": 0, "export": 0, "id": "TH"}, {"import": 650, "export": 0, "id": "DK"}, {"import": 0, "export": 0, "id": "NL"}, {"import": 10, "export": 20, "id": "-"}, {"import": 0, "export": 0, "id": "GB"}, {"import": 0, "export": 0, "id": "PL"}, {"import": 0, "export": 0, "id": "IN"}, {"import": 0, "export": 305, "id": "SI"}, {"import": 0, "export": 516, "id": "ES"}, {"import": 0, "export": 0, "id": "CH"}, {"import": 0, "export": 0, "id": "US"}, {"import": 0, "export": 0, "id": "PK"}, {"import": 0, "export": 1126, "id": "HU"}, {"import": 340, "export": 0, "id": "IR"}, {"import": 0, "export": 0, "id": "FR"}, {"import": 4164, "export": 0, "id": "BE"}, {"import": 0, "export": 411, "id": "SK"}, {"import": 0, "export": 0, "id": "GR"}, {"import": 0, "export": 0, "id": "TJ"}, {"import": 0, "export": 0, "id": "RO"}, {"import": 0, "export": 0, "id": "BG"}, {"import": 0, "export": 0, "id": "HR"}], "world_import": 214225, "world_export": 4728}, {"date": "2020-01-01", "list": [{"import": 95254, "export": 482, "id": "IT"}, {"import": 61653, "export": 776, "id": "DE"}, {"import": 0, "export": 0, "id": "TH"}, {"import": 2592, "export": 0, "id": "DK"}, {"import": 1353, "export": 0, "id": "NL"}, {"import": 15, "export": 3676, "id": "-"}, {"import": 0, "export": 0, "id": "GB"}, {"import": 26, "export": 68, "id": "PL"}, {"import": 0, "export": 0, "id": "IN"}, {"import": 0, "export": 2726, "id": "SI"}, {"import": 0, "export": 0, "id": "ES"}, {"import": 0, "export": 0, "id": "CH"}, {"import": 0, "export": 0, "id": "US"}, {"import": 0, "export": 0, "id": "PK"}, {"import": 0, "export": 368, "id": "HU"}, {"import": 0, "export": 0, "id": "IR"}, {"import": 0, "export": 0, "id": "FR"}, {"import": 4617, "export": 0, "id": "BE"}, {"import": 0, "export": 578, "id": "SK"}, {"import": 0, "export": 0, "id": "GR"}, {"import": 0, "export": 0, "id": "TJ"}, {"import": 0, "export": 0, "id": "RO"}, {"import": 0, "export": 0, "id": "BG"}, {"import": 0, "export": 433, "id": "HR"}], "world_import": 165510, "world_export": 9107}, {"date": "2020-02-01", "list": [{"import": 159375, "export": 745, "id": "IT"}, {"import": 75971, "export": 898, "id": "DE"}, {"import": 0, "export": 0, "id": "TH"}, {"import": 0, "export": 0, "id": "DK"}, {"import": 21506, "export": 0, "id": "NL"}, {"import": 34, "export": 5482, "id": "-"}, {"import": 30835, "export": 0, "id": "GB"}, {"import": 10, "export": 24, "id": "PL"}, {"import": 0, "export": 0, "id": "IN"}, {"import": 0, "export": 320, "id": "SI"}, {"import": 0, "export": 0, "id": "ES"}, {"import": 0, "export": 0, "id": "CH"}, {"import": 0, "export": 0, "id": "US"}, {"import": 0, "export": 0, "id": "PK"}, {"import": 0, "export": 362, "id": "HU"}, {"import": 0, "export": 0, "id": "IR"}, {"import": 0, "export": 0, "id": "FR"}, {"import": 0, "export": 0, "id": "BE"}, {"import": 0, "export": 612, "id": "SK"}, {"import": 0, "export": 0, "id": "GR"}, {"import": 0, "export": 0, "id": "TJ"}, {"import": 0, "export": 288, "id": "RO"}, {"import": 0, "export": 0, "id": "BG"}, {"import": 0, "export": 0, "id": "HR"}], "world_import": 287731, "world_export": 8731}, {"date": "2020-03-01", "list": [{"import": 233264, "export": 518, "id": "IT"}, {"import": 75848, "export": 958, "id": "DE"}, {"import": 0, "export": 0, "id": "TH"}, {"import": 1298, "export": 0, "id": "DK"}, {"import": 795, "export": 0, "id": "NL"}, {"import": 0, "export": 0, "id": "-"}, {"import": 0, "export": 0, "id": "GB"}, {"import": 0, "export": 0, "id": "PL"}, {"import": 0, "export": 0, "id": "IN"}, {"import": 543, "export": 495, "id": "SI"}, {"import": 0, "export": 0, "id": "ES"}, {"import": 0, "export": 0, "id": "CH"}, {"import": 0, "export": 0, "id": "US"}, {"import": 22000, "export": 0, "id": "PK"}, {"import": 0, "export": 2101, "id": "HU"}, {"import": 0, "export": 0, "id": "IR"}, {"import": 808, "export": 0, "id": "FR"}, {"import": 7553, "export": 0, "id": "BE"}, {"import": 0, "export": 1575, "id": "SK"}, {"import": 0, "export": 0, "id": "GR"}, {"import": 0, "export": 0, "id": "TJ"}, {"import": 0, "export": 0, "id": "RO"}, {"import": 0, "export": 0, "id": "BG"}, {"import": 0, "export": 0, "id": "HR"}], "world_import": 342109, "world_export": 5647}]