[{"date": "2016-11-01", "list": [{"import": 10776725, "export": 0, "id": "TH"}, {"import": 389748, "export": 0, "id": "IN"}, {"import": 0, "export": 0, "id": "AE"}, {"import": 300000, "export": 0, "id": "CN"}, {"import": 0, "export": 0, "id": "LB"}, {"import": 0, "export": 0, "id": "MY"}, {"import": 37000, "export": 0, "id": null}, {"import": 0, "export": 0, "id": "PK"}, {"import": 0, "export": 0, "id": "SA"}], "world_import": 11503473, "world_export": 0}, {"date": "2016-12-01", "list": [{"import": 8168634, "export": 0, "id": "TH"}, {"import": 2201750, "export": 0, "id": "IN"}, {"import": 0, "export": 0, "id": "AE"}, {"import": 52000, "export": 0, "id": "CN"}, {"import": 265715, "export": 0, "id": "LB"}, {"import": 130000, "export": 0, "id": "MY"}, {"import": 0, "export": 0, "id": null}, {"import": 0, "export": 0, "id": "PK"}, {"import": 0, "export": 0, "id": "SA"}], "world_import": 10818099, "world_export": 0}, {"date": "2017-01-01", "list": [{"import": 8105568, "export": 0, "id": "TH"}, {"import": 0, "export": 0, "id": "IN"}, {"import": 0, "export": 0, "id": "AE"}, {"import": 0, "export": 0, "id": "CN"}, {"import": 0, "export": 0, "id": "LB"}, {"import": 0, "export": 0, "id": "MY"}, {"import": 0, "export": 0, "id": null}, {"import": 0, "export": 0, "id": "PK"}, {"import": 0, "export": 0, "id": "SA"}], "world_import": 8105568, "world_export": 0}, {"date": "2017-02-01", "list": [{"import": 6808360, "export": 0, "id": "TH"}, {"import": 0, "export": 0, "id": "IN"}, {"import": 0, "export": 0, "id": "AE"}, {"import": 0, "export": 0, "id": "CN"}, {"import": 0, "export": 0, "id": "LB"}, {"import": 0, "export": 0, "id": "MY"}, {"import": 0, "export": 0, "id": null}, {"import": 0, "export": 0, "id": "PK"}, {"import": 0, "export": 0, "id": "SA"}], "world_import": 6808360, "world_export": 0}, {"date": "2017-03-01", "list": [{"import": 1885124, "export": 0, "id": "TH"}, {"import": 0, "export": 0, "id": "IN"}, {"import": 0, "export": 0, "id": "AE"}, {"import": 0, "export": 0, "id": "CN"}, {"import": 0, "export": 0, "id": "LB"}, {"import": 0, "export": 0, "id": "MY"}, {"import": 0, "export": 0, "id": null}, {"import": 0, "export": 0, "id": "PK"}, {"import": 0, "export": 0, "id": "SA"}], "world_import": 1885124, "world_export": 0}, {"date": "2017-04-01", "list": [{"import": 1859900, "export": 0, "id": "TH"}, {"import": 0, "export": 0, "id": "IN"}, {"import": 92596, "export": 0, "id": "AE"}, {"import": 0, "export": 0, "id": "CN"}, {"import": 0, "export": 0, "id": "LB"}, {"import": 0, "export": 0, "id": "MY"}, {"import": 0, "export": 0, "id": null}, {"import": 0, "export": 0, "id": "PK"}, {"import": 0, "export": 0, "id": "SA"}], "world_import": 1952496, "world_export": 0}, {"date": "2017-05-01", "list": [{"import": 5348150, "export": 0, "id": "TH"}, {"import": 0, "export": 0, "id": "IN"}, {"import": 0, "export": 0, "id": "AE"}, {"import": 0, "export": 0, "id": "CN"}, {"import": 0, "export": 0, "id": "LB"}, {"import": 0, "export": 0, "id": "MY"}, {"import": 0, "export": 0, "id": null}, {"import": 0, "export": 0, "id": "PK"}, {"import": 0, "export": 0, "id": "SA"}], "world_import": 5348150, "world_export": 0}, {"date": "2017-06-01", "list": [{"import": 3374334, "export": 0, "id": "TH"}, {"import": 0, "export": 0, "id": "IN"}, {"import": 0, "export": 0, "id": "AE"}, {"import": 27000, "export": 0, "id": "CN"}, {"import": 0, "export": 0, "id": "LB"}, {"import": 0, "export": 0, "id": "MY"}, {"import": 0, "export": 0, "id": null}, {"import": 0, "export": 0, "id": "PK"}, {"import": 0, "export": 0, "id": "SA"}], "world_import": 3401334, "world_export": 0}, {"date": "2017-07-01", "list": [{"import": 2850900, "export": 0, "id": "TH"}, {"import": 0, "export": 0, "id": "IN"}, {"import": 0, "export": 0, "id": "AE"}, {"import": 0, "export": 0, "id": "CN"}, {"import": 0, "export": 0, "id": "LB"}, {"import": 0, "export": 0, "id": "MY"}, {"import": 0, "export": 0, "id": null}, {"import": 0, "export": 0, "id": "PK"}, {"import": 0, "export": 0, "id": "SA"}], "world_import": 2850900, "world_export": 0}, {"date": "2017-08-01", "list": [{"import": 11147679, "export": 0, "id": "TH"}, {"import": 0, "export": 0, "id": "IN"}, {"import": 7100, "export": 0, "id": "AE"}, {"import": 0, "export": 0, "id": "CN"}, {"import": 0, "export": 0, "id": "LB"}, {"import": 0, "export": 0, "id": "MY"}, {"import": 0, "export": 0, "id": null}, {"import": 0, "export": 0, "id": "PK"}, {"import": 4500, "export": 0, "id": "SA"}], "world_import": 11159279, "world_export": 0}, {"date": "2017-09-01", "list": [{"import": 8344750, "export": 0, "id": "TH"}, {"import": 0, "export": 0, "id": "IN"}, {"import": 0, "export": 0, "id": "AE"}, {"import": 382000, "export": 0, "id": "CN"}, {"import": 0, "export": 0, "id": "LB"}, {"import": 0, "export": 0, "id": "MY"}, {"import": 0, "export": 0, "id": null}, {"import": 0, "export": 0, "id": "PK"}, {"import": 0, "export": 0, "id": "SA"}], "world_import": 8726750, "world_export": 0}, {"date": "2017-10-01", "list": [{"import": 1091950, "export": 0, "id": "TH"}, {"import": 270000, "export": 0, "id": "IN"}, {"import": 0, "export": 0, "id": "AE"}, {"import": 0, "export": 0, "id": "CN"}, {"import": 0, "export": 0, "id": "LB"}, {"import": 0, "export": 0, "id": "MY"}, {"import": 0, "export": 0, "id": null}, {"import": 0, "export": 0, "id": "PK"}, {"import": 0, "export": 0, "id": "SA"}], "world_import": 1361950, "world_export": 0}, {"date": "2017-11-01", "list": [{"import": 86450, "export": 0, "id": "TH"}, {"import": 1987000, "export": 0, "id": "IN"}, {"import": 0, "export": 0, "id": "AE"}, {"import": 0, "export": 0, "id": "CN"}, {"import": 0, "export": 0, "id": "LB"}, {"import": 0, "export": 0, "id": "MY"}, {"import": 0, "export": 0, "id": null}, {"import": 38000, "export": 0, "id": "PK"}, {"import": 0, "export": 0, "id": "SA"}], "world_import": 2111450, "world_export": 0}, {"date": "2017-12-01", "list": [{"import": 4704000, "export": 0, "id": "TH"}, {"import": 0, "export": 0, "id": "IN"}, {"import": 0, "export": 0, "id": "AE"}, {"import": 0, "export": 0, "id": "CN"}, {"import": 0, "export": 0, "id": "LB"}, {"import": 0, "export": 0, "id": "MY"}, {"import": 0, "export": 0, "id": null}, {"import": 0, "export": 0, "id": "PK"}, {"import": 0, "export": 0, "id": "SA"}], "world_import": 4704000, "world_export": 0}, {"date": "2018-01-01", "list": [{"import": 6161900, "export": 0, "id": "TH"}, {"import": 0, "export": 0, "id": "IN"}, {"import": 0, "export": 0, "id": "AE"}, {"import": 0, "export": 0, "id": "CN"}, {"import": 0, "export": 0, "id": "LB"}, {"import": 0, "export": 0, "id": "MY"}, {"import": 0, "export": 0, "id": null}, {"import": 0, "export": 0, "id": "PK"}, {"import": 0, "export": 0, "id": "SA"}], "world_import": 6161900, "world_export": 0}, {"date": "2018-02-01", "list": [{"import": 14167400, "export": 0, "id": "TH"}, {"import": 130132, "export": 0, "id": "IN"}, {"import": 0, "export": 0, "id": "AE"}, {"import": 0, "export": 0, "id": "CN"}, {"import": 0, "export": 0, "id": "LB"}, {"import": 0, "export": 0, "id": "MY"}, {"import": 0, "export": 0, "id": null}, {"import": 0, "export": 0, "id": "PK"}, {"import": 0, "export": 0, "id": "SA"}], "world_import": 14297532, "world_export": 0}, {"date": "2018-03-01", "list": [{"import": 13066750, "export": 0, "id": "TH"}, {"import": 226125, "export": 0, "id": "IN"}, {"import": 0, "export": 0, "id": "AE"}, {"import": 0, "export": 0, "id": "CN"}, {"import": 0, "export": 0, "id": "LB"}, {"import": 0, "export": 0, "id": "MY"}, {"import": 0, "export": 0, "id": null}, {"import": 0, "export": 0, "id": "PK"}, {"import": 0, "export": 0, "id": "SA"}], "world_import": 13292875, "world_export": 0}, {"date": "2018-04-01", "list": [{"import": 10026950, "export": 0, "id": "TH"}, {"import": 0, "export": 0, "id": "IN"}, {"import": 0, "export": 0, "id": "AE"}, {"import": 0, "export": 0, "id": "CN"}, {"import": 0, "export": 0, "id": "LB"}, {"import": 0, "export": 0, "id": "MY"}, {"import": 0, "export": 0, "id": null}, {"import": 0, "export": 0, "id": "PK"}, {"import": 0, "export": 0, "id": "SA"}], "world_import": 10026950, "world_export": 0}]