[{"date": "2019-01-01", "list": [{"import": 770, "export": 0, "id": "BR"}], "world_import": 770, "world_export": 0}, {"date": "2019-02-01", "list": [{"import": 766, "export": 0, "id": "BR"}], "world_import": 766, "world_export": 0}, {"date": "2019-04-01", "list": [{"import": 536, "export": 0, "id": "BR"}, {"import": 4748, "export": 0, "id": "US"}], "world_import": 5284, "world_export": 0}, {"date": "2019-05-01", "list": [{"import": 1145, "export": 0, "id": "BR"}], "world_import": 1145, "world_export": 0}, {"date": "2019-06-01", "list": [{"import": 820, "export": 0, "id": "BR"}, {"import": 13000, "export": 0, "id": "US"}], "world_import": 13820, "world_export": 0}, {"date": "2019-08-01", "list": [{"import": 2110, "export": 0, "id": "BR"}], "world_import": 2110, "world_export": 0}, {"date": "2019-09-01", "list": [{"import": 440, "export": 0, "id": "BR"}, {"import": 17, "export": 0, "id": "MZ"}], "world_import": 457, "world_export": 0}, {"date": "2019-10-01", "list": [{"import": 1295, "export": 0, "id": "BR"}], "world_import": 1295, "world_export": 0}, {"date": "2019-11-01", "list": [{"import": 697, "export": 0, "id": "BR"}], "world_import": 697, "world_export": 0}, {"date": "2019-12-01", "list": [{"import": 475, "export": 0, "id": "BR"}], "world_import": 475, "world_export": 0}, {"date": "2020-01-01", "list": [{"import": 2739, "export": 0, "id": "BR"}], "world_import": 2739, "world_export": 0}, {"date": "2020-03-01", "list": [{"import": 1040, "export": 0, "id": "BR"}], "world_import": 1040, "world_export": 0}, {"date": "2020-04-01", "list": [{"import": 2840, "export": 0, "id": "BR"}], "world_import": 2840, "world_export": 0}, {"date": "2020-05-01", "list": [{"import": 982, "export": 0, "id": "BR"}], "world_import": 982, "world_export": 0}, {"date": "2020-06-01", "list": [{"import": 1335, "export": 0, "id": "BR"}, {"import": 800, "export": 0, "id": "US"}], "world_import": 2135, "world_export": 0}]