[{"date": "2019-01-01", "list": [{"import": 0, "export": 0, "id": "NE"}, {"import": 390000, "export": 0, "id": "IN"}], "world_import": 390000, "world_export": 0}, {"date": "2019-02-01", "list": [{"import": 0, "export": 0, "id": "NE"}, {"import": 0, "export": 0, "id": "IN"}], "world_import": 0, "world_export": 0}, {"date": "2019-03-01", "list": [{"import": 0, "export": 0, "id": "NE"}, {"import": 234272, "export": 0, "id": "IN"}], "world_import": 234272, "world_export": 0}, {"date": "2019-04-01", "list": [{"import": 0, "export": 0, "id": "NE"}, {"import": 0, "export": 0, "id": "IN"}], "world_import": 0, "world_export": 0}, {"date": "2019-05-01", "list": [{"import": 0, "export": 0, "id": "NE"}, {"import": 0, "export": 0, "id": "IN"}], "world_import": 0, "world_export": 0}, {"date": "2019-06-01", "list": [{"import": 0, "export": 0, "id": "NE"}, {"import": 0, "export": 0, "id": "IN"}], "world_import": 0, "world_export": 0}, {"date": "2019-07-01", "list": [{"import": 0, "export": 0, "id": "NE"}, {"import": 0, "export": 0, "id": "IN"}], "world_import": 0, "world_export": 0}, {"date": "2019-08-01", "list": [{"import": 0, "export": 0, "id": "NE"}, {"import": 0, "export": 0, "id": "IN"}], "world_import": 0, "world_export": 0}, {"date": "2019-09-01", "list": [{"import": 0, "export": 0, "id": "NE"}, {"import": 0, "export": 0, "id": "IN"}], "world_import": 0, "world_export": 0}, {"date": "2019-10-01", "list": [{"import": 1200, "export": 0, "id": "NE"}, {"import": 0, "export": 0, "id": "IN"}], "world_import": 1200, "world_export": 0}]