[{"date": "2019-01-01", "list": [{"import": 1210, "export": 0, "id": "DK"}], "world_import": 1210, "world_export": 0}, {"date": "2019-02-01", "list": [{"import": 1133, "export": 0, "id": "DK"}], "world_import": 1133, "world_export": 0}, {"date": "2019-03-01", "list": [{"import": 874, "export": 0, "id": "DK"}], "world_import": 874, "world_export": 0}, {"date": "2019-04-01", "list": [{"import": 1664, "export": 0, "id": "DK"}], "world_import": 1664, "world_export": 0}, {"date": "2019-05-01", "list": [{"import": 1300, "export": 0, "id": "DK"}], "world_import": 1300, "world_export": 0}, {"date": "2019-06-01", "list": [{"import": 761, "export": 0, "id": "DK"}], "world_import": 761, "world_export": 0}, {"date": "2019-07-01", "list": [{"import": 2130, "export": 0, "id": "DK"}], "world_import": 2130, "world_export": 0}, {"date": "2019-08-01", "list": [{"import": 1076, "export": 0, "id": "DK"}], "world_import": 1076, "world_export": 0}, {"date": "2019-09-01", "list": [{"import": 1321, "export": 0, "id": "DK"}], "world_import": 1321, "world_export": 0}, {"date": "2019-10-01", "list": [{"import": 1237, "export": 0, "id": "DK"}], "world_import": 1237, "world_export": 0}, {"date": "2019-11-01", "list": [{"import": 927, "export": 0, "id": "DK"}], "world_import": 927, "world_export": 0}, {"date": "2019-12-01", "list": [{"import": 1611, "export": 0, "id": "DK"}], "world_import": 1611, "world_export": 0}, {"date": "2020-01-01", "list": [{"import": 1429, "export": 0, "id": "DK"}], "world_import": 1429, "world_export": 0}, {"date": "2020-02-01", "list": [{"import": 1689, "export": 0, "id": "DK"}], "world_import": 1689, "world_export": 0}, {"date": "2020-03-01", "list": [{"import": 1523, "export": 0, "id": "DK"}], "world_import": 1523, "world_export": 0}, {"date": "2020-04-01", "list": [{"import": 1456, "export": 0, "id": "DK"}], "world_import": 1456, "world_export": 0}, {"date": "2020-05-01", "list": [{"import": 2003, "export": 0, "id": "DK"}], "world_import": 2003, "world_export": 0}]