[{"date": "2019-02-01", "list": [{"import": 8500, "export": 0, "id": "CN"}], "world_import": 8500, "world_export": 0}, {"date": "2019-07-01", "list": [{"import": 4620, "export": 0, "id": "CN"}, {"import": 1000, "export": 0, "id": "IN"}], "world_import": 5620, "world_export": 0}, {"date": "2019-06-01", "list": [{"import": 200000, "export": 0, "id": "NG"}], "world_import": 200000, "world_export": 0}, {"date": "2019-05-01", "list": [{"import": 230360, "export": 0, "id": "BF"}], "world_import": 230360, "world_export": 0}]