[{"date": "2019-01-01", "list": [{"import": 2108, "export": 0, "id": "ZA"}], "world_import": 2108, "world_export": 0}, {"date": "2019-03-01", "list": [{"import": 574, "export": 0, "id": "ZA"}], "world_import": 574, "world_export": 0}, {"date": "2019-05-01", "list": [{"import": 1488, "export": 0, "id": "ZA"}], "world_import": 1488, "world_export": 0}, {"date": "2019-07-01", "list": [{"import": 566, "export": 0, "id": "ZA"}], "world_import": 566, "world_export": 0}, {"date": "2019-08-01", "list": [{"import": 3164, "export": 0, "id": "ZA"}], "world_import": 3164, "world_export": 0}]