[{"date": "2019-01-01", "list": [{"import": 5063, "export": 0, "id": "ES"}], "world_import": 5063, "world_export": 0}, {"date": "2019-02-01", "list": [{"import": 2090, "export": 0, "id": "ES"}], "world_import": 2090, "world_export": 0}, {"date": "2019-03-01", "list": [{"import": 2902, "export": 0, "id": "ES"}], "world_import": 2902, "world_export": 0}, {"date": "2019-04-01", "list": [{"import": 3769, "export": 0, "id": "ES"}], "world_import": 3769, "world_export": 0}, {"date": "2019-05-01", "list": [{"import": 5011, "export": 0, "id": "ES"}], "world_import": 5011, "world_export": 0}, {"date": "2019-06-01", "list": [{"import": 2392, "export": 0, "id": "ES"}], "world_import": 2392, "world_export": 0}, {"date": "2019-07-01", "list": [{"import": 1692, "export": 0, "id": "ES"}], "world_import": 1692, "world_export": 0}, {"date": "2019-08-01", "list": [{"import": 2827, "export": 0, "id": "ES"}], "world_import": 2827, "world_export": 0}, {"date": "2019-09-01", "list": [{"import": 1312, "export": 0, "id": "ES"}], "world_import": 1312, "world_export": 0}, {"date": "2019-10-01", "list": [{"import": 7539, "export": 0, "id": "ES"}], "world_import": 7539, "world_export": 0}, {"date": "2019-11-01", "list": [{"import": 1955, "export": 0, "id": "ES"}], "world_import": 1955, "world_export": 0}, {"date": "2019-12-01", "list": [{"import": 2771, "export": 0, "id": "ES"}], "world_import": 2771, "world_export": 0}, {"date": "2020-01-01", "list": [{"import": 1980, "export": 0, "id": "ES"}], "world_import": 1980, "world_export": 0}, {"date": "2020-02-01", "list": [{"import": 904, "export": 0, "id": "ES"}], "world_import": 904, "world_export": 0}, {"date": "2020-03-01", "list": [{"import": 3017, "export": 0, "id": "ES"}], "world_import": 3017, "world_export": 0}, {"date": "2020-04-01", "list": [{"import": 1428, "export": 0, "id": "ES"}], "world_import": 1428, "world_export": 0}, {"date": "2020-05-01", "list": [{"import": 1385, "export": 0, "id": "ES"}], "world_import": 1385, "world_export": 0}]