[{"date": "12-01", "list": [{"import": 1, "export": 0, "id": "-"}], "world_import": 16, "world_export": 0}, {"date": "1-01", "list": [{"import": 2, "export": 0, "id": "-"}], "world_import": 9, "world_export": 0}, {"date": "2-01", "list": [{"import": 13219832, "export": 0, "id": "IN"}, {"import": 38551232, "export": 0, "id": "TH"}, {"import": 1462625, "export": 0, "id": "PK"}, {"import": 22058590, "export": 0, "id": "AE"}, {"import": 873622, "export": 0, "id": "FR"}, {"import": 0, "export": 0, "id": "SG"}, {"import": 0, "export": 0, "id": "MN"}, {"import": 46608, "export": 0, "id": "VN"}, {"import": 0, "export": 0, "id": "ES"}, {"import": 0, "export": 0, "id": "CN"}, {"import": 189500, "export": 0, "id": "US"}, {"import": 0, "export": 0, "id": "PY"}, {"import": 0, "export": 0, "id": "SA"}, {"import": 0, "export": 0, "id": "TG"}, {"import": 0, "export": 0, "id": "SD"}, {"import": 0, "export": 0, "id": "CH"}, {"import": 0, "export": 0, "id": "MA"}, {"import": 0, "export": 0, "id": "BH"}, {"import": 0, "export": 0, "id": "BR"}, {"import": 750, "export": 0, "id": "GA"}, {"import": 0, "export": 0, "id": "GH"}, {"import": 0, "export": 0, "id": "GY"}, {"import": 2, "export": 0, "id": "-"}, {"import": 0, "export": 0, "id": "IT"}], "world_import": 76571715, "world_export": 0}, {"date": "Unnamed: 3-01", "list": [{"import": 7713688, "export": 0, "id": "IN"}, {"import": 14540391, "export": 0, "id": "TH"}, {"import": 0, "export": 0, "id": "PK"}, {"import": 22400, "export": 0, "id": "AE"}, {"import": 0, "export": 0, "id": "FR"}, {"import": 0, "export": 0, "id": "SG"}, {"import": 0, "export": 0, "id": "MN"}, {"import": 0, "export": 0, "id": "VN"}, {"import": 0, "export": 0, "id": "ES"}, {"import": 0, "export": 0, "id": "CN"}, {"import": 189650, "export": 0, "id": "US"}, {"import": 0, "export": 0, "id": "PY"}, {"import": 590, "export": 0, "id": "SA"}, {"import": 0, "export": 0, "id": "TG"}, {"import": 0, "export": 0, "id": "SD"}, {"import": 0, "export": 0, "id": "CH"}, {"import": 0, "export": 0, "id": "MA"}, {"import": 0, "export": 0, "id": "BH"}, {"import": 0, "export": 0, "id": "BR"}, {"import": 0, "export": 0, "id": "GA"}, {"import": 0, "export": 0, "id": "GH"}, {"import": 25000, "export": 0, "id": "GY"}, {"import": 292297, "export": 0, "id": "-"}, {"import": 0, "export": 0, "id": "IT"}], "world_import": 22784016, "world_export": 0}, {"date": "Unnamed: 4-01", "list": [{"import": 17583893, "export": 0, "id": "IN"}, {"import": 38047543, "export": 0, "id": "TH"}, {"import": 0, "export": 0, "id": "PK"}, {"import": 33897663, "export": 0, "id": "AE"}, {"import": 0, "export": 0, "id": "FR"}, {"import": 260000, "export": 0, "id": "SG"}, {"import": 0, "export": 0, "id": "MN"}, {"import": 0, "export": 0, "id": "VN"}, {"import": 0, "export": 0, "id": "ES"}, {"import": 0, "export": 0, "id": "CN"}, {"import": 0, "export": 0, "id": "US"}, {"import": 0, "export": 0, "id": "PY"}, {"import": 0, "export": 0, "id": "SA"}, {"import": 0, "export": 0, "id": "TG"}, {"import": 0, "export": 0, "id": "SD"}, {"import": 0, "export": 0, "id": "CH"}, {"import": 0, "export": 0, "id": "MA"}, {"import": 4600, "export": 0, "id": "BH"}, {"import": 0, "export": 0, "id": "BR"}, {"import": 920, "export": 0, "id": "GA"}, {"import": 0, "export": 0, "id": "GH"}, {"import": 0, "export": 0, "id": "GY"}, {"import": 0, "export": 0, "id": "-"}, {"import": 0, "export": 0, "id": "IT"}], "world_import": 89794619, "world_export": 0}, {"date": "Unnamed: 5-01", "list": [{"import": 9244328, "export": 0, "id": "IN"}, {"import": 13799620, "export": 0, "id": "TH"}, {"import": 182000, "export": 0, "id": "PK"}, {"import": 41286115, "export": 0, "id": "AE"}, {"import": 0, "export": 0, "id": "FR"}, {"import": 520000, "export": 0, "id": "SG"}, {"import": 0, "export": 0, "id": "MN"}, {"import": 256234, "export": 0, "id": "VN"}, {"import": 0, "export": 0, "id": "ES"}, {"import": 0, "export": 0, "id": "CN"}, {"import": 0, "export": 0, "id": "US"}, {"import": 0, "export": 0, "id": "PY"}, {"import": 0, "export": 0, "id": "SA"}, {"import": 0, "export": 0, "id": "TG"}, {"import": 0, "export": 0, "id": "SD"}, {"import": 0, "export": 0, "id": "CH"}, {"import": 0, "export": 0, "id": "MA"}, {"import": 0, "export": 0, "id": "BH"}, {"import": 0, "export": 0, "id": "BR"}, {"import": 0, "export": 0, "id": "GA"}, {"import": 0, "export": 0, "id": "GH"}, {"import": 0, "export": 0, "id": "GY"}, {"import": 432045, "export": 0, "id": "-"}, {"import": 0, "export": 0, "id": "IT"}], "world_import": 65720342, "world_export": 0}, {"date": "Unnamed: 6-01", "list": [{"import": 5817820, "export": 0, "id": "IN"}, {"import": 9803316, "export": 0, "id": "TH"}, {"import": 650000, "export": 0, "id": "PK"}, {"import": 26200867, "export": 0, "id": "AE"}, {"import": 2121448, "export": 0, "id": "FR"}, {"import": 0, "export": 0, "id": "SG"}, {"import": 0, "export": 0, "id": "MN"}, {"import": 230270, "export": 0, "id": "VN"}, {"import": 0, "export": 0, "id": "ES"}, {"import": 0, "export": 0, "id": "CN"}, {"import": 0, "export": 0, "id": "US"}, {"import": 0, "export": 0, "id": "PY"}, {"import": 0, "export": 0, "id": "SA"}, {"import": 0, "export": 0, "id": "TG"}, {"import": 0, "export": 0, "id": "SD"}, {"import": 0, "export": 0, "id": "CH"}, {"import": 0, "export": 0, "id": "MA"}, {"import": 0, "export": 0, "id": "BH"}, {"import": 0, "export": 0, "id": "BR"}, {"import": 0, "export": 0, "id": "GA"}, {"import": 0, "export": 0, "id": "GH"}, {"import": 0, "export": 0, "id": "GY"}, {"import": 141425, "export": 0, "id": "-"}, {"import": 0, "export": 0, "id": "IT"}], "world_import": 44965146, "world_export": 0}, {"date": "Unnamed: 7-01", "list": [{"import": 11457119, "export": 0, "id": "IN"}, {"import": 39442300, "export": 0, "id": "TH"}, {"import": 2226500, "export": 0, "id": "PK"}, {"import": 43246284, "export": 0, "id": "AE"}, {"import": 0, "export": 0, "id": "FR"}, {"import": 0, "export": 0, "id": "SG"}, {"import": 0, "export": 0, "id": "MN"}, {"import": 200350, "export": 0, "id": "VN"}, {"import": 0, "export": 0, "id": "ES"}, {"import": 15000162, "export": 0, "id": "CN"}, {"import": 0, "export": 0, "id": "US"}, {"import": 0, "export": 0, "id": "PY"}, {"import": 0, "export": 0, "id": "SA"}, {"import": 0, "export": 0, "id": "TG"}, {"import": 0, "export": 0, "id": "SD"}, {"import": 0, "export": 0, "id": "CH"}, {"import": 0, "export": 0, "id": "MA"}, {"import": 0, "export": 0, "id": "BH"}, {"import": 0, "export": 0, "id": "BR"}, {"import": 0, "export": 0, "id": "GA"}, {"import": 0, "export": 0, "id": "GH"}, {"import": 0, "export": 0, "id": "GY"}, {"import": 0, "export": 0, "id": "-"}, {"import": 0, "export": 0, "id": "IT"}], "world_import": 111572715, "world_export": 0}, {"date": "Unnamed: 8-01", "list": [{"import": 4671541, "export": 0, "id": "IN"}, {"import": 33874921, "export": 0, "id": "TH"}, {"import": 1053500, "export": 0, "id": "PK"}, {"import": 48676500, "export": 0, "id": "AE"}, {"import": 1675498, "export": 0, "id": "FR"}, {"import": 0, "export": 0, "id": "SG"}, {"import": 0, "export": 0, "id": "MN"}, {"import": 161152, "export": 0, "id": "VN"}, {"import": 0, "export": 0, "id": "ES"}, {"import": 0, "export": 0, "id": "CN"}, {"import": 0, "export": 0, "id": "US"}, {"import": 0, "export": 0, "id": "PY"}, {"import": 0, "export": 0, "id": "SA"}, {"import": 0, "export": 0, "id": "TG"}, {"import": 0, "export": 0, "id": "SD"}, {"import": 0, "export": 0, "id": "CH"}, {"import": 0, "export": 0, "id": "MA"}, {"import": 0, "export": 0, "id": "BH"}, {"import": 0, "export": 0, "id": "BR"}, {"import": 0, "export": 0, "id": "GA"}, {"import": 0, "export": 0, "id": "GH"}, {"import": 0, "export": 0, "id": "GY"}, {"import": 118796, "export": 0, "id": "-"}, {"import": 0, "export": 0, "id": "IT"}], "world_import": 90231908, "world_export": 0}, {"date": "Unnamed: 9-01", "list": [{"import": 5265683, "export": 0, "id": "IN"}, {"import": 40381478, "export": 0, "id": "TH"}, {"import": 1247710, "export": 0, "id": "PK"}, {"import": 52231582, "export": 0, "id": "AE"}, {"import": 3372422, "export": 0, "id": "FR"}, {"import": 0, "export": 0, "id": "SG"}, {"import": 0, "export": 0, "id": "MN"}, {"import": 298851, "export": 0, "id": "VN"}, {"import": 0, "export": 0, "id": "ES"}, {"import": 0, "export": 0, "id": "CN"}, {"import": 0, "export": 0, "id": "US"}, {"import": 0, "export": 0, "id": "PY"}, {"import": 0, "export": 0, "id": "SA"}, {"import": 0, "export": 0, "id": "TG"}, {"import": 0, "export": 0, "id": "SD"}, {"import": 0, "export": 0, "id": "CH"}, {"import": 0, "export": 0, "id": "MA"}, {"import": 0, "export": 0, "id": "BH"}, {"import": 0, "export": 0, "id": "BR"}, {"import": 0, "export": 0, "id": "GA"}, {"import": 0, "export": 0, "id": "GH"}, {"import": 0, "export": 0, "id": "GY"}, {"import": 0, "export": 0, "id": "-"}, {"import": 0, "export": 0, "id": "IT"}], "world_import": 102797726, "world_export": 0}, {"date": "Unnamed: 10-01", "list": [{"import": 5319094, "export": 0, "id": "IN"}, {"import": 30734370, "export": 0, "id": "TH"}, {"import": 2175000, "export": 0, "id": "PK"}, {"import": 30711750, "export": 0, "id": "AE"}, {"import": 629077, "export": 0, "id": "FR"}, {"import": 0, "export": 0, "id": "SG"}, {"import": 0, "export": 0, "id": "MN"}, {"import": 373651, "export": 0, "id": "VN"}, {"import": 98000, "export": 0, "id": "ES"}, {"import": 0, "export": 0, "id": "CN"}, {"import": 0, "export": 0, "id": "US"}, {"import": 0, "export": 0, "id": "PY"}, {"import": 0, "export": 0, "id": "SA"}, {"import": 0, "export": 0, "id": "TG"}, {"import": 0, "export": 0, "id": "SD"}, {"import": 0, "export": 0, "id": "CH"}, {"import": 0, "export": 0, "id": "MA"}, {"import": 0, "export": 0, "id": "BH"}, {"import": 0, "export": 0, "id": "BR"}, {"import": 0, "export": 0, "id": "GA"}, {"import": 0, "export": 0, "id": "GH"}, {"import": 0, "export": 0, "id": "GY"}, {"import": 0, "export": 0, "id": "-"}, {"import": 0, "export": 0, "id": "IT"}], "world_import": 70040942, "world_export": 0}, {"date": "Unnamed: 11-01", "list": [{"import": 29160958, "export": 0, "id": "IN"}, {"import": 73652524, "export": 0, "id": "TH"}, {"import": 1070340, "export": 0, "id": "PK"}, {"import": 37418900, "export": 0, "id": "AE"}, {"import": 77850, "export": 0, "id": "FR"}, {"import": 0, "export": 0, "id": "SG"}, {"import": 0, "export": 0, "id": "MN"}, {"import": 0, "export": 0, "id": "VN"}, {"import": 95800, "export": 0, "id": "ES"}, {"import": 0, "export": 0, "id": "CN"}, {"import": 0, "export": 0, "id": "US"}, {"import": 0, "export": 0, "id": "PY"}, {"import": 0, "export": 0, "id": "SA"}, {"import": 0, "export": 0, "id": "TG"}, {"import": 0, "export": 0, "id": "SD"}, {"import": 276000, "export": 0, "id": "CH"}, {"import": 0, "export": 0, "id": "MA"}, {"import": 0, "export": 0, "id": "BH"}, {"import": 0, "export": 0, "id": "BR"}, {"import": 0, "export": 0, "id": "GA"}, {"import": 0, "export": 0, "id": "GH"}, {"import": 0, "export": 0, "id": "GY"}, {"import": 69000, "export": 0, "id": "-"}, {"import": 0, "export": 0, "id": "IT"}], "world_import": 141821372, "world_export": 0}, {"date": "Unnamed: 12-01", "list": [{"import": 24505065, "export": 0, "id": "IN"}, {"import": 27345904, "export": 0, "id": "TH"}, {"import": 5235638, "export": 0, "id": "PK"}, {"import": 37786800, "export": 0, "id": "AE"}, {"import": 4912, "export": 0, "id": "FR"}, {"import": 1000000, "export": 0, "id": "SG"}, {"import": 0, "export": 0, "id": "MN"}, {"import": 144920, "export": 0, "id": "VN"}, {"import": 144000, "export": 0, "id": "ES"}, {"import": 76348, "export": 0, "id": "CN"}, {"import": 0, "export": 0, "id": "US"}, {"import": 0, "export": 0, "id": "PY"}, {"import": 0, "export": 0, "id": "SA"}, {"import": 0, "export": 0, "id": "TG"}, {"import": 0, "export": 0, "id": "SD"}, {"import": 0, "export": 0, "id": "CH"}, {"import": 0, "export": 0, "id": "MA"}, {"import": 0, "export": 0, "id": "BH"}, {"import": 0, "export": 0, "id": "BR"}, {"import": 0, "export": 0, "id": "GA"}, {"import": 0, "export": 0, "id": "GH"}, {"import": 0, "export": 0, "id": "GY"}, {"import": 69000, "export": 0, "id": "-"}, {"import": 0, "export": 0, "id": "IT"}], "world_import": 96312587, "world_export": 0}, {"date": "Unnamed: 13-01", "list": [{"import": 30693316, "export": 0, "id": "IN"}, {"import": 51129440, "export": 0, "id": "TH"}, {"import": 5104649, "export": 0, "id": "PK"}, {"import": 23850650, "export": 0, "id": "AE"}, {"import": 1069239, "export": 0, "id": "FR"}, {"import": 0, "export": 0, "id": "SG"}, {"import": 0, "export": 0, "id": "MN"}, {"import": 782579, "export": 0, "id": "VN"}, {"import": 212480, "export": 0, "id": "ES"}, {"import": 0, "export": 0, "id": "CN"}, {"import": 0, "export": 0, "id": "US"}, {"import": 124340, "export": 0, "id": "PY"}, {"import": 0, "export": 0, "id": "SA"}, {"import": 0, "export": 0, "id": "TG"}, {"import": 260910, "export": 0, "id": "SD"}, {"import": 0, "export": 0, "id": "CH"}, {"import": 0, "export": 0, "id": "MA"}, {"import": 0, "export": 0, "id": "BH"}, {"import": 0, "export": 0, "id": "BR"}, {"import": 0, "export": 0, "id": "GA"}, {"import": 0, "export": 0, "id": "GH"}, {"import": 0, "export": 0, "id": "GY"}, {"import": 0, "export": 0, "id": "-"}, {"import": 0, "export": 0, "id": "IT"}], "world_import": 113227603, "world_export": 0}, {"date": "Unnamed: 14-01", "list": [{"import": 17959597, "export": 0, "id": "IN"}, {"import": 26397373, "export": 0, "id": "TH"}, {"import": 5345644, "export": 0, "id": "PK"}, {"import": 1045800, "export": 0, "id": "AE"}, {"import": 502103, "export": 0, "id": "FR"}, {"import": 767028, "export": 0, "id": "SG"}, {"import": 0, "export": 0, "id": "MN"}, {"import": 289406, "export": 0, "id": "VN"}, {"import": 144338, "export": 0, "id": "ES"}, {"import": 150, "export": 0, "id": "CN"}, {"import": 0, "export": 0, "id": "US"}, {"import": 100390, "export": 0, "id": "PY"}, {"import": 0, "export": 0, "id": "SA"}, {"import": 24872, "export": 0, "id": "TG"}, {"import": 260910, "export": 0, "id": "SD"}, {"import": 0, "export": 0, "id": "CH"}, {"import": 0, "export": 0, "id": "MA"}, {"import": 2000, "export": 0, "id": "BH"}, {"import": 24090, "export": 0, "id": "BR"}, {"import": 0, "export": 0, "id": "GA"}, {"import": 0, "export": 0, "id": "GH"}, {"import": 0, "export": 0, "id": "GY"}, {"import": 0, "export": 0, "id": "-"}, {"import": 0, "export": 0, "id": "IT"}], "world_import": 52863701, "world_export": 0}, {"date": "Unnamed: 15-01", "list": [{"import": 22299116, "export": 0, "id": "IN"}, {"import": 39772251, "export": 0, "id": "TH"}, {"import": 4175213, "export": 0, "id": "PK"}, {"import": 23159509, "export": 0, "id": "AE"}, {"import": 0, "export": 0, "id": "FR"}, {"import": 511352, "export": 0, "id": "SG"}, {"import": 0, "export": 0, "id": "MN"}, {"import": 149519, "export": 0, "id": "VN"}, {"import": 93600, "export": 0, "id": "ES"}, {"import": 72099, "export": 0, "id": "CN"}, {"import": 0, "export": 0, "id": "US"}, {"import": 0, "export": 0, "id": "PY"}, {"import": 0, "export": 0, "id": "SA"}, {"import": 430527, "export": 0, "id": "TG"}, {"import": 0, "export": 0, "id": "SD"}, {"import": 0, "export": 0, "id": "CH"}, {"import": 0, "export": 0, "id": "MA"}, {"import": 0, "export": 0, "id": "BH"}, {"import": 0, "export": 0, "id": "BR"}, {"import": 0, "export": 0, "id": "GA"}, {"import": 0, "export": 0, "id": "GH"}, {"import": 0, "export": 0, "id": "GY"}, {"import": 0, "export": 0, "id": "-"}, {"import": 0, "export": 0, "id": "IT"}], "world_import": 90663186, "world_export": 0}, {"date": "Unnamed: 16-01", "list": [{"import": 55814293, "export": 0, "id": "IN"}, {"import": 89838117, "export": 0, "id": "TH"}, {"import": 6008023, "export": 0, "id": "PK"}, {"import": 20208040, "export": 0, "id": "AE"}, {"import": 0, "export": 0, "id": "FR"}, {"import": 260680, "export": 0, "id": "SG"}, {"import": 0, "export": 0, "id": "MN"}, {"import": 262221, "export": 0, "id": "VN"}, {"import": 24000, "export": 0, "id": "ES"}, {"import": 0, "export": 0, "id": "CN"}, {"import": 0, "export": 0, "id": "US"}, {"import": 0, "export": 0, "id": "PY"}, {"import": 0, "export": 0, "id": "SA"}, {"import": 0, "export": 0, "id": "TG"}, {"import": 0, "export": 0, "id": "SD"}, {"import": 0, "export": 0, "id": "CH"}, {"import": 0, "export": 0, "id": "MA"}, {"import": 0, "export": 0, "id": "BH"}, {"import": 0, "export": 0, "id": "BR"}, {"import": 0, "export": 0, "id": "GA"}, {"import": 0, "export": 0, "id": "GH"}, {"import": 0, "export": 0, "id": "GY"}, {"import": 0, "export": 0, "id": "-"}, {"import": 0, "export": 0, "id": "IT"}], "world_import": 172415374, "world_export": 0}, {"date": "Unnamed: 17-01", "list": [{"import": 76792151, "export": 0, "id": "IN"}, {"import": 30417093, "export": 0, "id": "TH"}, {"import": 2805624, "export": 0, "id": "PK"}, {"import": 24183156, "export": 0, "id": "AE"}, {"import": 475, "export": 0, "id": "FR"}, {"import": 1772564, "export": 0, "id": "SG"}, {"import": 0, "export": 0, "id": "MN"}, {"import": 23666, "export": 0, "id": "VN"}, {"import": 23666, "export": 0, "id": "ES"}, {"import": 539, "export": 0, "id": "CN"}, {"import": 961, "export": 0, "id": "US"}, {"import": 0, "export": 0, "id": "PY"}, {"import": 0, "export": 0, "id": "SA"}, {"import": 514504, "export": 0, "id": "TG"}, {"import": 0, "export": 0, "id": "SD"}, {"import": 358120, "export": 0, "id": "CH"}, {"import": 649575, "export": 0, "id": "MA"}, {"import": 0, "export": 0, "id": "BH"}, {"import": 0, "export": 0, "id": "BR"}, {"import": 0, "export": 0, "id": "GA"}, {"import": 0, "export": 0, "id": "GH"}, {"import": 0, "export": 0, "id": "GY"}, {"import": 0, "export": 0, "id": "-"}, {"import": 0, "export": 0, "id": "IT"}], "world_import": 137542094, "world_export": 0}, {"date": "Unnamed: 18-01", "list": [{"import": 79488559, "export": 0, "id": "IN"}, {"import": 9917610, "export": 0, "id": "TH"}, {"import": 4591394, "export": 0, "id": "PK"}, {"import": 11699730, "export": 0, "id": "AE"}, {"import": 50238, "export": 0, "id": "FR"}, {"import": 511352, "export": 0, "id": "SG"}, {"import": 781860, "export": 0, "id": "MN"}, {"import": 0, "export": 0, "id": "VN"}, {"import": 0, "export": 0, "id": "ES"}, {"import": 528686, "export": 0, "id": "CN"}, {"import": 0, "export": 0, "id": "US"}, {"import": 0, "export": 0, "id": "PY"}, {"import": 0, "export": 0, "id": "SA"}, {"import": 116790, "export": 0, "id": "TG"}, {"import": 0, "export": 0, "id": "SD"}, {"import": 0, "export": 0, "id": "CH"}, {"import": 0, "export": 0, "id": "MA"}, {"import": 0, "export": 0, "id": "BH"}, {"import": 0, "export": 0, "id": "BR"}, {"import": 0, "export": 0, "id": "GA"}, {"import": 0, "export": 0, "id": "GH"}, {"import": 0, "export": 0, "id": "GY"}, {"import": 0, "export": 0, "id": "-"}, {"import": 0, "export": 0, "id": "IT"}], "world_import": 107686219, "world_export": 0}, {"date": "Unnamed: 19-01", "list": [{"import": 65820888, "export": 0, "id": "IN"}, {"import": 8489895, "export": 0, "id": "TH"}, {"import": 4592529, "export": 0, "id": "PK"}, {"import": 26583750, "export": 0, "id": "AE"}, {"import": 0, "export": 0, "id": "FR"}, {"import": 0, "export": 0, "id": "SG"}, {"import": 806000, "export": 0, "id": "MN"}, {"import": 24000, "export": 0, "id": "VN"}, {"import": 72751, "export": 0, "id": "ES"}, {"import": 1006496, "export": 0, "id": "CN"}, {"import": 0, "export": 0, "id": "US"}, {"import": 0, "export": 0, "id": "PY"}, {"import": 0, "export": 0, "id": "SA"}, {"import": 0, "export": 0, "id": "TG"}, {"import": 0, "export": 0, "id": "SD"}, {"import": 0, "export": 0, "id": "CH"}, {"import": 0, "export": 0, "id": "MA"}, {"import": 0, "export": 0, "id": "BH"}, {"import": 0, "export": 0, "id": "BR"}, {"import": 0, "export": 0, "id": "GA"}, {"import": 23666, "export": 0, "id": "GH"}, {"import": 0, "export": 0, "id": "GY"}, {"import": 260780, "export": 0, "id": "-"}, {"import": 180, "export": 0, "id": "IT"}], "world_import": 107680935, "world_export": 0}, {"date": "Unnamed: 20-01", "list": [{"import": 23793542, "export": 0, "id": "IN"}, {"import": 17203386, "export": 0, "id": "TH"}, {"import": 1277209, "export": 0, "id": "PK"}, {"import": 8541620, "export": 0, "id": "AE"}, {"import": 0, "export": 0, "id": "FR"}, {"import": 0, "export": 0, "id": "SG"}, {"import": 501300, "export": 0, "id": "MN"}, {"import": 140591, "export": 0, "id": "VN"}, {"import": 71800, "export": 0, "id": "ES"}, {"import": 130416, "export": 0, "id": "CN"}, {"import": 0, "export": 0, "id": "US"}, {"import": 0, "export": 0, "id": "PY"}, {"import": 0, "export": 0, "id": "SA"}, {"import": 216618, "export": 0, "id": "TG"}, {"import": 0, "export": 0, "id": "SD"}, {"import": 0, "export": 0, "id": "CH"}, {"import": 0, "export": 0, "id": "MA"}, {"import": 0, "export": 0, "id": "BH"}, {"import": 0, "export": 0, "id": "BR"}, {"import": 0, "export": 0, "id": "GA"}, {"import": 0, "export": 0, "id": "GH"}, {"import": 0, "export": 0, "id": "GY"}, {"import": 0, "export": 0, "id": "-"}, {"import": 0, "export": 0, "id": "IT"}], "world_import": 51876482, "world_export": 0}, {"date": "Unnamed: 21-01", "list": [{"import": 15962830, "export": 0, "id": "IN"}, {"import": 6495603, "export": 0, "id": "TH"}, {"import": 5146084, "export": 0, "id": "PK"}, {"import": 3825354, "export": 0, "id": "AE"}, {"import": 2304319, "export": 0, "id": "FR"}, {"import": 1173262, "export": 0, "id": "SG"}, {"import": 781860, "export": 0, "id": "MN"}, {"import": 401280, "export": 0, "id": "VN"}, {"import": 48000, "export": 0, "id": "ES"}, {"import": 320, "export": 0, "id": "CN"}, {"import": 0, "export": 0, "id": "US"}, {"import": 0, "export": 0, "id": "PY"}, {"import": 0, "export": 0, "id": "SA"}, {"import": 0, "export": 0, "id": "TG"}, {"import": 0, "export": 0, "id": "SD"}, {"import": 0, "export": 0, "id": "CH"}, {"import": 0, "export": 0, "id": "MA"}, {"import": 0, "export": 0, "id": "BH"}, {"import": 0, "export": 0, "id": "BR"}, {"import": 0, "export": 0, "id": "GA"}, {"import": 0, "export": 0, "id": "GH"}, {"import": 0, "export": 0, "id": "GY"}, {"import": 0, "export": 0, "id": "-"}, {"import": 0, "export": 0, "id": "IT"}], "world_import": 36138912, "world_export": 0}, {"date": "2018-05-01", "list": [{"import": 0, "export": 0, "id": "NE"}, {"import": 0, "export": 0, "id": "BF"}], "world_import": 0, "world_export": 0}, {"date": "2018-06-01", "list": [{"import": 0, "export": 0, "id": "NE"}, {"import": 0, "export": 0, "id": "BF"}], "world_import": 0, "world_export": 0}, {"date": "2018-07-01", "list": [{"import": 0, "export": 0, "id": "NE"}, {"import": 0, "export": 0, "id": "BF"}], "world_import": 0, "world_export": 0}, {"date": "2018-08-01", "list": [{"import": 0, "export": 0, "id": "NE"}, {"import": 0, "export": 0, "id": "BF"}], "world_import": 0, "world_export": 0}, {"date": "2018-09-01", "list": [{"import": 0, "export": 0, "id": "NE"}, {"import": 0, "export": 0, "id": "BF"}], "world_import": 0, "world_export": 0}, {"date": "2018-10-01", "list": [{"import": 0, "export": 0, "id": "NE"}, {"import": 0, "export": 0, "id": "BF"}], "world_import": 0, "world_export": 0}, {"date": "2018-11-01", "list": [{"import": 0, "export": 0, "id": "NE"}, {"import": 0, "export": 0, "id": "BF"}], "world_import": 0, "world_export": 0}, {"date": "2018-12-01", "list": [{"import": 0, "export": 0, "id": "NE"}, {"import": 0, "export": 0, "id": "BF"}], "world_import": 0, "world_export": 0}, {"date": "2019-01-01", "list": [{"import": 0, "export": 0, "id": "NE"}, {"import": 0, "export": 0, "id": "BF"}], "world_import": 0, "world_export": 0}, {"date": "2019-02-01", "list": [{"import": 0, "export": 0, "id": "NE"}, {"import": 0, "export": 0, "id": "BF"}], "world_import": 0, "world_export": 0}, {"date": "2019-03-01", "list": [{"import": 0, "export": 0, "id": "NE"}, {"import": 0, "export": 0, "id": "BF"}], "world_import": 0, "world_export": 0}, {"date": "2019-04-01", "list": [{"import": 0, "export": 0, "id": "NE"}, {"import": 0, "export": 0, "id": "BF"}], "world_import": 0, "world_export": 0}, {"date": "2019-05-01", "list": [{"import": 0, "export": 0, "id": "NE"}, {"import": 0, "export": 0, "id": "BF"}], "world_import": 0, "world_export": 0}, {"date": "2019-06-01", "list": [{"import": 0, "export": 0, "id": "NE"}, {"import": 0, "export": 0, "id": "BF"}], "world_import": 0, "world_export": 0}, {"date": "2019-07-01", "list": [{"import": 0, "export": 169000, "id": "NE"}, {"import": 0, "export": 0, "id": "BF"}], "world_import": 0, "world_export": 169000}, {"date": "2019-08-01", "list": [{"import": 0, "export": 0, "id": "NE"}, {"import": 0, "export": 0, "id": "BF"}], "world_import": 0, "world_export": 0}, {"date": "2019-09-01", "list": [{"import": 0, "export": 0, "id": "NE"}, {"import": 0, "export": 0, "id": "BF"}], "world_import": 0, "world_export": 0}, {"date": "2019-10-01", "list": [{"import": 0, "export": 0, "id": "NE"}, {"import": 0, "export": 52000, "id": "BF"}], "world_import": 0, "world_export": 52000}]