[{"date": "2018-11-01", "list": [{"import": 0, "export": 0, "id": "KH"}, {"import": 0, "export": 0, "id": "VN"}, {"import": 1161, "export": 0, "id": "IT"}, {"import": 5632, "export": 2107, "id": "KZ"}, {"import": 0, "export": 0, "id": "KR"}, {"import": 24700, "export": 48, "id": "KG"}, {"import": 0, "export": 0, "id": "IN"}, {"import": 0, "export": 0, "id": "SI"}, {"import": 0, "export": 0, "id": "ES"}, {"import": 108512, "export": 0, "id": "TH"}, {"import": 0, "export": 0, "id": "JP"}, {"import": 0, "export": 0, "id": "FR"}, {"import": 0, "export": 5283, "id": "AZ"}, {"import": 0, "export": 0, "id": "BG"}, {"import": 0, "export": 243, "id": "BY"}, {"import": 0, "export": 18333, "id": "UA"}, {"import": 0, "export": 0, "id": "CA"}, {"import": 0, "export": 19000, "id": "CN"}, {"import": 0, "export": 0, "id": "EE"}, {"import": 0, "export": 0, "id": "GE"}, {"import": 0, "export": 0, "id": "DE"}, {"import": 0, "export": 1625, "id": "IL"}, {"import": 0, "export": 0, "id": "US"}, {"import": 0, "export": 0, "id": "UZ"}, {"import": 0, "export": 21508, "id": "AM"}, {"import": 0, "export": 0, "id": "LV"}, {"import": 0, "export": 0, "id": "MN"}, {"import": 0, "export": 0, "id": "MD"}, {"import": 0, "export": 0, "id": "TJ"}, {"import": 0, "export": 0, "id": "TR"}, {"import": 0, "export": 5449, "id": "TM"}], "world_import": 140005, "world_export": 73596}, {"date": "2018-12-01", "list": [{"import": 0, "export": 0, "id": "KH"}, {"import": 0, "export": 0, "id": "VN"}, {"import": 20411, "export": 0, "id": "IT"}, {"import": 0, "export": 2772, "id": "KZ"}, {"import": 0, "export": 0, "id": "KR"}, {"import": 3000, "export": 30, "id": "KG"}, {"import": 0, "export": 0, "id": "IN"}, {"import": 0, "export": 0, "id": "SI"}, {"import": 0, "export": 0, "id": "ES"}, {"import": 25000, "export": 0, "id": "TH"}, {"import": 0, "export": 0, "id": "JP"}, {"import": 0, "export": 0, "id": "FR"}, {"import": 0, "export": 3714, "id": "AZ"}, {"import": 0, "export": 0, "id": "BG"}, {"import": 0, "export": 2794, "id": "BY"}, {"import": 0, "export": 16161, "id": "UA"}, {"import": 0, "export": 0, "id": "CA"}, {"import": 0, "export": 0, "id": "CN"}, {"import": 0, "export": 0, "id": "EE"}, {"import": 0, "export": 584, "id": "GE"}, {"import": 0, "export": 1362, "id": "DE"}, {"import": 0, "export": 0, "id": "IL"}, {"import": 0, "export": 0, "id": "US"}, {"import": 0, "export": 0, "id": "UZ"}, {"import": 0, "export": 0, "id": "AM"}, {"import": 0, "export": 0, "id": "LV"}, {"import": 0, "export": 0, "id": "MN"}, {"import": 0, "export": 0, "id": "MD"}, {"import": 0, "export": 0, "id": "TJ"}, {"import": 0, "export": 0, "id": "TR"}, {"import": 0, "export": 0, "id": "TM"}], "world_import": 48411, "world_export": 27417}, {"date": "2019-01-01", "list": [{"import": 25000, "export": 0, "id": "KH"}, {"import": 0, "export": 0, "id": "VN"}, {"import": 2419, "export": 0, "id": "IT"}, {"import": 9766, "export": 6877, "id": "KZ"}, {"import": 0, "export": 0, "id": "KR"}, {"import": 0, "export": 0, "id": "KG"}, {"import": 0, "export": 0, "id": "IN"}, {"import": 0, "export": 0, "id": "SI"}, {"import": 2628, "export": 0, "id": "ES"}, {"import": 100000, "export": 0, "id": "TH"}, {"import": 0, "export": 0, "id": "JP"}, {"import": 0, "export": 0, "id": "FR"}, {"import": 0, "export": 0, "id": "AZ"}, {"import": 0, "export": 0, "id": "BG"}, {"import": 0, "export": 311, "id": "BY"}, {"import": 0, "export": 10770, "id": "UA"}, {"import": 0, "export": 0, "id": "CA"}, {"import": 0, "export": 0, "id": "CN"}, {"import": 0, "export": 0, "id": "EE"}, {"import": 0, "export": 0, "id": "GE"}, {"import": 0, "export": 0, "id": "DE"}, {"import": 0, "export": 0, "id": "IL"}, {"import": 0, "export": 1286, "id": "US"}, {"import": 0, "export": 0, "id": "UZ"}, {"import": 0, "export": 0, "id": "AM"}, {"import": 0, "export": 0, "id": "LV"}, {"import": 0, "export": 0, "id": "MN"}, {"import": 0, "export": 0, "id": "MD"}, {"import": 0, "export": 0, "id": "TJ"}, {"import": 0, "export": 0, "id": "TR"}, {"import": 0, "export": 0, "id": "TM"}], "world_import": 139813, "world_export": 19244}, {"date": "2019-02-01", "list": [{"import": 0, "export": 0, "id": "KH"}, {"import": 3116, "export": 0, "id": "VN"}, {"import": 3795, "export": 0, "id": "IT"}, {"import": 0, "export": 73872, "id": "KZ"}, {"import": 269, "export": 0, "id": "KR"}, {"import": 500, "export": 67700, "id": "KG"}, {"import": 0, "export": 0, "id": "IN"}, {"import": 0, "export": 0, "id": "SI"}, {"import": 0, "export": 0, "id": "ES"}, {"import": 78636, "export": 0, "id": "TH"}, {"import": 0, "export": 0, "id": "JP"}, {"import": 0, "export": 0, "id": "FR"}, {"import": 0, "export": 0, "id": "AZ"}, {"import": 3264, "export": 0, "id": "BG"}, {"import": 0, "export": 1928, "id": "BY"}, {"import": 0, "export": 15944, "id": "UA"}, {"import": 0, "export": 0, "id": "CA"}, {"import": 0, "export": 0, "id": "CN"}, {"import": 0, "export": 0, "id": "EE"}, {"import": 0, "export": 1909, "id": "GE"}, {"import": 0, "export": 0, "id": "DE"}, {"import": 0, "export": 0, "id": "IL"}, {"import": 0, "export": 0, "id": "US"}, {"import": 0, "export": 0, "id": "UZ"}, {"import": 0, "export": 0, "id": "AM"}, {"import": 0, "export": 0, "id": "LV"}, {"import": 0, "export": 0, "id": "MN"}, {"import": 0, "export": 420, "id": "MD"}, {"import": 0, "export": 0, "id": "TJ"}, {"import": 0, "export": 0, "id": "TR"}, {"import": 0, "export": 0, "id": "TM"}], "world_import": 89580, "world_export": 161773}, {"date": "2019-03-01", "list": [{"import": 0, "export": 0, "id": "KH"}, {"import": 0, "export": 0, "id": "VN"}, {"import": 10188, "export": 0, "id": "IT"}, {"import": 22038, "export": 160163, "id": "KZ"}, {"import": 0, "export": 0, "id": "KR"}, {"import": 68000, "export": 67754, "id": "KG"}, {"import": 0, "export": 0, "id": "IN"}, {"import": 216, "export": 0, "id": "SI"}, {"import": 0, "export": 0, "id": "ES"}, {"import": 125000, "export": 0, "id": "TH"}, {"import": 0, "export": 0, "id": "JP"}, {"import": 0, "export": 0, "id": "FR"}, {"import": 0, "export": 0, "id": "AZ"}, {"import": 0, "export": 0, "id": "BG"}, {"import": 86, "export": 1273, "id": "BY"}, {"import": 0, "export": 8551, "id": "UA"}, {"import": 0, "export": 0, "id": "CA"}, {"import": 0, "export": 0, "id": "CN"}, {"import": 0, "export": 0, "id": "EE"}, {"import": 0, "export": 936, "id": "GE"}, {"import": 0, "export": 1158, "id": "DE"}, {"import": 0, "export": 0, "id": "IL"}, {"import": 0, "export": 0, "id": "US"}, {"import": 0, "export": 0, "id": "UZ"}, {"import": 0, "export": 1027, "id": "AM"}, {"import": 0, "export": 0, "id": "LV"}, {"import": 0, "export": 0, "id": "MN"}, {"import": 0, "export": 2408, "id": "MD"}, {"import": 0, "export": 0, "id": "TJ"}, {"import": 0, "export": 0, "id": "TR"}, {"import": 0, "export": 0, "id": "TM"}], "world_import": 225528, "world_export": 243270}, {"date": "2019-04-01", "list": [{"import": 0, "export": 0, "id": "KH"}, {"import": 196300, "export": 0, "id": "VN"}, {"import": 3997, "export": 0, "id": "IT"}, {"import": 896, "export": 3102, "id": "KZ"}, {"import": 0, "export": 0, "id": "KR"}, {"import": 0, "export": 67828, "id": "KG"}, {"import": 0, "export": 0, "id": "IN"}, {"import": 0, "export": 0, "id": "SI"}, {"import": 0, "export": 0, "id": "ES"}, {"import": 2424, "export": 0, "id": "TH"}, {"import": 0, "export": 0, "id": "JP"}, {"import": 0, "export": 0, "id": "FR"}, {"import": 0, "export": 3769, "id": "AZ"}, {"import": 0, "export": 0, "id": "BG"}, {"import": 0, "export": 2174, "id": "BY"}, {"import": 0, "export": 15877, "id": "UA"}, {"import": 0, "export": 0, "id": "CA"}, {"import": 0, "export": 0, "id": "CN"}, {"import": 0, "export": 0, "id": "EE"}, {"import": 0, "export": 2302, "id": "GE"}, {"import": 0, "export": 0, "id": "DE"}, {"import": 0, "export": 0, "id": "IL"}, {"import": 0, "export": 0, "id": "US"}, {"import": 0, "export": 0, "id": "UZ"}, {"import": 0, "export": 2995, "id": "AM"}, {"import": 0, "export": 0, "id": "LV"}, {"import": 0, "export": 0, "id": "MN"}, {"import": 0, "export": 989, "id": "MD"}, {"import": 0, "export": 0, "id": "TJ"}, {"import": 0, "export": 0, "id": "TR"}, {"import": 0, "export": 0, "id": "TM"}], "world_import": 203617, "world_export": 99036}, {"date": "2019-05-01", "list": [{"import": 0, "export": 0, "id": "KH"}, {"import": 0, "export": 0, "id": "VN"}, {"import": 14431, "export": 0, "id": "IT"}, {"import": 34, "export": 4806, "id": "KZ"}, {"import": 0, "export": 0, "id": "KR"}, {"import": 0, "export": 0, "id": "KG"}, {"import": 0, "export": 0, "id": "IN"}, {"import": 0, "export": 0, "id": "SI"}, {"import": 0, "export": 0, "id": "ES"}, {"import": 149200, "export": 0, "id": "TH"}, {"import": 1980, "export": 0, "id": "JP"}, {"import": 0, "export": 0, "id": "FR"}, {"import": 0, "export": 0, "id": "AZ"}, {"import": 0, "export": 0, "id": "BG"}, {"import": 0, "export": 1430, "id": "BY"}, {"import": 0, "export": 12591, "id": "UA"}, {"import": 0, "export": 0, "id": "CA"}, {"import": 0, "export": 0, "id": "CN"}, {"import": 0, "export": 0, "id": "EE"}, {"import": 0, "export": 1225, "id": "GE"}, {"import": 0, "export": 0, "id": "DE"}, {"import": 0, "export": 0, "id": "IL"}, {"import": 0, "export": 0, "id": "US"}, {"import": 0, "export": 0, "id": "UZ"}, {"import": 0, "export": 8153, "id": "AM"}, {"import": 0, "export": 200, "id": "LV"}, {"import": 0, "export": 0, "id": "MN"}, {"import": 0, "export": 0, "id": "MD"}, {"import": 0, "export": 0, "id": "TJ"}, {"import": 0, "export": 0, "id": "TR"}, {"import": 0, "export": 5758, "id": "TM"}], "world_import": 165645, "world_export": 34163}, {"date": "2019-06-01", "list": [{"import": 0, "export": 0, "id": "KH"}, {"import": 50000, "export": 0, "id": "VN"}, {"import": 1866, "export": 0, "id": "IT"}, {"import": 15091, "export": 42206, "id": "KZ"}, {"import": 0, "export": 0, "id": "KR"}, {"import": 0, "export": 0, "id": "KG"}, {"import": 0, "export": 0, "id": "IN"}, {"import": 0, "export": 0, "id": "SI"}, {"import": 0, "export": 0, "id": "ES"}, {"import": 125000, "export": 0, "id": "TH"}, {"import": 0, "export": 0, "id": "JP"}, {"import": 0, "export": 0, "id": "FR"}, {"import": 0, "export": 2994, "id": "AZ"}, {"import": 0, "export": 0, "id": "BG"}, {"import": 0, "export": 1156, "id": "BY"}, {"import": 0, "export": 13328, "id": "UA"}, {"import": 0, "export": 290, "id": "CA"}, {"import": 0, "export": 0, "id": "CN"}, {"import": 0, "export": 0, "id": "EE"}, {"import": 0, "export": 696, "id": "GE"}, {"import": 0, "export": 0, "id": "DE"}, {"import": 0, "export": 0, "id": "IL"}, {"import": 0, "export": 0, "id": "US"}, {"import": 0, "export": 0, "id": "UZ"}, {"import": 0, "export": 0, "id": "AM"}, {"import": 0, "export": 0, "id": "LV"}, {"import": 0, "export": 0, "id": "MN"}, {"import": 0, "export": 0, "id": "MD"}, {"import": 0, "export": 0, "id": "TJ"}, {"import": 0, "export": 0, "id": "TR"}, {"import": 0, "export": 0, "id": "TM"}], "world_import": 191957, "world_export": 60670}, {"date": "2019-07-01", "list": [{"import": 0, "export": 0, "id": "KH"}, {"import": 0, "export": 0, "id": "VN"}, {"import": 9406, "export": 0, "id": "IT"}, {"import": 8995, "export": 15578, "id": "KZ"}, {"import": 0, "export": 0, "id": "KR"}, {"import": 0, "export": 0, "id": "KG"}, {"import": 0, "export": 0, "id": "IN"}, {"import": 133, "export": 0, "id": "SI"}, {"import": 0, "export": 0, "id": "ES"}, {"import": 81457, "export": 0, "id": "TH"}, {"import": 0, "export": 0, "id": "JP"}, {"import": 0, "export": 0, "id": "FR"}, {"import": 0, "export": 0, "id": "AZ"}, {"import": 0, "export": 0, "id": "BG"}, {"import": 0, "export": 0, "id": "BY"}, {"import": 0, "export": 17573, "id": "UA"}, {"import": 0, "export": 0, "id": "CA"}, {"import": 0, "export": 0, "id": "CN"}, {"import": 0, "export": 0, "id": "EE"}, {"import": 0, "export": 1325, "id": "GE"}, {"import": 0, "export": 0, "id": "DE"}, {"import": 0, "export": 0, "id": "IL"}, {"import": 0, "export": 0, "id": "US"}, {"import": 0, "export": 0, "id": "UZ"}, {"import": 0, "export": 3226, "id": "AM"}, {"import": 0, "export": 0, "id": "LV"}, {"import": 0, "export": 0, "id": "MN"}, {"import": 0, "export": 2000, "id": "MD"}, {"import": 0, "export": 0, "id": "TJ"}, {"import": 0, "export": 0, "id": "TR"}, {"import": 0, "export": 0, "id": "TM"}], "world_import": 99991, "world_export": 39702}, {"date": "2019-08-01", "list": [{"import": 0, "export": 0, "id": "KH"}, {"import": 0, "export": 0, "id": "VN"}, {"import": 909, "export": 0, "id": "IT"}, {"import": 12527, "export": 4336, "id": "KZ"}, {"import": 0, "export": 0, "id": "KR"}, {"import": 0, "export": 0, "id": "KG"}, {"import": 0, "export": 0, "id": "IN"}, {"import": 0, "export": 0, "id": "SI"}, {"import": 0, "export": 0, "id": "ES"}, {"import": 100000, "export": 0, "id": "TH"}, {"import": 0, "export": 0, "id": "JP"}, {"import": 0, "export": 0, "id": "FR"}, {"import": 0, "export": 2593, "id": "AZ"}, {"import": 0, "export": 0, "id": "BG"}, {"import": 0, "export": 1182, "id": "BY"}, {"import": 0, "export": 15838, "id": "UA"}, {"import": 0, "export": 0, "id": "CA"}, {"import": 0, "export": 0, "id": "CN"}, {"import": 0, "export": 0, "id": "EE"}, {"import": 0, "export": 252, "id": "GE"}, {"import": 0, "export": 0, "id": "DE"}, {"import": 0, "export": 1619, "id": "IL"}, {"import": 0, "export": 0, "id": "US"}, {"import": 0, "export": 0, "id": "UZ"}, {"import": 0, "export": 0, "id": "AM"}, {"import": 0, "export": 0, "id": "LV"}, {"import": 0, "export": 696, "id": "MN"}, {"import": 0, "export": 0, "id": "MD"}, {"import": 0, "export": 4060, "id": "TJ"}, {"import": 0, "export": 0, "id": "TR"}, {"import": 0, "export": 0, "id": "TM"}], "world_import": 113436, "world_export": 30576}, {"date": "2019-09-01", "list": [{"import": 0, "export": 0, "id": "KH"}, {"import": 0, "export": 0, "id": "VN"}, {"import": 0, "export": 0, "id": "IT"}, {"import": 5874, "export": 11128, "id": "KZ"}, {"import": 0, "export": 0, "id": "KR"}, {"import": 0, "export": 0, "id": "KG"}, {"import": 0, "export": 0, "id": "IN"}, {"import": 0, "export": 0, "id": "SI"}, {"import": 0, "export": 0, "id": "ES"}, {"import": 19900, "export": 0, "id": "TH"}, {"import": 0, "export": 0, "id": "JP"}, {"import": 0, "export": 0, "id": "FR"}, {"import": 0, "export": 1371, "id": "AZ"}, {"import": 0, "export": 0, "id": "BG"}, {"import": 0, "export": 2613, "id": "BY"}, {"import": 0, "export": 22486, "id": "UA"}, {"import": 0, "export": 0, "id": "CA"}, {"import": 0, "export": 0, "id": "CN"}, {"import": 0, "export": 0, "id": "EE"}, {"import": 0, "export": 0, "id": "GE"}, {"import": 0, "export": 0, "id": "DE"}, {"import": 0, "export": 0, "id": "IL"}, {"import": 0, "export": 0, "id": "US"}, {"import": 0, "export": 0, "id": "UZ"}, {"import": 0, "export": 0, "id": "AM"}, {"import": 0, "export": 0, "id": "LV"}, {"import": 0, "export": 0, "id": "MN"}, {"import": 0, "export": 326, "id": "MD"}, {"import": 0, "export": 0, "id": "TJ"}, {"import": 0, "export": 0, "id": "TR"}, {"import": 0, "export": 478, "id": "TM"}], "world_import": 25774, "world_export": 38402}, {"date": "2019-10-01", "list": [{"import": 0, "export": 0, "id": "KH"}, {"import": 0, "export": 0, "id": "VN"}, {"import": 6420, "export": 0, "id": "IT"}, {"import": 2398, "export": 60104, "id": "KZ"}, {"import": 0, "export": 0, "id": "KR"}, {"import": 0, "export": 0, "id": "KG"}, {"import": 0, "export": 0, "id": "IN"}, {"import": 0, "export": 0, "id": "SI"}, {"import": 0, "export": 0, "id": "ES"}, {"import": 14332, "export": 0, "id": "TH"}, {"import": 0, "export": 0, "id": "JP"}, {"import": 0, "export": 0, "id": "FR"}, {"import": 0, "export": 2482, "id": "AZ"}, {"import": 0, "export": 0, "id": "BG"}, {"import": 0, "export": 631, "id": "BY"}, {"import": 0, "export": 17256, "id": "UA"}, {"import": 0, "export": 0, "id": "CA"}, {"import": 0, "export": 0, "id": "CN"}, {"import": 0, "export": 0, "id": "EE"}, {"import": 0, "export": 714, "id": "GE"}, {"import": 0, "export": 0, "id": "DE"}, {"import": 0, "export": 0, "id": "IL"}, {"import": 0, "export": 0, "id": "US"}, {"import": 0, "export": 0, "id": "UZ"}, {"import": 0, "export": 0, "id": "AM"}, {"import": 0, "export": 0, "id": "LV"}, {"import": 0, "export": 0, "id": "MN"}, {"import": 0, "export": 844, "id": "MD"}, {"import": 0, "export": 0, "id": "TJ"}, {"import": 0, "export": 0, "id": "TR"}, {"import": 0, "export": 0, "id": "TM"}], "world_import": 23150, "world_export": 82031}, {"date": "2019-11-01", "list": [{"import": 0, "export": 0, "id": "KH"}, {"import": 0, "export": 0, "id": "VN"}, {"import": 3719, "export": 0, "id": "IT"}, {"import": 19458, "export": 3570, "id": "KZ"}, {"import": 0, "export": 0, "id": "KR"}, {"import": 0, "export": 0, "id": "KG"}, {"import": 1208, "export": 0, "id": "IN"}, {"import": 0, "export": 0, "id": "SI"}, {"import": 0, "export": 0, "id": "ES"}, {"import": 100000, "export": 0, "id": "TH"}, {"import": 0, "export": 0, "id": "JP"}, {"import": 0, "export": 0, "id": "FR"}, {"import": 0, "export": 4519, "id": "AZ"}, {"import": 0, "export": 0, "id": "BG"}, {"import": 0, "export": 2188, "id": "BY"}, {"import": 0, "export": 15286, "id": "UA"}, {"import": 0, "export": 0, "id": "CA"}, {"import": 0, "export": 0, "id": "CN"}, {"import": 0, "export": 22000, "id": "EE"}, {"import": 0, "export": 40594, "id": "GE"}, {"import": 0, "export": 0, "id": "DE"}, {"import": 0, "export": 0, "id": "IL"}, {"import": 0, "export": 0, "id": "US"}, {"import": 0, "export": 0, "id": "UZ"}, {"import": 0, "export": 0, "id": "AM"}, {"import": 0, "export": 1000, "id": "LV"}, {"import": 0, "export": 0, "id": "MN"}, {"import": 0, "export": 0, "id": "MD"}, {"import": 0, "export": 0, "id": "TJ"}, {"import": 0, "export": 0, "id": "TR"}, {"import": 0, "export": 0, "id": "TM"}], "world_import": 124385, "world_export": 89157}, {"date": "2019-12-01", "list": [{"import": 0, "export": 0, "id": "KH"}, {"import": 0, "export": 0, "id": "VN"}, {"import": 5553, "export": 0, "id": "IT"}, {"import": 0, "export": 6757, "id": "KZ"}, {"import": 0, "export": 0, "id": "KR"}, {"import": 0, "export": 0, "id": "KG"}, {"import": 0, "export": 0, "id": "IN"}, {"import": 231, "export": 0, "id": "SI"}, {"import": 0, "export": 0, "id": "ES"}, {"import": 144900, "export": 0, "id": "TH"}, {"import": 0, "export": 0, "id": "JP"}, {"import": 0, "export": 0, "id": "FR"}, {"import": 0, "export": 4378, "id": "AZ"}, {"import": 0, "export": 0, "id": "BG"}, {"import": 0, "export": 1672, "id": "BY"}, {"import": 0, "export": 11868, "id": "UA"}, {"import": 0, "export": 0, "id": "CA"}, {"import": 0, "export": 0, "id": "CN"}, {"import": 0, "export": 0, "id": "EE"}, {"import": 0, "export": 1396, "id": "GE"}, {"import": 0, "export": 0, "id": "DE"}, {"import": 0, "export": 0, "id": "IL"}, {"import": 0, "export": 0, "id": "US"}, {"import": 0, "export": 0, "id": "UZ"}, {"import": 0, "export": 0, "id": "AM"}, {"import": 0, "export": 0, "id": "LV"}, {"import": 0, "export": 0, "id": "MN"}, {"import": 0, "export": 0, "id": "MD"}, {"import": 0, "export": 0, "id": "TJ"}, {"import": 0, "export": 700000, "id": "TR"}, {"import": 0, "export": 1737, "id": "TM"}], "world_import": 150684, "world_export": 727808}, {"date": "2020-01-01", "list": [{"import": 0, "export": 0, "id": "KH"}, {"import": 0, "export": 0, "id": "VN"}, {"import": 274, "export": 0, "id": "IT"}, {"import": 0, "export": 616, "id": "KZ"}, {"import": 0, "export": 0, "id": "KR"}, {"import": 0, "export": 0, "id": "KG"}, {"import": 0, "export": 0, "id": "IN"}, {"import": 0, "export": 0, "id": "SI"}, {"import": 0, "export": 0, "id": "ES"}, {"import": 0, "export": 0, "id": "TH"}, {"import": 0, "export": 0, "id": "JP"}, {"import": 0, "export": 0, "id": "FR"}, {"import": 0, "export": 384, "id": "AZ"}, {"import": 0, "export": 0, "id": "BG"}, {"import": 0, "export": 2154, "id": "BY"}, {"import": 0, "export": 13411, "id": "UA"}, {"import": 0, "export": 0, "id": "CA"}, {"import": 0, "export": 0, "id": "CN"}, {"import": 0, "export": 0, "id": "EE"}, {"import": 0, "export": 252, "id": "GE"}, {"import": 0, "export": 0, "id": "DE"}, {"import": 0, "export": 809, "id": "IL"}, {"import": 0, "export": 0, "id": "US"}, {"import": 0, "export": 154, "id": "UZ"}, {"import": 0, "export": 0, "id": "AM"}, {"import": 0, "export": 0, "id": "LV"}, {"import": 0, "export": 0, "id": "MN"}, {"import": 0, "export": 0, "id": "MD"}, {"import": 0, "export": 0, "id": "TJ"}, {"import": 0, "export": 0, "id": "TR"}, {"import": 0, "export": 0, "id": "TM"}], "world_import": 274, "world_export": 17780}, {"date": "2020-02-01", "list": [{"import": 0, "export": 0, "id": "KH"}, {"import": 0, "export": 0, "id": "VN"}, {"import": 10072, "export": 0, "id": "IT"}, {"import": 17143, "export": 12044, "id": "KZ"}, {"import": 0, "export": 0, "id": "KR"}, {"import": 0, "export": 0, "id": "KG"}, {"import": 0, "export": 0, "id": "IN"}, {"import": 0, "export": 0, "id": "SI"}, {"import": 0, "export": 0, "id": "ES"}, {"import": 8484, "export": 0, "id": "TH"}, {"import": 0, "export": 0, "id": "JP"}, {"import": 0, "export": 0, "id": "FR"}, {"import": 20000, "export": 2077, "id": "AZ"}, {"import": 0, "export": 0, "id": "BG"}, {"import": 0, "export": 3073, "id": "BY"}, {"import": 0, "export": 14818, "id": "UA"}, {"import": 0, "export": 0, "id": "CA"}, {"import": 0, "export": 0, "id": "CN"}, {"import": 0, "export": 0, "id": "EE"}, {"import": 0, "export": 300, "id": "GE"}, {"import": 0, "export": 822, "id": "DE"}, {"import": 0, "export": 0, "id": "IL"}, {"import": 0, "export": 0, "id": "US"}, {"import": 0, "export": 0, "id": "UZ"}, {"import": 0, "export": 0, "id": "AM"}, {"import": 0, "export": 0, "id": "LV"}, {"import": 0, "export": 0, "id": "MN"}, {"import": 0, "export": 0, "id": "MD"}, {"import": 0, "export": 0, "id": "TJ"}, {"import": 0, "export": 0, "id": "TR"}, {"import": 0, "export": 0, "id": "TM"}], "world_import": 55699, "world_export": 33134}, {"date": "2020-03-01", "list": [{"import": 0, "export": 0, "id": "KH"}, {"import": 0, "export": 0, "id": "VN"}, {"import": 0, "export": 0, "id": "IT"}, {"import": 0, "export": 12437, "id": "KZ"}, {"import": 0, "export": 0, "id": "KR"}, {"import": 0, "export": 0, "id": "KG"}, {"import": 0, "export": 0, "id": "IN"}, {"import": 208, "export": 0, "id": "SI"}, {"import": 0, "export": 0, "id": "ES"}, {"import": 75000, "export": 0, "id": "TH"}, {"import": 0, "export": 0, "id": "JP"}, {"import": 0, "export": 0, "id": "FR"}, {"import": 0, "export": 6594, "id": "AZ"}, {"import": 0, "export": 0, "id": "BG"}, {"import": 0, "export": 2740, "id": "BY"}, {"import": 0, "export": 33032, "id": "UA"}, {"import": 0, "export": 0, "id": "CA"}, {"import": 0, "export": 0, "id": "CN"}, {"import": 0, "export": 0, "id": "EE"}, {"import": 0, "export": 1675, "id": "GE"}, {"import": 0, "export": 0, "id": "DE"}, {"import": 0, "export": 0, "id": "IL"}, {"import": 0, "export": 1014, "id": "US"}, {"import": 0, "export": 0, "id": "UZ"}, {"import": 0, "export": 0, "id": "AM"}, {"import": 0, "export": 0, "id": "LV"}, {"import": 0, "export": 0, "id": "MN"}, {"import": 0, "export": 0, "id": "MD"}, {"import": 0, "export": 0, "id": "TJ"}, {"import": 0, "export": 0, "id": "TR"}, {"import": 0, "export": 0, "id": "TM"}], "world_import": 75208, "world_export": 57492}, {"date": "2020-04-01", "list": [{"import": 0, "export": 0, "id": "KH"}, {"import": 0, "export": 0, "id": "VN"}, {"import": 7194, "export": 0, "id": "IT"}, {"import": 456, "export": 2169, "id": "KZ"}, {"import": 0, "export": 0, "id": "KR"}, {"import": 0, "export": 0, "id": "KG"}, {"import": 0, "export": 0, "id": "IN"}, {"import": 647, "export": 0, "id": "SI"}, {"import": 0, "export": 0, "id": "ES"}, {"import": 0, "export": 0, "id": "TH"}, {"import": 0, "export": 0, "id": "JP"}, {"import": 364, "export": 0, "id": "FR"}, {"import": 0, "export": 0, "id": "AZ"}, {"import": 0, "export": 0, "id": "BG"}, {"import": 0, "export": 1786, "id": "BY"}, {"import": 0, "export": 13841, "id": "UA"}, {"import": 0, "export": 0, "id": "CA"}, {"import": 0, "export": 0, "id": "CN"}, {"import": 0, "export": 0, "id": "EE"}, {"import": 0, "export": 0, "id": "GE"}, {"import": 0, "export": 0, "id": "DE"}, {"import": 0, "export": 0, "id": "IL"}, {"import": 0, "export": 0, "id": "US"}, {"import": 0, "export": 0, "id": "UZ"}, {"import": 0, "export": 845, "id": "AM"}, {"import": 0, "export": 0, "id": "LV"}, {"import": 0, "export": 0, "id": "MN"}, {"import": 0, "export": 0, "id": "MD"}, {"import": 0, "export": 0, "id": "TJ"}, {"import": 0, "export": 0, "id": "TR"}, {"import": 0, "export": 0, "id": "TM"}], "world_import": 8661, "world_export": 18641}]