[{"date": "2019-09-01", "list": [{"import": 45970, "export": 0, "id": "CN"}, {"import": 13676, "export": 0, "id": "FJ"}, {"import": 3367, "export": 0, "id": "NZ"}], "world_import": 63013, "world_export": 0}, {"date": "2019-10-01", "list": [{"import": 22975, "export": 0, "id": "CN"}, {"import": 8407, "export": 0, "id": "FJ"}, {"import": 7051, "export": 0, "id": "NZ"}], "world_import": 38433, "world_export": 0}, {"date": "2019-11-01", "list": [{"import": 22995, "export": 0, "id": "CN"}, {"import": 9840, "export": 0, "id": "FJ"}, {"import": 742, "export": 0, "id": "NZ"}], "world_import": 33577, "world_export": 0}, {"date": "2019-12-01", "list": [{"import": 22990, "export": 0, "id": "CN"}, {"import": 14252, "export": 0, "id": "FJ"}, {"import": 603, "export": 0, "id": "NZ"}], "world_import": 37845, "world_export": 0}, {"date": "2020-04-01", "list": [{"import": 45975, "export": 0, "id": "CN"}, {"import": 16087, "export": 0, "id": "FJ"}, {"import": 982, "export": 0, "id": "NZ"}], "world_import": 63044, "world_export": 0}, {"date": "2020-05-01", "list": [{"import": 22995, "export": 0, "id": "CN"}, {"import": 9050, "export": 0, "id": "FJ"}, {"import": 1051, "export": 0, "id": "NZ"}], "world_import": 33096, "world_export": 0}, {"date": "2020-06-01", "list": [{"import": 22975, "export": 0, "id": "CN"}, {"import": 1092, "export": 0, "id": "NZ"}], "world_import": 24067, "world_export": 0}, {"date": "2020-01-01", "list": [{"import": 8944, "export": 0, "id": "FJ"}, {"import": 1225, "export": 0, "id": "NZ"}], "world_import": 10169, "world_export": 0}, {"date": "2020-02-01", "list": [{"import": 259, "export": 0, "id": "NZ"}], "world_import": 259, "world_export": 0}, {"date": "2020-03-01", "list": [{"import": 869, "export": 0, "id": "NZ"}], "world_import": 869, "world_export": 0}]