[{"date": "2014-04-01", "list": [{"import": 34039, "export": 0, "id": "IT"}, {"import": 1970, "export": 0, "id": "US"}, {"import": 0, "export": 0, "id": "TH"}, {"import": 0, "export": 0, "id": "CA"}, {"import": 0, "export": 0, "id": "FR"}, {"import": 0, "export": 0, "id": "AU"}, {"import": 0, "export": 0, "id": "BR"}, {"import": 780, "export": 0, "id": "GB"}, {"import": 3400, "export": 0, "id": "IN"}, {"import": 0, "export": 0, "id": "AO"}, {"import": 0, "export": 0, "id": "CO"}, {"import": 0, "export": 0, "id": "CG"}, {"import": 0, "export": 0, "id": "GA"}, {"import": 0, "export": 0, "id": "GM"}, {"import": 0, "export": 0, "id": "GR"}, {"import": 0, "export": 0, "id": "GN"}, {"import": 0, "export": 0, "id": "JO"}, {"import": 0, "export": 0, "id": "NG"}, {"import": 0, "export": 0, "id": "SA"}], "world_import": 40189, "world_export": 0}, {"date": "2014-05-01", "list": [{"import": 400, "export": 0, "id": "IT"}, {"import": 2239, "export": 0, "id": "US"}, {"import": 0, "export": 0, "id": "TH"}, {"import": 0, "export": 0, "id": "CA"}, {"import": 0, "export": 0, "id": "FR"}, {"import": 0, "export": 0, "id": "AU"}, {"import": 0, "export": 0, "id": "BR"}, {"import": 0, "export": 0, "id": "GB"}, {"import": 5450, "export": 0, "id": "IN"}, {"import": 0, "export": 0, "id": "AO"}, {"import": 0, "export": 0, "id": "CO"}, {"import": 0, "export": 2950, "id": "CG"}, {"import": 0, "export": 0, "id": "GA"}, {"import": 0, "export": 0, "id": "GM"}, {"import": 0, "export": 0, "id": "GR"}, {"import": 0, "export": 0, "id": "GN"}, {"import": 0, "export": 0, "id": "JO"}, {"import": 0, "export": 11664, "id": "NG"}, {"import": 0, "export": 0, "id": "SA"}], "world_import": 8089, "world_export": 14614}, {"date": "2014-06-01", "list": [{"import": 1265, "export": 0, "id": "IT"}, {"import": 886, "export": 0, "id": "US"}, {"import": 250, "export": 0, "id": "TH"}, {"import": 0, "export": 0, "id": "CA"}, {"import": 120, "export": 0, "id": "FR"}, {"import": 2400, "export": 0, "id": "AU"}, {"import": 0, "export": 0, "id": "BR"}, {"import": 0, "export": 0, "id": "GB"}, {"import": 0, "export": 0, "id": "IN"}, {"import": 0, "export": 0, "id": "AO"}, {"import": 0, "export": 0, "id": "CO"}, {"import": 0, "export": 0, "id": "CG"}, {"import": 0, "export": 0, "id": "GA"}, {"import": 0, "export": 0, "id": "GM"}, {"import": 0, "export": 0, "id": "GR"}, {"import": 0, "export": 0, "id": "GN"}, {"import": 0, "export": 0, "id": "JO"}, {"import": 0, "export": 0, "id": "NG"}, {"import": 0, "export": 2184, "id": "SA"}], "world_import": 4921, "world_export": 2184}, {"date": "2014-07-01", "list": [{"import": 700, "export": 0, "id": "IT"}, {"import": 3484, "export": 0, "id": "US"}, {"import": 0, "export": 0, "id": "TH"}, {"import": 0, "export": 0, "id": "CA"}, {"import": 0, "export": 0, "id": "FR"}, {"import": 0, "export": 0, "id": "AU"}, {"import": 500, "export": 0, "id": "BR"}, {"import": 105, "export": 0, "id": "GB"}, {"import": 0, "export": 0, "id": "IN"}, {"import": 0, "export": 0, "id": "AO"}, {"import": 0, "export": 0, "id": "CO"}, {"import": 0, "export": 0, "id": "CG"}, {"import": 0, "export": 0, "id": "GA"}, {"import": 0, "export": 1350, "id": "GM"}, {"import": 0, "export": 0, "id": "GR"}, {"import": 0, "export": 0, "id": "GN"}, {"import": 0, "export": 1700, "id": "JO"}, {"import": 0, "export": 0, "id": "NG"}, {"import": 0, "export": 0, "id": "SA"}], "world_import": 4789, "world_export": 3050}, {"date": "2014-08-01", "list": [{"import": 5000, "export": 0, "id": "IT"}, {"import": 2992, "export": 0, "id": "US"}, {"import": 0, "export": 0, "id": "TH"}, {"import": 0, "export": 0, "id": "CA"}, {"import": 300, "export": 0, "id": "FR"}, {"import": 0, "export": 0, "id": "AU"}, {"import": 0, "export": 0, "id": "BR"}, {"import": 0, "export": 0, "id": "GB"}, {"import": 2960, "export": 0, "id": "IN"}, {"import": 0, "export": 0, "id": "AO"}, {"import": 0, "export": 500, "id": "CO"}, {"import": 0, "export": 0, "id": "CG"}, {"import": 0, "export": 0, "id": "GA"}, {"import": 0, "export": 0, "id": "GM"}, {"import": 0, "export": 0, "id": "GR"}, {"import": 0, "export": 0, "id": "GN"}, {"import": 0, "export": 0, "id": "JO"}, {"import": 0, "export": 0, "id": "NG"}, {"import": 0, "export": 0, "id": "SA"}], "world_import": 11252, "world_export": 500}, {"date": "2014-09-01", "list": [{"import": 0, "export": 0, "id": "IT"}, {"import": 4348, "export": 0, "id": "US"}, {"import": 0, "export": 0, "id": "TH"}, {"import": 0, "export": 0, "id": "CA"}, {"import": 0, "export": 0, "id": "FR"}, {"import": 0, "export": 0, "id": "AU"}, {"import": 0, "export": 0, "id": "BR"}, {"import": 0, "export": 0, "id": "GB"}, {"import": 0, "export": 0, "id": "IN"}, {"import": 0, "export": 0, "id": "AO"}, {"import": 0, "export": 0, "id": "CO"}, {"import": 0, "export": 0, "id": "CG"}, {"import": 0, "export": 0, "id": "GA"}, {"import": 0, "export": 0, "id": "GM"}, {"import": 0, "export": 243, "id": "GR"}, {"import": 0, "export": 0, "id": "GN"}, {"import": 0, "export": 0, "id": "JO"}, {"import": 0, "export": 0, "id": "NG"}, {"import": 0, "export": 0, "id": "SA"}], "world_import": 4348, "world_export": 243}, {"date": "2014-10-01", "list": [{"import": 13687, "export": 0, "id": "IT"}, {"import": 21006, "export": 0, "id": "US"}, {"import": 0, "export": 0, "id": "TH"}, {"import": 0, "export": 0, "id": "CA"}, {"import": 0, "export": 0, "id": "FR"}, {"import": 0, "export": 0, "id": "AU"}, {"import": 0, "export": 0, "id": "BR"}, {"import": 0, "export": 0, "id": "GB"}, {"import": 0, "export": 0, "id": "IN"}, {"import": 0, "export": 0, "id": "AO"}, {"import": 0, "export": 0, "id": "CO"}, {"import": 0, "export": 0, "id": "CG"}, {"import": 0, "export": 0, "id": "GA"}, {"import": 0, "export": 0, "id": "GM"}, {"import": 0, "export": 0, "id": "GR"}, {"import": 0, "export": 2153, "id": "GN"}, {"import": 0, "export": 0, "id": "JO"}, {"import": 0, "export": 0, "id": "NG"}, {"import": 0, "export": 0, "id": "SA"}], "world_import": 34693, "world_export": 2153}, {"date": "2014-11-01", "list": [{"import": 20107, "export": 0, "id": "IT"}, {"import": 0, "export": 0, "id": "US"}, {"import": 0, "export": 0, "id": "TH"}, {"import": 0, "export": 0, "id": "CA"}, {"import": 0, "export": 0, "id": "FR"}, {"import": 0, "export": 0, "id": "AU"}, {"import": 0, "export": 0, "id": "BR"}, {"import": 0, "export": 0, "id": "GB"}, {"import": 0, "export": 0, "id": "IN"}, {"import": 0, "export": 0, "id": "AO"}, {"import": 0, "export": 0, "id": "CO"}, {"import": 0, "export": 0, "id": "CG"}, {"import": 0, "export": 0, "id": "GA"}, {"import": 0, "export": 0, "id": "GM"}, {"import": 0, "export": 0, "id": "GR"}, {"import": 0, "export": 0, "id": "GN"}, {"import": 0, "export": 0, "id": "JO"}, {"import": 0, "export": 0, "id": "NG"}, {"import": 0, "export": 0, "id": "SA"}], "world_import": 20107, "world_export": 0}, {"date": "2014-12-01", "list": [{"import": 3846, "export": 0, "id": "IT"}, {"import": 2954, "export": 0, "id": "US"}, {"import": 0, "export": 0, "id": "TH"}, {"import": 0, "export": 0, "id": "CA"}, {"import": 0, "export": 0, "id": "FR"}, {"import": 0, "export": 0, "id": "AU"}, {"import": 0, "export": 0, "id": "BR"}, {"import": 683, "export": 0, "id": "GB"}, {"import": 1056, "export": 0, "id": "IN"}, {"import": 0, "export": 0, "id": "AO"}, {"import": 0, "export": 0, "id": "CO"}, {"import": 0, "export": 2300, "id": "CG"}, {"import": 0, "export": 0, "id": "GA"}, {"import": 0, "export": 0, "id": "GM"}, {"import": 0, "export": 0, "id": "GR"}, {"import": 0, "export": 0, "id": "GN"}, {"import": 0, "export": 0, "id": "JO"}, {"import": 0, "export": 0, "id": "NG"}, {"import": 0, "export": 0, "id": "SA"}], "world_import": 8539, "world_export": 2300}, {"date": "2015-01-01", "list": [{"import": 3000, "export": 0, "id": "IT"}, {"import": 4816, "export": 0, "id": "US"}, {"import": 0, "export": 0, "id": "TH"}, {"import": 0, "export": 0, "id": "CA"}, {"import": 0, "export": 0, "id": "FR"}, {"import": 0, "export": 0, "id": "AU"}, {"import": 0, "export": 0, "id": "BR"}, {"import": 0, "export": 0, "id": "GB"}, {"import": 0, "export": 0, "id": "IN"}, {"import": 0, "export": 0, "id": "AO"}, {"import": 0, "export": 0, "id": "CO"}, {"import": 0, "export": 0, "id": "CG"}, {"import": 0, "export": 0, "id": "GA"}, {"import": 0, "export": 0, "id": "GM"}, {"import": 0, "export": 0, "id": "GR"}, {"import": 0, "export": 400, "id": "GN"}, {"import": 0, "export": 0, "id": "JO"}, {"import": 0, "export": 3456, "id": "NG"}, {"import": 0, "export": 0, "id": "SA"}], "world_import": 7816, "world_export": 3856}, {"date": "2015-02-01", "list": [{"import": 2264, "export": 0, "id": "IT"}, {"import": 0, "export": 0, "id": "US"}, {"import": 0, "export": 0, "id": "TH"}, {"import": 0, "export": 0, "id": "CA"}, {"import": 0, "export": 0, "id": "FR"}, {"import": 0, "export": 0, "id": "AU"}, {"import": 0, "export": 0, "id": "BR"}, {"import": 0, "export": 0, "id": "GB"}, {"import": 0, "export": 0, "id": "IN"}, {"import": 0, "export": 0, "id": "AO"}, {"import": 0, "export": 0, "id": "CO"}, {"import": 0, "export": 0, "id": "CG"}, {"import": 0, "export": 1980, "id": "GA"}, {"import": 0, "export": 0, "id": "GM"}, {"import": 0, "export": 0, "id": "GR"}, {"import": 0, "export": 0, "id": "GN"}, {"import": 0, "export": 0, "id": "JO"}, {"import": 0, "export": 0, "id": "NG"}, {"import": 0, "export": 0, "id": "SA"}], "world_import": 2264, "world_export": 1980}, {"date": "2015-03-01", "list": [{"import": 4905, "export": 0, "id": "IT"}, {"import": 2720, "export": 0, "id": "US"}, {"import": 0, "export": 0, "id": "TH"}, {"import": 0, "export": 0, "id": "CA"}, {"import": 0, "export": 0, "id": "FR"}, {"import": 0, "export": 0, "id": "AU"}, {"import": 0, "export": 0, "id": "BR"}, {"import": 0, "export": 0, "id": "GB"}, {"import": 750, "export": 0, "id": "IN"}, {"import": 0, "export": 0, "id": "AO"}, {"import": 0, "export": 0, "id": "CO"}, {"import": 0, "export": 0, "id": "CG"}, {"import": 0, "export": 0, "id": "GA"}, {"import": 0, "export": 0, "id": "GM"}, {"import": 0, "export": 0, "id": "GR"}, {"import": 0, "export": 0, "id": "GN"}, {"import": 0, "export": 0, "id": "JO"}, {"import": 0, "export": 0, "id": "NG"}, {"import": 0, "export": 0, "id": "SA"}], "world_import": 8375, "world_export": 0}, {"date": "2015-04-01", "list": [{"import": 2916, "export": 0, "id": "IT"}, {"import": 1382, "export": 0, "id": "US"}, {"import": 371, "export": 0, "id": "TH"}, {"import": 0, "export": 0, "id": "CA"}, {"import": 0, "export": 0, "id": "FR"}, {"import": 0, "export": 0, "id": "AU"}, {"import": 0, "export": 0, "id": "BR"}, {"import": 0, "export": 0, "id": "GB"}, {"import": 0, "export": 0, "id": "IN"}, {"import": 0, "export": 0, "id": "AO"}, {"import": 0, "export": 0, "id": "CO"}, {"import": 0, "export": 0, "id": "CG"}, {"import": 0, "export": 0, "id": "GA"}, {"import": 0, "export": 0, "id": "GM"}, {"import": 0, "export": 0, "id": "GR"}, {"import": 0, "export": 0, "id": "GN"}, {"import": 0, "export": 0, "id": "JO"}, {"import": 0, "export": 0, "id": "NG"}, {"import": 0, "export": 0, "id": "SA"}], "world_import": 4669, "world_export": 0}, {"date": "2015-05-01", "list": [{"import": 16882, "export": 0, "id": "IT"}, {"import": 11839, "export": 0, "id": "US"}, {"import": 0, "export": 0, "id": "TH"}, {"import": 0, "export": 0, "id": "CA"}, {"import": 222, "export": 0, "id": "FR"}, {"import": 0, "export": 0, "id": "AU"}, {"import": 0, "export": 0, "id": "BR"}, {"import": 0, "export": 0, "id": "GB"}, {"import": 1875, "export": 0, "id": "IN"}, {"import": 0, "export": 1500, "id": "AO"}, {"import": 0, "export": 0, "id": "CO"}, {"import": 0, "export": 0, "id": "CG"}, {"import": 0, "export": 0, "id": "GA"}, {"import": 0, "export": 0, "id": "GM"}, {"import": 0, "export": 0, "id": "GR"}, {"import": 0, "export": 0, "id": "GN"}, {"import": 0, "export": 0, "id": "JO"}, {"import": 0, "export": 0, "id": "NG"}, {"import": 0, "export": 0, "id": "SA"}], "world_import": 30818, "world_export": 1500}, {"date": "2015-06-01", "list": [{"import": 1020, "export": 0, "id": "IT"}, {"import": 2434, "export": 0, "id": "US"}, {"import": 250, "export": 0, "id": "TH"}, {"import": 0, "export": 0, "id": "CA"}, {"import": 2250, "export": 0, "id": "FR"}, {"import": 0, "export": 0, "id": "AU"}, {"import": 0, "export": 0, "id": "BR"}, {"import": 955, "export": 0, "id": "GB"}, {"import": 0, "export": 0, "id": "IN"}, {"import": 0, "export": 0, "id": "AO"}, {"import": 0, "export": 0, "id": "CO"}, {"import": 0, "export": 0, "id": "CG"}, {"import": 0, "export": 0, "id": "GA"}, {"import": 0, "export": 0, "id": "GM"}, {"import": 0, "export": 0, "id": "GR"}, {"import": 0, "export": 0, "id": "GN"}, {"import": 0, "export": 0, "id": "JO"}, {"import": 0, "export": 0, "id": "NG"}, {"import": 0, "export": 0, "id": "SA"}], "world_import": 6909, "world_export": 0}, {"date": "2015-07-01", "list": [{"import": 12500, "export": 0, "id": "IT"}, {"import": 1605, "export": 0, "id": "US"}, {"import": 0, "export": 0, "id": "TH"}, {"import": 0, "export": 0, "id": "CA"}, {"import": 0, "export": 0, "id": "FR"}, {"import": 0, "export": 0, "id": "AU"}, {"import": 0, "export": 0, "id": "BR"}, {"import": 0, "export": 0, "id": "GB"}, {"import": 3680, "export": 0, "id": "IN"}, {"import": 0, "export": 0, "id": "AO"}, {"import": 0, "export": 0, "id": "CO"}, {"import": 0, "export": 0, "id": "CG"}, {"import": 0, "export": 0, "id": "GA"}, {"import": 0, "export": 0, "id": "GM"}, {"import": 0, "export": 0, "id": "GR"}, {"import": 0, "export": 0, "id": "GN"}, {"import": 0, "export": 0, "id": "JO"}, {"import": 0, "export": 0, "id": "NG"}, {"import": 0, "export": 0, "id": "SA"}], "world_import": 17785, "world_export": 0}, {"date": "2015-08-01", "list": [{"import": 2352, "export": 0, "id": "IT"}, {"import": 0, "export": 0, "id": "US"}, {"import": 15780, "export": 0, "id": "TH"}, {"import": 0, "export": 0, "id": "CA"}, {"import": 0, "export": 0, "id": "FR"}, {"import": 1200, "export": 0, "id": "AU"}, {"import": 0, "export": 0, "id": "BR"}, {"import": 0, "export": 0, "id": "GB"}, {"import": 0, "export": 0, "id": "IN"}, {"import": 0, "export": 0, "id": "AO"}, {"import": 0, "export": 0, "id": "CO"}, {"import": 0, "export": 0, "id": "CG"}, {"import": 0, "export": 0, "id": "GA"}, {"import": 0, "export": 0, "id": "GM"}, {"import": 0, "export": 0, "id": "GR"}, {"import": 0, "export": 1923, "id": "GN"}, {"import": 0, "export": 0, "id": "JO"}, {"import": 0, "export": 0, "id": "NG"}, {"import": 0, "export": 0, "id": "SA"}], "world_import": 19332, "world_export": 1923}, {"date": "2015-09-01", "list": [{"import": 195, "export": 0, "id": "IT"}, {"import": 6074, "export": 0, "id": "US"}, {"import": 0, "export": 0, "id": "TH"}, {"import": 0, "export": 0, "id": "CA"}, {"import": 0, "export": 0, "id": "FR"}, {"import": 0, "export": 0, "id": "AU"}, {"import": 0, "export": 0, "id": "BR"}, {"import": 0, "export": 0, "id": "GB"}, {"import": 0, "export": 0, "id": "IN"}, {"import": 0, "export": 0, "id": "AO"}, {"import": 0, "export": 0, "id": "CO"}, {"import": 0, "export": 0, "id": "CG"}, {"import": 0, "export": 0, "id": "GA"}, {"import": 0, "export": 0, "id": "GM"}, {"import": 0, "export": 0, "id": "GR"}, {"import": 0, "export": 0, "id": "GN"}, {"import": 0, "export": 0, "id": "JO"}, {"import": 0, "export": 0, "id": "NG"}, {"import": 0, "export": 0, "id": "SA"}], "world_import": 6269, "world_export": 0}]