[{"date": "2019-05-01", "list": [{"import": 0, "export": 0, "id": "TW"}, {"import": 4500, "export": 0, "id": "TH"}], "world_import": 4500, "world_export": 0}, {"date": "2019-09-01", "list": [{"import": 0, "export": 0, "id": "TW"}], "world_import": 0, "world_export": 0}, {"date": "2020-01-01", "list": [{"import": 1, "export": 0, "id": "TW"}, {"import": 2000, "export": 0, "id": "TH"}], "world_import": 2001, "world_export": 0}, {"date": "2020-04-01", "list": [{"import": 0, "export": 0, "id": "TW"}], "world_import": 0, "world_export": 0}, {"date": "2020-07-01", "list": [{"import": 0, "export": 0, "id": "TW"}], "world_import": 0, "world_export": 0}, {"date": "2020-08-01", "list": [{"import": 1, "export": 0, "id": "TW"}, {"import": 3250, "export": 0, "id": "TH"}], "world_import": 3251, "world_export": 0}, {"date": "2019-01-01", "list": [{"import": 4150, "export": 0, "id": "TH"}], "world_import": 4150, "world_export": 0}]