[{"date": "2019-08-01", "list": [{"import": 400, "export": 0, "id": "AE"}], "world_import": 400, "world_export": 0}, {"date": "2019-10-01", "list": [{"import": 0, "export": 79, "id": "CH"}, {"import": 0, "export": 1, "id": "DE"}], "world_import": 0, "world_export": 80}, {"date": "2019-02-01", "list": [{"import": 0, "export": 46000, "id": "AE"}, {"import": 0, "export": 5, "id": "CA"}, {"import": 0, "export": 0, "id": "DE"}], "world_import": 0, "world_export": 46005}, {"date": "2020-02-01", "list": [{"import": 0, "export": 3000, "id": "GB"}, {"import": 0, "export": 340, "id": "AT"}, {"import": 0, "export": 1, "id": "DE"}], "world_import": 0, "world_export": 3341}, {"date": "2019-04-01", "list": [{"import": 0, "export": 3, "id": "CA"}, {"import": 0, "export": 1, "id": "DE"}], "world_import": 0, "world_export": 4}, {"date": "2019-05-01", "list": [{"import": 0, "export": 1, "id": "CA"}], "world_import": 0, "world_export": 1}, {"date": "2019-06-01", "list": [{"import": 0, "export": 21, "id": "CA"}, {"import": 0, "export": 2, "id": "DE"}], "world_import": 0, "world_export": 23}, {"date": "2019-07-01", "list": [{"import": 0, "export": 25, "id": "CA"}], "world_import": 0, "world_export": 25}, {"date": "2020-07-01", "list": [{"import": 0, "export": 7, "id": "CA"}], "world_import": 0, "world_export": 7}, {"date": "2019-12-01", "list": [{"import": 0, "export": 0, "id": "DE"}], "world_import": 0, "world_export": 0}, {"date": "2020-04-01", "list": [{"import": 0, "export": 1, "id": "DE"}], "world_import": 0, "world_export": 1}, {"date": "2020-05-01", "list": [{"import": 0, "export": 5, "id": "DE"}], "world_import": 0, "world_export": 5}]