[{"date": "2019-07-01", "list": [{"import": 0, "export": 0, "id": "IN"}, {"import": 0, "export": 0, "id": "BD"}, {"import": 205, "export": 0, "id": "FR"}, {"import": 0, "export": 0, "id": "JP"}, {"import": 0, "export": 0, "id": "KR"}, {"import": 0, "export": 0, "id": "MG"}, {"import": 0, "export": 0, "id": "TR"}], "world_import": 205, "world_export": 0}, {"date": "2019-08-01", "list": [{"import": 0, "export": 0, "id": "IN"}, {"import": 0, "export": 0, "id": "BD"}, {"import": 0, "export": 0, "id": "FR"}, {"import": 0, "export": 0, "id": "JP"}, {"import": 2238, "export": 0, "id": "KR"}, {"import": 0, "export": 0, "id": "MG"}, {"import": 0, "export": 0, "id": "TR"}], "world_import": 2238, "world_export": 0}, {"date": "2019-09-01", "list": [{"import": 0, "export": 0, "id": "IN"}, {"import": 0, "export": 0, "id": "BD"}, {"import": 0, "export": 0, "id": "FR"}, {"import": 1891, "export": 0, "id": "JP"}, {"import": 0, "export": 0, "id": "KR"}, {"import": 0, "export": 0, "id": "MG"}, {"import": 0, "export": 0, "id": "TR"}], "world_import": 1891, "world_export": 0}, {"date": "2019-10-01", "list": [{"import": 0, "export": 0, "id": "IN"}, {"import": 0, "export": 0, "id": "BD"}, {"import": 199, "export": 0, "id": "FR"}, {"import": 0, "export": 0, "id": "JP"}, {"import": 446, "export": 0, "id": "KR"}, {"import": 0, "export": 0, "id": "MG"}, {"import": 0, "export": 0, "id": "TR"}], "world_import": 645, "world_export": 0}, {"date": "2019-11-01", "list": [{"import": 0, "export": 0, "id": "IN"}, {"import": 0, "export": 0, "id": "BD"}, {"import": 0, "export": 0, "id": "FR"}, {"import": 0, "export": 0, "id": "JP"}, {"import": 0, "export": 0, "id": "KR"}, {"import": 0, "export": 0, "id": "MG"}, {"import": 0, "export": 0, "id": "TR"}], "world_import": 0, "world_export": 0}, {"date": "2019-12-01", "list": [{"import": 0, "export": 0, "id": "IN"}, {"import": 0, "export": 0, "id": "BD"}, {"import": 0, "export": 0, "id": "FR"}, {"import": 0, "export": 0, "id": "JP"}, {"import": 0, "export": 0, "id": "KR"}, {"import": 0, "export": 0, "id": "MG"}, {"import": 0, "export": 0, "id": "TR"}], "world_import": 0, "world_export": 0}, {"date": "2020-01-01", "list": [{"import": 0, "export": 0, "id": "IN"}, {"import": 0, "export": 0, "id": "BD"}, {"import": 0, "export": 0, "id": "FR"}, {"import": 0, "export": 0, "id": "JP"}, {"import": 0, "export": 0, "id": "KR"}, {"import": 0, "export": 0, "id": "MG"}, {"import": 0, "export": 0, "id": "TR"}], "world_import": 0, "world_export": 0}, {"date": "2020-02-01", "list": [{"import": 0, "export": 0, "id": "IN"}, {"import": 0, "export": 0, "id": "BD"}, {"import": 118, "export": 0, "id": "FR"}, {"import": 0, "export": 0, "id": "JP"}, {"import": 0, "export": 0, "id": "KR"}, {"import": 0, "export": 1250, "id": "MG"}, {"import": 0, "export": 2392, "id": "TR"}], "world_import": 118, "world_export": 3642}, {"date": "2020-03-01", "list": [{"import": 0, "export": 0, "id": "IN"}, {"import": 0, "export": 0, "id": "BD"}, {"import": 0, "export": 0, "id": "FR"}, {"import": 0, "export": 0, "id": "JP"}, {"import": 999, "export": 0, "id": "KR"}, {"import": 0, "export": 0, "id": "MG"}, {"import": 0, "export": 0, "id": "TR"}], "world_import": 999, "world_export": 0}, {"date": "2020-04-01", "list": [{"import": 0, "export": 0, "id": "IN"}, {"import": 6448, "export": 0, "id": "BD"}, {"import": 0, "export": 0, "id": "FR"}, {"import": 0, "export": 0, "id": "JP"}, {"import": 0, "export": 0, "id": "KR"}, {"import": 0, "export": 0, "id": "MG"}, {"import": 0, "export": 0, "id": "TR"}], "world_import": 6448, "world_export": 0}, {"date": "2018-11-01", "list": [{"import": 0, "export": 0, "id": "MG"}, {"import": 0, "export": 0, "id": "TR"}], "world_import": 0, "world_export": 0}, {"date": "2018-12-01", "list": [{"import": 0, "export": 0, "id": "MG"}, {"import": 0, "export": 0, "id": "TR"}], "world_import": 0, "world_export": 0}, {"date": "2019-01-01", "list": [{"import": 0, "export": 0, "id": "MG"}, {"import": 0, "export": 0, "id": "TR"}], "world_import": 0, "world_export": 0}, {"date": "2019-02-01", "list": [{"import": 0, "export": 0, "id": "MG"}, {"import": 0, "export": 0, "id": "TR"}], "world_import": 0, "world_export": 0}, {"date": "2019-03-01", "list": [{"import": 0, "export": 0, "id": "MG"}, {"import": 0, "export": 0, "id": "TR"}], "world_import": 0, "world_export": 0}, {"date": "2019-04-01", "list": [{"import": 0, "export": 0, "id": "MG"}, {"import": 0, "export": 0, "id": "TR"}], "world_import": 0, "world_export": 0}, {"date": "2019-05-01", "list": [{"import": 0, "export": 0, "id": "MG"}, {"import": 0, "export": 0, "id": "TR"}], "world_import": 0, "world_export": 0}, {"date": "2019-06-01", "list": [{"import": 0, "export": 0, "id": "MG"}, {"import": 0, "export": 0, "id": "TR"}], "world_import": 0, "world_export": 0}]