[{"date": "2017-05-01", "list": [{"import": 0, "export": 0, "id": "GB"}, {"import": 0, "export": 0, "id": "PK"}, {"import": 0, "export": 0, "id": "IN"}, {"import": 0, "export": 0, "id": "BD"}, {"import": 0, "export": 0, "id": "US"}, {"import": 0, "export": 0, "id": "CA"}, {"import": 0, "export": 0, "id": "SA"}], "world_import": 0, "world_export": 0}, {"date": "2017-06-01", "list": [{"import": 0, "export": 0, "id": "GB"}, {"import": 0, "export": 0, "id": "PK"}, {"import": 20000, "export": 0, "id": "IN"}, {"import": 0, "export": 0, "id": "BD"}, {"import": 0, "export": 0, "id": "US"}, {"import": 0, "export": 0, "id": "CA"}, {"import": 0, "export": 66000, "id": "SA"}], "world_import": 20000, "world_export": 66000}, {"date": "2017-07-01", "list": [{"import": 0, "export": 0, "id": "GB"}, {"import": 0, "export": 0, "id": "PK"}, {"import": 0, "export": 0, "id": "IN"}, {"import": 0, "export": 0, "id": "BD"}, {"import": 0, "export": 0, "id": "US"}, {"import": 0, "export": 0, "id": "CA"}, {"import": 0, "export": 0, "id": "SA"}], "world_import": 0, "world_export": 0}, {"date": "2017-08-01", "list": [{"import": 0, "export": 0, "id": "GB"}, {"import": 0, "export": 0, "id": "PK"}, {"import": 0, "export": 0, "id": "IN"}, {"import": 0, "export": 0, "id": "BD"}, {"import": 0, "export": 0, "id": "US"}, {"import": 0, "export": 0, "id": "CA"}, {"import": 0, "export": 0, "id": "SA"}], "world_import": 0, "world_export": 0}, {"date": "2017-09-01", "list": [{"import": 0, "export": 0, "id": "GB"}, {"import": 0, "export": 0, "id": "PK"}, {"import": 0, "export": 0, "id": "IN"}, {"import": 0, "export": 0, "id": "BD"}, {"import": 0, "export": 0, "id": "US"}, {"import": 0, "export": 0, "id": "CA"}, {"import": 0, "export": 0, "id": "SA"}], "world_import": 0, "world_export": 0}, {"date": "2017-10-01", "list": [{"import": 0, "export": 0, "id": "GB"}, {"import": 0, "export": 0, "id": "PK"}, {"import": 0, "export": 0, "id": "IN"}, {"import": 0, "export": 0, "id": "BD"}, {"import": 1700, "export": 0, "id": "US"}, {"import": 0, "export": 0, "id": "CA"}, {"import": 0, "export": 0, "id": "SA"}], "world_import": 1700, "world_export": 0}, {"date": "2017-11-01", "list": [{"import": 0, "export": 0, "id": "GB"}, {"import": 0, "export": 0, "id": "PK"}, {"import": 0, "export": 0, "id": "IN"}, {"import": 0, "export": 0, "id": "BD"}, {"import": 0, "export": 0, "id": "US"}, {"import": 0, "export": 0, "id": "CA"}, {"import": 0, "export": 0, "id": "SA"}], "world_import": 0, "world_export": 0}, {"date": "2017-12-01", "list": [{"import": 0, "export": 0, "id": "GB"}, {"import": 0, "export": 0, "id": "PK"}, {"import": 0, "export": 0, "id": "IN"}, {"import": 0, "export": 0, "id": "BD"}, {"import": 0, "export": 0, "id": "US"}, {"import": 0, "export": 0, "id": "CA"}, {"import": 0, "export": 0, "id": "SA"}], "world_import": 0, "world_export": 0}, {"date": "2018-01-01", "list": [{"import": 0, "export": 0, "id": "GB"}, {"import": 0, "export": 0, "id": "PK"}, {"import": 0, "export": 0, "id": "IN"}, {"import": 1310, "export": 0, "id": "BD"}, {"import": 0, "export": 0, "id": "US"}, {"import": 0, "export": 0, "id": "CA"}, {"import": 0, "export": 0, "id": "SA"}], "world_import": 1310, "world_export": 0}, {"date": "2018-02-01", "list": [{"import": 0, "export": 0, "id": "GB"}, {"import": 0, "export": 0, "id": "PK"}, {"import": 0, "export": 0, "id": "IN"}, {"import": 0, "export": 0, "id": "BD"}, {"import": 0, "export": 0, "id": "US"}, {"import": 0, "export": 0, "id": "CA"}, {"import": 0, "export": 0, "id": "SA"}], "world_import": 0, "world_export": 0}, {"date": "2018-03-01", "list": [{"import": 0, "export": 0, "id": "GB"}, {"import": 0, "export": 0, "id": "PK"}, {"import": 0, "export": 0, "id": "IN"}, {"import": 0, "export": 0, "id": "BD"}, {"import": 0, "export": 0, "id": "US"}, {"import": 0, "export": 0, "id": "CA"}, {"import": 0, "export": 0, "id": "SA"}], "world_import": 0, "world_export": 0}, {"date": "2018-04-01", "list": [{"import": 0, "export": 0, "id": "GB"}, {"import": 0, "export": 0, "id": "PK"}, {"import": 0, "export": 0, "id": "IN"}, {"import": 0, "export": 0, "id": "BD"}, {"import": 1100, "export": 0, "id": "US"}, {"import": 0, "export": 0, "id": "CA"}, {"import": 0, "export": 0, "id": "SA"}], "world_import": 1100, "world_export": 0}, {"date": "2018-05-01", "list": [{"import": 0, "export": 0, "id": "GB"}, {"import": 0, "export": 0, "id": "PK"}, {"import": 0, "export": 0, "id": "IN"}, {"import": 0, "export": 0, "id": "BD"}, {"import": 0, "export": 0, "id": "US"}, {"import": 0, "export": 21360, "id": "CA"}, {"import": 0, "export": 0, "id": "SA"}], "world_import": 0, "world_export": 21360}, {"date": "2018-06-01", "list": [{"import": 0, "export": 0, "id": "GB"}, {"import": 0, "export": 0, "id": "PK"}, {"import": 0, "export": 0, "id": "IN"}, {"import": 0, "export": 0, "id": "BD"}, {"import": 0, "export": 0, "id": "US"}, {"import": 0, "export": 0, "id": "CA"}, {"import": 0, "export": 0, "id": "SA"}], "world_import": 0, "world_export": 0}, {"date": "2018-07-01", "list": [{"import": 0, "export": 0, "id": "GB"}, {"import": 0, "export": 0, "id": "PK"}, {"import": 0, "export": 0, "id": "IN"}, {"import": 0, "export": 0, "id": "BD"}, {"import": 0, "export": 0, "id": "US"}, {"import": 0, "export": 0, "id": "CA"}, {"import": 0, "export": 0, "id": "SA"}], "world_import": 0, "world_export": 0}, {"date": "2018-08-01", "list": [{"import": 0, "export": 0, "id": "GB"}, {"import": 0, "export": 0, "id": "PK"}, {"import": 0, "export": 0, "id": "IN"}, {"import": 0, "export": 0, "id": "BD"}, {"import": 0, "export": 0, "id": "US"}, {"import": 0, "export": 0, "id": "CA"}, {"import": 0, "export": 0, "id": "SA"}], "world_import": 0, "world_export": 0}, {"date": "2018-09-01", "list": [{"import": 0, "export": 0, "id": "GB"}, {"import": 0, "export": 0, "id": "PK"}, {"import": 0, "export": 0, "id": "IN"}, {"import": 0, "export": 0, "id": "BD"}, {"import": 0, "export": 0, "id": "US"}, {"import": 0, "export": 0, "id": "CA"}, {"import": 0, "export": 0, "id": "SA"}], "world_import": 0, "world_export": 0}, {"date": "2018-10-01", "list": [{"import": 0, "export": 0, "id": "GB"}, {"import": 580, "export": 0, "id": "PK"}, {"import": 0, "export": 0, "id": "IN"}, {"import": 0, "export": 0, "id": "BD"}, {"import": 0, "export": 0, "id": "US"}, {"import": 0, "export": 0, "id": "CA"}, {"import": 0, "export": 0, "id": "SA"}], "world_import": 580, "world_export": 0}]