[{"date": "2018-11-01", "list": [{"import": 1712, "export": 36307, "id": "RU"}, {"import": 0, "export": 0, "id": "CN"}, {"import": 456, "export": 0, "id": "IT"}, {"import": 20757, "export": 0, "id": "TJ"}, {"import": 0, "export": 0, "id": "US"}, {"import": 0, "export": 668675, "id": "UZ"}, {"import": 0, "export": 0, "id": "AF"}, {"import": 0, "export": 0, "id": "BY"}], "world_import": 22925, "world_export": 704982}, {"date": "2018-12-01", "list": [{"import": 3152, "export": 19960, "id": "RU"}, {"import": 0, "export": 0, "id": "CN"}, {"import": 116, "export": 0, "id": "IT"}, {"import": 26355, "export": 0, "id": "TJ"}, {"import": 0, "export": 0, "id": "US"}, {"import": 0, "export": 917426, "id": "UZ"}, {"import": 0, "export": 0, "id": "AF"}, {"import": 0, "export": 0, "id": "BY"}], "world_import": 29623, "world_export": 937386}, {"date": "2019-01-01", "list": [{"import": 1312, "export": 16567, "id": "RU"}, {"import": 0, "export": 0, "id": "CN"}, {"import": 0, "export": 0, "id": "IT"}, {"import": 10008, "export": 0, "id": "TJ"}, {"import": 0, "export": 0, "id": "US"}, {"import": 0, "export": 1143537, "id": "UZ"}, {"import": 0, "export": 0, "id": "AF"}, {"import": 0, "export": 0, "id": "BY"}], "world_import": 11320, "world_export": 1160104}, {"date": "2019-02-01", "list": [{"import": 2289, "export": 8170, "id": "RU"}, {"import": 0, "export": 0, "id": "CN"}, {"import": 0, "export": 0, "id": "IT"}, {"import": 10834, "export": 0, "id": "TJ"}, {"import": 0, "export": 0, "id": "US"}, {"import": 0, "export": 1199880, "id": "UZ"}, {"import": 0, "export": 0, "id": "AF"}, {"import": 0, "export": 0, "id": "BY"}], "world_import": 13123, "world_export": 1208050}, {"date": "2019-03-01", "list": [{"import": 161320, "export": 36998, "id": "RU"}, {"import": 0, "export": 0, "id": "CN"}, {"import": 132, "export": 0, "id": "IT"}, {"import": 6630, "export": 0, "id": "TJ"}, {"import": 0, "export": 0, "id": "US"}, {"import": 0, "export": 964164, "id": "UZ"}, {"import": 0, "export": 0, "id": "AF"}, {"import": 0, "export": 0, "id": "BY"}], "world_import": 168082, "world_export": 1001162}, {"date": "2019-04-01", "list": [{"import": 80381, "export": 12900, "id": "RU"}, {"import": 0, "export": 0, "id": "CN"}, {"import": 0, "export": 0, "id": "IT"}, {"import": 9788, "export": 0, "id": "TJ"}, {"import": 0, "export": 0, "id": "US"}, {"import": 0, "export": 1363179, "id": "UZ"}, {"import": 0, "export": 0, "id": "AF"}, {"import": 0, "export": 0, "id": "BY"}], "world_import": 90169, "world_export": 1376079}, {"date": "2019-05-01", "list": [{"import": 6807, "export": 10424, "id": "RU"}, {"import": 0, "export": 0, "id": "CN"}, {"import": 0, "export": 0, "id": "IT"}, {"import": 0, "export": 0, "id": "TJ"}, {"import": 0, "export": 6500, "id": "US"}, {"import": 0, "export": 782807, "id": "UZ"}, {"import": 0, "export": 0, "id": "AF"}, {"import": 0, "export": 0, "id": "BY"}], "world_import": 6807, "world_export": 799731}, {"date": "2019-06-01", "list": [{"import": 8772, "export": 3464, "id": "RU"}, {"import": 0, "export": 0, "id": "CN"}, {"import": 180, "export": 0, "id": "IT"}, {"import": 0, "export": 0, "id": "TJ"}, {"import": 0, "export": 0, "id": "US"}, {"import": 0, "export": 474671, "id": "UZ"}, {"import": 0, "export": 0, "id": "AF"}, {"import": 0, "export": 0, "id": "BY"}], "world_import": 8952, "world_export": 478135}, {"date": "2019-07-01", "list": [{"import": 9610, "export": 0, "id": "RU"}, {"import": 0, "export": 0, "id": "CN"}, {"import": 0, "export": 0, "id": "IT"}, {"import": 0, "export": 0, "id": "TJ"}, {"import": 0, "export": 0, "id": "US"}, {"import": 0, "export": 832667, "id": "UZ"}, {"import": 0, "export": 0, "id": "AF"}, {"import": 0, "export": 0, "id": "BY"}], "world_import": 9610, "world_export": 832667}, {"date": "2019-08-01", "list": [{"import": 3115, "export": 4627, "id": "RU"}, {"import": 0, "export": 0, "id": "CN"}, {"import": 720, "export": 0, "id": "IT"}, {"import": 2518, "export": 0, "id": "TJ"}, {"import": 0, "export": 0, "id": "US"}, {"import": 0, "export": 902475, "id": "UZ"}, {"import": 0, "export": 0, "id": "AF"}, {"import": 0, "export": 0, "id": "BY"}], "world_import": 6353, "world_export": 907102}, {"date": "2019-09-01", "list": [{"import": 72370, "export": 434, "id": "RU"}, {"import": 0, "export": 0, "id": "CN"}, {"import": 0, "export": 0, "id": "IT"}, {"import": 3539, "export": 0, "id": "TJ"}, {"import": 0, "export": 0, "id": "US"}, {"import": 0, "export": 3192214, "id": "UZ"}, {"import": 0, "export": 0, "id": "AF"}, {"import": 0, "export": 0, "id": "BY"}], "world_import": 75909, "world_export": 3192648}, {"date": "2019-10-01", "list": [{"import": 35477, "export": 6545, "id": "RU"}, {"import": 0, "export": 0, "id": "CN"}, {"import": 0, "export": 0, "id": "IT"}, {"import": 4407, "export": 0, "id": "TJ"}, {"import": 0, "export": 0, "id": "US"}, {"import": 0, "export": 0, "id": "UZ"}, {"import": 0, "export": 0, "id": "AF"}, {"import": 0, "export": 0, "id": "BY"}], "world_import": 39884, "world_export": 6545}, {"date": "2019-11-01", "list": [{"import": 6653, "export": 117886, "id": "RU"}, {"import": 0, "export": 0, "id": "CN"}, {"import": 364, "export": 0, "id": "IT"}, {"import": 0, "export": 0, "id": "TJ"}, {"import": 0, "export": 0, "id": "US"}, {"import": 0, "export": 0, "id": "UZ"}, {"import": 0, "export": 0, "id": "AF"}, {"import": 0, "export": 1000, "id": "BY"}], "world_import": 7017, "world_export": 118886}, {"date": "2019-12-01", "list": [{"import": 3084, "export": 4370, "id": "RU"}, {"import": 2703, "export": 0, "id": "CN"}, {"import": 0, "export": 0, "id": "IT"}, {"import": 0, "export": 0, "id": "TJ"}, {"import": 0, "export": 0, "id": "US"}, {"import": 0, "export": 23933, "id": "UZ"}, {"import": 0, "export": 46000, "id": "AF"}, {"import": 0, "export": 0, "id": "BY"}], "world_import": 5787, "world_export": 74303}, {"date": "2020-01-01", "list": [{"import": 1972, "export": 0, "id": "RU"}, {"import": 0, "export": 0, "id": "CN"}, {"import": 0, "export": 0, "id": "IT"}, {"import": 0, "export": 0, "id": "TJ"}, {"import": 0, "export": 0, "id": "US"}, {"import": 0, "export": 0, "id": "UZ"}, {"import": 0, "export": 42500, "id": "AF"}, {"import": 0, "export": 0, "id": "BY"}], "world_import": 1972, "world_export": 42500}, {"date": "2020-02-01", "list": [{"import": 6034, "export": 487, "id": "RU"}, {"import": 0, "export": 0, "id": "CN"}, {"import": 0, "export": 0, "id": "IT"}, {"import": 0, "export": 0, "id": "TJ"}, {"import": 0, "export": 0, "id": "US"}, {"import": 0, "export": 24000, "id": "UZ"}, {"import": 0, "export": 92000, "id": "AF"}, {"import": 0, "export": 0, "id": "BY"}], "world_import": 6034, "world_export": 116487}, {"date": "2020-03-01", "list": [{"import": 5504, "export": 384, "id": "RU"}, {"import": 0, "export": 0, "id": "CN"}, {"import": 0, "export": 0, "id": "IT"}, {"import": 0, "export": 0, "id": "TJ"}, {"import": 0, "export": 0, "id": "US"}, {"import": 0, "export": 64888, "id": "UZ"}, {"import": 0, "export": 0, "id": "AF"}, {"import": 0, "export": 0, "id": "BY"}], "world_import": 5504, "world_export": 65272}, {"date": "2020-04-01", "list": [{"import": 23822, "export": 84225, "id": "RU"}, {"import": 0, "export": 0, "id": "CN"}, {"import": 360, "export": 0, "id": "IT"}, {"import": 0, "export": 0, "id": "TJ"}, {"import": 0, "export": 0, "id": "US"}, {"import": 0, "export": 0, "id": "UZ"}, {"import": 0, "export": 136000, "id": "AF"}, {"import": 0, "export": 0, "id": "BY"}], "world_import": 24182, "world_export": 220225}]