[{"date": "2015-05-01", "list": [{"import": 0, "export": 0, "id": "AU"}, {"import": 30753, "export": 0, "id": "JP"}, {"import": 0, "export": 0, "id": "KR"}, {"import": 0, "export": 0, "id": "IN"}, {"import": 0, "export": 0, "id": "VN"}], "world_import": 30753, "world_export": 0}, {"date": "2015-06-01", "list": [{"import": 0, "export": 0, "id": "AU"}, {"import": 0, "export": 0, "id": "JP"}, {"import": 0, "export": 0, "id": "KR"}, {"import": 0, "export": 0, "id": "IN"}, {"import": 138398, "export": 0, "id": "VN"}], "world_import": 138398, "world_export": 0}, {"date": "2015-07-01", "list": [{"import": 0, "export": 0, "id": "AU"}, {"import": 0, "export": 0, "id": "JP"}, {"import": 0, "export": 0, "id": "KR"}, {"import": 141120, "export": 0, "id": "IN"}, {"import": 0, "export": 0, "id": "VN"}], "world_import": 141120, "world_export": 0}, {"date": "2015-08-01", "list": [{"import": 0, "export": 0, "id": "AU"}, {"import": 54797, "export": 0, "id": "JP"}, {"import": 0, "export": 0, "id": "KR"}, {"import": 0, "export": 0, "id": "IN"}, {"import": 0, "export": 0, "id": "VN"}], "world_import": 54797, "world_export": 0}, {"date": "2015-09-01", "list": [{"import": 0, "export": 0, "id": "AU"}, {"import": 2004, "export": 0, "id": "JP"}, {"import": 0, "export": 0, "id": "KR"}, {"import": 0, "export": 0, "id": "IN"}, {"import": 0, "export": 0, "id": "VN"}], "world_import": 2004, "world_export": 0}, {"date": "2015-10-01", "list": [{"import": 4825, "export": 0, "id": "AU"}, {"import": 0, "export": 0, "id": "JP"}, {"import": 0, "export": 0, "id": "KR"}, {"import": 0, "export": 0, "id": "IN"}, {"import": 0, "export": 0, "id": "VN"}], "world_import": 4825, "world_export": 0}, {"date": "2015-11-01", "list": [{"import": 0, "export": 0, "id": "AU"}, {"import": 112935, "export": 0, "id": "JP"}, {"import": 0, "export": 0, "id": "KR"}, {"import": 0, "export": 0, "id": "IN"}, {"import": 116500, "export": 0, "id": "VN"}], "world_import": 229435, "world_export": 0}, {"date": "2015-12-01", "list": [{"import": 0, "export": 0, "id": "AU"}, {"import": 0, "export": 0, "id": "JP"}, {"import": 0, "export": 0, "id": "KR"}, {"import": 0, "export": 0, "id": "IN"}, {"import": 0, "export": 0, "id": "VN"}], "world_import": 0, "world_export": 0}, {"date": "2016-01-01", "list": [{"import": 0, "export": 0, "id": "AU"}, {"import": 0, "export": 0, "id": "JP"}, {"import": 36000, "export": 0, "id": "KR"}, {"import": 0, "export": 0, "id": "IN"}, {"import": 0, "export": 0, "id": "VN"}], "world_import": 36000, "world_export": 0}, {"date": "2016-02-01", "list": [{"import": 0, "export": 0, "id": "AU"}, {"import": 0, "export": 0, "id": "JP"}, {"import": 0, "export": 0, "id": "KR"}, {"import": 0, "export": 0, "id": "IN"}, {"import": 0, "export": 0, "id": "VN"}], "world_import": 0, "world_export": 0}, {"date": "2016-03-01", "list": [{"import": 0, "export": 0, "id": "AU"}, {"import": 54000, "export": 0, "id": "JP"}, {"import": 0, "export": 0, "id": "KR"}, {"import": 0, "export": 0, "id": "IN"}, {"import": 0, "export": 0, "id": "VN"}], "world_import": 54000, "world_export": 0}, {"date": "2016-04-01", "list": [{"import": 0, "export": 0, "id": "AU"}, {"import": 0, "export": 0, "id": "JP"}, {"import": 0, "export": 0, "id": "KR"}, {"import": 0, "export": 0, "id": "IN"}, {"import": 0, "export": 0, "id": "VN"}], "world_import": 0, "world_export": 0}, {"date": "2016-05-01", "list": [{"import": 0, "export": 0, "id": "AU"}, {"import": 54000, "export": 0, "id": "JP"}, {"import": 0, "export": 0, "id": "KR"}, {"import": 0, "export": 0, "id": "IN"}, {"import": 0, "export": 0, "id": "VN"}], "world_import": 54000, "world_export": 0}, {"date": "2016-06-01", "list": [{"import": 0, "export": 0, "id": "AU"}, {"import": 0, "export": 0, "id": "JP"}, {"import": 0, "export": 0, "id": "KR"}, {"import": 0, "export": 0, "id": "IN"}, {"import": 0, "export": 0, "id": "VN"}], "world_import": 0, "world_export": 0}, {"date": "2016-07-01", "list": [{"import": 0, "export": 0, "id": "AU"}, {"import": 0, "export": 0, "id": "JP"}, {"import": 0, "export": 0, "id": "KR"}, {"import": 0, "export": 0, "id": "IN"}, {"import": 0, "export": 0, "id": "VN"}], "world_import": 0, "world_export": 0}, {"date": "2016-08-01", "list": [{"import": 0, "export": 0, "id": "AU"}, {"import": 0, "export": 0, "id": "JP"}, {"import": 0, "export": 0, "id": "KR"}, {"import": 0, "export": 0, "id": "IN"}, {"import": 0, "export": 0, "id": "VN"}], "world_import": 0, "world_export": 0}, {"date": "2016-09-01", "list": [{"import": 0, "export": 0, "id": "AU"}, {"import": 0, "export": 0, "id": "JP"}, {"import": 0, "export": 0, "id": "KR"}, {"import": 0, "export": 0, "id": "IN"}, {"import": 0, "export": 0, "id": "VN"}], "world_import": 0, "world_export": 0}, {"date": "2016-10-01", "list": [{"import": 0, "export": 0, "id": "AU"}, {"import": 0, "export": 0, "id": "JP"}, {"import": 0, "export": 0, "id": "KR"}, {"import": 0, "export": 0, "id": "IN"}, {"import": 0, "export": 0, "id": "VN"}], "world_import": 0, "world_export": 0}]