[{"date": "2018-05-01", "list": [{"import": 740, "export": 0, "id": "US"}], "world_import": 740, "world_export": 0}, {"date": "2018-06-01", "list": [{"import": 0, "export": 0, "id": "US"}], "world_import": 0, "world_export": 0}, {"date": "2018-07-01", "list": [{"import": 0, "export": 0, "id": "US"}], "world_import": 0, "world_export": 0}, {"date": "2018-08-01", "list": [{"import": 0, "export": 0, "id": "US"}], "world_import": 0, "world_export": 0}, {"date": "2018-09-01", "list": [{"import": 0, "export": 0, "id": "US"}], "world_import": 0, "world_export": 0}, {"date": "2018-10-01", "list": [{"import": 14388, "export": 0, "id": "US"}], "world_import": 14388, "world_export": 0}, {"date": "2018-11-01", "list": [{"import": 631, "export": 0, "id": "US"}], "world_import": 631, "world_export": 0}, {"date": "2018-12-01", "list": [{"import": 0, "export": 0, "id": "US"}], "world_import": 0, "world_export": 0}, {"date": "2019-01-01", "list": [{"import": 0, "export": 0, "id": "US"}], "world_import": 0, "world_export": 0}, {"date": "2019-02-01", "list": [{"import": 0, "export": 0, "id": "US"}], "world_import": 0, "world_export": 0}, {"date": "2019-03-01", "list": [{"import": 11212, "export": 0, "id": "US"}], "world_import": 11212, "world_export": 0}, {"date": "2019-04-01", "list": [{"import": 0, "export": 0, "id": "US"}], "world_import": 0, "world_export": 0}, {"date": "2019-05-01", "list": [{"import": 0, "export": 0, "id": "US"}], "world_import": 0, "world_export": 0}, {"date": "2019-06-01", "list": [{"import": 0, "export": 0, "id": "US"}], "world_import": 0, "world_export": 0}, {"date": "2019-07-01", "list": [{"import": 0, "export": 0, "id": "US"}], "world_import": 0, "world_export": 0}, {"date": "2019-08-01", "list": [{"import": 0, "export": 0, "id": "US"}], "world_import": 0, "world_export": 0}, {"date": "2019-09-01", "list": [{"import": 0, "export": 0, "id": "US"}], "world_import": 0, "world_export": 0}, {"date": "2019-10-01", "list": [{"import": 0, "export": 0, "id": "US"}], "world_import": 0, "world_export": 0}]