[{"date": "2015-03-01", "list": [{"import": 0, "export": 0, "id": "PK"}, {"import": 0, "export": 0, "id": "RU"}, {"import": 0, "export": 0, "id": "IN"}, {"import": 480, "export": 0, "id": "IT"}, {"import": 0, "export": 0, "id": "IR"}], "world_import": 480, "world_export": 0}, {"date": "2015-04-01", "list": [{"import": 0, "export": 0, "id": "PK"}, {"import": 0, "export": 0, "id": "RU"}, {"import": 0, "export": 0, "id": "IN"}, {"import": 0, "export": 0, "id": "IT"}, {"import": 0, "export": 0, "id": "IR"}], "world_import": 0, "world_export": 0}, {"date": "2015-05-01", "list": [{"import": 22000, "export": 0, "id": "PK"}, {"import": 0, "export": 0, "id": "RU"}, {"import": 0, "export": 0, "id": "IN"}, {"import": 460, "export": 0, "id": "IT"}, {"import": 0, "export": 0, "id": "IR"}], "world_import": 22460, "world_export": 0}, {"date": "2015-06-01", "list": [{"import": 0, "export": 0, "id": "PK"}, {"import": 0, "export": 0, "id": "RU"}, {"import": 0, "export": 0, "id": "IN"}, {"import": 0, "export": 0, "id": "IT"}, {"import": 0, "export": 0, "id": "IR"}], "world_import": 0, "world_export": 0}, {"date": "2015-07-01", "list": [{"import": 0, "export": 0, "id": "PK"}, {"import": 0, "export": 0, "id": "RU"}, {"import": 10000, "export": 0, "id": "IN"}, {"import": 0, "export": 0, "id": "IT"}, {"import": 0, "export": 0, "id": "IR"}], "world_import": 10000, "world_export": 0}, {"date": "2015-08-01", "list": [{"import": 0, "export": 0, "id": "PK"}, {"import": 50021, "export": 0, "id": "RU"}, {"import": 0, "export": 0, "id": "IN"}, {"import": 0, "export": 0, "id": "IT"}, {"import": 0, "export": 0, "id": "IR"}], "world_import": 50021, "world_export": 0}, {"date": "2015-09-01", "list": [{"import": 22000, "export": 0, "id": "PK"}, {"import": 0, "export": 0, "id": "RU"}, {"import": 0, "export": 0, "id": "IN"}, {"import": 0, "export": 0, "id": "IT"}, {"import": 0, "export": 0, "id": "IR"}], "world_import": 22000, "world_export": 0}, {"date": "2015-10-01", "list": [{"import": 0, "export": 0, "id": "PK"}, {"import": 21000, "export": 0, "id": "RU"}, {"import": 0, "export": 0, "id": "IN"}, {"import": 452, "export": 0, "id": "IT"}, {"import": 0, "export": 0, "id": "IR"}], "world_import": 21452, "world_export": 0}, {"date": "2015-11-01", "list": [{"import": 22000, "export": 0, "id": "PK"}, {"import": 602, "export": 0, "id": "RU"}, {"import": 17920, "export": 0, "id": "IN"}, {"import": 480, "export": 0, "id": "IT"}, {"import": 0, "export": 0, "id": "IR"}], "world_import": 41002, "world_export": 0}, {"date": "2015-12-01", "list": [{"import": 0, "export": 0, "id": "PK"}, {"import": 420, "export": 0, "id": "RU"}, {"import": 0, "export": 0, "id": "IN"}, {"import": 0, "export": 0, "id": "IT"}, {"import": 0, "export": 120, "id": "IR"}], "world_import": 420, "world_export": 120}, {"date": "2016-01-01", "list": [{"import": 0, "export": 0, "id": "PK"}, {"import": 0, "export": 0, "id": "RU"}, {"import": 0, "export": 0, "id": "IN"}, {"import": 0, "export": 0, "id": "IT"}, {"import": 0, "export": 0, "id": "IR"}], "world_import": 0, "world_export": 0}, {"date": "2016-02-01", "list": [{"import": 0, "export": 0, "id": "PK"}, {"import": 23864, "export": 0, "id": "RU"}, {"import": 0, "export": 0, "id": "IN"}, {"import": 0, "export": 0, "id": "IT"}, {"import": 0, "export": 0, "id": "IR"}], "world_import": 23864, "world_export": 0}, {"date": "2016-03-01", "list": [{"import": 0, "export": 0, "id": "PK"}, {"import": 23168, "export": 0, "id": "RU"}, {"import": 0, "export": 0, "id": "IN"}, {"import": 0, "export": 0, "id": "IT"}, {"import": 0, "export": 0, "id": "IR"}], "world_import": 23168, "world_export": 0}, {"date": "2016-04-01", "list": [{"import": 0, "export": 0, "id": "PK"}, {"import": 819, "export": 0, "id": "RU"}, {"import": 0, "export": 0, "id": "IN"}, {"import": 480, "export": 0, "id": "IT"}, {"import": 0, "export": 0, "id": "IR"}], "world_import": 1299, "world_export": 0}, {"date": "2016-05-01", "list": [{"import": 0, "export": 0, "id": "PK"}, {"import": 1524, "export": 0, "id": "RU"}, {"import": 0, "export": 0, "id": "IN"}, {"import": 192, "export": 0, "id": "IT"}, {"import": 0, "export": 0, "id": "IR"}], "world_import": 1716, "world_export": 0}, {"date": "2016-06-01", "list": [{"import": 22000, "export": 0, "id": "PK"}, {"import": 0, "export": 0, "id": "RU"}, {"import": 0, "export": 0, "id": "IN"}, {"import": 480, "export": 0, "id": "IT"}, {"import": 0, "export": 0, "id": "IR"}], "world_import": 22480, "world_export": 0}, {"date": "2016-07-01", "list": [{"import": 0, "export": 0, "id": "PK"}, {"import": 848, "export": 0, "id": "RU"}, {"import": 0, "export": 0, "id": "IN"}, {"import": 360, "export": 0, "id": "IT"}, {"import": 0, "export": 0, "id": "IR"}], "world_import": 1208, "world_export": 0}, {"date": "2016-08-01", "list": [{"import": 0, "export": 0, "id": "PK"}, {"import": 0, "export": 0, "id": "RU"}, {"import": 0, "export": 0, "id": "IN"}, {"import": 260, "export": 0, "id": "IT"}, {"import": 0, "export": 0, "id": "IR"}], "world_import": 260, "world_export": 0}]