[{"date": "2008-05-01", "list": [{"import": 730000, "export": 0, "id": "TH"}, {"import": 145000, "export": 0, "id": "PK"}, {"import": 266800, "export": 0, "id": "RU"}, {"import": 0, "export": 0, "id": "IR"}, {"import": 0, "export": 0, "id": "AF"}, {"import": 100000, "export": 0, "id": "CN"}, {"import": 0, "export": 0, "id": "GE"}, {"import": 0, "export": 0, "id": "DE"}, {"import": 0, "export": 0, "id": "IN"}, {"import": 0, "export": 0, "id": "VN"}, {"import": 384000, "export": 0, "id": "KZ"}, {"import": 0, "export": 0, "id": "NL"}, {"import": 0, "export": 0, "id": "AE"}, {"import": 0, "export": 0, "id": "TR"}, {"import": 357675, "export": 0, "id": "EG"}], "world_import": 1983475, "world_export": 0}, {"date": "2008-06-01", "list": [{"import": 840000, "export": 0, "id": "TH"}, {"import": 60000, "export": 0, "id": "PK"}, {"import": 348180, "export": 0, "id": "RU"}, {"import": 0, "export": 0, "id": "IR"}, {"import": 0, "export": 0, "id": "AF"}, {"import": 0, "export": 0, "id": "CN"}, {"import": 0, "export": 0, "id": "GE"}, {"import": 0, "export": 0, "id": "DE"}, {"import": 0, "export": 0, "id": "IN"}, {"import": 0, "export": 0, "id": "VN"}, {"import": 192000, "export": 0, "id": "KZ"}, {"import": 0, "export": 0, "id": "NL"}, {"import": 0, "export": 0, "id": "AE"}, {"import": 0, "export": 0, "id": "TR"}, {"import": 457976, "export": 0, "id": "EG"}], "world_import": 1898156, "world_export": 0}, {"date": "2008-07-01", "list": [{"import": 140000, "export": 0, "id": "TH"}, {"import": 100000, "export": 0, "id": "PK"}, {"import": 6240, "export": 0, "id": "RU"}, {"import": 0, "export": 0, "id": "IR"}, {"import": 0, "export": 0, "id": "AF"}, {"import": 0, "export": 0, "id": "CN"}, {"import": 0, "export": 0, "id": "GE"}, {"import": 1282, "export": 0, "id": "DE"}, {"import": 0, "export": 0, "id": "IN"}, {"import": 0, "export": 0, "id": "VN"}, {"import": 0, "export": 0, "id": "KZ"}, {"import": 0, "export": 0, "id": "NL"}, {"import": 0, "export": 0, "id": "AE"}, {"import": 0, "export": 0, "id": "TR"}, {"import": 0, "export": 0, "id": "EG"}], "world_import": 247522, "world_export": 0}, {"date": "2008-08-01", "list": [{"import": 0, "export": 0, "id": "TH"}, {"import": 200000, "export": 0, "id": "PK"}, {"import": 0, "export": 0, "id": "RU"}, {"import": 0, "export": 0, "id": "IR"}, {"import": 0, "export": 0, "id": "AF"}, {"import": 0, "export": 0, "id": "CN"}, {"import": 0, "export": 0, "id": "GE"}, {"import": 0, "export": 0, "id": "DE"}, {"import": 0, "export": 0, "id": "IN"}, {"import": 0, "export": 0, "id": "VN"}, {"import": 0, "export": 0, "id": "KZ"}, {"import": 0, "export": 0, "id": "NL"}, {"import": 0, "export": 0, "id": "AE"}, {"import": 0, "export": 0, "id": "TR"}, {"import": 0, "export": 0, "id": "EG"}], "world_import": 200000, "world_export": 0}, {"date": "2008-09-01", "list": [{"import": 20000, "export": 0, "id": "TH"}, {"import": 380000, "export": 0, "id": "PK"}, {"import": 10400, "export": 0, "id": "RU"}, {"import": 0, "export": 0, "id": "IR"}, {"import": 0, "export": 0, "id": "AF"}, {"import": 0, "export": 0, "id": "CN"}, {"import": 0, "export": 0, "id": "GE"}, {"import": 0, "export": 0, "id": "DE"}, {"import": 0, "export": 0, "id": "IN"}, {"import": 0, "export": 0, "id": "VN"}, {"import": 0, "export": 0, "id": "KZ"}, {"import": 0, "export": 0, "id": "NL"}, {"import": 0, "export": 0, "id": "AE"}, {"import": 0, "export": 0, "id": "TR"}, {"import": 0, "export": 0, "id": "EG"}], "world_import": 410400, "world_export": 0}, {"date": "2008-10-01", "list": [{"import": 20000, "export": 0, "id": "TH"}, {"import": 720000, "export": 0, "id": "PK"}, {"import": 735700, "export": 0, "id": "RU"}, {"import": 0, "export": 0, "id": "IR"}, {"import": 0, "export": 0, "id": "AF"}, {"import": 264000, "export": 0, "id": "CN"}, {"import": 0, "export": 0, "id": "GE"}, {"import": 0, "export": 0, "id": "DE"}, {"import": 0, "export": 0, "id": "IN"}, {"import": 0, "export": 0, "id": "VN"}, {"import": 0, "export": 0, "id": "KZ"}, {"import": 0, "export": 0, "id": "NL"}, {"import": 0, "export": 0, "id": "AE"}, {"import": 0, "export": 0, "id": "TR"}, {"import": 0, "export": 0, "id": "EG"}], "world_import": 1739700, "world_export": 0}, {"date": "2008-11-01", "list": [{"import": 998910, "export": 0, "id": "TH"}, {"import": 920000, "export": 0, "id": "PK"}, {"import": 917098, "export": 0, "id": "RU"}, {"import": 0, "export": 0, "id": "IR"}, {"import": 0, "export": 0, "id": "AF"}, {"import": 0, "export": 0, "id": "CN"}, {"import": 0, "export": 0, "id": "GE"}, {"import": 0, "export": 0, "id": "DE"}, {"import": 0, "export": 0, "id": "IN"}, {"import": 0, "export": 0, "id": "VN"}, {"import": 0, "export": 0, "id": "KZ"}, {"import": 0, "export": 0, "id": "NL"}, {"import": 0, "export": 0, "id": "AE"}, {"import": 600, "export": 0, "id": "TR"}, {"import": 0, "export": 0, "id": "EG"}], "world_import": 2836608, "world_export": 0}, {"date": "2008-12-01", "list": [{"import": 1109150, "export": 0, "id": "TH"}, {"import": 1500000, "export": 0, "id": "PK"}, {"import": 223010, "export": 0, "id": "RU"}, {"import": 0, "export": 0, "id": "IR"}, {"import": 0, "export": 0, "id": "AF"}, {"import": 0, "export": 0, "id": "CN"}, {"import": 0, "export": 0, "id": "GE"}, {"import": 0, "export": 0, "id": "DE"}, {"import": 950, "export": 0, "id": "IN"}, {"import": 0, "export": 0, "id": "VN"}, {"import": 0, "export": 0, "id": "KZ"}, {"import": 0, "export": 0, "id": "NL"}, {"import": 0, "export": 0, "id": "AE"}, {"import": 0, "export": 0, "id": "TR"}, {"import": 0, "export": 0, "id": "EG"}], "world_import": 2833110, "world_export": 0}, {"date": "2009-01-01", "list": [{"import": 0, "export": 0, "id": "TH"}, {"import": 900000, "export": 0, "id": "PK"}, {"import": 759373, "export": 0, "id": "RU"}, {"import": 0, "export": 0, "id": "IR"}, {"import": 0, "export": 0, "id": "AF"}, {"import": 0, "export": 0, "id": "CN"}, {"import": 0, "export": 20000, "id": "GE"}, {"import": 0, "export": 0, "id": "DE"}, {"import": 0, "export": 0, "id": "IN"}, {"import": 0, "export": 0, "id": "VN"}, {"import": 0, "export": 0, "id": "KZ"}, {"import": 0, "export": 0, "id": "NL"}, {"import": 0, "export": 0, "id": "AE"}, {"import": 0, "export": 0, "id": "TR"}, {"import": 0, "export": 0, "id": "EG"}], "world_import": 1659373, "world_export": 20000}, {"date": "2009-02-01", "list": [{"import": 0, "export": 0, "id": "TH"}, {"import": 560084, "export": 0, "id": "PK"}, {"import": 1421376, "export": 0, "id": "RU"}, {"import": 0, "export": 0, "id": "IR"}, {"import": 0, "export": 0, "id": "AF"}, {"import": 0, "export": 0, "id": "CN"}, {"import": 0, "export": 0, "id": "GE"}, {"import": 2055, "export": 0, "id": "DE"}, {"import": 10000, "export": 0, "id": "IN"}, {"import": 0, "export": 0, "id": "VN"}, {"import": 0, "export": 0, "id": "KZ"}, {"import": 0, "export": 0, "id": "NL"}, {"import": 0, "export": 0, "id": "AE"}, {"import": 0, "export": 0, "id": "TR"}, {"import": 0, "export": 0, "id": "EG"}], "world_import": 1993515, "world_export": 0}, {"date": "2009-03-01", "list": [{"import": 160384, "export": 0, "id": "TH"}, {"import": 1100000, "export": 0, "id": "PK"}, {"import": 748652, "export": 0, "id": "RU"}, {"import": 0, "export": 0, "id": "IR"}, {"import": 0, "export": 0, "id": "AF"}, {"import": 0, "export": 0, "id": "CN"}, {"import": 0, "export": 0, "id": "GE"}, {"import": 0, "export": 0, "id": "DE"}, {"import": 0, "export": 0, "id": "IN"}, {"import": 576, "export": 0, "id": "VN"}, {"import": 0, "export": 0, "id": "KZ"}, {"import": 0, "export": 0, "id": "NL"}, {"import": 0, "export": 0, "id": "AE"}, {"import": 0, "export": 0, "id": "TR"}, {"import": 0, "export": 0, "id": "EG"}], "world_import": 2009612, "world_export": 0}, {"date": "2009-04-01", "list": [{"import": 0, "export": 0, "id": "TH"}, {"import": 1190000, "export": 0, "id": "PK"}, {"import": 480114, "export": 0, "id": "RU"}, {"import": 0, "export": 0, "id": "IR"}, {"import": 0, "export": 0, "id": "AF"}, {"import": 0, "export": 0, "id": "CN"}, {"import": 0, "export": 0, "id": "GE"}, {"import": 0, "export": 0, "id": "DE"}, {"import": 0, "export": 0, "id": "IN"}, {"import": 0, "export": 0, "id": "VN"}, {"import": 0, "export": 0, "id": "KZ"}, {"import": 1441, "export": 0, "id": "NL"}, {"import": 0, "export": 0, "id": "AE"}, {"import": 0, "export": 0, "id": "TR"}, {"import": 0, "export": 0, "id": "EG"}], "world_import": 1671555, "world_export": 0}, {"date": "2009-05-01", "list": [{"import": 0, "export": 0, "id": "TH"}, {"import": 140000, "export": 0, "id": "PK"}, {"import": 701432, "export": 0, "id": "RU"}, {"import": 0, "export": 0, "id": "IR"}, {"import": 0, "export": 0, "id": "AF"}, {"import": 0, "export": 0, "id": "CN"}, {"import": 0, "export": 0, "id": "GE"}, {"import": 0, "export": 0, "id": "DE"}, {"import": 5000, "export": 0, "id": "IN"}, {"import": 0, "export": 0, "id": "VN"}, {"import": 0, "export": 0, "id": "KZ"}, {"import": 0, "export": 0, "id": "NL"}, {"import": 0, "export": 0, "id": "AE"}, {"import": 0, "export": 0, "id": "TR"}, {"import": 0, "export": 0, "id": "EG"}], "world_import": 846432, "world_export": 0}, {"date": "2009-06-01", "list": [{"import": 0, "export": 0, "id": "TH"}, {"import": 90000, "export": 0, "id": "PK"}, {"import": 741060, "export": 0, "id": "RU"}, {"import": 0, "export": 0, "id": "IR"}, {"import": 0, "export": 0, "id": "AF"}, {"import": 0, "export": 0, "id": "CN"}, {"import": 0, "export": 64000, "id": "GE"}, {"import": 0, "export": 0, "id": "DE"}, {"import": 0, "export": 0, "id": "IN"}, {"import": 0, "export": 0, "id": "VN"}, {"import": 0, "export": 0, "id": "KZ"}, {"import": 0, "export": 0, "id": "NL"}, {"import": 0, "export": 0, "id": "AE"}, {"import": 0, "export": 0, "id": "TR"}, {"import": 0, "export": 0, "id": "EG"}], "world_import": 831060, "world_export": 64000}, {"date": "2009-07-01", "list": [{"import": 0, "export": 0, "id": "TH"}, {"import": 35950, "export": 0, "id": "PK"}, {"import": 93077, "export": 0, "id": "RU"}, {"import": 0, "export": 0, "id": "IR"}, {"import": 0, "export": 0, "id": "AF"}, {"import": 377100, "export": 0, "id": "CN"}, {"import": 0, "export": 64000, "id": "GE"}, {"import": 0, "export": 0, "id": "DE"}, {"import": 0, "export": 0, "id": "IN"}, {"import": 0, "export": 0, "id": "VN"}, {"import": 0, "export": 0, "id": "KZ"}, {"import": 0, "export": 0, "id": "NL"}, {"import": 40000, "export": 0, "id": "AE"}, {"import": 0, "export": 0, "id": "TR"}, {"import": 0, "export": 0, "id": "EG"}], "world_import": 546127, "world_export": 64000}, {"date": "2009-08-01", "list": [{"import": 0, "export": 0, "id": "TH"}, {"import": 210570, "export": 0, "id": "PK"}, {"import": 44183, "export": 0, "id": "RU"}, {"import": 0, "export": 0, "id": "IR"}, {"import": 0, "export": 0, "id": "AF"}, {"import": 15000, "export": 0, "id": "CN"}, {"import": 0, "export": 0, "id": "GE"}, {"import": 0, "export": 0, "id": "DE"}, {"import": 0, "export": 0, "id": "IN"}, {"import": 0, "export": 0, "id": "VN"}, {"import": 0, "export": 0, "id": "KZ"}, {"import": 0, "export": 0, "id": "NL"}, {"import": 0, "export": 0, "id": "AE"}, {"import": 480, "export": 0, "id": "TR"}, {"import": 0, "export": 0, "id": "EG"}], "world_import": 270233, "world_export": 0}, {"date": "2009-09-01", "list": [{"import": 0, "export": 0, "id": "TH"}, {"import": 212500, "export": 0, "id": "PK"}, {"import": 258209, "export": 0, "id": "RU"}, {"import": 0, "export": 0, "id": "IR"}, {"import": 0, "export": 0, "id": "AF"}, {"import": 497475, "export": 0, "id": "CN"}, {"import": 0, "export": 0, "id": "GE"}, {"import": 0, "export": 0, "id": "DE"}, {"import": 5267, "export": 0, "id": "IN"}, {"import": 0, "export": 0, "id": "VN"}, {"import": 0, "export": 0, "id": "KZ"}, {"import": 0, "export": 0, "id": "NL"}, {"import": 0, "export": 0, "id": "AE"}, {"import": 720, "export": 0, "id": "TR"}, {"import": 424375, "export": 0, "id": "EG"}], "world_import": 1398546, "world_export": 0}, {"date": "2009-10-01", "list": [{"import": 0, "export": 0, "id": "TH"}, {"import": 282000, "export": 0, "id": "PK"}, {"import": 1060660, "export": 0, "id": "RU"}, {"import": 0, "export": 0, "id": "IR"}, {"import": 0, "export": 0, "id": "AF"}, {"import": 0, "export": 0, "id": "CN"}, {"import": 0, "export": 14000, "id": "GE"}, {"import": 0, "export": 0, "id": "DE"}, {"import": 9000, "export": 0, "id": "IN"}, {"import": 0, "export": 0, "id": "VN"}, {"import": 0, "export": 0, "id": "KZ"}, {"import": 0, "export": 0, "id": "NL"}, {"import": 0, "export": 0, "id": "AE"}, {"import": 0, "export": 0, "id": "TR"}, {"import": 0, "export": 0, "id": "EG"}], "world_import": 1351660, "world_export": 14000}]