[{"date": "2019-01-01", "list": [{"import": 1436, "export": 0, "id": "ES"}], "world_import": 1436, "world_export": 0}, {"date": "2019-02-01", "list": [{"import": 920, "export": 0, "id": "ES"}], "world_import": 920, "world_export": 0}, {"date": "2019-03-01", "list": [{"import": 674, "export": 0, "id": "ES"}], "world_import": 674, "world_export": 0}, {"date": "2019-04-01", "list": [{"import": 893, "export": 0, "id": "ES"}], "world_import": 893, "world_export": 0}, {"date": "2019-05-01", "list": [{"import": 867, "export": 0, "id": "ES"}], "world_import": 867, "world_export": 0}, {"date": "2019-06-01", "list": [{"import": 562, "export": 0, "id": "ES"}], "world_import": 562, "world_export": 0}, {"date": "2019-07-01", "list": [{"import": 868, "export": 0, "id": "ES"}], "world_import": 868, "world_export": 0}, {"date": "2019-09-01", "list": [{"import": 1540, "export": 0, "id": "ES"}], "world_import": 1540, "world_export": 0}, {"date": "2019-10-01", "list": [{"import": 439, "export": 0, "id": "ES"}], "world_import": 439, "world_export": 0}, {"date": "2019-11-01", "list": [{"import": 1290, "export": 0, "id": "ES"}], "world_import": 1290, "world_export": 0}, {"date": "2019-12-01", "list": [{"import": 543, "export": 0, "id": "ES"}], "world_import": 543, "world_export": 0}, {"date": "2020-01-01", "list": [{"import": 1094, "export": 0, "id": "ES"}], "world_import": 1094, "world_export": 0}, {"date": "2020-02-01", "list": [{"import": 1412, "export": 0, "id": "ES"}], "world_import": 1412, "world_export": 0}, {"date": "2020-03-01", "list": [{"import": 1005, "export": 0, "id": "ES"}], "world_import": 1005, "world_export": 0}, {"date": "2020-04-01", "list": [{"import": 1036, "export": 0, "id": "ES"}], "world_import": 1036, "world_export": 0}, {"date": "2020-05-01", "list": [{"import": 856, "export": 0, "id": "ES"}], "world_import": 856, "world_export": 0}]