[{"date": "2014-05-01", "list": [{"import": 610360, "export": 0, "id": "AU"}, {"import": 299130, "export": 0, "id": "TH"}, {"import": 0, "export": 0, "id": "JP"}, {"import": 779, "export": 0, "id": "FR"}, {"import": 0, "export": 0, "id": "IT"}, {"import": 0, "export": 0, "id": "IN"}, {"import": 0, "export": 0, "id": "VN"}, {"import": 0, "export": 0, "id": "NZ"}, {"import": 0, "export": 0, "id": "BO"}], "world_import": 910269, "world_export": 0}, {"date": "2014-06-01", "list": [{"import": 308640, "export": 0, "id": "AU"}, {"import": 303610, "export": 0, "id": "TH"}, {"import": 0, "export": 0, "id": "JP"}, {"import": 808, "export": 0, "id": "FR"}, {"import": 145, "export": 0, "id": "IT"}, {"import": 127, "export": 0, "id": "IN"}, {"import": 0, "export": 0, "id": "VN"}, {"import": 0, "export": 0, "id": "NZ"}, {"import": 0, "export": 0, "id": "BO"}], "world_import": 613330, "world_export": 0}, {"date": "2014-07-01", "list": [{"import": 698380, "export": 0, "id": "AU"}, {"import": 299246, "export": 0, "id": "TH"}, {"import": 0, "export": 0, "id": "JP"}, {"import": 438, "export": 0, "id": "FR"}, {"import": 87, "export": 0, "id": "IT"}, {"import": 0, "export": 0, "id": "IN"}, {"import": 0, "export": 0, "id": "VN"}, {"import": 0, "export": 0, "id": "NZ"}, {"import": 0, "export": 0, "id": "BO"}], "world_import": 998151, "world_export": 0}, {"date": "2014-08-01", "list": [{"import": 653060, "export": 0, "id": "AU"}, {"import": 299097, "export": 0, "id": "TH"}, {"import": 0, "export": 0, "id": "JP"}, {"import": 373, "export": 0, "id": "FR"}, {"import": 81, "export": 0, "id": "IT"}, {"import": 0, "export": 0, "id": "IN"}, {"import": 0, "export": 0, "id": "VN"}, {"import": 0, "export": 0, "id": "NZ"}, {"import": 0, "export": 0, "id": "BO"}], "world_import": 952611, "world_export": 0}, {"date": "2014-09-01", "list": [{"import": 303740, "export": 0, "id": "AU"}, {"import": 0, "export": 0, "id": "TH"}, {"import": 0, "export": 0, "id": "JP"}, {"import": 359, "export": 0, "id": "FR"}, {"import": 0, "export": 0, "id": "IT"}, {"import": 0, "export": 0, "id": "IN"}, {"import": 0, "export": 0, "id": "VN"}, {"import": 0, "export": 0, "id": "NZ"}, {"import": 0, "export": 0, "id": "BO"}], "world_import": 304099, "world_export": 0}, {"date": "2014-10-01", "list": [{"import": 662710, "export": 0, "id": "AU"}, {"import": 303590, "export": 0, "id": "TH"}, {"import": 0, "export": 0, "id": "JP"}, {"import": 467, "export": 0, "id": "FR"}, {"import": 0, "export": 0, "id": "IT"}, {"import": 82, "export": 0, "id": "IN"}, {"import": 0, "export": 0, "id": "VN"}, {"import": 0, "export": 0, "id": "NZ"}, {"import": 0, "export": 0, "id": "BO"}], "world_import": 966849, "world_export": 0}, {"date": "2014-11-01", "list": [{"import": 0, "export": 0, "id": "AU"}, {"import": 299053, "export": 0, "id": "TH"}, {"import": 0, "export": 0, "id": "JP"}, {"import": 304, "export": 0, "id": "FR"}, {"import": 203, "export": 0, "id": "IT"}, {"import": 0, "export": 0, "id": "IN"}, {"import": 0, "export": 0, "id": "VN"}, {"import": 0, "export": 0, "id": "NZ"}, {"import": 0, "export": 0, "id": "BO"}], "world_import": 299560, "world_export": 0}, {"date": "2014-12-01", "list": [{"import": 304510, "export": 0, "id": "AU"}, {"import": 305037, "export": 0, "id": "TH"}, {"import": 467, "export": 0, "id": "JP"}, {"import": 267, "export": 0, "id": "FR"}, {"import": 0, "export": 0, "id": "IT"}, {"import": 114, "export": 0, "id": "IN"}, {"import": 0, "export": 0, "id": "VN"}, {"import": 0, "export": 0, "id": "NZ"}, {"import": 81, "export": 0, "id": "BO"}], "world_import": 610476, "world_export": 0}, {"date": "2015-01-01", "list": [{"import": 654325, "export": 0, "id": "AU"}, {"import": 302664, "export": 0, "id": "TH"}, {"import": 0, "export": 0, "id": "JP"}, {"import": 785, "export": 0, "id": "FR"}, {"import": 0, "export": 0, "id": "IT"}, {"import": 0, "export": 0, "id": "IN"}, {"import": 0, "export": 0, "id": "VN"}, {"import": 0, "export": 0, "id": "NZ"}, {"import": 0, "export": 0, "id": "BO"}], "world_import": 957774, "world_export": 0}, {"date": "2015-02-01", "list": [{"import": 304695, "export": 0, "id": "AU"}, {"import": 0, "export": 0, "id": "TH"}, {"import": 0, "export": 0, "id": "JP"}, {"import": 0, "export": 0, "id": "FR"}, {"import": 154, "export": 0, "id": "IT"}, {"import": 299000, "export": 0, "id": "IN"}, {"import": 0, "export": 0, "id": "VN"}, {"import": 0, "export": 0, "id": "NZ"}, {"import": 0, "export": 0, "id": "BO"}], "world_import": 603849, "world_export": 0}, {"date": "2015-03-01", "list": [{"import": 602190, "export": 0, "id": "AU"}, {"import": 313, "export": 0, "id": "TH"}, {"import": 0, "export": 0, "id": "JP"}, {"import": 567, "export": 0, "id": "FR"}, {"import": 209, "export": 0, "id": "IT"}, {"import": 145, "export": 0, "id": "IN"}, {"import": 0, "export": 0, "id": "VN"}, {"import": 0, "export": 0, "id": "NZ"}, {"import": 0, "export": 0, "id": "BO"}], "world_import": 603424, "world_export": 0}, {"date": "2015-04-01", "list": [{"import": 606210, "export": 0, "id": "AU"}, {"import": 486942, "export": 0, "id": "TH"}, {"import": 0, "export": 0, "id": "JP"}, {"import": 913, "export": 0, "id": "FR"}, {"import": 0, "export": 0, "id": "IT"}, {"import": 0, "export": 0, "id": "IN"}, {"import": 0, "export": 0, "id": "VN"}, {"import": 843, "export": 0, "id": "NZ"}, {"import": 0, "export": 0, "id": "BO"}], "world_import": 1094908, "world_export": 0}, {"date": "2015-05-01", "list": [{"import": 350200, "export": 0, "id": "AU"}, {"import": 598059, "export": 0, "id": "TH"}, {"import": 0, "export": 0, "id": "JP"}, {"import": 443, "export": 0, "id": "FR"}, {"import": 0, "export": 0, "id": "IT"}, {"import": 0, "export": 0, "id": "IN"}, {"import": 0, "export": 0, "id": "VN"}, {"import": 0, "export": 0, "id": "NZ"}, {"import": 0, "export": 0, "id": "BO"}], "world_import": 948702, "world_export": 0}, {"date": "2015-06-01", "list": [{"import": 607220, "export": 0, "id": "AU"}, {"import": 299212, "export": 0, "id": "TH"}, {"import": 0, "export": 0, "id": "JP"}, {"import": 916, "export": 0, "id": "FR"}, {"import": 421, "export": 0, "id": "IT"}, {"import": 279, "export": 0, "id": "IN"}, {"import": 0, "export": 0, "id": "VN"}, {"import": 0, "export": 0, "id": "NZ"}, {"import": 0, "export": 0, "id": "BO"}], "world_import": 908048, "world_export": 0}, {"date": "2015-07-01", "list": [{"import": 303540, "export": 0, "id": "AU"}, {"import": 299060, "export": 0, "id": "TH"}, {"import": 0, "export": 0, "id": "JP"}, {"import": 474, "export": 0, "id": "FR"}, {"import": 0, "export": 0, "id": "IT"}, {"import": 0, "export": 0, "id": "IN"}, {"import": 0, "export": 0, "id": "VN"}, {"import": 0, "export": 0, "id": "NZ"}, {"import": 0, "export": 0, "id": "BO"}], "world_import": 603074, "world_export": 0}, {"date": "2015-08-01", "list": [{"import": 631170, "export": 0, "id": "AU"}, {"import": 309461, "export": 0, "id": "TH"}, {"import": 0, "export": 0, "id": "JP"}, {"import": 167, "export": 0, "id": "FR"}, {"import": 0, "export": 0, "id": "IT"}, {"import": 0, "export": 0, "id": "IN"}, {"import": 0, "export": 0, "id": "VN"}, {"import": 0, "export": 0, "id": "NZ"}, {"import": 0, "export": 0, "id": "BO"}], "world_import": 940798, "world_export": 0}, {"date": "2015-09-01", "list": [{"import": 305300, "export": 0, "id": "AU"}, {"import": 299038, "export": 0, "id": "TH"}, {"import": 0, "export": 0, "id": "JP"}, {"import": 759, "export": 0, "id": "FR"}, {"import": 335, "export": 0, "id": "IT"}, {"import": 117, "export": 0, "id": "IN"}, {"import": 0, "export": 0, "id": "VN"}, {"import": 0, "export": 0, "id": "NZ"}, {"import": 0, "export": 0, "id": "BO"}], "world_import": 605549, "world_export": 0}, {"date": "2015-10-01", "list": [{"import": 324370, "export": 0, "id": "AU"}, {"import": 314201, "export": 0, "id": "TH"}, {"import": 0, "export": 0, "id": "JP"}, {"import": 174, "export": 0, "id": "FR"}, {"import": 200, "export": 0, "id": "IT"}, {"import": 0, "export": 0, "id": "IN"}, {"import": 0, "export": 0, "id": "VN"}, {"import": 0, "export": 0, "id": "NZ"}, {"import": 0, "export": 0, "id": "BO"}], "world_import": 638945, "world_export": 0}]