[{"date": "2019-07-01", "list": [{"import": 0, "export": 0, "id": "US"}, {"import": 0, "export": 0, "id": "PA"}], "world_import": 0, "world_export": 0}, {"date": "2019-08-01", "list": [{"import": 1268, "export": 0, "id": "US"}, {"import": 0, "export": 0, "id": "PA"}], "world_import": 1268, "world_export": 0}, {"date": "2019-09-01", "list": [{"import": 0, "export": 0, "id": "US"}, {"import": 0, "export": 0, "id": "PA"}], "world_import": 0, "world_export": 0}, {"date": "2019-10-01", "list": [{"import": 0, "export": 0, "id": "US"}, {"import": 0, "export": 0, "id": "PA"}], "world_import": 0, "world_export": 0}, {"date": "2019-11-01", "list": [{"import": 0, "export": 0, "id": "US"}, {"import": 0, "export": 0, "id": "PA"}], "world_import": 0, "world_export": 0}, {"date": "2019-12-01", "list": [{"import": 0, "export": 0, "id": "US"}, {"import": 0, "export": 0, "id": "PA"}], "world_import": 0, "world_export": 0}, {"date": "2020-01-01", "list": [{"import": 0, "export": 0, "id": "US"}, {"import": 0, "export": 0, "id": "PA"}], "world_import": 0, "world_export": 0}, {"date": "2020-02-01", "list": [{"import": 0, "export": 0, "id": "US"}, {"import": 0, "export": 0, "id": "PA"}], "world_import": 0, "world_export": 0}, {"date": "2020-03-01", "list": [{"import": 5921, "export": 0, "id": "US"}, {"import": 0, "export": 0, "id": "PA"}], "world_import": 5921, "world_export": 0}, {"date": "2020-04-01", "list": [{"import": 0, "export": 0, "id": "US"}, {"import": 0, "export": 0, "id": "PA"}], "world_import": 0, "world_export": 0}, {"date": "2018-11-01", "list": [{"import": 0, "export": 51, "id": "PA"}], "world_import": 0, "world_export": 51}, {"date": "2018-12-01", "list": [{"import": 0, "export": 0, "id": "PA"}], "world_import": 0, "world_export": 0}, {"date": "2019-01-01", "list": [{"import": 0, "export": 0, "id": "PA"}], "world_import": 0, "world_export": 0}, {"date": "2019-02-01", "list": [{"import": 0, "export": 0, "id": "PA"}], "world_import": 0, "world_export": 0}, {"date": "2019-03-01", "list": [{"import": 0, "export": 0, "id": "PA"}], "world_import": 0, "world_export": 0}, {"date": "2019-04-01", "list": [{"import": 0, "export": 0, "id": "PA"}], "world_import": 0, "world_export": 0}, {"date": "2019-05-01", "list": [{"import": 0, "export": 0, "id": "PA"}], "world_import": 0, "world_export": 0}, {"date": "2019-06-01", "list": [{"import": 0, "export": 0, "id": "PA"}], "world_import": 0, "world_export": 0}]