[{"date": "2018-10-01", "list": [{"import": 284780, "export": 0, "id": "PK"}, {"import": 295078, "export": 0, "id": "PL"}, {"import": 37772, "export": 0, "id": "IT"}, {"import": 3115, "export": 17783, "id": "SE"}, {"import": 18059, "export": 1118, "id": "DE"}, {"import": 0, "export": 0, "id": "KH"}, {"import": 21835, "export": 4, "id": "NL"}, {"import": 0, "export": 0, "id": "TH"}, {"import": 1662, "export": 0, "id": "TR"}, {"import": 996, "export": 0, "id": "GB"}, {"import": 540, "export": 0, "id": "CH"}, {"import": 2117, "export": 8, "id": "-"}, {"import": 0, "export": 3227, "id": "FI"}, {"import": 49258, "export": 14903, "id": "FR"}, {"import": 0, "export": 648, "id": "AT"}, {"import": 0, "export": 0, "id": "BE"}, {"import": 12, "export": 11, "id": "BG"}, {"import": 0, "export": 0, "id": "HU"}, {"import": 0, "export": 0, "id": "LT"}, {"import": 0, "export": 645, "id": "PT"}, {"import": 0, "export": 0, "id": "IN"}, {"import": 24012, "export": 4, "id": "ES"}, {"import": 0, "export": 5916, "id": "NO"}, {"import": 0, "export": 1000, "id": "IS"}, {"import": 0, "export": 4987, "id": "GL"}, {"import": 0, "export": 2115, "id": "FO"}], "world_import": 739236, "world_export": 52369}, {"date": "2018-11-01", "list": [{"import": 200000, "export": 0, "id": "PK"}, {"import": 280789, "export": 0, "id": "PL"}, {"import": 70201, "export": 0, "id": "IT"}, {"import": 1620, "export": 11724, "id": "SE"}, {"import": 65111, "export": 1096, "id": "DE"}, {"import": 0, "export": 0, "id": "KH"}, {"import": 7529, "export": 0, "id": "NL"}, {"import": 0, "export": 0, "id": "TH"}, {"import": 0, "export": 0, "id": "TR"}, {"import": 300, "export": 0, "id": "GB"}, {"import": 840, "export": 0, "id": "CH"}, {"import": 6350, "export": 0, "id": "-"}, {"import": 0, "export": 4027, "id": "FI"}, {"import": 18324, "export": 2492, "id": "FR"}, {"import": 0, "export": 1314, "id": "AT"}, {"import": 0, "export": 0, "id": "BE"}, {"import": 0, "export": 0, "id": "BG"}, {"import": 0, "export": 0, "id": "HU"}, {"import": 0, "export": 0, "id": "LT"}, {"import": 0, "export": 6720, "id": "PT"}, {"import": 0, "export": 0, "id": "IN"}, {"import": 0, "export": 0, "id": "ES"}, {"import": 0, "export": 3033, "id": "NO"}, {"import": 0, "export": 2256, "id": "IS"}, {"import": 0, "export": 4741, "id": "GL"}, {"import": 0, "export": 1436, "id": "FO"}], "world_import": 651064, "world_export": 38839}, {"date": "2018-12-01", "list": [{"import": 340000, "export": 0, "id": "PK"}, {"import": 341826, "export": 0, "id": "PL"}, {"import": 75606, "export": 0, "id": "IT"}, {"import": 2789, "export": 10509, "id": "SE"}, {"import": 43820, "export": 1537, "id": "DE"}, {"import": 0, "export": 0, "id": "KH"}, {"import": 18600, "export": 0, "id": "NL"}, {"import": 0, "export": 0, "id": "TH"}, {"import": 0, "export": 0, "id": "TR"}, {"import": 9351, "export": 0, "id": "GB"}, {"import": 0, "export": 0, "id": "CH"}, {"import": 3629, "export": 0, "id": "-"}, {"import": 0, "export": 1618, "id": "FI"}, {"import": 21562, "export": 30160, "id": "FR"}, {"import": 0, "export": 648, "id": "AT"}, {"import": 1000, "export": 0, "id": "BE"}, {"import": 0, "export": 0, "id": "BG"}, {"import": 0, "export": 0, "id": "HU"}, {"import": 0, "export": 0, "id": "LT"}, {"import": 0, "export": 178, "id": "PT"}, {"import": 0, "export": 0, "id": "IN"}, {"import": 24032, "export": 0, "id": "ES"}, {"import": 0, "export": 311, "id": "NO"}, {"import": 0, "export": 576, "id": "IS"}, {"import": 0, "export": 5309, "id": "GL"}, {"import": 0, "export": 854, "id": "FO"}], "world_import": 882215, "world_export": 51700}, {"date": "2019-01-01", "list": [{"import": 280000, "export": 0, "id": "PK"}, {"import": 208887, "export": 4368, "id": "PL"}, {"import": 79225, "export": 0, "id": "IT"}, {"import": 2062, "export": 16367, "id": "SE"}, {"import": 19373, "export": 1066, "id": "DE"}, {"import": 110000, "export": 0, "id": "KH"}, {"import": 64270, "export": 0, "id": "NL"}, {"import": 216, "export": 0, "id": "TH"}, {"import": 0, "export": 0, "id": "TR"}, {"import": 414, "export": 0, "id": "GB"}, {"import": 0, "export": 0, "id": "CH"}, {"import": 4536, "export": 8, "id": "-"}, {"import": 0, "export": 9932, "id": "FI"}, {"import": 0, "export": 0, "id": "FR"}, {"import": 0, "export": 1944, "id": "AT"}, {"import": 0, "export": 9950, "id": "BE"}, {"import": 0, "export": 0, "id": "BG"}, {"import": 0, "export": 0, "id": "HU"}, {"import": 0, "export": 0, "id": "LT"}, {"import": 0, "export": 773, "id": "PT"}, {"import": 0, "export": 0, "id": "IN"}, {"import": 0, "export": 0, "id": "ES"}, {"import": 0, "export": 24346, "id": "NO"}, {"import": 0, "export": 1151, "id": "IS"}, {"import": 0, "export": 2806, "id": "GL"}, {"import": 0, "export": 1210, "id": "FO"}], "world_import": 768983, "world_export": 73921}, {"date": "2019-02-01", "list": [{"import": 360000, "export": 0, "id": "PK"}, {"import": 197864, "export": 2184, "id": "PL"}, {"import": 20416, "export": 0, "id": "IT"}, {"import": 3019, "export": 8125, "id": "SE"}, {"import": 8560, "export": 972, "id": "DE"}, {"import": 44000, "export": 0, "id": "KH"}, {"import": 16110, "export": 5000, "id": "NL"}, {"import": 40000, "export": 0, "id": "TH"}, {"import": 0, "export": 0, "id": "TR"}, {"import": 427, "export": 0, "id": "GB"}, {"import": 0, "export": 0, "id": "CH"}, {"import": 4234, "export": 0, "id": "-"}, {"import": 0, "export": 3373, "id": "FI"}, {"import": 1400, "export": 0, "id": "FR"}, {"import": 0, "export": 2592, "id": "AT"}, {"import": 0, "export": 24150, "id": "BE"}, {"import": 0, "export": 0, "id": "BG"}, {"import": 0, "export": 0, "id": "HU"}, {"import": 0, "export": 0, "id": "LT"}, {"import": 0, "export": 857, "id": "PT"}, {"import": 0, "export": 0, "id": "IN"}, {"import": 809, "export": 3, "id": "ES"}, {"import": 0, "export": 11751, "id": "NO"}, {"import": 0, "export": 1800, "id": "IS"}, {"import": 0, "export": 2918, "id": "GL"}, {"import": 0, "export": 1133, "id": "FO"}], "world_import": 696839, "world_export": 64858}, {"date": "2019-03-01", "list": [{"import": 240000, "export": 0, "id": "PK"}, {"import": 276461, "export": 0, "id": "PL"}, {"import": 88500, "export": 0, "id": "IT"}, {"import": 672, "export": 3790, "id": "SE"}, {"import": 41730, "export": 1576, "id": "DE"}, {"import": 0, "export": 0, "id": "KH"}, {"import": 25850, "export": 0, "id": "NL"}, {"import": 2000, "export": 0, "id": "TH"}, {"import": 0, "export": 0, "id": "TR"}, {"import": 277, "export": 0, "id": "GB"}, {"import": 0, "export": 0, "id": "CH"}, {"import": 4536, "export": 0, "id": "-"}, {"import": 0, "export": 5443, "id": "FI"}, {"import": 470, "export": 0, "id": "FR"}, {"import": 0, "export": 0, "id": "AT"}, {"import": 5616, "export": 0, "id": "BE"}, {"import": 0, "export": 0, "id": "BG"}, {"import": 0, "export": 0, "id": "HU"}, {"import": 0, "export": 0, "id": "LT"}, {"import": 20, "export": 808, "id": "PT"}, {"import": 0, "export": 0, "id": "IN"}, {"import": 0, "export": 0, "id": "ES"}, {"import": 0, "export": 5979, "id": "NO"}, {"import": 0, "export": 1416, "id": "IS"}, {"import": 0, "export": 3428, "id": "GL"}, {"import": 0, "export": 874, "id": "FO"}], "world_import": 686132, "world_export": 23314}, {"date": "2019-04-01", "list": [{"import": 200000, "export": 0, "id": "PK"}, {"import": 241342, "export": 0, "id": "PL"}, {"import": 52299, "export": 0, "id": "IT"}, {"import": 1686, "export": 13795, "id": "SE"}, {"import": 34271, "export": 768, "id": "DE"}, {"import": 66000, "export": 0, "id": "KH"}, {"import": 25340, "export": 0, "id": "NL"}, {"import": 0, "export": 0, "id": "TH"}, {"import": 0, "export": 0, "id": "TR"}, {"import": 0, "export": 0, "id": "GB"}, {"import": 0, "export": 0, "id": "CH"}, {"import": 4234, "export": 0, "id": "-"}, {"import": 0, "export": 3536, "id": "FI"}, {"import": 310, "export": 0, "id": "FR"}, {"import": 0, "export": 648, "id": "AT"}, {"import": 0, "export": 0, "id": "BE"}, {"import": 0, "export": 0, "id": "BG"}, {"import": 0, "export": 0, "id": "HU"}, {"import": 0, "export": 0, "id": "LT"}, {"import": 0, "export": 730, "id": "PT"}, {"import": 0, "export": 0, "id": "IN"}, {"import": 24153, "export": 0, "id": "ES"}, {"import": 0, "export": 20322, "id": "NO"}, {"import": 0, "export": 840, "id": "IS"}, {"import": 0, "export": 6249, "id": "GL"}, {"import": 0, "export": 1664, "id": "FO"}], "world_import": 649635, "world_export": 48552}, {"date": "2019-05-01", "list": [{"import": 0, "export": 0, "id": "PK"}, {"import": 176117, "export": 0, "id": "PL"}, {"import": 60335, "export": 0, "id": "IT"}, {"import": 2189, "export": 4386, "id": "SE"}, {"import": 46066, "export": 290, "id": "DE"}, {"import": 84000, "export": 0, "id": "KH"}, {"import": 22773, "export": 0, "id": "NL"}, {"import": 500, "export": 0, "id": "TH"}, {"import": 0, "export": 0, "id": "TR"}, {"import": 9302, "export": 0, "id": "GB"}, {"import": 0, "export": 0, "id": "CH"}, {"import": 5048, "export": 7, "id": "-"}, {"import": 0, "export": 3373, "id": "FI"}, {"import": 485, "export": 0, "id": "FR"}, {"import": 0, "export": 1944, "id": "AT"}, {"import": 0, "export": 24000, "id": "BE"}, {"import": 0, "export": 0, "id": "BG"}, {"import": 0, "export": 0, "id": "HU"}, {"import": 0, "export": 0, "id": "LT"}, {"import": 0, "export": 507, "id": "PT"}, {"import": 0, "export": 0, "id": "IN"}, {"import": 24000, "export": 0, "id": "ES"}, {"import": 0, "export": 5408, "id": "NO"}, {"import": 0, "export": 1576, "id": "IS"}, {"import": 0, "export": 3779, "id": "GL"}, {"import": 0, "export": 1300, "id": "FO"}], "world_import": 430815, "world_export": 46570}, {"date": "2019-06-01", "list": [{"import": 120000, "export": 0, "id": "PK"}, {"import": 175491, "export": 9113, "id": "PL"}, {"import": 8850, "export": 0, "id": "IT"}, {"import": 1446, "export": 14513, "id": "SE"}, {"import": 30367, "export": 282, "id": "DE"}, {"import": 110000, "export": 0, "id": "KH"}, {"import": 15355, "export": 0, "id": "NL"}, {"import": 21000, "export": 0, "id": "TH"}, {"import": 0, "export": 0, "id": "TR"}, {"import": 3006, "export": 0, "id": "GB"}, {"import": 0, "export": 0, "id": "CH"}, {"import": 5432, "export": 0, "id": "-"}, {"import": 0, "export": 2508, "id": "FI"}, {"import": 1124, "export": 0, "id": "FR"}, {"import": 0, "export": 648, "id": "AT"}, {"import": 4212, "export": 0, "id": "BE"}, {"import": 0, "export": 0, "id": "BG"}, {"import": 0, "export": 0, "id": "HU"}, {"import": 0, "export": 0, "id": "LT"}, {"import": 0, "export": 1671, "id": "PT"}, {"import": 0, "export": 0, "id": "IN"}, {"import": 24000, "export": 0, "id": "ES"}, {"import": 0, "export": 7083, "id": "NO"}, {"import": 0, "export": 4882, "id": "IS"}, {"import": 0, "export": 4563, "id": "GL"}, {"import": 0, "export": 761, "id": "FO"}], "world_import": 520283, "world_export": 46024}, {"date": "2019-07-01", "list": [{"import": 280000, "export": 0, "id": "PK"}, {"import": 190395, "export": 776, "id": "PL"}, {"import": 34771, "export": 0, "id": "IT"}, {"import": 2932, "export": 6720, "id": "SE"}, {"import": 35313, "export": 376, "id": "DE"}, {"import": 44000, "export": 0, "id": "KH"}, {"import": 22873, "export": 0, "id": "NL"}, {"import": 0, "export": 0, "id": "TH"}, {"import": 0, "export": 0, "id": "TR"}, {"import": 2750, "export": 0, "id": "GB"}, {"import": 0, "export": 0, "id": "CH"}, {"import": 7581, "export": 0, "id": "-"}, {"import": 0, "export": 2079, "id": "FI"}, {"import": 1560, "export": 196, "id": "FR"}, {"import": 648, "export": 0, "id": "AT"}, {"import": 598, "export": 0, "id": "BE"}, {"import": 0, "export": 0, "id": "BG"}, {"import": 0, "export": 0, "id": "HU"}, {"import": 0, "export": 0, "id": "LT"}, {"import": 0, "export": 356, "id": "PT"}, {"import": 0, "export": 0, "id": "IN"}, {"import": 0, "export": 0, "id": "ES"}, {"import": 0, "export": 4188, "id": "NO"}, {"import": 0, "export": 2256, "id": "IS"}, {"import": 0, "export": 3895, "id": "GL"}, {"import": 0, "export": 2130, "id": "FO"}], "world_import": 623421, "world_export": 22972}, {"date": "2019-08-01", "list": [{"import": 120000, "export": 60000, "id": "PK"}, {"import": 194987, "export": 837, "id": "PL"}, {"import": 31003, "export": 0, "id": "IT"}, {"import": 3384, "export": 5116, "id": "SE"}, {"import": 14839, "export": 426, "id": "DE"}, {"import": 44000, "export": 0, "id": "KH"}, {"import": 5423, "export": 1000, "id": "NL"}, {"import": 2440, "export": 0, "id": "TH"}, {"import": 0, "export": 0, "id": "TR"}, {"import": 314, "export": 0, "id": "GB"}, {"import": 0, "export": 0, "id": "CH"}, {"import": 3326, "export": 0, "id": "-"}, {"import": 0, "export": 2891, "id": "FI"}, {"import": 1039, "export": 0, "id": "FR"}, {"import": 0, "export": 1312, "id": "AT"}, {"import": 686, "export": 0, "id": "BE"}, {"import": 0, "export": 0, "id": "BG"}, {"import": 0, "export": 0, "id": "HU"}, {"import": 0, "export": 0, "id": "LT"}, {"import": 0, "export": 198, "id": "PT"}, {"import": 0, "export": 0, "id": "IN"}, {"import": 0, "export": 0, "id": "ES"}, {"import": 0, "export": 6611, "id": "NO"}, {"import": 0, "export": 3730, "id": "IS"}, {"import": 0, "export": 4158, "id": "GL"}, {"import": 0, "export": 1076, "id": "FO"}], "world_import": 421441, "world_export": 87355}, {"date": "2019-09-01", "list": [{"import": 180000, "export": 0, "id": "PK"}, {"import": 266500, "export": 6552, "id": "PL"}, {"import": 66965, "export": 0, "id": "IT"}, {"import": 2018, "export": 7360, "id": "SE"}, {"import": 18110, "export": 346, "id": "DE"}, {"import": 0, "export": 0, "id": "KH"}, {"import": 14871, "export": 0, "id": "NL"}, {"import": 0, "export": 0, "id": "TH"}, {"import": 0, "export": 0, "id": "TR"}, {"import": 297, "export": 0, "id": "GB"}, {"import": 0, "export": 0, "id": "CH"}, {"import": 2419, "export": 0, "id": "-"}, {"import": 98, "export": 3618, "id": "FI"}, {"import": 34224, "export": 0, "id": "FR"}, {"import": 0, "export": 1296, "id": "AT"}, {"import": 3218, "export": 0, "id": "BE"}, {"import": 0, "export": 0, "id": "BG"}, {"import": 0, "export": 0, "id": "HU"}, {"import": 348, "export": 0, "id": "LT"}, {"import": 0, "export": 351, "id": "PT"}, {"import": 0, "export": 0, "id": "IN"}, {"import": 537, "export": 0, "id": "ES"}, {"import": 0, "export": 6365, "id": "NO"}, {"import": 0, "export": 3452, "id": "IS"}, {"import": 0, "export": 4429, "id": "GL"}, {"import": 0, "export": 1321, "id": "FO"}], "world_import": 589605, "world_export": 35090}, {"date": "2019-10-01", "list": [{"import": 180002, "export": 0, "id": "PK"}, {"import": 185976, "export": 0, "id": "PL"}, {"import": 54091, "export": 0, "id": "IT"}, {"import": 1706, "export": 15746, "id": "SE"}, {"import": 43642, "export": 685, "id": "DE"}, {"import": 176000, "export": 0, "id": "KH"}, {"import": 19046, "export": 0, "id": "NL"}, {"import": 0, "export": 0, "id": "TH"}, {"import": 0, "export": 0, "id": "TR"}, {"import": 342, "export": 0, "id": "GB"}, {"import": 0, "export": 0, "id": "CH"}, {"import": 0, "export": 0, "id": "-"}, {"import": 107, "export": 6430, "id": "FI"}, {"import": 16034, "export": 2783, "id": "FR"}, {"import": 0, "export": 648, "id": "AT"}, {"import": 322, "export": 0, "id": "BE"}, {"import": 0, "export": 0, "id": "BG"}, {"import": 0, "export": 0, "id": "HU"}, {"import": 0, "export": 0, "id": "LT"}, {"import": 82, "export": 451, "id": "PT"}, {"import": 0, "export": 0, "id": "IN"}, {"import": 0, "export": 0, "id": "ES"}, {"import": 0, "export": 9216, "id": "NO"}, {"import": 0, "export": 2642, "id": "IS"}, {"import": 0, "export": 6421, "id": "GL"}, {"import": 0, "export": 1237, "id": "FO"}], "world_import": 677350, "world_export": 46259}, {"date": "2019-11-01", "list": [{"import": 120001, "export": 0, "id": "PK"}, {"import": 270990, "export": 0, "id": "PL"}, {"import": 1781, "export": 0, "id": "IT"}, {"import": 779, "export": 12723, "id": "SE"}, {"import": 17236, "export": 378, "id": "DE"}, {"import": 0, "export": 0, "id": "KH"}, {"import": 18120, "export": 0, "id": "NL"}, {"import": 0, "export": 0, "id": "TH"}, {"import": 0, "export": 0, "id": "TR"}, {"import": 501, "export": 0, "id": "GB"}, {"import": 0, "export": 0, "id": "CH"}, {"import": 0, "export": 0, "id": "-"}, {"import": 98, "export": 5106, "id": "FI"}, {"import": 7859, "export": 0, "id": "FR"}, {"import": 0, "export": 3888, "id": "AT"}, {"import": 0, "export": 0, "id": "BE"}, {"import": 0, "export": 0, "id": "BG"}, {"import": 0, "export": 0, "id": "HU"}, {"import": 0, "export": 0, "id": "LT"}, {"import": 0, "export": 425, "id": "PT"}, {"import": 0, "export": 0, "id": "IN"}, {"import": 0, "export": 0, "id": "ES"}, {"import": 0, "export": 11650, "id": "NO"}, {"import": 0, "export": 1116, "id": "IS"}, {"import": 0, "export": 3728, "id": "GL"}, {"import": 0, "export": 927, "id": "FO"}], "world_import": 437365, "world_export": 39941}, {"date": "2019-12-01", "list": [{"import": 0, "export": 0, "id": "PK"}, {"import": 122127, "export": 3381, "id": "PL"}, {"import": 16220, "export": 0, "id": "IT"}, {"import": 3281, "export": 11650, "id": "SE"}, {"import": 26620, "export": 0, "id": "DE"}, {"import": 44000, "export": 0, "id": "KH"}, {"import": 9699, "export": 0, "id": "NL"}, {"import": 40000, "export": 0, "id": "TH"}, {"import": 0, "export": 0, "id": "TR"}, {"import": 497, "export": 0, "id": "GB"}, {"import": 0, "export": 0, "id": "CH"}, {"import": 0, "export": 0, "id": "-"}, {"import": 0, "export": 5344, "id": "FI"}, {"import": 0, "export": 0, "id": "FR"}, {"import": 0, "export": 1328, "id": "AT"}, {"import": 0, "export": 0, "id": "BE"}, {"import": 0, "export": 0, "id": "BG"}, {"import": 0, "export": 0, "id": "HU"}, {"import": 0, "export": 0, "id": "LT"}, {"import": 0, "export": 177, "id": "PT"}, {"import": 0, "export": 0, "id": "IN"}, {"import": 1106, "export": 0, "id": "ES"}, {"import": 0, "export": 5781, "id": "NO"}, {"import": 0, "export": 3170, "id": "IS"}, {"import": 0, "export": 4084, "id": "GL"}, {"import": 0, "export": 1611, "id": "FO"}], "world_import": 263550, "world_export": 36526}, {"date": "2020-01-01", "list": [{"import": 420000, "export": 0, "id": "PK"}, {"import": 240262, "export": 2426, "id": "PL"}, {"import": 66503, "export": 0, "id": "IT"}, {"import": 1908, "export": 8387, "id": "SE"}, {"import": 15650, "export": 256, "id": "DE"}, {"import": 0, "export": 0, "id": "KH"}, {"import": 19731, "export": 0, "id": "NL"}, {"import": 40400, "export": 0, "id": "TH"}, {"import": 0, "export": 0, "id": "TR"}, {"import": 666, "export": 0, "id": "GB"}, {"import": 0, "export": 0, "id": "CH"}, {"import": 0, "export": 0, "id": "-"}, {"import": 0, "export": 3715, "id": "FI"}, {"import": 390, "export": 0, "id": "FR"}, {"import": 0, "export": 1296, "id": "AT"}, {"import": 0, "export": 0, "id": "BE"}, {"import": 0, "export": 0, "id": "BG"}, {"import": 32640, "export": 0, "id": "HU"}, {"import": 0, "export": 0, "id": "LT"}, {"import": 0, "export": 332, "id": "PT"}, {"import": 0, "export": 0, "id": "IN"}, {"import": 0, "export": 0, "id": "ES"}, {"import": 0, "export": 5784, "id": "NO"}, {"import": 0, "export": 3602, "id": "IS"}, {"import": 0, "export": 3577, "id": "GL"}, {"import": 0, "export": 1429, "id": "FO"}], "world_import": 838150, "world_export": 30804}, {"date": "2020-02-01", "list": [{"import": 120000, "export": 0, "id": "PK"}, {"import": 193582, "export": 4492, "id": "PL"}, {"import": 48421, "export": 0, "id": "IT"}, {"import": 1288, "export": 6146, "id": "SE"}, {"import": 45305, "export": 254, "id": "DE"}, {"import": 44000, "export": 0, "id": "KH"}, {"import": 17194, "export": 0, "id": "NL"}, {"import": 60000, "export": 0, "id": "TH"}, {"import": 0, "export": 0, "id": "TR"}, {"import": 377, "export": 0, "id": "GB"}, {"import": 0, "export": 0, "id": "CH"}, {"import": 0, "export": 0, "id": "-"}, {"import": 78, "export": 6348, "id": "FI"}, {"import": 415, "export": 25, "id": "FR"}, {"import": 0, "export": 0, "id": "AT"}, {"import": 0, "export": 0, "id": "BE"}, {"import": 0, "export": 0, "id": "BG"}, {"import": 0, "export": 0, "id": "HU"}, {"import": 0, "export": 0, "id": "LT"}, {"import": 0, "export": 353, "id": "PT"}, {"import": 0, "export": 0, "id": "IN"}, {"import": 0, "export": 0, "id": "ES"}, {"import": 0, "export": 7554, "id": "NO"}, {"import": 0, "export": 2920, "id": "IS"}, {"import": 0, "export": 7269, "id": "GL"}, {"import": 0, "export": 1689, "id": "FO"}], "world_import": 530660, "world_export": 37050}, {"date": "2020-03-01", "list": [{"import": 320000, "export": 0, "id": "PK"}, {"import": 22970, "export": 2363, "id": "PL"}, {"import": 38297, "export": 0, "id": "IT"}, {"import": 365, "export": 10344, "id": "SE"}, {"import": 42481, "export": 374, "id": "DE"}, {"import": 88000, "export": 0, "id": "KH"}, {"import": 15720, "export": 0, "id": "NL"}, {"import": 20000, "export": 0, "id": "TH"}, {"import": 0, "export": 0, "id": "TR"}, {"import": 775, "export": 0, "id": "GB"}, {"import": 0, "export": 0, "id": "CH"}, {"import": 22, "export": 4, "id": "-"}, {"import": 0, "export": 6913, "id": "FI"}, {"import": 701, "export": 0, "id": "FR"}, {"import": 0, "export": 1380, "id": "AT"}, {"import": 613, "export": 0, "id": "BE"}, {"import": 0, "export": 0, "id": "BG"}, {"import": 0, "export": 0, "id": "HU"}, {"import": 0, "export": 0, "id": "LT"}, {"import": 0, "export": 519, "id": "PT"}, {"import": 0, "export": 0, "id": "IN"}, {"import": 0, "export": 0, "id": "ES"}, {"import": 0, "export": 10498, "id": "NO"}, {"import": 0, "export": 2013, "id": "IS"}, {"import": 0, "export": 4446, "id": "GL"}, {"import": 0, "export": 1523, "id": "FO"}], "world_import": 549944, "world_export": 40377}]