[{"date": "2013-08-01", "list": [{"import": 0, "export": 0, "id": "IN"}, {"import": 0, "export": 0, "id": "CN"}, {"import": 0, "export": 0, "id": "FR"}, {"import": 0, "export": 0, "id": "KR"}, {"import": 0, "export": 0, "id": "VN"}, {"import": 0, "export": 0, "id": "TJ"}, {"import": 0, "export": 0, "id": "TH"}], "world_import": 0, "world_export": 0}, {"date": "2013-09-01", "list": [{"import": 19600, "export": 0, "id": "IN"}, {"import": 0, "export": 0, "id": "CN"}, {"import": 0, "export": 0, "id": "FR"}, {"import": 0, "export": 0, "id": "KR"}, {"import": 0, "export": 0, "id": "VN"}, {"import": 0, "export": 0, "id": "TJ"}, {"import": 0, "export": 0, "id": "TH"}], "world_import": 19600, "world_export": 0}, {"date": "2013-10-01", "list": [{"import": 0, "export": 0, "id": "IN"}, {"import": 0, "export": 0, "id": "CN"}, {"import": 0, "export": 0, "id": "FR"}, {"import": 0, "export": 0, "id": "KR"}, {"import": 0, "export": 0, "id": "VN"}, {"import": 0, "export": 0, "id": "TJ"}, {"import": 0, "export": 0, "id": "TH"}], "world_import": 0, "world_export": 0}, {"date": "2013-11-01", "list": [{"import": 0, "export": 0, "id": "IN"}, {"import": 0, "export": 0, "id": "CN"}, {"import": 0, "export": 0, "id": "FR"}, {"import": 6000, "export": 0, "id": "KR"}, {"import": 0, "export": 0, "id": "VN"}, {"import": 0, "export": 0, "id": "TJ"}, {"import": 0, "export": 0, "id": "TH"}], "world_import": 6000, "world_export": 0}, {"date": "2013-12-01", "list": [{"import": 0, "export": 0, "id": "IN"}, {"import": 0, "export": 0, "id": "CN"}, {"import": 0, "export": 0, "id": "FR"}, {"import": 90, "export": 0, "id": "KR"}, {"import": 250000, "export": 0, "id": "VN"}, {"import": 0, "export": 0, "id": "TJ"}, {"import": 0, "export": 0, "id": "TH"}], "world_import": 250090, "world_export": 0}, {"date": "2014-01-01", "list": [{"import": 0, "export": 0, "id": "IN"}, {"import": 0, "export": 0, "id": "CN"}, {"import": 0, "export": 0, "id": "FR"}, {"import": 0, "export": 0, "id": "KR"}, {"import": 250000, "export": 0, "id": "VN"}, {"import": 0, "export": 0, "id": "TJ"}, {"import": 0, "export": 0, "id": "TH"}], "world_import": 250000, "world_export": 0}, {"date": "2014-02-01", "list": [{"import": 66000, "export": 0, "id": "IN"}, {"import": 0, "export": 0, "id": "CN"}, {"import": 0, "export": 0, "id": "FR"}, {"import": 0, "export": 0, "id": "KR"}, {"import": 0, "export": 0, "id": "VN"}, {"import": 0, "export": 0, "id": "TJ"}, {"import": 0, "export": 0, "id": "TH"}], "world_import": 66000, "world_export": 0}, {"date": "2014-03-01", "list": [{"import": 65520, "export": 0, "id": "IN"}, {"import": 0, "export": 0, "id": "CN"}, {"import": 0, "export": 0, "id": "FR"}, {"import": 0, "export": 0, "id": "KR"}, {"import": 0, "export": 0, "id": "VN"}, {"import": 0, "export": 0, "id": "TJ"}, {"import": 0, "export": 0, "id": "TH"}], "world_import": 65520, "world_export": 0}, {"date": "2014-04-01", "list": [{"import": 0, "export": 0, "id": "IN"}, {"import": 0, "export": 0, "id": "CN"}, {"import": 0, "export": 0, "id": "FR"}, {"import": 0, "export": 0, "id": "KR"}, {"import": 0, "export": 0, "id": "VN"}, {"import": 16625, "export": 0, "id": "TJ"}, {"import": 0, "export": 0, "id": "TH"}], "world_import": 16625, "world_export": 0}, {"date": "2014-05-01", "list": [{"import": 0, "export": 0, "id": "IN"}, {"import": 0, "export": 0, "id": "CN"}, {"import": 0, "export": 0, "id": "FR"}, {"import": 6198, "export": 0, "id": "KR"}, {"import": 0, "export": 0, "id": "VN"}, {"import": 0, "export": 0, "id": "TJ"}, {"import": 0, "export": 0, "id": "TH"}], "world_import": 6198, "world_export": 0}, {"date": "2014-06-01", "list": [{"import": 340000, "export": 0, "id": "IN"}, {"import": 420, "export": 0, "id": "CN"}, {"import": 0, "export": 0, "id": "FR"}, {"import": 0, "export": 0, "id": "KR"}, {"import": 0, "export": 0, "id": "VN"}, {"import": 0, "export": 0, "id": "TJ"}, {"import": 0, "export": 0, "id": "TH"}], "world_import": 340420, "world_export": 0}, {"date": "2014-07-01", "list": [{"import": 0, "export": 0, "id": "IN"}, {"import": 717, "export": 0, "id": "CN"}, {"import": 0, "export": 0, "id": "FR"}, {"import": 0, "export": 0, "id": "KR"}, {"import": 0, "export": 0, "id": "VN"}, {"import": 0, "export": 0, "id": "TJ"}, {"import": 0, "export": 0, "id": "TH"}], "world_import": 717, "world_export": 0}, {"date": "2014-08-01", "list": [{"import": 250000, "export": 0, "id": "IN"}, {"import": 0, "export": 0, "id": "CN"}, {"import": 0, "export": 0, "id": "FR"}, {"import": 0, "export": 0, "id": "KR"}, {"import": 0, "export": 0, "id": "VN"}, {"import": 0, "export": 0, "id": "TJ"}, {"import": 0, "export": 0, "id": "TH"}], "world_import": 250000, "world_export": 0}, {"date": "2014-09-01", "list": [{"import": 566000, "export": 0, "id": "IN"}, {"import": 0, "export": 0, "id": "CN"}, {"import": 0, "export": 0, "id": "FR"}, {"import": 0, "export": 0, "id": "KR"}, {"import": 0, "export": 0, "id": "VN"}, {"import": 0, "export": 0, "id": "TJ"}, {"import": 0, "export": 0, "id": "TH"}], "world_import": 566000, "world_export": 0}, {"date": "2014-10-01", "list": [{"import": 260000, "export": 0, "id": "IN"}, {"import": 0, "export": 0, "id": "CN"}, {"import": 0, "export": 0, "id": "FR"}, {"import": 0, "export": 0, "id": "KR"}, {"import": 0, "export": 0, "id": "VN"}, {"import": 75000, "export": 0, "id": "TJ"}, {"import": 0, "export": 0, "id": "TH"}], "world_import": 335000, "world_export": 0}, {"date": "2014-11-01", "list": [{"import": 0, "export": 0, "id": "IN"}, {"import": 0, "export": 0, "id": "CN"}, {"import": 60, "export": 0, "id": "FR"}, {"import": 0, "export": 0, "id": "KR"}, {"import": 0, "export": 0, "id": "VN"}, {"import": 0, "export": 0, "id": "TJ"}, {"import": 0, "export": 0, "id": "TH"}], "world_import": 60, "world_export": 0}, {"date": "2014-12-01", "list": [{"import": 520000, "export": 0, "id": "IN"}, {"import": 0, "export": 0, "id": "CN"}, {"import": 0, "export": 0, "id": "FR"}, {"import": 0, "export": 0, "id": "KR"}, {"import": 0, "export": 0, "id": "VN"}, {"import": 0, "export": 0, "id": "TJ"}, {"import": 0, "export": 0, "id": "TH"}], "world_import": 520000, "world_export": 0}, {"date": "2015-01-01", "list": [{"import": 255000, "export": 0, "id": "IN"}, {"import": 0, "export": 0, "id": "CN"}, {"import": 0, "export": 0, "id": "FR"}, {"import": 0, "export": 0, "id": "KR"}, {"import": 0, "export": 0, "id": "VN"}, {"import": 0, "export": 0, "id": "TJ"}, {"import": 250000, "export": 0, "id": "TH"}], "world_import": 505000, "world_export": 0}]