[{"date": "2019-02-01", "list": [{"import": 934, "export": 0, "id": "PK"}], "world_import": 934, "world_export": 0}, {"date": "2019-04-01", "list": [{"import": 612, "export": 0, "id": "PK"}], "world_import": 612, "world_export": 0}, {"date": "2019-05-01", "list": [{"import": 419, "export": 0, "id": "PK"}], "world_import": 419, "world_export": 0}, {"date": "2019-06-01", "list": [{"import": 428, "export": 0, "id": "PK"}], "world_import": 428, "world_export": 0}, {"date": "2019-09-01", "list": [{"import": 1550, "export": 0, "id": "AE"}], "world_import": 1550, "world_export": 0}, {"date": "2019-12-01", "list": [{"import": 2950, "export": 0, "id": "AE"}], "world_import": 2950, "world_export": 0}]