[{"date": "2018-11-01", "list": [{"import": 300, "export": 5, "id": "US"}, {"import": 0, "export": 0, "id": "VN"}, {"import": 33, "export": 0, "id": "JP"}, {"import": 9, "export": 0, "id": "TH"}, {"import": 23, "export": 1, "id": "AU"}, {"import": 0, "export": 0, "id": "IT"}, {"import": 0, "export": 0, "id": "BG"}, {"import": 0, "export": 11, "id": "-"}, {"import": 0, "export": 2, "id": "FR"}, {"import": 0, "export": 0, "id": "GB"}, {"import": 0, "export": 0, "id": "MO"}, {"import": 0, "export": 3, "id": "MY"}, {"import": 0, "export": 0, "id": "NL"}, {"import": 0, "export": 0, "id": "NZ"}, {"import": 0, "export": 0, "id": "PH"}, {"import": 0, "export": 2, "id": "SG"}, {"import": 0, "export": 0, "id": "BN"}, {"import": 0, "export": 1, "id": "CA"}, {"import": 0, "export": 0, "id": "CN"}, {"import": 0, "export": 0, "id": "DE"}, {"import": 0, "export": 0, "id": "ZA"}, {"import": 0, "export": 0, "id": "CH"}, {"import": 0, "export": 0, "id": "SY"}, {"import": 0, "export": 0, "id": "AE"}], "world_import": 365, "world_export": 25}, {"date": "2018-12-01", "list": [{"import": 0, "export": 0, "id": "US"}, {"import": 0, "export": 0, "id": "VN"}, {"import": 1, "export": 0, "id": "JP"}, {"import": 0, "export": 0, "id": "TH"}, {"import": 0, "export": 0, "id": "AU"}, {"import": 0, "export": 0, "id": "IT"}, {"import": 0, "export": 0, "id": "BG"}, {"import": 0, "export": 11, "id": "-"}, {"import": 0, "export": 1, "id": "FR"}, {"import": 0, "export": 1, "id": "GB"}, {"import": 0, "export": 0, "id": "MO"}, {"import": 0, "export": 1, "id": "MY"}, {"import": 0, "export": 0, "id": "NL"}, {"import": 0, "export": 0, "id": "NZ"}, {"import": 0, "export": 0, "id": "PH"}, {"import": 0, "export": 12, "id": "SG"}, {"import": 0, "export": 0, "id": "BN"}, {"import": 0, "export": 3, "id": "CA"}, {"import": 0, "export": 0, "id": "CN"}, {"import": 0, "export": 0, "id": "DE"}, {"import": 0, "export": 0, "id": "ZA"}, {"import": 0, "export": 0, "id": "CH"}, {"import": 0, "export": 0, "id": "SY"}, {"import": 0, "export": 0, "id": "AE"}], "world_import": 1, "world_export": 29}, {"date": "2019-01-01", "list": [{"import": 0, "export": 1, "id": "US"}, {"import": 0, "export": 0, "id": "VN"}, {"import": 25, "export": 0, "id": "JP"}, {"import": 0, "export": 0, "id": "TH"}, {"import": 0, "export": 0, "id": "AU"}, {"import": 0, "export": 0, "id": "IT"}, {"import": 0, "export": 0, "id": "BG"}, {"import": 0, "export": 17, "id": "-"}, {"import": 0, "export": 2, "id": "FR"}, {"import": 0, "export": 1, "id": "GB"}, {"import": 0, "export": 0, "id": "MO"}, {"import": 0, "export": 0, "id": "MY"}, {"import": 0, "export": 0, "id": "NL"}, {"import": 0, "export": 0, "id": "NZ"}, {"import": 0, "export": 1, "id": "PH"}, {"import": 0, "export": 1, "id": "SG"}, {"import": 0, "export": 0, "id": "BN"}, {"import": 0, "export": 3, "id": "CA"}, {"import": 0, "export": 0, "id": "CN"}, {"import": 0, "export": 0, "id": "DE"}, {"import": 0, "export": 0, "id": "ZA"}, {"import": 0, "export": 0, "id": "CH"}, {"import": 0, "export": 0, "id": "SY"}, {"import": 0, "export": 2, "id": "AE"}], "world_import": 25, "world_export": 28}, {"date": "2019-02-01", "list": [{"import": 600, "export": 4, "id": "US"}, {"import": 0, "export": 0, "id": "VN"}, {"import": 0, "export": 0, "id": "JP"}, {"import": 0, "export": 0, "id": "TH"}, {"import": 23, "export": 1, "id": "AU"}, {"import": 0, "export": 0, "id": "IT"}, {"import": 0, "export": 0, "id": "BG"}, {"import": 0, "export": 7, "id": "-"}, {"import": 0, "export": 0, "id": "FR"}, {"import": 0, "export": 0, "id": "GB"}, {"import": 0, "export": 0, "id": "MO"}, {"import": 0, "export": 0, "id": "MY"}, {"import": 0, "export": 0, "id": "NL"}, {"import": 0, "export": 0, "id": "NZ"}, {"import": 0, "export": 0, "id": "PH"}, {"import": 0, "export": 12, "id": "SG"}, {"import": 0, "export": 0, "id": "BN"}, {"import": 0, "export": 0, "id": "CA"}, {"import": 0, "export": 0, "id": "CN"}, {"import": 0, "export": 0, "id": "DE"}, {"import": 0, "export": 0, "id": "ZA"}, {"import": 0, "export": 0, "id": "CH"}, {"import": 0, "export": 0, "id": "SY"}, {"import": 0, "export": 0, "id": "AE"}], "world_import": 623, "world_export": 24}, {"date": "2019-03-01", "list": [{"import": 6080, "export": 0, "id": "US"}, {"import": 0, "export": 0, "id": "VN"}, {"import": 16, "export": 0, "id": "JP"}, {"import": 0, "export": 0, "id": "TH"}, {"import": 0, "export": 0, "id": "AU"}, {"import": 0, "export": 0, "id": "IT"}, {"import": 0, "export": 0, "id": "BG"}, {"import": 0, "export": 16, "id": "-"}, {"import": 0, "export": 1, "id": "FR"}, {"import": 0, "export": 0, "id": "GB"}, {"import": 0, "export": 0, "id": "MO"}, {"import": 0, "export": 2, "id": "MY"}, {"import": 0, "export": 0, "id": "NL"}, {"import": 0, "export": 0, "id": "NZ"}, {"import": 0, "export": 0, "id": "PH"}, {"import": 0, "export": 1, "id": "SG"}, {"import": 0, "export": 0, "id": "BN"}, {"import": 0, "export": 0, "id": "CA"}, {"import": 0, "export": 0, "id": "CN"}, {"import": 0, "export": 0, "id": "DE"}, {"import": 0, "export": 0, "id": "ZA"}, {"import": 0, "export": 0, "id": "CH"}, {"import": 0, "export": 0, "id": "SY"}, {"import": 0, "export": 0, "id": "AE"}], "world_import": 6096, "world_export": 20}, {"date": "2019-04-01", "list": [{"import": 7575, "export": 5, "id": "US"}, {"import": 1500, "export": 0, "id": "VN"}, {"import": 15, "export": 0, "id": "JP"}, {"import": 0, "export": 0, "id": "TH"}, {"import": 0, "export": 0, "id": "AU"}, {"import": 0, "export": 0, "id": "IT"}, {"import": 0, "export": 0, "id": "BG"}, {"import": 0, "export": 15, "id": "-"}, {"import": 0, "export": 1, "id": "FR"}, {"import": 0, "export": 0, "id": "GB"}, {"import": 0, "export": 0, "id": "MO"}, {"import": 0, "export": 0, "id": "MY"}, {"import": 0, "export": 1, "id": "NL"}, {"import": 0, "export": 0, "id": "NZ"}, {"import": 0, "export": 0, "id": "PH"}, {"import": 0, "export": 0, "id": "SG"}, {"import": 0, "export": 0, "id": "BN"}, {"import": 0, "export": 0, "id": "CA"}, {"import": 0, "export": 0, "id": "CN"}, {"import": 0, "export": 0, "id": "DE"}, {"import": 0, "export": 0, "id": "ZA"}, {"import": 0, "export": 0, "id": "CH"}, {"import": 0, "export": 0, "id": "SY"}, {"import": 0, "export": 0, "id": "AE"}], "world_import": 9090, "world_export": 22}, {"date": "2019-05-01", "list": [{"import": 8140, "export": 4, "id": "US"}, {"import": 1620, "export": 0, "id": "VN"}, {"import": 15, "export": 0, "id": "JP"}, {"import": 0, "export": 0, "id": "TH"}, {"import": 23, "export": 3, "id": "AU"}, {"import": 0, "export": 0, "id": "IT"}, {"import": 0, "export": 0, "id": "BG"}, {"import": 0, "export": 19, "id": "-"}, {"import": 0, "export": 1, "id": "FR"}, {"import": 0, "export": 0, "id": "GB"}, {"import": 0, "export": 0, "id": "MO"}, {"import": 0, "export": 3, "id": "MY"}, {"import": 0, "export": 1, "id": "NL"}, {"import": 0, "export": 0, "id": "NZ"}, {"import": 0, "export": 0, "id": "PH"}, {"import": 0, "export": 0, "id": "SG"}, {"import": 0, "export": 0, "id": "BN"}, {"import": 0, "export": 3, "id": "CA"}, {"import": 0, "export": 0, "id": "CN"}, {"import": 0, "export": 0, "id": "DE"}, {"import": 0, "export": 0, "id": "ZA"}, {"import": 0, "export": 0, "id": "CH"}, {"import": 0, "export": 0, "id": "SY"}, {"import": 0, "export": 0, "id": "AE"}], "world_import": 9798, "world_export": 34}, {"date": "2019-06-01", "list": [{"import": 10620, "export": 5, "id": "US"}, {"import": 3000, "export": 0, "id": "VN"}, {"import": 30, "export": 0, "id": "JP"}, {"import": 0, "export": 0, "id": "TH"}, {"import": 0, "export": 1, "id": "AU"}, {"import": 0, "export": 0, "id": "IT"}, {"import": 0, "export": 0, "id": "BG"}, {"import": 0, "export": 26, "id": "-"}, {"import": 0, "export": 1, "id": "FR"}, {"import": 0, "export": 1, "id": "GB"}, {"import": 0, "export": 0, "id": "MO"}, {"import": 0, "export": 4, "id": "MY"}, {"import": 0, "export": 0, "id": "NL"}, {"import": 0, "export": 0, "id": "NZ"}, {"import": 0, "export": 0, "id": "PH"}, {"import": 0, "export": 2, "id": "SG"}, {"import": 0, "export": 0, "id": "BN"}, {"import": 0, "export": 0, "id": "CA"}, {"import": 0, "export": 2, "id": "CN"}, {"import": 0, "export": 0, "id": "DE"}, {"import": 0, "export": 0, "id": "ZA"}, {"import": 0, "export": 0, "id": "CH"}, {"import": 0, "export": 0, "id": "SY"}, {"import": 0, "export": 0, "id": "AE"}], "world_import": 13650, "world_export": 42}, {"date": "2019-07-01", "list": [{"import": 45, "export": 11, "id": "US"}, {"import": 0, "export": 0, "id": "VN"}, {"import": 0, "export": 0, "id": "JP"}, {"import": 0, "export": 0, "id": "TH"}, {"import": 0, "export": 0, "id": "AU"}, {"import": 0, "export": 0, "id": "IT"}, {"import": 0, "export": 0, "id": "BG"}, {"import": 0, "export": 8, "id": "-"}, {"import": 0, "export": 1, "id": "FR"}, {"import": 0, "export": 0, "id": "GB"}, {"import": 0, "export": 0, "id": "MO"}, {"import": 0, "export": 1, "id": "MY"}, {"import": 0, "export": 0, "id": "NL"}, {"import": 0, "export": 0, "id": "NZ"}, {"import": 0, "export": 0, "id": "PH"}, {"import": 0, "export": 4, "id": "SG"}, {"import": 0, "export": 0, "id": "BN"}, {"import": 0, "export": 0, "id": "CA"}, {"import": 0, "export": 0, "id": "CN"}, {"import": 0, "export": 0, "id": "DE"}, {"import": 0, "export": 0, "id": "ZA"}, {"import": 0, "export": 0, "id": "CH"}, {"import": 0, "export": 0, "id": "SY"}, {"import": 0, "export": 0, "id": "AE"}], "world_import": 45, "world_export": 25}, {"date": "2019-08-01", "list": [{"import": 0, "export": 7, "id": "US"}, {"import": 0, "export": 0, "id": "VN"}, {"import": 16, "export": 0, "id": "JP"}, {"import": 0, "export": 0, "id": "TH"}, {"import": 23, "export": 1, "id": "AU"}, {"import": 0, "export": 0, "id": "IT"}, {"import": 0, "export": 0, "id": "BG"}, {"import": 0, "export": 15, "id": "-"}, {"import": 0, "export": 0, "id": "FR"}, {"import": 0, "export": 0, "id": "GB"}, {"import": 0, "export": 0, "id": "MO"}, {"import": 0, "export": 12, "id": "MY"}, {"import": 0, "export": 0, "id": "NL"}, {"import": 0, "export": 0, "id": "NZ"}, {"import": 0, "export": 0, "id": "PH"}, {"import": 0, "export": 0, "id": "SG"}, {"import": 0, "export": 0, "id": "BN"}, {"import": 0, "export": 1, "id": "CA"}, {"import": 0, "export": 2, "id": "CN"}, {"import": 0, "export": 0, "id": "DE"}, {"import": 0, "export": 0, "id": "ZA"}, {"import": 0, "export": 0, "id": "CH"}, {"import": 0, "export": 0, "id": "SY"}, {"import": 0, "export": 1, "id": "AE"}], "world_import": 39, "world_export": 39}, {"date": "2019-09-01", "list": [{"import": 0, "export": 3, "id": "US"}, {"import": 0, "export": 0, "id": "VN"}, {"import": 0, "export": 0, "id": "JP"}, {"import": 11, "export": 0, "id": "TH"}, {"import": 0, "export": 1, "id": "AU"}, {"import": 0, "export": 0, "id": "IT"}, {"import": 0, "export": 0, "id": "BG"}, {"import": 0, "export": 5, "id": "-"}, {"import": 0, "export": 1, "id": "FR"}, {"import": 0, "export": 1, "id": "GB"}, {"import": 0, "export": 0, "id": "MO"}, {"import": 0, "export": 2, "id": "MY"}, {"import": 0, "export": 1, "id": "NL"}, {"import": 0, "export": 0, "id": "NZ"}, {"import": 0, "export": 0, "id": "PH"}, {"import": 0, "export": 1, "id": "SG"}, {"import": 0, "export": 0, "id": "BN"}, {"import": 0, "export": 2, "id": "CA"}, {"import": 0, "export": 0, "id": "CN"}, {"import": 0, "export": 0, "id": "DE"}, {"import": 0, "export": 0, "id": "ZA"}, {"import": 0, "export": 0, "id": "CH"}, {"import": 0, "export": 0, "id": "SY"}, {"import": 0, "export": 0, "id": "AE"}], "world_import": 11, "world_export": 17}, {"date": "2019-10-01", "list": [{"import": 0, "export": 4, "id": "US"}, {"import": 0, "export": 0, "id": "VN"}, {"import": 18, "export": 0, "id": "JP"}, {"import": 10, "export": 0, "id": "TH"}, {"import": 0, "export": 2, "id": "AU"}, {"import": 0, "export": 0, "id": "IT"}, {"import": 0, "export": 0, "id": "BG"}, {"import": 0, "export": 33, "id": "-"}, {"import": 0, "export": 1, "id": "FR"}, {"import": 0, "export": 0, "id": "GB"}, {"import": 0, "export": 0, "id": "MO"}, {"import": 0, "export": 1, "id": "MY"}, {"import": 0, "export": 0, "id": "NL"}, {"import": 0, "export": 0, "id": "NZ"}, {"import": 0, "export": 0, "id": "PH"}, {"import": 0, "export": 0, "id": "SG"}, {"import": 0, "export": 0, "id": "BN"}, {"import": 0, "export": 0, "id": "CA"}, {"import": 0, "export": 1, "id": "CN"}, {"import": 0, "export": 0, "id": "DE"}, {"import": 0, "export": 0, "id": "ZA"}, {"import": 0, "export": 0, "id": "CH"}, {"import": 0, "export": 0, "id": "SY"}, {"import": 0, "export": 0, "id": "AE"}], "world_import": 28, "world_export": 42}, {"date": "2019-11-01", "list": [{"import": 0, "export": 3, "id": "US"}, {"import": 0, "export": 0, "id": "VN"}, {"import": 18, "export": 0, "id": "JP"}, {"import": 0, "export": 0, "id": "TH"}, {"import": 0, "export": 0, "id": "AU"}, {"import": 0, "export": 0, "id": "IT"}, {"import": 0, "export": 0, "id": "BG"}, {"import": 0, "export": 9, "id": "-"}, {"import": 0, "export": 1, "id": "FR"}, {"import": 0, "export": 0, "id": "GB"}, {"import": 0, "export": 0, "id": "MO"}, {"import": 0, "export": 3, "id": "MY"}, {"import": 0, "export": 1, "id": "NL"}, {"import": 0, "export": 0, "id": "NZ"}, {"import": 0, "export": 0, "id": "PH"}, {"import": 0, "export": 3, "id": "SG"}, {"import": 0, "export": 1, "id": "BN"}, {"import": 0, "export": 1, "id": "CA"}, {"import": 0, "export": 0, "id": "CN"}, {"import": 0, "export": 0, "id": "DE"}, {"import": 0, "export": 0, "id": "ZA"}, {"import": 0, "export": 0, "id": "CH"}, {"import": 0, "export": 125, "id": "SY"}, {"import": 0, "export": 1, "id": "AE"}], "world_import": 18, "world_export": 148}, {"date": "2019-12-01", "list": [{"import": 875, "export": 7, "id": "US"}, {"import": 0, "export": 0, "id": "VN"}, {"import": 30, "export": 301, "id": "JP"}, {"import": 0, "export": 0, "id": "TH"}, {"import": 23, "export": 4, "id": "AU"}, {"import": 0, "export": 0, "id": "IT"}, {"import": 0, "export": 0, "id": "BG"}, {"import": 0, "export": 28, "id": "-"}, {"import": 0, "export": 1, "id": "FR"}, {"import": 0, "export": 1, "id": "GB"}, {"import": 0, "export": 1, "id": "MO"}, {"import": 0, "export": 3, "id": "MY"}, {"import": 0, "export": 0, "id": "NL"}, {"import": 0, "export": 0, "id": "NZ"}, {"import": 0, "export": 0, "id": "PH"}, {"import": 0, "export": 1, "id": "SG"}, {"import": 0, "export": 0, "id": "BN"}, {"import": 0, "export": 2, "id": "CA"}, {"import": 0, "export": 0, "id": "CN"}, {"import": 0, "export": 0, "id": "DE"}, {"import": 0, "export": 1, "id": "ZA"}, {"import": 0, "export": 0, "id": "CH"}, {"import": 0, "export": 0, "id": "SY"}, {"import": 0, "export": 0, "id": "AE"}], "world_import": 928, "world_export": 350}, {"date": "2020-01-01", "list": [{"import": 1125, "export": 1, "id": "US"}, {"import": 0, "export": 0, "id": "VN"}, {"import": 16, "export": 839, "id": "JP"}, {"import": 4, "export": 0, "id": "TH"}, {"import": 0, "export": 0, "id": "AU"}, {"import": 0, "export": 0, "id": "IT"}, {"import": 0, "export": 0, "id": "BG"}, {"import": 0, "export": 4, "id": "-"}, {"import": 0, "export": 1, "id": "FR"}, {"import": 0, "export": 0, "id": "GB"}, {"import": 0, "export": 0, "id": "MO"}, {"import": 0, "export": 0, "id": "MY"}, {"import": 0, "export": 0, "id": "NL"}, {"import": 0, "export": 0, "id": "NZ"}, {"import": 0, "export": 0, "id": "PH"}, {"import": 0, "export": 14, "id": "SG"}, {"import": 0, "export": 0, "id": "BN"}, {"import": 0, "export": 2, "id": "CA"}, {"import": 0, "export": 0, "id": "CN"}, {"import": 0, "export": 1, "id": "DE"}, {"import": 0, "export": 0, "id": "ZA"}, {"import": 0, "export": 0, "id": "CH"}, {"import": 0, "export": 0, "id": "SY"}, {"import": 0, "export": 2, "id": "AE"}], "world_import": 1145, "world_export": 864}, {"date": "2020-02-01", "list": [{"import": 2030, "export": 3, "id": "US"}, {"import": 0, "export": 0, "id": "VN"}, {"import": 0, "export": 0, "id": "JP"}, {"import": 0, "export": 0, "id": "TH"}, {"import": 0, "export": 1, "id": "AU"}, {"import": 0, "export": 0, "id": "IT"}, {"import": 0, "export": 0, "id": "BG"}, {"import": 0, "export": 54, "id": "-"}, {"import": 0, "export": 1, "id": "FR"}, {"import": 0, "export": 0, "id": "GB"}, {"import": 0, "export": 0, "id": "MO"}, {"import": 0, "export": 0, "id": "MY"}, {"import": 0, "export": 1, "id": "NL"}, {"import": 0, "export": 0, "id": "NZ"}, {"import": 0, "export": 0, "id": "PH"}, {"import": 0, "export": 2, "id": "SG"}, {"import": 0, "export": 0, "id": "BN"}, {"import": 0, "export": 2, "id": "CA"}, {"import": 0, "export": 900, "id": "CN"}, {"import": 0, "export": 0, "id": "DE"}, {"import": 0, "export": 0, "id": "ZA"}, {"import": 0, "export": 0, "id": "CH"}, {"import": 0, "export": 0, "id": "SY"}, {"import": 0, "export": 0, "id": "AE"}], "world_import": 2030, "world_export": 964}, {"date": "2020-03-01", "list": [{"import": 2020, "export": 13, "id": "US"}, {"import": 971, "export": 0, "id": "VN"}, {"import": 24, "export": 0, "id": "JP"}, {"import": 0, "export": 0, "id": "TH"}, {"import": 0, "export": 4, "id": "AU"}, {"import": 0, "export": 0, "id": "IT"}, {"import": 0, "export": 0, "id": "BG"}, {"import": 0, "export": 45, "id": "-"}, {"import": 0, "export": 1, "id": "FR"}, {"import": 0, "export": 1, "id": "GB"}, {"import": 0, "export": 0, "id": "MO"}, {"import": 0, "export": 15, "id": "MY"}, {"import": 0, "export": 2, "id": "NL"}, {"import": 0, "export": 0, "id": "NZ"}, {"import": 0, "export": 0, "id": "PH"}, {"import": 0, "export": 16, "id": "SG"}, {"import": 0, "export": 0, "id": "BN"}, {"import": 0, "export": 0, "id": "CA"}, {"import": 0, "export": 401, "id": "CN"}, {"import": 0, "export": 0, "id": "DE"}, {"import": 0, "export": 0, "id": "ZA"}, {"import": 0, "export": 0, "id": "CH"}, {"import": 0, "export": 0, "id": "SY"}, {"import": 0, "export": 1, "id": "AE"}], "world_import": 3015, "world_export": 499}, {"date": "2020-04-01", "list": [{"import": 3400, "export": 6, "id": "US"}, {"import": 280, "export": 0, "id": "VN"}, {"import": 12, "export": 0, "id": "JP"}, {"import": 0, "export": 0, "id": "TH"}, {"import": 23, "export": 0, "id": "AU"}, {"import": 0, "export": 0, "id": "IT"}, {"import": 0, "export": 0, "id": "BG"}, {"import": 0, "export": 63, "id": "-"}, {"import": 0, "export": 0, "id": "FR"}, {"import": 0, "export": 1, "id": "GB"}, {"import": 0, "export": 0, "id": "MO"}, {"import": 0, "export": 1, "id": "MY"}, {"import": 0, "export": 2, "id": "NL"}, {"import": 0, "export": 0, "id": "NZ"}, {"import": 0, "export": 0, "id": "PH"}, {"import": 0, "export": 0, "id": "SG"}, {"import": 0, "export": 0, "id": "BN"}, {"import": 0, "export": 2, "id": "CA"}, {"import": 0, "export": 1000, "id": "CN"}, {"import": 0, "export": 0, "id": "DE"}, {"import": 0, "export": 0, "id": "ZA"}, {"import": 0, "export": 0, "id": "CH"}, {"import": 0, "export": 0, "id": "SY"}, {"import": 0, "export": 0, "id": "AE"}], "world_import": 3715, "world_export": 1075}]