[{"date": "2019-01-01", "list": [{"import": 2806, "export": 0, "id": "DK"}], "world_import": 2806, "world_export": 0}, {"date": "2019-02-01", "list": [{"import": 2918, "export": 0, "id": "DK"}], "world_import": 2918, "world_export": 0}, {"date": "2019-03-01", "list": [{"import": 3428, "export": 0, "id": "DK"}], "world_import": 3428, "world_export": 0}, {"date": "2019-04-01", "list": [{"import": 6249, "export": 0, "id": "DK"}], "world_import": 6249, "world_export": 0}, {"date": "2019-05-01", "list": [{"import": 3779, "export": 0, "id": "DK"}], "world_import": 3779, "world_export": 0}, {"date": "2019-06-01", "list": [{"import": 4563, "export": 0, "id": "DK"}], "world_import": 4563, "world_export": 0}, {"date": "2019-07-01", "list": [{"import": 3895, "export": 0, "id": "DK"}], "world_import": 3895, "world_export": 0}, {"date": "2019-08-01", "list": [{"import": 4158, "export": 0, "id": "DK"}], "world_import": 4158, "world_export": 0}, {"date": "2019-09-01", "list": [{"import": 4429, "export": 0, "id": "DK"}], "world_import": 4429, "world_export": 0}, {"date": "2019-10-01", "list": [{"import": 6421, "export": 0, "id": "DK"}], "world_import": 6421, "world_export": 0}, {"date": "2019-11-01", "list": [{"import": 3728, "export": 0, "id": "DK"}], "world_import": 3728, "world_export": 0}, {"date": "2019-12-01", "list": [{"import": 4084, "export": 0, "id": "DK"}], "world_import": 4084, "world_export": 0}, {"date": "2020-01-01", "list": [{"import": 3577, "export": 0, "id": "DK"}], "world_import": 3577, "world_export": 0}, {"date": "2020-02-01", "list": [{"import": 7269, "export": 0, "id": "DK"}], "world_import": 7269, "world_export": 0}, {"date": "2020-03-01", "list": [{"import": 4446, "export": 0, "id": "DK"}], "world_import": 4446, "world_export": 0}, {"date": "2020-04-01", "list": [{"import": 5275, "export": 0, "id": "DK"}], "world_import": 5275, "world_export": 0}, {"date": "2020-05-01", "list": [{"import": 4990, "export": 0, "id": "DK"}], "world_import": 4990, "world_export": 0}]