[{"date": "2018-11-01", "list": [{"import": 0, "export": 120000, "id": "CN"}, {"import": 0, "export": 0, "id": "IT"}, {"import": 0, "export": 0, "id": "TR"}, {"import": 0, "export": 0, "id": "AZ"}, {"import": 0, "export": 2000, "id": "BY"}, {"import": 0, "export": 0, "id": "IQ"}, {"import": 0, "export": 0, "id": "KZ"}, {"import": 0, "export": 0, "id": "KG"}, {"import": 0, "export": 0, "id": "MD"}, {"import": 0, "export": 0, "id": "RS"}, {"import": 0, "export": 0, "id": "UA"}], "world_import": 0, "world_export": 122000}, {"date": "2018-12-01", "list": [{"import": 0, "export": 0, "id": "CN"}, {"import": 0, "export": 0, "id": "IT"}, {"import": 0, "export": 12714860, "id": "TR"}, {"import": 0, "export": 0, "id": "AZ"}, {"import": 0, "export": 0, "id": "BY"}, {"import": 0, "export": 41000, "id": "IQ"}, {"import": 0, "export": 360494, "id": "KZ"}, {"import": 0, "export": 0, "id": "KG"}, {"import": 0, "export": 0, "id": "MD"}, {"import": 0, "export": 0, "id": "RS"}, {"import": 0, "export": 0, "id": "UA"}], "world_import": 0, "world_export": 13116354}, {"date": "2019-01-01", "list": [{"import": 0, "export": 271649, "id": "CN"}, {"import": 0, "export": 0, "id": "IT"}, {"import": 0, "export": 6523540, "id": "TR"}, {"import": 0, "export": 0, "id": "AZ"}, {"import": 0, "export": 0, "id": "BY"}, {"import": 0, "export": 0, "id": "IQ"}, {"import": 0, "export": 128450, "id": "KZ"}, {"import": 0, "export": 0, "id": "KG"}, {"import": 0, "export": 0, "id": "MD"}, {"import": 0, "export": 0, "id": "RS"}, {"import": 0, "export": 0, "id": "UA"}], "world_import": 0, "world_export": 6923639}, {"date": "2019-02-01", "list": [{"import": 0, "export": 67690, "id": "CN"}, {"import": 0, "export": 0, "id": "IT"}, {"import": 0, "export": 13940170, "id": "TR"}, {"import": 0, "export": 0, "id": "AZ"}, {"import": 0, "export": 0, "id": "BY"}, {"import": 0, "export": 88000, "id": "IQ"}, {"import": 0, "export": 192008, "id": "KZ"}, {"import": 0, "export": 0, "id": "KG"}, {"import": 0, "export": 0, "id": "MD"}, {"import": 0, "export": 0, "id": "RS"}, {"import": 0, "export": 0, "id": "UA"}], "world_import": 0, "world_export": 14287868}, {"date": "2019-03-01", "list": [{"import": 0, "export": 0, "id": "CN"}, {"import": 0, "export": 0, "id": "IT"}, {"import": 0, "export": 5891800, "id": "TR"}, {"import": 0, "export": 65000, "id": "AZ"}, {"import": 0, "export": 2000, "id": "BY"}, {"import": 0, "export": 0, "id": "IQ"}, {"import": 0, "export": 160090, "id": "KZ"}, {"import": 0, "export": 2020, "id": "KG"}, {"import": 0, "export": 0, "id": "MD"}, {"import": 0, "export": 0, "id": "RS"}, {"import": 0, "export": 0, "id": "UA"}], "world_import": 0, "world_export": 6120910}, {"date": "2019-04-01", "list": [{"import": 58250, "export": 144000, "id": "CN"}, {"import": 90036, "export": 0, "id": "IT"}, {"import": 270150, "export": 9521130, "id": "TR"}, {"import": 0, "export": 0, "id": "AZ"}, {"import": 0, "export": 0, "id": "BY"}, {"import": 0, "export": 0, "id": "IQ"}, {"import": 0, "export": 5293, "id": "KZ"}, {"import": 0, "export": 0, "id": "KG"}, {"import": 0, "export": 200, "id": "MD"}, {"import": 0, "export": 0, "id": "RS"}, {"import": 0, "export": 0, "id": "UA"}], "world_import": 418436, "world_export": 9670623}, {"date": "2019-05-01", "list": [{"import": 22700, "export": 0, "id": "CN"}, {"import": 0, "export": 0, "id": "IT"}, {"import": 0, "export": 0, "id": "TR"}, {"import": 0, "export": 0, "id": "AZ"}, {"import": 0, "export": 1000, "id": "BY"}, {"import": 0, "export": 0, "id": "IQ"}, {"import": 0, "export": 0, "id": "KZ"}, {"import": 0, "export": 0, "id": "KG"}, {"import": 0, "export": 0, "id": "MD"}, {"import": 0, "export": 0, "id": "RS"}, {"import": 0, "export": 0, "id": "UA"}], "world_import": 22700, "world_export": 1000}, {"date": "2019-06-01", "list": [{"import": 0, "export": 0, "id": "CN"}, {"import": 0, "export": 0, "id": "IT"}, {"import": 0, "export": 0, "id": "TR"}, {"import": 0, "export": 0, "id": "AZ"}, {"import": 0, "export": 2000, "id": "BY"}, {"import": 0, "export": 0, "id": "IQ"}, {"import": 0, "export": 0, "id": "KZ"}, {"import": 0, "export": 0, "id": "KG"}, {"import": 0, "export": 0, "id": "MD"}, {"import": 0, "export": 0, "id": "RS"}, {"import": 0, "export": 0, "id": "UA"}], "world_import": 0, "world_export": 2000}, {"date": "2019-07-01", "list": [{"import": 0, "export": 0, "id": "CN"}, {"import": 0, "export": 0, "id": "IT"}, {"import": 0, "export": 0, "id": "TR"}, {"import": 0, "export": 0, "id": "AZ"}, {"import": 0, "export": 0, "id": "BY"}, {"import": 0, "export": 0, "id": "IQ"}, {"import": 0, "export": 1645, "id": "KZ"}, {"import": 0, "export": 0, "id": "KG"}, {"import": 0, "export": 0, "id": "MD"}, {"import": 0, "export": 0, "id": "RS"}, {"import": 0, "export": 0, "id": "UA"}], "world_import": 0, "world_export": 1645}, {"date": "2019-08-01", "list": [{"import": 0, "export": 0, "id": "CN"}, {"import": 0, "export": 0, "id": "IT"}, {"import": 0, "export": 0, "id": "TR"}, {"import": 0, "export": 0, "id": "AZ"}, {"import": 0, "export": 2000, "id": "BY"}, {"import": 0, "export": 0, "id": "IQ"}, {"import": 0, "export": 0, "id": "KZ"}, {"import": 0, "export": 0, "id": "KG"}, {"import": 0, "export": 0, "id": "MD"}, {"import": 0, "export": 0, "id": "RS"}, {"import": 0, "export": 0, "id": "UA"}], "world_import": 0, "world_export": 2000}, {"date": "2019-09-01", "list": [{"import": 0, "export": 0, "id": "CN"}, {"import": 0, "export": 0, "id": "IT"}, {"import": 0, "export": 500000, "id": "TR"}, {"import": 0, "export": 0, "id": "AZ"}, {"import": 0, "export": 0, "id": "BY"}, {"import": 0, "export": 0, "id": "IQ"}, {"import": 0, "export": 0, "id": "KZ"}, {"import": 0, "export": 0, "id": "KG"}, {"import": 0, "export": 0, "id": "MD"}, {"import": 0, "export": 0, "id": "RS"}, {"import": 0, "export": 0, "id": "UA"}], "world_import": 0, "world_export": 500000}, {"date": "2019-10-01", "list": [{"import": 0, "export": 0, "id": "CN"}, {"import": 0, "export": 0, "id": "IT"}, {"import": 0, "export": 500000, "id": "TR"}, {"import": 0, "export": 0, "id": "AZ"}, {"import": 0, "export": 0, "id": "BY"}, {"import": 0, "export": 0, "id": "IQ"}, {"import": 0, "export": 2078, "id": "KZ"}, {"import": 0, "export": 0, "id": "KG"}, {"import": 0, "export": 0, "id": "MD"}, {"import": 0, "export": 0, "id": "RS"}, {"import": 0, "export": 0, "id": "UA"}], "world_import": 0, "world_export": 502078}, {"date": "2019-11-01", "list": [{"import": 0, "export": 158080, "id": "CN"}, {"import": 0, "export": 0, "id": "IT"}, {"import": 0, "export": 15472180, "id": "TR"}, {"import": 0, "export": 0, "id": "AZ"}, {"import": 0, "export": 0, "id": "BY"}, {"import": 0, "export": 0, "id": "IQ"}, {"import": 0, "export": 0, "id": "KZ"}, {"import": 0, "export": 0, "id": "KG"}, {"import": 0, "export": 0, "id": "MD"}, {"import": 0, "export": 0, "id": "RS"}, {"import": 0, "export": 23500, "id": "UA"}], "world_import": 0, "world_export": 15653760}, {"date": "2019-12-01", "list": [{"import": 0, "export": 0, "id": "CN"}, {"import": 0, "export": 0, "id": "IT"}, {"import": 0, "export": 10680200, "id": "TR"}, {"import": 0, "export": 0, "id": "AZ"}, {"import": 0, "export": 0, "id": "BY"}, {"import": 0, "export": 0, "id": "IQ"}, {"import": 0, "export": 0, "id": "KZ"}, {"import": 0, "export": 0, "id": "KG"}, {"import": 0, "export": 0, "id": "MD"}, {"import": 0, "export": 22000, "id": "RS"}, {"import": 0, "export": 0, "id": "UA"}], "world_import": 0, "world_export": 10702200}, {"date": "2020-01-01", "list": [{"import": 0, "export": 0, "id": "CN"}, {"import": 0, "export": 0, "id": "IT"}, {"import": 0, "export": 500000, "id": "TR"}, {"import": 0, "export": 0, "id": "AZ"}, {"import": 0, "export": 0, "id": "BY"}, {"import": 0, "export": 85244, "id": "IQ"}, {"import": 0, "export": 446, "id": "KZ"}, {"import": 0, "export": 0, "id": "KG"}, {"import": 0, "export": 0, "id": "MD"}, {"import": 0, "export": 0, "id": "RS"}, {"import": 0, "export": 0, "id": "UA"}], "world_import": 0, "world_export": 585690}, {"date": "2020-02-01", "list": [{"import": 0, "export": 0, "id": "CN"}, {"import": 0, "export": 0, "id": "IT"}, {"import": 0, "export": 3600280, "id": "TR"}, {"import": 0, "export": 0, "id": "AZ"}, {"import": 0, "export": 3000, "id": "BY"}, {"import": 0, "export": 0, "id": "IQ"}, {"import": 0, "export": 518, "id": "KZ"}, {"import": 0, "export": 0, "id": "KG"}, {"import": 0, "export": 0, "id": "MD"}, {"import": 0, "export": 0, "id": "RS"}, {"import": 0, "export": 0, "id": "UA"}], "world_import": 0, "world_export": 3603798}, {"date": "2020-03-01", "list": [{"import": 0, "export": 0, "id": "CN"}, {"import": 90000, "export": 0, "id": "IT"}, {"import": 0, "export": 500000, "id": "TR"}, {"import": 0, "export": 0, "id": "AZ"}, {"import": 0, "export": 0, "id": "BY"}, {"import": 0, "export": 0, "id": "IQ"}, {"import": 0, "export": 64025, "id": "KZ"}, {"import": 0, "export": 0, "id": "KG"}, {"import": 0, "export": 0, "id": "MD"}, {"import": 0, "export": 42000, "id": "RS"}, {"import": 0, "export": 0, "id": "UA"}], "world_import": 90000, "world_export": 606025}, {"date": "2020-04-01", "list": [{"import": 0, "export": 0, "id": "CN"}, {"import": 195168, "export": 0, "id": "IT"}, {"import": 82150, "export": 0, "id": "TR"}, {"import": 0, "export": 0, "id": "AZ"}, {"import": 0, "export": 0, "id": "BY"}, {"import": 0, "export": 0, "id": "IQ"}, {"import": 0, "export": 193034, "id": "KZ"}, {"import": 0, "export": 0, "id": "KG"}, {"import": 0, "export": 0, "id": "MD"}, {"import": 0, "export": 0, "id": "RS"}, {"import": 0, "export": 0, "id": "UA"}], "world_import": 277318, "world_export": 193034}]