[{"date": "2018-05-01", "list": [{"import": 48000, "export": 0, "id": "PK"}, {"import": 0, "export": 0, "id": "IN"}, {"import": 0, "export": 0, "id": "US"}, {"import": 0, "export": 0, "id": "LK"}, {"import": 0, "export": 0, "id": "IT"}, {"import": 518, "export": 0, "id": "GB"}, {"import": 0, "export": 0, "id": "JP"}, {"import": 0, "export": 0, "id": "CN"}, {"import": 165, "export": 0, "id": "BE"}, {"import": 0, "export": 0, "id": "CA"}, {"import": 0, "export": 0, "id": "TH"}, {"import": 0, "export": 0, "id": "TR"}, {"import": 0, "export": 0, "id": "UG"}, {"import": 0, "export": 0, "id": "SN"}, {"import": 0, "export": 13425, "id": "YE"}, {"import": 0, "export": 0, "id": "AF"}, {"import": 0, "export": 0, "id": "MV"}, {"import": 0, "export": 0, "id": "SC"}, {"import": 0, "export": 62237, "id": "OM"}, {"import": 0, "export": 0, "id": "RW"}, {"import": 0, "export": 1000, "id": "SA"}, {"import": 0, "export": 0, "id": "SO"}, {"import": 0, "export": 0, "id": "ZA"}, {"import": 0, "export": 3400, "id": "BH"}, {"import": 0, "export": 0, "id": "GH"}, {"import": 0, "export": 0, "id": "IR"}, {"import": 0, "export": 0, "id": "JO"}, {"import": 0, "export": 46635, "id": "KW"}], "world_import": 48683, "world_export": 126697}, {"date": "2018-06-01", "list": [{"import": 48000, "export": 0, "id": "PK"}, {"import": 0, "export": 0, "id": "IN"}, {"import": 0, "export": 0, "id": "US"}, {"import": 0, "export": 0, "id": "LK"}, {"import": 0, "export": 0, "id": "IT"}, {"import": 0, "export": 0, "id": "GB"}, {"import": 0, "export": 0, "id": "JP"}, {"import": 0, "export": 0, "id": "CN"}, {"import": 0, "export": 0, "id": "BE"}, {"import": 0, "export": 0, "id": "CA"}, {"import": 0, "export": 0, "id": "TH"}, {"import": 0, "export": 0, "id": "TR"}, {"import": 0, "export": 0, "id": "UG"}, {"import": 0, "export": 0, "id": "SN"}, {"import": 0, "export": 452690, "id": "YE"}, {"import": 0, "export": 0, "id": "AF"}, {"import": 0, "export": 0, "id": "MV"}, {"import": 0, "export": 0, "id": "SC"}, {"import": 0, "export": 14781, "id": "OM"}, {"import": 0, "export": 0, "id": "RW"}, {"import": 0, "export": 0, "id": "SA"}, {"import": 0, "export": 0, "id": "SO"}, {"import": 0, "export": 0, "id": "ZA"}, {"import": 0, "export": 4680, "id": "BH"}, {"import": 0, "export": 0, "id": "GH"}, {"import": 0, "export": 0, "id": "IR"}, {"import": 0, "export": 0, "id": "JO"}, {"import": 0, "export": 5300, "id": "KW"}], "world_import": 48000, "world_export": 477451}, {"date": "2018-07-01", "list": [{"import": 48000, "export": 0, "id": "PK"}, {"import": 0, "export": 0, "id": "IN"}, {"import": 0, "export": 0, "id": "US"}, {"import": 0, "export": 0, "id": "LK"}, {"import": 0, "export": 0, "id": "IT"}, {"import": 61, "export": 0, "id": "GB"}, {"import": 0, "export": 0, "id": "JP"}, {"import": 0, "export": 0, "id": "CN"}, {"import": 189, "export": 0, "id": "BE"}, {"import": 0, "export": 0, "id": "CA"}, {"import": 0, "export": 0, "id": "TH"}, {"import": 0, "export": 0, "id": "TR"}, {"import": 0, "export": 0, "id": "UG"}, {"import": 0, "export": 0, "id": "SN"}, {"import": 0, "export": 92450, "id": "YE"}, {"import": 0, "export": 0, "id": "AF"}, {"import": 0, "export": 0, "id": "MV"}, {"import": 0, "export": 0, "id": "SC"}, {"import": 0, "export": 11369, "id": "OM"}, {"import": 0, "export": 0, "id": "RW"}, {"import": 0, "export": 0, "id": "SA"}, {"import": 0, "export": 90, "id": "SO"}, {"import": 0, "export": 0, "id": "ZA"}, {"import": 0, "export": 4565, "id": "BH"}, {"import": 0, "export": 0, "id": "GH"}, {"import": 0, "export": 0, "id": "IR"}, {"import": 0, "export": 0, "id": "JO"}, {"import": 0, "export": 955, "id": "KW"}], "world_import": 48250, "world_export": 109429}, {"date": "2018-08-01", "list": [{"import": 48000, "export": 0, "id": "PK"}, {"import": 2000, "export": 0, "id": "IN"}, {"import": 0, "export": 0, "id": "US"}, {"import": 0, "export": 0, "id": "LK"}, {"import": 250, "export": 0, "id": "IT"}, {"import": 0, "export": 0, "id": "GB"}, {"import": 0, "export": 0, "id": "JP"}, {"import": 0, "export": 0, "id": "CN"}, {"import": 0, "export": 0, "id": "BE"}, {"import": 0, "export": 0, "id": "CA"}, {"import": 55, "export": 0, "id": "TH"}, {"import": 0, "export": 0, "id": "TR"}, {"import": 0, "export": 0, "id": "UG"}, {"import": 0, "export": 0, "id": "SN"}, {"import": 0, "export": 10300, "id": "YE"}, {"import": 0, "export": 0, "id": "AF"}, {"import": 0, "export": 0, "id": "MV"}, {"import": 0, "export": 0, "id": "SC"}, {"import": 0, "export": 9453, "id": "OM"}, {"import": 0, "export": 0, "id": "RW"}, {"import": 0, "export": 0, "id": "SA"}, {"import": 0, "export": 0, "id": "SO"}, {"import": 0, "export": 0, "id": "ZA"}, {"import": 0, "export": 8280, "id": "BH"}, {"import": 0, "export": 0, "id": "GH"}, {"import": 0, "export": 0, "id": "IR"}, {"import": 0, "export": 0, "id": "JO"}, {"import": 0, "export": 0, "id": "KW"}], "world_import": 50305, "world_export": 28033}, {"date": "2018-09-01", "list": [{"import": 0, "export": 0, "id": "PK"}, {"import": 0, "export": 0, "id": "IN"}, {"import": 0, "export": 0, "id": "US"}, {"import": 0, "export": 0, "id": "LK"}, {"import": 495, "export": 0, "id": "IT"}, {"import": 363, "export": 0, "id": "GB"}, {"import": 0, "export": 0, "id": "JP"}, {"import": 135, "export": 0, "id": "CN"}, {"import": 0, "export": 0, "id": "BE"}, {"import": 0, "export": 0, "id": "CA"}, {"import": 0, "export": 0, "id": "TH"}, {"import": 0, "export": 0, "id": "TR"}, {"import": 0, "export": 0, "id": "UG"}, {"import": 0, "export": 0, "id": "SN"}, {"import": 0, "export": 4250, "id": "YE"}, {"import": 0, "export": 0, "id": "AF"}, {"import": 0, "export": 0, "id": "MV"}, {"import": 0, "export": 0, "id": "SC"}, {"import": 0, "export": 3890, "id": "OM"}, {"import": 0, "export": 0, "id": "RW"}, {"import": 0, "export": 1000, "id": "SA"}, {"import": 0, "export": 0, "id": "SO"}, {"import": 0, "export": 0, "id": "ZA"}, {"import": 0, "export": 7320, "id": "BH"}, {"import": 0, "export": 0, "id": "GH"}, {"import": 0, "export": 0, "id": "IR"}, {"import": 0, "export": 0, "id": "JO"}, {"import": 0, "export": 4720, "id": "KW"}], "world_import": 993, "world_export": 21180}, {"date": "2018-10-01", "list": [{"import": 48000, "export": 0, "id": "PK"}, {"import": 0, "export": 0, "id": "IN"}, {"import": 1045, "export": 0, "id": "US"}, {"import": 0, "export": 0, "id": "LK"}, {"import": 0, "export": 0, "id": "IT"}, {"import": 0, "export": 0, "id": "GB"}, {"import": 0, "export": 0, "id": "JP"}, {"import": 0, "export": 0, "id": "CN"}, {"import": 68, "export": 0, "id": "BE"}, {"import": 30, "export": 0, "id": "CA"}, {"import": 74, "export": 0, "id": "TH"}, {"import": 0, "export": 0, "id": "TR"}, {"import": 0, "export": 0, "id": "UG"}, {"import": 0, "export": 0, "id": "SN"}, {"import": 0, "export": 5300, "id": "YE"}, {"import": 0, "export": 0, "id": "AF"}, {"import": 0, "export": 0, "id": "MV"}, {"import": 0, "export": 0, "id": "SC"}, {"import": 0, "export": 7057, "id": "OM"}, {"import": 0, "export": 0, "id": "RW"}, {"import": 0, "export": 0, "id": "SA"}, {"import": 0, "export": 0, "id": "SO"}, {"import": 0, "export": 0, "id": "ZA"}, {"import": 0, "export": 4094, "id": "BH"}, {"import": 0, "export": 0, "id": "GH"}, {"import": 0, "export": 0, "id": "IR"}, {"import": 0, "export": 0, "id": "JO"}, {"import": 0, "export": 6564, "id": "KW"}], "world_import": 49217, "world_export": 23015}, {"date": "2018-11-01", "list": [{"import": 24000, "export": 0, "id": "PK"}, {"import": 2840, "export": 0, "id": "IN"}, {"import": 0, "export": 0, "id": "US"}, {"import": 0, "export": 0, "id": "LK"}, {"import": 0, "export": 0, "id": "IT"}, {"import": 0, "export": 0, "id": "GB"}, {"import": 0, "export": 0, "id": "JP"}, {"import": 0, "export": 0, "id": "CN"}, {"import": 0, "export": 0, "id": "BE"}, {"import": 0, "export": 0, "id": "CA"}, {"import": 0, "export": 0, "id": "TH"}, {"import": 0, "export": 0, "id": "TR"}, {"import": 0, "export": 0, "id": "UG"}, {"import": 0, "export": 0, "id": "SN"}, {"import": 0, "export": 6345, "id": "YE"}, {"import": 0, "export": 0, "id": "AF"}, {"import": 0, "export": 0, "id": "MV"}, {"import": 0, "export": 0, "id": "SC"}, {"import": 0, "export": 7309, "id": "OM"}, {"import": 0, "export": 0, "id": "RW"}, {"import": 0, "export": 0, "id": "SA"}, {"import": 0, "export": 0, "id": "SO"}, {"import": 0, "export": 0, "id": "ZA"}, {"import": 0, "export": 400, "id": "BH"}, {"import": 0, "export": 0, "id": "GH"}, {"import": 0, "export": 0, "id": "IR"}, {"import": 0, "export": 0, "id": "JO"}, {"import": 0, "export": 9000, "id": "KW"}], "world_import": 26840, "world_export": 23054}, {"date": "2018-12-01", "list": [{"import": 72000, "export": 0, "id": "PK"}, {"import": 0, "export": 0, "id": "IN"}, {"import": 24, "export": 0, "id": "US"}, {"import": 0, "export": 0, "id": "LK"}, {"import": 0, "export": 0, "id": "IT"}, {"import": 0, "export": 0, "id": "GB"}, {"import": 0, "export": 0, "id": "JP"}, {"import": 0, "export": 0, "id": "CN"}, {"import": 0, "export": 0, "id": "BE"}, {"import": 0, "export": 0, "id": "CA"}, {"import": 0, "export": 0, "id": "TH"}, {"import": 1000, "export": 0, "id": "TR"}, {"import": 0, "export": 0, "id": "UG"}, {"import": 0, "export": 0, "id": "SN"}, {"import": 0, "export": 7250, "id": "YE"}, {"import": 0, "export": 0, "id": "AF"}, {"import": 0, "export": 0, "id": "MV"}, {"import": 0, "export": 0, "id": "SC"}, {"import": 0, "export": 37541, "id": "OM"}, {"import": 0, "export": 0, "id": "RW"}, {"import": 0, "export": 0, "id": "SA"}, {"import": 0, "export": 0, "id": "SO"}, {"import": 0, "export": 146, "id": "ZA"}, {"import": 0, "export": 600, "id": "BH"}, {"import": 0, "export": 0, "id": "GH"}, {"import": 0, "export": 0, "id": "IR"}, {"import": 0, "export": 0, "id": "JO"}, {"import": 0, "export": 7800, "id": "KW"}], "world_import": 73024, "world_export": 53337}, {"date": "2019-01-01", "list": [{"import": 48000, "export": 0, "id": "PK"}, {"import": 5250, "export": 1437, "id": "IN"}, {"import": 0, "export": 0, "id": "US"}, {"import": 0, "export": 0, "id": "LK"}, {"import": 120, "export": 0, "id": "IT"}, {"import": 120, "export": 0, "id": "GB"}, {"import": 0, "export": 0, "id": "JP"}, {"import": 0, "export": 0, "id": "CN"}, {"import": 0, "export": 0, "id": "BE"}, {"import": 0, "export": 0, "id": "CA"}, {"import": 0, "export": 0, "id": "TH"}, {"import": 0, "export": 0, "id": "TR"}, {"import": 0, "export": 0, "id": "UG"}, {"import": 0, "export": 0, "id": "SN"}, {"import": 0, "export": 1250, "id": "YE"}, {"import": 0, "export": 0, "id": "AF"}, {"import": 0, "export": 0, "id": "MV"}, {"import": 0, "export": 0, "id": "SC"}, {"import": 0, "export": 3869, "id": "OM"}, {"import": 0, "export": 0, "id": "RW"}, {"import": 0, "export": 0, "id": "SA"}, {"import": 0, "export": 0, "id": "SO"}, {"import": 0, "export": 0, "id": "ZA"}, {"import": 0, "export": 2600, "id": "BH"}, {"import": 0, "export": 0, "id": "GH"}, {"import": 0, "export": 471, "id": "IR"}, {"import": 0, "export": 0, "id": "JO"}, {"import": 0, "export": 3100, "id": "KW"}], "world_import": 53490, "world_export": 12727}, {"date": "2019-02-01", "list": [{"import": 25000, "export": 1610, "id": "PK"}, {"import": 8472, "export": 2071, "id": "IN"}, {"import": 0, "export": 0, "id": "US"}, {"import": 1300, "export": 740, "id": "LK"}, {"import": 0, "export": 0, "id": "IT"}, {"import": 338, "export": 0, "id": "GB"}, {"import": 0, "export": 0, "id": "JP"}, {"import": 0, "export": 10470, "id": "CN"}, {"import": 99, "export": 0, "id": "BE"}, {"import": 0, "export": 0, "id": "CA"}, {"import": 0, "export": 0, "id": "TH"}, {"import": 0, "export": 0, "id": "TR"}, {"import": 0, "export": 0, "id": "UG"}, {"import": 0, "export": 0, "id": "SN"}, {"import": 0, "export": 2050, "id": "YE"}, {"import": 0, "export": 0, "id": "AF"}, {"import": 0, "export": 0, "id": "MV"}, {"import": 0, "export": 0, "id": "SC"}, {"import": 0, "export": 0, "id": "OM"}, {"import": 0, "export": 0, "id": "RW"}, {"import": 0, "export": 0, "id": "SA"}, {"import": 0, "export": 0, "id": "SO"}, {"import": 0, "export": 0, "id": "ZA"}, {"import": 0, "export": 2230, "id": "BH"}, {"import": 0, "export": 0, "id": "GH"}, {"import": 0, "export": 0, "id": "IR"}, {"import": 0, "export": 0, "id": "JO"}, {"import": 0, "export": 10000, "id": "KW"}], "world_import": 35209, "world_export": 29171}, {"date": "2019-03-01", "list": [{"import": 50450, "export": 3109, "id": "PK"}, {"import": 237358, "export": 5000, "id": "IN"}, {"import": 0, "export": 0, "id": "US"}, {"import": 0, "export": 0, "id": "LK"}, {"import": 235, "export": 0, "id": "IT"}, {"import": 0, "export": 0, "id": "GB"}, {"import": 0, "export": 0, "id": "JP"}, {"import": 0, "export": 0, "id": "CN"}, {"import": 90, "export": 0, "id": "BE"}, {"import": 0, "export": 0, "id": "CA"}, {"import": 0, "export": 0, "id": "TH"}, {"import": 0, "export": 0, "id": "TR"}, {"import": 0, "export": 0, "id": "UG"}, {"import": 0, "export": 0, "id": "SN"}, {"import": 0, "export": 1800, "id": "YE"}, {"import": 0, "export": 0, "id": "AF"}, {"import": 0, "export": 0, "id": "MV"}, {"import": 0, "export": 0, "id": "SC"}, {"import": 0, "export": 2542, "id": "OM"}, {"import": 0, "export": 0, "id": "RW"}, {"import": 0, "export": 0, "id": "SA"}, {"import": 0, "export": 0, "id": "SO"}, {"import": 0, "export": 0, "id": "ZA"}, {"import": 0, "export": 0, "id": "BH"}, {"import": 0, "export": 0, "id": "GH"}, {"import": 0, "export": 0, "id": "IR"}, {"import": 0, "export": 0, "id": "JO"}, {"import": 0, "export": 39830, "id": "KW"}], "world_import": 288133, "world_export": 52281}, {"date": "2019-04-01", "list": [{"import": 25360, "export": 7515, "id": "PK"}, {"import": 9157, "export": 10076, "id": "IN"}, {"import": 0, "export": 0, "id": "US"}, {"import": 0, "export": 0, "id": "LK"}, {"import": 345, "export": 0, "id": "IT"}, {"import": 0, "export": 0, "id": "GB"}, {"import": 0, "export": 0, "id": "JP"}, {"import": 0, "export": 0, "id": "CN"}, {"import": 84, "export": 0, "id": "BE"}, {"import": 0, "export": 0, "id": "CA"}, {"import": 0, "export": 415, "id": "TH"}, {"import": 0, "export": 0, "id": "TR"}, {"import": 0, "export": 0, "id": "UG"}, {"import": 0, "export": 0, "id": "SN"}, {"import": 0, "export": 9150, "id": "YE"}, {"import": 0, "export": 0, "id": "AF"}, {"import": 0, "export": 0, "id": "MV"}, {"import": 0, "export": 0, "id": "SC"}, {"import": 0, "export": 2754, "id": "OM"}, {"import": 0, "export": 0, "id": "RW"}, {"import": 0, "export": 0, "id": "SA"}, {"import": 0, "export": 0, "id": "SO"}, {"import": 0, "export": 0, "id": "ZA"}, {"import": 0, "export": 7280, "id": "BH"}, {"import": 0, "export": 0, "id": "GH"}, {"import": 0, "export": 0, "id": "IR"}, {"import": 0, "export": 50000, "id": "JO"}, {"import": 0, "export": 18105, "id": "KW"}], "world_import": 34946, "world_export": 105295}, {"date": "2019-05-01", "list": [{"import": 50470, "export": 4605, "id": "PK"}, {"import": 10502, "export": 4041, "id": "IN"}, {"import": 0, "export": 0, "id": "US"}, {"import": 0, "export": 0, "id": "LK"}, {"import": 0, "export": 0, "id": "IT"}, {"import": 248, "export": 0, "id": "GB"}, {"import": 0, "export": 0, "id": "JP"}, {"import": 0, "export": 0, "id": "CN"}, {"import": 0, "export": 0, "id": "BE"}, {"import": 0, "export": 0, "id": "CA"}, {"import": 0, "export": 0, "id": "TH"}, {"import": 0, "export": 0, "id": "TR"}, {"import": 0, "export": 0, "id": "UG"}, {"import": 0, "export": 0, "id": "SN"}, {"import": 0, "export": 37380, "id": "YE"}, {"import": 0, "export": 0, "id": "AF"}, {"import": 0, "export": 0, "id": "MV"}, {"import": 0, "export": 0, "id": "SC"}, {"import": 0, "export": 26284, "id": "OM"}, {"import": 0, "export": 0, "id": "RW"}, {"import": 0, "export": 0, "id": "SA"}, {"import": 0, "export": 0, "id": "SO"}, {"import": 0, "export": 0, "id": "ZA"}, {"import": 0, "export": 2800, "id": "BH"}, {"import": 0, "export": 0, "id": "GH"}, {"import": 0, "export": 0, "id": "IR"}, {"import": 0, "export": 0, "id": "JO"}, {"import": 0, "export": 8700, "id": "KW"}], "world_import": 61220, "world_export": 83810}, {"date": "2019-06-01", "list": [{"import": 25000, "export": 3481, "id": "PK"}, {"import": 9860, "export": 2880, "id": "IN"}, {"import": 0, "export": 0, "id": "US"}, {"import": 0, "export": 0, "id": "LK"}, {"import": 330, "export": 0, "id": "IT"}, {"import": 0, "export": 0, "id": "GB"}, {"import": 0, "export": 0, "id": "JP"}, {"import": 0, "export": 0, "id": "CN"}, {"import": 0, "export": 0, "id": "BE"}, {"import": 0, "export": 0, "id": "CA"}, {"import": 0, "export": 1485, "id": "TH"}, {"import": 0, "export": 0, "id": "TR"}, {"import": 0, "export": 0, "id": "UG"}, {"import": 0, "export": 0, "id": "SN"}, {"import": 0, "export": 0, "id": "YE"}, {"import": 0, "export": 0, "id": "AF"}, {"import": 0, "export": 0, "id": "MV"}, {"import": 0, "export": 0, "id": "SC"}, {"import": 0, "export": 2078, "id": "OM"}, {"import": 0, "export": 0, "id": "RW"}, {"import": 0, "export": 0, "id": "SA"}, {"import": 0, "export": 0, "id": "SO"}, {"import": 0, "export": 0, "id": "ZA"}, {"import": 0, "export": 5200, "id": "BH"}, {"import": 0, "export": 0, "id": "GH"}, {"import": 0, "export": 0, "id": "IR"}, {"import": 0, "export": 0, "id": "JO"}, {"import": 0, "export": 2160, "id": "KW"}], "world_import": 35190, "world_export": 17284}, {"date": "2019-07-01", "list": [{"import": 50770, "export": 2162, "id": "PK"}, {"import": 2550, "export": 7839, "id": "IN"}, {"import": 203, "export": 0, "id": "US"}, {"import": 1500, "export": 0, "id": "LK"}, {"import": 0, "export": 0, "id": "IT"}, {"import": 483, "export": 0, "id": "GB"}, {"import": 0, "export": 0, "id": "JP"}, {"import": 0, "export": 0, "id": "CN"}, {"import": 109, "export": 0, "id": "BE"}, {"import": 0, "export": 0, "id": "CA"}, {"import": 0, "export": 0, "id": "TH"}, {"import": 0, "export": 0, "id": "TR"}, {"import": 0, "export": 0, "id": "UG"}, {"import": 0, "export": 0, "id": "SN"}, {"import": 0, "export": 4850, "id": "YE"}, {"import": 0, "export": 0, "id": "AF"}, {"import": 0, "export": 0, "id": "MV"}, {"import": 0, "export": 0, "id": "SC"}, {"import": 0, "export": 0, "id": "OM"}, {"import": 0, "export": 0, "id": "RW"}, {"import": 0, "export": 0, "id": "SA"}, {"import": 0, "export": 0, "id": "SO"}, {"import": 0, "export": 0, "id": "ZA"}, {"import": 0, "export": 1000, "id": "BH"}, {"import": 0, "export": 0, "id": "GH"}, {"import": 0, "export": 0, "id": "IR"}, {"import": 0, "export": 0, "id": "JO"}, {"import": 0, "export": 1250, "id": "KW"}], "world_import": 55615, "world_export": 17101}, {"date": "2019-08-01", "list": [{"import": 0, "export": 4639, "id": "PK"}, {"import": 700, "export": 8626, "id": "IN"}, {"import": 206, "export": 0, "id": "US"}, {"import": 0, "export": 0, "id": "LK"}, {"import": 605, "export": 0, "id": "IT"}, {"import": 759, "export": 0, "id": "GB"}, {"import": 0, "export": 0, "id": "JP"}, {"import": 0, "export": 0, "id": "CN"}, {"import": 320, "export": 0, "id": "BE"}, {"import": 54, "export": 0, "id": "CA"}, {"import": 0, "export": 0, "id": "TH"}, {"import": 0, "export": 0, "id": "TR"}, {"import": 0, "export": 0, "id": "UG"}, {"import": 0, "export": 0, "id": "SN"}, {"import": 0, "export": 3050, "id": "YE"}, {"import": 0, "export": 0, "id": "AF"}, {"import": 0, "export": 0, "id": "MV"}, {"import": 0, "export": 0, "id": "SC"}, {"import": 0, "export": 0, "id": "OM"}, {"import": 0, "export": 0, "id": "RW"}, {"import": 0, "export": 0, "id": "SA"}, {"import": 0, "export": 0, "id": "SO"}, {"import": 0, "export": 0, "id": "ZA"}, {"import": 0, "export": 1680, "id": "BH"}, {"import": 0, "export": 0, "id": "GH"}, {"import": 0, "export": 0, "id": "IR"}, {"import": 0, "export": 0, "id": "JO"}, {"import": 0, "export": 900, "id": "KW"}], "world_import": 2644, "world_export": 18895}, {"date": "2019-09-01", "list": [{"import": 25730, "export": 360, "id": "PK"}, {"import": 16089, "export": 2478, "id": "IN"}, {"import": 9360, "export": 0, "id": "US"}, {"import": 1400, "export": 0, "id": "LK"}, {"import": 609, "export": 0, "id": "IT"}, {"import": 0, "export": 0, "id": "GB"}, {"import": 0, "export": 0, "id": "JP"}, {"import": 0, "export": 0, "id": "CN"}, {"import": 0, "export": 0, "id": "BE"}, {"import": 0, "export": 0, "id": "CA"}, {"import": 12015, "export": 0, "id": "TH"}, {"import": 0, "export": 0, "id": "TR"}, {"import": 0, "export": 0, "id": "UG"}, {"import": 0, "export": 0, "id": "SN"}, {"import": 0, "export": 5740, "id": "YE"}, {"import": 0, "export": 1550, "id": "AF"}, {"import": 0, "export": 0, "id": "MV"}, {"import": 0, "export": 0, "id": "SC"}, {"import": 0, "export": 300, "id": "OM"}, {"import": 0, "export": 0, "id": "RW"}, {"import": 0, "export": 0, "id": "SA"}, {"import": 0, "export": 0, "id": "SO"}, {"import": 0, "export": 0, "id": "ZA"}, {"import": 0, "export": 1400, "id": "BH"}, {"import": 0, "export": 750, "id": "GH"}, {"import": 0, "export": 0, "id": "IR"}, {"import": 0, "export": 0, "id": "JO"}, {"import": 0, "export": 2750, "id": "KW"}], "world_import": 65203, "world_export": 15328}, {"date": "2019-10-01", "list": [{"import": 110700, "export": 0, "id": "PK"}, {"import": 21914, "export": 0, "id": "IN"}, {"import": 0, "export": 0, "id": "US"}, {"import": 0, "export": 0, "id": "LK"}, {"import": 195, "export": 0, "id": "IT"}, {"import": 0, "export": 0, "id": "GB"}, {"import": 0, "export": 0, "id": "JP"}, {"import": 0, "export": 0, "id": "CN"}, {"import": 0, "export": 0, "id": "BE"}, {"import": 0, "export": 0, "id": "CA"}, {"import": 0, "export": 0, "id": "TH"}, {"import": 0, "export": 0, "id": "TR"}, {"import": 0, "export": 0, "id": "UG"}, {"import": 0, "export": 0, "id": "SN"}, {"import": 0, "export": 7930, "id": "YE"}, {"import": 0, "export": 0, "id": "AF"}, {"import": 0, "export": 0, "id": "MV"}, {"import": 0, "export": 0, "id": "SC"}, {"import": 0, "export": 0, "id": "OM"}, {"import": 0, "export": 7232, "id": "RW"}, {"import": 0, "export": 0, "id": "SA"}, {"import": 0, "export": 0, "id": "SO"}, {"import": 0, "export": 0, "id": "ZA"}, {"import": 0, "export": 800, "id": "BH"}, {"import": 0, "export": 0, "id": "GH"}, {"import": 0, "export": 0, "id": "IR"}, {"import": 0, "export": 0, "id": "JO"}, {"import": 0, "export": 1480, "id": "KW"}], "world_import": 132809, "world_export": 17442}]