[{"date": "2018-10-01", "list": [{"import": 26363, "export": 0, "id": "GR"}, {"import": 0, "export": 0, "id": "IT"}, {"import": 161, "export": 0, "id": "BG"}, {"import": 0, "export": 0, "id": "LK"}, {"import": 0, "export": 0, "id": "DE"}, {"import": 0, "export": 0, "id": "BE"}, {"import": 3050, "export": 0, "id": "LB"}, {"import": 0, "export": 0, "id": "TW"}, {"import": 639, "export": 0, "id": "NL"}, {"import": 1812, "export": 0, "id": "PK"}, {"import": 1995, "export": 0, "id": "PH"}, {"import": 0, "export": 0, "id": "TH"}, {"import": 731, "export": 0, "id": "GB"}], "world_import": 34751, "world_export": 0}, {"date": "2018-11-01", "list": [{"import": 38652, "export": 0, "id": "GR"}, {"import": 0, "export": 0, "id": "IT"}, {"import": 166, "export": 0, "id": "BG"}, {"import": 0, "export": 0, "id": "LK"}, {"import": 605, "export": 0, "id": "DE"}, {"import": 0, "export": 0, "id": "BE"}, {"import": 945, "export": 0, "id": "LB"}, {"import": 0, "export": 0, "id": "TW"}, {"import": 0, "export": 0, "id": "NL"}, {"import": 0, "export": 0, "id": "PK"}, {"import": 0, "export": 0, "id": "PH"}, {"import": 0, "export": 0, "id": "TH"}, {"import": 740, "export": 0, "id": "GB"}], "world_import": 41108, "world_export": 0}, {"date": "2018-12-01", "list": [{"import": 61847, "export": 0, "id": "GR"}, {"import": 0, "export": 0, "id": "IT"}, {"import": 814, "export": 0, "id": "BG"}, {"import": 2200, "export": 0, "id": "LK"}, {"import": 0, "export": 0, "id": "DE"}, {"import": 1276, "export": 0, "id": "BE"}, {"import": 0, "export": 0, "id": "LB"}, {"import": 0, "export": 0, "id": "TW"}, {"import": 0, "export": 0, "id": "NL"}, {"import": 0, "export": 0, "id": "PK"}, {"import": 0, "export": 0, "id": "PH"}, {"import": 0, "export": 0, "id": "TH"}, {"import": 287, "export": 0, "id": "GB"}], "world_import": 66424, "world_export": 0}, {"date": "2019-01-01", "list": [{"import": 0, "export": 0, "id": "GR"}, {"import": 0, "export": 0, "id": "IT"}, {"import": 0, "export": 0, "id": "BG"}, {"import": 0, "export": 0, "id": "LK"}, {"import": 0, "export": 0, "id": "DE"}, {"import": 1000, "export": 0, "id": "BE"}, {"import": 1600, "export": 0, "id": "LB"}, {"import": 0, "export": 0, "id": "TW"}, {"import": 513, "export": 0, "id": "NL"}, {"import": 0, "export": 0, "id": "PK"}, {"import": 0, "export": 0, "id": "PH"}, {"import": 0, "export": 0, "id": "TH"}, {"import": 976, "export": 0, "id": "GB"}], "world_import": 4089, "world_export": 0}, {"date": "2019-02-01", "list": [{"import": 28184, "export": 0, "id": "GR"}, {"import": 3280, "export": 0, "id": "IT"}, {"import": 144, "export": 0, "id": "BG"}, {"import": 0, "export": 0, "id": "LK"}, {"import": 0, "export": 0, "id": "DE"}, {"import": 3456, "export": 0, "id": "BE"}, {"import": 0, "export": 0, "id": "LB"}, {"import": 0, "export": 0, "id": "TW"}, {"import": 0, "export": 0, "id": "NL"}, {"import": 0, "export": 0, "id": "PK"}, {"import": 0, "export": 0, "id": "PH"}, {"import": 0, "export": 0, "id": "TH"}, {"import": 411, "export": 0, "id": "GB"}], "world_import": 35475, "world_export": 0}, {"date": "2019-03-01", "list": [{"import": 232, "export": 0, "id": "GR"}, {"import": 810, "export": 0, "id": "IT"}, {"import": 392, "export": 0, "id": "BG"}, {"import": 0, "export": 0, "id": "LK"}, {"import": 0, "export": 0, "id": "DE"}, {"import": 864, "export": 0, "id": "BE"}, {"import": 0, "export": 0, "id": "LB"}, {"import": 0, "export": 0, "id": "TW"}, {"import": 0, "export": 0, "id": "NL"}, {"import": 0, "export": 0, "id": "PK"}, {"import": 0, "export": 0, "id": "PH"}, {"import": 0, "export": 0, "id": "TH"}, {"import": 21811, "export": 0, "id": "GB"}], "world_import": 24109, "world_export": 0}, {"date": "2019-04-01", "list": [{"import": 106792, "export": 0, "id": "GR"}, {"import": 0, "export": 0, "id": "IT"}, {"import": 301, "export": 0, "id": "BG"}, {"import": 0, "export": 0, "id": "LK"}, {"import": 0, "export": 0, "id": "DE"}, {"import": 1728, "export": 0, "id": "BE"}, {"import": 0, "export": 0, "id": "LB"}, {"import": 0, "export": 0, "id": "TW"}, {"import": 0, "export": 0, "id": "NL"}, {"import": 0, "export": 0, "id": "PK"}, {"import": 0, "export": 0, "id": "PH"}, {"import": 0, "export": 0, "id": "TH"}, {"import": 716, "export": 0, "id": "GB"}], "world_import": 109537, "world_export": 0}, {"date": "2019-05-01", "list": [{"import": 349, "export": 0, "id": "GR"}, {"import": 0, "export": 0, "id": "IT"}, {"import": 205, "export": 0, "id": "BG"}, {"import": 1168, "export": 0, "id": "LK"}, {"import": 0, "export": 0, "id": "DE"}, {"import": 1519, "export": 0, "id": "BE"}, {"import": 0, "export": 0, "id": "LB"}, {"import": 0, "export": 0, "id": "TW"}, {"import": 0, "export": 0, "id": "NL"}, {"import": 0, "export": 0, "id": "PK"}, {"import": 0, "export": 0, "id": "PH"}, {"import": 0, "export": 0, "id": "TH"}, {"import": 4808, "export": 0, "id": "GB"}], "world_import": 8049, "world_export": 0}, {"date": "2019-06-01", "list": [{"import": 4022, "export": 0, "id": "GR"}, {"import": 6101, "export": 0, "id": "IT"}, {"import": 166, "export": 0, "id": "BG"}, {"import": 0, "export": 0, "id": "LK"}, {"import": 0, "export": 0, "id": "DE"}, {"import": 1831, "export": 0, "id": "BE"}, {"import": 0, "export": 0, "id": "LB"}, {"import": 0, "export": 0, "id": "TW"}, {"import": 0, "export": 0, "id": "NL"}, {"import": 0, "export": 0, "id": "PK"}, {"import": 0, "export": 0, "id": "PH"}, {"import": 0, "export": 0, "id": "TH"}, {"import": 122, "export": 0, "id": "GB"}], "world_import": 12242, "world_export": 0}, {"date": "2019-07-01", "list": [{"import": 308, "export": 0, "id": "GR"}, {"import": 0, "export": 0, "id": "IT"}, {"import": 520, "export": 0, "id": "BG"}, {"import": 0, "export": 0, "id": "LK"}, {"import": 128, "export": 0, "id": "DE"}, {"import": 0, "export": 0, "id": "BE"}, {"import": 0, "export": 0, "id": "LB"}, {"import": 1000, "export": 0, "id": "TW"}, {"import": 0, "export": 0, "id": "NL"}, {"import": 0, "export": 0, "id": "PK"}, {"import": 0, "export": 0, "id": "PH"}, {"import": 0, "export": 0, "id": "TH"}, {"import": 4994, "export": 0, "id": "GB"}], "world_import": 6950, "world_export": 0}, {"date": "2019-08-01", "list": [{"import": 1061, "export": 0, "id": "GR"}, {"import": 17944, "export": 0, "id": "IT"}, {"import": 422, "export": 0, "id": "BG"}, {"import": 0, "export": 0, "id": "LK"}, {"import": 0, "export": 0, "id": "DE"}, {"import": 1552, "export": 0, "id": "BE"}, {"import": 1600, "export": 0, "id": "LB"}, {"import": 0, "export": 0, "id": "TW"}, {"import": 0, "export": 0, "id": "NL"}, {"import": 0, "export": 0, "id": "PK"}, {"import": 0, "export": 0, "id": "PH"}, {"import": 0, "export": 0, "id": "TH"}, {"import": 281, "export": 0, "id": "GB"}], "world_import": 22860, "world_export": 0}, {"date": "2019-09-01", "list": [{"import": 0, "export": 0, "id": "GR"}, {"import": 0, "export": 0, "id": "IT"}, {"import": 364, "export": 0, "id": "BG"}, {"import": 1461, "export": 0, "id": "LK"}, {"import": 0, "export": 0, "id": "DE"}, {"import": 1275, "export": 0, "id": "BE"}, {"import": 0, "export": 0, "id": "LB"}, {"import": 0, "export": 0, "id": "TW"}, {"import": 378, "export": 0, "id": "NL"}, {"import": 0, "export": 0, "id": "PK"}, {"import": 0, "export": 0, "id": "PH"}, {"import": 0, "export": 0, "id": "TH"}, {"import": 658, "export": 0, "id": "GB"}], "world_import": 4136, "world_export": 0}, {"date": "2019-10-01", "list": [{"import": 2948, "export": 0, "id": "GR"}, {"import": 810, "export": 0, "id": "IT"}, {"import": 289, "export": 0, "id": "BG"}, {"import": 0, "export": 0, "id": "LK"}, {"import": 0, "export": 0, "id": "DE"}, {"import": 1984, "export": 0, "id": "BE"}, {"import": 0, "export": 0, "id": "LB"}, {"import": 0, "export": 0, "id": "TW"}, {"import": 0, "export": 0, "id": "NL"}, {"import": 0, "export": 0, "id": "PK"}, {"import": 0, "export": 0, "id": "PH"}, {"import": 0, "export": 0, "id": "TH"}, {"import": 647, "export": 0, "id": "GB"}], "world_import": 6678, "world_export": 0}, {"date": "2019-11-01", "list": [{"import": 54919, "export": 0, "id": "GR"}, {"import": 1600, "export": 0, "id": "IT"}, {"import": 188, "export": 0, "id": "BG"}, {"import": 0, "export": 0, "id": "LK"}, {"import": 0, "export": 0, "id": "DE"}, {"import": 1016, "export": 0, "id": "BE"}, {"import": 0, "export": 0, "id": "LB"}, {"import": 0, "export": 0, "id": "TW"}, {"import": 524, "export": 0, "id": "NL"}, {"import": 0, "export": 0, "id": "PK"}, {"import": 0, "export": 0, "id": "PH"}, {"import": 0, "export": 0, "id": "TH"}, {"import": 0, "export": 0, "id": "GB"}], "world_import": 58247, "world_export": 0}, {"date": "2019-12-01", "list": [{"import": 9017, "export": 0, "id": "GR"}, {"import": 0, "export": 0, "id": "IT"}, {"import": 450, "export": 0, "id": "BG"}, {"import": 2879, "export": 0, "id": "LK"}, {"import": 0, "export": 0, "id": "DE"}, {"import": 6016, "export": 0, "id": "BE"}, {"import": 0, "export": 0, "id": "LB"}, {"import": 0, "export": 0, "id": "TW"}, {"import": 240, "export": 0, "id": "NL"}, {"import": 0, "export": 0, "id": "PK"}, {"import": 0, "export": 0, "id": "PH"}, {"import": 1000, "export": 0, "id": "TH"}, {"import": 758, "export": 0, "id": "GB"}], "world_import": 20360, "world_export": 0}, {"date": "2020-01-01", "list": [{"import": 1355, "export": 0, "id": "GR"}, {"import": 20430, "export": 0, "id": "IT"}, {"import": 195, "export": 0, "id": "BG"}, {"import": 0, "export": 0, "id": "LK"}, {"import": 0, "export": 0, "id": "DE"}, {"import": 1290, "export": 0, "id": "BE"}, {"import": 0, "export": 0, "id": "LB"}, {"import": 0, "export": 0, "id": "TW"}, {"import": 0, "export": 0, "id": "NL"}, {"import": 0, "export": 0, "id": "PK"}, {"import": 0, "export": 0, "id": "PH"}, {"import": 0, "export": 0, "id": "TH"}, {"import": 24282, "export": 0, "id": "GB"}], "world_import": 47552, "world_export": 0}, {"date": "2020-02-01", "list": [{"import": 4153, "export": 0, "id": "GR"}, {"import": 840, "export": 0, "id": "IT"}, {"import": 679, "export": 0, "id": "BG"}, {"import": 0, "export": 0, "id": "LK"}, {"import": 0, "export": 0, "id": "DE"}, {"import": 0, "export": 0, "id": "BE"}, {"import": 0, "export": 0, "id": "LB"}, {"import": 0, "export": 0, "id": "TW"}, {"import": 0, "export": 0, "id": "NL"}, {"import": 0, "export": 0, "id": "PK"}, {"import": 0, "export": 0, "id": "PH"}, {"import": 0, "export": 0, "id": "TH"}, {"import": 705, "export": 0, "id": "GB"}], "world_import": 6377, "world_export": 0}, {"date": "2020-03-01", "list": [{"import": 9509, "export": 0, "id": "GR"}, {"import": 2430, "export": 0, "id": "IT"}, {"import": 217, "export": 0, "id": "BG"}, {"import": 0, "export": 0, "id": "LK"}, {"import": 0, "export": 0, "id": "DE"}, {"import": 1256, "export": 0, "id": "BE"}, {"import": 500, "export": 0, "id": "LB"}, {"import": 0, "export": 0, "id": "TW"}, {"import": 0, "export": 0, "id": "NL"}, {"import": 0, "export": 0, "id": "PK"}, {"import": 0, "export": 0, "id": "PH"}, {"import": 0, "export": 0, "id": "TH"}, {"import": 4729, "export": 0, "id": "GB"}], "world_import": 18641, "world_export": 0}]