[{"date": "2010-08-01", "list": [{"import": 34031, "export": 0, "id": "CN"}, {"import": 0, "export": 0, "id": "KI"}, {"import": 0, "export": 0, "id": "-"}, {"import": 0, "export": 0, "id": "NR"}, {"import": 0, "export": 0, "id": "VU"}, {"import": 0, "export": 0, "id": "TH"}], "world_import": 34031, "world_export": 0}, {"date": "2010-09-01", "list": [{"import": 69087, "export": 0, "id": "CN"}, {"import": 0, "export": 0, "id": "KI"}, {"import": 0, "export": 0, "id": "-"}, {"import": 0, "export": 0, "id": "NR"}, {"import": 0, "export": 0, "id": "VU"}, {"import": 0, "export": 0, "id": "TH"}], "world_import": 69087, "world_export": 0}, {"date": "2010-10-01", "list": [{"import": 95777, "export": 0, "id": "CN"}, {"import": 0, "export": 0, "id": "KI"}, {"import": 0, "export": 0, "id": "-"}, {"import": 0, "export": 0, "id": "NR"}, {"import": 0, "export": 0, "id": "VU"}, {"import": 0, "export": 0, "id": "TH"}], "world_import": 95777, "world_export": 0}, {"date": "2010-11-01", "list": [{"import": 21554, "export": 0, "id": "CN"}, {"import": 0, "export": 0, "id": "KI"}, {"import": 0, "export": 0, "id": "-"}, {"import": 0, "export": 0, "id": "NR"}, {"import": 0, "export": 0, "id": "VU"}, {"import": 0, "export": 0, "id": "TH"}], "world_import": 21554, "world_export": 0}, {"date": "2010-12-01", "list": [{"import": 86998, "export": 0, "id": "CN"}, {"import": 0, "export": 0, "id": "KI"}, {"import": 0, "export": 0, "id": "-"}, {"import": 0, "export": 0, "id": "NR"}, {"import": 0, "export": 0, "id": "VU"}, {"import": 0, "export": 0, "id": "TH"}], "world_import": 86998, "world_export": 0}, {"date": "2011-01-01", "list": [{"import": 0, "export": 0, "id": "CN"}, {"import": 0, "export": 0, "id": "KI"}, {"import": 0, "export": 0, "id": "-"}, {"import": 0, "export": 0, "id": "NR"}, {"import": 0, "export": 8460, "id": "VU"}, {"import": 0, "export": 0, "id": "TH"}], "world_import": 0, "world_export": 8460}, {"date": "2011-02-01", "list": [{"import": 0, "export": 0, "id": "CN"}, {"import": 0, "export": 0, "id": "KI"}, {"import": 0, "export": 0, "id": "-"}, {"import": 0, "export": 2950, "id": "NR"}, {"import": 0, "export": 0, "id": "VU"}, {"import": 109989, "export": 0, "id": "TH"}], "world_import": 109989, "world_export": 2950}, {"date": "2011-03-01", "list": [{"import": 0, "export": 0, "id": "CN"}, {"import": 0, "export": 4133, "id": "KI"}, {"import": 0, "export": 0, "id": "-"}, {"import": 0, "export": 1300, "id": "NR"}, {"import": 0, "export": 0, "id": "VU"}, {"import": 112, "export": 0, "id": "TH"}], "world_import": 112, "world_export": 5433}, {"date": "2011-04-01", "list": [{"import": 40000, "export": 0, "id": "CN"}, {"import": 0, "export": 0, "id": "KI"}, {"import": 0, "export": 0, "id": "-"}, {"import": 0, "export": 0, "id": "NR"}, {"import": 0, "export": 0, "id": "VU"}, {"import": 50, "export": 0, "id": "TH"}], "world_import": 40050, "world_export": 0}, {"date": "2011-05-01", "list": [{"import": 309250, "export": 0, "id": "CN"}, {"import": 0, "export": 0, "id": "KI"}, {"import": 0, "export": 0, "id": "-"}, {"import": 0, "export": 0, "id": "NR"}, {"import": 0, "export": 0, "id": "VU"}, {"import": 50, "export": 0, "id": "TH"}], "world_import": 309300, "world_export": 0}, {"date": "2011-06-01", "list": [{"import": 0, "export": 0, "id": "CN"}, {"import": 0, "export": 0, "id": "KI"}, {"import": 0, "export": 0, "id": "-"}, {"import": 0, "export": 4000, "id": "NR"}, {"import": 0, "export": 0, "id": "VU"}, {"import": 201, "export": 0, "id": "TH"}], "world_import": 201, "world_export": 4000}, {"date": "2011-07-01", "list": [{"import": 5800, "export": 0, "id": "CN"}, {"import": 0, "export": 0, "id": "KI"}, {"import": 0, "export": 0, "id": "-"}, {"import": 0, "export": 0, "id": "NR"}, {"import": 0, "export": 0, "id": "VU"}, {"import": 0, "export": 0, "id": "TH"}], "world_import": 5800, "world_export": 0}, {"date": "2011-08-01", "list": [{"import": 0, "export": 0, "id": "CN"}, {"import": 0, "export": 0, "id": "KI"}, {"import": 0, "export": 0, "id": "-"}, {"import": 0, "export": 0, "id": "NR"}, {"import": 0, "export": 0, "id": "VU"}, {"import": 0, "export": 0, "id": "TH"}], "world_import": 0, "world_export": 0}, {"date": "2011-09-01", "list": [{"import": 23781, "export": 0, "id": "CN"}, {"import": 0, "export": 0, "id": "KI"}, {"import": 0, "export": 0, "id": "-"}, {"import": 0, "export": 0, "id": "NR"}, {"import": 0, "export": 0, "id": "VU"}, {"import": 100, "export": 0, "id": "TH"}], "world_import": 23881, "world_export": 0}, {"date": "2011-10-01", "list": [{"import": 40458, "export": 0, "id": "CN"}, {"import": 0, "export": 0, "id": "KI"}, {"import": 114120, "export": 0, "id": "-"}, {"import": 0, "export": 0, "id": "NR"}, {"import": 0, "export": 0, "id": "VU"}, {"import": 0, "export": 0, "id": "TH"}], "world_import": 154578, "world_export": 0}, {"date": "2011-11-01", "list": [{"import": 54931, "export": 0, "id": "CN"}, {"import": 0, "export": 0, "id": "KI"}, {"import": 0, "export": 0, "id": "-"}, {"import": 0, "export": 2000, "id": "NR"}, {"import": 0, "export": 0, "id": "VU"}, {"import": 0, "export": 0, "id": "TH"}], "world_import": 54931, "world_export": 2000}, {"date": "2011-12-01", "list": [{"import": 58028, "export": 0, "id": "CN"}, {"import": 0, "export": 0, "id": "KI"}, {"import": 0, "export": 0, "id": "-"}, {"import": 0, "export": 0, "id": "NR"}, {"import": 0, "export": 0, "id": "VU"}, {"import": 0, "export": 0, "id": "TH"}], "world_import": 58028, "world_export": 0}, {"date": "2012-01-01", "list": [{"import": 0, "export": 0, "id": "CN"}, {"import": 0, "export": 0, "id": "KI"}, {"import": 0, "export": 0, "id": "-"}, {"import": 0, "export": 15000, "id": "NR"}, {"import": 0, "export": 0, "id": "VU"}, {"import": 0, "export": 0, "id": "TH"}], "world_import": 0, "world_export": 15000}]