[{"date": "2019-09-01", "list": [{"import": 1280, "export": 0, "id": "BR"}], "world_import": 1280, "world_export": 0}, {"date": "2019-10-01", "list": [{"import": 760, "export": 0, "id": "BR"}], "world_import": 760, "world_export": 0}, {"date": "2019-11-01", "list": [{"import": 870, "export": 0, "id": "BR"}], "world_import": 870, "world_export": 0}, {"date": "2019-12-01", "list": [{"import": 595, "export": 0, "id": "BR"}, {"import": 1000, "export": 0, "id": "MZ"}], "world_import": 1595, "world_export": 0}, {"date": "2020-01-01", "list": [{"import": 950, "export": 0, "id": "BR"}], "world_import": 950, "world_export": 0}, {"date": "2020-02-01", "list": [{"import": 870, "export": 0, "id": "BR"}], "world_import": 870, "world_export": 0}, {"date": "2020-03-01", "list": [{"import": 750, "export": 0, "id": "BR"}], "world_import": 750, "world_export": 0}, {"date": "2020-04-01", "list": [{"import": 513, "export": 0, "id": "BR"}, {"import": 425, "export": 0, "id": "TR"}], "world_import": 938, "world_export": 0}, {"date": "2020-05-01", "list": [{"import": 2549, "export": 0, "id": "BR"}, {"import": 600, "export": 0, "id": "TR"}], "world_import": 3149, "world_export": 0}, {"date": "2020-06-01", "list": [{"import": 1410, "export": 0, "id": "BR"}], "world_import": 1410, "world_export": 0}]