[{"date": "2019-03-01", "list": [{"import": 398, "export": 0, "id": "FR"}], "world_import": 398, "world_export": 0}, {"date": "2019-07-01", "list": [{"import": 2271, "export": 0, "id": "FR"}], "world_import": 2271, "world_export": 0}, {"date": "2019-09-01", "list": [{"import": 1006, "export": 0, "id": "FR"}], "world_import": 1006, "world_export": 0}, {"date": "2019-10-01", "list": [{"import": 273, "export": 0, "id": "FR"}], "world_import": 273, "world_export": 0}, {"date": "2020-05-01", "list": [{"import": 763, "export": 0, "id": "TR"}], "world_import": 763, "world_export": 0}]