[{"date": "2014-05-01", "list": [{"import": 91672, "export": 0, "id": "IN"}, {"import": 0, "export": 0, "id": "DE"}, {"import": 26775, "export": 0, "id": "PK"}, {"import": 0, "export": 0, "id": "TH"}, {"import": 0, "export": 0, "id": "TR"}, {"import": 0, "export": 0, "id": "EG"}, {"import": 0, "export": 0, "id": "US"}, {"import": 0, "export": 0, "id": "AU"}, {"import": 0, "export": 0, "id": "LK"}, {"import": 0, "export": 0, "id": "CN"}], "world_import": 118447, "world_export": 0}, {"date": "2014-06-01", "list": [{"import": 63608, "export": 0, "id": "IN"}, {"import": 0, "export": 0, "id": "DE"}, {"import": 25000, "export": 0, "id": "PK"}, {"import": 6550, "export": 0, "id": "TH"}, {"import": 0, "export": 0, "id": "TR"}, {"import": 12500, "export": 0, "id": "EG"}, {"import": 0, "export": 0, "id": "US"}, {"import": 0, "export": 0, "id": "AU"}, {"import": 0, "export": 0, "id": "LK"}, {"import": 0, "export": 0, "id": "CN"}], "world_import": 107658, "world_export": 0}, {"date": "2014-07-01", "list": [{"import": 36000, "export": 0, "id": "IN"}, {"import": 0, "export": 0, "id": "DE"}, {"import": 25000, "export": 0, "id": "PK"}, {"import": 0, "export": 0, "id": "TH"}, {"import": 0, "export": 0, "id": "TR"}, {"import": 0, "export": 0, "id": "EG"}, {"import": 0, "export": 0, "id": "US"}, {"import": 0, "export": 0, "id": "AU"}, {"import": 0, "export": 0, "id": "LK"}, {"import": 0, "export": 0, "id": "CN"}], "world_import": 61000, "world_export": 0}, {"date": "2014-08-01", "list": [{"import": 77905, "export": 0, "id": "IN"}, {"import": 0, "export": 0, "id": "DE"}, {"import": 0, "export": 0, "id": "PK"}, {"import": 12500, "export": 0, "id": "TH"}, {"import": 0, "export": 0, "id": "TR"}, {"import": 0, "export": 0, "id": "EG"}, {"import": 0, "export": 0, "id": "US"}, {"import": 0, "export": 0, "id": "AU"}, {"import": 0, "export": 0, "id": "LK"}, {"import": 0, "export": 0, "id": "CN"}], "world_import": 90405, "world_export": 0}, {"date": "2014-09-01", "list": [{"import": 27025, "export": 0, "id": "IN"}, {"import": 0, "export": 0, "id": "DE"}, {"import": 0, "export": 0, "id": "PK"}, {"import": 0, "export": 0, "id": "TH"}, {"import": 0, "export": 0, "id": "TR"}, {"import": 0, "export": 0, "id": "EG"}, {"import": 0, "export": 0, "id": "US"}, {"import": 0, "export": 0, "id": "AU"}, {"import": 0, "export": 0, "id": "LK"}, {"import": 0, "export": 0, "id": "CN"}], "world_import": 27025, "world_export": 0}, {"date": "2014-10-01", "list": [{"import": 17400, "export": 0, "id": "IN"}, {"import": 0, "export": 0, "id": "DE"}, {"import": 0, "export": 0, "id": "PK"}, {"import": 0, "export": 0, "id": "TH"}, {"import": 0, "export": 0, "id": "TR"}, {"import": 0, "export": 0, "id": "EG"}, {"import": 0, "export": 0, "id": "US"}, {"import": 0, "export": 0, "id": "AU"}, {"import": 0, "export": 0, "id": "LK"}, {"import": 0, "export": 0, "id": "CN"}], "world_import": 17400, "world_export": 0}, {"date": "2014-11-01", "list": [{"import": 65500, "export": 0, "id": "IN"}, {"import": 0, "export": 0, "id": "DE"}, {"import": 0, "export": 0, "id": "PK"}, {"import": 0, "export": 0, "id": "TH"}, {"import": 870, "export": 0, "id": "TR"}, {"import": 0, "export": 0, "id": "EG"}, {"import": 0, "export": 0, "id": "US"}, {"import": 0, "export": 0, "id": "AU"}, {"import": 0, "export": 0, "id": "LK"}, {"import": 0, "export": 0, "id": "CN"}], "world_import": 66370, "world_export": 0}, {"date": "2014-12-01", "list": [{"import": 124009, "export": 0, "id": "IN"}, {"import": 0, "export": 0, "id": "DE"}, {"import": 0, "export": 0, "id": "PK"}, {"import": 0, "export": 0, "id": "TH"}, {"import": 0, "export": 0, "id": "TR"}, {"import": 0, "export": 0, "id": "EG"}, {"import": 0, "export": 0, "id": "US"}, {"import": 0, "export": 0, "id": "AU"}, {"import": 0, "export": 0, "id": "LK"}, {"import": 0, "export": 0, "id": "CN"}], "world_import": 124009, "world_export": 0}, {"date": "2015-01-01", "list": [{"import": 19200, "export": 0, "id": "IN"}, {"import": 0, "export": 0, "id": "DE"}, {"import": 0, "export": 0, "id": "PK"}, {"import": 6000, "export": 0, "id": "TH"}, {"import": 0, "export": 0, "id": "TR"}, {"import": 0, "export": 0, "id": "EG"}, {"import": 0, "export": 0, "id": "US"}, {"import": 0, "export": 0, "id": "AU"}, {"import": 0, "export": 0, "id": "LK"}, {"import": 0, "export": 0, "id": "CN"}], "world_import": 25200, "world_export": 0}, {"date": "2015-02-01", "list": [{"import": 12000, "export": 0, "id": "IN"}, {"import": 78, "export": 0, "id": "DE"}, {"import": 0, "export": 0, "id": "PK"}, {"import": 0, "export": 0, "id": "TH"}, {"import": 0, "export": 0, "id": "TR"}, {"import": 0, "export": 0, "id": "EG"}, {"import": 0, "export": 0, "id": "US"}, {"import": 0, "export": 0, "id": "AU"}, {"import": 0, "export": 0, "id": "LK"}, {"import": 0, "export": 0, "id": "CN"}], "world_import": 12078, "world_export": 0}, {"date": "2015-03-01", "list": [{"import": 90054, "export": 0, "id": "IN"}, {"import": 0, "export": 0, "id": "DE"}, {"import": 0, "export": 0, "id": "PK"}, {"import": 0, "export": 0, "id": "TH"}, {"import": 400, "export": 0, "id": "TR"}, {"import": 0, "export": 0, "id": "EG"}, {"import": 0, "export": 0, "id": "US"}, {"import": 0, "export": 0, "id": "AU"}, {"import": 0, "export": 0, "id": "LK"}, {"import": 0, "export": 0, "id": "CN"}], "world_import": 90454, "world_export": 0}, {"date": "2015-04-01", "list": [{"import": 7125, "export": 0, "id": "IN"}, {"import": 102, "export": 0, "id": "DE"}, {"import": 0, "export": 0, "id": "PK"}, {"import": 0, "export": 0, "id": "TH"}, {"import": 0, "export": 0, "id": "TR"}, {"import": 0, "export": 0, "id": "EG"}, {"import": 808, "export": 0, "id": "US"}, {"import": 0, "export": 0, "id": "AU"}, {"import": 0, "export": 0, "id": "LK"}, {"import": 0, "export": 0, "id": "CN"}], "world_import": 8035, "world_export": 0}, {"date": "2015-05-01", "list": [{"import": 23000, "export": 0, "id": "IN"}, {"import": 0, "export": 0, "id": "DE"}, {"import": 0, "export": 0, "id": "PK"}, {"import": 0, "export": 0, "id": "TH"}, {"import": 0, "export": 0, "id": "TR"}, {"import": 0, "export": 0, "id": "EG"}, {"import": 0, "export": 0, "id": "US"}, {"import": 0, "export": 0, "id": "AU"}, {"import": 0, "export": 0, "id": "LK"}, {"import": 0, "export": 0, "id": "CN"}], "world_import": 23000, "world_export": 0}, {"date": "2015-06-01", "list": [{"import": 75043, "export": 0, "id": "IN"}, {"import": 0, "export": 0, "id": "DE"}, {"import": 0, "export": 0, "id": "PK"}, {"import": 0, "export": 0, "id": "TH"}, {"import": 0, "export": 0, "id": "TR"}, {"import": 0, "export": 0, "id": "EG"}, {"import": 2108, "export": 0, "id": "US"}, {"import": 0, "export": 0, "id": "AU"}, {"import": 0, "export": 0, "id": "LK"}, {"import": 0, "export": 0, "id": "CN"}], "world_import": 77151, "world_export": 0}, {"date": "2015-07-01", "list": [{"import": 27113, "export": 0, "id": "IN"}, {"import": 135, "export": 0, "id": "DE"}, {"import": 0, "export": 0, "id": "PK"}, {"import": 0, "export": 0, "id": "TH"}, {"import": 0, "export": 0, "id": "TR"}, {"import": 0, "export": 0, "id": "EG"}, {"import": 0, "export": 0, "id": "US"}, {"import": 0, "export": 0, "id": "AU"}, {"import": 0, "export": 0, "id": "LK"}, {"import": 0, "export": 0, "id": "CN"}], "world_import": 27248, "world_export": 0}, {"date": "2015-08-01", "list": [{"import": 90646, "export": 0, "id": "IN"}, {"import": 0, "export": 0, "id": "DE"}, {"import": 0, "export": 0, "id": "PK"}, {"import": 0, "export": 0, "id": "TH"}, {"import": 0, "export": 0, "id": "TR"}, {"import": 0, "export": 0, "id": "EG"}, {"import": 0, "export": 0, "id": "US"}, {"import": 2605, "export": 0, "id": "AU"}, {"import": 0, "export": 0, "id": "LK"}, {"import": 0, "export": 0, "id": "CN"}], "world_import": 93251, "world_export": 0}, {"date": "2015-09-01", "list": [{"import": 59864, "export": 0, "id": "IN"}, {"import": 0, "export": 0, "id": "DE"}, {"import": 0, "export": 0, "id": "PK"}, {"import": 0, "export": 0, "id": "TH"}, {"import": 0, "export": 0, "id": "TR"}, {"import": 0, "export": 0, "id": "EG"}, {"import": 0, "export": 0, "id": "US"}, {"import": 0, "export": 0, "id": "AU"}, {"import": 0, "export": 0, "id": "LK"}, {"import": 0, "export": 0, "id": "CN"}], "world_import": 59864, "world_export": 0}, {"date": "2015-10-01", "list": [{"import": 0, "export": 0, "id": "IN"}, {"import": 0, "export": 0, "id": "DE"}, {"import": 0, "export": 0, "id": "PK"}, {"import": 0, "export": 0, "id": "TH"}, {"import": 0, "export": 0, "id": "TR"}, {"import": 0, "export": 0, "id": "EG"}, {"import": 0, "export": 0, "id": "US"}, {"import": 0, "export": 0, "id": "AU"}, {"import": 4365, "export": 0, "id": "LK"}, {"import": 0, "export": 0, "id": "CN"}], "world_import": 4365, "world_export": 0}]