[{"date": "2018-12-01", "list": [{"import": 5698381, "export": 0, "id": "TH"}, {"import": 3980037, "export": 0, "id": "IN"}, {"import": 1026235, "export": 0, "id": "VN"}, {"import": 1685807, "export": 0, "id": "KH"}, {"import": 1075197, "export": 0, "id": "PK"}, {"import": 426359, "export": 0, "id": "IT"}, {"import": 722167, "export": 0, "id": "US"}, {"import": 121340, "export": 0, "id": "CN"}, {"import": 105687, "export": 0, "id": "ES"}, {"import": 0, "export": 0, "id": "SG"}, {"import": 26856, "export": 0, "id": "TW"}, {"import": 0, "export": 0, "id": "UY"}, {"import": 5875, "export": 0, "id": "LK"}, {"import": 40926, "export": 0, "id": "JP"}, {"import": 8000, "export": 0, "id": "BD"}, {"import": 0, "export": 0, "id": "LA"}, {"import": 6540, "export": 0, "id": "KR"}, {"import": 6000, "export": 0, "id": "IR"}, {"import": 0, "export": 15211, "id": "-"}, {"import": 0, "export": 0, "id": "GB"}, {"import": 0, "export": 0, "id": "GR"}, {"import": 0, "export": 0, "id": "NZ"}, {"import": 0, "export": 0, "id": "SA"}, {"import": 3520, "export": 0, "id": "MY"}, {"import": 1000, "export": 0, "id": "NP"}, {"import": 0, "export": 0, "id": "ZA"}, {"import": 0, "export": 0, "id": "AE"}, {"import": 0, "export": 0, "id": "TR"}, {"import": 0, "export": 0, "id": "MK"}, {"import": 0, "export": 0, "id": "JO"}, {"import": 0, "export": 0, "id": "ID"}, {"import": 0, "export": 0, "id": "BE"}, {"import": 0, "export": 0, "id": "MM"}, {"import": 0, "export": 0, "id": "AU"}, {"import": 0, "export": 0, "id": "FJ"}, {"import": 0, "export": 0, "id": "FR"}, {"import": 0, "export": 0, "id": "GH"}], "world_import": 14939927, "world_export": 15211}, {"date": "2019-01-01", "list": [{"import": 7335241, "export": 0, "id": "TH"}, {"import": 3988124, "export": 0, "id": "IN"}, {"import": 1058840, "export": 0, "id": "VN"}, {"import": 2392720, "export": 0, "id": "KH"}, {"import": 1233330, "export": 0, "id": "PK"}, {"import": 442581, "export": 0, "id": "IT"}, {"import": 825442, "export": 0, "id": "US"}, {"import": 225800, "export": 0, "id": "CN"}, {"import": 142623, "export": 0, "id": "ES"}, {"import": 57960, "export": 0, "id": "SG"}, {"import": 38866, "export": 0, "id": "TW"}, {"import": 0, "export": 0, "id": "UY"}, {"import": 35820, "export": 0, "id": "LK"}, {"import": 92933, "export": 0, "id": "JP"}, {"import": 22598, "export": 0, "id": "BD"}, {"import": 0, "export": 0, "id": "LA"}, {"import": 44950, "export": 0, "id": "KR"}, {"import": 11900, "export": 0, "id": "IR"}, {"import": 0, "export": 20958, "id": "-"}, {"import": 0, "export": 0, "id": "GB"}, {"import": 1440, "export": 0, "id": "GR"}, {"import": 0, "export": 0, "id": "NZ"}, {"import": 0, "export": 0, "id": "SA"}, {"import": 0, "export": 0, "id": "MY"}, {"import": 0, "export": 0, "id": "NP"}, {"import": 0, "export": 0, "id": "ZA"}, {"import": 0, "export": 0, "id": "AE"}, {"import": 0, "export": 0, "id": "TR"}, {"import": 0, "export": 0, "id": "MK"}, {"import": 0, "export": 0, "id": "JO"}, {"import": 0, "export": 0, "id": "ID"}, {"import": 18536, "export": 0, "id": "BE"}, {"import": 0, "export": 0, "id": "MM"}, {"import": 0, "export": 0, "id": "AU"}, {"import": 0, "export": 0, "id": "FJ"}, {"import": 0, "export": 0, "id": "FR"}, {"import": 0, "export": 0, "id": "GH"}], "world_import": 17969704, "world_export": 20958}, {"date": "2019-02-01", "list": [{"import": 5008442, "export": 0, "id": "TH"}, {"import": 3706570, "export": 0, "id": "IN"}, {"import": 1165912, "export": 0, "id": "VN"}, {"import": 1115285, "export": 0, "id": "KH"}, {"import": 1028726, "export": 0, "id": "PK"}, {"import": 247844, "export": 0, "id": "IT"}, {"import": 663740, "export": 0, "id": "US"}, {"import": 90552, "export": 0, "id": "CN"}, {"import": 48477, "export": 0, "id": "ES"}, {"import": 0, "export": 0, "id": "SG"}, {"import": 39000, "export": 0, "id": "TW"}, {"import": 0, "export": 0, "id": "UY"}, {"import": 55059, "export": 0, "id": "LK"}, {"import": 123232, "export": 0, "id": "JP"}, {"import": 36400, "export": 0, "id": "BD"}, {"import": 0, "export": 0, "id": "LA"}, {"import": 36940, "export": 0, "id": "KR"}, {"import": 0, "export": 0, "id": "IR"}, {"import": 20820, "export": 14441, "id": "-"}, {"import": 21000, "export": 0, "id": "GB"}, {"import": 0, "export": 0, "id": "GR"}, {"import": 0, "export": 0, "id": "NZ"}, {"import": 18700, "export": 0, "id": "SA"}, {"import": 0, "export": 0, "id": "MY"}, {"import": 0, "export": 0, "id": "NP"}, {"import": 0, "export": 0, "id": "ZA"}, {"import": 0, "export": 0, "id": "AE"}, {"import": 0, "export": 0, "id": "TR"}, {"import": 0, "export": 0, "id": "MK"}, {"import": 0, "export": 0, "id": "JO"}, {"import": 1000, "export": 0, "id": "ID"}, {"import": 0, "export": 0, "id": "BE"}, {"import": 0, "export": 0, "id": "MM"}, {"import": 0, "export": 0, "id": "AU"}, {"import": 0, "export": 0, "id": "FJ"}, {"import": 0, "export": 0, "id": "FR"}, {"import": 0, "export": 0, "id": "GH"}], "world_import": 13427699, "world_export": 14441}, {"date": "2019-03-01", "list": [{"import": 4167133, "export": 0, "id": "TH"}, {"import": 2475489, "export": 0, "id": "IN"}, {"import": 780655, "export": 0, "id": "VN"}, {"import": 828615, "export": 0, "id": "KH"}, {"import": 1261004, "export": 0, "id": "PK"}, {"import": 292661, "export": 0, "id": "IT"}, {"import": 689502, "export": 0, "id": "US"}, {"import": 66290, "export": 0, "id": "CN"}, {"import": 154073, "export": 0, "id": "ES"}, {"import": 0, "export": 0, "id": "SG"}, {"import": 31000, "export": 0, "id": "TW"}, {"import": 0, "export": 0, "id": "UY"}, {"import": 44324, "export": 0, "id": "LK"}, {"import": 99148, "export": 0, "id": "JP"}, {"import": 74243, "export": 0, "id": "BD"}, {"import": 0, "export": 0, "id": "LA"}, {"import": 36930, "export": 0, "id": "KR"}, {"import": 0, "export": 0, "id": "IR"}, {"import": 0, "export": 12147, "id": "-"}, {"import": 0, "export": 0, "id": "GB"}, {"import": 0, "export": 0, "id": "GR"}, {"import": 0, "export": 0, "id": "NZ"}, {"import": 0, "export": 0, "id": "SA"}, {"import": 0, "export": 0, "id": "MY"}, {"import": 2295, "export": 0, "id": "NP"}, {"import": 0, "export": 0, "id": "ZA"}, {"import": 20000, "export": 0, "id": "AE"}, {"import": 1116, "export": 0, "id": "TR"}, {"import": 0, "export": 0, "id": "MK"}, {"import": 0, "export": 0, "id": "JO"}, {"import": 0, "export": 0, "id": "ID"}, {"import": 17701, "export": 0, "id": "BE"}, {"import": 2500, "export": 0, "id": "MM"}, {"import": 0, "export": 0, "id": "AU"}, {"import": 2950, "export": 0, "id": "FJ"}, {"import": 0, "export": 0, "id": "FR"}, {"import": 0, "export": 0, "id": "GH"}], "world_import": 11047629, "world_export": 12147}, {"date": "2019-04-01", "list": [{"import": 4415663, "export": 0, "id": "TH"}, {"import": 4116729, "export": 0, "id": "IN"}, {"import": 1176920, "export": 0, "id": "VN"}, {"import": 824165, "export": 0, "id": "KH"}, {"import": 861640, "export": 0, "id": "PK"}, {"import": 350151, "export": 0, "id": "IT"}, {"import": 747685, "export": 0, "id": "US"}, {"import": 47975, "export": 0, "id": "CN"}, {"import": 78260, "export": 0, "id": "ES"}, {"import": 0, "export": 0, "id": "SG"}, {"import": 146320, "export": 0, "id": "TW"}, {"import": 0, "export": 0, "id": "UY"}, {"import": 49840, "export": 0, "id": "LK"}, {"import": 371492, "export": 0, "id": "JP"}, {"import": 56720, "export": 0, "id": "BD"}, {"import": 0, "export": 0, "id": "LA"}, {"import": 24556, "export": 0, "id": "KR"}, {"import": 10000, "export": 0, "id": "IR"}, {"import": 0, "export": 14329, "id": "-"}, {"import": 1792, "export": 0, "id": "GB"}, {"import": 0, "export": 0, "id": "GR"}, {"import": 0, "export": 0, "id": "NZ"}, {"import": 0, "export": 0, "id": "SA"}, {"import": 0, "export": 0, "id": "MY"}, {"import": 1490, "export": 0, "id": "NP"}, {"import": 0, "export": 0, "id": "ZA"}, {"import": 0, "export": 0, "id": "AE"}, {"import": 2730, "export": 0, "id": "TR"}, {"import": 0, "export": 0, "id": "MK"}, {"import": 0, "export": 0, "id": "JO"}, {"import": 0, "export": 0, "id": "ID"}, {"import": 0, "export": 0, "id": "BE"}, {"import": 0, "export": 0, "id": "MM"}, {"import": 0, "export": 0, "id": "AU"}, {"import": 0, "export": 0, "id": "FJ"}, {"import": 189, "export": 0, "id": "FR"}, {"import": 0, "export": 0, "id": "GH"}], "world_import": 13284317, "world_export": 14329}, {"date": "2019-05-01", "list": [{"import": 4708821, "export": 0, "id": "TH"}, {"import": 4408300, "export": 0, "id": "IN"}, {"import": 939457, "export": 0, "id": "VN"}, {"import": 1287361, "export": 0, "id": "KH"}, {"import": 1188235, "export": 0, "id": "PK"}, {"import": 326889, "export": 0, "id": "IT"}, {"import": 731600, "export": 0, "id": "US"}, {"import": 307017, "export": 0, "id": "CN"}, {"import": 119925, "export": 0, "id": "ES"}, {"import": 0, "export": 0, "id": "SG"}, {"import": 445744, "export": 0, "id": "TW"}, {"import": 0, "export": 0, "id": "UY"}, {"import": 35377, "export": 0, "id": "LK"}, {"import": 41077, "export": 0, "id": "JP"}, {"import": 29800, "export": 0, "id": "BD"}, {"import": 0, "export": 0, "id": "LA"}, {"import": 21350, "export": 0, "id": "KR"}, {"import": 8895, "export": 0, "id": "IR"}, {"import": 0, "export": 8879, "id": "-"}, {"import": 0, "export": 0, "id": "GB"}, {"import": 0, "export": 0, "id": "GR"}, {"import": 0, "export": 0, "id": "NZ"}, {"import": 0, "export": 0, "id": "SA"}, {"import": 0, "export": 0, "id": "MY"}, {"import": 0, "export": 0, "id": "NP"}, {"import": 0, "export": 0, "id": "ZA"}, {"import": 13200, "export": 0, "id": "AE"}, {"import": 4000, "export": 0, "id": "TR"}, {"import": 0, "export": 0, "id": "MK"}, {"import": 0, "export": 0, "id": "JO"}, {"import": 0, "export": 0, "id": "ID"}, {"import": 0, "export": 0, "id": "BE"}, {"import": 0, "export": 0, "id": "MM"}, {"import": 0, "export": 0, "id": "AU"}, {"import": 1200, "export": 0, "id": "FJ"}, {"import": 0, "export": 0, "id": "FR"}, {"import": 0, "export": 0, "id": "GH"}], "world_import": 14618248, "world_export": 8879}, {"date": "2019-06-01", "list": [{"import": 4928885, "export": 0, "id": "TH"}, {"import": 4760101, "export": 0, "id": "IN"}, {"import": 958109, "export": 0, "id": "VN"}, {"import": 1116850, "export": 0, "id": "KH"}, {"import": 1348939, "export": 0, "id": "PK"}, {"import": 599096, "export": 0, "id": "IT"}, {"import": 591399, "export": 0, "id": "US"}, {"import": 166432, "export": 0, "id": "CN"}, {"import": 121183, "export": 0, "id": "ES"}, {"import": 0, "export": 0, "id": "SG"}, {"import": 155500, "export": 0, "id": "TW"}, {"import": 0, "export": 0, "id": "UY"}, {"import": 58390, "export": 0, "id": "LK"}, {"import": 95211, "export": 0, "id": "JP"}, {"import": 17500, "export": 0, "id": "BD"}, {"import": 0, "export": 0, "id": "LA"}, {"import": 54812, "export": 0, "id": "KR"}, {"import": 0, "export": 0, "id": "IR"}, {"import": 0, "export": 7949, "id": "-"}, {"import": 0, "export": 0, "id": "GB"}, {"import": 0, "export": 0, "id": "GR"}, {"import": 0, "export": 0, "id": "NZ"}, {"import": 0, "export": 0, "id": "SA"}, {"import": 0, "export": 0, "id": "MY"}, {"import": 0, "export": 0, "id": "NP"}, {"import": 0, "export": 0, "id": "ZA"}, {"import": 8000, "export": 0, "id": "AE"}, {"import": 0, "export": 0, "id": "TR"}, {"import": 0, "export": 0, "id": "MK"}, {"import": 0, "export": 0, "id": "JO"}, {"import": 0, "export": 0, "id": "ID"}, {"import": 0, "export": 0, "id": "BE"}, {"import": 0, "export": 0, "id": "MM"}, {"import": 63000, "export": 0, "id": "AU"}, {"import": 0, "export": 0, "id": "FJ"}, {"import": 0, "export": 0, "id": "FR"}, {"import": 0, "export": 0, "id": "GH"}], "world_import": 15043407, "world_export": 7949}, {"date": "2019-07-01", "list": [{"import": 6423944, "export": 0, "id": "TH"}, {"import": 4478275, "export": 0, "id": "IN"}, {"import": 1893646, "export": 0, "id": "VN"}, {"import": 1947335, "export": 0, "id": "KH"}, {"import": 1257000, "export": 0, "id": "PK"}, {"import": 414458, "export": 0, "id": "IT"}, {"import": 838972, "export": 0, "id": "US"}, {"import": 159271, "export": 0, "id": "CN"}, {"import": 257519, "export": 0, "id": "ES"}, {"import": 0, "export": 0, "id": "SG"}, {"import": 0, "export": 0, "id": "TW"}, {"import": 0, "export": 0, "id": "UY"}, {"import": 56565, "export": 0, "id": "LK"}, {"import": 107521, "export": 0, "id": "JP"}, {"import": 38100, "export": 0, "id": "BD"}, {"import": 0, "export": 0, "id": "LA"}, {"import": 24940, "export": 0, "id": "KR"}, {"import": 6180, "export": 0, "id": "IR"}, {"import": 0, "export": 6566, "id": "-"}, {"import": 0, "export": 0, "id": "GB"}, {"import": 0, "export": 0, "id": "GR"}, {"import": 0, "export": 0, "id": "NZ"}, {"import": 0, "export": 0, "id": "SA"}, {"import": 0, "export": 0, "id": "MY"}, {"import": 11000, "export": 0, "id": "NP"}, {"import": 840, "export": 0, "id": "ZA"}, {"import": 0, "export": 0, "id": "AE"}, {"import": 1500, "export": 0, "id": "TR"}, {"import": 1080, "export": 0, "id": "MK"}, {"import": 0, "export": 0, "id": "JO"}, {"import": 0, "export": 0, "id": "ID"}, {"import": 75059, "export": 0, "id": "BE"}, {"import": 0, "export": 0, "id": "MM"}, {"import": 0, "export": 0, "id": "AU"}, {"import": 1000, "export": 0, "id": "FJ"}, {"import": 0, "export": 0, "id": "FR"}, {"import": 332, "export": 0, "id": "GH"}], "world_import": 17994537, "world_export": 6566}, {"date": "2019-08-01", "list": [{"import": 6058380, "export": 0, "id": "TH"}, {"import": 5359433, "export": 0, "id": "IN"}, {"import": 2360807, "export": 0, "id": "VN"}, {"import": 2021025, "export": 0, "id": "KH"}, {"import": 1999220, "export": 0, "id": "PK"}, {"import": 536801, "export": 0, "id": "IT"}, {"import": 709403, "export": 0, "id": "US"}, {"import": 186170, "export": 0, "id": "CN"}, {"import": 267646, "export": 0, "id": "ES"}, {"import": 0, "export": 0, "id": "SG"}, {"import": 39725, "export": 0, "id": "TW"}, {"import": 0, "export": 0, "id": "UY"}, {"import": 41300, "export": 0, "id": "LK"}, {"import": 62608, "export": 0, "id": "JP"}, {"import": 12000, "export": 0, "id": "BD"}, {"import": 0, "export": 0, "id": "LA"}, {"import": 22138, "export": 0, "id": "KR"}, {"import": 0, "export": 0, "id": "IR"}, {"import": 2424, "export": 10438, "id": "-"}, {"import": 0, "export": 0, "id": "GB"}, {"import": 0, "export": 0, "id": "GR"}, {"import": 0, "export": 0, "id": "NZ"}, {"import": 0, "export": 0, "id": "SA"}, {"import": 0, "export": 0, "id": "MY"}, {"import": 556, "export": 0, "id": "NP"}, {"import": 0, "export": 0, "id": "ZA"}, {"import": 0, "export": 0, "id": "AE"}, {"import": 0, "export": 0, "id": "TR"}, {"import": 0, "export": 0, "id": "MK"}, {"import": 0, "export": 0, "id": "JO"}, {"import": 0, "export": 0, "id": "ID"}, {"import": 18624, "export": 0, "id": "BE"}, {"import": 0, "export": 0, "id": "MM"}, {"import": 0, "export": 0, "id": "AU"}, {"import": 0, "export": 0, "id": "FJ"}, {"import": 0, "export": 0, "id": "FR"}, {"import": 0, "export": 0, "id": "GH"}], "world_import": 19698260, "world_export": 10438}, {"date": "2019-09-01", "list": [{"import": 7728106, "export": 0, "id": "TH"}, {"import": 3768243, "export": 0, "id": "IN"}, {"import": 1785084, "export": 0, "id": "VN"}, {"import": 2339184, "export": 0, "id": "KH"}, {"import": 1191866, "export": 0, "id": "PK"}, {"import": 394220, "export": 0, "id": "IT"}, {"import": 867576, "export": 0, "id": "US"}, {"import": 331740, "export": 0, "id": "CN"}, {"import": 268326, "export": 0, "id": "ES"}, {"import": 0, "export": 0, "id": "SG"}, {"import": 177693, "export": 0, "id": "TW"}, {"import": 0, "export": 0, "id": "UY"}, {"import": 60340, "export": 0, "id": "LK"}, {"import": 74928, "export": 0, "id": "JP"}, {"import": 54400, "export": 0, "id": "BD"}, {"import": 0, "export": 0, "id": "LA"}, {"import": 18800, "export": 0, "id": "KR"}, {"import": 9800, "export": 0, "id": "IR"}, {"import": 0, "export": 6729, "id": "-"}, {"import": 0, "export": 0, "id": "GB"}, {"import": 0, "export": 0, "id": "GR"}, {"import": 0, "export": 0, "id": "NZ"}, {"import": 0, "export": 0, "id": "SA"}, {"import": 1500, "export": 0, "id": "MY"}, {"import": 2530, "export": 0, "id": "NP"}, {"import": 0, "export": 0, "id": "ZA"}, {"import": 250, "export": 0, "id": "AE"}, {"import": 6000, "export": 0, "id": "TR"}, {"import": 0, "export": 0, "id": "MK"}, {"import": 0, "export": 0, "id": "JO"}, {"import": 0, "export": 0, "id": "ID"}, {"import": 0, "export": 0, "id": "BE"}, {"import": 0, "export": 0, "id": "MM"}, {"import": 0, "export": 0, "id": "AU"}, {"import": 0, "export": 0, "id": "FJ"}, {"import": 0, "export": 0, "id": "FR"}, {"import": 0, "export": 0, "id": "GH"}], "world_import": 19080586, "world_export": 6729}, {"date": "2019-10-01", "list": [{"import": 6942655, "export": 0, "id": "TH"}, {"import": 4753223, "export": 0, "id": "IN"}, {"import": 1267624, "export": 0, "id": "VN"}, {"import": 2289495, "export": 0, "id": "KH"}, {"import": 1222676, "export": 0, "id": "PK"}, {"import": 413011, "export": 0, "id": "IT"}, {"import": 1109672, "export": 0, "id": "US"}, {"import": 89875, "export": 0, "id": "CN"}, {"import": 29340, "export": 0, "id": "ES"}, {"import": 0, "export": 0, "id": "SG"}, {"import": 180405, "export": 0, "id": "TW"}, {"import": 0, "export": 0, "id": "UY"}, {"import": 94799, "export": 0, "id": "LK"}, {"import": 102072, "export": 0, "id": "JP"}, {"import": 18550, "export": 0, "id": "BD"}, {"import": 21500, "export": 0, "id": "LA"}, {"import": 42020, "export": 0, "id": "KR"}, {"import": 8000, "export": 0, "id": "IR"}, {"import": 0, "export": 11427, "id": "-"}, {"import": 0, "export": 0, "id": "GB"}, {"import": 0, "export": 0, "id": "GR"}, {"import": 240, "export": 0, "id": "NZ"}, {"import": 0, "export": 0, "id": "SA"}, {"import": 272, "export": 0, "id": "MY"}, {"import": 0, "export": 0, "id": "NP"}, {"import": 0, "export": 0, "id": "ZA"}, {"import": 0, "export": 0, "id": "AE"}, {"import": 1408, "export": 0, "id": "TR"}, {"import": 0, "export": 0, "id": "MK"}, {"import": 0, "export": 0, "id": "JO"}, {"import": 0, "export": 0, "id": "ID"}, {"import": 16763, "export": 0, "id": "BE"}, {"import": 0, "export": 0, "id": "MM"}, {"import": 0, "export": 0, "id": "AU"}, {"import": 0, "export": 0, "id": "FJ"}, {"import": 761, "export": 0, "id": "FR"}, {"import": 0, "export": 0, "id": "GH"}], "world_import": 18604361, "world_export": 11427}, {"date": "2019-11-01", "list": [{"import": 5543349, "export": 0, "id": "TH"}, {"import": 3943854, "export": 0, "id": "IN"}, {"import": 947947, "export": 0, "id": "VN"}, {"import": 3250682, "export": 0, "id": "KH"}, {"import": 1477350, "export": 0, "id": "PK"}, {"import": 273142, "export": 0, "id": "IT"}, {"import": 959241, "export": 0, "id": "US"}, {"import": 291904, "export": 0, "id": "CN"}, {"import": 132598, "export": 0, "id": "ES"}, {"import": 0, "export": 0, "id": "SG"}, {"import": 98805, "export": 0, "id": "TW"}, {"import": 0, "export": 0, "id": "UY"}, {"import": 55310, "export": 0, "id": "LK"}, {"import": 159284, "export": 0, "id": "JP"}, {"import": 6000, "export": 0, "id": "BD"}, {"import": 0, "export": 0, "id": "LA"}, {"import": 21812, "export": 0, "id": "KR"}, {"import": 3507, "export": 0, "id": "IR"}, {"import": 0, "export": 7225, "id": "-"}, {"import": 0, "export": 0, "id": "GB"}, {"import": 0, "export": 0, "id": "GR"}, {"import": 0, "export": 0, "id": "NZ"}, {"import": 0, "export": 0, "id": "SA"}, {"import": 0, "export": 0, "id": "MY"}, {"import": 3405, "export": 0, "id": "NP"}, {"import": 800, "export": 0, "id": "ZA"}, {"import": 0, "export": 0, "id": "AE"}, {"import": 0, "export": 0, "id": "TR"}, {"import": 0, "export": 0, "id": "MK"}, {"import": 0, "export": 0, "id": "JO"}, {"import": 0, "export": 0, "id": "ID"}, {"import": 0, "export": 0, "id": "BE"}, {"import": 0, "export": 0, "id": "MM"}, {"import": 0, "export": 0, "id": "AU"}, {"import": 0, "export": 0, "id": "FJ"}, {"import": 0, "export": 0, "id": "FR"}, {"import": 0, "export": 0, "id": "GH"}], "world_import": 17168990, "world_export": 7225}, {"date": "2019-12-01", "list": [{"import": 5977754, "export": 0, "id": "TH"}, {"import": 4438005, "export": 0, "id": "IN"}, {"import": 1255652, "export": 0, "id": "VN"}, {"import": 2838492, "export": 0, "id": "KH"}, {"import": 1167109, "export": 0, "id": "PK"}, {"import": 388456, "export": 0, "id": "IT"}, {"import": 820354, "export": 0, "id": "US"}, {"import": 223159, "export": 0, "id": "CN"}, {"import": 66397, "export": 0, "id": "ES"}, {"import": 0, "export": 0, "id": "SG"}, {"import": 745796, "export": 0, "id": "TW"}, {"import": 105000, "export": 0, "id": "UY"}, {"import": 40705, "export": 0, "id": "LK"}, {"import": 47733, "export": 0, "id": "JP"}, {"import": 18000, "export": 0, "id": "BD"}, {"import": 0, "export": 0, "id": "LA"}, {"import": 28560, "export": 0, "id": "KR"}, {"import": 6500, "export": 0, "id": "IR"}, {"import": 0, "export": 6450, "id": "-"}, {"import": 0, "export": 0, "id": "GB"}, {"import": 1440, "export": 0, "id": "GR"}, {"import": 0, "export": 0, "id": "NZ"}, {"import": 0, "export": 0, "id": "SA"}, {"import": 324, "export": 0, "id": "MY"}, {"import": 0, "export": 0, "id": "NP"}, {"import": 0, "export": 0, "id": "ZA"}, {"import": 0, "export": 0, "id": "AE"}, {"import": 0, "export": 0, "id": "TR"}, {"import": 0, "export": 0, "id": "MK"}, {"import": 0, "export": 0, "id": "JO"}, {"import": 0, "export": 0, "id": "ID"}, {"import": 0, "export": 0, "id": "BE"}, {"import": 0, "export": 0, "id": "MM"}, {"import": 0, "export": 0, "id": "AU"}, {"import": 0, "export": 0, "id": "FJ"}, {"import": 0, "export": 0, "id": "FR"}, {"import": 0, "export": 0, "id": "GH"}], "world_import": 18169436, "world_export": 6450}, {"date": "2020-01-01", "list": [{"import": 6596427, "export": 0, "id": "TH"}, {"import": 4767472, "export": 0, "id": "IN"}, {"import": 879518, "export": 0, "id": "VN"}, {"import": 2263241, "export": 0, "id": "KH"}, {"import": 1393490, "export": 0, "id": "PK"}, {"import": 168186, "export": 0, "id": "IT"}, {"import": 551658, "export": 0, "id": "US"}, {"import": 412976, "export": 0, "id": "CN"}, {"import": 232266, "export": 0, "id": "ES"}, {"import": 0, "export": 0, "id": "SG"}, {"import": 134552, "export": 0, "id": "TW"}, {"import": 210000, "export": 0, "id": "UY"}, {"import": 46520, "export": 0, "id": "LK"}, {"import": 128175, "export": 0, "id": "JP"}, {"import": 57900, "export": 0, "id": "BD"}, {"import": 0, "export": 0, "id": "LA"}, {"import": 33650, "export": 0, "id": "KR"}, {"import": 4660, "export": 0, "id": "IR"}, {"import": 0, "export": 4209, "id": "-"}, {"import": 0, "export": 0, "id": "GB"}, {"import": 0, "export": 0, "id": "GR"}, {"import": 0, "export": 0, "id": "NZ"}, {"import": 0, "export": 0, "id": "SA"}, {"import": 0, "export": 0, "id": "MY"}, {"import": 0, "export": 0, "id": "NP"}, {"import": 800, "export": 0, "id": "ZA"}, {"import": 0, "export": 0, "id": "AE"}, {"import": 1500, "export": 0, "id": "TR"}, {"import": 0, "export": 0, "id": "MK"}, {"import": 0, "export": 0, "id": "JO"}, {"import": 0, "export": 0, "id": "ID"}, {"import": 0, "export": 0, "id": "BE"}, {"import": 0, "export": 0, "id": "MM"}, {"import": 0, "export": 0, "id": "AU"}, {"import": 0, "export": 0, "id": "FJ"}, {"import": 0, "export": 0, "id": "FR"}, {"import": 0, "export": 0, "id": "GH"}], "world_import": 17882991, "world_export": 4209}, {"date": "2020-02-01", "list": [{"import": 6111282, "export": 0, "id": "TH"}, {"import": 4315661, "export": 0, "id": "IN"}, {"import": 1107943, "export": 0, "id": "VN"}, {"import": 2354633, "export": 0, "id": "KH"}, {"import": 1278822, "export": 0, "id": "PK"}, {"import": 241524, "export": 0, "id": "IT"}, {"import": 554499, "export": 0, "id": "US"}, {"import": 106556, "export": 0, "id": "CN"}, {"import": 89304, "export": 0, "id": "ES"}, {"import": 0, "export": 0, "id": "SG"}, {"import": 70700, "export": 0, "id": "TW"}, {"import": 0, "export": 0, "id": "UY"}, {"import": 55865, "export": 0, "id": "LK"}, {"import": 68682, "export": 0, "id": "JP"}, {"import": 46700, "export": 0, "id": "BD"}, {"import": 16848, "export": 0, "id": "LA"}, {"import": 26976, "export": 0, "id": "KR"}, {"import": 17456, "export": 0, "id": "IR"}, {"import": 0, "export": 4473, "id": "-"}, {"import": 0, "export": 0, "id": "GB"}, {"import": 0, "export": 0, "id": "GR"}, {"import": 0, "export": 0, "id": "NZ"}, {"import": 0, "export": 0, "id": "SA"}, {"import": 0, "export": 0, "id": "MY"}, {"import": 2400, "export": 0, "id": "NP"}, {"import": 0, "export": 0, "id": "ZA"}, {"import": 0, "export": 0, "id": "AE"}, {"import": 0, "export": 0, "id": "TR"}, {"import": 0, "export": 0, "id": "MK"}, {"import": 0, "export": 0, "id": "JO"}, {"import": 0, "export": 0, "id": "ID"}, {"import": 36000, "export": 0, "id": "BE"}, {"import": 0, "export": 0, "id": "MM"}, {"import": 0, "export": 0, "id": "AU"}, {"import": 0, "export": 0, "id": "FJ"}, {"import": 0, "export": 0, "id": "FR"}, {"import": 0, "export": 0, "id": "GH"}], "world_import": 16501851, "world_export": 4473}, {"date": "2020-03-01", "list": [{"import": 5730430, "export": 0, "id": "TH"}, {"import": 4756575, "export": 0, "id": "IN"}, {"import": 1602015, "export": 0, "id": "VN"}, {"import": 1675826, "export": 0, "id": "KH"}, {"import": 1657703, "export": 0, "id": "PK"}, {"import": 358858, "export": 0, "id": "IT"}, {"import": 696272, "export": 0, "id": "US"}, {"import": 211200, "export": 0, "id": "CN"}, {"import": 136296, "export": 0, "id": "ES"}, {"import": 0, "export": 0, "id": "SG"}, {"import": 282673, "export": 0, "id": "TW"}, {"import": 88000, "export": 0, "id": "UY"}, {"import": 14625, "export": 0, "id": "LK"}, {"import": 149991, "export": 0, "id": "JP"}, {"import": 26000, "export": 0, "id": "BD"}, {"import": 0, "export": 0, "id": "LA"}, {"import": 45270, "export": 0, "id": "KR"}, {"import": 3030, "export": 0, "id": "IR"}, {"import": 0, "export": 7306, "id": "-"}, {"import": 0, "export": 0, "id": "GB"}, {"import": 0, "export": 0, "id": "GR"}, {"import": 180, "export": 0, "id": "NZ"}, {"import": 0, "export": 0, "id": "SA"}, {"import": 0, "export": 0, "id": "MY"}, {"import": 3793, "export": 0, "id": "NP"}, {"import": 0, "export": 0, "id": "ZA"}, {"import": 0, "export": 0, "id": "AE"}, {"import": 1000, "export": 0, "id": "TR"}, {"import": 0, "export": 0, "id": "MK"}, {"import": 0, "export": 0, "id": "JO"}, {"import": 0, "export": 0, "id": "ID"}, {"import": 0, "export": 0, "id": "BE"}, {"import": 0, "export": 0, "id": "MM"}, {"import": 21600, "export": 0, "id": "AU"}, {"import": 0, "export": 0, "id": "FJ"}, {"import": 0, "export": 0, "id": "FR"}, {"import": 0, "export": 0, "id": "GH"}], "world_import": 17461337, "world_export": 7306}, {"date": "2020-04-01", "list": [{"import": 12054749, "export": 0, "id": "TH"}, {"import": 4282075, "export": 0, "id": "IN"}, {"import": 1524493, "export": 0, "id": "VN"}, {"import": 4446329, "export": 0, "id": "KH"}, {"import": 1364986, "export": 0, "id": "PK"}, {"import": 372820, "export": 0, "id": "IT"}, {"import": 642603, "export": 0, "id": "US"}, {"import": 278720, "export": 0, "id": "CN"}, {"import": 174152, "export": 0, "id": "ES"}, {"import": 0, "export": 0, "id": "SG"}, {"import": 624817, "export": 0, "id": "TW"}, {"import": 109000, "export": 0, "id": "UY"}, {"import": 34708, "export": 0, "id": "LK"}, {"import": 142165, "export": 0, "id": "JP"}, {"import": 76510, "export": 0, "id": "BD"}, {"import": 0, "export": 0, "id": "LA"}, {"import": 100546, "export": 0, "id": "KR"}, {"import": 9340, "export": 0, "id": "IR"}, {"import": 0, "export": 9141, "id": "-"}, {"import": 0, "export": 0, "id": "GB"}, {"import": 0, "export": 0, "id": "GR"}, {"import": 0, "export": 0, "id": "NZ"}, {"import": 22000, "export": 0, "id": "SA"}, {"import": 0, "export": 0, "id": "MY"}, {"import": 0, "export": 0, "id": "NP"}, {"import": 0, "export": 0, "id": "ZA"}, {"import": 20600, "export": 0, "id": "AE"}, {"import": 0, "export": 0, "id": "TR"}, {"import": 0, "export": 0, "id": "MK"}, {"import": 18660, "export": 0, "id": "JO"}, {"import": 0, "export": 0, "id": "ID"}, {"import": 37277, "export": 0, "id": "BE"}, {"import": 0, "export": 0, "id": "MM"}, {"import": 0, "export": 0, "id": "AU"}, {"import": 0, "export": 0, "id": "FJ"}, {"import": 520, "export": 0, "id": "FR"}, {"import": 0, "export": 0, "id": "GH"}], "world_import": 26337070, "world_export": 9141}, {"date": "2020-05-01", "list": [{"import": 12767946, "export": 0, "id": "TH"}, {"import": 4721267, "export": 0, "id": "IN"}, {"import": 2324172, "export": 0, "id": "VN"}, {"import": 2332860, "export": 0, "id": "KH"}, {"import": 2091385, "export": 0, "id": "PK"}, {"import": 432516, "export": 0, "id": "IT"}, {"import": 602278, "export": 0, "id": "US"}, {"import": 450874, "export": 0, "id": "CN"}, {"import": 107646, "export": 0, "id": "ES"}, {"import": 0, "export": 0, "id": "SG"}, {"import": 410204, "export": 0, "id": "TW"}, {"import": 0, "export": 0, "id": "UY"}, {"import": 37079, "export": 0, "id": "LK"}, {"import": 134760, "export": 0, "id": "JP"}, {"import": 84400, "export": 0, "id": "BD"}, {"import": 0, "export": 0, "id": "LA"}, {"import": 79492, "export": 0, "id": "KR"}, {"import": 0, "export": 0, "id": "IR"}, {"import": 9607, "export": 4163, "id": "-"}, {"import": 6272, "export": 0, "id": "GB"}, {"import": 0, "export": 0, "id": "GR"}, {"import": 300, "export": 0, "id": "NZ"}, {"import": 0, "export": 0, "id": "SA"}, {"import": 0, "export": 0, "id": "MY"}, {"import": 0, "export": 0, "id": "NP"}, {"import": 0, "export": 0, "id": "ZA"}, {"import": 17364, "export": 0, "id": "AE"}, {"import": 3500, "export": 0, "id": "TR"}, {"import": 0, "export": 0, "id": "MK"}, {"import": 0, "export": 0, "id": "JO"}, {"import": 0, "export": 0, "id": "ID"}, {"import": 18707, "export": 0, "id": "BE"}, {"import": 21500, "export": 0, "id": "MM"}, {"import": 0, "export": 0, "id": "AU"}, {"import": 10000, "export": 0, "id": "FJ"}, {"import": 0, "export": 0, "id": "FR"}, {"import": 0, "export": 0, "id": "GH"}], "world_import": 26664129, "world_export": 4163}]