[{"date": "2018-11-01", "list": [{"import": 0, "export": 0, "id": "IT"}, {"import": 0, "export": 0, "id": "PK"}, {"import": 0, "export": 0, "id": "IN"}, {"import": 0, "export": 0, "id": "VN"}, {"import": 50000, "export": 0, "id": "TH"}], "world_import": 50000, "world_export": 0}, {"date": "2018-12-01", "list": [{"import": 0, "export": 0, "id": "IT"}, {"import": 0, "export": 0, "id": "PK"}, {"import": 0, "export": 0, "id": "IN"}, {"import": 0, "export": 0, "id": "VN"}, {"import": 0, "export": 0, "id": "TH"}], "world_import": 0, "world_export": 0}, {"date": "2019-01-01", "list": [{"import": 0, "export": 0, "id": "IT"}, {"import": 0, "export": 0, "id": "PK"}, {"import": 0, "export": 0, "id": "IN"}, {"import": 0, "export": 0, "id": "VN"}, {"import": 0, "export": 0, "id": "TH"}], "world_import": 0, "world_export": 0}, {"date": "2019-02-01", "list": [{"import": 0, "export": 0, "id": "IT"}, {"import": 0, "export": 0, "id": "PK"}, {"import": 0, "export": 0, "id": "IN"}, {"import": 0, "export": 0, "id": "VN"}, {"import": 0, "export": 0, "id": "TH"}], "world_import": 0, "world_export": 0}, {"date": "2019-03-01", "list": [{"import": 0, "export": 0, "id": "IT"}, {"import": 0, "export": 0, "id": "PK"}, {"import": 0, "export": 0, "id": "IN"}, {"import": 0, "export": 0, "id": "VN"}, {"import": 0, "export": 0, "id": "TH"}], "world_import": 0, "world_export": 0}, {"date": "2019-04-01", "list": [{"import": 0, "export": 0, "id": "IT"}, {"import": 0, "export": 0, "id": "PK"}, {"import": 0, "export": 0, "id": "IN"}, {"import": 0, "export": 0, "id": "VN"}, {"import": 0, "export": 0, "id": "TH"}], "world_import": 0, "world_export": 0}, {"date": "2019-05-01", "list": [{"import": 0, "export": 0, "id": "IT"}, {"import": 0, "export": 0, "id": "PK"}, {"import": 0, "export": 0, "id": "IN"}, {"import": 0, "export": 0, "id": "VN"}, {"import": 0, "export": 0, "id": "TH"}], "world_import": 0, "world_export": 0}, {"date": "2019-06-01", "list": [{"import": 0, "export": 0, "id": "IT"}, {"import": 0, "export": 0, "id": "PK"}, {"import": 0, "export": 0, "id": "IN"}, {"import": 0, "export": 0, "id": "VN"}, {"import": 0, "export": 0, "id": "TH"}], "world_import": 0, "world_export": 0}, {"date": "2019-07-01", "list": [{"import": 0, "export": 0, "id": "IT"}, {"import": 0, "export": 0, "id": "PK"}, {"import": 23000, "export": 0, "id": "IN"}, {"import": 0, "export": 0, "id": "VN"}, {"import": 0, "export": 0, "id": "TH"}], "world_import": 23000, "world_export": 0}, {"date": "2019-08-01", "list": [{"import": 0, "export": 0, "id": "IT"}, {"import": 0, "export": 0, "id": "PK"}, {"import": 0, "export": 0, "id": "IN"}, {"import": 0, "export": 0, "id": "VN"}, {"import": 0, "export": 0, "id": "TH"}], "world_import": 0, "world_export": 0}, {"date": "2019-09-01", "list": [{"import": 0, "export": 0, "id": "IT"}, {"import": 0, "export": 0, "id": "PK"}, {"import": 0, "export": 0, "id": "IN"}, {"import": 0, "export": 0, "id": "VN"}, {"import": 0, "export": 0, "id": "TH"}], "world_import": 0, "world_export": 0}, {"date": "2019-10-01", "list": [{"import": 0, "export": 0, "id": "IT"}, {"import": 0, "export": 0, "id": "PK"}, {"import": 0, "export": 0, "id": "IN"}, {"import": 0, "export": 0, "id": "VN"}, {"import": 0, "export": 0, "id": "TH"}], "world_import": 0, "world_export": 0}, {"date": "2019-11-01", "list": [{"import": 0, "export": 0, "id": "IT"}, {"import": 0, "export": 0, "id": "PK"}, {"import": 0, "export": 0, "id": "IN"}, {"import": 0, "export": 0, "id": "VN"}, {"import": 0, "export": 0, "id": "TH"}], "world_import": 0, "world_export": 0}, {"date": "2019-12-01", "list": [{"import": 0, "export": 0, "id": "IT"}, {"import": 0, "export": 0, "id": "PK"}, {"import": 0, "export": 0, "id": "IN"}, {"import": 0, "export": 0, "id": "VN"}, {"import": 0, "export": 0, "id": "TH"}], "world_import": 0, "world_export": 0}, {"date": "2020-01-01", "list": [{"import": 0, "export": 0, "id": "IT"}, {"import": 0, "export": 0, "id": "PK"}, {"import": 0, "export": 0, "id": "IN"}, {"import": 0, "export": 0, "id": "VN"}, {"import": 0, "export": 0, "id": "TH"}], "world_import": 0, "world_export": 0}, {"date": "2020-02-01", "list": [{"import": 0, "export": 0, "id": "IT"}, {"import": 0, "export": 0, "id": "PK"}, {"import": 0, "export": 0, "id": "IN"}, {"import": 0, "export": 0, "id": "VN"}, {"import": 0, "export": 0, "id": "TH"}], "world_import": 0, "world_export": 0}, {"date": "2020-03-01", "list": [{"import": 0, "export": 0, "id": "IT"}, {"import": 0, "export": 0, "id": "PK"}, {"import": 0, "export": 0, "id": "IN"}, {"import": 25000, "export": 0, "id": "VN"}, {"import": 0, "export": 0, "id": "TH"}], "world_import": 25000, "world_export": 0}, {"date": "2020-04-01", "list": [{"import": 24960, "export": 0, "id": "IT"}, {"import": 52000, "export": 0, "id": "PK"}, {"import": 0, "export": 0, "id": "IN"}, {"import": 0, "export": 0, "id": "VN"}, {"import": 0, "export": 0, "id": "TH"}], "world_import": 76960, "world_export": 0}]