[{"date": "2016-09-01", "list": [{"import": 0, "export": 0, "id": "CN"}, {"import": 0, "export": 0, "id": "IT"}, {"import": 0, "export": 0, "id": "ES"}, {"import": 0, "export": 0, "id": "CH"}, {"import": 0, "export": 0, "id": "US"}, {"import": 0, "export": 0, "id": "HT"}], "world_import": 0, "world_export": 0}, {"date": "2016-11-01", "list": [{"import": 0, "export": 0, "id": "CN"}, {"import": 0, "export": 0, "id": "IT"}, {"import": 0, "export": 0, "id": "ES"}, {"import": 0, "export": 0, "id": "CH"}, {"import": 0, "export": 0, "id": "US"}, {"import": 0, "export": 0, "id": "HT"}], "world_import": 0, "world_export": 0}, {"date": "2017-01-01", "list": [{"import": 0, "export": 0, "id": "CN"}, {"import": 0, "export": 0, "id": "IT"}, {"import": 0, "export": 0, "id": "ES"}, {"import": 0, "export": 0, "id": "US"}, {"import": 0, "export": 0, "id": "HT"}], "world_import": 0, "world_export": 0}, {"date": "2017-02-01", "list": [{"import": 0, "export": 0, "id": "CN"}, {"import": 0, "export": 0, "id": "IT"}, {"import": 0, "export": 0, "id": "ES"}, {"import": 0, "export": 0, "id": "US"}, {"import": 0, "export": 0, "id": "HT"}], "world_import": 0, "world_export": 0}, {"date": "2017-04-01", "list": [{"import": 0, "export": 0, "id": "CN"}, {"import": 0, "export": 0, "id": "IT"}, {"import": 0, "export": 0, "id": "CH"}, {"import": 0, "export": 0, "id": "US"}], "world_import": 0, "world_export": 0}, {"date": "2017-05-01", "list": [{"import": 0, "export": 0, "id": "CN"}, {"import": 0, "export": 0, "id": "IT"}, {"import": 0, "export": 0, "id": "ES"}, {"import": 0, "export": 0, "id": "CH"}], "world_import": 0, "world_export": 0}, {"date": "2017-07-01", "list": [{"import": 0, "export": 0, "id": "CN"}, {"import": 0, "export": 0, "id": "IT"}, {"import": 0, "export": 0, "id": "CH"}, {"import": 0, "export": 0, "id": "US"}, {"import": 0, "export": 0, "id": "HT"}], "world_import": 0, "world_export": 0}, {"date": "2017-08-01", "list": [{"import": 0, "export": 0, "id": "CN"}, {"import": 0, "export": 0, "id": "IT"}, {"import": 0, "export": 0, "id": "CH"}, {"import": 0, "export": 0, "id": "US"}, {"import": 0, "export": 0, "id": "HT"}], "world_import": 0, "world_export": 0}, {"date": "2017-09-01", "list": [{"import": 0, "export": 0, "id": "CN"}, {"import": 0, "export": 0, "id": "IT"}, {"import": 0, "export": 0, "id": "CH"}, {"import": 0, "export": 0, "id": "US"}, {"import": 0, "export": 0, "id": "HT"}], "world_import": 0, "world_export": 0}, {"date": "2017-10-01", "list": [{"import": 0, "export": 0, "id": "CN"}, {"import": 0, "export": 0, "id": "IT"}, {"import": 0, "export": 0, "id": "ES"}, {"import": 0, "export": 0, "id": "CH"}, {"import": 0, "export": 0, "id": "US"}, {"import": 0, "export": 0, "id": "HT"}], "world_import": 0, "world_export": 0}, {"date": "2017-11-01", "list": [{"import": 0, "export": 0, "id": "CN"}, {"import": 0, "export": 0, "id": "IT"}, {"import": 0, "export": 0, "id": "CH"}, {"import": 0, "export": 0, "id": "US"}, {"import": 0, "export": 0, "id": "HT"}], "world_import": 0, "world_export": 0}, {"date": "2017-12-01", "list": [{"import": 0, "export": 0, "id": "CN"}, {"import": 0, "export": 0, "id": "ES"}, {"import": 0, "export": 0, "id": "CH"}, {"import": 0, "export": 0, "id": "US"}, {"import": 0, "export": 0, "id": "HT"}], "world_import": 0, "world_export": 0}, {"date": "2018-01-01", "list": [{"import": 0, "export": 0, "id": "CN"}, {"import": 0, "export": 0, "id": "IT"}, {"import": 0, "export": 0, "id": "ES"}, {"import": 0, "export": 0, "id": "CH"}, {"import": 0, "export": 0, "id": "US"}, {"import": 0, "export": 0, "id": "HT"}], "world_import": 0, "world_export": 0}, {"date": "2018-02-01", "list": [{"import": 0, "export": 0, "id": "CN"}, {"import": 0, "export": 0, "id": "IT"}, {"import": 0, "export": 0, "id": "ES"}, {"import": 0, "export": 0, "id": "CH"}, {"import": 0, "export": 0, "id": "US"}], "world_import": 0, "world_export": 0}, {"date": "2018-03-01", "list": [{"import": 0, "export": 0, "id": "CN"}, {"import": 0, "export": 0, "id": "IT"}, {"import": 0, "export": 0, "id": "ES"}, {"import": 0, "export": 0, "id": "CH"}], "world_import": 0, "world_export": 0}, {"date": "2016-08-01", "list": [{"import": 0, "export": 0, "id": "IT"}, {"import": 0, "export": 0, "id": "ES"}, {"import": 0, "export": 0, "id": "CH"}, {"import": 0, "export": 20, "id": "US"}, {"import": 0, "export": 0, "id": "HT"}], "world_import": 0, "world_export": 20}, {"date": "2016-10-01", "list": [{"import": 0, "export": 0, "id": "IT"}, {"import": 0, "export": 0, "id": "ES"}, {"import": 0, "export": 0, "id": "CH"}, {"import": 0, "export": 0, "id": "US"}, {"import": 0, "export": 0, "id": "HT"}], "world_import": 0, "world_export": 0}, {"date": "2016-12-01", "list": [{"import": 0, "export": 0, "id": "IT"}, {"import": 0, "export": 0, "id": "ES"}, {"import": 0, "export": 0, "id": "CH"}, {"import": 0, "export": 0, "id": "US"}, {"import": 0, "export": 0, "id": "HT"}], "world_import": 0, "world_export": 0}, {"date": "2017-03-01", "list": [{"import": 0, "export": 0, "id": "IT"}, {"import": 0, "export": 0, "id": "CH"}, {"import": 0, "export": 0, "id": "US"}, {"import": 0, "export": 0, "id": "HT"}], "world_import": 0, "world_export": 0}, {"date": "2017-06-01", "list": [{"import": 0, "export": 0, "id": "IT"}, {"import": 0, "export": 0, "id": "CH"}, {"import": 0, "export": 0, "id": "US"}, {"import": 0, "export": 0, "id": "HT"}], "world_import": 0, "world_export": 0}]