[{"date": "2015-05-01", "list": [{"import": 44300, "export": 0, "id": "AE"}, {"import": 24304, "export": 0, "id": "PK"}, {"import": 48904, "export": 0, "id": "IN"}, {"import": 0, "export": 0, "id": "SA"}], "world_import": 117508, "world_export": 0}, {"date": "2015-06-01", "list": [{"import": 96665, "export": 0, "id": "AE"}, {"import": 0, "export": 0, "id": "PK"}, {"import": 0, "export": 0, "id": "IN"}, {"import": 0, "export": 0, "id": "SA"}], "world_import": 96665, "world_export": 0}, {"date": "2015-07-01", "list": [{"import": 27425, "export": 0, "id": "AE"}, {"import": 0, "export": 0, "id": "PK"}, {"import": 50560, "export": 0, "id": "IN"}, {"import": 0, "export": 0, "id": "SA"}], "world_import": 77985, "world_export": 0}, {"date": "2015-08-01", "list": [{"import": 47704, "export": 0, "id": "AE"}, {"import": 0, "export": 0, "id": "PK"}, {"import": 26133, "export": 0, "id": "IN"}, {"import": 0, "export": 0, "id": "SA"}], "world_import": 73837, "world_export": 0}, {"date": "2015-09-01", "list": [{"import": 167020, "export": 0, "id": "AE"}, {"import": 0, "export": 0, "id": "PK"}, {"import": 0, "export": 0, "id": "IN"}, {"import": 0, "export": 0, "id": "SA"}], "world_import": 167020, "world_export": 0}, {"date": "2015-10-01", "list": [{"import": 395708, "export": 0, "id": "AE"}, {"import": 0, "export": 0, "id": "PK"}, {"import": 0, "export": 0, "id": "IN"}, {"import": 0, "export": 0, "id": "SA"}], "world_import": 395708, "world_export": 0}, {"date": "2015-11-01", "list": [{"import": 17296, "export": 0, "id": "AE"}, {"import": 0, "export": 0, "id": "PK"}, {"import": 0, "export": 0, "id": "IN"}, {"import": 0, "export": 0, "id": "SA"}], "world_import": 17296, "world_export": 0}, {"date": "2015-12-01", "list": [{"import": 102800, "export": 0, "id": "AE"}, {"import": 70226, "export": 0, "id": "PK"}, {"import": 44440, "export": 0, "id": "IN"}, {"import": 0, "export": 0, "id": "SA"}], "world_import": 217466, "world_export": 0}, {"date": "2016-01-01", "list": [{"import": 61900, "export": 0, "id": "AE"}, {"import": 0, "export": 0, "id": "PK"}, {"import": 0, "export": 0, "id": "IN"}, {"import": 0, "export": 0, "id": "SA"}], "world_import": 61900, "world_export": 0}, {"date": "2016-02-01", "list": [{"import": 131002, "export": 0, "id": "AE"}, {"import": 0, "export": 0, "id": "PK"}, {"import": 0, "export": 0, "id": "IN"}, {"import": 0, "export": 0, "id": "SA"}], "world_import": 131002, "world_export": 0}, {"date": "2016-03-01", "list": [{"import": 19422, "export": 0, "id": "AE"}, {"import": 0, "export": 0, "id": "PK"}, {"import": 0, "export": 0, "id": "IN"}, {"import": 0, "export": 0, "id": "SA"}], "world_import": 19422, "world_export": 0}, {"date": "2016-04-01", "list": [{"import": 11600, "export": 0, "id": "AE"}, {"import": 0, "export": 0, "id": "PK"}, {"import": 0, "export": 0, "id": "IN"}, {"import": 0, "export": 0, "id": "SA"}], "world_import": 11600, "world_export": 0}, {"date": "2016-05-01", "list": [{"import": 64461, "export": 0, "id": "AE"}, {"import": 0, "export": 0, "id": "PK"}, {"import": 0, "export": 0, "id": "IN"}, {"import": 0, "export": 0, "id": "SA"}], "world_import": 64461, "world_export": 0}, {"date": "2016-06-01", "list": [{"import": 88141, "export": 0, "id": "AE"}, {"import": 0, "export": 0, "id": "PK"}, {"import": 0, "export": 0, "id": "IN"}, {"import": 0, "export": 0, "id": "SA"}], "world_import": 88141, "world_export": 0}, {"date": "2016-07-01", "list": [{"import": 9000, "export": 0, "id": "AE"}, {"import": 48168, "export": 0, "id": "PK"}, {"import": 5286, "export": 0, "id": "IN"}, {"import": 0, "export": 0, "id": "SA"}], "world_import": 62454, "world_export": 0}, {"date": "2016-08-01", "list": [{"import": 44466, "export": 0, "id": "AE"}, {"import": 48223, "export": 0, "id": "PK"}, {"import": 0, "export": 0, "id": "IN"}, {"import": 0, "export": 0, "id": "SA"}], "world_import": 92689, "world_export": 0}, {"date": "2016-09-01", "list": [{"import": 112820, "export": 0, "id": "AE"}, {"import": 0, "export": 0, "id": "PK"}, {"import": 655, "export": 0, "id": "IN"}, {"import": 3000, "export": 0, "id": "SA"}], "world_import": 116475, "world_export": 0}, {"date": "2016-10-01", "list": [{"import": 42020, "export": 0, "id": "AE"}, {"import": 0, "export": 0, "id": "PK"}, {"import": 12399, "export": 0, "id": "IN"}, {"import": 0, "export": 0, "id": "SA"}], "world_import": 54419, "world_export": 0}]