[{"date": "2013-05-01", "list": [{"import": 0, "export": 0, "id": "KE"}, {"import": 0, "export": 0, "id": "AE"}], "world_import": 0, "world_export": 0}, {"date": "2013-06-01", "list": [{"import": 0, "export": 0, "id": "KE"}, {"import": 0, "export": 0, "id": "AE"}], "world_import": 0, "world_export": 0}, {"date": "2013-07-01", "list": [{"import": 0, "export": 0, "id": "KE"}, {"import": 0, "export": 0, "id": "AE"}], "world_import": 0, "world_export": 0}, {"date": "2013-08-01", "list": [{"import": 0, "export": 0, "id": "KE"}, {"import": 0, "export": 0, "id": "AE"}], "world_import": 0, "world_export": 0}, {"date": "2013-09-01", "list": [{"import": 0, "export": 0, "id": "KE"}, {"import": 0, "export": 0, "id": "AE"}], "world_import": 0, "world_export": 0}, {"date": "2013-10-01", "list": [{"import": 0, "export": 0, "id": "KE"}, {"import": 0, "export": 0, "id": "AE"}], "world_import": 0, "world_export": 0}, {"date": "2013-11-01", "list": [{"import": 0, "export": 0, "id": "KE"}, {"import": 0, "export": 0, "id": "AE"}], "world_import": 0, "world_export": 0}, {"date": "2013-12-01", "list": [{"import": 0, "export": 0, "id": "KE"}, {"import": 0, "export": 0, "id": "AE"}], "world_import": 0, "world_export": 0}, {"date": "2014-01-01", "list": [{"import": 0, "export": 0, "id": "KE"}, {"import": 2800, "export": 0, "id": "AE"}], "world_import": 2800, "world_export": 0}, {"date": "2014-02-01", "list": [{"import": 0, "export": 0, "id": "KE"}, {"import": 0, "export": 0, "id": "AE"}], "world_import": 0, "world_export": 0}, {"date": "2014-03-01", "list": [{"import": 0, "export": 0, "id": "KE"}, {"import": 0, "export": 0, "id": "AE"}], "world_import": 0, "world_export": 0}, {"date": "2014-04-01", "list": [{"import": 0, "export": 0, "id": "KE"}, {"import": 0, "export": 0, "id": "AE"}], "world_import": 0, "world_export": 0}, {"date": "2014-05-01", "list": [{"import": 0, "export": 0, "id": "KE"}, {"import": 0, "export": 0, "id": "AE"}], "world_import": 0, "world_export": 0}, {"date": "2014-06-01", "list": [{"import": 0, "export": 0, "id": "KE"}, {"import": 0, "export": 0, "id": "AE"}], "world_import": 0, "world_export": 0}, {"date": "2014-07-01", "list": [{"import": 0, "export": 0, "id": "KE"}, {"import": 0, "export": 0, "id": "AE"}], "world_import": 0, "world_export": 0}, {"date": "2014-08-01", "list": [{"import": 0, "export": 0, "id": "KE"}, {"import": 0, "export": 0, "id": "AE"}], "world_import": 0, "world_export": 0}, {"date": "2014-09-01", "list": [{"import": 0, "export": 0, "id": "KE"}, {"import": 0, "export": 0, "id": "AE"}], "world_import": 0, "world_export": 0}, {"date": "2014-10-01", "list": [{"import": 0, "export": 0, "id": "KE"}, {"import": 0, "export": 0, "id": "AE"}], "world_import": 0, "world_export": 0}]