[{"date": "2016-11-01", "list": [{"import": 0, "export": 0, "id": "BE"}, {"import": 0, "export": 0, "id": "CN"}, {"import": 0, "export": 0, "id": "BJ"}, {"import": 0, "export": 0, "id": "FR"}, {"import": 0, "export": 0, "id": "IT"}, {"import": 0, "export": 0, "id": "-"}, {"import": 0, "export": 0, "id": "JP"}, {"import": 0, "export": 0, "id": "TH"}, {"import": 0, "export": 0, "id": "AE"}, {"import": 0, "export": 0, "id": "US"}, {"import": 0, "export": 0, "id": "BF"}, {"import": 0, "export": 0, "id": "NG"}], "world_import": 0, "world_export": 0}, {"date": "2016-12-01", "list": [{"import": 0, "export": 0, "id": "BE"}, {"import": 0, "export": 0, "id": "CN"}, {"import": 0, "export": 0, "id": "BJ"}, {"import": 0, "export": 0, "id": "FR"}, {"import": 0, "export": 0, "id": "IT"}, {"import": 0, "export": 0, "id": "-"}, {"import": 0, "export": 0, "id": "JP"}, {"import": 0, "export": 0, "id": "TH"}, {"import": 0, "export": 0, "id": "AE"}, {"import": 0, "export": 0, "id": "US"}, {"import": 0, "export": 0, "id": "BF"}, {"import": 0, "export": 0, "id": "NG"}], "world_import": 0, "world_export": 0}, {"date": "2017-01-01", "list": [{"import": 0, "export": 0, "id": "BE"}, {"import": 0, "export": 0, "id": "CN"}, {"import": 0, "export": 0, "id": "BJ"}, {"import": 0, "export": 0, "id": "FR"}, {"import": 0, "export": 0, "id": "IT"}, {"import": 0, "export": 0, "id": "-"}, {"import": 0, "export": 0, "id": "JP"}, {"import": 0, "export": 0, "id": "TH"}, {"import": 0, "export": 0, "id": "AE"}, {"import": 0, "export": 0, "id": "US"}, {"import": 0, "export": 0, "id": "BF"}, {"import": 0, "export": 0, "id": "NG"}], "world_import": 0, "world_export": 0}, {"date": "2017-02-01", "list": [{"import": 0, "export": 0, "id": "BE"}, {"import": 0, "export": 0, "id": "CN"}, {"import": 0, "export": 0, "id": "BJ"}, {"import": 0, "export": 0, "id": "FR"}, {"import": 0, "export": 0, "id": "IT"}, {"import": 0, "export": 0, "id": "-"}, {"import": 0, "export": 0, "id": "JP"}, {"import": 0, "export": 0, "id": "TH"}, {"import": 0, "export": 0, "id": "AE"}, {"import": 0, "export": 0, "id": "US"}, {"import": 0, "export": 0, "id": "BF"}, {"import": 0, "export": 0, "id": "NG"}], "world_import": 0, "world_export": 0}, {"date": "2017-03-01", "list": [{"import": 0, "export": 0, "id": "BE"}, {"import": 0, "export": 0, "id": "CN"}, {"import": 0, "export": 0, "id": "BJ"}, {"import": 0, "export": 0, "id": "FR"}, {"import": 0, "export": 0, "id": "IT"}, {"import": 0, "export": 0, "id": "-"}, {"import": 0, "export": 0, "id": "JP"}, {"import": 0, "export": 0, "id": "TH"}, {"import": 0, "export": 0, "id": "AE"}, {"import": 0, "export": 0, "id": "US"}, {"import": 0, "export": 0, "id": "BF"}, {"import": 0, "export": 0, "id": "NG"}], "world_import": 0, "world_export": 0}, {"date": "2017-04-01", "list": [{"import": 0, "export": 0, "id": "BE"}, {"import": 0, "export": 0, "id": "CN"}, {"import": 0, "export": 0, "id": "BJ"}, {"import": 0, "export": 0, "id": "FR"}, {"import": 0, "export": 0, "id": "IT"}, {"import": 0, "export": 0, "id": "-"}, {"import": 0, "export": 0, "id": "JP"}, {"import": 0, "export": 0, "id": "TH"}, {"import": 0, "export": 0, "id": "AE"}, {"import": 0, "export": 0, "id": "US"}, {"import": 0, "export": 0, "id": "BF"}, {"import": 0, "export": 0, "id": "NG"}], "world_import": 0, "world_export": 0}, {"date": "2017-05-01", "list": [{"import": 1030, "export": 0, "id": "BE"}, {"import": 0, "export": 0, "id": "CN"}, {"import": 0, "export": 0, "id": "BJ"}, {"import": 0, "export": 0, "id": "FR"}, {"import": 0, "export": 0, "id": "IT"}, {"import": 0, "export": 0, "id": "-"}, {"import": 0, "export": 0, "id": "JP"}, {"import": 0, "export": 0, "id": "TH"}, {"import": 0, "export": 0, "id": "AE"}, {"import": 0, "export": 0, "id": "US"}, {"import": 0, "export": 40000, "id": "BF"}, {"import": 0, "export": 0, "id": "NG"}], "world_import": 1030, "world_export": 40000}, {"date": "2017-06-01", "list": [{"import": 0, "export": 0, "id": "BE"}, {"import": 0, "export": 0, "id": "CN"}, {"import": 0, "export": 0, "id": "BJ"}, {"import": 0, "export": 0, "id": "FR"}, {"import": 0, "export": 0, "id": "IT"}, {"import": 0, "export": 0, "id": "-"}, {"import": 0, "export": 0, "id": "JP"}, {"import": 0, "export": 0, "id": "TH"}, {"import": 0, "export": 0, "id": "AE"}, {"import": 0, "export": 0, "id": "US"}, {"import": 0, "export": 0, "id": "BF"}, {"import": 0, "export": 3750, "id": "NG"}], "world_import": 0, "world_export": 3750}, {"date": "2017-07-01", "list": [{"import": 0, "export": 0, "id": "BE"}, {"import": 0, "export": 0, "id": "CN"}, {"import": 0, "export": 1000, "id": "BJ"}, {"import": 0, "export": 0, "id": "FR"}, {"import": 0, "export": 0, "id": "IT"}, {"import": 0, "export": 0, "id": "-"}, {"import": 0, "export": 0, "id": "JP"}, {"import": 0, "export": 0, "id": "TH"}, {"import": 0, "export": 0, "id": "AE"}, {"import": 0, "export": 0, "id": "US"}, {"import": 0, "export": 0, "id": "BF"}, {"import": 0, "export": 900, "id": "NG"}], "world_import": 0, "world_export": 1900}, {"date": "2017-08-01", "list": [{"import": 0, "export": 0, "id": "BE"}, {"import": 0, "export": 0, "id": "CN"}, {"import": 0, "export": 0, "id": "BJ"}, {"import": 1174, "export": 0, "id": "FR"}, {"import": 0, "export": 0, "id": "IT"}, {"import": 0, "export": 0, "id": "-"}, {"import": 0, "export": 0, "id": "JP"}, {"import": 0, "export": 0, "id": "TH"}, {"import": 0, "export": 0, "id": "AE"}, {"import": 0, "export": 0, "id": "US"}, {"import": 0, "export": 0, "id": "BF"}, {"import": 0, "export": 2850, "id": "NG"}], "world_import": 1174, "world_export": 2850}, {"date": "2017-09-01", "list": [{"import": 0, "export": 0, "id": "BE"}, {"import": 80875, "export": 0, "id": "CN"}, {"import": 0, "export": 0, "id": "BJ"}, {"import": 0, "export": 0, "id": "FR"}, {"import": 0, "export": 0, "id": "IT"}, {"import": 0, "export": 0, "id": "-"}, {"import": 0, "export": 0, "id": "JP"}, {"import": 0, "export": 0, "id": "TH"}, {"import": 0, "export": 0, "id": "AE"}, {"import": 0, "export": 0, "id": "US"}, {"import": 0, "export": 0, "id": "BF"}, {"import": 0, "export": 37000, "id": "NG"}], "world_import": 80875, "world_export": 37000}, {"date": "2017-10-01", "list": [{"import": 0, "export": 0, "id": "BE"}, {"import": 0, "export": 0, "id": "CN"}, {"import": 0, "export": 0, "id": "BJ"}, {"import": 0, "export": 0, "id": "FR"}, {"import": 0, "export": 0, "id": "IT"}, {"import": 0, "export": 0, "id": "-"}, {"import": 0, "export": 0, "id": "JP"}, {"import": 0, "export": 0, "id": "TH"}, {"import": 0, "export": 0, "id": "AE"}, {"import": 1705, "export": 0, "id": "US"}, {"import": 0, "export": 0, "id": "BF"}, {"import": 0, "export": 0, "id": "NG"}], "world_import": 1705, "world_export": 0}, {"date": "2017-11-01", "list": [{"import": 0, "export": 0, "id": "BE"}, {"import": 0, "export": 0, "id": "CN"}, {"import": 0, "export": 0, "id": "BJ"}, {"import": 0, "export": 0, "id": "FR"}, {"import": 0, "export": 0, "id": "IT"}, {"import": 0, "export": 0, "id": "-"}, {"import": 0, "export": 0, "id": "JP"}, {"import": 0, "export": 0, "id": "TH"}, {"import": 0, "export": 0, "id": "AE"}, {"import": 0, "export": 0, "id": "US"}, {"import": 0, "export": 0, "id": "BF"}, {"import": 0, "export": 0, "id": "NG"}], "world_import": 0, "world_export": 0}, {"date": "2017-12-01", "list": [{"import": 0, "export": 0, "id": "BE"}, {"import": 0, "export": 0, "id": "CN"}, {"import": 0, "export": 0, "id": "BJ"}, {"import": 0, "export": 0, "id": "FR"}, {"import": 0, "export": 0, "id": "IT"}, {"import": 0, "export": 0, "id": "-"}, {"import": 0, "export": 0, "id": "JP"}, {"import": 0, "export": 0, "id": "TH"}, {"import": 0, "export": 0, "id": "AE"}, {"import": 0, "export": 0, "id": "US"}, {"import": 0, "export": 0, "id": "BF"}, {"import": 0, "export": 0, "id": "NG"}], "world_import": 0, "world_export": 0}, {"date": "2018-01-01", "list": [{"import": 0, "export": 0, "id": "BE"}, {"import": 0, "export": 0, "id": "CN"}, {"import": 0, "export": 0, "id": "BJ"}, {"import": 0, "export": 0, "id": "FR"}, {"import": 0, "export": 0, "id": "IT"}, {"import": 25000, "export": 0, "id": "-"}, {"import": 0, "export": 0, "id": "JP"}, {"import": 0, "export": 0, "id": "TH"}, {"import": 0, "export": 0, "id": "AE"}, {"import": 0, "export": 0, "id": "US"}, {"import": 0, "export": 0, "id": "BF"}, {"import": 0, "export": 0, "id": "NG"}], "world_import": 25000, "world_export": 0}, {"date": "2018-02-01", "list": [{"import": 0, "export": 0, "id": "BE"}, {"import": 7000, "export": 0, "id": "CN"}, {"import": 0, "export": 0, "id": "BJ"}, {"import": 0, "export": 0, "id": "FR"}, {"import": 40000, "export": 0, "id": "IT"}, {"import": 0, "export": 0, "id": "-"}, {"import": 0, "export": 0, "id": "JP"}, {"import": 5000, "export": 0, "id": "TH"}, {"import": 0, "export": 0, "id": "AE"}, {"import": 0, "export": 0, "id": "US"}, {"import": 0, "export": 0, "id": "BF"}, {"import": 0, "export": 0, "id": "NG"}], "world_import": 52000, "world_export": 0}, {"date": "2018-03-01", "list": [{"import": 0, "export": 0, "id": "BE"}, {"import": 0, "export": 0, "id": "CN"}, {"import": 2550, "export": 0, "id": "BJ"}, {"import": 0, "export": 0, "id": "FR"}, {"import": 0, "export": 0, "id": "IT"}, {"import": 0, "export": 0, "id": "-"}, {"import": 2136960, "export": 0, "id": "JP"}, {"import": 0, "export": 0, "id": "TH"}, {"import": 0, "export": 0, "id": "AE"}, {"import": 0, "export": 0, "id": "US"}, {"import": 0, "export": 0, "id": "BF"}, {"import": 0, "export": 0, "id": "NG"}], "world_import": 2142510, "world_export": 0}, {"date": "2018-04-01", "list": [{"import": 0, "export": 0, "id": "BE"}, {"import": 2000, "export": 0, "id": "CN"}, {"import": 0, "export": 0, "id": "BJ"}, {"import": 0, "export": 0, "id": "FR"}, {"import": 0, "export": 0, "id": "IT"}, {"import": 0, "export": 0, "id": "-"}, {"import": 72030, "export": 0, "id": "JP"}, {"import": 0, "export": 0, "id": "TH"}, {"import": 5000, "export": 0, "id": "AE"}, {"import": 0, "export": 0, "id": "US"}, {"import": 2000, "export": 0, "id": "BF"}, {"import": 0, "export": 0, "id": "NG"}], "world_import": 101030, "world_export": 0}]