[{"date": "2014-05-01", "list": [{"import": 96935, "export": 0, "id": "IN"}, {"import": 0, "export": 0, "id": "US"}, {"import": 3000, "export": 0, "id": "VN"}, {"import": 2200, "export": 0, "id": "TH"}, {"import": 0, "export": 0, "id": "AE"}, {"import": 0, "export": 0, "id": "EG"}, {"import": 0, "export": 0, "id": "AU"}, {"import": 0, "export": 0, "id": "BD"}, {"import": 0, "export": 0, "id": "FR"}, {"import": 0, "export": 0, "id": "DE"}, {"import": 0, "export": 0, "id": "IT"}, {"import": 1050, "export": 0, "id": "PK"}], "world_import": 103185, "world_export": 0}, {"date": "2014-06-01", "list": [{"import": 236505, "export": 0, "id": "IN"}, {"import": 0, "export": 0, "id": "US"}, {"import": 0, "export": 0, "id": "VN"}, {"import": 1200, "export": 0, "id": "TH"}, {"import": 0, "export": 0, "id": "AE"}, {"import": 0, "export": 0, "id": "EG"}, {"import": 0, "export": 0, "id": "AU"}, {"import": 0, "export": 0, "id": "BD"}, {"import": 0, "export": 0, "id": "FR"}, {"import": 0, "export": 0, "id": "DE"}, {"import": 0, "export": 0, "id": "IT"}, {"import": 8400, "export": 0, "id": "PK"}], "world_import": 246105, "world_export": 0}, {"date": "2014-07-01", "list": [{"import": 301716, "export": 0, "id": "IN"}, {"import": 0, "export": 0, "id": "US"}, {"import": 0, "export": 0, "id": "VN"}, {"import": 70980, "export": 0, "id": "TH"}, {"import": 0, "export": 0, "id": "AE"}, {"import": 0, "export": 0, "id": "EG"}, {"import": 0, "export": 0, "id": "AU"}, {"import": 0, "export": 0, "id": "BD"}, {"import": 0, "export": 0, "id": "FR"}, {"import": 0, "export": 0, "id": "DE"}, {"import": 2400, "export": 0, "id": "IT"}, {"import": 137323, "export": 0, "id": "PK"}], "world_import": 512419, "world_export": 0}, {"date": "2014-08-01", "list": [{"import": 99370, "export": 0, "id": "IN"}, {"import": 0, "export": 0, "id": "US"}, {"import": 4000, "export": 0, "id": "VN"}, {"import": 5000, "export": 0, "id": "TH"}, {"import": 0, "export": 0, "id": "AE"}, {"import": 0, "export": 0, "id": "EG"}, {"import": 0, "export": 0, "id": "AU"}, {"import": 0, "export": 0, "id": "BD"}, {"import": 0, "export": 0, "id": "FR"}, {"import": 0, "export": 0, "id": "DE"}, {"import": 0, "export": 0, "id": "IT"}, {"import": 4260, "export": 0, "id": "PK"}], "world_import": 112630, "world_export": 0}, {"date": "2014-09-01", "list": [{"import": 118575, "export": 0, "id": "IN"}, {"import": 0, "export": 0, "id": "US"}, {"import": 0, "export": 0, "id": "VN"}, {"import": 0, "export": 0, "id": "TH"}, {"import": 25000, "export": 0, "id": "AE"}, {"import": 0, "export": 0, "id": "EG"}, {"import": 0, "export": 0, "id": "AU"}, {"import": 0, "export": 0, "id": "BD"}, {"import": 0, "export": 0, "id": "FR"}, {"import": 0, "export": 0, "id": "DE"}, {"import": 0, "export": 0, "id": "IT"}, {"import": 0, "export": 0, "id": "PK"}], "world_import": 143575, "world_export": 0}, {"date": "2014-10-01", "list": [{"import": 43754, "export": 0, "id": "IN"}, {"import": 0, "export": 0, "id": "US"}, {"import": 0, "export": 0, "id": "VN"}, {"import": 0, "export": 0, "id": "TH"}, {"import": 0, "export": 0, "id": "AE"}, {"import": 0, "export": 0, "id": "EG"}, {"import": 0, "export": 0, "id": "AU"}, {"import": 0, "export": 0, "id": "BD"}, {"import": 0, "export": 0, "id": "FR"}, {"import": 0, "export": 0, "id": "DE"}, {"import": 0, "export": 0, "id": "IT"}, {"import": 0, "export": 0, "id": "PK"}], "world_import": 43754, "world_export": 0}, {"date": "2014-11-01", "list": [{"import": 83050, "export": 0, "id": "IN"}, {"import": 0, "export": 0, "id": "US"}, {"import": 250, "export": 0, "id": "VN"}, {"import": 0, "export": 0, "id": "TH"}, {"import": 0, "export": 0, "id": "AE"}, {"import": 0, "export": 0, "id": "EG"}, {"import": 0, "export": 0, "id": "AU"}, {"import": 0, "export": 0, "id": "BD"}, {"import": 0, "export": 0, "id": "FR"}, {"import": 0, "export": 0, "id": "DE"}, {"import": 0, "export": 0, "id": "IT"}, {"import": 2150, "export": 0, "id": "PK"}], "world_import": 85450, "world_export": 0}, {"date": "2014-12-01", "list": [{"import": 47472, "export": 0, "id": "IN"}, {"import": 0, "export": 0, "id": "US"}, {"import": 0, "export": 0, "id": "VN"}, {"import": 0, "export": 0, "id": "TH"}, {"import": 0, "export": 0, "id": "AE"}, {"import": 0, "export": 0, "id": "EG"}, {"import": 0, "export": 0, "id": "AU"}, {"import": 0, "export": 0, "id": "BD"}, {"import": 0, "export": 0, "id": "FR"}, {"import": 0, "export": 0, "id": "DE"}, {"import": 0, "export": 0, "id": "IT"}, {"import": 10000, "export": 0, "id": "PK"}], "world_import": 57472, "world_export": 0}, {"date": "2015-01-01", "list": [{"import": 52100, "export": 0, "id": "IN"}, {"import": 2540, "export": 0, "id": "US"}, {"import": 0, "export": 0, "id": "VN"}, {"import": 0, "export": 0, "id": "TH"}, {"import": 0, "export": 0, "id": "AE"}, {"import": 0, "export": 0, "id": "EG"}, {"import": 0, "export": 0, "id": "AU"}, {"import": 0, "export": 0, "id": "BD"}, {"import": 0, "export": 0, "id": "FR"}, {"import": 0, "export": 0, "id": "DE"}, {"import": 0, "export": 0, "id": "IT"}, {"import": 0, "export": 0, "id": "PK"}], "world_import": 54640, "world_export": 0}, {"date": "2015-02-01", "list": [{"import": 76214, "export": 0, "id": "IN"}, {"import": 0, "export": 0, "id": "US"}, {"import": 0, "export": 0, "id": "VN"}, {"import": 4000, "export": 0, "id": "TH"}, {"import": 0, "export": 0, "id": "AE"}, {"import": 0, "export": 0, "id": "EG"}, {"import": 2500, "export": 0, "id": "AU"}, {"import": 0, "export": 0, "id": "BD"}, {"import": 0, "export": 0, "id": "FR"}, {"import": 0, "export": 0, "id": "DE"}, {"import": 0, "export": 0, "id": "IT"}, {"import": 110700, "export": 0, "id": "PK"}], "world_import": 193414, "world_export": 0}, {"date": "2015-03-01", "list": [{"import": 31776, "export": 0, "id": "IN"}, {"import": 0, "export": 0, "id": "US"}, {"import": 0, "export": 0, "id": "VN"}, {"import": 0, "export": 0, "id": "TH"}, {"import": 0, "export": 0, "id": "AE"}, {"import": 25000, "export": 0, "id": "EG"}, {"import": 0, "export": 0, "id": "AU"}, {"import": 0, "export": 0, "id": "BD"}, {"import": 0, "export": 0, "id": "FR"}, {"import": 0, "export": 0, "id": "DE"}, {"import": 0, "export": 0, "id": "IT"}, {"import": 6110, "export": 0, "id": "PK"}], "world_import": 62886, "world_export": 0}, {"date": "2015-04-01", "list": [{"import": 40146, "export": 0, "id": "IN"}, {"import": 0, "export": 0, "id": "US"}, {"import": 0, "export": 0, "id": "VN"}, {"import": 0, "export": 0, "id": "TH"}, {"import": 0, "export": 0, "id": "AE"}, {"import": 0, "export": 0, "id": "EG"}, {"import": 0, "export": 0, "id": "AU"}, {"import": 0, "export": 0, "id": "BD"}, {"import": 0, "export": 0, "id": "FR"}, {"import": 0, "export": 0, "id": "DE"}, {"import": 0, "export": 0, "id": "IT"}, {"import": 0, "export": 0, "id": "PK"}], "world_import": 40146, "world_export": 0}, {"date": "2015-05-01", "list": [{"import": 63761, "export": 0, "id": "IN"}, {"import": 0, "export": 0, "id": "US"}, {"import": 0, "export": 0, "id": "VN"}, {"import": 5000, "export": 0, "id": "TH"}, {"import": 0, "export": 0, "id": "AE"}, {"import": 0, "export": 0, "id": "EG"}, {"import": 0, "export": 0, "id": "AU"}, {"import": 950, "export": 0, "id": "BD"}, {"import": 5033, "export": 0, "id": "FR"}, {"import": 0, "export": 0, "id": "DE"}, {"import": 0, "export": 0, "id": "IT"}, {"import": 0, "export": 0, "id": "PK"}], "world_import": 74744, "world_export": 0}, {"date": "2015-06-01", "list": [{"import": 30297, "export": 0, "id": "IN"}, {"import": 0, "export": 0, "id": "US"}, {"import": 0, "export": 0, "id": "VN"}, {"import": 0, "export": 0, "id": "TH"}, {"import": 0, "export": 0, "id": "AE"}, {"import": 0, "export": 0, "id": "EG"}, {"import": 0, "export": 0, "id": "AU"}, {"import": 0, "export": 0, "id": "BD"}, {"import": 0, "export": 0, "id": "FR"}, {"import": 0, "export": 0, "id": "DE"}, {"import": 0, "export": 0, "id": "IT"}, {"import": 0, "export": 0, "id": "PK"}], "world_import": 30297, "world_export": 0}, {"date": "2015-07-01", "list": [{"import": 50413, "export": 0, "id": "IN"}, {"import": 0, "export": 0, "id": "US"}, {"import": 0, "export": 0, "id": "VN"}, {"import": 2300, "export": 0, "id": "TH"}, {"import": 0, "export": 0, "id": "AE"}, {"import": 0, "export": 0, "id": "EG"}, {"import": 0, "export": 0, "id": "AU"}, {"import": 0, "export": 0, "id": "BD"}, {"import": 0, "export": 0, "id": "FR"}, {"import": 0, "export": 0, "id": "DE"}, {"import": 0, "export": 0, "id": "IT"}, {"import": 0, "export": 0, "id": "PK"}], "world_import": 52713, "world_export": 0}, {"date": "2015-08-01", "list": [{"import": 21291, "export": 0, "id": "IN"}, {"import": 0, "export": 0, "id": "US"}, {"import": 0, "export": 0, "id": "VN"}, {"import": 0, "export": 0, "id": "TH"}, {"import": 0, "export": 0, "id": "AE"}, {"import": 0, "export": 0, "id": "EG"}, {"import": 0, "export": 0, "id": "AU"}, {"import": 0, "export": 0, "id": "BD"}, {"import": 0, "export": 0, "id": "FR"}, {"import": 170, "export": 0, "id": "DE"}, {"import": 0, "export": 0, "id": "IT"}, {"import": 0, "export": 0, "id": "PK"}], "world_import": 21461, "world_export": 0}, {"date": "2015-09-01", "list": [{"import": 43470, "export": 0, "id": "IN"}, {"import": 0, "export": 0, "id": "US"}, {"import": 0, "export": 0, "id": "VN"}, {"import": 0, "export": 0, "id": "TH"}, {"import": 0, "export": 0, "id": "AE"}, {"import": 0, "export": 0, "id": "EG"}, {"import": 0, "export": 0, "id": "AU"}, {"import": 0, "export": 0, "id": "BD"}, {"import": 0, "export": 0, "id": "FR"}, {"import": 0, "export": 0, "id": "DE"}, {"import": 0, "export": 0, "id": "IT"}, {"import": 0, "export": 0, "id": "PK"}], "world_import": 43470, "world_export": 0}, {"date": "2015-10-01", "list": [{"import": 13300, "export": 0, "id": "IN"}, {"import": 0, "export": 0, "id": "US"}, {"import": 0, "export": 0, "id": "VN"}, {"import": 0, "export": 0, "id": "TH"}, {"import": 0, "export": 0, "id": "AE"}, {"import": 0, "export": 0, "id": "EG"}, {"import": 0, "export": 0, "id": "AU"}, {"import": 0, "export": 0, "id": "BD"}, {"import": 0, "export": 0, "id": "FR"}, {"import": 0, "export": 0, "id": "DE"}, {"import": 0, "export": 0, "id": "IT"}, {"import": 0, "export": 0, "id": "PK"}], "world_import": 13300, "world_export": 0}]