[{"date": "2018-10-01", "list": [{"import": 1359133, "export": 0, "id": "IT"}, {"import": 520549, "export": 0, "id": "DE"}, {"import": 153463, "export": 0, "id": "NL"}, {"import": 347639, "export": 0, "id": "BE"}, {"import": 18000, "export": 0, "id": "PK"}, {"import": 154913, "export": 0, "id": "TH"}, {"import": 49048, "export": 0, "id": "-"}, {"import": 157584, "export": 0, "id": "US"}, {"import": 47988, "export": 0, "id": "KH"}, {"import": 2026, "export": 0, "id": "GB"}, {"import": 45137, "export": 0, "id": "PL"}, {"import": 67929, "export": 0, "id": "IN"}, {"import": 111428, "export": 0, "id": "FR"}, {"import": 27864, "export": 0, "id": "DK"}, {"import": 4330, "export": 0, "id": "ES"}, {"import": 0, "export": 0, "id": "TR"}, {"import": 0, "export": 0, "id": "UY"}, {"import": 0, "export": 0, "id": "IL"}, {"import": 3723, "export": 0, "id": "SK"}, {"import": 0, "export": 0, "id": "VN"}, {"import": 12, "export": 0, "id": "SI"}, {"import": 0, "export": 0, "id": "RO"}, {"import": 0, "export": 0, "id": "CH"}, {"import": 0, "export": 0, "id": "AE"}, {"import": 0, "export": 0, "id": "JP"}, {"import": 0, "export": 0, "id": "KR"}, {"import": 0, "export": 0, "id": "LT"}, {"import": 0, "export": 0, "id": "TW"}, {"import": 23, "export": 0, "id": "HR"}, {"import": 0, "export": 0, "id": "AR"}, {"import": 0, "export": 0, "id": "BD"}, {"import": 0, "export": 0, "id": "GR"}, {"import": 8088, "export": 0, "id": "HU"}, {"import": 0, "export": 0, "id": "IR"}], "world_import": 3078877, "world_export": 0}, {"date": "2018-11-01", "list": [{"import": 1300346, "export": 0, "id": "IT"}, {"import": 586477, "export": 0, "id": "DE"}, {"import": 86913, "export": 0, "id": "NL"}, {"import": 338771, "export": 0, "id": "BE"}, {"import": 88000, "export": 0, "id": "PK"}, {"import": 25180, "export": 0, "id": "TH"}, {"import": 72784, "export": 0, "id": "-"}, {"import": 478150, "export": 0, "id": "US"}, {"import": 70596, "export": 0, "id": "KH"}, {"import": 18546, "export": 0, "id": "GB"}, {"import": 24719, "export": 0, "id": "PL"}, {"import": 23020, "export": 0, "id": "IN"}, {"import": 115706, "export": 0, "id": "FR"}, {"import": 23976, "export": 0, "id": "DK"}, {"import": 383, "export": 0, "id": "ES"}, {"import": 0, "export": 0, "id": "TR"}, {"import": 0, "export": 0, "id": "UY"}, {"import": 0, "export": 0, "id": "IL"}, {"import": 651, "export": 0, "id": "SK"}, {"import": 0, "export": 0, "id": "VN"}, {"import": 0, "export": 0, "id": "SI"}, {"import": 0, "export": 0, "id": "RO"}, {"import": 450, "export": 0, "id": "CH"}, {"import": 0, "export": 0, "id": "AE"}, {"import": 0, "export": 0, "id": "JP"}, {"import": 0, "export": 0, "id": "KR"}, {"import": 0, "export": 0, "id": "LT"}, {"import": 0, "export": 0, "id": "TW"}, {"import": 0, "export": 0, "id": "HR"}, {"import": 0, "export": 0, "id": "AR"}, {"import": 0, "export": 0, "id": "BD"}, {"import": 0, "export": 0, "id": "GR"}, {"import": 696, "export": 0, "id": "HU"}, {"import": 6786, "export": 0, "id": "IR"}], "world_import": 3262150, "world_export": 0}, {"date": "2018-12-01", "list": [{"import": 1532167, "export": 0, "id": "IT"}, {"import": 478475, "export": 0, "id": "DE"}, {"import": 253249, "export": 0, "id": "NL"}, {"import": 299536, "export": 0, "id": "BE"}, {"import": 0, "export": 0, "id": "PK"}, {"import": 20000, "export": 0, "id": "TH"}, {"import": 50444, "export": 0, "id": "-"}, {"import": 343964, "export": 0, "id": "US"}, {"import": 94050, "export": 0, "id": "KH"}, {"import": 17704, "export": 0, "id": "GB"}, {"import": 24803, "export": 0, "id": "PL"}, {"import": 18620, "export": 0, "id": "IN"}, {"import": 86169, "export": 0, "id": "FR"}, {"import": 7776, "export": 0, "id": "DK"}, {"import": 0, "export": 0, "id": "ES"}, {"import": 0, "export": 0, "id": "TR"}, {"import": 0, "export": 0, "id": "UY"}, {"import": 0, "export": 0, "id": "IL"}, {"import": 1707, "export": 0, "id": "SK"}, {"import": 0, "export": 0, "id": "VN"}, {"import": 0, "export": 0, "id": "SI"}, {"import": 0, "export": 0, "id": "RO"}, {"import": 0, "export": 0, "id": "CH"}, {"import": 0, "export": 0, "id": "AE"}, {"import": 500, "export": 0, "id": "JP"}, {"import": 0, "export": 0, "id": "KR"}, {"import": 0, "export": 0, "id": "LT"}, {"import": 0, "export": 0, "id": "TW"}, {"import": 0, "export": 0, "id": "HR"}, {"import": 0, "export": 0, "id": "AR"}, {"import": 0, "export": 0, "id": "BD"}, {"import": 0, "export": 0, "id": "GR"}, {"import": 1163, "export": 0, "id": "HU"}, {"import": 0, "export": 0, "id": "IR"}], "world_import": 3230327, "world_export": 0}, {"date": "2019-01-01", "list": [{"import": 1143403, "export": 0, "id": "IT"}, {"import": 642827, "export": 0, "id": "DE"}, {"import": 169418, "export": 0, "id": "NL"}, {"import": 262156, "export": 0, "id": "BE"}, {"import": 64000, "export": 0, "id": "PK"}, {"import": 60100, "export": 0, "id": "TH"}, {"import": 46872, "export": 0, "id": "-"}, {"import": 2250, "export": 0, "id": "US"}, {"import": 119808, "export": 0, "id": "KH"}, {"import": 15096, "export": 0, "id": "GB"}, {"import": 24761, "export": 0, "id": "PL"}, {"import": 37920, "export": 0, "id": "IN"}, {"import": 102620, "export": 0, "id": "FR"}, {"import": 37589, "export": 0, "id": "DK"}, {"import": 4260, "export": 0, "id": "ES"}, {"import": 0, "export": 0, "id": "TR"}, {"import": 0, "export": 0, "id": "UY"}, {"import": 0, "export": 0, "id": "IL"}, {"import": 3375, "export": 0, "id": "SK"}, {"import": 0, "export": 0, "id": "VN"}, {"import": 424, "export": 0, "id": "SI"}, {"import": 0, "export": 0, "id": "RO"}, {"import": 0, "export": 0, "id": "CH"}, {"import": 0, "export": 0, "id": "AE"}, {"import": 500, "export": 0, "id": "JP"}, {"import": 0, "export": 0, "id": "KR"}, {"import": 0, "export": 0, "id": "LT"}, {"import": 0, "export": 0, "id": "TW"}, {"import": 0, "export": 0, "id": "HR"}, {"import": 25000, "export": 0, "id": "AR"}, {"import": 0, "export": 0, "id": "BD"}, {"import": 5115, "export": 0, "id": "GR"}, {"import": 0, "export": 0, "id": "HU"}, {"import": 0, "export": 0, "id": "IR"}], "world_import": 2767494, "world_export": 0}, {"date": "2019-02-01", "list": [{"import": 1039272, "export": 0, "id": "IT"}, {"import": 531130, "export": 0, "id": "DE"}, {"import": 127755, "export": 0, "id": "NL"}, {"import": 287568, "export": 0, "id": "BE"}, {"import": 18500, "export": 0, "id": "PK"}, {"import": 64500, "export": 0, "id": "TH"}, {"import": 23968, "export": 0, "id": "-"}, {"import": 43608, "export": 0, "id": "US"}, {"import": 164654, "export": 0, "id": "KH"}, {"import": 2814, "export": 0, "id": "GB"}, {"import": 22526, "export": 0, "id": "PL"}, {"import": 6552, "export": 0, "id": "IN"}, {"import": 83526, "export": 0, "id": "FR"}, {"import": 30456, "export": 0, "id": "DK"}, {"import": 0, "export": 0, "id": "ES"}, {"import": 0, "export": 0, "id": "TR"}, {"import": 0, "export": 0, "id": "UY"}, {"import": 0, "export": 0, "id": "IL"}, {"import": 55839, "export": 0, "id": "SK"}, {"import": 0, "export": 0, "id": "VN"}, {"import": 42, "export": 0, "id": "SI"}, {"import": 0, "export": 0, "id": "RO"}, {"import": 0, "export": 0, "id": "CH"}, {"import": 0, "export": 0, "id": "AE"}, {"import": 180, "export": 0, "id": "JP"}, {"import": 480, "export": 0, "id": "KR"}, {"import": 0, "export": 0, "id": "LT"}, {"import": 173, "export": 0, "id": "TW"}, {"import": 0, "export": 0, "id": "HR"}, {"import": 0, "export": 0, "id": "AR"}, {"import": 0, "export": 0, "id": "BD"}, {"import": 0, "export": 0, "id": "GR"}, {"import": 3607, "export": 0, "id": "HU"}, {"import": 0, "export": 0, "id": "IR"}], "world_import": 2507150, "world_export": 0}, {"date": "2019-03-01", "list": [{"import": 1142224, "export": 0, "id": "IT"}, {"import": 757702, "export": 0, "id": "DE"}, {"import": 182815, "export": 0, "id": "NL"}, {"import": 416562, "export": 0, "id": "BE"}, {"import": 123760, "export": 0, "id": "PK"}, {"import": 153240, "export": 0, "id": "TH"}, {"import": 24408, "export": 0, "id": "-"}, {"import": 137769, "export": 0, "id": "US"}, {"import": 24984, "export": 0, "id": "KH"}, {"import": 162575, "export": 0, "id": "GB"}, {"import": 47016, "export": 0, "id": "PL"}, {"import": 27400, "export": 0, "id": "IN"}, {"import": 94733, "export": 0, "id": "FR"}, {"import": 15984, "export": 0, "id": "DK"}, {"import": 4294, "export": 0, "id": "ES"}, {"import": 864, "export": 0, "id": "TR"}, {"import": 0, "export": 0, "id": "UY"}, {"import": 0, "export": 0, "id": "IL"}, {"import": 16968, "export": 0, "id": "SK"}, {"import": 0, "export": 0, "id": "VN"}, {"import": 0, "export": 0, "id": "SI"}, {"import": 1596, "export": 0, "id": "RO"}, {"import": 0, "export": 0, "id": "CH"}, {"import": 0, "export": 0, "id": "AE"}, {"import": 460, "export": 0, "id": "JP"}, {"import": 0, "export": 0, "id": "KR"}, {"import": 0, "export": 0, "id": "LT"}, {"import": 0, "export": 0, "id": "TW"}, {"import": 0, "export": 0, "id": "HR"}, {"import": 0, "export": 0, "id": "AR"}, {"import": 0, "export": 0, "id": "BD"}, {"import": 1101, "export": 0, "id": "GR"}, {"import": 0, "export": 0, "id": "HU"}, {"import": 3890, "export": 0, "id": "IR"}], "world_import": 3340345, "world_export": 0}, {"date": "2019-04-01", "list": [{"import": 1103198, "export": 0, "id": "IT"}, {"import": 476856, "export": 0, "id": "DE"}, {"import": 172920, "export": 0, "id": "NL"}, {"import": 272523, "export": 0, "id": "BE"}, {"import": 56390, "export": 0, "id": "PK"}, {"import": 115034, "export": 0, "id": "TH"}, {"import": 22425, "export": 0, "id": "-"}, {"import": 136475, "export": 0, "id": "US"}, {"import": 49968, "export": 0, "id": "KH"}, {"import": 27907, "export": 0, "id": "GB"}, {"import": 24493, "export": 0, "id": "PL"}, {"import": 20798, "export": 0, "id": "IN"}, {"import": 65500, "export": 0, "id": "FR"}, {"import": 29808, "export": 0, "id": "DK"}, {"import": 0, "export": 0, "id": "ES"}, {"import": 0, "export": 0, "id": "TR"}, {"import": 0, "export": 0, "id": "UY"}, {"import": 240, "export": 0, "id": "IL"}, {"import": 8404, "export": 0, "id": "SK"}, {"import": 23400, "export": 0, "id": "VN"}, {"import": 0, "export": 0, "id": "SI"}, {"import": 0, "export": 0, "id": "RO"}, {"import": 0, "export": 0, "id": "CH"}, {"import": 0, "export": 0, "id": "AE"}, {"import": 0, "export": 0, "id": "JP"}, {"import": 240, "export": 0, "id": "KR"}, {"import": 0, "export": 0, "id": "LT"}, {"import": 0, "export": 0, "id": "TW"}, {"import": 0, "export": 0, "id": "HR"}, {"import": 0, "export": 0, "id": "AR"}, {"import": 0, "export": 0, "id": "BD"}, {"import": 0, "export": 0, "id": "GR"}, {"import": 0, "export": 0, "id": "HU"}, {"import": 0, "export": 0, "id": "IR"}], "world_import": 2606579, "world_export": 0}, {"date": "2019-05-01", "list": [{"import": 1106649, "export": 0, "id": "IT"}, {"import": 626196, "export": 0, "id": "DE"}, {"import": 297412, "export": 0, "id": "NL"}, {"import": 271154, "export": 0, "id": "BE"}, {"import": 0, "export": 0, "id": "PK"}, {"import": 23338, "export": 0, "id": "TH"}, {"import": 1021, "export": 0, "id": "-"}, {"import": 112806, "export": 0, "id": "US"}, {"import": 23994, "export": 0, "id": "KH"}, {"import": 14, "export": 0, "id": "GB"}, {"import": 47501, "export": 0, "id": "PL"}, {"import": 35720, "export": 0, "id": "IN"}, {"import": 59556, "export": 0, "id": "FR"}, {"import": 0, "export": 0, "id": "DK"}, {"import": 4397, "export": 0, "id": "ES"}, {"import": 1856, "export": 0, "id": "TR"}, {"import": 0, "export": 0, "id": "UY"}, {"import": 0, "export": 0, "id": "IL"}, {"import": 15903, "export": 0, "id": "SK"}, {"import": 23896, "export": 0, "id": "VN"}, {"import": 0, "export": 0, "id": "SI"}, {"import": 0, "export": 0, "id": "RO"}, {"import": 450, "export": 0, "id": "CH"}, {"import": 0, "export": 0, "id": "AE"}, {"import": 500, "export": 0, "id": "JP"}, {"import": 160, "export": 0, "id": "KR"}, {"import": 0, "export": 0, "id": "LT"}, {"import": 0, "export": 0, "id": "TW"}, {"import": 0, "export": 0, "id": "HR"}, {"import": 0, "export": 0, "id": "AR"}, {"import": 0, "export": 0, "id": "BD"}, {"import": 0, "export": 0, "id": "GR"}, {"import": 0, "export": 0, "id": "HU"}, {"import": 0, "export": 0, "id": "IR"}], "world_import": 2652523, "world_export": 0}, {"date": "2019-06-01", "list": [{"import": 1045274, "export": 0, "id": "IT"}, {"import": 611311, "export": 0, "id": "DE"}, {"import": 148804, "export": 0, "id": "NL"}, {"import": 345360, "export": 0, "id": "BE"}, {"import": 33580, "export": 0, "id": "PK"}, {"import": 34940, "export": 0, "id": "TH"}, {"import": 796, "export": 0, "id": "-"}, {"import": 19747, "export": 0, "id": "US"}, {"import": 24984, "export": 0, "id": "KH"}, {"import": 322470, "export": 0, "id": "GB"}, {"import": 24589, "export": 0, "id": "PL"}, {"import": 87512, "export": 0, "id": "IN"}, {"import": 78163, "export": 0, "id": "FR"}, {"import": 25926, "export": 0, "id": "DK"}, {"import": 4263, "export": 0, "id": "ES"}, {"import": 864, "export": 0, "id": "TR"}, {"import": 0, "export": 0, "id": "UY"}, {"import": 0, "export": 0, "id": "IL"}, {"import": 5257, "export": 0, "id": "SK"}, {"import": 0, "export": 0, "id": "VN"}, {"import": 0, "export": 0, "id": "SI"}, {"import": 0, "export": 0, "id": "RO"}, {"import": 0, "export": 0, "id": "CH"}, {"import": 0, "export": 0, "id": "AE"}, {"import": 0, "export": 0, "id": "JP"}, {"import": 0, "export": 0, "id": "KR"}, {"import": 0, "export": 0, "id": "LT"}, {"import": 0, "export": 0, "id": "TW"}, {"import": 0, "export": 0, "id": "HR"}, {"import": 0, "export": 0, "id": "AR"}, {"import": 0, "export": 0, "id": "BD"}, {"import": 0, "export": 0, "id": "GR"}, {"import": 0, "export": 0, "id": "HU"}, {"import": 0, "export": 0, "id": "IR"}], "world_import": 2813840, "world_export": 0}, {"date": "2019-07-01", "list": [{"import": 1261127, "export": 0, "id": "IT"}, {"import": 615387, "export": 0, "id": "DE"}, {"import": 194800, "export": 0, "id": "NL"}, {"import": 328201, "export": 0, "id": "BE"}, {"import": 136900, "export": 0, "id": "PK"}, {"import": 152983, "export": 0, "id": "TH"}, {"import": 990, "export": 0, "id": "-"}, {"import": 298460, "export": 0, "id": "US"}, {"import": 284812, "export": 0, "id": "KH"}, {"import": 44111, "export": 0, "id": "GB"}, {"import": 21688, "export": 0, "id": "PL"}, {"import": 37320, "export": 0, "id": "IN"}, {"import": 104448, "export": 0, "id": "FR"}, {"import": 26568, "export": 0, "id": "DK"}, {"import": 6800, "export": 0, "id": "ES"}, {"import": 496, "export": 0, "id": "TR"}, {"import": 0, "export": 0, "id": "UY"}, {"import": 0, "export": 0, "id": "IL"}, {"import": 4265, "export": 0, "id": "SK"}, {"import": 47296, "export": 0, "id": "VN"}, {"import": 0, "export": 0, "id": "SI"}, {"import": 0, "export": 0, "id": "RO"}, {"import": 0, "export": 0, "id": "CH"}, {"import": 120, "export": 0, "id": "AE"}, {"import": 860, "export": 0, "id": "JP"}, {"import": 0, "export": 0, "id": "KR"}, {"import": 0, "export": 0, "id": "LT"}, {"import": 0, "export": 0, "id": "TW"}, {"import": 0, "export": 0, "id": "HR"}, {"import": 0, "export": 0, "id": "AR"}, {"import": 0, "export": 0, "id": "BD"}, {"import": 0, "export": 0, "id": "GR"}, {"import": 0, "export": 0, "id": "HU"}, {"import": 0, "export": 0, "id": "IR"}], "world_import": 3567632, "world_export": 0}, {"date": "2019-08-01", "list": [{"import": 730801, "export": 0, "id": "IT"}, {"import": 510609, "export": 0, "id": "DE"}, {"import": 155083, "export": 0, "id": "NL"}, {"import": 209400, "export": 0, "id": "BE"}, {"import": 18000, "export": 0, "id": "PK"}, {"import": 189944, "export": 0, "id": "TH"}, {"import": 19778, "export": 0, "id": "-"}, {"import": 59790, "export": 0, "id": "US"}, {"import": 0, "export": 0, "id": "KH"}, {"import": 2574, "export": 0, "id": "GB"}, {"import": 107549, "export": 0, "id": "PL"}, {"import": 109760, "export": 0, "id": "IN"}, {"import": 77797, "export": 0, "id": "FR"}, {"import": 17496, "export": 0, "id": "DK"}, {"import": 0, "export": 0, "id": "ES"}, {"import": 0, "export": 0, "id": "TR"}, {"import": 0, "export": 0, "id": "UY"}, {"import": 0, "export": 0, "id": "IL"}, {"import": 123374, "export": 0, "id": "SK"}, {"import": 23941, "export": 0, "id": "VN"}, {"import": 0, "export": 0, "id": "SI"}, {"import": 0, "export": 0, "id": "RO"}, {"import": 1000, "export": 0, "id": "CH"}, {"import": 0, "export": 0, "id": "AE"}, {"import": 0, "export": 0, "id": "JP"}, {"import": 0, "export": 0, "id": "KR"}, {"import": 0, "export": 0, "id": "LT"}, {"import": 0, "export": 0, "id": "TW"}, {"import": 0, "export": 0, "id": "HR"}, {"import": 0, "export": 0, "id": "AR"}, {"import": 0, "export": 0, "id": "BD"}, {"import": 0, "export": 0, "id": "GR"}, {"import": 0, "export": 0, "id": "HU"}, {"import": 0, "export": 0, "id": "IR"}], "world_import": 2356896, "world_export": 0}, {"date": "2019-09-01", "list": [{"import": 971925, "export": 0, "id": "IT"}, {"import": 722876, "export": 0, "id": "DE"}, {"import": 125589, "export": 0, "id": "NL"}, {"import": 415335, "export": 0, "id": "BE"}, {"import": 44261, "export": 0, "id": "PK"}, {"import": 42008, "export": 0, "id": "TH"}, {"import": 24049, "export": 0, "id": "-"}, {"import": 199078, "export": 0, "id": "US"}, {"import": 47990, "export": 0, "id": "KH"}, {"import": 45037, "export": 0, "id": "GB"}, {"import": 97938, "export": 0, "id": "PL"}, {"import": 24000, "export": 0, "id": "IN"}, {"import": 58351, "export": 0, "id": "FR"}, {"import": 10368, "export": 0, "id": "DK"}, {"import": 121, "export": 0, "id": "ES"}, {"import": 0, "export": 0, "id": "TR"}, {"import": 0, "export": 0, "id": "UY"}, {"import": 0, "export": 0, "id": "IL"}, {"import": 4660, "export": 0, "id": "SK"}, {"import": 0, "export": 0, "id": "VN"}, {"import": 0, "export": 0, "id": "SI"}, {"import": 0, "export": 0, "id": "RO"}, {"import": 0, "export": 0, "id": "CH"}, {"import": 0, "export": 0, "id": "AE"}, {"import": 260, "export": 0, "id": "JP"}, {"import": 160, "export": 0, "id": "KR"}, {"import": 500, "export": 0, "id": "LT"}, {"import": 0, "export": 0, "id": "TW"}, {"import": 0, "export": 0, "id": "HR"}, {"import": 0, "export": 0, "id": "AR"}, {"import": 0, "export": 0, "id": "BD"}, {"import": 0, "export": 0, "id": "GR"}, {"import": 363, "export": 0, "id": "HU"}, {"import": 0, "export": 0, "id": "IR"}], "world_import": 2834869, "world_export": 0}, {"date": "2019-10-01", "list": [{"import": 1147297, "export": 0, "id": "IT"}, {"import": 754853, "export": 0, "id": "DE"}, {"import": 251252, "export": 0, "id": "NL"}, {"import": 251680, "export": 0, "id": "BE"}, {"import": 61000, "export": 0, "id": "PK"}, {"import": 265742, "export": 0, "id": "TH"}, {"import": 71238, "export": 0, "id": "-"}, {"import": 354610, "export": 0, "id": "US"}, {"import": 71820, "export": 0, "id": "KH"}, {"import": 252253, "export": 0, "id": "GB"}, {"import": 179675, "export": 0, "id": "PL"}, {"import": 68400, "export": 0, "id": "IN"}, {"import": 82168, "export": 0, "id": "FR"}, {"import": 7822, "export": 0, "id": "DK"}, {"import": 0, "export": 0, "id": "ES"}, {"import": 0, "export": 0, "id": "TR"}, {"import": 864, "export": 0, "id": "UY"}, {"import": 216, "export": 0, "id": "IL"}, {"import": 8732, "export": 0, "id": "SK"}, {"import": 23940, "export": 0, "id": "VN"}, {"import": 0, "export": 0, "id": "SI"}, {"import": 0, "export": 0, "id": "RO"}, {"import": 0, "export": 0, "id": "CH"}, {"import": 0, "export": 0, "id": "AE"}, {"import": 500, "export": 0, "id": "JP"}, {"import": 288, "export": 0, "id": "KR"}, {"import": 0, "export": 0, "id": "LT"}, {"import": 0, "export": 0, "id": "TW"}, {"import": 0, "export": 0, "id": "HR"}, {"import": 0, "export": 0, "id": "AR"}, {"import": 0, "export": 0, "id": "BD"}, {"import": 0, "export": 0, "id": "GR"}, {"import": 0, "export": 0, "id": "HU"}, {"import": 13720, "export": 0, "id": "IR"}], "world_import": 3868070, "world_export": 0}, {"date": "2019-11-01", "list": [{"import": 1423753, "export": 0, "id": "IT"}, {"import": 846150, "export": 0, "id": "DE"}, {"import": 134170, "export": 0, "id": "NL"}, {"import": 403990, "export": 0, "id": "BE"}, {"import": 0, "export": 0, "id": "PK"}, {"import": 43000, "export": 0, "id": "TH"}, {"import": 91176, "export": 0, "id": "-"}, {"import": 397303, "export": 0, "id": "US"}, {"import": 45594, "export": 0, "id": "KH"}, {"import": 3903, "export": 0, "id": "GB"}, {"import": 114864, "export": 0, "id": "PL"}, {"import": 100300, "export": 0, "id": "IN"}, {"import": 45421, "export": 0, "id": "FR"}, {"import": 8471, "export": 0, "id": "DK"}, {"import": 6769, "export": 0, "id": "ES"}, {"import": 24192, "export": 0, "id": "TR"}, {"import": 0, "export": 0, "id": "UY"}, {"import": 0, "export": 0, "id": "IL"}, {"import": 2456, "export": 0, "id": "SK"}, {"import": 69480, "export": 0, "id": "VN"}, {"import": 0, "export": 0, "id": "SI"}, {"import": 10278, "export": 0, "id": "RO"}, {"import": 0, "export": 0, "id": "CH"}, {"import": 0, "export": 0, "id": "AE"}, {"import": 0, "export": 0, "id": "JP"}, {"import": 0, "export": 0, "id": "KR"}, {"import": 0, "export": 0, "id": "LT"}, {"import": 0, "export": 0, "id": "TW"}, {"import": 0, "export": 0, "id": "HR"}, {"import": 0, "export": 0, "id": "AR"}, {"import": 0, "export": 0, "id": "BD"}, {"import": 0, "export": 0, "id": "GR"}, {"import": 735, "export": 0, "id": "HU"}, {"import": 0, "export": 0, "id": "IR"}], "world_import": 3772005, "world_export": 0}, {"date": "2019-12-01", "list": [{"import": 1344648, "export": 0, "id": "IT"}, {"import": 534607, "export": 0, "id": "DE"}, {"import": 331712, "export": 0, "id": "NL"}, {"import": 455380, "export": 0, "id": "BE"}, {"import": 91760, "export": 0, "id": "PK"}, {"import": 185669, "export": 0, "id": "TH"}, {"import": 50780, "export": 0, "id": "-"}, {"import": 99757, "export": 0, "id": "US"}, {"import": 73674, "export": 0, "id": "KH"}, {"import": 80605, "export": 0, "id": "GB"}, {"import": 115062, "export": 0, "id": "PL"}, {"import": 32200, "export": 0, "id": "IN"}, {"import": 124222, "export": 0, "id": "FR"}, {"import": 9102, "export": 0, "id": "DK"}, {"import": 0, "export": 0, "id": "ES"}, {"import": 512, "export": 0, "id": "TR"}, {"import": 0, "export": 0, "id": "UY"}, {"import": 0, "export": 0, "id": "IL"}, {"import": 21858, "export": 0, "id": "SK"}, {"import": 86170, "export": 0, "id": "VN"}, {"import": 18, "export": 0, "id": "SI"}, {"import": 0, "export": 0, "id": "RO"}, {"import": 0, "export": 0, "id": "CH"}, {"import": 0, "export": 0, "id": "AE"}, {"import": 200, "export": 0, "id": "JP"}, {"import": 960, "export": 0, "id": "KR"}, {"import": 0, "export": 0, "id": "LT"}, {"import": 0, "export": 0, "id": "TW"}, {"import": 0, "export": 0, "id": "HR"}, {"import": 0, "export": 0, "id": "AR"}, {"import": 0, "export": 0, "id": "BD"}, {"import": 0, "export": 0, "id": "GR"}, {"import": 5517, "export": 0, "id": "HU"}, {"import": 0, "export": 0, "id": "IR"}], "world_import": 3644413, "world_export": 0}, {"date": "2020-01-01", "list": [{"import": 1217668, "export": 0, "id": "IT"}, {"import": 701115, "export": 0, "id": "DE"}, {"import": 115279, "export": 0, "id": "NL"}, {"import": 425420, "export": 0, "id": "BE"}, {"import": 100000, "export": 0, "id": "PK"}, {"import": 84690, "export": 0, "id": "TH"}, {"import": 79196, "export": 0, "id": "-"}, {"import": 1800, "export": 0, "id": "US"}, {"import": 47988, "export": 0, "id": "KH"}, {"import": 167932, "export": 0, "id": "GB"}, {"import": 127933, "export": 0, "id": "PL"}, {"import": 24600, "export": 0, "id": "IN"}, {"import": 51253, "export": 0, "id": "FR"}, {"import": 17496, "export": 0, "id": "DK"}, {"import": 0, "export": 0, "id": "ES"}, {"import": 864, "export": 0, "id": "TR"}, {"import": 0, "export": 0, "id": "UY"}, {"import": 0, "export": 0, "id": "IL"}, {"import": 3804, "export": 0, "id": "SK"}, {"import": 23940, "export": 0, "id": "VN"}, {"import": 0, "export": 0, "id": "SI"}, {"import": 45, "export": 0, "id": "RO"}, {"import": 8, "export": 0, "id": "CH"}, {"import": 0, "export": 0, "id": "AE"}, {"import": 440, "export": 0, "id": "JP"}, {"import": 0, "export": 0, "id": "KR"}, {"import": 0, "export": 0, "id": "LT"}, {"import": 0, "export": 0, "id": "TW"}, {"import": 0, "export": 0, "id": "HR"}, {"import": 0, "export": 0, "id": "AR"}, {"import": 0, "export": 0, "id": "BD"}, {"import": 0, "export": 0, "id": "GR"}, {"import": 1212, "export": 0, "id": "HU"}, {"import": 590, "export": 0, "id": "IR"}], "world_import": 3193273, "world_export": 0}, {"date": "2020-02-01", "list": [{"import": 1320953, "export": 0, "id": "IT"}, {"import": 384845, "export": 0, "id": "DE"}, {"import": 171047, "export": 0, "id": "NL"}, {"import": 401949, "export": 0, "id": "BE"}, {"import": 132410, "export": 0, "id": "PK"}, {"import": 43992, "export": 0, "id": "TH"}, {"import": 62543, "export": 0, "id": "-"}, {"import": 17440, "export": 0, "id": "US"}, {"import": 46440, "export": 0, "id": "KH"}, {"import": 34227, "export": 0, "id": "GB"}, {"import": 64569, "export": 0, "id": "PL"}, {"import": 61980, "export": 0, "id": "IN"}, {"import": 37018, "export": 0, "id": "FR"}, {"import": 0, "export": 0, "id": "DK"}, {"import": 0, "export": 0, "id": "ES"}, {"import": 0, "export": 0, "id": "TR"}, {"import": 0, "export": 0, "id": "UY"}, {"import": 0, "export": 0, "id": "IL"}, {"import": 4880, "export": 0, "id": "SK"}, {"import": 70542, "export": 0, "id": "VN"}, {"import": 0, "export": 0, "id": "SI"}, {"import": 240, "export": 0, "id": "RO"}, {"import": 0, "export": 0, "id": "CH"}, {"import": 0, "export": 0, "id": "AE"}, {"import": 560, "export": 0, "id": "JP"}, {"import": 0, "export": 0, "id": "KR"}, {"import": 0, "export": 0, "id": "LT"}, {"import": 0, "export": 0, "id": "TW"}, {"import": 0, "export": 0, "id": "HR"}, {"import": 0, "export": 0, "id": "AR"}, {"import": 0, "export": 0, "id": "BD"}, {"import": 0, "export": 0, "id": "GR"}, {"import": 1012, "export": 0, "id": "HU"}, {"import": 0, "export": 0, "id": "IR"}], "world_import": 2856647, "world_export": 0}, {"date": "2020-03-01", "list": [{"import": 2161035, "export": 0, "id": "IT"}, {"import": 827473, "export": 0, "id": "DE"}, {"import": 173200, "export": 0, "id": "NL"}, {"import": 678872, "export": 0, "id": "BE"}, {"import": 99000, "export": 0, "id": "PK"}, {"import": 93800, "export": 0, "id": "TH"}, {"import": 39645, "export": 0, "id": "-"}, {"import": 38153, "export": 0, "id": "US"}, {"import": 168648, "export": 0, "id": "KH"}, {"import": 8973, "export": 0, "id": "GB"}, {"import": 171271, "export": 0, "id": "PL"}, {"import": 105127, "export": 0, "id": "IN"}, {"import": 60652, "export": 0, "id": "FR"}, {"import": 14276, "export": 0, "id": "DK"}, {"import": 4320, "export": 0, "id": "ES"}, {"import": 0, "export": 0, "id": "TR"}, {"import": 864, "export": 0, "id": "UY"}, {"import": 204, "export": 0, "id": "IL"}, {"import": 9723, "export": 0, "id": "SK"}, {"import": 45525, "export": 0, "id": "VN"}, {"import": 72, "export": 0, "id": "SI"}, {"import": 0, "export": 0, "id": "RO"}, {"import": 0, "export": 0, "id": "CH"}, {"import": 0, "export": 0, "id": "AE"}, {"import": 180, "export": 0, "id": "JP"}, {"import": 480, "export": 0, "id": "KR"}, {"import": 0, "export": 0, "id": "LT"}, {"import": 0, "export": 0, "id": "TW"}, {"import": 0, "export": 0, "id": "HR"}, {"import": 0, "export": 0, "id": "AR"}, {"import": 0, "export": 0, "id": "BD"}, {"import": 0, "export": 0, "id": "GR"}, {"import": 0, "export": 0, "id": "HU"}, {"import": 0, "export": 0, "id": "IR"}], "world_import": 4701493, "world_export": 0}, {"date": "12-01", "list": [{"import": 0, "export": 1, "id": "-"}], "world_import": 0, "world_export": 16}, {"date": "1-01", "list": [{"import": 0, "export": 2, "id": "-"}], "world_import": 0, "world_export": 9}, {"date": "2-01", "list": [{"import": 0, "export": 70244, "id": "DE"}, {"import": 0, "export": 24861, "id": "IT"}, {"import": 0, "export": 72442, "id": "HU"}, {"import": 0, "export": 4232, "id": "HR"}, {"import": 0, "export": 1100, "id": "RS"}, {"import": 0, "export": 25827, "id": "SK"}, {"import": 0, "export": 32391, "id": "PL"}, {"import": 0, "export": 8411, "id": "SI"}, {"import": 0, "export": 2, "id": "-"}, {"import": 0, "export": 2977, "id": "RO"}, {"import": 0, "export": 0, "id": "GR"}, {"import": 0, "export": 0, "id": "FR"}, {"import": 0, "export": 0, "id": "LT"}, {"import": 0, "export": 0, "id": "LU"}, {"import": 0, "export": 0, "id": null}, {"import": 0, "export": 0, "id": "NL"}, {"import": 0, "export": 0, "id": "DK"}, {"import": 0, "export": 0, "id": "FI"}, {"import": 0, "export": 334, "id": "CY"}, {"import": 0, "export": 0, "id": "BE"}, {"import": 0, "export": 474, "id": "BG"}, {"import": 0, "export": 0, "id": "ES"}, {"import": 0, "export": 150, "id": "CH"}, {"import": 0, "export": 0, "id": "TG"}], "world_import": 0, "world_export": 270486}, {"date": "Unnamed: 3-01", "list": [{"import": 0, "export": 60675, "id": "DE"}, {"import": 0, "export": 22959, "id": "IT"}, {"import": 0, "export": 30936, "id": "HU"}, {"import": 0, "export": 8410, "id": "HR"}, {"import": 0, "export": 0, "id": "RS"}, {"import": 0, "export": 17029, "id": "SK"}, {"import": 0, "export": 25104, "id": "PL"}, {"import": 0, "export": 9557, "id": "SI"}, {"import": 0, "export": 15209, "id": "-"}, {"import": 0, "export": 2648, "id": "RO"}, {"import": 0, "export": 0, "id": "GR"}, {"import": 0, "export": 32, "id": "FR"}, {"import": 0, "export": 1650, "id": "LT"}, {"import": 0, "export": 0, "id": "LU"}, {"import": 0, "export": 0, "id": null}, {"import": 0, "export": 0, "id": "NL"}, {"import": 0, "export": 3992, "id": "DK"}, {"import": 0, "export": 0, "id": "FI"}, {"import": 0, "export": 3024, "id": "CY"}, {"import": 0, "export": 1210, "id": "BE"}, {"import": 0, "export": 1333, "id": "BG"}, {"import": 0, "export": 72, "id": "ES"}, {"import": 0, "export": 0, "id": "CH"}, {"import": 0, "export": 0, "id": "TG"}], "world_import": 0, "world_export": 203840}, {"date": "Unnamed: 4-01", "list": [{"import": 0, "export": 66716, "id": "DE"}, {"import": 0, "export": 16189, "id": "IT"}, {"import": 0, "export": 27493, "id": "HU"}, {"import": 0, "export": 10180, "id": "HR"}, {"import": 0, "export": 5986, "id": "RS"}, {"import": 0, "export": 17829, "id": "SK"}, {"import": 0, "export": 12868, "id": "PL"}, {"import": 0, "export": 7930, "id": "SI"}, {"import": 0, "export": 18892, "id": "-"}, {"import": 0, "export": 6837, "id": "RO"}, {"import": 0, "export": 0, "id": "GR"}, {"import": 0, "export": 472, "id": "FR"}, {"import": 0, "export": 0, "id": "LT"}, {"import": 0, "export": 0, "id": "LU"}, {"import": 0, "export": 0, "id": null}, {"import": 0, "export": 0, "id": "NL"}, {"import": 0, "export": 19749, "id": "DK"}, {"import": 0, "export": 0, "id": "FI"}, {"import": 0, "export": 290, "id": "CY"}, {"import": 0, "export": 0, "id": "BE"}, {"import": 0, "export": 2034, "id": "BG"}, {"import": 0, "export": 0, "id": "ES"}, {"import": 0, "export": 0, "id": "CH"}, {"import": 0, "export": 0, "id": "TG"}], "world_import": 0, "world_export": 213465}, {"date": "Unnamed: 5-01", "list": [{"import": 0, "export": 64005, "id": "DE"}, {"import": 0, "export": 15060, "id": "IT"}, {"import": 0, "export": 77272, "id": "HU"}, {"import": 0, "export": 6065, "id": "HR"}, {"import": 0, "export": 0, "id": "RS"}, {"import": 0, "export": 15899, "id": "SK"}, {"import": 0, "export": 27424, "id": "PL"}, {"import": 0, "export": 4160, "id": "SI"}, {"import": 0, "export": 13674, "id": "-"}, {"import": 0, "export": 1876, "id": "RO"}, {"import": 0, "export": 0, "id": "GR"}, {"import": 0, "export": 445, "id": "FR"}, {"import": 0, "export": 3012, "id": "LT"}, {"import": 0, "export": 0, "id": "LU"}, {"import": 0, "export": 0, "id": null}, {"import": 0, "export": 0, "id": "NL"}, {"import": 0, "export": 6293, "id": "DK"}, {"import": 0, "export": 0, "id": "FI"}, {"import": 0, "export": 0, "id": "CY"}, {"import": 0, "export": 1226, "id": "BE"}, {"import": 0, "export": 430, "id": "BG"}, {"import": 0, "export": 0, "id": "ES"}, {"import": 0, "export": 0, "id": "CH"}, {"import": 0, "export": 0, "id": "TG"}], "world_import": 0, "world_export": 236841}, {"date": "Unnamed: 6-01", "list": [{"import": 0, "export": 98296, "id": "DE"}, {"import": 0, "export": 15103, "id": "IT"}, {"import": 0, "export": 102667, "id": "HU"}, {"import": 0, "export": 4608, "id": "HR"}, {"import": 0, "export": 0, "id": "RS"}, {"import": 0, "export": 16262, "id": "SK"}, {"import": 0, "export": 19003, "id": "PL"}, {"import": 0, "export": 9100, "id": "SI"}, {"import": 0, "export": 13218, "id": "-"}, {"import": 0, "export": 11429, "id": "RO"}, {"import": 0, "export": 0, "id": "GR"}, {"import": 0, "export": 0, "id": "FR"}, {"import": 0, "export": 0, "id": "LT"}, {"import": 0, "export": 0, "id": "LU"}, {"import": 0, "export": 0, "id": null}, {"import": 0, "export": 0, "id": "NL"}, {"import": 0, "export": 4003, "id": "DK"}, {"import": 0, "export": 0, "id": "FI"}, {"import": 0, "export": 0, "id": "CY"}, {"import": 0, "export": 1235, "id": "BE"}, {"import": 0, "export": 7010, "id": "BG"}, {"import": 0, "export": 0, "id": "ES"}, {"import": 0, "export": 345, "id": "CH"}, {"import": 0, "export": 0, "id": "TG"}], "world_import": 0, "world_export": 302279}, {"date": "Unnamed: 7-01", "list": [{"import": 0, "export": 95322, "id": "DE"}, {"import": 0, "export": 17157, "id": "IT"}, {"import": 0, "export": 134191, "id": "HU"}, {"import": 0, "export": 4622, "id": "HR"}, {"import": 0, "export": 0, "id": "RS"}, {"import": 0, "export": 24288, "id": "SK"}, {"import": 0, "export": 21479, "id": "PL"}, {"import": 0, "export": 10263, "id": "SI"}, {"import": 0, "export": 18069, "id": "-"}, {"import": 0, "export": 4038, "id": "RO"}, {"import": 0, "export": 1131, "id": "GR"}, {"import": 0, "export": 31, "id": "FR"}, {"import": 0, "export": 0, "id": "LT"}, {"import": 0, "export": 0, "id": "LU"}, {"import": 0, "export": 0, "id": null}, {"import": 0, "export": 0, "id": "NL"}, {"import": 0, "export": 5998, "id": "DK"}, {"import": 0, "export": 0, "id": "FI"}, {"import": 0, "export": 0, "id": "CY"}, {"import": 0, "export": 0, "id": "BE"}, {"import": 0, "export": 440, "id": "BG"}, {"import": 0, "export": 0, "id": "ES"}, {"import": 0, "export": 6022, "id": "CH"}, {"import": 0, "export": 0, "id": "TG"}], "world_import": 0, "world_export": 343051}, {"date": "Unnamed: 8-01", "list": [{"import": 0, "export": 75243, "id": "DE"}, {"import": 0, "export": 17894, "id": "IT"}, {"import": 0, "export": 56503, "id": "HU"}, {"import": 0, "export": 2481, "id": "HR"}, {"import": 0, "export": 0, "id": "RS"}, {"import": 0, "export": 19444, "id": "SK"}, {"import": 0, "export": 43950, "id": "PL"}, {"import": 0, "export": 4280, "id": "SI"}, {"import": 0, "export": 49626, "id": "-"}, {"import": 0, "export": 6706, "id": "RO"}, {"import": 0, "export": 0, "id": "GR"}, {"import": 0, "export": 0, "id": "FR"}, {"import": 0, "export": 0, "id": "LT"}, {"import": 0, "export": 0, "id": "LU"}, {"import": 0, "export": 0, "id": null}, {"import": 0, "export": 0, "id": "NL"}, {"import": 0, "export": 2997, "id": "DK"}, {"import": 0, "export": 0, "id": "FI"}, {"import": 0, "export": 0, "id": "CY"}, {"import": 0, "export": 1233, "id": "BE"}, {"import": 0, "export": 12331, "id": "BG"}, {"import": 0, "export": 0, "id": "ES"}, {"import": 0, "export": 0, "id": "CH"}, {"import": 0, "export": 0, "id": "TG"}], "world_import": 0, "world_export": 292688}, {"date": "Unnamed: 9-01", "list": [{"import": 0, "export": 85814, "id": "DE"}, {"import": 0, "export": 15924, "id": "IT"}, {"import": 0, "export": 33031, "id": "HU"}, {"import": 0, "export": 14630, "id": "HR"}, {"import": 0, "export": 0, "id": "RS"}, {"import": 0, "export": 26471, "id": "SK"}, {"import": 0, "export": 23293, "id": "PL"}, {"import": 0, "export": 6609, "id": "SI"}, {"import": 0, "export": 17743, "id": "-"}, {"import": 0, "export": 135256, "id": "RO"}, {"import": 0, "export": 0, "id": "GR"}, {"import": 0, "export": 0, "id": "FR"}, {"import": 0, "export": 0, "id": "LT"}, {"import": 0, "export": 0, "id": "LU"}, {"import": 0, "export": 500, "id": null}, {"import": 0, "export": 0, "id": "NL"}, {"import": 0, "export": 6994, "id": "DK"}, {"import": 0, "export": 0, "id": "FI"}, {"import": 0, "export": 371, "id": "CY"}, {"import": 0, "export": 0, "id": "BE"}, {"import": 0, "export": 2418, "id": "BG"}, {"import": 0, "export": 0, "id": "ES"}, {"import": 0, "export": 0, "id": "CH"}, {"import": 0, "export": 0, "id": "TG"}], "world_import": 0, "world_export": 369054}, {"date": "Unnamed: 10-01", "list": [{"import": 0, "export": 58435, "id": "DE"}, {"import": 0, "export": 14588, "id": "IT"}, {"import": 0, "export": 55433, "id": "HU"}, {"import": 0, "export": 700, "id": "HR"}, {"import": 0, "export": 0, "id": "RS"}, {"import": 0, "export": 15806, "id": "SK"}, {"import": 0, "export": 10517, "id": "PL"}, {"import": 0, "export": 3006, "id": "SI"}, {"import": 0, "export": 20981, "id": "-"}, {"import": 0, "export": 3754, "id": "RO"}, {"import": 0, "export": 0, "id": "GR"}, {"import": 0, "export": 21, "id": "FR"}, {"import": 0, "export": 6814, "id": "LT"}, {"import": 0, "export": 0, "id": "LU"}, {"import": 0, "export": 0, "id": null}, {"import": 0, "export": 0, "id": "NL"}, {"import": 0, "export": 0, "id": "DK"}, {"import": 0, "export": 0, "id": "FI"}, {"import": 0, "export": 0, "id": "CY"}, {"import": 0, "export": 1235, "id": "BE"}, {"import": 0, "export": 1750, "id": "BG"}, {"import": 0, "export": 0, "id": "ES"}, {"import": 0, "export": 0, "id": "CH"}, {"import": 0, "export": 0, "id": "TG"}], "world_import": 0, "world_export": 193040}, {"date": "Unnamed: 11-01", "list": [{"import": 0, "export": 59518, "id": "DE"}, {"import": 0, "export": 16099, "id": "IT"}, {"import": 0, "export": 19922, "id": "HU"}, {"import": 0, "export": 7814, "id": "HR"}, {"import": 0, "export": 0, "id": "RS"}, {"import": 0, "export": 18183, "id": "SK"}, {"import": 0, "export": 20573, "id": "PL"}, {"import": 0, "export": 10861, "id": "SI"}, {"import": 0, "export": 17029, "id": "-"}, {"import": 0, "export": 1951, "id": "RO"}, {"import": 0, "export": 0, "id": "GR"}, {"import": 0, "export": 1, "id": "FR"}, {"import": 0, "export": 0, "id": "LT"}, {"import": 0, "export": 0, "id": "LU"}, {"import": 0, "export": 0, "id": null}, {"import": 0, "export": 0, "id": "NL"}, {"import": 0, "export": 2298, "id": "DK"}, {"import": 0, "export": 0, "id": "FI"}, {"import": 0, "export": 0, "id": "CY"}, {"import": 0, "export": 0, "id": "BE"}, {"import": 0, "export": 2094, "id": "BG"}, {"import": 0, "export": 0, "id": "ES"}, {"import": 0, "export": 0, "id": "CH"}, {"import": 0, "export": 0, "id": "TG"}], "world_import": 0, "world_export": 176343}, {"date": "Unnamed: 12-01", "list": [{"import": 0, "export": 59234, "id": "DE"}, {"import": 0, "export": 13452, "id": "IT"}, {"import": 0, "export": 69351, "id": "HU"}, {"import": 0, "export": 7396, "id": "HR"}, {"import": 0, "export": 5610, "id": "RS"}, {"import": 0, "export": 17826, "id": "SK"}, {"import": 0, "export": 56023, "id": "PL"}, {"import": 0, "export": 9026, "id": "SI"}, {"import": 0, "export": 18831, "id": "-"}, {"import": 0, "export": 77612, "id": "RO"}, {"import": 0, "export": 0, "id": "GR"}, {"import": 0, "export": 4, "id": "FR"}, {"import": 0, "export": 0, "id": "LT"}, {"import": 0, "export": 0, "id": "LU"}, {"import": 0, "export": 0, "id": null}, {"import": 0, "export": 0, "id": "NL"}, {"import": 0, "export": 10210, "id": "DK"}, {"import": 0, "export": 0, "id": "FI"}, {"import": 0, "export": 0, "id": "CY"}, {"import": 0, "export": 0, "id": "BE"}, {"import": 0, "export": 1808, "id": "BG"}, {"import": 0, "export": 0, "id": "ES"}, {"import": 0, "export": 0, "id": "CH"}, {"import": 0, "export": 0, "id": "TG"}], "world_import": 0, "world_export": 346383}, {"date": "Unnamed: 13-01", "list": [{"import": 0, "export": 76115, "id": "DE"}, {"import": 0, "export": 19493, "id": "IT"}, {"import": 0, "export": 48471, "id": "HU"}, {"import": 0, "export": 5366, "id": "HR"}, {"import": 0, "export": 2100, "id": "RS"}, {"import": 0, "export": 18707, "id": "SK"}, {"import": 0, "export": 30036, "id": "PL"}, {"import": 0, "export": 10569, "id": "SI"}, {"import": 0, "export": 26581, "id": "-"}, {"import": 0, "export": 3223, "id": "RO"}, {"import": 0, "export": 0, "id": "GR"}, {"import": 0, "export": 3, "id": "FR"}, {"import": 0, "export": 0, "id": "LT"}, {"import": 0, "export": 145, "id": "LU"}, {"import": 0, "export": 0, "id": null}, {"import": 0, "export": 0, "id": "NL"}, {"import": 0, "export": 3005, "id": "DK"}, {"import": 0, "export": 0, "id": "FI"}, {"import": 0, "export": 0, "id": "CY"}, {"import": 0, "export": 0, "id": "BE"}, {"import": 0, "export": 0, "id": "BG"}, {"import": 0, "export": 0, "id": "ES"}, {"import": 0, "export": 0, "id": "CH"}, {"import": 0, "export": 0, "id": "TG"}], "world_import": 0, "world_export": 243814}, {"date": "Unnamed: 14-01", "list": [{"import": 0, "export": 93896, "id": "DE"}, {"import": 0, "export": 19912, "id": "IT"}, {"import": 0, "export": 127854, "id": "HU"}, {"import": 0, "export": 3611, "id": "HR"}, {"import": 0, "export": 5986, "id": "RS"}, {"import": 0, "export": 24387, "id": "SK"}, {"import": 0, "export": 21053, "id": "PL"}, {"import": 0, "export": 7253, "id": "SI"}, {"import": 0, "export": 24036, "id": "-"}, {"import": 0, "export": 12391, "id": "RO"}, {"import": 0, "export": 0, "id": "GR"}, {"import": 0, "export": 1702, "id": "FR"}, {"import": 0, "export": 0, "id": "LT"}, {"import": 0, "export": 0, "id": "LU"}, {"import": 0, "export": 0, "id": null}, {"import": 0, "export": 0, "id": "NL"}, {"import": 0, "export": 2997, "id": "DK"}, {"import": 0, "export": 0, "id": "FI"}, {"import": 0, "export": 0, "id": "CY"}, {"import": 0, "export": 1834, "id": "BE"}, {"import": 0, "export": 0, "id": "BG"}, {"import": 0, "export": 208, "id": "ES"}, {"import": 0, "export": 0, "id": "CH"}, {"import": 0, "export": 0, "id": "TG"}], "world_import": 0, "world_export": 347120}, {"date": "Unnamed: 15-01", "list": [{"import": 0, "export": 80730, "id": "DE"}, {"import": 0, "export": 29037, "id": "IT"}, {"import": 0, "export": 95915, "id": "HU"}, {"import": 0, "export": 4677, "id": "HR"}, {"import": 0, "export": 0, "id": "RS"}, {"import": 0, "export": 26860, "id": "SK"}, {"import": 0, "export": 10389, "id": "PL"}, {"import": 0, "export": 10202, "id": "SI"}, {"import": 0, "export": 22775, "id": "-"}, {"import": 0, "export": 4606, "id": "RO"}, {"import": 0, "export": 0, "id": "GR"}, {"import": 0, "export": 0, "id": "FR"}, {"import": 0, "export": 0, "id": "LT"}, {"import": 0, "export": 0, "id": "LU"}, {"import": 0, "export": 0, "id": null}, {"import": 0, "export": 0, "id": "NL"}, {"import": 0, "export": 10005, "id": "DK"}, {"import": 0, "export": 0, "id": "FI"}, {"import": 0, "export": 0, "id": "CY"}, {"import": 0, "export": 0, "id": "BE"}, {"import": 0, "export": 0, "id": "BG"}, {"import": 0, "export": 9, "id": "ES"}, {"import": 0, "export": 0, "id": "CH"}, {"import": 0, "export": 1150, "id": "TG"}], "world_import": 0, "world_export": 296355}, {"date": "Unnamed: 16-01", "list": [{"import": 0, "export": 69040, "id": "DE"}, {"import": 0, "export": 20030, "id": "IT"}, {"import": 0, "export": 40036, "id": "HU"}, {"import": 0, "export": 12610, "id": "HR"}, {"import": 0, "export": 5986, "id": "RS"}, {"import": 0, "export": 17351, "id": "SK"}, {"import": 0, "export": 11301, "id": "PL"}, {"import": 0, "export": 15150, "id": "SI"}, {"import": 0, "export": 14210, "id": "-"}, {"import": 0, "export": 19791, "id": "RO"}, {"import": 0, "export": 0, "id": "GR"}, {"import": 0, "export": 3, "id": "FR"}, {"import": 0, "export": 0, "id": "LT"}, {"import": 0, "export": 0, "id": "LU"}, {"import": 0, "export": 0, "id": null}, {"import": 0, "export": 1475, "id": "NL"}, {"import": 0, "export": 0, "id": "DK"}, {"import": 0, "export": 0, "id": "FI"}, {"import": 0, "export": 0, "id": "CY"}, {"import": 0, "export": 0, "id": "BE"}, {"import": 0, "export": 1556, "id": "BG"}, {"import": 0, "export": 516, "id": "ES"}, {"import": 0, "export": 0, "id": "CH"}, {"import": 0, "export": 0, "id": "TG"}], "world_import": 0, "world_export": 229055}, {"date": "Unnamed: 17-01", "list": [{"import": 0, "export": 86772, "id": "DE"}, {"import": 0, "export": 17430, "id": "IT"}, {"import": 0, "export": 104975, "id": "HU"}, {"import": 0, "export": 4284, "id": "HR"}, {"import": 0, "export": 1000, "id": "RS"}, {"import": 0, "export": 22225, "id": "SK"}, {"import": 0, "export": 36670, "id": "PL"}, {"import": 0, "export": 8701, "id": "SI"}, {"import": 0, "export": 16094, "id": "-"}, {"import": 0, "export": 5667, "id": "RO"}, {"import": 0, "export": 0, "id": "GR"}, {"import": 0, "export": 3465, "id": "FR"}, {"import": 0, "export": 0, "id": "LT"}, {"import": 0, "export": 0, "id": "LU"}, {"import": 0, "export": 0, "id": null}, {"import": 0, "export": 0, "id": "NL"}, {"import": 0, "export": 11984, "id": "DK"}, {"import": 0, "export": 0, "id": "FI"}, {"import": 0, "export": 0, "id": "CY"}, {"import": 0, "export": 1133, "id": "BE"}, {"import": 0, "export": 322, "id": "BG"}, {"import": 0, "export": 0, "id": "ES"}, {"import": 0, "export": 0, "id": "CH"}, {"import": 0, "export": 0, "id": "TG"}], "world_import": 0, "world_export": 320722}, {"date": "Unnamed: 19-01", "list": [{"import": 0, "export": 72276, "id": "DE"}, {"import": 0, "export": 27097, "id": "IT"}, {"import": 0, "export": 54260, "id": "HU"}, {"import": 0, "export": 10568, "id": "HR"}, {"import": 0, "export": 9977, "id": "RS"}, {"import": 0, "export": 17954, "id": "SK"}, {"import": 0, "export": 46725, "id": "PL"}, {"import": 0, "export": 10065, "id": "SI"}, {"import": 0, "export": 14417, "id": "-"}, {"import": 0, "export": 6656, "id": "RO"}, {"import": 0, "export": 0, "id": "GR"}, {"import": 0, "export": 0, "id": "FR"}, {"import": 0, "export": 0, "id": "LT"}, {"import": 0, "export": 144, "id": "LU"}, {"import": 0, "export": 0, "id": null}, {"import": 0, "export": 0, "id": "NL"}, {"import": 0, "export": 0, "id": "DK"}, {"import": 0, "export": 0, "id": "FI"}, {"import": 0, "export": 0, "id": "CY"}, {"import": 0, "export": 1212, "id": "BE"}, {"import": 0, "export": 1032, "id": "BG"}, {"import": 0, "export": 0, "id": "ES"}, {"import": 0, "export": 0, "id": "CH"}, {"import": 0, "export": 0, "id": "TG"}], "world_import": 0, "world_export": 272383}, {"date": "Unnamed: 20-01", "list": [{"import": 0, "export": 57126, "id": "DE"}, {"import": 0, "export": 17095, "id": "IT"}, {"import": 0, "export": 144422, "id": "HU"}, {"import": 0, "export": 7439, "id": "HR"}, {"import": 0, "export": 0, "id": "RS"}, {"import": 0, "export": 14196, "id": "SK"}, {"import": 0, "export": 15913, "id": "PL"}, {"import": 0, "export": 8930, "id": "SI"}, {"import": 0, "export": 13725, "id": "-"}, {"import": 0, "export": 6874, "id": "RO"}, {"import": 0, "export": 0, "id": "GR"}, {"import": 0, "export": 0, "id": "FR"}, {"import": 0, "export": 0, "id": "LT"}, {"import": 0, "export": 144, "id": "LU"}, {"import": 0, "export": 0, "id": null}, {"import": 0, "export": 0, "id": "NL"}, {"import": 0, "export": 1000, "id": "DK"}, {"import": 0, "export": 0, "id": "FI"}, {"import": 0, "export": 0, "id": "CY"}, {"import": 0, "export": 0, "id": "BE"}, {"import": 0, "export": 0, "id": "BG"}, {"import": 0, "export": 0, "id": "ES"}, {"import": 0, "export": 0, "id": "CH"}, {"import": 0, "export": 0, "id": "TG"}], "world_import": 0, "world_export": 286864}, {"date": "Unnamed: 21-01", "list": [{"import": 0, "export": 31405, "id": "DE"}, {"import": 0, "export": 13544, "id": "IT"}, {"import": 0, "export": 38603, "id": "HU"}, {"import": 0, "export": 0, "id": "HR"}, {"import": 0, "export": 0, "id": "RS"}, {"import": 0, "export": 6736, "id": "SK"}, {"import": 0, "export": 2453, "id": "PL"}, {"import": 0, "export": 9400, "id": "SI"}, {"import": 0, "export": 8414, "id": "-"}, {"import": 0, "export": 3488, "id": "RO"}, {"import": 0, "export": 0, "id": "GR"}, {"import": 0, "export": 11, "id": "FR"}, {"import": 0, "export": 0, "id": "LT"}, {"import": 0, "export": 432, "id": "LU"}, {"import": 0, "export": 0, "id": null}, {"import": 0, "export": 0, "id": "NL"}, {"import": 0, "export": 9020, "id": "DK"}, {"import": 0, "export": 1397, "id": "FI"}, {"import": 0, "export": 0, "id": "CY"}, {"import": 0, "export": 55, "id": "BE"}, {"import": 0, "export": 0, "id": "BG"}, {"import": 0, "export": 3, "id": "ES"}, {"import": 0, "export": 0, "id": "CH"}, {"import": 0, "export": 0, "id": "TG"}], "world_import": 0, "world_export": 124961}]