[{"date": "2018-12-01", "list": [{"import": 231, "export": 0, "id": "RU"}, {"import": 4650, "export": 0, "id": "IN"}, {"import": 0, "export": 0, "id": "VN"}, {"import": 0, "export": 0, "id": "TH"}, {"import": 0, "export": 0, "id": "TR"}, {"import": 0, "export": 0, "id": "AZ"}, {"import": 0, "export": 0, "id": "IT"}, {"import": 104000, "export": 0, "id": "PK"}, {"import": 0, "export": 0, "id": "PL"}], "world_import": 108881, "world_export": 0}, {"date": "2019-01-01", "list": [{"import": 0, "export": 0, "id": "RU"}, {"import": 0, "export": 0, "id": "IN"}, {"import": 859, "export": 0, "id": "VN"}, {"import": 128000, "export": 0, "id": "TH"}, {"import": 0, "export": 0, "id": "TR"}, {"import": 0, "export": 3000, "id": "AZ"}, {"import": 0, "export": 0, "id": "IT"}, {"import": 204000, "export": 0, "id": "PK"}, {"import": 0, "export": 0, "id": "PL"}], "world_import": 332859, "world_export": 3000}, {"date": "2019-02-01", "list": [{"import": 1909, "export": 0, "id": "RU"}, {"import": 0, "export": 0, "id": "IN"}, {"import": 0, "export": 0, "id": "VN"}, {"import": 0, "export": 0, "id": "TH"}, {"import": 0, "export": 0, "id": "TR"}, {"import": 0, "export": 30200, "id": "AZ"}, {"import": 0, "export": 0, "id": "IT"}, {"import": 0, "export": 0, "id": "PK"}, {"import": 0, "export": 0, "id": "PL"}], "world_import": 1909, "world_export": 30200}, {"date": "2019-03-01", "list": [{"import": 894, "export": 0, "id": "RU"}, {"import": 58975, "export": 0, "id": "IN"}, {"import": 0, "export": 0, "id": "VN"}, {"import": 7500, "export": 0, "id": "TH"}, {"import": 0, "export": 0, "id": "TR"}, {"import": 0, "export": 10000, "id": "AZ"}, {"import": 0, "export": 0, "id": "IT"}, {"import": 0, "export": 0, "id": "PK"}, {"import": 0, "export": 0, "id": "PL"}], "world_import": 67369, "world_export": 10000}, {"date": "2019-04-01", "list": [{"import": 504, "export": 0, "id": "RU"}, {"import": 5500, "export": 0, "id": "IN"}, {"import": 0, "export": 0, "id": "VN"}, {"import": 0, "export": 0, "id": "TH"}, {"import": 0, "export": 0, "id": "TR"}, {"import": 0, "export": 35600, "id": "AZ"}, {"import": 0, "export": 0, "id": "IT"}, {"import": 127500, "export": 0, "id": "PK"}, {"import": 0, "export": 0, "id": "PL"}], "world_import": 133504, "world_export": 35600}, {"date": "2019-05-01", "list": [{"import": 4301, "export": 0, "id": "RU"}, {"import": 0, "export": 0, "id": "IN"}, {"import": 0, "export": 0, "id": "VN"}, {"import": 0, "export": 0, "id": "TH"}, {"import": 0, "export": 0, "id": "TR"}, {"import": 0, "export": 5000, "id": "AZ"}, {"import": 0, "export": 0, "id": "IT"}, {"import": 0, "export": 0, "id": "PK"}, {"import": 0, "export": 0, "id": "PL"}], "world_import": 4301, "world_export": 5000}, {"date": "2019-06-01", "list": [{"import": 1601, "export": 0, "id": "RU"}, {"import": 4500, "export": 0, "id": "IN"}, {"import": 0, "export": 0, "id": "VN"}, {"import": 25000, "export": 0, "id": "TH"}, {"import": 0, "export": 0, "id": "TR"}, {"import": 1000, "export": 1000, "id": "AZ"}, {"import": 0, "export": 0, "id": "IT"}, {"import": 104000, "export": 0, "id": "PK"}, {"import": 0, "export": 0, "id": "PL"}], "world_import": 136101, "world_export": 1000}, {"date": "2019-07-01", "list": [{"import": 968, "export": 0, "id": "RU"}, {"import": 48000, "export": 0, "id": "IN"}, {"import": 0, "export": 0, "id": "VN"}, {"import": 0, "export": 0, "id": "TH"}, {"import": 0, "export": 0, "id": "TR"}, {"import": 0, "export": 39600, "id": "AZ"}, {"import": 0, "export": 0, "id": "IT"}, {"import": 0, "export": 0, "id": "PK"}, {"import": 0, "export": 0, "id": "PL"}], "world_import": 48968, "world_export": 39600}, {"date": "2019-08-01", "list": [{"import": 567, "export": 0, "id": "RU"}, {"import": 5350, "export": 0, "id": "IN"}, {"import": 0, "export": 0, "id": "VN"}, {"import": 811, "export": 0, "id": "TH"}, {"import": 7300, "export": 0, "id": "TR"}, {"import": 0, "export": 0, "id": "AZ"}, {"import": 0, "export": 0, "id": "IT"}, {"import": 0, "export": 0, "id": "PK"}, {"import": 0, "export": 0, "id": "PL"}], "world_import": 14028, "world_export": 0}, {"date": "2019-09-01", "list": [{"import": 0, "export": 0, "id": "RU"}, {"import": 0, "export": 0, "id": "IN"}, {"import": 0, "export": 0, "id": "VN"}, {"import": 0, "export": 0, "id": "TH"}, {"import": 0, "export": 0, "id": "TR"}, {"import": 0, "export": 0, "id": "AZ"}, {"import": 0, "export": 0, "id": "IT"}, {"import": 102000, "export": 0, "id": "PK"}, {"import": 0, "export": 0, "id": "PL"}], "world_import": 102000, "world_export": 0}, {"date": "2019-10-01", "list": [{"import": 682, "export": 0, "id": "RU"}, {"import": 0, "export": 0, "id": "IN"}, {"import": 31500, "export": 0, "id": "VN"}, {"import": 0, "export": 0, "id": "TH"}, {"import": 0, "export": 0, "id": "TR"}, {"import": 0, "export": 0, "id": "AZ"}, {"import": 0, "export": 0, "id": "IT"}, {"import": 0, "export": 0, "id": "PK"}, {"import": 0, "export": 0, "id": "PL"}], "world_import": 32182, "world_export": 0}, {"date": "2019-11-01", "list": [{"import": 0, "export": 0, "id": "RU"}, {"import": 0, "export": 0, "id": "IN"}, {"import": 0, "export": 0, "id": "VN"}, {"import": 0, "export": 0, "id": "TH"}, {"import": 7500, "export": 0, "id": "TR"}, {"import": 0, "export": 0, "id": "AZ"}, {"import": 0, "export": 0, "id": "IT"}, {"import": 0, "export": 0, "id": "PK"}, {"import": 0, "export": 0, "id": "PL"}], "world_import": 7500, "world_export": 0}, {"date": "2019-12-01", "list": [{"import": 41603, "export": 0, "id": "RU"}, {"import": 53000, "export": 0, "id": "IN"}, {"import": 0, "export": 0, "id": "VN"}, {"import": 0, "export": 0, "id": "TH"}, {"import": 0, "export": 0, "id": "TR"}, {"import": 0, "export": 0, "id": "AZ"}, {"import": 0, "export": 0, "id": "IT"}, {"import": 77000, "export": 0, "id": "PK"}, {"import": 0, "export": 0, "id": "PL"}], "world_import": 171603, "world_export": 0}, {"date": "2020-01-01", "list": [{"import": 0, "export": 0, "id": "RU"}, {"import": 0, "export": 0, "id": "IN"}, {"import": 0, "export": 0, "id": "VN"}, {"import": 25000, "export": 0, "id": "TH"}, {"import": 0, "export": 0, "id": "TR"}, {"import": 0, "export": 0, "id": "AZ"}, {"import": 0, "export": 0, "id": "IT"}, {"import": 200000, "export": 0, "id": "PK"}, {"import": 0, "export": 0, "id": "PL"}], "world_import": 225000, "world_export": 0}, {"date": "2020-02-01", "list": [{"import": 462, "export": 0, "id": "RU"}, {"import": 114000, "export": 0, "id": "IN"}, {"import": 0, "export": 0, "id": "VN"}, {"import": 0, "export": 0, "id": "TH"}, {"import": 0, "export": 0, "id": "TR"}, {"import": 0, "export": 0, "id": "AZ"}, {"import": 0, "export": 0, "id": "IT"}, {"import": 156000, "export": 0, "id": "PK"}, {"import": 0, "export": 0, "id": "PL"}], "world_import": 270462, "world_export": 0}, {"date": "2020-03-01", "list": [{"import": 1611, "export": 0, "id": "RU"}, {"import": 0, "export": 0, "id": "IN"}, {"import": 0, "export": 0, "id": "VN"}, {"import": 25000, "export": 0, "id": "TH"}, {"import": 0, "export": 0, "id": "TR"}, {"import": 0, "export": 0, "id": "AZ"}, {"import": 0, "export": 0, "id": "IT"}, {"import": 0, "export": 0, "id": "PK"}, {"import": 0, "export": 0, "id": "PL"}], "world_import": 26611, "world_export": 0}, {"date": "2020-04-01", "list": [{"import": 0, "export": 0, "id": "RU"}, {"import": 46600, "export": 0, "id": "IN"}, {"import": 0, "export": 0, "id": "VN"}, {"import": 0, "export": 0, "id": "TH"}, {"import": 0, "export": 0, "id": "TR"}, {"import": 0, "export": 0, "id": "AZ"}, {"import": 0, "export": 0, "id": "IT"}, {"import": 78000, "export": 0, "id": "PK"}, {"import": 138, "export": 0, "id": "PL"}], "world_import": 124738, "world_export": 0}, {"date": "2020-05-01", "list": [{"import": 0, "export": 534, "id": "RU"}, {"import": 6500, "export": 0, "id": "IN"}, {"import": 0, "export": 0, "id": "VN"}, {"import": 0, "export": 0, "id": "TH"}, {"import": 0, "export": 0, "id": "TR"}, {"import": 0, "export": 0, "id": "AZ"}, {"import": 360, "export": 0, "id": "IT"}, {"import": 0, "export": 0, "id": "PK"}, {"import": 0, "export": 0, "id": "PL"}], "world_import": 6860, "world_export": 534}]