[{"date": "2018-05-01", "list": [{"import": 1315, "export": 0, "id": "US"}, {"import": 210713, "export": 0, "id": "GY"}, {"import": 517, "export": 0, "id": "IT"}, {"import": 0, "export": 0, "id": "VC"}, {"import": 0, "export": 0, "id": "CA"}], "world_import": 212545, "world_export": 0}, {"date": "2018-06-01", "list": [{"import": 0, "export": 0, "id": "US"}, {"import": 150640, "export": 0, "id": "GY"}, {"import": 0, "export": 0, "id": "IT"}, {"import": 0, "export": 0, "id": "VC"}, {"import": 0, "export": 0, "id": "CA"}], "world_import": 150640, "world_export": 0}, {"date": "2018-07-01", "list": [{"import": 0, "export": 0, "id": "US"}, {"import": 91111, "export": 0, "id": "GY"}, {"import": 0, "export": 0, "id": "IT"}, {"import": 0, "export": 0, "id": "VC"}, {"import": 0, "export": 0, "id": "CA"}], "world_import": 91111, "world_export": 0}, {"date": "2018-08-01", "list": [{"import": 2174, "export": 0, "id": "US"}, {"import": 169501, "export": 0, "id": "GY"}, {"import": 492, "export": 0, "id": "IT"}, {"import": 0, "export": 0, "id": "VC"}, {"import": 0, "export": 0, "id": "CA"}], "world_import": 172167, "world_export": 0}, {"date": "2018-09-01", "list": [{"import": 0, "export": 0, "id": "US"}, {"import": 157193, "export": 0, "id": "GY"}, {"import": 0, "export": 0, "id": "IT"}, {"import": 0, "export": 0, "id": "VC"}, {"import": 431, "export": 0, "id": "CA"}], "world_import": 157624, "world_export": 0}, {"date": "2018-10-01", "list": [{"import": 1484, "export": 0, "id": "US"}, {"import": 278713, "export": 0, "id": "GY"}, {"import": 0, "export": 0, "id": "IT"}, {"import": 24948, "export": 0, "id": "VC"}, {"import": 0, "export": 0, "id": "CA"}], "world_import": 305145, "world_export": 0}, {"date": "2018-11-01", "list": [{"import": 1448, "export": 0, "id": "US"}, {"import": 0, "export": 0, "id": "GY"}, {"import": 0, "export": 0, "id": "IT"}, {"import": 0, "export": 0, "id": "VC"}, {"import": 1498, "export": 0, "id": "CA"}], "world_import": 2946, "world_export": 0}, {"date": "2018-12-01", "list": [{"import": 4182, "export": 0, "id": "US"}, {"import": 125625, "export": 0, "id": "GY"}, {"import": 0, "export": 0, "id": "IT"}, {"import": 0, "export": 0, "id": "VC"}, {"import": 0, "export": 0, "id": "CA"}], "world_import": 129807, "world_export": 0}, {"date": "2019-01-01", "list": [{"import": 2836, "export": 0, "id": "US"}, {"import": 175107, "export": 0, "id": "GY"}, {"import": 758, "export": 0, "id": "IT"}, {"import": 0, "export": 0, "id": "VC"}, {"import": 0, "export": 0, "id": "CA"}], "world_import": 178701, "world_export": 0}, {"date": "2019-02-01", "list": [{"import": 517, "export": 0, "id": "US"}, {"import": 128764, "export": 0, "id": "GY"}, {"import": 0, "export": 0, "id": "IT"}, {"import": 0, "export": 0, "id": "VC"}, {"import": 724, "export": 0, "id": "CA"}], "world_import": 130005, "world_export": 0}, {"date": "2019-03-01", "list": [{"import": 1102, "export": 0, "id": "US"}, {"import": 215457, "export": 0, "id": "GY"}, {"import": 0, "export": 0, "id": "IT"}, {"import": 0, "export": 0, "id": "VC"}, {"import": 1238, "export": 0, "id": "CA"}], "world_import": 217797, "world_export": 0}, {"date": "2019-04-01", "list": [{"import": 1885, "export": 0, "id": "US"}, {"import": 913, "export": 0, "id": "GY"}, {"import": 0, "export": 0, "id": "IT"}, {"import": 0, "export": 0, "id": "VC"}, {"import": 0, "export": 0, "id": "CA"}], "world_import": 2798, "world_export": 0}, {"date": "2019-05-01", "list": [{"import": 1963, "export": 0, "id": "US"}, {"import": 158219, "export": 0, "id": "GY"}, {"import": 0, "export": 0, "id": "IT"}, {"import": 0, "export": 0, "id": "VC"}, {"import": 949, "export": 0, "id": "CA"}], "world_import": 161131, "world_export": 0}, {"date": "2019-06-01", "list": [{"import": 0, "export": 0, "id": "US"}, {"import": 25697, "export": 0, "id": "GY"}, {"import": 0, "export": 0, "id": "IT"}, {"import": 0, "export": 0, "id": "VC"}, {"import": 0, "export": 0, "id": "CA"}], "world_import": 25697, "world_export": 0}, {"date": "2019-07-01", "list": [{"import": 1533, "export": 0, "id": "US"}, {"import": 272249, "export": 0, "id": "GY"}, {"import": 0, "export": 0, "id": "IT"}, {"import": 0, "export": 0, "id": "VC"}, {"import": 0, "export": 0, "id": "CA"}], "world_import": 273782, "world_export": 0}, {"date": "2019-08-01", "list": [{"import": 0, "export": 0, "id": "US"}, {"import": 27067, "export": 0, "id": "GY"}, {"import": 0, "export": 0, "id": "IT"}, {"import": 0, "export": 0, "id": "VC"}, {"import": 544, "export": 0, "id": "CA"}], "world_import": 27611, "world_export": 0}, {"date": "2019-09-01", "list": [{"import": 665, "export": 0, "id": "US"}, {"import": 183655, "export": 0, "id": "GY"}, {"import": 0, "export": 0, "id": "IT"}, {"import": 0, "export": 0, "id": "VC"}, {"import": 10, "export": 0, "id": "CA"}], "world_import": 184330, "world_export": 0}, {"date": "2019-10-01", "list": [{"import": 821, "export": 0, "id": "US"}, {"import": 382199, "export": 0, "id": "GY"}, {"import": 479, "export": 0, "id": "IT"}, {"import": 0, "export": 0, "id": "VC"}, {"import": 457, "export": 0, "id": "CA"}], "world_import": 383956, "world_export": 0}]