[{"date": "2010-08-01", "list": [{"import": 23582, "export": 0, "id": "CN"}, {"import": 23582, "export": 0, "id": "-"}, {"import": 0, "export": 0, "id": "MY"}, {"import": 0, "export": 0, "id": "NR"}], "world_import": 47164, "world_export": 0}, {"date": "2010-09-01", "list": [{"import": 277631, "export": 0, "id": "CN"}, {"import": 101398, "export": 0, "id": "-"}, {"import": 0, "export": 0, "id": "MY"}, {"import": 0, "export": 14000, "id": "NR"}], "world_import": 379029, "world_export": 14000}, {"date": "2010-10-01", "list": [{"import": 0, "export": 0, "id": "CN"}, {"import": 453655, "export": 0, "id": "-"}, {"import": 0, "export": 0, "id": "MY"}, {"import": 0, "export": 0, "id": "NR"}], "world_import": 453655, "world_export": 0}, {"date": "2010-11-01", "list": [{"import": 256772, "export": 0, "id": "CN"}, {"import": 0, "export": 0, "id": "-"}, {"import": 0, "export": 0, "id": "MY"}, {"import": 0, "export": 0, "id": "NR"}], "world_import": 256772, "world_export": 0}, {"date": "2010-12-01", "list": [{"import": 161395, "export": 0, "id": "CN"}, {"import": 0, "export": 0, "id": "-"}, {"import": 0, "export": 0, "id": "MY"}, {"import": 0, "export": 0, "id": "NR"}], "world_import": 161395, "world_export": 0}, {"date": "2011-01-01", "list": [{"import": 0, "export": 0, "id": "CN"}, {"import": 0, "export": 0, "id": "-"}, {"import": 0, "export": 0, "id": "MY"}, {"import": 0, "export": 0, "id": "NR"}], "world_import": 0, "world_export": 0}, {"date": "2011-02-01", "list": [{"import": 0, "export": 0, "id": "CN"}, {"import": 0, "export": 0, "id": "-"}, {"import": 0, "export": 0, "id": "MY"}, {"import": 0, "export": 0, "id": "NR"}], "world_import": 0, "world_export": 0}, {"date": "2011-03-01", "list": [{"import": 0, "export": 0, "id": "CN"}, {"import": 0, "export": 0, "id": "-"}, {"import": 0, "export": 0, "id": "MY"}, {"import": 0, "export": 0, "id": "NR"}], "world_import": 0, "world_export": 0}, {"date": "2011-04-01", "list": [{"import": 0, "export": 0, "id": "CN"}, {"import": 0, "export": 0, "id": "-"}, {"import": 0, "export": 0, "id": "MY"}, {"import": 0, "export": 0, "id": "NR"}], "world_import": 0, "world_export": 0}, {"date": "2011-05-01", "list": [{"import": 0, "export": 0, "id": "CN"}, {"import": 0, "export": 0, "id": "-"}, {"import": 0, "export": 0, "id": "MY"}, {"import": 0, "export": 0, "id": "NR"}], "world_import": 0, "world_export": 0}, {"date": "2011-06-01", "list": [{"import": 0, "export": 0, "id": "CN"}, {"import": 0, "export": 0, "id": "-"}, {"import": 0, "export": 0, "id": "MY"}, {"import": 0, "export": 0, "id": "NR"}], "world_import": 0, "world_export": 0}, {"date": "2011-07-01", "list": [{"import": 0, "export": 0, "id": "CN"}, {"import": 0, "export": 0, "id": "-"}, {"import": 0, "export": 0, "id": "MY"}, {"import": 0, "export": 10658, "id": "NR"}], "world_import": 0, "world_export": 10658}, {"date": "2011-08-01", "list": [{"import": 0, "export": 0, "id": "CN"}, {"import": 0, "export": 0, "id": "-"}, {"import": 0, "export": 0, "id": "MY"}, {"import": 0, "export": 0, "id": "NR"}], "world_import": 0, "world_export": 0}, {"date": "2011-09-01", "list": [{"import": 0, "export": 0, "id": "CN"}, {"import": 53468, "export": 0, "id": "-"}, {"import": 1490, "export": 0, "id": "MY"}, {"import": 0, "export": 0, "id": "NR"}], "world_import": 54958, "world_export": 0}, {"date": "2011-10-01", "list": [{"import": 0, "export": 0, "id": "CN"}, {"import": 8956, "export": 0, "id": "-"}, {"import": 300, "export": 0, "id": "MY"}, {"import": 0, "export": 0, "id": "NR"}], "world_import": 9256, "world_export": 0}, {"date": "2011-11-01", "list": [{"import": 14231, "export": 0, "id": "CN"}, {"import": 0, "export": 0, "id": "-"}, {"import": 0, "export": 0, "id": "MY"}, {"import": 0, "export": 0, "id": "NR"}], "world_import": 14231, "world_export": 0}, {"date": "2011-12-01", "list": [{"import": 0, "export": 0, "id": "CN"}, {"import": 0, "export": 0, "id": "-"}, {"import": 0, "export": 0, "id": "MY"}, {"import": 0, "export": 0, "id": "NR"}], "world_import": 0, "world_export": 0}, {"date": "2012-01-01", "list": [{"import": 0, "export": 0, "id": "CN"}, {"import": 0, "export": 0, "id": "-"}, {"import": 0, "export": 0, "id": "MY"}, {"import": 0, "export": 0, "id": "NR"}], "world_import": 0, "world_export": 0}]