[{"date": "2019-08-01", "list": [{"import": 0, "export": 0, "id": "BR"}, {"import": 0, "export": 0, "id": "CN"}, {"import": 13776, "export": 0, "id": "US"}], "world_import": 13776, "world_export": 0}, {"date": "2019-09-01", "list": [{"import": 0, "export": 0, "id": "BR"}, {"import": 0, "export": 0, "id": "CN"}, {"import": 0, "export": 0, "id": "US"}], "world_import": 0, "world_export": 0}, {"date": "2019-10-01", "list": [{"import": 0, "export": 0, "id": "BR"}, {"import": 0, "export": 0, "id": "CN"}, {"import": 0, "export": 0, "id": "US"}], "world_import": 0, "world_export": 0}, {"date": "2019-11-01", "list": [{"import": 0, "export": 0, "id": "BR"}, {"import": 0, "export": 0, "id": "CN"}, {"import": 14142, "export": 0, "id": "US"}], "world_import": 14142, "world_export": 0}, {"date": "2019-12-01", "list": [{"import": 0, "export": 0, "id": "BR"}, {"import": 0, "export": 0, "id": "CN"}, {"import": 0, "export": 0, "id": "US"}], "world_import": 0, "world_export": 0}, {"date": "2020-01-01", "list": [{"import": 0, "export": 0, "id": "BR"}, {"import": 0, "export": 0, "id": "CN"}, {"import": 0, "export": 0, "id": "US"}], "world_import": 0, "world_export": 0}, {"date": "2020-02-01", "list": [{"import": 0, "export": 0, "id": "BR"}, {"import": 15480, "export": 0, "id": "CN"}, {"import": 19982, "export": 0, "id": "US"}], "world_import": 35462, "world_export": 0}, {"date": "2020-03-01", "list": [{"import": 0, "export": 0, "id": "BR"}, {"import": 0, "export": 0, "id": "CN"}, {"import": 18891, "export": 0, "id": "US"}], "world_import": 18891, "world_export": 0}, {"date": "2020-04-01", "list": [{"import": 0, "export": 0, "id": "BR"}, {"import": 0, "export": 0, "id": "CN"}, {"import": 0, "export": 0, "id": "US"}], "world_import": 0, "world_export": 0}, {"date": "2020-05-01", "list": [{"import": 0, "export": 0, "id": "BR"}, {"import": 0, "export": 0, "id": "CN"}, {"import": 0, "export": 0, "id": "US"}], "world_import": 0, "world_export": 0}]