[{"date": "2016-02-01", "list": [{"import": 0, "export": 0, "id": "ZA"}, {"import": 0, "export": 0, "id": "TH"}, {"import": 0, "export": 0, "id": "AE"}, {"import": 0, "export": 0, "id": "TZ"}, {"import": 0, "export": 0, "id": "US"}, {"import": 0, "export": 0, "id": "CN"}, {"import": 0, "export": 0, "id": "MW"}], "world_import": 0, "world_export": 0}, {"date": "2016-03-01", "list": [{"import": 0, "export": 0, "id": "ZA"}, {"import": 0, "export": 0, "id": "TH"}, {"import": 0, "export": 0, "id": "AE"}, {"import": 0, "export": 0, "id": "TZ"}, {"import": 0, "export": 0, "id": "US"}, {"import": 0, "export": 0, "id": "CN"}, {"import": 0, "export": 0, "id": "MW"}], "world_import": 0, "world_export": 0}, {"date": "2016-04-01", "list": [{"import": 800, "export": 0, "id": "ZA"}, {"import": 0, "export": 0, "id": "TH"}, {"import": 0, "export": 0, "id": "AE"}, {"import": 0, "export": 0, "id": "TZ"}, {"import": 0, "export": 0, "id": "US"}, {"import": 0, "export": 0, "id": "CN"}, {"import": 0, "export": 0, "id": "MW"}], "world_import": 800, "world_export": 0}, {"date": "2016-05-01", "list": [{"import": 0, "export": 0, "id": "ZA"}, {"import": 0, "export": 0, "id": "TH"}, {"import": 0, "export": 0, "id": "AE"}, {"import": 0, "export": 0, "id": "TZ"}, {"import": 0, "export": 0, "id": "US"}, {"import": 0, "export": 0, "id": "CN"}, {"import": 0, "export": 0, "id": "MW"}], "world_import": 0, "world_export": 0}, {"date": "2016-06-01", "list": [{"import": 0, "export": 0, "id": "ZA"}, {"import": 0, "export": 0, "id": "TH"}, {"import": 0, "export": 0, "id": "AE"}, {"import": 0, "export": 0, "id": "TZ"}, {"import": 0, "export": 0, "id": "US"}, {"import": 0, "export": 0, "id": "CN"}, {"import": 0, "export": 0, "id": "MW"}], "world_import": 0, "world_export": 0}, {"date": "2016-07-01", "list": [{"import": 0, "export": 0, "id": "ZA"}, {"import": 0, "export": 0, "id": "TH"}, {"import": 0, "export": 0, "id": "AE"}, {"import": 0, "export": 0, "id": "TZ"}, {"import": 59877, "export": 0, "id": "US"}, {"import": 0, "export": 0, "id": "CN"}, {"import": 0, "export": 0, "id": "MW"}], "world_import": 59877, "world_export": 0}, {"date": "2016-08-01", "list": [{"import": 0, "export": 0, "id": "ZA"}, {"import": 651690, "export": 0, "id": "TH"}, {"import": 0, "export": 0, "id": "AE"}, {"import": 15000, "export": 0, "id": "TZ"}, {"import": 0, "export": 0, "id": "US"}, {"import": 0, "export": 0, "id": "CN"}, {"import": 0, "export": 0, "id": "MW"}], "world_import": 666690, "world_export": 0}, {"date": "2016-09-01", "list": [{"import": 0, "export": 0, "id": "ZA"}, {"import": 651690, "export": 0, "id": "TH"}, {"import": 0, "export": 0, "id": "AE"}, {"import": 0, "export": 0, "id": "TZ"}, {"import": 0, "export": 0, "id": "US"}, {"import": 0, "export": 0, "id": "CN"}, {"import": 0, "export": 0, "id": "MW"}], "world_import": 651690, "world_export": 0}, {"date": "2016-10-01", "list": [{"import": 0, "export": 0, "id": "ZA"}, {"import": 0, "export": 0, "id": "TH"}, {"import": 0, "export": 0, "id": "AE"}, {"import": 15000, "export": 0, "id": "TZ"}, {"import": 0, "export": 0, "id": "US"}, {"import": 0, "export": 0, "id": "CN"}, {"import": 0, "export": 0, "id": "MW"}], "world_import": 15000, "world_export": 0}, {"date": "2016-11-01", "list": [{"import": 0, "export": 0, "id": "ZA"}, {"import": 0, "export": 0, "id": "TH"}, {"import": 0, "export": 0, "id": "AE"}, {"import": 0, "export": 0, "id": "TZ"}, {"import": 0, "export": 0, "id": "US"}, {"import": 0, "export": 0, "id": "CN"}, {"import": 730, "export": 0, "id": "MW"}], "world_import": 730, "world_export": 0}, {"date": "2016-12-01", "list": [{"import": 39750, "export": 0, "id": "ZA"}, {"import": 0, "export": 0, "id": "TH"}, {"import": 1040000, "export": 0, "id": "AE"}, {"import": 0, "export": 0, "id": "TZ"}, {"import": 0, "export": 0, "id": "US"}, {"import": 0, "export": 0, "id": "CN"}, {"import": 0, "export": 0, "id": "MW"}], "world_import": 1079750, "world_export": 0}, {"date": "2017-01-01", "list": [{"import": 0, "export": 0, "id": "ZA"}, {"import": 0, "export": 0, "id": "TH"}, {"import": 0, "export": 0, "id": "AE"}, {"import": 0, "export": 0, "id": "TZ"}, {"import": 0, "export": 0, "id": "US"}, {"import": 0, "export": 0, "id": "CN"}, {"import": 0, "export": 0, "id": "MW"}], "world_import": 0, "world_export": 0}, {"date": "2017-02-01", "list": [{"import": 0, "export": 0, "id": "ZA"}, {"import": 0, "export": 0, "id": "TH"}, {"import": 0, "export": 0, "id": "AE"}, {"import": 0, "export": 0, "id": "TZ"}, {"import": 0, "export": 0, "id": "US"}, {"import": 0, "export": 0, "id": "CN"}, {"import": 0, "export": 0, "id": "MW"}], "world_import": 0, "world_export": 0}, {"date": "2017-03-01", "list": [{"import": 0, "export": 0, "id": "ZA"}, {"import": 0, "export": 0, "id": "TH"}, {"import": 0, "export": 0, "id": "AE"}, {"import": 0, "export": 0, "id": "TZ"}, {"import": 0, "export": 0, "id": "US"}, {"import": 0, "export": 0, "id": "CN"}, {"import": 0, "export": 0, "id": "MW"}], "world_import": 0, "world_export": 0}, {"date": "2017-04-01", "list": [{"import": 747, "export": 0, "id": "ZA"}, {"import": 0, "export": 0, "id": "TH"}, {"import": 0, "export": 0, "id": "AE"}, {"import": 0, "export": 0, "id": "TZ"}, {"import": 0, "export": 0, "id": "US"}, {"import": 1, "export": 0, "id": "CN"}, {"import": 0, "export": 0, "id": "MW"}], "world_import": 748, "world_export": 0}, {"date": "2017-05-01", "list": [{"import": 0, "export": 0, "id": "ZA"}, {"import": 0, "export": 0, "id": "TH"}, {"import": 0, "export": 0, "id": "AE"}, {"import": 0, "export": 0, "id": "TZ"}, {"import": 0, "export": 0, "id": "US"}, {"import": 0, "export": 0, "id": "CN"}, {"import": 0, "export": 0, "id": "MW"}], "world_import": 0, "world_export": 0}, {"date": "2017-06-01", "list": [{"import": 0, "export": 0, "id": "ZA"}, {"import": 0, "export": 0, "id": "TH"}, {"import": 0, "export": 0, "id": "AE"}, {"import": 0, "export": 0, "id": "TZ"}, {"import": 0, "export": 0, "id": "US"}, {"import": 0, "export": 0, "id": "CN"}, {"import": 0, "export": 0, "id": "MW"}], "world_import": 0, "world_export": 0}, {"date": "2017-07-01", "list": [{"import": 64000, "export": 0, "id": "ZA"}, {"import": 0, "export": 0, "id": "TH"}, {"import": 0, "export": 0, "id": "AE"}, {"import": 0, "export": 0, "id": "TZ"}, {"import": 0, "export": 0, "id": "US"}, {"import": 0, "export": 0, "id": "CN"}, {"import": 30000, "export": 0, "id": "MW"}], "world_import": 94000, "world_export": 0}]