[{"date": "2018-12-01", "list": [{"import": 739, "export": 0, "id": "IT"}, {"import": 25, "export": 7, "id": "NL"}, {"import": 2, "export": 0, "id": "GR"}, {"import": 1, "export": 1, "id": "BE"}, {"import": 0, "export": 23, "id": "AT"}, {"import": 1, "export": 0, "id": "PL"}, {"import": 1, "export": 0, "id": "JP"}, {"import": 0, "export": 0, "id": "IN"}, {"import": 0, "export": 0, "id": "VN"}, {"import": 1, "export": 0, "id": "TH"}, {"import": 0, "export": 0, "id": "TR"}, {"import": 0, "export": 0, "id": "EG"}, {"import": 0, "export": 0, "id": "US"}, {"import": 1, "export": 0, "id": "ES"}, {"import": 0, "export": 2, "id": "CH"}, {"import": 0, "export": 0, "id": "KR"}, {"import": 0, "export": 0, "id": "PT"}, {"import": 0, "export": 0, "id": "BD"}, {"import": 0, "export": 0, "id": "HU"}, {"import": 0, "export": 0, "id": "BT"}, {"import": 7, "export": 0, "id": "KH"}, {"import": 0, "export": 1, "id": "-"}, {"import": 0, "export": 31, "id": "FR"}, {"import": 0, "export": 0, "id": "GH"}, {"import": 0, "export": 1, "id": "LU"}, {"import": 0, "export": 0, "id": "DK"}, {"import": 0, "export": 1, "id": "FI"}, {"import": 0, "export": 0, "id": "GE"}, {"import": 0, "export": 0, "id": "IE"}, {"import": 0, "export": 0, "id": "KW"}, {"import": 0, "export": 0, "id": "MN"}, {"import": 0, "export": 0, "id": "NG"}, {"import": 0, "export": 0, "id": "AZ"}, {"import": 0, "export": 0, "id": "SA"}, {"import": 0, "export": 0, "id": "RS"}, {"import": 0, "export": 1, "id": "SK"}, {"import": 0, "export": 1, "id": "SI"}, {"import": 0, "export": 0, "id": "SE"}, {"import": 0, "export": 0, "id": "GB"}], "world_import": 778, "world_export": 70}, {"date": "2019-01-01", "list": [{"import": 843, "export": 0, "id": "IT"}, {"import": 13, "export": 3, "id": "NL"}, {"import": 4, "export": 0, "id": "GR"}, {"import": 3, "export": 0, "id": "BE"}, {"import": 7, "export": 3, "id": "AT"}, {"import": 1, "export": 0, "id": "PL"}, {"import": 1, "export": 0, "id": "JP"}, {"import": 1, "export": 0, "id": "IN"}, {"import": 2, "export": 0, "id": "VN"}, {"import": 5, "export": 0, "id": "TH"}, {"import": 2, "export": 0, "id": "TR"}, {"import": 1, "export": 0, "id": "EG"}, {"import": 0, "export": 0, "id": "US"}, {"import": 0, "export": 0, "id": "ES"}, {"import": 0, "export": 0, "id": "CH"}, {"import": 0, "export": 0, "id": "KR"}, {"import": 2, "export": 0, "id": "PT"}, {"import": 1, "export": 0, "id": "BD"}, {"import": 0, "export": 0, "id": "HU"}, {"import": 0, "export": 0, "id": "BT"}, {"import": 0, "export": 0, "id": "KH"}, {"import": 1, "export": 0, "id": "-"}, {"import": 27, "export": 19, "id": "FR"}, {"import": 0, "export": 0, "id": "GH"}, {"import": 0, "export": 2, "id": "LU"}, {"import": 0, "export": 0, "id": "DK"}, {"import": 0, "export": 1, "id": "FI"}, {"import": 0, "export": 0, "id": "GE"}, {"import": 0, "export": 0, "id": "IE"}, {"import": 0, "export": 0, "id": "KW"}, {"import": 0, "export": 0, "id": "MN"}, {"import": 0, "export": 0, "id": "NG"}, {"import": 0, "export": 0, "id": "AZ"}, {"import": 0, "export": 0, "id": "SA"}, {"import": 0, "export": 0, "id": "RS"}, {"import": 0, "export": 0, "id": "SK"}, {"import": 0, "export": 0, "id": "SI"}, {"import": 0, "export": 0, "id": "SE"}, {"import": 0, "export": 1, "id": "GB"}], "world_import": 914, "world_export": 31}, {"date": "2019-02-01", "list": [{"import": 599, "export": 0, "id": "IT"}, {"import": 47, "export": 0, "id": "NL"}, {"import": 6, "export": 0, "id": "GR"}, {"import": 2, "export": 0, "id": "BE"}, {"import": 5, "export": 2, "id": "AT"}, {"import": 1, "export": 0, "id": "PL"}, {"import": 2, "export": 0, "id": "JP"}, {"import": 6, "export": 0, "id": "IN"}, {"import": 2, "export": 0, "id": "VN"}, {"import": 4, "export": 0, "id": "TH"}, {"import": 0, "export": 0, "id": "TR"}, {"import": 0, "export": 0, "id": "EG"}, {"import": 0, "export": 0, "id": "US"}, {"import": 0, "export": 0, "id": "ES"}, {"import": 0, "export": 0, "id": "CH"}, {"import": 0, "export": 0, "id": "KR"}, {"import": 0, "export": 0, "id": "PT"}, {"import": 0, "export": 0, "id": "BD"}, {"import": 0, "export": 0, "id": "HU"}, {"import": 0, "export": 0, "id": "BT"}, {"import": 0, "export": 0, "id": "KH"}, {"import": 1, "export": 0, "id": "-"}, {"import": 1, "export": 0, "id": "FR"}, {"import": 0, "export": 0, "id": "GH"}, {"import": 0, "export": 1, "id": "LU"}, {"import": 0, "export": 0, "id": "DK"}, {"import": 0, "export": 0, "id": "FI"}, {"import": 0, "export": 0, "id": "GE"}, {"import": 0, "export": 0, "id": "IE"}, {"import": 0, "export": 0, "id": "KW"}, {"import": 0, "export": 0, "id": "MN"}, {"import": 0, "export": 0, "id": "NG"}, {"import": 0, "export": 0, "id": "AZ"}, {"import": 0, "export": 0, "id": "SA"}, {"import": 0, "export": 0, "id": "RS"}, {"import": 0, "export": 0, "id": "SK"}, {"import": 0, "export": 0, "id": "SI"}, {"import": 0, "export": 0, "id": "SE"}, {"import": 0, "export": 0, "id": "GB"}], "world_import": 676, "world_export": 5}, {"date": "2019-03-01", "list": [{"import": 414, "export": 0, "id": "IT"}, {"import": 30, "export": 2, "id": "NL"}, {"import": 5, "export": 0, "id": "GR"}, {"import": 2, "export": 0, "id": "BE"}, {"import": 3, "export": 7, "id": "AT"}, {"import": 0, "export": 0, "id": "PL"}, {"import": 1, "export": 0, "id": "JP"}, {"import": 1, "export": 0, "id": "IN"}, {"import": 0, "export": 0, "id": "VN"}, {"import": 1, "export": 0, "id": "TH"}, {"import": 0, "export": 0, "id": "TR"}, {"import": 0, "export": 0, "id": "EG"}, {"import": 0, "export": 0, "id": "US"}, {"import": 0, "export": 1, "id": "ES"}, {"import": 0, "export": 0, "id": "CH"}, {"import": 0, "export": 0, "id": "KR"}, {"import": 1, "export": 0, "id": "PT"}, {"import": 0, "export": 0, "id": "BD"}, {"import": 24, "export": 0, "id": "HU"}, {"import": 0, "export": 0, "id": "BT"}, {"import": 0, "export": 0, "id": "KH"}, {"import": 0, "export": 0, "id": "-"}, {"import": 27, "export": 24, "id": "FR"}, {"import": 0, "export": 1, "id": "GH"}, {"import": 0, "export": 2, "id": "LU"}, {"import": 0, "export": 0, "id": "DK"}, {"import": 0, "export": 0, "id": "FI"}, {"import": 0, "export": 0, "id": "GE"}, {"import": 0, "export": 0, "id": "IE"}, {"import": 0, "export": 0, "id": "KW"}, {"import": 0, "export": 1, "id": "MN"}, {"import": 0, "export": 0, "id": "NG"}, {"import": 0, "export": 0, "id": "AZ"}, {"import": 0, "export": 0, "id": "SA"}, {"import": 0, "export": 0, "id": "RS"}, {"import": 0, "export": 0, "id": "SK"}, {"import": 0, "export": 0, "id": "SI"}, {"import": 0, "export": 0, "id": "SE"}, {"import": 0, "export": 0, "id": "GB"}], "world_import": 509, "world_export": 39}, {"date": "2019-04-01", "list": [{"import": 322, "export": 0, "id": "IT"}, {"import": 28, "export": 3, "id": "NL"}, {"import": 4, "export": 0, "id": "GR"}, {"import": 3, "export": 0, "id": "BE"}, {"import": 3, "export": 3, "id": "AT"}, {"import": 0, "export": 1, "id": "PL"}, {"import": 1, "export": 0, "id": "JP"}, {"import": 0, "export": 0, "id": "IN"}, {"import": 1, "export": 0, "id": "VN"}, {"import": 13, "export": 0, "id": "TH"}, {"import": 1, "export": 0, "id": "TR"}, {"import": 0, "export": 0, "id": "EG"}, {"import": 0, "export": 0, "id": "US"}, {"import": 0, "export": 0, "id": "ES"}, {"import": 0, "export": 0, "id": "CH"}, {"import": 0, "export": 0, "id": "KR"}, {"import": 2, "export": 0, "id": "PT"}, {"import": 0, "export": 0, "id": "BD"}, {"import": 168, "export": 0, "id": "HU"}, {"import": 1, "export": 0, "id": "BT"}, {"import": 89, "export": 0, "id": "KH"}, {"import": 0, "export": 2, "id": "-"}, {"import": 79, "export": 20, "id": "FR"}, {"import": 0, "export": 0, "id": "GH"}, {"import": 0, "export": 1, "id": "LU"}, {"import": 0, "export": 2, "id": "DK"}, {"import": 0, "export": 0, "id": "FI"}, {"import": 0, "export": 0, "id": "GE"}, {"import": 0, "export": 0, "id": "IE"}, {"import": 0, "export": 0, "id": "KW"}, {"import": 0, "export": 0, "id": "MN"}, {"import": 0, "export": 0, "id": "NG"}, {"import": 0, "export": 0, "id": "AZ"}, {"import": 0, "export": 0, "id": "SA"}, {"import": 0, "export": 0, "id": "RS"}, {"import": 0, "export": 0, "id": "SK"}, {"import": 0, "export": 0, "id": "SI"}, {"import": 0, "export": 0, "id": "SE"}, {"import": 0, "export": 0, "id": "GB"}], "world_import": 715, "world_export": 34}, {"date": "2019-05-01", "list": [{"import": 102, "export": 0, "id": "IT"}, {"import": 46, "export": 11, "id": "NL"}, {"import": 5, "export": 0, "id": "GR"}, {"import": 2, "export": 0, "id": "BE"}, {"import": 0, "export": 17, "id": "AT"}, {"import": 0, "export": 0, "id": "PL"}, {"import": 1, "export": 0, "id": "JP"}, {"import": 0, "export": 0, "id": "IN"}, {"import": 0, "export": 0, "id": "VN"}, {"import": 1, "export": 0, "id": "TH"}, {"import": 0, "export": 0, "id": "TR"}, {"import": 0, "export": 0, "id": "EG"}, {"import": 0, "export": 0, "id": "US"}, {"import": 0, "export": 0, "id": "ES"}, {"import": 0, "export": 0, "id": "CH"}, {"import": 0, "export": 0, "id": "KR"}, {"import": 2, "export": 0, "id": "PT"}, {"import": 0, "export": 0, "id": "BD"}, {"import": 9, "export": 0, "id": "HU"}, {"import": 0, "export": 0, "id": "BT"}, {"import": 20, "export": 0, "id": "KH"}, {"import": 0, "export": 0, "id": "-"}, {"import": 0, "export": 14, "id": "FR"}, {"import": 0, "export": 1, "id": "GH"}, {"import": 0, "export": 1, "id": "LU"}, {"import": 0, "export": 1, "id": "DK"}, {"import": 0, "export": 0, "id": "FI"}, {"import": 0, "export": 0, "id": "GE"}, {"import": 0, "export": 0, "id": "IE"}, {"import": 0, "export": 0, "id": "KW"}, {"import": 0, "export": 1, "id": "MN"}, {"import": 0, "export": 0, "id": "NG"}, {"import": 0, "export": 0, "id": "AZ"}, {"import": 0, "export": 0, "id": "SA"}, {"import": 0, "export": 0, "id": "RS"}, {"import": 0, "export": 0, "id": "SK"}, {"import": 0, "export": 0, "id": "SI"}, {"import": 0, "export": 0, "id": "SE"}, {"import": 0, "export": 0, "id": "GB"}], "world_import": 188, "world_export": 49}, {"date": "2019-06-01", "list": [{"import": 1035, "export": 0, "id": "IT"}, {"import": 17, "export": 10, "id": "NL"}, {"import": 4, "export": 0, "id": "GR"}, {"import": 2, "export": 0, "id": "BE"}, {"import": 6, "export": 16, "id": "AT"}, {"import": 0, "export": 2, "id": "PL"}, {"import": 1, "export": 0, "id": "JP"}, {"import": 56, "export": 0, "id": "IN"}, {"import": 2, "export": 0, "id": "VN"}, {"import": 1, "export": 0, "id": "TH"}, {"import": 2, "export": 0, "id": "TR"}, {"import": 0, "export": 0, "id": "EG"}, {"import": 0, "export": 0, "id": "US"}, {"import": 3, "export": 0, "id": "ES"}, {"import": 0, "export": 0, "id": "CH"}, {"import": 0, "export": 0, "id": "KR"}, {"import": 1, "export": 0, "id": "PT"}, {"import": 0, "export": 0, "id": "BD"}, {"import": 0, "export": 0, "id": "HU"}, {"import": 0, "export": 0, "id": "BT"}, {"import": 0, "export": 0, "id": "KH"}, {"import": 0, "export": 1, "id": "-"}, {"import": 0, "export": 22, "id": "FR"}, {"import": 0, "export": 1, "id": "GH"}, {"import": 0, "export": 4, "id": "LU"}, {"import": 0, "export": 1, "id": "DK"}, {"import": 0, "export": 1, "id": "FI"}, {"import": 0, "export": 0, "id": "GE"}, {"import": 0, "export": 1, "id": "IE"}, {"import": 0, "export": 0, "id": "KW"}, {"import": 0, "export": 0, "id": "MN"}, {"import": 0, "export": 0, "id": "NG"}, {"import": 0, "export": 0, "id": "AZ"}, {"import": 0, "export": 0, "id": "SA"}, {"import": 0, "export": 1, "id": "RS"}, {"import": 0, "export": 0, "id": "SK"}, {"import": 0, "export": 0, "id": "SI"}, {"import": 0, "export": 0, "id": "SE"}, {"import": 0, "export": 0, "id": "GB"}], "world_import": 1130, "world_export": 62}, {"date": "2019-07-01", "list": [{"import": 377, "export": 0, "id": "IT"}, {"import": 17, "export": 4, "id": "NL"}, {"import": 6, "export": 0, "id": "GR"}, {"import": 2, "export": 0, "id": "BE"}, {"import": 2, "export": 5, "id": "AT"}, {"import": 0, "export": 0, "id": "PL"}, {"import": 0, "export": 0, "id": "JP"}, {"import": 3, "export": 0, "id": "IN"}, {"import": 2, "export": 0, "id": "VN"}, {"import": 2, "export": 0, "id": "TH"}, {"import": 2, "export": 0, "id": "TR"}, {"import": 1, "export": 0, "id": "EG"}, {"import": 0, "export": 0, "id": "US"}, {"import": 1, "export": 0, "id": "ES"}, {"import": 0, "export": 0, "id": "CH"}, {"import": 0, "export": 0, "id": "KR"}, {"import": 1, "export": 0, "id": "PT"}, {"import": 0, "export": 0, "id": "BD"}, {"import": 0, "export": 0, "id": "HU"}, {"import": 0, "export": 0, "id": "BT"}, {"import": 17, "export": 0, "id": "KH"}, {"import": 0, "export": 0, "id": "-"}, {"import": 26, "export": 12, "id": "FR"}, {"import": 0, "export": 0, "id": "GH"}, {"import": 0, "export": 1, "id": "LU"}, {"import": 0, "export": 0, "id": "DK"}, {"import": 0, "export": 0, "id": "FI"}, {"import": 0, "export": 0, "id": "GE"}, {"import": 0, "export": 0, "id": "IE"}, {"import": 0, "export": 0, "id": "KW"}, {"import": 0, "export": 0, "id": "MN"}, {"import": 0, "export": 0, "id": "NG"}, {"import": 0, "export": 0, "id": "AZ"}, {"import": 0, "export": 0, "id": "SA"}, {"import": 0, "export": 0, "id": "RS"}, {"import": 0, "export": 0, "id": "SK"}, {"import": 0, "export": 0, "id": "SI"}, {"import": 0, "export": 0, "id": "SE"}, {"import": 0, "export": 2, "id": "GB"}], "world_import": 459, "world_export": 27}, {"date": "2019-08-01", "list": [{"import": 566, "export": 0, "id": "IT"}, {"import": 24, "export": 1, "id": "NL"}, {"import": 0, "export": 0, "id": "GR"}, {"import": 1, "export": 0, "id": "BE"}, {"import": 2, "export": 3, "id": "AT"}, {"import": 0, "export": 0, "id": "PL"}, {"import": 2, "export": 0, "id": "JP"}, {"import": 0, "export": 0, "id": "IN"}, {"import": 0, "export": 0, "id": "VN"}, {"import": 1, "export": 0, "id": "TH"}, {"import": 0, "export": 0, "id": "TR"}, {"import": 0, "export": 0, "id": "EG"}, {"import": 0, "export": 0, "id": "US"}, {"import": 0, "export": 0, "id": "ES"}, {"import": 0, "export": 1, "id": "CH"}, {"import": 0, "export": 0, "id": "KR"}, {"import": 2, "export": 0, "id": "PT"}, {"import": 0, "export": 0, "id": "BD"}, {"import": 0, "export": 0, "id": "HU"}, {"import": 0, "export": 0, "id": "BT"}, {"import": 0, "export": 0, "id": "KH"}, {"import": 0, "export": 0, "id": "-"}, {"import": 1, "export": 18, "id": "FR"}, {"import": 0, "export": 0, "id": "GH"}, {"import": 0, "export": 0, "id": "LU"}, {"import": 0, "export": 0, "id": "DK"}, {"import": 0, "export": 0, "id": "FI"}, {"import": 0, "export": 0, "id": "GE"}, {"import": 0, "export": 0, "id": "IE"}, {"import": 0, "export": 1, "id": "KW"}, {"import": 0, "export": 0, "id": "MN"}, {"import": 0, "export": 0, "id": "NG"}, {"import": 0, "export": 0, "id": "AZ"}, {"import": 0, "export": 0, "id": "SA"}, {"import": 0, "export": 0, "id": "RS"}, {"import": 0, "export": 0, "id": "SK"}, {"import": 0, "export": 0, "id": "SI"}, {"import": 0, "export": 0, "id": "SE"}, {"import": 0, "export": 0, "id": "GB"}], "world_import": 599, "world_export": 27}, {"date": "2019-09-01", "list": [{"import": 311, "export": 0, "id": "IT"}, {"import": 52, "export": 4, "id": "NL"}, {"import": 4, "export": 0, "id": "GR"}, {"import": 0, "export": 0, "id": "BE"}, {"import": 3, "export": 6, "id": "AT"}, {"import": 0, "export": 2, "id": "PL"}, {"import": 1, "export": 0, "id": "JP"}, {"import": 1, "export": 0, "id": "IN"}, {"import": 0, "export": 0, "id": "VN"}, {"import": 12, "export": 0, "id": "TH"}, {"import": 0, "export": 0, "id": "TR"}, {"import": 0, "export": 0, "id": "EG"}, {"import": 0, "export": 0, "id": "US"}, {"import": 25, "export": 0, "id": "ES"}, {"import": 0, "export": 1, "id": "CH"}, {"import": 0, "export": 0, "id": "KR"}, {"import": 0, "export": 0, "id": "PT"}, {"import": 0, "export": 0, "id": "BD"}, {"import": 24, "export": 0, "id": "HU"}, {"import": 0, "export": 0, "id": "BT"}, {"import": 0, "export": 0, "id": "KH"}, {"import": 0, "export": 0, "id": "-"}, {"import": 5, "export": 4, "id": "FR"}, {"import": 0, "export": 0, "id": "GH"}, {"import": 0, "export": 1, "id": "LU"}, {"import": 0, "export": 1, "id": "DK"}, {"import": 0, "export": 1, "id": "FI"}, {"import": 0, "export": 0, "id": "GE"}, {"import": 0, "export": 0, "id": "IE"}, {"import": 0, "export": 0, "id": "KW"}, {"import": 0, "export": 0, "id": "MN"}, {"import": 0, "export": 0, "id": "NG"}, {"import": 0, "export": 0, "id": "AZ"}, {"import": 0, "export": 0, "id": "SA"}, {"import": 0, "export": 0, "id": "RS"}, {"import": 0, "export": 0, "id": "SK"}, {"import": 0, "export": 0, "id": "SI"}, {"import": 0, "export": 0, "id": "SE"}, {"import": 0, "export": 0, "id": "GB"}], "world_import": 438, "world_export": 23}, {"date": "2019-10-01", "list": [{"import": 706, "export": 0, "id": "IT"}, {"import": 15, "export": 3, "id": "NL"}, {"import": 5, "export": 0, "id": "GR"}, {"import": 1, "export": 0, "id": "BE"}, {"import": 4, "export": 22, "id": "AT"}, {"import": 21, "export": 0, "id": "PL"}, {"import": 1, "export": 0, "id": "JP"}, {"import": 0, "export": 0, "id": "IN"}, {"import": 0, "export": 0, "id": "VN"}, {"import": 0, "export": 0, "id": "TH"}, {"import": 0, "export": 0, "id": "TR"}, {"import": 0, "export": 0, "id": "EG"}, {"import": 0, "export": 0, "id": "US"}, {"import": 0, "export": 0, "id": "ES"}, {"import": 0, "export": 0, "id": "CH"}, {"import": 0, "export": 0, "id": "KR"}, {"import": 2, "export": 0, "id": "PT"}, {"import": 0, "export": 0, "id": "BD"}, {"import": 0, "export": 0, "id": "HU"}, {"import": 0, "export": 0, "id": "BT"}, {"import": 0, "export": 0, "id": "KH"}, {"import": 0, "export": 0, "id": "-"}, {"import": 22, "export": 17, "id": "FR"}, {"import": 0, "export": 2, "id": "GH"}, {"import": 0, "export": 1, "id": "LU"}, {"import": 0, "export": 0, "id": "DK"}, {"import": 0, "export": 0, "id": "FI"}, {"import": 0, "export": 0, "id": "GE"}, {"import": 0, "export": 0, "id": "IE"}, {"import": 0, "export": 0, "id": "KW"}, {"import": 0, "export": 0, "id": "MN"}, {"import": 0, "export": 0, "id": "NG"}, {"import": 0, "export": 0, "id": "AZ"}, {"import": 0, "export": 0, "id": "SA"}, {"import": 0, "export": 0, "id": "RS"}, {"import": 0, "export": 0, "id": "SK"}, {"import": 0, "export": 0, "id": "SI"}, {"import": 0, "export": 0, "id": "SE"}, {"import": 0, "export": 0, "id": "GB"}], "world_import": 777, "world_export": 47}, {"date": "2019-11-01", "list": [{"import": 332, "export": 0, "id": "IT"}, {"import": 12, "export": 3, "id": "NL"}, {"import": 4, "export": 1, "id": "GR"}, {"import": 1, "export": 0, "id": "BE"}, {"import": 0, "export": 4, "id": "AT"}, {"import": 0, "export": 1, "id": "PL"}, {"import": 1, "export": 0, "id": "JP"}, {"import": 2, "export": 0, "id": "IN"}, {"import": 0, "export": 0, "id": "VN"}, {"import": 0, "export": 0, "id": "TH"}, {"import": 0, "export": 0, "id": "TR"}, {"import": 0, "export": 0, "id": "EG"}, {"import": 0, "export": 0, "id": "US"}, {"import": 0, "export": 0, "id": "ES"}, {"import": 0, "export": 0, "id": "CH"}, {"import": 0, "export": 0, "id": "KR"}, {"import": 0, "export": 0, "id": "PT"}, {"import": 0, "export": 0, "id": "BD"}, {"import": 0, "export": 0, "id": "HU"}, {"import": 0, "export": 0, "id": "BT"}, {"import": 0, "export": 0, "id": "KH"}, {"import": 0, "export": 0, "id": "-"}, {"import": 50, "export": 6, "id": "FR"}, {"import": 0, "export": 1, "id": "GH"}, {"import": 0, "export": 1, "id": "LU"}, {"import": 0, "export": 0, "id": "DK"}, {"import": 0, "export": 0, "id": "FI"}, {"import": 0, "export": 0, "id": "GE"}, {"import": 0, "export": 0, "id": "IE"}, {"import": 0, "export": 0, "id": "KW"}, {"import": 0, "export": 0, "id": "MN"}, {"import": 0, "export": 0, "id": "NG"}, {"import": 0, "export": 0, "id": "AZ"}, {"import": 0, "export": 0, "id": "SA"}, {"import": 0, "export": 0, "id": "RS"}, {"import": 0, "export": 0, "id": "SK"}, {"import": 0, "export": 0, "id": "SI"}, {"import": 0, "export": 2, "id": "SE"}, {"import": 0, "export": 0, "id": "GB"}], "world_import": 402, "world_export": 21}, {"date": "2019-12-01", "list": [{"import": 59, "export": 0, "id": "IT"}, {"import": 8, "export": 5, "id": "NL"}, {"import": 0, "export": 0, "id": "GR"}, {"import": 2, "export": 0, "id": "BE"}, {"import": 4, "export": 2, "id": "AT"}, {"import": 0, "export": 0, "id": "PL"}, {"import": 3, "export": 0, "id": "JP"}, {"import": 0, "export": 0, "id": "IN"}, {"import": 0, "export": 0, "id": "VN"}, {"import": 1, "export": 0, "id": "TH"}, {"import": 0, "export": 0, "id": "TR"}, {"import": 0, "export": 0, "id": "EG"}, {"import": 0, "export": 0, "id": "US"}, {"import": 0, "export": 0, "id": "ES"}, {"import": 0, "export": 0, "id": "CH"}, {"import": 0, "export": 0, "id": "KR"}, {"import": 2, "export": 0, "id": "PT"}, {"import": 0, "export": 0, "id": "BD"}, {"import": 0, "export": 0, "id": "HU"}, {"import": 0, "export": 0, "id": "BT"}, {"import": 0, "export": 0, "id": "KH"}, {"import": 0, "export": 0, "id": "-"}, {"import": 23, "export": 0, "id": "FR"}, {"import": 0, "export": 0, "id": "GH"}, {"import": 0, "export": 0, "id": "LU"}, {"import": 0, "export": 0, "id": "DK"}, {"import": 0, "export": 0, "id": "FI"}, {"import": 0, "export": 0, "id": "GE"}, {"import": 0, "export": 0, "id": "IE"}, {"import": 0, "export": 0, "id": "KW"}, {"import": 0, "export": 1, "id": "MN"}, {"import": 0, "export": 0, "id": "NG"}, {"import": 0, "export": 0, "id": "AZ"}, {"import": 0, "export": 0, "id": "SA"}, {"import": 0, "export": 0, "id": "RS"}, {"import": 0, "export": 0, "id": "SK"}, {"import": 0, "export": 0, "id": "SI"}, {"import": 0, "export": 0, "id": "SE"}, {"import": 0, "export": 0, "id": "GB"}], "world_import": 102, "world_export": 9}, {"date": "2020-01-01", "list": [{"import": 378, "export": 0, "id": "IT"}, {"import": 62, "export": 20, "id": "NL"}, {"import": 4, "export": 5, "id": "GR"}, {"import": 3, "export": 0, "id": "BE"}, {"import": 10, "export": 3, "id": "AT"}, {"import": 24, "export": 1, "id": "PL"}, {"import": 2, "export": 0, "id": "JP"}, {"import": 0, "export": 0, "id": "IN"}, {"import": 1, "export": 0, "id": "VN"}, {"import": 1, "export": 0, "id": "TH"}, {"import": 0, "export": 0, "id": "TR"}, {"import": 0, "export": 0, "id": "EG"}, {"import": 0, "export": 0, "id": "US"}, {"import": 3, "export": 0, "id": "ES"}, {"import": 0, "export": 0, "id": "CH"}, {"import": 0, "export": 0, "id": "KR"}, {"import": 1, "export": 0, "id": "PT"}, {"import": 0, "export": 0, "id": "BD"}, {"import": 0, "export": 0, "id": "HU"}, {"import": 0, "export": 0, "id": "BT"}, {"import": 1, "export": 0, "id": "KH"}, {"import": 0, "export": 0, "id": "-"}, {"import": 0, "export": 6, "id": "FR"}, {"import": 0, "export": 0, "id": "GH"}, {"import": 0, "export": 2, "id": "LU"}, {"import": 0, "export": 0, "id": "DK"}, {"import": 0, "export": 0, "id": "FI"}, {"import": 0, "export": 0, "id": "GE"}, {"import": 0, "export": 0, "id": "IE"}, {"import": 0, "export": 0, "id": "KW"}, {"import": 0, "export": 0, "id": "MN"}, {"import": 0, "export": 0, "id": "NG"}, {"import": 0, "export": 0, "id": "AZ"}, {"import": 0, "export": 0, "id": "SA"}, {"import": 0, "export": 0, "id": "RS"}, {"import": 0, "export": 0, "id": "SK"}, {"import": 0, "export": 0, "id": "SI"}, {"import": 0, "export": 0, "id": "SE"}, {"import": 0, "export": 0, "id": "GB"}], "world_import": 490, "world_export": 39}, {"date": "2020-02-01", "list": [{"import": 331, "export": 0, "id": "IT"}, {"import": 75, "export": 20, "id": "NL"}, {"import": 0, "export": 0, "id": "GR"}, {"import": 2, "export": 0, "id": "BE"}, {"import": 4, "export": 4, "id": "AT"}, {"import": 30, "export": 0, "id": "PL"}, {"import": 1, "export": 0, "id": "JP"}, {"import": 0, "export": 0, "id": "IN"}, {"import": 1, "export": 0, "id": "VN"}, {"import": 0, "export": 0, "id": "TH"}, {"import": 0, "export": 0, "id": "TR"}, {"import": 0, "export": 0, "id": "EG"}, {"import": 0, "export": 0, "id": "US"}, {"import": 23, "export": 0, "id": "ES"}, {"import": 0, "export": 2, "id": "CH"}, {"import": 0, "export": 0, "id": "KR"}, {"import": 0, "export": 0, "id": "PT"}, {"import": 0, "export": 0, "id": "BD"}, {"import": 0, "export": 0, "id": "HU"}, {"import": 0, "export": 0, "id": "BT"}, {"import": 0, "export": 0, "id": "KH"}, {"import": 0, "export": 0, "id": "-"}, {"import": 0, "export": 3, "id": "FR"}, {"import": 0, "export": 0, "id": "GH"}, {"import": 0, "export": 1, "id": "LU"}, {"import": 0, "export": 0, "id": "DK"}, {"import": 0, "export": 0, "id": "FI"}, {"import": 0, "export": 0, "id": "GE"}, {"import": 0, "export": 0, "id": "IE"}, {"import": 0, "export": 0, "id": "KW"}, {"import": 0, "export": 0, "id": "MN"}, {"import": 0, "export": 0, "id": "NG"}, {"import": 0, "export": 0, "id": "AZ"}, {"import": 0, "export": 0, "id": "SA"}, {"import": 0, "export": 1, "id": "RS"}, {"import": 0, "export": 0, "id": "SK"}, {"import": 0, "export": 0, "id": "SI"}, {"import": 0, "export": 0, "id": "SE"}, {"import": 0, "export": 0, "id": "GB"}], "world_import": 467, "world_export": 33}, {"date": "2020-03-01", "list": [{"import": 507, "export": 0, "id": "IT"}, {"import": 53, "export": 4, "id": "NL"}, {"import": 5, "export": 0, "id": "GR"}, {"import": 0, "export": 0, "id": "BE"}, {"import": 2, "export": 19, "id": "AT"}, {"import": 0, "export": 3, "id": "PL"}, {"import": 3, "export": 0, "id": "JP"}, {"import": 1, "export": 0, "id": "IN"}, {"import": 4, "export": 0, "id": "VN"}, {"import": 14, "export": 0, "id": "TH"}, {"import": 0, "export": 0, "id": "TR"}, {"import": 0, "export": 0, "id": "EG"}, {"import": 0, "export": 0, "id": "US"}, {"import": 0, "export": 0, "id": "ES"}, {"import": 0, "export": 0, "id": "CH"}, {"import": 0, "export": 0, "id": "KR"}, {"import": 2, "export": 0, "id": "PT"}, {"import": 0, "export": 0, "id": "BD"}, {"import": 25, "export": 0, "id": "HU"}, {"import": 0, "export": 0, "id": "BT"}, {"import": 1, "export": 0, "id": "KH"}, {"import": 0, "export": 0, "id": "-"}, {"import": 21, "export": 3, "id": "FR"}, {"import": 0, "export": 0, "id": "GH"}, {"import": 0, "export": 2, "id": "LU"}, {"import": 0, "export": 0, "id": "DK"}, {"import": 0, "export": 0, "id": "FI"}, {"import": 0, "export": 0, "id": "GE"}, {"import": 0, "export": 0, "id": "IE"}, {"import": 0, "export": 0, "id": "KW"}, {"import": 0, "export": 0, "id": "MN"}, {"import": 0, "export": 0, "id": "NG"}, {"import": 0, "export": 0, "id": "AZ"}, {"import": 0, "export": 0, "id": "SA"}, {"import": 0, "export": 0, "id": "RS"}, {"import": 0, "export": 0, "id": "SK"}, {"import": 0, "export": 0, "id": "SI"}, {"import": 0, "export": 0, "id": "SE"}, {"import": 0, "export": 0, "id": "GB"}], "world_import": 638, "world_export": 33}, {"date": "2020-04-01", "list": [{"import": 1137, "export": 0, "id": "IT"}, {"import": 101, "export": 6, "id": "NL"}, {"import": 0, "export": 0, "id": "GR"}, {"import": 5, "export": 0, "id": "BE"}, {"import": 0, "export": 12, "id": "AT"}, {"import": 0, "export": 1, "id": "PL"}, {"import": 0, "export": 0, "id": "JP"}, {"import": 2, "export": 0, "id": "IN"}, {"import": 0, "export": 0, "id": "VN"}, {"import": 0, "export": 0, "id": "TH"}, {"import": 0, "export": 0, "id": "TR"}, {"import": 0, "export": 0, "id": "EG"}, {"import": 0, "export": 0, "id": "US"}, {"import": 23, "export": 0, "id": "ES"}, {"import": 0, "export": 0, "id": "CH"}, {"import": 0, "export": 0, "id": "KR"}, {"import": 0, "export": 0, "id": "PT"}, {"import": 0, "export": 0, "id": "BD"}, {"import": 0, "export": 0, "id": "HU"}, {"import": 0, "export": 0, "id": "BT"}, {"import": 0, "export": 0, "id": "KH"}, {"import": 0, "export": 0, "id": "-"}, {"import": 22, "export": 7, "id": "FR"}, {"import": 0, "export": 0, "id": "GH"}, {"import": 0, "export": 2, "id": "LU"}, {"import": 0, "export": 0, "id": "DK"}, {"import": 0, "export": 1, "id": "FI"}, {"import": 0, "export": 1, "id": "GE"}, {"import": 0, "export": 0, "id": "IE"}, {"import": 0, "export": 0, "id": "KW"}, {"import": 0, "export": 0, "id": "MN"}, {"import": 0, "export": 0, "id": "NG"}, {"import": 0, "export": 0, "id": "AZ"}, {"import": 0, "export": 0, "id": "SA"}, {"import": 0, "export": 0, "id": "RS"}, {"import": 0, "export": 0, "id": "SK"}, {"import": 0, "export": 0, "id": "SI"}, {"import": 0, "export": 0, "id": "SE"}, {"import": 0, "export": 0, "id": "GB"}], "world_import": 1290, "world_export": 33}, {"date": "2020-05-01", "list": [{"import": 753, "export": 0, "id": "IT"}, {"import": 10, "export": 0, "id": "NL"}, {"import": 0, "export": 0, "id": "GR"}, {"import": 1, "export": 0, "id": "BE"}, {"import": 0, "export": 0, "id": "AT"}, {"import": 0, "export": 0, "id": "PL"}, {"import": 0, "export": 0, "id": "JP"}, {"import": 0, "export": 0, "id": "IN"}, {"import": 0, "export": 0, "id": "VN"}, {"import": 37, "export": 0, "id": "TH"}, {"import": 0, "export": 0, "id": "TR"}, {"import": 0, "export": 0, "id": "EG"}, {"import": 0, "export": 0, "id": "US"}, {"import": 37, "export": 0, "id": "ES"}, {"import": 0, "export": 0, "id": "CH"}, {"import": 0, "export": 0, "id": "KR"}, {"import": 0, "export": 0, "id": "PT"}, {"import": 0, "export": 0, "id": "BD"}, {"import": 0, "export": 0, "id": "HU"}, {"import": 0, "export": 0, "id": "BT"}, {"import": 0, "export": 0, "id": "KH"}, {"import": 0, "export": 0, "id": "-"}, {"import": 22, "export": 0, "id": "FR"}, {"import": 0, "export": 0, "id": "GH"}], "world_import": 860, "world_export": 0}, {"date": "2018-11-01", "list": [{"import": 0, "export": 5, "id": "AT"}, {"import": 0, "export": 3, "id": "NL"}, {"import": 0, "export": 0, "id": "-"}, {"import": 0, "export": 1, "id": "PL"}, {"import": 0, "export": 1, "id": "LU"}, {"import": 0, "export": 1, "id": "DK"}, {"import": 0, "export": 0, "id": "FI"}, {"import": 0, "export": 59, "id": "FR"}, {"import": 0, "export": 0, "id": "GE"}, {"import": 0, "export": 0, "id": "GH"}, {"import": 0, "export": 0, "id": "GR"}, {"import": 0, "export": 0, "id": "IE"}, {"import": 0, "export": 0, "id": "IT"}, {"import": 0, "export": 0, "id": "KW"}, {"import": 0, "export": 0, "id": "MN"}, {"import": 0, "export": 0, "id": "NG"}, {"import": 0, "export": 0, "id": "BE"}, {"import": 0, "export": 0, "id": "AZ"}, {"import": 0, "export": 0, "id": "PT"}, {"import": 0, "export": 0, "id": "SA"}, {"import": 0, "export": 0, "id": "RS"}, {"import": 0, "export": 0, "id": "SK"}, {"import": 0, "export": 0, "id": "SI"}, {"import": 0, "export": 1, "id": "ES"}, {"import": 0, "export": 0, "id": "SE"}, {"import": 0, "export": 0, "id": "CH"}, {"import": 0, "export": 0, "id": "GB"}], "world_import": 0, "world_export": 72}]