[{"date": "2018-11-01", "list": [{"import": 10920, "export": 2, "id": "SK"}, {"import": 0, "export": 0, "id": "IT"}, {"import": 2698, "export": 0, "id": "GB"}, {"import": 384, "export": 0, "id": "DE"}, {"import": 0, "export": 0, "id": "LU"}, {"import": 0, "export": 0, "id": "PL"}, {"import": 0, "export": 0, "id": "BE"}, {"import": 0, "export": 0, "id": "FR"}, {"import": 0, "export": 0, "id": "AT"}], "world_import": 14002, "world_export": 2}, {"date": "2018-12-01", "list": [{"import": 23526, "export": 2, "id": "SK"}, {"import": 0, "export": 0, "id": "IT"}, {"import": 2844, "export": 0, "id": "GB"}, {"import": 13, "export": 273, "id": "DE"}, {"import": 0, "export": 0, "id": "LU"}, {"import": 648, "export": 0, "id": "PL"}, {"import": 0, "export": 0, "id": "BE"}, {"import": 0, "export": 0, "id": "FR"}, {"import": 0, "export": 0, "id": "AT"}], "world_import": 27031, "world_export": 275}, {"date": "2019-01-01", "list": [{"import": 9258, "export": 16, "id": "SK"}, {"import": 40, "export": 0, "id": "IT"}, {"import": 4863, "export": 0, "id": "GB"}, {"import": 391, "export": 638, "id": "DE"}, {"import": 0, "export": 0, "id": "LU"}, {"import": 9, "export": 46, "id": "PL"}, {"import": 0, "export": 0, "id": "BE"}, {"import": 0, "export": 0, "id": "FR"}, {"import": 0, "export": 269, "id": "AT"}], "world_import": 14561, "world_export": 969}, {"date": "2019-02-01", "list": [{"import": 23352, "export": 0, "id": "SK"}, {"import": 0, "export": 0, "id": "IT"}, {"import": 13149, "export": 0, "id": "GB"}, {"import": 11, "export": 567, "id": "DE"}, {"import": 2, "export": 3, "id": "LU"}, {"import": 657, "export": 188, "id": "PL"}, {"import": 40, "export": 19, "id": "BE"}, {"import": 0, "export": 0, "id": "FR"}, {"import": 0, "export": 197, "id": "AT"}], "world_import": 37211, "world_export": 974}, {"date": "2019-03-01", "list": [{"import": 23762, "export": 0, "id": "SK"}, {"import": 0, "export": 0, "id": "IT"}, {"import": 3279, "export": 0, "id": "GB"}, {"import": 362, "export": 0, "id": "DE"}, {"import": 0, "export": 0, "id": "LU"}, {"import": 655, "export": 0, "id": "PL"}, {"import": 0, "export": 0, "id": "BE"}, {"import": 0, "export": 0, "id": "FR"}], "world_import": 28058, "world_export": 0}, {"date": "2019-04-01", "list": [{"import": 5040, "export": 12, "id": "SK"}, {"import": 0, "export": 0, "id": "IT"}, {"import": 827, "export": 0, "id": "GB"}, {"import": 19, "export": 6, "id": "DE"}, {"import": 0, "export": 0, "id": "LU"}, {"import": 0, "export": 7, "id": "PL"}, {"import": 0, "export": 0, "id": "BE"}, {"import": 35, "export": 0, "id": "FR"}, {"import": 0, "export": 0, "id": "AT"}], "world_import": 5921, "world_export": 25}, {"date": "2019-05-01", "list": [{"import": 10920, "export": 18, "id": "SK"}, {"import": 0, "export": 0, "id": "IT"}, {"import": 1968, "export": 0, "id": "GB"}, {"import": 739, "export": 1, "id": "DE"}, {"import": 0, "export": 0, "id": "LU"}, {"import": 649, "export": 0, "id": "PL"}, {"import": 0, "export": 0, "id": "BE"}, {"import": 0, "export": 0, "id": "FR"}, {"import": 0, "export": 0, "id": "AT"}], "world_import": 14276, "world_export": 19}, {"date": "2019-06-01", "list": [{"import": 19460, "export": 0, "id": "SK"}, {"import": 0, "export": 0, "id": "IT"}, {"import": 1885, "export": 0, "id": "GB"}, {"import": 738, "export": 1, "id": "DE"}, {"import": 0, "export": 0, "id": "LU"}, {"import": 0, "export": 2, "id": "PL"}, {"import": 0, "export": 0, "id": "BE"}, {"import": 0, "export": 0, "id": "FR"}, {"import": 0, "export": 0, "id": "AT"}], "world_import": 22083, "world_export": 3}, {"date": "2019-07-01", "list": [{"import": 28520, "export": 36, "id": "SK"}, {"import": 0, "export": 0, "id": "IT"}, {"import": 3050, "export": 0, "id": "GB"}, {"import": 720, "export": 0, "id": "DE"}, {"import": 0, "export": 0, "id": "LU"}, {"import": 0, "export": 0, "id": "PL"}, {"import": 0, "export": 0, "id": "BE"}, {"import": 0, "export": 0, "id": "FR"}, {"import": 0, "export": 0, "id": "AT"}], "world_import": 32290, "world_export": 36}, {"date": "2019-08-01", "list": [{"import": 11400, "export": 0, "id": "SK"}, {"import": 0, "export": 0, "id": "IT"}, {"import": 7152, "export": 0, "id": "GB"}, {"import": 0, "export": 0, "id": "DE"}, {"import": 0, "export": 0, "id": "LU"}, {"import": 0, "export": 0, "id": "PL"}, {"import": 0, "export": 0, "id": "BE"}, {"import": 0, "export": 0, "id": "FR"}, {"import": 0, "export": 0, "id": "AT"}], "world_import": 18552, "world_export": 0}, {"date": "2019-09-01", "list": [{"import": 17940, "export": 0, "id": "SK"}, {"import": 21720, "export": 0, "id": "IT"}, {"import": 5261, "export": 0, "id": "GB"}, {"import": 0, "export": 0, "id": "DE"}, {"import": 0, "export": 0, "id": "LU"}, {"import": 0, "export": 0, "id": "PL"}, {"import": 0, "export": 0, "id": "BE"}, {"import": 0, "export": 0, "id": "FR"}, {"import": 0, "export": 0, "id": "AT"}], "world_import": 44921, "world_export": 0}, {"date": "2019-10-01", "list": [{"import": 16400, "export": 28, "id": "SK"}, {"import": 0, "export": 0, "id": "IT"}, {"import": 4263, "export": 0, "id": "GB"}, {"import": 538, "export": 0, "id": "DE"}, {"import": 0, "export": 0, "id": "LU"}, {"import": 0, "export": 0, "id": "PL"}, {"import": 0, "export": 0, "id": "BE"}, {"import": 0, "export": 0, "id": "FR"}, {"import": 0, "export": 0, "id": "AT"}], "world_import": 21201, "world_export": 28}, {"date": "2019-11-01", "list": [{"import": 19120, "export": 12, "id": "SK"}, {"import": 0, "export": 0, "id": "IT"}, {"import": 1880, "export": 0, "id": "GB"}, {"import": 0, "export": 0, "id": "DE"}, {"import": 0, "export": 0, "id": "LU"}, {"import": 0, "export": 0, "id": "PL"}, {"import": 0, "export": 0, "id": "BE"}, {"import": 0, "export": 0, "id": "FR"}, {"import": 0, "export": 0, "id": "AT"}], "world_import": 21000, "world_export": 12}, {"date": "2019-12-01", "list": [{"import": 14480, "export": 0, "id": "SK"}, {"import": 0, "export": 0, "id": "IT"}, {"import": 2936, "export": 0, "id": "GB"}, {"import": 0, "export": 0, "id": "DE"}, {"import": 0, "export": 0, "id": "LU"}, {"import": 3114, "export": 0, "id": "PL"}, {"import": 0, "export": 0, "id": "BE"}, {"import": 0, "export": 0, "id": "FR"}, {"import": 0, "export": 0, "id": "AT"}], "world_import": 20530, "world_export": 0}, {"date": "2020-01-01", "list": [{"import": 29900, "export": 9, "id": "SK"}, {"import": 19660, "export": 0, "id": "IT"}, {"import": 7122, "export": 0, "id": "GB"}, {"import": 0, "export": 0, "id": "DE"}, {"import": 0, "export": 0, "id": "LU"}, {"import": 0, "export": 0, "id": "PL"}, {"import": 0, "export": 0, "id": "BE"}, {"import": 0, "export": 0, "id": "FR"}, {"import": 0, "export": 0, "id": "AT"}], "world_import": 56682, "world_export": 9}, {"date": "2020-02-01", "list": [{"import": 20320, "export": 18, "id": "SK"}, {"import": 0, "export": 0, "id": "IT"}, {"import": 1038, "export": 0, "id": "GB"}, {"import": 0, "export": 0, "id": "DE"}, {"import": 0, "export": 0, "id": "LU"}, {"import": 0, "export": 0, "id": "PL"}, {"import": 0, "export": 0, "id": "BE"}, {"import": 0, "export": 0, "id": "FR"}, {"import": 0, "export": 0, "id": "AT"}], "world_import": 21358, "world_export": 18}, {"date": "2020-03-01", "list": [{"import": 50610, "export": 0, "id": "SK"}, {"import": 0, "export": 0, "id": "IT"}, {"import": 4161, "export": 0, "id": "GB"}, {"import": 768, "export": 0, "id": "DE"}, {"import": 0, "export": 0, "id": "LU"}, {"import": 648, "export": 0, "id": "PL"}, {"import": 0, "export": 0, "id": "BE"}, {"import": 0, "export": 0, "id": "FR"}, {"import": 0, "export": 0, "id": "AT"}], "world_import": 56187, "world_export": 0}, {"date": "2020-04-01", "list": [{"import": 16360, "export": 18, "id": "SK"}, {"import": 0, "export": 0, "id": "IT"}, {"import": 553, "export": 0, "id": "GB"}, {"import": 0, "export": 0, "id": "DE"}, {"import": 0, "export": 0, "id": "LU"}, {"import": 12613, "export": 0, "id": "PL"}, {"import": 0, "export": 0, "id": "BE"}, {"import": 0, "export": 0, "id": "FR"}, {"import": 0, "export": 0, "id": "AT"}], "world_import": 29526, "world_export": 18}, {"date": "2020-05-01", "list": [{"import": 0, "export": 18, "id": "SK"}, {"import": 0, "export": 0, "id": "DE"}, {"import": 0, "export": 0, "id": "LU"}, {"import": 0, "export": 0, "id": "PL"}, {"import": 0, "export": 0, "id": "AT"}, {"import": 0, "export": 0, "id": "BE"}], "world_import": 0, "world_export": 18}]