[{"date": "2018-11-01", "list": [{"import": 2354070, "export": 0, "id": "GY"}, {"import": 0, "export": 0, "id": "SR"}, {"import": 427450, "export": 0, "id": "PY"}, {"import": 0, "export": 660, "id": "UY"}, {"import": 400000, "export": 0, "id": "PK"}, {"import": 0, "export": 0, "id": "AR"}, {"import": 144000, "export": 0, "id": "VN"}, {"import": 15358, "export": 25439, "id": "ES"}, {"import": 9786, "export": 0, "id": "IT"}, {"import": 0, "export": 0, "id": "NL"}, {"import": 8659, "export": 4452, "id": "FR"}, {"import": 6734, "export": 168, "id": "DE"}, {"import": 3103, "export": 418, "id": "GB"}, {"import": 0, "export": 0, "id": "US"}, {"import": 500000, "export": 0, "id": "TH"}, {"import": 1322000, "export": 0, "id": "IN"}, {"import": 0, "export": 0, "id": "GR"}, {"import": 0, "export": 0, "id": "BD"}, {"import": 0, "export": 0, "id": "MM"}, {"import": 24840, "export": 0, "id": "KH"}, {"import": 0, "export": 0, "id": "FI"}, {"import": 0, "export": 0, "id": "MA"}, {"import": 0, "export": 0, "id": "-"}, {"import": 0, "export": 0, "id": "LU"}, {"import": 0, "export": 0, "id": "BE"}, {"import": 0, "export": 3712, "id": "AO"}, {"import": 0, "export": 1680, "id": "NO"}, {"import": 0, "export": 0, "id": "ST"}, {"import": 0, "export": 0, "id": "SE"}, {"import": 0, "export": 0, "id": "CH"}, {"import": 0, "export": 0, "id": "CV"}, {"import": 0, "export": 0, "id": "GA"}, {"import": 0, "export": 0, "id": "IL"}, {"import": 0, "export": 540, "id": "MZ"}], "world_import": 5216000, "world_export": 37069}, {"date": "2018-12-01", "list": [{"import": 8603371, "export": 0, "id": "GY"}, {"import": 750000, "export": 0, "id": "SR"}, {"import": 0, "export": 0, "id": "PY"}, {"import": 0, "export": 0, "id": "UY"}, {"import": 250000, "export": 0, "id": "PK"}, {"import": 0, "export": 0, "id": "AR"}, {"import": 0, "export": 0, "id": "VN"}, {"import": 10353, "export": 0, "id": "ES"}, {"import": 0, "export": 0, "id": "IT"}, {"import": 0, "export": 0, "id": "NL"}, {"import": 2849, "export": 1077, "id": "FR"}, {"import": 0, "export": 0, "id": "DE"}, {"import": 3221, "export": 0, "id": "GB"}, {"import": 0, "export": 0, "id": "US"}, {"import": 0, "export": 0, "id": "TH"}, {"import": 0, "export": 0, "id": "IN"}, {"import": 0, "export": 0, "id": "GR"}, {"import": 0, "export": 0, "id": "BD"}, {"import": 0, "export": 0, "id": "MM"}, {"import": 0, "export": 0, "id": "KH"}, {"import": 0, "export": 0, "id": "FI"}, {"import": 0, "export": 0, "id": "MA"}, {"import": 0, "export": 0, "id": "-"}, {"import": 0, "export": 532, "id": "LU"}, {"import": 0, "export": 0, "id": "BE"}, {"import": 0, "export": 9660, "id": "AO"}, {"import": 0, "export": 0, "id": "NO"}, {"import": 0, "export": 0, "id": "ST"}, {"import": 0, "export": 0, "id": "SE"}, {"import": 0, "export": 0, "id": "CH"}, {"import": 0, "export": 0, "id": "CV"}, {"import": 0, "export": 0, "id": "GA"}, {"import": 0, "export": 0, "id": "IL"}, {"import": 0, "export": 0, "id": "MZ"}], "world_import": 9619794, "world_export": 11269}, {"date": "2019-01-01", "list": [{"import": 10376280, "export": 0, "id": "GY"}, {"import": 250000, "export": 0, "id": "SR"}, {"import": 0, "export": 0, "id": "PY"}, {"import": 493160, "export": 0, "id": "UY"}, {"import": 0, "export": 0, "id": "PK"}, {"import": 0, "export": 0, "id": "AR"}, {"import": 0, "export": 0, "id": "VN"}, {"import": 15227, "export": 82, "id": "ES"}, {"import": 2932, "export": 0, "id": "IT"}, {"import": 0, "export": 0, "id": "NL"}, {"import": 7714, "export": 2154, "id": "FR"}, {"import": 553, "export": 6659, "id": "DE"}, {"import": 176, "export": 0, "id": "GB"}, {"import": 0, "export": 0, "id": "US"}, {"import": 725000, "export": 0, "id": "TH"}, {"import": 500000, "export": 0, "id": "IN"}, {"import": 9280, "export": 0, "id": "GR"}, {"import": 0, "export": 0, "id": "BD"}, {"import": 0, "export": 0, "id": "MM"}, {"import": 0, "export": 0, "id": "KH"}, {"import": 0, "export": 0, "id": "FI"}, {"import": 0, "export": 0, "id": "MA"}, {"import": 0, "export": 1632, "id": "-"}, {"import": 0, "export": 397, "id": "LU"}, {"import": 0, "export": 0, "id": "BE"}, {"import": 0, "export": 1530, "id": "AO"}, {"import": 0, "export": 0, "id": "NO"}, {"import": 0, "export": 0, "id": "ST"}, {"import": 0, "export": 0, "id": "SE"}, {"import": 0, "export": 0, "id": "CH"}, {"import": 0, "export": 0, "id": "CV"}, {"import": 0, "export": 0, "id": "GA"}, {"import": 0, "export": 0, "id": "IL"}, {"import": 0, "export": 0, "id": "MZ"}], "world_import": 12380322, "world_export": 12454}, {"date": "2019-02-01", "list": [{"import": 10803940, "export": 0, "id": "GY"}, {"import": 0, "export": 0, "id": "SR"}, {"import": 0, "export": 0, "id": "PY"}, {"import": 264000, "export": 0, "id": "UY"}, {"import": 700000, "export": 0, "id": "PK"}, {"import": 80000, "export": 0, "id": "AR"}, {"import": 0, "export": 0, "id": "VN"}, {"import": 19763, "export": 48, "id": "ES"}, {"import": 9792, "export": 0, "id": "IT"}, {"import": 0, "export": 0, "id": "NL"}, {"import": 2244, "export": 3836, "id": "FR"}, {"import": 0, "export": 4754, "id": "DE"}, {"import": 4450, "export": 1592, "id": "GB"}, {"import": 0, "export": 0, "id": "US"}, {"import": 3025000, "export": 0, "id": "TH"}, {"import": 0, "export": 0, "id": "IN"}, {"import": 73892, "export": 0, "id": "GR"}, {"import": 0, "export": 0, "id": "BD"}, {"import": 0, "export": 0, "id": "MM"}, {"import": 0, "export": 0, "id": "KH"}, {"import": 0, "export": 0, "id": "FI"}, {"import": 0, "export": 0, "id": "MA"}, {"import": 0, "export": 1227, "id": "-"}, {"import": 0, "export": 664, "id": "LU"}, {"import": 0, "export": 0, "id": "BE"}, {"import": 0, "export": 0, "id": "AO"}, {"import": 0, "export": 0, "id": "NO"}, {"import": 0, "export": 0, "id": "ST"}, {"import": 0, "export": 3840, "id": "SE"}, {"import": 0, "export": 0, "id": "CH"}, {"import": 0, "export": 0, "id": "CV"}, {"import": 0, "export": 0, "id": "GA"}, {"import": 0, "export": 0, "id": "IL"}, {"import": 0, "export": 0, "id": "MZ"}], "world_import": 14983081, "world_export": 15961}, {"date": "2019-03-01", "list": [{"import": 6577180, "export": 0, "id": "GY"}, {"import": 0, "export": 0, "id": "SR"}, {"import": 0, "export": 0, "id": "PY"}, {"import": 494050, "export": 0, "id": "UY"}, {"import": 2799644, "export": 0, "id": "PK"}, {"import": 0, "export": 0, "id": "AR"}, {"import": 0, "export": 0, "id": "VN"}, {"import": 397969, "export": 52, "id": "ES"}, {"import": 10560, "export": 0, "id": "IT"}, {"import": 0, "export": 0, "id": "NL"}, {"import": 1070, "export": 1760, "id": "FR"}, {"import": 8, "export": 17582, "id": "DE"}, {"import": 230, "export": 4332, "id": "GB"}, {"import": 0, "export": 17211, "id": "US"}, {"import": 0, "export": 0, "id": "TH"}, {"import": 250000, "export": 0, "id": "IN"}, {"import": 215478, "export": 0, "id": "GR"}, {"import": 0, "export": 0, "id": "BD"}, {"import": 0, "export": 0, "id": "MM"}, {"import": 0, "export": 0, "id": "KH"}, {"import": 0, "export": 0, "id": "FI"}, {"import": 0, "export": 0, "id": "MA"}, {"import": 0, "export": 11555, "id": "-"}, {"import": 0, "export": 437, "id": "LU"}, {"import": 0, "export": 0, "id": "BE"}, {"import": 0, "export": 3448, "id": "AO"}, {"import": 0, "export": 0, "id": "NO"}, {"import": 0, "export": 0, "id": "ST"}, {"import": 0, "export": 0, "id": "SE"}, {"import": 0, "export": 0, "id": "CH"}, {"import": 0, "export": 0, "id": "CV"}, {"import": 0, "export": 0, "id": "GA"}, {"import": 0, "export": 0, "id": "IL"}, {"import": 0, "export": 0, "id": "MZ"}], "world_import": 10746189, "world_export": 56377}, {"date": "2019-04-01", "list": [{"import": 3582150, "export": 0, "id": "GY"}, {"import": 0, "export": 0, "id": "SR"}, {"import": 0, "export": 0, "id": "PY"}, {"import": 0, "export": 0, "id": "UY"}, {"import": 2200000, "export": 0, "id": "PK"}, {"import": 0, "export": 0, "id": "AR"}, {"import": 0, "export": 0, "id": "VN"}, {"import": 121077, "export": 60, "id": "ES"}, {"import": 0, "export": 0, "id": "IT"}, {"import": 0, "export": 0, "id": "NL"}, {"import": 1116, "export": 1992, "id": "FR"}, {"import": 1981, "export": 1362, "id": "DE"}, {"import": 541, "export": 0, "id": "GB"}, {"import": 0, "export": 0, "id": "US"}, {"import": 0, "export": 0, "id": "TH"}, {"import": 250000, "export": 0, "id": "IN"}, {"import": 221613, "export": 0, "id": "GR"}, {"import": 0, "export": 0, "id": "BD"}, {"import": 0, "export": 0, "id": "MM"}, {"import": 0, "export": 0, "id": "KH"}, {"import": 0, "export": 0, "id": "FI"}, {"import": 0, "export": 0, "id": "MA"}, {"import": 0, "export": 0, "id": "-"}, {"import": 0, "export": 0, "id": "LU"}, {"import": 0, "export": 976, "id": "BE"}, {"import": 0, "export": 6000, "id": "AO"}, {"import": 0, "export": 0, "id": "NO"}, {"import": 0, "export": 0, "id": "ST"}, {"import": 0, "export": 0, "id": "SE"}, {"import": 0, "export": 0, "id": "CH"}, {"import": 0, "export": 0, "id": "CV"}, {"import": 0, "export": 0, "id": "GA"}, {"import": 0, "export": 0, "id": "IL"}, {"import": 0, "export": 0, "id": "MZ"}], "world_import": 6378478, "world_export": 10390}, {"date": "2019-05-01", "list": [{"import": 10855080, "export": 0, "id": "GY"}, {"import": 0, "export": 0, "id": "SR"}, {"import": 1000000, "export": 0, "id": "PY"}, {"import": 0, "export": 0, "id": "UY"}, {"import": 250000, "export": 0, "id": "PK"}, {"import": 0, "export": 0, "id": "AR"}, {"import": 0, "export": 0, "id": "VN"}, {"import": 14907, "export": 44, "id": "ES"}, {"import": 7680, "export": 0, "id": "IT"}, {"import": 341, "export": 0, "id": "NL"}, {"import": 1530, "export": 2230, "id": "FR"}, {"import": 0, "export": 1515, "id": "DE"}, {"import": 343, "export": 5304, "id": "GB"}, {"import": 0, "export": 0, "id": "US"}, {"import": 0, "export": 0, "id": "TH"}, {"import": 0, "export": 0, "id": "IN"}, {"import": 5305, "export": 0, "id": "GR"}, {"import": 0, "export": 0, "id": "BD"}, {"import": 0, "export": 0, "id": "MM"}, {"import": 125000, "export": 0, "id": "KH"}, {"import": 5034, "export": 0, "id": "FI"}, {"import": 0, "export": 0, "id": "MA"}, {"import": 0, "export": 0, "id": "-"}, {"import": 0, "export": 375, "id": "LU"}, {"import": 0, "export": 0, "id": "BE"}, {"import": 0, "export": 349, "id": "AO"}, {"import": 0, "export": 0, "id": "NO"}, {"import": 0, "export": 0, "id": "ST"}, {"import": 0, "export": 0, "id": "SE"}, {"import": 0, "export": 0, "id": "CH"}, {"import": 0, "export": 0, "id": "CV"}, {"import": 0, "export": 0, "id": "GA"}, {"import": 0, "export": 0, "id": "IL"}, {"import": 0, "export": 0, "id": "MZ"}], "world_import": 12265220, "world_export": 9817}, {"date": "2019-06-01", "list": [{"import": 968380, "export": 0, "id": "GY"}, {"import": 6063404, "export": 0, "id": "SR"}, {"import": 1499560, "export": 0, "id": "PY"}, {"import": 191940, "export": 0, "id": "UY"}, {"import": 1975000, "export": 0, "id": "PK"}, {"import": 0, "export": 0, "id": "AR"}, {"import": 147000, "export": 0, "id": "VN"}, {"import": 29398, "export": 68, "id": "ES"}, {"import": 0, "export": 0, "id": "IT"}, {"import": 2146, "export": 0, "id": "NL"}, {"import": 8406, "export": 128, "id": "FR"}, {"import": 0, "export": 1460, "id": "DE"}, {"import": 2107, "export": 0, "id": "GB"}, {"import": 0, "export": 0, "id": "US"}, {"import": 0, "export": 0, "id": "TH"}, {"import": 0, "export": 0, "id": "IN"}, {"import": 4707, "export": 0, "id": "GR"}, {"import": 0, "export": 0, "id": "BD"}, {"import": 0, "export": 0, "id": "MM"}, {"import": 125000, "export": 0, "id": "KH"}, {"import": 0, "export": 0, "id": "FI"}, {"import": 0, "export": 0, "id": "MA"}, {"import": 0, "export": 0, "id": "-"}, {"import": 0, "export": 0, "id": "LU"}, {"import": 0, "export": 0, "id": "BE"}, {"import": 0, "export": 6322, "id": "AO"}, {"import": 0, "export": 0, "id": "NO"}, {"import": 0, "export": 0, "id": "ST"}, {"import": 0, "export": 0, "id": "SE"}, {"import": 0, "export": 0, "id": "CH"}, {"import": 0, "export": 0, "id": "CV"}, {"import": 0, "export": 609, "id": "GA"}, {"import": 0, "export": 0, "id": "IL"}, {"import": 0, "export": 0, "id": "MZ"}], "world_import": 11017048, "world_export": 8587}, {"date": "2019-07-01", "list": [{"import": 7664718, "export": 0, "id": "GY"}, {"import": 0, "export": 0, "id": "SR"}, {"import": 0, "export": 0, "id": "PY"}, {"import": 0, "export": 0, "id": "UY"}, {"import": 2225000, "export": 0, "id": "PK"}, {"import": 0, "export": 0, "id": "AR"}, {"import": 505507, "export": 0, "id": "VN"}, {"import": 11665, "export": 56, "id": "ES"}, {"import": 7680, "export": 0, "id": "IT"}, {"import": 0, "export": 0, "id": "NL"}, {"import": 4332, "export": 3776, "id": "FR"}, {"import": 0, "export": 63021, "id": "DE"}, {"import": 425, "export": 6780, "id": "GB"}, {"import": 0, "export": 0, "id": "US"}, {"import": 0, "export": 0, "id": "TH"}, {"import": 1000000, "export": 0, "id": "IN"}, {"import": 0, "export": 0, "id": "GR"}, {"import": 0, "export": 0, "id": "BD"}, {"import": 250000, "export": 0, "id": "MM"}, {"import": 0, "export": 0, "id": "KH"}, {"import": 0, "export": 0, "id": "FI"}, {"import": 0, "export": 0, "id": "MA"}, {"import": 0, "export": 3232, "id": "-"}, {"import": 0, "export": 0, "id": "LU"}, {"import": 0, "export": 0, "id": "BE"}, {"import": 0, "export": 984, "id": "AO"}, {"import": 0, "export": 0, "id": "NO"}, {"import": 0, "export": 0, "id": "ST"}, {"import": 0, "export": 0, "id": "SE"}, {"import": 0, "export": 0, "id": "CH"}, {"import": 0, "export": 0, "id": "CV"}, {"import": 0, "export": 0, "id": "GA"}, {"import": 0, "export": 0, "id": "IL"}, {"import": 0, "export": 0, "id": "MZ"}], "world_import": 11669327, "world_export": 77849}, {"date": "2019-08-01", "list": [{"import": 8074160, "export": 0, "id": "GY"}, {"import": 0, "export": 0, "id": "SR"}, {"import": 0, "export": 0, "id": "PY"}, {"import": 237537, "export": 0, "id": "UY"}, {"import": 22920, "export": 0, "id": "PK"}, {"import": 24740, "export": 0, "id": "AR"}, {"import": 0, "export": 0, "id": "VN"}, {"import": 11473, "export": 64, "id": "ES"}, {"import": 0, "export": 0, "id": "IT"}, {"import": 865, "export": 0, "id": "NL"}, {"import": 1795, "export": 0, "id": "FR"}, {"import": 0, "export": 56482, "id": "DE"}, {"import": 6098, "export": 0, "id": "GB"}, {"import": 0, "export": 0, "id": "US"}, {"import": 750000, "export": 0, "id": "TH"}, {"import": 0, "export": 0, "id": "IN"}, {"import": 287233, "export": 0, "id": "GR"}, {"import": 0, "export": 0, "id": "BD"}, {"import": 550000, "export": 0, "id": "MM"}, {"import": 0, "export": 0, "id": "KH"}, {"import": 0, "export": 0, "id": "FI"}, {"import": 0, "export": 0, "id": "MA"}, {"import": 0, "export": 12653, "id": "-"}, {"import": 0, "export": 0, "id": "LU"}, {"import": 0, "export": 0, "id": "BE"}, {"import": 0, "export": 0, "id": "AO"}, {"import": 0, "export": 0, "id": "NO"}, {"import": 0, "export": 0, "id": "ST"}, {"import": 0, "export": 0, "id": "SE"}, {"import": 0, "export": 670, "id": "CH"}, {"import": 0, "export": 0, "id": "CV"}, {"import": 0, "export": 0, "id": "GA"}, {"import": 0, "export": 0, "id": "IL"}, {"import": 0, "export": 948, "id": "MZ"}], "world_import": 9966821, "world_export": 70817}, {"date": "2019-09-01", "list": [{"import": 2625000, "export": 0, "id": "GY"}, {"import": 6153658, "export": 0, "id": "SR"}, {"import": 500000, "export": 0, "id": "PY"}, {"import": 0, "export": 0, "id": "UY"}, {"import": 748076, "export": 0, "id": "PK"}, {"import": 0, "export": 0, "id": "AR"}, {"import": 56493, "export": 0, "id": "VN"}, {"import": 54960, "export": 71, "id": "ES"}, {"import": 708, "export": 0, "id": "IT"}, {"import": 746, "export": 0, "id": "NL"}, {"import": 2690, "export": 2160, "id": "FR"}, {"import": 0, "export": 48886, "id": "DE"}, {"import": 164, "export": 768, "id": "GB"}, {"import": 0, "export": 0, "id": "US"}, {"import": 500000, "export": 0, "id": "TH"}, {"import": 1000000, "export": 0, "id": "IN"}, {"import": 167700, "export": 0, "id": "GR"}, {"import": 0, "export": 0, "id": "BD"}, {"import": 550000, "export": 0, "id": "MM"}, {"import": 0, "export": 0, "id": "KH"}, {"import": 0, "export": 0, "id": "FI"}, {"import": 0, "export": 0, "id": "MA"}, {"import": 0, "export": 3322, "id": "-"}, {"import": 0, "export": 0, "id": "LU"}, {"import": 0, "export": 0, "id": "BE"}, {"import": 0, "export": 245, "id": "AO"}, {"import": 0, "export": 0, "id": "NO"}, {"import": 0, "export": 0, "id": "ST"}, {"import": 0, "export": 0, "id": "SE"}, {"import": 0, "export": 0, "id": "CH"}, {"import": 0, "export": 0, "id": "CV"}, {"import": 0, "export": 0, "id": "GA"}, {"import": 0, "export": 0, "id": "IL"}, {"import": 0, "export": 0, "id": "MZ"}], "world_import": 12360195, "world_export": 55452}, {"date": "2019-10-01", "list": [{"import": 0, "export": 0, "id": "GY"}, {"import": 1450000, "export": 0, "id": "SR"}, {"import": 1019660, "export": 0, "id": "PY"}, {"import": 197883, "export": 0, "id": "UY"}, {"import": 175000, "export": 0, "id": "PK"}, {"import": 420150, "export": 0, "id": "AR"}, {"import": 0, "export": 0, "id": "VN"}, {"import": 22564, "export": 0, "id": "ES"}, {"import": 22560, "export": 0, "id": "IT"}, {"import": 475, "export": 0, "id": "NL"}, {"import": 410, "export": 2160, "id": "FR"}, {"import": 0, "export": 99638, "id": "DE"}, {"import": 444, "export": 0, "id": "GB"}, {"import": 0, "export": 0, "id": "US"}, {"import": 500000, "export": 0, "id": "TH"}, {"import": 500000, "export": 0, "id": "IN"}, {"import": 258, "export": 0, "id": "GR"}, {"import": 0, "export": 0, "id": "BD"}, {"import": 0, "export": 298160, "id": "MM"}, {"import": 0, "export": 0, "id": "KH"}, {"import": 0, "export": 0, "id": "FI"}, {"import": 0, "export": 0, "id": "MA"}, {"import": 0, "export": 14522, "id": "-"}, {"import": 0, "export": 0, "id": "LU"}, {"import": 0, "export": 0, "id": "BE"}, {"import": 0, "export": 60880, "id": "AO"}, {"import": 0, "export": 0, "id": "NO"}, {"import": 0, "export": 0, "id": "ST"}, {"import": 0, "export": 0, "id": "SE"}, {"import": 0, "export": 0, "id": "CH"}, {"import": 0, "export": 0, "id": "CV"}, {"import": 0, "export": 0, "id": "GA"}, {"import": 0, "export": 0, "id": "IL"}, {"import": 0, "export": 0, "id": "MZ"}], "world_import": 4309404, "world_export": 475360}, {"date": "2019-11-01", "list": [{"import": 2221285, "export": 0, "id": "GY"}, {"import": 1740460, "export": 0, "id": "SR"}, {"import": 1000000, "export": 0, "id": "PY"}, {"import": 395690, "export": 0, "id": "UY"}, {"import": 50000, "export": 0, "id": "PK"}, {"import": 398300, "export": 0, "id": "AR"}, {"import": 0, "export": 0, "id": "VN"}, {"import": 16799, "export": 0, "id": "ES"}, {"import": 538, "export": 0, "id": "IT"}, {"import": 1575, "export": 0, "id": "NL"}, {"import": 3684, "export": 1440, "id": "FR"}, {"import": 0, "export": 74179, "id": "DE"}, {"import": 803, "export": 1561, "id": "GB"}, {"import": 0, "export": 0, "id": "US"}, {"import": 1000000, "export": 0, "id": "TH"}, {"import": 0, "export": 0, "id": "IN"}, {"import": 0, "export": 0, "id": "GR"}, {"import": 0, "export": 0, "id": "BD"}, {"import": 500000, "export": 0, "id": "MM"}, {"import": 0, "export": 0, "id": "KH"}, {"import": 0, "export": 0, "id": "FI"}, {"import": 0, "export": 0, "id": "MA"}, {"import": 0, "export": 13868, "id": "-"}, {"import": 0, "export": 0, "id": "LU"}, {"import": 0, "export": 0, "id": "BE"}, {"import": 0, "export": 2920, "id": "AO"}, {"import": 0, "export": 0, "id": "NO"}, {"import": 0, "export": 0, "id": "ST"}, {"import": 0, "export": 0, "id": "SE"}, {"import": 0, "export": 0, "id": "CH"}, {"import": 0, "export": 0, "id": "CV"}, {"import": 0, "export": 0, "id": "GA"}, {"import": 0, "export": 0, "id": "IL"}, {"import": 0, "export": 0, "id": "MZ"}], "world_import": 7329134, "world_export": 93968}, {"date": "2019-12-01", "list": [{"import": 6499460, "export": 0, "id": "GY"}, {"import": 1760420, "export": 0, "id": "SR"}, {"import": 312000, "export": 0, "id": "PY"}, {"import": 0, "export": 0, "id": "UY"}, {"import": 0, "export": 0, "id": "PK"}, {"import": 0, "export": 0, "id": "AR"}, {"import": 0, "export": 0, "id": "VN"}, {"import": 27536, "export": 0, "id": "ES"}, {"import": 1000, "export": 0, "id": "IT"}, {"import": 0, "export": 0, "id": "NL"}, {"import": 488, "export": 2648, "id": "FR"}, {"import": 70, "export": 67331, "id": "DE"}, {"import": 2075, "export": 0, "id": "GB"}, {"import": 0, "export": 0, "id": "US"}, {"import": 500000, "export": 0, "id": "TH"}, {"import": 0, "export": 0, "id": "IN"}, {"import": 0, "export": 0, "id": "GR"}, {"import": 0, "export": 0, "id": "BD"}, {"import": 375000, "export": 0, "id": "MM"}, {"import": 0, "export": 0, "id": "KH"}, {"import": 0, "export": 0, "id": "FI"}, {"import": 0, "export": 0, "id": "MA"}, {"import": 0, "export": 12606, "id": "-"}, {"import": 0, "export": 0, "id": "LU"}, {"import": 0, "export": 896, "id": "BE"}, {"import": 0, "export": 0, "id": "AO"}, {"import": 0, "export": 0, "id": "NO"}, {"import": 0, "export": 0, "id": "ST"}, {"import": 0, "export": 0, "id": "SE"}, {"import": 0, "export": 0, "id": "CH"}, {"import": 0, "export": 0, "id": "CV"}, {"import": 0, "export": 0, "id": "GA"}, {"import": 0, "export": 0, "id": "IL"}, {"import": 0, "export": 0, "id": "MZ"}], "world_import": 9478049, "world_export": 83481}, {"date": "2020-01-01", "list": [{"import": 504950, "export": 0, "id": "GY"}, {"import": 5048191, "export": 0, "id": "SR"}, {"import": 520000, "export": 0, "id": "PY"}, {"import": 405980, "export": 0, "id": "UY"}, {"import": 0, "export": 0, "id": "PK"}, {"import": 1298360, "export": 0, "id": "AR"}, {"import": 98000, "export": 0, "id": "VN"}, {"import": 10831, "export": 0, "id": "ES"}, {"import": 17595, "export": 0, "id": "IT"}, {"import": 300, "export": 0, "id": "NL"}, {"import": 2730, "export": 244, "id": "FR"}, {"import": 3105, "export": 51399, "id": "DE"}, {"import": 3238, "export": 0, "id": "GB"}, {"import": 0, "export": 0, "id": "US"}, {"import": 0, "export": 0, "id": "TH"}, {"import": 0, "export": 0, "id": "IN"}, {"import": 0, "export": 0, "id": "GR"}, {"import": 0, "export": 0, "id": "BD"}, {"import": 625000, "export": 0, "id": "MM"}, {"import": 1100000, "export": 0, "id": "KH"}, {"import": 0, "export": 0, "id": "FI"}, {"import": 0, "export": 0, "id": "MA"}, {"import": 0, "export": 6046, "id": "-"}, {"import": 0, "export": 0, "id": "LU"}, {"import": 0, "export": 713, "id": "BE"}, {"import": 0, "export": 8100, "id": "AO"}, {"import": 0, "export": 0, "id": "NO"}, {"import": 0, "export": 0, "id": "ST"}, {"import": 0, "export": 0, "id": "SE"}, {"import": 0, "export": 0, "id": "CH"}, {"import": 0, "export": 0, "id": "CV"}, {"import": 0, "export": 0, "id": "GA"}, {"import": 0, "export": 0, "id": "IL"}, {"import": 0, "export": 0, "id": "MZ"}], "world_import": 9638280, "world_export": 66502}, {"date": "2020-02-01", "list": [{"import": 4848440, "export": 0, "id": "GY"}, {"import": 0, "export": 0, "id": "SR"}, {"import": 519350, "export": 0, "id": "PY"}, {"import": 24000, "export": 0, "id": "UY"}, {"import": 2550000, "export": 0, "id": "PK"}, {"import": 892090, "export": 0, "id": "AR"}, {"import": 71900, "export": 0, "id": "VN"}, {"import": 32848, "export": 0, "id": "ES"}, {"import": 7299, "export": 0, "id": "IT"}, {"import": 2744, "export": 0, "id": "NL"}, {"import": 4104, "export": 208, "id": "FR"}, {"import": 273, "export": 28885, "id": "DE"}, {"import": 145, "export": 0, "id": "GB"}, {"import": 0, "export": 0, "id": "US"}, {"import": 0, "export": 0, "id": "TH"}, {"import": 0, "export": 0, "id": "IN"}, {"import": 0, "export": 0, "id": "GR"}, {"import": 3470, "export": 0, "id": "BD"}, {"import": 750000, "export": 0, "id": "MM"}, {"import": 550000, "export": 0, "id": "KH"}, {"import": 0, "export": 0, "id": "FI"}, {"import": 0, "export": 0, "id": "MA"}, {"import": 0, "export": 6387, "id": "-"}, {"import": 0, "export": 0, "id": "LU"}, {"import": 0, "export": 0, "id": "BE"}, {"import": 0, "export": 49420, "id": "AO"}, {"import": 0, "export": 0, "id": "NO"}, {"import": 0, "export": 0, "id": "ST"}, {"import": 0, "export": 0, "id": "SE"}, {"import": 0, "export": 0, "id": "CH"}, {"import": 0, "export": 0, "id": "CV"}, {"import": 0, "export": 0, "id": "GA"}, {"import": 0, "export": 0, "id": "IL"}, {"import": 0, "export": 0, "id": "MZ"}], "world_import": 10256663, "world_export": 84900}, {"date": "2020-03-01", "list": [{"import": 1168100, "export": 0, "id": "GY"}, {"import": 0, "export": 0, "id": "SR"}, {"import": 960650, "export": 0, "id": "PY"}, {"import": 408000, "export": 0, "id": "UY"}, {"import": 1225000, "export": 0, "id": "PK"}, {"import": 0, "export": 0, "id": "AR"}, {"import": 0, "export": 0, "id": "VN"}, {"import": 1367570, "export": 0, "id": "ES"}, {"import": 3500, "export": 0, "id": "IT"}, {"import": 100, "export": 350, "id": "NL"}, {"import": 4951, "export": 4682, "id": "FR"}, {"import": 0, "export": 30707, "id": "DE"}, {"import": 5167, "export": 3409, "id": "GB"}, {"import": 0, "export": 0, "id": "US"}, {"import": 0, "export": 0, "id": "TH"}, {"import": 500000, "export": 0, "id": "IN"}, {"import": 0, "export": 0, "id": "GR"}, {"import": 0, "export": 0, "id": "BD"}, {"import": 0, "export": 0, "id": "MM"}, {"import": 500000, "export": 0, "id": "KH"}, {"import": 0, "export": 0, "id": "FI"}, {"import": 0, "export": 0, "id": "MA"}, {"import": 0, "export": 6702, "id": "-"}, {"import": 0, "export": 0, "id": "LU"}, {"import": 0, "export": 0, "id": "BE"}, {"import": 0, "export": 0, "id": "AO"}, {"import": 0, "export": 0, "id": "NO"}, {"import": 0, "export": 0, "id": "ST"}, {"import": 0, "export": 0, "id": "SE"}, {"import": 0, "export": 0, "id": "CH"}, {"import": 0, "export": 0, "id": "CV"}, {"import": 0, "export": 0, "id": "GA"}, {"import": 0, "export": 0, "id": "IL"}, {"import": 0, "export": 0, "id": "MZ"}], "world_import": 6143038, "world_export": 45850}, {"date": "2020-04-01", "list": [{"import": 12047704, "export": 0, "id": "GY"}, {"import": 0, "export": 0, "id": "SR"}, {"import": 517280, "export": 0, "id": "PY"}, {"import": 407800, "export": 0, "id": "UY"}, {"import": 1175000, "export": 0, "id": "PK"}, {"import": 60296, "export": 0, "id": "AR"}, {"import": 0, "export": 0, "id": "VN"}, {"import": 21506, "export": 0, "id": "ES"}, {"import": 2877, "export": 0, "id": "IT"}, {"import": 5020, "export": 193, "id": "NL"}, {"import": 1510, "export": 788, "id": "FR"}, {"import": 0, "export": 34375, "id": "DE"}, {"import": 4114, "export": 13102, "id": "GB"}, {"import": 200000, "export": 10, "id": "US"}, {"import": 0, "export": 0, "id": "TH"}, {"import": 250000, "export": 0, "id": "IN"}, {"import": 0, "export": 0, "id": "GR"}, {"import": 0, "export": 0, "id": "BD"}, {"import": 800000, "export": 0, "id": "MM"}, {"import": 100000, "export": 0, "id": "KH"}, {"import": 0, "export": 0, "id": "FI"}, {"import": 0, "export": 0, "id": "MA"}, {"import": 0, "export": 2646, "id": "-"}, {"import": 0, "export": 769, "id": "LU"}, {"import": 0, "export": 0, "id": "BE"}, {"import": 0, "export": 0, "id": "AO"}, {"import": 0, "export": 0, "id": "NO"}, {"import": 0, "export": 0, "id": "ST"}, {"import": 0, "export": 0, "id": "SE"}, {"import": 0, "export": 0, "id": "CH"}, {"import": 0, "export": 0, "id": "CV"}, {"import": 0, "export": 0, "id": "GA"}, {"import": 0, "export": 23000, "id": "IL"}, {"import": 0, "export": 540, "id": "MZ"}], "world_import": 15593107, "world_export": 75423}]