[{"date": "2018-12-01", "list": [{"import": 609742, "export": 0, "id": "BR"}, {"import": 919760, "export": 0, "id": "AR"}, {"import": 0, "export": 0, "id": "BE"}, {"import": 0, "export": 0, "id": "-"}, {"import": 0, "export": 0, "id": "IT"}, {"import": 0, "export": 0, "id": "PY"}, {"import": 0, "export": 0, "id": "IN"}, {"import": 0, "export": 0, "id": "SK"}, {"import": 0, "export": 0, "id": "US"}], "world_import": 1529502, "world_export": 0}, {"date": "2019-01-01", "list": [{"import": 347829, "export": 0, "id": "BR"}, {"import": 377604, "export": 0, "id": "AR"}, {"import": 0, "export": 0, "id": "BE"}, {"import": 0, "export": 0, "id": "-"}, {"import": 0, "export": 0, "id": "IT"}, {"import": 0, "export": 0, "id": "PY"}, {"import": 0, "export": 0, "id": "IN"}, {"import": 0, "export": 0, "id": "SK"}, {"import": 0, "export": 0, "id": "US"}], "world_import": 725433, "world_export": 0}, {"date": "2019-02-01", "list": [{"import": 142456, "export": 0, "id": "BR"}, {"import": 1161870, "export": 0, "id": "AR"}, {"import": 0, "export": 0, "id": "BE"}, {"import": 0, "export": 0, "id": "-"}, {"import": 0, "export": 0, "id": "IT"}, {"import": 0, "export": 0, "id": "PY"}, {"import": 22200, "export": 0, "id": "IN"}, {"import": 0, "export": 0, "id": "SK"}, {"import": 0, "export": 0, "id": "US"}], "world_import": 1326526, "world_export": 0}, {"date": "2019-03-01", "list": [{"import": 928137, "export": 0, "id": "BR"}, {"import": 1714066, "export": 0, "id": "AR"}, {"import": 0, "export": 0, "id": "BE"}, {"import": 0, "export": 0, "id": "-"}, {"import": 0, "export": 0, "id": "IT"}, {"import": 104200, "export": 0, "id": "PY"}, {"import": 0, "export": 0, "id": "IN"}, {"import": 0, "export": 0, "id": "SK"}, {"import": 0, "export": 0, "id": "US"}], "world_import": 2746403, "world_export": 0}, {"date": "2019-04-01", "list": [{"import": 0, "export": 0, "id": "BR"}, {"import": 1019511, "export": 0, "id": "AR"}, {"import": 0, "export": 0, "id": "BE"}, {"import": 0, "export": 0, "id": "-"}, {"import": 0, "export": 0, "id": "IT"}, {"import": 0, "export": 0, "id": "PY"}, {"import": 0, "export": 0, "id": "IN"}, {"import": 0, "export": 0, "id": "SK"}, {"import": 0, "export": 0, "id": "US"}], "world_import": 1019511, "world_export": 0}, {"date": "2019-05-01", "list": [{"import": 9075, "export": 0, "id": "BR"}, {"import": 1489536, "export": 0, "id": "AR"}, {"import": 0, "export": 0, "id": "BE"}, {"import": 0, "export": 0, "id": "-"}, {"import": 0, "export": 0, "id": "IT"}, {"import": 104200, "export": 0, "id": "PY"}, {"import": 0, "export": 0, "id": "IN"}, {"import": 0, "export": 0, "id": "SK"}, {"import": 0, "export": 0, "id": "US"}], "world_import": 1602811, "world_export": 0}, {"date": "2019-06-01", "list": [{"import": 53819, "export": 0, "id": "BR"}, {"import": 878330, "export": 0, "id": "AR"}, {"import": 0, "export": 0, "id": "BE"}, {"import": 0, "export": 0, "id": "-"}, {"import": 2093, "export": 0, "id": "IT"}, {"import": 0, "export": 0, "id": "PY"}, {"import": 0, "export": 0, "id": "IN"}, {"import": 0, "export": 0, "id": "SK"}, {"import": 0, "export": 0, "id": "US"}], "world_import": 934242, "world_export": 0}, {"date": "2019-07-01", "list": [{"import": 102714, "export": 0, "id": "BR"}, {"import": 460260, "export": 0, "id": "AR"}, {"import": 0, "export": 0, "id": "BE"}, {"import": 0, "export": 0, "id": "-"}, {"import": 0, "export": 0, "id": "IT"}, {"import": 0, "export": 0, "id": "PY"}, {"import": 44422, "export": 0, "id": "IN"}, {"import": 0, "export": 0, "id": "SK"}, {"import": 0, "export": 0, "id": "US"}], "world_import": 607396, "world_export": 0}, {"date": "2019-08-01", "list": [{"import": 348237, "export": 0, "id": "BR"}, {"import": 1409957, "export": 0, "id": "AR"}, {"import": 133, "export": 0, "id": "BE"}, {"import": 0, "export": 0, "id": "-"}, {"import": 0, "export": 0, "id": "IT"}, {"import": 0, "export": 0, "id": "PY"}, {"import": 0, "export": 0, "id": "IN"}, {"import": 711, "export": 0, "id": "SK"}, {"import": 0, "export": 0, "id": "US"}], "world_import": 1759038, "world_export": 0}, {"date": "2019-09-01", "list": [{"import": 483146, "export": 0, "id": "BR"}, {"import": 1908872, "export": 0, "id": "AR"}, {"import": 0, "export": 0, "id": "BE"}, {"import": 0, "export": 0, "id": "-"}, {"import": 0, "export": 0, "id": "IT"}, {"import": 0, "export": 0, "id": "PY"}, {"import": 0, "export": 0, "id": "IN"}, {"import": 0, "export": 0, "id": "SK"}, {"import": 0, "export": 0, "id": "US"}], "world_import": 2392018, "world_export": 0}, {"date": "2019-10-01", "list": [{"import": 325840, "export": 0, "id": "BR"}, {"import": 1482159, "export": 0, "id": "AR"}, {"import": 68, "export": 0, "id": "BE"}, {"import": 83, "export": 0, "id": "-"}, {"import": 0, "export": 0, "id": "IT"}, {"import": 0, "export": 0, "id": "PY"}, {"import": 44422, "export": 0, "id": "IN"}, {"import": 0, "export": 0, "id": "SK"}, {"import": 0, "export": 0, "id": "US"}], "world_import": 1852572, "world_export": 0}, {"date": "2019-11-01", "list": [{"import": 386569, "export": 0, "id": "BR"}, {"import": 872527, "export": 0, "id": "AR"}, {"import": 0, "export": 0, "id": "BE"}, {"import": 0, "export": 0, "id": "-"}, {"import": 0, "export": 0, "id": "IT"}, {"import": 0, "export": 0, "id": "PY"}, {"import": 0, "export": 0, "id": "IN"}, {"import": 0, "export": 0, "id": "SK"}, {"import": 0, "export": 0, "id": "US"}], "world_import": 1259096, "world_export": 0}, {"date": "2019-12-01", "list": [{"import": 754523, "export": 0, "id": "BR"}, {"import": 687151, "export": 0, "id": "AR"}, {"import": 0, "export": 0, "id": "BE"}, {"import": 0, "export": 0, "id": "-"}, {"import": 0, "export": 0, "id": "IT"}, {"import": 0, "export": 0, "id": "PY"}, {"import": 0, "export": 0, "id": "IN"}, {"import": 0, "export": 0, "id": "SK"}, {"import": 0, "export": 0, "id": "US"}], "world_import": 1441674, "world_export": 0}, {"date": "2020-01-01", "list": [{"import": 0, "export": 0, "id": "BR"}, {"import": 1104781, "export": 0, "id": "AR"}, {"import": 0, "export": 0, "id": "BE"}, {"import": 0, "export": 0, "id": "-"}, {"import": 0, "export": 0, "id": "IT"}, {"import": 0, "export": 0, "id": "PY"}, {"import": 0, "export": 0, "id": "IN"}, {"import": 0, "export": 0, "id": "SK"}, {"import": 16102, "export": 0, "id": "US"}], "world_import": 1120883, "world_export": 0}, {"date": "2020-02-01", "list": [{"import": 308169, "export": 0, "id": "BR"}, {"import": 1104796, "export": 0, "id": "AR"}, {"import": 0, "export": 0, "id": "BE"}, {"import": 0, "export": 0, "id": "-"}, {"import": 0, "export": 0, "id": "IT"}, {"import": 0, "export": 0, "id": "PY"}, {"import": 0, "export": 0, "id": "IN"}, {"import": 0, "export": 0, "id": "SK"}, {"import": 0, "export": 0, "id": "US"}], "world_import": 1412965, "world_export": 0}, {"date": "2020-03-01", "list": [{"import": 76125, "export": 0, "id": "BR"}, {"import": 1306935, "export": 0, "id": "AR"}, {"import": 0, "export": 0, "id": "BE"}, {"import": 0, "export": 0, "id": "-"}, {"import": 0, "export": 0, "id": "IT"}, {"import": 0, "export": 0, "id": "PY"}, {"import": 0, "export": 0, "id": "IN"}, {"import": 0, "export": 0, "id": "SK"}, {"import": 0, "export": 0, "id": "US"}], "world_import": 1383060, "world_export": 0}, {"date": "2020-04-01", "list": [{"import": 950477, "export": 0, "id": "BR"}, {"import": 923173, "export": 0, "id": "AR"}, {"import": 0, "export": 0, "id": "BE"}, {"import": 0, "export": 0, "id": "-"}, {"import": 0, "export": 0, "id": "IT"}, {"import": 0, "export": 0, "id": "PY"}, {"import": 0, "export": 0, "id": "IN"}, {"import": 0, "export": 0, "id": "SK"}, {"import": 0, "export": 0, "id": "US"}], "world_import": 1873650, "world_export": 0}, {"date": "2020-05-01", "list": [{"import": 439357, "export": 0, "id": "BR"}, {"import": 968825, "export": 0, "id": "AR"}, {"import": 0, "export": 0, "id": "BE"}, {"import": 0, "export": 0, "id": "-"}, {"import": 0, "export": 0, "id": "IT"}, {"import": 0, "export": 0, "id": "PY"}, {"import": 44422, "export": 0, "id": "IN"}, {"import": 0, "export": 0, "id": "SK"}, {"import": 0, "export": 0, "id": "US"}], "world_import": 1452604, "world_export": 0}]