[{"date": "2018-05-01", "list": [{"import": 637, "export": 0, "id": "US"}, {"import": 0, "export": 0, "id": "BR"}, {"import": 0, "export": 0, "id": "CN"}, {"import": 0, "export": 0, "id": "GB"}], "world_import": 637, "world_export": 0}, {"date": "2018-06-01", "list": [{"import": 1522, "export": 0, "id": "US"}, {"import": 0, "export": 0, "id": "BR"}, {"import": 1320, "export": 0, "id": "CN"}, {"import": 0, "export": 0, "id": "GB"}], "world_import": 2842, "world_export": 0}, {"date": "2018-07-01", "list": [{"import": 2092, "export": 0, "id": "US"}, {"import": 25646, "export": 0, "id": "BR"}, {"import": 0, "export": 0, "id": "CN"}, {"import": 507, "export": 0, "id": "GB"}], "world_import": 28245, "world_export": 0}, {"date": "2018-08-01", "list": [{"import": 2752, "export": 0, "id": "US"}, {"import": 0, "export": 0, "id": "BR"}, {"import": 0, "export": 0, "id": "CN"}, {"import": 0, "export": 0, "id": "GB"}], "world_import": 2752, "world_export": 0}, {"date": "2018-09-01", "list": [{"import": 2989, "export": 0, "id": "US"}, {"import": 0, "export": 0, "id": "BR"}, {"import": 1130, "export": 0, "id": "CN"}, {"import": 0, "export": 0, "id": "GB"}], "world_import": 4119, "world_export": 0}, {"date": "2018-10-01", "list": [{"import": 827, "export": 0, "id": "US"}, {"import": 0, "export": 0, "id": "BR"}, {"import": 0, "export": 0, "id": "CN"}, {"import": 0, "export": 0, "id": "GB"}], "world_import": 827, "world_export": 0}, {"date": "2018-11-01", "list": [{"import": 1517, "export": 0, "id": "US"}, {"import": 0, "export": 0, "id": "BR"}, {"import": 0, "export": 0, "id": "CN"}, {"import": 0, "export": 0, "id": "GB"}], "world_import": 1517, "world_export": 0}, {"date": "2018-12-01", "list": [{"import": 1866, "export": 0, "id": "US"}, {"import": 25646, "export": 0, "id": "BR"}, {"import": 0, "export": 0, "id": "CN"}, {"import": 0, "export": 0, "id": "GB"}], "world_import": 27512, "world_export": 0}, {"date": "2019-01-01", "list": [{"import": 395, "export": 0, "id": "US"}, {"import": 0, "export": 0, "id": "BR"}, {"import": 0, "export": 0, "id": "CN"}, {"import": 0, "export": 0, "id": "GB"}], "world_import": 395, "world_export": 0}, {"date": "2019-02-01", "list": [{"import": 1130, "export": 0, "id": "US"}, {"import": 0, "export": 0, "id": "BR"}, {"import": 0, "export": 0, "id": "CN"}, {"import": 0, "export": 0, "id": "GB"}], "world_import": 1130, "world_export": 0}, {"date": "2019-03-01", "list": [{"import": 0, "export": 0, "id": "US"}, {"import": 0, "export": 0, "id": "BR"}, {"import": 0, "export": 0, "id": "CN"}, {"import": 0, "export": 0, "id": "GB"}], "world_import": 0, "world_export": 0}, {"date": "2019-04-01", "list": [{"import": 2490, "export": 0, "id": "US"}, {"import": 0, "export": 0, "id": "BR"}, {"import": 0, "export": 0, "id": "CN"}, {"import": 0, "export": 0, "id": "GB"}], "world_import": 2490, "world_export": 0}, {"date": "2019-05-01", "list": [{"import": 0, "export": 0, "id": "US"}, {"import": 0, "export": 0, "id": "BR"}, {"import": 0, "export": 0, "id": "CN"}, {"import": 0, "export": 0, "id": "GB"}], "world_import": 0, "world_export": 0}, {"date": "2019-06-01", "list": [{"import": 640, "export": 0, "id": "US"}, {"import": 0, "export": 0, "id": "BR"}, {"import": 0, "export": 0, "id": "CN"}, {"import": 0, "export": 0, "id": "GB"}], "world_import": 640, "world_export": 0}, {"date": "2019-07-01", "list": [{"import": 2780, "export": 0, "id": "US"}, {"import": 0, "export": 0, "id": "BR"}, {"import": 0, "export": 0, "id": "CN"}, {"import": 0, "export": 0, "id": "GB"}], "world_import": 2780, "world_export": 0}, {"date": "2019-08-01", "list": [{"import": 1982, "export": 0, "id": "US"}, {"import": 25656, "export": 0, "id": "BR"}, {"import": 0, "export": 0, "id": "CN"}, {"import": 0, "export": 0, "id": "GB"}], "world_import": 27638, "world_export": 0}, {"date": "2019-09-01", "list": [{"import": 666, "export": 0, "id": "US"}, {"import": 0, "export": 0, "id": "BR"}, {"import": 0, "export": 0, "id": "CN"}, {"import": 0, "export": 0, "id": "GB"}], "world_import": 666, "world_export": 0}, {"date": "2019-10-01", "list": [{"import": 1662, "export": 0, "id": "US"}, {"import": 0, "export": 0, "id": "BR"}, {"import": 0, "export": 0, "id": "CN"}, {"import": 0, "export": 0, "id": "GB"}], "world_import": 1662, "world_export": 0}]