[{"date": "2019-01-01", "list": [{"import": 1020, "export": 0, "id": "KR"}, {"import": 30, "export": 0, "id": "SG"}], "world_import": 1050, "world_export": 0}, {"date": "2019-03-01", "list": [{"import": 1180, "export": 0, "id": "KR"}, {"import": 840, "export": 0, "id": "TH"}], "world_import": 2020, "world_export": 0}, {"date": "2019-04-01", "list": [{"import": 1200, "export": 0, "id": "KR"}, {"import": 696, "export": 0, "id": "TH"}], "world_import": 1896, "world_export": 0}, {"date": "2019-05-01", "list": [{"import": 700, "export": 0, "id": "KR"}, {"import": 10001, "export": 0, "id": "TH"}], "world_import": 10701, "world_export": 0}, {"date": "2019-06-01", "list": [{"import": 252, "export": 0, "id": "KR"}, {"import": 6276, "export": 0, "id": "TH"}], "world_import": 6528, "world_export": 0}, {"date": "2019-07-01", "list": [{"import": 1715, "export": 0, "id": "KR"}, {"import": 0, "export": 0, "id": "SG"}, {"import": 3840, "export": 0, "id": "TH"}, {"import": 20639, "export": 0, "id": "US"}], "world_import": 26194, "world_export": 0}, {"date": "2019-09-01", "list": [{"import": 2161, "export": 0, "id": "KR"}, {"import": 0, "export": 0, "id": "SG"}, {"import": 2900, "export": 0, "id": "AE"}, {"import": 9, "export": 0, "id": "JP"}], "world_import": 5070, "world_export": 0}, {"date": "2019-11-01", "list": [{"import": 330, "export": 0, "id": "KR"}, {"import": 6300, "export": 0, "id": "AE"}], "world_import": 6630, "world_export": 0}, {"date": "2020-02-01", "list": [{"import": 2776, "export": 0, "id": "KR"}, {"import": 5400, "export": 0, "id": "TH"}, {"import": 2275, "export": 0, "id": "AE"}, {"import": 6, "export": 0, "id": "JP"}], "world_import": 10457, "world_export": 0}, {"date": "2020-04-01", "list": [{"import": 2380, "export": 0, "id": "KR"}, {"import": 7740, "export": 0, "id": "TH"}, {"import": 15, "export": 0, "id": "JP"}], "world_import": 10135, "world_export": 0}, {"date": "2020-06-01", "list": [{"import": 2344, "export": 0, "id": "KR"}, {"import": 1400, "export": 0, "id": "AE"}], "world_import": 3744, "world_export": 0}, {"date": "2020-07-01", "list": [{"import": 2994, "export": 0, "id": "KR"}, {"import": 4200, "export": 0, "id": "TH"}], "world_import": 7194, "world_export": 0}, {"date": "2020-08-01", "list": [{"import": 1580, "export": 0, "id": "KR"}], "world_import": 1580, "world_export": 0}, {"date": "Unnamed: 23-01", "list": [{"import": 2050, "export": 0, "id": "KR"}, {"import": 15, "export": 0, "id": "JP"}], "world_import": 2065, "world_export": 0}, {"date": "Unnamed: 25-01", "list": [{"import": 490, "export": 0, "id": "KR"}, {"import": 1, "export": 0, "id": "DE"}], "world_import": 491, "world_export": 0}, {"date": "Unnamed: 27-01", "list": [{"import": 681, "export": 0, "id": "KR"}, {"import": 499, "export": 0, "id": "TW"}, {"import": 0, "export": 0, "id": "SG"}, {"import": 2400, "export": 0, "id": "TH"}, {"import": 3, "export": 0, "id": "DE"}], "world_import": 3583, "world_export": 0}, {"date": "Unnamed: 29-01", "list": [{"import": 105, "export": 0, "id": "KR"}, {"import": 2, "export": 0, "id": "DE"}], "world_import": 107, "world_export": 0}, {"date": "2019-12-01", "list": [{"import": 0, "export": 0, "id": "SG"}, {"import": 5400, "export": 0, "id": "TH"}, {"import": 2660, "export": 0, "id": "AE"}], "world_import": 8060, "world_export": 0}, {"date": "Unnamed: 22-01", "list": [{"import": 5808, "export": 0, "id": "TH"}, {"import": 47990, "export": 265000, "id": "IT"}, {"import": 0, "export": 459560, "id": "FR"}, {"import": 0, "export": 24000, "id": "GB"}, {"import": 0, "export": 17880, "id": "US"}, {"import": 0, "export": 70000, "id": "BF"}, {"import": 0, "export": 100000, "id": "BE"}, {"import": 0, "export": 50000, "id": "BA"}, {"import": 0, "export": 3500, "id": "BG"}, {"import": 0, "export": 46, "id": "CA"}, {"import": 0, "export": 46000, "id": "MY"}, {"import": 0, "export": 98000, "id": "NL"}, {"import": 0, "export": 18821, "id": "NZ"}], "world_import": 53798, "world_export": 1152807}, {"date": "12-01", "list": [{"import": 0, "export": 1, "id": "-"}], "world_import": 0, "world_export": 16}, {"date": "1-01", "list": [{"import": 0, "export": 2, "id": "-"}], "world_import": 0, "world_export": 9}, {"date": "Unnamed: 12-01", "list": [{"import": 0, "export": 52, "id": "KR"}, {"import": 0, "export": 266000, "id": "FR"}, {"import": 0, "export": 8, "id": "CA"}, {"import": 0, "export": 25000, "id": "LT"}, {"import": 0, "export": 3000, "id": "TW"}, {"import": 0, "export": 196000, "id": "NL"}, {"import": 0, "export": 18833, "id": "NZ"}, {"import": 0, "export": 1010, "id": "NO"}], "world_import": 0, "world_export": 509903}, {"date": "Unnamed: 16-01", "list": [{"import": 0, "export": 32, "id": "KR"}, {"import": 0, "export": 306990, "id": "FR"}, {"import": 0, "export": 70300, "id": "US"}, {"import": 0, "export": 18, "id": "DE"}, {"import": 0, "export": 490000, "id": "IT"}, {"import": 0, "export": 45000, "id": "AU"}, {"import": 0, "export": 80000, "id": "BE"}, {"import": 0, "export": 75000, "id": "BA"}, {"import": 0, "export": 4, "id": "CA"}, {"import": 0, "export": 220000, "id": "NL"}, {"import": 0, "export": 18821, "id": "NZ"}, {"import": 0, "export": 8620, "id": "NO"}], "world_import": 0, "world_export": 1314785}, {"date": "Unnamed: 20-01", "list": [{"import": 0, "export": 1, "id": "KR"}, {"import": 0, "export": 530140, "id": "FR"}, {"import": 0, "export": 24000, "id": "GB"}, {"import": 0, "export": 37060, "id": "US"}, {"import": 0, "export": 31500, "id": "GE"}, {"import": 0, "export": 2, "id": "DE"}, {"import": 0, "export": 25056, "id": "GR"}, {"import": 0, "export": 45000, "id": "AU"}, {"import": 0, "export": 200000, "id": "BE"}, {"import": 0, "export": 25000, "id": "LT"}, {"import": 0, "export": 3000, "id": "MY"}, {"import": 0, "export": 456450, "id": "NL"}, {"import": 0, "export": 18821, "id": "NZ"}], "world_import": 0, "world_export": 1396030}, {"date": "Unnamed: 24-01", "list": [{"import": 0, "export": 4500000, "id": "KR"}, {"import": 0, "export": 237262, "id": "FR"}, {"import": 0, "export": 1000, "id": "GB"}, {"import": 0, "export": 9080, "id": "US"}, {"import": 0, "export": 24, "id": "DE"}, {"import": 0, "export": 4, "id": "JP"}, {"import": 0, "export": 4, "id": "CA"}, {"import": 0, "export": 138600, "id": "NL"}, {"import": 0, "export": 18821, "id": "NZ"}], "world_import": 0, "world_export": 4904795}, {"date": "Unnamed: 26-01", "list": [{"import": 0, "export": 61500000, "id": "KR"}, {"import": 0, "export": 20000, "id": "GB"}, {"import": 0, "export": 2, "id": "DE"}, {"import": 0, "export": 116000, "id": "IT"}, {"import": 0, "export": 13503, "id": "AU"}, {"import": 0, "export": 100000, "id": "BE"}, {"import": 0, "export": 400, "id": "BA"}, {"import": 0, "export": 2040, "id": "-"}, {"import": 0, "export": 265000, "id": "NL"}, {"import": 0, "export": 18821, "id": "NZ"}], "world_import": 0, "world_export": 62035766}, {"date": "Unnamed: 28-01", "list": [{"import": 0, "export": 22000000, "id": "KR"}, {"import": 0, "export": 190008, "id": "FR"}, {"import": 0, "export": 24000, "id": "GB"}, {"import": 0, "export": 0, "id": "DE"}, {"import": 0, "export": 24194, "id": "GR"}, {"import": 0, "export": 120000, "id": "BE"}, {"import": 0, "export": 245000, "id": "NL"}], "world_import": 0, "world_export": 22603202}, {"date": "Unnamed: 34-01", "list": [{"import": 0, "export": 29, "id": "KR"}, {"import": 0, "export": 43000, "id": "FR"}, {"import": 0, "export": 75688, "id": "US"}, {"import": 0, "export": 7, "id": "DE"}, {"import": 0, "export": 1, "id": "CA"}, {"import": 0, "export": 501, "id": "TW"}, {"import": 0, "export": 39686, "id": "NZ"}], "world_import": 0, "world_export": 158912}, {"date": "Unnamed: 38-01", "list": [{"import": 0, "export": 5, "id": "KR"}, {"import": 0, "export": 758080, "id": "FR"}, {"import": 0, "export": 4060, "id": "GB"}, {"import": 0, "export": 538632, "id": "US"}, {"import": 0, "export": 30, "id": "DE"}, {"import": 0, "export": 300, "id": "JP"}, {"import": 0, "export": 31000, "id": "AU"}], "world_import": 0, "world_export": 1332107}, {"date": "2-01", "list": [{"import": 0, "export": 144070, "id": "FR"}, {"import": 0, "export": 859, "id": "GE"}, {"import": 0, "export": 4, "id": "DE"}, {"import": 0, "export": 11, "id": "CA"}, {"import": 0, "export": 757, "id": "NL"}, {"import": 0, "export": 2, "id": "-"}], "world_import": 0, "world_export": 145703}, {"date": "Unnamed: 4-01", "list": [{"import": 0, "export": 340850, "id": "FR"}, {"import": 0, "export": 24988, "id": "GR"}, {"import": 0, "export": 312000, "id": "IT"}, {"import": 0, "export": 1, "id": "CA"}, {"import": 0, "export": 294000, "id": "NL"}], "world_import": 0, "world_export": 971839}, {"date": "Unnamed: 6-01", "list": [{"import": 0, "export": 435512, "id": "FR"}, {"import": 0, "export": 20324, "id": "US"}, {"import": 0, "export": 10, "id": "DE"}, {"import": 0, "export": 20000, "id": "IT"}, {"import": 0, "export": 7, "id": "CA"}, {"import": 0, "export": 922542, "id": "NL"}, {"import": 0, "export": 37762, "id": "NZ"}, {"import": 0, "export": 400, "id": "NO"}], "world_import": 0, "world_export": 1436557}, {"date": "Unnamed: 8-01", "list": [{"import": 0, "export": 294000, "id": "FR"}, {"import": 0, "export": 48000, "id": "GB"}, {"import": 0, "export": 18530, "id": "US"}, {"import": 0, "export": 656000, "id": "IT"}, {"import": 0, "export": 45000, "id": "AU"}, {"import": 0, "export": 9210, "id": "KH"}, {"import": 0, "export": 11, "id": "CA"}, {"import": 0, "export": 1500, "id": "TW"}, {"import": 0, "export": 319500, "id": "NL"}], "world_import": 0, "world_export": 1391751}, {"date": "Unnamed: 10-01", "list": [{"import": 0, "export": 344000, "id": "FR"}, {"import": 0, "export": 50680, "id": "GB"}, {"import": 0, "export": 18507, "id": "US"}, {"import": 0, "export": 120000, "id": "IT"}, {"import": 0, "export": 4, "id": "CA"}, {"import": 0, "export": 23000, "id": "MY"}, {"import": 0, "export": 1620, "id": "TW"}, {"import": 0, "export": 245000, "id": "NL"}, {"import": 0, "export": 18785, "id": "NZ"}], "world_import": 0, "world_export": 821596}, {"date": "Unnamed: 14-01", "list": [{"import": 0, "export": 439864, "id": "FR"}, {"import": 0, "export": 24000, "id": "GB"}, {"import": 0, "export": 18530, "id": "US"}, {"import": 0, "export": 45000, "id": "AU"}, {"import": 0, "export": 100000, "id": "BE"}, {"import": 0, "export": 4384, "id": "CR"}, {"import": 0, "export": 120750, "id": "NL"}, {"import": 0, "export": 18554, "id": "NZ"}], "world_import": 0, "world_export": 771082}, {"date": "Unnamed: 30-01", "list": [{"import": 0, "export": 451000, "id": "FR"}, {"import": 0, "export": 24000, "id": "GB"}, {"import": 0, "export": 83524, "id": "US"}, {"import": 0, "export": 48000, "id": "IT"}, {"import": 0, "export": 28380, "id": "AU"}, {"import": 0, "export": 3, "id": "CA"}, {"import": 0, "export": 971, "id": "TW"}, {"import": 0, "export": 170500, "id": "NL"}], "world_import": 0, "world_export": 806378}, {"date": "Unnamed: 32-01", "list": [{"import": 0, "export": 619000, "id": "FR"}, {"import": 0, "export": 24000, "id": "GB"}, {"import": 0, "export": 260740, "id": "US"}, {"import": 0, "export": 312000, "id": "IT"}, {"import": 0, "export": 2880, "id": "AU"}, {"import": 0, "export": 4, "id": "CA"}, {"import": 0, "export": 46000, "id": "MY"}, {"import": 0, "export": 280, "id": "TW"}, {"import": 0, "export": 270500, "id": "NL"}], "world_import": 0, "world_export": 1535404}, {"date": "Unnamed: 36-01", "list": [{"import": 0, "export": 672014, "id": "FR"}, {"import": 0, "export": 119592, "id": "US"}, {"import": 0, "export": 25002, "id": "GR"}, {"import": 0, "export": 25000, "id": "AU"}, {"import": 0, "export": 1, "id": "CA"}, {"import": 0, "export": 127, "id": "TW"}, {"import": 0, "export": 56462, "id": "NZ"}], "world_import": 0, "world_export": 898198}, {"date": "Unnamed: 18-01", "list": [{"import": 0, "export": 52740, "id": "US"}, {"import": 0, "export": 48127, "id": "BF"}, {"import": 0, "export": 1911000, "id": "IT"}, {"import": 0, "export": 16000, "id": "AU"}, {"import": 0, "export": 298600, "id": "NL"}, {"import": 0, "export": 16059, "id": "PH"}], "world_import": 0, "world_export": 2342526}]