[{"date": "2018-10-01", "list": [{"import": 17128, "export": 0, "id": "PT"}, {"import": 18400, "export": 275, "id": "FR"}, {"import": 10668, "export": 98, "id": "BE"}, {"import": 8530, "export": 5, "id": "DE"}, {"import": 966, "export": 0, "id": "IT"}, {"import": 0, "export": 0, "id": "NL"}, {"import": 0, "export": 0, "id": "DK"}, {"import": 0, "export": 0, "id": "GB"}, {"import": 0, "export": 0, "id": "AZ"}], "world_import": 55692, "world_export": 378}, {"date": "2018-11-01", "list": [{"import": 42375, "export": 0, "id": "PT"}, {"import": 15656, "export": 229, "id": "FR"}, {"import": 10243, "export": 27, "id": "BE"}, {"import": 4465, "export": 10, "id": "DE"}, {"import": 961, "export": 0, "id": "IT"}, {"import": 345, "export": 0, "id": "NL"}, {"import": 0, "export": 0, "id": "DK"}, {"import": 0, "export": 0, "id": "GB"}, {"import": 0, "export": 0, "id": "AZ"}], "world_import": 74045, "world_export": 266}, {"date": "2018-12-01", "list": [{"import": 26145, "export": 0, "id": "PT"}, {"import": 16561, "export": 90, "id": "FR"}, {"import": 9375, "export": 69, "id": "BE"}, {"import": 7946, "export": 5, "id": "DE"}, {"import": 1681, "export": 0, "id": "IT"}, {"import": 0, "export": 0, "id": "NL"}, {"import": 0, "export": 0, "id": "DK"}, {"import": 0, "export": 0, "id": "GB"}, {"import": 0, "export": 0, "id": "AZ"}], "world_import": 61708, "world_export": 164}, {"date": "2019-01-01", "list": [{"import": 23535, "export": 0, "id": "PT"}, {"import": 74688, "export": 257, "id": "FR"}, {"import": 7523, "export": 78, "id": "BE"}, {"import": 3948, "export": 0, "id": "DE"}, {"import": 620, "export": 0, "id": "IT"}, {"import": 0, "export": 0, "id": "NL"}, {"import": 0, "export": 0, "id": "DK"}, {"import": 0, "export": 0, "id": "GB"}, {"import": 0, "export": 0, "id": "AZ"}], "world_import": 110314, "world_export": 335}, {"date": "2019-02-01", "list": [{"import": 6118, "export": 0, "id": "PT"}, {"import": 70723, "export": 258, "id": "FR"}, {"import": 8926, "export": 75, "id": "BE"}, {"import": 6385, "export": 0, "id": "DE"}, {"import": 1262, "export": 0, "id": "IT"}, {"import": 0, "export": 0, "id": "NL"}, {"import": 322, "export": 0, "id": "DK"}, {"import": 0, "export": 0, "id": "GB"}, {"import": 0, "export": 0, "id": "AZ"}], "world_import": 93736, "world_export": 333}, {"date": "2019-03-01", "list": [{"import": 41278, "export": 0, "id": "PT"}, {"import": 14228, "export": 248, "id": "FR"}, {"import": 10572, "export": 102, "id": "BE"}, {"import": 4491, "export": 0, "id": "DE"}, {"import": 480, "export": 0, "id": "IT"}, {"import": 0, "export": 0, "id": "NL"}, {"import": 0, "export": 0, "id": "DK"}, {"import": 0, "export": 0, "id": "GB"}, {"import": 0, "export": 0, "id": "AZ"}], "world_import": 71049, "world_export": 350}, {"date": "2019-04-01", "list": [{"import": 5340, "export": 0, "id": "PT"}, {"import": 11559, "export": 311, "id": "FR"}, {"import": 6423, "export": 82, "id": "BE"}, {"import": 4396, "export": 1, "id": "DE"}, {"import": 972, "export": 0, "id": "IT"}, {"import": 490, "export": 0, "id": "NL"}, {"import": 0, "export": 0, "id": "DK"}, {"import": 0, "export": 0, "id": "GB"}, {"import": 0, "export": 0, "id": "AZ"}], "world_import": 29180, "world_export": 394}, {"date": "2019-05-01", "list": [{"import": 68647, "export": 0, "id": "PT"}, {"import": 11580, "export": 174, "id": "FR"}, {"import": 10852, "export": 66, "id": "BE"}, {"import": 6369, "export": 15, "id": "DE"}, {"import": 360, "export": 0, "id": "IT"}, {"import": 733, "export": 0, "id": "NL"}, {"import": 0, "export": 0, "id": "DK"}, {"import": 0, "export": 0, "id": "GB"}, {"import": 0, "export": 0, "id": "AZ"}], "world_import": 98541, "world_export": 255}, {"date": "2019-06-01", "list": [{"import": 33924, "export": 0, "id": "PT"}, {"import": 12789, "export": 195, "id": "FR"}, {"import": 5132, "export": 96, "id": "BE"}, {"import": 3246, "export": 15, "id": "DE"}, {"import": 840, "export": 0, "id": "IT"}, {"import": 814, "export": 0, "id": "NL"}, {"import": 0, "export": 0, "id": "DK"}, {"import": 0, "export": 0, "id": "GB"}, {"import": 0, "export": 0, "id": "AZ"}], "world_import": 56745, "world_export": 306}, {"date": "2019-07-01", "list": [{"import": 2869, "export": 0, "id": "PT"}, {"import": 14339, "export": 147, "id": "FR"}, {"import": 6020, "export": 85, "id": "BE"}, {"import": 7856, "export": 1, "id": "DE"}, {"import": 1440, "export": 0, "id": "IT"}, {"import": 828, "export": 0, "id": "NL"}, {"import": 0, "export": 0, "id": "DK"}, {"import": 0, "export": 0, "id": "GB"}, {"import": 0, "export": 0, "id": "AZ"}], "world_import": 33352, "world_export": 233}, {"date": "2019-08-01", "list": [{"import": 25912, "export": 0, "id": "PT"}, {"import": 15914, "export": 384, "id": "FR"}, {"import": 5715, "export": 113, "id": "BE"}, {"import": 7156, "export": 1, "id": "DE"}, {"import": 0, "export": 0, "id": "IT"}, {"import": 417, "export": 0, "id": "NL"}, {"import": 0, "export": 0, "id": "DK"}, {"import": 1305, "export": 0, "id": "GB"}, {"import": 0, "export": 0, "id": "AZ"}], "world_import": 56419, "world_export": 498}, {"date": "2019-09-01", "list": [{"import": 44132, "export": 0, "id": "PT"}, {"import": 12034, "export": 223, "id": "FR"}, {"import": 10410, "export": 89, "id": "BE"}, {"import": 1688, "export": 0, "id": "DE"}, {"import": 1460, "export": 0, "id": "IT"}, {"import": 0, "export": 0, "id": "NL"}, {"import": 0, "export": 0, "id": "DK"}, {"import": 0, "export": 0, "id": "GB"}, {"import": 0, "export": 0, "id": "AZ"}], "world_import": 69724, "world_export": 312}, {"date": "2019-10-01", "list": [{"import": 33376, "export": 0, "id": "PT"}, {"import": 17791, "export": 35, "id": "FR"}, {"import": 6532, "export": 10, "id": "BE"}, {"import": 7059, "export": 10, "id": "DE"}, {"import": 1082, "export": 14, "id": "IT"}, {"import": 901, "export": 0, "id": "NL"}, {"import": 0, "export": 0, "id": "DK"}, {"import": 0, "export": 0, "id": "GB"}, {"import": 0, "export": 0, "id": "AZ"}], "world_import": 66741, "world_export": 69}, {"date": "2019-11-01", "list": [{"import": 26372, "export": 0, "id": "PT"}, {"import": 16500, "export": 25, "id": "FR"}, {"import": 9772, "export": 35, "id": "BE"}, {"import": 7447, "export": 10, "id": "DE"}, {"import": 1556, "export": 29, "id": "IT"}, {"import": 0, "export": 0, "id": "NL"}, {"import": 0, "export": 0, "id": "DK"}, {"import": 0, "export": 0, "id": "GB"}, {"import": 0, "export": 0, "id": "AZ"}], "world_import": 61647, "world_export": 99}, {"date": "2019-12-01", "list": [{"import": 50648, "export": 0, "id": "PT"}, {"import": 18238, "export": 35, "id": "FR"}, {"import": 8546, "export": 20, "id": "BE"}, {"import": 7440, "export": 9, "id": "DE"}, {"import": 1092, "export": 27, "id": "IT"}, {"import": 535, "export": 0, "id": "NL"}, {"import": 0, "export": 0, "id": "DK"}, {"import": 0, "export": 0, "id": "GB"}, {"import": 0, "export": 0, "id": "AZ"}], "world_import": 86499, "world_export": 91}, {"date": "2020-01-01", "list": [{"import": 11243, "export": 0, "id": "PT"}, {"import": 186039, "export": 25, "id": "FR"}, {"import": 7278, "export": 158, "id": "BE"}, {"import": 3736, "export": 14, "id": "DE"}, {"import": 729, "export": 13, "id": "IT"}, {"import": 306, "export": 0, "id": "NL"}, {"import": 0, "export": 0, "id": "DK"}, {"import": 0, "export": 0, "id": "GB"}, {"import": 0, "export": 0, "id": "AZ"}], "world_import": 209331, "world_export": 210}, {"date": "2020-02-01", "list": [{"import": 29526, "export": 0, "id": "PT"}, {"import": 17340, "export": 25, "id": "FR"}, {"import": 8177, "export": 145, "id": "BE"}, {"import": 1748, "export": 89, "id": "DE"}, {"import": 728, "export": 18, "id": "IT"}, {"import": 801, "export": 0, "id": "NL"}, {"import": 0, "export": 0, "id": "DK"}, {"import": 0, "export": 0, "id": "GB"}, {"import": 0, "export": 42, "id": "AZ"}], "world_import": 58320, "world_export": 319}, {"date": "2020-03-01", "list": [{"import": 51873, "export": 0, "id": "PT"}, {"import": 30864, "export": 10, "id": "FR"}, {"import": 12186, "export": 21, "id": "BE"}, {"import": 7274, "export": 28, "id": "DE"}, {"import": 2080, "export": 37, "id": "IT"}, {"import": 0, "export": 0, "id": "NL"}, {"import": 0, "export": 0, "id": "DK"}, {"import": 0, "export": 0, "id": "GB"}, {"import": 0, "export": 0, "id": "AZ"}], "world_import": 104277, "world_export": 96}]