[{"date": "2018-10-01", "list": [{"import": 48304, "export": 0, "id": "IT"}, {"import": 3672, "export": 0, "id": "BE"}, {"import": 569, "export": 0, "id": "HU"}, {"import": 553, "export": 0, "id": "NL"}, {"import": 622, "export": 0, "id": "DE"}, {"import": 492, "export": 2308, "id": "HR"}, {"import": 1015, "export": 0, "id": "FR"}, {"import": 0, "export": 0, "id": "BR"}, {"import": 1293, "export": 0, "id": "AT"}, {"import": 0, "export": 0, "id": "PL"}, {"import": 0, "export": 0, "id": "IN"}, {"import": 0, "export": 2448, "id": "BA"}, {"import": 0, "export": 0, "id": "-"}, {"import": 0, "export": 0, "id": "ME"}, {"import": 0, "export": 0, "id": "RU"}, {"import": 0, "export": 0, "id": "RS"}], "world_import": 56520, "world_export": 4756}, {"date": "2018-11-01", "list": [{"import": 18067, "export": 0, "id": "IT"}, {"import": 3024, "export": 0, "id": "BE"}, {"import": 380, "export": 0, "id": "HU"}, {"import": 0, "export": 0, "id": "NL"}, {"import": 485, "export": 0, "id": "DE"}, {"import": 1300, "export": 1882, "id": "HR"}, {"import": 1010, "export": 0, "id": "FR"}, {"import": 0, "export": 0, "id": "BR"}, {"import": 3376, "export": 0, "id": "AT"}, {"import": 0, "export": 0, "id": "PL"}, {"import": 0, "export": 0, "id": "IN"}, {"import": 0, "export": 3144, "id": "BA"}, {"import": 0, "export": 0, "id": "-"}, {"import": 0, "export": 0, "id": "ME"}, {"import": 0, "export": 0, "id": "RU"}, {"import": 0, "export": 0, "id": "RS"}], "world_import": 27642, "world_export": 5026}, {"date": "2019-01-01", "list": [{"import": 45229, "export": 24000, "id": "IT"}, {"import": 1701, "export": 0, "id": "BE"}, {"import": 674, "export": 0, "id": "HU"}, {"import": 0, "export": 0, "id": "NL"}, {"import": 689, "export": 0, "id": "DE"}, {"import": 2256, "export": 730, "id": "HR"}, {"import": 1055, "export": 0, "id": "FR"}, {"import": 0, "export": 0, "id": "BR"}, {"import": 1800, "export": 0, "id": "AT"}, {"import": 0, "export": 0, "id": "PL"}, {"import": 0, "export": 0, "id": "IN"}, {"import": 0, "export": 4452, "id": "BA"}, {"import": 0, "export": 0, "id": "-"}, {"import": 0, "export": 0, "id": "ME"}, {"import": 0, "export": 0, "id": "RU"}, {"import": 0, "export": 1290, "id": "RS"}], "world_import": 53404, "world_export": 30472}, {"date": "2019-03-01", "list": [{"import": 61304, "export": 0, "id": "IT"}, {"import": 8304, "export": 0, "id": "BE"}, {"import": 255, "export": 0, "id": "HU"}, {"import": 1057, "export": 0, "id": "NL"}, {"import": 0, "export": 0, "id": "DE"}, {"import": 1609, "export": 5366, "id": "HR"}, {"import": 0, "export": 0, "id": "FR"}, {"import": 0, "export": 0, "id": "BR"}, {"import": 1662, "export": 0, "id": "AT"}, {"import": 0, "export": 0, "id": "PL"}, {"import": 24000, "export": 0, "id": "IN"}, {"import": 0, "export": 3532, "id": "BA"}, {"import": 0, "export": 0, "id": "-"}, {"import": 0, "export": 384, "id": "ME"}, {"import": 0, "export": 0, "id": "RU"}, {"import": 0, "export": 0, "id": "RS"}], "world_import": 98191, "world_export": 9282}, {"date": "2019-05-01", "list": [{"import": 9845, "export": 0, "id": "IT"}, {"import": 9492, "export": 0, "id": "BE"}, {"import": 251, "export": 0, "id": "HU"}, {"import": 237, "export": 0, "id": "NL"}, {"import": 546, "export": 0, "id": "DE"}, {"import": 900, "export": 8902, "id": "HR"}, {"import": 1010, "export": 0, "id": "FR"}, {"import": 4500, "export": 0, "id": "BR"}, {"import": 1276, "export": 0, "id": "AT"}, {"import": 0, "export": 0, "id": "PL"}, {"import": 22000, "export": 0, "id": "IN"}, {"import": 0, "export": 4656, "id": "BA"}, {"import": 0, "export": 0, "id": "-"}, {"import": 0, "export": 0, "id": "ME"}, {"import": 0, "export": 0, "id": "RU"}, {"import": 0, "export": 0, "id": "RS"}], "world_import": 50057, "world_export": 13558}, {"date": "2019-06-01", "list": [{"import": 57194, "export": 44000, "id": "IT"}, {"import": 4908, "export": 0, "id": "BE"}, {"import": 0, "export": 0, "id": "HU"}, {"import": 365, "export": 0, "id": "NL"}, {"import": 0, "export": 0, "id": "DE"}, {"import": 300, "export": 5660, "id": "HR"}, {"import": 0, "export": 0, "id": "FR"}, {"import": 0, "export": 0, "id": "BR"}, {"import": 2109, "export": 0, "id": "AT"}, {"import": 0, "export": 0, "id": "PL"}, {"import": 0, "export": 0, "id": "IN"}, {"import": 0, "export": 2112, "id": "BA"}, {"import": 0, "export": 0, "id": "-"}, {"import": 0, "export": 587, "id": "ME"}, {"import": 0, "export": 0, "id": "RU"}, {"import": 0, "export": 0, "id": "RS"}], "world_import": 64876, "world_export": 52359}, {"date": "2019-08-01", "list": [{"import": 16069, "export": 0, "id": "IT"}, {"import": 8436, "export": 0, "id": "BE"}, {"import": 666, "export": 0, "id": "HU"}, {"import": 1047, "export": 0, "id": "NL"}, {"import": 0, "export": 0, "id": "DE"}, {"import": 582, "export": 2281, "id": "HR"}, {"import": 1005, "export": 0, "id": "FR"}, {"import": 0, "export": 0, "id": "BR"}, {"import": 0, "export": 0, "id": "AT"}, {"import": 0, "export": 0, "id": "PL"}, {"import": 0, "export": 0, "id": "IN"}, {"import": 0, "export": 3312, "id": "BA"}, {"import": 0, "export": 0, "id": "-"}, {"import": 0, "export": 0, "id": "ME"}, {"import": 0, "export": 0, "id": "RU"}, {"import": 0, "export": 0, "id": "RS"}], "world_import": 27805, "world_export": 5593}, {"date": "2019-10-01", "list": [{"import": 26369, "export": 0, "id": "IT"}, {"import": 20928, "export": 0, "id": "BE"}, {"import": 0, "export": 0, "id": "HU"}, {"import": 362, "export": 0, "id": "NL"}, {"import": 472, "export": 0, "id": "DE"}, {"import": 192, "export": 5578, "id": "HR"}, {"import": 2015, "export": 0, "id": "FR"}, {"import": 0, "export": 0, "id": "BR"}, {"import": 0, "export": 0, "id": "AT"}, {"import": 0, "export": 0, "id": "PL"}, {"import": 0, "export": 0, "id": "IN"}, {"import": 0, "export": 4560, "id": "BA"}, {"import": 0, "export": 0, "id": "-"}, {"import": 0, "export": 384, "id": "ME"}, {"import": 0, "export": 0, "id": "RU"}, {"import": 0, "export": 0, "id": "RS"}], "world_import": 50338, "world_export": 10522}, {"date": "2019-12-01", "list": [{"import": 12866, "export": 0, "id": "IT"}, {"import": 0, "export": 0, "id": "BE"}, {"import": 8280, "export": 0, "id": "HU"}, {"import": 645, "export": 0, "id": "NL"}, {"import": 0, "export": 0, "id": "DE"}, {"import": 510, "export": 3121, "id": "HR"}, {"import": 1000, "export": 0, "id": "FR"}, {"import": 0, "export": 0, "id": "BR"}, {"import": 0, "export": 0, "id": "AT"}, {"import": 864, "export": 0, "id": "PL"}, {"import": 44000, "export": 0, "id": "IN"}, {"import": 0, "export": 3504, "id": "BA"}, {"import": 0, "export": 0, "id": "-"}, {"import": 0, "export": 384, "id": "ME"}, {"import": 0, "export": 0, "id": "RU"}, {"import": 0, "export": 0, "id": "RS"}], "world_import": 68165, "world_export": 7009}, {"date": "2020-02-01", "list": [{"import": 29645, "export": 0, "id": "IT"}, {"import": 6600, "export": 0, "id": "BE"}, {"import": 0, "export": 0, "id": "HU"}, {"import": 487, "export": 0, "id": "NL"}, {"import": 628, "export": 0, "id": "DE"}, {"import": 1255, "export": 2280, "id": "HR"}, {"import": 0, "export": 0, "id": "FR"}, {"import": 0, "export": 0, "id": "BR"}, {"import": 3331, "export": 0, "id": "AT"}, {"import": 0, "export": 0, "id": "PL"}, {"import": 0, "export": 0, "id": "IN"}, {"import": 0, "export": 4200, "id": "BA"}, {"import": 0, "export": 0, "id": "-"}, {"import": 0, "export": 0, "id": "ME"}, {"import": 0, "export": 0, "id": "RU"}, {"import": 0, "export": 0, "id": "RS"}], "world_import": 41946, "world_export": 6480}, {"date": "2020-03-01", "list": [{"import": 38378, "export": 0, "id": "IT"}, {"import": 3726, "export": 0, "id": "BE"}, {"import": 770, "export": 0, "id": "HU"}, {"import": 485, "export": 0, "id": "NL"}, {"import": 261, "export": 0, "id": "DE"}, {"import": 647, "export": 1864, "id": "HR"}, {"import": 2010, "export": 0, "id": "FR"}, {"import": 0, "export": 0, "id": "BR"}, {"import": 0, "export": 0, "id": "AT"}, {"import": 0, "export": 0, "id": "PL"}, {"import": 0, "export": 0, "id": "IN"}, {"import": 0, "export": 5022, "id": "BA"}, {"import": 0, "export": 0, "id": "-"}, {"import": 0, "export": 0, "id": "ME"}, {"import": 0, "export": 523, "id": "RU"}, {"import": 0, "export": 0, "id": "RS"}], "world_import": 46277, "world_export": 7409}, {"date": "2020-05-01", "list": [{"import": 58348, "export": 0, "id": "IT"}, {"import": 10908, "export": 0, "id": "BE"}, {"import": 0, "export": 0, "id": "HU"}, {"import": 942, "export": 0, "id": "NL"}, {"import": 0, "export": 0, "id": "DE"}, {"import": 1300, "export": 0, "id": "HR"}, {"import": 2000, "export": 0, "id": "FR"}, {"import": 0, "export": 0, "id": "BR"}, {"import": 0, "export": 0, "id": "AT"}, {"import": 0, "export": 0, "id": "PL"}, {"import": 0, "export": 0, "id": "IN"}], "world_import": 73498, "world_export": 0}, {"date": "Unnamed: 23-01", "list": [{"import": 26167, "export": 0, "id": "IT"}, {"import": 6696, "export": 0, "id": "BE"}, {"import": 375, "export": 0, "id": "HU"}, {"import": 733, "export": 0, "id": "NL"}, {"import": 611, "export": 0, "id": "DE"}, {"import": 548, "export": 0, "id": "HR"}, {"import": 0, "export": 0, "id": "FR"}, {"import": 0, "export": 0, "id": "BR"}, {"import": 0, "export": 0, "id": "AT"}, {"import": 0, "export": 0, "id": "PL"}, {"import": 0, "export": 0, "id": "IN"}], "world_import": 35130, "world_export": 0}, {"date": "Unnamed: 25-01", "list": [{"import": 29882, "export": 0, "id": "IT"}, {"import": 3672, "export": 0, "id": "BE"}, {"import": 729, "export": 0, "id": "HU"}, {"import": 712, "export": 0, "id": "NL"}, {"import": 418, "export": 0, "id": "DE"}, {"import": 312, "export": 0, "id": "HR"}, {"import": 0, "export": 0, "id": "FR"}, {"import": 0, "export": 0, "id": "BR"}, {"import": 1415, "export": 0, "id": "AT"}, {"import": 0, "export": 0, "id": "PL"}, {"import": 22000, "export": 0, "id": "IN"}], "world_import": 59140, "world_export": 0}, {"date": "Unnamed: 26-01", "list": [{"import": 37879, "export": 0, "id": "IT"}, {"import": 7266, "export": 0, "id": "BE"}, {"import": 251, "export": 0, "id": "HU"}, {"import": 0, "export": 0, "id": "NL"}, {"import": 490, "export": 0, "id": "DE"}, {"import": 704, "export": 0, "id": "HR"}, {"import": 1025, "export": 0, "id": "FR"}, {"import": 0, "export": 0, "id": "BR"}, {"import": 0, "export": 0, "id": "AT"}, {"import": 0, "export": 0, "id": "PL"}, {"import": 0, "export": 0, "id": "IN"}], "world_import": 47615, "world_export": 0}, {"date": "Unnamed: 28-01", "list": [{"import": 27733, "export": 0, "id": "IT"}, {"import": 3822, "export": 0, "id": "BE"}, {"import": 0, "export": 0, "id": "HU"}, {"import": 488, "export": 0, "id": "NL"}, {"import": 644, "export": 0, "id": "DE"}, {"import": 936, "export": 0, "id": "HR"}, {"import": 2059, "export": 0, "id": "FR"}, {"import": 0, "export": 0, "id": "BR"}, {"import": 1434, "export": 0, "id": "AT"}, {"import": 0, "export": 0, "id": "PL"}, {"import": 0, "export": 0, "id": "IN"}], "world_import": 37116, "world_export": 0}, {"date": "Unnamed: 29-01", "list": [{"import": 38140, "export": 0, "id": "IT"}, {"import": 3972, "export": 0, "id": "BE"}, {"import": 0, "export": 0, "id": "HU"}, {"import": 1019, "export": 0, "id": "NL"}, {"import": 753, "export": 0, "id": "DE"}, {"import": 614, "export": 0, "id": "HR"}, {"import": 0, "export": 0, "id": "FR"}, {"import": 0, "export": 0, "id": "BR"}, {"import": 2745, "export": 0, "id": "AT"}, {"import": 0, "export": 0, "id": "PL"}, {"import": 0, "export": 0, "id": "IN"}], "world_import": 47243, "world_export": 0}, {"date": "Unnamed: 30-01", "list": [{"import": 21433, "export": 0, "id": "IT"}, {"import": 5028, "export": 0, "id": "BE"}, {"import": 390, "export": 0, "id": "HU"}, {"import": 1888, "export": 0, "id": "NL"}, {"import": 1388, "export": 0, "id": "DE"}, {"import": 346, "export": 0, "id": "HR"}, {"import": 1012, "export": 0, "id": "FR"}, {"import": 0, "export": 0, "id": "BR"}, {"import": 2328, "export": 0, "id": "AT"}, {"import": 0, "export": 0, "id": "PL"}, {"import": 0, "export": 0, "id": "IN"}], "world_import": 33813, "world_export": 0}, {"date": "2018-12-01", "list": [{"import": 0, "export": 2470, "id": "HR"}, {"import": 0, "export": 3000, "id": "BA"}, {"import": 0, "export": 0, "id": "-"}, {"import": 0, "export": 0, "id": "IT"}, {"import": 0, "export": 384, "id": "ME"}, {"import": 0, "export": 0, "id": "RU"}, {"import": 0, "export": 0, "id": "RS"}], "world_import": 0, "world_export": 5854}, {"date": "2019-02-01", "list": [{"import": 0, "export": 3360, "id": "HR"}, {"import": 0, "export": 3606, "id": "BA"}, {"import": 0, "export": 3840, "id": "-"}, {"import": 0, "export": 26547, "id": "IT"}, {"import": 0, "export": 0, "id": "ME"}, {"import": 0, "export": 0, "id": "RU"}, {"import": 0, "export": 0, "id": "RS"}], "world_import": 0, "world_export": 37353}, {"date": "2019-04-01", "list": [{"import": 0, "export": 4952, "id": "HR"}, {"import": 0, "export": 3312, "id": "BA"}, {"import": 0, "export": 1920, "id": "-"}, {"import": 0, "export": 0, "id": "IT"}, {"import": 0, "export": 0, "id": "ME"}, {"import": 0, "export": 0, "id": "RU"}, {"import": 0, "export": 0, "id": "RS"}], "world_import": 0, "world_export": 10184}, {"date": "2019-07-01", "list": [{"import": 0, "export": 7028, "id": "HR"}, {"import": 0, "export": 5208, "id": "BA"}, {"import": 0, "export": 0, "id": "-"}, {"import": 0, "export": 0, "id": "IT"}, {"import": 0, "export": 0, "id": "ME"}, {"import": 0, "export": 0, "id": "RU"}, {"import": 0, "export": 3978, "id": "RS"}], "world_import": 0, "world_export": 16214}, {"date": "2019-09-01", "list": [{"import": 0, "export": 4152, "id": "HR"}, {"import": 0, "export": 2904, "id": "BA"}, {"import": 0, "export": 0, "id": "-"}, {"import": 0, "export": 0, "id": "IT"}, {"import": 0, "export": 0, "id": "ME"}, {"import": 0, "export": 0, "id": "RU"}, {"import": 0, "export": 648, "id": "RS"}], "world_import": 0, "world_export": 7704}, {"date": "2019-11-01", "list": [{"import": 0, "export": 1404, "id": "HR"}, {"import": 0, "export": 3768, "id": "BA"}, {"import": 0, "export": 0, "id": "-"}, {"import": 0, "export": 22000, "id": "IT"}, {"import": 0, "export": 384, "id": "ME"}, {"import": 0, "export": 225, "id": "RU"}, {"import": 0, "export": 0, "id": "RS"}], "world_import": 0, "world_export": 27781}, {"date": "2020-01-01", "list": [{"import": 0, "export": 1152, "id": "HR"}, {"import": 0, "export": 2366, "id": "BA"}, {"import": 0, "export": 0, "id": "-"}, {"import": 0, "export": 0, "id": "IT"}, {"import": 0, "export": 0, "id": "ME"}, {"import": 0, "export": 0, "id": "RU"}, {"import": 0, "export": 0, "id": "RS"}], "world_import": 0, "world_export": 3518}]