[{"date": "2018-05-01", "list": [{"import": 260423, "export": 0, "id": "IN"}, {"import": 0, "export": 0, "id": "PK"}, {"import": 19629, "export": 0, "id": "US"}, {"import": 0, "export": 0, "id": "IT"}, {"import": 961, "export": 0, "id": "GB"}, {"import": 199, "export": 0, "id": "BE"}, {"import": 0, "export": 0, "id": "CA"}, {"import": 15410, "export": 0, "id": "LK"}, {"import": 0, "export": 0, "id": "CN"}, {"import": 0, "export": 0, "id": "FR"}, {"import": 0, "export": 0, "id": "IR"}, {"import": 0, "export": 0, "id": "JP"}, {"import": 0, "export": 0, "id": "KR"}, {"import": 0, "export": 0, "id": "TW"}, {"import": 0, "export": 0, "id": "AR"}, {"import": 0, "export": 0, "id": "VN"}, {"import": 1862, "export": 0, "id": "TH"}, {"import": 0, "export": 0, "id": "TR"}], "world_import": 298484, "world_export": 0}, {"date": "2018-06-01", "list": [{"import": 171886, "export": 0, "id": "IN"}, {"import": 15704, "export": 0, "id": "PK"}, {"import": 3557, "export": 0, "id": "US"}, {"import": 523, "export": 0, "id": "IT"}, {"import": 155, "export": 0, "id": "GB"}, {"import": 0, "export": 0, "id": "BE"}, {"import": 134, "export": 0, "id": "CA"}, {"import": 0, "export": 0, "id": "LK"}, {"import": 0, "export": 0, "id": "CN"}, {"import": 0, "export": 0, "id": "FR"}, {"import": 0, "export": 0, "id": "IR"}, {"import": 0, "export": 0, "id": "JP"}, {"import": 420, "export": 0, "id": "KR"}, {"import": 0, "export": 0, "id": "TW"}, {"import": 0, "export": 0, "id": "AR"}, {"import": 0, "export": 0, "id": "VN"}, {"import": 0, "export": 0, "id": "TH"}, {"import": 0, "export": 0, "id": "TR"}], "world_import": 192379, "world_export": 0}, {"date": "2018-07-01", "list": [{"import": 181294, "export": 0, "id": "IN"}, {"import": 0, "export": 0, "id": "PK"}, {"import": 43307, "export": 0, "id": "US"}, {"import": 0, "export": 0, "id": "IT"}, {"import": 2026, "export": 0, "id": "GB"}, {"import": 0, "export": 0, "id": "BE"}, {"import": 70, "export": 0, "id": "CA"}, {"import": 0, "export": 0, "id": "LK"}, {"import": 0, "export": 0, "id": "CN"}, {"import": 144, "export": 0, "id": "FR"}, {"import": 0, "export": 0, "id": "IR"}, {"import": 0, "export": 0, "id": "JP"}, {"import": 0, "export": 0, "id": "KR"}, {"import": 0, "export": 0, "id": "TW"}, {"import": 0, "export": 0, "id": "AR"}, {"import": 0, "export": 0, "id": "VN"}, {"import": 0, "export": 0, "id": "TH"}, {"import": 0, "export": 0, "id": "TR"}], "world_import": 226841, "world_export": 0}, {"date": "2018-08-01", "list": [{"import": 230602, "export": 0, "id": "IN"}, {"import": 0, "export": 0, "id": "PK"}, {"import": 2313, "export": 0, "id": "US"}, {"import": 468, "export": 0, "id": "IT"}, {"import": 532, "export": 0, "id": "GB"}, {"import": 0, "export": 0, "id": "BE"}, {"import": 0, "export": 0, "id": "CA"}, {"import": 0, "export": 0, "id": "LK"}, {"import": 0, "export": 0, "id": "CN"}, {"import": 0, "export": 0, "id": "FR"}, {"import": 0, "export": 0, "id": "IR"}, {"import": 0, "export": 0, "id": "JP"}, {"import": 0, "export": 0, "id": "KR"}, {"import": 0, "export": 0, "id": "TW"}, {"import": 0, "export": 0, "id": "AR"}, {"import": 0, "export": 0, "id": "VN"}, {"import": 3546, "export": 0, "id": "TH"}, {"import": 0, "export": 0, "id": "TR"}], "world_import": 237461, "world_export": 0}, {"date": "2018-09-01", "list": [{"import": 0, "export": 0, "id": "IN"}, {"import": 0, "export": 0, "id": "PK"}, {"import": 18594, "export": 0, "id": "US"}, {"import": 189, "export": 0, "id": "IT"}, {"import": 754, "export": 0, "id": "GB"}, {"import": 0, "export": 0, "id": "BE"}, {"import": 0, "export": 0, "id": "CA"}, {"import": 15510, "export": 0, "id": "LK"}, {"import": 0, "export": 0, "id": "CN"}, {"import": 0, "export": 0, "id": "FR"}, {"import": 0, "export": 0, "id": "IR"}, {"import": 0, "export": 0, "id": "JP"}, {"import": 0, "export": 0, "id": "KR"}, {"import": 0, "export": 0, "id": "TW"}, {"import": 0, "export": 0, "id": "AR"}, {"import": 0, "export": 0, "id": "VN"}, {"import": 0, "export": 0, "id": "TH"}, {"import": 0, "export": 0, "id": "TR"}], "world_import": 35047, "world_export": 0}, {"date": "2018-10-01", "list": [{"import": 236612, "export": 0, "id": "IN"}, {"import": 10310, "export": 0, "id": "PK"}, {"import": 5996, "export": 0, "id": "US"}, {"import": 0, "export": 0, "id": "IT"}, {"import": 3235, "export": 0, "id": "GB"}, {"import": 64, "export": 0, "id": "BE"}, {"import": 0, "export": 0, "id": "CA"}, {"import": 12000, "export": 0, "id": "LK"}, {"import": 0, "export": 0, "id": "CN"}, {"import": 0, "export": 0, "id": "FR"}, {"import": 0, "export": 0, "id": "IR"}, {"import": 0, "export": 0, "id": "JP"}, {"import": 376, "export": 0, "id": "KR"}, {"import": 540, "export": 0, "id": "TW"}, {"import": 0, "export": 0, "id": "AR"}, {"import": 2026, "export": 0, "id": "VN"}, {"import": 612, "export": 0, "id": "TH"}, {"import": 0, "export": 0, "id": "TR"}], "world_import": 271771, "world_export": 0}, {"date": "2018-11-01", "list": [{"import": 269396, "export": 0, "id": "IN"}, {"import": 0, "export": 0, "id": "PK"}, {"import": 60056, "export": 0, "id": "US"}, {"import": 0, "export": 0, "id": "IT"}, {"import": 2897, "export": 0, "id": "GB"}, {"import": 0, "export": 0, "id": "BE"}, {"import": 0, "export": 0, "id": "CA"}, {"import": 0, "export": 0, "id": "LK"}, {"import": 0, "export": 0, "id": "CN"}, {"import": 0, "export": 0, "id": "FR"}, {"import": 0, "export": 0, "id": "IR"}, {"import": 0, "export": 0, "id": "JP"}, {"import": 0, "export": 0, "id": "KR"}, {"import": 0, "export": 0, "id": "TW"}, {"import": 0, "export": 0, "id": "AR"}, {"import": 3035, "export": 0, "id": "VN"}, {"import": 0, "export": 0, "id": "TH"}, {"import": 0, "export": 0, "id": "TR"}], "world_import": 335384, "world_export": 0}, {"date": "2018-12-01", "list": [{"import": 105879, "export": 0, "id": "IN"}, {"import": 6625, "export": 0, "id": "PK"}, {"import": 1137, "export": 0, "id": "US"}, {"import": 120, "export": 0, "id": "IT"}, {"import": 1023, "export": 0, "id": "GB"}, {"import": 159, "export": 0, "id": "BE"}, {"import": 0, "export": 0, "id": "CA"}, {"import": 16790, "export": 0, "id": "LK"}, {"import": 0, "export": 0, "id": "CN"}, {"import": 125, "export": 0, "id": "FR"}, {"import": 0, "export": 0, "id": "IR"}, {"import": 0, "export": 0, "id": "JP"}, {"import": 187, "export": 0, "id": "KR"}, {"import": 0, "export": 0, "id": "TW"}, {"import": 0, "export": 0, "id": "AR"}, {"import": 0, "export": 0, "id": "VN"}, {"import": 3146, "export": 0, "id": "TH"}, {"import": 0, "export": 0, "id": "TR"}], "world_import": 135191, "world_export": 0}, {"date": "2019-01-01", "list": [{"import": 87587, "export": 0, "id": "IN"}, {"import": 0, "export": 0, "id": "PK"}, {"import": 2063, "export": 0, "id": "US"}, {"import": 229, "export": 0, "id": "IT"}, {"import": 794, "export": 0, "id": "GB"}, {"import": 0, "export": 0, "id": "BE"}, {"import": 0, "export": 0, "id": "CA"}, {"import": 15490, "export": 0, "id": "LK"}, {"import": 0, "export": 0, "id": "CN"}, {"import": 0, "export": 0, "id": "FR"}, {"import": 0, "export": 0, "id": "IR"}, {"import": 0, "export": 0, "id": "JP"}, {"import": 0, "export": 0, "id": "KR"}, {"import": 0, "export": 0, "id": "TW"}, {"import": 0, "export": 0, "id": "AR"}, {"import": 0, "export": 0, "id": "VN"}, {"import": 616, "export": 0, "id": "TH"}, {"import": 0, "export": 0, "id": "TR"}], "world_import": 106779, "world_export": 0}, {"date": "2019-02-01", "list": [{"import": 155002, "export": 0, "id": "IN"}, {"import": 0, "export": 0, "id": "PK"}, {"import": 3544, "export": 0, "id": "US"}, {"import": 504, "export": 0, "id": "IT"}, {"import": 435, "export": 0, "id": "GB"}, {"import": 0, "export": 0, "id": "BE"}, {"import": 0, "export": 0, "id": "CA"}, {"import": 0, "export": 0, "id": "LK"}, {"import": 0, "export": 0, "id": "CN"}, {"import": 0, "export": 0, "id": "FR"}, {"import": 46000, "export": 0, "id": "IR"}, {"import": 0, "export": 0, "id": "JP"}, {"import": 0, "export": 0, "id": "KR"}, {"import": 0, "export": 0, "id": "TW"}, {"import": 0, "export": 0, "id": "AR"}, {"import": 0, "export": 0, "id": "VN"}, {"import": 470, "export": 0, "id": "TH"}, {"import": 0, "export": 0, "id": "TR"}], "world_import": 205955, "world_export": 0}, {"date": "2019-03-01", "list": [{"import": 187952, "export": 0, "id": "IN"}, {"import": 18252, "export": 0, "id": "PK"}, {"import": 46632, "export": 0, "id": "US"}, {"import": 314, "export": 0, "id": "IT"}, {"import": 615, "export": 0, "id": "GB"}, {"import": 0, "export": 0, "id": "BE"}, {"import": 1205, "export": 0, "id": "CA"}, {"import": 0, "export": 0, "id": "LK"}, {"import": 0, "export": 0, "id": "CN"}, {"import": 0, "export": 0, "id": "FR"}, {"import": 0, "export": 0, "id": "IR"}, {"import": 0, "export": 0, "id": "JP"}, {"import": 0, "export": 0, "id": "KR"}, {"import": 0, "export": 0, "id": "TW"}, {"import": 0, "export": 0, "id": "AR"}, {"import": 0, "export": 0, "id": "VN"}, {"import": 3489, "export": 0, "id": "TH"}, {"import": 0, "export": 0, "id": "TR"}], "world_import": 258459, "world_export": 0}, {"date": "2019-04-01", "list": [{"import": 228985, "export": 0, "id": "IN"}, {"import": 11068, "export": 0, "id": "PK"}, {"import": 7535, "export": 0, "id": "US"}, {"import": 208, "export": 0, "id": "IT"}, {"import": 0, "export": 0, "id": "GB"}, {"import": 0, "export": 0, "id": "BE"}, {"import": 0, "export": 0, "id": "CA"}, {"import": 0, "export": 0, "id": "LK"}, {"import": 0, "export": 0, "id": "CN"}, {"import": 0, "export": 0, "id": "FR"}, {"import": 0, "export": 0, "id": "IR"}, {"import": 0, "export": 0, "id": "JP"}, {"import": 176, "export": 0, "id": "KR"}, {"import": 0, "export": 0, "id": "TW"}, {"import": 0, "export": 0, "id": "AR"}, {"import": 0, "export": 0, "id": "VN"}, {"import": 0, "export": 0, "id": "TH"}, {"import": 0, "export": 0, "id": "TR"}], "world_import": 247972, "world_export": 0}, {"date": "2019-05-01", "list": [{"import": 196541, "export": 0, "id": "IN"}, {"import": 8288, "export": 0, "id": "PK"}, {"import": 16112, "export": 0, "id": "US"}, {"import": 0, "export": 0, "id": "IT"}, {"import": 322, "export": 0, "id": "GB"}, {"import": 0, "export": 0, "id": "BE"}, {"import": 0, "export": 0, "id": "CA"}, {"import": 0, "export": 0, "id": "LK"}, {"import": 0, "export": 0, "id": "CN"}, {"import": 0, "export": 0, "id": "FR"}, {"import": 0, "export": 0, "id": "IR"}, {"import": 0, "export": 0, "id": "JP"}, {"import": 0, "export": 0, "id": "KR"}, {"import": 0, "export": 0, "id": "TW"}, {"import": 0, "export": 0, "id": "AR"}, {"import": 0, "export": 0, "id": "VN"}, {"import": 0, "export": 0, "id": "TH"}, {"import": 0, "export": 0, "id": "TR"}], "world_import": 221263, "world_export": 0}, {"date": "2019-06-01", "list": [{"import": 131297, "export": 0, "id": "IN"}, {"import": 0, "export": 0, "id": "PK"}, {"import": 19149, "export": 0, "id": "US"}, {"import": 543, "export": 0, "id": "IT"}, {"import": 408, "export": 0, "id": "GB"}, {"import": 0, "export": 0, "id": "BE"}, {"import": 0, "export": 0, "id": "CA"}, {"import": 10146, "export": 0, "id": "LK"}, {"import": 0, "export": 0, "id": "CN"}, {"import": 0, "export": 0, "id": "FR"}, {"import": 0, "export": 0, "id": "IR"}, {"import": 0, "export": 0, "id": "JP"}, {"import": 0, "export": 0, "id": "KR"}, {"import": 0, "export": 0, "id": "TW"}, {"import": 0, "export": 0, "id": "AR"}, {"import": 0, "export": 0, "id": "VN"}, {"import": 245, "export": 0, "id": "TH"}, {"import": 0, "export": 0, "id": "TR"}], "world_import": 161788, "world_export": 0}, {"date": "2019-07-01", "list": [{"import": 133784, "export": 0, "id": "IN"}, {"import": 7, "export": 0, "id": "PK"}, {"import": 22910, "export": 0, "id": "US"}, {"import": 1995, "export": 0, "id": "IT"}, {"import": 830, "export": 0, "id": "GB"}, {"import": 0, "export": 0, "id": "BE"}, {"import": 0, "export": 0, "id": "CA"}, {"import": 12000, "export": 0, "id": "LK"}, {"import": 0, "export": 0, "id": "CN"}, {"import": 0, "export": 0, "id": "FR"}, {"import": 0, "export": 0, "id": "IR"}, {"import": 0, "export": 0, "id": "JP"}, {"import": 0, "export": 0, "id": "KR"}, {"import": 0, "export": 0, "id": "TW"}, {"import": 0, "export": 0, "id": "AR"}, {"import": 0, "export": 0, "id": "VN"}, {"import": 3, "export": 0, "id": "TH"}, {"import": 0, "export": 0, "id": "TR"}], "world_import": 171529, "world_export": 0}, {"date": "2019-08-01", "list": [{"import": 159022, "export": 0, "id": "IN"}, {"import": 0, "export": 0, "id": "PK"}, {"import": 17605, "export": 0, "id": "US"}, {"import": 12572, "export": 0, "id": "IT"}, {"import": 451, "export": 0, "id": "GB"}, {"import": 0, "export": 0, "id": "BE"}, {"import": 0, "export": 0, "id": "CA"}, {"import": 0, "export": 0, "id": "LK"}, {"import": 0, "export": 0, "id": "CN"}, {"import": 0, "export": 0, "id": "FR"}, {"import": 0, "export": 0, "id": "IR"}, {"import": 509, "export": 0, "id": "JP"}, {"import": 0, "export": 0, "id": "KR"}, {"import": 0, "export": 0, "id": "TW"}, {"import": 0, "export": 0, "id": "AR"}, {"import": 0, "export": 0, "id": "VN"}, {"import": 0, "export": 0, "id": "TH"}, {"import": 4010, "export": 0, "id": "TR"}], "world_import": 194169, "world_export": 0}, {"date": "2019-09-01", "list": [{"import": 253033, "export": 0, "id": "IN"}, {"import": 87130, "export": 0, "id": "PK"}, {"import": 23236, "export": 0, "id": "US"}, {"import": 150, "export": 0, "id": "IT"}, {"import": 0, "export": 0, "id": "GB"}, {"import": 221, "export": 0, "id": "BE"}, {"import": 0, "export": 0, "id": "CA"}, {"import": 0, "export": 0, "id": "LK"}, {"import": 325, "export": 0, "id": "CN"}, {"import": 0, "export": 0, "id": "FR"}, {"import": 0, "export": 0, "id": "IR"}, {"import": 0, "export": 0, "id": "JP"}, {"import": 0, "export": 0, "id": "KR"}, {"import": 0, "export": 0, "id": "TW"}, {"import": 0, "export": 0, "id": "AR"}, {"import": 0, "export": 0, "id": "VN"}, {"import": 49595, "export": 0, "id": "TH"}, {"import": 0, "export": 0, "id": "TR"}], "world_import": 413690, "world_export": 0}, {"date": "2019-10-01", "list": [{"import": 297186, "export": 0, "id": "IN"}, {"import": 4387, "export": 0, "id": "PK"}, {"import": 2061, "export": 0, "id": "US"}, {"import": 0, "export": 0, "id": "IT"}, {"import": 0, "export": 0, "id": "GB"}, {"import": 0, "export": 0, "id": "BE"}, {"import": 0, "export": 0, "id": "CA"}, {"import": 13444, "export": 0, "id": "LK"}, {"import": 0, "export": 0, "id": "CN"}, {"import": 0, "export": 0, "id": "FR"}, {"import": 0, "export": 0, "id": "IR"}, {"import": 0, "export": 0, "id": "JP"}, {"import": 0, "export": 0, "id": "KR"}, {"import": 0, "export": 0, "id": "TW"}, {"import": 5600, "export": 0, "id": "AR"}, {"import": 0, "export": 0, "id": "VN"}, {"import": 1856, "export": 0, "id": "TH"}, {"import": 605, "export": 0, "id": "TR"}], "world_import": 325139, "world_export": 0}, {"date": "12-01", "list": [{"import": 0, "export": 1, "id": "-"}], "world_import": 0, "world_export": 16}, {"date": "1-01", "list": [{"import": 0, "export": 2, "id": "-"}], "world_import": 0, "world_export": 9}, {"date": "2-01", "list": [{"import": 0, "export": 0, "id": "SO"}, {"import": 0, "export": 24340, "id": "YE"}, {"import": 0, "export": 0, "id": "IN"}, {"import": 0, "export": 0, "id": "TD"}, {"import": 0, "export": 53964, "id": "OM"}, {"import": 0, "export": 0, "id": "VN"}, {"import": 0, "export": 0, "id": "SA"}, {"import": 0, "export": 440, "id": "MV"}, {"import": 0, "export": 1975, "id": "SC"}, {"import": 0, "export": 0, "id": "IQ"}, {"import": 0, "export": 0, "id": "KE"}, {"import": 0, "export": 0, "id": "PK"}, {"import": 0, "export": 0, "id": "ZM"}, {"import": 0, "export": 0, "id": "TH"}, {"import": 0, "export": 0, "id": "TZ"}, {"import": 0, "export": 0, "id": "US"}, {"import": 0, "export": 2140, "id": "KW"}, {"import": 0, "export": 0, "id": "MR"}, {"import": 0, "export": 0, "id": "MA"}, {"import": 0, "export": 750, "id": "NG"}, {"import": 0, "export": 0, "id": "JO"}, {"import": 0, "export": 0, "id": "AF"}, {"import": 0, "export": 0, "id": "BH"}, {"import": 0, "export": 0, "id": "CD"}, {"import": 0, "export": 2, "id": "-"}], "world_import": 0, "world_export": 83611}, {"date": "Unnamed: 3-01", "list": [{"import": 0, "export": 0, "id": "SO"}, {"import": 0, "export": 11650, "id": "YE"}, {"import": 0, "export": 0, "id": "IN"}, {"import": 0, "export": 0, "id": "TD"}, {"import": 0, "export": 7622, "id": "OM"}, {"import": 0, "export": 0, "id": "VN"}, {"import": 0, "export": 0, "id": "SA"}, {"import": 0, "export": 350, "id": "MV"}, {"import": 0, "export": 0, "id": "SC"}, {"import": 0, "export": 0, "id": "IQ"}, {"import": 0, "export": 0, "id": "KE"}, {"import": 0, "export": 0, "id": "PK"}, {"import": 0, "export": 0, "id": "ZM"}, {"import": 0, "export": 0, "id": "TH"}, {"import": 0, "export": 0, "id": "TZ"}, {"import": 0, "export": 0, "id": "US"}, {"import": 0, "export": 1850, "id": "KW"}, {"import": 0, "export": 0, "id": "MR"}, {"import": 0, "export": 0, "id": "MA"}, {"import": 0, "export": 0, "id": "NG"}, {"import": 0, "export": 0, "id": "JO"}, {"import": 0, "export": 2155, "id": "AF"}, {"import": 0, "export": 1113, "id": "BH"}, {"import": 0, "export": 0, "id": "CD"}], "world_import": 0, "world_export": 24740}, {"date": "Unnamed: 4-01", "list": [{"import": 0, "export": 0, "id": "SO"}, {"import": 0, "export": 60000, "id": "YE"}, {"import": 0, "export": 0, "id": "IN"}, {"import": 0, "export": 0, "id": "TD"}, {"import": 0, "export": 1466, "id": "OM"}, {"import": 0, "export": 0, "id": "VN"}, {"import": 0, "export": 0, "id": "SA"}, {"import": 0, "export": 2000, "id": "MV"}, {"import": 0, "export": 0, "id": "SC"}, {"import": 0, "export": 0, "id": "IQ"}, {"import": 0, "export": 0, "id": "KE"}, {"import": 0, "export": 0, "id": "PK"}, {"import": 0, "export": 0, "id": "ZM"}, {"import": 0, "export": 0, "id": "TH"}, {"import": 0, "export": 0, "id": "TZ"}, {"import": 0, "export": 0, "id": "US"}, {"import": 0, "export": 0, "id": "KW"}, {"import": 0, "export": 0, "id": "MR"}, {"import": 0, "export": 0, "id": "MA"}, {"import": 0, "export": 0, "id": "NG"}, {"import": 0, "export": 0, "id": "JO"}, {"import": 0, "export": 0, "id": "AF"}, {"import": 0, "export": 0, "id": "BH"}, {"import": 0, "export": 0, "id": "CD"}], "world_import": 0, "world_export": 63466}, {"date": "Unnamed: 5-01", "list": [{"import": 0, "export": 0, "id": "SO"}, {"import": 0, "export": 12450, "id": "YE"}, {"import": 0, "export": 0, "id": "IN"}, {"import": 0, "export": 0, "id": "TD"}, {"import": 0, "export": 7580, "id": "OM"}, {"import": 0, "export": 0, "id": "VN"}, {"import": 0, "export": 355, "id": "SA"}, {"import": 0, "export": 2500, "id": "MV"}, {"import": 0, "export": 0, "id": "SC"}, {"import": 0, "export": 0, "id": "IQ"}, {"import": 0, "export": 0, "id": "KE"}, {"import": 0, "export": 0, "id": "PK"}, {"import": 0, "export": 0, "id": "ZM"}, {"import": 0, "export": 0, "id": "TH"}, {"import": 0, "export": 0, "id": "TZ"}, {"import": 0, "export": 0, "id": "US"}, {"import": 0, "export": 10518, "id": "KW"}, {"import": 0, "export": 0, "id": "MR"}, {"import": 0, "export": 0, "id": "MA"}, {"import": 0, "export": 0, "id": "NG"}, {"import": 0, "export": 0, "id": "JO"}, {"import": 0, "export": 0, "id": "AF"}, {"import": 0, "export": 0, "id": "BH"}, {"import": 0, "export": 0, "id": "CD"}], "world_import": 0, "world_export": 33403}, {"date": "Unnamed: 6-01", "list": [{"import": 0, "export": 0, "id": "SO"}, {"import": 0, "export": 4150, "id": "YE"}, {"import": 0, "export": 0, "id": "IN"}, {"import": 0, "export": 0, "id": "TD"}, {"import": 0, "export": 1825, "id": "OM"}, {"import": 0, "export": 0, "id": "VN"}, {"import": 0, "export": 300, "id": "SA"}, {"import": 0, "export": 900, "id": "MV"}, {"import": 0, "export": 0, "id": "SC"}, {"import": 0, "export": 0, "id": "IQ"}, {"import": 0, "export": 0, "id": "KE"}, {"import": 0, "export": 0, "id": "PK"}, {"import": 0, "export": 0, "id": "ZM"}, {"import": 0, "export": 0, "id": "TH"}, {"import": 0, "export": 0, "id": "TZ"}, {"import": 0, "export": 0, "id": "US"}, {"import": 0, "export": 0, "id": "KW"}, {"import": 0, "export": 0, "id": "MR"}, {"import": 0, "export": 0, "id": "MA"}, {"import": 0, "export": 0, "id": "NG"}, {"import": 0, "export": 0, "id": "JO"}, {"import": 0, "export": 0, "id": "AF"}, {"import": 0, "export": 0, "id": "BH"}, {"import": 0, "export": 0, "id": "CD"}], "world_import": 0, "world_export": 7175}, {"date": "Unnamed: 7-01", "list": [{"import": 0, "export": 0, "id": "SO"}, {"import": 0, "export": 8850, "id": "YE"}, {"import": 0, "export": 0, "id": "IN"}, {"import": 0, "export": 0, "id": "TD"}, {"import": 0, "export": 2270, "id": "OM"}, {"import": 0, "export": 0, "id": "VN"}, {"import": 0, "export": 1913, "id": "SA"}, {"import": 0, "export": 0, "id": "MV"}, {"import": 0, "export": 0, "id": "SC"}, {"import": 0, "export": 0, "id": "IQ"}, {"import": 0, "export": 0, "id": "KE"}, {"import": 0, "export": 0, "id": "PK"}, {"import": 0, "export": 0, "id": "ZM"}, {"import": 0, "export": 0, "id": "TH"}, {"import": 0, "export": 0, "id": "TZ"}, {"import": 0, "export": 0, "id": "US"}, {"import": 0, "export": 10500, "id": "KW"}, {"import": 0, "export": 0, "id": "MR"}, {"import": 0, "export": 0, "id": "MA"}, {"import": 0, "export": 0, "id": "NG"}, {"import": 0, "export": 0, "id": "JO"}, {"import": 0, "export": 0, "id": "AF"}, {"import": 0, "export": 0, "id": "BH"}, {"import": 0, "export": 0, "id": "CD"}], "world_import": 0, "world_export": 23533}, {"date": "Unnamed: 8-01", "list": [{"import": 0, "export": 0, "id": "SO"}, {"import": 0, "export": 7800, "id": "YE"}, {"import": 0, "export": 0, "id": "IN"}, {"import": 0, "export": 0, "id": "TD"}, {"import": 0, "export": 1120, "id": "OM"}, {"import": 0, "export": 0, "id": "VN"}, {"import": 0, "export": 0, "id": "SA"}, {"import": 0, "export": 350, "id": "MV"}, {"import": 0, "export": 0, "id": "SC"}, {"import": 0, "export": 0, "id": "IQ"}, {"import": 0, "export": 0, "id": "KE"}, {"import": 0, "export": 0, "id": "PK"}, {"import": 0, "export": 0, "id": "ZM"}, {"import": 0, "export": 0, "id": "TH"}, {"import": 0, "export": 0, "id": "TZ"}, {"import": 0, "export": 0, "id": "US"}, {"import": 0, "export": 2000, "id": "KW"}, {"import": 0, "export": 0, "id": "MR"}, {"import": 0, "export": 0, "id": "MA"}, {"import": 0, "export": 0, "id": "NG"}, {"import": 0, "export": 40000, "id": "JO"}, {"import": 0, "export": 0, "id": "AF"}, {"import": 0, "export": 600, "id": "BH"}, {"import": 0, "export": 0, "id": "CD"}], "world_import": 0, "world_export": 51870}, {"date": "Unnamed: 9-01", "list": [{"import": 0, "export": 0, "id": "SO"}, {"import": 0, "export": 6900, "id": "YE"}, {"import": 0, "export": 0, "id": "IN"}, {"import": 0, "export": 0, "id": "TD"}, {"import": 0, "export": 16970, "id": "OM"}, {"import": 0, "export": 0, "id": "VN"}, {"import": 0, "export": 50, "id": "SA"}, {"import": 0, "export": 970, "id": "MV"}, {"import": 0, "export": 0, "id": "SC"}, {"import": 0, "export": 0, "id": "IQ"}, {"import": 0, "export": 0, "id": "KE"}, {"import": 0, "export": 238, "id": "PK"}, {"import": 0, "export": 0, "id": "ZM"}, {"import": 0, "export": 0, "id": "TH"}, {"import": 0, "export": 0, "id": "TZ"}, {"import": 0, "export": 0, "id": "US"}, {"import": 0, "export": 0, "id": "KW"}, {"import": 0, "export": 0, "id": "MR"}, {"import": 0, "export": 0, "id": "MA"}, {"import": 0, "export": 0, "id": "NG"}, {"import": 0, "export": 6720, "id": "JO"}, {"import": 0, "export": 912, "id": "AF"}, {"import": 0, "export": 0, "id": "BH"}, {"import": 0, "export": 0, "id": "CD"}], "world_import": 0, "world_export": 32760}, {"date": "Unnamed: 10-01", "list": [{"import": 0, "export": 0, "id": "SO"}, {"import": 0, "export": 6100, "id": "YE"}, {"import": 0, "export": 480, "id": "IN"}, {"import": 0, "export": 0, "id": "TD"}, {"import": 0, "export": 1600, "id": "OM"}, {"import": 0, "export": 0, "id": "VN"}, {"import": 0, "export": 2035, "id": "SA"}, {"import": 0, "export": 0, "id": "MV"}, {"import": 0, "export": 0, "id": "SC"}, {"import": 0, "export": 288, "id": "IQ"}, {"import": 0, "export": 0, "id": "KE"}, {"import": 0, "export": 0, "id": "PK"}, {"import": 0, "export": 0, "id": "ZM"}, {"import": 0, "export": 750, "id": "TH"}, {"import": 0, "export": 0, "id": "TZ"}, {"import": 0, "export": 0, "id": "US"}, {"import": 0, "export": 0, "id": "KW"}, {"import": 0, "export": 4000, "id": "MR"}, {"import": 0, "export": 0, "id": "MA"}, {"import": 0, "export": 1000, "id": "NG"}, {"import": 0, "export": 0, "id": "JO"}, {"import": 0, "export": 0, "id": "AF"}, {"import": 0, "export": 0, "id": "BH"}, {"import": 0, "export": 0, "id": "CD"}], "world_import": 0, "world_export": 16253}, {"date": "Unnamed: 11-01", "list": [{"import": 0, "export": 0, "id": "SO"}, {"import": 0, "export": 12550, "id": "YE"}, {"import": 0, "export": 1800, "id": "IN"}, {"import": 0, "export": 0, "id": "TD"}, {"import": 0, "export": 41618, "id": "OM"}, {"import": 0, "export": 0, "id": "VN"}, {"import": 0, "export": 863, "id": "SA"}, {"import": 0, "export": 0, "id": "MV"}, {"import": 0, "export": 0, "id": "SC"}, {"import": 0, "export": 0, "id": "IQ"}, {"import": 0, "export": 0, "id": "KE"}, {"import": 0, "export": 0, "id": "PK"}, {"import": 0, "export": 0, "id": "ZM"}, {"import": 0, "export": 0, "id": "TH"}, {"import": 0, "export": 0, "id": "TZ"}, {"import": 0, "export": 550, "id": "US"}, {"import": 0, "export": 7056, "id": "KW"}, {"import": 0, "export": 0, "id": "MR"}, {"import": 0, "export": 0, "id": "MA"}, {"import": 0, "export": 0, "id": "NG"}, {"import": 0, "export": 0, "id": "JO"}, {"import": 0, "export": 0, "id": "AF"}, {"import": 0, "export": 382, "id": "BH"}, {"import": 0, "export": 0, "id": "CD"}], "world_import": 0, "world_export": 64819}, {"date": "Unnamed: 12-01", "list": [{"import": 0, "export": 0, "id": "SO"}, {"import": 0, "export": 11100, "id": "YE"}, {"import": 0, "export": 0, "id": "IN"}, {"import": 0, "export": 0, "id": "TD"}, {"import": 0, "export": 38310, "id": "OM"}, {"import": 0, "export": 0, "id": "VN"}, {"import": 0, "export": 1500, "id": "SA"}, {"import": 0, "export": 0, "id": "MV"}, {"import": 0, "export": 0, "id": "SC"}, {"import": 0, "export": 2643, "id": "IQ"}, {"import": 0, "export": 0, "id": "KE"}, {"import": 0, "export": 3788, "id": "PK"}, {"import": 0, "export": 0, "id": "ZM"}, {"import": 0, "export": 1000, "id": "TH"}, {"import": 0, "export": 0, "id": "TZ"}, {"import": 0, "export": 0, "id": "US"}, {"import": 0, "export": 0, "id": "KW"}, {"import": 0, "export": 0, "id": "MR"}, {"import": 0, "export": 37000, "id": "MA"}, {"import": 0, "export": 14700, "id": "NG"}, {"import": 0, "export": 0, "id": "JO"}, {"import": 0, "export": 5262, "id": "AF"}, {"import": 0, "export": 0, "id": "BH"}, {"import": 0, "export": 0, "id": "CD"}], "world_import": 0, "world_export": 115303}, {"date": "Unnamed: 13-01", "list": [{"import": 0, "export": 0, "id": "SO"}, {"import": 0, "export": 27660, "id": "YE"}, {"import": 0, "export": 90, "id": "IN"}, {"import": 0, "export": 0, "id": "TD"}, {"import": 0, "export": 0, "id": "OM"}, {"import": 0, "export": 0, "id": "VN"}, {"import": 0, "export": 1245, "id": "SA"}, {"import": 0, "export": 0, "id": "MV"}, {"import": 0, "export": 1175, "id": "SC"}, {"import": 0, "export": 0, "id": "IQ"}, {"import": 0, "export": 661, "id": "KE"}, {"import": 0, "export": 0, "id": "PK"}, {"import": 0, "export": 0, "id": "ZM"}, {"import": 0, "export": 0, "id": "TH"}, {"import": 0, "export": 0, "id": "TZ"}, {"import": 0, "export": 0, "id": "US"}, {"import": 0, "export": 2340, "id": "KW"}, {"import": 0, "export": 0, "id": "MR"}, {"import": 0, "export": 2200, "id": "MA"}, {"import": 0, "export": 0, "id": "NG"}, {"import": 0, "export": 0, "id": "JO"}, {"import": 0, "export": 0, "id": "AF"}, {"import": 0, "export": 2176, "id": "BH"}, {"import": 0, "export": 0, "id": "CD"}], "world_import": 0, "world_export": 37547}, {"date": "Unnamed: 14-01", "list": [{"import": 0, "export": 0, "id": "SO"}, {"import": 0, "export": 23800, "id": "YE"}, {"import": 0, "export": 20, "id": "IN"}, {"import": 0, "export": 0, "id": "TD"}, {"import": 0, "export": 21783, "id": "OM"}, {"import": 0, "export": 0, "id": "VN"}, {"import": 0, "export": 2808, "id": "SA"}, {"import": 0, "export": 0, "id": "MV"}, {"import": 0, "export": 0, "id": "SC"}, {"import": 0, "export": 0, "id": "IQ"}, {"import": 0, "export": 454, "id": "KE"}, {"import": 0, "export": 1100, "id": "PK"}, {"import": 0, "export": 3522, "id": "ZM"}, {"import": 0, "export": 0, "id": "TH"}, {"import": 0, "export": 0, "id": "TZ"}, {"import": 0, "export": 0, "id": "US"}, {"import": 0, "export": 10500, "id": "KW"}, {"import": 0, "export": 0, "id": "MR"}, {"import": 0, "export": 0, "id": "MA"}, {"import": 0, "export": 0, "id": "NG"}, {"import": 0, "export": 206080, "id": "JO"}, {"import": 0, "export": 0, "id": "AF"}, {"import": 0, "export": 792, "id": "BH"}, {"import": 0, "export": 0, "id": "CD"}], "world_import": 0, "world_export": 270859}, {"date": "Unnamed: 15-01", "list": [{"import": 0, "export": 0, "id": "SO"}, {"import": 0, "export": 4900, "id": "YE"}, {"import": 0, "export": 180, "id": "IN"}, {"import": 0, "export": 0, "id": "TD"}, {"import": 0, "export": 375, "id": "OM"}, {"import": 0, "export": 0, "id": "VN"}, {"import": 0, "export": 2075, "id": "SA"}, {"import": 0, "export": 0, "id": "MV"}, {"import": 0, "export": 363, "id": "SC"}, {"import": 0, "export": 151, "id": "IQ"}, {"import": 0, "export": 1763, "id": "KE"}, {"import": 0, "export": 1160, "id": "PK"}, {"import": 0, "export": 0, "id": "ZM"}, {"import": 0, "export": 0, "id": "TH"}, {"import": 0, "export": 0, "id": "TZ"}, {"import": 0, "export": 0, "id": "US"}, {"import": 0, "export": 0, "id": "KW"}, {"import": 0, "export": 0, "id": "MR"}, {"import": 0, "export": 0, "id": "MA"}, {"import": 0, "export": 540, "id": "NG"}, {"import": 0, "export": 0, "id": "JO"}, {"import": 0, "export": 0, "id": "AF"}, {"import": 0, "export": 0, "id": "BH"}, {"import": 0, "export": 0, "id": "CD"}], "world_import": 0, "world_export": 11507}, {"date": "Unnamed: 16-01", "list": [{"import": 0, "export": 0, "id": "SO"}, {"import": 0, "export": 18730, "id": "YE"}, {"import": 0, "export": 4435, "id": "IN"}, {"import": 0, "export": 0, "id": "TD"}, {"import": 0, "export": 10349, "id": "OM"}, {"import": 0, "export": 2900, "id": "VN"}, {"import": 0, "export": 300, "id": "SA"}, {"import": 0, "export": 0, "id": "MV"}, {"import": 0, "export": 0, "id": "SC"}, {"import": 0, "export": 263, "id": "IQ"}, {"import": 0, "export": 275, "id": "KE"}, {"import": 0, "export": 5421, "id": "PK"}, {"import": 0, "export": 0, "id": "ZM"}, {"import": 0, "export": 400, "id": "TH"}, {"import": 0, "export": 0, "id": "TZ"}, {"import": 0, "export": 0, "id": "US"}, {"import": 0, "export": 0, "id": "KW"}, {"import": 0, "export": 6000, "id": "MR"}, {"import": 0, "export": 0, "id": "MA"}, {"import": 0, "export": 0, "id": "NG"}, {"import": 0, "export": 0, "id": "JO"}, {"import": 0, "export": 0, "id": "AF"}, {"import": 0, "export": 0, "id": "BH"}, {"import": 0, "export": 0, "id": "CD"}], "world_import": 0, "world_export": 49073}, {"date": "Unnamed: 17-01", "list": [{"import": 0, "export": 0, "id": "SO"}, {"import": 0, "export": 6820, "id": "YE"}, {"import": 0, "export": 1500, "id": "IN"}, {"import": 0, "export": 0, "id": "TD"}, {"import": 0, "export": 123, "id": "OM"}, {"import": 0, "export": 6300, "id": "VN"}, {"import": 0, "export": 1213, "id": "SA"}, {"import": 0, "export": 0, "id": "MV"}, {"import": 0, "export": 0, "id": "SC"}, {"import": 0, "export": 188, "id": "IQ"}, {"import": 0, "export": 404, "id": "KE"}, {"import": 0, "export": 0, "id": "PK"}, {"import": 0, "export": 0, "id": "ZM"}, {"import": 0, "export": 0, "id": "TH"}, {"import": 0, "export": 990, "id": "TZ"}, {"import": 0, "export": 0, "id": "US"}, {"import": 0, "export": 0, "id": "KW"}, {"import": 0, "export": 0, "id": "MR"}, {"import": 0, "export": 0, "id": "MA"}, {"import": 0, "export": 0, "id": "NG"}, {"import": 0, "export": 0, "id": "JO"}, {"import": 0, "export": 0, "id": "AF"}, {"import": 0, "export": 0, "id": "BH"}, {"import": 0, "export": 1000, "id": "CD"}], "world_import": 0, "world_export": 18538}, {"date": "Unnamed: 18-01", "list": [{"import": 0, "export": 0, "id": "SO"}, {"import": 0, "export": 5440, "id": "YE"}, {"import": 0, "export": 0, "id": "IN"}, {"import": 0, "export": 0, "id": "TD"}, {"import": 0, "export": 2000, "id": "OM"}, {"import": 0, "export": 2660, "id": "VN"}, {"import": 0, "export": 23315, "id": "SA"}, {"import": 0, "export": 0, "id": "MV"}, {"import": 0, "export": 450, "id": "SC"}, {"import": 0, "export": 620, "id": "IQ"}, {"import": 0, "export": 133, "id": "KE"}, {"import": 0, "export": 2658, "id": "PK"}, {"import": 0, "export": 0, "id": "ZM"}, {"import": 0, "export": 0, "id": "TH"}, {"import": 0, "export": 0, "id": "TZ"}, {"import": 0, "export": 0, "id": "US"}, {"import": 0, "export": 362, "id": "KW"}, {"import": 0, "export": 0, "id": "MR"}, {"import": 0, "export": 0, "id": "MA"}, {"import": 0, "export": 0, "id": "NG"}, {"import": 0, "export": 0, "id": "JO"}, {"import": 0, "export": 406, "id": "AF"}, {"import": 0, "export": 0, "id": "BH"}, {"import": 0, "export": 0, "id": "CD"}], "world_import": 0, "world_export": 38044}, {"date": "Unnamed: 19-01", "list": [{"import": 0, "export": 0, "id": "SO"}, {"import": 0, "export": 10250, "id": "YE"}, {"import": 0, "export": 5000, "id": "IN"}, {"import": 0, "export": 0, "id": "TD"}, {"import": 0, "export": 2403, "id": "OM"}, {"import": 0, "export": 2275, "id": "VN"}, {"import": 0, "export": 164, "id": "SA"}, {"import": 0, "export": 0, "id": "MV"}, {"import": 0, "export": 0, "id": "SC"}, {"import": 0, "export": 214, "id": "IQ"}, {"import": 0, "export": 209, "id": "KE"}, {"import": 0, "export": 468, "id": "PK"}, {"import": 0, "export": 0, "id": "ZM"}, {"import": 0, "export": 0, "id": "TH"}, {"import": 0, "export": 315, "id": "TZ"}, {"import": 0, "export": 0, "id": "US"}, {"import": 0, "export": 0, "id": "KW"}, {"import": 0, "export": 0, "id": "MR"}, {"import": 0, "export": 0, "id": "MA"}, {"import": 0, "export": 0, "id": "NG"}, {"import": 0, "export": 0, "id": "JO"}, {"import": 0, "export": 0, "id": "AF"}, {"import": 0, "export": 0, "id": "BH"}, {"import": 0, "export": 0, "id": "CD"}], "world_import": 0, "world_export": 21298}, {"date": "Unnamed: 20-01", "list": [{"import": 0, "export": 0, "id": "SO"}, {"import": 0, "export": 9150, "id": "YE"}, {"import": 0, "export": 900, "id": "IN"}, {"import": 0, "export": 0, "id": "TD"}, {"import": 0, "export": 32797, "id": "OM"}, {"import": 0, "export": 0, "id": "VN"}, {"import": 0, "export": 4055, "id": "SA"}, {"import": 0, "export": 2280, "id": "MV"}, {"import": 0, "export": 0, "id": "SC"}, {"import": 0, "export": 0, "id": "IQ"}, {"import": 0, "export": 24316, "id": "KE"}, {"import": 0, "export": 362, "id": "PK"}, {"import": 0, "export": 0, "id": "ZM"}, {"import": 0, "export": 0, "id": "TH"}, {"import": 0, "export": 0, "id": "TZ"}, {"import": 0, "export": 0, "id": "US"}, {"import": 0, "export": 0, "id": "KW"}, {"import": 0, "export": 0, "id": "MR"}, {"import": 0, "export": 0, "id": "MA"}, {"import": 0, "export": 0, "id": "NG"}, {"import": 0, "export": 0, "id": "JO"}, {"import": 0, "export": 0, "id": "AF"}, {"import": 0, "export": 2300, "id": "BH"}, {"import": 0, "export": 0, "id": "CD"}], "world_import": 0, "world_export": 76160}, {"date": "Unnamed: 21-01", "list": [{"import": 0, "export": 54173, "id": "SO"}, {"import": 0, "export": 14400, "id": "YE"}, {"import": 0, "export": 5096, "id": "IN"}, {"import": 0, "export": 3290, "id": "TD"}, {"import": 0, "export": 2378, "id": "OM"}, {"import": 0, "export": 1400, "id": "VN"}, {"import": 0, "export": 684, "id": "SA"}, {"import": 0, "export": 567, "id": "MV"}, {"import": 0, "export": 525, "id": "SC"}, {"import": 0, "export": 438, "id": "IQ"}, {"import": 0, "export": 381, "id": "KE"}, {"import": 0, "export": 164, "id": "PK"}, {"import": 0, "export": 0, "id": "ZM"}, {"import": 0, "export": 0, "id": "TH"}, {"import": 0, "export": 0, "id": "TZ"}, {"import": 0, "export": 0, "id": "US"}, {"import": 0, "export": 0, "id": "KW"}, {"import": 0, "export": 0, "id": "MR"}, {"import": 0, "export": 0, "id": "MA"}, {"import": 0, "export": 0, "id": "NG"}, {"import": 0, "export": 0, "id": "JO"}, {"import": 0, "export": 0, "id": "AF"}, {"import": 0, "export": 0, "id": "BH"}, {"import": 0, "export": 0, "id": "CD"}], "world_import": 0, "world_export": 83496}]