[{"date": "2017-02-01", "list": [{"import": 0, "export": 0, "id": "PK"}, {"import": 0, "export": 0, "id": "BI"}], "world_import": 0, "world_export": 0}, {"date": "2017-03-01", "list": [{"import": 2988000, "export": 0, "id": "PK"}, {"import": 0, "export": 0, "id": "BI"}], "world_import": 2988000, "world_export": 0}, {"date": "2017-04-01", "list": [{"import": 8736000, "export": 0, "id": "PK"}, {"import": 0, "export": 0, "id": "BI"}], "world_import": 8736000, "world_export": 0}, {"date": "2017-05-01", "list": [{"import": 11312050, "export": 0, "id": "PK"}, {"import": 0, "export": 0, "id": "BI"}], "world_import": 11312050, "world_export": 0}, {"date": "2017-06-01", "list": [{"import": 13892916, "export": 0, "id": "PK"}, {"import": 0, "export": 30000, "id": "BI"}], "world_import": 13892916, "world_export": 30000}, {"date": "2017-07-01", "list": [{"import": 21113272, "export": 0, "id": "PK"}, {"import": 0, "export": 130000, "id": "BI"}], "world_import": 21113272, "world_export": 130000}, {"date": "2017-08-01", "list": [{"import": 6721030, "export": 0, "id": "PK"}, {"import": 0, "export": 0, "id": "BI"}], "world_import": 6721030, "world_export": 0}, {"date": "2017-09-01", "list": [{"import": 24221393, "export": 0, "id": "PK"}, {"import": 0, "export": 0, "id": "BI"}], "world_import": 24221393, "world_export": 0}, {"date": "2017-10-01", "list": [{"import": 8848552, "export": 0, "id": "PK"}, {"import": 0, "export": 0, "id": "BI"}], "world_import": 8848552, "world_export": 0}, {"date": "2017-11-01", "list": [{"import": 5520473, "export": 0, "id": "PK"}, {"import": 0, "export": 0, "id": "BI"}], "world_import": 5520473, "world_export": 0}, {"date": "2017-12-01", "list": [{"import": 440820, "export": 0, "id": "PK"}, {"import": 0, "export": 0, "id": "BI"}], "world_import": 440820, "world_export": 0}, {"date": "2018-01-01", "list": [{"import": 202830, "export": 0, "id": "PK"}, {"import": 0, "export": 0, "id": "BI"}], "world_import": 202830, "world_export": 0}, {"date": "2018-02-01", "list": [{"import": 78000, "export": 0, "id": "PK"}, {"import": 0, "export": 0, "id": "BI"}], "world_import": 78000, "world_export": 0}, {"date": "2018-03-01", "list": [{"import": 0, "export": 0, "id": "PK"}, {"import": 0, "export": 0, "id": "BI"}], "world_import": 0, "world_export": 0}, {"date": "2018-04-01", "list": [{"import": 130000, "export": 0, "id": "PK"}, {"import": 0, "export": 0, "id": "BI"}], "world_import": 130000, "world_export": 0}, {"date": "2018-05-01", "list": [{"import": 260000, "export": 0, "id": "PK"}, {"import": 0, "export": 0, "id": "BI"}], "world_import": 260000, "world_export": 0}, {"date": "2018-06-01", "list": [{"import": 0, "export": 0, "id": "PK"}, {"import": 0, "export": 0, "id": "BI"}], "world_import": 0, "world_export": 0}, {"date": "2018-07-01", "list": [{"import": 1404000, "export": 0, "id": "PK"}, {"import": 0, "export": 0, "id": "BI"}], "world_import": 1404000, "world_export": 0}]