[{"date": "2018-10-01", "list": [{"import": 497273, "export": 0, "id": "IT"}, {"import": 80479, "export": 0, "id": "ES"}, {"import": 17370, "export": 8044, "id": "BE"}, {"import": 2423, "export": 163390, "id": "DE"}, {"import": 582, "export": 231, "id": "PL"}, {"import": 204, "export": 1, "id": "PT"}, {"import": 0, "export": 0, "id": "GB"}, {"import": 0, "export": 272, "id": "-"}, {"import": 0, "export": 0, "id": "FI"}, {"import": 0, "export": 0, "id": "RO"}, {"import": 0, "export": 0, "id": "LV"}, {"import": 10, "export": 645, "id": "FR"}, {"import": 24, "export": 13, "id": "HR"}, {"import": 221, "export": 427, "id": "HU"}, {"import": 0, "export": 0, "id": "DK"}, {"import": 0, "export": 0, "id": "SI"}, {"import": 1424, "export": 2327, "id": "AT"}, {"import": 23, "export": 893, "id": "EE"}, {"import": 0, "export": 0, "id": "BG"}, {"import": 0, "export": 0, "id": "KH"}, {"import": 0, "export": 0, "id": "GR"}, {"import": 0, "export": 0, "id": "LT"}, {"import": 0, "export": 0, "id": "LU"}, {"import": 0, "export": 0, "id": "MT"}, {"import": 0, "export": 0, "id": "TW"}, {"import": 0, "export": 0, "id": "PY"}, {"import": 0, "export": 0, "id": "VN"}, {"import": 0, "export": 0, "id": "SR"}, {"import": 0, "export": 0, "id": "SE"}, {"import": 0, "export": 0, "id": "CH"}, {"import": 0, "export": 0, "id": "TR"}, {"import": 0, "export": 0, "id": "CY"}, {"import": 0, "export": 975, "id": "AW"}, {"import": 0, "export": 0, "id": "NO"}], "world_import": 600033, "world_export": 177218}, {"date": "2018-11-01", "list": [{"import": 813887, "export": 5, "id": "IT"}, {"import": 53160, "export": 37, "id": "ES"}, {"import": 15444, "export": 4670, "id": "BE"}, {"import": 1703, "export": 126141, "id": "DE"}, {"import": 206, "export": 207, "id": "PL"}, {"import": 115, "export": 2, "id": "PT"}, {"import": 14392, "export": 21027, "id": "GB"}, {"import": 306, "export": 0, "id": "-"}, {"import": 72, "export": 2, "id": "FI"}, {"import": 262, "export": 3, "id": "RO"}, {"import": 0, "export": 0, "id": "LV"}, {"import": 8, "export": 139, "id": "FR"}, {"import": 27, "export": 30, "id": "HR"}, {"import": 4, "export": 31, "id": "HU"}, {"import": 0, "export": 0, "id": "DK"}, {"import": 20, "export": 177, "id": "SI"}, {"import": 257, "export": 65, "id": "AT"}, {"import": 21, "export": 1942, "id": "EE"}, {"import": 0, "export": 0, "id": "BG"}, {"import": 0, "export": 0, "id": "KH"}, {"import": 1, "export": 1, "id": "GR"}, {"import": 25, "export": 1, "id": "LT"}, {"import": 235, "export": 2, "id": "LU"}, {"import": 0, "export": 0, "id": "MT"}, {"import": 225, "export": 0, "id": "TW"}, {"import": 0, "export": 0, "id": "PY"}, {"import": 0, "export": 0, "id": "VN"}, {"import": 0, "export": 400, "id": "SR"}, {"import": 72, "export": 1, "id": "SE"}, {"import": 0, "export": 0, "id": "CH"}, {"import": 0, "export": 0, "id": "TR"}, {"import": 0, "export": 0, "id": "CY"}, {"import": 0, "export": 1033, "id": "AW"}, {"import": 0, "export": 0, "id": "NO"}], "world_import": 900442, "world_export": 155917}, {"date": "2018-12-01", "list": [{"import": 8395, "export": 1080, "id": "IT"}, {"import": 77597, "export": 937, "id": "ES"}, {"import": 13528, "export": 16664, "id": "BE"}, {"import": 2374, "export": 81810, "id": "DE"}, {"import": 321, "export": 1, "id": "PL"}, {"import": 289, "export": 2, "id": "PT"}, {"import": 5631, "export": 11, "id": "GB"}, {"import": 264, "export": 282, "id": "-"}, {"import": 36, "export": 1758, "id": "FI"}, {"import": 95, "export": 14145, "id": "RO"}, {"import": 0, "export": 0, "id": "LV"}, {"import": 6438, "export": 36, "id": "FR"}, {"import": 5, "export": 46, "id": "HR"}, {"import": 0, "export": 13671, "id": "HU"}, {"import": 5, "export": 332, "id": "DK"}, {"import": 2, "export": 106, "id": "SI"}, {"import": 1025, "export": 681, "id": "AT"}, {"import": 7, "export": 10344, "id": "EE"}, {"import": 0, "export": 2034, "id": "BG"}, {"import": 0, "export": 0, "id": "KH"}, {"import": 1, "export": 6148, "id": "GR"}, {"import": 0, "export": 0, "id": "LT"}, {"import": 7, "export": 2, "id": "LU"}, {"import": 0, "export": 0, "id": "MT"}, {"import": 0, "export": 0, "id": "TW"}, {"import": 0, "export": 0, "id": "PY"}, {"import": 0, "export": 0, "id": "VN"}, {"import": 0, "export": 0, "id": "SR"}, {"import": 118, "export": 12238, "id": "SE"}, {"import": 0, "export": 0, "id": "CH"}, {"import": 0, "export": 0, "id": "TR"}, {"import": 0, "export": 0, "id": "CY"}, {"import": 0, "export": 944, "id": "AW"}, {"import": 0, "export": 0, "id": "NO"}], "world_import": 116138, "world_export": 173745}, {"date": "2019-01-01", "list": [{"import": 5674, "export": 2, "id": "IT"}, {"import": 80617, "export": 108, "id": "ES"}, {"import": 29694, "export": 26631, "id": "BE"}, {"import": 2424, "export": 50821, "id": "DE"}, {"import": 363, "export": 62, "id": "PL"}, {"import": 167, "export": 2, "id": "PT"}, {"import": 13551, "export": 8, "id": "GB"}, {"import": 125, "export": 318, "id": "-"}, {"import": 11, "export": 18, "id": "FI"}, {"import": 150, "export": 2, "id": "RO"}, {"import": 0, "export": 0, "id": "LV"}, {"import": 36, "export": 3529, "id": "FR"}, {"import": 13, "export": 2, "id": "HR"}, {"import": 0, "export": 0, "id": "HU"}, {"import": 112, "export": 29, "id": "DK"}, {"import": 2, "export": 48, "id": "SI"}, {"import": 1109, "export": 42, "id": "AT"}, {"import": 0, "export": 0, "id": "EE"}, {"import": 0, "export": 0, "id": "BG"}, {"import": 0, "export": 0, "id": "KH"}, {"import": 2, "export": 2, "id": "GR"}, {"import": 0, "export": 0, "id": "LT"}, {"import": 2, "export": 1, "id": "LU"}, {"import": 0, "export": 0, "id": "MT"}, {"import": 0, "export": 0, "id": "TW"}, {"import": 0, "export": 0, "id": "PY"}, {"import": 9020, "export": 0, "id": "VN"}, {"import": 0, "export": 0, "id": "SR"}, {"import": 99, "export": 427, "id": "SE"}, {"import": 0, "export": 0, "id": "CH"}, {"import": 0, "export": 0, "id": "TR"}, {"import": 0, "export": 0, "id": "CY"}, {"import": 0, "export": 916, "id": "AW"}, {"import": 0, "export": 0, "id": "NO"}], "world_import": 143171, "world_export": 82970}, {"date": "2019-02-01", "list": [{"import": 509341, "export": 1, "id": "IT"}, {"import": 117924, "export": 6, "id": "ES"}, {"import": 5515, "export": 3895, "id": "BE"}, {"import": 0, "export": 39224, "id": "DE"}, {"import": 228, "export": 5, "id": "PL"}, {"import": 284, "export": 2, "id": "PT"}, {"import": 6526, "export": 7, "id": "GB"}, {"import": 167, "export": 525, "id": "-"}, {"import": 0, "export": 0, "id": "FI"}, {"import": 329, "export": 1, "id": "RO"}, {"import": 46, "export": 1, "id": "LV"}, {"import": 39, "export": 124, "id": "FR"}, {"import": 12, "export": 43, "id": "HR"}, {"import": 23, "export": 10757, "id": "HU"}, {"import": 111, "export": 1, "id": "DK"}, {"import": 91, "export": 113, "id": "SI"}, {"import": 605, "export": 42, "id": "AT"}, {"import": 0, "export": 0, "id": "EE"}, {"import": 0, "export": 0, "id": "BG"}, {"import": 0, "export": 0, "id": "KH"}, {"import": 1, "export": 1170, "id": "GR"}, {"import": 251, "export": 94, "id": "LT"}, {"import": 8, "export": 1, "id": "LU"}, {"import": 0, "export": 0, "id": "MT"}, {"import": 0, "export": 0, "id": "TW"}, {"import": 0, "export": 0, "id": "PY"}, {"import": 0, "export": 0, "id": "VN"}, {"import": 0, "export": 0, "id": "SR"}, {"import": 115, "export": 28116, "id": "SE"}, {"import": 0, "export": 0, "id": "CH"}, {"import": 0, "export": 0, "id": "TR"}, {"import": 0, "export": 38480, "id": "CY"}, {"import": 0, "export": 704, "id": "AW"}, {"import": 0, "export": 0, "id": "NO"}], "world_import": 641616, "world_export": 123313}, {"date": "2019-03-01", "list": [{"import": 109247, "export": 0, "id": "IT"}, {"import": 108407, "export": 0, "id": "ES"}, {"import": 34883, "export": 8297, "id": "BE"}, {"import": 3462, "export": 46970, "id": "DE"}, {"import": 687, "export": 0, "id": "PL"}, {"import": 413, "export": 1, "id": "PT"}, {"import": 1368, "export": 10515, "id": "GB"}, {"import": 0, "export": 990, "id": "-"}, {"import": 0, "export": 0, "id": "FI"}, {"import": 277, "export": 36509, "id": "RO"}, {"import": 0, "export": 0, "id": "LV"}, {"import": 71, "export": 104, "id": "FR"}, {"import": 26, "export": 35, "id": "HR"}, {"import": 0, "export": 0, "id": "HU"}, {"import": 0, "export": 0, "id": "DK"}, {"import": 29, "export": 107, "id": "SI"}, {"import": 1901, "export": 2327, "id": "AT"}, {"import": 1, "export": 2197, "id": "EE"}, {"import": 0, "export": 0, "id": "BG"}, {"import": 0, "export": 0, "id": "KH"}, {"import": 1, "export": 15722, "id": "GR"}, {"import": 0, "export": 0, "id": "LT"}, {"import": 0, "export": 0, "id": "LU"}, {"import": 0, "export": 0, "id": "MT"}, {"import": 0, "export": 0, "id": "TW"}, {"import": 0, "export": 0, "id": "PY"}, {"import": 0, "export": 0, "id": "VN"}, {"import": 25001, "export": 170, "id": "SR"}, {"import": 0, "export": 0, "id": "SE"}, {"import": 0, "export": 0, "id": "CH"}, {"import": 0, "export": 0, "id": "TR"}, {"import": 0, "export": 0, "id": "CY"}, {"import": 0, "export": 275, "id": "AW"}, {"import": 0, "export": 0, "id": "NO"}], "world_import": 285774, "world_export": 124219}, {"date": "2019-04-01", "list": [{"import": 535175, "export": 0, "id": "IT"}, {"import": 110837, "export": 0, "id": "ES"}, {"import": 14864, "export": 12341, "id": "BE"}, {"import": 0, "export": 44044, "id": "DE"}, {"import": 901, "export": 0, "id": "PL"}, {"import": 0, "export": 0, "id": "PT"}, {"import": 736, "export": 0, "id": "GB"}, {"import": 0, "export": 0, "id": "-"}, {"import": 0, "export": 0, "id": "FI"}, {"import": 238, "export": 1, "id": "RO"}, {"import": 0, "export": 0, "id": "LV"}, {"import": 36, "export": 42, "id": "FR"}, {"import": 19, "export": 22, "id": "HR"}, {"import": 0, "export": 0, "id": "HU"}, {"import": 0, "export": 0, "id": "DK"}, {"import": 0, "export": 0, "id": "SI"}, {"import": 1631, "export": 1280, "id": "AT"}, {"import": 0, "export": 0, "id": "EE"}, {"import": 0, "export": 0, "id": "BG"}, {"import": 0, "export": 0, "id": "KH"}, {"import": 0, "export": 0, "id": "GR"}, {"import": 75, "export": 1, "id": "LT"}, {"import": 0, "export": 0, "id": "LU"}, {"import": 0, "export": 0, "id": "MT"}, {"import": 0, "export": 0, "id": "TW"}, {"import": 0, "export": 0, "id": "PY"}, {"import": 0, "export": 0, "id": "VN"}, {"import": 20, "export": 280, "id": "SR"}, {"import": 0, "export": 0, "id": "SE"}, {"import": 0, "export": 0, "id": "CH"}, {"import": 0, "export": 0, "id": "TR"}, {"import": 0, "export": 0, "id": "CY"}, {"import": 0, "export": 226, "id": "AW"}, {"import": 0, "export": 0, "id": "NO"}], "world_import": 664532, "world_export": 58237}, {"date": "2019-05-01", "list": [{"import": 58285, "export": 0, "id": "IT"}, {"import": 54531, "export": 31726, "id": "ES"}, {"import": 14998, "export": 6573, "id": "BE"}, {"import": 0, "export": 77131, "id": "DE"}, {"import": 0, "export": 0, "id": "PL"}, {"import": 0, "export": 0, "id": "PT"}, {"import": 612, "export": 11262, "id": "GB"}, {"import": 0, "export": 0, "id": "-"}, {"import": 17, "export": 40, "id": "FI"}, {"import": 122, "export": 26689, "id": "RO"}, {"import": 0, "export": 0, "id": "LV"}, {"import": 27543, "export": 104, "id": "FR"}, {"import": 6, "export": 42, "id": "HR"}, {"import": 0, "export": 0, "id": "HU"}, {"import": 0, "export": 0, "id": "DK"}, {"import": 0, "export": 0, "id": "SI"}, {"import": 755, "export": 0, "id": "AT"}, {"import": 0, "export": 0, "id": "EE"}, {"import": 0, "export": 0, "id": "BG"}, {"import": 0, "export": 0, "id": "KH"}, {"import": 1, "export": 1415, "id": "GR"}, {"import": 0, "export": 0, "id": "LT"}, {"import": 5, "export": 4, "id": "LU"}, {"import": 7, "export": 11131, "id": "MT"}, {"import": 0, "export": 0, "id": "TW"}, {"import": 1190, "export": 0, "id": "PY"}, {"import": 0, "export": 0, "id": "VN"}, {"import": 3, "export": 400, "id": "SR"}, {"import": 88, "export": 54347, "id": "SE"}, {"import": 0, "export": 0, "id": "CH"}, {"import": 0, "export": 0, "id": "TR"}, {"import": 0, "export": 0, "id": "CY"}, {"import": 0, "export": 544, "id": "AW"}, {"import": 0, "export": 0, "id": "NO"}], "world_import": 158163, "world_export": 221408}, {"date": "2019-06-01", "list": [{"import": 74168, "export": 0, "id": "IT"}, {"import": 141446, "export": 0, "id": "ES"}, {"import": 8875, "export": 3406, "id": "BE"}, {"import": 0, "export": 42465, "id": "DE"}, {"import": 1028, "export": 0, "id": "PL"}, {"import": 0, "export": 0, "id": "PT"}, {"import": 6601, "export": 0, "id": "GB"}, {"import": 175, "export": 0, "id": "-"}, {"import": 0, "export": 0, "id": "FI"}, {"import": 0, "export": 0, "id": "RO"}, {"import": 0, "export": 0, "id": "LV"}, {"import": 29126, "export": 20, "id": "FR"}, {"import": 32, "export": 44, "id": "HR"}, {"import": 6, "export": 29025, "id": "HU"}, {"import": 25, "export": 106, "id": "DK"}, {"import": 6, "export": 62, "id": "SI"}, {"import": 1281, "export": 40, "id": "AT"}, {"import": 2, "export": 4300, "id": "EE"}, {"import": 0, "export": 0, "id": "BG"}, {"import": 0, "export": 0, "id": "KH"}, {"import": 0, "export": 15667, "id": "GR"}, {"import": 0, "export": 0, "id": "LT"}, {"import": 1, "export": 1, "id": "LU"}, {"import": 0, "export": 0, "id": "MT"}, {"import": 0, "export": 0, "id": "TW"}, {"import": 0, "export": 0, "id": "PY"}, {"import": 0, "export": 0, "id": "VN"}, {"import": 0, "export": 410, "id": "SR"}, {"import": 0, "export": 0, "id": "SE"}, {"import": 0, "export": 0, "id": "CH"}, {"import": 0, "export": 0, "id": "TR"}, {"import": 0, "export": 0, "id": "CY"}, {"import": 0, "export": 536, "id": "AW"}, {"import": 0, "export": 0, "id": "NO"}], "world_import": 262772, "world_export": 126738}, {"date": "2019-07-01", "list": [{"import": 44351, "export": 92, "id": "IT"}, {"import": 86747, "export": 27303, "id": "ES"}, {"import": 15377, "export": 4298, "id": "BE"}, {"import": 11205, "export": 64496, "id": "DE"}, {"import": 0, "export": 0, "id": "PL"}, {"import": 0, "export": 0, "id": "PT"}, {"import": 24447, "export": 46226, "id": "GB"}, {"import": 0, "export": 307, "id": "-"}, {"import": 81, "export": 41, "id": "FI"}, {"import": 399, "export": 9033, "id": "RO"}, {"import": 0, "export": 0, "id": "LV"}, {"import": 17, "export": 104, "id": "FR"}, {"import": 48, "export": 86, "id": "HR"}, {"import": 0, "export": 0, "id": "HU"}, {"import": 0, "export": 0, "id": "DK"}, {"import": 0, "export": 0, "id": "SI"}, {"import": 870, "export": 1851, "id": "AT"}, {"import": 0, "export": 0, "id": "EE"}, {"import": 0, "export": 0, "id": "BG"}, {"import": 17000, "export": 0, "id": "KH"}, {"import": 0, "export": 4654, "id": "GR"}, {"import": 0, "export": 0, "id": "LT"}, {"import": 3, "export": 7, "id": "LU"}, {"import": 0, "export": 0, "id": "MT"}, {"import": 0, "export": 0, "id": "TW"}, {"import": 0, "export": 0, "id": "PY"}, {"import": 0, "export": 0, "id": "VN"}, {"import": 0, "export": 0, "id": "SR"}, {"import": 446, "export": 30125, "id": "SE"}, {"import": 0, "export": 0, "id": "CH"}, {"import": 0, "export": 0, "id": "TR"}, {"import": 0, "export": 0, "id": "CY"}, {"import": 0, "export": 724, "id": "AW"}, {"import": 0, "export": 0, "id": "NO"}], "world_import": 200991, "world_export": 189347}, {"date": "2019-08-01", "list": [{"import": 42742, "export": 0, "id": "IT"}, {"import": 109478, "export": 0, "id": "ES"}, {"import": 12832, "export": 6935, "id": "BE"}, {"import": 0, "export": 18563, "id": "DE"}, {"import": 0, "export": 0, "id": "PL"}, {"import": 0, "export": 0, "id": "PT"}, {"import": 7746, "export": 0, "id": "GB"}, {"import": 0, "export": 319, "id": "-"}, {"import": 0, "export": 0, "id": "FI"}, {"import": 0, "export": 0, "id": "RO"}, {"import": 0, "export": 0, "id": "LV"}, {"import": 82467, "export": 0, "id": "FR"}, {"import": 10, "export": 29, "id": "HR"}, {"import": 0, "export": 0, "id": "HU"}, {"import": 0, "export": 0, "id": "DK"}, {"import": 6, "export": 218, "id": "SI"}, {"import": 1174, "export": 686, "id": "AT"}, {"import": 0, "export": 0, "id": "EE"}, {"import": 0, "export": 0, "id": "BG"}, {"import": 0, "export": 0, "id": "KH"}, {"import": 0, "export": 0, "id": "GR"}, {"import": 0, "export": 0, "id": "LT"}, {"import": 5, "export": 9, "id": "LU"}, {"import": 0, "export": 0, "id": "MT"}, {"import": 0, "export": 0, "id": "TW"}, {"import": 0, "export": 0, "id": "PY"}, {"import": 0, "export": 0, "id": "VN"}, {"import": 0, "export": 0, "id": "SR"}, {"import": 0, "export": 0, "id": "SE"}, {"import": 0, "export": 0, "id": "CH"}, {"import": 0, "export": 0, "id": "TR"}, {"import": 0, "export": 0, "id": "CY"}, {"import": 0, "export": 1201, "id": "AW"}, {"import": 0, "export": 0, "id": "NO"}], "world_import": 256460, "world_export": 27960}, {"date": "2019-09-01", "list": [{"import": 7872, "export": 1112, "id": "IT"}, {"import": 118834, "export": 0, "id": "ES"}, {"import": 35368, "export": 7848, "id": "BE"}, {"import": 2102, "export": 68771, "id": "DE"}, {"import": 247, "export": 1, "id": "PL"}, {"import": 0, "export": 0, "id": "PT"}, {"import": 867, "export": 0, "id": "GB"}, {"import": 111, "export": 338, "id": "-"}, {"import": 31, "export": 1, "id": "FI"}, {"import": 0, "export": 0, "id": "RO"}, {"import": 0, "export": 0, "id": "LV"}, {"import": 14, "export": 259, "id": "FR"}, {"import": 3, "export": 46, "id": "HR"}, {"import": 0, "export": 26454, "id": "HU"}, {"import": 0, "export": 0, "id": "DK"}, {"import": 0, "export": 0, "id": "SI"}, {"import": 1481, "export": 62, "id": "AT"}, {"import": 3, "export": 4019, "id": "EE"}, {"import": 0, "export": 0, "id": "BG"}, {"import": 0, "export": 0, "id": "KH"}, {"import": 0, "export": 2533, "id": "GR"}, {"import": 30, "export": 1, "id": "LT"}, {"import": 0, "export": 0, "id": "LU"}, {"import": 0, "export": 7281, "id": "MT"}, {"import": 0, "export": 0, "id": "TW"}, {"import": 0, "export": 0, "id": "PY"}, {"import": 0, "export": 0, "id": "VN"}, {"import": 57001, "export": 460, "id": "SR"}, {"import": 116, "export": 35171, "id": "SE"}, {"import": 0, "export": 0, "id": "CH"}, {"import": 0, "export": 0, "id": "TR"}, {"import": 0, "export": 0, "id": "CY"}, {"import": 0, "export": 1174, "id": "AW"}, {"import": 0, "export": 0, "id": "NO"}], "world_import": 224080, "world_export": 183927}, {"date": "2019-10-01", "list": [{"import": 518553, "export": 1391, "id": "IT"}, {"import": 85702, "export": 27027, "id": "ES"}, {"import": 22784, "export": 7757, "id": "BE"}, {"import": 2553, "export": 59189, "id": "DE"}, {"import": 0, "export": 0, "id": "PL"}, {"import": 400, "export": 1, "id": "PT"}, {"import": 9298, "export": 7683, "id": "GB"}, {"import": 0, "export": 294, "id": "-"}, {"import": 0, "export": 0, "id": "FI"}, {"import": 68, "export": 22267, "id": "RO"}, {"import": 0, "export": 0, "id": "LV"}, {"import": 35, "export": 1375, "id": "FR"}, {"import": 1855, "export": 35, "id": "HR"}, {"import": 0, "export": 0, "id": "HU"}, {"import": 0, "export": 0, "id": "DK"}, {"import": 0, "export": 0, "id": "SI"}, {"import": 1948, "export": 2089, "id": "AT"}, {"import": 0, "export": 0, "id": "EE"}, {"import": 0, "export": 0, "id": "BG"}, {"import": 0, "export": 0, "id": "KH"}, {"import": 0, "export": 0, "id": "GR"}, {"import": 0, "export": 0, "id": "LT"}, {"import": 4, "export": 5, "id": "LU"}, {"import": 0, "export": 0, "id": "MT"}, {"import": 0, "export": 0, "id": "TW"}, {"import": 0, "export": 0, "id": "PY"}, {"import": 0, "export": 0, "id": "VN"}, {"import": 0, "export": 0, "id": "SR"}, {"import": 0, "export": 0, "id": "SE"}, {"import": 0, "export": 0, "id": "CH"}, {"import": 0, "export": 0, "id": "TR"}, {"import": 0, "export": 50543, "id": "CY"}, {"import": 0, "export": 1464, "id": "AW"}, {"import": 0, "export": 0, "id": "NO"}], "world_import": 643200, "world_export": 181120}, {"date": "2019-11-01", "list": [{"import": 557715, "export": 0, "id": "IT"}, {"import": 148283, "export": 0, "id": "ES"}, {"import": 9274, "export": 9064, "id": "BE"}, {"import": 1579, "export": 82814, "id": "DE"}, {"import": 0, "export": 0, "id": "PL"}, {"import": 0, "export": 0, "id": "PT"}, {"import": 0, "export": 0, "id": "GB"}, {"import": 274, "export": 336, "id": "-"}, {"import": 0, "export": 0, "id": "FI"}, {"import": 0, "export": 0, "id": "RO"}, {"import": 0, "export": 0, "id": "LV"}, {"import": 28271, "export": 42, "id": "FR"}, {"import": 1061, "export": 3, "id": "HR"}, {"import": 41, "export": 22, "id": "HU"}, {"import": 39, "export": 130, "id": "DK"}, {"import": 0, "export": 0, "id": "SI"}, {"import": 1369, "export": 61, "id": "AT"}, {"import": 0, "export": 0, "id": "EE"}, {"import": 5, "export": 87, "id": "BG"}, {"import": 0, "export": 0, "id": "KH"}, {"import": 0, "export": 0, "id": "GR"}, {"import": 0, "export": 0, "id": "LT"}, {"import": 0, "export": 0, "id": "LU"}, {"import": 4, "export": 6075, "id": "MT"}, {"import": 0, "export": 0, "id": "TW"}, {"import": 0, "export": 0, "id": "PY"}, {"import": 0, "export": 0, "id": "VN"}, {"import": 0, "export": 580, "id": "SR"}, {"import": 0, "export": 0, "id": "SE"}, {"import": 0, "export": 0, "id": "CH"}, {"import": 0, "export": 0, "id": "TR"}, {"import": 0, "export": 0, "id": "CY"}, {"import": 0, "export": 1104, "id": "AW"}, {"import": 0, "export": 0, "id": "NO"}], "world_import": 747915, "world_export": 135673}, {"date": "2019-12-01", "list": [{"import": 2481, "export": 905, "id": "IT"}, {"import": 141516, "export": 0, "id": "ES"}, {"import": 16594, "export": 14998, "id": "BE"}, {"import": 34874, "export": 114540, "id": "DE"}, {"import": 0, "export": 0, "id": "PL"}, {"import": 143, "export": 3, "id": "PT"}, {"import": 0, "export": 0, "id": "GB"}, {"import": 0, "export": 0, "id": "-"}, {"import": 0, "export": 0, "id": "FI"}, {"import": 13, "export": 1, "id": "RO"}, {"import": 0, "export": 0, "id": "LV"}, {"import": 54841, "export": 147, "id": "FR"}, {"import": 10, "export": 72, "id": "HR"}, {"import": 0, "export": 25433, "id": "HU"}, {"import": 0, "export": 0, "id": "DK"}, {"import": 11, "export": 176, "id": "SI"}, {"import": 547, "export": 4250, "id": "AT"}, {"import": 3, "export": 4872, "id": "EE"}, {"import": 0, "export": 0, "id": "BG"}, {"import": 0, "export": 0, "id": "KH"}, {"import": 1, "export": 13942, "id": "GR"}, {"import": 0, "export": 0, "id": "LT"}, {"import": 0, "export": 0, "id": "LU"}, {"import": 0, "export": 0, "id": "MT"}, {"import": 0, "export": 0, "id": "TW"}, {"import": 0, "export": 0, "id": "PY"}, {"import": 0, "export": 0, "id": "VN"}, {"import": 0, "export": 430, "id": "SR"}, {"import": 1, "export": 27180, "id": "SE"}, {"import": 0, "export": 0, "id": "CH"}, {"import": 0, "export": 0, "id": "TR"}, {"import": 0, "export": 0, "id": "CY"}, {"import": 0, "export": 795, "id": "AW"}, {"import": 0, "export": 0, "id": "NO"}], "world_import": 251035, "world_export": 207744}, {"date": "2020-01-01", "list": [{"import": 158817, "export": 1080, "id": "IT"}, {"import": 131435, "export": 24815, "id": "ES"}, {"import": 23904, "export": 10412, "id": "BE"}, {"import": 2162, "export": 231696, "id": "DE"}, {"import": 0, "export": 0, "id": "PL"}, {"import": 332, "export": 504, "id": "PT"}, {"import": 7764, "export": 9246, "id": "GB"}, {"import": 229, "export": 531, "id": "-"}, {"import": 138, "export": 5256, "id": "FI"}, {"import": 120, "export": 16272, "id": "RO"}, {"import": 0, "export": 0, "id": "LV"}, {"import": 146, "export": 11874, "id": "FR"}, {"import": 25, "export": 124, "id": "HR"}, {"import": 0, "export": 0, "id": "HU"}, {"import": 26, "export": 21, "id": "DK"}, {"import": 176, "export": 65, "id": "SI"}, {"import": 0, "export": 0, "id": "AT"}, {"import": 0, "export": 0, "id": "EE"}, {"import": 0, "export": 0, "id": "BG"}, {"import": 0, "export": 0, "id": "KH"}, {"import": 1, "export": 21234, "id": "GR"}, {"import": 0, "export": 0, "id": "LT"}, {"import": 0, "export": 0, "id": "LU"}, {"import": 0, "export": 0, "id": "MT"}, {"import": 0, "export": 0, "id": "TW"}, {"import": 0, "export": 0, "id": "PY"}, {"import": 0, "export": 0, "id": "VN"}, {"import": 0, "export": 410, "id": "SR"}, {"import": 0, "export": 0, "id": "SE"}, {"import": 602, "export": 2848, "id": "CH"}, {"import": 0, "export": 0, "id": "TR"}, {"import": 0, "export": 0, "id": "CY"}, {"import": 0, "export": 597, "id": "AW"}, {"import": 0, "export": 0, "id": "NO"}], "world_import": 325877, "world_export": 362675}, {"date": "2020-02-01", "list": [{"import": 666385, "export": 0, "id": "IT"}, {"import": 117414, "export": 0, "id": "ES"}, {"import": 15455, "export": 31828, "id": "BE"}, {"import": 35771, "export": 220455, "id": "DE"}, {"import": 0, "export": 0, "id": "PL"}, {"import": 203, "export": 156, "id": "PT"}, {"import": 0, "export": 0, "id": "GB"}, {"import": 0, "export": 0, "id": "-"}, {"import": 0, "export": 0, "id": "FI"}, {"import": 0, "export": 0, "id": "RO"}, {"import": 0, "export": 0, "id": "LV"}, {"import": 71, "export": 126, "id": "FR"}, {"import": 48, "export": 80, "id": "HR"}, {"import": 577, "export": 24381, "id": "HU"}, {"import": 0, "export": 0, "id": "DK"}, {"import": 401, "export": 109, "id": "SI"}, {"import": 1, "export": 81, "id": "AT"}, {"import": 0, "export": 0, "id": "EE"}, {"import": 0, "export": 0, "id": "BG"}, {"import": 0, "export": 0, "id": "KH"}, {"import": 2, "export": 1138, "id": "GR"}, {"import": 0, "export": 0, "id": "LT"}, {"import": 0, "export": 0, "id": "LU"}, {"import": 232, "export": 26581, "id": "MT"}, {"import": 0, "export": 0, "id": "TW"}, {"import": 0, "export": 0, "id": "PY"}, {"import": 0, "export": 0, "id": "VN"}, {"import": 0, "export": 0, "id": "SR"}, {"import": 0, "export": 0, "id": "SE"}, {"import": 0, "export": 0, "id": "CH"}, {"import": 0, "export": 0, "id": "TR"}, {"import": 0, "export": 0, "id": "CY"}, {"import": 0, "export": 752, "id": "AW"}, {"import": 0, "export": 1000, "id": "NO"}], "world_import": 836560, "world_export": 306687}, {"date": "2020-03-01", "list": [{"import": 281053, "export": 1205, "id": "IT"}, {"import": 117806, "export": 0, "id": "ES"}, {"import": 22162, "export": 8625, "id": "BE"}, {"import": 34754, "export": 251005, "id": "DE"}, {"import": 0, "export": 0, "id": "PL"}, {"import": 0, "export": 0, "id": "PT"}, {"import": 11083, "export": 4620, "id": "GB"}, {"import": 198, "export": 0, "id": "-"}, {"import": 227, "export": 5318, "id": "FI"}, {"import": 0, "export": 0, "id": "RO"}, {"import": 0, "export": 0, "id": "LV"}, {"import": 63, "export": 368, "id": "FR"}, {"import": 37, "export": 124, "id": "HR"}, {"import": 0, "export": 0, "id": "HU"}, {"import": 35, "export": 224, "id": "DK"}, {"import": 0, "export": 0, "id": "SI"}, {"import": 0, "export": 1564, "id": "AT"}, {"import": 0, "export": 0, "id": "EE"}, {"import": 0, "export": 0, "id": "BG"}, {"import": 0, "export": 0, "id": "KH"}, {"import": 0, "export": 0, "id": "GR"}, {"import": 0, "export": 0, "id": "LT"}, {"import": 0, "export": 0, "id": "LU"}, {"import": 0, "export": 0, "id": "MT"}, {"import": 0, "export": 0, "id": "TW"}, {"import": 0, "export": 0, "id": "PY"}, {"import": 0, "export": 0, "id": "VN"}, {"import": 0, "export": 580, "id": "SR"}, {"import": 3, "export": 25412, "id": "SE"}, {"import": 0, "export": 0, "id": "CH"}, {"import": 0, "export": 0, "id": "TR"}, {"import": 0, "export": 0, "id": "CY"}, {"import": 0, "export": 1113, "id": "AW"}, {"import": 0, "export": 0, "id": "NO"}], "world_import": 467421, "world_export": 329454}]