[{"date": "2013-02-01", "list": [{"import": 943260, "export": 0, "id": "IN"}, {"import": 409203, "export": 0, "id": "US"}, {"import": 0, "export": 0, "id": "TH"}, {"import": 0, "export": 0, "id": "GR"}, {"import": 0, "export": 0, "id": "PK"}, {"import": 0, "export": 0, "id": "BD"}, {"import": 0, "export": 0, "id": "EG"}, {"import": 0, "export": 0, "id": "VN"}, {"import": 0, "export": 0, "id": "MR"}, {"import": 0, "export": 0, "id": "NG"}, {"import": 0, "export": 0, "id": "SO"}, {"import": 0, "export": 0, "id": "AE"}, {"import": 0, "export": 0, "id": "GB"}, {"import": 0, "export": 68690, "id": "YE"}, {"import": 0, "export": 0, "id": "KW"}, {"import": 0, "export": 0, "id": "LB"}], "world_import": 1352463, "world_export": 68690}, {"date": "2013-03-01", "list": [{"import": 2379007, "export": 0, "id": "IN"}, {"import": 409159, "export": 0, "id": "US"}, {"import": 428972, "export": 0, "id": "TH"}, {"import": 0, "export": 0, "id": "GR"}, {"import": 0, "export": 0, "id": "PK"}, {"import": 0, "export": 0, "id": "BD"}, {"import": 0, "export": 0, "id": "EG"}, {"import": 100260, "export": 0, "id": "VN"}, {"import": 0, "export": 0, "id": "MR"}, {"import": 0, "export": 5500, "id": "NG"}, {"import": 0, "export": 0, "id": "SO"}, {"import": 0, "export": 0, "id": "AE"}, {"import": 0, "export": 0, "id": "GB"}, {"import": 0, "export": 0, "id": "YE"}, {"import": 0, "export": 0, "id": "KW"}, {"import": 0, "export": 0, "id": "LB"}], "world_import": 3317398, "world_export": 5500}, {"date": "2013-04-01", "list": [{"import": 1033500, "export": 0, "id": "IN"}, {"import": 0, "export": 0, "id": "US"}, {"import": 402600, "export": 0, "id": "TH"}, {"import": 0, "export": 0, "id": "GR"}, {"import": 0, "export": 0, "id": "PK"}, {"import": 0, "export": 0, "id": "BD"}, {"import": 0, "export": 0, "id": "EG"}, {"import": 0, "export": 0, "id": "VN"}, {"import": 0, "export": 0, "id": "MR"}, {"import": 0, "export": 0, "id": "NG"}, {"import": 0, "export": 0, "id": "SO"}, {"import": 0, "export": 0, "id": "AE"}, {"import": 0, "export": 0, "id": "GB"}, {"import": 0, "export": 168950, "id": "YE"}, {"import": 0, "export": 0, "id": "KW"}, {"import": 0, "export": 0, "id": "LB"}], "world_import": 1436100, "world_export": 168950}, {"date": "2013-05-01", "list": [{"import": 871450, "export": 0, "id": "IN"}, {"import": 0, "export": 0, "id": "US"}, {"import": 0, "export": 0, "id": "TH"}, {"import": 0, "export": 0, "id": "GR"}, {"import": 0, "export": 0, "id": "PK"}, {"import": 0, "export": 0, "id": "BD"}, {"import": 0, "export": 0, "id": "EG"}, {"import": 0, "export": 0, "id": "VN"}, {"import": 0, "export": 0, "id": "MR"}, {"import": 0, "export": 0, "id": "NG"}, {"import": 0, "export": 0, "id": "SO"}, {"import": 0, "export": 0, "id": "AE"}, {"import": 0, "export": 0, "id": "GB"}, {"import": 0, "export": 0, "id": "YE"}, {"import": 0, "export": 0, "id": "KW"}, {"import": 0, "export": 0, "id": "LB"}], "world_import": 871450, "world_export": 0}, {"date": "2013-06-01", "list": [{"import": 286921, "export": 0, "id": "IN"}, {"import": 413742, "export": 0, "id": "US"}, {"import": 0, "export": 0, "id": "TH"}, {"import": 0, "export": 0, "id": "GR"}, {"import": 546000, "export": 0, "id": "PK"}, {"import": 39900, "export": 0, "id": "BD"}, {"import": 140000, "export": 0, "id": "EG"}, {"import": 0, "export": 0, "id": "VN"}, {"import": 0, "export": 0, "id": "MR"}, {"import": 0, "export": 0, "id": "NG"}, {"import": 0, "export": 0, "id": "SO"}, {"import": 0, "export": 22000, "id": "AE"}, {"import": 0, "export": 0, "id": "GB"}, {"import": 0, "export": 0, "id": "YE"}, {"import": 0, "export": 0, "id": "KW"}, {"import": 0, "export": 0, "id": "LB"}], "world_import": 1426563, "world_export": 22000}, {"date": "2013-07-01", "list": [{"import": 186852, "export": 0, "id": "IN"}, {"import": 0, "export": 0, "id": "US"}, {"import": 0, "export": 0, "id": "TH"}, {"import": 0, "export": 0, "id": "GR"}, {"import": 0, "export": 0, "id": "PK"}, {"import": 0, "export": 0, "id": "BD"}, {"import": 900000, "export": 0, "id": "EG"}, {"import": 0, "export": 0, "id": "VN"}, {"import": 0, "export": 0, "id": "MR"}, {"import": 0, "export": 0, "id": "NG"}, {"import": 0, "export": 0, "id": "SO"}, {"import": 0, "export": 0, "id": "AE"}, {"import": 0, "export": 0, "id": "GB"}, {"import": 0, "export": 0, "id": "YE"}, {"import": 0, "export": 0, "id": "KW"}, {"import": 0, "export": 22088, "id": "LB"}], "world_import": 1086852, "world_export": 22088}, {"date": "2013-08-01", "list": [{"import": 409274, "export": 0, "id": "IN"}, {"import": 0, "export": 0, "id": "US"}, {"import": 0, "export": 0, "id": "TH"}, {"import": 0, "export": 0, "id": "GR"}, {"import": 0, "export": 0, "id": "PK"}, {"import": 0, "export": 0, "id": "BD"}, {"import": 0, "export": 0, "id": "EG"}, {"import": 0, "export": 0, "id": "VN"}, {"import": 0, "export": 0, "id": "MR"}, {"import": 0, "export": 0, "id": "NG"}, {"import": 0, "export": 0, "id": "SO"}, {"import": 0, "export": 0, "id": "AE"}, {"import": 0, "export": 0, "id": "GB"}, {"import": 0, "export": 0, "id": "YE"}, {"import": 0, "export": 0, "id": "KW"}, {"import": 0, "export": 0, "id": "LB"}], "world_import": 409274, "world_export": 0}, {"date": "2013-09-01", "list": [{"import": 267325, "export": 0, "id": "IN"}, {"import": 319720, "export": 0, "id": "US"}, {"import": 0, "export": 0, "id": "TH"}, {"import": 0, "export": 0, "id": "GR"}, {"import": 0, "export": 0, "id": "PK"}, {"import": 0, "export": 0, "id": "BD"}, {"import": 0, "export": 0, "id": "EG"}, {"import": 0, "export": 0, "id": "VN"}, {"import": 0, "export": 0, "id": "MR"}, {"import": 0, "export": 74848, "id": "NG"}, {"import": 0, "export": 0, "id": "SO"}, {"import": 0, "export": 0, "id": "AE"}, {"import": 0, "export": 19500, "id": "GB"}, {"import": 0, "export": 0, "id": "YE"}, {"import": 0, "export": 100000, "id": "KW"}, {"import": 0, "export": 0, "id": "LB"}], "world_import": 587045, "world_export": 194348}, {"date": "2013-10-01", "list": [{"import": 344375, "export": 0, "id": "IN"}, {"import": 319960, "export": 0, "id": "US"}, {"import": 0, "export": 0, "id": "TH"}, {"import": 0, "export": 0, "id": "GR"}, {"import": 0, "export": 0, "id": "PK"}, {"import": 0, "export": 0, "id": "BD"}, {"import": 0, "export": 0, "id": "EG"}, {"import": 0, "export": 0, "id": "VN"}, {"import": 0, "export": 0, "id": "MR"}, {"import": 0, "export": 0, "id": "NG"}, {"import": 0, "export": 0, "id": "SO"}, {"import": 0, "export": 0, "id": "AE"}, {"import": 0, "export": 0, "id": "GB"}, {"import": 0, "export": 0, "id": "YE"}, {"import": 0, "export": 0, "id": "KW"}, {"import": 0, "export": 0, "id": "LB"}], "world_import": 664335, "world_export": 0}, {"date": "2013-11-01", "list": [{"import": 1061430, "export": 0, "id": "IN"}, {"import": 0, "export": 0, "id": "US"}, {"import": 172000, "export": 0, "id": "TH"}, {"import": 0, "export": 0, "id": "GR"}, {"import": 0, "export": 0, "id": "PK"}, {"import": 0, "export": 0, "id": "BD"}, {"import": 0, "export": 0, "id": "EG"}, {"import": 0, "export": 0, "id": "VN"}, {"import": 0, "export": 0, "id": "MR"}, {"import": 0, "export": 42500, "id": "NG"}, {"import": 0, "export": 0, "id": "SO"}, {"import": 0, "export": 0, "id": "AE"}, {"import": 0, "export": 0, "id": "GB"}, {"import": 0, "export": 0, "id": "YE"}, {"import": 0, "export": 0, "id": "KW"}, {"import": 0, "export": 0, "id": "LB"}], "world_import": 1233430, "world_export": 42500}, {"date": "2013-12-01", "list": [{"import": 946065, "export": 0, "id": "IN"}, {"import": 0, "export": 0, "id": "US"}, {"import": 0, "export": 0, "id": "TH"}, {"import": 0, "export": 0, "id": "GR"}, {"import": 0, "export": 0, "id": "PK"}, {"import": 0, "export": 0, "id": "BD"}, {"import": 0, "export": 0, "id": "EG"}, {"import": 0, "export": 0, "id": "VN"}, {"import": 0, "export": 0, "id": "MR"}, {"import": 0, "export": 0, "id": "NG"}, {"import": 0, "export": 7000, "id": "SO"}, {"import": 0, "export": 0, "id": "AE"}, {"import": 0, "export": 19000, "id": "GB"}, {"import": 0, "export": 0, "id": "YE"}, {"import": 0, "export": 0, "id": "KW"}, {"import": 0, "export": 0, "id": "LB"}], "world_import": 946065, "world_export": 26000}, {"date": "2014-01-01", "list": [{"import": 987115, "export": 0, "id": "IN"}, {"import": 0, "export": 0, "id": "US"}, {"import": 50776, "export": 0, "id": "TH"}, {"import": 0, "export": 0, "id": "GR"}, {"import": 0, "export": 0, "id": "PK"}, {"import": 0, "export": 0, "id": "BD"}, {"import": 0, "export": 0, "id": "EG"}, {"import": 0, "export": 0, "id": "VN"}, {"import": 0, "export": 0, "id": "MR"}, {"import": 0, "export": 0, "id": "NG"}, {"import": 0, "export": 0, "id": "SO"}, {"import": 0, "export": 0, "id": "AE"}, {"import": 0, "export": 0, "id": "GB"}, {"import": 0, "export": 0, "id": "YE"}, {"import": 0, "export": 0, "id": "KW"}, {"import": 0, "export": 0, "id": "LB"}], "world_import": 1037891, "world_export": 0}, {"date": "2014-02-01", "list": [{"import": 164029, "export": 0, "id": "IN"}, {"import": 319560, "export": 0, "id": "US"}, {"import": 0, "export": 0, "id": "TH"}, {"import": 0, "export": 0, "id": "GR"}, {"import": 0, "export": 0, "id": "PK"}, {"import": 0, "export": 0, "id": "BD"}, {"import": 0, "export": 0, "id": "EG"}, {"import": 0, "export": 0, "id": "VN"}, {"import": 0, "export": 0, "id": "MR"}, {"import": 0, "export": 31600, "id": "NG"}, {"import": 0, "export": 0, "id": "SO"}, {"import": 0, "export": 0, "id": "AE"}, {"import": 0, "export": 0, "id": "GB"}, {"import": 0, "export": 0, "id": "YE"}, {"import": 0, "export": 0, "id": "KW"}, {"import": 0, "export": 0, "id": "LB"}], "world_import": 483589, "world_export": 31600}, {"date": "2014-03-01", "list": [{"import": 865080, "export": 0, "id": "IN"}, {"import": 320851, "export": 0, "id": "US"}, {"import": 0, "export": 0, "id": "TH"}, {"import": 0, "export": 0, "id": "GR"}, {"import": 0, "export": 0, "id": "PK"}, {"import": 0, "export": 0, "id": "BD"}, {"import": 0, "export": 0, "id": "EG"}, {"import": 0, "export": 0, "id": "VN"}, {"import": 0, "export": 0, "id": "MR"}, {"import": 0, "export": 0, "id": "NG"}, {"import": 0, "export": 0, "id": "SO"}, {"import": 0, "export": 0, "id": "AE"}, {"import": 0, "export": 0, "id": "GB"}, {"import": 0, "export": 0, "id": "YE"}, {"import": 0, "export": 0, "id": "KW"}, {"import": 0, "export": 11800, "id": "LB"}], "world_import": 1185931, "world_export": 11800}, {"date": "2014-04-01", "list": [{"import": 736415, "export": 0, "id": "IN"}, {"import": 0, "export": 0, "id": "US"}, {"import": 146400, "export": 0, "id": "TH"}, {"import": 0, "export": 0, "id": "GR"}, {"import": 0, "export": 0, "id": "PK"}, {"import": 0, "export": 0, "id": "BD"}, {"import": 0, "export": 0, "id": "EG"}, {"import": 0, "export": 0, "id": "VN"}, {"import": 0, "export": 0, "id": "MR"}, {"import": 0, "export": 0, "id": "NG"}, {"import": 0, "export": 0, "id": "SO"}, {"import": 0, "export": 0, "id": "AE"}, {"import": 0, "export": 23500, "id": "GB"}, {"import": 0, "export": 0, "id": "YE"}, {"import": 0, "export": 0, "id": "KW"}, {"import": 0, "export": 0, "id": "LB"}], "world_import": 882815, "world_export": 23500}, {"date": "2014-05-01", "list": [{"import": 655652, "export": 0, "id": "IN"}, {"import": 0, "export": 0, "id": "US"}, {"import": 49255, "export": 0, "id": "TH"}, {"import": 0, "export": 0, "id": "GR"}, {"import": 0, "export": 0, "id": "PK"}, {"import": 0, "export": 0, "id": "BD"}, {"import": 0, "export": 0, "id": "EG"}, {"import": 0, "export": 0, "id": "VN"}, {"import": 0, "export": 0, "id": "MR"}, {"import": 0, "export": 0, "id": "NG"}, {"import": 0, "export": 0, "id": "SO"}, {"import": 0, "export": 0, "id": "AE"}, {"import": 0, "export": 22990, "id": "GB"}, {"import": 0, "export": 0, "id": "YE"}, {"import": 0, "export": 0, "id": "KW"}, {"import": 0, "export": 0, "id": "LB"}], "world_import": 704907, "world_export": 22990}, {"date": "2014-06-01", "list": [{"import": 506237, "export": 0, "id": "IN"}, {"import": 320000, "export": 0, "id": "US"}, {"import": 0, "export": 0, "id": "TH"}, {"import": 0, "export": 0, "id": "GR"}, {"import": 0, "export": 0, "id": "PK"}, {"import": 0, "export": 0, "id": "BD"}, {"import": 0, "export": 0, "id": "EG"}, {"import": 0, "export": 0, "id": "VN"}, {"import": 0, "export": 14000, "id": "MR"}, {"import": 0, "export": 0, "id": "NG"}, {"import": 0, "export": 0, "id": "SO"}, {"import": 0, "export": 0, "id": "AE"}, {"import": 0, "export": 0, "id": "GB"}, {"import": 0, "export": 0, "id": "YE"}, {"import": 0, "export": 0, "id": "KW"}, {"import": 0, "export": 0, "id": "LB"}], "world_import": 826237, "world_export": 14000}, {"date": "2014-07-01", "list": [{"import": 1106566, "export": 0, "id": "IN"}, {"import": 320389, "export": 0, "id": "US"}, {"import": 193752, "export": 0, "id": "TH"}, {"import": 0, "export": 0, "id": "GR"}, {"import": 0, "export": 0, "id": "PK"}, {"import": 0, "export": 0, "id": "BD"}, {"import": 0, "export": 0, "id": "EG"}, {"import": 0, "export": 0, "id": "VN"}, {"import": 0, "export": 0, "id": "MR"}, {"import": 0, "export": 0, "id": "NG"}, {"import": 0, "export": 0, "id": "SO"}, {"import": 0, "export": 0, "id": "AE"}, {"import": 0, "export": 0, "id": "GB"}, {"import": 0, "export": 0, "id": "YE"}, {"import": 0, "export": 0, "id": "KW"}, {"import": 0, "export": 0, "id": "LB"}], "world_import": 1620707, "world_export": 0}]