[{"date": "2018-12-01", "list": [{"import": 15732430, "export": 0, "id": "MM"}, {"import": 42866541, "export": 0, "id": "VN"}, {"import": 3210150, "export": 0, "id": "TW"}, {"import": 23679236, "export": 0, "id": "KH"}, {"import": 59870475, "export": 0, "id": "TH"}, {"import": 42756004, "export": 116377, "id": "PK"}, {"import": 78632, "export": 24000000, "id": "JP"}, {"import": 0, "export": 0, "id": "IN"}, {"import": 0, "export": 15827000, "id": "-"}, {"import": 0, "export": 0, "id": "DE"}, {"import": 0, "export": 920600, "id": "RU"}, {"import": 88, "export": 26660, "id": "US"}, {"import": 54, "export": 69000, "id": "IL"}, {"import": 0, "export": 0, "id": "IT"}, {"import": 20308700, "export": 0, "id": "LA"}, {"import": 0, "export": 0, "id": "CN"}, {"import": 0, "export": 0, "id": "MG"}, {"import": 0, "export": 30450000, "id": "GN"}, {"import": 0, "export": 0, "id": "CM"}, {"import": 0, "export": 0, "id": "CD"}, {"import": 0, "export": 0, "id": "GH"}, {"import": 0, "export": 250000, "id": "PG"}, {"import": 0, "export": 0, "id": "MZ"}, {"import": 0, "export": 1500000, "id": "TL"}, {"import": 0, "export": 240809, "id": "SB"}, {"import": 0, "export": 2500000, "id": "SY"}, {"import": 0, "export": 1000000, "id": "SS"}, {"import": 0, "export": 2743004, "id": "MN"}, {"import": 0, "export": 2550000, "id": "LB"}, {"import": 0, "export": 102000, "id": "FJ"}, {"import": 0, "export": 0, "id": "GQ"}, {"import": 0, "export": 0, "id": "VU"}, {"import": 0, "export": 1250000, "id": "SD"}, {"import": 0, "export": 0, "id": "KI"}, {"import": 0, "export": 170535, "id": "WS"}, {"import": 0, "export": 0, "id": "AO"}, {"import": 0, "export": 50000, "id": "MO"}, {"import": 0, "export": 221800, "id": "AU"}, {"import": 0, "export": 200652, "id": "NL"}, {"import": 0, "export": 284320, "id": "CA"}, {"import": 0, "export": 177772, "id": "MH"}, {"import": 0, "export": 0, "id": "TO"}, {"import": 0, "export": 0, "id": "CK"}, {"import": 0, "export": 0, "id": "KE"}, {"import": 0, "export": 49600, "id": "NZ"}, {"import": 0, "export": 500000, "id": "NE"}, {"import": 0, "export": 406387, "id": "FM"}, {"import": 0, "export": 10500000, "id": "PH"}, {"import": 0, "export": 0, "id": "PT"}, {"import": 0, "export": 2638000, "id": "GW"}, {"import": 0, "export": 0, "id": "SA"}, {"import": 0, "export": 0, "id": "SN"}, {"import": 0, "export": 0, "id": "SL"}, {"import": 0, "export": 0, "id": "SG"}, {"import": 0, "export": 0, "id": "SO"}, {"import": 0, "export": 0, "id": "ZA"}, {"import": 0, "export": 1500000, "id": "ZW"}, {"import": 0, "export": 0, "id": "ES"}, {"import": 0, "export": 0, "id": "JO"}, {"import": 0, "export": 200000, "id": "LS"}, {"import": 0, "export": 200000, "id": "LR"}, {"import": 0, "export": 0, "id": "MD"}, {"import": 0, "export": 0, "id": "ME"}, {"import": 0, "export": 0, "id": "MA"}, {"import": 0, "export": 0, "id": "OM"}, {"import": 0, "export": 500000, "id": "MW"}, {"import": 0, "export": 0, "id": "MY"}, {"import": 0, "export": 6559590, "id": "KP"}, {"import": 0, "export": 0, "id": "KR"}, {"import": 0, "export": 0, "id": "KW"}, {"import": 0, "export": 0, "id": "IR"}, {"import": 0, "export": 0, "id": "IQ"}, {"import": 0, "export": 0, "id": "ET"}, {"import": 0, "export": 0, "id": "FI"}, {"import": 0, "export": 0, "id": "DJ"}, {"import": 0, "export": 700000, "id": "GM"}, {"import": 0, "export": 500000, "id": "HR"}, {"import": 0, "export": 0, "id": "CY"}, {"import": 0, "export": 30000000, "id": "BJ"}, {"import": 0, "export": 1318000, "id": "CV"}, {"import": 0, "export": 0, "id": "CF"}, {"import": 0, "export": 0, "id": "TD"}, {"import": 0, "export": 0, "id": "BS"}, {"import": 0, "export": 0, "id": "BD"}, {"import": 0, "export": 21000, "id": "BE"}, {"import": 0, "export": 500000, "id": "BI"}, {"import": 0, "export": 0, "id": "BY"}, {"import": 0, "export": 0, "id": "AF"}, {"import": 0, "export": 50000, "id": "AL"}, {"import": 0, "export": 120000, "id": "AE"}, {"import": 0, "export": 32000000, "id": "TR"}, {"import": 0, "export": 0, "id": "TV"}, {"import": 0, "export": 0, "id": "UG"}, {"import": 0, "export": 475000, "id": "UA"}, {"import": 0, "export": 47200000, "id": "EG"}, {"import": 0, "export": 19890, "id": "GB"}, {"import": 0, "export": 0, "id": "TZ"}, {"import": 0, "export": 1000000, "id": "BF"}, {"import": 0, "export": 0, "id": "WF"}, {"import": 0, "export": 0, "id": "PA"}, {"import": 0, "export": 0, "id": "QA"}, {"import": 0, "export": 0, "id": "TG"}, {"import": 0, "export": 0, "id": "YE"}], "world_import": 208502310, "world_export": 224390866}, {"date": "2019-01-01", "list": [{"import": 0, "export": 0, "id": "MM"}, {"import": 4913376, "export": 0, "id": "VN"}, {"import": 12443600, "export": 0, "id": "TW"}, {"import": 31861258, "export": 0, "id": "KH"}, {"import": 129763411, "export": 0, "id": "TH"}, {"import": 46781691, "export": 18000, "id": "PK"}, {"import": 165794, "export": 0, "id": "JP"}, {"import": 20004, "export": 0, "id": "IN"}, {"import": 0, "export": 23765000, "id": "-"}, {"import": 0, "export": 0, "id": "DE"}, {"import": 0, "export": 0, "id": "RU"}, {"import": 12, "export": 44048, "id": "US"}, {"import": 18, "export": 161000, "id": "IL"}, {"import": 0, "export": 0, "id": "IT"}, {"import": 2428300, "export": 0, "id": "LA"}, {"import": 0, "export": 0, "id": "CN"}, {"import": 0, "export": 0, "id": "MG"}, {"import": 0, "export": 8215500, "id": "GN"}, {"import": 0, "export": 19600000, "id": "CM"}, {"import": 0, "export": 0, "id": "CD"}, {"import": 0, "export": 0, "id": "GH"}, {"import": 0, "export": 2626500, "id": "PG"}, {"import": 0, "export": 0, "id": "MZ"}, {"import": 0, "export": 1000000, "id": "TL"}, {"import": 0, "export": 0, "id": "SB"}, {"import": 0, "export": 1500000, "id": "SY"}, {"import": 0, "export": 0, "id": "SS"}, {"import": 0, "export": 1061876, "id": "MN"}, {"import": 0, "export": 0, "id": "LB"}, {"import": 0, "export": 0, "id": "FJ"}, {"import": 0, "export": 0, "id": "GQ"}, {"import": 0, "export": 0, "id": "VU"}, {"import": 0, "export": 0, "id": "SD"}, {"import": 0, "export": 22675, "id": "KI"}, {"import": 0, "export": 170535, "id": "WS"}, {"import": 0, "export": 0, "id": "AO"}, {"import": 0, "export": 175000, "id": "MO"}, {"import": 0, "export": 35200, "id": "AU"}, {"import": 0, "export": 52700, "id": "NL"}, {"import": 0, "export": 0, "id": "CA"}, {"import": 0, "export": 25396, "id": "MH"}, {"import": 0, "export": 0, "id": "TO"}, {"import": 0, "export": 0, "id": "CK"}, {"import": 0, "export": 0, "id": "KE"}, {"import": 0, "export": 17600, "id": "NZ"}, {"import": 0, "export": 0, "id": "NE"}, {"import": 0, "export": 0, "id": "FM"}, {"import": 0, "export": 220000, "id": "PH"}, {"import": 0, "export": 0, "id": "PT"}, {"import": 0, "export": 0, "id": "GW"}, {"import": 0, "export": 0, "id": "SA"}, {"import": 0, "export": 0, "id": "SN"}, {"import": 0, "export": 1000000, "id": "SL"}, {"import": 0, "export": 0, "id": "SG"}, {"import": 0, "export": 0, "id": "SO"}, {"import": 0, "export": 0, "id": "ZA"}, {"import": 0, "export": 0, "id": "ZW"}, {"import": 0, "export": 0, "id": "ES"}, {"import": 0, "export": 0, "id": "JO"}, {"import": 0, "export": 0, "id": "LS"}, {"import": 0, "export": 0, "id": "LR"}, {"import": 0, "export": 250000, "id": "MD"}, {"import": 0, "export": 0, "id": "ME"}, {"import": 0, "export": 250000, "id": "MA"}, {"import": 0, "export": 0, "id": "OM"}, {"import": 0, "export": 0, "id": "MW"}, {"import": 0, "export": 0, "id": "MY"}, {"import": 0, "export": 741700, "id": "KP"}, {"import": 0, "export": 0, "id": "KR"}, {"import": 0, "export": 0, "id": "KW"}, {"import": 0, "export": 0, "id": "IR"}, {"import": 0, "export": 0, "id": "IQ"}, {"import": 0, "export": 579000, "id": "ET"}, {"import": 0, "export": 0, "id": "FI"}, {"import": 0, "export": 1000000, "id": "DJ"}, {"import": 0, "export": 2034000, "id": "GM"}, {"import": 0, "export": 0, "id": "HR"}, {"import": 0, "export": 21000, "id": "CY"}, {"import": 0, "export": 1275000, "id": "BJ"}, {"import": 0, "export": 0, "id": "CV"}, {"import": 0, "export": 0, "id": "CF"}, {"import": 0, "export": 1400000, "id": "TD"}, {"import": 0, "export": 0, "id": "BS"}, {"import": 0, "export": 0, "id": "BD"}, {"import": 0, "export": 0, "id": "BE"}, {"import": 0, "export": 0, "id": "BI"}, {"import": 0, "export": 250000, "id": "BY"}, {"import": 0, "export": 1004000, "id": "AF"}, {"import": 0, "export": 0, "id": "AL"}, {"import": 0, "export": 200000, "id": "AE"}, {"import": 0, "export": 27500000, "id": "TR"}, {"import": 0, "export": 0, "id": "TV"}, {"import": 0, "export": 0, "id": "UG"}, {"import": 0, "export": 775000, "id": "UA"}, {"import": 0, "export": 40000000, "id": "EG"}, {"import": 0, "export": 0, "id": "GB"}, {"import": 0, "export": 0, "id": "TZ"}, {"import": 0, "export": 0, "id": "BF"}, {"import": 0, "export": 0, "id": "WF"}, {"import": 0, "export": 0, "id": "PA"}, {"import": 0, "export": 0, "id": "QA"}, {"import": 0, "export": 0, "id": "TG"}, {"import": 0, "export": 0, "id": "YE"}], "world_import": 228377464, "world_export": 138704770}, {"date": "2019-02-01", "list": [{"import": 1544400, "export": 0, "id": "MM"}, {"import": 1953000, "export": 0, "id": "VN"}, {"import": 9446000, "export": 0, "id": "TW"}, {"import": 17502000, "export": 0, "id": "KH"}, {"import": 24304940, "export": 0, "id": "TH"}, {"import": 34561840, "export": 0, "id": "PK"}, {"import": 35346, "export": 0, "id": "JP"}, {"import": 0, "export": 0, "id": "IN"}, {"import": 0, "export": 34249500, "id": "-"}, {"import": 0, "export": 0, "id": "DE"}, {"import": 0, "export": 0, "id": "RU"}, {"import": 0, "export": 66584, "id": "US"}, {"import": 0, "export": 92000, "id": "IL"}, {"import": 0, "export": 0, "id": "IT"}, {"import": 50000, "export": 0, "id": "LA"}, {"import": 0, "export": 0, "id": "CN"}, {"import": 0, "export": 0, "id": "MG"}, {"import": 0, "export": 0, "id": "GN"}, {"import": 0, "export": 0, "id": "CM"}, {"import": 0, "export": 0, "id": "CD"}, {"import": 0, "export": 0, "id": "GH"}, {"import": 0, "export": 12799000, "id": "PG"}, {"import": 0, "export": 0, "id": "MZ"}, {"import": 0, "export": 0, "id": "TL"}, {"import": 0, "export": 0, "id": "SB"}, {"import": 0, "export": 7500000, "id": "SY"}, {"import": 0, "export": 0, "id": "SS"}, {"import": 0, "export": 894500, "id": "MN"}, {"import": 0, "export": 0, "id": "LB"}, {"import": 0, "export": 51000, "id": "FJ"}, {"import": 0, "export": 0, "id": "GQ"}, {"import": 0, "export": 0, "id": "VU"}, {"import": 0, "export": 1500000, "id": "SD"}, {"import": 0, "export": 45350, "id": "KI"}, {"import": 0, "export": 0, "id": "WS"}, {"import": 0, "export": 0, "id": "AO"}, {"import": 0, "export": 25000, "id": "MO"}, {"import": 0, "export": 27400, "id": "AU"}, {"import": 0, "export": 35200, "id": "NL"}, {"import": 0, "export": 34068, "id": "CA"}, {"import": 0, "export": 126182, "id": "MH"}, {"import": 0, "export": 0, "id": "TO"}, {"import": 0, "export": 0, "id": "CK"}, {"import": 0, "export": 0, "id": "KE"}, {"import": 0, "export": 17640, "id": "NZ"}, {"import": 0, "export": 0, "id": "NE"}, {"import": 0, "export": 101584, "id": "FM"}, {"import": 0, "export": 0, "id": "PH"}, {"import": 0, "export": 0, "id": "PT"}, {"import": 0, "export": 10000000, "id": "GW"}, {"import": 0, "export": 0, "id": "SA"}, {"import": 0, "export": 0, "id": "SN"}, {"import": 0, "export": 0, "id": "SL"}, {"import": 0, "export": 0, "id": "SG"}, {"import": 0, "export": 0, "id": "SO"}, {"import": 0, "export": 1500000, "id": "ZA"}, {"import": 0, "export": 0, "id": "ZW"}, {"import": 0, "export": 0, "id": "ES"}, {"import": 0, "export": 0, "id": "JO"}, {"import": 0, "export": 0, "id": "LS"}, {"import": 0, "export": 0, "id": "LR"}, {"import": 0, "export": 100000, "id": "MD"}, {"import": 0, "export": 0, "id": "ME"}, {"import": 0, "export": 25000, "id": "MA"}, {"import": 0, "export": 0, "id": "OM"}, {"import": 0, "export": 1225000, "id": "MW"}, {"import": 0, "export": 0, "id": "MY"}, {"import": 0, "export": 0, "id": "KP"}, {"import": 0, "export": 500000, "id": "KR"}, {"import": 0, "export": 0, "id": "KW"}, {"import": 0, "export": 0, "id": "IR"}, {"import": 0, "export": 0, "id": "IQ"}, {"import": 0, "export": 0, "id": "ET"}, {"import": 0, "export": 0, "id": "FI"}, {"import": 0, "export": 0, "id": "DJ"}, {"import": 0, "export": 0, "id": "GM"}, {"import": 0, "export": 500000, "id": "HR"}, {"import": 0, "export": 0, "id": "CY"}, {"import": 0, "export": 50000, "id": "BJ"}, {"import": 0, "export": 0, "id": "CV"}, {"import": 0, "export": 0, "id": "CF"}, {"import": 0, "export": 0, "id": "TD"}, {"import": 0, "export": 0, "id": "BS"}, {"import": 0, "export": 0, "id": "BD"}, {"import": 0, "export": 0, "id": "BE"}, {"import": 0, "export": 0, "id": "BI"}, {"import": 0, "export": 0, "id": "BY"}, {"import": 0, "export": 0, "id": "AF"}, {"import": 0, "export": 0, "id": "AL"}, {"import": 0, "export": 0, "id": "AE"}, {"import": 0, "export": 9250000, "id": "TR"}, {"import": 0, "export": 0, "id": "TV"}, {"import": 0, "export": 0, "id": "UG"}, {"import": 0, "export": 250000, "id": "UA"}, {"import": 0, "export": 60500000, "id": "EG"}, {"import": 0, "export": 0, "id": "GB"}, {"import": 0, "export": 0, "id": "TZ"}, {"import": 0, "export": 0, "id": "BF"}, {"import": 0, "export": 0, "id": "WF"}, {"import": 0, "export": 0, "id": "PA"}, {"import": 0, "export": 0, "id": "QA"}, {"import": 0, "export": 125000, "id": "TG"}, {"import": 0, "export": 1200000, "id": "YE"}], "world_import": 89397526, "world_export": 144900058}, {"date": "2019-03-01", "list": [{"import": 14337600, "export": 0, "id": "MM"}, {"import": 5316059, "export": 0, "id": "VN"}, {"import": 0, "export": 0, "id": "TW"}, {"import": 26265228, "export": 0, "id": "KH"}, {"import": 22029860, "export": 0, "id": "TH"}, {"import": 52546540, "export": 0, "id": "PK"}, {"import": 44586, "export": 0, "id": "JP"}, {"import": 0, "export": 0, "id": "IN"}, {"import": 0, "export": 6000000, "id": "-"}, {"import": 925, "export": 20400, "id": "DE"}, {"import": 0, "export": 1103600, "id": "RU"}, {"import": 5, "export": 155346, "id": "US"}, {"import": 0, "export": 92000, "id": "IL"}, {"import": 0, "export": 0, "id": "IT"}, {"import": 900000, "export": 0, "id": "LA"}, {"import": 0, "export": 0, "id": "CN"}, {"import": 0, "export": 1000000, "id": "MG"}, {"import": 0, "export": 1000000, "id": "GN"}, {"import": 0, "export": 0, "id": "CM"}, {"import": 0, "export": 12000000, "id": "CD"}, {"import": 0, "export": 0, "id": "GH"}, {"import": 0, "export": 9604000, "id": "PG"}, {"import": 0, "export": 1250000, "id": "MZ"}, {"import": 0, "export": 0, "id": "TL"}, {"import": 0, "export": 0, "id": "SB"}, {"import": 0, "export": 0, "id": "SY"}, {"import": 0, "export": 1000000, "id": "SS"}, {"import": 0, "export": 1730024, "id": "MN"}, {"import": 0, "export": 4000000, "id": "LB"}, {"import": 0, "export": 0, "id": "FJ"}, {"import": 0, "export": 0, "id": "GQ"}, {"import": 0, "export": 125166, "id": "VU"}, {"import": 0, "export": 1000000, "id": "SD"}, {"import": 0, "export": 90700, "id": "KI"}, {"import": 0, "export": 120541, "id": "WS"}, {"import": 0, "export": 1524000, "id": "AO"}, {"import": 0, "export": 150000, "id": "MO"}, {"import": 0, "export": 35200, "id": "AU"}, {"import": 0, "export": 52800, "id": "NL"}, {"import": 0, "export": 37686, "id": "CA"}, {"import": 0, "export": 126980, "id": "MH"}, {"import": 0, "export": 0, "id": "TO"}, {"import": 0, "export": 0, "id": "CK"}, {"import": 0, "export": 0, "id": "KE"}, {"import": 0, "export": 17640, "id": "NZ"}, {"import": 0, "export": 0, "id": "NE"}, {"import": 0, "export": 25396, "id": "FM"}, {"import": 0, "export": 200000, "id": "PH"}, {"import": 0, "export": 0, "id": "PT"}, {"import": 0, "export": 0, "id": "GW"}, {"import": 0, "export": 0, "id": "SA"}, {"import": 0, "export": 0, "id": "SN"}, {"import": 0, "export": 0, "id": "SL"}, {"import": 0, "export": 38000, "id": "SG"}, {"import": 0, "export": 1425000, "id": "SO"}, {"import": 0, "export": 0, "id": "ZA"}, {"import": 0, "export": 0, "id": "ZW"}, {"import": 0, "export": 0, "id": "ES"}, {"import": 0, "export": 0, "id": "JO"}, {"import": 0, "export": 0, "id": "LS"}, {"import": 0, "export": 0, "id": "LR"}, {"import": 0, "export": 0, "id": "MD"}, {"import": 0, "export": 0, "id": "ME"}, {"import": 0, "export": 0, "id": "MA"}, {"import": 0, "export": 0, "id": "OM"}, {"import": 0, "export": 0, "id": "MW"}, {"import": 0, "export": 0, "id": "MY"}, {"import": 0, "export": 2021650, "id": "KP"}, {"import": 0, "export": 500000, "id": "KR"}, {"import": 0, "export": 0, "id": "KW"}, {"import": 0, "export": 0, "id": "IR"}, {"import": 0, "export": 0, "id": "IQ"}, {"import": 0, "export": 0, "id": "ET"}, {"import": 0, "export": 0, "id": "FI"}, {"import": 0, "export": 1500000, "id": "DJ"}, {"import": 0, "export": 0, "id": "GM"}, {"import": 0, "export": 0, "id": "HR"}, {"import": 0, "export": 0, "id": "CY"}, {"import": 0, "export": 0, "id": "BJ"}, {"import": 0, "export": 0, "id": "CV"}, {"import": 0, "export": 0, "id": "CF"}, {"import": 0, "export": 0, "id": "TD"}, {"import": 0, "export": 0, "id": "BS"}, {"import": 0, "export": 0, "id": "BD"}, {"import": 0, "export": 0, "id": "BE"}, {"import": 0, "export": 1080000, "id": "BI"}, {"import": 0, "export": 0, "id": "BY"}, {"import": 0, "export": 0, "id": "AF"}, {"import": 0, "export": 100000, "id": "AL"}, {"import": 0, "export": 150000, "id": "AE"}, {"import": 0, "export": 9500000, "id": "TR"}, {"import": 0, "export": 0, "id": "TV"}, {"import": 0, "export": 0, "id": "UG"}, {"import": 0, "export": 250000, "id": "UA"}, {"import": 0, "export": 84500000, "id": "EG"}, {"import": 0, "export": 0, "id": "GB"}, {"import": 0, "export": 0, "id": "TZ"}, {"import": 0, "export": 1000000, "id": "BF"}, {"import": 0, "export": 0, "id": "WF"}, {"import": 0, "export": 0, "id": "PA"}, {"import": 0, "export": 0, "id": "QA"}, {"import": 0, "export": 875000, "id": "TG"}, {"import": 0, "export": 0, "id": "YE"}], "world_import": 121440803, "world_export": 146920049}, {"date": "2019-04-01", "list": [{"import": 14204650, "export": 0, "id": "MM"}, {"import": 44297316, "export": 0, "id": "VN"}, {"import": 2844324, "export": 0, "id": "TW"}, {"import": 30149500, "export": 0, "id": "KH"}, {"import": 20146726, "export": 0, "id": "TH"}, {"import": 94811227, "export": 0, "id": "PK"}, {"import": 53890, "export": 0, "id": "JP"}, {"import": 0, "export": 0, "id": "IN"}, {"import": 0, "export": 81400000, "id": "-"}, {"import": 0, "export": 0, "id": "DE"}, {"import": 0, "export": 392800, "id": "RU"}, {"import": 5, "export": 21042312, "id": "US"}, {"import": 0, "export": 184000, "id": "IL"}, {"import": 0, "export": 0, "id": "IT"}, {"import": 0, "export": 0, "id": "LA"}, {"import": 0, "export": 0, "id": "CN"}, {"import": 0, "export": 1500000, "id": "MG"}, {"import": 0, "export": 0, "id": "GN"}, {"import": 0, "export": 15000000, "id": "CM"}, {"import": 0, "export": 13000000, "id": "CD"}, {"import": 0, "export": 0, "id": "GH"}, {"import": 0, "export": 6884500, "id": "PG"}, {"import": 0, "export": 500000, "id": "MZ"}, {"import": 0, "export": 0, "id": "TL"}, {"import": 0, "export": 600796, "id": "SB"}, {"import": 0, "export": 5750000, "id": "SY"}, {"import": 0, "export": 3000000, "id": "SS"}, {"import": 0, "export": 3003516, "id": "MN"}, {"import": 0, "export": 0, "id": "LB"}, {"import": 0, "export": 200000, "id": "FJ"}, {"import": 0, "export": 0, "id": "GQ"}, {"import": 0, "export": 0, "id": "VU"}, {"import": 0, "export": 0, "id": "SD"}, {"import": 0, "export": 0, "id": "KI"}, {"import": 0, "export": 120541, "id": "WS"}, {"import": 0, "export": 1724000, "id": "AO"}, {"import": 0, "export": 100000, "id": "MO"}, {"import": 0, "export": 153900, "id": "AU"}, {"import": 0, "export": 105600, "id": "NL"}, {"import": 0, "export": 157338, "id": "CA"}, {"import": 0, "export": 0, "id": "MH"}, {"import": 0, "export": 0, "id": "TO"}, {"import": 0, "export": 0, "id": "CK"}, {"import": 0, "export": 20500, "id": "KE"}, {"import": 0, "export": 17440, "id": "NZ"}, {"import": 0, "export": 25600000, "id": "NE"}, {"import": 0, "export": 0, "id": "FM"}, {"import": 0, "export": 0, "id": "PH"}, {"import": 0, "export": 20000, "id": "PT"}, {"import": 0, "export": 10000000, "id": "GW"}, {"import": 0, "export": 25000, "id": "SA"}, {"import": 0, "export": 10000000, "id": "SN"}, {"import": 0, "export": 15000000, "id": "SL"}, {"import": 0, "export": 40000, "id": "SG"}, {"import": 0, "export": 2975000, "id": "SO"}, {"import": 0, "export": 1000000, "id": "ZA"}, {"import": 0, "export": 500000, "id": "ZW"}, {"import": 0, "export": 0, "id": "ES"}, {"import": 0, "export": 0, "id": "JO"}, {"import": 0, "export": 1300000, "id": "LS"}, {"import": 0, "export": 1200000, "id": "LR"}, {"import": 0, "export": 125000, "id": "MD"}, {"import": 0, "export": 50000, "id": "ME"}, {"import": 0, "export": 1250000, "id": "MA"}, {"import": 0, "export": 0, "id": "OM"}, {"import": 0, "export": 0, "id": "MW"}, {"import": 0, "export": 0, "id": "MY"}, {"import": 0, "export": 5949170, "id": "KP"}, {"import": 0, "export": 2000000, "id": "KR"}, {"import": 0, "export": 0, "id": "KW"}, {"import": 0, "export": 0, "id": "IR"}, {"import": 0, "export": 0, "id": "IQ"}, {"import": 0, "export": 0, "id": "ET"}, {"import": 0, "export": 0, "id": "FI"}, {"import": 0, "export": 0, "id": "DJ"}, {"import": 0, "export": 0, "id": "GM"}, {"import": 0, "export": 500000, "id": "HR"}, {"import": 0, "export": 0, "id": "CY"}, {"import": 0, "export": 30000000, "id": "BJ"}, {"import": 0, "export": 0, "id": "CV"}, {"import": 0, "export": 0, "id": "CF"}, {"import": 0, "export": 0, "id": "TD"}, {"import": 0, "export": 587, "id": "BS"}, {"import": 0, "export": 0, "id": "BD"}, {"import": 0, "export": 0, "id": "BE"}, {"import": 0, "export": 0, "id": "BI"}, {"import": 0, "export": 750000, "id": "BY"}, {"import": 0, "export": 1004000, "id": "AF"}, {"import": 0, "export": 0, "id": "AL"}, {"import": 0, "export": 0, "id": "AE"}, {"import": 0, "export": 62800000, "id": "TR"}, {"import": 0, "export": 0, "id": "TV"}, {"import": 0, "export": 1000000, "id": "UG"}, {"import": 0, "export": 875000, "id": "UA"}, {"import": 0, "export": 0, "id": "EG"}, {"import": 0, "export": 19890, "id": "GB"}, {"import": 0, "export": 0, "id": "TZ"}, {"import": 0, "export": 1000000, "id": "BF"}, {"import": 0, "export": 0, "id": "WF"}, {"import": 0, "export": 0, "id": "PA"}, {"import": 0, "export": 0, "id": "QA"}, {"import": 0, "export": 10000000, "id": "TG"}, {"import": 0, "export": 1200000, "id": "YE"}], "world_import": 206507638, "world_export": 342831370}, {"date": "2019-05-01", "list": [{"import": 17065850, "export": 0, "id": "MM"}, {"import": 78914984, "export": 0, "id": "VN"}, {"import": 9450282, "export": 0, "id": "TW"}, {"import": 12655000, "export": 0, "id": "KH"}, {"import": 12823711, "export": 0, "id": "TH"}, {"import": 31868000, "export": 0, "id": "PK"}, {"import": 93774, "export": 239990, "id": "JP"}, {"import": 0, "export": 0, "id": "IN"}, {"import": 0, "export": 47000000, "id": "-"}, {"import": 0, "export": 0, "id": "DE"}, {"import": 0, "export": 503800, "id": "RU"}, {"import": 1, "export": 80140, "id": "US"}, {"import": 0, "export": 0, "id": "IL"}, {"import": 0, "export": 0, "id": "IT"}, {"import": 0, "export": 0, "id": "LA"}, {"import": 0, "export": 0, "id": "CN"}, {"import": 0, "export": 500000, "id": "MG"}, {"import": 0, "export": 35290000, "id": "GN"}, {"import": 0, "export": 22000000, "id": "CM"}, {"import": 0, "export": 2150000, "id": "CD"}, {"import": 0, "export": 500000, "id": "GH"}, {"import": 0, "export": 14700000, "id": "PG"}, {"import": 0, "export": 0, "id": "MZ"}, {"import": 0, "export": 0, "id": "TL"}, {"import": 0, "export": 0, "id": "SB"}, {"import": 0, "export": 5250000, "id": "SY"}, {"import": 0, "export": 3675000, "id": "SS"}, {"import": 0, "export": 3824230, "id": "MN"}, {"import": 0, "export": 0, "id": "LB"}, {"import": 0, "export": 300000, "id": "FJ"}, {"import": 0, "export": 0, "id": "GQ"}, {"import": 0, "export": 0, "id": "VU"}, {"import": 0, "export": 1000000, "id": "SD"}, {"import": 0, "export": 0, "id": "KI"}, {"import": 0, "export": 0, "id": "WS"}, {"import": 0, "export": 625000, "id": "AO"}, {"import": 0, "export": 100015, "id": "MO"}, {"import": 0, "export": 87000, "id": "AU"}, {"import": 0, "export": 35200, "id": "NL"}, {"import": 0, "export": 126116, "id": "CA"}, {"import": 0, "export": 0, "id": "MH"}, {"import": 0, "export": 0, "id": "TO"}, {"import": 0, "export": 0, "id": "CK"}, {"import": 0, "export": 500000, "id": "KE"}, {"import": 0, "export": 30000, "id": "NZ"}, {"import": 0, "export": 0, "id": "NE"}, {"import": 0, "export": 0, "id": "FM"}, {"import": 0, "export": 0, "id": "PH"}, {"import": 0, "export": 0, "id": "PT"}, {"import": 0, "export": 0, "id": "GW"}, {"import": 0, "export": 0, "id": "SA"}, {"import": 0, "export": 0, "id": "SN"}, {"import": 0, "export": 23690000, "id": "SL"}, {"import": 0, "export": 0, "id": "SG"}, {"import": 0, "export": 0, "id": "SO"}, {"import": 0, "export": 26500, "id": "ZA"}, {"import": 0, "export": 0, "id": "ZW"}, {"import": 0, "export": 0, "id": "ES"}, {"import": 0, "export": 4464000, "id": "JO"}, {"import": 0, "export": 0, "id": "LS"}, {"import": 0, "export": 1275000, "id": "LR"}, {"import": 0, "export": 750000, "id": "MD"}, {"import": 0, "export": 0, "id": "ME"}, {"import": 0, "export": 0, "id": "MA"}, {"import": 0, "export": 0, "id": "OM"}, {"import": 0, "export": 500000, "id": "MW"}, {"import": 0, "export": 0, "id": "MY"}, {"import": 0, "export": 9399145, "id": "KP"}, {"import": 0, "export": 0, "id": "KR"}, {"import": 0, "export": 0, "id": "KW"}, {"import": 0, "export": 0, "id": "IR"}, {"import": 0, "export": 0, "id": "IQ"}, {"import": 0, "export": 0, "id": "ET"}, {"import": 0, "export": 0, "id": "FI"}, {"import": 0, "export": 1036000, "id": "DJ"}, {"import": 0, "export": 0, "id": "GM"}, {"import": 0, "export": 0, "id": "HR"}, {"import": 0, "export": 18000, "id": "CY"}, {"import": 0, "export": 1000000, "id": "BJ"}, {"import": 0, "export": 0, "id": "CV"}, {"import": 0, "export": 200000, "id": "CF"}, {"import": 0, "export": 0, "id": "TD"}, {"import": 0, "export": 0, "id": "BS"}, {"import": 0, "export": 0, "id": "BD"}, {"import": 0, "export": 0, "id": "BE"}, {"import": 0, "export": 0, "id": "BI"}, {"import": 0, "export": 250000, "id": "BY"}, {"import": 0, "export": 0, "id": "AF"}, {"import": 0, "export": 100000, "id": "AL"}, {"import": 0, "export": 25000, "id": "AE"}, {"import": 0, "export": 16750000, "id": "TR"}, {"import": 0, "export": 0, "id": "TV"}, {"import": 0, "export": 0, "id": "UG"}, {"import": 0, "export": 1050000, "id": "UA"}, {"import": 0, "export": 104529000, "id": "EG"}, {"import": 0, "export": 0, "id": "GB"}, {"import": 0, "export": 0, "id": "TZ"}, {"import": 0, "export": 2331000, "id": "BF"}, {"import": 0, "export": 0, "id": "WF"}, {"import": 0, "export": 0, "id": "PA"}, {"import": 0, "export": 50000, "id": "QA"}, {"import": 0, "export": 6000000, "id": "TG"}, {"import": 0, "export": 0, "id": "YE"}], "world_import": 162871602, "world_export": 313813176}, {"date": "2019-06-01", "list": [{"import": 27968200, "export": 0, "id": "MM"}, {"import": 74327221, "export": 0, "id": "VN"}, {"import": 4118332, "export": 0, "id": "TW"}, {"import": 9913500, "export": 0, "id": "KH"}, {"import": 10927248, "export": 0, "id": "TH"}, {"import": 25223645, "export": 0, "id": "PK"}, {"import": 30639, "export": 24040000, "id": "JP"}, {"import": 47000, "export": 0, "id": "IN"}, {"import": 0, "export": 44388000, "id": "-"}, {"import": 0, "export": 0, "id": "DE"}, {"import": 0, "export": 507000, "id": "RU"}, {"import": 169, "export": 35260, "id": "US"}, {"import": 0, "export": 91200, "id": "IL"}, {"import": 0, "export": 0, "id": "IT"}, {"import": 0, "export": 0, "id": "LA"}, {"import": 0, "export": 0, "id": "CN"}, {"import": 0, "export": 33000000, "id": "MG"}, {"import": 0, "export": 8807000, "id": "GN"}, {"import": 0, "export": 10000000, "id": "CM"}, {"import": 0, "export": 0, "id": "CD"}, {"import": 0, "export": 500000, "id": "GH"}, {"import": 0, "export": 17713500, "id": "PG"}, {"import": 0, "export": 10000000, "id": "MZ"}, {"import": 0, "export": 0, "id": "TL"}, {"import": 0, "export": 0, "id": "SB"}, {"import": 0, "export": 3800000, "id": "SY"}, {"import": 0, "export": 1500000, "id": "SS"}, {"import": 0, "export": 6435570, "id": "MN"}, {"import": 0, "export": 1000000, "id": "LB"}, {"import": 0, "export": 700000, "id": "FJ"}, {"import": 0, "export": 0, "id": "GQ"}, {"import": 0, "export": 184000, "id": "VU"}, {"import": 0, "export": 0, "id": "SD"}, {"import": 0, "export": 91861, "id": "KI"}, {"import": 0, "export": 0, "id": "WS"}, {"import": 0, "export": 325000, "id": "AO"}, {"import": 0, "export": 75000, "id": "MO"}, {"import": 0, "export": 175400, "id": "AU"}, {"import": 0, "export": 20160, "id": "NL"}, {"import": 0, "export": 127738, "id": "CA"}, {"import": 0, "export": 68976, "id": "MH"}, {"import": 0, "export": 0, "id": "TO"}, {"import": 0, "export": 22995, "id": "CK"}, {"import": 0, "export": 0, "id": "KE"}, {"import": 0, "export": 17700, "id": "NZ"}, {"import": 0, "export": 1000000, "id": "NE"}, {"import": 0, "export": 0, "id": "FM"}, {"import": 0, "export": 0, "id": "PH"}, {"import": 0, "export": 0, "id": "PT"}, {"import": 0, "export": 0, "id": "GW"}, {"import": 0, "export": 0, "id": "SA"}, {"import": 0, "export": 0, "id": "SN"}, {"import": 0, "export": 10000000, "id": "SL"}, {"import": 0, "export": 38000, "id": "SG"}, {"import": 0, "export": 0, "id": "SO"}, {"import": 0, "export": 24000, "id": "ZA"}, {"import": 0, "export": 1000000, "id": "ZW"}, {"import": 0, "export": 0, "id": "ES"}, {"import": 0, "export": 2736000, "id": "JO"}, {"import": 0, "export": 1657000, "id": "LS"}, {"import": 0, "export": 500000, "id": "LR"}, {"import": 0, "export": 375000, "id": "MD"}, {"import": 0, "export": 50000, "id": "ME"}, {"import": 0, "export": 0, "id": "MA"}, {"import": 0, "export": 0, "id": "OM"}, {"import": 0, "export": 1000000, "id": "MW"}, {"import": 0, "export": 0, "id": "MY"}, {"import": 0, "export": 7567825, "id": "KP"}, {"import": 0, "export": 0, "id": "KR"}, {"import": 0, "export": 275000, "id": "KW"}, {"import": 0, "export": 0, "id": "IR"}, {"import": 0, "export": 0, "id": "IQ"}, {"import": 0, "export": 0, "id": "ET"}, {"import": 0, "export": 0, "id": "FI"}, {"import": 0, "export": 0, "id": "DJ"}, {"import": 0, "export": 0, "id": "GM"}, {"import": 0, "export": 325000, "id": "HR"}, {"import": 0, "export": 0, "id": "CY"}, {"import": 0, "export": 1609000, "id": "BJ"}, {"import": 0, "export": 0, "id": "CV"}, {"import": 0, "export": 0, "id": "CF"}, {"import": 0, "export": 0, "id": "TD"}, {"import": 0, "export": 0, "id": "BS"}, {"import": 0, "export": 0, "id": "BD"}, {"import": 0, "export": 0, "id": "BE"}, {"import": 0, "export": 1080000, "id": "BI"}, {"import": 0, "export": 250000, "id": "BY"}, {"import": 0, "export": 0, "id": "AF"}, {"import": 0, "export": 0, "id": "AL"}, {"import": 0, "export": 45000, "id": "AE"}, {"import": 0, "export": 26000000, "id": "TR"}, {"import": 0, "export": 0, "id": "TV"}, {"import": 0, "export": 1000000, "id": "UG"}, {"import": 0, "export": 600000, "id": "UA"}, {"import": 0, "export": 73971000, "id": "EG"}, {"import": 0, "export": 0, "id": "GB"}, {"import": 0, "export": 0, "id": "TZ"}, {"import": 0, "export": 0, "id": "BF"}, {"import": 0, "export": 0, "id": "WF"}, {"import": 0, "export": 0, "id": "PA"}, {"import": 0, "export": 0, "id": "QA"}, {"import": 0, "export": 0, "id": "TG"}, {"import": 0, "export": 0, "id": "YE"}], "world_import": 152555954, "world_export": 296934625}, {"date": "2019-07-01", "list": [{"import": 36896150, "export": 0, "id": "MM"}, {"import": 43167537, "export": 0, "id": "VN"}, {"import": 2899, "export": 0, "id": "TW"}, {"import": 4962010, "export": 0, "id": "KH"}, {"import": 10381804, "export": 0, "id": "TH"}, {"import": 14066270, "export": 0, "id": "PK"}, {"import": 68850, "export": 180000, "id": "JP"}, {"import": 500000, "export": 0, "id": "IN"}, {"import": 0, "export": 42700000, "id": "-"}, {"import": 0, "export": 0, "id": "DE"}, {"import": 50, "export": 1191000, "id": "RU"}, {"import": 0, "export": 21033660, "id": "US"}, {"import": 0, "export": 91200, "id": "IL"}, {"import": 9360, "export": 0, "id": "IT"}, {"import": 600000, "export": 0, "id": "LA"}, {"import": 0, "export": 0, "id": "CN"}, {"import": 0, "export": 0, "id": "MG"}, {"import": 0, "export": 625000, "id": "GN"}, {"import": 0, "export": 0, "id": "CM"}, {"import": 0, "export": 10000000, "id": "CD"}, {"import": 0, "export": 500000, "id": "GH"}, {"import": 0, "export": 11662000, "id": "PG"}, {"import": 0, "export": 0, "id": "MZ"}, {"import": 0, "export": 1250020, "id": "TL"}, {"import": 0, "export": 0, "id": "SB"}, {"import": 0, "export": 4902000, "id": "SY"}, {"import": 0, "export": 1660000, "id": "SS"}, {"import": 0, "export": 4480502, "id": "MN"}, {"import": 0, "export": 0, "id": "LB"}, {"import": 0, "export": 1000000, "id": "FJ"}, {"import": 0, "export": 0, "id": "GQ"}, {"import": 0, "export": 1770284, "id": "VU"}, {"import": 0, "export": 250000, "id": "SD"}, {"import": 0, "export": 828244, "id": "KI"}, {"import": 0, "export": 0, "id": "WS"}, {"import": 0, "export": 500000, "id": "AO"}, {"import": 0, "export": 88000, "id": "MO"}, {"import": 0, "export": 214800, "id": "AU"}, {"import": 0, "export": 158400, "id": "NL"}, {"import": 0, "export": 39964, "id": "CA"}, {"import": 0, "export": 114960, "id": "MH"}, {"import": 0, "export": 22995, "id": "TO"}, {"import": 0, "export": 22975, "id": "CK"}, {"import": 0, "export": 1500000, "id": "KE"}, {"import": 0, "export": 0, "id": "NZ"}, {"import": 0, "export": 1000000, "id": "NE"}, {"import": 0, "export": 114907, "id": "FM"}, {"import": 0, "export": 0, "id": "PH"}, {"import": 0, "export": 0, "id": "PT"}, {"import": 0, "export": 0, "id": "GW"}, {"import": 0, "export": 0, "id": "SA"}, {"import": 0, "export": 19200000, "id": "SN"}, {"import": 0, "export": 1500000, "id": "SL"}, {"import": 0, "export": 0, "id": "SG"}, {"import": 0, "export": 0, "id": "SO"}, {"import": 0, "export": 1000000, "id": "ZA"}, {"import": 0, "export": 1500000, "id": "ZW"}, {"import": 0, "export": 0, "id": "ES"}, {"import": 0, "export": 0, "id": "JO"}, {"import": 0, "export": 0, "id": "LS"}, {"import": 0, "export": 500000, "id": "LR"}, {"import": 0, "export": 0, "id": "MD"}, {"import": 0, "export": 50000, "id": "ME"}, {"import": 0, "export": 0, "id": "MA"}, {"import": 0, "export": 0, "id": "OM"}, {"import": 0, "export": 0, "id": "MW"}, {"import": 0, "export": 0, "id": "MY"}, {"import": 0, "export": 36811660, "id": "KP"}, {"import": 0, "export": 0, "id": "KR"}, {"import": 0, "export": 0, "id": "KW"}, {"import": 0, "export": 0, "id": "IR"}, {"import": 0, "export": 0, "id": "IQ"}, {"import": 0, "export": 0, "id": "ET"}, {"import": 0, "export": 0, "id": "FI"}, {"import": 0, "export": 0, "id": "DJ"}, {"import": 0, "export": 0, "id": "GM"}, {"import": 0, "export": 500000, "id": "HR"}, {"import": 0, "export": 0, "id": "CY"}, {"import": 0, "export": 0, "id": "BJ"}, {"import": 0, "export": 0, "id": "CV"}, {"import": 0, "export": 200000, "id": "CF"}, {"import": 0, "export": 700000, "id": "TD"}, {"import": 0, "export": 0, "id": "BS"}, {"import": 0, "export": 0, "id": "BD"}, {"import": 0, "export": 0, "id": "BE"}, {"import": 0, "export": 1080000, "id": "BI"}, {"import": 0, "export": 0, "id": "BY"}, {"import": 0, "export": 0, "id": "AF"}, {"import": 0, "export": 0, "id": "AL"}, {"import": 0, "export": 0, "id": "AE"}, {"import": 0, "export": 10650000, "id": "TR"}, {"import": 0, "export": 41450, "id": "TV"}, {"import": 0, "export": 1180000, "id": "UG"}, {"import": 0, "export": 1250000, "id": "UA"}, {"import": 0, "export": 82500000, "id": "EG"}, {"import": 0, "export": 0, "id": "GB"}, {"import": 0, "export": 0, "id": "TZ"}, {"import": 0, "export": 0, "id": "BF"}, {"import": 0, "export": 0, "id": "WF"}, {"import": 0, "export": 700, "id": "PA"}, {"import": 0, "export": 0, "id": "QA"}, {"import": 0, "export": 0, "id": "TG"}, {"import": 0, "export": 1000000, "id": "YE"}], "world_import": 110654930, "world_export": 332293741}, {"date": "2019-08-01", "list": [{"import": 53061200, "export": 0, "id": "MM"}, {"import": 19213000, "export": 0, "id": "VN"}, {"import": 1277180, "export": 0, "id": "TW"}, {"import": 5873230, "export": 0, "id": "KH"}, {"import": 8316147, "export": 0, "id": "TH"}, {"import": 8955250, "export": 0, "id": "PK"}, {"import": 301, "export": 60000, "id": "JP"}, {"import": 0, "export": 0, "id": "IN"}, {"import": 0, "export": 0, "id": "-"}, {"import": 0, "export": 0, "id": "DE"}, {"import": 0, "export": 1477650, "id": "RU"}, {"import": 118, "export": 77679, "id": "US"}, {"import": 0, "export": 91200, "id": "IL"}, {"import": 0, "export": 0, "id": "IT"}, {"import": 7325400, "export": 0, "id": "LA"}, {"import": 0, "export": 0, "id": "CN"}, {"import": 0, "export": 0, "id": "MG"}, {"import": 0, "export": 1235000, "id": "GN"}, {"import": 0, "export": 20000000, "id": "CM"}, {"import": 0, "export": 0, "id": "CD"}, {"import": 0, "export": 3000000, "id": "GH"}, {"import": 0, "export": 11686500, "id": "PG"}, {"import": 0, "export": 4000000, "id": "MZ"}, {"import": 0, "export": 0, "id": "TL"}, {"import": 0, "export": 0, "id": "SB"}, {"import": 0, "export": 2250000, "id": "SY"}, {"import": 0, "export": 0, "id": "SS"}, {"import": 0, "export": 4069300, "id": "MN"}, {"import": 0, "export": 1500000, "id": "LB"}, {"import": 0, "export": 500000, "id": "FJ"}, {"import": 0, "export": 0, "id": "GQ"}, {"import": 0, "export": 1471245, "id": "VU"}, {"import": 0, "export": 0, "id": "SD"}, {"import": 0, "export": 942340, "id": "KI"}, {"import": 0, "export": 367651, "id": "WS"}, {"import": 0, "export": 0, "id": "AO"}, {"import": 0, "export": 64450, "id": "MO"}, {"import": 0, "export": 303200, "id": "AU"}, {"import": 0, "export": 35200, "id": "NL"}, {"import": 0, "export": 59644, "id": "CA"}, {"import": 0, "export": 91974, "id": "MH"}, {"import": 0, "export": 22995, "id": "TO"}, {"import": 0, "export": 45975, "id": "CK"}, {"import": 0, "export": 2022500, "id": "KE"}, {"import": 0, "export": 37600, "id": "NZ"}, {"import": 0, "export": 35627000, "id": "NE"}, {"import": 0, "export": 68878, "id": "FM"}, {"import": 0, "export": 0, "id": "PH"}, {"import": 0, "export": 0, "id": "PT"}, {"import": 0, "export": 0, "id": "GW"}, {"import": 0, "export": 0, "id": "SA"}, {"import": 0, "export": 32000000, "id": "SN"}, {"import": 0, "export": 20000000, "id": "SL"}, {"import": 0, "export": 0, "id": "SG"}, {"import": 0, "export": 0, "id": "SO"}, {"import": 0, "export": 1096000, "id": "ZA"}, {"import": 0, "export": 3000000, "id": "ZW"}, {"import": 0, "export": 125000, "id": "ES"}, {"import": 0, "export": 0, "id": "JO"}, {"import": 0, "export": 0, "id": "LS"}, {"import": 0, "export": 0, "id": "LR"}, {"import": 0, "export": 0, "id": "MD"}, {"import": 0, "export": 0, "id": "ME"}, {"import": 0, "export": 750000, "id": "MA"}, {"import": 0, "export": 0, "id": "OM"}, {"import": 0, "export": 0, "id": "MW"}, {"import": 0, "export": 0, "id": "MY"}, {"import": 0, "export": 32139267, "id": "KP"}, {"import": 0, "export": 0, "id": "KR"}, {"import": 0, "export": 0, "id": "KW"}, {"import": 0, "export": 50000, "id": "IR"}, {"import": 0, "export": 0, "id": "IQ"}, {"import": 0, "export": 0, "id": "ET"}, {"import": 0, "export": 0, "id": "FI"}, {"import": 0, "export": 0, "id": "DJ"}, {"import": 0, "export": 0, "id": "GM"}, {"import": 0, "export": 500000, "id": "HR"}, {"import": 0, "export": 0, "id": "CY"}, {"import": 0, "export": 0, "id": "BJ"}, {"import": 0, "export": 0, "id": "CV"}, {"import": 0, "export": 0, "id": "CF"}, {"import": 0, "export": 700000, "id": "TD"}, {"import": 0, "export": 0, "id": "BS"}, {"import": 0, "export": 0, "id": "BD"}, {"import": 0, "export": 0, "id": "BE"}, {"import": 0, "export": 1080000, "id": "BI"}, {"import": 0, "export": 250000, "id": "BY"}, {"import": 0, "export": 0, "id": "AF"}, {"import": 0, "export": 0, "id": "AL"}, {"import": 0, "export": 0, "id": "AE"}, {"import": 0, "export": 36500000, "id": "TR"}, {"import": 0, "export": 62184, "id": "TV"}, {"import": 0, "export": 1180000, "id": "UG"}, {"import": 0, "export": 1750000, "id": "UA"}, {"import": 0, "export": 0, "id": "EG"}, {"import": 0, "export": 19890, "id": "GB"}, {"import": 0, "export": 0, "id": "TZ"}, {"import": 0, "export": 0, "id": "BF"}, {"import": 0, "export": 91920, "id": "WF"}, {"import": 0, "export": 0, "id": "PA"}, {"import": 0, "export": 0, "id": "QA"}, {"import": 0, "export": 6000000, "id": "TG"}, {"import": 0, "export": 0, "id": "YE"}], "world_import": 104021826, "world_export": 230567562}, {"date": "2019-09-01", "list": [{"import": 89303744, "export": 0, "id": "MM"}, {"import": 27345700, "export": 0, "id": "VN"}, {"import": 3210867, "export": 0, "id": "TW"}, {"import": 15308808, "export": 0, "id": "KH"}, {"import": 7322230, "export": 0, "id": "TH"}, {"import": 1125000, "export": 0, "id": "PK"}, {"import": 59261, "export": 0, "id": "JP"}, {"import": 18000, "export": 0, "id": "IN"}, {"import": 0, "export": 0, "id": "-"}, {"import": 36, "export": 20400, "id": "DE"}, {"import": 0, "export": 1396675, "id": "RU"}, {"import": 2, "export": 25144, "id": "US"}, {"import": 0, "export": 91200, "id": "IL"}, {"import": 0, "export": 0, "id": "IT"}, {"import": 5226800, "export": 0, "id": "LA"}, {"import": 0, "export": 0, "id": "CN"}, {"import": 0, "export": 0, "id": "MG"}, {"import": 0, "export": 0, "id": "GN"}, {"import": 0, "export": 0, "id": "CM"}, {"import": 0, "export": 0, "id": "CD"}, {"import": 0, "export": 3000000, "id": "GH"}, {"import": 0, "export": 10584000, "id": "PG"}, {"import": 0, "export": 2000000, "id": "MZ"}, {"import": 0, "export": 1250000, "id": "TL"}, {"import": 0, "export": 0, "id": "SB"}, {"import": 0, "export": 1150000, "id": "SY"}, {"import": 0, "export": 0, "id": "SS"}, {"import": 0, "export": 2895500, "id": "MN"}, {"import": 0, "export": 500000, "id": "LB"}, {"import": 0, "export": 1300000, "id": "FJ"}, {"import": 0, "export": 0, "id": "GQ"}, {"import": 0, "export": 390910, "id": "VU"}, {"import": 0, "export": 1000000, "id": "SD"}, {"import": 0, "export": 0, "id": "KI"}, {"import": 0, "export": 390664, "id": "WS"}, {"import": 0, "export": 0, "id": "AO"}, {"import": 0, "export": 200000, "id": "MO"}, {"import": 0, "export": 61200, "id": "AU"}, {"import": 0, "export": 0, "id": "NL"}, {"import": 0, "export": 168400, "id": "CA"}, {"import": 0, "export": 160956, "id": "MH"}, {"import": 0, "export": 22995, "id": "TO"}, {"import": 0, "export": 45970, "id": "CK"}, {"import": 0, "export": 0, "id": "KE"}, {"import": 0, "export": 14500, "id": "NZ"}, {"import": 0, "export": 0, "id": "NE"}, {"import": 0, "export": 137827, "id": "FM"}, {"import": 0, "export": 0, "id": "PH"}, {"import": 0, "export": 0, "id": "PT"}, {"import": 0, "export": 0, "id": "GW"}, {"import": 0, "export": 0, "id": "SA"}, {"import": 0, "export": 0, "id": "SN"}, {"import": 0, "export": 1700000, "id": "SL"}, {"import": 0, "export": 0, "id": "SG"}, {"import": 0, "export": 0, "id": "SO"}, {"import": 0, "export": 2525000, "id": "ZA"}, {"import": 0, "export": 1500000, "id": "ZW"}, {"import": 0, "export": 0, "id": "ES"}, {"import": 0, "export": 0, "id": "JO"}, {"import": 0, "export": 0, "id": "LS"}, {"import": 0, "export": 0, "id": "LR"}, {"import": 0, "export": 0, "id": "MD"}, {"import": 0, "export": 0, "id": "ME"}, {"import": 0, "export": 775000, "id": "MA"}, {"import": 0, "export": 0, "id": "OM"}, {"import": 0, "export": 1400000, "id": "MW"}, {"import": 0, "export": 0, "id": "MY"}, {"import": 0, "export": 33491853, "id": "KP"}, {"import": 0, "export": 0, "id": "KR"}, {"import": 0, "export": 0, "id": "KW"}, {"import": 0, "export": 0, "id": "IR"}, {"import": 0, "export": 0, "id": "IQ"}, {"import": 0, "export": 0, "id": "ET"}, {"import": 0, "export": 0, "id": "FI"}, {"import": 0, "export": 0, "id": "DJ"}, {"import": 0, "export": 0, "id": "GM"}, {"import": 0, "export": 0, "id": "HR"}, {"import": 0, "export": 18630, "id": "CY"}, {"import": 0, "export": 0, "id": "BJ"}, {"import": 0, "export": 0, "id": "CV"}, {"import": 0, "export": 0, "id": "CF"}, {"import": 0, "export": 700000, "id": "TD"}, {"import": 0, "export": 0, "id": "BS"}, {"import": 0, "export": 0, "id": "BD"}, {"import": 0, "export": 0, "id": "BE"}, {"import": 0, "export": 0, "id": "BI"}, {"import": 0, "export": 0, "id": "BY"}, {"import": 0, "export": 0, "id": "AF"}, {"import": 0, "export": 100000, "id": "AL"}, {"import": 0, "export": 0, "id": "AE"}, {"import": 0, "export": 13250000, "id": "TR"}, {"import": 0, "export": 0, "id": "TV"}, {"import": 0, "export": 0, "id": "UG"}, {"import": 0, "export": 1000000, "id": "UA"}, {"import": 0, "export": 0, "id": "EG"}, {"import": 0, "export": 35200, "id": "GB"}, {"import": 0, "export": 0, "id": "TZ"}, {"import": 0, "export": 0, "id": "BF"}, {"import": 0, "export": 68940, "id": "WF"}, {"import": 0, "export": 0, "id": "PA"}, {"import": 0, "export": 0, "id": "QA"}, {"import": 0, "export": 0, "id": "TG"}, {"import": 0, "export": 0, "id": "YE"}], "world_import": 148920448, "world_export": 85216664}, {"date": "2019-10-01", "list": [{"import": 85851197, "export": 0, "id": "MM"}, {"import": 18196400, "export": 0, "id": "VN"}, {"import": 1001226, "export": 0, "id": "TW"}, {"import": 22559000, "export": 0, "id": "KH"}, {"import": 6640782, "export": 0, "id": "TH"}, {"import": 3671000, "export": 0, "id": "PK"}, {"import": 45284, "export": 0, "id": "JP"}, {"import": 20000, "export": 0, "id": "IN"}, {"import": 0, "export": 29200000, "id": "-"}, {"import": 0, "export": 0, "id": "DE"}, {"import": 0, "export": 1229500, "id": "RU"}, {"import": 2, "export": 21033644, "id": "US"}, {"import": 0, "export": 0, "id": "IL"}, {"import": 0, "export": 0, "id": "IT"}, {"import": 5284300, "export": 0, "id": "LA"}, {"import": 0, "export": 0, "id": "CN"}, {"import": 0, "export": 31500000, "id": "MG"}, {"import": 0, "export": 625000, "id": "GN"}, {"import": 0, "export": 30000000, "id": "CM"}, {"import": 0, "export": 0, "id": "CD"}, {"import": 0, "export": 0, "id": "GH"}, {"import": 0, "export": 10682000, "id": "PG"}, {"import": 0, "export": 10130000, "id": "MZ"}, {"import": 0, "export": 3750020, "id": "TL"}, {"import": 0, "export": 0, "id": "SB"}, {"import": 0, "export": 1300000, "id": "SY"}, {"import": 0, "export": 0, "id": "SS"}, {"import": 0, "export": 2318500, "id": "MN"}, {"import": 0, "export": 3050000, "id": "LB"}, {"import": 0, "export": 700000, "id": "FJ"}, {"import": 0, "export": 0, "id": "GQ"}, {"import": 0, "export": 781821, "id": "VU"}, {"import": 0, "export": 0, "id": "SD"}, {"import": 0, "export": 735050, "id": "KI"}, {"import": 0, "export": 91881, "id": "WS"}, {"import": 0, "export": 125000, "id": "AO"}, {"import": 0, "export": 100000, "id": "MO"}, {"import": 0, "export": 203600, "id": "AU"}, {"import": 0, "export": 35200, "id": "NL"}, {"import": 0, "export": 211462, "id": "CA"}, {"import": 0, "export": 160944, "id": "MH"}, {"import": 0, "export": 0, "id": "TO"}, {"import": 0, "export": 22975, "id": "CK"}, {"import": 0, "export": 2000000, "id": "KE"}, {"import": 0, "export": 32700, "id": "NZ"}, {"import": 0, "export": 30366000, "id": "NE"}, {"import": 0, "export": 68909, "id": "FM"}, {"import": 0, "export": 3075000, "id": "PH"}, {"import": 0, "export": 0, "id": "PT"}, {"import": 0, "export": 0, "id": "GW"}, {"import": 0, "export": 0, "id": "SA"}, {"import": 0, "export": 30000000, "id": "SN"}, {"import": 0, "export": 0, "id": "SL"}, {"import": 0, "export": 38000, "id": "SG"}, {"import": 0, "export": 0, "id": "SO"}, {"import": 0, "export": 24000, "id": "ZA"}, {"import": 0, "export": 1165000, "id": "ZW"}, {"import": 0, "export": 0, "id": "ES"}, {"import": 0, "export": 0, "id": "JO"}, {"import": 0, "export": 0, "id": "LS"}, {"import": 0, "export": 500000, "id": "LR"}, {"import": 0, "export": 0, "id": "MD"}, {"import": 0, "export": 0, "id": "ME"}, {"import": 0, "export": 250000, "id": "MA"}, {"import": 0, "export": 0, "id": "OM"}, {"import": 0, "export": 1400000, "id": "MW"}, {"import": 0, "export": 0, "id": "MY"}, {"import": 0, "export": 16660675, "id": "KP"}, {"import": 0, "export": 22000, "id": "KR"}, {"import": 0, "export": 0, "id": "KW"}, {"import": 0, "export": 0, "id": "IR"}, {"import": 0, "export": 0, "id": "IQ"}, {"import": 0, "export": 0, "id": "ET"}, {"import": 0, "export": 0, "id": "FI"}, {"import": 0, "export": 0, "id": "DJ"}, {"import": 0, "export": 0, "id": "GM"}, {"import": 0, "export": 0, "id": "HR"}, {"import": 0, "export": 0, "id": "CY"}, {"import": 0, "export": 0, "id": "BJ"}, {"import": 0, "export": 0, "id": "CV"}, {"import": 0, "export": 0, "id": "CF"}, {"import": 0, "export": 700000, "id": "TD"}, {"import": 0, "export": 0, "id": "BS"}, {"import": 0, "export": 0, "id": "BD"}, {"import": 0, "export": 42000, "id": "BE"}, {"import": 0, "export": 1074000, "id": "BI"}, {"import": 0, "export": 500000, "id": "BY"}, {"import": 0, "export": 0, "id": "AF"}, {"import": 0, "export": 0, "id": "AL"}, {"import": 0, "export": 0, "id": "AE"}, {"import": 0, "export": 4500000, "id": "TR"}, {"import": 0, "export": 20716, "id": "TV"}, {"import": 0, "export": 2360000, "id": "UG"}, {"import": 0, "export": 250000, "id": "UA"}, {"import": 0, "export": 0, "id": "EG"}, {"import": 0, "export": 0, "id": "GB"}, {"import": 0, "export": 260000, "id": "TZ"}, {"import": 0, "export": 0, "id": "BF"}, {"import": 0, "export": 0, "id": "WF"}, {"import": 0, "export": 0, "id": "PA"}, {"import": 0, "export": 0, "id": "QA"}, {"import": 0, "export": 0, "id": "TG"}, {"import": 0, "export": 0, "id": "YE"}], "world_import": 143269191, "world_export": 244968097}, {"date": "2019-11-01", "list": [{"import": 90671878, "export": 0, "id": "MM"}, {"import": 12429675, "export": 0, "id": "VN"}, {"import": 1000010, "export": 0, "id": "TW"}, {"import": 21016000, "export": 0, "id": "KH"}, {"import": 18182745, "export": 0, "id": "TH"}, {"import": 35392000, "export": 45617, "id": "PK"}, {"import": 213296, "export": 79980, "id": "JP"}, {"import": 26000, "export": 0, "id": "IN"}, {"import": 0, "export": 0, "id": "-"}, {"import": 0, "export": 0, "id": "DE"}, {"import": 0, "export": 574900, "id": "RU"}, {"import": 5, "export": 136376, "id": "US"}, {"import": 0, "export": 182400, "id": "IL"}, {"import": 0, "export": 0, "id": "IT"}, {"import": 14978500, "export": 0, "id": "LA"}, {"import": 0, "export": 0, "id": "CN"}, {"import": 0, "export": 0, "id": "MG"}, {"import": 0, "export": 0, "id": "GN"}, {"import": 0, "export": 5000000, "id": "CM"}, {"import": 0, "export": 0, "id": "CD"}, {"import": 0, "export": 0, "id": "GH"}, {"import": 0, "export": 5488000, "id": "PG"}, {"import": 0, "export": 1900000, "id": "MZ"}, {"import": 0, "export": 3750020, "id": "TL"}, {"import": 0, "export": 0, "id": "SB"}, {"import": 0, "export": 0, "id": "SY"}, {"import": 0, "export": 0, "id": "SS"}, {"import": 0, "export": 3611900, "id": "MN"}, {"import": 0, "export": 1750000, "id": "LB"}, {"import": 0, "export": 500000, "id": "FJ"}, {"import": 0, "export": 0, "id": "GQ"}, {"import": 0, "export": 1333075, "id": "VU"}, {"import": 0, "export": 1250000, "id": "SD"}, {"import": 0, "export": 1010694, "id": "KI"}, {"import": 0, "export": 183833, "id": "WS"}, {"import": 0, "export": 125000, "id": "AO"}, {"import": 0, "export": 82000, "id": "MO"}, {"import": 0, "export": 134200, "id": "AU"}, {"import": 0, "export": 214600, "id": "NL"}, {"import": 0, "export": 124780, "id": "CA"}, {"import": 0, "export": 114978, "id": "MH"}, {"import": 0, "export": 0, "id": "TO"}, {"import": 0, "export": 22995, "id": "CK"}, {"import": 0, "export": 2000000, "id": "KE"}, {"import": 0, "export": 28800, "id": "NZ"}, {"import": 0, "export": 0, "id": "NE"}, {"import": 0, "export": 206789, "id": "FM"}, {"import": 0, "export": 0, "id": "PH"}, {"import": 0, "export": 0, "id": "PT"}, {"import": 0, "export": 0, "id": "GW"}, {"import": 0, "export": 0, "id": "SA"}, {"import": 0, "export": 0, "id": "SN"}, {"import": 0, "export": 30723000, "id": "SL"}, {"import": 0, "export": 36480, "id": "SG"}, {"import": 0, "export": 0, "id": "SO"}, {"import": 0, "export": 0, "id": "ZA"}, {"import": 0, "export": 1800000, "id": "ZW"}, {"import": 0, "export": 0, "id": "ES"}, {"import": 0, "export": 0, "id": "JO"}, {"import": 0, "export": 0, "id": "LS"}, {"import": 0, "export": 12000000, "id": "LR"}, {"import": 0, "export": 0, "id": "MD"}, {"import": 0, "export": 0, "id": "ME"}, {"import": 0, "export": 250000, "id": "MA"}, {"import": 0, "export": 0, "id": "OM"}, {"import": 0, "export": 0, "id": "MW"}, {"import": 0, "export": 0, "id": "MY"}, {"import": 0, "export": 8234183, "id": "KP"}, {"import": 0, "export": 0, "id": "KR"}, {"import": 0, "export": 0, "id": "KW"}, {"import": 0, "export": 0, "id": "IR"}, {"import": 0, "export": 0, "id": "IQ"}, {"import": 0, "export": 0, "id": "ET"}, {"import": 0, "export": 0, "id": "FI"}, {"import": 0, "export": 0, "id": "DJ"}, {"import": 0, "export": 0, "id": "GM"}, {"import": 0, "export": 0, "id": "HR"}, {"import": 0, "export": 0, "id": "CY"}, {"import": 0, "export": 0, "id": "BJ"}, {"import": 0, "export": 0, "id": "CV"}, {"import": 0, "export": 220000, "id": "CF"}, {"import": 0, "export": 700000, "id": "TD"}, {"import": 0, "export": 0, "id": "BS"}, {"import": 0, "export": 200000, "id": "BD"}, {"import": 0, "export": 0, "id": "BE"}, {"import": 0, "export": 413000, "id": "BI"}, {"import": 0, "export": 0, "id": "BY"}, {"import": 0, "export": 0, "id": "AF"}, {"import": 0, "export": 0, "id": "AL"}, {"import": 0, "export": 0, "id": "AE"}, {"import": 0, "export": 5000000, "id": "TR"}, {"import": 0, "export": 20734, "id": "TV"}, {"import": 0, "export": 1179000, "id": "UG"}, {"import": 0, "export": 0, "id": "UA"}, {"import": 0, "export": 0, "id": "EG"}, {"import": 0, "export": 19890, "id": "GB"}, {"import": 0, "export": 0, "id": "TZ"}, {"import": 0, "export": 0, "id": "BF"}, {"import": 0, "export": 45960, "id": "WF"}, {"import": 0, "export": 0, "id": "PA"}, {"import": 0, "export": 0, "id": "QA"}, {"import": 0, "export": 375000, "id": "TG"}, {"import": 0, "export": 1000000, "id": "YE"}], "world_import": 193910109, "world_export": 93853944}, {"date": "2019-12-01", "list": [{"import": 89932645, "export": 0, "id": "MM"}, {"import": 23507980, "export": 0, "id": "VN"}, {"import": 3714248, "export": 0, "id": "TW"}, {"import": 26277600, "export": 0, "id": "KH"}, {"import": 49020547, "export": 0, "id": "TH"}, {"import": 96673895, "export": 0, "id": "PK"}, {"import": 237212, "export": 180480, "id": "JP"}, {"import": 69500, "export": 0, "id": "IN"}, {"import": 0, "export": 0, "id": "-"}, {"import": 0, "export": 0, "id": "DE"}, {"import": 0, "export": 1305300, "id": "RU"}, {"import": 6, "export": 49744, "id": "US"}, {"import": 0, "export": 0, "id": "IL"}, {"import": 0, "export": 0, "id": "IT"}, {"import": 29388200, "export": 0, "id": "LA"}, {"import": 0, "export": 0, "id": "CN"}, {"import": 0, "export": 30000000, "id": "MG"}, {"import": 0, "export": 0, "id": "GN"}, {"import": 0, "export": 15000000, "id": "CM"}, {"import": 0, "export": 0, "id": "CD"}, {"import": 0, "export": 0, "id": "GH"}, {"import": 0, "export": 7987000, "id": "PG"}, {"import": 0, "export": 4500000, "id": "MZ"}, {"import": 0, "export": 0, "id": "TL"}, {"import": 0, "export": 0, "id": "SB"}, {"import": 0, "export": 0, "id": "SY"}, {"import": 0, "export": 0, "id": "SS"}, {"import": 0, "export": 5527755, "id": "MN"}, {"import": 0, "export": 250000, "id": "LB"}, {"import": 0, "export": 1800000, "id": "FJ"}, {"import": 0, "export": 0, "id": "GQ"}, {"import": 0, "export": 505846, "id": "VU"}, {"import": 0, "export": 2000000, "id": "SD"}, {"import": 0, "export": 275644, "id": "KI"}, {"import": 0, "export": 0, "id": "WS"}, {"import": 0, "export": 0, "id": "AO"}, {"import": 0, "export": 246500, "id": "MO"}, {"import": 0, "export": 253000, "id": "AU"}, {"import": 0, "export": 123200, "id": "NL"}, {"import": 0, "export": 176580, "id": "CA"}, {"import": 0, "export": 160956, "id": "MH"}, {"import": 0, "export": 22995, "id": "TO"}, {"import": 0, "export": 22990, "id": "CK"}, {"import": 0, "export": 2046000, "id": "KE"}, {"import": 0, "export": 31620, "id": "NZ"}, {"import": 0, "export": 35000000, "id": "NE"}, {"import": 0, "export": 137830, "id": "FM"}, {"import": 0, "export": 0, "id": "PH"}, {"import": 0, "export": 0, "id": "PT"}, {"import": 0, "export": 10000000, "id": "GW"}, {"import": 0, "export": 25000, "id": "SA"}, {"import": 0, "export": 0, "id": "SN"}, {"import": 0, "export": 19000000, "id": "SL"}, {"import": 0, "export": 29000, "id": "SG"}, {"import": 0, "export": 0, "id": "SO"}, {"import": 0, "export": 0, "id": "ZA"}, {"import": 0, "export": 3500000, "id": "ZW"}, {"import": 0, "export": 0, "id": "ES"}, {"import": 0, "export": 0, "id": "JO"}, {"import": 0, "export": 0, "id": "LS"}, {"import": 0, "export": 18000000, "id": "LR"}, {"import": 0, "export": 100000, "id": "MD"}, {"import": 0, "export": 0, "id": "ME"}, {"import": 0, "export": 0, "id": "MA"}, {"import": 0, "export": 25000, "id": "OM"}, {"import": 0, "export": 0, "id": "MW"}, {"import": 0, "export": 0, "id": "MY"}, {"import": 0, "export": 8591838, "id": "KP"}, {"import": 0, "export": 0, "id": "KR"}, {"import": 0, "export": 0, "id": "KW"}, {"import": 0, "export": 0, "id": "IR"}, {"import": 0, "export": 0, "id": "IQ"}, {"import": 0, "export": 0, "id": "ET"}, {"import": 0, "export": 0, "id": "FI"}, {"import": 0, "export": 0, "id": "DJ"}, {"import": 0, "export": 0, "id": "GM"}, {"import": 0, "export": 0, "id": "HR"}, {"import": 0, "export": 0, "id": "CY"}, {"import": 0, "export": 0, "id": "BJ"}, {"import": 0, "export": 0, "id": "CV"}, {"import": 0, "export": 0, "id": "CF"}, {"import": 0, "export": 0, "id": "TD"}, {"import": 0, "export": 0, "id": "BS"}, {"import": 0, "export": 0, "id": "BD"}, {"import": 0, "export": 0, "id": "BE"}, {"import": 0, "export": 0, "id": "BI"}, {"import": 0, "export": 250000, "id": "BY"}, {"import": 0, "export": 0, "id": "AF"}, {"import": 0, "export": 0, "id": "AL"}, {"import": 0, "export": 25000, "id": "AE"}, {"import": 0, "export": 6750000, "id": "TR"}, {"import": 0, "export": 41450, "id": "TV"}, {"import": 0, "export": 0, "id": "UG"}, {"import": 0, "export": 675000, "id": "UA"}, {"import": 0, "export": 0, "id": "EG"}, {"import": 0, "export": 55090, "id": "GB"}, {"import": 0, "export": 0, "id": "TZ"}, {"import": 0, "export": 0, "id": "BF"}, {"import": 0, "export": 68940, "id": "WF"}, {"import": 0, "export": 0, "id": "PA"}, {"import": 0, "export": 125000, "id": "QA"}, {"import": 0, "export": 625000, "id": "TG"}, {"import": 0, "export": 0, "id": "YE"}], "world_import": 318821833, "world_export": 177382758}, {"date": "2020-03-01", "list": [{"import": 43603990, "export": 0, "id": "MM"}, {"import": 60481250, "export": 0, "id": "VN"}, {"import": 7730679, "export": 0, "id": "TW"}, {"import": 41125100, "export": 0, "id": "KH"}, {"import": 18429220, "export": 200000, "id": "TH"}, {"import": 7839000, "export": 0, "id": "PK"}, {"import": 70148, "export": 12140000, "id": "JP"}, {"import": 42000, "export": 0, "id": "IN"}, {"import": 0, "export": 14000000, "id": "-"}, {"import": 0, "export": 20400, "id": "DE"}, {"import": 0, "export": 0, "id": "RU"}, {"import": 18, "export": 21078104, "id": "US"}, {"import": 0, "export": 0, "id": "IL"}, {"import": 0, "export": 0, "id": "IT"}, {"import": 3025000, "export": 0, "id": "LA"}, {"import": 0, "export": 0, "id": "CN"}, {"import": 0, "export": 0, "id": "MG"}, {"import": 0, "export": 0, "id": "GN"}, {"import": 0, "export": 25000000, "id": "CM"}, {"import": 0, "export": 12000000, "id": "CD"}, {"import": 0, "export": 0, "id": "GH"}, {"import": 0, "export": 11711000, "id": "PG"}, {"import": 0, "export": 1775000, "id": "MZ"}, {"import": 0, "export": 1999990, "id": "TL"}, {"import": 0, "export": 1056198, "id": "SB"}, {"import": 0, "export": 18000000, "id": "SY"}, {"import": 0, "export": 0, "id": "SS"}, {"import": 0, "export": 1487875, "id": "MN"}, {"import": 0, "export": 1375000, "id": "LB"}, {"import": 0, "export": 520000, "id": "FJ"}, {"import": 0, "export": 0, "id": "GQ"}, {"import": 0, "export": 459406, "id": "VU"}, {"import": 0, "export": 10750000, "id": "SD"}, {"import": 0, "export": 68911, "id": "KI"}, {"import": 0, "export": 137876, "id": "WS"}, {"import": 0, "export": 0, "id": "AO"}, {"import": 0, "export": 25000, "id": "MO"}, {"import": 0, "export": 168600, "id": "AU"}, {"import": 0, "export": 52800, "id": "NL"}, {"import": 0, "export": 13000, "id": "CA"}, {"import": 0, "export": 91986, "id": "MH"}, {"import": 0, "export": 0, "id": "TO"}, {"import": 0, "export": 0, "id": "CK"}, {"import": 0, "export": 0, "id": "KE"}, {"import": 0, "export": 13800, "id": "NZ"}, {"import": 0, "export": 0, "id": "NE"}, {"import": 0, "export": 114879, "id": "FM"}, {"import": 0, "export": 0, "id": "PH"}, {"import": 0, "export": 0, "id": "PT"}, {"import": 0, "export": 20000000, "id": "GW"}, {"import": 0, "export": 250000, "id": "SA"}, {"import": 0, "export": 0, "id": "SN"}, {"import": 0, "export": 33000000, "id": "SL"}, {"import": 0, "export": 35000, "id": "SG"}, {"import": 0, "export": 0, "id": "SO"}, {"import": 0, "export": 0, "id": "ZA"}, {"import": 0, "export": 0, "id": "ZW"}, {"import": 0, "export": 0, "id": "ES"}, {"import": 0, "export": 0, "id": "JO"}, {"import": 0, "export": 0, "id": "LS"}, {"import": 0, "export": 0, "id": "LR"}, {"import": 0, "export": 100000, "id": "MD"}, {"import": 0, "export": 0, "id": "ME"}, {"import": 0, "export": 250000, "id": "MA"}, {"import": 0, "export": 0, "id": "OM"}, {"import": 0, "export": 0, "id": "MW"}, {"import": 0, "export": 0, "id": "MY"}, {"import": 0, "export": 0, "id": "KP"}, {"import": 0, "export": 0, "id": "KR"}, {"import": 0, "export": 0, "id": "KW"}, {"import": 0, "export": 0, "id": "IR"}, {"import": 0, "export": 0, "id": "IQ"}, {"import": 0, "export": 0, "id": "ET"}, {"import": 0, "export": 0, "id": "FI"}, {"import": 0, "export": 0, "id": "DJ"}, {"import": 0, "export": 0, "id": "GM"}, {"import": 0, "export": 550000, "id": "HR"}, {"import": 0, "export": 18630, "id": "CY"}, {"import": 0, "export": 0, "id": "BJ"}, {"import": 0, "export": 0, "id": "CV"}, {"import": 0, "export": 0, "id": "CF"}, {"import": 0, "export": 0, "id": "TD"}, {"import": 0, "export": 0, "id": "BS"}, {"import": 0, "export": 618000, "id": "BD"}, {"import": 0, "export": 0, "id": "BE"}, {"import": 0, "export": 0, "id": "BI"}, {"import": 0, "export": 0, "id": "BY"}, {"import": 0, "export": 0, "id": "AF"}, {"import": 0, "export": 100000, "id": "AL"}, {"import": 0, "export": 0, "id": "AE"}, {"import": 0, "export": 11000000, "id": "TR"}, {"import": 0, "export": 0, "id": "TV"}, {"import": 0, "export": 0, "id": "UG"}, {"import": 0, "export": 1650000, "id": "UA"}, {"import": 0, "export": 83000000, "id": "EG"}, {"import": 0, "export": 0, "id": "GB"}, {"import": 0, "export": 0, "id": "TZ"}, {"import": 0, "export": 0, "id": "BF"}, {"import": 0, "export": 0, "id": "WF"}, {"import": 0, "export": 0, "id": "PA"}, {"import": 0, "export": 0, "id": "QA"}, {"import": 0, "export": 625000, "id": "TG"}, {"import": 0, "export": 1000000, "id": "YE"}], "world_import": 182346405, "world_export": 313025755}, {"date": "2020-04-01", "list": [{"import": 17243000, "export": 0, "id": "MM"}, {"import": 34164100, "export": 0, "id": "VN"}, {"import": 6982010, "export": 0, "id": "TW"}, {"import": 31503800, "export": 0, "id": "KH"}, {"import": 15068436, "export": 200000, "id": "TH"}, {"import": 14548000, "export": 20000, "id": "PK"}, {"import": 24000, "export": 619982, "id": "JP"}, {"import": 0, "export": 0, "id": "IN"}, {"import": 0, "export": 0, "id": "-"}, {"import": 0, "export": 0, "id": "DE"}, {"import": 0, "export": 420000, "id": "RU"}, {"import": 0, "export": 281900, "id": "US"}, {"import": 0, "export": 0, "id": "IL"}, {"import": 0, "export": 0, "id": "IT"}, {"import": 2000000, "export": 0, "id": "LA"}, {"import": 0, "export": 0, "id": "CN"}, {"import": 0, "export": 0, "id": "MG"}, {"import": 0, "export": 29000000, "id": "GN"}, {"import": 0, "export": 0, "id": "CM"}, {"import": 0, "export": 0, "id": "CD"}, {"import": 0, "export": 3000000, "id": "GH"}, {"import": 0, "export": 15533000, "id": "PG"}, {"import": 0, "export": 1400000, "id": "MZ"}, {"import": 0, "export": 5250020, "id": "TL"}, {"import": 0, "export": 1056198, "id": "SB"}, {"import": 0, "export": 3500000, "id": "SY"}, {"import": 0, "export": 0, "id": "SS"}, {"import": 0, "export": 3502500, "id": "MN"}, {"import": 0, "export": 18000000, "id": "LB"}, {"import": 0, "export": 1500000, "id": "FJ"}, {"import": 0, "export": 0, "id": "GQ"}, {"import": 0, "export": 712815, "id": "VU"}, {"import": 0, "export": 625000, "id": "SD"}, {"import": 0, "export": 206733, "id": "KI"}, {"import": 0, "export": 0, "id": "WS"}, {"import": 0, "export": 375000, "id": "AO"}, {"import": 0, "export": 250000, "id": "MO"}, {"import": 0, "export": 435660, "id": "AU"}, {"import": 0, "export": 211148, "id": "NL"}, {"import": 0, "export": 396814, "id": "CA"}, {"import": 0, "export": 137970, "id": "MH"}, {"import": 0, "export": 0, "id": "TO"}, {"import": 0, "export": 45975, "id": "CK"}, {"import": 0, "export": 20500, "id": "KE"}, {"import": 0, "export": 64012, "id": "NZ"}, {"import": 0, "export": 0, "id": "NE"}, {"import": 0, "export": 183789, "id": "FM"}, {"import": 0, "export": 0, "id": "PH"}, {"import": 0, "export": 0, "id": "PT"}, {"import": 0, "export": 0, "id": "GW"}, {"import": 0, "export": 25000, "id": "SA"}, {"import": 0, "export": 0, "id": "SN"}, {"import": 0, "export": 30000000, "id": "SL"}, {"import": 0, "export": 1807780, "id": "SG"}, {"import": 0, "export": 0, "id": "SO"}, {"import": 0, "export": 100000, "id": "ZA"}, {"import": 0, "export": 0, "id": "ZW"}, {"import": 0, "export": 0, "id": "ES"}, {"import": 0, "export": 0, "id": "JO"}, {"import": 0, "export": 0, "id": "LS"}, {"import": 0, "export": 0, "id": "LR"}, {"import": 0, "export": 0, "id": "MD"}, {"import": 0, "export": 0, "id": "ME"}, {"import": 0, "export": 0, "id": "MA"}, {"import": 0, "export": 25000, "id": "OM"}, {"import": 0, "export": 0, "id": "MW"}, {"import": 0, "export": 0, "id": "MY"}, {"import": 0, "export": 0, "id": "KP"}, {"import": 0, "export": 0, "id": "KR"}, {"import": 0, "export": 0, "id": "KW"}, {"import": 0, "export": 0, "id": "IR"}, {"import": 0, "export": 75000, "id": "IQ"}, {"import": 0, "export": 0, "id": "ET"}, {"import": 0, "export": 0, "id": "FI"}, {"import": 0, "export": 0, "id": "DJ"}, {"import": 0, "export": 0, "id": "GM"}, {"import": 0, "export": 0, "id": "HR"}, {"import": 0, "export": 0, "id": "CY"}, {"import": 0, "export": 0, "id": "BJ"}, {"import": 0, "export": 0, "id": "CV"}, {"import": 0, "export": 0, "id": "CF"}, {"import": 0, "export": 0, "id": "TD"}, {"import": 0, "export": 0, "id": "BS"}, {"import": 0, "export": 0, "id": "BD"}, {"import": 0, "export": 42000, "id": "BE"}, {"import": 0, "export": 0, "id": "BI"}, {"import": 0, "export": 500000, "id": "BY"}, {"import": 0, "export": 0, "id": "AF"}, {"import": 0, "export": 0, "id": "AL"}, {"import": 0, "export": 0, "id": "AE"}, {"import": 0, "export": 0, "id": "TR"}, {"import": 0, "export": 0, "id": "TV"}, {"import": 0, "export": 0, "id": "UG"}, {"import": 0, "export": 500000, "id": "UA"}, {"import": 0, "export": 45000000, "id": "EG"}, {"import": 0, "export": 39780, "id": "GB"}, {"import": 0, "export": 0, "id": "TZ"}, {"import": 0, "export": 0, "id": "BF"}, {"import": 0, "export": 45960, "id": "WF"}, {"import": 0, "export": 0, "id": "PA"}, {"import": 0, "export": 0, "id": "QA"}, {"import": 0, "export": 0, "id": "TG"}, {"import": 0, "export": 1112000, "id": "YE"}], "world_import": 121533346, "world_export": 193184096}, {"date": "2020-05-01", "list": [{"import": 9879800, "export": 0, "id": "MM"}, {"import": 86276110, "export": 0, "id": "VN"}, {"import": 5417023, "export": 0, "id": "TW"}, {"import": 8907500, "export": 0, "id": "KH"}, {"import": 25530645, "export": 600000, "id": "TH"}, {"import": 2099960, "export": 0, "id": "PK"}, {"import": 143170, "export": 0, "id": "JP"}, {"import": 0, "export": 0, "id": "IN"}, {"import": 0, "export": 0, "id": "-"}, {"import": 0, "export": 20400, "id": "DE"}, {"import": 0, "export": 1071075, "id": "RU"}, {"import": 0, "export": 78000, "id": "US"}, {"import": 0, "export": 0, "id": "IL"}, {"import": 0, "export": 0, "id": "IT"}, {"import": 4018500, "export": 0, "id": "LA"}, {"import": 35200, "export": 0, "id": "CN"}, {"import": 0, "export": 30000000, "id": "MG"}, {"import": 0, "export": 0, "id": "GN"}, {"import": 0, "export": 27000000, "id": "CM"}, {"import": 0, "export": 12000000, "id": "CD"}, {"import": 0, "export": 2000000, "id": "GH"}, {"import": 0, "export": 13793500, "id": "PG"}, {"import": 0, "export": 14539000, "id": "MZ"}, {"import": 0, "export": 10250040, "id": "TL"}, {"import": 0, "export": 1224230, "id": "SB"}, {"import": 0, "export": 2000000, "id": "SY"}, {"import": 0, "export": 0, "id": "SS"}, {"import": 0, "export": 6274010, "id": "MN"}, {"import": 0, "export": 1875000, "id": "LB"}, {"import": 0, "export": 0, "id": "FJ"}, {"import": 0, "export": 0, "id": "GQ"}, {"import": 0, "export": 1149675, "id": "VU"}, {"import": 0, "export": 0, "id": "SD"}, {"import": 0, "export": 367525, "id": "KI"}, {"import": 0, "export": 689355, "id": "WS"}, {"import": 0, "export": 575000, "id": "AO"}, {"import": 0, "export": 260000, "id": "MO"}, {"import": 0, "export": 167600, "id": "AU"}, {"import": 0, "export": 0, "id": "NL"}, {"import": 0, "export": 116264, "id": "CA"}, {"import": 0, "export": 344889, "id": "MH"}, {"import": 0, "export": 22995, "id": "TO"}, {"import": 0, "export": 22995, "id": "CK"}, {"import": 0, "export": 0, "id": "KE"}, {"import": 0, "export": 71840, "id": "NZ"}, {"import": 0, "export": 17000000, "id": "NE"}, {"import": 0, "export": 229713, "id": "FM"}, {"import": 0, "export": 19760000, "id": "PH"}, {"import": 0, "export": 0, "id": "PT"}, {"import": 0, "export": 10000000, "id": "GW"}, {"import": 0, "export": 175000, "id": "SA"}, {"import": 0, "export": 0, "id": "SN"}, {"import": 0, "export": 27000000, "id": "SL"}, {"import": 0, "export": 9304000, "id": "SG"}, {"import": 0, "export": 0, "id": "SO"}, {"import": 0, "export": 0, "id": "ZA"}, {"import": 0, "export": 0, "id": "ZW"}, {"import": 0, "export": 0, "id": "ES"}, {"import": 0, "export": 375000, "id": "JO"}, {"import": 0, "export": 0, "id": "LS"}, {"import": 0, "export": 0, "id": "LR"}, {"import": 0, "export": 0, "id": "MD"}, {"import": 0, "export": 0, "id": "ME"}, {"import": 0, "export": 250000, "id": "MA"}, {"import": 0, "export": 25000, "id": "OM"}, {"import": 0, "export": 0, "id": "MW"}, {"import": 0, "export": 0, "id": "MY"}, {"import": 0, "export": 0, "id": "KP"}, {"import": 0, "export": 0, "id": "KR"}, {"import": 0, "export": 0, "id": "KW"}, {"import": 0, "export": 0, "id": "IR"}, {"import": 0, "export": 0, "id": "IQ"}, {"import": 0, "export": 0, "id": "ET"}, {"import": 0, "export": 18520, "id": "FI"}, {"import": 0, "export": 0, "id": "DJ"}, {"import": 0, "export": 0, "id": "GM"}, {"import": 0, "export": 0, "id": "HR"}, {"import": 0, "export": 0, "id": "CY"}, {"import": 0, "export": 0, "id": "BJ"}, {"import": 0, "export": 0, "id": "CV"}, {"import": 0, "export": 0, "id": "CF"}, {"import": 0, "export": 0, "id": "TD"}, {"import": 0, "export": 0, "id": "BS"}, {"import": 0, "export": 0, "id": "BD"}, {"import": 0, "export": 0, "id": "BE"}, {"import": 0, "export": 0, "id": "BI"}, {"import": 0, "export": 500000, "id": "BY"}, {"import": 0, "export": 0, "id": "AF"}, {"import": 0, "export": 0, "id": "AL"}, {"import": 0, "export": 645000, "id": "AE"}, {"import": 0, "export": 0, "id": "TR"}, {"import": 0, "export": 41450, "id": "TV"}, {"import": 0, "export": 0, "id": "UG"}, {"import": 0, "export": 15850000, "id": "UA"}, {"import": 0, "export": 45000000, "id": "EG"}, {"import": 0, "export": 19890, "id": "GB"}, {"import": 0, "export": 1040000, "id": "TZ"}, {"import": 0, "export": 0, "id": "BF"}, {"import": 0, "export": 68940, "id": "WF"}, {"import": 0, "export": 0, "id": "PA"}, {"import": 0, "export": 25000, "id": "QA"}, {"import": 0, "export": 0, "id": "TG"}, {"import": 0, "export": 0, "id": "YE"}], "world_import": 142307908, "world_export": 275768886}]