[{"date": "2018-10-01", "list": [{"import": 0, "export": 0, "id": "KH"}, {"import": 400000, "export": 0, "id": "PK"}, {"import": 0, "export": 0, "id": "GY"}, {"import": 1094058, "export": 0, "id": "IT"}, {"import": 0, "export": 0, "id": "MM"}, {"import": 0, "export": 0, "id": "PY"}, {"import": 104076, "export": 147, "id": "BE"}, {"import": 11658, "export": 2104, "id": "GB"}, {"import": 345000, "export": 0, "id": "GR"}, {"import": 0, "export": 0, "id": "IN"}, {"import": 1370793, "export": 725, "id": "NL"}, {"import": 0, "export": 6720, "id": "DK"}, {"import": 1151351, "export": 2011, "id": "DE"}, {"import": 2205, "export": 4488, "id": "-"}, {"import": 36, "export": 24, "id": "AT"}, {"import": 0, "export": 0, "id": "BG"}, {"import": 687, "export": 0, "id": "FR"}, {"import": 0, "export": 0, "id": "LT"}, {"import": 0, "export": 672, "id": "RO"}, {"import": 0, "export": 3528, "id": "SK"}, {"import": 0, "export": 0, "id": "VN"}, {"import": 24000, "export": 8, "id": "ES"}, {"import": 100000, "export": 0, "id": "TH"}, {"import": 0, "export": 312, "id": "US"}, {"import": 0, "export": 10184, "id": "NO"}, {"import": 0, "export": 24008, "id": "LV"}, {"import": 0, "export": 14990, "id": "FI"}, {"import": 0, "export": 20088, "id": "SE"}, {"import": 0, "export": 1000, "id": "HU"}, {"import": 0, "export": 0, "id": "MD"}, {"import": 0, "export": 338, "id": "IE"}, {"import": 0, "export": 0, "id": "CA"}, {"import": 0, "export": 0, "id": "EE"}, {"import": 0, "export": 0, "id": "PT"}, {"import": 0, "export": 0, "id": "QA"}, {"import": 0, "export": 336, "id": "UA"}, {"import": 0, "export": 0, "id": "RU"}, {"import": 0, "export": 0, "id": "RS"}], "world_import": 4603864, "world_export": 91683}, {"date": "2018-11-01", "list": [{"import": 0, "export": 0, "id": "KH"}, {"import": 0, "export": 0, "id": "PK"}, {"import": 0, "export": 0, "id": "GY"}, {"import": 746438, "export": 0, "id": "IT"}, {"import": 0, "export": 0, "id": "MM"}, {"import": 0, "export": 0, "id": "PY"}, {"import": 44388, "export": 86, "id": "BE"}, {"import": 10025, "export": 81952, "id": "GB"}, {"import": 298740, "export": 0, "id": "GR"}, {"import": 0, "export": 0, "id": "IN"}, {"import": 404000, "export": 679, "id": "NL"}, {"import": 2184, "export": 6720, "id": "DK"}, {"import": 351127, "export": 9843, "id": "DE"}, {"import": 1405, "export": 3648, "id": "-"}, {"import": 36, "export": 53, "id": "AT"}, {"import": 0, "export": 0, "id": "BG"}, {"import": 0, "export": 0, "id": "FR"}, {"import": 12700, "export": 3, "id": "LT"}, {"import": 0, "export": 0, "id": "RO"}, {"import": 0, "export": 840, "id": "SK"}, {"import": 1113000, "export": 0, "id": "VN"}, {"import": 240, "export": 0, "id": "ES"}, {"import": 149934, "export": 0, "id": "TH"}, {"import": 0, "export": 5658, "id": "US"}, {"import": 0, "export": 12800, "id": "NO"}, {"import": 0, "export": 0, "id": "LV"}, {"import": 0, "export": 18580, "id": "FI"}, {"import": 0, "export": 21760, "id": "SE"}, {"import": 0, "export": 1000, "id": "HU"}, {"import": 0, "export": 0, "id": "MD"}, {"import": 0, "export": 325, "id": "IE"}, {"import": 0, "export": 0, "id": "CA"}, {"import": 0, "export": 0, "id": "EE"}, {"import": 0, "export": 0, "id": "PT"}, {"import": 0, "export": 0, "id": "QA"}, {"import": 0, "export": 0, "id": "UA"}, {"import": 0, "export": 0, "id": "RU"}, {"import": 0, "export": 0, "id": "RS"}], "world_import": 3134217, "world_export": 163947}, {"date": "2018-12-01", "list": [{"import": 0, "export": 0, "id": "KH"}, {"import": 40310, "export": 0, "id": "PK"}, {"import": 0, "export": 0, "id": "GY"}, {"import": 862080, "export": 0, "id": "IT"}, {"import": 0, "export": 0, "id": "MM"}, {"import": 0, "export": 0, "id": "PY"}, {"import": 33850, "export": 89, "id": "BE"}, {"import": 1008, "export": 920, "id": "GB"}, {"import": 599790, "export": 0, "id": "GR"}, {"import": 22000, "export": 0, "id": "IN"}, {"import": 852950, "export": 9901, "id": "NL"}, {"import": 0, "export": 14280, "id": "DK"}, {"import": 650000, "export": 66, "id": "DE"}, {"import": 800, "export": 720, "id": "-"}, {"import": 0, "export": 0, "id": "AT"}, {"import": 0, "export": 0, "id": "BG"}, {"import": 1608, "export": 0, "id": "FR"}, {"import": 0, "export": 720, "id": "LT"}, {"import": 0, "export": 0, "id": "RO"}, {"import": 0, "export": 7248, "id": "SK"}, {"import": 196000, "export": 0, "id": "VN"}, {"import": 0, "export": 0, "id": "ES"}, {"import": 292000, "export": 0, "id": "TH"}, {"import": 0, "export": 0, "id": "US"}, {"import": 0, "export": 0, "id": "NO"}, {"import": 0, "export": 0, "id": "LV"}, {"import": 0, "export": 12410, "id": "FI"}, {"import": 0, "export": 15291, "id": "SE"}, {"import": 0, "export": 3880, "id": "HU"}, {"import": 0, "export": 0, "id": "MD"}, {"import": 0, "export": 0, "id": "IE"}, {"import": 0, "export": 0, "id": "CA"}, {"import": 0, "export": 0, "id": "EE"}, {"import": 0, "export": 0, "id": "PT"}, {"import": 0, "export": 0, "id": "QA"}, {"import": 0, "export": 0, "id": "UA"}, {"import": 0, "export": 0, "id": "RU"}, {"import": 0, "export": 0, "id": "RS"}], "world_import": 3552396, "world_export": 65525}, {"date": "2019-01-01", "list": [{"import": 0, "export": 0, "id": "KH"}, {"import": 0, "export": 0, "id": "PK"}, {"import": 0, "export": 0, "id": "GY"}, {"import": 849764, "export": 0, "id": "IT"}, {"import": 0, "export": 0, "id": "MM"}, {"import": 2175000, "export": 0, "id": "PY"}, {"import": 26991, "export": 63, "id": "BE"}, {"import": 240, "export": 21027, "id": "GB"}, {"import": 412650, "export": 0, "id": "GR"}, {"import": 500000, "export": 0, "id": "IN"}, {"import": 406220, "export": 367, "id": "NL"}, {"import": 0, "export": 3360, "id": "DK"}, {"import": 10919, "export": 685, "id": "DE"}, {"import": 800, "export": 2400, "id": "-"}, {"import": 0, "export": 0, "id": "AT"}, {"import": 0, "export": 0, "id": "BG"}, {"import": 601, "export": 0, "id": "FR"}, {"import": 1200, "export": 1000, "id": "LT"}, {"import": 0, "export": 890, "id": "RO"}, {"import": 0, "export": 1560, "id": "SK"}, {"import": 0, "export": 0, "id": "VN"}, {"import": 0, "export": 0, "id": "ES"}, {"import": 284000, "export": 0, "id": "TH"}, {"import": 0, "export": 518, "id": "US"}, {"import": 0, "export": 13200, "id": "NO"}, {"import": 0, "export": 0, "id": "LV"}, {"import": 0, "export": 17540, "id": "FI"}, {"import": 0, "export": 21650, "id": "SE"}, {"import": 0, "export": 1000, "id": "HU"}, {"import": 0, "export": 0, "id": "MD"}, {"import": 0, "export": 208, "id": "IE"}, {"import": 0, "export": 0, "id": "CA"}, {"import": 0, "export": 2000, "id": "EE"}, {"import": 0, "export": 0, "id": "PT"}, {"import": 0, "export": 0, "id": "QA"}, {"import": 0, "export": 0, "id": "UA"}, {"import": 0, "export": 2800, "id": "RU"}, {"import": 0, "export": 0, "id": "RS"}], "world_import": 4668385, "world_export": 90268}, {"date": "2019-02-01", "list": [{"import": 0, "export": 0, "id": "KH"}, {"import": 24425, "export": 0, "id": "PK"}, {"import": 0, "export": 0, "id": "GY"}, {"import": 1003966, "export": 0, "id": "IT"}, {"import": 0, "export": 0, "id": "MM"}, {"import": 750000, "export": 0, "id": "PY"}, {"import": 40911, "export": 140, "id": "BE"}, {"import": 7129, "export": 41664, "id": "GB"}, {"import": 480650, "export": 0, "id": "GR"}, {"import": 0, "export": 0, "id": "IN"}, {"import": 456784, "export": 540, "id": "NL"}, {"import": 0, "export": 6720, "id": "DK"}, {"import": 44694, "export": 6616, "id": "DE"}, {"import": 1003, "export": 3660, "id": "-"}, {"import": 0, "export": 0, "id": "AT"}, {"import": 6000, "export": 0, "id": "BG"}, {"import": 764, "export": 0, "id": "FR"}, {"import": 1000, "export": 0, "id": "LT"}, {"import": 0, "export": 1747, "id": "RO"}, {"import": 0, "export": 1440, "id": "SK"}, {"import": 0, "export": 0, "id": "VN"}, {"import": 0, "export": 0, "id": "ES"}, {"import": 67000, "export": 0, "id": "TH"}, {"import": 0, "export": 2251, "id": "US"}, {"import": 0, "export": 23201, "id": "NO"}, {"import": 0, "export": 0, "id": "LV"}, {"import": 0, "export": 11870, "id": "FI"}, {"import": 0, "export": 18863, "id": "SE"}, {"import": 0, "export": 0, "id": "HU"}, {"import": 0, "export": 0, "id": "MD"}, {"import": 0, "export": 484, "id": "IE"}, {"import": 0, "export": 0, "id": "CA"}, {"import": 0, "export": 0, "id": "EE"}, {"import": 0, "export": 0, "id": "PT"}, {"import": 0, "export": 0, "id": "QA"}, {"import": 0, "export": 0, "id": "UA"}, {"import": 0, "export": 0, "id": "RU"}, {"import": 0, "export": 0, "id": "RS"}], "world_import": 2884326, "world_export": 119196}, {"date": "2019-03-01", "list": [{"import": 0, "export": 0, "id": "KH"}, {"import": 1400000, "export": 0, "id": "PK"}, {"import": 303130, "export": 0, "id": "GY"}, {"import": 846515, "export": 0, "id": "IT"}, {"import": 0, "export": 0, "id": "MM"}, {"import": 25000, "export": 0, "id": "PY"}, {"import": 24315, "export": 95, "id": "BE"}, {"import": 12833, "export": 722, "id": "GB"}, {"import": 310170, "export": 7, "id": "GR"}, {"import": 1022500, "export": 0, "id": "IN"}, {"import": 2430, "export": 463, "id": "NL"}, {"import": 0, "export": 9240, "id": "DK"}, {"import": 27368, "export": 4589, "id": "DE"}, {"import": 1530, "export": 3652, "id": "-"}, {"import": 0, "export": 0, "id": "AT"}, {"import": 10000, "export": 0, "id": "BG"}, {"import": 694, "export": 0, "id": "FR"}, {"import": 2000, "export": 2, "id": "LT"}, {"import": 0, "export": 4320, "id": "RO"}, {"import": 0, "export": 2280, "id": "SK"}, {"import": 0, "export": 0, "id": "VN"}, {"import": 0, "export": 0, "id": "ES"}, {"import": 0, "export": 0, "id": "TH"}, {"import": 0, "export": 0, "id": "US"}, {"import": 0, "export": 29030, "id": "NO"}, {"import": 0, "export": 19000, "id": "LV"}, {"import": 0, "export": 15310, "id": "FI"}, {"import": 0, "export": 21325, "id": "SE"}, {"import": 0, "export": 1000, "id": "HU"}, {"import": 0, "export": 0, "id": "MD"}, {"import": 0, "export": 463, "id": "IE"}, {"import": 0, "export": 154, "id": "CA"}, {"import": 0, "export": 0, "id": "EE"}, {"import": 0, "export": 0, "id": "PT"}, {"import": 0, "export": 0, "id": "QA"}, {"import": 0, "export": 339, "id": "UA"}, {"import": 0, "export": 0, "id": "RU"}, {"import": 0, "export": 0, "id": "RS"}], "world_import": 3988485, "world_export": 111991}, {"date": "2019-04-01", "list": [{"import": 0, "export": 0, "id": "KH"}, {"import": 575000, "export": 0, "id": "PK"}, {"import": 303860, "export": 0, "id": "GY"}, {"import": 320490, "export": 0, "id": "IT"}, {"import": 0, "export": 0, "id": "MM"}, {"import": 1924990, "export": 0, "id": "PY"}, {"import": 31104, "export": 60, "id": "BE"}, {"import": 790054, "export": 686, "id": "GB"}, {"import": 1012480, "export": 0, "id": "GR"}, {"import": 66000, "export": 0, "id": "IN"}, {"import": 1006535, "export": 353, "id": "NL"}, {"import": 0, "export": 4200, "id": "DK"}, {"import": 27776, "export": 37, "id": "DE"}, {"import": 804, "export": 3240, "id": "-"}, {"import": 0, "export": 0, "id": "AT"}, {"import": 0, "export": 0, "id": "BG"}, {"import": 1350, "export": 0, "id": "FR"}, {"import": 0, "export": 0, "id": "LT"}, {"import": 0, "export": 802, "id": "RO"}, {"import": 0, "export": 1560, "id": "SK"}, {"import": 0, "export": 0, "id": "VN"}, {"import": 0, "export": 0, "id": "ES"}, {"import": 60524, "export": 0, "id": "TH"}, {"import": 0, "export": 199, "id": "US"}, {"import": 0, "export": 11200, "id": "NO"}, {"import": 0, "export": 1944, "id": "LV"}, {"import": 0, "export": 30260, "id": "FI"}, {"import": 0, "export": 17544, "id": "SE"}, {"import": 0, "export": 0, "id": "HU"}, {"import": 0, "export": 0, "id": "MD"}, {"import": 0, "export": 534, "id": "IE"}, {"import": 0, "export": 0, "id": "CA"}, {"import": 0, "export": 0, "id": "EE"}, {"import": 0, "export": 0, "id": "PT"}, {"import": 0, "export": 0, "id": "QA"}, {"import": 0, "export": 0, "id": "UA"}, {"import": 0, "export": 0, "id": "RU"}, {"import": 0, "export": 0, "id": "RS"}], "world_import": 6120967, "world_export": 72619}, {"date": "2019-05-01", "list": [{"import": 450000, "export": 0, "id": "KH"}, {"import": 1550000, "export": 0, "id": "PK"}, {"import": 608010, "export": 0, "id": "GY"}, {"import": 374424, "export": 0, "id": "IT"}, {"import": 0, "export": 0, "id": "MM"}, {"import": 2250100, "export": 0, "id": "PY"}, {"import": 11871, "export": 148, "id": "BE"}, {"import": 225000, "export": 930, "id": "GB"}, {"import": 575470, "export": 0, "id": "GR"}, {"import": 0, "export": 0, "id": "IN"}, {"import": 40489, "export": 1189, "id": "NL"}, {"import": 0, "export": 5040, "id": "DK"}, {"import": 3431, "export": 52, "id": "DE"}, {"import": 2181, "export": 2808, "id": "-"}, {"import": 0, "export": 0, "id": "AT"}, {"import": 0, "export": 0, "id": "BG"}, {"import": 1218, "export": 0, "id": "FR"}, {"import": 0, "export": 0, "id": "LT"}, {"import": 0, "export": 2333, "id": "RO"}, {"import": 0, "export": 2208, "id": "SK"}, {"import": 0, "export": 0, "id": "VN"}, {"import": 0, "export": 0, "id": "ES"}, {"import": 227978, "export": 0, "id": "TH"}, {"import": 0, "export": 0, "id": "US"}, {"import": 0, "export": 15605, "id": "NO"}, {"import": 0, "export": 24648, "id": "LV"}, {"import": 0, "export": 25010, "id": "FI"}, {"import": 0, "export": 21218, "id": "SE"}, {"import": 0, "export": 1500, "id": "HU"}, {"import": 0, "export": 0, "id": "MD"}, {"import": 0, "export": 215, "id": "IE"}, {"import": 0, "export": 0, "id": "CA"}, {"import": 0, "export": 0, "id": "EE"}, {"import": 0, "export": 0, "id": "PT"}, {"import": 0, "export": 0, "id": "QA"}, {"import": 0, "export": 0, "id": "UA"}, {"import": 0, "export": 246, "id": "RU"}, {"import": 0, "export": 201, "id": "RS"}], "world_import": 6320172, "world_export": 103351}, {"date": "2019-06-01", "list": [{"import": 0, "export": 0, "id": "KH"}, {"import": 150000, "export": 0, "id": "PK"}, {"import": 860280, "export": 0, "id": "GY"}, {"import": 254979, "export": 0, "id": "IT"}, {"import": 400000, "export": 0, "id": "MM"}, {"import": 525000, "export": 0, "id": "PY"}, {"import": 0, "export": 0, "id": "BE"}, {"import": 0, "export": 40818, "id": "GB"}, {"import": 861156, "export": 1202, "id": "GR"}, {"import": 0, "export": 0, "id": "IN"}, {"import": 98580, "export": 387, "id": "NL"}, {"import": 4368, "export": 5040, "id": "DK"}, {"import": 5480, "export": 5257, "id": "DE"}, {"import": 1045, "export": 720, "id": "-"}, {"import": 0, "export": 0, "id": "AT"}, {"import": 0, "export": 0, "id": "BG"}, {"import": 948, "export": 0, "id": "FR"}, {"import": 0, "export": 0, "id": "LT"}, {"import": 24000, "export": 403, "id": "RO"}, {"import": 0, "export": 3600, "id": "SK"}, {"import": 343000, "export": 0, "id": "VN"}, {"import": 0, "export": 0, "id": "ES"}, {"import": 190000, "export": 0, "id": "TH"}, {"import": 0, "export": 0, "id": "US"}, {"import": 0, "export": 10400, "id": "NO"}, {"import": 0, "export": 1296, "id": "LV"}, {"import": 0, "export": 25350, "id": "FI"}, {"import": 0, "export": 17324, "id": "SE"}, {"import": 0, "export": 0, "id": "HU"}, {"import": 0, "export": 0, "id": "MD"}, {"import": 0, "export": 0, "id": "IE"}, {"import": 0, "export": 0, "id": "CA"}, {"import": 0, "export": 0, "id": "EE"}, {"import": 0, "export": 0, "id": "PT"}, {"import": 0, "export": 0, "id": "QA"}, {"import": 0, "export": 0, "id": "UA"}, {"import": 0, "export": 0, "id": "RU"}, {"import": 0, "export": 0, "id": "RS"}], "world_import": 3718836, "world_export": 111797}, {"date": "2019-07-01", "list": [{"import": 500000, "export": 0, "id": "KH"}, {"import": 119940, "export": 0, "id": "PK"}, {"import": 0, "export": 0, "id": "GY"}, {"import": 548038, "export": 0, "id": "IT"}, {"import": 1125000, "export": 0, "id": "MM"}, {"import": 525000, "export": 0, "id": "PY"}, {"import": 39261, "export": 60, "id": "BE"}, {"import": 1212, "export": 702, "id": "GB"}, {"import": 878000, "export": 0, "id": "GR"}, {"import": 0, "export": 0, "id": "IN"}, {"import": 675150, "export": 110724, "id": "NL"}, {"import": 0, "export": 5040, "id": "DK"}, {"import": 5219, "export": 35971, "id": "DE"}, {"import": 302, "export": 840, "id": "-"}, {"import": 0, "export": 0, "id": "AT"}, {"import": 0, "export": 0, "id": "BG"}, {"import": 0, "export": 0, "id": "FR"}, {"import": 0, "export": 0, "id": "LT"}, {"import": 0, "export": 0, "id": "RO"}, {"import": 0, "export": 840, "id": "SK"}, {"import": 49000, "export": 0, "id": "VN"}, {"import": 0, "export": 14400, "id": "ES"}, {"import": 24000, "export": 0, "id": "TH"}, {"import": 0, "export": 1613, "id": "US"}, {"import": 0, "export": 16462, "id": "NO"}, {"import": 0, "export": 1637, "id": "LV"}, {"import": 0, "export": 33690, "id": "FI"}, {"import": 0, "export": 13455, "id": "SE"}, {"import": 0, "export": 0, "id": "HU"}, {"import": 0, "export": 0, "id": "MD"}, {"import": 0, "export": 0, "id": "IE"}, {"import": 0, "export": 0, "id": "CA"}, {"import": 0, "export": 0, "id": "EE"}, {"import": 0, "export": 0, "id": "PT"}, {"import": 0, "export": 0, "id": "QA"}, {"import": 0, "export": 0, "id": "UA"}, {"import": 0, "export": 0, "id": "RU"}, {"import": 0, "export": 0, "id": "RS"}], "world_import": 4490122, "world_export": 235434}, {"date": "2019-08-01", "list": [{"import": 250000, "export": 0, "id": "KH"}, {"import": 370000, "export": 0, "id": "PK"}, {"import": 0, "export": 0, "id": "GY"}, {"import": 83200, "export": 0, "id": "IT"}, {"import": 1050000, "export": 0, "id": "MM"}, {"import": 600000, "export": 0, "id": "PY"}, {"import": 21864, "export": 35, "id": "BE"}, {"import": 1200, "export": 40460, "id": "GB"}, {"import": 527520, "export": 0, "id": "GR"}, {"import": 0, "export": 0, "id": "IN"}, {"import": 283110, "export": 153760, "id": "NL"}, {"import": 6552, "export": 6720, "id": "DK"}, {"import": 3201, "export": 2678, "id": "DE"}, {"import": 800, "export": 0, "id": "-"}, {"import": 0, "export": 0, "id": "AT"}, {"import": 0, "export": 0, "id": "BG"}, {"import": 0, "export": 0, "id": "FR"}, {"import": 0, "export": 0, "id": "LT"}, {"import": 0, "export": 0, "id": "RO"}, {"import": 0, "export": 0, "id": "SK"}, {"import": 320500, "export": 0, "id": "VN"}, {"import": 0, "export": 0, "id": "ES"}, {"import": 0, "export": 0, "id": "TH"}, {"import": 0, "export": 622, "id": "US"}, {"import": 0, "export": 13435, "id": "NO"}, {"import": 0, "export": 1944, "id": "LV"}, {"import": 0, "export": 18570, "id": "FI"}, {"import": 0, "export": 19070, "id": "SE"}, {"import": 0, "export": 1000, "id": "HU"}, {"import": 0, "export": 0, "id": "MD"}, {"import": 0, "export": 204, "id": "IE"}, {"import": 0, "export": 0, "id": "CA"}, {"import": 0, "export": 0, "id": "EE"}, {"import": 0, "export": 0, "id": "PT"}, {"import": 0, "export": 0, "id": "QA"}, {"import": 0, "export": 0, "id": "UA"}, {"import": 0, "export": 0, "id": "RU"}, {"import": 0, "export": 0, "id": "RS"}], "world_import": 3517947, "world_export": 258498}, {"date": "2019-09-01", "list": [{"import": 750000, "export": 0, "id": "KH"}, {"import": 2290000, "export": 0, "id": "PK"}, {"import": 0, "export": 0, "id": "GY"}, {"import": 532920, "export": 0, "id": "IT"}, {"import": 875000, "export": 0, "id": "MM"}, {"import": 744390, "export": 0, "id": "PY"}, {"import": 23031, "export": 212, "id": "BE"}, {"import": 451200, "export": 875, "id": "GB"}, {"import": 522200, "export": 0, "id": "GR"}, {"import": 0, "export": 0, "id": "IN"}, {"import": 1651350, "export": 44403, "id": "NL"}, {"import": 0, "export": 6720, "id": "DK"}, {"import": 53788, "export": 75, "id": "DE"}, {"import": 302, "export": 840, "id": "-"}, {"import": 0, "export": 0, "id": "AT"}, {"import": 0, "export": 0, "id": "BG"}, {"import": 2400, "export": 0, "id": "FR"}, {"import": 0, "export": 0, "id": "LT"}, {"import": 0, "export": 1554, "id": "RO"}, {"import": 0, "export": 1680, "id": "SK"}, {"import": 713500, "export": 0, "id": "VN"}, {"import": 0, "export": 0, "id": "ES"}, {"import": 0, "export": 0, "id": "TH"}, {"import": 0, "export": 0, "id": "US"}, {"import": 0, "export": 19200, "id": "NO"}, {"import": 0, "export": 0, "id": "LV"}, {"import": 0, "export": 11890, "id": "FI"}, {"import": 0, "export": 17612, "id": "SE"}, {"import": 0, "export": 0, "id": "HU"}, {"import": 0, "export": 0, "id": "MD"}, {"import": 0, "export": 0, "id": "IE"}, {"import": 0, "export": 0, "id": "CA"}, {"import": 0, "export": 2000, "id": "EE"}, {"import": 0, "export": 0, "id": "PT"}, {"import": 0, "export": 0, "id": "QA"}, {"import": 0, "export": 0, "id": "UA"}, {"import": 0, "export": 496, "id": "RU"}, {"import": 0, "export": 0, "id": "RS"}], "world_import": 8610081, "world_export": 107557}, {"date": "2019-10-01", "list": [{"import": 500000, "export": 0, "id": "KH"}, {"import": 519500, "export": 0, "id": "PK"}, {"import": 453925, "export": 0, "id": "GY"}, {"import": 428577, "export": 0, "id": "IT"}, {"import": 0, "export": 0, "id": "MM"}, {"import": 669540, "export": 0, "id": "PY"}, {"import": 11031, "export": 143, "id": "BE"}, {"import": 227410, "export": 1276, "id": "GB"}, {"import": 523600, "export": 0, "id": "GR"}, {"import": 0, "export": 0, "id": "IN"}, {"import": 478080, "export": 198024, "id": "NL"}, {"import": 2184, "export": 7560, "id": "DK"}, {"import": 32580, "export": 146, "id": "DE"}, {"import": 498, "export": 1368, "id": "-"}, {"import": 24, "export": 7, "id": "AT"}, {"import": 0, "export": 0, "id": "BG"}, {"import": 948, "export": 0, "id": "FR"}, {"import": 0, "export": 0, "id": "LT"}, {"import": 0, "export": 854, "id": "RO"}, {"import": 10, "export": 2928, "id": "SK"}, {"import": 692000, "export": 0, "id": "VN"}, {"import": 0, "export": 0, "id": "ES"}, {"import": 0, "export": 0, "id": "TH"}, {"import": 0, "export": 403, "id": "US"}, {"import": 0, "export": 17200, "id": "NO"}, {"import": 0, "export": 3208, "id": "LV"}, {"import": 0, "export": 15890, "id": "FI"}, {"import": 0, "export": 18424, "id": "SE"}, {"import": 0, "export": 2000, "id": "HU"}, {"import": 0, "export": 0, "id": "MD"}, {"import": 0, "export": 263, "id": "IE"}, {"import": 0, "export": 691, "id": "CA"}, {"import": 0, "export": 0, "id": "EE"}, {"import": 0, "export": 0, "id": "PT"}, {"import": 0, "export": 120, "id": "QA"}, {"import": 0, "export": 183, "id": "UA"}, {"import": 0, "export": 0, "id": "RU"}, {"import": 0, "export": 0, "id": "RS"}], "world_import": 4539907, "world_export": 270688}, {"date": "2019-11-01", "list": [{"import": 875000, "export": 0, "id": "KH"}, {"import": 465000, "export": 0, "id": "PK"}, {"import": 0, "export": 0, "id": "GY"}, {"import": 365543, "export": 0, "id": "IT"}, {"import": 725000, "export": 0, "id": "MM"}, {"import": 1050000, "export": 0, "id": "PY"}, {"import": 23274, "export": 75, "id": "BE"}, {"import": 0, "export": 38328, "id": "GB"}, {"import": 416670, "export": 0, "id": "GR"}, {"import": 0, "export": 0, "id": "IN"}, {"import": 1772691, "export": 175886, "id": "NL"}, {"import": 0, "export": 17430, "id": "DK"}, {"import": 349014, "export": 171, "id": "DE"}, {"import": 6030, "export": 1450, "id": "-"}, {"import": 0, "export": 0, "id": "AT"}, {"import": 0, "export": 0, "id": "BG"}, {"import": 0, "export": 0, "id": "FR"}, {"import": 0, "export": 0, "id": "LT"}, {"import": 0, "export": 0, "id": "RO"}, {"import": 10, "export": 1488, "id": "SK"}, {"import": 1298500, "export": 0, "id": "VN"}, {"import": 0, "export": 0, "id": "ES"}, {"import": 50000, "export": 0, "id": "TH"}, {"import": 0, "export": 3634, "id": "US"}, {"import": 0, "export": 6578, "id": "NO"}, {"import": 0, "export": 1987, "id": "LV"}, {"import": 0, "export": 18320, "id": "FI"}, {"import": 0, "export": 19432, "id": "SE"}, {"import": 0, "export": 0, "id": "HU"}, {"import": 0, "export": 0, "id": "MD"}, {"import": 0, "export": 481, "id": "IE"}, {"import": 0, "export": 0, "id": "CA"}, {"import": 0, "export": 0, "id": "EE"}, {"import": 0, "export": 0, "id": "PT"}, {"import": 0, "export": 0, "id": "QA"}, {"import": 0, "export": 0, "id": "UA"}, {"import": 0, "export": 0, "id": "RU"}, {"import": 0, "export": 0, "id": "RS"}], "world_import": 7396732, "world_export": 285260}, {"date": "2019-12-01", "list": [{"import": 1075000, "export": 0, "id": "KH"}, {"import": 0, "export": 0, "id": "PK"}, {"import": 125000, "export": 0, "id": "GY"}, {"import": 556550, "export": 0, "id": "IT"}, {"import": 0, "export": 0, "id": "MM"}, {"import": 597130, "export": 0, "id": "PY"}, {"import": 9935, "export": 3687, "id": "BE"}, {"import": 928208, "export": 405, "id": "GB"}, {"import": 472720, "export": 0, "id": "GR"}, {"import": 0, "export": 0, "id": "IN"}, {"import": 52111, "export": 119165, "id": "NL"}, {"import": 2184, "export": 11130, "id": "DK"}, {"import": 501255, "export": 55, "id": "DE"}, {"import": 1241, "export": 3053, "id": "-"}, {"import": 0, "export": 2885, "id": "AT"}, {"import": 7000, "export": 0, "id": "BG"}, {"import": 1308, "export": 21600, "id": "FR"}, {"import": 0, "export": 1440, "id": "LT"}, {"import": 23000, "export": 336, "id": "RO"}, {"import": 0, "export": 7560, "id": "SK"}, {"import": 0, "export": 0, "id": "VN"}, {"import": 0, "export": 0, "id": "ES"}, {"import": 0, "export": 0, "id": "TH"}, {"import": 0, "export": 6005, "id": "NO"}, {"import": 0, "export": 1944, "id": "LV"}, {"import": 0, "export": 24280, "id": "FI"}, {"import": 0, "export": 22330, "id": "SE"}, {"import": 0, "export": 7480, "id": "HU"}, {"import": 0, "export": 0, "id": "MD"}, {"import": 0, "export": 202, "id": "US"}, {"import": 0, "export": 0, "id": "IE"}, {"import": 0, "export": 0, "id": "CA"}, {"import": 0, "export": 0, "id": "EE"}, {"import": 0, "export": 3600, "id": "PT"}, {"import": 0, "export": 0, "id": "QA"}, {"import": 0, "export": 0, "id": "UA"}, {"import": 0, "export": 0, "id": "RU"}, {"import": 0, "export": 0, "id": "RS"}], "world_import": 4352642, "world_export": 237157}, {"date": "2020-01-01", "list": [{"import": 824000, "export": 0, "id": "KH"}, {"import": 54000, "export": 0, "id": "PK"}, {"import": 2628736, "export": 0, "id": "GY"}, {"import": 653816, "export": 0, "id": "IT"}, {"import": 0, "export": 0, "id": "MM"}, {"import": 853140, "export": 0, "id": "PY"}, {"import": 515051, "export": 56, "id": "BE"}, {"import": 500199, "export": 567, "id": "GB"}, {"import": 250000, "export": 1200, "id": "GR"}, {"import": 0, "export": 0, "id": "IN"}, {"import": 4320, "export": 131896, "id": "NL"}, {"import": 2184, "export": 8820, "id": "DK"}, {"import": 51355, "export": 147, "id": "DE"}, {"import": 10156, "export": 1454, "id": "-"}, {"import": 60, "export": 14, "id": "AT"}, {"import": 0, "export": 0, "id": "BG"}, {"import": 801, "export": 0, "id": "FR"}, {"import": 5000, "export": 0, "id": "LT"}, {"import": 23000, "export": 1037, "id": "RO"}, {"import": 0, "export": 1368, "id": "SK"}, {"import": 0, "export": 0, "id": "VN"}, {"import": 0, "export": 0, "id": "ES"}, {"import": 0, "export": 0, "id": "TH"}, {"import": 0, "export": 0, "id": "US"}, {"import": 0, "export": 34448, "id": "NO"}, {"import": 0, "export": 3240, "id": "LV"}, {"import": 0, "export": 19025, "id": "FI"}, {"import": 0, "export": 20076, "id": "SE"}, {"import": 0, "export": 1000, "id": "HU"}, {"import": 0, "export": 0, "id": "MD"}, {"import": 0, "export": 391, "id": "IE"}, {"import": 0, "export": 48, "id": "CA"}, {"import": 0, "export": 0, "id": "EE"}, {"import": 0, "export": 0, "id": "PT"}, {"import": 0, "export": 0, "id": "QA"}, {"import": 0, "export": 0, "id": "UA"}, {"import": 0, "export": 0, "id": "RU"}, {"import": 0, "export": 0, "id": "RS"}], "world_import": 6375818, "world_export": 224787}, {"date": "2020-02-01", "list": [{"import": 300000, "export": 0, "id": "KH"}, {"import": 4500, "export": 0, "id": "PK"}, {"import": 505195, "export": 0, "id": "GY"}, {"import": 385505, "export": 0, "id": "IT"}, {"import": 1100000, "export": 0, "id": "MM"}, {"import": 875000, "export": 0, "id": "PY"}, {"import": 1114850, "export": 75, "id": "BE"}, {"import": 315646, "export": 17050, "id": "GB"}, {"import": 582000, "export": 0, "id": "GR"}, {"import": 0, "export": 0, "id": "IN"}, {"import": 13602, "export": 109574, "id": "NL"}, {"import": 2184, "export": 14283, "id": "DK"}, {"import": 22750, "export": 211, "id": "DE"}, {"import": 5090, "export": 1560, "id": "-"}, {"import": 24, "export": 10, "id": "AT"}, {"import": 0, "export": 0, "id": "BG"}, {"import": 0, "export": 0, "id": "FR"}, {"import": 0, "export": 0, "id": "LT"}, {"import": 0, "export": 518, "id": "RO"}, {"import": 0, "export": 4608, "id": "SK"}, {"import": 514500, "export": 0, "id": "VN"}, {"import": 305, "export": 15, "id": "ES"}, {"import": 0, "export": 0, "id": "TH"}, {"import": 0, "export": 0, "id": "US"}, {"import": 0, "export": 18400, "id": "NO"}, {"import": 0, "export": 2944, "id": "LV"}, {"import": 0, "export": 27630, "id": "FI"}, {"import": 0, "export": 20336, "id": "SE"}, {"import": 0, "export": 2000, "id": "HU"}, {"import": 0, "export": 0, "id": "MD"}, {"import": 0, "export": 0, "id": "IE"}, {"import": 0, "export": 0, "id": "CA"}, {"import": 0, "export": 0, "id": "EE"}, {"import": 0, "export": 0, "id": "PT"}, {"import": 0, "export": 0, "id": "QA"}, {"import": 0, "export": 0, "id": "UA"}, {"import": 0, "export": 0, "id": "RU"}, {"import": 0, "export": 0, "id": "RS"}], "world_import": 5741151, "world_export": 219214}, {"date": "2020-03-01", "list": [{"import": 1522000, "export": 0, "id": "KH"}, {"import": 500000, "export": 0, "id": "PK"}, {"import": 303830, "export": 0, "id": "GY"}, {"import": 1020299, "export": 0, "id": "IT"}, {"import": 500000, "export": 0, "id": "MM"}, {"import": 250000, "export": 0, "id": "PY"}, {"import": 1000000, "export": 230, "id": "BE"}, {"import": 1010646, "export": 3514, "id": "GB"}, {"import": 596000, "export": 0, "id": "GR"}, {"import": 40000, "export": 0, "id": "IN"}, {"import": 10765, "export": 23544, "id": "NL"}, {"import": 2184, "export": 12180, "id": "DK"}, {"import": 9999, "export": 279, "id": "DE"}, {"import": 1593, "export": 14333, "id": "-"}, {"import": 0, "export": 0, "id": "AT"}, {"import": 23000, "export": 0, "id": "BG"}, {"import": 2160, "export": 0, "id": "FR"}, {"import": 0, "export": 0, "id": "LT"}, {"import": 23000, "export": 518, "id": "RO"}, {"import": 9, "export": 11400, "id": "SK"}, {"import": 122500, "export": 0, "id": "VN"}, {"import": 0, "export": 0, "id": "ES"}, {"import": 0, "export": 0, "id": "TH"}, {"import": 0, "export": 0, "id": "US"}, {"import": 0, "export": 16963, "id": "NO"}, {"import": 0, "export": 4536, "id": "LV"}, {"import": 0, "export": 15750, "id": "FI"}, {"import": 0, "export": 26294, "id": "SE"}, {"import": 0, "export": 0, "id": "HU"}, {"import": 0, "export": 0, "id": "MD"}, {"import": 0, "export": 546, "id": "IE"}, {"import": 0, "export": 0, "id": "CA"}, {"import": 0, "export": 0, "id": "EE"}, {"import": 0, "export": 0, "id": "PT"}, {"import": 0, "export": 0, "id": "QA"}, {"import": 0, "export": 0, "id": "UA"}, {"import": 0, "export": 0, "id": "RU"}, {"import": 0, "export": 0, "id": "RS"}], "world_import": 6937985, "world_export": 130087}]