[{"date": "2018-12-01", "list": [{"import": 0, "export": 0, "id": "CN"}, {"import": 0, "export": 0, "id": "IN"}, {"import": 0, "export": 0, "id": "VN"}, {"import": 0, "export": 25, "id": "PG"}], "world_import": 0, "world_export": 25}, {"date": "2019-01-01", "list": [{"import": 0, "export": 0, "id": "CN"}, {"import": 0, "export": 0, "id": "IN"}, {"import": 0, "export": 0, "id": "VN"}, {"import": 0, "export": 0, "id": "PG"}], "world_import": 0, "world_export": 0}, {"date": "2019-02-01", "list": [{"import": 0, "export": 0, "id": "CN"}, {"import": 0, "export": 0, "id": "IN"}, {"import": 25100, "export": 0, "id": "VN"}, {"import": 0, "export": 0, "id": "PG"}], "world_import": 25100, "world_export": 0}, {"date": "2019-03-01", "list": [{"import": 0, "export": 0, "id": "CN"}, {"import": 0, "export": 0, "id": "IN"}, {"import": 0, "export": 0, "id": "VN"}, {"import": 0, "export": 0, "id": "PG"}], "world_import": 0, "world_export": 0}, {"date": "2019-04-01", "list": [{"import": 0, "export": 0, "id": "CN"}, {"import": 0, "export": 0, "id": "IN"}, {"import": 0, "export": 0, "id": "VN"}, {"import": 0, "export": 0, "id": "PG"}], "world_import": 0, "world_export": 0}, {"date": "2019-05-01", "list": [{"import": 0, "export": 0, "id": "CN"}, {"import": 0, "export": 0, "id": "IN"}, {"import": 0, "export": 0, "id": "VN"}, {"import": 0, "export": 0, "id": "PG"}], "world_import": 0, "world_export": 0}, {"date": "2019-06-01", "list": [{"import": 0, "export": 0, "id": "CN"}, {"import": 800, "export": 0, "id": "IN"}, {"import": 25000, "export": 0, "id": "VN"}, {"import": 0, "export": 0, "id": "PG"}], "world_import": 25800, "world_export": 0}, {"date": "2019-07-01", "list": [{"import": 2760, "export": 0, "id": "CN"}, {"import": 0, "export": 0, "id": "IN"}, {"import": 0, "export": 0, "id": "VN"}, {"import": 0, "export": 0, "id": "PG"}], "world_import": 2760, "world_export": 0}, {"date": "2019-08-01", "list": [{"import": 0, "export": 0, "id": "CN"}, {"import": 0, "export": 0, "id": "IN"}, {"import": 25000, "export": 0, "id": "VN"}, {"import": 0, "export": 0, "id": "PG"}], "world_import": 25000, "world_export": 0}, {"date": "2019-09-01", "list": [{"import": 0, "export": 0, "id": "CN"}, {"import": 0, "export": 0, "id": "IN"}, {"import": 0, "export": 0, "id": "VN"}, {"import": 0, "export": 0, "id": "PG"}], "world_import": 0, "world_export": 0}, {"date": "2019-10-01", "list": [{"import": 0, "export": 0, "id": "CN"}, {"import": 0, "export": 0, "id": "IN"}, {"import": 50000, "export": 0, "id": "VN"}, {"import": 0, "export": 0, "id": "PG"}], "world_import": 50000, "world_export": 0}, {"date": "2019-11-01", "list": [{"import": 600, "export": 0, "id": "CN"}, {"import": 0, "export": 0, "id": "IN"}, {"import": 0, "export": 0, "id": "VN"}, {"import": 0, "export": 15, "id": "PG"}], "world_import": 600, "world_export": 15}, {"date": "2019-12-01", "list": [{"import": 0, "export": 0, "id": "CN"}, {"import": 11980, "export": 0, "id": "IN"}, {"import": 25000, "export": 0, "id": "VN"}, {"import": 0, "export": 0, "id": "PG"}], "world_import": 36980, "world_export": 0}, {"date": "2020-01-01", "list": [{"import": 480, "export": 0, "id": "CN"}, {"import": 0, "export": 0, "id": "IN"}, {"import": 25000, "export": 0, "id": "VN"}, {"import": 0, "export": 0, "id": "PG"}], "world_import": 25480, "world_export": 0}, {"date": "2020-02-01", "list": [{"import": 0, "export": 0, "id": "CN"}, {"import": 0, "export": 0, "id": "IN"}, {"import": 0, "export": 0, "id": "VN"}, {"import": 0, "export": 0, "id": "PG"}], "world_import": 0, "world_export": 0}, {"date": "2020-03-01", "list": [{"import": 0, "export": 0, "id": "CN"}, {"import": 0, "export": 0, "id": "IN"}, {"import": 50000, "export": 0, "id": "VN"}, {"import": 0, "export": 0, "id": "PG"}], "world_import": 50000, "world_export": 0}, {"date": "2020-04-01", "list": [{"import": 0, "export": 0, "id": "CN"}, {"import": 0, "export": 0, "id": "IN"}, {"import": 50000, "export": 0, "id": "VN"}, {"import": 0, "export": 0, "id": "PG"}], "world_import": 50000, "world_export": 0}, {"date": "2020-05-01", "list": [{"import": 0, "export": 0, "id": "CN"}, {"import": 0, "export": 0, "id": "IN"}, {"import": 0, "export": 0, "id": "VN"}, {"import": 0, "export": 0, "id": "PG"}], "world_import": 0, "world_export": 0}]