[{"date": "2012-01-01", "list": [{"import": 0, "export": 0, "id": "FR"}, {"import": 0, "export": 0, "id": "NL"}, {"import": 15700, "export": 0, "id": "TH"}, {"import": 0, "export": 0, "id": "TD"}], "world_import": 15700, "world_export": 0}, {"date": "2012-02-01", "list": [{"import": 0, "export": 0, "id": "FR"}, {"import": 390, "export": 0, "id": "NL"}, {"import": 0, "export": 0, "id": "TH"}, {"import": 0, "export": 0, "id": "TD"}], "world_import": 390, "world_export": 0}, {"date": "2012-03-01", "list": [{"import": 0, "export": 0, "id": "FR"}, {"import": 0, "export": 0, "id": "NL"}, {"import": 0, "export": 0, "id": "TH"}, {"import": 0, "export": 0, "id": "TD"}], "world_import": 0, "world_export": 0}, {"date": "2012-04-01", "list": [{"import": 0, "export": 0, "id": "FR"}, {"import": 0, "export": 0, "id": "NL"}, {"import": 0, "export": 0, "id": "TH"}, {"import": 0, "export": 0, "id": "TD"}], "world_import": 0, "world_export": 0}, {"date": "2012-05-01", "list": [{"import": 0, "export": 0, "id": "FR"}, {"import": 0, "export": 0, "id": "NL"}, {"import": 0, "export": 0, "id": "TH"}, {"import": 0, "export": 0, "id": "TD"}], "world_import": 0, "world_export": 0}, {"date": "2012-06-01", "list": [{"import": 0, "export": 0, "id": "FR"}, {"import": 0, "export": 0, "id": "NL"}, {"import": 851000, "export": 0, "id": "TH"}, {"import": 0, "export": 0, "id": "TD"}], "world_import": 851000, "world_export": 0}, {"date": "2012-07-01", "list": [{"import": 1127, "export": 0, "id": "FR"}, {"import": 0, "export": 0, "id": "NL"}, {"import": 405225, "export": 0, "id": "TH"}, {"import": 0, "export": 0, "id": "TD"}], "world_import": 406352, "world_export": 0}, {"date": "2012-08-01", "list": [{"import": 0, "export": 0, "id": "FR"}, {"import": 0, "export": 0, "id": "NL"}, {"import": 0, "export": 0, "id": "TH"}, {"import": 0, "export": 0, "id": "TD"}], "world_import": 0, "world_export": 0}, {"date": "2012-09-01", "list": [{"import": 0, "export": 0, "id": "FR"}, {"import": 0, "export": 0, "id": "NL"}, {"import": 0, "export": 0, "id": "TH"}, {"import": 0, "export": 0, "id": "TD"}], "world_import": 0, "world_export": 0}, {"date": "2012-10-01", "list": [{"import": 0, "export": 0, "id": "FR"}, {"import": 0, "export": 0, "id": "NL"}, {"import": 0, "export": 0, "id": "TH"}, {"import": 0, "export": 0, "id": "TD"}], "world_import": 0, "world_export": 0}, {"date": "2011-05-01", "list": [{"import": 0, "export": 4200, "id": "TD"}], "world_import": 0, "world_export": 4200}, {"date": "2011-06-01", "list": [{"import": 0, "export": 1500, "id": "TD"}], "world_import": 0, "world_export": 1500}, {"date": "2011-07-01", "list": [{"import": 0, "export": 0, "id": "TD"}], "world_import": 0, "world_export": 0}, {"date": "2011-08-01", "list": [{"import": 0, "export": 12000, "id": "TD"}], "world_import": 0, "world_export": 12000}, {"date": "2011-09-01", "list": [{"import": 0, "export": 1500, "id": "TD"}], "world_import": 0, "world_export": 1500}, {"date": "2011-10-01", "list": [{"import": 0, "export": 39000, "id": "TD"}], "world_import": 0, "world_export": 39000}, {"date": "2011-11-01", "list": [{"import": 0, "export": 55000, "id": "TD"}], "world_import": 0, "world_export": 55000}, {"date": "2011-12-01", "list": [{"import": 0, "export": 6500, "id": "TD"}], "world_import": 0, "world_export": 6500}]