[{"date": "2019-01-01", "list": [{"import": 116065, "export": 0, "id": "IN"}], "world_import": 116065, "world_export": 0}, {"date": "2019-02-01", "list": [{"import": 322365, "export": 0, "id": "IN"}], "world_import": 322365, "world_export": 0}, {"date": "2019-03-01", "list": [{"import": 593270, "export": 0, "id": "IN"}], "world_import": 593270, "world_export": 0}, {"date": "2019-04-01", "list": [{"import": 1029780, "export": 0, "id": "IN"}], "world_import": 1029780, "world_export": 0}, {"date": "2019-05-01", "list": [{"import": 1637545, "export": 0, "id": "IN"}], "world_import": 1637545, "world_export": 0}, {"date": "2019-06-01", "list": [{"import": 1234185, "export": 0, "id": "IN"}], "world_import": 1234185, "world_export": 0}, {"date": "2019-07-01", "list": [{"import": 1273470, "export": 0, "id": "IN"}], "world_import": 1273470, "world_export": 0}, {"date": "2019-08-01", "list": [{"import": 116065, "export": 0, "id": "IN"}], "world_import": 116065, "world_export": 0}, {"date": "2019-09-01", "list": [{"import": 1652036, "export": 0, "id": "IN"}], "world_import": 1652036, "world_export": 0}, {"date": "2019-10-01", "list": [{"import": 1779560, "export": 0, "id": "IN"}], "world_import": 1779560, "world_export": 0}, {"date": "2019-11-01", "list": [{"import": 1577146, "export": 0, "id": "IN"}], "world_import": 1577146, "world_export": 0}, {"date": "2019-12-01", "list": [{"import": 1242515, "export": 0, "id": "IN"}], "world_import": 1242515, "world_export": 0}]