[{"date": "2013-05-01", "list": [{"import": 0, "export": 0, "id": "FR"}, {"import": 0, "export": 0, "id": "IT"}], "world_import": 0, "world_export": 0}, {"date": "2013-06-01", "list": [{"import": 0, "export": 0, "id": "FR"}, {"import": 0, "export": 0, "id": "IT"}], "world_import": 0, "world_export": 0}, {"date": "2013-07-01", "list": [{"import": 0, "export": 0, "id": "FR"}, {"import": 0, "export": 0, "id": "IT"}], "world_import": 0, "world_export": 0}, {"date": "2013-08-01", "list": [{"import": 852, "export": 0, "id": "FR"}, {"import": 0, "export": 0, "id": "IT"}], "world_import": 852, "world_export": 0}, {"date": "2013-09-01", "list": [{"import": 0, "export": 0, "id": "FR"}, {"import": 0, "export": 0, "id": "IT"}], "world_import": 0, "world_export": 0}, {"date": "2013-10-01", "list": [{"import": 0, "export": 0, "id": "FR"}, {"import": 0, "export": 0, "id": "IT"}], "world_import": 0, "world_export": 0}, {"date": "2013-11-01", "list": [{"import": 51, "export": 0, "id": "FR"}, {"import": 0, "export": 0, "id": "IT"}], "world_import": 51, "world_export": 0}, {"date": "2013-12-01", "list": [{"import": 0, "export": 0, "id": "FR"}, {"import": 0, "export": 0, "id": "IT"}], "world_import": 0, "world_export": 0}, {"date": "2014-01-01", "list": [{"import": 0, "export": 0, "id": "FR"}, {"import": 0, "export": 0, "id": "IT"}], "world_import": 0, "world_export": 0}, {"date": "2014-02-01", "list": [{"import": 851, "export": 0, "id": "FR"}, {"import": 0, "export": 0, "id": "IT"}], "world_import": 851, "world_export": 0}, {"date": "2014-03-01", "list": [{"import": 0, "export": 0, "id": "FR"}, {"import": 0, "export": 0, "id": "IT"}], "world_import": 0, "world_export": 0}, {"date": "2014-04-01", "list": [{"import": 0, "export": 0, "id": "FR"}, {"import": 0, "export": 0, "id": "IT"}], "world_import": 0, "world_export": 0}, {"date": "2014-05-01", "list": [{"import": 360, "export": 0, "id": "FR"}, {"import": 0, "export": 0, "id": "IT"}], "world_import": 360, "world_export": 0}, {"date": "2014-06-01", "list": [{"import": 0, "export": 0, "id": "FR"}, {"import": 0, "export": 0, "id": "IT"}], "world_import": 0, "world_export": 0}, {"date": "2014-07-01", "list": [{"import": 0, "export": 0, "id": "FR"}, {"import": 0, "export": 0, "id": "IT"}], "world_import": 0, "world_export": 0}, {"date": "2014-08-01", "list": [{"import": 0, "export": 0, "id": "FR"}, {"import": 0, "export": 0, "id": "IT"}], "world_import": 0, "world_export": 0}, {"date": "2014-09-01", "list": [{"import": 0, "export": 0, "id": "FR"}, {"import": 750, "export": 0, "id": "IT"}], "world_import": 750, "world_export": 0}, {"date": "2014-10-01", "list": [{"import": 0, "export": 0, "id": "FR"}, {"import": 0, "export": 0, "id": "IT"}], "world_import": 0, "world_export": 0}]