[{"date": "2018-06-01", "list": [{"import": 1890850, "export": 0, "id": "TH"}, {"import": 1470000, "export": 0, "id": "KH"}, {"import": 249780, "export": 0, "id": "IN"}, {"import": 2270, "export": 0, "id": "VN"}, {"import": 23080, "export": 0, "id": "AU"}, {"import": 2400, "export": 0, "id": "JP"}, {"import": 0, "export": 0, "id": "PK"}, {"import": 0, "export": 0, "id": "AE"}, {"import": 0, "export": 0, "id": "GB"}, {"import": 0, "export": 0, "id": "TW"}, {"import": 0, "export": 0, "id": "SG"}, {"import": 0, "export": 0, "id": "BD"}, {"import": 250, "export": 0, "id": "ID"}], "world_import": 3638630, "world_export": 0}, {"date": "2018-07-01", "list": [{"import": 1891700, "export": 0, "id": "TH"}, {"import": 1029000, "export": 0, "id": "KH"}, {"import": 157860, "export": 0, "id": "IN"}, {"import": 4540, "export": 0, "id": "VN"}, {"import": 25080, "export": 0, "id": "AU"}, {"import": 4800, "export": 0, "id": "JP"}, {"import": 0, "export": 0, "id": "PK"}, {"import": 0, "export": 0, "id": "AE"}, {"import": 0, "export": 0, "id": "GB"}, {"import": 0, "export": 0, "id": "TW"}, {"import": 0, "export": 0, "id": "SG"}, {"import": 3600, "export": 0, "id": "BD"}, {"import": 500, "export": 0, "id": "ID"}], "world_import": 3117080, "world_export": 0}, {"date": "2018-08-01", "list": [{"import": 2647350, "export": 0, "id": "TH"}, {"import": 1029000, "export": 0, "id": "KH"}, {"import": 271230, "export": 0, "id": "IN"}, {"import": 2270, "export": 0, "id": "VN"}, {"import": 23080, "export": 0, "id": "AU"}, {"import": 2400, "export": 0, "id": "JP"}, {"import": 0, "export": 0, "id": "PK"}, {"import": 0, "export": 0, "id": "AE"}, {"import": 0, "export": 0, "id": "GB"}, {"import": 0, "export": 0, "id": "TW"}, {"import": 0, "export": 0, "id": "SG"}, {"import": 0, "export": 0, "id": "BD"}, {"import": 250, "export": 0, "id": "ID"}], "world_import": 3975580, "world_export": 0}, {"date": "2018-09-01", "list": [{"import": 856, "export": 0, "id": "TH"}, {"import": 1029000, "export": 0, "id": "KH"}, {"import": 266984, "export": 0, "id": "IN"}, {"import": 2270, "export": 0, "id": "VN"}, {"import": 23080, "export": 0, "id": "AU"}, {"import": 2400, "export": 0, "id": "JP"}, {"import": 0, "export": 0, "id": "PK"}, {"import": 0, "export": 0, "id": "AE"}, {"import": 93, "export": 0, "id": "GB"}, {"import": 0, "export": 0, "id": "TW"}, {"import": 0, "export": 0, "id": "SG"}, {"import": 0, "export": 0, "id": "BD"}, {"import": 250, "export": 0, "id": "ID"}], "world_import": 1324933, "world_export": 0}, {"date": "2018-10-01", "list": [{"import": 1750, "export": 0, "id": "TH"}, {"import": 0, "export": 0, "id": "KH"}, {"import": 201060, "export": 0, "id": "IN"}, {"import": 24970, "export": 0, "id": "VN"}, {"import": 2000, "export": 0, "id": "AU"}, {"import": 2400, "export": 0, "id": "JP"}, {"import": 0, "export": 0, "id": "PK"}, {"import": 0, "export": 0, "id": "AE"}, {"import": 0, "export": 0, "id": "GB"}, {"import": 0, "export": 0, "id": "TW"}, {"import": 8720, "export": 0, "id": "SG"}, {"import": 0, "export": 0, "id": "BD"}, {"import": 250, "export": 0, "id": "ID"}], "world_import": 241150, "world_export": 0}, {"date": "2018-11-01", "list": [{"import": 3508200, "export": 0, "id": "TH"}, {"import": 0, "export": 0, "id": "KH"}, {"import": 247750, "export": 0, "id": "IN"}, {"import": 2270, "export": 0, "id": "VN"}, {"import": 26680, "export": 0, "id": "AU"}, {"import": 2896, "export": 0, "id": "JP"}, {"import": 0, "export": 0, "id": "PK"}, {"import": 0, "export": 0, "id": "AE"}, {"import": 0, "export": 0, "id": "GB"}, {"import": 0, "export": 0, "id": "TW"}, {"import": 0, "export": 0, "id": "SG"}, {"import": 0, "export": 0, "id": "BD"}, {"import": 500, "export": 0, "id": "ID"}], "world_import": 3788296, "world_export": 0}, {"date": "2018-12-01", "list": [{"import": 600, "export": 0, "id": "TH"}, {"import": 0, "export": 0, "id": "KH"}, {"import": 117650, "export": 0, "id": "IN"}, {"import": 2270, "export": 0, "id": "VN"}, {"import": 22680, "export": 0, "id": "AU"}, {"import": 3890, "export": 0, "id": "JP"}, {"import": 0, "export": 0, "id": "PK"}, {"import": 0, "export": 0, "id": "AE"}, {"import": 0, "export": 0, "id": "GB"}, {"import": 0, "export": 0, "id": "TW"}, {"import": 0, "export": 0, "id": "SG"}, {"import": 750, "export": 0, "id": "BD"}, {"import": 500, "export": 0, "id": "ID"}], "world_import": 148340, "world_export": 0}, {"date": "2019-01-01", "list": [{"import": 2940650, "export": 951700430, "id": "TH"}, {"import": 2114700, "export": 47018355, "id": "KH"}, {"import": 211850, "export": 1011079902, "id": "IN"}, {"import": 22928, "export": 0, "id": "VN"}, {"import": 21335, "export": 21234, "id": "AU"}, {"import": 4790, "export": 10393, "id": "JP"}, {"import": 0, "export": 493623, "id": "PK"}, {"import": 0, "export": 8748650, "id": "AE"}, {"import": 0, "export": 4407925, "id": "GB"}, {"import": 0, "export": 14280, "id": "TW"}, {"import": 0, "export": 4293, "id": "SG"}, {"import": 0, "export": 0, "id": "BD"}, {"import": 0, "export": 11000, "id": "ID"}, {"import": 0, "export": 103669604, "id": "BR"}, {"import": 0, "export": 1403940, "id": "TR"}, {"import": 0, "export": 6027643, "id": "FR"}, {"import": 0, "export": 96128, "id": "KR"}, {"import": 0, "export": 323124, "id": "CH"}, {"import": 0, "export": 46747, "id": "NO"}, {"import": 0, "export": 9493670, "id": "KZ"}, {"import": 0, "export": 486926, "id": "KE"}, {"import": 0, "export": 0, "id": "TG"}, {"import": 0, "export": 246684639, "id": "US"}, {"import": 0, "export": 0, "id": "BF"}, {"import": 0, "export": 98174735, "id": "UY"}, {"import": 0, "export": 0, "id": "WS"}, {"import": 0, "export": 447750, "id": "ZM"}, {"import": 0, "export": 29672367, "id": "PY"}, {"import": 0, "export": 363385, "id": "PE"}, {"import": 0, "export": 19621, "id": "PH"}, {"import": 0, "export": 3186424, "id": "PL"}, {"import": 0, "export": 8613155, "id": "PT"}, {"import": 0, "export": 1674415, "id": "RO"}, {"import": 0, "export": 20533654, "id": "RU"}, {"import": 0, "export": 0, "id": "LC"}, {"import": 0, "export": 243818, "id": "VC"}, {"import": 0, "export": 81679, "id": "RS"}, {"import": 0, "export": 130220, "id": "SK"}, {"import": 0, "export": 2001667, "id": "SI"}, {"import": 0, "export": 8624045, "id": "ZA"}, {"import": 0, "export": 22837031, "id": "ES"}, {"import": 0, "export": 0, "id": "SZ"}, {"import": 0, "export": 160927, "id": "SE"}, {"import": 0, "export": 1075, "id": "KG"}, {"import": 0, "export": 161114, "id": "LV"}, {"import": 0, "export": 431357, "id": "LT"}, {"import": 0, "export": 3631, "id": "LU"}, {"import": 0, "export": 1450, "id": "MG"}, {"import": 0, "export": 900, "id": "MW"}, {"import": 0, "export": 2496749, "id": "MY"}, {"import": 0, "export": 2400, "id": "MT"}, {"import": 0, "export": 0, "id": "MU"}, {"import": 0, "export": 220, "id": "MA"}, {"import": 0, "export": 60230, "id": "MZ"}, {"import": 0, "export": 0, "id": null}, {"import": 0, "export": 22047134, "id": "NL"}, {"import": 0, "export": 0, "id": "AW"}, {"import": 0, "export": 4773, "id": "NZ"}, {"import": 0, "export": 773837, "id": "NI"}, {"import": 0, "export": 0, "id": "NG"}, {"import": 0, "export": 25000, "id": "GE"}, {"import": 0, "export": 12257, "id": "DE"}, {"import": 0, "export": 10499176, "id": "GR"}, {"import": 0, "export": 61769, "id": "GT"}, {"import": 0, "export": 4380968, "id": "GY"}, {"import": 0, "export": 190265, "id": "HN"}, {"import": 0, "export": 463096, "id": "HU"}, {"import": 0, "export": 0, "id": "IS"}, {"import": 0, "export": 93861, "id": "IE"}, {"import": 0, "export": 0, "id": "IL"}, {"import": 0, "export": 63896628, "id": "IT"}, {"import": 0, "export": 0, "id": "AG"}, {"import": 0, "export": 39509210, "id": "AR"}, {"import": 0, "export": 257247, "id": "AT"}, {"import": 0, "export": 58619, "id": "BH"}, {"import": 0, "export": 0, "id": "BB"}, {"import": 0, "export": 24347453, "id": "BE"}, {"import": 0, "export": 0, "id": "BM"}, {"import": 0, "export": 15320, "id": "BA"}, {"import": 0, "export": 66200, "id": "BZ"}, {"import": 0, "export": 3265, "id": "BN"}, {"import": 0, "export": 6335061, "id": "BG"}, {"import": 0, "export": 0, "id": "BI"}, {"import": 0, "export": 1670815, "id": "CA"}, {"import": 0, "export": 963480, "id": "CL"}, {"import": 0, "export": 143070279, "id": "CN"}, {"import": 0, "export": 0, "id": "CO"}, {"import": 0, "export": 1141638, "id": "CR"}, {"import": 0, "export": 33664, "id": "HR"}, {"import": 0, "export": 18160, "id": "CY"}, {"import": 0, "export": 2298628, "id": "-"}, {"import": 0, "export": 0, "id": "BJ"}, {"import": 0, "export": 596244, "id": "DK"}, {"import": 0, "export": 0, "id": "EC"}, {"import": 0, "export": 95740, "id": "SV"}, {"import": 0, "export": 12870, "id": "EE"}, {"import": 0, "export": 53276, "id": "FJ"}, {"import": 0, "export": 31585, "id": "FI"}], "world_import": 5316253, "world_export": 2914694043}, {"date": "2019-02-01", "list": [{"import": 3193000, "export": 0, "id": "TH"}, {"import": 845880, "export": 0, "id": "KH"}, {"import": 262730, "export": 0, "id": "IN"}, {"import": 2270, "export": 0, "id": "VN"}, {"import": 22935, "export": 0, "id": "AU"}, {"import": 2890, "export": 0, "id": "JP"}, {"import": 0, "export": 0, "id": "PK"}, {"import": 0, "export": 0, "id": "AE"}, {"import": 0, "export": 0, "id": "GB"}, {"import": 0, "export": 0, "id": "TW"}, {"import": 0, "export": 0, "id": "SG"}, {"import": 1080, "export": 0, "id": "BD"}, {"import": 500, "export": 0, "id": "ID"}], "world_import": 4331285, "world_export": 0}, {"date": "2019-03-01", "list": [{"import": 2104660, "export": 687559536, "id": "TH"}, {"import": 3365880, "export": 48006267, "id": "KH"}, {"import": 150750, "export": 1038299609, "id": "IN"}, {"import": 2270, "export": 0, "id": "VN"}, {"import": 28870, "export": 15376, "id": "AU"}, {"import": 2890, "export": 1115, "id": "JP"}, {"import": 0, "export": 427488, "id": "PK"}, {"import": 0, "export": 9705735, "id": "AE"}, {"import": 0, "export": 4231425, "id": "GB"}, {"import": 0, "export": 3327, "id": "TW"}, {"import": 1470, "export": 3867, "id": "SG"}, {"import": 200, "export": 0, "id": "BD"}, {"import": 500, "export": 2, "id": "ID"}, {"import": 0, "export": 69521087, "id": "BR"}, {"import": 0, "export": 1793617, "id": "TR"}, {"import": 0, "export": 5249786, "id": "FR"}, {"import": 0, "export": 154666, "id": "KR"}, {"import": 0, "export": 302884, "id": "CH"}, {"import": 0, "export": 45613, "id": "NO"}, {"import": 0, "export": 9077720, "id": "KZ"}, {"import": 0, "export": 14585, "id": "KE"}, {"import": 0, "export": 0, "id": "TG"}, {"import": 0, "export": 228950566, "id": "US"}, {"import": 0, "export": 0, "id": "BF"}, {"import": 0, "export": 50519767, "id": "UY"}, {"import": 0, "export": 1, "id": "WS"}, {"import": 0, "export": 417000, "id": "ZM"}, {"import": 0, "export": 62326050, "id": "PY"}, {"import": 0, "export": 2713851, "id": "PE"}, {"import": 0, "export": 43365, "id": "PH"}, {"import": 0, "export": 2634674, "id": "PL"}, {"import": 0, "export": 7948941, "id": "PT"}, {"import": 0, "export": 1891714, "id": "RO"}, {"import": 0, "export": 29892738, "id": "RU"}, {"import": 0, "export": 0, "id": "LC"}, {"import": 0, "export": 117871, "id": "VC"}, {"import": 0, "export": 139447, "id": "RS"}, {"import": 0, "export": 153101, "id": "SK"}, {"import": 0, "export": 872779, "id": "SI"}, {"import": 0, "export": 6409895, "id": "ZA"}, {"import": 0, "export": 26810753, "id": "ES"}, {"import": 0, "export": 0, "id": "SZ"}, {"import": 0, "export": 112121, "id": "SE"}, {"import": 0, "export": 7700, "id": "KG"}, {"import": 0, "export": 130117, "id": "LV"}, {"import": 0, "export": 681688, "id": "LT"}, {"import": 0, "export": 4681, "id": "LU"}, {"import": 0, "export": 2450, "id": "MG"}, {"import": 0, "export": 370, "id": "MW"}, {"import": 0, "export": 4746000, "id": "MY"}, {"import": 0, "export": 500, "id": "MT"}, {"import": 0, "export": 0, "id": "MU"}, {"import": 0, "export": 3115, "id": "MA"}, {"import": 0, "export": 625, "id": "MZ"}, {"import": 0, "export": 50, "id": null}, {"import": 0, "export": 22628953, "id": "NL"}, {"import": 0, "export": 0, "id": "AW"}, {"import": 0, "export": 2273, "id": "NZ"}, {"import": 0, "export": 419124, "id": "NI"}, {"import": 0, "export": 0, "id": "NG"}, {"import": 0, "export": 30200, "id": "GE"}, {"import": 0, "export": 4876, "id": "DE"}, {"import": 0, "export": 8469029, "id": "GR"}, {"import": 0, "export": 9334, "id": "GT"}, {"import": 0, "export": 3326904, "id": "GY"}, {"import": 0, "export": 376610, "id": "HN"}, {"import": 0, "export": 394124, "id": "HU"}, {"import": 0, "export": 0, "id": "IS"}, {"import": 0, "export": 120947, "id": "IE"}, {"import": 0, "export": 59676240, "id": "IT"}, {"import": 0, "export": 0, "id": "AG"}, {"import": 0, "export": 15797072, "id": "AR"}, {"import": 0, "export": 309667, "id": "AT"}, {"import": 0, "export": 6306, "id": "BH"}, {"import": 0, "export": 2440, "id": "BB"}, {"import": 0, "export": 22841917, "id": "BE"}, {"import": 0, "export": 50, "id": "BM"}, {"import": 0, "export": 800, "id": "BA"}, {"import": 0, "export": 82400, "id": "BZ"}, {"import": 0, "export": 103, "id": "BN"}, {"import": 0, "export": 10136251, "id": "BG"}, {"import": 0, "export": 0, "id": "BI"}, {"import": 0, "export": 1388045, "id": "CA"}, {"import": 0, "export": 329990, "id": "CL"}, {"import": 0, "export": 146498558, "id": "CN"}, {"import": 0, "export": 0, "id": "CO"}, {"import": 0, "export": 1269148, "id": "CR"}, {"import": 0, "export": 4739, "id": "HR"}, {"import": 0, "export": 0, "id": "CY"}, {"import": 0, "export": 1863977, "id": "-"}, {"import": 0, "export": 0, "id": "BJ"}, {"import": 0, "export": 529066, "id": "DK"}, {"import": 0, "export": 1615, "id": "EC"}, {"import": 0, "export": 152490, "id": "SV"}, {"import": 0, "export": 8172, "id": "EE"}, {"import": 0, "export": 22859, "id": "FJ"}, {"import": 0, "export": 4563, "id": "FI"}], "world_import": 5657490, "world_export": 2598654477}, {"date": "2019-04-01", "list": [{"import": 4831000, "export": 0, "id": "TH"}, {"import": 2940000, "export": 0, "id": "KH"}, {"import": 238308, "export": 0, "id": "IN"}, {"import": 2270, "export": 0, "id": "VN"}, {"import": 1600, "export": 0, "id": "AU"}, {"import": 2890, "export": 0, "id": "JP"}, {"import": 0, "export": 0, "id": "PK"}, {"import": 1778, "export": 0, "id": "AE"}, {"import": 0, "export": 0, "id": "GB"}, {"import": 0, "export": 0, "id": "TW"}, {"import": 0, "export": 0, "id": "SG"}, {"import": 1480, "export": 0, "id": "BD"}, {"import": 500, "export": 0, "id": "ID"}], "world_import": 8019826, "world_export": 0}, {"date": "2019-05-01", "list": [{"import": 2000, "export": 769868752, "id": "TH"}, {"import": 0, "export": 62184663, "id": "KH"}, {"import": 165425, "export": 1386550034, "id": "IN"}, {"import": 49940, "export": 0, "id": "VN"}, {"import": 43488, "export": 14188, "id": "AU"}, {"import": 7380, "export": 1444, "id": "JP"}, {"import": 0, "export": 489545, "id": "PK"}, {"import": 0, "export": 10274106, "id": "AE"}, {"import": 0, "export": 4962942, "id": "GB"}, {"import": 0, "export": 2497, "id": "TW"}, {"import": 0, "export": 8639, "id": "SG"}, {"import": 2180, "export": 0, "id": "BD"}, {"import": 10500, "export": 28176, "id": "ID"}, {"import": 0, "export": 123925091, "id": "BR"}, {"import": 0, "export": 852146, "id": "TR"}, {"import": 0, "export": 4895315, "id": "FR"}, {"import": 0, "export": 1133947, "id": "KR"}, {"import": 0, "export": 358713, "id": "CH"}, {"import": 0, "export": 4839, "id": "NO"}, {"import": 0, "export": 7551799, "id": "KZ"}, {"import": 0, "export": 67100, "id": "KE"}, {"import": 0, "export": 0, "id": "TG"}, {"import": 0, "export": 296749716, "id": "US"}, {"import": 0, "export": 0, "id": "BF"}, {"import": 0, "export": 33063362, "id": "UY"}, {"import": 0, "export": 1, "id": "WS"}, {"import": 0, "export": 630040, "id": "ZM"}, {"import": 0, "export": 58118935, "id": "PY"}, {"import": 0, "export": 4291900, "id": "PE"}, {"import": 0, "export": 0, "id": "PH"}, {"import": 0, "export": 2456329, "id": "PL"}, {"import": 0, "export": 7976041, "id": "PT"}, {"import": 0, "export": 2057407, "id": "RO"}, {"import": 0, "export": 18544444, "id": "RU"}, {"import": 0, "export": 0, "id": "LC"}, {"import": 0, "export": 10704, "id": "VC"}, {"import": 0, "export": 64206, "id": "RS"}, {"import": 0, "export": 149906, "id": "SK"}, {"import": 0, "export": 1249553, "id": "SI"}, {"import": 0, "export": 12904370, "id": "ZA"}, {"import": 0, "export": 27197731, "id": "ES"}, {"import": 0, "export": 0, "id": "SZ"}, {"import": 0, "export": 118124, "id": "SE"}, {"import": 0, "export": 115400, "id": "KG"}, {"import": 0, "export": 185504, "id": "LV"}, {"import": 0, "export": 431685, "id": "LT"}, {"import": 0, "export": 4624, "id": "LU"}, {"import": 0, "export": 1300, "id": "MG"}, {"import": 0, "export": 500, "id": "MW"}, {"import": 0, "export": 5162161, "id": "MY"}, {"import": 0, "export": 9000, "id": "MT"}, {"import": 0, "export": 1927, "id": "MU"}, {"import": 0, "export": 331, "id": "MA"}, {"import": 0, "export": 120000, "id": "MZ"}, {"import": 0, "export": 241, "id": null}, {"import": 0, "export": 19710375, "id": "NL"}, {"import": 0, "export": 0, "id": "AW"}, {"import": 0, "export": 8199, "id": "NZ"}, {"import": 0, "export": 563371, "id": "NI"}, {"import": 0, "export": 0, "id": "NG"}, {"import": 0, "export": 32000, "id": "GE"}, {"import": 0, "export": 4596, "id": "DE"}, {"import": 0, "export": 17681217, "id": "GR"}, {"import": 0, "export": 75994, "id": "GT"}, {"import": 0, "export": 3982007, "id": "GY"}, {"import": 0, "export": 376641, "id": "HN"}, {"import": 0, "export": 325186, "id": "HU"}, {"import": 0, "export": 0, "id": "IS"}, {"import": 0, "export": 89622, "id": "IE"}, {"import": 0, "export": 70186187, "id": "IT"}, {"import": 0, "export": 0, "id": "AG"}, {"import": 0, "export": 48169509, "id": "AR"}, {"import": 0, "export": 355994, "id": "AT"}, {"import": 0, "export": 20239, "id": "BH"}, {"import": 0, "export": 0, "id": "BB"}, {"import": 0, "export": 26475325, "id": "BE"}, {"import": 0, "export": 10, "id": "BM"}, {"import": 0, "export": 0, "id": "BA"}, {"import": 0, "export": 41200, "id": "BZ"}, {"import": 0, "export": 50, "id": "BN"}, {"import": 0, "export": 7014892, "id": "BG"}, {"import": 0, "export": 0, "id": "BI"}, {"import": 0, "export": 1539007, "id": "CA"}, {"import": 0, "export": 1523893, "id": "CL"}, {"import": 0, "export": 189611853, "id": "CN"}, {"import": 0, "export": 0, "id": "CO"}, {"import": 0, "export": 1612454, "id": "CR"}, {"import": 0, "export": 1530, "id": "HR"}, {"import": 0, "export": 0, "id": "CY"}, {"import": 0, "export": 1858821, "id": "-"}, {"import": 0, "export": 0, "id": "BJ"}, {"import": 0, "export": 336228, "id": "DK"}, {"import": 0, "export": 7598, "id": "EC"}, {"import": 0, "export": 272743, "id": "SV"}, {"import": 0, "export": 12365, "id": "EE"}, {"import": 0, "export": 35504, "id": "FJ"}, {"import": 0, "export": 8198, "id": "FI"}], "world_import": 280913, "world_export": 3236722186}, {"date": "2019-06-01", "list": [{"import": 1765300, "export": 0, "id": "TH"}, {"import": 2950290, "export": 0, "id": "KH"}, {"import": 157925, "export": 0, "id": "IN"}, {"import": 2270, "export": 0, "id": "VN"}, {"import": 23280, "export": 0, "id": "AU"}, {"import": 2890, "export": 0, "id": "JP"}, {"import": 0, "export": 0, "id": "PK"}, {"import": 0, "export": 0, "id": "AE"}, {"import": 0, "export": 0, "id": "GB"}, {"import": 0, "export": 0, "id": "TW"}, {"import": 0, "export": 0, "id": "SG"}, {"import": 0, "export": 0, "id": "BD"}, {"import": 500, "export": 0, "id": "ID"}], "world_import": 4902455, "world_export": 0}, {"date": "2019-07-01", "list": [{"import": 1597000, "export": 702926724, "id": "TH"}, {"import": 1470000, "export": 37058615, "id": "KH"}, {"import": 172250, "export": 740576156, "id": "IN"}, {"import": 2270, "export": 0, "id": "VN"}, {"import": 32235, "export": 15655, "id": "AU"}, {"import": 2890, "export": 1543, "id": "JP"}, {"import": 0, "export": 412860, "id": "PK"}, {"import": 0, "export": 13111800, "id": "AE"}, {"import": 0, "export": 3608325, "id": "GB"}, {"import": 0, "export": 7372, "id": "TW"}, {"import": 0, "export": 6040, "id": "SG"}, {"import": 2160, "export": 0, "id": "BD"}, {"import": 500, "export": 22227, "id": "ID"}, {"import": 0, "export": 97469217, "id": "BR"}, {"import": 0, "export": 1781548, "id": "TR"}, {"import": 0, "export": 4330239, "id": "FR"}, {"import": 0, "export": 50165709, "id": "KR"}, {"import": 0, "export": 282428, "id": "CH"}, {"import": 0, "export": 1072, "id": "NO"}, {"import": 0, "export": 8371446, "id": "KZ"}, {"import": 0, "export": 982, "id": "KE"}, {"import": 0, "export": 0, "id": "TG"}, {"import": 0, "export": 321061546, "id": "US"}, {"import": 0, "export": 0, "id": "BF"}, {"import": 0, "export": 38095699, "id": "UY"}, {"import": 0, "export": 3, "id": "WS"}, {"import": 0, "export": 354000, "id": "ZM"}, {"import": 0, "export": 66590475, "id": "PY"}, {"import": 0, "export": 1736308, "id": "PE"}, {"import": 0, "export": 19739, "id": "PH"}, {"import": 0, "export": 3059716, "id": "PL"}, {"import": 0, "export": 8504275, "id": "PT"}, {"import": 0, "export": 1494123, "id": "RO"}, {"import": 0, "export": 25470300, "id": "RU"}, {"import": 0, "export": 0, "id": "LC"}, {"import": 0, "export": 0, "id": "VC"}, {"import": 0, "export": 11562, "id": "RS"}, {"import": 0, "export": 175106, "id": "SK"}, {"import": 0, "export": 1224647, "id": "SI"}, {"import": 0, "export": 5948670, "id": "ZA"}, {"import": 0, "export": 27161737, "id": "ES"}, {"import": 0, "export": 0, "id": "SZ"}, {"import": 0, "export": 104876, "id": "SE"}, {"import": 0, "export": 8150, "id": "KG"}, {"import": 0, "export": 230228, "id": "LV"}, {"import": 0, "export": 429098, "id": "LT"}, {"import": 0, "export": 4698, "id": "LU"}, {"import": 0, "export": 0, "id": "MG"}, {"import": 0, "export": 250, "id": "MW"}, {"import": 0, "export": 8427266, "id": "MY"}, {"import": 0, "export": 0, "id": "MT"}, {"import": 0, "export": 200, "id": "MU"}, {"import": 0, "export": 4793, "id": "MA"}, {"import": 0, "export": 243, "id": "MZ"}, {"import": 0, "export": 246, "id": null}, {"import": 0, "export": 21106474, "id": "NL"}, {"import": 0, "export": 350, "id": "AW"}, {"import": 0, "export": 1801, "id": "NZ"}, {"import": 0, "export": 637759, "id": "NI"}, {"import": 0, "export": 0, "id": "NG"}, {"import": 0, "export": 35600, "id": "GE"}, {"import": 0, "export": 5947, "id": "DE"}, {"import": 0, "export": 16662737, "id": "GR"}, {"import": 0, "export": 20962, "id": "GT"}, {"import": 0, "export": 7722031, "id": "GY"}, {"import": 0, "export": 224298, "id": "HN"}, {"import": 0, "export": 347155, "id": "HU"}, {"import": 0, "export": 0, "id": "IS"}, {"import": 0, "export": 53876, "id": "IE"}, {"import": 0, "export": 0, "id": "IL"}, {"import": 0, "export": 57933676, "id": "IT"}, {"import": 0, "export": 0, "id": "AG"}, {"import": 0, "export": 59994204, "id": "AR"}, {"import": 0, "export": 307814, "id": "AT"}, {"import": 0, "export": 115874, "id": "BH"}, {"import": 0, "export": 3000, "id": "BB"}, {"import": 0, "export": 23459230, "id": "BE"}, {"import": 0, "export": 0, "id": "BM"}, {"import": 0, "export": 4440, "id": "BA"}, {"import": 0, "export": 99800, "id": "BZ"}, {"import": 0, "export": 120, "id": "BN"}, {"import": 0, "export": 9018661, "id": "BG"}, {"import": 0, "export": 50, "id": "BI"}, {"import": 0, "export": 940487, "id": "CA"}, {"import": 0, "export": 154758, "id": "CL"}, {"import": 0, "export": 350656720, "id": "CN"}, {"import": 0, "export": 300, "id": "CO"}, {"import": 0, "export": 1146480, "id": "CR"}, {"import": 0, "export": 8871, "id": "HR"}, {"import": 0, "export": 24000, "id": "CY"}, {"import": 0, "export": 1910484, "id": "-"}, {"import": 0, "export": 0, "id": "BJ"}, {"import": 0, "export": 789465, "id": "DK"}, {"import": 0, "export": 1280, "id": "EC"}, {"import": 0, "export": 235290, "id": "SV"}, {"import": 0, "export": 13253, "id": "EE"}, {"import": 0, "export": 35272, "id": "FJ"}, {"import": 0, "export": 7868, "id": "FI"}], "world_import": 3279305, "world_export": 2723948299}, {"date": "2019-08-01", "list": [{"import": 1639000, "export": 0, "id": "TH"}, {"import": 1470000, "export": 0, "id": "KH"}, {"import": 298795, "export": 0, "id": "IN"}, {"import": 24970, "export": 0, "id": "VN"}, {"import": 36850, "export": 0, "id": "AU"}, {"import": 2890, "export": 0, "id": "JP"}, {"import": 0, "export": 0, "id": "PK"}, {"import": 0, "export": 0, "id": "AE"}, {"import": 0, "export": 0, "id": "GB"}, {"import": 0, "export": 0, "id": "TW"}, {"import": 0, "export": 0, "id": "SG"}, {"import": 0, "export": 0, "id": "BD"}, {"import": 500, "export": 0, "id": "ID"}], "world_import": 3473005, "world_export": 0}, {"date": "2019-09-01", "list": [{"import": 1900, "export": 667257387, "id": "TH"}, {"import": 1470000, "export": 33339402, "id": "KH"}, {"import": 229950, "export": 835061229, "id": "IN"}, {"import": 2270, "export": 0, "id": "VN"}, {"import": 21335, "export": 9638, "id": "AU"}, {"import": 3140, "export": 1144, "id": "JP"}, {"import": 0, "export": 440600, "id": "PK"}, {"import": 0, "export": 7910318, "id": "AE"}, {"import": 0, "export": 4169431, "id": "GB"}, {"import": 0, "export": 10928, "id": "TW"}, {"import": 0, "export": 4773, "id": "SG"}, {"import": 1940, "export": 0, "id": "BD"}, {"import": 500, "export": 61364, "id": "ID"}, {"import": 0, "export": 103991767, "id": "BR"}, {"import": 0, "export": 1749937, "id": "TR"}, {"import": 0, "export": 4673729, "id": "FR"}, {"import": 0, "export": 169434, "id": "KR"}, {"import": 0, "export": 516607, "id": "CH"}, {"import": 0, "export": 51021, "id": "NO"}, {"import": 0, "export": 6031601, "id": "KZ"}, {"import": 0, "export": 1495, "id": "KE"}, {"import": 0, "export": 0, "id": "TG"}, {"import": 0, "export": 383597375, "id": "US"}, {"import": 0, "export": 310360, "id": "BF"}, {"import": 0, "export": 43417933, "id": "UY"}, {"import": 0, "export": 15, "id": "WS"}, {"import": 0, "export": 567700, "id": "ZM"}, {"import": 0, "export": 72331161, "id": "PY"}, {"import": 0, "export": 2526480, "id": "PE"}, {"import": 0, "export": 1301, "id": "PH"}, {"import": 0, "export": 2980126, "id": "PL"}, {"import": 0, "export": 6298461, "id": "PT"}, {"import": 0, "export": 2181618, "id": "RO"}, {"import": 0, "export": 5038902, "id": "RU"}, {"import": 0, "export": 0, "id": "LC"}, {"import": 0, "export": 26918, "id": "VC"}, {"import": 0, "export": 41736, "id": "RS"}, {"import": 0, "export": 140028, "id": "SK"}, {"import": 0, "export": 2627370, "id": "SI"}, {"import": 0, "export": 10515527, "id": "ZA"}, {"import": 0, "export": 26549395, "id": "ES"}, {"import": 0, "export": 0, "id": "SZ"}, {"import": 0, "export": 96294, "id": "SE"}, {"import": 0, "export": 33000, "id": "KG"}, {"import": 0, "export": 161424, "id": "LV"}, {"import": 0, "export": 394997, "id": "LT"}, {"import": 0, "export": 4980, "id": "LU"}, {"import": 0, "export": 800, "id": "MG"}, {"import": 0, "export": 21000, "id": "MW"}, {"import": 0, "export": 3938605, "id": "MY"}, {"import": 0, "export": 710, "id": "MT"}, {"import": 0, "export": 0, "id": "MU"}, {"import": 0, "export": 272, "id": "MA"}, {"import": 0, "export": 783, "id": "MZ"}, {"import": 0, "export": 345, "id": null}, {"import": 0, "export": 24228364, "id": "NL"}, {"import": 0, "export": 0, "id": "AW"}, {"import": 0, "export": 11602, "id": "NZ"}, {"import": 0, "export": 591490, "id": "NI"}, {"import": 0, "export": 0, "id": "NG"}, {"import": 0, "export": 5000, "id": "GE"}, {"import": 0, "export": 5805, "id": "DE"}, {"import": 0, "export": 20643744, "id": "GR"}, {"import": 0, "export": 22266, "id": "GT"}, {"import": 0, "export": 29096938, "id": "GY"}, {"import": 0, "export": 404800, "id": "HN"}, {"import": 0, "export": 364571, "id": "HU"}, {"import": 0, "export": 1320, "id": "IS"}, {"import": 0, "export": 34412, "id": "IE"}, {"import": 0, "export": 61894774, "id": "IT"}, {"import": 0, "export": 0, "id": "AG"}, {"import": 0, "export": 37458250, "id": "AR"}, {"import": 0, "export": 471815, "id": "AT"}, {"import": 0, "export": 74102, "id": "BH"}, {"import": 0, "export": 0, "id": "BB"}, {"import": 0, "export": 20647490, "id": "BE"}, {"import": 0, "export": 10, "id": "BM"}, {"import": 0, "export": 0, "id": "BA"}, {"import": 0, "export": 60200, "id": "BZ"}, {"import": 0, "export": 125, "id": "BN"}, {"import": 0, "export": 4964128, "id": "BG"}, {"import": 0, "export": 0, "id": "BI"}, {"import": 0, "export": 1120983, "id": "CA"}, {"import": 0, "export": 30291, "id": "CL"}, {"import": 0, "export": 342661770, "id": "CN"}, {"import": 0, "export": 0, "id": "CO"}, {"import": 0, "export": 968678, "id": "CR"}, {"import": 0, "export": 2340, "id": "HR"}, {"import": 0, "export": 9840, "id": "CY"}, {"import": 0, "export": 1651585, "id": "-"}, {"import": 0, "export": 80000, "id": "BJ"}, {"import": 0, "export": 533056, "id": "DK"}, {"import": 0, "export": 3767, "id": "EC"}, {"import": 0, "export": 317860, "id": "SV"}, {"import": 0, "export": 12733, "id": "EE"}, {"import": 0, "export": 64293, "id": "FJ"}, {"import": 0, "export": 4425, "id": "FI"}], "world_import": 1731035, "world_export": 2777700248}, {"date": "2019-10-01", "list": [{"import": 1683900, "export": 0, "id": "TH"}, {"import": 0, "export": 0, "id": "KH"}, {"import": 276020, "export": 0, "id": "IN"}, {"import": 2270, "export": 0, "id": "VN"}, {"import": 7110, "export": 0, "id": "AU"}, {"import": 2540, "export": 0, "id": "JP"}, {"import": 0, "export": 0, "id": "PK"}, {"import": 0, "export": 0, "id": "AE"}, {"import": 0, "export": 0, "id": "GB"}, {"import": 0, "export": 0, "id": "TW"}, {"import": 0, "export": 0, "id": "SG"}, {"import": 0, "export": 0, "id": "BD"}, {"import": 500, "export": 0, "id": "ID"}], "world_import": 1972340, "world_export": 0}, {"date": "2019-11-01", "list": [{"import": 1700, "export": 578158623, "id": "TH"}, {"import": 0, "export": 30301210, "id": "KH"}, {"import": 261150, "export": 772720317, "id": "IN"}, {"import": 24970, "export": 0, "id": "VN"}, {"import": 25270, "export": 8236, "id": "AU"}, {"import": 2540, "export": 7238, "id": "JP"}, {"import": 0, "export": 283249, "id": "PK"}, {"import": 0, "export": 4746299, "id": "AE"}, {"import": 0, "export": 3973277, "id": "GB"}, {"import": 0, "export": 7910, "id": "TW"}, {"import": 0, "export": 4847, "id": "SG"}, {"import": 0, "export": 0, "id": "BD"}, {"import": 500, "export": 0, "id": "ID"}, {"import": 0, "export": 17841312, "id": "BR"}, {"import": 0, "export": 864011, "id": "TR"}, {"import": 0, "export": 4578483, "id": "FR"}, {"import": 0, "export": 100817, "id": "KR"}, {"import": 0, "export": 303367, "id": "CH"}, {"import": 0, "export": 10431, "id": "NO"}, {"import": 0, "export": 5346772, "id": "KZ"}, {"import": 0, "export": 2600, "id": "KE"}, {"import": 0, "export": 0, "id": "TG"}, {"import": 0, "export": 329075169, "id": "US"}, {"import": 0, "export": 325000, "id": "BF"}, {"import": 0, "export": 82720909, "id": "UY"}, {"import": 0, "export": 7201, "id": "WS"}, {"import": 0, "export": 569000, "id": "ZM"}, {"import": 0, "export": 58274113, "id": "PY"}, {"import": 0, "export": 6359295, "id": "PE"}, {"import": 0, "export": 59422, "id": "PH"}, {"import": 0, "export": 2543647, "id": "PL"}, {"import": 0, "export": 5890789, "id": "PT"}, {"import": 0, "export": 1943956, "id": "RO"}, {"import": 0, "export": 7841568, "id": "RU"}, {"import": 0, "export": 60, "id": "LC"}, {"import": 0, "export": 27174, "id": "VC"}, {"import": 0, "export": 50732, "id": "RS"}, {"import": 0, "export": 175077, "id": "SK"}, {"import": 0, "export": 1055226, "id": "SI"}, {"import": 0, "export": 6855485, "id": "ZA"}, {"import": 0, "export": 25803674, "id": "ES"}, {"import": 0, "export": 0, "id": "SZ"}, {"import": 0, "export": 113087, "id": "SE"}, {"import": 0, "export": 12997, "id": "KG"}, {"import": 0, "export": 88948, "id": "LV"}, {"import": 0, "export": 428740, "id": "LT"}, {"import": 0, "export": 3803, "id": "LU"}, {"import": 0, "export": 600, "id": "MG"}, {"import": 0, "export": 810, "id": "MW"}, {"import": 0, "export": 11000, "id": "MY"}, {"import": 0, "export": 24000, "id": "MT"}, {"import": 0, "export": 0, "id": "MU"}, {"import": 0, "export": 1461, "id": "MA"}, {"import": 0, "export": 475, "id": "MZ"}, {"import": 0, "export": 290, "id": null}, {"import": 0, "export": 18509856, "id": "NL"}, {"import": 0, "export": 0, "id": "AW"}, {"import": 0, "export": 4728, "id": "NZ"}, {"import": 0, "export": 258550, "id": "NI"}, {"import": 0, "export": 200000, "id": "NG"}, {"import": 0, "export": 23000, "id": "GE"}, {"import": 0, "export": 4371, "id": "DE"}, {"import": 0, "export": 5768476, "id": "GR"}, {"import": 0, "export": 28406, "id": "GT"}, {"import": 0, "export": 7421239, "id": "GY"}, {"import": 0, "export": 135450, "id": "HN"}, {"import": 0, "export": 410052, "id": "HU"}, {"import": 0, "export": 0, "id": "IS"}, {"import": 0, "export": 15461, "id": "IE"}, {"import": 0, "export": 0, "id": "IL"}, {"import": 0, "export": 49447769, "id": "IT"}, {"import": 0, "export": 0, "id": "AG"}, {"import": 0, "export": 36221598, "id": "AR"}, {"import": 0, "export": 215102, "id": "AT"}, {"import": 0, "export": 4276, "id": "BH"}, {"import": 0, "export": 28100, "id": "BB"}, {"import": 0, "export": 26163013, "id": "BE"}, {"import": 0, "export": 10, "id": "BM"}, {"import": 0, "export": 0, "id": "BA"}, {"import": 0, "export": 105100, "id": "BZ"}, {"import": 0, "export": 50, "id": "BN"}, {"import": 0, "export": 5508135, "id": "BG"}, {"import": 0, "export": 0, "id": "BI"}, {"import": 0, "export": 970804, "id": "CA"}, {"import": 0, "export": 84773, "id": "CL"}, {"import": 0, "export": 297778035, "id": "CN"}, {"import": 0, "export": 0, "id": "CO"}, {"import": 0, "export": 1176619, "id": "CR"}, {"import": 0, "export": 1810, "id": "HR"}, {"import": 0, "export": 0, "id": "CY"}, {"import": 0, "export": 1583956, "id": "-"}, {"import": 0, "export": 969091, "id": "BJ"}, {"import": 0, "export": 588825, "id": "DK"}, {"import": 0, "export": 500, "id": "EC"}, {"import": 0, "export": 233572, "id": "SV"}, {"import": 0, "export": 32229, "id": "EE"}, {"import": 0, "export": 46108, "id": "FJ"}, {"import": 0, "export": 2727, "id": "FI"}], "world_import": 316130, "world_export": 2403464498}, {"date": "2020-01-01", "list": [{"import": 0, "export": 69630280, "id": "BR"}, {"import": 0, "export": 2449885, "id": "TR"}, {"import": 0, "export": 3591935, "id": "GB"}, {"import": 0, "export": 4995688, "id": "FR"}, {"import": 0, "export": 129707, "id": "KR"}, {"import": 0, "export": 740687, "id": "CH"}, {"import": 0, "export": 2287, "id": "NO"}, {"import": 0, "export": 4479, "id": "JP"}, {"import": 0, "export": 4310788, "id": "KZ"}, {"import": 0, "export": 314981, "id": "KE"}, {"import": 0, "export": 548714100, "id": "TH"}, {"import": 0, "export": 0, "id": "TG"}, {"import": 0, "export": 6521894, "id": "AE"}, {"import": 0, "export": 293375215, "id": "US"}, {"import": 0, "export": 0, "id": "BF"}, {"import": 0, "export": 65133380, "id": "UY"}, {"import": 0, "export": 5714, "id": "WS"}, {"import": 0, "export": 337800, "id": "ZM"}, {"import": 0, "export": 365138, "id": "PK"}, {"import": 0, "export": 74552862, "id": "PY"}, {"import": 0, "export": 10070013, "id": "PE"}, {"import": 0, "export": 39062, "id": "PH"}, {"import": 0, "export": 2882522, "id": "PL"}, {"import": 0, "export": 6906352, "id": "PT"}, {"import": 0, "export": 0, "id": "RO"}, {"import": 0, "export": 3963268, "id": "RU"}, {"import": 0, "export": 0, "id": "LC"}, {"import": 0, "export": 2800, "id": "VC"}, {"import": 0, "export": 16217, "id": "RS"}, {"import": 0, "export": 780160490, "id": "IN"}, {"import": 0, "export": 5433, "id": "SG"}, {"import": 0, "export": 203401, "id": "SK"}, {"import": 0, "export": 1671495, "id": "SI"}, {"import": 0, "export": 7110031, "id": "ZA"}, {"import": 0, "export": 25788047, "id": "ES"}, {"import": 0, "export": 0, "id": "SZ"}, {"import": 0, "export": 107349, "id": "SE"}, {"import": 0, "export": 84690, "id": "KG"}, {"import": 0, "export": 129278, "id": "LV"}, {"import": 0, "export": 359376, "id": "LT"}, {"import": 0, "export": 4655, "id": "LU"}, {"import": 0, "export": 1030, "id": "MG"}, {"import": 0, "export": 6000, "id": "MW"}, {"import": 0, "export": 26234, "id": "MY"}, {"import": 0, "export": 0, "id": "MT"}, {"import": 0, "export": 5566, "id": "MU"}, {"import": 0, "export": 6128, "id": "TW"}, {"import": 0, "export": 200, "id": "MA"}, {"import": 0, "export": 100, "id": "MZ"}, {"import": 0, "export": 70970, "id": null}, {"import": 0, "export": 19190588, "id": "NL"}, {"import": 0, "export": 20, "id": "AW"}, {"import": 0, "export": 3203, "id": "NZ"}, {"import": 0, "export": 481720, "id": "NI"}, {"import": 0, "export": 0, "id": "NG"}, {"import": 0, "export": 61600, "id": "GE"}, {"import": 0, "export": 6304, "id": "DE"}, {"import": 0, "export": 5057207, "id": "GR"}, {"import": 0, "export": 24264, "id": "GT"}, {"import": 0, "export": 239056, "id": "GY"}, {"import": 0, "export": 989519, "id": "HN"}, {"import": 0, "export": 744280, "id": "HU"}, {"import": 0, "export": 0, "id": "IS"}, {"import": 0, "export": 1000, "id": "ID"}, {"import": 0, "export": 16562, "id": "IE"}, {"import": 0, "export": 54313211, "id": "IT"}, {"import": 0, "export": 8, "id": "AG"}, {"import": 0, "export": 32818016, "id": "AR"}, {"import": 0, "export": 7327, "id": "AU"}, {"import": 0, "export": 187271, "id": "AT"}, {"import": 0, "export": 3636, "id": "BH"}, {"import": 0, "export": 0, "id": "BB"}, {"import": 0, "export": 38993492, "id": "BE"}, {"import": 0, "export": 0, "id": "BM"}, {"import": 0, "export": 0, "id": "BA"}, {"import": 0, "export": 67400, "id": "BZ"}, {"import": 0, "export": 80, "id": "BN"}, {"import": 0, "export": 5586902, "id": "BG"}, {"import": 0, "export": 0, "id": "BI"}, {"import": 0, "export": 26473567, "id": "KH"}, {"import": 0, "export": 821548, "id": "CA"}, {"import": 0, "export": 1067, "id": "CL"}, {"import": 0, "export": 342607079, "id": "CN"}, {"import": 0, "export": 666, "id": "CO"}, {"import": 0, "export": 1188548, "id": "CR"}, {"import": 0, "export": 5355, "id": "HR"}, {"import": 0, "export": 0, "id": "CY"}, {"import": 0, "export": 2182413, "id": "-"}, {"import": 0, "export": 169000, "id": "BJ"}, {"import": 0, "export": 502033, "id": "DK"}, {"import": 0, "export": 0, "id": "EC"}, {"import": 0, "export": 405781, "id": "SV"}, {"import": 0, "export": 63200, "id": "EE"}, {"import": 0, "export": 36352, "id": "FJ"}, {"import": 0, "export": 7302, "id": "FI"}], "world_import": 0, "world_export": 2448054104}, {"date": "2020-03-01", "list": [{"import": 0, "export": 75734218, "id": "BR"}, {"import": 0, "export": 1320789, "id": "TR"}, {"import": 0, "export": 4141299, "id": "GB"}, {"import": 0, "export": 3725443, "id": "FR"}, {"import": 0, "export": 118801, "id": "KR"}, {"import": 0, "export": 169150, "id": "CH"}, {"import": 0, "export": 6188, "id": "NO"}, {"import": 0, "export": 2588, "id": "JP"}, {"import": 0, "export": 3975092, "id": "KZ"}, {"import": 0, "export": 7033, "id": "KE"}, {"import": 0, "export": 448475710, "id": "TH"}, {"import": 0, "export": 0, "id": "TG"}, {"import": 0, "export": 6320295, "id": "AE"}, {"import": 0, "export": 345038091, "id": "US"}, {"import": 0, "export": 0, "id": "BF"}, {"import": 0, "export": 130406298, "id": "UY"}, {"import": 0, "export": 41001, "id": "WS"}, {"import": 0, "export": 344000, "id": "ZM"}, {"import": 0, "export": 259445, "id": "PK"}, {"import": 0, "export": 73027054, "id": "PY"}, {"import": 0, "export": 2340325, "id": "PE"}, {"import": 0, "export": 0, "id": "PH"}, {"import": 0, "export": 2897149, "id": "PL"}, {"import": 0, "export": 4980304, "id": "PT"}, {"import": 0, "export": 1605928, "id": "RO"}, {"import": 0, "export": 1643314, "id": "RU"}, {"import": 0, "export": 0, "id": "LC"}, {"import": 0, "export": 22545, "id": "VC"}, {"import": 0, "export": 29337, "id": "RS"}, {"import": 0, "export": 1011080443, "id": "IN"}, {"import": 0, "export": 6701, "id": "SG"}, {"import": 0, "export": 105420, "id": "SK"}, {"import": 0, "export": 1316297, "id": "SI"}, {"import": 0, "export": 8349809, "id": "ZA"}, {"import": 0, "export": 19538635, "id": "ES"}, {"import": 0, "export": 0, "id": "SZ"}, {"import": 0, "export": 101290, "id": "SE"}, {"import": 0, "export": 7650, "id": "KG"}, {"import": 0, "export": 233544, "id": "LV"}, {"import": 0, "export": 468531, "id": "LT"}, {"import": 0, "export": 4466, "id": "LU"}, {"import": 0, "export": 4050, "id": "MG"}, {"import": 0, "export": 20607, "id": "MW"}, {"import": 0, "export": 13000, "id": "MY"}, {"import": 0, "export": 0, "id": "MT"}, {"import": 0, "export": 8652, "id": "MU"}, {"import": 0, "export": 4454, "id": "TW"}, {"import": 0, "export": 3347, "id": "MA"}, {"import": 0, "export": 370, "id": "MZ"}, {"import": 0, "export": 291, "id": null}, {"import": 0, "export": 18673960, "id": "NL"}, {"import": 0, "export": 25, "id": "AW"}, {"import": 0, "export": 18648, "id": "NZ"}, {"import": 0, "export": 233149, "id": "NI"}, {"import": 0, "export": 18000, "id": "NG"}, {"import": 0, "export": 0, "id": "GE"}, {"import": 0, "export": 4946, "id": "DE"}, {"import": 0, "export": 6774261, "id": "GR"}, {"import": 0, "export": 14381, "id": "GT"}, {"import": 0, "export": 0, "id": "GY"}, {"import": 0, "export": 461130, "id": "HN"}, {"import": 0, "export": 607537, "id": "HU"}, {"import": 0, "export": 1, "id": "IS"}, {"import": 0, "export": 290, "id": "ID"}, {"import": 0, "export": 35657, "id": "IE"}, {"import": 0, "export": 34469824, "id": "IT"}, {"import": 0, "export": 0, "id": "AG"}, {"import": 0, "export": 22246432, "id": "AR"}, {"import": 0, "export": 10600, "id": "AU"}, {"import": 0, "export": 375148, "id": "AT"}, {"import": 0, "export": 51641, "id": "BH"}, {"import": 0, "export": 5900, "id": "BB"}, {"import": 0, "export": 28707263, "id": "BE"}, {"import": 0, "export": 0, "id": "BM"}, {"import": 0, "export": 480, "id": "BA"}, {"import": 0, "export": 85140, "id": "BZ"}, {"import": 0, "export": 25830, "id": "BN"}, {"import": 0, "export": 4082702, "id": "BG"}, {"import": 0, "export": 342, "id": "BI"}, {"import": 0, "export": 37490195, "id": "KH"}, {"import": 0, "export": 589215, "id": "CA"}, {"import": 0, "export": 80235, "id": "CL"}, {"import": 0, "export": 248147827, "id": "CN"}, {"import": 0, "export": 506, "id": "CO"}, {"import": 0, "export": 842570, "id": "CR"}, {"import": 0, "export": 4312, "id": "HR"}, {"import": 0, "export": 0, "id": "CY"}, {"import": 0, "export": 1762318, "id": "-"}, {"import": 0, "export": 0, "id": "BJ"}, {"import": 0, "export": 749506, "id": "DK"}, {"import": 0, "export": 0, "id": "EC"}, {"import": 0, "export": 563561, "id": "SV"}, {"import": 0, "export": 41814, "id": "EE"}, {"import": 0, "export": 30625, "id": "FJ"}, {"import": 0, "export": 4652, "id": "FI"}], "world_import": 0, "world_export": 2555109577}, {"date": "2020-05-01", "list": [{"import": 0, "export": 68200106, "id": "BR"}, {"import": 0, "export": 2293781, "id": "TR"}, {"import": 0, "export": 4985557, "id": "GB"}, {"import": 0, "export": 2944377, "id": "FR"}, {"import": 0, "export": 176693, "id": "KR"}, {"import": 0, "export": 281229, "id": "CH"}, {"import": 0, "export": 152637, "id": "NO"}, {"import": 0, "export": 5276, "id": "JP"}, {"import": 0, "export": 10013951, "id": "KZ"}, {"import": 0, "export": 1478, "id": "KE"}, {"import": 0, "export": 576674162, "id": "TH"}, {"import": 0, "export": 0, "id": "TG"}, {"import": 0, "export": 6240526, "id": "AE"}, {"import": 0, "export": 233217919, "id": "US"}, {"import": 0, "export": 135000, "id": "BF"}, {"import": 0, "export": 38702105, "id": "UY"}, {"import": 0, "export": 2539, "id": "WS"}, {"import": 0, "export": 861000, "id": "ZM"}, {"import": 0, "export": 234987, "id": "PK"}, {"import": 0, "export": 61521333, "id": "PY"}, {"import": 0, "export": 4357, "id": "PE"}, {"import": 0, "export": 18693, "id": "PH"}, {"import": 0, "export": 2885516, "id": "PL"}, {"import": 0, "export": 8644103, "id": "PT"}, {"import": 0, "export": 1853003, "id": "RO"}, {"import": 0, "export": 3947939, "id": "RU"}, {"import": 0, "export": 0, "id": "LC"}, {"import": 0, "export": 99999, "id": "VC"}, {"import": 0, "export": 25191, "id": "RS"}, {"import": 0, "export": 573258903, "id": "IN"}, {"import": 0, "export": 7824, "id": "SG"}, {"import": 0, "export": 196331, "id": "SK"}, {"import": 0, "export": 572306, "id": "SI"}, {"import": 0, "export": 8630907, "id": "ZA"}, {"import": 0, "export": 20620021, "id": "ES"}, {"import": 0, "export": 0, "id": "SZ"}, {"import": 0, "export": 117366, "id": "SE"}, {"import": 0, "export": 14830, "id": "KG"}, {"import": 0, "export": 151092, "id": "LV"}, {"import": 0, "export": 452132, "id": "LT"}, {"import": 0, "export": 5475, "id": "LU"}, {"import": 0, "export": 50, "id": "MG"}, {"import": 0, "export": 13850, "id": "MW"}, {"import": 0, "export": 12000, "id": "MY"}, {"import": 0, "export": 567, "id": "MT"}, {"import": 0, "export": 0, "id": "MU"}, {"import": 0, "export": 6290, "id": "TW"}, {"import": 0, "export": 150366, "id": "MA"}, {"import": 0, "export": 723, "id": "MZ"}, {"import": 0, "export": 117, "id": null}, {"import": 0, "export": 19879378, "id": "NL"}, {"import": 0, "export": 0, "id": "AW"}, {"import": 0, "export": 32144, "id": "NZ"}, {"import": 0, "export": 236778, "id": "NI"}, {"import": 0, "export": 0, "id": "NG"}, {"import": 0, "export": 0, "id": "GE"}, {"import": 0, "export": 5415, "id": "DE"}, {"import": 0, "export": 3736705, "id": "GR"}, {"import": 0, "export": 17753, "id": "GT"}, {"import": 0, "export": 43444968, "id": "GY"}, {"import": 0, "export": 852311, "id": "HN"}, {"import": 0, "export": 286658, "id": "HU"}, {"import": 0, "export": 0, "id": "IS"}, {"import": 0, "export": 62550, "id": "ID"}, {"import": 0, "export": 29227, "id": "IE"}, {"import": 0, "export": 46386867, "id": "IT"}, {"import": 0, "export": 0, "id": "AG"}, {"import": 0, "export": 21902358, "id": "AR"}, {"import": 0, "export": 7084, "id": "AU"}, {"import": 0, "export": 286156, "id": "AT"}, {"import": 0, "export": 188151, "id": "BH"}, {"import": 0, "export": 0, "id": "BB"}, {"import": 0, "export": 30459125, "id": "BE"}, {"import": 0, "export": 15, "id": "BM"}, {"import": 0, "export": 24640, "id": "BA"}, {"import": 0, "export": 56800, "id": "BZ"}, {"import": 0, "export": 88935, "id": "BN"}, {"import": 0, "export": 5223690, "id": "BG"}, {"import": 0, "export": 200, "id": "BI"}, {"import": 0, "export": 51791836, "id": "KH"}, {"import": 0, "export": 1335258, "id": "CA"}, {"import": 0, "export": 1067, "id": "CL"}, {"import": 0, "export": 92501912, "id": "CN"}, {"import": 0, "export": 0, "id": "CO"}, {"import": 0, "export": 845298, "id": "CR"}, {"import": 0, "export": 4270, "id": "HR"}, {"import": 0, "export": 11180, "id": "CY"}, {"import": 0, "export": 1551075, "id": "-"}, {"import": 0, "export": 0, "id": "BJ"}, {"import": 0, "export": 483248, "id": "DK"}, {"import": 0, "export": 0, "id": "EC"}, {"import": 0, "export": 201081, "id": "SV"}, {"import": 0, "export": 100581, "id": "EE"}, {"import": 0, "export": 57031, "id": "FJ"}, {"import": 0, "export": 5987, "id": "FI"}], "world_import": 0, "world_export": 1950432339}, {"date": "2020-07-01", "list": [{"import": 0, "export": 56963224, "id": "BR"}, {"import": 0, "export": 2220757, "id": "TR"}, {"import": 0, "export": 6106498, "id": "GB"}, {"import": 0, "export": 4303835, "id": "FR"}, {"import": 0, "export": 134816, "id": "KR"}, {"import": 0, "export": 272658, "id": "CH"}, {"import": 0, "export": 4453, "id": "NO"}, {"import": 0, "export": 6994, "id": "JP"}, {"import": 0, "export": 8459800, "id": "KZ"}, {"import": 0, "export": 1025, "id": "KE"}, {"import": 0, "export": 606918288, "id": "TH"}, {"import": 0, "export": 270000, "id": "TG"}, {"import": 0, "export": 5479776, "id": "AE"}, {"import": 0, "export": 303325761, "id": "US"}, {"import": 0, "export": 0, "id": "BF"}, {"import": 0, "export": 86086079, "id": "UY"}, {"import": 0, "export": 200, "id": "WS"}, {"import": 0, "export": 585700, "id": "ZM"}, {"import": 0, "export": 317222, "id": "PK"}, {"import": 0, "export": 48085130, "id": "PY"}, {"import": 0, "export": 157250, "id": "PE"}, {"import": 0, "export": 53909, "id": "PH"}, {"import": 0, "export": 3858616, "id": "PL"}, {"import": 0, "export": 9064771, "id": "PT"}, {"import": 0, "export": 0, "id": "RO"}, {"import": 0, "export": 9985744, "id": "RU"}, {"import": 0, "export": 0, "id": "LC"}, {"import": 0, "export": 99999, "id": "VC"}, {"import": 0, "export": 27640, "id": "RS"}, {"import": 0, "export": 485978490, "id": "IN"}, {"import": 0, "export": 8352, "id": "SG"}, {"import": 0, "export": 175491, "id": "SK"}, {"import": 0, "export": 554604, "id": "SI"}, {"import": 0, "export": 11806762, "id": "ZA"}, {"import": 0, "export": 26603497, "id": "ES"}, {"import": 0, "export": 0, "id": "SZ"}, {"import": 0, "export": 70417, "id": "SE"}, {"import": 0, "export": 155095, "id": "KG"}, {"import": 0, "export": 336778, "id": "LV"}, {"import": 0, "export": 698919, "id": "LT"}, {"import": 0, "export": 4546, "id": "LU"}, {"import": 0, "export": 1350, "id": "MG"}, {"import": 0, "export": 21120, "id": "MW"}, {"import": 0, "export": 11100, "id": "MY"}, {"import": 0, "export": 0, "id": "MT"}, {"import": 0, "export": 0, "id": "MU"}, {"import": 0, "export": 3450, "id": "TW"}, {"import": 0, "export": 260938, "id": "MA"}, {"import": 0, "export": 520, "id": "MZ"}, {"import": 0, "export": 137, "id": null}, {"import": 0, "export": 24646133, "id": "NL"}, {"import": 0, "export": 0, "id": "AW"}, {"import": 0, "export": 12326, "id": "NZ"}, {"import": 0, "export": 187789, "id": "NI"}, {"import": 0, "export": 0, "id": "NG"}, {"import": 0, "export": 26320, "id": "GE"}, {"import": 0, "export": 6686, "id": "DE"}, {"import": 0, "export": 4937816, "id": "GR"}, {"import": 0, "export": 11821, "id": "GT"}, {"import": 0, "export": 84241305, "id": "GY"}, {"import": 0, "export": 514391, "id": "HN"}, {"import": 0, "export": 282985, "id": "HU"}, {"import": 0, "export": 0, "id": "IS"}, {"import": 0, "export": 15629, "id": "ID"}, {"import": 0, "export": 0, "id": "IE"}, {"import": 0, "export": 62855864, "id": "IT"}, {"import": 0, "export": 0, "id": "AG"}, {"import": 0, "export": 37550508, "id": "AR"}, {"import": 0, "export": 11652, "id": "AU"}, {"import": 0, "export": 402176, "id": "AT"}, {"import": 0, "export": 9602, "id": "BH"}, {"import": 0, "export": 1800, "id": "BB"}, {"import": 0, "export": 33551850, "id": "BE"}, {"import": 0, "export": 0, "id": "BM"}, {"import": 0, "export": 160, "id": "BA"}, {"import": 0, "export": 80700, "id": "BZ"}, {"import": 0, "export": 5822, "id": "BN"}, {"import": 0, "export": 6678497, "id": "BG"}, {"import": 0, "export": 0, "id": "BI"}, {"import": 0, "export": 55051343, "id": "KH"}, {"import": 0, "export": 1020175, "id": "CA"}, {"import": 0, "export": 154225, "id": "CL"}, {"import": 0, "export": 250500362, "id": "CN"}, {"import": 0, "export": 4392, "id": "CO"}, {"import": 0, "export": 811248, "id": "CR"}, {"import": 0, "export": 452161, "id": "HR"}, {"import": 0, "export": 24000, "id": "CY"}, {"import": 0, "export": 2330324, "id": "-"}, {"import": 0, "export": 52000, "id": "BJ"}, {"import": 0, "export": 961082, "id": "DK"}, {"import": 0, "export": 1, "id": "EC"}, {"import": 0, "export": 171181, "id": "SV"}, {"import": 0, "export": 25161, "id": "EE"}, {"import": 0, "export": 51986, "id": "FJ"}, {"import": 0, "export": 12861, "id": "FI"}], "world_import": 0, "world_export": 2247136045}, {"date": "Unnamed: 22-01", "list": [{"import": 0, "export": 97346475, "id": "BR"}, {"import": 0, "export": 2235589, "id": "TR"}, {"import": 0, "export": 3836310, "id": "GB"}, {"import": 0, "export": 5837252, "id": "FR"}, {"import": 0, "export": 141867, "id": "KR"}, {"import": 0, "export": 288451, "id": "CH"}, {"import": 0, "export": 19140, "id": "NO"}, {"import": 0, "export": 2121, "id": "JP"}, {"import": 0, "export": 11143131, "id": "KZ"}, {"import": 0, "export": 4345, "id": "KE"}, {"import": 0, "export": 577695401, "id": "TH"}, {"import": 0, "export": 0, "id": "TG"}, {"import": 0, "export": 7038241, "id": "AE"}, {"import": 0, "export": 269354242, "id": "US"}, {"import": 0, "export": 90000, "id": "BF"}, {"import": 0, "export": 103395518, "id": "UY"}, {"import": 0, "export": 122, "id": "WS"}, {"import": 0, "export": 777025, "id": "ZM"}, {"import": 0, "export": 453141, "id": "PK"}, {"import": 0, "export": 87927041, "id": "PY"}, {"import": 0, "export": 1577461, "id": "PE"}, {"import": 0, "export": 42129, "id": "PH"}, {"import": 0, "export": 3469185, "id": "PL"}, {"import": 0, "export": 7929458, "id": "PT"}, {"import": 0, "export": 2653424, "id": "RO"}, {"import": 0, "export": 22081310, "id": "RU"}, {"import": 0, "export": 5, "id": "LC"}, {"import": 0, "export": 0, "id": "VC"}, {"import": 0, "export": 38008, "id": "RS"}, {"import": 0, "export": 650577018, "id": "IN"}, {"import": 0, "export": 6761, "id": "SG"}, {"import": 0, "export": 108381, "id": "SK"}, {"import": 0, "export": 275359, "id": "SI"}, {"import": 0, "export": 11826213, "id": "ZA"}, {"import": 0, "export": 21387495, "id": "ES"}, {"import": 0, "export": 0, "id": "SZ"}, {"import": 0, "export": 95393, "id": "SE"}, {"import": 0, "export": 137215, "id": "KG"}, {"import": 0, "export": 132661, "id": "LV"}, {"import": 0, "export": 925299, "id": "LT"}, {"import": 0, "export": 4330, "id": "LU"}, {"import": 0, "export": 2650, "id": "MG"}, {"import": 0, "export": 0, "id": "MW"}, {"import": 0, "export": 12515, "id": "MY"}, {"import": 0, "export": 0, "id": "MT"}, {"import": 0, "export": 0, "id": "MU"}, {"import": 0, "export": 10427, "id": "TW"}, {"import": 0, "export": 130312, "id": "MA"}, {"import": 0, "export": 4000050, "id": "MZ"}, {"import": 0, "export": 100, "id": null}, {"import": 0, "export": 21948422, "id": "NL"}, {"import": 0, "export": 0, "id": "AW"}, {"import": 0, "export": 6980, "id": "NZ"}, {"import": 0, "export": 405516, "id": "NI"}, {"import": 0, "export": 0, "id": "NG"}, {"import": 0, "export": 47000, "id": "GE"}, {"import": 0, "export": 5571, "id": "DE"}, {"import": 0, "export": 9911839, "id": "GR"}, {"import": 0, "export": 33363, "id": "GT"}, {"import": 0, "export": 61070448, "id": "GY"}, {"import": 0, "export": 623761, "id": "HN"}, {"import": 0, "export": 386984, "id": "HU"}, {"import": 0, "export": 0, "id": "IS"}, {"import": 0, "export": 40029, "id": "ID"}, {"import": 0, "export": 33433, "id": "IE"}, {"import": 0, "export": 59297649, "id": "IT"}, {"import": 0, "export": 0, "id": "AG"}, {"import": 0, "export": 40486422, "id": "AR"}, {"import": 0, "export": 8337, "id": "AU"}, {"import": 0, "export": 317325, "id": "AT"}, {"import": 0, "export": 110225, "id": "BH"}, {"import": 0, "export": 4000, "id": "BB"}, {"import": 0, "export": 34479667, "id": "BE"}, {"import": 0, "export": 0, "id": "BM"}, {"import": 0, "export": 320, "id": "BA"}, {"import": 0, "export": 111200, "id": "BZ"}, {"import": 0, "export": 70, "id": "BN"}, {"import": 0, "export": 10825755, "id": "BG"}, {"import": 0, "export": 50, "id": "BI"}, {"import": 0, "export": 66527093, "id": "KH"}, {"import": 0, "export": 1144647, "id": "CA"}, {"import": 0, "export": 7523, "id": "CL"}, {"import": 0, "export": 130665486, "id": "CN"}, {"import": 0, "export": 500, "id": "CO"}, {"import": 0, "export": 1095470, "id": "CR"}, {"import": 0, "export": 102607, "id": "HR"}, {"import": 0, "export": 0, "id": "CY"}, {"import": 0, "export": 1985564, "id": "-"}, {"import": 0, "export": 621000, "id": "BJ"}, {"import": 0, "export": 714708, "id": "DK"}, {"import": 0, "export": 0, "id": "EC"}, {"import": 0, "export": 103334, "id": "SV"}, {"import": 0, "export": 23026, "id": "EE"}, {"import": 0, "export": 41289, "id": "FJ"}, {"import": 0, "export": 4149, "id": "FI"}], "world_import": 0, "world_export": 2338199333}, {"date": "Unnamed: 24-01", "list": [{"import": 0, "export": 177752165, "id": "BR"}, {"import": 0, "export": 2187287, "id": "TR"}, {"import": 0, "export": 3567237, "id": "GB"}, {"import": 0, "export": 3197793, "id": "FR"}, {"import": 0, "export": 140167, "id": "KR"}, {"import": 0, "export": 355030, "id": "CH"}, {"import": 0, "export": 3762, "id": "NO"}, {"import": 0, "export": 4353, "id": "JP"}, {"import": 0, "export": 6637553, "id": "KZ"}, {"import": 0, "export": 15584, "id": "KE"}, {"import": 0, "export": 464482197, "id": "TH"}, {"import": 0, "export": 0, "id": "TG"}, {"import": 0, "export": 6497965, "id": "AE"}, {"import": 0, "export": 378136309, "id": "US"}, {"import": 0, "export": 128000, "id": "BF"}, {"import": 0, "export": 132487758, "id": "UY"}, {"import": 0, "export": 50, "id": "WS"}, {"import": 0, "export": 928000, "id": "ZM"}, {"import": 0, "export": 411660, "id": "PK"}, {"import": 0, "export": 45728075, "id": "PY"}, {"import": 0, "export": 5199164, "id": "PE"}, {"import": 0, "export": 37452, "id": "PH"}, {"import": 0, "export": 3373761, "id": "PL"}, {"import": 0, "export": 4942195, "id": "PT"}, {"import": 0, "export": 4625446, "id": "RO"}, {"import": 0, "export": 23499014, "id": "RU"}, {"import": 0, "export": 0, "id": "LC"}, {"import": 0, "export": 0, "id": "VC"}, {"import": 0, "export": 18263, "id": "RS"}, {"import": 0, "export": 901274873, "id": "IN"}, {"import": 0, "export": 8063, "id": "SG"}, {"import": 0, "export": 57475, "id": "SK"}, {"import": 0, "export": 2047609, "id": "SI"}, {"import": 0, "export": 12518990, "id": "ZA"}, {"import": 0, "export": 18088195, "id": "ES"}, {"import": 0, "export": 0, "id": "SZ"}, {"import": 0, "export": 70788, "id": "SE"}, {"import": 0, "export": 59750, "id": "KG"}, {"import": 0, "export": 121930, "id": "LV"}, {"import": 0, "export": 491799, "id": "LT"}, {"import": 0, "export": 4693, "id": "LU"}, {"import": 0, "export": 250, "id": "MG"}, {"import": 0, "export": 0, "id": "MW"}, {"import": 0, "export": 0, "id": "MY"}, {"import": 0, "export": 500, "id": "MT"}, {"import": 0, "export": 460, "id": "MU"}, {"import": 0, "export": 13962, "id": "TW"}, {"import": 0, "export": 1091, "id": "MA"}, {"import": 0, "export": 1300, "id": "MZ"}, {"import": 0, "export": 68204, "id": null}, {"import": 0, "export": 19350586, "id": "NL"}, {"import": 0, "export": 85, "id": "AW"}, {"import": 0, "export": 3685, "id": "NZ"}, {"import": 0, "export": 244490, "id": "NI"}, {"import": 0, "export": 0, "id": "NG"}, {"import": 0, "export": 20250, "id": "GE"}, {"import": 0, "export": 5168, "id": "DE"}, {"import": 0, "export": 7045802, "id": "GR"}, {"import": 0, "export": 32051, "id": "GT"}, {"import": 0, "export": 49998347, "id": "GY"}, {"import": 0, "export": 508103, "id": "HN"}, {"import": 0, "export": 318171, "id": "HU"}, {"import": 0, "export": 0, "id": "IS"}, {"import": 0, "export": 44130, "id": "ID"}, {"import": 0, "export": 61667, "id": "IE"}, {"import": 0, "export": 55517890, "id": "IT"}, {"import": 0, "export": 0, "id": "AG"}, {"import": 0, "export": 16272906, "id": "AR"}, {"import": 0, "export": 6706, "id": "AU"}, {"import": 0, "export": 245373, "id": "AT"}, {"import": 0, "export": 1630, "id": "BH"}, {"import": 0, "export": 0, "id": "BB"}, {"import": 0, "export": 30004285, "id": "BE"}, {"import": 0, "export": 0, "id": "BM"}, {"import": 0, "export": 640, "id": "BA"}, {"import": 0, "export": 0, "id": "BZ"}, {"import": 0, "export": 30, "id": "BN"}, {"import": 0, "export": 8697031, "id": "BG"}, {"import": 0, "export": 0, "id": "BI"}, {"import": 0, "export": 60214157, "id": "KH"}, {"import": 0, "export": 907868, "id": "CA"}, {"import": 0, "export": 3148, "id": "CL"}, {"import": 0, "export": 212858633, "id": "CN"}, {"import": 0, "export": 0, "id": "CO"}, {"import": 0, "export": 1026198, "id": "CR"}, {"import": 0, "export": 6183, "id": "HR"}, {"import": 0, "export": 0, "id": "CY"}, {"import": 0, "export": 1669918, "id": "-"}, {"import": 0, "export": 0, "id": "BJ"}, {"import": 0, "export": 722157, "id": "DK"}, {"import": 0, "export": 14266, "id": "EC"}, {"import": 0, "export": 275294, "id": "SV"}, {"import": 0, "export": 10157, "id": "EE"}, {"import": 0, "export": 40429, "id": "FJ"}, {"import": 0, "export": 13879, "id": "FI"}], "world_import": 0, "world_export": 2665327485}, {"date": "Unnamed: 26-01", "list": [{"import": 0, "export": 59410613, "id": "BR"}, {"import": 0, "export": 20414528, "id": "TR"}, {"import": 0, "export": 4598016, "id": "GB"}, {"import": 0, "export": 3638969, "id": "FR"}, {"import": 0, "export": 103804, "id": "KR"}, {"import": 0, "export": 316022, "id": "CH"}, {"import": 0, "export": 4623, "id": "NO"}, {"import": 0, "export": 7709, "id": "JP"}, {"import": 0, "export": 8942898, "id": "KZ"}, {"import": 0, "export": 770, "id": "KE"}, {"import": 0, "export": 547160116, "id": "TH"}, {"import": 0, "export": 860000, "id": "TG"}, {"import": 0, "export": 212972770, "id": "US"}, {"import": 0, "export": 175000, "id": "BF"}, {"import": 0, "export": 92575859, "id": "UY"}, {"import": 0, "export": 795890, "id": "ZM"}, {"import": 0, "export": 367642, "id": "PK"}, {"import": 0, "export": 47901884, "id": "PY"}, {"import": 0, "export": 3128646, "id": "PL"}, {"import": 0, "export": 9209198, "id": "PT"}, {"import": 0, "export": 2272205, "id": "RO"}, {"import": 0, "export": 6710353, "id": "RU"}, {"import": 0, "export": 25000, "id": "VC"}, {"import": 0, "export": 27830, "id": "RS"}, {"import": 0, "export": 6277, "id": "SG"}, {"import": 0, "export": 213333, "id": "SK"}, {"import": 0, "export": 1775612, "id": "SI"}, {"import": 0, "export": 10525836, "id": "ZA"}, {"import": 0, "export": 20514522, "id": "ES"}, {"import": 0, "export": 0, "id": "SZ"}, {"import": 0, "export": 101129, "id": "SE"}, {"import": 0, "export": 99922, "id": "KG"}, {"import": 0, "export": 143736, "id": "LV"}, {"import": 0, "export": 1776659, "id": "LT"}, {"import": 0, "export": 5146, "id": "LU"}, {"import": 0, "export": 109, "id": "MG"}, {"import": 0, "export": 20900, "id": "MY"}, {"import": 0, "export": 0, "id": "MT"}, {"import": 0, "export": 0, "id": "MU"}, {"import": 0, "export": 7641, "id": "TW"}, {"import": 0, "export": 171, "id": "MZ"}, {"import": 0, "export": 17954106, "id": "NL"}, {"import": 0, "export": 100, "id": "AW"}, {"import": 0, "export": 5801, "id": "NZ"}, {"import": 0, "export": 23000, "id": "GE"}, {"import": 0, "export": 6837, "id": "DE"}, {"import": 0, "export": 11089980, "id": "GR"}, {"import": 0, "export": 29508219, "id": "GY"}, {"import": 0, "export": 437437, "id": "HU"}, {"import": 0, "export": 0, "id": "IS"}, {"import": 0, "export": 194, "id": "ID"}, {"import": 0, "export": 0, "id": "IE"}, {"import": 0, "export": 63553152, "id": "IT"}, {"import": 0, "export": 4388, "id": "AU"}, {"import": 0, "export": 331356, "id": "AT"}, {"import": 0, "export": 195367, "id": "BH"}, {"import": 0, "export": 34599916, "id": "BE"}, {"import": 0, "export": 24000, "id": "BA"}, {"import": 0, "export": 92000, "id": "BZ"}, {"import": 0, "export": 0, "id": "BN"}, {"import": 0, "export": 14063874, "id": "BG"}, {"import": 0, "export": 931748, "id": "CA"}, {"import": 0, "export": 10619, "id": "CL"}, {"import": 0, "export": 1052015, "id": "CO"}, {"import": 0, "export": 3398, "id": "HR"}, {"import": 0, "export": 25758, "id": "CY"}, {"import": 0, "export": 2050681, "id": "-"}, {"import": 0, "export": 979364, "id": "DK"}, {"import": 0, "export": 96201, "id": "SV"}, {"import": 0, "export": 8081, "id": "EE"}, {"import": 0, "export": 22263, "id": "FJ"}, {"import": 0, "export": 4600, "id": "FI"}], "world_import": 0, "world_export": 1233885793}, {"date": "Unnamed: 28-01", "list": [{"import": 0, "export": 58352080, "id": "BR"}, {"import": 0, "export": 17863483, "id": "TR"}, {"import": 0, "export": 4466591, "id": "GB"}, {"import": 0, "export": 3553693, "id": "FR"}, {"import": 0, "export": 1199607, "id": "KR"}, {"import": 0, "export": 281053, "id": "CH"}, {"import": 0, "export": 2106, "id": "NO"}, {"import": 0, "export": 1559, "id": "JP"}, {"import": 0, "export": 7713789, "id": "KZ"}, {"import": 0, "export": 6427, "id": "KE"}, {"import": 0, "export": 400134221, "id": "TH"}, {"import": 0, "export": 351400, "id": "TG"}, {"import": 0, "export": 329784751, "id": "US"}, {"import": 0, "export": 40000, "id": "BF"}, {"import": 0, "export": 72474483, "id": "UY"}, {"import": 0, "export": 361609, "id": "PK"}, {"import": 0, "export": 47507794, "id": "PY"}, {"import": 0, "export": 3066119, "id": "PL"}, {"import": 0, "export": 5869848, "id": "PT"}, {"import": 0, "export": 6161793, "id": "RO"}, {"import": 0, "export": 16251117, "id": "RU"}, {"import": 0, "export": 0, "id": "VC"}, {"import": 0, "export": 12216, "id": "RS"}, {"import": 0, "export": 8358, "id": "SG"}, {"import": 0, "export": 134169, "id": "SK"}, {"import": 0, "export": 552375, "id": "SI"}, {"import": 0, "export": 8395609, "id": "ZA"}, {"import": 0, "export": 23219773, "id": "ES"}, {"import": 0, "export": 34000, "id": "SZ"}, {"import": 0, "export": 202917, "id": "SE"}, {"import": 0, "export": 103157, "id": "KG"}, {"import": 0, "export": 127766, "id": "LV"}, {"import": 0, "export": 1584495, "id": "LT"}, {"import": 0, "export": 4101, "id": "LU"}, {"import": 0, "export": 2805, "id": "MG"}, {"import": 0, "export": 22781, "id": "MY"}, {"import": 0, "export": 0, "id": "MT"}, {"import": 0, "export": 3642, "id": "MU"}, {"import": 0, "export": 7420, "id": "TW"}, {"import": 0, "export": 1001045, "id": "MZ"}, {"import": 0, "export": 20319909, "id": "NL"}, {"import": 0, "export": 0, "id": "AW"}, {"import": 0, "export": 2741, "id": "NZ"}, {"import": 0, "export": 79000, "id": "GE"}, {"import": 0, "export": 5909, "id": "DE"}, {"import": 0, "export": 28370350, "id": "GR"}, {"import": 0, "export": 23067091, "id": "GY"}, {"import": 0, "export": 589098, "id": "HU"}, {"import": 0, "export": 1458, "id": "IS"}, {"import": 0, "export": 0, "id": "IE"}, {"import": 0, "export": 67097050, "id": "IT"}, {"import": 0, "export": 4642, "id": "AU"}, {"import": 0, "export": 323196, "id": "AT"}, {"import": 0, "export": 52031, "id": "BH"}, {"import": 0, "export": 32002927, "id": "BE"}, {"import": 0, "export": 0, "id": "BA"}, {"import": 0, "export": 47300, "id": "BZ"}, {"import": 0, "export": 8676718, "id": "BG"}, {"import": 0, "export": 911196, "id": "CA"}, {"import": 0, "export": 4203, "id": "CL"}, {"import": 0, "export": 0, "id": "CO"}, {"import": 0, "export": 4876, "id": "HR"}, {"import": 0, "export": 0, "id": "CY"}, {"import": 0, "export": 1638723, "id": "-"}, {"import": 0, "export": 574404, "id": "DK"}, {"import": 0, "export": 129091, "id": "SV"}, {"import": 0, "export": 81028, "id": "EE"}, {"import": 0, "export": 29822, "id": "FJ"}, {"import": 0, "export": 4888, "id": "FI"}], "world_import": 0, "world_export": 1194877803}, {"date": "Unnamed: 30-01", "list": [{"import": 0, "export": 65061173, "id": "BR"}, {"import": 0, "export": 26874947, "id": "TR"}, {"import": 0, "export": 5396963, "id": "GB"}, {"import": 0, "export": 3837128, "id": "FR"}, {"import": 0, "export": 519166, "id": "KR"}, {"import": 0, "export": 347745, "id": "CH"}, {"import": 0, "export": 3003, "id": "NO"}, {"import": 0, "export": 4591, "id": "JP"}, {"import": 0, "export": 9204876, "id": "KZ"}, {"import": 0, "export": 3446, "id": "KE"}, {"import": 0, "export": 520455167, "id": "TH"}, {"import": 0, "export": 0, "id": "TG"}, {"import": 0, "export": 286832357, "id": "US"}, {"import": 0, "export": 135000, "id": "BF"}, {"import": 0, "export": 32371073, "id": "UY"}, {"import": 0, "export": 376865, "id": "PK"}, {"import": 0, "export": 117804124, "id": "PY"}, {"import": 0, "export": 4434746, "id": "PL"}, {"import": 0, "export": 8407775, "id": "PT"}, {"import": 0, "export": 0, "id": "RO"}, {"import": 0, "export": 10099599, "id": "RU"}, {"import": 0, "export": 49999, "id": "VC"}, {"import": 0, "export": 67557, "id": "RS"}, {"import": 0, "export": 7986, "id": "SG"}, {"import": 0, "export": 201023, "id": "SK"}, {"import": 0, "export": 1906728, "id": "SI"}, {"import": 0, "export": 9850518, "id": "ZA"}, {"import": 0, "export": 30482177, "id": "ES"}, {"import": 0, "export": 0, "id": "SZ"}, {"import": 0, "export": 182518, "id": "SE"}, {"import": 0, "export": 62422, "id": "KG"}, {"import": 0, "export": 290155, "id": "LV"}, {"import": 0, "export": 1347018, "id": "LT"}, {"import": 0, "export": 8733, "id": "LU"}, {"import": 0, "export": 2250, "id": "MG"}, {"import": 0, "export": 11525, "id": "MY"}, {"import": 0, "export": 0, "id": "MT"}, {"import": 0, "export": 897, "id": "MU"}, {"import": 0, "export": 11590, "id": "TW"}, {"import": 0, "export": 60600, "id": "MZ"}, {"import": 0, "export": 29097572, "id": "NL"}, {"import": 0, "export": 0, "id": "AW"}, {"import": 0, "export": 8151, "id": "NZ"}, {"import": 0, "export": 16280, "id": "GE"}, {"import": 0, "export": 9052, "id": "DE"}, {"import": 0, "export": 20477964, "id": "GR"}, {"import": 0, "export": 62190665, "id": "GY"}, {"import": 0, "export": 613463, "id": "HU"}, {"import": 0, "export": 1363, "id": "IS"}, {"import": 0, "export": 32237, "id": "IE"}, {"import": 0, "export": 86778394, "id": "IT"}, {"import": 0, "export": 7593, "id": "AU"}, {"import": 0, "export": 294011, "id": "AT"}, {"import": 0, "export": 3399, "id": "BH"}, {"import": 0, "export": 42399054, "id": "BE"}, {"import": 0, "export": 640, "id": "BA"}, {"import": 0, "export": 71600, "id": "BZ"}, {"import": 0, "export": 8362767, "id": "BG"}, {"import": 0, "export": 1123392, "id": "CA"}, {"import": 0, "export": 16649, "id": "CL"}, {"import": 0, "export": 338574766, "id": "CN"}, {"import": 0, "export": 838950, "id": "CO"}, {"import": 0, "export": 55284, "id": "HR"}, {"import": 0, "export": 9288, "id": "CY"}, {"import": 0, "export": 2389596, "id": "-"}, {"import": 0, "export": 737860, "id": "DK"}, {"import": 0, "export": 97891, "id": "SV"}, {"import": 0, "export": 89537, "id": "EE"}, {"import": 0, "export": 44442, "id": "FJ"}, {"import": 0, "export": 17203, "id": "FI"}], "world_import": 0, "world_export": 1731072503}, {"date": "Unnamed: 32-01", "list": [{"import": 0, "export": 99017697, "id": "BR"}, {"import": 0, "export": 33183953, "id": "TR"}, {"import": 0, "export": 5971167, "id": "GB"}, {"import": 0, "export": 5587207, "id": "FR"}, {"import": 0, "export": 35354379, "id": "KR"}, {"import": 0, "export": 464191, "id": "CH"}, {"import": 0, "export": 1958, "id": "NO"}, {"import": 0, "export": 2111, "id": "JP"}, {"import": 0, "export": 12508813, "id": "KZ"}, {"import": 0, "export": 643877700, "id": "TH"}, {"import": 0, "export": 315726896, "id": "US"}, {"import": 0, "export": 378000, "id": "BF"}, {"import": 0, "export": 164294988, "id": "UY"}, {"import": 0, "export": 68191956, "id": "PY"}, {"import": 0, "export": 4172244, "id": "PL"}, {"import": 0, "export": 10517058, "id": "PT"}, {"import": 0, "export": 0, "id": "RO"}, {"import": 0, "export": 5301022, "id": "RU"}, {"import": 0, "export": 94998, "id": "RS"}, {"import": 0, "export": 6846, "id": "SG"}, {"import": 0, "export": 200282, "id": "SK"}, {"import": 0, "export": 2617416, "id": "SI"}, {"import": 0, "export": 9188353, "id": "ZA"}, {"import": 0, "export": 27829137, "id": "ES"}, {"import": 0, "export": 0, "id": "SZ"}, {"import": 0, "export": 56777, "id": "SE"}, {"import": 0, "export": 0, "id": "KG"}, {"import": 0, "export": 208436, "id": "LV"}, {"import": 0, "export": 883101, "id": "LT"}, {"import": 0, "export": 3309, "id": "LU"}, {"import": 0, "export": 339, "id": "MG"}, {"import": 0, "export": 36898, "id": "MY"}, {"import": 0, "export": 0, "id": "MT"}, {"import": 0, "export": 669, "id": "MU"}, {"import": 0, "export": 19916, "id": "TW"}, {"import": 0, "export": 23312329, "id": "NL"}, {"import": 0, "export": 0, "id": "AW"}, {"import": 0, "export": 9041, "id": "NZ"}, {"import": 0, "export": 2880, "id": "GE"}, {"import": 0, "export": 9451, "id": "DE"}, {"import": 0, "export": 21470852, "id": "GR"}, {"import": 0, "export": 82165084, "id": "GY"}, {"import": 0, "export": 547770, "id": "HU"}, {"import": 0, "export": 0, "id": "IS"}, {"import": 0, "export": 0, "id": "IE"}, {"import": 0, "export": 81054188, "id": "IT"}, {"import": 0, "export": 9590, "id": "AU"}, {"import": 0, "export": 191685, "id": "AT"}, {"import": 0, "export": 26460, "id": "BH"}, {"import": 0, "export": 40303204, "id": "BE"}, {"import": 0, "export": 8920, "id": "BA"}, {"import": 0, "export": 112000, "id": "BZ"}, {"import": 0, "export": 14373333, "id": "BG"}, {"import": 0, "export": 1159994, "id": "CA"}, {"import": 0, "export": 35, "id": "CL"}, {"import": 0, "export": 243750103, "id": "CN"}, {"import": 0, "export": 1013, "id": "CO"}, {"import": 0, "export": 25082, "id": "HR"}, {"import": 0, "export": 0, "id": "CY"}, {"import": 0, "export": 2375133, "id": "-"}, {"import": 0, "export": 1001426, "id": "DK"}, {"import": 0, "export": 0, "id": "SV"}, {"import": 0, "export": 104791, "id": "EE"}, {"import": 0, "export": 113842, "id": "FJ"}, {"import": 0, "export": 4668, "id": "FI"}], "world_import": 0, "world_export": 1957830691}, {"date": "Unnamed: 34-01", "list": [{"import": 0, "export": 210521770, "id": "BR"}, {"import": 0, "export": 22142122, "id": "TR"}, {"import": 0, "export": 6567127, "id": "GB"}, {"import": 0, "export": 4672607, "id": "FR"}, {"import": 0, "export": 15110362, "id": "KR"}, {"import": 0, "export": 497967, "id": "CH"}, {"import": 0, "export": 1166, "id": "NO"}, {"import": 0, "export": 1694, "id": "JP"}, {"import": 0, "export": 7607033, "id": "KZ"}, {"import": 0, "export": 462780435, "id": "TH"}, {"import": 0, "export": 344225468, "id": "US"}, {"import": 0, "export": 50000, "id": "BF"}, {"import": 0, "export": 97343003, "id": "UY"}, {"import": 0, "export": 95110458, "id": "PY"}, {"import": 0, "export": 3115131, "id": "PL"}, {"import": 0, "export": 10378759, "id": "PT"}, {"import": 0, "export": 0, "id": "RO"}, {"import": 0, "export": 2457817, "id": "RU"}, {"import": 0, "export": 81651, "id": "RS"}, {"import": 0, "export": 10695, "id": "SG"}, {"import": 0, "export": 202014, "id": "SK"}, {"import": 0, "export": 924001, "id": "SI"}, {"import": 0, "export": 8281537, "id": "ZA"}, {"import": 0, "export": 27167764, "id": "ES"}, {"import": 0, "export": 0, "id": "SZ"}, {"import": 0, "export": 61640, "id": "SE"}, {"import": 0, "export": 100000, "id": "KG"}, {"import": 0, "export": 99019, "id": "LV"}, {"import": 0, "export": 1154429, "id": "LT"}, {"import": 0, "export": 2483, "id": "LU"}, {"import": 0, "export": 0, "id": "MG"}, {"import": 0, "export": 4602000, "id": "MY"}, {"import": 0, "export": 0, "id": "MT"}, {"import": 0, "export": 2000, "id": "MU"}, {"import": 0, "export": 31854, "id": "TW"}, {"import": 0, "export": 22253642, "id": "NL"}, {"import": 0, "export": 0, "id": "AW"}, {"import": 0, "export": 20404, "id": "NZ"}, {"import": 0, "export": 7305, "id": "GE"}, {"import": 0, "export": 4983, "id": "DE"}, {"import": 0, "export": 6121831, "id": "GR"}, {"import": 0, "export": 71652029, "id": "GY"}, {"import": 0, "export": 427832, "id": "HU"}, {"import": 0, "export": 959, "id": "IS"}, {"import": 0, "export": 0, "id": "IE"}, {"import": 0, "export": 66872809, "id": "IT"}, {"import": 0, "export": 4394, "id": "AU"}, {"import": 0, "export": 206484, "id": "AT"}, {"import": 0, "export": 1585, "id": "BH"}, {"import": 0, "export": 34448265, "id": "BE"}, {"import": 0, "export": 2040, "id": "BA"}, {"import": 0, "export": 96000, "id": "BZ"}, {"import": 0, "export": 12402190, "id": "BG"}, {"import": 0, "export": 1329491, "id": "CA"}, {"import": 0, "export": 8783, "id": "CL"}, {"import": 0, "export": 332049503, "id": "CN"}, {"import": 0, "export": 1290, "id": "CO"}, {"import": 0, "export": 5178, "id": "HR"}, {"import": 0, "export": 900, "id": "CY"}, {"import": 0, "export": 1830740, "id": "-"}, {"import": 0, "export": 843371, "id": "DK"}, {"import": 0, "export": 0, "id": "SV"}, {"import": 0, "export": 31130, "id": "EE"}, {"import": 0, "export": 22487, "id": "FJ"}, {"import": 0, "export": 5861, "id": "FI"}], "world_import": 0, "world_export": 1875955492}, {"date": "Unnamed: 36-01", "list": [{"import": 0, "export": 245977834, "id": "BR"}, {"import": 0, "export": 12144102, "id": "TR"}, {"import": 0, "export": 5082634, "id": "GB"}, {"import": 0, "export": 4056770, "id": "FR"}, {"import": 0, "export": 78223, "id": "KR"}, {"import": 0, "export": 290540, "id": "CH"}, {"import": 0, "export": 26903, "id": "NO"}, {"import": 0, "export": 1386, "id": "JP"}, {"import": 0, "export": 7606410, "id": "KZ"}, {"import": 0, "export": 311166478, "id": "TH"}, {"import": 0, "export": 230679411, "id": "US"}, {"import": 0, "export": 2670071, "id": "BF"}, {"import": 0, "export": 125911878, "id": "PY"}, {"import": 0, "export": 5902542, "id": "PT"}, {"import": 0, "export": 1514854, "id": "RU"}, {"import": 0, "export": 25379, "id": "RS"}, {"import": 0, "export": 7812, "id": "SG"}, {"import": 0, "export": 9479425, "id": "ZA"}, {"import": 0, "export": 20000, "id": "KG"}, {"import": 0, "export": 1659185, "id": "LT"}, {"import": 0, "export": 1347, "id": "MG"}, {"import": 0, "export": 7053140, "id": "MY"}, {"import": 0, "export": 0, "id": "MU"}, {"import": 0, "export": 29174, "id": "TW"}, {"import": 0, "export": 0, "id": "AW"}, {"import": 0, "export": 6511, "id": "NZ"}, {"import": 0, "export": 4053, "id": "GE"}, {"import": 0, "export": 4009, "id": "DE"}, {"import": 0, "export": 4538032, "id": "GR"}, {"import": 0, "export": 52498218, "id": "GY"}, {"import": 0, "export": 0, "id": "IS"}, {"import": 0, "export": 0, "id": "IE"}, {"import": 0, "export": 2375, "id": "AU"}, {"import": 0, "export": 4280, "id": "BH"}, {"import": 0, "export": 7360, "id": "BA"}, {"import": 0, "export": 142000, "id": "BZ"}, {"import": 0, "export": 1311194, "id": "CA"}, {"import": 0, "export": 2225, "id": "CL"}, {"import": 0, "export": 264029350, "id": "CN"}, {"import": 0, "export": 37088, "id": "CO"}, {"import": 0, "export": 0, "id": "-"}, {"import": 0, "export": 0, "id": "SV"}, {"import": 0, "export": 6832, "id": "EE"}], "world_import": 0, "world_export": 1293979025}, {"date": "Unnamed: 38-01", "list": [{"import": 0, "export": 244561410, "id": "BR"}, {"import": 0, "export": 18063189, "id": "TR"}, {"import": 0, "export": 4975161, "id": "GB"}, {"import": 0, "export": 3461917, "id": "FR"}, {"import": 0, "export": 130929, "id": "KR"}, {"import": 0, "export": 275663, "id": "CH"}, {"import": 0, "export": 1905, "id": "NO"}, {"import": 0, "export": 1390, "id": "JP"}, {"import": 0, "export": 409450833, "id": "TH"}, {"import": 0, "export": 180198573, "id": "US"}, {"import": 0, "export": 124494830, "id": "PY"}, {"import": 0, "export": 9053090, "id": "ZA"}, {"import": 0, "export": 300, "id": "MG"}, {"import": 0, "export": 73285, "id": "GE"}, {"import": 0, "export": 5434, "id": "DE"}, {"import": 0, "export": 0, "id": "IS"}, {"import": 0, "export": 1149, "id": "AU"}, {"import": 0, "export": 18835, "id": "BH"}, {"import": 0, "export": 84000, "id": "BZ"}, {"import": 0, "export": 425, "id": "CL"}, {"import": 0, "export": 209794018, "id": "CN"}], "world_import": 0, "world_export": 1204646336}]