[{"date": "2019-11-01", "list": [{"import": 125, "export": 0, "id": "TW"}], "world_import": 125, "world_export": 0}, {"date": "2020-05-01", "list": [{"import": 500, "export": 0, "id": "TW"}], "world_import": 500, "world_export": 0}, {"date": "2019-02-01", "list": [{"import": 5000, "export": 0, "id": "TH"}], "world_import": 5000, "world_export": 0}, {"date": "2019-04-01", "list": [{"import": 10000, "export": 0, "id": "TR"}], "world_import": 10000, "world_export": 0}, {"date": "2019-05-01", "list": [{"import": 40800, "export": 0, "id": "TR"}], "world_import": 40800, "world_export": 0}]