[{"date": "2018-10-01", "list": [{"import": 5205, "export": 0, "id": "IT"}, {"import": 147, "export": 0, "id": "GB"}], "world_import": 5352, "world_export": 0}, {"date": "2018-11-01", "list": [{"import": 750, "export": 0, "id": "IT"}, {"import": 0, "export": 0, "id": "GB"}], "world_import": 750, "world_export": 0}, {"date": "2018-12-01", "list": [{"import": 25784, "export": 0, "id": "IT"}, {"import": 356, "export": 0, "id": "GB"}], "world_import": 26140, "world_export": 0}, {"date": "2019-01-01", "list": [{"import": 486, "export": 0, "id": "IT"}, {"import": 739, "export": 0, "id": "GB"}], "world_import": 1225, "world_export": 0}, {"date": "2019-02-01", "list": [{"import": 2151, "export": 0, "id": "IT"}, {"import": 0, "export": 0, "id": "GB"}], "world_import": 2151, "world_export": 0}, {"date": "2019-03-01", "list": [{"import": 2189, "export": 0, "id": "IT"}, {"import": 0, "export": 0, "id": "GB"}], "world_import": 2189, "world_export": 0}, {"date": "2019-04-01", "list": [{"import": 2279, "export": 0, "id": "IT"}, {"import": 0, "export": 0, "id": "GB"}], "world_import": 2279, "world_export": 0}, {"date": "2019-05-01", "list": [{"import": 2029, "export": 0, "id": "IT"}, {"import": 150, "export": 0, "id": "GB"}], "world_import": 2179, "world_export": 0}, {"date": "2019-06-01", "list": [{"import": 3001, "export": 0, "id": "IT"}, {"import": 0, "export": 0, "id": "GB"}], "world_import": 3001, "world_export": 0}, {"date": "2019-07-01", "list": [{"import": 4285, "export": 0, "id": "IT"}, {"import": 194, "export": 0, "id": "GB"}], "world_import": 4479, "world_export": 0}, {"date": "2019-08-01", "list": [{"import": 2352, "export": 0, "id": "IT"}, {"import": 0, "export": 0, "id": "GB"}], "world_import": 2352, "world_export": 0}, {"date": "2019-09-01", "list": [{"import": 1572, "export": 0, "id": "IT"}, {"import": 0, "export": 0, "id": "GB"}], "world_import": 1572, "world_export": 0}, {"date": "2019-10-01", "list": [{"import": 3773, "export": 0, "id": "IT"}, {"import": 203, "export": 0, "id": "GB"}], "world_import": 3976, "world_export": 0}, {"date": "2019-11-01", "list": [{"import": 4126, "export": 0, "id": "IT"}, {"import": 0, "export": 0, "id": "GB"}], "world_import": 4126, "world_export": 0}, {"date": "2019-12-01", "list": [{"import": 910, "export": 0, "id": "IT"}, {"import": 146, "export": 0, "id": "GB"}], "world_import": 1056, "world_export": 0}, {"date": "2020-01-01", "list": [{"import": 3137, "export": 0, "id": "IT"}, {"import": 0, "export": 0, "id": "GB"}], "world_import": 3137, "world_export": 0}, {"date": "2020-02-01", "list": [{"import": 770, "export": 0, "id": "IT"}, {"import": 0, "export": 0, "id": "GB"}], "world_import": 770, "world_export": 0}, {"date": "2020-03-01", "list": [{"import": 7061, "export": 0, "id": "IT"}, {"import": 189, "export": 0, "id": "GB"}], "world_import": 7250, "world_export": 0}]