[{"date": "2018-12-01", "list": [{"import": 0, "export": 0, "id": "MM"}, {"import": 0, "export": 0, "id": "PK"}, {"import": 0, "export": 0, "id": "TH"}, {"import": 0, "export": 960, "id": "FR"}], "world_import": 0, "world_export": 960}, {"date": "2019-01-01", "list": [{"import": 0, "export": 0, "id": "MM"}, {"import": 0, "export": 0, "id": "PK"}, {"import": 0, "export": 0, "id": "TH"}, {"import": 0, "export": 0, "id": "FR"}], "world_import": 0, "world_export": 0}, {"date": "2019-02-01", "list": [{"import": 0, "export": 0, "id": "MM"}, {"import": 0, "export": 0, "id": "PK"}, {"import": 0, "export": 0, "id": "TH"}, {"import": 0, "export": 0, "id": "FR"}], "world_import": 0, "world_export": 0}, {"date": "2019-03-01", "list": [{"import": 0, "export": 0, "id": "MM"}, {"import": 0, "export": 0, "id": "PK"}, {"import": 0, "export": 0, "id": "TH"}, {"import": 0, "export": 0, "id": "FR"}], "world_import": 0, "world_export": 0}, {"date": "2019-04-01", "list": [{"import": 0, "export": 0, "id": "MM"}, {"import": 0, "export": 0, "id": "PK"}, {"import": 0, "export": 0, "id": "TH"}, {"import": 0, "export": 0, "id": "FR"}], "world_import": 0, "world_export": 0}, {"date": "2019-05-01", "list": [{"import": 0, "export": 0, "id": "MM"}, {"import": 0, "export": 0, "id": "PK"}, {"import": 0, "export": 0, "id": "TH"}, {"import": 0, "export": 0, "id": "FR"}], "world_import": 0, "world_export": 0}, {"date": "2019-06-01", "list": [{"import": 0, "export": 0, "id": "MM"}, {"import": 0, "export": 0, "id": "PK"}, {"import": 0, "export": 0, "id": "TH"}, {"import": 0, "export": 0, "id": "FR"}], "world_import": 0, "world_export": 0}, {"date": "2019-07-01", "list": [{"import": 0, "export": 0, "id": "MM"}, {"import": 0, "export": 0, "id": "PK"}, {"import": 143, "export": 0, "id": "TH"}, {"import": 0, "export": 0, "id": "FR"}], "world_import": 143, "world_export": 0}, {"date": "2019-08-01", "list": [{"import": 0, "export": 0, "id": "MM"}, {"import": 0, "export": 0, "id": "PK"}, {"import": 0, "export": 0, "id": "TH"}, {"import": 0, "export": 0, "id": "FR"}], "world_import": 0, "world_export": 0}, {"date": "2019-09-01", "list": [{"import": 0, "export": 0, "id": "MM"}, {"import": 0, "export": 0, "id": "PK"}, {"import": 0, "export": 0, "id": "TH"}, {"import": 0, "export": 0, "id": "FR"}], "world_import": 0, "world_export": 0}, {"date": "2019-10-01", "list": [{"import": 0, "export": 0, "id": "MM"}, {"import": 1051000, "export": 0, "id": "PK"}, {"import": 0, "export": 0, "id": "TH"}, {"import": 0, "export": 0, "id": "FR"}], "world_import": 1051000, "world_export": 0}, {"date": "2019-11-01", "list": [{"import": 0, "export": 0, "id": "MM"}, {"import": 0, "export": 0, "id": "PK"}, {"import": 0, "export": 0, "id": "TH"}, {"import": 0, "export": 0, "id": "FR"}], "world_import": 0, "world_export": 0}, {"date": "2019-12-01", "list": [{"import": 0, "export": 0, "id": "MM"}, {"import": 0, "export": 0, "id": "PK"}, {"import": 0, "export": 0, "id": "TH"}, {"import": 0, "export": 0, "id": "FR"}], "world_import": 0, "world_export": 0}, {"date": "2020-01-01", "list": [{"import": 0, "export": 0, "id": "MM"}, {"import": 1350000, "export": 0, "id": "PK"}, {"import": 0, "export": 0, "id": "TH"}, {"import": 0, "export": 0, "id": "FR"}], "world_import": 1350000, "world_export": 0}, {"date": "2020-02-01", "list": [{"import": 250000, "export": 0, "id": "MM"}, {"import": 2000000, "export": 0, "id": "PK"}, {"import": 0, "export": 0, "id": "TH"}, {"import": 0, "export": 0, "id": "FR"}], "world_import": 2250000, "world_export": 0}, {"date": "2020-03-01", "list": [{"import": 0, "export": 0, "id": "MM"}, {"import": 0, "export": 0, "id": "PK"}, {"import": 0, "export": 0, "id": "TH"}, {"import": 0, "export": 1000, "id": "FR"}], "world_import": 0, "world_export": 1000}, {"date": "2020-04-01", "list": [{"import": 0, "export": 0, "id": "MM"}, {"import": 0, "export": 0, "id": "PK"}, {"import": 0, "export": 0, "id": "TH"}, {"import": 0, "export": 0, "id": "FR"}], "world_import": 0, "world_export": 0}, {"date": "2020-05-01", "list": [{"import": 0, "export": 0, "id": "MM"}, {"import": 0, "export": 0, "id": "PK"}, {"import": 0, "export": 0, "id": "TH"}, {"import": 0, "export": 0, "id": "FR"}], "world_import": 0, "world_export": 0}]