[{"date": "2018-05-01", "list": [{"import": 0, "export": 0, "id": "IN"}, {"import": 270, "export": 0, "id": "BE"}, {"import": 0, "export": 0, "id": "FR"}, {"import": 0, "export": 0, "id": "PK"}], "world_import": 270, "world_export": 0}, {"date": "2018-06-01", "list": [{"import": 0, "export": 0, "id": "IN"}, {"import": 392, "export": 0, "id": "BE"}, {"import": 284, "export": 0, "id": "FR"}, {"import": 0, "export": 0, "id": "PK"}], "world_import": 676, "world_export": 0}, {"date": "2018-07-01", "list": [{"import": 0, "export": 0, "id": "IN"}, {"import": 118, "export": 0, "id": "BE"}, {"import": 0, "export": 0, "id": "FR"}, {"import": 0, "export": 0, "id": "PK"}], "world_import": 118, "world_export": 0}, {"date": "2018-08-01", "list": [{"import": 0, "export": 0, "id": "IN"}, {"import": 0, "export": 0, "id": "BE"}, {"import": 0, "export": 0, "id": "FR"}, {"import": 0, "export": 0, "id": "PK"}], "world_import": 0, "world_export": 0}, {"date": "2018-09-01", "list": [{"import": 0, "export": 0, "id": "IN"}, {"import": 0, "export": 0, "id": "BE"}, {"import": 0, "export": 0, "id": "FR"}, {"import": 0, "export": 0, "id": "PK"}], "world_import": 0, "world_export": 0}, {"date": "2018-10-01", "list": [{"import": 0, "export": 0, "id": "IN"}, {"import": 0, "export": 0, "id": "BE"}, {"import": 0, "export": 0, "id": "FR"}, {"import": 0, "export": 0, "id": "PK"}], "world_import": 0, "world_export": 0}, {"date": "2018-11-01", "list": [{"import": 0, "export": 0, "id": "IN"}, {"import": 0, "export": 0, "id": "BE"}, {"import": 0, "export": 0, "id": "FR"}, {"import": 0, "export": 0, "id": "PK"}], "world_import": 0, "world_export": 0}, {"date": "2018-12-01", "list": [{"import": 0, "export": 0, "id": "IN"}, {"import": 0, "export": 0, "id": "BE"}, {"import": 0, "export": 0, "id": "FR"}, {"import": 0, "export": 0, "id": "PK"}], "world_import": 0, "world_export": 0}, {"date": "2019-01-01", "list": [{"import": 0, "export": 0, "id": "IN"}, {"import": 0, "export": 0, "id": "BE"}, {"import": 0, "export": 0, "id": "FR"}, {"import": 0, "export": 0, "id": "PK"}], "world_import": 0, "world_export": 0}, {"date": "2019-02-01", "list": [{"import": 0, "export": 0, "id": "IN"}, {"import": 263, "export": 0, "id": "BE"}, {"import": 0, "export": 0, "id": "FR"}, {"import": 0, "export": 0, "id": "PK"}], "world_import": 263, "world_export": 0}, {"date": "2019-03-01", "list": [{"import": 0, "export": 0, "id": "IN"}, {"import": 0, "export": 0, "id": "BE"}, {"import": 0, "export": 0, "id": "FR"}, {"import": 0, "export": 0, "id": "PK"}], "world_import": 0, "world_export": 0}, {"date": "2019-04-01", "list": [{"import": 0, "export": 0, "id": "IN"}, {"import": 0, "export": 0, "id": "BE"}, {"import": 0, "export": 0, "id": "FR"}, {"import": 0, "export": 0, "id": "PK"}], "world_import": 0, "world_export": 0}, {"date": "2019-05-01", "list": [{"import": 0, "export": 0, "id": "IN"}, {"import": 0, "export": 0, "id": "BE"}, {"import": 0, "export": 0, "id": "FR"}, {"import": 0, "export": 0, "id": "PK"}], "world_import": 0, "world_export": 0}, {"date": "2019-06-01", "list": [{"import": 288, "export": 0, "id": "IN"}, {"import": 337, "export": 0, "id": "BE"}, {"import": 126, "export": 0, "id": "FR"}, {"import": 141, "export": 0, "id": "PK"}], "world_import": 892, "world_export": 0}, {"date": "2019-07-01", "list": [{"import": 1584, "export": 0, "id": "IN"}, {"import": 0, "export": 0, "id": "BE"}, {"import": 0, "export": 0, "id": "FR"}, {"import": 0, "export": 0, "id": "PK"}], "world_import": 1584, "world_export": 0}, {"date": "2019-08-01", "list": [{"import": 0, "export": 0, "id": "IN"}, {"import": 0, "export": 0, "id": "BE"}, {"import": 0, "export": 0, "id": "FR"}, {"import": 0, "export": 0, "id": "PK"}], "world_import": 0, "world_export": 0}, {"date": "2019-09-01", "list": [{"import": 1585, "export": 0, "id": "IN"}, {"import": 0, "export": 0, "id": "BE"}, {"import": 0, "export": 0, "id": "FR"}, {"import": 0, "export": 0, "id": "PK"}], "world_import": 1585, "world_export": 0}, {"date": "2019-10-01", "list": [{"import": 0, "export": 0, "id": "IN"}, {"import": 129, "export": 0, "id": "BE"}, {"import": 0, "export": 0, "id": "FR"}, {"import": 0, "export": 0, "id": "PK"}], "world_import": 129, "world_export": 0}]