[{"date": "2018-08-01", "list": [{"import": 0, "export": 0, "id": "CN"}, {"import": 0, "export": 0, "id": "JP"}, {"import": 0, "export": 0, "id": "TW"}, {"import": 1, "export": 0, "id": "PH"}, {"import": 0, "export": 0, "id": "PT"}, {"import": 0, "export": 0, "id": "IN"}, {"import": 0, "export": 0, "id": "ZA"}, {"import": 0, "export": 0, "id": "TH"}, {"import": 0, "export": 0, "id": "AE"}, {"import": 0, "export": 0, "id": "ZW"}, {"import": 0, "export": 0, "id": "MW"}, {"import": 0, "export": 0, "id": "MY"}, {"import": 0, "export": 0, "id": "MH"}], "world_import": 1, "world_export": 0}, {"date": "2018-09-01", "list": [{"import": 0, "export": 0, "id": "CN"}, {"import": 0, "export": 0, "id": "JP"}, {"import": 0, "export": 0, "id": "TW"}, {"import": 0, "export": 0, "id": "PH"}, {"import": 0, "export": 0, "id": "PT"}, {"import": 0, "export": 0, "id": "IN"}, {"import": 0, "export": 0, "id": "ZA"}, {"import": 0, "export": 0, "id": "TH"}, {"import": 0, "export": 0, "id": "AE"}, {"import": 0, "export": 0, "id": "ZW"}, {"import": 0, "export": 0, "id": "MW"}, {"import": 0, "export": 0, "id": "MY"}, {"import": 0, "export": 0, "id": "MH"}], "world_import": 0, "world_export": 0}, {"date": "2018-10-01", "list": [{"import": 313, "export": 0, "id": "CN"}, {"import": 0, "export": 0, "id": "JP"}, {"import": 0, "export": 0, "id": "TW"}, {"import": 0, "export": 0, "id": "PH"}, {"import": 0, "export": 0, "id": "PT"}, {"import": 0, "export": 0, "id": "IN"}, {"import": 45, "export": 0, "id": "ZA"}, {"import": 2, "export": 0, "id": "TH"}, {"import": 0, "export": 0, "id": "AE"}, {"import": 0, "export": 0, "id": "ZW"}, {"import": 0, "export": 0, "id": "MW"}, {"import": 0, "export": 0, "id": "MY"}, {"import": 0, "export": 0, "id": "MH"}], "world_import": 360, "world_export": 0}, {"date": "2018-11-01", "list": [{"import": 0, "export": 0, "id": "CN"}, {"import": 0, "export": 0, "id": "JP"}, {"import": 0, "export": 0, "id": "TW"}, {"import": 0, "export": 0, "id": "PH"}, {"import": 0, "export": 0, "id": "PT"}, {"import": 0, "export": 0, "id": "IN"}, {"import": 16, "export": 0, "id": "ZA"}, {"import": 0, "export": 0, "id": "TH"}, {"import": 0, "export": 0, "id": "AE"}, {"import": 0, "export": 0, "id": "ZW"}, {"import": 0, "export": 0, "id": "MW"}, {"import": 0, "export": 0, "id": "MY"}, {"import": 0, "export": 0, "id": "MH"}], "world_import": 16, "world_export": 0}, {"date": "2018-12-01", "list": [{"import": 0, "export": 0, "id": "CN"}, {"import": 0, "export": 0, "id": "JP"}, {"import": 0, "export": 0, "id": "TW"}, {"import": 0, "export": 0, "id": "PH"}, {"import": 0, "export": 0, "id": "PT"}, {"import": 0, "export": 0, "id": "IN"}, {"import": 0, "export": 0, "id": "ZA"}, {"import": 0, "export": 0, "id": "TH"}, {"import": 0, "export": 0, "id": "AE"}, {"import": 0, "export": 0, "id": "ZW"}, {"import": 0, "export": 0, "id": "MW"}, {"import": 0, "export": 0, "id": "MY"}, {"import": 0, "export": 580, "id": "MH"}], "world_import": 0, "world_export": 580}, {"date": "2019-01-01", "list": [{"import": 0, "export": 0, "id": "CN"}, {"import": 0, "export": 0, "id": "JP"}, {"import": 0, "export": 0, "id": "TW"}, {"import": 0, "export": 0, "id": "PH"}, {"import": 0, "export": 0, "id": "PT"}, {"import": 0, "export": 0, "id": "IN"}, {"import": 0, "export": 0, "id": "ZA"}, {"import": 0, "export": 0, "id": "TH"}, {"import": 0, "export": 0, "id": "AE"}, {"import": 0, "export": 0, "id": "ZW"}, {"import": 0, "export": 30, "id": "MW"}, {"import": 0, "export": 0, "id": "MY"}, {"import": 0, "export": 0, "id": "MH"}], "world_import": 0, "world_export": 30}, {"date": "2019-02-01", "list": [{"import": 0, "export": 0, "id": "CN"}, {"import": 62, "export": 0, "id": "JP"}, {"import": 0, "export": 0, "id": "TW"}, {"import": 0, "export": 0, "id": "PH"}, {"import": 0, "export": 0, "id": "PT"}, {"import": 0, "export": 0, "id": "IN"}, {"import": 0, "export": 0, "id": "ZA"}, {"import": 0, "export": 0, "id": "TH"}, {"import": 0, "export": 0, "id": "AE"}, {"import": 0, "export": 0, "id": "ZW"}, {"import": 0, "export": 0, "id": "MW"}, {"import": 0, "export": 0, "id": "MY"}, {"import": 0, "export": 0, "id": "MH"}], "world_import": 62, "world_export": 0}, {"date": "2019-03-01", "list": [{"import": 0, "export": 0, "id": "CN"}, {"import": 0, "export": 0, "id": "JP"}, {"import": 0, "export": 0, "id": "TW"}, {"import": 0, "export": 0, "id": "PH"}, {"import": 0, "export": 0, "id": "PT"}, {"import": 0, "export": 0, "id": "IN"}, {"import": 0, "export": 0, "id": "ZA"}, {"import": 0, "export": 0, "id": "TH"}, {"import": 0, "export": 0, "id": "AE"}, {"import": 0, "export": 0, "id": "ZW"}, {"import": 0, "export": 0, "id": "MW"}, {"import": 0, "export": 0, "id": "MY"}, {"import": 0, "export": 0, "id": "MH"}], "world_import": 0, "world_export": 0}, {"date": "2019-04-01", "list": [{"import": 0, "export": 0, "id": "CN"}, {"import": 0, "export": 0, "id": "JP"}, {"import": 0, "export": 0, "id": "TW"}, {"import": 0, "export": 0, "id": "PH"}, {"import": 0, "export": 0, "id": "PT"}, {"import": 0, "export": 0, "id": "IN"}, {"import": 301, "export": 0, "id": "ZA"}, {"import": 0, "export": 0, "id": "TH"}, {"import": 0, "export": 0, "id": "AE"}, {"import": 0, "export": 0, "id": "ZW"}, {"import": 0, "export": 0, "id": "MW"}, {"import": 0, "export": 0, "id": "MY"}, {"import": 0, "export": 0, "id": "MH"}], "world_import": 301, "world_export": 0}, {"date": "2019-05-01", "list": [{"import": 0, "export": 0, "id": "CN"}, {"import": 0, "export": 0, "id": "JP"}, {"import": 874, "export": 0, "id": "TW"}, {"import": 0, "export": 0, "id": "PH"}, {"import": 0, "export": 0, "id": "PT"}, {"import": 0, "export": 0, "id": "IN"}, {"import": 0, "export": 0, "id": "ZA"}, {"import": 0, "export": 0, "id": "TH"}, {"import": 0, "export": 0, "id": "AE"}, {"import": 0, "export": 0, "id": "ZW"}, {"import": 0, "export": 0, "id": "MW"}, {"import": 0, "export": 0, "id": "MY"}, {"import": 0, "export": 0, "id": "MH"}], "world_import": 874, "world_export": 0}, {"date": "2019-06-01", "list": [{"import": 0, "export": 0, "id": "CN"}, {"import": 0, "export": 0, "id": "JP"}, {"import": 0, "export": 0, "id": "TW"}, {"import": 0, "export": 0, "id": "PH"}, {"import": 0, "export": 0, "id": "PT"}, {"import": 0, "export": 0, "id": "IN"}, {"import": 0, "export": 0, "id": "ZA"}, {"import": 0, "export": 0, "id": "TH"}, {"import": 0, "export": 0, "id": "AE"}, {"import": 0, "export": 0, "id": "ZW"}, {"import": 0, "export": 0, "id": "MW"}, {"import": 0, "export": 0, "id": "MY"}, {"import": 0, "export": 475, "id": "MH"}], "world_import": 0, "world_export": 475}, {"date": "2019-07-01", "list": [{"import": 0, "export": 0, "id": "CN"}, {"import": 0, "export": 0, "id": "JP"}, {"import": 0, "export": 0, "id": "TW"}, {"import": 0, "export": 0, "id": "PH"}, {"import": 0, "export": 0, "id": "PT"}, {"import": 12, "export": 0, "id": "IN"}, {"import": 0, "export": 0, "id": "ZA"}, {"import": 0, "export": 0, "id": "TH"}, {"import": 0, "export": 0, "id": "AE"}, {"import": 0, "export": 0, "id": "ZW"}, {"import": 0, "export": 0, "id": "MW"}, {"import": 0, "export": 0, "id": "MY"}, {"import": 0, "export": 0, "id": "MH"}], "world_import": 12, "world_export": 0}, {"date": "2019-08-01", "list": [{"import": 0, "export": 0, "id": "CN"}, {"import": 0, "export": 0, "id": "JP"}, {"import": 0, "export": 0, "id": "TW"}, {"import": 0, "export": 0, "id": "PH"}, {"import": 320, "export": 0, "id": "PT"}, {"import": 0, "export": 0, "id": "IN"}, {"import": 0, "export": 0, "id": "ZA"}, {"import": 0, "export": 0, "id": "TH"}, {"import": 0, "export": 0, "id": "AE"}, {"import": 0, "export": 0, "id": "ZW"}, {"import": 0, "export": 0, "id": "MW"}, {"import": 0, "export": 0, "id": "MY"}, {"import": 0, "export": 370, "id": "MH"}], "world_import": 320, "world_export": 370}, {"date": "2019-09-01", "list": [{"import": 0, "export": 0, "id": "CN"}, {"import": 0, "export": 0, "id": "JP"}, {"import": 0, "export": 0, "id": "TW"}, {"import": 0, "export": 0, "id": "PH"}, {"import": 0, "export": 0, "id": "PT"}, {"import": 0, "export": 0, "id": "IN"}, {"import": 0, "export": 0, "id": "ZA"}, {"import": 0, "export": 0, "id": "TH"}, {"import": 0, "export": 0, "id": "AE"}, {"import": 0, "export": 0, "id": "ZW"}, {"import": 0, "export": 0, "id": "MW"}, {"import": 0, "export": 0, "id": "MY"}, {"import": 0, "export": 0, "id": "MH"}], "world_import": 0, "world_export": 0}, {"date": "2019-10-01", "list": [{"import": 0, "export": 0, "id": "CN"}, {"import": 0, "export": 0, "id": "JP"}, {"import": 0, "export": 0, "id": "TW"}, {"import": 0, "export": 0, "id": "PH"}, {"import": 0, "export": 0, "id": "PT"}, {"import": 750, "export": 0, "id": "IN"}, {"import": 0, "export": 0, "id": "ZA"}, {"import": 0, "export": 0, "id": "TH"}, {"import": 0, "export": 0, "id": "AE"}, {"import": 0, "export": 0, "id": "ZW"}, {"import": 0, "export": 0, "id": "MW"}, {"import": 0, "export": 35, "id": "MY"}, {"import": 0, "export": 0, "id": "MH"}], "world_import": 750, "world_export": 35}, {"date": "2019-11-01", "list": [{"import": 0, "export": 0, "id": "CN"}, {"import": 99, "export": 0, "id": "JP"}, {"import": 0, "export": 0, "id": "TW"}, {"import": 0, "export": 0, "id": "PH"}, {"import": 0, "export": 0, "id": "PT"}, {"import": 0, "export": 0, "id": "IN"}, {"import": 0, "export": 0, "id": "ZA"}, {"import": 0, "export": 0, "id": "TH"}, {"import": 84, "export": 0, "id": "AE"}, {"import": 0, "export": 0, "id": "ZW"}, {"import": 0, "export": 0, "id": "MW"}, {"import": 0, "export": 0, "id": "MY"}, {"import": 0, "export": 0, "id": "MH"}], "world_import": 183, "world_export": 0}, {"date": "2019-12-01", "list": [{"import": 0, "export": 0, "id": "CN"}, {"import": 0, "export": 0, "id": "JP"}, {"import": 0, "export": 0, "id": "TW"}, {"import": 0, "export": 0, "id": "PH"}, {"import": 0, "export": 0, "id": "PT"}, {"import": 0, "export": 0, "id": "IN"}, {"import": 230, "export": 0, "id": "ZA"}, {"import": 0, "export": 0, "id": "TH"}, {"import": 0, "export": 0, "id": "AE"}, {"import": 0, "export": 0, "id": "ZW"}, {"import": 0, "export": 0, "id": "MW"}, {"import": 0, "export": 0, "id": "MY"}, {"import": 0, "export": 1000, "id": "MH"}], "world_import": 230, "world_export": 1000}, {"date": "2020-01-01", "list": [{"import": 0, "export": 0, "id": "CN"}, {"import": 0, "export": 0, "id": "JP"}, {"import": 0, "export": 0, "id": "TW"}, {"import": 0, "export": 0, "id": "PH"}, {"import": 0, "export": 0, "id": "PT"}, {"import": 0, "export": 0, "id": "IN"}, {"import": 0, "export": 0, "id": "ZA"}, {"import": 0, "export": 0, "id": "TH"}, {"import": 0, "export": 0, "id": "AE"}, {"import": 0, "export": 0, "id": "ZW"}, {"import": 0, "export": 0, "id": "MW"}, {"import": 0, "export": 0, "id": "MY"}, {"import": 0, "export": 0, "id": "MH"}], "world_import": 0, "world_export": 0}]