[{"date": "2017-02-01", "list": [{"import": 1750000, "export": 0, "id": "TZ"}, {"import": 0, "export": 0, "id": "SD"}], "world_import": 1750000, "world_export": 0}, {"date": "2017-03-01", "list": [{"import": 2227540, "export": 0, "id": "TZ"}, {"import": 0, "export": 0, "id": "SD"}], "world_import": 2227540, "world_export": 0}, {"date": "2017-04-01", "list": [{"import": 2316200, "export": 0, "id": "TZ"}, {"import": 0, "export": 2000, "id": "SD"}], "world_import": 2316200, "world_export": 2000}, {"date": "2017-05-01", "list": [{"import": 1557900, "export": 0, "id": "TZ"}, {"import": 0, "export": 0, "id": "SD"}], "world_import": 1557900, "world_export": 0}, {"date": "2017-06-01", "list": [{"import": 318050, "export": 0, "id": "TZ"}, {"import": 0, "export": 0, "id": "SD"}], "world_import": 318050, "world_export": 0}, {"date": "2017-07-01", "list": [{"import": 175100, "export": 0, "id": "TZ"}, {"import": 0, "export": 0, "id": "SD"}], "world_import": 175100, "world_export": 0}, {"date": "2017-08-01", "list": [{"import": 484200, "export": 0, "id": "TZ"}, {"import": 0, "export": 0, "id": "SD"}], "world_import": 484200, "world_export": 0}, {"date": "2017-09-01", "list": [{"import": 1577500, "export": 0, "id": "TZ"}, {"import": 0, "export": 0, "id": "SD"}], "world_import": 1577500, "world_export": 0}, {"date": "2017-10-01", "list": [{"import": 1735000, "export": 0, "id": "TZ"}, {"import": 0, "export": 0, "id": "SD"}], "world_import": 1735000, "world_export": 0}, {"date": "2017-11-01", "list": [{"import": 6087400, "export": 0, "id": "TZ"}, {"import": 0, "export": 1200, "id": "SD"}], "world_import": 6087400, "world_export": 1200}, {"date": "2017-12-01", "list": [{"import": 1150000, "export": 0, "id": "TZ"}, {"import": 0, "export": 0, "id": "SD"}], "world_import": 1150000, "world_export": 0}, {"date": "2018-01-01", "list": [{"import": 5303700, "export": 0, "id": "TZ"}, {"import": 0, "export": 0, "id": "SD"}], "world_import": 5303700, "world_export": 0}, {"date": "2018-02-01", "list": [{"import": 351000, "export": 0, "id": "TZ"}, {"import": 0, "export": 0, "id": "SD"}], "world_import": 351000, "world_export": 0}, {"date": "2018-03-01", "list": [{"import": 730000, "export": 0, "id": "TZ"}, {"import": 0, "export": 0, "id": "SD"}], "world_import": 730000, "world_export": 0}, {"date": "2018-04-01", "list": [{"import": 0, "export": 0, "id": "TZ"}, {"import": 0, "export": 0, "id": "SD"}], "world_import": 0, "world_export": 0}, {"date": "2018-05-01", "list": [{"import": 2340000, "export": 0, "id": "TZ"}, {"import": 0, "export": 12000, "id": "SD"}], "world_import": 2340000, "world_export": 12000}, {"date": "2018-06-01", "list": [{"import": 1170000, "export": 0, "id": "TZ"}, {"import": 0, "export": 0, "id": "SD"}], "world_import": 1170000, "world_export": 0}, {"date": "2018-07-01", "list": [{"import": 0, "export": 0, "id": "TZ"}, {"import": 0, "export": 0, "id": "SD"}], "world_import": 0, "world_export": 0}]