[{"date": "2018-11-01", "list": [{"import": 0, "export": 0, "id": "KZ"}, {"import": 0, "export": 0, "id": "PK"}, {"import": 48, "export": 22000, "id": "RU"}, {"import": 0, "export": 0, "id": "IN"}, {"import": 0, "export": 0, "id": "AE"}, {"import": 0, "export": 0, "id": "AF"}, {"import": 0, "export": 0, "id": "IQ"}, {"import": 0, "export": 0, "id": "QA"}, {"import": 0, "export": 0, "id": "SA"}, {"import": 0, "export": 0, "id": "UZ"}], "world_import": 48, "world_export": 22000}, {"date": "2018-12-01", "list": [{"import": 0, "export": 0, "id": "KZ"}, {"import": 0, "export": 0, "id": "PK"}, {"import": 0, "export": 0, "id": "RU"}, {"import": 0, "export": 0, "id": "IN"}, {"import": 0, "export": 0, "id": "AE"}, {"import": 0, "export": 0, "id": "AF"}, {"import": 0, "export": 0, "id": "IQ"}, {"import": 0, "export": 0, "id": "QA"}, {"import": 0, "export": 0, "id": "SA"}, {"import": 0, "export": 15000, "id": "UZ"}], "world_import": 0, "world_export": 15000}, {"date": "2019-01-01", "list": [{"import": 0, "export": 0, "id": "KZ"}, {"import": 0, "export": 0, "id": "PK"}, {"import": 0, "export": 0, "id": "RU"}, {"import": 0, "export": 0, "id": "IN"}, {"import": 0, "export": 0, "id": "AE"}, {"import": 0, "export": 0, "id": "AF"}, {"import": 0, "export": 0, "id": "IQ"}, {"import": 0, "export": 0, "id": "QA"}, {"import": 0, "export": 0, "id": "SA"}, {"import": 0, "export": 0, "id": "UZ"}], "world_import": 0, "world_export": 0}, {"date": "2019-02-01", "list": [{"import": 0, "export": 0, "id": "KZ"}, {"import": 26000, "export": 0, "id": "PK"}, {"import": 0, "export": 0, "id": "RU"}, {"import": 0, "export": 0, "id": "IN"}, {"import": 0, "export": 0, "id": "AE"}, {"import": 0, "export": 0, "id": "AF"}, {"import": 0, "export": 0, "id": "IQ"}, {"import": 0, "export": 0, "id": "QA"}, {"import": 0, "export": 3000, "id": "SA"}, {"import": 0, "export": 0, "id": "UZ"}], "world_import": 26000, "world_export": 3000}, {"date": "2019-03-01", "list": [{"import": 0, "export": 0, "id": "KZ"}, {"import": 0, "export": 0, "id": "PK"}, {"import": 48, "export": 300, "id": "RU"}, {"import": 0, "export": 0, "id": "IN"}, {"import": 0, "export": 0, "id": "AE"}, {"import": 0, "export": 0, "id": "AF"}, {"import": 0, "export": 0, "id": "IQ"}, {"import": 0, "export": 0, "id": "QA"}, {"import": 0, "export": 0, "id": "SA"}, {"import": 0, "export": 0, "id": "UZ"}], "world_import": 48, "world_export": 300}, {"date": "2019-04-01", "list": [{"import": 0, "export": 0, "id": "KZ"}, {"import": 0, "export": 0, "id": "PK"}, {"import": 0, "export": 0, "id": "RU"}, {"import": 0, "export": 0, "id": "IN"}, {"import": 0, "export": 0, "id": "AE"}, {"import": 0, "export": 0, "id": "AF"}, {"import": 0, "export": 0, "id": "IQ"}, {"import": 0, "export": 0, "id": "QA"}, {"import": 0, "export": 0, "id": "SA"}, {"import": 0, "export": 0, "id": "UZ"}], "world_import": 0, "world_export": 0}, {"date": "2019-05-01", "list": [{"import": 0, "export": 0, "id": "KZ"}, {"import": 0, "export": 0, "id": "PK"}, {"import": 0, "export": 0, "id": "RU"}, {"import": 0, "export": 0, "id": "IN"}, {"import": 0, "export": 0, "id": "AE"}, {"import": 0, "export": 0, "id": "AF"}, {"import": 0, "export": 0, "id": "IQ"}, {"import": 0, "export": 0, "id": "QA"}, {"import": 0, "export": 0, "id": "SA"}, {"import": 0, "export": 0, "id": "UZ"}], "world_import": 0, "world_export": 0}, {"date": "2019-06-01", "list": [{"import": 0, "export": 0, "id": "KZ"}, {"import": 0, "export": 0, "id": "PK"}, {"import": 81, "export": 2197, "id": "RU"}, {"import": 0, "export": 0, "id": "IN"}, {"import": 0, "export": 0, "id": "AE"}, {"import": 0, "export": 0, "id": "AF"}, {"import": 0, "export": 0, "id": "IQ"}, {"import": 0, "export": 0, "id": "QA"}, {"import": 0, "export": 0, "id": "SA"}, {"import": 0, "export": 0, "id": "UZ"}], "world_import": 81, "world_export": 2197}, {"date": "2019-07-01", "list": [{"import": 0, "export": 0, "id": "KZ"}, {"import": 52000, "export": 0, "id": "PK"}, {"import": 0, "export": 900, "id": "RU"}, {"import": 0, "export": 0, "id": "IN"}, {"import": 0, "export": 0, "id": "AE"}, {"import": 0, "export": 0, "id": "AF"}, {"import": 0, "export": 0, "id": "IQ"}, {"import": 0, "export": 0, "id": "QA"}, {"import": 0, "export": 0, "id": "SA"}, {"import": 0, "export": 0, "id": "UZ"}], "world_import": 52000, "world_export": 900}, {"date": "2019-08-01", "list": [{"import": 0, "export": 0, "id": "KZ"}, {"import": 0, "export": 0, "id": "PK"}, {"import": 0, "export": 0, "id": "RU"}, {"import": 0, "export": 0, "id": "IN"}, {"import": 5000, "export": 0, "id": "AE"}, {"import": 0, "export": 0, "id": "AF"}, {"import": 0, "export": 0, "id": "IQ"}, {"import": 0, "export": 0, "id": "QA"}, {"import": 0, "export": 0, "id": "SA"}, {"import": 0, "export": 0, "id": "UZ"}], "world_import": 5000, "world_export": 0}, {"date": "2019-09-01", "list": [{"import": 0, "export": 0, "id": "KZ"}, {"import": 0, "export": 0, "id": "PK"}, {"import": 36, "export": 5000, "id": "RU"}, {"import": 0, "export": 0, "id": "IN"}, {"import": 0, "export": 0, "id": "AE"}, {"import": 0, "export": 0, "id": "AF"}, {"import": 0, "export": 9800, "id": "IQ"}, {"import": 0, "export": 0, "id": "QA"}, {"import": 0, "export": 0, "id": "SA"}, {"import": 0, "export": 0, "id": "UZ"}], "world_import": 36, "world_export": 14800}, {"date": "2019-10-01", "list": [{"import": 0, "export": 0, "id": "KZ"}, {"import": 0, "export": 0, "id": "PK"}, {"import": 0, "export": 0, "id": "RU"}, {"import": 0, "export": 0, "id": "IN"}, {"import": 0, "export": 0, "id": "AE"}, {"import": 0, "export": 0, "id": "AF"}, {"import": 0, "export": 0, "id": "IQ"}, {"import": 0, "export": 300, "id": "QA"}, {"import": 0, "export": 0, "id": "SA"}, {"import": 0, "export": 0, "id": "UZ"}], "world_import": 0, "world_export": 300}, {"date": "2019-11-01", "list": [{"import": 0, "export": 0, "id": "KZ"}, {"import": 25000, "export": 0, "id": "PK"}, {"import": 0, "export": 0, "id": "RU"}, {"import": 23000, "export": 0, "id": "IN"}, {"import": 0, "export": 0, "id": "AE"}, {"import": 0, "export": 0, "id": "AF"}, {"import": 0, "export": 0, "id": "IQ"}, {"import": 0, "export": 0, "id": "QA"}, {"import": 0, "export": 0, "id": "SA"}, {"import": 0, "export": 0, "id": "UZ"}], "world_import": 48000, "world_export": 0}, {"date": "2019-12-01", "list": [{"import": 0, "export": 0, "id": "KZ"}, {"import": 0, "export": 0, "id": "PK"}, {"import": 0, "export": 0, "id": "RU"}, {"import": 0, "export": 0, "id": "IN"}, {"import": 0, "export": 0, "id": "AE"}, {"import": 0, "export": 0, "id": "AF"}, {"import": 0, "export": 0, "id": "IQ"}, {"import": 0, "export": 0, "id": "QA"}, {"import": 0, "export": 0, "id": "SA"}, {"import": 0, "export": 0, "id": "UZ"}], "world_import": 0, "world_export": 0}, {"date": "2020-01-01", "list": [{"import": 0, "export": 0, "id": "KZ"}, {"import": 0, "export": 0, "id": "PK"}, {"import": 0, "export": 0, "id": "RU"}, {"import": 0, "export": 0, "id": "IN"}, {"import": 0, "export": 0, "id": "AE"}, {"import": 0, "export": 0, "id": "AF"}, {"import": 0, "export": 0, "id": "IQ"}, {"import": 0, "export": 0, "id": "QA"}, {"import": 0, "export": 0, "id": "SA"}, {"import": 0, "export": 0, "id": "UZ"}], "world_import": 0, "world_export": 0}, {"date": "2020-02-01", "list": [{"import": 0, "export": 0, "id": "KZ"}, {"import": 0, "export": 0, "id": "PK"}, {"import": 0, "export": 0, "id": "RU"}, {"import": 0, "export": 0, "id": "IN"}, {"import": 0, "export": 0, "id": "AE"}, {"import": 0, "export": 0, "id": "AF"}, {"import": 0, "export": 0, "id": "IQ"}, {"import": 0, "export": 0, "id": "QA"}, {"import": 0, "export": 0, "id": "SA"}, {"import": 0, "export": 0, "id": "UZ"}], "world_import": 0, "world_export": 0}, {"date": "2020-03-01", "list": [{"import": 0, "export": 0, "id": "KZ"}, {"import": 0, "export": 0, "id": "PK"}, {"import": 0, "export": 0, "id": "RU"}, {"import": 0, "export": 0, "id": "IN"}, {"import": 0, "export": 0, "id": "AE"}, {"import": 0, "export": 0, "id": "AF"}, {"import": 0, "export": 0, "id": "IQ"}, {"import": 0, "export": 0, "id": "QA"}, {"import": 0, "export": 0, "id": "SA"}, {"import": 0, "export": 0, "id": "UZ"}], "world_import": 0, "world_export": 0}, {"date": "2020-04-01", "list": [{"import": 20151, "export": 0, "id": "KZ"}, {"import": 0, "export": 0, "id": "PK"}, {"import": 0, "export": 0, "id": "RU"}, {"import": 24000, "export": 0, "id": "IN"}, {"import": 0, "export": 0, "id": "AE"}, {"import": 0, "export": 0, "id": "AF"}, {"import": 0, "export": 0, "id": "IQ"}, {"import": 0, "export": 0, "id": "QA"}, {"import": 0, "export": 0, "id": "SA"}, {"import": 0, "export": 0, "id": "UZ"}], "world_import": 44151, "world_export": 0}]