[{"date": "2018-05-01", "list": [{"import": 225839, "export": 0, "id": "GY"}, {"import": 149910, "export": 0, "id": "US"}, {"import": 2445, "export": 0, "id": "BR"}, {"import": 47700, "export": 0, "id": "BZ"}, {"import": 1356, "export": 0, "id": "IN"}, {"import": 0, "export": 0, "id": "SG"}, {"import": 0, "export": 0, "id": "SR"}, {"import": 2815, "export": 0, "id": "TH"}, {"import": 0, "export": 0, "id": "GB"}, {"import": 231, "export": 0, "id": "BO"}, {"import": 0, "export": 0, "id": "CA"}, {"import": 231, "export": 0, "id": "CN"}, {"import": 0, "export": 0, "id": "IT"}, {"import": 815, "export": 0, "id": "PK"}, {"import": 0, "export": 0, "id": "VC"}, {"import": 0, "export": 0, "id": "GD"}, {"import": 0, "export": 0, "id": "LC"}], "world_import": 431342, "world_export": 0}, {"date": "2018-06-01", "list": [{"import": 52294, "export": 0, "id": "GY"}, {"import": 21446, "export": 0, "id": "US"}, {"import": 0, "export": 0, "id": "BR"}, {"import": 0, "export": 0, "id": "BZ"}, {"import": 4399, "export": 0, "id": "IN"}, {"import": 0, "export": 0, "id": "SG"}, {"import": 0, "export": 0, "id": "SR"}, {"import": 0, "export": 0, "id": "TH"}, {"import": 232, "export": 0, "id": "GB"}, {"import": 0, "export": 0, "id": "BO"}, {"import": 0, "export": 0, "id": "CA"}, {"import": 0, "export": 0, "id": "CN"}, {"import": 0, "export": 0, "id": "IT"}, {"import": 0, "export": 0, "id": "PK"}, {"import": 0, "export": 0, "id": "VC"}, {"import": 0, "export": 0, "id": "GD"}, {"import": 0, "export": 2720, "id": "LC"}], "world_import": 78371, "world_export": 2720}, {"date": "2018-07-01", "list": [{"import": 197545, "export": 0, "id": "GY"}, {"import": 36092, "export": 0, "id": "US"}, {"import": 65693, "export": 0, "id": "BR"}, {"import": 47700, "export": 0, "id": "BZ"}, {"import": 10290, "export": 0, "id": "IN"}, {"import": 0, "export": 0, "id": "SG"}, {"import": 0, "export": 0, "id": "SR"}, {"import": 200, "export": 0, "id": "TH"}, {"import": 378, "export": 0, "id": "GB"}, {"import": 0, "export": 0, "id": "BO"}, {"import": 0, "export": 0, "id": "CA"}, {"import": 0, "export": 0, "id": "CN"}, {"import": 0, "export": 0, "id": "IT"}, {"import": 0, "export": 0, "id": "PK"}, {"import": 0, "export": 0, "id": "VC"}, {"import": 0, "export": 0, "id": "GD"}, {"import": 0, "export": 0, "id": "LC"}], "world_import": 357898, "world_export": 0}, {"date": "2018-08-01", "list": [{"import": 347374, "export": 0, "id": "GY"}, {"import": 137325, "export": 0, "id": "US"}, {"import": 112991, "export": 0, "id": "BR"}, {"import": 25072, "export": 0, "id": "BZ"}, {"import": 289, "export": 0, "id": "IN"}, {"import": 0, "export": 0, "id": "SG"}, {"import": 0, "export": 0, "id": "SR"}, {"import": 160, "export": 0, "id": "TH"}, {"import": 266, "export": 0, "id": "GB"}, {"import": 0, "export": 0, "id": "BO"}, {"import": 497, "export": 0, "id": "CA"}, {"import": 0, "export": 0, "id": "CN"}, {"import": 286, "export": 0, "id": "IT"}, {"import": 0, "export": 0, "id": "PK"}, {"import": 0, "export": 0, "id": "VC"}, {"import": 0, "export": 0, "id": "GD"}, {"import": 0, "export": 0, "id": "LC"}], "world_import": 624260, "world_export": 0}, {"date": "2018-09-01", "list": [{"import": 145850, "export": 0, "id": "GY"}, {"import": 83532, "export": 0, "id": "US"}, {"import": 65291, "export": 0, "id": "BR"}, {"import": 47700, "export": 0, "id": "BZ"}, {"import": 1762, "export": 0, "id": "IN"}, {"import": 0, "export": 0, "id": "SG"}, {"import": 0, "export": 0, "id": "SR"}, {"import": 995, "export": 0, "id": "TH"}, {"import": 374, "export": 0, "id": "GB"}, {"import": 0, "export": 0, "id": "BO"}, {"import": 0, "export": 0, "id": "CA"}, {"import": 0, "export": 0, "id": "CN"}, {"import": 0, "export": 0, "id": "IT"}, {"import": 0, "export": 0, "id": "PK"}, {"import": 501, "export": 0, "id": "VC"}, {"import": 0, "export": 0, "id": "GD"}, {"import": 0, "export": 0, "id": "LC"}], "world_import": 346005, "world_export": 0}, {"date": "2018-10-01", "list": [{"import": 186945, "export": 0, "id": "GY"}, {"import": 7892, "export": 0, "id": "US"}, {"import": 150331, "export": 0, "id": "BR"}, {"import": 25073, "export": 0, "id": "BZ"}, {"import": 889, "export": 0, "id": "IN"}, {"import": 0, "export": 0, "id": "SG"}, {"import": 24040, "export": 0, "id": "SR"}, {"import": 0, "export": 0, "id": "TH"}, {"import": 455, "export": 0, "id": "GB"}, {"import": 0, "export": 0, "id": "BO"}, {"import": 0, "export": 0, "id": "CA"}, {"import": 176, "export": 0, "id": "CN"}, {"import": 0, "export": 0, "id": "IT"}, {"import": 0, "export": 0, "id": "PK"}, {"import": 0, "export": 0, "id": "VC"}, {"import": 0, "export": 0, "id": "GD"}, {"import": 0, "export": 3040, "id": "LC"}], "world_import": 395801, "world_export": 3040}, {"date": "2018-11-01", "list": [{"import": 252376, "export": 0, "id": "GY"}, {"import": 99810, "export": 0, "id": "US"}, {"import": 100240, "export": 0, "id": "BR"}, {"import": 0, "export": 0, "id": "BZ"}, {"import": 2710, "export": 0, "id": "IN"}, {"import": 408, "export": 0, "id": "SG"}, {"import": 0, "export": 0, "id": "SR"}, {"import": 0, "export": 0, "id": "TH"}, {"import": 328, "export": 0, "id": "GB"}, {"import": 0, "export": 0, "id": "BO"}, {"import": 0, "export": 0, "id": "CA"}, {"import": 0, "export": 0, "id": "CN"}, {"import": 0, "export": 0, "id": "IT"}, {"import": 0, "export": 0, "id": "PK"}, {"import": 0, "export": 0, "id": "VC"}, {"import": 0, "export": 0, "id": "GD"}, {"import": 0, "export": 1600, "id": "LC"}], "world_import": 455872, "world_export": 1600}, {"date": "2018-12-01", "list": [{"import": 245503, "export": 0, "id": "GY"}, {"import": 5417, "export": 0, "id": "US"}, {"import": 151465, "export": 0, "id": "BR"}, {"import": 95400, "export": 0, "id": "BZ"}, {"import": 17437, "export": 0, "id": "IN"}, {"import": 0, "export": 0, "id": "SG"}, {"import": 0, "export": 0, "id": "SR"}, {"import": 527, "export": 0, "id": "TH"}, {"import": 180, "export": 0, "id": "GB"}, {"import": 0, "export": 0, "id": "BO"}, {"import": 0, "export": 0, "id": "CA"}, {"import": 161, "export": 0, "id": "CN"}, {"import": 0, "export": 0, "id": "IT"}, {"import": 0, "export": 0, "id": "PK"}, {"import": 0, "export": 0, "id": "VC"}, {"import": 0, "export": 0, "id": "GD"}, {"import": 0, "export": 0, "id": "LC"}], "world_import": 516090, "world_export": 0}, {"date": "2019-01-01", "list": [{"import": 76849, "export": 0, "id": "GY"}, {"import": 84332, "export": 0, "id": "US"}, {"import": 22000, "export": 0, "id": "BR"}, {"import": 48546, "export": 0, "id": "BZ"}, {"import": 512, "export": 0, "id": "IN"}, {"import": 0, "export": 0, "id": "SG"}, {"import": 0, "export": 0, "id": "SR"}, {"import": 469, "export": 0, "id": "TH"}, {"import": 1693, "export": 0, "id": "GB"}, {"import": 0, "export": 0, "id": "BO"}, {"import": 0, "export": 0, "id": "CA"}, {"import": 0, "export": 0, "id": "CN"}, {"import": 0, "export": 0, "id": "IT"}, {"import": 0, "export": 0, "id": "PK"}, {"import": 1446, "export": 0, "id": "VC"}, {"import": 0, "export": 0, "id": "GD"}, {"import": 0, "export": 0, "id": "LC"}], "world_import": 235847, "world_export": 0}, {"date": "2019-02-01", "list": [{"import": 143270, "export": 0, "id": "GY"}, {"import": 77663, "export": 240, "id": "US"}, {"import": 79240, "export": 0, "id": "BR"}, {"import": 122365, "export": 0, "id": "BZ"}, {"import": 858, "export": 0, "id": "IN"}, {"import": 0, "export": 0, "id": "SG"}, {"import": 0, "export": 0, "id": "SR"}, {"import": 473, "export": 0, "id": "TH"}, {"import": 960, "export": 0, "id": "GB"}, {"import": 0, "export": 0, "id": "BO"}, {"import": 400, "export": 0, "id": "CA"}, {"import": 183, "export": 0, "id": "CN"}, {"import": 0, "export": 0, "id": "IT"}, {"import": 0, "export": 0, "id": "PK"}, {"import": 0, "export": 0, "id": "VC"}, {"import": 0, "export": 0, "id": "GD"}, {"import": 0, "export": 2200, "id": "LC"}], "world_import": 425412, "world_export": 2440}, {"date": "2019-03-01", "list": [{"import": 170463, "export": 0, "id": "GY"}, {"import": 14000, "export": 0, "id": "US"}, {"import": 0, "export": 0, "id": "BR"}, {"import": 0, "export": 0, "id": "BZ"}, {"import": 1806, "export": 0, "id": "IN"}, {"import": 0, "export": 0, "id": "SG"}, {"import": 24300, "export": 0, "id": "SR"}, {"import": 954, "export": 0, "id": "TH"}, {"import": 2225, "export": 0, "id": "GB"}, {"import": 0, "export": 0, "id": "BO"}, {"import": 2507, "export": 0, "id": "CA"}, {"import": 241, "export": 0, "id": "CN"}, {"import": 0, "export": 0, "id": "IT"}, {"import": 0, "export": 0, "id": "PK"}, {"import": 0, "export": 0, "id": "VC"}, {"import": 0, "export": 0, "id": "GD"}, {"import": 0, "export": 0, "id": "LC"}], "world_import": 216496, "world_export": 0}, {"date": "2019-04-01", "list": [{"import": 192781, "export": 0, "id": "GY"}, {"import": 145526, "export": 0, "id": "US"}, {"import": 126107, "export": 0, "id": "BR"}, {"import": 0, "export": 0, "id": "BZ"}, {"import": 1865, "export": 0, "id": "IN"}, {"import": 400, "export": 0, "id": "SG"}, {"import": 0, "export": 0, "id": "SR"}, {"import": 907, "export": 0, "id": "TH"}, {"import": 116, "export": 0, "id": "GB"}, {"import": 0, "export": 0, "id": "BO"}, {"import": 0, "export": 0, "id": "CA"}, {"import": 251, "export": 0, "id": "CN"}, {"import": 0, "export": 0, "id": "IT"}, {"import": 0, "export": 0, "id": "PK"}, {"import": 0, "export": 0, "id": "VC"}, {"import": 0, "export": 0, "id": "GD"}, {"import": 0, "export": 3000, "id": "LC"}], "world_import": 467953, "world_export": 3000}, {"date": "2019-05-01", "list": [{"import": 112841, "export": 0, "id": "GY"}, {"import": 94528, "export": 0, "id": "US"}, {"import": 102240, "export": 0, "id": "BR"}, {"import": 48546, "export": 0, "id": "BZ"}, {"import": 962, "export": 0, "id": "IN"}, {"import": 0, "export": 0, "id": "SG"}, {"import": 0, "export": 0, "id": "SR"}, {"import": 875, "export": 0, "id": "TH"}, {"import": 1602, "export": 0, "id": "GB"}, {"import": 0, "export": 0, "id": "BO"}, {"import": 0, "export": 0, "id": "CA"}, {"import": 0, "export": 0, "id": "CN"}, {"import": 437, "export": 0, "id": "IT"}, {"import": 0, "export": 0, "id": "PK"}, {"import": 0, "export": 0, "id": "VC"}, {"import": 0, "export": 0, "id": "GD"}, {"import": 0, "export": 0, "id": "LC"}], "world_import": 362031, "world_export": 0}, {"date": "2019-06-01", "list": [{"import": 160585, "export": 0, "id": "GY"}, {"import": 16765, "export": 0, "id": "US"}, {"import": 77000, "export": 0, "id": "BR"}, {"import": 48417, "export": 0, "id": "BZ"}, {"import": 1258, "export": 0, "id": "IN"}, {"import": 0, "export": 0, "id": "SG"}, {"import": 0, "export": 0, "id": "SR"}, {"import": 0, "export": 0, "id": "TH"}, {"import": 784, "export": 0, "id": "GB"}, {"import": 0, "export": 0, "id": "BO"}, {"import": 0, "export": 0, "id": "CA"}, {"import": 0, "export": 0, "id": "CN"}, {"import": 0, "export": 0, "id": "IT"}, {"import": 0, "export": 0, "id": "PK"}, {"import": 0, "export": 0, "id": "VC"}, {"import": 0, "export": 25000, "id": "GD"}, {"import": 0, "export": 3100, "id": "LC"}], "world_import": 304809, "world_export": 28100}, {"date": "2019-07-01", "list": [{"import": 146777, "export": 0, "id": "GY"}, {"import": 11816, "export": 0, "id": "US"}, {"import": 133816, "export": 0, "id": "BR"}, {"import": 194184, "export": 0, "id": "BZ"}, {"import": 18874, "export": 0, "id": "IN"}, {"import": 0, "export": 0, "id": "SG"}, {"import": 0, "export": 0, "id": "SR"}, {"import": 279, "export": 0, "id": "TH"}, {"import": 0, "export": 0, "id": "GB"}, {"import": 0, "export": 0, "id": "BO"}, {"import": 0, "export": 0, "id": "CA"}, {"import": 0, "export": 0, "id": "CN"}, {"import": 0, "export": 0, "id": "IT"}, {"import": 0, "export": 0, "id": "PK"}, {"import": 0, "export": 0, "id": "VC"}, {"import": 0, "export": 0, "id": "GD"}, {"import": 0, "export": 0, "id": "LC"}], "world_import": 505746, "world_export": 0}, {"date": "2019-08-01", "list": [{"import": 81737, "export": 0, "id": "GY"}, {"import": 13959, "export": 0, "id": "US"}, {"import": 128384, "export": 0, "id": "BR"}, {"import": 72819, "export": 0, "id": "BZ"}, {"import": 1777, "export": 0, "id": "IN"}, {"import": 0, "export": 0, "id": "SG"}, {"import": 0, "export": 0, "id": "SR"}, {"import": 1663, "export": 0, "id": "TH"}, {"import": 0, "export": 0, "id": "GB"}, {"import": 0, "export": 0, "id": "BO"}, {"import": 0, "export": 0, "id": "CA"}, {"import": 332, "export": 0, "id": "CN"}, {"import": 0, "export": 0, "id": "IT"}, {"import": 0, "export": 0, "id": "PK"}, {"import": 0, "export": 0, "id": "VC"}, {"import": 0, "export": 0, "id": "GD"}, {"import": 0, "export": 5900, "id": "LC"}], "world_import": 300671, "world_export": 5900}, {"date": "2019-09-01", "list": [{"import": 130145, "export": 0, "id": "GY"}, {"import": 85436, "export": 0, "id": "US"}, {"import": 0, "export": 0, "id": "BR"}, {"import": 0, "export": 0, "id": "BZ"}, {"import": 963, "export": 0, "id": "IN"}, {"import": 0, "export": 0, "id": "SG"}, {"import": 0, "export": 0, "id": "SR"}, {"import": 638, "export": 0, "id": "TH"}, {"import": 0, "export": 0, "id": "GB"}, {"import": 0, "export": 0, "id": "BO"}, {"import": 0, "export": 0, "id": "CA"}, {"import": 0, "export": 0, "id": "CN"}, {"import": 0, "export": 0, "id": "IT"}, {"import": 0, "export": 0, "id": "PK"}, {"import": 0, "export": 0, "id": "VC"}, {"import": 0, "export": 0, "id": "GD"}, {"import": 0, "export": 0, "id": "LC"}], "world_import": 217182, "world_export": 0}, {"date": "2019-10-01", "list": [{"import": 93133, "export": 0, "id": "GY"}, {"import": 78365, "export": 0, "id": "US"}, {"import": 104491, "export": 0, "id": "BR"}, {"import": 0, "export": 0, "id": "BZ"}, {"import": 384, "export": 0, "id": "IN"}, {"import": 0, "export": 0, "id": "SG"}, {"import": 0, "export": 0, "id": "SR"}, {"import": 1113, "export": 0, "id": "TH"}, {"import": 1833, "export": 0, "id": "GB"}, {"import": 0, "export": 0, "id": "BO"}, {"import": 0, "export": 0, "id": "CA"}, {"import": 0, "export": 0, "id": "CN"}, {"import": 694, "export": 0, "id": "IT"}, {"import": 0, "export": 0, "id": "PK"}, {"import": 0, "export": 0, "id": "VC"}, {"import": 0, "export": 0, "id": "GD"}, {"import": 0, "export": 1800, "id": "LC"}], "world_import": 280013, "world_export": 1800}]