[{"date": "2006-05-01", "list": [{"import": 0, "export": 0, "id": "EG"}, {"import": 0, "export": 0, "id": "CN"}, {"import": 0, "export": 0, "id": "IT"}, {"import": 0, "export": 0, "id": "RO"}], "world_import": 0, "world_export": 0}, {"date": "2006-06-01", "list": [{"import": 0, "export": 0, "id": "EG"}, {"import": 0, "export": 0, "id": "CN"}, {"import": 0, "export": 0, "id": "IT"}, {"import": 0, "export": 0, "id": "RO"}], "world_import": 0, "world_export": 0}, {"date": "2006-07-01", "list": [{"import": 0, "export": 0, "id": "EG"}, {"import": 0, "export": 0, "id": "CN"}, {"import": 0, "export": 0, "id": "IT"}, {"import": 0, "export": 0, "id": "RO"}], "world_import": 0, "world_export": 0}, {"date": "2006-08-01", "list": [{"import": 0, "export": 0, "id": "EG"}, {"import": 0, "export": 0, "id": "CN"}, {"import": 0, "export": 0, "id": "IT"}, {"import": 0, "export": 0, "id": "RO"}], "world_import": 0, "world_export": 0}, {"date": "2006-09-01", "list": [{"import": 0, "export": 0, "id": "EG"}, {"import": 0, "export": 0, "id": "CN"}, {"import": 0, "export": 0, "id": "IT"}, {"import": 0, "export": 0, "id": "RO"}], "world_import": 0, "world_export": 0}, {"date": "2006-10-01", "list": [{"import": 0, "export": 0, "id": "EG"}, {"import": 0, "export": 0, "id": "CN"}, {"import": 0, "export": 0, "id": "IT"}, {"import": 0, "export": 0, "id": "RO"}], "world_import": 0, "world_export": 0}, {"date": "2006-11-01", "list": [{"import": 0, "export": 0, "id": "EG"}, {"import": 0, "export": 0, "id": "CN"}, {"import": 4, "export": 0, "id": "IT"}, {"import": 0, "export": 0, "id": "RO"}], "world_import": 4, "world_export": 0}, {"date": "2006-12-01", "list": [{"import": 0, "export": 0, "id": "EG"}, {"import": 0, "export": 0, "id": "CN"}, {"import": 0, "export": 0, "id": "IT"}, {"import": 52, "export": 0, "id": "RO"}], "world_import": 52, "world_export": 0}, {"date": "2007-01-01", "list": [{"import": 0, "export": 0, "id": "EG"}, {"import": 0, "export": 0, "id": "CN"}, {"import": 1680, "export": 0, "id": "IT"}, {"import": 0, "export": 0, "id": "RO"}], "world_import": 1680, "world_export": 0}, {"date": "2007-02-01", "list": [{"import": 0, "export": 0, "id": "EG"}, {"import": 0, "export": 0, "id": "CN"}, {"import": 200, "export": 0, "id": "IT"}, {"import": 0, "export": 0, "id": "RO"}], "world_import": 200, "world_export": 0}, {"date": "2007-03-01", "list": [{"import": 0, "export": 0, "id": "EG"}, {"import": 0, "export": 0, "id": "CN"}, {"import": 0, "export": 0, "id": "IT"}, {"import": 0, "export": 0, "id": "RO"}], "world_import": 0, "world_export": 0}, {"date": "2007-04-01", "list": [{"import": 0, "export": 0, "id": "EG"}, {"import": 0, "export": 0, "id": "CN"}, {"import": 0, "export": 0, "id": "IT"}, {"import": 0, "export": 0, "id": "RO"}], "world_import": 0, "world_export": 0}, {"date": "2007-05-01", "list": [{"import": 0, "export": 0, "id": "EG"}, {"import": 0, "export": 0, "id": "CN"}, {"import": 310, "export": 0, "id": "IT"}, {"import": 0, "export": 0, "id": "RO"}], "world_import": 310, "world_export": 0}, {"date": "2007-06-01", "list": [{"import": 0, "export": 0, "id": "EG"}, {"import": 0, "export": 0, "id": "CN"}, {"import": 0, "export": 0, "id": "IT"}, {"import": 0, "export": 0, "id": "RO"}], "world_import": 0, "world_export": 0}, {"date": "2007-07-01", "list": [{"import": 0, "export": 0, "id": "EG"}, {"import": 0, "export": 0, "id": "CN"}, {"import": 0, "export": 0, "id": "IT"}, {"import": 0, "export": 0, "id": "RO"}], "world_import": 0, "world_export": 0}, {"date": "2007-08-01", "list": [{"import": 0, "export": 0, "id": "EG"}, {"import": 0, "export": 0, "id": "CN"}, {"import": 763, "export": 0, "id": "IT"}, {"import": 0, "export": 0, "id": "RO"}], "world_import": 763, "world_export": 0}, {"date": "2007-09-01", "list": [{"import": 0, "export": 0, "id": "EG"}, {"import": 0, "export": 0, "id": "CN"}, {"import": 590, "export": 0, "id": "IT"}, {"import": 0, "export": 0, "id": "RO"}], "world_import": 590, "world_export": 0}, {"date": "2007-10-01", "list": [{"import": 0, "export": 0, "id": "EG"}, {"import": 0, "export": 0, "id": "CN"}, {"import": 840, "export": 0, "id": "IT"}, {"import": 0, "export": 0, "id": "RO"}], "world_import": 840, "world_export": 0}]