[{"date": "2006-10-01", "list": [{"import": 0, "export": 0, "id": "AE"}], "world_import": 0, "world_export": 0}, {"date": "2006-11-01", "list": [{"import": 0, "export": 0, "id": "AE"}], "world_import": 0, "world_export": 0}, {"date": "2006-12-01", "list": [{"import": 0, "export": 0, "id": "AE"}], "world_import": 0, "world_export": 0}, {"date": "2007-01-01", "list": [{"import": 0, "export": 0, "id": "AE"}], "world_import": 0, "world_export": 0}, {"date": "2007-02-01", "list": [{"import": 0, "export": 0, "id": "AE"}], "world_import": 0, "world_export": 0}, {"date": "2007-03-01", "list": [{"import": 0, "export": 0, "id": "AE"}], "world_import": 0, "world_export": 0}, {"date": "2007-04-01", "list": [{"import": 0, "export": 0, "id": "AE"}], "world_import": 0, "world_export": 0}, {"date": "2007-05-01", "list": [{"import": 0, "export": 0, "id": "AE"}], "world_import": 0, "world_export": 0}, {"date": "2007-06-01", "list": [{"import": 1116, "export": 0, "id": "AE"}], "world_import": 1116, "world_export": 0}, {"date": "2006-02-01", "list": [{"import": 0, "export": 0, "id": "AE"}], "world_import": 0, "world_export": 0}, {"date": "2006-03-01", "list": [{"import": 0, "export": 0, "id": "AE"}], "world_import": 0, "world_export": 0}, {"date": "2006-04-01", "list": [{"import": 0, "export": 0, "id": "AE"}], "world_import": 0, "world_export": 0}, {"date": "2006-05-01", "list": [{"import": 0, "export": 0, "id": "AE"}], "world_import": 0, "world_export": 0}, {"date": "2006-06-01", "list": [{"import": 0, "export": 0, "id": "AE"}], "world_import": 0, "world_export": 0}, {"date": "2006-08-01", "list": [{"import": 0, "export": 0, "id": "AE"}], "world_import": 0, "world_export": 0}, {"date": "2006-09-01", "list": [{"import": 0, "export": 0, "id": "AE"}], "world_import": 0, "world_export": 0}]