[{"date": "2015-05-01", "list": [{"import": 235565, "export": 0, "id": "ZA"}, {"import": 0, "export": 0, "id": "JP"}, {"import": 0, "export": 0, "id": "KR"}, {"import": 0, "export": 0, "id": "TW"}, {"import": 0, "export": 0, "id": null}, {"import": 0, "export": 0, "id": "IN"}, {"import": 0, "export": 0, "id": "ZM"}], "world_import": 235565, "world_export": 0}, {"date": "2015-06-01", "list": [{"import": 244770, "export": 99000, "id": "ZA"}, {"import": 0, "export": 0, "id": "JP"}, {"import": 0, "export": 0, "id": "KR"}, {"import": 0, "export": 0, "id": "TW"}, {"import": 0, "export": 0, "id": null}, {"import": 0, "export": 0, "id": "IN"}, {"import": 0, "export": 0, "id": "ZM"}], "world_import": 244770, "world_export": 99000}, {"date": "2015-07-01", "list": [{"import": 213456, "export": 0, "id": "ZA"}, {"import": 0, "export": 0, "id": "JP"}, {"import": 62, "export": 0, "id": "KR"}, {"import": 0, "export": 0, "id": "TW"}, {"import": 0, "export": 0, "id": null}, {"import": 0, "export": 0, "id": "IN"}, {"import": 0, "export": 0, "id": "ZM"}], "world_import": 213518, "world_export": 0}, {"date": "2015-08-01", "list": [{"import": 249858, "export": 66000, "id": "ZA"}, {"import": 0, "export": 0, "id": "JP"}, {"import": 0, "export": 0, "id": "KR"}, {"import": 0, "export": 0, "id": "TW"}, {"import": 0, "export": 0, "id": null}, {"import": 0, "export": 0, "id": "IN"}, {"import": 0, "export": 0, "id": "ZM"}], "world_import": 249858, "world_export": 66000}, {"date": "2015-09-01", "list": [{"import": 361177, "export": 1886, "id": "ZA"}, {"import": 0, "export": 0, "id": "JP"}, {"import": 0, "export": 0, "id": "KR"}, {"import": 0, "export": 0, "id": "TW"}, {"import": 0, "export": 0, "id": null}, {"import": 0, "export": 0, "id": "IN"}, {"import": 0, "export": 0, "id": "ZM"}], "world_import": 361177, "world_export": 1886}, {"date": "2015-10-01", "list": [{"import": 704663, "export": 61000, "id": "ZA"}, {"import": 0, "export": 0, "id": "JP"}, {"import": 0, "export": 0, "id": "KR"}, {"import": 0, "export": 0, "id": "TW"}, {"import": 0, "export": 0, "id": null}, {"import": 0, "export": 0, "id": "IN"}, {"import": 0, "export": 0, "id": "ZM"}], "world_import": 704663, "world_export": 61000}, {"date": "2015-11-01", "list": [{"import": 595629, "export": 33105, "id": "ZA"}, {"import": 0, "export": 0, "id": "JP"}, {"import": 0, "export": 0, "id": "KR"}, {"import": 0, "export": 0, "id": "TW"}, {"import": 0, "export": 0, "id": null}, {"import": 0, "export": 0, "id": "IN"}, {"import": 0, "export": 0, "id": "ZM"}], "world_import": 595629, "world_export": 33105}, {"date": "2015-12-01", "list": [{"import": 779830, "export": 0, "id": "ZA"}, {"import": 0, "export": 0, "id": "JP"}, {"import": 0, "export": 0, "id": "KR"}, {"import": 0, "export": 0, "id": "TW"}, {"import": 0, "export": 0, "id": null}, {"import": 0, "export": 0, "id": "IN"}, {"import": 0, "export": 625, "id": "ZM"}], "world_import": 779830, "world_export": 625}, {"date": "2016-01-01", "list": [{"import": 414095, "export": 36000, "id": "ZA"}, {"import": 0, "export": 0, "id": "JP"}, {"import": 0, "export": 0, "id": "KR"}, {"import": 0, "export": 0, "id": "TW"}, {"import": 0, "export": 0, "id": null}, {"import": 0, "export": 0, "id": "IN"}, {"import": 0, "export": 0, "id": "ZM"}], "world_import": 414095, "world_export": 36000}, {"date": "2016-02-01", "list": [{"import": 603267, "export": 66000, "id": "ZA"}, {"import": 0, "export": 0, "id": "JP"}, {"import": 0, "export": 0, "id": "KR"}, {"import": 0, "export": 0, "id": "TW"}, {"import": 0, "export": 0, "id": null}, {"import": 0, "export": 0, "id": "IN"}, {"import": 0, "export": 0, "id": "ZM"}], "world_import": 603267, "world_export": 66000}, {"date": "2016-03-01", "list": [{"import": 913748, "export": 33000, "id": "ZA"}, {"import": 0, "export": 0, "id": "JP"}, {"import": 0, "export": 0, "id": "KR"}, {"import": 0, "export": 0, "id": "TW"}, {"import": 0, "export": 0, "id": null}, {"import": 0, "export": 0, "id": "IN"}, {"import": 0, "export": 0, "id": "ZM"}], "world_import": 913748, "world_export": 33000}, {"date": "2016-04-01", "list": [{"import": 234013, "export": 159800, "id": "ZA"}, {"import": 0, "export": 0, "id": "JP"}, {"import": 0, "export": 0, "id": "KR"}, {"import": 0, "export": 0, "id": "TW"}, {"import": 0, "export": 0, "id": null}, {"import": 0, "export": 0, "id": "IN"}, {"import": 0, "export": 0, "id": "ZM"}], "world_import": 234013, "world_export": 159800}, {"date": "2016-05-01", "list": [{"import": 22017, "export": 165000, "id": "ZA"}, {"import": 0, "export": 0, "id": "JP"}, {"import": 0, "export": 0, "id": "KR"}, {"import": 0, "export": 0, "id": "TW"}, {"import": 0, "export": 0, "id": null}, {"import": 0, "export": 0, "id": "IN"}, {"import": 0, "export": 0, "id": "ZM"}], "world_import": 22017, "world_export": 165000}, {"date": "2016-06-01", "list": [{"import": 158505, "export": 67469, "id": "ZA"}, {"import": 0, "export": 0, "id": "JP"}, {"import": 0, "export": 0, "id": "KR"}, {"import": 0, "export": 0, "id": "TW"}, {"import": 0, "export": 0, "id": null}, {"import": 0, "export": 0, "id": "IN"}, {"import": 0, "export": 0, "id": "ZM"}], "world_import": 158505, "world_export": 67469}, {"date": "2016-07-01", "list": [{"import": 136325, "export": 133000, "id": "ZA"}, {"import": 0, "export": 0, "id": "JP"}, {"import": 0, "export": 0, "id": "KR"}, {"import": 20000, "export": 0, "id": "TW"}, {"import": 40, "export": 103, "id": null}, {"import": 0, "export": 0, "id": "IN"}, {"import": 0, "export": 0, "id": "ZM"}], "world_import": 156365, "world_export": 133103}, {"date": "2016-08-01", "list": [{"import": 253658, "export": 33020, "id": "ZA"}, {"import": 0, "export": 0, "id": "JP"}, {"import": 0, "export": 0, "id": "KR"}, {"import": 0, "export": 0, "id": "TW"}, {"import": 0, "export": 0, "id": null}, {"import": 0, "export": 0, "id": "IN"}, {"import": 0, "export": 0, "id": "ZM"}], "world_import": 253658, "world_export": 33020}, {"date": "2016-09-01", "list": [{"import": 135106, "export": 33002, "id": "ZA"}, {"import": 0, "export": 0, "id": "JP"}, {"import": 0, "export": 0, "id": "KR"}, {"import": 0, "export": 0, "id": "TW"}, {"import": 0, "export": 0, "id": null}, {"import": 0, "export": 0, "id": "IN"}, {"import": 0, "export": 0, "id": "ZM"}], "world_import": 135106, "world_export": 33002}, {"date": "2016-10-01", "list": [{"import": 932552, "export": 0, "id": "ZA"}, {"import": 0, "export": 0, "id": "JP"}, {"import": 0, "export": 0, "id": "KR"}, {"import": 0, "export": 0, "id": "TW"}, {"import": 0, "export": 0, "id": null}, {"import": 3560, "export": 0, "id": "IN"}, {"import": 0, "export": 0, "id": "ZM"}], "world_import": 936112, "world_export": 0}]