[{"date": "2019-01-01", "list": [{"import": 678, "export": 0, "id": "BR"}], "world_import": 678, "world_export": 0}, {"date": "2019-03-01", "list": [{"import": 1354, "export": 0, "id": "BR"}, {"import": 12516874, "export": 0, "id": "US"}], "world_import": 12518228, "world_export": 0}, {"date": "2019-06-01", "list": [{"import": 921, "export": 0, "id": "BR"}, {"import": 24514102, "export": 0, "id": "US"}], "world_import": 24515023, "world_export": 0}, {"date": "2019-07-01", "list": [{"import": 1290, "export": 0, "id": "BR"}, {"import": 7115176, "export": 0, "id": "US"}], "world_import": 7116466, "world_export": 0}, {"date": "2019-08-01", "list": [{"import": 2530, "export": 0, "id": "BR"}], "world_import": 2530, "world_export": 0}, {"date": "2019-09-01", "list": [{"import": 2000, "export": 0, "id": "BR"}, {"import": 60300, "export": 0, "id": "CR"}], "world_import": 62300, "world_export": 0}, {"date": "2019-10-01", "list": [{"import": 1221, "export": 0, "id": "BR"}], "world_import": 1221, "world_export": 0}, {"date": "2019-11-01", "list": [{"import": 1170, "export": 0, "id": "BR"}], "world_import": 1170, "world_export": 0}, {"date": "2019-12-01", "list": [{"import": 830, "export": 0, "id": "BR"}, {"import": 50140, "export": 0, "id": "CR"}], "world_import": 50970, "world_export": 0}, {"date": "2020-01-01", "list": [{"import": 1450, "export": 0, "id": "BR"}, {"import": 750, "export": 0, "id": "TR"}], "world_import": 2200, "world_export": 0}, {"date": "2020-02-01", "list": [{"import": 737, "export": 0, "id": "BR"}, {"import": 900, "export": 0, "id": "TR"}], "world_import": 1637, "world_export": 0}, {"date": "2020-03-01", "list": [{"import": 500, "export": 0, "id": "BR"}, {"import": 12038000, "export": 0, "id": "US"}], "world_import": 12038500, "world_export": 0}, {"date": "2020-04-01", "list": [{"import": 1881, "export": 0, "id": "BR"}, {"import": 1400, "export": 0, "id": "TR"}, {"import": 3447337, "export": 0, "id": "US"}, {"import": 80235270, "export": 0, "id": "UY"}], "world_import": 83685888, "world_export": 0}, {"date": "2020-05-01", "list": [{"import": 3805, "export": 0, "id": "BR"}, {"import": 10191451, "export": 0, "id": "PY"}, {"import": 750, "export": 0, "id": "TR"}, {"import": 26249634, "export": 0, "id": "UY"}], "world_import": 36445640, "world_export": 0}, {"date": "2020-06-01", "list": [{"import": 3195, "export": 0, "id": "BR"}], "world_import": 3195, "world_export": 0}, {"date": "2019-04-01", "list": [{"import": 5524, "export": 0, "id": "US"}], "world_import": 5524, "world_export": 0}]