[{"date": "2019-03-01", "list": [{"import": 2445, "export": 0, "id": "GY"}], "world_import": 2445, "world_export": 0}, {"date": "2019-06-01", "list": [{"import": 4797, "export": 0, "id": "GY"}, {"import": 1584, "export": 0, "id": "VC"}], "world_import": 6381, "world_export": 0}, {"date": "2019-01-01", "list": [{"import": 1541, "export": 0, "id": "VC"}, {"import": 2788, "export": 0, "id": "US"}], "world_import": 4329, "world_export": 0}, {"date": "2019-02-01", "list": [{"import": 1089, "export": 0, "id": "US"}], "world_import": 1089, "world_export": 0}, {"date": "2019-04-01", "list": [{"import": 1906, "export": 0, "id": "US"}], "world_import": 1906, "world_export": 0}, {"date": "2019-05-01", "list": [{"import": 907, "export": 0, "id": "US"}], "world_import": 907, "world_export": 0}, {"date": "2019-10-01", "list": [{"import": 3352, "export": 0, "id": "US"}], "world_import": 3352, "world_export": 0}, {"date": "2020-01-01", "list": [{"import": 2454, "export": 0, "id": "US"}], "world_import": 2454, "world_export": 0}, {"date": "2020-03-01", "list": [{"import": 4532, "export": 0, "id": "US"}], "world_import": 4532, "world_export": 0}, {"date": "2020-05-01", "list": [{"import": 1887, "export": 0, "id": "US"}], "world_import": 1887, "world_export": 0}]