[{"date": "2018-05-01", "list": [{"import": 0, "export": 0, "id": "BR"}, {"import": 0, "export": 0, "id": "PT"}], "world_import": 0, "world_export": 0}, {"date": "2018-06-01", "list": [{"import": 124519, "export": 0, "id": "BR"}, {"import": 0, "export": 0, "id": "PT"}], "world_import": 124519, "world_export": 0}, {"date": "2018-07-01", "list": [{"import": 0, "export": 0, "id": "BR"}, {"import": 0, "export": 0, "id": "PT"}], "world_import": 0, "world_export": 0}, {"date": "2018-08-01", "list": [{"import": 0, "export": 0, "id": "BR"}, {"import": 0, "export": 0, "id": "PT"}], "world_import": 0, "world_export": 0}, {"date": "2018-09-01", "list": [{"import": 0, "export": 0, "id": "BR"}, {"import": 0, "export": 0, "id": "PT"}], "world_import": 0, "world_export": 0}, {"date": "2018-10-01", "list": [{"import": 0, "export": 0, "id": "BR"}, {"import": 0, "export": 0, "id": "PT"}], "world_import": 0, "world_export": 0}, {"date": "2018-11-01", "list": [{"import": 0, "export": 0, "id": "BR"}, {"import": 0, "export": 0, "id": "PT"}], "world_import": 0, "world_export": 0}, {"date": "2018-12-01", "list": [{"import": 0, "export": 0, "id": "BR"}, {"import": 0, "export": 0, "id": "PT"}], "world_import": 0, "world_export": 0}, {"date": "2019-01-01", "list": [{"import": 0, "export": 0, "id": "BR"}, {"import": 500, "export": 0, "id": "PT"}], "world_import": 500, "world_export": 0}, {"date": "2019-02-01", "list": [{"import": 0, "export": 0, "id": "BR"}, {"import": 0, "export": 0, "id": "PT"}], "world_import": 0, "world_export": 0}, {"date": "2019-03-01", "list": [{"import": 0, "export": 0, "id": "BR"}, {"import": 0, "export": 0, "id": "PT"}], "world_import": 0, "world_export": 0}, {"date": "2019-04-01", "list": [{"import": 0, "export": 0, "id": "BR"}, {"import": 0, "export": 0, "id": "PT"}], "world_import": 0, "world_export": 0}, {"date": "2019-05-01", "list": [{"import": 0, "export": 0, "id": "BR"}, {"import": 0, "export": 0, "id": "PT"}], "world_import": 0, "world_export": 0}, {"date": "2019-06-01", "list": [{"import": 0, "export": 0, "id": "BR"}, {"import": 0, "export": 0, "id": "PT"}], "world_import": 0, "world_export": 0}, {"date": "2019-07-01", "list": [{"import": 0, "export": 0, "id": "BR"}, {"import": 0, "export": 0, "id": "PT"}], "world_import": 0, "world_export": 0}, {"date": "2019-08-01", "list": [{"import": 0, "export": 0, "id": "BR"}, {"import": 0, "export": 0, "id": "PT"}], "world_import": 0, "world_export": 0}, {"date": "2019-09-01", "list": [{"import": 0, "export": 0, "id": "BR"}, {"import": 0, "export": 0, "id": "PT"}], "world_import": 0, "world_export": 0}, {"date": "2019-10-01", "list": [{"import": 0, "export": 0, "id": "BR"}, {"import": 0, "export": 0, "id": "PT"}], "world_import": 0, "world_export": 0}]