[{"date": "2020-05-01", "list": [{"import": 30000000, "export": 0, "id": "BR"}], "world_import": 30000000, "world_export": 0}, {"date": "2020-06-01", "list": [{"import": 30000000, "export": 0, "id": "BR"}], "world_import": 30000000, "world_export": 0}, {"date": "2019-02-01", "list": [{"import": 480, "export": 0, "id": "RS"}], "world_import": 480, "world_export": 0}, {"date": "2019-11-01", "list": [{"import": 1162, "export": 0, "id": "RS"}], "world_import": 1162, "world_export": 0}, {"date": "2020-01-01", "list": [{"import": 525, "export": 0, "id": "RS"}], "world_import": 525, "world_export": 0}, {"date": "2020-03-01", "list": [{"import": 705, "export": 0, "id": "RS"}], "world_import": 705, "world_export": 0}]