[{"date": "2019-11-01", "list": [{"import": 2000, "export": 0, "id": "FR"}, {"import": 1800, "export": 0, "id": "KR"}, {"import": 3535, "export": 0, "id": "PK"}, {"import": 11702000, "export": 0, "id": "IN"}, {"import": 2960, "export": 0, "id": "AE"}], "world_import": 11712295, "world_export": 0}, {"date": "2020-06-01", "list": [{"import": 500, "export": 0, "id": "FR"}, {"import": 2926, "export": 0, "id": "PK"}], "world_import": 3426, "world_export": 0}, {"date": "Unnamed: 14-01", "list": [{"import": 11291, "export": 0, "id": "KR"}, {"import": 120000, "export": 0, "id": "TH"}], "world_import": 131291, "world_export": 0}, {"date": "2019-09-01", "list": [{"import": 1355, "export": 0, "id": "PK"}, {"import": 6568000, "export": 0, "id": "IN"}, {"import": 4867, "export": 0, "id": "AE"}], "world_import": 6574222, "world_export": 0}, {"date": "2020-01-01", "list": [{"import": 1613, "export": 0, "id": "PK"}, {"import": 14457000, "export": 0, "id": "IN"}, {"import": 4489, "export": 0, "id": "AE"}], "world_import": 14463102, "world_export": 0}, {"date": "2020-03-01", "list": [{"import": 1829, "export": 0, "id": "PK"}, {"import": 30605000, "export": 0, "id": "IN"}, {"import": 8730, "export": 0, "id": "AE"}], "world_import": 30615559, "world_export": 0}, {"date": "2020-05-01", "list": [{"import": 1811, "export": 0, "id": "PK"}], "world_import": 1811, "world_export": 0}, {"date": "2020-08-01", "list": [{"import": 2752, "export": 0, "id": "PK"}], "world_import": 2752, "world_export": 0}]