[{"date": "2018-12-01", "list": [{"import": 0, "export": 0, "id": "PE"}, {"import": 0, "export": 0, "id": "IN"}, {"import": 0, "export": 0, "id": "-"}, {"import": 0, "export": 0, "id": "VE"}], "world_import": 0, "world_export": 0}, {"date": "2019-01-01", "list": [{"import": 0, "export": 0, "id": "PE"}, {"import": 0, "export": 0, "id": "IN"}, {"import": 0, "export": 0, "id": "-"}, {"import": 0, "export": 500, "id": "VE"}], "world_import": 0, "world_export": 500}, {"date": "2019-02-01", "list": [{"import": 0, "export": 0, "id": "PE"}, {"import": 0, "export": 0, "id": "IN"}, {"import": 0, "export": 0, "id": "-"}, {"import": 0, "export": 500, "id": "VE"}], "world_import": 0, "world_export": 500}, {"date": "2019-03-01", "list": [{"import": 0, "export": 0, "id": "PE"}, {"import": 0, "export": 0, "id": "IN"}, {"import": 0, "export": 0, "id": "-"}, {"import": 0, "export": 0, "id": "VE"}], "world_import": 0, "world_export": 0}, {"date": "2019-04-01", "list": [{"import": 0, "export": 0, "id": "PE"}, {"import": 0, "export": 0, "id": "IN"}, {"import": 0, "export": 0, "id": "-"}, {"import": 0, "export": 500, "id": "VE"}], "world_import": 0, "world_export": 500}, {"date": "2019-05-01", "list": [{"import": 36210, "export": 0, "id": "PE"}, {"import": 0, "export": 0, "id": "IN"}, {"import": 0, "export": 0, "id": "-"}, {"import": 0, "export": 0, "id": "VE"}], "world_import": 36210, "world_export": 0}, {"date": "2019-06-01", "list": [{"import": 0, "export": 0, "id": "PE"}, {"import": 0, "export": 0, "id": "IN"}, {"import": 0, "export": 0, "id": "-"}, {"import": 0, "export": 1200, "id": "VE"}], "world_import": 0, "world_export": 1200}, {"date": "2019-07-01", "list": [{"import": 0, "export": 0, "id": "PE"}, {"import": 0, "export": 0, "id": "IN"}, {"import": 0, "export": 0, "id": "-"}, {"import": 0, "export": 1067, "id": "VE"}], "world_import": 0, "world_export": 1067}, {"date": "2019-08-01", "list": [{"import": 0, "export": 0, "id": "PE"}, {"import": 0, "export": 0, "id": "IN"}, {"import": 0, "export": 0, "id": "-"}, {"import": 0, "export": 295, "id": "VE"}], "world_import": 0, "world_export": 295}, {"date": "2019-09-01", "list": [{"import": 0, "export": 0, "id": "PE"}, {"import": 0, "export": 0, "id": "IN"}, {"import": 0, "export": 0, "id": "-"}, {"import": 0, "export": 1067, "id": "VE"}], "world_import": 0, "world_export": 1067}, {"date": "2019-10-01", "list": [{"import": 0, "export": 0, "id": "PE"}, {"import": 0, "export": 0, "id": "IN"}, {"import": 0, "export": 0, "id": "-"}, {"import": 0, "export": 2033, "id": "VE"}], "world_import": 0, "world_export": 2033}, {"date": "2019-11-01", "list": [{"import": 0, "export": 0, "id": "PE"}, {"import": 0, "export": 0, "id": "IN"}, {"import": 455, "export": 0, "id": "-"}, {"import": 0, "export": 7523, "id": "VE"}], "world_import": 455, "world_export": 7523}, {"date": "2019-12-01", "list": [{"import": 0, "export": 0, "id": "PE"}, {"import": 320, "export": 0, "id": "IN"}, {"import": 0, "export": 0, "id": "-"}, {"import": 0, "export": 3017, "id": "VE"}], "world_import": 320, "world_export": 3017}, {"date": "2020-01-01", "list": [{"import": 0, "export": 0, "id": "PE"}, {"import": 0, "export": 0, "id": "IN"}, {"import": 0, "export": 0, "id": "-"}, {"import": 0, "export": 10419, "id": "VE"}], "world_import": 0, "world_export": 10419}, {"date": "2020-02-01", "list": [{"import": 0, "export": 0, "id": "PE"}, {"import": 0, "export": 0, "id": "IN"}, {"import": 0, "export": 0, "id": "-"}, {"import": 0, "export": 896, "id": "VE"}], "world_import": 0, "world_export": 896}, {"date": "2020-03-01", "list": [{"import": 55640, "export": 0, "id": "PE"}, {"import": 0, "export": 0, "id": "IN"}, {"import": 0, "export": 0, "id": "-"}, {"import": 0, "export": 16649, "id": "VE"}], "world_import": 55640, "world_export": 16649}, {"date": "2020-04-01", "list": [{"import": 66400, "export": 0, "id": "PE"}, {"import": 0, "export": 0, "id": "IN"}, {"import": 0, "export": 0, "id": "-"}, {"import": 0, "export": 0, "id": "VE"}], "world_import": 66400, "world_export": 0}, {"date": "2020-05-01", "list": [{"import": 28360, "export": 0, "id": "PE"}, {"import": 0, "export": 0, "id": "IN"}, {"import": 0, "export": 0, "id": "-"}, {"import": 0, "export": 8710, "id": "VE"}], "world_import": 28360, "world_export": 8710}]