[{"date": "2018-11-01", "list": [{"import": 7431, "export": 0, "id": "-"}], "world_import": 7431, "world_export": 0}, {"date": "2018-12-01", "list": [{"import": 38771, "export": 0, "id": "-"}], "world_import": 38771, "world_export": 0}, {"date": "2019-01-01", "list": [{"import": 0, "export": 0, "id": "-"}], "world_import": 0, "world_export": 0}, {"date": "2019-02-01", "list": [{"import": 5972, "export": 0, "id": "-"}], "world_import": 5972, "world_export": 0}, {"date": "2019-03-01", "list": [{"import": 0, "export": 0, "id": "-"}], "world_import": 0, "world_export": 0}, {"date": "2019-04-01", "list": [{"import": 44249, "export": 0, "id": "-"}], "world_import": 44249, "world_export": 0}, {"date": "2019-05-01", "list": [{"import": 0, "export": 0, "id": "-"}], "world_import": 0, "world_export": 0}, {"date": "2019-06-01", "list": [{"import": 0, "export": 0, "id": "-"}], "world_import": 0, "world_export": 0}, {"date": "2019-07-01", "list": [{"import": 11450, "export": 0, "id": "-"}], "world_import": 11450, "world_export": 0}, {"date": "2019-08-01", "list": [{"import": 7062, "export": 0, "id": "-"}], "world_import": 7062, "world_export": 0}, {"date": "2019-09-01", "list": [{"import": 0, "export": 0, "id": "-"}], "world_import": 0, "world_export": 0}, {"date": "2019-10-01", "list": [{"import": 29996, "export": 0, "id": "-"}], "world_import": 29996, "world_export": 0}, {"date": "2019-11-01", "list": [{"import": 0, "export": 0, "id": "-"}], "world_import": 0, "world_export": 0}, {"date": "2019-12-01", "list": [{"import": 19991, "export": 0, "id": "-"}], "world_import": 19991, "world_export": 0}, {"date": "2020-01-01", "list": [{"import": 11359, "export": 0, "id": "-"}], "world_import": 11359, "world_export": 0}, {"date": "2020-02-01", "list": [{"import": 19726, "export": 0, "id": "-"}], "world_import": 19726, "world_export": 0}, {"date": "2020-03-01", "list": [{"import": 19726, "export": 0, "id": "-"}], "world_import": 19726, "world_export": 0}, {"date": "2020-04-01", "list": [{"import": 0, "export": 0, "id": "-"}], "world_import": 0, "world_export": 0}]