[{"date": "2018-05-01", "list": [{"import": 0, "export": 1646, "id": "CL"}], "world_import": 0, "world_export": 1646}, {"date": "2018-06-01", "list": [{"import": 0, "export": 3700, "id": "CL"}], "world_import": 0, "world_export": 3700}, {"date": "2018-07-01", "list": [{"import": 0, "export": 1457, "id": "CL"}], "world_import": 0, "world_export": 1457}, {"date": "2018-08-01", "list": [{"import": 0, "export": 3250, "id": "CL"}], "world_import": 0, "world_export": 3250}, {"date": "2018-09-01", "list": [{"import": 0, "export": 3500, "id": "CL"}], "world_import": 0, "world_export": 3500}, {"date": "2018-10-01", "list": [{"import": 0, "export": 0, "id": "CL"}], "world_import": 0, "world_export": 0}, {"date": "2018-11-01", "list": [{"import": 0, "export": 4500, "id": "CL"}], "world_import": 0, "world_export": 4500}, {"date": "2018-12-01", "list": [{"import": 0, "export": 0, "id": "CL"}], "world_import": 0, "world_export": 0}, {"date": "2019-01-01", "list": [{"import": 0, "export": 52135, "id": "CL"}], "world_import": 0, "world_export": 52135}, {"date": "2019-02-01", "list": [{"import": 0, "export": 50400, "id": "CL"}], "world_import": 0, "world_export": 50400}, {"date": "2019-03-01", "list": [{"import": 0, "export": 96150, "id": "CL"}], "world_import": 0, "world_export": 96150}, {"date": "2019-04-01", "list": [{"import": 0, "export": 7700, "id": "CL"}], "world_import": 0, "world_export": 7700}, {"date": "2019-05-01", "list": [{"import": 0, "export": 0, "id": "CL"}], "world_import": 0, "world_export": 0}, {"date": "2019-06-01", "list": [{"import": 0, "export": 15080, "id": "CL"}], "world_import": 0, "world_export": 15080}, {"date": "2019-07-01", "list": [{"import": 0, "export": 0, "id": "CL"}], "world_import": 0, "world_export": 0}, {"date": "2019-08-01", "list": [{"import": 0, "export": 25200, "id": "CL"}], "world_import": 0, "world_export": 25200}, {"date": "2019-09-01", "list": [{"import": 0, "export": 0, "id": "CL"}], "world_import": 0, "world_export": 0}, {"date": "2019-10-01", "list": [{"import": 0, "export": 0, "id": "CL"}], "world_import": 0, "world_export": 0}]