[{"date": "2018-10-01", "list": [{"import": 128312, "export": 0, "id": "IT"}, {"import": 0, "export": 0, "id": "DK"}, {"import": 0, "export": 0, "id": "FR"}, {"import": 500, "export": 0, "id": "DE"}, {"import": 0, "export": 0, "id": "BE"}, {"import": 0, "export": 0, "id": "NL"}, {"import": 0, "export": 0, "id": "NO"}, {"import": 0, "export": 0, "id": "IN"}, {"import": 0, "export": 0, "id": "TH"}, {"import": 0, "export": 0, "id": "GB"}, {"import": 0, "export": 0, "id": "US"}, {"import": 0, "export": 0, "id": "FI"}, {"import": 0, "export": 0, "id": "IS"}, {"import": 0, "export": 730, "id": "-"}], "world_import": 128812, "world_export": 730}, {"date": "2018-11-01", "list": [{"import": 96330, "export": 0, "id": "IT"}, {"import": 0, "export": 0, "id": "DK"}, {"import": 0, "export": 0, "id": "FR"}, {"import": 1600, "export": 0, "id": "DE"}, {"import": 0, "export": 0, "id": "BE"}, {"import": 0, "export": 0, "id": "NL"}, {"import": 0, "export": 0, "id": "NO"}, {"import": 0, "export": 0, "id": "IN"}, {"import": 0, "export": 0, "id": "TH"}, {"import": 0, "export": 0, "id": "GB"}, {"import": 0, "export": 0, "id": "US"}, {"import": 0, "export": 0, "id": "FI"}, {"import": 0, "export": 0, "id": "IS"}, {"import": 0, "export": 730, "id": "-"}], "world_import": 97930, "world_export": 730}, {"date": "2018-12-01", "list": [{"import": 0, "export": 0, "id": "IT"}, {"import": 0, "export": 0, "id": "DK"}, {"import": 0, "export": 0, "id": "FR"}, {"import": 0, "export": 0, "id": "DE"}, {"import": 0, "export": 0, "id": "BE"}, {"import": 35, "export": 0, "id": "NL"}, {"import": 0, "export": 0, "id": "NO"}, {"import": 0, "export": 0, "id": "IN"}, {"import": 0, "export": 0, "id": "TH"}, {"import": 0, "export": 0, "id": "GB"}, {"import": 27, "export": 0, "id": "US"}, {"import": 0, "export": 0, "id": "FI"}, {"import": 0, "export": 0, "id": "IS"}, {"import": 0, "export": 650, "id": "-"}], "world_import": 62, "world_export": 650}, {"date": "2019-01-01", "list": [{"import": 62832, "export": 0, "id": "IT"}, {"import": 0, "export": 0, "id": "DK"}, {"import": 0, "export": 0, "id": "FR"}, {"import": 0, "export": 0, "id": "DE"}, {"import": 0, "export": 0, "id": "BE"}, {"import": 1929, "export": 0, "id": "NL"}, {"import": 0, "export": 0, "id": "NO"}, {"import": 0, "export": 0, "id": "IN"}, {"import": 0, "export": 0, "id": "TH"}, {"import": 0, "export": 0, "id": "GB"}, {"import": 0, "export": 0, "id": "US"}, {"import": 0, "export": 0, "id": "FI"}, {"import": 0, "export": 0, "id": "IS"}, {"import": 0, "export": 660, "id": "-"}], "world_import": 64761, "world_export": 660}, {"date": "2019-02-01", "list": [{"import": 62760, "export": 0, "id": "IT"}, {"import": 0, "export": 0, "id": "DK"}, {"import": 0, "export": 0, "id": "FR"}, {"import": 0, "export": 0, "id": "DE"}, {"import": 0, "export": 0, "id": "BE"}, {"import": 0, "export": 0, "id": "NL"}, {"import": 0, "export": 0, "id": "NO"}, {"import": 1, "export": 1, "id": "IN"}, {"import": 0, "export": 0, "id": "TH"}, {"import": 0, "export": 0, "id": "GB"}, {"import": 5, "export": 3, "id": "US"}, {"import": 0, "export": 0, "id": "FI"}, {"import": 0, "export": 0, "id": "IS"}, {"import": 0, "export": 670, "id": "-"}], "world_import": 62766, "world_export": 674}, {"date": "2019-03-01", "list": [{"import": 87620, "export": 0, "id": "IT"}, {"import": 0, "export": 0, "id": "DK"}, {"import": 0, "export": 0, "id": "FR"}, {"import": 0, "export": 0, "id": "DE"}, {"import": 0, "export": 0, "id": "BE"}, {"import": 270, "export": 0, "id": "NL"}, {"import": 0, "export": 0, "id": "NO"}, {"import": 0, "export": 0, "id": "IN"}, {"import": 0, "export": 0, "id": "TH"}, {"import": 0, "export": 0, "id": "GB"}, {"import": 0, "export": 0, "id": "US"}, {"import": 0, "export": 0, "id": "FI"}, {"import": 0, "export": 0, "id": "IS"}, {"import": 0, "export": 880, "id": "-"}], "world_import": 87890, "world_export": 880}, {"date": "2019-04-01", "list": [{"import": 50820, "export": 0, "id": "IT"}, {"import": 0, "export": 0, "id": "DK"}, {"import": 0, "export": 0, "id": "FR"}, {"import": 0, "export": 0, "id": "DE"}, {"import": 0, "export": 0, "id": "BE"}, {"import": 2566, "export": 0, "id": "NL"}, {"import": 0, "export": 195, "id": "NO"}, {"import": 0, "export": 0, "id": "IN"}, {"import": 0, "export": 0, "id": "TH"}, {"import": 0, "export": 0, "id": "GB"}, {"import": 0, "export": 0, "id": "US"}, {"import": 0, "export": 0, "id": "FI"}, {"import": 0, "export": 0, "id": "IS"}, {"import": 0, "export": 665, "id": "-"}], "world_import": 53386, "world_export": 860}, {"date": "2019-05-01", "list": [{"import": 44800, "export": 0, "id": "IT"}, {"import": 0, "export": 0, "id": "DK"}, {"import": 0, "export": 0, "id": "FR"}, {"import": 0, "export": 0, "id": "DE"}, {"import": 0, "export": 0, "id": "BE"}, {"import": 325, "export": 0, "id": "NL"}, {"import": 0, "export": 0, "id": "NO"}, {"import": 0, "export": 0, "id": "IN"}, {"import": 0, "export": 0, "id": "TH"}, {"import": 0, "export": 0, "id": "GB"}, {"import": 0, "export": 0, "id": "US"}, {"import": 0, "export": 0, "id": "FI"}, {"import": 0, "export": 0, "id": "IS"}, {"import": 0, "export": 765, "id": "-"}], "world_import": 45125, "world_export": 765}, {"date": "2019-06-01", "list": [{"import": 0, "export": 0, "id": "IT"}, {"import": 0, "export": 0, "id": "DK"}, {"import": 0, "export": 0, "id": "FR"}, {"import": 6998, "export": 0, "id": "DE"}, {"import": 0, "export": 0, "id": "BE"}, {"import": 0, "export": 0, "id": "NL"}, {"import": 0, "export": 0, "id": "NO"}, {"import": 0, "export": 0, "id": "IN"}, {"import": 0, "export": 0, "id": "TH"}, {"import": 0, "export": 0, "id": "GB"}, {"import": 0, "export": 0, "id": "US"}, {"import": 0, "export": 0, "id": "FI"}, {"import": 0, "export": 0, "id": "IS"}, {"import": 0, "export": 0, "id": "-"}], "world_import": 6998, "world_export": 0}, {"date": "2019-07-01", "list": [{"import": 0, "export": 0, "id": "IT"}, {"import": 0, "export": 0, "id": "DK"}, {"import": 0, "export": 0, "id": "FR"}, {"import": 0, "export": 0, "id": "DE"}, {"import": 0, "export": 0, "id": "BE"}, {"import": 0, "export": 0, "id": "NL"}, {"import": 0, "export": 0, "id": "NO"}, {"import": 0, "export": 0, "id": "IN"}, {"import": 0, "export": 0, "id": "TH"}, {"import": 0, "export": 0, "id": "GB"}, {"import": 0, "export": 0, "id": "US"}, {"import": 0, "export": 0, "id": "FI"}, {"import": 0, "export": 0, "id": "IS"}, {"import": 0, "export": 0, "id": "-"}], "world_import": 0, "world_export": 0}, {"date": "2019-08-01", "list": [{"import": 0, "export": 0, "id": "IT"}, {"import": 0, "export": 0, "id": "DK"}, {"import": 0, "export": 0, "id": "FR"}, {"import": 0, "export": 0, "id": "DE"}, {"import": 0, "export": 0, "id": "BE"}, {"import": 2100, "export": 0, "id": "NL"}, {"import": 0, "export": 0, "id": "NO"}, {"import": 0, "export": 0, "id": "IN"}, {"import": 0, "export": 0, "id": "TH"}, {"import": 0, "export": 0, "id": "GB"}, {"import": 0, "export": 0, "id": "US"}, {"import": 0, "export": 0, "id": "FI"}, {"import": 0, "export": 0, "id": "IS"}, {"import": 0, "export": 0, "id": "-"}], "world_import": 2100, "world_export": 0}, {"date": "2019-09-01", "list": [{"import": 28040, "export": 0, "id": "IT"}, {"import": 0, "export": 0, "id": "DK"}, {"import": 0, "export": 0, "id": "FR"}, {"import": 0, "export": 0, "id": "DE"}, {"import": 0, "export": 0, "id": "BE"}, {"import": 0, "export": 0, "id": "NL"}, {"import": 0, "export": 0, "id": "NO"}, {"import": 0, "export": 0, "id": "IN"}, {"import": 0, "export": 0, "id": "TH"}, {"import": 0, "export": 0, "id": "GB"}, {"import": 0, "export": 0, "id": "US"}, {"import": 0, "export": 318, "id": "FI"}, {"import": 0, "export": 0, "id": "IS"}, {"import": 0, "export": 0, "id": "-"}], "world_import": 28040, "world_export": 318}, {"date": "2019-10-01", "list": [{"import": 0, "export": 0, "id": "IT"}, {"import": 0, "export": 0, "id": "DK"}, {"import": 0, "export": 0, "id": "FR"}, {"import": 0, "export": 0, "id": "DE"}, {"import": 0, "export": 0, "id": "BE"}, {"import": 1629, "export": 0, "id": "NL"}, {"import": 0, "export": 0, "id": "NO"}, {"import": 0, "export": 0, "id": "IN"}, {"import": 0, "export": 0, "id": "TH"}, {"import": 0, "export": 0, "id": "GB"}, {"import": 0, "export": 0, "id": "FI"}, {"import": 0, "export": 0, "id": "IS"}, {"import": 0, "export": 0, "id": "-"}, {"import": 0, "export": 2, "id": "US"}], "world_import": 1629, "world_export": 2}, {"date": "2019-11-01", "list": [{"import": 0, "export": 0, "id": "IT"}, {"import": 0, "export": 0, "id": "DK"}, {"import": 0, "export": 0, "id": "FR"}, {"import": 0, "export": 0, "id": "DE"}, {"import": 0, "export": 0, "id": "BE"}, {"import": 0, "export": 0, "id": "NL"}, {"import": 0, "export": 0, "id": "NO"}, {"import": 0, "export": 0, "id": "IN"}, {"import": 5, "export": 1, "id": "TH"}, {"import": 0, "export": 0, "id": "GB"}, {"import": 0, "export": 0, "id": "US"}, {"import": 0, "export": 0, "id": "FI"}, {"import": 0, "export": 0, "id": "IS"}, {"import": 0, "export": 0, "id": "-"}], "world_import": 5, "world_export": 1}, {"date": "2019-12-01", "list": [{"import": 25134, "export": 0, "id": "IT"}, {"import": 0, "export": 0, "id": "DK"}, {"import": 0, "export": 0, "id": "FR"}, {"import": 0, "export": 0, "id": "DE"}, {"import": 0, "export": 0, "id": "BE"}, {"import": 3264, "export": 0, "id": "NL"}, {"import": 0, "export": 0, "id": "NO"}, {"import": 0, "export": 0, "id": "IN"}, {"import": 0, "export": 0, "id": "TH"}, {"import": 0, "export": 0, "id": "GB"}, {"import": 0, "export": 0, "id": "US"}, {"import": 0, "export": 520, "id": "FI"}, {"import": 0, "export": 358, "id": "IS"}, {"import": 0, "export": 0, "id": "-"}], "world_import": 28398, "world_export": 878}, {"date": "2020-01-01", "list": [{"import": 0, "export": 0, "id": "IT"}, {"import": 0, "export": 0, "id": "DK"}, {"import": 3990, "export": 0, "id": "FR"}, {"import": 0, "export": 0, "id": "DE"}, {"import": 0, "export": 0, "id": "BE"}, {"import": 2776, "export": 0, "id": "NL"}, {"import": 0, "export": 0, "id": "NO"}, {"import": 0, "export": 0, "id": "IN"}, {"import": 0, "export": 0, "id": "TH"}, {"import": 19495, "export": 0, "id": "GB"}, {"import": 81, "export": 20, "id": "US"}, {"import": 0, "export": 0, "id": "FI"}, {"import": 0, "export": 200, "id": "IS"}, {"import": 0, "export": 0, "id": "-"}], "world_import": 26342, "world_export": 220}, {"date": "2020-02-01", "list": [{"import": 25314, "export": 0, "id": "IT"}, {"import": 0, "export": 0, "id": "DK"}, {"import": 0, "export": 0, "id": "FR"}, {"import": 3200, "export": 0, "id": "DE"}, {"import": 0, "export": 0, "id": "BE"}, {"import": 0, "export": 0, "id": "NL"}, {"import": 0, "export": 0, "id": "NO"}, {"import": 0, "export": 0, "id": "IN"}, {"import": 0, "export": 0, "id": "TH"}, {"import": 43200, "export": 0, "id": "GB"}, {"import": 0, "export": 0, "id": "US"}, {"import": 0, "export": 0, "id": "FI"}, {"import": 0, "export": 0, "id": "IS"}, {"import": 0, "export": 0, "id": "-"}], "world_import": 71714, "world_export": 0}, {"date": "2020-03-01", "list": [{"import": 0, "export": 0, "id": "IT"}, {"import": 1151, "export": 0, "id": "DK"}, {"import": 0, "export": 0, "id": "FR"}, {"import": 0, "export": 0, "id": "DE"}, {"import": 1800, "export": 0, "id": "BE"}, {"import": 3240, "export": 0, "id": "NL"}, {"import": 0, "export": 0, "id": "NO"}, {"import": 0, "export": 0, "id": "IN"}, {"import": 0, "export": 0, "id": "TH"}, {"import": 0, "export": 0, "id": "GB"}, {"import": 0, "export": 0, "id": "US"}, {"import": 0, "export": 460, "id": "FI"}, {"import": 0, "export": 0, "id": "IS"}, {"import": 0, "export": 0, "id": "-"}], "world_import": 6191, "world_export": 460}]