[{"date": "2020-04-01", "list": [{"import": 1640, "export": 0, "id": "BA"}, {"import": 168, "export": 0, "id": "HR"}, {"import": 3000, "export": 0, "id": "IT"}, {"import": 1450, "export": 0, "id": "RS"}], "world_import": 6258, "world_export": 0}, {"date": "2020-05-01", "list": [{"import": 1640, "export": 0, "id": "BA"}, {"import": 840, "export": 0, "id": "IT"}, {"import": 3280, "export": 0, "id": "RS"}], "world_import": 5760, "world_export": 0}, {"date": "2020-06-01", "list": [{"import": 5600, "export": 0, "id": "BA"}, {"import": 410, "export": 0, "id": "RS"}], "world_import": 6010, "world_export": 0}, {"date": "2019-04-01", "list": [{"import": 180, "export": 0, "id": "HR"}, {"import": 3840, "export": 0, "id": "IT"}, {"import": 1063, "export": 0, "id": "RS"}], "world_import": 5083, "world_export": 0}, {"date": "2019-07-01", "list": [{"import": 225, "export": 0, "id": "HR"}, {"import": 3840, "export": 0, "id": "IT"}], "world_import": 4065, "world_export": 0}, {"date": "2019-08-01", "list": [{"import": 187, "export": 0, "id": "HR"}, {"import": 14170, "export": 0, "id": "RS"}], "world_import": 14357, "world_export": 0}, {"date": "2019-01-01", "list": [{"import": 2400, "export": 0, "id": "IT"}], "world_import": 2400, "world_export": 0}, {"date": "2019-06-01", "list": [{"import": 779, "export": 0, "id": "IT"}, {"import": 3566, "export": 0, "id": "RS"}, {"import": 587, "export": 0, "id": "SI"}], "world_import": 4932, "world_export": 0}, {"date": "2019-09-01", "list": [{"import": 2400, "export": 0, "id": "IT"}, {"import": 2000, "export": 0, "id": "RS"}], "world_import": 4400, "world_export": 0}, {"date": "2019-11-01", "list": [{"import": 840, "export": 0, "id": "IT"}, {"import": 5194, "export": 0, "id": "RS"}, {"import": 384, "export": 0, "id": "SI"}], "world_import": 6418, "world_export": 0}, {"date": "2019-12-01", "list": [{"import": 3000, "export": 0, "id": "IT"}, {"import": 4100, "export": 0, "id": "RS"}, {"import": 384, "export": 0, "id": "SI"}], "world_import": 7484, "world_export": 0}, {"date": "2020-02-01", "list": [{"import": 3600, "export": 0, "id": "IT"}, {"import": 730, "export": 0, "id": "RS"}], "world_import": 4330, "world_export": 0}, {"date": "2019-02-01", "list": [{"import": 2294, "export": 0, "id": "RS"}], "world_import": 2294, "world_export": 0}, {"date": "2019-03-01", "list": [{"import": 17645, "export": 0, "id": "RS"}, {"import": 384, "export": 0, "id": "SI"}], "world_import": 18029, "world_export": 0}, {"date": "2019-05-01", "list": [{"import": 3370, "export": 0, "id": "RS"}], "world_import": 3370, "world_export": 0}, {"date": "2019-10-01", "list": [{"import": 11760, "export": 0, "id": "RS"}, {"import": 384, "export": 0, "id": "SI"}], "world_import": 12144, "world_export": 0}, {"date": "2020-03-01", "list": [{"import": 2000, "export": 0, "id": "RS"}], "world_import": 2000, "world_export": 0}]