[{"date": "2019-01-01", "list": [{"import": 837, "export": 0, "id": "BE"}, {"import": 1500, "export": 0, "id": "IT"}, {"import": 65500, "export": 0, "id": "IN"}, {"import": 48000, "export": 0, "id": "TH"}, {"import": 7473, "export": 0, "id": "AE"}, {"import": 420000, "export": 0, "id": "ZM"}], "world_import": 543310, "world_export": 0}, {"date": "2019-02-01", "list": [{"import": 2394, "export": 0, "id": "BE"}, {"import": 40, "export": 0, "id": "PK"}, {"import": 46960, "export": 0, "id": "IN"}, {"import": 455, "export": 0, "id": "ZA"}, {"import": 17820000, "export": 0, "id": "TH"}, {"import": 7492, "export": 0, "id": "AE"}, {"import": 417000, "export": 0, "id": "ZM"}], "world_import": 18294341, "world_export": 0}, {"date": "2019-04-01", "list": [{"import": 1745, "export": 0, "id": "BE"}, {"import": 12000000, "export": 0, "id": "CN"}, {"import": 76900, "export": 0, "id": "IN"}, {"import": 4129, "export": 0, "id": "ZA"}, {"import": 12410000, "export": 0, "id": "TH"}, {"import": 610000, "export": 0, "id": "ZM"}], "world_import": 25102774, "world_export": 0}, {"date": "2019-05-01", "list": [{"import": 1260, "export": 0, "id": "BE"}, {"import": 13000000, "export": 0, "id": "CN"}, {"import": 35, "export": 0, "id": "PK"}, {"import": 1000, "export": 0, "id": "IN"}, {"import": 6207, "export": 0, "id": "ZA"}, {"import": 27148050, "export": 0, "id": "TH"}, {"import": 929, "export": 0, "id": "AE"}, {"import": 500, "export": 0, "id": "TR"}, {"import": 334000, "export": 0, "id": "ZM"}], "world_import": 40491981, "world_export": 0}, {"date": "2019-07-01", "list": [{"import": 912, "export": 0, "id": "BE"}, {"import": 2150000, "export": 0, "id": "CN"}, {"import": 18050, "export": 0, "id": "IN"}, {"import": 32467, "export": 0, "id": "ZA"}, {"import": 401, "export": 0, "id": "AE"}, {"import": 477000, "export": 0, "id": "ZM"}], "world_import": 2678830, "world_export": 0}, {"date": "2019-08-01", "list": [{"import": 732, "export": 0, "id": "BE"}, {"import": 1356, "export": 0, "id": "GR"}, {"import": 29900, "export": 0, "id": "IN"}, {"import": 15048001, "export": 0, "id": "TH"}, {"import": 10005, "export": 0, "id": "GB"}, {"import": 494000, "export": 0, "id": "ZM"}], "world_import": 15583994, "world_export": 0}, {"date": "2019-09-01", "list": [{"import": 1054, "export": 0, "id": "BE"}, {"import": 10000000, "export": 0, "id": "CN"}, {"import": 1800, "export": 0, "id": "IT"}, {"import": 4450, "export": 0, "id": "IN"}, {"import": 25844, "export": 0, "id": "ZA"}, {"import": 10905626, "export": 0, "id": "TH"}, {"import": 337000, "export": 0, "id": "ZM"}], "world_import": 21275774, "world_export": 0}, {"date": "2019-10-01", "list": [{"import": 422, "export": 0, "id": "BE"}, {"import": 65500, "export": 0, "id": "IN"}, {"import": 769, "export": 0, "id": "ZA"}, {"import": 344000, "export": 0, "id": "ZM"}], "world_import": 410691, "world_export": 0}, {"date": "2019-11-01", "list": [{"import": 943, "export": 0, "id": "BE"}, {"import": 28400, "export": 0, "id": "IN"}, {"import": 926, "export": 0, "id": "ZA"}, {"import": 12996125, "export": 0, "id": "TH"}, {"import": 861000, "export": 0, "id": "ZM"}], "world_import": 13887394, "world_export": 0}, {"date": "2019-12-01", "list": [{"import": 3004, "export": 0, "id": "BE"}, {"import": 50830, "export": 0, "id": "IN"}, {"import": 997140, "export": 0, "id": "ZA"}, {"import": 9568000, "export": 0, "id": "TH"}, {"import": 4897, "export": 0, "id": "AE"}, {"import": 506000, "export": 0, "id": "ZM"}], "world_import": 11129871, "world_export": 0}, {"date": "2020-01-01", "list": [{"import": 2057, "export": 0, "id": "BE"}, {"import": 48000, "export": 0, "id": "IN"}, {"import": 1989, "export": 0, "id": "ZA"}, {"import": 3271250, "export": 1, "id": "TH"}, {"import": 777000, "export": 0, "id": "ZM"}], "world_import": 4100296, "world_export": 1}, {"date": "2020-02-01", "list": [{"import": 804, "export": 0, "id": "BE"}, {"import": 34740, "export": 0, "id": "IN"}, {"import": 1661, "export": 0, "id": "ZA"}, {"import": 6298000, "export": 0, "id": "TH"}, {"import": 1323, "export": 0, "id": "AE"}, {"import": 928000, "export": 0, "id": "ZM"}], "world_import": 7264528, "world_export": 0}, {"date": "2020-03-01", "list": [{"import": 537, "export": 0, "id": "BE"}, {"import": 1061, "export": 0, "id": "ZA"}, {"import": 24317000, "export": 0, "id": "TH"}, {"import": 780890, "export": 0, "id": "ZM"}], "world_import": 25099488, "world_export": 0}, {"date": "2020-04-01", "list": [{"import": 1564, "export": 0, "id": "BE"}, {"import": 25778, "export": 0, "id": "ZA"}, {"import": 72000, "export": 0, "id": "TH"}], "world_import": 99342, "world_export": 0}, {"date": "2020-07-01", "list": [{"import": 2274, "export": 0, "id": "BE"}, {"import": 12000000, "export": 0, "id": "CN"}, {"import": 201574, "export": 0, "id": "ZA"}, {"import": 1169000, "export": 0, "id": "TH"}], "world_import": 13372848, "world_export": 0}, {"date": "2020-05-01", "list": [{"import": 12000000, "export": 0, "id": "CN"}, {"import": 1480, "export": 0, "id": "ZA"}, {"import": 208000, "export": 0, "id": "TH"}, {"import": 0, "export": 32, "id": "BE"}], "world_import": 12209480, "world_export": 32}, {"date": "2020-08-01", "list": [{"import": 12000000, "export": 0, "id": "CN"}, {"import": 54818, "export": 0, "id": "ZA"}, {"import": 572000, "export": 0, "id": "TH"}], "world_import": 12626818, "world_export": 0}, {"date": "2020-06-01", "list": [{"import": 426, "export": 0, "id": "ZA"}, {"import": 13900000, "export": 0, "id": "TH"}], "world_import": 13900426, "world_export": 0}]