[{"date": "2017-05-01", "list": [{"import": 0, "export": 0, "id": "IT"}, {"import": 0, "export": 0, "id": "IN"}, {"import": 0, "export": 0, "id": "AE"}], "world_import": 0, "world_export": 0}, {"date": "2017-06-01", "list": [{"import": 0, "export": 0, "id": "IT"}, {"import": 0, "export": 0, "id": "IN"}, {"import": 0, "export": 0, "id": "AE"}], "world_import": 0, "world_export": 0}, {"date": "2017-07-01", "list": [{"import": 0, "export": 0, "id": "IT"}, {"import": 2000, "export": 0, "id": "IN"}, {"import": 0, "export": 0, "id": "AE"}], "world_import": 2000, "world_export": 0}, {"date": "2017-08-01", "list": [{"import": 0, "export": 0, "id": "IT"}, {"import": 1000, "export": 0, "id": "IN"}, {"import": 0, "export": 0, "id": "AE"}], "world_import": 1000, "world_export": 0}, {"date": "2017-09-01", "list": [{"import": 0, "export": 0, "id": "IT"}, {"import": 0, "export": 0, "id": "IN"}, {"import": 0, "export": 0, "id": "AE"}], "world_import": 0, "world_export": 0}, {"date": "2017-10-01", "list": [{"import": 0, "export": 0, "id": "IT"}, {"import": 0, "export": 0, "id": "IN"}, {"import": 0, "export": 0, "id": "AE"}], "world_import": 0, "world_export": 0}, {"date": "2017-11-01", "list": [{"import": 0, "export": 0, "id": "IT"}, {"import": 1000, "export": 0, "id": "IN"}, {"import": 0, "export": 0, "id": "AE"}], "world_import": 1000, "world_export": 0}, {"date": "2017-12-01", "list": [{"import": 200, "export": 0, "id": "IT"}, {"import": 1020, "export": 0, "id": "IN"}, {"import": 0, "export": 0, "id": "AE"}], "world_import": 1220, "world_export": 0}, {"date": "2018-01-01", "list": [{"import": 0, "export": 0, "id": "IT"}, {"import": 0, "export": 0, "id": "IN"}, {"import": 0, "export": 0, "id": "AE"}], "world_import": 0, "world_export": 0}, {"date": "2018-02-01", "list": [{"import": 0, "export": 0, "id": "IT"}, {"import": 0, "export": 0, "id": "IN"}, {"import": 0, "export": 0, "id": "AE"}], "world_import": 0, "world_export": 0}, {"date": "2018-03-01", "list": [{"import": 0, "export": 0, "id": "IT"}, {"import": 0, "export": 0, "id": "IN"}, {"import": 0, "export": 0, "id": "AE"}], "world_import": 0, "world_export": 0}, {"date": "2018-04-01", "list": [{"import": 0, "export": 0, "id": "IT"}, {"import": 0, "export": 0, "id": "IN"}, {"import": 0, "export": 0, "id": "AE"}], "world_import": 0, "world_export": 0}, {"date": "2018-05-01", "list": [{"import": 0, "export": 0, "id": "IT"}, {"import": 0, "export": 0, "id": "IN"}, {"import": 0, "export": 0, "id": "AE"}], "world_import": 0, "world_export": 0}, {"date": "2018-06-01", "list": [{"import": 0, "export": 0, "id": "IT"}, {"import": 0, "export": 0, "id": "IN"}, {"import": 0, "export": 0, "id": "AE"}], "world_import": 0, "world_export": 0}, {"date": "2018-07-01", "list": [{"import": 0, "export": 0, "id": "IT"}, {"import": 0, "export": 0, "id": "IN"}, {"import": 0, "export": 0, "id": "AE"}], "world_import": 0, "world_export": 0}, {"date": "2018-08-01", "list": [{"import": 0, "export": 0, "id": "IT"}, {"import": 0, "export": 0, "id": "IN"}, {"import": 0, "export": 0, "id": "AE"}], "world_import": 0, "world_export": 0}, {"date": "2018-09-01", "list": [{"import": 0, "export": 0, "id": "IT"}, {"import": 0, "export": 0, "id": "IN"}, {"import": 0, "export": 0, "id": "AE"}], "world_import": 0, "world_export": 0}, {"date": "2018-10-01", "list": [{"import": 0, "export": 0, "id": "IT"}, {"import": 0, "export": 0, "id": "IN"}, {"import": 120, "export": 0, "id": "AE"}], "world_import": 120, "world_export": 0}]