[{"date": "2018-11-01", "list": [{"import": 0, "export": 0, "id": "AR"}, {"import": 0, "export": 0, "id": "TH"}, {"import": 0, "export": 0, "id": "SE"}, {"import": 4277, "export": 10155, "id": "LV"}, {"import": 3632, "export": 0, "id": "IT"}, {"import": 1224, "export": 67, "id": "EE"}, {"import": 0, "export": 0, "id": "DE"}, {"import": 84, "export": 10, "id": "GB"}, {"import": 0, "export": 0, "id": "NL"}, {"import": 0, "export": 0, "id": "PK"}, {"import": 0, "export": 0, "id": "PY"}, {"import": 0, "export": 17500, "id": "PL"}, {"import": 0, "export": 0, "id": "VN"}, {"import": 0, "export": 0, "id": "ES"}, {"import": 0, "export": 0, "id": "MM"}, {"import": 0, "export": 0, "id": "KH"}, {"import": 0, "export": 0, "id": "RU"}, {"import": 0, "export": 0, "id": "UA"}, {"import": 0, "export": 0, "id": "BE"}, {"import": 0, "export": 5000, "id": "-"}], "world_import": 9217, "world_export": 32732}, {"date": "2018-12-01", "list": [{"import": 0, "export": 0, "id": "AR"}, {"import": 0, "export": 0, "id": "TH"}, {"import": 0, "export": 0, "id": "SE"}, {"import": 7490, "export": 340, "id": "LV"}, {"import": 3436, "export": 0, "id": "IT"}, {"import": 640, "export": 134, "id": "EE"}, {"import": 1155, "export": 0, "id": "DE"}, {"import": 5, "export": 70, "id": "GB"}, {"import": 0, "export": 0, "id": "NL"}, {"import": 0, "export": 0, "id": "PK"}, {"import": 0, "export": 0, "id": "PY"}, {"import": 0, "export": 19450, "id": "PL"}, {"import": 0, "export": 0, "id": "VN"}, {"import": 0, "export": 0, "id": "ES"}, {"import": 0, "export": 0, "id": "MM"}, {"import": 0, "export": 0, "id": "KH"}, {"import": 0, "export": 0, "id": "RU"}, {"import": 0, "export": 0, "id": "UA"}, {"import": 0, "export": 0, "id": "BE"}, {"import": 0, "export": 0, "id": "-"}], "world_import": 12726, "world_export": 19994}, {"date": "2019-01-01", "list": [{"import": 0, "export": 0, "id": "AR"}, {"import": 0, "export": 0, "id": "TH"}, {"import": 0, "export": 0, "id": "SE"}, {"import": 14786, "export": 84, "id": "LV"}, {"import": 360, "export": 0, "id": "IT"}, {"import": 1664, "export": 67, "id": "EE"}, {"import": 887, "export": 6000, "id": "DE"}, {"import": 0, "export": 0, "id": "GB"}, {"import": 300, "export": 0, "id": "NL"}, {"import": 50000, "export": 0, "id": "PK"}, {"import": 0, "export": 0, "id": "PY"}, {"import": 1000, "export": 23200, "id": "PL"}, {"import": 0, "export": 0, "id": "VN"}, {"import": 0, "export": 0, "id": "ES"}, {"import": 0, "export": 0, "id": "MM"}, {"import": 0, "export": 0, "id": "KH"}, {"import": 0, "export": 0, "id": "RU"}, {"import": 0, "export": 0, "id": "UA"}, {"import": 0, "export": 0, "id": "BE"}, {"import": 0, "export": 0, "id": "-"}], "world_import": 68997, "world_export": 29351}, {"date": "2019-02-01", "list": [{"import": 0, "export": 0, "id": "AR"}, {"import": 13000, "export": 0, "id": "TH"}, {"import": 0, "export": 0, "id": "SE"}, {"import": 771, "export": 1, "id": "LV"}, {"import": 6444, "export": 0, "id": "IT"}, {"import": 512, "export": 211, "id": "EE"}, {"import": 882, "export": 0, "id": "DE"}, {"import": 0, "export": 0, "id": "GB"}, {"import": 200, "export": 0, "id": "NL"}, {"import": 0, "export": 0, "id": "PK"}, {"import": 0, "export": 0, "id": "PY"}, {"import": 19, "export": 20000, "id": "PL"}, {"import": 0, "export": 0, "id": "VN"}, {"import": 0, "export": 0, "id": "ES"}, {"import": 0, "export": 0, "id": "MM"}, {"import": 0, "export": 0, "id": "KH"}, {"import": 0, "export": 0, "id": "RU"}, {"import": 0, "export": 0, "id": "UA"}, {"import": 0, "export": 0, "id": "BE"}, {"import": 0, "export": 8000, "id": "-"}], "world_import": 21828, "world_export": 28212}, {"date": "2019-03-01", "list": [{"import": 0, "export": 0, "id": "AR"}, {"import": 0, "export": 0, "id": "TH"}, {"import": 0, "export": 0, "id": "SE"}, {"import": 8372, "export": 122, "id": "LV"}, {"import": 4360, "export": 0, "id": "IT"}, {"import": 960, "export": 6874, "id": "EE"}, {"import": 1100, "export": 0, "id": "DE"}, {"import": 0, "export": 0, "id": "GB"}, {"import": 486, "export": 0, "id": "NL"}, {"import": 0, "export": 0, "id": "PK"}, {"import": 0, "export": 0, "id": "PY"}, {"import": 133, "export": 3000, "id": "PL"}, {"import": 0, "export": 0, "id": "VN"}, {"import": 0, "export": 0, "id": "ES"}, {"import": 0, "export": 0, "id": "MM"}, {"import": 0, "export": 0, "id": "KH"}, {"import": 0, "export": 216, "id": "RU"}, {"import": 0, "export": 0, "id": "UA"}, {"import": 0, "export": 0, "id": "BE"}, {"import": 0, "export": 0, "id": "-"}], "world_import": 15411, "world_export": 10212}, {"date": "2019-04-01", "list": [{"import": 0, "export": 0, "id": "AR"}, {"import": 20000, "export": 0, "id": "TH"}, {"import": 0, "export": 0, "id": "SE"}, {"import": 6961, "export": 181, "id": "LV"}, {"import": 3256, "export": 0, "id": "IT"}, {"import": 1216, "export": 211, "id": "EE"}, {"import": 691, "export": 0, "id": "DE"}, {"import": 0, "export": 0, "id": "GB"}, {"import": 0, "export": 0, "id": "NL"}, {"import": 125000, "export": 0, "id": "PK"}, {"import": 0, "export": 0, "id": "PY"}, {"import": 0, "export": 38000, "id": "PL"}, {"import": 0, "export": 0, "id": "VN"}, {"import": 0, "export": 0, "id": "ES"}, {"import": 0, "export": 0, "id": "MM"}, {"import": 0, "export": 0, "id": "KH"}, {"import": 0, "export": 0, "id": "RU"}, {"import": 0, "export": 0, "id": "UA"}, {"import": 0, "export": 0, "id": "BE"}, {"import": 0, "export": 0, "id": "-"}], "world_import": 157124, "world_export": 38392}, {"date": "2019-05-01", "list": [{"import": 0, "export": 0, "id": "AR"}, {"import": 0, "export": 0, "id": "TH"}, {"import": 0, "export": 0, "id": "SE"}, {"import": 2530, "export": 59, "id": "LV"}, {"import": 4888, "export": 0, "id": "IT"}, {"import": 704, "export": 67, "id": "EE"}, {"import": 888, "export": 3000, "id": "DE"}, {"import": 0, "export": 0, "id": "GB"}, {"import": 0, "export": 0, "id": "NL"}, {"import": 0, "export": 0, "id": "PK"}, {"import": 0, "export": 0, "id": "PY"}, {"import": 0, "export": 0, "id": "PL"}, {"import": 0, "export": 0, "id": "VN"}, {"import": 0, "export": 0, "id": "ES"}, {"import": 0, "export": 0, "id": "MM"}, {"import": 0, "export": 0, "id": "KH"}, {"import": 0, "export": 0, "id": "RU"}, {"import": 0, "export": 0, "id": "UA"}, {"import": 0, "export": 0, "id": "BE"}, {"import": 0, "export": 0, "id": "-"}], "world_import": 9010, "world_export": 3126}, {"date": "2019-06-01", "list": [{"import": 0, "export": 0, "id": "AR"}, {"import": 0, "export": 0, "id": "TH"}, {"import": 0, "export": 0, "id": "SE"}, {"import": 2493, "export": 38, "id": "LV"}, {"import": 4858, "export": 0, "id": "IT"}, {"import": 384, "export": 134, "id": "EE"}, {"import": 11, "export": 2000, "id": "DE"}, {"import": 0, "export": 0, "id": "GB"}, {"import": 0, "export": 0, "id": "NL"}, {"import": 93800, "export": 0, "id": "PK"}, {"import": 50000, "export": 0, "id": "PY"}, {"import": 0, "export": 42000, "id": "PL"}, {"import": 25000, "export": 0, "id": "VN"}, {"import": 0, "export": 0, "id": "ES"}, {"import": 0, "export": 0, "id": "MM"}, {"import": 0, "export": 0, "id": "KH"}, {"import": 0, "export": 0, "id": "RU"}, {"import": 0, "export": 0, "id": "UA"}, {"import": 0, "export": 0, "id": "BE"}, {"import": 0, "export": 0, "id": "-"}], "world_import": 176546, "world_export": 44172}, {"date": "2019-07-01", "list": [{"import": 0, "export": 0, "id": "AR"}, {"import": 0, "export": 0, "id": "TH"}, {"import": 0, "export": 0, "id": "SE"}, {"import": 5164, "export": 101, "id": "LV"}, {"import": 360, "export": 0, "id": "IT"}, {"import": 640, "export": 67, "id": "EE"}, {"import": 1687, "export": 2000, "id": "DE"}, {"import": 0, "export": 0, "id": "GB"}, {"import": 0, "export": 0, "id": "NL"}, {"import": 2200, "export": 0, "id": "PK"}, {"import": 0, "export": 0, "id": "PY"}, {"import": 6, "export": 3000, "id": "PL"}, {"import": 0, "export": 0, "id": "VN"}, {"import": 0, "export": 0, "id": "ES"}, {"import": 0, "export": 0, "id": "MM"}, {"import": 0, "export": 0, "id": "KH"}, {"import": 0, "export": 0, "id": "RU"}, {"import": 0, "export": 0, "id": "UA"}, {"import": 0, "export": 0, "id": "BE"}, {"import": 0, "export": 0, "id": "-"}], "world_import": 10057, "world_export": 5168}, {"date": "2019-08-01", "list": [{"import": 0, "export": 0, "id": "AR"}, {"import": 24000, "export": 0, "id": "TH"}, {"import": 3900, "export": 0, "id": "SE"}, {"import": 6956, "export": 294, "id": "LV"}, {"import": 540, "export": 0, "id": "IT"}, {"import": 960, "export": 67, "id": "EE"}, {"import": 884, "export": 0, "id": "DE"}, {"import": 0, "export": 0, "id": "GB"}, {"import": 0, "export": 0, "id": "NL"}, {"import": 0, "export": 0, "id": "PK"}, {"import": 0, "export": 0, "id": "PY"}, {"import": 0, "export": 24000, "id": "PL"}, {"import": 0, "export": 0, "id": "VN"}, {"import": 0, "export": 0, "id": "ES"}, {"import": 0, "export": 0, "id": "MM"}, {"import": 0, "export": 0, "id": "KH"}, {"import": 0, "export": 0, "id": "RU"}, {"import": 0, "export": 0, "id": "UA"}, {"import": 0, "export": 0, "id": "BE"}, {"import": 0, "export": 0, "id": "-"}], "world_import": 37240, "world_export": 24361}, {"date": "2019-09-01", "list": [{"import": 0, "export": 0, "id": "AR"}, {"import": 0, "export": 0, "id": "TH"}, {"import": 576, "export": 0, "id": "SE"}, {"import": 4799, "export": 60, "id": "LV"}, {"import": 2270, "export": 0, "id": "IT"}, {"import": 640, "export": 261, "id": "EE"}, {"import": 1050, "export": 0, "id": "DE"}, {"import": 0, "export": 0, "id": "GB"}, {"import": 0, "export": 0, "id": "NL"}, {"import": 0, "export": 0, "id": "PK"}, {"import": 0, "export": 0, "id": "PY"}, {"import": 5000, "export": 0, "id": "PL"}, {"import": 0, "export": 0, "id": "VN"}, {"import": 0, "export": 0, "id": "ES"}, {"import": 0, "export": 0, "id": "MM"}, {"import": 0, "export": 0, "id": "KH"}, {"import": 0, "export": 0, "id": "RU"}, {"import": 0, "export": 0, "id": "UA"}, {"import": 0, "export": 0, "id": "BE"}, {"import": 0, "export": 0, "id": "-"}], "world_import": 14335, "world_export": 321}, {"date": "2019-10-01", "list": [{"import": 50000, "export": 0, "id": "AR"}, {"import": 0, "export": 0, "id": "TH"}, {"import": 0, "export": 0, "id": "SE"}, {"import": 8301, "export": 26, "id": "LV"}, {"import": 6332, "export": 0, "id": "IT"}, {"import": 448, "export": 0, "id": "EE"}, {"import": 884, "export": 0, "id": "DE"}, {"import": 63, "export": 11, "id": "GB"}, {"import": 0, "export": 0, "id": "NL"}, {"import": 3500, "export": 0, "id": "PK"}, {"import": 0, "export": 0, "id": "PY"}, {"import": 0, "export": 35769, "id": "PL"}, {"import": 25000, "export": 0, "id": "VN"}, {"import": 0, "export": 0, "id": "ES"}, {"import": 0, "export": 0, "id": "MM"}, {"import": 0, "export": 0, "id": "KH"}, {"import": 0, "export": 0, "id": "RU"}, {"import": 0, "export": 0, "id": "UA"}, {"import": 0, "export": 0, "id": "BE"}, {"import": 0, "export": 0, "id": "-"}], "world_import": 94528, "world_export": 35806}, {"date": "2019-11-01", "list": [{"import": 0, "export": 0, "id": "AR"}, {"import": 12350, "export": 0, "id": "TH"}, {"import": 0, "export": 0, "id": "SE"}, {"import": 5904, "export": 109, "id": "LV"}, {"import": 1883, "export": 0, "id": "IT"}, {"import": 704, "export": 134, "id": "EE"}, {"import": 1768, "export": 0, "id": "DE"}, {"import": 0, "export": 0, "id": "GB"}, {"import": 0, "export": 0, "id": "NL"}, {"import": 0, "export": 0, "id": "PK"}, {"import": 0, "export": 0, "id": "PY"}, {"import": 0, "export": 11500, "id": "PL"}, {"import": 0, "export": 0, "id": "VN"}, {"import": 50, "export": 1000, "id": "ES"}, {"import": 0, "export": 0, "id": "MM"}, {"import": 0, "export": 0, "id": "KH"}, {"import": 0, "export": 897, "id": "RU"}, {"import": 0, "export": 0, "id": "UA"}, {"import": 0, "export": 0, "id": "BE"}, {"import": 0, "export": 3000, "id": "-"}], "world_import": 22659, "world_export": 16640}, {"date": "2019-12-01", "list": [{"import": 0, "export": 0, "id": "AR"}, {"import": 0, "export": 0, "id": "TH"}, {"import": 0, "export": 0, "id": "SE"}, {"import": 9203, "export": 63, "id": "LV"}, {"import": 3468, "export": 0, "id": "IT"}, {"import": 384, "export": 0, "id": "EE"}, {"import": 0, "export": 0, "id": "DE"}, {"import": 0, "export": 0, "id": "GB"}, {"import": 0, "export": 0, "id": "NL"}, {"import": 50000, "export": 0, "id": "PK"}, {"import": 0, "export": 0, "id": "PY"}, {"import": 0, "export": 3978, "id": "PL"}, {"import": 0, "export": 0, "id": "VN"}, {"import": 0, "export": 0, "id": "ES"}, {"import": 25000, "export": 0, "id": "MM"}, {"import": 0, "export": 0, "id": "KH"}, {"import": 0, "export": 240, "id": "RU"}, {"import": 0, "export": 0, "id": "UA"}, {"import": 0, "export": 0, "id": "BE"}, {"import": 0, "export": 0, "id": "-"}], "world_import": 88055, "world_export": 4281}, {"date": "2020-01-01", "list": [{"import": 50000, "export": 0, "id": "AR"}, {"import": 0, "export": 0, "id": "TH"}, {"import": 0, "export": 0, "id": "SE"}, {"import": 7123, "export": 82, "id": "LV"}, {"import": 4636, "export": 0, "id": "IT"}, {"import": 832, "export": 67, "id": "EE"}, {"import": 882, "export": 0, "id": "DE"}, {"import": 88, "export": 70, "id": "GB"}, {"import": 0, "export": 0, "id": "NL"}, {"import": 50000, "export": 0, "id": "PK"}, {"import": 0, "export": 0, "id": "PY"}, {"import": 1, "export": 44688, "id": "PL"}, {"import": 0, "export": 0, "id": "VN"}, {"import": 205, "export": 0, "id": "ES"}, {"import": 0, "export": 0, "id": "MM"}, {"import": 0, "export": 0, "id": "KH"}, {"import": 0, "export": 180, "id": "RU"}, {"import": 0, "export": 6000, "id": "UA"}, {"import": 0, "export": 0, "id": "BE"}, {"import": 0, "export": 0, "id": "-"}], "world_import": 113767, "world_export": 51087}, {"date": "2020-02-01", "list": [{"import": 0, "export": 0, "id": "AR"}, {"import": 0, "export": 0, "id": "TH"}, {"import": 5052, "export": 0, "id": "SE"}, {"import": 6463, "export": 85, "id": "LV"}, {"import": 388, "export": 0, "id": "IT"}, {"import": 512, "export": 134, "id": "EE"}, {"import": 1777, "export": 0, "id": "DE"}, {"import": 31, "export": 105, "id": "GB"}, {"import": 0, "export": 0, "id": "NL"}, {"import": 0, "export": 0, "id": "PK"}, {"import": 0, "export": 0, "id": "PY"}, {"import": 0, "export": 50000, "id": "PL"}, {"import": 0, "export": 0, "id": "VN"}, {"import": 0, "export": 0, "id": "ES"}, {"import": 0, "export": 0, "id": "MM"}, {"import": 25000, "export": 0, "id": "KH"}, {"import": 0, "export": 0, "id": "RU"}, {"import": 0, "export": 0, "id": "UA"}, {"import": 0, "export": 0, "id": "BE"}, {"import": 0, "export": 0, "id": "-"}], "world_import": 39223, "world_export": 50324}, {"date": "2020-03-01", "list": [{"import": 0, "export": 0, "id": "AR"}, {"import": 24000, "export": 0, "id": "TH"}, {"import": 3900, "export": 0, "id": "SE"}, {"import": 6178, "export": 216, "id": "LV"}, {"import": 5664, "export": 0, "id": "IT"}, {"import": 1040, "export": 0, "id": "EE"}, {"import": 1764, "export": 0, "id": "DE"}, {"import": 36, "export": 84, "id": "GB"}, {"import": 0, "export": 0, "id": "NL"}, {"import": 0, "export": 0, "id": "PK"}, {"import": 0, "export": 0, "id": "PY"}, {"import": 91, "export": 67000, "id": "PL"}, {"import": 0, "export": 0, "id": "VN"}, {"import": 625, "export": 0, "id": "ES"}, {"import": 0, "export": 0, "id": "MM"}, {"import": 0, "export": 0, "id": "KH"}, {"import": 0, "export": 0, "id": "RU"}, {"import": 0, "export": 0, "id": "UA"}, {"import": 0, "export": 0, "id": "BE"}, {"import": 0, "export": 2000, "id": "-"}], "world_import": 43298, "world_export": 69300}, {"date": "2020-04-01", "list": [{"import": 0, "export": 0, "id": "AR"}, {"import": 0, "export": 0, "id": "TH"}, {"import": 15960, "export": 0, "id": "SE"}, {"import": 4960, "export": 62, "id": "LV"}, {"import": 6771, "export": 0, "id": "IT"}, {"import": 0, "export": 0, "id": "EE"}, {"import": 1621, "export": 0, "id": "DE"}, {"import": 0, "export": 0, "id": "GB"}, {"import": 146, "export": 0, "id": "NL"}, {"import": 0, "export": 0, "id": "PK"}, {"import": 0, "export": 0, "id": "PY"}, {"import": 5280, "export": 0, "id": "PL"}, {"import": 0, "export": 0, "id": "VN"}, {"import": 0, "export": 0, "id": "ES"}, {"import": 0, "export": 0, "id": "MM"}, {"import": 50000, "export": 0, "id": "KH"}, {"import": 0, "export": 436, "id": "RU"}, {"import": 0, "export": 0, "id": "UA"}, {"import": 0, "export": 9766, "id": "BE"}, {"import": 0, "export": 4000, "id": "-"}], "world_import": 84738, "world_export": 14264}]