[{"date": "12-01", "list": [{"import": 1, "export": 0, "id": "-"}], "world_import": 16, "world_export": 0}, {"date": "1-01", "list": [{"import": 2, "export": 0, "id": "-"}], "world_import": 9, "world_export": 0}, {"date": "2-01", "list": [{"import": 212673, "export": 0, "id": "IT"}, {"import": 397900, "export": 0, "id": "KH"}, {"import": 432000, "export": 0, "id": "BE"}, {"import": 135548, "export": 0, "id": "PL"}, {"import": 65250, "export": 0, "id": "TH"}, {"import": 406712, "export": 0, "id": "DE"}, {"import": 72673, "export": 0, "id": "GB"}, {"import": 153240, "export": 0, "id": "PK"}, {"import": 16309, "export": 0, "id": "SE"}, {"import": 32462, "export": 0, "id": "FR"}, {"import": 93794, "export": 0, "id": "NL"}, {"import": 0, "export": 0, "id": "LA"}, {"import": 78986, "export": 0, "id": "IN"}, {"import": 0, "export": 0, "id": "IR"}, {"import": 0, "export": 0, "id": "RU"}, {"import": 240, "export": 0, "id": "ES"}, {"import": 0, "export": 0, "id": "SK"}, {"import": 9, "export": 0, "id": "NO"}, {"import": 2, "export": 0, "id": "-"}, {"import": 571, "export": 0, "id": "FI"}, {"import": 0, "export": 0, "id": "LK"}, {"import": 1020, "export": 0, "id": "AT"}, {"import": 0, "export": 0, "id": "HU"}, {"import": 23500, "export": 0, "id": "VN"}], "world_import": 2136348, "world_export": 0}, {"date": "Unnamed: 3-01", "list": [{"import": 656169, "export": 0, "id": "IT"}, {"import": 201000, "export": 0, "id": "KH"}, {"import": 414421, "export": 0, "id": "BE"}, {"import": 201559, "export": 0, "id": "PL"}, {"import": 324635, "export": 0, "id": "TH"}, {"import": 317670, "export": 0, "id": "DE"}, {"import": 0, "export": 0, "id": "GB"}, {"import": 53260, "export": 0, "id": "PK"}, {"import": 37847, "export": 0, "id": "SE"}, {"import": 29005, "export": 0, "id": "FR"}, {"import": 120666, "export": 0, "id": "NL"}, {"import": 0, "export": 0, "id": "LA"}, {"import": 115570, "export": 0, "id": "IN"}, {"import": 0, "export": 0, "id": "IR"}, {"import": 900, "export": 0, "id": "RU"}, {"import": 125243, "export": 0, "id": "ES"}, {"import": 0, "export": 0, "id": "SK"}, {"import": 5, "export": 0, "id": "NO"}, {"import": 14753, "export": 0, "id": "-"}, {"import": 555, "export": 0, "id": "FI"}, {"import": 0, "export": 0, "id": "LK"}, {"import": 22422, "export": 0, "id": "AT"}, {"import": 0, "export": 0, "id": "HU"}, {"import": 24720, "export": 0, "id": "VN"}], "world_import": 2660400, "world_export": 0}, {"date": "Unnamed: 4-01", "list": [{"import": 763127, "export": 0, "id": "IT"}, {"import": 232000, "export": 0, "id": "KH"}, {"import": 25629, "export": 0, "id": "BE"}, {"import": 200242, "export": 0, "id": "PL"}, {"import": 124880, "export": 0, "id": "TH"}, {"import": 354543, "export": 0, "id": "DE"}, {"import": 234140, "export": 0, "id": "GB"}, {"import": 147104, "export": 0, "id": "PK"}, {"import": 35801, "export": 0, "id": "SE"}, {"import": 34146, "export": 0, "id": "FR"}, {"import": 459651, "export": 0, "id": "NL"}, {"import": 0, "export": 0, "id": "LA"}, {"import": 129860, "export": 0, "id": "IN"}, {"import": 0, "export": 0, "id": "IR"}, {"import": 0, "export": 0, "id": "RU"}, {"import": 125000, "export": 0, "id": "ES"}, {"import": 0, "export": 0, "id": "SK"}, {"import": 11, "export": 0, "id": "NO"}, {"import": 0, "export": 0, "id": "-"}, {"import": 478, "export": 0, "id": "FI"}, {"import": 5600, "export": 0, "id": "LK"}, {"import": 6592, "export": 0, "id": "AT"}, {"import": 0, "export": 0, "id": "HU"}, {"import": 7490, "export": 0, "id": "VN"}], "world_import": 2886294, "world_export": 0}, {"date": "Unnamed: 5-01", "list": [{"import": 846661, "export": 0, "id": "IT"}, {"import": 575851, "export": 0, "id": "KH"}, {"import": 18748, "export": 0, "id": "BE"}, {"import": 296173, "export": 0, "id": "PL"}, {"import": 412440, "export": 0, "id": "TH"}, {"import": 344751, "export": 0, "id": "DE"}, {"import": 0, "export": 0, "id": "GB"}, {"import": 93901, "export": 0, "id": "PK"}, {"import": 23499, "export": 0, "id": "SE"}, {"import": 99857, "export": 0, "id": "FR"}, {"import": 544860, "export": 0, "id": "NL"}, {"import": 132000, "export": 0, "id": "LA"}, {"import": 44691, "export": 0, "id": "IN"}, {"import": 6000, "export": 0, "id": "IR"}, {"import": 900, "export": 0, "id": "RU"}, {"import": 125015, "export": 0, "id": "ES"}, {"import": 805, "export": 0, "id": "SK"}, {"import": 17, "export": 0, "id": "NO"}, {"import": 0, "export": 0, "id": "-"}, {"import": 736, "export": 0, "id": "FI"}, {"import": 700, "export": 0, "id": "LK"}, {"import": 6564, "export": 0, "id": "AT"}, {"import": 0, "export": 0, "id": "HU"}, {"import": 33600, "export": 0, "id": "VN"}], "world_import": 3607769, "world_export": 0}, {"date": "Unnamed: 6-01", "list": [{"import": 1055404, "export": 0, "id": "IT"}, {"import": 252000, "export": 0, "id": "KH"}, {"import": 340927, "export": 0, "id": "BE"}, {"import": 358898, "export": 0, "id": "PL"}, {"import": 126206, "export": 0, "id": "TH"}, {"import": 679153, "export": 0, "id": "DE"}, {"import": 198176, "export": 0, "id": "GB"}, {"import": 216335, "export": 0, "id": "PK"}, {"import": 27638, "export": 0, "id": "SE"}, {"import": 68074, "export": 0, "id": "FR"}, {"import": 231948, "export": 0, "id": "NL"}, {"import": 0, "export": 0, "id": "LA"}, {"import": 180984, "export": 0, "id": "IN"}, {"import": 0, "export": 0, "id": "IR"}, {"import": 901, "export": 0, "id": "RU"}, {"import": 2400, "export": 0, "id": "ES"}, {"import": 640, "export": 0, "id": "SK"}, {"import": 52, "export": 0, "id": "NO"}, {"import": 506, "export": 0, "id": "-"}, {"import": 771, "export": 0, "id": "FI"}, {"import": 0, "export": 0, "id": "LK"}, {"import": 51, "export": 0, "id": "AT"}, {"import": 0, "export": 0, "id": "HU"}, {"import": 17001, "export": 0, "id": "VN"}], "world_import": 3758065, "world_export": 0}, {"date": "Unnamed: 7-01", "list": [{"import": 303684, "export": 0, "id": "IT"}, {"import": 69002, "export": 0, "id": "KH"}, {"import": 6274, "export": 0, "id": "BE"}, {"import": 351862, "export": 0, "id": "PL"}, {"import": 40070, "export": 0, "id": "TH"}, {"import": 430685, "export": 0, "id": "DE"}, {"import": 171099, "export": 0, "id": "GB"}, {"import": 117500, "export": 0, "id": "PK"}, {"import": 10068, "export": 0, "id": "SE"}, {"import": 52200, "export": 0, "id": "FR"}, {"import": 121811, "export": 0, "id": "NL"}, {"import": 0, "export": 0, "id": "LA"}, {"import": 44000, "export": 0, "id": "IN"}, {"import": 0, "export": 0, "id": "IR"}, {"import": 0, "export": 0, "id": "RU"}, {"import": 1904, "export": 0, "id": "ES"}, {"import": 0, "export": 0, "id": "SK"}, {"import": 72, "export": 0, "id": "NO"}, {"import": 251, "export": 0, "id": "-"}, {"import": 733, "export": 0, "id": "FI"}, {"import": 5500, "export": 0, "id": "LK"}, {"import": 1557, "export": 0, "id": "AT"}, {"import": 0, "export": 0, "id": "HU"}, {"import": 13451, "export": 0, "id": "VN"}], "world_import": 1741723, "world_export": 0}, {"date": "Unnamed: 8-01", "list": [{"import": 634541, "export": 0, "id": "IT"}, {"import": 253192, "export": 0, "id": "KH"}, {"import": 239139, "export": 0, "id": "BE"}, {"import": 72773, "export": 0, "id": "PL"}, {"import": 127699, "export": 0, "id": "TH"}, {"import": 369514, "export": 0, "id": "DE"}, {"import": 72579, "export": 0, "id": "GB"}, {"import": 130740, "export": 0, "id": "PK"}, {"import": 6770, "export": 0, "id": "SE"}, {"import": 9050, "export": 0, "id": "FR"}, {"import": 145962, "export": 0, "id": "NL"}, {"import": 0, "export": 0, "id": "LA"}, {"import": 65001, "export": 0, "id": "IN"}, {"import": 0, "export": 0, "id": "IR"}, {"import": 0, "export": 0, "id": "RU"}, {"import": 7046, "export": 0, "id": "ES"}, {"import": 0, "export": 0, "id": "SK"}, {"import": 52, "export": 0, "id": "NO"}, {"import": 9, "export": 0, "id": "-"}, {"import": 0, "export": 0, "id": "FI"}, {"import": 0, "export": 0, "id": "LK"}, {"import": 0, "export": 0, "id": "AT"}, {"import": 0, "export": 0, "id": "HU"}, {"import": 56073, "export": 0, "id": "VN"}], "world_import": 2190140, "world_export": 0}, {"date": "Unnamed: 9-01", "list": [{"import": 801591, "export": 0, "id": "IT"}, {"import": 114901, "export": 0, "id": "KH"}, {"import": 445002, "export": 0, "id": "BE"}, {"import": 143705, "export": 0, "id": "PL"}, {"import": 277007, "export": 0, "id": "TH"}, {"import": 419400, "export": 0, "id": "DE"}, {"import": 388283, "export": 0, "id": "GB"}, {"import": 285623, "export": 0, "id": "PK"}, {"import": 11304, "export": 0, "id": "SE"}, {"import": 58276, "export": 0, "id": "FR"}, {"import": 166793, "export": 0, "id": "NL"}, {"import": 0, "export": 0, "id": "LA"}, {"import": 62002, "export": 0, "id": "IN"}, {"import": 0, "export": 0, "id": "IR"}, {"import": 900, "export": 0, "id": "RU"}, {"import": 0, "export": 0, "id": "ES"}, {"import": 0, "export": 0, "id": "SK"}, {"import": 96, "export": 0, "id": "NO"}, {"import": 45, "export": 0, "id": "-"}, {"import": 0, "export": 0, "id": "FI"}, {"import": 7800, "export": 0, "id": "LK"}, {"import": 0, "export": 0, "id": "AT"}, {"import": 12360, "export": 0, "id": "HU"}, {"import": 0, "export": 0, "id": "VN"}], "world_import": 3195088, "world_export": 0}, {"date": "Unnamed: 10-01", "list": [{"import": 439536, "export": 0, "id": "IT"}, {"import": 68000, "export": 0, "id": "KH"}, {"import": 405513, "export": 0, "id": "BE"}, {"import": 268890, "export": 0, "id": "PL"}, {"import": 158690, "export": 0, "id": "TH"}, {"import": 260450, "export": 0, "id": "DE"}, {"import": 48140, "export": 0, "id": "GB"}, {"import": 73335, "export": 0, "id": "PK"}, {"import": 7824, "export": 0, "id": "SE"}, {"import": 52972, "export": 0, "id": "FR"}, {"import": 19596, "export": 0, "id": "NL"}, {"import": 0, "export": 0, "id": "LA"}, {"import": 0, "export": 0, "id": "IN"}, {"import": 0, "export": 0, "id": "IR"}, {"import": 0, "export": 0, "id": "RU"}, {"import": 0, "export": 0, "id": "ES"}, {"import": 0, "export": 0, "id": "SK"}, {"import": 25, "export": 0, "id": "NO"}, {"import": 0, "export": 0, "id": "-"}, {"import": 0, "export": 0, "id": "FI"}, {"import": 0, "export": 0, "id": "LK"}, {"import": 0, "export": 0, "id": "AT"}, {"import": 0, "export": 0, "id": "HU"}, {"import": 26740, "export": 0, "id": "VN"}], "world_import": 1829711, "world_export": 0}, {"date": "Unnamed: 11-01", "list": [{"import": 465013, "export": 0, "id": "IT"}, {"import": 420000, "export": 0, "id": "KH"}, {"import": 423884, "export": 0, "id": "BE"}, {"import": 8154, "export": 0, "id": "PL"}, {"import": 205640, "export": 0, "id": "TH"}, {"import": 438415, "export": 0, "id": "DE"}, {"import": 17257, "export": 0, "id": "GB"}, {"import": 358775, "export": 0, "id": "PK"}, {"import": 38532, "export": 0, "id": "SE"}, {"import": 29873, "export": 0, "id": "FR"}, {"import": 1900, "export": 0, "id": "NL"}, {"import": 0, "export": 0, "id": "LA"}, {"import": 105340, "export": 0, "id": "IN"}, {"import": 0, "export": 0, "id": "IR"}, {"import": 0, "export": 0, "id": "RU"}, {"import": 2679, "export": 0, "id": "ES"}, {"import": 0, "export": 0, "id": "SK"}, {"import": 18, "export": 0, "id": "NO"}, {"import": 0, "export": 0, "id": "-"}, {"import": 0, "export": 0, "id": "FI"}, {"import": 7000, "export": 0, "id": "LK"}, {"import": 0, "export": 0, "id": "AT"}, {"import": 0, "export": 0, "id": "HU"}, {"import": 45000, "export": 0, "id": "VN"}], "world_import": 2567480, "world_export": 0}, {"date": "Unnamed: 12-01", "list": [{"import": 938582, "export": 0, "id": "IT"}, {"import": 524400, "export": 0, "id": "KH"}, {"import": 382959, "export": 0, "id": "BE"}, {"import": 338677, "export": 0, "id": "PL"}, {"import": 243340, "export": 0, "id": "TH"}, {"import": 266042, "export": 0, "id": "DE"}, {"import": 1098, "export": 0, "id": "GB"}, {"import": 224904, "export": 0, "id": "PK"}, {"import": 44246, "export": 0, "id": "SE"}, {"import": 34907, "export": 0, "id": "FR"}, {"import": 63440, "export": 0, "id": "NL"}, {"import": 0, "export": 0, "id": "LA"}, {"import": 16920, "export": 0, "id": "IN"}, {"import": 0, "export": 0, "id": "IR"}, {"import": 0, "export": 0, "id": "RU"}, {"import": 0, "export": 0, "id": "ES"}, {"import": 0, "export": 0, "id": "SK"}, {"import": 22, "export": 0, "id": "NO"}, {"import": 0, "export": 0, "id": "-"}, {"import": 139, "export": 0, "id": "FI"}, {"import": 0, "export": 0, "id": "LK"}, {"import": 0, "export": 0, "id": "AT"}, {"import": 0, "export": 0, "id": "HU"}, {"import": 19600, "export": 0, "id": "VN"}], "world_import": 3099276, "world_export": 0}, {"date": "Unnamed: 13-01", "list": [{"import": 775480, "export": 0, "id": "IT"}, {"import": 489000, "export": 0, "id": "KH"}, {"import": 448925, "export": 0, "id": "BE"}, {"import": 290443, "export": 0, "id": "PL"}, {"import": 247220, "export": 0, "id": "TH"}, {"import": 158298, "export": 0, "id": "DE"}, {"import": 109116, "export": 0, "id": "GB"}, {"import": 102020, "export": 0, "id": "PK"}, {"import": 50906, "export": 0, "id": "SE"}, {"import": 28599, "export": 0, "id": "FR"}, {"import": 25380, "export": 0, "id": "NL"}, {"import": 22950, "export": 0, "id": "LA"}, {"import": 20500, "export": 0, "id": "IN"}, {"import": 10000, "export": 0, "id": "IR"}, {"import": 1800, "export": 0, "id": "RU"}, {"import": 1297, "export": 0, "id": "ES"}, {"import": 541, "export": 0, "id": "SK"}, {"import": 22, "export": 0, "id": "NO"}, {"import": 12, "export": 0, "id": "-"}, {"import": 0, "export": 0, "id": "FI"}, {"import": 0, "export": 0, "id": "LK"}, {"import": 0, "export": 0, "id": "AT"}, {"import": 0, "export": 0, "id": "HU"}, {"import": 0, "export": 0, "id": "VN"}], "world_import": 2782509, "world_export": 0}, {"date": "2018-10-01", "list": [{"import": 0, "export": 37000, "id": "BE"}, {"import": 0, "export": 323316, "id": "SE"}, {"import": 0, "export": 32, "id": "GB"}, {"import": 0, "export": 2303, "id": "DE"}, {"import": 0, "export": 0, "id": "PL"}, {"import": 0, "export": 44257, "id": "GL"}, {"import": 0, "export": 18035, "id": "AT"}, {"import": 0, "export": 12554, "id": "FO"}, {"import": 0, "export": 21763, "id": "IS"}, {"import": 0, "export": 4, "id": "NL"}, {"import": 0, "export": 18259, "id": "NO"}, {"import": 0, "export": 0, "id": "IE"}, {"import": 0, "export": 17709, "id": "IT"}, {"import": 0, "export": 53, "id": "ES"}, {"import": 0, "export": 4, "id": "-"}, {"import": 0, "export": 907, "id": "FI"}, {"import": 0, "export": 228, "id": "FR"}, {"import": 0, "export": 0, "id": "GR"}, {"import": 0, "export": 340, "id": "PT"}, {"import": 0, "export": 0, "id": "RO"}, {"import": 0, "export": 0, "id": "RU"}, {"import": 0, "export": 0, "id": "US"}, {"import": 0, "export": 0, "id": "PK"}, {"import": 0, "export": 40, "id": "CH"}, {"import": 0, "export": 5, "id": "TR"}], "world_import": 0, "world_export": 496809}, {"date": "2018-11-01", "list": [{"import": 0, "export": 0, "id": "BE"}, {"import": 0, "export": 282201, "id": "SE"}, {"import": 0, "export": 0, "id": "GB"}, {"import": 0, "export": 1058, "id": "DE"}, {"import": 0, "export": 0, "id": "PL"}, {"import": 0, "export": 34072, "id": "GL"}, {"import": 0, "export": 28814, "id": "AT"}, {"import": 0, "export": 16086, "id": "FO"}, {"import": 0, "export": 10006, "id": "IS"}, {"import": 0, "export": 70, "id": "NL"}, {"import": 0, "export": 31776, "id": "NO"}, {"import": 0, "export": 0, "id": "IE"}, {"import": 0, "export": 96753, "id": "IT"}, {"import": 0, "export": 441, "id": "ES"}, {"import": 0, "export": 0, "id": "-"}, {"import": 0, "export": 11648, "id": "FI"}, {"import": 0, "export": 112565, "id": "FR"}, {"import": 0, "export": 0, "id": "GR"}, {"import": 0, "export": 0, "id": "PT"}, {"import": 0, "export": 0, "id": "RO"}, {"import": 0, "export": 345, "id": "RU"}, {"import": 0, "export": 0, "id": "US"}, {"import": 0, "export": 0, "id": "PK"}, {"import": 0, "export": 35, "id": "CH"}, {"import": 0, "export": 0, "id": "TR"}], "world_import": 0, "world_export": 625870}, {"date": "2018-12-01", "list": [{"import": 0, "export": 74000, "id": "BE"}, {"import": 0, "export": 299389, "id": "SE"}, {"import": 0, "export": 0, "id": "GB"}, {"import": 0, "export": 2803, "id": "DE"}, {"import": 0, "export": 0, "id": "PL"}, {"import": 0, "export": 15855, "id": "GL"}, {"import": 0, "export": 10474, "id": "AT"}, {"import": 0, "export": 10127, "id": "FO"}, {"import": 0, "export": 6731, "id": "IS"}, {"import": 0, "export": 0, "id": "NL"}, {"import": 0, "export": 5247, "id": "NO"}, {"import": 0, "export": 0, "id": "IE"}, {"import": 0, "export": 9390, "id": "IT"}, {"import": 0, "export": 351, "id": "ES"}, {"import": 0, "export": 0, "id": "-"}, {"import": 0, "export": 2114, "id": "FI"}, {"import": 0, "export": 60989, "id": "FR"}, {"import": 0, "export": 0, "id": "GR"}, {"import": 0, "export": 0, "id": "PT"}, {"import": 0, "export": 0, "id": "RO"}, {"import": 0, "export": 330, "id": "RU"}, {"import": 0, "export": 0, "id": "US"}, {"import": 0, "export": 75, "id": "PK"}, {"import": 0, "export": 0, "id": "CH"}, {"import": 0, "export": 7, "id": "TR"}], "world_import": 0, "world_export": 497882}, {"date": "2019-01-01", "list": [{"import": 0, "export": 125000, "id": "BE"}, {"import": 0, "export": 222214, "id": "SE"}, {"import": 0, "export": 0, "id": "GB"}, {"import": 0, "export": 231, "id": "DE"}, {"import": 0, "export": 0, "id": "PL"}, {"import": 0, "export": 8765, "id": "GL"}, {"import": 0, "export": 39055, "id": "AT"}, {"import": 0, "export": 10434, "id": "FO"}, {"import": 0, "export": 10946, "id": "IS"}, {"import": 0, "export": 64, "id": "NL"}, {"import": 0, "export": 10648, "id": "NO"}, {"import": 0, "export": 0, "id": "IE"}, {"import": 0, "export": 0, "id": "IT"}, {"import": 0, "export": 0, "id": "ES"}, {"import": 0, "export": 0, "id": "-"}, {"import": 0, "export": 0, "id": "FI"}, {"import": 0, "export": 69362, "id": "FR"}, {"import": 0, "export": 0, "id": "GR"}, {"import": 0, "export": 0, "id": "PT"}, {"import": 0, "export": 0, "id": "RO"}, {"import": 0, "export": 0, "id": "RU"}, {"import": 0, "export": 24, "id": "US"}, {"import": 0, "export": 0, "id": "PK"}, {"import": 0, "export": 0, "id": "CH"}, {"import": 0, "export": 0, "id": "TR"}], "world_import": 0, "world_export": 496743}, {"date": "2019-02-01", "list": [{"import": 0, "export": 139586, "id": "BE"}, {"import": 0, "export": 223256, "id": "SE"}, {"import": 0, "export": 0, "id": "GB"}, {"import": 0, "export": 331, "id": "DE"}, {"import": 0, "export": 0, "id": "PL"}, {"import": 0, "export": 7949, "id": "GL"}, {"import": 0, "export": 30456, "id": "AT"}, {"import": 0, "export": 9398, "id": "FO"}, {"import": 0, "export": 13419, "id": "IS"}, {"import": 0, "export": 119, "id": "NL"}, {"import": 0, "export": 7762, "id": "NO"}, {"import": 0, "export": 0, "id": "IE"}, {"import": 0, "export": 0, "id": "IT"}, {"import": 0, "export": 1375, "id": "ES"}, {"import": 0, "export": 0, "id": "-"}, {"import": 0, "export": 0, "id": "FI"}, {"import": 0, "export": 24150, "id": "FR"}, {"import": 0, "export": 0, "id": "GR"}, {"import": 0, "export": 0, "id": "PT"}, {"import": 0, "export": 0, "id": "RO"}, {"import": 0, "export": 400, "id": "RU"}, {"import": 0, "export": 24, "id": "US"}, {"import": 0, "export": 30, "id": "PK"}, {"import": 0, "export": 0, "id": "CH"}, {"import": 0, "export": 5, "id": "TR"}], "world_import": 0, "world_export": 458260}, {"date": "2019-03-01", "list": [{"import": 0, "export": 6560, "id": "BE"}, {"import": 0, "export": 206218, "id": "SE"}, {"import": 0, "export": 0, "id": "GB"}, {"import": 0, "export": 1175, "id": "DE"}, {"import": 0, "export": 0, "id": "PL"}, {"import": 0, "export": 10470, "id": "GL"}, {"import": 0, "export": 11857, "id": "AT"}, {"import": 0, "export": 9637, "id": "FO"}, {"import": 0, "export": 12506, "id": "IS"}, {"import": 0, "export": 67, "id": "NL"}, {"import": 0, "export": 1114, "id": "NO"}, {"import": 0, "export": 0, "id": "IE"}, {"import": 0, "export": 24927, "id": "IT"}, {"import": 0, "export": 30, "id": "ES"}, {"import": 0, "export": 0, "id": "-"}, {"import": 0, "export": 63, "id": "FI"}, {"import": 0, "export": 26980, "id": "FR"}, {"import": 0, "export": 0, "id": "GR"}, {"import": 0, "export": 0, "id": "PT"}, {"import": 0, "export": 0, "id": "RO"}, {"import": 0, "export": 290, "id": "RU"}, {"import": 0, "export": 0, "id": "US"}, {"import": 0, "export": 0, "id": "PK"}, {"import": 0, "export": 0, "id": "CH"}, {"import": 0, "export": 0, "id": "TR"}], "world_import": 0, "world_export": 311894}, {"date": "2019-04-01", "list": [{"import": 0, "export": 205318, "id": "BE"}, {"import": 0, "export": 272811, "id": "SE"}, {"import": 0, "export": 0, "id": "GB"}, {"import": 0, "export": 12823, "id": "DE"}, {"import": 0, "export": 0, "id": "PL"}, {"import": 0, "export": 14459, "id": "GL"}, {"import": 0, "export": 38263, "id": "AT"}, {"import": 0, "export": 8081, "id": "FO"}, {"import": 0, "export": 16643, "id": "IS"}, {"import": 0, "export": 86, "id": "NL"}, {"import": 0, "export": 8261, "id": "NO"}, {"import": 0, "export": 0, "id": "IE"}, {"import": 0, "export": 21905, "id": "IT"}, {"import": 0, "export": 19, "id": "ES"}, {"import": 0, "export": 0, "id": "-"}, {"import": 0, "export": 126, "id": "FI"}, {"import": 0, "export": 24000, "id": "FR"}, {"import": 0, "export": 0, "id": "GR"}, {"import": 0, "export": 0, "id": "PT"}, {"import": 0, "export": 0, "id": "RO"}, {"import": 0, "export": 275, "id": "RU"}, {"import": 0, "export": 0, "id": "US"}, {"import": 0, "export": 0, "id": "PK"}, {"import": 0, "export": 0, "id": "CH"}, {"import": 0, "export": 0, "id": "TR"}], "world_import": 0, "world_export": 623070}, {"date": "2019-05-01", "list": [{"import": 0, "export": 60051, "id": "BE"}, {"import": 0, "export": 163226, "id": "SE"}, {"import": 0, "export": 0, "id": "GB"}, {"import": 0, "export": 62798, "id": "DE"}, {"import": 0, "export": 0, "id": "PL"}, {"import": 0, "export": 19314, "id": "GL"}, {"import": 0, "export": 24311, "id": "AT"}, {"import": 0, "export": 8519, "id": "FO"}, {"import": 0, "export": 4490, "id": "IS"}, {"import": 0, "export": 67, "id": "NL"}, {"import": 0, "export": 4394, "id": "NO"}, {"import": 0, "export": 0, "id": "IE"}, {"import": 0, "export": 89309, "id": "IT"}, {"import": 0, "export": 26, "id": "ES"}, {"import": 0, "export": 0, "id": "-"}, {"import": 0, "export": 126, "id": "FI"}, {"import": 0, "export": 28359, "id": "FR"}, {"import": 0, "export": 0, "id": "GR"}, {"import": 0, "export": 0, "id": "PT"}, {"import": 0, "export": 194, "id": "RO"}, {"import": 0, "export": 200, "id": "RU"}, {"import": 0, "export": 0, "id": "US"}, {"import": 0, "export": 0, "id": "PK"}, {"import": 0, "export": 0, "id": "CH"}, {"import": 0, "export": 0, "id": "TR"}], "world_import": 0, "world_export": 465384}, {"date": "2019-06-01", "list": [{"import": 0, "export": 130636, "id": "BE"}, {"import": 0, "export": 191510, "id": "SE"}, {"import": 0, "export": 0, "id": "GB"}, {"import": 0, "export": 29368, "id": "DE"}, {"import": 0, "export": 0, "id": "PL"}, {"import": 0, "export": 22669, "id": "GL"}, {"import": 0, "export": 10595, "id": "AT"}, {"import": 0, "export": 8975, "id": "FO"}, {"import": 0, "export": 11087, "id": "IS"}, {"import": 0, "export": 5109, "id": "NL"}, {"import": 0, "export": 12040, "id": "NO"}, {"import": 0, "export": 0, "id": "IE"}, {"import": 0, "export": 10033, "id": "IT"}, {"import": 0, "export": 9, "id": "ES"}, {"import": 0, "export": 0, "id": "-"}, {"import": 0, "export": 63, "id": "FI"}, {"import": 0, "export": 79384, "id": "FR"}, {"import": 0, "export": 0, "id": "GR"}, {"import": 0, "export": 0, "id": "PT"}, {"import": 0, "export": 0, "id": "RO"}, {"import": 0, "export": 0, "id": "RU"}, {"import": 0, "export": 24, "id": "US"}, {"import": 0, "export": 0, "id": "PK"}, {"import": 0, "export": 0, "id": "CH"}, {"import": 0, "export": 0, "id": "TR"}], "world_import": 0, "world_export": 511502}, {"date": "2019-07-01", "list": [{"import": 0, "export": 59908, "id": "BE"}, {"import": 0, "export": 165680, "id": "SE"}, {"import": 0, "export": 0, "id": "GB"}, {"import": 0, "export": 37435, "id": "DE"}, {"import": 0, "export": 0, "id": "PL"}, {"import": 0, "export": 19553, "id": "GL"}, {"import": 0, "export": 1815, "id": "AT"}, {"import": 0, "export": 10345, "id": "FO"}, {"import": 0, "export": 16843, "id": "IS"}, {"import": 0, "export": 809, "id": "NL"}, {"import": 0, "export": 1948, "id": "NO"}, {"import": 0, "export": 0, "id": "IE"}, {"import": 0, "export": 10914, "id": "IT"}, {"import": 0, "export": 5, "id": "ES"}, {"import": 0, "export": 0, "id": "-"}, {"import": 0, "export": 130, "id": "FI"}, {"import": 0, "export": 131241, "id": "FR"}, {"import": 0, "export": 0, "id": "GR"}, {"import": 0, "export": 0, "id": "PT"}, {"import": 0, "export": 0, "id": "RO"}, {"import": 0, "export": 69, "id": "RU"}, {"import": 0, "export": 0, "id": "US"}, {"import": 0, "export": 0, "id": "PK"}, {"import": 0, "export": 0, "id": "CH"}, {"import": 0, "export": 0, "id": "TR"}], "world_import": 0, "world_export": 456695}, {"date": "2019-08-01", "list": [{"import": 0, "export": 247582, "id": "BE"}, {"import": 0, "export": 156912, "id": "SE"}, {"import": 0, "export": 0, "id": "GB"}, {"import": 0, "export": 10144, "id": "DE"}, {"import": 0, "export": 0, "id": "PL"}, {"import": 0, "export": 39252, "id": "GL"}, {"import": 0, "export": 19817, "id": "AT"}, {"import": 0, "export": 10777, "id": "FO"}, {"import": 0, "export": 10209, "id": "IS"}, {"import": 0, "export": 1047, "id": "NL"}, {"import": 0, "export": 2861, "id": "NO"}, {"import": 0, "export": 0, "id": "IE"}, {"import": 0, "export": 0, "id": "IT"}, {"import": 0, "export": 11, "id": "ES"}, {"import": 0, "export": 0, "id": "-"}, {"import": 0, "export": 63, "id": "FI"}, {"import": 0, "export": 150584, "id": "FR"}, {"import": 0, "export": 0, "id": "GR"}, {"import": 0, "export": 0, "id": "PT"}, {"import": 0, "export": 0, "id": "RO"}, {"import": 0, "export": 0, "id": "RU"}, {"import": 0, "export": 152, "id": "US"}, {"import": 0, "export": 0, "id": "PK"}, {"import": 0, "export": 0, "id": "CH"}, {"import": 0, "export": 0, "id": "TR"}], "world_import": 0, "world_export": 649411}, {"date": "2019-09-01", "list": [{"import": 0, "export": 63509, "id": "BE"}, {"import": 0, "export": 191379, "id": "SE"}, {"import": 0, "export": 0, "id": "GB"}, {"import": 0, "export": 552, "id": "DE"}, {"import": 0, "export": 0, "id": "PL"}, {"import": 0, "export": 26535, "id": "GL"}, {"import": 0, "export": 23037, "id": "AT"}, {"import": 0, "export": 11382, "id": "FO"}, {"import": 0, "export": 12478, "id": "IS"}, {"import": 0, "export": 864, "id": "NL"}, {"import": 0, "export": 4377, "id": "NO"}, {"import": 0, "export": 0, "id": "IE"}, {"import": 0, "export": 37763, "id": "IT"}, {"import": 0, "export": 17, "id": "ES"}, {"import": 0, "export": 0, "id": "-"}, {"import": 0, "export": 259, "id": "FI"}, {"import": 0, "export": 69516, "id": "FR"}, {"import": 0, "export": 0, "id": "GR"}, {"import": 0, "export": 0, "id": "PT"}, {"import": 0, "export": 0, "id": "RO"}, {"import": 0, "export": 0, "id": "RU"}, {"import": 0, "export": 32, "id": "US"}, {"import": 0, "export": 0, "id": "PK"}, {"import": 0, "export": 0, "id": "CH"}, {"import": 0, "export": 0, "id": "TR"}], "world_import": 0, "world_export": 441700}, {"date": "2019-10-01", "list": [{"import": 0, "export": 516304, "id": "BE"}, {"import": 0, "export": 211613, "id": "SE"}, {"import": 0, "export": 32, "id": "GB"}, {"import": 0, "export": 927, "id": "DE"}, {"import": 0, "export": 0, "id": "PL"}, {"import": 0, "export": 56047, "id": "GL"}, {"import": 0, "export": 16828, "id": "AT"}, {"import": 0, "export": 14794, "id": "FO"}, {"import": 0, "export": 16554, "id": "IS"}, {"import": 0, "export": 6396, "id": "NL"}, {"import": 0, "export": 9323, "id": "NO"}, {"import": 0, "export": 0, "id": "IE"}, {"import": 0, "export": 21373, "id": "IT"}, {"import": 0, "export": 110, "id": "ES"}, {"import": 0, "export": 218, "id": "-"}, {"import": 0, "export": 2016, "id": "FI"}, {"import": 0, "export": 14036, "id": "FR"}, {"import": 0, "export": 0, "id": "GR"}, {"import": 0, "export": 0, "id": "PT"}, {"import": 0, "export": 0, "id": "RO"}, {"import": 0, "export": 0, "id": "RU"}, {"import": 0, "export": 16, "id": "US"}, {"import": 0, "export": 0, "id": "PK"}, {"import": 0, "export": 0, "id": "CH"}, {"import": 0, "export": 0, "id": "TR"}], "world_import": 0, "world_export": 886587}, {"date": "2019-11-01", "list": [{"import": 0, "export": 320673, "id": "BE"}, {"import": 0, "export": 183496, "id": "SE"}, {"import": 0, "export": 0, "id": "GB"}, {"import": 0, "export": 4192, "id": "DE"}, {"import": 0, "export": 0, "id": "PL"}, {"import": 0, "export": 33107, "id": "GL"}, {"import": 0, "export": 20619, "id": "AT"}, {"import": 0, "export": 13643, "id": "FO"}, {"import": 0, "export": 23834, "id": "IS"}, {"import": 0, "export": 8236, "id": "NL"}, {"import": 0, "export": 6811, "id": "NO"}, {"import": 0, "export": 1683, "id": "IE"}, {"import": 0, "export": 10357, "id": "IT"}, {"import": 0, "export": 769, "id": "ES"}, {"import": 0, "export": 162, "id": "-"}, {"import": 0, "export": 7182, "id": "FI"}, {"import": 0, "export": 3949, "id": "FR"}, {"import": 0, "export": 0, "id": "GR"}, {"import": 0, "export": 0, "id": "PT"}, {"import": 0, "export": 0, "id": "RO"}, {"import": 0, "export": 0, "id": "RU"}, {"import": 0, "export": 0, "id": "US"}, {"import": 0, "export": 0, "id": "PK"}, {"import": 0, "export": 0, "id": "CH"}, {"import": 0, "export": 0, "id": "TR"}], "world_import": 0, "world_export": 638713}, {"date": "2019-12-01", "list": [{"import": 0, "export": 369327, "id": "BE"}, {"import": 0, "export": 189003, "id": "SE"}, {"import": 0, "export": 0, "id": "GB"}, {"import": 0, "export": 25, "id": "DE"}, {"import": 0, "export": 0, "id": "PL"}, {"import": 0, "export": 10627, "id": "GL"}, {"import": 0, "export": 18490, "id": "AT"}, {"import": 0, "export": 16952, "id": "FO"}, {"import": 0, "export": 6454, "id": "IS"}, {"import": 0, "export": 20692, "id": "NL"}, {"import": 0, "export": 2427, "id": "NO"}, {"import": 0, "export": 1804, "id": "IE"}, {"import": 0, "export": 10346, "id": "IT"}, {"import": 0, "export": 170, "id": "ES"}, {"import": 0, "export": 380, "id": "-"}, {"import": 0, "export": 1340, "id": "FI"}, {"import": 0, "export": 528, "id": "FR"}, {"import": 0, "export": 0, "id": "GR"}, {"import": 0, "export": 0, "id": "PT"}, {"import": 0, "export": 0, "id": "RO"}, {"import": 0, "export": 0, "id": "RU"}, {"import": 0, "export": 0, "id": "US"}, {"import": 0, "export": 0, "id": "PK"}, {"import": 0, "export": 0, "id": "CH"}, {"import": 0, "export": 0, "id": "TR"}], "world_import": 0, "world_export": 648565}, {"date": "2020-01-01", "list": [{"import": 0, "export": 598783, "id": "BE"}, {"import": 0, "export": 183454, "id": "SE"}, {"import": 0, "export": 951, "id": "GB"}, {"import": 0, "export": 21548, "id": "DE"}, {"import": 0, "export": 0, "id": "PL"}, {"import": 0, "export": 11299, "id": "GL"}, {"import": 0, "export": 11560, "id": "AT"}, {"import": 0, "export": 8792, "id": "FO"}, {"import": 0, "export": 16406, "id": "IS"}, {"import": 0, "export": 39858, "id": "NL"}, {"import": 0, "export": 6042, "id": "NO"}, {"import": 0, "export": 0, "id": "IE"}, {"import": 0, "export": 0, "id": "IT"}, {"import": 0, "export": 0, "id": "ES"}, {"import": 0, "export": 170, "id": "-"}, {"import": 0, "export": 0, "id": "FI"}, {"import": 0, "export": 0, "id": "FR"}, {"import": 0, "export": 0, "id": "GR"}, {"import": 0, "export": 0, "id": "PT"}, {"import": 0, "export": 0, "id": "RO"}, {"import": 0, "export": 155, "id": "RU"}, {"import": 0, "export": 0, "id": "US"}, {"import": 0, "export": 0, "id": "PK"}, {"import": 0, "export": 0, "id": "CH"}, {"import": 0, "export": 0, "id": "TR"}], "world_import": 0, "world_export": 899018}, {"date": "2020-02-01", "list": [{"import": 0, "export": 176077, "id": "BE"}, {"import": 0, "export": 228632, "id": "SE"}, {"import": 0, "export": 21548, "id": "GB"}, {"import": 0, "export": 4633, "id": "DE"}, {"import": 0, "export": 54226, "id": "PL"}, {"import": 0, "export": 9475, "id": "GL"}, {"import": 0, "export": 647, "id": "AT"}, {"import": 0, "export": 8999, "id": "FO"}, {"import": 0, "export": 6638, "id": "IS"}, {"import": 0, "export": 3369, "id": "NL"}, {"import": 0, "export": 1245, "id": "NO"}, {"import": 0, "export": 0, "id": "IE"}, {"import": 0, "export": 0, "id": "IT"}, {"import": 0, "export": 0, "id": "ES"}, {"import": 0, "export": 0, "id": "-"}, {"import": 0, "export": 0, "id": "FI"}, {"import": 0, "export": 0, "id": "FR"}, {"import": 0, "export": 400, "id": "GR"}, {"import": 0, "export": 0, "id": "PT"}, {"import": 0, "export": 0, "id": "RO"}, {"import": 0, "export": 0, "id": "RU"}, {"import": 0, "export": 32, "id": "US"}, {"import": 0, "export": 0, "id": "PK"}, {"import": 0, "export": 0, "id": "CH"}, {"import": 0, "export": 0, "id": "TR"}], "world_import": 0, "world_export": 515921}, {"date": "2020-03-01", "list": [{"import": 0, "export": 184153, "id": "BE"}, {"import": 0, "export": 201844, "id": "SE"}, {"import": 0, "export": 200182, "id": "GB"}, {"import": 0, "export": 5257, "id": "DE"}, {"import": 0, "export": 8447, "id": "PL"}, {"import": 0, "export": 12479, "id": "GL"}, {"import": 0, "export": 16663, "id": "AT"}, {"import": 0, "export": 17229, "id": "FO"}, {"import": 0, "export": 14181, "id": "IS"}, {"import": 0, "export": 20943, "id": "NL"}, {"import": 0, "export": 9535, "id": "NO"}, {"import": 0, "export": 0, "id": "IE"}, {"import": 0, "export": 0, "id": "IT"}, {"import": 0, "export": 18, "id": "ES"}, {"import": 0, "export": 0, "id": "-"}, {"import": 0, "export": 0, "id": "FI"}, {"import": 0, "export": 0, "id": "FR"}, {"import": 0, "export": 0, "id": "GR"}, {"import": 0, "export": 0, "id": "PT"}, {"import": 0, "export": 0, "id": "RO"}, {"import": 0, "export": 0, "id": "RU"}, {"import": 0, "export": 0, "id": "US"}, {"import": 0, "export": 0, "id": "PK"}, {"import": 0, "export": 0, "id": "CH"}, {"import": 0, "export": 0, "id": "TR"}], "world_import": 0, "world_export": 690931}]