[{"date": "2016-05-01", "list": [{"import": 1652, "export": 0, "id": "ZA"}], "world_import": 1652, "world_export": 0}, {"date": "2016-06-01", "list": [{"import": 0, "export": 0, "id": "ZA"}], "world_import": 0, "world_export": 0}, {"date": "2016-07-01", "list": [{"import": 333, "export": 0, "id": "ZA"}], "world_import": 333, "world_export": 0}, {"date": "2016-08-01", "list": [{"import": 234, "export": 0, "id": "ZA"}], "world_import": 234, "world_export": 0}, {"date": "2016-09-01", "list": [{"import": 146, "export": 0, "id": "ZA"}], "world_import": 146, "world_export": 0}, {"date": "2016-10-01", "list": [{"import": 0, "export": 0, "id": "ZA"}], "world_import": 0, "world_export": 0}, {"date": "2016-11-01", "list": [{"import": 946, "export": 0, "id": "ZA"}], "world_import": 946, "world_export": 0}, {"date": "2016-12-01", "list": [{"import": 0, "export": 0, "id": "ZA"}], "world_import": 0, "world_export": 0}, {"date": "2017-01-01", "list": [{"import": 0, "export": 0, "id": "ZA"}], "world_import": 0, "world_export": 0}, {"date": "2017-02-01", "list": [{"import": 0, "export": 0, "id": "ZA"}], "world_import": 0, "world_export": 0}, {"date": "2017-03-01", "list": [{"import": 0, "export": 0, "id": "ZA"}], "world_import": 0, "world_export": 0}, {"date": "2017-04-01", "list": [{"import": 0, "export": 0, "id": "ZA"}], "world_import": 0, "world_export": 0}, {"date": "2017-05-01", "list": [{"import": 1432, "export": 0, "id": "ZA"}], "world_import": 1432, "world_export": 0}, {"date": "2017-06-01", "list": [{"import": 0, "export": 0, "id": "ZA"}], "world_import": 0, "world_export": 0}, {"date": "2017-07-01", "list": [{"import": 0, "export": 0, "id": "ZA"}], "world_import": 0, "world_export": 0}, {"date": "2017-08-01", "list": [{"import": 0, "export": 0, "id": "ZA"}], "world_import": 0, "world_export": 0}, {"date": "2017-09-01", "list": [{"import": 506, "export": 0, "id": "ZA"}], "world_import": 506, "world_export": 0}, {"date": "2017-10-01", "list": [{"import": 1802, "export": 0, "id": "ZA"}], "world_import": 1802, "world_export": 0}]