[{"date": "2013-08-01", "list": [{"import": 0, "export": 0, "id": "CN"}, {"import": 0, "export": 0, "id": "IN"}], "world_import": 0, "world_export": 0}, {"date": "2013-09-01", "list": [{"import": 0, "export": 0, "id": "CN"}, {"import": 0, "export": 0, "id": "IN"}], "world_import": 0, "world_export": 0}, {"date": "2013-10-01", "list": [{"import": 0, "export": 0, "id": "CN"}, {"import": 0, "export": 0, "id": "IN"}], "world_import": 0, "world_export": 0}, {"date": "2013-11-01", "list": [{"import": 0, "export": 0, "id": "CN"}, {"import": 0, "export": 0, "id": "IN"}], "world_import": 0, "world_export": 0}, {"date": "2013-12-01", "list": [{"import": 0, "export": 0, "id": "CN"}, {"import": 250000, "export": 0, "id": "IN"}], "world_import": 250000, "world_export": 0}, {"date": "2014-01-01", "list": [{"import": 0, "export": 0, "id": "CN"}, {"import": 250000, "export": 0, "id": "IN"}], "world_import": 250000, "world_export": 0}, {"date": "2014-02-01", "list": [{"import": 0, "export": 0, "id": "CN"}, {"import": 0, "export": 0, "id": "IN"}], "world_import": 0, "world_export": 0}, {"date": "2014-03-01", "list": [{"import": 0, "export": 0, "id": "CN"}, {"import": 0, "export": 0, "id": "IN"}], "world_import": 0, "world_export": 0}, {"date": "2014-04-01", "list": [{"import": 0, "export": 0, "id": "CN"}, {"import": 0, "export": 0, "id": "IN"}], "world_import": 0, "world_export": 0}, {"date": "2014-05-01", "list": [{"import": 0, "export": 0, "id": "CN"}, {"import": 0, "export": 0, "id": "IN"}], "world_import": 0, "world_export": 0}, {"date": "2014-06-01", "list": [{"import": 12078, "export": 0, "id": "CN"}, {"import": 0, "export": 0, "id": "IN"}], "world_import": 12078, "world_export": 0}, {"date": "2014-07-01", "list": [{"import": 0, "export": 0, "id": "CN"}, {"import": 166000, "export": 0, "id": "IN"}], "world_import": 166000, "world_export": 0}, {"date": "2014-08-01", "list": [{"import": 0, "export": 0, "id": "CN"}, {"import": 0, "export": 0, "id": "IN"}], "world_import": 0, "world_export": 0}, {"date": "2014-09-01", "list": [{"import": 0, "export": 0, "id": "CN"}, {"import": 0, "export": 0, "id": "IN"}], "world_import": 0, "world_export": 0}, {"date": "2014-10-01", "list": [{"import": 0, "export": 0, "id": "CN"}, {"import": 0, "export": 0, "id": "IN"}], "world_import": 0, "world_export": 0}, {"date": "2014-11-01", "list": [{"import": 0, "export": 0, "id": "CN"}, {"import": 0, "export": 0, "id": "IN"}], "world_import": 0, "world_export": 0}, {"date": "2014-12-01", "list": [{"import": 0, "export": 0, "id": "CN"}, {"import": 500000, "export": 0, "id": "IN"}], "world_import": 500000, "world_export": 0}, {"date": "2015-01-01", "list": [{"import": 0, "export": 0, "id": "CN"}, {"import": 500000, "export": 0, "id": "IN"}], "world_import": 500000, "world_export": 0}]