[{"date": "2018-12-01", "list": [{"import": 0, "export": 0, "id": "BD"}, {"import": 0, "export": 0, "id": "BE"}, {"import": 0, "export": 0, "id": "LK"}, {"import": 0, "export": 0, "id": "IT"}, {"import": 0, "export": 0, "id": "LB"}, {"import": 0, "export": 0, "id": "PK"}, {"import": 0, "export": 0, "id": "PT"}, {"import": 6895, "export": 0, "id": "IN"}, {"import": 0, "export": 0, "id": "VN"}, {"import": 0, "export": 0, "id": "TH"}, {"import": 0, "export": 0, "id": "GB"}, {"import": 0, "export": 0, "id": "US"}, {"import": 0, "export": 0, "id": "AU"}, {"import": 0, "export": 0, "id": "IQ"}, {"import": 0, "export": 0, "id": "KW"}, {"import": 0, "export": 0, "id": "OM"}, {"import": 0, "export": 0, "id": "SA"}], "world_import": 6895, "world_export": 0}, {"date": "2019-01-01", "list": [{"import": 0, "export": 0, "id": "BD"}, {"import": 0, "export": 0, "id": "BE"}, {"import": 0, "export": 0, "id": "LK"}, {"import": 2184, "export": 0, "id": "IT"}, {"import": 0, "export": 0, "id": "LB"}, {"import": 600, "export": 0, "id": "PK"}, {"import": 0, "export": 0, "id": "PT"}, {"import": 0, "export": 0, "id": "IN"}, {"import": 0, "export": 0, "id": "VN"}, {"import": 0, "export": 0, "id": "TH"}, {"import": 0, "export": 0, "id": "GB"}, {"import": 0, "export": 0, "id": "US"}, {"import": 0, "export": 0, "id": "AU"}, {"import": 0, "export": 0, "id": "IQ"}, {"import": 0, "export": 0, "id": "KW"}, {"import": 0, "export": 0, "id": "OM"}, {"import": 0, "export": 0, "id": "SA"}], "world_import": 2784, "world_export": 0}, {"date": "2019-02-01", "list": [{"import": 0, "export": 0, "id": "BD"}, {"import": 0, "export": 0, "id": "BE"}, {"import": 0, "export": 0, "id": "LK"}, {"import": 0, "export": 0, "id": "IT"}, {"import": 0, "export": 0, "id": "LB"}, {"import": 600, "export": 0, "id": "PK"}, {"import": 0, "export": 0, "id": "PT"}, {"import": 0, "export": 0, "id": "IN"}, {"import": 0, "export": 0, "id": "VN"}, {"import": 0, "export": 0, "id": "TH"}, {"import": 0, "export": 0, "id": "GB"}, {"import": 0, "export": 0, "id": "US"}, {"import": 0, "export": 0, "id": "AU"}, {"import": 0, "export": 0, "id": "IQ"}, {"import": 0, "export": 0, "id": "KW"}, {"import": 0, "export": 0, "id": "OM"}, {"import": 0, "export": 0, "id": "SA"}], "world_import": 600, "world_export": 0}, {"date": "2019-03-01", "list": [{"import": 1220, "export": 0, "id": "BD"}, {"import": 0, "export": 0, "id": "BE"}, {"import": 0, "export": 0, "id": "LK"}, {"import": 0, "export": 0, "id": "IT"}, {"import": 0, "export": 0, "id": "LB"}, {"import": 0, "export": 0, "id": "PK"}, {"import": 0, "export": 0, "id": "PT"}, {"import": 0, "export": 0, "id": "IN"}, {"import": 0, "export": 0, "id": "VN"}, {"import": 0, "export": 0, "id": "TH"}, {"import": 0, "export": 0, "id": "GB"}, {"import": 0, "export": 0, "id": "US"}, {"import": 0, "export": 0, "id": "AU"}, {"import": 0, "export": 0, "id": "IQ"}, {"import": 0, "export": 0, "id": "KW"}, {"import": 0, "export": 0, "id": "OM"}, {"import": 0, "export": 580, "id": "SA"}], "world_import": 1220, "world_export": 580}, {"date": "2019-04-01", "list": [{"import": 0, "export": 0, "id": "BD"}, {"import": 0, "export": 0, "id": "BE"}, {"import": 0, "export": 0, "id": "LK"}, {"import": 0, "export": 0, "id": "IT"}, {"import": 0, "export": 0, "id": "LB"}, {"import": 0, "export": 0, "id": "PK"}, {"import": 0, "export": 0, "id": "PT"}, {"import": 5550, "export": 0, "id": "IN"}, {"import": 0, "export": 0, "id": "VN"}, {"import": 0, "export": 0, "id": "TH"}, {"import": 0, "export": 0, "id": "GB"}, {"import": 0, "export": 11000, "id": "US"}, {"import": 0, "export": 0, "id": "AU"}, {"import": 0, "export": 0, "id": "IQ"}, {"import": 0, "export": 0, "id": "KW"}, {"import": 0, "export": 0, "id": "OM"}, {"import": 0, "export": 0, "id": "SA"}], "world_import": 5550, "world_export": 11000}, {"date": "2019-05-01", "list": [{"import": 0, "export": 0, "id": "BD"}, {"import": 0, "export": 0, "id": "BE"}, {"import": 0, "export": 0, "id": "LK"}, {"import": 0, "export": 0, "id": "IT"}, {"import": 0, "export": 0, "id": "LB"}, {"import": 0, "export": 0, "id": "PK"}, {"import": 0, "export": 0, "id": "PT"}, {"import": 89222, "export": 0, "id": "IN"}, {"import": 0, "export": 0, "id": "VN"}, {"import": 0, "export": 0, "id": "TH"}, {"import": 0, "export": 0, "id": "GB"}, {"import": 0, "export": 0, "id": "US"}, {"import": 0, "export": 0, "id": "AU"}, {"import": 0, "export": 0, "id": "IQ"}, {"import": 0, "export": 0, "id": "KW"}, {"import": 0, "export": 49, "id": "OM"}, {"import": 0, "export": 37, "id": "SA"}], "world_import": 89222, "world_export": 86}, {"date": "2019-06-01", "list": [{"import": 0, "export": 0, "id": "BD"}, {"import": 0, "export": 0, "id": "BE"}, {"import": 0, "export": 0, "id": "LK"}, {"import": 0, "export": 0, "id": "IT"}, {"import": 0, "export": 0, "id": "LB"}, {"import": 0, "export": 0, "id": "PK"}, {"import": 0, "export": 0, "id": "PT"}, {"import": 4820, "export": 0, "id": "IN"}, {"import": 0, "export": 0, "id": "VN"}, {"import": 1000, "export": 0, "id": "TH"}, {"import": 0, "export": 0, "id": "GB"}, {"import": 0, "export": 0, "id": "US"}, {"import": 0, "export": 0, "id": "AU"}, {"import": 0, "export": 0, "id": "IQ"}, {"import": 0, "export": 0, "id": "KW"}, {"import": 0, "export": 95, "id": "OM"}, {"import": 0, "export": 0, "id": "SA"}], "world_import": 5820, "world_export": 95}, {"date": "2019-07-01", "list": [{"import": 0, "export": 0, "id": "BD"}, {"import": 0, "export": 0, "id": "BE"}, {"import": 0, "export": 0, "id": "LK"}, {"import": 2084, "export": 0, "id": "IT"}, {"import": 0, "export": 0, "id": "LB"}, {"import": 0, "export": 0, "id": "PK"}, {"import": 0, "export": 0, "id": "PT"}, {"import": 1149, "export": 0, "id": "IN"}, {"import": 0, "export": 0, "id": "VN"}, {"import": 0, "export": 0, "id": "TH"}, {"import": 0, "export": 0, "id": "GB"}, {"import": 0, "export": 0, "id": "US"}, {"import": 0, "export": 0, "id": "AU"}, {"import": 0, "export": 0, "id": "IQ"}, {"import": 0, "export": 0, "id": "KW"}, {"import": 0, "export": 0, "id": "OM"}, {"import": 0, "export": 0, "id": "SA"}], "world_import": 3233, "world_export": 0}, {"date": "2019-08-01", "list": [{"import": 0, "export": 0, "id": "BD"}, {"import": 0, "export": 0, "id": "BE"}, {"import": 0, "export": 0, "id": "LK"}, {"import": 0, "export": 0, "id": "IT"}, {"import": 0, "export": 0, "id": "LB"}, {"import": 0, "export": 0, "id": "PK"}, {"import": 0, "export": 0, "id": "PT"}, {"import": 3290, "export": 0, "id": "IN"}, {"import": 0, "export": 0, "id": "VN"}, {"import": 0, "export": 0, "id": "TH"}, {"import": 0, "export": 0, "id": "GB"}, {"import": 0, "export": 0, "id": "US"}, {"import": 0, "export": 0, "id": "AU"}, {"import": 0, "export": 0, "id": "IQ"}, {"import": 0, "export": 0, "id": "KW"}, {"import": 0, "export": 0, "id": "OM"}, {"import": 0, "export": 0, "id": "SA"}], "world_import": 3290, "world_export": 0}, {"date": "2019-09-01", "list": [{"import": 0, "export": 0, "id": "BD"}, {"import": 0, "export": 0, "id": "BE"}, {"import": 0, "export": 0, "id": "LK"}, {"import": 0, "export": 0, "id": "IT"}, {"import": 0, "export": 0, "id": "LB"}, {"import": 0, "export": 0, "id": "PK"}, {"import": 0, "export": 0, "id": "PT"}, {"import": 0, "export": 0, "id": "IN"}, {"import": 0, "export": 0, "id": "VN"}, {"import": 0, "export": 0, "id": "TH"}, {"import": 0, "export": 0, "id": "GB"}, {"import": 0, "export": 0, "id": "US"}, {"import": 0, "export": 0, "id": "AU"}, {"import": 0, "export": 2400, "id": "IQ"}, {"import": 0, "export": 0, "id": "KW"}, {"import": 0, "export": 0, "id": "OM"}, {"import": 0, "export": 0, "id": "SA"}], "world_import": 0, "world_export": 2400}, {"date": "2019-10-01", "list": [{"import": 0, "export": 0, "id": "BD"}, {"import": 0, "export": 0, "id": "BE"}, {"import": 0, "export": 0, "id": "LK"}, {"import": 291, "export": 0, "id": "IT"}, {"import": 0, "export": 0, "id": "LB"}, {"import": 1125, "export": 0, "id": "PK"}, {"import": 0, "export": 0, "id": "PT"}, {"import": 2274, "export": 0, "id": "IN"}, {"import": 1125, "export": 0, "id": "VN"}, {"import": 0, "export": 0, "id": "TH"}, {"import": 0, "export": 0, "id": "GB"}, {"import": 3750, "export": 0, "id": "US"}, {"import": 1380, "export": 0, "id": "AU"}, {"import": 0, "export": 0, "id": "IQ"}, {"import": 0, "export": 0, "id": "KW"}, {"import": 0, "export": 0, "id": "OM"}, {"import": 0, "export": 0, "id": "SA"}], "world_import": 9945, "world_export": 0}, {"date": "2019-11-01", "list": [{"import": 0, "export": 0, "id": "BD"}, {"import": 0, "export": 0, "id": "BE"}, {"import": 0, "export": 0, "id": "LK"}, {"import": 0, "export": 0, "id": "IT"}, {"import": 0, "export": 0, "id": "LB"}, {"import": 0, "export": 0, "id": "PK"}, {"import": 0, "export": 0, "id": "PT"}, {"import": 0, "export": 0, "id": "IN"}, {"import": 0, "export": 0, "id": "VN"}, {"import": 0, "export": 0, "id": "TH"}, {"import": 0, "export": 0, "id": "GB"}, {"import": 0, "export": 0, "id": "US"}, {"import": 1350, "export": 0, "id": "AU"}, {"import": 0, "export": 0, "id": "IQ"}, {"import": 0, "export": 0, "id": "KW"}, {"import": 0, "export": 0, "id": "OM"}, {"import": 0, "export": 0, "id": "SA"}], "world_import": 1350, "world_export": 0}, {"date": "2019-12-01", "list": [{"import": 0, "export": 0, "id": "BD"}, {"import": 0, "export": 0, "id": "BE"}, {"import": 4481, "export": 0, "id": "LK"}, {"import": 0, "export": 0, "id": "IT"}, {"import": 0, "export": 0, "id": "LB"}, {"import": 0, "export": 0, "id": "PK"}, {"import": 750, "export": 0, "id": "PT"}, {"import": 0, "export": 0, "id": "IN"}, {"import": 3000, "export": 0, "id": "VN"}, {"import": 0, "export": 0, "id": "TH"}, {"import": 97, "export": 0, "id": "GB"}, {"import": 8505, "export": 0, "id": "US"}, {"import": 0, "export": 0, "id": "AU"}, {"import": 0, "export": 0, "id": "IQ"}, {"import": 0, "export": 0, "id": "KW"}, {"import": 0, "export": 0, "id": "OM"}, {"import": 0, "export": 0, "id": "SA"}], "world_import": 16833, "world_export": 0}, {"date": "2020-01-01", "list": [{"import": 750, "export": 0, "id": "BD"}, {"import": 0, "export": 0, "id": "BE"}, {"import": 0, "export": 0, "id": "LK"}, {"import": 0, "export": 0, "id": "IT"}, {"import": 0, "export": 0, "id": "LB"}, {"import": 0, "export": 0, "id": "PK"}, {"import": 0, "export": 0, "id": "PT"}, {"import": 0, "export": 0, "id": "IN"}, {"import": 0, "export": 0, "id": "VN"}, {"import": 0, "export": 0, "id": "TH"}, {"import": 0, "export": 0, "id": "GB"}, {"import": 0, "export": 0, "id": "US"}, {"import": 0, "export": 0, "id": "AU"}, {"import": 0, "export": 0, "id": "IQ"}, {"import": 0, "export": 1192, "id": "KW"}, {"import": 0, "export": 0, "id": "OM"}, {"import": 0, "export": 0, "id": "SA"}], "world_import": 750, "world_export": 1192}, {"date": "2020-02-01", "list": [{"import": 0, "export": 0, "id": "BD"}, {"import": 2000, "export": 0, "id": "BE"}, {"import": 0, "export": 0, "id": "LK"}, {"import": 0, "export": 0, "id": "IT"}, {"import": 1100, "export": 0, "id": "LB"}, {"import": 0, "export": 0, "id": "PK"}, {"import": 0, "export": 0, "id": "PT"}, {"import": 640, "export": 0, "id": "IN"}, {"import": 0, "export": 0, "id": "VN"}, {"import": 0, "export": 0, "id": "TH"}, {"import": 0, "export": 0, "id": "GB"}, {"import": 1425, "export": 0, "id": "US"}, {"import": 900, "export": 0, "id": "AU"}, {"import": 0, "export": 0, "id": "IQ"}, {"import": 0, "export": 0, "id": "KW"}, {"import": 0, "export": 0, "id": "OM"}, {"import": 0, "export": 175, "id": "SA"}], "world_import": 6065, "world_export": 175}, {"date": "2020-03-01", "list": [{"import": 0, "export": 0, "id": "BD"}, {"import": 0, "export": 0, "id": "BE"}, {"import": 0, "export": 0, "id": "LK"}, {"import": 2184, "export": 0, "id": "IT"}, {"import": 500, "export": 0, "id": "LB"}, {"import": 0, "export": 0, "id": "PK"}, {"import": 1150, "export": 0, "id": "PT"}, {"import": 2000, "export": 0, "id": "IN"}, {"import": 2000, "export": 0, "id": "VN"}, {"import": 0, "export": 0, "id": "TH"}, {"import": 0, "export": 0, "id": "GB"}, {"import": 0, "export": 0, "id": "US"}, {"import": 0, "export": 0, "id": "AU"}, {"import": 0, "export": 0, "id": "IQ"}, {"import": 0, "export": 0, "id": "KW"}, {"import": 0, "export": 0, "id": "OM"}, {"import": 0, "export": 0, "id": "SA"}], "world_import": 7834, "world_export": 0}, {"date": "2020-04-01", "list": [{"import": 0, "export": 0, "id": "BD"}, {"import": 0, "export": 0, "id": "BE"}, {"import": 0, "export": 0, "id": "LK"}, {"import": 0, "export": 0, "id": "IT"}, {"import": 0, "export": 0, "id": "LB"}, {"import": 0, "export": 0, "id": "PK"}, {"import": 0, "export": 0, "id": "PT"}, {"import": 604, "export": 0, "id": "IN"}, {"import": 1500, "export": 0, "id": "VN"}, {"import": 0, "export": 0, "id": "TH"}, {"import": 774, "export": 0, "id": "GB"}, {"import": 0, "export": 0, "id": "US"}, {"import": 0, "export": 0, "id": "AU"}, {"import": 0, "export": 0, "id": "IQ"}, {"import": 0, "export": 0, "id": "KW"}, {"import": 0, "export": 0, "id": "OM"}, {"import": 0, "export": 0, "id": "SA"}], "world_import": 2878, "world_export": 0}, {"date": "2020-05-01", "list": [{"import": 1800, "export": 0, "id": "BD"}, {"import": 0, "export": 0, "id": "BE"}, {"import": 0, "export": 0, "id": "LK"}, {"import": 1000, "export": 0, "id": "IT"}, {"import": 0, "export": 0, "id": "LB"}, {"import": 0, "export": 0, "id": "PK"}, {"import": 0, "export": 0, "id": "PT"}, {"import": 865, "export": 0, "id": "IN"}, {"import": 0, "export": 0, "id": "VN"}, {"import": 0, "export": 0, "id": "TH"}, {"import": 0, "export": 0, "id": "GB"}, {"import": 0, "export": 0, "id": "US"}, {"import": 0, "export": 0, "id": "AU"}, {"import": 0, "export": 0, "id": "IQ"}, {"import": 0, "export": 0, "id": "KW"}, {"import": 0, "export": 0, "id": "OM"}, {"import": 0, "export": 0, "id": "SA"}], "world_import": 3665, "world_export": 0}]