[{"date": "2019-01-01", "list": [{"import": 0, "export": 0, "id": "UY"}, {"import": 2400, "export": 0, "id": "IN"}, {"import": 15000, "export": 0, "id": "DE"}, {"import": 37550, "export": 0, "id": "TH"}, {"import": 0, "export": 0, "id": "LK"}, {"import": 5675, "export": 0, "id": "BE"}, {"import": 0, "export": 0, "id": "SE"}, {"import": 0, "export": 0, "id": "RO"}, {"import": 0, "export": 0, "id": "PL"}, {"import": 0, "export": 0, "id": "VN"}, {"import": 0, "export": 0, "id": "ES"}, {"import": 0, "export": 0, "id": "AE"}, {"import": 0, "export": 0, "id": "TR"}, {"import": 0, "export": 0, "id": "GB"}, {"import": 0, "export": 0, "id": "US"}, {"import": 0, "export": 0, "id": "CA"}, {"import": 0, "export": 0, "id": "DK"}, {"import": 0, "export": 0, "id": "FR"}, {"import": 500, "export": 0, "id": "GR"}, {"import": 0, "export": 0, "id": "IR"}, {"import": 1945, "export": 0, "id": "IT"}, {"import": 0, "export": 0, "id": "NL"}, {"import": 0, "export": 0, "id": "PK"}], "world_import": 63070, "world_export": 0}, {"date": "2019-02-01", "list": [{"import": 0, "export": 0, "id": "UY"}, {"import": 0, "export": 0, "id": "IN"}, {"import": 9750, "export": 0, "id": "DE"}, {"import": 8514, "export": 0, "id": "TH"}, {"import": 8420, "export": 0, "id": "LK"}, {"import": 5810, "export": 0, "id": "BE"}, {"import": 0, "export": 0, "id": "SE"}, {"import": 1099, "export": 0, "id": "RO"}, {"import": 0, "export": 0, "id": "PL"}, {"import": 0, "export": 0, "id": "VN"}, {"import": 400, "export": 0, "id": "ES"}, {"import": 0, "export": 0, "id": "AE"}, {"import": 0, "export": 0, "id": "TR"}, {"import": 2000, "export": 0, "id": "GB"}, {"import": 0, "export": 0, "id": "US"}, {"import": 0, "export": 0, "id": "CA"}, {"import": 0, "export": 0, "id": "DK"}, {"import": 0, "export": 0, "id": "FR"}, {"import": 0, "export": 0, "id": "GR"}, {"import": 0, "export": 0, "id": "IR"}, {"import": 2204, "export": 0, "id": "IT"}, {"import": 0, "export": 0, "id": "NL"}, {"import": 600, "export": 0, "id": "PK"}], "world_import": 38797, "world_export": 0}, {"date": "2019-03-01", "list": [{"import": 0, "export": 0, "id": "UY"}, {"import": 3100, "export": 0, "id": "IN"}, {"import": 2400, "export": 0, "id": "DE"}, {"import": 35731, "export": 0, "id": "TH"}, {"import": 0, "export": 0, "id": "LK"}, {"import": 765, "export": 0, "id": "BE"}, {"import": 0, "export": 0, "id": "SE"}, {"import": 0, "export": 0, "id": "RO"}, {"import": 0, "export": 0, "id": "PL"}, {"import": 400, "export": 0, "id": "VN"}, {"import": 0, "export": 0, "id": "ES"}, {"import": 0, "export": 0, "id": "AE"}, {"import": 0, "export": 0, "id": "TR"}, {"import": 0, "export": 0, "id": "GB"}, {"import": 0, "export": 0, "id": "US"}, {"import": 0, "export": 0, "id": "CA"}, {"import": 0, "export": 0, "id": "DK"}, {"import": 0, "export": 0, "id": "FR"}, {"import": 0, "export": 0, "id": "GR"}, {"import": 0, "export": 0, "id": "IR"}, {"import": 1850, "export": 0, "id": "IT"}, {"import": 0, "export": 0, "id": "NL"}, {"import": 0, "export": 0, "id": "PK"}], "world_import": 44246, "world_export": 0}, {"date": "2019-04-01", "list": [{"import": 0, "export": 0, "id": "UY"}, {"import": 9600, "export": 0, "id": "IN"}, {"import": 5400, "export": 0, "id": "DE"}, {"import": 8158, "export": 0, "id": "TH"}, {"import": 0, "export": 0, "id": "LK"}, {"import": 16630, "export": 0, "id": "BE"}, {"import": 0, "export": 0, "id": "SE"}, {"import": 1267, "export": 0, "id": "RO"}, {"import": 0, "export": 0, "id": "PL"}, {"import": 0, "export": 0, "id": "VN"}, {"import": 0, "export": 0, "id": "ES"}, {"import": 0, "export": 0, "id": "AE"}, {"import": 2264, "export": 0, "id": "TR"}, {"import": 3251, "export": 0, "id": "GB"}, {"import": 16980, "export": 0, "id": "US"}, {"import": 0, "export": 0, "id": "CA"}, {"import": 0, "export": 0, "id": "DK"}, {"import": 0, "export": 0, "id": "FR"}, {"import": 0, "export": 0, "id": "GR"}, {"import": 0, "export": 0, "id": "IR"}, {"import": 1282, "export": 0, "id": "IT"}, {"import": 0, "export": 0, "id": "NL"}, {"import": 21536, "export": 0, "id": "PK"}], "world_import": 86368, "world_export": 0}, {"date": "2019-05-01", "list": [{"import": 0, "export": 0, "id": "UY"}, {"import": 5728, "export": 0, "id": "IN"}, {"import": 4200, "export": 0, "id": "DE"}, {"import": 54104, "export": 0, "id": "TH"}, {"import": 20507, "export": 0, "id": "LK"}, {"import": 11540, "export": 0, "id": "BE"}, {"import": 0, "export": 0, "id": "SE"}, {"import": 0, "export": 0, "id": "RO"}, {"import": 0, "export": 0, "id": "PL"}, {"import": 0, "export": 0, "id": "VN"}, {"import": 0, "export": 0, "id": "ES"}, {"import": 0, "export": 0, "id": "AE"}, {"import": 0, "export": 0, "id": "TR"}, {"import": 9756, "export": 0, "id": "GB"}, {"import": 0, "export": 0, "id": "US"}, {"import": 75, "export": 0, "id": "CA"}, {"import": 0, "export": 0, "id": "DK"}, {"import": 0, "export": 0, "id": "FR"}, {"import": 0, "export": 0, "id": "GR"}, {"import": 0, "export": 0, "id": "IR"}, {"import": 1860, "export": 0, "id": "IT"}, {"import": 0, "export": 0, "id": "NL"}, {"import": 5000, "export": 0, "id": "PK"}], "world_import": 112770, "world_export": 0}, {"date": "2019-06-01", "list": [{"import": 0, "export": 0, "id": "UY"}, {"import": 3400, "export": 0, "id": "IN"}, {"import": 5400, "export": 0, "id": "DE"}, {"import": 6912, "export": 0, "id": "TH"}, {"import": 0, "export": 0, "id": "LK"}, {"import": 8270, "export": 0, "id": "BE"}, {"import": 0, "export": 0, "id": "SE"}, {"import": 0, "export": 0, "id": "RO"}, {"import": 0, "export": 0, "id": "PL"}, {"import": 1010, "export": 0, "id": "VN"}, {"import": 0, "export": 0, "id": "ES"}, {"import": 0, "export": 0, "id": "AE"}, {"import": 0, "export": 0, "id": "TR"}, {"import": 1000, "export": 0, "id": "GB"}, {"import": 0, "export": 0, "id": "US"}, {"import": 0, "export": 0, "id": "CA"}, {"import": 0, "export": 0, "id": "DK"}, {"import": 0, "export": 0, "id": "FR"}, {"import": 0, "export": 0, "id": "GR"}, {"import": 0, "export": 0, "id": "IR"}, {"import": 2709, "export": 0, "id": "IT"}, {"import": 0, "export": 0, "id": "NL"}, {"import": 0, "export": 0, "id": "PK"}], "world_import": 28701, "world_export": 0}, {"date": "2019-07-01", "list": [{"import": 1499, "export": 0, "id": "UY"}, {"import": 1100, "export": 0, "id": "IN"}, {"import": 1200, "export": 0, "id": "DE"}, {"import": 28962, "export": 0, "id": "TH"}, {"import": 9440, "export": 0, "id": "LK"}, {"import": 315, "export": 0, "id": "BE"}, {"import": 0, "export": 0, "id": "SE"}, {"import": 1120, "export": 0, "id": "RO"}, {"import": 0, "export": 0, "id": "PL"}, {"import": 0, "export": 0, "id": "VN"}, {"import": 0, "export": 0, "id": "ES"}, {"import": 0, "export": 0, "id": "AE"}, {"import": 0, "export": 0, "id": "TR"}, {"import": 2775, "export": 0, "id": "GB"}, {"import": 0, "export": 0, "id": "US"}, {"import": 0, "export": 0, "id": "CA"}, {"import": 0, "export": 0, "id": "DK"}, {"import": 0, "export": 0, "id": "FR"}, {"import": 900, "export": 0, "id": "GR"}, {"import": 0, "export": 0, "id": "IR"}, {"import": 991, "export": 0, "id": "IT"}, {"import": 0, "export": 0, "id": "NL"}, {"import": 300, "export": 0, "id": "PK"}], "world_import": 48602, "world_export": 0}, {"date": "2019-08-01", "list": [{"import": 1626, "export": 0, "id": "UY"}, {"import": 0, "export": 0, "id": "IN"}, {"import": 4800, "export": 0, "id": "DE"}, {"import": 7987, "export": 0, "id": "TH"}, {"import": 0, "export": 0, "id": "LK"}, {"import": 14090, "export": 0, "id": "BE"}, {"import": 480, "export": 0, "id": "SE"}, {"import": 0, "export": 0, "id": "RO"}, {"import": 0, "export": 0, "id": "PL"}, {"import": 8620, "export": 0, "id": "VN"}, {"import": 0, "export": 0, "id": "ES"}, {"import": 0, "export": 0, "id": "AE"}, {"import": 0, "export": 0, "id": "TR"}, {"import": 2000, "export": 0, "id": "GB"}, {"import": 0, "export": 0, "id": "US"}, {"import": 0, "export": 0, "id": "CA"}, {"import": 0, "export": 0, "id": "DK"}, {"import": 0, "export": 0, "id": "FR"}, {"import": 300, "export": 0, "id": "GR"}, {"import": 0, "export": 0, "id": "IR"}, {"import": 2015, "export": 0, "id": "IT"}, {"import": 0, "export": 0, "id": "NL"}, {"import": 3300, "export": 0, "id": "PK"}], "world_import": 45218, "world_export": 0}, {"date": "2019-09-01", "list": [{"import": 0, "export": 0, "id": "UY"}, {"import": 10965, "export": 0, "id": "IN"}, {"import": 1800, "export": 0, "id": "DE"}, {"import": 32736, "export": 0, "id": "TH"}, {"import": 4840, "export": 0, "id": "LK"}, {"import": 17000, "export": 0, "id": "BE"}, {"import": 0, "export": 0, "id": "SE"}, {"import": 0, "export": 0, "id": "RO"}, {"import": 480, "export": 0, "id": "PL"}, {"import": 0, "export": 0, "id": "VN"}, {"import": 0, "export": 0, "id": "ES"}, {"import": 0, "export": 0, "id": "AE"}, {"import": 0, "export": 0, "id": "TR"}, {"import": 1829, "export": 0, "id": "GB"}, {"import": 0, "export": 0, "id": "US"}, {"import": 0, "export": 0, "id": "CA"}, {"import": 0, "export": 0, "id": "DK"}, {"import": 0, "export": 0, "id": "FR"}, {"import": 0, "export": 0, "id": "GR"}, {"import": 0, "export": 0, "id": "IR"}, {"import": 2371, "export": 0, "id": "IT"}, {"import": 0, "export": 0, "id": "NL"}, {"import": 3300, "export": 0, "id": "PK"}], "world_import": 75321, "world_export": 0}, {"date": "2019-10-01", "list": [{"import": 0, "export": 0, "id": "UY"}, {"import": 483, "export": 0, "id": "IN"}, {"import": 1800, "export": 0, "id": "DE"}, {"import": 9856, "export": 0, "id": "TH"}, {"import": 17169, "export": 0, "id": "LK"}, {"import": 5000, "export": 0, "id": "BE"}, {"import": 0, "export": 0, "id": "SE"}, {"import": 1120, "export": 0, "id": "RO"}, {"import": 0, "export": 0, "id": "PL"}, {"import": 0, "export": 0, "id": "VN"}, {"import": 0, "export": 0, "id": "ES"}, {"import": 0, "export": 0, "id": "AE"}, {"import": 0, "export": 0, "id": "TR"}, {"import": 0, "export": 0, "id": "GB"}, {"import": 0, "export": 0, "id": "US"}, {"import": 0, "export": 0, "id": "CA"}, {"import": 0, "export": 0, "id": "DK"}, {"import": 0, "export": 0, "id": "FR"}, {"import": 0, "export": 0, "id": "GR"}, {"import": 0, "export": 0, "id": "IR"}, {"import": 2565, "export": 0, "id": "IT"}, {"import": 0, "export": 0, "id": "NL"}, {"import": 25200, "export": 0, "id": "PK"}], "world_import": 63193, "world_export": 0}, {"date": "2019-11-01", "list": [{"import": 0, "export": 0, "id": "UY"}, {"import": 1348, "export": 0, "id": "IN"}, {"import": 10200, "export": 0, "id": "DE"}, {"import": 7968, "export": 0, "id": "TH"}, {"import": 0, "export": 0, "id": "LK"}, {"import": 5000, "export": 0, "id": "BE"}, {"import": 0, "export": 0, "id": "SE"}, {"import": 0, "export": 0, "id": "RO"}, {"import": 0, "export": 0, "id": "PL"}, {"import": 0, "export": 0, "id": "VN"}, {"import": 0, "export": 0, "id": "ES"}, {"import": 800, "export": 0, "id": "AE"}, {"import": 0, "export": 0, "id": "TR"}, {"import": 3975, "export": 0, "id": "GB"}, {"import": 0, "export": 0, "id": "US"}, {"import": 0, "export": 0, "id": "CA"}, {"import": 0, "export": 0, "id": "DK"}, {"import": 0, "export": 0, "id": "FR"}, {"import": 0, "export": 0, "id": "GR"}, {"import": 0, "export": 0, "id": "IR"}, {"import": 908, "export": 0, "id": "IT"}, {"import": 0, "export": 0, "id": "NL"}, {"import": 3300, "export": 0, "id": "PK"}], "world_import": 33499, "world_export": 0}, {"date": "2019-12-01", "list": [{"import": 0, "export": 0, "id": "UY"}, {"import": 0, "export": 0, "id": "IN"}, {"import": 4800, "export": 0, "id": "DE"}, {"import": 9792, "export": 0, "id": "TH"}, {"import": 0, "export": 0, "id": "LK"}, {"import": 5000, "export": 0, "id": "BE"}, {"import": 0, "export": 0, "id": "SE"}, {"import": 847, "export": 0, "id": "RO"}, {"import": 0, "export": 0, "id": "PL"}, {"import": 0, "export": 0, "id": "VN"}, {"import": 0, "export": 0, "id": "ES"}, {"import": 0, "export": 0, "id": "AE"}, {"import": 0, "export": 0, "id": "TR"}, {"import": 4129, "export": 0, "id": "GB"}, {"import": 0, "export": 0, "id": "US"}, {"import": 0, "export": 0, "id": "CA"}, {"import": 0, "export": 0, "id": "DK"}, {"import": 0, "export": 0, "id": "FR"}, {"import": 1000, "export": 0, "id": "GR"}, {"import": 0, "export": 0, "id": "IR"}, {"import": 2605, "export": 0, "id": "IT"}, {"import": 360, "export": 0, "id": "NL"}, {"import": 0, "export": 0, "id": "PK"}], "world_import": 28533, "world_export": 0}, {"date": "2020-01-01", "list": [{"import": 0, "export": 0, "id": "UY"}, {"import": 0, "export": 0, "id": "IN"}, {"import": 3000, "export": 0, "id": "DE"}, {"import": 36850, "export": 0, "id": "TH"}, {"import": 0, "export": 0, "id": "LK"}, {"import": 5000, "export": 0, "id": "BE"}, {"import": 0, "export": 0, "id": "SE"}, {"import": 1120, "export": 0, "id": "RO"}, {"import": 0, "export": 0, "id": "PL"}, {"import": 0, "export": 0, "id": "VN"}, {"import": 5000, "export": 0, "id": "ES"}, {"import": 0, "export": 0, "id": "AE"}, {"import": 0, "export": 0, "id": "TR"}, {"import": 7760, "export": 0, "id": "GB"}, {"import": 0, "export": 0, "id": "US"}, {"import": 0, "export": 0, "id": "CA"}, {"import": 0, "export": 0, "id": "DK"}, {"import": 0, "export": 0, "id": "FR"}, {"import": 0, "export": 0, "id": "GR"}, {"import": 0, "export": 0, "id": "IR"}, {"import": 2337, "export": 0, "id": "IT"}, {"import": 0, "export": 0, "id": "NL"}, {"import": 5000, "export": 0, "id": "PK"}], "world_import": 66067, "world_export": 0}, {"date": "2020-02-01", "list": [{"import": 0, "export": 0, "id": "UY"}, {"import": 4560, "export": 0, "id": "IN"}, {"import": 0, "export": 0, "id": "DE"}, {"import": 8913, "export": 0, "id": "TH"}, {"import": 24106, "export": 0, "id": "LK"}, {"import": 5000, "export": 0, "id": "BE"}, {"import": 480, "export": 0, "id": "SE"}, {"import": 1120, "export": 0, "id": "RO"}, {"import": 0, "export": 0, "id": "PL"}, {"import": 0, "export": 0, "id": "VN"}, {"import": 0, "export": 0, "id": "ES"}, {"import": 0, "export": 0, "id": "AE"}, {"import": 0, "export": 0, "id": "TR"}, {"import": 744, "export": 0, "id": "GB"}, {"import": 360, "export": 0, "id": "US"}, {"import": 0, "export": 0, "id": "CA"}, {"import": 966, "export": 0, "id": "DK"}, {"import": 0, "export": 0, "id": "FR"}, {"import": 0, "export": 0, "id": "GR"}, {"import": 0, "export": 0, "id": "IR"}, {"import": 1083, "export": 0, "id": "IT"}, {"import": 0, "export": 0, "id": "NL"}, {"import": 24250, "export": 0, "id": "PK"}], "world_import": 71582, "world_export": 0}, {"date": "2020-03-01", "list": [{"import": 0, "export": 0, "id": "UY"}, {"import": 0, "export": 0, "id": "IN"}, {"import": 9600, "export": 0, "id": "DE"}, {"import": 14580, "export": 0, "id": "TH"}, {"import": 0, "export": 0, "id": "LK"}, {"import": 4000, "export": 0, "id": "BE"}, {"import": 0, "export": 0, "id": "SE"}, {"import": 0, "export": 0, "id": "RO"}, {"import": 0, "export": 0, "id": "PL"}, {"import": 0, "export": 0, "id": "VN"}, {"import": 0, "export": 0, "id": "ES"}, {"import": 0, "export": 0, "id": "AE"}, {"import": 0, "export": 0, "id": "TR"}, {"import": 2000, "export": 0, "id": "GB"}, {"import": 414, "export": 0, "id": "US"}, {"import": 0, "export": 0, "id": "CA"}, {"import": 0, "export": 0, "id": "DK"}, {"import": 0, "export": 0, "id": "FR"}, {"import": 1000, "export": 0, "id": "GR"}, {"import": 0, "export": 0, "id": "IR"}, {"import": 12826, "export": 0, "id": "IT"}, {"import": 0, "export": 0, "id": "NL"}, {"import": 24000, "export": 0, "id": "PK"}], "world_import": 68420, "world_export": 0}, {"date": "2020-04-01", "list": [{"import": 0, "export": 0, "id": "UY"}, {"import": 719, "export": 0, "id": "IN"}, {"import": 0, "export": 0, "id": "DE"}, {"import": 18542, "export": 0, "id": "TH"}, {"import": 10149, "export": 0, "id": "LK"}, {"import": 0, "export": 0, "id": "BE"}, {"import": 0, "export": 0, "id": "SE"}, {"import": 1239, "export": 0, "id": "RO"}, {"import": 0, "export": 0, "id": "PL"}, {"import": 0, "export": 0, "id": "VN"}, {"import": 0, "export": 0, "id": "ES"}, {"import": 0, "export": 0, "id": "AE"}, {"import": 0, "export": 0, "id": "TR"}, {"import": 3035, "export": 0, "id": "GB"}, {"import": 2018, "export": 0, "id": "US"}, {"import": 0, "export": 0, "id": "CA"}, {"import": 0, "export": 0, "id": "DK"}, {"import": 338, "export": 0, "id": "FR"}, {"import": 0, "export": 0, "id": "GR"}, {"import": 0, "export": 0, "id": "IR"}, {"import": 5907, "export": 0, "id": "IT"}, {"import": 0, "export": 0, "id": "NL"}, {"import": 24400, "export": 0, "id": "PK"}], "world_import": 66347, "world_export": 0}, {"date": "2020-05-01", "list": [{"import": 0, "export": 0, "id": "UY"}, {"import": 5250, "export": 0, "id": "IN"}, {"import": 0, "export": 0, "id": "DE"}, {"import": 17484, "export": 0, "id": "TH"}, {"import": 0, "export": 0, "id": "LK"}, {"import": 5000, "export": 0, "id": "BE"}, {"import": 343, "export": 0, "id": "SE"}, {"import": 0, "export": 0, "id": "RO"}, {"import": 716, "export": 0, "id": "PL"}, {"import": 0, "export": 0, "id": "VN"}, {"import": 0, "export": 0, "id": "ES"}, {"import": 0, "export": 0, "id": "AE"}, {"import": 0, "export": 0, "id": "TR"}, {"import": 3723, "export": 0, "id": "GB"}, {"import": 0, "export": 0, "id": "US"}, {"import": 0, "export": 0, "id": "CA"}, {"import": 192, "export": 0, "id": "DK"}, {"import": 0, "export": 0, "id": "FR"}, {"import": 0, "export": 0, "id": "GR"}, {"import": 0, "export": 0, "id": "IR"}, {"import": 2742, "export": 0, "id": "IT"}, {"import": 0, "export": 0, "id": "NL"}, {"import": 0, "export": 0, "id": "PK"}], "world_import": 35450, "world_export": 0}, {"date": "2020-06-01", "list": [{"import": 2957, "export": 0, "id": "UY"}, {"import": 1167, "export": 0, "id": "IN"}, {"import": 0, "export": 0, "id": "DE"}, {"import": 29171, "export": 0, "id": "TH"}, {"import": 0, "export": 0, "id": "LK"}, {"import": 29634, "export": 0, "id": "BE"}, {"import": 0, "export": 0, "id": "SE"}, {"import": 0, "export": 0, "id": "RO"}, {"import": 0, "export": 0, "id": "PL"}, {"import": 0, "export": 0, "id": "VN"}, {"import": 0, "export": 0, "id": "ES"}, {"import": 0, "export": 0, "id": "AE"}, {"import": 0, "export": 0, "id": "TR"}, {"import": 3000, "export": 0, "id": "GB"}, {"import": 19674, "export": 0, "id": "US"}, {"import": 0, "export": 0, "id": "CA"}, {"import": 0, "export": 0, "id": "DK"}, {"import": 0, "export": 0, "id": "FR"}, {"import": 0, "export": 0, "id": "GR"}, {"import": 0, "export": 0, "id": "IR"}, {"import": 21308, "export": 0, "id": "IT"}, {"import": 0, "export": 0, "id": "NL"}, {"import": 23000, "export": 0, "id": "PK"}], "world_import": 129911, "world_export": 0}]