[{"date": "2005-05-01", "list": [{"import": 0, "export": 0, "id": "AU"}, {"import": 0, "export": 0, "id": "CN"}, {"import": 0, "export": 0, "id": "CG"}, {"import": 0, "export": 0, "id": "IT"}, {"import": 0, "export": 0, "id": "MY"}, {"import": 0, "export": 0, "id": "MZ"}, {"import": 0, "export": 0, "id": null}, {"import": 0, "export": 0, "id": "PK"}, {"import": 0, "export": 0, "id": "PT"}, {"import": 0, "export": 0, "id": "IN"}, {"import": 0, "export": 0, "id": "VN"}, {"import": 0, "export": 0, "id": "ZA"}, {"import": 0, "export": 0, "id": "ES"}, {"import": 0, "export": 0, "id": "US"}, {"import": 0, "export": 0, "id": "BR"}, {"import": 0, "export": 0, "id": "TH"}], "world_import": 0, "world_export": 0}, {"date": "2005-06-01", "list": [{"import": 0, "export": 0, "id": "AU"}, {"import": 0, "export": 0, "id": "BR"}, {"import": 0, "export": 0, "id": "CG"}, {"import": 0, "export": 0, "id": "IT"}, {"import": 0, "export": 0, "id": "MY"}, {"import": 0, "export": 0, "id": "MZ"}, {"import": 0, "export": 0, "id": null}, {"import": 0, "export": 0, "id": "PK"}, {"import": 0, "export": 0, "id": "PT"}, {"import": 0, "export": 0, "id": "IN"}, {"import": 0, "export": 0, "id": "ZA"}, {"import": 0, "export": 0, "id": "ES"}, {"import": 0, "export": 0, "id": "US"}, {"import": 0, "export": 0, "id": "CN"}, {"import": 0, "export": 0, "id": "VN"}, {"import": 0, "export": 0, "id": "TH"}], "world_import": 0, "world_export": 0}, {"date": "2005-07-01", "list": [{"import": 0, "export": 0, "id": "AU"}, {"import": 0, "export": 0, "id": "BR"}, {"import": 0, "export": 0, "id": "CN"}, {"import": 0, "export": 0, "id": "CG"}, {"import": 0, "export": 0, "id": "IT"}, {"import": 0, "export": 0, "id": "MY"}, {"import": 0, "export": 0, "id": "MZ"}, {"import": 0, "export": 0, "id": null}, {"import": 0, "export": 0, "id": "PK"}, {"import": 0, "export": 0, "id": "PT"}, {"import": 0, "export": 0, "id": "IN"}, {"import": 0, "export": 0, "id": "VN"}, {"import": 0, "export": 0, "id": "ES"}, {"import": 0, "export": 0, "id": "TH"}, {"import": 0, "export": 0, "id": "US"}, {"import": 0, "export": 0, "id": "ZA"}], "world_import": 0, "world_export": 0}, {"date": "2005-08-01", "list": [{"import": 0, "export": 0, "id": "AU"}, {"import": 0, "export": 0, "id": "BR"}, {"import": 0, "export": 0, "id": "CN"}, {"import": 0, "export": 0, "id": "CG"}, {"import": 0, "export": 0, "id": "IT"}, {"import": 0, "export": 0, "id": "MY"}, {"import": 0, "export": 0, "id": "MZ"}, {"import": 0, "export": 0, "id": null}, {"import": 0, "export": 0, "id": "PK"}, {"import": 0, "export": 0, "id": "PT"}, {"import": 0, "export": 0, "id": "IN"}, {"import": 0, "export": 0, "id": "VN"}, {"import": 0, "export": 0, "id": "ES"}, {"import": 0, "export": 0, "id": "TH"}, {"import": 0, "export": 0, "id": "US"}, {"import": 0, "export": 0, "id": "ZA"}], "world_import": 0, "world_export": 0}, {"date": "2005-09-01", "list": [{"import": 0, "export": 0, "id": "AU"}, {"import": 0, "export": 0, "id": "BR"}, {"import": 0, "export": 0, "id": "CN"}, {"import": 0, "export": 0, "id": "CG"}, {"import": 0, "export": 0, "id": "IT"}, {"import": 0, "export": 0, "id": "MY"}, {"import": 0, "export": 0, "id": "MZ"}, {"import": 0, "export": 0, "id": null}, {"import": 0, "export": 0, "id": "PK"}, {"import": 0, "export": 0, "id": "PT"}, {"import": 0, "export": 0, "id": "IN"}, {"import": 0, "export": 0, "id": "VN"}, {"import": 0, "export": 0, "id": "ZA"}, {"import": 0, "export": 0, "id": "ES"}, {"import": 0, "export": 0, "id": "US"}, {"import": 0, "export": 0, "id": "TH"}], "world_import": 0, "world_export": 0}, {"date": "2005-10-01", "list": [{"import": 0, "export": 0, "id": "AU"}, {"import": 0, "export": 0, "id": "BR"}, {"import": 0, "export": 0, "id": "CN"}, {"import": 0, "export": 0, "id": "CG"}, {"import": 0, "export": 0, "id": "IT"}, {"import": 0, "export": 0, "id": "MY"}, {"import": 0, "export": 0, "id": "MZ"}, {"import": 0, "export": 0, "id": null}, {"import": 0, "export": 0, "id": "PK"}, {"import": 0, "export": 0, "id": "PT"}, {"import": 0, "export": 0, "id": "IN"}, {"import": 0, "export": 0, "id": "VN"}, {"import": 0, "export": 0, "id": "ZA"}, {"import": 0, "export": 0, "id": "ES"}, {"import": 0, "export": 0, "id": "TH"}, {"import": 0, "export": 0, "id": "US"}], "world_import": 0, "world_export": 0}, {"date": "2005-11-01", "list": [{"import": 0, "export": 0, "id": "AU"}, {"import": 0, "export": 0, "id": "BR"}, {"import": 0, "export": 0, "id": "CN"}, {"import": 0, "export": 0, "id": "CG"}, {"import": 0, "export": 0, "id": "IT"}, {"import": 0, "export": 0, "id": "MY"}, {"import": 0, "export": 0, "id": "MZ"}, {"import": 0, "export": 0, "id": null}, {"import": 0, "export": 0, "id": "PK"}, {"import": 0, "export": 0, "id": "IN"}, {"import": 0, "export": 0, "id": "VN"}, {"import": 0, "export": 0, "id": "ZA"}, {"import": 0, "export": 0, "id": "ES"}, {"import": 0, "export": 0, "id": "US"}, {"import": 0, "export": 0, "id": "PT"}, {"import": 0, "export": 0, "id": "TH"}], "world_import": 0, "world_export": 0}, {"date": "2005-12-01", "list": [{"import": 0, "export": 0, "id": "AU"}, {"import": 0, "export": 0, "id": "BR"}, {"import": 0, "export": 0, "id": "CN"}, {"import": 0, "export": 0, "id": "IT"}, {"import": 0, "export": 0, "id": "MY"}, {"import": 0, "export": 0, "id": null}, {"import": 0, "export": 0, "id": "PK"}, {"import": 0, "export": 0, "id": "IN"}, {"import": 0, "export": 0, "id": "VN"}, {"import": 0, "export": 0, "id": "ZA"}, {"import": 0, "export": 0, "id": "TH"}, {"import": 0, "export": 0, "id": "US"}, {"import": 0, "export": 0, "id": "CG"}, {"import": 0, "export": 0, "id": "MZ"}, {"import": 0, "export": 0, "id": "PT"}, {"import": 0, "export": 0, "id": "ES"}], "world_import": 0, "world_export": 0}, {"date": "2006-01-01", "list": [{"import": 0, "export": 0, "id": "AU"}, {"import": 0, "export": 0, "id": "BR"}, {"import": 0, "export": 0, "id": "CG"}, {"import": 0, "export": 0, "id": "IT"}, {"import": 0, "export": 0, "id": "MY"}, {"import": 0, "export": 0, "id": "MZ"}, {"import": 0, "export": 0, "id": null}, {"import": 0, "export": 0, "id": "PK"}, {"import": 0, "export": 0, "id": "PT"}, {"import": 0, "export": 0, "id": "IN"}, {"import": 0, "export": 0, "id": "VN"}, {"import": 0, "export": 0, "id": "TH"}, {"import": 0, "export": 0, "id": "US"}, {"import": 0, "export": 0, "id": "CN"}, {"import": 0, "export": 0, "id": "ZA"}, {"import": 0, "export": 0, "id": "ES"}], "world_import": 0, "world_export": 0}, {"date": "2006-02-01", "list": [{"import": 0, "export": 0, "id": "AU"}, {"import": 0, "export": 0, "id": "BR"}, {"import": 0, "export": 0, "id": "CN"}, {"import": 0, "export": 0, "id": "CG"}, {"import": 0, "export": 0, "id": "IT"}, {"import": 0, "export": 0, "id": "MY"}, {"import": 0, "export": 0, "id": "MZ"}, {"import": 0, "export": 0, "id": null}, {"import": 0, "export": 0, "id": "PT"}, {"import": 0, "export": 0, "id": "IN"}, {"import": 0, "export": 0, "id": "VN"}, {"import": 0, "export": 0, "id": "ZA"}, {"import": 0, "export": 0, "id": "ES"}, {"import": 0, "export": 0, "id": "TH"}, {"import": 0, "export": 0, "id": "PK"}, {"import": 0, "export": 0, "id": "US"}], "world_import": 0, "world_export": 0}, {"date": "2006-03-01", "list": [{"import": 0, "export": 0, "id": "AU"}, {"import": 0, "export": 0, "id": "BR"}, {"import": 0, "export": 0, "id": "CG"}, {"import": 0, "export": 0, "id": "IT"}, {"import": 0, "export": 0, "id": "MY"}, {"import": 0, "export": 0, "id": "MZ"}, {"import": 0, "export": 0, "id": null}, {"import": 0, "export": 0, "id": "PK"}, {"import": 0, "export": 0, "id": "PT"}, {"import": 0, "export": 0, "id": "IN"}, {"import": 0, "export": 0, "id": "VN"}, {"import": 0, "export": 0, "id": "ZA"}, {"import": 0, "export": 0, "id": "ES"}, {"import": 0, "export": 0, "id": "TH"}, {"import": 0, "export": 0, "id": "US"}, {"import": 0, "export": 0, "id": "CN"}], "world_import": 0, "world_export": 0}, {"date": "2006-04-01", "list": [{"import": 0, "export": 0, "id": "AU"}, {"import": 0, "export": 0, "id": "BR"}, {"import": 0, "export": 0, "id": "CN"}, {"import": 0, "export": 0, "id": "CG"}, {"import": 0, "export": 0, "id": "IT"}, {"import": 0, "export": 0, "id": "MY"}, {"import": 0, "export": 0, "id": "MZ"}, {"import": 0, "export": 0, "id": null}, {"import": 0, "export": 0, "id": "PK"}, {"import": 0, "export": 0, "id": "PT"}, {"import": 0, "export": 0, "id": "VN"}, {"import": 0, "export": 0, "id": "TH"}, {"import": 0, "export": 0, "id": "US"}, {"import": 0, "export": 0, "id": "IN"}, {"import": 0, "export": 0, "id": "ZA"}, {"import": 0, "export": 0, "id": "ES"}], "world_import": 0, "world_export": 0}, {"date": "2006-05-01", "list": [{"import": 0, "export": 0, "id": "AU"}, {"import": 0, "export": 0, "id": "BR"}, {"import": 0, "export": 0, "id": "CN"}, {"import": 0, "export": 0, "id": "CG"}, {"import": 0, "export": 0, "id": "MY"}, {"import": 0, "export": 0, "id": "MZ"}, {"import": 0, "export": 0, "id": "PK"}, {"import": 0, "export": 0, "id": "PT"}, {"import": 0, "export": 0, "id": "IN"}, {"import": 0, "export": 0, "id": "VN"}, {"import": 0, "export": 0, "id": "ZA"}, {"import": 0, "export": 0, "id": "TH"}, {"import": 0, "export": 0, "id": "US"}, {"import": 0, "export": 0, "id": "IT"}, {"import": 0, "export": 0, "id": null}, {"import": 0, "export": 0, "id": "ES"}], "world_import": 0, "world_export": 0}, {"date": "2006-06-01", "list": [{"import": 0, "export": 0, "id": "AU"}, {"import": 0, "export": 0, "id": "BR"}, {"import": 0, "export": 0, "id": "CN"}, {"import": 0, "export": 0, "id": "CG"}, {"import": 0, "export": 0, "id": "MY"}, {"import": 0, "export": 0, "id": "MZ"}, {"import": 0, "export": 0, "id": null}, {"import": 0, "export": 0, "id": "PK"}, {"import": 0, "export": 0, "id": "IN"}, {"import": 0, "export": 0, "id": "VN"}, {"import": 0, "export": 0, "id": "ES"}, {"import": 0, "export": 0, "id": "TH"}, {"import": 0, "export": 0, "id": "US"}, {"import": 0, "export": 0, "id": "IT"}, {"import": 0, "export": 0, "id": "PT"}, {"import": 0, "export": 0, "id": "ZA"}], "world_import": 0, "world_export": 0}, {"date": "2006-07-01", "list": [{"import": 0, "export": 0, "id": "AU"}, {"import": 0, "export": 0, "id": "BR"}, {"import": 0, "export": 0, "id": "CN"}, {"import": 0, "export": 0, "id": "CG"}, {"import": 0, "export": 0, "id": "IT"}, {"import": 0, "export": 0, "id": "MY"}, {"import": 0, "export": 0, "id": "MZ"}, {"import": 0, "export": 0, "id": null}, {"import": 0, "export": 0, "id": "PK"}, {"import": 0, "export": 0, "id": "IN"}, {"import": 0, "export": 0, "id": "VN"}, {"import": 0, "export": 0, "id": "ZA"}, {"import": 0, "export": 0, "id": "ES"}, {"import": 0, "export": 0, "id": "TH"}, {"import": 0, "export": 0, "id": "US"}, {"import": 0, "export": 0, "id": "PT"}], "world_import": 0, "world_export": 0}, {"date": "2006-08-01", "list": [{"import": 0, "export": 0, "id": "AU"}, {"import": 0, "export": 0, "id": "BR"}, {"import": 0, "export": 0, "id": "CN"}, {"import": 0, "export": 0, "id": "CG"}, {"import": 0, "export": 0, "id": "IT"}, {"import": 0, "export": 0, "id": "MY"}, {"import": 0, "export": 0, "id": "MZ"}, {"import": 0, "export": 0, "id": null}, {"import": 0, "export": 0, "id": "PK"}, {"import": 0, "export": 0, "id": "IN"}, {"import": 0, "export": 0, "id": "ZA"}, {"import": 0, "export": 0, "id": "ES"}, {"import": 0, "export": 0, "id": "US"}, {"import": 0, "export": 0, "id": "PT"}, {"import": 0, "export": 0, "id": "VN"}, {"import": 0, "export": 0, "id": "TH"}], "world_import": 0, "world_export": 0}, {"date": "2006-09-01", "list": [{"import": 0, "export": 0, "id": "AU"}, {"import": 0, "export": 0, "id": "BR"}, {"import": 0, "export": 0, "id": "CN"}, {"import": 0, "export": 0, "id": "CG"}, {"import": 0, "export": 0, "id": "IT"}, {"import": 0, "export": 0, "id": "MY"}, {"import": 0, "export": 0, "id": "MZ"}, {"import": 0, "export": 0, "id": "PK"}, {"import": 0, "export": 0, "id": "PT"}, {"import": 0, "export": 0, "id": "IN"}, {"import": 0, "export": 0, "id": "VN"}, {"import": 0, "export": 0, "id": "ZA"}, {"import": 0, "export": 0, "id": "ES"}, {"import": 0, "export": 0, "id": "US"}, {"import": 0, "export": 0, "id": null}, {"import": 0, "export": 0, "id": "TH"}], "world_import": 0, "world_export": 0}, {"date": "2006-10-01", "list": [{"import": 0, "export": 0, "id": "AU"}, {"import": 0, "export": 0, "id": "BR"}, {"import": 0, "export": 0, "id": "CN"}, {"import": 0, "export": 0, "id": "CG"}, {"import": 0, "export": 0, "id": "IT"}, {"import": 0, "export": 0, "id": "MZ"}, {"import": 0, "export": 0, "id": null}, {"import": 0, "export": 0, "id": "PT"}, {"import": 0, "export": 0, "id": "IN"}, {"import": 0, "export": 0, "id": "ZA"}, {"import": 0, "export": 0, "id": "ES"}, {"import": 0, "export": 0, "id": "TH"}, {"import": 0, "export": 0, "id": "US"}, {"import": 0, "export": 0, "id": "MY"}, {"import": 0, "export": 0, "id": "PK"}, {"import": 0, "export": 0, "id": "VN"}], "world_import": 0, "world_export": 0}, {"date": "2006-11-01", "list": [{"import": 0, "export": 0, "id": "AU"}, {"import": 0, "export": 0, "id": "BR"}, {"import": 0, "export": 0, "id": "CN"}, {"import": 0, "export": 0, "id": "CG"}, {"import": 0, "export": 0, "id": "IT"}, {"import": 0, "export": 0, "id": "MY"}, {"import": 0, "export": 0, "id": "MZ"}, {"import": 0, "export": 0, "id": null}, {"import": 0, "export": 0, "id": "PK"}, {"import": 0, "export": 0, "id": "IN"}, {"import": 0, "export": 0, "id": "VN"}, {"import": 0, "export": 0, "id": "ZA"}, {"import": 0, "export": 0, "id": "ES"}, {"import": 0, "export": 0, "id": "TH"}], "world_import": 0, "world_export": 0}, {"date": "2006-12-01", "list": [{"import": 0, "export": 0, "id": "BR"}, {"import": 0, "export": 0, "id": "CN"}, {"import": 0, "export": 0, "id": "CG"}, {"import": 0, "export": 0, "id": "IT"}, {"import": 0, "export": 0, "id": "MY"}, {"import": 0, "export": 0, "id": "MZ"}, {"import": 0, "export": 0, "id": null}, {"import": 0, "export": 0, "id": "PK"}, {"import": 0, "export": 0, "id": "IN"}, {"import": 0, "export": 0, "id": "VN"}, {"import": 0, "export": 0, "id": "ES"}, {"import": 0, "export": 0, "id": "TH"}, {"import": 0, "export": 0, "id": "US"}], "world_import": 0, "world_export": 0}]