[{"date": "2015-05-01", "list": [{"import": 211594, "export": 0, "id": "AE"}, {"import": 0, "export": 0, "id": "IN"}, {"import": 0, "export": 0, "id": "PK"}, {"import": 0, "export": 0, "id": "YE"}], "world_import": 211594, "world_export": 0}, {"date": "2015-06-01", "list": [{"import": 264604, "export": 0, "id": "AE"}, {"import": 0, "export": 0, "id": "IN"}, {"import": 0, "export": 0, "id": "PK"}, {"import": 0, "export": 0, "id": "YE"}], "world_import": 264604, "world_export": 0}, {"date": "2015-07-01", "list": [{"import": 120332, "export": 0, "id": "AE"}, {"import": 0, "export": 0, "id": "IN"}, {"import": 0, "export": 0, "id": "PK"}, {"import": 0, "export": 0, "id": "YE"}], "world_import": 120332, "world_export": 0}, {"date": "2015-08-01", "list": [{"import": 191124, "export": 0, "id": "AE"}, {"import": 0, "export": 0, "id": "IN"}, {"import": 75761, "export": 0, "id": "PK"}, {"import": 0, "export": 0, "id": "YE"}], "world_import": 266885, "world_export": 0}, {"date": "2015-09-01", "list": [{"import": 22896, "export": 0, "id": "AE"}, {"import": 0, "export": 0, "id": "IN"}, {"import": 0, "export": 0, "id": "PK"}, {"import": 0, "export": 0, "id": "YE"}], "world_import": 22896, "world_export": 0}, {"date": "2015-10-01", "list": [{"import": 174822, "export": 26250, "id": "AE"}, {"import": 0, "export": 0, "id": "IN"}, {"import": 0, "export": 0, "id": "PK"}, {"import": 0, "export": 0, "id": "YE"}], "world_import": 174822, "world_export": 26250}, {"date": "2015-11-01", "list": [{"import": 101987, "export": 0, "id": "AE"}, {"import": 24675, "export": 0, "id": "IN"}, {"import": 0, "export": 0, "id": "PK"}, {"import": 0, "export": 458000, "id": "YE"}], "world_import": 126662, "world_export": 458000}, {"date": "2015-12-01", "list": [{"import": 245561, "export": 0, "id": "AE"}, {"import": 0, "export": 0, "id": "IN"}, {"import": 0, "export": 0, "id": "PK"}, {"import": 0, "export": 0, "id": "YE"}], "world_import": 245561, "world_export": 0}, {"date": "2016-01-01", "list": [{"import": 129574, "export": 0, "id": "AE"}, {"import": 0, "export": 0, "id": "IN"}, {"import": 0, "export": 0, "id": "PK"}, {"import": 0, "export": 980350, "id": "YE"}], "world_import": 129574, "world_export": 980350}, {"date": "2016-02-01", "list": [{"import": 84961, "export": 0, "id": "AE"}, {"import": 0, "export": 0, "id": "IN"}, {"import": 0, "export": 0, "id": "PK"}, {"import": 0, "export": 0, "id": "YE"}], "world_import": 84961, "world_export": 0}, {"date": "2016-03-01", "list": [{"import": 0, "export": 0, "id": "AE"}, {"import": 0, "export": 0, "id": "IN"}, {"import": 0, "export": 0, "id": "PK"}, {"import": 0, "export": 0, "id": "YE"}], "world_import": 0, "world_export": 0}, {"date": "2016-04-01", "list": [{"import": 10471, "export": 0, "id": "AE"}, {"import": 0, "export": 0, "id": "IN"}, {"import": 0, "export": 0, "id": "PK"}, {"import": 0, "export": 0, "id": "YE"}], "world_import": 10471, "world_export": 0}, {"date": "2016-05-01", "list": [{"import": 97400, "export": 0, "id": "AE"}, {"import": 4100, "export": 0, "id": "IN"}, {"import": 121447, "export": 0, "id": "PK"}, {"import": 0, "export": 0, "id": "YE"}], "world_import": 222947, "world_export": 0}, {"date": "2016-06-01", "list": [{"import": 101080, "export": 0, "id": "AE"}, {"import": 0, "export": 0, "id": "IN"}, {"import": 145545, "export": 0, "id": "PK"}, {"import": 0, "export": 0, "id": "YE"}], "world_import": 246625, "world_export": 0}, {"date": "2016-07-01", "list": [{"import": 255513, "export": 0, "id": "AE"}, {"import": 52182, "export": 0, "id": "IN"}, {"import": 0, "export": 0, "id": "PK"}, {"import": 0, "export": 0, "id": "YE"}], "world_import": 307695, "world_export": 0}, {"date": "2016-08-01", "list": [{"import": 18401, "export": 0, "id": "AE"}, {"import": 26051, "export": 0, "id": "IN"}, {"import": 0, "export": 0, "id": "PK"}, {"import": 0, "export": 0, "id": "YE"}], "world_import": 44452, "world_export": 0}, {"date": "2016-09-01", "list": [{"import": 10757, "export": 0, "id": "AE"}, {"import": 0, "export": 0, "id": "IN"}, {"import": 0, "export": 0, "id": "PK"}, {"import": 0, "export": 0, "id": "YE"}], "world_import": 10757, "world_export": 0}, {"date": "2016-10-01", "list": [{"import": 3664, "export": 0, "id": "AE"}, {"import": 0, "export": 0, "id": "IN"}, {"import": 93300, "export": 0, "id": "PK"}, {"import": 0, "export": 0, "id": "YE"}], "world_import": 96964, "world_export": 0}]