[{"date": "2018-10-01", "list": [{"import": 1746400, "export": 0, "id": "GY"}, {"import": 8275500, "export": 0, "id": "IN"}, {"import": 1705, "export": 0, "id": "ES"}, {"import": 1165001, "export": 0, "id": "PK"}, {"import": 1054430, "export": 0, "id": "TH"}, {"import": 407740, "export": 0, "id": "UY"}, {"import": 0, "export": 0, "id": "PY"}, {"import": 103303, "export": 0, "id": "IT"}, {"import": 71210, "export": 0, "id": "AR"}, {"import": 0, "export": 0, "id": "MM"}, {"import": 102581, "export": 0, "id": "BE"}, {"import": 327600, "export": 0, "id": "KH"}, {"import": 581920, "export": 0, "id": "GB"}, {"import": 1253, "export": 0, "id": "FR"}, {"import": 0, "export": 0, "id": "PL"}, {"import": 64590, "export": 0, "id": "DK"}, {"import": 32731, "export": 0, "id": "DE"}, {"import": 0, "export": 0, "id": "KR"}, {"import": 28, "export": 0, "id": "SE"}, {"import": 0, "export": 0, "id": "FI"}, {"import": 84, "export": 0, "id": "RO"}, {"import": 0, "export": 0, "id": "LV"}, {"import": 3787, "export": 0, "id": "-"}, {"import": 0, "export": 0, "id": "LU"}, {"import": 30, "export": 0, "id": "MT"}, {"import": 49, "export": 0, "id": "HR"}, {"import": 126, "export": 0, "id": "SK"}, {"import": 45, "export": 0, "id": "SI"}, {"import": 34, "export": 0, "id": "EE"}, {"import": 4, "export": 0, "id": "AT"}, {"import": 0, "export": 0, "id": "BG"}, {"import": 0, "export": 0, "id": "LT"}, {"import": 0, "export": 0, "id": "JP"}, {"import": 0, "export": 0, "id": "JO"}, {"import": 0, "export": 0, "id": "HU"}, {"import": 0, "export": 0, "id": "IS"}, {"import": 0, "export": 0, "id": "ID"}, {"import": 7, "export": 0, "id": "IE"}, {"import": 0, "export": 0, "id": "TW"}, {"import": 0, "export": 0, "id": "PH"}, {"import": 0, "export": 0, "id": "PT"}, {"import": 0, "export": 0, "id": "SG"}, {"import": 0, "export": 0, "id": "CA"}, {"import": 0, "export": 0, "id": "LK"}, {"import": 4, "export": 0, "id": "CY"}, {"import": 4, "export": 0, "id": "GR"}, {"import": 773100, "export": 0, "id": "VN"}, {"import": 0, "export": 0, "id": "AE"}, {"import": 625000, "export": 0, "id": "SR"}, {"import": 0, "export": 0, "id": "US"}], "world_import": 15338266, "world_export": 0}, {"date": "2018-12-01", "list": [{"import": 1255140, "export": 0, "id": "GY"}, {"import": 2597200, "export": 0, "id": "IN"}, {"import": 6855, "export": 0, "id": "ES"}, {"import": 1772640, "export": 0, "id": "PK"}, {"import": 1275060, "export": 0, "id": "TH"}, {"import": 1344100, "export": 0, "id": "UY"}, {"import": 664600, "export": 0, "id": "PY"}, {"import": 321553, "export": 0, "id": "IT"}, {"import": 0, "export": 0, "id": "AR"}, {"import": 0, "export": 0, "id": "MM"}, {"import": 109931, "export": 0, "id": "BE"}, {"import": 220000, "export": 0, "id": "KH"}, {"import": 208212, "export": 0, "id": "GB"}, {"import": 563, "export": 0, "id": "FR"}, {"import": 1590, "export": 0, "id": "PL"}, {"import": 14884, "export": 0, "id": "DK"}, {"import": 24635, "export": 0, "id": "DE"}, {"import": 0, "export": 0, "id": "KR"}, {"import": 272, "export": 0, "id": "SE"}, {"import": 10, "export": 0, "id": "FI"}, {"import": 91, "export": 0, "id": "RO"}, {"import": 143, "export": 0, "id": "LV"}, {"import": 6996, "export": 0, "id": "-"}, {"import": 0, "export": 0, "id": "LU"}, {"import": 33, "export": 0, "id": "MT"}, {"import": 106, "export": 0, "id": "HR"}, {"import": 39, "export": 0, "id": "SK"}, {"import": 56, "export": 0, "id": "SI"}, {"import": 13, "export": 0, "id": "EE"}, {"import": 0, "export": 0, "id": "AT"}, {"import": 0, "export": 0, "id": "BG"}, {"import": 37, "export": 0, "id": "LT"}, {"import": 0, "export": 0, "id": "JP"}, {"import": 0, "export": 0, "id": "JO"}, {"import": 1, "export": 0, "id": "HU"}, {"import": 0, "export": 0, "id": "IS"}, {"import": 0, "export": 0, "id": "ID"}, {"import": 0, "export": 0, "id": "IE"}, {"import": 0, "export": 0, "id": "TW"}, {"import": 0, "export": 0, "id": "PH"}, {"import": 0, "export": 0, "id": "PT"}, {"import": 0, "export": 0, "id": "SG"}, {"import": 0, "export": 0, "id": "CA"}, {"import": 0, "export": 0, "id": "LK"}, {"import": 0, "export": 0, "id": "CY"}, {"import": 8, "export": 0, "id": "GR"}, {"import": 312000, "export": 0, "id": "VN"}, {"import": 0, "export": 0, "id": "AE"}, {"import": 304965, "export": 0, "id": "SR"}, {"import": 1020, "export": 0, "id": "US"}], "world_import": 10442794, "world_export": 0}, {"date": "2019-02-01", "list": [{"import": 1999820, "export": 0, "id": "GY"}, {"import": 3423570, "export": 0, "id": "IN"}, {"import": 537, "export": 0, "id": "ES"}, {"import": 1623500, "export": 0, "id": "PK"}, {"import": 965980, "export": 0, "id": "TH"}, {"import": 1007755, "export": 0, "id": "UY"}, {"import": 733950, "export": 0, "id": "PY"}, {"import": 68062, "export": 0, "id": "IT"}, {"import": 48000, "export": 0, "id": "AR"}, {"import": 0, "export": 0, "id": "MM"}, {"import": 115394, "export": 0, "id": "BE"}, {"import": 0, "export": 0, "id": "KH"}, {"import": 131248, "export": 0, "id": "GB"}, {"import": 432, "export": 0, "id": "FR"}, {"import": 580, "export": 0, "id": "PL"}, {"import": 13766, "export": 0, "id": "DK"}, {"import": 48008, "export": 0, "id": "DE"}, {"import": 0, "export": 0, "id": "KR"}, {"import": 0, "export": 0, "id": "SE"}, {"import": 0, "export": 0, "id": "FI"}, {"import": 0, "export": 0, "id": "RO"}, {"import": 0, "export": 0, "id": "LV"}, {"import": 29320, "export": 0, "id": "-"}, {"import": 0, "export": 0, "id": "LU"}, {"import": 101, "export": 0, "id": "MT"}, {"import": 67, "export": 0, "id": "HR"}, {"import": 0, "export": 0, "id": "SK"}, {"import": 36, "export": 0, "id": "SI"}, {"import": 0, "export": 0, "id": "EE"}, {"import": 45, "export": 0, "id": "AT"}, {"import": 0, "export": 0, "id": "BG"}, {"import": 3, "export": 0, "id": "LT"}, {"import": 0, "export": 0, "id": "JP"}, {"import": 0, "export": 0, "id": "JO"}, {"import": 6, "export": 0, "id": "HU"}, {"import": 0, "export": 0, "id": "IS"}, {"import": 0, "export": 0, "id": "ID"}, {"import": 22, "export": 0, "id": "IE"}, {"import": 220, "export": 0, "id": "TW"}, {"import": 0, "export": 0, "id": "PH"}, {"import": 59, "export": 0, "id": "PT"}, {"import": 0, "export": 0, "id": "SG"}, {"import": 0, "export": 0, "id": "CA"}, {"import": 0, "export": 0, "id": "LK"}, {"import": 0, "export": 0, "id": "CY"}, {"import": 4, "export": 0, "id": "GR"}, {"import": 24000, "export": 0, "id": "VN"}, {"import": 0, "export": 0, "id": "AE"}, {"import": 0, "export": 0, "id": "SR"}, {"import": 0, "export": 0, "id": "US"}], "world_import": 10234595, "world_export": 0}, {"date": "2019-04-01", "list": [{"import": 2951070, "export": 0, "id": "GY"}, {"import": 2063040, "export": 0, "id": "IN"}, {"import": 4291686, "export": 0, "id": "ES"}, {"import": 7238030, "export": 0, "id": "PK"}, {"import": 1826336, "export": 0, "id": "TH"}, {"import": 1416925, "export": 0, "id": "UY"}, {"import": 988470, "export": 0, "id": "PY"}, {"import": 249117, "export": 0, "id": "IT"}, {"import": 4539000, "export": 0, "id": "AR"}, {"import": 0, "export": 0, "id": "MM"}, {"import": 170144, "export": 0, "id": "BE"}, {"import": 0, "export": 0, "id": "KH"}, {"import": 2693, "export": 0, "id": "GB"}, {"import": 561, "export": 0, "id": "FR"}, {"import": 2044, "export": 0, "id": "PL"}, {"import": 6086, "export": 0, "id": "DK"}, {"import": 32387, "export": 0, "id": "DE"}, {"import": 2000, "export": 0, "id": "KR"}, {"import": 419, "export": 0, "id": "SE"}, {"import": 326, "export": 0, "id": "FI"}, {"import": 417, "export": 0, "id": "RO"}, {"import": 186, "export": 0, "id": "LV"}, {"import": 0, "export": 0, "id": "-"}, {"import": 0, "export": 0, "id": "LU"}, {"import": 771, "export": 0, "id": "MT"}, {"import": 68, "export": 0, "id": "HR"}, {"import": 26, "export": 0, "id": "SK"}, {"import": 269, "export": 0, "id": "SI"}, {"import": 32, "export": 0, "id": "EE"}, {"import": 53, "export": 0, "id": "AT"}, {"import": 0, "export": 0, "id": "BG"}, {"import": 220, "export": 0, "id": "LT"}, {"import": 1225, "export": 0, "id": "JP"}, {"import": 2160, "export": 0, "id": "JO"}, {"import": 228, "export": 0, "id": "HU"}, {"import": 0, "export": 0, "id": "IS"}, {"import": 990, "export": 0, "id": "ID"}, {"import": 0, "export": 0, "id": "IE"}, {"import": 0, "export": 0, "id": "TW"}, {"import": 0, "export": 0, "id": "PH"}, {"import": 0, "export": 0, "id": "PT"}, {"import": 0, "export": 0, "id": "SG"}, {"import": 0, "export": 0, "id": "CA"}, {"import": 3022, "export": 0, "id": "LK"}, {"import": 55, "export": 0, "id": "CY"}, {"import": 146149, "export": 0, "id": "GR"}, {"import": 757, "export": 0, "id": "VN"}, {"import": 0, "export": 0, "id": "AE"}, {"import": 0, "export": 0, "id": "SR"}, {"import": 0, "export": 0, "id": "US"}], "world_import": 25936964, "world_export": 0}, {"date": "2019-06-01", "list": [{"import": 2335792, "export": 0, "id": "GY"}, {"import": 6664931, "export": 0, "id": "IN"}, {"import": 601, "export": 0, "id": "ES"}, {"import": 4862412, "export": 0, "id": "PK"}, {"import": 1412084, "export": 0, "id": "TH"}, {"import": 1341670, "export": 0, "id": "UY"}, {"import": 0, "export": 0, "id": "PY"}, {"import": 210023, "export": 0, "id": "IT"}, {"import": 72000, "export": 0, "id": "AR"}, {"import": 0, "export": 0, "id": "MM"}, {"import": 105348, "export": 0, "id": "BE"}, {"import": 22000, "export": 0, "id": "KH"}, {"import": 13612, "export": 0, "id": "GB"}, {"import": 276, "export": 0, "id": "FR"}, {"import": 510, "export": 0, "id": "PL"}, {"import": 19918, "export": 0, "id": "DK"}, {"import": 67102, "export": 0, "id": "DE"}, {"import": 0, "export": 0, "id": "KR"}, {"import": 3, "export": 0, "id": "SE"}, {"import": 32, "export": 0, "id": "FI"}, {"import": 437, "export": 0, "id": "RO"}, {"import": 109, "export": 0, "id": "LV"}, {"import": 5298, "export": 0, "id": "-"}, {"import": 0, "export": 0, "id": "LU"}, {"import": 125, "export": 0, "id": "MT"}, {"import": 0, "export": 0, "id": "HR"}, {"import": 0, "export": 0, "id": "SK"}, {"import": 231, "export": 0, "id": "SI"}, {"import": 2, "export": 0, "id": "EE"}, {"import": 5, "export": 0, "id": "AT"}, {"import": 0, "export": 0, "id": "BG"}, {"import": 540, "export": 0, "id": "LT"}, {"import": 0, "export": 0, "id": "JP"}, {"import": 0, "export": 0, "id": "JO"}, {"import": 56, "export": 0, "id": "HU"}, {"import": 0, "export": 0, "id": "IS"}, {"import": 0, "export": 0, "id": "ID"}, {"import": 0, "export": 0, "id": "IE"}, {"import": 0, "export": 0, "id": "TW"}, {"import": 0, "export": 0, "id": "PH"}, {"import": 57, "export": 0, "id": "PT"}, {"import": 864, "export": 0, "id": "SG"}, {"import": 0, "export": 0, "id": "CA"}, {"import": 4650, "export": 0, "id": "LK"}, {"import": 0, "export": 0, "id": "CY"}, {"import": 46, "export": 0, "id": "GR"}, {"import": 294000, "export": 0, "id": "VN"}, {"import": 0, "export": 0, "id": "AE"}, {"import": 0, "export": 0, "id": "SR"}, {"import": 8, "export": 0, "id": "US"}], "world_import": 17434787, "world_export": 0}, {"date": "2019-08-01", "list": [{"import": 1133130, "export": 0, "id": "GY"}, {"import": 1314008, "export": 0, "id": "IN"}, {"import": 3850, "export": 0, "id": "ES"}, {"import": 3830016, "export": 0, "id": "PK"}, {"import": 677534, "export": 0, "id": "TH"}, {"import": 694080, "export": 0, "id": "UY"}, {"import": 535103, "export": 0, "id": "PY"}, {"import": 330722, "export": 0, "id": "IT"}, {"import": 71610, "export": 0, "id": "AR"}, {"import": 0, "export": 0, "id": "MM"}, {"import": 141473, "export": 0, "id": "BE"}, {"import": 641257, "export": 0, "id": "KH"}, {"import": 16951, "export": 0, "id": "GB"}, {"import": 610, "export": 0, "id": "FR"}, {"import": 1736, "export": 0, "id": "PL"}, {"import": 21869, "export": 0, "id": "DK"}, {"import": 19711, "export": 0, "id": "DE"}, {"import": 0, "export": 0, "id": "KR"}, {"import": 0, "export": 0, "id": "SE"}, {"import": 209, "export": 0, "id": "FI"}, {"import": 0, "export": 0, "id": "RO"}, {"import": 135, "export": 0, "id": "LV"}, {"import": 1947, "export": 0, "id": "-"}, {"import": 0, "export": 0, "id": "LU"}, {"import": 107, "export": 0, "id": "MT"}, {"import": 118, "export": 0, "id": "HR"}, {"import": 141, "export": 0, "id": "SK"}, {"import": 227, "export": 0, "id": "SI"}, {"import": 2, "export": 0, "id": "EE"}, {"import": 3373, "export": 0, "id": "AT"}, {"import": 0, "export": 0, "id": "BG"}, {"import": 138, "export": 0, "id": "LT"}, {"import": 0, "export": 0, "id": "JP"}, {"import": 0, "export": 0, "id": "JO"}, {"import": 70, "export": 0, "id": "HU"}, {"import": 362, "export": 0, "id": "IS"}, {"import": 0, "export": 0, "id": "ID"}, {"import": 0, "export": 0, "id": "IE"}, {"import": 0, "export": 0, "id": "TW"}, {"import": 0, "export": 0, "id": "PH"}, {"import": 31, "export": 0, "id": "PT"}, {"import": 0, "export": 0, "id": "SG"}, {"import": 0, "export": 0, "id": "CA"}, {"import": 2210, "export": 0, "id": "LK"}, {"import": 0, "export": 0, "id": "CY"}, {"import": 251085, "export": 0, "id": "GR"}, {"import": 922542, "export": 0, "id": "VN"}, {"import": 0, "export": 0, "id": "AE"}, {"import": 0, "export": 0, "id": "SR"}, {"import": 4111, "export": 0, "id": "US"}], "world_import": 10620468, "world_export": 0}, {"date": "2019-10-01", "list": [{"import": 1820750, "export": 0, "id": "GY"}, {"import": 2139000, "export": 0, "id": "IN"}, {"import": 1727, "export": 0, "id": "ES"}, {"import": 5017115, "export": 0, "id": "PK"}, {"import": 833468, "export": 0, "id": "TH"}, {"import": 215760, "export": 0, "id": "UY"}, {"import": 1843110, "export": 0, "id": "PY"}, {"import": 422574, "export": 0, "id": "IT"}, {"import": 48000, "export": 0, "id": "AR"}, {"import": 0, "export": 0, "id": "MM"}, {"import": 152623, "export": 0, "id": "BE"}, {"import": 379000, "export": 0, "id": "KH"}, {"import": 7332, "export": 0, "id": "GB"}, {"import": 16425, "export": 0, "id": "FR"}, {"import": 501468, "export": 0, "id": "PL"}, {"import": 11067, "export": 0, "id": "DK"}, {"import": 43296, "export": 0, "id": "DE"}, {"import": 1240, "export": 0, "id": "KR"}, {"import": 14, "export": 0, "id": "SE"}, {"import": 648, "export": 0, "id": "FI"}, {"import": 218, "export": 0, "id": "RO"}, {"import": 597, "export": 0, "id": "LV"}, {"import": 1683, "export": 0, "id": "-"}, {"import": 0, "export": 0, "id": "LU"}, {"import": 117, "export": 0, "id": "MT"}, {"import": 274, "export": 0, "id": "HR"}, {"import": 32, "export": 0, "id": "SK"}, {"import": 1130, "export": 0, "id": "SI"}, {"import": 57, "export": 0, "id": "EE"}, {"import": 5, "export": 0, "id": "AT"}, {"import": 1444, "export": 0, "id": "BG"}, {"import": 270, "export": 0, "id": "LT"}, {"import": 0, "export": 0, "id": "JP"}, {"import": 0, "export": 0, "id": "JO"}, {"import": 778, "export": 0, "id": "HU"}, {"import": 0, "export": 0, "id": "IS"}, {"import": 0, "export": 0, "id": "ID"}, {"import": 21, "export": 0, "id": "IE"}, {"import": 0, "export": 0, "id": "TW"}, {"import": 0, "export": 0, "id": "PH"}, {"import": 0, "export": 0, "id": "PT"}, {"import": 360, "export": 0, "id": "SG"}, {"import": 0, "export": 0, "id": "CA"}, {"import": 3000, "export": 0, "id": "LK"}, {"import": 3, "export": 0, "id": "CY"}, {"import": 0, "export": 0, "id": "GR"}, {"import": 319500, "export": 0, "id": "VN"}, {"import": 0, "export": 0, "id": "AE"}, {"import": 0, "export": 0, "id": "SR"}, {"import": 3052, "export": 0, "id": "US"}], "world_import": 13787158, "world_export": 0}, {"date": "2019-12-01", "list": [{"import": 5646350, "export": 0, "id": "GY"}, {"import": 3014500, "export": 0, "id": "IN"}, {"import": 3038020, "export": 0, "id": "ES"}, {"import": 6798000, "export": 0, "id": "PK"}, {"import": 890770, "export": 0, "id": "TH"}, {"import": 215270, "export": 0, "id": "UY"}, {"import": 1053350, "export": 0, "id": "PY"}, {"import": 489694, "export": 0, "id": "IT"}, {"import": 72000, "export": 0, "id": "AR"}, {"import": 0, "export": 0, "id": "MM"}, {"import": 143274, "export": 0, "id": "BE"}, {"import": 499080, "export": 0, "id": "KH"}, {"import": 1873, "export": 0, "id": "GB"}, {"import": 51608, "export": 0, "id": "FR"}, {"import": 2976, "export": 0, "id": "PL"}, {"import": 10640, "export": 0, "id": "DK"}, {"import": 41660, "export": 0, "id": "DE"}, {"import": 0, "export": 0, "id": "KR"}, {"import": 913, "export": 0, "id": "SE"}, {"import": 63, "export": 0, "id": "FI"}, {"import": 203, "export": 0, "id": "RO"}, {"import": 488, "export": 0, "id": "LV"}, {"import": 1274, "export": 0, "id": "-"}, {"import": 0, "export": 0, "id": "LU"}, {"import": 52, "export": 0, "id": "MT"}, {"import": 109, "export": 0, "id": "HR"}, {"import": 35, "export": 0, "id": "SK"}, {"import": 78, "export": 0, "id": "SI"}, {"import": 53, "export": 0, "id": "EE"}, {"import": 7, "export": 0, "id": "AT"}, {"import": 0, "export": 0, "id": "BG"}, {"import": 26, "export": 0, "id": "LT"}, {"import": 0, "export": 0, "id": "JP"}, {"import": 0, "export": 0, "id": "JO"}, {"import": 168, "export": 0, "id": "HU"}, {"import": 0, "export": 0, "id": "IS"}, {"import": 0, "export": 0, "id": "ID"}, {"import": 15, "export": 0, "id": "IE"}, {"import": 500, "export": 0, "id": "TW"}, {"import": 0, "export": 0, "id": "PH"}, {"import": 55, "export": 0, "id": "PT"}, {"import": 0, "export": 0, "id": "SG"}, {"import": 0, "export": 0, "id": "CA"}, {"import": 7625, "export": 0, "id": "LK"}, {"import": 1, "export": 0, "id": "CY"}, {"import": 13, "export": 0, "id": "GR"}, {"import": 245000, "export": 0, "id": "VN"}, {"import": 99, "export": 0, "id": "AE"}, {"import": 0, "export": 0, "id": "SR"}, {"import": 4426, "export": 0, "id": "US"}], "world_import": 22230307, "world_export": 0}, {"date": "2020-02-01", "list": [{"import": 2801420, "export": 0, "id": "GY"}, {"import": 2070678, "export": 0, "id": "IN"}, {"import": 416, "export": 0, "id": "ES"}, {"import": 2769020, "export": 0, "id": "PK"}, {"import": 1024306, "export": 0, "id": "TH"}, {"import": 0, "export": 0, "id": "UY"}, {"import": 0, "export": 0, "id": "PY"}, {"import": 337924, "export": 0, "id": "IT"}, {"import": 48000, "export": 0, "id": "AR"}, {"import": 225000, "export": 0, "id": "MM"}, {"import": 110755, "export": 0, "id": "BE"}, {"import": 540466, "export": 0, "id": "KH"}, {"import": 12702, "export": 0, "id": "GB"}, {"import": 1081, "export": 0, "id": "FR"}, {"import": 722, "export": 0, "id": "PL"}, {"import": 11059, "export": 0, "id": "DK"}, {"import": 37754, "export": 0, "id": "DE"}, {"import": 0, "export": 0, "id": "KR"}, {"import": 613, "export": 0, "id": "SE"}, {"import": 257, "export": 0, "id": "FI"}, {"import": 503, "export": 0, "id": "RO"}, {"import": 372, "export": 0, "id": "LV"}, {"import": 0, "export": 0, "id": "-"}, {"import": 0, "export": 0, "id": "LU"}, {"import": 16, "export": 0, "id": "MT"}, {"import": 0, "export": 0, "id": "HR"}, {"import": 141, "export": 0, "id": "SK"}, {"import": 86, "export": 0, "id": "SI"}, {"import": 25, "export": 0, "id": "EE"}, {"import": 18, "export": 0, "id": "AT"}, {"import": 0, "export": 0, "id": "BG"}, {"import": 0, "export": 0, "id": "LT"}, {"import": 0, "export": 0, "id": "JP"}, {"import": 0, "export": 0, "id": "JO"}, {"import": 110, "export": 0, "id": "HU"}, {"import": 0, "export": 0, "id": "IS"}, {"import": 0, "export": 0, "id": "ID"}, {"import": 23, "export": 0, "id": "IE"}, {"import": 0, "export": 0, "id": "TW"}, {"import": 0, "export": 0, "id": "PH"}, {"import": 140, "export": 0, "id": "PT"}, {"import": 0, "export": 0, "id": "SG"}, {"import": 0, "export": 0, "id": "CA"}, {"import": 4650, "export": 0, "id": "LK"}, {"import": 0, "export": 0, "id": "CY"}, {"import": 6, "export": 0, "id": "GR"}, {"import": 196000, "export": 0, "id": "VN"}, {"import": 0, "export": 0, "id": "AE"}, {"import": 0, "export": 0, "id": "SR"}, {"import": 318, "export": 0, "id": "US"}], "world_import": 10194581, "world_export": 0}, {"date": "2020-04-01", "list": [{"import": 1907430, "export": 0, "id": "GY"}, {"import": 4457153, "export": 0, "id": "IN"}, {"import": 163117, "export": 0, "id": "ES"}, {"import": 4244600, "export": 0, "id": "PK"}, {"import": 85000, "export": 0, "id": "TH"}, {"import": 237780, "export": 0, "id": "UY"}, {"import": 674270, "export": 0, "id": "PY"}, {"import": 298858, "export": 0, "id": "IT"}, {"import": 245400, "export": 0, "id": "AR"}, {"import": 1250000, "export": 0, "id": "MM"}, {"import": 353847, "export": 0, "id": "BE"}, {"import": 708800, "export": 0, "id": "KH"}, {"import": 23138, "export": 0, "id": "GB"}, {"import": 531096, "export": 0, "id": "FR"}, {"import": 201198, "export": 0, "id": "PL"}, {"import": 7058, "export": 0, "id": "DK"}, {"import": 28704, "export": 0, "id": "DE"}, {"import": 1000, "export": 0, "id": "KR"}, {"import": 316, "export": 0, "id": "SE"}, {"import": 423, "export": 0, "id": "FI"}, {"import": 521, "export": 0, "id": "RO"}, {"import": 396, "export": 0, "id": "LV"}, {"import": 2491, "export": 0, "id": "-"}, {"import": 0, "export": 0, "id": "LU"}, {"import": 0, "export": 0, "id": "MT"}, {"import": 937, "export": 0, "id": "HR"}, {"import": 148, "export": 0, "id": "SK"}, {"import": 438, "export": 0, "id": "SI"}, {"import": 43, "export": 0, "id": "EE"}, {"import": 307, "export": 0, "id": "AT"}, {"import": 0, "export": 0, "id": "BG"}, {"import": 97, "export": 0, "id": "LT"}, {"import": 0, "export": 0, "id": "JP"}, {"import": 0, "export": 0, "id": "JO"}, {"import": 399, "export": 0, "id": "HU"}, {"import": 0, "export": 0, "id": "IS"}, {"import": 0, "export": 0, "id": "ID"}, {"import": 0, "export": 0, "id": "IE"}, {"import": 0, "export": 0, "id": "TW"}, {"import": 350, "export": 0, "id": "PH"}, {"import": 90, "export": 0, "id": "PT"}, {"import": 0, "export": 0, "id": "SG"}, {"import": 0, "export": 0, "id": "CA"}, {"import": 7970, "export": 0, "id": "LK"}, {"import": 0, "export": 0, "id": "CY"}, {"import": 70, "export": 0, "id": "GR"}, {"import": 120750, "export": 0, "id": "VN"}, {"import": 0, "export": 0, "id": "AE"}, {"import": 0, "export": 0, "id": "SR"}, {"import": 0, "export": 0, "id": "US"}], "world_import": 15554232, "world_export": 0}, {"date": "Unnamed: 22-01", "list": [{"import": 1410145, "export": 0, "id": "GY"}, {"import": 3183820, "export": 0, "id": "IN"}, {"import": 420065, "export": 0, "id": "ES"}, {"import": 6447850, "export": 0, "id": "PK"}, {"import": 848746, "export": 0, "id": "TH"}, {"import": 239280, "export": 0, "id": "UY"}, {"import": 595000, "export": 0, "id": "PY"}, {"import": 228397, "export": 0, "id": "IT"}, {"import": 495000, "export": 0, "id": "AR"}, {"import": 0, "export": 0, "id": "MM"}, {"import": 245655, "export": 0, "id": "BE"}, {"import": 0, "export": 0, "id": "KH"}, {"import": 22479, "export": 0, "id": "GB"}, {"import": 188490, "export": 0, "id": "FR"}, {"import": 66766, "export": 0, "id": "PL"}, {"import": 8872, "export": 0, "id": "DK"}, {"import": 71383, "export": 0, "id": "DE"}, {"import": 280, "export": 0, "id": "KR"}, {"import": 0, "export": 0, "id": "SE"}, {"import": 287, "export": 0, "id": "FI"}, {"import": 0, "export": 0, "id": "RO"}, {"import": 100, "export": 0, "id": "LV"}, {"import": 721, "export": 0, "id": "-"}, {"import": 14, "export": 0, "id": "LU"}, {"import": 1, "export": 0, "id": "MT"}, {"import": 86, "export": 0, "id": "HR"}, {"import": 105, "export": 0, "id": "SK"}, {"import": 365, "export": 0, "id": "SI"}, {"import": 37, "export": 0, "id": "EE"}, {"import": 29, "export": 0, "id": "AT"}, {"import": 1440, "export": 0, "id": "BG"}, {"import": 322, "export": 0, "id": "LT"}, {"import": 0, "export": 0, "id": "JP"}, {"import": 0, "export": 0, "id": "JO"}, {"import": 224, "export": 0, "id": "HU"}, {"import": 0, "export": 0, "id": "IS"}, {"import": 0, "export": 0, "id": "ID"}, {"import": 67, "export": 0, "id": "IE"}, {"import": 0, "export": 0, "id": "TW"}, {"import": 0, "export": 0, "id": "PH"}, {"import": 301, "export": 0, "id": "PT"}, {"import": 0, "export": 0, "id": "SG"}, {"import": 0, "export": 0, "id": "CA"}, {"import": 2720, "export": 0, "id": "LK"}, {"import": 2, "export": 0, "id": "CY"}, {"import": 22, "export": 0, "id": "GR"}, {"import": 220000, "export": 0, "id": "VN"}, {"import": 258500, "export": 0, "id": "AE"}, {"import": 0, "export": 0, "id": "SR"}, {"import": 4072, "export": 0, "id": "US"}], "world_import": 14961693, "world_export": 0}, {"date": "Unnamed: 24-01", "list": [{"import": 504820, "export": 0, "id": "GY"}, {"import": 1259000, "export": 0, "id": "IN"}, {"import": 3108609, "export": 0, "id": "ES"}, {"import": 2919500, "export": 0, "id": "PK"}, {"import": 448004, "export": 0, "id": "TH"}, {"import": 237700, "export": 0, "id": "UY"}, {"import": 445410, "export": 0, "id": "PY"}, {"import": 118242, "export": 0, "id": "IT"}, {"import": 3056245, "export": 0, "id": "AR"}, {"import": 2100000, "export": 0, "id": "MM"}, {"import": 188628, "export": 0, "id": "BE"}, {"import": 764254, "export": 0, "id": "KH"}, {"import": 12758, "export": 0, "id": "GB"}, {"import": 2419, "export": 0, "id": "FR"}, {"import": 2336, "export": 0, "id": "PL"}, {"import": 6892, "export": 0, "id": "DK"}, {"import": 14473, "export": 0, "id": "DE"}, {"import": 0, "export": 0, "id": "KR"}, {"import": 1, "export": 0, "id": "SE"}, {"import": 445, "export": 0, "id": "FI"}, {"import": 0, "export": 0, "id": "RO"}, {"import": 57, "export": 0, "id": "LV"}, {"import": 1703, "export": 0, "id": "-"}, {"import": 0, "export": 0, "id": "LU"}, {"import": 0, "export": 0, "id": "MT"}, {"import": 191, "export": 0, "id": "HR"}, {"import": 142, "export": 0, "id": "SK"}, {"import": 1354, "export": 0, "id": "SI"}, {"import": 35, "export": 0, "id": "EE"}, {"import": 142, "export": 0, "id": "AT"}, {"import": 0, "export": 0, "id": "BG"}, {"import": 229, "export": 0, "id": "LT"}, {"import": 0, "export": 0, "id": "JP"}, {"import": 0, "export": 0, "id": "JO"}, {"import": 119, "export": 0, "id": "HU"}, {"import": 0, "export": 0, "id": "IS"}, {"import": 0, "export": 0, "id": "ID"}, {"import": 1792, "export": 0, "id": "IE"}, {"import": 470, "export": 0, "id": "TW"}, {"import": 0, "export": 0, "id": "PH"}, {"import": 75, "export": 0, "id": "PT"}, {"import": 4068, "export": 0, "id": "SG"}, {"import": 0, "export": 0, "id": "CA"}, {"import": 228, "export": 0, "id": "LK"}, {"import": 0, "export": 0, "id": "CY"}, {"import": 1, "export": 0, "id": "GR"}, {"import": 298600, "export": 0, "id": "VN"}, {"import": 0, "export": 0, "id": "AE"}, {"import": 3294231, "export": 0, "id": "SR"}, {"import": 0, "export": 0, "id": "US"}], "world_import": 18793260, "world_export": 0}, {"date": "Unnamed: 26-01", "list": [{"import": 1209835, "export": 0, "id": "GY"}, {"import": 1309044, "export": 0, "id": "IN"}, {"import": 3571783, "export": 0, "id": "ES"}, {"import": 4822260, "export": 0, "id": "PK"}, {"import": 2527500, "export": 0, "id": "TH"}, {"import": 192000, "export": 0, "id": "UY"}, {"import": 350000, "export": 0, "id": "PY"}, {"import": 232214, "export": 0, "id": "IT"}, {"import": 250072, "export": 0, "id": "AR"}, {"import": 225000, "export": 0, "id": "MM"}, {"import": 217452, "export": 0, "id": "BE"}, {"import": 599400, "export": 0, "id": "KH"}, {"import": 12166, "export": 0, "id": "GB"}, {"import": 604, "export": 0, "id": "FR"}, {"import": 90428, "export": 0, "id": "PL"}, {"import": 12481, "export": 0, "id": "DK"}, {"import": 22084, "export": 0, "id": "DE"}, {"import": 0, "export": 0, "id": "KR"}, {"import": 650, "export": 0, "id": "SE"}, {"import": 390, "export": 0, "id": "FI"}, {"import": 141, "export": 0, "id": "RO"}, {"import": 220, "export": 0, "id": "LV"}, {"import": 1324, "export": 0, "id": "-"}, {"import": 0, "export": 0, "id": "LU"}, {"import": 0, "export": 0, "id": "MT"}, {"import": 3929, "export": 0, "id": "HR"}, {"import": 112, "export": 0, "id": "SK"}, {"import": 650, "export": 0, "id": "SI"}, {"import": 0, "export": 0, "id": "EE"}, {"import": 302, "export": 0, "id": "AT"}, {"import": 0, "export": 0, "id": "BG"}, {"import": 186, "export": 0, "id": "LT"}, {"import": 0, "export": 0, "id": "JP"}, {"import": 0, "export": 0, "id": "JO"}, {"import": 950, "export": 0, "id": "HU"}, {"import": 0, "export": 0, "id": "IS"}, {"import": 0, "export": 0, "id": "ID"}, {"import": 150, "export": 0, "id": "IE"}, {"import": 0, "export": 0, "id": "TW"}, {"import": 0, "export": 0, "id": "PH"}, {"import": 0, "export": 0, "id": "PT"}, {"import": 0, "export": 0, "id": "SG"}, {"import": 0, "export": 0, "id": "CA"}, {"import": 0, "export": 0, "id": "LK"}, {"import": 7, "export": 0, "id": "CY"}, {"import": 0, "export": 0, "id": "GR"}, {"import": 456450, "export": 0, "id": "VN"}, {"import": 0, "export": 0, "id": "AE"}, {"import": 0, "export": 0, "id": "SR"}, {"import": 3, "export": 0, "id": "US"}], "world_import": 16109840, "world_export": 0}, {"date": "Unnamed: 28-01", "list": [{"import": 1314501, "export": 0, "id": "GY"}, {"import": 4054984, "export": 0, "id": "IN"}, {"import": 108307, "export": 0, "id": "ES"}, {"import": 1191000, "export": 0, "id": "PK"}, {"import": 1025512, "export": 0, "id": "TH"}, {"import": 720810, "export": 0, "id": "UY"}, {"import": 0, "export": 0, "id": "PY"}, {"import": 272318, "export": 0, "id": "IT"}, {"import": 218270, "export": 0, "id": "AR"}, {"import": 0, "export": 0, "id": "MM"}, {"import": 212597, "export": 0, "id": "BE"}, {"import": 299400, "export": 0, "id": "KH"}, {"import": 6891, "export": 0, "id": "GB"}, {"import": 6307, "export": 0, "id": "FR"}, {"import": 1462, "export": 0, "id": "PL"}, {"import": 12245, "export": 0, "id": "DK"}, {"import": 17797, "export": 0, "id": "DE"}, {"import": 3820, "export": 0, "id": "KR"}, {"import": 1944, "export": 0, "id": "SE"}, {"import": 529, "export": 0, "id": "FI"}, {"import": 589, "export": 0, "id": "RO"}, {"import": 379, "export": 0, "id": "LV"}, {"import": 1649, "export": 0, "id": "-"}, {"import": 0, "export": 0, "id": "LU"}, {"import": 29, "export": 0, "id": "MT"}, {"import": 2343, "export": 0, "id": "HR"}, {"import": 135, "export": 0, "id": "SK"}, {"import": 621, "export": 0, "id": "SI"}, {"import": 3, "export": 0, "id": "EE"}, {"import": 58, "export": 0, "id": "AT"}, {"import": 0, "export": 0, "id": "BG"}, {"import": 357, "export": 0, "id": "LT"}, {"import": 0, "export": 0, "id": "JP"}, {"import": 0, "export": 0, "id": "JO"}, {"import": 998, "export": 0, "id": "HU"}, {"import": 0, "export": 0, "id": "IS"}, {"import": 0, "export": 0, "id": "ID"}, {"import": 723, "export": 0, "id": "IE"}, {"import": 0, "export": 0, "id": "TW"}, {"import": 0, "export": 0, "id": "PH"}, {"import": 40, "export": 0, "id": "PT"}, {"import": 0, "export": 0, "id": "SG"}, {"import": 465, "export": 0, "id": "CA"}, {"import": 0, "export": 0, "id": "LK"}, {"import": 16, "export": 0, "id": "CY"}, {"import": 3, "export": 0, "id": "GR"}, {"import": 98000, "export": 0, "id": "VN"}, {"import": 0, "export": 0, "id": "AE"}, {"import": 0, "export": 0, "id": "SR"}, {"import": 42, "export": 0, "id": "US"}], "world_import": 9575233, "world_export": 0}, {"date": "Unnamed: 30-01", "list": [{"import": 1079365, "export": 0, "id": "GY"}, {"import": 1797000, "export": 0, "id": "IN"}, {"import": 554, "export": 0, "id": "ES"}, {"import": 1400000, "export": 0, "id": "PK"}, {"import": 1504156, "export": 0, "id": "TH"}, {"import": 984000, "export": 0, "id": "UY"}, {"import": 0, "export": 0, "id": "PY"}, {"import": 613491, "export": 0, "id": "IT"}, {"import": 268000, "export": 0, "id": "AR"}, {"import": 0, "export": 0, "id": "MM"}, {"import": 792420, "export": 0, "id": "BE"}, {"import": 746600, "export": 0, "id": "KH"}, {"import": 32180, "export": 0, "id": "GB"}, {"import": 1047, "export": 0, "id": "FR"}, {"import": 2363, "export": 0, "id": "PL"}, {"import": 9837, "export": 0, "id": "DK"}, {"import": 28092, "export": 0, "id": "DE"}, {"import": 0, "export": 0, "id": "KR"}, {"import": 648, "export": 0, "id": "SE"}, {"import": 236, "export": 0, "id": "FI"}, {"import": 295, "export": 0, "id": "RO"}, {"import": 309, "export": 0, "id": "LV"}, {"import": 1068, "export": 0, "id": "-"}, {"import": 0, "export": 0, "id": "LU"}, {"import": 79, "export": 0, "id": "MT"}, {"import": 752, "export": 0, "id": "HR"}, {"import": 98, "export": 0, "id": "SK"}, {"import": 629, "export": 0, "id": "SI"}, {"import": 11, "export": 0, "id": "EE"}, {"import": 200, "export": 0, "id": "AT"}, {"import": 0, "export": 0, "id": "BG"}, {"import": 89, "export": 0, "id": "LT"}, {"import": 0, "export": 0, "id": "JP"}, {"import": 0, "export": 0, "id": "JO"}, {"import": 413, "export": 0, "id": "HU"}, {"import": 0, "export": 0, "id": "IS"}, {"import": 0, "export": 0, "id": "ID"}, {"import": 10, "export": 0, "id": "IE"}, {"import": 500, "export": 0, "id": "TW"}, {"import": 0, "export": 0, "id": "PH"}, {"import": 62, "export": 0, "id": "PT"}, {"import": 2892, "export": 0, "id": "SG"}, {"import": 0, "export": 0, "id": "CA"}, {"import": 8970, "export": 0, "id": "LK"}, {"import": 4, "export": 0, "id": "CY"}, {"import": 17, "export": 0, "id": "GR"}, {"import": 138600, "export": 0, "id": "VN"}, {"import": 0, "export": 0, "id": "AE"}, {"import": 0, "export": 0, "id": "SR"}, {"import": 2040, "export": 0, "id": "US"}], "world_import": 9417073, "world_export": 0}, {"date": "Unnamed: 32-01", "list": [{"import": 2722052, "export": 0, "id": "GY"}, {"import": 3797105, "export": 0, "id": "IN"}, {"import": 402659, "export": 0, "id": "ES"}, {"import": 3988000, "export": 0, "id": "PK"}, {"import": 242298, "export": 0, "id": "TH"}, {"import": 0, "export": 0, "id": "UY"}, {"import": 0, "export": 0, "id": "PY"}, {"import": 300756, "export": 0, "id": "IT"}, {"import": 250000, "export": 0, "id": "AR"}, {"import": 0, "export": 0, "id": "MM"}, {"import": 209474, "export": 0, "id": "BE"}, {"import": 54000, "export": 0, "id": "KH"}, {"import": 113094, "export": 0, "id": "GB"}, {"import": 1554, "export": 0, "id": "FR"}, {"import": 1180, "export": 0, "id": "PL"}, {"import": 5322, "export": 0, "id": "DK"}, {"import": 37067, "export": 0, "id": "DE"}, {"import": 1636, "export": 0, "id": "KR"}, {"import": 16, "export": 0, "id": "SE"}, {"import": 128, "export": 0, "id": "FI"}, {"import": 105, "export": 0, "id": "RO"}, {"import": 123, "export": 0, "id": "LV"}, {"import": 13, "export": 0, "id": "LU"}, {"import": 0, "export": 0, "id": "MT"}, {"import": 0, "export": 0, "id": "HR"}, {"import": 0, "export": 0, "id": "SK"}, {"import": 153, "export": 0, "id": "SI"}, {"import": 61, "export": 0, "id": "EE"}, {"import": 8, "export": 0, "id": "AT"}, {"import": 257, "export": 0, "id": "BG"}, {"import": 71, "export": 0, "id": "LT"}, {"import": 1220, "export": 0, "id": "JP"}, {"import": 0, "export": 0, "id": "JO"}, {"import": 195, "export": 0, "id": "HU"}, {"import": 0, "export": 0, "id": "IS"}, {"import": 0, "export": 0, "id": "ID"}, {"import": 0, "export": 0, "id": "IE"}, {"import": 0, "export": 0, "id": "TW"}, {"import": 0, "export": 0, "id": "PH"}, {"import": 73, "export": 0, "id": "PT"}, {"import": 0, "export": 0, "id": "SG"}, {"import": 0, "export": 0, "id": "CA"}, {"import": 5555, "export": 0, "id": "LK"}, {"import": 0, "export": 0, "id": "CY"}, {"import": 99, "export": 0, "id": "GR"}, {"import": 265000, "export": 0, "id": "VN"}, {"import": 0, "export": 0, "id": "AE"}, {"import": 0, "export": 0, "id": "SR"}, {"import": 1899, "export": 0, "id": "-"}, {"import": 8, "export": 0, "id": "US"}], "world_import": 12401181, "world_export": 0}, {"date": "Unnamed: 34-01", "list": [{"import": 1208447, "export": 0, "id": "GY"}, {"import": 4289691, "export": 0, "id": "IN"}, {"import": 13550, "export": 0, "id": "ES"}, {"import": 4964541, "export": 0, "id": "PK"}, {"import": 1378057, "export": 0, "id": "TH"}, {"import": 0, "export": 0, "id": "UY"}, {"import": 0, "export": 0, "id": "PY"}, {"import": 178077, "export": 0, "id": "IT"}, {"import": 125000, "export": 0, "id": "AR"}, {"import": 0, "export": 0, "id": "MM"}, {"import": 155149, "export": 0, "id": "BE"}, {"import": 585580, "export": 0, "id": "KH"}, {"import": 26216, "export": 0, "id": "GB"}, {"import": 1009, "export": 0, "id": "FR"}, {"import": 45680, "export": 0, "id": "PL"}, {"import": 4710, "export": 0, "id": "DK"}, {"import": 36977, "export": 0, "id": "DE"}, {"import": 0, "export": 0, "id": "KR"}, {"import": 316, "export": 0, "id": "SE"}, {"import": 104, "export": 0, "id": "FI"}, {"import": 121, "export": 0, "id": "RO"}, {"import": 0, "export": 0, "id": "LV"}, {"import": 2944, "export": 0, "id": "-"}, {"import": 15, "export": 0, "id": "LU"}, {"import": 96, "export": 0, "id": "MT"}, {"import": 0, "export": 0, "id": "HR"}, {"import": 45, "export": 0, "id": "SK"}, {"import": 180, "export": 0, "id": "SI"}, {"import": 105, "export": 0, "id": "EE"}, {"import": 2614, "export": 0, "id": "AT"}, {"import": 262, "export": 0, "id": "BG"}, {"import": 78, "export": 0, "id": "LT"}, {"import": 90, "export": 0, "id": "JP"}, {"import": 0, "export": 0, "id": "JO"}, {"import": 354, "export": 0, "id": "HU"}, {"import": 0, "export": 0, "id": "IS"}, {"import": 0, "export": 0, "id": "ID"}, {"import": 0, "export": 0, "id": "IE"}, {"import": 0, "export": 0, "id": "TW"}, {"import": 0, "export": 0, "id": "PH"}, {"import": 39, "export": 0, "id": "PT"}, {"import": 0, "export": 0, "id": "SG"}, {"import": 0, "export": 0, "id": "CA"}, {"import": 0, "export": 0, "id": "LK"}, {"import": 66, "export": 0, "id": "GR"}, {"import": 245000, "export": 0, "id": "VN"}, {"import": 0, "export": 0, "id": "AE"}, {"import": 0, "export": 0, "id": "SR"}, {"import": 0, "export": 0, "id": "US"}], "world_import": 13265136, "world_export": 0}, {"date": "Unnamed: 36-01", "list": [{"import": 2375691, "export": 0, "id": "GY"}, {"import": 3750411, "export": 0, "id": "IN"}, {"import": 350517, "export": 0, "id": "ES"}, {"import": 5913250, "export": 0, "id": "PK"}, {"import": 765128, "export": 0, "id": "TH"}, {"import": 720000, "export": 0, "id": "UY"}, {"import": 600000, "export": 0, "id": "PY"}, {"import": 339018, "export": 0, "id": "IT"}, {"import": 205000, "export": 0, "id": "AR"}, {"import": 0, "export": 0, "id": "MM"}, {"import": 474585, "export": 0, "id": "BE"}, {"import": 1961922, "export": 0, "id": "KH"}, {"import": 32033, "export": 0, "id": "GB"}, {"import": 641, "export": 0, "id": "FR"}, {"import": 5840, "export": 0, "id": "PL"}, {"import": 4121, "export": 0, "id": "DK"}, {"import": 27919, "export": 0, "id": "DE"}, {"import": 750, "export": 0, "id": "KR"}, {"import": 504, "export": 0, "id": "SE"}, {"import": 154, "export": 0, "id": "FI"}, {"import": 156, "export": 0, "id": "RO"}, {"import": 94, "export": 0, "id": "LV"}, {"import": 0, "export": 0, "id": "-"}, {"import": 8, "export": 0, "id": "LU"}, {"import": 153, "export": 0, "id": "MT"}, {"import": 23, "export": 0, "id": "HR"}, {"import": 5, "export": 0, "id": "SK"}, {"import": 138, "export": 0, "id": "SI"}, {"import": 117, "export": 0, "id": "EE"}, {"import": 436, "export": 0, "id": "AT"}, {"import": 258, "export": 0, "id": "BG"}, {"import": 63, "export": 0, "id": "LT"}, {"import": 0, "export": 0, "id": "JP"}, {"import": 0, "export": 0, "id": "JO"}, {"import": 475, "export": 0, "id": "HU"}, {"import": 0, "export": 0, "id": "IS"}, {"import": 0, "export": 0, "id": "ID"}, {"import": 0, "export": 0, "id": "IE"}, {"import": 596, "export": 0, "id": "TW"}, {"import": 0, "export": 0, "id": "PH"}, {"import": 46, "export": 0, "id": "PT"}, {"import": 0, "export": 0, "id": "SG"}, {"import": 0, "export": 0, "id": "CA"}, {"import": 0, "export": 0, "id": "LK"}, {"import": 0, "export": 0, "id": "CY"}, {"import": 5, "export": 0, "id": "GR"}, {"import": 170500, "export": 0, "id": "VN"}, {"import": 0, "export": 0, "id": "AE"}, {"import": 0, "export": 0, "id": "SR"}, {"import": 480, "export": 0, "id": "US"}], "world_import": 17701068, "world_export": 0}, {"date": "Unnamed: 38-01", "list": [{"import": 6281191, "export": 0, "id": "GY"}, {"import": 6100214, "export": 0, "id": "IN"}, {"import": 3113818, "export": 0, "id": "ES"}, {"import": 4309800, "export": 0, "id": "PK"}, {"import": 1391280, "export": 0, "id": "TH"}, {"import": 0, "export": 0, "id": "UY"}, {"import": 300000, "export": 0, "id": "PY"}, {"import": 331446, "export": 0, "id": "IT"}, {"import": 941250, "export": 0, "id": "AR"}, {"import": 0, "export": 0, "id": "MM"}, {"import": 1114128, "export": 0, "id": "BE"}, {"import": 1063667, "export": 0, "id": "KH"}, {"import": 132574, "export": 0, "id": "GB"}, {"import": 1647, "export": 0, "id": "FR"}, {"import": 3007, "export": 0, "id": "PL"}, {"import": 6105, "export": 0, "id": "DK"}, {"import": 10920, "export": 0, "id": "DE"}, {"import": 0, "export": 0, "id": "KR"}, {"import": 661, "export": 0, "id": "SE"}, {"import": 290, "export": 0, "id": "FI"}, {"import": 178, "export": 0, "id": "RO"}, {"import": 114, "export": 0, "id": "LV"}, {"import": 0, "export": 0, "id": "-"}, {"import": 7, "export": 0, "id": "LU"}, {"import": 74, "export": 0, "id": "MT"}, {"import": 93, "export": 0, "id": "HR"}, {"import": 30, "export": 0, "id": "SK"}, {"import": 151, "export": 0, "id": "SI"}, {"import": 20, "export": 0, "id": "EE"}, {"import": 0, "export": 0, "id": "AT"}, {"import": 49, "export": 0, "id": "BG"}, {"import": 48, "export": 0, "id": "LT"}, {"import": 0, "export": 0, "id": "JP"}, {"import": 0, "export": 0, "id": "JO"}, {"import": 256, "export": 0, "id": "HU"}, {"import": 0, "export": 0, "id": "IS"}, {"import": 0, "export": 0, "id": "ID"}, {"import": 4, "export": 0, "id": "IE"}, {"import": 0, "export": 0, "id": "TW"}, {"import": 473, "export": 0, "id": "PH"}, {"import": 0, "export": 0, "id": "PT"}, {"import": 0, "export": 0, "id": "SG"}, {"import": 0, "export": 0, "id": "CA"}, {"import": 0, "export": 0, "id": "LK"}, {"import": 28, "export": 0, "id": "GR"}, {"import": 270500, "export": 0, "id": "VN"}, {"import": 0, "export": 0, "id": "AE"}, {"import": 0, "export": 0, "id": "SR"}, {"import": 0, "export": 0, "id": "US"}], "world_import": 25374023, "world_export": 0}, {"date": "Unnamed: 40-01", "list": [{"import": 8213095, "export": 0, "id": "GY"}, {"import": 6973030, "export": 0, "id": "IN"}, {"import": 5606437, "export": 0, "id": "ES"}, {"import": 3523120, "export": 0, "id": "PK"}, {"import": 1478612, "export": 0, "id": "TH"}, {"import": 1440000, "export": 0, "id": "UY"}, {"import": 300000, "export": 0, "id": "PY"}, {"import": 246657, "export": 0, "id": "IT"}, {"import": 245000, "export": 0, "id": "AR"}, {"import": 200000, "export": 0, "id": "MM"}, {"import": 159477, "export": 0, "id": "BE"}, {"import": 95875, "export": 0, "id": "KH"}, {"import": 50178, "export": 0, "id": "GB"}, {"import": 15962, "export": 0, "id": "FR"}, {"import": 8322, "export": 0, "id": "PL"}, {"import": 4704, "export": 0, "id": "DK"}, {"import": 4532, "export": 0, "id": "DE"}, {"import": 570, "export": 0, "id": "KR"}, {"import": 426, "export": 0, "id": "SE"}, {"import": 224, "export": 0, "id": "FI"}, {"import": 198, "export": 0, "id": "RO"}, {"import": 92, "export": 0, "id": "LV"}, {"import": 0, "export": 0, "id": "-"}, {"import": 79, "export": 0, "id": "LU"}, {"import": 77, "export": 0, "id": "MT"}, {"import": 59, "export": 0, "id": "HR"}, {"import": 54, "export": 0, "id": "SK"}, {"import": 29, "export": 0, "id": "SI"}, {"import": 11, "export": 0, "id": "EE"}, {"import": 9, "export": 0, "id": "AT"}, {"import": 3, "export": 0, "id": "BG"}, {"import": 2, "export": 0, "id": "LT"}, {"import": 0, "export": 0, "id": "JP"}, {"import": 0, "export": 0, "id": "JO"}, {"import": 0, "export": 0, "id": "HU"}, {"import": 0, "export": 0, "id": "IS"}, {"import": 0, "export": 0, "id": "ID"}, {"import": 0, "export": 0, "id": "IE"}, {"import": 0, "export": 0, "id": "TW"}, {"import": 0, "export": 0, "id": "PH"}, {"import": 0, "export": 0, "id": "PT"}, {"import": 0, "export": 0, "id": "SG"}, {"import": 0, "export": 0, "id": "CA"}, {"import": 0, "export": 0, "id": "LK"}, {"import": 0, "export": 0, "id": "GR"}, {"import": 0, "export": 0, "id": "VN"}, {"import": 0, "export": 0, "id": "AE"}, {"import": 0, "export": 0, "id": "SR"}, {"import": 0, "export": 0, "id": "US"}], "world_import": 28566921, "world_export": 0}]