[{"date": "2016-05-01", "list": [{"import": 0, "export": 0, "id": "CM"}, {"import": 0, "export": 0, "id": "CN"}, {"import": 0, "export": 0, "id": "FR"}, {"import": 74592, "export": 0, "id": "DE"}, {"import": 0, "export": 0, "id": "LB"}, {"import": 3596500, "export": 0, "id": "PK"}, {"import": 0, "export": 0, "id": "IN"}, {"import": 0, "export": 0, "id": "SG"}, {"import": 0, "export": 0, "id": "ES"}, {"import": 0, "export": 0, "id": "TH"}], "world_import": 3671092, "world_export": 0}, {"date": "2016-06-01", "list": [{"import": 0, "export": 0, "id": "CM"}, {"import": 0, "export": 0, "id": "CN"}, {"import": 0, "export": 0, "id": "FR"}, {"import": 0, "export": 0, "id": "DE"}, {"import": 0, "export": 0, "id": "LB"}, {"import": 0, "export": 0, "id": "PK"}, {"import": 0, "export": 0, "id": "IN"}, {"import": 0, "export": 0, "id": "SG"}, {"import": 0, "export": 0, "id": "ES"}, {"import": 0, "export": 0, "id": "TH"}], "world_import": 0, "world_export": 0}, {"date": "2016-07-01", "list": [{"import": 0, "export": 0, "id": "CM"}, {"import": 0, "export": 0, "id": "CN"}, {"import": 0, "export": 0, "id": "FR"}, {"import": 0, "export": 0, "id": "DE"}, {"import": 0, "export": 0, "id": "LB"}, {"import": 0, "export": 0, "id": "PK"}, {"import": 0, "export": 0, "id": "IN"}, {"import": 0, "export": 0, "id": "SG"}, {"import": 0, "export": 0, "id": "ES"}, {"import": 0, "export": 0, "id": "TH"}], "world_import": 0, "world_export": 0}, {"date": "2016-08-01", "list": [{"import": 0, "export": 0, "id": "CM"}, {"import": 0, "export": 0, "id": "CN"}, {"import": 0, "export": 0, "id": "FR"}, {"import": 0, "export": 0, "id": "DE"}, {"import": 0, "export": 0, "id": "LB"}, {"import": 0, "export": 0, "id": "PK"}, {"import": 49600, "export": 0, "id": "IN"}, {"import": 0, "export": 0, "id": "SG"}, {"import": 0, "export": 0, "id": "ES"}, {"import": 0, "export": 0, "id": "TH"}], "world_import": 49600, "world_export": 0}, {"date": "2016-09-01", "list": [{"import": 0, "export": 0, "id": "CM"}, {"import": 0, "export": 0, "id": "CN"}, {"import": 0, "export": 0, "id": "FR"}, {"import": 0, "export": 0, "id": "DE"}, {"import": 0, "export": 0, "id": "LB"}, {"import": 975000, "export": 0, "id": "PK"}, {"import": 0, "export": 0, "id": "IN"}, {"import": 0, "export": 0, "id": "SG"}, {"import": 0, "export": 0, "id": "ES"}, {"import": 0, "export": 0, "id": "TH"}], "world_import": 975000, "world_export": 0}, {"date": "2016-10-01", "list": [{"import": 0, "export": 0, "id": "CM"}, {"import": 0, "export": 0, "id": "CN"}, {"import": 0, "export": 0, "id": "FR"}, {"import": 0, "export": 0, "id": "DE"}, {"import": 0, "export": 0, "id": "LB"}, {"import": 0, "export": 0, "id": "PK"}, {"import": 0, "export": 0, "id": "IN"}, {"import": 0, "export": 0, "id": "SG"}, {"import": 0, "export": 0, "id": "ES"}, {"import": 0, "export": 0, "id": "TH"}], "world_import": 0, "world_export": 0}, {"date": "2016-11-01", "list": [{"import": 0, "export": 0, "id": "CM"}, {"import": 0, "export": 0, "id": "CN"}, {"import": 0, "export": 0, "id": "FR"}, {"import": 0, "export": 0, "id": "DE"}, {"import": 0, "export": 0, "id": "LB"}, {"import": 190000, "export": 0, "id": "PK"}, {"import": 0, "export": 0, "id": "IN"}, {"import": 0, "export": 0, "id": "SG"}, {"import": 0, "export": 0, "id": "ES"}, {"import": 0, "export": 0, "id": "TH"}], "world_import": 190000, "world_export": 0}, {"date": "2016-12-01", "list": [{"import": 0, "export": 0, "id": "CM"}, {"import": 0, "export": 0, "id": "CN"}, {"import": 4788, "export": 0, "id": "FR"}, {"import": 0, "export": 0, "id": "DE"}, {"import": 0, "export": 0, "id": "LB"}, {"import": 1000, "export": 0, "id": "PK"}, {"import": 0, "export": 0, "id": "IN"}, {"import": 0, "export": 0, "id": "SG"}, {"import": 0, "export": 0, "id": "ES"}, {"import": 0, "export": 0, "id": "TH"}], "world_import": 5788, "world_export": 0}, {"date": "2017-01-01", "list": [{"import": 310119, "export": 0, "id": "CM"}, {"import": 0, "export": 0, "id": "CN"}, {"import": 0, "export": 0, "id": "FR"}, {"import": 0, "export": 0, "id": "DE"}, {"import": 0, "export": 0, "id": "LB"}, {"import": 0, "export": 0, "id": "PK"}, {"import": 49728, "export": 0, "id": "IN"}, {"import": 0, "export": 0, "id": "SG"}, {"import": 0, "export": 0, "id": "ES"}, {"import": 0, "export": 0, "id": "TH"}], "world_import": 359847, "world_export": 0}, {"date": "2017-02-01", "list": [{"import": 74592, "export": 0, "id": "CM"}, {"import": 0, "export": 0, "id": "CN"}, {"import": 0, "export": 0, "id": "FR"}, {"import": 0, "export": 0, "id": "DE"}, {"import": 1383, "export": 0, "id": "LB"}, {"import": 24000, "export": 0, "id": "PK"}, {"import": 0, "export": 0, "id": "IN"}, {"import": 0, "export": 0, "id": "SG"}, {"import": 1200000, "export": 0, "id": "ES"}, {"import": 0, "export": 0, "id": "TH"}], "world_import": 1299975, "world_export": 0}, {"date": "2017-03-01", "list": [{"import": 0, "export": 0, "id": "CM"}, {"import": 200000, "export": 0, "id": "CN"}, {"import": 0, "export": 0, "id": "FR"}, {"import": 0, "export": 0, "id": "DE"}, {"import": 0, "export": 0, "id": "LB"}, {"import": 2019450, "export": 0, "id": "PK"}, {"import": 0, "export": 0, "id": "IN"}, {"import": 24259, "export": 0, "id": "SG"}, {"import": 0, "export": 0, "id": "ES"}, {"import": 0, "export": 0, "id": "TH"}], "world_import": 2243709, "world_export": 0}, {"date": "2017-04-01", "list": [{"import": 0, "export": 0, "id": "CM"}, {"import": 0, "export": 0, "id": "CN"}, {"import": 0, "export": 0, "id": "FR"}, {"import": 0, "export": 0, "id": "DE"}, {"import": 0, "export": 0, "id": "LB"}, {"import": 402000, "export": 0, "id": "PK"}, {"import": 0, "export": 0, "id": "IN"}, {"import": 0, "export": 0, "id": "SG"}, {"import": 0, "export": 0, "id": "ES"}, {"import": 0, "export": 0, "id": "TH"}], "world_import": 402000, "world_export": 0}, {"date": "2017-05-01", "list": [{"import": 0, "export": 0, "id": "CM"}, {"import": 400000, "export": 0, "id": "CN"}, {"import": 0, "export": 0, "id": "FR"}, {"import": 0, "export": 0, "id": "DE"}, {"import": 0, "export": 0, "id": "LB"}, {"import": 0, "export": 0, "id": "PK"}, {"import": 49700, "export": 0, "id": "IN"}, {"import": 0, "export": 0, "id": "SG"}, {"import": 0, "export": 0, "id": "ES"}, {"import": 70000, "export": 0, "id": "TH"}], "world_import": 519700, "world_export": 0}, {"date": "2017-06-01", "list": [{"import": 7500, "export": 0, "id": "CM"}, {"import": 200800, "export": 0, "id": "CN"}, {"import": 0, "export": 0, "id": "FR"}, {"import": 0, "export": 0, "id": "DE"}, {"import": 0, "export": 0, "id": "LB"}, {"import": 3435250, "export": 0, "id": "PK"}, {"import": 48000, "export": 0, "id": "IN"}, {"import": 0, "export": 0, "id": "SG"}, {"import": 0, "export": 0, "id": "ES"}, {"import": 0, "export": 0, "id": "TH"}], "world_import": 3691550, "world_export": 0}, {"date": "2017-07-01", "list": [{"import": 0, "export": 0, "id": "CM"}, {"import": 0, "export": 0, "id": "CN"}, {"import": 0, "export": 0, "id": "FR"}, {"import": 0, "export": 0, "id": "DE"}, {"import": 0, "export": 0, "id": "LB"}, {"import": 0, "export": 0, "id": "PK"}, {"import": 99400, "export": 0, "id": "IN"}, {"import": 0, "export": 0, "id": "SG"}, {"import": 0, "export": 0, "id": "ES"}, {"import": 0, "export": 0, "id": "TH"}], "world_import": 99400, "world_export": 0}, {"date": "2017-08-01", "list": [{"import": 49728, "export": 0, "id": "CM"}, {"import": 0, "export": 0, "id": "CN"}, {"import": 0, "export": 0, "id": "FR"}, {"import": 0, "export": 0, "id": "DE"}, {"import": 0, "export": 0, "id": "LB"}, {"import": 0, "export": 0, "id": "PK"}, {"import": 0, "export": 0, "id": "IN"}, {"import": 0, "export": 0, "id": "SG"}, {"import": 0, "export": 0, "id": "ES"}, {"import": 0, "export": 0, "id": "TH"}], "world_import": 49728, "world_export": 0}, {"date": "2017-09-01", "list": [{"import": 696184, "export": 0, "id": "CM"}, {"import": 0, "export": 0, "id": "CN"}, {"import": 3268, "export": 0, "id": "FR"}, {"import": 0, "export": 0, "id": "DE"}, {"import": 0, "export": 0, "id": "LB"}, {"import": 544839, "export": 0, "id": "PK"}, {"import": 0, "export": 0, "id": "IN"}, {"import": 0, "export": 0, "id": "SG"}, {"import": 0, "export": 0, "id": "ES"}, {"import": 0, "export": 0, "id": "TH"}], "world_import": 1244291, "world_export": 0}, {"date": "2017-10-01", "list": [{"import": 123817, "export": 0, "id": "CM"}, {"import": 0, "export": 0, "id": "CN"}, {"import": 0, "export": 0, "id": "FR"}, {"import": 0, "export": 0, "id": "DE"}, {"import": 0, "export": 0, "id": "LB"}, {"import": 0, "export": 0, "id": "PK"}, {"import": 0, "export": 0, "id": "IN"}, {"import": 0, "export": 0, "id": "SG"}, {"import": 0, "export": 0, "id": "ES"}, {"import": 0, "export": 0, "id": "TH"}], "world_import": 123817, "world_export": 0}]