[{"date": "2018-10-01", "list": [{"import": 33094, "export": 475, "id": "LT"}, {"import": 22250, "export": 0, "id": "PL"}, {"import": 936, "export": 602, "id": "EE"}, {"import": 1373, "export": 0, "id": "IT"}, {"import": 0, "export": 0, "id": "NL"}, {"import": 336, "export": 0, "id": "DE"}, {"import": 0, "export": 0, "id": "AR"}, {"import": 0, "export": 0, "id": "RU"}, {"import": 0, "export": 0, "id": "IN"}, {"import": 0, "export": 0, "id": "GB"}, {"import": 0, "export": 0, "id": "IE"}], "world_import": 57989, "world_export": 1077}, {"date": "2018-11-01", "list": [{"import": 37114, "export": 494, "id": "LT"}, {"import": 0, "export": 0, "id": "PL"}, {"import": 770, "export": 360, "id": "EE"}, {"import": 1320, "export": 0, "id": "IT"}, {"import": 0, "export": 0, "id": "NL"}, {"import": 0, "export": 0, "id": "DE"}, {"import": 0, "export": 0, "id": "AR"}, {"import": 0, "export": 0, "id": "RU"}, {"import": 0, "export": 0, "id": "IN"}, {"import": 0, "export": 0, "id": "GB"}, {"import": 0, "export": 0, "id": "IE"}], "world_import": 39204, "world_export": 854}, {"date": "2018-12-01", "list": [{"import": 21229, "export": 651, "id": "LT"}, {"import": 0, "export": 0, "id": "PL"}, {"import": 1340, "export": 308, "id": "EE"}, {"import": 25835, "export": 0, "id": "IT"}, {"import": 0, "export": 0, "id": "NL"}, {"import": 461, "export": 0, "id": "DE"}, {"import": 0, "export": 0, "id": "AR"}, {"import": 0, "export": 900, "id": "RU"}, {"import": 0, "export": 0, "id": "IN"}, {"import": 990, "export": 90, "id": "GB"}, {"import": 0, "export": 0, "id": "IE"}], "world_import": 49855, "world_export": 1949}, {"date": "2019-01-01", "list": [{"import": 27607, "export": 1502, "id": "LT"}, {"import": 0, "export": 0, "id": "PL"}, {"import": 864, "export": 585, "id": "EE"}, {"import": 0, "export": 0, "id": "IT"}, {"import": 0, "export": 0, "id": "NL"}, {"import": 0, "export": 0, "id": "DE"}, {"import": 0, "export": 0, "id": "AR"}, {"import": 0, "export": 0, "id": "RU"}, {"import": 10000, "export": 0, "id": "IN"}, {"import": 0, "export": 0, "id": "GB"}, {"import": 0, "export": 0, "id": "IE"}], "world_import": 38471, "world_export": 2087}, {"date": "2019-02-01", "list": [{"import": 26548, "export": 823, "id": "LT"}, {"import": 0, "export": 0, "id": "PL"}, {"import": 2056, "export": 600, "id": "EE"}, {"import": 1092, "export": 0, "id": "IT"}, {"import": 4952, "export": 0, "id": "NL"}, {"import": 524, "export": 0, "id": "DE"}, {"import": 0, "export": 0, "id": "AR"}, {"import": 0, "export": 0, "id": "RU"}, {"import": 0, "export": 0, "id": "IN"}, {"import": 990, "export": 60, "id": "GB"}, {"import": 0, "export": 0, "id": "IE"}], "world_import": 36162, "world_export": 1483}, {"date": "2019-03-01", "list": [{"import": 19060, "export": 1529, "id": "LT"}, {"import": 0, "export": 0, "id": "PL"}, {"import": 2244, "export": 940, "id": "EE"}, {"import": 2384, "export": 0, "id": "IT"}, {"import": 0, "export": 0, "id": "NL"}, {"import": 213, "export": 0, "id": "DE"}, {"import": 0, "export": 0, "id": "AR"}, {"import": 0, "export": 0, "id": "RU"}, {"import": 0, "export": 0, "id": "IN"}, {"import": 990, "export": 42, "id": "GB"}, {"import": 0, "export": 0, "id": "IE"}], "world_import": 24891, "world_export": 2511}, {"date": "2019-04-01", "list": [{"import": 14789, "export": 1323, "id": "LT"}, {"import": 19000, "export": 0, "id": "PL"}, {"import": 968, "export": 874, "id": "EE"}, {"import": 294, "export": 0, "id": "IT"}, {"import": 0, "export": 0, "id": "NL"}, {"import": 0, "export": 0, "id": "DE"}, {"import": 0, "export": 0, "id": "AR"}, {"import": 0, "export": 0, "id": "RU"}, {"import": 0, "export": 0, "id": "IN"}, {"import": 0, "export": 0, "id": "GB"}, {"import": 0, "export": 0, "id": "IE"}], "world_import": 35051, "world_export": 2197}, {"date": "2019-05-01", "list": [{"import": 17777, "export": 582, "id": "LT"}, {"import": 24000, "export": 0, "id": "PL"}, {"import": 1632, "export": 617, "id": "EE"}, {"import": 3814, "export": 0, "id": "IT"}, {"import": 0, "export": 0, "id": "NL"}, {"import": 0, "export": 0, "id": "DE"}, {"import": 0, "export": 0, "id": "AR"}, {"import": 200, "export": 0, "id": "RU"}, {"import": 0, "export": 0, "id": "IN"}, {"import": 0, "export": 0, "id": "GB"}, {"import": 0, "export": 0, "id": "IE"}], "world_import": 47423, "world_export": 1199}, {"date": "2019-06-01", "list": [{"import": 15115, "export": 1449, "id": "LT"}, {"import": 1296, "export": 0, "id": "PL"}, {"import": 444, "export": 927, "id": "EE"}, {"import": 27436, "export": 0, "id": "IT"}, {"import": 0, "export": 0, "id": "NL"}, {"import": 0, "export": 0, "id": "DE"}, {"import": 0, "export": 0, "id": "AR"}, {"import": 0, "export": 0, "id": "RU"}, {"import": 0, "export": 0, "id": "IN"}, {"import": 990, "export": 0, "id": "GB"}, {"import": 0, "export": 0, "id": "IE"}], "world_import": 45281, "world_export": 2376}, {"date": "2019-07-01", "list": [{"import": 17739, "export": 1800, "id": "LT"}, {"import": 527, "export": 0, "id": "PL"}, {"import": 1840, "export": 500, "id": "EE"}, {"import": 2764, "export": 0, "id": "IT"}, {"import": 0, "export": 0, "id": "NL"}, {"import": 0, "export": 0, "id": "DE"}, {"import": 0, "export": 0, "id": "AR"}, {"import": 0, "export": 0, "id": "RU"}, {"import": 10000, "export": 0, "id": "IN"}, {"import": 0, "export": 0, "id": "GB"}, {"import": 0, "export": 0, "id": "IE"}], "world_import": 32870, "world_export": 2300}, {"date": "2019-08-01", "list": [{"import": 24639, "export": 1866, "id": "LT"}, {"import": 0, "export": 0, "id": "PL"}, {"import": 1432, "export": 805, "id": "EE"}, {"import": 1182, "export": 0, "id": "IT"}, {"import": 0, "export": 0, "id": "NL"}, {"import": 0, "export": 0, "id": "DE"}, {"import": 0, "export": 0, "id": "AR"}, {"import": 0, "export": 0, "id": "RU"}, {"import": 0, "export": 0, "id": "IN"}, {"import": 990, "export": 30, "id": "GB"}, {"import": 0, "export": 0, "id": "IE"}], "world_import": 28243, "world_export": 2701}, {"date": "2019-09-01", "list": [{"import": 15554, "export": 1945, "id": "LT"}, {"import": 1296, "export": 0, "id": "PL"}, {"import": 512, "export": 515, "id": "EE"}, {"import": 1960, "export": 0, "id": "IT"}, {"import": 0, "export": 0, "id": "NL"}, {"import": 0, "export": 0, "id": "DE"}, {"import": 0, "export": 0, "id": "AR"}, {"import": 0, "export": 0, "id": "RU"}, {"import": 0, "export": 0, "id": "IN"}, {"import": 0, "export": 0, "id": "GB"}, {"import": 0, "export": 0, "id": "IE"}], "world_import": 19322, "world_export": 2460}, {"date": "2019-10-01", "list": [{"import": 20628, "export": 2226, "id": "LT"}, {"import": 3240, "export": 0, "id": "PL"}, {"import": 1176, "export": 1095, "id": "EE"}, {"import": 2288, "export": 0, "id": "IT"}, {"import": 0, "export": 0, "id": "NL"}, {"import": 222, "export": 0, "id": "DE"}, {"import": 0, "export": 0, "id": "AR"}, {"import": 0, "export": 0, "id": "RU"}, {"import": 0, "export": 0, "id": "IN"}, {"import": 0, "export": 0, "id": "GB"}, {"import": 0, "export": 3804, "id": "IE"}], "world_import": 27554, "world_export": 7125}, {"date": "2019-11-01", "list": [{"import": 23853, "export": 1887, "id": "LT"}, {"import": 1346, "export": 0, "id": "PL"}, {"import": 1232, "export": 1118, "id": "EE"}, {"import": 1036, "export": 0, "id": "IT"}, {"import": 0, "export": 0, "id": "NL"}, {"import": 298, "export": 0, "id": "DE"}, {"import": 0, "export": 0, "id": "AR"}, {"import": 0, "export": 0, "id": "RU"}, {"import": 0, "export": 0, "id": "IN"}, {"import": 0, "export": 0, "id": "GB"}, {"import": 0, "export": 0, "id": "IE"}], "world_import": 27765, "world_export": 3005}, {"date": "2019-12-01", "list": [{"import": 23649, "export": 1853, "id": "LT"}, {"import": 1050, "export": 0, "id": "PL"}, {"import": 1584, "export": 500, "id": "EE"}, {"import": 2136, "export": 0, "id": "IT"}, {"import": 0, "export": 0, "id": "NL"}, {"import": 153, "export": 0, "id": "DE"}, {"import": 50000, "export": 0, "id": "AR"}, {"import": 1000, "export": 0, "id": "RU"}, {"import": 0, "export": 0, "id": "IN"}, {"import": 990, "export": 0, "id": "GB"}, {"import": 0, "export": 0, "id": "IE"}], "world_import": 80562, "world_export": 2353}, {"date": "2020-01-01", "list": [{"import": 23443, "export": 2414, "id": "LT"}, {"import": 1976, "export": 0, "id": "PL"}, {"import": 733, "export": 948, "id": "EE"}, {"import": 2733, "export": 0, "id": "IT"}, {"import": 0, "export": 0, "id": "NL"}, {"import": 361, "export": 0, "id": "DE"}, {"import": 0, "export": 0, "id": "AR"}, {"import": 0, "export": 0, "id": "RU"}, {"import": 0, "export": 0, "id": "IN"}, {"import": 990, "export": 30, "id": "GB"}, {"import": 0, "export": 0, "id": "IE"}], "world_import": 30236, "world_export": 3392}, {"date": "2020-02-01", "list": [{"import": 17039, "export": 2148, "id": "LT"}, {"import": 677, "export": 0, "id": "PL"}, {"import": 1424, "export": 834, "id": "EE"}, {"import": 1380, "export": 0, "id": "IT"}, {"import": 400, "export": 0, "id": "NL"}, {"import": 0, "export": 0, "id": "DE"}, {"import": 0, "export": 0, "id": "AR"}, {"import": 0, "export": 0, "id": "RU"}, {"import": 0, "export": 0, "id": "IN"}, {"import": 0, "export": 0, "id": "GB"}, {"import": 0, "export": 0, "id": "IE"}], "world_import": 20920, "world_export": 2982}, {"date": "2020-03-01", "list": [{"import": 13932, "export": 2436, "id": "LT"}, {"import": 5234, "export": 0, "id": "PL"}, {"import": 1496, "export": 1751, "id": "EE"}, {"import": 1815, "export": 0, "id": "IT"}, {"import": 0, "export": 0, "id": "NL"}, {"import": 661, "export": 0, "id": "DE"}, {"import": 0, "export": 0, "id": "AR"}, {"import": 0, "export": 0, "id": "RU"}, {"import": 0, "export": 0, "id": "IN"}, {"import": 990, "export": 30, "id": "GB"}, {"import": 0, "export": 0, "id": "IE"}], "world_import": 24128, "world_export": 4217}]