[{"date": "12-01", "list": [{"import": 1, "export": 0, "id": "-"}], "world_import": 16, "world_export": 0}, {"date": "1-01", "list": [{"import": 2, "export": 2, "id": "-"}], "world_import": 9, "world_export": 9}, {"date": "2-01", "list": [{"import": 1867129, "export": 0, "id": "IN"}, {"import": 661963, "export": 2177, "id": "TH"}, {"import": 225037, "export": 0, "id": "PK"}, {"import": 0, "export": 0, "id": "VN"}, {"import": 0, "export": 0, "id": "BR"}, {"import": 262560, "export": 0, "id": "AR"}, {"import": 5000, "export": 3446033, "id": "CA"}, {"import": 880, "export": 0, "id": "IT"}, {"import": 52748, "export": 0, "id": "ES"}, {"import": 27000, "export": 0, "id": "CN"}, {"import": 0, "export": 0, "id": "BD"}, {"import": 100711, "export": 0, "id": "JP"}, {"import": 0, "export": 0, "id": "JO"}, {"import": 39001, "export": 21600000, "id": "KR"}, {"import": 0, "export": 0, "id": "HT"}, {"import": 0, "export": 0, "id": "LK"}, {"import": 0, "export": 0, "id": "KH"}, {"import": 0, "export": 0, "id": "BE"}, {"import": 0, "export": 0, "id": "IL"}, {"import": 0, "export": 0, "id": "FR"}, {"import": 3350, "export": 0, "id": "GR"}, {"import": 0, "export": 752628, "id": "MX"}, {"import": 0, "export": 0, "id": "TW"}, {"import": 0, "export": 0, "id": "KZ"}, {"import": 2, "export": 3, "id": "-"}, {"import": 0, "export": 8124648, "id": "GB"}, {"import": 0, "export": 13815, "id": "JM"}, {"import": 0, "export": 0, "id": "MG"}, {"import": 0, "export": 63910, "id": "CO"}, {"import": 0, "export": 66347, "id": "KY"}, {"import": 0, "export": 26597, "id": "BS"}, {"import": 0, "export": 0, "id": "SG"}, {"import": 0, "export": 0, "id": "TC"}, {"import": 0, "export": 0, "id": "CL"}, {"import": 0, "export": 24739, "id": "DM"}, {"import": 0, "export": 34422, "id": "PA"}, {"import": 0, "export": 0, "id": "VG"}, {"import": 0, "export": 4985, "id": "DO"}, {"import": 0, "export": 2518, "id": "AW"}, {"import": 0, "export": 0, "id": "KN"}, {"import": 0, "export": 0, "id": "UG"}, {"import": 0, "export": 56103, "id": "TT"}], "world_import": 3245381, "world_export": 34218936}, {"date": "Unnamed: 3-01", "list": [{"import": 2022454, "export": 0, "id": "IN"}, {"import": 495221, "export": 0, "id": "TH"}, {"import": 253736, "export": 0, "id": "PK"}, {"import": 0, "export": 0, "id": "VN"}, {"import": 0, "export": 0, "id": "BR"}, {"import": 247710, "export": 0, "id": "AR"}, {"import": 95470, "export": 0, "id": "CA"}, {"import": 0, "export": 0, "id": "IT"}, {"import": 0, "export": 0, "id": "ES"}, {"import": 19491, "export": 0, "id": "CN"}, {"import": 0, "export": 0, "id": "BD"}, {"import": 15420, "export": 0, "id": "JP"}, {"import": 0, "export": 0, "id": "JO"}, {"import": 8550, "export": 0, "id": "KR"}, {"import": 0, "export": 0, "id": "HT"}, {"import": 0, "export": 0, "id": "LK"}, {"import": 0, "export": 0, "id": "KH"}, {"import": 0, "export": 0, "id": "BE"}, {"import": 23928, "export": 0, "id": "IL"}, {"import": 0, "export": 0, "id": "FR"}, {"import": 0, "export": 0, "id": "GR"}, {"import": 0, "export": 0, "id": "MX"}, {"import": 0, "export": 0, "id": "TW"}, {"import": 0, "export": 0, "id": "KZ"}], "world_import": 3181980, "world_export": 0}, {"date": "Unnamed: 4-01", "list": [{"import": 2148991, "export": 0, "id": "IN"}, {"import": 610687, "export": 0, "id": "TH"}, {"import": 408250, "export": 0, "id": "PK"}, {"import": 0, "export": 0, "id": "VN"}, {"import": 40000, "export": 0, "id": "BR"}, {"import": 170290, "export": 0, "id": "AR"}, {"import": 33314, "export": 2682359, "id": "CA"}, {"import": 0, "export": 0, "id": "IT"}, {"import": 6246, "export": 0, "id": "ES"}, {"import": 41958, "export": 0, "id": "CN"}, {"import": 1275, "export": 0, "id": "BD"}, {"import": 36840, "export": 0, "id": "JP"}, {"import": 0, "export": 0, "id": "JO"}, {"import": 0, "export": 6940000, "id": "KR"}, {"import": 4332, "export": 0, "id": "HT"}, {"import": 0, "export": 0, "id": "LK"}, {"import": 0, "export": 0, "id": "KH"}, {"import": 0, "export": 0, "id": "BE"}, {"import": 0, "export": 0, "id": "IL"}, {"import": 0, "export": 0, "id": "FR"}, {"import": 3000, "export": 0, "id": "GR"}, {"import": 0, "export": 868179, "id": "MX"}, {"import": 0, "export": 4133461, "id": "TW"}, {"import": 0, "export": 0, "id": "KZ"}, {"import": 0, "export": 14202, "id": "GB"}, {"import": 0, "export": 5165, "id": "JM"}, {"import": 0, "export": 0, "id": "MG"}, {"import": 0, "export": 101507, "id": "CO"}, {"import": 0, "export": 46033, "id": "KY"}, {"import": 0, "export": 32881, "id": "BS"}, {"import": 0, "export": 3721, "id": "SG"}, {"import": 0, "export": 0, "id": "TC"}, {"import": 0, "export": 19716, "id": "CL"}, {"import": 0, "export": 0, "id": "DM"}, {"import": 0, "export": 0, "id": "PA"}, {"import": 0, "export": 1177, "id": "VG"}, {"import": 0, "export": 1296, "id": "DO"}, {"import": 0, "export": 3856, "id": "AW"}, {"import": 0, "export": 1089, "id": "KN"}, {"import": 0, "export": 0, "id": "UG"}, {"import": 0, "export": 13630, "id": "TT"}], "world_import": 3505183, "world_export": 14868272}, {"date": "Unnamed: 5-01", "list": [{"import": 2518528, "export": 0, "id": "IN"}, {"import": 465761, "export": 0, "id": "TH"}, {"import": 591644, "export": 0, "id": "PK"}, {"import": 20324, "export": 0, "id": "VN"}, {"import": 0, "export": 0, "id": "BR"}, {"import": 246144, "export": 0, "id": "AR"}, {"import": 63952, "export": 2648570, "id": "CA"}, {"import": 6941, "export": 0, "id": "IT"}, {"import": 36263, "export": 0, "id": "ES"}, {"import": 15395, "export": 0, "id": "CN"}, {"import": 0, "export": 0, "id": "BD"}, {"import": 18240, "export": 0, "id": "JP"}, {"import": 0, "export": 0, "id": "JO"}, {"import": 11560, "export": 30911000, "id": "KR"}, {"import": 7600, "export": 0, "id": "HT"}, {"import": 527, "export": 0, "id": "LK"}, {"import": 0, "export": 0, "id": "KH"}, {"import": 0, "export": 0, "id": "BE"}, {"import": 0, "export": 0, "id": "IL"}, {"import": 0, "export": 0, "id": "FR"}, {"import": 0, "export": 0, "id": "GR"}, {"import": 0, "export": 853255, "id": "MX"}, {"import": 0, "export": 5004335, "id": "TW"}, {"import": 0, "export": 0, "id": "KZ"}, {"import": 0, "export": 120079, "id": "GB"}, {"import": 0, "export": 32226, "id": "JM"}, {"import": 0, "export": 0, "id": "MG"}, {"import": 0, "export": 60061, "id": "CO"}, {"import": 0, "export": 81030, "id": "KY"}, {"import": 0, "export": 21408, "id": "BS"}, {"import": 0, "export": 0, "id": "SG"}, {"import": 0, "export": 0, "id": "TC"}, {"import": 0, "export": 0, "id": "CL"}, {"import": 0, "export": 19704, "id": "DM"}, {"import": 0, "export": 42228, "id": "PA"}, {"import": 0, "export": 3733, "id": "VG"}, {"import": 0, "export": 5938, "id": "DO"}, {"import": 0, "export": 86928, "id": "AW"}, {"import": 0, "export": 0, "id": "KN"}, {"import": 0, "export": 0, "id": "UG"}, {"import": 0, "export": 8567, "id": "TT"}], "world_import": 4002879, "world_export": 39899062}, {"date": "Unnamed: 6-01", "list": [{"import": 1725871, "export": 0, "id": "IN"}, {"import": 575211, "export": 0, "id": "TH"}, {"import": 913446, "export": 0, "id": "PK"}, {"import": 18530, "export": 0, "id": "VN"}, {"import": 0, "export": 0, "id": "BR"}, {"import": 169288, "export": 0, "id": "AR"}, {"import": 79097, "export": 2152967, "id": "CA"}, {"import": 601, "export": 0, "id": "IT"}, {"import": 57066, "export": 0, "id": "ES"}, {"import": 23037, "export": 0, "id": "CN"}, {"import": 0, "export": 0, "id": "BD"}, {"import": 50572, "export": 0, "id": "JP"}, {"import": 0, "export": 0, "id": "JO"}, {"import": 21200, "export": 24049000, "id": "KR"}, {"import": 15972, "export": 0, "id": "HT"}, {"import": 867, "export": 0, "id": "LK"}, {"import": 0, "export": 0, "id": "KH"}, {"import": 0, "export": 0, "id": "BE"}, {"import": 0, "export": 0, "id": "IL"}, {"import": 0, "export": 0, "id": "FR"}, {"import": 4500, "export": 0, "id": "GR"}, {"import": 0, "export": 986780, "id": "MX"}, {"import": 0, "export": 9074789, "id": "TW"}, {"import": 0, "export": 0, "id": "KZ"}, {"import": 0, "export": 80352, "id": "GB"}, {"import": 0, "export": 46269, "id": "JM"}, {"import": 0, "export": 0, "id": "MG"}, {"import": 0, "export": 74072, "id": "CO"}, {"import": 0, "export": 53086, "id": "KY"}, {"import": 0, "export": 6577, "id": "BS"}, {"import": 0, "export": 0, "id": "SG"}, {"import": 0, "export": 0, "id": "TC"}, {"import": 0, "export": 19320, "id": "CL"}, {"import": 0, "export": 0, "id": "DM"}, {"import": 0, "export": 24135, "id": "PA"}, {"import": 0, "export": 3549, "id": "VG"}, {"import": 0, "export": 0, "id": "DO"}, {"import": 0, "export": 118904, "id": "AW"}, {"import": 0, "export": 1906, "id": "KN"}, {"import": 0, "export": 0, "id": "UG"}, {"import": 0, "export": 11572, "id": "TT"}], "world_import": 3655258, "world_export": 36703278}, {"date": "Unnamed: 7-01", "list": [{"import": 1977413, "export": 0, "id": "IN"}, {"import": 365621, "export": 0, "id": "TH"}, {"import": 983568, "export": 0, "id": "PK"}, {"import": 18507, "export": 0, "id": "VN"}, {"import": 0, "export": 0, "id": "BR"}, {"import": 15200, "export": 0, "id": "AR"}, {"import": 159199, "export": 2297804, "id": "CA"}, {"import": 3422, "export": 0, "id": "IT"}, {"import": 127228, "export": 0, "id": "ES"}, {"import": 20248, "export": 0, "id": "CN"}, {"import": 0, "export": 0, "id": "BD"}, {"import": 16020, "export": 0, "id": "JP"}, {"import": 3510, "export": 0, "id": "JO"}, {"import": 4848, "export": 44245000, "id": "KR"}, {"import": 0, "export": 0, "id": "HT"}, {"import": 0, "export": 0, "id": "LK"}, {"import": 0, "export": 0, "id": "KH"}, {"import": 35453, "export": 20000, "id": "BE"}, {"import": 0, "export": 0, "id": "IL"}, {"import": 0, "export": 0, "id": "FR"}, {"import": 5015, "export": 0, "id": "GR"}, {"import": 0, "export": 772677, "id": "MX"}, {"import": 0, "export": 9761869, "id": "TW"}, {"import": 0, "export": 0, "id": "KZ"}, {"import": 0, "export": 28766, "id": "GB"}, {"import": 0, "export": 33112, "id": "JM"}, {"import": 0, "export": 0, "id": "MG"}, {"import": 0, "export": 19277, "id": "CO"}, {"import": 0, "export": 73430, "id": "KY"}, {"import": 0, "export": 14718, "id": "BS"}, {"import": 0, "export": 0, "id": "SG"}, {"import": 0, "export": 0, "id": "TC"}, {"import": 0, "export": 0, "id": "CL"}, {"import": 0, "export": 0, "id": "DM"}, {"import": 0, "export": 44314, "id": "PA"}, {"import": 0, "export": 2495, "id": "VG"}, {"import": 0, "export": 15035, "id": "DO"}, {"import": 0, "export": 46330, "id": "AW"}, {"import": 0, "export": 907, "id": "KN"}, {"import": 0, "export": 0, "id": "UG"}, {"import": 0, "export": 5941, "id": "TT"}], "world_import": 3735252, "world_export": 57381675}, {"date": "Unnamed: 8-01", "list": [{"import": 1817707, "export": 0, "id": "IN"}, {"import": 540028, "export": 0, "id": "TH"}, {"import": 886202, "export": 0, "id": "PK"}, {"import": 0, "export": 0, "id": "VN"}, {"import": 0, "export": 0, "id": "BR"}, {"import": 57000, "export": 0, "id": "AR"}, {"import": 11985, "export": 2130981, "id": "CA"}, {"import": 1728, "export": 0, "id": "IT"}, {"import": 114132, "export": 0, "id": "ES"}, {"import": 8732, "export": 0, "id": "CN"}, {"import": 0, "export": 0, "id": "BD"}, {"import": 54330, "export": 0, "id": "JP"}, {"import": 0, "export": 0, "id": "JO"}, {"import": 4959, "export": 5520000, "id": "KR"}, {"import": 0, "export": 0, "id": "HT"}, {"import": 0, "export": 0, "id": "LK"}, {"import": 0, "export": 0, "id": "KH"}, {"import": 0, "export": 0, "id": "BE"}, {"import": 16704, "export": 3080, "id": "IL"}, {"import": 0, "export": 0, "id": "FR"}, {"import": 5500, "export": 0, "id": "GR"}, {"import": 0, "export": 664192, "id": "MX"}, {"import": 0, "export": 1145125, "id": "TW"}, {"import": 0, "export": 0, "id": "KZ"}, {"import": 0, "export": 6268, "id": "GB"}, {"import": 0, "export": 10679, "id": "JM"}, {"import": 0, "export": 0, "id": "MG"}, {"import": 0, "export": 67253, "id": "CO"}, {"import": 0, "export": 67982, "id": "KY"}, {"import": 0, "export": 25384, "id": "BS"}, {"import": 0, "export": 0, "id": "SG"}, {"import": 0, "export": 5261, "id": "TC"}, {"import": 0, "export": 19716, "id": "CL"}, {"import": 0, "export": 0, "id": "DM"}, {"import": 0, "export": 0, "id": "PA"}, {"import": 0, "export": 0, "id": "VG"}, {"import": 0, "export": 5334, "id": "DO"}, {"import": 0, "export": 27198, "id": "AW"}, {"import": 0, "export": 0, "id": "KN"}, {"import": 0, "export": 0, "id": "UG"}, {"import": 0, "export": 24638, "id": "TT"}], "world_import": 3519007, "world_export": 9723091}, {"date": "Unnamed: 9-01", "list": [{"import": 1622921, "export": 0, "id": "IN"}, {"import": 656140, "export": 1097, "id": "TH"}, {"import": 834872, "export": 0, "id": "PK"}, {"import": 18530, "export": 0, "id": "VN"}, {"import": 0, "export": 0, "id": "BR"}, {"import": 352550, "export": 0, "id": "AR"}, {"import": 68428, "export": 1970137, "id": "CA"}, {"import": 29720, "export": 0, "id": "IT"}, {"import": 79068, "export": 0, "id": "ES"}, {"import": 6451, "export": 0, "id": "CN"}, {"import": 0, "export": 0, "id": "BD"}, {"import": 19875, "export": 0, "id": "JP"}, {"import": 0, "export": 0, "id": "JO"}, {"import": 3608, "export": 0, "id": "KR"}, {"import": 2900, "export": 0, "id": "HT"}, {"import": 0, "export": 0, "id": "LK"}, {"import": 0, "export": 0, "id": "KH"}, {"import": 84973, "export": 0, "id": "BE"}, {"import": 0, "export": 0, "id": "IL"}, {"import": 0, "export": 0, "id": "FR"}, {"import": 0, "export": 0, "id": "GR"}, {"import": 0, "export": 1186790, "id": "MX"}, {"import": 0, "export": 0, "id": "TW"}, {"import": 4500, "export": 0, "id": "KZ"}, {"import": 0, "export": 0, "id": "GB"}, {"import": 0, "export": 26732, "id": "JM"}, {"import": 0, "export": 0, "id": "MG"}, {"import": 0, "export": 46757, "id": "CO"}, {"import": 0, "export": 84846, "id": "KY"}, {"import": 0, "export": 13453, "id": "BS"}, {"import": 0, "export": 0, "id": "SG"}, {"import": 0, "export": 0, "id": "TC"}, {"import": 0, "export": 0, "id": "CL"}, {"import": 0, "export": 0, "id": "DM"}, {"import": 0, "export": 29048, "id": "PA"}, {"import": 0, "export": 11576, "id": "VG"}, {"import": 0, "export": 3810, "id": "DO"}, {"import": 0, "export": 12524, "id": "AW"}, {"import": 0, "export": 0, "id": "KN"}, {"import": 0, "export": 16054, "id": "UG"}, {"import": 0, "export": 0, "id": "TT"}], "world_import": 3784536, "world_export": 3402824}, {"date": "Unnamed: 10-01", "list": [{"import": 1687532, "export": 0, "id": "IN"}, {"import": 967704, "export": 0, "id": "TH"}, {"import": 584239, "export": 0, "id": "PK"}, {"import": 70300, "export": 0, "id": "VN"}, {"import": 0, "export": 0, "id": "BR"}, {"import": 190000, "export": 0, "id": "AR"}, {"import": 31329, "export": 2634295, "id": "CA"}, {"import": 5250, "export": 0, "id": "IT"}, {"import": 111827, "export": 0, "id": "ES"}, {"import": 9617, "export": 0, "id": "CN"}, {"import": 0, "export": 0, "id": "BD"}, {"import": 35520, "export": 0, "id": "JP"}, {"import": 0, "export": 0, "id": "JO"}, {"import": 4723, "export": 0, "id": "KR"}, {"import": 5163, "export": 0, "id": "HT"}, {"import": 0, "export": 0, "id": "LK"}, {"import": 0, "export": 0, "id": "KH"}, {"import": 0, "export": 0, "id": "BE"}, {"import": 0, "export": 0, "id": "IL"}, {"import": 198, "export": 0, "id": "FR"}, {"import": 13000, "export": 0, "id": "GR"}, {"import": 0, "export": 495489, "id": "MX"}, {"import": 0, "export": 0, "id": "TW"}, {"import": 0, "export": 0, "id": "KZ"}, {"import": 0, "export": 125977, "id": "GB"}, {"import": 0, "export": 24497, "id": "JM"}, {"import": 0, "export": 0, "id": "MG"}, {"import": 0, "export": 68291, "id": "CO"}, {"import": 0, "export": 85466, "id": "KY"}, {"import": 0, "export": 34257, "id": "BS"}, {"import": 0, "export": 11077, "id": "SG"}, {"import": 0, "export": 3084, "id": "TC"}, {"import": 0, "export": 0, "id": "CL"}, {"import": 0, "export": 0, "id": "DM"}, {"import": 0, "export": 42773, "id": "PA"}, {"import": 0, "export": 15299, "id": "VG"}, {"import": 0, "export": 5660, "id": "DO"}, {"import": 0, "export": 18662, "id": "AW"}, {"import": 0, "export": 0, "id": "KN"}, {"import": 0, "export": 0, "id": "UG"}, {"import": 0, "export": 0, "id": "TT"}], "world_import": 3716402, "world_export": 3564827}, {"date": "Unnamed: 11-01", "list": [{"import": 1369458, "export": 0, "id": "IN"}, {"import": 414277, "export": 1122, "id": "TH"}, {"import": 534382, "export": 0, "id": "PK"}, {"import": 52740, "export": 0, "id": "VN"}, {"import": 0, "export": 0, "id": "BR"}, {"import": 150100, "export": 0, "id": "AR"}, {"import": 84475, "export": 1846962, "id": "CA"}, {"import": 7595, "export": 0, "id": "IT"}, {"import": 20702, "export": 0, "id": "ES"}, {"import": 11975, "export": 0, "id": "CN"}, {"import": 0, "export": 0, "id": "BD"}, {"import": 16530, "export": 0, "id": "JP"}, {"import": 9177, "export": 0, "id": "JO"}, {"import": 9344, "export": 0, "id": "KR"}, {"import": 0, "export": 0, "id": "HT"}, {"import": 3300, "export": 0, "id": "LK"}, {"import": 0, "export": 0, "id": "KH"}, {"import": 0, "export": 0, "id": "BE"}, {"import": 0, "export": 0, "id": "IL"}, {"import": 0, "export": 0, "id": "FR"}, {"import": 0, "export": 0, "id": "GR"}, {"import": 0, "export": 859876, "id": "MX"}, {"import": 0, "export": 0, "id": "TW"}, {"import": 0, "export": 0, "id": "KZ"}, {"import": 0, "export": 20000, "id": "GB"}, {"import": 0, "export": 15458, "id": "JM"}, {"import": 0, "export": 0, "id": "MG"}, {"import": 0, "export": 14175, "id": "CO"}, {"import": 0, "export": 69719, "id": "KY"}, {"import": 0, "export": 22918, "id": "BS"}, {"import": 0, "export": 0, "id": "SG"}, {"import": 0, "export": 0, "id": "TC"}, {"import": 0, "export": 19716, "id": "CL"}, {"import": 0, "export": 0, "id": "DM"}, {"import": 0, "export": 10542, "id": "PA"}, {"import": 0, "export": 12873, "id": "VG"}, {"import": 0, "export": 0, "id": "DO"}, {"import": 0, "export": 14272, "id": "AW"}, {"import": 0, "export": 0, "id": "KN"}, {"import": 0, "export": 0, "id": "UG"}, {"import": 0, "export": 11362, "id": "TT"}], "world_import": 2684055, "world_export": 2918995}, {"date": "Unnamed: 12-01", "list": [{"import": 1777506, "export": 0, "id": "IN"}, {"import": 396482, "export": 4349, "id": "TH"}, {"import": 597307, "export": 0, "id": "PK"}, {"import": 37060, "export": 0, "id": "VN"}, {"import": 19700, "export": 0, "id": "BR"}, {"import": 285600, "export": 0, "id": "AR"}, {"import": 39244, "export": 2615132, "id": "CA"}, {"import": 15937, "export": 0, "id": "IT"}, {"import": 86684, "export": 0, "id": "ES"}, {"import": 0, "export": 0, "id": "CN"}, {"import": 0, "export": 0, "id": "BD"}, {"import": 18240, "export": 0, "id": "JP"}, {"import": 0, "export": 0, "id": "JO"}, {"import": 8343, "export": 0, "id": "KR"}, {"import": 0, "export": 0, "id": "HT"}, {"import": 1886, "export": 0, "id": "LK"}, {"import": 0, "export": 0, "id": "KH"}, {"import": 0, "export": 141026, "id": "BE"}, {"import": 0, "export": 337, "id": "IL"}, {"import": 0, "export": 0, "id": "FR"}, {"import": 0, "export": 0, "id": "GR"}, {"import": 0, "export": 944861, "id": "MX"}, {"import": 841, "export": 0, "id": "TW"}, {"import": 0, "export": 0, "id": "KZ"}, {"import": 0, "export": 0, "id": "GB"}, {"import": 0, "export": 31822, "id": "JM"}, {"import": 0, "export": 0, "id": "MG"}, {"import": 0, "export": 24604, "id": "CO"}, {"import": 0, "export": 46993, "id": "KY"}, {"import": 0, "export": 71686, "id": "BS"}, {"import": 0, "export": 5742, "id": "SG"}, {"import": 0, "export": 5261, "id": "TC"}, {"import": 0, "export": 0, "id": "CL"}, {"import": 0, "export": 20194, "id": "DM"}, {"import": 0, "export": 15753, "id": "PA"}, {"import": 0, "export": 1665, "id": "VG"}, {"import": 0, "export": 11490, "id": "DO"}, {"import": 0, "export": 0, "id": "AW"}, {"import": 0, "export": 3352, "id": "KN"}, {"import": 0, "export": 0, "id": "UG"}, {"import": 0, "export": 871, "id": "TT"}], "world_import": 3284830, "world_export": 3945138}, {"date": "Unnamed: 13-01", "list": [{"import": 1796407, "export": 0, "id": "IN"}, {"import": 337173, "export": 0, "id": "TH"}, {"import": 442045, "export": 0, "id": "PK"}, {"import": 17880, "export": 0, "id": "VN"}, {"import": 91321, "export": 0, "id": "BR"}, {"import": 266000, "export": 0, "id": "AR"}, {"import": 24137, "export": 2731933, "id": "CA"}, {"import": 16520, "export": 0, "id": "IT"}, {"import": 0, "export": 0, "id": "ES"}, {"import": 8643, "export": 0, "id": "CN"}, {"import": 0, "export": 0, "id": "BD"}, {"import": 33061, "export": 0, "id": "JP"}, {"import": 0, "export": 0, "id": "JO"}, {"import": 6000, "export": 0, "id": "KR"}, {"import": 0, "export": 0, "id": "HT"}, {"import": 2000, "export": 0, "id": "LK"}, {"import": 0, "export": 0, "id": "KH"}, {"import": 0, "export": 239998, "id": "BE"}, {"import": 4320, "export": 0, "id": "IL"}, {"import": 0, "export": 0, "id": "FR"}, {"import": 9000, "export": 0, "id": "GR"}, {"import": 0, "export": 619248, "id": "MX"}, {"import": 0, "export": 879130, "id": "TW"}, {"import": 0, "export": 0, "id": "KZ"}, {"import": 0, "export": 39514, "id": "GB"}, {"import": 0, "export": 36297, "id": "JM"}, {"import": 0, "export": 0, "id": "MG"}, {"import": 0, "export": 46793, "id": "CO"}, {"import": 0, "export": 93942, "id": "KY"}, {"import": 0, "export": 60638, "id": "BS"}, {"import": 0, "export": 0, "id": "SG"}, {"import": 0, "export": 14272, "id": "TC"}, {"import": 0, "export": 19716, "id": "CL"}, {"import": 0, "export": 0, "id": "DM"}, {"import": 0, "export": 0, "id": "PA"}, {"import": 0, "export": 6636, "id": "VG"}, {"import": 0, "export": 0, "id": "DO"}, {"import": 0, "export": 2795, "id": "AW"}, {"import": 0, "export": 0, "id": "KN"}, {"import": 0, "export": 0, "id": "UG"}, {"import": 0, "export": 10582, "id": "TT"}], "world_import": 3054507, "world_export": 4801494}, {"date": "Unnamed: 14-01", "list": [{"import": 1095420, "export": 0, "id": "IN"}, {"import": 435737, "export": 0, "id": "TH"}, {"import": 297837, "export": 0, "id": "PK"}, {"import": 9080, "export": 0, "id": "VN"}, {"import": 36492, "export": 0, "id": "BR"}, {"import": 224820, "export": 0, "id": "AR"}, {"import": 78889, "export": 2575375, "id": "CA"}, {"import": 1920, "export": 0, "id": "IT"}, {"import": 25690, "export": 0, "id": "ES"}, {"import": 30428, "export": 0, "id": "CN"}, {"import": 10000, "export": 0, "id": "BD"}, {"import": 28260, "export": 0, "id": "JP"}, {"import": 0, "export": 0, "id": "JO"}, {"import": 22084, "export": 9900000, "id": "KR"}, {"import": 7402, "export": 0, "id": "HT"}, {"import": 0, "export": 0, "id": "LK"}, {"import": 0, "export": 0, "id": "KH"}, {"import": 0, "export": 294221, "id": "BE"}, {"import": 0, "export": 0, "id": "IL"}, {"import": 0, "export": 0, "id": "FR"}, {"import": 7500, "export": 0, "id": "GR"}, {"import": 0, "export": 756248, "id": "MX"}, {"import": 1701, "export": 2155433, "id": "TW"}, {"import": 0, "export": 0, "id": "KZ"}, {"import": 0, "export": 816034, "id": "GB"}, {"import": 0, "export": 18742, "id": "JM"}, {"import": 0, "export": 0, "id": "MG"}, {"import": 0, "export": 57472, "id": "CO"}, {"import": 0, "export": 79012, "id": "KY"}, {"import": 0, "export": 37400, "id": "BS"}, {"import": 0, "export": 0, "id": "SG"}, {"import": 0, "export": 0, "id": "TC"}, {"import": 0, "export": 0, "id": "CL"}, {"import": 0, "export": 17802, "id": "DM"}, {"import": 0, "export": 21391, "id": "PA"}, {"import": 0, "export": 4378, "id": "VG"}, {"import": 0, "export": 25520, "id": "DO"}, {"import": 0, "export": 0, "id": "AW"}, {"import": 0, "export": 0, "id": "KN"}, {"import": 0, "export": 0, "id": "UG"}, {"import": 0, "export": 3483, "id": "TT"}], "world_import": 2313260, "world_export": 16762511}, {"date": "Unnamed: 15-01", "list": [{"import": 1693964, "export": 0, "id": "IN"}, {"import": 544535, "export": 0, "id": "TH"}, {"import": 583726, "export": 0, "id": "PK"}, {"import": 0, "export": 0, "id": "VN"}, {"import": 24706, "export": 0, "id": "BR"}, {"import": 200438, "export": 0, "id": "AR"}, {"import": 84768, "export": 2238428, "id": "CA"}, {"import": 7790, "export": 0, "id": "IT"}, {"import": 20702, "export": 0, "id": "ES"}, {"import": 14679, "export": 0, "id": "CN"}, {"import": 0, "export": 0, "id": "BD"}, {"import": 38207, "export": 0, "id": "JP"}, {"import": 0, "export": 0, "id": "JO"}, {"import": 6000, "export": 9100000, "id": "KR"}, {"import": 0, "export": 0, "id": "HT"}, {"import": 3142, "export": 0, "id": "LK"}, {"import": 0, "export": 0, "id": "KH"}, {"import": 0, "export": 269992, "id": "BE"}, {"import": 36314, "export": 0, "id": "IL"}, {"import": 0, "export": 0, "id": "FR"}, {"import": 0, "export": 0, "id": "GR"}, {"import": 0, "export": 845427, "id": "MX"}, {"import": 0, "export": 1025125, "id": "TW"}, {"import": 0, "export": 0, "id": "KZ"}, {"import": 0, "export": 83534, "id": "GB"}, {"import": 0, "export": 34916, "id": "JM"}, {"import": 0, "export": 0, "id": "MG"}, {"import": 0, "export": 49000, "id": "CO"}, {"import": 0, "export": 43658, "id": "KY"}, {"import": 0, "export": 52864, "id": "BS"}, {"import": 0, "export": 0, "id": "SG"}, {"import": 0, "export": 23188, "id": "TC"}, {"import": 0, "export": 39489, "id": "CL"}, {"import": 0, "export": 0, "id": "DM"}, {"import": 0, "export": 10542, "id": "PA"}, {"import": 0, "export": 3353, "id": "VG"}, {"import": 0, "export": 0, "id": "DO"}, {"import": 0, "export": 3494, "id": "AW"}, {"import": 0, "export": 2454, "id": "KN"}, {"import": 0, "export": 0, "id": "UG"}, {"import": 0, "export": 0, "id": "TT"}], "world_import": 3258971, "world_export": 13825464}, {"date": "Unnamed: 16-01", "list": [{"import": 1488706, "export": 0, "id": "IN"}, {"import": 581429, "export": 0, "id": "TH"}, {"import": 388782, "export": 0, "id": "PK"}, {"import": 0, "export": 0, "id": "VN"}, {"import": 60794, "export": 0, "id": "BR"}, {"import": 142800, "export": 0, "id": "AR"}, {"import": 86974, "export": 2244054, "id": "CA"}, {"import": 16700, "export": 0, "id": "IT"}, {"import": 3640, "export": 0, "id": "ES"}, {"import": 16649, "export": 0, "id": "CN"}, {"import": 26163, "export": 0, "id": "BD"}, {"import": 16590, "export": 0, "id": "JP"}, {"import": 0, "export": 0, "id": "JO"}, {"import": 5020, "export": 12660000, "id": "KR"}, {"import": 0, "export": 0, "id": "HT"}, {"import": 0, "export": 0, "id": "LK"}, {"import": 0, "export": 0, "id": "KH"}, {"import": 0, "export": 125482, "id": "BE"}, {"import": 0, "export": 3080, "id": "IL"}, {"import": 0, "export": 0, "id": "FR"}, {"import": 0, "export": 0, "id": "GR"}, {"import": 0, "export": 613122, "id": "MX"}, {"import": 0, "export": 2356379, "id": "TW"}, {"import": 0, "export": 0, "id": "KZ"}, {"import": 0, "export": 10509466, "id": "GB"}, {"import": 0, "export": 84950, "id": "JM"}, {"import": 0, "export": 0, "id": "MG"}, {"import": 0, "export": 26619, "id": "CO"}, {"import": 0, "export": 69508, "id": "KY"}, {"import": 0, "export": 45950, "id": "BS"}, {"import": 0, "export": 10192, "id": "SG"}, {"import": 0, "export": 6486, "id": "TC"}, {"import": 0, "export": 0, "id": "CL"}, {"import": 0, "export": 0, "id": "DM"}, {"import": 0, "export": 21084, "id": "PA"}, {"import": 0, "export": 5346, "id": "VG"}, {"import": 0, "export": 4800, "id": "DO"}, {"import": 0, "export": 0, "id": "AW"}, {"import": 0, "export": 0, "id": "KN"}, {"import": 0, "export": 0, "id": "UG"}, {"import": 0, "export": 10662, "id": "TT"}], "world_import": 2834247, "world_export": 28797180}, {"date": "Unnamed: 17-01", "list": [{"import": 1612547, "export": 0, "id": "IN"}, {"import": 269360, "export": 0, "id": "TH"}, {"import": 878409, "export": 0, "id": "PK"}, {"import": 83524, "export": 0, "id": "VN"}, {"import": 0, "export": 0, "id": "BR"}, {"import": 315172, "export": 0, "id": "AR"}, {"import": 42794, "export": 3451257, "id": "CA"}, {"import": 21000, "export": 0, "id": "IT"}, {"import": 15581, "export": 0, "id": "ES"}, {"import": 22227, "export": 0, "id": "CN"}, {"import": 0, "export": 0, "id": "BD"}, {"import": 26585, "export": 0, "id": "JP"}, {"import": 0, "export": 0, "id": "JO"}, {"import": 8269, "export": 11500000, "id": "KR"}, {"import": 7748, "export": 0, "id": "HT"}, {"import": 3000, "export": 0, "id": "LK"}, {"import": 20000, "export": 0, "id": "KH"}, {"import": 0, "export": 210105, "id": "BE"}, {"import": 0, "export": 0, "id": "IL"}, {"import": 0, "export": 0, "id": "FR"}, {"import": 10500, "export": 0, "id": "GR"}, {"import": 4318, "export": 822426, "id": "MX"}, {"import": 0, "export": 3460909, "id": "TW"}, {"import": 0, "export": 0, "id": "KZ"}, {"import": 0, "export": 546421, "id": "GB"}, {"import": 0, "export": 79059, "id": "JM"}, {"import": 0, "export": 0, "id": "MG"}, {"import": 0, "export": 125857, "id": "CO"}, {"import": 0, "export": 328047, "id": "KY"}, {"import": 0, "export": 86603, "id": "BS"}, {"import": 0, "export": 15000, "id": "SG"}, {"import": 0, "export": 10690, "id": "TC"}, {"import": 0, "export": 0, "id": "CL"}, {"import": 0, "export": 17963, "id": "DM"}, {"import": 0, "export": 21647, "id": "PA"}, {"import": 0, "export": 11760, "id": "VG"}, {"import": 0, "export": 0, "id": "DO"}, {"import": 0, "export": 25736, "id": "AW"}, {"import": 0, "export": 4532, "id": "KN"}, {"import": 0, "export": 0, "id": "UG"}, {"import": 0, "export": 7516, "id": "TT"}], "world_import": 3341034, "world_export": 20725528}, {"date": "Unnamed: 18-01", "list": [{"import": 2231873, "export": 0, "id": "IN"}, {"import": 539738, "export": 0, "id": "TH"}, {"import": 791067, "export": 0, "id": "PK"}, {"import": 260740, "export": 0, "id": "VN"}, {"import": 42548, "export": 0, "id": "BR"}, {"import": 176300, "export": 0, "id": "AR"}, {"import": 63085, "export": 3495635, "id": "CA"}, {"import": 49191, "export": 0, "id": "IT"}, {"import": 2440, "export": 0, "id": "ES"}, {"import": 4633, "export": 0, "id": "CN"}, {"import": 26163, "export": 0, "id": "BD"}, {"import": 57176, "export": 0, "id": "JP"}, {"import": 1100, "export": 0, "id": "JO"}, {"import": 25323, "export": 12200000, "id": "KR"}, {"import": 0, "export": 0, "id": "HT"}, {"import": 816, "export": 0, "id": "LK"}, {"import": 0, "export": 0, "id": "KH"}, {"import": 0, "export": 63277, "id": "BE"}, {"import": 0, "export": 0, "id": "IL"}, {"import": 0, "export": 0, "id": "FR"}, {"import": 0, "export": 0, "id": "GR"}, {"import": 3000, "export": 879625, "id": "MX"}, {"import": 0, "export": 6459658, "id": "TW"}, {"import": 0, "export": 0, "id": "KZ"}, {"import": 0, "export": 477489, "id": "GB"}, {"import": 0, "export": 90189, "id": "JM"}, {"import": 0, "export": 0, "id": "MG"}, {"import": 0, "export": 21559, "id": "CO"}, {"import": 0, "export": 289906, "id": "KY"}, {"import": 0, "export": 33866, "id": "BS"}, {"import": 0, "export": 0, "id": "SG"}, {"import": 0, "export": 45107, "id": "TC"}, {"import": 0, "export": 0, "id": "CL"}, {"import": 0, "export": 16330, "id": "DM"}, {"import": 0, "export": 17430, "id": "PA"}, {"import": 0, "export": 10659, "id": "VG"}, {"import": 0, "export": 0, "id": "DO"}, {"import": 0, "export": 5893, "id": "AW"}, {"import": 0, "export": 0, "id": "KN"}, {"import": 0, "export": 0, "id": "UG"}, {"import": 0, "export": 22347, "id": "TT"}], "world_import": 4275193, "world_export": 24128970}, {"date": "Unnamed: 19-01", "list": [{"import": 2601321, "export": 0, "id": "IN"}, {"import": 869634, "export": 0, "id": "TH"}, {"import": 989312, "export": 0, "id": "PK"}, {"import": 75688, "export": 0, "id": "VN"}, {"import": 148748, "export": 0, "id": "BR"}, {"import": 129200, "export": 0, "id": "AR"}, {"import": 20190, "export": 3646360, "id": "CA"}, {"import": 39618, "export": 0, "id": "IT"}, {"import": 15166, "export": 0, "id": "ES"}, {"import": 9999, "export": 0, "id": "CN"}, {"import": 0, "export": 0, "id": "BD"}, {"import": 28457, "export": 0, "id": "JP"}, {"import": 0, "export": 0, "id": "JO"}, {"import": 20397, "export": 34122000, "id": "KR"}, {"import": 0, "export": 0, "id": "HT"}, {"import": 0, "export": 0, "id": "LK"}, {"import": 0, "export": 0, "id": "KH"}, {"import": 0, "export": 0, "id": "BE"}, {"import": 0, "export": 0, "id": "IL"}, {"import": 762, "export": 0, "id": "FR"}, {"import": 6500, "export": 0, "id": "GR"}, {"import": 0, "export": 1332094, "id": "MX"}, {"import": 0, "export": 4441173, "id": "TW"}, {"import": 0, "export": 0, "id": "KZ"}, {"import": 0, "export": 13425836, "id": "GB"}, {"import": 0, "export": 227562, "id": "JM"}, {"import": 0, "export": 0, "id": "MG"}, {"import": 0, "export": 21675, "id": "CO"}, {"import": 0, "export": 4082, "id": "KY"}, {"import": 0, "export": 45886, "id": "BS"}, {"import": 0, "export": 4073, "id": "SG"}, {"import": 0, "export": 56504, "id": "TC"}, {"import": 0, "export": 0, "id": "CL"}, {"import": 0, "export": 0, "id": "DM"}, {"import": 0, "export": 0, "id": "PA"}, {"import": 0, "export": 3448, "id": "VG"}, {"import": 0, "export": 0, "id": "DO"}, {"import": 0, "export": 0, "id": "AW"}, {"import": 0, "export": 1887, "id": "KN"}, {"import": 0, "export": 0, "id": "UG"}, {"import": 0, "export": 6562, "id": "TT"}], "world_import": 4954992, "world_export": 57339142}, {"date": "Unnamed: 20-01", "list": [{"import": 4821332, "export": 0, "id": "IN"}, {"import": 1054552, "export": 0, "id": "TH"}, {"import": 961137, "export": 0, "id": "PK"}, {"import": 119592, "export": 0, "id": "VN"}, {"import": 50804, "export": 0, "id": "BR"}, {"import": 95424, "export": 0, "id": "AR"}, {"import": 54967, "export": 3053992, "id": "CA"}, {"import": 0, "export": 0, "id": "IT"}, {"import": 2000, "export": 0, "id": "ES"}, {"import": 29002, "export": 0, "id": "CN"}, {"import": 0, "export": 0, "id": "BD"}, {"import": 15300, "export": 0, "id": "JP"}, {"import": 0, "export": 0, "id": "JO"}, {"import": 0, "export": 12962000, "id": "KR"}, {"import": 11142, "export": 0, "id": "HT"}, {"import": 0, "export": 0, "id": "LK"}, {"import": 0, "export": 0, "id": "KH"}, {"import": 0, "export": 360437, "id": "BE"}, {"import": 12096, "export": 0, "id": "IL"}, {"import": 0, "export": 0, "id": "FR"}, {"import": 0, "export": 0, "id": "GR"}, {"import": 0, "export": 1387497, "id": "MX"}, {"import": 1165, "export": 2004726, "id": "TW"}, {"import": 0, "export": 0, "id": "KZ"}, {"import": 0, "export": 0, "id": "GB"}, {"import": 0, "export": 186059, "id": "JM"}, {"import": 0, "export": 0, "id": "MG"}, {"import": 0, "export": 46979, "id": "CO"}, {"import": 0, "export": 14742, "id": "KY"}, {"import": 0, "export": 18459, "id": "BS"}, {"import": 0, "export": 12716, "id": "SG"}, {"import": 0, "export": 67865, "id": "TC"}, {"import": 0, "export": 0, "id": "CL"}, {"import": 0, "export": 0, "id": "DM"}, {"import": 0, "export": 19326, "id": "PA"}, {"import": 0, "export": 0, "id": "VG"}, {"import": 0, "export": 0, "id": "DO"}, {"import": 0, "export": 0, "id": "AW"}, {"import": 0, "export": 0, "id": "KN"}, {"import": 0, "export": 0, "id": "UG"}, {"import": 0, "export": 2617, "id": "TT"}], "world_import": 7228513, "world_export": 20137415}, {"date": "Unnamed: 21-01", "list": [{"import": 4152513, "export": 0, "id": "IN"}, {"import": 602436, "export": 2109, "id": "TH"}, {"import": 581888, "export": 0, "id": "PK"}, {"import": 538632, "export": 0, "id": "VN"}, {"import": 402014, "export": 0, "id": "BR"}, {"import": 129215, "export": 0, "id": "AR"}, {"import": 76918, "export": 2488508, "id": "CA"}, {"import": 42829, "export": 0, "id": "IT"}, {"import": 40990, "export": 0, "id": "ES"}, {"import": 30765, "export": 0, "id": "CN"}, {"import": 26127, "export": 0, "id": "BD"}, {"import": 7250, "export": 0, "id": "JP"}, {"import": 7080, "export": 0, "id": "JO"}, {"import": 6491, "export": 460000, "id": "KR"}, {"import": 3460, "export": 0, "id": "HT"}, {"import": 1328, "export": 0, "id": "LK"}, {"import": 0, "export": 0, "id": "KH"}, {"import": 0, "export": 486003, "id": "BE"}, {"import": 0, "export": 3080, "id": "IL"}, {"import": 0, "export": 0, "id": "FR"}, {"import": 0, "export": 0, "id": "GR"}, {"import": 0, "export": 639779, "id": "MX"}, {"import": 0, "export": 1281894, "id": "TW"}, {"import": 0, "export": 0, "id": "KZ"}, {"import": 0, "export": 168585, "id": "GB"}, {"import": 0, "export": 164991, "id": "JM"}, {"import": 0, "export": 120121, "id": "MG"}, {"import": 0, "export": 98510, "id": "CO"}, {"import": 0, "export": 63661, "id": "KY"}, {"import": 0, "export": 42655, "id": "BS"}, {"import": 0, "export": 41000, "id": "SG"}, {"import": 0, "export": 28345, "id": "TC"}, {"import": 0, "export": 19482, "id": "CL"}, {"import": 0, "export": 17963, "id": "DM"}, {"import": 0, "export": 17265, "id": "PA"}, {"import": 0, "export": 7412, "id": "VG"}, {"import": 0, "export": 2580, "id": "DO"}, {"import": 0, "export": 1924, "id": "AW"}, {"import": 0, "export": 1887, "id": "KN"}, {"import": 0, "export": 1654, "id": "UG"}, {"import": 0, "export": 871, "id": "TT"}], "world_import": 6649936, "world_export": 6160279}, {"date": "123-01", "list": [{"import": 0, "export": 1, "id": "-"}], "world_import": 0, "world_export": 127}, {"date": "3-01", "list": [{"import": 0, "export": 2698942, "id": "CA"}, {"import": 0, "export": 600004, "id": "TW"}, {"import": 0, "export": 913219, "id": "MX"}, {"import": 0, "export": 0, "id": "BE"}, {"import": 0, "export": 2680000, "id": "KR"}, {"import": 0, "export": 1102107, "id": "GB"}, {"import": 0, "export": 3848, "id": "JM"}, {"import": 0, "export": 0, "id": "MG"}, {"import": 0, "export": 35423, "id": "CO"}, {"import": 0, "export": 58524, "id": "KY"}, {"import": 0, "export": 13370, "id": "BS"}, {"import": 0, "export": 0, "id": "SG"}, {"import": 0, "export": 15922, "id": "TC"}, {"import": 0, "export": 0, "id": "CL"}, {"import": 0, "export": 0, "id": "DM"}, {"import": 0, "export": 19864, "id": "PA"}, {"import": 0, "export": 0, "id": "VG"}, {"import": 0, "export": 0, "id": "IL"}, {"import": 0, "export": 0, "id": "DO"}, {"import": 0, "export": 0, "id": "TH"}, {"import": 0, "export": 3625, "id": "AW"}, {"import": 0, "export": 2788, "id": "KN"}, {"import": 0, "export": 0, "id": "UG"}, {"import": 0, "export": 0, "id": "TT"}, {"import": 0, "export": 3, "id": "-"}], "world_import": 0, "world_export": 8147639}]