[{"date": "2018-11-01", "list": [{"import": 196061, "export": 0, "id": "IT"}, {"import": 0, "export": 0, "id": "CN"}, {"import": 0, "export": 0, "id": "MM"}, {"import": 57215, "export": 0, "id": "IN"}, {"import": 0, "export": 0, "id": "PK"}, {"import": 3054, "export": 0, "id": "BE"}, {"import": 0, "export": 0, "id": "-"}, {"import": 0, "export": 0, "id": "VN"}, {"import": 18214, "export": 0, "id": "SI"}, {"import": 50150, "export": 0, "id": "TH"}, {"import": 0, "export": 0, "id": "TR"}, {"import": 0, "export": 0, "id": "MK"}, {"import": 0, "export": 0, "id": "UY"}, {"import": 0, "export": 0, "id": "BG"}, {"import": 0, "export": 0, "id": "PY"}, {"import": 0, "export": 0, "id": "HR"}, {"import": 0, "export": 0, "id": "FR"}, {"import": 0, "export": 0, "id": "DE"}, {"import": 0, "export": 0, "id": "GR"}, {"import": 0, "export": 0, "id": "ME"}, {"import": 0, "export": 1280, "id": "US"}], "world_import": 324694, "world_export": 1280}, {"date": "2018-12-01", "list": [{"import": 475977, "export": 0, "id": "IT"}, {"import": 275000, "export": 0, "id": "CN"}, {"import": 1440, "export": 0, "id": "MM"}, {"import": 98215, "export": 0, "id": "IN"}, {"import": 0, "export": 0, "id": "PK"}, {"import": 2886, "export": 0, "id": "BE"}, {"import": 0, "export": 24000, "id": "-"}, {"import": 0, "export": 0, "id": "VN"}, {"import": 9912, "export": 0, "id": "SI"}, {"import": 25000, "export": 0, "id": "TH"}, {"import": 12000, "export": 0, "id": "TR"}, {"import": 0, "export": 0, "id": "MK"}, {"import": 0, "export": 0, "id": "UY"}, {"import": 0, "export": 0, "id": "BG"}, {"import": 0, "export": 0, "id": "PY"}, {"import": 3500, "export": 0, "id": "HR"}, {"import": 0, "export": 0, "id": "FR"}, {"import": 10704, "export": 0, "id": "DE"}, {"import": 0, "export": 0, "id": "GR"}, {"import": 0, "export": 0, "id": "ME"}, {"import": 0, "export": 0, "id": "US"}], "world_import": 914634, "world_export": 24000}, {"date": "2019-01-01", "list": [{"import": 189400, "export": 0, "id": "IT"}, {"import": 0, "export": 0, "id": "CN"}, {"import": 7000, "export": 0, "id": "MM"}, {"import": 99108, "export": 0, "id": "IN"}, {"import": 0, "export": 0, "id": "PK"}, {"import": 1944, "export": 0, "id": "BE"}, {"import": 0, "export": 15000, "id": "-"}, {"import": 0, "export": 0, "id": "VN"}, {"import": 19428, "export": 0, "id": "SI"}, {"import": 175140, "export": 0, "id": "TH"}, {"import": 0, "export": 0, "id": "TR"}, {"import": 0, "export": 0, "id": "MK"}, {"import": 0, "export": 0, "id": "UY"}, {"import": 0, "export": 0, "id": "BG"}, {"import": 25000, "export": 0, "id": "PY"}, {"import": 0, "export": 0, "id": "HR"}, {"import": 0, "export": 0, "id": "FR"}, {"import": 0, "export": 0, "id": "DE"}, {"import": 0, "export": 0, "id": "GR"}, {"import": 0, "export": 0, "id": "ME"}, {"import": 0, "export": 0, "id": "US"}], "world_import": 517020, "world_export": 15000}, {"date": "2019-02-01", "list": [{"import": 299129, "export": 0, "id": "IT"}, {"import": 175000, "export": 0, "id": "CN"}, {"import": 1920, "export": 0, "id": "MM"}, {"import": 72437, "export": 0, "id": "IN"}, {"import": 420, "export": 0, "id": "PK"}, {"import": 2838, "export": 0, "id": "BE"}, {"import": 0, "export": 0, "id": "-"}, {"import": 0, "export": 0, "id": "VN"}, {"import": 12096, "export": 0, "id": "SI"}, {"import": 75000, "export": 0, "id": "TH"}, {"import": 0, "export": 0, "id": "TR"}, {"import": 0, "export": 0, "id": "MK"}, {"import": 0, "export": 0, "id": "UY"}, {"import": 0, "export": 0, "id": "BG"}, {"import": 0, "export": 0, "id": "PY"}, {"import": 0, "export": 0, "id": "HR"}, {"import": 0, "export": 0, "id": "FR"}, {"import": 0, "export": 0, "id": "DE"}, {"import": 0, "export": 0, "id": "GR"}, {"import": 0, "export": 0, "id": "ME"}, {"import": 0, "export": 800, "id": "US"}], "world_import": 638840, "world_export": 800}, {"date": "2019-03-01", "list": [{"import": 357035, "export": 0, "id": "IT"}, {"import": 90000, "export": 0, "id": "CN"}, {"import": 0, "export": 0, "id": "MM"}, {"import": 0, "export": 0, "id": "IN"}, {"import": 36081, "export": 0, "id": "PK"}, {"import": 3456, "export": 0, "id": "BE"}, {"import": 0, "export": 0, "id": "-"}, {"import": 50000, "export": 0, "id": "VN"}, {"import": 0, "export": 0, "id": "SI"}, {"import": 25100, "export": 0, "id": "TH"}, {"import": 0, "export": 0, "id": "TR"}, {"import": 0, "export": 0, "id": "MK"}, {"import": 0, "export": 0, "id": "UY"}, {"import": 0, "export": 0, "id": "BG"}, {"import": 0, "export": 0, "id": "PY"}, {"import": 0, "export": 0, "id": "HR"}, {"import": 0, "export": 0, "id": "FR"}, {"import": 0, "export": 0, "id": "DE"}, {"import": 0, "export": 0, "id": "GR"}, {"import": 0, "export": 0, "id": "ME"}, {"import": 0, "export": 0, "id": "US"}], "world_import": 561672, "world_export": 0}, {"date": "2019-04-01", "list": [{"import": 266789, "export": 0, "id": "IT"}, {"import": 300000, "export": 0, "id": "CN"}, {"import": 1911, "export": 0, "id": "MM"}, {"import": 5056, "export": 0, "id": "IN"}, {"import": 51124, "export": 0, "id": "PK"}, {"import": 2592, "export": 0, "id": "BE"}, {"import": 0, "export": 0, "id": "-"}, {"import": 51000, "export": 0, "id": "VN"}, {"import": 0, "export": 0, "id": "SI"}, {"import": 50000, "export": 0, "id": "TH"}, {"import": 20000, "export": 3000, "id": "TR"}, {"import": 0, "export": 0, "id": "MK"}, {"import": 0, "export": 0, "id": "UY"}, {"import": 0, "export": 0, "id": "BG"}, {"import": 0, "export": 0, "id": "PY"}, {"import": 3500, "export": 0, "id": "HR"}, {"import": 0, "export": 0, "id": "FR"}, {"import": 0, "export": 0, "id": "DE"}, {"import": 0, "export": 0, "id": "GR"}, {"import": 0, "export": 0, "id": "ME"}, {"import": 0, "export": 1440, "id": "US"}], "world_import": 751972, "world_export": 4440}, {"date": "2019-05-01", "list": [{"import": 332988, "export": 0, "id": "IT"}, {"import": 11250, "export": 0, "id": "CN"}, {"import": 26000, "export": 0, "id": "MM"}, {"import": 2543, "export": 0, "id": "IN"}, {"import": 38996, "export": 0, "id": "PK"}, {"import": 0, "export": 0, "id": "BE"}, {"import": 0, "export": 0, "id": "-"}, {"import": 128000, "export": 0, "id": "VN"}, {"import": 496, "export": 0, "id": "SI"}, {"import": 0, "export": 0, "id": "TH"}, {"import": 0, "export": 0, "id": "TR"}, {"import": 0, "export": 0, "id": "MK"}, {"import": 0, "export": 0, "id": "UY"}, {"import": 0, "export": 0, "id": "BG"}, {"import": 0, "export": 0, "id": "PY"}, {"import": 0, "export": 0, "id": "HR"}, {"import": 603, "export": 0, "id": "FR"}, {"import": 0, "export": 0, "id": "DE"}, {"import": 0, "export": 0, "id": "GR"}, {"import": 0, "export": 0, "id": "ME"}, {"import": 0, "export": 0, "id": "US"}], "world_import": 540876, "world_export": 0}, {"date": "2019-06-01", "list": [{"import": 225608, "export": 0, "id": "IT"}, {"import": 202000, "export": 0, "id": "CN"}, {"import": 0, "export": 0, "id": "MM"}, {"import": 12755, "export": 0, "id": "IN"}, {"import": 0, "export": 0, "id": "PK"}, {"import": 0, "export": 0, "id": "BE"}, {"import": 0, "export": 0, "id": "-"}, {"import": 50000, "export": 0, "id": "VN"}, {"import": 0, "export": 0, "id": "SI"}, {"import": 0, "export": 0, "id": "TH"}, {"import": 0, "export": 0, "id": "TR"}, {"import": 0, "export": 0, "id": "MK"}, {"import": 0, "export": 0, "id": "UY"}, {"import": 0, "export": 0, "id": "BG"}, {"import": 0, "export": 0, "id": "PY"}, {"import": 0, "export": 0, "id": "HR"}, {"import": 0, "export": 0, "id": "FR"}, {"import": 0, "export": 0, "id": "DE"}, {"import": 0, "export": 0, "id": "GR"}, {"import": 0, "export": 0, "id": "ME"}, {"import": 0, "export": 0, "id": "US"}], "world_import": 490363, "world_export": 0}, {"date": "2019-07-01", "list": [{"import": 239841, "export": 0, "id": "IT"}, {"import": 151250, "export": 0, "id": "CN"}, {"import": 15920, "export": 0, "id": "MM"}, {"import": 5688, "export": 0, "id": "IN"}, {"import": 79472, "export": 0, "id": "PK"}, {"import": 6480, "export": 0, "id": "BE"}, {"import": 0, "export": 0, "id": "-"}, {"import": 100000, "export": 0, "id": "VN"}, {"import": 0, "export": 0, "id": "SI"}, {"import": 0, "export": 0, "id": "TH"}, {"import": 0, "export": 0, "id": "TR"}, {"import": 0, "export": 0, "id": "MK"}, {"import": 0, "export": 0, "id": "UY"}, {"import": 0, "export": 0, "id": "BG"}, {"import": 0, "export": 0, "id": "PY"}, {"import": 0, "export": 0, "id": "HR"}, {"import": 2268, "export": 0, "id": "FR"}, {"import": 0, "export": 0, "id": "DE"}, {"import": 2250, "export": 0, "id": "GR"}, {"import": 0, "export": 0, "id": "ME"}, {"import": 0, "export": 0, "id": "US"}], "world_import": 603169, "world_export": 0}, {"date": "2019-08-01", "list": [{"import": 148982, "export": 0, "id": "IT"}, {"import": 205500, "export": 0, "id": "CN"}, {"import": 2227, "export": 0, "id": "MM"}, {"import": 14375, "export": 0, "id": "IN"}, {"import": 27400, "export": 0, "id": "PK"}, {"import": 4968, "export": 0, "id": "BE"}, {"import": 0, "export": 0, "id": "-"}, {"import": 50000, "export": 0, "id": "VN"}, {"import": 0, "export": 0, "id": "SI"}, {"import": 0, "export": 0, "id": "TH"}, {"import": 4800, "export": 0, "id": "TR"}, {"import": 0, "export": 0, "id": "MK"}, {"import": 0, "export": 0, "id": "UY"}, {"import": 0, "export": 0, "id": "BG"}, {"import": 0, "export": 0, "id": "PY"}, {"import": 0, "export": 0, "id": "HR"}, {"import": 0, "export": 0, "id": "FR"}, {"import": 0, "export": 0, "id": "DE"}, {"import": 0, "export": 0, "id": "GR"}, {"import": 0, "export": 0, "id": "ME"}, {"import": 0, "export": 0, "id": "US"}], "world_import": 458252, "world_export": 0}, {"date": "2019-09-01", "list": [{"import": 210653, "export": 0, "id": "IT"}, {"import": 2106, "export": 0, "id": "CN"}, {"import": 24000, "export": 0, "id": "MM"}, {"import": 8068, "export": 0, "id": "IN"}, {"import": 5513, "export": 0, "id": "PK"}, {"import": 7560, "export": 0, "id": "BE"}, {"import": 0, "export": 24000, "id": "-"}, {"import": 50000, "export": 0, "id": "VN"}, {"import": 0, "export": 0, "id": "SI"}, {"import": 0, "export": 0, "id": "TH"}, {"import": 1000, "export": 0, "id": "TR"}, {"import": 0, "export": 0, "id": "MK"}, {"import": 0, "export": 0, "id": "UY"}, {"import": 900, "export": 0, "id": "BG"}, {"import": 0, "export": 0, "id": "PY"}, {"import": 0, "export": 0, "id": "HR"}, {"import": 960, "export": 0, "id": "FR"}, {"import": 0, "export": 0, "id": "DE"}, {"import": 0, "export": 0, "id": "GR"}, {"import": 0, "export": 0, "id": "ME"}, {"import": 0, "export": 640, "id": "US"}], "world_import": 310760, "world_export": 24640}, {"date": "2019-10-01", "list": [{"import": 179681, "export": 0, "id": "IT"}, {"import": 125190, "export": 0, "id": "CN"}, {"import": 19000, "export": 0, "id": "MM"}, {"import": 25375, "export": 0, "id": "IN"}, {"import": 725, "export": 0, "id": "PK"}, {"import": 5400, "export": 0, "id": "BE"}, {"import": 0, "export": 0, "id": "-"}, {"import": 275000, "export": 0, "id": "VN"}, {"import": 0, "export": 0, "id": "SI"}, {"import": 0, "export": 0, "id": "TH"}, {"import": 0, "export": 0, "id": "TR"}, {"import": 0, "export": 0, "id": "MK"}, {"import": 0, "export": 0, "id": "UY"}, {"import": 0, "export": 0, "id": "BG"}, {"import": 0, "export": 0, "id": "PY"}, {"import": 0, "export": 0, "id": "HR"}, {"import": 0, "export": 0, "id": "FR"}, {"import": 0, "export": 0, "id": "DE"}, {"import": 4000, "export": 0, "id": "GR"}, {"import": 0, "export": 0, "id": "ME"}, {"import": 0, "export": 0, "id": "US"}], "world_import": 634371, "world_export": 0}, {"date": "2019-11-01", "list": [{"import": 268804, "export": 0, "id": "IT"}, {"import": 25006, "export": 0, "id": "CN"}, {"import": 20056, "export": 0, "id": "MM"}, {"import": 7505, "export": 0, "id": "IN"}, {"import": 1250, "export": 0, "id": "PK"}, {"import": 7128, "export": 0, "id": "BE"}, {"import": 0, "export": 0, "id": "-"}, {"import": 100000, "export": 0, "id": "VN"}, {"import": 0, "export": 0, "id": "SI"}, {"import": 0, "export": 0, "id": "TH"}, {"import": 0, "export": 0, "id": "TR"}, {"import": 0, "export": 0, "id": "MK"}, {"import": 720, "export": 0, "id": "UY"}, {"import": 0, "export": 0, "id": "BG"}, {"import": 0, "export": 0, "id": "PY"}, {"import": 0, "export": 0, "id": "HR"}, {"import": 0, "export": 0, "id": "FR"}, {"import": 0, "export": 0, "id": "DE"}, {"import": 3000, "export": 0, "id": "GR"}, {"import": 0, "export": 0, "id": "ME"}, {"import": 0, "export": 0, "id": "US"}], "world_import": 433469, "world_export": 0}, {"date": "2019-12-01", "list": [{"import": 345749, "export": 0, "id": "IT"}, {"import": 125000, "export": 0, "id": "CN"}, {"import": 21000, "export": 0, "id": "MM"}, {"import": 24628, "export": 0, "id": "IN"}, {"import": 2480, "export": 0, "id": "PK"}, {"import": 0, "export": 0, "id": "BE"}, {"import": 0, "export": 0, "id": "-"}, {"import": 150000, "export": 0, "id": "VN"}, {"import": 10368, "export": 0, "id": "SI"}, {"import": 0, "export": 0, "id": "TH"}, {"import": 0, "export": 0, "id": "TR"}, {"import": 6000, "export": 0, "id": "MK"}, {"import": 0, "export": 0, "id": "UY"}, {"import": 0, "export": 0, "id": "BG"}, {"import": 0, "export": 0, "id": "PY"}, {"import": 3500, "export": 0, "id": "HR"}, {"import": 0, "export": 0, "id": "FR"}, {"import": 0, "export": 0, "id": "DE"}, {"import": 0, "export": 0, "id": "GR"}, {"import": 0, "export": 0, "id": "ME"}, {"import": 0, "export": 640, "id": "US"}], "world_import": 688725, "world_export": 640}, {"date": "2020-01-01", "list": [{"import": 249317, "export": 0, "id": "IT"}, {"import": 22009, "export": 0, "id": "CN"}, {"import": 0, "export": 0, "id": "MM"}, {"import": 5224, "export": 0, "id": "IN"}, {"import": 50750, "export": 0, "id": "PK"}, {"import": 5184, "export": 0, "id": "BE"}, {"import": 0, "export": 24000, "id": "-"}, {"import": 150000, "export": 0, "id": "VN"}, {"import": 117449, "export": 0, "id": "SI"}, {"import": 0, "export": 0, "id": "TH"}, {"import": 8000, "export": 0, "id": "TR"}, {"import": 1000, "export": 0, "id": "MK"}, {"import": 0, "export": 0, "id": "UY"}, {"import": 0, "export": 0, "id": "BG"}, {"import": 0, "export": 0, "id": "PY"}, {"import": 0, "export": 0, "id": "HR"}, {"import": 0, "export": 0, "id": "FR"}, {"import": 0, "export": 0, "id": "DE"}, {"import": 0, "export": 0, "id": "GR"}, {"import": 0, "export": 0, "id": "ME"}, {"import": 0, "export": 0, "id": "US"}], "world_import": 608933, "world_export": 24000}, {"date": "2020-02-01", "list": [{"import": 366672, "export": 0, "id": "IT"}, {"import": 100000, "export": 0, "id": "CN"}, {"import": 22880, "export": 0, "id": "MM"}, {"import": 5901, "export": 0, "id": "IN"}, {"import": 32456, "export": 0, "id": "PK"}, {"import": 6912, "export": 0, "id": "BE"}, {"import": 0, "export": 0, "id": "-"}, {"import": 53000, "export": 0, "id": "VN"}, {"import": 2064, "export": 0, "id": "SI"}, {"import": 0, "export": 0, "id": "TH"}, {"import": 0, "export": 0, "id": "TR"}, {"import": 0, "export": 0, "id": "MK"}, {"import": 0, "export": 0, "id": "UY"}, {"import": 0, "export": 0, "id": "BG"}, {"import": 0, "export": 0, "id": "PY"}, {"import": 0, "export": 0, "id": "HR"}, {"import": 0, "export": 0, "id": "FR"}, {"import": 0, "export": 0, "id": "DE"}, {"import": 2000, "export": 0, "id": "GR"}, {"import": 0, "export": 0, "id": "ME"}, {"import": 0, "export": 0, "id": "US"}], "world_import": 591885, "world_export": 0}, {"date": "2020-03-01", "list": [{"import": 313277, "export": 0, "id": "IT"}, {"import": 125000, "export": 0, "id": "CN"}, {"import": 52000, "export": 0, "id": "MM"}, {"import": 215, "export": 0, "id": "IN"}, {"import": 53782, "export": 0, "id": "PK"}, {"import": 2592, "export": 0, "id": "BE"}, {"import": 7657, "export": 0, "id": "-"}, {"import": 300000, "export": 0, "id": "VN"}, {"import": 32552, "export": 0, "id": "SI"}, {"import": 0, "export": 0, "id": "TH"}, {"import": 3250, "export": 0, "id": "TR"}, {"import": 0, "export": 0, "id": "MK"}, {"import": 0, "export": 0, "id": "UY"}, {"import": 0, "export": 0, "id": "BG"}, {"import": 0, "export": 0, "id": "PY"}, {"import": 0, "export": 0, "id": "HR"}, {"import": 0, "export": 0, "id": "FR"}, {"import": 0, "export": 0, "id": "DE"}, {"import": 7000, "export": 0, "id": "GR"}, {"import": 0, "export": 0, "id": "ME"}, {"import": 0, "export": 640, "id": "US"}], "world_import": 897325, "world_export": 640}, {"date": "2020-04-01", "list": [{"import": 617215, "export": 0, "id": "IT"}, {"import": 124950, "export": 0, "id": "CN"}, {"import": 26362, "export": 0, "id": "MM"}, {"import": 530, "export": 0, "id": "IN"}, {"import": 1400, "export": 0, "id": "PK"}, {"import": 2592, "export": 0, "id": "BE"}, {"import": 6048, "export": 0, "id": "-"}, {"import": 150000, "export": 0, "id": "VN"}, {"import": 33918, "export": 0, "id": "SI"}, {"import": 0, "export": 0, "id": "TH"}, {"import": 0, "export": 0, "id": "TR"}, {"import": 3000, "export": 0, "id": "MK"}, {"import": 0, "export": 0, "id": "UY"}, {"import": 0, "export": 0, "id": "BG"}, {"import": 0, "export": 0, "id": "PY"}, {"import": 0, "export": 0, "id": "HR"}, {"import": 0, "export": 0, "id": "FR"}, {"import": 0, "export": 0, "id": "DE"}, {"import": 0, "export": 0, "id": "GR"}, {"import": 0, "export": 2160, "id": "ME"}, {"import": 0, "export": 5120, "id": "US"}], "world_import": 966015, "world_export": 7280}]