[{"date": "2018-11-01", "list": [{"import": 43, "export": 0, "id": "US"}, {"import": 0, "export": 0, "id": "IN"}, {"import": 0, "export": 0, "id": "BD"}, {"import": 0, "export": 0, "id": "LK"}, {"import": 0, "export": 0, "id": "CN"}, {"import": 0, "export": 0, "id": "JP"}, {"import": 0, "export": 0, "id": "KR"}, {"import": 0, "export": 0, "id": "BM"}, {"import": 0, "export": 0, "id": "DO"}], "world_import": 43, "world_export": 0}, {"date": "2018-12-01", "list": [{"import": 3, "export": 0, "id": "US"}, {"import": 0, "export": 0, "id": "IN"}, {"import": 0, "export": 0, "id": "BD"}, {"import": 0, "export": 0, "id": "LK"}, {"import": 0, "export": 0, "id": "CN"}, {"import": 0, "export": 0, "id": "JP"}, {"import": 0, "export": 0, "id": "KR"}, {"import": 0, "export": 0, "id": "BM"}, {"import": 0, "export": 0, "id": "DO"}], "world_import": 3, "world_export": 0}, {"date": "2019-01-01", "list": [{"import": 28, "export": 0, "id": "US"}, {"import": 23, "export": 0, "id": "IN"}, {"import": 0, "export": 0, "id": "BD"}, {"import": 0, "export": 0, "id": "LK"}, {"import": 0, "export": 0, "id": "CN"}, {"import": 0, "export": 0, "id": "JP"}, {"import": 0, "export": 0, "id": "KR"}, {"import": 0, "export": 0, "id": "BM"}, {"import": 0, "export": 0, "id": "DO"}], "world_import": 51, "world_export": 0}, {"date": "2019-02-01", "list": [{"import": 0, "export": 0, "id": "US"}, {"import": 7, "export": 0, "id": "IN"}, {"import": 0, "export": 0, "id": "BD"}, {"import": 0, "export": 0, "id": "LK"}, {"import": 0, "export": 0, "id": "CN"}, {"import": 0, "export": 0, "id": "JP"}, {"import": 0, "export": 0, "id": "KR"}, {"import": 0, "export": 0, "id": "BM"}, {"import": 0, "export": 0, "id": "DO"}], "world_import": 7, "world_export": 0}, {"date": "2019-03-01", "list": [{"import": 0, "export": 32470, "id": "US"}, {"import": 2, "export": 0, "id": "IN"}, {"import": 0, "export": 0, "id": "BD"}, {"import": 0, "export": 0, "id": "LK"}, {"import": 0, "export": 0, "id": "CN"}, {"import": 0, "export": 0, "id": "JP"}, {"import": 0, "export": 0, "id": "KR"}, {"import": 0, "export": 0, "id": "BM"}, {"import": 0, "export": 0, "id": "DO"}], "world_import": 2, "world_export": 32470}, {"date": "2019-04-01", "list": [{"import": 6, "export": 0, "id": "US"}, {"import": 23, "export": 0, "id": "IN"}, {"import": 0, "export": 0, "id": "BD"}, {"import": 0, "export": 0, "id": "LK"}, {"import": 0, "export": 0, "id": "CN"}, {"import": 0, "export": 0, "id": "JP"}, {"import": 0, "export": 0, "id": "KR"}, {"import": 0, "export": 0, "id": "BM"}, {"import": 0, "export": 12718, "id": "DO"}], "world_import": 29, "world_export": 12718}, {"date": "2019-05-01", "list": [{"import": 58, "export": 0, "id": "US"}, {"import": 19, "export": 0, "id": "IN"}, {"import": 0, "export": 0, "id": "BD"}, {"import": 0, "export": 0, "id": "LK"}, {"import": 4, "export": 0, "id": "CN"}, {"import": 0, "export": 0, "id": "JP"}, {"import": 0, "export": 0, "id": "KR"}, {"import": 0, "export": 0, "id": "BM"}, {"import": 0, "export": 0, "id": "DO"}], "world_import": 81, "world_export": 0}, {"date": "2019-06-01", "list": [{"import": 10, "export": 0, "id": "US"}, {"import": 0, "export": 0, "id": "IN"}, {"import": 0, "export": 0, "id": "BD"}, {"import": 0, "export": 0, "id": "LK"}, {"import": 0, "export": 0, "id": "CN"}, {"import": 0, "export": 0, "id": "JP"}, {"import": 0, "export": 0, "id": "KR"}, {"import": 0, "export": 0, "id": "BM"}, {"import": 0, "export": 0, "id": "DO"}], "world_import": 10, "world_export": 0}, {"date": "2019-07-01", "list": [{"import": 0, "export": 0, "id": "US"}, {"import": 15, "export": 0, "id": "IN"}, {"import": 0, "export": 0, "id": "BD"}, {"import": 0, "export": 0, "id": "LK"}, {"import": 0, "export": 0, "id": "CN"}, {"import": 0, "export": 0, "id": "JP"}, {"import": 0, "export": 0, "id": "KR"}, {"import": 0, "export": 0, "id": "BM"}, {"import": 0, "export": 0, "id": "DO"}], "world_import": 15, "world_export": 0}, {"date": "2019-08-01", "list": [{"import": 3, "export": 0, "id": "US"}, {"import": 1, "export": 0, "id": "IN"}, {"import": 0, "export": 0, "id": "BD"}, {"import": 0, "export": 0, "id": "LK"}, {"import": 0, "export": 0, "id": "CN"}, {"import": 0, "export": 0, "id": "JP"}, {"import": 0, "export": 0, "id": "KR"}, {"import": 0, "export": 0, "id": "BM"}, {"import": 0, "export": 0, "id": "DO"}], "world_import": 4, "world_export": 0}, {"date": "2019-09-01", "list": [{"import": 18, "export": 122779, "id": "US"}, {"import": 6, "export": 0, "id": "IN"}, {"import": 0, "export": 0, "id": "BD"}, {"import": 0, "export": 0, "id": "LK"}, {"import": 2, "export": 0, "id": "CN"}, {"import": 0, "export": 0, "id": "JP"}, {"import": 0, "export": 0, "id": "KR"}, {"import": 0, "export": 0, "id": "BM"}, {"import": 0, "export": 0, "id": "DO"}], "world_import": 26, "world_export": 122779}, {"date": "2019-10-01", "list": [{"import": 26, "export": 0, "id": "US"}, {"import": 0, "export": 0, "id": "IN"}, {"import": 0, "export": 0, "id": "BD"}, {"import": 2, "export": 0, "id": "LK"}, {"import": 0, "export": 0, "id": "CN"}, {"import": 0, "export": 0, "id": "JP"}, {"import": 0, "export": 0, "id": "KR"}, {"import": 0, "export": 0, "id": "BM"}, {"import": 0, "export": 6160, "id": "DO"}], "world_import": 28, "world_export": 6160}, {"date": "2019-11-01", "list": [{"import": 17, "export": 0, "id": "US"}, {"import": 0, "export": 0, "id": "IN"}, {"import": 0, "export": 0, "id": "BD"}, {"import": 0, "export": 0, "id": "LK"}, {"import": 0, "export": 0, "id": "CN"}, {"import": 0, "export": 0, "id": "JP"}, {"import": 0, "export": 0, "id": "KR"}, {"import": 0, "export": 0, "id": "BM"}, {"import": 0, "export": 0, "id": "DO"}], "world_import": 17, "world_export": 0}, {"date": "2019-12-01", "list": [{"import": 0, "export": 0, "id": "US"}, {"import": 59, "export": 0, "id": "IN"}, {"import": 2, "export": 0, "id": "BD"}, {"import": 0, "export": 0, "id": "LK"}, {"import": 1, "export": 0, "id": "CN"}, {"import": 13, "export": 0, "id": "JP"}, {"import": 0, "export": 0, "id": "KR"}, {"import": 0, "export": 1779, "id": "BM"}, {"import": 0, "export": 0, "id": "DO"}], "world_import": 75, "world_export": 1779}, {"date": "2020-01-01", "list": [{"import": 26, "export": 0, "id": "US"}, {"import": 0, "export": 0, "id": "IN"}, {"import": 0, "export": 0, "id": "BD"}, {"import": 0, "export": 0, "id": "LK"}, {"import": 0, "export": 0, "id": "CN"}, {"import": 0, "export": 0, "id": "JP"}, {"import": 0, "export": 0, "id": "KR"}, {"import": 0, "export": 0, "id": "BM"}, {"import": 0, "export": 0, "id": "DO"}], "world_import": 26, "world_export": 0}, {"date": "2020-02-01", "list": [{"import": 8, "export": 0, "id": "US"}, {"import": 0, "export": 0, "id": "IN"}, {"import": 0, "export": 0, "id": "BD"}, {"import": 0, "export": 0, "id": "LK"}, {"import": 0, "export": 0, "id": "CN"}, {"import": 0, "export": 0, "id": "JP"}, {"import": 0, "export": 0, "id": "KR"}, {"import": 0, "export": 0, "id": "BM"}, {"import": 0, "export": 0, "id": "DO"}], "world_import": 8, "world_export": 0}, {"date": "2020-03-01", "list": [{"import": 32, "export": 0, "id": "US"}, {"import": 234, "export": 0, "id": "IN"}, {"import": 0, "export": 0, "id": "BD"}, {"import": 0, "export": 0, "id": "LK"}, {"import": 0, "export": 0, "id": "CN"}, {"import": 0, "export": 0, "id": "JP"}, {"import": 0, "export": 0, "id": "KR"}, {"import": 0, "export": 0, "id": "BM"}, {"import": 0, "export": 4400, "id": "DO"}], "world_import": 266, "world_export": 4400}, {"date": "2020-04-01", "list": [{"import": 9, "export": 0, "id": "US"}, {"import": 418, "export": 0, "id": "IN"}, {"import": 0, "export": 0, "id": "BD"}, {"import": 0, "export": 0, "id": "LK"}, {"import": 0, "export": 0, "id": "CN"}, {"import": 0, "export": 0, "id": "JP"}, {"import": 4813, "export": 0, "id": "KR"}, {"import": 0, "export": 0, "id": "BM"}, {"import": 0, "export": 0, "id": "DO"}], "world_import": 5240, "world_export": 0}]