[{"date": "2018-12-01", "list": [{"import": 0, "export": 0, "id": "JM"}, {"import": 42739, "export": 0, "id": "US"}, {"import": 0, "export": 0, "id": "MX"}, {"import": 0, "export": 0, "id": "IN"}, {"import": 0, "export": 0, "id": "GT"}], "world_import": 42739, "world_export": 0}, {"date": "2019-01-01", "list": [{"import": 0, "export": 0, "id": "JM"}, {"import": 44761, "export": 0, "id": "US"}, {"import": 273, "export": 0, "id": "MX"}, {"import": 0, "export": 0, "id": "IN"}, {"import": 0, "export": 0, "id": "GT"}], "world_import": 45034, "world_export": 0}, {"date": "2019-02-01", "list": [{"import": 0, "export": 0, "id": "JM"}, {"import": 1470, "export": 0, "id": "US"}, {"import": 716, "export": 0, "id": "MX"}, {"import": 0, "export": 0, "id": "IN"}, {"import": 0, "export": 0, "id": "GT"}], "world_import": 2186, "world_export": 0}, {"date": "2019-03-01", "list": [{"import": 0, "export": 0, "id": "JM"}, {"import": 44122, "export": 0, "id": "US"}, {"import": 0, "export": 0, "id": "MX"}, {"import": 0, "export": 0, "id": "IN"}, {"import": 0, "export": 0, "id": "GT"}], "world_import": 44122, "world_export": 0}, {"date": "2019-04-01", "list": [{"import": 0, "export": 0, "id": "JM"}, {"import": 657, "export": 0, "id": "US"}, {"import": 1452, "export": 0, "id": "MX"}, {"import": 0, "export": 0, "id": "IN"}, {"import": 0, "export": 0, "id": "GT"}], "world_import": 2109, "world_export": 0}, {"date": "2019-05-01", "list": [{"import": 0, "export": 0, "id": "JM"}, {"import": 42865, "export": 0, "id": "US"}, {"import": 0, "export": 0, "id": "MX"}, {"import": 0, "export": 0, "id": "IN"}, {"import": 0, "export": 0, "id": "GT"}], "world_import": 42865, "world_export": 0}, {"date": "2019-06-01", "list": [{"import": 0, "export": 0, "id": "JM"}, {"import": 1601, "export": 0, "id": "US"}, {"import": 682, "export": 0, "id": "MX"}, {"import": 0, "export": 0, "id": "IN"}, {"import": 0, "export": 35000, "id": "GT"}], "world_import": 2283, "world_export": 35000}, {"date": "2019-07-01", "list": [{"import": 0, "export": 0, "id": "JM"}, {"import": 0, "export": 0, "id": "US"}, {"import": 591, "export": 0, "id": "MX"}, {"import": 0, "export": 0, "id": "IN"}, {"import": 0, "export": 0, "id": "GT"}], "world_import": 591, "world_export": 0}, {"date": "2019-08-01", "list": [{"import": 0, "export": 0, "id": "JM"}, {"import": 2030, "export": 0, "id": "US"}, {"import": 0, "export": 0, "id": "MX"}, {"import": 0, "export": 0, "id": "IN"}, {"import": 0, "export": 0, "id": "GT"}], "world_import": 2030, "world_export": 0}, {"date": "2019-09-01", "list": [{"import": 0, "export": 0, "id": "JM"}, {"import": 44552, "export": 0, "id": "US"}, {"import": 1044, "export": 0, "id": "MX"}, {"import": 0, "export": 0, "id": "IN"}, {"import": 0, "export": 0, "id": "GT"}], "world_import": 45596, "world_export": 0}, {"date": "2019-10-01", "list": [{"import": 0, "export": 0, "id": "JM"}, {"import": 43146, "export": 0, "id": "US"}, {"import": 0, "export": 0, "id": "MX"}, {"import": 0, "export": 0, "id": "IN"}, {"import": 0, "export": 0, "id": "GT"}], "world_import": 43146, "world_export": 0}, {"date": "2019-11-01", "list": [{"import": 0, "export": 0, "id": "JM"}, {"import": 1384, "export": 0, "id": "US"}, {"import": 680, "export": 0, "id": "MX"}, {"import": 0, "export": 0, "id": "IN"}, {"import": 0, "export": 0, "id": "GT"}], "world_import": 2064, "world_export": 0}, {"date": "2019-12-01", "list": [{"import": 0, "export": 0, "id": "JM"}, {"import": 86902, "export": 0, "id": "US"}, {"import": 0, "export": 0, "id": "MX"}, {"import": 937, "export": 0, "id": "IN"}, {"import": 0, "export": 0, "id": "GT"}], "world_import": 87839, "world_export": 0}, {"date": "2020-01-01", "list": [{"import": 0, "export": 0, "id": "JM"}, {"import": 1274, "export": 0, "id": "US"}, {"import": 0, "export": 0, "id": "MX"}, {"import": 0, "export": 0, "id": "IN"}, {"import": 0, "export": 0, "id": "GT"}], "world_import": 1274, "world_export": 0}, {"date": "2020-02-01", "list": [{"import": 0, "export": 0, "id": "JM"}, {"import": 1468, "export": 0, "id": "US"}, {"import": 679, "export": 0, "id": "MX"}, {"import": 915, "export": 0, "id": "IN"}, {"import": 0, "export": 0, "id": "GT"}], "world_import": 3062, "world_export": 0}, {"date": "2020-03-01", "list": [{"import": 0, "export": 0, "id": "JM"}, {"import": 46127, "export": 0, "id": "US"}, {"import": 0, "export": 0, "id": "MX"}, {"import": 0, "export": 0, "id": "IN"}, {"import": 0, "export": 0, "id": "GT"}], "world_import": 46127, "world_export": 0}, {"date": "2020-04-01", "list": [{"import": 0, "export": 0, "id": "JM"}, {"import": 45208, "export": 0, "id": "US"}, {"import": 0, "export": 0, "id": "MX"}, {"import": 0, "export": 0, "id": "IN"}, {"import": 0, "export": 0, "id": "GT"}], "world_import": 45208, "world_export": 0}, {"date": "2020-05-01", "list": [{"import": 0, "export": 0, "id": "JM"}, {"import": 6608, "export": 0, "id": "US"}, {"import": 0, "export": 0, "id": "MX"}, {"import": 215, "export": 0, "id": "IN"}, {"import": 0, "export": 0, "id": "GT"}], "world_import": 6823, "world_export": 0}]