[{"date": "2019-05-01", "list": [{"import": 160, "export": 0, "id": "KR"}], "world_import": 160, "world_export": 0}, {"date": "2019-09-01", "list": [{"import": 9800, "export": 0, "id": "KG"}, {"import": 620, "export": 0, "id": "AE"}], "world_import": 10420, "world_export": 0}, {"date": "2019-01-01", "list": [{"import": 288, "export": 0, "id": "AE"}, {"import": 0, "export": 500, "id": "SE"}], "world_import": 288, "world_export": 500}, {"date": "2019-03-01", "list": [{"import": 2643, "export": 0, "id": "AE"}], "world_import": 2643, "world_export": 0}, {"date": "2019-06-01", "list": [{"import": 151, "export": 0, "id": "AE"}], "world_import": 151, "world_export": 0}, {"date": "2019-07-01", "list": [{"import": 263, "export": 0, "id": "AE"}], "world_import": 263, "world_export": 0}, {"date": "2019-08-01", "list": [{"import": 188, "export": 0, "id": "AE"}], "world_import": 188, "world_export": 0}, {"date": "2019-10-01", "list": [{"import": 214, "export": 0, "id": "AE"}], "world_import": 214, "world_export": 0}, {"date": "2019-12-01", "list": [{"import": 438, "export": 0, "id": "AE"}], "world_import": 438, "world_export": 0}]