[{"date": "2018-05-01", "list": [{"import": 16090974, "export": 0, "id": "US"}, {"import": 0, "export": 0, "id": "CR"}, {"import": 13608, "export": 0, "id": "NI"}], "world_import": 16104582, "world_export": 0}, {"date": "2018-06-01", "list": [{"import": 17040360, "export": 0, "id": "US"}, {"import": 0, "export": 0, "id": "CR"}, {"import": 0, "export": 0, "id": "NI"}], "world_import": 17040360, "world_export": 0}, {"date": "2018-07-01", "list": [{"import": 2818239, "export": 0, "id": "US"}, {"import": 0, "export": 0, "id": "CR"}, {"import": 0, "export": 0, "id": "NI"}], "world_import": 2818239, "world_export": 0}, {"date": "2018-08-01", "list": [{"import": 10853316, "export": 0, "id": "US"}, {"import": 0, "export": 0, "id": "CR"}, {"import": 0, "export": 0, "id": "NI"}], "world_import": 10853316, "world_export": 0}, {"date": "2018-09-01", "list": [{"import": 17850052, "export": 0, "id": "US"}, {"import": 41400, "export": 0, "id": "CR"}, {"import": 63504, "export": 0, "id": "NI"}], "world_import": 17954956, "world_export": 0}, {"date": "2018-10-01", "list": [{"import": 21457860, "export": 0, "id": "US"}, {"import": 0, "export": 0, "id": "CR"}, {"import": 0, "export": 0, "id": "NI"}], "world_import": 21457860, "world_export": 0}, {"date": "2018-11-01", "list": [{"import": 35965962, "export": 0, "id": "US"}, {"import": 0, "export": 0, "id": "CR"}, {"import": 0, "export": 0, "id": "NI"}], "world_import": 35965962, "world_export": 0}, {"date": "2018-12-01", "list": [{"import": 35759915, "export": 0, "id": "US"}, {"import": 0, "export": 0, "id": "CR"}, {"import": 0, "export": 0, "id": "NI"}], "world_import": 35759915, "world_export": 0}, {"date": "2019-01-01", "list": [{"import": 169, "export": 0, "id": "US"}, {"import": 0, "export": 0, "id": "CR"}, {"import": 0, "export": 0, "id": "NI"}], "world_import": 169, "world_export": 0}, {"date": "2019-02-01", "list": [{"import": 9235224, "export": 0, "id": "US"}, {"import": 0, "export": 0, "id": "CR"}, {"import": 0, "export": 0, "id": "NI"}], "world_import": 9235224, "world_export": 0}, {"date": "2019-03-01", "list": [{"import": 4924920, "export": 0, "id": "US"}, {"import": 0, "export": 0, "id": "CR"}, {"import": 0, "export": 0, "id": "NI"}], "world_import": 4924920, "world_export": 0}, {"date": "2019-04-01", "list": [{"import": 5093836, "export": 0, "id": "US"}, {"import": 0, "export": 0, "id": "CR"}, {"import": 0, "export": 0, "id": "NI"}], "world_import": 5093836, "world_export": 0}, {"date": "2019-05-01", "list": [{"import": 7594765, "export": 0, "id": "US"}, {"import": 0, "export": 0, "id": "CR"}, {"import": 0, "export": 0, "id": "NI"}], "world_import": 7594765, "world_export": 0}, {"date": "2019-06-01", "list": [{"import": 11348236, "export": 0, "id": "US"}, {"import": 0, "export": 0, "id": "CR"}, {"import": 0, "export": 0, "id": "NI"}], "world_import": 11348236, "world_export": 0}, {"date": "2019-07-01", "list": [{"import": 0, "export": 0, "id": "US"}, {"import": 0, "export": 0, "id": "CR"}, {"import": 0, "export": 0, "id": "NI"}], "world_import": 0, "world_export": 0}, {"date": "2019-08-01", "list": [{"import": 27975572, "export": 0, "id": "US"}, {"import": 0, "export": 0, "id": "CR"}, {"import": 0, "export": 88320, "id": "NI"}], "world_import": 27975572, "world_export": 88320}, {"date": "2019-09-01", "list": [{"import": 16108, "export": 0, "id": "US"}, {"import": 0, "export": 0, "id": "CR"}, {"import": 0, "export": 22080, "id": "NI"}], "world_import": 16108, "world_export": 22080}, {"date": "2019-10-01", "list": [{"import": 25415490, "export": 0, "id": "US"}, {"import": 0, "export": 0, "id": "CR"}, {"import": 0, "export": 88320, "id": "NI"}], "world_import": 25415490, "world_export": 88320}]