[{"date": "2018-11-01", "list": [{"import": 47482, "export": 0, "id": "-"}, {"import": 99814, "export": 0, "id": "US"}], "world_import": 147296, "world_export": 0}, {"date": "2018-12-01", "list": [{"import": 23779, "export": 0, "id": "-"}, {"import": 57640, "export": 0, "id": "US"}], "world_import": 81419, "world_export": 0}, {"date": "2019-01-01", "list": [{"import": 49662, "export": 0, "id": "-"}, {"import": 69953, "export": 0, "id": "US"}], "world_import": 119615, "world_export": 0}, {"date": "2019-02-01", "list": [{"import": 48167, "export": 0, "id": "-"}, {"import": 55055, "export": 0, "id": "US"}], "world_import": 103222, "world_export": 0}, {"date": "2019-03-01", "list": [{"import": 73321, "export": 0, "id": "-"}, {"import": 105192, "export": 0, "id": "US"}], "world_import": 178513, "world_export": 0}, {"date": "2019-04-01", "list": [{"import": 78008, "export": 0, "id": "-"}, {"import": 174302, "export": 0, "id": "US"}], "world_import": 252310, "world_export": 0}, {"date": "2019-05-01", "list": [{"import": 47066, "export": 0, "id": "-"}, {"import": 79219, "export": 0, "id": "US"}], "world_import": 126285, "world_export": 0}, {"date": "2019-06-01", "list": [{"import": 98504, "export": 0, "id": "-"}, {"import": 26553, "export": 0, "id": "US"}], "world_import": 125057, "world_export": 0}, {"date": "2019-07-01", "list": [{"import": 23493, "export": 20, "id": "-"}, {"import": 55406, "export": 0, "id": "US"}], "world_import": 78899, "world_export": 20}, {"date": "2019-08-01", "list": [{"import": 70748, "export": 0, "id": "-"}, {"import": 40476, "export": 0, "id": "US"}], "world_import": 111224, "world_export": 0}, {"date": "2019-09-01", "list": [{"import": 72534, "export": 0, "id": "-"}, {"import": 0, "export": 0, "id": "US"}], "world_import": 72534, "world_export": 0}, {"date": "2019-10-01", "list": [{"import": 74575, "export": 0, "id": "-"}, {"import": 32681, "export": 0, "id": "US"}], "world_import": 107256, "world_export": 0}, {"date": "2019-11-01", "list": [{"import": 58551, "export": 0, "id": "-"}, {"import": 18413, "export": 0, "id": "US"}], "world_import": 76964, "world_export": 0}, {"date": "2019-12-01", "list": [{"import": 117407, "export": 0, "id": "-"}, {"import": 56358, "export": 0, "id": "US"}], "world_import": 173765, "world_export": 0}, {"date": "2020-01-01", "list": [{"import": 130684, "export": 0, "id": "-"}, {"import": 0, "export": 0, "id": "US"}], "world_import": 130684, "world_export": 0}, {"date": "2020-02-01", "list": [{"import": 36605, "export": 0, "id": "-"}, {"import": 0, "export": 0, "id": "US"}], "world_import": 36605, "world_export": 0}, {"date": "2020-03-01", "list": [{"import": 243754, "export": 0, "id": "-"}, {"import": 129839, "export": 0, "id": "US"}], "world_import": 373593, "world_export": 0}, {"date": "2020-04-01", "list": [{"import": 116155, "export": 0, "id": "-"}, {"import": 0, "export": 0, "id": "US"}], "world_import": 116155, "world_export": 0}]