[{"date": "12-01", "list": [{"import": 1, "export": 0, "id": "-"}], "world_import": 16, "world_export": 0}, {"date": "1-01", "list": [{"import": 2, "export": 0, "id": "-"}], "world_import": 9, "world_export": 0}, {"date": "2-01", "list": [{"import": 1251941, "export": 0, "id": "IT"}, {"import": 486078, "export": 0, "id": "PL"}, {"import": 1050000, "export": 0, "id": "MM"}, {"import": 103634, "export": 0, "id": "TH"}, {"import": 189998, "export": 0, "id": "PK"}, {"import": 280477, "export": 0, "id": "VN"}, {"import": 0, "export": 0, "id": "ES"}, {"import": 249045, "export": 0, "id": "GY"}, {"import": 98038, "export": 0, "id": "KH"}, {"import": 24000, "export": 0, "id": "LT"}, {"import": 0, "export": 0, "id": "SR"}, {"import": 0, "export": 0, "id": "IN"}, {"import": 32892, "export": 0, "id": "NL"}, {"import": 16, "export": 0, "id": "FR"}, {"import": 20577, "export": 0, "id": "DE"}, {"import": 15482, "export": 0, "id": "BE"}, {"import": 20273, "export": 0, "id": "SK"}, {"import": 4171, "export": 0, "id": "GB"}, {"import": 25086, "export": 0, "id": "AT"}, {"import": 0, "export": 0, "id": "BG"}, {"import": 0, "export": 0, "id": "DK"}, {"import": 0, "export": 0, "id": "FI"}, {"import": 0, "export": 0, "id": "GR"}, {"import": 1342, "export": 0, "id": "HU"}, {"import": 2, "export": 0, "id": "-"}], "world_import": 3853052, "world_export": 0}, {"date": "Unnamed: 3-01", "list": [{"import": 1368464, "export": 0, "id": "IT"}, {"import": 610692, "export": 0, "id": "PL"}, {"import": 1370000, "export": 0, "id": "MM"}, {"import": 160000, "export": 0, "id": "TH"}, {"import": 271620, "export": 0, "id": "PK"}, {"import": 197085, "export": 0, "id": "VN"}, {"import": 0, "export": 0, "id": "ES"}, {"import": 125133, "export": 0, "id": "GY"}, {"import": 0, "export": 0, "id": "KH"}, {"import": 72000, "export": 0, "id": "LT"}, {"import": 0, "export": 0, "id": "SR"}, {"import": 0, "export": 0, "id": "IN"}, {"import": 169736, "export": 0, "id": "NL"}, {"import": 24016, "export": 0, "id": "FR"}, {"import": 7795, "export": 0, "id": "DE"}, {"import": 15716, "export": 0, "id": "BE"}, {"import": 20193, "export": 0, "id": "SK"}, {"import": 4805, "export": 0, "id": "GB"}, {"import": 553, "export": 0, "id": "AT"}, {"import": 0, "export": 0, "id": "BG"}, {"import": 0, "export": 0, "id": "DK"}, {"import": 0, "export": 0, "id": "FI"}, {"import": 21600, "export": 0, "id": "GR"}, {"import": 1030, "export": 0, "id": "HU"}], "world_import": 4440438, "world_export": 0}, {"date": "Unnamed: 4-01", "list": [{"import": 2122790, "export": 0, "id": "IT"}, {"import": 381472, "export": 0, "id": "PL"}, {"import": 1125000, "export": 0, "id": "MM"}, {"import": 367545, "export": 0, "id": "TH"}, {"import": 93070, "export": 0, "id": "PK"}, {"import": 592036, "export": 0, "id": "VN"}, {"import": 96960, "export": 0, "id": "ES"}, {"import": 25000, "export": 0, "id": "GY"}, {"import": 50190, "export": 0, "id": "KH"}, {"import": 0, "export": 0, "id": "LT"}, {"import": 0, "export": 0, "id": "SR"}, {"import": 22450, "export": 0, "id": "IN"}, {"import": 77725, "export": 0, "id": "NL"}, {"import": 13, "export": 0, "id": "FR"}, {"import": 38541, "export": 0, "id": "DE"}, {"import": 13108, "export": 0, "id": "BE"}, {"import": 15298, "export": 0, "id": "SK"}, {"import": 17091, "export": 0, "id": "GB"}, {"import": 1600, "export": 0, "id": "AT"}, {"import": 0, "export": 0, "id": "BG"}, {"import": 0, "export": 0, "id": "DK"}, {"import": 0, "export": 0, "id": "FI"}, {"import": 34000, "export": 0, "id": "GR"}, {"import": 745, "export": 0, "id": "HU"}], "world_import": 5074634, "world_export": 0}, {"date": "Unnamed: 5-01", "list": [{"import": 1943258, "export": 0, "id": "IT"}, {"import": 507970, "export": 0, "id": "PL"}, {"import": 1174500, "export": 0, "id": "MM"}, {"import": 61208, "export": 0, "id": "TH"}, {"import": 303000, "export": 0, "id": "PK"}, {"import": 391681, "export": 0, "id": "VN"}, {"import": 7770, "export": 0, "id": "ES"}, {"import": 0, "export": 0, "id": "GY"}, {"import": 60016, "export": 0, "id": "KH"}, {"import": 24000, "export": 0, "id": "LT"}, {"import": 0, "export": 0, "id": "SR"}, {"import": 0, "export": 0, "id": "IN"}, {"import": 27649, "export": 0, "id": "NL"}, {"import": 24048, "export": 0, "id": "FR"}, {"import": 27016, "export": 0, "id": "DE"}, {"import": 7068, "export": 0, "id": "BE"}, {"import": 14559, "export": 0, "id": "SK"}, {"import": 4227, "export": 0, "id": "GB"}, {"import": 3747, "export": 0, "id": "AT"}, {"import": 23072, "export": 0, "id": "BG"}, {"import": 0, "export": 0, "id": "DK"}, {"import": 0, "export": 0, "id": "FI"}, {"import": 48000, "export": 0, "id": "GR"}, {"import": 1574, "export": 0, "id": "HU"}], "world_import": 4654363, "world_export": 0}, {"date": "Unnamed: 6-01", "list": [{"import": 2305005, "export": 0, "id": "IT"}, {"import": 569471, "export": 0, "id": "PL"}, {"import": 1050000, "export": 0, "id": "MM"}, {"import": 190429, "export": 0, "id": "TH"}, {"import": 142000, "export": 0, "id": "PK"}, {"import": 150351, "export": 0, "id": "VN"}, {"import": 0, "export": 0, "id": "ES"}, {"import": 75265, "export": 0, "id": "GY"}, {"import": 466035, "export": 0, "id": "KH"}, {"import": 98250, "export": 0, "id": "LT"}, {"import": 0, "export": 0, "id": "SR"}, {"import": 0, "export": 0, "id": "IN"}, {"import": 51415, "export": 0, "id": "NL"}, {"import": 23750, "export": 0, "id": "FR"}, {"import": 41882, "export": 0, "id": "DE"}, {"import": 10176, "export": 0, "id": "BE"}, {"import": 14450, "export": 0, "id": "SK"}, {"import": 3298, "export": 0, "id": "GB"}, {"import": 26164, "export": 0, "id": "AT"}, {"import": 69000, "export": 0, "id": "BG"}, {"import": 0, "export": 0, "id": "DK"}, {"import": 0, "export": 0, "id": "FI"}, {"import": 48000, "export": 0, "id": "GR"}, {"import": 1169, "export": 0, "id": "HU"}], "world_import": 5336110, "world_export": 0}, {"date": "Unnamed: 7-01", "list": [{"import": 2673377, "export": 0, "id": "IT"}, {"import": 393900, "export": 0, "id": "PL"}, {"import": 1297300, "export": 0, "id": "MM"}, {"import": 910426, "export": 0, "id": "TH"}, {"import": 0, "export": 0, "id": "PK"}, {"import": 391560, "export": 0, "id": "VN"}, {"import": 0, "export": 0, "id": "ES"}, {"import": 0, "export": 0, "id": "GY"}, {"import": 124608, "export": 0, "id": "KH"}, {"import": 24000, "export": 0, "id": "LT"}, {"import": 0, "export": 0, "id": "SR"}, {"import": 49050, "export": 0, "id": "IN"}, {"import": 27513, "export": 0, "id": "NL"}, {"import": 24008, "export": 0, "id": "FR"}, {"import": 14425, "export": 0, "id": "DE"}, {"import": 0, "export": 0, "id": "BE"}, {"import": 13957, "export": 0, "id": "SK"}, {"import": 0, "export": 0, "id": "GB"}, {"import": 3952, "export": 0, "id": "AT"}, {"import": 46158, "export": 0, "id": "BG"}, {"import": 0, "export": 0, "id": "FI"}, {"import": 48000, "export": 0, "id": "GR"}, {"import": 680, "export": 0, "id": "HU"}], "world_import": 6042914, "world_export": 0}, {"date": "Unnamed: 9-01", "list": [{"import": 1599991, "export": 0, "id": "IT"}, {"import": 516650, "export": 0, "id": "PL"}, {"import": 1250000, "export": 0, "id": "MM"}, {"import": 1549386, "export": 0, "id": "TH"}, {"import": 172000, "export": 0, "id": "PK"}, {"import": 306007, "export": 0, "id": "VN"}, {"import": 0, "export": 0, "id": "ES"}, {"import": 0, "export": 0, "id": "GY"}, {"import": 1441207, "export": 0, "id": "KH"}, {"import": 0, "export": 0, "id": "LT"}, {"import": 0, "export": 0, "id": "SR"}, {"import": 0, "export": 0, "id": "IN"}, {"import": 50346, "export": 0, "id": "NL"}, {"import": 24028, "export": 0, "id": "FR"}, {"import": 45791, "export": 0, "id": "DE"}, {"import": 20121, "export": 0, "id": "BE"}, {"import": 11479, "export": 0, "id": "SK"}, {"import": 8005, "export": 0, "id": "GB"}, {"import": 2970, "export": 0, "id": "AT"}, {"import": 46000, "export": 0, "id": "BG"}, {"import": 0, "export": 0, "id": "DK"}, {"import": 0, "export": 0, "id": "FI"}, {"import": 56640, "export": 0, "id": "GR"}, {"import": 1722, "export": 0, "id": "HU"}], "world_import": 7102343, "world_export": 0}, {"date": "Unnamed: 10-01", "list": [{"import": 1272566, "export": 0, "id": "IT"}, {"import": 571164, "export": 0, "id": "PL"}, {"import": 850000, "export": 0, "id": "MM"}, {"import": 1009763, "export": 0, "id": "TH"}, {"import": 298013, "export": 0, "id": "PK"}, {"import": 633724, "export": 0, "id": "VN"}, {"import": 11410, "export": 0, "id": "ES"}, {"import": 0, "export": 0, "id": "GY"}, {"import": 1019035, "export": 0, "id": "KH"}, {"import": 39000, "export": 0, "id": "LT"}, {"import": 0, "export": 0, "id": "SR"}, {"import": 0, "export": 0, "id": "IN"}, {"import": 33659, "export": 0, "id": "NL"}, {"import": 0, "export": 0, "id": "FR"}, {"import": 35567, "export": 0, "id": "DE"}, {"import": 6384, "export": 0, "id": "BE"}, {"import": 14127, "export": 0, "id": "SK"}, {"import": 8368, "export": 0, "id": "GB"}, {"import": 24268, "export": 0, "id": "AT"}, {"import": 23000, "export": 0, "id": "BG"}, {"import": 0, "export": 0, "id": "DK"}, {"import": 3, "export": 0, "id": "FI"}, {"import": 74592, "export": 0, "id": "GR"}, {"import": 765, "export": 0, "id": "HU"}], "world_import": 5925408, "world_export": 0}, {"date": "Unnamed: 11-01", "list": [{"import": 2171973, "export": 0, "id": "IT"}, {"import": 809792, "export": 0, "id": "PL"}, {"import": 2586300, "export": 0, "id": "MM"}, {"import": 51000, "export": 0, "id": "TH"}, {"import": 48750, "export": 0, "id": "PK"}, {"import": 420158, "export": 0, "id": "VN"}, {"import": 0, "export": 0, "id": "ES"}, {"import": 0, "export": 0, "id": "GY"}, {"import": 2306276, "export": 0, "id": "KH"}, {"import": 83881, "export": 0, "id": "LT"}, {"import": 0, "export": 0, "id": "SR"}, {"import": 22000, "export": 0, "id": "IN"}, {"import": 74855, "export": 0, "id": "NL"}, {"import": 24020, "export": 0, "id": "FR"}, {"import": 77536, "export": 0, "id": "DE"}, {"import": 5496, "export": 0, "id": "BE"}, {"import": 48777, "export": 0, "id": "SK"}, {"import": 15240, "export": 0, "id": "GB"}, {"import": 21586, "export": 0, "id": "AT"}, {"import": 0, "export": 0, "id": "BG"}, {"import": 0, "export": 0, "id": "DK"}, {"import": 0, "export": 0, "id": "FI"}, {"import": 94900, "export": 0, "id": "GR"}, {"import": 509, "export": 0, "id": "HU"}], "world_import": 8863049, "world_export": 0}, {"date": "Unnamed: 12-01", "list": [{"import": 3335246, "export": 0, "id": "IT"}, {"import": 797881, "export": 0, "id": "PL"}, {"import": 1873000, "export": 0, "id": "MM"}, {"import": 393314, "export": 0, "id": "TH"}, {"import": 530225, "export": 0, "id": "PK"}, {"import": 894160, "export": 0, "id": "VN"}, {"import": 29940, "export": 0, "id": "ES"}, {"import": 0, "export": 0, "id": "GY"}, {"import": 586130, "export": 0, "id": "KH"}, {"import": 0, "export": 0, "id": "LT"}, {"import": 0, "export": 0, "id": "SR"}, {"import": 0, "export": 0, "id": "IN"}, {"import": 9475, "export": 0, "id": "NL"}, {"import": 0, "export": 0, "id": "FR"}, {"import": 98715, "export": 0, "id": "DE"}, {"import": 30678, "export": 0, "id": "SK"}, {"import": 0, "export": 0, "id": "GB"}, {"import": 84, "export": 0, "id": "AT"}, {"import": 0, "export": 0, "id": "BG"}, {"import": 0, "export": 0, "id": "DK"}, {"import": 0, "export": 0, "id": "FI"}, {"import": 115160, "export": 0, "id": "GR"}, {"import": 509, "export": 0, "id": "HU"}], "world_import": 8694517, "world_export": 0}, {"date": "2018-11-01", "list": [{"import": 0, "export": 1517525, "id": "SK"}, {"import": 0, "export": 195390, "id": "DE"}, {"import": 0, "export": 105465, "id": "HU"}, {"import": 0, "export": 137357, "id": "NO"}, {"import": 0, "export": 55299, "id": "HR"}, {"import": 0, "export": 10632, "id": "SI"}, {"import": 0, "export": 46339, "id": "PL"}, {"import": 0, "export": 6192, "id": "RO"}, {"import": 0, "export": 1440, "id": "BG"}, {"import": 0, "export": 49079, "id": "AT"}, {"import": 0, "export": 27, "id": "IT"}, {"import": 0, "export": 365, "id": "GB"}, {"import": 0, "export": 18920, "id": "BE"}, {"import": 0, "export": 24, "id": "ES"}, {"import": 0, "export": 0, "id": "FR"}, {"import": 0, "export": 0, "id": "GR"}, {"import": 0, "export": 0, "id": "DK"}, {"import": 0, "export": 0, "id": "FI"}, {"import": 0, "export": 0, "id": "SE"}, {"import": 0, "export": 0, "id": "MK"}, {"import": 0, "export": 0, "id": "LT"}, {"import": 0, "export": 0, "id": "LU"}, {"import": 0, "export": 10, "id": "NL"}], "world_import": 0, "world_export": 2144064}, {"date": "2018-12-01", "list": [{"import": 0, "export": 1169312, "id": "SK"}, {"import": 0, "export": 226401, "id": "DE"}, {"import": 0, "export": 109102, "id": "HU"}, {"import": 0, "export": 70177, "id": "NO"}, {"import": 0, "export": 47457, "id": "HR"}, {"import": 0, "export": 18462, "id": "SI"}, {"import": 0, "export": 32365, "id": "PL"}, {"import": 0, "export": 3957, "id": "RO"}, {"import": 0, "export": 1440, "id": "BG"}, {"import": 0, "export": 2479, "id": "AT"}, {"import": 0, "export": 77, "id": "IT"}, {"import": 0, "export": 127, "id": "GB"}, {"import": 0, "export": 6, "id": "BE"}, {"import": 0, "export": 0, "id": "ES"}, {"import": 0, "export": 0, "id": "GR"}, {"import": 0, "export": 0, "id": "DK"}, {"import": 0, "export": 0, "id": "FI"}, {"import": 0, "export": 0, "id": "SE"}, {"import": 0, "export": 0, "id": "MK"}, {"import": 0, "export": 0, "id": "LT"}, {"import": 0, "export": 0, "id": "LU"}, {"import": 0, "export": 4, "id": "NL"}], "world_import": 0, "world_export": 1681366}, {"date": "2019-01-01", "list": [{"import": 0, "export": 1530580, "id": "SK"}, {"import": 0, "export": 168913, "id": "DE"}, {"import": 0, "export": 76636, "id": "HU"}, {"import": 0, "export": 88610, "id": "NO"}, {"import": 0, "export": 33716, "id": "HR"}, {"import": 0, "export": 7008, "id": "SI"}, {"import": 0, "export": 200340, "id": "PL"}, {"import": 0, "export": 2595, "id": "RO"}, {"import": 0, "export": 0, "id": "BG"}, {"import": 0, "export": 8289, "id": "AT"}, {"import": 0, "export": 71, "id": "IT"}, {"import": 0, "export": 184, "id": "GB"}, {"import": 0, "export": 11, "id": "BE"}, {"import": 0, "export": 0, "id": "ES"}, {"import": 0, "export": 26, "id": "FR"}, {"import": 0, "export": 0, "id": "GR"}, {"import": 0, "export": 0, "id": "DK"}, {"import": 0, "export": 0, "id": "FI"}, {"import": 0, "export": 1088, "id": "SE"}, {"import": 0, "export": 0, "id": "MK"}, {"import": 0, "export": 0, "id": "LT"}, {"import": 0, "export": 0, "id": "LU"}, {"import": 0, "export": 6, "id": "NL"}], "world_import": 0, "world_export": 2118073}, {"date": "2019-02-01", "list": [{"import": 0, "export": 1213434, "id": "SK"}, {"import": 0, "export": 132222, "id": "DE"}, {"import": 0, "export": 218330, "id": "HU"}, {"import": 0, "export": 49943, "id": "NO"}, {"import": 0, "export": 33682, "id": "HR"}, {"import": 0, "export": 1777, "id": "SI"}, {"import": 0, "export": 68688, "id": "PL"}, {"import": 0, "export": 7747, "id": "RO"}, {"import": 0, "export": 0, "id": "BG"}, {"import": 0, "export": 75894, "id": "AT"}, {"import": 0, "export": 48, "id": "IT"}, {"import": 0, "export": 665, "id": "GB"}, {"import": 0, "export": 28, "id": "BE"}, {"import": 0, "export": 0, "id": "ES"}, {"import": 0, "export": 12, "id": "FR"}, {"import": 0, "export": 454, "id": "GR"}, {"import": 0, "export": 0, "id": "DK"}, {"import": 0, "export": 0, "id": "FI"}, {"import": 0, "export": 0, "id": "SE"}, {"import": 0, "export": 0, "id": "MK"}, {"import": 0, "export": 0, "id": "LT"}, {"import": 0, "export": 0, "id": "LU"}, {"import": 0, "export": 8745, "id": "NL"}], "world_import": 0, "world_export": 1811669}, {"date": "2019-03-01", "list": [{"import": 0, "export": 1205910, "id": "SK"}, {"import": 0, "export": 178130, "id": "DE"}, {"import": 0, "export": 63096, "id": "HU"}, {"import": 0, "export": 20341, "id": "NO"}, {"import": 0, "export": 61381, "id": "HR"}, {"import": 0, "export": 8808, "id": "SI"}, {"import": 0, "export": 167485, "id": "PL"}, {"import": 0, "export": 4147, "id": "RO"}, {"import": 0, "export": 720, "id": "BG"}, {"import": 0, "export": 46167, "id": "AT"}, {"import": 0, "export": 64, "id": "IT"}, {"import": 0, "export": 1476, "id": "GB"}, {"import": 0, "export": 25, "id": "BE"}, {"import": 0, "export": 7, "id": "ES"}, {"import": 0, "export": 2, "id": "FR"}, {"import": 0, "export": 0, "id": "GR"}, {"import": 0, "export": 0, "id": "DK"}, {"import": 0, "export": 0, "id": "FI"}, {"import": 0, "export": 1009, "id": "SE"}, {"import": 0, "export": 0, "id": "MK"}, {"import": 0, "export": 0, "id": "LT"}, {"import": 0, "export": 0, "id": "LU"}, {"import": 0, "export": 22, "id": "NL"}], "world_import": 0, "world_export": 1758790}, {"date": "2019-04-01", "list": [{"import": 0, "export": 971547, "id": "SK"}, {"import": 0, "export": 330362, "id": "DE"}, {"import": 0, "export": 106929, "id": "HU"}, {"import": 0, "export": 84894, "id": "NO"}, {"import": 0, "export": 80852, "id": "HR"}, {"import": 0, "export": 11880, "id": "SI"}, {"import": 0, "export": 235223, "id": "PL"}, {"import": 0, "export": 4151, "id": "RO"}, {"import": 0, "export": 1440, "id": "BG"}, {"import": 0, "export": 25352, "id": "AT"}, {"import": 0, "export": 255, "id": "IT"}, {"import": 0, "export": 216, "id": "GB"}, {"import": 0, "export": 8, "id": "BE"}, {"import": 0, "export": 30, "id": "ES"}, {"import": 0, "export": 40, "id": "FR"}, {"import": 0, "export": 0, "id": "GR"}, {"import": 0, "export": 0, "id": "DK"}, {"import": 0, "export": 0, "id": "FI"}, {"import": 0, "export": 0, "id": "SE"}, {"import": 0, "export": 0, "id": "MK"}, {"import": 0, "export": 0, "id": "LT"}, {"import": 0, "export": 0, "id": "LU"}, {"import": 0, "export": 22, "id": "NL"}], "world_import": 0, "world_export": 1853201}, {"date": "2019-05-01", "list": [{"import": 0, "export": 966086, "id": "SK"}, {"import": 0, "export": 85317, "id": "DE"}, {"import": 0, "export": 74244, "id": "HU"}, {"import": 0, "export": 18099, "id": "NO"}, {"import": 0, "export": 68105, "id": "HR"}, {"import": 0, "export": 2954, "id": "SI"}, {"import": 0, "export": 212631, "id": "PL"}, {"import": 0, "export": 17784, "id": "RO"}, {"import": 0, "export": 720, "id": "BG"}, {"import": 0, "export": 70620, "id": "AT"}, {"import": 0, "export": 44, "id": "IT"}, {"import": 0, "export": 2022, "id": "GB"}, {"import": 0, "export": 19, "id": "BE"}, {"import": 0, "export": 7, "id": "ES"}, {"import": 0, "export": 1, "id": "FR"}, {"import": 0, "export": 0, "id": "GR"}, {"import": 0, "export": 0, "id": "DK"}, {"import": 0, "export": 0, "id": "FI"}, {"import": 0, "export": 0, "id": "SE"}, {"import": 0, "export": 0, "id": "MK"}, {"import": 0, "export": 0, "id": "LT"}, {"import": 0, "export": 0, "id": "LU"}, {"import": 0, "export": 23, "id": "NL"}], "world_import": 0, "world_export": 1518676}, {"date": "2019-06-01", "list": [{"import": 0, "export": 771779, "id": "SK"}, {"import": 0, "export": 138931, "id": "DE"}, {"import": 0, "export": 63200, "id": "HU"}, {"import": 0, "export": 38305, "id": "NO"}, {"import": 0, "export": 35315, "id": "HR"}, {"import": 0, "export": 6456, "id": "SI"}, {"import": 0, "export": 452502, "id": "PL"}, {"import": 0, "export": 2600, "id": "RO"}, {"import": 0, "export": 900, "id": "BG"}, {"import": 0, "export": 24246, "id": "AT"}, {"import": 0, "export": 572, "id": "IT"}, {"import": 0, "export": 1057, "id": "GB"}, {"import": 0, "export": 20, "id": "BE"}, {"import": 0, "export": 7, "id": "ES"}, {"import": 0, "export": 10, "id": "FR"}, {"import": 0, "export": 907, "id": "GR"}, {"import": 0, "export": 0, "id": "DK"}, {"import": 0, "export": 0, "id": "FI"}, {"import": 0, "export": 0, "id": "SE"}, {"import": 0, "export": 0, "id": "MK"}, {"import": 0, "export": 0, "id": "LT"}, {"import": 0, "export": 0, "id": "LU"}, {"import": 0, "export": 20, "id": "NL"}], "world_import": 0, "world_export": 1536827}, {"date": "2019-07-01", "list": [{"import": 0, "export": 1238913, "id": "SK"}, {"import": 0, "export": 119514, "id": "DE"}, {"import": 0, "export": 113010, "id": "HU"}, {"import": 0, "export": 68074, "id": "NO"}, {"import": 0, "export": 50828, "id": "HR"}, {"import": 0, "export": 6459, "id": "SI"}, {"import": 0, "export": 444267, "id": "PL"}, {"import": 0, "export": 13320, "id": "RO"}, {"import": 0, "export": 1680, "id": "BG"}, {"import": 0, "export": 47890, "id": "AT"}, {"import": 0, "export": 1353, "id": "IT"}, {"import": 0, "export": 2714, "id": "GB"}, {"import": 0, "export": 15, "id": "BE"}, {"import": 0, "export": 0, "id": "ES"}, {"import": 0, "export": 52, "id": "FR"}, {"import": 0, "export": 0, "id": "GR"}, {"import": 0, "export": 0, "id": "DK"}, {"import": 0, "export": 0, "id": "FI"}, {"import": 0, "export": 0, "id": "SE"}, {"import": 0, "export": 0, "id": "MK"}, {"import": 0, "export": 0, "id": "LT"}, {"import": 0, "export": 0, "id": "LU"}, {"import": 0, "export": 4, "id": "NL"}], "world_import": 0, "world_export": 2108093}, {"date": "2019-08-01", "list": [{"import": 0, "export": 1133245, "id": "SK"}, {"import": 0, "export": 107488, "id": "DE"}, {"import": 0, "export": 65062, "id": "HU"}, {"import": 0, "export": 68465, "id": "NO"}, {"import": 0, "export": 24145, "id": "HR"}, {"import": 0, "export": 11880, "id": "SI"}, {"import": 0, "export": 277470, "id": "PL"}, {"import": 0, "export": 4550, "id": "RO"}, {"import": 0, "export": 759, "id": "BG"}, {"import": 0, "export": 1048, "id": "AT"}, {"import": 0, "export": 45, "id": "IT"}, {"import": 0, "export": 175, "id": "GB"}, {"import": 0, "export": 18, "id": "BE"}, {"import": 0, "export": 0, "id": "ES"}, {"import": 0, "export": 7, "id": "FR"}, {"import": 0, "export": 20, "id": "GR"}, {"import": 0, "export": 0, "id": "DK"}, {"import": 0, "export": 0, "id": "FI"}, {"import": 0, "export": 0, "id": "SE"}, {"import": 0, "export": 0, "id": "MK"}, {"import": 0, "export": 0, "id": "LT"}, {"import": 0, "export": 6, "id": "LU"}, {"import": 0, "export": 7, "id": "NL"}], "world_import": 0, "world_export": 1694390}, {"date": "2019-09-01", "list": [{"import": 0, "export": 944606, "id": "SK"}, {"import": 0, "export": 141915, "id": "DE"}, {"import": 0, "export": 82808, "id": "HU"}, {"import": 0, "export": 142805, "id": "NO"}, {"import": 0, "export": 24892, "id": "HR"}, {"import": 0, "export": 0, "id": "SI"}, {"import": 0, "export": 63442, "id": "PL"}, {"import": 0, "export": 9499, "id": "RO"}, {"import": 0, "export": 720, "id": "BG"}, {"import": 0, "export": 47137, "id": "AT"}, {"import": 0, "export": 1, "id": "IT"}, {"import": 0, "export": 506, "id": "GB"}, {"import": 0, "export": 23, "id": "BE"}, {"import": 0, "export": 10, "id": "ES"}, {"import": 0, "export": 6, "id": "FR"}, {"import": 0, "export": 463, "id": "GR"}, {"import": 0, "export": 0, "id": "DK"}, {"import": 0, "export": 0, "id": "FI"}, {"import": 0, "export": 0, "id": "SE"}, {"import": 0, "export": 0, "id": "MK"}, {"import": 0, "export": 0, "id": "LT"}, {"import": 0, "export": 0, "id": "LU"}, {"import": 0, "export": 17, "id": "NL"}], "world_import": 0, "world_export": 1458850}, {"date": "2019-10-01", "list": [{"import": 0, "export": 1526692, "id": "SK"}, {"import": 0, "export": 56835, "id": "DE"}, {"import": 0, "export": 138176, "id": "HU"}, {"import": 0, "export": 227226, "id": "NO"}, {"import": 0, "export": 25444, "id": "HR"}, {"import": 0, "export": 20112, "id": "SI"}, {"import": 0, "export": 58451, "id": "PL"}, {"import": 0, "export": 8179, "id": "RO"}, {"import": 0, "export": 2712, "id": "BG"}, {"import": 0, "export": 71524, "id": "AT"}, {"import": 0, "export": 1901, "id": "IT"}, {"import": 0, "export": 1104, "id": "GB"}, {"import": 0, "export": 30, "id": "BE"}, {"import": 0, "export": 4, "id": "ES"}, {"import": 0, "export": 0, "id": "FR"}, {"import": 0, "export": 0, "id": "GR"}, {"import": 0, "export": 0, "id": "DK"}, {"import": 0, "export": 0, "id": "FI"}, {"import": 0, "export": 0, "id": "SE"}, {"import": 0, "export": 0, "id": "MK"}, {"import": 0, "export": 500, "id": "LT"}, {"import": 0, "export": 0, "id": "LU"}, {"import": 0, "export": 22, "id": "NL"}], "world_import": 0, "world_export": 2138912}, {"date": "2019-11-01", "list": [{"import": 0, "export": 1404290, "id": "SK"}, {"import": 0, "export": 99300, "id": "DE"}, {"import": 0, "export": 69358, "id": "HU"}, {"import": 0, "export": 150042, "id": "NO"}, {"import": 0, "export": 29545, "id": "HR"}, {"import": 0, "export": 7708, "id": "SI"}, {"import": 0, "export": 64168, "id": "PL"}, {"import": 0, "export": 2279, "id": "RO"}, {"import": 0, "export": 1440, "id": "BG"}, {"import": 0, "export": 63539, "id": "AT"}, {"import": 0, "export": 43, "id": "IT"}, {"import": 0, "export": 2523, "id": "GB"}, {"import": 0, "export": 17, "id": "BE"}, {"import": 0, "export": 0, "id": "ES"}, {"import": 0, "export": 11, "id": "FR"}, {"import": 0, "export": 4, "id": "GR"}, {"import": 0, "export": 0, "id": "DK"}, {"import": 0, "export": 0, "id": "FI"}, {"import": 0, "export": 1043, "id": "SE"}, {"import": 0, "export": 0, "id": "MK"}, {"import": 0, "export": 0, "id": "LT"}, {"import": 0, "export": 0, "id": "LU"}, {"import": 0, "export": 23, "id": "NL"}], "world_import": 0, "world_export": 1895333}, {"date": "2019-12-01", "list": [{"import": 0, "export": 1061311, "id": "SK"}, {"import": 0, "export": 165051, "id": "DE"}, {"import": 0, "export": 95345, "id": "HU"}, {"import": 0, "export": 35231, "id": "NO"}, {"import": 0, "export": 7163, "id": "HR"}, {"import": 0, "export": 0, "id": "SI"}, {"import": 0, "export": 225086, "id": "PL"}, {"import": 0, "export": 12868, "id": "RO"}, {"import": 0, "export": 720, "id": "BG"}, {"import": 0, "export": 1243, "id": "AT"}, {"import": 0, "export": 15, "id": "IT"}, {"import": 0, "export": 1181, "id": "GB"}, {"import": 0, "export": 0, "id": "BE"}, {"import": 0, "export": 0, "id": "ES"}, {"import": 0, "export": 7, "id": "FR"}, {"import": 0, "export": 0, "id": "GR"}, {"import": 0, "export": 9, "id": "DK"}, {"import": 0, "export": 0, "id": "FI"}, {"import": 0, "export": 0, "id": "SE"}, {"import": 0, "export": 0, "id": "MK"}, {"import": 0, "export": 0, "id": "LT"}, {"import": 0, "export": 0, "id": "LU"}, {"import": 0, "export": 2, "id": "NL"}], "world_import": 0, "world_export": 1605232}, {"date": "2020-01-01", "list": [{"import": 0, "export": 1407925, "id": "SK"}, {"import": 0, "export": 175627, "id": "DE"}, {"import": 0, "export": 119103, "id": "HU"}, {"import": 0, "export": 55564, "id": "NO"}, {"import": 0, "export": 21857, "id": "HR"}, {"import": 0, "export": 8232, "id": "SI"}, {"import": 0, "export": 63959, "id": "PL"}, {"import": 0, "export": 9280, "id": "RO"}, {"import": 0, "export": 2976, "id": "BG"}, {"import": 0, "export": 71924, "id": "AT"}, {"import": 0, "export": 48, "id": "IT"}, {"import": 0, "export": 319, "id": "GB"}, {"import": 0, "export": 14, "id": "BE"}, {"import": 0, "export": 0, "id": "ES"}, {"import": 0, "export": 40, "id": "FR"}, {"import": 0, "export": 0, "id": "GR"}, {"import": 0, "export": 0, "id": "DK"}, {"import": 0, "export": 0, "id": "FI"}, {"import": 0, "export": 11, "id": "SE"}, {"import": 0, "export": 0, "id": "MK"}, {"import": 0, "export": 0, "id": "LT"}, {"import": 0, "export": 0, "id": "LU"}, {"import": 0, "export": 0, "id": "NL"}], "world_import": 0, "world_export": 1936879}, {"date": "2020-02-01", "list": [{"import": 0, "export": 1095699, "id": "SK"}, {"import": 0, "export": 149848, "id": "DE"}, {"import": 0, "export": 98575, "id": "HU"}, {"import": 0, "export": 63971, "id": "NO"}, {"import": 0, "export": 18242, "id": "HR"}, {"import": 0, "export": 14856, "id": "SI"}, {"import": 0, "export": 46690, "id": "PL"}, {"import": 0, "export": 6912, "id": "RO"}, {"import": 0, "export": 4767, "id": "BG"}, {"import": 0, "export": 49084, "id": "AT"}, {"import": 0, "export": 105, "id": "IT"}, {"import": 0, "export": 74, "id": "GB"}, {"import": 0, "export": 21, "id": "BE"}, {"import": 0, "export": 14, "id": "ES"}, {"import": 0, "export": 0, "id": "FR"}, {"import": 0, "export": 0, "id": "GR"}, {"import": 0, "export": 0, "id": "DK"}, {"import": 0, "export": 3, "id": "FI"}, {"import": 0, "export": 0, "id": "SE"}, {"import": 0, "export": 3402, "id": "MK"}, {"import": 0, "export": 0, "id": "LT"}, {"import": 0, "export": 0, "id": "LU"}, {"import": 0, "export": 3, "id": "NL"}], "world_import": 0, "world_export": 1552266}, {"date": "2020-03-01", "list": [{"import": 0, "export": 1677313, "id": "SK"}, {"import": 0, "export": 151542, "id": "DE"}, {"import": 0, "export": 95599, "id": "HU"}, {"import": 0, "export": 43306, "id": "NO"}, {"import": 0, "export": 63982, "id": "HR"}, {"import": 0, "export": 0, "id": "SI"}, {"import": 0, "export": 113835, "id": "PL"}, {"import": 0, "export": 5904, "id": "RO"}, {"import": 0, "export": 0, "id": "BG"}, {"import": 0, "export": 25799, "id": "AT"}, {"import": 0, "export": 90, "id": "IT"}, {"import": 0, "export": 4829, "id": "GB"}, {"import": 0, "export": 66, "id": "BE"}, {"import": 0, "export": 0, "id": "ES"}, {"import": 0, "export": 1013, "id": "FR"}, {"import": 0, "export": 1, "id": "GR"}, {"import": 0, "export": 0, "id": "DK"}, {"import": 0, "export": 0, "id": "FI"}, {"import": 0, "export": 0, "id": "SE"}, {"import": 0, "export": 0, "id": "MK"}, {"import": 0, "export": 0, "id": "LT"}, {"import": 0, "export": 0, "id": "LU"}, {"import": 0, "export": 27, "id": "NL"}], "world_import": 0, "world_export": 2183306}, {"date": "2020-04-01", "list": [{"import": 0, "export": 1887914, "id": "SK"}, {"import": 0, "export": 108174, "id": "DE"}, {"import": 0, "export": 137278, "id": "HU"}, {"import": 0, "export": 39484, "id": "NO"}, {"import": 0, "export": 19930, "id": "HR"}, {"import": 0, "export": 7705, "id": "SI"}, {"import": 0, "export": 29663, "id": "PL"}, {"import": 0, "export": 260, "id": "RO"}, {"import": 0, "export": 410, "id": "BG"}, {"import": 0, "export": 93391, "id": "AT"}, {"import": 0, "export": 50, "id": "IT"}, {"import": 0, "export": 1974, "id": "GB"}, {"import": 0, "export": 67, "id": "BE"}, {"import": 0, "export": 0, "id": "FR"}, {"import": 0, "export": 0, "id": "GR"}, {"import": 0, "export": 0, "id": "DK"}, {"import": 0, "export": 0, "id": "FI"}, {"import": 0, "export": 985, "id": "SE"}, {"import": 0, "export": 0, "id": "MK"}, {"import": 0, "export": 0, "id": "LT"}, {"import": 0, "export": 0, "id": "LU"}, {"import": 0, "export": 0, "id": "NL"}], "world_import": 0, "world_export": 2327285}]