[{"date": "2018-12-01", "list": [{"import": 0, "export": 0, "id": "DE"}, {"import": 0, "export": 0, "id": "PK"}, {"import": 0, "export": 0, "id": "IN"}, {"import": 0, "export": 0, "id": "VN"}, {"import": 0, "export": 0, "id": "TR"}, {"import": 0, "export": 0, "id": "CN"}, {"import": 0, "export": 0, "id": "FR"}], "world_import": 0, "world_export": 0}, {"date": "2019-01-01", "list": [{"import": 0, "export": 0, "id": "DE"}, {"import": 54000, "export": 0, "id": "PK"}, {"import": 0, "export": 0, "id": "IN"}, {"import": 0, "export": 0, "id": "VN"}, {"import": 19000, "export": 0, "id": "TR"}, {"import": 0, "export": 0, "id": "CN"}, {"import": 0, "export": 0, "id": "FR"}], "world_import": 73000, "world_export": 0}, {"date": "2019-02-01", "list": [{"import": 0, "export": 0, "id": "DE"}, {"import": 0, "export": 0, "id": "PK"}, {"import": 0, "export": 0, "id": "IN"}, {"import": 0, "export": 0, "id": "VN"}, {"import": 0, "export": 0, "id": "TR"}, {"import": 5000, "export": 0, "id": "CN"}, {"import": 0, "export": 0, "id": "FR"}], "world_import": 5000, "world_export": 0}, {"date": "2019-03-01", "list": [{"import": 0, "export": 0, "id": "DE"}, {"import": 0, "export": 0, "id": "PK"}, {"import": 24996, "export": 0, "id": "IN"}, {"import": 0, "export": 0, "id": "VN"}, {"import": 0, "export": 0, "id": "TR"}, {"import": 0, "export": 0, "id": "CN"}, {"import": 0, "export": 0, "id": "FR"}], "world_import": 24996, "world_export": 0}, {"date": "2019-04-01", "list": [{"import": 0, "export": 0, "id": "DE"}, {"import": 126250, "export": 0, "id": "PK"}, {"import": 24996, "export": 0, "id": "IN"}, {"import": 0, "export": 0, "id": "VN"}, {"import": 0, "export": 0, "id": "TR"}, {"import": 0, "export": 0, "id": "CN"}, {"import": 0, "export": 0, "id": "FR"}], "world_import": 151246, "world_export": 0}, {"date": "2019-05-01", "list": [{"import": 0, "export": 0, "id": "DE"}, {"import": 0, "export": 0, "id": "PK"}, {"import": 0, "export": 0, "id": "IN"}, {"import": 0, "export": 0, "id": "VN"}, {"import": 1000, "export": 0, "id": "TR"}, {"import": 2534, "export": 0, "id": "CN"}, {"import": 0, "export": 0, "id": "FR"}], "world_import": 3534, "world_export": 0}, {"date": "2019-06-01", "list": [{"import": 301, "export": 0, "id": "DE"}, {"import": 256000, "export": 0, "id": "PK"}, {"import": 0, "export": 0, "id": "IN"}, {"import": 25000, "export": 0, "id": "VN"}, {"import": 0, "export": 0, "id": "TR"}, {"import": 0, "export": 0, "id": "CN"}, {"import": 0, "export": 0, "id": "FR"}], "world_import": 281301, "world_export": 0}, {"date": "2019-07-01", "list": [{"import": 0, "export": 0, "id": "DE"}, {"import": 0, "export": 0, "id": "PK"}, {"import": 0, "export": 0, "id": "IN"}, {"import": 0, "export": 0, "id": "VN"}, {"import": 0, "export": 0, "id": "TR"}, {"import": 0, "export": 0, "id": "CN"}, {"import": 0, "export": 0, "id": "FR"}], "world_import": 0, "world_export": 0}, {"date": "2019-08-01", "list": [{"import": 0, "export": 0, "id": "DE"}, {"import": 0, "export": 0, "id": "PK"}, {"import": 25000, "export": 0, "id": "IN"}, {"import": 0, "export": 0, "id": "VN"}, {"import": 0, "export": 0, "id": "TR"}, {"import": 0, "export": 0, "id": "CN"}, {"import": 0, "export": 0, "id": "FR"}], "world_import": 25000, "world_export": 0}, {"date": "2019-09-01", "list": [{"import": 0, "export": 0, "id": "DE"}, {"import": 0, "export": 0, "id": "PK"}, {"import": 0, "export": 0, "id": "IN"}, {"import": 0, "export": 0, "id": "VN"}, {"import": 0, "export": 0, "id": "TR"}, {"import": 0, "export": 0, "id": "CN"}, {"import": 0, "export": 0, "id": "FR"}], "world_import": 0, "world_export": 0}, {"date": "2019-10-01", "list": [{"import": 232, "export": 0, "id": "DE"}, {"import": 77000, "export": 0, "id": "PK"}, {"import": 0, "export": 0, "id": "IN"}, {"import": 0, "export": 0, "id": "VN"}, {"import": 0, "export": 0, "id": "TR"}, {"import": 0, "export": 0, "id": "CN"}, {"import": 259, "export": 0, "id": "FR"}], "world_import": 77491, "world_export": 0}, {"date": "2019-11-01", "list": [{"import": 0, "export": 0, "id": "DE"}, {"import": 75000, "export": 0, "id": "PK"}, {"import": 0, "export": 0, "id": "IN"}, {"import": 0, "export": 0, "id": "VN"}, {"import": 0, "export": 0, "id": "TR"}, {"import": 0, "export": 0, "id": "CN"}, {"import": 0, "export": 0, "id": "FR"}], "world_import": 75000, "world_export": 0}, {"date": "2019-12-01", "list": [{"import": 692, "export": 0, "id": "DE"}, {"import": 0, "export": 0, "id": "PK"}, {"import": 24454, "export": 0, "id": "IN"}, {"import": 0, "export": 0, "id": "VN"}, {"import": 0, "export": 0, "id": "TR"}, {"import": 0, "export": 0, "id": "CN"}, {"import": 0, "export": 0, "id": "FR"}], "world_import": 25146, "world_export": 0}, {"date": "2020-01-01", "list": [{"import": 0, "export": 0, "id": "DE"}, {"import": 52000, "export": 0, "id": "PK"}, {"import": 0, "export": 0, "id": "IN"}, {"import": 0, "export": 0, "id": "VN"}, {"import": 0, "export": 0, "id": "TR"}, {"import": 0, "export": 0, "id": "CN"}, {"import": 0, "export": 0, "id": "FR"}], "world_import": 52000, "world_export": 0}, {"date": "2020-02-01", "list": [{"import": 0, "export": 0, "id": "DE"}, {"import": 0, "export": 0, "id": "PK"}, {"import": 0, "export": 0, "id": "IN"}, {"import": 0, "export": 0, "id": "VN"}, {"import": 0, "export": 0, "id": "TR"}, {"import": 0, "export": 0, "id": "CN"}, {"import": 0, "export": 0, "id": "FR"}], "world_import": 0, "world_export": 0}, {"date": "2020-03-01", "list": [{"import": 341, "export": 0, "id": "DE"}, {"import": 78000, "export": 0, "id": "PK"}, {"import": 0, "export": 0, "id": "IN"}, {"import": 0, "export": 0, "id": "VN"}, {"import": 0, "export": 0, "id": "TR"}, {"import": 0, "export": 0, "id": "CN"}, {"import": 385, "export": 0, "id": "FR"}], "world_import": 78726, "world_export": 0}, {"date": "2020-04-01", "list": [{"import": 519, "export": 0, "id": "DE"}, {"import": 104000, "export": 0, "id": "PK"}, {"import": 0, "export": 0, "id": "IN"}, {"import": 0, "export": 0, "id": "VN"}, {"import": 46000, "export": 0, "id": "TR"}, {"import": 0, "export": 0, "id": "CN"}, {"import": 0, "export": 0, "id": "FR"}], "world_import": 150519, "world_export": 0}, {"date": "2020-05-01", "list": [{"import": 316, "export": 0, "id": "DE"}, {"import": 0, "export": 0, "id": "PK"}, {"import": 0, "export": 0, "id": "IN"}, {"import": 0, "export": 0, "id": "VN"}, {"import": 0, "export": 0, "id": "TR"}, {"import": 0, "export": 0, "id": "CN"}, {"import": 0, "export": 0, "id": "FR"}], "world_import": 316, "world_export": 0}]