[{"date": "2018-01-01", "list": [{"import": 0, "export": 0, "id": "CN"}, {"import": 19763774, "export": 0, "id": "VN"}, {"import": 28637168, "export": 0, "id": "IN"}, {"import": 14031800, "export": 0, "id": "TH"}, {"import": 50468890, "export": 0, "id": "MM"}, {"import": 1560033, "export": 0, "id": "PK"}, {"import": 1449, "export": 0, "id": "FR"}, {"import": 0, "export": 0, "id": "ES"}, {"import": 0, "export": 0, "id": "KH"}, {"import": 0, "export": 0, "id": "BE"}, {"import": 0, "export": 0, "id": "GY"}, {"import": 0, "export": 0, "id": "ID"}, {"import": 0, "export": 0, "id": "IT"}, {"import": 0, "export": 0, "id": "JP"}, {"import": 0, "export": 0, "id": "KR"}, {"import": 885, "export": 0, "id": "LB"}, {"import": 0, "export": 0, "id": "MA"}, {"import": 0, "export": 0, "id": "US"}, {"import": 0, "export": 0, "id": "TG"}, {"import": 0, "export": 131750, "id": "LR"}, {"import": 0, "export": 560700, "id": "BF"}, {"import": 0, "export": 447, "id": "-"}, {"import": 0, "export": 0, "id": "NE"}, {"import": 0, "export": 0, "id": "ML"}, {"import": 0, "export": 0, "id": "GQ"}, {"import": 0, "export": 0, "id": "GH"}], "world_import": 114463999, "world_export": 692897}, {"date": "2018-02-01", "list": [{"import": 40000000, "export": 0, "id": "CN"}, {"import": 139986, "export": 0, "id": "VN"}, {"import": 5435827, "export": 0, "id": "IN"}, {"import": 12317812, "export": 0, "id": "TH"}, {"import": 0, "export": 0, "id": "MM"}, {"import": 36279859, "export": 0, "id": "PK"}, {"import": 1910, "export": 0, "id": "FR"}, {"import": 1114, "export": 0, "id": "ES"}, {"import": 0, "export": 0, "id": "KH"}, {"import": 0, "export": 0, "id": "BE"}, {"import": 0, "export": 0, "id": "GY"}, {"import": 0, "export": 0, "id": "ID"}, {"import": 0, "export": 0, "id": "IT"}, {"import": 0, "export": 0, "id": "JP"}, {"import": 0, "export": 0, "id": "KR"}, {"import": 0, "export": 0, "id": "LB"}, {"import": 0, "export": 0, "id": "MA"}, {"import": 0, "export": 0, "id": "US"}, {"import": 0, "export": 0, "id": "TG"}, {"import": 0, "export": 0, "id": "LR"}, {"import": 0, "export": 447383, "id": "BF"}, {"import": 0, "export": 1195, "id": "-"}, {"import": 0, "export": 4900, "id": "NE"}, {"import": 0, "export": 0, "id": "ML"}, {"import": 0, "export": 0, "id": "GQ"}, {"import": 0, "export": 100000, "id": "GH"}], "world_import": 94176508, "world_export": 553478}, {"date": "2018-03-01", "list": [{"import": 490, "export": 0, "id": "CN"}, {"import": 3508589, "export": 0, "id": "VN"}, {"import": 11377918, "export": 0, "id": "IN"}, {"import": 1422109, "export": 0, "id": "TH"}, {"import": 24000000, "export": 0, "id": "MM"}, {"import": 36789862, "export": 0, "id": "PK"}, {"import": 963, "export": 0, "id": "FR"}, {"import": 0, "export": 0, "id": "ES"}, {"import": 0, "export": 0, "id": "KH"}, {"import": 0, "export": 0, "id": "BE"}, {"import": 0, "export": 0, "id": "GY"}, {"import": 516444, "export": 0, "id": "ID"}, {"import": 0, "export": 0, "id": "IT"}, {"import": 0, "export": 0, "id": "JP"}, {"import": 0, "export": 0, "id": "KR"}, {"import": 0, "export": 0, "id": "LB"}, {"import": 0, "export": 0, "id": "MA"}, {"import": 0, "export": 0, "id": "US"}, {"import": 0, "export": 0, "id": "TG"}, {"import": 0, "export": 0, "id": "LR"}, {"import": 0, "export": 182149, "id": "BF"}, {"import": 0, "export": 3652, "id": "-"}, {"import": 0, "export": 5880, "id": "NE"}, {"import": 0, "export": 0, "id": "ML"}, {"import": 0, "export": 0, "id": "GQ"}, {"import": 0, "export": 0, "id": "GH"}], "world_import": 77616375, "world_export": 191681}, {"date": "2018-04-01", "list": [{"import": 25000015, "export": 0, "id": "CN"}, {"import": 12172659, "export": 0, "id": "VN"}, {"import": 10552242, "export": 0, "id": "IN"}, {"import": 7389304, "export": 0, "id": "TH"}, {"import": 15235400, "export": 0, "id": "MM"}, {"import": 7352992, "export": 0, "id": "PK"}, {"import": 2457, "export": 0, "id": "FR"}, {"import": 0, "export": 0, "id": "ES"}, {"import": 0, "export": 0, "id": "KH"}, {"import": 0, "export": 0, "id": "BE"}, {"import": 0, "export": 0, "id": "GY"}, {"import": 625902, "export": 0, "id": "ID"}, {"import": 0, "export": 0, "id": "IT"}, {"import": 0, "export": 0, "id": "JP"}, {"import": 0, "export": 0, "id": "KR"}, {"import": 2386, "export": 0, "id": "LB"}, {"import": 0, "export": 0, "id": "MA"}, {"import": 0, "export": 0, "id": "US"}, {"import": 0, "export": 0, "id": "TG"}, {"import": 0, "export": 0, "id": "LR"}, {"import": 0, "export": 962000, "id": "BF"}, {"import": 0, "export": 3040, "id": "-"}, {"import": 0, "export": 4900, "id": "NE"}, {"import": 0, "export": 0, "id": "ML"}, {"import": 0, "export": 0, "id": "GQ"}, {"import": 0, "export": 58500, "id": "GH"}], "world_import": 78333357, "world_export": 1028440}, {"date": "2018-05-01", "list": [{"import": 27258000, "export": 0, "id": "CN"}, {"import": 44495293, "export": 0, "id": "VN"}, {"import": 6555670, "export": 0, "id": "IN"}, {"import": 37854585, "export": 0, "id": "TH"}, {"import": 2877100, "export": 0, "id": "MM"}, {"import": 6847986, "export": 0, "id": "PK"}, {"import": 2715, "export": 0, "id": "FR"}, {"import": 625, "export": 0, "id": "ES"}, {"import": 112500, "export": 0, "id": "KH"}, {"import": 0, "export": 0, "id": "BE"}, {"import": 0, "export": 0, "id": "GY"}, {"import": 0, "export": 0, "id": "ID"}, {"import": 125000, "export": 0, "id": "IT"}, {"import": 0, "export": 0, "id": "JP"}, {"import": 479, "export": 0, "id": "KR"}, {"import": 1211, "export": 0, "id": "LB"}, {"import": 0, "export": 0, "id": "MA"}, {"import": 0, "export": 0, "id": "US"}, {"import": 0, "export": 0, "id": "TG"}, {"import": 0, "export": 0, "id": "LR"}, {"import": 0, "export": 464700, "id": "BF"}, {"import": 0, "export": 3029, "id": "-"}, {"import": 0, "export": 2940, "id": "NE"}, {"import": 0, "export": 2000, "id": "ML"}, {"import": 0, "export": 0, "id": "GQ"}, {"import": 0, "export": 0, "id": "GH"}], "world_import": 126131164, "world_export": 472669}, {"date": "2018-06-01", "list": [{"import": 42500000, "export": 0, "id": "CN"}, {"import": 25517250, "export": 0, "id": "VN"}, {"import": 9497867, "export": 0, "id": "IN"}, {"import": 2634730, "export": 0, "id": "TH"}, {"import": 12300000, "export": 0, "id": "MM"}, {"import": 1585010, "export": 0, "id": "PK"}, {"import": 25194, "export": 0, "id": "FR"}, {"import": 0, "export": 0, "id": "ES"}, {"import": 0, "export": 0, "id": "KH"}, {"import": 222, "export": 0, "id": "BE"}, {"import": 23503, "export": 0, "id": "GY"}, {"import": 0, "export": 0, "id": "ID"}, {"import": 0, "export": 0, "id": "IT"}, {"import": 0, "export": 0, "id": "JP"}, {"import": 0, "export": 0, "id": "KR"}, {"import": 0, "export": 0, "id": "LB"}, {"import": 0, "export": 0, "id": "MA"}, {"import": 0, "export": 0, "id": "US"}, {"import": 0, "export": 135008, "id": "TG"}, {"import": 0, "export": 0, "id": "LR"}, {"import": 0, "export": 0, "id": "BF"}, {"import": 0, "export": 2972, "id": "-"}, {"import": 0, "export": 0, "id": "NE"}, {"import": 0, "export": 0, "id": "ML"}, {"import": 0, "export": 0, "id": "GQ"}, {"import": 0, "export": 100000, "id": "GH"}], "world_import": 94083776, "world_export": 237980}, {"date": "2018-07-01", "list": [{"import": 24600000, "export": 0, "id": "CN"}, {"import": 6004747, "export": 0, "id": "VN"}, {"import": 16499926, "export": 0, "id": "IN"}, {"import": 3679964, "export": 0, "id": "TH"}, {"import": 3690000, "export": 0, "id": "MM"}, {"import": 932000, "export": 0, "id": "PK"}, {"import": 2293, "export": 0, "id": "FR"}, {"import": 0, "export": 0, "id": "ES"}, {"import": 0, "export": 0, "id": "KH"}, {"import": 221, "export": 0, "id": "BE"}, {"import": 25015, "export": 0, "id": "GY"}, {"import": 0, "export": 0, "id": "ID"}, {"import": 0, "export": 0, "id": "IT"}, {"import": 0, "export": 0, "id": "JP"}, {"import": 0, "export": 0, "id": "KR"}, {"import": 0, "export": 0, "id": "LB"}, {"import": 932, "export": 0, "id": "MA"}, {"import": 0, "export": 0, "id": "US"}, {"import": 0, "export": 179625, "id": "TG"}, {"import": 0, "export": 0, "id": "LR"}, {"import": 0, "export": 348950, "id": "BF"}, {"import": 0, "export": 3192, "id": "-"}, {"import": 0, "export": 0, "id": "NE"}, {"import": 0, "export": 59800, "id": "ML"}, {"import": 0, "export": 0, "id": "GQ"}, {"import": 0, "export": 120000, "id": "GH"}], "world_import": 55435098, "world_export": 711567}, {"date": "2018-08-01", "list": [{"import": 31200000, "export": 0, "id": "CN"}, {"import": 50690571, "export": 0, "id": "VN"}, {"import": 27597047, "export": 0, "id": "IN"}, {"import": 1299134, "export": 0, "id": "TH"}, {"import": 2000000, "export": 0, "id": "MM"}, {"import": 2005200, "export": 0, "id": "PK"}, {"import": 5561, "export": 0, "id": "FR"}, {"import": 0, "export": 0, "id": "ES"}, {"import": 0, "export": 0, "id": "KH"}, {"import": 0, "export": 0, "id": "BE"}, {"import": 0, "export": 0, "id": "GY"}, {"import": 0, "export": 0, "id": "ID"}, {"import": 0, "export": 0, "id": "IT"}, {"import": 7000, "export": 0, "id": "JP"}, {"import": 0, "export": 0, "id": "KR"}, {"import": 0, "export": 0, "id": "LB"}, {"import": 0, "export": 0, "id": "MA"}, {"import": 778950, "export": 0, "id": "US"}, {"import": 0, "export": 0, "id": "TG"}, {"import": 0, "export": 0, "id": "LR"}, {"import": 0, "export": 160710, "id": "BF"}, {"import": 0, "export": 1462, "id": "-"}, {"import": 0, "export": 0, "id": "NE"}, {"import": 0, "export": 180600, "id": "ML"}, {"import": 0, "export": 0, "id": "GQ"}, {"import": 0, "export": 0, "id": "GH"}], "world_import": 115583463, "world_export": 342772}, {"date": "2018-09-01", "list": [{"import": 90000000, "export": 0, "id": "CN"}, {"import": 2096492, "export": 0, "id": "VN"}, {"import": 40085040, "export": 0, "id": "IN"}, {"import": 4305526, "export": 0, "id": "TH"}, {"import": 6500000, "export": 0, "id": "MM"}, {"import": 0, "export": 0, "id": "PK"}, {"import": 3918, "export": 0, "id": "FR"}, {"import": 0, "export": 0, "id": "ES"}, {"import": 0, "export": 0, "id": "KH"}, {"import": 0, "export": 0, "id": "BE"}, {"import": 0, "export": 0, "id": "GY"}, {"import": 0, "export": 0, "id": "ID"}, {"import": 43, "export": 0, "id": "IT"}, {"import": 0, "export": 0, "id": "JP"}, {"import": 0, "export": 0, "id": "KR"}, {"import": 0, "export": 0, "id": "LB"}, {"import": 0, "export": 0, "id": "MA"}, {"import": 467900, "export": 0, "id": "US"}, {"import": 0, "export": 15775, "id": "TG"}, {"import": 0, "export": 0, "id": "LR"}, {"import": 0, "export": 4400, "id": "BF"}, {"import": 0, "export": 5569, "id": "-"}, {"import": 0, "export": 0, "id": "NE"}, {"import": 0, "export": 0, "id": "ML"}, {"import": 0, "export": 0, "id": "GQ"}, {"import": 0, "export": 0, "id": "GH"}], "world_import": 143458919, "world_export": 25744}, {"date": "2018-10-01", "list": [{"import": 53065000, "export": 0, "id": "CN"}, {"import": 4892258, "export": 0, "id": "VN"}, {"import": 52967470, "export": 0, "id": "IN"}, {"import": 5902046, "export": 0, "id": "TH"}, {"import": 11000000, "export": 0, "id": "MM"}, {"import": 0, "export": 0, "id": "PK"}, {"import": 1195, "export": 0, "id": "FR"}, {"import": 520, "export": 0, "id": "ES"}, {"import": 0, "export": 0, "id": "KH"}, {"import": 0, "export": 0, "id": "BE"}, {"import": 25000, "export": 0, "id": "GY"}, {"import": 0, "export": 0, "id": "ID"}, {"import": 0, "export": 0, "id": "IT"}, {"import": 0, "export": 0, "id": "JP"}, {"import": 0, "export": 0, "id": "KR"}, {"import": 0, "export": 0, "id": "LB"}, {"import": 0, "export": 0, "id": "MA"}, {"import": 2498050, "export": 0, "id": "US"}, {"import": 0, "export": 0, "id": "TG"}, {"import": 0, "export": 29400, "id": "LR"}, {"import": 0, "export": 0, "id": "BF"}, {"import": 0, "export": 5058, "id": "-"}, {"import": 0, "export": 1950, "id": "NE"}, {"import": 0, "export": 0, "id": "ML"}, {"import": 0, "export": 0, "id": "GQ"}, {"import": 0, "export": 0, "id": "GH"}], "world_import": 130351539, "world_export": 36408}, {"date": "2017-05-01", "list": [{"import": 0, "export": 0, "id": "TG"}, {"import": 0, "export": 217761, "id": "LR"}, {"import": 0, "export": 1401520, "id": "BF"}, {"import": 0, "export": 1782, "id": "-"}, {"import": 0, "export": 4850, "id": "NE"}, {"import": 0, "export": 100000, "id": "ML"}, {"import": 0, "export": 0, "id": "GQ"}, {"import": 0, "export": 0, "id": "FR"}, {"import": 0, "export": 649685, "id": "GH"}], "world_import": 0, "world_export": 2375598}, {"date": "2017-06-01", "list": [{"import": 0, "export": 0, "id": "TG"}, {"import": 0, "export": 100000, "id": "LR"}, {"import": 0, "export": 1209760, "id": "BF"}, {"import": 0, "export": 2149, "id": "-"}, {"import": 0, "export": 3430, "id": "NE"}, {"import": 0, "export": 0, "id": "ML"}, {"import": 0, "export": 0, "id": "GQ"}, {"import": 0, "export": 21, "id": "FR"}, {"import": 0, "export": 389937, "id": "GH"}], "world_import": 0, "world_export": 1705297}, {"date": "2017-07-01", "list": [{"import": 0, "export": 0, "id": "TG"}, {"import": 0, "export": 110250, "id": "LR"}, {"import": 0, "export": 2351173, "id": "BF"}, {"import": 0, "export": 0, "id": "-"}, {"import": 0, "export": 0, "id": "NE"}, {"import": 0, "export": 0, "id": "ML"}, {"import": 0, "export": 66200, "id": "GQ"}, {"import": 0, "export": 0, "id": "FR"}, {"import": 0, "export": 0, "id": "GH"}], "world_import": 0, "world_export": 2527623}, {"date": "2017-08-01", "list": [{"import": 0, "export": 0, "id": "TG"}, {"import": 0, "export": 151875, "id": "LR"}, {"import": 0, "export": 443600, "id": "BF"}, {"import": 0, "export": 2726, "id": "-"}, {"import": 0, "export": 0, "id": "NE"}, {"import": 0, "export": 0, "id": "ML"}, {"import": 0, "export": 0, "id": "GQ"}, {"import": 0, "export": 0, "id": "FR"}, {"import": 0, "export": 431977, "id": "GH"}], "world_import": 0, "world_export": 1030178}, {"date": "2017-09-01", "list": [{"import": 0, "export": 0, "id": "TG"}, {"import": 0, "export": 10250, "id": "LR"}, {"import": 0, "export": 117500, "id": "BF"}, {"import": 0, "export": 1268, "id": "-"}, {"import": 0, "export": 0, "id": "NE"}, {"import": 0, "export": 0, "id": "ML"}, {"import": 0, "export": 0, "id": "GQ"}, {"import": 0, "export": 0, "id": "FR"}, {"import": 0, "export": 1710, "id": "GH"}], "world_import": 0, "world_export": 130728}, {"date": "2017-10-01", "list": [{"import": 0, "export": 0, "id": "TG"}, {"import": 0, "export": 0, "id": "LR"}, {"import": 0, "export": 183075, "id": "BF"}, {"import": 0, "export": 528, "id": "-"}, {"import": 0, "export": 0, "id": "NE"}, {"import": 0, "export": 0, "id": "ML"}, {"import": 0, "export": 0, "id": "GQ"}, {"import": 0, "export": 0, "id": "FR"}, {"import": 0, "export": 3330, "id": "GH"}], "world_import": 0, "world_export": 186933}, {"date": "2017-11-01", "list": [{"import": 0, "export": 0, "id": "TG"}, {"import": 0, "export": 192250, "id": "LR"}, {"import": 0, "export": 854570, "id": "BF"}, {"import": 0, "export": 994, "id": "-"}, {"import": 0, "export": 1225, "id": "NE"}, {"import": 0, "export": 350000, "id": "ML"}, {"import": 0, "export": 0, "id": "GQ"}, {"import": 0, "export": 0, "id": "FR"}, {"import": 0, "export": 21240, "id": "GH"}], "world_import": 0, "world_export": 1420279}, {"date": "2017-12-01", "list": [{"import": 0, "export": 0, "id": "TG"}, {"import": 0, "export": 68801, "id": "LR"}, {"import": 0, "export": 1122500, "id": "BF"}, {"import": 0, "export": 1210, "id": "-"}, {"import": 0, "export": 0, "id": "NE"}, {"import": 0, "export": 0, "id": "ML"}, {"import": 0, "export": 0, "id": "GQ"}, {"import": 0, "export": 0, "id": "FR"}, {"import": 0, "export": 3870, "id": "GH"}], "world_import": 0, "world_export": 1196381}]