[{"date": "12-01", "list": [{"import": 1, "export": 0, "id": "-"}], "world_import": 16, "world_export": 0}, {"date": "1-01", "list": [{"import": 2, "export": 0, "id": "-"}], "world_import": 9, "world_export": 0}, {"date": "2-01", "list": [{"import": 528, "export": 0, "id": "IN"}, {"import": 2480, "export": 0, "id": "US"}, {"import": 94, "export": 0, "id": "AR"}, {"import": 93, "export": 0, "id": "TH"}, {"import": 14, "export": 0, "id": "AU"}, {"import": 94, "export": 0, "id": "PK"}, {"import": 24, "export": 0, "id": "CN"}, {"import": 20, "export": 0, "id": "BR"}, {"import": 1, "export": 0, "id": "TW"}, {"import": 0, "export": 0, "id": "RU"}, {"import": 2, "export": 0, "id": "KR"}, {"import": 0, "export": 0, "id": "VN"}, {"import": 0, "export": 0, "id": "ES"}, {"import": 0, "export": 0, "id": "TR"}, {"import": 0, "export": 0, "id": "GB"}, {"import": 0, "export": 0, "id": "PH"}, {"import": 0, "export": 0, "id": "PL"}, {"import": 0, "export": 0, "id": "MD"}, {"import": 0, "export": 0, "id": "NG"}, {"import": 0, "export": 0, "id": "KH"}, {"import": 40, "export": 0, "id": "LK"}, {"import": 0, "export": 0, "id": "FR"}, {"import": 2, "export": 0, "id": "-"}, {"import": 0, "export": 0, "id": "ID"}], "world_import": 3392, "world_export": 0}, {"date": "Unnamed: 3-01", "list": [{"import": 101, "export": 0, "id": "IN"}, {"import": 5788, "export": 0, "id": "US"}, {"import": 141, "export": 0, "id": "AR"}, {"import": 63, "export": 0, "id": "TH"}, {"import": 91, "export": 0, "id": "AU"}, {"import": 98, "export": 0, "id": "PK"}, {"import": 30, "export": 0, "id": "CN"}, {"import": 20, "export": 0, "id": "BR"}, {"import": 2, "export": 0, "id": "TW"}, {"import": 2, "export": 0, "id": "RU"}, {"import": 0, "export": 0, "id": "KR"}, {"import": 4, "export": 0, "id": "VN"}, {"import": 0, "export": 0, "id": "ES"}, {"import": 1, "export": 0, "id": "TR"}, {"import": 0, "export": 0, "id": "GB"}, {"import": 0, "export": 0, "id": "PH"}, {"import": 0, "export": 0, "id": "PL"}, {"import": 0, "export": 0, "id": "MD"}, {"import": 0, "export": 0, "id": "NG"}, {"import": 13, "export": 0, "id": "KH"}, {"import": 21, "export": 0, "id": "LK"}, {"import": 0, "export": 0, "id": "FR"}, {"import": 0, "export": 0, "id": "-"}, {"import": 0, "export": 0, "id": "ID"}], "world_import": 6375, "world_export": 0}, {"date": "Unnamed: 4-01", "list": [{"import": 473, "export": 0, "id": "IN"}, {"import": 2461, "export": 0, "id": "US"}, {"import": 24, "export": 0, "id": "AR"}, {"import": 91, "export": 0, "id": "TH"}, {"import": 95, "export": 0, "id": "AU"}, {"import": 22, "export": 0, "id": "PK"}, {"import": 108, "export": 0, "id": "CN"}, {"import": 0, "export": 0, "id": "BR"}, {"import": 1, "export": 0, "id": "TW"}, {"import": 0, "export": 0, "id": "RU"}, {"import": 3, "export": 0, "id": "KR"}, {"import": 0, "export": 0, "id": "VN"}, {"import": 0, "export": 0, "id": "ES"}, {"import": 0, "export": 0, "id": "TR"}, {"import": 0, "export": 0, "id": "GB"}, {"import": 0, "export": 0, "id": "PH"}, {"import": 0, "export": 0, "id": "PL"}, {"import": 0, "export": 0, "id": "MD"}, {"import": 0, "export": 0, "id": "NG"}, {"import": 0, "export": 0, "id": "KH"}, {"import": 8, "export": 0, "id": "LK"}, {"import": 0, "export": 0, "id": "FR"}, {"import": 0, "export": 0, "id": "-"}, {"import": 0, "export": 0, "id": "ID"}], "world_import": 3286, "world_export": 0}, {"date": "Unnamed: 5-01", "list": [{"import": 150, "export": 0, "id": "IN"}, {"import": 3437, "export": 0, "id": "US"}, {"import": 138, "export": 0, "id": "AR"}, {"import": 67, "export": 0, "id": "TH"}, {"import": 72, "export": 0, "id": "AU"}, {"import": 48, "export": 0, "id": "PK"}, {"import": 7, "export": 0, "id": "CN"}, {"import": 20, "export": 0, "id": "BR"}, {"import": 3, "export": 0, "id": "TW"}, {"import": 0, "export": 0, "id": "RU"}, {"import": 2, "export": 0, "id": "KR"}, {"import": 0, "export": 0, "id": "VN"}, {"import": 0, "export": 0, "id": "ES"}, {"import": 0, "export": 0, "id": "TR"}, {"import": 0, "export": 0, "id": "GB"}, {"import": 0, "export": 0, "id": "PH"}, {"import": 0, "export": 0, "id": "PL"}, {"import": 0, "export": 0, "id": "MD"}, {"import": 0, "export": 0, "id": "NG"}, {"import": 0, "export": 0, "id": "KH"}, {"import": 3, "export": 0, "id": "LK"}, {"import": 0, "export": 0, "id": "FR"}, {"import": 0, "export": 0, "id": "-"}, {"import": 0, "export": 0, "id": "ID"}], "world_import": 3947, "world_export": 0}, {"date": "Unnamed: 6-01", "list": [{"import": 154, "export": 0, "id": "IN"}, {"import": 4196, "export": 0, "id": "US"}, {"import": 124, "export": 0, "id": "AR"}, {"import": 65, "export": 0, "id": "TH"}, {"import": 186, "export": 0, "id": "AU"}, {"import": 105, "export": 0, "id": "PK"}, {"import": 16, "export": 0, "id": "CN"}, {"import": 0, "export": 0, "id": "BR"}, {"import": 0, "export": 0, "id": "TW"}, {"import": 0, "export": 0, "id": "RU"}, {"import": 2, "export": 0, "id": "KR"}, {"import": 46, "export": 0, "id": "VN"}, {"import": 0, "export": 0, "id": "ES"}, {"import": 2, "export": 0, "id": "TR"}, {"import": 0, "export": 0, "id": "GB"}, {"import": 0, "export": 0, "id": "PH"}, {"import": 0, "export": 0, "id": "PL"}, {"import": 0, "export": 0, "id": "MD"}, {"import": 0, "export": 0, "id": "NG"}, {"import": 0, "export": 0, "id": "KH"}, {"import": 0, "export": 0, "id": "LK"}, {"import": 0, "export": 0, "id": "FR"}, {"import": 0, "export": 0, "id": "-"}, {"import": 0, "export": 0, "id": "ID"}], "world_import": 4896, "world_export": 0}, {"date": "Unnamed: 7-01", "list": [{"import": 148, "export": 0, "id": "IN"}, {"import": 3276, "export": 0, "id": "US"}, {"import": 165, "export": 0, "id": "AR"}, {"import": 112, "export": 0, "id": "TH"}, {"import": 155, "export": 0, "id": "AU"}, {"import": 169, "export": 0, "id": "PK"}, {"import": 18, "export": 0, "id": "CN"}, {"import": 0, "export": 0, "id": "BR"}, {"import": 1, "export": 0, "id": "TW"}, {"import": 0, "export": 0, "id": "RU"}, {"import": 0, "export": 0, "id": "KR"}, {"import": 4, "export": 0, "id": "VN"}, {"import": 194, "export": 0, "id": "ES"}, {"import": 0, "export": 0, "id": "TR"}, {"import": 0, "export": 0, "id": "GB"}, {"import": 0, "export": 0, "id": "PH"}, {"import": 0, "export": 0, "id": "PL"}, {"import": 0, "export": 0, "id": "MD"}, {"import": 0, "export": 0, "id": "NG"}, {"import": 0, "export": 0, "id": "KH"}, {"import": 16, "export": 0, "id": "LK"}, {"import": 0, "export": 0, "id": "FR"}, {"import": 0, "export": 0, "id": "-"}, {"import": 0, "export": 0, "id": "ID"}], "world_import": 4258, "world_export": 0}, {"date": "Unnamed: 8-01", "list": [{"import": 353, "export": 0, "id": "IN"}, {"import": 2380, "export": 0, "id": "US"}, {"import": 68, "export": 0, "id": "AR"}, {"import": 193, "export": 0, "id": "TH"}, {"import": 68, "export": 0, "id": "AU"}, {"import": 150, "export": 0, "id": "PK"}, {"import": 24, "export": 0, "id": "CN"}, {"import": 0, "export": 0, "id": "BR"}, {"import": 0, "export": 0, "id": "TW"}, {"import": 0, "export": 0, "id": "RU"}, {"import": 0, "export": 0, "id": "KR"}, {"import": 0, "export": 0, "id": "VN"}, {"import": 0, "export": 0, "id": "ES"}, {"import": 0, "export": 0, "id": "TR"}, {"import": 0, "export": 0, "id": "GB"}, {"import": 0, "export": 0, "id": "PH"}, {"import": 0, "export": 0, "id": "PL"}, {"import": 0, "export": 0, "id": "MD"}, {"import": 0, "export": 0, "id": "NG"}, {"import": 0, "export": 0, "id": "KH"}, {"import": 13, "export": 0, "id": "LK"}, {"import": 0, "export": 0, "id": "FR"}, {"import": 0, "export": 0, "id": "-"}, {"import": 0, "export": 0, "id": "ID"}], "world_import": 3249, "world_export": 0}, {"date": "Unnamed: 9-01", "list": [{"import": 147, "export": 0, "id": "IN"}, {"import": 2504, "export": 0, "id": "US"}, {"import": 59, "export": 0, "id": "AR"}, {"import": 29, "export": 0, "id": "TH"}, {"import": 32, "export": 0, "id": "AU"}, {"import": 56, "export": 0, "id": "PK"}, {"import": 13, "export": 0, "id": "CN"}, {"import": 20, "export": 0, "id": "BR"}, {"import": 0, "export": 0, "id": "TW"}, {"import": 0, "export": 0, "id": "RU"}, {"import": 1, "export": 0, "id": "KR"}, {"import": 0, "export": 0, "id": "VN"}, {"import": 0, "export": 0, "id": "ES"}, {"import": 0, "export": 0, "id": "TR"}, {"import": 0, "export": 0, "id": "GB"}, {"import": 0, "export": 0, "id": "PH"}, {"import": 1, "export": 0, "id": "PL"}, {"import": 0, "export": 0, "id": "MD"}, {"import": 0, "export": 0, "id": "NG"}, {"import": 1, "export": 0, "id": "KH"}, {"import": 0, "export": 0, "id": "LK"}, {"import": 0, "export": 0, "id": "FR"}, {"import": 0, "export": 0, "id": "-"}, {"import": 0, "export": 0, "id": "ID"}], "world_import": 2863, "world_export": 0}, {"date": "Unnamed: 10-01", "list": [{"import": 201, "export": 0, "id": "IN"}, {"import": 3925, "export": 0, "id": "US"}, {"import": 59, "export": 0, "id": "AR"}, {"import": 357, "export": 0, "id": "TH"}, {"import": 69, "export": 0, "id": "AU"}, {"import": 129, "export": 0, "id": "PK"}, {"import": 276, "export": 0, "id": "CN"}, {"import": 20, "export": 0, "id": "BR"}, {"import": 5, "export": 0, "id": "TW"}, {"import": 0, "export": 0, "id": "RU"}, {"import": 1, "export": 0, "id": "KR"}, {"import": 3, "export": 0, "id": "VN"}, {"import": 0, "export": 0, "id": "ES"}, {"import": 0, "export": 0, "id": "TR"}, {"import": 0, "export": 0, "id": "GB"}, {"import": 0, "export": 0, "id": "PH"}, {"import": 0, "export": 0, "id": "PL"}, {"import": 0, "export": 0, "id": "MD"}, {"import": 2, "export": 0, "id": "NG"}, {"import": 0, "export": 0, "id": "KH"}, {"import": 14, "export": 0, "id": "LK"}, {"import": 0, "export": 0, "id": "FR"}, {"import": 0, "export": 0, "id": "-"}, {"import": 0, "export": 0, "id": "ID"}], "world_import": 5061, "world_export": 0}, {"date": "Unnamed: 11-01", "list": [{"import": 115, "export": 0, "id": "IN"}, {"import": 4197, "export": 0, "id": "US"}, {"import": 139, "export": 0, "id": "AR"}, {"import": 381, "export": 0, "id": "TH"}, {"import": 93, "export": 0, "id": "AU"}, {"import": 52, "export": 0, "id": "PK"}, {"import": 5741, "export": 0, "id": "CN"}, {"import": 0, "export": 0, "id": "BR"}, {"import": 10, "export": 0, "id": "TW"}, {"import": 0, "export": 0, "id": "RU"}, {"import": 4, "export": 0, "id": "KR"}, {"import": 4, "export": 0, "id": "VN"}, {"import": 0, "export": 0, "id": "ES"}, {"import": 2, "export": 0, "id": "TR"}, {"import": 0, "export": 0, "id": "GB"}, {"import": 0, "export": 0, "id": "PH"}, {"import": 0, "export": 0, "id": "PL"}, {"import": 0, "export": 0, "id": "MD"}, {"import": 0, "export": 0, "id": "NG"}, {"import": 0, "export": 0, "id": "KH"}, {"import": 0, "export": 0, "id": "LK"}, {"import": 0, "export": 0, "id": "FR"}, {"import": 0, "export": 0, "id": "-"}, {"import": 0, "export": 0, "id": "ID"}], "world_import": 10738, "world_export": 0}, {"date": "Unnamed: 12-01", "list": [{"import": 4190, "export": 0, "id": "US"}, {"import": 164, "export": 0, "id": "AR"}, {"import": 239, "export": 0, "id": "TH"}, {"import": 135, "export": 0, "id": "AU"}, {"import": 216, "export": 0, "id": "PK"}, {"import": 12, "export": 0, "id": "CN"}, {"import": 0, "export": 0, "id": "BR"}, {"import": 0, "export": 0, "id": "TW"}, {"import": 0, "export": 0, "id": "RU"}, {"import": 0, "export": 0, "id": "KR"}, {"import": 1, "export": 0, "id": "VN"}, {"import": 0, "export": 0, "id": "ES"}, {"import": 0, "export": 0, "id": "TR"}, {"import": 0, "export": 0, "id": "GB"}, {"import": 0, "export": 0, "id": "PH"}, {"import": 0, "export": 0, "id": "PL"}, {"import": 0, "export": 0, "id": "MD"}, {"import": 0, "export": 0, "id": "NG"}, {"import": 0, "export": 0, "id": "KH"}, {"import": 21, "export": 0, "id": "LK"}, {"import": 0, "export": 0, "id": "FR"}, {"import": 0, "export": 0, "id": "-"}, {"import": 0, "export": 0, "id": "ID"}], "world_import": 4978, "world_export": 0}, {"date": "Unnamed: 13-01", "list": [{"import": 5038, "export": 0, "id": "US"}, {"import": 200, "export": 0, "id": "AR"}, {"import": 165, "export": 0, "id": "TH"}, {"import": 112, "export": 0, "id": "AU"}, {"import": 101, "export": 0, "id": "PK"}, {"import": 28, "export": 0, "id": "CN"}, {"import": 22, "export": 0, "id": "BR"}, {"import": 7, "export": 0, "id": "TW"}, {"import": 3, "export": 0, "id": "RU"}, {"import": 1, "export": 0, "id": "KR"}, {"import": 1, "export": 0, "id": "VN"}, {"import": 0, "export": 0, "id": "ES"}, {"import": 0, "export": 0, "id": "TR"}, {"import": 0, "export": 0, "id": "GB"}, {"import": 0, "export": 0, "id": "PH"}, {"import": 0, "export": 0, "id": "PL"}, {"import": 0, "export": 0, "id": "MD"}, {"import": 0, "export": 0, "id": "NG"}, {"import": 0, "export": 0, "id": "KH"}, {"import": 0, "export": 0, "id": "LK"}, {"import": 0, "export": 0, "id": "FR"}, {"import": 0, "export": 0, "id": "-"}, {"import": 0, "export": 0, "id": "ID"}], "world_import": 5678, "world_export": 0}, {"date": "2018-11-01", "list": [{"import": 0, "export": 119124, "id": "US"}, {"import": 0, "export": 0, "id": "CN"}, {"import": 0, "export": 0, "id": "FR"}, {"import": 0, "export": 0, "id": "-"}, {"import": 0, "export": 0, "id": "LB"}, {"import": 0, "export": 0, "id": "PH"}, {"import": 0, "export": 0, "id": "TG"}, {"import": 0, "export": 0, "id": "AE"}, {"import": 0, "export": 0, "id": "GB"}], "world_import": 0, "world_export": 119124}, {"date": "2018-12-01", "list": [{"import": 0, "export": 96444, "id": "US"}, {"import": 0, "export": 4282, "id": "CN"}, {"import": 0, "export": 0, "id": "FR"}, {"import": 0, "export": 130054, "id": "-"}, {"import": 0, "export": 0, "id": "LB"}, {"import": 0, "export": 0, "id": "PH"}, {"import": 0, "export": 0, "id": "TG"}, {"import": 0, "export": 82855, "id": "AE"}, {"import": 0, "export": 0, "id": "GB"}], "world_import": 0, "world_export": 313635}, {"date": "2019-01-01", "list": [{"import": 0, "export": 160260, "id": "US"}, {"import": 0, "export": 0, "id": "CN"}, {"import": 0, "export": 0, "id": "FR"}, {"import": 0, "export": 0, "id": "-"}, {"import": 0, "export": 0, "id": "LB"}, {"import": 0, "export": 0, "id": "PH"}, {"import": 0, "export": 0, "id": "TG"}, {"import": 0, "export": 0, "id": "AE"}, {"import": 0, "export": 0, "id": "GB"}], "world_import": 0, "world_export": 160260}, {"date": "2019-02-01", "list": [{"import": 0, "export": 158898, "id": "US"}, {"import": 0, "export": 0, "id": "CN"}, {"import": 0, "export": 0, "id": "FR"}, {"import": 0, "export": 0, "id": "-"}, {"import": 0, "export": 9466, "id": "LB"}, {"import": 0, "export": 0, "id": "PH"}, {"import": 0, "export": 0, "id": "TG"}, {"import": 0, "export": 0, "id": "AE"}, {"import": 0, "export": 0, "id": "GB"}], "world_import": 0, "world_export": 168364}, {"date": "2019-03-01", "list": [{"import": 0, "export": 178258, "id": "US"}, {"import": 0, "export": 0, "id": "CN"}, {"import": 0, "export": 1841, "id": "FR"}, {"import": 0, "export": 0, "id": "-"}, {"import": 0, "export": 0, "id": "LB"}, {"import": 0, "export": 25814, "id": "PH"}, {"import": 0, "export": 0, "id": "TG"}, {"import": 0, "export": 0, "id": "AE"}, {"import": 0, "export": 0, "id": "GB"}], "world_import": 0, "world_export": 205913}, {"date": "2019-04-01", "list": [{"import": 0, "export": 119812, "id": "US"}, {"import": 0, "export": 0, "id": "CN"}, {"import": 0, "export": 59, "id": "FR"}, {"import": 0, "export": 0, "id": "-"}, {"import": 0, "export": 0, "id": "LB"}, {"import": 0, "export": 0, "id": "PH"}, {"import": 0, "export": 0, "id": "TG"}, {"import": 0, "export": 0, "id": "AE"}, {"import": 0, "export": 0, "id": "GB"}], "world_import": 0, "world_export": 119871}, {"date": "2019-05-01", "list": [{"import": 0, "export": 273505, "id": "US"}, {"import": 0, "export": 0, "id": "CN"}, {"import": 0, "export": 0, "id": "FR"}, {"import": 0, "export": 4075, "id": "-"}, {"import": 0, "export": 0, "id": "LB"}, {"import": 0, "export": 0, "id": "PH"}, {"import": 0, "export": 0, "id": "TG"}, {"import": 0, "export": 0, "id": "AE"}, {"import": 0, "export": 0, "id": "GB"}], "world_import": 0, "world_export": 277580}, {"date": "2019-06-01", "list": [{"import": 0, "export": 81164, "id": "US"}, {"import": 0, "export": 0, "id": "CN"}, {"import": 0, "export": 0, "id": "FR"}, {"import": 0, "export": 105519, "id": "-"}, {"import": 0, "export": 0, "id": "LB"}, {"import": 0, "export": 0, "id": "PH"}, {"import": 0, "export": 4828, "id": "TG"}, {"import": 0, "export": 0, "id": "AE"}, {"import": 0, "export": 0, "id": "GB"}], "world_import": 0, "world_export": 191511}, {"date": "2019-07-01", "list": [{"import": 0, "export": 178924, "id": "US"}, {"import": 0, "export": 0, "id": "CN"}, {"import": 0, "export": 0, "id": "FR"}, {"import": 0, "export": 0, "id": "-"}, {"import": 0, "export": 0, "id": "LB"}, {"import": 0, "export": 0, "id": "PH"}, {"import": 0, "export": 0, "id": "TG"}, {"import": 0, "export": 0, "id": "AE"}, {"import": 0, "export": 0, "id": "GB"}], "world_import": 0, "world_export": 178924}, {"date": "2019-08-01", "list": [{"import": 0, "export": 67907, "id": "US"}, {"import": 0, "export": 0, "id": "CN"}, {"import": 0, "export": 54, "id": "FR"}, {"import": 0, "export": 0, "id": "-"}, {"import": 0, "export": 0, "id": "LB"}, {"import": 0, "export": 0, "id": "PH"}, {"import": 0, "export": 0, "id": "TG"}, {"import": 0, "export": 0, "id": "AE"}, {"import": 0, "export": 0, "id": "GB"}], "world_import": 0, "world_export": 67961}, {"date": "2019-09-01", "list": [{"import": 0, "export": 179056, "id": "US"}, {"import": 0, "export": 0, "id": "CN"}, {"import": 0, "export": 0, "id": "FR"}, {"import": 0, "export": 0, "id": "-"}, {"import": 0, "export": 0, "id": "LB"}, {"import": 0, "export": 0, "id": "PH"}, {"import": 0, "export": 0, "id": "TG"}, {"import": 0, "export": 0, "id": "AE"}, {"import": 0, "export": 0, "id": "GB"}], "world_import": 0, "world_export": 179056}, {"date": "2019-10-01", "list": [{"import": 0, "export": 139017, "id": "US"}, {"import": 0, "export": 0, "id": "CN"}, {"import": 0, "export": 0, "id": "FR"}, {"import": 0, "export": 0, "id": "-"}, {"import": 0, "export": 0, "id": "LB"}, {"import": 0, "export": 0, "id": "PH"}, {"import": 0, "export": 0, "id": "TG"}, {"import": 0, "export": 0, "id": "AE"}, {"import": 0, "export": 0, "id": "GB"}], "world_import": 0, "world_export": 139017}, {"date": "2019-11-01", "list": [{"import": 0, "export": 176184, "id": "US"}, {"import": 0, "export": 0, "id": "CN"}, {"import": 0, "export": 0, "id": "FR"}, {"import": 0, "export": 108242, "id": "-"}, {"import": 0, "export": 0, "id": "LB"}, {"import": 0, "export": 0, "id": "PH"}, {"import": 0, "export": 0, "id": "TG"}, {"import": 0, "export": 0, "id": "AE"}, {"import": 0, "export": 0, "id": "GB"}], "world_import": 0, "world_export": 284426}, {"date": "2019-12-01", "list": [{"import": 0, "export": 221077, "id": "US"}, {"import": 0, "export": 0, "id": "CN"}, {"import": 0, "export": 3566, "id": "FR"}, {"import": 0, "export": 0, "id": "-"}, {"import": 0, "export": 0, "id": "LB"}, {"import": 0, "export": 0, "id": "PH"}, {"import": 0, "export": 0, "id": "TG"}, {"import": 0, "export": 0, "id": "AE"}, {"import": 0, "export": 0, "id": "GB"}], "world_import": 0, "world_export": 224643}, {"date": "2020-01-01", "list": [{"import": 0, "export": 166224, "id": "US"}, {"import": 0, "export": 0, "id": "CN"}, {"import": 0, "export": 0, "id": "FR"}, {"import": 0, "export": 0, "id": "-"}, {"import": 0, "export": 0, "id": "LB"}, {"import": 0, "export": 0, "id": "PH"}, {"import": 0, "export": 0, "id": "TG"}, {"import": 0, "export": 0, "id": "AE"}, {"import": 0, "export": 0, "id": "GB"}], "world_import": 0, "world_export": 166224}, {"date": "2020-02-01", "list": [{"import": 0, "export": 118974, "id": "US"}, {"import": 0, "export": 0, "id": "CN"}, {"import": 0, "export": 477, "id": "FR"}, {"import": 0, "export": 0, "id": "-"}, {"import": 0, "export": 0, "id": "LB"}, {"import": 0, "export": 0, "id": "PH"}, {"import": 0, "export": 0, "id": "TG"}, {"import": 0, "export": 0, "id": "AE"}, {"import": 0, "export": 0, "id": "GB"}], "world_import": 0, "world_export": 119451}, {"date": "2020-03-01", "list": [{"import": 0, "export": 56478, "id": "US"}, {"import": 0, "export": 0, "id": "CN"}, {"import": 0, "export": 0, "id": "FR"}, {"import": 0, "export": 0, "id": "-"}, {"import": 0, "export": 0, "id": "LB"}, {"import": 0, "export": 0, "id": "PH"}, {"import": 0, "export": 0, "id": "TG"}, {"import": 0, "export": 0, "id": "AE"}, {"import": 0, "export": 40788, "id": "GB"}], "world_import": 0, "world_export": 97266}, {"date": "2020-04-01", "list": [{"import": 0, "export": 173572, "id": "US"}, {"import": 0, "export": 0, "id": "CN"}, {"import": 0, "export": 0, "id": "FR"}, {"import": 0, "export": 2994, "id": "-"}, {"import": 0, "export": 0, "id": "LB"}, {"import": 0, "export": 0, "id": "PH"}, {"import": 0, "export": 0, "id": "TG"}, {"import": 0, "export": 0, "id": "AE"}, {"import": 0, "export": 0, "id": "GB"}], "world_import": 0, "world_export": 176566}]