[{"date": "2018-05-01", "list": [{"import": 467025, "export": 0, "id": "PY"}, {"import": 0, "export": 0, "id": "IN"}, {"import": 0, "export": 0, "id": "IT"}, {"import": 0, "export": 0, "id": "JP"}, {"import": 0, "export": 0, "id": "PK"}, {"import": 0, "export": 1276000, "id": "BR"}, {"import": 0, "export": 0, "id": "TH"}, {"import": 0, "export": 97800, "id": "US"}, {"import": 780, "export": 11962220, "id": "-"}, {"import": 0, "export": 8753320, "id": "CL"}, {"import": 0, "export": 2803000, "id": "TR"}, {"import": 0, "export": 0, "id": "CR"}, {"import": 0, "export": 19100000, "id": "IQ"}, {"import": 0, "export": 1649100, "id": "BO"}], "world_import": 467805, "world_export": 45641440}, {"date": "2018-06-01", "list": [{"import": 831000, "export": 0, "id": "PY"}, {"import": 0, "export": 0, "id": "IN"}, {"import": 0, "export": 0, "id": "IT"}, {"import": 0, "export": 0, "id": "JP"}, {"import": 0, "export": 0, "id": "PK"}, {"import": 0, "export": 1510000, "id": "BR"}, {"import": 0, "export": 0, "id": "TH"}, {"import": 0, "export": 0, "id": "US"}, {"import": 64000, "export": 16740998, "id": "-"}, {"import": 0, "export": 7354460, "id": "CL"}, {"import": 0, "export": 0, "id": "TR"}, {"import": 0, "export": 0, "id": "CR"}, {"import": 0, "export": 0, "id": "IQ"}, {"import": 0, "export": 1031500, "id": "BO"}], "world_import": 895000, "world_export": 26636958}, {"date": "2018-07-01", "list": [{"import": 0, "export": 0, "id": "PY"}, {"import": 0, "export": 0, "id": "IN"}, {"import": 0, "export": 0, "id": "IT"}, {"import": 0, "export": 0, "id": "JP"}, {"import": 0, "export": 0, "id": "PK"}, {"import": 0, "export": 13708000, "id": "BR"}, {"import": 0, "export": 0, "id": "TH"}, {"import": 0, "export": 223988, "id": "US"}, {"import": 58405, "export": 1555000, "id": "-"}, {"import": 0, "export": 9618410, "id": "CL"}, {"import": 0, "export": 0, "id": "TR"}, {"import": 0, "export": 0, "id": "CR"}, {"import": 0, "export": 12600000, "id": "IQ"}, {"import": 0, "export": 1864000, "id": "BO"}], "world_import": 58405, "world_export": 39569398}, {"date": "2018-08-01", "list": [{"import": 840000, "export": 0, "id": "PY"}, {"import": 0, "export": 0, "id": "IN"}, {"import": 0, "export": 0, "id": "IT"}, {"import": 0, "export": 0, "id": "JP"}, {"import": 0, "export": 0, "id": "PK"}, {"import": 0, "export": 989000, "id": "BR"}, {"import": 0, "export": 0, "id": "TH"}, {"import": 0, "export": 0, "id": "US"}, {"import": 0, "export": 2374065, "id": "-"}, {"import": 0, "export": 8777830, "id": "CL"}, {"import": 0, "export": 0, "id": "TR"}, {"import": 0, "export": 0, "id": "CR"}, {"import": 0, "export": 18900000, "id": "IQ"}, {"import": 0, "export": 1673000, "id": "BO"}], "world_import": 840000, "world_export": 32713895}, {"date": "2018-09-01", "list": [{"import": 0, "export": 0, "id": "PY"}, {"import": 0, "export": 0, "id": "IN"}, {"import": 0, "export": 0, "id": "IT"}, {"import": 0, "export": 0, "id": "JP"}, {"import": 0, "export": 0, "id": "PK"}, {"import": 0, "export": 14638840, "id": "BR"}, {"import": 0, "export": 0, "id": "TH"}, {"import": 0, "export": 0, "id": "US"}, {"import": 0, "export": 3584566, "id": "-"}, {"import": 0, "export": 7384990, "id": "CL"}, {"import": 0, "export": 0, "id": "TR"}, {"import": 0, "export": 2000000, "id": "CR"}, {"import": 0, "export": 0, "id": "IQ"}, {"import": 0, "export": 0, "id": "BO"}], "world_import": 0, "world_export": 27608396}, {"date": "2018-10-01", "list": [{"import": 0, "export": 0, "id": "PY"}, {"import": 0, "export": 0, "id": "IN"}, {"import": 0, "export": 0, "id": "IT"}, {"import": 0, "export": 0, "id": "JP"}, {"import": 0, "export": 0, "id": "PK"}, {"import": 0, "export": 2550000, "id": "BR"}, {"import": 0, "export": 0, "id": "TH"}, {"import": 0, "export": 560826, "id": "US"}, {"import": 0, "export": 4568850, "id": "-"}, {"import": 0, "export": 7795830, "id": "CL"}, {"import": 0, "export": 0, "id": "TR"}, {"import": 0, "export": 0, "id": "CR"}, {"import": 0, "export": 0, "id": "IQ"}, {"import": 0, "export": 2045900, "id": "BO"}], "world_import": 0, "world_export": 17521406}, {"date": "2018-11-01", "list": [{"import": 0, "export": 0, "id": "PY"}, {"import": 0, "export": 0, "id": "IN"}, {"import": 0, "export": 0, "id": "IT"}, {"import": 0, "export": 0, "id": "JP"}, {"import": 0, "export": 0, "id": "PK"}, {"import": 0, "export": 860000, "id": "BR"}, {"import": 0, "export": 0, "id": "TH"}, {"import": 0, "export": 456396, "id": "US"}, {"import": 0, "export": 1507000, "id": "-"}, {"import": 0, "export": 6825110, "id": "CL"}, {"import": 0, "export": 0, "id": "TR"}, {"import": 0, "export": 0, "id": "CR"}, {"import": 0, "export": 0, "id": "IQ"}, {"import": 0, "export": 1565020, "id": "BO"}], "world_import": 0, "world_export": 11213526}, {"date": "2018-12-01", "list": [{"import": 0, "export": 0, "id": "PY"}, {"import": 0, "export": 0, "id": "IN"}, {"import": 0, "export": 0, "id": "IT"}, {"import": 0, "export": 0, "id": "JP"}, {"import": 0, "export": 0, "id": "PK"}, {"import": 0, "export": 838950, "id": "BR"}, {"import": 0, "export": 0, "id": "TH"}, {"import": 0, "export": 301170, "id": "US"}, {"import": 225150, "export": 1040460, "id": "-"}, {"import": 0, "export": 7435990, "id": "CL"}, {"import": 0, "export": 0, "id": "TR"}, {"import": 0, "export": 2121850, "id": "CR"}, {"import": 0, "export": 0, "id": "IQ"}, {"import": 0, "export": 915420, "id": "BO"}], "world_import": 225150, "world_export": 12653840}, {"date": "2019-01-01", "list": [{"import": 616000, "export": 0, "id": "PY"}, {"import": 21975, "export": 0, "id": "IN"}, {"import": 0, "export": 0, "id": "IT"}, {"import": 0, "export": 0, "id": "JP"}, {"import": 0, "export": 0, "id": "PK"}, {"import": 0, "export": 13212000, "id": "BR"}, {"import": 6000, "export": 0, "id": "TH"}, {"import": 0, "export": 0, "id": "US"}, {"import": 0, "export": 3903200, "id": "-"}, {"import": 0, "export": 7477130, "id": "CL"}, {"import": 0, "export": 0, "id": "TR"}, {"import": 0, "export": 0, "id": "CR"}, {"import": 0, "export": 0, "id": "IQ"}, {"import": 0, "export": 0, "id": "BO"}], "world_import": 643975, "world_export": 24592330}, {"date": "2019-02-01", "list": [{"import": 358000, "export": 0, "id": "PY"}, {"import": 0, "export": 0, "id": "IN"}, {"import": 1000, "export": 0, "id": "IT"}, {"import": 0, "export": 0, "id": "JP"}, {"import": 0, "export": 0, "id": "PK"}, {"import": 0, "export": 1739000, "id": "BR"}, {"import": 0, "export": 0, "id": "TH"}, {"import": 0, "export": 242818, "id": "US"}, {"import": 0, "export": 1698710, "id": "-"}, {"import": 0, "export": 7021290, "id": "CL"}, {"import": 0, "export": 0, "id": "TR"}, {"import": 0, "export": 1575000, "id": "CR"}, {"import": 0, "export": 0, "id": "IQ"}, {"import": 0, "export": 0, "id": "BO"}], "world_import": 359000, "world_export": 12276818}, {"date": "2019-03-01", "list": [{"import": 25000, "export": 0, "id": "PY"}, {"import": 0, "export": 0, "id": "IN"}, {"import": 7700, "export": 0, "id": "IT"}, {"import": 0, "export": 0, "id": "JP"}, {"import": 0, "export": 0, "id": "PK"}, {"import": 0, "export": 772600, "id": "BR"}, {"import": 0, "export": 0, "id": "TH"}, {"import": 0, "export": 223565, "id": "US"}, {"import": 0, "export": 3276610, "id": "-"}, {"import": 0, "export": 7425390, "id": "CL"}, {"import": 0, "export": 0, "id": "TR"}, {"import": 0, "export": 848000, "id": "CR"}, {"import": 0, "export": 31200000, "id": "IQ"}, {"import": 0, "export": 0, "id": "BO"}], "world_import": 32700, "world_export": 43746165}, {"date": "2019-04-01", "list": [{"import": 252000, "export": 0, "id": "PY"}, {"import": 0, "export": 0, "id": "IN"}, {"import": 0, "export": 0, "id": "IT"}, {"import": 0, "export": 0, "id": "JP"}, {"import": 0, "export": 0, "id": "PK"}, {"import": 0, "export": 1690000, "id": "BR"}, {"import": 0, "export": 0, "id": "TH"}, {"import": 0, "export": 116616, "id": "US"}, {"import": 0, "export": 1199900, "id": "-"}, {"import": 0, "export": 8967464, "id": "CL"}, {"import": 0, "export": 0, "id": "TR"}, {"import": 0, "export": 2775000, "id": "CR"}, {"import": 0, "export": 0, "id": "IQ"}, {"import": 0, "export": 0, "id": "BO"}], "world_import": 252000, "world_export": 14748980}, {"date": "2019-05-01", "list": [{"import": 442000, "export": 0, "id": "PY"}, {"import": 0, "export": 0, "id": "IN"}, {"import": 420, "export": 0, "id": "IT"}, {"import": 1650, "export": 0, "id": "JP"}, {"import": 0, "export": 0, "id": "PK"}, {"import": 0, "export": 2262000, "id": "BR"}, {"import": 0, "export": 0, "id": "TH"}, {"import": 0, "export": 0, "id": "US"}, {"import": 0, "export": 5350970, "id": "-"}, {"import": 0, "export": 7127120, "id": "CL"}, {"import": 0, "export": 875000, "id": "TR"}, {"import": 0, "export": 0, "id": "CR"}, {"import": 0, "export": 0, "id": "IQ"}, {"import": 0, "export": 0, "id": "BO"}], "world_import": 444070, "world_export": 15615090}, {"date": "2019-06-01", "list": [{"import": 560000, "export": 0, "id": "PY"}, {"import": 0, "export": 0, "id": "IN"}, {"import": 0, "export": 0, "id": "IT"}, {"import": 0, "export": 0, "id": "JP"}, {"import": 25000, "export": 0, "id": "PK"}, {"import": 0, "export": 18278320, "id": "BR"}, {"import": 0, "export": 0, "id": "TH"}, {"import": 0, "export": 0, "id": "US"}, {"import": 0, "export": 909480, "id": "-"}, {"import": 0, "export": 6825738, "id": "CL"}, {"import": 0, "export": 2373400, "id": "TR"}, {"import": 0, "export": 0, "id": "CR"}, {"import": 0, "export": 0, "id": "IQ"}, {"import": 0, "export": 779700, "id": "BO"}], "world_import": 585000, "world_export": 29166638}, {"date": "2019-07-01", "list": [{"import": 504000, "export": 0, "id": "PY"}, {"import": 0, "export": 0, "id": "IN"}, {"import": 8500, "export": 0, "id": "IT"}, {"import": 0, "export": 0, "id": "JP"}, {"import": 0, "export": 0, "id": "PK"}, {"import": 0, "export": 1504000, "id": "BR"}, {"import": 0, "export": 0, "id": "TH"}, {"import": 0, "export": 395792, "id": "US"}, {"import": 0, "export": 2457600, "id": "-"}, {"import": 0, "export": 5880084, "id": "CL"}, {"import": 0, "export": 0, "id": "TR"}, {"import": 0, "export": 0, "id": "CR"}, {"import": 0, "export": 0, "id": "IQ"}, {"import": 0, "export": 509800, "id": "BO"}], "world_import": 512500, "world_export": 10747276}, {"date": "2019-08-01", "list": [{"import": 644056, "export": 0, "id": "PY"}, {"import": 0, "export": 0, "id": "IN"}, {"import": 400, "export": 0, "id": "IT"}, {"import": 0, "export": 0, "id": "JP"}, {"import": 0, "export": 0, "id": "PK"}, {"import": 0, "export": 678000, "id": "BR"}, {"import": 0, "export": 0, "id": "TH"}, {"import": 0, "export": 344100, "id": "US"}, {"import": 0, "export": 2720640, "id": "-"}, {"import": 0, "export": 8968732, "id": "CL"}, {"import": 0, "export": 0, "id": "TR"}, {"import": 0, "export": 0, "id": "CR"}, {"import": 0, "export": 0, "id": "IQ"}, {"import": 0, "export": 0, "id": "BO"}], "world_import": 644456, "world_export": 12711472}, {"date": "2019-09-01", "list": [{"import": 865000, "export": 0, "id": "PY"}, {"import": 0, "export": 0, "id": "IN"}, {"import": 0, "export": 0, "id": "IT"}, {"import": 0, "export": 0, "id": "JP"}, {"import": 0, "export": 0, "id": "PK"}, {"import": 0, "export": 1554000, "id": "BR"}, {"import": 2000, "export": 0, "id": "TH"}, {"import": 0, "export": 377952, "id": "US"}, {"import": 0, "export": 3112884, "id": "-"}, {"import": 0, "export": 9717020, "id": "CL"}, {"import": 0, "export": 0, "id": "TR"}, {"import": 0, "export": 0, "id": "CR"}, {"import": 0, "export": 0, "id": "IQ"}, {"import": 0, "export": 0, "id": "BO"}], "world_import": 867000, "world_export": 14761856}, {"date": "2019-10-01", "list": [{"import": 980000, "export": 0, "id": "PY"}, {"import": 0, "export": 0, "id": "IN"}, {"import": 15068, "export": 0, "id": "IT"}, {"import": 0, "export": 0, "id": "JP"}, {"import": 0, "export": 0, "id": "PK"}, {"import": 4, "export": 20050000, "id": "BR"}, {"import": 0, "export": 0, "id": "TH"}, {"import": 0, "export": 338172, "id": "US"}, {"import": 0, "export": 6034210, "id": "-"}, {"import": 0, "export": 7945706, "id": "CL"}, {"import": 0, "export": 0, "id": "TR"}, {"import": 0, "export": 0, "id": "CR"}, {"import": 0, "export": 0, "id": "IQ"}, {"import": 0, "export": 0, "id": "BO"}], "world_import": 995072, "world_export": 34368088}]