[{"date": "2015-03-01", "list": [{"import": 698000, "export": 0, "id": "TH"}, {"import": 0, "export": 0, "id": "VN"}, {"import": 32060, "export": 0, "id": "RU"}, {"import": 708000, "export": 0, "id": "PK"}, {"import": 0, "export": 0, "id": "IN"}, {"import": 0, "export": 0, "id": "BY"}, {"import": 0, "export": 0, "id": "CN"}, {"import": 0, "export": 0, "id": "IT"}, {"import": 0, "export": 0, "id": "LB"}, {"import": 0, "export": 0, "id": "AE"}, {"import": 50000, "export": 0, "id": "EG"}, {"import": 0, "export": 0, "id": "US"}], "world_import": 1488060, "world_export": 0}, {"date": "2015-04-01", "list": [{"import": 227500, "export": 0, "id": "TH"}, {"import": 0, "export": 0, "id": "VN"}, {"import": 10357, "export": 0, "id": "RU"}, {"import": 223600, "export": 0, "id": "PK"}, {"import": 52980, "export": 0, "id": "IN"}, {"import": 0, "export": 0, "id": "BY"}, {"import": 0, "export": 0, "id": "CN"}, {"import": 0, "export": 0, "id": "IT"}, {"import": 0, "export": 0, "id": "LB"}, {"import": 0, "export": 0, "id": "AE"}, {"import": 0, "export": 0, "id": "EG"}, {"import": 0, "export": 0, "id": "US"}], "world_import": 514437, "world_export": 0}, {"date": "2015-05-01", "list": [{"import": 443375, "export": 0, "id": "TH"}, {"import": 22000, "export": 0, "id": "VN"}, {"import": 22339, "export": 0, "id": "RU"}, {"import": 347000, "export": 0, "id": "PK"}, {"import": 0, "export": 0, "id": "IN"}, {"import": 0, "export": 0, "id": "BY"}, {"import": 1500, "export": 0, "id": "CN"}, {"import": 0, "export": 0, "id": "IT"}, {"import": 0, "export": 0, "id": "LB"}, {"import": 0, "export": 0, "id": "AE"}, {"import": 0, "export": 0, "id": "EG"}, {"import": 0, "export": 0, "id": "US"}], "world_import": 836214, "world_export": 0}, {"date": "2015-06-01", "list": [{"import": 185000, "export": 0, "id": "TH"}, {"import": 0, "export": 0, "id": "VN"}, {"import": 31096, "export": 0, "id": "RU"}, {"import": 510000, "export": 0, "id": "PK"}, {"import": 0, "export": 0, "id": "IN"}, {"import": 774, "export": 0, "id": "BY"}, {"import": 2500, "export": 0, "id": "CN"}, {"import": 0, "export": 0, "id": "IT"}, {"import": 0, "export": 0, "id": "LB"}, {"import": 0, "export": 0, "id": "AE"}, {"import": 50000, "export": 0, "id": "EG"}, {"import": 0, "export": 0, "id": "US"}], "world_import": 779370, "world_export": 0}, {"date": "2015-07-01", "list": [{"import": 325028, "export": 0, "id": "TH"}, {"import": 100000, "export": 0, "id": "VN"}, {"import": 2560, "export": 0, "id": "RU"}, {"import": 75000, "export": 0, "id": "PK"}, {"import": 0, "export": 0, "id": "IN"}, {"import": 0, "export": 0, "id": "BY"}, {"import": 0, "export": 0, "id": "CN"}, {"import": 0, "export": 0, "id": "IT"}, {"import": 0, "export": 0, "id": "LB"}, {"import": 0, "export": 0, "id": "AE"}, {"import": 0, "export": 0, "id": "EG"}, {"import": 0, "export": 0, "id": "US"}], "world_import": 502588, "world_export": 0}, {"date": "2015-08-01", "list": [{"import": 235000, "export": 0, "id": "TH"}, {"import": 100000, "export": 0, "id": "VN"}, {"import": 9786, "export": 0, "id": "RU"}, {"import": 20048, "export": 0, "id": "PK"}, {"import": 0, "export": 0, "id": "IN"}, {"import": 0, "export": 0, "id": "BY"}, {"import": 0, "export": 0, "id": "CN"}, {"import": 4872, "export": 0, "id": "IT"}, {"import": 0, "export": 0, "id": "LB"}, {"import": 0, "export": 0, "id": "AE"}, {"import": 0, "export": 0, "id": "EG"}, {"import": 0, "export": 0, "id": "US"}], "world_import": 369706, "world_export": 0}, {"date": "2015-09-01", "list": [{"import": 260021, "export": 0, "id": "TH"}, {"import": 0, "export": 0, "id": "VN"}, {"import": 1780, "export": 0, "id": "RU"}, {"import": 52500, "export": 0, "id": "PK"}, {"import": 52000, "export": 0, "id": "IN"}, {"import": 0, "export": 0, "id": "BY"}, {"import": 0, "export": 0, "id": "CN"}, {"import": 0, "export": 0, "id": "IT"}, {"import": 0, "export": 0, "id": "LB"}, {"import": 0, "export": 0, "id": "AE"}, {"import": 0, "export": 0, "id": "EG"}, {"import": 0, "export": 0, "id": "US"}], "world_import": 366301, "world_export": 0}, {"date": "2015-10-01", "list": [{"import": 319000, "export": 0, "id": "TH"}, {"import": 125000, "export": 0, "id": "VN"}, {"import": 106564, "export": 0, "id": "RU"}, {"import": 45000, "export": 0, "id": "PK"}, {"import": 10000, "export": 0, "id": "IN"}, {"import": 0, "export": 0, "id": "BY"}, {"import": 0, "export": 0, "id": "CN"}, {"import": 0, "export": 0, "id": "IT"}, {"import": 0, "export": 0, "id": "LB"}, {"import": 0, "export": 0, "id": "AE"}, {"import": 0, "export": 0, "id": "EG"}, {"import": 0, "export": 0, "id": "US"}], "world_import": 605564, "world_export": 0}, {"date": "2015-11-01", "list": [{"import": 448101, "export": 0, "id": "TH"}, {"import": 0, "export": 0, "id": "VN"}, {"import": 84639, "export": 0, "id": "RU"}, {"import": 53000, "export": 0, "id": "PK"}, {"import": 23350, "export": 0, "id": "IN"}, {"import": 0, "export": 0, "id": "BY"}, {"import": 0, "export": 0, "id": "CN"}, {"import": 0, "export": 0, "id": "IT"}, {"import": 0, "export": 0, "id": "LB"}, {"import": 0, "export": 0, "id": "AE"}, {"import": 0, "export": 0, "id": "EG"}, {"import": 0, "export": 0, "id": "US"}], "world_import": 609090, "world_export": 0}, {"date": "2015-12-01", "list": [{"import": 502062, "export": 0, "id": "TH"}, {"import": 0, "export": 0, "id": "VN"}, {"import": 83808, "export": 0, "id": "RU"}, {"import": 462548, "export": 0, "id": "PK"}, {"import": 0, "export": 0, "id": "IN"}, {"import": 0, "export": 0, "id": "BY"}, {"import": 0, "export": 0, "id": "CN"}, {"import": 0, "export": 0, "id": "IT"}, {"import": 0, "export": 0, "id": "LB"}, {"import": 0, "export": 0, "id": "AE"}, {"import": 152000, "export": 0, "id": "EG"}, {"import": 0, "export": 0, "id": "US"}], "world_import": 1200418, "world_export": 0}, {"date": "2016-01-01", "list": [{"import": 80000, "export": 0, "id": "TH"}, {"import": 0, "export": 0, "id": "VN"}, {"import": 21781, "export": 0, "id": "RU"}, {"import": 508975, "export": 0, "id": "PK"}, {"import": 1976, "export": 0, "id": "IN"}, {"import": 25000, "export": 0, "id": "BY"}, {"import": 0, "export": 0, "id": "CN"}, {"import": 0, "export": 0, "id": "IT"}, {"import": 0, "export": 0, "id": "LB"}, {"import": 0, "export": 0, "id": "AE"}, {"import": 0, "export": 0, "id": "EG"}, {"import": 0, "export": 0, "id": "US"}], "world_import": 637732, "world_export": 0}, {"date": "2016-02-01", "list": [{"import": 833300, "export": 0, "id": "TH"}, {"import": 0, "export": 0, "id": "VN"}, {"import": 58713, "export": 0, "id": "RU"}, {"import": 230000, "export": 0, "id": "PK"}, {"import": 52000, "export": 0, "id": "IN"}, {"import": 0, "export": 0, "id": "BY"}, {"import": 0, "export": 0, "id": "CN"}, {"import": 0, "export": 0, "id": "IT"}, {"import": 0, "export": 0, "id": "LB"}, {"import": 0, "export": 0, "id": "AE"}, {"import": 0, "export": 0, "id": "EG"}, {"import": 10215, "export": 0, "id": "US"}], "world_import": 1184228, "world_export": 0}, {"date": "2016-03-01", "list": [{"import": 743600, "export": 0, "id": "TH"}, {"import": 0, "export": 0, "id": "VN"}, {"import": 40725, "export": 0, "id": "RU"}, {"import": 45000, "export": 0, "id": "PK"}, {"import": 0, "export": 0, "id": "IN"}, {"import": 0, "export": 0, "id": "BY"}, {"import": 0, "export": 0, "id": "CN"}, {"import": 264, "export": 0, "id": "IT"}, {"import": 0, "export": 0, "id": "LB"}, {"import": 0, "export": 0, "id": "AE"}, {"import": 0, "export": 0, "id": "EG"}, {"import": 0, "export": 0, "id": "US"}], "world_import": 829589, "world_export": 0}, {"date": "2016-04-01", "list": [{"import": 172000, "export": 0, "id": "TH"}, {"import": 0, "export": 0, "id": "VN"}, {"import": 2164, "export": 0, "id": "RU"}, {"import": 466000, "export": 0, "id": "PK"}, {"import": 24000, "export": 0, "id": "IN"}, {"import": 0, "export": 0, "id": "BY"}, {"import": 0, "export": 0, "id": "CN"}, {"import": 5600, "export": 0, "id": "IT"}, {"import": 0, "export": 0, "id": "LB"}, {"import": 0, "export": 0, "id": "AE"}, {"import": 0, "export": 0, "id": "EG"}, {"import": 0, "export": 0, "id": "US"}], "world_import": 669764, "world_export": 0}, {"date": "2016-05-01", "list": [{"import": 270000, "export": 0, "id": "TH"}, {"import": 0, "export": 0, "id": "VN"}, {"import": 31011, "export": 0, "id": "RU"}, {"import": 416200, "export": 0, "id": "PK"}, {"import": 3000, "export": 0, "id": "IN"}, {"import": 0, "export": 0, "id": "BY"}, {"import": 0, "export": 0, "id": "CN"}, {"import": 0, "export": 0, "id": "IT"}, {"import": 0, "export": 0, "id": "LB"}, {"import": 0, "export": 0, "id": "AE"}, {"import": 0, "export": 0, "id": "EG"}, {"import": 0, "export": 0, "id": "US"}], "world_import": 720211, "world_export": 0}, {"date": "2016-06-01", "list": [{"import": 160000, "export": 0, "id": "TH"}, {"import": 0, "export": 0, "id": "VN"}, {"import": 22001, "export": 0, "id": "RU"}, {"import": 210000, "export": 0, "id": "PK"}, {"import": 8000, "export": 0, "id": "IN"}, {"import": 9787, "export": 0, "id": "BY"}, {"import": 2400, "export": 0, "id": "CN"}, {"import": 0, "export": 0, "id": "IT"}, {"import": 0, "export": 0, "id": "LB"}, {"import": 0, "export": 0, "id": "AE"}, {"import": 0, "export": 0, "id": "EG"}, {"import": 0, "export": 0, "id": "US"}], "world_import": 412188, "world_export": 0}, {"date": "2016-07-01", "list": [{"import": 100042, "export": 0, "id": "TH"}, {"import": 25000, "export": 0, "id": "VN"}, {"import": 79680, "export": 0, "id": "RU"}, {"import": 0, "export": 0, "id": "PK"}, {"import": 22028, "export": 0, "id": "IN"}, {"import": 0, "export": 0, "id": "BY"}, {"import": 0, "export": 0, "id": "CN"}, {"import": 0, "export": 0, "id": "IT"}, {"import": 1328, "export": 0, "id": "LB"}, {"import": 0, "export": 0, "id": "AE"}, {"import": 0, "export": 0, "id": "EG"}, {"import": 0, "export": 0, "id": "US"}], "world_import": 228078, "world_export": 0}, {"date": "2016-08-01", "list": [{"import": 680000, "export": 0, "id": "TH"}, {"import": 0, "export": 0, "id": "VN"}, {"import": 22346, "export": 0, "id": "RU"}, {"import": 174000, "export": 0, "id": "PK"}, {"import": 102012, "export": 0, "id": "IN"}, {"import": 0, "export": 0, "id": "BY"}, {"import": 0, "export": 0, "id": "CN"}, {"import": 0, "export": 0, "id": "IT"}, {"import": 0, "export": 0, "id": "LB"}, {"import": 0, "export": 0, "id": "AE"}, {"import": 0, "export": 0, "id": "EG"}, {"import": 0, "export": 0, "id": "US"}], "world_import": 978358, "world_export": 0}]