[{"date": "2019-02-01", "list": [{"import": 8396, "export": 0, "id": "US"}], "world_import": 8396, "world_export": 0}, {"date": "2019-03-01", "list": [{"import": 9911, "export": 0, "id": "US"}], "world_import": 9911, "world_export": 0}, {"date": "2019-05-01", "list": [{"import": 771, "export": 0, "id": "US"}], "world_import": 771, "world_export": 0}, {"date": "2019-06-01", "list": [{"import": 6161, "export": 0, "id": "US"}], "world_import": 6161, "world_export": 0}, {"date": "2019-07-01", "list": [{"import": 3357, "export": 0, "id": "US"}], "world_import": 3357, "world_export": 0}, {"date": "2019-08-01", "list": [{"import": 2313, "export": 0, "id": "US"}], "world_import": 2313, "world_export": 0}, {"date": "2019-09-01", "list": [{"import": 1488, "export": 0, "id": "US"}], "world_import": 1488, "world_export": 0}, {"date": "2019-10-01", "list": [{"import": 278, "export": 0, "id": "US"}], "world_import": 278, "world_export": 0}, {"date": "2019-12-01", "list": [{"import": 9575, "export": 0, "id": "US"}], "world_import": 9575, "world_export": 0}, {"date": "2020-01-01", "list": [{"import": 5476, "export": 0, "id": "US"}], "world_import": 5476, "world_export": 0}, {"date": "2020-03-01", "list": [{"import": 9893, "export": 0, "id": "US"}], "world_import": 9893, "world_export": 0}, {"date": "2020-04-01", "list": [{"import": 3746, "export": 0, "id": "US"}], "world_import": 3746, "world_export": 0}, {"date": "2020-06-01", "list": [{"import": 1133, "export": 0, "id": "US"}], "world_import": 1133, "world_export": 0}, {"date": "2019-11-01", "list": [{"import": 0, "export": 120, "id": "DM"}], "world_import": 0, "world_export": 120}]