[{"date": "2019-03-01", "list": [{"import": 2000, "export": 0, "id": "RU"}], "world_import": 2000, "world_export": 0}, {"date": "2019-05-01", "list": [{"import": 1000, "export": 0, "id": "RU"}], "world_import": 1000, "world_export": 0}, {"date": "2019-06-01", "list": [{"import": 2000, "export": 0, "id": "RU"}], "world_import": 2000, "world_export": 0}, {"date": "2019-08-01", "list": [{"import": 2000, "export": 0, "id": "RU"}], "world_import": 2000, "world_export": 0}, {"date": "2020-02-01", "list": [{"import": 3000, "export": 0, "id": "RU"}], "world_import": 3000, "world_export": 0}]