[{"date": "2006-05-01", "list": [{"import": 0, "export": 0, "id": "EG"}, {"import": 54, "export": 0, "id": "IT"}, {"import": 50, "export": 0, "id": "TH"}, {"import": 0, "export": 0, "id": "TR"}, {"import": 0, "export": 0, "id": "CN"}, {"import": 21, "export": 0, "id": "GR"}, {"import": 1035, "export": 0, "id": "US"}, {"import": 0, "export": 0, "id": "-"}, {"import": 0, "export": 0, "id": "RS"}], "world_import": 1160, "world_export": 0}, {"date": "2006-06-01", "list": [{"import": 1450, "export": 0, "id": "EG"}, {"import": 77, "export": 0, "id": "IT"}, {"import": 0, "export": 0, "id": "TH"}, {"import": 0, "export": 0, "id": "TR"}, {"import": 0, "export": 0, "id": "CN"}, {"import": 14, "export": 0, "id": "GR"}, {"import": 0, "export": 0, "id": "US"}, {"import": 0, "export": 0, "id": "-"}, {"import": 0, "export": 0, "id": "RS"}], "world_import": 1541, "world_export": 0}, {"date": "2006-07-01", "list": [{"import": 0, "export": 0, "id": "EG"}, {"import": 11, "export": 0, "id": "IT"}, {"import": 0, "export": 0, "id": "TH"}, {"import": 0, "export": 0, "id": "TR"}, {"import": 0, "export": 0, "id": "CN"}, {"import": 0, "export": 0, "id": "GR"}, {"import": 0, "export": 0, "id": "US"}, {"import": 0, "export": 0, "id": "-"}, {"import": 0, "export": 0, "id": "RS"}], "world_import": 11, "world_export": 0}, {"date": "2006-08-01", "list": [{"import": 1200, "export": 0, "id": "EG"}, {"import": 9, "export": 0, "id": "IT"}, {"import": 0, "export": 0, "id": "TH"}, {"import": 0, "export": 0, "id": "TR"}, {"import": 3000, "export": 0, "id": "CN"}, {"import": 0, "export": 0, "id": "GR"}, {"import": 0, "export": 0, "id": "US"}, {"import": 0, "export": 0, "id": "-"}, {"import": 0, "export": 0, "id": "RS"}], "world_import": 4209, "world_export": 0}, {"date": "2006-09-01", "list": [{"import": 0, "export": 0, "id": "EG"}, {"import": 34, "export": 0, "id": "IT"}, {"import": 0, "export": 0, "id": "TH"}, {"import": 0, "export": 0, "id": "TR"}, {"import": 0, "export": 0, "id": "CN"}, {"import": 36, "export": 0, "id": "GR"}, {"import": 0, "export": 0, "id": "US"}, {"import": 0, "export": 0, "id": "-"}, {"import": 0, "export": 0, "id": "RS"}], "world_import": 70, "world_export": 0}, {"date": "2006-10-01", "list": [{"import": 2465, "export": 0, "id": "EG"}, {"import": 6, "export": 0, "id": "IT"}, {"import": 0, "export": 0, "id": "TH"}, {"import": 0, "export": 0, "id": "TR"}, {"import": 0, "export": 0, "id": "CN"}, {"import": 0, "export": 0, "id": "GR"}, {"import": 0, "export": 0, "id": "US"}, {"import": 0, "export": 0, "id": "-"}, {"import": 0, "export": 0, "id": "RS"}], "world_import": 2471, "world_export": 0}, {"date": "2006-11-01", "list": [{"import": 22, "export": 0, "id": "EG"}, {"import": 67, "export": 0, "id": "IT"}, {"import": 0, "export": 0, "id": "TH"}, {"import": 0, "export": 0, "id": "TR"}, {"import": 50, "export": 0, "id": "CN"}, {"import": 58, "export": 0, "id": "GR"}, {"import": 0, "export": 0, "id": "US"}, {"import": 1, "export": 0, "id": "-"}, {"import": 0, "export": 0, "id": "RS"}], "world_import": 198, "world_export": 0}, {"date": "2006-12-01", "list": [{"import": 3100, "export": 0, "id": "EG"}, {"import": 32, "export": 0, "id": "IT"}, {"import": 0, "export": 0, "id": "TH"}, {"import": 0, "export": 0, "id": "TR"}, {"import": 0, "export": 0, "id": "CN"}, {"import": 63, "export": 0, "id": "GR"}, {"import": 0, "export": 0, "id": "US"}, {"import": 0, "export": 20, "id": "-"}, {"import": 0, "export": 0, "id": "RS"}], "world_import": 3195, "world_export": 20}, {"date": "2007-01-01", "list": [{"import": 3437000, "export": 0, "id": "EG"}, {"import": 31672, "export": 0, "id": "IT"}, {"import": 0, "export": 0, "id": "TH"}, {"import": 1620, "export": 0, "id": "TR"}, {"import": 0, "export": 0, "id": "CN"}, {"import": 41506, "export": 0, "id": "GR"}, {"import": 0, "export": 0, "id": "US"}, {"import": 0, "export": 0, "id": "-"}, {"import": 0, "export": 0, "id": "RS"}], "world_import": 3511798, "world_export": 0}, {"date": "2007-02-01", "list": [{"import": 0, "export": 0, "id": "EG"}, {"import": 28737, "export": 0, "id": "IT"}, {"import": 0, "export": 0, "id": "TH"}, {"import": 0, "export": 0, "id": "TR"}, {"import": 0, "export": 0, "id": "CN"}, {"import": 23040, "export": 0, "id": "GR"}, {"import": 0, "export": 0, "id": "US"}, {"import": 0, "export": 0, "id": "-"}, {"import": 0, "export": 0, "id": "RS"}], "world_import": 51777, "world_export": 0}, {"date": "2007-03-01", "list": [{"import": 0, "export": 0, "id": "EG"}, {"import": 31893, "export": 0, "id": "IT"}, {"import": 0, "export": 0, "id": "TH"}, {"import": 0, "export": 0, "id": "TR"}, {"import": 0, "export": 0, "id": "CN"}, {"import": 24000, "export": 0, "id": "GR"}, {"import": 0, "export": 0, "id": "US"}, {"import": 0, "export": 0, "id": "-"}, {"import": 0, "export": 0, "id": "RS"}], "world_import": 55893, "world_export": 0}, {"date": "2007-04-01", "list": [{"import": 4000000, "export": 0, "id": "EG"}, {"import": 54381, "export": 0, "id": "IT"}, {"import": 0, "export": 0, "id": "TH"}, {"import": 0, "export": 0, "id": "TR"}, {"import": 0, "export": 0, "id": "CN"}, {"import": 0, "export": 0, "id": "GR"}, {"import": 0, "export": 0, "id": "US"}, {"import": 0, "export": 0, "id": "-"}, {"import": 0, "export": 0, "id": "RS"}], "world_import": 4054381, "world_export": 0}, {"date": "2007-05-01", "list": [{"import": 400000, "export": 0, "id": "EG"}, {"import": 9615, "export": 0, "id": "IT"}, {"import": 0, "export": 0, "id": "TH"}, {"import": 0, "export": 0, "id": "TR"}, {"import": 0, "export": 0, "id": "CN"}, {"import": 22995, "export": 0, "id": "GR"}, {"import": 295006, "export": 0, "id": "US"}, {"import": 0, "export": 0, "id": "-"}, {"import": 0, "export": 0, "id": "RS"}], "world_import": 727616, "world_export": 0}, {"date": "2007-06-01", "list": [{"import": 300000, "export": 0, "id": "EG"}, {"import": 45507, "export": 0, "id": "IT"}, {"import": 0, "export": 0, "id": "TH"}, {"import": 0, "export": 0, "id": "TR"}, {"import": 0, "export": 0, "id": "CN"}, {"import": 24000, "export": 0, "id": "GR"}, {"import": 0, "export": 0, "id": "US"}, {"import": 0, "export": 0, "id": "-"}, {"import": 0, "export": 0, "id": "RS"}], "world_import": 369507, "world_export": 0}, {"date": "2007-07-01", "list": [{"import": 500000, "export": 0, "id": "EG"}, {"import": 38767, "export": 0, "id": "IT"}, {"import": 0, "export": 0, "id": "TH"}, {"import": 0, "export": 0, "id": "TR"}, {"import": 0, "export": 0, "id": "CN"}, {"import": 0, "export": 0, "id": "GR"}, {"import": 0, "export": 0, "id": "US"}, {"import": 0, "export": 0, "id": "-"}, {"import": 0, "export": 0, "id": "RS"}], "world_import": 538767, "world_export": 0}, {"date": "2007-08-01", "list": [{"import": 250000, "export": 0, "id": "EG"}, {"import": 1446, "export": 0, "id": "IT"}, {"import": 0, "export": 0, "id": "TH"}, {"import": 0, "export": 0, "id": "TR"}, {"import": 0, "export": 0, "id": "CN"}, {"import": 9975, "export": 0, "id": "GR"}, {"import": 0, "export": 0, "id": "US"}, {"import": 0, "export": 0, "id": "-"}, {"import": 0, "export": 0, "id": "RS"}], "world_import": 261421, "world_export": 0}, {"date": "2007-09-01", "list": [{"import": 0, "export": 0, "id": "EG"}, {"import": 78381, "export": 0, "id": "IT"}, {"import": 0, "export": 0, "id": "TH"}, {"import": 0, "export": 0, "id": "TR"}, {"import": 0, "export": 0, "id": "CN"}, {"import": 25480, "export": 0, "id": "GR"}, {"import": 0, "export": 0, "id": "US"}, {"import": 0, "export": 0, "id": "-"}, {"import": 0, "export": 68496, "id": "RS"}], "world_import": 103861, "world_export": 68496}, {"date": "2007-10-01", "list": [{"import": 2400000, "export": 0, "id": "EG"}, {"import": 11900, "export": 0, "id": "IT"}, {"import": 0, "export": 0, "id": "TH"}, {"import": 2880, "export": 0, "id": "TR"}, {"import": 0, "export": 0, "id": "CN"}, {"import": 10015, "export": 0, "id": "GR"}, {"import": 0, "export": 0, "id": "US"}, {"import": 0, "export": 0, "id": "-"}, {"import": 0, "export": 0, "id": "RS"}], "world_import": 2424795, "world_export": 0}]