[{"date": "2019-01-01", "list": [{"import": 194200, "export": 0, "id": "CN"}, {"import": 0, "export": 2, "id": "DE"}, {"import": 0, "export": 9020, "id": "NL"}], "world_import": 194200, "world_export": 9022}, {"date": "2019-03-01", "list": [{"import": 3500, "export": 0, "id": "CN"}, {"import": 0, "export": 25100, "id": "AU"}, {"import": 0, "export": 2, "id": "DE"}, {"import": 0, "export": 32918, "id": "IN"}], "world_import": 3500, "world_export": 58020}, {"date": "2019-04-01", "list": [{"import": 67500, "export": 0, "id": "CN"}], "world_import": 67500, "world_export": 0}, {"date": "2019-05-01", "list": [{"import": 58170, "export": 0, "id": "CN"}], "world_import": 58170, "world_export": 0}, {"date": "2019-06-01", "list": [{"import": 800, "export": 0, "id": "CN"}, {"import": 0, "export": 1, "id": "DE"}], "world_import": 800, "world_export": 1}, {"date": "2019-10-01", "list": [{"import": 791040, "export": 0, "id": "CN"}, {"import": 18640, "export": 0, "id": "IN"}, {"import": 0, "export": 2, "id": "DE"}], "world_import": 809680, "world_export": 2}, {"date": "2019-11-01", "list": [{"import": 1840475, "export": 0, "id": "CN"}, {"import": 0, "export": 0, "id": "JP"}, {"import": 16650, "export": 0, "id": "IN"}, {"import": 0, "export": 25000, "id": "AU"}, {"import": 0, "export": 12038, "id": "NG"}], "world_import": 1857125, "world_export": 37038}, {"date": "2020-01-01", "list": [{"import": 769450, "export": 0, "id": "CN"}, {"import": 100020, "export": 0, "id": "IN"}, {"import": 0, "export": 50000, "id": "AU"}, {"import": 0, "export": 1125, "id": "BH"}, {"import": 0, "export": 210000, "id": "KH"}, {"import": 0, "export": 0, "id": "DE"}], "world_import": 869470, "world_export": 261125}, {"date": "2020-04-01", "list": [{"import": 12750, "export": 0, "id": "CN"}, {"import": 0, "export": 25000, "id": "AU"}, {"import": 0, "export": 3000, "id": "BH"}, {"import": 0, "export": 52, "id": "IS"}], "world_import": 12750, "world_export": 28052}, {"date": "2020-05-01", "list": [{"import": 15000, "export": 0, "id": "CN"}, {"import": 0, "export": 25000, "id": "AU"}, {"import": 0, "export": 1, "id": "DE"}], "world_import": 15000, "world_export": 25001}, {"date": "2020-06-01", "list": [{"import": 38000, "export": 0, "id": "CN"}], "world_import": 38000, "world_export": 0}, {"date": "2020-07-01", "list": [{"import": 21072, "export": 0, "id": "CN"}, {"import": 0, "export": 0, "id": "JP"}, {"import": 0, "export": 1, "id": "DE"}], "world_import": 21072, "world_export": 1}, {"date": "2019-02-01", "list": [{"import": 70000, "export": 0, "id": "IN"}], "world_import": 70000, "world_export": 0}, {"date": "2019-08-01", "list": [{"import": 0, "export": 25000, "id": "AU"}, {"import": 0, "export": 25000, "id": "GE"}, {"import": 0, "export": 2, "id": "DE"}], "world_import": 0, "world_export": 50002}, {"date": "Unnamed: 22-01", "list": [{"import": 0, "export": 50000, "id": "AU"}, {"import": 0, "export": 2000, "id": "BH"}, {"import": 0, "export": 25000, "id": "BA"}, {"import": 0, "export": 4, "id": "DE"}, {"import": 0, "export": 1500, "id": "NZ"}, {"import": 0, "export": 2000, "id": "TR"}], "world_import": 0, "world_export": 80504}, {"date": "Unnamed: 24-01", "list": [{"import": 0, "export": 50000, "id": "AU"}, {"import": 0, "export": 1500, "id": "BH"}, {"import": 0, "export": 10000, "id": "TR"}], "world_import": 0, "world_export": 61500}, {"date": "2019-12-01", "list": [{"import": 0, "export": 100000, "id": "KH"}], "world_import": 0, "world_export": 100000}, {"date": "2020-03-01", "list": [{"import": 0, "export": 183600, "id": "KH"}, {"import": 0, "export": 2, "id": "DM"}], "world_import": 0, "world_export": 183602}, {"date": "2019-07-01", "list": [{"import": 0, "export": 260000, "id": "PH"}, {"import": 0, "export": 1605, "id": "PL"}], "world_import": 0, "world_export": 261605}]