[{"date": "2018-08-01", "list": [{"import": 0, "export": 0, "id": "IN"}, {"import": 0, "export": 0, "id": "VN"}, {"import": 0, "export": 0, "id": "BJ"}, {"import": 0, "export": 0, "id": "DE"}, {"import": 0, "export": 0, "id": "-"}, {"import": 0, "export": 0, "id": "PK"}, {"import": 0, "export": 0, "id": "SG"}, {"import": 0, "export": 0, "id": "BR"}, {"import": 24000, "export": 0, "id": "TH"}], "world_import": 24000, "world_export": 0}, {"date": "2018-09-01", "list": [{"import": 0, "export": 0, "id": "IN"}, {"import": 0, "export": 0, "id": "VN"}, {"import": 0, "export": 0, "id": "BJ"}, {"import": 0, "export": 0, "id": "DE"}, {"import": 178135, "export": 0, "id": "-"}, {"import": 0, "export": 0, "id": "PK"}, {"import": 0, "export": 0, "id": "SG"}, {"import": 0, "export": 0, "id": "BR"}, {"import": 25000, "export": 0, "id": "TH"}], "world_import": 203135, "world_export": 0}, {"date": "2018-10-01", "list": [{"import": 0, "export": 0, "id": "IN"}, {"import": 0, "export": 0, "id": "VN"}, {"import": 0, "export": 0, "id": "BJ"}, {"import": 0, "export": 0, "id": "DE"}, {"import": 0, "export": 0, "id": "-"}, {"import": 0, "export": 0, "id": "PK"}, {"import": 0, "export": 0, "id": "SG"}, {"import": 0, "export": 0, "id": "BR"}, {"import": 0, "export": 0, "id": "TH"}], "world_import": 0, "world_export": 0}, {"date": "2018-11-01", "list": [{"import": 159000, "export": 0, "id": "IN"}, {"import": 0, "export": 0, "id": "VN"}, {"import": 0, "export": 0, "id": "BJ"}, {"import": 0, "export": 0, "id": "DE"}, {"import": 0, "export": 0, "id": "-"}, {"import": 0, "export": 0, "id": "PK"}, {"import": 0, "export": 0, "id": "SG"}, {"import": 0, "export": 0, "id": "BR"}, {"import": 72000, "export": 0, "id": "TH"}], "world_import": 231000, "world_export": 0}, {"date": "2018-12-01", "list": [{"import": 21800, "export": 0, "id": "IN"}, {"import": 260000, "export": 0, "id": "VN"}, {"import": 0, "export": 0, "id": "BJ"}, {"import": 0, "export": 0, "id": "DE"}, {"import": 138000, "export": 0, "id": "-"}, {"import": 284622, "export": 0, "id": "PK"}, {"import": 0, "export": 0, "id": "SG"}, {"import": 0, "export": 0, "id": "BR"}, {"import": 775000, "export": 0, "id": "TH"}], "world_import": 1479422, "world_export": 0}, {"date": "2019-01-01", "list": [{"import": 0, "export": 0, "id": "IN"}, {"import": 23125, "export": 0, "id": "VN"}, {"import": 0, "export": 0, "id": "BJ"}, {"import": 0, "export": 0, "id": "DE"}, {"import": 135000, "export": 0, "id": "-"}, {"import": 0, "export": 0, "id": "PK"}, {"import": 0, "export": 0, "id": "SG"}, {"import": 0, "export": 0, "id": "BR"}, {"import": 0, "export": 0, "id": "TH"}], "world_import": 158125, "world_export": 0}, {"date": "2019-02-01", "list": [{"import": 0, "export": 0, "id": "IN"}, {"import": 0, "export": 0, "id": "VN"}, {"import": 0, "export": 0, "id": "BJ"}, {"import": 0, "export": 0, "id": "DE"}, {"import": 47500, "export": 0, "id": "-"}, {"import": 270000, "export": 0, "id": "PK"}, {"import": 0, "export": 0, "id": "SG"}, {"import": 0, "export": 0, "id": "BR"}, {"import": 0, "export": 0, "id": "TH"}], "world_import": 317500, "world_export": 0}, {"date": "2019-03-01", "list": [{"import": 151402, "export": 0, "id": "IN"}, {"import": 0, "export": 0, "id": "VN"}, {"import": 0, "export": 0, "id": "BJ"}, {"import": 0, "export": 0, "id": "DE"}, {"import": 0, "export": 0, "id": "-"}, {"import": 0, "export": 0, "id": "PK"}, {"import": 0, "export": 0, "id": "SG"}, {"import": 0, "export": 0, "id": "BR"}, {"import": 48000, "export": 0, "id": "TH"}], "world_import": 199402, "world_export": 0}, {"date": "2019-04-01", "list": [{"import": 0, "export": 0, "id": "IN"}, {"import": 2158171, "export": 0, "id": "VN"}, {"import": 0, "export": 0, "id": "BJ"}, {"import": 0, "export": 0, "id": "DE"}, {"import": 0, "export": 0, "id": "-"}, {"import": 0, "export": 0, "id": "PK"}, {"import": 0, "export": 0, "id": "SG"}, {"import": 24960, "export": 0, "id": "BR"}, {"import": 146896, "export": 0, "id": "TH"}], "world_import": 2330027, "world_export": 0}, {"date": "2019-05-01", "list": [{"import": 0, "export": 0, "id": "IN"}, {"import": 1399385, "export": 0, "id": "VN"}, {"import": 0, "export": 0, "id": "BJ"}, {"import": 0, "export": 0, "id": "DE"}, {"import": 43900, "export": 0, "id": "-"}, {"import": 0, "export": 0, "id": "PK"}, {"import": 0, "export": 0, "id": "SG"}, {"import": 0, "export": 0, "id": "BR"}, {"import": 0, "export": 0, "id": "TH"}], "world_import": 1443285, "world_export": 0}, {"date": "2019-06-01", "list": [{"import": 281566, "export": 0, "id": "IN"}, {"import": 1788500, "export": 0, "id": "VN"}, {"import": 0, "export": 0, "id": "BJ"}, {"import": 1000, "export": 0, "id": "DE"}, {"import": 0, "export": 0, "id": "-"}, {"import": 0, "export": 0, "id": "PK"}, {"import": 0, "export": 0, "id": "SG"}, {"import": 0, "export": 0, "id": "BR"}, {"import": 48000, "export": 0, "id": "TH"}], "world_import": 2119066, "world_export": 0}, {"date": "2019-07-01", "list": [{"import": 130000, "export": 0, "id": "IN"}, {"import": 674300, "export": 0, "id": "VN"}, {"import": 0, "export": 0, "id": "BJ"}, {"import": 0, "export": 0, "id": "DE"}, {"import": 0, "export": 0, "id": "-"}, {"import": 0, "export": 0, "id": "PK"}, {"import": 0, "export": 0, "id": "SG"}, {"import": 0, "export": 0, "id": "BR"}, {"import": 23896, "export": 0, "id": "TH"}], "world_import": 828196, "world_export": 0}, {"date": "2019-08-01", "list": [{"import": 390000, "export": 0, "id": "IN"}, {"import": 0, "export": 0, "id": "VN"}, {"import": 0, "export": 0, "id": "BJ"}, {"import": 0, "export": 0, "id": "DE"}, {"import": 0, "export": 0, "id": "-"}, {"import": 1330000, "export": 0, "id": "PK"}, {"import": 0, "export": 0, "id": "SG"}, {"import": 0, "export": 0, "id": "BR"}, {"import": 0, "export": 0, "id": "TH"}], "world_import": 1720000, "world_export": 0}, {"date": "2019-09-01", "list": [{"import": 753706, "export": 0, "id": "IN"}, {"import": 169000, "export": 0, "id": "VN"}, {"import": 0, "export": 0, "id": "BJ"}, {"import": 0, "export": 0, "id": "DE"}, {"import": 0, "export": 0, "id": "-"}, {"import": 0, "export": 0, "id": "PK"}, {"import": 0, "export": 0, "id": "SG"}, {"import": 0, "export": 0, "id": "BR"}, {"import": 0, "export": 0, "id": "TH"}], "world_import": 922706, "world_export": 0}, {"date": "2019-10-01", "list": [{"import": 785000, "export": 0, "id": "IN"}, {"import": 202000, "export": 0, "id": "VN"}, {"import": 0, "export": 0, "id": "BJ"}, {"import": 0, "export": 0, "id": "DE"}, {"import": 0, "export": 0, "id": "-"}, {"import": 0, "export": 0, "id": "PK"}, {"import": 0, "export": 0, "id": "SG"}, {"import": 0, "export": 0, "id": "BR"}, {"import": 52000, "export": 270000, "id": "TH"}], "world_import": 1039000, "world_export": 270000}, {"date": "2019-11-01", "list": [{"import": 128012, "export": 0, "id": "IN"}, {"import": 423000, "export": 0, "id": "VN"}, {"import": 0, "export": 0, "id": "BJ"}, {"import": 0, "export": 0, "id": "DE"}, {"import": 0, "export": 0, "id": "-"}, {"import": 135000, "export": 0, "id": "PK"}, {"import": 0, "export": 0, "id": "SG"}, {"import": 0, "export": 0, "id": "BR"}, {"import": 0, "export": 0, "id": "TH"}], "world_import": 686012, "world_export": 0}, {"date": "2019-12-01", "list": [{"import": 255466, "export": 0, "id": "IN"}, {"import": 196878, "export": 0, "id": "VN"}, {"import": 0, "export": 0, "id": "BJ"}, {"import": 0, "export": 0, "id": "DE"}, {"import": 0, "export": 0, "id": "-"}, {"import": 0, "export": 0, "id": "PK"}, {"import": 260000, "export": 0, "id": "SG"}, {"import": 0, "export": 0, "id": "BR"}, {"import": 24892, "export": 0, "id": "TH"}], "world_import": 737236, "world_export": 0}, {"date": "2020-01-01", "list": [{"import": 515154, "export": 0, "id": "IN"}, {"import": 313800, "export": 0, "id": "VN"}, {"import": 0, "export": 0, "id": "BJ"}, {"import": 0, "export": 0, "id": "DE"}, {"import": 0, "export": 0, "id": "-"}, {"import": 0, "export": 0, "id": "PK"}, {"import": 0, "export": 0, "id": "SG"}, {"import": 0, "export": 0, "id": "BR"}, {"import": 0, "export": 0, "id": "TH"}], "world_import": 828954, "world_export": 0}]