[{"date": "2018-12-01", "list": [{"import": 0, "export": 0, "id": "IT"}, {"import": 0, "export": 0, "id": "JP"}, {"import": 0, "export": 0, "id": "MZ"}, {"import": 0, "export": 0, "id": "IN"}, {"import": 21150, "export": 0, "id": "TH"}, {"import": 0, "export": 0, "id": "US"}], "world_import": 21150, "world_export": 0}, {"date": "2019-01-01", "list": [{"import": 0, "export": 0, "id": "IT"}, {"import": 0, "export": 0, "id": "JP"}, {"import": 0, "export": 0, "id": "MZ"}, {"import": 0, "export": 0, "id": "IN"}, {"import": 0, "export": 0, "id": "TH"}, {"import": 0, "export": 0, "id": "US"}], "world_import": 0, "world_export": 0}, {"date": "2019-02-01", "list": [{"import": 0, "export": 0, "id": "IT"}, {"import": 0, "export": 0, "id": "JP"}, {"import": 0, "export": 0, "id": "MZ"}, {"import": 3000, "export": 0, "id": "IN"}, {"import": 0, "export": 0, "id": "TH"}, {"import": 1, "export": 0, "id": "US"}], "world_import": 3001, "world_export": 0}, {"date": "2019-03-01", "list": [{"import": 0, "export": 0, "id": "IT"}, {"import": 0, "export": 0, "id": "JP"}, {"import": 0, "export": 0, "id": "MZ"}, {"import": 0, "export": 0, "id": "IN"}, {"import": 50900, "export": 0, "id": "TH"}, {"import": 2, "export": 0, "id": "US"}], "world_import": 50902, "world_export": 0}, {"date": "2019-04-01", "list": [{"import": 0, "export": 0, "id": "IT"}, {"import": 0, "export": 0, "id": "JP"}, {"import": 0, "export": 0, "id": "MZ"}, {"import": 0, "export": 0, "id": "IN"}, {"import": 0, "export": 0, "id": "TH"}, {"import": 0, "export": 0, "id": "US"}], "world_import": 0, "world_export": 0}, {"date": "2019-05-01", "list": [{"import": 0, "export": 0, "id": "IT"}, {"import": 0, "export": 0, "id": "JP"}, {"import": 0, "export": 0, "id": "MZ"}, {"import": 0, "export": 0, "id": "IN"}, {"import": 0, "export": 0, "id": "TH"}, {"import": 0, "export": 0, "id": "US"}], "world_import": 0, "world_export": 0}, {"date": "2019-06-01", "list": [{"import": 0, "export": 0, "id": "IT"}, {"import": 0, "export": 0, "id": "JP"}, {"import": 0, "export": 0, "id": "MZ"}, {"import": 0, "export": 0, "id": "IN"}, {"import": 0, "export": 0, "id": "TH"}, {"import": 2, "export": 0, "id": "US"}], "world_import": 2, "world_export": 0}, {"date": "2019-07-01", "list": [{"import": 0, "export": 0, "id": "IT"}, {"import": 0, "export": 0, "id": "JP"}, {"import": 0, "export": 0, "id": "MZ"}, {"import": 0, "export": 0, "id": "IN"}, {"import": 0, "export": 0, "id": "TH"}, {"import": 0, "export": 0, "id": "US"}], "world_import": 0, "world_export": 0}, {"date": "2019-08-01", "list": [{"import": 0, "export": 0, "id": "IT"}, {"import": 0, "export": 0, "id": "JP"}, {"import": 0, "export": 0, "id": "MZ"}, {"import": 0, "export": 0, "id": "IN"}, {"import": 0, "export": 0, "id": "TH"}, {"import": 0, "export": 0, "id": "US"}], "world_import": 0, "world_export": 0}, {"date": "2019-09-01", "list": [{"import": 0, "export": 0, "id": "IT"}, {"import": 0, "export": 0, "id": "JP"}, {"import": 0, "export": 0, "id": "MZ"}, {"import": 0, "export": 0, "id": "IN"}, {"import": 0, "export": 0, "id": "TH"}, {"import": 2, "export": 0, "id": "US"}], "world_import": 2, "world_export": 0}, {"date": "2019-10-01", "list": [{"import": 0, "export": 0, "id": "IT"}, {"import": 0, "export": 0, "id": "JP"}, {"import": 0, "export": 0, "id": "MZ"}, {"import": 0, "export": 0, "id": "IN"}, {"import": 0, "export": 0, "id": "TH"}, {"import": 10, "export": 0, "id": "US"}], "world_import": 10, "world_export": 0}, {"date": "2019-11-01", "list": [{"import": 0, "export": 0, "id": "IT"}, {"import": 0, "export": 0, "id": "JP"}, {"import": 0, "export": 0, "id": "MZ"}, {"import": 0, "export": 0, "id": "IN"}, {"import": 0, "export": 0, "id": "TH"}, {"import": 6, "export": 0, "id": "US"}], "world_import": 6, "world_export": 0}, {"date": "2019-12-01", "list": [{"import": 0, "export": 0, "id": "IT"}, {"import": 0, "export": 0, "id": "JP"}, {"import": 1, "export": 0, "id": "MZ"}, {"import": 0, "export": 0, "id": "IN"}, {"import": 0, "export": 0, "id": "TH"}, {"import": 0, "export": 0, "id": "US"}], "world_import": 1, "world_export": 0}, {"date": "2020-01-01", "list": [{"import": 0, "export": 0, "id": "IT"}, {"import": 0, "export": 0, "id": "JP"}, {"import": 0, "export": 0, "id": "MZ"}, {"import": 0, "export": 0, "id": "IN"}, {"import": 13708, "export": 0, "id": "TH"}, {"import": 0, "export": 0, "id": "US"}], "world_import": 13708, "world_export": 0}, {"date": "2020-02-01", "list": [{"import": 0, "export": 0, "id": "IT"}, {"import": 0, "export": 0, "id": "JP"}, {"import": 1, "export": 0, "id": "MZ"}, {"import": 0, "export": 0, "id": "IN"}, {"import": 0, "export": 0, "id": "TH"}, {"import": 0, "export": 0, "id": "US"}], "world_import": 1, "world_export": 0}, {"date": "2020-03-01", "list": [{"import": 0, "export": 0, "id": "IT"}, {"import": 0, "export": 0, "id": "JP"}, {"import": 0, "export": 0, "id": "MZ"}, {"import": 0, "export": 0, "id": "IN"}, {"import": 0, "export": 0, "id": "TH"}, {"import": 0, "export": 0, "id": "US"}], "world_import": 0, "world_export": 0}, {"date": "2020-04-01", "list": [{"import": 0, "export": 0, "id": "IT"}, {"import": 0, "export": 0, "id": "JP"}, {"import": 0, "export": 0, "id": "MZ"}, {"import": 0, "export": 0, "id": "IN"}, {"import": 0, "export": 0, "id": "TH"}, {"import": 0, "export": 0, "id": "US"}], "world_import": 0, "world_export": 0}, {"date": "2020-05-01", "list": [{"import": 0, "export": 0, "id": "IT"}, {"import": 0, "export": 0, "id": "JP"}, {"import": 0, "export": 0, "id": "MZ"}, {"import": 0, "export": 0, "id": "IN"}, {"import": 17058, "export": 0, "id": "TH"}, {"import": 0, "export": 0, "id": "US"}], "world_import": 17058, "world_export": 0}, {"date": "123-01", "list": [{"import": 0, "export": 1, "id": "-"}], "world_import": 0, "world_export": 127}, {"date": "1-01", "list": [{"import": 0, "export": 2, "id": "-"}], "world_import": 0, "world_export": 9}, {"date": "2-01", "list": [{"import": 0, "export": 3, "id": "-"}, {"import": 0, "export": 676837, "id": "US"}, {"import": 0, "export": 2053214, "id": "NL"}, {"import": 0, "export": 400690, "id": "ZA"}, {"import": 0, "export": 728500, "id": "GB"}, {"import": 0, "export": 532000, "id": "IT"}, {"import": 0, "export": 1269072, "id": "BE"}, {"import": 0, "export": 617195, "id": "SG"}, {"import": 0, "export": 65843, "id": "AU"}, {"import": 0, "export": 257998, "id": "FR"}, {"import": 0, "export": 36633, "id": "CA"}, {"import": 0, "export": 26000, "id": "MZ"}, {"import": 0, "export": 103600, "id": "RU"}, {"import": 0, "export": 0, "id": "MY"}, {"import": 0, "export": 56164, "id": "NZ"}, {"import": 0, "export": 0, "id": "BR"}, {"import": 0, "export": 50000, "id": "BG"}, {"import": 0, "export": 40500, "id": "ES"}, {"import": 0, "export": 37126, "id": "CN"}, {"import": 0, "export": 23000, "id": "IL"}, {"import": 0, "export": 20000, "id": "PG"}, {"import": 0, "export": 12950, "id": "NO"}, {"import": 0, "export": 0, "id": "IE"}], "world_import": 0, "world_export": 7157870}, {"date": "3-01", "list": [{"import": 0, "export": 856214, "id": "US"}, {"import": 0, "export": 1576724, "id": "NL"}, {"import": 0, "export": 475650, "id": "ZA"}, {"import": 0, "export": 5550040, "id": "GB"}, {"import": 0, "export": 270400, "id": "IT"}, {"import": 0, "export": 1000437, "id": "BE"}, {"import": 0, "export": 469684, "id": "SG"}, {"import": 0, "export": 3, "id": "-"}, {"import": 0, "export": 242368, "id": "AU"}, {"import": 0, "export": 814262, "id": "FR"}, {"import": 0, "export": 110022, "id": "CA"}, {"import": 0, "export": 0, "id": "MZ"}, {"import": 0, "export": 125000, "id": "RU"}, {"import": 0, "export": 86000, "id": "MY"}, {"import": 0, "export": 40800, "id": "NZ"}, {"import": 0, "export": 0, "id": "BR"}, {"import": 0, "export": 25000, "id": "BG"}, {"import": 0, "export": 7950, "id": "ES"}, {"import": 0, "export": 1000, "id": "CN"}, {"import": 0, "export": 70000, "id": "IL"}, {"import": 0, "export": 21000, "id": "PG"}, {"import": 0, "export": 3550, "id": "NO"}, {"import": 0, "export": 0, "id": "IE"}], "world_import": 0, "world_export": 11974987}, {"date": "Unnamed: 4-01", "list": [{"import": 0, "export": 598579, "id": "US"}, {"import": 0, "export": 862520, "id": "NL"}, {"import": 0, "export": 200810, "id": "ZA"}, {"import": 0, "export": 3526944, "id": "GB"}, {"import": 0, "export": 652718, "id": "IT"}, {"import": 0, "export": 1797216, "id": "BE"}, {"import": 0, "export": 471415, "id": "SG"}, {"import": 0, "export": 3182, "id": "-"}, {"import": 0, "export": 190558, "id": "AU"}, {"import": 0, "export": 734100, "id": "FR"}, {"import": 0, "export": 154227, "id": "CA"}, {"import": 0, "export": 0, "id": "MZ"}, {"import": 0, "export": 77400, "id": "RU"}, {"import": 0, "export": 94750, "id": "MY"}, {"import": 0, "export": 18880, "id": "NZ"}, {"import": 0, "export": 0, "id": "BR"}, {"import": 0, "export": 0, "id": "BG"}, {"import": 0, "export": 100005, "id": "ES"}, {"import": 0, "export": 19000, "id": "CN"}, {"import": 0, "export": 76000, "id": "IL"}, {"import": 0, "export": 24000, "id": "PG"}, {"import": 0, "export": 1800, "id": "NO"}, {"import": 0, "export": 4500, "id": "IE"}], "world_import": 0, "world_export": 9820503}, {"date": "Unnamed: 5-01", "list": [{"import": 0, "export": 773595, "id": "US"}, {"import": 0, "export": 856824, "id": "NL"}, {"import": 0, "export": 252375, "id": "ZA"}, {"import": 0, "export": 2963848, "id": "GB"}, {"import": 0, "export": 421000, "id": "IT"}, {"import": 0, "export": 2821100, "id": "BE"}, {"import": 0, "export": 367649, "id": "SG"}, {"import": 0, "export": 2727, "id": "-"}, {"import": 0, "export": 74118, "id": "AU"}, {"import": 0, "export": 186079, "id": "FR"}, {"import": 0, "export": 157809, "id": "CA"}, {"import": 0, "export": 0, "id": "MZ"}, {"import": 0, "export": 151900, "id": "RU"}, {"import": 0, "export": 23000, "id": "MY"}, {"import": 0, "export": 5600, "id": "NZ"}, {"import": 0, "export": 0, "id": "BR"}, {"import": 0, "export": 0, "id": "BG"}, {"import": 0, "export": 1842177, "id": "ES"}, {"import": 0, "export": 13332, "id": "CN"}, {"import": 0, "export": 0, "id": "IL"}, {"import": 0, "export": 40000, "id": "PG"}, {"import": 0, "export": 12080, "id": "NO"}, {"import": 0, "export": 0, "id": "IE"}], "world_import": 0, "world_export": 11298393}, {"date": "Unnamed: 6-01", "list": [{"import": 0, "export": 622392, "id": "US"}, {"import": 0, "export": 107604, "id": "NL"}, {"import": 0, "export": 100675, "id": "ZA"}, {"import": 0, "export": 3261700, "id": "GB"}, {"import": 0, "export": 338930, "id": "IT"}, {"import": 0, "export": 3290000, "id": "BE"}, {"import": 0, "export": 497772, "id": "SG"}, {"import": 0, "export": 6576, "id": "-"}, {"import": 0, "export": 162050, "id": "AU"}, {"import": 0, "export": 72192, "id": "FR"}, {"import": 0, "export": 135971, "id": "CA"}, {"import": 0, "export": 37504, "id": "MZ"}, {"import": 0, "export": 79240, "id": "RU"}, {"import": 0, "export": 0, "id": "MY"}, {"import": 0, "export": 63265, "id": "NZ"}, {"import": 0, "export": 0, "id": "BR"}, {"import": 0, "export": 25000, "id": "BG"}, {"import": 0, "export": 1181000, "id": "ES"}, {"import": 0, "export": 15500, "id": "CN"}, {"import": 0, "export": 48000, "id": "IL"}, {"import": 0, "export": 9000, "id": "PG"}, {"import": 0, "export": 2000, "id": "NO"}, {"import": 0, "export": 0, "id": "IE"}], "world_import": 0, "world_export": 10297107}, {"date": "Unnamed: 7-01", "list": [{"import": 0, "export": 876670, "id": "US"}, {"import": 0, "export": 1052046, "id": "NL"}, {"import": 0, "export": 27530, "id": "ZA"}, {"import": 0, "export": 4950336, "id": "GB"}, {"import": 0, "export": 309992, "id": "IT"}, {"import": 0, "export": 1801200, "id": "BE"}, {"import": 0, "export": 405928, "id": "SG"}, {"import": 0, "export": 2907, "id": "-"}, {"import": 0, "export": 185032, "id": "AU"}, {"import": 0, "export": 29300, "id": "FR"}, {"import": 0, "export": 110367, "id": "CA"}, {"import": 0, "export": 0, "id": "MZ"}, {"import": 0, "export": 56400, "id": "RU"}, {"import": 0, "export": 86190, "id": "MY"}, {"import": 0, "export": 37050, "id": "NZ"}, {"import": 0, "export": 0, "id": "BR"}, {"import": 0, "export": 100000, "id": "BG"}, {"import": 0, "export": 2100000, "id": "ES"}, {"import": 0, "export": 89300, "id": "CN"}, {"import": 0, "export": 26929, "id": "IL"}, {"import": 0, "export": 22000, "id": "PG"}, {"import": 0, "export": 7800, "id": "NO"}, {"import": 0, "export": 6000, "id": "IE"}], "world_import": 0, "world_export": 12498254}, {"date": "Unnamed: 8-01", "list": [{"import": 0, "export": 941392, "id": "US"}, {"import": 0, "export": 58616, "id": "NL"}, {"import": 0, "export": 826235, "id": "ZA"}, {"import": 0, "export": 3029639, "id": "GB"}, {"import": 0, "export": 422375, "id": "IT"}, {"import": 0, "export": 2290000, "id": "BE"}, {"import": 0, "export": 473732, "id": "SG"}, {"import": 0, "export": 0, "id": "-"}, {"import": 0, "export": 239050, "id": "AU"}, {"import": 0, "export": 460026, "id": "FR"}, {"import": 0, "export": 147390, "id": "CA"}, {"import": 0, "export": 0, "id": "MZ"}, {"import": 0, "export": 75000, "id": "RU"}, {"import": 0, "export": 63000, "id": "MY"}, {"import": 0, "export": 64818, "id": "NZ"}, {"import": 0, "export": 0, "id": "BR"}, {"import": 0, "export": 0, "id": "BG"}, {"import": 0, "export": 2000000, "id": "ES"}, {"import": 0, "export": 22360, "id": "CN"}, {"import": 0, "export": 74000, "id": "IL"}, {"import": 0, "export": 39000, "id": "PG"}, {"import": 0, "export": 3200, "id": "NO"}, {"import": 0, "export": 1000, "id": "IE"}], "world_import": 0, "world_export": 11476287}, {"date": "Unnamed: 9-01", "list": [{"import": 0, "export": 963285, "id": "US"}, {"import": 0, "export": 858510, "id": "NL"}, {"import": 0, "export": 25150, "id": "ZA"}, {"import": 0, "export": 558856, "id": "GB"}, {"import": 0, "export": 170818, "id": "IT"}, {"import": 0, "export": 1355740, "id": "BE"}, {"import": 0, "export": 550941, "id": "SG"}, {"import": 0, "export": 1636, "id": "-"}, {"import": 0, "export": 172029, "id": "AU"}, {"import": 0, "export": 261336, "id": "FR"}, {"import": 0, "export": 136195, "id": "CA"}, {"import": 0, "export": 52000, "id": "MZ"}, {"import": 0, "export": 125720, "id": "RU"}, {"import": 0, "export": 33000, "id": "MY"}, {"import": 0, "export": 27930, "id": "NZ"}, {"import": 0, "export": 0, "id": "BR"}, {"import": 0, "export": 0, "id": "BG"}, {"import": 0, "export": 1542440, "id": "ES"}, {"import": 0, "export": 44542, "id": "CN"}, {"import": 0, "export": 45000, "id": "IL"}, {"import": 0, "export": 20000, "id": "PG"}, {"import": 0, "export": 0, "id": "NO"}, {"import": 0, "export": 0, "id": "IE"}], "world_import": 0, "world_export": 7184917}, {"date": "Unnamed: 10-01", "list": [{"import": 0, "export": 963210, "id": "US"}, {"import": 0, "export": 1211464, "id": "NL"}, {"import": 0, "export": 505000, "id": "ZA"}, {"import": 0, "export": 2431400, "id": "GB"}, {"import": 0, "export": 202640, "id": "IT"}, {"import": 0, "export": 1008400, "id": "BE"}, {"import": 0, "export": 441386, "id": "SG"}, {"import": 0, "export": 1045, "id": "-"}, {"import": 0, "export": 141080, "id": "AU"}, {"import": 0, "export": 81740, "id": "FR"}, {"import": 0, "export": 128961, "id": "CA"}, {"import": 0, "export": 5104, "id": "MZ"}, {"import": 0, "export": 9000, "id": "RU"}, {"import": 0, "export": 158000, "id": "MY"}, {"import": 0, "export": 26644, "id": "NZ"}, {"import": 0, "export": 0, "id": "BR"}, {"import": 0, "export": 0, "id": "BG"}, {"import": 0, "export": 42640, "id": "ES"}, {"import": 0, "export": 77161, "id": "CN"}, {"import": 0, "export": 8000, "id": "IL"}, {"import": 0, "export": 27000, "id": "PG"}, {"import": 0, "export": 5400, "id": "NO"}, {"import": 0, "export": 10000, "id": "IE"}], "world_import": 0, "world_export": 7660149}, {"date": "Unnamed: 11-01", "list": [{"import": 0, "export": 577932, "id": "US"}, {"import": 0, "export": 1016480, "id": "NL"}, {"import": 0, "export": 629900, "id": "ZA"}, {"import": 0, "export": 2188550, "id": "GB"}, {"import": 0, "export": 384093, "id": "IT"}, {"import": 0, "export": 1041570, "id": "BE"}, {"import": 0, "export": 496315, "id": "SG"}, {"import": 0, "export": 4623, "id": "-"}, {"import": 0, "export": 61554, "id": "AU"}, {"import": 0, "export": 132996, "id": "FR"}, {"import": 0, "export": 77742, "id": "CA"}, {"import": 0, "export": 0, "id": "MZ"}, {"import": 0, "export": 100000, "id": "RU"}, {"import": 0, "export": 81000, "id": "MY"}, {"import": 0, "export": 30455, "id": "NZ"}, {"import": 0, "export": 0, "id": "BR"}, {"import": 0, "export": 0, "id": "BG"}, {"import": 0, "export": 2690, "id": "ES"}, {"import": 0, "export": 77776, "id": "CN"}, {"import": 0, "export": 47000, "id": "IL"}, {"import": 0, "export": 33000, "id": "PG"}, {"import": 0, "export": 0, "id": "NO"}, {"import": 0, "export": 0, "id": "IE"}], "world_import": 0, "world_export": 7312164}, {"date": "Unnamed: 12-01", "list": [{"import": 0, "export": 726349, "id": "US"}, {"import": 0, "export": 2700138, "id": "NL"}, {"import": 0, "export": 500750, "id": "ZA"}, {"import": 0, "export": 3557220, "id": "GB"}, {"import": 0, "export": 248755, "id": "IT"}, {"import": 0, "export": 1000000, "id": "BE"}, {"import": 0, "export": 449058, "id": "SG"}, {"import": 0, "export": 4996, "id": "-"}, {"import": 0, "export": 151656, "id": "AU"}, {"import": 0, "export": 142470, "id": "FR"}, {"import": 0, "export": 213014, "id": "CA"}, {"import": 0, "export": 26000, "id": "MZ"}, {"import": 0, "export": 154900, "id": "RU"}, {"import": 0, "export": 0, "id": "MY"}, {"import": 0, "export": 63120, "id": "NZ"}, {"import": 0, "export": 0, "id": "BR"}, {"import": 0, "export": 100000, "id": "BG"}, {"import": 0, "export": 400, "id": "ES"}, {"import": 0, "export": 45300, "id": "CN"}, {"import": 0, "export": 47000, "id": "IL"}, {"import": 0, "export": 38000, "id": "PG"}, {"import": 0, "export": 2880, "id": "NO"}, {"import": 0, "export": 0, "id": "IE"}], "world_import": 0, "world_export": 10308408}, {"date": "Unnamed: 13-01", "list": [{"import": 0, "export": 781820, "id": "US"}, {"import": 0, "export": 624286, "id": "NL"}, {"import": 0, "export": 601225, "id": "ZA"}, {"import": 0, "export": 1602476, "id": "GB"}, {"import": 0, "export": 300000, "id": "IT"}, {"import": 0, "export": 470000, "id": "BE"}, {"import": 0, "export": 393560, "id": "SG"}, {"import": 0, "export": 0, "id": "-"}, {"import": 0, "export": 267293, "id": "AU"}, {"import": 0, "export": 241492, "id": "FR"}, {"import": 0, "export": 141523, "id": "CA"}, {"import": 0, "export": 0, "id": "MZ"}, {"import": 0, "export": 0, "id": "RU"}, {"import": 0, "export": 66000, "id": "MY"}, {"import": 0, "export": 17815, "id": "NZ"}, {"import": 0, "export": 0, "id": "BR"}, {"import": 0, "export": 0, "id": "BG"}, {"import": 0, "export": 4440, "id": "ES"}, {"import": 0, "export": 65648, "id": "CN"}, {"import": 0, "export": 24000, "id": "IL"}, {"import": 0, "export": 43000, "id": "PG"}, {"import": 0, "export": 4170, "id": "NO"}, {"import": 0, "export": 0, "id": "IE"}], "world_import": 0, "world_export": 5803442}, {"date": "Unnamed: 14-01", "list": [{"import": 0, "export": 892511, "id": "US"}, {"import": 0, "export": 1174317, "id": "NL"}, {"import": 0, "export": 360, "id": "ZA"}, {"import": 0, "export": 4829146, "id": "GB"}, {"import": 0, "export": 241910, "id": "IT"}, {"import": 0, "export": 790000, "id": "BE"}, {"import": 0, "export": 446926, "id": "SG"}, {"import": 0, "export": 5448, "id": "-"}, {"import": 0, "export": 142236, "id": "AU"}, {"import": 0, "export": 208400, "id": "FR"}, {"import": 0, "export": 222893, "id": "CA"}, {"import": 0, "export": 26000, "id": "MZ"}, {"import": 0, "export": 8400, "id": "RU"}, {"import": 0, "export": 6000, "id": "MY"}, {"import": 0, "export": 72436, "id": "NZ"}, {"import": 0, "export": 0, "id": "BR"}, {"import": 0, "export": 375000, "id": "BG"}, {"import": 0, "export": 1200, "id": "ES"}, {"import": 0, "export": 41409, "id": "CN"}, {"import": 0, "export": 0, "id": "IL"}, {"import": 0, "export": 20000, "id": "PG"}, {"import": 0, "export": 14090, "id": "NO"}, {"import": 0, "export": 10800, "id": "IE"}], "world_import": 0, "world_export": 9818183}, {"date": "Unnamed: 15-01", "list": [{"import": 0, "export": 872673, "id": "US"}, {"import": 0, "export": 1173296, "id": "NL"}, {"import": 0, "export": 502140, "id": "ZA"}, {"import": 0, "export": 3622276, "id": "GB"}, {"import": 0, "export": 434481, "id": "IT"}, {"import": 0, "export": 587200, "id": "BE"}, {"import": 0, "export": 414569, "id": "SG"}, {"import": 0, "export": 9084, "id": "-"}, {"import": 0, "export": 251612, "id": "AU"}, {"import": 0, "export": 181800, "id": "FR"}, {"import": 0, "export": 147769, "id": "CA"}, {"import": 0, "export": 0, "id": "MZ"}, {"import": 0, "export": 0, "id": "RU"}, {"import": 0, "export": 99000, "id": "MY"}, {"import": 0, "export": 41235, "id": "NZ"}, {"import": 0, "export": 0, "id": "BR"}, {"import": 0, "export": 0, "id": "BG"}, {"import": 0, "export": 0, "id": "ES"}, {"import": 0, "export": 129000, "id": "CN"}, {"import": 0, "export": 98000, "id": "IL"}, {"import": 0, "export": 43000, "id": "PG"}, {"import": 0, "export": 14500, "id": "NO"}, {"import": 0, "export": 0, "id": "IE"}], "world_import": 0, "world_export": 8805782}, {"date": "Unnamed: 16-01", "list": [{"import": 0, "export": 870077, "id": "US"}, {"import": 0, "export": 926914, "id": "NL"}, {"import": 0, "export": 400000, "id": "ZA"}, {"import": 0, "export": 4963768, "id": "GB"}, {"import": 0, "export": 306008, "id": "IT"}, {"import": 0, "export": 20000, "id": "BE"}, {"import": 0, "export": 552538, "id": "SG"}, {"import": 0, "export": 6105, "id": "-"}, {"import": 0, "export": 94100, "id": "AU"}, {"import": 0, "export": 291120, "id": "FR"}, {"import": 0, "export": 284896, "id": "CA"}, {"import": 0, "export": 5792, "id": "MZ"}, {"import": 0, "export": 75000, "id": "RU"}, {"import": 0, "export": 0, "id": "MY"}, {"import": 0, "export": 50575, "id": "NZ"}, {"import": 0, "export": 0, "id": "BR"}, {"import": 0, "export": 0, "id": "BG"}, {"import": 0, "export": 25768, "id": "ES"}, {"import": 0, "export": 63800, "id": "CN"}, {"import": 0, "export": 72000, "id": "IL"}, {"import": 0, "export": 42000, "id": "PG"}, {"import": 0, "export": 0, "id": "NO"}, {"import": 0, "export": 0, "id": "IE"}], "world_import": 0, "world_export": 9408736}, {"date": "Unnamed: 17-01", "list": [{"import": 0, "export": 1114181, "id": "US"}, {"import": 0, "export": 757862, "id": "NL"}, {"import": 0, "export": 26300, "id": "ZA"}, {"import": 0, "export": 3333710, "id": "GB"}, {"import": 0, "export": 399400, "id": "IT"}, {"import": 0, "export": 505472, "id": "BE"}, {"import": 0, "export": 546861, "id": "SG"}, {"import": 0, "export": 6359, "id": "-"}, {"import": 0, "export": 167663, "id": "AU"}, {"import": 0, "export": 314350, "id": "FR"}, {"import": 0, "export": 403196, "id": "CA"}, {"import": 0, "export": 26000, "id": "MZ"}, {"import": 0, "export": 75000, "id": "RU"}, {"import": 0, "export": 40000, "id": "MY"}, {"import": 0, "export": 59616, "id": "NZ"}, {"import": 0, "export": 0, "id": "BR"}, {"import": 0, "export": 0, "id": "BG"}, {"import": 0, "export": 336, "id": "ES"}, {"import": 0, "export": 41968, "id": "CN"}, {"import": 0, "export": 23000, "id": "IL"}, {"import": 0, "export": 160000, "id": "PG"}, {"import": 0, "export": 13800, "id": "NO"}, {"import": 0, "export": 225, "id": "IE"}], "world_import": 0, "world_export": 8314940}, {"date": "Unnamed: 18-01", "list": [{"import": 0, "export": 1507153, "id": "US"}, {"import": 0, "export": 1248648, "id": "NL"}, {"import": 0, "export": 66340, "id": "ZA"}, {"import": 0, "export": 3063505, "id": "GB"}, {"import": 0, "export": 633000, "id": "IT"}, {"import": 0, "export": 700000, "id": "BE"}, {"import": 0, "export": 667536, "id": "SG"}, {"import": 0, "export": 4088, "id": "-"}, {"import": 0, "export": 266413, "id": "AU"}, {"import": 0, "export": 1760, "id": "FR"}, {"import": 0, "export": 510573, "id": "CA"}, {"import": 0, "export": 0, "id": "MZ"}, {"import": 0, "export": 0, "id": "RU"}, {"import": 0, "export": 0, "id": "MY"}, {"import": 0, "export": 51504, "id": "NZ"}, {"import": 0, "export": 0, "id": "BR"}, {"import": 0, "export": 0, "id": "BG"}, {"import": 0, "export": 1000, "id": "ES"}, {"import": 0, "export": 57256, "id": "CN"}, {"import": 0, "export": 79500, "id": "IL"}, {"import": 0, "export": 22000, "id": "PG"}, {"import": 0, "export": 16796, "id": "NO"}, {"import": 0, "export": 0, "id": "IE"}], "world_import": 0, "world_export": 9277332}, {"date": "Unnamed: 19-01", "list": [{"import": 0, "export": 1526102, "id": "US"}, {"import": 0, "export": 255744, "id": "NL"}, {"import": 0, "export": 15000, "id": "ZA"}, {"import": 0, "export": 2244004, "id": "GB"}, {"import": 0, "export": 367255, "id": "IT"}, {"import": 0, "export": 452492, "id": "BE"}, {"import": 0, "export": 660103, "id": "SG"}, {"import": 0, "export": 6359, "id": "-"}, {"import": 0, "export": 131705, "id": "AU"}, {"import": 0, "export": 609200, "id": "FR"}, {"import": 0, "export": 233148, "id": "CA"}, {"import": 0, "export": 26000, "id": "MZ"}, {"import": 0, "export": 136800, "id": "RU"}, {"import": 0, "export": 53000, "id": "MY"}, {"import": 0, "export": 142860, "id": "NZ"}, {"import": 0, "export": 0, "id": "BR"}, {"import": 0, "export": 0, "id": "BG"}, {"import": 0, "export": 0, "id": "ES"}, {"import": 0, "export": 68056, "id": "CN"}, {"import": 0, "export": 0, "id": "IL"}, {"import": 0, "export": 20000, "id": "PG"}, {"import": 0, "export": 8120, "id": "NO"}, {"import": 0, "export": 11340, "id": "IE"}], "world_import": 0, "world_export": 7257936}, {"date": "Unnamed: 20-01", "list": [{"import": 0, "export": 1084866, "id": "US"}, {"import": 0, "export": 112116, "id": "NL"}, {"import": 0, "export": 478100, "id": "ZA"}, {"import": 0, "export": 305534, "id": "GB"}, {"import": 0, "export": 267992, "id": "IT"}, {"import": 0, "export": 620000, "id": "BE"}, {"import": 0, "export": 442149, "id": "SG"}, {"import": 0, "export": 11629, "id": "-"}, {"import": 0, "export": 173616, "id": "AU"}, {"import": 0, "export": 180920, "id": "FR"}, {"import": 0, "export": 122765, "id": "CA"}, {"import": 0, "export": 63008, "id": "MZ"}, {"import": 0, "export": 7000, "id": "RU"}, {"import": 0, "export": 66000, "id": "MY"}, {"import": 0, "export": 38129, "id": "NZ"}, {"import": 0, "export": 0, "id": "BR"}, {"import": 0, "export": 0, "id": "BG"}, {"import": 0, "export": 600, "id": "ES"}, {"import": 0, "export": 30360, "id": "CN"}, {"import": 0, "export": 48000, "id": "IL"}, {"import": 0, "export": 0, "id": "PG"}, {"import": 0, "export": 9000, "id": "NO"}, {"import": 0, "export": 300, "id": "IE"}], "world_import": 0, "world_export": 4240545}, {"date": "Unnamed: 21-01", "list": [{"import": 0, "export": 968706, "id": "US"}, {"import": 0, "export": 944032, "id": "NL"}, {"import": 0, "export": 650300, "id": "ZA"}, {"import": 0, "export": 408170, "id": "GB"}, {"import": 0, "export": 400550, "id": "IT"}, {"import": 0, "export": 386672, "id": "BE"}, {"import": 0, "export": 324475, "id": "SG"}, {"import": 0, "export": 7721, "id": "-"}, {"import": 0, "export": 142362, "id": "AU"}, {"import": 0, "export": 127464, "id": "FR"}, {"import": 0, "export": 98858, "id": "CA"}, {"import": 0, "export": 52000, "id": "MZ"}, {"import": 0, "export": 50000, "id": "RU"}, {"import": 0, "export": 26900, "id": "MY"}, {"import": 0, "export": 25200, "id": "NZ"}, {"import": 0, "export": 25000, "id": "BR"}, {"import": 0, "export": 25000, "id": "BG"}, {"import": 0, "export": 22000, "id": "ES"}, {"import": 0, "export": 18000, "id": "CN"}, {"import": 0, "export": 17000, "id": "IL"}, {"import": 0, "export": 15000, "id": "PG"}, {"import": 0, "export": 7080, "id": "NO"}, {"import": 0, "export": 7000, "id": "IE"}], "world_import": 0, "world_export": 5005140}]