[{"date": "2020-01-01", "list": [{"import": 46000, "export": 0, "id": "KZ"}], "world_import": 46000, "world_export": 0}, {"date": "2020-02-01", "list": [{"import": 42500, "export": 0, "id": "KZ"}], "world_import": 42500, "world_export": 0}, {"date": "2020-03-01", "list": [{"import": 92000, "export": 0, "id": "KZ"}], "world_import": 92000, "world_export": 0}, {"date": "2020-05-01", "list": [{"import": 136000, "export": 0, "id": "KZ"}], "world_import": 136000, "world_export": 0}, {"date": "2020-07-01", "list": [{"import": 20000, "export": 0, "id": "KG"}], "world_import": 20000, "world_export": 0}, {"date": "2019-09-01", "list": [{"import": 16, "export": 0, "id": "PK"}, {"import": 406, "export": 0, "id": "AE"}], "world_import": 422, "world_export": 0}, {"date": "2019-11-01", "list": [{"import": 19, "export": 0, "id": "PK"}], "world_import": 19, "world_export": 0}, {"date": "2019-12-01", "list": [{"import": 20, "export": 0, "id": "PK"}], "world_import": 20, "world_export": 0}, {"date": "2019-03-01", "list": [{"import": 5262, "export": 0, "id": "AE"}], "world_import": 5262, "world_export": 0}]