[{"date": "2019-01-01", "list": [{"import": 0, "export": 0, "id": "PT"}, {"import": 0, "export": 0, "id": "-"}], "world_import": 0, "world_export": 0}, {"date": "2019-02-01", "list": [{"import": 0, "export": 0, "id": "PT"}, {"import": 0, "export": 0, "id": "-"}], "world_import": 0, "world_export": 0}, {"date": "2019-03-01", "list": [{"import": 0, "export": 0, "id": "PT"}, {"import": 0, "export": 0, "id": "-"}], "world_import": 0, "world_export": 0}, {"date": "2019-04-01", "list": [{"import": 0, "export": 0, "id": "PT"}, {"import": 0, "export": 0, "id": "-"}], "world_import": 0, "world_export": 0}, {"date": "2019-05-01", "list": [{"import": 0, "export": 0, "id": "PT"}, {"import": 0, "export": 0, "id": "-"}], "world_import": 0, "world_export": 0}, {"date": "2019-06-01", "list": [{"import": 0, "export": 0, "id": "PT"}, {"import": 0, "export": 0, "id": "-"}], "world_import": 0, "world_export": 0}, {"date": "2019-07-01", "list": [{"import": 0, "export": 0, "id": "PT"}, {"import": 0, "export": 0, "id": "-"}], "world_import": 0, "world_export": 0}, {"date": "2019-08-01", "list": [{"import": 0, "export": 0, "id": "PT"}, {"import": 0, "export": 0, "id": "-"}], "world_import": 0, "world_export": 0}, {"date": "2019-09-01", "list": [{"import": 0, "export": 0, "id": "PT"}, {"import": 502, "export": 0, "id": "-"}], "world_import": 502, "world_export": 0}, {"date": "2019-10-01", "list": [{"import": 80, "export": 0, "id": "PT"}, {"import": 0, "export": 0, "id": "-"}], "world_import": 80, "world_export": 0}]