[{"date": "2018-01-01", "list": [{"import": 43188833, "export": 0, "id": "US"}, {"import": 0, "export": 0, "id": "GY"}, {"import": 0, "export": 0, "id": "PY"}], "world_import": 43188833, "world_export": 0}, {"date": "2018-02-01", "list": [{"import": 50835214, "export": 0, "id": "US"}, {"import": 18350025, "export": 0, "id": "GY"}, {"import": 0, "export": 0, "id": "PY"}], "world_import": 69185239, "world_export": 0}, {"date": "2018-03-01", "list": [{"import": 60089981, "export": 0, "id": "US"}, {"import": 0, "export": 0, "id": "GY"}, {"import": 0, "export": 0, "id": "PY"}], "world_import": 60089981, "world_export": 0}, {"date": "2018-04-01", "list": [{"import": 64335416, "export": 0, "id": "US"}, {"import": 0, "export": 0, "id": "GY"}, {"import": 0, "export": 0, "id": "PY"}], "world_import": 64335416, "world_export": 0}, {"date": "2018-05-01", "list": [{"import": 24350570, "export": 0, "id": "US"}, {"import": 43000180, "export": 0, "id": "GY"}, {"import": 0, "export": 0, "id": "PY"}], "world_import": 67350750, "world_export": 0}, {"date": "2018-06-01", "list": [{"import": 85754820, "export": 0, "id": "US"}, {"import": 18000255, "export": 0, "id": "GY"}, {"import": 19000, "export": 0, "id": "PY"}], "world_import": 103774075, "world_export": 0}, {"date": "2018-07-01", "list": [{"import": 37203094, "export": 0, "id": "US"}, {"import": 8630220, "export": 0, "id": "GY"}, {"import": 0, "export": 0, "id": "PY"}], "world_import": 45833314, "world_export": 0}, {"date": "2018-08-01", "list": [{"import": 33832082, "export": 0, "id": "US"}, {"import": 0, "export": 0, "id": "GY"}, {"import": 0, "export": 0, "id": "PY"}], "world_import": 33832082, "world_export": 0}, {"date": "2018-09-01", "list": [{"import": 29987741, "export": 0, "id": "US"}, {"import": 0, "export": 0, "id": "GY"}, {"import": 19927570, "export": 0, "id": "PY"}], "world_import": 49915311, "world_export": 0}, {"date": "2018-10-01", "list": [{"import": 101696251, "export": 0, "id": "US"}, {"import": 0, "export": 0, "id": "GY"}, {"import": 0, "export": 0, "id": "PY"}], "world_import": 101696251, "world_export": 0}, {"date": "2017-05-01", "list": [{"import": 0, "export": 0, "id": "US"}], "world_import": 0, "world_export": 0}, {"date": "2017-06-01", "list": [{"import": 0, "export": 0, "id": "US"}], "world_import": 0, "world_export": 0}, {"date": "2017-07-01", "list": [{"import": 0, "export": 0, "id": "US"}], "world_import": 0, "world_export": 0}, {"date": "2017-08-01", "list": [{"import": 0, "export": 0, "id": "US"}], "world_import": 0, "world_export": 0}, {"date": "2017-09-01", "list": [{"import": 0, "export": 0, "id": "US"}], "world_import": 0, "world_export": 0}, {"date": "2017-10-01", "list": [{"import": 0, "export": 0, "id": "US"}], "world_import": 0, "world_export": 0}, {"date": "2017-11-01", "list": [{"import": 0, "export": 20, "id": "US"}], "world_import": 0, "world_export": 20}, {"date": "2017-12-01", "list": [{"import": 0, "export": 0, "id": "US"}], "world_import": 0, "world_export": 0}]