[{"date": "2018-10-01", "list": [{"import": 640, "export": 0, "id": "GB"}, {"import": 456, "export": 0, "id": "GR"}, {"import": 927, "export": 0, "id": "IT"}, {"import": 0, "export": 0, "id": "LB"}, {"import": 0, "export": 0, "id": "TH"}, {"import": 0, "export": 0, "id": "AT"}, {"import": 0, "export": 0, "id": "FR"}], "world_import": 2023, "world_export": 0}, {"date": "2018-11-01", "list": [{"import": 857, "export": 0, "id": "GB"}, {"import": 24960, "export": 0, "id": "GR"}, {"import": 0, "export": 0, "id": "IT"}, {"import": 0, "export": 0, "id": "LB"}, {"import": 0, "export": 0, "id": "TH"}, {"import": 0, "export": 0, "id": "AT"}, {"import": 0, "export": 0, "id": "FR"}], "world_import": 25817, "world_export": 0}, {"date": "2018-12-01", "list": [{"import": 798, "export": 0, "id": "GB"}, {"import": 1008, "export": 0, "id": "GR"}, {"import": 0, "export": 0, "id": "IT"}, {"import": 0, "export": 0, "id": "LB"}, {"import": 0, "export": 0, "id": "TH"}, {"import": 144, "export": 0, "id": "AT"}, {"import": 0, "export": 0, "id": "FR"}], "world_import": 1950, "world_export": 0}, {"date": "2019-01-01", "list": [{"import": 1107, "export": 0, "id": "GB"}, {"import": 696, "export": 0, "id": "GR"}, {"import": 1357, "export": 0, "id": "IT"}, {"import": 0, "export": 0, "id": "LB"}, {"import": 0, "export": 0, "id": "TH"}, {"import": 0, "export": 0, "id": "AT"}, {"import": 0, "export": 0, "id": "FR"}], "world_import": 3160, "world_export": 0}, {"date": "2019-02-01", "list": [{"import": 0, "export": 0, "id": "GB"}, {"import": 720, "export": 0, "id": "GR"}, {"import": 1478, "export": 0, "id": "IT"}, {"import": 0, "export": 0, "id": "LB"}, {"import": 1200, "export": 0, "id": "TH"}, {"import": 0, "export": 0, "id": "AT"}, {"import": 0, "export": 0, "id": "FR"}], "world_import": 3398, "world_export": 0}, {"date": "2019-03-01", "list": [{"import": 1841, "export": 0, "id": "GB"}, {"import": 24850, "export": 0, "id": "GR"}, {"import": 0, "export": 0, "id": "IT"}, {"import": 0, "export": 0, "id": "LB"}, {"import": 0, "export": 0, "id": "TH"}, {"import": 0, "export": 0, "id": "AT"}, {"import": 0, "export": 0, "id": "FR"}], "world_import": 26691, "world_export": 0}, {"date": "2019-04-01", "list": [{"import": 0, "export": 0, "id": "GB"}, {"import": 240, "export": 0, "id": "GR"}, {"import": 0, "export": 0, "id": "IT"}, {"import": 0, "export": 0, "id": "LB"}, {"import": 0, "export": 0, "id": "TH"}, {"import": 0, "export": 0, "id": "AT"}, {"import": 0, "export": 0, "id": "FR"}], "world_import": 240, "world_export": 0}, {"date": "2019-05-01", "list": [{"import": 467, "export": 0, "id": "GB"}, {"import": 335, "export": 0, "id": "GR"}, {"import": 895, "export": 0, "id": "IT"}, {"import": 0, "export": 0, "id": "LB"}, {"import": 0, "export": 0, "id": "TH"}, {"import": 0, "export": 0, "id": "AT"}, {"import": 0, "export": 0, "id": "FR"}], "world_import": 1697, "world_export": 0}, {"date": "2019-06-01", "list": [{"import": 1792, "export": 0, "id": "GB"}, {"import": 1392, "export": 0, "id": "GR"}, {"import": 1542, "export": 0, "id": "IT"}, {"import": 0, "export": 0, "id": "LB"}, {"import": 0, "export": 0, "id": "TH"}, {"import": 0, "export": 0, "id": "AT"}, {"import": 0, "export": 0, "id": "FR"}], "world_import": 4726, "world_export": 0}, {"date": "2019-07-01", "list": [{"import": 1504, "export": 0, "id": "GB"}, {"import": 456, "export": 0, "id": "GR"}, {"import": 1297, "export": 0, "id": "IT"}, {"import": 0, "export": 0, "id": "LB"}, {"import": 0, "export": 0, "id": "TH"}, {"import": 0, "export": 0, "id": "AT"}, {"import": 0, "export": 0, "id": "FR"}], "world_import": 3257, "world_export": 0}, {"date": "2019-08-01", "list": [{"import": 0, "export": 0, "id": "GB"}, {"import": 0, "export": 0, "id": "GR"}, {"import": 0, "export": 0, "id": "IT"}, {"import": 0, "export": 0, "id": "LB"}, {"import": 0, "export": 0, "id": "TH"}, {"import": 0, "export": 0, "id": "AT"}, {"import": 0, "export": 0, "id": "FR"}], "world_import": 0, "world_export": 0}, {"date": "2019-09-01", "list": [{"import": 0, "export": 0, "id": "GB"}, {"import": 1032, "export": 0, "id": "GR"}, {"import": 0, "export": 0, "id": "IT"}, {"import": 0, "export": 0, "id": "LB"}, {"import": 0, "export": 0, "id": "TH"}, {"import": 0, "export": 0, "id": "AT"}, {"import": 1365, "export": 0, "id": "FR"}], "world_import": 2397, "world_export": 0}, {"date": "2019-10-01", "list": [{"import": 2725, "export": 0, "id": "GB"}, {"import": 24070, "export": 0, "id": "GR"}, {"import": 0, "export": 0, "id": "IT"}, {"import": 0, "export": 0, "id": "LB"}, {"import": 0, "export": 0, "id": "TH"}, {"import": 0, "export": 0, "id": "AT"}, {"import": 0, "export": 0, "id": "FR"}], "world_import": 26795, "world_export": 0}, {"date": "2019-11-01", "list": [{"import": 2216, "export": 0, "id": "GB"}, {"import": 0, "export": 0, "id": "GR"}, {"import": 0, "export": 0, "id": "IT"}, {"import": 0, "export": 0, "id": "LB"}, {"import": 0, "export": 0, "id": "TH"}, {"import": 0, "export": 0, "id": "AT"}, {"import": 0, "export": 0, "id": "FR"}], "world_import": 2216, "world_export": 0}, {"date": "2019-12-01", "list": [{"import": 1758, "export": 0, "id": "GB"}, {"import": 1040, "export": 0, "id": "GR"}, {"import": 0, "export": 0, "id": "IT"}, {"import": 0, "export": 0, "id": "LB"}, {"import": 0, "export": 0, "id": "TH"}, {"import": 0, "export": 0, "id": "AT"}, {"import": 1234, "export": 0, "id": "FR"}], "world_import": 4032, "world_export": 0}, {"date": "2020-01-01", "list": [{"import": 679, "export": 0, "id": "GB"}, {"import": 384, "export": 0, "id": "GR"}, {"import": 0, "export": 0, "id": "IT"}, {"import": 9412, "export": 0, "id": "LB"}, {"import": 0, "export": 0, "id": "TH"}, {"import": 0, "export": 0, "id": "AT"}, {"import": 987, "export": 0, "id": "FR"}], "world_import": 11462, "world_export": 0}, {"date": "2020-02-01", "list": [{"import": 2096, "export": 0, "id": "GB"}, {"import": 888, "export": 0, "id": "GR"}, {"import": 0, "export": 0, "id": "IT"}, {"import": 0, "export": 0, "id": "LB"}, {"import": 0, "export": 0, "id": "TH"}, {"import": 0, "export": 0, "id": "AT"}, {"import": 0, "export": 0, "id": "FR"}], "world_import": 2984, "world_export": 0}, {"date": "2020-03-01", "list": [{"import": 79, "export": 0, "id": "GB"}, {"import": 567, "export": 0, "id": "GR"}, {"import": 1009, "export": 0, "id": "IT"}, {"import": 0, "export": 0, "id": "LB"}, {"import": 0, "export": 0, "id": "TH"}, {"import": 0, "export": 0, "id": "AT"}, {"import": 0, "export": 0, "id": "FR"}], "world_import": 1655, "world_export": 0}]