[{"date": "2019-05-01", "list": [{"import": 374, "export": 0, "id": "IT"}, {"import": 1430, "export": 0, "id": "RU"}], "world_import": 1804, "world_export": 0}, {"date": "2020-01-01", "list": [{"import": 300, "export": 0, "id": "IT"}, {"import": 2154, "export": 0, "id": "RU"}], "world_import": 2454, "world_export": 0}, {"date": "2019-11-01", "list": [{"import": 1000, "export": 0, "id": "KZ"}, {"import": 2188, "export": 0, "id": "RU"}], "world_import": 3188, "world_export": 0}, {"date": "2019-01-01", "list": [{"import": 311, "export": 0, "id": "RU"}], "world_import": 311, "world_export": 0}, {"date": "2019-02-01", "list": [{"import": 1928, "export": 0, "id": "RU"}], "world_import": 1928, "world_export": 0}, {"date": "2019-03-01", "list": [{"import": 1273, "export": 86, "id": "RU"}], "world_import": 1273, "world_export": 86}, {"date": "2019-04-01", "list": [{"import": 2174, "export": 0, "id": "RU"}], "world_import": 2174, "world_export": 0}, {"date": "2019-06-01", "list": [{"import": 1156, "export": 0, "id": "RU"}], "world_import": 1156, "world_export": 0}, {"date": "2019-08-01", "list": [{"import": 1182, "export": 0, "id": "RU"}], "world_import": 1182, "world_export": 0}, {"date": "2019-09-01", "list": [{"import": 2613, "export": 0, "id": "RU"}], "world_import": 2613, "world_export": 0}, {"date": "2019-10-01", "list": [{"import": 631, "export": 0, "id": "RU"}], "world_import": 631, "world_export": 0}, {"date": "2019-12-01", "list": [{"import": 1672, "export": 0, "id": "RU"}], "world_import": 1672, "world_export": 0}, {"date": "2020-02-01", "list": [{"import": 3073, "export": 0, "id": "RU"}], "world_import": 3073, "world_export": 0}, {"date": "2020-03-01", "list": [{"import": 2740, "export": 0, "id": "RU"}], "world_import": 2740, "world_export": 0}, {"date": "2020-04-01", "list": [{"import": 1786, "export": 0, "id": "RU"}], "world_import": 1786, "world_export": 0}, {"date": "2020-05-01", "list": [{"import": 3397, "export": 0, "id": "RU"}], "world_import": 3397, "world_export": 0}, {"date": "2020-06-01", "list": [{"import": 590, "export": 0, "id": "RU"}], "world_import": 590, "world_export": 0}]