[{"date": "2018-06-01", "list": [{"import": 0, "export": 0, "id": "IN"}, {"import": 0, "export": 0, "id": "ZA"}, {"import": 0, "export": 0, "id": "AE"}], "world_import": 0, "world_export": 0}, {"date": "2018-07-01", "list": [{"import": 0, "export": 0, "id": "IN"}, {"import": 0, "export": 0, "id": "ZA"}, {"import": 0, "export": 0, "id": "AE"}], "world_import": 0, "world_export": 0}, {"date": "2018-08-01", "list": [{"import": 750, "export": 0, "id": "IN"}, {"import": 0, "export": 0, "id": "ZA"}, {"import": 0, "export": 0, "id": "AE"}], "world_import": 750, "world_export": 0}, {"date": "2018-09-01", "list": [{"import": 3360, "export": 0, "id": "IN"}, {"import": 2509, "export": 0, "id": "ZA"}, {"import": 0, "export": 0, "id": "AE"}], "world_import": 5869, "world_export": 0}, {"date": "2018-10-01", "list": [{"import": 0, "export": 0, "id": "IN"}, {"import": 0, "export": 0, "id": "ZA"}, {"import": 0, "export": 0, "id": "AE"}], "world_import": 0, "world_export": 0}, {"date": "2018-11-01", "list": [{"import": 0, "export": 0, "id": "IN"}, {"import": 0, "export": 0, "id": "ZA"}, {"import": 0, "export": 0, "id": "AE"}], "world_import": 0, "world_export": 0}, {"date": "2018-12-01", "list": [{"import": 0, "export": 0, "id": "IN"}, {"import": 0, "export": 0, "id": "ZA"}, {"import": 2900, "export": 0, "id": "AE"}], "world_import": 2900, "world_export": 0}, {"date": "2019-01-01", "list": [{"import": 0, "export": 0, "id": "IN"}, {"import": 0, "export": 0, "id": "ZA"}, {"import": 0, "export": 0, "id": "AE"}], "world_import": 0, "world_export": 0}, {"date": "2019-02-01", "list": [{"import": 1890, "export": 0, "id": "IN"}, {"import": 0, "export": 0, "id": "ZA"}, {"import": 1120, "export": 0, "id": "AE"}], "world_import": 3010, "world_export": 0}, {"date": "2019-03-01", "list": [{"import": 0, "export": 0, "id": "IN"}, {"import": 0, "export": 0, "id": "ZA"}, {"import": 1902, "export": 0, "id": "AE"}], "world_import": 1902, "world_export": 0}, {"date": "2019-04-01", "list": [{"import": 0, "export": 0, "id": "IN"}, {"import": 0, "export": 0, "id": "ZA"}, {"import": 160, "export": 0, "id": "AE"}], "world_import": 160, "world_export": 0}, {"date": "2019-05-01", "list": [{"import": 2400, "export": 0, "id": "IN"}, {"import": 0, "export": 0, "id": "ZA"}, {"import": 0, "export": 0, "id": "AE"}], "world_import": 2400, "world_export": 0}, {"date": "2019-06-01", "list": [{"import": 0, "export": 0, "id": "IN"}, {"import": 0, "export": 0, "id": "ZA"}, {"import": 0, "export": 0, "id": "AE"}], "world_import": 0, "world_export": 0}, {"date": "2019-07-01", "list": [{"import": 0, "export": 0, "id": "IN"}, {"import": 0, "export": 0, "id": "ZA"}, {"import": 0, "export": 0, "id": "AE"}], "world_import": 0, "world_export": 0}, {"date": "2019-08-01", "list": [{"import": 500, "export": 0, "id": "IN"}, {"import": 0, "export": 0, "id": "ZA"}, {"import": 0, "export": 0, "id": "AE"}], "world_import": 500, "world_export": 0}, {"date": "2019-09-01", "list": [{"import": 0, "export": 0, "id": "IN"}, {"import": 0, "export": 0, "id": "ZA"}, {"import": 0, "export": 0, "id": "AE"}], "world_import": 0, "world_export": 0}, {"date": "2019-10-01", "list": [{"import": 0, "export": 0, "id": "IN"}, {"import": 0, "export": 0, "id": "ZA"}, {"import": 0, "export": 0, "id": "AE"}], "world_import": 0, "world_export": 0}, {"date": "2019-11-01", "list": [{"import": 0, "export": 0, "id": "IN"}, {"import": 0, "export": 0, "id": "ZA"}, {"import": 0, "export": 0, "id": "AE"}], "world_import": 0, "world_export": 0}]