[{"date": "2020-05-01", "list": [{"import": 288, "export": 0, "id": "KR"}], "world_import": 288, "world_export": 0}, {"date": "2019-06-01", "list": [{"import": 1000, "export": 0, "id": "TH"}], "world_import": 1000, "world_export": 0}, {"date": "2019-09-01", "list": [{"import": 1000, "export": 0, "id": "TH"}], "world_import": 1000, "world_export": 0}, {"date": "2020-01-01", "list": [{"import": 1000, "export": 0, "id": "TH"}], "world_import": 1000, "world_export": 0}, {"date": "2020-06-01", "list": [{"import": 2000, "export": 0, "id": "TH"}], "world_import": 2000, "world_export": 0}]