[{"date": "2019-01-01", "list": [{"import": 21000, "export": 0, "id": "TH"}], "world_import": 21000, "world_export": 0}, {"date": "2019-02-01", "list": [{"import": 24000, "export": 0, "id": "TH"}], "world_import": 24000, "world_export": 0}, {"date": "2019-03-01", "list": [{"import": 40000, "export": 0, "id": "TH"}], "world_import": 40000, "world_export": 0}, {"date": "2019-04-01", "list": [{"import": 9000, "export": 0, "id": "TH"}], "world_import": 9000, "world_export": 0}, {"date": "2019-05-01", "list": [{"import": 22000, "export": 0, "id": "TH"}], "world_import": 22000, "world_export": 0}, {"date": "2019-06-01", "list": [{"import": 39000, "export": 0, "id": "TH"}], "world_import": 39000, "world_export": 0}, {"date": "2019-07-01", "list": [{"import": 20000, "export": 0, "id": "TH"}], "world_import": 20000, "world_export": 0}, {"date": "2019-08-01", "list": [{"import": 27000, "export": 0, "id": "TH"}], "world_import": 27000, "world_export": 0}, {"date": "2019-09-01", "list": [{"import": 33000, "export": 0, "id": "TH"}], "world_import": 33000, "world_export": 0}, {"date": "2019-10-01", "list": [{"import": 38000, "export": 0, "id": "TH"}], "world_import": 38000, "world_export": 0}, {"date": "2019-11-01", "list": [{"import": 43000, "export": 0, "id": "TH"}], "world_import": 43000, "world_export": 0}, {"date": "2019-12-01", "list": [{"import": 20000, "export": 0, "id": "TH"}], "world_import": 20000, "world_export": 0}, {"date": "2020-01-01", "list": [{"import": 43000, "export": 0, "id": "TH"}], "world_import": 43000, "world_export": 0}, {"date": "2020-02-01", "list": [{"import": 42000, "export": 0, "id": "TH"}], "world_import": 42000, "world_export": 0}, {"date": "2020-03-01", "list": [{"import": 160000, "export": 0, "id": "TH"}], "world_import": 160000, "world_export": 0}, {"date": "2020-04-01", "list": [{"import": 22000, "export": 0, "id": "TH"}], "world_import": 22000, "world_export": 0}, {"date": "2020-05-01", "list": [{"import": 20000, "export": 0, "id": "TH"}], "world_import": 20000, "world_export": 0}]