[{"date": "2019-08-01", "list": [{"import": 0, "export": 0, "id": "CN"}, {"import": 0, "export": 0, "id": "-"}], "world_import": 0, "world_export": 0}, {"date": "2019-09-01", "list": [{"import": 0, "export": 0, "id": "CN"}, {"import": 0, "export": 0, "id": "-"}], "world_import": 0, "world_export": 0}, {"date": "2019-10-01", "list": [{"import": 0, "export": 0, "id": "CN"}, {"import": 0, "export": 0, "id": "-"}], "world_import": 0, "world_export": 0}, {"date": "2019-11-01", "list": [{"import": 100000, "export": 0, "id": "CN"}, {"import": 0, "export": 0, "id": "-"}], "world_import": 100000, "world_export": 0}, {"date": "2019-12-01", "list": [{"import": 0, "export": 0, "id": "CN"}, {"import": 0, "export": 0, "id": "-"}], "world_import": 0, "world_export": 0}, {"date": "2020-01-01", "list": [{"import": 0, "export": 0, "id": "CN"}, {"import": 0, "export": 0, "id": "-"}], "world_import": 0, "world_export": 0}, {"date": "2020-02-01", "list": [{"import": 0, "export": 0, "id": "CN"}, {"import": 0, "export": 0, "id": "-"}], "world_import": 0, "world_export": 0}, {"date": "2020-03-01", "list": [{"import": 0, "export": 0, "id": "CN"}, {"import": 0, "export": 0, "id": "-"}], "world_import": 0, "world_export": 0}, {"date": "2020-04-01", "list": [{"import": 0, "export": 0, "id": "CN"}, {"import": 0, "export": 0, "id": "-"}], "world_import": 0, "world_export": 0}, {"date": "2020-05-01", "list": [{"import": 0, "export": 0, "id": "CN"}, {"import": 20000, "export": 0, "id": "-"}], "world_import": 20000, "world_export": 0}]