[{"date": "2018-12-01", "list": [{"import": 4100, "export": 9770000, "id": "BR"}, {"import": 0, "export": 0, "id": "UY"}, {"import": 0, "export": 0, "id": "PT"}, {"import": 0, "export": 0, "id": "BE"}, {"import": 0, "export": 262680, "id": "ES"}, {"import": 0, "export": 400000, "id": "PL"}, {"import": 0, "export": 0, "id": "NL"}, {"import": 0, "export": 0, "id": "NG"}, {"import": 0, "export": 0, "id": "GB"}, {"import": 0, "export": 0, "id": "US"}, {"import": 0, "export": 0, "id": "CM"}, {"import": 0, "export": 0, "id": "FR"}, {"import": 0, "export": 663150, "id": "DE"}, {"import": 0, "export": 0, "id": "GR"}, {"import": 0, "export": 0, "id": "IT"}, {"import": 0, "export": 0, "id": "LT"}, {"import": 0, "export": 0, "id": "MX"}], "world_import": 4100, "world_export": 11095830}, {"date": "2019-01-01", "list": [{"import": 0, "export": 5826200, "id": "BR"}, {"import": 0, "export": 0, "id": "UY"}, {"import": 0, "export": 0, "id": "PT"}, {"import": 0, "export": 0, "id": "BE"}, {"import": 0, "export": 0, "id": "ES"}, {"import": 0, "export": 0, "id": "PL"}, {"import": 0, "export": 0, "id": "NL"}, {"import": 0, "export": 0, "id": "NG"}, {"import": 0, "export": 0, "id": "GB"}, {"import": 0, "export": 0, "id": "US"}, {"import": 0, "export": 100000, "id": "CM"}, {"import": 0, "export": 0, "id": "FR"}, {"import": 0, "export": 0, "id": "DE"}, {"import": 0, "export": 0, "id": "GR"}, {"import": 0, "export": 0, "id": "IT"}, {"import": 0, "export": 0, "id": "LT"}, {"import": 0, "export": 0, "id": "MX"}], "world_import": 0, "world_export": 5926200}, {"date": "2019-02-01", "list": [{"import": 0, "export": 13850610, "id": "BR"}, {"import": 0, "export": 0, "id": "UY"}, {"import": 0, "export": 3250530, "id": "PT"}, {"import": 0, "export": 0, "id": "BE"}, {"import": 0, "export": 500000, "id": "ES"}, {"import": 0, "export": 825000, "id": "PL"}, {"import": 0, "export": 1800000, "id": "NL"}, {"import": 0, "export": 125000, "id": "NG"}, {"import": 0, "export": 0, "id": "GB"}, {"import": 0, "export": 0, "id": "US"}, {"import": 0, "export": 0, "id": "CM"}, {"import": 0, "export": 480960, "id": "FR"}, {"import": 0, "export": 0, "id": "DE"}, {"import": 0, "export": 0, "id": "GR"}, {"import": 0, "export": 625110, "id": "IT"}, {"import": 0, "export": 0, "id": "LT"}, {"import": 0, "export": 0, "id": "MX"}], "world_import": 0, "world_export": 21457210}, {"date": "2019-03-01", "list": [{"import": 3600, "export": 11373200, "id": "BR"}, {"import": 0, "export": 0, "id": "UY"}, {"import": 0, "export": 3125260, "id": "PT"}, {"import": 0, "export": 0, "id": "BE"}, {"import": 0, "export": 0, "id": "ES"}, {"import": 0, "export": 875000, "id": "PL"}, {"import": 0, "export": 650000, "id": "NL"}, {"import": 0, "export": 100000, "id": "NG"}, {"import": 0, "export": 0, "id": "GB"}, {"import": 0, "export": 0, "id": "US"}, {"import": 0, "export": 0, "id": "CM"}, {"import": 0, "export": 481370, "id": "FR"}, {"import": 0, "export": 1350580, "id": "DE"}, {"import": 0, "export": 0, "id": "GR"}, {"import": 0, "export": 0, "id": "IT"}, {"import": 0, "export": 0, "id": "LT"}, {"import": 0, "export": 0, "id": "MX"}], "world_import": 3600, "world_export": 17955410}, {"date": "2019-04-01", "list": [{"import": 7000, "export": 16064340, "id": "BR"}, {"import": 0, "export": 0, "id": "UY"}, {"import": 0, "export": 1126010, "id": "PT"}, {"import": 0, "export": 0, "id": "BE"}, {"import": 0, "export": 0, "id": "ES"}, {"import": 0, "export": 2074900, "id": "PL"}, {"import": 0, "export": 125000, "id": "NL"}, {"import": 0, "export": 0, "id": "NG"}, {"import": 0, "export": 0, "id": "GB"}, {"import": 0, "export": 0, "id": "US"}, {"import": 0, "export": 0, "id": "CM"}, {"import": 0, "export": 484980, "id": "FR"}, {"import": 0, "export": 0, "id": "DE"}, {"import": 0, "export": 0, "id": "GR"}, {"import": 0, "export": 0, "id": "IT"}, {"import": 0, "export": 50000, "id": "LT"}, {"import": 0, "export": 0, "id": "MX"}], "world_import": 7000, "world_export": 19925230}, {"date": "2019-05-01", "list": [{"import": 10500, "export": 15986940, "id": "BR"}, {"import": 0, "export": 0, "id": "UY"}, {"import": 0, "export": 500000, "id": "PT"}, {"import": 0, "export": 0, "id": "BE"}, {"import": 0, "export": 0, "id": "ES"}, {"import": 0, "export": 450000, "id": "PL"}, {"import": 0, "export": 125000, "id": "NL"}, {"import": 0, "export": 0, "id": "NG"}, {"import": 0, "export": 0, "id": "GB"}, {"import": 0, "export": 0, "id": "US"}, {"import": 0, "export": 0, "id": "CM"}, {"import": 0, "export": 484230, "id": "FR"}, {"import": 0, "export": 674240, "id": "DE"}, {"import": 0, "export": 0, "id": "GR"}, {"import": 0, "export": 0, "id": "IT"}, {"import": 0, "export": 0, "id": "LT"}, {"import": 0, "export": 0, "id": "MX"}], "world_import": 10500, "world_export": 18220410}, {"date": "2019-06-01", "list": [{"import": 6800, "export": 15881100, "id": "BR"}, {"import": 0, "export": 0, "id": "UY"}, {"import": 0, "export": 0, "id": "PT"}, {"import": 0, "export": 0, "id": "BE"}, {"import": 0, "export": 0, "id": "ES"}, {"import": 0, "export": 250000, "id": "PL"}, {"import": 0, "export": 0, "id": "NL"}, {"import": 0, "export": 0, "id": "NG"}, {"import": 0, "export": 0, "id": "GB"}, {"import": 0, "export": 0, "id": "US"}, {"import": 0, "export": 0, "id": "CM"}, {"import": 0, "export": 487146, "id": "FR"}, {"import": 0, "export": 0, "id": "DE"}, {"import": 0, "export": 0, "id": "GR"}, {"import": 0, "export": 0, "id": "IT"}, {"import": 0, "export": 0, "id": "LT"}, {"import": 0, "export": 0, "id": "MX"}], "world_import": 6800, "world_export": 16618246}, {"date": "2019-07-01", "list": [{"import": 2650, "export": 23862110, "id": "BR"}, {"import": 0, "export": 0, "id": "UY"}, {"import": 0, "export": 499660, "id": "PT"}, {"import": 0, "export": 0, "id": "BE"}, {"import": 0, "export": 0, "id": "ES"}, {"import": 0, "export": 2120290, "id": "PL"}, {"import": 0, "export": 200000, "id": "NL"}, {"import": 0, "export": 0, "id": "NG"}, {"import": 0, "export": 0, "id": "GB"}, {"import": 0, "export": 0, "id": "US"}, {"import": 0, "export": 0, "id": "CM"}, {"import": 0, "export": 1158310, "id": "FR"}, {"import": 0, "export": 0, "id": "DE"}, {"import": 0, "export": 0, "id": "GR"}, {"import": 0, "export": 0, "id": "IT"}, {"import": 0, "export": 0, "id": "LT"}, {"import": 0, "export": 0, "id": "MX"}], "world_import": 2650, "world_export": 27840370}, {"date": "2019-08-01", "list": [{"import": 0, "export": 21326400, "id": "BR"}, {"import": 0, "export": 0, "id": "UY"}, {"import": 0, "export": 520000, "id": "PT"}, {"import": 0, "export": 0, "id": "BE"}, {"import": 0, "export": 0, "id": "ES"}, {"import": 0, "export": 619540, "id": "PL"}, {"import": 0, "export": 695000, "id": "NL"}, {"import": 0, "export": 0, "id": "NG"}, {"import": 0, "export": 0, "id": "GB"}, {"import": 0, "export": 0, "id": "US"}, {"import": 0, "export": 0, "id": "CM"}, {"import": 0, "export": 162090, "id": "FR"}, {"import": 0, "export": 0, "id": "DE"}, {"import": 0, "export": 0, "id": "GR"}, {"import": 0, "export": 0, "id": "IT"}, {"import": 0, "export": 0, "id": "LT"}, {"import": 0, "export": 0, "id": "MX"}], "world_import": 0, "world_export": 23323030}, {"date": "2019-09-01", "list": [{"import": 13000, "export": 18019600, "id": "BR"}, {"import": 0, "export": 0, "id": "UY"}, {"import": 0, "export": 0, "id": "PT"}, {"import": 0, "export": 0, "id": "BE"}, {"import": 0, "export": 0, "id": "ES"}, {"import": 0, "export": 1050000, "id": "PL"}, {"import": 0, "export": 0, "id": "NL"}, {"import": 0, "export": 0, "id": "NG"}, {"import": 0, "export": 0, "id": "GB"}, {"import": 0, "export": 0, "id": "US"}, {"import": 0, "export": 0, "id": "CM"}, {"import": 0, "export": 1955446, "id": "FR"}, {"import": 0, "export": 0, "id": "DE"}, {"import": 0, "export": 0, "id": "GR"}, {"import": 0, "export": 0, "id": "IT"}, {"import": 0, "export": 0, "id": "LT"}, {"import": 0, "export": 0, "id": "MX"}], "world_import": 13000, "world_export": 21025046}, {"date": "2019-10-01", "list": [{"import": 6600, "export": 15029200, "id": "BR"}, {"import": 0, "export": 0, "id": "UY"}, {"import": 0, "export": 312000, "id": "PT"}, {"import": 0, "export": 0, "id": "BE"}, {"import": 0, "export": 0, "id": "ES"}, {"import": 0, "export": 597130, "id": "PL"}, {"import": 0, "export": 0, "id": "NL"}, {"import": 0, "export": 0, "id": "NG"}, {"import": 0, "export": 0, "id": "GB"}, {"import": 0, "export": 0, "id": "US"}, {"import": 0, "export": 0, "id": "CM"}, {"import": 0, "export": 1566030, "id": "FR"}, {"import": 0, "export": 0, "id": "DE"}, {"import": 0, "export": 0, "id": "GR"}, {"import": 0, "export": 0, "id": "IT"}, {"import": 0, "export": 0, "id": "LT"}, {"import": 0, "export": 0, "id": "MX"}], "world_import": 6600, "world_export": 17504360}, {"date": "2019-11-01", "list": [{"import": 0, "export": 15872200, "id": "BR"}, {"import": 0, "export": 0, "id": "UY"}, {"import": 0, "export": 520000, "id": "PT"}, {"import": 0, "export": 0, "id": "BE"}, {"import": 0, "export": 0, "id": "ES"}, {"import": 0, "export": 853140, "id": "PL"}, {"import": 0, "export": 0, "id": "NL"}, {"import": 0, "export": 0, "id": "NG"}, {"import": 0, "export": 0, "id": "GB"}, {"import": 0, "export": 0, "id": "US"}, {"import": 0, "export": 0, "id": "CM"}, {"import": 0, "export": 2430770, "id": "FR"}, {"import": 0, "export": 0, "id": "DE"}, {"import": 0, "export": 0, "id": "GR"}, {"import": 0, "export": 0, "id": "IT"}, {"import": 0, "export": 0, "id": "LT"}, {"import": 0, "export": 0, "id": "MX"}], "world_import": 0, "world_export": 19676110}, {"date": "2019-12-01", "list": [{"import": 6300, "export": 8314700, "id": "BR"}, {"import": 0, "export": 0, "id": "UY"}, {"import": 0, "export": 1287310, "id": "PT"}, {"import": 0, "export": 0, "id": "BE"}, {"import": 0, "export": 0, "id": "ES"}, {"import": 0, "export": 650000, "id": "PL"}, {"import": 0, "export": 0, "id": "NL"}, {"import": 0, "export": 0, "id": "NG"}, {"import": 0, "export": 514350, "id": "GB"}, {"import": 0, "export": 0, "id": "US"}, {"import": 0, "export": 0, "id": "CM"}, {"import": 0, "export": 1311320, "id": "FR"}, {"import": 0, "export": 0, "id": "DE"}, {"import": 0, "export": 0, "id": "GR"}, {"import": 0, "export": 0, "id": "IT"}, {"import": 0, "export": 0, "id": "LT"}, {"import": 0, "export": 0, "id": "MX"}], "world_import": 6300, "world_export": 12077680}, {"date": "2020-01-01", "list": [{"import": 0, "export": 18321200, "id": "BR"}, {"import": 0, "export": 0, "id": "UY"}, {"import": 0, "export": 0, "id": "PT"}, {"import": 0, "export": 0, "id": "BE"}, {"import": 0, "export": 0, "id": "ES"}, {"import": 0, "export": 250000, "id": "PL"}, {"import": 0, "export": 0, "id": "NL"}, {"import": 0, "export": 0, "id": "NG"}, {"import": 0, "export": 0, "id": "GB"}, {"import": 0, "export": 0, "id": "US"}, {"import": 0, "export": 0, "id": "CM"}, {"import": 0, "export": 1245650, "id": "FR"}, {"import": 0, "export": 0, "id": "DE"}, {"import": 0, "export": 0, "id": "GR"}, {"import": 0, "export": 0, "id": "IT"}, {"import": 0, "export": 0, "id": "LT"}, {"import": 0, "export": 0, "id": "MX"}], "world_import": 0, "world_export": 19816850}, {"date": "2020-02-01", "list": [{"import": 4450, "export": 11275200, "id": "BR"}, {"import": 0, "export": 0, "id": "UY"}, {"import": 0, "export": 442000, "id": "PT"}, {"import": 0, "export": 0, "id": "BE"}, {"import": 0, "export": 0, "id": "ES"}, {"import": 0, "export": 250000, "id": "PL"}, {"import": 0, "export": 600000, "id": "NL"}, {"import": 0, "export": 0, "id": "NG"}, {"import": 0, "export": 0, "id": "GB"}, {"import": 0, "export": 0, "id": "US"}, {"import": 0, "export": 0, "id": "CM"}, {"import": 0, "export": 861560, "id": "FR"}, {"import": 0, "export": 0, "id": "DE"}, {"import": 0, "export": 0, "id": "GR"}, {"import": 0, "export": 0, "id": "IT"}, {"import": 0, "export": 0, "id": "LT"}, {"import": 0, "export": 0, "id": "MX"}], "world_import": 4450, "world_export": 13428760}, {"date": "2020-03-01", "list": [{"import": 14800, "export": 33744200, "id": "BR"}, {"import": 0, "export": 0, "id": "UY"}, {"import": 0, "export": 517280, "id": "PT"}, {"import": 0, "export": 0, "id": "BE"}, {"import": 0, "export": 778144, "id": "ES"}, {"import": 0, "export": 300990, "id": "PL"}, {"import": 0, "export": 300000, "id": "NL"}, {"import": 0, "export": 0, "id": "NG"}, {"import": 0, "export": 0, "id": "GB"}, {"import": 0, "export": 75000, "id": "US"}, {"import": 0, "export": 0, "id": "CM"}, {"import": 0, "export": 161340, "id": "FR"}, {"import": 0, "export": 0, "id": "DE"}, {"import": 0, "export": 0, "id": "GR"}, {"import": 0, "export": 0, "id": "IT"}, {"import": 0, "export": 0, "id": "LT"}, {"import": 0, "export": 0, "id": "MX"}], "world_import": 14800, "world_export": 35876954}, {"date": "2020-04-01", "list": [{"import": 7350, "export": 7174000, "id": "BR"}, {"import": 0, "export": 0, "id": "UY"}, {"import": 0, "export": 1540000, "id": "PT"}, {"import": 0, "export": 0, "id": "BE"}, {"import": 0, "export": 0, "id": "ES"}, {"import": 0, "export": 1898730, "id": "PL"}, {"import": 0, "export": 800000, "id": "NL"}, {"import": 0, "export": 0, "id": "NG"}, {"import": 0, "export": 503630, "id": "GB"}, {"import": 0, "export": 0, "id": "US"}, {"import": 0, "export": 0, "id": "CM"}, {"import": 0, "export": 323060, "id": "FR"}, {"import": 0, "export": 0, "id": "DE"}, {"import": 0, "export": 300000, "id": "GR"}, {"import": 0, "export": 0, "id": "IT"}, {"import": 0, "export": 0, "id": "LT"}, {"import": 0, "export": 0, "id": "MX"}], "world_import": 7350, "world_export": 12539420}, {"date": "2020-05-01", "list": [{"import": 0, "export": 4726400, "id": "BR"}, {"import": 0, "export": 0, "id": "UY"}, {"import": 0, "export": 3218940, "id": "PT"}, {"import": 0, "export": 0, "id": "BE"}, {"import": 0, "export": 1951150, "id": "ES"}, {"import": 0, "export": 499510, "id": "PL"}, {"import": 0, "export": 300000, "id": "NL"}, {"import": 0, "export": 0, "id": "NG"}, {"import": 0, "export": 0, "id": "GB"}, {"import": 0, "export": 0, "id": "US"}, {"import": 0, "export": 0, "id": "CM"}, {"import": 0, "export": 0, "id": "FR"}, {"import": 0, "export": 0, "id": "DE"}, {"import": 0, "export": 500000, "id": "GR"}, {"import": 0, "export": 0, "id": "IT"}, {"import": 0, "export": 0, "id": "LT"}, {"import": 0, "export": 0, "id": "MX"}], "world_import": 0, "world_export": 11196000}]