[{"date": "2015-12-01", "list": [{"import": 0, "export": 0, "id": "GB"}, {"import": 0, "export": 0, "id": "VN"}, {"import": 0, "export": 0, "id": "CN"}, {"import": 1208, "export": 0, "id": "ID"}, {"import": 0, "export": 0, "id": "SA"}, {"import": 0, "export": 0, "id": "IN"}], "world_import": 1208, "world_export": 0}, {"date": "2016-01-01", "list": [{"import": 0, "export": 0, "id": "GB"}, {"import": 0, "export": 0, "id": "VN"}, {"import": 0, "export": 0, "id": "CN"}, {"import": 0, "export": 0, "id": "ID"}, {"import": 4600, "export": 0, "id": "SA"}, {"import": 0, "export": 0, "id": "IN"}], "world_import": 4600, "world_export": 0}, {"date": "2016-02-01", "list": [{"import": 0, "export": 0, "id": "GB"}, {"import": 0, "export": 0, "id": "VN"}, {"import": 0, "export": 0, "id": "CN"}, {"import": 0, "export": 0, "id": "ID"}, {"import": 0, "export": 0, "id": "SA"}, {"import": 52000, "export": 0, "id": "IN"}], "world_import": 52000, "world_export": 0}, {"date": "2016-03-01", "list": [{"import": 0, "export": 0, "id": "GB"}, {"import": 0, "export": 0, "id": "VN"}, {"import": 0, "export": 0, "id": "CN"}, {"import": 0, "export": 0, "id": "ID"}, {"import": 0, "export": 0, "id": "SA"}, {"import": 0, "export": 0, "id": "IN"}], "world_import": 0, "world_export": 0}, {"date": "2016-04-01", "list": [{"import": 0, "export": 0, "id": "GB"}, {"import": 0, "export": 0, "id": "VN"}, {"import": 0, "export": 0, "id": "CN"}, {"import": 0, "export": 0, "id": "ID"}, {"import": 0, "export": 0, "id": "SA"}, {"import": 0, "export": 0, "id": "IN"}], "world_import": 0, "world_export": 0}, {"date": "2016-05-01", "list": [{"import": 0, "export": 0, "id": "GB"}, {"import": 0, "export": 0, "id": "VN"}, {"import": 0, "export": 0, "id": "CN"}, {"import": 0, "export": 0, "id": "ID"}, {"import": 0, "export": 0, "id": "SA"}, {"import": 0, "export": 0, "id": "IN"}], "world_import": 0, "world_export": 0}, {"date": "2016-06-01", "list": [{"import": 0, "export": 0, "id": "GB"}, {"import": 0, "export": 0, "id": "VN"}, {"import": 0, "export": 0, "id": "CN"}, {"import": 0, "export": 0, "id": "ID"}, {"import": 0, "export": 0, "id": "SA"}, {"import": 0, "export": 0, "id": "IN"}], "world_import": 0, "world_export": 0}, {"date": "2016-07-01", "list": [{"import": 0, "export": 0, "id": "GB"}, {"import": 0, "export": 0, "id": "VN"}, {"import": 0, "export": 0, "id": "CN"}, {"import": 0, "export": 0, "id": "ID"}, {"import": 0, "export": 0, "id": "SA"}, {"import": 0, "export": 0, "id": "IN"}], "world_import": 0, "world_export": 0}, {"date": "2016-08-01", "list": [{"import": 0, "export": 0, "id": "GB"}, {"import": 0, "export": 0, "id": "VN"}, {"import": 0, "export": 0, "id": "CN"}, {"import": 0, "export": 0, "id": "ID"}, {"import": 0, "export": 0, "id": "SA"}, {"import": 0, "export": 0, "id": "IN"}], "world_import": 0, "world_export": 0}, {"date": "2016-09-01", "list": [{"import": 0, "export": 0, "id": "GB"}, {"import": 0, "export": 0, "id": "VN"}, {"import": 0, "export": 0, "id": "CN"}, {"import": 0, "export": 0, "id": "ID"}, {"import": 0, "export": 0, "id": "SA"}, {"import": 0, "export": 0, "id": "IN"}], "world_import": 0, "world_export": 0}, {"date": "2016-10-01", "list": [{"import": 0, "export": 0, "id": "GB"}, {"import": 0, "export": 0, "id": "VN"}, {"import": 0, "export": 0, "id": "CN"}, {"import": 0, "export": 0, "id": "ID"}, {"import": 0, "export": 0, "id": "SA"}, {"import": 0, "export": 0, "id": "IN"}], "world_import": 0, "world_export": 0}, {"date": "2016-11-01", "list": [{"import": 0, "export": 0, "id": "GB"}, {"import": 0, "export": 0, "id": "VN"}, {"import": 0, "export": 0, "id": "CN"}, {"import": 0, "export": 0, "id": "ID"}, {"import": 0, "export": 0, "id": "SA"}, {"import": 0, "export": 0, "id": "IN"}], "world_import": 0, "world_export": 0}, {"date": "2016-12-01", "list": [{"import": 0, "export": 0, "id": "GB"}, {"import": 0, "export": 0, "id": "VN"}, {"import": 0, "export": 0, "id": "CN"}, {"import": 0, "export": 0, "id": "ID"}, {"import": 0, "export": 0, "id": "SA"}, {"import": 0, "export": 0, "id": "IN"}], "world_import": 0, "world_export": 0}, {"date": "2017-01-01", "list": [{"import": 0, "export": 0, "id": "GB"}, {"import": 0, "export": 0, "id": "VN"}, {"import": 2171, "export": 0, "id": "CN"}, {"import": 0, "export": 0, "id": "ID"}, {"import": 0, "export": 0, "id": "SA"}, {"import": 0, "export": 0, "id": "IN"}], "world_import": 2171, "world_export": 0}, {"date": "2017-02-01", "list": [{"import": 0, "export": 0, "id": "GB"}, {"import": 0, "export": 0, "id": "VN"}, {"import": 0, "export": 0, "id": "CN"}, {"import": 0, "export": 0, "id": "ID"}, {"import": 0, "export": 0, "id": "SA"}, {"import": 0, "export": 0, "id": "IN"}], "world_import": 0, "world_export": 0}, {"date": "2017-03-01", "list": [{"import": 0, "export": 0, "id": "GB"}, {"import": 0, "export": 0, "id": "VN"}, {"import": 0, "export": 0, "id": "CN"}, {"import": 0, "export": 0, "id": "ID"}, {"import": 0, "export": 0, "id": "SA"}, {"import": 0, "export": 0, "id": "IN"}], "world_import": 0, "world_export": 0}, {"date": "2017-04-01", "list": [{"import": 0, "export": 0, "id": "GB"}, {"import": 0, "export": 0, "id": "VN"}, {"import": 0, "export": 0, "id": "CN"}, {"import": 0, "export": 0, "id": "ID"}, {"import": 0, "export": 0, "id": "SA"}, {"import": 0, "export": 0, "id": "IN"}], "world_import": 0, "world_export": 0}, {"date": "2017-05-01", "list": [{"import": 0, "export": 0, "id": "GB"}, {"import": 0, "export": 0, "id": "VN"}, {"import": 1700, "export": 0, "id": "CN"}, {"import": 0, "export": 0, "id": "ID"}, {"import": 0, "export": 0, "id": "SA"}, {"import": 0, "export": 0, "id": "IN"}], "world_import": 1700, "world_export": 0}]