[{"date": "2014-12-01", "list": [{"import": 0, "export": 0, "id": "LK"}, {"import": 0, "export": 0, "id": "IN"}, {"import": 110, "export": 0, "id": "US"}, {"import": 0, "export": 0, "id": "AO"}, {"import": 0, "export": 0, "id": "CM"}, {"import": 0, "export": 0, "id": "CA"}, {"import": 0, "export": 0, "id": "CG"}, {"import": 0, "export": 0, "id": "BJ"}, {"import": 0, "export": 0, "id": "-"}, {"import": 0, "export": 0, "id": "LR"}], "world_import": 110, "world_export": 0}, {"date": "2015-01-01", "list": [{"import": 0, "export": 0, "id": "LK"}, {"import": 0, "export": 0, "id": "IN"}, {"import": 0, "export": 0, "id": "US"}, {"import": 0, "export": 0, "id": "AO"}, {"import": 0, "export": 0, "id": "CM"}, {"import": 0, "export": 0, "id": "CA"}, {"import": 0, "export": 0, "id": "CG"}, {"import": 0, "export": 0, "id": "BJ"}, {"import": 0, "export": 552, "id": "-"}, {"import": 0, "export": 0, "id": "LR"}], "world_import": 0, "world_export": 552}, {"date": "2015-02-01", "list": [{"import": 0, "export": 0, "id": "LK"}, {"import": 0, "export": 0, "id": "IN"}, {"import": 0, "export": 0, "id": "US"}, {"import": 0, "export": 0, "id": "AO"}, {"import": 0, "export": 394, "id": "CM"}, {"import": 0, "export": 0, "id": "CA"}, {"import": 0, "export": 0, "id": "CG"}, {"import": 0, "export": 0, "id": "BJ"}, {"import": 0, "export": 0, "id": "-"}, {"import": 0, "export": 0, "id": "LR"}], "world_import": 0, "world_export": 394}, {"date": "2015-03-01", "list": [{"import": 0, "export": 0, "id": "LK"}, {"import": 0, "export": 0, "id": "IN"}, {"import": 0, "export": 0, "id": "US"}, {"import": 0, "export": 552, "id": "AO"}, {"import": 0, "export": 0, "id": "CM"}, {"import": 0, "export": 0, "id": "CA"}, {"import": 0, "export": 800, "id": "CG"}, {"import": 0, "export": 0, "id": "BJ"}, {"import": 0, "export": 0, "id": "-"}, {"import": 0, "export": 0, "id": "LR"}], "world_import": 0, "world_export": 1352}, {"date": "2015-04-01", "list": [{"import": 0, "export": 0, "id": "LK"}, {"import": 0, "export": 0, "id": "IN"}, {"import": 0, "export": 0, "id": "US"}, {"import": 0, "export": 0, "id": "AO"}, {"import": 0, "export": 0, "id": "CM"}, {"import": 0, "export": 0, "id": "CA"}, {"import": 0, "export": 0, "id": "CG"}, {"import": 0, "export": 0, "id": "BJ"}, {"import": 0, "export": 0, "id": "-"}, {"import": 0, "export": 0, "id": "LR"}], "world_import": 0, "world_export": 0}, {"date": "2015-05-01", "list": [{"import": 7200, "export": 0, "id": "LK"}, {"import": 2000, "export": 0, "id": "IN"}, {"import": 0, "export": 0, "id": "US"}, {"import": 0, "export": 0, "id": "AO"}, {"import": 0, "export": 0, "id": "CM"}, {"import": 0, "export": 0, "id": "CA"}, {"import": 0, "export": 0, "id": "CG"}, {"import": 0, "export": 0, "id": "BJ"}, {"import": 0, "export": 0, "id": "-"}, {"import": 0, "export": 0, "id": "LR"}], "world_import": 9200, "world_export": 0}, {"date": "2015-06-01", "list": [{"import": 3500, "export": 0, "id": "LK"}, {"import": 0, "export": 0, "id": "IN"}, {"import": 0, "export": 0, "id": "US"}, {"import": 0, "export": 0, "id": "AO"}, {"import": 0, "export": 0, "id": "CM"}, {"import": 0, "export": 0, "id": "CA"}, {"import": 0, "export": 0, "id": "CG"}, {"import": 0, "export": 0, "id": "BJ"}, {"import": 0, "export": 0, "id": "-"}, {"import": 0, "export": 0, "id": "LR"}], "world_import": 3500, "world_export": 0}, {"date": "2015-07-01", "list": [{"import": 0, "export": 0, "id": "LK"}, {"import": 0, "export": 0, "id": "IN"}, {"import": 0, "export": 0, "id": "US"}, {"import": 0, "export": 0, "id": "AO"}, {"import": 0, "export": 0, "id": "CM"}, {"import": 0, "export": 0, "id": "CA"}, {"import": 0, "export": 0, "id": "CG"}, {"import": 0, "export": 0, "id": "BJ"}, {"import": 0, "export": 0, "id": "-"}, {"import": 0, "export": 0, "id": "LR"}], "world_import": 0, "world_export": 0}, {"date": "2015-08-01", "list": [{"import": 0, "export": 0, "id": "LK"}, {"import": 0, "export": 0, "id": "IN"}, {"import": 0, "export": 0, "id": "US"}, {"import": 0, "export": 0, "id": "AO"}, {"import": 0, "export": 0, "id": "CM"}, {"import": 0, "export": 0, "id": "CA"}, {"import": 0, "export": 0, "id": "CG"}, {"import": 0, "export": 0, "id": "BJ"}, {"import": 0, "export": 0, "id": "-"}, {"import": 0, "export": 450, "id": "LR"}], "world_import": 0, "world_export": 450}, {"date": "2015-09-01", "list": [{"import": 0, "export": 0, "id": "LK"}, {"import": 0, "export": 0, "id": "IN"}, {"import": 0, "export": 0, "id": "US"}, {"import": 0, "export": 0, "id": "AO"}, {"import": 0, "export": 0, "id": "CM"}, {"import": 0, "export": 0, "id": "CA"}, {"import": 0, "export": 0, "id": "CG"}, {"import": 0, "export": 0, "id": "BJ"}, {"import": 0, "export": 0, "id": "-"}, {"import": 0, "export": 0, "id": "LR"}], "world_import": 0, "world_export": 0}, {"date": "2014-04-01", "list": [{"import": 0, "export": 0, "id": "AO"}, {"import": 0, "export": 0, "id": "CM"}, {"import": 0, "export": 0, "id": "CA"}, {"import": 0, "export": 0, "id": "CG"}, {"import": 0, "export": 0, "id": "BJ"}, {"import": 0, "export": 0, "id": "-"}, {"import": 0, "export": 0, "id": "LR"}], "world_import": 0, "world_export": 0}, {"date": "2014-05-01", "list": [{"import": 0, "export": 0, "id": "AO"}, {"import": 0, "export": 0, "id": "CM"}, {"import": 0, "export": 0, "id": "CA"}, {"import": 0, "export": 0, "id": "CG"}, {"import": 0, "export": 0, "id": "BJ"}, {"import": 0, "export": 0, "id": "-"}, {"import": 0, "export": 0, "id": "LR"}], "world_import": 0, "world_export": 0}, {"date": "2014-06-01", "list": [{"import": 0, "export": 0, "id": "AO"}, {"import": 0, "export": 0, "id": "CM"}, {"import": 0, "export": 1250, "id": "CA"}, {"import": 0, "export": 0, "id": "CG"}, {"import": 0, "export": 0, "id": "BJ"}, {"import": 0, "export": 0, "id": "-"}, {"import": 0, "export": 0, "id": "LR"}], "world_import": 0, "world_export": 1250}, {"date": "2014-07-01", "list": [{"import": 0, "export": 0, "id": "AO"}, {"import": 0, "export": 0, "id": "CM"}, {"import": 0, "export": 0, "id": "CA"}, {"import": 0, "export": 0, "id": "CG"}, {"import": 0, "export": 900, "id": "BJ"}, {"import": 0, "export": 0, "id": "-"}, {"import": 0, "export": 0, "id": "LR"}], "world_import": 0, "world_export": 900}, {"date": "2014-08-01", "list": [{"import": 0, "export": 0, "id": "AO"}, {"import": 0, "export": 0, "id": "CM"}, {"import": 0, "export": 0, "id": "CA"}, {"import": 0, "export": 0, "id": "CG"}, {"import": 0, "export": 0, "id": "BJ"}, {"import": 0, "export": 0, "id": "-"}, {"import": 0, "export": 0, "id": "LR"}], "world_import": 0, "world_export": 0}, {"date": "2014-09-01", "list": [{"import": 0, "export": 0, "id": "AO"}, {"import": 0, "export": 0, "id": "CM"}, {"import": 0, "export": 0, "id": "CA"}, {"import": 0, "export": 0, "id": "CG"}, {"import": 0, "export": 0, "id": "BJ"}, {"import": 0, "export": 0, "id": "-"}, {"import": 0, "export": 0, "id": "LR"}], "world_import": 0, "world_export": 0}, {"date": "2014-10-01", "list": [{"import": 0, "export": 0, "id": "AO"}, {"import": 0, "export": 0, "id": "CM"}, {"import": 0, "export": 0, "id": "CA"}, {"import": 0, "export": 0, "id": "CG"}, {"import": 0, "export": 0, "id": "BJ"}, {"import": 0, "export": 0, "id": "-"}, {"import": 0, "export": 0, "id": "LR"}], "world_import": 0, "world_export": 0}, {"date": "2014-11-01", "list": [{"import": 0, "export": 0, "id": "AO"}, {"import": 0, "export": 0, "id": "CM"}, {"import": 0, "export": 0, "id": "CA"}, {"import": 0, "export": 0, "id": "CG"}, {"import": 0, "export": 0, "id": "BJ"}, {"import": 0, "export": 140, "id": "-"}, {"import": 0, "export": 0, "id": "LR"}], "world_import": 0, "world_export": 140}]