[{"date": "2018-11-01", "list": [{"import": 1818, "export": 0, "id": "US"}, {"import": 1100, "export": 0, "id": "CA"}, {"import": 1092, "export": 0, "id": "CN"}, {"import": 0, "export": 603437, "id": "NL"}, {"import": 0, "export": 894085, "id": "TT"}, {"import": 0, "export": 23628, "id": "PT"}, {"import": 0, "export": 0, "id": "GB"}, {"import": 0, "export": 125195, "id": "PL"}, {"import": 0, "export": 654360, "id": "ES"}, {"import": 0, "export": 0, "id": "GR"}, {"import": 0, "export": 21780, "id": "FR"}, {"import": 0, "export": 50000, "id": "DE"}, {"import": 0, "export": 645100, "id": "PA"}, {"import": 0, "export": 0, "id": "RO"}, {"import": 0, "export": 2424, "id": "KN"}, {"import": 0, "export": 19921, "id": "LC"}, {"import": 0, "export": 413358, "id": "VC"}, {"import": 0, "export": 2200, "id": "SR"}, {"import": 0, "export": 105300, "id": "VE"}, {"import": 0, "export": 254023, "id": "GD"}, {"import": 0, "export": 6840, "id": "GT"}, {"import": 0, "export": 1524, "id": "HT"}, {"import": 0, "export": 6840, "id": "HN"}, {"import": 0, "export": 0, "id": "IT"}, {"import": 0, "export": 4294980, "id": "JM"}, {"import": 0, "export": 0, "id": "LT"}, {"import": 0, "export": 0, "id": "MX"}, {"import": 0, "export": 4002, "id": "AG"}, {"import": 0, "export": 56056, "id": "BB"}, {"import": 0, "export": 0, "id": "BE"}, {"import": 0, "export": 190000, "id": "BR"}, {"import": 0, "export": 0, "id": "HR"}, {"import": 0, "export": 0, "id": "-"}, {"import": 0, "export": 29154, "id": "DM"}, {"import": 0, "export": 0, "id": "DO"}, {"import": 0, "export": 3420, "id": "SV"}], "world_import": 4010, "world_export": 8407627}, {"date": "2018-12-01", "list": [{"import": 0, "export": 0, "id": "US"}, {"import": 0, "export": 0, "id": "CA"}, {"import": 0, "export": 0, "id": "CN"}, {"import": 0, "export": 840070, "id": "NL"}, {"import": 0, "export": 388199, "id": "TT"}, {"import": 0, "export": 75000, "id": "PT"}, {"import": 0, "export": 0, "id": "GB"}, {"import": 0, "export": 0, "id": "PL"}, {"import": 0, "export": 518560, "id": "ES"}, {"import": 0, "export": 4000, "id": "GR"}, {"import": 0, "export": 21570, "id": "FR"}, {"import": 0, "export": 659970, "id": "DE"}, {"import": 0, "export": 264584, "id": "PA"}, {"import": 0, "export": 0, "id": "RO"}, {"import": 0, "export": 2475, "id": "KN"}, {"import": 0, "export": 37449, "id": "LC"}, {"import": 0, "export": 0, "id": "VC"}, {"import": 0, "export": 0, "id": "SR"}, {"import": 0, "export": 5907, "id": "VE"}, {"import": 0, "export": 49953, "id": "GD"}, {"import": 0, "export": 0, "id": "GT"}, {"import": 0, "export": 0, "id": "HT"}, {"import": 0, "export": 0, "id": "HN"}, {"import": 0, "export": 0, "id": "IT"}, {"import": 0, "export": 289676, "id": "JM"}, {"import": 0, "export": 0, "id": "LT"}, {"import": 0, "export": 0, "id": "MX"}, {"import": 0, "export": 2378, "id": "AG"}, {"import": 0, "export": 4770, "id": "BB"}, {"import": 0, "export": 2113495, "id": "BE"}, {"import": 0, "export": 0, "id": "BR"}, {"import": 0, "export": 0, "id": "HR"}, {"import": 0, "export": 0, "id": "-"}, {"import": 0, "export": 4970, "id": "DM"}, {"import": 0, "export": 0, "id": "DO"}, {"import": 0, "export": 0, "id": "SV"}], "world_import": 0, "world_export": 5283026}, {"date": "2019-01-01", "list": [{"import": 0, "export": 0, "id": "US"}, {"import": 0, "export": 0, "id": "CA"}, {"import": 0, "export": 0, "id": "CN"}, {"import": 0, "export": 1204165, "id": "NL"}, {"import": 0, "export": 253353, "id": "TT"}, {"import": 0, "export": 1133, "id": "PT"}, {"import": 0, "export": 0, "id": "GB"}, {"import": 0, "export": 49980, "id": "PL"}, {"import": 0, "export": 0, "id": "ES"}, {"import": 0, "export": 0, "id": "GR"}, {"import": 0, "export": 153356, "id": "FR"}, {"import": 0, "export": 0, "id": "DE"}, {"import": 0, "export": 1247520, "id": "PA"}, {"import": 0, "export": 0, "id": "RO"}, {"import": 0, "export": 0, "id": "KN"}, {"import": 0, "export": 26624, "id": "LC"}, {"import": 0, "export": 0, "id": "VC"}, {"import": 0, "export": 30, "id": "SR"}, {"import": 0, "export": 5700, "id": "VE"}, {"import": 0, "export": 150205, "id": "GD"}, {"import": 0, "export": 68, "id": "GT"}, {"import": 0, "export": 0, "id": "HT"}, {"import": 0, "export": 6840, "id": "HN"}, {"import": 0, "export": 0, "id": "IT"}, {"import": 0, "export": 983500, "id": "JM"}, {"import": 0, "export": 0, "id": "LT"}, {"import": 0, "export": 0, "id": "MX"}, {"import": 0, "export": 24901, "id": "AG"}, {"import": 0, "export": 34544, "id": "BB"}, {"import": 0, "export": 0, "id": "BE"}, {"import": 0, "export": 190095, "id": "BR"}, {"import": 0, "export": 0, "id": "HR"}, {"import": 0, "export": 0, "id": "-"}, {"import": 0, "export": 2406, "id": "DM"}, {"import": 0, "export": 24975, "id": "DO"}, {"import": 0, "export": 0, "id": "SV"}], "world_import": 0, "world_export": 4359395}, {"date": "2019-02-01", "list": [{"import": 0, "export": 0, "id": "US"}, {"import": 0, "export": 0, "id": "CA"}, {"import": 0, "export": 0, "id": "CN"}, {"import": 0, "export": 577539, "id": "NL"}, {"import": 0, "export": 442504, "id": "TT"}, {"import": 0, "export": 1384, "id": "PT"}, {"import": 0, "export": 0, "id": "GB"}, {"import": 0, "export": 303130, "id": "PL"}, {"import": 0, "export": 0, "id": "ES"}, {"import": 0, "export": 0, "id": "GR"}, {"import": 0, "export": 24230, "id": "FR"}, {"import": 0, "export": 401520, "id": "DE"}, {"import": 0, "export": 75075, "id": "PA"}, {"import": 0, "export": 0, "id": "RO"}, {"import": 0, "export": 0, "id": "KN"}, {"import": 0, "export": 0, "id": "LC"}, {"import": 0, "export": 0, "id": "VC"}, {"import": 0, "export": 0, "id": "SR"}, {"import": 0, "export": 5000, "id": "VE"}, {"import": 0, "export": 80090, "id": "GD"}, {"import": 0, "export": 0, "id": "GT"}, {"import": 0, "export": 0, "id": "HT"}, {"import": 0, "export": 0, "id": "HN"}, {"import": 0, "export": 0, "id": "IT"}, {"import": 0, "export": 1331440, "id": "JM"}, {"import": 0, "export": 0, "id": "LT"}, {"import": 0, "export": 0, "id": "MX"}, {"import": 0, "export": 24, "id": "AG"}, {"import": 0, "export": 4626, "id": "BB"}, {"import": 0, "export": 0, "id": "BE"}, {"import": 0, "export": 0, "id": "BR"}, {"import": 0, "export": 0, "id": "HR"}, {"import": 0, "export": 0, "id": "-"}, {"import": 0, "export": 0, "id": "DM"}, {"import": 0, "export": 0, "id": "DO"}, {"import": 0, "export": 0, "id": "SV"}], "world_import": 0, "world_export": 3246562}, {"date": "2019-03-01", "list": [{"import": 3340, "export": 27900, "id": "US"}, {"import": 0, "export": 0, "id": "CA"}, {"import": 0, "export": 0, "id": "CN"}, {"import": 0, "export": 325, "id": "NL"}, {"import": 0, "export": 439108, "id": "TT"}, {"import": 0, "export": 0, "id": "PT"}, {"import": 0, "export": 0, "id": "GB"}, {"import": 0, "export": 628760, "id": "PL"}, {"import": 0, "export": 1561, "id": "ES"}, {"import": 0, "export": 200790, "id": "GR"}, {"import": 0, "export": 43000, "id": "FR"}, {"import": 0, "export": 0, "id": "DE"}, {"import": 0, "export": 130000, "id": "PA"}, {"import": 0, "export": 0, "id": "RO"}, {"import": 0, "export": 2445, "id": "KN"}, {"import": 0, "export": 54432, "id": "LC"}, {"import": 0, "export": 0, "id": "VC"}, {"import": 0, "export": 0, "id": "SR"}, {"import": 0, "export": 0, "id": "VE"}, {"import": 0, "export": 23100, "id": "GD"}, {"import": 0, "export": 0, "id": "GT"}, {"import": 0, "export": 0, "id": "HT"}, {"import": 0, "export": 6840, "id": "HN"}, {"import": 0, "export": 0, "id": "IT"}, {"import": 0, "export": 1350322, "id": "JM"}, {"import": 0, "export": 0, "id": "LT"}, {"import": 0, "export": 0, "id": "MX"}, {"import": 0, "export": 7198, "id": "AG"}, {"import": 0, "export": 180, "id": "BB"}, {"import": 0, "export": 252550, "id": "BE"}, {"import": 0, "export": 0, "id": "BR"}, {"import": 0, "export": 0, "id": "HR"}, {"import": 0, "export": 0, "id": "-"}, {"import": 0, "export": 0, "id": "DM"}, {"import": 0, "export": 0, "id": "DO"}, {"import": 0, "export": 0, "id": "SV"}], "world_import": 3340, "world_export": 3168511}, {"date": "2019-04-01", "list": [{"import": 0, "export": 0, "id": "US"}, {"import": 0, "export": 0, "id": "CA"}, {"import": 0, "export": 0, "id": "CN"}, {"import": 0, "export": 956990, "id": "NL"}, {"import": 0, "export": 903888, "id": "TT"}, {"import": 0, "export": 0, "id": "PT"}, {"import": 0, "export": 251300, "id": "GB"}, {"import": 0, "export": 858010, "id": "PL"}, {"import": 0, "export": 302320, "id": "ES"}, {"import": 0, "export": 225380, "id": "GR"}, {"import": 0, "export": 144950, "id": "FR"}, {"import": 0, "export": 403210, "id": "DE"}, {"import": 0, "export": 371424, "id": "PA"}, {"import": 0, "export": 0, "id": "RO"}, {"import": 0, "export": 0, "id": "KN"}, {"import": 0, "export": 64977, "id": "LC"}, {"import": 0, "export": 162128, "id": "VC"}, {"import": 0, "export": 3000, "id": "SR"}, {"import": 0, "export": 157520, "id": "VE"}, {"import": 0, "export": 51582, "id": "GD"}, {"import": 0, "export": 6840, "id": "GT"}, {"import": 0, "export": 374625, "id": "HT"}, {"import": 0, "export": 6840, "id": "HN"}, {"import": 0, "export": 0, "id": "IT"}, {"import": 0, "export": 2128849, "id": "JM"}, {"import": 0, "export": 15050, "id": "LT"}, {"import": 0, "export": 0, "id": "MX"}, {"import": 0, "export": 3026, "id": "AG"}, {"import": 0, "export": 56952, "id": "BB"}, {"import": 0, "export": 251530, "id": "BE"}, {"import": 0, "export": 0, "id": "BR"}, {"import": 0, "export": 0, "id": "HR"}, {"import": 0, "export": 5000, "id": "-"}, {"import": 0, "export": 13220, "id": "DM"}, {"import": 0, "export": 0, "id": "DO"}, {"import": 0, "export": 3420, "id": "SV"}], "world_import": 0, "world_export": 7722031}, {"date": "2019-05-01", "list": [{"import": 987, "export": 23965, "id": "US"}, {"import": 0, "export": 0, "id": "CA"}, {"import": 190, "export": 0, "id": "CN"}, {"import": 0, "export": 2411280, "id": "NL"}, {"import": 0, "export": 507930, "id": "TT"}, {"import": 0, "export": 6463501, "id": "PT"}, {"import": 0, "export": 125630, "id": "GB"}, {"import": 0, "export": 957780, "id": "PL"}, {"import": 0, "export": 10620019, "id": "ES"}, {"import": 0, "export": 726762, "id": "GR"}, {"import": 0, "export": 341140, "id": "FR"}, {"import": 0, "export": 0, "id": "DE"}, {"import": 0, "export": 4124122, "id": "PA"}, {"import": 0, "export": 250230, "id": "RO"}, {"import": 0, "export": 0, "id": "KN"}, {"import": 0, "export": 24975, "id": "LC"}, {"import": 0, "export": 36755, "id": "VC"}, {"import": 0, "export": 0, "id": "SR"}, {"import": 0, "export": 495386, "id": "VE"}, {"import": 0, "export": 48000, "id": "GD"}, {"import": 0, "export": 0, "id": "GT"}, {"import": 0, "export": 824125, "id": "HT"}, {"import": 0, "export": 0, "id": "HN"}, {"import": 0, "export": 10000, "id": "IT"}, {"import": 0, "export": 622340, "id": "JM"}, {"import": 0, "export": 200050, "id": "LT"}, {"import": 0, "export": 0, "id": "MX"}, {"import": 0, "export": 2482, "id": "AG"}, {"import": 0, "export": 112493, "id": "BB"}, {"import": 0, "export": 25000, "id": "BE"}, {"import": 0, "export": 0, "id": "BR"}, {"import": 0, "export": 37500, "id": "HR"}, {"import": 0, "export": 75620, "id": "-"}, {"import": 0, "export": 29853, "id": "DM"}, {"import": 0, "export": 0, "id": "DO"}, {"import": 0, "export": 0, "id": "SV"}], "world_import": 1177, "world_export": 29096938}, {"date": "2019-06-01", "list": [{"import": 17468, "export": 0, "id": "US"}, {"import": 880, "export": 0, "id": "CA"}, {"import": 0, "export": 0, "id": "CN"}, {"import": 0, "export": 733660, "id": "NL"}, {"import": 0, "export": 828041, "id": "TT"}, {"import": 0, "export": 0, "id": "PT"}, {"import": 0, "export": 0, "id": "GB"}, {"import": 0, "export": 20000, "id": "PL"}, {"import": 0, "export": 245552, "id": "ES"}, {"import": 0, "export": 250810, "id": "GR"}, {"import": 0, "export": 0, "id": "FR"}, {"import": 0, "export": 501950, "id": "DE"}, {"import": 0, "export": 472776, "id": "PA"}, {"import": 0, "export": 0, "id": "RO"}, {"import": 0, "export": 4797, "id": "KN"}, {"import": 0, "export": 9225, "id": "LC"}, {"import": 0, "export": 482391, "id": "VC"}, {"import": 0, "export": 0, "id": "SR"}, {"import": 0, "export": 429957, "id": "VE"}, {"import": 0, "export": 49445, "id": "GD"}, {"import": 0, "export": 0, "id": "GT"}, {"import": 0, "export": 0, "id": "HT"}, {"import": 0, "export": 0, "id": "HN"}, {"import": 0, "export": 0, "id": "IT"}, {"import": 0, "export": 3157400, "id": "JM"}, {"import": 0, "export": 0, "id": "LT"}, {"import": 0, "export": 0, "id": "MX"}, {"import": 0, "export": 2508, "id": "AG"}, {"import": 0, "export": 54422, "id": "BB"}, {"import": 0, "export": 0, "id": "BE"}, {"import": 0, "export": 0, "id": "BR"}, {"import": 0, "export": 0, "id": "HR"}, {"import": 0, "export": 173785, "id": "-"}, {"import": 0, "export": 4520, "id": "DM"}, {"import": 0, "export": 0, "id": "DO"}, {"import": 0, "export": 0, "id": "SV"}], "world_import": 18348, "world_export": 7421239}, {"date": "2019-07-01", "list": [{"import": 468, "export": 0, "id": "US"}, {"import": 0, "export": 0, "id": "CA"}, {"import": 165, "export": 0, "id": "CN"}, {"import": 0, "export": 0, "id": "NL"}, {"import": 0, "export": 139485, "id": "TT"}, {"import": 0, "export": 0, "id": "PT"}, {"import": 0, "export": 0, "id": "GB"}, {"import": 0, "export": 0, "id": "PL"}, {"import": 0, "export": 0, "id": "ES"}, {"import": 0, "export": 0, "id": "GR"}, {"import": 0, "export": 0, "id": "FR"}, {"import": 0, "export": 0, "id": "DE"}, {"import": 0, "export": 0, "id": "PA"}, {"import": 0, "export": 0, "id": "RO"}, {"import": 0, "export": 0, "id": "KN"}, {"import": 0, "export": 83817, "id": "LC"}, {"import": 0, "export": 0, "id": "VC"}, {"import": 0, "export": 0, "id": "SR"}, {"import": 0, "export": 0, "id": "VE"}, {"import": 0, "export": 5009, "id": "GD"}, {"import": 0, "export": 0, "id": "GT"}, {"import": 0, "export": 0, "id": "HT"}, {"import": 0, "export": 0, "id": "HN"}, {"import": 0, "export": 0, "id": "IT"}, {"import": 0, "export": 2420, "id": "JM"}, {"import": 0, "export": 0, "id": "LT"}, {"import": 0, "export": 0, "id": "MX"}, {"import": 0, "export": 2734, "id": "AG"}, {"import": 0, "export": 2610, "id": "BB"}, {"import": 0, "export": 0, "id": "BE"}, {"import": 0, "export": 0, "id": "BR"}, {"import": 0, "export": 0, "id": "HR"}, {"import": 0, "export": 0, "id": "-"}, {"import": 0, "export": 2981, "id": "DM"}, {"import": 0, "export": 0, "id": "DO"}, {"import": 0, "export": 0, "id": "SV"}], "world_import": 633, "world_export": 239056}, {"date": "2019-08-01", "list": [{"import": 121, "export": 0, "id": "US"}, {"import": 0, "export": 0, "id": "CA"}, {"import": 0, "export": 0, "id": "CN"}, {"import": 0, "export": 0, "id": "NL"}, {"import": 0, "export": 0, "id": "TT"}, {"import": 0, "export": 0, "id": "PT"}, {"import": 0, "export": 0, "id": "GB"}, {"import": 0, "export": 0, "id": "PL"}, {"import": 0, "export": 0, "id": "ES"}, {"import": 0, "export": 0, "id": "GR"}, {"import": 0, "export": 0, "id": "FR"}, {"import": 0, "export": 0, "id": "DE"}, {"import": 0, "export": 0, "id": "PA"}, {"import": 0, "export": 0, "id": "RO"}, {"import": 0, "export": 0, "id": "KN"}, {"import": 0, "export": 0, "id": "LC"}, {"import": 0, "export": 0, "id": "VC"}, {"import": 0, "export": 0, "id": "SR"}, {"import": 0, "export": 0, "id": "VE"}, {"import": 0, "export": 0, "id": "GD"}, {"import": 0, "export": 0, "id": "GT"}, {"import": 0, "export": 0, "id": "HT"}, {"import": 0, "export": 0, "id": "HN"}, {"import": 0, "export": 0, "id": "IT"}, {"import": 0, "export": 0, "id": "JM"}, {"import": 0, "export": 0, "id": "LT"}, {"import": 0, "export": 0, "id": "MX"}, {"import": 0, "export": 0, "id": "AG"}, {"import": 0, "export": 0, "id": "BB"}, {"import": 0, "export": 0, "id": "BE"}, {"import": 0, "export": 0, "id": "BR"}, {"import": 0, "export": 0, "id": "HR"}, {"import": 0, "export": 0, "id": "-"}, {"import": 0, "export": 0, "id": "DM"}, {"import": 0, "export": 0, "id": "DO"}, {"import": 0, "export": 0, "id": "SV"}], "world_import": 121, "world_export": 0}, {"date": "2019-09-01", "list": [{"import": 1461, "export": 0, "id": "US"}, {"import": 0, "export": 0, "id": "CA"}, {"import": 0, "export": 0, "id": "CN"}, {"import": 0, "export": 1718200, "id": "NL"}, {"import": 177, "export": 19931, "id": "TT"}, {"import": 0, "export": 1500000, "id": "PT"}, {"import": 0, "export": 605335, "id": "GB"}, {"import": 0, "export": 503905, "id": "PL"}, {"import": 0, "export": 1100000, "id": "ES"}, {"import": 0, "export": 0, "id": "GR"}, {"import": 0, "export": 197305, "id": "FR"}, {"import": 0, "export": 0, "id": "DE"}, {"import": 0, "export": 0, "id": "PA"}, {"import": 0, "export": 0, "id": "RO"}, {"import": 0, "export": 0, "id": "KN"}, {"import": 0, "export": 2016, "id": "LC"}, {"import": 0, "export": 0, "id": "VC"}, {"import": 0, "export": 0, "id": "SR"}, {"import": 0, "export": 1000, "id": "VE"}, {"import": 0, "export": 0, "id": "GD"}, {"import": 0, "export": 0, "id": "GT"}, {"import": 0, "export": 0, "id": "HT"}, {"import": 0, "export": 0, "id": "HN"}, {"import": 0, "export": 0, "id": "IT"}, {"import": 0, "export": 0, "id": "JM"}, {"import": 0, "export": 0, "id": "LT"}, {"import": 0, "export": 0, "id": "MX"}, {"import": 0, "export": 0, "id": "AG"}, {"import": 0, "export": 0, "id": "BB"}, {"import": 0, "export": 0, "id": "BE"}, {"import": 0, "export": 0, "id": "BR"}, {"import": 0, "export": 0, "id": "HR"}, {"import": 0, "export": 0, "id": "-"}, {"import": 0, "export": 0, "id": "DM"}, {"import": 0, "export": 0, "id": "DO"}, {"import": 0, "export": 0, "id": "SV"}], "world_import": 1638, "world_export": 5647692}, {"date": "2019-10-01", "list": [{"import": 2457, "export": 0, "id": "US"}, {"import": 0, "export": 0, "id": "CA"}, {"import": 169, "export": 0, "id": "CN"}, {"import": 0, "export": 2422815, "id": "NL"}, {"import": 0, "export": 129992, "id": "TT"}, {"import": 0, "export": 511825, "id": "PT"}, {"import": 0, "export": 1500050, "id": "GB"}, {"import": 0, "export": 125, "id": "PL"}, {"import": 0, "export": 5146700, "id": "ES"}, {"import": 0, "export": 253010, "id": "GR"}, {"import": 0, "export": 127485, "id": "FR"}, {"import": 0, "export": 0, "id": "DE"}, {"import": 0, "export": 58375, "id": "PA"}, {"import": 0, "export": 0, "id": "RO"}, {"import": 0, "export": 0, "id": "KN"}, {"import": 0, "export": 2544, "id": "LC"}, {"import": 0, "export": 5240, "id": "VC"}, {"import": 0, "export": 0, "id": "SR"}, {"import": 0, "export": 256896, "id": "VE"}, {"import": 0, "export": 25000, "id": "GD"}, {"import": 0, "export": 0, "id": "GT"}, {"import": 0, "export": 0, "id": "HT"}, {"import": 0, "export": 0, "id": "HN"}, {"import": 0, "export": 0, "id": "IT"}, {"import": 0, "export": 149564, "id": "JM"}, {"import": 0, "export": 0, "id": "LT"}, {"import": 0, "export": 0, "id": "MX"}, {"import": 0, "export": 2024, "id": "AG"}, {"import": 0, "export": 21700, "id": "BB"}, {"import": 0, "export": 250000, "id": "BE"}, {"import": 0, "export": 0, "id": "BR"}, {"import": 0, "export": 0, "id": "HR"}, {"import": 0, "export": 0, "id": "-"}, {"import": 0, "export": 48, "id": "DM"}, {"import": 0, "export": 0, "id": "DO"}, {"import": 0, "export": 0, "id": "SV"}], "world_import": 2626, "world_export": 10863393}, {"date": "2019-11-01", "list": [{"import": 19074, "export": 0, "id": "US"}, {"import": 0, "export": 0, "id": "CA"}, {"import": 0, "export": 0, "id": "CN"}, {"import": 0, "export": 675000, "id": "NL"}, {"import": 0, "export": 300, "id": "TT"}, {"import": 0, "export": 6300000, "id": "PT"}, {"import": 0, "export": 400000, "id": "GB"}, {"import": 0, "export": 505020, "id": "PL"}, {"import": 0, "export": 500100, "id": "ES"}, {"import": 0, "export": 0, "id": "GR"}, {"import": 0, "export": 322720, "id": "FR"}, {"import": 0, "export": 505060, "id": "DE"}, {"import": 0, "export": 450, "id": "PA"}, {"import": 0, "export": 0, "id": "RO"}, {"import": 0, "export": 0, "id": "KN"}, {"import": 0, "export": 0, "id": "LC"}, {"import": 0, "export": 0, "id": "VC"}, {"import": 0, "export": 3000, "id": "SR"}, {"import": 0, "export": 578322, "id": "VE"}, {"import": 0, "export": 0, "id": "GD"}, {"import": 0, "export": 0, "id": "GT"}, {"import": 0, "export": 0, "id": "HT"}, {"import": 0, "export": 68, "id": "HN"}, {"import": 0, "export": 0, "id": "IT"}, {"import": 0, "export": 0, "id": "JM"}, {"import": 0, "export": 0, "id": "LT"}, {"import": 0, "export": 68355, "id": "MX"}, {"import": 0, "export": 0, "id": "AG"}, {"import": 0, "export": 17020, "id": "BB"}, {"import": 0, "export": 0, "id": "BE"}, {"import": 0, "export": 0, "id": "BR"}, {"import": 0, "export": 0, "id": "HR"}, {"import": 0, "export": 102, "id": "-"}, {"import": 0, "export": 0, "id": "DM"}, {"import": 0, "export": 0, "id": "DO"}, {"import": 0, "export": 34, "id": "SV"}], "world_import": 19074, "world_export": 9875551}, {"date": "2019-12-01", "list": [{"import": 514, "export": 0, "id": "US"}, {"import": 0, "export": 0, "id": "CA"}, {"import": 165, "export": 0, "id": "CN"}, {"import": 0, "export": 1307560, "id": "NL"}, {"import": 0, "export": 394, "id": "TT"}, {"import": 0, "export": 6000000, "id": "PT"}, {"import": 0, "export": 0, "id": "GB"}, {"import": 0, "export": 1010505, "id": "PL"}, {"import": 0, "export": 0, "id": "ES"}, {"import": 0, "export": 0, "id": "GR"}, {"import": 0, "export": 108000, "id": "FR"}, {"import": 0, "export": 506140, "id": "DE"}, {"import": 0, "export": 0, "id": "PA"}, {"import": 0, "export": 0, "id": "RO"}, {"import": 0, "export": 0, "id": "KN"}, {"import": 0, "export": 0, "id": "LC"}, {"import": 0, "export": 0, "id": "VC"}, {"import": 0, "export": 0, "id": "SR"}, {"import": 0, "export": 0, "id": "VE"}, {"import": 0, "export": 0, "id": "GD"}, {"import": 0, "export": 0, "id": "GT"}, {"import": 0, "export": 0, "id": "HT"}, {"import": 0, "export": 0, "id": "HN"}, {"import": 0, "export": 0, "id": "IT"}, {"import": 0, "export": 0, "id": "JM"}, {"import": 0, "export": 0, "id": "LT"}, {"import": 0, "export": 0, "id": "MX"}, {"import": 0, "export": 0, "id": "AG"}, {"import": 0, "export": 0, "id": "BB"}, {"import": 0, "export": 125000, "id": "BE"}, {"import": 0, "export": 0, "id": "BR"}, {"import": 0, "export": 0, "id": "HR"}, {"import": 0, "export": 0, "id": "-"}, {"import": 0, "export": 0, "id": "DM"}, {"import": 0, "export": 0, "id": "DO"}, {"import": 0, "export": 0, "id": "SV"}], "world_import": 679, "world_export": 9057599}, {"date": "2020-01-01", "list": [{"import": 2645, "export": 0, "id": "US"}, {"import": 0, "export": 0, "id": "CA"}, {"import": 0, "export": 0, "id": "CN"}, {"import": 0, "export": 2014005, "id": "NL"}, {"import": 0, "export": 0, "id": "TT"}, {"import": 0, "export": 0, "id": "PT"}, {"import": 0, "export": 0, "id": "GB"}, {"import": 0, "export": 0, "id": "PL"}, {"import": 0, "export": 0, "id": "ES"}, {"import": 0, "export": 0, "id": "GR"}, {"import": 0, "export": 252910, "id": "FR"}, {"import": 0, "export": 0, "id": "DE"}, {"import": 0, "export": 0, "id": "PA"}, {"import": 0, "export": 0, "id": "RO"}, {"import": 0, "export": 0, "id": "KN"}, {"import": 0, "export": 0, "id": "LC"}, {"import": 0, "export": 3320, "id": "VC"}, {"import": 0, "export": 0, "id": "SR"}, {"import": 0, "export": 0, "id": "VE"}, {"import": 0, "export": 0, "id": "GD"}, {"import": 0, "export": 0, "id": "GT"}, {"import": 0, "export": 0, "id": "HT"}, {"import": 0, "export": 0, "id": "HN"}, {"import": 0, "export": 0, "id": "IT"}, {"import": 0, "export": 0, "id": "JM"}, {"import": 0, "export": 0, "id": "LT"}, {"import": 0, "export": 0, "id": "MX"}, {"import": 0, "export": 0, "id": "AG"}, {"import": 0, "export": 0, "id": "BB"}, {"import": 0, "export": 0, "id": "BE"}, {"import": 0, "export": 0, "id": "BR"}, {"import": 0, "export": 0, "id": "HR"}, {"import": 0, "export": 0, "id": "-"}, {"import": 0, "export": 0, "id": "DM"}, {"import": 0, "export": 0, "id": "DO"}, {"import": 0, "export": 0, "id": "SV"}], "world_import": 2645, "world_export": 2270235}, {"date": "2020-02-01", "list": [{"import": 0, "export": 0, "id": "US"}, {"import": 0, "export": 0, "id": "CA"}, {"import": 0, "export": 0, "id": "CN"}, {"import": 0, "export": 505215, "id": "NL"}, {"import": 0, "export": 0, "id": "TT"}, {"import": 0, "export": 2800000, "id": "PT"}, {"import": 0, "export": 555935, "id": "GB"}, {"import": 0, "export": 504905, "id": "PL"}, {"import": 0, "export": 0, "id": "ES"}, {"import": 0, "export": 0, "id": "GR"}, {"import": 0, "export": 216381, "id": "FR"}, {"import": 0, "export": 0, "id": "DE"}, {"import": 0, "export": 0, "id": "PA"}, {"import": 0, "export": 0, "id": "RO"}, {"import": 0, "export": 0, "id": "KN"}, {"import": 0, "export": 0, "id": "LC"}, {"import": 0, "export": 0, "id": "VC"}, {"import": 0, "export": 0, "id": "SR"}, {"import": 0, "export": 0, "id": "VE"}, {"import": 0, "export": 0, "id": "GD"}, {"import": 0, "export": 0, "id": "GT"}, {"import": 0, "export": 0, "id": "HT"}, {"import": 0, "export": 0, "id": "HN"}, {"import": 0, "export": 252575, "id": "IT"}, {"import": 0, "export": 0, "id": "JM"}, {"import": 0, "export": 0, "id": "LT"}, {"import": 0, "export": 0, "id": "MX"}, {"import": 0, "export": 0, "id": "AG"}, {"import": 0, "export": 0, "id": "BB"}, {"import": 0, "export": 0, "id": "BE"}, {"import": 0, "export": 0, "id": "BR"}, {"import": 0, "export": 0, "id": "HR"}, {"import": 0, "export": 0, "id": "-"}, {"import": 0, "export": 0, "id": "DM"}, {"import": 0, "export": 0, "id": "DO"}, {"import": 0, "export": 0, "id": "SV"}], "world_import": 0, "world_export": 4835011}, {"date": "2020-03-01", "list": [{"import": 171, "export": 0, "id": "US"}, {"import": 0, "export": 0, "id": "CA"}, {"import": 102, "export": 0, "id": "CN"}, {"import": 0, "export": 0, "id": "NL"}, {"import": 0, "export": 3380, "id": "TT"}, {"import": 0, "export": 19600000, "id": "PT"}, {"import": 0, "export": 6500000, "id": "GB"}, {"import": 0, "export": 0, "id": "PL"}, {"import": 0, "export": 500000, "id": "ES"}, {"import": 0, "export": 0, "id": "GR"}, {"import": 0, "export": 0, "id": "FR"}, {"import": 0, "export": 505100, "id": "DE"}, {"import": 0, "export": 0, "id": "PA"}, {"import": 0, "export": 0, "id": "RO"}, {"import": 0, "export": 0, "id": "KN"}, {"import": 0, "export": 0, "id": "LC"}, {"import": 0, "export": 700, "id": "VC"}, {"import": 0, "export": 0, "id": "SR"}, {"import": 0, "export": 0, "id": "VE"}, {"import": 0, "export": 0, "id": "GD"}, {"import": 0, "export": 0, "id": "GT"}, {"import": 0, "export": 0, "id": "HT"}, {"import": 0, "export": 0, "id": "HN"}, {"import": 0, "export": 378740, "id": "IT"}, {"import": 0, "export": 0, "id": "JM"}, {"import": 0, "export": 0, "id": "LT"}, {"import": 0, "export": 0, "id": "MX"}, {"import": 0, "export": 0, "id": "AG"}, {"import": 0, "export": 0, "id": "BB"}, {"import": 0, "export": 0, "id": "BE"}, {"import": 0, "export": 0, "id": "BR"}, {"import": 0, "export": 0, "id": "HR"}, {"import": 0, "export": 0, "id": "-"}, {"import": 0, "export": 0, "id": "DM"}, {"import": 0, "export": 0, "id": "DO"}, {"import": 0, "export": 0, "id": "SV"}], "world_import": 273, "world_export": 27487920}, {"date": "2020-04-01", "list": [{"import": 0, "export": 0, "id": "US"}, {"import": 0, "export": 0, "id": "CA"}, {"import": 0, "export": 0, "id": "CN"}, {"import": 0, "export": 3702240, "id": "NL"}, {"import": 0, "export": 0, "id": "TT"}, {"import": 0, "export": 2050000, "id": "PT"}, {"import": 0, "export": 575000, "id": "GB"}, {"import": 0, "export": 4003005, "id": "PL"}, {"import": 0, "export": 9750000, "id": "ES"}, {"import": 0, "export": 0, "id": "GR"}, {"import": 0, "export": 359045, "id": "FR"}, {"import": 0, "export": 704545, "id": "DE"}, {"import": 0, "export": 0, "id": "PA"}, {"import": 0, "export": 500000, "id": "RO"}, {"import": 0, "export": 0, "id": "KN"}, {"import": 0, "export": 0, "id": "LC"}, {"import": 0, "export": 0, "id": "VC"}, {"import": 0, "export": 0, "id": "SR"}, {"import": 0, "export": 0, "id": "VE"}, {"import": 0, "export": 0, "id": "GD"}, {"import": 0, "export": 0, "id": "GT"}, {"import": 0, "export": 0, "id": "HT"}, {"import": 0, "export": 0, "id": "HN"}, {"import": 0, "export": 0, "id": "IT"}, {"import": 0, "export": 0, "id": "JM"}, {"import": 0, "export": 0, "id": "LT"}, {"import": 0, "export": 0, "id": "MX"}, {"import": 0, "export": 0, "id": "AG"}, {"import": 0, "export": 1600, "id": "BB"}, {"import": 0, "export": 0, "id": "BE"}, {"import": 0, "export": 0, "id": "BR"}, {"import": 0, "export": 0, "id": "HR"}, {"import": 0, "export": 0, "id": "-"}, {"import": 0, "export": 0, "id": "DM"}, {"import": 0, "export": 0, "id": "DO"}, {"import": 0, "export": 0, "id": "SV"}], "world_import": 0, "world_export": 21645435}]