[{"date": "2018-10-01", "list": [{"import": 1175000, "export": 0, "id": "PK"}, {"import": 144000, "export": 0, "id": "IN"}, {"import": 1000000, "export": 0, "id": "GY"}, {"import": 60000, "export": 0, "id": "KH"}, {"import": 615998, "export": 0, "id": "TH"}, {"import": 173093, "export": 272774, "id": "GB"}, {"import": 36105, "export": 724407, "id": "NL"}, {"import": 34, "export": 389196, "id": "FR"}, {"import": 9887, "export": 624613, "id": "DE"}, {"import": 283, "export": 32129, "id": "AT"}, {"import": 4180, "export": 172366, "id": "ES"}, {"import": 100000, "export": 3558, "id": "US"}, {"import": 72000, "export": 0, "id": "VN"}, {"import": 0, "export": 1915, "id": "SI"}, {"import": 250000, "export": 0, "id": "PY"}, {"import": 4100, "export": 49423, "id": "RO"}, {"import": 0, "export": 0, "id": "BD"}, {"import": 765, "export": 1457303, "id": "BE"}, {"import": 0, "export": 3318, "id": "BR"}, {"import": 0, "export": 0, "id": "MM"}, {"import": 0, "export": 0, "id": "LK"}, {"import": 0, "export": 0, "id": "CN"}, {"import": 0, "export": 80280, "id": "DK"}, {"import": 0, "export": 0, "id": "AR"}, {"import": 411, "export": 80229, "id": "HU"}, {"import": 0, "export": 0, "id": "ID"}, {"import": 0, "export": 0, "id": "LU"}, {"import": 10800, "export": 5618, "id": "MT"}, {"import": 0, "export": 453510, "id": "CH"}, {"import": 0, "export": 1107920, "id": "PL"}, {"import": 0, "export": 244305, "id": "-"}, {"import": 0, "export": 34244, "id": "SE"}, {"import": 0, "export": 252000, "id": "IL"}, {"import": 0, "export": 107680, "id": "FI"}, {"import": 0, "export": 4973, "id": "HR"}, {"import": 0, "export": 2000, "id": "PT"}, {"import": 0, "export": 1080, "id": "AL"}, {"import": 0, "export": 20550, "id": "SK"}, {"import": 0, "export": 3450, "id": "BG"}, {"import": 0, "export": 0, "id": "BA"}, {"import": 0, "export": 2060, "id": "LB"}, {"import": 0, "export": 0, "id": "NZ"}, {"import": 0, "export": 15504, "id": "RU"}, {"import": 0, "export": 0, "id": "UA"}, {"import": 0, "export": 7153, "id": "GR"}, {"import": 0, "export": 0, "id": "MK"}, {"import": 0, "export": 0, "id": "CY"}, {"import": 0, "export": 0, "id": "EG"}, {"import": 0, "export": 0, "id": "ME"}, {"import": 0, "export": 51000, "id": "RS"}, {"import": 0, "export": 3960, "id": "LT"}, {"import": 0, "export": 0, "id": "MD"}, {"import": 0, "export": 0, "id": "MX"}, {"import": 0, "export": 900, "id": "NO"}, {"import": 0, "export": 0, "id": "PA"}, {"import": 0, "export": 0, "id": "PE"}, {"import": 0, "export": 0, "id": "SG"}, {"import": 0, "export": 0, "id": "MA"}, {"import": 0, "export": 0, "id": "SA"}, {"import": 0, "export": 0, "id": "AE"}, {"import": 0, "export": 119600, "id": "TR"}, {"import": 0, "export": 0, "id": "UY"}, {"import": 0, "export": 1409, "id": "LV"}, {"import": 0, "export": 0, "id": "JP"}, {"import": 0, "export": 0, "id": "KZ"}, {"import": 0, "export": 0, "id": "KW"}, {"import": 0, "export": 0, "id": "GE"}, {"import": 0, "export": 920, "id": "IE"}, {"import": 0, "export": 0, "id": "AU"}, {"import": 0, "export": 0, "id": "BH"}, {"import": 0, "export": 0, "id": "BY"}, {"import": 0, "export": 0, "id": "CA"}, {"import": 0, "export": 0, "id": "CL"}, {"import": 0, "export": 0, "id": "EC"}, {"import": 0, "export": 148, "id": "EE"}], "world_import": 3656656, "world_export": 6331495}, {"date": "2018-11-01", "list": [{"import": 1725000, "export": 0, "id": "PK"}, {"import": 0, "export": 0, "id": "IN"}, {"import": 2785000, "export": 0, "id": "GY"}, {"import": 0, "export": 0, "id": "KH"}, {"import": 344400, "export": 0, "id": "TH"}, {"import": 132068, "export": 308431, "id": "GB"}, {"import": 47210, "export": 750669, "id": "NL"}, {"import": 80, "export": 333853, "id": "FR"}, {"import": 1322, "export": 545107, "id": "DE"}, {"import": 422, "export": 34642, "id": "AT"}, {"import": 21300, "export": 192422, "id": "ES"}, {"import": 0, "export": 1158, "id": "US"}, {"import": 0, "export": 0, "id": "VN"}, {"import": 0, "export": 3318, "id": "SI"}, {"import": 1400180, "export": 0, "id": "PY"}, {"import": 150, "export": 5180, "id": "RO"}, {"import": 0, "export": 0, "id": "BD"}, {"import": 4174, "export": 1927154, "id": "BE"}, {"import": 0, "export": 20066, "id": "BR"}, {"import": 0, "export": 0, "id": "MM"}, {"import": 0, "export": 0, "id": "LK"}, {"import": 0, "export": 0, "id": "CN"}, {"import": 0, "export": 12065, "id": "DK"}, {"import": 0, "export": 0, "id": "AR"}, {"import": 0, "export": 58090, "id": "HU"}, {"import": 0, "export": 0, "id": "ID"}, {"import": 0, "export": 0, "id": "LU"}, {"import": 1250, "export": 2359, "id": "MT"}, {"import": 0, "export": 844386, "id": "CH"}, {"import": 0, "export": 808022, "id": "PL"}, {"import": 0, "export": 170139, "id": "-"}, {"import": 0, "export": 26982, "id": "SE"}, {"import": 0, "export": 140000, "id": "IL"}, {"import": 0, "export": 107680, "id": "FI"}, {"import": 0, "export": 27530, "id": "HR"}, {"import": 0, "export": 21106, "id": "PT"}, {"import": 0, "export": 0, "id": "AL"}, {"import": 0, "export": 46026, "id": "SK"}, {"import": 0, "export": 218, "id": "BG"}, {"import": 0, "export": 0, "id": "BA"}, {"import": 0, "export": 480, "id": "LB"}, {"import": 0, "export": 0, "id": "NZ"}, {"import": 0, "export": 0, "id": "RU"}, {"import": 0, "export": 420, "id": "UA"}, {"import": 0, "export": 8289, "id": "GR"}, {"import": 0, "export": 0, "id": "MK"}, {"import": 0, "export": 0, "id": "CY"}, {"import": 0, "export": 480, "id": "EG"}, {"import": 0, "export": 2400, "id": "ME"}, {"import": 0, "export": 12040, "id": "RS"}, {"import": 0, "export": 3330, "id": "LT"}, {"import": 0, "export": 0, "id": "MD"}, {"import": 0, "export": 10000, "id": "MX"}, {"import": 0, "export": 0, "id": "NO"}, {"import": 0, "export": 40, "id": "PA"}, {"import": 0, "export": 0, "id": "PE"}, {"import": 0, "export": 1008, "id": "SG"}, {"import": 0, "export": 2160, "id": "MA"}, {"import": 0, "export": 16240, "id": "SA"}, {"import": 0, "export": 300, "id": "AE"}, {"import": 0, "export": 125000, "id": "TR"}, {"import": 0, "export": 0, "id": "UY"}, {"import": 0, "export": 48620, "id": "LV"}, {"import": 0, "export": 0, "id": "JP"}, {"import": 0, "export": 0, "id": "KZ"}, {"import": 0, "export": 0, "id": "KW"}, {"import": 0, "export": 810, "id": "GE"}, {"import": 0, "export": 0, "id": "IE"}, {"import": 0, "export": 0, "id": "AU"}, {"import": 0, "export": 0, "id": "BH"}, {"import": 0, "export": 0, "id": "BY"}, {"import": 0, "export": 2268, "id": "CA"}, {"import": 0, "export": 0, "id": "CL"}, {"import": 0, "export": 0, "id": "EC"}, {"import": 0, "export": 0, "id": "EE"}], "world_import": 6462556, "world_export": 6620488}, {"date": "2018-12-01", "list": [{"import": 582800, "export": 0, "id": "PK"}, {"import": 66000, "export": 0, "id": "IN"}, {"import": 0, "export": 0, "id": "GY"}, {"import": 60000, "export": 0, "id": "KH"}, {"import": 363400, "export": 0, "id": "TH"}, {"import": 87102, "export": 312541, "id": "GB"}, {"import": 74428, "export": 518708, "id": "NL"}, {"import": 58317, "export": 300688, "id": "FR"}, {"import": 66, "export": 490025, "id": "DE"}, {"import": 433, "export": 14394, "id": "AT"}, {"import": 8676, "export": 101395, "id": "ES"}, {"import": 0, "export": 9060, "id": "US"}, {"import": 0, "export": 0, "id": "VN"}, {"import": 0, "export": 15345, "id": "SI"}, {"import": 0, "export": 0, "id": "PY"}, {"import": 0, "export": 3214, "id": "RO"}, {"import": 0, "export": 0, "id": "BD"}, {"import": 0, "export": 2517723, "id": "BE"}, {"import": 240000, "export": 1440, "id": "BR"}, {"import": 0, "export": 0, "id": "MM"}, {"import": 0, "export": 0, "id": "LK"}, {"import": 0, "export": 0, "id": "CN"}, {"import": 0, "export": 72120, "id": "DK"}, {"import": 60280, "export": 0, "id": "AR"}, {"import": 97, "export": 53155, "id": "HU"}, {"import": 878, "export": 0, "id": "ID"}, {"import": 0, "export": 0, "id": "LU"}, {"import": 0, "export": 2759, "id": "MT"}, {"import": 0, "export": 611508, "id": "CH"}, {"import": 0, "export": 790096, "id": "PL"}, {"import": 0, "export": 204494, "id": "-"}, {"import": 0, "export": 29812, "id": "SE"}, {"import": 0, "export": 112000, "id": "IL"}, {"import": 0, "export": 54400, "id": "FI"}, {"import": 0, "export": 7219, "id": "HR"}, {"import": 0, "export": 0, "id": "PT"}, {"import": 0, "export": 540, "id": "AL"}, {"import": 0, "export": 0, "id": "SK"}, {"import": 0, "export": 72165, "id": "BG"}, {"import": 0, "export": 600, "id": "BA"}, {"import": 0, "export": 4000, "id": "LB"}, {"import": 0, "export": 0, "id": "NZ"}, {"import": 0, "export": 3240, "id": "RU"}, {"import": 0, "export": 0, "id": "UA"}, {"import": 0, "export": 5828, "id": "GR"}, {"import": 0, "export": 0, "id": "MK"}, {"import": 0, "export": 0, "id": "CY"}, {"import": 0, "export": 1008, "id": "EG"}, {"import": 0, "export": 0, "id": "ME"}, {"import": 0, "export": 864, "id": "RS"}, {"import": 0, "export": 3660, "id": "LT"}, {"import": 0, "export": 0, "id": "MD"}, {"import": 0, "export": 0, "id": "MX"}, {"import": 0, "export": 0, "id": "NO"}, {"import": 0, "export": 0, "id": "PA"}, {"import": 0, "export": 0, "id": "PE"}, {"import": 0, "export": 0, "id": "SG"}, {"import": 0, "export": 0, "id": "MA"}, {"import": 0, "export": 0, "id": "SA"}, {"import": 0, "export": 900, "id": "AE"}, {"import": 0, "export": 0, "id": "TR"}, {"import": 0, "export": 0, "id": "UY"}, {"import": 0, "export": 1363, "id": "LV"}, {"import": 0, "export": 0, "id": "JP"}, {"import": 0, "export": 0, "id": "KZ"}, {"import": 0, "export": 1760, "id": "KW"}, {"import": 0, "export": 0, "id": "GE"}, {"import": 0, "export": 2760, "id": "IE"}, {"import": 0, "export": 0, "id": "AU"}, {"import": 0, "export": 2184, "id": "BH"}, {"import": 0, "export": 0, "id": "BY"}, {"import": 0, "export": 0, "id": "CA"}, {"import": 0, "export": 0, "id": "CL"}, {"import": 0, "export": 0, "id": "EC"}, {"import": 0, "export": 0, "id": "EE"}], "world_import": 1602477, "world_export": 6322968}, {"date": "2019-01-01", "list": [{"import": 6524000, "export": 0, "id": "PK"}, {"import": 178000, "export": 0, "id": "IN"}, {"import": 0, "export": 0, "id": "GY"}, {"import": 0, "export": 0, "id": "KH"}, {"import": 405052, "export": 0, "id": "TH"}, {"import": 146567, "export": 267165, "id": "GB"}, {"import": 159539, "export": 640949, "id": "NL"}, {"import": 0, "export": 433321, "id": "FR"}, {"import": 13, "export": 689698, "id": "DE"}, {"import": 291, "export": 9089, "id": "AT"}, {"import": 5040, "export": 134098, "id": "ES"}, {"import": 279845, "export": 0, "id": "US"}, {"import": 0, "export": 0, "id": "VN"}, {"import": 0, "export": 1362, "id": "SI"}, {"import": 0, "export": 0, "id": "PY"}, {"import": 8450, "export": 10735, "id": "RO"}, {"import": 0, "export": 0, "id": "BD"}, {"import": 77, "export": 2126193, "id": "BE"}, {"import": 0, "export": 630, "id": "BR"}, {"import": 0, "export": 0, "id": "MM"}, {"import": 0, "export": 0, "id": "LK"}, {"import": 0, "export": 0, "id": "CN"}, {"import": 0, "export": 75990, "id": "DK"}, {"import": 0, "export": 0, "id": "AR"}, {"import": 0, "export": 27493, "id": "HU"}, {"import": 0, "export": 0, "id": "ID"}, {"import": 0, "export": 0, "id": "LU"}, {"import": 0, "export": 595, "id": "MT"}, {"import": 0, "export": 350184, "id": "CH"}, {"import": 0, "export": 774665, "id": "PL"}, {"import": 0, "export": 189165, "id": "-"}, {"import": 0, "export": 39012, "id": "SE"}, {"import": 0, "export": 97280, "id": "IL"}, {"import": 0, "export": 115390, "id": "FI"}, {"import": 0, "export": 4227, "id": "HR"}, {"import": 0, "export": 2944, "id": "PT"}, {"import": 0, "export": 3960, "id": "AL"}, {"import": 0, "export": 25141, "id": "SK"}, {"import": 0, "export": 63898, "id": "BG"}, {"import": 0, "export": 600, "id": "BA"}, {"import": 0, "export": 0, "id": "LB"}, {"import": 0, "export": 1460, "id": "NZ"}, {"import": 0, "export": 1440, "id": "RU"}, {"import": 0, "export": 0, "id": "UA"}, {"import": 0, "export": 1684, "id": "GR"}, {"import": 0, "export": 0, "id": "MK"}, {"import": 0, "export": 1692, "id": "CY"}, {"import": 0, "export": 0, "id": "EG"}, {"import": 0, "export": 2400, "id": "ME"}, {"import": 0, "export": 6600, "id": "RS"}, {"import": 0, "export": 1008, "id": "LT"}, {"import": 0, "export": 0, "id": "MD"}, {"import": 0, "export": 0, "id": "MX"}, {"import": 0, "export": 700, "id": "NO"}, {"import": 0, "export": 0, "id": "PA"}, {"import": 0, "export": 0, "id": "PE"}, {"import": 0, "export": 0, "id": "SG"}, {"import": 0, "export": 0, "id": "MA"}, {"import": 0, "export": 0, "id": "SA"}, {"import": 0, "export": 10966, "id": "AE"}, {"import": 0, "export": 0, "id": "TR"}, {"import": 0, "export": 0, "id": "UY"}, {"import": 0, "export": 1140, "id": "LV"}, {"import": 0, "export": 240, "id": "JP"}, {"import": 0, "export": 0, "id": "KZ"}, {"import": 0, "export": 0, "id": "KW"}, {"import": 0, "export": 0, "id": "GE"}, {"import": 0, "export": 0, "id": "IE"}, {"import": 0, "export": 0, "id": "AU"}, {"import": 0, "export": 204, "id": "BH"}, {"import": 0, "export": 0, "id": "BY"}, {"import": 0, "export": 0, "id": "CA"}, {"import": 0, "export": 0, "id": "CL"}, {"import": 0, "export": 0, "id": "EC"}, {"import": 0, "export": 1180, "id": "EE"}], "world_import": 7706874, "world_export": 6114498}, {"date": "2019-02-01", "list": [{"import": 4925000, "export": 0, "id": "PK"}, {"import": 610000, "export": 0, "id": "IN"}, {"import": 0, "export": 0, "id": "GY"}, {"import": 110000, "export": 0, "id": "KH"}, {"import": 410000, "export": 0, "id": "TH"}, {"import": 32900, "export": 191861, "id": "GB"}, {"import": 76651, "export": 792630, "id": "NL"}, {"import": 11549, "export": 372251, "id": "FR"}, {"import": 1640, "export": 290124, "id": "DE"}, {"import": 378, "export": 27101, "id": "AT"}, {"import": 0, "export": 169407, "id": "ES"}, {"import": 0, "export": 8720, "id": "US"}, {"import": 312000, "export": 0, "id": "VN"}, {"import": 0, "export": 1968, "id": "SI"}, {"import": 0, "export": 0, "id": "PY"}, {"import": 0, "export": 14529, "id": "RO"}, {"import": 0, "export": 0, "id": "BD"}, {"import": 3044, "export": 1372313, "id": "BE"}, {"import": 0, "export": 4812, "id": "BR"}, {"import": 0, "export": 0, "id": "MM"}, {"import": 0, "export": 0, "id": "LK"}, {"import": 250000, "export": 0, "id": "CN"}, {"import": 0, "export": 57550, "id": "DK"}, {"import": 0, "export": 4620, "id": "AR"}, {"import": 45, "export": 73893, "id": "HU"}, {"import": 0, "export": 0, "id": "ID"}, {"import": 0, "export": 0, "id": "LU"}, {"import": 0, "export": 3369, "id": "MT"}, {"import": 0, "export": 1134974, "id": "CH"}, {"import": 0, "export": 732691, "id": "PL"}, {"import": 0, "export": 173250, "id": "-"}, {"import": 0, "export": 38222, "id": "SE"}, {"import": 0, "export": 0, "id": "IL"}, {"import": 0, "export": 85210, "id": "FI"}, {"import": 0, "export": 6741, "id": "HR"}, {"import": 0, "export": 2808, "id": "PT"}, {"import": 0, "export": 0, "id": "AL"}, {"import": 0, "export": 50530, "id": "SK"}, {"import": 0, "export": 2816, "id": "BG"}, {"import": 0, "export": 600, "id": "BA"}, {"import": 0, "export": 0, "id": "LB"}, {"import": 0, "export": 5760, "id": "NZ"}, {"import": 0, "export": 504, "id": "RU"}, {"import": 0, "export": 0, "id": "UA"}, {"import": 0, "export": 6546, "id": "GR"}, {"import": 0, "export": 0, "id": "MK"}, {"import": 0, "export": 280, "id": "CY"}, {"import": 0, "export": 0, "id": "EG"}, {"import": 0, "export": 0, "id": "ME"}, {"import": 0, "export": 1680, "id": "RS"}, {"import": 0, "export": 6474, "id": "LT"}, {"import": 0, "export": 0, "id": "MD"}, {"import": 0, "export": 768, "id": "MX"}, {"import": 0, "export": 0, "id": "NO"}, {"import": 0, "export": 0, "id": "PA"}, {"import": 0, "export": 450, "id": "PE"}, {"import": 0, "export": 0, "id": "SG"}, {"import": 0, "export": 0, "id": "MA"}, {"import": 0, "export": 19680, "id": "SA"}, {"import": 0, "export": 0, "id": "AE"}, {"import": 0, "export": 0, "id": "TR"}, {"import": 0, "export": 840, "id": "UY"}, {"import": 0, "export": 168, "id": "LV"}, {"import": 0, "export": 0, "id": "JP"}, {"import": 0, "export": 0, "id": "KZ"}, {"import": 0, "export": 0, "id": "KW"}, {"import": 0, "export": 0, "id": "GE"}, {"import": 0, "export": 3600, "id": "IE"}, {"import": 0, "export": 0, "id": "AU"}, {"import": 0, "export": 0, "id": "BH"}, {"import": 0, "export": 0, "id": "BY"}, {"import": 0, "export": 0, "id": "CA"}, {"import": 0, "export": 0, "id": "CL"}, {"import": 0, "export": 1291, "id": "EC"}, {"import": 0, "export": 690, "id": "EE"}], "world_import": 6743207, "world_export": 5661721}, {"date": "2019-03-01", "list": [{"import": 8573000, "export": 0, "id": "PK"}, {"import": 2125500, "export": 0, "id": "IN"}, {"import": 2484000, "export": 0, "id": "GY"}, {"import": 60000, "export": 0, "id": "KH"}, {"import": 246400, "export": 0, "id": "TH"}, {"import": 78880, "export": 211847, "id": "GB"}, {"import": 24950, "export": 918526, "id": "NL"}, {"import": 93920, "export": 413716, "id": "FR"}, {"import": 67790, "export": 698023, "id": "DE"}, {"import": 461, "export": 27547, "id": "AT"}, {"import": 10803, "export": 146670, "id": "ES"}, {"import": 240000, "export": 23150, "id": "US"}, {"import": 20000, "export": 0, "id": "VN"}, {"import": 0, "export": 26644, "id": "SI"}, {"import": 0, "export": 0, "id": "PY"}, {"import": 30, "export": 10318, "id": "RO"}, {"import": 0, "export": 0, "id": "BD"}, {"import": 31452, "export": 1485590, "id": "BE"}, {"import": 0, "export": 50312, "id": "BR"}, {"import": 0, "export": 0, "id": "MM"}, {"import": 0, "export": 0, "id": "LK"}, {"import": 250468, "export": 0, "id": "CN"}, {"import": 0, "export": 50568, "id": "DK"}, {"import": 0, "export": 0, "id": "AR"}, {"import": 551, "export": 33944, "id": "HU"}, {"import": 0, "export": 0, "id": "ID"}, {"import": 0, "export": 367, "id": "LU"}, {"import": 0, "export": 2432, "id": "MT"}, {"import": 0, "export": 537320, "id": "CH"}, {"import": 0, "export": 607802, "id": "PL"}, {"import": 0, "export": 219095, "id": "-"}, {"import": 0, "export": 53828, "id": "SE"}, {"import": 0, "export": 24000, "id": "IL"}, {"import": 0, "export": 70862, "id": "FI"}, {"import": 0, "export": 16498, "id": "HR"}, {"import": 0, "export": 21760, "id": "PT"}, {"import": 0, "export": 1080, "id": "AL"}, {"import": 0, "export": 27015, "id": "SK"}, {"import": 0, "export": 312, "id": "BG"}, {"import": 0, "export": 1200, "id": "BA"}, {"import": 0, "export": 480, "id": "LB"}, {"import": 0, "export": 0, "id": "NZ"}, {"import": 0, "export": 14300, "id": "RU"}, {"import": 0, "export": 0, "id": "UA"}, {"import": 0, "export": 1724, "id": "GR"}, {"import": 0, "export": 0, "id": "MK"}, {"import": 0, "export": 450, "id": "CY"}, {"import": 0, "export": 0, "id": "EG"}, {"import": 0, "export": 0, "id": "ME"}, {"import": 0, "export": 6440, "id": "RS"}, {"import": 0, "export": 4560, "id": "LT"}, {"import": 0, "export": 0, "id": "MD"}, {"import": 0, "export": 0, "id": "MX"}, {"import": 0, "export": 800, "id": "NO"}, {"import": 0, "export": 0, "id": "PA"}, {"import": 0, "export": 0, "id": "PE"}, {"import": 0, "export": 0, "id": "SG"}, {"import": 0, "export": 0, "id": "MA"}, {"import": 0, "export": 42532, "id": "SA"}, {"import": 0, "export": 6050, "id": "AE"}, {"import": 0, "export": 0, "id": "TR"}, {"import": 0, "export": 0, "id": "UY"}, {"import": 0, "export": 2280, "id": "LV"}, {"import": 0, "export": 0, "id": "JP"}, {"import": 0, "export": 0, "id": "KZ"}, {"import": 0, "export": 0, "id": "KW"}, {"import": 0, "export": 0, "id": "GE"}, {"import": 0, "export": 0, "id": "IE"}, {"import": 0, "export": 0, "id": "AU"}, {"import": 0, "export": 0, "id": "BH"}, {"import": 0, "export": 0, "id": "BY"}, {"import": 0, "export": 900, "id": "CA"}, {"import": 0, "export": 0, "id": "CL"}, {"import": 0, "export": 0, "id": "EC"}, {"import": 0, "export": 880, "id": "EE"}], "world_import": 14308205, "world_export": 5761822}, {"date": "2019-04-01", "list": [{"import": 4262000, "export": 0, "id": "PK"}, {"import": 904000, "export": 700, "id": "IN"}, {"import": 3991000, "export": 0, "id": "GY"}, {"import": 0, "export": 0, "id": "KH"}, {"import": 783568, "export": 0, "id": "TH"}, {"import": 49158, "export": 174424, "id": "GB"}, {"import": 1500, "export": 788763, "id": "NL"}, {"import": 198719, "export": 440406, "id": "FR"}, {"import": 10737, "export": 369643, "id": "DE"}, {"import": 437, "export": 91050, "id": "AT"}, {"import": 8689, "export": 133756, "id": "ES"}, {"import": 140000, "export": 31752, "id": "US"}, {"import": 656000, "export": 0, "id": "VN"}, {"import": 24000, "export": 6610, "id": "SI"}, {"import": 500110, "export": 0, "id": "PY"}, {"import": 0, "export": 5156, "id": "RO"}, {"import": 0, "export": 0, "id": "BD"}, {"import": 2802, "export": 1629902, "id": "BE"}, {"import": 0, "export": 3660, "id": "BR"}, {"import": 0, "export": 0, "id": "MM"}, {"import": 0, "export": 0, "id": "LK"}, {"import": 750000, "export": 0, "id": "CN"}, {"import": 0, "export": 35160, "id": "DK"}, {"import": 0, "export": 0, "id": "AR"}, {"import": 319, "export": 30944, "id": "HU"}, {"import": 0, "export": 0, "id": "ID"}, {"import": 720, "export": 91, "id": "LU"}, {"import": 0, "export": 2878, "id": "MT"}, {"import": 0, "export": 533800, "id": "CH"}, {"import": 0, "export": 218661, "id": "PL"}, {"import": 0, "export": 218719, "id": "-"}, {"import": 0, "export": 45464, "id": "SE"}, {"import": 0, "export": 24720, "id": "IL"}, {"import": 0, "export": 38571, "id": "FI"}, {"import": 0, "export": 6808, "id": "HR"}, {"import": 0, "export": 11594, "id": "PT"}, {"import": 0, "export": 6288, "id": "AL"}, {"import": 0, "export": 15111, "id": "SK"}, {"import": 0, "export": 3830, "id": "BG"}, {"import": 0, "export": 0, "id": "BA"}, {"import": 0, "export": 0, "id": "LB"}, {"import": 0, "export": 1120, "id": "NZ"}, {"import": 0, "export": 3240, "id": "RU"}, {"import": 0, "export": 0, "id": "UA"}, {"import": 0, "export": 2803, "id": "GR"}, {"import": 0, "export": 0, "id": "MK"}, {"import": 0, "export": 0, "id": "CY"}, {"import": 0, "export": 0, "id": "EG"}, {"import": 0, "export": 3840, "id": "ME"}, {"import": 0, "export": 0, "id": "RS"}, {"import": 0, "export": 4140, "id": "LT"}, {"import": 0, "export": 0, "id": "MD"}, {"import": 0, "export": 0, "id": "MX"}, {"import": 0, "export": 0, "id": "NO"}, {"import": 0, "export": 0, "id": "PA"}, {"import": 0, "export": 0, "id": "PE"}, {"import": 0, "export": 0, "id": "SG"}, {"import": 0, "export": 0, "id": "MA"}, {"import": 0, "export": 0, "id": "SA"}, {"import": 0, "export": 0, "id": "AE"}, {"import": 0, "export": 0, "id": "TR"}, {"import": 0, "export": 0, "id": "UY"}, {"import": 0, "export": 318, "id": "LV"}, {"import": 0, "export": 0, "id": "JP"}, {"import": 0, "export": 0, "id": "KZ"}, {"import": 0, "export": 0, "id": "KW"}, {"import": 0, "export": 0, "id": "GE"}, {"import": 0, "export": 0, "id": "IE"}, {"import": 0, "export": 0, "id": "AU"}, {"import": 0, "export": 0, "id": "BH"}, {"import": 0, "export": 0, "id": "BY"}, {"import": 0, "export": 0, "id": "CA"}, {"import": 0, "export": 0, "id": "CL"}, {"import": 0, "export": 0, "id": "EC"}, {"import": 0, "export": 960, "id": "EE"}], "world_import": 12283759, "world_export": 4884882}, {"date": "2019-05-01", "list": [{"import": 7984290, "export": 0, "id": "PK"}, {"import": 846000, "export": 0, "id": "IN"}, {"import": 2981000, "export": 0, "id": "GY"}, {"import": 250000, "export": 0, "id": "KH"}, {"import": 194930, "export": 0, "id": "TH"}, {"import": 83398, "export": 272781, "id": "GB"}, {"import": 3276, "export": 468801, "id": "NL"}, {"import": 399777, "export": 412064, "id": "FR"}, {"import": 1520, "export": 533215, "id": "DE"}, {"import": 385, "export": 6249, "id": "AT"}, {"import": 9311, "export": 194082, "id": "ES"}, {"import": 140000, "export": 38497, "id": "US"}, {"import": 120000, "export": 0, "id": "VN"}, {"import": 26500, "export": 4537, "id": "SI"}, {"import": 0, "export": 0, "id": "PY"}, {"import": 0, "export": 8919, "id": "RO"}, {"import": 0, "export": 0, "id": "BD"}, {"import": 765, "export": 2783520, "id": "BE"}, {"import": 120000, "export": 21960, "id": "BR"}, {"import": 0, "export": 0, "id": "MM"}, {"import": 0, "export": 0, "id": "LK"}, {"import": 250000, "export": 0, "id": "CN"}, {"import": 900, "export": 9130, "id": "DK"}, {"import": 0, "export": 0, "id": "AR"}, {"import": 219, "export": 37925, "id": "HU"}, {"import": 1840, "export": 0, "id": "ID"}, {"import": 0, "export": 301, "id": "LU"}, {"import": 18575, "export": 2816, "id": "MT"}, {"import": 0, "export": 558752, "id": "CH"}, {"import": 0, "export": 316358, "id": "PL"}, {"import": 0, "export": 217620, "id": "-"}, {"import": 0, "export": 32032, "id": "SE"}, {"import": 0, "export": 48000, "id": "IL"}, {"import": 0, "export": 89220, "id": "FI"}, {"import": 0, "export": 12054, "id": "HR"}, {"import": 0, "export": 16036, "id": "PT"}, {"import": 0, "export": 11460, "id": "AL"}, {"import": 0, "export": 24155, "id": "SK"}, {"import": 0, "export": 1786, "id": "BG"}, {"import": 0, "export": 6800, "id": "BA"}, {"import": 0, "export": 0, "id": "LB"}, {"import": 0, "export": 0, "id": "NZ"}, {"import": 0, "export": 5544, "id": "RU"}, {"import": 0, "export": 0, "id": "UA"}, {"import": 0, "export": 3274, "id": "GR"}, {"import": 0, "export": 0, "id": "MK"}, {"import": 0, "export": 360, "id": "CY"}, {"import": 0, "export": 0, "id": "EG"}, {"import": 0, "export": 0, "id": "ME"}, {"import": 0, "export": 19680, "id": "RS"}, {"import": 0, "export": 4888, "id": "LT"}, {"import": 0, "export": 0, "id": "MD"}, {"import": 0, "export": 576, "id": "MX"}, {"import": 0, "export": 0, "id": "NO"}, {"import": 0, "export": 0, "id": "PA"}, {"import": 0, "export": 450, "id": "PE"}, {"import": 0, "export": 0, "id": "SG"}, {"import": 0, "export": 0, "id": "MA"}, {"import": 0, "export": 240, "id": "SA"}, {"import": 0, "export": 300, "id": "AE"}, {"import": 0, "export": 0, "id": "TR"}, {"import": 0, "export": 0, "id": "UY"}, {"import": 0, "export": 2142, "id": "LV"}, {"import": 0, "export": 0, "id": "JP"}, {"import": 0, "export": 0, "id": "KZ"}, {"import": 0, "export": 0, "id": "KW"}, {"import": 0, "export": 0, "id": "GE"}, {"import": 0, "export": 7710, "id": "IE"}, {"import": 0, "export": 0, "id": "AU"}, {"import": 0, "export": 0, "id": "BH"}, {"import": 0, "export": 374, "id": "BY"}, {"import": 0, "export": 0, "id": "CA"}, {"import": 0, "export": 0, "id": "CL"}, {"import": 0, "export": 0, "id": "EC"}, {"import": 0, "export": 0, "id": "EE"}], "world_import": 13432686, "world_export": 6174608}, {"date": "2019-06-01", "list": [{"import": 6118000, "export": 0, "id": "PK"}, {"import": 1000, "export": 0, "id": "IN"}, {"import": 0, "export": 0, "id": "GY"}, {"import": 0, "export": 0, "id": "KH"}, {"import": 451992, "export": 0, "id": "TH"}, {"import": 108418, "export": 336445, "id": "GB"}, {"import": 750, "export": 419933, "id": "NL"}, {"import": 253003, "export": 360640, "id": "FR"}, {"import": 51911, "export": 276450, "id": "DE"}, {"import": 312, "export": 30961, "id": "AT"}, {"import": 26309, "export": 100935, "id": "ES"}, {"import": 0, "export": 700, "id": "US"}, {"import": 0, "export": 0, "id": "VN"}, {"import": 0, "export": 5921, "id": "SI"}, {"import": 0, "export": 0, "id": "PY"}, {"import": 50, "export": 7451, "id": "RO"}, {"import": 0, "export": 0, "id": "BD"}, {"import": 51, "export": 1319001, "id": "BE"}, {"import": 0, "export": 2602, "id": "BR"}, {"import": 0, "export": 0, "id": "MM"}, {"import": 0, "export": 0, "id": "LK"}, {"import": 500000, "export": 0, "id": "CN"}, {"import": 0, "export": 47335, "id": "DK"}, {"import": 0, "export": 0, "id": "AR"}, {"import": 56, "export": 15169, "id": "HU"}, {"import": 0, "export": 0, "id": "ID"}, {"import": 0, "export": 0, "id": "LU"}, {"import": 0, "export": 5563, "id": "MT"}, {"import": 0, "export": 622000, "id": "CH"}, {"import": 0, "export": 144188, "id": "PL"}, {"import": 0, "export": 197995, "id": "-"}, {"import": 0, "export": 21744, "id": "SE"}, {"import": 0, "export": 68000, "id": "IL"}, {"import": 0, "export": 8201, "id": "FI"}, {"import": 0, "export": 20525, "id": "HR"}, {"import": 0, "export": 0, "id": "PT"}, {"import": 0, "export": 0, "id": "AL"}, {"import": 0, "export": 247, "id": "SK"}, {"import": 0, "export": 22030, "id": "BG"}, {"import": 0, "export": 1200, "id": "BA"}, {"import": 0, "export": 0, "id": "LB"}, {"import": 0, "export": 1120, "id": "NZ"}, {"import": 0, "export": 700, "id": "RU"}, {"import": 0, "export": 1092, "id": "UA"}, {"import": 0, "export": 1284, "id": "GR"}, {"import": 0, "export": 0, "id": "MK"}, {"import": 0, "export": 1600, "id": "CY"}, {"import": 0, "export": 0, "id": "EG"}, {"import": 0, "export": 779, "id": "ME"}, {"import": 0, "export": 2520, "id": "RS"}, {"import": 0, "export": 5368, "id": "LT"}, {"import": 0, "export": 0, "id": "MD"}, {"import": 0, "export": 864, "id": "MX"}, {"import": 0, "export": 1000, "id": "NO"}, {"import": 0, "export": 0, "id": "PA"}, {"import": 0, "export": 0, "id": "PE"}, {"import": 0, "export": 0, "id": "SG"}, {"import": 0, "export": 0, "id": "MA"}, {"import": 0, "export": 0, "id": "SA"}, {"import": 0, "export": 9716, "id": "AE"}, {"import": 0, "export": 0, "id": "TR"}, {"import": 0, "export": 0, "id": "UY"}, {"import": 0, "export": 304, "id": "LV"}, {"import": 0, "export": 0, "id": "JP"}, {"import": 0, "export": 0, "id": "KZ"}, {"import": 0, "export": 0, "id": "KW"}, {"import": 0, "export": 0, "id": "GE"}, {"import": 0, "export": 0, "id": "IE"}, {"import": 0, "export": 600, "id": "AU"}, {"import": 0, "export": 2364, "id": "BH"}, {"import": 0, "export": 0, "id": "BY"}, {"import": 0, "export": 0, "id": "CA"}, {"import": 0, "export": 0, "id": "CL"}, {"import": 0, "export": 0, "id": "EC"}, {"import": 0, "export": 0, "id": "EE"}], "world_import": 7511852, "world_export": 4064547}, {"date": "2019-07-01", "list": [{"import": 1910000, "export": 0, "id": "PK"}, {"import": 1207000, "export": 0, "id": "IN"}, {"import": 0, "export": 0, "id": "GY"}, {"import": 125000, "export": 0, "id": "KH"}, {"import": 419375, "export": 0, "id": "TH"}, {"import": 70932, "export": 258648, "id": "GB"}, {"import": 3000, "export": 247888, "id": "NL"}, {"import": 65144, "export": 468560, "id": "FR"}, {"import": 806, "export": 430010, "id": "DE"}, {"import": 449, "export": 4756, "id": "AT"}, {"import": 278, "export": 111514, "id": "ES"}, {"import": 0, "export": 30428, "id": "US"}, {"import": 0, "export": 0, "id": "VN"}, {"import": 0, "export": 4919, "id": "SI"}, {"import": 0, "export": 0, "id": "PY"}, {"import": 1, "export": 5873, "id": "RO"}, {"import": 0, "export": 0, "id": "BD"}, {"import": 86126, "export": 1460358, "id": "BE"}, {"import": 0, "export": 5538, "id": "BR"}, {"import": 500000, "export": 0, "id": "MM"}, {"import": 0, "export": 0, "id": "LK"}, {"import": 1000000, "export": 0, "id": "CN"}, {"import": 0, "export": 2225, "id": "DK"}, {"import": 66000, "export": 0, "id": "AR"}, {"import": 56, "export": 71494, "id": "HU"}, {"import": 0, "export": 0, "id": "ID"}, {"import": 1000, "export": 25, "id": "LU"}, {"import": 0, "export": 4010, "id": "MT"}, {"import": 0, "export": 495764, "id": "CH"}, {"import": 0, "export": 305525, "id": "PL"}, {"import": 0, "export": 216050, "id": "-"}, {"import": 0, "export": 43014, "id": "SE"}, {"import": 0, "export": 22000, "id": "IL"}, {"import": 0, "export": 7120, "id": "FI"}, {"import": 0, "export": 7145, "id": "HR"}, {"import": 0, "export": 6546, "id": "PT"}, {"import": 0, "export": 1620, "id": "AL"}, {"import": 0, "export": 0, "id": "SK"}, {"import": 0, "export": 48240, "id": "BG"}, {"import": 0, "export": 0, "id": "BA"}, {"import": 0, "export": 420, "id": "LB"}, {"import": 0, "export": 0, "id": "NZ"}, {"import": 0, "export": 8586, "id": "RU"}, {"import": 0, "export": 0, "id": "UA"}, {"import": 0, "export": 2043, "id": "GR"}, {"import": 0, "export": 0, "id": "MK"}, {"import": 0, "export": 0, "id": "CY"}, {"import": 0, "export": 0, "id": "EG"}, {"import": 0, "export": 3840, "id": "ME"}, {"import": 0, "export": 11320, "id": "RS"}, {"import": 0, "export": 900, "id": "LT"}, {"import": 0, "export": 0, "id": "MD"}, {"import": 0, "export": 960, "id": "MX"}, {"import": 0, "export": 0, "id": "NO"}, {"import": 0, "export": 0, "id": "PA"}, {"import": 0, "export": 0, "id": "PE"}, {"import": 0, "export": 0, "id": "SG"}, {"import": 0, "export": 0, "id": "MA"}, {"import": 0, "export": 450, "id": "SA"}, {"import": 0, "export": 300, "id": "AE"}, {"import": 0, "export": 0, "id": "TR"}, {"import": 0, "export": 0, "id": "UY"}, {"import": 0, "export": 2744, "id": "LV"}, {"import": 0, "export": 0, "id": "JP"}, {"import": 0, "export": 720, "id": "KZ"}, {"import": 0, "export": 0, "id": "KW"}, {"import": 0, "export": 0, "id": "GE"}, {"import": 0, "export": 0, "id": "IE"}, {"import": 0, "export": 0, "id": "AU"}, {"import": 0, "export": 0, "id": "BH"}, {"import": 0, "export": 0, "id": "BY"}, {"import": 0, "export": 900, "id": "CA"}, {"import": 0, "export": 0, "id": "CL"}, {"import": 0, "export": 0, "id": "EC"}, {"import": 0, "export": 0, "id": "EE"}], "world_import": 5455167, "world_export": 4292453}, {"date": "2019-08-01", "list": [{"import": 3415000, "export": 0, "id": "PK"}, {"import": 25520, "export": 0, "id": "IN"}, {"import": 0, "export": 0, "id": "GY"}, {"import": 125000, "export": 0, "id": "KH"}, {"import": 174000, "export": 0, "id": "TH"}, {"import": 50928, "export": 249918, "id": "GB"}, {"import": 300, "export": 40760, "id": "NL"}, {"import": 288, "export": 213842, "id": "FR"}, {"import": 3349, "export": 249831, "id": "DE"}, {"import": 430, "export": 7365, "id": "AT"}, {"import": 157, "export": 46319, "id": "ES"}, {"import": 0, "export": 27428, "id": "US"}, {"import": 490000, "export": 0, "id": "VN"}, {"import": 44000, "export": 3478, "id": "SI"}, {"import": 0, "export": 0, "id": "PY"}, {"import": 0, "export": 7115, "id": "RO"}, {"import": 0, "export": 0, "id": "BD"}, {"import": 2658, "export": 931915, "id": "BE"}, {"import": 0, "export": 1590, "id": "BR"}, {"import": 0, "export": 0, "id": "MM"}, {"import": 0, "export": 0, "id": "LK"}, {"import": 750000, "export": 0, "id": "CN"}, {"import": 0, "export": 77080, "id": "DK"}, {"import": 0, "export": 3500, "id": "AR"}, {"import": 40, "export": 36275, "id": "HU"}, {"import": 0, "export": 0, "id": "ID"}, {"import": 500, "export": 0, "id": "LU"}, {"import": 0, "export": 966, "id": "MT"}, {"import": 0, "export": 73920, "id": "CH"}, {"import": 0, "export": 25080, "id": "PL"}, {"import": 0, "export": 48002, "id": "-"}, {"import": 0, "export": 26346, "id": "SE"}, {"import": 0, "export": 48000, "id": "IL"}, {"import": 0, "export": 33880, "id": "FI"}, {"import": 0, "export": 172, "id": "HR"}, {"import": 0, "export": 50480, "id": "PT"}, {"import": 0, "export": 1600, "id": "AL"}, {"import": 0, "export": 37918, "id": "SK"}, {"import": 0, "export": 72852, "id": "BG"}, {"import": 0, "export": 0, "id": "BA"}, {"import": 0, "export": 1500, "id": "LB"}, {"import": 0, "export": 5760, "id": "NZ"}, {"import": 0, "export": 0, "id": "RU"}, {"import": 0, "export": 0, "id": "UA"}, {"import": 0, "export": 2772, "id": "GR"}, {"import": 0, "export": 0, "id": "MK"}, {"import": 0, "export": 0, "id": "CY"}, {"import": 0, "export": 0, "id": "EG"}, {"import": 0, "export": 0, "id": "ME"}, {"import": 0, "export": 2000, "id": "RS"}, {"import": 0, "export": 960, "id": "LT"}, {"import": 0, "export": 0, "id": "MD"}, {"import": 0, "export": 0, "id": "MX"}, {"import": 0, "export": 0, "id": "NO"}, {"import": 0, "export": 0, "id": "PA"}, {"import": 0, "export": 0, "id": "PE"}, {"import": 0, "export": 0, "id": "SG"}, {"import": 0, "export": 0, "id": "MA"}, {"import": 0, "export": 12720, "id": "SA"}, {"import": 0, "export": 19524, "id": "AE"}, {"import": 0, "export": 0, "id": "TR"}, {"import": 0, "export": 0, "id": "UY"}, {"import": 0, "export": 450, "id": "LV"}, {"import": 0, "export": 0, "id": "JP"}, {"import": 0, "export": 0, "id": "KZ"}, {"import": 0, "export": 2184, "id": "KW"}, {"import": 0, "export": 0, "id": "GE"}, {"import": 0, "export": 0, "id": "IE"}, {"import": 0, "export": 0, "id": "AU"}, {"import": 0, "export": 0, "id": "BH"}, {"import": 0, "export": 0, "id": "BY"}, {"import": 0, "export": 590, "id": "CA"}, {"import": 0, "export": 0, "id": "CL"}, {"import": 0, "export": 0, "id": "EC"}, {"import": 0, "export": 0, "id": "EE"}], "world_import": 5082170, "world_export": 2364092}, {"date": "2019-09-01", "list": [{"import": 3386410, "export": 0, "id": "PK"}, {"import": 367500, "export": 0, "id": "IN"}, {"import": 0, "export": 0, "id": "GY"}, {"import": 250000, "export": 0, "id": "KH"}, {"import": 320810, "export": 0, "id": "TH"}, {"import": 154031, "export": 219084, "id": "GB"}, {"import": 1950, "export": 128148, "id": "NL"}, {"import": 30224, "export": 478131, "id": "FR"}, {"import": 88995, "export": 543696, "id": "DE"}, {"import": 387, "export": 30347, "id": "AT"}, {"import": 5317, "export": 59973, "id": "ES"}, {"import": 0, "export": 31192, "id": "US"}, {"import": 1911000, "export": 0, "id": "VN"}, {"import": 0, "export": 7661, "id": "SI"}, {"import": 0, "export": 0, "id": "PY"}, {"import": 640, "export": 8519, "id": "RO"}, {"import": 0, "export": 0, "id": "BD"}, {"import": 6076, "export": 1123777, "id": "BE"}, {"import": 0, "export": 1248, "id": "BR"}, {"import": 0, "export": 0, "id": "MM"}, {"import": 0, "export": 0, "id": "LK"}, {"import": 0, "export": 0, "id": "CN"}, {"import": 0, "export": 45090, "id": "DK"}, {"import": 0, "export": 0, "id": "AR"}, {"import": 370, "export": 26153, "id": "HU"}, {"import": 0, "export": 0, "id": "ID"}, {"import": 0, "export": 0, "id": "LU"}, {"import": 0, "export": 1968, "id": "MT"}, {"import": 0, "export": 59604, "id": "CH"}, {"import": 0, "export": 363743, "id": "PL"}, {"import": 0, "export": 102636, "id": "-"}, {"import": 0, "export": 38280, "id": "SE"}, {"import": 0, "export": 112000, "id": "IL"}, {"import": 0, "export": 37880, "id": "FI"}, {"import": 0, "export": 15749, "id": "HR"}, {"import": 0, "export": 8172, "id": "PT"}, {"import": 0, "export": 800, "id": "AL"}, {"import": 0, "export": 0, "id": "SK"}, {"import": 0, "export": 2077, "id": "BG"}, {"import": 0, "export": 1200, "id": "BA"}, {"import": 0, "export": 0, "id": "LB"}, {"import": 0, "export": 0, "id": "NZ"}, {"import": 0, "export": 0, "id": "RU"}, {"import": 0, "export": 600, "id": "UA"}, {"import": 0, "export": 2278, "id": "GR"}, {"import": 0, "export": 0, "id": "MK"}, {"import": 0, "export": 0, "id": "CY"}, {"import": 0, "export": 0, "id": "EG"}, {"import": 0, "export": 2400, "id": "ME"}, {"import": 0, "export": 0, "id": "RS"}, {"import": 0, "export": 2300, "id": "LT"}, {"import": 0, "export": 1128, "id": "MD"}, {"import": 0, "export": 864, "id": "MX"}, {"import": 0, "export": 1900, "id": "NO"}, {"import": 0, "export": 0, "id": "PA"}, {"import": 0, "export": 0, "id": "PE"}, {"import": 0, "export": 0, "id": "SG"}, {"import": 0, "export": 560, "id": "MA"}, {"import": 0, "export": 0, "id": "SA"}, {"import": 0, "export": 0, "id": "AE"}, {"import": 0, "export": 0, "id": "TR"}, {"import": 0, "export": 0, "id": "UY"}, {"import": 0, "export": 638, "id": "LV"}, {"import": 0, "export": 0, "id": "JP"}, {"import": 0, "export": 0, "id": "KZ"}, {"import": 0, "export": 0, "id": "KW"}, {"import": 0, "export": 0, "id": "GE"}, {"import": 0, "export": 6458, "id": "IE"}, {"import": 0, "export": 0, "id": "AU"}, {"import": 0, "export": 450, "id": "BH"}, {"import": 0, "export": 0, "id": "BY"}, {"import": 0, "export": 0, "id": "CA"}, {"import": 0, "export": 0, "id": "CL"}, {"import": 0, "export": 0, "id": "EC"}, {"import": 0, "export": 271, "id": "EE"}], "world_import": 6523710, "world_export": 3466975}, {"date": "2019-10-01", "list": [{"import": 2640350, "export": 0, "id": "PK"}, {"import": 389500, "export": 0, "id": "IN"}, {"import": 0, "export": 0, "id": "GY"}, {"import": 250000, "export": 0, "id": "KH"}, {"import": 290733, "export": 0, "id": "TH"}, {"import": 74778, "export": 305655, "id": "GB"}, {"import": 25518, "export": 781516, "id": "NL"}, {"import": 70, "export": 518017, "id": "FR"}, {"import": 2178, "export": 258541, "id": "DE"}, {"import": 459, "export": 9747, "id": "AT"}, {"import": 6658, "export": 124979, "id": "ES"}, {"import": 0, "export": 624, "id": "US"}, {"import": 0, "export": 0, "id": "VN"}, {"import": 0, "export": 13915, "id": "SI"}, {"import": 0, "export": 0, "id": "PY"}, {"import": 100, "export": 16519, "id": "RO"}, {"import": 0, "export": 0, "id": "BD"}, {"import": 20132, "export": 1326262, "id": "BE"}, {"import": 120000, "export": 25962, "id": "BR"}, {"import": 0, "export": 0, "id": "MM"}, {"import": 0, "export": 0, "id": "LK"}, {"import": 0, "export": 0, "id": "CN"}, {"import": 0, "export": 45241, "id": "DK"}, {"import": 0, "export": 0, "id": "AR"}, {"import": 274, "export": 11312, "id": "HU"}, {"import": 0, "export": 0, "id": "ID"}, {"import": 0, "export": 0, "id": "LU"}, {"import": 0, "export": 3323, "id": "MT"}, {"import": 0, "export": 460778, "id": "CH"}, {"import": 0, "export": 765158, "id": "PL"}, {"import": 0, "export": 222338, "id": "-"}, {"import": 0, "export": 37156, "id": "SE"}, {"import": 0, "export": 48500, "id": "IL"}, {"import": 0, "export": 181268, "id": "FI"}, {"import": 0, "export": 19505, "id": "HR"}, {"import": 0, "export": 11014, "id": "PT"}, {"import": 0, "export": 3600, "id": "AL"}, {"import": 0, "export": 9106, "id": "SK"}, {"import": 0, "export": 418, "id": "BG"}, {"import": 0, "export": 5200, "id": "BA"}, {"import": 0, "export": 720, "id": "LB"}, {"import": 0, "export": 0, "id": "NZ"}, {"import": 0, "export": 5630, "id": "RU"}, {"import": 0, "export": 162, "id": "UA"}, {"import": 0, "export": 3984, "id": "GR"}, {"import": 0, "export": 0, "id": "MK"}, {"import": 0, "export": 2080, "id": "CY"}, {"import": 0, "export": 0, "id": "EG"}, {"import": 0, "export": 0, "id": "ME"}, {"import": 0, "export": 11200, "id": "RS"}, {"import": 0, "export": 6486, "id": "LT"}, {"import": 0, "export": 0, "id": "MD"}, {"import": 0, "export": 0, "id": "MX"}, {"import": 0, "export": 0, "id": "NO"}, {"import": 0, "export": 0, "id": "PA"}, {"import": 0, "export": 0, "id": "PE"}, {"import": 0, "export": 0, "id": "SG"}, {"import": 0, "export": 0, "id": "MA"}, {"import": 0, "export": 0, "id": "SA"}, {"import": 0, "export": 0, "id": "AE"}, {"import": 0, "export": 350, "id": "TR"}, {"import": 0, "export": 0, "id": "UY"}, {"import": 0, "export": 280, "id": "LV"}, {"import": 0, "export": 0, "id": "JP"}, {"import": 0, "export": 0, "id": "KZ"}, {"import": 0, "export": 0, "id": "KW"}, {"import": 0, "export": 0, "id": "GE"}, {"import": 0, "export": 0, "id": "IE"}, {"import": 0, "export": 0, "id": "AU"}, {"import": 0, "export": 0, "id": "BH"}, {"import": 0, "export": 0, "id": "BY"}, {"import": 0, "export": 0, "id": "CA"}, {"import": 0, "export": 0, "id": "CL"}, {"import": 0, "export": 0, "id": "EC"}, {"import": 0, "export": 730, "id": "EE"}], "world_import": 3820750, "world_export": 5237276}, {"date": "2019-11-01", "list": [{"import": 1486130, "export": 0, "id": "PK"}, {"import": 364000, "export": 0, "id": "IN"}, {"import": 0, "export": 0, "id": "GY"}, {"import": 0, "export": 0, "id": "KH"}, {"import": 276504, "export": 0, "id": "TH"}, {"import": 198844, "export": 270577, "id": "GB"}, {"import": 30790, "export": 555316, "id": "NL"}, {"import": 538, "export": 475206, "id": "FR"}, {"import": 2153, "export": 386825, "id": "DE"}, {"import": 373, "export": 30722, "id": "AT"}, {"import": 21426, "export": 104143, "id": "ES"}, {"import": 0, "export": 5298, "id": "US"}, {"import": 265000, "export": 0, "id": "VN"}, {"import": 22000, "export": 1878, "id": "SI"}, {"import": 0, "export": 0, "id": "PY"}, {"import": 0, "export": 6540, "id": "RO"}, {"import": 0, "export": 0, "id": "BD"}, {"import": 43511, "export": 1520559, "id": "BE"}, {"import": 0, "export": 9480, "id": "BR"}, {"import": 0, "export": 0, "id": "MM"}, {"import": 0, "export": 0, "id": "LK"}, {"import": 0, "export": 0, "id": "CN"}, {"import": 0, "export": 59575, "id": "DK"}, {"import": 0, "export": 0, "id": "AR"}, {"import": 174, "export": 29868, "id": "HU"}, {"import": 468, "export": 0, "id": "ID"}, {"import": 0, "export": 0, "id": "LU"}, {"import": 0, "export": 4523, "id": "MT"}, {"import": 0, "export": 481534, "id": "CH"}, {"import": 0, "export": 490208, "id": "PL"}, {"import": 0, "export": 149025, "id": "-"}, {"import": 0, "export": 50864, "id": "SE"}, {"import": 0, "export": 48000, "id": "IL"}, {"import": 0, "export": 84900, "id": "FI"}, {"import": 0, "export": 15878, "id": "HR"}, {"import": 0, "export": 1836, "id": "PT"}, {"import": 0, "export": 1680, "id": "AL"}, {"import": 0, "export": 24330, "id": "SK"}, {"import": 0, "export": 74782, "id": "BG"}, {"import": 0, "export": 1800, "id": "BA"}, {"import": 0, "export": 0, "id": "LB"}, {"import": 0, "export": 0, "id": "NZ"}, {"import": 0, "export": 3150, "id": "RU"}, {"import": 0, "export": 0, "id": "UA"}, {"import": 0, "export": 4784, "id": "GR"}, {"import": 0, "export": 0, "id": "MK"}, {"import": 0, "export": 0, "id": "CY"}, {"import": 0, "export": 0, "id": "EG"}, {"import": 0, "export": 840, "id": "ME"}, {"import": 0, "export": 9640, "id": "RS"}, {"import": 0, "export": 1230, "id": "LT"}, {"import": 0, "export": 0, "id": "MD"}, {"import": 0, "export": 5000, "id": "MX"}, {"import": 0, "export": 1500, "id": "NO"}, {"import": 0, "export": 0, "id": "PA"}, {"import": 0, "export": 0, "id": "PE"}, {"import": 0, "export": 0, "id": "SG"}, {"import": 0, "export": 0, "id": "MA"}, {"import": 0, "export": 21250, "id": "SA"}, {"import": 0, "export": 0, "id": "AE"}, {"import": 0, "export": 0, "id": "TR"}, {"import": 0, "export": 0, "id": "UY"}, {"import": 0, "export": 1158, "id": "LV"}, {"import": 0, "export": 0, "id": "JP"}, {"import": 0, "export": 0, "id": "KZ"}, {"import": 0, "export": 0, "id": "KW"}, {"import": 0, "export": 0, "id": "GE"}, {"import": 0, "export": 0, "id": "IE"}, {"import": 0, "export": 840, "id": "AU"}, {"import": 0, "export": 0, "id": "BH"}, {"import": 0, "export": 0, "id": "BY"}, {"import": 0, "export": 0, "id": "CA"}, {"import": 0, "export": 0, "id": "CL"}, {"import": 0, "export": 0, "id": "EC"}, {"import": 0, "export": 804, "id": "EE"}], "world_import": 2711911, "world_export": 4935543}, {"date": "2019-12-01", "list": [{"import": 1285000, "export": 0, "id": "PK"}, {"import": 294000, "export": 0, "id": "IN"}, {"import": 0, "export": 0, "id": "GY"}, {"import": 250000, "export": 0, "id": "KH"}, {"import": 306250, "export": 0, "id": "TH"}, {"import": 106356, "export": 274935, "id": "GB"}, {"import": 0, "export": 467747, "id": "NL"}, {"import": 11329, "export": 406673, "id": "FR"}, {"import": 1699, "export": 482220, "id": "DE"}, {"import": 412, "export": 4033, "id": "AT"}, {"import": 51526, "export": 89479, "id": "ES"}, {"import": 0, "export": 2432, "id": "US"}, {"import": 0, "export": 0, "id": "VN"}, {"import": 0, "export": 19776, "id": "SI"}, {"import": 0, "export": 0, "id": "PY"}, {"import": 58, "export": 3327, "id": "RO"}, {"import": 20000, "export": 0, "id": "BD"}, {"import": 2492, "export": 1304202, "id": "BE"}, {"import": 0, "export": 38912, "id": "BR"}, {"import": 0, "export": 0, "id": "MM"}, {"import": 0, "export": 0, "id": "LK"}, {"import": 0, "export": 0, "id": "CN"}, {"import": 0, "export": 11486, "id": "DK"}, {"import": 0, "export": 0, "id": "AR"}, {"import": 557, "export": 10532, "id": "HU"}, {"import": 0, "export": 0, "id": "ID"}, {"import": 0, "export": 0, "id": "LU"}, {"import": 0, "export": 3288, "id": "MT"}, {"import": 0, "export": 711440, "id": "CH"}, {"import": 0, "export": 454566, "id": "PL"}, {"import": 0, "export": 127853, "id": "-"}, {"import": 0, "export": 29852, "id": "SE"}, {"import": 0, "export": 0, "id": "IL"}, {"import": 0, "export": 66100, "id": "FI"}, {"import": 0, "export": 35903, "id": "HR"}, {"import": 0, "export": 0, "id": "PT"}, {"import": 0, "export": 540, "id": "AL"}, {"import": 0, "export": 6082, "id": "SK"}, {"import": 0, "export": 64858, "id": "BG"}, {"import": 0, "export": 0, "id": "BA"}, {"import": 0, "export": 2800, "id": "LB"}, {"import": 0, "export": 0, "id": "NZ"}, {"import": 0, "export": 3600, "id": "RU"}, {"import": 0, "export": 0, "id": "UA"}, {"import": 0, "export": 444, "id": "GR"}, {"import": 0, "export": 0, "id": "MK"}, {"import": 0, "export": 0, "id": "CY"}, {"import": 0, "export": 0, "id": "EG"}, {"import": 0, "export": 3000, "id": "ME"}, {"import": 0, "export": 1680, "id": "RS"}, {"import": 0, "export": 3990, "id": "LT"}, {"import": 0, "export": 0, "id": "MD"}, {"import": 0, "export": 768, "id": "MX"}, {"import": 0, "export": 0, "id": "NO"}, {"import": 0, "export": 0, "id": "PA"}, {"import": 0, "export": 0, "id": "PE"}, {"import": 0, "export": 0, "id": "SG"}, {"import": 0, "export": 0, "id": "MA"}, {"import": 0, "export": 0, "id": "SA"}, {"import": 0, "export": 13338, "id": "AE"}, {"import": 0, "export": 0, "id": "TR"}, {"import": 0, "export": 0, "id": "UY"}, {"import": 0, "export": 348, "id": "LV"}, {"import": 0, "export": 0, "id": "JP"}, {"import": 0, "export": 0, "id": "KZ"}, {"import": 0, "export": 0, "id": "KW"}, {"import": 0, "export": 0, "id": "GE"}, {"import": 0, "export": 216, "id": "IE"}, {"import": 0, "export": 0, "id": "AU"}, {"import": 0, "export": 252, "id": "BH"}, {"import": 0, "export": 0, "id": "BY"}, {"import": 0, "export": 1370, "id": "CA"}, {"import": 0, "export": 0, "id": "CL"}, {"import": 0, "export": 0, "id": "EC"}, {"import": 0, "export": 0, "id": "EE"}], "world_import": 2329679, "world_export": 4648042}, {"date": "2020-01-01", "list": [{"import": 6119000, "export": 0, "id": "PK"}, {"import": 66000, "export": 0, "id": "IN"}, {"import": 0, "export": 0, "id": "GY"}, {"import": 290000, "export": 0, "id": "KH"}, {"import": 326850, "export": 0, "id": "TH"}, {"import": 71800, "export": 274970, "id": "GB"}, {"import": 2250, "export": 853973, "id": "NL"}, {"import": 32112, "export": 435437, "id": "FR"}, {"import": 37287, "export": 489742, "id": "DE"}, {"import": 190, "export": 44121, "id": "AT"}, {"import": 50177, "export": 135442, "id": "ES"}, {"import": 0, "export": 30060, "id": "US"}, {"import": 116000, "export": 0, "id": "VN"}, {"import": 0, "export": 2537, "id": "SI"}, {"import": 0, "export": 0, "id": "PY"}, {"import": 20000, "export": 5325, "id": "RO"}, {"import": 21000, "export": 0, "id": "BD"}, {"import": 26156, "export": 1901373, "id": "BE"}, {"import": 0, "export": 720, "id": "BR"}, {"import": 0, "export": 0, "id": "MM"}, {"import": 0, "export": 0, "id": "LK"}, {"import": 0, "export": 0, "id": "CN"}, {"import": 0, "export": 63820, "id": "DK"}, {"import": 66000, "export": 0, "id": "AR"}, {"import": 117, "export": 28597, "id": "HU"}, {"import": 0, "export": 0, "id": "ID"}, {"import": 0, "export": 322, "id": "LU"}, {"import": 23994, "export": 4040, "id": "MT"}, {"import": 0, "export": 908826, "id": "CH"}, {"import": 0, "export": 445514, "id": "PL"}, {"import": 0, "export": 217647, "id": "-"}, {"import": 0, "export": 43181, "id": "SE"}, {"import": 0, "export": 48000, "id": "IL"}, {"import": 0, "export": 21900, "id": "FI"}, {"import": 0, "export": 7802, "id": "HR"}, {"import": 0, "export": 10084, "id": "PT"}, {"import": 0, "export": 540, "id": "AL"}, {"import": 0, "export": 188, "id": "SK"}, {"import": 0, "export": 1013, "id": "BG"}, {"import": 0, "export": 1200, "id": "BA"}, {"import": 0, "export": 0, "id": "LB"}, {"import": 0, "export": 0, "id": "NZ"}, {"import": 0, "export": 504, "id": "RU"}, {"import": 0, "export": 0, "id": "UA"}, {"import": 0, "export": 1736, "id": "GR"}, {"import": 0, "export": 0, "id": "MK"}, {"import": 0, "export": 840, "id": "CY"}, {"import": 0, "export": 0, "id": "EG"}, {"import": 0, "export": 0, "id": "ME"}, {"import": 0, "export": 840, "id": "RS"}, {"import": 0, "export": 2710, "id": "LT"}, {"import": 0, "export": 0, "id": "MD"}, {"import": 0, "export": 0, "id": "MX"}, {"import": 0, "export": 2000, "id": "NO"}, {"import": 0, "export": 0, "id": "PA"}, {"import": 0, "export": 0, "id": "PE"}, {"import": 0, "export": 0, "id": "SG"}, {"import": 0, "export": 0, "id": "MA"}, {"import": 0, "export": 0, "id": "SA"}, {"import": 0, "export": 0, "id": "AE"}, {"import": 0, "export": 0, "id": "TR"}, {"import": 0, "export": 0, "id": "UY"}, {"import": 0, "export": 2733, "id": "LV"}, {"import": 0, "export": 0, "id": "JP"}, {"import": 0, "export": 0, "id": "KZ"}, {"import": 0, "export": 0, "id": "KW"}, {"import": 0, "export": 0, "id": "GE"}, {"import": 0, "export": 0, "id": "IE"}, {"import": 0, "export": 0, "id": "AU"}, {"import": 0, "export": 0, "id": "BH"}, {"import": 0, "export": 300, "id": "BY"}, {"import": 0, "export": 440, "id": "CA"}, {"import": 0, "export": 0, "id": "CL"}, {"import": 0, "export": 0, "id": "EC"}, {"import": 0, "export": 173, "id": "EE"}], "world_import": 7268933, "world_export": 5988650}, {"date": "2020-02-01", "list": [{"import": 3289000, "export": 0, "id": "PK"}, {"import": 338000, "export": 0, "id": "IN"}, {"import": 0, "export": 0, "id": "GY"}, {"import": 125000, "export": 0, "id": "KH"}, {"import": 0, "export": 0, "id": "TH"}, {"import": 96580, "export": 177423, "id": "GB"}, {"import": 52600, "export": 772486, "id": "NL"}, {"import": 8777, "export": 537327, "id": "FR"}, {"import": 2003, "export": 705096, "id": "DE"}, {"import": 411, "export": 9358, "id": "AT"}, {"import": 1398, "export": 110054, "id": "ES"}, {"import": 0, "export": 2000, "id": "US"}, {"import": 0, "export": 0, "id": "VN"}, {"import": 0, "export": 2962, "id": "SI"}, {"import": 0, "export": 0, "id": "PY"}, {"import": 0, "export": 5557, "id": "RO"}, {"import": 65500, "export": 0, "id": "BD"}, {"import": 34004, "export": 2683545, "id": "BE"}, {"import": 0, "export": 1880, "id": "BR"}, {"import": 0, "export": 0, "id": "MM"}, {"import": 2500, "export": 0, "id": "LK"}, {"import": 0, "export": 0, "id": "CN"}, {"import": 0, "export": 215655, "id": "DK"}, {"import": 0, "export": 0, "id": "AR"}, {"import": 384, "export": 59625, "id": "HU"}, {"import": 0, "export": 0, "id": "ID"}, {"import": 0, "export": 0, "id": "LU"}, {"import": 35793, "export": 2078, "id": "MT"}, {"import": 0, "export": 492270, "id": "CH"}, {"import": 0, "export": 568532, "id": "PL"}, {"import": 0, "export": 120644, "id": "-"}, {"import": 0, "export": 50404, "id": "SE"}, {"import": 0, "export": 15000, "id": "IL"}, {"import": 0, "export": 111900, "id": "FI"}, {"import": 0, "export": 9279, "id": "HR"}, {"import": 0, "export": 8450, "id": "PT"}, {"import": 0, "export": 3415, "id": "AL"}, {"import": 0, "export": 47031, "id": "SK"}, {"import": 0, "export": 256, "id": "BG"}, {"import": 0, "export": 9600, "id": "BA"}, {"import": 0, "export": 73500, "id": "LB"}, {"import": 0, "export": 5568, "id": "NZ"}, {"import": 0, "export": 7880, "id": "RU"}, {"import": 0, "export": 0, "id": "UA"}, {"import": 0, "export": 1802, "id": "GR"}, {"import": 0, "export": 0, "id": "MK"}, {"import": 0, "export": 0, "id": "CY"}, {"import": 0, "export": 0, "id": "EG"}, {"import": 0, "export": 3600, "id": "ME"}, {"import": 0, "export": 7448, "id": "RS"}, {"import": 0, "export": 354, "id": "LT"}, {"import": 0, "export": 0, "id": "MD"}, {"import": 0, "export": 0, "id": "MX"}, {"import": 0, "export": 0, "id": "NO"}, {"import": 0, "export": 0, "id": "PA"}, {"import": 0, "export": 0, "id": "PE"}, {"import": 0, "export": 0, "id": "SG"}, {"import": 0, "export": 1440, "id": "MA"}, {"import": 0, "export": 0, "id": "SA"}, {"import": 0, "export": 606, "id": "AE"}, {"import": 0, "export": 0, "id": "TR"}, {"import": 0, "export": 0, "id": "UY"}, {"import": 0, "export": 24672, "id": "LV"}, {"import": 0, "export": 0, "id": "JP"}, {"import": 0, "export": 0, "id": "KZ"}, {"import": 0, "export": 0, "id": "KW"}, {"import": 0, "export": 0, "id": "GE"}, {"import": 0, "export": 0, "id": "IE"}, {"import": 0, "export": 0, "id": "AU"}, {"import": 0, "export": 2184, "id": "BH"}, {"import": 0, "export": 0, "id": "BY"}, {"import": 0, "export": 0, "id": "CA"}, {"import": 0, "export": 0, "id": "CL"}, {"import": 0, "export": 0, "id": "EC"}, {"import": 0, "export": 630, "id": "EE"}], "world_import": 4051950, "world_export": 6851511}, {"date": "2020-03-01", "list": [{"import": 5482000, "export": 0, "id": "PK"}, {"import": 1867500, "export": 0, "id": "IN"}, {"import": 0, "export": 0, "id": "GY"}, {"import": 675000, "export": 0, "id": "KH"}, {"import": 615037, "export": 0, "id": "TH"}, {"import": 151584, "export": 275199, "id": "GB"}, {"import": 120296, "export": 588594, "id": "NL"}, {"import": 29019, "export": 510642, "id": "FR"}, {"import": 509, "export": 751773, "id": "DE"}, {"import": 290, "export": 49258, "id": "AT"}, {"import": 313, "export": 144358, "id": "ES"}, {"import": 0, "export": 1560, "id": "US"}, {"import": 48000, "export": 47990, "id": "VN"}, {"import": 0, "export": 9041, "id": "SI"}, {"import": 0, "export": 0, "id": "PY"}, {"import": 0, "export": 4123, "id": "RO"}, {"import": 0, "export": 0, "id": "BD"}, {"import": 40156, "export": 2614383, "id": "BE"}, {"import": 0, "export": 34224, "id": "BR"}, {"import": 125000, "export": 0, "id": "MM"}, {"import": 0, "export": 0, "id": "LK"}, {"import": 0, "export": 0, "id": "CN"}, {"import": 0, "export": 42960, "id": "DK"}, {"import": 0, "export": 0, "id": "AR"}, {"import": 0, "export": 9389, "id": "HU"}, {"import": 0, "export": 0, "id": "ID"}, {"import": 0, "export": 200, "id": "LU"}, {"import": 30098, "export": 9723, "id": "MT"}, {"import": 0, "export": 693362, "id": "CH"}, {"import": 0, "export": 907019, "id": "PL"}, {"import": 0, "export": 451811, "id": "-"}, {"import": 0, "export": 58222, "id": "SE"}, {"import": 0, "export": 166000, "id": "IL"}, {"import": 0, "export": 68260, "id": "FI"}, {"import": 0, "export": 16485, "id": "HR"}, {"import": 0, "export": 11257, "id": "PT"}, {"import": 0, "export": 1200, "id": "AL"}, {"import": 0, "export": 23325, "id": "SK"}, {"import": 0, "export": 1150, "id": "BG"}, {"import": 0, "export": 0, "id": "BA"}, {"import": 0, "export": 0, "id": "LB"}, {"import": 0, "export": 0, "id": "NZ"}, {"import": 0, "export": 4104, "id": "RU"}, {"import": 0, "export": 4164, "id": "UA"}, {"import": 0, "export": 7022, "id": "GR"}, {"import": 0, "export": 0, "id": "MK"}, {"import": 0, "export": 0, "id": "CY"}, {"import": 0, "export": 480, "id": "EG"}, {"import": 0, "export": 0, "id": "ME"}, {"import": 0, "export": 11650, "id": "RS"}, {"import": 0, "export": 534, "id": "LT"}, {"import": 0, "export": 0, "id": "MD"}, {"import": 0, "export": 0, "id": "MX"}, {"import": 0, "export": 0, "id": "NO"}, {"import": 0, "export": 0, "id": "PA"}, {"import": 0, "export": 0, "id": "PE"}, {"import": 0, "export": 0, "id": "SG"}, {"import": 0, "export": 0, "id": "MA"}, {"import": 0, "export": 0, "id": "SA"}, {"import": 0, "export": 0, "id": "AE"}, {"import": 0, "export": 0, "id": "TR"}, {"import": 0, "export": 0, "id": "UY"}, {"import": 0, "export": 843, "id": "LV"}, {"import": 0, "export": 0, "id": "JP"}, {"import": 0, "export": 0, "id": "KZ"}, {"import": 0, "export": 0, "id": "KW"}, {"import": 0, "export": 0, "id": "GE"}, {"import": 0, "export": 0, "id": "IE"}, {"import": 0, "export": 0, "id": "AU"}, {"import": 0, "export": 0, "id": "BH"}, {"import": 0, "export": 0, "id": "BY"}, {"import": 0, "export": 0, "id": "CA"}, {"import": 0, "export": 540, "id": "CL"}, {"import": 0, "export": 0, "id": "EC"}, {"import": 0, "export": 564, "id": "EE"}], "world_import": 9184802, "world_export": 7521409}]