[{"date": "2019-02-01", "list": [{"import": 1388, "export": 0, "id": "VC"}], "world_import": 1388, "world_export": 0}, {"date": "2019-07-01", "list": [{"import": 2800, "export": 0, "id": "VC"}, {"import": 11364, "export": 0, "id": "US"}], "world_import": 14164, "world_export": 0}, {"date": "2019-06-01", "list": [{"import": 9276, "export": 0, "id": "US"}], "world_import": 9276, "world_export": 0}, {"date": "2020-05-01", "list": [{"import": 9929, "export": 0, "id": "US"}], "world_import": 9929, "world_export": 0}]