[{"date": "2019-09-01", "list": [{"import": 19450580, "export": 13000, "id": "PY"}, {"import": 2922000, "export": 0, "id": "UY"}, {"import": 6250, "export": 0, "id": "IT"}, {"import": 1000, "export": 0, "id": "LB"}, {"import": 6581670, "export": 0, "id": "AR"}, {"import": 0, "export": 96, "id": "IN"}, {"import": 0, "export": 0, "id": "ES"}, {"import": 18000, "export": 21410, "id": "US"}, {"import": 0, "export": 0, "id": "ZA"}, {"import": 0, "export": 0, "id": "CL"}, {"import": 0, "export": 0, "id": "GT"}, {"import": 0, "export": 20000, "id": "CA"}, {"import": 0, "export": 2500, "id": "BB"}, {"import": 0, "export": 6000, "id": "BO"}, {"import": 0, "export": 0, "id": "BS"}, {"import": 0, "export": 1021, "id": "PA"}, {"import": 0, "export": 1372, "id": "MH"}, {"import": 0, "export": 0, "id": "SG"}, {"import": 0, "export": 440, "id": "LR"}, {"import": 0, "export": 852, "id": "-"}, {"import": 0, "export": 0, "id": "GB"}, {"import": 0, "export": 0, "id": "NO"}, {"import": 0, "export": 0, "id": "CV"}, {"import": 0, "export": 0, "id": "PT"}, {"import": 0, "export": 0, "id": "VE"}, {"import": 0, "export": 0, "id": "SI"}, {"import": 0, "export": 0, "id": "CH"}, {"import": 0, "export": 0, "id": "TT"}, {"import": 0, "export": 0, "id": "JP"}, {"import": 0, "export": 0, "id": "JO"}, {"import": 0, "export": 830, "id": "MT"}, {"import": 0, "export": 0, "id": "MZ"}, {"import": 0, "export": 0, "id": "NL"}, {"import": 0, "export": 0, "id": "BA"}, {"import": 0, "export": 0, "id": "AO"}, {"import": 0, "export": 0, "id": "CN"}, {"import": 0, "export": 0, "id": "DK"}, {"import": 0, "export": 0, "id": "GR"}], "world_import": 28979500, "world_export": 67521}, {"date": "2019-10-01", "list": [{"import": 18303300, "export": 7200, "id": "PY"}, {"import": 2133200, "export": 0, "id": "UY"}, {"import": 72110, "export": 120000, "id": "IT"}, {"import": 0, "export": 0, "id": "LB"}, {"import": 4000000, "export": 30, "id": "AR"}, {"import": 0, "export": 0, "id": "IN"}, {"import": 3360, "export": 0, "id": "ES"}, {"import": 0, "export": 197828, "id": "US"}, {"import": 0, "export": 0, "id": "ZA"}, {"import": 0, "export": 0, "id": "CL"}, {"import": 0, "export": 0, "id": "GT"}, {"import": 0, "export": 0, "id": "CA"}, {"import": 0, "export": 14400, "id": "BB"}, {"import": 0, "export": 6000, "id": "BO"}, {"import": 0, "export": 0, "id": "BS"}, {"import": 0, "export": 1795, "id": "PA"}, {"import": 0, "export": 0, "id": "MH"}, {"import": 0, "export": 470, "id": "SG"}, {"import": 0, "export": 1295, "id": "LR"}, {"import": 0, "export": 255, "id": "-"}, {"import": 0, "export": 0, "id": "GB"}, {"import": 0, "export": 0, "id": "NO"}, {"import": 0, "export": 0, "id": "CV"}, {"import": 0, "export": 0, "id": "PT"}, {"import": 0, "export": 0, "id": "VE"}, {"import": 0, "export": 0, "id": "SI"}, {"import": 0, "export": 0, "id": "CH"}, {"import": 0, "export": 599991, "id": "TT"}, {"import": 0, "export": 0, "id": "JP"}, {"import": 0, "export": 0, "id": "JO"}, {"import": 0, "export": 350, "id": "MT"}, {"import": 0, "export": 0, "id": "MZ"}, {"import": 0, "export": 0, "id": "NL"}, {"import": 0, "export": 0, "id": "BA"}, {"import": 0, "export": 0, "id": "AO"}, {"import": 0, "export": 0, "id": "CN"}, {"import": 0, "export": 0, "id": "DK"}, {"import": 0, "export": 600, "id": "GR"}], "world_import": 24511970, "world_export": 950214}, {"date": "2019-11-01", "list": [{"import": 15660000, "export": 0, "id": "PY"}, {"import": 1192000, "export": 10960, "id": "UY"}, {"import": 144462, "export": 0, "id": "IT"}, {"import": 0, "export": 0, "id": "LB"}, {"import": 1026000, "export": 0, "id": "AR"}, {"import": 0, "export": 0, "id": "IN"}, {"import": 0, "export": 0, "id": "ES"}, {"import": 0, "export": 28053, "id": "US"}, {"import": 0, "export": 0, "id": "ZA"}, {"import": 0, "export": 0, "id": "CL"}, {"import": 0, "export": 0, "id": "GT"}, {"import": 0, "export": 0, "id": "CA"}, {"import": 0, "export": 3750, "id": "BB"}, {"import": 0, "export": 0, "id": "BO"}, {"import": 0, "export": 422, "id": "BS"}, {"import": 0, "export": 765, "id": "PA"}, {"import": 0, "export": 496, "id": "MH"}, {"import": 0, "export": 392, "id": "SG"}, {"import": 0, "export": 697, "id": "LR"}, {"import": 0, "export": 780, "id": "-"}, {"import": 0, "export": 0, "id": "GB"}, {"import": 0, "export": 0, "id": "NO"}, {"import": 0, "export": 0, "id": "CV"}, {"import": 0, "export": 0, "id": "PT"}, {"import": 0, "export": 0, "id": "VE"}, {"import": 0, "export": 0, "id": "SI"}, {"import": 0, "export": 0, "id": "CH"}, {"import": 0, "export": 400012, "id": "TT"}, {"import": 0, "export": 0, "id": "JP"}, {"import": 0, "export": 0, "id": "JO"}, {"import": 0, "export": 0, "id": "MT"}, {"import": 0, "export": 0, "id": "MZ"}, {"import": 0, "export": 0, "id": "NL"}, {"import": 0, "export": 0, "id": "BA"}, {"import": 0, "export": 93990, "id": "AO"}, {"import": 0, "export": 0, "id": "CN"}, {"import": 0, "export": 0, "id": "DK"}, {"import": 0, "export": 60, "id": "GR"}], "world_import": 18022462, "world_export": 540377}, {"date": "2019-12-01", "list": [{"import": 11402900, "export": 6300, "id": "PY"}, {"import": 3322000, "export": 0, "id": "UY"}, {"import": 100960, "export": 20, "id": "IT"}, {"import": 0, "export": 0, "id": "LB"}, {"import": 0, "export": 0, "id": "AR"}, {"import": 4000, "export": 0, "id": "IN"}, {"import": 0, "export": 0, "id": "ES"}, {"import": 0, "export": 0, "id": "US"}, {"import": 0, "export": 0, "id": "ZA"}, {"import": 0, "export": 0, "id": "CL"}, {"import": 0, "export": 0, "id": "GT"}, {"import": 0, "export": 0, "id": "CA"}, {"import": 0, "export": 2100, "id": "BB"}, {"import": 0, "export": 8010, "id": "BO"}, {"import": 0, "export": 744, "id": "BS"}, {"import": 0, "export": 1392, "id": "PA"}, {"import": 0, "export": 1639, "id": "MH"}, {"import": 0, "export": 0, "id": "SG"}, {"import": 0, "export": 475, "id": "LR"}, {"import": 0, "export": 872, "id": "-"}, {"import": 0, "export": 0, "id": "GB"}, {"import": 0, "export": 0, "id": "NO"}, {"import": 0, "export": 0, "id": "CV"}, {"import": 0, "export": 0, "id": "PT"}, {"import": 0, "export": 0, "id": "VE"}, {"import": 0, "export": 0, "id": "SI"}, {"import": 0, "export": 0, "id": "CH"}, {"import": 0, "export": 0, "id": "TT"}, {"import": 0, "export": 0, "id": "JP"}, {"import": 0, "export": 0, "id": "JO"}, {"import": 0, "export": 0, "id": "MT"}, {"import": 0, "export": 0, "id": "MZ"}, {"import": 0, "export": 0, "id": "NL"}, {"import": 0, "export": 0, "id": "BA"}, {"import": 0, "export": 42390, "id": "AO"}, {"import": 0, "export": 0, "id": "CN"}, {"import": 0, "export": 0, "id": "DK"}, {"import": 0, "export": 0, "id": "GR"}], "world_import": 14829860, "world_export": 63942}, {"date": "2020-01-01", "list": [{"import": 10690508, "export": 0, "id": "PY"}, {"import": 3789000, "export": 0, "id": "UY"}, {"import": 210494, "export": 0, "id": "IT"}, {"import": 0, "export": 0, "id": "LB"}, {"import": 26000, "export": 760, "id": "AR"}, {"import": 0, "export": 0, "id": "IN"}, {"import": 0, "export": 0, "id": "ES"}, {"import": 0, "export": 131696, "id": "US"}, {"import": 0, "export": 0, "id": "ZA"}, {"import": 0, "export": 0, "id": "CL"}, {"import": 0, "export": 0, "id": "GT"}, {"import": 0, "export": 20000, "id": "CA"}, {"import": 0, "export": 4200, "id": "BB"}, {"import": 0, "export": 0, "id": "BO"}, {"import": 0, "export": 0, "id": "BS"}, {"import": 0, "export": 1730, "id": "PA"}, {"import": 0, "export": 663, "id": "MH"}, {"import": 0, "export": 876, "id": "SG"}, {"import": 0, "export": 2739, "id": "LR"}, {"import": 0, "export": 493, "id": "-"}, {"import": 0, "export": 0, "id": "GB"}, {"import": 0, "export": 0, "id": "NO"}, {"import": 0, "export": 0, "id": "CV"}, {"import": 0, "export": 0, "id": "PT"}, {"import": 0, "export": 19590, "id": "VE"}, {"import": 0, "export": 0, "id": "SI"}, {"import": 0, "export": 100, "id": "CH"}, {"import": 0, "export": 0, "id": "TT"}, {"import": 0, "export": 0, "id": "JP"}, {"import": 0, "export": 0, "id": "JO"}, {"import": 0, "export": 0, "id": "MT"}, {"import": 0, "export": 0, "id": "MZ"}, {"import": 0, "export": 0, "id": "NL"}, {"import": 0, "export": 0, "id": "BA"}, {"import": 0, "export": 0, "id": "AO"}, {"import": 0, "export": 0, "id": "CN"}, {"import": 0, "export": 0, "id": "DK"}, {"import": 0, "export": 0, "id": "GR"}], "world_import": 14716002, "world_export": 182847}, {"date": "2020-02-01", "list": [{"import": 14554700, "export": 4550, "id": "PY"}, {"import": 1878340, "export": 0, "id": "UY"}, {"import": 9800, "export": 0, "id": "IT"}, {"import": 0, "export": 0, "id": "LB"}, {"import": 500000, "export": 460, "id": "AR"}, {"import": 0, "export": 0, "id": "IN"}, {"import": 0, "export": 0, "id": "ES"}, {"import": 0, "export": 0, "id": "US"}, {"import": 0, "export": 0, "id": "ZA"}, {"import": 0, "export": 0, "id": "CL"}, {"import": 0, "export": 0, "id": "GT"}, {"import": 0, "export": 20000, "id": "CA"}, {"import": 0, "export": 30480, "id": "BB"}, {"import": 0, "export": 0, "id": "BO"}, {"import": 0, "export": 0, "id": "BS"}, {"import": 0, "export": 1927, "id": "PA"}, {"import": 0, "export": 693, "id": "MH"}, {"import": 0, "export": 160, "id": "SG"}, {"import": 0, "export": 0, "id": "LR"}, {"import": 0, "export": 0, "id": "-"}, {"import": 0, "export": 0, "id": "GB"}, {"import": 0, "export": 0, "id": "NO"}, {"import": 0, "export": 0, "id": "CV"}, {"import": 0, "export": 0, "id": "PT"}, {"import": 0, "export": 0, "id": "VE"}, {"import": 0, "export": 0, "id": "SI"}, {"import": 0, "export": 0, "id": "CH"}, {"import": 0, "export": 0, "id": "TT"}, {"import": 0, "export": 0, "id": "JP"}, {"import": 0, "export": 0, "id": "JO"}, {"import": 0, "export": 0, "id": "MT"}, {"import": 0, "export": 0, "id": "MZ"}, {"import": 0, "export": 0, "id": "NL"}, {"import": 0, "export": 0, "id": "BA"}, {"import": 0, "export": 0, "id": "AO"}, {"import": 0, "export": 0, "id": "CN"}, {"import": 0, "export": 0, "id": "DK"}, {"import": 0, "export": 0, "id": "GR"}], "world_import": 16942840, "world_export": 58270}, {"date": "2020-03-01", "list": [{"import": 28535140, "export": 15000, "id": "PY"}, {"import": 1845500, "export": 12000, "id": "UY"}, {"import": 243620, "export": 0, "id": "IT"}, {"import": 0, "export": 0, "id": "LB"}, {"import": 1000000, "export": 640, "id": "AR"}, {"import": 0, "export": 0, "id": "IN"}, {"import": 15900, "export": 0, "id": "ES"}, {"import": 0, "export": 17146, "id": "US"}, {"import": 0, "export": 0, "id": "ZA"}, {"import": 0, "export": 52084, "id": "CL"}, {"import": 0, "export": 0, "id": "GT"}, {"import": 0, "export": 0, "id": "CA"}, {"import": 0, "export": 0, "id": "BB"}, {"import": 0, "export": 0, "id": "BO"}, {"import": 0, "export": 1355, "id": "BS"}, {"import": 0, "export": 1925, "id": "PA"}, {"import": 0, "export": 1110, "id": "MH"}, {"import": 0, "export": 0, "id": "SG"}, {"import": 0, "export": 1040, "id": "LR"}, {"import": 0, "export": 0, "id": "-"}, {"import": 0, "export": 0, "id": "GB"}, {"import": 0, "export": 0, "id": "NO"}, {"import": 0, "export": 0, "id": "CV"}, {"import": 0, "export": 0, "id": "PT"}, {"import": 0, "export": 0, "id": "VE"}, {"import": 0, "export": 0, "id": "SI"}, {"import": 0, "export": 0, "id": "CH"}, {"import": 0, "export": 0, "id": "TT"}, {"import": 0, "export": 0, "id": "JP"}, {"import": 0, "export": 0, "id": "JO"}, {"import": 0, "export": 0, "id": "MT"}, {"import": 0, "export": 0, "id": "MZ"}, {"import": 0, "export": 0, "id": "NL"}, {"import": 0, "export": 850, "id": "BA"}, {"import": 0, "export": 4800, "id": "AO"}, {"import": 0, "export": 0, "id": "CN"}, {"import": 0, "export": 0, "id": "DK"}, {"import": 0, "export": 0, "id": "GR"}], "world_import": 31640160, "world_export": 107950}, {"date": "2020-04-01", "list": [{"import": 11315230, "export": 7550, "id": "PY"}, {"import": 1658540, "export": 0, "id": "UY"}, {"import": 84792, "export": 0, "id": "IT"}, {"import": 0, "export": 0, "id": "LB"}, {"import": 0, "export": 0, "id": "AR"}, {"import": 0, "export": 0, "id": "IN"}, {"import": 0, "export": 0, "id": "ES"}, {"import": 0, "export": 182310, "id": "US"}, {"import": 0, "export": 0, "id": "ZA"}, {"import": 0, "export": 284400, "id": "CL"}, {"import": 0, "export": 0, "id": "GT"}, {"import": 0, "export": 0, "id": "CA"}, {"import": 0, "export": 8400, "id": "BB"}, {"import": 0, "export": 5610, "id": "BO"}, {"import": 0, "export": 750, "id": "BS"}, {"import": 0, "export": 1572, "id": "PA"}, {"import": 0, "export": 0, "id": "MH"}, {"import": 0, "export": 0, "id": "SG"}, {"import": 0, "export": 2840, "id": "LR"}, {"import": 0, "export": 345, "id": "-"}, {"import": 0, "export": 50, "id": "GB"}, {"import": 0, "export": 0, "id": "NO"}, {"import": 0, "export": 0, "id": "CV"}, {"import": 0, "export": 0, "id": "PT"}, {"import": 0, "export": 0, "id": "VE"}, {"import": 0, "export": 0, "id": "SI"}, {"import": 0, "export": 0, "id": "CH"}, {"import": 0, "export": 0, "id": "TT"}, {"import": 0, "export": 0, "id": "JP"}, {"import": 0, "export": 0, "id": "JO"}, {"import": 0, "export": 0, "id": "MT"}, {"import": 0, "export": 0, "id": "MZ"}, {"import": 0, "export": 0, "id": "NL"}, {"import": 0, "export": 0, "id": "BA"}, {"import": 0, "export": 0, "id": "AO"}, {"import": 0, "export": 0, "id": "CN"}, {"import": 0, "export": 0, "id": "DK"}, {"import": 0, "export": 0, "id": "GR"}], "world_import": 13058562, "world_export": 493827}, {"date": "2020-05-01", "list": [{"import": 7732850, "export": 0, "id": "PY"}, {"import": 544090, "export": 0, "id": "UY"}, {"import": 131304, "export": 12600, "id": "IT"}, {"import": 1020, "export": 0, "id": "LB"}, {"import": 0, "export": 0, "id": "AR"}, {"import": 0, "export": 0, "id": "IN"}, {"import": 0, "export": 0, "id": "ES"}, {"import": 0, "export": 193016, "id": "US"}, {"import": 0, "export": 1015000, "id": "ZA"}, {"import": 0, "export": 336240, "id": "CL"}, {"import": 0, "export": 0, "id": "GT"}, {"import": 0, "export": 20000, "id": "CA"}, {"import": 0, "export": 0, "id": "BB"}, {"import": 0, "export": 0, "id": "BO"}, {"import": 0, "export": 353, "id": "BS"}, {"import": 0, "export": 2779, "id": "PA"}, {"import": 0, "export": 1915, "id": "MH"}, {"import": 0, "export": 22, "id": "SG"}, {"import": 0, "export": 982, "id": "LR"}, {"import": 0, "export": 0, "id": "-"}, {"import": 0, "export": 340, "id": "GB"}, {"import": 0, "export": 0, "id": "NO"}, {"import": 0, "export": 0, "id": "CV"}, {"import": 0, "export": 0, "id": "PT"}, {"import": 0, "export": 0, "id": "VE"}, {"import": 0, "export": 0, "id": "SI"}, {"import": 0, "export": 0, "id": "CH"}, {"import": 0, "export": 299979, "id": "TT"}, {"import": 0, "export": 0, "id": "JP"}, {"import": 0, "export": 0, "id": "JO"}, {"import": 0, "export": 0, "id": "MT"}, {"import": 0, "export": 0, "id": "MZ"}, {"import": 0, "export": 204, "id": "NL"}, {"import": 0, "export": 0, "id": "BA"}, {"import": 0, "export": 0, "id": "AO"}, {"import": 0, "export": 0, "id": "CN"}, {"import": 0, "export": 0, "id": "DK"}, {"import": 0, "export": 0, "id": "GR"}], "world_import": 8409264, "world_export": 1883430}, {"date": "2020-06-01", "list": [{"import": 8162710, "export": 0, "id": "PY"}, {"import": 1073000, "export": 0, "id": "UY"}, {"import": 128278, "export": 0, "id": "IT"}, {"import": 0, "export": 0, "id": "LB"}, {"import": 0, "export": 0, "id": "AR"}, {"import": 0, "export": 0, "id": "IN"}, {"import": 0, "export": 0, "id": "ES"}, {"import": 18000, "export": 0, "id": "US"}], "world_import": 9381988, "world_export": 0}, {"date": "2018-12-01", "list": [{"import": 0, "export": 51900, "id": "ZA"}, {"import": 0, "export": 39400, "id": "US"}, {"import": 0, "export": 0, "id": "CL"}, {"import": 0, "export": 0, "id": "GT"}, {"import": 0, "export": 0, "id": "CA"}, {"import": 0, "export": 3200, "id": "BB"}, {"import": 0, "export": 4100, "id": "PY"}, {"import": 0, "export": 0, "id": "BO"}, {"import": 0, "export": 0, "id": "BS"}, {"import": 0, "export": 634, "id": "PA"}, {"import": 0, "export": 770, "id": "MH"}, {"import": 0, "export": 0, "id": "SG"}, {"import": 0, "export": 660, "id": "LR"}, {"import": 0, "export": 210, "id": "-"}, {"import": 0, "export": 0, "id": "GB"}, {"import": 0, "export": 0, "id": "NO"}, {"import": 0, "export": 0, "id": "CV"}, {"import": 0, "export": 0, "id": "PT"}, {"import": 0, "export": 0, "id": "IN"}, {"import": 0, "export": 1000, "id": "UY"}, {"import": 0, "export": 0, "id": "VE"}, {"import": 0, "export": 4500, "id": "SI"}, {"import": 0, "export": 0, "id": "CH"}, {"import": 0, "export": 0, "id": "TT"}, {"import": 0, "export": 0, "id": "IT"}, {"import": 0, "export": 600, "id": "JP"}, {"import": 0, "export": 0, "id": "JO"}, {"import": 0, "export": 0, "id": "MT"}, {"import": 0, "export": 0, "id": "MZ"}, {"import": 0, "export": 0, "id": "NL"}, {"import": 0, "export": 0, "id": "BA"}, {"import": 0, "export": 0, "id": "AO"}, {"import": 0, "export": 380, "id": "AR"}, {"import": 0, "export": 0, "id": "CN"}, {"import": 0, "export": 0, "id": "DK"}, {"import": 0, "export": 0, "id": "GR"}], "world_import": 0, "world_export": 107354}, {"date": "2019-01-01", "list": [{"import": 0, "export": 0, "id": "ZA"}, {"import": 0, "export": 0, "id": "US"}, {"import": 0, "export": 0, "id": "CL"}, {"import": 0, "export": 0, "id": "GT"}, {"import": 0, "export": 0, "id": "CA"}, {"import": 0, "export": 6700, "id": "BB"}, {"import": 0, "export": 0, "id": "PY"}, {"import": 0, "export": 0, "id": "BO"}, {"import": 0, "export": 0, "id": "BS"}, {"import": 0, "export": 2432, "id": "PA"}, {"import": 0, "export": 490, "id": "MH"}, {"import": 0, "export": 475, "id": "SG"}, {"import": 0, "export": 770, "id": "LR"}, {"import": 0, "export": 740, "id": "-"}, {"import": 0, "export": 0, "id": "GB"}, {"import": 0, "export": 0, "id": "NO"}, {"import": 0, "export": 3000, "id": "CV"}, {"import": 0, "export": 0, "id": "PT"}, {"import": 0, "export": 0, "id": "IN"}, {"import": 0, "export": 14600, "id": "UY"}, {"import": 0, "export": 0, "id": "VE"}, {"import": 0, "export": 0, "id": "SI"}, {"import": 0, "export": 0, "id": "CH"}, {"import": 0, "export": 0, "id": "TT"}, {"import": 0, "export": 0, "id": "IT"}, {"import": 0, "export": 0, "id": "JP"}, {"import": 0, "export": 0, "id": "JO"}, {"import": 0, "export": 0, "id": "MT"}, {"import": 0, "export": 1075, "id": "MZ"}, {"import": 0, "export": 0, "id": "NL"}, {"import": 0, "export": 0, "id": "BA"}, {"import": 0, "export": 40590, "id": "AO"}, {"import": 0, "export": 1296, "id": "AR"}, {"import": 0, "export": 0, "id": "CN"}, {"import": 0, "export": 0, "id": "DK"}, {"import": 0, "export": 0, "id": "GR"}], "world_import": 0, "world_export": 72168}, {"date": "2019-02-01", "list": [{"import": 0, "export": 0, "id": "ZA"}, {"import": 0, "export": 0, "id": "US"}, {"import": 0, "export": 25000, "id": "CL"}, {"import": 0, "export": 0, "id": "GT"}, {"import": 0, "export": 0, "id": "CA"}, {"import": 0, "export": 0, "id": "BB"}, {"import": 0, "export": 3850, "id": "PY"}, {"import": 0, "export": 0, "id": "BO"}, {"import": 0, "export": 0, "id": "BS"}, {"import": 0, "export": 996, "id": "PA"}, {"import": 0, "export": 410, "id": "MH"}, {"import": 0, "export": 520, "id": "SG"}, {"import": 0, "export": 766, "id": "LR"}, {"import": 0, "export": 445, "id": "-"}, {"import": 0, "export": 0, "id": "GB"}, {"import": 0, "export": 0, "id": "NO"}, {"import": 0, "export": 0, "id": "CV"}, {"import": 0, "export": 0, "id": "PT"}, {"import": 0, "export": 0, "id": "IN"}, {"import": 0, "export": 0, "id": "UY"}, {"import": 0, "export": 0, "id": "VE"}, {"import": 0, "export": 0, "id": "SI"}, {"import": 0, "export": 0, "id": "CH"}, {"import": 0, "export": 0, "id": "TT"}, {"import": 0, "export": 0, "id": "IT"}, {"import": 0, "export": 0, "id": "JP"}, {"import": 0, "export": 580, "id": "JO"}, {"import": 0, "export": 0, "id": "MT"}, {"import": 0, "export": 0, "id": "MZ"}, {"import": 0, "export": 0, "id": "NL"}, {"import": 0, "export": 0, "id": "BA"}, {"import": 0, "export": 0, "id": "AO"}, {"import": 0, "export": 1191, "id": "AR"}, {"import": 0, "export": 230, "id": "CN"}, {"import": 0, "export": 0, "id": "DK"}, {"import": 0, "export": 0, "id": "GR"}], "world_import": 0, "world_export": 33988}, {"date": "2019-03-01", "list": [{"import": 0, "export": 0, "id": "ZA"}, {"import": 0, "export": 0, "id": "US"}, {"import": 0, "export": 0, "id": "CL"}, {"import": 0, "export": 0, "id": "GT"}, {"import": 0, "export": 20000, "id": "CA"}, {"import": 0, "export": 0, "id": "BB"}, {"import": 0, "export": 0, "id": "PY"}, {"import": 0, "export": 3000, "id": "BO"}, {"import": 0, "export": 0, "id": "BS"}, {"import": 0, "export": 1309, "id": "PA"}, {"import": 0, "export": 450, "id": "MH"}, {"import": 0, "export": 66, "id": "SG"}, {"import": 0, "export": 0, "id": "LR"}, {"import": 0, "export": 0, "id": "-"}, {"import": 0, "export": 0, "id": "GB"}, {"import": 0, "export": 0, "id": "NO"}, {"import": 0, "export": 0, "id": "CV"}, {"import": 0, "export": 0, "id": "PT"}, {"import": 0, "export": 0, "id": "IN"}, {"import": 0, "export": 0, "id": "UY"}, {"import": 0, "export": 0, "id": "VE"}, {"import": 0, "export": 0, "id": "SI"}, {"import": 0, "export": 0, "id": "CH"}, {"import": 0, "export": 0, "id": "TT"}, {"import": 0, "export": 0, "id": "IT"}, {"import": 0, "export": 0, "id": "JP"}, {"import": 0, "export": 0, "id": "JO"}, {"import": 0, "export": 0, "id": "MT"}, {"import": 0, "export": 0, "id": "MZ"}, {"import": 0, "export": 0, "id": "NL"}, {"import": 0, "export": 0, "id": "BA"}, {"import": 0, "export": 0, "id": "AO"}, {"import": 0, "export": 520, "id": "AR"}, {"import": 0, "export": 0, "id": "CN"}, {"import": 0, "export": 0, "id": "DK"}, {"import": 0, "export": 0, "id": "GR"}], "world_import": 0, "world_export": 25345}, {"date": "2019-04-01", "list": [{"import": 0, "export": 0, "id": "ZA"}, {"import": 0, "export": 1000, "id": "US"}, {"import": 0, "export": 0, "id": "CL"}, {"import": 0, "export": 0, "id": "GT"}, {"import": 0, "export": 0, "id": "CA"}, {"import": 0, "export": 2000, "id": "BB"}, {"import": 0, "export": 7250, "id": "PY"}, {"import": 0, "export": 0, "id": "BO"}, {"import": 0, "export": 0, "id": "BS"}, {"import": 0, "export": 417, "id": "PA"}, {"import": 0, "export": 509, "id": "MH"}, {"import": 0, "export": 0, "id": "SG"}, {"import": 0, "export": 536, "id": "LR"}, {"import": 0, "export": 0, "id": "-"}, {"import": 0, "export": 0, "id": "GB"}, {"import": 0, "export": 0, "id": "NO"}, {"import": 0, "export": 0, "id": "CV"}, {"import": 0, "export": 0, "id": "PT"}, {"import": 0, "export": 0, "id": "IN"}, {"import": 0, "export": 0, "id": "UY"}, {"import": 0, "export": 0, "id": "VE"}, {"import": 0, "export": 0, "id": "SI"}, {"import": 0, "export": 0, "id": "CH"}, {"import": 0, "export": 0, "id": "TT"}, {"import": 0, "export": 150, "id": "IT"}, {"import": 0, "export": 0, "id": "JP"}, {"import": 0, "export": 0, "id": "JO"}, {"import": 0, "export": 0, "id": "MT"}, {"import": 0, "export": 0, "id": "MZ"}, {"import": 0, "export": 0, "id": "NL"}, {"import": 0, "export": 0, "id": "BA"}, {"import": 0, "export": 0, "id": "AO"}, {"import": 0, "export": 0, "id": "AR"}, {"import": 0, "export": 0, "id": "CN"}, {"import": 0, "export": 0, "id": "DK"}, {"import": 0, "export": 0, "id": "GR"}], "world_import": 0, "world_export": 11862}, {"date": "2019-05-01", "list": [{"import": 0, "export": 0, "id": "ZA"}, {"import": 0, "export": 0, "id": "US"}, {"import": 0, "export": 0, "id": "CL"}, {"import": 0, "export": 0, "id": "GT"}, {"import": 0, "export": 0, "id": "CA"}, {"import": 0, "export": 0, "id": "BB"}, {"import": 0, "export": 10600, "id": "PY"}, {"import": 0, "export": 0, "id": "BO"}, {"import": 0, "export": 0, "id": "BS"}, {"import": 0, "export": 1449, "id": "PA"}, {"import": 0, "export": 1573, "id": "MH"}, {"import": 0, "export": 673, "id": "SG"}, {"import": 0, "export": 1145, "id": "LR"}, {"import": 0, "export": 833, "id": "-"}, {"import": 0, "export": 0, "id": "GB"}, {"import": 0, "export": 0, "id": "NO"}, {"import": 0, "export": 0, "id": "CV"}, {"import": 0, "export": 0, "id": "PT"}, {"import": 0, "export": 0, "id": "IN"}, {"import": 0, "export": 15000, "id": "UY"}, {"import": 0, "export": 0, "id": "VE"}, {"import": 0, "export": 0, "id": "SI"}, {"import": 0, "export": 0, "id": "CH"}, {"import": 0, "export": 0, "id": "TT"}, {"import": 0, "export": 0, "id": "IT"}, {"import": 0, "export": 0, "id": "JP"}, {"import": 0, "export": 0, "id": "JO"}, {"import": 0, "export": 820, "id": "MT"}, {"import": 0, "export": 0, "id": "MZ"}, {"import": 0, "export": 0, "id": "NL"}, {"import": 0, "export": 0, "id": "BA"}, {"import": 0, "export": 59212, "id": "AO"}, {"import": 0, "export": 0, "id": "AR"}, {"import": 0, "export": 0, "id": "CN"}, {"import": 0, "export": 0, "id": "DK"}, {"import": 0, "export": 0, "id": "GR"}], "world_import": 0, "world_export": 91305}, {"date": "2019-06-01", "list": [{"import": 0, "export": 0, "id": "ZA"}, {"import": 0, "export": 0, "id": "US"}, {"import": 0, "export": 0, "id": "CL"}, {"import": 0, "export": 0, "id": "GT"}, {"import": 0, "export": 20000, "id": "CA"}, {"import": 0, "export": 3500, "id": "BB"}, {"import": 0, "export": 6800, "id": "PY"}, {"import": 0, "export": 0, "id": "BO"}, {"import": 0, "export": 0, "id": "BS"}, {"import": 0, "export": 1403, "id": "PA"}, {"import": 0, "export": 0, "id": "MH"}, {"import": 0, "export": 0, "id": "SG"}, {"import": 0, "export": 820, "id": "LR"}, {"import": 0, "export": 484, "id": "-"}, {"import": 0, "export": 0, "id": "GB"}, {"import": 0, "export": 0, "id": "NO"}, {"import": 0, "export": 0, "id": "CV"}, {"import": 0, "export": 0, "id": "PT"}, {"import": 0, "export": 0, "id": "IN"}, {"import": 0, "export": 0, "id": "UY"}, {"import": 0, "export": 0, "id": "VE"}, {"import": 0, "export": 0, "id": "SI"}, {"import": 0, "export": 0, "id": "CH"}, {"import": 0, "export": 0, "id": "TT"}, {"import": 0, "export": 0, "id": "IT"}, {"import": 0, "export": 0, "id": "JP"}, {"import": 0, "export": 0, "id": "JO"}, {"import": 0, "export": 0, "id": "MT"}, {"import": 0, "export": 0, "id": "MZ"}, {"import": 0, "export": 0, "id": "NL"}, {"import": 0, "export": 0, "id": "BA"}, {"import": 0, "export": 0, "id": "AO"}, {"import": 0, "export": 0, "id": "AR"}, {"import": 0, "export": 0, "id": "CN"}, {"import": 0, "export": 0, "id": "DK"}, {"import": 0, "export": 0, "id": "GR"}], "world_import": 0, "world_export": 33007}, {"date": "2019-07-01", "list": [{"import": 0, "export": 0, "id": "ZA"}, {"import": 0, "export": 0, "id": "US"}, {"import": 0, "export": 0, "id": "CL"}, {"import": 0, "export": 0, "id": "GT"}, {"import": 0, "export": 20000, "id": "CA"}, {"import": 0, "export": 6000, "id": "BB"}, {"import": 0, "export": 4000, "id": "PY"}, {"import": 0, "export": 0, "id": "BO"}, {"import": 0, "export": 445, "id": "BS"}, {"import": 0, "export": 1782, "id": "PA"}, {"import": 0, "export": 1210, "id": "MH"}, {"import": 0, "export": 910, "id": "SG"}, {"import": 0, "export": 0, "id": "LR"}, {"import": 0, "export": 824, "id": "-"}, {"import": 0, "export": 0, "id": "GB"}, {"import": 0, "export": 639, "id": "NO"}, {"import": 0, "export": 6250, "id": "CV"}, {"import": 0, "export": 200, "id": "PT"}, {"import": 0, "export": 0, "id": "IN"}, {"import": 0, "export": 0, "id": "UY"}, {"import": 0, "export": 0, "id": "VE"}, {"import": 0, "export": 0, "id": "SI"}, {"import": 0, "export": 0, "id": "CH"}, {"import": 0, "export": 0, "id": "TT"}, {"import": 0, "export": 120000, "id": "IT"}, {"import": 0, "export": 1191, "id": "JP"}, {"import": 0, "export": 0, "id": "JO"}, {"import": 0, "export": 0, "id": "MT"}, {"import": 0, "export": 0, "id": "MZ"}, {"import": 0, "export": 0, "id": "NL"}, {"import": 0, "export": 0, "id": "BA"}, {"import": 0, "export": 84900, "id": "AO"}, {"import": 0, "export": 0, "id": "AR"}, {"import": 0, "export": 0, "id": "CN"}, {"import": 0, "export": 750, "id": "DK"}, {"import": 0, "export": 0, "id": "GR"}], "world_import": 0, "world_export": 249101}, {"date": "2019-08-01", "list": [{"import": 0, "export": 0, "id": "ZA"}, {"import": 0, "export": 0, "id": "US"}, {"import": 0, "export": 0, "id": "CL"}, {"import": 0, "export": 0, "id": "GT"}, {"import": 0, "export": 0, "id": "CA"}, {"import": 0, "export": 27948, "id": "BB"}, {"import": 0, "export": 0, "id": "PY"}, {"import": 0, "export": 3990, "id": "BO"}, {"import": 0, "export": 178, "id": "BS"}, {"import": 0, "export": 876, "id": "PA"}, {"import": 0, "export": 705, "id": "MH"}, {"import": 0, "export": 428, "id": "SG"}, {"import": 0, "export": 2110, "id": "LR"}, {"import": 0, "export": 547, "id": "-"}, {"import": 0, "export": 0, "id": "GB"}, {"import": 0, "export": 0, "id": "NO"}, {"import": 0, "export": 0, "id": "CV"}, {"import": 0, "export": 0, "id": "PT"}, {"import": 0, "export": 0, "id": "IN"}, {"import": 0, "export": 0, "id": "UY"}, {"import": 0, "export": 0, "id": "VE"}, {"import": 0, "export": 0, "id": "SI"}, {"import": 0, "export": 0, "id": "CH"}, {"import": 0, "export": 0, "id": "TT"}, {"import": 0, "export": 0, "id": "IT"}, {"import": 0, "export": 350, "id": "JP"}, {"import": 0, "export": 0, "id": "JO"}, {"import": 0, "export": 646, "id": "MT"}, {"import": 0, "export": 360, "id": "MZ"}, {"import": 0, "export": 0, "id": "NL"}, {"import": 0, "export": 0, "id": "BA"}, {"import": 0, "export": 0, "id": "AO"}, {"import": 0, "export": 0, "id": "AR"}, {"import": 0, "export": 0, "id": "CN"}, {"import": 0, "export": 0, "id": "DK"}, {"import": 0, "export": 0, "id": "GR"}], "world_import": 0, "world_export": 38138}]