[{"date": "2018-11-01", "list": [{"import": 152164, "export": 0, "id": "AU"}, {"import": 6771, "export": 0, "id": "TH"}, {"import": 37762, "export": 0, "id": "VN"}, {"import": 25353, "export": 0, "id": "PK"}, {"import": 0, "export": 0, "id": "CN"}, {"import": 0, "export": 0, "id": "AR"}, {"import": 0, "export": 0, "id": "IN"}, {"import": 0, "export": 0, "id": "KR"}, {"import": 0, "export": 0, "id": "JP"}, {"import": 19346, "export": 0, "id": "US"}, {"import": 5086, "export": 0, "id": "IT"}, {"import": 0, "export": 0, "id": "LK"}], "world_import": 246482, "world_export": 0}, {"date": "2018-12-01", "list": [{"import": 151026, "export": 0, "id": "AU"}, {"import": 5344, "export": 0, "id": "TH"}, {"import": 0, "export": 0, "id": "VN"}, {"import": 0, "export": 0, "id": "PK"}, {"import": 0, "export": 0, "id": "CN"}, {"import": 16700, "export": 0, "id": "AR"}, {"import": 0, "export": 0, "id": "IN"}, {"import": 0, "export": 0, "id": "KR"}, {"import": 0, "export": 0, "id": "JP"}, {"import": 35080, "export": 0, "id": "US"}, {"import": 1400, "export": 0, "id": "IT"}, {"import": 0, "export": 0, "id": "LK"}], "world_import": 209550, "world_export": 0}, {"date": "2019-01-01", "list": [{"import": 91601, "export": 0, "id": "AU"}, {"import": 58812, "export": 0, "id": "TH"}, {"import": 0, "export": 0, "id": "VN"}, {"import": 0, "export": 0, "id": "PK"}, {"import": 0, "export": 0, "id": "CN"}, {"import": 950, "export": 0, "id": "AR"}, {"import": 0, "export": 0, "id": "IN"}, {"import": 0, "export": 0, "id": "KR"}, {"import": 78, "export": 0, "id": "JP"}, {"import": 1359, "export": 0, "id": "US"}, {"import": 0, "export": 0, "id": "IT"}, {"import": 0, "export": 0, "id": "LK"}], "world_import": 152800, "world_export": 0}, {"date": "2019-02-01", "list": [{"import": 183109, "export": 0, "id": "AU"}, {"import": 0, "export": 0, "id": "TH"}, {"import": 0, "export": 0, "id": "VN"}, {"import": 0, "export": 0, "id": "PK"}, {"import": 3890, "export": 0, "id": "CN"}, {"import": 36394, "export": 0, "id": "AR"}, {"import": 0, "export": 0, "id": "IN"}, {"import": 0, "export": 0, "id": "KR"}, {"import": 0, "export": 0, "id": "JP"}, {"import": 41254, "export": 0, "id": "US"}, {"import": 0, "export": 0, "id": "IT"}, {"import": 0, "export": 0, "id": "LK"}], "world_import": 264647, "world_export": 0}, {"date": "2019-03-01", "list": [{"import": 169237, "export": 0, "id": "AU"}, {"import": 14034, "export": 0, "id": "TH"}, {"import": 37762, "export": 0, "id": "VN"}, {"import": 22782, "export": 0, "id": "PK"}, {"import": 0, "export": 0, "id": "CN"}, {"import": 18140, "export": 0, "id": "AR"}, {"import": 9216, "export": 0, "id": "IN"}, {"import": 0, "export": 0, "id": "KR"}, {"import": 0, "export": 0, "id": "JP"}, {"import": 23902, "export": 0, "id": "US"}, {"import": 0, "export": 0, "id": "IT"}, {"import": 643, "export": 0, "id": "LK"}], "world_import": 295716, "world_export": 0}, {"date": "2019-04-01", "list": [{"import": 163025, "export": 0, "id": "AU"}, {"import": 0, "export": 0, "id": "TH"}, {"import": 0, "export": 0, "id": "VN"}, {"import": 0, "export": 0, "id": "PK"}, {"import": 0, "export": 0, "id": "CN"}, {"import": 0, "export": 0, "id": "AR"}, {"import": 9458, "export": 0, "id": "IN"}, {"import": 0, "export": 0, "id": "KR"}, {"import": 0, "export": 0, "id": "JP"}, {"import": 1550, "export": 0, "id": "US"}, {"import": 0, "export": 0, "id": "IT"}, {"import": 0, "export": 0, "id": "LK"}], "world_import": 174033, "world_export": 0}, {"date": "2019-05-01", "list": [{"import": 242078, "export": 0, "id": "AU"}, {"import": 33429, "export": 0, "id": "TH"}, {"import": 18785, "export": 0, "id": "VN"}, {"import": 0, "export": 0, "id": "PK"}, {"import": 230, "export": 0, "id": "CN"}, {"import": 46420, "export": 0, "id": "AR"}, {"import": 8778, "export": 0, "id": "IN"}, {"import": 482, "export": 0, "id": "KR"}, {"import": 0, "export": 0, "id": "JP"}, {"import": 4291, "export": 0, "id": "US"}, {"import": 0, "export": 0, "id": "IT"}, {"import": 0, "export": 0, "id": "LK"}], "world_import": 354493, "world_export": 0}, {"date": "2019-06-01", "list": [{"import": 243963, "export": 0, "id": "AU"}, {"import": 3604, "export": 0, "id": "TH"}, {"import": 18833, "export": 0, "id": "VN"}, {"import": 18359, "export": 0, "id": "PK"}, {"import": 0, "export": 0, "id": "CN"}, {"import": 0, "export": 0, "id": "AR"}, {"import": 1126, "export": 0, "id": "IN"}, {"import": 0, "export": 0, "id": "KR"}, {"import": 0, "export": 0, "id": "JP"}, {"import": 10490, "export": 0, "id": "US"}, {"import": 2203, "export": 0, "id": "IT"}, {"import": 0, "export": 0, "id": "LK"}], "world_import": 298578, "world_export": 0}, {"date": "2019-07-01", "list": [{"import": 163533, "export": 0, "id": "AU"}, {"import": 32212, "export": 0, "id": "TH"}, {"import": 18554, "export": 0, "id": "VN"}, {"import": 2034, "export": 0, "id": "PK"}, {"import": 0, "export": 0, "id": "CN"}, {"import": 0, "export": 0, "id": "AR"}, {"import": 15160, "export": 0, "id": "IN"}, {"import": 0, "export": 0, "id": "KR"}, {"import": 0, "export": 0, "id": "JP"}, {"import": 4659, "export": 0, "id": "US"}, {"import": 0, "export": 0, "id": "IT"}, {"import": 0, "export": 0, "id": "LK"}], "world_import": 236152, "world_export": 0}, {"date": "2019-08-01", "list": [{"import": 152059, "export": 0, "id": "AU"}, {"import": 0, "export": 0, "id": "TH"}, {"import": 18821, "export": 0, "id": "VN"}, {"import": 3878, "export": 0, "id": "PK"}, {"import": 0, "export": 0, "id": "CN"}, {"import": 18230, "export": 0, "id": "AR"}, {"import": 2025, "export": 0, "id": "IN"}, {"import": 0, "export": 0, "id": "KR"}, {"import": 0, "export": 0, "id": "JP"}, {"import": 8088, "export": 0, "id": "US"}, {"import": 0, "export": 0, "id": "IT"}, {"import": 0, "export": 0, "id": "LK"}], "world_import": 203101, "world_export": 0}, {"date": "2019-09-01", "list": [{"import": 203807, "export": 0, "id": "AU"}, {"import": 38530, "export": 0, "id": "TH"}, {"import": 0, "export": 0, "id": "VN"}, {"import": 0, "export": 0, "id": "PK"}, {"import": 1082, "export": 0, "id": "CN"}, {"import": 0, "export": 0, "id": "AR"}, {"import": 0, "export": 0, "id": "IN"}, {"import": 0, "export": 0, "id": "KR"}, {"import": 0, "export": 0, "id": "JP"}, {"import": 7146, "export": 0, "id": "US"}, {"import": 0, "export": 0, "id": "IT"}, {"import": 0, "export": 0, "id": "LK"}], "world_import": 250565, "world_export": 0}, {"date": "2019-10-01", "list": [{"import": 184020, "export": 0, "id": "AU"}, {"import": 3188, "export": 0, "id": "TH"}, {"import": 18821, "export": 0, "id": "VN"}, {"import": 0, "export": 0, "id": "PK"}, {"import": 0, "export": 0, "id": "CN"}, {"import": 0, "export": 0, "id": "AR"}, {"import": 11527, "export": 0, "id": "IN"}, {"import": 711, "export": 0, "id": "KR"}, {"import": 0, "export": 0, "id": "JP"}, {"import": 31160, "export": 0, "id": "US"}, {"import": 0, "export": 0, "id": "IT"}, {"import": 2241, "export": 0, "id": "LK"}], "world_import": 251668, "world_export": 0}, {"date": "2019-11-01", "list": [{"import": 135117, "export": 0, "id": "AU"}, {"import": 23115, "export": 0, "id": "TH"}, {"import": 18821, "export": 0, "id": "VN"}, {"import": 3670, "export": 0, "id": "PK"}, {"import": 0, "export": 0, "id": "CN"}, {"import": 0, "export": 0, "id": "AR"}, {"import": 0, "export": 0, "id": "IN"}, {"import": 0, "export": 0, "id": "KR"}, {"import": 0, "export": 0, "id": "JP"}, {"import": 7835, "export": 0, "id": "US"}, {"import": 0, "export": 0, "id": "IT"}, {"import": 649, "export": 0, "id": "LK"}], "world_import": 189207, "world_export": 0}, {"date": "2019-12-01", "list": [{"import": 211859, "export": 0, "id": "AU"}, {"import": 22097, "export": 0, "id": "TH"}, {"import": 18821, "export": 0, "id": "VN"}, {"import": 4479, "export": 0, "id": "PK"}, {"import": 804, "export": 0, "id": "CN"}, {"import": 44217, "export": 0, "id": "AR"}, {"import": 13045, "export": 0, "id": "IN"}, {"import": 0, "export": 0, "id": "KR"}, {"import": 0, "export": 0, "id": "JP"}, {"import": 22739, "export": 0, "id": "US"}, {"import": 0, "export": 0, "id": "IT"}, {"import": 0, "export": 0, "id": "LK"}], "world_import": 338061, "world_export": 0}, {"date": "2020-01-01", "list": [{"import": 63078, "export": 0, "id": "AU"}, {"import": 65375, "export": 0, "id": "TH"}, {"import": 18821, "export": 0, "id": "VN"}, {"import": 18203, "export": 0, "id": "PK"}, {"import": 992, "export": 0, "id": "CN"}, {"import": 0, "export": 0, "id": "AR"}, {"import": 0, "export": 0, "id": "IN"}, {"import": 0, "export": 0, "id": "KR"}, {"import": 0, "export": 0, "id": "JP"}, {"import": 50657, "export": 0, "id": "US"}, {"import": 0, "export": 0, "id": "IT"}, {"import": 0, "export": 0, "id": "LK"}], "world_import": 217126, "world_export": 0}, {"date": "2020-02-01", "list": [{"import": 72836, "export": 0, "id": "AU"}, {"import": 10093, "export": 0, "id": "TH"}, {"import": 0, "export": 0, "id": "VN"}, {"import": 0, "export": 0, "id": "PK"}, {"import": 0, "export": 0, "id": "CN"}, {"import": 13040, "export": 0, "id": "AR"}, {"import": 8591, "export": 0, "id": "IN"}, {"import": 0, "export": 0, "id": "KR"}, {"import": 1206, "export": 0, "id": "JP"}, {"import": 31290, "export": 0, "id": "US"}, {"import": 0, "export": 0, "id": "IT"}, {"import": 0, "export": 0, "id": "LK"}], "world_import": 137056, "world_export": 0}, {"date": "2020-03-01", "list": [{"import": 97906, "export": 0, "id": "AU"}, {"import": 27685, "export": 0, "id": "TH"}, {"import": 0, "export": 0, "id": "VN"}, {"import": 12299, "export": 0, "id": "PK"}, {"import": 0, "export": 0, "id": "CN"}, {"import": 0, "export": 0, "id": "AR"}, {"import": 0, "export": 0, "id": "IN"}, {"import": 752, "export": 0, "id": "KR"}, {"import": 0, "export": 0, "id": "JP"}, {"import": 15512, "export": 0, "id": "US"}, {"import": 0, "export": 0, "id": "IT"}, {"import": 5600, "export": 0, "id": "LK"}], "world_import": 159754, "world_export": 0}, {"date": "2020-04-01", "list": [{"import": 162571, "export": 0, "id": "AU"}, {"import": 43686, "export": 0, "id": "TH"}, {"import": 0, "export": 0, "id": "VN"}, {"import": 0, "export": 0, "id": "PK"}, {"import": 0, "export": 0, "id": "CN"}, {"import": 24367, "export": 0, "id": "AR"}, {"import": 12738, "export": 0, "id": "IN"}, {"import": 0, "export": 0, "id": "KR"}, {"import": 0, "export": 0, "id": "JP"}, {"import": 17682, "export": 0, "id": "US"}, {"import": 0, "export": 0, "id": "IT"}, {"import": 0, "export": 0, "id": "LK"}], "world_import": 261044, "world_export": 0}]