[{"date": "2019-03-01", "list": [{"import": 683500, "export": 0, "id": "IN"}], "world_import": 683500, "world_export": 0}, {"date": "2019-04-01", "list": [{"import": 934070, "export": 0, "id": "IN"}], "world_import": 934070, "world_export": 0}, {"date": "2019-05-01", "list": [{"import": 250500, "export": 0, "id": "IN"}], "world_import": 250500, "world_export": 0}, {"date": "2019-06-01", "list": [{"import": 650700, "export": 0, "id": "IN"}], "world_import": 650700, "world_export": 0}, {"date": "2019-07-01", "list": [{"import": 824105, "export": 0, "id": "IN"}], "world_import": 824105, "world_export": 0}, {"date": "2019-09-01", "list": [{"import": 271950, "export": 0, "id": "IN"}], "world_import": 271950, "world_export": 0}, {"date": "2019-10-01", "list": [{"import": 390840, "export": 0, "id": "IN"}, {"import": 6080, "export": 0, "id": "TH"}], "world_import": 396920, "world_export": 0}, {"date": "2019-11-01", "list": [{"import": 89000, "export": 0, "id": "IN"}], "world_import": 89000, "world_export": 0}, {"date": "2019-12-01", "list": [{"import": 931410, "export": 0, "id": "IN"}], "world_import": 931410, "world_export": 0}]