[{"date": "2019-01-01", "list": [{"import": 15922, "export": 0, "id": "US"}], "world_import": 15922, "world_export": 0}, {"date": "2019-06-01", "list": [{"import": 5261, "export": 0, "id": "US"}], "world_import": 5261, "world_export": 0}, {"date": "2019-08-01", "list": [{"import": 3084, "export": 0, "id": "US"}], "world_import": 3084, "world_export": 0}, {"date": "2019-10-01", "list": [{"import": 5261, "export": 0, "id": "US"}], "world_import": 5261, "world_export": 0}, {"date": "2019-11-01", "list": [{"import": 14272, "export": 0, "id": "US"}], "world_import": 14272, "world_export": 0}, {"date": "2020-01-01", "list": [{"import": 23188, "export": 0, "id": "US"}], "world_import": 23188, "world_export": 0}, {"date": "2020-02-01", "list": [{"import": 6486, "export": 0, "id": "US"}], "world_import": 6486, "world_export": 0}, {"date": "2020-03-01", "list": [{"import": 10690, "export": 0, "id": "US"}], "world_import": 10690, "world_export": 0}, {"date": "2020-04-01", "list": [{"import": 45107, "export": 0, "id": "US"}], "world_import": 45107, "world_export": 0}, {"date": "2020-05-01", "list": [{"import": 56504, "export": 0, "id": "US"}], "world_import": 56504, "world_export": 0}, {"date": "2020-06-01", "list": [{"import": 67865, "export": 0, "id": "US"}], "world_import": 67865, "world_export": 0}]