[{"date": "2018-10-01", "list": [{"import": 89377, "export": 4691, "id": "NL"}, {"import": 0, "export": 0, "id": "ES"}, {"import": 157553, "export": 1252, "id": "FR"}, {"import": 0, "export": 0, "id": "DK"}, {"import": 0, "export": 1123, "id": "GB"}, {"import": 26360, "export": 19, "id": "PL"}, {"import": 0, "export": 29862, "id": "DE"}, {"import": 0, "export": 0, "id": "GR"}, {"import": 0, "export": 0, "id": "HU"}, {"import": 0, "export": 0, "id": "IT"}, {"import": 0, "export": 0, "id": "JP"}, {"import": 0, "export": 4935, "id": "LU"}, {"import": 0, "export": 0, "id": "BD"}, {"import": 24375, "export": 0, "id": "LK"}, {"import": 0, "export": 0, "id": "-"}, {"import": 0, "export": 0, "id": "LB"}, {"import": 0, "export": 0, "id": "MA"}, {"import": 0, "export": 0, "id": "BH"}, {"import": 0, "export": 0, "id": "PT"}, {"import": 0, "export": 0, "id": "NO"}], "world_import": 297665, "world_export": 41882}, {"date": "2018-11-01", "list": [{"import": 121313, "export": 33671, "id": "NL"}, {"import": 0, "export": 0, "id": "ES"}, {"import": 88879, "export": 1468, "id": "FR"}, {"import": 0, "export": 0, "id": "DK"}, {"import": 0, "export": 2211, "id": "GB"}, {"import": 0, "export": 0, "id": "PL"}, {"import": 0, "export": 6790, "id": "DE"}, {"import": 0, "export": 0, "id": "GR"}, {"import": 0, "export": 0, "id": "HU"}, {"import": 1194, "export": 416601, "id": "IT"}, {"import": 0, "export": 0, "id": "JP"}, {"import": 0, "export": 0, "id": "BD"}, {"import": 0, "export": 0, "id": "LK"}, {"import": 0, "export": 0, "id": "-"}, {"import": 0, "export": 0, "id": "LB"}, {"import": 0, "export": 4927, "id": "LU"}, {"import": 0, "export": 0, "id": "MA"}, {"import": 0, "export": 0, "id": "BH"}, {"import": 0, "export": 0, "id": "PT"}, {"import": 0, "export": 390, "id": "NO"}], "world_import": 211386, "world_export": 466058}, {"date": "2019-01-01", "list": [{"import": 59302, "export": 7237, "id": "NL"}, {"import": 0, "export": 0, "id": "ES"}, {"import": 30354, "export": 4978, "id": "FR"}, {"import": 0, "export": 0, "id": "DK"}, {"import": 11964, "export": 813, "id": "GB"}, {"import": 0, "export": 1839, "id": "PL"}, {"import": 26, "export": 15533, "id": "DE"}, {"import": 0, "export": 0, "id": "GR"}, {"import": 0, "export": 0, "id": "HU"}, {"import": 1355, "export": 385486, "id": "IT"}, {"import": 0, "export": 0, "id": "JP"}, {"import": 0, "export": 56, "id": "LU"}, {"import": 0, "export": 0, "id": "BD"}, {"import": 0, "export": 0, "id": "LK"}, {"import": 0, "export": 0, "id": "-"}, {"import": 0, "export": 0, "id": "LB"}, {"import": 0, "export": 0, "id": "MA"}, {"import": 0, "export": 0, "id": "BH"}, {"import": 0, "export": 0, "id": "PT"}, {"import": 0, "export": 0, "id": "NO"}], "world_import": 103001, "world_export": 415942}, {"date": "2019-02-01", "list": [{"import": 111349, "export": 181358, "id": "NL"}, {"import": 0, "export": 0, "id": "ES"}, {"import": 57759, "export": 1394, "id": "FR"}, {"import": 0, "export": 252, "id": "DK"}, {"import": 0, "export": 0, "id": "GB"}, {"import": 0, "export": 0, "id": "PL"}, {"import": 39, "export": 9701, "id": "DE"}, {"import": 0, "export": 0, "id": "GR"}, {"import": 0, "export": 0, "id": "HU"}, {"import": 1177, "export": 304995, "id": "IT"}, {"import": 0, "export": 0, "id": "JP"}, {"import": 13, "export": 92, "id": "LU"}, {"import": 2720, "export": 0, "id": "BD"}, {"import": 0, "export": 0, "id": "LK"}, {"import": 0, "export": 39, "id": "-"}, {"import": 0, "export": 0, "id": "LB"}, {"import": 0, "export": 0, "id": "MA"}, {"import": 0, "export": 0, "id": "BH"}, {"import": 0, "export": 0, "id": "PT"}, {"import": 0, "export": 0, "id": "NO"}], "world_import": 173057, "world_export": 497831}, {"date": "2019-03-01", "list": [{"import": 150008, "export": 6656, "id": "NL"}, {"import": 0, "export": 0, "id": "ES"}, {"import": 121621, "export": 1055, "id": "FR"}, {"import": 21592, "export": 73, "id": "DK"}, {"import": 0, "export": 1124, "id": "GB"}, {"import": 0, "export": 5903, "id": "PL"}, {"import": 1, "export": 9943, "id": "DE"}, {"import": 0, "export": 0, "id": "GR"}, {"import": 0, "export": 0, "id": "HU"}, {"import": 2589, "export": 0, "id": "IT"}, {"import": 0, "export": 0, "id": "JP"}, {"import": 0, "export": 124, "id": "LU"}, {"import": 0, "export": 0, "id": "BD"}, {"import": 0, "export": 0, "id": "LK"}, {"import": 19, "export": 0, "id": "-"}, {"import": 0, "export": 0, "id": "LB"}, {"import": 0, "export": 0, "id": "MA"}, {"import": 0, "export": 0, "id": "BH"}, {"import": 0, "export": 1270, "id": "PT"}, {"import": 0, "export": 0, "id": "NO"}], "world_import": 295830, "world_export": 26148}, {"date": "2019-04-01", "list": [{"import": 116818, "export": 4651, "id": "NL"}, {"import": 0, "export": 0, "id": "ES"}, {"import": 179921, "export": 7717, "id": "FR"}, {"import": 23296, "export": 127, "id": "DK"}, {"import": 0, "export": 0, "id": "GB"}, {"import": 25884, "export": 5492, "id": "PL"}, {"import": 0, "export": 11004, "id": "DE"}, {"import": 0, "export": 0, "id": "GR"}, {"import": 0, "export": 0, "id": "HU"}, {"import": 0, "export": 0, "id": "IT"}, {"import": 0, "export": 0, "id": "JP"}, {"import": 0, "export": 0, "id": "LU"}, {"import": 0, "export": 0, "id": "BD"}, {"import": 0, "export": 0, "id": "LK"}, {"import": 0, "export": 0, "id": "-"}, {"import": 0, "export": 0, "id": "LB"}, {"import": 0, "export": 0, "id": "MA"}, {"import": 0, "export": 0, "id": "BH"}, {"import": 0, "export": 0, "id": "PT"}, {"import": 0, "export": 0, "id": "NO"}], "world_import": 345919, "world_export": 28991}, {"date": "2019-05-01", "list": [{"import": 144858, "export": 5891, "id": "NL"}, {"import": 0, "export": 0, "id": "ES"}, {"import": 144301, "export": 1308, "id": "FR"}, {"import": 23149, "export": 155, "id": "DK"}, {"import": 0, "export": 0, "id": "GB"}, {"import": 0, "export": 268, "id": "PL"}, {"import": 0, "export": 3359, "id": "DE"}, {"import": 0, "export": 0, "id": "GR"}, {"import": 0, "export": 0, "id": "HU"}, {"import": 1927, "export": 0, "id": "IT"}, {"import": 300, "export": 0, "id": "JP"}, {"import": 0, "export": 89, "id": "LU"}, {"import": 5920, "export": 0, "id": "BD"}, {"import": 0, "export": 0, "id": "LK"}, {"import": 0, "export": 0, "id": "-"}, {"import": 0, "export": 0, "id": "LB"}, {"import": 0, "export": 0, "id": "MA"}, {"import": 0, "export": 0, "id": "BH"}, {"import": 0, "export": 0, "id": "PT"}, {"import": 0, "export": 0, "id": "NO"}], "world_import": 320455, "world_export": 11070}, {"date": "2019-06-01", "list": [{"import": 205213, "export": 3165, "id": "NL"}, {"import": 0, "export": 0, "id": "ES"}, {"import": 223008, "export": 1297, "id": "FR"}, {"import": 24898, "export": 0, "id": "DK"}, {"import": 0, "export": 1115, "id": "GB"}, {"import": 27665, "export": 1136, "id": "PL"}, {"import": 0, "export": 6262, "id": "DE"}, {"import": 0, "export": 0, "id": "GR"}, {"import": 27481, "export": 0, "id": "HU"}, {"import": 1956, "export": 385601, "id": "IT"}, {"import": 0, "export": 0, "id": "JP"}, {"import": 0, "export": 0, "id": "LU"}, {"import": 0, "export": 0, "id": "BD"}, {"import": 0, "export": 0, "id": "LK"}, {"import": 0, "export": 0, "id": "-"}, {"import": 0, "export": 0, "id": "LB"}, {"import": 0, "export": 0, "id": "MA"}, {"import": 0, "export": 0, "id": "BH"}, {"import": 0, "export": 0, "id": "PT"}, {"import": 0, "export": 0, "id": "NO"}], "world_import": 510221, "world_export": 398576}, {"date": "2019-07-01", "list": [{"import": 37878, "export": 4566, "id": "NL"}, {"import": 0, "export": 948, "id": "ES"}, {"import": 243726, "export": 1665, "id": "FR"}, {"import": 0, "export": 0, "id": "DK"}, {"import": 20965, "export": 1299, "id": "GB"}, {"import": 0, "export": 0, "id": "PL"}, {"import": 0, "export": 5547, "id": "DE"}, {"import": 0, "export": 0, "id": "GR"}, {"import": 0, "export": 0, "id": "HU"}, {"import": 0, "export": 359715, "id": "IT"}, {"import": 0, "export": 0, "id": "JP"}, {"import": 0, "export": 103, "id": "LU"}, {"import": 0, "export": 0, "id": "BD"}, {"import": 0, "export": 0, "id": "LK"}, {"import": 0, "export": 0, "id": "-"}, {"import": 0, "export": 0, "id": "LB"}, {"import": 0, "export": 0, "id": "MA"}, {"import": 0, "export": 0, "id": "BH"}, {"import": 0, "export": 0, "id": "PT"}, {"import": 0, "export": 0, "id": "NO"}], "world_import": 302569, "world_export": 373843}, {"date": "2019-08-01", "list": [{"import": 115978, "export": 30688, "id": "NL"}, {"import": 30752, "export": 0, "id": "ES"}, {"import": 91737, "export": 2666, "id": "FR"}, {"import": 23339, "export": 0, "id": "DK"}, {"import": 690, "export": 0, "id": "GB"}, {"import": 0, "export": 0, "id": "PL"}, {"import": 0, "export": 7102, "id": "DE"}, {"import": 0, "export": 0, "id": "GR"}, {"import": 0, "export": 0, "id": "HU"}, {"import": 28027, "export": 359319, "id": "IT"}, {"import": 0, "export": 0, "id": "JP"}, {"import": 0, "export": 0, "id": "LU"}, {"import": 1000, "export": 0, "id": "BD"}, {"import": 0, "export": 0, "id": "LK"}, {"import": 0, "export": 0, "id": "-"}, {"import": 0, "export": 0, "id": "LB"}, {"import": 0, "export": 0, "id": "MA"}, {"import": 0, "export": 0, "id": "BH"}, {"import": 0, "export": 0, "id": "PT"}, {"import": 0, "export": 0, "id": "NO"}], "world_import": 291523, "world_export": 399775}, {"date": "2019-09-01", "list": [{"import": 61886, "export": 4422, "id": "NL"}, {"import": 63363, "export": 0, "id": "ES"}, {"import": 93755, "export": 978, "id": "FR"}, {"import": 24266, "export": 61, "id": "DK"}, {"import": 0, "export": 0, "id": "GB"}, {"import": 0, "export": 0, "id": "PL"}, {"import": 0, "export": 1849, "id": "DE"}, {"import": 0, "export": 0, "id": "GR"}, {"import": 0, "export": 0, "id": "HU"}, {"import": 0, "export": 0, "id": "IT"}, {"import": 0, "export": 0, "id": "JP"}, {"import": 0, "export": 0, "id": "LU"}, {"import": 2000, "export": 0, "id": "BD"}, {"import": 0, "export": 0, "id": "LK"}, {"import": 0, "export": 0, "id": "-"}, {"import": 0, "export": 0, "id": "LB"}, {"import": 0, "export": 980, "id": "MA"}, {"import": 0, "export": 0, "id": "BH"}, {"import": 0, "export": 0, "id": "PT"}, {"import": 0, "export": 0, "id": "NO"}], "world_import": 245270, "world_export": 8290}, {"date": "2019-10-01", "list": [{"import": 60589, "export": 3008, "id": "NL"}, {"import": 0, "export": 0, "id": "ES"}, {"import": 33028, "export": 8476, "id": "FR"}, {"import": 24179, "export": 118, "id": "DK"}, {"import": 0, "export": 206, "id": "GB"}, {"import": 0, "export": 0, "id": "PL"}, {"import": 0, "export": 5357, "id": "DE"}, {"import": 0, "export": 0, "id": "GR"}, {"import": 0, "export": 0, "id": "HU"}, {"import": 57160, "export": 466734, "id": "IT"}, {"import": 0, "export": 0, "id": "JP"}, {"import": 0, "export": 90, "id": "LU"}, {"import": 0, "export": 0, "id": "BD"}, {"import": 0, "export": 0, "id": "LK"}, {"import": 0, "export": 0, "id": "-"}, {"import": 0, "export": 0, "id": "LB"}, {"import": 0, "export": 21380, "id": "MA"}, {"import": 0, "export": 0, "id": "BH"}, {"import": 0, "export": 0, "id": "PT"}, {"import": 0, "export": 0, "id": "NO"}], "world_import": 174956, "world_export": 505369}, {"date": "2019-11-01", "list": [{"import": 110550, "export": 1522, "id": "NL"}, {"import": 0, "export": 0, "id": "ES"}, {"import": 1083, "export": 705, "id": "FR"}, {"import": 23363, "export": 14, "id": "DK"}, {"import": 7570, "export": 0, "id": "GB"}, {"import": 0, "export": 0, "id": "PL"}, {"import": 0, "export": 2073, "id": "DE"}, {"import": 0, "export": 0, "id": "GR"}, {"import": 0, "export": 0, "id": "HU"}, {"import": 0, "export": 365335, "id": "IT"}, {"import": 0, "export": 0, "id": "JP"}, {"import": 0, "export": 133, "id": "LU"}, {"import": 5920, "export": 0, "id": "BD"}, {"import": 0, "export": 0, "id": "LK"}, {"import": 0, "export": 0, "id": "-"}, {"import": 0, "export": 0, "id": "LB"}, {"import": 0, "export": 840, "id": "MA"}, {"import": 0, "export": 0, "id": "BH"}, {"import": 0, "export": 0, "id": "PT"}, {"import": 0, "export": 270, "id": "NO"}], "world_import": 148486, "world_export": 370892}, {"date": "2019-12-01", "list": [{"import": 42750, "export": 6137, "id": "NL"}, {"import": 0, "export": 0, "id": "ES"}, {"import": 133758, "export": 1137, "id": "FR"}, {"import": 23145, "export": 0, "id": "DK"}, {"import": 0, "export": 0, "id": "GB"}, {"import": 0, "export": 0, "id": "PL"}, {"import": 0, "export": 5275, "id": "DE"}, {"import": 0, "export": 0, "id": "GR"}, {"import": 105056, "export": 0, "id": "HU"}, {"import": 0, "export": 311857, "id": "IT"}, {"import": 0, "export": 0, "id": "JP"}, {"import": 0, "export": 73, "id": "LU"}, {"import": 0, "export": 0, "id": "BD"}, {"import": 0, "export": 0, "id": "LK"}, {"import": 0, "export": 0, "id": "-"}, {"import": 0, "export": 0, "id": "LB"}, {"import": 0, "export": 0, "id": "MA"}, {"import": 0, "export": 0, "id": "BH"}, {"import": 0, "export": 0, "id": "PT"}, {"import": 0, "export": 0, "id": "NO"}], "world_import": 304709, "world_export": 324479}, {"date": "2020-01-01", "list": [{"import": 35056, "export": 10716, "id": "NL"}, {"import": 0, "export": 942, "id": "ES"}, {"import": 130817, "export": 4219, "id": "FR"}, {"import": 0, "export": 62, "id": "DK"}, {"import": 0, "export": 1026, "id": "GB"}, {"import": 0, "export": 1048, "id": "PL"}, {"import": 0, "export": 11723, "id": "DE"}, {"import": 0, "export": 0, "id": "GR"}, {"import": 26085, "export": 880, "id": "HU"}, {"import": 0, "export": 0, "id": "IT"}, {"import": 0, "export": 0, "id": "JP"}, {"import": 0, "export": 72, "id": "LU"}, {"import": 0, "export": 0, "id": "BD"}, {"import": 0, "export": 0, "id": "LK"}, {"import": 0, "export": 0, "id": "-"}, {"import": 0, "export": 0, "id": "LB"}, {"import": 0, "export": 0, "id": "MA"}, {"import": 0, "export": 2000, "id": "BH"}, {"import": 0, "export": 943, "id": "PT"}, {"import": 0, "export": 0, "id": "NO"}], "world_import": 191958, "world_export": 33631}, {"date": "2020-02-01", "list": [{"import": 59923, "export": 7286, "id": "NL"}, {"import": 0, "export": 525, "id": "ES"}, {"import": 59907, "export": 988, "id": "FR"}, {"import": 23448, "export": 0, "id": "DK"}, {"import": 6863, "export": 663, "id": "GB"}, {"import": 0, "export": 1263, "id": "PL"}, {"import": 0, "export": 7336, "id": "DE"}, {"import": 0, "export": 0, "id": "GR"}, {"import": 27812, "export": 0, "id": "HU"}, {"import": 0, "export": 0, "id": "IT"}, {"import": 0, "export": 0, "id": "JP"}, {"import": 0, "export": 139, "id": "LU"}, {"import": 2000, "export": 0, "id": "BD"}, {"import": 0, "export": 0, "id": "LK"}, {"import": 0, "export": 0, "id": "-"}, {"import": 0, "export": 0, "id": "LB"}, {"import": 0, "export": 0, "id": "MA"}, {"import": 0, "export": 0, "id": "BH"}, {"import": 0, "export": 0, "id": "PT"}, {"import": 0, "export": 0, "id": "NO"}], "world_import": 179953, "world_export": 18200}, {"date": "2020-03-01", "list": [{"import": 72640, "export": 7293, "id": "NL"}, {"import": 0, "export": 0, "id": "ES"}, {"import": 261628, "export": 5780, "id": "FR"}, {"import": 0, "export": 0, "id": "DK"}, {"import": 6616, "export": 0, "id": "GB"}, {"import": 0, "export": 3625, "id": "PL"}, {"import": 0, "export": 12259, "id": "DE"}, {"import": 330, "export": 0, "id": "GR"}, {"import": 29116, "export": 0, "id": "HU"}, {"import": 0, "export": 0, "id": "IT"}, {"import": 0, "export": 0, "id": "JP"}, {"import": 0, "export": 150, "id": "LU"}, {"import": 0, "export": 0, "id": "BD"}, {"import": 0, "export": 0, "id": "LK"}, {"import": 0, "export": 0, "id": "-"}, {"import": 0, "export": 0, "id": "LB"}, {"import": 0, "export": 0, "id": "MA"}, {"import": 0, "export": 0, "id": "BH"}, {"import": 0, "export": 0, "id": "PT"}, {"import": 0, "export": 0, "id": "NO"}], "world_import": 370330, "world_export": 29107}, {"date": "2020-04-01", "list": [{"import": 29330, "export": 0, "id": "NL"}, {"import": 0, "export": 0, "id": "ES"}, {"import": 197885, "export": 0, "id": "FR"}, {"import": 72867, "export": 0, "id": "DK"}, {"import": 0, "export": 0, "id": "GB"}, {"import": 0, "export": 0, "id": "PL"}, {"import": 674, "export": 0, "id": "DE"}, {"import": 544, "export": 0, "id": "GR"}, {"import": 0, "export": 0, "id": "HU"}, {"import": 0, "export": 0, "id": "IT"}, {"import": 0, "export": 0, "id": "JP"}, {"import": 0, "export": 0, "id": "LU"}, {"import": 4480, "export": 0, "id": "BD"}, {"import": 0, "export": 0, "id": "LK"}, {"import": 0, "export": 0, "id": "-"}], "world_import": 305780, "world_export": 0}, {"date": "2018-12-01", "list": [{"import": 0, "export": 0, "id": "LB"}, {"import": 0, "export": 6302, "id": "NL"}, {"import": 0, "export": 6618, "id": "DE"}, {"import": 0, "export": 0, "id": "PL"}, {"import": 0, "export": 62, "id": "GB"}, {"import": 0, "export": 931, "id": "FR"}, {"import": 0, "export": 0, "id": "ES"}, {"import": 0, "export": 5057, "id": "LU"}, {"import": 0, "export": 0, "id": "MA"}, {"import": 0, "export": 0, "id": "HU"}, {"import": 0, "export": 366423, "id": "IT"}, {"import": 0, "export": 0, "id": "BH"}, {"import": 0, "export": 0, "id": "-"}, {"import": 0, "export": 0, "id": "DK"}, {"import": 0, "export": 0, "id": "PT"}, {"import": 0, "export": 0, "id": "NO"}], "world_import": 0, "world_export": 385393}]