[{"date": "2017-05-01", "list": [{"import": 0, "export": 0, "id": "IN"}, {"import": 0, "export": 0, "id": "AE"}, {"import": 0, "export": 0, "id": "GB"}, {"import": 0, "export": 0, "id": "KE"}, {"import": 0, "export": 0, "id": "SD"}], "world_import": 0, "world_export": 0}, {"date": "2017-06-01", "list": [{"import": 0, "export": 0, "id": "IN"}, {"import": 2189, "export": 0, "id": "AE"}, {"import": 0, "export": 0, "id": "GB"}, {"import": 0, "export": 0, "id": "KE"}, {"import": 0, "export": 0, "id": "SD"}], "world_import": 2189, "world_export": 0}, {"date": "2017-07-01", "list": [{"import": 0, "export": 0, "id": "IN"}, {"import": 0, "export": 0, "id": "AE"}, {"import": 0, "export": 0, "id": "GB"}, {"import": 0, "export": 0, "id": "KE"}, {"import": 0, "export": 0, "id": "SD"}], "world_import": 0, "world_export": 0}, {"date": "2017-08-01", "list": [{"import": 0, "export": 0, "id": "IN"}, {"import": 0, "export": 0, "id": "AE"}, {"import": 0, "export": 0, "id": "GB"}, {"import": 0, "export": 0, "id": "KE"}, {"import": 0, "export": 0, "id": "SD"}], "world_import": 0, "world_export": 0}, {"date": "2017-09-01", "list": [{"import": 388, "export": 0, "id": "IN"}, {"import": 984, "export": 0, "id": "AE"}, {"import": 0, "export": 0, "id": "GB"}, {"import": 0, "export": 0, "id": "KE"}, {"import": 0, "export": 0, "id": "SD"}], "world_import": 1372, "world_export": 0}, {"date": "2017-10-01", "list": [{"import": 0, "export": 0, "id": "IN"}, {"import": 1520, "export": 0, "id": "AE"}, {"import": 0, "export": 0, "id": "GB"}, {"import": 0, "export": 0, "id": "KE"}, {"import": 0, "export": 0, "id": "SD"}], "world_import": 1520, "world_export": 0}, {"date": "2017-11-01", "list": [{"import": 1161, "export": 0, "id": "IN"}, {"import": 0, "export": 0, "id": "AE"}, {"import": 750, "export": 0, "id": "GB"}, {"import": 0, "export": 0, "id": "KE"}, {"import": 0, "export": 0, "id": "SD"}], "world_import": 1911, "world_export": 0}, {"date": "2017-12-01", "list": [{"import": 792, "export": 0, "id": "IN"}, {"import": 0, "export": 0, "id": "AE"}, {"import": 0, "export": 0, "id": "GB"}, {"import": 0, "export": 0, "id": "KE"}, {"import": 0, "export": 0, "id": "SD"}], "world_import": 792, "world_export": 0}, {"date": "2018-01-01", "list": [{"import": 0, "export": 0, "id": "IN"}, {"import": 0, "export": 0, "id": "AE"}, {"import": 0, "export": 0, "id": "GB"}, {"import": 0, "export": 0, "id": "KE"}, {"import": 0, "export": 0, "id": "SD"}], "world_import": 0, "world_export": 0}, {"date": "2018-02-01", "list": [{"import": 0, "export": 0, "id": "IN"}, {"import": 0, "export": 0, "id": "AE"}, {"import": 0, "export": 0, "id": "GB"}, {"import": 0, "export": 0, "id": "KE"}, {"import": 0, "export": 0, "id": "SD"}], "world_import": 0, "world_export": 0}, {"date": "2018-03-01", "list": [{"import": 0, "export": 0, "id": "IN"}, {"import": 0, "export": 0, "id": "AE"}, {"import": 0, "export": 0, "id": "GB"}, {"import": 0, "export": 0, "id": "KE"}, {"import": 0, "export": 0, "id": "SD"}], "world_import": 0, "world_export": 0}, {"date": "2018-04-01", "list": [{"import": 0, "export": 0, "id": "IN"}, {"import": 0, "export": 0, "id": "AE"}, {"import": 0, "export": 0, "id": "GB"}, {"import": 0, "export": 0, "id": "KE"}, {"import": 0, "export": 0, "id": "SD"}], "world_import": 0, "world_export": 0}, {"date": "2018-05-01", "list": [{"import": 0, "export": 0, "id": "IN"}, {"import": 0, "export": 0, "id": "AE"}, {"import": 0, "export": 0, "id": "GB"}, {"import": 0, "export": 0, "id": "KE"}, {"import": 0, "export": 0, "id": "SD"}], "world_import": 0, "world_export": 0}, {"date": "2018-06-01", "list": [{"import": 0, "export": 0, "id": "IN"}, {"import": 0, "export": 0, "id": "AE"}, {"import": 0, "export": 0, "id": "GB"}, {"import": 0, "export": 488000, "id": "KE"}, {"import": 0, "export": 0, "id": "SD"}], "world_import": 0, "world_export": 488000}, {"date": "2018-07-01", "list": [{"import": 0, "export": 0, "id": "IN"}, {"import": 0, "export": 0, "id": "AE"}, {"import": 0, "export": 0, "id": "GB"}, {"import": 0, "export": 130000, "id": "KE"}, {"import": 0, "export": 0, "id": "SD"}], "world_import": 0, "world_export": 130000}, {"date": "2018-08-01", "list": [{"import": 0, "export": 0, "id": "IN"}, {"import": 0, "export": 0, "id": "AE"}, {"import": 0, "export": 0, "id": "GB"}, {"import": 0, "export": 100000, "id": "KE"}, {"import": 0, "export": 0, "id": "SD"}], "world_import": 0, "world_export": 100000}, {"date": "2018-09-01", "list": [{"import": 0, "export": 0, "id": "IN"}, {"import": 0, "export": 0, "id": "AE"}, {"import": 0, "export": 0, "id": "GB"}, {"import": 0, "export": 0, "id": "KE"}, {"import": 0, "export": 218000, "id": "SD"}], "world_import": 0, "world_export": 218000}, {"date": "2018-10-01", "list": [{"import": 0, "export": 0, "id": "IN"}, {"import": 0, "export": 0, "id": "AE"}, {"import": 0, "export": 0, "id": "GB"}, {"import": 0, "export": 0, "id": "KE"}, {"import": 0, "export": 0, "id": "SD"}], "world_import": 0, "world_export": 0}]