[{"date": "2018-11-01", "list": [{"import": 10944, "export": 0, "id": "US"}, {"import": 0, "export": 0, "id": "IN"}, {"import": 0, "export": 0, "id": "AW"}, {"import": 0, "export": 0, "id": "PE"}], "world_import": 10944, "world_export": 0}, {"date": "2018-12-01", "list": [{"import": 22352762, "export": 0, "id": "US"}, {"import": 0, "export": 0, "id": "IN"}, {"import": 0, "export": 0, "id": "AW"}, {"import": 0, "export": 0, "id": "PE"}], "world_import": 22352762, "world_export": 0}, {"date": "2019-01-01", "list": [{"import": 0, "export": 0, "id": "US"}, {"import": 0, "export": 0, "id": "IN"}, {"import": 0, "export": 0, "id": "AW"}, {"import": 0, "export": 0, "id": "PE"}], "world_import": 0, "world_export": 0}, {"date": "2019-02-01", "list": [{"import": 0, "export": 0, "id": "US"}, {"import": 0, "export": 0, "id": "IN"}, {"import": 0, "export": 0, "id": "AW"}, {"import": 0, "export": 0, "id": "PE"}], "world_import": 0, "world_export": 0}, {"date": "2019-03-01", "list": [{"import": 25199905, "export": 0, "id": "US"}, {"import": 1800, "export": 0, "id": "IN"}, {"import": 0, "export": 0, "id": "AW"}, {"import": 0, "export": 0, "id": "PE"}], "world_import": 25201705, "world_export": 0}, {"date": "2019-04-01", "list": [{"import": 22227171, "export": 0, "id": "US"}, {"import": 0, "export": 0, "id": "IN"}, {"import": 0, "export": 0, "id": "AW"}, {"import": 0, "export": 0, "id": "PE"}], "world_import": 22227171, "world_export": 0}, {"date": "2019-05-01", "list": [{"import": 28199328, "export": 0, "id": "US"}, {"import": 0, "export": 0, "id": "IN"}, {"import": 0, "export": 0, "id": "AW"}, {"import": 0, "export": 0, "id": "PE"}], "world_import": 28199328, "world_export": 0}, {"date": "2019-06-01", "list": [{"import": 11830468, "export": 0, "id": "US"}, {"import": 0, "export": 0, "id": "IN"}, {"import": 0, "export": 0, "id": "AW"}, {"import": 0, "export": 0, "id": "PE"}], "world_import": 11830468, "world_export": 0}, {"date": "2019-07-01", "list": [{"import": 0, "export": 0, "id": "US"}, {"import": 0, "export": 0, "id": "IN"}, {"import": 0, "export": 0, "id": "AW"}, {"import": 0, "export": 666, "id": "PE"}], "world_import": 0, "world_export": 666}, {"date": "2019-08-01", "list": [{"import": 29160, "export": 0, "id": "US"}, {"import": 0, "export": 0, "id": "IN"}, {"import": 0, "export": 0, "id": "AW"}, {"import": 0, "export": 0, "id": "PE"}], "world_import": 29160, "world_export": 0}, {"date": "2019-09-01", "list": [{"import": 13359000, "export": 0, "id": "US"}, {"import": 0, "export": 0, "id": "IN"}, {"import": 0, "export": 0, "id": "AW"}, {"import": 0, "export": 0, "id": "PE"}], "world_import": 13359000, "world_export": 0}, {"date": "2019-10-01", "list": [{"import": 0, "export": 0, "id": "US"}, {"import": 0, "export": 0, "id": "IN"}, {"import": 0, "export": 0, "id": "AW"}, {"import": 0, "export": 0, "id": "PE"}], "world_import": 0, "world_export": 0}, {"date": "2019-11-01", "list": [{"import": 6472479, "export": 0, "id": "US"}, {"import": 0, "export": 0, "id": "IN"}, {"import": 0, "export": 0, "id": "AW"}, {"import": 0, "export": 0, "id": "PE"}], "world_import": 6472479, "world_export": 0}, {"date": "2019-12-01", "list": [{"import": 0, "export": 0, "id": "US"}, {"import": 0, "export": 0, "id": "IN"}, {"import": 0, "export": 0, "id": "AW"}, {"import": 0, "export": 0, "id": "PE"}], "world_import": 0, "world_export": 0}, {"date": "2020-01-01", "list": [{"import": 0, "export": 0, "id": "US"}, {"import": 0, "export": 0, "id": "IN"}, {"import": 0, "export": 0, "id": "AW"}, {"import": 0, "export": 0, "id": "PE"}], "world_import": 0, "world_export": 0}, {"date": "2020-02-01", "list": [{"import": 28055081, "export": 0, "id": "US"}, {"import": 0, "export": 0, "id": "IN"}, {"import": 0, "export": 0, "id": "AW"}, {"import": 0, "export": 0, "id": "PE"}], "world_import": 28055081, "world_export": 0}, {"date": "2020-03-01", "list": [{"import": 26963808, "export": 0, "id": "US"}, {"import": 0, "export": 0, "id": "IN"}, {"import": 0, "export": 0, "id": "AW"}, {"import": 0, "export": 0, "id": "PE"}], "world_import": 26963808, "world_export": 0}, {"date": "2020-04-01", "list": [{"import": 24583271, "export": 0, "id": "US"}, {"import": 0, "export": 0, "id": "IN"}, {"import": 0, "export": 0, "id": "AW"}, {"import": 0, "export": 0, "id": "PE"}], "world_import": 24583271, "world_export": 0}]