[{"date": "2019-01-01", "list": [{"import": 274236, "export": 0, "id": "BG"}, {"import": 0, "export": 0, "id": "DE"}, {"import": 3966670, "export": 0, "id": "GR"}, {"import": 0, "export": 0, "id": "IT"}, {"import": 0, "export": 0, "id": "RO"}, {"import": 0, "export": 0, "id": "RU"}, {"import": 0, "export": 0, "id": "VN"}, {"import": 0, "export": 0, "id": "SE"}, {"import": 0, "export": 1300, "id": "CA"}, {"import": 0, "export": 0, "id": "CG"}, {"import": 0, "export": 0, "id": "EE"}, {"import": 0, "export": 0, "id": "NO"}, {"import": 0, "export": 0, "id": "SN"}, {"import": 0, "export": 0, "id": "ES"}, {"import": 0, "export": 0, "id": "SY"}, {"import": 0, "export": 0, "id": "AE"}], "world_import": 4240906, "world_export": 1300}, {"date": "2019-02-01", "list": [{"import": 461069, "export": 0, "id": "BG"}, {"import": 0, "export": 0, "id": "DE"}, {"import": 2261990, "export": 0, "id": "GR"}, {"import": 0, "export": 0, "id": "IT"}, {"import": 0, "export": 0, "id": "RO"}, {"import": 0, "export": 0, "id": "RU"}, {"import": 0, "export": 0, "id": "VN"}, {"import": 0, "export": 0, "id": "SE"}, {"import": 0, "export": 0, "id": "CA"}, {"import": 0, "export": 0, "id": "CG"}, {"import": 0, "export": 0, "id": "EE"}, {"import": 0, "export": 0, "id": "NO"}, {"import": 0, "export": 0, "id": "SN"}, {"import": 0, "export": 0, "id": "ES"}, {"import": 0, "export": 0, "id": "SY"}, {"import": 0, "export": 0, "id": "AE"}], "world_import": 2723059, "world_export": 0}, {"date": "2019-03-01", "list": [{"import": 230008, "export": 0, "id": "BG"}, {"import": 0, "export": 1080, "id": "DE"}, {"import": 2012780, "export": 0, "id": "GR"}, {"import": 0, "export": 0, "id": "IT"}, {"import": 0, "export": 0, "id": "RO"}, {"import": 0, "export": 0, "id": "RU"}, {"import": 0, "export": 0, "id": "VN"}, {"import": 0, "export": 0, "id": "SE"}, {"import": 0, "export": 0, "id": "CA"}, {"import": 0, "export": 0, "id": "CG"}, {"import": 0, "export": 0, "id": "EE"}, {"import": 0, "export": 0, "id": "NO"}, {"import": 0, "export": 0, "id": "SN"}, {"import": 0, "export": 0, "id": "ES"}, {"import": 0, "export": 0, "id": "SY"}, {"import": 0, "export": 0, "id": "AE"}], "world_import": 2242788, "world_export": 1080}, {"date": "2019-04-01", "list": [{"import": 236449, "export": 0, "id": "BG"}, {"import": 0, "export": 0, "id": "DE"}, {"import": 0, "export": 0, "id": "GR"}, {"import": 0, "export": 0, "id": "IT"}, {"import": 0, "export": 0, "id": "RO"}, {"import": 0, "export": 0, "id": "RU"}, {"import": 0, "export": 0, "id": "VN"}, {"import": 0, "export": 0, "id": "SE"}, {"import": 0, "export": 0, "id": "CA"}, {"import": 0, "export": 0, "id": "CG"}, {"import": 0, "export": 0, "id": "EE"}, {"import": 0, "export": 0, "id": "NO"}, {"import": 0, "export": 0, "id": "SN"}, {"import": 0, "export": 0, "id": "ES"}, {"import": 0, "export": 10000, "id": "SY"}, {"import": 0, "export": 0, "id": "AE"}], "world_import": 236449, "world_export": 10000}, {"date": "2019-05-01", "list": [{"import": 0, "export": 0, "id": "BG"}, {"import": 0, "export": 0, "id": "DE"}, {"import": 240000, "export": 0, "id": "GR"}, {"import": 0, "export": 0, "id": "IT"}, {"import": 0, "export": 0, "id": "RO"}, {"import": 0, "export": 0, "id": "RU"}, {"import": 0, "export": 0, "id": "VN"}, {"import": 0, "export": 0, "id": "SE"}, {"import": 0, "export": 0, "id": "CA"}, {"import": 0, "export": 0, "id": "CG"}, {"import": 0, "export": 0, "id": "EE"}, {"import": 0, "export": 0, "id": "NO"}, {"import": 0, "export": 0, "id": "SN"}, {"import": 0, "export": 0, "id": "ES"}, {"import": 0, "export": 40800, "id": "SY"}, {"import": 0, "export": 0, "id": "AE"}], "world_import": 240000, "world_export": 40800}, {"date": "2019-06-01", "list": [{"import": 0, "export": 0, "id": "BG"}, {"import": 1080, "export": 0, "id": "DE"}, {"import": 0, "export": 0, "id": "GR"}, {"import": 0, "export": 0, "id": "IT"}, {"import": 0, "export": 0, "id": "RO"}, {"import": 0, "export": 0, "id": "RU"}, {"import": 0, "export": 0, "id": "VN"}, {"import": 0, "export": 0, "id": "SE"}, {"import": 0, "export": 0, "id": "CA"}, {"import": 0, "export": 0, "id": "CG"}, {"import": 0, "export": 0, "id": "EE"}, {"import": 0, "export": 0, "id": "NO"}, {"import": 0, "export": 0, "id": "SN"}, {"import": 0, "export": 0, "id": "ES"}, {"import": 0, "export": 0, "id": "SY"}, {"import": 0, "export": 0, "id": "AE"}], "world_import": 1080, "world_export": 0}, {"date": "2019-07-01", "list": [{"import": 0, "export": 0, "id": "BG"}, {"import": 0, "export": 0, "id": "DE"}, {"import": 0, "export": 0, "id": "GR"}, {"import": 0, "export": 0, "id": "IT"}, {"import": 0, "export": 0, "id": "RO"}, {"import": 0, "export": 0, "id": "RU"}, {"import": 0, "export": 0, "id": "VN"}, {"import": 0, "export": 0, "id": "SE"}, {"import": 0, "export": 0, "id": "CA"}, {"import": 0, "export": 0, "id": "CG"}, {"import": 0, "export": 0, "id": "EE"}, {"import": 0, "export": 0, "id": "NO"}, {"import": 0, "export": 0, "id": "SN"}, {"import": 0, "export": 0, "id": "ES"}, {"import": 0, "export": 0, "id": "SY"}, {"import": 0, "export": 0, "id": "AE"}], "world_import": 0, "world_export": 0}, {"date": "2019-08-01", "list": [{"import": 0, "export": 0, "id": "BG"}, {"import": 0, "export": 0, "id": "DE"}, {"import": 0, "export": 0, "id": "GR"}, {"import": 0, "export": 0, "id": "IT"}, {"import": 0, "export": 0, "id": "RO"}, {"import": 0, "export": 0, "id": "RU"}, {"import": 0, "export": 0, "id": "VN"}, {"import": 0, "export": 0, "id": "SE"}, {"import": 0, "export": 0, "id": "CA"}, {"import": 0, "export": 0, "id": "CG"}, {"import": 0, "export": 0, "id": "EE"}, {"import": 0, "export": 0, "id": "NO"}, {"import": 0, "export": 0, "id": "SN"}, {"import": 0, "export": 0, "id": "ES"}, {"import": 0, "export": 0, "id": "SY"}, {"import": 0, "export": 0, "id": "AE"}], "world_import": 0, "world_export": 0}, {"date": "2019-09-01", "list": [{"import": 0, "export": 0, "id": "BG"}, {"import": 0, "export": 0, "id": "DE"}, {"import": 0, "export": 0, "id": "GR"}, {"import": 0, "export": 0, "id": "IT"}, {"import": 0, "export": 0, "id": "RO"}, {"import": 0, "export": 0, "id": "RU"}, {"import": 5000, "export": 0, "id": "VN"}, {"import": 0, "export": 0, "id": "SE"}, {"import": 0, "export": 0, "id": "CA"}, {"import": 0, "export": 0, "id": "CG"}, {"import": 0, "export": 0, "id": "EE"}, {"import": 0, "export": 0, "id": "NO"}, {"import": 0, "export": 0, "id": "SN"}, {"import": 0, "export": 0, "id": "ES"}, {"import": 0, "export": 0, "id": "SY"}, {"import": 0, "export": 0, "id": "AE"}], "world_import": 5000, "world_export": 0}, {"date": "2019-10-01", "list": [{"import": 1059186, "export": 0, "id": "BG"}, {"import": 0, "export": 0, "id": "DE"}, {"import": 240660, "export": 0, "id": "GR"}, {"import": 244600, "export": 0, "id": "IT"}, {"import": 0, "export": 0, "id": "RO"}, {"import": 0, "export": 0, "id": "RU"}, {"import": 0, "export": 0, "id": "VN"}, {"import": 0, "export": 0, "id": "SE"}, {"import": 0, "export": 0, "id": "CA"}, {"import": 0, "export": 0, "id": "CG"}, {"import": 0, "export": 0, "id": "EE"}, {"import": 0, "export": 0, "id": "NO"}, {"import": 0, "export": 0, "id": "SN"}, {"import": 0, "export": 0, "id": "ES"}, {"import": 0, "export": 0, "id": "SY"}, {"import": 0, "export": 600, "id": "AE"}], "world_import": 1544446, "world_export": 600}, {"date": "2019-11-01", "list": [{"import": 652800, "export": 0, "id": "BG"}, {"import": 0, "export": 0, "id": "DE"}, {"import": 0, "export": 0, "id": "GR"}, {"import": 0, "export": 0, "id": "IT"}, {"import": 0, "export": 0, "id": "RO"}, {"import": 0, "export": 0, "id": "RU"}, {"import": 0, "export": 0, "id": "VN"}, {"import": 0, "export": 0, "id": "SE"}, {"import": 0, "export": 0, "id": "CA"}, {"import": 0, "export": 0, "id": "CG"}, {"import": 0, "export": 0, "id": "EE"}, {"import": 0, "export": 0, "id": "NO"}, {"import": 0, "export": 0, "id": "SN"}, {"import": 0, "export": 0, "id": "ES"}, {"import": 0, "export": 0, "id": "SY"}, {"import": 0, "export": 0, "id": "AE"}], "world_import": 652800, "world_export": 0}, {"date": "2019-12-01", "list": [{"import": 827110, "export": 0, "id": "BG"}, {"import": 0, "export": 996, "id": "DE"}, {"import": 0, "export": 0, "id": "GR"}, {"import": 0, "export": 0, "id": "IT"}, {"import": 0, "export": 0, "id": "RO"}, {"import": 0, "export": 0, "id": "RU"}, {"import": 10000, "export": 0, "id": "VN"}, {"import": 0, "export": 0, "id": "SE"}, {"import": 0, "export": 0, "id": "CA"}, {"import": 0, "export": 0, "id": "CG"}, {"import": 0, "export": 0, "id": "EE"}, {"import": 0, "export": 0, "id": "NO"}, {"import": 0, "export": 0, "id": "SN"}, {"import": 0, "export": 0, "id": "ES"}, {"import": 0, "export": 0, "id": "SY"}, {"import": 0, "export": 0, "id": "AE"}], "world_import": 837110, "world_export": 996}, {"date": "2020-01-01", "list": [{"import": 277290, "export": 60, "id": "BG"}, {"import": 0, "export": 650, "id": "DE"}, {"import": 0, "export": 0, "id": "GR"}, {"import": 0, "export": 0, "id": "IT"}, {"import": 0, "export": 0, "id": "RO"}, {"import": 700000, "export": 0, "id": "RU"}, {"import": 0, "export": 0, "id": "VN"}, {"import": 0, "export": 0, "id": "SE"}, {"import": 0, "export": 0, "id": "CA"}, {"import": 0, "export": 0, "id": "CG"}, {"import": 0, "export": 0, "id": "EE"}, {"import": 0, "export": 0, "id": "NO"}, {"import": 0, "export": 0, "id": "SN"}, {"import": 0, "export": 450, "id": "ES"}, {"import": 0, "export": 0, "id": "SY"}, {"import": 0, "export": 0, "id": "AE"}], "world_import": 977290, "world_export": 1160}, {"date": "2020-02-01", "list": [{"import": 371130, "export": 60, "id": "BG"}, {"import": 0, "export": 3040, "id": "DE"}, {"import": 0, "export": 0, "id": "GR"}, {"import": 0, "export": 0, "id": "IT"}, {"import": 0, "export": 0, "id": "RO"}, {"import": 0, "export": 0, "id": "RU"}, {"import": 0, "export": 0, "id": "VN"}, {"import": 0, "export": 0, "id": "SE"}, {"import": 0, "export": 0, "id": "CA"}, {"import": 0, "export": 450, "id": "CG"}, {"import": 0, "export": 0, "id": "EE"}, {"import": 0, "export": 0, "id": "NO"}, {"import": 0, "export": 0, "id": "SN"}, {"import": 0, "export": 0, "id": "ES"}, {"import": 0, "export": 0, "id": "SY"}, {"import": 0, "export": 0, "id": "AE"}], "world_import": 371130, "world_export": 3550}, {"date": "2020-03-01", "list": [{"import": 300912, "export": 0, "id": "BG"}, {"import": 0, "export": 1080, "id": "DE"}, {"import": 0, "export": 0, "id": "GR"}, {"import": 0, "export": 0, "id": "IT"}, {"import": 4045600, "export": 0, "id": "RO"}, {"import": 0, "export": 0, "id": "RU"}, {"import": 0, "export": 0, "id": "VN"}, {"import": 2000, "export": 0, "id": "SE"}, {"import": 0, "export": 0, "id": "CA"}, {"import": 0, "export": 0, "id": "CG"}, {"import": 0, "export": 0, "id": "EE"}, {"import": 0, "export": 0, "id": "NO"}, {"import": 0, "export": 0, "id": "SN"}, {"import": 0, "export": 0, "id": "ES"}, {"import": 0, "export": 0, "id": "SY"}, {"import": 0, "export": 0, "id": "AE"}], "world_import": 4348512, "world_export": 1080}, {"date": "2020-04-01", "list": [{"import": 375620, "export": 0, "id": "BG"}, {"import": 0, "export": 0, "id": "DE"}, {"import": 0, "export": 0, "id": "GR"}, {"import": 0, "export": 0, "id": "IT"}, {"import": 0, "export": 0, "id": "RO"}, {"import": 0, "export": 0, "id": "RU"}, {"import": 0, "export": 0, "id": "VN"}, {"import": 0, "export": 0, "id": "SE"}, {"import": 0, "export": 0, "id": "CA"}, {"import": 0, "export": 0, "id": "CG"}, {"import": 0, "export": 0, "id": "EE"}, {"import": 0, "export": 3024, "id": "NO"}, {"import": 0, "export": 0, "id": "SN"}, {"import": 0, "export": 0, "id": "ES"}, {"import": 0, "export": 0, "id": "SY"}, {"import": 0, "export": 0, "id": "AE"}], "world_import": 375620, "world_export": 3024}, {"date": "2020-05-01", "list": [{"import": 248240, "export": 0, "id": "BG"}, {"import": 0, "export": 0, "id": "DE"}, {"import": 0, "export": 0, "id": "GR"}, {"import": 0, "export": 0, "id": "IT"}, {"import": 0, "export": 0, "id": "RO"}, {"import": 500000, "export": 0, "id": "RU"}, {"import": 0, "export": 0, "id": "VN"}, {"import": 0, "export": 0, "id": "SE"}, {"import": 0, "export": 0, "id": "CA"}, {"import": 0, "export": 0, "id": "CG"}, {"import": 0, "export": 0, "id": "EE"}, {"import": 0, "export": 0, "id": "NO"}, {"import": 0, "export": 763, "id": "SN"}, {"import": 0, "export": 0, "id": "ES"}, {"import": 0, "export": 0, "id": "SY"}, {"import": 0, "export": 0, "id": "AE"}], "world_import": 748240, "world_export": 763}, {"date": "2020-06-01", "list": [{"import": 120040, "export": 0, "id": "BG"}, {"import": 0, "export": 0, "id": "DE"}, {"import": 0, "export": 0, "id": "GR"}, {"import": 0, "export": 0, "id": "IT"}, {"import": 0, "export": 0, "id": "RO"}, {"import": 0, "export": 0, "id": "RU"}, {"import": 0, "export": 0, "id": "VN"}, {"import": 0, "export": 0, "id": "SE"}, {"import": 0, "export": 0, "id": "CA"}, {"import": 0, "export": 0, "id": "CG"}, {"import": 0, "export": 600, "id": "EE"}, {"import": 0, "export": 0, "id": "NO"}, {"import": 0, "export": 0, "id": "SN"}, {"import": 0, "export": 0, "id": "ES"}, {"import": 0, "export": 0, "id": "SY"}, {"import": 0, "export": 0, "id": "AE"}], "world_import": 120040, "world_export": 600}]